yyyy-MM-dd	HH:mm:ss.fff	gyrX	gyrY	gyrZ	accX	accY	accZ	magX	magY	magZ	Marker	Energy	Angle	Classification
2026-02-12	15:44:11.010	-39.515	41.475	54.705	0.918172	-0.147132	0.360388	0.033	0.6225	-0.0105	0	155	163	3
2026-02-12	15:44:11.030	-37.31	43.155	50.12	0.892308	-0.142252	0.365268	0.0375	0.636	-0.009	0	155	163	3
2026-02-12	15:44:11.050	-37.38	41.58	43.855	0.874984	-0.122	0.337208	0.0375	0.6525	-0.012	0	155	163	3
2026-02-12	15:44:11.070	-39.725	37.52	35.385	0.871812	-0.138836	0.328668	0.042	0.657	-0.021	0	155	163	3
2026-02-12	15:44:11.090	-37.275	32.97	25.34	0.864004	-0.169092	0.347456	0.0465	0.6675	-0.0285	0	155	163	3
2026-02-12	15:44:11.110	-27.335	28.805	14.42	0.864248	-0.181292	0.384056	0.0465	0.666	-0.0345	0	155	163	3
2026-02-12	15:44:11.130	-16.135	24.885	3.465	0.850584	-0.170556	0.397964	0.048	0.6675	-0.027	0	155	163	3
2026-02-12	15:44:11.150	-8.47	19.81	-7.63	0.836676	-0.153232	0.389912	0.048	0.669	-0.0285	0	155	163	3
2026-02-12	15:44:11.170	-3.85	14.07	-19.32	0.8235	-0.149328	0.3904	0.0465	0.669	-0.027	0	155	163	3
2026-02-12	15:44:11.190	0.77	8.435	-31.08	0.813008	-0.1525	0.403088	0.045	0.6705	-0.0315	0	155	163	3
2026-02-12	15:44:11.210	6.755	2.275	-44.52	0.787144	-0.139812	0.410652	0.0465	0.666	-0.0375	0	151	202	3
2026-02-12	15:44:11.230	9.38	-3.885	-57.54	0.774944	-0.12932	0.407236	0.051	0.66	-0.039	0	151	202	3
2026-02-12	15:44:11.250	8.96	-8.365	-67.865	0.762012	-0.1342	0.401868	0.0405	0.6435	-0.0405	0	151	202	3
2026-02-12	15:44:11.270	7.98	-12.915	-77.7	0.76616	-0.139324	0.383812	0.039	0.6375	-0.036	0	151	202	3
2026-02-12	15:44:11.290	6.125	-18.34	-86.835	0.778116	-0.157624	0.360388	0.033	0.627	-0.0405	0	151	202	3
2026-02-12	15:44:11.310	5.915	-24.325	-94.675	0.793488	-0.168604	0.332572	0.039	0.612	-0.036	0	151	202	3
2026-02-12	15:44:11.330	7.14	-33.705	-103.81	0.924028	-0.17934	0.338184	0.0375	0.5925	-0.03	0	151	202	3
2026-02-12	15:44:11.350	13.16	-39.375	-115.5	1.030412	-0.247904	0.42212	0.039	0.588	-0.033	0	151	202	3
2026-02-12	15:44:11.370	23.695	-39.935	-120.085	1.047492	-0.285968	0.463844	0.03	0.57	-0.015	0	151	202	3
2026-02-12	15:44:11.390	35.49	-38.675	-120.33	1.04798	-0.273524	0.463356	0.0345	0.558	-0.015	0	151	202	3
2026-02-12	15:44:11.410	41.37	-33.915	-116.515	1.014308	-0.263032	0.442372	0.0345	0.5355	-0.0105	0	149	247	3
2026-02-12	15:44:11.430	39.305	-25.41	-103.74	0.94306	-0.248636	0.376492	0.03	0.525	-0.006	0	149	247	3
2026-02-12	15:44:11.450	30.975	-22.575	-91.805	0.915244	-0.230092	0.337696	0.03	0.525	-0.006	0	149	247	3
2026-02-12	15:44:11.470	23.94	-21.35	-77.91	0.901092	-0.22082	0.320372	0.03	0.48	0.006	0	149	247	3
2026-02-12	15:44:11.490	21.42	-22.155	-64.47	0.921832	-0.21228	0.326228	0.0375	0.4725	0.0015	0	149	247	3
2026-02-12	15:44:11.510	20.3	-23.17	-51.695	0.964776	-0.194468	0.351116	0.036	0.4695	0.0105	0	149	247	3
2026-02-12	15:44:11.530	13.44	-23.345	-39.445	0.994544	-0.182024	0.36966	0.0255	0.45	0.0105	0	149	247	3
2026-02-12	15:44:11.550	-2.835	-23.065	-28.245	0.99308	-0.180804	0.375028	0.0495	0.444	0.0105	0	149	247	3
2026-02-12	15:44:11.570	-24.745	-22.26	-18.305	0.980148	-0.20374	0.36722	0.0405	0.4455	0.027	0	149	247	3
2026-02-12	15:44:11.590	-42.105	-21.84	-9.66	0.960384	-0.217648	0.363316	0.0435	0.441	0.027	0	149	247	3
2026-02-12	15:44:11.610	-55.895	-22.33	-2.765	0.941352	-0.233996	0.356972	0.0435	0.4365	0.0255	0	148	285	3
2026-02-12	15:44:11.630	-64.085	-23.065	3.465	0.93696	-0.264984	0.360876	0.0435	0.435	0.0285	0	148	285	3
2026-02-12	15:44:11.650	-61.425	-23.765	12.285	0.931348	-0.298412	0.360876	0.0465	0.4335	0.0315	0	148	285	3
2026-02-12	15:44:11.670	-54.25	-23.45	18.515	0.904264	-0.317688	0.35258	0.0465	0.4425	0.0255	0	148	285	3
2026-02-12	15:44:11.690	-41.195	-23.065	24.815	0.899628	-0.334036	0.344772	0.0435	0.438	0.0285	0	148	285	3
2026-02-12	15:44:11.710	-22.33	-22.435	30.8	0.914756	-0.334036	0.352824	0.0375	0.4455	0.03	0	148	285	3
2026-02-12	15:44:11.730	-1.54	-21.175	36.12	0.966972	-0.30622	0.39284	0.0375	0.444	0.0435	0	148	285	3
2026-02-12	15:44:11.750	18.9	-17.115	39.13	0.984784	-0.181536	0.49898	0.0345	0.4605	0.036	0	148	285	3
2026-02-12	15:44:11.770	34.23	-21.7	44.345	1.093608	0.254004	0.565836	0.042	0.462	0.0315	0	148	285	3
2026-02-12	15:44:11.790	46.165	-16.45	45.535	1.080676	0.265228	0.55632	0.033	0.462	0.0465	0	148	285	3
2026-02-12	15:44:11.810	44.485	-10.885	34.79	0.990884	0.289628	0.49532	0.0315	0.4665	0.0465	0	146	315	3
2026-02-12	15:44:11.830	28.77	5.705	11.515	0.891576	0.080032	0.417484	0.03	0.477	0.048	0	146	315	3
2026-02-12	15:44:11.850	31.92	24.15	-8.155	0.9394	-0.121268	0.41236	0.0285	0.477	0.051	0	146	315	3
2026-02-12	15:44:11.870	43.715	26.705	-8.715	0.95526	-0.079544	0.37576	0.027	0.4725	0.0525	0	146	315	3
2026-02-12	15:44:11.890	21.735	28.42	-2.17	0.977952	-0.095648	0.353068	0.0285	0.486	0.0435	0	146	315	3
2026-02-12	15:44:11.910	-16.73	30.205	2.485	0.965752	-0.0671	0.323544	0.039	0.48	0.0315	0	146	315	3
2026-02-12	15:44:11.930	-47.18	28.98	6.65	0.97844	-0.128832	0.286212	0.0315	0.48	0.036	0	146	315	3
2026-02-12	15:44:11.950	-57.085	20.37	13.685	0.981124	-0.091988	0.269132	0.03	0.474	0.0285	0	146	315	3
2026-02-12	15:44:11.970	-71.435	16.94	16.1	0.966972	-0.11956	0.249856	0.024	0.48	0.027	0	146	315	3
2026-02-12	15:44:11.990	-91	15.82	18.06	0.957212	-0.200812	0.22692	0.027	0.489	0.033	0	146	315	3
2026-02-12	15:44:10.010	-26.355	7.21	-44.485	0.928908	-0.515328	0.0488	0.0225	0.6	0.0495	0	207	170	3
2026-02-12	15:44:10.030	-20.825	8.155	-45.045	0.908412	-0.467504	0.04636	0.018	0.5985	0.048	0	207	170	3
2026-02-12	15:44:10.050	-22.75	8.435	-45.815	0.917928	-0.462868	0.050752	0.0225	0.588	0.048	0	207	170	3
2026-02-12	15:44:10.070	-23.38	9.555	-47.565	0.928176	-0.480924	0.06466	0.015	0.5925	0.0525	0	207	170	3
2026-02-12	15:44:10.090	-24.85	11.13	-48.93	0.914756	-0.474092	0.064904	0.0255	0.5745	0.051	0	207	170	3
2026-02-12	15:44:10.110	-33.88	12.425	-49.42	0.90646	-0.452864	0.064172	0.0255	0.576	0.048	0	207	170	3
2026-02-12	15:44:10.130	-52.43	14.07	-49.175	0.908656	-0.467748	0.063684	0.0255	0.57	0.048	0	207	170	3
2026-02-12	15:44:10.150	-73.99	16.31	-45.815	0.93574	-0.501908	0.061976	0.0255	0.564	0.051	0	207	170	3
2026-02-12	15:44:10.170	-77.315	18.97	-42.805	0.94672	-0.55632	0.054168	0.0195	0.5505	0.036	0	207	170	3
2026-02-12	15:44:10.190	-66.99	21.42	-38.605	0.939644	-0.565592	0.038796	0.0225	0.537	0.042	0	207	170	3
2026-02-12	15:44:10.210	-54.11	22.435	-34.09	0.931348	-0.547536	0.02196	0.0255	0.5325	0.0255	0	198	142	3
2026-02-12	15:44:10.230	-42.21	21.735	-29.715	0.933056	-0.538996	0.020984	0.0225	0.525	0.0285	0	198	142	3
2026-02-12	15:44:10.250	-30.485	19.88	-25.97	0.954528	-0.530944	0.035136	0.0315	0.5205	0.0225	0	198	142	3
2026-02-12	15:44:10.270	-17.99	17.71	-22.715	0.964532	-0.51972	0.05368	0.021	0.519	0.0165	0	198	142	3
2026-02-12	15:44:10.290	-5.88	15.575	-20.02	0.966484	-0.492148	0.069296	0.021	0.519	0.0165	0	198	142	3
2026-02-12	15:44:10.310	3.36	13.125	-18.795	0.967704	-0.465308	0.068808	0.027	0.5085	0.0165	0	198	142	3
2026-02-12	15:44:10.330	13.09	10.36	-18.935	0.975268	-0.464576	0.07686	0.027	0.51	0.018	0	198	142	3
2026-02-12	15:44:10.350	25.2	8.015	-19.845	0.966484	-0.458476	0.081252	0.027	0.51	0.012	0	198	142	3
2026-02-12	15:44:10.370	46.83	4.76	-21.105	0.919392	-0.454816	0.088328	0.027	0.5085	0.0045	0	198	142	3
2026-02-12	15:44:10.390	65.345	2.45	-22.05	0.904264	-0.466528	0.109312	0.024	0.501	0.009	0	198	142	3
2026-02-12	15:44:10.410	87.71	0.77	-22.505	0.902312	-0.472384	0.12932	0.033	0.4935	0.0135	0	186	120	3
2026-02-12	15:44:10.430	105.49	-1.085	-21.63	0.908656	-0.454816	0.1464	0.0255	0.4935	0.0135	0	186	120	3
2026-02-12	15:44:10.450	119.84	-1.925	-19.775	0.915488	-0.451644	0.1647	0.03	0.495	0.0195	0	186	120	3
2026-02-12	15:44:10.470	134.61	-1.785	-17.36	0.92964	-0.449448	0.180316	0.024	0.486	0.0105	0	186	120	3
2026-02-12	15:44:10.490	146.37	-0.735	-13.79	0.945744	-0.431392	0.19398	0.0285	0.4845	0.027	0	186	120	3
2026-02-12	15:44:10.510	152.6	0.56	-9.52	0.951356	-0.399672	0.198616	0.03	0.4785	0.027	0	186	120	3
2026-02-12	15:44:10.530	148.785	2.03	-4.97	0.968436	-0.363804	0.217404	0.024	0.477	0.027	0	186	120	3
2026-02-12	15:44:10.550	136.325	4.025	-0.28	0.964532	-0.346968	0.226432	0.024	0.483	0.0345	0	186	120	3
2026-02-12	15:44:10.570	115.85	6.3	5.775	0.955748	-0.31476	0.236436	0.027	0.48	0.042	0	186	120	3
2026-02-12	15:44:10.590	93.975	7.875	11.76	0.941352	-0.297192	0.242048	0.0285	0.4725	0.042	0	186	120	3
2026-02-12	15:44:10.610	77.035	8.435	16.59	0.927688	-0.291092	0.240828	0.033	0.4845	0.0435	0	173	116	3
2026-02-12	15:44:10.630	62.44	8.54	21.385	0.931836	-0.296216	0.238876	0.0345	0.486	0.045	0	173	116	3
2026-02-12	15:44:10.650	52.64	8.54	25.935	0.935008	-0.312076	0.240584	0.024	0.4875	0.039	0	173	116	3
2026-02-12	15:44:10.670	50.925	8.68	30.205	0.940864	-0.323056	0.239852	0.03	0.4965	0.042	0	173	116	3
2026-02-12	15:44:10.690	54.355	8.645	33.67	0.946964	-0.321348	0.236924	0.0375	0.5025	0.0405	0	173	116	3
2026-02-12	15:44:10.710	58.415	8.785	36.575	0.959652	-0.310612	0.235948	0.021	0.51	0.0435	0	173	116	3
2026-02-12	15:44:10.730	61.18	8.785	38.85	0.977464	-0.302804	0.228384	0.024	0.522	0.051	0	173	116	3
2026-02-12	15:44:10.750	63.77	9.205	40.565	1.022848	-0.300608	0.2379	0.0285	0.5205	0.0435	0	173	116	3
2026-02-12	15:44:10.770	68.495	10.745	42.105	1.070916	-0.292556	0.242536	0.03	0.5235	0.0375	0	173	116	3
2026-02-12	15:44:10.790	73.08	14.035	44.66	1.036268	-0.256932	0.241804	0.027	0.5265	0.039	0	173	116	3
2026-02-12	15:44:10.810	69.23	16.415	48.86	1.011624	-0.205204	0.284992	0.027	0.5265	0.039	0	163	132	3
2026-02-12	15:44:10.830	67.095	18.83	51.555	0.982344	-0.198372	0.26718	0.027	0.555	0.0315	0	163	132	3
2026-02-12	15:44:10.850	63.42	21.84	54.53	0.993568	-0.19642	0.2745	0.03	0.555	0.0375	0	163	132	3
2026-02-12	15:44:10.870	58.66	26.355	57.19	1.015284	-0.170312	0.281088	0.027	0.5715	0.033	0	163	132	3
2026-02-12	15:44:10.890	47.95	30.17	60.41	0.998936	-0.132004	0.262056	0.0225	0.579	0.0255	0	163	132	3
2026-02-12	15:44:10.910	31.36	32.725	62.615	0.984052	-0.116876	0.261812	0.024	0.5865	0.0225	0	163	132	3
2026-02-12	15:44:10.930	15.54	36.96	63.315	0.99186	-0.121756	0.300364	0.024	0.597	0.0255	0	163	132	3
2026-02-12	15:44:10.950	4.34	41.3	63.385	0.98698	-0.116876	0.316224	0.024	0.6045	0.015	0	163	132	3
2026-02-12	15:44:10.970	-9.415	41.615	63.07	0.964044	-0.088084	0.300364	0.024	0.6075	0.0105	0	163	132	3
2026-02-12	15:44:10.990	-26.775	40.04	60.69	0.938424	-0.097844	0.293776	0.0285	0.6165	-0.0015	0	163	132	3
2026-02-12	15:44:11.010	-39.515	41.475	54.705	0.918172	-0.147132	0.360388	0.033	0.6225	-0.0105	0	155	163	3
2026-02-12	15:44:11.030	-37.31	43.155	50.12	0.892308	-0.142252	0.365268	0.0375	0.636	-0.009	0	155	163	3
2026-02-12	15:44:11.050	-37.38	41.58	43.855	0.874984	-0.122	0.337208	0.0375	0.6525	-0.012	0	155	163	3
2026-02-12	15:44:11.070	-39.725	37.52	35.385	0.871812	-0.138836	0.328668	0.042	0.657	-0.021	0	155	163	3
2026-02-12	15:44:11.090	-37.275	32.97	25.34	0.864004	-0.169092	0.347456	0.0465	0.6675	-0.0285	0	155	163	3
2026-02-12	15:44:11.110	-27.335	28.805	14.42	0.864248	-0.181292	0.384056	0.0465	0.666	-0.0345	0	155	163	3
2026-02-12	15:44:11.130	-16.135	24.885	3.465	0.850584	-0.170556	0.397964	0.048	0.6675	-0.027	0	155	163	3
2026-02-12	15:44:11.150	-8.47	19.81	-7.63	0.836676	-0.153232	0.389912	0.048	0.669	-0.0285	0	155	163	3
2026-02-12	15:44:11.170	-3.85	14.07	-19.32	0.8235	-0.149328	0.3904	0.0465	0.669	-0.027	0	155	163	3
2026-02-12	15:44:11.190	0.77	8.435	-31.08	0.813008	-0.1525	0.403088	0.045	0.6705	-0.0315	0	155	163	3
2026-02-12	15:44:11.210	6.755	2.275	-44.52	0.787144	-0.139812	0.410652	0.0465	0.666	-0.0375	0	151	202	3
2026-02-12	15:44:11.230	9.38	-3.885	-57.54	0.774944	-0.12932	0.407236	0.051	0.66	-0.039	0	151	202	3
2026-02-12	15:44:11.250	8.96	-8.365	-67.865	0.762012	-0.1342	0.401868	0.0405	0.6435	-0.0405	0	151	202	3
2026-02-12	15:44:11.270	7.98	-12.915	-77.7	0.76616	-0.139324	0.383812	0.039	0.6375	-0.036	0	151	202	3
2026-02-12	15:44:11.290	6.125	-18.34	-86.835	0.778116	-0.157624	0.360388	0.033	0.627	-0.0405	0	151	202	3
2026-02-12	15:44:11.310	5.915	-24.325	-94.675	0.793488	-0.168604	0.332572	0.039	0.612	-0.036	0	151	202	3
2026-02-12	15:44:11.330	7.14	-33.705	-103.81	0.924028	-0.17934	0.338184	0.0375	0.5925	-0.03	0	151	202	3
2026-02-12	15:44:11.350	13.16	-39.375	-115.5	1.030412	-0.247904	0.42212	0.039	0.588	-0.033	0	151	202	3
2026-02-12	15:44:11.370	23.695	-39.935	-120.085	1.047492	-0.285968	0.463844	0.03	0.57	-0.015	0	151	202	3
2026-02-12	15:44:11.390	35.49	-38.675	-120.33	1.04798	-0.273524	0.463356	0.0345	0.558	-0.015	0	151	202	3
2026-02-12	15:44:11.410	41.37	-33.915	-116.515	1.014308	-0.263032	0.442372	0.0345	0.5355	-0.0105	0	149	247	3
2026-02-12	15:44:11.430	39.305	-25.41	-103.74	0.94306	-0.248636	0.376492	0.03	0.525	-0.006	0	149	247	3
2026-02-12	15:44:11.450	30.975	-22.575	-91.805	0.915244	-0.230092	0.337696	0.03	0.525	-0.006	0	149	247	3
2026-02-12	15:44:11.470	23.94	-21.35	-77.91	0.901092	-0.22082	0.320372	0.03	0.48	0.006	0	149	247	3
2026-02-12	15:44:11.490	21.42	-22.155	-64.47	0.921832	-0.21228	0.326228	0.0375	0.4725	0.0015	0	149	247	3
2026-02-12	15:44:11.510	20.3	-23.17	-51.695	0.964776	-0.194468	0.351116	0.036	0.4695	0.0105	0	149	247	3
2026-02-12	15:44:11.530	13.44	-23.345	-39.445	0.994544	-0.182024	0.36966	0.0255	0.45	0.0105	0	149	247	3
2026-02-12	15:44:11.550	-2.835	-23.065	-28.245	0.99308	-0.180804	0.375028	0.0495	0.444	0.0105	0	149	247	3
2026-02-12	15:44:11.570	-24.745	-22.26	-18.305	0.980148	-0.20374	0.36722	0.0405	0.4455	0.027	0	149	247	3
2026-02-12	15:44:11.590	-42.105	-21.84	-9.66	0.960384	-0.217648	0.363316	0.0435	0.441	0.027	0	149	247	3
2026-02-12	15:44:11.610	-55.895	-22.33	-2.765	0.941352	-0.233996	0.356972	0.0435	0.4365	0.0255	0	148	285	3
2026-02-12	15:44:11.630	-64.085	-23.065	3.465	0.93696	-0.264984	0.360876	0.0435	0.435	0.0285	0	148	285	3
2026-02-12	15:44:11.650	-61.425	-23.765	12.285	0.931348	-0.298412	0.360876	0.0465	0.4335	0.0315	0	148	285	3
2026-02-12	15:44:11.670	-54.25	-23.45	18.515	0.904264	-0.317688	0.35258	0.0465	0.4425	0.0255	0	148	285	3
2026-02-12	15:44:11.690	-41.195	-23.065	24.815	0.899628	-0.334036	0.344772	0.0435	0.438	0.0285	0	148	285	3
2026-02-12	15:44:11.710	-22.33	-22.435	30.8	0.914756	-0.334036	0.352824	0.0375	0.4455	0.03	0	148	285	3
2026-02-12	15:44:11.730	-1.54	-21.175	36.12	0.966972	-0.30622	0.39284	0.0375	0.444	0.0435	0	148	285	3
2026-02-12	15:44:11.750	18.9	-17.115	39.13	0.984784	-0.181536	0.49898	0.0345	0.4605	0.036	0	148	285	3
2026-02-12	15:44:11.770	34.23	-21.7	44.345	1.093608	0.254004	0.565836	0.042	0.462	0.0315	0	148	285	3
2026-02-12	15:44:11.790	46.165	-16.45	45.535	1.080676	0.265228	0.55632	0.033	0.462	0.0465	0	148	285	3
2026-02-12	15:44:11.810	44.485	-10.885	34.79	0.990884	0.289628	0.49532	0.0315	0.4665	0.0465	0	146	315	3
2026-02-12	15:44:11.830	28.77	5.705	11.515	0.891576	0.080032	0.417484	0.03	0.477	0.048	0	146	315	3
2026-02-12	15:44:11.850	31.92	24.15	-8.155	0.9394	-0.121268	0.41236	0.0285	0.477	0.051	0	146	315	3
2026-02-12	15:44:11.870	43.715	26.705	-8.715	0.95526	-0.079544	0.37576	0.027	0.4725	0.0525	0	146	315	3
2026-02-12	15:44:11.890	21.735	28.42	-2.17	0.977952	-0.095648	0.353068	0.0285	0.486	0.0435	0	146	315	3
2026-02-12	15:44:11.910	-16.73	30.205	2.485	0.965752	-0.0671	0.323544	0.039	0.48	0.0315	0	146	315	3
2026-02-12	15:44:11.930	-47.18	28.98	6.65	0.97844	-0.128832	0.286212	0.0315	0.48	0.036	0	146	315	3
2026-02-12	15:44:11.950	-57.085	20.37	13.685	0.981124	-0.091988	0.269132	0.03	0.474	0.0285	0	146	315	3
2026-02-12	15:44:11.970	-71.435	16.94	16.1	0.966972	-0.11956	0.249856	0.024	0.48	0.027	0	146	315	3
2026-02-12	15:44:11.990	-91	15.82	18.06	0.957212	-0.200812	0.22692	0.027	0.489	0.033	0	146	315	3
2026-02-12	15:44:10.010	-26.355	7.21	-44.485	0.928908	-0.515328	0.0488	0.0225	0.6	0.0495	0	207	170	3
2026-02-12	15:44:10.030	-20.825	8.155	-45.045	0.908412	-0.467504	0.04636	0.018	0.5985	0.048	0	207	170	3
2026-02-12	15:44:10.050	-22.75	8.435	-45.815	0.917928	-0.462868	0.050752	0.0225	0.588	0.048	0	207	170	3
2026-02-12	15:44:10.070	-23.38	9.555	-47.565	0.928176	-0.480924	0.06466	0.015	0.5925	0.0525	0	207	170	3
2026-02-12	15:44:10.090	-24.85	11.13	-48.93	0.914756	-0.474092	0.064904	0.0255	0.5745	0.051	0	207	170	3
2026-02-12	15:44:10.110	-33.88	12.425	-49.42	0.90646	-0.452864	0.064172	0.0255	0.576	0.048	0	207	170	3
2026-02-12	15:44:10.130	-52.43	14.07	-49.175	0.908656	-0.467748	0.063684	0.0255	0.57	0.048	0	207	170	3
2026-02-12	15:44:10.150	-73.99	16.31	-45.815	0.93574	-0.501908	0.061976	0.0255	0.564	0.051	0	207	170	3
2026-02-12	15:44:10.170	-77.315	18.97	-42.805	0.94672	-0.55632	0.054168	0.0195	0.5505	0.036	0	207	170	3
2026-02-12	15:44:10.190	-66.99	21.42	-38.605	0.939644	-0.565592	0.038796	0.0225	0.537	0.042	0	207	170	3
2026-02-12	15:44:10.210	-54.11	22.435	-34.09	0.931348	-0.547536	0.02196	0.0255	0.5325	0.0255	0	198	142	3
2026-02-12	15:44:10.230	-42.21	21.735	-29.715	0.933056	-0.538996	0.020984	0.0225	0.525	0.0285	0	198	142	3
2026-02-12	15:44:10.250	-30.485	19.88	-25.97	0.954528	-0.530944	0.035136	0.0315	0.5205	0.0225	0	198	142	3
2026-02-12	15:44:10.270	-17.99	17.71	-22.715	0.964532	-0.51972	0.05368	0.021	0.519	0.0165	0	198	142	3
2026-02-12	15:44:10.290	-5.88	15.575	-20.02	0.966484	-0.492148	0.069296	0.021	0.519	0.0165	0	198	142	3
2026-02-12	15:44:10.310	3.36	13.125	-18.795	0.967704	-0.465308	0.068808	0.027	0.5085	0.0165	0	198	142	3
2026-02-12	15:44:10.330	13.09	10.36	-18.935	0.975268	-0.464576	0.07686	0.027	0.51	0.018	0	198	142	3
2026-02-12	15:44:10.350	25.2	8.015	-19.845	0.966484	-0.458476	0.081252	0.027	0.51	0.012	0	198	142	3
2026-02-12	15:44:10.370	46.83	4.76	-21.105	0.919392	-0.454816	0.088328	0.027	0.5085	0.0045	0	198	142	3
2026-02-12	15:44:10.390	65.345	2.45	-22.05	0.904264	-0.466528	0.109312	0.024	0.501	0.009	0	198	142	3
2026-02-12	15:44:10.410	87.71	0.77	-22.505	0.902312	-0.472384	0.12932	0.033	0.4935	0.0135	0	186	120	3
2026-02-12	15:44:10.430	105.49	-1.085	-21.63	0.908656	-0.454816	0.1464	0.0255	0.4935	0.0135	0	186	120	3
2026-02-12	15:44:10.450	119.84	-1.925	-19.775	0.915488	-0.451644	0.1647	0.03	0.495	0.0195	0	186	120	3
2026-02-12	15:44:10.470	134.61	-1.785	-17.36	0.92964	-0.449448	0.180316	0.024	0.486	0.0105	0	186	120	3
2026-02-12	15:44:10.490	146.37	-0.735	-13.79	0.945744	-0.431392	0.19398	0.0285	0.4845	0.027	0	186	120	3
2026-02-12	15:44:10.510	152.6	0.56	-9.52	0.951356	-0.399672	0.198616	0.03	0.4785	0.027	0	186	120	3
2026-02-12	15:44:10.530	148.785	2.03	-4.97	0.968436	-0.363804	0.217404	0.024	0.477	0.027	0	186	120	3
2026-02-12	15:44:10.550	136.325	4.025	-0.28	0.964532	-0.346968	0.226432	0.024	0.483	0.0345	0	186	120	3
2026-02-12	15:44:10.570	115.85	6.3	5.775	0.955748	-0.31476	0.236436	0.027	0.48	0.042	0	186	120	3
2026-02-12	15:44:10.590	93.975	7.875	11.76	0.941352	-0.297192	0.242048	0.0285	0.4725	0.042	0	186	120	3
2026-02-12	15:44:10.610	77.035	8.435	16.59	0.927688	-0.291092	0.240828	0.033	0.4845	0.0435	0	173	116	3
2026-02-12	15:44:10.630	62.44	8.54	21.385	0.931836	-0.296216	0.238876	0.0345	0.486	0.045	0	173	116	3
2026-02-12	15:44:10.650	52.64	8.54	25.935	0.935008	-0.312076	0.240584	0.024	0.4875	0.039	0	173	116	3
2026-02-12	15:44:10.670	50.925	8.68	30.205	0.940864	-0.323056	0.239852	0.03	0.4965	0.042	0	173	116	3
2026-02-12	15:44:10.690	54.355	8.645	33.67	0.946964	-0.321348	0.236924	0.0375	0.5025	0.0405	0	173	116	3
2026-02-12	15:44:10.710	58.415	8.785	36.575	0.959652	-0.310612	0.235948	0.021	0.51	0.0435	0	173	116	3
2026-02-12	15:44:10.730	61.18	8.785	38.85	0.977464	-0.302804	0.228384	0.024	0.522	0.051	0	173	116	3
2026-02-12	15:44:10.750	63.77	9.205	40.565	1.022848	-0.300608	0.2379	0.0285	0.5205	0.0435	0	173	116	3
2026-02-12	15:44:10.770	68.495	10.745	42.105	1.070916	-0.292556	0.242536	0.03	0.5235	0.0375	0	173	116	3
2026-02-12	15:44:10.790	73.08	14.035	44.66	1.036268	-0.256932	0.241804	0.027	0.5265	0.039	0	173	116	3
2026-02-12	15:44:10.810	69.23	16.415	48.86	1.011624	-0.205204	0.284992	0.027	0.5265	0.039	0	163	132	3
2026-02-12	15:44:10.830	67.095	18.83	51.555	0.982344	-0.198372	0.26718	0.027	0.555	0.0315	0	163	132	3
2026-02-12	15:44:10.850	63.42	21.84	54.53	0.993568	-0.19642	0.2745	0.03	0.555	0.0375	0	163	132	3
2026-02-12	15:44:10.870	58.66	26.355	57.19	1.015284	-0.170312	0.281088	0.027	0.5715	0.033	0	163	132	3
2026-02-12	15:44:10.890	47.95	30.17	60.41	0.998936	-0.132004	0.262056	0.0225	0.579	0.0255	0	163	132	3
2026-02-12	15:44:10.910	31.36	32.725	62.615	0.984052	-0.116876	0.261812	0.024	0.5865	0.0225	0	163	132	3
2026-02-12	15:44:10.930	15.54	36.96	63.315	0.99186	-0.121756	0.300364	0.024	0.597	0.0255	0	163	132	3
2026-02-12	15:44:10.950	4.34	41.3	63.385	0.98698	-0.116876	0.316224	0.024	0.6045	0.015	0	163	132	3
2026-02-12	15:44:10.970	-9.415	41.615	63.07	0.964044	-0.088084	0.300364	0.024	0.6075	0.0105	0	163	132	3
2026-02-12	15:44:10.990	-26.775	40.04	60.69	0.938424	-0.097844	0.293776	0.0285	0.6165	-0.0015	0	163	132	3
2026-02-12	15:44:11.010	-39.515	41.475	54.705	0.918172	-0.147132	0.360388	0.033	0.6225	-0.0105	0	155	163	3
2026-02-12	15:44:11.030	-37.31	43.155	50.12	0.892308	-0.142252	0.365268	0.0375	0.636	-0.009	0	155	163	3
2026-02-12	15:44:11.050	-37.38	41.58	43.855	0.874984	-0.122	0.337208	0.0375	0.6525	-0.012	0	155	163	3
2026-02-12	15:44:11.070	-39.725	37.52	35.385	0.871812	-0.138836	0.328668	0.042	0.657	-0.021	0	155	163	3
2026-02-12	15:44:11.090	-37.275	32.97	25.34	0.864004	-0.169092	0.347456	0.0465	0.6675	-0.0285	0	155	163	3
2026-02-12	15:44:11.110	-27.335	28.805	14.42	0.864248	-0.181292	0.384056	0.0465	0.666	-0.0345	0	155	163	3
2026-02-12	15:44:11.130	-16.135	24.885	3.465	0.850584	-0.170556	0.397964	0.048	0.6675	-0.027	0	155	163	3
2026-02-12	15:44:11.150	-8.47	19.81	-7.63	0.836676	-0.153232	0.389912	0.048	0.669	-0.0285	0	155	163	3
2026-02-12	15:44:11.170	-3.85	14.07	-19.32	0.8235	-0.149328	0.3904	0.0465	0.669	-0.027	0	155	163	3
2026-02-12	15:44:11.190	0.77	8.435	-31.08	0.813008	-0.1525	0.403088	0.045	0.6705	-0.0315	0	155	163	3
2026-02-12	15:44:11.210	6.755	2.275	-44.52	0.787144	-0.139812	0.410652	0.0465	0.666	-0.0375	0	151	202	3
2026-02-12	15:44:11.230	9.38	-3.885	-57.54	0.774944	-0.12932	0.407236	0.051	0.66	-0.039	0	151	202	3
2026-02-12	15:44:11.250	8.96	-8.365	-67.865	0.762012	-0.1342	0.401868	0.0405	0.6435	-0.0405	0	151	202	3
2026-02-12	15:44:11.270	7.98	-12.915	-77.7	0.76616	-0.139324	0.383812	0.039	0.6375	-0.036	0	151	202	3
2026-02-12	15:44:11.290	6.125	-18.34	-86.835	0.778116	-0.157624	0.360388	0.033	0.627	-0.0405	0	151	202	3
2026-02-12	15:44:11.310	5.915	-24.325	-94.675	0.793488	-0.168604	0.332572	0.039	0.612	-0.036	0	151	202	3
2026-02-12	15:44:11.330	7.14	-33.705	-103.81	0.924028	-0.17934	0.338184	0.0375	0.5925	-0.03	0	151	202	3
2026-02-12	15:44:11.350	13.16	-39.375	-115.5	1.030412	-0.247904	0.42212	0.039	0.588	-0.033	0	151	202	3
2026-02-12	15:44:11.370	23.695	-39.935	-120.085	1.047492	-0.285968	0.463844	0.03	0.57	-0.015	0	151	202	3
2026-02-12	15:44:11.390	35.49	-38.675	-120.33	1.04798	-0.273524	0.463356	0.0345	0.558	-0.015	0	151	202	3
2026-02-12	15:44:11.410	41.37	-33.915	-116.515	1.014308	-0.263032	0.442372	0.0345	0.5355	-0.0105	0	149	247	3
2026-02-12	15:44:11.430	39.305	-25.41	-103.74	0.94306	-0.248636	0.376492	0.03	0.525	-0.006	0	149	247	3
2026-02-12	15:44:11.450	30.975	-22.575	-91.805	0.915244	-0.230092	0.337696	0.03	0.525	-0.006	0	149	247	3
2026-02-12	15:44:11.470	23.94	-21.35	-77.91	0.901092	-0.22082	0.320372	0.03	0.48	0.006	0	149	247	3
2026-02-12	15:44:11.490	21.42	-22.155	-64.47	0.921832	-0.21228	0.326228	0.0375	0.4725	0.0015	0	149	247	3
2026-02-12	15:44:11.510	20.3	-23.17	-51.695	0.964776	-0.194468	0.351116	0.036	0.4695	0.0105	0	149	247	3
2026-02-12	15:44:11.530	13.44	-23.345	-39.445	0.994544	-0.182024	0.36966	0.0255	0.45	0.0105	0	149	247	3
2026-02-12	15:44:11.550	-2.835	-23.065	-28.245	0.99308	-0.180804	0.375028	0.0495	0.444	0.0105	0	149	247	3
2026-02-12	15:44:11.570	-24.745	-22.26	-18.305	0.980148	-0.20374	0.36722	0.0405	0.4455	0.027	0	149	247	3
2026-02-12	15:44:11.590	-42.105	-21.84	-9.66	0.960384	-0.217648	0.363316	0.0435	0.441	0.027	0	149	247	3
2026-02-12	15:44:11.610	-55.895	-22.33	-2.765	0.941352	-0.233996	0.356972	0.0435	0.4365	0.0255	0	148	285	3
2026-02-12	15:44:11.630	-64.085	-23.065	3.465	0.93696	-0.264984	0.360876	0.0435	0.435	0.0285	0	148	285	3
2026-02-12	15:44:11.650	-61.425	-23.765	12.285	0.931348	-0.298412	0.360876	0.0465	0.4335	0.0315	0	148	285	3
2026-02-12	15:44:11.670	-54.25	-23.45	18.515	0.904264	-0.317688	0.35258	0.0465	0.4425	0.0255	0	148	285	3
2026-02-12	15:44:11.690	-41.195	-23.065	24.815	0.899628	-0.334036	0.344772	0.0435	0.438	0.0285	0	148	285	3
2026-02-12	15:44:11.710	-22.33	-22.435	30.8	0.914756	-0.334036	0.352824	0.0375	0.4455	0.03	0	148	285	3
2026-02-12	15:44:11.730	-1.54	-21.175	36.12	0.966972	-0.30622	0.39284	0.0375	0.444	0.0435	0	148	285	3
2026-02-12	15:44:11.750	18.9	-17.115	39.13	0.984784	-0.181536	0.49898	0.0345	0.4605	0.036	0	148	285	3
2026-02-12	15:44:11.770	34.23	-21.7	44.345	1.093608	0.254004	0.565836	0.042	0.462	0.0315	0	148	285	3
2026-02-12	15:44:11.790	46.165	-16.45	45.535	1.080676	0.265228	0.55632	0.033	0.462	0.0465	0	148	285	3
2026-02-12	15:44:11.810	44.485	-10.885	34.79	0.990884	0.289628	0.49532	0.0315	0.4665	0.0465	0	146	315	3
2026-02-12	15:44:11.830	28.77	5.705	11.515	0.891576	0.080032	0.417484	0.03	0.477	0.048	0	146	315	3
2026-02-12	15:44:11.850	31.92	24.15	-8.155	0.9394	-0.121268	0.41236	0.0285	0.477	0.051	0	146	315	3
2026-02-12	15:44:11.870	43.715	26.705	-8.715	0.95526	-0.079544	0.37576	0.027	0.4725	0.0525	0	146	315	3
2026-02-12	15:44:11.890	21.735	28.42	-2.17	0.977952	-0.095648	0.353068	0.0285	0.486	0.0435	0	146	315	3
2026-02-12	15:44:11.910	-16.73	30.205	2.485	0.965752	-0.0671	0.323544	0.039	0.48	0.0315	0	146	315	3
2026-02-12	15:44:11.930	-47.18	28.98	6.65	0.97844	-0.128832	0.286212	0.0315	0.48	0.036	0	146	315	3
2026-02-12	15:44:11.950	-57.085	20.37	13.685	0.981124	-0.091988	0.269132	0.03	0.474	0.0285	0	146	315	3
2026-02-12	15:44:11.970	-71.435	16.94	16.1	0.966972	-0.11956	0.249856	0.024	0.48	0.027	0	146	315	3
2026-02-12	15:44:11.990	-91	15.82	18.06	0.957212	-0.200812	0.22692	0.027	0.489	0.033	0	146	315	3
2026-02-12	15:44:10.010	-26.355	7.21	-44.485	0.928908	-0.515328	0.0488	0.0225	0.6	0.0495	0	207	170	3
2026-02-12	15:44:10.030	-20.825	8.155	-45.045	0.908412	-0.467504	0.04636	0.018	0.5985	0.048	0	207	170	3
2026-02-12	15:44:10.050	-22.75	8.435	-45.815	0.917928	-0.462868	0.050752	0.0225	0.588	0.048	0	207	170	3
2026-02-12	15:44:10.070	-23.38	9.555	-47.565	0.928176	-0.480924	0.06466	0.015	0.5925	0.0525	0	207	170	3
2026-02-12	15:44:10.090	-24.85	11.13	-48.93	0.914756	-0.474092	0.064904	0.0255	0.5745	0.051	0	207	170	3
2026-02-12	15:44:10.110	-33.88	12.425	-49.42	0.90646	-0.452864	0.064172	0.0255	0.576	0.048	0	207	170	3
2026-02-12	15:44:10.130	-52.43	14.07	-49.175	0.908656	-0.467748	0.063684	0.0255	0.57	0.048	0	207	170	3
2026-02-12	15:44:10.150	-73.99	16.31	-45.815	0.93574	-0.501908	0.061976	0.0255	0.564	0.051	0	207	170	3
2026-02-12	15:44:10.170	-77.315	18.97	-42.805	0.94672	-0.55632	0.054168	0.0195	0.5505	0.036	0	207	170	3
2026-02-12	15:44:10.190	-66.99	21.42	-38.605	0.939644	-0.565592	0.038796	0.0225	0.537	0.042	0	207	170	3
2026-02-12	15:44:10.210	-54.11	22.435	-34.09	0.931348	-0.547536	0.02196	0.0255	0.5325	0.0255	0	198	142	3
2026-02-12	15:44:10.230	-42.21	21.735	-29.715	0.933056	-0.538996	0.020984	0.0225	0.525	0.0285	0	198	142	3
2026-02-12	15:44:10.250	-30.485	19.88	-25.97	0.954528	-0.530944	0.035136	0.0315	0.5205	0.0225	0	198	142	3
2026-02-12	15:44:10.270	-17.99	17.71	-22.715	0.964532	-0.51972	0.05368	0.021	0.519	0.0165	0	198	142	3
2026-02-12	15:44:10.290	-5.88	15.575	-20.02	0.966484	-0.492148	0.069296	0.021	0.519	0.0165	0	198	142	3
2026-02-12	15:44:10.310	3.36	13.125	-18.795	0.967704	-0.465308	0.068808	0.027	0.5085	0.0165	0	198	142	3
2026-02-12	15:44:10.330	13.09	10.36	-18.935	0.975268	-0.464576	0.07686	0.027	0.51	0.018	0	198	142	3
2026-02-12	15:44:10.350	25.2	8.015	-19.845	0.966484	-0.458476	0.081252	0.027	0.51	0.012	0	198	142	3
2026-02-12	15:44:10.370	46.83	4.76	-21.105	0.919392	-0.454816	0.088328	0.027	0.5085	0.0045	0	198	142	3
2026-02-12	15:44:10.390	65.345	2.45	-22.05	0.904264	-0.466528	0.109312	0.024	0.501	0.009	0	198	142	3
2026-02-12	15:44:10.410	87.71	0.77	-22.505	0.902312	-0.472384	0.12932	0.033	0.4935	0.0135	0	186	120	3
2026-02-12	15:44:10.430	105.49	-1.085	-21.63	0.908656	-0.454816	0.1464	0.0255	0.4935	0.0135	0	186	120	3
2026-02-12	15:44:10.450	119.84	-1.925	-19.775	0.915488	-0.451644	0.1647	0.03	0.495	0.0195	0	186	120	3
2026-02-12	15:44:10.470	134.61	-1.785	-17.36	0.92964	-0.449448	0.180316	0.024	0.486	0.0105	0	186	120	3
2026-02-12	15:44:10.490	146.37	-0.735	-13.79	0.945744	-0.431392	0.19398	0.0285	0.4845	0.027	0	186	120	3
2026-02-12	15:44:10.510	152.6	0.56	-9.52	0.951356	-0.399672	0.198616	0.03	0.4785	0.027	0	186	120	3
2026-02-12	15:44:10.530	148.785	2.03	-4.97	0.968436	-0.363804	0.217404	0.024	0.477	0.027	0	186	120	3
2026-02-12	15:44:10.550	136.325	4.025	-0.28	0.964532	-0.346968	0.226432	0.024	0.483	0.0345	0	186	120	3
2026-02-12	15:44:10.570	115.85	6.3	5.775	0.955748	-0.31476	0.236436	0.027	0.48	0.042	0	186	120	3
2026-02-12	15:44:10.590	93.975	7.875	11.76	0.941352	-0.297192	0.242048	0.0285	0.4725	0.042	0	186	120	3
2026-02-12	15:44:10.610	77.035	8.435	16.59	0.927688	-0.291092	0.240828	0.033	0.4845	0.0435	0	173	116	3
2026-02-12	15:44:10.630	62.44	8.54	21.385	0.931836	-0.296216	0.238876	0.0345	0.486	0.045	0	173	116	3
2026-02-12	15:44:10.650	52.64	8.54	25.935	0.935008	-0.312076	0.240584	0.024	0.4875	0.039	0	173	116	3
2026-02-12	15:44:10.670	50.925	8.68	30.205	0.940864	-0.323056	0.239852	0.03	0.4965	0.042	0	173	116	3
2026-02-12	15:44:10.690	54.355	8.645	33.67	0.946964	-0.321348	0.236924	0.0375	0.5025	0.0405	0	173	116	3
2026-02-12	15:44:10.710	58.415	8.785	36.575	0.959652	-0.310612	0.235948	0.021	0.51	0.0435	0	173	116	3
2026-02-12	15:44:10.730	61.18	8.785	38.85	0.977464	-0.302804	0.228384	0.024	0.522	0.051	0	173	116	3
2026-02-12	15:44:10.750	63.77	9.205	40.565	1.022848	-0.300608	0.2379	0.0285	0.5205	0.0435	0	173	116	3
2026-02-12	15:44:10.770	68.495	10.745	42.105	1.070916	-0.292556	0.242536	0.03	0.5235	0.0375	0	173	116	3
2026-02-12	15:44:10.790	73.08	14.035	44.66	1.036268	-0.256932	0.241804	0.027	0.5265	0.039	0	173	116	3
2026-02-12	15:44:22.810	-15.4	-58.275	-62.195	0.947696	-0.01586	0.283528	0.033	0.552	0.075	0	225	277	3
2026-02-12	15:44:22.830	-43.365	-61.95	-56.105	0.894992	0.0671	0.281576	0.033	0.552	0.075	0	225	277	3
2026-02-12	15:44:22.850	-68.6	-64.155	-53.865	0.893284	0.017324	0.294264	0.0345	0.5385	0.0855	0	225	277	3
2026-02-12	15:44:22.870	-83.475	-63.245	-51.73	0.903288	-0.064416	0.311588	0.039	0.522	0.1035	0	225	277	3
2026-02-12	15:44:22.890	-87.675	-59.465	-49.35	0.923052	-0.158356	0.31964	0.042	0.516	0.1095	0	225	277	3
2026-02-12	15:44:22.910	-81.655	-55.65	-46.935	0.929884	-0.234972	0.326472	0.042	0.5085	0.117	0	225	277	3
2026-02-12	15:44:22.930	-63.665	-52.325	-44.03	0.907924	-0.286212	0.344284	0.045	0.495	0.126	0	225	277	3
2026-02-12	15:44:22.950	-32.865	-50.925	-40.705	0.865468	-0.306952	0.365268	0.048	0.4845	0.129	0	225	277	3
2026-02-12	15:44:22.970	3.85	-50.33	-36.26	0.854976	-0.291092	0.412848	0.051	0.474	0.135	0	225	277	3
2026-02-12	15:44:22.990	39.9	-46.69	-29.12	0.833748	-0.275476	0.454816	0.054	0.465	0.147	0	225	277	3
2026-02-12	15:44:23.010	68.53	-42.525	-19.705	0.800564	-0.203496	0.468236	0.0555	0.4665	0.1515	0	220	295	3
2026-02-12	15:44:23.030	80.99	-37.59	-7.455	0.764208	-0.116876	0.465796	0.0555	0.4695	0.153	0	220	295	3
2026-02-12	15:44:23.050	76.545	-32.76	2.765	0.76616	-0.077104	0.472628	0.0585	0.468	0.162	0	220	295	3
2026-02-12	15:44:23.070	64.54	-28.455	8.995	0.793488	-0.035868	0.466284	0.063	0.477	0.1725	0	220	295	3
2026-02-12	15:44:23.090	43.4	-23.31	14.7	0.790316	-0.01098	0.457012	0.066	0.489	0.177	0	220	295	3
2026-02-12	15:44:23.110	18.9	-17.185	20.895	0.790804	-0.021472	0.429928	0.066	0.4905	0.18	0	220	295	3
2026-02-12	15:44:23.130	0.98	-11.2	25.795	0.858636	-0.061976	0.40138	0.069	0.4935	0.183	0	220	295	3
2026-02-12	15:44:23.150	-5.145	-6.055	25.9	1.010404	-0.092232	0.379664	0.0675	0.4965	0.183	0	220	295	3
2026-02-12	15:44:23.170	-4.865	0.56	20.825	1.169492	-0.157136	0.438712	0.066	0.501	0.1845	0	220	295	3
2026-02-12	15:44:23.190	-3.045	15.75	21.385	1.234152	-0.220088	0.48922	0.0645	0.504	0.1875	0	220	295	3
2026-02-12	15:44:23.210	-4.62	33.845	29.19	1.30418	-0.207156	0.416996	0.06	0.507	0.1875	0	216	321	2
2026-02-12	15:44:23.230	-17.395	51.45	37.59	1.33468	-0.141276	0.272548	0.0615	0.5115	0.189	0	216	321	2
2026-02-12	15:44:23.250	-64.505	67.795	50.26	1.335656	-0.110288	0.118584	0.0555	0.51	0.174	0	216	321	2
2026-02-12	15:44:23.270	-91.455	70.735	61.11	1.325408	-0.143228	0.118096	0.054	0.5115	0.165	0	216	321	2
2026-02-12	15:44:23.290	-103.81	72.31	74.025	1.34444	-0.210816	0.232532	0.0555	0.519	0.15	0	216	321	2
2026-02-12	15:44:23.310	-114.975	78.19	89.775	1.297592	-0.190808	0.325008	0.048	0.528	0.1365	0	216	321	2
2026-02-12	15:44:23.330	-140.14	76.265	103.6	1.230736	-0.095648	0.29158	0.0405	0.5355	0.1245	0	216	321	2
2026-02-12	15:44:23.350	-169.19	72.415	112.28	1.157048	-0.080764	0.179584	0.042	0.549	0.108	0	216	321	2
2026-02-12	15:44:23.370	-187.25	64.75	117.355	1.095072	-0.09076799	0.055388	0.0345	0.561	0.096	0	216	321	2
2026-02-12	15:44:23.390	-191.975	50.75	121.905	1.021628	-0.147132	-0.011468	0.033	0.5715	0.0945	0	216	321	2
2026-02-12	15:44:23.410	-178.36	33.67	126.21	0.956968	-0.23302	-0.022692	0.036	0.588	0.093	0	214	329	3
2026-02-12	15:44:23.430	-148.96	16.03	128.66	0.916464	-0.279868	-0.016592	0.0375	0.6045	0.084	0	214	329	3
2026-02-12	15:44:23.450	-97.475	-1.645	126	0.923296	-0.336476	-0.009272	0.0435	0.6105	0.075	0	214	329	3
2026-02-12	15:44:23.470	-35.595	-12.425	119.63	0.960872	-0.39528	0.002928	0.0435	0.6105	0.075	0	214	329	3
2026-02-12	15:44:23.490	15.365	-14.455	112.91	1.041392	-0.427488	0.015616	0.051	0.6345	0.084	0	214	329	3
2026-02-12	15:44:23.510	50.68	-12.67	106.575	0.997472	-0.415288	0.022936	0.057	0.6675	0.0945	0	214	329	3
2026-02-12	15:44:23.530	72.765	-11.865	98.77	0.963312	-0.428464	0.061244	0.06	0.6825	0.0945	0	214	329	3
2026-02-12	15:44:23.550	94.815	-9.625	88.095	0.97722	-0.473848	0.14396	0.066	0.6945	0.096	0	214	329	3
2026-02-12	15:44:23.570	125.58	-4.935	79.66	1.053592	-0.538996	0.189344	0.075	0.705	0.0975	0	214	329	3
2026-02-12	15:44:23.590	157.22	0.07	74.865	1.048224	-0.474336	0.20496	0.081	0.7215	0.09	0	214	329	3
2026-02-12	15:44:23.610	167.055	3.85	72.345	0.962092	-0.380884	0.19276	0.0795	0.7395	0.0765	0	216	300	3
2026-02-12	15:44:23.630	154.595	4.025	69.545	0.877668	-0.305	0.17934	0.084	0.7515	0.066	0	216	300	3
2026-02-12	15:44:23.650	129.255	1.435	64.4	0.807884	-0.2623	0.174948	0.0915	0.7605	0.054	0	216	300	3
2026-02-12	15:44:23.670	93.94	-5.285	55.51	0.779336	-0.271328	0.194956	0.0915	0.7665	0.0495	0	216	300	3
2026-02-12	15:44:23.690	65.555	-12.075	46.27	0.762012	-0.301096	0.240096	0.099	0.7755	0.0405	0	216	300	3
2026-02-12	15:44:23.710	52.15	-15.96	38.36	0.7625	-0.313052	0.272792	0.108	0.7845	0.03	0	216	300	3
2026-02-12	15:44:23.730	43.4	-17.92	29.68	0.760792	-0.321348	0.29036	0.1095	0.7845	0.024	0	216	300	3
2026-02-12	15:44:23.750	35.105	-18.515	20.335	0.76006	-0.325008	0.292068	0.111	0.7905	0.0225	0	216	300	3
2026-02-12	15:44:23.770	26.425	-19.25	10.885	0.760304	-0.338184	0.279136	0.12	0.798	0.03	0	216	300	3
2026-02-12	15:44:23.790	20.65	-20.44	1.05	0.776652	-0.348188	0.27084	0.123	0.798	0.0345	0	216	300	3
2026-02-12	15:44:23.810	18.515	-21.7	-8.82	0.784948	-0.345748	0.263276	0.1215	0.7965	0.0375	0	219	265	3
2026-02-12	15:44:23.830	19.005	-23.625	-19.18	0.794464	-0.33794	0.264252	0.12	0.7965	0.033	0	219	265	3
2026-02-12	15:44:23.850	21.245	-26.775	-30.73	0.807884	-0.325008	0.26352	0.1155	0.7965	0.03	0	219	265	3
2026-02-12	15:44:23.870	22.75	-30.835	-43.785	0.823012	-0.314272	0.261568	0.117	0.7965	0.03	0	219	265	3
2026-02-12	15:44:23.890	26.565	-37.555	-64.96	0.900848	-0.324764	0.2806	0.1245	0.7845	0.0345	0	219	265	3
2026-02-12	15:44:23.910	29.89	-40.635	-77.735	0.947208	-0.326472	0.299876	0.117	0.7785	0.0375	0	219	265	3
2026-02-12	15:44:23.930	31.395	-42.805	-88.655	0.98698	-0.305	0.309636	0.1035	0.768	0.0435	0	219	265	3
2026-02-12	15:44:23.950	30.835	-45.395	-99.855	1.081408	-0.276452	0.304024	0.0915	0.7575	0.048	0	219	265	3
2026-02-12	15:44:23.970	24.92	-47.04	-113.225	1.217072	-0.23058	0.283284	0.0855	0.75	0.0465	0	219	265	3
2026-02-12	15:44:23.990	10.535	-47.6	-128.03	1.3298	-0.215696	0.250344	0.084	0.735	0.0495	0	219	265	3
2026-02-12	15:44:24.010	-11.235	-46.69	-141.68	1.328336	-0.259616	0.22692	0.0825	0.723	0.054	0	222	249	3
2026-02-12	15:44:24.030	-17.22	-46.34	-144.41	1.242692	-0.2806	0.22082	0.075	0.7065	0.0585	0	222	249	3
2026-02-12	15:44:24.050	-19.74	-46.48	-143.15	1.128988	-0.263032	0.232532	0.063	0.681	0.066	0	222	249	3
2026-02-12	15:44:24.070	-24.185	-45.255	-136.115	1.010648	-0.239364	0.236192	0.0555	0.6585	0.072	0	222	249	3
2026-02-12	15:44:24.090	-28.875	-44.905	-122.045	0.913292	-0.205936	0.239852	0.0525	0.6465	0.075	0	222	249	3
2026-02-12	15:44:24.110	-28.91	-45.36	-108.22	0.915732	-0.179828	0.236924	0.0525	0.6465	0.075	0	222	249	3
2026-02-12	15:44:24.130	-24.395	-44.94	-100.695	1.028216	-0.16104	0.250588	0.051	0.6225	0.0855	0	222	249	3
2026-02-12	15:44:24.150	-25.69	-40.425	-94.605	1.10288	-0.148596	0.25986	0.0525	0.597	0.1035	0	222	249	3
2026-02-12	15:44:24.170	-37.73	-33.88	-88.2	1.121668	-0.13542	0.229848	0.054	0.5835	0.111	0	222	249	3
2026-02-12	15:44:24.190	-60.445	-27.44	-81.13	1.094096	-0.144692	0.182024	0.0465	0.5685	0.1095	0	222	249	3
2026-02-12	15:44:24.210	-84.35	-21.245	-73.15	1.029436	-0.152012	0.129564	0.0465	0.552	0.1095	0	222	246	3
2026-02-12	15:44:24.230	-100.17	-17.395	-65.1	0.961604	-0.11468	0.126148	0.0495	0.5325	0.1185	0	222	246	3
2026-02-12	15:44:24.250	-113.295	-15.435	-58.275	0.932324	-0.092964	0.149572	0.048	0.522	0.1185	0	222	246	3
2026-02-12	15:44:24.270	-125.335	-14.56	-52.71	0.898164	-0.09882	0.173484	0.0495	0.5085	0.117	0	222	246	3
2026-02-12	15:44:24.290	-132.58	-14.035	-46.165	0.859124	-0.123464	0.186904	0.051	0.4995	0.1185	0	222	246	3
2026-02-12	15:44:24.310	-136.36	-14.105	-39.025	0.845216	-0.118584	0.183488	0.048	0.4995	0.114	0	222	246	3
2026-02-12	15:44:24.330	-141.015	-12.18	-34.51	0.858636	-0.126636	0.166408	0.0525	0.489	0.114	0	222	246	3
2026-02-12	15:44:24.350	-145.425	-10.85	-33.04	0.892552	-0.133956	0.145668	0.057	0.474	0.111	0	222	246	3
2026-02-12	15:44:24.370	-147.7	-8.785	-31.745	0.873276	-0.17446	0.152988	0.0585	0.4665	0.108	0	222	246	3
2026-02-12	15:44:24.390	-138.39	-7.21	-29.68	0.84668	-0.220088	0.187148	0.0615	0.459	0.1005	0	222	246	3
2026-02-12	15:44:24.410	-121.17	-7.35	-27.545	0.847656	-0.211792	0.22448	0.06	0.4485	0.1005	0	219	240	3
2026-02-12	15:44:24.430	-105.385	-8.61	-26.32	0.807884	-0.224236	0.226188	0.0615	0.438	0.1005	0	219	240	3
2026-02-12	15:44:24.450	-89.215	-12.95	-26.11	0.79666	-0.245952	0.226676	0.063	0.4275	0.093	0	219	240	3
2026-02-12	15:44:24.470	-67.69	-18.48	-25.48	0.81984	-0.280356	0.277672	0.063	0.423	0.09	0	219	240	3
2026-02-12	15:44:24.490	-43.05	-22.61	-22.26	0.793976	-0.2623	0.309392	0.0645	0.4215	0.0945	0	219	240	3
2026-02-12	15:44:24.510	-24.255	-29.365	-19.39	0.77348	-0.233996	0.325008	0.0645	0.42	0.096	0	219	240	3
2026-02-12	15:44:24.530	-2.415	-43.505	-20.615	0.860344	-0.227652	0.32696	0.0705	0.42	0.0975	0	219	240	3
2026-02-12	15:44:24.550	17.01	-54.845	-27.335	1.031388	-0.2867	0.406748	0.0705	0.4155	0.1065	0	219	240	3
2026-02-12	15:44:24.570	60.935	-53.48	-34.965	1.166076	-0.46116	0.632448	0.0735	0.4095	0.1125	0	219	240	3
2026-02-12	15:44:24.590	128.065	-35.735	-29.47	1.306376	-0.495564	0.698816	0.0795	0.4095	0.1155	0	219	240	3
2026-02-12	15:44:24.610	162.4	-17.955	-11.55	1.372988	-0.277916	0.522648	0.0855	0.414	0.129	0	215	241	3
2026-02-12	15:44:24.630	135.8	1.575	5.145	1.372012	-0.13176	0.33428	0.0825	0.4155	0.1395	0	215	241	3
2026-02-12	15:44:24.650	83.23	19.985	19.39	1.350784	-0.13664	0.200324	0.0825	0.4155	0.147	0	215	241	3
2026-02-12	15:44:24.670	46.34	31.22	36.61	1.292956	-0.138348	0.134932	0.081	0.423	0.1515	0	215	241	3
2026-02-12	15:44:24.690	28.91	34.965	57.925	1.165588	-0.052704	0.10004	0.0765	0.4305	0.1485	0	215	241	3
2026-02-12	15:44:24.710	13.965	33.845	77.875	1.063596	0.044408	0.129076	0.0765	0.4335	0.1455	0	215	241	3
2026-02-12	15:44:24.730	-18.515	30.17	91.7	1.004792	0.060268	0.187148	0.0795	0.45	0.1425	0	215	241	3
2026-02-12	15:44:24.750	-58.765	26.635	99.33	1.012112	-0.029036	0.20862	0.0795	0.45	0.1425	0	215	241	3
2026-02-12	15:44:24.770	-92.575	27.475	107.59	0.994788	-0.119072	0.17446	0.0705	0.4665	0.1335	0	215	241	3
2026-02-12	15:44:24.790	-119.56	28.07	118.615	0.975512	-0.201056	0.129076	0.063	0.4905	0.123	0	215	241	3
2026-02-12	15:44:24.810	-131.46	26.075	126.525	1.02114	-0.255468	0.084424	0.0615	0.5025	0.1185	0	214	249	3
2026-02-12	15:44:24.830	-132.055	23.45	130.83	1.078724	-0.27206	0.034892	0.06	0.516	0.114	0	214	249	3
2026-02-12	15:44:24.850	-124.32	21.665	133.455	1.07238	-0.263764	-0.004392	0.057	0.537	0.1095	0	214	249	3
2026-02-12	15:44:24.870	-105.665	18.445	133.63	1.048956	-0.27084	-0.03538	0.0555	0.5535	0.105	0	214	249	3
2026-02-12	15:44:24.890	-74.55	14.035	130.025	1.16388	-0.333792	-0.06734399	0.0555	0.5625	0.102	0	214	249	3
2026-02-12	15:44:24.910	-38.22	13.125	125.72	1.249524	-0.32086	-0.08295999	0.057	0.5805	0.105	0	214	249	3
2026-02-12	15:44:24.930	-10.605	15.855	122.01	1.16144	-0.282796	-0.08662	0.06	0.594	0.108	0	214	249	3
2026-02-12	15:44:24.950	12.915	12.985	114.73	1.078236	-0.276452	-0.08052	0.06	0.606	0.108	0	214	249	3
2026-02-12	15:44:24.970	32.55	8.505	104.195	1.070184	-0.291824	-0.056852	0.063	0.6285	0.105	0	214	249	3
2026-02-12	15:44:24.990	44.8	7.735	96.04	1.00772	-0.290604	-0.02928	0.0675	0.654	0.102	0	214	249	3
2026-02-12	15:44:25.010	50.925	5.74	88.48	0.935496	-0.285724	-0.0061	0.0705	0.663	0.102	0	215	229	3
2026-02-12	15:44:25.030	53.165	1.785	79.835	0.913048	-0.294752	0.016348	0.072	0.678	0.096	0	215	229	3
2026-02-12	15:44:25.050	56.14	-2.24	69.3	0.915732	-0.312808	0.044652	0.0765	0.6915	0.0915	0	215	229	3
2026-02-12	15:44:25.070	59.85	-4.445	57.855	0.897188	-0.320372	0.052948	0.081	0.7035	0.09	0	215	229	3
2026-02-12	15:44:25.090	63.21	-6.16	46.865	0.853512	-0.321592	0.050508	0.087	0.7125	0.09	0	215	229	3
2026-02-12	15:44:25.110	64.225	-8.54	35.98	0.851072	-0.308904	0.046604	0.0885	0.717	0.093	0	215	229	3
2026-02-12	15:44:25.130	63.91	-12.285	23.415	0.913048	-0.302072	0.059292	0.087	0.7185	0.0915	0	215	229	3
2026-02-12	15:44:25.150	62.09	-14.455	9.975	0.904996	-0.297924	0.079788	0.0975	0.7275	0.096	0	215	229	3
2026-02-12	15:44:25.170	57.96	-17.115	-10.465	0.875716	-0.296704	0.099796	0.0885	0.732	0.09	0	215	229	3
2026-02-12	15:44:25.190	56.21	-18.935	-23.975	0.89182	-0.305732	0.11346	0.087	0.735	0.0855	0	215	229	3
2026-02-12	15:44:25.210	56.735	-19.705	-36.26	0.9089	-0.315004	0.132004	0.0885	0.7365	0.0825	0	216	187	3
2026-02-12	15:44:25.230	58.73	-19.39	-46.27	0.889136	-0.311832	0.142984	0.09	0.729	0.078	0	216	187	3
2026-02-12	15:44:25.250	62.37	-19.285	-54.11	0.871812	-0.306708	0.151036	0.084	0.726	0.0765	0	216	187	3
2026-02-12	15:44:25.270	67.69	-18.935	-59.395	0.8662	-0.296948	0.166652	0.0795	0.717	0.075	0	216	187	3
2026-02-12	15:44:25.290	74.585	-17.5	-63.035	0.910852	-0.27328	0.196176	0.078	0.7065	0.0735	0	216	187	3
2026-02-12	15:44:25.310	73.675	-13.93	-67.795	0.992592	-0.223016	0.202276	0.0765	0.702	0.0765	0	216	187	3
2026-02-12	15:44:25.330	63.945	-9.52	-73.92	1.052616	-0.218136	0.206668	0.072	0.6915	0.0735	0	216	187	3
2026-02-12	15:44:25.350	52.5	-6.3	-77.805	1.030168	-0.217648	0.204716	0.066	0.6855	0.069	0	216	187	3
2026-02-12	15:44:25.370	37.905	-4.795	-77.945	0.994544	-0.193248	0.20374	0.0735	0.6825	0.0705	0	216	187	3
2026-02-12	15:44:25.390	18.62	-4.62	-77.42	1.0065	-0.141764	0.207888	0.0735	0.6825	0.0705	0	216	187	3
2026-02-12	15:44:25.410	-2.275	-4.445	-78.855	1.03822	-0.132492	0.226188	0.0615	0.6675	0.0675	0	215	159	3
2026-02-12	15:44:25.430	-25.585	-5.04	-79.73	1.034804	-0.148596	0.244	0.0495	0.6495	0.066	0	215	159	3
2026-02-12	15:44:25.450	-45.535	-7.35	-79.485	1.047492	-0.193248	0.27084	0.051	0.6375	0.0675	0	215	159	3
2026-02-12	15:44:25.470	-56.175	-9.205	-77.105	1.014552	-0.218624	0.302316	0.0525	0.621	0.0675	0	215	159	3
2026-02-12	15:44:25.490	-62.16	-10.08	-73.465	0.966484	-0.209108	0.313296	0.051	0.609	0.0705	0	215	159	3
2026-02-12	15:44:25.510	-68.18	-9.625	-70.105	0.917928	-0.208376	0.291092	0.051	0.6015	0.075	0	215	159	3
2026-02-12	15:44:25.530	-72.59	-8.575	-67.235	0.914512	-0.198616	0.256444	0.051	0.585	0.075	0	215	159	3
2026-02-12	15:44:25.550	-75.39	-7.21	-64.68	0.888648	-0.192516	0.226188	0.051	0.5745	0.075	0	215	159	3
2026-02-12	15:44:25.570	-78.82	-7.175	-63.315	0.861564	-0.179584	0.198616	0.0525	0.573	0.0765	0	215	159	3
2026-02-12	15:44:25.590	-84.77	-8.435	-66.255	0.874984	-0.209596	0.191296	0.0525	0.567	0.0735	0	215	159	3
2026-02-12	15:44:25.610	-88.48	-10.64	-70.91	0.901824	-0.242048	0.211548	0.048	0.5565	0.081	0	210	160	3
2026-02-12	15:44:25.630	-88.235	-13.16	-74.9	0.9211	-0.262056	0.245708	0.045	0.537	0.0825	0	210	160	3
2026-02-12	15:44:25.650	-85.19	-15.61	-78.33	0.91988	-0.272792	0.262788	0.0435	0.5235	0.075	0	210	160	3
2026-02-12	15:44:25.670	-81.165	-18.48	-81.76	0.893528	-0.276696	0.273036	0.048	0.5145	0.0795	0	210	160	3
2026-02-12	15:44:25.690	-75.705	-21.945	-85.12	0.874252	-0.296704	0.291092	0.0525	0.4995	0.084	0	210	160	3
2026-02-12	15:44:25.710	-67.725	-25.83	-87.85	0.875716	-0.309392	0.309392	0.051	0.483	0.084	0	210	160	3
2026-02-12	15:44:25.730	-57.365	-30.485	-90.09	0.890844	-0.325984	0.316712	0.054	0.4695	0.0855	0	210	160	3
2026-02-12	15:44:25.750	-43.61	-34.685	-91.455	0.909144	-0.35258	0.332572	0.057	0.4575	0.087	0	210	160	3
2026-02-12	15:44:25.770	-24.185	-37.835	-91.175	0.960628	-0.382592	0.362096	0.057	0.4515	0.0885	0	210	160	3
2026-02-12	15:44:25.790	-4.025	-40.565	-89.39	1.062864	-0.365024	0.37576	0.0705	0.435	0.09	0	210	160	3
2026-02-12	15:44:25.810	13.51	-45.43	-87.64	1.286124	-0.389424	0.429684	0.0705	0.4215	0.099	0	204	182	3
2026-02-12	15:44:25.830	38.71	-44.17	-88.9	1.55306	-0.496296	0.564372	0.072	0.411	0.108	0	204	182	3
2026-02-12	15:44:25.850	74.095	-28.875	-79.03	1.562576	-0.565592	0.650016	0.0825	0.3975	0.1185	0	204	182	3
2026-02-12	15:44:25.870	100.485	-11.34	-49.91	1.375428	-0.45994	0.518256	0.09	0.393	0.12	0	204	182	3
2026-02-12	15:44:25.890	98.035	1.68	-13.125	1.156316	-0.31232	0.326472	0.09	0.393	0.126	0	204	182	3
2026-02-12	15:44:25.910	78.785	10.29	24.01	1.015284	-0.271328	0.224236	0.0945	0.3945	0.135	0	204	182	3
2026-02-12	15:44:25.930	68.95	15.47	58.485	0.974292	-0.219356	0.176412	0.096	0.3975	0.138	0	204	182	3
2026-02-12	15:44:25.950	64.995	17.675	88.48	0.977708	-0.08906	0.145912	0.093	0.4035	0.1425	0	204	182	3
2026-02-12	15:44:25.970	47.81	21.175	111.93	0.987224	0.06832	0.103212	0.0915	0.4185	0.1455	0	204	182	3
2026-02-12	15:44:25.990	9.345	32.13	125.615	0.921344	0.156892	0.096136	0.09	0.4305	0.1455	0	204	182	3
2026-02-12	15:44:26.010	-40.74	32.025	130.9	0.911584	0.05002	0.044408	0.0795	0.447	0.138	0	200	215	3
2026-02-12	15:44:26.030	-43.26	31.08	130.165	0.956236	-0.00854	0.055876	0.069	0.465	0.1305	0	200	215	3
2026-02-12	15:44:26.050	-39.06	30.8	130.935	0.97844	-0.063928	0.04636	0.069	0.4845	0.126	0	200	215	3
2026-02-12	15:44:26.070	-36.96	30.415	130.97	1.002596	-0.085644	0.055388	0.0615	0.5145	0.12	0	200	215	3
2026-02-12	15:44:26.090	-36.855	31.85	131.11	1.115568	-0.16958	0.057828	0.0525	0.5325	0.111	0	200	215	3
2026-02-12	15:44:26.110	-33.285	34.755	133.875	1.194868	-0.180072	0.040748	0.051	0.543	0.1095	0	200	215	3
2026-02-12	15:44:26.130	-26.95	36.75	135.24	1.189256	-0.123952	0.022448	0.0525	0.555	0.1095	0	200	215	3
2026-02-12	15:44:26.150	-21.84	36.82	130.865	1.19194	-0.087596	0.007564	0.0525	0.576	0.1065	0	200	215	3
2026-02-12	15:44:26.170	-20.755	35.315	121.03	1.189988	-0.063928	-0.04026	0.0495	0.5985	0.105	0	200	215	3
2026-02-12	15:44:26.190	-29.575	32.655	110.95	1.126792	-0.0671	-0.08052	0.048	0.615	0.0915	0	200	215	3
2026-02-12	15:44:26.210	-40.04	27.23	101.395	1.034804	-0.138836	-0.091256	0.048	0.624	0.0855	0	201	217	3
2026-02-12	15:44:26.230	-37.31	19.355	90.335	1.006256	-0.253028	-0.03294	0.063	0.633	0.087	0	201	217	3
2026-02-12	15:44:26.250	-23.03	14.7	79.065	1.0126	-0.298168	0.019032	0.0645	0.645	0.0855	0	201	217	3
2026-02-12	15:44:26.270	-8.645	13.44	70.28	0.928664	-0.294996	0.033916	0.066	0.666	0.09	0	201	217	3
2026-02-12	15:44:26.290	6.86	9.94	61.95	0.854732	-0.298168	0.028792	0.066	0.675	0.087	0	201	217	3
2026-02-12	15:44:26.310	21.945	5.39	52.885	0.873276	-0.316224	0.033428	0.0675	0.6855	0.0795	0	201	217	3
2026-02-12	15:44:26.330	34.37	1.295	42.49	0.921344	-0.333548	0.043676	0.0675	0.6945	0.078	0	201	217	3
2026-02-12	15:44:26.350	39.515	-0.7	34.615	0.878644	-0.344284	0.055632	0.072	0.702	0.075	0	201	217	3
2026-02-12	15:44:26.370	36.995	-4.55	29.015	0.847656	-0.355264	0.055632	0.0765	0.7095	0.075	0	201	217	3
2026-02-12	15:44:26.390	30.765	-9.135	23.765	0.844972	-0.364048	0.060756	0.081	0.711	0.0735	0	201	217	3
2026-02-12	15:44:26.410	32.795	-12.67	17.15	0.9089	-0.364292	0.09857599	0.084	0.711	0.0705	0	204	186	3
2026-02-12	15:44:26.430	42.665	-13.055	9.17	0.915	-0.330864	0.137128	0.075	0.717	0.078	0	204	186	3
2026-02-12	15:44:26.450	43.47	-15.26	0.14	0.93818	-0.431148	0.133712	0.0795	0.717	0.0795	0	204	186	3
2026-02-12	15:44:26.470	50.19	-16.45	-4.375	0.9638	-0.453596	0.158112	0.0825	0.7185	0.075	0	204	186	3
2026-02-12	15:44:26.490	60.2	-15.225	-8.4	0.962336	-0.428464	0.180316	0.087	0.7215	0.0735	0	204	186	3
2026-02-12	15:44:26.510	65.45	-13.16	-13.02	0.94916	-0.374784	0.174216	0.087	0.723	0.075	0	204	186	3
2026-02-12	15:44:26.530	62.055	-12.32	-19.285	0.95892	-0.308904	0.17324	0.0825	0.726	0.069	0	204	186	3
2026-02-12	15:44:26.550	51.66	-12.845	-27.755	0.977708	-0.303292	0.161284	0.081	0.723	0.0645	0	204	186	3
2026-02-12	15:44:26.570	43.19	-14.28	-37.73	1.010892	-0.310368	0.153964	0.081	0.7155	0.0645	0	204	186	3
2026-02-12	15:44:26.590	40.635	-14.595	-48.895	1.048956	-0.303536	0.163968	0.0795	0.711	0.0645	0	204	186	3
2026-02-12	15:44:26.610	38.85	-13.3	-59.885	1.085312	-0.306952	0.195932	0.0765	0.7065	0.063	0	206	157	3
2026-02-12	15:44:26.630	39.48	-9.625	-69.755	1.116544	-0.29524	0.24644	0.075	0.7035	0.0585	0	206	157	3
2026-02-12	15:44:26.650	38.64	-2.625	-78.085	1.057496	-0.286212	0.27206	0.0705	0.6945	0.0675	0	206	157	3
2026-02-12	15:44:26.670	35.665	3.36	-79.765	0.988932	-0.280356	0.25986	0.0705	0.6945	0.0675	0	206	157	3
2026-02-12	15:44:26.690	32.725	7	-76.055	0.88206	-0.22204	0.224968	0.069	0.678	0.0585	0	206	157	3
2026-02-12	15:44:26.710	20.72	7.35	-70.385	0.786412	-0.16714	0.181048	0.0615	0.663	0.054	0	206	157	3
2026-02-12	15:44:26.730	1.89	3.01	-67.025	0.783728	-0.135176	0.142252	0.054	0.6525	0.057	0	206	157	3
2026-02-12	15:44:26.750	-16.73	-3.185	-68.495	0.910608	-0.139568	0.147376	0.0525	0.6405	0.0525	0	206	157	3
2026-02-12	15:44:26.770	-32.445	-6.195	-72.59	0.976976	-0.161284	0.186172	0.054	0.6375	0.0495	0	206	157	3
2026-02-12	15:44:26.790	-44.065	-6.72	-75.18	0.976732	-0.187148	0.230092	0.048	0.6225	0.0495	0	206	157	3
2026-02-12	15:44:26.810	-50.05	-8.155	-76.615	1.022604	-0.216916	0.260104	0.0435	0.6075	0.054	0	206	150	3
2026-02-12	15:44:26.830	-54.32	-7.56	-76.055	1.04676	-0.216916	0.272304	0.042	0.606	0.057	0	206	150	3
2026-02-12	15:44:26.850	-64.015	-4.165	-72.38	0.980148	-0.183976	0.2562	0.048	0.5985	0.0585	0	206	150	3
2026-02-12	15:44:26.870	-79.38	-2.765	-65.345	0.916464	-0.173728	0.214964	0.045	0.585	0.0555	0	206	150	3
2026-02-12	15:44:26.890	-86.415	-4.025	-58.38	0.87718	-0.17812	0.182756	0.042	0.573	0.06	0	206	150	3
2026-02-12	15:44:26.910	-84.105	-6.825	-54.25	0.85034	-0.183488	0.18666	0.045	0.5595	0.066	0	206	150	3
2026-02-12	15:44:26.930	-79.45	-10.08	-51.765	0.840092	-0.19886	0.203008	0.048	0.5505	0.069	0	206	150	3
2026-02-12	15:44:26.950	-75.075	-13.405	-50.785	0.85034	-0.22204	0.221064	0.048	0.54	0.0675	0	206	150	3
2026-02-12	15:44:26.970	-70.21	-16.135	-52.08	0.873276	-0.234484	0.238144	0.045	0.5295	0.0615	0	206	150	3
2026-02-12	15:44:26.990	-65.625	-17.745	-55.755	0.873276	-0.246684	0.251564	0.042	0.5205	0.0645	0	206	150	3
2026-02-12	15:44:27.010	-58.765	-18.69	-60.655	0.884988	-0.277916	0.277672	0.0465	0.51	0.0705	0	202	161	3
2026-02-12	15:44:27.030	-48.09	-19.425	-65.065	0.879864	-0.285236	0.285724	0.0495	0.5025	0.0675	0	202	161	3
2026-02-12	15:44:27.050	-40.775	-21.245	-68.775	0.869372	-0.259128	0.271572	0.048	0.4995	0.066	0	202	161	3
2026-02-12	15:44:27.070	-36.995	-24.57	-72.87	0.879132	-0.259128	0.26962	0.0405	0.492	0.075	0	202	161	3
2026-02-12	15:44:27.090	-26.25	-29.54	-77.56	0.909388	-0.309148	0.322568	0.048	0.474	0.081	0	202	161	3
2026-02-12	15:44:27.110	-14.595	-31.85	-77.49	0.924516	-0.311588	0.356728	0.0555	0.465	0.084	0	202	161	3
2026-02-12	15:44:27.130	-4.76	-33.53	-74.83	0.92232	-0.298412	0.367708	0.06	0.45	0.087	0	202	161	3
2026-02-12	15:44:27.150	4.725	-37.24	-72.03	0.97844	-0.286456	0.377712	0.06	0.4365	0.087	0	202	161	3
2026-02-12	15:44:27.170	16.695	-40.215	-72.59	1.131916	-0.307196	0.437492	0.066	0.4305	0.09	0	202	161	3
2026-02-12	15:44:27.190	32.41	-36.155	-73.255	1.203164	-0.354776	0.521184	0.0735	0.426	0.093	0	202	161	3
2026-02-12	15:44:27.210	50.54	-29.225	-68.635	1.264896	-0.37698	0.53558	0.0795	0.4155	0.099	0	197	188	3
2026-02-12	15:44:27.230	65.205	-22.575	-59.29	1.356152	-0.349896	0.489708	0.084	0.411	0.1095	0	197	188	3
2026-02-12	15:44:27.250	65.485	-13.58	-46.06	1.413736	-0.304756	0.426268	0.087	0.4125	0.1155	0	197	188	3
2026-02-12	15:44:27.270	53.515	-2.38	-25.305	1.334192	-0.276452	0.363072	0.0795	0.402	0.1185	0	197	188	3
2026-02-12	15:44:27.290	43.225	6.685	10.5	1.161196	-0.28182	0.32208	0.0765	0.399	0.129	0	197	188	3
2026-02-12	15:44:27.310	49.77	11.06	48.65	1.046272	-0.232044	0.325008	0.0795	0.402	0.1275	0	197	188	3
2026-02-12	15:44:27.330	54.775	13.09	74.445	1.021628	-0.136152	0.307684	0.0795	0.4095	0.1275	0	197	188	3
2026-02-12	15:44:27.350	40.915	17.29	94.29	0.961604	-0.043188	0.257908	0.0705	0.42	0.1275	0	197	188	3
2026-02-12	15:44:27.370	10.255	20.23	106.89	1.002108	0.000488	0.2013	0.0675	0.4335	0.126	0	197	188	3
2026-02-12	15:44:27.390	-9.415	36.295	116.48	0.978928	-0.121512	0.175192	0.0675	0.4485	0.123	0	197	188	3
2026-02-12	15:44:27.410	3.815	39.305	126.42	1.01016	-0.225212	0.14152	0.066	0.4605	0.12	0	193	225	3
2026-02-12	15:44:27.430	30.8	41.23	134.505	1.054568	-0.150548	0.108092	0.057	0.48	0.1155	0	193	225	3
2026-02-12	15:44:27.450	38.115	46.725	137.48	1.095804	-0.101504	0.064172	0.051	0.501	0.108	0	193	225	3
2026-02-12	15:44:27.470	36.715	52.255	136.675	1.15534	-0.10248	0.040504	0.051	0.51	0.105	0	193	225	3
2026-02-12	15:44:27.490	37.24	57.435	134.365	1.222196	-0.143228	0.017812	0.0465	0.5295	0.0885	0	193	225	3
2026-02-12	15:44:27.510	39.2	63.385	131.635	1.232444	-0.14762	-0.007076	0.048	0.5535	0.09	0	193	225	3
2026-02-12	15:44:27.530	36.4	67.515	127.82	1.170956	-0.128588	-0.00854	0.0495	0.573	0.081	0	193	225	3
2026-02-12	15:44:27.550	27.02	66.535	122.605	1.188768	-0.1342	-0.011224	0.048	0.6015	0.0675	0	193	225	3
2026-02-12	15:44:27.570	13.895	62.16	116.025	1.237812	-0.166408	-0.026596	0.045	0.618	0.06	0	193	225	3
2026-02-12	15:44:27.590	0.56	57.89	112	1.141188	-0.173728	-0.016104	0.051	0.6345	0.0525	0	193	225	3
2026-02-12	15:44:27.610	-10.22	50.575	108.675	1.03578	-0.180804	0.008052	0.06	0.6495	0.048	0	192	231	3
2026-02-12	15:44:27.630	-16.345	42.035	102.55	0.947452	-0.203008	0.029768	0.063	0.6675	0.045	0	192	231	3
2026-02-12	15:44:27.650	-17.71	32.9	93.8	0.88084	-0.27084	0.049044	0.063	0.684	0.0345	0	192	231	3
2026-02-12	15:44:27.670	-6.86	23.275	83.545	0.920856	-0.331108	0.085156	0.0645	0.69	0.0285	0	192	231	3
2026-02-12	15:44:27.690	9.73	16.52	73.465	0.928908	-0.337208	0.117608	0.066	0.705	0.0285	0	192	231	3
2026-02-12	15:44:27.710	23.52	12.25	64.925	0.873764	-0.332328	0.120292	0.0735	0.717	0.0315	0	192	231	3
2026-02-12	15:44:27.730	41.23	4.235	51.45	0.901336	-0.296704	0.11712	0.0765	0.7215	0.0315	0	192	231	3
2026-02-12	15:44:27.750	43.575	0.84	41.615	0.891088	-0.261568	0.106872	0.081	0.732	0.0255	0	192	231	3
2026-02-12	15:44:27.770	41.02	-2.835	30.94	0.871568	-0.252784	0.091744	0.084	0.7365	0.021	0	192	231	3
2026-02-12	15:44:27.790	38.535	-7.105	19.32	0.868884	-0.241316	0.106628	0.087	0.7365	0.018	0	192	231	3
2026-02-12	15:44:27.810	35.07	-11.235	5.81	0.869372	-0.245464	0.150304	0.093	0.741	0.018	0	192	206	3
2026-02-12	15:44:27.830	29.435	-13.65	-6.51	0.839116	-0.264496	0.192516	0.0885	0.7395	0.018	0	192	206	3
2026-02-12	15:44:27.850	23.94	-15.225	-15.365	0.789096	-0.267668	0.207156	0.0825	0.741	0.0195	0	192	206	3
2026-02-12	15:44:27.870	22.155	-17.29	-23.03	0.767136	-0.268888	0.19398	0.084	0.741	0.0165	0	192	206	3
2026-02-12	15:44:27.890	25.34	-20.685	-30.835	0.800076	-0.271084	0.205692	0.0885	0.7395	0.0135	0	192	206	3
2026-02-12	15:44:27.910	31.325	-23.695	-37.975	0.83692	-0.2684	0.238388	0.081	0.735	0.0225	0	192	206	3
2026-02-12	15:44:27.930	40.32	-26.355	-47.88	0.942084	-0.255712	0.272304	0.0795	0.729	0.024	0	192	206	3
2026-02-12	15:44:27.950	47.775	-26.95	-59.045	1.050664	-0.235704	0.302316	0.0795	0.729	0.024	0	192	206	3
2026-02-12	15:44:27.970	47.6	-24.815	-65.38	1.0431	-0.212524	0.33184	0.0765	0.7155	0.024	0	192	206	3
2026-02-12	15:44:27.990	41.79	-21.49	-67.34	0.978928	-0.187148	0.334036	0.072	0.7035	0.0255	0	192	206	3
2026-02-12	15:44:28.010	30.59	-19.285	-67.13	0.973804	-0.140544	0.341844	0.0645	0.696	0.024	0	192	187	3
2026-02-12	15:44:28.030	14.42	-16.135	-68.6	0.980636	-0.113948	0.357216	0.057	0.684	0.027	0	192	187	3
2026-02-12	15:44:28.050	-4.025	-12.705	-70.84	0.971852	-0.123464	0.3843	0.0555	0.6765	0.03	0	192	187	3
2026-02-12	15:44:28.070	-19.81	-9.03	-72.66	0.977708	-0.132736	0.437736	0.054	0.663	0.0285	0	192	187	3
2026-02-12	15:44:28.090	-40.285	-6.58	-73.92	0.964044	-0.11346	0.434808	0.0525	0.657	0.0285	0	192	187	3
2026-02-12	15:44:28.110	-69.895	-5.425	-76.195	0.96624	-0.163968	0.407968	0.0555	0.6555	0.0315	0	192	187	3
2026-02-12	15:44:28.130	-86.31	-2.205	-78.82	0.944036	-0.166896	0.390888	0.0435	0.642	0.0285	0	192	187	3
2026-02-12	15:44:28.150	-96.18	1.855	-81.725	0.91988	-0.15128	0.369416	0.0375	0.633	0.033	0	192	187	3
2026-02-12	15:44:28.170	-104.895	5.81	-82.565	0.888648	-0.16592	0.361608	0.039	0.621	0.033	0	192	187	3
2026-02-12	15:44:28.190	-107.765	7.875	-81.795	0.865224	-0.196664	0.345748	0.0405	0.603	0.033	0	192	187	3
2026-02-12	15:44:28.210	-107.695	8.085	-80.71	0.85034	-0.210084	0.31842	0.0375	0.5925	0.033	0	192	201	3
2026-02-12	15:44:28.230	-107.1	7	-80.815	0.856196	-0.220576	0.291092	0.0345	0.579	0.033	0	192	201	3
2026-02-12	15:44:28.250	-105.77	5.04	-82.11	0.88572	-0.233752	0.271816	0.0375	0.5655	0.033	0	192	201	3
2026-02-12	15:44:28.270	-102.41	2.59	-83.44	0.897432	-0.241804	0.26108	0.039	0.5535	0.0285	0	192	201	3
2026-02-12	15:44:28.290	-98.14	-0.7	-85.295	0.901824	-0.247172	0.24766	0.0435	0.54	0.0255	0	192	201	3
2026-02-12	15:44:28.310	-91.49	-4.165	-87.64	0.909144	-0.276696	0.267424	0.0495	0.5325	0.0285	0	192	201	3
2026-02-12	15:44:28.330	-82.25	-7.595	-89.495	0.896212	-0.275964	0.283772	0.0405	0.5145	0.0225	0	192	201	3
2026-02-12	15:44:28.350	-76.93	-12.985	-90.825	0.854488	-0.25864	0.266692	0.0315	0.5055	0.0285	0	192	201	3
2026-02-12	15:44:28.370	-73.22	-24.255	-93.8	0.835944	-0.305	0.254736	0.0435	0.5025	0.0225	0	192	201	3
2026-02-12	15:44:28.390	-64.155	-33.04	-96.565	0.91256	-0.386008	0.275232	0.0465	0.4845	0.027	0	192	201	3
2026-02-12	15:44:28.410	-49.175	-42.77	-98.77	1.099952	-0.45018	0.30866	0.051	0.4635	0.0345	0	191	230	3
2026-02-12	15:44:28.430	-22.435	-51.205	-103.6	1.41764	-0.536312	0.409188	0.0555	0.4515	0.039	0	191	230	3
2026-02-12	15:44:28.450	16.835	-48.615	-104.125	1.592832	-0.63196	0.526796	0.0615	0.4305	0.045	0	191	230	3
2026-02-12	15:44:28.470	54.25	-39.34	-88.165	1.515728	-0.65148	0.559004	0.0615	0.4155	0.0495	0	191	230	3
2026-02-12	15:44:28.490	85.82	-26.915	-61.915	1.328824	-0.538996	0.495076	0.0675	0.411	0.0585	0	191	230	3
2026-02-12	15:44:28.510	93.345	-18.655	-28.56	1.104588	-0.390888	0.37576	0.072	0.402	0.0735	0	191	230	3
2026-02-12	15:44:28.530	88.06	-15.575	5.425	0.974536	-0.348676	0.321104	0.0705	0.3975	0.0795	0	191	230	3
2026-02-12	15:44:28.550	86.66	-14.98	35.7	0.935008	-0.283528	0.305	0.0705	0.3945	0.078	0	191	230	3
2026-02-12	15:44:28.570	78.295	-14.7	63.665	0.894504	-0.149084	0.30134	0.069	0.408	0.096	0	191	230	3
2026-02-12	15:44:28.590	57.4	-10.465	82.495	0.876204	-0.06466	0.261812	0.069	0.417	0.0975	0	191	230	3
2026-02-12	15:44:28.610	35	-5.95	90.51	0.949648	-0.108092	0.226188	0.0675	0.432	0.1035	0	191	260	3
2026-02-12	15:44:28.630	9.1	0.105	99.96	0.9638	-0.153476	0.182268	0.063	0.4455	0.105	0	191	260	3
2026-02-12	15:44:28.650	-22.225	4.76	108.885	0.906948	-0.169824	0.1281	0.0615	0.4605	0.1035	0	191	260	3
2026-02-12	15:44:28.670	-44.45	4.55	116.83	0.915	-0.206912	0.087108	0.06	0.4785	0.1005	0	191	260	3
2026-02-12	15:44:28.690	-53.235	1.505	122.535	0.99796	-0.232044	0.077836	0.0525	0.492	0.0945	0	191	260	3
2026-02-12	15:44:28.710	-50.995	-1.855	127.4	1.070428	-0.233752	0.082716	0.0465	0.507	0.096	0	191	260	3
2026-02-12	15:44:28.730	-42.245	-3.185	131.775	1.111176	-0.218624	0.084424	0.0495	0.5175	0.099	0	191	260	3
2026-02-12	15:44:28.750	-29.295	-2.835	133.98	1.174128	-0.213744	0.05856	0.045	0.5265	0.1065	0	191	260	3
2026-02-12	15:44:28.770	-17.57	-2.625	134.855	1.170956	-0.18422	0.003416	0.045	0.546	0.108	0	191	260	3
2026-02-12	15:44:28.790	-3.605	-3.57	132.51	1.123864	-0.186904	-0.046604	0.045	0.567	0.1035	0	191	260	3
2026-02-12	15:44:28.810	16.695	-4.585	126.49	1.131672	-0.255468	-0.048068	0.0495	0.5835	0.102	0	193	264	3
2026-02-12	15:44:28.830	35.91	-2.765	120.19	1.131916	-0.273768	-0.043432	0.054	0.6105	0.099	0	193	264	3
2026-02-12	15:44:28.850	47.565	0.07	113.435	1.050908	-0.277672	-0.060268	0.0495	0.6255	0.1005	0	193	264	3
2026-02-12	15:44:28.870	54.74	0.56	105.56	0.993324	-0.281576	-0.061488	0.051	0.645	0.102	0	193	264	3
2026-02-12	15:44:28.890	62.93	1.47	95.935	0.970876	-0.295972	-0.039772	0.06	0.666	0.1005	0	193	264	3
2026-02-12	15:44:28.910	72.905	4.2	85.12	1.054812	-0.308172	-0.016104	0.063	0.6795	0.099	0	193	264	3
2026-02-12	15:44:28.930	76.02	10.465	75.53	0.995764	-0.288408	-0.011712	0.069	0.6945	0.096	0	193	264	3
2026-02-12	15:44:28.950	72.765	14.07	66.955	0.933544	-0.273524	-0.011224	0.075	0.7065	0.093	0	193	264	3
2026-02-12	15:44:28.970	66.22	14.805	57.54	0.893528	-0.26352	-0.00732	0.066	0.7035	0.0915	0	193	264	3
2026-02-12	15:44:28.990	59.395	13.895	47.075	0.909144	-0.273036	0.0122	0.0735	0.714	0.0885	0	193	264	3
2026-02-12	15:44:29.010	47.705	13.37	30.975	0.892308	-0.267424	0.038064	0.0795	0.7245	0.084	0	196	227	3
2026-02-12	15:44:29.030	38.92	11.375	20.825	0.884256	-0.259616	0.030256	0.075	0.729	0.0765	0	196	227	3
2026-02-12	15:44:29.050	31.64	6.195	9.905	0.950624	-0.249612	0.014396	0.0855	0.7365	0.0675	0	196	227	3
2026-02-12	15:44:29.070	23.1	0.56	-2.415	1.023824	-0.241072	-0.028304	0.087	0.7395	0.063	0	196	227	3
2026-02-12	15:44:29.090	13.09	-5.04	-14.28	1.023824	-0.223504	-0.033428	0.081	0.7395	0.069	0	196	227	3
2026-02-12	15:44:29.110	7.28	-11.76	-25.34	1.011624	-0.238388	0.022692	0.0825	0.738	0.066	0	196	227	3
2026-02-12	15:44:29.130	9.17	-17.185	-34.65	1.011624	-0.254004	0.115656	0.081	0.7335	0.057	0	196	227	3
2026-02-12	15:44:29.150	12.04	-19.005	-42.945	1.009428	-0.256444	0.169336	0.0825	0.7305	0.0585	0	196	227	3
2026-02-12	15:44:29.170	16.975	-19.075	-51.87	1.013576	-0.273768	0.182268	0.0705	0.7395	0.069	0	196	227	3
2026-02-12	15:44:29.190	28.875	-17.605	-59.01	0.999668	-0.32574	0.231312	0.0795	0.717	0.0765	0	196	227	3
2026-02-12	15:44:29.210	55.23	-9.905	-61.915	0.952576	-0.340624	0.307196	0.0675	0.7185	0.069	0	198	179	3
2026-02-12	15:44:29.230	80.01	0.455	-60.795	0.852292	-0.154696	0.29158	0.0675	0.7185	0.069	0	198	179	3
2026-02-12	15:44:29.250	71.61	4.935	-59.745	0.8357	-0.137128	0.266692	0.0645	0.7065	0.0645	0	198	179	3
2026-02-12	15:44:29.270	56.035	6.37	-59.955	0.870348	-0.16348	0.26718	0.0585	0.6885	0.06	0	198	179	3
2026-02-12	15:44:29.290	42.315	5.775	-63.28	0.91866	-0.158844	0.31842	0.0525	0.684	0.057	0	198	179	3
2026-02-12	15:44:29.310	31.36	5.32	-68.88	0.983076	-0.156404	0.386984	0.0495	0.6795	0.0495	0	198	179	3
2026-02-12	15:44:29.330	20.055	4.025	-73.99	1.050908	-0.143716	0.438712	0.0525	0.6705	0.0465	0	198	179	3
2026-02-12	15:44:29.350	2.765	3.01	-77.91	1.076528	-0.134932	0.463844	0.0495	0.66	0.048	0	198	179	3
2026-02-12	15:44:29.370	-19.95	3.045	-80.535	1.067988	-0.14152	0.448228	0.0435	0.6525	0.048	0	198	179	3
2026-02-12	15:44:29.390	-45.92	3.15	-81.375	1.003572	-0.148352	0.394548	0.0405	0.633	0.0495	0	198	179	3
2026-02-12	15:44:29.410	-70.91	2.94	-81.025	0.935252	-0.15494	0.32818	0.048	0.63	0.0495	0	198	166	3
2026-02-12	15:44:29.430	-92.435	0.98	-81.305	0.864004	-0.1525	0.263276	0.036	0.6105	0.0525	0	198	166	3
2026-02-12	15:44:29.450	-105.805	-1.855	-82.46	0.837896	-0.175192	0.224968	0.0405	0.5985	0.0525	0	198	166	3
2026-02-12	15:44:29.470	-108.815	-3.255	-84.14	0.834724	-0.207644	0.207644	0.042	0.5775	0.0525	0	198	166	3
2026-02-12	15:44:29.490	-103.95	-4.34	-86.065	0.837896	-0.245708	0.193004	0.0375	0.564	0.054	0	198	166	3
2026-02-12	15:44:29.510	-93.31	-5.74	-88.55	0.859612	-0.271084	0.191296	0.0405	0.5535	0.0525	0	198	166	3
2026-02-12	15:44:29.530	-79.73	-7.455	-91.7	0.884256	-0.291336	0.208132	0.039	0.5415	0.051	0	198	166	3
2026-02-12	15:44:29.550	-64.82	-9.8	-94.71	0.901336	-0.304268	0.226432	0.0345	0.525	0.0525	0	198	166	3
2026-02-12	15:44:29.570	-53.095	-14.14	-97.79	0.927932	-0.29402	0.249368	0.0375	0.513	0.054	0	198	166	3
2026-02-12	15:44:29.590	-46.095	-18.165	-100.625	0.924516	-0.297924	0.271328	0.048	0.51	0.054	0	198	166	3
2026-02-12	15:44:29.610	-39.69	-22.68	-101.92	0.908656	-0.289628	0.296216	0.042	0.4935	0.051	0	197	185	3
2026-02-12	15:44:29.630	-34.825	-27.825	-101.71	0.887184	-0.269132	0.29768	0.042	0.4665	0.054	0	197	185	3
2026-02-12	15:44:29.650	-29.995	-36.435	-100.905	0.83692	-0.294508	0.301828	0.042	0.456	0.0585	0	197	185	3
2026-02-12	15:44:29.670	-18.62	-41.02	-99.225	0.826916	-0.34892	0.345992	0.0495	0.444	0.0615	0	197	185	3
2026-02-12	15:44:29.690	7.21	-43.96	-95.725	0.885476	-0.3965	0.405284	0.0585	0.426	0.066	0	197	185	3
2026-02-12	15:44:29.710	44.45	-44.905	-91.42	1.042124	-0.41846	0.461648	0.066	0.414	0.0705	0	197	185	3
2026-02-12	15:44:29.730	89.565	-40.915	-87.85	1.243668	-0.438956	0.563396	0.072	0.405	0.084	0	197	185	3
2026-02-12	15:44:29.750	133.805	-29.19	-76.72	1.348588	-0.421632	0.596092	0.078	0.396	0.0975	0	197	185	3
2026-02-12	15:44:29.770	155.54	-16.1	-56.805	1.402756	-0.327204	0.572912	0.081	0.3915	0.108	0	197	185	3
2026-02-12	15:44:29.790	148.225	-1.925	-33.425	1.381284	-0.23424	0.512888	0.0795	0.3915	0.114	0	197	185	3
2026-02-12	15:44:29.810	113.61	9.275	-6.685	1.29564	-0.14884	0.41846	0.093	0.3825	0.1245	0	196	221	3
2026-02-12	15:44:29.830	70.455	17.045	23.38	1.215608	-0.169824	0.380884	0.0885	0.3915	0.129	0	196	221	3
2026-02-12	15:44:29.850	70.98	30.205	64.05	1.130696	-0.282308	0.319884	0.084	0.39	0.135	0	196	221	3
2026-02-12	15:44:29.870	110.95	35.49	100.625	1.078236	-0.126148	0.301828	0.084	0.39	0.135	0	196	221	3
2026-02-12	15:44:29.890	113.155	40.18	119.105	1.075796	-0.050996	0.306464	0.0795	0.4065	0.138	0	196	221	3
2026-02-12	15:44:29.910	91	46.725	130.13	1.059936	-0.040992	0.30012	0.0675	0.4395	0.1365	0	196	221	3
2026-02-12	15:44:29.930	64.085	52.78	137.165	1.020164	-0.042944	0.293532	0.06	0.4665	0.135	0	196	221	3
2026-02-12	15:44:29.950	34.51	56.105	140.735	1.018212	-0.031476	0.274256	0.06	0.4845	0.1335	0	196	221	3
2026-02-12	15:44:29.970	-6.825	57.05	141.995	1.030412	-0.036356	0.23546	0.0525	0.5025	0.1215	0	196	221	3
2026-02-12	15:44:29.990	-51.275	56.21	142.94	1.069696	-0.06344	0.18666	0.0495	0.525	0.1155	0	196	221	3
2026-02-12	15:44:30.010	-97.02	51.765	144.76	1.13216	-0.099552	0.133224	0.054	0.5355	0.1155	0	196	258	3
2026-02-12	15:44:30.030	-108.29	52.99	146.685	1.195112	-0.22692	0.087596	0.0495	0.558	0.1035	0	196	258	3
2026-02-12	15:44:30.050	-80.325	59.885	149.835	1.21512	-0.317444	0.030256	0.0465	0.573	0.096	0	196	258	3
2026-02-12	15:44:30.070	-29.085	63.875	148.75	1.234152	-0.24888	0.01464	0.051	0.5925	0.099	0	196	258	3
2026-02-12	15:44:30.090	-4.13	65.66	143.045	1.217316	-0.20008	0.004636	0.0495	0.6135	0.0885	0	196	258	3
2026-02-12	15:44:30.110	-1.995	63.875	135.87	1.20414	-0.169824	0.00976	0.0525	0.6405	0.0735	0	196	258	3
2026-02-12	15:44:30.130	-8.715	60.375	127.645	1.133868	-0.127124	0.021472	0.0525	0.657	0.066	0	196	258	3
2026-02-12	15:44:30.150	-21.14	55.055	118.16	1.018456	-0.081008	0.037332	0.054	0.678	0.057	0	196	258	3
2026-02-12	15:44:30.170	-37.975	47.355	105.525	0.927688	-0.094916	0.057828	0.0645	0.6945	0.0495	0	196	258	3
2026-02-12	15:44:30.190	-47.075	39.165	91	0.933788	-0.186904	0.073688	0.072	0.7035	0.0465	0	196	258	3
2026-02-12	15:44:30.210	-45.36	31.71	77.21	0.916952	-0.261812	0.092232	0.0735	0.708	0.0465	0	198	260	3
2026-02-12	15:44:30.230	-36.505	25.34	65.695	0.875716	-0.318908	0.094916	0.0705	0.726	0.0405	0	198	260	3
2026-02-12	15:44:30.250	-21.805	18.095	54.67	0.843996	-0.331108	0.085644	0.081	0.7395	0.0405	0	198	260	3
2026-02-12	15:44:30.270	-1.155	11.025	42.28	0.892308	-0.337696	0.095648	0.0855	0.735	0.0495	0	198	260	3
2026-02-12	15:44:30.290	30.555	3.43	23.695	0.899872	-0.302072	0.099064	0.0915	0.744	0.045	0	198	260	3
2026-02-12	15:44:30.310	43.19	-1.96	12.845	0.864736	-0.27572	0.09516	0.0885	0.747	0.042	0	198	260	3
2026-02-12	15:44:30.330	47.67	-8.47	1.89	0.835456	-0.248148	0.094916	0.09	0.75	0.042	0	198	260	3
2026-02-12	15:44:30.350	45.045	-14.63	-9.8	0.80276	-0.233264	0.097844	0.0915	0.753	0.0405	0	198	260	3
2026-02-12	15:44:30.370	38.675	-21.665	-22.575	0.814716	-0.229604	0.115412	0.0885	0.7545	0.033	0	198	260	3
2026-02-12	15:44:30.390	33.04	-28.07	-36.295	0.853268	-0.24644	0.15738	0.0855	0.7515	0.033	0	198	260	3
2026-02-12	15:44:30.410	29.61	-31.885	-49.14	0.839604	-0.254736	0.19276	0.0855	0.747	0.0345	0	201	231	3
2026-02-12	15:44:30.430	29.855	-34.86	-62.125	0.835212	-0.262056	0.216184	0.087	0.7455	0.036	0	201	231	3
2026-02-12	15:44:30.450	32.76	-36.89	-75.775	0.847412	-0.260592	0.223992	0.084	0.735	0.042	0	201	231	3
2026-02-12	15:44:30.470	37.45	-38.465	-89.67	0.897188	-0.272304	0.238876	0.0765	0.7215	0.042	0	201	231	3
2026-02-12	15:44:30.490	44.905	-38.29	-104.055	0.950136	-0.285968	0.260348	0.0735	0.714	0.0405	0	201	231	3
2026-02-12	15:44:30.510	53.375	-37.17	-113.96	0.962336	-0.295728	0.274988	0.0735	0.714	0.0405	0	201	231	3
2026-02-12	15:44:30.530	66.36	-35.7	-117.95	0.997228	-0.319396	0.32574	0.066	0.696	0.048	0	201	231	3
2026-02-12	15:44:30.550	86.275	-32.83	-118.37	1.064328	-0.304756	0.376248	0.0585	0.6675	0.054	0	201	231	3
2026-02-12	15:44:30.570	100.555	-29.68	-118.23	1.118008	-0.252052	0.40748	0.0495	0.6525	0.0555	0	201	231	3
2026-02-12	15:44:30.590	102.655	-23.905	-117.005	1.125572	-0.22326	0.430172	0.0405	0.636	0.054	0	201	231	3
2026-02-12	15:44:30.610	96.95	-18.445	-111.65	1.135332	-0.191052	0.45506	0.0405	0.615	0.051	0	203	213	3
2026-02-12	15:44:30.630	79.94	-13.895	-102.69	1.083116	-0.116632	0.444324	0.039	0.597	0.0585	0	203	213	3
2026-02-12	15:44:30.650	45.115	-11.2	-90.86	0.982588	-0.026596	0.4026	0.036	0.588	0.0645	0	203	213	3
2026-02-12	15:44:30.670	-2.87	-12.04	-79.8	0.9333	0.026352	0.36356	0.03	0.5715	0.0555	0	203	213	3
2026-02-12	15:44:30.690	-50.89	-14.945	-71.645	0.955992	0.05368	0.345992	0.033	0.5685	0.0495	0	203	213	3
2026-02-12	15:44:30.710	-100.1	-19.285	-63.63	0.967704	0.022692	0.347212	0.03	0.561	0.057	0	203	213	3
2026-02-12	15:44:30.730	-136.325	-22.435	-55.965	0.9516	-0.046604	0.36356	0.0345	0.546	0.0585	0	203	213	3
2026-02-12	15:44:30.750	-155.4	-21.91	-49.98	0.935984	-0.122488	0.360632	0.039	0.5325	0.063	0	203	213	3
2026-02-12	15:44:30.770	-166.46	-18.69	-43.26	0.917196	-0.193004	0.335012	0.0405	0.522	0.0675	0	203	213	3
2026-02-12	15:44:30.790	-169.295	-13.825	-35.455	0.898408	-0.241072	0.298656	0.0405	0.507	0.069	0	203	213	3
2026-02-12	15:44:30.810	-166.215	-9.905	-28.385	0.887428	-0.269132	0.25742	0.0405	0.4995	0.0645	0	204	226	3
2026-02-12	15:44:30.830	-155.96	-8.05	-23.52	0.871568	-0.29402	0.24034	0.0435	0.4965	0.063	0	204	226	3
2026-02-12	15:44:30.850	-134.435	-7.91	-19.67	0.853512	-0.307196	0.260104	0.0435	0.4965	0.0675	0	204	226	3
2026-02-12	15:44:30.870	-105.595	-9.66	-16.205	0.85766	-0.295484	0.299632	0.0375	0.495	0.063	0	204	226	3
2026-02-12	15:44:30.890	-80.185	-10.745	-13.09	0.838872	-0.259128	0.350872	0.0525	0.4935	0.057	0	204	226	3
2026-02-12	15:44:30.910	-63.245	-11.06	-10.5	0.8052	-0.226188	0.368928	0.0435	0.4785	0.0615	0	204	226	3
2026-02-12	15:44:30.930	-49.595	-15.54	-11.55	0.794952	-0.202276	0.369172	0.0435	0.483	0.0525	0	204	226	3
2026-02-12	15:44:30.950	-36.225	-19.215	-13.58	0.824476	-0.262056	0.438468	0.0405	0.4815	0.057	0	204	226	3
2026-02-12	15:44:30.970	-8.785	-18.9	-9.625	0.84424	-0.277916	0.519476	0.042	0.4815	0.06	0	204	226	3
2026-02-12	15:44:30.990	12.915	-18.48	0	0.877424	-0.156404	0.468724	0.045	0.477	0.063	0	204	226	3
2026-02-12	15:44:31.010	11.655	-23.24	1.785	0.986736	-0.025864	0.383812	0.0465	0.4755	0.069	0	204	254	3
2026-02-12	15:44:31.030	-11.48	-30.905	-6.51	1.049444	-0.063196	0.328668	0.0495	0.477	0.072	0	204	254	3
2026-02-12	15:44:31.050	-18.655	-42.105	-21.21	1.16266	-0.20252	0.35624	0.0525	0.477	0.075	0	204	254	3
2026-02-12	15:44:31.070	-1.82	-51.52	-38.85	1.345172	-0.329156	0.488	0.054	0.477	0.078	0	204	254	3
2026-02-12	15:44:31.090	23.205	-48.44	-47.845	1.435696	-0.437004	0.586332	0.0435	0.4605	0.078	0	204	254	3
2026-02-12	15:44:31.110	47.88	-38.325	-46.97	1.363228	-0.393084	0.571692	0.0435	0.468	0.0975	0	204	254	3
2026-02-12	15:44:31.130	48.055	-24.71	-36.4	1.154852	-0.308416	0.432612	0.054	0.4515	0.1005	0	204	254	3
2026-02-12	15:44:31.150	39.06	-16.485	-19.215	0.943792	-0.293532	0.335012	0.054	0.4515	0.1005	0	204	254	3
2026-02-12	15:44:31.170	49.56	-14.525	-4.41	0.854732	-0.283284	0.30012	0.0555	0.447	0.1065	0	204	254	3
2026-02-12	15:44:31.190	69.405	-14.455	7.525	0.823744	-0.213744	0.272792	0.057	0.444	0.114	0	204	254	3
2026-02-12	15:44:31.210	76.055	-12.005	17.885	0.805688	-0.159576	0.243512	0.057	0.447	0.1185	0	204	289	3
2026-02-12	15:44:31.230	69.86	-7.385	27.265	0.845216	-0.177632	0.225212	0.057	0.453	0.1245	0	204	289	3
2026-02-12	15:44:31.250	55.3	-0.42	36.365	0.871812	-0.178852	0.211304	0.057	0.456	0.126	0	204	289	3
2026-02-12	15:44:31.270	34.405	7.455	45.43	0.904508	-0.181292	0.171776	0.057	0.4575	0.126	0	204	289	3
2026-02-12	15:44:31.290	13.58	15.155	54.285	0.956724	-0.18056	0.120048	0.054	0.471	0.126	0	204	289	3
2026-02-12	15:44:31.310	-2.59	20.86	63.77	1.011136	-0.160308	0.072468	0.051	0.4725	0.132	0	204	289	3
2026-02-12	15:44:31.330	-15.47	24.675	73.885	1.0309	-0.153232	0.056852	0.054	0.4815	0.129	0	204	289	3
2026-02-12	15:44:31.350	-23.24	27.93	85.155	1.080676	-0.159576	0.0427	0.0495	0.495	0.12	0	204	289	3
2026-02-12	15:44:31.370	-27.44	31.185	93.24	1.200724	-0.147864	0.030988	0.0465	0.5055	0.1125	0	204	289	3
2026-02-12	15:44:31.390	-36.05	35.98	99.295	1.212436	-0.140544	0.041968	0.0405	0.525	0.1065	0	204	289	3
2026-02-12	15:44:31.410	-45.64	37.59	104.125	1.185596	-0.170068	0.053192	0.0345	0.543	0.1035	0	204	298	3
2026-02-12	15:44:31.430	-50.365	37.03	106.575	1.156316	-0.209108	0.05856	0.036	0.5535	0.1005	0	204	298	3
2026-02-12	15:44:31.450	-50.75	36.89	106.855	1.144848	-0.253272	0.057828	0.036	0.5655	0.099	0	204	298	3
2026-02-12	15:44:31.470	-44.555	36.155	105.735	1.177544	-0.283772	0.06466	0.0315	0.582	0.093	0	204	298	3
2026-02-12	15:44:31.490	-35.595	35.665	105.07	1.090436	-0.27694	0.052216	0.0315	0.588	0.0915	0	204	298	3
2026-02-12	15:44:31.510	-24.08	31.885	102.34	0.993568	-0.257176	0.043432	0.0405	0.606	0.0885	0	204	298	3
2026-02-12	15:44:31.530	-26.95	23.835	96.46	0.941108	-0.171776	0.068076	0.0375	0.6195	0.0765	0	204	298	3
2026-02-12	15:44:31.550	-66.36	14.175	88.865	0.983808	-0.199348	0.117608	0.036	0.633	0.0705	0	204	298	3
2026-02-12	15:44:31.570	-105.14	7.385	80.57	0.943792	-0.323788	0.077348	0.0405	0.651	0.072	0	204	298	3
2026-02-12	15:44:31.590	-100.52	2.765	76.195	0.88206	-0.322812	0.04148	0.0435	0.6615	0.078	0	204	298	3
2026-02-12	15:44:31.610	-90.615	-1.295	70	0.837896	-0.344284	0.016592	0.045	0.6735	0.084	0	206	267	3
2026-02-12	15:44:31.630	-72.695	-3.885	60.62	0.837652	-0.418704	0.005368	0.048	0.681	0.0855	0	206	267	3
2026-02-12	15:44:31.650	-43.19	-3.99	51.415	0.836676	-0.456768	0.005124	0.054	0.69	0.09	0	206	267	3
2026-02-12	15:44:31.670	-9.905	-2.94	42.49	0.830088	-0.453352	0.005368	0.054	0.6975	0.096	0	206	267	3
2026-02-12	15:44:31.690	18.655	-1.61	32.41	0.812764	-0.422608	0.003904	0.054	0.7005	0.099	0	206	267	3
2026-02-12	15:44:31.710	36.715	-1.085	20.125	0.835456	-0.385764	0.031232	0.051	0.7035	0.0915	0	206	267	3
2026-02-12	15:44:31.730	44.415	0.98	7.945	0.843508	-0.362096	0.058316	0.063	0.705	0.0975	0	206	267	3
2026-02-12	15:44:31.750	45.43	3.01	-2.625	0.808616	-0.327448	0.074176	0.054	0.711	0.0885	0	206	267	3
2026-02-12	15:44:31.770	44.03	2.695	-14.875	0.80886	-0.3294	0.084668	0.0525	0.711	0.09	0	206	267	3
2026-02-12	15:44:31.790	45.605	2.625	-26.495	0.800076	-0.35136	0.116632	0.0525	0.711	0.09	0	206	267	3
2026-02-12	15:44:31.810	49.84	2.835	-34.825	0.775676	-0.332816	0.129808	0.0555	0.7095	0.0825	0	208	217	3
2026-02-12	15:44:31.830	54.215	2.625	-44.52	0.819596	-0.315492	0.13908	0.0525	0.705	0.075	0	208	217	3
2026-02-12	15:44:31.850	56.945	3.43	-57.225	0.919636	-0.301584	0.147376	0.0495	0.696	0.0735	0	208	217	3
2026-02-12	15:44:31.870	58.59	5.11	-72.975	1.06872	-0.313296	0.178608	0.048	0.687	0.069	0	208	217	3
2026-02-12	15:44:31.890	55.58	9.45	-87.605	1.142408	-0.303292	0.20374	0.042	0.6765	0.0615	0	208	217	3
2026-02-12	15:44:31.910	44.765	14.07	-95.235	1.09922	-0.277184	0.192028	0.042	0.669	0.0585	0	208	217	3
2026-02-12	15:44:31.930	27.825	15.295	-94.745	1.009916	-0.237656	0.168116	0.036	0.6705	0.0645	0	208	217	3
2026-02-12	15:44:31.950	11.27	13.79	-91.805	0.947452	-0.19154	0.166652	0.0285	0.6465	0.06	0	208	217	3
2026-02-12	15:44:31.970	-4.2	10.185	-89.53	0.941596	-0.139812	0.176656	0.0285	0.63	0.048	0	208	217	3
2026-02-12	15:44:31.990	-21.875	1.435	-87.605	0.9455	-0.156892	0.205936	0.0345	0.624	0.0525	0	208	217	3
2026-02-12	15:44:32.010	-30.835	-9.135	-84.525	0.970632	-0.216672	0.262544	0.0285	0.612	0.0555	0	208	182	3
2026-02-12	15:44:32.030	-26.005	-14.665	-83.09	1.007964	-0.249612	0.295484	0.024	0.591	0.051	0	208	182	3
2026-02-12	15:44:32.050	-18.34	-16.24	-82.775	1.038464	-0.240584	0.2989	0.024	0.576	0.051	0	208	182	3
2026-02-12	15:44:32.070	-18.06	-14.875	-82.74	1.016748	-0.226676	0.279136	0.024	0.567	0.057	0	208	182	3
2026-02-12	15:44:32.090	-24.045	-12.25	-82.285	0.969168	-0.216428	0.255468	0.027	0.558	0.0615	0	208	182	3
2026-02-12	15:44:32.110	-31.675	-10.185	-82.04	0.91378	-0.212768	0.222772	0.0255	0.5445	0.0615	0	208	182	3
2026-02-12	15:44:32.130	-37.94	-9.66	-82.81	0.861564	-0.219356	0.2013	0.024	0.534	0.0585	0	208	182	3
2026-02-12	15:44:32.150	-39.76	-11.34	-84.105	0.85888	-0.244488	0.199592	0.018	0.528	0.066	0	208	182	3
2026-02-12	15:44:32.170	-35.98	-13.65	-84.7	0.913292	-0.261568	0.220088	0.0315	0.5145	0.06	0	208	182	3
2026-02-12	15:44:32.190	-31.465	-14.07	-84.035	0.945988	-0.267424	0.227408	0.021	0.4995	0.0645	0	208	182	3
2026-02-12	15:44:32.210	-20.09	-15.855	-79.59	0.924272	-0.274744	0.247416	0.027	0.4815	0.0675	0	205	175	3
2026-02-12	15:44:32.230	-11.375	-19.425	-76.825	0.926712	-0.267912	0.266204	0.033	0.471	0.0675	0	205	175	3
2026-02-12	15:44:32.250	-4.375	-22.995	-74.865	0.946964	-0.267668	0.298168	0.042	0.4515	0.066	0	205	175	3
2026-02-12	15:44:32.270	-1.155	-26.075	-71.75	0.91622	-0.253272	0.310612	0.039	0.4395	0.0705	0	205	175	3
2026-02-12	15:44:32.290	-2.24	-31.115	-67.34	0.874496	-0.225456	0.30256	0.039	0.432	0.0765	0	205	175	3
2026-02-12	15:44:32.310	-5.915	-37.975	-63.56	0.871568	-0.227408	0.313052	0.0465	0.4215	0.0795	0	205	175	3
2026-02-12	15:44:32.330	-4.165	-44.17	-60.55	0.902068	-0.26596	0.348188	0.051	0.417	0.0825	0	205	175	3
2026-02-12	15:44:32.350	2.59	-47.88	-56.28	0.899628	-0.286944	0.372588	0.048	0.4095	0.087	0	205	175	3
2026-02-12	15:44:32.370	13.335	-50.26	-50.435	0.892308	-0.301584	0.376004	0.054	0.3945	0.099	0	205	175	3
2026-02-12	15:44:32.390	28.84	-53.27	-45.675	0.971608	-0.298656	0.381616	0.0555	0.3975	0.102	0	205	175	3
2026-02-12	15:44:32.410	50.96	-53.27	-42.175	1.076284	-0.330864	0.427976	0.0615	0.393	0.111	0	200	193	3
2026-02-12	15:44:32.430	92.05	-42	-35.63	1.165832	-0.471408	0.529724	0.0615	0.393	0.111	0	200	193	3
2026-02-12	15:44:32.450	137.41	-25.585	-19.985	1.290028	-0.470188	0.5124	0.066	0.384	0.129	0	200	193	3
2026-02-12	15:44:32.470	159.355	-4.62	2.205	1.41154	-0.281576	0.390888	0.072	0.3795	0.1515	0	200	193	3
2026-02-12	15:44:32.490	131.565	19.075	24.465	1.451312	-0.10492	0.235704	0.0735	0.3885	0.162	0	200	193	3
2026-02-12	15:44:32.510	73.5	39.375	43.785	1.438624	-0.04148	0.123464	0.0705	0.3945	0.1695	0	200	193	3
2026-02-12	15:44:32.530	22.155	51.975	61.81	1.369572	-0.05368	0.060024	0.066	0.4035	0.171	0	200	193	3
2026-02-12	15:44:32.550	-4.97	55.02	80.955	1.305156	-0.03294	0.07198	0.0615	0.4095	0.1725	0	200	193	3
2026-02-12	15:44:32.570	-29.19	54.95	99.925	1.171444	0.016104	0.119804	0.051	0.4215	0.156	0	200	193	3
2026-02-12	15:44:32.590	-60.62	49.84	114.835	1.046516	0.013664	0.169092	0.0525	0.432	0.1455	0	200	193	3
2026-02-12	15:44:32.610	-92.75	40.495	126.105	0.993568	-0.01952	0.192516	0.039	0.444	0.129	0	196	220	3
2026-02-12	15:44:32.630	-133.07	31.71	137.655	0.9882	-0.130784	0.182512	0.0285	0.4665	0.126	0	196	220	3
2026-02-12	15:44:32.650	-158.9	23.905	149.52	0.94062	-0.256444	0.144448	0.024	0.483	0.1185	0	196	220	3
2026-02-12	15:44:32.670	-156.975	14.91	154.735	0.941108	-0.310124	0.094916	0.018	0.51	0.1095	0	196	220	3
2026-02-12	15:44:32.690	-139.58	8.715	155.68	1.012356	-0.358192	0.045384	0.0135	0.525	0.1035	0	196	220	3
2026-02-12	15:44:32.710	-106.33	6.825	154.035	1.103368	-0.358192	-0.032696	0.0165	0.5415	0.1005	0	196	220	3
2026-02-12	15:44:32.730	-69.37	7.035	150.745	1.105808	-0.290848	-0.08686399	0.0195	0.561	0.099	0	196	220	3
2026-02-12	15:44:32.750	-32.41	7.035	146.125	1.055544	-0.288164	-0.131028	0.018	0.5715	0.0975	0	196	220	3
2026-02-12	15:44:32.770	6.615	3.465	137.865	1.104588	-0.310124	-0.160552	0.0255	0.594	0.1065	0	196	220	3
2026-02-12	15:44:32.790	43.645	2.31	127.75	1.060912	-0.343064	-0.144936	0.0195	0.618	0.1005	0	196	220	3
2026-02-12	15:44:32.810	72.345	1.715	117.11	1.005768	-0.362828	-0.088572	0.024	0.6345	0.1035	0	196	217	3
2026-02-12	15:44:32.830	97.37	2.66	104.23	0.984052	-0.393816	-0.043188	0.0285	0.6555	0.0915	0	196	217	3
2026-02-12	15:44:32.850	121.59	3.115	84.525	0.876448	-0.357704	0.004392	0.0285	0.675	0.1035	0	196	217	3
2026-02-12	15:44:32.870	125.93	1.365	71.12	0.81252	-0.359412	0.033672	0.033	0.6885	0.0975	0	196	217	3
2026-02-12	15:44:32.890	125.335	-0.945	57.89	0.815692	-0.382104	0.049288	0.0405	0.7065	0.087	0	196	217	3
2026-02-12	15:44:32.910	122.185	-3.43	45.5	0.83448	-0.366732	0.066856	0.0375	0.714	0.0825	0	196	217	3
2026-02-12	15:44:32.930	113.365	-5.95	34.65	0.811788	-0.363804	0.07076	0.0375	0.7185	0.075	0	196	217	3
2026-02-12	15:44:32.950	105.245	-9.8	25.41	0.792268	-0.378932	0.078324	0.0405	0.729	0.069	0	196	217	3
2026-02-12	15:44:32.970	101.01	-13.37	16.415	0.829356	-0.390888	0.104432	0.039	0.7365	0.069	0	196	217	3
2026-02-12	15:44:32.990	99.4	-13.51	7.07	0.932568	-0.383568	0.132492	0.0435	0.7395	0.0555	0	196	217	3
2026-02-12	15:44:33.010	91.735	-9.905	-0.805	0.903288	-0.338184	0.141276	0.0495	0.741	0.0495	0	200	182	3
2026-02-12	15:44:33.030	79.24	-7.84	-8.68	0.8601	-0.323544	0.13786	0.042	0.744	0.0525	0	200	182	3
2026-02-12	15:44:33.050	63.875	-7.35	-18.06	0.840824	-0.303292	0.14274	0.045	0.738	0.0525	0	200	182	3
2026-02-12	15:44:33.070	50.855	-6.65	-26.11	0.863028	-0.277916	0.158356	0.045	0.738	0.0525	0	200	182	3
2026-02-12	15:44:33.090	40.18	-5.145	-31.5	0.85644	-0.2562	0.17568	0.0405	0.735	0.0465	0	200	182	3
2026-02-12	15:44:33.110	30.38	-4.06	-36.82	0.842044	-0.250588	0.19642	0.036	0.7305	0.0435	0	200	182	3
2026-02-12	15:44:33.130	26.145	-3.955	-41.72	0.85888	-0.268888	0.228872	0.039	0.726	0.0405	0	200	182	3
2026-02-12	15:44:33.150	29.96	-4.025	-46.165	0.932568	-0.278892	0.257664	0.033	0.7185	0.039	0	200	182	3
2026-02-12	15:44:33.170	36.435	-5.04	-51.345	1.0309	-0.235948	0.254736	0.0225	0.714	0.0405	0	200	182	3
2026-02-12	15:44:33.190	34.93	-6.79	-58.695	1.077748	-0.209596	0.26108	0.021	0.7155	0.0405	0	200	182	3
2026-02-12	15:44:33.210	28.84	-7.63	-65.625	1.089216	-0.210328	0.290604	0.018	0.6975	0.036	0	203	158	3
2026-02-12	15:44:33.230	21.665	-9.45	-70.945	1.107516	-0.1891	0.325984	0.018	0.69	0.033	0	203	158	3
2026-02-12	15:44:33.250	10.29	-8.4	-73.255	1.032852	-0.179584	0.342332	0.018	0.6825	0.0345	0	203	158	3
2026-02-12	15:44:33.270	0.595	-8.89	-73.08	0.974048	-0.175192	0.364048	0.009	0.672	0.033	0	203	158	3
2026-02-12	15:44:33.290	-6.65	-12.67	-70.945	0.955504	-0.157868	0.378444	0.012	0.66	0.0375	0	203	158	3
2026-02-12	15:44:33.310	-13.02	-17.745	-69.72	0.941352	-0.148352	0.380396	0.0075	0.6435	0.0435	0	203	158	3
2026-02-12	15:44:33.330	-15.68	-22.925	-69.16	0.92598	-0.16714	0.38064	0	0.63	0.045	0	203	158	3
2026-02-12	15:44:33.350	-16.135	-27.09	-69.44	0.933056	-0.159088	0.381372	0.0045	0.618	0.0465	0	203	158	3
2026-02-12	15:44:33.370	-22.085	-27.93	-70.63	0.912804	-0.127368	0.368684	0.0045	0.609	0.0525	0	203	158	3
2026-02-12	15:44:33.390	-37.345	-25.585	-72.905	0.863516	-0.11224	0.32574	0	0.603	0.06	0	203	158	3
2026-02-12	15:44:33.410	-53.795	-22.855	-78.085	0.842532	-0.122244	0.271328	-0.003	0.5925	0.057	0	204	167	3
2026-02-12	15:44:33.430	-69.72	-20.755	-85.225	0.842288	-0.142008	0.2379	0	0.5775	0.0615	0	204	167	3
2026-02-12	15:44:33.450	-80.745	-16.485	-91.42	0.909876	-0.19764	0.223016	0.003	0.5685	0.063	0	204	167	3
2026-02-12	15:44:33.470	-72.205	0.77	-94.92	0.859856	-0.255712	0.25864	0.003	0.5475	0.069	0	204	167	3
2026-02-12	15:44:33.490	-33.88	-2.52	-102.655	0.882792	-0.175436	0.339892	0	0.5295	0.069	0	204	167	3
2026-02-12	15:44:33.510	-35.63	-1.4	-107.065	0.8601	-0.13664	0.311588	0	0.5145	0.066	0	204	167	3
2026-02-12	15:44:33.530	-55.615	-5.18	-109.69	0.839604	-0.18788	0.296948	0	0.4935	0.0615	0	204	167	3
2026-02-12	15:44:33.550	-81.865	-14.035	-110.53	0.849364	-0.239364	0.309392	0.003	0.477	0.0615	0	204	167	3
2026-02-12	15:44:33.570	-105.42	-25.235	-111.02	0.8235	-0.269376	0.342332	0.006	0.456	0.06	0	204	167	3
2026-02-12	15:44:33.590	-125.3	-38.29	-111.16	0.872056	-0.267424	0.426512	0.0075	0.4395	0.0555	0	204	167	3
2026-02-12	15:44:33.610	-137.2	-43.26	-109.06	0.935984	-0.344528	0.513132	0.009	0.435	0.054	0	203	200	3
2026-02-12	15:44:33.630	-130.76	-42.735	-102.55	0.9333	-0.398208	0.536068	0.024	0.411	0.0615	0	203	200	3
2026-02-12	15:44:33.650	-110.075	-41.37	-93.905	0.93574	-0.431148	0.504104	0.027	0.4035	0.06	0	203	200	3
2026-02-12	15:44:33.670	-76.335	-38.99	-84.91	1.026752	-0.46726	0.48678	0.039	0.378	0.063	0	203	200	3
2026-02-12	15:44:33.690	-16.485	-33.145	-72.73	1.148508	-0.47214	0.503128	0.0375	0.3675	0.0645	0	203	200	3
2026-02-12	15:44:33.710	43.4	-25.97	-57.015	1.23708	-0.457256	0.482144	0.0375	0.3675	0.0645	0	203	200	3
2026-02-12	15:44:33.730	83.65	-18.375	-41.405	1.331752	-0.425292	0.464088	0.042	0.3555	0.0675	0	203	200	3
2026-02-12	15:44:33.750	96.005	-9.94	-23.31	1.413248	-0.330376	0.408944	0.051	0.339	0.078	0	203	200	3
2026-02-12	15:44:33.770	72.66	-2.87	-2.45	1.355664	-0.218136	0.337452	0.0555	0.339	0.09	0	203	200	3
2026-02-12	15:44:33.790	30.38	0.035	20.055	1.205116	-0.194468	0.305244	0.0585	0.3405	0.09	0	203	200	3
2026-02-12	15:44:33.810	2.94	-1.47	43.4	1.072868	-0.235948	0.315004	0.0555	0.3345	0.096	0	203	247	3
2026-02-12	15:44:33.830	0.42	-5.425	64.82	1.029192	-0.203496	0.341844	0.0525	0.3315	0.105	0	203	247	3
2026-02-12	15:44:33.850	-2.03	-7.07	82.95	1.029192	-0.1708	0.344528	0.0525	0.3495	0.0945	0	203	247	3
2026-02-12	15:44:33.870	-11.655	-6.755	99.855	1.014796	-0.185928	0.320616	0.048	0.3585	0.093	0	203	247	3
2026-02-12	15:44:33.890	-20.055	-6.93	116.34	0.999668	-0.214964	0.273036	0.036	0.3585	0.0885	0	203	247	3
2026-02-12	15:44:33.910	-22.855	-5.565	134.295	1.04676	-0.237412	0.205204	0.0255	0.378	0.0885	0	203	247	3
2026-02-12	15:44:33.930	-21.105	-3.465	150.045	1.103124	-0.233264	0.144448	0.018	0.396	0.0885	0	203	247	3
2026-02-12	15:44:33.950	-18.13	-1.505	161.56	1.09068	-0.20984	0.10126	0.015	0.426	0.09	0	203	247	3
2026-02-12	15:44:33.970	-12.215	-0.945	169.54	1.087996	-0.193736	0.06344	0.012	0.453	0.0855	0	203	247	3
2026-02-12	15:44:33.990	-3.255	-1.225	171.71	1.176812	-0.193736	0.042944	0.0015	0.4815	0.081	0	203	247	3
2026-02-12	15:44:34.010	3.465	1.155	170.625	1.192916	-0.18422	0.039772	-0.003	0.5115	0.078	0	203	277	3
2026-02-12	15:44:34.030	10.605	3.99	168.175	1.141188	-0.200812	0.051728	-0.003	0.528	0.078	0	203	277	3
2026-02-12	15:44:34.050	24.115	6.335	162.05	1.148264	-0.269864	0.08174	-0.009	0.5475	0.0735	0	203	277	3
2026-02-12	15:44:34.070	43.365	11.725	153.23	1.214632	-0.292312	0.10614	0.003	0.5745	0.0735	0	203	277	3
2026-02-12	15:44:34.090	52.955	20.09	142.73	1.131428	-0.271816	0.101992	-0.0045	0.6045	0.0645	0	203	277	3
2026-02-12	15:44:34.110	57.015	25.76	131.46	1.025532	-0.280844	0.074908	0.003	0.6255	0.0675	0	203	277	3
2026-02-12	15:44:34.130	64.26	27.3	111.51	1.042124	-0.28304	0.054412	0.003	0.6255	0.0675	0	203	277	3
2026-02-12	15:44:34.150	63.42	28.07	98.175	0.947452	-0.26718	0.044408	0.0045	0.654	0.06	0	203	277	3
2026-02-12	15:44:34.170	58.415	25.305	85.715	0.865712	-0.266204	0.054412	0.012	0.687	0.0495	0	203	277	3
2026-02-12	15:44:34.190	50.925	20.79	74.13	0.820328	-0.284992	0.06466	0.0225	0.7005	0.042	0	203	277	3
2026-02-12	15:44:34.210	47.67	15.68	62.475	0.860588	-0.297436	0.088816	0.0285	0.714	0.036	0	203	265	3
2026-02-12	15:44:34.230	47.285	12.67	50.435	0.876204	-0.301584	0.107116	0.03	0.723	0.03	0	203	265	3
2026-02-12	15:44:34.250	45.885	11.655	40.075	0.836432	-0.3111	0.09394	0.0315	0.7245	0.0285	0	203	265	3
2026-02-12	15:44:34.270	45.465	8.61	29.855	0.831796	-0.315248	0.08784	0.0375	0.732	0.0165	0	203	265	3
2026-02-12	15:44:34.290	47.11	5.145	18.55	0.832772	-0.318176	0.101504	0.036	0.741	0.0195	0	203	265	3
2026-02-12	15:44:34.310	49.63	1.995	6.545	0.8418	-0.312076	0.12566	0.0405	0.7335	0.0165	0	203	265	3
2026-02-12	15:44:34.330	52.78	-1.435	-8.47	0.865956	-0.310612	0.154208	0.033	0.7425	0.0105	0	203	265	3
2026-02-12	15:44:34.350	58.38	-4.165	-21.35	0.848388	-0.315004	0.190564	0.036	0.738	0.006	0	203	265	3
2026-02-12	15:44:34.370	65.59	-6.3	-30.485	0.848388	-0.30988	0.217404	0.0375	0.735	0	0	203	265	3
2026-02-12	15:44:34.390	72.625	-9.415	-40.635	0.890112	-0.281576	0.225212	0.0315	0.726	-0.006	0	203	265	3
2026-02-12	15:44:34.410	75.67	-13.895	-54.32	0.969656	-0.264252	0.236192	0.0285	0.72	-0.015	0	202	232	3
2026-02-12	15:44:34.430	76.58	-17.43	-68.705	1.020896	-0.290848	0.27084	0.0285	0.7155	-0.012	0	202	232	3
2026-02-12	15:44:34.450	79.94	-20.09	-78.96	1.035292	-0.294264	0.315492	0.0285	0.7065	-0.0075	0	202	232	3
2026-02-12	15:44:34.470	82.355	-21.735	-84.7	1.01138	-0.262056	0.349408	0.0225	0.699	-0.012	0	202	232	3
2026-02-12	15:44:34.490	77.875	-21.91	-87.43	0.956236	-0.21106	0.364292	0.027	0.687	-0.021	0	202	232	3
2026-02-12	15:44:34.510	66.15	-22.54	-87.92	0.926468	-0.17202	0.371124	0.0195	0.6675	-0.0165	0	202	232	3
2026-02-12	15:44:34.530	51.38	-24.115	-85.715	0.914268	-0.154452	0.368928	0.0075	0.6585	-0.018	0	202	232	3
2026-02-12	15:44:34.550	35.245	-25.445	-80.395	0.899384	-0.17202	0.388448	0.0075	0.6435	-0.009	0	202	232	3
2026-02-12	15:44:34.570	27.79	-26.565	-74.06	0.930372	-0.193492	0.437248	0.0045	0.6255	-0.006	0	202	232	3
2026-02-12	15:44:34.590	25.935	-25.97	-68.53	0.952576	-0.173728	0.458476	0.0015	0.606	-0.0045	0	202	232	3
2026-02-12	15:44:34.610	19.95	-24.92	-63.735	0.980636	-0.142984	0.458476	0.0015	0.6	-0.0045	0	201	222	3
2026-02-12	15:44:34.630	8.05	-22.75	-60.025	1.00528	-0.131272	0.439932	0	0.591	-0.003	0	201	222	3
2026-02-12	15:44:34.650	-6.615	-19.46	-56.175	0.982588	-0.118828	0.429684	0	0.5805	-0.0015	0	201	222	3
2026-02-12	15:44:34.670	-21.525	-16.17	-52.64	0.9394	-0.107604	0.405284	-0.0015	0.5775	0	0	201	222	3
2026-02-12	15:44:34.690	-37.24	-14.35	-50.26	0.912072	-0.104676	0.3843	0	0.567	0.006	0	201	222	3
2026-02-12	15:44:34.710	-51.24	-13.405	-48.965	0.919636	-0.125172	0.370148	0.0015	0.561	0.012	0	201	222	3
2026-02-12	15:44:34.730	-60.13	-12.81	-47.145	0.92842	-0.139324	0.368196	-0.003	0.558	0.012	0	201	222	3
2026-02-12	15:44:34.750	-66.43	-12.18	-44.59	0.916708	-0.153476	0.361852	-0.0015	0.552	0.0165	0	201	222	3
2026-02-12	15:44:34.770	-74.2	-12.25	-40.88	0.900848	-0.154208	0.3355	-0.0015	0.552	0.0165	0	201	222	3
2026-02-12	15:44:34.790	-76.65	-12.215	-39.34	0.898896	-0.162992	0.33428	-0.0015	0.537	0.0135	0	201	222	3
2026-02-12	15:44:34.810	-77.98	-12.495	-38.395	0.891088	-0.162992	0.319884	0	0.522	0.0135	0	198	243	3
2026-02-12	15:44:34.830	-79.66	-13.09	-37.45	0.85156	-0.16592	0.315736	0	0.5175	0.0165	0	198	243	3
2026-02-12	15:44:34.850	-78.82	-14.665	-37.03	0.833504	-0.173972	0.313296	0	0.5145	0.015	0	198	243	3
2026-02-12	15:44:34.870	-76.545	-16.94	-38.325	0.863028	-0.176656	0.30378	0.0015	0.5115	0.0195	0	198	243	3
2026-02-12	15:44:34.890	-76.79	-18.62	-40.845	0.87718	-0.170556	0.288164	0	0.5085	0.0255	0	198	243	3
2026-02-12	15:44:34.910	-78.75	-20.02	-43.015	0.85888	-0.179096	0.279624	0.0015	0.501	0.018	0	198	243	3
2026-02-12	15:44:34.930	-77.035	-22.54	-46.06	0.860588	-0.190564	0.285968	0.0015	0.4875	0.0225	0	198	243	3
2026-02-12	15:44:34.950	-72.66	-24.675	-50.225	0.85766	-0.209108	0.30134	0.003	0.477	0.027	0	198	243	3
2026-02-12	15:44:34.970	-64.05	-26.915	-55.195	0.851804	-0.223016	0.323788	0.003	0.4755	0.03	0	198	243	3
2026-02-12	15:44:34.990	-55.545	-29.26	-59.115	0.828624	-0.21716	0.330864	0.003	0.4755	0.03	0	198	243	3
2026-02-12	15:44:35.010	-50.085	-31.5	-61.355	0.82716	-0.21716	0.323056	0.0105	0.4605	0.0285	0	193	271	2
2026-02-12	15:44:35.030	-45.255	-34.545	-62.44	0.836676	-0.205936	0.317688	0.015	0.4425	0.033	0	193	271	2
2026-02-12	15:44:35.050	-43.68	-38.325	-63.84	0.87352	-0.193492	0.310612	0.0135	0.432	0.0405	0	193	271	2
2026-02-12	15:44:35.070	-44.905	-42.245	-65.975	0.918172	-0.213744	0.298656	0.0165	0.4215	0.0435	0	193	271	2
2026-02-12	15:44:35.090	-40.495	-49.07	-69.51	1.012356	-0.255956	0.312076	0.0195	0.417	0.045	0	193	271	2
2026-02-12	15:44:35.110	-24.85	-55.685	-74.83	1.148996	-0.336232	0.412604	0.03	0.405	0.036	0	193	271	2
2026-02-12	15:44:35.130	11.83	-55.615	-80.29	1.302228	-0.468236	0.58926	0.0315	0.3945	0.0585	0	193	271	2
2026-02-12	15:44:35.150	61.985	-46.935	-76.23	1.430084	-0.50752	0.673928	0.0315	0.39	0.0585	0	193	271	2
2026-02-12	15:44:35.170	103.32	-29.4	-60.515	1.387384	-0.39772	0.61854	0.045	0.3855	0.0735	0	193	271	2
2026-02-12	15:44:35.190	115.815	-8.61	-31.605	1.266604	-0.271328	0.470676	0.0405	0.3645	0.0825	0	193	271	2
2026-02-12	15:44:35.210	103.53	8.295	-0.21	1.161928	-0.216428	0.380884	0.0465	0.3675	0.093	0	186	298	3
2026-02-12	15:44:35.230	94.325	18.9	22.785	1.128256	-0.183976	0.349652	0.054	0.3735	0.1005	0	186	298	3
2026-02-12	15:44:35.250	88.235	24.99	42.665	1.1102	-0.079788	0.3294	0.048	0.3765	0.102	0	186	298	3
2026-02-12	15:44:35.270	64.47	30.135	57.33	1.092632	0.011712	0.316224	0.0435	0.3795	0.1065	0	186	298	3
2026-02-12	15:44:35.290	20.475	38.15	67.865	1.070184	-0.01342	0.299876	0.0435	0.39	0.102	0	186	298	3
2026-02-12	15:44:35.310	-21.42	44.485	78.225	1.0187	-0.05734	0.268156	0.039	0.399	0.1005	0	186	298	3
2026-02-12	15:44:35.330	-58.065	47.425	89.95	0.949404	-0.105652	0.249124	0.027	0.402	0.099	0	186	298	3
2026-02-12	15:44:35.350	-82.075	47.6	102.865	0.942816	-0.171532	0.229604	0.039	0.4185	0.081	0	186	298	3
2026-02-12	15:44:35.370	-87.36	45.43	116.725	0.999424	-0.210084	0.210328	0.027	0.4305	0.069	0	186	298	3
2026-02-12	15:44:35.390	-81.69	43.925	128.975	1.063596	-0.217648	0.198372	0.024	0.4515	0.063	0	186	298	3
2026-02-12	15:44:35.410	-73.43	44.87	141.365	1.089948	-0.2501	0.172996	0.0255	0.474	0.0525	0	182	318	3
2026-02-12	15:44:35.430	-58.135	46.375	145.18	1.167052	-0.308416	0.180316	0.018	0.492	0.045	0	182	318	3
2026-02-12	15:44:35.450	-34.3	50.05	144.725	1.281732	-0.316956	0.186904	0.0135	0.516	0.036	0	182	318	3
2026-02-12	15:44:35.470	-17.395	55.51	142.975	1.248792	-0.267424	0.161528	0.012	0.5415	0.0285	0	182	318	3
2026-02-12	15:44:35.490	-9.59	57.82	140.385	1.126304	-0.238144	0.125416	0.0075	0.57	0.0165	0	182	318	3
2026-02-12	15:44:35.510	-4.27	54.775	135.17	1.02358	-0.224236	0.099796	0.0075	0.582	0.009	0	182	318	3
2026-02-12	15:44:35.530	-0.315	49.945	127.085	0.913292	-0.227408	0.090524	0.018	0.5955	0.018	0	182	318	3
2026-02-12	15:44:35.550	5.145	43.645	116.41	0.851316	-0.253028	0.090524	0.0135	0.618	0	0	182	318	3
2026-02-12	15:44:35.570	12.81	36.855	104.3	0.847656	-0.288652	0.09467199	0.0225	0.6315	-0.0015	0	182	318	3
2026-02-12	15:44:35.590	24.08	30.345	92.225	0.903776	-0.300364	0.109312	0.021	0.6465	-0.0105	0	182	318	3
2026-02-12	15:44:35.610	33.6	24.78	79.59	0.843996	-0.27206	0.108336	0.027	0.6615	-0.0105	0	181	308	3
2026-02-12	15:44:35.630	38.29	18.655	66.885	0.788364	-0.246684	0.08906	0.027	0.6615	-0.0105	0	181	308	3
2026-02-12	15:44:35.650	38.78	12.985	55.405	0.789584	-0.236924	0.088084	0.0405	0.6765	-0.018	0	181	308	3
2026-02-12	15:44:35.670	38.885	7.245	42.525	0.85888	-0.238388	0.114924	0.0465	0.696	-0.024	0	181	308	3
2026-02-12	15:44:35.690	35.315	3.885	30.59	0.838384	-0.225944	0.14152	0.039	0.7035	-0.024	0	181	308	3
2026-02-12	15:44:35.710	31.675	-0.455	17.885	0.808128	-0.229848	0.15738	0.0435	0.7065	-0.027	0	181	308	3
2026-02-12	15:44:35.730	31.64	-5.32	3.43	0.811788	-0.254492	0.179828	0.0465	0.7065	-0.027	0	181	308	3
2026-02-12	15:44:35.750	37.8	-9.905	-10.01	0.849364	-0.280112	0.21228	0.051	0.7125	-0.03	0	181	308	3
2026-02-12	15:44:35.770	47.88	-13.72	-20.09	0.859856	-0.268644	0.24156	0.042	0.7065	-0.033	0	181	308	3
2026-02-12	15:44:35.790	56.84	-16.695	-27.825	0.844484	-0.251076	0.25864	0.042	0.699	-0.0315	0	181	308	3
2026-02-12	15:44:35.810	66.745	-18.865	-35.175	0.8601	-0.253516	0.297924	0.033	0.684	-0.036	0	182	278	3
2026-02-12	15:44:35.830	83.44	-17.115	-43.995	0.957944	-0.241804	0.363072	0.0465	0.69	-0.0315	0	182	278	3
2026-02-12	15:44:35.850	92.505	-12.6	-53.76	1.075796	-0.141032	0.353068	0.0435	0.681	-0.039	0	182	278	3
2026-02-12	15:44:35.870	72.8	-14.77	-68.005	1.17608	-0.038552	0.29158	0.039	0.6645	-0.0405	0	182	278	3
2026-02-12	15:44:35.890	34.265	-17.36	-85.785	1.182424	-0.053192	0.277672	0.0315	0.654	-0.0375	0	182	278	3
2026-02-12	15:44:35.910	0.28	-20.79	-100.52	1.149728	-0.106628	0.327936	0.0285	0.6465	-0.0345	0	182	278	3
2026-02-12	15:44:35.930	-16.765	-22.47	-110.88	1.098732	-0.128344	0.41236	0.024	0.633	-0.0315	0	182	278	3
2026-02-12	15:44:35.950	-31.15	-23.31	-113.505	0.98088	-0.117364	0.467016	0.0195	0.6255	-0.0315	0	182	278	3
2026-02-12	15:44:35.970	-46.41	-27.58	-112.14	0.899872	-0.120292	0.510204	0.021	0.6045	-0.03	0	182	278	3
2026-02-12	15:44:35.990	-55.23	-32.48	-110.6	0.862052	-0.158356	0.530944	0.015	0.591	-0.0195	0	182	278	3
2026-02-12	15:44:36.010	-48.545	-37.66	-108.71	0.831552	-0.187148	0.502152	0.015	0.591	-0.0195	0	183	264	3
2026-02-12	15:44:36.030	-40.425	-39.41	-109.13	0.856928	-0.174216	0.470432	0.006	0.549	-0.015	0	183	264	3
2026-02-12	15:44:36.050	-35.77	-37.8	-112.735	0.877424	-0.152744	0.382836	0.006	0.549	-0.015	0	183	264	3
2026-02-12	15:44:36.070	-40.74	-35.735	-117.705	0.893528	-0.153232	0.324764	0.0075	0.528	-0.006	0	183	264	3
2026-02-12	15:44:36.090	-49.385	-33.95	-123.9	0.913292	-0.170312	0.276208	0.009	0.498	0	0	183	264	3
2026-02-12	15:44:36.110	-57.225	-33.04	-129.22	0.950868	-0.198128	0.256932	0.0165	0.48	0.003	0	183	264	3
2026-02-12	15:44:36.130	-60.375	-33.075	-132.16	1.005524	-0.242292	0.294752	0.024	0.4635	0.0075	0	183	264	3
2026-02-12	15:44:36.150	-56.98	-33.425	-130.55	1.025288	-0.300364	0.35624	0.0255	0.4575	0.006	0	183	264	3
2026-02-12	15:44:36.170	-48.86	-33.285	-123.06	1.00772	-0.325984	0.41114	0.0195	0.432	0.006	0	183	264	3
2026-02-12	15:44:36.190	-39.76	-32.13	-110.18	0.97112	-0.330864	0.446032	0.0285	0.414	0.0105	0	183	264	3
2026-02-12	15:44:36.210	-29.61	-30.625	-92.225	0.926224	-0.315736	0.45872	0.039	0.399	0.015	0	184	279	3
2026-02-12	15:44:36.230	-16.135	-29.435	-72.87	0.89548	-0.275476	0.466528	0.045	0.39	0.018	0	184	279	3
2026-02-12	15:44:36.250	-4.585	-30.24	-50.365	0.885232	-0.207644	0.462136	0.0525	0.3645	0.0195	0	184	279	3
2026-02-12	15:44:36.270	-4.27	-32.445	-30.38	0.864248	-0.178852	0.451888	0.0525	0.3645	0.0195	0	184	279	3
2026-02-12	15:44:36.290	-11.095	-34.79	-16.765	0.851804	-0.186416	0.43676	0.0555	0.36	0.024	0	184	279	3
2026-02-12	15:44:36.310	-19.215	-36.47	-5.6	0.862052	-0.20618	0.424072	0.057	0.354	0.0285	0	184	279	3
2026-02-12	15:44:36.330	-22.82	-35.91	4.165	0.868152	-0.20862	0.424072	0.057	0.3525	0.036	0	184	279	3
2026-02-12	15:44:36.350	-24.5	-34.51	13.055	0.86742	-0.196908	0.431392	0.057	0.3525	0.0405	0	184	279	3
2026-02-12	15:44:36.370	-26.95	-31.045	20.825	0.86742	-0.190564	0.43554	0.0585	0.354	0.039	0	184	279	3
2026-02-12	15:44:36.390	-27.44	-27.335	27.93	0.871324	-0.199592	0.44164	0.0495	0.3525	0.051	0	184	279	3
2026-02-12	15:44:36.410	-22.995	-23.135	35.105	0.90646	-0.187148	0.465308	0.0585	0.36	0.0405	0	184	311	3
2026-02-12	15:44:36.430	-18.865	-18.34	41.405	0.951844	-0.150304	0.46848	0.0465	0.3645	0.048	0	184	311	3
2026-02-12	15:44:36.450	-22.75	-15.54	45.815	0.95404	-0.120292	0.4331	0.057	0.375	0.045	0	184	311	3
2026-02-12	15:44:36.470	-30.275	-18.725	45.57	1.016504	-0.141276	0.387716	0.0465	0.375	0.0495	0	184	311	3
2026-02-12	15:44:36.490	-28.805	-25.445	38.745	1.178276	-0.18666	0.421144	0.0465	0.3855	0.0525	0	184	311	3
2026-02-12	15:44:36.510	-19.25	-24.675	32.095	1.30418	-0.252784	0.501176	0.0435	0.399	0.057	0	184	311	3
2026-02-12	15:44:36.530	-13.51	-16.24	32.585	1.252208	-0.26718	0.472872	0.042	0.399	0.0615	0	184	311	3
2026-02-12	15:44:36.550	-10.64	-12.355	36.19	1.225124	-0.228628	0.351116	0.042	0.3975	0.0675	0	184	311	3
2026-02-12	15:44:36.570	-14.84	-10.675	40.95	1.178764	-0.198128	0.260348	0.042	0.399	0.0705	0	184	311	3
2026-02-12	15:44:36.590	-17.78	-8.715	46.97	1.181936	-0.172996	0.2135	0.0405	0.4095	0.063	0	184	311	3
2026-02-12	15:44:36.610	-18.725	-6.475	52.71	1.14558	-0.113704	0.168116	0.0345	0.4095	0.063	0	182	340	3
2026-02-12	15:44:36.630	-21.77	-4.9	59.745	1.057252	-0.107848	0.114192	0.036	0.4245	0.0615	0	182	340	3
2026-02-12	15:44:36.650	-22.855	-6.125	66.5	1.033584	-0.123952	0.071492	0.033	0.435	0.0585	0	182	340	3
2026-02-12	15:44:36.670	-26.775	-6.965	71.785	1.054568	-0.127612	0.032208	0.0315	0.438	0.0585	0	182	340	3
2026-02-12	15:44:36.690	-44.555	-5.67	80.955	1.009184	-0.15006	-0.034892	0.0315	0.438	0.0585	0	182	340	3
2026-02-12	15:44:36.710	-50.085	-6.3	88.62	1.017236	-0.192028	-0.048556	0.0285	0.4545	0.057	0	182	340	3
2026-02-12	15:44:36.730	-37.66	-5.985	95.2	1.113372	-0.221308	-0.046848	0.03	0.477	0.0585	0	182	340	3
2026-02-12	15:44:36.750	-17.29	-3.675	100.835	1.079944	-0.199836	-0.047336	0.027	0.495	0.0585	0	182	340	3
2026-02-12	15:44:36.770	-1.82	-5.18	105.28	1.020164	-0.180804	-0.073932	0.0255	0.513	0.054	0	182	340	3
2026-02-12	15:44:36.790	7.665	-9.38	106.96	1.00528	-0.173484	-0.095892	0.033	0.519	0.0525	0	182	340	3
2026-02-12	15:44:36.810	18.69	-12.145	104.79	1.04432	-0.202032	-0.072468	0.021	0.5265	0.0555	0	182	326	3
2026-02-12	15:44:36.830	29.995	-10.535	98.805	1.120204	-0.199592	-0.04758	0.018	0.5475	0.0705	0	182	326	3
2026-02-12	15:44:36.850	29.995	-4.935	91.315	1.052616	-0.20618	-0.022692	0.027	0.555	0.0735	0	182	326	3
2026-02-12	15:44:36.870	29.295	-2.205	83.09	0.987712	-0.248392	-0.015128	0.0225	0.5835	0.0705	0	182	326	3
2026-02-12	15:44:36.890	36.715	0.35	70	0.975024	-0.290116	0.006344	0.03	0.591	0.066	0	182	326	3
2026-02-12	15:44:36.910	47.39	5.74	56.63	0.999424	-0.330376	0.02318	0.03	0.591	0.066	0	182	326	3
2026-02-12	15:44:36.930	52.5	10.955	48.93	0.942816	-0.31964	0.016836	0.027	0.603	0.0615	0	182	326	3
2026-02-12	15:44:36.950	49.28	11.235	43.05	0.898164	-0.28792	0.004392	0.0255	0.624	0.0585	0	182	326	3
2026-02-12	15:44:36.970	35.525	8.785	37.485	0.860344	-0.286944	0.009516	0.027	0.6285	0.057	0	182	326	3
2026-02-12	15:44:36.990	24.185	5.145	31.36	0.852536	-0.320616	0.030012	0.027	0.63	0.0555	0	182	326	3
2026-02-12	15:44:37.010	23.275	1.785	24.85	0.874008	-0.338916	0.06344	0.0255	0.633	0.0555	0	185	269	2
2026-02-12	15:44:37.030	25.76	-0.21	19.145	0.87596	-0.342576	0.0854	0.0315	0.6405	0.0525	0	185	269	2
2026-02-12	15:44:37.050	28	-1.995	13.895	0.868884	-0.358924	0.097356	0.0225	0.6435	0.0495	0	185	269	2
2026-02-12	15:44:37.070	33.39	-4.095	8.05	0.874496	-0.376492	0.097844	0.027	0.636	0.057	0	185	269	2
2026-02-12	15:44:37.090	43.4	-6.51	1.05	0.892796	-0.394304	0.115168	0.027	0.6405	0.045	0	185	269	2
2026-02-12	15:44:37.110	63.91	-8.715	-8.575	0.88694	-0.392108	0.154208	0.033	0.636	0.051	0	185	269	2
2026-02-12	15:44:37.130	80.185	-7.98	-14.49	0.916952	-0.379176	0.202032	0.03	0.639	0.0495	0	185	269	2
2026-02-12	15:44:37.150	97.16	-5.285	-21.49	0.962336	-0.363804	0.221796	0.03	0.639	0.045	0	185	269	2
2026-02-12	15:44:37.170	111.895	-2.835	-28.875	0.987224	-0.3416	0.232776	0.033	0.633	0.0405	0	185	269	2
2026-02-12	15:44:37.190	120.435	-2.45	-34.965	0.977952	-0.31842	0.24156	0.033	0.63	0.0405	0	185	269	2
2026-02-12	15:44:37.210	125.335	-3.43	-40.32	1.009428	-0.299388	0.252052	0.0315	0.6285	0.042	0	188	213	3
2026-02-12	15:44:37.230	125.93	-4.69	-46.27	1.05408	-0.256932	0.269132	0.0255	0.621	0.0405	0	188	213	3
2026-02-12	15:44:37.250	116.935	-6.37	-50.96	1.070184	-0.194468	0.25986	0.0285	0.6255	0.0315	0	188	213	3
2026-02-12	15:44:37.270	96.46	-10.01	-55.335	1.089216	-0.138592	0.264008	0.027	0.609	0.036	0	188	213	3
2026-02-12	15:44:37.290	71.96	-10.745	-59.605	1.09434	-0.131272	0.303536	0.0285	0.603	0.0315	0	188	213	3
2026-02-12	15:44:37.310	49	-8.295	-61.495	1.044808	-0.133224	0.366732	0.021	0.5865	0.0405	0	188	213	3
2026-02-12	15:44:37.330	14.735	-1.505	-59.15	0.91134	-0.077592	0.36966	0.021	0.5865	0.0405	0	188	213	3
2026-02-12	15:44:37.350	-14.805	0.56	-56	0.831308	-0.050996	0.319152	0.0195	0.5745	0.036	0	188	213	3
2026-02-12	15:44:37.370	-41.055	1.085	-54.25	0.825452	-0.08686399	0.269864	0.0195	0.5625	0.027	0	188	213	3
2026-02-12	15:44:37.390	-55.895	0.21	-55.44	0.91378	-0.111264	0.237656	0.024	0.5535	0.021	0	188	213	3
2026-02-12	15:44:37.410	-66.885	0.21	-57.855	0.990152	-0.117852	0.220088	0.027	0.5445	0.024	0	190	193	3
2026-02-12	15:44:37.430	-82.285	2.485	-59.29	0.992592	-0.110532	0.1952	0.0255	0.543	0.0285	0	190	193	3
2026-02-12	15:44:37.450	-94.885	4.375	-60.9	0.987224	-0.129076	0.169336	0.021	0.531	0.0315	0	190	193	3
2026-02-12	15:44:37.470	-101.78	5.25	-63.035	0.977708	-0.152256	0.172996	0.03	0.5205	0.0225	0	190	193	3
2026-02-12	15:44:37.490	-102.515	6.125	-64.54	0.966484	-0.187392	0.189588	0.03	0.513	0.024	0	190	193	3
2026-02-12	15:44:37.510	-99.75	6.055	-65.52	0.960872	-0.211304	0.210328	0.036	0.5055	0.0135	0	190	193	3
2026-02-12	15:44:37.530	-94.955	6.3	-65.24	0.926224	-0.229848	0.221308	0.0285	0.495	0.0075	0	190	193	3
2026-02-12	15:44:37.550	-87.185	5.495	-63.245	0.872788	-0.232044	0.208376	0.0285	0.495	0.0075	0	190	193	3
2026-02-12	15:44:37.570	-78.26	2.485	-61.46	0.85156	-0.213988	0.204716	0.0345	0.4845	0.003	0	190	193	3
2026-02-12	15:44:37.590	-71.855	-1.015	-61.075	0.839604	-0.202032	0.201544	0.0405	0.471	-0.0015	0	190	193	3
2026-02-12	15:44:37.610	-66.22	-5.285	-62.055	0.856684	-0.214476	0.205204	0.039	0.465	-0.003	0	190	197	3
2026-02-12	15:44:37.630	-59.99	-9.87	-63.56	0.858392	-0.2257	0.221308	0.0405	0.462	-0.0045	0	190	197	3
2026-02-12	15:44:37.650	-53.69	-13.265	-65.065	0.83448	-0.24034	0.253028	0.0495	0.45	0.0045	0	190	197	3
2026-02-12	15:44:37.670	-46.095	-16.555	-66.535	0.833992	-0.24644	0.274256	0.045	0.4395	-0.006	0	190	197	3
2026-02-12	15:44:37.690	-37.415	-19.67	-68.145	0.841556	-0.263764	0.296216	0.0465	0.444	-0.009	0	190	197	3
2026-02-12	15:44:37.710	-26.985	-22.89	-68.67	0.850096	-0.271084	0.30622	0.0465	0.42	-0.003	0	190	197	3
2026-02-12	15:44:37.730	-16.31	-26.46	-68.11	0.869128	-0.263032	0.320372	0.0585	0.42	0	0	190	197	3
2026-02-12	15:44:37.750	-6.615	-30.31	-66.815	0.893528	-0.251808	0.340136	0.0585	0.405	0.003	0	190	197	3
2026-02-12	15:44:37.770	0.455	-34.16	-65.73	0.941596	-0.251076	0.370636	0.0585	0.393	0.0045	0	190	197	3
2026-02-12	15:44:37.790	6.125	-35.7	-64.05	0.9699	-0.259616	0.401136	0.066	0.381	0.0075	0	190	197	3
2026-02-12	15:44:37.810	11.025	-35.875	-59.99	0.954284	-0.259372	0.420656	0.0705	0.3765	0.015	0	186	213	3
2026-02-12	15:44:37.830	14.455	-36.365	-54.88	0.964532	-0.248636	0.412116	0.0705	0.366	0.024	0	186	213	3
2026-02-12	15:44:37.850	17.955	-38.36	-50.19	1.05042	-0.251076	0.429196	0.0735	0.3615	0.027	0	186	213	3
2026-02-12	15:44:37.870	25.48	-38.045	-46.06	1.13826	-0.269864	0.484096	0.0795	0.3615	0.036	0	186	213	3
2026-02-12	15:44:37.890	40.46	-34.16	-40.775	1.210484	-0.316224	0.576328	0.0855	0.351	0.0315	0	186	213	3
2026-02-12	15:44:37.910	60.025	-23.24	-31.22	1.220732	-0.34038	0.618296	0.0885	0.3495	0.045	0	186	213	3
2026-02-12	15:44:37.930	72.415	-10.325	-15.61	1.21878	-0.276696	0.542656	0.0855	0.3435	0.0585	0	186	213	3
2026-02-12	15:44:37.950	62.79	-2.065	3.325	1.215608	-0.185196	0.4148	0.084	0.339	0.0525	0	186	213	3
2026-02-12	15:44:37.970	30.94	7.595	30.59	1.18706	-0.188856	0.320616	0.0915	0.342	0.066	0	186	213	3
2026-02-12	15:44:37.990	30.59	12.46	49.56	1.151436	-0.187148	0.2989	0.093	0.3435	0.0705	0	186	213	3
2026-02-12	15:44:38.010	36.365	15.505	68.425	1.124352	-0.126148	0.2745	0.0885	0.348	0.0705	0	182	247	3
2026-02-12	15:44:38.030	28.07	18.025	84.385	1.102636	-0.084424	0.246684	0.081	0.3585	0.069	0	182	247	3
2026-02-12	15:44:38.050	9.45	19.32	95.13	1.086532	-0.064904	0.207644	0.0795	0.3675	0.072	0	182	247	3
2026-02-12	15:44:38.070	-16.52	19.355	101.92	1.060424	-0.051972	0.166408	0.0765	0.3765	0.06	0	182	247	3
2026-02-12	15:44:38.090	-45.01	20.86	107.52	1.025044	-0.085644	0.115412	0.06	0.3945	0.066	0	182	247	3
2026-02-12	15:44:38.110	-61.67	28.035	113.505	1.006012	-0.186904	0.087352	0.0675	0.4095	0.0525	0	182	247	3
2026-02-12	15:44:38.130	-51.275	33.88	118.65	1.050176	-0.293532	0.082716	0.0645	0.42	0.042	0	182	247	3
2026-02-12	15:44:38.150	-21.875	36.645	121.1	1.076284	-0.324764	0.07076	0.048	0.438	0.045	0	182	247	3
2026-02-12	15:44:38.170	13.86	38.185	119.84	1.05408	-0.26962	0.035868	0.057	0.468	0.0345	0	182	247	3
2026-02-12	15:44:38.190	36.26	38.08	113.925	1.078236	-0.252296	0.030744	0.057	0.468	0.0345	0	182	247	3
2026-02-12	15:44:38.210	46.62	38.5	106.54	1.162416	-0.277428	0.021228	0.054	0.4845	0.0255	0	181	265	3
2026-02-12	15:44:38.230	46.375	40.18	100.45	1.105076	-0.231556	0.018056	0.0465	0.507	0.018	0	181	265	3
2026-02-12	15:44:38.250	37.73	39.375	95.515	1.022604	-0.222772	0.024156	0.045	0.525	0.015	0	181	265	3
2026-02-12	15:44:38.270	28.35	36.12	90.79	0.967704	-0.241072	0.032696	0.048	0.537	0.012	0	181	265	3
2026-02-12	15:44:38.290	23.73	32.305	85.68	0.918904	-0.2806	0.044408	0.048	0.543	0.0105	0	181	265	3
2026-02-12	15:44:38.310	28.035	27.72	79.485	0.980392	-0.317932	0.071736	0.0435	0.5505	0.0045	0	181	265	3
2026-02-12	15:44:38.330	34.545	25.795	73.535	1.023336	-0.3233	0.077348	0.0465	0.5685	-0.0015	0	181	265	3
2026-02-12	15:44:38.350	37.8	25.305	69.37	0.952576	-0.318176	0.058072	0.0435	0.576	-0.0015	0	181	265	3
2026-02-12	15:44:38.370	41.3	21.77	64.785	0.925492	-0.303292	0.041724	0.0495	0.5865	-0.0105	0	181	265	3
2026-02-12	15:44:38.390	43.75	16.625	56.875	0.925492	-0.288408	0.028548	0.0555	0.594	-0.0135	0	181	265	3
2026-02-12	15:44:38.410	44.835	10.64	47.985	0.937448	-0.289628	0.04514	0.0555	0.594	-0.015	0	181	245	3
2026-02-12	15:44:38.430	46.27	5.495	40.845	0.93696	-0.282064	0.078568	0.0525	0.6075	-0.0135	0	181	245	3
2026-02-12	15:44:38.450	47.425	0.42	34.02	0.92354	-0.261324	0.119072	0.0525	0.6195	-0.0195	0	181	245	3
2026-02-12	15:44:38.470	47.075	-4.165	26.845	0.950624	-0.261812	0.171288	0.0555	0.618	-0.027	0	181	245	3
2026-02-12	15:44:38.490	48.055	-7.105	21.455	0.930372	-0.28304	0.186172	0.057	0.6135	-0.024	0	181	245	3
2026-02-12	15:44:38.510	53.2	-11.235	17.22	0.884012	-0.26596	0.209596	0.048	0.6105	-0.024	0	181	245	3
2026-02-12	15:44:38.530	62.72	-15.75	12.775	0.862052	-0.27328	0.253028	0.048	0.6195	-0.015	0	181	245	3
2026-02-12	15:44:38.550	79.625	-18.515	7.595	0.88328	-0.275476	0.293776	0.0555	0.621	-0.0165	0	181	245	3
2026-02-12	15:44:38.570	98.56	-20.615	0.875	0.985516	-0.261568	0.304024	0.051	0.6225	-0.0195	0	181	245	3
2026-02-12	15:44:38.590	110.04	-22.05	-7.84	1.089704	-0.235704	0.296216	0.0555	0.627	-0.0135	0	181	245	3
2026-02-12	15:44:38.610	107.31	-23.975	-22.19	1.145092	-0.177632	0.299876	0.0555	0.627	-0.0135	0	181	215	3
2026-02-12	15:44:38.630	95.025	-24.36	-30.485	1.118008	-0.144936	0.318908	0.0525	0.6165	-0.0105	0	181	215	3
2026-02-12	15:44:38.650	80.465	-23.835	-35.735	1.02358	-0.115168	0.354044	0.054	0.6075	-0.0045	0	181	215	3
2026-02-12	15:44:38.670	66.185	-23.135	-37.555	0.906704	-0.064904	0.386496	0.0525	0.6045	-0.003	0	181	215	3
2026-02-12	15:44:38.690	50.015	-23.45	-36.085	0.810812	-0.030256	0.407724	0.0495	0.6015	-0.0045	0	181	215	3
2026-02-12	15:44:38.710	34.58	-25.375	-34.055	0.774212	-0.01952	0.410408	0.0525	0.591	0	0	181	215	3
2026-02-12	15:44:38.730	21.98	-29.33	-33.25	0.821304	-0.031476	0.414068	0.048	0.5865	-0.0015	0	181	215	3
2026-02-12	15:44:38.750	13.23	-31.15	-33.74	0.90646	-0.051972	0.41846	0.0555	0.5775	0.003	0	181	215	3
2026-02-12	15:44:38.770	7.77	-30.24	-35.665	1.041392	-0.05978	0.410408	0.0435	0.576	0.0045	0	181	215	3
2026-02-12	15:44:38.790	-2.765	-27.055	-39.13	1.11264	-0.05612	0.378932	0.0495	0.573	0.006	0	181	215	3
2026-02-12	15:44:38.810	-24.22	-20.685	-41.755	1.025288	-0.088572	0.32574	0.0435	0.564	0.015	0	181	214	3
2026-02-12	15:44:38.830	-35.525	-18.76	-43.68	0.930616	-0.112484	0.293776	0.0435	0.564	0.015	0	181	214	3
2026-02-12	15:44:38.850	-41.335	-20.125	-47.005	0.9089	-0.114436	0.29768	0.0465	0.5535	0.015	0	181	214	3
2026-02-12	15:44:38.870	-50.33	-21.385	-51.1	0.862784	-0.125416	0.297436	0.048	0.543	0.0195	0	181	214	3
2026-02-12	15:44:38.890	-57.26	-23.66	-54.705	0.826428	-0.137372	0.291336	0.0465	0.5355	0.027	0	181	214	3
2026-02-12	15:44:38.910	-61.285	-26.495	-58.695	0.811056	-0.137616	0.287432	0.048	0.531	0.03	0	181	214	3
2026-02-12	15:44:38.930	-64.995	-28.84	-63.805	0.79788	-0.143228	0.27206	0.0525	0.528	0.0345	0	181	214	3
2026-02-12	15:44:38.950	-68.775	-30.8	-70	0.8052	-0.159088	0.262788	0.054	0.5145	0.0465	0	181	214	3
2026-02-12	15:44:38.970	-71.47	-32.165	-76.615	0.829112	-0.175436	0.241804	0.045	0.507	0.042	0	181	214	3
2026-02-12	15:44:38.990	-71.785	-33.775	-83.335	0.865468	-0.194712	0.223748	0.0525	0.504	0.0315	0	181	214	3
2026-02-12	15:44:39.010	-68.005	-36.33	-89.25	0.873276	-0.21228	0.220576	0.057	0.495	0.0375	0	181	235	3
2026-02-12	15:44:39.030	-53.62	-40.705	-95.41	0.87596	-0.244976	0.263032	0.054	0.471	0.039	0	181	235	3
2026-02-12	15:44:39.050	-31.255	-44.66	-99.82	0.896944	-0.263032	0.310124	0.06	0.4605	0.0465	0	181	235	3
2026-02-12	15:44:39.070	-15.33	-47.18	-101.325	0.904264	-0.242292	0.313784	0.066	0.4455	0.057	0	181	235	3
2026-02-12	15:44:39.090	-2.905	-49.945	-101.71	0.915488	-0.235948	0.31232	0.0675	0.429	0.06	0	181	235	3
2026-02-12	15:44:39.110	9.765	-53.305	-101.36	0.942572	-0.240096	0.332084	0.072	0.4185	0.0615	0	181	235	3
2026-02-12	15:44:39.130	22.645	-55.37	-99.575	0.976	-0.239364	0.3721	0.078	0.4035	0.066	0	181	235	3
2026-02-12	15:44:39.150	31.745	-54.915	-95.865	0.989664	-0.232532	0.402356	0.0795	0.396	0.081	0	181	235	3
2026-02-12	15:44:39.170	36.47	-53.865	-89.67	1.002596	-0.216916	0.411872	0.099	0.378	0.084	0	181	235	3
2026-02-12	15:44:39.190	37.625	-53.375	-83.02	1.03212	-0.1952	0.420656	0.1065	0.3705	0.099	0	181	235	3
2026-02-12	15:44:39.210	37.87	-52.29	-75.985	1.092876	-0.212036	0.435784	0.114	0.3615	0.105	0	179	259	3
2026-02-12	15:44:39.230	44.065	-49.07	-67.585	1.155828	-0.239608	0.492392	0.1125	0.3495	0.111	0	179	259	3
2026-02-12	15:44:39.250	62.51	-32.025	-44.975	1.208288	-0.266204	0.582916	0.1125	0.3495	0.111	0	179	259	3
2026-02-12	15:44:39.270	70.315	-13.86	-25.27	1.194868	-0.212036	0.556564	0.1215	0.348	0.1245	0	179	259	3
2026-02-12	15:44:39.290	60.235	2.73	-4.935	1.281732	-0.111508	0.42456	0.132	0.3465	0.1425	0	179	259	3
2026-02-12	15:44:39.310	23.52	15.855	15.82	1.348832	-0.025376	0.25254	0.135	0.348	0.147	0	179	259	3
2026-02-12	15:44:39.330	-20.475	25.725	39.2	1.288564	-0.032452	0.1403	0.1365	0.351	0.1485	0	179	259	3
2026-02-12	15:44:39.350	-43.365	28.7	63.91	1.240008	-0.068808	0.127856	0.1335	0.345	0.1365	0	179	259	3
2026-02-12	15:44:39.370	-46.585	28.77	88.69	1.225124	-0.046116	0.159332	0.126	0.3495	0.1305	0	179	259	3
2026-02-12	15:44:39.390	-54.705	26.635	112.63	1.1712	0.024888	0.18666	0.1245	0.357	0.1335	0	179	259	3
2026-02-12	15:44:39.410	-68.46	25.655	133.455	1.104832	0	0.202032	0.1215	0.3645	0.1245	0	179	283	3
2026-02-12	15:44:39.430	-73.255	25.83	151.41	1.053836	-0.105652	0.197396	0.111	0.384	0.12	0	179	283	3
2026-02-12	15:44:39.450	-66.22	21.56	168.56	1.054812	-0.19276	0.181048	0.105	0.3975	0.114	0	179	283	3
2026-02-12	15:44:39.470	-61.145	18.76	177.835	1.082872	-0.190808	0.142496	0.105	0.3975	0.114	0	179	283	3
2026-02-12	15:44:39.490	-59.43	20.755	178.185	1.037976	-0.20984	0.092476	0.0915	0.4245	0.105	0	179	283	3
2026-02-12	15:44:39.510	-39.795	24.185	173.215	1.042368	-0.288164	0.03538	0.072	0.465	0.0975	0	179	283	3
2026-02-12	15:44:39.530	-6.685	28.63	165.41	1.076284	-0.290116	-0.014152	0.066	0.477	0.0975	0	179	283	3
2026-02-12	15:44:39.550	16.03	33.46	156.275	1.068232	-0.285968	-0.037088	0.0645	0.5055	0.0975	0	179	283	3
2026-02-12	15:44:39.570	22.19	38.465	150.29	1.126304	-0.474336	-0.021716	0.0675	0.5205	0.0915	0	179	283	3
2026-02-12	15:44:39.590	43.645	51.45	151.235	1.179252	-0.675392	-0.015372	0.06	0.549	0.0825	0	179	283	3
2026-02-12	15:44:39.610	87.815	69.405	152.565	1.095316	-0.61122	-0.02928	0.0585	0.558	0.081	0	180	277	3
2026-02-12	15:44:39.630	108.745	71.33	150.15	1.037976	-0.40382	-0.037332	0.0555	0.5925	0.072	0	180	277	3
2026-02-12	15:44:39.650	93.03	67.41	145.845	0.97356	-0.299876	-0.046848	0.0615	0.612	0.069	0	180	277	3
2026-02-12	15:44:39.670	63.805	56.735	137.69	0.85034	-0.312564	-0.007564	0.066	0.63	0.0615	0	180	277	3
2026-02-12	15:44:39.690	51.66	44.065	128.695	0.794708	-0.393084	0.08662	0.0675	0.6465	0.051	0	180	277	3
2026-02-12	15:44:39.710	47.215	35.49	119.14	0.839604	-0.380152	0.167628	0.0735	0.672	0.0375	0	180	277	3
2026-02-12	15:44:39.730	27.93	29.085	107.905	0.841312	-0.366	0.204228	0.081	0.6885	0.033	0	180	277	3
2026-02-12	15:44:39.750	-4.55	20.72	97.335	0.752984	-0.38308	0.191296	0.087	0.6975	0.0315	0	180	277	3
2026-02-12	15:44:39.770	-31.92	9.8	86.555	0.715652	-0.386008	0.164212	0.09	0.7125	0.024	0	180	277	3
2026-02-12	15:44:39.790	-46.9	1.575	73.15	0.784948	-0.408456	0.15494	0.093	0.723	0.0315	0	180	277	3
2026-02-12	15:44:39.810	-51.31	-5.145	57.26	0.813984	-0.405284	0.148596	0.108	0.732	0.033	0	185	240	3
2026-02-12	15:44:39.830	-48.65	-8.75	42.14	0.762012	-0.425048	0.138104	0.1005	0.7425	0.027	0	185	240	3
2026-02-12	15:44:39.850	-34.615	-13.37	27.09	0.73688	-0.432124	0.115412	0.1125	0.7485	0.039	0	185	240	3
2026-02-12	15:44:39.870	-11.445	-18.34	11.165	0.759572	-0.4392	0.116876	0.12	0.756	0.0435	0	185	240	3
2026-02-12	15:44:39.890	29.995	-22.785	-12.67	0.806664	-0.449448	0.1769	0.12	0.756	0.0435	0	185	240	3
2026-02-12	15:44:39.910	54.18	-23.275	-25.865	0.825452	-0.425536	0.231068	0.117	0.753	0.048	0	185	240	3
2026-02-12	15:44:39.930	70.525	-23.625	-38.675	0.863272	-0.379664	0.253272	0.1125	0.7485	0.054	0	185	240	3
2026-02-12	15:44:39.950	79.205	-25.795	-53.585	0.958676	-0.335988	0.259372	0.111	0.747	0.051	0	185	240	3
2026-02-12	15:44:39.970	82.11	-29.155	-70	1.03944	-0.306708	0.27938	0.111	0.747	0.048	0	185	240	3
2026-02-12	15:44:39.990	80.22	-31.85	-84.98	1.030656	-0.285724	0.30988	0.102	0.735	0.042	0	185	240	3
2026-02-12	15:44:40.010	76.755	-33.705	-96.81	0.965264	-0.289628	0.37576	0.102	0.735	0.042	0	191	211	3
2026-02-12	15:44:40.030	75.005	-34.755	-99.82	0.939888	-0.250832	0.401868	0.102	0.7125	0.0375	0	191	211	3
2026-02-12	15:44:40.050	68.775	-36.085	-101.955	0.926712	-0.215696	0.415532	0.0825	0.702	0.036	0	191	211	3
2026-02-12	15:44:40.070	58.975	-36.715	-101.885	0.894016	-0.193248	0.386008	0.084	0.702	0.0435	0	191	211	3
2026-02-12	15:44:40.090	49.245	-40.39	-100.765	0.938424	-0.195932	0.363072	0.069	0.6735	0.036	0	191	211	3
2026-02-12	15:44:40.110	42.14	-43.365	-99.505	1.0126	-0.194712	0.37332	0.0705	0.663	0.0375	0	191	211	3
2026-02-12	15:44:40.130	37.52	-42.875	-98.35	1.092876	-0.18544	0.398208	0.069	0.6465	0.048	0	191	211	3
2026-02-12	15:44:40.150	28.455	-38.745	-96.565	1.10654	-0.162992	0.402844	0.069	0.6315	0.0585	0	191	211	3
2026-02-12	15:44:40.170	13.475	-33.215	-94.29	1.087996	-0.149328	0.37942	0.072	0.6255	0.06	0	191	211	3
2026-02-12	15:44:40.190	-3.99	-27.755	-92.19	1.057252	-0.13542	0.349896	0.06	0.612	0.0585	0	191	211	3
2026-02-12	15:44:40.210	-23.905	-22.96	-90.965	1.01626	-0.12444	0.320128	0.0705	0.603	0.0645	0	197	215	3
2026-02-12	15:44:40.230	-46.2	-19.46	-90.685	0.970632	-0.115412	0.294264	0.0555	0.5865	0.0705	0	197	215	3
2026-02-12	15:44:40.250	-66.675	-17.99	-90.72	0.934032	-0.136152	0.280112	0.06	0.579	0.072	0	197	215	3
2026-02-12	15:44:40.270	-81.41	-18.305	-91.665	0.920124	-0.153964	0.2745	0.066	0.5685	0.0765	0	197	215	3
2026-02-12	15:44:40.290	-92.68	-19.11	-94.255	0.925004	-0.182512	0.27938	0.06	0.5445	0.0705	0	197	215	3
2026-02-12	15:44:40.310	-99.96	-20.195	-98.525	0.92964	-0.224968	0.28182	0.078	0.528	0.0705	0	197	215	3
2026-02-12	15:44:40.330	-98.105	-20.65	-102.585	0.920856	-0.258396	0.28426	0.0705	0.513	0.0735	0	197	215	3
2026-02-12	15:44:40.350	-90.265	-21.035	-105.42	0.926956	-0.280356	0.288164	0.066	0.492	0.0765	0	197	215	3
2026-02-12	15:44:40.370	-78.12	-21	-107.66	0.92598	-0.283284	0.299876	0.066	0.48	0.078	0	197	215	3
2026-02-12	15:44:40.390	-66.57	-21.21	-109.2	0.931836	-0.261324	0.30378	0.0645	0.4755	0.081	0	197	215	3
2026-02-12	15:44:40.410	-59.605	-21.735	-109.795	0.93208	-0.25132	0.288164	0.075	0.4665	0.075	0	200	237	3
2026-02-12	15:44:40.430	-55.685	-23.8	-108.955	0.92354	-0.236192	0.277184	0.075	0.4395	0.0735	0	200	237	3
2026-02-12	15:44:40.450	-53.83	-26.915	-107.73	0.91988	-0.228628	0.280844	0.1005	0.42	0.075	0	200	237	3
2026-02-12	15:44:40.470	-51.87	-29.855	-105.49	0.920612	-0.246196	0.304268	0.0945	0.411	0.0795	0	200	237	3
2026-02-12	15:44:40.490	-49.07	-32.76	-101.745	0.945988	-0.249612	0.326228	0.096	0.402	0.072	0	200	237	3
2026-02-12	15:44:40.510	-45.99	-35.595	-97.86	0.996252	-0.256444	0.33794	0.1095	0.3855	0.0855	0	200	237	3
2026-02-12	15:44:40.530	-36.96	-38.675	-92.54	1.066768	-0.31842	0.381616	0.1125	0.372	0.084	0	200	237	3
2026-02-12	15:44:40.550	-15.645	-38.57	-87.92	1.187548	-0.399672	0.465796	0.1185	0.363	0.087	0	200	237	3
2026-02-12	15:44:40.570	18.235	-33.46	-80.36	1.281732	-0.460184	0.549488	0.129	0.3495	0.093	0	200	237	3
2026-02-12	15:44:40.590	52.815	-23.94	-66.255	1.357372	-0.427488	0.565104	0.1365	0.3405	0.093	0	200	237	3
2026-02-12	15:44:40.610	71.19	-12.355	-46.41	1.359812	-0.336476	0.501908	0.1395	0.336	0.0885	0	198	265	3
2026-02-12	15:44:40.630	65.275	-1.365	-20.09	1.248304	-0.267668	0.426512	0.156	0.3285	0.108	0	198	265	3
2026-02-12	15:44:40.650	52.15	6.055	10.71	1.10288	-0.268156	0.391132	0.1515	0.3225	0.105	0	198	265	3
2026-02-12	15:44:40.670	50.4	8.855	42.035	1.003816	-0.236436	0.388204	0.153	0.33	0.114	0	198	265	3
2026-02-12	15:44:40.690	54.285	10.045	69.02	0.966972	-0.142008	0.390156	0.1485	0.3345	0.1125	0	198	265	3
2026-02-12	15:44:40.710	43.82	12.495	90.09	0.990152	-0.088328	0.367464	0.1545	0.3405	0.1275	0	198	265	3
2026-02-12	15:44:40.730	17.22	20.23	110.74	1.033828	-0.112728	0.344528	0.1275	0.3525	0.1245	0	198	265	3
2026-02-12	15:44:40.750	-7.595	27.3	131.11	1.06018	-0.145424	0.310612	0.1215	0.3675	0.1245	0	198	265	3
2026-02-12	15:44:40.770	-22.26	29.75	147.035	1.077016	-0.150792	0.258152	0.1155	0.3945	0.1185	0	198	265	3
2026-02-12	15:44:40.790	-34.3	30.485	160.755	1.12118	-0.121756	0.197396	0.1095	0.408	0.108	0	198	265	3
2026-02-12	15:44:40.810	-48.965	28.77	171.36	1.164612	-0.06954	0.14884	0.105	0.411	0.105	0	195	293	3
2026-02-12	15:44:40.830	-66.99	26.915	178.535	1.180716	-0.0549	0.11468	0.0945	0.435	0.0975	0	195	293	3
2026-02-12	15:44:40.850	-78.365	24.395	183.015	1.179984	-0.108824	0.108824	0.0795	0.4575	0.0915	0	195	293	3
2026-02-12	15:44:40.870	-79.415	22.365	185.045	1.238056	-0.190564	0.132004	0.078	0.48	0.0915	0	195	293	3
2026-02-12	15:44:40.890	-73.815	21.56	183.715	1.30784	-0.230092	0.13542	0.081	0.501	0.0885	0	195	293	3
2026-02-12	15:44:40.910	-68.67	23.345	181.755	1.243668	-0.220576	0.126636	0.072	0.513	0.0795	0	195	293	3
2026-02-12	15:44:40.930	-61.81	23.905	176.785	1.149728	-0.230824	0.105652	0.0735	0.5535	0.075	0	195	293	3
2026-02-12	15:44:40.950	-41.615	22.12	165.235	1.0248	-0.277672	0.075884	0.0705	0.5745	0.0765	0	195	293	3
2026-02-12	15:44:40.970	-10.08	20.86	149.065	1.060912	-0.318664	0.053436	0.075	0.5925	0.075	0	195	293	3
2026-02-12	15:44:40.990	15.54	22.96	134.96	1.036024	-0.32208	0.033672	0.081	0.6195	0.0735	0	195	293	3
2026-02-12	15:44:41.010	32.69	25.585	122.395	0.948184	-0.318908	0.024156	0.078	0.6375	0.075	0	192	292	3
2026-02-12	15:44:41.030	41.79	26.11	109.935	0.868396	-0.325008	0.0183	0.075	0.648	0.075	0	192	292	3
2026-02-12	15:44:41.050	44.31	25.06	97.615	0.800808	-0.33184	0.020008	0.0885	0.669	0.0675	0	192	292	3
2026-02-12	15:44:41.070	44.87	23.45	84.875	0.753228	-0.346724	0.030256	0.096	0.6825	0.0645	0	192	292	3
2026-02-12	15:44:41.090	44.8	21.105	71.75	0.720776	-0.346724	0.043676	0.09	0.6915	0.0615	0	192	292	3
2026-02-12	15:44:41.110	39.69	17.43	58.24	0.706868	-0.346724	0.055876	0.096	0.699	0.054	0	192	292	3
2026-02-12	15:44:41.130	32.655	12.285	44.38	0.740296	-0.38918	0.082716	0.102	0.708	0.048	0	192	292	3
2026-02-12	15:44:41.150	28.14	5.74	31.885	0.776164	-0.416752	0.112972	0.102	0.7095	0.0525	0	192	292	3
2026-02-12	15:44:41.170	28.91	-3.29	16.24	0.777872	-0.427976	0.171532	0.102	0.7095	0.0525	0	192	292	3
2026-02-12	15:44:41.190	33.04	-7.665	6.65	0.800564	-0.42944	0.20618	0.1065	0.7155	0.0465	0	192	292	3
2026-02-12	15:44:41.210	38.57	-10.57	-2.31	0.811788	-0.42822	0.237656	0.1095	0.72	0.042	0	192	259	3
2026-02-12	15:44:41.230	49.63	-11.165	-11.305	0.809592	-0.442616	0.274988	0.108	0.723	0.0435	0	192	259	3
2026-02-12	15:44:41.250	64.505	-9.415	-20.93	0.804712	-0.40748	0.28548	0.1065	0.7275	0.0435	0	192	259	3
2026-02-12	15:44:41.270	76.405	-8.365	-32.27	0.815448	-0.388448	0.266204	0.1095	0.7215	0.042	0	192	259	3
2026-02-12	15:44:41.290	85.365	-9.345	-44.135	0.843752	-0.374052	0.24766	0.0975	0.7215	0.039	0	192	259	3
2026-02-12	15:44:41.310	88.585	-13.23	-56.63	0.908168	-0.33794	0.242292	0.1035	0.7095	0.036	0	192	259	3
2026-02-12	15:44:41.330	85.47	-15.54	-72.555	1.003328	-0.315248	0.28182	0.0915	0.708	0.027	0	192	259	3
2026-02-12	15:44:41.350	78.225	-15.085	-89.81	1.048712	-0.288164	0.313784	0.0915	0.6915	0.0315	0	192	259	3
2026-02-12	15:44:41.370	62.125	-15.855	-108.78	1.074332	-0.261812	0.351604	0.0885	0.687	0.0225	0	192	259	3
2026-02-12	15:44:41.390	46.13	-14.735	-121.66	1.021628	-0.25742	0.404308	0.0855	0.6705	0.024	0	192	259	3
2026-02-12	15:44:41.410	40.6	-11.97	-125.055	0.949892	-0.239364	0.43554	0.0795	0.648	0.0255	0	194	235	3
2026-02-12	15:44:41.430	31.15	-10.185	-123.515	0.859368	-0.192028	0.421144	0.0765	0.633	0.0195	0	194	235	3
2026-02-12	15:44:41.450	14.175	-10.185	-118.545	0.795196	-0.160796	0.381128	0.078	0.627	0.0165	0	194	235	3
2026-02-12	15:44:41.470	-3.71	-14.665	-113.435	0.807152	-0.149328	0.348676	0.072	0.597	0.0255	0	194	235	3
2026-02-12	15:44:41.490	-17.185	-21.385	-112.14	0.957456	-0.129808	0.34282	0.063	0.585	0.0225	0	194	235	3
2026-02-12	15:44:41.510	-33.565	-24.57	-113.365	1.042124	-0.116144	0.333792	0.069	0.5775	0.0195	0	194	235	3
2026-02-12	15:44:41.530	-55.02	-24.15	-113.47	1.0553	-0.140544	0.305488	0.0705	0.561	0.0345	0	194	235	3
2026-02-12	15:44:41.550	-73.045	-25.515	-113.855	1.10898	-0.181536	0.290116	0.069	0.5415	0.0405	0	194	235	3
2026-02-12	15:44:41.570	-84.14	-26.075	-114.59	1.130452	-0.223992	0.30378	0.066	0.5355	0.042	0	194	235	3
2026-02-12	15:44:41.590	-90.195	-25.27	-113.82	1.069452	-0.252052	0.317688	0.072	0.507	0.036	0	194	235	3
2026-02-12	15:44:41.610	-90.265	-25.235	-110.11	0.95892	-0.289384	0.327204	0.0735	0.495	0.039	0	196	240	3
2026-02-12	15:44:41.630	-79.765	-27.23	-104.02	0.900116	-0.30134	0.330376	0.075	0.474	0.036	0	196	240	3
2026-02-12	15:44:41.650	-62.125	-30.31	-97.755	0.883524	-0.280356	0.335744	0.078	0.4605	0.033	0	196	240	3
2026-02-12	15:44:41.670	-47.425	-32.76	-91.91	0.877668	-0.243268	0.32818	0.0795	0.4575	0.0375	0	196	240	3
2026-02-12	15:44:41.690	-43.015	-34.09	-86.135	0.862052	-0.234972	0.316956	0.087	0.444	0.0435	0	196	240	3
2026-02-12	15:44:41.710	-42.14	-34.72	-81.235	0.858392	-0.22448	0.309148	0.0855	0.4275	0.0495	0	196	240	3
2026-02-12	15:44:41.730	-42.98	-36.12	-79.415	0.871812	-0.213012	0.312076	0.096	0.42	0.045	0	196	240	3
2026-02-12	15:44:41.750	-48.195	-37.87	-80.5	0.891576	-0.225456	0.318176	0.1005	0.4065	0.0555	0	196	240	3
2026-02-12	15:44:41.770	-53.62	-39.585	-82.25	0.893284	-0.257176	0.347944	0.0885	0.4095	0.0525	0	196	240	3
2026-02-12	15:44:41.790	-54.215	-40.53	-82.425	0.873032	-0.288408	0.3843	0.102	0.3885	0.0555	0	196	240	3
2026-02-12	15:44:41.810	-41.615	-42.07	-77	0.830332	-0.313784	0.427732	0.102	0.3885	0.0555	0	196	261	3
2026-02-12	15:44:41.830	-29.435	-44.135	-70.525	0.837652	-0.318664	0.427976	0.1185	0.3765	0.06	0	196	261	3
2026-02-12	15:44:41.850	-16.52	-47.18	-63.875	0.878644	-0.31964	0.448716	0.135	0.3615	0.063	0	196	261	3
2026-02-12	15:44:41.870	-1.925	-48.23	-56.315	0.911096	-0.340624	0.502884	0.132	0.3555	0.066	0	196	261	3
2026-02-12	15:44:41.890	15.61	-47.285	-46.515	0.938668	-0.351604	0.549488	0.132	0.3525	0.072	0	196	261	3
2026-02-12	15:44:41.910	36.855	-44.905	-35.665	1.036756	-0.346724	0.593164	0.147	0.3465	0.0765	0	196	261	3
2026-02-12	15:44:41.930	61.845	-36.82	-25.41	1.112396	-0.371612	0.670024	0.147	0.342	0.081	0	196	261	3
2026-02-12	15:44:41.950	85.4	-20.3	-8.645	1.111908	-0.348432	0.66734	0.1455	0.3375	0.0825	0	196	261	3
2026-02-12	15:44:41.970	95.34	-7.14	8.82	1.229028	-0.247172	0.617564	0.1455	0.3345	0.1005	0	196	261	3
2026-02-12	15:44:41.990	76.65	11.2	25.2	1.313696	-0.202764	0.532164	0.1515	0.3405	0.1095	0	196	261	3
2026-02-12	15:44:42.010	24.675	31.885	53.025	1.440332	-0.103944	0.328912	0.1455	0.345	0.1095	0	195	298	3
2026-02-12	15:44:42.030	-22.505	40.635	74.935	1.36762	-0.07905599	0.23302	0.135	0.3555	0.108	0	195	298	3
2026-02-12	15:44:42.050	-61.46	43.61	98.245	1.250988	-0.108824	0.209108	0.1335	0.36	0.102	0	195	298	3
2026-02-12	15:44:42.070	-82.25	40.985	119.98	1.166564	-0.096868	0.228384	0.126	0.369	0.096	0	195	298	3
2026-02-12	15:44:42.090	-96.425	35.875	139.3	1.121668	-0.104188	0.258396	0.117	0.381	0.096	0	195	298	3
2026-02-12	15:44:42.110	-103.95	29.47	157.185	1.114836	-0.13664	0.28914	0.114	0.39	0.0795	0	195	298	3
2026-02-12	15:44:42.130	-107.975	24.71	172.83	1.11996	-0.166408	0.277916	0.096	0.4095	0.0645	0	195	298	3
2026-02-12	15:44:42.150	-112.105	20.72	184.8	1.10166	-0.183732	0.226676	0.0975	0.4245	0.0615	0	195	298	3
2026-02-12	15:44:42.170	-115.885	16.1	191.835	1.089216	-0.215452	0.170068	0.093	0.444	0.0525	0	195	298	3
2026-02-12	15:44:42.190	-112.91	9.38	193.13	1.153388	-0.237412	0.10736	0.081	0.477	0.0465	0	195	298	3
2026-02-12	15:44:42.210	-104.44	4.06	190.015	1.13826	-0.227408	0.053192	0.078	0.4905	0.0465	0	195	324	3
2026-02-12	15:44:42.230	-76.3	-1.05	178.71	1.038952	-0.261324	0.0061	0.0675	0.513	0.0435	0	195	324	3
2026-02-12	15:44:42.250	-42.49	-4.025	166.565	1.000888	-0.330132	0.006832	0.069	0.537	0.045	0	195	324	3
2026-02-12	15:44:42.270	-1.155	-4.55	151.165	1.10654	-0.379664	0.007564	0.0675	0.573	0.0495	0	195	324	3
2026-02-12	15:44:42.290	32.305	1.085	136.85	1.054812	-0.351604	0.000244	0.069	0.594	0.0525	0	195	324	3
2026-02-12	15:44:42.310	55.125	6.405	124.18	0.96746	-0.343308	-0.008052	0.0735	0.6045	0.051	0	195	324	3
2026-02-12	15:44:42.330	73.045	10.01	111.3	0.864004	-0.344528	-0.011956	0.081	0.627	0.048	0	195	324	3
2026-02-12	15:44:42.350	82.635	8.925	97.72	0.780556	-0.34648	0.011468	0.078	0.6375	0.051	0	195	324	3
2026-02-12	15:44:42.370	84.595	6.51	83.23	0.754204	-0.3782	0.049044	0.0795	0.654	0.0465	0	195	324	3
2026-02-12	15:44:42.390	86.03	8.365	70	0.744688	-0.427	0.084668	0.087	0.6675	0.039	0	195	324	3
2026-02-12	15:44:42.410	96.53	12.11	59.745	0.70516	-0.501908	0.111996	0.093	0.6765	0.0345	0	199	305	2
2026-02-12	15:44:42.430	110.25	8.54	50.715	0.70028	-0.497516	0.130296	0.0915	0.69	0.0345	0	199	305	2
2026-02-12	15:44:42.450	121.87	7.28	37.94	0.690032	-0.465796	0.135176	0.0915	0.69	0.0345	0	199	305	2
2026-02-12	15:44:42.470	120.82	2.905	28.665	0.69052	-0.411872	0.154696	0.093	0.6915	0.0225	0	199	305	2
2026-02-12	15:44:42.490	106.925	-2.38	19.25	0.6771	-0.378688	0.203984	0.099	0.6945	0.009	0	199	305	2
2026-02-12	15:44:42.510	86.94	-6.79	9.625	0.667828	-0.403088	0.243756	0.0975	0.6975	0.003	0	199	305	2
2026-02-12	15:44:42.530	69.825	-12.075	-0.105	0.66612	-0.420412	0.280112	0.0945	0.7005	-0.0015	0	199	305	2
2026-02-12	15:44:42.550	59.115	-16.905	-10.01	0.674904	-0.424072	0.315248	0.0975	0.702	0.0015	0	199	305	2
2026-02-12	15:44:42.570	54.355	-20.965	-20.335	0.709552	-0.41968	0.341844	0.096	0.693	-0.003	0	199	305	2
2026-02-12	15:44:42.590	49.805	-23.94	-30.8	0.751764	-0.41358	0.366244	0.09	0.696	-0.006	0	199	305	2
2026-02-12	15:44:42.610	44.24	-25.865	-39.865	0.782264	-0.409432	0.380396	0.102	0.687	0.0045	0	205	269	2
2026-02-12	15:44:42.630	40.285	-27.72	-47.88	0.844972	-0.399428	0.382592	0.0975	0.687	0.0015	0	205	269	2
2026-02-12	15:44:42.650	39.655	-29.89	-54.67	0.870348	-0.382104	0.383324	0.0855	0.678	0.0015	0	205	269	2
2026-02-12	15:44:42.670	40.74	-31.36	-59.22	0.898896	-0.340624	0.397476	0.0855	0.678	0.0015	0	205	269	2
2026-02-12	15:44:42.690	41.335	-30.38	-61.88	0.935252	-0.321348	0.403088	0.0825	0.669	0.0045	0	205	269	2
2026-02-12	15:44:42.710	42.07	-29.54	-64.05	0.985516	-0.302804	0.4026	0.078	0.6525	0.0075	0	205	269	2
2026-02-12	15:44:42.730	41.335	-28.84	-64.995	1.021872	-0.264984	0.403576	0.0765	0.6435	0.009	0	205	269	2
2026-02-12	15:44:42.750	37.38	-27.265	-66.745	1.024068	-0.223016	0.3843	0.066	0.648	0.0135	0	205	269	2
2026-02-12	15:44:42.770	28.84	-27.44	-71.33	1.070916	-0.19398	0.350628	0.075	0.63	0.0135	0	205	269	2
2026-02-12	15:44:42.790	15.68	-29.19	-79.415	1.161684	-0.190076	0.329888	0.072	0.6285	0.0165	0	205	269	2
2026-02-12	15:44:42.810	-0.21	-29.4	-88.375	1.186084	-0.206668	0.332084	0.072	0.6165	0.015	0	211	259	3
2026-02-12	15:44:42.830	-14.42	-26.95	-95.9	1.135088	-0.234972	0.347944	0.0675	0.5925	0.012	0	211	259	3
2026-02-12	15:44:42.850	-24.08	-22.33	-99.085	1.024312	-0.21716	0.353556	0.0675	0.588	0.027	0	211	259	3
2026-02-12	15:44:42.870	-43.75	-18.2	-97.09	0.855952	-0.146644	0.284992	0.0675	0.5715	0.036	0	211	259	3
2026-02-12	15:44:42.890	-64.82	-19.81	-95.795	0.799588	-0.133468	0.220576	0.069	0.555	0.033	0	211	259	3
2026-02-12	15:44:42.910	-73.395	-23.87	-99.085	0.917928	-0.176656	0.227896	0.069	0.537	0.03	0	211	259	3
2026-02-12	15:44:42.930	-76.405	-26.075	-103.005	0.982588	-0.21472	0.248148	0.0705	0.5295	0.0315	0	211	259	3
2026-02-12	15:44:42.950	-77.385	-27.825	-106.085	1.019188	-0.2379	0.254492	0.075	0.522	0.033	0	211	259	3
2026-02-12	15:44:42.970	-73.885	-29.995	-110.565	1.078724	-0.271084	0.273036	0.0675	0.5085	0.042	0	211	259	3
2026-02-12	15:44:42.990	-64.47	-30.52	-115.815	1.136308	-0.304512	0.30134	0.069	0.486	0.039	0	211	259	3
2026-02-12	15:44:43.010	-55.265	-29.645	-118.23	1.134356	-0.282552	0.310368	0.0705	0.4785	0.0375	0	216	269	3
2026-02-12	15:44:43.030	-53.445	-28.595	-116.06	1.058716	-0.264984	0.28914	0.078	0.459	0.0495	0	216	269	3
2026-02-12	15:44:43.050	-54.145	-29.47	-111.195	0.968192	-0.253272	0.27694	0.087	0.438	0.048	0	216	269	3
2026-02-12	15:44:43.070	-53.585	-33.46	-104.195	0.898896	-0.248392	0.263032	0.0885	0.4275	0.0495	0	216	269	3
2026-02-12	15:44:43.090	-50.26	-42.42	-92.26	0.84912	-0.219844	0.271084	0.0885	0.4275	0.0495	0	216	269	3
2026-02-12	15:44:43.110	-46.165	-47.6	-85.33	0.853024	-0.221064	0.305244	0.096	0.408	0.054	0	216	269	3
2026-02-12	15:44:43.130	-39.725	-50.61	-79.66	0.880596	-0.23546	0.333304	0.1095	0.3855	0.0585	0	216	269	3
2026-02-12	15:44:43.150	-32.865	-50.925	-75.53	0.905972	-0.249368	0.351848	0.1155	0.381	0.0585	0	216	269	3
2026-02-12	15:44:43.170	-27.265	-49.7	-71.19	0.878156	-0.237168	0.355264	0.1185	0.372	0.0585	0	216	269	3
2026-02-12	15:44:43.190	-28.105	-49.035	-65.59	0.82106	-0.240828	0.336476	0.12	0.36	0.06	0	216	269	3
2026-02-12	15:44:43.210	-24.78	-51.135	-61.635	0.887672	-0.250344	0.341844	0.1335	0.357	0.0735	0	216	282	3
2026-02-12	15:44:43.230	-17.325	-52.185	-58.555	0.927444	-0.254248	0.377468	0.1335	0.3495	0.0765	0	216	282	3
2026-02-12	15:44:43.250	-11.515	-52.29	-53.55	0.900604	-0.260836	0.415776	0.144	0.336	0.0825	0	216	282	3
2026-02-12	15:44:43.270	-1.645	-52.85	-46.27	0.871324	-0.297924	0.455792	0.1485	0.33	0.087	0	216	282	3
2026-02-12	15:44:43.290	26.88	-54.18	-36.435	0.95892	-0.340624	0.547048	0.147	0.33	0.084	0	216	282	3
2026-02-12	15:44:43.310	65.135	-45.325	-25.48	1.034316	-0.375516	0.688568	0.147	0.33	0.084	0	216	282	3
2026-02-12	15:44:43.330	97.44	-26.635	-9.555	1.019432	-0.372588	0.715652	0.1545	0.3255	0.099	0	216	282	3
2026-02-12	15:44:43.350	116.725	-9.66	9.66	1.090436	-0.260592	0.577304	0.1605	0.327	0.12	0	216	282	3
2026-02-12	15:44:43.370	102.83	4.76	26.6	1.235616	-0.137372	0.402356	0.1605	0.3315	0.1245	0	216	282	3
2026-02-12	15:44:43.390	64.33	18.62	41.65	1.36274	-0.0915	0.259616	0.1545	0.3345	0.1395	0	216	282	3
2026-02-12	15:44:43.410	24.605	30.45	58.275	1.37372	-0.085644	0.18178	0.1665	0.342	0.1395	0	214	304	3
2026-02-12	15:44:43.430	-4.83	38.045	76.335	1.323944	-0.064172	0.173972	0.1485	0.3525	0.1515	0	214	304	3
2026-02-12	15:44:43.450	-25.97	46.69	93.205	1.313452	-0.053436	0.187148	0.1425	0.363	0.129	0	214	304	3
2026-02-12	15:44:43.470	-39.445	56.175	108.43	1.238788	-0.045384	0.227652	0.1365	0.357	0.132	0	214	304	3
2026-02-12	15:44:43.490	-41.93	52.64	121.905	1.194624	-0.066612	0.22814	0.1215	0.3645	0.1275	0	214	304	3
2026-02-12	15:44:43.510	-26.075	51.975	136.22	1.160464	-0.11712	0.209352	0.123	0.387	0.099	0	214	304	3
2026-02-12	15:44:43.530	8.225	55.335	148.785	1.13582	-0.154208	0.170312	0.111	0.399	0.093	0	214	304	3
2026-02-12	15:44:43.550	30.87	58.975	156.73	1.138748	-0.182268	0.12688	0.0915	0.423	0.0855	0	214	304	3
2026-02-12	15:44:43.570	41.44	62.545	161.595	1.169492	-0.149328	0.078812	0.0795	0.447	0.0795	0	214	304	3
2026-02-12	15:44:43.590	43.715	64.75	161.945	1.227564	-0.122	0.033672	0.0765	0.4575	0.0765	0	214	304	3
2026-02-12	15:44:43.610	42.245	66.92	159.67	1.18462	-0.109312	0.004148	0.081	0.4755	0.072	0	213	313	3
2026-02-12	15:44:43.630	39.76	67.06	155.47	1.106296	-0.126636	-0.002684	0.072	0.4965	0.0645	0	213	313	3
2026-02-12	15:44:43.650	38.255	64.995	148.855	1.0736	-0.167872	0.036844	0.072	0.522	0.0465	0	213	313	3
2026-02-12	15:44:43.670	37.24	63	137.13	1.190964	-0.21228	0.07905599	0.063	0.5415	0.0495	0	213	313	3
2026-02-12	15:44:43.690	28.49	65.065	124.985	1.143628	-0.235704	0.09516	0.054	0.5625	0.033	0	213	313	3
2026-02-12	15:44:43.710	18.235	64.82	116.06	1.048468	-0.258396	0.131272	0.0615	0.5745	0.0285	0	213	313	3
2026-02-12	15:44:43.730	6.685	63.49	101.745	1.02236	-0.252296	0.280356	0.0615	0.5745	0.0285	0	213	313	3
2026-02-12	15:44:43.750	-5.565	66.325	89.705	1.039684	-0.23302	0.29768	0.0645	0.5955	0.012	0	213	313	3
2026-02-12	15:44:43.770	-22.855	65.59	81.305	0.902556	-0.219356	0.228872	0.0675	0.6225	-0.0045	0	213	313	3
2026-02-12	15:44:43.790	-42.21	52.64	75.355	0.802272	-0.193248	0.168848	0.0675	0.63	-0.0075	0	213	313	3
2026-02-12	15:44:43.810	-70.77	34.335	68.985	0.729804	-0.216672	0.144204	0.0675	0.639	-0.0075	0	213	291	2
2026-02-12	15:44:43.830	-91.07	19.495	62.51	0.668072	-0.291336	0.162016	0.078	0.6525	-0.0165	0	213	291	2
2026-02-12	15:44:43.850	-89.775	9.555	55.055	0.621956	-0.372832	0.20862	0.078	0.669	-0.018	0	213	291	2
2026-02-12	15:44:43.870	-72.625	2.31	46.13	0.612684	-0.419436	0.22326	0.078	0.675	-0.012	0	213	291	2
2026-02-12	15:44:43.890	-48.44	-5.04	33.775	0.664168	-0.453596	0.2257	0.081	0.6825	-0.0105	0	213	291	2
2026-02-12	15:44:43.910	-24.185	-9.87	19.81	0.67344	-0.494344	0.218136	0.0795	0.693	-0.0105	0	213	291	2
2026-02-12	15:44:43.930	4.515	-16.135	2.695	0.721996	-0.520696	0.20984	0.09	0.69	-0.0015	0	213	291	2
2026-02-12	15:44:43.950	33.635	-21.49	-13.93	0.773236	-0.509472	0.226188	0.0915	0.69	0.0015	0	213	291	2
2026-02-12	15:44:43.970	53.34	-23.695	-24.64	0.779336	-0.4575	0.252296	0.0855	0.69	0.0015	0	213	291	2
2026-02-12	15:44:43.990	63.56	-26.32	-34.195	0.7991	-0.399672	0.256444	0.081	0.6885	-0.006	0	213	291	2
2026-02-12	15:44:44.010	63.91	-30.45	-44.205	0.820084	-0.357948	0.22936	0.084	0.687	-0.012	0	215	263	2
2026-02-12	15:44:44.030	60.69	-36.435	-56.42	0.844484	-0.343552	0.20862	0.075	0.6765	0.003	0	215	263	2
2026-02-12	15:44:44.050	56.735	-43.68	-71.505	0.895236	-0.3172	0.189344	0.0705	0.6795	-0.0015	0	215	263	2
2026-02-12	15:44:44.070	50.295	-49.84	-87.92	0.964044	-0.29646	0.187392	0.0735	0.663	0.0015	0	215	263	2
2026-02-12	15:44:44.090	39.34	-53.515	-103.46	1.017724	-0.277428	0.182512	0.066	0.6495	0.0075	0	215	263	2
2026-02-12	15:44:44.110	30.31	-55.86	-118.79	1.10044	-0.274256	0.188368	0.0645	0.6375	0.0165	0	215	263	2
2026-02-12	15:44:44.130	23.975	-55.09	-133.035	1.16144	-0.289628	0.187148	0.072	0.6195	0.018	0	215	263	2
2026-02-12	15:44:44.150	20.125	-49.595	-145.285	1.131672	-0.296216	0.201056	0.0615	0.603	0.027	0	215	263	2
2026-02-12	15:44:44.170	21.35	-43.19	-145.18	1.024556	-0.22692	0.212524	0.0555	0.5805	0.033	0	215	263	2
2026-02-12	15:44:44.190	20.44	-37.73	-142.03	0.92476	-0.132248	0.202276	0.051	0.5535	0.039	0	215	263	2
2026-02-12	15:44:44.210	9.31	-34.265	-137.34	0.8418	-0.084912	0.166408	0.0525	0.54	0.045	0	217	243	3
2026-02-12	15:44:44.230	-6.16	-33.39	-134.155	0.847412	-0.079544	0.124928	0.0555	0.5325	0.051	0	217	243	3
2026-02-12	15:44:44.250	-20.545	-34.44	-134.085	1.038952	-0.1098	0.113704	0.063	0.504	0.0525	0	217	243	3
2026-02-12	15:44:44.270	-38.255	-32.2	-135.38	1.194624	-0.105652	0.126392	0.0615	0.4905	0.0585	0	217	243	3
2026-02-12	15:44:44.290	-64.05	-27.16	-135.1	1.234396	-0.096624	0.126636	0.069	0.4695	0.06	0	217	243	3
2026-02-12	15:44:44.310	-93.8	-25.48	-133.49	1.287344	-0.125416	0.091988	0.0765	0.45	0.0615	0	217	243	3
2026-02-12	15:44:44.330	-120.505	-27.09	-128.38	1.274412	-0.17934	0.068076	0.0765	0.4365	0.057	0	217	243	3
2026-02-12	15:44:44.350	-140.84	-29.295	-119.875	1.157048	-0.24156	0.099796	0.087	0.4095	0.0585	0	217	243	3
2026-02-12	15:44:44.370	-143.64	-35.525	-101.955	0.986492	-0.317444	0.183244	0.087	0.4095	0.0585	0	217	243	3
2026-02-12	15:44:44.390	-124.39	-39.41	-90.685	0.960384	-0.35258	0.245708	0.099	0.3825	0.0525	0	217	243	3
2026-02-12	15:44:44.410	-95.41	-42.595	-80.605	0.956968	-0.301096	0.2806	0.114	0.3615	0.0435	0	219	225	3
2026-02-12	15:44:44.430	-68.775	-44.555	-72.59	0.942328	-0.2989	0.294996	0.117	0.366	0.0405	0	219	225	3
2026-02-12	15:44:44.450	-43.645	-45.15	-67.06	0.917928	-0.284992	0.278648	0.1125	0.351	0.045	0	219	225	3
2026-02-12	15:44:44.470	-23.065	-45.955	-64.715	0.91378	-0.28548	0.259372	0.126	0.333	0.042	0	219	225	3
2026-02-12	15:44:44.490	-3.045	-45.08	-62.16	0.910608	-0.346724	0.295484	0.1335	0.336	0.0435	0	219	225	3
2026-02-12	15:44:44.510	23.24	-41.65	-56.49	0.884988	-0.390888	0.349652	0.135	0.318	0.0555	0	219	225	3
2026-02-12	15:44:44.530	45.955	-39.48	-49.105	0.840092	-0.35502	0.37088	0.144	0.3105	0.0555	0	219	225	3
2026-02-12	15:44:44.550	58.03	-37.94	-40.775	0.821792	-0.295728	0.391132	0.147	0.315	0.069	0	219	225	3
2026-02-12	15:44:44.570	61.6	-32.9	-29.155	0.86132	-0.251076	0.44652	0.1485	0.309	0.069	0	219	225	3
2026-02-12	15:44:44.590	61.46	-24.815	-16.73	0.898652	-0.204716	0.487024	0.1485	0.309	0.069	0	219	225	3
2026-02-12	15:44:44.610	56.595	-19.32	-5.775	0.941108	-0.161772	0.500688	0.1515	0.3135	0.087	0	219	226	3
2026-02-12	15:44:44.630	46.06	-17.01	4.55	1.070184	-0.154452	0.539484	0.1575	0.3165	0.1035	0	219	226	3
2026-02-12	15:44:44.650	37.555	-12.635	14.105	1.163636	-0.171044	0.615124	0.159	0.315	0.1005	0	219	226	3
2026-02-12	15:44:44.670	33.145	-2.555	24.57	1.244156	-0.190564	0.67466	0.1575	0.312	0.1095	0	219	226	3
2026-02-12	15:44:44.690	27.755	11.095	36.26	1.33102	-0.173728	0.617564	0.1575	0.3195	0.1155	0	219	226	3
2026-02-12	15:44:44.710	16.275	25.9	50.365	1.392508	-0.146156	0.479216	0.144	0.327	0.12	0	219	226	3
2026-02-12	15:44:44.730	-1.435	38.5	64.715	1.417396	-0.111752	0.353556	0.1455	0.33	0.117	0	219	226	3
2026-02-12	15:44:44.750	-22.4	48.09	80.57	1.371524	-0.10248	0.264252	0.141	0.3405	0.1125	0	219	226	3
2026-02-12	15:44:44.770	-39.165	53.795	98.245	1.324432	-0.118096	0.260592	0.1275	0.351	0.108	0	219	226	3
2026-02-12	15:44:44.790	-39.06	67.515	121.1	1.322236	-0.185196	0.418948	0.123	0.3615	0.0975	0	219	226	3
2026-02-12	15:44:44.810	-24.745	84.63	148.68	1.225612	-0.296216	0.42578	0.1005	0.369	0.084	0	220	257	3
2026-02-12	15:44:44.830	5.67	86.835	169.33	1.19926	-0.241072	0.286212	0.0825	0.387	0.0675	0	220	257	3
2026-02-12	15:44:44.850	16.1	89.81	181.44	1.134844	-0.237656	0.148352	0.0825	0.4125	0.057	0	220	257	3
2026-02-12	15:44:44.870	9.275	88.83	187.215	1.06628	-0.249856	0.077348	0.078	0.429	0.051	0	220	257	3
2026-02-12	15:44:44.890	4.41	84.7	189.07	1.087508	-0.282064	0.061244	0.069	0.4485	0.036	0	220	257	3
2026-02-12	15:44:44.910	6.825	81.935	185.675	1.129232	-0.277672	0.07124799	0.0495	0.4785	0.0255	0	220	257	3
2026-02-12	15:44:44.930	9.135	81.585	179.76	1.055544	-0.29036	0.078568	0.0555	0.501	0.015	0	220	257	3
2026-02-12	15:44:44.950	14.28	78.225	172.095	0.998204	-0.313296	0.077104	0.048	0.54	0.0105	0	220	257	3
2026-02-12	15:44:44.970	23.275	72.835	160.195	1.067012	-0.325008	0.087352	0.0525	0.552	0	0	220	257	3
2026-02-12	15:44:44.990	24.675	72.24	148.12	0.97112	-0.34892	0.09467199	0.057	0.5835	-0.015	0	220	257	3
2026-02-12	15:44:45.010	23.24	71.61	132.44	0.93208	-0.36356	0.085888	0.0555	0.606	-0.015	0	223	276	3
2026-02-12	15:44:45.030	38.57	79.31	120.995	0.875228	-0.454084	0.076128	0.06	0.627	-0.027	0	223	276	3
2026-02-12	15:44:45.050	72.415	58.835	106.68	0.888648	-0.385276	0.091256	0.0645	0.654	-0.0435	0	223	276	3
2026-02-12	15:44:45.070	81.62	42.385	90.405	0.823988	-0.337208	0.115168	0.066	0.6615	-0.0495	0	223	276	3
2026-02-12	15:44:45.090	75.88	27.405	74.06	0.792268	-0.349408	0.152988	0.0795	0.663	-0.06	0	223	276	3
2026-02-12	15:44:45.110	70.35	13.265	58.625	0.790316	-0.364536	0.201788	0.0795	0.6735	-0.06	0	223	276	3
2026-02-12	15:44:45.130	61.67	1.47	45.29	0.804468	-0.368928	0.25986	0.0885	0.684	-0.0675	0	223	276	3
2026-02-12	15:44:45.150	46.725	-9.52	32.69	0.861808	-0.333304	0.317932	0.0915	0.693	-0.072	0	223	276	3
2026-02-12	15:44:45.170	22.96	-17.115	21.875	0.843996	-0.312808	0.33794	0.102	0.6945	-0.0735	0	223	276	3
2026-02-12	15:44:45.190	-1.26	-23.45	13.65	0.808616	-0.318664	0.305488	0.0915	0.6945	-0.066	0	223	276	3
2026-02-12	15:44:45.210	-26.775	-32.095	6.23	0.784704	-0.335988	0.264496	0.093	0.6975	-0.066	0	226	267	2
2026-02-12	15:44:45.230	-45.605	-37.135	1.435	0.763232	-0.346968	0.243024	0.0885	0.6975	-0.06	0	226	267	2
2026-02-12	15:44:45.250	-48.125	-39.48	-2.905	0.770064	-0.351848	0.220088	0.087	0.6975	-0.051	0	226	267	2
2026-02-12	15:44:45.270	-38.92	-41.685	-7.665	0.787876	-0.375272	0.20374	0.0915	0.699	-0.042	0	226	267	2
2026-02-12	15:44:45.290	-19.425	-42.56	-12.285	0.82472	-0.401868	0.21106	0.0945	0.702	-0.039	0	226	267	2
2026-02-12	15:44:45.310	4.305	-42.665	-16.765	0.848144	-0.399184	0.224968	0.0855	0.7005	-0.0315	0	226	267	2
2026-02-12	15:44:45.330	22.82	-42.7	-21.49	0.858392	-0.374784	0.23668	0.0855	0.714	-0.0315	0	226	267	2
2026-02-12	15:44:45.350	34.16	-43.645	-27.615	0.891576	-0.351848	0.240096	0.0885	0.702	-0.021	0	226	267	2
2026-02-12	15:44:45.370	40.425	-45.395	-34.86	0.904264	-0.33062	0.257664	0.084	0.6945	-0.027	0	226	267	2
2026-02-12	15:44:45.390	45.115	-47.705	-42.455	0.915244	-0.311832	0.287676	0.0825	0.696	-0.0195	0	226	267	2
2026-02-12	15:44:45.410	49.455	-49.105	-50.4	0.93818	-0.289384	0.344528	0.0795	0.687	-0.0135	0	228	255	3
2026-02-12	15:44:45.430	59.29	-49.42	-62.755	1.015772	-0.28304	0.371124	0.075	0.6765	-0.0045	0	228	255	3
2026-02-12	15:44:45.450	62.51	-50.505	-70.805	1.00894	-0.2684	0.364292	0.072	0.672	-0.0015	0	228	255	3
2026-02-12	15:44:45.470	64.295	-52.43	-77.35	0.998204	-0.271572	0.37088	0.069	0.66	-0.0015	0	228	255	3
2026-02-12	15:44:45.490	68.285	-51.345	-80.78	0.949648	-0.242536	0.389424	0.063	0.6465	0	0	228	255	3
2026-02-12	15:44:45.510	67.48	-50.575	-81.97	0.918416	-0.18666	0.366976	0.0585	0.6405	0.0045	0	228	255	3
2026-02-12	15:44:45.530	58.52	-51.03	-82.775	0.922808	-0.140056	0.343308	0.057	0.627	0.012	0	228	255	3
2026-02-12	15:44:45.550	44.345	-51.835	-84.28	0.965752	-0.129076	0.365512	0.057	0.615	0.012	0	228	255	3
2026-02-12	15:44:45.570	31.71	-50.015	-86.52	1.008452	-0.10858	0.394304	0.0555	0.5985	0.021	0	228	255	3
2026-02-12	15:44:45.590	13.3	-49.595	-90.23	1.03456	-0.070272	0.38552	0.057	0.5925	0.024	0	228	255	3
2026-02-12	15:44:45.610	-10.395	-50.225	-96.95	1.084824	-0.084668	0.382592	0.0555	0.585	0.03	0	226	259	3
2026-02-12	15:44:45.630	-31.605	-49.595	-104.965	1.1224	-0.123708	0.403088	0.057	0.5655	0.045	0	226	259	3
2026-02-12	15:44:45.650	-52.885	-46.585	-116.2	1.187304	-0.179096	0.416752	0.057	0.5655	0.045	0	226	259	3
2026-02-12	15:44:45.670	-64.715	-42.84	-118.65	1.177788	-0.199592	0.393084	0.0585	0.5385	0.0525	0	226	259	3
2026-02-12	15:44:45.690	-75.425	-39.34	-114.485	1.076772	-0.195932	0.352092	0.057	0.5055	0.06	0	226	259	3
2026-02-12	15:44:45.710	-84.455	-37.66	-106.68	0.96258	-0.187636	0.308416	0.0555	0.498	0.06	0	226	259	3
2026-02-12	15:44:45.730	-90.44	-38.675	-97.72	0.885476	-0.167384	0.261324	0.0615	0.4815	0.0675	0	226	259	3
2026-02-12	15:44:45.750	-92.155	-41.65	-90.825	0.889136	-0.149328	0.247904	0.0615	0.4635	0.0645	0	226	259	3
2026-02-12	15:44:45.770	-92.61	-43.435	-86.59	0.921832	-0.1342	0.253272	0.0675	0.453	0.0645	0	226	259	3
2026-02-12	15:44:45.790	-97.265	-44.24	-85.435	0.918904	-0.135908	0.24766	0.0675	0.444	0.0645	0	226	259	3
2026-02-12	15:44:45.810	-104.825	-44.205	-87.57	0.895724	-0.1769	0.2257	0.075	0.432	0.0765	0	221	277	3
2026-02-12	15:44:45.830	-107.765	-44.52	-91.525	0.854488	-0.242536	0.219112	0.0825	0.4215	0.078	0	221	277	3
2026-02-12	15:44:45.850	-93.695	-44.03	-98.14	0.848144	-0.350872	0.305976	0.084	0.3975	0.075	0	221	277	3
2026-02-12	15:44:45.870	-55.44	-40.495	-104.37	0.88694	-0.460428	0.447496	0.084	0.3975	0.075	0	221	277	3
2026-02-12	15:44:45.890	-10.745	-35.98	-104.755	0.91378	-0.499712	0.502396	0.096	0.3765	0.0765	0	221	277	3
2026-02-12	15:44:45.910	32.41	-31.57	-97.58	0.915732	-0.470676	0.509716	0.1125	0.3495	0.0795	0	221	277	3
2026-02-12	15:44:45.930	70.42	-30.59	-86.905	1.013576	-0.407236	0.533384	0.117	0.342	0.0795	0	221	277	3
2026-02-12	15:44:45.950	99.435	-25.655	-73.64	1.048224	-0.386252	0.595848	0.1215	0.339	0.0915	0	221	277	3
2026-02-12	15:44:45.970	121.1	-16.975	-53.305	1.075064	-0.38186	0.704428	0.129	0.3405	0.105	0	221	277	3
2026-02-12	15:44:45.990	131.985	-3.255	-28.63	1.05652	-0.335988	0.71248	0.1365	0.333	0.105	0	221	277	3
2026-02-12	15:44:46.010	121.485	11.165	1.4	1.164856	-0.198372	0.5795	0.1365	0.333	0.105	0	217	302	3
2026-02-12	15:44:46.030	97.055	21.595	16.555	1.290028	-0.13786	0.475068	0.138	0.336	0.132	0	217	302	3
2026-02-12	15:44:46.050	52.465	36.225	37.59	1.399828	-0.09394	0.339404	0.135	0.3435	0.147	0	217	302	3
2026-02-12	15:44:46.070	-9.94	50.96	68.215	1.336632	-0.077836	0.201544	0.1245	0.3495	0.135	0	217	302	3
2026-02-12	15:44:46.090	-37.03	51.73	100.555	1.20658	-0.068564	0.141276	0.1185	0.354	0.1305	0	217	302	3
2026-02-12	15:44:46.110	-57.05	47.81	121.31	1.12118	-0.054412	0.18422	0.1095	0.3705	0.1185	0	217	302	3
2026-02-12	15:44:46.130	-72.135	42.805	137.55	1.084092	-0.07808	0.222284	0.102	0.3885	0.1095	0	217	302	3
2026-02-12	15:44:46.150	-77.63	35.105	152.18	1.099708	-0.129076	0.274988	0.0975	0.396	0.108	0	217	302	3
2026-02-12	15:44:46.170	-81.48	31.745	166.95	1.081164	-0.219112	0.305244	0.0885	0.4095	0.102	0	217	302	3
2026-02-12	15:44:46.190	-82.775	31.99	182	1.0736	-0.298656	0.28548	0.0735	0.4335	0.087	0	217	302	3
2026-02-12	15:44:46.210	-82.6	31.605	191.765	1.121912	-0.269376	0.226432	0.072	0.456	0.084	0	215	326	3
2026-02-12	15:44:46.230	-95.165	30.205	193.83	1.156316	-0.218624	0.144692	0.06	0.471	0.0825	0	215	326	3
2026-02-12	15:44:46.250	-108.22	26.565	190.645	1.143384	-0.19032	0.04636	0.0585	0.501	0.06	0	215	326	3
2026-02-12	15:44:46.270	-110.81	20.055	183.82	1.102148	-0.163968	-0.024888	0.0555	0.5295	0.0705	0	215	326	3
2026-02-12	15:44:46.290	-93.765	9.555	165.69	1.112152	-0.194224	-0.073444	0.0555	0.5295	0.0705	0	215	326	3
2026-02-12	15:44:46.310	-71.4	6.23	151.06	1.145092	-0.287432	-0.082472	0.0585	0.567	0.069	0	215	326	3
2026-02-12	15:44:46.330	-44.135	5.74	139.195	1.0858	-0.351116	-0.079544	0.0585	0.6135	0.069	0	215	326	3
2026-02-12	15:44:46.350	-11.83	5.425	129.115	0.9943	-0.399428	-0.063684	0.0585	0.6285	0.0675	0	215	326	3
2026-02-12	15:44:46.370	23.485	5.11	119.385	0.931104	-0.426024	-0.048068	0.063	0.6345	0.066	0	215	326	3
2026-02-12	15:44:46.390	52.01	4.76	109.62	0.912072	-0.419436	-0.030256	0.0705	0.6645	0.063	0	215	326	3
2026-02-12	15:44:46.410	66.57	4.41	100.555	0.880352	-0.40382	-0.011956	0.0765	0.669	0.0585	0	215	309	2
2026-02-12	15:44:46.430	70.385	3.675	91.455	0.8479	-0.389668	0.016348	0.0795	0.699	0.0585	0	215	309	2
2026-02-12	15:44:46.450	60.445	2.275	82.565	0.828136	-0.376736	0.053192	0.084	0.7065	0.057	0	215	309	2
2026-02-12	15:44:46.470	40.845	1.75	73.465	0.83326	-0.412604	0.11956	0.0885	0.723	0.057	0	215	309	2
2026-02-12	15:44:46.490	22.12	3.955	60.515	0.865224	-0.474336	0.160308	0.093	0.7245	0.0555	0	215	309	2
2026-02-12	15:44:46.510	6.02	5.985	47.39	0.892796	-0.489708	0.140544	0.093	0.7245	0.0555	0	215	309	2
2026-02-12	15:44:46.530	-6.09	6.3	36.75	0.898652	-0.519964	0.100528	0.0975	0.7365	0.0465	0	215	309	2
2026-02-12	15:44:46.550	-10.675	5.845	26.915	0.880352	-0.532652	0.08052	0.1035	0.7545	0.0435	0	215	309	2
2026-02-12	15:44:46.570	-3.64	5.11	17.955	0.873276	-0.56364	0.077104	0.105	0.7605	0.048	0	215	309	2
2026-02-12	15:44:46.590	14.455	4.2	10.71	0.844972	-0.574864	0.11224	0.117	0.756	0.045	0	215	309	2
2026-02-12	15:44:46.610	33.985	4.375	6.195	0.793244	-0.555344	0.170068	0.105	0.765	0.048	0	219	260	2
2026-02-12	15:44:46.630	52.15	5.075	2.38	0.792512	-0.5124	0.175436	0.117	0.7605	0.045	0	219	260	2
2026-02-12	15:44:46.650	62.825	3.78	-5.425	0.863028	-0.42456	0.151768	0.1125	0.7635	0.039	0	219	260	2
2026-02-12	15:44:46.670	65.695	0.525	-19.425	0.93818	-0.414068	0.179584	0.111	0.756	0.042	0	219	260	2
2026-02-12	15:44:46.690	76.475	0.385	-33.04	0.936716	-0.47702	0.28426	0.1035	0.7515	0.0255	0	219	260	2
2026-02-12	15:44:46.710	106.26	4.375	-45.08	0.869128	-0.454572	0.3843	0.1005	0.753	0.0225	0	219	260	2
2026-02-12	15:44:46.730	127.12	7.875	-54.32	0.772504	-0.381616	0.421388	0.1005	0.7425	0.0165	0	219	260	2
2026-02-12	15:44:46.750	132.3	7.245	-58.555	0.687836	-0.35014	0.419436	0.0945	0.732	0.0045	0	219	260	2
2026-02-12	15:44:46.770	135.38	3.08	-61.145	0.636108	-0.310368	0.411628	0.087	0.7305	-0.009	0	219	260	2
2026-02-12	15:44:46.790	138.075	-3.745	-64.05	0.621712	-0.26596	0.39528	0.0855	0.7275	-0.0195	0	219	260	2
2026-02-12	15:44:46.810	136.08	-12.39	-68.32	0.64782	-0.20618	0.38552	0.0855	0.7155	-0.0135	0	223	227	2
2026-02-12	15:44:46.830	127.12	-22.015	-74.305	0.742492	-0.142008	0.382592	0.0825	0.7035	-0.024	0	223	227	2
2026-02-12	15:44:46.850	110.25	-30.485	-81.06	0.860588	-0.09882	0.38064	0.0795	0.696	-0.0285	0	223	227	2
2026-02-12	15:44:46.870	86.87	-37.17	-86.555	0.940376	-0.080032	0.376736	0.075	0.681	-0.03	0	223	227	2
2026-02-12	15:44:46.890	61.215	-40.53	-89.985	0.994544	-0.084668	0.411628	0.069	0.669	-0.0375	0	223	227	2
2026-02-12	15:44:46.910	39.865	-37.94	-92.26	1.023824	-0.078812	0.470432	0.063	0.648	-0.033	0	223	227	2
2026-02-12	15:44:46.930	0.35	-31.255	-94.115	0.970388	-0.063196	0.468968	0.063	0.648	-0.033	0	223	227	2
2026-02-12	15:44:46.950	-30.1	-29.925	-94.92	0.92232	-0.044652	0.428952	0.06	0.627	-0.024	0	223	227	2
2026-02-12	15:44:46.970	-56.525	-31.045	-96.775	0.870836	-0.063196	0.377224	0.054	0.606	-0.0135	0	223	227	2
2026-02-12	15:44:46.990	-74.655	-35.105	-99.365	0.851316	-0.093452	0.355996	0.051	0.594	-0.009	0	223	227	2
2026-02-12	15:44:47.010	-84.315	-39.515	-102.9	0.856196	-0.142008	0.363804	0.0525	0.5835	-0.006	0	228	237	2
2026-02-12	15:44:47.030	-86.345	-41.825	-105.7	0.854732	-0.200324	0.381128	0.045	0.5775	-0.006	0	228	237	2
2026-02-12	15:44:47.050	-80.71	-43.225	-107.485	0.87718	-0.245464	0.38186	0.0525	0.5715	0.0015	0	228	237	2
2026-02-12	15:44:47.070	-69.825	-44.695	-110.145	0.902556	-0.256444	0.372588	0.0525	0.5445	0.012	0	228	237	2
2026-02-12	15:44:47.090	-55.79	-45.85	-113.54	0.905972	-0.266692	0.366976	0.054	0.531	0.006	0	228	237	2
2026-02-12	15:44:47.110	-41.16	-48.335	-115.605	0.902312	-0.264008	0.364292	0.054	0.519	0.0195	0	228	237	2
2026-02-12	15:44:47.130	-28.28	-52.57	-116.025	0.890844	-0.245708	0.368196	0.0555	0.498	0.033	0	228	237	2
2026-02-12	15:44:47.150	-22.05	-57.12	-113.82	0.862052	-0.226432	0.353312	0.057	0.4815	0.0315	0	228	237	2
2026-02-12	15:44:47.170	-22.575	-61.845	-109.34	0.831552	-0.222772	0.324032	0.06	0.459	0.036	0	228	237	2
2026-02-12	15:44:47.190	-17.99	-67.13	-104.51	0.862784	-0.255224	0.34648	0.0675	0.4425	0.048	0	228	237	2
2026-02-12	15:44:47.210	-3.395	-70.595	-98.7	0.943304	-0.288408	0.429928	0.0735	0.429	0.0585	0	230	270	2
2026-02-12	15:44:47.230	20.3	-70.84	-90.09	1.044564	-0.313052	0.499712	0.0735	0.4275	0.0645	0	230	270	2
2026-02-12	15:44:47.250	41.685	-68.39	-77.42	1.064816	-0.290116	0.521428	0.087	0.408	0.0735	0	230	270	2
2026-02-12	15:44:47.270	55.335	-65.24	-64.54	1.128012	-0.253516	0.554612	0.0885	0.402	0.0885	0	230	270	2
2026-02-12	15:44:47.290	65.17	-60.375	-54.25	1.24074	-0.252296	0.599996	0.093	0.396	0.09	0	230	270	2
2026-02-12	15:44:47.310	72.59	-50.68	-40.88	1.187792	-0.246928	0.652456	0.0975	0.3945	0.1095	0	230	270	2
2026-02-12	15:44:47.330	77.21	-41.79	-26.32	1.239764	-0.2623	0.696864	0.0915	0.381	0.1245	0	230	270	2
2026-02-12	15:44:47.350	79.415	-21.455	-7.525	1.308328	-0.260348	0.688568	0.1035	0.3855	0.129	0	230	270	2
2026-02-12	15:44:47.370	65.695	2.17	16.59	1.375916	-0.194224	0.555588	0.108	0.3855	0.135	0	230	270	2
2026-02-12	15:44:47.390	35.98	20.825	38.465	1.387384	-0.127856	0.388448	0.1095	0.39	0.1425	0	230	270	2
2026-02-12	15:44:47.410	4.83	36.505	62.055	1.326384	-0.111752	0.265472	0.105	0.396	0.141	0	230	315	3
2026-02-12	15:44:47.430	-12.81	47.81	86.94	1.21024	-0.09516	0.204716	0.102	0.399	0.1395	0	230	315	3
2026-02-12	15:44:47.450	-23.94	51.87	110.565	1.136064	-0.043188	0.183732	0.0945	0.414	0.138	0	230	315	3
2026-02-12	15:44:47.470	-42.21	51.345	129.92	1.057008	0.005368	0.17812	0.09	0.426	0.1245	0	230	315	3
2026-02-12	15:44:47.490	-67.06	45.36	144.935	0.984784	0.028304	0.1891	0.0765	0.4395	0.1155	0	230	315	3
2026-02-12	15:44:47.510	-89.845	36.89	155.015	0.96746	-0.02196	0.213988	0.075	0.4545	0.111	0	230	315	3
2026-02-12	15:44:47.530	-110.6	28.945	162.68	1.036512	-0.092476	0.236924	0.0615	0.48	0.1005	0	230	315	3
2026-02-12	15:44:47.550	-136.43	26.11	170.905	1.03944	-0.167628	0.220088	0.0615	0.498	0.0915	0	230	315	3
2026-02-12	15:44:47.570	-151.585	24.01	179.55	1.036512	-0.302316	0.128588	0.0615	0.498	0.0915	0	230	315	3
2026-02-12	15:44:47.590	-137.445	18.655	179.69	1.107028	-0.31476	0.065636	0.057	0.5295	0.087	0	230	315	3
2026-02-12	15:44:47.610	-111.895	15.96	174.685	1.136064	-0.279868	-0.000732	0.0525	0.573	0.0825	0	231	338	3
2026-02-12	15:44:47.630	-77.455	14	166.18	1.099708	-0.25864	-0.046116	0.0525	0.5955	0.0825	0	231	338	3
2026-02-12	15:44:47.650	-38.85	11.305	155.75	1.046516	-0.267424	-0.062708	0.0525	0.6075	0.084	0	231	338	3
2026-02-12	15:44:47.670	1.645	9.1	142.66	1.047736	-0.306464	-0.048556	0.0525	0.636	0.0795	0	231	338	3
2026-02-12	15:44:47.690	36.26	9.45	127.995	1.070184	-0.32574	-0.027084	0.0555	0.6495	0.078	0	231	338	3
2026-02-12	15:44:47.710	58.555	12.495	115.675	0.996008	-0.321592	-0.006588	0.057	0.6675	0.0825	0	231	338	3
2026-02-12	15:44:47.730	68.075	12.95	104.23	0.933788	-0.295484	0.011224	0.0765	0.6885	0.0795	0	231	338	3
2026-02-12	15:44:47.750	65.94	11.795	92.96	0.862296	-0.298168	0.031232	0.0705	0.7035	0.0615	0	231	338	3
2026-02-12	15:44:47.770	53.305	8.855	79.415	0.7808	-0.309636	0.061488	0.078	0.7155	0.069	0	231	338	3
2026-02-12	15:44:47.790	37.31	3.815	65.73	0.715652	-0.329644	0.106384	0.078	0.7155	0.069	0	231	338	3
2026-02-12	15:44:47.810	25.34	-0.7	54.6	0.696864	-0.380884	0.14518	0.087	0.7335	0.063	0	234	309	3
2026-02-12	15:44:47.830	17.535	-4.025	44.73	0.698084	-0.454816	0.170068	0.0975	0.7485	0.0585	0	234	309	3
2026-02-12	15:44:47.850	17.5	-6.72	36.12	0.703208	-0.502884	0.170068	0.099	0.7455	0.06	0	234	309	3
2026-02-12	15:44:47.870	21.875	-9.87	27.895	0.71858	-0.517768	0.157136	0.1065	0.7575	0.054	0	234	309	3
2026-02-12	15:44:47.890	28.21	-12.95	20.335	0.72956	-0.534848	0.149572	0.1035	0.7635	0.048	0	234	309	3
2026-02-12	15:44:47.910	39.27	-15.575	12.845	0.740052	-0.54656	0.176656	0.105	0.7755	0.0555	0	234	309	3
2026-02-12	15:44:47.930	51.975	-16.555	5.74	0.751764	-0.53924	0.217892	0.105	0.7695	0.0495	0	234	309	3
2026-02-12	15:44:47.950	64.61	-15.61	-1.365	0.757376	-0.532164	0.247416	0.111	0.765	0.054	0	234	309	3
2026-02-12	15:44:47.970	73.57	-13.545	-9.31	0.756644	-0.487268	0.26596	0.1035	0.768	0.06	0	234	309	3
2026-02-12	15:44:47.990	76.72	-11.62	-21	0.77836	-0.44774	0.273524	0.0975	0.771	0.042	0	234	309	3
2026-02-12	15:44:48.010	77.14	-10.99	-33.46	0.79788	-0.427	0.274744	0.0975	0.7665	0.0405	0	238	264	3
2026-02-12	15:44:48.030	79.8	-12.04	-43.015	0.799344	-0.406016	0.279624	0.096	0.7575	0.0405	0	238	264	3
2026-02-12	15:44:48.050	83.37	-14.98	-52.01	0.820084	-0.37698	0.276696	0.099	0.753	0.0345	0	238	264	3
2026-02-12	15:44:48.070	86.24	-19.74	-61.775	0.902556	-0.330132	0.284992	0.105	0.756	0.0285	0	238	264	3
2026-02-12	15:44:48.090	85.4	-23.8	-74.06	0.998692	-0.299388	0.305	0.09	0.7515	0.0285	0	238	264	3
2026-02-12	15:44:48.110	80.78	-26.075	-86.555	1.087752	-0.284992	0.330864	0.0825	0.7365	0.0225	0	238	264	3
2026-02-12	15:44:48.130	73.815	-27.125	-96.775	1.131672	-0.273036	0.371124	0.0765	0.726	0.015	0	238	264	3
2026-02-12	15:44:48.150	67.83	-24.885	-102.62	1.106052	-0.2745	0.412848	0.072	0.7245	0.021	0	238	264	3
2026-02-12	15:44:48.170	62.93	-21.63	-104.825	1.044564	-0.24278	0.423584	0.075	0.7005	0.0225	0	238	264	3
2026-02-12	15:44:48.190	52.185	-18.69	-103.845	0.959896	-0.192516	0.404796	0.06	0.693	0.012	0	238	264	3
2026-02-12	15:44:48.210	26.53	-17.15	-95.235	0.82106	-0.162992	0.368684	0.06	0.693	0.012	0	242	245	3
2026-02-12	15:44:48.230	14.245	-20.65	-87.675	0.818376	-0.139568	0.347944	0.0555	0.669	0.0135	0	242	245	3
2026-02-12	15:44:48.250	3.535	-25.235	-83.755	0.928908	-0.088572	0.3172	0.048	0.6345	0.024	0	242	245	3
2026-02-12	15:44:48.270	-17.22	-27.16	-83.16	0.99918	-0.052948	0.278404	0.048	0.6195	0.033	0	242	245	3
2026-02-12	15:44:48.290	-45.01	-26.845	-83.615	1.027972	-0.075396	0.23912	0.0495	0.6165	0.033	0	242	245	3
2026-02-12	15:44:48.310	-69.3	-27.23	-85.33	1.072136	-0.108336	0.220088	0.045	0.612	0.0345	0	242	245	3
2026-02-12	15:44:48.330	-88.865	-27.51	-88.06	1.093364	-0.139324	0.218136	0.0375	0.597	0.039	0	242	245	3
2026-02-12	15:44:48.350	-104.895	-26.845	-90.265	1.086288	-0.182512	0.228384	0.0375	0.588	0.051	0	242	245	3
2026-02-12	15:44:48.370	-117.635	-25.025	-90.02	1.024068	-0.219356	0.23546	0.0375	0.5715	0.048	0	242	245	3
2026-02-12	15:44:48.390	-125.685	-23.835	-87.885	0.938424	-0.24278	0.236924	0.0375	0.5535	0.048	0	242	245	3
2026-02-12	15:44:48.410	-125.3	-24.15	-85.295	0.856196	-0.256932	0.229116	0.042	0.543	0.06	0	243	249	3
2026-02-12	15:44:48.430	-114.87	-26.04	-83.895	0.812276	-0.25742	0.230092	0.042	0.543	0.06	0	243	249	3
2026-02-12	15:44:48.450	-100.205	-28.385	-84.595	0.849608	-0.264252	0.233752	0.0435	0.5235	0.0585	0	243	249	3
2026-02-12	15:44:48.470	-84.42	-30.59	-86.8	0.917684	-0.265716	0.226188	0.0465	0.4935	0.057	0	243	249	3
2026-02-12	15:44:48.490	-72.03	-31.36	-88.76	0.939156	-0.247904	0.2135	0.048	0.4845	0.0555	0	243	249	3
2026-02-12	15:44:48.510	-64.68	-32.9	-90.405	0.963068	-0.23668	0.220088	0.057	0.4785	0.057	0	243	249	3
2026-02-12	15:44:48.530	-59.955	-33.285	-91.105	0.944036	-0.24888	0.245708	0.054	0.465	0.0615	0	243	249	3
2026-02-12	15:44:48.550	-52.29	-34.195	-90.335	0.92598	-0.260348	0.286456	0.063	0.456	0.063	0	243	249	3
2026-02-12	15:44:48.570	-41.72	-36.155	-88.06	0.91744	-0.267912	0.317688	0.069	0.4425	0.0705	0	243	249	3
2026-02-12	15:44:48.590	-31.43	-39.48	-84.385	0.929396	-0.264984	0.339892	0.063	0.429	0.0705	0	243	249	3
2026-02-12	15:44:48.610	-21.21	-42.77	-78.855	0.936228	-0.271328	0.376004	0.075	0.4095	0.0705	0	240	259	3
2026-02-12	15:44:48.630	0.175	-44.94	-69.23	1.009916	-0.29646	0.466528	0.075	0.4005	0.084	0	240	259	3
2026-02-12	15:44:48.650	27.58	-44.415	-58.87	1.090924	-0.291092	0.563884	0.081	0.39	0.0885	0	240	259	3
2026-02-12	15:44:48.670	43.435	-38.815	-47.88	1.069452	-0.282308	0.605364	0.0885	0.375	0.099	0	240	259	3
2026-02-12	15:44:48.690	56.63	-33.95	-33.74	1.105564	-0.25376	0.59414	0.09	0.378	0.1065	0	240	259	3
2026-02-12	15:44:48.710	65.24	-25.515	-20.02	1.15412	-0.235948	0.5856	0.09	0.384	0.108	0	240	259	3
2026-02-12	15:44:48.730	67.515	-12.6	-5.18	1.225612	-0.218624	0.529724	0.0915	0.375	0.111	0	240	259	3
2026-02-12	15:44:48.750	59.185	0.945	11.585	1.317112	-0.178364	0.435296	0.093	0.372	0.123	0	240	259	3
2026-02-12	15:44:48.770	39.795	15.89	30.87	1.382748	-0.142008	0.339404	0.0975	0.3795	0.1215	0	240	259	3
2026-02-12	15:44:48.790	20.44	29.365	53.27	1.353224	-0.105408	0.258884	0.0975	0.3765	0.129	0	240	259	3
2026-02-12	15:44:48.810	5.005	38.15	76.93	1.264408	-0.0854	0.20984	0.099	0.387	0.1245	0	235	282	3
2026-02-12	15:44:48.830	-10.43	41.37	99.4	1.149484	-0.034648	0.201544	0.081	0.3945	0.1185	0	235	282	3
2026-02-12	15:44:48.850	-40.74	39.55	123.445	0.978928	0.017568	0.22204	0.081	0.3945	0.1185	0	235	282	3
2026-02-12	15:44:48.870	-53.83	35.56	135.555	0.935496	-0.049044	0.249612	0.0735	0.414	0.1095	0	235	282	3
2026-02-12	15:44:48.890	-50.82	34.23	146.23	0.949892	-0.143228	0.27816	0.066	0.4455	0.0975	0	235	282	3
2026-02-12	15:44:48.910	-34.65	37.1	155.435	0.973804	-0.257664	0.265716	0.0585	0.471	0.0915	0	235	282	3
2026-02-12	15:44:48.930	-8.995	38.605	161.245	1.024556	-0.245708	0.222528	0.051	0.486	0.0885	0	235	282	3
2026-02-12	15:44:48.950	4.725	41.405	161.035	1.110444	-0.209108	0.148108	0.045	0.501	0.084	0	235	282	3
2026-02-12	15:44:48.970	3.675	45.01	156.555	1.174616	-0.19032	0.05734	0.0405	0.531	0.0735	0	235	282	3
2026-02-12	15:44:48.990	1.12	47.565	150.955	1.15534	-0.158356	-0.014152	0.039	0.546	0.0675	0	235	282	3
2026-02-12	15:44:49.010	3.71	48.475	143.01	1.102392	-0.138104	-0.048312	0.0375	0.5685	0.0765	0	230	294	3
2026-02-12	15:44:49.030	10.57	47.075	131.495	1.075064	-0.153476	-0.036356	0.0405	0.591	0.0675	0	230	294	3
2026-02-12	15:44:49.050	14.665	45.675	112.98	1.075552	-0.187636	0.00732	0.042	0.6105	0.0495	0	230	294	3
2026-02-12	15:44:49.070	11.445	45.78	95.34	1.021384	-0.226188	0.034648	0.042	0.6105	0.0495	0	230	294	3
2026-02-12	15:44:49.090	10.605	43.645	83.3	0.958432	-0.254492	0.06954	0.051	0.627	0.039	0	230	294	3
2026-02-12	15:44:49.110	13.825	41.58	71.47	0.97112	-0.263276	0.130296	0.054	0.6495	0.0255	0	230	294	3
2026-02-12	15:44:49.130	12.635	43.085	60.585	0.91988	-0.282308	0.16226	0.048	0.654	0.0225	0	230	294	3
2026-02-12	15:44:49.150	1.26	43.26	53.235	0.799832	-0.310368	0.150792	0.06	0.666	0.0225	0	230	294	3
2026-02-12	15:44:49.170	-9.94	36.33	48.335	0.718336	-0.365756	0.125904	0.054	0.681	0.015	0	230	294	3
2026-02-12	15:44:49.190	-7.245	25.13	43.4	0.72712	-0.431636	0.13664	0.063	0.681	0.0105	0	230	294	3
2026-02-12	15:44:49.210	7.21	14.875	36.68	0.80032	-0.44896	0.189344	0.063	0.6885	0.006	0	226	274	3
2026-02-12	15:44:49.230	22.995	9.975	30.695	0.797636	-0.458476	0.237168	0.066	0.6945	0.012	0	226	274	3
2026-02-12	15:44:49.250	36.68	5.985	26.635	0.77714	-0.453108	0.260836	0.069	0.699	-0.0015	0	226	274	3
2026-02-12	15:44:49.270	43.26	-1.505	20.055	0.813252	-0.446764	0.258152	0.072	0.7065	0.0015	0	226	274	3
2026-02-12	15:44:49.290	42.595	-4.865	11.095	0.859856	-0.452864	0.268888	0.072	0.7035	0	0	226	274	3
2026-02-12	15:44:49.310	38.43	-6.44	4.97	0.83692	-0.439444	0.28304	0.0705	0.702	-0.0015	0	226	274	3
2026-02-12	15:44:49.330	31.605	-8.505	0.42	0.79422	-0.428464	0.296704	0.0735	0.7065	-0.009	0	226	274	3
2026-02-12	15:44:49.350	27.3	-11.27	-4.375	0.784948	-0.411628	0.319152	0.078	0.7095	-0.0135	0	226	274	3
2026-02-12	15:44:49.370	24.99	-13.195	-10.57	0.831064	-0.395524	0.338428	0.069	0.705	-0.0075	0	226	274	3
2026-02-12	15:44:49.390	21.245	-13.055	-15.82	0.832528	-0.373808	0.320128	0.0735	0.7065	-0.0045	0	226	274	3
2026-02-12	15:44:49.410	17.43	-15.26	-18.515	0.79422	-0.355508	0.272792	0.0705	0.696	-0.003	0	225	251	3
2026-02-12	15:44:49.430	19.985	-21.665	-21.91	0.809104	-0.35502	0.264496	0.063	0.7005	-0.0075	0	225	251	3
2026-02-12	15:44:49.450	29.26	-27.265	-28.175	0.848388	-0.35746	0.27694	0.069	0.693	0	0	225	251	3
2026-02-12	15:44:49.470	40.215	-30.975	-36.68	0.93452	-0.340868	0.300364	0.0675	0.693	-0.0015	0	225	251	3
2026-02-12	15:44:49.490	52.99	-30.135	-51.975	1.08092	-0.312076	0.382592	0.0675	0.693	-0.0015	0	225	251	3
2026-02-12	15:44:49.510	55.16	-26.145	-61.25	1.097024	-0.281088	0.36966	0.066	0.6825	0	0	225	251	3
2026-02-12	15:44:49.530	48.475	-23.695	-70.735	1.0919	-0.250588	0.32696	0.06	0.6675	0.003	0	225	251	3
2026-02-12	15:44:49.550	34.825	-20.755	-76.23	1.032852	-0.232776	0.308904	0.0555	0.663	0.003	0	225	251	3
2026-02-12	15:44:49.570	21.595	-18.375	-76.58	0.955992	-0.185684	0.311832	0.054	0.654	0.009	0	225	251	3
2026-02-12	15:44:49.590	7.35	-16.17	-74.025	0.872544	-0.129076	0.302072	0.0495	0.636	0.0075	0	225	251	3
2026-02-12	15:44:49.610	-11.305	-18.235	-72.59	0.851804	-0.076616	0.267912	0.0435	0.621	0.006	0	223	248	3
2026-02-12	15:44:49.630	-33.46	-23.8	-74.41	0.891088	-0.09028	0.251808	0.0495	0.6225	0.0165	0	223	248	3
2026-02-12	15:44:49.650	-47.39	-28.735	-76.545	0.93086	-0.164944	0.271816	0.048	0.6135	0.0195	0	223	248	3
2026-02-12	15:44:49.670	-49.28	-32.9	-77.455	0.961604	-0.209596	0.306464	0.0495	0.597	0.018	0	223	248	3
2026-02-12	15:44:49.690	-44.1	-35.63	-77.245	0.989176	-0.216916	0.316956	0.0465	0.585	0.027	0	223	248	3
2026-02-12	15:44:49.710	-37.17	-36.75	-77.56	0.98576	-0.229604	0.316956	0.0465	0.585	0.027	0	223	248	3
2026-02-12	15:44:49.730	-30.065	-36.47	-77.875	0.956968	-0.22448	0.304024	0.0465	0.5715	0.0315	0	223	248	3
2026-02-12	15:44:49.750	-25.235	-36.855	-78.47	0.916708	-0.213012	0.284748	0.045	0.549	0.0405	0	223	248	3
2026-02-12	15:44:49.770	-22.33	-38.675	-78.995	0.908168	-0.209596	0.275964	0.042	0.54	0.045	0	223	248	3
2026-02-12	15:44:49.790	-18.305	-41.16	-79.24	0.916952	-0.201788	0.288408	0.042	0.534	0.048	0	223	248	3
2026-02-12	15:44:49.810	-17.15	-42.07	-79.835	0.95526	-0.171288	0.312076	0.048	0.522	0.0555	0	219	257	3
2026-02-12	15:44:49.830	-25.83	-40.635	-78.925	0.947696	-0.163968	0.303292	0.0495	0.5025	0.06	0	219	257	3
2026-02-12	15:44:49.850	-39.2	-38.85	-76.93	0.930616	-0.162748	0.2806	0.0495	0.489	0.06	0	219	257	3
2026-02-12	15:44:49.870	-48.965	-38.395	-74.9	0.909632	-0.1647	0.268644	0.054	0.4875	0.0705	0	219	257	3
2026-02-12	15:44:49.890	-54.74	-38.395	-72.45	0.909388	-0.17934	0.285724	0.051	0.4755	0.072	0	219	257	3
2026-02-12	15:44:49.910	-57.295	-38.64	-67.97	0.879376	-0.208376	0.30134	0.057	0.459	0.0765	0	219	257	3
2026-02-12	15:44:49.930	-51.905	-40.53	-61.915	0.832528	-0.236192	0.299876	0.063	0.45	0.084	0	219	257	3
2026-02-12	15:44:49.950	-40.075	-42.945	-57.925	0.8357	-0.246196	0.328912	0.069	0.438	0.0885	0	219	257	3
2026-02-12	15:44:49.970	-26.355	-44.17	-55.335	0.877424	-0.249124	0.371856	0.069	0.432	0.0915	0	219	257	3
2026-02-12	15:44:49.990	-11.935	-42.455	-52.85	0.908656	-0.262544	0.399184	0.069	0.432	0.0975	0	219	257	3
2026-02-12	15:44:50.010	0.385	-38.675	-49.07	0.906216	-0.25132	0.406504	0.0795	0.417	0.0975	0	211	272	3
2026-02-12	15:44:50.030	8.61	-35.56	-44.38	0.92598	-0.240584	0.396744	0.0705	0.414	0.1125	0	211	272	3
2026-02-12	15:44:50.050	12.005	-33.565	-40.355	0.99064	-0.216428	0.384056	0.09	0.411	0.114	0	211	272	3
2026-02-12	15:44:50.070	9.17	-32.27	-37.66	1.065792	-0.216672	0.376248	0.0765	0.396	0.123	0	211	272	3
2026-02-12	15:44:50.090	8.33	-27.965	-32.165	1.074576	-0.275232	0.416996	0.093	0.393	0.123	0	211	272	3
2026-02-12	15:44:50.110	23.17	-21.175	-20.72	1.150948	-0.338916	0.499468	0.0945	0.3945	0.1185	0	211	272	3
2026-02-12	15:44:50.130	54.46	5.81	1.155	1.281488	-0.274256	0.51484	0.0945	0.3945	0.1185	0	211	272	3
2026-02-12	15:44:50.150	50.295	24.29	15.645	1.386408	-0.127368	0.3599	0.0945	0.3945	0.1245	0	211	272	3
2026-02-12	15:44:50.170	14.21	37.59	29.225	1.43838	-0.058804	0.20984	0.0945	0.3975	0.1335	0	211	272	3
2026-02-12	15:44:50.190	-28.665	48.72	45.64	1.314428	-0.115656	0.117852	0.093	0.399	0.1365	0	211	272	3
2026-02-12	15:44:50.210	-45.22	51.135	64.4	1.214876	-0.155428	0.1159	0.0945	0.4005	0.1215	0	203	289	3
2026-02-12	15:44:50.230	-50.855	48.335	82.565	1.139236	-0.126392	0.154208	0.0855	0.405	0.1095	0	203	289	3
2026-02-12	15:44:50.250	-62.51	42.56	99.33	1.060424	-0.10614	0.195688	0.081	0.4095	0.1035	0	203	289	3
2026-02-12	15:44:50.270	-71.645	34.755	112.91	1.050176	-0.111996	0.237656	0.0735	0.423	0.093	0	203	289	3
2026-02-12	15:44:50.290	-80.5	28.7	123.27	1.021384	-0.129564	0.244	0.0615	0.4395	0.0915	0	203	289	3
2026-02-12	15:44:50.310	-92.26	23.695	132.72	0.950136	-0.184952	0.213988	0.054	0.4455	0.084	0	203	289	3
2026-02-12	15:44:50.330	-93.73	16.8	138.915	0.972584	-0.271572	0.166164	0.0585	0.4605	0.0675	0	203	289	3
2026-02-12	15:44:50.350	-79.45	14.315	139.965	1.053836	-0.325984	0.109068	0.0585	0.4605	0.0675	0	203	289	3
2026-02-12	15:44:50.370	-61.46	13.895	138.215	1.035292	-0.302804	0.056364	0.0525	0.489	0.063	0	203	289	3
2026-02-12	15:44:50.390	-38.955	12.495	133.805	0.98088	-0.287188	0.005856	0.051	0.528	0.0555	0	203	289	3
2026-02-12	15:44:50.410	-10.815	8.12	125.16	1.016016	-0.305	-0.028304	0.054	0.5385	0.0525	0	196	289	3
2026-02-12	15:44:50.430	21.805	6.02	115.675	1.04554	-0.33306	-0.033916	0.0615	0.5745	0.06	0	196	289	3
2026-02-12	15:44:50.450	52.08	5.88	107.73	1.012844	-0.331596	-0.026352	0.048	0.5715	0.06	0	196	289	3
2026-02-12	15:44:50.470	73.955	5.74	100.345	0.982344	-0.317444	-0.001464	0.048	0.5865	0.054	0	196	289	3
2026-02-12	15:44:50.490	90.125	5.705	91.735	0.999424	-0.325496	0.030988	0.0495	0.6045	0.0525	0	196	289	3
2026-02-12	15:44:50.510	100.275	7.77	82.495	0.975756	-0.323788	0.056608	0.0495	0.612	0.057	0	196	289	3
2026-02-12	15:44:50.530	102.095	9.31	74.095	0.90646	-0.316468	0.061244	0.0615	0.6315	0.048	0	196	289	3
2026-02-12	15:44:50.550	96.88	7.945	63.84	0.91134	-0.321348	0.070516	0.0585	0.6435	0.0435	0	196	289	3
2026-02-12	15:44:50.570	87.745	6.58	53.83	0.91256	-0.30988	0.083204	0.0585	0.645	0.042	0	196	289	3
2026-02-12	15:44:50.590	76.58	5.425	46.165	0.879864	-0.290848	0.084912	0.063	0.657	0.042	0	196	289	3
2026-02-12	15:44:50.610	64.925	2.905	38.325	0.85766	-0.28548	0.086132	0.0675	0.669	0.042	0	193	256	3
2026-02-12	15:44:50.630	56.91	-0.7	29.68	0.890356	-0.2928	0.09857599	0.0645	0.6675	0.0375	0	193	256	3
2026-02-12	15:44:50.650	51.1	-3.745	20.58	0.910608	-0.296948	0.111996	0.066	0.678	0.0285	0	193	256	3
2026-02-12	15:44:50.670	46.83	-6.37	12.04	0.888892	-0.298168	0.129076	0.069	0.678	0.024	0	193	256	3
2026-02-12	15:44:50.690	46.69	-9.59	3.71	0.889868	-0.299876	0.152744	0.0645	0.6765	0.0315	0	193	256	3
2026-02-12	15:44:50.710	50.365	-12.705	-4.76	0.923296	-0.299144	0.17324	0.0765	0.678	0.018	0	193	256	3
2026-02-12	15:44:50.730	53.865	-15.995	-13.195	0.980392	-0.280112	0.156648	0.0735	0.681	0.036	0	193	256	3
2026-02-12	15:44:50.750	52.325	-19.285	-20.825	1.05896	-0.251808	0.142496	0.0765	0.681	0.039	0	193	256	3
2026-02-12	15:44:50.770	41.23	-18.025	-26.11	1.02236	-0.200324	0.188856	0.0765	0.681	0.039	0	193	256	3
2026-02-12	15:44:50.790	33.845	-16.695	-28.35	1.052128	-0.162504	0.192516	0.069	0.6705	0.0345	0	193	256	3
2026-02-12	15:44:50.810	19.46	-16.415	-33.355	1.06628	-0.138104	0.183976	0.063	0.66	0.0315	0	189	217	3
2026-02-12	15:44:50.830	2.975	-16.52	-41.44	1.08336	-0.155672	0.236924	0.066	0.66	0.0315	0	189	217	3
2026-02-12	15:44:50.850	-3.675	-13.405	-52.465	1.13094	-0.1769	0.338184	0.057	0.6555	0.03	0	189	217	3
2026-02-12	15:44:50.870	-6.545	-6.09	-64.12	1.053104	-0.197396	0.366244	0.0585	0.6585	0.0345	0	189	217	3
2026-02-12	15:44:50.890	-11.375	-2.59	-73.57	0.940864	-0.20374	0.342332	0.0555	0.642	0.0375	0	189	217	3
2026-02-12	15:44:50.910	-15.155	-2.765	-81.235	0.850828	-0.189588	0.310856	0.0585	0.636	0.036	0	189	217	3
2026-02-12	15:44:50.930	-18.69	-5.075	-87.85	0.812764	-0.170068	0.300608	0.048	0.627	0.0405	0	189	217	3
2026-02-12	15:44:50.950	-19.565	-9.8	-93.94	0.803492	-0.146156	0.300608	0.0555	0.6045	0.039	0	189	217	3
2026-02-12	15:44:50.970	-20.65	-17.955	-101.745	0.87962	-0.140788	0.309392	0.054	0.5955	0.0315	0	189	217	3
2026-02-12	15:44:50.990	-26.04	-25.27	-111.58	1.010648	-0.149084	0.310612	0.054	0.5955	0.0315	0	189	217	3
2026-02-12	15:44:51.010	-31.605	-28.98	-119.07	1.076284	-0.15982	0.295728	0.0525	0.5745	0.0345	0	186	203	3
2026-02-12	15:44:51.030	-38.92	-31.255	-123.865	1.0919	-0.194468	0.273036	0.0495	0.5445	0.0465	0	186	203	3
2026-02-12	15:44:51.050	-42.595	-32.865	-125.58	1.093608	-0.231068	0.261324	0.0495	0.5355	0.0555	0	186	203	3
2026-02-12	15:44:51.070	-41.58	-32.2	-123.2	1.051884	-0.253028	0.26474	0.051	0.5145	0.0555	0	186	203	3
2026-02-12	15:44:51.090	-39.165	-30.87	-116.095	0.986736	-0.243512	0.264984	0.0555	0.4995	0.066	0	186	203	3
2026-02-12	15:44:51.110	-35.35	-30.065	-106.085	0.945256	-0.220088	0.269376	0.054	0.474	0.0645	0	186	203	3
2026-02-12	15:44:51.130	-31.115	-29.855	-95.165	0.928176	-0.186172	0.264252	0.072	0.474	0.069	0	186	203	3
2026-02-12	15:44:51.150	-31.465	-29.82	-84.7	0.906704	-0.156648	0.25132	0.0675	0.4485	0.0735	0	186	203	3
2026-02-12	15:44:51.170	-36.645	-30.345	-76.475	0.885232	-0.161284	0.228628	0.0705	0.438	0.078	0	186	203	3
2026-02-12	15:44:51.190	-40.39	-31.185	-67.9	0.934764	-0.193248	0.264008	0.072	0.4365	0.0675	0	186	203	3
2026-02-12	15:44:51.210	-39.55	-29.715	-64.015	0.958676	-0.194224	0.287676	0.0765	0.4215	0.072	0	181	213	3
2026-02-12	15:44:51.230	-42.56	-27.195	-60.34	0.9516	-0.211792	0.312808	0.0795	0.405	0.0765	0	181	213	3
2026-02-12	15:44:51.250	-42.455	-24.605	-56.315	0.983076	-0.233752	0.331596	0.078	0.402	0.078	0	181	213	3
2026-02-12	15:44:51.270	-41.3	-21.595	-50.47	0.985272	-0.224968	0.349408	0.09	0.387	0.0825	0	181	213	3
2026-02-12	15:44:51.290	-43.68	-18.48	-42.385	0.92842	-0.19642	0.341844	0.09	0.3825	0.0825	0	181	213	3
2026-02-12	15:44:51.310	-47.11	-18.62	-34.51	0.923784	-0.176656	0.344772	0.0915	0.372	0.084	0	181	213	3
2026-02-12	15:44:51.330	-47.985	-20.58	-27.37	0.919148	-0.184708	0.37576	0.096	0.3855	0.0705	0	181	213	3
2026-02-12	15:44:51.350	-42.805	-22.82	-19.18	0.868396	-0.202276	0.423828	0.096	0.3675	0.078	0	181	213	3
2026-02-12	15:44:51.370	-32.62	-27.86	-10.955	0.899628	-0.205204	0.44042	0.099	0.363	0.087	0	181	213	3
2026-02-12	15:44:51.390	-19.985	-32.375	-6.02	0.95404	-0.232044	0.488976	0.1035	0.3645	0.0855	0	181	213	3
2026-02-12	15:44:51.410	9.52	-31.325	0.56	1.035048	-0.284748	0.565592	0.1035	0.3645	0.0855	0	176	238	3
2026-02-12	15:44:51.430	37.52	-23.205	2.38	1.145092	-0.32818	0.65026	0.102	0.3645	0.0915	0	176	238	3
2026-02-12	15:44:51.450	64.4	-5.25	8.19	1.23464	-0.311344	0.598776	0.1035	0.363	0.099	0	176	238	3
2026-02-12	15:44:51.470	64.61	10.255	23.905	1.235128	-0.211792	0.44896	0.105	0.3615	0.1005	0	176	238	3
2026-02-12	15:44:51.490	41.37	24.255	43.54	1.143628	-0.166408	0.318908	0.102	0.3705	0.102	0	176	238	3
2026-02-12	15:44:51.510	27.93	32.025	62.545	1.096536	-0.168604	0.244732	0.0945	0.3705	0.102	0	176	238	3
2026-02-12	15:44:51.530	32.725	34.895	79.17	1.096292	-0.102968	0.248636	0.099	0.3765	0.099	0	176	238	3
2026-02-12	15:44:51.550	36.925	36.61	92.82	1.119228	-0.03172	0.26596	0.087	0.396	0.105	0	176	238	3
2026-02-12	15:44:51.570	26.46	39.41	102.445	1.087752	0.018544	0.256932	0.0915	0.408	0.108	0	176	238	3
2026-02-12	15:44:51.590	1.89	40.04	107.345	1.018212	0.022204	0.219356	0.081	0.4125	0.099	0	176	238	3
2026-02-12	15:44:51.610	-32.55	36.505	108.08	0.986492	-0.071492	0.188124	0.081	0.4245	0.0885	0	172	273	3
2026-02-12	15:44:51.630	-57.225	33.67	107.135	1.093608	-0.178852	0.187148	0.081	0.4245	0.0885	0	172	273	3
2026-02-12	15:44:51.650	-78.12	35.63	109.795	1.077992	-0.223016	0.175192	0.0705	0.4485	0.078	0	172	273	3
2026-02-12	15:44:51.670	-93.73	35.525	114.555	1.01504	-0.244732	0.154208	0.06	0.4815	0.066	0	172	273	3
2026-02-12	15:44:51.690	-95.83	32.025	116.27	0.979904	-0.2501	0.146888	0.0615	0.492	0.063	0	172	273	3
2026-02-12	15:44:51.710	-82.285	28.455	112.7	1.07238	-0.27816	0.152256	0.0465	0.498	0.0555	0	172	273	3
2026-02-12	15:44:51.730	-61.635	27.055	107.38	1.074332	-0.27572	0.114192	0.0555	0.5115	0.054	0	172	273	3
2026-02-12	15:44:51.750	-37.765	25.9	103.075	0.980392	-0.261812	0.071736	0.0465	0.534	0.0525	0	172	273	3
2026-02-12	15:44:51.770	-13.125	21.595	95.935	0.939644	-0.259372	0.031964	0.048	0.5505	0.045	0	172	273	3
2026-02-12	15:44:51.790	13.09	17.955	84.035	1.042124	-0.305732	0.033184	0.0525	0.555	0.045	0	172	273	3
2026-02-12	15:44:51.810	39.655	17.605	71.365	1.169004	-0.316224	0.04636	0.048	0.5745	0.039	0	170	280	3
2026-02-12	15:44:51.830	53.655	20.125	61.46	1.014796	-0.275476	0.041236	0.0555	0.573	0.0465	0	170	280	3
2026-02-12	15:44:51.850	56.945	17.255	53.655	0.950624	-0.262056	0.042456	0.0525	0.588	0.0435	0	170	280	3
2026-02-12	15:44:51.870	57.05	14.63	47.6	0.903288	-0.267668	0.053924	0.051	0.609	0.0345	0	170	280	3
2026-02-12	15:44:51.890	59.15	10.99	42.56	0.9272	-0.283772	0.084912	0.054	0.6165	0.03	0	170	280	3
2026-02-12	15:44:51.910	62.51	8.26	39.41	0.9394	-0.282552	0.121024	0.0585	0.6165	0.027	0	170	280	3
2026-02-12	15:44:51.930	65.73	6.72	36.785	0.931104	-0.272792	0.122488	0.0585	0.618	0.024	0	170	280	3
2026-02-12	15:44:51.950	68.95	4.655	33.25	0.913536	-0.2806	0.12444	0.0585	0.63	0.0195	0	170	280	3
2026-02-12	15:44:51.970	74.305	2.24	29.435	0.914512	-0.295972	0.132736	0.063	0.6315	0.021	0	170	280	3
2026-02-12	15:44:51.990	83.685	0.525	25.9	0.927688	-0.305244	0.161772	0.057	0.642	0.0195	0	170	280	3
2026-02-12	15:44:52.010	93.31	-0.35	23.205	0.927932	-0.290604	0.193004	0.0585	0.6375	0.0105	0	169	255	2
2026-02-12	15:44:52.030	99.05	-0.7	20.685	0.915488	-0.258396	0.216916	0.0705	0.6405	0.015	0	169	255	2
2026-02-12	15:44:52.050	96.985	-1.855	15.995	0.865224	-0.207156	0.2379	0.0705	0.6405	0.015	0	169	255	2
2026-02-12	15:44:52.070	91.735	-3.85	10.815	0.85644	-0.200324	0.258152	0.0705	0.648	0.012	0	169	255	2
2026-02-12	15:44:52.090	88.41	-7.735	2.485	0.911096	-0.193248	0.281332	0.0675	0.654	0.0075	0	169	255	2
2026-02-12	15:44:52.110	84.77	-13.125	-10.5	1.024312	-0.187392	0.32086	0.066	0.6525	0.006	0	169	255	2
2026-02-12	15:44:52.130	80.045	-16.205	-26.81	1.134844	-0.20862	0.388692	0.06	0.651	0.0015	0	169	255	2
2026-02-12	15:44:52.150	74.9	-15.645	-39.34	1.12728	-0.2196	0.43798	0.063	0.6435	-0.003	0	169	255	2
2026-02-12	15:44:52.170	68.775	-14.455	-46.165	1.054568	-0.183732	0.446764	0.057	0.645	0.0045	0	169	255	2
2026-02-12	15:44:52.190	58.135	-12.18	-48.895	0.945012	-0.122976	0.426024	0.0555	0.6405	0.0045	0	169	255	2
2026-02-12	15:44:52.210	42.84	-12.635	-49.98	0.861076	-0.089304	0.411384	0.057	0.6285	-0.003	0	169	237	3
2026-02-12	15:44:52.230	27.72	-17.43	-49.875	0.844484	-0.084668	0.417728	0.0615	0.6135	0.006	0	169	237	3
2026-02-12	15:44:52.250	14.245	-25.235	-48.93	0.848388	-0.09467199	0.444568	0.057	0.615	0.0015	0	169	237	3
2026-02-12	15:44:52.270	6.79	-32.515	-48.23	0.897676	-0.094184	0.47702	0.057	0.615	0.0015	0	169	237	3
2026-02-12	15:44:52.290	1.96	-34.65	-47.355	0.933788	-0.099796	0.472872	0.054	0.606	0.006	0	169	237	3
2026-02-12	15:44:52.310	-4.025	-33.845	-45.955	0.95038	-0.10248	0.465308	0.0555	0.5925	0.012	0	169	237	3
2026-02-12	15:44:52.330	-11.06	-29.225	-44.8	0.934276	-0.099308	0.451156	0.06	0.588	0.0135	0	169	237	3
2026-02-12	15:44:52.350	-20.44	-24.08	-43.75	0.91744	-0.08418	0.413336	0.0525	0.5745	0.0165	0	169	237	3
2026-02-12	15:44:52.370	-32.445	-19.915	-43.645	0.9028	-0.076128	0.374296	0.0525	0.5745	0.027	0	169	237	3
2026-02-12	15:44:52.390	-45.885	-17.605	-44.94	0.885232	-0.070516	0.338428	0.0435	0.5685	0.027	0	169	237	3
2026-02-12	15:44:52.410	-58.59	-16.975	-46.9	0.860344	-0.090036	0.324276	0.0495	0.564	0.027	0	170	252	3
2026-02-12	15:44:52.430	-67.76	-17.64	-48.825	0.83814	-0.120536	0.325984	0.0465	0.555	0.0315	0	170	252	3
2026-02-12	15:44:52.450	-72.065	-18.235	-50.715	0.83814	-0.143716	0.3355	0.0525	0.5475	0.036	0	170	252	3
2026-02-12	15:44:52.470	-71.26	-17.255	-53.305	0.826916	-0.167872	0.340868	0.048	0.549	0.033	0	170	252	3
2026-02-12	15:44:52.490	-68.67	-16.8	-54.915	0.820328	-0.18178	0.333304	0.0495	0.537	0.0345	0	170	252	3
2026-02-12	15:44:52.510	-65.135	-17.92	-57.365	0.818376	-0.185928	0.324032	0.051	0.522	0.036	0	170	252	3
2026-02-12	15:44:52.530	-60.27	-19.81	-60.2	0.816668	-0.200324	0.324764	0.051	0.519	0.0375	0	170	252	3
2026-02-12	15:44:52.550	-51.485	-22.855	-63.385	0.8601	-0.209108	0.34526	0.0555	0.513	0.0405	0	170	252	3
2026-02-12	15:44:52.570	-42.98	-25.025	-66.78	0.873032	-0.20496	0.365756	0.054	0.507	0.0405	0	170	252	3
2026-02-12	15:44:52.590	-39.06	-25.69	-69.02	0.8662	-0.207888	0.363804	0.0465	0.486	0.039	0	170	252	3
2026-02-12	15:44:52.610	-35.98	-27.195	-69.72	0.84668	-0.198372	0.347456	0.066	0.489	0.042	0	169	281	3
2026-02-12	15:44:52.630	-33.95	-29.225	-69.335	0.838628	-0.194712	0.345992	0.0555	0.4695	0.048	0	169	281	3
2026-02-12	15:44:52.650	-32.48	-31.01	-68.215	0.822768	-0.2013	0.357704	0.066	0.462	0.0555	0	169	281	3
2026-02-12	15:44:52.670	-30.03	-32.48	-66.22	0.825452	-0.209108	0.376492	0.0645	0.4455	0.0615	0	169	281	3
2026-02-12	15:44:52.690	-23.66	-34.125	-60.865	0.849608	-0.216428	0.396256	0.0645	0.4455	0.0615	0	169	281	3
2026-02-12	15:44:52.710	-19.81	-34.65	-56.245	0.872788	-0.211792	0.396256	0.0735	0.438	0.0615	0	169	281	3
2026-02-12	15:44:52.730	-18.48	-34.86	-51.345	0.893284	-0.21106	0.388204	0.0735	0.4245	0.066	0	169	281	3
2026-02-12	15:44:52.750	-17.115	-35.14	-45.675	0.923784	-0.222284	0.393816	0.066	0.4185	0.069	0	169	281	3
2026-02-12	15:44:52.770	-12.53	-36.575	-40.04	0.977952	-0.230824	0.399672	0.075	0.4155	0.072	0	169	281	3
2026-02-12	15:44:52.790	-4.97	-39.41	-36.295	1.085312	-0.253028	0.41968	0.0855	0.4095	0.0735	0	169	281	3
2026-02-12	15:44:52.810	7.525	-40.495	-34.02	1.19682	-0.302316	0.509472	0.0825	0.402	0.0885	0	167	311	3
2026-02-12	15:44:52.830	31.08	-37.415	-31.99	1.38836	-0.384056	0.624396	0.087	0.3915	0.0915	0	167	311	3
2026-02-12	15:44:52.850	63.49	-25.62	-29.365	1.553548	-0.417728	0.74786	0.084	0.399	0.099	0	167	311	3
2026-02-12	15:44:52.870	82.565	-3.15	-17.64	1.539396	-0.356728	0.660996	0.0975	0.3975	0.1035	0	167	311	3
2026-02-12	15:44:52.890	61.425	15.89	10.395	1.34932	-0.216672	0.431636	0.0945	0.3945	0.105	0	167	311	3
2026-02-12	15:44:52.910	19.32	29.085	43.68	1.119472	-0.206424	0.301584	0.0945	0.396	0.105	0	167	311	3
2026-02-12	15:44:52.930	10.745	33.11	71.75	0.996984	-0.186172	0.274744	0.0915	0.4005	0.102	0	167	311	3
2026-02-12	15:44:52.950	19.53	33.215	96.285	0.989664	-0.10004	0.263276	0.081	0.411	0.0975	0	167	311	3
2026-02-12	15:44:52.970	16.065	33.32	114.52	0.982832	-0.020496	0.26108	0.0735	0.4185	0.0945	0	167	311	3
2026-02-12	15:44:52.990	-7.49	34.755	126.455	1.009428	-0.038552	0.25864	0.0735	0.4275	0.096	0	167	311	3
2026-02-12	15:44:53.010	-37.73	35.21	135.73	1.053104	-0.067832	0.243268	0.063	0.4485	0.087	0	167	339	3
2026-02-12	15:44:53.030	-69.37	34.685	144.795	1.067012	-0.11834	0.205936	0.0675	0.4725	0.084	0	167	339	3
2026-02-12	15:44:53.050	-95.725	34.055	152.25	1.072868	-0.160796	0.173728	0.0615	0.4845	0.072	0	167	339	3
2026-02-12	15:44:53.070	-114.205	32.97	157.22	1.0858	-0.200812	0.15982	0.051	0.4995	0.072	0	167	339	3
2026-02-12	15:44:53.090	-119.07	32.2	159.11	1.125572	-0.238144	0.16348	0.045	0.5235	0.0705	0	167	339	3
2026-02-12	15:44:53.110	-104.72	33.18	157.745	1.074332	-0.304024	0.151524	0.042	0.555	0.054	0	167	339	3
2026-02-12	15:44:53.130	-75.11	33.495	152.425	1.034804	-0.360876	0.129564	0.0435	0.57	0.054	0	167	339	3
2026-02-12	15:44:53.150	-36.855	32.48	143.71	1.00162	-0.403576	0.112972	0.048	0.597	0.0525	0	167	339	3
2026-02-12	15:44:53.170	0.49	31.99	133.035	1.002108	-0.40992	0.09857599	0.051	0.609	0.051	0	167	339	3
2026-02-12	15:44:53.190	26.985	31.605	121.17	0.972096	-0.382348	0.082472	0.0555	0.6435	0.0375	0	167	339	3
2026-02-12	15:44:53.210	40.355	28.42	108.885	0.945988	-0.355996	0.076128	0.0525	0.6525	0.036	0	169	337	3
2026-02-12	15:44:53.230	41.405	22.785	95.2	0.900116	-0.354044	0.081984	0.054	0.6675	0.0345	0	169	337	3
2026-02-12	15:44:53.250	40.635	14.91	81.025	0.880108	-0.384544	0.121268	0.066	0.6825	0.03	0	169	337	3
2026-02-12	15:44:53.270	44.415	7.63	67.795	0.886452	-0.395768	0.187148	0.072	0.6915	0.0345	0	169	337	3
2026-02-12	15:44:53.290	46.62	4.76	56.56	0.87108	-0.40992	0.249124	0.0765	0.711	0.024	0	169	337	3
2026-02-12	15:44:53.310	47.705	4.97	47.88	0.855464	-0.42944	0.269376	0.0705	0.7095	0.0165	0	169	337	3
2026-02-12	15:44:53.330	51.065	7	39.725	0.793488	-0.427976	0.248392	0.0825	0.7185	0.0195	0	169	337	3
2026-02-12	15:44:53.350	51.835	6.825	35.84	0.757376	-0.406748	0.216672	0.081	0.723	0.012	0	169	337	3
2026-02-12	15:44:53.370	50.75	5.285	30.625	0.737124	-0.389668	0.197152	0.081	0.7275	0.003	0	169	337	3
2026-02-12	15:44:53.390	49.385	3.29	24.395	0.7137	-0.391864	0.20008	0.084	0.7275	0.0015	0	169	337	3
2026-02-12	15:44:53.410	49.21	0.63	17.675	0.720044	-0.393816	0.220576	0.09	0.7335	-0.0015	0	174	309	3
2026-02-12	15:44:53.430	51.345	-0.63	10.185	0.729316	-0.384544	0.26596	0.081	0.7425	-0.003	0	174	309	3
2026-02-12	15:44:53.450	52.01	-0.28	2.275	0.728096	-0.36844	0.293532	0.0855	0.732	0	0	174	309	3
2026-02-12	15:44:53.470	49.175	0.735	-5.985	0.723704	-0.348676	0.298656	0.0825	0.741	-0.0045	0	174	309	3
2026-02-12	15:44:53.490	43.26	1.295	-14.595	0.719312	-0.331352	0.2867	0.0945	0.7485	-0.0135	0	174	309	3
2026-02-12	15:44:53.510	36.505	0.91	-23.59	0.7137	-0.32696	0.288408	0.087	0.7395	-0.024	0	174	309	3
2026-02-12	15:44:53.530	34.44	-0.735	-33.775	0.72468	-0.338184	0.315736	0.0855	0.7335	-0.0165	0	174	309	3
2026-02-12	15:44:53.550	38.15	-3.29	-43.54	0.764452	-0.335012	0.335744	0.0855	0.7245	-0.0225	0	174	309	3
2026-02-12	15:44:53.570	42.98	-5.215	-53.9	0.856684	-0.320616	0.33306	0.0795	0.7155	-0.0285	0	174	309	3
2026-02-12	15:44:53.590	47.635	-7.7	-67.83	0.983564	-0.310856	0.3233	0.075	0.7155	-0.0285	0	174	309	3
2026-02-12	15:44:53.610	48.685	-12.32	-82.95	1.091656	-0.286944	0.327936	0.0825	0.7095	-0.0285	0	180	287	3
2026-02-12	15:44:53.630	43.995	-16.87	-96.565	1.131916	-0.30134	0.378688	0.072	0.693	-0.0345	0	180	287	3
2026-02-12	15:44:53.650	41.23	-18.41	-104.23	1.041392	-0.339404	0.4514	0.0705	0.684	-0.033	0	180	287	3
2026-02-12	15:44:53.670	47.285	-18.13	-106.68	0.918172	-0.311832	0.511668	0.057	0.672	-0.0195	0	180	287	3
2026-02-12	15:44:53.690	53.69	-18.34	-102.235	0.813008	-0.267668	0.514352	0.048	0.651	-0.03	0	180	287	3
2026-02-12	15:44:53.710	55.125	-20.335	-94.745	0.766404	-0.212036	0.476532	0.06	0.639	-0.021	0	180	287	3
2026-02-12	15:44:53.730	49.525	-24.045	-88.375	0.784216	-0.18056	0.44286	0.054	0.6225	-0.027	0	180	287	3
2026-02-12	15:44:53.750	34.51	-30.975	-81.865	0.892064	-0.160064	0.42944	0.048	0.609	-0.0255	0	180	287	3
2026-02-12	15:44:53.770	21.525	-35.28	-79.03	0.96258	-0.13054	0.431636	0.045	0.597	-0.0195	0	180	287	3
2026-02-12	15:44:53.790	3.465	-37.8	-77.735	1.029192	-0.132248	0.423096	0.039	0.579	-0.015	0	180	287	3
2026-02-12	15:44:53.810	-15.33	-37.835	-76.58	1.061888	-0.155428	0.425292	0.0345	0.573	-0.0165	0	184	293	3
2026-02-12	15:44:53.830	-30.345	-35.84	-74.27	1.052372	-0.167384	0.421388	0.033	0.567	-0.003	0	184	293	3
2026-02-12	15:44:53.850	-44.03	-33.495	-71.33	1.009428	-0.179828	0.419436	0.0435	0.5505	-0.006	0	184	293	3
2026-02-12	15:44:53.870	-53.97	-31.115	-68.04	0.934764	-0.191052	0.426268	0.039	0.5415	0.003	0	184	293	3
2026-02-12	15:44:53.890	-57.54	-30.835	-63.805	0.870836	-0.20496	0.436516	0.042	0.528	0	0	184	293	3
2026-02-12	15:44:53.910	-54.46	-31.99	-59.78	0.82472	-0.217892	0.451888	0.0375	0.5205	0.006	0	184	293	3
2026-02-12	15:44:53.930	-48.02	-33.88	-56.735	0.81496	-0.215208	0.458476	0.0345	0.51	0.0165	0	184	293	3
2026-02-12	15:44:53.950	-43.715	-34.37	-54.565	0.825208	-0.21106	0.436516	0.0375	0.501	0.015	0	184	293	3
2026-02-12	15:44:53.970	-40.285	-34.055	-52.955	0.859856	-0.204472	0.395524	0.0375	0.501	0.015	0	184	293	3
2026-02-12	15:44:53.990	-39.9	-34.615	-53.375	0.869372	-0.197884	0.377224	0.042	0.492	0.0165	0	184	293	3
2026-02-12	15:44:54.010	-40.495	-35.875	-54.53	0.868396	-0.203984	0.36844	0.0495	0.4785	0.021	0	187	320	3
2026-02-12	15:44:54.030	-39.62	-37.38	-55.055	0.865468	-0.21472	0.383568	0.054	0.4755	0.0225	0	187	320	3
2026-02-12	15:44:54.050	-36.12	-39.27	-53.865	0.844728	-0.217404	0.399916	0.045	0.4635	0.024	0	187	320	3
2026-02-12	15:44:54.070	-32.06	-41.825	-51.205	0.799344	-0.221796	0.40748	0.0495	0.462	0.0375	0	187	320	3
2026-02-12	15:44:54.090	-27.09	-44.345	-46.655	0.747616	-0.233752	0.40626	0.048	0.4575	0.0405	0	187	320	3
2026-02-12	15:44:54.110	-18.2	-48.02	-41.51	0.76006	-0.243024	0.412604	0.0585	0.4455	0.0495	0	187	320	3
2026-02-12	15:44:54.130	-4.655	-51.8	-37.905	0.826672	-0.262056	0.439688	0.0615	0.441	0.0495	0	187	320	3
2026-02-12	15:44:54.150	12.88	-53.095	-34.405	0.902068	-0.276208	0.500932	0.057	0.4395	0.0675	0	187	320	3
2026-02-12	15:44:54.170	34.09	-50.47	-27.58	0.976244	-0.24644	0.523868	0.0555	0.432	0.0675	0	187	320	3
2026-02-12	15:44:54.190	42.77	-47.81	-22.365	1.081652	-0.18788	0.520452	0.0585	0.429	0.072	0	187	320	3
2026-02-12	15:44:54.210	39.305	-42.77	-20.195	1.177788	-0.224968	0.54656	0.06	0.426	0.087	0	187	351	3
2026-02-12	15:44:54.230	46.41	-35.63	-18.095	1.293688	-0.280356	0.609268	0.0585	0.4245	0.0975	0	187	351	3
2026-02-12	15:44:54.250	57.26	-21.28	-12.74	1.380796	-0.309636	0.641476	0.072	0.417	0.1035	0	187	351	3
2026-02-12	15:44:54.270	55.195	-2.73	0.35	1.367132	-0.25986	0.54778	0.0645	0.4245	0.108	0	187	351	3
2026-02-12	15:44:54.290	37.45	13.79	19.88	1.274656	-0.19276	0.382836	0.0705	0.4065	0.114	0	187	351	3
2026-02-12	15:44:54.310	16.415	24.15	40.845	1.193648	-0.18544	0.269376	0.066	0.4245	0.1095	0	187	351	3
2026-02-12	15:44:54.330	7.105	29.995	61.775	1.14924	-0.188612	0.249856	0.057	0.426	0.108	0	187	351	3
2026-02-12	15:44:54.350	7.84	32.97	82.355	1.121912	-0.151524	0.251564	0.0645	0.4365	0.105	0	187	351	3
2026-02-12	15:44:54.370	5.53	34.72	100.31	1.11142	-0.101504	0.250588	0.057	0.4455	0.1005	0	187	351	3
2026-02-12	15:44:54.390	-16.905	35.875	118.265	1.03578	-0.068076	0.235704	0.0465	0.4575	0.0855	0	187	351	3
2026-02-12	15:44:54.410	-41.44	34.72	124.25	0.998692	-0.09394	0.206424	0.0435	0.4755	0.0855	0	187	376	3
2026-02-12	15:44:54.430	-62.965	33.705	127.61	1.071404	-0.160552	0.182756	0.0405	0.5025	0.0795	0	187	376	3
2026-02-12	15:44:54.450	-79.52	33.88	132.195	1.053348	-0.188612	0.153232	0.0405	0.5115	0.072	0	187	376	3
2026-02-12	15:44:54.470	-89.215	33.425	135.905	1.009916	-0.201788	0.123952	0.036	0.5265	0.075	0	187	376	3
2026-02-12	15:44:54.490	-90.16	30.905	136.605	0.991372	-0.213256	0.102968	0.039	0.5445	0.057	0	187	376	3
2026-02-12	15:44:54.510	-81.655	27.09	133.63	0.973072	-0.2318	0.088084	0.03	0.567	0.0615	0	187	376	3
2026-02-12	15:44:54.530	-60.2	22.47	127.015	0.974292	-0.305	0.083936	0.0375	0.5835	0.054	0	187	376	3
2026-02-12	15:44:54.550	-27.02	19.18	118.51	0.989664	-0.34892	0.066856	0.036	0.5955	0.051	0	187	376	3
2026-02-12	15:44:54.570	8.435	19.88	107.94	0.96258	-0.37332	0.054656	0.0375	0.627	0.054	0	187	376	3
2026-02-12	15:44:54.590	40.355	21.385	96.635	0.967948	-0.404308	0.054412	0.0435	0.6375	0.042	0	187	376	3
2026-02-12	15:44:54.610	65.94	21.98	81.235	0.971364	-0.39772	0.084424	0.0435	0.6375	0.042	0	188	363	3
2026-02-12	15:44:54.630	70.035	22.085	72.87	0.958432	-0.374052	0.120536	0.0435	0.6555	0.033	0	188	363	3
2026-02-12	15:44:54.650	65.94	22.365	66.745	0.915732	-0.332816	0.158112	0.048	0.681	0.024	0	188	363	3
2026-02-12	15:44:54.670	54.32	21.63	62.44	0.853268	-0.310612	0.165676	0.054	0.6885	0.024	0	188	363	3
2026-02-12	15:44:54.690	40.635	18.445	58.45	0.813984	-0.292556	0.150792	0.057	0.6915	0.021	0	188	363	3
2026-02-12	15:44:54.710	27.65	13.72	53.305	0.78934	-0.307196	0.131028	0.06	0.7035	0.015	0	188	363	3
2026-02-12	15:44:54.730	19.915	8.26	46.305	0.769332	-0.335744	0.130784	0.0585	0.714	0.0135	0	188	363	3
2026-02-12	15:44:54.750	18.725	3.29	36.75	0.773236	-0.35258	0.146156	0.0615	0.708	0.0105	0	188	363	3
2026-02-12	15:44:54.770	22.96	0.035	25.515	0.77592	-0.355752	0.154208	0.063	0.711	0.0015	0	188	363	3
2026-02-12	15:44:54.790	31.36	-2.1	13.335	0.768112	-0.335988	0.157624	0.0705	0.7185	0	0	188	363	3
2026-02-12	15:44:54.810	41.055	-6.02	-2.485	0.77104	-0.330376	0.160796	0.0555	0.723	0.0015	0	191	319	2
2026-02-12	15:44:54.830	49.735	-10.78	-18.095	0.792512	-0.337696	0.17446	0.0555	0.723	0.0015	0	191	319	2
2026-02-12	15:44:54.850	58.8	-14.455	-29.015	0.816424	-0.335256	0.193248	0.0615	0.7155	-0.0015	0	191	319	2
2026-02-12	15:44:54.870	69.475	-18.06	-37.345	0.820328	-0.333792	0.22814	0.069	0.7095	-0.0045	0	191	319	2
2026-02-12	15:44:54.890	85.4	-20.58	-43.155	0.834968	-0.335744	0.291824	0.0645	0.717	-0.0045	0	191	319	2
2026-02-12	15:44:54.910	109.165	-21.77	-46.725	0.890356	-0.334768	0.33184	0.0645	0.7065	-0.003	0	191	319	2
2026-02-12	15:44:54.930	130.2	-23.415	-51.135	0.988688	-0.275232	0.3355	0.057	0.702	-0.012	0	191	319	2
2026-02-12	15:44:54.950	135.8	-26.67	-58.03	1.074332	-0.223504	0.342576	0.051	0.6885	-0.0195	0	191	319	2
2026-02-12	15:44:54.970	126.945	-30.38	-66.115	1.158512	-0.196664	0.383812	0.0525	0.6855	-0.015	0	191	319	2
2026-02-12	15:44:54.990	112.21	-32.13	-72.8	1.174616	-0.180804	0.416508	0.054	0.6675	-0.009	0	191	319	2
2026-02-12	15:44:55.010	93.24	-31.745	-75.74	1.159732	-0.134688	0.44774	0.0465	0.6585	-0.0165	0	193	284	3
2026-02-12	15:44:55.030	61.04	-20.3	-72.31	1.03578	-0.105408	0.460428	0.036	0.6345	-0.0135	0	193	284	3
2026-02-12	15:44:55.050	49.21	-15.75	-63.525	0.925492	-0.138348	0.4819	0.036	0.6255	-0.015	0	193	284	3
2026-02-12	15:44:55.070	42.595	-20.615	-53.025	0.876448	-0.113216	0.490196	0.036	0.615	-0.009	0	193	284	3
2026-02-12	15:44:55.090	29.12	-26.39	-44.275	0.870592	-0.0854	0.480192	0.036	0.615	-0.003	0	193	284	3
2026-02-12	15:44:55.110	13.72	-31.57	-39.27	0.914512	-0.06954	0.480192	0.0285	0.6015	-0.012	0	193	284	3
2026-02-12	15:44:55.130	-1.925	-34.055	-38.185	0.962824	-0.05856	0.48434	0.0315	0.591	-0.0075	0	193	284	3
2026-02-12	15:44:55.150	-21.07	-33.215	-39.585	0.971608	-0.060756	0.465552	0.03	0.5895	0.0015	0	193	284	3
2026-02-12	15:44:55.170	-42.7	-29.96	-41.685	0.950868	-0.067832	0.42944	0.0255	0.585	0.0045	0	193	284	3
2026-02-12	15:44:55.190	-64.33	-24.325	-42.735	0.90402	-0.077348	0.381372	0.024	0.5775	0.0165	0	193	284	3
2026-02-12	15:44:55.210	-82.215	-19.775	-43.645	0.879864	-0.09076799	0.348188	0.0375	0.573	0.018	0	195	287	3
2026-02-12	15:44:55.230	-96.215	-16.835	-44.555	0.875228	-0.11956	0.338428	0.0285	0.567	0.015	0	195	287	3
2026-02-12	15:44:55.250	-107.765	-14.595	-44.31	0.879132	-0.161528	0.32818	0.0285	0.567	0.015	0	195	287	3
2026-02-12	15:44:55.270	-107.415	-13.825	-43.225	0.87962	-0.174704	0.328668	0.0255	0.5535	0.0165	0	195	287	3
2026-02-12	15:44:55.290	-101.36	-12.46	-42.525	0.889136	-0.181048	0.332816	0.024	0.543	0.021	0	195	287	3
2026-02-12	15:44:55.310	-95.13	-10.78	-42.525	0.87596	-0.173972	0.321592	0.024	0.546	0.0225	0	195	287	3
2026-02-12	15:44:55.330	-91.875	-9.87	-43.89	0.855464	-0.171288	0.301584	0.0315	0.54	0.027	0	195	287	3
2026-02-12	15:44:55.350	-89.215	-9.94	-46.83	0.826428	-0.189832	0.292312	0.024	0.5295	0.03	0	195	287	3
2026-02-12	15:44:55.370	-83.44	-11.375	-50.435	0.80764	-0.21106	0.300852	0.0285	0.519	0.0225	0	195	287	3
2026-02-12	15:44:55.390	-73.255	-14	-54.04	0.797392	-0.223016	0.3233	0.024	0.51	0.0285	0	195	287	3
2026-02-12	15:44:55.410	-60.795	-17.01	-56.91	0.793488	-0.224236	0.338428	0.0345	0.507	0.0285	0	195	307	3
2026-02-12	15:44:55.430	-48.195	-20.405	-59.22	0.820816	-0.223504	0.348188	0.0315	0.498	0.03	0	195	307	3
2026-02-12	15:44:55.450	-34.44	-23.94	-60.725	0.847412	-0.216672	0.35746	0.0345	0.4875	0.03	0	195	307	3
2026-02-12	15:44:55.470	-24.745	-26.88	-61.705	0.867908	-0.200812	0.370148	0.033	0.4785	0.0315	0	195	307	3
2026-02-12	15:44:55.490	-21.21	-28.49	-61.88	0.878888	-0.190808	0.383568	0.036	0.465	0.0345	0	195	307	3
2026-02-12	15:44:55.510	-19.32	-29.505	-60.76	0.885232	-0.19398	0.400404	0.042	0.462	0.0375	0	195	307	3
2026-02-12	15:44:55.530	-18.34	-30.905	-57.61	0.876692	-0.192272	0.404552	0.045	0.459	0.048	0	195	307	3
2026-02-12	15:44:55.550	-18.865	-33.25	-53.34	0.87718	-0.179584	0.399916	0.0375	0.4425	0.045	0	195	307	3
2026-02-12	15:44:55.570	-21.42	-35.84	-49.63	0.902556	-0.166164	0.397232	0.0465	0.432	0.0495	0	195	307	3
2026-02-12	15:44:55.590	-23.45	-37.415	-46.62	0.945256	-0.177388	0.408944	0.0495	0.423	0.054	0	195	307	3
2026-02-12	15:44:55.610	-22.785	-39.025	-43.995	0.99308	-0.20984	0.421144	0.045	0.4245	0.057	0	192	327	3
2026-02-12	15:44:55.630	-15.19	-40.565	-43.015	1.076284	-0.245952	0.451644	0.0555	0.423	0.0615	0	192	327	3
2026-02-12	15:44:55.650	-0.63	-38.605	-43.12	1.151436	-0.284992	0.51606	0.0615	0.4005	0.066	0	192	327	3
2026-02-12	15:44:55.670	27.895	-31.08	-41.685	1.344684	-0.296216	0.545828	0.0555	0.408	0.0735	0	192	327	3
2026-02-12	15:44:55.690	42.77	-18.375	-36.085	1.393728	-0.302072	0.541192	0.0615	0.4035	0.072	0	192	327	3
2026-02-12	15:44:55.710	50.925	-4.34	-23.415	1.39324	-0.266204	0.472628	0.0675	0.3915	0.0765	0	192	327	3
2026-02-12	15:44:55.730	43.155	8.68	-3.745	1.2871	-0.207888	0.37088	0.069	0.3855	0.081	0	192	327	3
2026-02-12	15:44:55.750	26.355	15.61	20.195	1.16022	-0.162748	0.28914	0.0645	0.396	0.0795	0	192	327	3
2026-02-12	15:44:55.770	12.95	18.2	44.835	1.084336	-0.140544	0.2562	0.063	0.399	0.0885	0	192	327	3
2026-02-12	15:44:55.790	10.185	18.97	66.885	1.040416	-0.07905599	0.239852	0.0675	0.399	0.084	0	192	327	3
2026-02-12	15:44:55.810	5.705	19.18	85.715	1.033584	-0.080276	0.24644	0.063	0.405	0.084	0	188	347	3
2026-02-12	15:44:55.830	-10.36	21.14	102.935	1.017236	-0.13298	0.258396	0.0585	0.4095	0.078	0	188	347	3
2026-02-12	15:44:55.850	-31.045	23.45	118.72	1.00528	-0.177876	0.267912	0.054	0.417	0.069	0	188	347	3
2026-02-12	15:44:55.870	-46.41	29.19	131.005	1.017968	-0.170068	0.231068	0.045	0.4365	0.0705	0	188	347	3
2026-02-12	15:44:55.890	-65.03	33.145	138.53	0.989908	-0.094916	0.128344	0.045	0.4365	0.0705	0	188	347	3
2026-02-12	15:44:55.910	-63.91	29.75	136.5	0.959408	-0.136396	0.088572	0.0405	0.465	0.0585	0	188	347	3
2026-02-12	15:44:55.930	-49.91	22.82	131.39	0.972096	-0.176656	0.08784	0.0345	0.504	0.0435	0	188	347	3
2026-02-12	15:44:55.950	-34.335	18.375	124.25	1.017236	-0.219356	0.1098	0.0315	0.516	0.0405	0	188	347	3
2026-02-12	15:44:55.970	-20.58	18.865	115.185	1.05652	-0.23546	0.127612	0.024	0.5355	0.036	0	188	347	3
2026-02-12	15:44:55.990	-7.21	22.295	104.44	1.096536	-0.232776	0.111996	0.027	0.5505	0.0435	0	188	347	3
2026-02-12	15:44:56.010	9.66	27.615	90.58	1.044808	-0.20252	0.075396	0.027	0.5505	0.0435	0	185	342	3
2026-02-12	15:44:56.030	18.025	29.05	82.005	1.0126	-0.180804	0.060756	0.0255	0.5805	0.0225	0	185	342	3
2026-02-12	15:44:56.050	20.79	29.4	70.175	0.991616	-0.155184	0.052948	0.0225	0.5955	0.03	0	185	342	3
2026-02-12	15:44:56.070	14.595	29.47	58.485	0.96136	-0.163724	0.051972	0.036	0.5985	0.021	0	185	342	3
2026-02-12	15:44:56.090	2.24	27.825	46.06	0.899628	-0.18056	0.046848	0.027	0.6105	0.0285	0	185	342	3
2026-02-12	15:44:56.110	-5.285	23.765	35.245	0.864736	-0.186416	0.050752	0.0285	0.6195	0.021	0	185	342	3
2026-02-12	15:44:56.130	-7.91	19.985	26.74	0.848876	-0.201056	0.053924	0.03	0.6285	0.009	0	185	342	3
2026-02-12	15:44:56.150	-6.16	15.365	19.005	0.846924	-0.237656	0.05978	0.0285	0.627	0.0045	0	185	342	3
2026-02-12	15:44:56.170	3.115	9.695	12.215	0.872544	-0.263276	0.081984	0.0285	0.627	0.006	0	185	342	3
2026-02-12	15:44:56.190	17.885	4.445	6.44	0.864004	-0.264496	0.112484	0.0195	0.6345	0.0075	0	185	342	3
2026-02-12	15:44:56.210	32.585	-0.665	0.42	0.909144	-0.266936	0.131028	0.03	0.6255	0.0045	0	183	303	3
2026-02-12	15:44:56.230	44.205	-5.145	-5.81	1.035292	-0.250588	0.113216	0.036	0.642	0.0075	0	183	303	3
2026-02-12	15:44:56.250	42.315	-8.47	-10.36	1.065548	-0.198372	0.06222	0.0255	0.6375	0	0	183	303	3
2026-02-12	15:44:56.270	31.185	-12.46	-12.11	1.010648	-0.19032	0.064904	0.024	0.6345	0.0045	0	183	303	3
2026-02-12	15:44:56.290	27.86	-15.995	-12.075	0.993568	-0.223748	0.176412	0.033	0.624	0.006	0	183	303	3
2026-02-12	15:44:56.310	38.255	-12.355	-9.135	0.95282	-0.218136	0.286944	0.0225	0.636	0	0	183	303	3
2026-02-12	15:44:56.330	41.37	-10.08	-8.995	0.878156	-0.179828	0.295728	0.0255	0.63	0	0	183	303	3
2026-02-12	15:44:56.350	43.365	-8.89	-12.005	0.880108	-0.197884	0.289384	0.024	0.6195	0.003	0	183	303	3
2026-02-12	15:44:56.370	46.865	-10.255	-18.655	0.935252	-0.177632	0.290116	0.021	0.6165	0.0075	0	183	303	3
2026-02-12	15:44:56.390	41.72	-12.635	-30.8	0.998448	-0.148352	0.277916	0.0255	0.621	0.006	0	183	303	3
2026-02-12	15:44:56.410	28.07	-16.275	-49.56	1.11874	-0.155184	0.278404	0.024	0.615	-0.003	0	181	260	3
2026-02-12	15:44:56.430	16.1	-18.235	-71.015	1.230736	-0.188368	0.327204	0.0195	0.6075	0.0075	0	181	260	3
2026-02-12	15:44:56.450	6.37	-16.45	-87.92	1.181448	-0.208132	0.3843	0.018	0.5985	0.0105	0	181	260	3
2026-02-12	15:44:56.470	-2.59	-14.42	-97.09	1.036756	-0.222284	0.422608	0.0105	0.585	0.009	0	181	260	3
2026-02-12	15:44:56.490	-2.695	-13.615	-101.22	0.935496	-0.237168	0.454816	0.0165	0.564	0.0045	0	181	260	3
2026-02-12	15:44:56.510	2.1	-13.72	-99.015	0.88328	-0.234972	0.460672	0.018	0.552	0.012	0	181	260	3
2026-02-12	15:44:56.530	10.29	-15.295	-87.745	0.834724	-0.214964	0.44164	0.018	0.552	0.012	0	181	260	3
2026-02-12	15:44:56.550	17.5	-16.17	-80.64	0.869372	-0.189832	0.423096	0.0195	0.5295	0.015	0	181	260	3
2026-02-12	15:44:56.570	20.37	-14.385	-75.915	0.961116	-0.168848	0.410164	0.021	0.501	0.0195	0	181	260	3
2026-02-12	15:44:56.590	12.845	-8.995	-72.87	1.003572	-0.141276	0.372344	0.021	0.4965	0.021	0	181	260	3
2026-02-12	15:44:56.610	-6.65	-3.255	-70.105	1.00528	-0.129808	0.31232	0.024	0.492	0.0315	0	180	250	3
2026-02-12	15:44:56.630	-30.695	1.33	-66.64	0.999668	-0.142252	0.259616	0.024	0.4725	0.0255	0	180	250	3
2026-02-12	15:44:56.650	-51.275	4.69	-60.375	0.960384	-0.154208	0.241072	0.024	0.468	0.0255	0	180	250	3
2026-02-12	15:44:56.670	-68.355	7	-51.415	0.8967	-0.152256	0.257176	0.0285	0.4665	0.015	0	180	250	3
2026-02-12	15:44:56.690	-83.125	7.595	-41.16	0.84546	-0.155184	0.268644	0.0285	0.456	0.0165	0	180	250	3
2026-02-12	15:44:56.710	-92.155	6.055	-30.94	0.80642	-0.161284	0.268156	0.024	0.438	0.018	0	180	250	3
2026-02-12	15:44:56.730	-95.55	2.905	-20.65	0.795196	-0.168116	0.264252	0.0345	0.4485	0.006	0	180	250	3
2026-02-12	15:44:56.750	-97.055	-0.63	-13.16	0.802028	-0.180804	0.260348	0.0345	0.4485	0.006	0	180	250	3
2026-02-12	15:44:56.770	-98.42	-3.57	-10.535	0.810812	-0.199592	0.244244	0.0315	0.444	-0.0015	0	180	250	3
2026-02-12	15:44:56.790	-96.95	-6.965	-10.675	0.845948	-0.223748	0.245952	0.03	0.4365	-0.0075	0	180	250	3
2026-02-12	15:44:56.810	-89.11	-10.71	-13.79	0.899384	-0.264984	0.278892	0.0315	0.435	-0.0075	0	178	262	3
2026-02-12	15:44:56.830	-70.07	-12.285	-18.69	0.938912	-0.313052	0.35258	0.0345	0.435	-0.0075	0	178	262	3
2026-02-12	15:44:56.850	-42.595	-11.76	-21.665	0.94916	-0.335012	0.413092	0.039	0.435	-0.0075	0	178	262	3
2026-02-12	15:44:56.870	-13.475	-11.55	-20.825	0.95282	-0.303048	0.430904	0.033	0.432	-0.0075	0	178	262	3
2026-02-12	15:44:56.890	8.54	-11.41	-17.325	0.927444	-0.233264	0.414556	0.039	0.423	-0.0105	0	178	262	3
2026-02-12	15:44:56.910	18.97	-13.86	-13.545	0.904264	-0.155916	0.38552	0.0405	0.4245	-0.009	0	178	262	3
2026-02-12	15:44:56.930	17.815	-18.795	-12.11	0.879132	-0.10736	0.378932	0.039	0.4155	-0.0045	0	178	262	3
2026-02-12	15:44:56.950	7.945	-29.61	-15.715	0.83326	-0.093208	0.396744	0.0405	0.4215	0	0	178	262	3
2026-02-12	15:44:56.970	2.24	-39.27	-23.905	0.90158	-0.123708	0.413824	0.042	0.4185	0.003	0	178	262	3
2026-02-12	15:44:56.990	1.82	-45.85	-35.175	0.935984	-0.199592	0.433588	0.0405	0.4125	0.0135	0	178	262	3
2026-02-12	15:44:57.010	8.435	-53.27	-45.535	1.028948	-0.268156	0.457012	0.0405	0.405	0.021	0	176	284	3
2026-02-12	15:44:57.030	26.32	-55.23	-55.125	1.132648	-0.393572	0.540948	0.042	0.4005	0.021	0	176	284	3
2026-02-12	15:44:57.050	68.635	-46.76	-57.715	1.259528	-0.508252	0.630252	0.0405	0.3945	0.039	0	176	284	3
2026-02-12	15:44:57.070	116.795	-28.7	-48.37	1.373232	-0.43432	0.610732	0.051	0.3855	0.0405	0	176	284	3
2026-02-12	15:44:57.090	131.635	-4.48	-30.1	1.317844	-0.272548	0.441884	0.051	0.3765	0.048	0	176	284	3
2026-02-12	15:44:57.110	120.68	15.225	-7.63	1.240496	-0.186904	0.274256	0.051	0.378	0.0645	0	176	284	3
2026-02-12	15:44:57.130	102.06	29.19	16.415	1.196088	-0.141276	0.1708	0.051	0.3765	0.0735	0	176	284	3
2026-02-12	15:44:57.150	85.75	37.275	40.495	1.115568	-0.07076	0.110288	0.0555	0.384	0.075	0	176	284	3
2026-02-12	15:44:57.170	53.55	40.11	72.065	1.004304	0.036356	0.130296	0.0555	0.384	0.075	0	176	284	3
2026-02-12	15:44:57.190	21.595	39.375	85.26	0.955992	0.05124	0.163236	0.0435	0.3945	0.0675	0	176	284	3
2026-02-12	15:44:57.210	-15.33	35.875	92.085	0.936472	0.031476	0.199104	0.0315	0.414	0.0585	0	175	309	3
2026-02-12	15:44:57.230	-50.435	31.57	95.62	0.998936	-0.049288	0.234972	0.03	0.4245	0.0525	0	175	309	3
2026-02-12	15:44:57.250	-80.535	29.05	100.135	1.028216	-0.157624	0.259616	0.0285	0.4275	0.048	0	175	309	3
2026-02-12	15:44:57.270	-98.455	31.605	106.225	0.997472	-0.304756	0.2562	0.021	0.4485	0.045	0	175	309	3
2026-02-12	15:44:57.290	-94.71	33.46	112.07	1.009428	-0.390888	0.229116	0.0135	0.4635	0.0315	0	175	309	3
2026-02-12	15:44:57.310	-77.245	34.09	115.045	1.08092	-0.40626	0.195444	0.009	0.4815	0.03	0	175	309	3
2026-02-12	15:44:57.330	-54.775	37.17	117.355	1.075796	-0.377956	0.144936	0.0045	0.501	0.024	0	175	309	3
2026-02-12	15:44:57.350	-25.305	38.08	118.195	1.042368	-0.360144	0.098332	0	0.516	0.0225	0	175	309	3
2026-02-12	15:44:57.370	19.355	36.435	116.34	1.013576	-0.366488	0.055632	0.0045	0.5265	0.0135	0	175	309	3
2026-02-12	15:44:57.390	59.85	33.005	111.125	1.015772	-0.355508	0.047824	0.003	0.5415	0.0075	0	175	309	3
2026-02-12	15:44:57.410	79.975	30.555	105.665	0.972828	-0.339648	0.06832	0	0.5715	-0.0015	0	178	309	3
2026-02-12	15:44:57.430	88.06	27.16	100.8	0.91256	-0.324764	0.10126	0.0045	0.591	-0.003	0	178	309	3
2026-02-12	15:44:57.450	89.25	22.82	94.955	0.888404	-0.310368	0.136884	0.009	0.6075	-0.006	0	178	309	3
2026-02-12	15:44:57.470	82.285	17.78	86.765	0.87108	-0.293288	0.154696	0.0075	0.6165	-0.009	0	178	309	3
2026-02-12	15:44:57.490	65.625	11.55	76.65	0.851804	-0.303536	0.167872	0.009	0.63	-0.0165	0	178	309	3
2026-02-12	15:44:57.510	53.55	6.545	66.5	0.813496	-0.355508	0.197884	0.0105	0.6435	-0.015	0	178	309	3
2026-02-12	15:44:57.530	54.565	2.03	56.525	0.79788	-0.38796	0.236436	0.0165	0.651	-0.021	0	178	309	3
2026-02-12	15:44:57.550	63	-0.455	47.25	0.809348	-0.415776	0.254736	0.021	0.66	-0.0225	0	178	309	3
2026-02-12	15:44:57.570	71.19	-1.19	40.32	0.824964	-0.415532	0.257908	0.024	0.6615	-0.0285	0	178	309	3
2026-02-12	15:44:57.590	75.845	-0.98	33.915	0.843996	-0.399184	0.271816	0.021	0.66	-0.018	0	178	309	3
2026-02-12	15:44:57.610	77.735	-0.28	31.535	0.854976	-0.38552	0.286456	0.024	0.6615	-0.027	0	181	286	2
2026-02-12	15:44:57.630	77.77	0.315	30.87	0.833504	-0.339404	0.28792	0.021	0.669	-0.0375	0	181	286	2
2026-02-12	15:44:57.650	73.045	-0.315	30.345	0.824232	-0.297924	0.293044	0.0195	0.675	-0.036	0	181	286	2
2026-02-12	15:44:57.670	64.855	-1.645	29.12	0.809592	-0.273524	0.311344	0.0255	0.675	-0.036	0	181	286	2
2026-02-12	15:44:57.690	57.82	-2.765	26.635	0.807884	-0.26474	0.346968	0.027	0.6765	-0.0375	0	181	286	2
2026-02-12	15:44:57.710	53.69	-3.01	23.485	0.8174	-0.259372	0.377468	0.027	0.684	-0.0405	0	181	286	2
2026-02-12	15:44:57.730	49.91	-3.955	19.285	0.839848	-0.244	0.382104	0.0285	0.6855	-0.042	0	181	286	2
2026-02-12	15:44:57.750	46.2	-4.935	11.62	0.937936	-0.244244	0.371368	0.0255	0.681	-0.051	0	181	286	2
2026-02-12	15:44:57.770	48.93	1.435	1.435	0.975268	-0.287676	0.40748	0.03	0.6855	-0.036	0	181	286	2
2026-02-12	15:44:57.790	59.885	-2.87	-8.33	0.994544	-0.23912	0.42212	0.033	0.6885	-0.0495	0	181	286	2
2026-02-12	15:44:57.810	51.065	-9.66	-25.305	0.99552	-0.116632	0.425048	0.033	0.6885	-0.0495	0	185	274	3
2026-02-12	15:44:57.830	29.12	-12.88	-35.84	0.932324	-0.087352	0.431636	0.036	0.681	-0.054	0	185	274	3
2026-02-12	15:44:57.850	8.19	-16.905	-44.485	0.868152	-0.065392	0.44164	0.03	0.6735	-0.0585	0	185	274	3
2026-02-12	15:44:57.870	-13.16	-21.49	-50.505	0.783728	-0.05246	0.43066	0.018	0.6645	-0.0585	0	185	274	3
2026-02-12	15:44:57.890	-30.695	-29.05	-56.665	0.7808	-0.066856	0.410896	0.0165	0.6585	-0.0585	0	185	274	3
2026-02-12	15:44:57.910	-39.06	-38.045	-64.05	0.835212	-0.108336	0.4209	0.0195	0.663	-0.0405	0	185	274	3
2026-02-12	15:44:57.930	-37.24	-41.125	-69.545	0.896944	-0.161528	0.438468	0.012	0.648	-0.0435	0	185	274	3
2026-02-12	15:44:57.950	-25.48	-40.25	-72.275	0.920612	-0.167872	0.44042	0.0135	0.6465	-0.036	0	185	274	3
2026-02-12	15:44:57.970	-14	-37.38	-73.43	0.918416	-0.145668	0.41724	0.0075	0.6225	-0.03	0	185	274	3
2026-02-12	15:44:57.990	-9.835	-34.37	-74.27	0.9333	-0.117364	0.394548	0.009	0.6165	-0.0225	0	185	274	3
2026-02-12	15:44:58.010	-16.555	-30.625	-76.3	0.92476	-0.0854	0.348432	0.0045	0.6045	-0.0135	0	186	288	3
2026-02-12	15:44:58.030	-26.81	-29.96	-78.715	0.938668	-0.078568	0.327448	0	0.5925	-0.006	0	186	288	3
2026-02-12	15:44:58.050	-38.675	-30.065	-81.515	0.941596	-0.093452	0.321592	0	0.585	0	0	186	288	3
2026-02-12	15:44:58.070	-48.055	-30.45	-83.37	0.927688	-0.126148	0.322568	-0.0045	0.5655	0.006	0	186	288	3
2026-02-12	15:44:58.090	-54.355	-31.99	-84.35	0.916464	-0.142252	0.3294	-0.003	0.546	0.0105	0	186	288	3
2026-02-12	15:44:58.110	-58.73	-33.25	-85.435	0.908168	-0.161772	0.335988	0	0.5415	0.012	0	186	288	3
2026-02-12	15:44:58.130	-61.145	-34.895	-87.325	0.928664	-0.160064	0.345992	-0.0105	0.5355	0.0165	0	186	288	3
2026-02-12	15:44:58.150	-65.695	-36.54	-90.125	0.959408	-0.166164	0.348188	-0.0045	0.516	0.0195	0	186	288	3
2026-02-12	15:44:58.170	-72.1	-37.52	-92.505	0.9699	-0.17446	0.343796	-0.006	0.51	0.0315	0	186	288	3
2026-02-12	15:44:58.190	-75.565	-38.605	-94.325	0.961116	-0.197152	0.350384	-0.003	0.4875	0.024	0	186	288	3
2026-02-12	15:44:58.210	-74.62	-39.025	-94.815	0.941108	-0.210328	0.355996	0.0075	0.4755	0.0315	0	185	311	3
2026-02-12	15:44:58.230	-70.735	-38.01	-93.135	0.923052	-0.243756	0.370392	0.009	0.4635	0.0405	0	185	311	3
2026-02-12	15:44:58.250	-65.345	-36.365	-89.67	0.904752	-0.255468	0.386252	0.0135	0.4485	0.039	0	185	311	3
2026-02-12	15:44:58.270	-59.08	-34.615	-85.19	0.87718	-0.247416	0.397476	0.0165	0.4245	0.039	0	185	311	3
2026-02-12	15:44:58.290	-53.13	-32.935	-80.64	0.873032	-0.234972	0.400404	0.0225	0.4125	0.039	0	185	311	3
2026-02-12	15:44:58.310	-47.6	-31.325	-76.16	0.897188	-0.218624	0.407724	0.033	0.4065	0.042	0	185	311	3
2026-02-12	15:44:58.330	-45.185	-29.575	-71.575	0.93696	-0.205692	0.413824	0.0345	0.393	0.0465	0	185	311	3
2026-02-12	15:44:58.350	-46.97	-28.21	-67.27	0.954528	-0.208132	0.424804	0.0345	0.381	0.048	0	185	311	3
2026-02-12	15:44:58.370	-52.29	-27.335	-63.14	0.9516	-0.20984	0.42212	0.036	0.3765	0.048	0	185	311	3
2026-02-12	15:44:58.390	-57.225	-28.525	-59.605	1.010892	-0.219356	0.415288	0.039	0.357	0.045	0	185	311	3
2026-02-12	15:44:58.410	-53.2	-29.435	-57.575	1.119472	-0.265716	0.447496	0.0525	0.3525	0.0405	0	180	333	2
2026-02-12	15:44:58.430	-37.45	-29.645	-56.14	1.301496	-0.321592	0.533384	0.0585	0.3405	0.045	0	180	333	2
2026-02-12	15:44:58.450	-10.5	-16.17	-43.855	1.29442	-0.35136	0.578524	0.0585	0.3405	0.045	0	180	333	2
2026-02-12	15:44:58.470	4.655	-6.265	-26.915	1.26758	-0.301096	0.495564	0.0615	0.333	0.0465	0	180	333	2
2026-02-12	15:44:58.490	7.7	3.255	-4.76	1.209752	-0.2318	0.405772	0.066	0.3255	0.0495	0	180	333	2
2026-02-12	15:44:58.510	3.08	9.94	21.35	1.134844	-0.20496	0.36356	0.0675	0.321	0.054	0	180	333	2
2026-02-12	15:44:58.530	0.875	13.93	49.455	1.075308	-0.196176	0.356972	0.066	0.3225	0.0525	0	180	333	2
2026-02-12	15:44:58.550	5.95	16.24	77.14	1.05652	-0.156892	0.355752	0.0615	0.327	0.0465	0	180	333	2
2026-02-12	15:44:58.570	6.195	18.97	101.92	1.075552	-0.109068	0.3477	0.063	0.3345	0.057	0	180	333	2
2026-02-12	15:44:58.590	-6.965	22.47	122.5	1.080676	-0.093452	0.32086	0.0585	0.345	0.054	0	180	333	2
2026-02-12	15:44:58.610	-27.335	23.905	138.46	1.088484	-0.10126	0.297924	0.0435	0.36	0.042	0	175	354	3
2026-02-12	15:44:58.630	-46.06	23.765	150.885	1.081896	-0.117364	0.273036	0.0345	0.384	0.033	0	175	354	3
2026-02-12	15:44:58.650	-59.78	21.805	161.77	1.05774	-0.135176	0.235948	0.0225	0.405	0.033	0	175	354	3
2026-02-12	15:44:58.670	-68.005	17.43	167.86	1.020408	-0.143472	0.19642	0.018	0.429	0.027	0	175	354	3
2026-02-12	15:44:58.690	-69.86	12.95	167.58	0.999424	-0.169092	0.172508	0.009	0.462	0.0195	0	175	354	3
2026-02-12	15:44:58.710	-66.325	8.82	162.855	1.005524	-0.20008	0.158112	0.003	0.4875	0.0135	0	175	354	3
2026-02-12	15:44:58.730	-56.21	5.88	154.945	1.002108	-0.240828	0.139812	-0.0045	0.519	0.015	0	175	354	3
2026-02-12	15:44:58.750	-36.995	3.57	144.795	0.999424	-0.29158	0.138836	-0.0075	0.5445	0.018	0	175	354	3
2026-02-12	15:44:58.770	-8.645	2.835	132.895	1.003328	-0.355752	0.146888	-0.0045	0.5535	0.018	0	175	354	3
2026-02-12	15:44:58.790	26.635	4.55	121.24	1.00894	-0.394792	0.148352	0.0015	0.5775	0.018	0	175	354	3
2026-02-12	15:44:58.810	58.135	7.175	110.53	0.968192	-0.380396	0.144204	0	0.5985	0.0075	0	170	352	3
2026-02-12	15:44:58.830	83.72	9.45	100.17	0.980392	-0.390644	0.13542	0.0015	0.615	0.0195	0	170	352	3
2026-02-12	15:44:58.850	103.145	11.76	89.915	0.9821	-0.3721	0.131028	0.009	0.6255	0.015	0	170	352	3
2026-02-12	15:44:58.870	110.285	11.305	77.35	0.91012	-0.322812	0.148352	0.0015	0.6375	0.0075	0	170	352	3
2026-02-12	15:44:58.890	94.885	8.785	70.525	0.863028	-0.321592	0.1586	0.012	0.6555	0.003	0	170	352	3
2026-02-12	15:44:58.910	74.795	5.285	63.77	0.809348	-0.321836	0.177876	0.0165	0.672	-0.0015	0	170	352	3
2026-02-12	15:44:58.930	55.405	0.63	56.035	0.774456	-0.339648	0.207888	0.0165	0.6765	-0.0045	0	170	352	3
2026-02-12	15:44:58.950	40.845	-3.78	48.685	0.740296	-0.375272	0.237412	0.0225	0.6885	-0.006	0	170	352	3
2026-02-12	15:44:58.970	32.48	-7.77	41.09	0.73932	-0.417484	0.239852	0.024	0.696	-0.003	0	170	352	3
2026-02-12	15:44:58.990	30.59	-11.515	33.32	0.762988	-0.444324	0.244976	0.0255	0.7005	0	0	170	352	3
2026-02-12	15:44:59.010	35.49	-14.07	27.055	0.77836	-0.453596	0.249856	0.0255	0.7035	-0.0075	0	167	324	3
2026-02-12	15:44:59.030	44.66	-15.785	22.12	0.775676	-0.415288	0.262544	0.027	0.708	-0.0015	0	167	324	3
2026-02-12	15:44:59.050	50.12	-17.045	17.5	0.751764	-0.361852	0.267668	0.0285	0.7095	-0.0105	0	167	324	3
2026-02-12	15:44:59.070	51.17	-18.165	11.2	0.751032	-0.33184	0.273036	0.033	0.702	-0.0015	0	167	324	3
2026-02-12	15:44:59.090	50.82	-19.565	-4.025	0.790804	-0.310368	0.274012	0.033	0.702	-0.0015	0	167	324	3
2026-02-12	15:44:59.110	49.7	-20.405	-18.935	0.84424	-0.292556	0.26108	0.0315	0.7035	-0.0045	0	167	324	3
2026-02-12	15:44:59.130	44.66	-20.79	-35.49	0.862296	-0.272792	0.234728	0.027	0.7065	-0.0045	0	167	324	3
2026-02-12	15:44:59.150	37.8	-22.12	-52.92	0.885964	-0.26718	0.213988	0.027	0.702	0	0	167	324	3
2026-02-12	15:44:59.170	30.59	-24.185	-72.03	0.957212	-0.245952	0.20374	0.024	0.693	0	0	167	324	3
2026-02-12	15:44:59.190	19.215	-24.675	-92.89	1.03822	-0.235704	0.20984	0.0195	0.681	0	0	167	324	3
2026-02-12	15:44:59.210	6.125	-23.485	-111.615	1.074088	-0.264252	0.227164	0.0225	0.675	0	0	167	296	3
2026-02-12	15:44:59.230	-0.385	-21.665	-122.15	1.012112	-0.287676	0.263276	0.0195	0.6585	0.003	0	167	296	3
2026-02-12	15:44:59.250	-0.035	-19.845	-122.325	0.91012	-0.26962	0.309148	-0.0045	0.636	0.012	0	167	296	3
2026-02-12	15:44:59.270	2.66	-16.835	-115.395	0.806664	-0.214964	0.321592	0.003	0.6225	0.009	0	167	296	3
2026-02-12	15:44:59.290	2.135	-18.305	-104.02	0.777384	-0.127124	0.279868	0.0015	0.5985	0.0105	0	167	296	3
2026-02-12	15:44:59.310	-7.84	-26.6	-97.09	0.910852	-0.08174	0.24766	0	0.582	0.0105	0	167	296	3
2026-02-12	15:44:59.330	-19.67	-30.87	-97.16	1.006012	-0.105408	0.262544	-0.0015	0.5595	0.015	0	167	296	3
2026-02-12	15:44:59.350	-28.77	-31.815	-97.125	1.042368	-0.145424	0.280844	0.0015	0.5475	0.0225	0	167	296	3
2026-02-12	15:44:59.370	-35.175	-34.3	-98.385	1.14924	-0.161528	0.286944	0.0015	0.534	0.0285	0	167	296	3
2026-02-12	15:44:59.390	-45.395	-35.91	-101.885	1.236836	-0.204228	0.309636	0.0045	0.519	0.03	0	167	296	3
2026-02-12	15:44:59.410	-57.26	-32.935	-103.18	1.194136	-0.247416	0.34282	0.0045	0.504	0.036	0	167	280	3
2026-02-12	15:44:59.430	-63.805	-27.825	-100.695	1.057984	-0.25132	0.35258	0	0.4965	0.0435	0	167	280	3
2026-02-12	15:44:59.450	-68.495	-25.34	-93.695	0.925004	-0.226432	0.325496	0.003	0.4815	0.0375	0	167	280	3
2026-02-12	15:44:59.470	-71.365	-26.6	-85.225	0.8357	-0.202764	0.291336	0.018	0.4575	0.048	0	167	280	3
2026-02-12	15:44:59.490	-71.435	-30.205	-77.28	0.767868	-0.190076	0.280356	0.0135	0.4455	0.0435	0	167	280	3
2026-02-12	15:44:59.510	-64.89	-36.33	-68.18	0.776896	-0.203008	0.29524	0.021	0.432	0.042	0	167	280	3
2026-02-12	15:44:59.530	-59.15	-39.095	-65.1	0.838872	-0.219112	0.32208	0.0255	0.4275	0.042	0	167	280	3
2026-02-12	15:44:59.550	-52.955	-38.85	-63.49	0.885232	-0.235948	0.334768	0.0285	0.4125	0.0465	0	167	280	3
2026-02-12	15:44:59.570	-46.55	-37.94	-62.23	0.916464	-0.238144	0.3355	0.0285	0.3975	0.051	0	167	280	3
2026-02-12	15:44:59.590	-43.68	-37.17	-61.74	0.955504	-0.260592	0.35136	0.0345	0.39	0.0555	0	167	280	3
2026-02-12	15:44:59.610	-41.335	-35.84	-60.69	0.96624	-0.280112	0.383812	0.039	0.3765	0.063	0	167	281	3
2026-02-12	15:44:59.630	-36.82	-35.105	-57.82	0.960384	-0.278648	0.40992	0.045	0.366	0.0645	0	167	281	3
2026-02-12	15:44:59.650	-29.925	-34.265	-53.83	0.966972	-0.27572	0.443104	0.051	0.3645	0.0615	0	167	281	3
2026-02-12	15:44:59.670	-17.92	-32.095	-48.79	1.025288	-0.294996	0.496784	0.045	0.369	0.0675	0	167	281	3
2026-02-12	15:44:59.690	-2.205	-29.925	-41.265	1.12484	-0.295484	0.528504	0.0555	0.3525	0.0735	0	167	281	3
2026-02-12	15:44:59.710	14.42	-26.81	-34.895	1.291248	-0.293288	0.598532	0.066	0.3495	0.069	0	167	281	3
2026-02-12	15:44:59.730	26.39	-10.325	-17.465	1.2993	-0.246196	0.609268	0.066	0.3495	0.069	0	167	281	3
2026-02-12	15:44:59.750	15.155	-3.99	-3.395	1.271728	-0.155672	0.497516	0.0645	0.3435	0.0795	0	167	281	3
2026-02-12	15:44:59.770	-7.875	1.54	9.065	1.219024	-0.154452	0.40138	0.063	0.339	0.093	0	167	281	3
2026-02-12	15:44:59.790	-20.93	6.09	22.855	1.159	-0.200568	0.35136	0.0675	0.3405	0.093	0	167	281	3
2026-02-12	15:44:59.810	-20.335	9.1	38.57	1.087752	-0.183976	0.33672	0.069	0.345	0.084	0	167	302	3
2026-02-12	15:44:59.830	-20.055	10.85	53.55	1.060668	-0.135908	0.320372	0.0645	0.348	0.078	0	167	302	3
2026-02-12	15:44:59.850	-25.655	10.5	64.4	1.111908	-0.053436	0.305	0.057	0.351	0.0795	0	167	302	3
2026-02-12	15:44:59.870	-44.485	10.815	72.905	1.107272	-0.013908	0.26962	0.054	0.357	0.0795	0	167	302	3
2026-02-12	15:44:59.890	-67.2	12.81	82.18	1.060424	-0.019032	0.2196	0.0465	0.36	0.075	0	167	302	3
2026-02-12	15:44:59.910	-82.775	16.03	91.49	1.025044	-0.074176	0.1708	0.048	0.372	0.0645	0	167	302	3
2026-02-12	15:44:59.930	-62.895	21.35	104.055	0.9882	-0.226676	0.156648	0.042	0.39	0.0615	0	167	302	3
2026-02-12	15:44:59.950	-18.34	17.64	117.285	1.024312	-0.250832	0.157624	0.0345	0.4035	0.054	0	167	302	3
2026-02-12	15:44:59.970	6.615	18.62	127.435	1.024312	-0.222772	0.136152	0.0255	0.423	0.045	0	167	302	3
2026-02-12	15:44:59.990	24.675	19.985	134.75	1.09678	-0.204472	0.125904	0.021	0.444	0.0435	0	167	302	3
2026-02-12	15:45:00.010	38.5	22.995	138.635	1.13948	-0.160796	0.110044	0.0105	0.468	0.0495	0	168	316	3
2026-02-12	15:45:00.030	45.08	27.475	139.755	1.098	-0.117608	0.096136	0.0015	0.486	0.048	0	168	316	3
2026-02-12	15:45:00.050	43.155	30.38	137.48	1.034316	-0.12078	0.071736	0.0015	0.51	0.039	0	168	316	3
2026-02-12	15:45:00.070	36.645	30.73	131.81	1.039196	-0.15982	0.045628	0.003	0.5265	0.0375	0	168	316	3
2026-02-12	15:45:00.090	28.35	30.24	123.62	1.033828	-0.203252	0.026596	0.006	0.5415	0.0375	0	168	316	3
2026-02-12	15:45:00.110	19.6	28.21	114.45	0.972828	-0.24522	0.020008	0.006	0.567	0.027	0	168	316	3
2026-02-12	15:45:00.130	19.775	24.36	104.755	0.922808	-0.316956	0.033916	0.009	0.5775	0.0315	0	168	316	3
2026-02-12	15:45:00.150	39.235	19.005	88.34	0.95404	-0.403576	0.071492	0	0.594	0.0285	0	168	316	3
2026-02-12	15:45:00.170	53.41	17.885	78.61	0.916952	-0.412848	0.078568	0.0015	0.6105	0.0255	0	168	316	3
2026-02-12	15:45:00.190	60.655	15.505	70.84	0.864736	-0.405528	0.083936	0.009	0.633	0.0195	0	168	316	3
2026-02-12	15:45:00.210	60.34	11.655	63.945	0.823744	-0.41358	0.102724	0.0165	0.642	0.0135	0	171	295	2
2026-02-12	15:45:00.230	57.855	7.14	57.365	0.797636	-0.430904	0.133956	0.021	0.651	0.0135	0	171	295	2
2026-02-12	15:45:00.250	54.635	1.26	50.68	0.784216	-0.415044	0.151524	0.0195	0.657	0.0135	0	171	295	2
2026-02-12	15:45:00.270	51.415	-5.425	42.735	0.766404	-0.411384	0.1708	0.024	0.666	0.009	0	171	295	2
2026-02-12	15:45:00.290	49.735	-11.62	34.37	0.761524	-0.432124	0.186416	0.0285	0.6735	0.0075	0	171	295	2
2026-02-12	15:45:00.310	52.255	-16.94	26.25	0.783972	-0.466284	0.212768	0.0195	0.6855	0.006	0	171	295	2
2026-02-12	15:45:00.330	59.675	-20.37	19.705	0.778604	-0.46726	0.241804	0.018	0.681	0.006	0	171	295	2
2026-02-12	15:45:00.350	66.08	-22.295	14.175	0.779824	-0.439444	0.268888	0.027	0.681	0.009	0	171	295	2
2026-02-12	15:45:00.370	69.16	-21.49	4.83	0.76982	-0.391132	0.291336	0.027	0.681	0.009	0	171	295	2
2026-02-12	15:45:00.390	69.335	-20.09	-2.59	0.783728	-0.355996	0.2989	0.0255	0.6825	0.009	0	171	295	2
2026-02-12	15:45:00.410	66.115	-18.69	-10.605	0.79788	-0.31476	0.290604	0.024	0.684	0.0075	0	176	261	2
2026-02-12	15:45:00.430	57.785	-18.165	-18.27	0.787388	-0.284748	0.266204	0.0255	0.681	0.0045	0	176	261	2
2026-02-12	15:45:00.450	47.81	-20.615	-25.305	0.788608	-0.247904	0.258396	0.027	0.6825	0.0045	0	176	261	2
2026-02-12	15:45:00.470	36.05	-23.31	-32.76	0.807396	-0.218136	0.25376	0.0255	0.6795	0.009	0	176	261	2
2026-02-12	15:45:00.490	26.355	-25.55	-41.44	0.87474	-0.212036	0.255712	0.0255	0.669	0.0105	0	176	261	2
2026-02-12	15:45:00.510	19.705	-27.93	-51.065	0.99796	-0.189344	0.27084	0.0255	0.666	0.009	0	176	261	2
2026-02-12	15:45:00.530	9.625	-27.965	-62.44	1.081408	-0.169824	0.272548	0.0225	0.666	0.012	0	176	261	2
2026-02-12	15:45:00.550	-3.885	-25.13	-73.57	1.074088	-0.1342	0.30378	0.015	0.6585	0.0285	0	176	261	2
2026-02-12	15:45:00.570	-20.37	-21.525	-85.365	1.050176	-0.105896	0.315736	0.018	0.6555	0.0255	0	176	261	2
2026-02-12	15:45:00.590	-39.97	-17.43	-93.17	1.03578	-0.0732	0.288164	0.0135	0.6405	0.0285	0	176	261	2
2026-02-12	15:45:00.610	-60.515	-15.505	-96.565	1.01138	-0.077592	0.242048	0.009	0.6165	0.03	0	181	243	2
2026-02-12	15:45:00.630	-76.86	-17.255	-98.98	1.003328	-0.092964	0.22448	0.006	0.6015	0.0315	0	181	243	2
2026-02-12	15:45:00.650	-83.265	-21.07	-100.555	1.0248	-0.156892	0.23058	0.0045	0.582	0.0345	0	181	243	2
2026-02-12	15:45:00.670	-76.195	-25.34	-100.87	1.095072	-0.190076	0.2562	0.006	0.5625	0.033	0	181	243	2
2026-02-12	15:45:00.690	-63.315	-26.39	-100.59	1.087752	-0.198616	0.278404	0.003	0.5475	0.0375	0	181	243	2
2026-02-12	15:45:00.710	-49.98	-26.18	-99.295	1.05774	-0.198128	0.26718	0.0045	0.5325	0.0465	0	181	243	2
2026-02-12	15:45:00.730	-42.245	-25.725	-98	1.024068	-0.178364	0.24034	0.0075	0.528	0.051	0	181	243	2
2026-02-12	15:45:00.750	-43.19	-25.06	-97.3	0.976732	-0.163236	0.213256	0.012	0.513	0.0525	0	181	243	2
2026-02-12	15:45:00.770	-49.07	-25.515	-97.195	0.948672	-0.16592	0.202032	0.0075	0.492	0.0555	0	181	243	2
2026-02-12	15:45:00.790	-60.935	-27.93	-97.615	0.942816	-0.17446	0.20618	0.009	0.489	0.06	0	181	243	2
2026-02-12	15:45:00.810	-68.705	-30.065	-97.86	0.931592	-0.195932	0.214476	0.015	0.4665	0.063	0	183	241	3
2026-02-12	15:45:00.830	-70.35	-32.585	-99.19	0.94306	-0.237656	0.247904	0.021	0.441	0.066	0	183	241	3
2026-02-12	15:45:00.850	-63.35	-34.265	-100.59	0.925492	-0.255956	0.305244	0.0255	0.429	0.063	0	183	241	3
2026-02-12	15:45:00.870	-53.095	-33.495	-101.115	0.881572	-0.278648	0.336476	0.0315	0.4155	0.0615	0	183	241	3
2026-02-12	15:45:00.890	-42.56	-33.215	-99.89	0.848388	-0.291336	0.333548	0.0375	0.396	0.0645	0	183	241	3
2026-02-12	15:45:00.910	-28.875	-34.615	-98.49	0.864004	-0.322568	0.358436	0.0435	0.3765	0.0675	0	183	241	3
2026-02-12	15:45:00.930	-10.36	-34.86	-96.18	0.906704	-0.352092	0.413336	0.0495	0.3645	0.069	0	183	241	3
2026-02-12	15:45:00.950	8.855	-34.055	-90.23	0.949648	-0.354776	0.448716	0.0585	0.36	0.0705	0	183	241	3
2026-02-12	15:45:00.970	24.71	-31.92	-81.27	0.987224	-0.327936	0.468236	0.0675	0.351	0.078	0	183	241	3
2026-02-12	15:45:00.990	34.3	-28.98	-71.085	1.043832	-0.282796	0.46238	0.075	0.3315	0.09	0	183	241	3
2026-02-12	15:45:01.010	31.675	-26.6	-53.655	1.105076	-0.28182	0.4514	0.0735	0.3195	0.09	0	184	253	3
2026-02-12	15:45:01.030	32.165	-25.095	-42.21	1.200968	-0.344528	0.502396	0.078	0.318	0.102	0	184	253	3
2026-02-12	15:45:01.050	46.41	-18.27	-28.385	1.304424	-0.401136	0.55266	0.0855	0.3135	0.1125	0	184	253	3
2026-02-12	15:45:01.070	59.675	-6.265	-9.24	1.358592	-0.354044	0.497028	0.093	0.3105	0.1125	0	184	253	3
2026-02-12	15:45:01.090	53.795	6.79	13.475	1.389336	-0.271084	0.374784	0.0975	0.3105	0.12	0	184	253	3
2026-02-12	15:45:01.110	34.335	19.32	37.8	1.369816	-0.219844	0.299144	0.0945	0.318	0.1245	0	184	253	3
2026-02-12	15:45:01.130	16.065	29.4	63.77	1.278804	-0.173972	0.268156	0.093	0.327	0.1245	0	184	253	3
2026-02-12	15:45:01.150	4.13	35.35	90.825	1.152656	-0.149816	0.244244	0.0855	0.333	0.1215	0	184	253	3
2026-02-12	15:45:01.170	-0.98	36.96	116.48	1.10532	-0.102968	0.223016	0.0765	0.3345	0.1155	0	184	253	3
2026-02-12	15:45:01.190	-5.95	48.965	136.5	1.051396	-0.046604	0.18544	0.066	0.36	0.1155	0	184	253	3
2026-02-12	15:45:01.210	-8.995	43.33	148.26	0.935984	0.00732	0.113704	0.057	0.366	0.1125	0	184	277	3
2026-02-12	15:45:01.230	-4.9	28.77	151.445	0.895236	-0.096136	0.113216	0.045	0.3855	0.1035	0	184	277	3
2026-02-12	15:45:01.250	12.565	24.395	155.295	0.937448	-0.213012	0.174948	0.0285	0.4185	0.096	0	184	277	3
2026-02-12	15:45:01.270	23.275	26.495	158.76	1.047492	-0.253028	0.232044	0.0195	0.441	0.093	0	184	277	3
2026-02-12	15:45:01.290	21.455	35.28	160.58	1.095072	-0.3172	0.23058	0.015	0.465	0.093	0	184	277	3
2026-02-12	15:45:01.310	58.31	48.37	162.435	1.209996	-0.486292	0.220576	0.012	0.4905	0.087	0	184	277	3
2026-02-12	15:45:01.330	133.805	63.35	158.97	1.311988	-0.402844	0.177632	0.0075	0.5145	0.0765	0	184	277	3
2026-02-12	15:45:01.350	171.43	81.41	149.38	1.207068	-0.244732	0.121268	0.009	0.543	0.069	0	184	277	3
2026-02-12	15:45:01.370	157.71	90.3	137.27	1.09922	-0.183244	0.06466	0.006	0.5685	0.054	0	184	277	3
2026-02-12	15:45:01.390	122.395	88.48	125.51	1.018212	-0.196664	0.047336	0	0.5805	0.048	0	184	277	3
2026-02-12	15:45:01.410	93.485	79.905	114.275	0.936228	-0.210328	0.083204	0.0045	0.609	0.042	0	186	283	3
2026-02-12	15:45:01.430	69.265	61.53	100.205	0.921832	-0.174216	0.207644	0.012	0.6285	0.03	0	186	283	3
2026-02-12	15:45:01.450	47.635	50.96	89.46	0.915244	-0.143228	0.274012	0.0105	0.6405	0.0165	0	186	283	3
2026-02-12	15:45:01.470	15.015	43.295	78.575	0.870104	-0.195932	0.287676	0.0135	0.657	-0.003	0	186	283	3
2026-02-12	15:45:01.490	1.155	38.115	68.705	0.876448	-0.354288	0.287432	0.018	0.6705	-0.0135	0	186	283	3
2026-02-12	15:45:01.510	13.965	34.3	58.73	0.904508	-0.237168	0.35502	0.021	0.6825	-0.021	0	186	283	3
2026-02-12	15:45:01.530	-36.645	29.365	43.68	0.925248	-0.080032	0.433832	0.0225	0.6855	-0.0225	0	186	283	3
2026-02-12	15:45:01.550	-119.525	34.825	30.52	0.872544	-0.242048	0.321592	0.024	0.693	-0.0195	0	186	283	3
2026-02-12	15:45:01.570	-149.66	37.66	21.455	0.811544	-0.286944	0.197396	0.03	0.702	-0.0165	0	186	283	3
2026-02-12	15:45:01.590	-155.54	35.945	12.95	0.787876	-0.298168	0.10614	0.033	0.7065	-0.015	0	186	283	3
2026-02-12	15:45:01.610	-149.975	31.57	4.445	0.774456	-0.35746	0.066124	0.0315	0.708	-0.015	0	189	272	3
2026-02-12	15:45:01.630	-128.485	24.465	-3.01	0.757132	-0.425536	0.079788	0.0375	0.72	-0.015	0	189	272	3
2026-02-12	15:45:01.650	-71.225	11.865	-13.51	0.750544	-0.459696	0.1281	0.0375	0.72	-0.015	0	189	272	3
2026-02-12	15:45:01.670	-33.6	3.045	-22.155	0.752252	-0.430416	0.168604	0.0315	0.7185	-0.012	0	189	272	3
2026-02-12	15:45:01.690	-10.255	-5.11	-30.1	0.742248	-0.404552	0.214476	0.027	0.714	-0.003	0	189	272	3
2026-02-12	15:45:01.710	4.13	-12.32	-38.78	0.780556	-0.359168	0.246196	0.03	0.7065	0.0015	0	189	272	3
2026-02-12	15:45:01.730	10.85	-18.62	-51.8	0.877668	-0.323544	0.272304	0.0225	0.7035	-0.0015	0	189	272	3
2026-02-12	15:45:01.750	14.21	-22.995	-66.08	0.981124	-0.31476	0.290116	0.0165	0.6975	-0.003	0	189	272	3
2026-02-12	15:45:01.770	14.315	-26.985	-79.17	1.081164	-0.283284	0.25742	0.0165	0.687	0.0015	0	189	272	3
2026-02-12	15:45:01.790	9.485	-30.31	-91.665	1.14192	-0.273036	0.233264	0.0135	0.6735	0.003	0	189	272	3
2026-02-12	15:45:01.810	5.53	-32.515	-100.135	1.138016	-0.277184	0.24766	0.0075	0.657	0.009	0	192	257	3
2026-02-12	15:45:01.830	3.57	-35	-103.39	1.118252	-0.256688	0.255712	0	0.6495	0.0165	0	192	257	3
2026-02-12	15:45:01.850	0.77	-38.255	-103.39	1.045052	-0.18788	0.266448	0	0.6435	0.018	0	192	257	3
2026-02-12	15:45:01.870	-2.135	-44.625	-101.92	0.958676	-0.157136	0.287432	0	0.6225	0.0225	0	192	257	3
2026-02-12	15:45:01.890	3.57	-51.52	-100.975	0.950868	-0.188124	0.311344	0	0.5955	0.0315	0	192	257	3
2026-02-12	15:45:01.910	14.245	-56.49	-99.505	0.98454	-0.192272	0.309636	0	0.5775	0.0405	0	192	257	3
2026-02-12	15:45:01.930	21.035	-56.98	-96.81	0.982832	-0.158356	0.291092	0	0.5595	0.048	0	192	257	3
2026-02-12	15:45:01.950	21.7	-54.67	-94.465	0.963068	-0.11834	0.250588	0	0.546	0.054	0	192	257	3
2026-02-12	15:45:01.970	18.095	-51.205	-94.08	0.969656	-0.107848	0.206424	-0.003	0.5355	0.063	0	192	257	3
2026-02-12	15:45:01.990	11.06	-47.11	-94.64	1.011624	-0.11224	0.169092	-0.0015	0.5235	0.069	0	192	257	3
2026-02-12	15:45:02.010	-0.525	-40.845	-94.99	1.036024	-0.124928	0.15128	0	0.516	0.0705	0	194	249	3
2026-02-12	15:45:02.030	-7.175	-37.8	-95.13	1.044076	-0.126636	0.154696	-0.0015	0.4965	0.081	0	194	249	3
2026-02-12	15:45:02.050	-17.29	-34.58	-95.305	1.051884	-0.139324	0.16836	-0.0045	0.477	0.0915	0	194	249	3
2026-02-12	15:45:02.070	-33.25	-31.85	-93.415	1.014552	-0.162748	0.177876	0.0045	0.4665	0.087	0	194	249	3
2026-02-12	15:45:02.090	-41.755	-32.515	-90.16	0.980148	-0.164212	0.183	0.012	0.453	0.0885	0	194	249	3
2026-02-12	15:45:02.110	-49.595	-34.265	-86.8	0.97844	-0.16958	0.192272	0.0195	0.432	0.093	0	194	249	3
2026-02-12	15:45:02.130	-56.49	-36.12	-85.155	1.000644	-0.175192	0.219844	0.0195	0.4155	0.096	0	194	249	3
2026-02-12	15:45:02.150	-61.81	-36.155	-85.12	1.004548	-0.188124	0.244244	0.03	0.402	0.1005	0	194	249	3
2026-02-12	15:45:02.170	-64.12	-36.96	-87.15	1.026508	-0.21228	0.257176	0.039	0.387	0.1065	0	194	249	3
2026-02-12	15:45:02.190	-62.195	-37.625	-92.015	1.050664	-0.2318	0.25376	0.042	0.375	0.108	0	194	249	3
2026-02-12	15:45:02.210	-59.5	-37.765	-98.875	1.041392	-0.256932	0.240096	0.0525	0.3615	0.108	0	193	243	3
2026-02-12	15:45:02.230	-53.76	-38.535	-105.77	1.046028	-0.301096	0.25864	0.06	0.3465	0.1065	0	193	243	3
2026-02-12	15:45:02.250	-38.85	-38.395	-108.85	1.038952	-0.3538	0.315248	0.06	0.3405	0.105	0	193	243	3
2026-02-12	15:45:02.270	-10.605	-37.345	-107.345	1.071404	-0.385032	0.392108	0.0705	0.3255	0.1125	0	193	243	3
2026-02-12	15:45:02.290	42.21	-41.51	-104.37	1.243912	-0.379664	0.47092	0.0705	0.3255	0.1125	0	193	243	3
2026-02-12	15:45:02.310	84.805	-35.245	-96.355	1.22732	-0.515816	0.630496	0.087	0.303	0.1215	0	193	243	3
2026-02-12	15:45:02.330	142.905	-22.54	-74.13	1.289784	-0.530456	0.700036	0.1095	0.2775	0.1365	0	193	243	3
2026-02-12	15:45:02.350	183.575	-5.88	-43.19	1.293688	-0.344528	0.595848	0.1155	0.276	0.15	0	193	243	3
2026-02-12	15:45:02.370	183.295	14.315	-7.805	1.236592	-0.213256	0.44652	0.1245	0.279	0.1665	0	193	243	3
2026-02-12	15:45:02.390	155.26	33.635	27.405	1.2139	-0.150792	0.354044	0.132	0.2895	0.186	0	193	243	3
2026-02-12	15:45:02.410	121.8	49.84	60.83	1.11752	-0.049044	0.272792	0.1245	0.3	0.1965	0	191	255	3
2026-02-12	15:45:02.430	86.835	59.185	88.025	1.025288	0.095892	0.24522	0.111	0.3075	0.1995	0	191	255	3
2026-02-12	15:45:02.450	36.085	66.815	104.86	1.01748	0.17812	0.22814	0.0975	0.327	0.204	0	191	255	3
2026-02-12	15:45:02.470	-24.5	82.11	115.36	1.004304	0.141032	0.210816	0.09	0.339	0.2055	0	191	255	3
2026-02-12	15:45:02.490	-65.065	90.79	128.03	0.960872	-0.096868	0.228384	0.075	0.3495	0.1935	0	191	255	3
2026-02-12	15:45:02.510	-49.735	86.345	142.835	1.058472	-0.20252	0.223016	0.0645	0.36	0.174	0	191	255	3
2026-02-12	15:45:02.530	-25.69	89.635	152.635	1.097268	-0.172996	0.177388	0.0435	0.381	0.144	0	191	255	3
2026-02-12	15:45:02.550	-9.975	92.855	157.675	1.13704	-0.182512	0.113216	0.0345	0.399	0.129	0	191	255	3
2026-02-12	15:45:02.570	0.595	93.66	160.72	1.239032	-0.205936	0.058804	0.0255	0.4215	0.114	0	191	255	3
2026-02-12	15:45:02.590	6.895	93.555	161.595	1.300032	-0.167872	0.0183	0.0045	0.4455	0.0975	0	191	255	3
2026-02-12	15:45:02.610	11.13	93.205	160.895	1.259528	-0.151524	-0.013176	-0.003	0.4695	0.0825	0	191	267	3
2026-02-12	15:45:02.630	17.01	86.485	158.27	1.273924	-0.15128	-0.033916	-0.006	0.495	0.069	0	191	267	3
2026-02-12	15:45:02.650	19.845	77.875	153.02	1.345904	-0.142984	-0.02684	-0.0105	0.519	0.0585	0	191	267	3
2026-02-12	15:45:02.670	12.425	74.305	148.575	1.259284	-0.14274	-0.000244	-0.0135	0.5385	0.0435	0	191	267	3
2026-02-12	15:45:02.690	6.79	68.67	144.025	1.164856	-0.17568	0.021472	-0.015	0.5445	0.036	0	191	267	3
2026-02-12	15:45:02.710	10.08	55.615	129.85	1.153144	-0.2196	0.070028	-0.0075	0.57	0.0195	0	191	267	3
2026-02-12	15:45:02.730	11.515	48.93	119.805	1.025532	-0.239608	0.082716	-0.0075	0.591	0.009	0	191	267	3
2026-02-12	15:45:02.750	14.7	40.32	110.285	0.915244	-0.2379	0.07905599	-0.0075	0.6225	0	0	191	267	3
2026-02-12	15:45:02.770	17.955	30.415	99.4	0.869616	-0.231556	0.084912	-0.0015	0.6405	-0.006	0	191	267	3
2026-02-12	15:45:02.790	23.73	20.335	85.155	0.925736	-0.225212	0.109556	0.003	0.657	-0.012	0	191	267	3
2026-02-12	15:45:02.810	26.215	14.84	69.825	0.890844	-0.22204	0.115656	0.003	0.669	-0.0165	0	193	248	3
2026-02-12	15:45:02.830	28.665	8.96	55.965	0.853756	-0.21838	0.117608	0.0075	0.678	-0.0225	0	193	248	3
2026-02-12	15:45:02.850	32.445	2.1	41.685	0.850584	-0.205936	0.125904	0.012	0.6855	-0.03	0	193	248	3
2026-02-12	15:45:02.870	33.11	-2.1	27.895	0.801784	-0.197152	0.13054	0.0105	0.69	-0.0315	0	193	248	3
2026-02-12	15:45:02.890	31.71	-6.09	15.68	0.75762	-0.177876	0.117608	0.0105	0.696	-0.0285	0	193	248	3
2026-02-12	15:45:02.910	29.75	-11.375	3.325	0.764696	-0.1525	0.122732	0.015	0.702	-0.0285	0	193	248	3
2026-02-12	15:45:02.930	28.35	-19.39	-15.925	0.835944	-0.159576	0.172996	0.0195	0.696	-0.0255	0	193	248	3
2026-02-12	15:45:02.950	27.72	-24.465	-30.45	0.893772	-0.145424	0.183488	0.0195	0.6945	-0.03	0	193	248	3
2026-02-12	15:45:02.970	22.68	-27.965	-47.565	0.918904	-0.144692	0.183488	0.0165	0.69	-0.0315	0	193	248	3
2026-02-12	15:45:02.990	15.75	-30.8	-62.44	0.901336	-0.160552	0.188856	0.006	0.681	-0.0285	0	193	248	3
2026-02-12	15:45:03.010	9.17	-33.985	-73.395	0.86986	-0.141276	0.198616	0	0.6705	-0.0225	0	196	217	3
2026-02-12	15:45:03.030	0.875	-35.875	-82.005	0.840336	-0.073688	0.225456	0	0.663	-0.0165	0	196	217	3
2026-02-12	15:45:03.050	-13.58	-36.295	-91.98	0.86986	-0.032208	0.226676	0	0.651	-0.018	0	196	217	3
2026-02-12	15:45:03.070	-33.39	-36.505	-103.005	0.937936	-0.027816	0.201788	0	0.633	-0.015	0	196	217	3
2026-02-12	15:45:03.090	-52.605	-37.8	-112.595	1.009184	-0.075884	0.187392	-0.006	0.6165	-0.0075	0	196	217	3
2026-02-12	15:45:03.110	-63	-41.58	-119.49	1.081408	-0.11224	0.200568	-0.009	0.603	0.0015	0	196	217	3
2026-02-12	15:45:03.130	-65.275	-46.655	-126	1.161684	-0.144692	0.238876	-0.006	0.597	0.009	0	196	217	3
2026-02-12	15:45:03.150	-58.59	-50.225	-128.625	1.20048	-0.193736	0.280844	-0.012	0.576	0.0195	0	196	217	3
2026-02-12	15:45:03.170	-50.645	-53.2	-125.825	1.1651	-0.19032	0.304512	-0.0165	0.5415	0.027	0	196	217	3
2026-02-12	15:45:03.190	-42.49	-56.385	-121.625	1.09678	-0.187148	0.313052	-0.012	0.519	0.0255	0	196	217	3
2026-02-12	15:45:03.210	-32.725	-60.13	-116.935	1.035536	-0.180316	0.313052	-0.0075	0.501	0.039	0	198	200	3
2026-02-12	15:45:03.230	-25.025	-64.19	-113.12	1.015528	-0.155672	0.311832	-0.006	0.4815	0.0525	0	198	200	3
2026-02-12	15:45:03.250	-22.925	-67.025	-111.615	1.035536	-0.151524	0.300364	-0.003	0.4575	0.0585	0	198	200	3
2026-02-12	15:45:03.270	-27.335	-68.11	-112.525	1.049444	-0.160552	0.300608	0.0015	0.4425	0.0675	0	198	200	3
2026-02-12	15:45:03.290	-33.775	-67.865	-114.8	1.028948	-0.171532	0.29158	0.0045	0.432	0.081	0	198	200	3
2026-02-12	15:45:03.310	-40.11	-70.455	-119.84	1.053592	-0.183976	0.2867	0.0135	0.4095	0.09	0	198	200	3
2026-02-12	15:45:03.330	-41.125	-71.995	-129.325	1.13582	-0.247904	0.350384	0.0225	0.39	0.093	0	198	200	3
2026-02-12	15:45:03.350	-26.46	-67.095	-141.05	1.211216	-0.323788	0.440664	0.0255	0.384	0.0945	0	198	200	3
2026-02-12	15:45:03.370	-14.455	-62.405	-142.31	1.202188	-0.326472	0.454572	0.0375	0.3645	0.108	0	198	200	3
2026-02-12	15:45:03.390	-0.455	-58.695	-138.81	1.215852	-0.328424	0.478484	0.057	0.3345	0.1245	0	198	200	3
2026-02-12	15:45:03.410	18.375	-54.565	-131.775	1.255136	-0.354532	0.559004	0.0675	0.3195	0.132	0	199	213	3
2026-02-12	15:45:03.430	38.01	-44.31	-116.935	1.19682	-0.398208	0.659776	0.0795	0.3075	0.1395	0	199	213	3
2026-02-12	15:45:03.450	57.785	-32.585	-92.47	1.145824	-0.408456	0.673196	0.096	0.2895	0.1425	0	199	213	3
2026-02-12	15:45:03.470	74.935	-20.755	-64.47	1.116788	-0.353556	0.626592	0.108	0.2775	0.15	0	199	213	3
2026-02-12	15:45:03.490	84.42	-7.105	-37.38	1.18462	-0.300852	0.542412	0.117	0.276	0.1665	0	199	213	3
2026-02-12	15:45:03.510	77.84	7.98	-8.26	1.269776	-0.20862	0.404796	0.1215	0.273	0.174	0	199	213	3
2026-02-12	15:45:03.530	45.64	22.47	25.2	1.200968	-0.118096	0.288408	0.1185	0.273	0.1725	0	199	213	3
2026-02-12	15:45:03.550	7.525	34.405	58.415	1.072624	-0.061976	0.231312	0.1125	0.279	0.1665	0	199	213	3
2026-02-12	15:45:03.570	-33.145	43.295	96.74	1.002108	0.129808	0.199836	0.1095	0.2805	0.162	0	199	213	3
2026-02-12	15:45:03.590	-69.055	57.61	111.93	0.943548	0.084912	0.242292	0.1005	0.2895	0.1605	0	199	213	3
2026-02-12	15:45:03.610	-54.46	60.76	127.225	0.931836	-0.153476	0.239608	0.081	0.309	0.147	0	199	252	3
2026-02-12	15:45:03.630	9.065	57.68	139.895	0.992104	-0.12322	0.289628	0.066	0.3225	0.1335	0	199	252	3
2026-02-12	15:45:03.650	49.945	69.965	150.71	1.093364	-0.193736	0.243024	0.057	0.336	0.1275	0	199	252	3
2026-02-12	15:45:03.670	80.675	82.005	156.205	1.137528	-0.097844	0.167628	0.0435	0.357	0.1155	0	199	252	3
2026-02-12	15:45:03.690	81.795	88.935	152.635	1.109224	0.075396	0.042944	0.03	0.381	0.1035	0	199	252	3
2026-02-12	15:45:03.710	74.27	90.895	143.045	1.113616	0.051484	0.002684	0.021	0.405	0.099	0	199	252	3
2026-02-12	15:45:03.730	75.285	90.405	136.36	1.185352	0.001464	0.032696	0.015	0.4335	0.0915	0	199	252	3
2026-02-12	15:45:03.750	73.29	91.805	132.055	1.313696	-0.051484	0.0732	0.006	0.4575	0.078	0	199	252	3
2026-02-12	15:45:03.770	61.74	96.25	130.06	1.304912	-0.040504	0.064904	0.0015	0.474	0.0615	0	199	252	3
2026-02-12	15:45:03.790	42.77	95.76	127.155	1.205604	-0.028548	0.040016	0	0.498	0.0435	0	199	252	3
2026-02-12	15:45:03.810	30.66	90.055	121.52	1.15168	-0.072468	0.047092	-0.0045	0.5175	0.0285	0	202	271	3
2026-02-12	15:45:03.830	25.445	81.83	114.135	1.147288	-0.104676	0.097112	-0.003	0.534	0.018	0	202	271	3
2026-02-12	15:45:03.850	17.43	74.095	104.475	1.114836	-0.12688	0.154452	-0.003	0.555	0.0045	0	202	271	3
2026-02-12	15:45:03.870	3.64	69.09	96.495	1.01016	-0.181536	0.191052	-0.003	0.5715	-0.009	0	202	271	3
2026-02-12	15:45:03.890	-3.885	63.56	90.58	0.92598	-0.224968	0.197152	0	0.5805	-0.018	0	202	271	3
2026-02-12	15:45:03.910	-1.995	57.61	85.295	0.879132	-0.267912	0.188368	0.003	0.5925	-0.03	0	202	271	3
2026-02-12	15:45:03.930	7.385	49.175	79.345	0.913536	-0.27206	0.202764	0.003	0.6045	-0.039	0	202	271	3
2026-02-12	15:45:03.950	15.155	40.74	71.19	0.923784	-0.251564	0.213256	0.006	0.615	-0.045	0	202	271	3
2026-02-12	15:45:03.970	17.535	31.08	62.895	0.889136	-0.233508	0.204716	0.0135	0.6285	-0.051	0	202	271	3
2026-02-12	15:45:03.990	18.165	16.415	49.14	0.911828	-0.219112	0.225212	0.015	0.636	-0.0555	0	202	271	3
2026-02-12	15:45:04.010	28.21	14.945	39.935	0.894504	-0.25254	0.237656	0.021	0.639	-0.0555	0	205	258	3
2026-02-12	15:45:04.030	43.26	8.995	29.05	0.918904	-0.211792	0.24888	0.0255	0.6465	-0.06	0	205	258	3
2026-02-12	15:45:04.050	44.52	3.36	15.295	0.928664	-0.146644	0.241316	0.024	0.651	-0.063	0	205	258	3
2026-02-12	15:45:04.070	31.255	-2.66	0	0.867908	-0.095404	0.20008	0.027	0.6555	-0.0675	0	205	258	3
2026-02-12	15:45:04.090	12.25	-12.635	-17.71	0.833016	-0.001708	0.16226	0.03	0.654	-0.072	0	205	258	3
2026-02-12	15:45:04.110	-13.86	-24.22	-37.45	0.85034	-0.020252	0.166164	0.0255	0.6525	-0.069	0	205	258	3
2026-02-12	15:45:04.130	-23.065	-29.575	-53.235	0.86986	-0.146888	0.192516	0.0225	0.6465	-0.0645	0	205	258	3
2026-02-12	15:45:04.150	-8.89	-34.685	-64.26	0.865224	-0.1586	0.241316	0.024	0.6345	-0.063	0	205	258	3
2026-02-12	15:45:04.170	2.205	-36.54	-71.505	0.830088	-0.125904	0.259372	0.021	0.624	-0.0555	0	205	258	3
2026-02-12	15:45:04.190	2.205	-37.87	-76.965	0.8052	-0.063928	0.245952	0.0195	0.612	-0.0525	0	205	258	3
2026-02-12	15:45:04.210	-14.455	-43.715	-91.735	0.93696	0.022936	0.202764	0.0225	0.6045	-0.0555	0	206	240	2
2026-02-12	15:45:04.230	-38.22	-46.725	-106.12	1.088972	0.017812	0.195932	0.0135	0.597	-0.048	0	206	240	2
2026-02-12	15:45:04.250	-69.51	-45.535	-116.41	1.134112	-0.0122	0.195688	0.009	0.579	-0.0345	0	206	240	2
2026-02-12	15:45:04.270	-98.77	-44.66	-121.94	1.167784	-0.05246	0.198128	0.012	0.5625	-0.0255	0	206	240	2
2026-02-12	15:45:04.290	-120.925	-44.03	-123.935	1.179984	-0.102724	0.2074	0.0135	0.546	-0.021	0	206	240	2
2026-02-12	15:45:04.310	-133.98	-42.805	-121.765	1.127524	-0.162016	0.230336	0.0105	0.528	-0.0165	0	206	240	2
2026-02-12	15:45:04.330	-131.985	-41.72	-116.13	1.056276	-0.211304	0.255956	0.0105	0.513	-0.0105	0	206	240	2
2026-02-12	15:45:04.350	-114.87	-42.035	-109.06	1.004792	-0.228628	0.280112	0.018	0.4965	-0.009	0	206	240	2
2026-02-12	15:45:04.370	-91.035	-42.875	-103.145	0.958188	-0.223504	0.295728	0.0165	0.4845	-0.006	0	206	240	2
2026-02-12	15:45:04.390	-69.93	-44.66	-100.31	0.956724	-0.201056	0.30012	0.0135	0.4725	0	0	206	240	2
2026-02-12	15:45:04.410	-59.78	-47.46	-102.9	1.002108	-0.210572	0.308904	0.0165	0.453	0.0075	0	206	231	3
2026-02-12	15:45:04.430	-59.815	-49.63	-108.43	1.036512	-0.241072	0.341844	0.021	0.4365	0.009	0	206	231	3
2026-02-12	15:45:04.450	-58.695	-49.035	-113.365	1.026508	-0.2745	0.415288	0.0225	0.42	0.012	0	206	231	3
2026-02-12	15:45:04.470	-49.595	-43.925	-115.955	1.009672	-0.306708	0.492148	0.0255	0.4005	0.015	0	206	231	3
2026-02-12	15:45:04.490	-35.91	-35.665	-115.36	0.993324	-0.29524	0.515572	0.036	0.387	0.0165	0	206	231	3
2026-02-12	15:45:04.510	-24.745	-29.61	-114.59	1.03212	-0.26474	0.496052	0.0465	0.375	0.024	0	206	231	3
2026-02-12	15:45:04.530	-22.96	-25.97	-112.42	1.077992	-0.247172	0.482144	0.054	0.3585	0.027	0	206	231	3
2026-02-12	15:45:04.550	-34.02	-24.57	-107.135	1.05408	-0.232776	0.450912	0.0585	0.342	0.0315	0	206	231	3
2026-02-12	15:45:04.570	-50.085	-29.155	-100.31	1.077504	-0.221552	0.421632	0.0675	0.327	0.0345	0	206	231	3
2026-02-12	15:45:04.590	-61.88	-35.735	-95.865	1.120448	-0.263764	0.482876	0.078	0.315	0.0315	0	206	231	3
2026-02-12	15:45:04.610	-60.69	-38.78	-90.475	1.183644	-0.317932	0.587308	0.0855	0.309	0.024	0	204	250	3
2026-02-12	15:45:04.630	-43.925	-37.73	-78.12	1.198284	-0.408944	0.687836	0.093	0.2955	0.0195	0	204	250	3
2026-02-12	15:45:04.650	-16.555	-29.505	-61.81	1.1102	-0.521428	0.689788	0.1005	0.285	0.0195	0	204	250	3
2026-02-12	15:45:04.670	33.39	-19.67	-39.445	1.174616	-0.552172	0.644892	0.1095	0.279	0.021	0	204	250	3
2026-02-12	15:45:04.690	80.36	-3.885	-6.37	1.203164	-0.453352	0.513864	0.1155	0.2715	0.027	0	204	250	3
2026-02-12	15:45:04.710	98.805	10.675	34.755	1.151924	-0.272304	0.370392	0.117	0.2685	0.033	0	204	250	3
2026-02-12	15:45:04.730	92.61	23.555	72.52	1.150216	-0.104188	0.258396	0.1185	0.2745	0.0435	0	204	250	3
2026-02-12	15:45:04.750	72.205	49.28	103.18	1.07116	0.082472	0.17446	0.111	0.2865	0.0495	0	204	250	3
2026-02-12	15:45:04.770	54.11	58.555	121.66	0.964532	0.115168	0.11346	0.096	0.3	0.051	0	204	250	3
2026-02-12	15:45:04.790	64.33	52.815	130.865	0.920856	0.088328	0.081984	0.09	0.309	0.0435	0	204	250	3
2026-02-12	15:45:04.810	87.36	55.86	136.57	0.927688	0.017568	0.182512	0.0825	0.324	0.042	0	205	289	3
2026-02-12	15:45:04.830	108.955	72.94	140.245	1.01138	0.039772	0.257908	0.066	0.345	0.0435	0	205	289	3
2026-02-12	15:45:04.850	91.28	91.455	134.785	0.966728	0.200812	0.100528	0.054	0.363	0.039	0	205	289	3
2026-02-12	15:45:04.870	69.51	97.195	122.08	0.988688	0.195444	0.023912	0.048	0.378	0.033	0	205	289	3
2026-02-12	15:45:04.890	55.195	96.32	108.745	1.078724	0.146644	0.047092	0.0465	0.3975	0.024	0	205	289	3
2026-02-12	15:45:04.910	36.925	95.865	98.84	1.178276	0.074908	0.137372	0.039	0.4215	0.0135	0	205	289	3
2026-02-12	15:45:04.930	10.185	97.16	96.46	1.182424	-0.024156	0.188368	0.0315	0.435	0.0015	0	205	289	3
2026-02-12	15:45:04.950	-5.005	96.25	99.435	1.169004	-0.071736	0.186904	0.0345	0.447	-0.009	0	205	289	3
2026-02-12	15:45:04.970	-7.63	91	98.21	1.152656	-0.054656	0.162016	0.039	0.456	-0.0225	0	205	289	3
2026-02-12	15:45:04.990	-10.43	82.25	94.465	1.064084	-0.072224	0.144204	0.036	0.471	-0.0375	0	205	289	3
2026-02-12	15:45:05.010	-14.735	68.95	90.93	0.97234	-0.096624	0.15616	0.0375	0.4905	-0.048	0	208	299	3
2026-02-12	15:45:05.030	-29.54	53.515	84.315	1.01626	-0.129808	0.209352	0.0375	0.501	-0.0615	0	208	299	3
2026-02-12	15:45:05.050	-58.485	38.5	76.44	1.007964	-0.172264	0.247904	0.0345	0.51	-0.0675	0	208	299	3
2026-02-12	15:45:05.070	-83.965	25.305	71.47	0.93696	-0.215208	0.243024	0.039	0.5235	-0.0705	0	208	299	3
2026-02-12	15:45:05.090	-90.44	16.695	69.965	0.903532	-0.279624	0.22814	0.0405	0.5355	-0.081	0	208	299	3
2026-02-12	15:45:05.110	-82.95	9.8	69.51	0.888404	-0.354532	0.22814	0.039	0.549	-0.0825	0	208	299	3
2026-02-12	15:45:05.130	-64.295	4.41	68.915	0.887428	-0.401624	0.24278	0.0435	0.5685	-0.0825	0	208	299	3
2026-02-12	15:45:05.150	-42.7	1.295	67.585	0.884744	-0.42944	0.260836	0.045	0.5775	-0.0855	0	208	299	3
2026-02-12	15:45:05.170	-24.43	-0.91	64.855	0.887428	-0.453596	0.269376	0.0465	0.585	-0.081	0	208	299	3
2026-02-12	15:45:05.190	-8.715	-2.87	60.97	0.884988	-0.460184	0.279868	0.0495	0.6	-0.0795	0	208	299	3
2026-02-12	15:45:05.210	6.44	-3.185	55.895	0.898896	-0.461404	0.33672	0.0495	0.606	-0.0765	0	213	287	3
2026-02-12	15:45:05.230	19.425	0.105	50.12	0.888648	-0.466284	0.38796	0.0465	0.606	-0.072	0	213	287	3
2026-02-12	15:45:05.250	28.105	-3.36	44.975	0.83814	-0.479216	0.353068	0.0465	0.615	-0.078	0	213	287	3
2026-02-12	15:45:05.270	35	-11.445	37.45	0.752008	-0.4575	0.304512	0.054	0.6225	-0.081	0	213	287	3
2026-02-12	15:45:05.290	34.265	-17.08	33.25	0.730536	-0.427488	0.304024	0.054	0.6255	-0.078	0	213	287	3
2026-02-12	15:45:05.310	36.82	-23.17	29.26	0.730048	-0.38186	0.301584	0.057	0.633	-0.0795	0	213	287	3
2026-02-12	15:45:05.330	40.18	-29.295	23.555	0.755912	-0.344284	0.312564	0.063	0.636	-0.078	0	213	287	3
2026-02-12	15:45:05.350	41.65	-32.2	15.995	0.771284	-0.348676	0.326472	0.06	0.636	-0.0735	0	213	287	3
2026-02-12	15:45:05.370	44.695	-34.37	8.96	0.782508	-0.358924	0.327936	0.054	0.636	-0.0675	0	213	287	3
2026-02-12	15:45:05.390	49.525	-35.595	1.68	0.819352	-0.353556	0.34282	0.057	0.6375	-0.0615	0	213	287	3
2026-02-12	15:45:05.410	53.515	-34.37	-6.09	0.908656	-0.313784	0.376004	0.0555	0.636	-0.0615	0	217	280	2
2026-02-12	15:45:05.430	51.275	-29.96	-14.175	0.99552	-0.181292	0.409432	0.0495	0.633	-0.06	0	217	280	2
2026-02-12	15:45:05.450	26.915	-21.735	-23.485	0.9394	-0.0549	0.36722	0.051	0.6345	-0.0585	0	217	280	2
2026-02-12	15:45:05.470	-6.965	-16.03	-33.075	0.862296	-0.071004	0.305244	0.054	0.6345	-0.057	0	217	280	2
2026-02-12	15:45:05.490	-24.745	-20.3	-47.81	0.918172	-0.186172	0.311588	0.057	0.6315	-0.0555	0	217	280	2
2026-02-12	15:45:05.510	-15.89	-23.345	-54.845	0.982832	-0.25864	0.3477	0.0525	0.618	-0.0495	0	217	280	2
2026-02-12	15:45:05.530	6.545	-22.155	-60.83	1.097512	-0.301096	0.436028	0.0495	0.612	-0.0465	0	217	280	2
2026-02-12	15:45:05.550	27.65	-13.02	-61.25	1.093364	-0.22326	0.482632	0.0435	0.6	-0.042	0	217	280	2
2026-02-12	15:45:05.570	31.22	-2.485	-58.59	0.998936	-0.121756	0.468724	0.045	0.594	-0.039	0	217	280	2
2026-02-12	15:45:05.590	25.095	6.37	-58.135	0.915244	-0.081984	0.41724	0.0495	0.5835	-0.039	0	217	280	2
2026-02-12	15:45:05.610	11.69	7.77	-59.01	0.876692	-0.044164	0.327936	0.0495	0.5715	-0.0405	0	221	289	3
2026-02-12	15:45:05.630	-9.38	3.535	-64.33	0.907436	0.007076	0.285236	0.0465	0.564	-0.0405	0	221	289	3
2026-02-12	15:45:05.650	-35.28	-3.115	-72.94	0.920856	0.003904	0.257664	0.0465	0.555	-0.0435	0	221	289	3
2026-02-12	15:45:05.670	-54.005	-12.11	-83.405	0.947696	-0.004148	0.260592	0.045	0.5505	-0.045	0	221	289	3
2026-02-12	15:45:05.690	-76.44	-19.495	-99.05	0.960872	-0.068076	0.280356	0.0435	0.537	-0.0435	0	221	289	3
2026-02-12	15:45:05.710	-99.715	-19.495	-114.87	0.911828	-0.161284	0.293288	0.048	0.528	-0.0435	0	221	289	3
2026-02-12	15:45:05.730	-108.885	-16.31	-124.32	0.89548	-0.194712	0.264496	0.048	0.5175	-0.0435	0	221	289	3
2026-02-12	15:45:05.750	-114.765	-11.095	-131.705	0.868884	-0.181536	0.20862	0.0495	0.4995	-0.0405	0	221	289	3
2026-02-12	15:45:05.770	-122.255	-7.035	-138.39	0.86376	-0.182756	0.1525	0.0495	0.4815	-0.036	0	221	289	3
2026-02-12	15:45:05.790	-125.895	-6.02	-143.08	0.89548	-0.219112	0.152744	0.051	0.4635	-0.042	0	221	289	3
2026-02-12	15:45:05.810	-125.72	-7.665	-145.88	0.93208	-0.244976	0.172996	0.0615	0.45	-0.0495	0	221	299	3
2026-02-12	15:45:05.830	-125.86	-12.25	-147.21	0.996984	-0.270108	0.199348	0.063	0.4335	-0.057	0	221	299	3
2026-02-12	15:45:05.850	-126.21	-17.535	-148.33	1.075796	-0.32574	0.268888	0.069	0.417	-0.0585	0	221	299	3
2026-02-12	15:45:05.870	-124.775	-19.25	-146.615	1.066768	-0.396012	0.345992	0.0825	0.402	-0.0615	0	221	299	3
2026-02-12	15:45:05.890	-123.13	-21.7	-142.135	0.993812	-0.413092	0.363804	0.0885	0.387	-0.0675	0	221	299	3
2026-02-12	15:45:05.910	-114.135	-27.09	-138.39	0.999424	-0.462136	0.406748	0.0915	0.3825	-0.0675	0	221	299	3
2026-02-12	15:45:05.930	-90.86	-26.74	-134.26	1.005524	-0.55998	0.443836	0.1065	0.3525	-0.078	0	221	299	3
2026-02-12	15:45:05.950	-48.16	-27.335	-121.24	1.019676	-0.579256	0.44164	0.114	0.3495	-0.081	0	221	299	3
2026-02-12	15:45:05.970	-3.045	-32.34	-104.055	1.143384	-0.543876	0.406504	0.126	0.3375	-0.081	0	221	299	3
2026-02-12	15:45:05.990	41.125	-34.72	-85.155	1.259772	-0.595116	0.465796	0.1335	0.324	-0.078	0	221	299	3
2026-02-12	15:45:06.010	94.43	-30.625	-60.9	1.417152	-0.662216	0.607072	0.138	0.315	-0.0735	0	221	307	3
2026-02-12	15:45:06.030	143.675	-19.145	-28.105	1.434232	-0.576084	0.645868	0.1455	0.3045	-0.063	0	221	307	3
2026-02-12	15:45:06.050	154.035	-10.01	9.065	1.283928	-0.362096	0.575596	0.1485	0.297	-0.048	0	221	307	3
2026-02-12	15:45:06.070	122.885	-5.075	42.56	1.135088	-0.241316	0.515328	0.1455	0.2985	-0.03	0	221	307	3
2026-02-12	15:45:06.090	86.415	-0.35	70.42	1.021628	-0.208864	0.491904	0.141	0.297	-0.0195	0	221	307	3
2026-02-12	15:45:06.110	70.315	3.92	93.275	1.013332	-0.153964	0.496784	0.1335	0.2985	-0.012	0	221	307	3
2026-02-12	15:45:06.130	39.27	12.18	118.615	0.965996	-0.019032	0.416996	0.1275	0.306	-0.0075	0	221	307	3
2026-02-12	15:45:06.150	1.19	16.59	126.665	0.949404	0.022204	0.329888	0.111	0.333	0.009	0	221	307	3
2026-02-12	15:45:06.170	-29.05	22.365	127.645	0.94428	-0.044164	0.311588	0.1095	0.336	0.003	0	221	307	3
2026-02-12	15:45:06.190	-29.995	25.655	130.55	0.96624	-0.207644	0.271572	0.105	0.351	-0.0045	0	221	307	3
2026-02-12	15:45:06.210	7.56	30.38	138.145	0.999912	-0.311832	0.2379	0.093	0.372	-0.009	0	222	328	3
2026-02-12	15:45:06.230	53.69	32.235	145.285	1.112396	-0.300364	0.239364	0.084	0.39	-0.0195	0	222	328	3
2026-02-12	15:45:06.250	80.325	40.285	152.775	1.195112	-0.264496	0.213256	0.078	0.4035	-0.0225	0	222	328	3
2026-02-12	15:45:06.270	91.735	49.455	160.265	1.195844	-0.177388	0.163724	0.069	0.4215	-0.018	0	222	328	3
2026-02-12	15:45:06.290	91.63	56.56	164.29	1.181936	-0.12688	0.113948	0.063	0.4455	-0.021	0	222	328	3
2026-02-12	15:45:06.310	87.29	59.885	162.435	1.213412	-0.101992	0.091988	0.0585	0.465	-0.027	0	222	328	3
2026-02-12	15:45:06.330	72.73	62.23	153.79	1.225368	-0.087108	0.100284	0.0615	0.4875	-0.03	0	222	328	3
2026-02-12	15:45:06.350	43.12	63.595	144.095	1.152168	-0.09467199	0.107604	0.066	0.504	-0.0285	0	222	328	3
2026-02-12	15:45:06.370	16.45	60.41	134.89	1.087996	-0.140056	0.1281	0.0525	0.543	-0.051	0	222	328	3
2026-02-12	15:45:06.390	-4.165	54.495	125.265	1.049688	-0.211792	0.141764	0.0555	0.5505	-0.054	0	222	328	3
2026-02-12	15:45:06.410	-12.705	48.335	116.69	1.01992	-0.269864	0.152012	0.063	0.5655	-0.0585	0	224	330	3
2026-02-12	15:45:06.430	-9.87	42.35	107.94	0.998692	-0.302316	0.171776	0.0645	0.582	-0.063	0	224	330	3
2026-02-12	15:45:06.450	-2.59	37.555	98.56	0.945744	-0.304024	0.171044	0.066	0.597	-0.0705	0	224	330	3
2026-02-12	15:45:06.470	3.885	33.145	88.305	0.868396	-0.299144	0.165188	0.072	0.609	-0.078	0	224	330	3
2026-02-12	15:45:06.490	8.19	27.545	77	0.820084	-0.294264	0.171532	0.0795	0.6225	-0.0825	0	224	330	3
2026-02-12	15:45:06.510	9.345	21.07	64.4	0.829112	-0.305976	0.182512	0.084	0.627	-0.0855	0	224	330	3
2026-02-12	15:45:06.530	10.745	14.245	52.57	0.837896	-0.31964	0.20984	0.081	0.633	-0.0825	0	224	330	3
2026-02-12	15:45:06.550	11.55	4.095	39.795	0.812032	-0.31598	0.227896	0.0765	0.639	-0.0795	0	224	330	3
2026-02-12	15:45:06.570	17.535	-0.315	32.34	0.781288	-0.313784	0.245952	0.0765	0.639	-0.0795	0	224	330	3
2026-02-12	15:45:06.590	26.04	-4.34	24.675	0.760304	-0.291092	0.266692	0.0885	0.6555	-0.0885	0	224	330	3
2026-02-12	15:45:06.610	31.675	-7.7	16.31	0.752496	-0.266448	0.279868	0.0885	0.6585	-0.09	0	226	308	3
2026-02-12	15:45:06.630	34.3	-10.745	6.195	0.757864	-0.260592	0.293044	0.0885	0.6645	-0.093	0	226	308	3
2026-02-12	15:45:06.650	37.205	-13.65	-5.81	0.787876	-0.262544	0.302072	0.09	0.66	-0.0855	0	226	308	3
2026-02-12	15:45:06.670	41.195	-16.975	-19.285	0.830088	-0.253028	0.30744	0.0885	0.6525	-0.078	0	226	308	3
2026-02-12	15:45:06.690	43.96	-20.51	-35.035	0.91256	-0.23546	0.32452	0.09	0.654	-0.084	0	226	308	3
2026-02-12	15:45:06.710	44.135	-22.54	-51.345	0.986004	-0.24156	0.356728	0.087	0.651	-0.087	0	226	308	3
2026-02-12	15:45:06.730	44.17	-22.47	-64.33	1.012356	-0.24522	0.40504	0.0795	0.642	-0.09	0	226	308	3
2026-02-12	15:45:06.750	45.325	-20.16	-73.255	0.989176	-0.218136	0.421388	0.078	0.636	-0.0915	0	226	308	3
2026-02-12	15:45:06.770	34.125	-17.395	-81.2	0.902312	-0.117364	0.379908	0.0765	0.633	-0.09	0	226	308	3
2026-02-12	15:45:06.790	13.37	-18.76	-85.575	0.83936	-0.02684	0.3355	0.0735	0.591	-0.084	0	226	308	3
2026-02-12	15:45:06.810	-14.21	-23.03	-89.005	0.820572	-0.016836	0.304512	0.0675	0.591	-0.0825	0	227	291	2
2026-02-12	15:45:06.830	-34.79	-28.21	-92.715	0.889624	-0.040016	0.287188	0.0675	0.585	-0.081	0	227	291	2
2026-02-12	15:45:06.850	-49.945	-33.88	-97.965	0.967704	-0.059048	0.30134	0.069	0.5745	-0.078	0	227	291	2
2026-02-12	15:45:06.870	-62.16	-36.19	-103.04	1.024068	-0.121756	0.328424	0.066	0.561	-0.072	0	227	291	2
2026-02-12	15:45:06.890	-64.785	-35.63	-106.085	1.044564	-0.190564	0.350384	0.066	0.5475	-0.0615	0	227	291	2
2026-02-12	15:45:06.910	-56.035	-32.97	-107.59	1.070428	-0.22448	0.36356	0.069	0.54	-0.06	0	227	291	2
2026-02-12	15:45:06.930	-47.04	-28.735	-108.99	1.055544	-0.177632	0.347456	0.0675	0.5265	-0.0645	0	227	291	2
2026-02-12	15:45:06.950	-48.615	-24.92	-109.69	1.02114	-0.149084	0.312808	0.066	0.504	-0.057	0	227	291	2
2026-02-12	15:45:06.970	-57.085	-23.555	-109.375	0.967704	-0.140056	0.296704	0.0645	0.4965	-0.0495	0	227	291	2
2026-02-12	15:45:06.990	-64.505	-25.375	-107.905	0.939644	-0.16226	0.283528	0.06	0.498	-0.0495	0	227	291	2
2026-02-12	15:45:07.010	-69.72	-28.28	-104.37	0.888892	-0.199836	0.251564	0.0765	0.471	-0.048	0	224	291	3
2026-02-12	15:45:07.030	-76.58	-38.22	-101.955	0.930128	-0.159088	0.202032	0.0705	0.4545	-0.051	0	224	291	3
2026-02-12	15:45:07.050	-95.585	-43.96	-106.505	1.004792	-0.110532	0.186416	0.075	0.4485	-0.0495	0	224	291	3
2026-02-12	15:45:07.070	-120.855	-43.995	-113.855	1.007476	-0.155672	0.20984	0.0795	0.4335	-0.0435	0	224	291	3
2026-02-12	15:45:07.090	-140.35	-42.28	-119.42	0.964532	-0.266204	0.269376	0.0825	0.4215	-0.039	0	224	291	3
2026-02-12	15:45:07.110	-165.165	-44.835	-126.07	0.987224	-0.313052	0.261324	0.09	0.4125	-0.048	0	224	291	3
2026-02-12	15:45:07.130	-187.005	-46.06	-136.71	1.097756	-0.411384	0.274988	0.0975	0.4035	-0.054	0	224	291	3
2026-02-12	15:45:07.150	-185.08	-40.285	-145.04	1.16754	-0.6344	0.346724	0.102	0.39	-0.051	0	224	291	3
2026-02-12	15:45:07.170	-146.615	-33.04	-141.12	1.20292	-0.780068	0.42456	0.1095	0.378	-0.057	0	224	291	3
2026-02-12	15:45:07.190	-66.465	-26.95	-120.085	1.251476	-0.697108	0.424072	0.117	0.3735	-0.0645	0	224	291	3
2026-02-12	15:45:07.210	-18.025	-27.335	-103.495	1.247816	-0.671488	0.422364	0.117	0.3735	-0.0645	0	220	296	3
2026-02-12	15:45:07.230	41.195	-32.27	-85.05	1.349076	-0.734928	0.528992	0.1365	0.345	-0.0615	0	220	296	3
2026-02-12	15:45:07.250	115.605	-25.83	-58.695	1.283928	-0.818132	0.662948	0.1455	0.324	-0.054	0	220	296	3
2026-02-12	15:45:07.270	179.725	-17.465	-20.895	1.167784	-0.622932	0.677832	0.1455	0.3195	-0.0495	0	220	296	3
2026-02-12	15:45:07.290	196.49	-8.435	16.45	1.05774	-0.375028	0.629764	0.147	0.315	-0.0345	0	220	296	3
2026-02-12	15:45:07.310	165.69	0.35	48.755	0.965508	-0.264252	0.543144	0.1455	0.315	-0.015	0	220	296	3
2026-02-12	15:45:07.330	125.405	6.895	73.745	0.976976	-0.198372	0.47336	0.141	0.318	0	0	220	296	3
2026-02-12	15:45:07.350	91.98	13.125	92.68	1.009184	-0.109312	0.399916	0.1395	0.321	0.006	0	220	296	3
2026-02-12	15:45:07.370	57.085	19.39	108.115	0.976732	-0.044652	0.31598	0.1335	0.3285	0.0135	0	220	296	3
2026-02-12	15:45:07.390	22.82	23.135	118.545	0.909876	-0.010736	0.254004	0.1215	0.3405	0.015	0	220	296	3
2026-02-12	15:45:07.410	-12.18	26.705	122.885	0.93208	-0.079544	0.271816	0.1155	0.345	0.0135	0	219	317	3
2026-02-12	15:45:07.430	-14.595	31.36	126.945	0.995276	-0.215452	0.285236	0.0915	0.3765	0.012	0	219	317	3
2026-02-12	15:45:07.450	6.895	39.095	136.36	1.054324	-0.2562	0.292068	0.096	0.39	0.009	0	219	317	3
2026-02-12	15:45:07.470	36.995	49.98	144.27	1.121424	-0.25742	0.217404	0.078	0.4125	0.003	0	219	317	3
2026-02-12	15:45:07.490	64.05	61.075	150.325	1.1895	-0.220088	0.120536	0.0795	0.423	0.0015	0	219	317	3
2026-02-12	15:45:07.510	79.555	69.265	152.53	1.248304	-0.18178	0.059536	0.0765	0.4425	-0.003	0	219	317	3
2026-02-12	15:45:07.530	90.265	76.72	150.745	1.3054	-0.14884	0.002928	0.0675	0.4635	-0.0045	0	219	317	3
2026-02-12	15:45:07.550	93.275	81.62	145.705	1.265872	-0.092964	-0.025132	0.0645	0.4845	-0.0165	0	219	317	3
2026-02-12	15:45:07.570	81.935	81.2	138.04	1.210972	-0.085888	-0.001708	0.0645	0.4995	-0.0345	0	219	317	3
2026-02-12	15:45:07.590	67.725	76.755	127.75	1.222196	-0.108092	0.041236	0.06	0.5205	-0.0375	0	219	317	3
2026-02-12	15:45:07.610	49.14	70.595	115.78	1.133624	-0.158112	0.104188	0.06	0.537	-0.0435	0	222	322	3
2026-02-12	15:45:07.630	33.915	61.53	106.4	0.99308	-0.190808	0.140056	0.0645	0.5415	-0.051	0	222	322	3
2026-02-12	15:45:07.650	22.82	51.73	99.365	0.886208	-0.216184	0.144936	0.0585	0.5715	-0.0705	0	222	322	3
2026-02-12	15:45:07.670	14.945	39.095	91.49	0.859368	-0.24766	0.149328	0.072	0.588	-0.0705	0	222	322	3
2026-02-12	15:45:07.690	9.94	24.465	82.705	0.861808	-0.249856	0.152744	0.0765	0.5955	-0.0795	0	222	322	3
2026-02-12	15:45:07.710	2.555	12.11	74.795	0.809836	-0.26108	0.15494	0.0765	0.5985	-0.078	0	222	322	3
2026-02-12	15:45:07.730	2.1	0.91	66.57	0.777872	-0.280356	0.142984	0.075	0.6105	-0.0795	0	222	322	3
2026-02-12	15:45:07.750	8.68	-10.22	57.225	0.768356	-0.298656	0.146156	0.075	0.624	-0.0825	0	222	322	3
2026-02-12	15:45:07.770	19.565	-20.335	46.515	0.821548	-0.312564	0.166408	0.0795	0.6375	-0.084	0	222	322	3
2026-02-12	15:45:07.790	30.625	-27.37	34.895	0.901824	-0.316712	0.196664	0.078	0.6405	-0.0795	0	222	322	3
2026-02-12	15:45:07.810	37.66	-30.52	23.8	0.904752	-0.3111	0.20252	0.0765	0.642	-0.0735	0	226	296	3
2026-02-12	15:45:07.830	44.8	-35.525	8.82	0.883036	-0.261812	0.193736	0.0795	0.6465	-0.0735	0	226	296	3
2026-02-12	15:45:07.850	44.24	-39.97	-3.325	0.916952	-0.192272	0.178364	0.0675	0.636	-0.063	0	226	296	3
2026-02-12	15:45:07.870	30.66	-44.31	-19.18	0.94062	-0.084424	0.170068	0.0765	0.645	-0.0585	0	226	296	3
2026-02-12	15:45:07.890	7.91	-42.28	-35.91	0.913536	-0.0549	0.174216	0.0735	0.6375	-0.0645	0	226	296	3
2026-02-12	15:45:07.910	-2.345	-40.46	-51.52	0.851316	-0.079544	0.183244	0.078	0.6315	-0.051	0	226	296	3
2026-02-12	15:45:07.930	-0.98	-45.675	-64.575	0.833504	-0.082716	0.210572	0.0735	0.6315	-0.0495	0	226	296	3
2026-02-12	15:45:07.950	1.47	-46.76	-74.725	0.880596	-0.053924	0.226188	0.069	0.6225	-0.045	0	226	296	3
2026-02-12	15:45:07.970	0.175	-45.92	-86.835	0.965996	0.036112	0.241316	0.066	0.6105	-0.036	0	226	296	3
2026-02-12	15:45:07.990	-10.29	-40.6	-99.75	0.99918	0.043188	0.241804	0.063	0.6015	-0.03	0	226	296	3
2026-02-12	15:45:08.010	-23.59	-32.305	-110.74	1.060912	0.005124	0.207888	0.063	0.594	-0.03	0	230	263	2
2026-02-12	15:45:08.030	-30.73	-28.455	-117.39	1.170956	0.005856	0.184952	0.063	0.582	-0.0225	0	230	263	2
2026-02-12	15:45:08.050	-49.805	-20.65	-131.145	1.331752	-0.057096	0.200568	0.063	0.5715	-0.015	0	230	263	2
2026-02-12	15:45:08.070	-59.185	-17.885	-132.755	1.280268	-0.124196	0.228628	0.0645	0.5295	-0.0135	0	230	263	2
2026-02-12	15:45:08.090	-62.895	-21.14	-128.975	1.222196	-0.146156	0.263276	0.057	0.5175	-0.015	0	230	263	2
2026-02-12	15:45:08.110	-60.305	-24.99	-123.9	1.106296	-0.171044	0.321592	0.054	0.501	-0.0165	0	230	263	2
2026-02-12	15:45:08.130	-53.27	-28.28	-119.21	0.98942	-0.168848	0.388448	0.0615	0.4905	-0.018	0	230	263	2
2026-02-12	15:45:08.150	-48.23	-31.57	-116.515	0.920612	-0.150548	0.420168	0.0675	0.4755	-0.015	0	230	263	2
2026-02-12	15:45:08.170	-51.065	-35.91	-115.85	0.914024	-0.164212	0.406992	0.072	0.462	-0.0075	0	230	263	2
2026-02-12	15:45:08.190	-61.88	-40.74	-116.69	0.952088	-0.20862	0.392596	0.0765	0.45	-0.003	0	230	263	2
2026-02-12	15:45:08.210	-71.89	-41.72	-118.16	0.965996	-0.25986	0.401136	0.078	0.438	-0.003	0	231	249	3
2026-02-12	15:45:08.230	-73.605	-40.845	-118.16	0.966728	-0.304024	0.417972	0.0795	0.42	-0.0015	0	231	249	3
2026-02-12	15:45:08.250	-67.9	-37.345	-113.89	0.953064	-0.336232	0.440664	0.0765	0.4125	0.0015	0	231	249	3
2026-02-12	15:45:08.270	-61.18	-34.125	-105.735	0.929396	-0.369904	0.456036	0.0765	0.4125	0.0015	0	231	249	3
2026-02-12	15:45:08.290	-51.24	-32.515	-96.81	0.936228	-0.396744	0.498736	0.105	0.3795	0	0	231	249	3
2026-02-12	15:45:08.310	-38.535	-30.17	-85.75	0.912804	-0.385032	0.53436	0.1095	0.363	0.003	0	231	249	3
2026-02-12	15:45:08.330	-28.42	-27.475	-72.975	0.898164	-0.353556	0.542412	0.117	0.348	0	0	231	249	3
2026-02-12	15:45:08.350	-24.29	-27.545	-60.305	0.981124	-0.309148	0.530456	0.1185	0.3435	0.0015	0	231	249	3
2026-02-12	15:45:08.370	-27.405	-26.95	-50.015	1.064328	-0.30622	0.558272	0.1185	0.3375	0.0075	0	231	249	3
2026-02-12	15:45:08.390	-33.04	-22.645	-36.68	1.040416	-0.345748	0.560956	0.1215	0.3345	0.0105	0	231	249	3
2026-02-12	15:45:08.410	-26.145	-19.81	-21.735	1.0553	-0.39406	0.542412	0.126	0.3285	0.006	0	232	271	3
2026-02-12	15:45:08.430	-8.295	-16.31	-6.37	1.106296	-0.408212	0.536312	0.1305	0.324	0.0045	0	232	271	3
2026-02-12	15:45:08.450	15.54	-6.58	11.06	1.174128	-0.393816	0.53314	0.1335	0.324	0.0105	0	232	271	3
2026-02-12	15:45:08.470	35.735	10.045	39.55	1.306132	-0.288652	0.391864	0.132	0.3225	0.018	0	232	271	3
2026-02-12	15:45:08.490	32.655	20.16	58.87	1.342732	-0.235216	0.284748	0.132	0.3225	0.018	0	232	271	3
2026-02-12	15:45:08.510	22.82	27.79	80.15	1.29198	-0.203008	0.235216	0.1245	0.3405	0.0165	0	232	271	3
2026-02-12	15:45:08.530	13.79	34.615	102.06	1.2261	-0.16836	0.214232	0.1095	0.351	0.021	0	232	271	3
2026-02-12	15:45:08.550	14.21	40.075	120.995	1.118496	-0.117608	0.219844	0.1035	0.3615	0.0195	0	232	271	3
2026-02-12	15:45:08.570	22.785	35.245	135.38	1.047492	-0.084424	0.217648	0.099	0.372	0.015	0	232	271	3
2026-02-12	15:45:08.590	33.215	31.115	144.375	1.053592	-0.06222	0.230336	0.0915	0.384	0.0105	0	232	271	3
2026-02-12	15:45:08.610	41.02	35.175	149.975	1.083604	-0.136396	0.217648	0.081	0.3975	0.009	0	232	306	3
2026-02-12	15:45:08.630	53.165	41.51	154.875	1.118008	-0.149084	0.178608	0.072	0.4185	0.006	0	232	306	3
2026-02-12	15:45:08.650	54.845	47.915	156.59	1.139724	-0.129564	0.117608	0.0675	0.441	0.003	0	232	306	3
2026-02-12	15:45:08.670	47.32	53.27	155.015	1.163392	-0.12444	0.048068	0.0585	0.462	-0.0045	0	232	306	3
2026-02-12	15:45:08.690	35.385	56.455	149.87	1.18584	-0.14884	-0.008052	0.054	0.4725	-0.009	0	232	306	3
2026-02-12	15:45:08.710	33.74	56.175	146.44	1.162172	-0.131516	-0.018544	0.051	0.516	-0.0135	0	232	306	3
2026-02-12	15:45:08.730	31.605	54.285	141.925	1.103124	-0.135176	-0.019764	0.0405	0.5325	-0.0225	0	232	306	3
2026-02-12	15:45:08.750	29.435	48.86	134.89	1.07116	-0.163724	0.00732	0.0435	0.5565	-0.039	0	232	306	3
2026-02-12	15:45:08.770	31.115	40.53	126.49	1.045296	-0.19642	0.07124799	0.0495	0.57	-0.048	0	232	306	3
2026-02-12	15:45:08.790	32.095	31.955	118.16	0.993324	-0.239852	0.144448	0.051	0.579	-0.045	0	232	306	3
2026-02-12	15:45:08.810	28.805	25.095	109.76	0.929884	-0.292556	0.193248	0.0525	0.5985	-0.0465	0	233	305	3
2026-02-12	15:45:08.830	28.455	21.805	101.5	0.870104	-0.36234	0.20374	0.0525	0.618	-0.0525	0	233	305	3
2026-02-12	15:45:08.850	40.53	16.835	92.75	0.825452	-0.371856	0.206912	0.057	0.6345	-0.0555	0	233	305	3
2026-02-12	15:45:08.870	52.15	10.71	82.915	0.780068	-0.367952	0.210084	0.0615	0.648	-0.0555	0	233	305	3
2026-02-12	15:45:08.890	62.58	2.8	69.685	0.742248	-0.369416	0.229604	0.0675	0.654	-0.0555	0	233	305	3
2026-02-12	15:45:08.910	70.21	-4.76	56.35	0.743224	-0.365024	0.243512	0.072	0.6555	-0.0585	0	233	305	3
2026-02-12	15:45:08.930	72.415	-10.325	46.2	0.761036	-0.348432	0.261812	0.0735	0.6675	-0.0585	0	233	305	3
2026-02-12	15:45:08.950	70.385	-15.33	36.715	0.78202	-0.31842	0.282552	0.072	0.6735	-0.069	0	233	305	3
2026-02-12	15:45:08.970	63.35	-19.915	27.125	0.808128	-0.294996	0.301096	0.0705	0.6735	-0.0675	0	233	305	3
2026-02-12	15:45:08.990	59.85	-22.225	18.445	0.842288	-0.322812	0.299144	0.072	0.678	-0.0645	0	233	305	3
2026-02-12	15:45:09.010	69.475	-23.31	10.815	0.84424	-0.303292	0.307196	0.0735	0.678	-0.063	0	234	282	3
2026-02-12	15:45:09.030	77.175	-25.375	1.225	0.855464	-0.274988	0.31354	0.0705	0.678	-0.0645	0	234	282	3
2026-02-12	15:45:09.050	78.225	-28.42	-10.255	0.884012	-0.237656	0.326716	0.0705	0.6765	-0.0645	0	234	282	3
2026-02-12	15:45:09.070	71.435	-31.465	-22.715	0.919148	-0.212768	0.336964	0.069	0.672	-0.0645	0	234	282	3
2026-02-12	15:45:09.090	58.87	-33.74	-34.405	0.918172	-0.1708	0.345016	0.0675	0.6675	-0.063	0	234	282	3
2026-02-12	15:45:09.110	27.685	-37.45	-49.455	0.84668	-0.098332	0.318176	0.0705	0.663	-0.0585	0	234	282	3
2026-02-12	15:45:09.130	-0.28	-40.635	-60.305	0.83326	-0.074664	0.29524	0.0705	0.663	-0.0585	0	234	282	3
2026-02-12	15:45:09.150	-28.21	-43.785	-70.665	0.832284	-0.085888	0.295972	0.06	0.651	-0.0525	0	234	282	3
2026-02-12	15:45:09.170	-50.96	-45.43	-78.855	0.829356	-0.122976	0.29524	0.0555	0.6375	-0.0375	0	234	282	3
2026-02-12	15:45:09.190	-62.545	-45.465	-84.98	0.849364	-0.15738	0.286944	0.051	0.6255	-0.036	0	234	282	3
2026-02-12	15:45:09.210	-61.81	-45.15	-91.665	0.915244	-0.194956	0.278648	0.045	0.6195	-0.03	0	233	270	2
2026-02-12	15:45:09.230	-52.045	-43.925	-98.455	0.976732	-0.233752	0.296948	0.0435	0.6105	-0.027	0	233	270	2
2026-02-12	15:45:09.250	-34.965	-41.37	-104.23	1.026264	-0.263032	0.327448	0.0405	0.5955	-0.018	0	233	270	2
2026-02-12	15:45:09.270	-16.52	-38.045	-108.29	1.061644	-0.233996	0.34282	0.0375	0.582	-0.012	0	233	270	2
2026-02-12	15:45:09.290	-7.91	-34.58	-110.565	1.094828	-0.205936	0.34526	0.0405	0.564	-0.009	0	233	270	2
2026-02-12	15:45:09.310	-6.685	-30.94	-111.37	1.121424	-0.180072	0.356972	0.036	0.549	0	0	233	270	2
2026-02-12	15:45:09.330	-20.3	-26.67	-106.645	1.126304	-0.14762	0.361608	0.027	0.5415	0.0075	0	233	270	2
2026-02-12	15:45:09.350	-38.57	-23.975	-97.685	1.090924	-0.121512	0.348676	0.0345	0.5175	0.0045	0	233	270	2
2026-02-12	15:45:09.370	-61.985	-21.595	-83.65	1.020164	-0.10126	0.314516	0.045	0.4995	0.0105	0	233	270	2
2026-02-12	15:45:09.390	-84.63	-20.37	-67.83	0.949648	-0.061976	0.259128	0.0495	0.4935	0.015	0	233	270	2
2026-02-12	15:45:09.410	-105.42	-22.4	-55.755	0.938424	0.023668	0.210816	0.0435	0.477	0.0075	0	229	272	3
2026-02-12	15:45:09.430	-134.4	-25.83	-48.755	0.917196	0.066124	0.163724	0.0435	0.468	0.015	0	229	272	3
2026-02-12	15:45:09.450	-167.825	-28.805	-44.975	0.89914	0.058072	0.140056	0.0465	0.4665	0.0135	0	229	272	3
2026-02-12	15:45:09.470	-193.76	-29.61	-44.065	0.885964	-0.004392	0.137128	0.051	0.462	0.0135	0	229	272	3
2026-02-12	15:45:09.490	-205.66	-28.665	-44.1	0.91378	-0.10126	0.175436	0.051	0.4545	0.0105	0	229	272	3
2026-02-12	15:45:09.510	-205.205	-23.835	-45.115	0.933788	-0.2257	0.220088	0.0525	0.447	0.0075	0	229	272	3
2026-02-12	15:45:09.530	-176.435	-17.57	-45.955	0.906704	-0.38064	0.24156	0.054	0.45	0.003	0	229	272	3
2026-02-12	15:45:09.550	-123.865	-16.52	-48.055	0.935008	-0.469212	0.237412	0.0555	0.4545	0	0	229	272	3
2026-02-12	15:45:09.570	-68.075	-19.355	-56.735	1.025044	-0.518012	0.288896	0.0615	0.4335	-0.0135	0	229	272	3
2026-02-12	15:45:09.590	-7.385	-18.41	-66.045	1.066768	-0.60756	0.400892	0.06	0.4305	-0.009	0	229	272	3
2026-02-12	15:45:09.610	59.115	-14	-66.01	1.10898	-0.617808	0.460672	0.0645	0.4125	-0.003	0	224	276	3
2026-02-12	15:45:09.630	105.56	-15.225	-59.115	1.165588	-0.458964	0.44896	0.0645	0.4095	0	0	224	276	3
2026-02-12	15:45:09.650	120.96	-14.805	-53.2	1.193648	-0.380152	0.503128	0.078	0.399	0.0045	0	224	276	3
2026-02-12	15:45:09.670	116.62	-8.435	-44.415	1.090436	-0.32818	0.557052	0.072	0.396	0.009	0	224	276	3
2026-02-12	15:45:09.690	98.91	-12.635	-29.75	1.09556	-0.284504	0.569008	0.069	0.393	0.0225	0	224	276	3
2026-02-12	15:45:09.710	73.185	-17.99	-17.815	1.100928	-0.245464	0.549244	0.075	0.3885	0.0315	0	224	276	3
2026-02-12	15:45:09.730	45.43	-20.16	-10.01	1.075796	-0.256932	0.528992	0.075	0.3795	0.033	0	224	276	3
2026-02-12	15:45:09.750	21.245	-15.61	3.01	1.004792	-0.305244	0.471652	0.072	0.3765	0.036	0	224	276	3
2026-02-12	15:45:09.770	14	-8.96	15.155	0.947452	-0.305	0.430416	0.072	0.3765	0.036	0	224	276	3
2026-02-12	15:45:09.790	12.18	-0.77	29.75	0.893284	-0.306708	0.412116	0.0765	0.3765	0.048	0	224	276	3
2026-02-12	15:45:09.810	17.745	6.58	45.08	0.866688	-0.30134	0.403576	0.0705	0.3855	0.051	0	221	295	3
2026-02-12	15:45:09.830	27.055	12.775	59.395	0.859612	-0.29768	0.388692	0.0615	0.3885	0.045	0	221	295	3
2026-02-12	15:45:09.850	40.88	18.69	72.38	0.904508	-0.289628	0.363804	0.0645	0.39	0.0435	0	221	295	3
2026-02-12	15:45:09.870	56.56	24.08	84.315	0.947696	-0.244976	0.335256	0.06	0.414	0.051	0	221	295	3
2026-02-12	15:45:09.890	65.695	31.15	92.995	0.988688	-0.186904	0.291336	0.0555	0.4185	0.051	0	221	295	3
2026-02-12	15:45:09.910	63.735	39.795	97.685	1.038952	-0.13542	0.237656	0.048	0.426	0.051	0	221	295	3
2026-02-12	15:45:09.930	51.52	48.86	98.77	1.109956	-0.111752	0.189588	0.045	0.4395	0.051	0	221	295	3
2026-02-12	15:45:09.950	31.22	58.38	99.05	1.13948	-0.111996	0.163236	0.039	0.4575	0.045	0	221	295	3
2026-02-12	15:45:09.970	6.405	70.35	98.805	1.194624	-0.194712	0.187392	0.0345	0.465	0.039	0	221	295	3
2026-02-12	15:45:09.990	-0.665	75.425	98.665	1.263432	-0.227164	0.210328	0.027	0.495	0.033	0	221	295	3
2026-02-12	15:45:10.010	-11.235	81.025	101.045	1.21268	-0.229848	0.205448	0.0225	0.51	0.0195	0	219	315	3
2026-02-12	15:45:10.030	-19.775	83.055	103.88	1.136064	-0.234972	0.19154	0.0255	0.522	0	0	219	315	3
2026-02-12	15:45:10.050	-24.955	81.97	105.945	1.046272	-0.249612	0.163724	0.027	0.537	0.0015	0	219	315	3
2026-02-12	15:45:10.070	-25.935	77.49	106.33	0.971608	-0.254736	0.142496	0.0225	0.5535	-0.0225	0	219	315	3
2026-02-12	15:45:10.090	-25.9	70.21	103.95	0.90646	-0.25132	0.112972	0.021	0.573	-0.0315	0	219	315	3
2026-02-12	15:45:10.110	-26.6	60.025	98.42	0.90036	-0.264008	0.097356	0.024	0.579	-0.0315	0	219	315	3
2026-02-12	15:45:10.130	-24.815	48.685	90.825	0.894016	-0.28426	0.096868	0.0315	0.5925	-0.036	0	219	315	3
2026-02-12	15:45:10.150	-18.62	37.695	81.83	0.865712	-0.298656	0.110776	0.0375	0.6105	-0.0465	0	219	315	3
2026-02-12	15:45:10.170	-4.97	25.13	68.11	0.856196	-0.3111	0.126392	0.0405	0.6225	-0.054	0	219	315	3
2026-02-12	15:45:10.190	12.985	14.35	54.67	0.85888	-0.319396	0.152012	0.0405	0.6225	-0.054	0	219	315	3
2026-02-12	15:45:10.210	29.925	7	44.905	0.859856	-0.306464	0.172752	0.036	0.648	-0.0555	0	216	307	3
2026-02-12	15:45:10.230	42.91	1.05	35.14	0.841068	-0.268644	0.188368	0.0465	0.648	-0.0585	0	216	307	3
2026-02-12	15:45:10.250	50.68	-4.725	24.36	0.853024	-0.239852	0.190076	0.042	0.648	-0.063	0	216	307	3
2026-02-12	15:45:10.270	56.07	-10.92	13.265	0.8723	-0.21228	0.208376	0.0405	0.657	-0.0645	0	216	307	3
2026-02-12	15:45:10.290	60.305	-16.905	2.31	0.92476	-0.187636	0.238876	0.0435	0.6585	-0.0615	0	216	307	3
2026-02-12	15:45:10.310	62.44	-22.505	-11.095	1.028216	-0.115412	0.280356	0.042	0.648	-0.063	0	216	307	3
2026-02-12	15:45:10.330	55.51	-26.985	-28.84	1.09678	-0.062464	0.317688	0.042	0.651	-0.0615	0	216	307	3
2026-02-12	15:45:10.350	43.33	-29.225	-45.92	1.146556	-0.10248	0.3599	0.0405	0.6495	-0.063	0	216	307	3
2026-02-12	15:45:10.370	41.37	-29.575	-57.4	1.143384	-0.124196	0.446764	0.0375	0.6405	-0.0585	0	216	307	3
2026-02-12	15:45:10.390	38.22	-25.375	-64.54	0.954284	0.056364	0.467016	0.036	0.636	-0.051	0	216	307	3
2026-02-12	15:45:10.410	10.92	-23.45	-69.37	0.855708	0.189344	0.379908	0.0255	0.6135	-0.057	0	213	287	3
2026-02-12	15:45:10.430	-31.5	-23.975	-78.225	0.842044	0.189344	0.271572	0.0255	0.609	-0.0435	0	213	287	3
2026-02-12	15:45:10.450	-64.925	-27.265	-90.265	0.902068	0.1159	0.212768	0.024	0.5985	-0.051	0	213	287	3
2026-02-12	15:45:10.470	-82.985	-28.49	-102.515	0.95526	0.035136	0.209352	0.0195	0.585	-0.0375	0	213	287	3
2026-02-12	15:45:10.490	-90.265	-26.39	-113.12	0.989176	-0.01586	0.203984	0.027	0.5715	-0.036	0	213	287	3
2026-02-12	15:45:10.510	-92.435	-24.08	-124.32	1.04188	-0.011224	0.19154	0.024	0.549	-0.03	0	213	287	3
2026-02-12	15:45:10.530	-96.425	-20.965	-136.115	1.112396	-0.071736	0.183	0.024	0.5415	-0.0285	0	213	287	3
2026-02-12	15:45:10.550	-98.665	-15.82	-143.78	1.152656	-0.121024	0.177144	0.021	0.5295	-0.0315	0	213	287	3
2026-02-12	15:45:10.570	-103.25	-11.06	-146.09	1.098732	-0.068564	0.149572	0.024	0.5085	-0.0345	0	213	287	3
2026-02-12	15:45:10.590	-127.33	-11.41	-146.44	0.98698	0.137128	0.033916	0.0315	0.492	-0.0285	0	213	287	3
2026-02-12	15:45:10.610	-240.275	-22.155	-152.915	0.988688	0.55388	-0.161772	0.0345	0.4845	-0.0225	0	213	268	3
2026-02-12	15:45:10.630	-323.995	-14.98	-164.15	1.230248	0.431392	-0.165432	0.0375	0.4455	-0.0405	0	213	268	3
2026-02-12	15:45:10.650	-344.82	-2.975	-172.69	1.432524	0.089548	-0.188612	0.0495	0.429	-0.0525	0	213	268	3
2026-02-12	15:45:10.670	-330.47	9.485	-172.515	1.453508	-0.171776	-0.16836	0.063	0.4065	-0.0735	0	213	268	3
2026-02-12	15:45:10.690	-297.045	14.77	-170.975	1.474492	-0.330864	-0.145424	0.06	0.3945	-0.09	0	213	268	3
2026-02-12	15:45:10.710	-240.835	16.905	-173.32	1.393972	-0.459208	-0.113704	0.075	0.39	-0.108	0	213	268	3
2026-02-12	15:45:10.730	-154.875	12.775	-175.63	1.284904	-0.611464	-0.050264	0.087	0.384	-0.12	0	213	268	3
2026-02-12	15:45:10.750	-46.095	2.555	-178.22	1.219512	-0.749568	0.115412	0.09	0.375	-0.1245	0	213	268	3
2026-02-12	15:45:10.770	74.795	-7.28	-174.51	1.103612	-0.82716	0.301096	0.102	0.357	-0.132	0	213	268	3
2026-02-12	15:45:10.790	173.075	-19.39	-161.175	1.0065	-0.73322	0.371612	0.1185	0.339	-0.129	0	213	268	3
2026-02-12	15:45:10.810	238.84	-36.855	-131.04	0.962092	-0.58316	0.449448	0.126	0.333	-0.1215	0	218	235	3
2026-02-12	15:45:10.830	234.745	-49.56	-89.39	1.031388	-0.499468	0.575352	0.126	0.333	-0.1215	0	218	235	3
2026-02-12	15:45:10.850	192.57	-52.185	-55.72	1.140456	-0.491172	0.664656	0.165	0.2505	-0.0465	0	218	235	3
2026-02-12	15:45:10.870	154.455	-42.665	-25.935	1.211948	-0.627324	0.830576	0.168	0.2475	-0.0135	0	218	235	3
2026-02-12	15:45:10.890	130.165	-25.2	10.185	1.060668	-0.561444	0.77104	0.1725	0.243	-0.003	0	218	235	3
2026-02-12	15:45:10.910	106.785	-15.82	45.115	1.00406	-0.317444	0.616588	0.171	0.249	0.0195	0	218	235	3
2026-02-12	15:45:10.930	67.165	-5.215	71.225	1.013088	-0.179096	0.467748	0.1635	0.243	0.033	0	218	235	3
2026-02-12	15:45:10.950	36.89	4.55	91.665	1.049444	-0.179828	0.35014	0.156	0.2535	0.0375	0	218	235	3
2026-02-12	15:45:10.970	32.9	11.375	109.69	1.089704	-0.159576	0.32696	0.15	0.258	0.039	0	218	235	3
2026-02-12	15:45:10.990	25.025	18.235	124.845	1.09556	-0.086376	0.305244	0.1395	0.267	0.0435	0	218	235	3
2026-02-12	15:45:11.010	2.555	25.165	137.48	1.065792	-0.010248	0.265472	0.126	0.279	0.045	0	233	235	3
2026-02-12	15:45:11.030	-44.625	33.635	149.66	1.10166	0.044652	0.210816	0.117	0.2865	0.0465	0	233	235	3
2026-02-12	15:45:11.050	-55.86	46.865	158.305	1.016504	-0.07564	0.220088	0.0915	0.318	0.039	0	233	235	3
2026-02-12	15:45:11.070	-26.215	42.735	168	1.070672	-0.221552	0.203008	0.078	0.3315	0.0195	0	233	235	3
2026-02-12	15:45:11.090	15.82	43.855	179.55	1.232688	-0.176412	0.148352	0.0645	0.3555	0.018	0	233	235	3
2026-02-12	15:45:11.110	27.685	48.51	188.65	1.27856	-0.039284	0.083692	0.0555	0.378	0.0105	0	233	235	3
2026-02-12	15:45:11.130	24.36	50.75	191.59	1.291492	-0.039284	0.040504	0.039	0.408	0	0	233	235	3
2026-02-12	15:45:11.150	36.54	53.27	188.16	1.462048	-0.305732	0.084912	0.03	0.4365	-0.009	0	233	235	3
2026-02-12	15:45:11.170	64.015	63.245	191.17	1.553792	-0.333548	-0.004636	0.0255	0.459	-0.0045	0	233	235	3
2026-02-12	15:45:11.190	76.79	69.755	190.4	1.475712	-0.299632	-0.165188	0.021	0.4695	-0.0135	0	233	235	3
2026-02-12	15:45:11.210	80.36	63.42	183.995	1.331996	-0.24644	-0.233508	0.021	0.4995	-0.0285	0	250	242	3
2026-02-12	15:45:11.230	90.405	46.725	174.93	1.223416	-0.267424	-0.155916	0.0225	0.528	-0.0375	0	250	242	3
2026-02-12	15:45:11.250	106.75	33.355	170.415	1.072136	-0.233996	-0.026596	0.0225	0.54	-0.042	0	250	242	3
2026-02-12	15:45:11.270	111.265	25.76	167.055	0.975024	-0.22814	0.064172	0.0195	0.5865	-0.042	0	250	242	3
2026-02-12	15:45:11.290	111.475	22.82	157.85	0.965996	-0.229604	0.143716	0.021	0.603	-0.048	0	250	242	3
2026-02-12	15:45:11.310	104.09	23.975	145.005	0.885476	-0.25254	0.205204	0.027	0.636	-0.06	0	250	242	3
2026-02-12	15:45:11.330	90.195	24.78	131.67	0.81252	-0.3416	0.267912	0.0315	0.654	-0.0645	0	250	242	3
2026-02-12	15:45:11.350	70.945	24.99	117.355	0.793976	-0.46238	0.287188	0.0375	0.6645	-0.072	0	250	242	3
2026-02-12	15:45:11.370	52.815	23.52	103.95	0.832284	-0.544608	0.288164	0.048	0.684	-0.075	0	250	242	3
2026-02-12	15:45:11.390	41.335	21.595	93.415	0.82472	-0.567056	0.267912	0.054	0.6945	-0.084	0	250	242	3
2026-02-12	15:45:11.410	44.415	19.88	85.05	0.802272	-0.541436	0.291336	0.0525	0.7005	-0.087	0	266	227	3
2026-02-12	15:45:11.430	49.385	19.6	78.12	0.768356	-0.476776	0.349896	0.06	0.708	-0.09	0	266	227	3
2026-02-12	15:45:11.450	46.83	19.81	70.455	0.730048	-0.412604	0.373808	0.0675	0.711	-0.09	0	266	227	3
2026-02-12	15:45:11.470	43.4	18.445	63.105	0.705648	-0.377224	0.35868	0.0675	0.711	-0.09	0	266	227	3
2026-02-12	15:45:11.490	42.49	14.105	53.795	0.719068	-0.341844	0.353556	0.0765	0.738	-0.099	0	266	227	3
2026-02-12	15:45:11.510	39.935	7.805	41.09	0.711504	-0.30744	0.36234	0.087	0.738	-0.105	0	266	227	3
2026-02-12	15:45:11.530	31.815	0.805	25.585	0.704916	-0.242536	0.369172	0.0885	0.7485	-0.1125	0	266	227	3
2026-02-12	15:45:11.550	16.345	-6.65	6.055	0.70272	-0.209596	0.366244	0.093	0.7455	-0.108	0	266	227	3
2026-02-12	15:45:11.570	-3.85	-15.4	-14.07	0.722728	-0.20008	0.3355	0.0945	0.7455	-0.114	0	266	227	3
2026-02-12	15:45:11.590	-27.265	-27.195	-35.91	0.792756	-0.203984	0.29524	0.087	0.753	-0.114	0	266	227	3
2026-02-12	15:45:11.610	-55.195	-41.615	-59.745	0.888892	-0.19398	0.271084	0.0855	0.747	-0.0975	0	280	224	3
2026-02-12	15:45:11.630	-85.12	-51.17	-82.915	0.981612	-0.17812	0.258152	0.084	0.7425	-0.0975	0	280	224	3
2026-02-12	15:45:11.650	-111.755	-52.115	-103.705	1.033584	-0.164944	0.262788	0.0765	0.7305	-0.09	0	280	224	3
2026-02-12	15:45:11.670	-129.01	-42.035	-122.43	0.924028	-0.276696	0.238144	0.072	0.7245	-0.081	0	280	224	3
2026-02-12	15:45:11.690	-115.99	-34.615	-127.435	0.894504	-0.324032	0.226432	0.051	0.7035	-0.048	0	280	224	3
2026-02-12	15:45:11.710	-89.18	-25.83	-129.64	0.909388	-0.332816	0.219112	0.0405	0.69	-0.0465	0	280	224	3
2026-02-12	15:45:11.730	-58.73	-15.54	-130.375	0.868396	-0.292068	0.183732	0.0405	0.6735	-0.0285	0	280	224	3
2026-02-12	15:45:11.750	-32.935	-8.61	-132.335	0.853024	-0.21472	0.14762	0.0345	0.657	-0.036	0	280	224	3
2026-02-12	15:45:11.770	-19.67	-6.125	-139.51	0.913048	-0.166164	0.113704	0.0285	0.6315	-0.0315	0	280	224	3
2026-02-12	15:45:11.790	-14.42	-5.705	-153.44	1.0553	-0.162992	0.107848	0.0315	0.621	-0.036	0	280	224	3
2026-02-12	15:45:11.810	-17.08	-6.125	-171.71	1.235372	-0.149816	0.130296	0.018	0.5955	-0.0345	0	288	230	2
2026-02-12	15:45:11.830	-36.05	-5.285	-190.015	1.364448	-0.179096	0.16348	0.024	0.5745	-0.0315	0	288	230	2
2026-02-12	15:45:11.850	-68.565	-4.025	-203.665	1.425448	-0.23424	0.187148	0.0195	0.5595	-0.0285	0	288	230	2
2026-02-12	15:45:11.870	-108.5	-3.08	-208.95	1.389336	-0.264984	0.19398	0.0165	0.528	-0.0315	0	288	230	2
2026-02-12	15:45:11.890	-163.59	-2.345	-206.22	1.25416	-0.250344	0.1769	0.018	0.513	-0.039	0	288	230	2
2026-02-12	15:45:11.910	-191.345	-4.41	-199.85	1.180228	-0.241804	0.16714	0.0405	0.4575	-0.0405	0	288	230	2
2026-02-12	15:45:11.930	-204.05	-7.84	-192.605	1.128988	-0.25986	0.17446	0.042	0.429	-0.054	0	288	230	2
2026-02-12	15:45:11.950	-197.75	-10.64	-187.46	1.10288	-0.305244	0.183732	0.0525	0.4095	-0.063	0	288	230	2
2026-02-12	15:45:11.970	-170.695	-9.31	-184.38	1.100928	-0.433344	0.199104	0.0675	0.3855	-0.0705	0	288	230	2
2026-02-12	15:45:11.990	-124.565	-7.7	-180.775	1.072868	-0.515572	0.20374	0.0765	0.3705	-0.087	0	288	230	2
2026-02-12	15:45:12.010	-72.975	-10.57	-175.385	1.065548	-0.493856	0.168116	0.0765	0.3705	-0.087	0	290	228	3
2026-02-12	15:45:12.030	-56.21	-14.7	-173.565	1.134112	-0.488	0.142984	0.0975	0.339	-0.087	0	290	228	3
2026-02-12	15:45:12.050	-43.785	-20.405	-169.33	1.174372	-0.4819	0.131272	0.1125	0.3135	-0.099	0	290	228	3
2026-02-12	15:45:12.070	-28.945	-26.25	-161.105	1.129964	-0.540704	0.179584	0.1185	0.309	-0.1005	0	290	228	3
2026-02-12	15:45:12.090	11.095	-32.83	-142.415	1.090924	-0.5673	0.329644	0.1245	0.3045	-0.102	0	290	228	3
2026-02-12	15:45:12.110	56.035	-36.4	-117.005	1.093364	-0.507276	0.476532	0.1245	0.3045	-0.102	0	290	228	3
2026-02-12	15:45:12.130	80.5	-31.885	-91.98	0.98698	-0.510448	0.59048	0.174	0.246	-0.084	0	290	228	3
2026-02-12	15:45:12.150	104.72	-20.93	-62.055	0.95404	-0.571936	0.641964	0.1785	0.237	-0.0735	0	290	228	3
2026-02-12	15:45:12.170	132.755	-8.575	-28.21	1.063352	-0.5063	0.561688	0.1875	0.222	-0.063	0	290	228	3
2026-02-12	15:45:12.190	128.59	-3.92	8.96	1.204384	-0.331596	0.427	0.189	0.225	-0.0465	0	290	228	3
2026-02-12	15:45:12.210	75.46	5.495	44.905	1.278072	-0.230336	0.287188	0.195	0.216	-0.027	0	288	232	3
2026-02-12	15:45:12.230	12.6	19.46	75.88	1.282952	-0.199836	0.214232	0.186	0.2325	-0.024	0	288	232	3
2026-02-12	15:45:12.250	-11.095	31.115	106.05	1.20414	-0.145912	0.213256	0.183	0.231	-0.021	0	288	232	3
2026-02-12	15:45:12.270	6.37	30.345	132.37	1.10166	-0.111996	0.282552	0.1665	0.2445	-0.021	0	288	232	3
2026-02-12	15:45:12.290	31.08	22.96	151.515	1.068476	0.05612	0.3599	0.156	0.246	-0.0195	0	288	232	3
2026-02-12	15:45:12.310	5.81	21.77	164.675	1.042368	0.149816	0.376248	0.1455	0.2475	-0.0195	0	288	232	3
2026-02-12	15:45:12.330	9.94	29.995	169.75	0.98576	-0.003416	0.314516	0.1455	0.2475	-0.0195	0	288	232	3
2026-02-12	15:45:12.350	54.32	37.415	172.2	1.046028	-0.030256	0.272304	0.0945	0.306	-0.03	0	288	232	3
2026-02-12	15:45:12.370	88.305	46.585	172.585	1.19316	-0.00366	0.21228	0.093	0.321	-0.024	0	288	232	3
2026-02-12	15:45:12.390	92.925	55.405	169.015	1.16144	0.23668	0.060268	0.081	0.3525	-0.033	0	288	232	3
2026-02-12	15:45:12.410	78.89	57.715	158.13	1.1285	0.2013	-0.005856	0.0645	0.3675	-0.0195	0	285	246	3
2026-02-12	15:45:12.430	79.1	57.12	150.605	1.195356	0.09028	0.005124	0.054	0.384	-0.027	0	285	246	3
2026-02-12	15:45:12.450	80.64	58.73	144.76	1.25294	0.011468	0.04758	0.045	0.408	-0.024	0	285	246	3
2026-02-12	15:45:12.470	74.48	61.845	140.665	1.25782	-0.020252	0.067588	0.0405	0.426	-0.036	0	285	246	3
2026-02-12	15:45:12.490	60.375	64.82	136.815	1.187792	-0.022936	0.070028	0.0345	0.4455	-0.0375	0	285	246	3
2026-02-12	15:45:12.510	38.955	63.315	127.785	1.07604	-0.043432	0.067832	0.0345	0.4545	-0.0405	0	285	246	3
2026-02-12	15:45:12.530	19.845	57.995	115.08	1.022604	-0.118584	0.117364	0.0345	0.4635	-0.0435	0	285	246	3
2026-02-12	15:45:12.550	8.715	55.125	104.895	1.01504	-0.230092	0.171288	0.0255	0.501	-0.057	0	285	246	3
2026-02-12	15:45:12.570	10.99	56.665	98.875	0.907192	-0.31354	0.177632	0.0285	0.5235	-0.057	0	285	246	3
2026-02-12	15:45:12.590	20.23	52.15	93.31	0.835944	-0.31232	0.172264	0.033	0.534	-0.063	0	285	246	3
2026-02-12	15:45:12.610	26.985	43.925	83.02	0.977952	-0.33428	0.198372	0.0255	0.54	-0.0855	0	283	242	3
2026-02-12	15:45:12.630	25.585	37.975	71.925	1.027484	-0.383568	0.237412	0.0255	0.5625	-0.0855	0	283	242	3
2026-02-12	15:45:12.650	15.505	34.3	67.585	0.959408	-0.428708	0.243024	0.0375	0.567	-0.0795	0	283	242	3
2026-02-12	15:45:12.670	12.215	30.205	65.765	0.899872	-0.430904	0.244976	0.03	0.5805	-0.084	0	283	242	3
2026-02-12	15:45:12.690	11.83	23.87	64.225	0.823988	-0.415532	0.231556	0.0315	0.5925	-0.09	0	283	242	3
2026-02-12	15:45:12.710	16.065	13.545	62.755	0.79178	-0.41236	0.217404	0.0345	0.597	-0.087	0	283	242	3
2026-02-12	15:45:12.730	30.065	-6.09	62.755	0.829844	-0.393572	0.237168	0.0375	0.6015	-0.084	0	283	242	3
2026-02-12	15:45:12.750	43.365	-26.46	65.52	0.854732	-0.362828	0.322324	0.0375	0.6015	-0.084	0	283	242	3
2026-02-12	15:45:12.770	48.825	-35.77	67.305	0.898164	-0.333548	0.372588	0.0345	0.6345	-0.096	0	283	242	3
2026-02-12	15:45:12.790	50.96	-39.41	66.92	0.9211	-0.27206	0.372832	0.0465	0.633	-0.0855	0	283	242	3
2026-02-12	15:45:12.810	46.235	-42.28	60.9	0.940376	-0.228872	0.35014	0.039	0.6465	-0.0885	0	280	234	3
2026-02-12	15:45:12.830	37.065	-46.2	49.525	0.974292	-0.230336	0.334036	0.042	0.6495	-0.075	0	280	234	3
2026-02-12	15:45:12.850	28.63	-50.015	35.63	1.01382	-0.250588	0.334036	0.0435	0.657	-0.0735	0	280	234	3
2026-02-12	15:45:12.870	19.95	-50.75	19.95	1.015284	-0.234728	0.315736	0.0405	0.6705	-0.063	0	280	234	3
2026-02-12	15:45:12.890	3.675	-49.77	2.66	0.937936	-0.080764	0.262544	0.045	0.675	-0.0525	0	280	234	3
2026-02-12	15:45:12.910	-38.185	-51.73	-26.25	0.869372	0.261324	0.201788	0.0435	0.666	-0.0525	0	280	234	3
2026-02-12	15:45:12.930	-111.23	-51.17	-67.83	0.903044	0.327936	0.11834	0.039	0.666	-0.048	0	280	234	3
2026-02-12	15:45:12.950	-201.6	-41.965	-123.13	1.07238	0.039284	0.111264	0.0345	0.666	-0.0435	0	280	234	3
2026-02-12	15:45:12.970	-219.065	-26.425	-148.225	1.067012	-0.175192	0.125416	0.0345	0.666	-0.0435	0	280	234	3
2026-02-12	15:45:12.990	-212.73	-7.49	-163.975	0.99552	-0.188856	0.131272	0.0255	0.6285	-0.0015	0	280	234	3
2026-02-12	15:45:13.010	-193.97	12.88	-175.07	0.955748	-0.230092	0.091988	0.0165	0.6015	0	0	277	231	2
2026-02-12	15:45:13.030	-152.985	29.33	-182.315	0.967216	-0.243756	0.073444	0.0165	0.5805	-0.0045	0	277	231	2
2026-02-12	15:45:13.050	-97.79	40.39	-186.865	1.047492	-0.275476	0.013664	0.0195	0.555	-0.0015	0	277	231	2
2026-02-12	15:45:13.070	-44.415	43.61	-188.825	1.143384	-0.234728	-0.028548	0.021	0.531	-0.018	0	277	231	2
2026-02-12	15:45:13.090	-5.915	39.655	-191.94	1.256356	-0.213256	-0.029036	0.0165	0.498	-0.021	0	277	231	2
2026-02-12	15:45:13.110	19.6	31.85	-191.66	1.348344	-0.22448	0.011712	0.021	0.4725	-0.0255	0	277	231	2
2026-02-12	15:45:13.130	33.81	19.145	-187.32	1.43716	-0.202764	0.066856	0.036	0.4425	-0.03	0	277	231	2
2026-02-12	15:45:13.150	34.125	3.815	-175.84	1.399096	-0.191296	0.1281	0.0405	0.429	-0.03	0	277	231	2
2026-02-12	15:45:13.170	17.325	-16.485	-152.53	1.248548	-0.116876	0.174216	0.0465	0.417	-0.0315	0	277	231	2
2026-02-12	15:45:13.190	-17.78	-32.585	-135.94	1.013088	0.02318	-0.010736	0.0645	0.3675	-0.0255	0	277	231	2
2026-02-12	15:45:13.210	-99.26	-64.96	-126.56	0.814228	0.194712	-0.309392	0.072	0.351	-0.0255	0	274	211	3
2026-02-12	15:45:13.230	-177.835	-93.24	-134.085	1.041392	0.00122	-0.35502	0.09	0.327	-0.03	0	274	211	3
2026-02-12	15:45:13.250	-174.93	-98.63	-141.96	1.29198	-0.325496	-0.296948	0.087	0.315	-0.0315	0	274	211	3
2026-02-12	15:45:13.270	-137.305	-95.865	-140.77	1.325896	-0.424804	-0.121512	0.105	0.303	-0.024	0	274	211	3
2026-02-12	15:45:13.290	-95.655	-84.98	-135.905	1.151924	-0.505568	0.033916	0.1215	0.285	-0.0345	0	274	211	3
2026-02-12	15:45:13.310	-50.295	-77.105	-128.94	1.059448	-0.498492	0.128832	0.1215	0.2775	-0.036	0	274	211	3
2026-02-12	15:45:13.330	-0.805	-75.845	-117.46	1.004792	-0.57706	0.172752	0.1455	0.264	-0.0285	0	274	211	3
2026-02-12	15:45:13.350	67.865	-80.745	-98.385	0.95404	-0.63074	0.358436	0.153	0.2535	-0.0225	0	274	211	3
2026-02-12	15:45:13.370	108.92	-87.5	-57.96	1.098976	-0.462624	0.628056	0.153	0.2535	-0.0225	0	274	211	3
2026-02-12	15:45:13.390	82.74	-82.355	-12.32	1.306864	-0.409676	0.797636	0.153	0.2535	-0.0225	0	274	211	3
2026-02-12	15:45:13.410	47.6	-62.195	23.065	1.138748	-0.21716	0.747616	0.171	0.2325	0.0405	0	274	181	3
2026-02-12	15:45:13.430	10.57	-38.465	51.17	0.961116	-0.122488	0.561444	0.1665	0.2415	0.048	0	274	181	3
2026-02-12	15:45:13.450	-18.095	-19.95	66.29	1.041636	-0.045872	0.405528	0.156	0.243	0.0585	0	274	181	3
2026-02-12	15:45:13.470	-43.19	-2.66	73.22	1.168028	-0.066856	0.298656	0.147	0.2535	0.0645	0	274	181	3
2026-02-12	15:45:13.490	-55.055	13.23	82.285	1.20658	-0.137128	0.240828	0.147	0.2625	0.06	0	274	181	3
2026-02-12	15:45:13.510	-52.605	25.9	93.555	1.198772	-0.130052	0.200568	0.132	0.2655	0.0495	0	274	181	3
2026-02-12	15:45:13.530	-46.025	33.985	102.025	1.136552	-0.066856	0.207888	0.132	0.2745	0.0435	0	274	181	3
2026-02-12	15:45:13.550	-38.64	38.395	107.52	1.095072	-0.044652	0.241316	0.1125	0.2955	0.0405	0	274	181	3
2026-02-12	15:45:13.570	-32.025	39.69	111.615	1.10898	-0.05978	0.207888	0.0945	0.3045	0.027	0	274	181	3
2026-02-12	15:45:13.590	-16.065	37.695	120.365	1.052372	-0.160064	0.157624	0.0945	0.3045	0.027	0	274	181	3
2026-02-12	15:45:13.610	1.82	34.93	127.82	1.080676	-0.175436	0.139324	0.0945	0.3045	0.027	0	278	182	3
2026-02-12	15:45:13.630	16.695	35.385	132.405	1.12606	-0.112728	0.0854	0.072	0.3345	0.0165	0	278	182	3
2026-02-12	15:45:13.650	22.54	36.295	135.205	1.093608	-0.071736	-0.0122	0.054	0.354	0.018	0	278	182	3
2026-02-12	15:45:13.670	36.54	34.72	136.15	1.098488	-0.17446	-0.129564	0.0525	0.375	0.012	0	278	182	3
2026-02-12	15:45:13.690	77.49	32.865	134.61	1.217316	-0.287432	-0.201544	0.039	0.399	0.018	0	278	182	3
2026-02-12	15:45:13.710	120.54	35.28	132.86	1.304668	-0.301828	-0.208376	0.0375	0.414	0.0075	0	278	182	3
2026-02-12	15:45:13.730	151.06	42.84	133.595	1.275144	-0.394548	-0.186904	0.03	0.4335	0.0135	0	278	182	3
2026-02-12	15:45:13.750	206.045	54.46	134.96	1.214388	-0.449448	-0.221308	0.03	0.4545	0.0225	0	278	182	3
2026-02-12	15:45:13.770	245.56	61.775	132.405	1.22488	-0.295728	-0.234972	0.018	0.4785	0.021	0	278	182	3
2026-02-12	15:45:13.790	242.165	62.79	124.6	1.180716	-0.229116	-0.1647	0.0165	0.5055	0.0135	0	278	182	3
2026-02-12	15:45:13.810	192.29	63.56	113.96	1.038464	-0.23546	0.010736	0.0165	0.5055	0.0135	0	282	170	3
2026-02-12	15:45:13.830	152.74	63.07	107.94	1.00406	-0.238632	0.033428	0.021	0.543	0.0045	0	282	170	3
2026-02-12	15:45:13.850	118.65	60.27	98.735	1.164612	-0.284016	0.041968	0.012	0.561	-0.0135	0	282	170	3
2026-02-12	15:45:13.870	93.695	66.955	92.015	1.058716	-0.314516	0.033672	0.021	0.5745	-0.0105	0	282	170	3
2026-02-12	15:45:13.890	68.81	67.48	88.725	0.928176	-0.291336	0.046604	0.0255	0.588	-0.018	0	282	170	3
2026-02-12	15:45:13.910	47.04	63.035	84.21	0.880108	-0.309392	0.038064	0.0255	0.6	-0.0345	0	282	170	3
2026-02-12	15:45:13.930	38.745	53.97	78.015	0.923296	-0.329644	0.019764	0.0285	0.612	-0.054	0	282	170	3
2026-02-12	15:45:13.950	35.63	42.42	72.205	0.945012	-0.304512	0.022936	0.039	0.6285	-0.051	0	282	170	3
2026-02-12	15:45:13.970	27.125	30.415	66.85	0.916952	-0.265228	0.055632	0.0375	0.642	-0.0615	0	282	170	3
2026-02-12	15:45:13.990	10.885	17.01	60.375	0.903288	-0.212768	0.083692	0.039	0.6375	-0.069	0	282	170	3
2026-02-12	15:45:14.010	-15.54	-2.45	50.575	0.933544	-0.20618	0.178608	0.039	0.654	-0.072	0	284	138	3
2026-02-12	15:45:14.030	-28.105	-11.025	43.925	0.9516	-0.177144	0.197152	0.039	0.654	-0.072	0	284	138	3
2026-02-12	15:45:14.050	-32.41	-17.29	32.55	0.9516	-0.1098	0.196908	0.0435	0.669	-0.063	0	284	138	3
2026-02-12	15:45:14.070	-30.975	-22.715	15.12	0.967704	-0.127612	0.20862	0.0495	0.669	-0.063	0	284	138	3
2026-02-12	15:45:14.090	-20.055	-27.125	-3.5	1.013088	-0.208864	0.248392	0.051	0.6675	-0.0675	0	284	138	3
2026-02-12	15:45:14.110	0.175	-30.625	-19.6	1.06628	-0.290604	0.28426	0.054	0.6825	-0.0555	0	284	138	3
2026-02-12	15:45:14.130	19.81	-30.24	-30.345	0.999424	-0.259372	0.276208	0.0405	0.669	-0.0555	0	284	138	3
2026-02-12	15:45:14.150	26.88	-30.03	-37.31	0.881084	-0.120048	0.252296	0.045	0.666	-0.0465	0	284	138	3
2026-02-12	15:45:14.170	22.89	-31.675	-44.94	0.77958	0.013908	0.230336	0.0435	0.657	-0.0435	0	284	138	3
2026-02-12	15:45:14.190	17.92	-35.7	-54.075	0.790072	0.013664	0.223748	0.0465	0.6615	-0.0375	0	284	138	3
2026-02-12	15:45:14.210	19.495	-40.11	-62.265	0.8784	-0.028792	0.233264	0.036	0.6435	-0.0345	0	282	122	2
2026-02-12	15:45:14.230	18.585	-44.555	-75.075	1.019432	-0.007808	0.241072	0.0315	0.6315	-0.036	0	282	122	2
2026-02-12	15:45:14.250	8.645	-44.1	-83.545	1.060424	-0.047336	0.236924	0.027	0.6315	-0.0345	0	282	122	2
2026-02-12	15:45:14.270	1.19	-44.345	-89.285	1.050908	-0.070028	0.236436	0.033	0.6105	-0.024	0	282	122	2
2026-02-12	15:45:14.290	-2.835	-47.88	-96.32	1.073112	-0.064416	0.233264	0.0285	0.594	-0.012	0	282	122	2
2026-02-12	15:45:14.310	-10.85	-49.595	-103.25	1.029924	-0.087596	0.231556	0.024	0.588	-0.003	0	282	122	2
2026-02-12	15:45:14.330	-16.975	-50.295	-108.64	0.956968	-0.141764	0.256444	0.0225	0.5715	-0.0015	0	282	122	2
2026-02-12	15:45:14.350	-16.59	-50.96	-111.825	0.907192	-0.178852	0.265472	0.021	0.5565	0.0015	0	282	122	2
2026-02-12	15:45:14.370	-13.23	-52.815	-114.66	0.8845	-0.198616	0.259372	0.0315	0.5325	0.0105	0	282	122	2
2026-02-12	15:45:14.390	-8.925	-55.93	-117.95	0.889868	-0.207644	0.251808	0.015	0.5145	0.024	0	282	122	2
2026-02-12	15:45:14.410	-5.425	-60.165	-122.5	0.929152	-0.222528	0.272792	0.024	0.504	0.027	0	277	135	2
2026-02-12	15:45:14.430	-2.275	-62.405	-126	0.981124	-0.247904	0.314272	0.0285	0.4935	0.0405	0	277	135	2
2026-02-12	15:45:14.450	5.81	-60.41	-125.02	1.050908	-0.282064	0.365512	0.039	0.468	0.045	0	277	135	2
2026-02-12	15:45:14.470	9.17	-56.77	-118.79	1.048468	-0.278892	0.361364	0.042	0.4485	0.0525	0	277	135	2
2026-02-12	15:45:14.490	7.035	-54.075	-110.845	1.057252	-0.253516	0.35258	0.0465	0.4365	0.0585	0	277	135	2
2026-02-12	15:45:14.510	1.225	-49.455	-101.57	1.082384	-0.244732	0.384544	0.045	0.414	0.063	0	277	135	2
2026-02-12	15:45:14.530	-5.075	-43.365	-89.46	1.0553	-0.224968	0.420656	0.0645	0.402	0.078	0	277	135	2
2026-02-12	15:45:14.550	-15.89	-39.83	-75.635	0.993324	-0.192272	0.4209	0.069	0.393	0.084	0	277	135	2
2026-02-12	15:45:14.570	-29.12	-39.235	-60.13	0.9455	-0.177388	0.421388	0.0705	0.384	0.0885	0	277	135	2
2026-02-12	15:45:14.590	-41.02	-39.76	-45.85	0.9516	-0.175192	0.4453	0.078	0.378	0.1035	0	277	135	2
2026-02-12	15:45:14.610	-51.73	-39.305	-32.375	0.97966	-0.187636	0.468724	0.0885	0.3645	0.099	0	268	173	3
2026-02-12	15:45:14.630	-58.17	-38.885	-21.245	1.087264	-0.19886	0.488976	0.0855	0.3675	0.0975	0	268	173	3
2026-02-12	15:45:14.650	-56.245	-35.385	-11.06	1.1773	-0.285968	0.55998	0.087	0.3585	0.1005	0	268	173	3
2026-02-12	15:45:14.670	-29.75	-24.815	-1.75	1.214388	-0.4331	0.699548	0.0945	0.3645	0.099	0	268	173	3
2026-02-12	15:45:14.690	12.46	-9.555	7.21	1.288808	-0.421388	0.69662	0.0915	0.354	0.0945	0	268	173	3
2026-02-12	15:45:14.710	35.14	5.915	18.83	1.372256	-0.285236	0.538508	0.084	0.3585	0.099	0	268	173	3
2026-02-12	15:45:14.730	20.51	21.175	30.485	1.361764	-0.20008	0.35502	0.0885	0.36	0.102	0	268	173	3
2026-02-12	15:45:14.750	-4.655	34.825	44.66	1.218536	-0.21106	0.235704	0.087	0.3645	0.0945	0	268	173	3
2026-02-12	15:45:14.770	-10.99	41.055	61.53	1.091656	-0.211792	0.191052	0.081	0.3675	0.102	0	268	173	3
2026-02-12	15:45:14.790	-2.275	43.26	78.61	1.052616	-0.177876	0.192028	0.0705	0.3705	0.0975	0	268	173	3
2026-02-12	15:45:14.810	1.575	44.835	93.975	1.096292	-0.12078	0.212768	0.0705	0.384	0.0795	0	260	229	3
2026-02-12	15:45:14.830	-8.26	49.07	107.345	1.084336	-0.074664	0.2196	0.0585	0.399	0.0915	0	260	229	3
2026-02-12	15:45:14.850	-26.11	48.37	118.44	1.065548	-0.034648	0.192272	0.066	0.411	0.072	0	260	229	3
2026-02-12	15:45:14.870	-57.68	45.465	130.76	1.040416	-0.066612	0.151524	0.0465	0.432	0.0615	0	260	229	3
2026-02-12	15:45:14.890	-73.255	42	137.41	1.077504	-0.138836	0.146156	0.0465	0.4425	0.054	0	260	229	3
2026-02-12	15:45:14.910	-83.16	39.06	144.305	1.069696	-0.212036	0.141764	0.0405	0.4665	0.0525	0	260	229	3
2026-02-12	15:45:14.930	-84.035	36.785	149.765	1.02724	-0.26108	0.131028	0.042	0.4845	0.0435	0	260	229	3
2026-02-12	15:45:14.950	-67.41	35.105	150.43	1.078724	-0.311832	0.127124	0.0285	0.5055	0.036	0	260	229	3
2026-02-12	15:45:14.970	-35.98	35.245	145.18	1.21756	-0.299388	0.095648	0.0285	0.531	0.0285	0	260	229	3
2026-02-12	15:45:14.990	-9.94	40.075	138.005	1.121424	-0.262788	0.05368	0.0285	0.552	0.027	0	260	229	3
2026-02-12	15:45:15.010	11.9	40.285	129.255	1.027972	-0.275232	0.023668	0.027	0.5775	0.024	0	252	257	3
2026-02-12	15:45:15.030	31.43	37.835	118.755	0.976244	-0.338916	0.0122	0.0405	0.5955	0.0105	0	252	257	3
2026-02-12	15:45:15.050	49	34.72	109.55	0.970144	-0.393328	0.017812	0.033	0.6075	0.003	0	252	257	3
2026-02-12	15:45:15.070	65.03	29.645	100.065	0.960628	-0.375516	0.061	0.036	0.621	-0.0015	0	252	257	3
2026-02-12	15:45:15.090	75.6	25.06	90.44	0.925492	-0.341112	0.110288	0.036	0.621	-0.0015	0	252	257	3
2026-02-12	15:45:15.110	79.8	22.26	82.355	0.884256	-0.323544	0.141764	0.045	0.657	-0.0075	0	252	257	3
2026-02-12	15:45:15.130	79.975	19.74	73.185	0.865468	-0.323056	0.155184	0.0465	0.6645	-0.0225	0	252	257	3
2026-02-12	15:45:15.150	76.965	16.31	63.77	0.876936	-0.340868	0.169092	0.0525	0.6735	-0.0255	0	252	257	3
2026-02-12	15:45:15.170	72.625	12.635	56.07	0.856928	-0.346968	0.17812	0.051	0.6795	-0.0375	0	252	257	3
2026-02-12	15:45:15.190	67.865	8.505	48.615	0.847656	-0.32452	0.18178	0.048	0.6825	-0.0375	0	252	257	3
2026-02-12	15:45:15.210	62.86	5.355	40.075	0.846924	-0.317688	0.179584	0.0645	0.6885	-0.0375	0	246	246	3
2026-02-12	15:45:15.230	61.25	2.38	31.115	0.87474	-0.309392	0.188612	0.0645	0.6945	-0.045	0	246	246	3
2026-02-12	15:45:15.250	63	0.35	21.875	0.90158	-0.287432	0.199836	0.0675	0.693	-0.051	0	246	246	3
2026-02-12	15:45:15.270	62.86	-0.77	12.985	0.872544	-0.271328	0.203008	0.0645	0.705	-0.048	0	246	246	3
2026-02-12	15:45:15.290	64.47	-3.045	1.855	0.878156	-0.257908	0.221552	0.0645	0.699	-0.054	0	246	246	3
2026-02-12	15:45:15.310	67.165	-5.355	-9.87	0.9211	-0.21594	0.24156	0.0675	0.6975	-0.057	0	246	246	3
2026-02-12	15:45:15.330	60.655	-7.315	-21.035	0.941596	-0.16836	0.234972	0.072	0.696	-0.0615	0	246	246	3
2026-02-12	15:45:15.350	46.865	-11.585	-34.09	0.998936	-0.14518	0.227408	0.057	0.6855	-0.0705	0	246	246	3
2026-02-12	15:45:15.370	30.905	-16.345	-47.985	1.045784	-0.142496	0.243268	0.0615	0.6855	-0.063	0	246	246	3
2026-02-12	15:45:15.390	14.56	-19.53	-61.005	1.045296	-0.111996	0.275476	0.069	0.6795	-0.0615	0	246	246	3
2026-02-12	15:45:15.410	-4.165	-18.69	-71.05	0.987224	-0.091744	0.30744	0.063	0.669	-0.066	0	239	227	2
2026-02-12	15:45:15.430	-21.035	-16.555	-77.14	0.906948	-0.071736	0.317688	0.0615	0.657	-0.057	0	239	227	2
2026-02-12	15:45:15.450	-33.81	-16.345	-80.29	0.84546	-0.08174	0.283284	0.048	0.645	-0.054	0	239	227	2
2026-02-12	15:45:15.470	-40.635	-18.34	-81.235	0.820084	-0.102968	0.24888	0.051	0.6405	-0.051	0	239	227	2
2026-02-12	15:45:15.490	-40.6	-22.575	-81.375	0.855464	-0.115412	0.230092	0.048	0.6225	-0.054	0	239	227	2
2026-02-12	15:45:15.510	-36.26	-28.7	-82.845	0.944768	-0.11834	0.21716	0.0495	0.6225	-0.051	0	239	227	2
2026-02-12	15:45:15.530	-32.865	-32.2	-85.68	1.041636	-0.128588	0.24034	0.0435	0.6105	-0.0435	0	239	227	2
2026-02-12	15:45:15.550	-32.41	-33.775	-88.445	1.070916	-0.151036	0.262544	0.0375	0.5985	-0.036	0	239	227	2
2026-02-12	15:45:15.570	-33.495	-35.28	-92.61	1.119472	-0.15738	0.281088	0.033	0.5895	-0.033	0	239	227	2
2026-02-12	15:45:15.590	-37.835	-36.505	-99.435	1.145092	-0.1525	0.297924	0.045	0.5715	-0.0255	0	239	227	2
2026-02-12	15:45:15.610	-50.19	-36.365	-106.855	1.093608	-0.143716	0.297436	0.033	0.5535	-0.021	0	232	221	3
2026-02-12	15:45:15.630	-70.77	-37.8	-113.575	1.024556	-0.136152	0.273768	0.036	0.543	-0.0195	0	232	221	3
2026-02-12	15:45:15.650	-93.275	-40.53	-120.26	0.979172	-0.168116	0.254004	0.039	0.534	-0.018	0	232	221	3
2026-02-12	15:45:15.670	-106.82	-43.855	-127.19	0.976244	-0.198372	0.247904	0.045	0.5175	-0.015	0	232	221	3
2026-02-12	15:45:15.690	-113.75	-47.11	-133.91	0.992348	-0.226676	0.260348	0.042	0.504	-0.003	0	232	221	3
2026-02-12	15:45:15.710	-113.365	-49.035	-139.265	0.999912	-0.259616	0.268888	0.0405	0.483	0.003	0	232	221	3
2026-02-12	15:45:15.730	-103.81	-51.415	-145.74	0.97844	-0.285724	0.254492	0.0405	0.483	0.003	0	232	221	3
2026-02-12	15:45:15.750	-92.785	-53.585	-150.64	0.996496	-0.33672	0.278404	0.0465	0.4545	0.0045	0	232	221	3
2026-02-12	15:45:15.770	-73.885	-55.02	-155.015	1.038708	-0.392108	0.321104	0.054	0.426	0.006	0	232	221	3
2026-02-12	15:45:15.790	-53.655	-55.055	-154.42	0.9943	-0.420412	0.367708	0.0645	0.4035	0.0045	0	232	221	3
2026-02-12	15:45:15.810	-30.1	-54.67	-146.79	0.978928	-0.452132	0.414556	0.0795	0.381	0.0105	0	222	231	3
2026-02-12	15:45:15.830	-3.92	-53.48	-133.455	0.959652	-0.444568	0.427976	0.0825	0.354	0.027	0	222	231	3
2026-02-12	15:45:15.850	18.34	-54.88	-115.5	0.957212	-0.403088	0.429684	0.0915	0.3495	0.0255	0	222	231	3
2026-02-12	15:45:15.870	48.37	-57.4	-98.35	1.084336	-0.448228	0.51118	0.1005	0.327	0.027	0	222	231	3
2026-02-12	15:45:15.890	100.765	-47.32	-80.85	1.250744	-0.636596	0.758596	0.1125	0.3165	0.0375	0	222	231	3
2026-02-12	15:45:15.910	168.84	-19.74	-48.86	1.228052	-0.660508	0.801784	0.1215	0.3075	0.051	0	222	231	3
2026-02-12	15:45:15.930	189.28	0.805	-0.49	1.267092	-0.342332	0.565836	0.1305	0.312	0.069	0	222	231	3
2026-02-12	15:45:15.950	119.945	17.675	38.605	1.334192	-0.17934	0.376736	0.126	0.3165	0.09	0	222	231	3
2026-02-12	15:45:15.970	56.875	33.32	63.49	1.31394	-0.153964	0.307684	0.117	0.3225	0.108	0	222	231	3
2026-02-12	15:45:15.990	28.14	41.965	89.11	1.225856	-0.077592	0.269376	0.1125	0.324	0.105	0	222	231	3
2026-02-12	15:45:16.010	18.83	47.32	112.63	1.134356	0.027816	0.274012	0.111	0.3405	0.108	0	215	262	3
2026-02-12	15:45:16.030	-4.41	49.28	129.36	1.053104	0.108336	0.270352	0.105	0.3525	0.102	0	215	262	3
2026-02-12	15:45:16.050	-45.185	47.495	136.71	0.988932	0.096136	0.270596	0.093	0.3645	0.0945	0	215	262	3
2026-02-12	15:45:16.070	-87.745	42.595	140.735	0.970632	0.009516	0.282064	0.087	0.375	0.087	0	215	262	3
2026-02-12	15:45:16.090	-123.69	35.595	148.19	1.008452	-0.133956	0.284748	0.0765	0.396	0.075	0	215	262	3
2026-02-12	15:45:16.110	-147.735	32.13	160.335	1.03212	-0.257664	0.27694	0.0885	0.4125	0.0645	0	215	262	3
2026-02-12	15:45:16.130	-158.935	34.615	172.515	1.059692	-0.320372	0.241804	0.06	0.444	0.048	0	215	262	3
2026-02-12	15:45:16.150	-160.3	37.24	183.89	1.157536	-0.33794	0.15616	0.0585	0.453	0.0375	0	215	262	3
2026-02-12	15:45:16.170	-147.455	35.875	186.025	1.192428	-0.30012	0.112972	0.0495	0.4755	0.03	0	215	262	3
2026-02-12	15:45:16.190	-121.1	33.53	184.205	1.151192	-0.312076	0.071736	0.042	0.516	0.0165	0	215	262	3
2026-02-12	15:45:16.210	-79.135	29.47	177.765	1.154608	-0.357704	0.050264	0.0435	0.5325	0.0105	0	213	286	3
2026-02-12	15:45:16.230	-28.77	26.705	167.125	1.172664	-0.406748	0.035136	0.039	0.5595	0.006	0	213	286	3
2026-02-12	15:45:16.250	17.01	26.845	157.22	1.137772	-0.437736	0.026108	0.036	0.5805	0.003	0	213	286	3
2026-02-12	15:45:16.270	48.965	26.46	148.61	1.10898	-0.430172	0.022936	0.0495	0.6045	0.006	0	213	286	3
2026-02-12	15:45:16.290	67.795	25.13	139.125	1.068964	-0.40382	0.03294	0.0585	0.63	-0.009	0	213	286	3
2026-02-12	15:45:16.310	78.19	23.555	127.785	1.028216	-0.383812	0.056364	0.0435	0.651	-0.015	0	213	286	3
2026-02-12	15:45:16.330	83.23	22.12	115.08	0.983808	-0.3721	0.091012	0.06	0.6675	-0.0195	0	213	286	3
2026-02-12	15:45:16.350	77.63	20.825	98.945	0.937448	-0.352336	0.115412	0.0615	0.6705	-0.03	0	213	286	3
2026-02-12	15:45:16.370	59.325	19.215	83.23	0.885476	-0.333792	0.114192	0.0615	0.6705	-0.03	0	213	286	3
2026-02-12	15:45:16.390	42.385	17.325	70.945	0.844484	-0.339404	0.107848	0.0675	0.6885	-0.0345	0	213	286	3
2026-02-12	15:45:16.410	31.64	14.735	59.115	0.808616	-0.345748	0.095648	0.0765	0.711	-0.045	0	214	273	3
2026-02-12	15:45:16.430	26.705	11.445	47.11	0.78568	-0.351848	0.096136	0.081	0.717	-0.051	0	214	273	3
2026-02-12	15:45:16.450	28	8.295	35.595	0.761768	-0.356728	0.103944	0.0795	0.723	-0.0495	0	214	273	3
2026-02-12	15:45:16.470	36.54	4.865	24.745	0.735416	-0.357704	0.116144	0.078	0.7245	-0.054	0	214	273	3
2026-02-12	15:45:16.490	49.595	0.595	13.93	0.732976	-0.341112	0.134932	0.0795	0.7275	-0.0555	0	214	273	3
2026-02-12	15:45:16.510	63.665	-3.64	1.015	0.771528	-0.337696	0.15982	0.087	0.7335	-0.0525	0	214	273	3
2026-02-12	15:45:16.530	79.73	-6.02	-12.565	0.802516	-0.345504	0.195444	0.084	0.729	-0.0675	0	214	273	3
2026-02-12	15:45:16.550	100.555	-7.56	-24.815	0.840092	-0.355508	0.232532	0.0825	0.72	-0.0645	0	214	273	3
2026-02-12	15:45:16.570	128.345	-10.815	-39.41	0.909388	-0.315736	0.244732	0.0855	0.7155	-0.066	0	214	273	3
2026-02-12	15:45:16.590	142.205	-16.73	-56.49	1.0065	-0.243268	0.247416	0.078	0.7095	-0.075	0	214	273	3
2026-02-12	15:45:16.610	138.565	-22.785	-71.505	1.051152	-0.228872	0.279624	0.0735	0.69	-0.0855	0	216	243	3
2026-02-12	15:45:16.630	131.215	-27.825	-82.6	1.036512	-0.229848	0.33184	0.0735	0.672	-0.09	0	216	243	3
2026-02-12	15:45:16.650	130.515	-19.25	-87.325	1.015284	-0.278648	0.40138	0.0705	0.666	-0.0915	0	216	243	3
2026-02-12	15:45:16.670	153.895	-6.125	-85.19	0.842044	-0.357216	0.38552	0.057	0.6495	-0.096	0	216	243	3
2026-02-12	15:45:16.690	184.1	-21.21	-76.51	0.7564	-0.158356	0.36356	0.066	0.6315	-0.1005	0	216	243	3
2026-02-12	15:45:16.710	178.815	-34.86	-67.41	0.726876	-0.070028	0.335256	0.045	0.621	-0.0945	0	216	243	3
2026-02-12	15:45:16.730	155.715	-51.415	-62.65	0.798368	-0.010248	0.34404	0.0555	0.5925	-0.0945	0	216	243	3
2026-02-12	15:45:16.750	127.68	-68.74	-65.24	0.938668	0.05856	0.393084	0.0525	0.5745	-0.0855	0	216	243	3
2026-02-12	15:45:16.770	90.755	-80.535	-71.505	1.02968	0.081496	0.43432	0.048	0.567	-0.0765	0	216	243	3
2026-02-12	15:45:16.790	26.565	-87.43	-79.135	1.083116	0.055876	0.470676	0.0465	0.5505	-0.069	0	216	243	3
2026-02-12	15:45:16.810	-14.805	-88.9	-84.77	1.122644	0.044408	0.4819	0.039	0.537	-0.0555	0	219	235	3
2026-02-12	15:45:16.830	-62.3	-83.23	-89.495	1.125816	-0.014396	0.458232	0.033	0.5205	-0.0405	0	219	235	3
2026-02-12	15:45:16.850	-101.71	-70.91	-91.63	1.081408	-0.068076	0.3965	0.039	0.5115	-0.0315	0	219	235	3
2026-02-12	15:45:16.870	-125.615	-61.145	-90.58	1.014796	-0.109556	0.33672	0.0435	0.5055	-0.027	0	219	235	3
2026-02-12	15:45:16.890	-133.315	-54.25	-86.905	0.964044	-0.147864	0.297924	0.039	0.495	-0.03	0	219	235	3
2026-02-12	15:45:16.910	-126.21	-50.925	-83.44	0.941596	-0.147132	0.28792	0.042	0.4785	-0.0165	0	219	235	3
2026-02-12	15:45:16.930	-121.17	-50.54	-81.585	0.931836	-0.134932	0.295484	0.0405	0.4665	-0.0105	0	219	235	3
2026-02-12	15:45:16.950	-123.34	-49.665	-81.06	0.937448	-0.152256	0.305244	0.051	0.4605	-0.0105	0	219	235	3
2026-02-12	15:45:16.970	-126.28	-48.86	-81.585	0.940132	-0.167872	0.31476	0.0525	0.456	-0.006	0	219	235	3
2026-02-12	15:45:16.990	-129.29	-48.195	-82.67	0.940376	-0.178852	0.3233	0.0555	0.4425	0	0	219	235	3
2026-02-12	15:45:17.010	-133.735	-45.57	-85.68	0.934032	-0.189588	0.336232	0.0555	0.4425	0	0	221	254	3
2026-02-12	15:45:17.030	-135.205	-43.05	-88.41	0.92842	-0.196176	0.337208	0.0585	0.426	0.0015	0	221	254	3
2026-02-12	15:45:17.050	-134.435	-41.335	-90.09	0.90158	-0.202276	0.3294	0.0645	0.4035	-0.0015	0	221	254	3
2026-02-12	15:45:17.070	-129.045	-41.02	-90.335	0.880352	-0.222528	0.328912	0.0705	0.3945	-0.006	0	221	254	3
2026-02-12	15:45:17.090	-115.255	-41.93	-88.305	0.854488	-0.251564	0.345016	0.0735	0.393	-0.0045	0	221	254	3
2026-02-12	15:45:17.110	-93.73	-44.87	-85.47	0.846924	-0.273524	0.373564	0.0735	0.378	-0.0045	0	221	254	3
2026-02-12	15:45:17.130	-68.81	-48.475	-83.23	0.881816	-0.288408	0.412848	0.0795	0.369	-0.012	0	221	254	3
2026-02-12	15:45:17.150	-44.38	-49.63	-79.555	0.916952	-0.300608	0.456036	0.0885	0.354	-0.0105	0	221	254	3
2026-02-12	15:45:17.170	-19.11	-48.79	-73.255	1.012844	-0.282308	0.49776	0.0885	0.3525	-0.0075	0	221	254	3
2026-02-12	15:45:17.190	2.205	-47.565	-67.865	1.14436	-0.258884	0.533628	0.1035	0.3465	-0.0015	0	221	254	3
2026-02-12	15:45:17.210	18.655	-42.63	-61.32	1.241228	-0.295728	0.643428	0.0885	0.333	0	0	219	285	3
2026-02-12	15:45:17.230	38.57	-29.4	-49.63	1.286368	-0.347944	0.721508	0.096	0.327	0.0105	0	219	285	3
2026-02-12	15:45:17.250	51.17	-16.24	-35.385	1.30174	-0.316712	0.668804	0.1035	0.318	0.0225	0	219	285	3
2026-02-12	15:45:17.270	46.655	-1.855	-17.64	1.291736	-0.28182	0.554856	0.111	0.312	0.024	0	219	285	3
2026-02-12	15:45:17.290	34.37	10.605	4.34	1.266116	-0.276696	0.444812	0.12	0.312	0.03	0	219	285	3
2026-02-12	15:45:17.310	26.425	21.14	30.765	1.175348	-0.269132	0.370148	0.123	0.315	0.0345	0	219	285	3
2026-02-12	15:45:17.330	28.07	28.595	58.8	1.059936	-0.203496	0.322568	0.105	0.3165	0.03	0	219	285	3
2026-02-12	15:45:17.350	30.73	33.53	84.665	0.977952	-0.133224	0.30012	0.108	0.3255	0.033	0	219	285	3
2026-02-12	15:45:17.370	29.47	37.1	106.4	0.939888	-0.08052	0.277184	0.1035	0.321	0.0315	0	219	285	3
2026-02-12	15:45:17.390	19.46	38.745	122.01	0.940376	-0.04636	0.262788	0.099	0.3315	0.0345	0	219	285	3
2026-02-12	15:45:17.410	1.715	39.69	132.3	0.949892	-0.047336	0.2562	0.09	0.3525	0.018	0	217	323	3
2026-02-12	15:45:17.430	-27.895	41.055	143.36	0.99064	-0.107848	0.244976	0.0705	0.369	0.015	0	217	323	3
2026-02-12	15:45:17.450	-41.195	42.245	149.38	1.006988	-0.17324	0.247904	0.06	0.3855	0.0105	0	217	323	3
2026-02-12	15:45:17.470	-47.32	44.17	152.915	1.027972	-0.232532	0.244488	0.0495	0.408	0.003	0	217	323	3
2026-02-12	15:45:17.490	-49.98	47.005	153.93	1.057252	-0.288652	0.24522	0.048	0.435	-0.006	0	217	323	3
2026-02-12	15:45:17.510	-36.68	51.345	150.885	1.152412	-0.366976	0.250832	0.0405	0.462	-0.0165	0	217	323	3
2026-02-12	15:45:17.530	-10.465	55.58	146.055	1.156804	-0.366732	0.228628	0.036	0.468	-0.018	0	217	323	3
2026-02-12	15:45:17.550	17.22	56.875	138.705	1.141432	-0.349408	0.19398	0.036	0.4965	-0.036	0	217	323	3
2026-02-12	15:45:17.570	42.35	56.105	128.03	1.210728	-0.348676	0.164944	0.03	0.5115	-0.0345	0	217	323	3
2026-02-12	15:45:17.590	62.265	54.04	114.87	1.282952	-0.305	0.155916	0.0345	0.5355	-0.0525	0	217	323	3
2026-02-12	15:45:17.610	69.195	53.2	104.44	1.228052	-0.277672	0.153476	0.03	0.549	-0.0525	0	215	336	3
2026-02-12	15:45:17.630	67.445	50.505	94.36	1.145824	-0.264008	0.174948	0.033	0.57	-0.066	0	215	336	3
2026-02-12	15:45:17.650	57.365	48.79	86.59	1.055544	-0.227896	0.200568	0.033	0.57	-0.066	0	215	336	3
2026-02-12	15:45:17.670	43.05	47.075	81.725	0.996496	-0.214964	0.203252	0.0435	0.5805	-0.072	0	215	336	3
2026-02-12	15:45:17.690	29.12	44.205	77.665	0.94916	-0.23302	0.191784	0.0495	0.603	-0.084	0	215	336	3
2026-02-12	15:45:17.710	20.79	39.76	73.675	0.918172	-0.237168	0.175436	0.0495	0.6135	-0.096	0	215	336	3
2026-02-12	15:45:17.730	14.525	34.895	68.95	0.88938	-0.242292	0.15982	0.0495	0.6225	-0.1035	0	215	336	3
2026-02-12	15:45:17.750	12.285	30.205	63.98	0.873276	-0.250588	0.152744	0.0465	0.633	-0.105	0	215	336	3
2026-02-12	15:45:17.770	14.63	25.375	58.625	0.842776	-0.257664	0.159088	0.06	0.639	-0.1035	0	215	336	3
2026-02-12	15:45:17.790	20.51	20.965	53.41	0.811056	-0.265472	0.189344	0.0555	0.645	-0.108	0	215	336	3
2026-02-12	15:45:17.810	29.61	16.905	47.775	0.787632	-0.253028	0.216916	0.0585	0.6585	-0.1065	0	212	320	3
2026-02-12	15:45:17.830	36.855	12.6	40.81	0.7869	-0.237168	0.247172	0.0675	0.66	-0.1215	0	212	320	3
2026-02-12	15:45:17.850	44.24	8.505	30.45	0.783728	-0.231312	0.274988	0.075	0.6615	-0.1185	0	212	320	3
2026-02-12	15:45:17.870	51.765	3.325	18.305	0.790072	-0.212768	0.289628	0.0705	0.669	-0.1215	0	212	320	3
2026-02-12	15:45:17.890	57.085	-1.925	6.37	0.828868	-0.21838	0.305976	0.072	0.675	-0.1245	0	212	320	3
2026-02-12	15:45:17.910	63.56	-7.91	-7.455	0.900848	-0.222772	0.342088	0.072	0.669	-0.126	0	212	320	3
2026-02-12	15:45:17.930	70.63	-13.195	-21.665	0.96258	-0.2196	0.379908	0.0705	0.66	-0.129	0	212	320	3
2026-02-12	15:45:17.950	74.76	-19.005	-34.72	1.010404	-0.170068	0.38064	0.072	0.657	-0.1305	0	212	320	3
2026-02-12	15:45:17.970	67.55	-27.65	-47.53	1.034072	-0.08418	0.364048	0.0675	0.651	-0.135	0	212	320	3
2026-02-12	15:45:17.990	46.55	-36.085	-59.15	0.982832	-0.040992	0.345504	0.0675	0.636	-0.1275	0	212	320	3
2026-02-12	15:45:18.010	21.35	-48.195	-71.155	0.917928	-0.044408	0.340868	0.0675	0.636	-0.1275	0	209	299	3
2026-02-12	15:45:18.030	12.39	-54.11	-75.88	0.871812	-0.028792	0.359656	0.057	0.6195	-0.1245	0	209	299	3
2026-02-12	15:45:18.050	-0.385	-59.5	-80.29	0.812032	-0.017812	0.351848	0.0585	0.5985	-0.1185	0	209	299	3
2026-02-12	15:45:18.070	-18.69	-64.47	-86.66	0.880596	0.021228	0.285236	0.051	0.6045	-0.111	0	209	299	3
2026-02-12	15:45:18.090	-35.735	-64.82	-93.415	1.01626	0.062708	0.214964	0.042	0.5895	-0.099	0	209	299	3
2026-02-12	15:45:18.110	-63.525	-60.515	-100.835	1.055544	0.07442	0.15738	0.036	0.573	-0.081	0	209	299	3
2026-02-12	15:45:18.130	-95.725	-56.21	-108.29	1.06506	0.058316	0.114924	0.0375	0.561	-0.0735	0	209	299	3
2026-02-12	15:45:18.150	-127.05	-54.6	-116.69	1.128012	0.036356	0.07564	0.0375	0.5445	-0.069	0	209	299	3
2026-02-12	15:45:18.170	-176.295	-53.55	-123.62	1.161684	0.037332	0.045384	0.039	0.537	-0.066	0	209	299	3
2026-02-12	15:45:18.190	-257.6	-53.97	-128.205	1.184376	0.066368	-0.034648	0.0345	0.5295	-0.0645	0	209	299	3
2026-02-12	15:45:18.210	-352.31	-55.895	-137.76	1.197064	0.071004	-0.112484	0.0345	0.516	-0.0555	0	208	282	2
2026-02-12	15:45:18.230	-425.46	-53.97	-152.425	1.217072	-0.185928	-0.147376	0.036	0.495	-0.0585	0	208	282	2
2026-02-12	15:45:18.250	-429.24	-38.22	-161.735	1.236348	-0.485804	-0.118584	0.036	0.4935	-0.0525	0	208	282	2
2026-02-12	15:45:18.270	-383.18	-10.395	-168.595	1.177544	-0.524356	-0.11102	0.0375	0.486	-0.063	0	208	282	2
2026-02-12	15:45:18.290	-336.105	13.055	-169.575	1.131916	-0.61244	-0.123952	0.0375	0.486	-0.063	0	208	282	2
2026-02-12	15:45:18.310	-290.325	26.075	-164.185	1.117276	-0.678564	-0.101504	0.0435	0.4665	-0.078	0	208	282	2
2026-02-12	15:45:18.330	-222.81	36.575	-158.655	1.092876	-0.78324	-0.043676	0.057	0.4425	-0.105	0	208	282	2
2026-02-12	15:45:18.350	-140.98	42.595	-149.52	1.03212	-0.76982	0.01708	0.066	0.432	-0.123	0	208	282	2
2026-02-12	15:45:18.370	-74.62	39.62	-137.935	1.011136	-0.7503	0.071492	0.0765	0.4155	-0.1305	0	208	282	2
2026-02-12	15:45:18.390	-14.595	30.94	-124.6	1.00528	-0.813496	0.150792	0.084	0.405	-0.132	0	208	282	2
2026-02-12	15:45:18.410	44.45	22.05	-105.7	0.986248	-0.841556	0.212524	0.099	0.3915	-0.1335	0	212	242	3
2026-02-12	15:45:18.430	99.96	11.62	-83.09	0.994056	-0.798124	0.245464	0.1035	0.3795	-0.147	0	212	242	3
2026-02-12	15:45:18.450	146.615	-0.805	-57.435	1.063352	-0.6954	0.267912	0.108	0.3585	-0.141	0	212	242	3
2026-02-12	15:45:18.470	170.87	-11.585	-31.465	1.087264	-0.571936	0.323788	0.117	0.345	-0.123	0	212	242	3
2026-02-12	15:45:18.490	176.505	-16.45	-0.245	1.037732	-0.526552	0.402356	0.117	0.3315	-0.123	0	212	242	3
2026-02-12	15:45:18.510	176.785	-13.72	25.025	1.157292	-0.513132	0.472384	0.1155	0.327	-0.102	0	212	242	3
2026-02-12	15:45:18.530	173.39	-2.975	42.595	1.226832	-0.49654	0.454084	0.1155	0.321	-0.0735	0	212	242	3
2026-02-12	15:45:18.550	162.505	6.055	59.99	1.342732	-0.398208	0.353312	0.1095	0.321	-0.06	0	212	242	3
2026-02-12	15:45:18.570	134.54	14.56	76.055	1.41642	-0.262788	0.267424	0.099	0.324	-0.048	0	212	242	3
2026-02-12	15:45:18.590	94.045	25.76	91.49	1.31882	-0.193004	0.19642	0.0945	0.3285	-0.036	0	212	242	3
2026-02-12	15:45:18.610	63.35	31.605	106.68	1.1834	-0.163968	0.16226	0.0915	0.3315	-0.0285	0	223	213	3
2026-02-12	15:45:18.630	44.31	30.38	121.695	1.076528	-0.14396	0.176656	0.0885	0.3465	-0.0375	0	223	213	3
2026-02-12	15:45:18.650	34.23	27.195	135.52	1.009184	-0.117852	0.209108	0.0795	0.3585	-0.0285	0	223	213	3
2026-02-12	15:45:18.670	29.33	22.085	146.755	0.998692	-0.088816	0.234484	0.0705	0.378	-0.0405	0	223	213	3
2026-02-12	15:45:18.690	20.65	21.805	152.88	0.9699	-0.040016	0.310124	0.057	0.393	-0.042	0	223	213	3
2026-02-12	15:45:18.710	-6.965	40.355	155.085	1.013576	0.028792	0.442616	0.0495	0.411	-0.0495	0	223	213	3
2026-02-12	15:45:18.730	-65.905	50.61	152.18	1.047492	0.213988	0.247172	0.048	0.435	-0.048	0	223	213	3
2026-02-12	15:45:18.750	-154.77	50.225	143.955	0.998448	0.263276	0.022448	0.0435	0.4725	-0.057	0	223	213	3
2026-02-12	15:45:18.770	-232.785	43.365	132.825	1.020164	0.11224	-0.105652	0.042	0.495	-0.069	0	223	213	3
2026-02-12	15:45:18.790	-274.75	29.68	120.365	1.159	-0.155428	-0.134932	0.042	0.5235	-0.0795	0	223	213	3
2026-02-12	15:45:18.810	-274.155	19.985	112.385	1.178032	-0.345016	-0.116388	0.0465	0.555	-0.0855	0	238	204	3
2026-02-12	15:45:18.830	-233.625	13.195	107.765	1.212924	-0.441884	-0.076372	0.0495	0.5685	-0.084	0	238	204	3
2026-02-12	15:45:18.850	-161.14	8.365	101.535	1.319308	-0.462868	-0.044164	0.0465	0.588	-0.0855	0	238	204	3
2026-02-12	15:45:18.870	-72.8	6.685	96.95	1.296616	-0.436516	-0.040748	0.0405	0.618	-0.078	0	238	204	3
2026-02-12	15:45:18.890	7.91	3.64	94.99	1.200236	-0.431148	-0.03172	0.051	0.636	-0.0735	0	238	204	3
2026-02-12	15:45:18.910	94.29	-1.47	94.99	1.070184	-0.430172	-0.020008	0.06	0.651	-0.081	0	238	204	3
2026-02-12	15:45:18.930	157.71	-6.72	94.29	0.9394	-0.314272	-0.009272	0.06	0.651	-0.081	0	238	204	3
2026-02-12	15:45:18.950	179.76	-12.145	92.05	0.860832	-0.24644	-0.00244	0.06	0.6585	-0.087	0	238	204	3
2026-02-12	15:45:18.970	180.46	-18.2	89.425	0.818376	-0.21472	0.006588	0.0645	0.6705	-0.0945	0	238	204	3
2026-02-12	15:45:18.990	166.39	-23.415	84.21	0.804712	-0.220576	0.042944	0.0705	0.675	-0.0975	0	238	204	3
2026-02-12	15:45:19.010	147.875	-26.145	76.335	0.830332	-0.266936	0.09076799	0.075	0.684	-0.1035	0	253	181	3
2026-02-12	15:45:19.030	129.325	-25.585	66.535	0.856196	-0.303048	0.142984	0.075	0.6885	-0.108	0	253	181	3
2026-02-12	15:45:19.050	116.795	-22.26	54.39	0.85156	-0.324276	0.18422	0.0735	0.687	-0.108	0	253	181	3
2026-02-12	15:45:19.070	109.69	-18.48	39.795	0.858392	-0.340868	0.206668	0.0765	0.6915	-0.1185	0	253	181	3
2026-02-12	15:45:19.090	106.435	-14.805	24.85	0.849364	-0.366244	0.219112	0.078	0.687	-0.1125	0	253	181	3
2026-02-12	15:45:19.110	103.74	-11.48	10.85	0.852536	-0.366732	0.222772	0.078	0.69	-0.1155	0	253	181	3
2026-02-12	15:45:19.130	98.595	-9.555	-5.39	0.836432	-0.337208	0.227164	0.084	0.684	-0.1185	0	253	181	3
2026-02-12	15:45:19.150	93.695	-10.045	-21.105	0.826428	-0.314516	0.251564	0.084	0.675	-0.1215	0	253	181	3
2026-02-12	15:45:19.170	95.305	-11.655	-32.165	0.833504	-0.310612	0.279136	0.0795	0.663	-0.123	0	253	181	3
2026-02-12	15:45:19.190	101.08	-14.77	-41.195	0.854244	-0.281332	0.299876	0.075	0.657	-0.129	0	253	181	3
2026-02-12	15:45:19.210	105.14	-19.215	-49	0.886696	-0.222772	0.327204	0.0735	0.6465	-0.135	0	266	162	3
2026-02-12	15:45:19.230	101.5	-22.995	-56.91	0.892552	-0.177144	0.3416	0.0705	0.636	-0.1335	0	266	162	3
2026-02-12	15:45:19.250	92.505	-26.215	-64.995	0.904996	-0.160308	0.365512	0.0675	0.63	-0.1305	0	266	162	3
2026-02-12	15:45:19.270	83.44	-30.1	-73.15	0.943792	-0.133224	0.36722	0.066	0.63	-0.129	0	266	162	3
2026-02-12	15:45:19.290	68.88	-34.685	-82.355	1.00894	-0.078568	0.358924	0.069	0.606	-0.126	0	266	162	3
2026-02-12	15:45:19.310	49.035	-34.44	-92.855	1.07116	-0.081496	0.364536	0.06	0.579	-0.1245	0	266	162	3
2026-02-12	15:45:19.330	29.82	-32.445	-101.045	1.055788	-0.09028	0.355264	0.06	0.576	-0.1215	0	266	162	3
2026-02-12	15:45:19.350	4.06	-31.29	-106.645	0.9638	-0.062952	0.314516	0.045	0.5565	-0.123	0	266	162	3
2026-02-12	15:45:19.370	-11.55	-33.18	-108.15	0.952088	-0.024156	0.282796	0.0495	0.5385	-0.111	0	266	162	3
2026-02-12	15:45:19.390	-28.805	-36.085	-110.74	0.991128	-0.0305	0.25864	0.0555	0.516	-0.1035	0	266	162	3
2026-02-12	15:45:19.410	-44.31	-38.5	-112.665	1.038464	-0.068076	0.243268	0.0555	0.504	-0.1035	0	273	172	3
2026-02-12	15:45:19.430	-54.495	-41.405	-113.365	1.076284	-0.099552	0.25376	0.054	0.4935	-0.1005	0	273	172	3
2026-02-12	15:45:19.450	-56.245	-44.87	-113.785	1.14314	-0.125172	0.266936	0.0525	0.48	-0.093	0	273	172	3
2026-02-12	15:45:19.470	-52.605	-47.495	-114.485	1.2505	-0.144936	0.268644	0.0525	0.4635	-0.0885	0	273	172	3
2026-02-12	15:45:19.490	-54.425	-49.63	-113.715	1.331508	-0.10248	0.231556	0.0555	0.456	-0.093	0	273	172	3
2026-02-12	15:45:19.510	-75.005	-49.07	-108.325	1.234884	-0.036844	0.166896	0.06	0.438	-0.087	0	273	172	3
2026-02-12	15:45:19.530	-103.67	-52.045	-101.325	1.120936	-0.018056	0.111508	0.063	0.429	-0.078	0	273	172	3
2026-02-12	15:45:19.550	-125.44	-56.63	-99.505	1.040172	-0.055632	0.109556	0.0585	0.423	-0.0675	0	273	172	3
2026-02-12	15:45:19.570	-128.52	-59.22	-100.345	0.997472	-0.18666	0.147376	0.0585	0.423	-0.0675	0	273	172	3
2026-02-12	15:45:19.590	-115.955	-59.535	-102.48	1.01748	-0.236924	0.172996	0.066	0.405	-0.072	0	273	172	3
2026-02-12	15:45:19.610	-100.835	-57.295	-106.61	0.991372	-0.2501	0.171044	0.078	0.3855	-0.0765	0	274	193	3
2026-02-12	15:45:19.630	-85.68	-54.95	-113.295	0.988688	-0.289628	0.182756	0.0825	0.3795	-0.072	0	274	193	3
2026-02-12	15:45:19.650	-74.655	-53.305	-120.26	0.972096	-0.337452	0.224968	0.0855	0.3675	-0.0675	0	274	193	3
2026-02-12	15:45:19.670	-74.095	-51.45	-122.15	0.954772	-0.40748	0.302804	0.0945	0.3525	-0.0675	0	274	193	3
2026-02-12	15:45:19.690	-70.56	-47.88	-119.245	0.924272	-0.417972	0.343308	0.1005	0.342	-0.0645	0	274	193	3
2026-02-12	15:45:19.710	-62.825	-46.06	-115.5	0.909632	-0.37332	0.327204	0.1005	0.339	-0.063	0	274	193	3
2026-02-12	15:45:19.730	-47.95	-46.06	-113.995	0.947452	-0.427488	0.349652	0.1095	0.318	-0.0675	0	274	193	3
2026-02-12	15:45:19.750	-16.52	-41.965	-107.24	0.964532	-0.588284	0.46604	0.123	0.312	-0.066	0	274	193	3
2026-02-12	15:45:19.770	39.725	-29.33	-85.05	0.923784	-0.600972	0.519964	0.1305	0.2985	-0.066	0	274	193	3
2026-02-12	15:45:19.790	73.325	-22.33	-57.645	0.8967	-0.435784	0.47458	0.1365	0.2895	-0.0555	0	274	193	3
2026-02-12	15:45:19.810	64.89	-21.35	-38.36	0.91744	-0.37454	0.483852	0.1455	0.2775	-0.039	0	271	216	3
2026-02-12	15:45:19.830	55.86	-17.465	-21.28	0.97844	-0.400404	0.547536	0.15	0.2745	-0.0345	0	271	216	3
2026-02-12	15:45:19.850	69.755	-9.345	-4.48	1.087264	-0.45262	0.66612	0.1485	0.2715	-0.0285	0	271	216	3
2026-02-12	15:45:19.870	91.665	5.145	14.7	1.207068	-0.349408	0.618784	0.147	0.267	-0.015	0	271	216	3
2026-02-12	15:45:19.890	86.695	18.27	36.82	1.413736	-0.070516	0.427976	0.15	0.27	-0.0105	0	271	216	3
2026-02-12	15:45:19.910	32.55	34.93	61.145	1.418616	0.06954	0.241072	0.15	0.276	-0.006	0	271	216	3
2026-02-12	15:45:19.930	-13.58	42.84	89.915	1.246352	-0.0061	0.182024	0.1485	0.282	-0.0015	0	271	216	3
2026-02-12	15:45:19.950	0.91	39.515	116.62	1.136796	-0.089548	0.161772	0.1425	0.291	-0.0075	0	271	216	3
2026-02-12	15:45:19.970	51.8	31.745	135.835	1.137528	0.055876	0.186416	0.129	0.2955	-0.0165	0	271	216	3
2026-02-12	15:45:19.990	89.81	33.075	151.2	1.101904	0.262544	0.182268	0.1095	0.306	-0.015	0	271	216	3
2026-02-12	15:45:20.010	103.6	38.955	150.71	1.167784	0.16104	0.188612	0.0975	0.324	-0.0135	0	269	248	3
2026-02-12	15:45:20.030	106.4	49.805	151.165	1.219512	0.108092	0.139812	0.084	0.3465	-0.0105	0	269	248	3
2026-02-12	15:45:20.050	84.525	58.66	147.7	1.17974	0.295484	-0.003172	0.0765	0.3615	-0.0105	0	269	248	3
2026-02-12	15:45:20.070	50.96	60.41	132.685	1.105808	0.316956	-0.08418	0.0705	0.3825	-0.012	0	269	248	3
2026-02-12	15:45:20.090	24.535	57.96	121.03	1.141432	0.155184	-0.071492	0.0615	0.3975	-0.021	0	269	248	3
2026-02-12	15:45:20.110	14.875	57.365	114.345	1.153876	0.001708	-0.002928	0.0555	0.4095	-0.0315	0	269	248	3
2026-02-12	15:45:20.130	15.54	58.38	111.02	1.154608	-0.10614	0.027328	0.054	0.4245	-0.033	0	269	248	3
2026-02-12	15:45:20.150	21.665	59.185	108.535	1.244156	-0.13542	0.034892	0.051	0.432	-0.033	0	269	248	3
2026-02-12	15:45:20.170	22.68	61.04	107.17	1.218292	-0.12078	0.022692	0.0585	0.447	-0.054	0	269	248	3
2026-02-12	15:45:20.190	25.13	59.01	105.245	1.122888	-0.126392	0.0305	0.048	0.462	-0.0585	0	269	248	3
2026-02-12	15:45:20.210	32.48	51.03	97.3	1.166808	-0.168848	0.066124	0.048	0.462	-0.0585	0	269	249	3
2026-02-12	15:45:20.230	38.605	43.995	87.08	1.239032	-0.209108	0.130296	0.0435	0.48	-0.0705	0	269	249	3
2026-02-12	15:45:20.250	38.57	42.455	79.205	1.16632	-0.265716	0.173484	0.039	0.5025	-0.0825	0	269	249	3
2026-02-12	15:45:20.270	41.65	40.95	73.64	1.087752	-0.301096	0.184464	0.042	0.513	-0.0855	0	269	249	3
2026-02-12	15:45:20.290	47.985	39.865	68.95	1.056032	-0.331596	0.171288	0.0465	0.5205	-0.096	0	269	249	3
2026-02-12	15:45:20.310	56.525	39.165	66.815	1.037976	-0.322568	0.162016	0.0495	0.525	-0.102	0	269	249	3
2026-02-12	15:45:20.330	61.425	37.905	66.43	0.994056	-0.291824	0.153964	0.051	0.534	-0.1005	0	269	249	3
2026-02-12	15:45:20.350	62.965	35.525	64.995	0.95038	-0.273768	0.14274	0.0465	0.5415	-0.1035	0	269	249	3
2026-02-12	15:45:20.370	64.54	32.165	61.53	0.965264	-0.259616	0.144936	0.0465	0.543	-0.1065	0	269	249	3
2026-02-12	15:45:20.390	63.665	29.96	57.47	0.98576	-0.232776	0.155916	0.0495	0.543	-0.105	0	269	249	3
2026-02-12	15:45:20.410	48.125	30.625	53.165	0.887916	-0.211792	0.144204	0.0495	0.552	-0.1155	0	270	224	3
2026-02-12	15:45:20.430	30.45	29.33	47.425	0.826672	-0.1952	0.126636	0.054	0.5565	-0.114	0	270	224	3
2026-02-12	15:45:20.450	17.955	26.775	40.46	0.832284	-0.183	0.124684	0.06	0.564	-0.114	0	270	224	3
2026-02-12	15:45:20.470	5.95	25.48	32.9	0.830088	-0.14274	0.121268	0.057	0.5715	-0.123	0	270	224	3
2026-02-12	15:45:20.490	-8.435	21.175	24.325	0.79178	-0.024644	0.107116	0.057	0.573	-0.1305	0	270	224	3
2026-02-12	15:45:20.510	-25.235	13.44	11.515	0.745908	0.066612	0.106384	0.057	0.573	-0.132	0	270	224	3
2026-02-12	15:45:20.530	-32.97	0.665	-3.185	0.797148	0.019032	0.161528	0.057	0.579	-0.1305	0	270	224	3
2026-02-12	15:45:20.550	-26.81	-10.15	-16.975	0.997716	0.002196	0.259128	0.057	0.582	-0.1305	0	270	224	3
2026-02-12	15:45:20.570	-26.145	-13.37	-35.56	1.252208	0.083936	0.286212	0.0585	0.582	-0.1305	0	270	224	3
2026-02-12	15:45:20.590	-54.46	-8.68	-53.935	1.230492	0.25864	0.207156	0.063	0.582	-0.129	0	270	224	3
2026-02-12	15:45:20.610	-103.88	-7.7	-69.58	1.070672	0.40748	0.105408	0.057	0.5685	-0.12	0	270	198	2
2026-02-12	15:45:20.630	-171.99	-8.96	-97.79	1.079456	0.323788	0.020252	0.051	0.5685	-0.123	0	270	198	2
2026-02-12	15:45:20.650	-178.29	-7.385	-112.49	1.107272	0.160308	0.034404	0.054	0.5625	-0.1215	0	270	198	2
2026-02-12	15:45:20.670	-161.21	-8.54	-123.83	1.117276	0.063684	0.048068	0.054	0.555	-0.1215	0	270	198	2
2026-02-12	15:45:20.690	-130.865	-11.27	-135.94	1.138748	-0.04514	0.075884	0.051	0.5445	-0.1155	0	270	198	2
2026-02-12	15:45:20.710	-89.46	-14.07	-149.31	1.152168	-0.174216	0.1098	0.0525	0.537	-0.114	0	270	198	2
2026-02-12	15:45:20.730	-49.595	-17.045	-160.65	1.138992	-0.226676	0.176168	0.0525	0.5205	-0.1185	0	270	198	2
2026-02-12	15:45:20.750	-47.39	-20.195	-165.13	1.153632	-0.260592	0.210328	0.0555	0.495	-0.1155	0	270	198	2
2026-02-12	15:45:20.770	-74.935	-17.955	-163.45	1.14436	-0.32452	0.279868	0.0585	0.48	-0.117	0	270	198	2
2026-02-12	15:45:20.790	-90.93	-8.75	-160.755	1.099708	-0.378444	0.360144	0.0585	0.468	-0.1185	0	270	198	2
2026-02-12	15:45:20.810	-103.635	-1.925	-157.22	1.0736	-0.394548	0.377956	0.06	0.4605	-0.1155	0	270	182	2
2026-02-12	15:45:20.830	-134.995	1.96	-152.565	1.106052	-0.55144	0.28792	0.072	0.4395	-0.1215	0	270	182	2
2026-02-12	15:45:20.850	-154.665	0.42	-149.24	1.144116	-0.808616	0.261568	0.072	0.4395	-0.1215	0	270	182	2
2026-02-12	15:45:20.870	-154.035	0.875	-142.205	1.065792	-0.904996	0.27816	0.084	0.4215	-0.126	0	270	182	2
2026-02-12	15:45:20.890	-139.825	1.225	-127.4	0.92354	-0.955504	0.285236	0.096	0.3975	-0.138	0	270	182	2
2026-02-12	15:45:20.910	-106.33	-0.315	-109.06	0.815936	-0.904264	0.331108	0.0975	0.3915	-0.15	0	270	182	2
2026-02-12	15:45:20.930	-71.785	-2.835	-92.365	0.790072	-0.825452	0.382836	0.102	0.3885	-0.1545	0	270	182	2
2026-02-12	15:45:20.950	-41.3	-5.25	-75.6	0.743224	-0.794952	0.384788	0.1155	0.3765	-0.1575	0	270	182	2
2026-02-12	15:45:20.970	-10.92	-11.48	-58.345	0.703696	-0.787876	0.357704	0.123	0.3675	-0.1635	0	270	182	2
2026-02-12	15:45:20.990	31.22	-20.335	-43.295	0.742248	-0.830576	0.390888	0.1215	0.366	-0.156	0	270	182	2
2026-02-12	15:45:21.010	79.765	-25.235	-26.635	0.864736	-0.772992	0.436028	0.123	0.366	-0.147	0	275	190	3
2026-02-12	15:45:21.030	127.54	-23.065	-11.2	1.06872	-0.663924	0.484096	0.129	0.3525	-0.1485	0	275	190	3
2026-02-12	15:45:21.050	145.985	-12.775	12.005	1.2688	-0.458232	0.385032	0.1215	0.3555	-0.144	0	275	190	3
2026-02-12	15:45:21.070	121.17	-3.78	38.22	1.397632	-0.339892	0.278648	0.1185	0.345	-0.129	0	275	190	3
2026-02-12	15:45:21.090	90.44	2.835	59.29	1.370548	-0.315004	0.24522	0.1155	0.3345	-0.1125	0	275	190	3
2026-02-12	15:45:21.110	69.405	7.21	80.15	1.279292	-0.267424	0.238144	0.1125	0.336	-0.1095	0	275	190	3
2026-02-12	15:45:21.130	51.975	6.23	99.785	1.184132	-0.16958	0.263764	0.108	0.342	-0.1035	0	275	190	3
2026-02-12	15:45:21.150	33.81	3.465	117.495	1.121668	-0.144692	0.293532	0.105	0.348	-0.093	0	275	190	3
2026-02-12	15:45:21.170	26.005	0.455	133.42	1.075308	-0.153476	0.319396	0.0975	0.3555	-0.09	0	275	190	3
2026-02-12	15:45:21.190	25.2	-1.47	147.035	1.040904	-0.163968	0.30744	0.087	0.366	-0.0885	0	275	190	3
2026-02-12	15:45:21.210	29.435	-1.505	158.13	1.08946	-0.215208	0.2623	0.078	0.381	-0.084	0	284	216	3
2026-02-12	15:45:21.230	35.77	1.225	166.46	1.184376	-0.221308	0.194712	0.0735	0.3915	-0.0855	0	284	216	3
2026-02-12	15:45:21.250	37.73	6.895	172.69	1.200236	-0.188368	0.133468	0.054	0.408	-0.084	0	284	216	3
2026-02-12	15:45:21.270	36.68	14.7	175.28	1.097268	-0.16226	0.0793	0.057	0.4365	-0.0855	0	284	216	3
2026-02-12	15:45:21.290	40.705	17.115	169.505	1.109712	-0.183	0.069784	0.048	0.4545	-0.0825	0	284	216	3
2026-02-12	15:45:21.310	47.53	21.105	158.445	1.156804	-0.238144	0.07515199	0.0375	0.486	-0.081	0	284	216	3
2026-02-12	15:45:21.330	57.96	27.265	148.925	1.140212	-0.326228	0.085888	0.036	0.513	-0.0855	0	284	216	3
2026-02-12	15:45:21.350	72.52	30.94	140.875	1.068476	-0.315248	0.087596	0.036	0.5295	-0.0885	0	284	216	3
2026-02-12	15:45:21.370	79.415	31.64	130.795	1.001864	-0.315004	0.076616	0.0345	0.5415	-0.0885	0	284	216	3
2026-02-12	15:45:21.390	77.56	30.135	119.49	0.951112	-0.333548	0.083692	0.033	0.561	-0.0855	0	284	216	3
2026-02-12	15:45:21.410	67.095	26.95	108.605	0.925248	-0.35502	0.10248	0.0375	0.5805	-0.087	0	293	228	3
2026-02-12	15:45:21.430	52.325	21.91	98.035	0.904508	-0.379664	0.11712	0.0405	0.591	-0.0945	0	293	228	3
2026-02-12	15:45:21.450	39.235	14.56	87.955	0.88328	-0.399184	0.134688	0.039	0.591	-0.099	0	293	228	3
2026-02-12	15:45:21.470	34.685	4.305	74.725	0.841312	-0.44774	0.14396	0.0435	0.603	-0.099	0	293	228	3
2026-02-12	15:45:21.490	37.275	-7.175	61.845	0.802516	-0.47458	0.128588	0.0435	0.603	-0.099	0	293	228	3
2026-02-12	15:45:21.510	35.455	-17.465	51.38	0.794464	-0.457012	0.096136	0.045	0.6135	-0.099	0	293	228	3
2026-02-12	15:45:21.530	37.66	-25.025	38.78	0.762744	-0.459696	0.080032	0.0435	0.6315	-0.0945	0	293	228	3
2026-02-12	15:45:21.550	48.335	-30.38	25.83	0.76616	-0.483852	0.101504	0.0435	0.6405	-0.0915	0	293	228	3
2026-02-12	15:45:21.570	70.21	-32.445	14.945	0.788608	-0.50508	0.146644	0.045	0.642	-0.093	0	293	228	3
2026-02-12	15:45:21.590	97.16	-31.57	6.895	0.80276	-0.47092	0.178364	0.042	0.6405	-0.087	0	293	228	3
2026-02-12	15:45:21.610	119.98	-28.42	0.385	0.84546	-0.451156	0.201056	0.042	0.636	-0.0795	0	297	217	3
2026-02-12	15:45:21.630	139.825	-23.695	-4.235	0.882792	-0.416508	0.22204	0.042	0.6345	-0.0765	0	297	217	3
2026-02-12	15:45:21.650	152.18	-20.37	-6.615	0.903288	-0.316956	0.234972	0.039	0.6285	-0.0735	0	297	217	3
2026-02-12	15:45:21.670	147.105	-19.495	-9.975	0.896212	-0.17812	0.23668	0.0375	0.6195	-0.0705	0	297	217	3
2026-02-12	15:45:21.690	124.25	-18.935	-16.275	0.87718	-0.1464	0.274988	0.0435	0.6195	-0.0825	0	297	217	3
2026-02-12	15:45:21.710	107.695	-18.62	-17.115	0.846436	-0.159332	0.326228	0.0405	0.615	-0.0795	0	297	217	3
2026-02-12	15:45:21.730	100.03	-20.09	-14.14	0.830332	-0.105408	0.35014	0.036	0.609	-0.075	0	297	217	3
2026-02-12	15:45:21.750	91.42	-21.91	-13.65	0.928176	-0.060024	0.34648	0.0345	0.6015	-0.0735	0	297	217	3
2026-02-12	15:45:21.770	80.01	-24.675	-18.55	1.101904	-0.024644	0.362828	0.033	0.5955	-0.075	0	297	217	3
2026-02-12	15:45:21.790	67.585	-24.15	-24.535	1.196576	-0.019276	0.4026	0.03	0.588	-0.075	0	297	217	3
2026-02-12	15:45:21.810	50.785	-22.435	-26.075	1.168516	0.031964	0.414312	0.03	0.585	-0.0675	0	296	210	3
2026-02-12	15:45:21.830	24.57	-21.875	-25.725	1.053592	0.091012	0.3965	0.0315	0.582	-0.0615	0	296	210	3
2026-02-12	15:45:21.850	-9.205	-23.52	-26.81	0.92354	0.181048	0.35014	0.033	0.5775	-0.0585	0	296	210	3
2026-02-12	15:45:21.870	-45.15	-30.625	-34.72	0.928176	0.154452	0.327448	0.033	0.5715	-0.0555	0	296	210	3
2026-02-12	15:45:21.890	-71.54	-37.52	-43.855	0.997228	0.033672	0.350872	0.03	0.5655	-0.0555	0	296	210	3
2026-02-12	15:45:21.910	-78.54	-42.28	-51.625	1.052128	-0.118584	0.39162	0.0225	0.561	-0.048	0	296	210	3
2026-02-12	15:45:21.930	-66.92	-42.105	-55.755	1.061644	-0.076128	0.3782	0.018	0.558	-0.039	0	296	210	3
2026-02-12	15:45:21.950	-66.465	-40.425	-65.485	0.987468	0.036112	0.32452	0.0195	0.5535	-0.036	0	296	210	3
2026-02-12	15:45:21.970	-75.985	-39.76	-79.765	0.964776	0.0122	0.260104	0.0225	0.5445	-0.033	0	296	210	3
2026-02-12	15:45:21.990	-87.605	-38.64	-93.765	0.950136	-0.014152	0.211792	0.0225	0.5325	-0.0195	0	296	210	3
2026-02-12	15:45:22.010	-104.58	-37.45	-107.17	0.927444	0.060024	0.169336	0.024	0.5235	-0.018	0	294	223	3
2026-02-12	15:45:22.030	-138.6	-36.75	-123.69	0.919636	0.113704	0.10248	0.024	0.51	-0.021	0	294	223	3
2026-02-12	15:45:22.050	-186.445	-36.645	-141.435	0.944036	0.076128	0.038552	0.024	0.495	-0.018	0	294	223	3
2026-02-12	15:45:22.070	-231.665	-37.31	-157.675	1.001132	-0.07515199	0.003172	0.0255	0.4755	-0.012	0	294	223	3
2026-02-12	15:45:22.090	-259.14	-38.15	-171.22	1.072136	-0.292556	0.022204	0.0315	0.4515	-0.015	0	294	223	3
2026-02-12	15:45:22.110	-250.985	-37.345	-183.785	1.16266	-0.565348	0.117852	0.036	0.444	-0.0225	0	294	223	3
2026-02-12	15:45:22.130	-201.95	-33.285	-191.45	1.191452	-0.710528	0.255224	0.036	0.444	-0.0225	0	294	223	3
2026-02-12	15:45:22.150	-147.315	-29.645	-193.2	1.12118	-0.712968	0.332816	0.0465	0.4155	-0.036	0	294	223	3
2026-02-12	15:45:22.170	-84.945	-27.335	-191.03	1.077016	-0.776896	0.391132	0.063	0.375	-0.051	0	294	223	3
2026-02-12	15:45:22.190	-8.225	-26.355	-182.77	1.043588	-0.804224	0.438712	0.0825	0.3525	-0.048	0	294	223	3
2026-02-12	15:45:22.210	75.215	-27.195	-166.075	1.01992	-0.854	0.448228	0.1005	0.3285	-0.0405	0	292	236	3
2026-02-12	15:45:22.230	162.33	-30.73	-142.59	1.097512	-0.884988	0.467992	0.1095	0.303	-0.033	0	292	236	3
2026-02-12	15:45:22.250	237.825	-31.5	-111.86	1.129476	-0.844484	0.537044	0.1185	0.285	-0.015	0	292	236	3
2026-02-12	15:45:22.270	279.125	-28.07	-74.34	1.15656	-0.754448	0.66368	0.1305	0.27	0.0135	0	292	236	3
2026-02-12	15:45:22.290	267.645	-15.715	-33.775	1.154364	-0.522648	0.68808	0.141	0.2595	0.045	0	292	236	3
2026-02-12	15:45:22.310	204.085	-0.28	0.525	1.187548	-0.283528	0.549	0.144	0.2595	0.072	0	292	236	3
2026-02-12	15:45:22.330	113.435	16.8	33.04	1.284416	-0.183244	0.355508	0.147	0.2625	0.084	0	292	236	3
2026-02-12	15:45:22.350	40.355	33.005	62.65	1.326384	-0.187148	0.330864	0.1425	0.2655	0.096	0	292	236	3
2026-02-12	15:45:22.370	0	44.1	88.515	1.221464	-0.233996	0.323056	0.1335	0.279	0.1065	0	292	236	3
2026-02-12	15:45:22.390	-20.055	49.595	112.595	1.137284	-0.213256	0.33306	0.1245	0.2895	0.1005	0	292	236	3
2026-02-12	15:45:22.410	-31.85	53.97	132.335	1.094584	-0.211304	0.34038	0.1095	0.2955	0.0975	0	295	262	3
2026-02-12	15:45:22.430	-37.31	55.37	147.595	1.122888	-0.2135	0.33916	0.0975	0.3105	0.0855	0	295	262	3
2026-02-12	15:45:22.450	-29.75	63.14	158.76	1.147288	-0.284504	0.321592	0.087	0.3315	0.072	0	295	262	3
2026-02-12	15:45:22.470	-8.995	63.525	167.685	1.128988	-0.278648	0.279868	0.075	0.357	0.0705	0	295	262	3
2026-02-12	15:45:22.490	6.825	64.89	174.23	1.133136	-0.270596	0.203496	0.06	0.3735	0.069	0	295	262	3
2026-02-12	15:45:22.510	15.33	65.695	177.31	1.189988	-0.260836	0.117608	0.045	0.3915	0.057	0	295	262	3
2026-02-12	15:45:22.530	18.165	64.855	177.415	1.201212	-0.22814	0.063196	0.036	0.42	0.0495	0	295	262	3
2026-02-12	15:45:22.550	26.25	60.76	174.02	1.197552	-0.25254	0.041968	0.033	0.4335	0.048	0	295	262	3
2026-02-12	15:45:22.570	40.005	56.245	167.3	1.332972	-0.252296	0.047824	0.0285	0.4605	0.039	0	295	262	3
2026-02-12	15:45:22.590	45.745	57.05	159.355	1.304912	-0.273036	0.060024	0.0195	0.495	0.0225	0	295	262	3
2026-02-12	15:45:22.610	47.915	56.875	152.985	1.22122	-0.294996	0.06954	0.0135	0.5145	0.0165	0	298	279	3
2026-02-12	15:45:22.630	48.545	54.285	145.67	1.159244	-0.319884	0.073932	0.015	0.5445	0.012	0	298	279	3
2026-02-12	15:45:22.650	51.1	50.54	137.935	1.118496	-0.37454	0.076616	0.018	0.5685	0.009	0	298	279	3
2026-02-12	15:45:22.670	57.96	44.94	131.46	1.1041	-0.388448	0.0915	0.0165	0.5835	0.0045	0	298	279	3
2026-02-12	15:45:22.690	63.42	39.235	125.055	1.066768	-0.370636	0.099552	0.0195	0.6045	0	0	298	279	3
2026-02-12	15:45:22.710	67.585	32.9	117.775	1.014796	-0.371124	0.104188	0.021	0.6225	-0.0045	0	298	279	3
2026-02-12	15:45:22.730	75.425	25.235	110.985	0.983076	-0.376004	0.118584	0.0225	0.6405	-0.0135	0	298	279	3
2026-02-12	15:45:22.750	87.29	15.295	102.62	0.95404	-0.353312	0.140544	0.027	0.6555	-0.018	0	298	279	3
2026-02-12	15:45:22.770	95.795	8.015	92.645	0.92964	-0.336232	0.180072	0.0285	0.66	-0.0195	0	298	279	3
2026-02-12	15:45:22.790	99.715	5.145	83.02	0.898896	-0.305976	0.194224	0.033	0.675	-0.0225	0	298	279	3
2026-02-12	15:45:22.810	98.175	3.745	71.505	0.857172	-0.274012	0.191296	0.039	0.696	-0.027	0	297	264	3
2026-02-12	15:45:22.830	91.805	2.03	58.415	0.80032	-0.256688	0.18422	0.0435	0.7065	-0.0315	0	297	264	3
2026-02-12	15:45:22.850	83.72	-1.12	43.89	0.76372	-0.245952	0.178364	0.0465	0.7155	-0.036	0	297	264	3
2026-02-12	15:45:22.870	73.92	-5.145	28.21	0.74298	-0.235948	0.176412	0.045	0.7185	-0.039	0	297	264	3
2026-02-12	15:45:22.890	63	-9.24	12.53	0.734196	-0.230092	0.18422	0.051	0.7185	-0.0405	0	297	264	3
2026-02-12	15:45:22.910	54.74	-13.02	-1.715	0.732244	-0.228628	0.207644	0.054	0.717	-0.0405	0	297	264	3
2026-02-12	15:45:22.930	50.645	-15.855	-13.58	0.721752	-0.219356	0.233752	0.045	0.717	-0.0435	0	297	264	3
2026-02-12	15:45:22.950	47.775	-18.165	-23.625	0.715408	-0.205448	0.240584	0.042	0.7155	-0.0435	0	297	264	3
2026-02-12	15:45:22.970	45.5	-22.855	-32.62	0.721264	-0.2013	0.241316	0.0465	0.7185	-0.042	0	297	264	3
2026-02-12	15:45:22.990	48.86	-29.96	-37.765	0.760792	-0.205692	0.284748	0.054	0.7125	-0.0405	0	297	264	3
2026-02-12	15:45:23.010	58.695	-35.245	-40.705	0.813496	-0.204228	0.344284	0.0525	0.699	-0.0405	0	295	243	3
2026-02-12	15:45:23.030	69.265	-41.965	-46.2	0.906704	-0.177876	0.360144	0.045	0.6945	-0.036	0	295	243	3
2026-02-12	15:45:23.050	76.79	-50.47	-59.115	1.051152	-0.169336	0.39406	0.042	0.687	-0.0315	0	295	243	3
2026-02-12	15:45:23.070	78.085	-55.86	-70.28	1.086776	-0.18056	0.427732	0.039	0.681	-0.0285	0	295	243	3
2026-02-12	15:45:23.090	72.275	-60.97	-73.815	1.059936	-0.157624	0.445056	0.033	0.672	-0.021	0	295	243	3
2026-02-12	15:45:23.110	61.775	-60.725	-71.155	0.994056	-0.116876	0.478972	0.0285	0.66	-0.018	0	295	243	3
2026-02-12	15:45:23.130	46.655	-57.575	-65.87	0.930372	-0.055876	0.466284	0.033	0.6495	-0.015	0	295	243	3
2026-02-12	15:45:23.150	22.225	-59.185	-63.49	0.893284	0.011224	0.424072	0.0255	0.6375	-0.0075	0	295	243	3
2026-02-12	15:45:23.170	-14.07	-64.155	-65.31	0.916952	0.02196	0.371368	0.015	0.624	0.0015	0	295	243	3
2026-02-12	15:45:23.190	-57.26	-74.585	-73.675	0.991372	-0.055144	0.31842	0.0135	0.612	0.0105	0	295	243	3
2026-02-12	15:45:23.210	-75.565	-79.17	-81.34	1.026508	-0.140056	0.362828	0.0135	0.606	0.0225	0	290	245	3
2026-02-12	15:45:23.230	-74.235	-77.91	-90.195	1.048468	-0.157868	0.4148	0.0135	0.597	0.036	0	290	245	3
2026-02-12	15:45:23.250	-68.67	-74.2	-99.4	1.05652	-0.143228	0.433588	0.012	0.582	0.045	0	290	245	3
2026-02-12	15:45:23.270	-69.265	-68.285	-106.995	1.022116	-0.144204	0.422364	0.0105	0.5685	0.0585	0	290	245	3
2026-02-12	15:45:23.290	-74.445	-64.225	-112.035	0.978684	-0.142984	0.392596	0.009	0.5475	0.0705	0	290	245	3
2026-02-12	15:45:23.310	-78.925	-63.805	-115.99	0.96258	-0.147132	0.369904	0.0165	0.525	0.0735	0	290	245	3
2026-02-12	15:45:23.330	-81.62	-66.045	-119.14	0.974536	-0.160796	0.359656	0.018	0.5085	0.081	0	290	245	3
2026-02-12	15:45:23.350	-83.195	-69.79	-121.03	0.997472	-0.160064	0.366	0.0195	0.495	0.09	0	290	245	3
2026-02-12	15:45:23.370	-84.49	-72.31	-120.995	1.014308	-0.18422	0.377956	0.0315	0.4785	0.096	0	290	245	3
2026-02-12	15:45:23.390	-78.295	-73.08	-115.5	0.956968	-0.193248	0.377956	0.036	0.4605	0.108	0	290	245	3
2026-02-12	15:45:23.410	-69.125	-75.11	-108.01	0.904752	-0.207644	0.357216	0.042	0.4365	0.12	0	282	272	3
2026-02-12	15:45:23.430	-56.14	-78.645	-104.545	0.948916	-0.26474	0.4026	0.0525	0.417	0.1245	0	282	272	3
2026-02-12	15:45:23.450	-33.53	-79.24	-99.715	0.96014	-0.312808	0.479948	0.0555	0.402	0.1275	0	282	272	3
2026-02-12	15:45:23.470	-4.97	-77.35	-90.16	0.974536	-0.317444	0.546072	0.0645	0.3855	0.135	0	282	272	3
2026-02-12	15:45:23.490	25.445	-72.52	-78.19	1.027484	-0.274744	0.572668	0.075	0.3675	0.1455	0	282	272	3
2026-02-12	15:45:23.510	44.87	-69.965	-67.025	1.128988	-0.176168	0.53192	0.084	0.36	0.1605	0	282	272	3
2026-02-12	15:45:23.530	47.845	-70.7	-61.6	1.279536	-0.183488	0.61	0.0945	0.3555	0.1725	0	282	272	3
2026-02-12	15:45:23.550	62.65	-56.735	-52.395	1.250256	-0.339648	0.773968	0.102	0.348	0.1815	0	282	272	3
2026-02-12	15:45:23.570	92.4	-38.57	-33.74	1.170224	-0.31964	0.78568	0.105	0.3525	0.1935	0	282	272	3
2026-02-12	15:45:23.590	101.325	-21.735	-12.215	1.162416	-0.175192	0.663436	0.111	0.3585	0.2115	0	282	272	3
2026-02-12	15:45:23.610	64.61	1.61	11.655	1.111908	-0.117364	0.489952	0.1185	0.363	0.222	0	271	316	3
2026-02-12	15:45:23.630	27.44	22.015	35.42	1.07238	-0.14152	0.379176	0.1125	0.366	0.2235	0	271	316	3
2026-02-12	15:45:23.650	18.55	33.845	55.895	1.028216	-0.107848	0.311588	0.111	0.3735	0.2235	0	271	316	3
2026-02-12	15:45:23.670	13.125	42.595	75.18	1.015528	-0.053192	0.28792	0.108	0.3855	0.222	0	271	316	3
2026-02-12	15:45:23.690	-0.805	49.175	91.875	1.016016	-0.04392	0.282064	0.099	0.396	0.219	0	271	316	3
2026-02-12	15:45:23.710	-20.3	52.36	105.665	1.025044	-0.047092	0.264252	0.0885	0.402	0.2145	0	271	316	3
2026-02-12	15:45:23.730	-43.085	52.395	116.55	1.045296	-0.0671	0.24278	0.081	0.411	0.21	0	271	316	3
2026-02-12	15:45:23.750	-61.845	52.08	126.245	1.086044	-0.134932	0.244488	0.069	0.432	0.2055	0	271	316	3
2026-02-12	15:45:23.770	-67.095	55.755	137.445	1.108248	-0.198616	0.24644	0.0585	0.447	0.1995	0	271	316	3
2026-02-12	15:45:23.790	-61.845	58.94	147.56	1.132404	-0.209352	0.213744	0.051	0.462	0.1875	0	271	316	3
2026-02-12	15:45:23.810	-56.035	61.495	153.72	1.162904	-0.210572	0.17568	0.042	0.4815	0.1785	0	261	352	3
2026-02-12	15:45:23.830	-47.985	65.135	156.03	1.220976	-0.238876	0.107116	0.0405	0.495	0.18	0	261	352	3
2026-02-12	15:45:23.850	-36.505	66.08	154.175	1.199748	-0.251076	0.077104	0.0345	0.519	0.168	0	261	352	3
2026-02-12	15:45:23.870	-17.43	64.82	149.52	1.172176	-0.29646	0.065148	0.033	0.552	0.1515	0	261	352	3
2026-02-12	15:45:23.890	7	62.265	142.275	1.217804	-0.315492	0.057828	0.033	0.576	0.141	0	261	352	3
2026-02-12	15:45:23.910	26.845	61.985	134.855	1.15778	-0.2806	0.052948	0.0345	0.6	0.1335	0	261	352	3
2026-02-12	15:45:23.930	37.45	60.06	127.05	1.073112	-0.251808	0.043676	0.0345	0.6225	0.1245	0	261	352	3
2026-02-12	15:45:23.950	44.59	56.21	116.585	1.002352	-0.237412	0.04514	0.0285	0.645	0.1155	0	261	352	3
2026-02-12	15:45:23.970	49.28	51.24	102.97	0.955748	-0.240584	0.051972	0.03	0.6615	0.1035	0	261	352	3
2026-02-12	15:45:23.990	52.5	45.045	87.325	0.962824	-0.24766	0.072224	0.0345	0.675	0.093	0	261	352	3
2026-02-12	15:45:24.010	52.92	37.905	68.355	0.944524	-0.2684	0.105164	0.036	0.681	0.0945	0	252	341	3
2026-02-12	15:45:24.030	53.655	32.55	55.16	0.91378	-0.280844	0.128588	0.039	0.699	0.081	0	252	341	3
2026-02-12	15:45:24.050	58.065	26.565	40.285	0.915732	-0.2989	0.158112	0.042	0.7185	0.069	0	252	341	3
2026-02-12	15:45:24.070	65.415	22.12	31.185	0.926468	-0.30622	0.173972	0.048	0.723	0.063	0	252	341	3
2026-02-12	15:45:24.090	74.375	18.235	24.92	0.924516	-0.29646	0.181536	0.054	0.7305	0.054	0	252	341	3
2026-02-12	15:45:24.110	82.775	14.945	20.615	0.894992	-0.275232	0.183244	0.057	0.738	0.051	0	252	341	3
2026-02-12	15:45:24.130	88.27	10.64	16.065	0.884012	-0.233508	0.184952	0.0645	0.7425	0.0405	0	252	341	3
2026-02-12	15:45:24.150	87.605	5.11	10.395	0.889136	-0.191052	0.195688	0.0645	0.747	0.0285	0	252	341	3
2026-02-12	15:45:24.170	84.175	-1.855	5.04	0.87352	-0.107604	0.2013	0.0645	0.747	0.0225	0	252	341	3
2026-02-12	15:45:24.190	78.855	-11.9	-5.32	0.881816	0.045872	0.182024	0.066	0.7425	0.015	0	252	341	3
2026-02-12	15:45:24.210	74.725	-22.225	-22.4	0.937936	0.047336	0.205448	0.0645	0.744	0.0135	0	245	300	3
2026-02-12	15:45:24.230	71.015	-30.275	-35.385	1.010404	-0.010736	0.213988	0.0675	0.741	0.009	0	245	300	3
2026-02-12	15:45:24.250	60.375	-35.245	-46.76	1.127768	-0.009516	0.194224	0.075	0.732	0.003	0	245	300	3
2026-02-12	15:45:24.270	38.01	-36.155	-62.58	1.236348	0.08662	0.184464	0.075	0.732	0.003	0	245	300	3
2026-02-12	15:45:24.290	12.18	-35.035	-77.84	1.218292	0.07564	0.199836	0.063	0.723	0.006	0	245	300	3
2026-02-12	15:45:24.310	-6.405	-36.365	-87.535	1.138504	0.0488	0.220088	0.0495	0.708	0.0135	0	245	300	3
2026-02-12	15:45:24.330	-20.055	-38.15	-91.84	1.006012	0.080764	0.237168	0.048	0.699	0.018	0	245	300	3
2026-02-12	15:45:24.350	-37.835	-40.005	-93.765	0.894504	0.071004	0.238388	0.045	0.6915	0.024	0	245	300	3
2026-02-12	15:45:24.370	-51.31	-43.89	-94.78	0.877668	0.023668	0.221308	0.036	0.672	0.03	0	245	300	3
2026-02-12	15:45:24.390	-55.195	-49.63	-96.705	0.950868	-0.034404	0.213256	0.0315	0.657	0.039	0	245	300	3
2026-02-12	15:45:24.410	-50.015	-55.37	-98.875	1.048468	-0.084424	0.232044	0.03	0.648	0.051	0	239	264	3
2026-02-12	15:45:24.430	-41.93	-58.03	-100.38	1.074576	-0.117608	0.254004	0.0285	0.633	0.06	0	239	264	3
2026-02-12	15:45:24.450	-31.92	-59.15	-101.255	1.088484	-0.171776	0.274744	0.0225	0.615	0.0675	0	239	264	3
2026-02-12	15:45:24.470	-11.865	-59.255	-103.25	1.134112	-0.191784	0.313296	0.018	0.609	0.072	0	239	264	3
2026-02-12	15:45:24.490	-8.54	-57.47	-104.72	1.115568	-0.162748	0.314272	0.0225	0.5835	0.0855	0	239	264	3
2026-02-12	15:45:24.510	-15.33	-55.335	-106.505	1.073112	-0.149328	0.328912	0.0255	0.5715	0.0915	0	239	264	3
2026-02-12	15:45:24.530	-25.165	-51.765	-107.345	1.011136	-0.142008	0.327448	0.0285	0.5505	0.099	0	239	264	3
2026-02-12	15:45:24.550	-37.59	-51.87	-109.235	0.982832	-0.107604	0.3294	0.0255	0.5355	0.108	0	239	264	3
2026-02-12	15:45:24.570	-54.915	-53.585	-111.685	0.969412	-0.10492	0.343796	0.0255	0.522	0.1185	0	239	264	3
2026-02-12	15:45:24.590	-70.875	-55.615	-110.81	0.950868	-0.1525	0.363804	0.0285	0.498	0.1245	0	239	264	3
2026-02-12	15:45:24.610	-79.59	-58.24	-106.995	0.946964	-0.1586	0.38796	0.036	0.48	0.132	0	233	252	3
2026-02-12	15:45:24.630	-88.06	-60.935	-103.46	0.975024	-0.149572	0.382348	0.048	0.4665	0.138	0	233	252	3
2026-02-12	15:45:24.650	-97.475	-64.085	-100.555	1.02968	-0.154208	0.371612	0.054	0.4455	0.144	0	233	252	3
2026-02-12	15:45:24.670	-104.265	-66.85	-95.2	0.995276	-0.188612	0.38674	0.06	0.4275	0.147	0	233	252	3
2026-02-12	15:45:24.690	-100.625	-70.56	-87.08	0.89914	-0.237412	0.393084	0.063	0.4215	0.1485	0	233	252	3
2026-02-12	15:45:24.710	-81.305	-76.09	-79.975	0.87474	-0.294264	0.454084	0.0795	0.3825	0.1605	0	233	252	3
2026-02-12	15:45:24.730	-49	-79.59	-71.68	0.860832	-0.348676	0.548024	0.0825	0.3765	0.1635	0	233	252	3
2026-02-12	15:45:24.750	-9.87	-79.975	-59.185	0.895968	-0.350384	0.601216	0.0915	0.3675	0.1665	0	233	252	3
2026-02-12	15:45:24.770	24.5	-78.295	-44.17	0.929396	-0.300608	0.598044	0.0975	0.3615	0.1695	0	233	252	3
2026-02-12	15:45:24.790	47.285	-74.375	-28.735	1.017236	-0.302316	0.626592	0.102	0.36	0.18	0	233	252	3
2026-02-12	15:45:24.810	72.03	-65.555	-8.155	1.086776	-0.334036	0.663436	0.111	0.357	0.192	0	227	273	3
2026-02-12	15:45:24.830	109.865	-53.2	15.05	1.19804	-0.35136	0.737856	0.12	0.357	0.204	0	227	273	3
2026-02-12	15:45:24.850	144.55	-32.655	42.91	1.221708	-0.238876	0.65148	0.12	0.369	0.216	0	227	273	3
2026-02-12	15:45:24.870	144.62	-11.655	67.69	1.288808	-0.002196	0.476044	0.1185	0.384	0.2295	0	227	273	3
2026-02-12	15:45:24.890	86.765	21.35	85.015	1.365912	0.177876	0.27328	0.117	0.3945	0.237	0	227	273	3
2026-02-12	15:45:24.910	19.88	51.45	94.255	1.314672	0.258152	0.149328	0.117	0.3945	0.237	0	227	273	3
2026-02-12	15:45:24.930	-25.55	66.78	100.38	1.225856	0.241316	0.08295999	0.099	0.444	0.2415	0	227	273	3
2026-02-12	15:45:24.950	-54.67	73.955	107.94	1.160952	0.161528	0.08906	0.0945	0.444	0.2325	0	227	273	3
2026-02-12	15:45:24.970	-67.76	73.395	116.165	1.130208	0.067588	0.152988	0.084	0.4545	0.2175	0	227	273	3
2026-02-12	15:45:24.990	-78.54	74.69	129.08	1.063596	-0.03416	0.2074	0.069	0.465	0.204	0	227	273	3
2026-02-12	15:45:25.010	-73.815	77.385	140.14	1.040172	-0.133468	0.264984	0.0585	0.4755	0.1875	0	225	309	3
2026-02-12	15:45:25.030	-51.065	80.045	148.015	1.132404	-0.173972	0.268888	0.054	0.489	0.171	0	225	309	3
2026-02-12	15:45:25.050	-32.025	83.895	154.91	1.187792	-0.155672	0.216184	0.045	0.507	0.1605	0	225	309	3
2026-02-12	15:45:25.070	-25.62	87.43	159.285	1.140212	-0.134932	0.154696	0.036	0.534	0.1515	0	225	309	3
2026-02-12	15:45:25.090	-27.825	86.45	159.915	1.114348	-0.115656	0.104676	0.0345	0.558	0.1395	0	225	309	3
2026-02-12	15:45:25.110	-33.32	76.51	152.775	1.077504	-0.11468	0.05612	0.033	0.567	0.132	0	225	309	3
2026-02-12	15:45:25.130	-31.22	67.76	144.165	1.024312	-0.16592	0.033916	0.0375	0.6135	0.1035	0	225	309	3
2026-02-12	15:45:25.150	-22.645	58.765	133.91	0.979172	-0.2562	0.023424	0.03	0.6225	0.099	0	225	309	3
2026-02-12	15:45:25.170	-7.385	50.96	122.22	0.949404	-0.348432	0.008052	0.0285	0.633	0.0975	0	225	309	3
2026-02-12	15:45:25.190	19.46	44.59	108.85	0.926468	-0.44286	-0.011712	0.039	0.654	0.09	0	225	309	3
2026-02-12	15:45:25.210	56.875	38.325	94.71	0.925004	-0.486048	-0.013176	0.0525	0.672	0.0795	0	226	310	3
2026-02-12	15:45:25.230	90.265	32.095	79.975	0.933056	-0.463844	0.02806	0.0525	0.6855	0.075	0	226	310	3
2026-02-12	15:45:25.250	107.03	27.37	64.96	0.952332	-0.446276	0.073444	0.0555	0.6915	0.0645	0	226	310	3
2026-02-12	15:45:25.270	107.66	23.415	51.31	0.987712	-0.447008	0.120048	0.06	0.7035	0.0525	0	226	310	3
2026-02-12	15:45:25.290	105	20.755	40.74	1.007476	-0.452376	0.16592	0.0615	0.717	0.045	0	226	310	3
2026-02-12	15:45:25.310	96.18	19.88	34.93	0.979416	-0.391864	0.21838	0.069	0.72	0.0375	0	226	310	3
2026-02-12	15:45:25.330	76.545	21.315	33.635	0.906704	-0.33306	0.23424	0.075	0.72	0.033	0	226	310	3
2026-02-12	15:45:25.350	57.715	20.02	35.945	0.827404	-0.302804	0.212768	0.084	0.735	0.018	0	226	310	3
2026-02-12	15:45:25.370	46.27	14.945	38.85	0.788852	-0.298656	0.21594	0.09	0.7395	0.006	0	226	310	3
2026-02-12	15:45:25.390	56.63	11.795	39.06	0.758596	-0.246196	0.307196	0.084	0.7425	0.0045	0	226	310	3
2026-02-12	15:45:25.410	53.69	6.545	36.26	0.75152	-0.26596	0.357216	0.0855	0.744	0.0045	0	230	280	2
2026-02-12	15:45:25.430	45.15	2.87	35.525	0.766892	-0.33428	0.3477	0.0915	0.7485	0.006	0	230	280	2
2026-02-12	15:45:25.450	49.315	-0.805	32.2	0.79422	-0.31476	0.338672	0.0915	0.7515	0.003	0	230	280	2
2026-02-12	15:45:25.470	53.095	-4.55	25.62	0.838628	-0.26718	0.336964	0.0975	0.7545	-0.0015	0	230	280	2
2026-02-12	15:45:25.490	50.295	-6.055	16.625	0.83326	-0.217892	0.34648	0.099	0.7605	-0.006	0	230	280	2
2026-02-12	15:45:25.510	47.635	-7.42	6.685	0.823988	-0.171288	0.34892	0.102	0.7575	-0.009	0	230	280	2
2026-02-12	15:45:25.530	47.915	-9.905	-7.525	0.848388	-0.146644	0.372832	0.1095	0.7515	-0.009	0	230	280	2
2026-02-12	15:45:25.550	52.465	-13.51	-22.33	0.905728	-0.136884	0.396988	0.1095	0.7515	-0.009	0	230	280	2
2026-02-12	15:45:25.570	53.935	-19.075	-33.53	0.96868	-0.10614	0.392352	0.102	0.756	-0.018	0	230	280	2
2026-02-12	15:45:25.590	45.675	-26.845	-45.115	1.039928	-0.071492	0.357704	0.1005	0.7515	-0.0315	0	230	280	2
2026-02-12	15:45:25.610	34.09	-34.615	-57.47	1.156316	-0.027572	0.353556	0.0975	0.7395	-0.03	0	234	265	3
2026-02-12	15:45:25.630	31.78	-36.4	-70.84	1.221464	0.071492	0.470188	0.0915	0.732	-0.0255	0	234	265	3
2026-02-12	15:45:25.650	1.085	-39.9	-78.68	1.185108	0.119804	0.532408	0.087	0.7245	-0.0195	0	234	265	3
2026-02-12	15:45:25.670	-48.23	-41.51	-83.51	1.07726	-0.000732	0.443104	0.081	0.714	-0.018	0	234	265	3
2026-02-12	15:45:25.690	-79.38	-39.515	-88.2	0.972584	-0.026352	0.373076	0.0795	0.7035	-0.0075	0	234	265	3
2026-02-12	15:45:25.710	-103.985	-36.295	-91.525	0.911828	-0.014152	0.287432	0.0795	0.693	0.0015	0	234	265	3
2026-02-12	15:45:25.730	-117.215	-33.67	-96.635	0.89792	0.016104	0.19398	0.072	0.681	0.0075	0	234	265	3
2026-02-12	15:45:25.750	-129.115	-32.69	-107.8	0.962824	-0.054656	0.105408	0.0675	0.672	0.015	0	234	265	3
2026-02-12	15:45:25.770	-131.11	-33.985	-113.855	1.029436	-0.143472	0.061732	0.0675	0.6495	0.0345	0	234	265	3
2026-02-12	15:45:25.790	-122.885	-34.615	-120.645	1.08214	-0.203252	0.07076	0.0555	0.6435	0.0495	0	234	265	3
2026-02-12	15:45:25.810	-112.945	-35	-128.52	1.1163	-0.236436	0.095648	0.063	0.618	0.039	0	237	269	3
2026-02-12	15:45:25.830	-105.56	-35.525	-135.73	1.148508	-0.270352	0.123708	0.06	0.606	0.0495	0	237	269	3
2026-02-12	15:45:25.850	-103.775	-34.58	-139.37	1.129232	-0.296704	0.129564	0.0585	0.5865	0.0585	0	237	269	3
2026-02-12	15:45:25.870	-107.275	-34.055	-140	1.046516	-0.283284	0.158112	0.057	0.5715	0.0615	0	237	269	3
2026-02-12	15:45:25.890	-114.59	-35.35	-139.65	0.9577	-0.308904	0.176412	0.0555	0.5505	0.069	0	237	269	3
2026-02-12	15:45:25.910	-118.055	-38.115	-138.46	0.921588	-0.371856	0.200324	0.0555	0.528	0.0705	0	237	269	3
2026-02-12	15:45:25.930	-103.215	-38.92	-137.48	0.895724	-0.393572	0.248148	0.0585	0.51	0.0705	0	237	269	3
2026-02-12	15:45:25.950	-72.415	-41.93	-134.085	0.895236	-0.359656	0.27084	0.063	0.4875	0.0765	0	237	269	3
2026-02-12	15:45:25.970	-53.095	-44.415	-127.47	0.902556	-0.351116	0.275232	0.0675	0.477	0.0825	0	237	269	3
2026-02-12	15:45:25.990	-40.81	-44.835	-122.15	0.925004	-0.36966	0.29646	0.075	0.4395	0.0855	0	237	269	3
2026-02-12	15:45:26.010	-20.86	-43.365	-115.745	0.940376	-0.385764	0.359168	0.084	0.42	0.084	0	239	268	3
2026-02-12	15:45:26.030	2.73	-40.845	-104.44	0.900116	-0.38186	0.3965	0.099	0.4125	0.093	0	239	268	3
2026-02-12	15:45:26.050	20.93	-41.09	-90.615	0.8845	-0.33916	0.416752	0.0975	0.4005	0.0945	0	239	268	3
2026-02-12	15:45:26.070	30.765	-40.81	-75.845	0.90036	-0.323544	0.43798	0.0975	0.387	0.0945	0	239	268	3
2026-02-12	15:45:26.090	33.39	-42.035	-59.395	0.949648	-0.280356	0.454572	0.1005	0.384	0.0975	0	239	268	3
2026-02-12	15:45:26.110	30.45	-42.315	-42.175	1.038464	-0.2623	0.488976	0.108	0.378	0.1095	0	239	268	3
2026-02-12	15:45:26.130	34.02	-41.195	-25.48	1.128988	-0.260592	0.593896	0.1185	0.369	0.1215	0	239	268	3
2026-02-12	15:45:26.150	42.805	-32.585	-7.035	1.10044	-0.27938	0.666608	0.126	0.3645	0.123	0	239	268	3
2026-02-12	15:45:26.170	56.7	-19.32	13.02	1.265872	-0.201544	0.666364	0.129	0.3645	0.123	0	239	268	3
2026-02-12	15:45:26.190	59.92	-1.295	30.695	1.341512	-0.068564	0.50996	0.129	0.3645	0.123	0	239	268	3
2026-02-12	15:45:26.210	44.695	15.225	40.425	1.446676	0.051484	0.367952	0.123	0.3825	0.135	0	240	281	3
2026-02-12	15:45:26.230	15.785	45.535	50.575	1.360544	0.020008	0.362828	0.1245	0.381	0.1305	0	240	281	3
2026-02-12	15:45:26.250	-0.07	50.505	65.45	1.32736	0.038064	0.345504	0.126	0.393	0.126	0	240	281	3
2026-02-12	15:45:26.270	-13.02	51.24	82.845	1.183156	0.130296	0.225944	0.126	0.396	0.1215	0	240	281	3
2026-02-12	15:45:26.290	-21.385	45.15	92.715	1.023092	0.173728	0.205936	0.1185	0.4035	0.114	0	240	281	3
2026-02-12	15:45:26.310	-15.015	36.155	97.685	0.87474	0.117852	0.247904	0.108	0.4125	0.1095	0	240	281	3
2026-02-12	15:45:26.330	6.09	26.95	102.095	0.812764	0.091256	0.244976	0.108	0.423	0.102	0	240	281	3
2026-02-12	15:45:26.350	27.965	20.93	100.94	0.820328	0.10858	0.190564	0.111	0.4305	0.096	0	240	281	3
2026-02-12	15:45:26.370	43.365	15.505	95.97	0.853024	0.127368	0.13176	0.108	0.4395	0.0915	0	240	281	3
2026-02-12	15:45:26.390	67.655	10.15	89.145	0.920368	0.014884	0.1159	0.105	0.447	0.0885	0	240	281	3
2026-02-12	15:45:26.410	92.33	14.805	88.34	1.05896	-0.080764	0.142252	0.084	0.4785	0.0885	0	242	300	3
2026-02-12	15:45:26.430	109.305	24.92	89.95	1.15046	-0.061488	0.088328	0.09	0.4785	0.0915	0	242	300	3
2026-02-12	15:45:26.450	105.56	32.27	87.92	1.136064	0.02562	-0.006832	0.0855	0.5055	0.084	0	242	300	3
2026-02-12	15:45:26.470	92.435	35.945	84.245	1.109224	-0.090524	-0.021228	0.0735	0.51	0.0855	0	242	300	3
2026-02-12	15:45:26.490	91.525	39.69	83.615	1.120936	-0.22936	0.033672	0.072	0.513	0.0855	0	242	300	3
2026-02-12	15:45:26.510	100.975	42.98	84.21	1.127768	-0.271572	0.102236	0.0675	0.522	0.081	0	242	300	3
2026-02-12	15:45:26.530	103.775	45.465	82.355	1.08824	-0.21716	0.175924	0.063	0.534	0.0735	0	242	300	3
2026-02-12	15:45:26.550	94.36	45.99	78.82	1.03456	-0.201544	0.229116	0.0645	0.546	0.0735	0	242	300	3
2026-02-12	15:45:26.570	83.37	44.975	76.02	0.988444	-0.222528	0.265228	0.0645	0.564	0.069	0	242	300	3
2026-02-12	15:45:26.590	75.04	44.205	72.17	0.978196	-0.241316	0.30866	0.0585	0.5775	0.0615	0	242	300	3
2026-02-12	15:45:26.610	63.035	43.995	67.305	0.977952	-0.237656	0.30744	0.0555	0.5805	0.057	0	246	290	3
2026-02-12	15:45:26.630	41.265	42.105	62.755	0.963068	-0.212524	0.25986	0.0615	0.6105	0.042	0	246	290	3
2026-02-12	15:45:26.650	14.245	38.115	56.525	0.956236	-0.212768	0.218136	0.045	0.609	0.036	0	246	290	3
2026-02-12	15:45:26.670	-6.545	32.97	49.385	0.968436	-0.231312	0.194956	0.057	0.6315	0.0345	0	246	290	3
2026-02-12	15:45:26.690	-19.635	29.505	41.93	0.98088	-0.257908	0.19764	0.0555	0.639	0.033	0	246	290	3
2026-02-12	15:45:26.710	-23.625	26.215	34.475	0.986492	-0.282308	0.20618	0.0525	0.639	0.03	0	246	290	3
2026-02-12	15:45:26.730	-21.91	21.595	26.74	0.994788	-0.27694	0.221796	0.051	0.6465	0.021	0	246	290	3
2026-02-12	15:45:26.750	-16.905	17.605	18.655	0.993324	-0.287432	0.24522	0.054	0.651	0.021	0	246	290	3
2026-02-12	15:45:26.770	-6.195	15.75	13.755	0.979172	-0.299388	0.260836	0.0585	0.651	0.0195	0	246	290	3
2026-02-12	15:45:26.790	8.96	15.295	13.475	0.945012	-0.290116	0.268888	0.0615	0.6555	0.0165	0	246	290	3
2026-02-12	15:45:26.810	30.1	17.185	17.22	0.892552	-0.231312	0.265472	0.06	0.66	0.0195	0	247	272	3
2026-02-12	15:45:26.830	41.825	18.13	17.85	0.936472	-0.111752	0.236192	0.06	0.66	0.0195	0	247	272	3
2026-02-12	15:45:26.850	35.84	16.59	10.395	1.10044	-0.103212	0.223992	0.0735	0.6645	0.0015	0	247	272	3
2026-02-12	15:45:26.870	22.995	14.35	-0.735	1.24928	-0.117608	0.241804	0.072	0.666	0	0	247	272	3
2026-02-12	15:45:26.890	9.94	14.91	-9.765	1.212436	-0.115412	0.254248	0.0645	0.669	0	0	247	272	3
2026-02-12	15:45:26.910	-4.655	15.925	-12.635	1.05652	-0.069296	0.234728	0.0585	0.666	-0.0045	0	247	272	3
2026-02-12	15:45:26.930	-22.855	15.19	-11.41	0.914756	-0.037576	0.221064	0.0645	0.6645	-0.009	0	247	272	3
2026-02-12	15:45:26.950	-43.4	13.895	-6.72	0.796172	-0.04514	0.2135	0.0645	0.6615	-0.009	0	247	272	3
2026-02-12	15:45:26.970	-60.34	9.275	-0.35	0.767136	-0.07905599	0.207156	0.063	0.6615	-0.003	0	247	272	3
2026-02-12	15:45:26.990	-71.925	2.345	3.29	0.79056	-0.108092	0.216916	0.0675	0.663	-0.0075	0	247	272	3
2026-02-12	15:45:27.010	-76.125	-3.15	3.255	0.83082	-0.142496	0.246684	0.066	0.6615	-0.0105	0	244	258	3
2026-02-12	15:45:27.030	-61.32	-6.965	-3.465	0.857904	-0.178608	0.29768	0.0645	0.6615	-0.0045	0	244	258	3
2026-02-12	15:45:27.050	-48.545	-7.98	-11.48	0.874008	-0.158844	0.294996	0.0765	0.6675	-0.006	0	244	258	3
2026-02-12	15:45:27.070	-42.175	-9.415	-22.225	0.912804	-0.142496	0.277428	0.057	0.666	0.003	0	244	258	3
2026-02-12	15:45:27.090	-41.09	-9.835	-33.88	0.915244	-0.123464	0.276452	0.0645	0.6645	0.006	0	244	258	3
2026-02-12	15:45:27.110	-45.815	-10.115	-44.94	0.874984	-0.10004	0.275476	0.063	0.663	0.012	0	244	258	3
2026-02-12	15:45:27.130	-55.825	-12.145	-56.14	0.843264	-0.08295999	0.261324	0.057	0.654	0.015	0	244	258	3
2026-02-12	15:45:27.150	-71.785	-17.5	-66.885	0.808372	-0.064904	0.251076	0.057	0.648	0.009	0	244	258	3
2026-02-12	15:45:27.170	-84.805	-19.285	-77.56	0.874252	-0.198128	0.288408	0.0555	0.639	0.009	0	244	258	3
2026-02-12	15:45:27.190	-65.555	-11.48	-88.025	0.875228	-0.185928	0.332084	0.057	0.6285	0.018	0	244	258	3
2026-02-12	15:45:27.210	-38.815	-10.255	-98.07	0.838628	-0.085644	0.34526	0.054	0.615	0.0225	0	238	254	3
2026-02-12	15:45:27.230	-34.755	-16.835	-109.375	0.83448	-0.07808	0.373076	0.048	0.606	0.024	0	238	254	3
2026-02-12	15:45:27.250	-49.175	-27.055	-121.73	0.850584	-0.133956	0.411628	0.0465	0.6015	0.027	0	238	254	3
2026-02-12	15:45:27.270	-67.515	-36.54	-130.795	0.82472	-0.134444	0.399916	0.0495	0.57	0.0315	0	238	254	3
2026-02-12	15:45:27.290	-88.515	-49.805	-140.35	0.808128	-0.12078	0.377468	0.0435	0.5445	0.036	0	238	254	3
2026-02-12	15:45:27.310	-108.85	-65.03	-149.625	0.856928	-0.203008	0.3965	0.0465	0.531	0.0375	0	238	254	3
2026-02-12	15:45:27.330	-111.09	-73.36	-156.275	0.908412	-0.34282	0.443348	0.0555	0.507	0.0405	0	238	254	3
2026-02-12	15:45:27.350	-93.52	-76.02	-158.025	0.9577	-0.42944	0.498736	0.0495	0.48	0.054	0	238	254	3
2026-02-12	15:45:27.370	-65.695	-76.65	-155.89	1.019676	-0.48678	0.513864	0.054	0.468	0.0585	0	238	254	3
2026-02-12	15:45:27.390	-24.22	-77.245	-150.885	1.134112	-0.590236	0.514352	0.0645	0.444	0.066	0	238	254	3
2026-02-12	15:45:27.410	36.365	-77.105	-142.38	1.351028	-0.743956	0.580476	0.072	0.426	0.072	0	230	272	3
2026-02-12	15:45:27.430	115.85	-64.75	-125.16	1.399584	-0.860832	0.703696	0.078	0.411	0.0855	0	230	272	3
2026-02-12	15:45:27.450	208.985	-35	-82.6	1.347368	-0.714432	0.65758	0.0825	0.4005	0.0945	0	230	272	3
2026-02-12	15:45:27.470	240.66	-3.465	-33.705	1.362008	-0.414556	0.518012	0.0825	0.4005	0.0945	0	230	272	3
2026-02-12	15:45:27.490	187.425	16.695	3.08	1.342732	-0.238388	0.412848	0.105	0.3885	0.1365	0	230	272	3
2026-02-12	15:45:27.510	103.915	30.24	38.78	1.264408	-0.145424	0.32818	0.096	0.4005	0.1395	0	230	272	3
2026-02-12	15:45:27.530	26.04	37.87	72.8	1.167296	-0.133712	0.260104	0.1005	0.402	0.144	0	230	272	3
2026-02-12	15:45:27.550	-23.73	40.285	101.325	1.118252	-0.088084	0.187148	0.099	0.414	0.135	0	230	272	3
2026-02-12	15:45:27.570	-60.585	40.67	123.13	1.093852	-0.06466	0.157868	0.0915	0.411	0.126	0	230	272	3
2026-02-12	15:45:27.590	-89.95	40.705	140	1.092632	-0.129564	0.142496	0.087	0.426	0.1185	0	230	272	3
2026-02-12	15:45:27.610	-97.79	44.485	153.405	1.065548	-0.233996	0.138836	0.0825	0.447	0.111	0	228	304	3
2026-02-12	15:45:27.630	-78.33	41.825	163.45	1.088972	-0.291824	0.115412	0.0765	0.459	0.105	0	228	304	3
2026-02-12	15:45:27.650	-49.245	38.185	169.575	1.141188	-0.269376	0.104188	0.069	0.4755	0.1035	0	228	304	3
2026-02-12	15:45:27.670	-19.145	39.83	174.195	1.124108	-0.25742	0.089792	0.069	0.486	0.1065	0	228	304	3
2026-02-12	15:45:27.690	1.33	42.49	174.265	1.169248	-0.256932	0.099552	0.063	0.537	0.09	0	228	304	3
2026-02-12	15:45:27.710	24.15	49.315	171.64	1.214632	-0.231068	0.089304	0.0585	0.5625	0.081	0	228	304	3
2026-02-12	15:45:27.730	39.83	56.175	167.405	1.237812	-0.226676	0.109068	0.0555	0.585	0.0735	0	228	304	3
2026-02-12	15:45:27.750	49.49	64.82	163.52	1.211704	-0.21594	0.109312	0.0585	0.6045	0.0675	0	228	304	3
2026-02-12	15:45:27.770	46.025	70.805	158.725	1.138748	-0.198128	0.072224	0.0555	0.636	0.0555	0	228	304	3
2026-02-12	15:45:27.790	34.44	71.89	151.725	1.069208	-0.19764	0.033428	0.0675	0.657	0.0435	0	228	304	3
2026-02-12	15:45:27.810	20.825	68.39	141.155	1.011136	-0.207156	0.01342	0.069	0.6675	0.039	0	229	303	3
2026-02-12	15:45:27.830	10.955	61.775	127.47	0.980636	-0.2257	0.038308	0.0765	0.6885	0.033	0	229	303	3
2026-02-12	15:45:27.850	2.765	54.25	112.98	0.940864	-0.228872	0.07808	0.084	0.705	0.0225	0	229	303	3
2026-02-12	15:45:27.870	-8.82	43.61	94.29	0.848632	-0.25132	0.095648	0.0915	0.723	0.012	0	229	303	3
2026-02-12	15:45:27.890	-18.025	31.5	74.83	0.768844	-0.261812	0.1098	0.0975	0.7335	0.009	0	229	303	3
2026-02-12	15:45:27.910	-21.735	21.77	57.33	0.728584	-0.292312	0.118584	0.1005	0.7485	0.003	0	229	303	3
2026-02-12	15:45:27.930	-18.095	13.545	39.375	0.72468	-0.328424	0.133712	0.117	0.7515	0.006	0	229	303	3
2026-02-12	15:45:27.950	-9.905	7.42	22.54	0.71736	-0.32574	0.1403	0.1125	0.771	0.003	0	229	303	3
2026-02-12	15:45:27.970	-1.68	1.61	6.58	0.714188	-0.316468	0.126148	0.108	0.7605	0	0	229	303	3
2026-02-12	15:45:27.990	9.415	-4.2	-9.03	0.731268	-0.320616	0.12078	0.1125	0.7605	0.0075	0	229	303	3
2026-02-12	15:45:28.010	27.195	-10.15	-29.015	0.797636	-0.310856	0.138836	0.111	0.762	0	0	231	270	3
2026-02-12	15:45:28.030	35.84	-12.46	-40.88	0.828624	-0.2989	0.160064	0.111	0.7635	0	0	231	270	3
2026-02-12	15:45:28.050	42.735	-14.84	-55.16	0.845948	-0.283284	0.183244	0.1095	0.7605	0.0045	0	231	270	3
2026-02-12	15:45:28.070	47.11	-17.605	-66.815	0.858636	-0.278648	0.200812	0.105	0.753	0.0045	0	231	270	3
2026-02-12	15:45:28.090	55.86	-21.525	-76.86	0.878644	-0.265228	0.244244	0.1035	0.75	0.0015	0	231	270	3
2026-02-12	15:45:28.110	65.345	-24.395	-84.63	0.939644	-0.229116	0.260836	0.1035	0.75	0.0015	0	231	270	3
2026-02-12	15:45:28.130	64.96	-29.05	-94.92	1.136308	-0.171044	0.221552	0.087	0.7155	-0.0075	0	231	270	3
2026-02-12	15:45:28.150	56.14	-35.665	-110.075	1.309548	-0.210816	0.230824	0.081	0.702	-0.009	0	231	270	3
2026-02-12	15:45:28.170	47.95	-37.38	-114.975	1.309548	-0.247172	0.286944	0.075	0.6945	0	0	231	270	3
2026-02-12	15:45:28.190	41.965	-36.19	-109.585	1.248548	-0.255224	0.342088	0.063	0.6705	-0.0045	0	231	270	3
2026-02-12	15:45:28.210	27.755	-27.51	-98.35	1.142164	-0.266204	0.351604	0.0555	0.6615	0.003	0	234	238	3
2026-02-12	15:45:28.230	1.96	-18.375	-82.88	1.003816	-0.114924	0.296948	0.057	0.654	0.0015	0	234	238	3
2026-02-12	15:45:28.250	-43.715	-15.47	-72.205	0.965752	0.048556	0.24644	0.0585	0.6405	0.0015	0	234	238	3
2026-02-12	15:45:28.270	-86.695	-16.765	-69.09	0.993812	0.0671	0.20252	0.0525	0.636	0.006	0	234	238	3
2026-02-12	15:45:28.290	-110.46	-22.715	-73.64	1.027484	0.043188	0.211792	0.0465	0.63	0.0075	0	234	238	3
2026-02-12	15:45:28.310	-125.23	-27.405	-86.555	1.065304	-0.112728	0.25254	0.0465	0.624	0.0075	0	234	238	3
2026-02-12	15:45:28.330	-120.54	-25.55	-96.46	1.120692	-0.174216	0.287432	0.048	0.594	0.018	0	234	238	3
2026-02-12	15:45:28.350	-110.075	-20.755	-107.625	1.1346	-0.172508	0.290604	0.0495	0.585	0.0285	0	234	238	3
2026-02-12	15:45:28.370	-114.765	-17.43	-118.44	1.098488	-0.231312	0.2684	0.042	0.5685	0.0255	0	234	238	3
2026-02-12	15:45:28.390	-124.18	-13.685	-125.44	1.020408	-0.334768	0.23424	0.039	0.543	0.0255	0	234	238	3
2026-02-12	15:45:28.410	-122.395	-11.48	-129.08	0.94428	-0.383324	0.213012	0.051	0.534	0.0315	0	235	228	3
2026-02-12	15:45:28.430	-106.855	-11.55	-132.265	0.907436	-0.394548	0.199104	0.054	0.519	0.0345	0	235	228	3
2026-02-12	15:45:28.450	-78.365	-13.195	-135.345	0.898896	-0.356728	0.22082	0.048	0.51	0.036	0	235	228	3
2026-02-12	15:45:28.470	-49.98	-16.03	-138.39	0.937448	-0.31476	0.252784	0.048	0.4875	0.033	0	235	228	3
2026-02-12	15:45:28.490	-28.945	-18.83	-141.12	0.975756	-0.296704	0.275964	0.0585	0.465	0.0315	0	235	228	3
2026-02-12	15:45:28.510	-12.355	-23.205	-143.15	0.969168	-0.307928	0.29524	0.0615	0.4455	0.036	0	235	228	3
2026-02-12	15:45:28.530	-0.07	-28.49	-142.135	0.939644	-0.357216	0.339892	0.06	0.4365	0.0375	0	235	228	3
2026-02-12	15:45:28.550	11.725	-31.43	-135.555	0.89914	-0.376492	0.378688	0.072	0.4035	0.039	0	235	228	3
2026-02-12	15:45:28.570	25.97	-35.56	-124.46	0.876448	-0.366488	0.424072	0.0885	0.378	0.0405	0	235	228	3
2026-02-12	15:45:28.590	39.305	-38.64	-110.355	0.870104	-0.369416	0.472628	0.093	0.3645	0.048	0	235	228	3
2026-02-12	15:45:28.610	56.21	-40.145	-92.785	0.913292	-0.360144	0.507276	0.1035	0.3495	0.0585	0	234	237	3
2026-02-12	15:45:28.630	79.17	-42.525	-74.795	1.076772	-0.3782	0.598044	0.108	0.351	0.069	0	234	237	3
2026-02-12	15:45:28.650	109.13	-36.645	-53.97	1.189012	-0.423828	0.686616	0.117	0.339	0.0825	0	234	237	3
2026-02-12	15:45:28.670	138.565	-26.425	-28.49	1.295884	-0.411384	0.779336	0.1185	0.336	0.09	0	234	237	3
2026-02-12	15:45:28.690	154.245	-7.21	-1.155	1.305644	-0.355264	0.76372	0.1215	0.333	0.102	0	234	237	3
2026-02-12	15:45:28.710	139.965	10.15	29.05	1.23586	-0.23058	0.590236	0.1185	0.339	0.1155	0	234	237	3
2026-02-12	15:45:28.730	86.31	26.25	64.75	1.217804	-0.13664	0.412848	0.1155	0.3465	0.126	0	234	237	3
2026-02-12	15:45:28.750	44.38	42.91	97.055	1.177544	-0.110532	0.313784	0.1155	0.3465	0.126	0	234	237	3
2026-02-12	15:45:28.770	39.9	51.695	118.685	1.183888	-0.044896	0.281332	0.111	0.3825	0.129	0	234	237	3
2026-02-12	15:45:28.790	35.105	58.415	134.82	1.189988	0.03416	0.264496	0.093	0.396	0.1215	0	234	237	3
2026-02-12	15:45:28.810	9.135	62.615	146.265	1.122156	0.073444	0.218868	0.087	0.4125	0.1155	0	234	275	3
2026-02-12	15:45:28.830	-26.39	61.845	153.265	1.067744	0.047824	0.20984	0.0765	0.423	0.1125	0	234	275	3
2026-02-12	15:45:28.850	-58.94	58.835	157.57	1.069696	-0.038552	0.252784	0.069	0.4425	0.099	0	234	275	3
2026-02-12	15:45:28.870	-90.405	54.6	166.215	1.072136	-0.147864	0.256932	0.063	0.4575	0.09	0	234	275	3
2026-02-12	15:45:28.890	-119.315	50.61	177.065	1.092388	-0.202276	0.249612	0.0585	0.4695	0.0825	0	234	275	3
2026-02-12	15:45:28.910	-145.18	49.49	186.585	1.130696	-0.230092	0.188612	0.051	0.492	0.0705	0	234	275	3
2026-02-12	15:45:28.930	-164.885	45.745	193.27	1.155828	-0.227896	0.10858	0.0495	0.513	0.0645	0	234	275	3
2026-02-12	15:45:28.950	-176.295	31.325	191.275	1.198772	-0.130784	-0.025864	0.0525	0.525	0.063	0	234	275	3
2026-02-12	15:45:28.970	-180.39	19.74	181.335	1.15168	-0.10858	-0.096624	0.0405	0.573	0.0465	0	234	275	3
2026-02-12	15:45:28.990	-189.14	6.685	167.44	1.115324	-0.102236	-0.147864	0.057	0.6	0.0465	0	234	275	3
2026-02-12	15:45:29.010	-202.475	-5.46	148.96	1.131428	-0.161772	-0.167384	0.054	0.6285	0.0525	0	234	292	3
2026-02-12	15:45:29.030	-202.335	-12.18	129.36	1.164124	-0.259372	-0.174704	0.0645	0.642	0.0645	0	234	292	3
2026-02-12	15:45:29.050	-190.925	-15.785	113.33	1.130452	-0.322812	-0.192272	0.066	0.6585	0.0705	0	234	292	3
2026-02-12	15:45:29.070	-167.475	-18.865	100.31	1.061888	-0.349896	-0.212524	0.063	0.6675	0.0735	0	234	292	3
2026-02-12	15:45:29.090	-136.325	-21.805	89.67	0.993324	-0.365268	-0.217404	0.075	0.6825	0.0945	0	234	292	3
2026-02-12	15:45:29.110	-97.615	-23.59	80.185	0.923296	-0.383812	-0.203496	0.0765	0.687	0.093	0	234	292	3
2026-02-12	15:45:29.130	-51.31	-24.045	71.295	0.88328	-0.40748	-0.175436	0.0765	0.693	0.1005	0	234	292	3
2026-02-12	15:45:29.150	10.045	-23.205	61.355	0.867908	-0.393084	-0.149572	0.078	0.7005	0.1065	0	234	292	3
2026-02-12	15:45:29.170	52.745	-22.225	51.73	0.864492	-0.344772	-0.11102	0.0825	0.708	0.1065	0	234	292	3
2026-02-12	15:45:29.190	57.155	-21.35	45.64	0.902312	-0.335988	0.000732	0.0945	0.7155	0.1065	0	234	292	3
2026-02-12	15:45:29.210	31.745	-17.71	43.68	0.936716	-0.30622	0.046604	0.0945	0.714	0.1185	0	239	248	3
2026-02-12	15:45:29.230	2.24	-12.04	40.355	0.871324	-0.304512	0.012688	0.1065	0.7275	0.1155	0	239	248	3
2026-02-12	15:45:29.250	-10.5	-9.1	34.37	0.810324	-0.29768	-0.016348	0.1035	0.738	0.111	0	239	248	3
2026-02-12	15:45:29.270	-16.1	-7.28	26.25	0.765916	-0.340868	-0.026108	0.1065	0.7425	0.1125	0	239	248	3
2026-02-12	15:45:29.290	-11.165	-5.74	15.715	0.730048	-0.377712	-0.02196	0.1035	0.744	0.1215	0	239	248	3
2026-02-12	15:45:29.310	-0.035	-4.305	3.29	0.713944	-0.404552	-0.011468	0.1125	0.7455	0.1275	0	239	248	3
2026-02-12	15:45:29.330	16.87	-2.765	-9.905	0.707844	-0.43798	0.0183	0.108	0.7425	0.1245	0	239	248	3
2026-02-12	15:45:29.350	41.895	0.315	-23.485	0.72712	-0.45872	0.036112	0.1035	0.7425	0.12	0	239	248	3
2026-02-12	15:45:29.370	76.755	5.425	-41.37	0.743956	-0.437492	0.042212	0.1035	0.7455	0.1185	0	239	248	3
2026-02-12	15:45:29.390	107.975	7.98	-59.92	0.837408	-0.405772	0.04758	0.1035	0.7455	0.1185	0	239	248	3
2026-02-12	15:45:29.410	124.11	10.78	-78.015	0.97966	-0.382836	0.077348	0.0945	0.7305	0.1035	0	244	179	2
2026-02-12	15:45:29.430	133.735	18.13	-98.56	1.146556	-0.419436	0.100284	0.102	0.732	0.0975	0	244	179	2
2026-02-12	15:45:29.450	141.085	25.445	-116.97	1.23098	-0.443592	0.09028	0.087	0.7185	0.0735	0	244	179	2
2026-02-12	15:45:29.470	146.37	25.41	-127.575	1.148752	-0.369904	0.090036	0.078	0.7005	0.0705	0	244	179	2
2026-02-12	15:45:29.490	133.385	18.69	-131.355	1.041392	-0.284504	0.110288	0.0735	0.684	0.063	0	244	179	2
2026-02-12	15:45:29.510	112.77	11.235	-133.14	0.981124	-0.274012	0.161284	0.0645	0.6735	0.0495	0	244	179	2
2026-02-12	15:45:29.530	98.805	6.02	-129.78	0.975268	-0.2989	0.222772	0.0585	0.654	0.0465	0	244	179	2
2026-02-12	15:45:29.550	93.905	3.255	-123.27	0.985516	-0.302804	0.24034	0.057	0.6465	0.0435	0	244	179	2
2026-02-12	15:45:29.570	85.75	-0.525	-116.165	0.977708	-0.194468	0.258152	0.0555	0.63	0.0405	0	244	179	2
2026-02-12	15:45:29.590	39.48	-6.86	-111.65	0.993324	-0.166408	0.251076	0.057	0.6225	0.039	0	244	179	2
2026-02-12	15:45:29.610	14.84	-7.63	-113.505	1.046516	-0.212524	0.226676	0.054	0.5925	0.0405	0	248	134	3
2026-02-12	15:45:29.630	-3.045	-5.915	-117.32	1.108736	-0.233264	0.20008	0.0495	0.579	0.0405	0	248	134	3
2026-02-12	15:45:29.650	-21.98	-2.87	-121.135	1.109468	-0.245952	0.171288	0.0525	0.564	0.033	0	248	134	3
2026-02-12	15:45:29.670	-47.705	-1.61	-124.145	1.093364	-0.231312	0.1525	0.0435	0.5415	0.039	0	248	134	3
2026-02-12	15:45:29.690	-73.185	-1.925	-128.31	1.0797	-0.241072	0.136884	0.045	0.522	0.033	0	248	134	3
2026-02-12	15:45:29.710	-92.82	-3.08	-132.44	1.04554	-0.260104	0.137372	0.0465	0.513	0.033	0	248	134	3
2026-02-12	15:45:29.730	-103.46	-5.845	-135.31	1.027484	-0.31842	0.165432	0.0585	0.486	0.03	0	248	134	3
2026-02-12	15:45:29.750	-109.095	-8.785	-136.99	1.026508	-0.335988	0.213988	0.0525	0.4755	0.0315	0	248	134	3
2026-02-12	15:45:29.770	-116.095	-10.815	-137.55	1.032852	-0.379908	0.251076	0.0555	0.462	0.0285	0	248	134	3
2026-02-12	15:45:29.790	-123.025	-13.965	-134.89	0.920856	-0.409432	0.239852	0.06	0.438	0.0225	0	248	134	3
2026-02-12	15:45:29.810	-120.96	-20.615	-129.955	0.813496	-0.49044	0.243512	0.0615	0.429	0.021	0	248	127	3
2026-02-12	15:45:29.830	-96.11	-25.795	-127.96	0.852536	-0.624152	0.276696	0.0825	0.396	0.012	0	248	127	3
2026-02-12	15:45:29.850	-51.17	-26.845	-123.62	0.938912	-0.71736	0.33916	0.0885	0.375	0.015	0	248	127	3
2026-02-12	15:45:29.870	-7.735	-25.235	-111.93	0.9394	-0.692716	0.35258	0.0975	0.372	0.012	0	248	127	3
2026-02-12	15:45:29.890	23.415	-28.035	-97.195	0.993324	-0.661728	0.288408	0.1035	0.3615	0.015	0	248	127	3
2026-02-12	15:45:29.910	66.535	-33.46	-86.38	1.162904	-0.78568	0.356972	0.111	0.3375	0.024	0	248	127	3
2026-02-12	15:45:29.930	142.275	-25.83	-71.785	1.280512	-1.021384	0.581452	0.117	0.3255	0.03	0	248	127	3
2026-02-12	15:45:29.950	212.17	-3.675	-38.01	1.234884	-0.907924	0.521672	0.123	0.3195	0.048	0	248	127	3
2026-02-12	15:45:29.970	238.035	10.465	5.215	1.199504	-0.533628	0.263764	0.1275	0.324	0.066	0	248	127	3
2026-02-12	15:45:29.990	223.79	17.64	44.485	1.267336	-0.321348	0.102236	0.1275	0.3255	0.0765	0	248	127	3
2026-02-12	15:45:30.010	196.525	33.285	85.75	1.343464	-0.238388	0.094916	0.1275	0.3285	0.087	0	248	150	3
2026-02-12	15:45:30.030	163.905	47.53	125.125	1.326872	-0.096136	0.132248	0.1275	0.3285	0.087	0	248	150	3
2026-02-12	15:45:30.050	125.3	54.11	153.335	1.292224	0.024888	0.172752	0.111	0.3675	0.12	0	248	150	3
2026-02-12	15:45:30.070	74.025	57.89	173.46	1.227076	0.119072	0.205692	0.084	0.384	0.12	0	248	150	3
2026-02-12	15:45:30.090	13.72	57.61	184.17	1.200236	0.08295999	0.221796	0.0765	0.4125	0.1125	0	248	150	3
2026-02-12	15:45:30.110	-44.905	54.075	190.05	1.22488	0.02074	0.21594	0.069	0.429	0.1095	0	248	150	3
2026-02-12	15:45:30.130	-103.46	48.475	196.84	1.186816	-0.073444	0.19154	0.0675	0.45	0.1065	0	248	150	3
2026-02-12	15:45:30.150	-142.87	41.37	202.65	1.135332	-0.199836	0.138836	0.054	0.477	0.096	0	248	150	3
2026-02-12	15:45:30.170	-155.855	31.115	204.925	1.113372	-0.284748	0.070272	0.042	0.5085	0.0885	0	248	150	3
2026-02-12	15:45:30.190	-148.365	18.41	202.965	1.139968	-0.337208	0.011468	0.0465	0.5295	0.0855	0	248	150	3
2026-02-12	15:45:30.210	-127.295	9.31	197.505	1.14192	-0.351848	-0.013664	0.0435	0.54	0.0885	0	250	173	3
2026-02-12	15:45:30.230	-46.76	3.99	187.915	1.072868	-0.577304	-0.085888	0.0405	0.552	0.0915	0	250	173	3
2026-02-12	15:45:30.250	40.705	-0.385	186.13	1.014552	-0.630252	-0.220576	0.042	0.6045	0.0945	0	250	173	3
2026-02-12	15:45:30.270	121.17	-6.58	180.985	0.998204	-0.633668	-0.235948	0.048	0.636	0.096	0	250	173	3
2026-02-12	15:45:30.290	204.19	-7.455	171.115	1.162172	-0.674416	-0.126636	0.0435	0.6675	0.0915	0	250	173	3
2026-02-12	15:45:30.310	274.4	-0.455	161.56	1.187548	-0.56852	-0.05246	0.0525	0.6915	0.0885	0	250	173	3
2026-02-12	15:45:30.330	290.08	6.72	154.56	1.07726	-0.394548	0.022448	0.0675	0.726	0.0795	0	250	173	3
2026-02-12	15:45:30.350	249.76	12.11	144.13	1.009672	-0.33794	0.082716	0.0705	0.75	0.0675	0	250	173	3
2026-02-12	15:45:30.370	194.425	15.435	129.815	0.993324	-0.286212	0.124928	0.0795	0.7635	0.042	0	250	173	3
2026-02-12	15:45:30.390	134.435	19.705	111.72	0.94306	-0.26962	0.143472	0.0945	0.777	0.018	0	250	173	3
2026-02-12	15:45:30.410	81.34	22.96	94.64	0.858636	-0.28426	0.149572	0.099	0.801	0.006	0	256	164	3
2026-02-12	15:45:30.430	37.555	24.15	77.14	0.819108	-0.344528	0.134932	0.102	0.807	0.006	0	256	164	3
2026-02-12	15:45:30.450	15.33	23.555	62.23	0.759328	-0.360632	0.120536	0.1065	0.8145	0.0075	0	256	164	3
2026-02-12	15:45:30.470	9.555	21.91	50.33	0.71248	-0.346236	0.1098	0.1305	0.8295	0	0	256	164	3
2026-02-12	15:45:30.490	7.525	20.23	37.52	0.689056	-0.334036	0.110532	0.129	0.843	0	0	256	164	3
2026-02-12	15:45:30.510	9.695	17.885	24.605	0.68076	-0.319152	0.140544	0.1365	0.8415	-0.009	0	256	164	3
2026-02-12	15:45:30.530	12.39	13.825	11.305	0.674904	-0.29158	0.173972	0.1395	0.8445	-0.0105	0	256	164	3
2026-02-12	15:45:30.550	11.69	8.61	-3.045	0.688568	-0.269132	0.194224	0.144	0.8565	-0.0225	0	256	164	3
2026-02-12	15:45:30.570	8.995	1.995	-18.655	0.716384	-0.261812	0.230336	0.147	0.852	-0.021	0	256	164	3
2026-02-12	15:45:30.590	7.385	-4.515	-34.3	0.748348	-0.262544	0.284992	0.1425	0.8505	-0.015	0	256	164	3
2026-02-12	15:45:30.610	9.275	-10.675	-49.91	0.790804	-0.249124	0.301584	0.1395	0.8475	-0.015	0	261	147	3
2026-02-12	15:45:30.630	9.8	-19.04	-70.28	0.926224	-0.187636	0.278404	0.126	0.846	-0.015	0	261	147	3
2026-02-12	15:45:30.650	2.66	-29.33	-104.58	1.081652	-0.22448	0.27938	0.126	0.846	-0.015	0	261	147	3
2026-02-12	15:45:30.670	-3.29	-36.855	-131.18	1.07848	-0.285724	0.293776	0.126	0.846	-0.015	0	261	147	3
2026-02-12	15:45:30.690	-0.455	-43.785	-141.365	1.008452	-0.261324	0.311832	0.099	0.81	-0.003	0	261	147	3
2026-02-12	15:45:30.710	0.14	-48.65	-146.195	0.953064	-0.201544	0.324764	0.0825	0.786	0.0015	0	261	147	3
2026-02-12	15:45:30.730	-2.45	-51.45	-149.66	0.92232	-0.1769	0.326228	0.0795	0.771	0.0015	0	261	147	3
2026-02-12	15:45:30.750	-2.065	-54.355	-153.72	0.962336	-0.160796	0.31232	0.0645	0.7545	0.0015	0	261	147	3
2026-02-12	15:45:30.770	-2.415	-58.135	-157.185	0.997228	-0.148108	0.292556	0.0525	0.7275	0.0195	0	261	147	3
2026-02-12	15:45:30.790	-2.345	-62.86	-161.7	1.050664	-0.14518	0.27938	0.0435	0.711	0.0255	0	261	147	3
2026-02-12	15:45:30.810	-2.1	-67.55	-169.015	1.14192	-0.153232	0.293776	0.036	0.6855	0.0405	0	265	153	2
2026-02-12	15:45:30.830	-6.58	-68.88	-177.03	1.218536	-0.185928	0.31598	0.03	0.6585	0.036	0	265	153	2
2026-02-12	15:45:30.850	-18.235	-67.025	-183.365	1.29198	-0.189588	0.320372	0.015	0.639	0.051	0	265	153	2
2026-02-12	15:45:30.870	-52.78	-59.22	-188.895	1.3237	-0.153232	0.266936	0.015	0.639	0.051	0	265	153	2
2026-02-12	15:45:30.890	-83.545	-53.935	-189.84	1.296128	-0.164212	0.223504	0.015	0.567	0.069	0	265	153	2
2026-02-12	15:45:30.910	-109.795	-51.275	-188.335	1.30418	-0.184708	0.196908	0.006	0.546	0.0825	0	265	153	2
2026-02-12	15:45:30.930	-133.875	-50.645	-180.425	1.28588	-0.183732	0.15738	0.0225	0.5175	0.081	0	265	153	2
2026-02-12	15:45:30.950	-164.675	-51.03	-166.285	1.111176	-0.183	0.123464	0.0225	0.4845	0.093	0	265	153	2
2026-02-12	15:45:30.970	-191.66	-58.1	-153.09	1.003816	-0.224724	0.13786	0.024	0.4545	0.093	0	265	153	2
2026-02-12	15:45:30.990	-202.86	-69.09	-148.82	1.074576	-0.380152	0.234972	0.042	0.4305	0.0915	0	265	153	2
2026-02-12	15:45:31.010	-184.975	-73.43	-145.88	1.082872	-0.546316	0.361608	0.042	0.405	0.09	0	266	177	3
2026-02-12	15:45:31.030	-134.995	-71.33	-137.655	1.048224	-0.721508	0.4575	0.057	0.3795	0.081	0	266	177	3
2026-02-12	15:45:31.050	-64.26	-66.57	-124.88	1.006744	-0.72956	0.456524	0.075	0.3495	0.0825	0	266	177	3
2026-02-12	15:45:31.070	8.4	-63.56	-110.145	1.080432	-0.659288	0.422364	0.0825	0.339	0.087	0	266	177	3
2026-02-12	15:45:31.090	84.56	-62.615	-98.665	1.344196	-0.758352	0.53436	0.0825	0.339	0.087	0	266	177	3
2026-02-12	15:45:31.110	166.18	-44.31	-75.88	1.211948	-0.871812	0.66002	0.0945	0.3195	0.114	0	266	177	3
2026-02-12	15:45:31.130	229.845	-27.615	-34.79	1.074088	-0.70516	0.548024	0.1095	0.309	0.1305	0	266	177	3
2026-02-12	15:45:31.150	242.83	-19.075	5.215	1.087752	-0.353068	0.444812	0.111	0.3165	0.1545	0	266	177	3
2026-02-12	15:45:31.170	191.17	-0.84	32.13	1.073844	-0.172264	0.391376	0.1185	0.327	0.18	0	266	177	3
2026-02-12	15:45:31.190	125.02	14.14	54.46	1.035536	-0.143716	0.358924	0.1185	0.3435	0.198	0	266	177	3
2026-02-12	15:45:31.210	85.4	25.13	77.28	0.960628	-0.13054	0.338184	0.108	0.3615	0.2055	0	268	216	3
2026-02-12	15:45:31.230	74.69	35.945	98.07	0.947208	-0.067832	0.359412	0.0975	0.375	0.2115	0	268	216	3
2026-02-12	15:45:31.250	60.34	45.57	111.825	0.981124	0.00732	0.376492	0.093	0.39	0.2085	0	268	216	3
2026-02-12	15:45:31.270	31.395	55.72	117.145	1.030656	0.01586	0.361608	0.0765	0.408	0.207	0	268	216	3
2026-02-12	15:45:31.290	-10.955	63.805	120.925	1.131672	0.005612	0.317688	0.072	0.426	0.1965	0	268	216	3
2026-02-12	15:45:31.310	-59.92	68.845	129.64	1.195356	-0.060268	0.32818	0.072	0.426	0.1965	0	268	216	3
2026-02-12	15:45:31.330	-94.885	73.115	140.595	1.21268	-0.136396	0.289384	0.042	0.462	0.189	0	268	216	3
2026-02-12	15:45:31.350	-116.375	80.815	151.76	1.256356	-0.16592	0.239852	0.039	0.471	0.1755	0	268	216	3
2026-02-12	15:45:31.370	-139.37	87.045	159.74	1.246352	-0.157624	0.158356	0.0285	0.492	0.1575	0	268	216	3
2026-02-12	15:45:31.390	-160.895	86.03	163.905	1.20902	-0.134444	0.070272	0.021	0.5175	0.141	0	268	216	3
2026-02-12	15:45:31.410	-172.34	76.895	164.08	1.238788	-0.18422	-0.029036	0.012	0.54	0.1275	0	271	252	3
2026-02-12	15:45:31.430	-166.565	65.73	165.935	1.221952	-0.277672	-0.01586	0.009	0.561	0.1125	0	271	252	3
2026-02-12	15:45:31.450	-134.82	55.755	168.875	1.16388	-0.386252	0.017324	0.0015	0.579	0.1005	0	271	252	3
2026-02-12	15:45:31.470	-78.89	44.38	171.01	1.1712	-0.43432	0.0366	0.009	0.603	0.1005	0	271	252	3
2026-02-12	15:45:31.490	-18.165	39.445	167.16	1.346636	-0.399184	0.056364	0.012	0.6375	0.0975	0	271	252	3
2026-02-12	15:45:31.510	29.365	46.865	156.87	1.16388	-0.298168	0.053436	0.024	0.657	0.084	0	271	252	3
2026-02-12	15:45:31.530	47.67	47.635	147.805	1.038952	-0.265472	0.06222	0.027	0.684	0.0765	0	271	252	3
2026-02-12	15:45:31.550	56.42	46.76	134.925	0.958676	-0.263032	0.038552	0.0285	0.7005	0.0675	0	271	252	3
2026-02-12	15:45:31.570	60.585	41.51	119.07	1.044808	-0.258152	0.068808	0.045	0.726	0.06	0	271	252	3
2026-02-12	15:45:31.590	56.035	40.04	103.74	0.964288	-0.24278	0.0854	0.0435	0.753	0.057	0	271	252	3
2026-02-12	15:45:31.610	50.925	35.91	91.14	0.855952	-0.229848	0.091744	0.0555	0.7635	0.039	0	274	250	3
2026-02-12	15:45:31.630	47.88	28.385	78.925	0.81862	-0.222284	0.0854	0.063	0.7755	0.0255	0	274	250	3
2026-02-12	15:45:31.650	47.39	20.09	63.595	0.936228	-0.214964	0.09467199	0.066	0.7875	0.015	0	274	250	3
2026-02-12	15:45:31.670	43.54	16.38	46.865	0.948916	-0.20008	0.110776	0.0735	0.795	0.0105	0	274	250	3
2026-02-12	15:45:31.690	32.305	14.56	32.935	0.846436	-0.190808	0.101016	0.0885	0.798	0.0015	0	274	250	3
2026-02-12	15:45:31.710	23.45	5.18	15.645	0.802516	-0.203252	0.092476	0.0885	0.8055	0.003	0	274	250	3
2026-02-12	15:45:31.730	26.495	-6.195	-3.08	0.82228	-0.228384	0.145668	0.087	0.8055	-0.006	0	274	250	3
2026-02-12	15:45:31.750	36.155	-14.77	-19.88	0.909876	-0.231312	0.186172	0.0855	0.8115	-0.006	0	274	250	3
2026-02-12	15:45:31.770	45.15	-22.19	-40.81	1.027972	-0.223748	0.203496	0.09	0.81	0	0	274	250	3
2026-02-12	15:45:31.790	55.055	-26.46	-62.93	1.079456	-0.278404	0.268644	0.0795	0.7935	-0.0135	0	274	250	3
2026-02-12	15:45:31.810	68.11	-28.49	-78.295	1.008208	-0.28548	0.330376	0.0795	0.801	-0.009	0	274	225	2
2026-02-12	15:45:31.830	78.015	-29.925	-86.03	0.915732	-0.247172	0.359412	0.0705	0.786	-0.018	0	274	225	2
2026-02-12	15:45:31.850	76.055	-30.065	-87.5	0.826428	-0.180316	0.342088	0.0615	0.7635	-0.0135	0	274	225	2
2026-02-12	15:45:31.870	64.54	-33.32	-87.5	0.806908	-0.119072	0.31476	0.06	0.7665	-0.024	0	274	225	2
2026-02-12	15:45:31.890	52.01	-37.835	-89.705	0.836676	-0.076616	0.305976	0.0465	0.7455	-0.021	0	274	225	2
2026-02-12	15:45:31.910	41.23	-43.05	-94.15	0.860832	-0.069784	0.289872	0.0345	0.735	-0.018	0	274	225	2
2026-02-12	15:45:31.930	33.705	-52.71	-101.185	0.960628	-0.07442	0.298656	0.0285	0.7185	-0.0135	0	274	225	2
2026-02-12	15:45:31.950	22.26	-58.66	-109.725	1.056764	-0.084668	0.333304	0.033	0.6975	-0.0045	0	274	225	2
2026-02-12	15:45:31.970	7.56	-60.06	-119.175	1.132404	-0.09857599	0.354532	0.027	0.6825	0.0015	0	274	225	2
2026-02-12	15:45:31.990	-11.55	-58.275	-129.22	1.186084	-0.122732	0.368928	0.0165	0.666	0.0045	0	274	225	2
2026-02-12	15:45:32.010	-30.45	-54.53	-137.06	1.202188	-0.152988	0.370148	0.012	0.6495	0.0225	0	271	215	3
2026-02-12	15:45:32.030	-47.88	-50.505	-141.89	1.159244	-0.159088	0.344284	0.0075	0.6285	0.03	0	271	215	3
2026-02-12	15:45:32.050	-63.77	-48.195	-145.04	1.086532	-0.16226	0.309636	0.0075	0.6135	0.036	0	271	215	3
2026-02-12	15:45:32.070	-76.755	-47.95	-147.455	1.036756	-0.173728	0.288164	0.003	0.585	0.0525	0	271	215	3
2026-02-12	15:45:32.090	-82.74	-48.615	-148.575	1.009184	-0.19764	0.292068	0	0.561	0.054	0	271	215	3
2026-02-12	15:45:32.110	-85.47	-50.015	-148.82	0.994544	-0.193736	0.304268	0.0045	0.534	0.0645	0	271	215	3
2026-02-12	15:45:32.130	-90.685	-51.17	-149.87	0.989176	-0.199836	0.316468	-0.003	0.5145	0.057	0	271	215	3
2026-02-12	15:45:32.150	-93.17	-52.5	-150.92	0.991372	-0.280112	0.307196	-0.003	0.5145	0.057	0	271	215	3
2026-02-12	15:45:32.170	-85.855	-55.72	-149.45	1.016016	-0.332572	0.318908	0.012	0.4605	0.0675	0	271	215	3
2026-02-12	15:45:32.190	-69.685	-57.365	-147.49	1.041636	-0.37698	0.368928	0.018	0.4425	0.0795	0	271	215	3
2026-02-12	15:45:32.210	-46.515	-56.665	-142.695	1.030168	-0.412848	0.41724	0.0285	0.414	0.081	0	265	231	3
2026-02-12	15:45:32.230	-21.14	-56.595	-134.19	1.053836	-0.385276	0.412848	0.0375	0.3945	0.087	0	265	231	3
2026-02-12	15:45:32.250	1.295	-61.005	-126.385	1.142652	-0.366732	0.36844	0.048	0.372	0.0945	0	265	231	3
2026-02-12	15:45:32.270	40.88	-65.275	-121.555	1.358592	-0.518988	0.58072	0.0645	0.363	0.105	0	265	231	3
2026-02-12	15:45:32.290	106.26	-46.83	-104.44	1.326628	-0.681492	0.785436	0.066	0.336	0.1185	0	265	231	3
2026-02-12	15:45:32.310	169.33	-25.9	-72.24	1.301496	-0.532896	0.684664	0.075	0.3345	0.126	0	265	231	3
2026-02-12	15:45:32.330	175.77	-8.645	-31.885	1.183156	-0.294508	0.480192	0.0825	0.3315	0.144	0	265	231	3
2026-02-12	15:45:32.350	125.895	12.04	14	1.124596	-0.225212	0.339648	0.078	0.336	0.168	0	265	231	3
2026-02-12	15:45:32.370	99.085	32.9	56.035	1.081652	-0.1647	0.293776	0.078	0.336	0.168	0	265	231	3
2026-02-12	15:45:32.390	97.125	43.785	86.45	1.061644	0.015616	0.29402	0.0825	0.351	0.168	0	265	231	3
2026-02-12	15:45:32.410	70.245	53.9	109.69	1.077992	0.155428	0.305244	0.063	0.363	0.1695	0	258	266	3
2026-02-12	15:45:32.430	13.055	62.79	124.18	1.109956	0.174704	0.26962	0.0645	0.381	0.171	0	258	266	3
2026-02-12	15:45:32.450	-53.06	68.075	134.19	1.101172	0.122488	0.212768	0.051	0.4035	0.1635	0	258	266	3
2026-02-12	15:45:32.470	-107.975	72.31	145.53	1.098244	-0.01708	0.199348	0.039	0.408	0.1515	0	258	266	3
2026-02-12	15:45:32.490	-131.425	66.01	162.05	1.124108	-0.15616	0.208376	0.03	0.4305	0.144	0	258	266	3
2026-02-12	15:45:32.510	-128.415	58.03	180.46	1.147532	-0.205692	0.229116	0.018	0.4455	0.1185	0	258	266	3
2026-02-12	15:45:32.530	-104.09	55.65	193.515	1.18584	-0.24522	0.193736	0.015	0.474	0.102	0	258	266	3
2026-02-12	15:45:32.550	-73.01	55.58	201.845	1.225368	-0.23302	0.16104	0.0105	0.5025	0.096	0	258	266	3
2026-02-12	15:45:32.570	-40.04	56.315	205.415	1.255624	-0.271328	0.101748	0.0045	0.531	0.087	0	258	266	3
2026-02-12	15:45:32.590	1.68	54.705	201.25	1.27734	-0.228628	0.077592	0.003	0.564	0.072	0	258	266	3
2026-02-12	15:45:32.610	22.155	53.9	193.515	1.169004	-0.15982	0.057828	0.003	0.597	0.057	0	252	288	3
2026-02-12	15:45:32.630	31.185	50.015	182.525	1.074332	-0.16104	0.055388	0.0015	0.63	0.054	0	252	288	3
2026-02-12	15:45:32.650	37.52	44.94	168.14	1.066768	-0.17446	0.07198	0.006	0.657	0.042	0	252	288	3
2026-02-12	15:45:32.670	39.445	40.74	150.57	1.014064	-0.173972	0.063196	0.0225	0.6735	0.033	0	252	288	3
2026-02-12	15:45:32.690	38.08	33.075	132.265	0.890112	-0.223016	0.069052	0.03	0.7095	0.0225	0	252	288	3
2026-02-12	15:45:32.710	45.325	21.91	115.29	0.846436	-0.301096	0.122488	0.036	0.726	0.021	0	252	288	3
2026-02-12	15:45:32.730	61.53	14.35	97.37	0.881572	-0.326228	0.169824	0.045	0.7395	0.0135	0	252	288	3
2026-02-12	15:45:32.750	75.32	13.545	81.095	0.853024	-0.313296	0.182512	0.048	0.7545	0.009	0	252	288	3
2026-02-12	15:45:32.770	81.095	13.93	67.095	0.853512	-0.288652	0.174704	0.0555	0.765	0.0015	0	252	288	3
2026-02-12	15:45:32.790	76.3	14.595	44.555	0.872788	-0.256932	0.156404	0.0555	0.765	0.0015	0	252	288	3
2026-02-12	15:45:32.810	69.09	15.225	28.28	0.87352	-0.263764	0.143472	0.06	0.7695	-0.012	0	248	275	3
2026-02-12	15:45:32.830	63.42	14.035	12.32	0.93574	-0.266936	0.130296	0.0645	0.774	-0.0255	0	248	275	3
2026-02-12	15:45:32.850	57.33	13.125	-1.225	0.937936	-0.262544	0.123708	0.072	0.78	-0.0345	0	248	275	3
2026-02-12	15:45:32.870	52.465	10.92	-10.71	0.916464	-0.254248	0.141764	0.0675	0.7785	-0.039	0	248	275	3
2026-02-12	15:45:32.890	51.1	7.175	-17.535	0.931348	-0.237412	0.171288	0.0735	0.777	-0.0525	0	248	275	3
2026-02-12	15:45:32.910	51.03	3.605	-23.275	0.9516	-0.230824	0.203008	0.072	0.774	-0.0525	0	248	275	3
2026-02-12	15:45:32.930	52.92	-0.525	-27.58	0.988444	-0.234728	0.225944	0.066	0.7635	-0.0585	0	248	275	3
2026-02-12	15:45:32.950	57.89	-8.085	-31.605	1.121424	-0.215696	0.232776	0.069	0.762	-0.06	0	248	275	3
2026-02-12	15:45:32.970	61.04	-15.54	-37.31	1.18096	-0.20496	0.271572	0.069	0.756	-0.066	0	248	275	3
2026-02-12	15:45:32.990	62.405	-21.77	-39.62	1.106052	-0.211792	0.329888	0.0615	0.7485	-0.0675	0	248	275	3
2026-02-12	15:45:33.010	66.465	-25.13	-34.825	0.936228	-0.149816	0.408212	0.0615	0.7485	-0.0675	0	243	251	3
2026-02-12	15:45:33.030	64.995	-24.325	-29.19	0.828868	-0.052948	0.41358	0.054	0.738	-0.0675	0	243	251	3
2026-02-12	15:45:33.050	51.52	-25.375	-29.89	0.803736	0.0244	0.394792	0.048	0.729	-0.0675	0	243	251	3
2026-02-12	15:45:33.070	26.39	-28.315	-37.52	0.807884	0.040748	0.377712	0.0435	0.7245	-0.0705	0	243	251	3
2026-02-12	15:45:33.090	-2.03	-34.16	-50.295	0.826672	0.024644	0.359412	0.051	0.723	-0.069	0	243	251	3
2026-02-12	15:45:33.110	-27.37	-40.215	-65.065	0.849852	-0.033184	0.33428	0.0405	0.702	-0.0615	0	243	251	3
2026-02-12	15:45:33.130	-43.96	-45.36	-80.5	0.889624	-0.07905599	0.315492	0.0315	0.7065	-0.054	0	243	251	3
2026-02-12	15:45:33.150	-54.355	-48.3	-96.67	0.936716	-0.134932	0.314272	0.024	0.6795	-0.045	0	243	251	3
2026-02-12	15:45:33.170	-56.35	-47.075	-112.035	0.947452	-0.167628	0.331108	0.024	0.681	-0.039	0	243	251	3
2026-02-12	15:45:33.190	-52.08	-43.61	-125.37	0.948428	-0.180072	0.34404	0.0225	0.6735	-0.0315	0	243	251	3
2026-02-12	15:45:33.210	-51.24	-39.69	-138.775	0.93574	-0.171532	0.331108	0.012	0.645	-0.0225	0	238	247	3
2026-02-12	15:45:33.230	-56.315	-38.955	-149.625	0.934032	-0.165432	0.309636	0.009	0.624	-0.015	0	238	247	3
2026-02-12	15:45:33.250	-63.98	-41.86	-156.59	0.933544	-0.155916	0.299876	0.003	0.5925	-0.0045	0	238	247	3
2026-02-12	15:45:33.270	-78.715	-47.145	-162.085	0.937204	-0.143716	0.31964	0	0.5835	-0.0015	0	238	247	3
2026-02-12	15:45:33.290	-122.115	-56.14	-164.08	0.944524	-0.09882	0.351604	0	0.558	0.006	0	238	247	3
2026-02-12	15:45:33.310	-210.28	-68.46	-160.58	1.012844	-0.116144	0.376248	-0.0015	0.5445	0.015	0	238	247	3
2026-02-12	15:45:33.330	-309.505	-68.11	-153.755	1.067988	-0.234484	0.374296	0.0015	0.51	0.0225	0	238	247	3
2026-02-12	15:45:33.350	-345.555	-58.345	-143.57	1.09312	-0.473116	0.375272	-0.003	0.48	0.0195	0	238	247	3
2026-02-12	15:45:33.370	-303.765	-42.49	-128.205	1.036024	-0.639524	0.376736	0.0105	0.4695	0.0255	0	238	247	3
2026-02-12	15:45:33.390	-230.825	-35.35	-109.62	0.961116	-0.678076	0.35502	0.015	0.447	0.021	0	238	247	3
2026-02-12	15:45:33.410	-152.285	-29.995	-90.755	0.97356	-0.8052	0.339404	0.0195	0.42	0.0135	0	231	262	2
2026-02-12	15:45:33.430	-23.625	-17.08	-53.375	0.961848	-0.856684	0.334524	0.0195	0.42	0.0135	0	231	262	2
2026-02-12	15:45:33.450	42.35	-12.355	-23.485	0.93574	-0.724924	0.269864	0.024	0.4095	0.0105	0	231	262	2
2026-02-12	15:45:33.470	82.425	-15.05	3.36	1.072868	-0.532408	0.18666	0.027	0.396	0.009	0	231	262	2
2026-02-12	15:45:33.490	103.985	-21.595	16.1	1.37128	-0.435784	0.205448	0.027	0.3945	0.012	0	231	262	2
2026-02-12	15:45:33.510	122.01	-17.36	23.275	1.410076	-0.497516	0.357216	0.027	0.399	0.0255	0	231	262	2
2026-02-12	15:45:33.530	143.815	-6.23	40.46	1.311012	-0.487512	0.453352	0.0135	0.4095	0.033	0	231	262	2
2026-02-12	15:45:33.550	155.225	3.885	58.52	1.225612	-0.283284	0.456524	0.0285	0.411	0.045	0	231	262	2
2026-02-12	15:45:33.570	130.55	14.175	70.455	1.110444	-0.106872	0.395036	0.0285	0.414	0.0525	0	231	262	2
2026-02-12	15:45:33.590	80.64	19.32	75.46	1.04066	-0.09272	0.333792	0.0195	0.4305	0.0555	0	231	262	2
2026-02-12	15:45:33.610	40.39	21.63	79.275	0.982344	-0.186416	0.30134	0.0135	0.441	0.048	0	228	282	3
2026-02-12	15:45:33.630	30.59	21	89.215	0.966728	-0.22936	0.301584	0.0165	0.4545	0.0495	0	228	282	3
2026-02-12	15:45:33.650	28.595	20.405	101.78	0.962824	-0.187148	0.292312	0.0165	0.4545	0.0495	0	228	282	3
2026-02-12	15:45:33.670	15.155	19.425	111.02	0.954284	-0.177144	0.26108	0.0075	0.471	0.0495	0	228	282	3
2026-02-12	15:45:33.690	2.695	17.465	118.44	0.982588	-0.223748	0.233264	0.003	0.504	0.0435	0	228	282	3
2026-02-12	15:45:33.710	4.515	14	124.81	1.0614	-0.266692	0.226432	0.0075	0.5205	0.0375	0	228	282	3
2026-02-12	15:45:33.730	16.94	11.97	130.97	1.056276	-0.2684	0.21228	-0.0015	0.5355	0.048	0	228	282	3
2026-02-12	15:45:33.750	32.935	11.165	134.995	1.031388	-0.27328	0.192516	-0.0015	0.555	0.039	0	228	282	3
2026-02-12	15:45:33.770	49.595	11.97	136.08	1.035536	-0.300852	0.177632	0	0.576	0.039	0	228	282	3
2026-02-12	15:45:33.790	64.155	14.805	135.065	1.097756	-0.295484	0.1769	0.003	0.5955	0.0375	0	228	282	3
2026-02-12	15:45:33.810	69.405	20.3	131.495	1.111664	-0.283772	0.176656	0.0045	0.6165	0.0285	0	227	292	3
2026-02-12	15:45:33.830	68.11	26.075	125.615	1.075796	-0.291336	0.168116	0.009	0.639	0.027	0	227	292	3
2026-02-12	15:45:33.850	62.545	30.765	111.125	1.021384	-0.337208	0.16226	0.015	0.6585	0.018	0	227	292	3
2026-02-12	15:45:33.870	57.715	32.515	101.815	0.994544	-0.38186	0.162992	0.0165	0.672	0.0105	0	227	292	3
2026-02-12	15:45:33.890	49.98	32.9	94.045	0.98088	-0.395036	0.163724	0.021	0.696	0.0015	0	227	292	3
2026-02-12	15:45:33.910	35.945	31.885	87.815	0.966728	-0.401624	0.156892	0.024	0.7065	0	0	227	292	3
2026-02-12	15:45:33.930	14.805	27.755	83.09	0.95892	-0.416752	0.165432	0.039	0.711	-0.0075	0	227	292	3
2026-02-12	15:45:33.950	-4.305	22.575	79.8	0.965996	-0.446276	0.19398	0.036	0.7215	-0.018	0	227	292	3
2026-02-12	15:45:33.970	-9.8	19.845	77.91	0.951112	-0.448228	0.22814	0.0495	0.7365	-0.0105	0	227	292	3
2026-02-12	15:45:33.990	-4.935	19.075	77.35	0.9089	-0.445544	0.248636	0.057	0.7545	-0.021	0	227	292	3
2026-02-12	15:45:34.010	3.955	16.94	77.455	0.859124	-0.404796	0.22692	0.057	0.7545	-0.021	0	224	283	3
2026-02-12	15:45:34.030	2.8	14.945	76.965	0.82716	-0.387472	0.207644	0.0645	0.768	-0.024	0	224	283	3
2026-02-12	15:45:34.050	1.82	12.355	74.97	0.806908	-0.39162	0.187392	0.066	0.7845	-0.0255	0	224	283	3
2026-02-12	15:45:34.070	11.62	6.51	71.925	0.792756	-0.390644	0.171532	0.066	0.7845	-0.0255	0	224	283	3
2026-02-12	15:45:34.090	20.685	1.54	69.37	0.7991	-0.348188	0.184708	0.078	0.7965	-0.0285	0	224	283	3
2026-02-12	15:45:34.110	27.405	-2.31	63.875	0.797392	-0.320616	0.214964	0.093	0.81	-0.0285	0	224	283	3
2026-02-12	15:45:34.130	36.12	-4.2	54.6	0.7991	-0.310124	0.2501	0.096	0.81	-0.027	0	224	283	3
2026-02-12	15:45:34.150	47.04	-4.62	42.14	0.804712	-0.309392	0.27694	0.111	0.8205	-0.0345	0	224	283	3
2026-02-12	15:45:34.170	58.485	-4.34	28.385	0.796172	-0.30866	0.303292	0.108	0.8235	-0.036	0	224	283	3
2026-02-12	15:45:34.190	70.14	-3.395	14	0.788852	-0.314516	0.337696	0.1065	0.8235	-0.042	0	224	283	3
2026-02-12	15:45:34.210	82.04	-2.31	-0.665	0.770308	-0.295728	0.355752	0.1095	0.831	-0.045	0	220	267	2
2026-02-12	15:45:34.230	90.3	-2.38	-16.275	0.752496	-0.255712	0.348432	0.114	0.825	-0.0435	0	220	267	2
2026-02-12	15:45:34.250	90.475	-3.955	-33.425	0.765916	-0.182024	0.31476	0.1065	0.816	-0.057	0	220	267	2
2026-02-12	15:45:34.270	71.75	-11.97	-64.4	0.90158	-0.097112	0.277672	0.1125	0.8175	-0.075	0	220	267	2
2026-02-12	15:45:34.290	41.125	-19.775	-103.215	1.014064	-0.105896	0.299876	0.099	0.807	-0.075	0	220	267	2
2026-02-12	15:45:34.310	19.04	-24.92	-129.465	1.020896	-0.14762	0.358192	0.0825	0.786	-0.075	0	220	267	2
2026-02-12	15:45:34.330	0.735	-28.735	-145.39	0.943304	-0.165676	0.408456	0.0735	0.7665	-0.075	0	220	267	2
2026-02-12	15:45:34.350	-24.955	-29.295	-150.465	0.839604	-0.1464	0.407968	0.069	0.7575	-0.0765	0	220	267	2
2026-02-12	15:45:34.370	-51.625	-31.115	-152.145	0.82106	-0.149084	0.37088	0.057	0.738	-0.0735	0	220	267	2
2026-02-12	15:45:34.390	-68.635	-35.42	-155.61	0.890356	-0.149572	0.355508	0.0465	0.7185	-0.072	0	220	267	2
2026-02-12	15:45:34.410	-76.545	-39.795	-160.09	0.966972	-0.173972	0.35624	0.036	0.699	-0.054	0	216	266	2
2026-02-12	15:45:34.430	-72.975	-43.645	-163.975	1.032608	-0.185196	0.356484	0.024	0.6795	-0.0375	0	216	266	2
2026-02-12	15:45:34.450	-67.62	-46.62	-167.685	1.10776	-0.205936	0.34404	0.018	0.654	-0.0315	0	216	266	2
2026-02-12	15:45:34.470	-62.79	-47.18	-172.305	1.20658	-0.273036	0.351604	0.018	0.633	-0.0375	0	216	266	2
2026-02-12	15:45:34.490	-53.515	-41.825	-176.435	1.258552	-0.3111	0.368196	0.006	0.6105	-0.021	0	216	266	2
2026-02-12	15:45:34.510	-57.33	-37.31	-175.105	1.24318	-0.28914	0.346724	0.006	0.5775	-0.0165	0	216	266	2
2026-02-12	15:45:34.530	-69.895	-34.195	-171.045	1.18218	-0.272792	0.321348	0.0045	0.54	-0.009	0	216	266	2
2026-02-12	15:45:34.550	-84.77	-34.265	-163.03	1.093608	-0.282552	0.312808	0.003	0.5205	-0.0045	0	216	266	2
2026-02-12	15:45:34.570	-92.855	-35.875	-152.46	1.025288	-0.321348	0.360144	0.003	0.507	-0.0045	0	216	266	2
2026-02-12	15:45:34.590	-89.495	-36.61	-140.805	0.960384	-0.331108	0.421876	0	0.48	-0.006	0	216	266	2
2026-02-12	15:45:34.610	-83.23	-38.325	-130.27	0.945256	-0.3355	0.451644	0.0135	0.459	0.006	0	211	282	3
2026-02-12	15:45:34.630	-78.225	-39.69	-120.75	0.927444	-0.3721	0.45872	0.0135	0.4395	-0.0015	0	211	282	3
2026-02-12	15:45:34.650	-72.87	-39.55	-108.92	0.91744	-0.411872	0.432856	0.0225	0.4185	0.003	0	211	282	3
2026-02-12	15:45:34.670	-65.66	-39.655	-95.06	0.931836	-0.388204	0.410408	0.024	0.408	0.0045	0	211	282	3
2026-02-12	15:45:34.690	-59.43	-37.24	-79.45	0.863272	-0.368196	0.404552	0.027	0.3885	0.009	0	211	282	3
2026-02-12	15:45:34.710	-41.3	-37.94	-53.165	0.816424	-0.416996	0.457988	0.027	0.3885	0.009	0	211	282	3
2026-02-12	15:45:34.730	-12.04	-37.485	-37.625	0.885232	-0.426024	0.533872	0.0345	0.3765	0.0105	0	211	282	3
2026-02-12	15:45:34.750	11.935	-34.405	-19.39	0.85766	-0.35868	0.580964	0.042	0.366	0.021	0	211	282	3
2026-02-12	15:45:34.770	18.48	-31.15	-1.085	0.857416	-0.288164	0.581696	0.042	0.3675	0.03	0	211	282	3
2026-02-12	15:45:34.790	14.28	-31.605	11.515	1.006988	-0.233508	0.500444	0.042	0.3675	0.0315	0	211	282	3
2026-02-12	15:45:34.810	9.555	-34.265	14.35	1.288808	-0.265472	0.575352	0.045	0.3705	0.0285	0	207	314	3
2026-02-12	15:45:34.830	16.555	-20.195	19.775	1.351516	-0.36844	0.771284	0.045	0.36	0.042	0	207	314	3
2026-02-12	15:45:34.850	22.785	0.735	35.875	1.185596	-0.3538	0.761524	0.0465	0.369	0.0435	0	207	314	3
2026-02-12	15:45:34.870	23.94	13.23	52.43	1.14802	-0.270596	0.597068	0.048	0.3615	0.0525	0	207	314	3
2026-02-12	15:45:34.890	15.47	24.115	67.69	1.19072	-0.22936	0.445544	0.0405	0.375	0.048	0	207	314	3
2026-02-12	15:45:34.910	11.48	34.79	87.885	1.254648	-0.210328	0.362584	0.036	0.3885	0.0405	0	207	314	3
2026-02-12	15:45:34.930	18.2	42.875	110.88	1.24562	-0.167628	0.327692	0.033	0.3975	0.0375	0	207	314	3
2026-02-12	15:45:34.950	23.38	46.06	128.065	1.234396	-0.105652	0.30988	0.0195	0.4185	0.0315	0	207	314	3
2026-02-12	15:45:34.970	20.335	48.405	140.63	1.216584	-0.066612	0.304512	0.009	0.441	0.0255	0	207	314	3
2026-02-12	15:45:34.990	10.465	50.4	149.555	1.194136	-0.055388	0.306952	0.012	0.4665	0.021	0	207	314	3
2026-02-12	15:45:35.010	-7.875	50.82	157.115	1.130452	-0.077348	0.289872	0.0165	0.4815	0.018	0	206	354	3
2026-02-12	15:45:35.030	-26.88	47.67	163.905	1.064328	-0.121756	0.254004	0	0.492	0.0165	0	206	354	3
2026-02-12	15:45:35.050	-39.865	42.7	168.56	1.028948	-0.161528	0.22204	0.003	0.5145	0.009	0	206	354	3
2026-02-12	15:45:35.070	-47.11	37.975	169.855	1.018944	-0.198372	0.200324	0.0015	0.5475	-0.0015	0	206	354	3
2026-02-12	15:45:35.090	-51.31	32.41	167.86	0.986004	-0.249856	0.180072	0.0015	0.567	-0.006	0	206	354	3
2026-02-12	15:45:35.110	-47.04	26.25	163.135	0.950136	-0.3111	0.158112	0	0.6	-0.0045	0	206	354	3
2026-02-12	15:45:35.130	-28.21	16.485	149.94	0.937692	-0.354776	0.139324	0.0015	0.621	-0.0165	0	206	354	3
2026-02-12	15:45:35.150	-12.32	11.76	137.69	0.971608	-0.380152	0.118828	0.009	0.6465	-0.015	0	206	354	3
2026-02-12	15:45:35.170	-1.505	8.47	123.655	0.979904	-0.411872	0.101016	0.0225	0.684	-0.009	0	206	354	3
2026-02-12	15:45:35.190	11.165	5.95	108.465	0.96502	-0.457012	0.098088	0.024	0.699	-0.009	0	206	354	3
2026-02-12	15:45:35.210	32.655	3.955	94.255	0.950868	-0.498736	0.093208	0.027	0.7125	-0.012	0	207	362	3
2026-02-12	15:45:35.230	57.085	2.94	82.6	0.952576	-0.504104	0.094916	0.0345	0.7215	-0.012	0	207	362	3
2026-02-12	15:45:35.250	74.515	3.395	73.605	0.937936	-0.485316	0.105408	0.036	0.7365	-0.0195	0	207	362	3
2026-02-12	15:45:35.270	79.24	3.92	67.865	0.920856	-0.456768	0.119316	0.0405	0.7425	-0.021	0	207	362	3
2026-02-12	15:45:35.290	73.78	4.025	64.855	0.899872	-0.425292	0.121024	0.045	0.7455	-0.0285	0	207	362	3
2026-02-12	15:45:35.310	62.51	2.695	62.93	0.883524	-0.387228	0.112972	0.054	0.756	-0.0345	0	207	362	3
2026-02-12	15:45:35.330	51.03	0.63	60.655	0.860588	-0.373076	0.14152	0.063	0.762	-0.0315	0	207	362	3
2026-02-12	15:45:35.350	38.22	-1.54	58.065	0.772748	-0.35868	0.210572	0.063	0.762	-0.0315	0	207	362	3
2026-02-12	15:45:35.370	27.02	-3.22	56.105	0.72712	-0.368196	0.24644	0.0645	0.7725	-0.0375	0	207	362	3
2026-02-12	15:45:35.390	15.785	-4.48	51.94	0.716872	-0.387228	0.27694	0.0705	0.7875	-0.042	0	207	362	3
2026-02-12	15:45:35.410	10.57	-4.515	45.955	0.688812	-0.395768	0.295728	0.0765	0.795	-0.048	0	210	333	3
2026-02-12	15:45:35.430	9.905	-4.795	39.55	0.649284	-0.384788	0.299144	0.0825	0.7965	-0.051	0	210	333	3
2026-02-12	15:45:35.450	12.6	-6.16	31.22	0.637816	-0.388204	0.309636	0.0855	0.7965	-0.048	0	210	333	3
2026-02-12	15:45:35.470	20.615	-6.72	20.265	0.655628	-0.399916	0.332816	0.0885	0.7995	-0.039	0	210	333	3
2026-02-12	15:45:35.490	30.765	-5.355	8.05	0.647088	-0.411872	0.356484	0.0825	0.8085	-0.0525	0	210	333	3
2026-02-12	15:45:35.510	41.37	-3.885	-3.255	0.615612	-0.410896	0.355996	0.087	0.8115	-0.0495	0	210	333	3
2026-02-12	15:45:35.530	50.54	-6.755	-14.945	0.657092	-0.371612	0.327936	0.0915	0.8055	-0.0465	0	210	333	3
2026-02-12	15:45:35.550	47.985	-13.93	-33.74	0.7564	-0.321104	0.319396	0.1005	0.8115	-0.0525	0	210	333	3
2026-02-12	15:45:35.570	37.59	-19.215	-53.795	0.841068	-0.317688	0.347944	0.0885	0.81	-0.054	0	210	333	3
2026-02-12	15:45:35.590	33.67	-21.84	-69.895	0.898164	-0.319396	0.40504	0.0765	0.798	-0.0585	0	210	333	3
2026-02-12	15:45:35.610	41.72	-20.86	-83.23	0.906704	-0.361364	0.491172	0.0705	0.7815	-0.057	0	214	308	3
2026-02-12	15:45:35.630	57.82	-19.845	-91.91	0.894992	-0.365756	0.545584	0.0645	0.7665	-0.0585	0	214	308	3
2026-02-12	15:45:35.650	68.565	-18.76	-95.585	0.85888	-0.338672	0.53558	0.06	0.753	-0.0615	0	214	308	3
2026-02-12	15:45:35.670	70.245	-18.305	-94.85	0.8052	-0.303292	0.485316	0.054	0.7485	-0.06	0	214	308	3
2026-02-12	15:45:35.690	67.48	-19.565	-92.085	0.744932	-0.240584	0.433588	0.0465	0.735	-0.066	0	214	308	3
2026-02-12	15:45:35.710	60.13	-24.605	-89.985	0.712968	-0.177388	0.3843	0.0435	0.7185	-0.075	0	214	308	3
2026-02-12	15:45:35.730	49.175	-32.62	-90.405	0.745176	-0.157624	0.35868	0.03	0.7035	-0.072	0	214	308	3
2026-02-12	15:45:35.750	40.775	-41.37	-92.54	0.8235	-0.154696	0.35014	0.0285	0.6855	-0.063	0	214	308	3
2026-02-12	15:45:35.770	31.465	-52.325	-99.26	1.037	-0.153476	0.390888	0.015	0.669	-0.054	0	214	308	3
2026-02-12	15:45:35.790	23.94	-54.285	-104.545	1.15534	-0.172508	0.43798	0.009	0.6555	-0.0525	0	214	308	3
2026-02-12	15:45:35.810	10.71	-51.975	-105.805	1.178032	-0.18422	0.457744	0.006	0.63	-0.0405	0	218	312	3
2026-02-12	15:45:35.830	-6.37	-49.175	-104.02	1.1468	-0.182024	0.445056	0.0015	0.6135	-0.033	0	218	312	3
2026-02-12	15:45:35.850	-27.405	-46.445	-99.715	1.044564	-0.178364	0.413824	-0.003	0.6	-0.0315	0	218	312	3
2026-02-12	15:45:35.870	-47.88	-46.445	-93.625	0.948428	-0.171044	0.378688	0	0.5925	-0.027	0	218	312	3
2026-02-12	15:45:35.890	-63.35	-48.965	-86.45	0.887184	-0.170312	0.344772	0.003	0.5835	-0.012	0	218	312	3
2026-02-12	15:45:35.910	-69.405	-53.06	-79.485	0.85888	-0.162016	0.33672	-0.003	0.555	-0.009	0	218	312	3
2026-02-12	15:45:35.930	-69.475	-58.1	-74.55	0.856928	-0.155916	0.342088	0	0.5475	-0.0045	0	218	312	3
2026-02-12	15:45:35.950	-70.175	-62.405	-72.065	0.881084	-0.16714	0.344284	-0.0045	0.5445	0.0015	0	218	312	3
2026-02-12	15:45:35.970	-73.115	-64.82	-71.925	0.920856	-0.194956	0.34282	0.0015	0.528	0.018	0	218	312	3
2026-02-12	15:45:35.990	-74.13	-66.045	-75.285	0.957944	-0.242048	0.335012	0.0015	0.528	0.018	0	218	312	3
2026-02-12	15:45:36.010	-69.23	-66.29	-78.225	0.967216	-0.276208	0.352824	0	0.5115	0.0285	0	219	331	3
2026-02-12	15:45:36.030	-57.75	-66.78	-79.555	0.955992	-0.293288	0.378688	0	0.489	0.042	0	219	331	3
2026-02-12	15:45:36.050	-42.84	-67.97	-78.68	0.91012	-0.280356	0.407236	0.006	0.4755	0.051	0	219	331	3
2026-02-12	15:45:36.070	-28.98	-68.88	-75.775	0.880596	-0.270596	0.433832	0.012	0.462	0.0615	0	219	331	3
2026-02-12	15:45:36.090	-13.825	-69.405	-71.645	0.892552	-0.267912	0.454572	0.015	0.4575	0.0675	0	219	331	3
2026-02-12	15:45:36.110	1.995	-68.95	-67.34	0.947208	-0.263032	0.49044	0.0075	0.4455	0.075	0	219	331	3
2026-02-12	15:45:36.130	14.98	-66.01	-63	0.985028	-0.265228	0.538996	0.018	0.4425	0.0855	0	219	331	3
2026-02-12	15:45:36.150	27.02	-59.64	-56.91	1.011868	-0.266448	0.582916	0.0285	0.426	0.1035	0	219	331	3
2026-02-12	15:45:36.170	31.57	-53.27	-48.58	1.030168	-0.238388	0.557052	0.027	0.4125	0.111	0	219	331	3
2026-02-12	15:45:36.190	32.025	-45.71	-39.83	1.115812	-0.244488	0.610244	0.024	0.4065	0.12	0	219	331	3
2026-02-12	15:45:36.210	42.14	-27.965	-33.25	1.241228	-0.325984	0.747372	0.027	0.4035	0.129	0	217	357	3
2026-02-12	15:45:36.230	59.36	-9.31	-25.165	1.368108	-0.287432	0.711992	0.0345	0.4005	0.1425	0	217	357	3
2026-02-12	15:45:36.250	49.875	6.755	-14.49	1.446188	-0.199104	0.599264	0.039	0.399	0.1485	0	217	357	3
2026-02-12	15:45:36.270	20.265	24.605	-3.01	1.460096	-0.209596	0.489952	0.039	0.4005	0.144	0	217	357	3
2026-02-12	15:45:36.290	-1.295	41.055	11.34	1.405684	-0.255468	0.429928	0.0465	0.4035	0.144	0	217	357	3
2026-02-12	15:45:36.310	-9.24	53.9	32.9	1.274168	-0.276452	0.38796	0.0525	0.4035	0.1485	0	217	357	3
2026-02-12	15:45:36.330	-5.53	63.21	58.52	1.162172	-0.230092	0.385276	0.0405	0.405	0.141	0	217	357	3
2026-02-12	15:45:36.350	-3.745	69.72	81.9	1.124108	-0.145668	0.366976	0.0255	0.417	0.1305	0	217	357	3
2026-02-12	15:45:36.370	-13.545	74.97	102.095	1.159732	-0.075884	0.330132	0.024	0.42	0.114	0	217	357	3
2026-02-12	15:45:36.390	-40.285	78.54	121.87	1.14192	-0.037332	0.266692	0.021	0.429	0.105	0	217	357	3
2026-02-12	15:45:36.410	-91.07	74.725	150.045	1.066768	-0.061244	0.17934	0.009	0.459	0.096	0	216	387	3
2026-02-12	15:45:36.430	-111.125	69.335	165.585	1.10654	-0.137372	0.149816	0.006	0.4755	0.0795	0	216	387	3
2026-02-12	15:45:36.450	-119.56	65.03	180.145	1.114836	-0.186172	0.115168	0.0015	0.5055	0.063	0	216	387	3
2026-02-12	15:45:36.470	-120.75	57.645	192.08	1.088484	-0.22448	0.092232	-0.0015	0.531	0.0555	0	216	387	3
2026-02-12	15:45:36.490	-109.83	48.44	197.645	1.134356	-0.267912	0.10858	-0.0015	0.558	0.045	0	216	387	3
2026-02-12	15:45:36.510	-88.795	41.09	195.58	1.220244	-0.26474	0.124928	0	0.594	0.0405	0	216	387	3
2026-02-12	15:45:36.530	-68.915	37.73	188.335	1.170224	-0.270108	0.122244	0.0045	0.6135	0.039	0	216	387	3
2026-02-12	15:45:36.550	-43.61	33.32	177.03	1.092388	-0.299632	0.107116	0.006	0.6345	0.033	0	216	387	3
2026-02-12	15:45:36.570	-12.6	30.065	162.645	1.0248	-0.308172	0.08174	0.015	0.675	0.027	0	216	387	3
2026-02-12	15:45:36.590	14.665	27.685	145.355	1.020896	-0.298412	0.063928	0.0165	0.6915	0.03	0	216	387	3
2026-02-12	15:45:36.610	29.89	26.46	127.61	0.958432	-0.2562	0.047824	0.036	0.723	0.027	0	216	379	3
2026-02-12	15:45:36.630	34.44	21.735	104.16	0.831796	-0.245464	0.04392	0.036	0.723	0.027	0	216	379	3
2026-02-12	15:45:36.650	28.385	15.085	90.44	0.778604	-0.266204	0.047092	0.0435	0.7455	0.018	0	216	379	3
2026-02-12	15:45:36.670	16.45	6.545	78.4	0.73566	-0.293288	0.050996	0.054	0.7725	0.006	0	216	379	3
2026-02-12	15:45:36.690	5.95	-3.185	66.22	0.705404	-0.302804	0.07808	0.0615	0.783	0.0075	0	216	379	3
2026-02-12	15:45:36.710	2.03	-11.2	53.025	0.688812	-0.327692	0.103944	0.069	0.7965	0.0135	0	216	379	3
2026-02-12	15:45:36.730	6.195	-17.185	39.13	0.688324	-0.368196	0.129808	0.0705	0.8085	0.015	0	216	379	3
2026-02-12	15:45:36.750	16.66	-22.015	25.13	0.699304	-0.410164	0.141764	0.069	0.81	0.0135	0	216	379	3
2026-02-12	15:45:36.770	31.115	-25.69	11.27	0.715896	-0.430904	0.152256	0.0645	0.8055	0.018	0	216	379	3
2026-02-12	15:45:36.790	46.83	-27.93	-2.485	0.731756	-0.430172	0.17446	0.0705	0.8145	0.0135	0	216	379	3
2026-02-12	15:45:36.810	61.25	-28.77	-15.785	0.750056	-0.439444	0.197396	0.075	0.8085	0.0195	0	219	333	3
2026-02-12	15:45:36.830	81.2	-28.665	-31.535	0.799344	-0.426512	0.228872	0.0705	0.8145	0.0045	0	219	333	3
2026-02-12	15:45:36.850	100.17	-28.455	-46.935	0.828136	-0.396744	0.257664	0.0705	0.8145	0.0045	0	219	333	3
2026-02-12	15:45:36.870	111.86	-28.665	-59.22	0.853756	-0.359412	0.273768	0.069	0.8055	0.003	0	219	333	3
2026-02-12	15:45:36.890	118.755	-29.085	-71.47	0.91866	-0.320128	0.276208	0.0645	0.792	0.0045	0	219	333	3
2026-02-12	15:45:36.910	116.095	-29.505	-82.075	0.937204	-0.26474	0.261812	0.057	0.7815	0.003	0	219	333	3
2026-02-12	15:45:36.930	101.71	-31.01	-89.6	0.90524	-0.211304	0.240828	0.0495	0.765	-0.009	0	219	333	3
2026-02-12	15:45:36.950	83.405	-33.46	-94.99	0.8845	-0.188612	0.241316	0.0435	0.7485	-0.0105	0	219	333	3
2026-02-12	15:45:36.970	72.17	-33.985	-96.355	0.892064	-0.204716	0.295484	0.039	0.741	-0.0045	0	219	333	3
2026-02-12	15:45:36.990	67.48	-33.95	-92.26	0.908656	-0.098088	0.320372	0.033	0.7305	-0.009	0	219	333	3
2026-02-12	15:45:37.010	48.335	-35.21	-93.975	0.981124	0.068808	0.290116	0.0255	0.7125	-0.003	0	223	289	3
2026-02-12	15:45:37.030	4.725	-35	-103.845	1.071404	0.099308	0.235948	0.0225	0.6945	-0.0105	0	223	289	3
2026-02-12	15:45:37.050	-67.13	-32.305	-115.745	1.091168	0.030256	0.167384	0.015	0.6765	0	0	223	289	3
2026-02-12	15:45:37.070	-106.155	-33.495	-123.375	1.189256	-0.014396	0.12932	0.0135	0.6615	0.003	0	223	289	3
2026-02-12	15:45:37.090	-140.245	-33.565	-133.245	1.304668	-0.078812	0.097112	0.0045	0.639	0.0105	0	223	289	3
2026-02-12	15:45:37.110	-165.235	-34.475	-142.975	1.377868	-0.170312	0.109068	-0.0015	0.618	0.0195	0	223	289	3
2026-02-12	15:45:37.130	-178.605	-36.19	-147.77	1.298568	-0.2684	0.155184	0	0.5955	0.0285	0	223	289	3
2026-02-12	15:45:37.150	-167.545	-40.32	-147.875	1.146556	-0.364536	0.232288	0	0.5715	0.036	0	223	289	3
2026-02-12	15:45:37.170	-130.935	-43.4	-147	1.010404	-0.37942	0.321836	-0.003	0.5475	0.0375	0	223	289	3
2026-02-12	15:45:37.190	-90.51	-43.75	-146.965	0.924028	-0.334768	0.367952	-0.006	0.537	0.0375	0	223	289	3
2026-02-12	15:45:37.210	-61.775	-45.675	-148.225	0.887916	-0.287676	0.35502	-0.003	0.51	0.045	0	226	264	3
2026-02-12	15:45:37.230	-50.26	-49.665	-149.555	0.914024	-0.2745	0.347456	-0.0015	0.492	0.054	0	226	264	3
2026-02-12	15:45:37.250	-42.665	-51.695	-151.795	0.98576	-0.30134	0.345016	0.0015	0.459	0.0615	0	226	264	3
2026-02-12	15:45:37.270	-25.865	-52.01	-158.76	1.126548	-0.312564	0.336232	0.0015	0.459	0.0615	0	226	264	3
2026-02-12	15:45:37.290	-19.635	-50.925	-159.88	1.11386	-0.375516	0.358436	0.012	0.4275	0.069	0	226	264	3
2026-02-12	15:45:37.310	-4.865	-49.28	-155.155	1.126304	-0.482144	0.43798	0.03	0.384	0.081	0	226	264	3
2026-02-12	15:45:37.330	23.555	-43.295	-143.22	1.08824	-0.541436	0.556076	0.045	0.36	0.0885	0	226	264	3
2026-02-12	15:45:37.350	58.03	-34.685	-123.935	1.038464	-0.486536	0.633424	0.0525	0.3375	0.093	0	226	264	3
2026-02-12	15:45:37.370	78.33	-27.3	-101.57	1.040904	-0.376248	0.66002	0.0645	0.321	0.1035	0	226	264	3
2026-02-12	15:45:37.390	77.035	-20.86	-77.175	1.073844	-0.260348	0.618784	0.0795	0.318	0.114	0	226	264	3
2026-02-12	15:45:37.410	50.26	-21.105	-52.465	1.112396	-0.163236	0.591212	0.081	0.3195	0.12	0	230	271	3
2026-02-12	15:45:37.430	5.495	-18.83	-28.595	1.029192	-0.165188	0.592188	0.093	0.306	0.1305	0	230	271	3
2026-02-12	15:45:37.450	-26.46	-19.845	-7.35	1.084336	-0.23302	0.570472	0.0975	0.309	0.135	0	230	271	3
2026-02-12	15:45:37.470	-23.905	-12.81	13.895	1.180716	-0.363804	0.72346	0.0885	0.3015	0.1365	0	230	271	3
2026-02-12	15:45:37.490	-1.19	8.995	40.915	1.167296	-0.360144	0.689056	0.0885	0.3015	0.1335	0	230	271	3
2026-02-12	15:45:37.510	-8.75	22.785	64.785	1.194136	-0.232044	0.43554	0.084	0.3045	0.1305	0	230	271	3
2026-02-12	15:45:37.530	-41.125	34.615	89.46	1.16632	-0.193736	0.239852	0.0795	0.3135	0.1305	0	230	271	3
2026-02-12	15:45:37.550	-59.255	42.595	114.1	1.124108	-0.233508	0.17324	0.078	0.3225	0.126	0	230	271	3
2026-02-12	15:45:37.570	-49.875	55.895	137.725	1.166564	-0.239852	0.155184	0.0675	0.3405	0.117	0	230	271	3
2026-02-12	15:45:37.590	-2.1	85.05	158.27	1.18828	-0.392352	0.239364	0.0525	0.3615	0.1065	0	230	271	3
2026-02-12	15:45:37.610	143.36	108.605	170.695	1.152168	-0.320616	0.254492	0.036	0.3855	0.093	0	234	308	3
2026-02-12	15:45:37.630	224.49	115.605	168.385	1.098488	0.294752	0.447008	0.0255	0.4005	0.0855	0	234	308	3
2026-02-12	15:45:37.650	162.085	121.03	146.965	1.07116	0.398208	0.240828	0.021	0.423	0.081	0	234	308	3
2026-02-12	15:45:37.670	114.415	115.745	112.49	1.05652	0.176656	0.15372	0.015	0.4545	0.0735	0	234	308	3
2026-02-12	15:45:37.690	96.145	90.335	85.575	1.031144	0.054168	0.14884	0.015	0.474	0.063	0	234	308	3
2026-02-12	15:45:37.710	82.285	79.8	80.955	1.16876	0.093452	0.163724	0.009	0.489	0.048	0	234	308	3
2026-02-12	15:45:37.730	72.38	73.745	79.485	1.211216	0.133468	0.122488	0.006	0.51	0.0285	0	234	308	3
2026-02-12	15:45:37.750	62.51	60.69	83.86	1.129476	0.189344	0.149328	0.003	0.522	0.0195	0	234	308	3
2026-02-12	15:45:37.770	24.78	49.56	85.995	1.0675	0.111996	0.185928	0	0.54	0.0165	0	234	308	3
2026-02-12	15:45:37.790	-8.26	43.05	87.99	1.073844	0.049776	0.259372	0.006	0.5565	0.0105	0	234	308	3
2026-02-12	15:45:37.810	-26.985	42.21	87.885	1.257088	0.038796	0.330132	0.0075	0.5685	0.0015	0	240	327	3
2026-02-12	15:45:37.830	-60.69	40.635	92.19	1.228052	0.023912	0.317932	0.006	0.585	-0.0075	0	240	327	3
2026-02-12	15:45:37.850	-108.115	32.76	97.72	1.135576	-0.046604	0.28304	0.0075	0.597	-0.0165	0	240	327	3
2026-02-12	15:45:37.870	-141.575	23.625	99.575	1.057252	-0.145668	0.221552	0.0135	0.6105	-0.012	0	240	327	3
2026-02-12	15:45:37.890	-150.185	15.47	99.995	1.09556	-0.224236	0.17812	0.012	0.624	-0.0165	0	240	327	3
2026-02-12	15:45:37.910	-139.72	13.93	100.94	1.089216	-0.253028	0.122244	0.012	0.624	-0.0165	0	240	327	3
2026-02-12	15:45:37.930	-128.485	14.84	100.52	0.958432	-0.252784	0.078812	0.0195	0.648	-0.0105	0	240	327	3
2026-02-12	15:45:37.950	-111.37	10.29	95.865	0.891332	-0.25376	0.065636	0.0285	0.681	-0.0015	0	240	327	3
2026-02-12	15:45:37.970	-91.14	5.845	87.255	0.837652	-0.261812	0.070272	0.033	0.6975	0	0	240	327	3
2026-02-12	15:45:37.990	-66.465	2.415	75.88	0.82716	-0.283284	0.111996	0.0405	0.7155	0.003	0	240	327	3
2026-02-12	15:45:38.010	-32.83	2.1	60.62	0.807152	-0.284992	0.116632	0.042	0.7275	0.006	0	246	314	3
2026-02-12	15:45:38.030	-15.085	2.03	50.995	0.757132	-0.268644	0.095892	0.0495	0.7305	0.012	0	246	314	3
2026-02-12	15:45:38.050	3.85	-0.175	35.945	0.719068	-0.239852	0.069296	0.057	0.7365	0.0135	0	246	314	3
2026-02-12	15:45:38.070	18.97	-4.025	18.165	0.732244	-0.235948	0.067832	0.0555	0.7395	0.0105	0	246	314	3
2026-02-12	15:45:38.090	31.5	-8.05	0.77	0.742736	-0.23546	0.086132	0.0585	0.744	0.0105	0	246	314	3
2026-02-12	15:45:38.110	48.3	-13.16	-16.765	0.711992	-0.25498	0.133224	0.0555	0.7455	0.006	0	246	314	3
2026-02-12	15:45:38.130	74.2	-17.885	-29.855	0.74298	-0.309148	0.223504	0.0555	0.7455	0.006	0	246	314	3
2026-02-12	15:45:38.150	110.075	-20.545	-39.48	0.905484	-0.353312	0.287676	0.0585	0.741	0.0015	0	246	314	3
2026-02-12	15:45:38.170	150.64	-23.94	-50.715	1.133136	-0.319152	0.313052	0.0525	0.735	-0.003	0	246	314	3
2026-02-12	15:45:38.190	174.3	-29.715	-60.235	1.29076	-0.1647	0.30988	0.0465	0.729	-0.006	0	246	314	3
2026-02-12	15:45:38.210	160.37	-33.6	-69.475	1.254892	0.077592	0.344772	0.0435	0.717	-0.0135	0	251	282	3
2026-02-12	15:45:38.230	110.775	-35.7	-76.86	1.167784	0.172752	0.329888	0.0375	0.6975	-0.024	0	251	282	3
2026-02-12	15:45:38.250	57.4	-38.29	-82.39	1.08458	0.195444	0.352092	0.033	0.684	-0.0195	0	251	282	3
2026-02-12	15:45:38.270	8.855	-41.755	-83.265	0.995032	0.193004	0.364292	0.0345	0.675	-0.018	0	251	282	3
2026-02-12	15:45:38.290	-36.015	-48.58	-83.965	0.995764	0.144692	0.356728	0.0405	0.6705	-0.024	0	251	282	3
2026-02-12	15:45:38.310	-70.14	-53.9	-86.24	0.998936	0.081252	0.36112	0.0255	0.6525	-0.0075	0	251	282	3
2026-02-12	15:45:38.330	-90.16	-56	-90.755	1.009916	0	0.326472	0.0255	0.648	0.0015	0	251	282	3
2026-02-12	15:45:38.350	-90.72	-53.375	-97.265	1.034072	-0.01464	0.284504	0.0195	0.6345	0.012	0	251	282	3
2026-02-12	15:45:38.370	-89.88	-47.81	-107.31	1.047004	-0.06832	0.247172	0.0135	0.6165	0.027	0	251	282	3
2026-02-12	15:45:38.390	-88.06	-41.125	-117.915	1.038464	-0.116632	0.219112	0.0075	0.603	0.036	0	251	282	3
2026-02-12	15:45:38.410	-87.78	-35.77	-127.645	1.016504	-0.151768	0.206424	0.0045	0.5805	0.039	0	256	265	3
2026-02-12	15:45:38.430	-94.115	-33.04	-135.555	0.9943	-0.182024	0.225212	0.006	0.5595	0.045	0	256	265	3
2026-02-12	15:45:38.450	-111.65	-33.11	-141.855	0.992592	-0.2135	0.260348	0.0075	0.537	0.0525	0	256	265	3
2026-02-12	15:45:38.470	-139.23	-34.475	-146.93	1.01626	-0.26474	0.294752	0.0105	0.5085	0.0555	0	256	265	3
2026-02-12	15:45:38.490	-158.655	-33.635	-150.605	1.037976	-0.367464	0.335988	0.012	0.4845	0.063	0	256	265	3
2026-02-12	15:45:38.510	-147.735	-30.555	-154.245	1.057008	-0.47458	0.396744	0.015	0.4755	0.0675	0	256	265	3
2026-02-12	15:45:38.530	-117.985	-28.35	-155.26	1.057984	-0.569008	0.429196	0.027	0.456	0.0555	0	256	265	3
2026-02-12	15:45:38.550	-67.585	-22.26	-142.45	0.965996	-0.637816	0.444568	0.027	0.456	0.0555	0	256	265	3
2026-02-12	15:45:38.570	-33.88	-20.72	-127.47	0.937692	-0.635132	0.427	0.0375	0.4215	0.0555	0	256	265	3
2026-02-12	15:45:38.590	7.42	-21.875	-109.865	0.991372	-0.647332	0.43066	0.051	0.381	0.0555	0	256	265	3
2026-02-12	15:45:38.610	55.615	-24.115	-91.07	1.100684	-0.631472	0.451644	0.0615	0.363	0.0525	0	258	270	3
2026-02-12	15:45:38.630	105.77	-26.005	-72.205	1.283684	-0.612196	0.534116	0.0705	0.348	0.0615	0	258	270	3
2026-02-12	15:45:38.650	143.745	-19.25	-49.735	1.322724	-0.55876	0.630496	0.0735	0.3405	0.0765	0	258	270	3
2026-02-12	15:45:38.670	156.38	-8.715	-22.715	1.288564	-0.42456	0.641476	0.075	0.339	0.0915	0	258	270	3
2026-02-12	15:45:38.690	135.03	1.05	2.275	1.20902	-0.292312	0.589992	0.0765	0.3405	0.108	0	258	270	3
2026-02-12	15:45:38.710	89.565	10.29	26.95	1.105808	-0.238144	0.516792	0.0795	0.345	0.114	0	258	270	3
2026-02-12	15:45:38.730	48.965	15.715	52.78	1.067988	-0.213256	0.444812	0.0825	0.3495	0.114	0	258	270	3
2026-02-12	15:45:38.750	22.925	19.145	86.065	1.037	-0.193492	0.371124	0.078	0.3675	0.117	0	258	270	3
2026-02-12	15:45:38.770	14.49	21.77	114.485	1.039196	-0.158356	0.330864	0.0705	0.378	0.1155	0	258	270	3
2026-02-12	15:45:38.790	6.125	24.99	132.125	1.078968	-0.116876	0.277916	0.0585	0.3945	0.114	0	258	270	3
2026-02-12	15:45:38.810	-11.9	27.965	147.595	1.082384	-0.083204	0.20374	0.0525	0.405	0.1095	0	261	298	3
2026-02-12	15:45:38.830	-32.585	32.34	161.35	1.114348	-0.1098	0.139324	0.048	0.426	0.102	0	261	298	3
2026-02-12	15:45:38.850	-34.335	44.135	173.18	1.101172	-0.199836	0.117364	0.0405	0.45	0.0975	0	261	298	3
2026-02-12	15:45:38.870	-10.675	41.02	184.24	1.10654	-0.21716	0.133712	0.03	0.4725	0.0885	0	261	298	3
2026-02-12	15:45:38.890	9.87	39.41	193.27	1.141676	-0.198128	0.177144	0.0255	0.4965	0.078	0	261	298	3
2026-02-12	15:45:38.910	18.97	43.12	198.345	1.19804	-0.157624	0.220332	0.0225	0.519	0.0765	0	261	298	3
2026-02-12	15:45:38.930	12.915	49.07	198.1	1.219756	-0.152012	0.232044	0.021	0.552	0.072	0	261	298	3
2026-02-12	15:45:38.950	8.4	52.675	192.955	1.2017	-0.15616	0.188368	0.021	0.5715	0.0675	0	261	298	3
2026-02-12	15:45:38.970	23.065	50.19	177.765	1.153632	-0.148596	0.124928	0.03	0.6015	0.057	0	261	298	3
2026-02-12	15:45:38.990	49.91	46.865	158.095	1.178764	-0.27328	0.12688	0.0285	0.6285	0.051	0	261	298	3
2026-02-12	15:45:39.010	72.975	51.31	146.65	1.124108	-0.327448	0.140544	0.0315	0.663	0.036	0	263	312	3
2026-02-12	15:45:39.030	76.79	55.58	137.83	1.03456	-0.300364	0.144448	0.036	0.681	0.027	0	263	312	3
2026-02-12	15:45:39.050	65.52	57.54	127.75	0.941596	-0.261568	0.139324	0.048	0.6975	0.0195	0	263	312	3
2026-02-12	15:45:39.070	52.955	54.81	113.295	0.911096	-0.242536	0.144204	0.06	0.711	0.0075	0	263	312	3
2026-02-12	15:45:39.090	44.24	49.28	94.29	0.916464	-0.266448	0.159088	0.066	0.7275	-0.003	0	263	312	3
2026-02-12	15:45:39.110	36.365	43.435	75.985	0.855952	-0.317932	0.168116	0.069	0.738	-0.006	0	263	312	3
2026-02-12	15:45:39.130	30.135	35.77	60.34	0.822768	-0.351116	0.162016	0.0705	0.7485	-0.0105	0	263	312	3
2026-02-12	15:45:39.150	26.95	27.825	46.34	0.837652	-0.371368	0.176656	0.0735	0.759	-0.018	0	263	312	3
2026-02-12	15:45:39.170	28.805	21.35	33.495	0.88694	-0.383812	0.19886	0.084	0.7665	-0.0285	0	263	312	3
2026-02-12	15:45:39.190	31.535	13.79	17.885	0.842288	-0.371612	0.194712	0.084	0.7665	-0.0285	0	263	312	3
2026-02-12	15:45:39.210	34.055	6.825	8.68	0.827648	-0.36112	0.1769	0.084	0.768	-0.039	0	261	296	3
2026-02-12	15:45:39.230	39.55	-1.61	-0.28	0.815692	-0.35502	0.159332	0.087	0.771	-0.0435	0	261	296	3
2026-02-12	15:45:39.250	50.12	-11.83	-8.82	0.841068	-0.34526	0.1769	0.0915	0.7695	-0.0405	0	261	296	3
2026-02-12	15:45:39.270	62.44	-21.07	-16.205	0.848632	-0.314516	0.227164	0.0915	0.7665	-0.045	0	261	296	3
2026-02-12	15:45:39.290	71.54	-26.915	-23.275	0.83692	-0.292312	0.273036	0.084	0.765	-0.048	0	261	296	3
2026-02-12	15:45:39.310	79.87	-31.01	-30.835	0.83692	-0.267424	0.29646	0.0825	0.759	-0.051	0	261	296	3
2026-02-12	15:45:39.330	85.54	-34.825	-38.885	0.846924	-0.237168	0.299388	0.084	0.75	-0.0555	0	261	296	3
2026-02-12	15:45:39.350	85.505	-39.515	-48.265	0.932568	-0.2013	0.298412	0.078	0.7395	-0.057	0	261	296	3
2026-02-12	15:45:39.370	73.92	-42.84	-58.415	0.972096	-0.162504	0.280844	0.0735	0.732	-0.057	0	261	296	3
2026-02-12	15:45:39.390	47.46	-48.405	-71.085	0.994788	-0.138104	0.261568	0.069	0.7275	-0.051	0	261	296	3
2026-02-12	15:45:39.410	23.1	-52.57	-84.805	1.016016	-0.13298	0.306708	0.0615	0.72	-0.048	0	257	274	2
2026-02-12	15:45:39.430	7.14	-52.85	-93.1	0.956724	-0.127612	0.336476	0.0525	0.7065	-0.045	0	257	274	2
2026-02-12	15:45:39.450	-5.25	-53.445	-97.755	0.8906	-0.142496	0.342576	0.0495	0.69	-0.0375	0	257	274	2
2026-02-12	15:45:39.470	-11.27	-53.375	-97.825	0.81862	-0.142496	0.371124	0.0435	0.675	-0.033	0	257	274	2
2026-02-12	15:45:39.490	-13.65	-53.06	-95.655	0.782996	-0.109068	0.37454	0.039	0.6585	-0.0195	0	257	274	2
2026-02-12	15:45:39.510	-17.885	-54.53	-94.5	0.821792	-0.0915	0.358924	0.0375	0.6435	-0.009	0	257	274	2
2026-02-12	15:45:39.530	-23.8	-55.965	-94.99	0.930128	-0.100528	0.352824	0.0285	0.6345	-0.003	0	257	274	2
2026-02-12	15:45:39.550	-27.44	-55.86	-95.62	0.993812	-0.122	0.3599	0.024	0.621	0.003	0	257	274	2
2026-02-12	15:45:39.570	-26.25	-56.665	-96.215	1.064084	-0.140056	0.371124	0.0225	0.6045	0.0075	0	257	274	2
2026-02-12	15:45:39.590	-22.575	-57.575	-97.86	1.167296	-0.1708	0.40016	0.0195	0.594	0.0135	0	257	274	2
2026-02-12	15:45:39.610	-13.86	-52.045	-98.665	1.2505	-0.18666	0.493368	0.0135	0.5835	0.024	0	251	271	3
2026-02-12	15:45:39.630	-15.015	-46.2	-95.9	1.177788	-0.149084	0.493368	0.015	0.5685	0.0255	0	251	271	3
2026-02-12	15:45:39.650	-24.745	-42.525	-92.505	1.047248	-0.115412	0.470676	0.0195	0.543	0.036	0	251	271	3
2026-02-12	15:45:39.670	-39.165	-42.735	-89.285	0.928664	-0.105408	0.453108	0.0225	0.525	0.0465	0	251	271	3
2026-02-12	15:45:39.690	-52.465	-45.57	-86.695	0.842044	-0.106384	0.445788	0.0195	0.5175	0.0495	0	251	271	3
2026-02-12	15:45:39.710	-63.35	-48.44	-84.665	0.801052	-0.116388	0.454572	0.0135	0.507	0.0525	0	251	271	3
2026-02-12	15:45:39.730	-70.91	-49.245	-83.37	0.791048	-0.143716	0.46848	0.015	0.489	0.063	0	251	271	3
2026-02-12	15:45:39.750	-72.24	-46.13	-82.81	0.804468	-0.146888	0.46726	0.021	0.4785	0.0705	0	251	271	3
2026-02-12	15:45:39.770	-72.31	-42.07	-82.74	0.80032	-0.147376	0.423096	0.03	0.4665	0.072	0	251	271	3
2026-02-12	15:45:39.790	-77.35	-37.695	-81.13	0.766404	-0.167628	0.375028	0.033	0.45	0.0735	0	251	271	3
2026-02-12	15:45:39.810	-74.62	-35.385	-79.87	0.797148	-0.217892	0.386252	0.0345	0.4425	0.0735	0	244	295	3
2026-02-12	15:45:39.830	-55.58	-34.265	-79.345	0.921588	-0.253272	0.44408	0.0345	0.4425	0.0735	0	244	295	3
2026-02-12	15:45:39.850	-45.535	-31.885	-74.865	0.995764	-0.24766	0.47092	0.042	0.4215	0.0765	0	244	295	3
2026-02-12	15:45:39.870	-39.515	-32.48	-68.005	1.098488	-0.235704	0.450912	0.051	0.399	0.081	0	244	295	3
2026-02-12	15:45:39.890	-29.715	-36.645	-63.42	1.300276	-0.277428	0.518256	0.0585	0.393	0.084	0	244	295	3
2026-02-12	15:45:39.910	-12.46	-34.72	-55.265	1.448384	-0.353312	0.672708	0.063	0.3855	0.084	0	244	295	3
2026-02-12	15:45:39.930	9.275	-21.77	-38.15	1.38104	-0.414312	0.766892	0.0615	0.3765	0.09	0	244	295	3
2026-02-12	15:45:39.950	35.735	-7.98	-11.13	1.284904	-0.383568	0.713212	0.0675	0.369	0.0975	0	244	295	3
2026-02-12	15:45:39.970	50.82	4.55	20.405	1.190232	-0.263764	0.551928	0.072	0.369	0.105	0	244	295	3
2026-02-12	15:45:39.990	48.02	13.405	49.525	1.150948	-0.180804	0.426512	0.0645	0.375	0.108	0	244	295	3
2026-02-12	15:45:40.010	44.8	25.55	80.535	1.131916	-0.128588	0.357948	0.06	0.3795	0.1065	0	237	336	3
2026-02-12	15:45:40.030	46.48	32.9	101.885	1.096048	-0.044896	0.326716	0.06	0.3795	0.1065	0	237	336	3
2026-02-12	15:45:40.050	30.555	40.67	122.71	1.049932	0.012688	0.276208	0.054	0.3945	0.105	0	237	336	3
2026-02-12	15:45:40.070	4.235	43.96	131.6	0.98088	0.020252	0.238388	0.0435	0.42	0.1005	0	237	336	3
2026-02-12	15:45:40.090	-23.345	42.21	134.19	0.973072	-0.011712	0.220088	0.03	0.4395	0.093	0	237	336	3
2026-02-12	15:45:40.110	-44.065	39.9	135.03	1.006256	-0.077592	0.220576	0.027	0.459	0.087	0	237	336	3
2026-02-12	15:45:40.130	-59.185	38.43	139.37	0.985272	-0.16714	0.22082	0.024	0.48	0.0825	0	237	336	3
2026-02-12	15:45:40.150	-60.655	38.885	144.865	1.016016	-0.249856	0.238388	0.0165	0.498	0.0765	0	237	336	3
2026-02-12	15:45:40.170	-46.76	40.32	147.525	1.085068	-0.293288	0.215696	0.018	0.516	0.0645	0	237	336	3
2026-02-12	15:45:40.190	-24.465	43.47	146.965	1.104832	-0.30744	0.188368	0.0165	0.5385	0.0555	0	237	336	3
2026-02-12	15:45:40.210	-2.345	45.675	145.6	1.09312	-0.304268	0.164212	0.0135	0.5595	0.051	0	234	361	3
2026-02-12	15:45:40.230	17.745	49.315	142.8	1.111908	-0.394792	0.166164	0.015	0.5835	0.042	0	234	361	3
2026-02-12	15:45:40.250	60.305	56.7	139.3	1.078724	-0.379664	0.14152	0.0165	0.6	0.0375	0	234	361	3
2026-02-12	15:45:40.270	79.135	57.68	134.12	1.018212	-0.349896	0.104676	0.0195	0.618	0.0285	0	234	361	3
2026-02-12	15:45:40.290	84.245	54.95	127.015	0.999668	-0.338672	0.088328	0.024	0.648	0.015	0	234	361	3
2026-02-12	15:45:40.310	75.425	50.33	118.195	0.994544	-0.352336	0.092964	0.0255	0.663	0.003	0	234	361	3
2026-02-12	15:45:40.330	60.41	43.96	107.415	0.976244	-0.366244	0.111264	0.033	0.6795	-0.012	0	234	361	3
2026-02-12	15:45:40.350	48.125	36.925	96.005	0.965508	-0.415288	0.147132	0.039	0.693	-0.024	0	234	361	3
2026-02-12	15:45:40.370	41.44	30.625	85.855	0.936716	-0.432612	0.168604	0.0465	0.7065	-0.024	0	234	361	3
2026-02-12	15:45:40.390	34.86	24.78	77.525	0.900848	-0.431148	0.183244	0.051	0.7185	-0.0285	0	234	361	3
2026-02-12	15:45:40.410	23.8	20.195	70.35	0.868152	-0.427488	0.190564	0.054	0.726	-0.0345	0	232	346	3
2026-02-12	15:45:40.430	12.565	15.505	63.77	0.836676	-0.435052	0.188368	0.06	0.7395	-0.0405	0	232	346	3
2026-02-12	15:45:40.450	5.32	9.485	57.715	0.826916	-0.44652	0.193736	0.063	0.75	-0.0465	0	232	346	3
2026-02-12	15:45:40.470	8.96	0.98	49.805	0.809836	-0.452376	0.204472	0.0645	0.753	-0.0435	0	232	346	3
2026-02-12	15:45:40.490	18.585	-4.41	45.78	0.786656	-0.431392	0.213988	0.072	0.759	-0.048	0	232	346	3
2026-02-12	15:45:40.510	31.64	-10.255	42.525	0.770796	-0.412604	0.2257	0.081	0.768	-0.0495	0	232	346	3
2026-02-12	15:45:40.530	45.255	-16.415	38.465	0.771528	-0.356728	0.249856	0.081	0.7695	-0.0495	0	232	346	3
2026-02-12	15:45:40.550	54.775	-20.72	32.165	0.783728	-0.319884	0.283772	0.0795	0.7725	-0.0495	0	232	346	3
2026-02-12	15:45:40.570	64.715	-23.73	25.2	0.768844	-0.294996	0.311588	0.081	0.7785	-0.0495	0	232	346	3
2026-02-12	15:45:40.590	73.955	-27.895	16.94	0.784216	-0.25498	0.3233	0.0825	0.7815	-0.051	0	232	346	3
2026-02-12	15:45:40.610	78.925	-33.11	6.37	0.806176	-0.22692	0.325252	0.0855	0.78	-0.0525	0	231	313	2
2026-02-12	15:45:40.630	81.445	-39.795	-5.075	0.823256	-0.2135	0.335744	0.087	0.777	-0.057	0	231	313	2
2026-02-12	15:45:40.650	82.25	-46.655	-16.625	0.8601	-0.212036	0.339648	0.084	0.771	-0.057	0	231	313	2
2026-02-12	15:45:40.670	79.24	-52.745	-30.695	0.875716	-0.167384	0.334036	0.078	0.7665	-0.063	0	231	313	2
2026-02-12	15:45:40.690	74.935	-56.35	-43.75	0.834236	-0.137128	0.3233	0.072	0.765	-0.0645	0	231	313	2
2026-02-12	15:45:40.710	75.355	-59.465	-53.515	0.819108	-0.103456	0.314028	0.066	0.762	-0.0585	0	231	313	2
2026-02-12	15:45:40.730	71.75	-61.565	-63.91	0.836676	-0.06222	0.299632	0.0585	0.753	-0.057	0	231	313	2
2026-02-12	15:45:40.750	58.66	-62.79	-77	0.891088	-0.055876	0.29646	0.054	0.7395	-0.0495	0	231	313	2
2026-02-12	15:45:40.770	42.49	-60.97	-90.51	0.865468	-0.03904	0.319152	0.048	0.726	-0.0435	0	231	313	2
2026-02-12	15:45:40.790	25.445	-58.87	-102.06	0.81496	0.011712	0.322568	0.039	0.7155	-0.042	0	231	313	2
2026-02-12	15:45:40.810	5.985	-57.82	-114.66	0.851804	-0.028792	0.328668	0.0315	0.699	-0.033	0	229	295	2
2026-02-12	15:45:40.830	-5.775	-54.845	-124.81	0.920368	-0.12688	0.353068	0.03	0.675	-0.024	0	229	295	2
2026-02-12	15:45:40.850	-8.26	-49.875	-128.905	0.956236	-0.176412	0.376248	0.03	0.657	-0.021	0	229	295	2
2026-02-12	15:45:40.870	-3.64	-45.395	-128.905	1.020408	-0.180316	0.385276	0.0225	0.6405	-0.0135	0	229	295	2
2026-02-12	15:45:40.890	-5.67	-42.245	-126.7	1.107028	-0.1403	0.375516	0.012	0.6225	-0.009	0	229	295	2
2026-02-12	15:45:40.910	-17.08	-42.35	-123.795	1.141432	-0.110532	0.375516	0.0105	0.6045	-0.003	0	229	295	2
2026-02-12	15:45:40.930	-34.86	-44.905	-118.79	1.1468	-0.094184	0.38674	0.0105	0.5835	0.006	0	229	295	2
2026-02-12	15:45:40.950	-58.065	-49.14	-112.63	1.115812	-0.07808	0.379176	0.0045	0.5685	0.009	0	229	295	2
2026-02-12	15:45:40.970	-83.72	-54.53	-106.96	1.096048	-0.08906	0.376492	0.006	0.552	0.015	0	229	295	2
2026-02-12	15:45:40.990	-105.385	-59.71	-99.925	1.071892	-0.150792	0.368928	0.0105	0.534	0.0255	0	229	295	2
2026-02-12	15:45:41.010	-112.49	-65.345	-92.12	1.052372	-0.2013	0.374784	0.0105	0.516	0.0345	0	226	298	3
2026-02-12	15:45:41.030	-109.865	-70.385	-84.315	1.026752	-0.25742	0.380152	0.003	0.504	0.0435	0	226	298	3
2026-02-12	15:45:41.050	-93.66	-73.185	-76.51	1.01626	-0.315492	0.418704	0.006	0.492	0.0525	0	226	298	3
2026-02-12	15:45:41.070	-62.93	-70.63	-67.865	0.996252	-0.331108	0.453108	0.012	0.474	0.063	0	226	298	3
2026-02-12	15:45:41.090	-32.06	-68.355	-59.535	0.968924	-0.262544	0.455304	0.0165	0.462	0.072	0	226	298	3
2026-02-12	15:45:41.110	-7.805	-65.625	-49.42	0.885476	-0.22692	0.444812	0.015	0.453	0.0795	0	226	298	3
2026-02-12	15:45:41.130	7.35	-65.905	-44.52	0.84058	-0.236924	0.452376	0.0165	0.4455	0.09	0	226	298	3
2026-02-12	15:45:41.150	23.485	-67.655	-42.245	0.877424	-0.2257	0.482144	0.0255	0.444	0.1005	0	226	298	3
2026-02-12	15:45:41.170	36.505	-66.745	-41.09	0.9394	-0.2318	0.547536	0.0285	0.441	0.1095	0	226	298	3
2026-02-12	15:45:41.190	45.815	-62.965	-37.94	0.965996	-0.228872	0.598532	0.0315	0.432	0.1245	0	226	298	3
2026-02-12	15:45:41.210	51.52	-59.43	-33.495	1.01016	-0.199348	0.587796	0.0375	0.426	0.1365	0	223	322	3
2026-02-12	15:45:41.230	51.975	-59.045	-32.13	1.136552	-0.191296	0.604388	0.042	0.423	0.1455	0	223	322	3
2026-02-12	15:45:41.250	52.745	-52.885	-31.395	1.16388	-0.249124	0.692472	0.0435	0.423	0.153	0	223	322	3
2026-02-12	15:45:41.270	68.04	-43.19	-27.615	1.246108	-0.308904	0.776896	0.0465	0.4215	0.1635	0	223	322	3
2026-02-12	15:45:41.290	97.965	-26.04	-22.19	1.325408	-0.367464	0.888892	0.054	0.4185	0.177	0	223	322	3
2026-02-12	15:45:41.310	124.355	7.21	-2.835	1.333948	-0.274012	0.715408	0.057	0.4215	0.183	0	223	322	3
2026-02-12	15:45:41.330	102.41	33.985	25.41	1.260016	-0.133956	0.380396	0.054	0.432	0.1815	0	223	322	3
2026-02-12	15:45:41.350	62.335	48.195	50.015	1.151436	-0.133712	0.195688	0.054	0.4425	0.1845	0	223	322	3
2026-02-12	15:45:41.370	43.12	54.075	73.535	1.060424	-0.135176	0.113704	0.051	0.447	0.1875	0	223	322	3
2026-02-12	15:45:41.390	37.73	54.915	93.835	1.044808	-0.102724	0.054168	0.039	0.456	0.1815	0	223	322	3
2026-02-12	15:45:41.410	26.425	51.94	110.075	1.127036	-0.05856	-0.006832	0.0345	0.4755	0.174	0	221	360	3
2026-02-12	15:45:41.430	-1.47	52.43	123.13	1.17974	-0.046604	0.029524	0.033	0.4815	0.165	0	221	360	3
2026-02-12	15:45:41.450	-18.235	59.92	136.255	1.137772	-0.127612	0.055632	0.0255	0.495	0.1575	0	221	360	3
2026-02-12	15:45:41.470	-9.275	62.195	144.445	1.124108	-0.133224	0.019032	0.018	0.519	0.1485	0	221	360	3
2026-02-12	15:45:41.490	-6.16	65.485	147.77	1.207312	-0.25498	-0.027816	0.018	0.537	0.135	0	221	360	3
2026-02-12	15:45:41.510	19.705	76.93	151.025	1.14558	-0.377712	-0.064416	0.015	0.5565	0.1245	0	221	360	3
2026-02-12	15:45:41.530	50.505	75.53	149.66	1.07604	-0.35014	-0.065148	0.012	0.5685	0.1215	0	221	360	3
2026-02-12	15:45:41.550	50.645	70.385	143.15	1.084336	-0.341844	-0.142252	0.0105	0.5925	0.111	0	221	360	3
2026-02-12	15:45:41.570	46.795	62.335	132.23	1.109468	-0.36234	-0.207156	0.0105	0.63	0.096	0	221	360	3
2026-02-12	15:45:41.590	53.585	55.3	122.325	1.115568	-0.409188	-0.218624	0.015	0.6525	0.0825	0	221	360	3
2026-02-12	15:45:41.610	79.17	49.35	113.995	1.075796	-0.366488	-0.171776	0.021	0.678	0.0735	0	224	348	3
2026-02-12	15:45:41.630	95.48	43.47	105.63	1.023824	-0.336232	-0.10858	0.0255	0.6945	0.0675	0	224	348	3
2026-02-12	15:45:41.650	98.77	38.15	95.795	1.03334	-0.324764	-0.050752	0.03	0.708	0.06	0	224	348	3
2026-02-12	15:45:41.670	90.405	34.545	85.54	0.970876	-0.335744	-0.006832	0.0375	0.7275	0.0495	0	224	348	3
2026-02-12	15:45:41.690	79.835	29.225	75.67	0.917196	-0.343064	0.008784	0.048	0.744	0.0345	0	224	348	3
2026-02-12	15:45:41.710	72.24	22.82	64.505	0.876692	-0.343796	0.024156	0.054	0.7515	0.0255	0	224	348	3
2026-02-12	15:45:41.730	67.515	15.225	50.225	0.967216	-0.315248	0.0732	0.0555	0.759	0.018	0	224	348	3
2026-02-12	15:45:41.750	43.68	10.605	28.945	0.93574	-0.291336	0.107116	0.0555	0.765	0.015	0	224	348	3
2026-02-12	15:45:41.770	20.615	7.56	20.02	0.899628	-0.27206	0.087108	0.054	0.7725	0.012	0	224	348	3
2026-02-12	15:45:41.790	1.26	3.57	12.565	0.945256	-0.289384	0.0732	0.06	0.7755	0.0075	0	224	348	3
2026-02-12	15:45:41.810	-2.765	-0.21	7.98	0.988688	-0.33672	0.08784	0.069	0.7755	0.012	0	230	283	3
2026-02-12	15:45:41.830	7.91	-3.78	9.625	0.997716	-0.356972	0.136396	0.0705	0.777	0.0105	0	230	283	3
2026-02-12	15:45:41.850	25.165	-5.04	13.86	1.0065	-0.3416	0.155184	0.0675	0.7785	0.0075	0	230	283	3
2026-02-12	15:45:41.870	44.8	-5.075	18.585	1.01626	-0.337696	0.157136	0.072	0.783	0.012	0	230	283	3
2026-02-12	15:45:41.890	67.515	-5.67	23.135	1.047004	-0.32086	0.161528	0.0765	0.786	0.009	0	230	283	3
2026-02-12	15:45:41.910	85.855	-6.16	26.705	1.062864	-0.262056	0.165676	0.075	0.7845	0.006	0	230	283	3
2026-02-12	15:45:41.930	96.775	-7.35	29.225	1.020408	-0.218136	0.19398	0.075	0.7845	-0.0045	0	230	283	3
2026-02-12	15:45:41.950	103.145	-10.605	29.96	0.960872	-0.146888	0.232776	0.0795	0.7875	-0.009	0	230	283	3
2026-02-12	15:45:41.970	99.575	-14.245	25.55	0.93208	-0.050752	0.264008	0.0825	0.789	-0.003	0	230	283	3
2026-02-12	15:45:41.990	84.245	-17.36	16.73	0.907436	-0.000488	0.275232	0.087	0.792	-0.0135	0	230	283	3
2026-02-12	15:45:42.010	66.57	-20.615	6.58	0.86986	-0.019032	0.265228	0.093	0.7935	-0.0225	0	235	224	3
2026-02-12	15:45:42.030	49.28	-29.54	-4.9	0.888648	-0.016836	0.259128	0.093	0.795	-0.0255	0	235	224	3
2026-02-12	15:45:42.050	31.57	-35.875	-19.04	0.87962	-0.017568	0.276208	0.09	0.798	-0.0285	0	235	224	3
2026-02-12	15:45:42.070	19.285	-40.285	-32.585	0.882304	-0.015616	0.299388	0.0825	0.792	-0.0255	0	235	224	3
2026-02-12	15:45:42.090	8.435	-43.33	-42.665	0.840336	0.005856	0.314516	0.081	0.789	-0.024	0	235	224	3
2026-02-12	15:45:42.110	-0.665	-45.85	-49.42	0.785436	0.01586	0.30622	0.0825	0.786	-0.0195	0	235	224	3
2026-02-12	15:45:42.130	-2.065	-50.435	-56.525	0.82228	-0.006344	0.309636	0.078	0.777	-0.012	0	235	224	3
2026-02-12	15:45:42.150	2.905	-54.46	-64.4	0.91988	-0.040016	0.33306	0.072	0.774	-0.006	0	235	224	3
2026-02-12	15:45:42.170	13.86	-56.35	-71.82	1.008208	-0.084668	0.359168	0.0675	0.774	0	0	235	224	3
2026-02-12	15:45:42.190	23.835	-56.42	-73.22	1.030412	-0.072224	0.357948	0.0675	0.774	0	0	235	224	3
2026-02-12	15:45:42.210	28.385	-56.875	-75.25	1.022116	-0.027572	0.353556	0.06	0.7545	0.0075	0	237	206	3
2026-02-12	15:45:42.230	24.15	-57.785	-78.715	1.008452	-0.02562	0.334036	0.0525	0.7305	0.0165	0	237	206	3
2026-02-12	15:45:42.250	15.54	-58.38	-81.55	0.982832	-0.059292	0.320372	0.048	0.7215	0.0195	0	237	206	3
2026-02-12	15:45:42.270	6.405	-59.15	-83.65	0.952088	-0.09076799	0.309636	0.0375	0.7125	0.0315	0	237	206	3
2026-02-12	15:45:42.290	-1.435	-60.305	-85.575	0.935984	-0.128832	0.316712	0.033	0.699	0.039	0	237	206	3
2026-02-12	15:45:42.310	-6.65	-60.515	-87.22	0.932324	-0.166896	0.337452	0.0315	0.6885	0.045	0	237	206	3
2026-02-12	15:45:42.330	-9.17	-59.675	-86.695	0.94916	-0.190808	0.377224	0.0285	0.678	0.0555	0	237	206	3
2026-02-12	15:45:42.350	-7.42	-57.61	-83.44	0.967948	-0.20496	0.394792	0.027	0.66	0.0675	0	237	206	3
2026-02-12	15:45:42.370	-3.92	-56.035	-77.84	0.963556	-0.165432	0.401624	0.024	0.6465	0.075	0	237	206	3
2026-02-12	15:45:42.390	-15.05	-55.125	-70.77	0.942572	-0.097356	0.404796	0.0225	0.6405	0.0765	0	237	206	3
2026-02-12	15:45:42.410	-29.575	-55.79	-67.445	0.971364	-0.107848	0.43798	0.0165	0.621	0.0885	0	235	225	3
2026-02-12	15:45:42.430	-41.72	-56.945	-62.615	0.975756	-0.127856	0.458476	0.021	0.6165	0.0945	0	235	225	3
2026-02-12	15:45:42.450	-48.86	-59.885	-57.4	0.98088	-0.152988	0.43676	0.024	0.606	0.1065	0	235	225	3
2026-02-12	15:45:42.470	-50.295	-63.42	-53.935	1.003084	-0.177388	0.402844	0.021	0.6	0.1185	0	235	225	3
2026-02-12	15:45:42.490	-46.69	-65.695	-50.365	1.090924	-0.245464	0.411872	0.0225	0.594	0.123	0	235	225	3
2026-02-12	15:45:42.510	-28.385	-62.02	-42.42	1.135332	-0.284016	0.457744	0.0255	0.582	0.132	0	235	225	3
2026-02-12	15:45:42.530	0.98	-59.36	-32.06	1.11508	-0.26474	0.504104	0.03	0.573	0.1455	0	235	225	3
2026-02-12	15:45:42.550	33.565	-55.685	-21.91	1.052372	-0.311832	0.539484	0.0315	0.564	0.156	0	235	225	3
2026-02-12	15:45:42.570	77.98	-53.935	-12.46	1.184132	-0.348188	0.586332	0.033	0.5655	0.171	0	235	225	3
2026-02-12	15:45:42.590	137.69	-31.745	-0.035	1.303936	-0.362584	0.677832	0.0375	0.5715	0.1755	0	235	225	3
2026-02-12	15:45:42.610	165.62	-0.07	17.71	1.3237	-0.193004	0.559004	0.039	0.573	0.1725	0	231	267	3
2026-02-12	15:45:42.630	135.66	24.22	31.99	1.247816	-0.099552	0.390644	0.036	0.591	0.177	0	231	267	3
2026-02-12	15:45:42.650	92.365	43.61	43.925	1.194136	-0.082472	0.262788	0.0375	0.5985	0.177	0	231	267	3
2026-02-12	15:45:42.670	55.825	56.315	57.435	1.165588	-0.071492	0.165188	0.042	0.6075	0.1725	0	231	267	3
2026-02-12	15:45:42.690	27.72	68.425	74.165	1.111176	-0.032696	0.118584	0.045	0.612	0.165	0	231	267	3
2026-02-12	15:45:42.710	2.695	75.04	91.175	0.994544	-0.028792	0.10004	0.042	0.624	0.156	0	231	267	3
2026-02-12	15:45:42.730	-4.795	70.945	105.805	0.914512	-0.081496	0.12566	0.0405	0.6375	0.141	0	231	267	3
2026-02-12	15:45:42.750	10.745	62.58	114.275	0.980636	-0.11712	0.174704	0.045	0.6495	0.129	0	231	267	3
2026-02-12	15:45:42.770	25.55	62.965	118.65	1.030168	-0.129808	0.175436	0.0465	0.6645	0.123	0	231	267	3
2026-02-12	15:45:42.790	27.685	68.005	121.765	0.987712	-0.170068	0.11956	0.051	0.684	0.1155	0	231	267	3
2026-02-12	15:45:42.810	31.01	72.695	118.72	1.025288	-0.260104	0.011956	0.054	0.693	0.1095	0	227	297	3
2026-02-12	15:45:42.830	33.215	73.255	110.355	1.069696	-0.282064	-0.050752	0.054	0.693	0.1095	0	227	297	3
2026-02-12	15:45:42.850	35	73.29	101.57	1.042368	-0.293776	-0.089548	0.0735	0.7335	0.0795	0	227	297	3
2026-02-12	15:45:42.870	42.105	68.74	92.33	1.067744	-0.2806	-0.11712	0.081	0.7395	0.0735	0	227	297	3
2026-02-12	15:45:42.890	50.33	62.825	82.215	1.130696	-0.279868	-0.11712	0.09	0.753	0.0585	0	227	297	3
2026-02-12	15:45:42.910	55.195	58.38	73.185	1.173396	-0.277672	-0.096868	0.087	0.7695	0.0465	0	227	297	3
2026-02-12	15:45:42.930	54.39	55.16	66.605	1.14924	-0.26596	-0.069052	0.0885	0.7755	0.0405	0	227	297	3
2026-02-12	15:45:42.950	51.8	51.765	62.37	1.06628	-0.265716	-0.040992	0.0975	0.78	0.0315	0	227	297	3
2026-02-12	15:45:42.970	49.735	45.395	58.59	1.01626	-0.272304	-0.013908	0.102	0.789	0.018	0	227	297	3
2026-02-12	15:45:42.990	46.83	38.01	54.285	1.01138	-0.287676	0.02318	0.1065	0.7965	0.0045	0	227	297	3
2026-02-12	15:45:43.010	42.98	31.255	49.98	0.98576	-0.313784	0.056364	0.1155	0.801	0	0	226	275	3
2026-02-12	15:45:43.030	44.1	21.63	44.45	0.972584	-0.337208	0.08906	0.1215	0.801	0.0015	0	226	275	3
2026-02-12	15:45:43.050	49.245	15.575	40.075	0.992104	-0.326228	0.077104	0.1215	0.8115	-0.0135	0	226	275	3
2026-02-12	15:45:43.070	53.935	8.12	33.425	1.052372	-0.318176	0.07905599	0.126	0.8175	-0.012	0	226	275	3
2026-02-12	15:45:43.090	53.97	3.85	27.93	0.989664	-0.30134	0.076128	0.126	0.819	-0.018	0	226	275	3
2026-02-12	15:45:43.110	53.935	-1.365	24.92	0.93086	-0.264252	0.064904	0.1275	0.816	-0.027	0	226	275	3
2026-02-12	15:45:43.130	55.125	-7.525	22.33	0.906216	-0.244976	0.068564	0.1275	0.819	-0.03	0	226	275	3
2026-02-12	15:45:43.150	57.995	-12.425	19.46	0.92598	-0.243024	0.105652	0.1275	0.822	-0.0375	0	226	275	3
2026-02-12	15:45:43.170	61.635	-15.295	17.78	0.914756	-0.26108	0.135664	0.129	0.8205	-0.0435	0	226	275	3
2026-02-12	15:45:43.190	68.425	-18.165	18.165	0.892308	-0.238632	0.151768	0.1365	0.8265	-0.045	0	226	275	3
2026-02-12	15:45:43.210	73.36	-21.63	16.1	0.905484	-0.194956	0.175436	0.135	0.8265	-0.0495	0	225	225	3
2026-02-12	15:45:43.230	76.58	-23.345	12.25	0.9394	-0.189344	0.210816	0.132	0.8265	-0.051	0	225	225	3
2026-02-12	15:45:43.250	78.47	-22.82	10.395	0.938424	-0.147376	0.24278	0.1395	0.831	-0.0525	0	225	225	3
2026-02-12	15:45:43.270	73.955	-21.98	9.485	0.929396	-0.095404	0.266204	0.1395	0.816	-0.0675	0	225	225	3
2026-02-12	15:45:43.290	67.41	-21	6.615	0.946476	-0.046116	0.289872	0.138	0.8205	-0.063	0	225	225	3
2026-02-12	15:45:43.310	58.03	-21.14	0.98	1.014552	0.024644	0.308172	0.135	0.819	-0.069	0	225	225	3
2026-02-12	15:45:43.330	40.635	-22.715	-10.29	1.077992	0.120536	0.291824	0.132	0.819	-0.078	0	225	225	3
2026-02-12	15:45:43.350	11.795	-25.095	-26.11	1.06262	0.194224	0.271816	0.132	0.822	-0.0825	0	225	225	3
2026-02-12	15:45:43.370	-19.04	-32.095	-46.095	1.153876	0.085156	0.273036	0.123	0.816	-0.0735	0	225	225	3
2026-02-12	15:45:43.390	-35.385	-36.575	-62.055	1.177788	-0.082228	0.306464	0.114	0.8055	-0.0675	0	225	225	3
2026-02-12	15:45:43.410	-33.005	-38.01	-69.65	1.057496	-0.132004	0.332328	0.114	0.801	-0.0645	0	223	196	3
2026-02-12	15:45:43.430	-13.09	-42.21	-71.33	0.898896	-0.057584	0.347456	0.1065	0.798	-0.057	0	223	196	3
2026-02-12	15:45:43.450	30.205	-55.965	-69.79	0.805688	-0.095404	0.3782	0.102	0.795	-0.0525	0	223	196	3
2026-02-12	15:45:43.470	72.73	-65.415	-64.68	0.87718	-0.149572	0.392596	0.102	0.795	-0.0525	0	223	196	3
2026-02-12	15:45:43.490	114.135	-72.59	-56.945	0.944524	-0.047092	0.386008	0.081	0.765	-0.0345	0	223	196	3
2026-02-12	15:45:43.510	130.55	-77.525	-51.835	0.960628	0.104188	0.380396	0.0765	0.756	-0.036	0	223	196	3
2026-02-12	15:45:43.530	117.53	-80.605	-52.43	1.007476	0.183732	0.37698	0.0705	0.7515	-0.0375	0	223	196	3
2026-02-12	15:45:43.550	90.58	-80.535	-57.05	1.056032	0.15738	0.377224	0.0645	0.7395	-0.0345	0	223	196	3
2026-02-12	15:45:43.570	66.185	-77.07	-60.725	1.086776	0.066612	0.373808	0.063	0.7275	-0.027	0	223	196	3
2026-02-12	15:45:43.590	54.075	-72.38	-61.845	1.059692	0.004636	0.384056	0.054	0.72	-0.018	0	223	196	3
2026-02-12	15:45:43.610	52.465	-68.775	-61.775	1.033584	-0.071004	0.413336	0.045	0.7125	-0.012	0	221	207	3
2026-02-12	15:45:43.630	60.55	-65.415	-58.24	1.027728	-0.145912	0.447008	0.045	0.6975	-0.012	0	221	207	3
2026-02-12	15:45:43.650	75.705	-60.97	-50.26	0.980636	-0.164212	0.44652	0.042	0.687	-0.0075	0	221	207	3
2026-02-12	15:45:43.670	92.575	-54.88	-33.705	0.853268	-0.035868	0.392108	0.036	0.6855	-0.0015	0	221	207	3
2026-02-12	15:45:43.690	85.19	-53.585	-26.81	0.7869	0.033916	0.3538	0.0375	0.6825	0.009	0	221	207	3
2026-02-12	15:45:43.710	68.74	-53.235	-22.96	0.768356	0.023668	0.346724	0.039	0.6705	0.012	0	221	207	3
2026-02-12	15:45:43.730	52.5	-51.135	-19.74	0.772016	-0.02196	0.351116	0.0315	0.6585	0.0195	0	221	207	3
2026-02-12	15:45:43.750	38.99	-46.795	-16.03	0.716872	-0.00976	0.334768	0.0285	0.6585	0.0225	0	221	207	3
2026-02-12	15:45:43.770	22.015	-41.65	-13.09	0.687104	-0.017324	0.321592	0.03	0.6615	0.027	0	221	207	3
2026-02-12	15:45:43.790	15.33	-34.615	-11.165	0.765916	-0.10004	0.33428	0.033	0.66	0.033	0	221	207	3
2026-02-12	15:45:43.810	24.99	-24.57	-7.665	0.869128	-0.14762	0.338428	0.0285	0.6585	0.0375	0	220	242	3
2026-02-12	15:45:43.830	33.18	-13.335	-1.4	0.930372	-0.08784	0.300608	0.027	0.657	0.0405	0	220	242	3
2026-02-12	15:45:43.850	25.97	-3.255	4.69	0.980392	-0.036844	0.25986	0.027	0.657	0.0435	0	220	242	3
2026-02-12	15:45:43.870	5.005	5.915	11.06	1.027484	-0.012932	0.24278	0.024	0.6585	0.048	0	220	242	3
2026-02-12	15:45:43.890	-14.595	11.025	16.345	1.150948	-0.05124	0.251564	0.0225	0.657	0.0495	0	220	242	3
2026-02-12	15:45:43.910	-17.78	18.97	21.07	1.212436	-0.1159	0.291824	0.0285	0.666	0.045	0	220	242	3
2026-02-12	15:45:43.930	-3.57	27.265	28.175	1.2749	-0.22204	0.36112	0.0285	0.663	0.051	0	220	242	3
2026-02-12	15:45:43.950	23.485	34.16	33.46	1.37006	-0.243756	0.366732	0.0225	0.672	0.0375	0	220	242	3
2026-02-12	15:45:43.970	38.78	43.61	39.585	1.513288	-0.14152	0.238388	0.0285	0.675	0.0315	0	220	242	3
2026-02-12	15:45:43.990	23.345	52.955	47.215	1.569652	-0.092964	0.10858	0.0315	0.6795	0.0225	0	220	242	3
2026-02-12	15:45:44.010	11.9	63.35	69.405	1.373964	-0.205204	0.009516	0.0285	0.6825	0.0195	0	219	268	3
2026-02-12	15:45:44.030	42.105	64.365	85.155	1.290028	-0.216428	-0.003904	0.0285	0.687	0.0165	0	219	268	3
2026-02-12	15:45:44.050	90.895	61.355	101.395	1.172176	-0.051972	-0.016348	0.036	0.7035	0.0015	0	219	268	3
2026-02-12	15:45:44.070	113.995	54.495	110.53	1.091656	0.0183	0.005856	0.048	0.717	-0.018	0	219	268	3
2026-02-12	15:45:44.090	114.345	48.02	118.405	1.070428	-0.067588	0.06466	0.0525	0.72	-0.027	0	219	268	3
2026-02-12	15:45:44.110	106.085	49.525	120.645	1.046028	-0.12322	0.08906	0.0525	0.72	-0.027	0	219	268	3
2026-02-12	15:45:44.130	94.64	52.29	119	0.994544	-0.12444	0.07905599	0.078	0.7605	-0.063	0	219	268	3
2026-02-12	15:45:44.150	83.37	53.165	112.7	0.901092	-0.11956	0.061732	0.0885	0.777	-0.0735	0	219	268	3
2026-02-12	15:45:44.170	71.75	47.915	103.635	0.840824	-0.158844	0.040016	0.0975	0.7785	-0.0825	0	219	268	3
2026-02-12	15:45:44.190	45.78	35.945	92.33	0.88084	-0.192028	0.085644	0.1095	0.789	-0.102	0	219	268	3
2026-02-12	15:45:44.210	26.95	35.805	83.44	0.96502	-0.493856	0.111264	0.114	0.804	-0.111	0	221	260	3
2026-02-12	15:45:44.230	59.325	39.13	83.86	0.94794	-0.554368	0.091988	0.1185	0.8115	-0.114	0	221	260	3
2026-02-12	15:45:44.250	79.1	35.805	84.42	0.935496	-0.568764	0.069784	0.132	0.8145	-0.1275	0	221	260	3
2026-02-12	15:45:44.270	83.09	29.26	84.63	0.970632	-0.579012	0.08052	0.1485	0.822	-0.141	0	221	260	3
2026-02-12	15:45:44.290	88.9	24.92	84.385	1.010892	-0.589992	0.094184	0.159	0.8295	-0.15	0	221	260	3
2026-02-12	15:45:44.310	103.355	19.565	87.92	0.943792	-0.545096	0.084668	0.1605	0.828	-0.156	0	221	260	3
2026-02-12	15:45:44.330	101.605	15.05	87.745	0.93208	-0.505812	0.084668	0.1875	0.8235	-0.177	0	221	260	3
2026-02-12	15:45:44.350	91.595	10.395	82.88	1.022604	-0.445056	0.103212	0.1935	0.8325	-0.186	0	221	260	3
2026-02-12	15:45:44.370	67.375	11.27	76.405	0.985272	-0.403576	0.124928	0.2085	0.834	-0.1995	0	221	260	3
2026-02-12	15:45:44.390	37.135	13.09	71.715	0.893772	-0.400648	0.12078	0.213	0.831	-0.204	0	221	260	3
2026-02-12	15:45:44.410	12.355	11.515	66.605	0.848388	-0.391864	0.101504	0.2175	0.8325	-0.2085	0	225	226	3
2026-02-12	15:45:44.430	-4.025	9.03	60.13	0.88328	-0.421388	0.089304	0.2295	0.8415	-0.2115	0	225	226	3
2026-02-12	15:45:44.450	-9.485	7.63	54.39	0.899872	-0.438956	0.093452	0.2385	0.843	-0.213	0	225	226	3
2026-02-12	15:45:44.470	-11.2	7.035	50.47	0.873276	-0.425048	0.089792	0.24	0.846	-0.2115	0	225	226	3
2026-02-12	15:45:44.490	-6.44	5.6	45.465	0.883768	-0.433832	0.07515199	0.252	0.852	-0.21	0	225	226	3
2026-02-12	15:45:44.510	1.645	2.695	39.165	0.909388	-0.360144	0.079544	0.258	0.8565	-0.207	0	225	226	3
2026-02-12	15:45:44.530	-16.625	-1.89	32.725	0.934276	-0.267668	0.133224	0.255	0.858	-0.2055	0	225	226	3
2026-02-12	15:45:44.550	-41.965	-5.04	27.93	0.962092	-0.295972	0.143472	0.273	0.8655	-0.2085	0	225	226	3
2026-02-12	15:45:44.570	-52.71	-6.195	25.62	1.005036	-0.348188	0.164212	0.2805	0.8805	-0.204	0	225	226	3
2026-02-12	15:45:44.590	-47.985	-5.25	24.99	1.03456	-0.363072	0.190564	0.2775	0.8745	-0.201	0	225	226	3
2026-02-12	15:45:44.610	-40.46	-2.485	23.73	1.067012	-0.356728	0.223992	0.2775	0.8805	-0.1935	0	229	192	3
2026-02-12	15:45:44.630	-37.52	2.1	22.12	1.06018	-0.348432	0.243024	0.282	0.8865	-0.186	0	229	192	3
2026-02-12	15:45:44.650	-32.655	5.39	19.705	1.035292	-0.347944	0.249856	0.2805	0.8895	-0.183	0	229	192	3
2026-02-12	15:45:44.670	-22.47	7.07	17.815	0.980148	-0.333548	0.253272	0.279	0.8955	-0.18	0	229	192	3
2026-02-12	15:45:44.690	-13.475	5.915	13.545	0.997472	-0.195932	0.193004	0.285	0.9	-0.177	0	229	192	3
2026-02-12	15:45:44.710	-18.935	1.82	-3.64	1.077992	-0.09638	0.177388	0.294	0.9	-0.1785	0	229	192	3
2026-02-12	15:45:44.730	-29.33	-1.96	-30.66	0.967948	-0.179584	0.286456	0.2985	0.897	-0.183	0	229	192	3
2026-02-12	15:45:44.750	-27.335	-2.975	-40.075	0.881572	-0.13176	0.36844	0.2985	0.897	-0.183	0	229	192	3
2026-02-12	15:45:44.770	-35.315	-1.645	-47.075	0.773968	-0.074664	0.374296	0.2775	0.897	-0.1635	0	229	192	3
2026-02-12	15:45:44.790	-50.785	-2.345	-56.35	0.74786	-0.091012	0.329156	0.273	0.8985	-0.156	0	229	192	3
2026-02-12	15:45:44.810	-54.11	-4.55	-67.165	0.783972	-0.158112	0.292556	0.27	0.8925	-0.1515	0	230	181	3
2026-02-12	15:45:44.830	-40.32	-7.245	-77.91	0.859856	-0.2135	0.288652	0.2655	0.8955	-0.147	0	230	181	3
2026-02-12	15:45:44.850	-17.08	-9.31	-87.43	0.920368	-0.223992	0.299388	0.2535	0.897	-0.1425	0	230	181	3
2026-02-12	15:45:44.870	0.245	-10.15	-96.88	0.961848	-0.184708	0.324764	0.2415	0.891	-0.1455	0	230	181	3
2026-02-12	15:45:44.890	4.62	-9.8	-106.68	1.009184	-0.20008	0.321104	0.231	0.8835	-0.15	0	230	181	3
2026-02-12	15:45:44.910	4.585	-8.925	-115.185	1.052128	-0.202032	0.293532	0.2145	0.873	-0.15	0	230	181	3
2026-02-12	15:45:44.930	0.77	-8.54	-121.94	1.04798	-0.19398	0.266204	0.2025	0.8595	-0.147	0	230	181	3
2026-02-12	15:45:44.950	-5.985	-11.095	-129.605	1.017236	-0.20252	0.237656	0.201	0.855	-0.1425	0	230	181	3
2026-02-12	15:45:44.970	-8.295	-15.47	-134.05	1.006744	-0.218624	0.23912	0.1665	0.837	-0.1455	0	230	181	3
2026-02-12	15:45:44.990	-6.965	-20.405	-137.235	0.996496	-0.261812	0.26718	0.15	0.819	-0.1425	0	230	181	3
2026-02-12	15:45:45.010	0.35	-25.165	-138.355	1.014552	-0.309148	0.291824	0.126	0.8115	-0.1275	0	227	195	3
2026-02-12	15:45:45.030	12.11	-28.315	-137.55	1.036512	-0.314028	0.307928	0.135	0.786	-0.135	0	227	195	3
2026-02-12	15:45:45.050	20.545	-30.8	-135.66	1.040172	-0.274744	0.321348	0.123	0.783	-0.132	0	227	195	3
2026-02-12	15:45:45.070	18.83	-32.585	-132.37	0.989908	-0.250588	0.328424	0.105	0.765	-0.1305	0	227	195	3
2026-02-12	15:45:45.090	13.615	-34.09	-128.38	0.91622	-0.244488	0.317688	0.0915	0.744	-0.1305	0	227	195	3
2026-02-12	15:45:45.110	8.12	-37.24	-126.07	0.870348	-0.250832	0.308904	0.0825	0.729	-0.1245	0	227	195	3
2026-02-12	15:45:45.130	4.13	-40.495	-125.44	0.871324	-0.318176	0.358924	0.0765	0.7125	-0.1185	0	227	195	3
2026-02-12	15:45:45.150	15.925	-40.6	-120.19	0.875472	-0.434076	0.431148	0.069	0.693	-0.117	0	227	195	3
2026-02-12	15:45:45.170	37.8	-38.675	-106.54	0.858636	-0.428708	0.413824	0.0645	0.6825	-0.117	0	227	195	3
2026-02-12	15:45:45.190	52.605	-39.025	-91.875	0.85156	-0.385764	0.364536	0.048	0.645	-0.0975	0	227	195	3
2026-02-12	15:45:45.210	67.515	-42.945	-78.225	0.953064	-0.38064	0.312076	0.042	0.636	-0.1005	0	221	223	3
2026-02-12	15:45:45.230	91.105	-48.93	-66.955	1.122888	-0.437736	0.368928	0.042	0.624	-0.099	0	221	223	3
2026-02-12	15:45:45.250	131.845	-43.365	-49.84	1.109468	-0.621956	0.578036	0.039	0.6105	-0.084	0	221	223	3
2026-02-12	15:45:45.270	194.81	-29.61	-20.965	1.10532	-0.715896	0.623908	0.039	0.6045	-0.0885	0	221	223	3
2026-02-12	15:45:45.290	250.88	-14.735	12.425	1.213656	-0.493368	0.513864	0.036	0.5925	-0.0915	0	221	223	3
2026-02-12	15:45:45.310	260.96	7.385	40.705	1.34688	-0.221796	0.345748	0.0285	0.5805	-0.087	0	221	223	3
2026-02-12	15:45:45.330	230.44	35.875	64.05	1.38104	-0.053436	0.218136	0.027	0.5745	-0.0885	0	221	223	3
2026-02-12	15:45:45.350	182.35	62.16	85.785	1.37372	0.01342	0.128344	0.027	0.5745	-0.093	0	221	223	3
2026-02-12	15:45:45.370	106.435	82.39	113.47	1.305156	0.134932	0.1098	0.027	0.573	-0.093	0	221	223	3
2026-02-12	15:45:45.390	44.835	87.78	127.61	1.24562	0.13054	0.144936	0.027	0.573	-0.093	0	221	223	3
2026-02-12	15:45:45.410	-9.765	90.72	138.915	1.169004	0.1037	0.207156	0.0555	0.6015	-0.1305	0	216	256	3
2026-02-12	15:45:45.430	-61.67	89.075	149.485	1.163636	0.052704	0.271816	0.0555	0.6195	-0.147	0	216	256	3
2026-02-12	15:45:45.450	-109.9	85.61	161	1.143872	-0.06734399	0.274256	0.078	0.651	-0.153	0	216	256	3
2026-02-12	15:45:45.470	-136.78	79.625	171.465	1.12484	-0.173972	0.218868	0.0825	0.678	-0.1635	0	216	256	3
2026-02-12	15:45:45.490	-153.44	73.92	177.835	1.104832	-0.241316	0.15494	0.0915	0.6915	-0.1605	0	216	256	3
2026-02-12	15:45:45.510	-161.945	65.38	179.69	1.152656	-0.292556	0.099064	0.111	0.7215	-0.159	0	216	256	3
2026-02-12	15:45:45.530	-159.67	55.3	177.765	1.138748	-0.302072	0.047824	0.132	0.75	-0.1605	0	216	256	3
2026-02-12	15:45:45.550	-139.825	45.535	173.11	1.054568	-0.33916	0.01464	0.15	0.7815	-0.159	0	216	256	3
2026-02-12	15:45:45.570	-97.58	34.895	166.25	0.985028	-0.426268	-0.005612	0.1695	0.807	-0.1515	0	216	256	3
2026-02-12	15:45:45.590	-0.035	22.645	155.26	1.04188	-0.606096	-0.00732	0.18	0.8145	-0.147	0	216	256	3
2026-02-12	15:45:45.610	74.935	20.23	148.365	1.115812	-0.625372	0.029036	0.2145	0.8625	-0.141	0	216	263	3
2026-02-12	15:45:45.630	138.53	24.08	139.195	1.216828	-0.550708	0.076128	0.237	0.867	-0.1455	0	216	263	3
2026-02-12	15:45:45.650	176.015	33.25	128.835	1.138504	-0.448716	0.087596	0.2505	0.864	-0.1665	0	216	263	3
2026-02-12	15:45:45.670	187.495	39.305	118.16	1.041392	-0.365512	0.093208	0.267	0.858	-0.192	0	216	263	3
2026-02-12	15:45:45.690	177.03	39.83	106.05	1.009428	-0.311832	0.089548	0.291	0.855	-0.201	0	216	263	3
2026-02-12	15:45:45.710	151.025	38.64	93.835	0.975512	-0.272304	0.104432	0.2955	0.8475	-0.219	0	216	263	3
2026-02-12	15:45:45.730	120.26	36.47	81.9	0.919392	-0.270352	0.122976	0.309	0.837	-0.243	0	216	263	3
2026-02-12	15:45:45.750	92.96	32.9	71.12	0.865468	-0.264496	0.143716	0.324	0.831	-0.2565	0	216	263	3
2026-02-12	15:45:45.770	68.88	28.21	60.865	0.83204	-0.267668	0.153964	0.33	0.825	-0.267	0	216	263	3
2026-02-12	15:45:45.790	48.405	21.28	48.3	0.815448	-0.283528	0.14274	0.336	0.819	-0.273	0	216	263	3
2026-02-12	15:45:45.810	35.385	14.945	35.42	0.7808	-0.281088	0.137616	0.339	0.8145	-0.276	0	219	239	2
2026-02-12	15:45:45.830	29.47	10.57	24.745	0.762012	-0.277184	0.130296	0.357	0.8145	-0.2805	0	219	239	2
2026-02-12	15:45:45.850	25.97	6.125	14.455	0.748592	-0.27694	0.141764	0.3555	0.81	-0.2895	0	219	239	2
2026-02-12	15:45:45.870	24.71	0.945	5.18	0.723948	-0.267668	0.151768	0.363	0.8145	-0.2925	0	219	239	2
2026-02-12	15:45:45.890	25.76	-5.985	-3.36	0.698084	-0.259372	0.177632	0.36	0.8055	-0.285	0	219	239	2
2026-02-12	15:45:45.910	32.095	-14.7	-12.11	0.718336	-0.261812	0.227164	0.3585	0.8055	-0.3045	0	219	239	2
2026-02-12	15:45:45.930	46.55	-22.645	-22.295	0.786412	-0.274744	0.280112	0.3555	0.801	-0.3	0	219	239	2
2026-02-12	15:45:45.950	64.225	-29.05	-34.09	0.909876	-0.252784	0.319396	0.354	0.795	-0.3	0	219	239	2
2026-02-12	15:45:45.970	77.84	-33.74	-48.615	1.049932	-0.231556	0.350384	0.348	0.783	-0.3075	0	219	239	2
2026-02-12	15:45:45.990	79.555	-37.8	-63.105	1.163392	-0.174948	0.349652	0.339	0.771	-0.312	0	219	239	2
2026-02-12	15:45:46.010	56.91	-40.985	-83.86	1.191208	-0.18422	0.38552	0.3375	0.768	-0.3105	0	222	217	3
2026-02-12	15:45:46.030	39.13	-39.305	-87.815	1.063108	-0.19154	0.41114	0.3375	0.768	-0.3105	0	222	217	3
2026-02-12	15:45:46.050	28.385	-38.01	-84.63	0.91744	-0.148108	0.424804	0.306	0.7305	-0.3165	0	222	217	3
2026-02-12	15:45:46.070	16.625	-41.125	-78.015	0.827404	-0.092232	0.398208	0.2985	0.7155	-0.3135	0	222	217	3
2026-02-12	15:45:46.090	3.99	-49.49	-74.935	0.829356	-0.066856	0.381372	0.288	0.72	-0.312	0	222	217	3
2026-02-12	15:45:46.110	-3.885	-58.695	-75.005	0.862784	-0.080276	0.399916	0.2745	0.711	-0.312	0	222	217	3
2026-02-12	15:45:46.130	-3.43	-66.71	-74.095	0.874008	-0.092476	0.427488	0.2565	0.708	-0.306	0	222	217	3
2026-02-12	15:45:46.150	-0.14	-74.095	-73.78	0.904508	-0.078568	0.43066	0.2535	0.7035	-0.303	0	222	217	3
2026-02-12	15:45:46.170	-2.52	-79.485	-78.435	0.9577	-0.081008	0.431636	0.2475	0.696	-0.297	0	222	217	3
2026-02-12	15:45:46.190	-11.62	-80.885	-86.135	0.992836	-0.118828	0.438224	0.234	0.693	-0.2895	0	222	217	3
2026-02-12	15:45:46.210	-22.61	-78.435	-93.485	0.999912	-0.144204	0.452864	0.216	0.6885	-0.285	0	225	227	3
2026-02-12	15:45:46.230	-42.665	-70.98	-103.74	0.992592	-0.141276	0.439688	0.207	0.6855	-0.2865	0	225	227	3
2026-02-12	15:45:46.250	-54.32	-65.905	-110.425	0.953796	-0.12932	0.414068	0.186	0.6705	-0.264	0	225	227	3
2026-02-12	15:45:46.270	-63.84	-63.56	-115.885	0.919148	-0.13908	0.396744	0.1725	0.657	-0.2565	0	225	227	3
2026-02-12	15:45:46.290	-71.33	-63.49	-119.595	0.900848	-0.161528	0.386984	0.171	0.6555	-0.2505	0	225	227	3
2026-02-12	15:45:46.310	-76.58	-65.31	-121.065	0.895968	-0.180072	0.404308	0.1545	0.6555	-0.243	0	225	227	3
2026-02-12	15:45:46.330	-78.015	-66.395	-120.645	0.900848	-0.204472	0.427244	0.141	0.654	-0.234	0	225	227	3
2026-02-12	15:45:46.350	-73.85	-67.025	-118.51	0.896944	-0.227652	0.444812	0.126	0.6405	-0.2175	0	225	227	3
2026-02-12	15:45:46.370	-66.885	-68.635	-115.78	0.922808	-0.249856	0.45872	0.126	0.636	-0.213	0	225	227	3
2026-02-12	15:45:46.390	-58.45	-69.93	-112.945	0.958432	-0.29524	0.488976	0.12	0.6255	-0.2055	0	225	227	3
2026-02-12	15:45:46.410	-43.68	-68.39	-107.66	0.976488	-0.343796	0.530456	0.108	0.6195	-0.1935	0	227	266	3
2026-02-12	15:45:46.430	-16.24	-63.98	-95.165	0.981612	-0.354776	0.573156	0.1005	0.6105	-0.1875	0	227	266	3
2026-02-12	15:45:46.450	9.1	-57.365	-79.345	1.028704	-0.327448	0.595848	0.0975	0.603	-0.189	0	227	266	3
2026-02-12	15:45:46.470	23.905	-50.89	-64.015	1.069696	-0.284992	0.590236	0.0885	0.5835	-0.159	0	227	266	3
2026-02-12	15:45:46.490	34.3	-46.445	-50.26	1.18706	-0.280112	0.590724	0.093	0.5715	-0.156	0	227	266	3
2026-02-12	15:45:46.510	55.44	-39.41	-38.22	1.382504	-0.335256	0.754204	0.084	0.5745	-0.1485	0	227	266	3
2026-02-12	15:45:46.530	87.01	-16.17	-23.52	1.438868	-0.366976	0.87352	0.0885	0.555	-0.1425	0	227	266	3
2026-02-12	15:45:46.550	96.81	5.495	-1.68	1.418128	-0.215208	0.729316	0.0705	0.5445	-0.141	0	227	266	3
2026-02-12	15:45:46.570	55.755	22.12	22.785	1.346148	-0.07905599	0.493612	0.075	0.543	-0.144	0	227	266	3
2026-02-12	15:45:46.590	-1.925	35.35	46.69	1.234396	-0.081496	0.32208	0.0795	0.543	-0.147	0	227	266	3
2026-02-12	15:45:46.610	-34.405	42	72.1	1.087752	-0.13908	0.22814	0.0795	0.5475	-0.15	0	227	323	3
2026-02-12	15:45:46.630	-31.185	42.63	98.315	0.977464	-0.137372	0.228384	0.081	0.5535	-0.1575	0	227	323	3
2026-02-12	15:45:46.650	-13.23	38.29	127.925	0.970144	-0.022692	0.243512	0.0825	0.558	-0.1635	0	227	323	3
2026-02-12	15:45:46.670	-18.97	33.67	137.585	1.008208	0.034892	0.237168	0.0825	0.558	-0.1635	0	227	323	3
2026-02-12	15:45:46.690	-39.305	29.085	140.595	1.0736	-0.00488	0.250344	0.099	0.6075	-0.1785	0	227	323	3
2026-02-12	15:45:46.710	-67.655	33.075	144.585	1.073112	-0.122976	0.269376	0.1095	0.627	-0.18	0	227	323	3
2026-02-12	15:45:46.730	-89.425	40.32	151.025	1.084336	-0.224968	0.24522	0.1215	0.6435	-0.177	0	227	323	3
2026-02-12	15:45:46.750	-95.025	53.165	155.61	1.117764	-0.323544	0.189344	0.123	0.666	-0.177	0	227	323	3
2026-02-12	15:45:46.770	-77.735	58.66	157.22	1.126792	-0.317932	0.098088	0.129	0.6855	-0.1815	0	227	323	3
2026-02-12	15:45:46.790	-59.01	58.835	157.71	1.07726	-0.221796	0.02806	0.135	0.7005	-0.183	0	227	323	3
2026-02-12	15:45:46.810	-44.17	55.195	154.07	1.071648	-0.2196	-0.017812	0.15	0.726	-0.183	0	229	354	3
2026-02-12	15:45:46.830	-16.695	51.03	146.895	1.13338	-0.268644	-0.044408	0.1635	0.7455	-0.186	0	229	354	3
2026-02-12	15:45:46.850	16.555	50.82	139.16	1.092632	-0.256688	-0.04026	0.1785	0.7575	-0.1905	0	229	354	3
2026-02-12	15:45:46.870	48.16	49.35	125.405	1.045784	-0.2623	0.021472	0.1875	0.7605	-0.1875	0	229	354	3
2026-02-12	15:45:46.890	54.495	49.175	112.77	1.052372	-0.25376	0.064172	0.213	0.7815	-0.2115	0	229	354	3
2026-02-12	15:45:46.910	49.595	50.295	98.875	1.003328	-0.247172	0.078812	0.2265	0.786	-0.219	0	229	354	3
2026-02-12	15:45:46.930	38.885	48.965	86.485	0.94184	-0.240828	0.067832	0.237	0.7845	-0.2235	0	229	354	3
2026-02-12	15:45:46.950	25.06	44.38	75.6	0.878888	-0.237656	0.055876	0.255	0.798	-0.231	0	229	354	3
2026-02-12	15:45:46.970	10.885	36.995	65.59	0.825208	-0.247172	0.061244	0.255	0.7995	-0.2355	0	229	354	3
2026-02-12	15:45:46.990	0.315	27.65	56.035	0.792756	-0.275232	0.092476	0.267	0.798	-0.2505	0	229	354	3
2026-02-12	15:45:47.010	-2.03	17.43	46.655	0.790072	-0.305732	0.115168	0.273	0.801	-0.246	0	232	330	3
2026-02-12	15:45:47.030	1.26	7.525	37.38	0.782508	-0.315248	0.135664	0.279	0.8055	-0.243	0	232	330	3
2026-02-12	15:45:47.050	7.875	-2.765	27.965	0.786168	-0.342332	0.145912	0.2775	0.8055	-0.2415	0	232	330	3
2026-02-12	15:45:47.070	23.835	-14.945	16.275	0.787388	-0.34648	0.160552	0.279	0.807	-0.24	0	232	330	3
2026-02-12	15:45:47.090	41.755	-25.375	3.71	0.80642	-0.339404	0.188368	0.282	0.8085	-0.24	0	232	330	3
2026-02-12	15:45:47.110	54.075	-31.43	-6.125	0.826184	-0.325496	0.231068	0.279	0.81	-0.252	0	232	330	3
2026-02-12	15:45:47.130	65.24	-34.65	-14.14	0.833992	-0.321836	0.283772	0.2775	0.798	-0.255	0	232	330	3
2026-02-12	15:45:47.150	77.105	-35.7	-20.755	0.845216	-0.294508	0.317444	0.261	0.7875	-0.258	0	232	330	3
2026-02-12	15:45:47.170	86.765	-35.7	-27.265	0.847168	-0.2806	0.310368	0.2625	0.774	-0.255	0	232	330	3
2026-02-12	15:45:47.190	93.625	-38.57	-33.075	0.899872	-0.2623	0.2928	0.258	0.7695	-0.2565	0	232	330	3
2026-02-12	15:45:47.210	97.51	-42.35	-37.38	0.937204	-0.242292	0.298656	0.2475	0.7575	-0.2655	0	235	286	3
2026-02-12	15:45:47.230	98.35	-45.815	-40.495	0.946476	-0.210816	0.274988	0.2445	0.7485	-0.2655	0	235	286	3
2026-02-12	15:45:47.250	99.96	-51.45	-47.18	1.109468	-0.189344	0.307684	0.237	0.7335	-0.2685	0	235	286	3
2026-02-12	15:45:47.270	105.21	-52.185	-58.24	1.291736	-0.177388	0.382348	0.2295	0.7185	-0.2745	0	235	286	3
2026-02-12	15:45:47.290	92.295	-49.56	-74.585	1.392508	-0.097844	0.420656	0.228	0.7125	-0.2775	0	235	286	3
2026-02-12	15:45:47.310	66.01	-45.115	-82.495	1.2993	-0.092476	0.420412	0.228	0.7125	-0.2775	0	235	286	3
2026-02-12	15:45:47.330	40.495	-40.075	-85.33	1.140212	-0.057096	0.41968	0.195	0.6675	-0.279	0	235	286	3
2026-02-12	15:45:47.350	13.09	-37.59	-84	0.996984	0.00366	0.406504	0.1905	0.6495	-0.282	0	235	286	3
2026-02-12	15:45:47.370	-19.635	-38.08	-80.325	0.887184	0.00732	0.391864	0.186	0.6375	-0.279	0	235	286	3
2026-02-12	15:45:47.390	-43.645	-40.95	-76.965	0.864492	-0.039772	0.381128	0.1695	0.6345	-0.2655	0	235	286	3
2026-02-12	15:45:47.410	-53.095	-44.94	-75.915	0.881328	-0.050996	0.377712	0.1665	0.6315	-0.2595	0	236	268	3
2026-02-12	15:45:47.430	-59.15	-45.745	-78.225	0.946964	-0.092476	0.372832	0.1605	0.627	-0.258	0	236	268	3
2026-02-12	15:45:47.450	-62.93	-40.88	-82.6	1.003816	-0.12444	0.354288	0.159	0.6255	-0.2535	0	236	268	3
2026-02-12	15:45:47.470	-69.335	-31.85	-86.975	0.997472	-0.139568	0.305	0.15	0.627	-0.2505	0	236	268	3
2026-02-12	15:45:47.490	-78.925	-22.12	-92.26	0.977464	-0.131028	0.23302	0.144	0.627	-0.2475	0	236	268	3
2026-02-12	15:45:47.510	-82.88	0.42	-101.43	0.917684	-0.175924	0.1708	0.144	0.624	-0.2415	0	236	268	3
2026-02-12	15:45:47.530	-75.88	-3.57	-107.17	0.91622	-0.168604	0.179096	0.129	0.606	-0.2295	0	236	268	3
2026-02-12	15:45:47.550	-74.62	-10.08	-111.545	0.904508	-0.180072	0.210816	0.138	0.6075	-0.2385	0	236	268	3
2026-02-12	15:45:47.570	-77.105	-15.855	-112.49	0.869372	-0.211548	0.254248	0.129	0.6045	-0.234	0	236	268	3
2026-02-12	15:45:47.590	-75.565	-21.63	-110.32	0.848144	-0.215208	0.294508	0.1305	0.5985	-0.222	0	236	268	3
2026-02-12	15:45:47.610	-73.605	-26.67	-106.085	0.839848	-0.197152	0.32208	0.123	0.588	-0.2265	0	236	274	3
2026-02-12	15:45:47.630	-72.625	-31.885	-101.08	0.837164	-0.19154	0.335744	0.1155	0.588	-0.2175	0	236	274	3
2026-02-12	15:45:47.650	-67.83	-37.17	-96.25	0.859856	-0.206424	0.351848	0.1185	0.573	-0.2115	0	236	274	3
2026-02-12	15:45:47.670	-57.925	-42.175	-91.7	0.883036	-0.22448	0.382348	0.117	0.5745	-0.2115	0	236	274	3
2026-02-12	15:45:47.690	-43.365	-45.22	-85.82	0.878156	-0.250832	0.407724	0.108	0.5685	-0.2085	0	236	274	3
2026-02-12	15:45:47.710	-18.62	-47.32	-77.945	0.892796	-0.263032	0.431148	0.099	0.561	-0.201	0	236	274	3
2026-02-12	15:45:47.730	6.125	-46.9	-69.685	0.933056	-0.265716	0.439932	0.0975	0.5595	-0.1995	0	236	274	3
2026-02-12	15:45:47.750	21.175	-40.845	-60.235	0.979416	-0.259128	0.426756	0.087	0.5415	-0.186	0	236	274	3
2026-02-12	15:45:47.770	37.87	-25.9	-49.49	0.92232	-0.217892	0.384788	0.0975	0.5385	-0.186	0	236	274	3
2026-02-12	15:45:47.790	58.8	-33.145	-44.625	1.014552	-0.19032	0.35624	0.0945	0.525	-0.174	0	236	274	3
2026-02-12	15:45:47.810	87.57	-42.7	-41.615	1.140944	-0.236192	0.473604	0.09	0.5175	-0.1665	0	232	291	3
2026-02-12	15:45:47.830	114.52	-45.115	-34.51	1.237812	-0.28548	0.665876	0.0825	0.5025	-0.1635	0	232	291	3
2026-02-12	15:45:47.850	131.46	-33.53	-20.3	1.226588	-0.257664	0.747372	0.0825	0.4905	-0.1605	0	232	291	3
2026-02-12	15:45:47.870	128.835	-15.855	-2.59	1.221708	-0.133468	0.615612	0.0795	0.471	-0.1485	0	232	291	3
2026-02-12	15:45:47.890	96.775	0.945	16.135	1.20414	-0.029036	0.431636	0.0765	0.4695	-0.1455	0	232	291	3
2026-02-12	15:45:47.910	58.135	14.105	36.155	1.172664	-0.0244	0.332084	0.075	0.4665	-0.141	0	232	291	3
2026-02-12	15:45:47.930	37.1	28.945	69.755	1.177056	-0.031476	0.303048	0.0765	0.465	-0.1395	0	232	291	3
2026-02-12	15:45:47.950	44.31	46.375	91.7	1.147532	-0.009516	0.294508	0.0765	0.465	-0.1395	0	232	291	3
2026-02-12	15:45:47.970	49.35	52.605	108.36	1.18584	0.020252	0.282552	0.072	0.4725	-0.1455	0	232	291	3
2026-02-12	15:45:47.990	41.44	62.405	120.05	1.2505	-0.047824	0.273036	0.0585	0.4785	-0.15	0	232	291	3
2026-02-12	15:45:48.010	45.745	82.215	133.665	1.279292	-0.259616	0.256932	0.0675	0.4935	-0.1695	0	227	320	3
2026-02-12	15:45:48.030	88.725	101.29	149.625	1.235128	-0.248148	0.253516	0.069	0.513	-0.1755	0	227	320	3
2026-02-12	15:45:48.050	118.65	114.8	158.095	1.25538	-0.159088	0.272792	0.0735	0.519	-0.18	0	227	320	3
2026-02-12	15:45:48.070	115.605	125.195	160.86	1.184132	-0.097112	0.276452	0.081	0.534	-0.1965	0	227	320	3
2026-02-12	15:45:48.090	102.27	132.125	159.74	1.1041	-0.100528	0.27084	0.087	0.546	-0.2145	0	227	320	3
2026-02-12	15:45:48.110	98.77	134.505	156.065	1.02968	-0.125172	0.26718	0.0885	0.5505	-0.2205	0	227	320	3
2026-02-12	15:45:48.130	104.265	132.965	149.345	1.01382	-0.123952	0.294752	0.099	0.564	-0.2415	0	227	320	3
2026-02-12	15:45:48.150	94.605	130.305	128.87	1.136308	-0.13298	0.346968	0.108	0.573	-0.255	0	227	320	3
2026-02-12	15:45:48.170	73.08	130.83	115.64	1.049444	-0.172264	0.319396	0.1305	0.582	-0.282	0	227	320	3
2026-02-12	15:45:48.190	59.43	127.505	103.88	0.975756	-0.223016	0.288164	0.153	0.588	-0.3045	0	227	320	3
2026-02-12	15:45:48.210	54.145	120.26	92.82	0.910852	-0.262056	0.267912	0.165	0.6045	-0.3165	0	222	335	3
2026-02-12	15:45:48.230	53.55	110.565	82.495	0.87596	-0.265716	0.25376	0.1815	0.603	-0.3255	0	222	335	3
2026-02-12	15:45:48.250	53.62	97.09	71.96	0.869128	-0.212036	0.258396	0.1875	0.603	-0.339	0	222	335	3
2026-02-12	15:45:48.270	39.795	80.71	60.34	0.878156	-0.160064	0.28426	0.2085	0.606	-0.3525	0	222	335	3
2026-02-12	15:45:48.290	16.38	66.36	49.35	0.90524	-0.182512	0.304756	0.2205	0.6105	-0.36	0	222	335	3
2026-02-12	15:45:48.310	4.795	56.105	39.165	0.960872	-0.21472	0.334524	0.2265	0.6165	-0.3735	0	222	335	3
2026-02-12	15:45:48.330	0.98	49.245	31.5	0.95526	-0.251076	0.3355	0.2355	0.6165	-0.3765	0	222	335	3
2026-02-12	15:45:48.350	-1.33	39.305	23.45	0.996252	-0.20862	0.327204	0.249	0.6135	-0.381	0	222	335	3
2026-02-12	15:45:48.370	-23.625	27.65	15.365	0.949892	-0.16104	0.290848	0.252	0.612	-0.384	0	222	335	3
2026-02-12	15:45:48.390	-50.785	14.42	10.29	0.903288	-0.13542	0.266936	0.2685	0.627	-0.3885	0	222	335	3
2026-02-12	15:45:48.410	-72.625	-0.385	6.86	0.8967	-0.126392	0.25864	0.258	0.6315	-0.3825	0	216	333	3
2026-02-12	15:45:48.430	-86.485	-14.63	3.92	0.894504	-0.130296	0.261324	0.267	0.648	-0.387	0	216	333	3
2026-02-12	15:45:48.450	-94.15	-27.265	0.98	0.91012	-0.159332	0.285724	0.267	0.666	-0.372	0	216	333	3
2026-02-12	15:45:48.470	-91.035	-34.51	-2.555	0.930616	-0.20984	0.33306	0.2565	0.675	-0.369	0	216	333	3
2026-02-12	15:45:48.490	-70.665	-35.735	-7.49	0.988444	-0.239364	0.35502	0.252	0.6825	-0.363	0	216	333	3
2026-02-12	15:45:48.510	-44.135	-36.295	-15.645	1.070428	-0.22692	0.31964	0.2445	0.7005	-0.3585	0	216	333	3
2026-02-12	15:45:48.530	-28.98	-37.975	-26.04	1.096536	-0.196664	0.2623	0.2385	0.6975	-0.3585	0	216	333	3
2026-02-12	15:45:48.550	-25.795	-41.16	-37.8	1.100928	-0.194956	0.263764	0.2385	0.696	-0.357	0	216	333	3
2026-02-12	15:45:48.570	-15.12	-39.41	-50.12	0.914268	-0.139568	0.337208	0.24	0.6945	-0.357	0	216	333	3
2026-02-12	15:45:48.590	-12.495	-39.06	-53.305	0.762744	-0.018788	0.36478	0.24	0.6945	-0.357	0	216	333	3
2026-02-12	15:45:48.610	-24.745	-41.475	-56.91	0.669536	0.059536	0.342088	0.213	0.699	-0.3435	0	209	327	3
2026-02-12	15:45:48.630	-40.005	-47.11	-62.44	0.675636	-0.000976	0.331108	0.207	0.6885	-0.336	0	209	327	3
2026-02-12	15:45:48.650	-42.315	-53.69	-69.335	0.753716	-0.071004	0.34404	0.189	0.696	-0.3285	0	209	327	3
2026-02-12	15:45:48.670	-34.86	-59.22	-76.265	0.834724	-0.105652	0.361364	0.192	0.69	-0.327	0	209	327	3
2026-02-12	15:45:48.690	-22.68	-63.595	-82.915	0.91622	-0.14396	0.375272	0.1665	0.69	-0.3225	0	209	327	3
2026-02-12	15:45:48.710	-6.37	-67.305	-90.44	1.007232	-0.167384	0.385032	0.162	0.687	-0.306	0	209	327	3
2026-02-12	15:45:48.730	8.89	-69.335	-97.93	1.08946	-0.177388	0.406016	0.1425	0.6795	-0.297	0	209	327	3
2026-02-12	15:45:48.750	21.315	-69.86	-104.58	1.159732	-0.156404	0.416752	0.138	0.6645	-0.291	0	209	327	3
2026-02-12	15:45:48.770	24.08	-69.16	-110.25	1.160464	-0.115656	0.425048	0.129	0.66	-0.288	0	209	327	3
2026-02-12	15:45:48.790	5.915	-69.09	-114.765	1.026752	-0.09882	0.408212	0.12	0.657	-0.285	0	209	327	3
2026-02-12	15:45:48.810	-10.43	-72.625	-116.585	0.96868	-0.086132	0.387228	0.0915	0.6195	-0.2745	0	201	327	3
2026-02-12	15:45:48.830	-26.425	-77.77	-117.775	0.940864	-0.097844	0.377224	0.087	0.6045	-0.264	0	201	327	3
2026-02-12	15:45:48.850	-35.28	-81.655	-117.985	0.938668	-0.128832	0.382104	0.069	0.591	-0.255	0	201	327	3
2026-02-12	15:45:48.870	-36.68	-84.7	-117.46	0.950868	-0.13786	0.396256	0.072	0.5775	-0.24	0	201	327	3
2026-02-12	15:45:48.890	-36.225	-85.225	-117.145	0.964044	-0.159088	0.41114	0.063	0.564	-0.2355	0	201	327	3
2026-02-12	15:45:48.910	-34.195	-82.565	-117.145	0.958432	-0.182756	0.414068	0.051	0.5505	-0.2175	0	201	327	3
2026-02-12	15:45:48.930	-31.395	-79.555	-116.76	0.943792	-0.185196	0.398452	0.0435	0.537	-0.2115	0	201	327	3
2026-02-12	15:45:48.950	-28.735	-78.365	-116.235	0.929884	-0.204716	0.398696	0.0435	0.522	-0.192	0	201	327	3
2026-02-12	15:45:48.970	-19.285	-78.19	-115.71	0.960628	-0.242048	0.446032	0.036	0.5085	-0.186	0	201	327	3
2026-02-12	15:45:48.990	-0.385	-74.515	-110.215	1.00528	-0.256688	0.518256	0.033	0.4995	-0.18	0	201	327	3
2026-02-12	15:45:49.010	15.715	-67.62	-98.35	1.03456	-0.24156	0.557052	0.0315	0.492	-0.174	0	193	341	3
2026-02-12	15:45:49.030	24.08	-61.495	-84.42	1.059448	-0.227408	0.56242	0.024	0.4635	-0.1425	0	193	341	3
2026-02-12	15:45:49.050	35.77	-57.855	-69.37	1.172664	-0.244244	0.604144	0.012	0.45	-0.1425	0	193	341	3
2026-02-12	15:45:49.070	54.32	-49.14	-52.43	1.286124	-0.31842	0.746396	0.024	0.438	-0.1395	0	193	341	3
2026-02-12	15:45:49.090	84.14	-27.615	-30.065	1.27002	-0.359656	0.862052	0.021	0.4215	-0.117	0	193	341	3
2026-02-12	15:45:49.110	103.88	-1.295	0.28	1.1712	-0.273768	0.716628	0.0135	0.42	-0.1155	0	193	341	3
2026-02-12	15:45:49.130	89.11	17.605	30.205	1.180716	-0.147864	0.476044	0.0165	0.4155	-0.117	0	193	341	3
2026-02-12	15:45:49.150	58.1	37.415	55.755	1.286612	-0.124196	0.308172	0.0195	0.4215	-0.1095	0	193	341	3
2026-02-12	15:45:49.170	40.495	56.77	78.61	1.370304	-0.064904	0.230092	0.015	0.4275	-0.1035	0	193	341	3
2026-02-12	15:45:49.190	21.14	73.15	101.08	1.385676	0.022936	0.166164	0.0165	0.429	-0.108	0	193	341	3
2026-02-12	15:45:49.210	-34.475	96.25	130.48	1.231468	0.084912	0.122976	0.0195	0.4305	-0.114	0	188	370	3
2026-02-12	15:45:49.230	-72.03	93.66	144.55	1.161196	0.06734399	0.135664	0.0195	0.4305	-0.114	0	188	370	3
2026-02-12	15:45:49.250	-94.535	90.93	157.85	1.1041	-0.055388	0.16958	0.024	0.4905	-0.1575	0	188	370	3
2026-02-12	15:45:49.270	-98	84.84	172.62	1.093852	-0.145912	0.219356	0.0165	0.5175	-0.177	0	188	370	3
2026-02-12	15:45:49.290	-99.295	79.1	186.62	1.15656	-0.186416	0.2379	0.03	0.5535	-0.189	0	188	370	3
2026-02-12	15:45:49.310	-109.06	77.105	197.715	1.169248	-0.181048	0.213744	0.039	0.5835	-0.1995	0	188	370	3
2026-02-12	15:45:49.330	-122.43	76.16	204.47	1.13582	-0.202032	0.173484	0.0525	0.636	-0.207	0	188	370	3
2026-02-12	15:45:49.350	-118.265	72.415	204.995	1.142164	-0.243512	0.119316	0.0645	0.669	-0.216	0	188	370	3
2026-02-12	15:45:49.370	-97.125	65.415	198.73	1.159732	-0.22204	0.073688	0.075	0.705	-0.222	0	188	370	3
2026-02-12	15:45:49.390	-74.515	59.64	188.825	1.080432	-0.240828	0.041968	0.1035	0.741	-0.2235	0	188	370	3
2026-02-12	15:45:49.410	-51.31	52.29	177.485	0.994788	-0.290116	0.025132	0.1095	0.7575	-0.2205	0	187	372	3
2026-02-12	15:45:49.430	-2.31	41.825	161	1.005036	-0.499956	0.019764	0.117	0.774	-0.219	0	187	372	3
2026-02-12	15:45:49.450	43.33	37.24	152.005	1.114104	-0.526064	0.057828	0.159	0.81	-0.2265	0	187	372	3
2026-02-12	15:45:49.470	85.47	37.485	141.785	1.095316	-0.456036	0.087596	0.1845	0.8385	-0.2295	0	187	372	3
2026-02-12	15:45:49.490	126.7	41.93	131.355	1.038952	-0.413824	0.171288	0.2025	0.8385	-0.243	0	187	372	3
2026-02-12	15:45:49.510	165.445	51.8	122.465	0.985028	-0.415288	0.249368	0.2175	0.8355	-0.255	0	187	372	3
2026-02-12	15:45:49.530	181.44	61.67	114.415	0.904752	-0.416508	0.268888	0.234	0.825	-0.279	0	187	372	3
2026-02-12	15:45:49.550	166.39	66.115	102.725	0.830576	-0.388204	0.26718	0.258	0.819	-0.2985	0	187	372	3
2026-02-12	15:45:49.570	126.7	63.98	87.815	0.751764	-0.358436	0.27084	0.2685	0.7995	-0.321	0	187	372	3
2026-02-12	15:45:49.590	81.655	53.725	72.695	0.70394	-0.3233	0.285236	0.291	0.7965	-0.336	0	187	372	3
2026-02-12	15:45:49.610	40.46	42.175	59.92	0.65758	-0.274744	0.309148	0.309	0.7965	-0.3495	0	192	339	2
2026-02-12	15:45:49.630	-0.07	28.07	47.775	0.603168	-0.275476	0.29402	0.309	0.7965	-0.3495	0	192	339	2
2026-02-12	15:45:49.650	-27.3	11.48	35.49	0.577304	-0.289872	0.268888	0.309	0.7965	-0.3495	0	192	339	2
2026-02-12	15:45:49.670	-41.58	-2.415	23.66	0.5856	-0.327204	0.24766	0.33	0.7965	-0.351	0	192	339	2
2026-02-12	15:45:49.690	-48.335	-14.77	10.325	0.60878	-0.360632	0.240828	0.336	0.8115	-0.354	0	192	339	2
2026-02-12	15:45:49.710	-44.905	-24.885	-3.745	0.643672	-0.37454	0.249124	0.333	0.804	-0.351	0	192	339	2
2026-02-12	15:45:49.730	-32.795	-33.25	-18.69	0.685152	-0.379664	0.27328	0.327	0.8055	-0.336	0	192	339	2
2026-02-12	15:45:49.750	-15.295	-39.305	-34.265	0.720776	-0.376248	0.282796	0.333	0.8205	-0.3285	0	192	339	2
2026-02-12	15:45:49.770	3.325	-45.045	-50.785	0.761768	-0.362584	0.267912	0.3165	0.8205	-0.3225	0	192	339	2
2026-02-12	15:45:49.790	19.985	-51.52	-69.44	0.822524	-0.324764	0.253028	0.303	0.822	-0.3285	0	192	339	2
2026-02-12	15:45:49.810	32.2	-59.395	-91.07	0.93696	-0.309392	0.243756	0.294	0.8085	-0.3195	0	200	308	2
2026-02-12	15:45:49.830	42.665	-66.535	-112.91	1.032608	-0.307684	0.290116	0.279	0.798	-0.318	0	200	308	2
2026-02-12	15:45:49.850	61.11	-71.82	-135.275	1.06506	-0.327204	0.400404	0.279	0.798	-0.318	0	200	308	2
2026-02-12	15:45:49.870	79.625	-71.4	-138.565	0.990152	-0.315004	0.429928	0.279	0.798	-0.318	0	200	308	2
2026-02-12	15:45:49.890	98.7	-70.035	-133.98	0.894504	-0.290116	0.446032	0.2235	0.744	-0.3195	0	200	308	2
2026-02-12	15:45:49.910	116.76	-67.48	-123.41	0.864492	-0.242292	0.455548	0.2085	0.7215	-0.3225	0	200	308	2
2026-02-12	15:45:49.930	130.935	-65.135	-112.28	0.91622	-0.175436	0.455792	0.18	0.702	-0.327	0	200	308	2
2026-02-12	15:45:49.950	130.62	-64.995	-104.965	0.998204	-0.09638	0.44164	0.183	0.669	-0.318	0	200	308	2
2026-02-12	15:45:49.970	114.415	-65.765	-99.89	1.042612	-0.039528	0.43188	0.15	0.645	-0.312	0	200	308	2
2026-02-12	15:45:49.990	91.315	-68.355	-96.985	1.140212	-0.000244	0.441884	0.147	0.6195	-0.315	0	200	308	2
2026-02-12	15:45:50.010	62.37	-68.39	-97.265	1.30418	0.028304	0.49898	0.132	0.603	-0.306	0	208	302	3
2026-02-12	15:45:50.030	19.74	-60.725	-97.79	1.391776	0.057096	0.582916	0.12	0.5835	-0.306	0	208	302	3
2026-02-12	15:45:50.050	-42.945	-44.695	-94.675	1.302472	0.045384	0.560468	0.114	0.5745	-0.309	0	208	302	3
2026-02-12	15:45:50.070	-120.33	-34.195	-83.86	1.07604	-0.03294	0.417728	0.114	0.5745	-0.309	0	208	302	3
2026-02-12	15:45:50.090	-145.6	-33.145	-77.385	0.914268	-0.082228	0.351116	0.1095	0.57	-0.297	0	208	302	3
2026-02-12	15:45:50.110	-152.39	-36.89	-70.49	0.807152	-0.121024	0.318908	0.102	0.5715	-0.285	0	208	302	3
2026-02-12	15:45:50.130	-146.93	-44.94	-66.43	0.780068	-0.115168	0.29158	0.099	0.576	-0.273	0	208	302	3
2026-02-12	15:45:50.150	-145.39	-50.47	-67.375	0.791536	-0.127124	0.263764	0.0885	0.582	-0.267	0	208	302	3
2026-02-12	15:45:50.170	-145.39	-52.395	-72.73	0.820572	-0.172752	0.243756	0.0885	0.5805	-0.2625	0	208	302	3
2026-02-12	15:45:50.190	-140.7	-52.08	-80.185	0.84302	-0.221552	0.233752	0.0765	0.597	-0.258	0	208	302	3
2026-02-12	15:45:50.210	-129.85	-49.42	-87.92	0.859368	-0.27084	0.23668	0.075	0.6	-0.2445	0	216	317	3
2026-02-12	15:45:50.230	-108.78	-46.69	-95.13	0.959896	-0.30744	0.273524	0.0705	0.6	-0.243	0	216	317	3
2026-02-12	15:45:50.250	-83.79	-42.315	-101.5	1.106296	-0.250344	0.292312	0.069	0.594	-0.231	0	216	317	3
2026-02-12	15:45:50.270	-87.85	-35.805	-105.735	0.973804	-0.187392	0.233508	0.0615	0.582	-0.2235	0	216	317	3
2026-02-12	15:45:50.290	-99.4	-39.655	-108.045	0.881328	-0.236192	0.186904	0.054	0.582	-0.216	0	216	317	3
2026-02-12	15:45:50.310	-95.795	-47.915	-106.89	0.86132	-0.27572	0.20984	0.042	0.5715	-0.213	0	216	317	3
2026-02-12	15:45:50.330	-84.315	-56.875	-101.85	0.899628	-0.295972	0.297192	0.0465	0.5565	-0.2025	0	216	317	3
2026-02-12	15:45:50.350	-68.355	-61.88	-94.185	0.971364	-0.290116	0.403088	0.0435	0.5595	-0.1965	0	216	317	3
2026-02-12	15:45:50.370	-52.01	-65.135	-84.84	1.06506	-0.275232	0.46726	0.0345	0.5505	-0.1785	0	216	317	3
2026-02-12	15:45:50.390	-30.8	-69.195	-79.555	1.278804	-0.306708	0.560956	0.024	0.5415	-0.174	0	216	317	3
2026-02-12	15:45:50.410	-0.63	-62.475	-71.715	1.303204	-0.4331	0.673684	0.03	0.5325	-0.168	0	222	330	3
2026-02-12	15:45:50.430	40.985	-49.77	-54.985	1.300764	-0.439688	0.660508	0.0345	0.525	-0.1485	0	222	330	3
2026-02-12	15:45:50.450	65.905	-36.715	-36.925	1.299788	-0.308416	0.529968	0.021	0.504	-0.144	0	222	330	3
2026-02-12	15:45:50.470	55.3	-22.295	-15.855	1.22976	-0.213988	0.387716	0.012	0.507	-0.1395	0	222	330	3
2026-02-12	15:45:50.490	27.895	-7.7	22.295	1.019188	-0.230336	0.305976	0.012	0.4935	-0.135	0	222	330	3
2026-02-12	15:45:50.510	38.745	-3.78	48.755	0.92232	-0.226676	0.333792	0.009	0.495	-0.1365	0	222	330	3
2026-02-12	15:45:50.530	63.42	-1.47	70.245	0.940376	-0.141032	0.386496	0.0165	0.4995	-0.135	0	222	330	3
2026-02-12	15:45:50.550	70.315	5.81	84.84	1.033828	-0.050508	0.408944	0.0075	0.5055	-0.1365	0	222	330	3
2026-02-12	15:45:50.570	46.48	21	95.41	1.046516	-0.03538	0.36722	0.012	0.5175	-0.135	0	222	330	3
2026-02-12	15:45:50.590	16.1	35.805	103.18	1.064328	-0.045384	0.29402	0.009	0.522	-0.135	0	222	330	3
2026-02-12	15:45:50.610	-13.475	47.53	109.34	1.084336	-0.060756	0.219844	0.0165	0.555	-0.141	0	226	344	3
2026-02-12	15:45:50.630	-40.67	54.74	115.955	1.049688	-0.07515199	0.163724	0.0195	0.5625	-0.1485	0	226	344	3
2026-02-12	15:45:50.650	-65.345	56.28	123.515	1.035536	-0.139568	0.135176	0.012	0.579	-0.156	0	226	344	3
2026-02-12	15:45:50.670	-77.91	52.85	131.425	1.18218	-0.205204	0.107848	0.0255	0.6075	-0.1695	0	226	344	3
2026-02-12	15:45:50.690	-81.865	48.16	141.33	1.292224	-0.215696	0.110288	0.036	0.6195	-0.1695	0	226	344	3
2026-02-12	15:45:50.710	-79.31	45.185	162.085	1.275632	-0.218624	0.07686	0.036	0.6195	-0.1695	0	226	344	3
2026-02-12	15:45:50.730	-67.13	39.655	173.215	1.305644	-0.214964	0.040504	0.057	0.6765	-0.18	0	226	344	3
2026-02-12	15:45:50.750	-57.715	33.845	180.635	1.327116	-0.191052	0.015372	0.0645	0.705	-0.18	0	226	344	3
2026-02-12	15:45:50.770	-53.725	28.245	184.555	1.264164	-0.181292	-0.010004	0.078	0.738	-0.1785	0	226	344	3
2026-02-12	15:45:50.790	-40.74	20.72	184.17	1.201456	-0.203008	-0.059536	0.0975	0.7605	-0.1725	0	226	344	3
2026-02-12	15:45:50.810	-19.88	14.105	177.765	1.181448	-0.189344	-0.077592	0.1125	0.7875	-0.18	0	230	331	3
2026-02-12	15:45:50.830	-7.07	11.375	166.775	1.047736	-0.184952	-0.083936	0.129	0.8085	-0.1725	0	230	331	3
2026-02-12	15:45:50.850	4.025	7.525	152.495	0.909388	-0.198128	-0.070516	0.147	0.834	-0.174	0	230	331	3
2026-02-12	15:45:50.870	16.905	3.01	134.085	0.870592	-0.225456	-0.038796	0.162	0.8475	-0.186	0	230	331	3
2026-02-12	15:45:50.890	29.855	1.54	111.72	0.8662	-0.250832	-0.00854	0.177	0.864	-0.177	0	230	331	3
2026-02-12	15:45:50.910	42.7	3.325	85.26	0.773968	-0.252784	0.004636	0.1965	0.873	-0.18	0	230	331	3
2026-02-12	15:45:50.930	58.975	1.225	57.05	0.812276	-0.247416	0.01342	0.1965	0.873	-0.18	0	230	331	3
2026-02-12	15:45:50.950	67.445	1.015	31.92	0.8601	-0.223748	0.020496	0.216	0.8685	-0.192	0	230	331	3
2026-02-12	15:45:50.970	68.145	2.695	9.065	0.829356	-0.223016	0.027816	0.222	0.879	-0.201	0	230	331	3
2026-02-12	15:45:50.990	67.55	0.7	-11.48	0.814228	-0.21472	0.040992	0.2115	0.864	-0.207	0	230	331	3
2026-02-12	15:45:51.010	66.08	-3.605	-30.205	0.861564	-0.215452	0.056608	0.222	0.861	-0.213	0	233	278	3
2026-02-12	15:45:51.030	62.23	-7.525	-47.075	0.886696	-0.211548	0.073932	0.222	0.8595	-0.2175	0	233	278	3
2026-02-12	15:45:51.050	61.53	-10.01	-60.55	0.870348	-0.221552	0.0854	0.219	0.843	-0.228	0	233	278	3
2026-02-12	15:45:51.070	65.8	-15.05	-71.365	0.89426	-0.212524	0.105896	0.201	0.831	-0.231	0	233	278	3
2026-02-12	15:45:51.090	71.12	-19.215	-79.205	0.95038	-0.225944	0.1708	0.201	0.8265	-0.231	0	233	278	3
2026-02-12	15:45:51.110	77.7	-19.215	-84.21	1.037976	-0.234728	0.244732	0.183	0.8025	-0.243	0	233	278	3
2026-02-12	15:45:51.130	81.795	-12.39	-91.455	1.192184	-0.173484	0.263764	0.1785	0.7935	-0.2445	0	233	278	3
2026-02-12	15:45:51.150	68.355	-8.155	-98.98	1.260504	-0.115656	0.225212	0.1785	0.7935	-0.2445	0	233	278	3
2026-02-12	15:45:51.170	38.815	-5.075	-106.085	1.2139	-0.097844	0.197884	0.1605	0.756	-0.2625	0	233	278	3
2026-02-12	15:45:51.190	5.215	-6.265	-110.88	1.147776	-0.10614	0.173972	0.153	0.744	-0.2625	0	233	278	3
2026-02-12	15:45:51.210	-23.66	-11.235	-115.395	1.120204	-0.093696	0.185196	0.141	0.7275	-0.2595	0	235	225	3
2026-02-12	15:45:51.230	-50.54	-18.13	-118.195	1.09068	-0.10736	0.216672	0.135	0.723	-0.2595	0	235	225	3
2026-02-12	15:45:51.250	-69.685	-26.635	-118.86	1.05774	-0.157868	0.270352	0.1245	0.708	-0.2535	0	235	225	3
2026-02-12	15:45:51.270	-72.38	-36.225	-117.88	1.036268	-0.204472	0.329644	0.1125	0.708	-0.249	0	235	225	3
2026-02-12	15:45:51.290	-63.07	-43.365	-116.655	1.013088	-0.222284	0.381616	0.1035	0.7005	-0.246	0	235	225	3
2026-02-12	15:45:51.310	-49.245	-45.815	-116.515	0.978196	-0.229604	0.381128	0.0885	0.687	-0.243	0	235	225	3
2026-02-12	15:45:51.330	-36.785	-43.26	-117.74	0.946232	-0.221796	0.345748	0.0885	0.6675	-0.222	0	235	225	3
2026-02-12	15:45:51.350	-30.975	-34.825	-121.73	0.867176	-0.203252	0.254248	0.0885	0.6675	-0.222	0	235	225	3
2026-02-12	15:45:51.370	-33.775	-31.465	-125.545	0.845948	-0.188856	0.190076	0.0885	0.6675	-0.222	0	235	225	3
2026-02-12	15:45:51.390	-39.76	-30.905	-130.41	0.880108	-0.166164	0.153964	0.0615	0.642	-0.207	0	235	225	3
2026-02-12	15:45:51.410	-48.51	-32.095	-135.765	0.945744	-0.146644	0.15372	0.054	0.624	-0.2025	0	234	204	3
2026-02-12	15:45:51.430	-58.03	-33.39	-140.14	0.992592	-0.16348	0.183732	0.051	0.609	-0.2025	0	234	204	3
2026-02-12	15:45:51.450	-66.36	-34.16	-141.365	1.007476	-0.205936	0.250832	0.045	0.594	-0.1905	0	234	204	3
2026-02-12	15:45:51.470	-69.09	-34.72	-137.62	0.979172	-0.246928	0.314272	0.042	0.5775	-0.1875	0	234	204	3
2026-02-12	15:45:51.490	-64.855	-36.855	-130.305	0.933056	-0.28304	0.377224	0.0465	0.5625	-0.177	0	234	204	3
2026-02-12	15:45:51.510	-44.73	-40.285	-123.025	0.982588	-0.366	0.498004	0.0315	0.552	-0.18	0	234	204	3
2026-02-12	15:45:51.530	-1.05	-42.455	-114.1	1.090436	-0.460916	0.673928	0.033	0.5385	-0.1725	0	234	204	3
2026-02-12	15:45:51.550	67.655	-33.635	-88.2	1.055544	-0.48922	0.833016	0.03	0.516	-0.1635	0	234	204	3
2026-02-12	15:45:51.570	121.625	-22.26	-52.605	0.97478	-0.308416	0.781288	0.033	0.5025	-0.1605	0	234	204	3
2026-02-12	15:45:51.590	120.995	-18.725	-30.73	0.98454	-0.10858	0.696864	0.0375	0.4905	-0.159	0	234	204	3
2026-02-12	15:45:51.610	88.97	-15.295	-17.325	1.088728	-0.06222	0.650748	0.0345	0.474	-0.1485	0	232	223	3
2026-02-12	15:45:51.630	62.79	-8.05	-8.61	1.194136	-0.08784	0.607804	0.0255	0.4575	-0.144	0	232	223	3
2026-02-12	15:45:51.650	47.005	1.365	4.27	1.245864	-0.118096	0.470676	0.03	0.4575	-0.141	0	232	223	3
2026-02-12	15:45:51.670	36.47	12.075	21.91	1.27856	-0.15738	0.330376	0.027	0.4485	-0.141	0	232	223	3
2026-02-12	15:45:51.690	29.715	24.745	45.815	1.25538	-0.221552	0.225944	0.0345	0.4545	-0.141	0	232	223	3
2026-02-12	15:45:51.710	33.88	36.4	75.635	1.138504	-0.206424	0.177632	0.03	0.456	-0.1365	0	232	223	3
2026-02-12	15:45:51.730	43.155	44.31	104.93	1.062864	-0.13908	0.1525	0.0315	0.465	-0.1425	0	232	223	3
2026-02-12	15:45:51.750	49.735	51.24	128.87	1.073844	-0.06222	0.171776	0.0345	0.4755	-0.15	0	232	223	3
2026-02-12	15:45:51.770	47.355	71.575	154.945	1.172664	0.006832	0.220088	0.03	0.5025	-0.162	0	232	223	3
2026-02-12	15:45:51.790	33.565	77.07	164.01	1.281732	0.029768	0.277916	0.033	0.5175	-0.168	0	232	223	3
2026-02-12	15:45:51.810	-0.735	86.17	169.19	1.337364	-0.006344	0.319884	0.0375	0.5325	-0.1755	0	232	268	3
2026-02-12	15:45:51.830	-52.57	94.99	177.415	1.28344	-0.091012	0.314028	0.0435	0.5535	-0.192	0	232	268	3
2026-02-12	15:45:51.850	-105.945	94.325	186.62	1.234396	-0.157624	0.2745	0.048	0.5805	-0.2025	0	232	268	3
2026-02-12	15:45:51.870	-154.91	87.57	195.125	1.211216	-0.215208	0.225212	0.0645	0.609	-0.216	0	232	268	3
2026-02-12	15:45:51.890	-185.045	81.97	202.72	1.239764	-0.271328	0.173484	0.075	0.6495	-0.2205	0	232	268	3
2026-02-12	15:45:51.910	-177.135	81.375	208.11	1.220732	-0.350872	0.102724	0.0885	0.6975	-0.2265	0	232	268	3
2026-02-12	15:45:51.930	-131.18	70.875	209.265	1.186572	-0.349652	0.061732	0.117	0.732	-0.222	0	232	268	3
2026-02-12	15:45:51.950	-75.285	59.01	204.26	1.110932	-0.332328	0.042944	0.132	0.7695	-0.2175	0	232	268	3
2026-02-12	15:45:51.970	-24.185	48.895	194.53	1.068232	-0.383812	0.049288	0.1635	0.7965	-0.222	0	232	268	3
2026-02-12	15:45:51.990	43.75	41.265	173.915	1.18218	-0.417484	0.081984	0.1635	0.7965	-0.222	0	232	268	3
2026-02-12	15:45:52.010	72.52	42.14	160.23	1.068964	-0.395524	0.094428	0.201	0.825	-0.228	0	232	285	3
2026-02-12	15:45:52.030	91.91	40.355	146.265	1.010648	-0.359412	0.11468	0.2385	0.8535	-0.2355	0	232	285	3
2026-02-12	15:45:52.050	99.19	41.055	130.585	1.019676	-0.334768	0.1342	0.261	0.849	-0.249	0	232	285	3
2026-02-12	15:45:52.070	111.02	51.065	114.975	0.896212	-0.367952	0.153476	0.2745	0.8505	-0.264	0	232	285	3
2026-02-12	15:45:52.090	128.135	43.96	99.96	0.877668	-0.330376	0.200812	0.294	0.846	-0.2775	0	232	285	3
2026-02-12	15:45:52.110	133.945	38.78	85.4	0.844484	-0.264252	0.230336	0.3105	0.84	-0.294	0	232	285	3
2026-02-12	15:45:52.130	122.99	32.865	71.435	0.799344	-0.221308	0.245464	0.324	0.8295	-0.3075	0	232	285	3
2026-02-12	15:45:52.150	105.245	25.55	57.715	0.758596	-0.19642	0.248392	0.3375	0.825	-0.318	0	232	285	3
2026-02-12	15:45:52.170	85.225	17.045	43.575	0.731268	-0.162504	0.249612	0.3495	0.804	-0.3345	0	232	285	3
2026-02-12	15:45:52.190	54.215	4.2	25.13	0.699548	-0.163724	0.239364	0.3555	0.804	-0.339	0	232	285	3
2026-02-12	15:45:52.210	24.535	-13.44	7.105	0.694668	-0.1769	0.242048	0.357	0.792	-0.3435	0	234	273	3
2026-02-12	15:45:52.230	4.83	-26.32	-6.16	0.700768	-0.194956	0.285968	0.357	0.777	-0.348	0	234	273	3
2026-02-12	15:45:52.250	-3.535	-32.235	-18.515	0.710528	-0.235216	0.338672	0.354	0.7725	-0.348	0	234	273	3
2026-02-12	15:45:52.270	1.295	-34.965	-29.89	0.735416	-0.288652	0.366488	0.354	0.777	-0.339	0	234	273	3
2026-02-12	15:45:52.290	15.505	-37.835	-39.585	0.766648	-0.31598	0.370392	0.339	0.7755	-0.3465	0	234	273	3
2026-02-12	15:45:52.310	33.46	-42	-48.825	0.79178	-0.320372	0.351848	0.345	0.7725	-0.3375	0	234	273	3
2026-02-12	15:45:52.330	50.925	-48.23	-58.94	0.85278	-0.293044	0.320128	0.321	0.774	-0.3465	0	234	273	3
2026-02-12	15:45:52.350	63.315	-58.24	-74.41	1.034804	-0.25132	0.299632	0.306	0.7605	-0.345	0	234	273	3
2026-02-12	15:45:52.370	67.41	-63.805	-93.94	1.260016	-0.28426	0.333548	0.3075	0.7605	-0.3465	0	234	273	3
2026-02-12	15:45:52.390	90.475	-48.405	-105.35	1.260992	-0.486048	0.418216	0.2865	0.735	-0.3405	0	234	273	3
2026-02-12	15:45:52.410	162.89	-61.32	-96.39	1.032364	-0.172508	0.449692	0.27	0.723	-0.351	0	236	265	3
2026-02-12	15:45:52.430	141.26	-67.165	-85.68	0.864004	0.013908	0.42334	0.2595	0.6975	-0.357	0	236	265	3
2026-02-12	15:45:52.450	91.28	-77.245	-79.625	0.813984	0.081008	0.379664	0.237	0.657	-0.354	0	236	265	3
2026-02-12	15:45:52.470	45.36	-88.515	-80.29	0.881572	0.060268	0.36234	0.2235	0.642	-0.345	0	236	265	3
2026-02-12	15:45:52.490	11.55	-99.68	-84.525	0.94794	0.035624	0.380152	0.2235	0.6195	-0.363	0	236	265	3
2026-02-12	15:45:52.510	-16.975	-109.13	-90.615	0.962092	0.020252	0.388204	0.201	0.6195	-0.339	0	236	265	3
2026-02-12	15:45:52.530	-48.335	-115.5	-100.485	1.038952	-0.014396	0.404796	0.1815	0.615	-0.3255	0	236	265	3
2026-02-12	15:45:52.550	-71.89	-114.835	-114.38	1.163148	-0.118828	0.434808	0.1725	0.615	-0.3165	0	236	265	3
2026-02-12	15:45:52.570	-78.61	-107.52	-128.205	1.219756	-0.190564	0.44652	0.15	0.609	-0.3015	0	236	265	3
2026-02-12	15:45:52.590	-81.2	-98.175	-139.58	1.23464	-0.190808	0.427	0.147	0.5925	-0.3	0	236	265	3
2026-02-12	15:45:52.610	-88.06	-88.2	-148.225	1.206092	-0.178364	0.391132	0.1245	0.5835	-0.2775	0	239	278	3
2026-02-12	15:45:52.630	-95.76	-77.91	-154.245	1.130208	-0.15494	0.358192	0.1245	0.5835	-0.2775	0	239	278	3
2026-02-12	15:45:52.650	-99.96	-75.74	-154.77	1.094096	-0.134932	0.339648	0.108	0.5685	-0.2625	0	239	278	3
2026-02-12	15:45:52.670	-106.435	-75.6	-153.86	1.067744	-0.132248	0.33306	0.0885	0.5565	-0.243	0	239	278	3
2026-02-12	15:45:52.690	-113.855	-77.035	-151.69	1.047492	-0.14518	0.332328	0.087	0.558	-0.2385	0	239	278	3
2026-02-12	15:45:52.710	-118.93	-79.765	-148.715	1.06018	-0.168116	0.3477	0.0735	0.5445	-0.2325	0	239	278	3
2026-02-12	15:45:52.730	-118.825	-80.395	-146.055	1.08214	-0.2196	0.38308	0.063	0.528	-0.2205	0	239	278	3
2026-02-12	15:45:52.750	-112.98	-76.335	-142.24	1.064328	-0.27694	0.406504	0.069	0.525	-0.2175	0	239	278	3
2026-02-12	15:45:52.770	-105.77	-75.985	-136.815	1.015772	-0.30134	0.420168	0.069	0.516	-0.2055	0	239	278	3
2026-02-12	15:45:52.790	-97.965	-77.735	-129.255	0.948672	-0.388448	0.466772	0.0555	0.5085	-0.1935	0	239	278	3
2026-02-12	15:45:52.810	-55.51	-78.785	-120.54	0.976976	-0.587308	0.648308	0.051	0.498	-0.1845	0	240	307	3
2026-02-12	15:45:52.830	42.315	-63.735	-97.09	0.955992	-0.618784	0.830332	0.0525	0.4875	-0.174	0	240	307	3
2026-02-12	15:45:52.850	102.55	-38.605	-56.805	0.810568	-0.449204	0.760304	0.054	0.471	-0.159	0	240	307	3
2026-02-12	15:45:52.870	96.705	-22.61	-23.31	0.774456	-0.27328	0.66124	0.051	0.447	-0.1455	0	240	307	3
2026-02-12	15:45:52.890	65.1	-13.895	1.33	0.908656	-0.198128	0.600972	0.0435	0.4335	-0.144	0	240	307	3
2026-02-12	15:45:52.910	30.24	-6.055	19.32	0.999424	-0.200568	0.632448	0.042	0.4275	-0.1425	0	240	307	3
2026-02-12	15:45:52.930	2.765	2.66	36.015	1.167784	-0.291824	0.663192	0.045	0.4335	-0.1395	0	240	307	3
2026-02-12	15:45:52.950	-1.855	16.695	56.63	1.221464	-0.308172	0.64538	0.0525	0.438	-0.1425	0	240	307	3
2026-02-12	15:45:52.970	-11.9	30.485	80.08	1.165344	-0.239608	0.465064	0.0405	0.441	-0.1395	0	240	307	3
2026-02-12	15:45:52.990	-44.03	37.1	104.685	1.091168	-0.194224	0.252296	0.042	0.459	-0.1395	0	240	307	3
2026-02-12	15:45:53.010	-62.755	41.44	126	1.207068	-0.279624	0.190564	0.0435	0.465	-0.15	0	240	351	3
2026-02-12	15:45:53.030	-26.53	56.315	146.09	1.406172	-0.399428	0.219844	0.0465	0.4875	-0.1545	0	240	351	3
2026-02-12	15:45:53.050	56.525	68.32	180.46	1.413492	-0.250588	0.258152	0.042	0.5145	-0.168	0	240	351	3
2026-02-12	15:45:53.070	85.295	76.3	196.07	1.40544	-0.147376	0.280112	0.048	0.5295	-0.174	0	240	351	3
2026-02-12	15:45:53.090	90.755	84.805	201.565	1.485228	-0.052216	0.30012	0.057	0.5595	-0.1905	0	240	351	3
2026-02-12	15:45:53.110	70.49	94.64	200.515	1.504992	-0.024888	0.277672	0.0675	0.582	-0.207	0	240	351	3
2026-02-12	15:45:53.130	39.2	101.255	201.46	1.448872	-0.078324	0.227408	0.0765	0.5925	-0.216	0	240	351	3
2026-02-12	15:45:53.150	16.8	100.415	203.07	1.443504	-0.120536	0.178608	0.0825	0.6165	-0.2235	0	240	351	3
2026-02-12	15:45:53.170	-5.95	95.095	202.58	1.398364	-0.078568	0.13054	0.102	0.6435	-0.2325	0	240	351	3
2026-02-12	15:45:53.190	-41.895	86.975	199.99	1.298568	-0.061244	0.080032	0.123	0.666	-0.249	0	240	351	3
2026-02-12	15:45:53.210	-66.29	79.66	195.685	1.21268	-0.155916	0.039284	0.1485	0.6945	-0.2595	0	243	373	3
2026-02-12	15:45:53.230	-64.47	69.16	190.68	1.194868	-0.221552	0.0427	0.165	0.717	-0.2655	0	243	373	3
2026-02-12	15:45:53.250	-62.055	56.665	185.78	1.131916	-0.227408	0.051728	0.1875	0.744	-0.2715	0	243	373	3
2026-02-12	15:45:53.270	-86.415	40.6	179.305	1.06872	-0.23058	0.0732	0.1875	0.744	-0.2715	0	243	373	3
2026-02-12	15:45:53.290	-124.705	25.2	170.66	1.00894	-0.290116	0.0793	0.213	0.7755	-0.2595	0	243	373	3
2026-02-12	15:45:53.310	-125.825	19.635	158.165	0.968192	-0.49044	0.057828	0.252	0.8205	-0.2445	0	243	373	3
2026-02-12	15:45:53.330	-68.53	13.86	142.135	0.94794	-0.581452	0.068808	0.2745	0.8475	-0.2385	0	243	373	3
2026-02-12	15:45:53.350	2.555	12.39	124.635	0.919148	-0.59048	0.095892	0.2835	0.8625	-0.237	0	243	373	3
2026-02-12	15:45:53.370	51.31	14.595	107.73	0.880108	-0.544364	0.125904	0.3015	0.8685	-0.2295	0	243	373	3
2026-02-12	15:45:53.390	68.705	16.87	91.875	0.84424	-0.508496	0.13054	0.312	0.8715	-0.2385	0	243	373	3
2026-02-12	15:45:53.410	68.845	18.305	77.91	0.797392	-0.45872	0.1281	0.3315	0.87	-0.2475	0	249	345	3
2026-02-12	15:45:53.430	60.165	16.87	65.38	0.739564	-0.4087	0.11834	0.3315	0.8655	-0.2595	0	249	345	3
2026-02-12	15:45:53.450	49.245	12.32	53.83	0.689788	-0.360632	0.126148	0.3405	0.8655	-0.2595	0	249	345	3
2026-02-12	15:45:53.470	34.37	3.885	40.075	0.635864	-0.305488	0.160796	0.354	0.8505	-0.2655	0	249	345	3
2026-02-12	15:45:53.490	17.71	-5.075	25.865	0.599264	-0.297436	0.23424	0.36	0.849	-0.27	0	249	345	3
2026-02-12	15:45:53.510	6.86	-9.87	14.56	0.596092	-0.336476	0.29036	0.366	0.8505	-0.276	0	249	345	3
2026-02-12	15:45:53.530	4.305	-11.865	2.31	0.619272	-0.365756	0.314516	0.3645	0.8505	-0.276	0	249	345	3
2026-02-12	15:45:53.550	9.52	-12.565	-10.92	0.640012	-0.376492	0.310612	0.3615	0.8475	-0.2745	0	249	345	3
2026-02-12	15:45:53.570	17.92	-14.035	-25.2	0.667096	-0.378688	0.297924	0.363	0.8475	-0.2745	0	249	345	3
2026-02-12	15:45:53.590	28.98	-17.185	-40.81	0.698572	-0.37088	0.26108	0.363	0.849	-0.282	0	249	345	3
2026-02-12	15:45:53.610	39.095	-24.71	-59.815	0.807152	-0.327448	0.217648	0.363	0.8505	-0.276	0	257	301	2
2026-02-12	15:45:53.630	42.42	-31.885	-83.09	0.918172	-0.312076	0.205204	0.351	0.837	-0.2895	0	257	301	2
2026-02-12	15:45:53.650	42.525	-37.94	-106.12	1.018212	-0.290604	0.210816	0.3375	0.831	-0.288	0	257	301	2
2026-02-12	15:45:53.670	44.66	-41.58	-126.63	1.050176	-0.298412	0.264984	0.321	0.831	-0.2895	0	257	301	2
2026-02-12	15:45:53.690	62.16	-44.1	-142.24	0.932324	-0.332328	0.347456	0.3015	0.8175	-0.2925	0	257	301	2
2026-02-12	15:45:53.710	78.435	-46.2	-143.815	0.864004	-0.279624	0.36356	0.2865	0.7995	-0.294	0	257	301	2
2026-02-12	15:45:53.730	85.68	-48.685	-143.815	0.882304	-0.199592	0.33672	0.2565	0.7695	-0.297	0	257	301	2
2026-02-12	15:45:53.750	80.36	-52.185	-147.315	1.003328	-0.117608	0.298412	0.2385	0.7485	-0.303	0	257	301	2
2026-02-12	15:45:53.770	58.45	-53.34	-153.685	1.064328	-0.054412	0.261324	0.228	0.729	-0.306	0	257	301	2
2026-02-12	15:45:53.790	23.52	-54.95	-162.82	1.115812	-0.011224	0.229116	0.222	0.717	-0.303	0	257	301	2
2026-02-12	15:45:53.810	-21.805	-57.645	-176.225	1.20658	-0.005612	0.205692	0.1995	0.7035	-0.297	0	264	274	2
2026-02-12	15:45:53.830	-74.48	-58.73	-192.815	1.317356	-0.060268	0.197884	0.1845	0.6795	-0.294	0	264	274	2
2026-02-12	15:45:53.850	-127.365	-56.175	-208.495	1.377136	-0.112728	0.209352	0.1725	0.678	-0.2865	0	264	274	2
2026-02-12	15:45:53.870	-185.29	-50.82	-219.065	1.367132	-0.182512	0.202764	0.1575	0.663	-0.2805	0	264	274	2
2026-02-12	15:45:53.890	-245.245	-43.19	-222.215	1.300764	-0.258396	0.18788	0.144	0.66	-0.258	0	264	274	2
2026-02-12	15:45:53.910	-296.975	-28.315	-218.715	1.209752	-0.40992	0.124684	0.144	0.66	-0.258	0	264	274	2
2026-02-12	15:45:53.930	-304.255	-22.54	-210.245	1.059448	-0.547536	0.037576	0.126	0.6585	-0.243	0	264	274	2
2026-02-12	15:45:53.950	-282.17	-22.365	-203.63	0.954772	-0.779824	0.072224	0.1035	0.66	-0.219	0	264	274	2
2026-02-12	15:45:53.970	-218.26	-20.335	-204.015	1.14192	-1.05408	0.337208	0.093	0.657	-0.2055	0	264	274	2
2026-02-12	15:45:53.990	-163.52	-0.14	-196.035	1.240008	-1.00528	0.339892	0.087	0.648	-0.195	0	264	274	2
2026-02-12	15:45:54.010	-172.06	11.62	-174.58	0.964776	-0.798612	-0.001952	0.0855	0.6435	-0.1875	0	271	257	3
2026-02-12	15:45:54.030	-168.98	3.08	-161.56	0.97722	-0.903288	-0.065392	0.0855	0.6435	-0.1875	0	271	257	3
2026-02-12	15:45:54.050	-123.55	-6.3	-135.38	0.968924	-1.10166	0.04026	0.072	0.618	-0.1875	0	271	257	3
2026-02-12	15:45:54.070	-53.515	-15.75	-96.775	0.931104	-0.972828	0.199836	0.0735	0.6075	-0.186	0	271	257	3
2026-02-12	15:45:54.090	-14.35	-27.965	-54.25	0.864492	-0.823012	0.298168	0.0705	0.612	-0.174	0	271	257	3
2026-02-12	15:45:54.110	17.605	-43.855	-13.685	1.078968	-0.766892	0.397476	0.057	0.5985	-0.177	0	271	257	3
2026-02-12	15:45:54.130	61.145	-48.895	15.925	1.21024	-0.790804	0.506788	0.06	0.597	-0.1695	0	271	257	3
2026-02-12	15:45:54.150	100.625	-51.835	42.735	1.264896	-0.826672	0.532896	0.057	0.5895	-0.162	0	271	257	3
2026-02-12	15:45:54.170	127.155	-48.615	68.915	1.350296	-0.814228	0.463112	0.0525	0.585	-0.1515	0	271	257	3
2026-02-12	15:45:54.190	144.48	-43.015	97.755	1.44448	-0.63074	0.330132	0.054	0.5835	-0.144	0	271	257	3
2026-02-12	15:45:54.210	148.61	-35.735	126.175	1.555988	-0.411384	0.21106	0.0495	0.588	-0.1425	0	282	247	3
2026-02-12	15:45:54.230	149.415	-27.125	153.09	1.51646	-0.236924	0.151524	0.0465	0.5955	-0.1395	0	282	247	3
2026-02-12	15:45:54.250	154.875	-20.195	177.45	1.426912	-0.164456	0.122976	0.054	0.6165	-0.1395	0	282	247	3
2026-02-12	15:45:54.270	160.79	-14.7	198.17	1.426424	-0.101504	0.11834	0.0555	0.6195	-0.1395	0	282	247	3
2026-02-12	15:45:54.290	159.95	-4.305	212.38	1.500356	-0.00854	0.139812	0.054	0.6375	-0.1455	0	282	247	3
2026-02-12	15:45:54.310	139.545	16.555	220.71	1.514264	0.06222	0.162992	0.0705	0.6645	-0.1395	0	282	247	3
2026-02-12	15:45:54.330	91.07	44.695	225.435	1.358592	-0.009516	0.183244	0.0855	0.6825	-0.162	0	282	247	3
2026-02-12	15:45:54.350	72.205	58.38	223.545	1.24318	-0.074176	0.147132	0.0975	0.702	-0.168	0	282	247	3
2026-02-12	15:45:54.370	58.24	66.64	217.7	1.174616	-0.116632	0.09882	0.1185	0.7335	-0.1785	0	282	247	3
2026-02-12	15:45:54.390	28.7	71.715	209.93	1.125572	-0.117364	0.042212	0.1395	0.7545	-0.189	0	282	247	3
2026-02-12	15:45:54.410	-4.48	71.33	201.88	1.043588	-0.188612	0.000244	0.162	0.774	-0.1995	0	296	240	3
2026-02-12	15:45:54.430	-16.205	64.295	192.01	0.983564	-0.239364	-0.00366	0.1875	0.7935	-0.201	0	296	240	3
2026-02-12	15:45:54.450	-9.765	55.93	178.99	0.920368	-0.291336	0.005124	0.201	0.8055	-0.1995	0	296	240	3
2026-02-12	15:45:54.470	7.945	48.475	162.365	0.87108	-0.340136	0.023912	0.222	0.822	-0.2085	0	296	240	3
2026-02-12	15:45:54.490	30.66	44.24	144.27	0.851316	-0.41846	0.04392	0.255	0.834	-0.207	0	296	240	3
2026-02-12	15:45:54.510	49.735	41.195	128.275	0.857904	-0.45506	0.051484	0.267	0.8445	-0.213	0	296	240	3
2026-02-12	15:45:54.530	50.435	36.015	110.04	0.801296	-0.437736	0.042212	0.288	0.8475	-0.2295	0	296	240	3
2026-02-12	15:45:54.550	49.315	27.72	91.98	0.752496	-0.49288	0.036844	0.288	0.8475	-0.2295	0	296	240	3
2026-02-12	15:45:54.570	63.595	18.655	77.805	0.726632	-0.527772	0.042456	0.3105	0.846	-0.2355	0	296	240	3
2026-02-12	15:45:54.590	81.095	6.265	62.65	0.711016	-0.52826	0.095648	0.339	0.8445	-0.246	0	296	240	3
2026-02-12	15:45:54.610	91.665	-1.715	48.23	0.688568	-0.550952	0.172264	0.3465	0.843	-0.258	0	311	216	3
2026-02-12	15:45:54.630	94.045	-6.44	37.415	0.688568	-0.547292	0.208132	0.3495	0.837	-0.267	0	311	216	3
2026-02-12	15:45:54.650	91.455	-9.695	27.335	0.68076	-0.514352	0.206668	0.351	0.825	-0.2775	0	311	216	3
2026-02-12	15:45:54.670	86.065	-13.895	17.465	0.657336	-0.47336	0.199104	0.351	0.819	-0.2865	0	311	216	3
2026-02-12	15:45:54.690	79.87	-20.405	7.805	0.65514	-0.432124	0.200812	0.3495	0.813	-0.2835	0	311	216	3
2026-02-12	15:45:54.710	72.835	-27.615	-2.905	0.678808	-0.385276	0.209108	0.3435	0.81	-0.3015	0	311	216	3
2026-02-12	15:45:54.730	64.4	-34.3	-14.84	0.705404	-0.350384	0.22082	0.3375	0.7965	-0.3015	0	311	216	3
2026-02-12	15:45:54.750	56.56	-44.345	-29.785	0.772016	-0.334524	0.228628	0.3405	0.7935	-0.3045	0	311	216	3
2026-02-12	15:45:54.770	57.435	-55.755	-44.415	0.84302	-0.325496	0.256688	0.3345	0.786	-0.3015	0	311	216	3
2026-02-12	15:45:54.790	67.48	-63.14	-53.795	0.881084	-0.339404	0.280356	0.3225	0.771	-0.297	0	311	216	3
2026-02-12	15:45:54.810	83.475	-71.19	-59.885	0.937448	-0.305244	0.294752	0.3045	0.759	-0.3	0	324	195	3
2026-02-12	15:45:54.830	97.3	-78.05	-65.17	1.003816	-0.258884	0.303292	0.2895	0.747	-0.309	0	324	195	3
2026-02-12	15:45:54.850	105.735	-82.11	-70.525	1.058716	-0.213012	0.307928	0.279	0.7275	-0.312	0	324	195	3
2026-02-12	15:45:54.870	105.14	-84.105	-75.88	1.096048	-0.191052	0.3111	0.264	0.708	-0.315	0	324	195	3
2026-02-12	15:45:54.890	98.84	-83.615	-79.87	1.06506	-0.162016	0.305488	0.255	0.7035	-0.318	0	324	195	3
2026-02-12	15:45:54.910	86.065	-81.865	-80.535	1.009428	-0.1281	0.295728	0.249	0.6825	-0.3105	0	324	195	3
2026-02-12	15:45:54.930	63.56	-78.155	-79.45	1.027972	-0.043676	0.250832	0.2325	0.672	-0.3	0	324	195	3
2026-02-12	15:45:54.950	49.77	-46.795	-81.725	0.904752	-0.067832	0.232288	0.2175	0.6495	-0.3105	0	324	195	3
2026-02-12	15:45:54.970	83.65	-50.785	-105.665	0.794952	0.146156	0.10492	0.198	0.645	-0.3075	0	324	195	3
2026-02-12	15:45:54.990	60.095	-67.725	-122.535	0.904508	0.093696	0.155916	0.189	0.6255	-0.3015	0	324	195	3
2026-02-12	15:45:55.010	26.285	-78.47	-136.115	1.073356	-0.092476	0.270108	0.1785	0.5925	-0.2925	0	330	196	3
2026-02-12	15:45:55.030	12.075	-82.81	-147.105	1.224148	-0.1342	0.401136	0.171	0.579	-0.2865	0	330	196	3
2026-02-12	15:45:55.050	-7.35	-79.73	-156.03	1.27612	-0.09394	0.491416	0.1605	0.5685	-0.276	0	330	196	3
2026-02-12	15:45:55.070	-42.665	-72.625	-159.67	1.270752	-0.067588	0.506788	0.156	0.5505	-0.2715	0	330	196	3
2026-02-12	15:45:55.090	-75.81	-67.445	-159.145	1.26514	-0.01952	0.464576	0.15	0.534	-0.267	0	330	196	3
2026-02-12	15:45:55.110	-110.6	-65.975	-157.01	1.237812	0.037576	0.400648	0.1425	0.525	-0.261	0	330	196	3
2026-02-12	15:45:55.130	-150.675	-64.925	-154.7	1.166076	0.027816	0.365268	0.1305	0.5235	-0.261	0	330	196	3
2026-02-12	15:45:55.150	-184.065	-61.6	-150.115	1.134112	-0.037088	0.421144	0.138	0.5175	-0.2535	0	330	196	3
2026-02-12	15:45:55.170	-198.905	-47.04	-143.815	1.128256	-0.127368	0.40992	0.135	0.5175	-0.249	0	330	196	3
2026-02-12	15:45:55.190	-183.505	-42.49	-130.83	1.088728	-0.3416	0.359656	0.135	0.5175	-0.249	0	330	196	3
2026-02-12	15:45:55.210	-149.555	-44.31	-115.29	1.041636	-0.324032	0.557052	0.132	0.519	-0.2415	0	332	223	3
2026-02-12	15:45:55.230	-143.815	-36.47	-101.92	0.842288	-0.346236	0.571692	0.1245	0.5205	-0.2385	0	332	223	3
2026-02-12	15:45:55.250	-146.195	-33.04	-92.68	0.781288	-0.353068	0.60634	0.1155	0.525	-0.2355	0	332	223	3
2026-02-12	15:45:55.270	-136.255	-30.1	-93.835	0.884012	-0.367708	0.737124	0.117	0.5265	-0.2235	0	332	223	3
2026-02-12	15:45:55.290	-125.895	-21.245	-93.765	0.813496	-0.326228	0.740296	0.117	0.528	-0.219	0	332	223	3
2026-02-12	15:45:55.310	-123.69	-16.695	-89.775	0.76128	-0.335012	0.6161	0.111	0.534	-0.2205	0	332	223	3
2026-02-12	15:45:55.330	-117.985	-21.595	-85.75	0.848144	-0.416264	0.55632	0.111	0.537	-0.222	0	332	223	3
2026-02-12	15:45:55.350	-101.43	-27.405	-82.425	0.92598	-0.482388	0.632936	0.1095	0.5295	-0.2265	0	332	223	3
2026-02-12	15:45:55.370	-78.05	-27.51	-73.85	1.062132	-0.546316	0.72468	0.12	0.528	-0.2235	0	332	223	3
2026-02-12	15:45:55.390	-38.29	-15.33	-45.885	1.123864	-0.556808	0.6588	0.114	0.5265	-0.219	0	332	223	3
2026-02-12	15:45:55.410	-0.14	-7.14	-7.14	1.240984	-0.485804	0.461892	0.114	0.525	-0.2175	0	332	281	3
2026-02-12	15:45:55.430	16.24	-0.945	28.385	1.253184	-0.4514	0.40382	0.1155	0.5205	-0.2175	0	332	281	3
2026-02-12	15:45:55.450	25.515	5.635	69.09	1.182912	-0.42212	0.44408	0.111	0.5205	-0.2175	0	332	281	3
2026-02-12	15:45:55.470	39.97	16.59	109.06	1.131428	-0.27816	0.471652	0.108	0.5295	-0.2145	0	332	281	3
2026-02-12	15:45:55.490	40.565	25.095	143.43	1.121668	-0.14274	0.366244	0.114	0.537	-0.2205	0	332	281	3
2026-02-12	15:45:55.510	32.62	31.29	169.715	1.120692	-0.080764	0.292312	0.114	0.549	-0.2265	0	332	281	3
2026-02-12	15:45:55.530	27.23	27.58	186.76	1.164124	-0.067588	0.335012	0.1125	0.567	-0.2235	0	332	281	3
2026-02-12	15:45:55.550	10.99	27.685	197.4	1.186328	-0.040748	0.317688	0.1155	0.5775	-0.2205	0	332	281	3
2026-02-12	15:45:55.570	-19.81	27.79	200.865	1.18462	-0.02196	0.247416	0.1305	0.603	-0.2325	0	332	281	3
2026-02-12	15:45:55.590	-47.215	29.47	199.605	1.180472	-0.082716	0.208864	0.1335	0.6225	-0.2355	0	332	281	3
2026-02-12	15:45:55.610	-35.525	27.79	197.12	1.15656	-0.300608	0.243024	0.1425	0.6465	-0.2355	0	330	338	3
2026-02-12	15:45:55.630	-4.305	25.795	196.42	1.156804	-0.256688	0.245464	0.156	0.666	-0.2355	0	330	338	3
2026-02-12	15:45:55.650	21.28	26.775	191.73	1.138992	-0.233752	0.241804	0.1725	0.7035	-0.2385	0	330	338	3
2026-02-12	15:45:55.670	40.04	28.315	183.155	1.175836	-0.244244	0.213012	0.183	0.726	-0.24	0	330	338	3
2026-02-12	15:45:55.690	52.71	29.82	173.565	1.11874	-0.277916	0.182024	0.1995	0.7365	-0.2445	0	330	338	3
2026-02-12	15:45:55.710	61.425	28.77	163.8	1.0797	-0.303536	0.175924	0.219	0.747	-0.2475	0	330	338	3
2026-02-12	15:45:55.730	65.24	27.125	152.67	1.044808	-0.303292	0.186172	0.231	0.7545	-0.2535	0	330	338	3
2026-02-12	15:45:55.750	63.105	24.885	140.77	1.052372	-0.304024	0.184708	0.24	0.759	-0.2625	0	330	338	3
2026-02-12	15:45:55.770	57.645	21.42	129.92	1.04554	-0.304756	0.18178	0.246	0.7635	-0.2655	0	330	338	3
2026-02-12	15:45:55.790	52.43	17.325	120.575	0.991616	-0.30744	0.177144	0.261	0.7785	-0.2685	0	330	338	3
2026-02-12	15:45:55.810	46.095	12.39	109.515	0.91622	-0.30012	0.191784	0.2805	0.7725	-0.2775	0	325	352	2
2026-02-12	15:45:55.830	39.55	9.17	98.63	0.8357	-0.2989	0.210084	0.2805	0.7725	-0.2775	0	325	352	2
2026-02-12	15:45:55.850	37.66	6.79	89.18	0.778848	-0.282308	0.217648	0.2925	0.7755	-0.2835	0	325	352	2
2026-02-12	15:45:55.870	35.455	3.64	77.91	0.7259	-0.26718	0.210328	0.309	0.774	-0.291	0	325	352	2
2026-02-12	15:45:55.890	33.565	-1.365	63.42	0.713944	-0.269376	0.210816	0.315	0.771	-0.2925	0	325	352	2
2026-02-12	15:45:55.910	35.49	-6.335	46.97	0.711992	-0.271084	0.236436	0.3225	0.774	-0.2955	0	325	352	2
2026-02-12	15:45:55.930	39.305	-9.695	31.185	0.718092	-0.265472	0.261568	0.3255	0.7815	-0.297	0	325	352	2
2026-02-12	15:45:55.950	43.19	-13.23	16.1	0.721996	-0.238144	0.255224	0.3285	0.78	-0.2955	0	325	352	2
2026-02-12	15:45:55.970	47.705	-19.25	0.315	0.733952	-0.22448	0.257664	0.33	0.7695	-0.297	0	325	352	2
2026-02-12	15:45:55.990	55.545	-25.76	-15.19	0.748836	-0.244976	0.285724	0.327	0.7665	-0.3	0	325	352	2
2026-02-12	15:45:56.010	74.935	-31.885	-33.46	0.809592	-0.279136	0.361608	0.327	0.7665	-0.3	0	317	334	2
2026-02-12	15:45:56.030	94.395	-35.49	-46.305	0.877424	-0.26596	0.389424	0.318	0.7575	-0.3105	0	317	334	2
2026-02-12	15:45:56.050	110.81	-42.595	-62.125	0.998204	-0.203008	0.381616	0.306	0.7455	-0.3135	0	317	334	2
2026-02-12	15:45:56.070	109.375	-50.33	-75.67	1.107028	-0.1464	0.382104	0.2895	0.7215	-0.3195	0	317	334	2
2026-02-12	15:45:56.090	101.535	-55.055	-87.85	1.190476	-0.11712	0.443592	0.288	0.705	-0.3255	0	317	334	2
2026-02-12	15:45:56.110	93.73	-53.095	-96.18	1.214388	-0.090524	0.505812	0.2835	0.6885	-0.3255	0	317	334	2
2026-02-12	15:45:56.130	79.38	-50.68	-98.84	1.151192	-0.054168	0.515084	0.267	0.666	-0.3255	0	317	334	2
2026-02-12	15:45:56.150	53.97	-50.89	-97.44	1.044564	0.039284	0.473848	0.255	0.651	-0.327	0	317	334	2
2026-02-12	15:45:56.170	14.49	-56.42	-96.6	0.976732	0.0671	0.432612	0.2475	0.6375	-0.324	0	317	334	2
2026-02-12	15:45:56.190	-23.52	-60.76	-95.41	0.93818	0.01098	0.401868	0.234	0.6255	-0.321	0	317	334	2
2026-02-12	15:45:56.210	-41.685	-65.485	-93.765	0.952332	-0.006588	0.399428	0.225	0.6195	-0.321	0	307	324	3
2026-02-12	15:45:56.230	-53.06	-68.67	-92.33	0.974048	0.003904	0.38186	0.2205	0.624	-0.309	0	307	324	3
2026-02-12	15:45:56.250	-69.86	-69.335	-94.01	1.021872	-0.01952	0.348432	0.2025	0.6135	-0.3075	0	307	324	3
2026-02-12	15:45:56.270	-77.875	-68.74	-100.695	1.110688	-0.064904	0.332572	0.189	0.612	-0.2925	0	307	324	3
2026-02-12	15:45:56.290	-83.93	-64.26	-109.585	1.139236	-0.125416	0.3294	0.1725	0.6135	-0.279	0	307	324	3
2026-02-12	15:45:56.310	-85.82	-57.085	-117.39	1.109956	-0.174948	0.324764	0.1665	0.6105	-0.2775	0	307	324	3
2026-02-12	15:45:56.330	-83.58	-51.03	-123.795	1.065792	-0.181536	0.296216	0.1575	0.603	-0.2685	0	307	324	3
2026-02-12	15:45:56.350	-83.125	-47.635	-129.71	1.01382	-0.140056	0.270108	0.1545	0.5985	-0.261	0	307	324	3
2026-02-12	15:45:56.370	-86.695	-47.075	-136.01	0.99674	-0.155184	0.26474	0.147	0.5925	-0.258	0	307	324	3
2026-02-12	15:45:56.390	-86.625	-46.97	-139.615	0.987712	-0.22326	0.283772	0.1365	0.5865	-0.255	0	307	324	3
2026-02-12	15:45:56.410	-84.945	-46.34	-138.39	0.947696	-0.232044	0.308172	0.132	0.5775	-0.2445	0	297	328	3
2026-02-12	15:45:56.430	-84.735	-46.235	-135.765	0.923296	-0.222528	0.32208	0.1275	0.5715	-0.234	0	297	328	3
2026-02-12	15:45:56.450	-83.86	-45.92	-132.44	0.902312	-0.206424	0.323056	0.12	0.57	-0.231	0	297	328	3
2026-02-12	15:45:56.470	-79.66	-46.2	-127.89	0.87962	-0.227164	0.306708	0.12	0.57	-0.231	0	297	328	3
2026-02-12	15:45:56.490	-69.58	-46.935	-121.87	0.869616	-0.245952	0.33306	0.117	0.5595	-0.2265	0	297	328	3
2026-02-12	15:45:56.510	-53.935	-48.58	-117.215	0.927688	-0.28304	0.373808	0.1095	0.543	-0.219	0	297	328	3
2026-02-12	15:45:56.530	-35.315	-49.42	-113.155	0.975024	-0.32208	0.423828	0.1035	0.531	-0.216	0	297	328	3
2026-02-12	15:45:56.550	-16.065	-48.965	-104.825	0.965508	-0.341356	0.473604	0.105	0.519	-0.2085	0	297	328	3
2026-02-12	15:45:56.570	2.52	-46.62	-91.875	0.926956	-0.35258	0.520452	0.099	0.5115	-0.195	0	297	328	3
2026-02-12	15:45:56.590	17.255	-42.63	-73.955	0.886208	-0.352092	0.526552	0.0945	0.4995	-0.192	0	297	328	3
2026-02-12	15:45:56.610	32.76	-41.58	-54.565	0.97356	-0.381372	0.581208	0.0975	0.486	-0.1905	0	284	339	3
2026-02-12	15:45:56.630	57.015	-33.635	-33.81	1.081164	-0.448472	0.737856	0.0975	0.48	-0.1845	0	284	339	3
2026-02-12	15:45:56.650	90.195	-16.17	-8.68	1.196088	-0.490928	0.86254	0.0945	0.477	-0.1815	0	284	339	3
2026-02-12	15:45:56.670	117.6	7.49	27.125	1.303936	-0.297436	0.708332	0.09	0.462	-0.171	0	284	339	3
2026-02-12	15:45:56.690	85.015	23.03	60.655	1.390312	-0.085644	0.447496	0.0885	0.456	-0.1695	0	284	339	3
2026-02-12	15:45:56.710	26.915	35.91	85.085	1.35786	-0.055876	0.303536	0.09	0.453	-0.1695	0	284	339	3
2026-02-12	15:45:56.730	-7.945	45.08	109.9	1.243424	-0.09076799	0.25742	0.09	0.4665	-0.174	0	284	339	3
2026-02-12	15:45:56.750	-7.805	49.14	135.66	1.150704	-0.065636	0.264984	0.0885	0.48	-0.1785	0	284	339	3
2026-02-12	15:45:56.770	-5.74	48.755	158.095	1.132648	0.003416	0.278404	0.084	0.498	-0.1845	0	284	339	3
2026-02-12	15:45:56.790	-18.305	46.97	172.515	1.131916	0.023912	0.310856	0.081	0.5145	-0.1935	0	284	339	3
2026-02-12	15:45:56.810	-37.555	44.45	183.015	1.166076	-0.021716	0.354532	0.0855	0.534	-0.1965	0	273	363	3
2026-02-12	15:45:56.830	-56.245	39.69	194.11	1.214144	-0.08906	0.3843	0.09	0.561	-0.2025	0	273	363	3
2026-02-12	15:45:56.850	-74.2	38.185	202.72	1.253916	-0.147864	0.395036	0.09	0.573	-0.207	0	273	363	3
2026-02-12	15:45:56.870	-92.575	41.02	208.985	1.283684	-0.215696	0.34648	0.1005	0.6075	-0.21	0	273	363	3
2026-02-12	15:45:56.890	-103.11	45.29	213.675	1.234396	-0.274744	0.229116	0.1095	0.6405	-0.222	0	273	363	3
2026-02-12	15:45:56.910	-94.78	42.42	212.415	1.177544	-0.29158	0.168604	0.126	0.672	-0.2175	0	273	363	3
2026-02-12	15:45:56.930	-78.75	37.31	206.92	1.124108	-0.335012	0.129076	0.153	0.72	-0.2175	0	273	363	3
2026-02-12	15:45:56.950	-49.245	31.36	198.135	1.074088	-0.402112	0.102724	0.1695	0.7485	-0.222	0	273	363	3
2026-02-12	15:45:56.970	-10.815	27.16	187.215	1.039196	-0.440908	0.08295999	0.1845	0.777	-0.2205	0	273	363	3
2026-02-12	15:45:56.990	25.69	24.08	173.88	1.006988	-0.442616	0.066124	0.201	0.7965	-0.2235	0	273	363	3
2026-02-12	15:45:57.010	56.56	21.63	157.885	0.976	-0.429196	0.059292	0.216	0.807	-0.2295	0	265	367	3
2026-02-12	15:45:57.030	78.12	20.475	140.455	0.923052	-0.42212	0.077104	0.234	0.8175	-0.2355	0	265	367	3
2026-02-12	15:45:57.050	93.66	20.265	122.08	0.875228	-0.424072	0.088816	0.252	0.819	-0.2445	0	265	367	3
2026-02-12	15:45:57.070	103.53	20.02	103.075	0.874008	-0.412604	0.104432	0.261	0.819	-0.2475	0	265	367	3
2026-02-12	15:45:57.090	108.185	19.6	80.08	0.868152	-0.394792	0.12932	0.279	0.813	-0.2595	0	265	367	3
2026-02-12	15:45:57.110	104.3	19.215	59.815	0.845704	-0.354532	0.153964	0.279	0.813	-0.2595	0	265	367	3
2026-02-12	15:45:57.130	94.71	18.41	46.235	0.81618	-0.318908	0.155916	0.2895	0.8025	-0.2745	0	265	367	3
2026-02-12	15:45:57.150	82.46	16.24	33.74	0.800808	-0.283528	0.151036	0.303	0.789	-0.2925	0	265	367	3
2026-02-12	15:45:57.170	71.05	12.53	21.035	0.79422	-0.269132	0.148108	0.3075	0.7815	-0.303	0	265	367	3
2026-02-12	15:45:57.190	61.565	7.84	8.61	0.794952	-0.260836	0.154696	0.3075	0.777	-0.3075	0	265	367	3
2026-02-12	15:45:57.210	54.705	3.29	-2.555	0.798856	-0.261568	0.18178	0.3075	0.768	-0.306	0	261	336	3
2026-02-12	15:45:57.230	53.76	-0.49	-12.215	0.798368	-0.268644	0.22326	0.315	0.759	-0.3135	0	261	336	3
2026-02-12	15:45:57.250	58.135	-3.29	-20.755	0.7808	-0.263276	0.251808	0.3165	0.7545	-0.318	0	261	336	3
2026-02-12	15:45:57.270	63.945	-5.46	-28.875	0.772748	-0.254248	0.271328	0.312	0.7455	-0.324	0	261	336	3
2026-02-12	15:45:57.290	70.665	-7.875	-37.135	0.79178	-0.232776	0.290604	0.309	0.7395	-0.33	0	261	336	3
2026-02-12	15:45:57.310	73.675	-10.465	-48.51	0.787632	-0.184952	0.29646	0.3105	0.729	-0.3345	0	261	336	3
2026-02-12	15:45:57.330	58.8	-17.15	-63.56	0.831796	-0.130052	0.27084	0.3015	0.72	-0.3375	0	261	336	3
2026-02-12	15:45:57.350	27.615	-24.43	-78.12	0.907436	-0.158112	0.269132	0.291	0.7065	-0.3405	0	261	336	3
2026-02-12	15:45:57.370	-1.12	-31.15	-90.545	0.955504	-0.188856	0.282796	0.288	0.699	-0.3405	0	261	336	3
2026-02-12	15:45:57.390	-21.595	-37.485	-100.485	0.994056	-0.179096	0.311588	0.2805	0.693	-0.3345	0	261	336	3
2026-02-12	15:45:57.410	-41.02	-41.965	-109.62	1.053836	-0.201544	0.338916	0.2715	0.6825	-0.336	0	257	301	3
2026-02-12	15:45:57.430	-53.935	-43.54	-117.11	1.08946	-0.2379	0.365756	0.2595	0.6765	-0.333	0	257	301	3
2026-02-12	15:45:57.450	-59.43	-43.085	-118.825	1.040172	-0.256932	0.360144	0.2505	0.6795	-0.324	0	257	301	3
2026-02-12	15:45:57.470	-58.59	-43.4	-115.325	0.963556	-0.25864	0.328424	0.2385	0.684	-0.3195	0	257	301	3
2026-02-12	15:45:57.490	-51.695	-46.095	-110.495	0.930128	-0.242536	0.307928	0.228	0.678	-0.3105	0	257	301	3
2026-02-12	15:45:57.510	-42.665	-50.54	-106.925	0.943304	-0.234484	0.298412	0.228	0.6735	-0.3045	0	257	301	3
2026-02-12	15:45:57.530	-31.325	-58.94	-105.735	1.0614	-0.212524	0.313052	0.2085	0.663	-0.303	0	257	301	3
2026-02-12	15:45:57.550	-28.875	-63.21	-108.045	1.11874	-0.197884	0.327204	0.1965	0.6615	-0.2985	0	257	301	3
2026-02-12	15:45:57.570	-33.705	-66.465	-112.21	1.15412	-0.200324	0.350872	0.177	0.651	-0.288	0	257	301	3
2026-02-12	15:45:57.590	-46.48	-67.97	-116.97	1.162172	-0.223016	0.357704	0.168	0.6435	-0.2835	0	257	301	3
2026-02-12	15:45:57.610	-64.295	-67.865	-121.1	1.1102	-0.214476	0.349896	0.1575	0.639	-0.2715	0	252	287	3
2026-02-12	15:45:57.630	-90.895	-66.675	-123.165	1.02846	-0.217404	0.31598	0.141	0.6315	-0.2595	0	252	287	3
2026-02-12	15:45:57.650	-113.085	-64.925	-123.06	0.966728	-0.244732	0.312076	0.1305	0.6255	-0.252	0	252	287	3
2026-02-12	15:45:57.670	-120.19	-61.355	-120.26	0.912072	-0.278892	0.339648	0.126	0.6255	-0.2385	0	252	287	3
2026-02-12	15:45:57.690	-121.31	-58.975	-114.73	0.861808	-0.271816	0.35502	0.117	0.6255	-0.231	0	252	287	3
2026-02-12	15:45:57.710	-134.19	-58.695	-108.955	0.866688	-0.284504	0.362828	0.111	0.624	-0.222	0	252	287	3
2026-02-12	15:45:57.730	-143.185	-54.635	-102.865	0.915	-0.356972	0.379664	0.114	0.6225	-0.2175	0	252	287	3
2026-02-12	15:45:57.750	-135.555	-49.63	-98.455	0.995276	-0.404064	0.379664	0.114	0.6225	-0.2175	0	252	287	3
2026-02-12	15:45:57.770	-122.115	-44.52	-94.78	0.99186	-0.457988	0.388204	0.099	0.618	-0.2025	0	252	287	3
2026-02-12	15:45:57.790	-101.36	-39.865	-87.01	0.940132	-0.540704	0.400648	0.081	0.6135	-0.1845	0	252	287	3
2026-02-12	15:45:57.810	-72.38	-37.695	-75.075	0.912072	-0.600728	0.447008	0.0765	0.612	-0.177	0	244	295	3
2026-02-12	15:45:57.830	-37.625	-34.965	-59.185	0.904264	-0.626348	0.511912	0.0735	0.603	-0.1695	0	244	295	3
2026-02-12	15:45:57.850	0.385	-29.365	-38.465	0.925004	-0.593408	0.55266	0.069	0.597	-0.1635	0	244	295	3
2026-02-12	15:45:57.870	28.595	-25.025	-15.75	0.94428	-0.434564	0.520208	0.0615	0.5985	-0.1605	0	244	295	3
2026-02-12	15:45:57.890	35.105	-26.355	0.49	1.088972	-0.32696	0.490928	0.057	0.5955	-0.1605	0	244	295	3
2026-02-12	15:45:57.910	33.67	-22.89	10.01	1.153632	-0.392108	0.582428	0.057	0.5895	-0.1575	0	244	295	3
2026-02-12	15:45:57.930	34.65	-14.63	22.085	1.17486	-0.396256	0.599996	0.054	0.588	-0.153	0	244	295	3
2026-02-12	15:45:57.950	29.26	-3.395	31.57	1.276608	-0.413824	0.591456	0.051	0.5895	-0.15	0	244	295	3
2026-02-12	15:45:57.970	27.79	14.98	42.735	1.3298	-0.42944	0.503616	0.051	0.5865	-0.1515	0	244	295	3
2026-02-12	15:45:57.990	24.185	28.07	55.615	1.403244	-0.3477	0.336232	0.054	0.5895	-0.1545	0	244	295	3
2026-02-12	15:45:58.010	5.53	39.585	72.065	1.365424	-0.283772	0.182512	0.0615	0.5985	-0.1605	0	237	322	3
2026-02-12	15:45:58.030	-12.985	44.485	91.595	1.286856	-0.25986	0.1037	0.066	0.6105	-0.168	0	237	322	3
2026-02-12	15:45:58.050	-15.715	43.12	111.195	1.262944	-0.250588	0.09882	0.072	0.6255	-0.171	0	237	322	3
2026-02-12	15:45:58.070	-10.15	41.965	130.795	1.237568	-0.191052	0.123952	0.075	0.636	-0.18	0	237	322	3
2026-02-12	15:45:58.090	-10.535	41.37	150.115	1.193892	-0.110532	0.143228	0.0795	0.6495	-0.189	0	237	322	3
2026-02-12	15:45:58.110	-20.685	40.53	165.69	1.13948	-0.066368	0.154452	0.0915	0.6675	-0.192	0	237	322	3
2026-02-12	15:45:58.130	-36.855	38.57	175.91	1.12118	-0.07198	0.150548	0.1035	0.6915	-0.1965	0	237	322	3
2026-02-12	15:45:58.150	-59.43	35.595	181.265	1.121668	-0.12566	0.144692	0.117	0.717	-0.204	0	237	322	3
2026-02-12	15:45:58.170	-79.94	32.025	184.555	1.121424	-0.21594	0.099796	0.1245	0.732	-0.207	0	237	322	3
2026-02-12	15:45:58.190	-80.01	31.29	183.575	1.07848	-0.261324	0.063684	0.1425	0.759	-0.1995	0	237	322	3
2026-02-12	15:45:58.210	-71.05	28.28	177.94	1.0248	-0.294752	0.02562	0.1725	0.795	-0.1935	0	234	330	3
2026-02-12	15:45:58.230	-54.81	23.03	168.21	0.982344	-0.315248	0.004148	0.1935	0.816	-0.189	0	234	330	3
2026-02-12	15:45:58.250	-31.255	18.48	155.26	0.951356	-0.34648	-0.005124	0.2085	0.834	-0.1815	0	234	330	3
2026-02-12	15:45:58.270	-4.235	14.105	140.98	0.933788	-0.377224	0.007564	0.228	0.852	-0.1815	0	234	330	3
2026-02-12	15:45:58.290	17.78	11.095	126.525	0.927444	-0.408212	0.040504	0.249	0.8625	-0.186	0	234	330	3
2026-02-12	15:45:58.310	32.9	9.8	112.21	0.918904	-0.40382	0.065392	0.267	0.8655	-0.1875	0	234	330	3
2026-02-12	15:45:58.330	39.34	8.435	96.915	0.90158	-0.393084	0.077836	0.285	0.8685	-0.183	0	234	330	3
2026-02-12	15:45:58.350	37.765	5.775	81.865	0.861076	-0.38796	0.085888	0.294	0.8715	-0.186	0	234	330	3
2026-02-12	15:45:58.370	26.81	0.35	64.995	0.812764	-0.38308	0.09638	0.303	0.876	-0.195	0	234	330	3
2026-02-12	15:45:58.390	18.095	-4.305	50.33	0.741516	-0.395036	0.093696	0.312	0.879	-0.201	0	234	330	3
2026-02-12	15:45:58.410	14.7	-8.96	39.34	0.709308	-0.377712	0.085156	0.3165	0.8805	-0.2025	0	234	296	3
2026-02-12	15:45:58.430	9.73	-11.97	25.48	0.709796	-0.383812	0.082472	0.3195	0.8775	-0.2025	0	234	296	3
2026-02-12	15:45:58.450	8.715	-11.76	11.55	0.701744	-0.421388	0.078812	0.3285	0.879	-0.201	0	234	296	3
2026-02-12	15:45:58.470	13.545	-9.485	-1.365	0.703696	-0.41114	0.080276	0.333	0.882	-0.201	0	234	296	3
2026-02-12	15:45:58.490	18.935	-6.895	-14.42	0.70028	-0.39772	0.066124	0.3285	0.879	-0.201	0	234	296	3
2026-02-12	15:45:58.510	25.375	-6.055	-27.51	0.680272	-0.400892	0.083936	0.33	0.8775	-0.1995	0	234	296	3
2026-02-12	15:45:58.530	36.4	-8.05	-39.865	0.693692	-0.4148	0.1281	0.324	0.873	-0.2025	0	234	296	3
2026-02-12	15:45:58.550	57.33	-10.255	-52.57	0.752984	-0.416996	0.162016	0.3135	0.8685	-0.2115	0	234	296	3
2026-02-12	15:45:58.570	82.005	-11.865	-65.485	0.81008	-0.401136	0.189588	0.309	0.858	-0.2175	0	234	296	3
2026-02-12	15:45:58.590	110.95	-16.135	-80.15	0.868396	-0.372344	0.213256	0.303	0.846	-0.2265	0	234	296	3
2026-02-12	15:45:58.610	138.635	-22.89	-94.15	0.935984	-0.365268	0.259128	0.294	0.831	-0.237	0	236	249	3
2026-02-12	15:45:58.630	160.265	-29.645	-102.025	1.001864	-0.349896	0.297436	0.279	0.813	-0.246	0	236	249	3
2026-02-12	15:45:58.650	174.79	-37.065	-106.295	1.051884	-0.291092	0.331352	0.267	0.7965	-0.258	0	236	249	3
2026-02-12	15:45:58.670	173.88	-43.155	-109.13	1.112396	-0.19642	0.340136	0.2535	0.7725	-0.2715	0	236	249	3
2026-02-12	15:45:58.690	153.545	-48.055	-111.545	1.167784	-0.136884	0.333792	0.24	0.741	-0.2835	0	236	249	3
2026-02-12	15:45:58.710	120.82	-51.695	-113.435	1.146312	-0.07564	0.312808	0.228	0.717	-0.2865	0	236	249	3
2026-02-12	15:45:58.730	84.875	-57.015	-119.07	1.200724	-0.056852	0.299632	0.213	0.6945	-0.285	0	236	249	3
2026-02-12	15:45:58.750	46.865	-57.435	-126.175	1.188768	-0.070516	0.311832	0.2025	0.672	-0.288	0	236	249	3
2026-02-12	15:45:58.770	8.295	-55.125	-129.43	1.118984	-0.068076	0.303536	0.1935	0.6555	-0.285	0	236	249	3
2026-02-12	15:45:58.790	-31.255	-53.515	-129.675	1.04188	-0.068808	0.284748	0.183	0.645	-0.279	0	236	249	3
2026-02-12	15:45:58.810	-74.795	-51.66	-127.435	0.981124	-0.149084	0.265472	0.1785	0.6405	-0.2745	0	238	226	3
2026-02-12	15:45:58.830	-83.58	-52.85	-125.44	1.003572	-0.188124	0.290604	0.168	0.63	-0.2715	0	238	226	3
2026-02-12	15:45:58.850	-82.495	-53.06	-122.605	1.031876	-0.21472	0.324764	0.1545	0.6225	-0.2655	0	238	226	3
2026-02-12	15:45:58.870	-77.14	-52.675	-119.735	1.088728	-0.22326	0.342332	0.1455	0.621	-0.2565	0	238	226	3
2026-02-12	15:45:58.890	-71.925	-50.12	-118.195	1.11874	-0.223016	0.331352	0.1395	0.6105	-0.246	0	238	226	3
2026-02-12	15:45:58.910	-70.945	-45.64	-117.845	1.085556	-0.223016	0.299388	0.129	0.6	-0.237	0	238	226	3
2026-02-12	15:45:58.930	-73.64	-40.425	-116.865	1.009184	-0.22448	0.258884	0.117	0.5955	-0.234	0	238	226	3
2026-02-12	15:45:58.950	-76.265	-36.54	-114.31	0.933788	-0.218624	0.238144	0.117	0.5865	-0.231	0	238	226	3
2026-02-12	15:45:58.970	-80.99	-33.635	-109.62	0.858636	-0.205692	0.2379	0.114	0.5745	-0.225	0	238	226	3
2026-02-12	15:45:58.990	-87.71	-32.515	-103.11	0.806664	-0.198616	0.240096	0.1095	0.5715	-0.2205	0	238	226	3
2026-02-12	15:45:59.010	-96.32	-33.67	-93.905	0.797148	-0.203984	0.243512	0.108	0.57	-0.216	0	238	230	3
2026-02-12	15:45:59.030	-100.975	-35.315	-83.44	0.82716	-0.231068	0.253272	0.1065	0.567	-0.2145	0	238	230	3
2026-02-12	15:45:59.050	-98.945	-36.435	-73.745	0.852292	-0.23302	0.272304	0.1005	0.567	-0.21	0	238	230	3
2026-02-12	15:45:59.070	-96.25	-36.365	-63.35	0.836432	-0.232288	0.292312	0.096	0.564	-0.204	0	238	230	3
2026-02-12	15:45:59.090	-94.01	-36.645	-52.71	0.797148	-0.247904	0.307684	0.0915	0.5595	-0.201	0	238	230	3
2026-02-12	15:45:59.110	-83.93	-37.52	-42.385	0.772016	-0.303048	0.35624	0.0855	0.5625	-0.198	0	238	230	3
2026-02-12	15:45:59.130	-59.255	-36.89	-31.115	0.771284	-0.361608	0.449692	0.081	0.564	-0.192	0	238	230	3
2026-02-12	15:45:59.150	-20.685	-33.215	-16.73	0.773968	-0.417972	0.540948	0.0825	0.5595	-0.1845	0	238	230	3
2026-02-12	15:45:59.170	30.03	-29.68	1.645	0.838628	-0.381616	0.600484	0.078	0.561	-0.174	0	238	230	3
2026-02-12	15:45:59.190	81.62	-25.06	17.22	1.006744	-0.330864	0.643184	0.0735	0.564	-0.1725	0	238	230	3
2026-02-12	15:45:59.210	122.395	-16.625	29.085	1.200724	-0.2684	0.707844	0.0765	0.558	-0.1755	0	236	253	3
2026-02-12	15:45:59.230	126.7	-0.77	44.59	1.314184	-0.133712	0.693448	0.078	0.5535	-0.174	0	236	253	3
2026-02-12	15:45:59.250	89.88	13.65	55.195	1.442284	-0.082228	0.61366	0.078	0.5535	-0.174	0	236	253	3
2026-02-12	15:45:59.270	59.85	30.87	58.695	1.539884	-0.106628	0.583892	0.0795	0.552	-0.1725	0	236	253	3
2026-02-12	15:45:59.290	34.51	49.245	64.015	1.605764	-0.07564	0.477264	0.0795	0.5475	-0.1755	0	236	253	3
2026-02-12	15:45:59.310	-1.715	66.465	75.845	1.54208	-0.053192	0.329888	0.0795	0.5505	-0.1785	0	236	253	3
2026-02-12	15:45:59.330	-36.96	82.74	92.435	1.398364	-0.052216	0.242292	0.0885	0.5655	-0.1875	0	236	253	3
2026-02-12	15:45:59.350	-54.11	87.5	110.67	1.297348	-0.097356	0.237656	0.096	0.579	-0.198	0	236	253	3
2026-02-12	15:45:59.370	-55.02	83.125	127.82	1.267824	-0.072468	0.283772	0.105	0.5955	-0.2085	0	236	253	3
2026-02-12	15:45:59.390	-60.69	78.54	145.11	1.240496	-0.059292	0.291824	0.114	0.6165	-0.219	0	236	253	3
2026-02-12	15:45:59.410	-72.03	72.45	161	1.214144	-0.031964	0.284748	0.129	0.6375	-0.225	0	237	294	3
2026-02-12	15:45:59.430	-93.765	66.85	174.475	1.16144	-0.057096	0.274012	0.1455	0.66	-0.231	0	237	294	3
2026-02-12	15:45:59.450	-122.08	63.035	187.18	1.125084	-0.17324	0.237412	0.153	0.672	-0.2355	0	237	294	3
2026-02-12	15:45:59.470	-119.7	62.93	188.72	1.06994	-0.258152	0.184708	0.1905	0.7365	-0.228	0	237	294	3
2026-02-12	15:45:59.490	-97.195	56.07	184.765	1.007964	-0.310856	0.146644	0.198	0.75	-0.225	0	237	294	3
2026-02-12	15:45:59.510	-63.665	47.81	175.945	0.989908	-0.343064	0.11956	0.2175	0.7755	-0.222	0	237	294	3
2026-02-12	15:45:59.530	-28.56	41.265	161.98	0.957212	-0.348432	0.091256	0.237	0.795	-0.222	0	237	294	3
2026-02-12	15:45:59.550	4.935	36.05	145.705	0.903532	-0.365512	0.077348	0.2595	0.8115	-0.219	0	237	294	3
2026-02-12	15:45:59.570	33.53	31.29	128.94	0.862296	-0.392352	0.084912	0.279	0.828	-0.219	0	237	294	3
2026-02-12	15:45:59.590	54.915	26.285	112.455	0.855952	-0.400648	0.11102	0.294	0.8325	-0.2235	0	237	294	3
2026-02-12	15:45:59.610	71.785	21.7	96.53	0.853756	-0.408212	0.165188	0.3135	0.8355	-0.231	0	241	310	3
2026-02-12	15:45:59.630	81.725	19.11	81.865	0.830332	-0.405772	0.216916	0.3285	0.8355	-0.24	0	241	310	3
2026-02-12	15:45:59.650	84.735	16.275	66.22	0.808128	-0.390644	0.248392	0.333	0.8325	-0.2475	0	241	310	3
2026-02-12	15:45:59.670	79.31	12.775	53.165	0.798612	-0.388936	0.257664	0.333	0.837	-0.252	0	241	310	3
2026-02-12	15:45:59.690	72.695	10.395	45.43	0.77836	-0.40016	0.255956	0.3585	0.822	-0.273	0	241	310	3
2026-02-12	15:45:59.710	66.815	7.91	39.025	0.769332	-0.38796	0.24156	0.3615	0.8175	-0.276	0	241	310	3
2026-02-12	15:45:59.730	59.99	5.425	32.27	0.759084	-0.371612	0.222772	0.3705	0.8115	-0.2835	0	241	310	3
2026-02-12	15:45:59.750	52.15	2.31	24.185	0.747128	-0.352824	0.201544	0.3765	0.8055	-0.2865	0	241	310	3
2026-02-12	15:45:59.770	45.22	-2.59	14.945	0.74786	-0.333792	0.19764	0.375	0.801	-0.291	0	241	310	3
2026-02-12	15:45:59.790	40.355	-8.575	4.095	0.766648	-0.324032	0.213256	0.375	0.7995	-0.2955	0	241	310	3
2026-02-12	15:45:59.810	38.78	-14.035	-7.63	0.785436	-0.322568	0.245952	0.381	0.795	-0.297	0	245	298	3
2026-02-12	15:45:59.830	38.955	-19.635	-19.215	0.799588	-0.308904	0.281576	0.3825	0.786	-0.3	0	245	298	3
2026-02-12	15:45:59.850	41.195	-25.445	-30.59	0.8418	-0.309148	0.315248	0.372	0.7785	-0.2985	0	245	298	3
2026-02-12	15:45:59.870	44.31	-30.485	-42.385	0.860832	-0.289628	0.330376	0.36	0.774	-0.297	0	245	298	3
2026-02-12	15:45:59.890	46.41	-34.825	-52.01	0.844484	-0.258396	0.319152	0.3585	0.7725	-0.3	0	245	298	3
2026-02-12	15:45:59.910	49.315	-39.935	-57.12	0.82228	-0.244244	0.308904	0.342	0.765	-0.315	0	245	298	3
2026-02-12	15:45:59.930	58.275	-44.695	-59.22	0.801052	-0.232288	0.346724	0.339	0.7605	-0.3105	0	245	298	3
2026-02-12	15:45:59.950	72.45	-45.57	-59.22	0.808372	-0.2135	0.387472	0.3315	0.7515	-0.3105	0	245	298	3
2026-02-12	15:45:59.970	81.9	-44.835	-62.3	0.878644	-0.120292	0.370148	0.3225	0.738	-0.3165	0	245	298	3
2026-02-12	15:45:59.990	72.94	-45.115	-73.43	0.979172	-0.051972	0.352092	0.3135	0.72	-0.3195	0	245	298	3
2026-02-12	15:46:00.010	40.145	-43.225	-91.49	1.073112	-0.032452	0.348432	0.312	0.7125	-0.321	0	248	286	3
2026-02-12	15:46:00.030	13.16	-41.37	-100.59	1.086532	-0.012444	0.3111	0.3015	0.702	-0.3225	0	248	286	3
2026-02-12	15:46:00.050	-28.07	-40.67	-112.035	1.098976	0.008052	0.260836	0.288	0.6915	-0.321	0	248	286	3
2026-02-12	15:46:00.070	-69.37	-41.23	-124.705	1.127768	-0.011468	0.237412	0.276	0.684	-0.3135	0	248	286	3
2026-02-12	15:46:00.090	-118.79	-43.82	-141.47	1.162416	-0.088328	0.238876	0.2685	0.6765	-0.3105	0	248	286	3
2026-02-12	15:46:00.110	-141.925	-47.74	-147.665	1.161196	-0.162748	0.256688	0.24	0.6885	-0.306	0	248	286	3
2026-02-12	15:46:00.130	-148.015	-51.905	-150.08	1.126548	-0.22204	0.293776	0.231	0.69	-0.285	0	248	286	3
2026-02-12	15:46:00.150	-137.725	-53.725	-150.255	1.049932	-0.258396	0.332084	0.222	0.693	-0.2835	0	248	286	3
2026-02-12	15:46:00.170	-120.785	-54.25	-148.855	0.991128	-0.28548	0.369904	0.207	0.696	-0.2715	0	248	286	3
2026-02-12	15:46:00.190	-107.8	-54.18	-146.65	1.020164	-0.273768	0.373076	0.198	0.6975	-0.2565	0	248	286	3
2026-02-12	15:46:00.210	-104.475	-53.27	-145.25	1.048468	-0.240584	0.332328	0.186	0.693	-0.246	0	247	284	3
2026-02-12	15:46:00.230	-106.4	-50.995	-144.34	1.016992	-0.236436	0.29158	0.171	0.687	-0.237	0	247	284	3
2026-02-12	15:46:00.250	-103.425	-50.085	-144.235	0.999912	-0.278404	0.273524	0.1605	0.681	-0.225	0	247	284	3
2026-02-12	15:46:00.270	-96.25	-50.05	-145.39	0.985516	-0.318176	0.264496	0.1485	0.672	-0.213	0	247	284	3
2026-02-12	15:46:00.290	-87.92	-50.05	-145.53	0.931104	-0.386984	0.294508	0.1335	0.6645	-0.207	0	247	284	3
2026-02-12	15:46:00.310	-80.325	-51.8	-143.22	0.879864	-0.450424	0.35258	0.1305	0.657	-0.2025	0	247	284	3
2026-02-12	15:46:00.330	-70.805	-53.585	-138.985	0.813008	-0.470188	0.349652	0.099	0.645	-0.1935	0	247	284	3
2026-02-12	15:46:00.350	-66.99	-61.67	-132.125	0.69784	-0.4209	0.246196	0.108	0.6345	-0.1785	0	247	284	3
2026-02-12	15:46:00.370	-72.24	-72.38	-132.79	0.768356	-0.475556	0.29036	0.1005	0.6285	-0.177	0	247	284	3
2026-02-12	15:46:00.390	-47.635	-70.735	-137.305	1.082384	-0.728096	0.466528	0.0945	0.615	-0.1695	0	247	284	3
2026-02-12	15:46:00.410	14.525	-58.835	-124.81	1.278072	-0.79544	0.64172	0.0855	0.603	-0.1575	0	244	293	3
2026-02-12	15:46:00.430	76.755	-40.88	-98.035	1.142652	-0.71126	0.67344	0.078	0.588	-0.15	0	244	293	3
2026-02-12	15:46:00.450	132.895	-30.52	-59.85	1.202676	-0.72834	0.627812	0.0765	0.57	-0.1515	0	244	293	3
2026-02-12	15:46:00.470	193.2	-16.135	-15.925	1.392264	-0.69906	0.688568	0.081	0.555	-0.1485	0	244	293	3
2026-02-12	15:46:00.490	229.46	11.34	40.845	1.416664	-0.497272	0.627812	0.0795	0.5415	-0.141	0	244	293	3
2026-02-12	15:46:00.510	201.145	38.465	108.325	1.4335	-0.108336	0.500444	0.0735	0.5325	-0.1395	0	244	293	3
2026-02-12	15:46:00.530	126.105	61.32	160.44	1.421056	0.15982	0.36844	0.0735	0.5325	-0.1395	0	244	293	3
2026-02-12	15:46:00.550	47.67	71.645	184.31	1.415444	0.219356	0.29646	0.0795	0.552	-0.1515	0	244	293	3
2026-02-12	15:46:00.570	-34.755	79.135	199.71	1.337608	0.183244	0.25498	0.081	0.573	-0.1515	0	244	293	3
2026-02-12	15:46:00.590	-107.625	78.75	210.735	1.270996	0.145668	0.234484	0.087	0.588	-0.1605	0	244	293	3
2026-02-12	15:46:00.610	-166.635	68.075	218.82	1.27002	0.083448	0.248636	0.096	0.6165	-0.171	0	246	319	3
2026-02-12	15:46:00.630	-211.89	57.365	227.185	1.271972	-0.035868	0.254004	0.108	0.651	-0.1725	0	246	319	3
2026-02-12	15:46:00.650	-234.745	52.535	234.57	1.285148	-0.195444	0.241072	0.123	0.693	-0.171	0	246	319	3
2026-02-12	15:46:00.670	-229.215	45.36	239.19	1.293688	-0.327692	0.20618	0.1425	0.7395	-0.162	0	246	319	3
2026-02-12	15:46:00.690	-204.96	36.4	241.815	1.264652	-0.351116	0.163236	0.1635	0.7815	-0.1515	0	246	319	3
2026-02-12	15:46:00.710	-170.87	25.97	239.68	1.214876	-0.3294	0.121024	0.1875	0.816	-0.1365	0	246	319	3
2026-02-12	15:46:00.730	-102.165	13.825	225.82	1.242936	-0.31598	0.05002	0.2055	0.8355	-0.126	0	246	319	3
2026-02-12	15:46:00.750	-51.24	11.585	211.82	1.1712	-0.294264	-0.012444	0.2595	0.8895	-0.108	0	246	319	3
2026-02-12	15:46:00.770	-5.81	10.36	196.56	1.059204	-0.288408	-0.053436	0.288	0.9045	-0.096	0	246	319	3
2026-02-12	15:46:00.790	27.825	7.175	178.71	0.966484	-0.307684	-0.0793	0.3135	0.915	-0.1035	0	246	319	3
2026-02-12	15:46:00.810	51.24	0.63	158.06	0.954528	-0.370636	-0.067588	0.327	0.918	-0.1005	0	252	321	3
2026-02-12	15:46:00.830	73.15	-4.69	137.13	0.9333	-0.406016	-0.028548	0.3525	0.9285	-0.102	0	252	321	3
2026-02-12	15:46:00.850	85.68	-7.735	117.81	0.873032	-0.395524	0.008052	0.372	0.936	-0.111	0	252	321	3
2026-02-12	15:46:00.870	86.555	-10.185	99.89	0.818376	-0.379664	0.04148	0.3915	0.933	-0.1215	0	252	321	3
2026-02-12	15:46:00.890	82.845	-10.955	81.515	0.766892	-0.369172	0.057096	0.402	0.927	-0.1275	0	252	321	3
2026-02-12	15:46:00.910	78.4	-11.2	62.02	0.723948	-0.371856	0.046604	0.411	0.9285	-0.138	0	252	321	3
2026-02-12	15:46:00.930	74.445	-12.95	37.31	0.709308	-0.39772	0.03416	0.423	0.927	-0.15	0	252	321	3
2026-02-12	15:46:00.950	75.145	-16.765	14.105	0.714188	-0.410164	0.029524	0.426	0.9225	-0.1545	0	252	321	3
2026-02-12	15:46:00.970	79.03	-20.3	-2.1	0.70272	-0.38308	0.040748	0.438	0.915	-0.168	0	252	321	3
2026-02-12	15:46:00.990	82.74	-23.625	-17.535	0.6954	-0.352092	0.056852	0.4305	0.9105	-0.174	0	252	321	3
2026-02-12	15:46:01.010	88.76	-26.565	-33.6	0.741028	-0.34038	0.078812	0.4335	0.9015	-0.183	0	262	281	3
2026-02-12	15:46:01.030	95.76	-28.07	-49.385	0.752252	-0.321104	0.102724	0.4245	0.897	-0.1905	0	262	281	3
2026-02-12	15:46:01.050	102.55	-30.135	-64.785	0.750788	-0.2989	0.112484	0.417	0.891	-0.204	0	262	281	3
2026-02-12	15:46:01.070	109.13	-33.915	-81.165	0.793488	-0.285724	0.116144	0.408	0.876	-0.2175	0	262	281	3
2026-02-12	15:46:01.090	111.79	-38.08	-97.615	0.843996	-0.268644	0.117608	0.393	0.864	-0.225	0	262	281	3
2026-02-12	15:46:01.110	109.41	-43.365	-112.385	0.865956	-0.25132	0.122976	0.3825	0.855	-0.234	0	262	281	3
2026-02-12	15:46:01.130	105.28	-50.05	-124.74	0.900116	-0.244	0.147864	0.366	0.84	-0.2505	0	262	281	3
2026-02-12	15:46:01.150	104.02	-57.295	-135.8	0.975512	-0.241072	0.19764	0.3585	0.834	-0.2565	0	262	281	3
2026-02-12	15:46:01.170	106.68	-60.515	-142.94	1.053836	-0.23546	0.239364	0.3585	0.834	-0.2565	0	262	281	3
2026-02-12	15:46:01.190	111.265	-60.165	-146.58	1.143628	-0.245708	0.26718	0.303	0.777	-0.2745	0	262	281	3
2026-02-12	15:46:01.210	116.27	-58.38	-146.23	1.19804	-0.228628	0.29402	0.2745	0.762	-0.282	0	271	233	3
2026-02-12	15:46:01.230	111.37	-55.3	-142.065	1.189744	-0.168116	0.287676	0.2655	0.7395	-0.2865	0	271	233	3
2026-02-12	15:46:01.250	92.015	-52.395	-136.99	1.178276	-0.099308	0.25986	0.258	0.7275	-0.285	0	271	233	3
2026-02-12	15:46:01.270	58.345	-50.68	-133.7	1.192672	-0.027084	0.222528	0.243	0.705	-0.282	0	271	233	3
2026-02-12	15:46:01.290	12.81	-50.75	-131.915	1.177056	0.005368	0.203008	0.225	0.6795	-0.2835	0	271	233	3
2026-02-12	15:46:01.310	-33.985	-54.985	-129.57	1.164124	-0.019764	0.217404	0.213	0.663	-0.282	0	271	233	3
2026-02-12	15:46:01.330	-73.08	-62.93	-125.93	1.155828	-0.063196	0.269376	0.201	0.6555	-0.2775	0	271	233	3
2026-02-12	15:46:01.350	-100.31	-68.6	-121.135	1.117276	-0.125904	0.34404	0.189	0.651	-0.2745	0	271	233	3
2026-02-12	15:46:01.370	-115.745	-74.095	-112.35	1.030656	-0.187636	0.389668	0.1905	0.6525	-0.27	0	271	233	3
2026-02-12	15:46:01.390	-116.06	-77.035	-107.975	0.990152	-0.22692	0.372344	0.1695	0.654	-0.2385	0	271	233	3
2026-02-12	15:46:01.410	-105.07	-79.24	-106.19	0.992104	-0.257176	0.36966	0.153	0.651	-0.228	0	275	213	3
2026-02-12	15:46:01.430	-84.035	-78.645	-106.225	0.994056	-0.287676	0.395768	0.138	0.6465	-0.2175	0	275	213	3
2026-02-12	15:46:01.450	-63.28	-76.44	-104.86	0.991128	-0.295728	0.406016	0.132	0.6345	-0.1995	0	275	213	3
2026-02-12	15:46:01.470	-49.595	-74.55	-103.005	0.988688	-0.277672	0.388448	0.1245	0.633	-0.195	0	275	213	3
2026-02-12	15:46:01.490	-43.925	-73.115	-100.59	0.970876	-0.2745	0.373076	0.117	0.6315	-0.1875	0	275	213	3
2026-02-12	15:46:01.510	-41.02	-71.82	-95.585	0.917928	-0.275964	0.357216	0.1095	0.624	-0.183	0	275	213	3
2026-02-12	15:46:01.530	-40.04	-72.065	-85.855	0.816668	-0.263764	0.306952	0.09	0.612	-0.1785	0	275	213	3
2026-02-12	15:46:01.550	-46.13	-76.02	-73.115	0.717604	-0.207644	0.197884	0.0855	0.609	-0.168	0	275	213	3
2026-02-12	15:46:01.570	-74.62	-89.39	-60.9	0.752496	-0.171532	0.108824	0.0855	0.6045	-0.1545	0	275	213	3
2026-02-12	15:46:01.590	-80.85	-92.435	-57.505	1.010892	-0.332084	0.299388	0.0795	0.5985	-0.1485	0	275	213	3
2026-02-12	15:46:01.610	-39.55	-79.31	-48.125	1.071404	-0.391132	0.476532	0.066	0.5895	-0.1185	0	275	226	3
2026-02-12	15:46:01.630	-14.385	-70.91	-31.955	1.002596	-0.27816	0.430904	0.063	0.5865	-0.1005	0	275	226	3
2026-02-12	15:46:01.650	-5.285	-69.825	-20.195	1.125084	-0.279624	0.377712	0.063	0.5895	-0.1035	0	275	226	3
2026-02-12	15:46:01.670	17.885	-69.265	-11.935	1.358592	-0.366244	0.511668	0.0555	0.5865	-0.0855	0	275	226	3
2026-02-12	15:46:01.690	55.93	-54.67	7.245	1.38348	-0.37454	0.667828	0.0525	0.582	-0.081	0	275	226	3
2026-02-12	15:46:01.710	99.225	-33.705	30.1	1.422276	-0.252784	0.798124	0.051	0.582	-0.075	0	275	226	3
2026-02-12	15:46:01.730	109.48	-1.26	54.075	1.243912	-0.015372	0.626104	0.051	0.5835	-0.072	0	275	226	3
2026-02-12	15:46:01.750	63.91	18.235	74.2	1.291736	0.209596	0.322324	0.0495	0.5865	-0.0675	0	275	226	3
2026-02-12	15:46:01.770	-8.645	35.315	88.9	1.477176	0.252052	0.041968	0.051	0.5925	-0.066	0	275	226	3
2026-02-12	15:46:01.790	-79.905	64.435	107.66	1.474492	0.20496	-0.104676	0.0525	0.594	-0.0675	0	275	226	3
2026-02-12	15:46:01.810	-87.395	62.72	128.38	1.32492	0.102724	-0.083448	0.0525	0.594	-0.0675	0	275	256	3
2026-02-12	15:46:01.830	-56.35	56.805	141.715	1.204628	0.16104	0.022448	0.066	0.6435	-0.0885	0	275	256	3
2026-02-12	15:46:01.850	-29.33	56.385	147.49	1.115812	0.199348	0.089304	0.084	0.669	-0.099	0	275	256	3
2026-02-12	15:46:01.870	-4.165	59.29	146.58	1.089704	0.110044	0.099064	0.087	0.681	-0.108	0	275	256	3
2026-02-12	15:46:01.890	7.315	62.79	147.315	1.06506	0.044652	0.033184	0.1005	0.702	-0.111	0	275	256	3
2026-02-12	15:46:01.910	9.94	63.21	144.9	1.072868	0.000244	-0.030744	0.105	0.711	-0.1125	0	275	256	3
2026-02-12	15:46:01.930	6.195	61.355	138.18	1.14314	0.07076	-0.066612	0.117	0.729	-0.1215	0	275	256	3
2026-02-12	15:46:01.950	-9.8	60.585	129.71	1.151192	0.062708	-0.06344	0.132	0.744	-0.132	0	275	256	3
2026-02-12	15:46:01.970	-28	60.2	124.11	1.10288	-0.028548	-0.062464	0.147	0.7605	-0.138	0	275	256	3
2026-02-12	15:46:01.990	-28.7	60.48	120.54	1.075796	-0.136884	-0.09076799	0.1635	0.7755	-0.1395	0	275	256	3
2026-02-12	15:46:02.010	-2.94	57.96	112.735	1.077504	-0.157624	-0.14762	0.1725	0.7815	-0.1365	0	278	254	3
2026-02-12	15:46:02.030	12.39	54.39	105.805	1.119716	-0.145912	-0.147864	0.195	0.8025	-0.144	0	278	254	3
2026-02-12	15:46:02.050	16.345	52.01	98.84	1.039928	-0.15738	-0.104432	0.2055	0.8175	-0.153	0	278	254	3
2026-02-12	15:46:02.070	17.955	47.425	90.895	0.986004	-0.220576	-0.034404	0.222	0.8295	-0.15	0	278	254	3
2026-02-12	15:46:02.090	19.915	41.58	81.83	0.957456	-0.2989	0.037088	0.2415	0.8265	-0.1635	0	278	254	3
2026-02-12	15:46:02.110	22.575	36.12	74.69	0.915488	-0.348188	0.09467199	0.2565	0.831	-0.162	0	278	254	3
2026-02-12	15:46:02.130	22.47	31.115	69.37	0.8662	-0.355996	0.132248	0.264	0.8355	-0.1635	0	278	254	3
2026-02-12	15:46:02.150	19.88	25.97	64.085	0.82594	-0.351848	0.12932	0.2685	0.8385	-0.171	0	278	254	3
2026-02-12	15:46:02.170	18.025	19.845	58.1	0.803248	-0.367952	0.107604	0.2715	0.8385	-0.177	0	278	254	3
2026-02-12	15:46:02.190	13.895	12.39	51.31	0.829844	-0.395524	0.097356	0.2835	0.8415	-0.1785	0	278	254	3
2026-02-12	15:46:02.210	9.205	5.845	42.77	0.831552	-0.42578	0.099796	0.291	0.8445	-0.18	0	282	214	3
2026-02-12	15:46:02.230	11.445	0.875	34.895	0.819108	-0.458964	0.082472	0.2955	0.846	-0.1785	0	282	214	3
2026-02-12	15:46:02.250	21.49	-4.375	27.23	0.859368	-0.4697	0.082716	0.2985	0.84	-0.18	0	282	214	3
2026-02-12	15:46:02.270	37.835	-9.03	19.565	0.882304	-0.48434	0.12932	0.2985	0.855	-0.1815	0	282	214	3
2026-02-12	15:46:02.290	57.05	-12.495	12.04	0.89548	-0.470188	0.183488	0.303	0.8475	-0.18	0	282	214	3
2026-02-12	15:46:02.310	73.01	-13.755	3.885	0.89914	-0.441884	0.223992	0.309	0.8355	-0.192	0	282	214	3
2026-02-12	15:46:02.330	87.71	-13.86	-4.48	0.919148	-0.418704	0.232288	0.303	0.843	-0.1965	0	282	214	3
2026-02-12	15:46:02.350	99.82	-15.75	-11.62	0.9455	-0.340624	0.215452	0.3	0.84	-0.1965	0	282	214	3
2026-02-12	15:46:02.370	94.22	-21.07	-18.27	0.88938	-0.139568	0.161528	0.3	0.8295	-0.1995	0	282	214	3
2026-02-12	15:46:02.390	70.105	-29.54	-28.245	0.915488	-0.049776	0.103212	0.297	0.8205	-0.2085	0	282	214	3
2026-02-12	15:46:02.410	39.06	-38.395	-37.1	1.019676	-0.052704	0.082716	0.2895	0.813	-0.216	0	286	175	3
2026-02-12	15:46:02.430	-1.855	-43.26	-44.695	1.124596	0.008052	0.089792	0.2865	0.807	-0.2175	0	286	175	3
2026-02-12	15:46:02.450	-53.585	-39.935	-53.55	1.061888	0.131272	0.095404	0.2865	0.807	-0.2175	0	286	175	3
2026-02-12	15:46:02.470	-96.775	-34.475	-65.73	1.103124	0.061732	0.057096	0.264	0.804	-0.207	0	286	175	3
2026-02-12	15:46:02.490	-122.255	-28.21	-78.19	1.140456	-0.045628	0.031232	0.2565	0.804	-0.192	0	286	175	3
2026-02-12	15:46:02.510	-128.835	-19.81	-86.625	1.037732	-0.122976	0.022204	0.2385	0.8025	-0.1785	0	286	175	3
2026-02-12	15:46:02.530	-123.445	-14.945	-92.26	0.98942	-0.189344	0.005856	0.237	0.8085	-0.1665	0	286	175	3
2026-02-12	15:46:02.550	-108.22	-12.46	-97.615	1.011624	-0.220088	-0.001464	0.234	0.801	-0.162	0	286	175	3
2026-02-12	15:46:02.570	-85.54	-11.76	-103.11	1.020896	-0.217404	0.01952	0.225	0.7995	-0.1515	0	286	175	3
2026-02-12	15:46:02.590	-62.685	-12.11	-108.605	1.003572	-0.220088	0.053192	0.2145	0.807	-0.144	0	286	175	3
2026-02-12	15:46:02.610	-38.64	-13.825	-114.975	1.016016	-0.2379	0.07076	0.204	0.8025	-0.1395	0	287	148	2
2026-02-12	15:46:02.630	-16.765	-16.415	-122.64	1.055788	-0.238876	0.072224	0.192	0.7935	-0.1335	0	287	148	2
2026-02-12	15:46:02.650	-1.61	-19.95	-134.82	1.117032	-0.240096	0.10004	0.1845	0.7875	-0.1305	0	287	148	2
2026-02-12	15:46:02.670	-3.115	-21.315	-141.995	1.087264	-0.233996	0.107848	0.162	0.7545	-0.12	0	287	148	2
2026-02-12	15:46:02.690	-10.99	-23.695	-147.28	1.049444	-0.202276	0.112972	0.1485	0.741	-0.1275	0	287	148	2
2026-02-12	15:46:02.710	-21.595	-26.46	-150.395	1.029192	-0.223992	0.12566	0.1395	0.732	-0.1245	0	287	148	2
2026-02-12	15:46:02.730	-23.485	-28.91	-148.54	1.018212	-0.282308	0.162992	0.117	0.72	-0.1185	0	287	148	2
2026-02-12	15:46:02.750	-20.37	-29.75	-141.47	1.028948	-0.291336	0.212524	0.1275	0.693	-0.123	0	287	148	2
2026-02-12	15:46:02.770	-15.89	-26.46	-130.69	0.998692	-0.2867	0.267668	0.1155	0.684	-0.12	0	287	148	2
2026-02-12	15:46:02.790	-13.93	-24.605	-117.495	1.044076	-0.277428	0.317932	0.1035	0.6735	-0.1125	0	287	148	2
2026-02-12	15:46:02.810	-20.02	-21	-101.43	1.0553	-0.265472	0.321836	0.1005	0.6645	-0.108	0	282	134	2
2026-02-12	15:46:02.830	-37.03	-17.29	-84.7	0.971608	-0.223992	0.320128	0.09	0.6495	-0.1065	0	282	134	2
2026-02-12	15:46:02.850	-64.155	-13.405	-64.995	0.923784	-0.313052	0.400892	0.087	0.6405	-0.1035	0	282	134	2
2026-02-12	15:46:02.870	-88.41	-11.235	-44.555	0.953796	-0.483608	0.477996	0.09	0.6405	-0.102	0	282	134	2
2026-02-12	15:46:02.890	-90.335	-7.525	-25.795	0.85888	-0.494832	0.49166	0.0795	0.6255	-0.0915	0	282	134	2
2026-02-12	15:46:02.910	-77.035	-5.145	-8.575	0.825208	-0.481656	0.473848	0.0885	0.6225	-0.0855	0	282	134	2
2026-02-12	15:46:02.930	-47.845	-2.87	5.18	0.888892	-0.494588	0.47092	0.0945	0.624	-0.081	0	282	134	2
2026-02-12	15:46:02.950	-9.73	-0.245	18.865	1.004304	-0.45994	0.477264	0.084	0.633	-0.087	0	282	134	2
2026-02-12	15:46:02.970	22.61	4.62	31.115	1.065304	-0.425048	0.567056	0.0855	0.633	-0.081	0	282	134	2
2026-02-12	15:46:02.990	41.79	14.455	43.26	1.113128	-0.402112	0.610732	0.084	0.6315	-0.0825	0	282	134	2
2026-02-12	15:46:03.010	55.3	23.835	51.94	1.2627	-0.323788	0.60146	0.0885	0.6375	-0.0825	0	276	160	3
2026-02-12	15:46:03.030	53.165	33.88	57.085	1.467416	-0.224236	0.542168	0.0915	0.645	-0.0825	0	276	160	3
2026-02-12	15:46:03.050	25.585	45.01	60.69	1.640656	-0.136152	0.447984	0.0915	0.645	-0.087	0	276	160	3
2026-02-12	15:46:03.070	-40.495	57.96	77.385	1.499136	-0.137616	0.312564	0.096	0.645	-0.0885	0	276	160	3
2026-02-12	15:46:03.090	-93.38	57.435	102.76	1.31882	-0.17812	0.253272	0.096	0.645	-0.0885	0	276	160	3
2026-02-12	15:46:03.110	-116.69	47.845	123.655	1.308084	-0.20618	0.26596	0.1125	0.6765	-0.1065	0	276	160	3
2026-02-12	15:46:03.130	-124.355	38.57	147.21	1.288808	-0.236924	0.294752	0.114	0.6915	-0.114	0	276	160	3
2026-02-12	15:46:03.150	-115.745	30.065	173.53	1.22122	-0.245708	0.301584	0.135	0.7155	-0.111	0	276	160	3
2026-02-12	15:46:03.170	-94.395	21.035	194.88	1.176324	-0.187392	0.274744	0.135	0.744	-0.09	0	276	160	3
2026-02-12	15:46:03.190	-76.055	15.365	208.565	1.123376	-0.155916	0.245708	0.153	0.762	-0.0825	0	276	160	3
2026-02-12	15:46:03.210	-56.7	11.725	214.76	1.194868	-0.213256	0.2196	0.162	0.774	-0.0795	0	270	211	3
2026-02-12	15:46:03.230	-37.94	8.54	217.63	1.246596	-0.234484	0.174216	0.183	0.7995	-0.078	0	270	211	3
2026-02-12	15:46:03.250	-23.975	8.96	218.155	1.166564	-0.238388	0.126392	0.201	0.825	-0.075	0	270	211	3
2026-02-12	15:46:03.270	-8.015	7.805	215.25	1.07116	-0.248636	0.06734399	0.2265	0.8475	-0.0735	0	270	211	3
2026-02-12	15:46:03.290	19.355	4.795	200.2	0.87718	-0.295972	0.037088	0.246	0.858	-0.075	0	270	211	3
2026-02-12	15:46:03.310	32.2	3.71	186.095	0.791048	-0.382104	0.02318	0.291	0.8925	-0.0675	0	270	211	3
2026-02-12	15:46:03.330	51.24	1.82	169.89	0.819596	-0.44774	0.020984	0.3105	0.9015	-0.078	0	270	211	3
2026-02-12	15:46:03.350	72.555	1.19	152.355	0.867664	-0.454572	0.02562	0.3285	0.9105	-0.0825	0	270	211	3
2026-02-12	15:46:03.370	92.54	0.7	135.59	0.869128	-0.449692	0.049532	0.3435	0.9105	-0.087	0	270	211	3
2026-02-12	15:46:03.390	109.55	-0.525	118.93	0.844484	-0.423828	0.068564	0.3585	0.912	-0.0915	0	270	211	3
2026-02-12	15:46:03.410	117.915	-0.105	101.22	0.811056	-0.407724	0.108336	0.378	0.9105	-0.1125	0	267	234	3
2026-02-12	15:46:03.430	113.645	1.33	83.615	0.768112	-0.390888	0.141032	0.3855	0.9105	-0.1155	0	267	234	3
2026-02-12	15:46:03.450	98.56	0.42	67.48	0.72102	-0.394792	0.156892	0.396	0.909	-0.126	0	267	234	3
2026-02-12	15:46:03.470	77.035	-3.15	53.585	0.671	-0.394548	0.16592	0.4035	0.9045	-0.1395	0	267	234	3
2026-02-12	15:46:03.490	52.745	-9.625	37.065	0.624396	-0.414556	0.169092	0.411	0.903	-0.153	0	267	234	3
2026-02-12	15:46:03.510	38.36	-17.29	20.825	0.612196	-0.420168	0.170312	0.4155	0.9045	-0.1605	0	267	234	3
2026-02-12	15:46:03.530	34.825	-23.24	8.4	0.610488	-0.416996	0.177144	0.423	0.906	-0.174	0	267	234	3
2026-02-12	15:46:03.550	38.465	-27.72	-3.395	0.619028	-0.422608	0.184464	0.426	0.9	-0.1695	0	267	234	3
2026-02-12	15:46:03.570	47.25	-30.345	-15.82	0.63562	-0.409432	0.199104	0.4245	0.8925	-0.171	0	267	234	3
2026-02-12	15:46:03.590	56.945	-31.465	-29.295	0.663436	-0.396012	0.216428	0.4185	0.894	-0.1815	0	267	234	3
2026-02-12	15:46:03.610	64.33	-32.97	-42.49	0.717116	-0.3782	0.214964	0.4095	0.8865	-0.177	0	266	226	3
2026-02-12	15:46:03.630	70.63	-36.19	-54.285	0.747128	-0.350872	0.217892	0.3945	0.8775	-0.1875	0	266	226	3
2026-02-12	15:46:03.650	76.02	-39.48	-65.38	0.776408	-0.318176	0.220088	0.3885	0.8715	-0.192	0	266	226	3
2026-02-12	15:46:03.670	77.35	-43.435	-78.575	0.88572	-0.259372	0.235704	0.3795	0.8655	-0.201	0	266	226	3
2026-02-12	15:46:03.690	70.49	-47.32	-95.795	1.031388	-0.233508	0.268156	0.3675	0.8595	-0.2115	0	266	226	3
2026-02-12	15:46:03.710	56.7	-49.14	-116.06	1.148508	-0.240828	0.314272	0.36	0.8535	-0.2175	0	266	226	3
2026-02-12	15:46:03.730	41.755	-47.46	-130.13	1.15412	-0.277428	0.34648	0.36	0.8535	-0.2175	0	266	226	3
2026-02-12	15:46:03.750	37.73	-45.57	-131.04	1.06506	-0.28792	0.355996	0.3105	0.816	-0.2235	0	266	226	3
2026-02-12	15:46:03.770	39.725	-47.25	-126.455	1.004304	-0.232532	0.319396	0.2955	0.816	-0.2205	0	266	226	3
2026-02-12	15:46:03.790	35	-52.955	-121.625	1.0248	-0.17568	0.287188	0.2805	0.798	-0.2265	0	266	226	3
2026-02-12	15:46:03.810	24.22	-57.4	-119.14	1.100928	-0.152012	0.263276	0.2625	0.7905	-0.2205	0	265	217	3
2026-02-12	15:46:03.830	8.085	-60.97	-115.57	1.08214	-0.122488	0.238632	0.2475	0.7785	-0.225	0	265	217	3
2026-02-12	15:46:03.850	-9.59	-66.325	-110.775	1.057496	-0.089792	0.195932	0.2295	0.7725	-0.225	0	265	217	3
2026-02-12	15:46:03.870	-32.2	-74.55	-110.18	1.125328	-0.073444	0.159332	0.225	0.7695	-0.216	0	265	217	3
2026-02-12	15:46:03.890	-57.4	-80.465	-115.885	1.190476	-0.086132	0.140544	0.2145	0.7605	-0.2055	0	265	217	3
2026-02-12	15:46:03.910	-87.15	-84.07	-124.075	1.23952	-0.13298	0.13298	0.1995	0.747	-0.1965	0	265	217	3
2026-02-12	15:46:03.930	-125.405	-86.03	-133.525	1.265384	-0.190564	0.135176	0.189	0.741	-0.189	0	265	217	3
2026-02-12	15:46:03.950	-141.435	-86.205	-138.81	1.189744	-0.221064	0.117608	0.1665	0.732	-0.1545	0	265	217	3
2026-02-12	15:46:03.970	-146.86	-88.025	-144.095	1.142896	-0.24766	0.115412	0.144	0.7215	-0.144	0	265	217	3
2026-02-12	15:46:03.990	-144.655	-89.88	-148.225	1.1651	-0.288408	0.155916	0.1335	0.714	-0.1245	0	265	217	3
2026-02-12	15:46:04.010	-131.635	-89.39	-151.76	1.175592	-0.34282	0.22448	0.108	0.7095	-0.1125	0	264	216	3
2026-02-12	15:46:04.030	-119.91	-88.095	-154.175	1.144848	-0.345748	0.292312	0.102	0.6945	-0.0885	0	264	216	3
2026-02-12	15:46:04.050	-107.625	-84.98	-155.925	1.138504	-0.449936	0.384788	0.087	0.6795	-0.072	0	264	216	3
2026-02-12	15:46:04.070	-71.89	-76.44	-155.575	1.171688	-0.575596	0.443592	0.072	0.6675	-0.0615	0	264	216	3
2026-02-12	15:46:04.090	-24.22	-64.54	-150.815	1.108492	-0.61366	0.461404	0.0705	0.66	-0.051	0	264	216	3
2026-02-12	15:46:04.110	19.355	-50.995	-136.115	0.986248	-0.694424	0.488976	0.066	0.6435	-0.036	0	264	216	3
2026-02-12	15:46:04.130	60.76	-35.665	-106.26	0.871568	-0.628788	0.477508	0.063	0.6225	-0.0345	0	264	216	3
2026-02-12	15:46:04.150	66.64	-25.655	-75.005	0.894748	-0.46848	0.439688	0.063	0.6105	-0.039	0	264	216	3
2026-02-12	15:46:04.170	40.67	-15.82	-51.66	0.955748	-0.386252	0.432368	0.0585	0.582	-0.0255	0	264	216	3
2026-02-12	15:46:04.190	-0.42	-7.63	-27.72	0.958432	-0.345016	0.448228	0.0645	0.576	-0.024	0	264	216	3
2026-02-12	15:46:04.210	-40.355	-1.54	-2.8	0.966972	-0.399916	0.471896	0.0525	0.5715	-0.0225	0	263	230	3
2026-02-12	15:46:04.230	-51.94	3.185	21.49	1.062376	-0.482144	0.533628	0.057	0.5715	-0.0165	0	263	230	3
2026-02-12	15:46:04.250	-38.045	13.545	47.705	1.191208	-0.484828	0.555832	0.054	0.5805	-0.0285	0	263	230	3
2026-02-12	15:46:04.270	-30.205	24.92	76.685	1.356396	-0.375516	0.409188	0.057	0.582	-0.0255	0	263	230	3
2026-02-12	15:46:04.290	-44.38	37.065	106.435	1.457168	-0.276452	0.21594	0.0615	0.585	-0.0315	0	263	230	3
2026-02-12	15:46:04.310	-59.535	46.27	134.295	1.374452	-0.249612	0.145912	0.057	0.5985	-0.0345	0	263	230	3
2026-02-12	15:46:04.330	-58.975	45.325	158.62	1.296372	-0.22326	0.172508	0.054	0.621	-0.033	0	263	230	3
2026-02-12	15:46:04.350	-52.325	39.795	182.28	1.286856	-0.160308	0.227652	0.057	0.63	-0.0285	0	263	230	3
2026-02-12	15:46:04.370	-48.965	36.155	201.285	1.256356	-0.12932	0.244976	0.057	0.63	-0.0285	0	263	230	3
2026-02-12	15:46:04.390	-44.415	32.865	213.675	1.207312	-0.162016	0.228384	0.078	0.702	-0.0375	0	263	230	3
2026-02-12	15:46:04.410	-30.345	31.85	224.245	1.168516	-0.212524	0.200324	0.0975	0.723	-0.045	0	263	257	3
2026-02-12	15:46:04.430	-13.93	30.66	229.775	1.200724	-0.201056	0.152256	0.1065	0.7575	-0.0495	0	263	257	3
2026-02-12	15:46:04.450	-5.075	31.85	229.81	1.2261	-0.194712	0.096868	0.129	0.7845	-0.048	0	263	257	3
2026-02-12	15:46:04.470	1.435	33.11	225.61	1.273436	-0.168604	0.050264	0.144	0.801	-0.0495	0	263	257	3
2026-02-12	15:46:04.490	8.085	36.12	218.925	1.192916	-0.14762	0.021716	0.165	0.828	-0.0495	0	263	257	3
2026-02-12	15:46:04.510	15.645	35.735	209.405	1.045296	-0.156892	0.01342	0.189	0.858	-0.054	0	263	257	3
2026-02-12	15:46:04.530	22.89	31.675	195.93	0.96014	-0.229848	0.004148	0.2055	0.864	-0.057	0	263	257	3
2026-02-12	15:46:04.550	31.745	26.81	176.19	1.031388	-0.32208	0.000732	0.2295	0.8805	-0.066	0	263	257	3
2026-02-12	15:46:04.570	38.885	24.325	146.755	0.881572	-0.404064	0.033916	0.2385	0.8895	-0.072	0	263	257	3
2026-02-12	15:46:04.590	44.835	20.44	128.38	0.790072	-0.474824	0.063684	0.291	0.909	-0.0675	0	263	257	3
2026-02-12	15:46:04.610	56.84	17.01	109.305	0.780068	-0.562664	0.066612	0.309	0.918	-0.0765	0	263	256	3
2026-02-12	15:46:04.630	73.43	15.225	90.3	0.81618	-0.601216	0.07442	0.3195	0.927	-0.087	0	263	256	3
2026-02-12	15:46:04.650	81.27	11.97	72.905	0.86376	-0.635376	0.078812	0.3465	0.9255	-0.099	0	263	256	3
2026-02-12	15:46:04.670	79.73	7.875	60.41	0.859856	-0.707356	0.076616	0.342	0.9285	-0.108	0	263	256	3
2026-02-12	15:46:04.690	77.805	3.255	53.235	0.854976	-0.72956	0.10614	0.3615	0.93	-0.117	0	263	256	3
2026-02-12	15:46:04.710	76.51	-0.035	48.3	0.82472	-0.698816	0.15738	0.363	0.9255	-0.129	0	263	256	3
2026-02-12	15:46:04.730	70.385	-2.24	45.64	0.783972	-0.655628	0.199836	0.3735	0.9195	-0.1455	0	263	256	3
2026-02-12	15:46:04.750	57.365	-4.13	44.205	0.722728	-0.615612	0.2196	0.375	0.921	-0.1455	0	263	256	3
2026-02-12	15:46:04.770	38.885	-9.52	41.16	0.654896	-0.582428	0.220332	0.3795	0.921	-0.1485	0	263	256	3
2026-02-12	15:46:04.790	22.155	-17.01	34.09	0.62342	-0.547536	0.213256	0.3825	0.918	-0.1515	0	263	256	3
2026-02-12	15:46:04.810	11.235	-21.63	23.73	0.61732	-0.520452	0.219844	0.3855	0.9225	-0.156	0	266	231	2
2026-02-12	15:46:04.830	1.82	-24.15	10.255	0.636108	-0.517036	0.230824	0.39	0.9195	-0.1545	0	266	231	2
2026-02-12	15:46:04.850	-2.31	-24.955	-3.605	0.63562	-0.516792	0.229116	0.3825	0.921	-0.1485	0	266	231	2
2026-02-12	15:46:04.870	-0.28	-25.375	-17.045	0.62708	-0.491172	0.216672	0.39	0.924	-0.1575	0	266	231	2
2026-02-12	15:46:04.890	5.145	-25.69	-30.45	0.632692	-0.45628	0.209596	0.3795	0.9165	-0.159	0	266	231	2
2026-02-12	15:46:04.910	14.385	-25.025	-43.89	0.685396	-0.45628	0.263032	0.378	0.9195	-0.153	0	266	231	2
2026-02-12	15:46:04.930	30.415	-21.07	-55.825	0.772992	-0.45384	0.329644	0.378	0.9165	-0.159	0	266	231	2
2026-02-12	15:46:04.950	49.7	-14.665	-67.725	0.831308	-0.399428	0.289628	0.36	0.915	-0.153	0	266	231	2
2026-02-12	15:46:04.970	55.58	-12.6	-81.865	0.869128	-0.281332	0.189832	0.351	0.909	-0.1605	0	266	231	2
2026-02-12	15:46:04.990	37.94	-18.55	-104.02	0.953308	-0.219112	0.104188	0.3435	0.9045	-0.168	0	266	231	2
2026-02-12	15:46:05.010	17.815	-25.235	-124.635	0.99796	-0.232776	0.164456	0.3435	0.9045	-0.168	0	269	213	2
2026-02-12	15:46:05.030	14.245	-25.305	-137.375	1.035292	-0.264008	0.2562	0.306	0.873	-0.171	0	269	213	2
2026-02-12	15:46:05.050	13.86	-22.54	-143.08	0.956236	-0.278892	0.302316	0.2925	0.867	-0.177	0	269	213	2
2026-02-12	15:46:05.070	14.595	-22.715	-142.31	0.861076	-0.231068	0.298412	0.2745	0.8595	-0.177	0	269	213	2
2026-02-12	15:46:05.090	13.02	-27.44	-140.455	0.86132	-0.20496	0.273524	0.249	0.8565	-0.1785	0	269	213	2
2026-02-12	15:46:05.110	11.095	-33.915	-141.435	0.97966	-0.1952	0.267912	0.2385	0.843	-0.183	0	269	213	2
2026-02-12	15:46:05.130	5.075	-37.59	-144.62	1.03212	-0.200568	0.28304	0.2265	0.825	-0.18	0	269	213	2
2026-02-12	15:46:05.150	-2.905	-39.935	-146.545	1.035536	-0.200324	0.281576	0.2055	0.81	-0.1665	0	269	213	2
2026-02-12	15:46:05.170	-9.03	-44.94	-148.085	1.098488	-0.203008	0.281332	0.1755	0.7935	-0.1695	0	269	213	2
2026-02-12	15:46:05.190	-12.81	-49.175	-150.185	1.189012	-0.224236	0.307684	0.168	0.786	-0.162	0	269	213	2
2026-02-12	15:46:05.210	-15.26	-47.425	-150.64	1.180472	-0.2318	0.34404	0.162	0.78	-0.156	0	271	213	3
2026-02-12	15:46:05.230	-25.025	-44.52	-145.915	1.093852	-0.21228	0.341112	0.1305	0.7455	-0.153	0	271	213	3
2026-02-12	15:46:05.250	-38.92	-42.35	-138.25	1.009916	-0.210816	0.329888	0.126	0.741	-0.1485	0	271	213	3
2026-02-12	15:46:05.270	-49.7	-40.915	-129.71	0.935252	-0.204716	0.31476	0.111	0.7215	-0.1425	0	271	213	3
2026-02-12	15:46:05.290	-57.085	-41.265	-122.71	0.892308	-0.19154	0.302316	0.099	0.7065	-0.135	0	271	213	3
2026-02-12	15:46:05.310	-64.365	-41.125	-118.3	0.892308	-0.199836	0.291092	0.0885	0.702	-0.1245	0	271	213	3
2026-02-12	15:46:05.330	-71.61	-40.145	-115.36	0.909144	-0.239608	0.286944	0.084	0.6885	-0.1185	0	271	213	3
2026-02-12	15:46:05.350	-79.765	-38.85	-112.14	0.944524	-0.271816	0.299876	0.0675	0.663	-0.108	0	271	213	3
2026-02-12	15:46:05.370	-84.63	-35.98	-107.73	0.965508	-0.307684	0.315736	0.0705	0.6705	-0.0975	0	271	213	3
2026-02-12	15:46:05.390	-83.335	-32.795	-101.43	0.92964	-0.333792	0.33184	0.0675	0.657	-0.0975	0	271	213	3
2026-02-12	15:46:05.410	-72.94	-29.855	-92.225	0.91988	-0.378688	0.383324	0.06	0.6495	-0.0915	0	270	230	3
2026-02-12	15:46:05.430	-54.915	-27.79	-81.55	0.965508	-0.419924	0.427	0.0525	0.642	-0.087	0	270	230	3
2026-02-12	15:46:05.450	-37.1	-25.69	-69.51	0.990884	-0.421632	0.452132	0.0495	0.6195	-0.072	0	270	230	3
2026-02-12	15:46:05.470	-21.525	-23.275	-54.32	1.007964	-0.388448	0.457256	0.0495	0.609	-0.0705	0	270	230	3
2026-02-12	15:46:05.490	-15.295	-23.03	-37.73	1.05286	-0.325008	0.408212	0.042	0.603	-0.063	0	270	230	3
2026-02-12	15:46:05.510	-15.785	-26.565	-23.765	1.12606	-0.3294	0.450668	0.0465	0.603	-0.054	0	270	230	3
2026-02-12	15:46:05.530	-5.6	-24.22	-9.03	1.13582	-0.393572	0.536312	0.0435	0.603	-0.0555	0	270	230	3
2026-02-12	15:46:05.550	23.835	-23.94	2.59	1.321504	-0.440908	0.6466	0.0435	0.6015	-0.048	0	270	230	3
2026-02-12	15:46:05.570	62.265	-10.43	17.29	1.336144	-0.473116	0.715896	0.0375	0.6	-0.0495	0	270	230	3
2026-02-12	15:46:05.590	95.725	5.775	38.64	1.38592	-0.429684	0.63318	0.03	0.5925	-0.051	0	270	230	3
2026-02-12	15:46:05.610	104.475	19.495	64.225	1.44326	-0.285968	0.460672	0.036	0.6015	-0.0465	0	266	265	3
2026-02-12	15:46:05.630	81.865	40.67	103.425	1.447164	-0.193004	0.294752	0.036	0.6015	-0.0465	0	266	265	3
2026-02-12	15:46:05.650	75.46	53.27	127.89	1.424228	-0.126636	0.275964	0.036	0.6015	-0.0465	0	266	265	3
2026-02-12	15:46:05.670	71.4	63.595	152.6	1.316868	-0.032452	0.268156	0.048	0.627	-0.0645	0	266	265	3
2026-02-12	15:46:05.690	55.405	70.21	172.865	1.214144	0.032208	0.244976	0.051	0.6555	-0.081	0	266	265	3
2026-02-12	15:46:05.710	30.065	72.555	184.1	1.148996	0.053192	0.235216	0.0615	0.6645	-0.093	0	266	265	3
2026-02-12	15:46:05.730	1.33	73.29	188.02	1.158756	0.016104	0.25742	0.0645	0.7005	-0.1065	0	266	265	3
2026-02-12	15:46:05.750	-25.76	74.55	188.23	1.265384	-0.040992	0.294752	0.0855	0.7185	-0.114	0	266	265	3
2026-02-12	15:46:05.770	-55.615	79.205	189.84	1.217804	-0.117364	0.286456	0.1035	0.7425	-0.117	0	266	265	3
2026-02-12	15:46:05.790	-74.34	82.04	190.925	1.148264	-0.219112	0.254736	0.123	0.777	-0.1215	0	266	265	3
2026-02-12	15:46:05.810	-75.355	83.615	188.93	1.104588	-0.316468	0.184708	0.1425	0.801	-0.1245	0	263	299	3
2026-02-12	15:46:05.830	-64.645	80.22	184.345	1.041392	-0.348432	0.112728	0.165	0.822	-0.123	0	263	299	3
2026-02-12	15:46:05.850	-30.8	70.56	174.16	0.92598	-0.372832	0.042456	0.165	0.822	-0.123	0	263	299	3
2026-02-12	15:46:05.870	4.55	63.07	162.925	0.97356	-0.420168	0.025132	0.219	0.8685	-0.1245	0	263	299	3
2026-02-12	15:46:05.890	42.98	57.995	150.185	1.008696	-0.426024	0.019764	0.246	0.876	-0.129	0	263	299	3
2026-02-12	15:46:05.910	66.955	55.265	137.55	0.938424	-0.393572	0.029768	0.2655	0.8955	-0.1425	0	263	299	3
2026-02-12	15:46:05.930	77.805	49.875	123.935	0.89914	-0.368196	0.038796	0.2955	0.9045	-0.15	0	263	299	3
2026-02-12	15:46:05.950	75.705	43.47	108.43	0.86742	-0.363072	0.058072	0.3075	0.903	-0.168	0	263	299	3
2026-02-12	15:46:05.970	68.46	36.33	93.275	0.841068	-0.368684	0.092476	0.3255	0.9015	-0.1755	0	263	299	3
2026-02-12	15:46:05.990	59.29	29.05	80.29	0.810568	-0.353312	0.130052	0.3345	0.9075	-0.1905	0	263	299	3
2026-02-12	15:46:06.010	49.21	22.54	69.16	0.769332	-0.33794	0.154452	0.351	0.906	-0.1935	0	262	295	3
2026-02-12	15:46:06.030	38.745	15.54	58.975	0.736392	-0.323544	0.166896	0.3675	0.906	-0.1995	0	262	295	3
2026-02-12	15:46:06.050	28.455	6.335	46.55	0.706136	-0.328912	0.162992	0.366	0.9015	-0.201	0	262	295	3
2026-02-12	15:46:06.070	25.655	-2.485	33.81	0.680516	-0.323056	0.172752	0.366	0.897	-0.2025	0	262	295	3
2026-02-12	15:46:06.090	27.755	-9.52	22.96	0.662216	-0.308416	0.173728	0.3765	0.909	-0.204	0	262	295	3
2026-02-12	15:46:06.110	30.8	-16.345	11.235	0.659776	-0.293044	0.1769	0.381	0.9045	-0.21	0	262	295	3
2026-02-12	15:46:06.130	35.385	-22.785	-0.875	0.667584	-0.294996	0.201544	0.381	0.9	-0.2085	0	262	295	3
2026-02-12	15:46:06.150	45.045	-28.63	-12.53	0.685884	-0.296216	0.235704	0.39	0.903	-0.2175	0	262	295	3
2026-02-12	15:46:06.170	56.84	-33.495	-22.435	0.682712	-0.285724	0.273036	0.384	0.8985	-0.225	0	262	295	3
2026-02-12	15:46:06.190	69.265	-39.235	-32.13	0.693204	-0.263276	0.28304	0.372	0.8895	-0.2295	0	262	295	3
2026-02-12	15:46:06.210	79.275	-46.06	-43.26	0.728096	-0.237656	0.293532	0.372	0.879	-0.234	0	262	269	3
2026-02-12	15:46:06.230	88.445	-52.57	-56.07	0.783972	-0.246196	0.3355	0.357	0.867	-0.2355	0	262	269	3
2026-02-12	15:46:06.250	101.71	-57.82	-67.445	0.864736	-0.252784	0.385032	0.348	0.864	-0.246	0	262	269	3
2026-02-12	15:46:06.270	118.125	-62.825	-82.075	0.984052	-0.183244	0.428952	0.348	0.864	-0.246	0	262	269	3
2026-02-12	15:46:06.290	112.91	-65.94	-91.875	1.054812	-0.119316	0.413824	0.348	0.864	-0.246	0	262	269	3
2026-02-12	15:46:06.310	94.395	-69.58	-103.075	1.1163	-0.07124799	0.434808	0.3015	0.8145	-0.276	0	262	269	3
2026-02-12	15:46:06.330	68.04	-71.75	-112.63	1.11996	-0.064172	0.458232	0.2865	0.804	-0.273	0	262	269	3
2026-02-12	15:46:06.350	42.385	-74.795	-118.16	1.080432	-0.067588	0.478728	0.2655	0.786	-0.2745	0	262	269	3
2026-02-12	15:46:06.370	18.725	-77.595	-118.055	1.0248	-0.064904	0.49654	0.243	0.768	-0.2715	0	262	269	3
2026-02-12	15:46:06.390	-3.395	-80.64	-114.415	0.977708	-0.049532	0.480436	0.2295	0.762	-0.27	0	262	269	3
2026-02-12	15:46:06.410	-23.45	-86.835	-111.72	0.996008	-0.050264	0.466528	0.2175	0.753	-0.2715	0	263	265	3
2026-02-12	15:46:06.430	-38.675	-91.56	-110.215	1.007964	-0.110288	0.467016	0.1935	0.7395	-0.252	0	263	265	3
2026-02-12	15:46:06.450	-38.675	-96.215	-108.605	1.05408	-0.145424	0.476288	0.177	0.7335	-0.2475	0	263	265	3
2026-02-12	15:46:06.470	-28.175	-99.925	-107.975	1.170224	-0.18056	0.518988	0.1635	0.7305	-0.2295	0	263	265	3
2026-02-12	15:46:06.490	-10.01	-94.535	-104.755	1.192184	-0.211304	0.570716	0.1635	0.7305	-0.2295	0	263	265	3
2026-02-12	15:46:06.510	-3.92	-87.71	-100.03	1.155096	-0.19398	0.564372	0.1335	0.7095	-0.2115	0	263	265	3
2026-02-12	15:46:06.530	-4.515	-78.19	-94.185	1.081652	-0.17324	0.554856	0.1215	0.6945	-0.1935	0	263	265	3
2026-02-12	15:46:06.550	-10.15	-67.76	-86.905	0.981124	-0.129076	0.5246	0.1005	0.6825	-0.189	0	263	265	3
2026-02-12	15:46:06.570	-24.255	-61.845	-80.08	0.925248	-0.068808	0.45872	0.0945	0.6705	-0.18	0	263	265	3
2026-02-12	15:46:06.590	-43.575	-61.11	-76.79	0.928664	-0.045384	0.416996	0.0855	0.663	-0.174	0	263	265	3
2026-02-12	15:46:06.610	-59.395	-63.175	-75.11	0.914512	-0.115412	0.422364	0.0705	0.6615	-0.1635	0	263	297	3
2026-02-12	15:46:06.630	-53.865	-67.865	-70.28	0.906948	-0.23546	0.523136	0.072	0.6525	-0.1575	0	263	297	3
2026-02-12	15:46:06.650	-21.735	-72.03	-61.74	0.915	-0.3355	0.708576	0.063	0.6435	-0.1335	0	263	297	3
2026-02-12	15:46:06.670	26.635	-69.3	-51.45	0.901824	-0.344528	0.876692	0.0645	0.6345	-0.132	0	263	297	3
2026-02-12	15:46:06.690	68.635	-55.58	-35.245	0.84546	-0.226188	0.86986	0.051	0.63	-0.1245	0	263	297	3
2026-02-12	15:46:06.710	72.03	-43.365	-18.935	0.759816	-0.099796	0.775676	0.051	0.63	-0.1245	0	263	297	3
2026-02-12	15:46:06.730	51.38	-34.755	-8.47	0.655384	-0.062708	0.711016	0.045	0.6135	-0.114	0	263	297	3
2026-02-12	15:46:06.750	35.595	-28.455	-1.75	0.651724	-0.039528	0.66246	0.0435	0.609	-0.099	0	263	297	3
2026-02-12	15:46:06.770	25.445	-20.65	1.33	0.716384	-0.022448	0.631472	0.048	0.6135	-0.1065	0	263	297	3
2026-02-12	15:46:06.790	17.325	-8.925	2.03	0.831308	-0.003172	0.587064	0.0345	0.6135	-0.093	0	263	297	3
2026-02-12	15:46:06.810	5.145	1.575	1.61	0.961848	0.03782	0.47702	0.042	0.609	-0.1005	0	263	359	3
2026-02-12	15:46:06.830	-15.855	9.87	-3.85	1.154852	0.016836	0.393816	0.0315	0.609	-0.1005	0	263	359	3
2026-02-12	15:46:06.850	-35.525	21.035	-8.89	1.306376	-0.07076	0.376492	0.033	0.612	-0.1005	0	263	359	3
2026-02-12	15:46:06.870	-42.7	34.965	-10.36	1.540616	-0.164212	0.361364	0.0405	0.6105	-0.09	0	263	359	3
2026-02-12	15:46:06.890	-54.845	52.01	-4.095	1.667252	-0.167872	0.304512	0.0405	0.606	-0.1035	0	263	359	3
2026-02-12	15:46:06.910	-126	74.655	24.29	1.43594	-0.196176	0.223016	0.048	0.6135	-0.111	0	263	359	3
2026-02-12	15:46:06.930	-165.375	78.645	51.87	1.257088	-0.281332	0.235948	0.0525	0.621	-0.117	0	263	359	3
2026-02-12	15:46:06.950	-164.99	69.965	85.855	1.169004	-0.2867	0.295728	0.0495	0.6345	-0.1185	0	263	359	3
2026-02-12	15:46:06.970	-145.74	59.01	118.16	1.175348	-0.228872	0.35502	0.0675	0.6555	-0.129	0	263	359	3
2026-02-12	15:46:06.990	-132.02	52.64	144.9	1.157048	-0.163968	0.368684	0.0645	0.684	-0.129	0	263	359	3
2026-02-12	15:46:07.010	-129.675	44.59	164.57	1.116056	-0.135908	0.333304	0.078	0.702	-0.117	0	265	406	3
2026-02-12	15:46:07.030	-133.28	32.585	177.765	1.087508	-0.163724	0.248392	0.09	0.72	-0.12	0	265	406	3
2026-02-12	15:46:07.050	-130.06	18.165	185.045	1.06994	-0.232532	0.16592	0.1005	0.762	-0.117	0	265	406	3
2026-02-12	15:46:07.070	-108.955	6.055	186.62	1.032608	-0.30012	0.098088	0.1245	0.7905	-0.108	0	265	406	3
2026-02-12	15:46:07.090	-72.31	-4.27	184.1	1.005768	-0.361608	0.04758	0.1335	0.8175	-0.0975	0	265	406	3
2026-02-12	15:46:07.110	-24.01	-10.465	178.92	1.004548	-0.45994	0.013664	0.1545	0.84	-0.093	0	265	406	3
2026-02-12	15:46:07.130	56.84	-12.32	168.105	0.99064	-0.526308	0.004392	0.174	0.864	-0.087	0	265	406	3
2026-02-12	15:46:07.150	105.07	-10.045	160.44	1.017724	-0.583892	0.02196	0.195	0.8775	-0.096	0	265	406	3
2026-02-12	15:46:07.170	146.755	-5.32	152.705	1.043832	-0.599752	0.045628	0.222	0.8955	-0.096	0	265	406	3
2026-02-12	15:46:07.190	199.675	10.885	145.53	1.069696	-0.762988	0.047824	0.2445	0.8955	-0.111	0	265	406	3
2026-02-12	15:46:07.210	277.375	25.025	141.715	0.998448	-0.709796	0.068808	0.267	0.903	-0.1425	0	270	397	3
2026-02-12	15:46:07.230	318.01	28.525	137.165	0.973316	-0.525576	0.148108	0.279	0.885	-0.171	0	270	397	3
2026-02-12	15:46:07.250	305.095	38.29	130.515	0.926468	-0.395768	0.216184	0.291	0.8835	-0.2145	0	270	397	3
2026-02-12	15:46:07.270	261.765	46.97	122.465	0.854976	-0.291092	0.284992	0.324	0.8655	-0.2505	0	270	397	3
2026-02-12	15:46:07.290	202.895	47.005	113.68	0.797636	-0.252052	0.313296	0.336	0.843	-0.273	0	270	397	3
2026-02-12	15:46:07.310	149.765	41.16	104.02	0.734196	-0.209352	0.33062	0.357	0.8205	-0.294	0	270	397	3
2026-02-12	15:46:07.330	85.365	30.45	90.09	0.683444	-0.170068	0.342332	0.372	0.816	-0.312	0	270	397	3
2026-02-12	15:46:07.350	24.36	21.07	77.035	0.615368	-0.188856	0.330132	0.3825	0.804	-0.3195	0	270	397	3
2026-02-12	15:46:07.370	-11.515	6.965	67.025	0.570716	-0.197884	0.32452	0.39	0.7965	-0.3195	0	270	397	3
2026-02-12	15:46:07.390	-38.78	-8.645	55.3	0.560956	-0.220332	0.328912	0.4035	0.792	-0.3195	0	270	397	3
2026-02-12	15:46:07.410	-57.225	-22.995	41.265	0.569984	-0.252296	0.33428	0.405	0.804	-0.321	0	276	357	2
2026-02-12	15:46:07.430	-64.54	-34.16	26.88	0.588772	-0.310124	0.33794	0.408	0.813	-0.306	0	276	357	2
2026-02-12	15:46:07.450	-55.16	-40.04	13.195	0.630252	-0.370392	0.350628	0.4035	0.819	-0.3105	0	276	357	2
2026-02-12	15:46:07.470	-30.555	-41.72	0.035	0.668804	-0.412604	0.386008	0.4065	0.828	-0.3015	0	276	357	2
2026-02-12	15:46:07.490	3.71	-39.76	-11.935	0.69662	-0.427976	0.4148	0.396	0.837	-0.291	0	276	357	2
2026-02-12	15:46:07.510	38.045	-37.59	-21.875	0.730292	-0.38064	0.412116	0.3945	0.828	-0.3	0	276	357	2
2026-02-12	15:46:07.530	60.27	-37.275	-29.575	0.754448	-0.31842	0.3904	0.3915	0.825	-0.306	0	276	357	2
2026-02-12	15:46:07.550	86.835	-41.93	-38.71	0.807884	-0.24522	0.343308	0.378	0.8145	-0.306	0	276	357	2
2026-02-12	15:46:07.570	104.195	-47.6	-46.34	0.896944	-0.172752	0.348676	0.378	0.81	-0.315	0	276	357	2
2026-02-12	15:46:07.590	114.345	-49.28	-54.215	0.924028	-0.154696	0.387716	0.3645	0.807	-0.321	0	276	357	2
2026-02-12	15:46:07.610	123.235	-58.31	-60.025	0.952332	-0.137372	0.41236	0.345	0.7785	-0.3225	0	281	333	2
2026-02-12	15:46:07.630	124.88	-71.82	-65.59	1.026264	-0.05002	0.43798	0.3435	0.759	-0.3255	0	281	333	2
2026-02-12	15:46:07.650	101.325	-79.555	-70.7	1.028216	0.019276	0.447496	0.318	0.7425	-0.3405	0	281	333	2
2026-02-12	15:46:07.670	57.89	-84.56	-76.37	0.995276	0.034404	0.44286	0.3225	0.723	-0.342	0	281	333	2
2026-02-12	15:46:07.690	10.465	-86.345	-81.83	0.952332	0.020252	0.434076	0.288	0.7095	-0.342	0	281	333	2
2026-02-12	15:46:07.710	-31.745	-86.17	-85.96	0.953064	0.007564	0.394548	0.273	0.699	-0.342	0	281	333	2
2026-02-12	15:46:07.730	-67.76	-84.245	-89.6	0.975512	0.011468	0.339648	0.255	0.7065	-0.336	0	281	333	2
2026-02-12	15:46:07.750	-98.56	-81.55	-95.2	0.998204	-0.012688	0.29402	0.2445	0.7035	-0.3135	0	281	333	2
2026-02-12	15:46:07.770	-129.29	-80.395	-107.87	1.055788	-0.06734399	0.28426	0.2445	0.7035	-0.3135	0	281	333	2
2026-02-12	15:46:07.790	-140.595	-79.555	-117.845	1.119716	-0.1098	0.294508	0.2085	0.7125	-0.2955	0	281	333	2
2026-02-12	15:46:07.810	-147.98	-76.51	-128.1	1.188524	-0.148352	0.309148	0.201	0.726	-0.2745	0	284	333	3
2026-02-12	15:46:07.830	-153.09	-70.91	-136.92	1.210728	-0.204716	0.321836	0.177	0.7245	-0.2535	0	284	333	3
2026-02-12	15:46:07.850	-154.945	-63.805	-143.185	1.1773	-0.263032	0.33062	0.165	0.729	-0.237	0	284	333	3
2026-02-12	15:46:07.870	-152.355	-57.54	-146.23	1.114836	-0.289628	0.332572	0.153	0.7275	-0.219	0	284	333	3
2026-02-12	15:46:07.890	-148.75	-53.9	-146.93	1.067012	-0.285968	0.343552	0.1365	0.717	-0.2115	0	284	333	3
2026-02-12	15:46:07.910	-145.145	-50.75	-146.23	1.005768	-0.279136	0.35746	0.1275	0.7185	-0.1965	0	284	333	3
2026-02-12	15:46:07.930	-146.825	-52.745	-146.405	1.004548	-0.261324	0.344284	0.105	0.711	-0.189	0	284	333	3
2026-02-12	15:46:07.950	-164.71	-54.705	-152.32	1.004548	-0.37576	0.377956	0.09	0.702	-0.171	0	284	333	3
2026-02-12	15:46:07.970	-188.615	-46.375	-152.46	0.952576	-0.510692	0.42212	0.093	0.6885	-0.1545	0	284	333	3
2026-02-12	15:46:07.990	-193.095	-33.285	-143.885	0.868884	-0.530456	0.382104	0.0795	0.6795	-0.1365	0	284	333	3
2026-02-12	15:46:08.010	-190.225	-30.905	-132.475	0.767136	-0.467992	0.247904	0.066	0.672	-0.1185	0	284	340	3
2026-02-12	15:46:08.030	-175.945	-38.465	-121.485	0.8296	-0.569008	0.243268	0.063	0.666	-0.117	0	284	340	3
2026-02-12	15:46:08.050	-129.71	-42.42	-103.32	0.942084	-0.703208	0.407968	0.051	0.6585	-0.102	0	284	340	3
2026-02-12	15:46:08.070	-72.065	-45.36	-73.22	0.987712	-0.691008	0.557052	0.0495	0.645	-0.096	0	284	340	3
2026-02-12	15:46:08.090	-25.235	-50.015	-40.32	1.057252	-0.554856	0.584136	0.0405	0.6435	-0.0795	0	284	340	3
2026-02-12	15:46:08.110	-0.98	-54.705	-12.005	1.155584	-0.409432	0.543632	0.0375	0.6405	-0.0765	0	284	340	3
2026-02-12	15:46:08.130	10.43	-54.355	10.43	1.182668	-0.390644	0.620736	0.033	0.639	-0.063	0	284	340	3
2026-02-12	15:46:08.150	36.715	-46.655	30.135	1.128988	-0.433344	0.705892	0.0345	0.6435	-0.0495	0	284	340	3
2026-02-12	15:46:08.170	75.285	-36.645	46.69	1.147532	-0.42334	0.721996	0.03	0.6435	-0.0585	0	284	340	3
2026-02-12	15:46:08.190	96.565	-15.19	67.69	1.313208	-0.262788	0.54778	0.0315	0.651	-0.048	0	284	340	3
2026-02-12	15:46:08.210	66.57	3.85	78.785	1.380064	-0.188368	0.38674	0.0345	0.6585	-0.0465	0	283	357	3
2026-02-12	15:46:08.230	30.1	23.135	90.02	1.372988	-0.161772	0.241316	0.039	0.666	-0.045	0	283	357	3
2026-02-12	15:46:08.250	9.555	35.42	102.725	1.332728	-0.127856	0.1403	0.0405	0.6765	-0.0585	0	283	357	3
2026-02-12	15:46:08.270	-2.695	41.265	116.27	1.318332	-0.092964	0.109068	0.0375	0.6765	-0.063	0	283	357	3
2026-02-12	15:46:08.290	-18.235	44.485	131.6	1.25172	-0.053924	0.124928	0.0555	0.6945	-0.069	0	283	357	3
2026-02-12	15:46:08.310	-36.54	46.025	146.475	1.179984	-0.042944	0.203008	0.0675	0.7185	-0.0675	0	283	357	3
2026-02-12	15:46:08.330	-45.185	45.185	160.545	1.14558	-0.072468	0.233996	0.078	0.7335	-0.072	0	283	357	3
2026-02-12	15:46:08.350	-40.915	41.58	171.15	1.163636	-0.07076	0.227164	0.081	0.7665	-0.078	0	283	357	3
2026-02-12	15:46:08.370	-36.54	41.93	177.625	1.157292	-0.143716	0.238876	0.0945	0.783	-0.0705	0	283	357	3
2026-02-12	15:46:08.390	-17.99	49.14	181.58	1.137772	-0.35014	0.236192	0.1185	0.8145	-0.0825	0	283	357	3
2026-02-12	15:46:08.410	78.68	56.735	188.265	1.081164	-0.45872	0.03294	0.1185	0.8145	-0.0825	0	283	363	3
2026-02-12	15:46:08.430	118.86	55.475	184.52	1.053348	-0.35014	-0.050996	0.1185	0.8145	-0.0825	0	283	363	3
2026-02-12	15:46:08.450	124.915	53.83	173.53	1.028704	-0.286212	-0.05246	0.183	0.8625	-0.1155	0	283	363	3
2026-02-12	15:46:08.470	121.205	52.08	159.25	0.967948	-0.26962	0.010736	0.213	0.876	-0.141	0	283	363	3
2026-02-12	15:46:08.490	124.495	48.65	145.81	0.898408	-0.302316	0.063684	0.225	0.882	-0.153	0	283	363	3
2026-02-12	15:46:08.510	123.83	43.575	132.58	0.81862	-0.330376	0.11956	0.252	0.876	-0.174	0	283	363	3
2026-02-12	15:46:08.530	105.525	38.29	121.485	0.771528	-0.384788	0.19276	0.279	0.8835	-0.189	0	283	363	3
2026-02-12	15:46:08.550	78.645	34.65	113.4	0.768356	-0.434076	0.230336	0.2835	0.882	-0.201	0	283	363	3
2026-02-12	15:46:08.570	62.545	35.28	106.925	0.698084	-0.514352	0.216672	0.3135	0.882	-0.2115	0	283	363	3
2026-02-12	15:46:08.590	62.16	18.97	96.705	0.622688	-0.593164	0.193004	0.3285	0.8835	-0.2235	0	283	363	3
2026-02-12	15:46:08.610	52.675	-4.305	77.665	0.55998	-0.58072	0.209596	0.3405	0.8805	-0.231	0	285	336	2
2026-02-12	15:46:08.630	37.17	-19.145	60.83	0.564616	-0.606096	0.298656	0.3495	0.8775	-0.2355	0	285	336	2
2026-02-12	15:46:08.650	34.44	-24.78	53.025	0.593408	-0.582672	0.358436	0.3585	0.876	-0.2415	0	285	336	2
2026-02-12	15:46:08.670	33.775	-24.815	46.445	0.628056	-0.588284	0.385032	0.3615	0.885	-0.2445	0	285	336	2
2026-02-12	15:46:08.690	42.315	-23.135	40.985	0.654408	-0.608292	0.375028	0.363	0.879	-0.246	0	285	336	2
2026-02-12	15:46:08.710	56.14	-24.115	36.82	0.668804	-0.558516	0.367464	0.363	0.873	-0.2565	0	285	336	2
2026-02-12	15:46:08.730	64.12	-26.67	32.935	0.675392	-0.483852	0.384056	0.378	0.873	-0.2505	0	285	336	2
2026-02-12	15:46:08.750	62.51	-28.875	27.16	0.689056	-0.395524	0.393328	0.3765	0.867	-0.258	0	285	336	2
2026-02-12	15:46:08.770	50.855	-30.975	19.88	0.691252	-0.326228	0.407968	0.369	0.867	-0.2655	0	285	336	2
2026-02-12	15:46:08.790	33.285	-33.67	12.32	0.69784	-0.2623	0.4392	0.3825	0.8595	-0.273	0	285	336	2
2026-02-12	15:46:08.810	12.81	-33.95	4.34	0.725168	-0.228872	0.493856	0.372	0.855	-0.2745	0	288	312	2
2026-02-12	15:46:08.830	-9.135	-25.76	-6.965	0.770064	-0.25986	0.520452	0.366	0.855	-0.2715	0	288	312	2
2026-02-12	15:46:08.850	-14.385	-19.075	-12.81	0.804956	-0.256444	0.471652	0.3615	0.852	-0.2715	0	288	312	2
2026-02-12	15:46:08.870	-18.69	-15.785	-18.725	0.855464	-0.233508	0.408944	0.3585	0.849	-0.273	0	288	312	2
2026-02-12	15:46:08.890	-22.575	-15.575	-27.125	0.9028	-0.216184	0.35014	0.3495	0.843	-0.2595	0	288	312	2
2026-02-12	15:46:08.910	-25.655	-20.23	-41.055	1.01626	-0.15982	0.253272	0.3525	0.858	-0.2595	0	288	312	2
2026-02-12	15:46:08.930	-40.145	-31.29	-63	1.229272	-0.087108	0.141032	0.3375	0.858	-0.252	0	288	312	2
2026-02-12	15:46:08.950	-77.49	-39.095	-87.5	1.3725	0.043188	0.136152	0.3435	0.8505	-0.246	0	288	312	2
2026-02-12	15:46:08.970	-128.38	-35.14	-112.63	1.285392	0.080764	0.138348	0.318	0.8625	-0.2445	0	288	312	2
2026-02-12	15:46:08.990	-165.935	-33.355	-139.475	1.149972	0.122976	0.122976	0.306	0.8625	-0.2235	0	288	312	2
2026-02-12	15:46:09.010	-235.69	-36.05	-155.89	1.090192	-0.072712	0.00488	0.2865	0.87	-0.2085	0	292	304	3
2026-02-12	15:46:09.030	-284.13	-30.31	-159.145	1.035292	-0.217648	-0.089792	0.2565	0.879	-0.186	0	292	304	3
2026-02-12	15:46:09.050	-266.77	-18.585	-165.13	1.039684	-0.179096	-0.044164	0.2565	0.879	-0.186	0	292	304	3
2026-02-12	15:46:09.070	-222.11	-10.01	-172.62	1.143628	-0.249368	0.005124	0.231	0.8835	-0.132	0	292	304	3
2026-02-12	15:46:09.090	-163.87	2.065	-177.59	1.249524	-0.349408	0.03172	0.207	0.8895	-0.078	0	292	304	3
2026-02-12	15:46:09.110	-107.94	14.84	-178.85	1.284904	-0.406992	0.016104	0.1725	0.8715	-0.066	0	292	304	3
2026-02-12	15:46:09.130	-69.615	22.645	-179.06	1.353712	-0.392108	-0.01098	0.162	0.8685	-0.045	0	292	304	3
2026-02-12	15:46:09.150	-57.26	24.535	-179.585	1.386652	-0.328668	0.016592	0.132	0.8505	-0.0495	0	292	304	3
2026-02-12	15:46:09.170	-59.675	25.655	-180.355	1.358592	-0.374296	0.111996	0.117	0.825	-0.048	0	292	304	3
2026-02-12	15:46:09.190	-62.895	30.345	-177.8	1.27734	-0.4697	0.242048	0.099	0.8115	-0.042	0	292	304	3
2026-02-12	15:46:09.210	-70.945	32.445	-169.4	1.169004	-0.65514	0.349164	0.084	0.786	-0.0345	0	298	279	3
2026-02-12	15:46:09.230	-78.085	39.305	-155.365	1.051884	-0.59048	0.345016	0.069	0.7545	-0.045	0	298	279	3
2026-02-12	15:46:09.250	-113.925	44.03	-134.47	0.979904	-0.55144	0.145912	0.0645	0.7425	-0.036	0	298	279	3
2026-02-12	15:46:09.270	-155.435	39.48	-109.27	0.974292	-0.645136	-0.025376	0.054	0.729	-0.033	0	298	279	3
2026-02-12	15:46:09.290	-181.895	31.535	-87.78	0.998936	-0.654896	-0.036356	0.045	0.708	-0.033	0	298	279	3
2026-02-12	15:46:09.310	-206.15	25.515	-67.76	0.958676	-0.667096	0.004148	0.0465	0.7005	-0.036	0	298	279	3
2026-02-12	15:46:09.330	-221.69	23.625	-48.125	0.803248	-0.670024	0.018544	0.045	0.7035	-0.0225	0	298	279	3
2026-02-12	15:46:09.350	-224.14	20.58	-29.19	0.640744	-0.712724	0.000244	0.045	0.699	-0.0255	0	298	279	3
2026-02-12	15:46:09.370	-205.73	15.26	-15.4	0.571204	-0.769332	0.000244	0.0375	0.693	-0.0075	0	298	279	3
2026-02-12	15:46:09.390	-173.74	7.7	-7.07	0.573888	-0.84912	0.037332	0.0315	0.6915	-0.0015	0	298	279	3
2026-02-12	15:46:09.410	-129.71	1.225	-1.68	0.577548	-0.876692	0.080032	0.036	0.696	0.003	0	305	239	3
2026-02-12	15:46:09.430	-85.715	-6.755	0.21	0.6405	-0.876692	0.08295999	0.039	0.7035	0.0105	0	305	239	3
2026-02-12	15:46:09.450	-36.855	-17.78	-3.01	0.77836	-0.986736	0.113948	0.036	0.6945	0.015	0	305	239	3
2026-02-12	15:46:09.470	79.52	-29.225	-1.715	1.012356	-1.130208	0.214232	0.0315	0.7035	0.021	0	305	239	3
2026-02-12	15:46:09.490	176.82	-27.72	11.97	1.20414	-1.098244	0.202764	0.0315	0.7005	0.0165	0	305	239	3
2026-02-12	15:46:09.510	258.72	-23.625	39.935	1.332728	-0.870348	0.027572	0.0345	0.7005	0.006	0	305	239	3
2026-02-12	15:46:09.530	311.71	-26.04	71.435	1.646268	-0.594872	-0.105164	0.039	0.702	0	0	305	239	3
2026-02-12	15:46:09.550	319.585	-27.055	106.19	1.860012	-0.297924	-0.131272	0.042	0.7065	-0.0135	0	305	239	3
2026-02-12	15:46:09.570	283.99	-19.845	143.395	1.850252	-0.102968	-0.122244	0.0465	0.7215	-0.012	0	305	239	3
2026-02-12	15:46:09.590	228.095	-10.36	175.735	1.682136	0.042456	-0.079788	0.0525	0.7365	-0.0315	0	305	239	3
2026-02-12	15:46:09.610	171.57	-9.59	197.05	1.514996	0.139568	-0.018544	0.0615	0.7425	-0.0435	0	317	193	3
2026-02-12	15:46:09.630	121.905	-11.62	208.81	1.438868	0.067832	0.016104	0.0795	0.774	-0.0555	0	317	193	3
2026-02-12	15:46:09.650	101.395	-6.685	211.47	1.33224	-0.040504	0.084424	0.087	0.786	-0.0615	0	317	193	3
2026-02-12	15:46:09.670	99.855	-0.42	210.21	1.218292	-0.08174	0.131272	0.1155	0.81	-0.066	0	317	193	3
2026-02-12	15:46:09.690	81.935	6.79	203.105	1.100928	-0.106628	0.082228	0.1155	0.81	-0.066	0	317	193	3
2026-02-12	15:46:09.710	78.575	9.345	191.8	1.101416	-0.16226	0.021716	0.1485	0.8445	-0.078	0	317	193	3
2026-02-12	15:46:09.730	85.33	11.62	179.515	1.053348	-0.172508	-0.026352	0.1935	0.885	-0.096	0	317	193	3
2026-02-12	15:46:09.750	88.725	13.055	167.965	0.977464	-0.180072	-0.04514	0.2055	0.891	-0.1035	0	317	193	3
2026-02-12	15:46:09.770	88.935	12.915	153.965	0.900848	-0.1891	-0.03538	0.225	0.903	-0.1185	0	317	193	3
2026-02-12	15:46:09.790	89.565	9.975	136.78	0.899872	-0.233752	0.002196	0.249	0.915	-0.1275	0	317	193	3
2026-02-12	15:46:09.810	87.01	7.91	119.105	0.900604	-0.276696	0.045384	0.2745	0.9165	-0.1365	0	335	149	3
2026-02-12	15:46:09.830	77.14	5.915	103.355	0.863516	-0.339404	0.08906	0.2775	0.921	-0.1515	0	335	149	3
2026-02-12	15:46:09.850	63.315	2.135	90.615	0.840824	-0.388692	0.13054	0.3015	0.9225	-0.171	0	335	149	3
2026-02-12	15:46:09.870	51.975	-1.82	77.98	0.820572	-0.429928	0.156404	0.315	0.9165	-0.1725	0	335	149	3
2026-02-12	15:46:09.890	39.655	-4.375	62.685	0.782508	-0.493368	0.210816	0.3225	0.9255	-0.171	0	335	149	3
2026-02-12	15:46:09.910	33.565	-10.045	50.365	0.760548	-0.568032	0.231556	0.33	0.924	-0.177	0	335	149	3
2026-02-12	15:46:09.930	37.065	-13.615	42.315	0.754448	-0.553392	0.230336	0.342	0.9255	-0.1875	0	335	149	3
2026-02-12	15:46:09.950	36.575	-15.855	34.16	0.732	-0.530456	0.232776	0.351	0.9225	-0.189	0	335	149	3
2026-02-12	15:46:09.970	30.625	-18.62	26.355	0.71736	-0.49532	0.232776	0.354	0.9195	-0.189	0	335	149	3
2026-02-12	15:46:09.990	21.875	-21.98	18.55	0.720532	-0.468968	0.233996	0.3525	0.927	-0.1995	0	335	149	3
2026-02-12	15:46:10.010	13.965	-23.695	8.575	0.726388	-0.462624	0.234484	0.3525	0.927	-0.1995	0	351	125	2
2026-02-12	15:46:10.030	11.27	-23.275	2.59	0.719556	-0.448472	0.238144	0.3525	0.927	-0.1995	0	351	125	2
2026-02-12	15:46:10.050	7.385	-22.435	-4.865	0.697596	-0.432368	0.241072	0.357	0.918	-0.201	0	351	125	2
2026-02-12	15:46:10.070	3.185	-22.4	-12.075	0.683932	-0.427976	0.246684	0.3585	0.9225	-0.1935	0	351	125	2
2026-02-12	15:46:10.090	0.21	-22.855	-19.635	0.690276	-0.433588	0.240584	0.351	0.921	-0.2085	0	351	125	2
2026-02-12	15:46:10.110	1.12	-23.065	-32.41	0.691008	-0.434076	0.2379	0.348	0.9165	-0.195	0	351	125	2
2026-02-12	15:46:10.130	7.77	-24.36	-40.39	0.690764	-0.417484	0.237168	0.3435	0.915	-0.1965	0	351	125	2
2026-02-12	15:46:10.150	10.955	-27.86	-47.95	0.687104	-0.362096	0.259372	0.3315	0.9135	-0.1965	0	351	125	2
2026-02-12	15:46:10.170	9.835	-31.22	-57.54	0.732732	-0.358436	0.25254	0.321	0.9105	-0.1965	0	351	125	2
2026-02-12	15:46:10.190	14.42	-34.09	-67.165	0.80276	-0.399428	0.263764	0.318	0.9075	-0.1965	0	351	125	2
2026-02-12	15:46:10.210	33.005	-35.875	-74.69	0.879376	-0.444568	0.294752	0.3135	0.9075	-0.201	0	360	133	3
2026-02-12	15:46:10.230	58.345	-36.925	-80.85	0.968192	-0.39528	0.309148	0.291	0.8985	-0.207	0	360	133	3
2026-02-12	15:46:10.250	73.185	-36.855	-89.67	1.080432	-0.35502	0.320128	0.282	0.8865	-0.207	0	360	133	3
2026-02-12	15:46:10.270	77.77	-34.405	-97.335	1.152412	-0.327692	0.321104	0.276	0.8745	-0.2115	0	360	133	3
2026-02-12	15:46:10.290	72.52	-32.55	-100.765	1.17852	-0.269864	0.302804	0.2595	0.8655	-0.213	0	360	133	3
2026-02-12	15:46:10.310	59.395	-31.815	-101.535	1.152412	-0.219356	0.279624	0.246	0.8505	-0.225	0	360	133	3
2026-02-12	15:46:10.330	34.475	-30.66	-98.63	1.070428	-0.189832	0.304756	0.246	0.8505	-0.225	0	360	133	3
2026-02-12	15:46:10.350	12.46	-29.855	-93.625	0.997472	-0.127124	0.327936	0.2235	0.8295	-0.2265	0	360	133	3
2026-02-12	15:46:10.370	-26.53	-30.135	-87.955	0.949892	-0.05856	0.31354	0.195	0.804	-0.2235	0	360	133	3
2026-02-12	15:46:10.390	-70.49	-30.695	-84.56	0.970388	-0.056364	0.257908	0.189	0.798	-0.2205	0	360	133	3
2026-02-12	15:46:10.410	-93.695	-30.065	-84.91	1.036268	-0.110776	0.239852	0.1755	0.7935	-0.213	0	361	161	3
2026-02-12	15:46:10.430	-106.4	-29.47	-85.155	1.093608	-0.144936	0.228384	0.1695	0.801	-0.2055	0	361	161	3
2026-02-12	15:46:10.450	-119.91	-27.72	-85.505	1.090436	-0.204472	0.189344	0.1515	0.7995	-0.201	0	361	161	3
2026-02-12	15:46:10.470	-126.07	-26.425	-85.96	1.08702	-0.24766	0.156648	0.1485	0.7965	-0.1815	0	361	161	3
2026-02-12	15:46:10.490	-120.995	-24.885	-87.85	1.102148	-0.290116	0.15006	0.1305	0.7965	-0.1665	0	361	161	3
2026-02-12	15:46:10.510	-107.905	-21.21	-89.005	1.099708	-0.321592	0.182024	0.1215	0.7965	-0.1485	0	361	161	3
2026-02-12	15:46:10.530	-90.44	-14.805	-86.31	1.002108	-0.293776	0.197152	0.117	0.795	-0.1425	0	361	161	3
2026-02-12	15:46:10.550	-78.05	-11.27	-82.39	0.926956	-0.233508	0.182756	0.111	0.789	-0.135	0	361	161	3
2026-02-12	15:46:10.570	-69.65	-9.59	-80.71	0.899628	-0.21472	0.177876	0.099	0.7785	-0.1245	0	361	161	3
2026-02-12	15:46:10.590	-66.255	-9.03	-78.925	0.869616	-0.214232	0.1891	0.087	0.765	-0.1185	0	361	161	3
2026-02-12	15:46:10.610	-77	-8.82	-75.53	0.85278	-0.185928	0.194224	0.084	0.759	-0.117	0	355	188	3
2026-02-12	15:46:10.630	-94.5	-8.54	-73.465	0.859612	-0.163236	0.215696	0.0795	0.7575	-0.102	0	355	188	3
2026-02-12	15:46:10.650	-107.45	-7.805	-74.655	0.857172	-0.174216	0.244	0.075	0.7515	-0.099	0	355	188	3
2026-02-12	15:46:10.670	-121.45	-7.07	-75.25	0.862296	-0.296948	0.254248	0.069	0.747	-0.0915	0	355	188	3
2026-02-12	15:46:10.690	-124.775	-3.71	-73.5	0.854976	-0.393328	0.252784	0.0675	0.7365	-0.081	0	355	188	3
2026-02-12	15:46:10.710	-116.55	-0.49	-72.17	0.836188	-0.398696	0.237412	0.0555	0.7365	-0.066	0	355	188	3
2026-02-12	15:46:10.730	-111.685	-0.035	-72.835	0.835212	-0.353312	0.218136	0.0525	0.738	-0.063	0	355	188	3
2026-02-12	15:46:10.750	-129.5	-6.44	-76.545	0.889624	-0.404796	0.188368	0.0465	0.7245	-0.06	0	355	188	3
2026-02-12	15:46:10.770	-132.65	-9.59	-78.365	0.995764	-0.489708	0.197152	0.045	0.717	-0.051	0	355	188	3
2026-02-12	15:46:10.790	-127.995	-9.345	-76.755	1.038464	-0.52216	0.231068	0.039	0.7095	-0.042	0	355	188	3
2026-02-12	15:46:10.810	-118.23	-10.71	-70.595	0.992348	-0.50874	0.26962	0.0285	0.702	-0.036	0	342	203	3
2026-02-12	15:46:10.830	-107.38	-18.025	-63.595	1.000888	-0.570228	0.32086	0.0225	0.696	-0.0315	0	342	203	3
2026-02-12	15:46:10.850	-89.04	-21.49	-51.87	1.051152	-0.704428	0.359656	0.0195	0.6945	-0.0075	0	342	203	3
2026-02-12	15:46:10.870	-51.625	-19.775	-37.52	1.12484	-0.807152	0.39894	0.0195	0.6975	-0.0075	0	342	203	3
2026-02-12	15:46:10.890	-0.035	-14.63	-16.695	1.232688	-0.787388	0.347944	0.024	0.6825	-0.0015	0	342	203	3
2026-02-12	15:46:10.910	48.545	-11.13	7.98	1.372988	-0.66612	0.256688	0.0165	0.6735	-0.0045	0	342	203	3
2026-02-12	15:46:10.930	80.64	-9.135	36.05	1.412516	-0.563396	0.192516	0.0165	0.6675	0	0	342	203	3
2026-02-12	15:46:10.950	100.835	-7.63	67.62	1.386652	-0.466772	0.165676	0.0165	0.681	0	0	342	203	3
2026-02-12	15:46:10.970	115.29	-7.105	115.43	1.287832	-0.304268	0.132736	0.0165	0.681	0	0	342	203	3
2026-02-12	15:46:10.990	120.12	-7	141.995	1.242692	-0.161528	0.139568	0.0225	0.7005	-0.006	0	342	203	3
2026-02-12	15:46:11.010	116.025	-5.775	159.46	1.24684	-0.102724	0.1464	0.033	0.7305	-0.0195	0	327	214	3
2026-02-12	15:46:11.030	98.105	-4.865	169.995	1.259772	-0.124684	0.11712	0.0435	0.75	-0.03	0	327	214	3
2026-02-12	15:46:11.050	77.315	-2.24	177.205	1.196332	-0.139324	0.074908	0.051	0.762	-0.0345	0	327	214	3
2026-02-12	15:46:11.070	63.315	-0.875	181.09	1.157536	-0.166408	0.05246	0.0675	0.7875	-0.03	0	327	214	3
2026-02-12	15:46:11.090	58.94	1.225	180.95	1.182424	-0.187148	0.03782	0.0915	0.81	-0.048	0	327	214	3
2026-02-12	15:46:11.110	58.975	4.97	178.465	1.120204	-0.164212	0.017568	0.1035	0.8355	-0.057	0	327	214	3
2026-02-12	15:46:11.130	58.8	6.51	173.32	1.06628	-0.189344	0.004148	0.123	0.8505	-0.0525	0	327	214	3
2026-02-12	15:46:11.150	64.26	7	164.885	1.108248	-0.279624	0.003416	0.1425	0.861	-0.063	0	327	214	3
2026-02-12	15:46:11.170	79.695	11.62	153.055	1.167052	-0.323056	0.016836	0.162	0.879	-0.0705	0	327	214	3
2026-02-12	15:46:11.190	96.04	19.67	141.19	1.098488	-0.297436	0.014396	0.183	0.891	-0.0825	0	327	214	3
2026-02-12	15:46:11.210	99.75	23.065	130.305	1.050176	-0.293776	-0.003416	0.2145	0.909	-0.099	0	314	205	3
2026-02-12	15:46:11.230	93.765	24.255	117.355	1.01626	-0.304756	-0.020252	0.234	0.9195	-0.111	0	314	205	3
2026-02-12	15:46:11.250	84.49	22.925	102.27	0.980392	-0.315004	-0.02074	0.252	0.9225	-0.129	0	314	205	3
2026-02-12	15:46:11.270	75.25	19.53	85.47	0.932568	-0.34038	0.013176	0.2595	0.9195	-0.138	0	314	205	3
2026-02-12	15:46:11.290	65.45	15.715	70.455	0.876936	-0.392108	0.048068	0.2775	0.921	-0.1545	0	314	205	3
2026-02-12	15:46:11.310	64.785	12.04	58.94	0.828624	-0.429928	0.072224	0.2805	0.9255	-0.1455	0	314	205	3
2026-02-12	15:46:11.330	73.885	8.96	50.365	0.79422	-0.392596	0.096868	0.294	0.9255	-0.153	0	314	205	3
2026-02-12	15:46:11.350	79.135	6.685	43.19	0.783972	-0.362096	0.11712	0.3045	0.918	-0.1665	0	314	205	3
2026-02-12	15:46:11.370	76.16	3.955	36.435	0.80032	-0.354532	0.112728	0.3195	0.915	-0.1905	0	314	205	3
2026-02-12	15:46:11.390	70.805	-1.505	26.635	0.823012	-0.356972	0.094428	0.3075	0.9135	-0.192	0	314	205	3
2026-02-12	15:46:11.410	70.525	-6.055	20.195	0.826184	-0.354044	0.104432	0.3105	0.9105	-0.2025	0	302	176	3
2026-02-12	15:46:11.430	78.645	-10.36	13.825	0.849608	-0.355264	0.149572	0.315	0.8985	-0.2145	0	302	176	3
2026-02-12	15:46:11.450	99.295	-11.83	8.085	0.855464	-0.333548	0.236192	0.318	0.888	-0.2205	0	302	176	3
2026-02-12	15:46:11.470	112.035	-13.475	4.305	0.871812	-0.31232	0.293532	0.3195	0.8835	-0.2295	0	302	176	3
2026-02-12	15:46:11.490	115.045	-15.085	1.82	0.88206	-0.299632	0.306464	0.3195	0.8835	-0.234	0	302	176	3
2026-02-12	15:46:11.510	123.235	-17.745	-2.345	0.898652	-0.244488	0.33794	0.3285	0.876	-0.2505	0	302	176	3
2026-02-12	15:46:11.530	127.715	-22.855	-10.115	0.943304	-0.196664	0.35868	0.321	0.8595	-0.2655	0	302	176	3
2026-02-12	15:46:11.550	112.875	-31.185	-20.44	1.043344	-0.223992	0.346236	0.3135	0.837	-0.2775	0	302	176	3
2026-02-12	15:46:11.570	88.375	-36.54	-31.15	1.084336	-0.21472	0.315004	0.3045	0.828	-0.285	0	302	176	3
2026-02-12	15:46:11.590	63.525	-40.005	-44.765	1.096292	-0.10736	0.289628	0.3	0.8235	-0.291	0	302	176	3
2026-02-12	15:46:11.610	19.88	-40.39	-62.965	1.009916	-0.067588	0.298412	0.3	0.8235	-0.291	0	292	163	3
2026-02-12	15:46:11.630	0.49	-39.655	-67.095	0.898164	-0.088816	0.306464	0.288	0.807	-0.291	0	292	163	3
2026-02-12	15:46:11.650	-11.165	-40.285	-65.835	0.833748	-0.110776	0.294996	0.2655	0.792	-0.285	0	292	163	3
2026-02-12	15:46:11.670	-21	-42	-63.21	0.82106	-0.13054	0.268156	0.249	0.789	-0.2835	0	292	163	3
2026-02-12	15:46:11.690	-28.14	-45.535	-61.495	0.85522	-0.150304	0.25254	0.2415	0.786	-0.2865	0	292	163	3
2026-02-12	15:46:11.710	-28.455	-48.615	-62.3	0.893284	-0.181048	0.259128	0.24	0.7875	-0.285	0	292	163	3
2026-02-12	15:46:11.730	-19.145	-49.595	-65.24	0.909144	-0.171044	0.278892	0.2295	0.78	-0.2595	0	292	163	3
2026-02-12	15:46:11.750	-2.625	-48.72	-70.07	0.926224	-0.157868	0.295972	0.219	0.7785	-0.264	0	292	163	3
2026-02-12	15:46:11.770	9.765	-47.81	-76.72	0.961848	-0.140788	0.323056	0.2085	0.7755	-0.264	0	292	163	3
2026-02-12	15:46:11.790	10.64	-45.885	-83.93	0.991128	-0.154452	0.359412	0.2085	0.7695	-0.2595	0	292	163	3
2026-02-12	15:46:11.810	21.21	-32.795	-89.81	0.967948	-0.23546	0.360388	0.195	0.7515	-0.2595	0	281	179	3
2026-02-12	15:46:11.830	36.33	-30.8	-93.17	0.899628	-0.138348	0.350628	0.18	0.7425	-0.2565	0	281	179	3
2026-02-12	15:46:11.850	21.035	-33.88	-96.04	0.871324	-0.067588	0.337208	0.159	0.7245	-0.2535	0	281	179	3
2026-02-12	15:46:11.870	-7.875	-37.905	-99.54	0.863516	-0.051972	0.329888	0.1515	0.708	-0.249	0	281	179	3
2026-02-12	15:46:11.890	-36.82	-44.17	-101.885	0.87352	-0.0427	0.328912	0.1425	0.702	-0.246	0	281	179	3
2026-02-12	15:46:11.910	-62.965	-50.75	-103.985	0.907192	-0.037088	0.343796	0.1335	0.6975	-0.243	0	281	179	3
2026-02-12	15:46:11.930	-89.88	-55.335	-105.315	0.943548	-0.047824	0.3721	0.132	0.6915	-0.237	0	281	179	3
2026-02-12	15:46:11.950	-119.42	-57.015	-105.49	0.97844	-0.077836	0.376004	0.117	0.6945	-0.225	0	281	179	3
2026-02-12	15:46:11.970	-152.355	-57.785	-104.405	0.957212	-0.107116	0.342088	0.108	0.6885	-0.2115	0	281	179	3
2026-02-12	15:46:11.990	-183.365	-59.29	-101.745	0.892796	-0.15616	0.296948	0.0915	0.6765	-0.1965	0	281	179	3
2026-02-12	15:46:12.010	-201.425	-64.015	-99.33	0.887428	-0.244488	0.281088	0.0915	0.6765	-0.1965	0	270	211	3
2026-02-12	15:46:12.030	-187.6	-68.39	-98.7	0.94672	-0.362096	0.343064	0.081	0.684	-0.1665	0	270	211	3
2026-02-12	15:46:12.050	-160.615	-69.055	-94.92	0.937936	-0.447984	0.403576	0.0735	0.6825	-0.15	0	270	211	3
2026-02-12	15:46:12.070	-118.265	-68.81	-87.22	0.949404	-0.510448	0.458476	0.057	0.678	-0.1215	0	270	211	3
2026-02-12	15:46:12.090	-59.22	-69.02	-79.73	1.03822	-0.500688	0.48434	0.045	0.675	-0.105	0	270	211	3
2026-02-12	15:46:12.110	4.13	-67.305	-74.165	1.122156	-0.511668	0.57462	0.039	0.6705	-0.09	0	270	211	3
2026-02-12	15:46:12.130	72.73	-58.59	-61.74	1.115568	-0.566568	0.693692	0.0345	0.663	-0.081	0	270	211	3
2026-02-12	15:46:12.150	145.32	-47.495	-42.175	1.212192	-0.597312	0.843508	0.0285	0.6525	-0.078	0	270	211	3
2026-02-12	15:46:12.170	201.25	-26.04	-16.94	1.259772	-0.630496	0.868396	0.036	0.6345	-0.078	0	270	211	3
2026-02-12	15:46:12.190	209.86	-2.695	14.49	1.37738	-0.5368	0.666852	0.027	0.627	-0.0735	0	270	211	3
2026-02-12	15:46:12.210	178.15	26.6	37.87	1.405196	-0.215208	0.487024	0.0255	0.6225	-0.0825	0	260	261	3
2026-02-12	15:46:12.230	128.485	55.93	56.875	1.31028	-0.12078	0.364292	0.024	0.6195	-0.0855	0	260	261	3
2026-02-12	15:46:12.250	67.655	74.585	86.905	1.214876	-0.020008	0.347212	0.024	0.6195	-0.0855	0	260	261	3
2026-02-12	15:46:12.270	16.975	78.19	104.685	1.17852	-0.042944	0.375516	0.03	0.627	-0.1005	0	260	261	3
2026-02-12	15:46:12.290	-39.025	77.84	119.63	1.189744	-0.09394	0.395524	0.048	0.642	-0.1215	0	260	261	3
2026-02-12	15:46:12.310	-87.43	76.685	132.755	1.250012	-0.16836	0.41602	0.063	0.6585	-0.132	0	260	261	3
2026-02-12	15:46:12.330	-122.395	77.91	146.405	1.271484	-0.239364	0.375272	0.072	0.6795	-0.1425	0	260	261	3
2026-02-12	15:46:12.350	-133.385	84.49	159.32	1.1956	-0.286212	0.285724	0.0765	0.69	-0.15	0	260	261	3
2026-02-12	15:46:12.370	-120.295	83.3	168.77	1.15412	-0.296216	0.191784	0.0945	0.717	-0.147	0	260	261	3
2026-02-12	15:46:12.390	-98.735	78.575	173.46	1.17852	-0.30134	0.119316	0.1125	0.75	-0.1515	0	260	261	3
2026-02-12	15:46:12.410	-75.81	74.55	174.16	1.189744	-0.308904	0.060756	0.1275	0.78	-0.1485	0	256	310	3
2026-02-12	15:46:12.430	-51.765	70.77	171.57	1.124596	-0.313052	0.012688	0.15	0.8025	-0.144	0	256	310	3
2026-02-12	15:46:12.450	-17.395	64.085	162.365	1.048224	-0.325008	-0.010004	0.1785	0.822	-0.1425	0	256	310	3
2026-02-12	15:46:12.470	15.085	57.68	147.525	1.0004	-0.349896	-0.003904	0.195	0.8385	-0.147	0	256	310	3
2026-02-12	15:46:12.490	40.81	53.97	133.28	0.9943	-0.39162	0.011224	0.2205	0.858	-0.1545	0	256	310	3
2026-02-12	15:46:12.510	63.77	50.225	119.665	1.047248	-0.387472	0.048312	0.2385	0.864	-0.1635	0	256	310	3
2026-02-12	15:46:12.530	76.86	47.355	106.75	1.048468	-0.36844	0.066124	0.261	0.87	-0.174	0	256	310	3
2026-02-12	15:46:12.550	79.765	43.575	96.285	0.992104	-0.345992	0.092476	0.2835	0.867	-0.18	0	256	310	3
2026-02-12	15:46:12.570	75.18	37.66	87.29	0.960872	-0.337208	0.107116	0.2925	0.861	-0.1815	0	256	310	3
2026-02-12	15:46:12.590	65.87	31.325	79.205	0.957456	-0.338672	0.112728	0.303	0.8745	-0.195	0	256	310	3
2026-02-12	15:46:12.610	57.995	25.06	71.715	0.937448	-0.340624	0.116632	0.3135	0.87	-0.198	0	256	311	3
2026-02-12	15:46:12.630	54.74	18.725	64.085	0.924028	-0.351116	0.121024	0.324	0.8655	-0.2085	0	256	311	3
2026-02-12	15:46:12.650	54.74	13.475	55.475	0.912072	-0.345016	0.116632	0.3315	0.8685	-0.216	0	256	311	3
2026-02-12	15:46:12.670	57.505	6.58	42.49	0.858636	-0.304756	0.116632	0.336	0.8625	-0.225	0	256	311	3
2026-02-12	15:46:12.690	59.85	0.595	34.72	0.820572	-0.276452	0.13054	0.3465	0.8565	-0.225	0	256	311	3
2026-02-12	15:46:12.710	61.845	-5.32	27.37	0.809592	-0.273768	0.167384	0.354	0.849	-0.231	0	256	311	3
2026-02-12	15:46:12.730	60.76	-9.87	20.265	0.784948	-0.267668	0.207644	0.3555	0.8475	-0.24	0	256	311	3
2026-02-12	15:46:12.750	57.785	-13.545	13.65	0.76372	-0.24522	0.23668	0.3555	0.849	-0.2445	0	256	311	3
2026-02-12	15:46:12.770	56.28	-17.185	6.79	0.748104	-0.24156	0.275476	0.354	0.846	-0.246	0	256	311	3
2026-02-12	15:46:12.790	59.745	-20.335	0.175	0.7137	-0.232776	0.312564	0.357	0.84	-0.246	0	256	311	3
2026-02-12	15:46:12.810	66.815	-24.955	-7.98	0.72468	-0.2074	0.322568	0.366	0.8385	-0.267	0	256	280	3
2026-02-12	15:46:12.830	71.295	-31.01	-18.795	0.793732	-0.205692	0.337452	0.354	0.8295	-0.258	0	256	280	3
2026-02-12	15:46:12.850	71.96	-36.435	-29.82	0.88084	-0.213744	0.368196	0.3525	0.8235	-0.264	0	256	280	3
2026-02-12	15:46:12.870	70.735	-39.41	-38.71	0.924272	-0.176168	0.41846	0.3465	0.81	-0.2715	0	256	280	3
2026-02-12	15:46:12.890	58.905	-43.33	-54.95	1.016748	-0.085888	0.427976	0.3465	0.81	-0.2715	0	256	280	3
2026-02-12	15:46:12.910	40.04	-44.135	-66.465	0.992592	-0.07686	0.40382	0.327	0.7965	-0.2775	0	256	280	3
2026-02-12	15:46:12.930	19.565	-46.375	-73.57	0.947208	-0.083936	0.387716	0.3075	0.777	-0.2865	0	256	280	3
2026-02-12	15:46:12.950	2.24	-50.155	-79.135	0.938912	-0.096624	0.408944	0.3	0.7695	-0.288	0	256	280	3
2026-02-12	15:46:12.970	-11.375	-52.92	-83.895	0.931592	-0.13054	0.435784	0.2925	0.7665	-0.2805	0	256	280	3
2026-02-12	15:46:12.990	-23.1	-57.295	-87.92	0.95038	-0.126392	0.449448	0.276	0.762	-0.2745	0	256	280	3
2026-02-12	15:46:13.010	-32.515	-60.585	-91.28	0.9699	-0.147376	0.442372	0.2595	0.759	-0.2745	0	256	268	3
2026-02-12	15:46:13.030	-33.495	-63.035	-94.36	0.987712	-0.14274	0.423096	0.252	0.762	-0.258	0	256	268	3
2026-02-12	15:46:13.050	-33.635	-63.665	-97.825	0.998936	-0.14274	0.403576	0.2415	0.759	-0.2595	0	256	268	3
2026-02-12	15:46:13.070	-37.87	-62.09	-101.78	0.989908	-0.147376	0.385032	0.2355	0.7455	-0.2535	0	256	268	3
2026-02-12	15:46:13.090	-46.76	-58.695	-106.155	0.973804	-0.136884	0.363316	0.213	0.7425	-0.2445	0	256	268	3
2026-02-12	15:46:13.110	-59.08	-54.915	-110.495	0.957944	-0.13054	0.341844	0.2025	0.7395	-0.237	0	256	268	3
2026-02-12	15:46:13.130	-69.09	-52.325	-114.205	0.949648	-0.146156	0.328668	0.1875	0.7335	-0.2235	0	256	268	3
2026-02-12	15:46:13.150	-76.055	-50.68	-117.6	0.956724	-0.153232	0.32818	0.174	0.726	-0.213	0	256	268	3
2026-02-12	15:46:13.170	-81.69	-49.77	-120.365	0.974536	-0.172264	0.33916	0.159	0.72	-0.2025	0	256	268	3
2026-02-12	15:46:13.190	-83.44	-49.665	-122.535	1.017724	-0.194712	0.368928	0.147	0.7185	-0.1875	0	256	268	3
2026-02-12	15:46:13.210	-82.285	-49.105	-123.655	1.069452	-0.202032	0.39528	0.138	0.7125	-0.1785	0	252	282	3
2026-02-12	15:46:13.230	-82.425	-47.04	-121.835	1.07482	-0.19764	0.3904	0.135	0.705	-0.1785	0	252	282	3
2026-02-12	15:46:13.250	-85.96	-45.675	-116.515	1.07116	-0.16836	0.350628	0.1185	0.6885	-0.171	0	252	282	3
2026-02-12	15:46:13.270	-93.45	-46.585	-109.9	1.075552	-0.136396	0.316468	0.111	0.678	-0.165	0	252	282	3
2026-02-12	15:46:13.290	-104.44	-48.265	-103.39	1.05408	-0.143228	0.315492	0.1065	0.675	-0.1515	0	252	282	3
2026-02-12	15:46:13.310	-113.96	-52.185	-93.8	0.997472	-0.15982	0.331596	0.102	0.6765	-0.1455	0	252	282	3
2026-02-12	15:46:13.330	-114.835	-55.265	-90.545	0.97844	-0.18544	0.346236	0.0915	0.666	-0.135	0	252	282	3
2026-02-12	15:46:13.350	-113.995	-58.625	-90.265	0.964776	-0.211792	0.335744	0.078	0.654	-0.117	0	252	282	3
2026-02-12	15:46:13.370	-107.135	-62.895	-93.94	0.977708	-0.245952	0.343064	0.069	0.648	-0.1005	0	252	282	3
2026-02-12	15:46:13.390	-91.07	-65.66	-98.105	0.954772	-0.279868	0.380884	0.066	0.6405	-0.087	0	252	282	3
2026-02-12	15:46:13.410	-66.955	-71.435	-102.515	1.017968	-0.268888	0.403576	0.06	0.6315	-0.075	0	244	306	3
2026-02-12	15:46:13.430	-38.465	-77.84	-109.2	1.130452	-0.34038	0.50508	0.0525	0.6195	-0.066	0	244	306	3
2026-02-12	15:46:13.450	0.84	-76.02	-109.2	1.11386	-0.43066	0.631716	0.0525	0.612	-0.0645	0	244	306	3
2026-02-12	15:46:13.470	54.32	-72.17	-99.085	1.172908	-0.474336	0.7076	0.0525	0.6045	-0.0495	0	244	306	3
2026-02-12	15:46:13.490	101.605	-58.8	-80.29	1.150704	-0.411628	0.701012	0.042	0.591	-0.042	0	244	306	3
2026-02-12	15:46:13.510	123.935	-41.09	-55.65	1.173152	-0.31964	0.61854	0.0465	0.5775	-0.0255	0	244	306	3
2026-02-12	15:46:13.530	105.56	-8.645	-4.445	1.12118	-0.25986	0.40992	0.0465	0.5775	-0.0255	0	244	306	3
2026-02-12	15:46:13.550	87.36	10.01	35.77	1.091656	-0.227408	0.359656	0.042	0.564	-0.021	0	244	306	3
2026-02-12	15:46:13.570	77.805	24.15	74.13	1.125084	-0.122244	0.334524	0.0435	0.5565	-0.015	0	244	306	3
2026-02-12	15:46:13.590	52.5	35.07	105.77	1.152656	-0.017324	0.30012	0.0465	0.5655	-0.0195	0	244	306	3
2026-02-12	15:46:13.610	7.315	45.745	130.06	1.184376	0.000244	0.278892	0.045	0.5775	-0.0285	0	234	336	3
2026-02-12	15:46:13.630	-34.195	54.32	149.695	1.208044	-0.058316	0.24278	0.0495	0.594	-0.0315	0	234	336	3
2026-02-12	15:46:13.650	-60.34	57.54	168.105	1.250988	-0.105408	0.191052	0.06	0.6165	-0.036	0	234	336	3
2026-02-12	15:46:13.670	-76.405	61.88	185.465	1.246352	-0.121024	0.1647	0.0645	0.6285	-0.039	0	234	336	3
2026-02-12	15:46:13.690	-77.945	65.94	198.975	1.179008	-0.135176	0.139568	0.069	0.6555	-0.0465	0	234	336	3
2026-02-12	15:46:13.710	-69.475	62.265	207.97	1.169004	-0.140788	0.121268	0.075	0.681	-0.054	0	234	336	3
2026-02-12	15:46:13.730	-57.575	55.685	209.86	1.197308	-0.177144	0.070028	0.09	0.7095	-0.0585	0	234	336	3
2026-02-12	15:46:13.750	-43.19	49.07	205.24	1.207556	-0.238632	0.01952	0.108	0.7425	-0.057	0	234	336	3
2026-02-12	15:46:13.770	-21.105	46.235	197.645	1.16876	-0.284748	-0.008296	0.1395	0.7875	-0.0555	0	234	336	3
2026-02-12	15:46:13.790	9.17	43.54	186.69	1.175836	-0.318176	-0.027816	0.165	0.81	-0.06	0	234	336	3
2026-02-12	15:46:13.810	39.515	41.58	173.705	1.293688	-0.345748	-0.036112	0.1845	0.822	-0.066	0	226	339	2
2026-02-12	15:46:13.830	58.765	44.695	161.665	1.326628	-0.30988	-0.039284	0.204	0.8325	-0.0705	0	226	339	2
2026-02-12	15:46:13.850	59.955	49.56	153.09	1.213412	-0.297192	-0.035136	0.225	0.846	-0.075	0	226	339	2
2026-02-12	15:46:13.870	57.015	50.12	144.095	1.121912	-0.315004	-0.017812	0.246	0.8565	-0.0825	0	226	339	2
2026-02-12	15:46:13.890	51.485	48.93	133.21	1.038464	-0.330864	-0.006344	0.261	0.8655	-0.087	0	226	339	2
2026-02-12	15:46:13.910	46.69	44.625	121.485	0.992592	-0.342576	0.014396	0.267	0.8745	-0.0915	0	226	339	2
2026-02-12	15:46:13.930	44.45	39.095	109.97	0.94062	-0.345504	0.045872	0.297	0.8775	-0.1035	0	226	339	2
2026-02-12	15:46:13.950	48.72	34.23	93.135	0.909388	-0.351116	0.152256	0.3135	0.8805	-0.1095	0	226	339	2
2026-02-12	15:46:13.970	61.285	38.64	80.43	0.972584	-0.36722	0.237168	0.324	0.8865	-0.114	0	226	339	2
2026-02-12	15:46:13.990	64.96	47.075	67.095	0.940376	-0.307684	0.200812	0.345	0.8925	-0.1245	0	226	339	2
2026-02-12	15:46:14.010	54.39	49.98	53.795	0.857416	-0.247416	0.117364	0.354	0.891	-0.1335	0	222	297	2
2026-02-12	15:46:14.030	37.205	43.89	39.97	0.828136	-0.213256	0.049288	0.3645	0.891	-0.138	0	222	297	2
2026-02-12	15:46:14.050	19.495	32.62	25.34	0.832284	-0.191784	0.034892	0.3705	0.8865	-0.141	0	222	297	2
2026-02-12	15:46:14.070	3.64	19.425	11.34	0.79422	-0.2074	0.061244	0.372	0.882	-0.144	0	222	297	2
2026-02-12	15:46:14.090	-4.515	3.465	-1.225	0.796416	-0.232288	0.121268	0.3795	0.8895	-0.15	0	222	297	2
2026-02-12	15:46:14.110	-1.785	-12.285	-13.685	0.874008	-0.259616	0.180316	0.3795	0.8925	-0.1545	0	222	297	2
2026-02-12	15:46:14.130	10.85	-25.13	-25.375	0.926712	-0.28914	0.22448	0.387	0.8805	-0.1425	0	222	297	2
2026-02-12	15:46:14.150	32.375	-34.79	-34.16	0.966728	-0.30378	0.24034	0.384	0.8895	-0.141	0	222	297	2
2026-02-12	15:46:14.170	64.33	-47.04	-46.13	1.07848	-0.231068	0.22082	0.384	0.8895	-0.141	0	222	297	2
2026-02-12	15:46:14.190	70.14	-50.855	-55.475	1.16876	-0.200324	0.200324	0.366	0.882	-0.1485	0	222	297	2
2026-02-12	15:46:14.210	65.38	-52.255	-64.75	1.182912	-0.160796	0.19886	0.3465	0.867	-0.1605	0	221	248	3
2026-02-12	15:46:14.230	53.9	-52.99	-74.48	1.099708	-0.132004	0.173484	0.339	0.8595	-0.1695	0	221	248	3
2026-02-12	15:46:14.250	37.94	-54.53	-82.32	0.946476	-0.10614	0.15494	0.33	0.8565	-0.1755	0	221	248	3
2026-02-12	15:46:14.270	18.375	-57.75	-89.6	0.851316	-0.061976	0.158356	0.321	0.8475	-0.1755	0	221	248	3
2026-02-12	15:46:14.290	-7.245	-60.76	-99.12	0.820328	-0.050508	0.171532	0.3015	0.8415	-0.1725	0	221	248	3
2026-02-12	15:46:14.310	-37.765	-62.615	-110.425	0.798856	-0.105896	0.184708	0.282	0.8355	-0.171	0	221	248	3
2026-02-12	15:46:14.330	-62.125	-65.485	-120.82	0.782508	-0.192028	0.205448	0.2745	0.8295	-0.1695	0	221	248	3
2026-02-12	15:46:14.350	-77.595	-69.37	-132.51	0.834968	-0.255956	0.246684	0.2565	0.8235	-0.1515	0	221	248	3
2026-02-12	15:46:14.370	-84.49	-67.69	-150.605	0.95648	-0.351604	0.3355	0.243	0.8175	-0.141	0	221	248	3
2026-02-12	15:46:14.390	-81.2	-56.385	-166.355	1.107516	-0.41724	0.413824	0.225	0.807	-0.132	0	221	248	3
2026-02-12	15:46:14.410	-101.325	-42.21	-170.625	1.17486	-0.394304	0.420656	0.201	0.7965	-0.1125	0	220	219	3
2026-02-12	15:46:14.430	-155.365	-26.67	-166.46	1.170956	-0.393084	0.352824	0.1845	0.7875	-0.102	0	220	219	3
2026-02-12	15:46:14.450	-216.44	-11.795	-155.96	1.111176	-0.380152	0.243024	0.168	0.7725	-0.093	0	220	219	3
2026-02-12	15:46:14.470	-256.9	-1.47	-144.305	1.04676	-0.380396	0.137128	0.1605	0.7665	-0.075	0	220	219	3
2026-02-12	15:46:14.490	-270.795	2.625	-132.51	1.011136	-0.373808	0.092232	0.1455	0.7635	-0.0555	0	220	219	3
2026-02-12	15:46:14.510	-270.2	1.96	-120.925	1.001132	-0.4209	0.092232	0.1305	0.7515	-0.036	0	220	219	3
2026-02-12	15:46:14.530	-258.09	2.205	-110.6	1.003328	-0.488244	0.11712	0.1215	0.738	-0.021	0	220	219	3
2026-02-12	15:46:14.550	-235.13	3.85	-101.815	1.009916	-0.535336	0.127368	0.114	0.7335	-0.018	0	220	219	3
2026-02-12	15:46:14.570	-206.78	7.14	-93.485	0.935496	-0.600728	0.114436	0.114	0.7305	-0.0015	0	220	219	3
2026-02-12	15:46:14.590	-167.475	8.435	-79.45	0.79788	-0.630984	0.08418	0.1035	0.717	0.0135	0	220	219	3
2026-02-12	15:46:14.610	-152.005	5.39	-72.905	0.81008	-0.614392	0.058072	0.0975	0.7065	0.018	0	220	209	3
2026-02-12	15:46:14.630	-134.435	0.525	-70.105	0.8601	-0.66612	0.06344	0.09	0.693	0.0285	0	220	209	3
2026-02-12	15:46:14.650	-99.015	-4.025	-67.375	0.9394	-0.726876	0.087108	0.087	0.69	0.0375	0	220	209	3
2026-02-12	15:46:14.670	-54.355	-8.995	-61.74	1.05896	-0.705648	0.12322	0.084	0.6825	0.0465	0	220	209	3
2026-02-12	15:46:14.690	-16.555	-14.35	-56.875	1.218048	-0.696132	0.198128	0.0855	0.672	0.051	0	220	209	3
2026-02-12	15:46:14.710	18.865	-16.625	-49.735	1.273436	-0.724192	0.268644	0.087	0.6675	0.051	0	220	209	3
2026-02-12	15:46:14.730	47.355	-19.425	-37.205	1.31516	-0.737368	0.30256	0.081	0.6615	0.054	0	220	209	3
2026-02-12	15:46:14.750	85.575	-19.845	-17.675	1.259772	-0.792756	0.326716	0.0765	0.6585	0.057	0	220	209	3
2026-02-12	15:46:14.770	129.5	-21.42	13.125	1.225124	-0.661728	0.273036	0.0765	0.6525	0.0495	0	220	209	3
2026-02-12	15:46:14.790	154.735	-24.5	49.21	1.292956	-0.448228	0.145424	0.09	0.648	0.0555	0	220	209	3
2026-02-12	15:46:14.810	159.355	-27.93	98.49	1.365912	-0.205204	0.022692	0.09	0.648	0.0555	0	223	201	3
2026-02-12	15:46:14.830	150.08	-25.585	124.6	1.351028	-0.134444	0.025864	0.093	0.672	0.054	0	223	201	3
2026-02-12	15:46:14.850	137.375	-19.53	145.67	1.27734	-0.038308	0.0244	0.0975	0.699	0.0465	0	223	201	3
2026-02-12	15:46:14.870	114.555	-13.195	157.64	1.198772	0.06954	0.043676	0.1035	0.714	0.0405	0	223	201	3
2026-02-12	15:46:14.890	78.89	-4.83	163.03	1.091168	0.020008	0.083448	0.117	0.732	0.039	0	223	201	3
2026-02-12	15:46:14.910	41.545	2.31	167.09	1.069696	-0.140544	0.096868	0.132	0.753	0.036	0	223	201	3
2026-02-12	15:46:14.930	9.695	5.145	171.22	1.135088	-0.212036	0.087108	0.1425	0.7695	0.0345	0	223	201	3
2026-02-12	15:46:14.950	-15.26	7.77	174.93	1.106052	-0.229604	0.060512	0.159	0.7845	0.0345	0	223	201	3
2026-02-12	15:46:14.970	-26.635	6.965	175.84	1.102148	-0.24522	0.033184	0.1725	0.795	0.0345	0	223	201	3
2026-02-12	15:46:14.990	-25.235	5.425	174.3	1.063352	-0.299632	0.002684	0.1965	0.8235	0.033	0	223	201	3
2026-02-12	15:46:15.010	-0.77	3.185	169.12	1.006988	-0.411872	-0.039772	0.201	0.831	0.036	0	230	185	3
2026-02-12	15:46:15.030	35.315	1.995	162.89	0.970144	-0.479704	-0.065392	0.219	0.8445	0.0345	0	230	185	3
2026-02-12	15:46:15.050	65.8	1.225	156.31	1.065792	-0.505812	-0.064172	0.2475	0.867	0.0345	0	230	185	3
2026-02-12	15:46:15.070	88.655	4.165	148.82	1.046272	-0.484828	-0.053924	0.267	0.8805	0.0345	0	230	185	3
2026-02-12	15:46:15.090	99.05	5.39	140.525	0.993812	-0.483364	-0.037088	0.285	0.8925	0.0255	0	230	185	3
2026-02-12	15:46:15.110	99.26	3.5	131.67	0.985028	-0.507764	-0.027572	0.306	0.903	0.0075	0	230	185	3
2026-02-12	15:46:15.130	94.43	1.365	121.415	0.962824	-0.525088	-0.001464	0.324	0.9105	0	0	230	185	3
2026-02-12	15:46:15.150	86.94	-0.63	111.405	0.927688	-0.535092	0.029768	0.339	0.9135	-0.0075	0	230	185	3
2026-02-12	15:46:15.170	76.825	-2.485	102.06	0.891332	-0.51972	0.048068	0.354	0.9165	-0.0165	0	230	185	3
2026-02-12	15:46:15.190	66.745	-3.15	93.345	0.854	-0.537532	0.057828	0.3585	0.9165	-0.0195	0	230	185	3
2026-02-12	15:46:15.210	61.6	-3.465	85.505	0.82472	-0.574376	0.057096	0.3735	0.9255	-0.0285	0	237	153	2
2026-02-12	15:46:15.230	60.375	-5.39	75.985	0.7442	-0.572912	0.044408	0.384	0.927	-0.0405	0	237	153	2
2026-02-12	15:46:15.250	61.88	-7.525	69.895	0.679784	-0.529968	0.057584	0.396	0.93	-0.045	0	237	153	2
2026-02-12	15:46:15.270	62.615	-10.15	63.035	0.625128	-0.480192	0.073932	0.414	0.9315	-0.054	0	237	153	2
2026-02-12	15:46:15.290	62.51	-13.895	54.075	0.611464	-0.452376	0.105408	0.423	0.9285	-0.0645	0	237	153	2
2026-02-12	15:46:15.310	64.05	-16.485	43.26	0.602436	-0.408944	0.158356	0.429	0.93	-0.072	0	237	153	2
2026-02-12	15:46:15.330	65.1	-18.55	30.73	0.6161	-0.358192	0.189588	0.4335	0.9315	-0.075	0	237	153	2
2026-02-12	15:46:15.350	61.565	-20.405	15.82	0.652456	-0.244976	0.20618	0.441	0.93	-0.0825	0	237	153	2
2026-02-12	15:46:15.370	52.57	-21.945	-4.515	0.705648	-0.127368	0.22448	0.447	0.9285	-0.0945	0	237	153	2
2026-02-12	15:46:15.390	41.72	-23.415	-27.475	0.763964	-0.069052	0.232776	0.4395	0.924	-0.1005	0	237	153	2
2026-02-12	15:46:15.410	29.295	-26.075	-50.4	0.848388	-0.128588	0.21472	0.432	0.921	-0.1035	0	243	127	2
2026-02-12	15:46:15.430	26.915	-28.49	-71.82	0.978928	-0.205692	0.188124	0.429	0.9255	-0.105	0	243	127	2
2026-02-12	15:46:15.450	43.365	-26.39	-96.39	1.100684	-0.1891	0.20008	0.429	0.9255	-0.105	0	243	127	2
2026-02-12	15:46:15.470	51.555	-24.885	-114.695	1.265384	-0.09857599	0.18178	0.411	0.915	-0.1095	0	243	127	2
2026-02-12	15:46:15.490	43.225	-23.695	-134.085	1.36884	-0.203252	0.18178	0.3795	0.9	-0.117	0	243	127	2
2026-02-12	15:46:15.510	44.59	-21.735	-143.395	1.250012	-0.257664	0.210328	0.3615	0.894	-0.126	0	243	127	2
2026-02-12	15:46:15.530	49.98	-22.925	-146.16	1.116544	-0.13908	0.230092	0.3405	0.8865	-0.1305	0	243	127	2
2026-02-12	15:46:15.550	39.2	-23.8	-145.915	1.030656	-0.079788	0.231068	0.3225	0.876	-0.132	0	243	127	2
2026-02-12	15:46:15.570	17.01	-26.285	-145.88	1.03578	-0.068808	0.22082	0.309	0.864	-0.1395	0	243	127	2
2026-02-12	15:46:15.590	-10.36	-28.56	-147.14	1.062132	-0.100772	0.210572	0.2955	0.8535	-0.141	0	243	127	2
2026-02-12	15:46:15.610	-34.055	-29.855	-150.22	1.102148	-0.136884	0.197152	0.291	0.849	-0.1395	0	250	126	3
2026-02-12	15:46:15.630	-48.3	-31.255	-157.08	1.177056	-0.151524	0.198372	0.261	0.837	-0.1365	0	250	126	3
2026-02-12	15:46:15.650	-59.5	-30.45	-170.135	1.238788	-0.19276	0.216672	0.255	0.8385	-0.132	0	250	126	3
2026-02-12	15:46:15.670	-67.2	-27.23	-183.785	1.266604	-0.20862	0.244	0.2325	0.822	-0.12	0	250	126	3
2026-02-12	15:46:15.690	-77.665	-22.75	-193.76	1.238544	-0.188368	0.243024	0.1995	0.801	-0.108	0	250	126	3
2026-02-12	15:46:15.710	-98.805	-18.655	-201.74	1.199504	-0.203008	0.209108	0.183	0.789	-0.102	0	250	126	3
2026-02-12	15:46:15.730	-124.075	-16.17	-207.76	1.16388	-0.21106	0.169336	0.171	0.7695	-0.0885	0	250	126	3
2026-02-12	15:46:15.750	-151.13	-15.47	-211.505	1.137772	-0.23912	0.148352	0.15	0.7515	-0.081	0	250	126	3
2026-02-12	15:46:15.770	-173.145	-15.96	-212.135	1.118008	-0.284016	0.143472	0.135	0.7365	-0.0735	0	250	126	3
2026-02-12	15:46:15.790	-185.815	-17.675	-209.02	1.131672	-0.364292	0.158844	0.1245	0.7155	-0.06	0	250	126	3
2026-02-12	15:46:15.810	-183.155	-17.36	-202.02	1.131672	-0.462624	0.211304	0.108	0.6975	-0.0495	0	255	140	3
2026-02-12	15:46:15.830	-165.795	-14.385	-189.49	1.079212	-0.526064	0.237168	0.099	0.69	-0.0465	0	255	140	3
2026-02-12	15:46:15.850	-141.365	-14	-174.86	1.073844	-0.523136	0.20008	0.096	0.6615	-0.0435	0	255	140	3
2026-02-12	15:46:15.870	-98.49	-19.635	-156.415	1.120448	-0.589504	0.210572	0.0855	0.6495	-0.033	0	255	140	3
2026-02-12	15:46:15.890	-59.115	-22.82	-139.615	1.065548	-0.684908	0.296704	0.084	0.633	-0.03	0	255	140	3
2026-02-12	15:46:15.910	-9.03	-24.255	-114.625	0.995764	-0.683688	0.363316	0.075	0.6045	-0.0225	0	255	140	3
2026-02-12	15:46:15.930	30.135	-31.605	-87.395	1.025288	-0.533384	0.477752	0.072	0.591	-0.0165	0	255	140	3
2026-02-12	15:46:15.950	41.895	-31.955	-61.215	1.017968	-0.47336	0.611708	0.072	0.579	-0.0105	0	255	140	3
2026-02-12	15:46:15.970	42.105	-28.91	-33.285	1.004304	-0.546804	0.610732	0.069	0.564	-0.006	0	255	140	3
2026-02-12	15:46:15.990	55.965	-26.46	-4.025	1.125328	-0.552416	0.556808	0.072	0.5625	-0.0045	0	255	140	3
2026-02-12	15:46:16.010	79.66	-16.1	32.34	1.276852	-0.474092	0.489952	0.0735	0.5625	-0.0015	0	258	170	3
2026-02-12	15:46:16.030	84.175	-8.82	54.67	1.364204	-0.36356	0.408944	0.075	0.567	0	0	258	170	3
2026-02-12	15:46:16.050	68.88	1.82	83.72	1.38104	-0.18422	0.328424	0.0765	0.5715	0	0	258	170	3
2026-02-12	15:46:16.070	33.95	12.74	115.535	1.219268	-0.10858	0.329644	0.069	0.579	-0.0045	0	258	170	3
2026-02-12	15:46:16.090	19.95	5.145	142.59	1.146556	-0.116876	0.399184	0.069	0.579	-0.0045	0	258	170	3
2026-02-12	15:46:16.110	21.77	0.49	164.395	1.146068	-0.145668	0.401136	0.0675	0.6045	-0.0015	0	258	170	3
2026-02-12	15:46:16.130	23.555	-2.38	186.445	1.097268	-0.146644	0.35746	0.0735	0.6405	0	0	258	170	3
2026-02-12	15:46:16.150	24.99	-5.53	204.225	1.06506	-0.160796	0.302072	0.087	0.66	0	0	258	170	3
2026-02-12	15:46:16.170	28.56	-6.72	215.04	1.091656	-0.137128	0.248148	0.0975	0.6825	0	0	258	170	3
2026-02-12	15:46:16.190	27.545	-5.005	219.87	1.156072	-0.120292	0.199348	0.1095	0.711	-0.0045	0	258	170	3
2026-02-12	15:46:16.210	22.89	1.05	221.34	1.26026	-0.141276	0.143472	0.12	0.741	-0.006	0	261	213	3
2026-02-12	15:46:16.230	21.49	10.92	221.76	1.328336	-0.186172	0.061488	0.129	0.7665	-0.003	0	261	213	3
2026-02-12	15:46:16.250	26.39	17.465	220.185	1.336876	-0.188612	0	0.1455	0.792	-0.009	0	261	213	3
2026-02-12	15:46:16.270	34.335	21.77	215.915	1.312476	-0.224968	-0.027816	0.1575	0.8055	-0.0165	0	261	213	3
2026-02-12	15:46:16.290	48.405	24.64	207.375	1.313696	-0.277184	-0.003172	0.174	0.8325	-0.018	0	261	213	3
2026-02-12	15:46:16.310	64.68	26.74	195.86	1.347612	-0.337696	0.01342	0.1995	0.8535	-0.0225	0	261	213	3
2026-02-12	15:46:16.330	79.24	31.71	187.005	1.222928	-0.346236	0.033184	0.2325	0.879	-0.0375	0	261	213	3
2026-02-12	15:46:16.350	98.7	35.875	177.59	1.130208	-0.376248	0.05856	0.2535	0.894	-0.0555	0	261	213	3
2026-02-12	15:46:16.370	126.21	43.12	166.845	1.0004	-0.428708	0.07198	0.279	0.9045	-0.0675	0	261	213	3
2026-02-12	15:46:16.390	142.415	41.79	155.785	0.947696	-0.45384	0.08174	0.3015	0.9105	-0.0825	0	261	213	3
2026-02-12	15:46:16.410	131.81	38.5	143.22	0.918172	-0.447984	0.087352	0.321	0.9135	-0.1035	0	263	226	3
2026-02-12	15:46:16.430	111.615	33.95	128.975	0.923296	-0.473604	0.070028	0.345	0.9195	-0.12	0	263	226	3
2026-02-12	15:46:16.450	99.715	27.37	115.78	0.90158	-0.4575	0.054656	0.3705	0.9195	-0.1305	0	263	226	3
2026-02-12	15:46:16.470	87.395	19.39	104.895	0.837408	-0.428464	0.048556	0.3825	0.915	-0.135	0	263	226	3
2026-02-12	15:46:16.490	70.98	10.01	94.43	0.782996	-0.408212	0.07808	0.3885	0.9195	-0.1575	0	263	226	3
2026-02-12	15:46:16.510	45.885	0.245	77.7	0.76006	-0.45994	0.13054	0.4095	0.909	-0.1725	0	263	226	3
2026-02-12	15:46:16.530	47.95	-4.34	65.24	0.72468	-0.479948	0.15372	0.414	0.912	-0.177	0	263	226	3
2026-02-12	15:46:16.550	59.815	-12.915	51.45	0.74664	-0.4453	0.166408	0.4275	0.9165	-0.186	0	263	226	3
2026-02-12	15:46:16.570	72.8	-20.825	35.49	0.763964	-0.377468	0.19032	0.4335	0.9165	-0.195	0	263	226	3
2026-02-12	15:46:16.590	78.365	-28.875	18.34	0.800808	-0.34404	0.214476	0.4305	0.9105	-0.207	0	263	226	3
2026-02-12	15:46:16.610	80.605	-35.105	0.875	0.882792	-0.311588	0.263764	0.4335	0.906	-0.219	0	264	209	3
2026-02-12	15:46:16.630	79.065	-38.64	-15.05	0.955504	-0.280356	0.2745	0.4365	0.9015	-0.2295	0	264	209	3
2026-02-12	15:46:16.650	74.865	-41.16	-27.475	0.937936	-0.244488	0.252052	0.429	0.888	-0.2445	0	264	209	3
2026-02-12	15:46:16.670	72.45	-47.635	-36.995	0.915244	-0.206668	0.231312	0.4185	0.879	-0.2535	0	264	209	3
2026-02-12	15:46:16.690	70.35	-57.26	-45.885	0.959896	-0.164944	0.219112	0.414	0.8775	-0.252	0	264	209	3
2026-02-12	15:46:16.710	64.19	-65.135	-56	1.065548	-0.130296	0.256444	0.405	0.867	-0.255	0	264	209	3
2026-02-12	15:46:16.730	41.79	-67.48	-71.96	1.104588	-0.033672	0.31842	0.405	0.867	-0.255	0	264	209	3
2026-02-12	15:46:16.750	14.14	-67.445	-84.21	1.075796	0.025376	0.306952	0.384	0.8565	-0.261	0	264	209	3
2026-02-12	15:46:16.770	-12.495	-67.97	-96.215	1.025532	-0.0183	0.324764	0.3525	0.843	-0.2655	0	264	209	3
2026-02-12	15:46:16.790	-23.275	-68.18	-104.79	0.9943	-0.06588	0.356728	0.333	0.8355	-0.264	0	264	209	3
2026-02-12	15:46:16.810	-21.175	-66.08	-109.41	0.993324	-0.097112	0.362096	0.315	0.8325	-0.2595	0	265	199	3
2026-02-12	15:46:16.830	-18.06	-62.965	-109.935	0.965508	-0.082716	0.318176	0.297	0.8295	-0.249	0	265	199	3
2026-02-12	15:46:16.850	-22.26	-64.19	-108.535	0.94184	-0.066856	0.232776	0.276	0.828	-0.243	0	265	199	3
2026-02-12	15:46:16.870	-29.015	-71.47	-109.585	0.96502	-0.1159	0.161772	0.258	0.8295	-0.2385	0	265	199	3
2026-02-12	15:46:16.890	-28.105	-80.465	-115.115	1.057984	-0.153476	0.15982	0.2415	0.8145	-0.231	0	265	199	3
2026-02-12	15:46:16.910	-22.68	-83.055	-122.815	1.115812	-0.143472	0.21594	0.2325	0.8025	-0.2295	0	265	199	3
2026-02-12	15:46:16.930	-30.275	-81.095	-132.79	1.1346	-0.112484	0.2684	0.207	0.804	-0.2115	0	265	199	3
2026-02-12	15:46:16.950	-55.825	-77.245	-143.43	1.131672	-0.152256	0.274012	0.186	0.7935	-0.2025	0	265	199	3
2026-02-12	15:46:16.970	-74.55	-71.995	-154.385	1.107516	-0.19398	0.267912	0.1605	0.777	-0.186	0	265	199	3
2026-02-12	15:46:16.990	-91.945	-66.045	-164.395	1.075064	-0.216184	0.243756	0.1485	0.765	-0.177	0	265	199	3
2026-02-12	15:46:17.010	-107.625	-59.535	-171.115	1.013088	-0.22326	0.19764	0.1335	0.7545	-0.162	0	263	204	3
2026-02-12	15:46:17.030	-127.12	-58.17	-176.26	1.009428	-0.196908	0.11468	0.1185	0.741	-0.141	0	263	204	3
2026-02-12	15:46:17.050	-153.44	-59.08	-178.29	1.086532	-0.346236	0.0854	0.1035	0.729	-0.1275	0	263	204	3
2026-02-12	15:46:17.070	-160.475	-55.615	-170.94	1.148752	-0.55876	0.160308	0.087	0.7155	-0.117	0	263	204	3
2026-02-12	15:46:17.090	-159.355	-50.4	-154.595	1.163148	-0.635376	0.25132	0.0765	0.699	-0.105	0	263	204	3
2026-02-12	15:46:17.110	-162.26	-43.68	-135.31	1.13704	-0.632692	0.317444	0.0765	0.6945	-0.096	0	263	204	3
2026-02-12	15:46:17.130	-168.91	-38.29	-117.425	1.108492	-0.63074	0.321836	0.072	0.6795	-0.0795	0	263	204	3
2026-02-12	15:46:17.150	-178.85	-40.775	-96.635	1.004548	-0.555588	0.208864	0.0585	0.669	-0.0705	0	263	204	3
2026-02-12	15:46:17.170	-179.2	-48.09	-85.89	1.009428	-0.65636	0.216428	0.0525	0.6615	-0.06	0	263	204	3
2026-02-12	15:46:17.190	-180.565	-52.115	-66.57	0.961116	-0.840336	0.243756	0.042	0.6495	-0.0435	0	263	204	3
2026-02-12	15:46:17.210	-172.025	-52.605	-35.7	0.91256	-0.881816	0.320372	0.039	0.6405	-0.0285	0	260	214	3
2026-02-12	15:46:17.230	-145.46	-49.805	-5.495	0.929396	-0.79666	0.354776	0.0345	0.6375	-0.012	0	260	214	3
2026-02-12	15:46:17.250	-132.3	-51.52	20.545	0.953308	-0.733952	0.383568	0.03	0.639	0	0	260	214	3
2026-02-12	15:46:17.270	-115.5	-55.65	38.92	0.974048	-0.851072	0.509472	0.0345	0.6435	0.0075	0	260	214	3
2026-02-12	15:46:17.290	-66.36	-53.375	55.055	1.0919	-0.877912	0.700524	0.0315	0.654	0.018	0	260	214	3
2026-02-12	15:46:17.310	-8.715	-39.13	71.96	1.222196	-0.847412	0.728096	0.027	0.6615	0.027	0	260	214	3
2026-02-12	15:46:17.330	39.795	-20.58	91.875	1.352736	-0.771528	0.596824	0.027	0.6615	0.0285	0	260	214	3
2026-02-12	15:46:17.350	67.725	-3.675	119.35	1.514996	-0.609268	0.39406	0.033	0.678	0.0465	0	260	214	3
2026-02-12	15:46:17.370	55.72	3.99	149.17	1.54818	-0.30256	0.232532	0.033	0.678	0.0465	0	260	214	3
2026-02-12	15:46:17.390	23.38	4.165	169.995	1.46278	-0.204228	0.159576	0.042	0.7035	0.039	0	260	214	3
2026-02-12	15:46:17.410	-1.12	-0.105	184.8	1.514264	-0.232044	0.116144	0.054	0.741	0.0315	0	261	237	3
2026-02-12	15:46:17.430	12.425	-3.045	194.705	1.687992	-0.365756	0.046848	0.063	0.7665	0.0255	0	261	237	3
2026-02-12	15:46:17.450	81.13	-4.76	206.78	1.618452	-0.368196	-0.022692	0.0855	0.792	0.0195	0	261	237	3
2026-02-12	15:46:17.470	145.04	-6.685	217.595	1.50426	-0.182512	0.066124	0.1065	0.8205	0.0195	0	261	237	3
2026-02-12	15:46:17.490	151.445	-2.975	221.76	1.362984	-0.102724	0.111264	0.1215	0.849	0.009	0	261	237	3
2026-02-12	15:46:17.510	137.2	2.38	223.755	1.231712	-0.102236	0.05124	0.144	0.8715	-0.0105	0	261	237	3
2026-02-12	15:46:17.530	133.42	3.675	220.15	1.11142	-0.061244	-0.055876	0.1755	0.8985	-0.0255	0	261	237	3
2026-02-12	15:46:17.550	148.855	8.82	209.055	0.982588	-0.238388	-0.132736	0.192	0.915	-0.033	0	261	237	3
2026-02-12	15:46:17.570	190.33	10.885	189.455	1.015528	-0.28914	-0.143472	0.2085	0.924	-0.0525	0	261	237	3
2026-02-12	15:46:17.590	191.45	10.815	165.795	0.986736	-0.248636	-0.088816	0.2385	0.936	-0.081	0	261	237	3
2026-02-12	15:46:17.610	163.8	12.88	147.385	0.86498	-0.2745	-0.04148	0.2805	0.9525	-0.1245	0	269	240	3
2026-02-12	15:46:17.630	138.705	11.585	129.71	0.770796	-0.311832	-0.000732	0.306	0.9525	-0.147	0	269	240	3
2026-02-12	15:46:17.650	125.23	7.91	112.245	0.722484	-0.346968	0.003416	0.3285	0.9495	-0.165	0	269	240	3
2026-02-12	15:46:17.670	119.42	-0.455	94.22	0.74908	-0.345748	-0.000732	0.345	0.9435	-0.1815	0	269	240	3
2026-02-12	15:46:17.690	114.59	-11.69	77.49	0.753716	-0.356972	0.031476	0.3645	0.936	-0.1965	0	269	240	3
2026-02-12	15:46:17.710	107.66	-22.4	63.175	0.759328	-0.355996	0.066612	0.375	0.9315	-0.2115	0	269	240	3
2026-02-12	15:46:17.730	98.49	-31.255	49.245	0.776652	-0.376492	0.08174	0.378	0.927	-0.2295	0	269	240	3
2026-02-12	15:46:17.750	94.5	-40.845	35.385	0.81618	-0.370636	0.105164	0.381	0.9255	-0.2385	0	269	240	3
2026-02-12	15:46:17.770	92.33	-49.455	22.505	0.85278	-0.344284	0.144692	0.384	0.918	-0.2445	0	269	240	3
2026-02-12	15:46:17.790	85.47	-54.635	4.165	0.845948	-0.322812	0.168116	0.3885	0.903	-0.261	0	269	240	3
2026-02-12	15:46:17.810	79.73	-55.685	-7.91	0.843996	-0.310368	0.150792	0.3825	0.8925	-0.27	0	281	209	3
2026-02-12	15:46:17.830	78.68	-55.965	-19.04	0.8601	-0.322812	0.144692	0.3705	0.885	-0.285	0	281	209	3
2026-02-12	15:46:17.850	86.835	-54.11	-26.985	0.856684	-0.273036	0.18666	0.3585	0.879	-0.291	0	281	209	3
2026-02-12	15:46:17.870	83.51	-50.505	-34.3	0.842288	-0.211548	0.216916	0.351	0.861	-0.297	0	281	209	3
2026-02-12	15:46:17.890	58.415	-47.355	-40.705	0.870592	-0.254492	0.187148	0.3465	0.849	-0.3045	0	281	209	3
2026-02-12	15:46:17.910	36.925	-43.61	-47.145	0.895968	-0.272548	0.159332	0.336	0.84	-0.3135	0	281	209	3
2026-02-12	15:46:17.930	21.105	-41.51	-51.835	0.894504	-0.241804	0.160064	0.3225	0.831	-0.312	0	281	209	3
2026-02-12	15:46:17.950	5.215	-41.09	-56.07	0.901336	-0.198372	0.171776	0.3135	0.831	-0.309	0	281	209	3
2026-02-12	15:46:17.970	-10.29	-41.475	-62.23	0.947696	-0.176412	0.202032	0.3105	0.8325	-0.315	0	281	209	3
2026-02-12	15:46:17.990	-32.305	-41.405	-72.555	1.02724	-0.194468	0.254492	0.2925	0.822	-0.3135	0	281	209	3
2026-02-12	15:46:18.010	-49.245	-39.235	-84.56	1.098732	-0.250344	0.284016	0.2835	0.825	-0.306	0	291	182	3
2026-02-12	15:46:18.030	-56.665	-36.19	-95.2	1.139724	-0.259616	0.314028	0.264	0.8265	-0.2985	0	291	182	3
2026-02-12	15:46:18.050	-63.875	-32.585	-105.98	1.21756	-0.23302	0.332572	0.249	0.819	-0.2895	0	291	182	3
2026-02-12	15:46:18.070	-75.95	-26.04	-117.635	1.255624	-0.193492	0.316468	0.24	0.813	-0.2775	0	291	182	3
2026-02-12	15:46:18.090	-95.795	-18.62	-124.425	1.212192	-0.226432	0.277184	0.2235	0.819	-0.27	0	291	182	3
2026-02-12	15:46:18.110	-107.8	-12.915	-123.795	1.120448	-0.244488	0.272792	0.207	0.8205	-0.2565	0	291	182	3
2026-02-12	15:46:18.130	-115.57	-8.715	-117.705	1.033828	-0.232288	0.280356	0.1965	0.816	-0.246	0	291	182	3
2026-02-12	15:46:18.150	-124.74	-7.735	-110.985	1.001132	-0.237168	0.265716	0.1845	0.816	-0.2385	0	291	182	3
2026-02-12	15:46:18.170	-128.415	-8.47	-105.63	1.0248	-0.276208	0.267668	0.174	0.816	-0.2295	0	291	182	3
2026-02-12	15:46:18.190	-118.93	-9.135	-99.925	0.988932	-0.281332	0.299144	0.1725	0.8145	-0.2235	0	291	182	3
2026-02-12	15:46:18.210	-101.955	-14	-93.905	0.996984	-0.281576	0.33184	0.156	0.816	-0.204	0	294	181	3
2026-02-12	15:46:18.230	-85.47	-16.135	-90.615	0.999424	-0.298412	0.350384	0.147	0.8115	-0.198	0	294	181	3
2026-02-12	15:46:18.250	-75.6	-14.665	-89.04	0.976244	-0.274012	0.343064	0.1305	0.8055	-0.189	0	294	181	3
2026-02-12	15:46:18.270	-74.515	-11.2	-87.395	0.920124	-0.250832	0.30744	0.12	0.8055	-0.1785	0	294	181	3
2026-02-12	15:46:18.290	-77.49	-8.295	-86.66	0.8662	-0.245708	0.274012	0.111	0.8025	-0.1695	0	294	181	3
2026-02-12	15:46:18.310	-78.4	-6.86	-87.115	0.837896	-0.262056	0.255468	0.102	0.7935	-0.165	0	294	181	3
2026-02-12	15:46:18.330	-74.725	-6.37	-87.675	0.8479	-0.257664	0.255468	0.093	0.7875	-0.153	0	294	181	3
2026-02-12	15:46:18.350	-73.43	-5.25	-87.01	0.84058	-0.228872	0.271816	0.0855	0.783	-0.147	0	294	181	3
2026-02-12	15:46:18.370	-81.41	-4.795	-85.33	0.844484	-0.216428	0.261568	0.0795	0.7725	-0.141	0	294	181	3
2026-02-12	15:46:18.390	-96.775	-5.915	-84.28	0.861564	-0.219356	0.246684	0.0765	0.765	-0.132	0	294	181	3
2026-02-12	15:46:18.410	-128.205	-8.47	-81.55	0.861076	-0.240584	0.24888	0.0705	0.765	-0.12	0	290	201	3
2026-02-12	15:46:18.430	-199.08	-16.135	-69.23	0.941352	-0.326716	0.338184	0.057	0.756	-0.1245	0	290	201	3
2026-02-12	15:46:18.450	-254.765	-13.02	-52.85	1.023336	-0.608292	0.377956	0.0495	0.756	-0.1095	0	290	201	3
2026-02-12	15:46:18.470	-235.2	-6.405	-31.78	0.967948	-1.147288	0.271084	0.0495	0.756	-0.084	0	290	201	3
2026-02-12	15:46:18.490	-142.065	-9.835	-7.28	0.85644	-1.18706	0.281576	0.0525	0.7605	-0.0615	0	290	201	3
2026-02-12	15:46:18.510	-80.36	-14.175	20.02	0.766648	-1.08946	0.325984	0.039	0.768	-0.054	0	290	201	3
2026-02-12	15:46:18.530	-56.21	-20.755	48.685	0.755668	-1.0004	0.355996	0.0375	0.777	-0.0525	0	290	201	3
2026-02-12	15:46:18.550	-43.715	-28.945	74.025	0.818864	-0.892796	0.316712	0.0495	0.786	-0.042	0	290	201	3
2026-02-12	15:46:18.570	-33.32	-38.92	88.235	0.997716	-0.843264	0.318908	0.0555	0.792	-0.0285	0	290	201	3
2026-02-12	15:46:18.590	-22.505	-44.59	90.58	1.188036	-0.79422	0.35624	0.063	0.8055	-0.0195	0	290	201	3
2026-02-12	15:46:18.610	-12.95	-44.415	88.935	1.308084	-0.827404	0.36478	0.069	0.816	-0.0165	0	285	227	3
2026-02-12	15:46:18.630	23.415	-39.69	89.67	1.419104	-0.775432	0.296216	0.0825	0.828	-0.015	0	285	227	3
2026-02-12	15:46:18.650	52.43	-35.42	97.93	1.382992	-0.594628	0.210816	0.0825	0.828	-0.015	0	285	227	3
2026-02-12	15:46:18.670	63.77	-36.645	111.58	1.227076	-0.521672	0.175192	0.096	0.849	-0.015	0	285	227	3
2026-02-12	15:46:18.690	80.78	-42.28	127.435	1.16266	-0.447008	0.145424	0.1155	0.876	-0.015	0	285	227	3
2026-02-12	15:46:18.710	98.035	-45.71	140.525	1.198772	-0.372832	0.100284	0.1305	0.894	-0.021	0	285	227	3
2026-02-12	15:46:18.730	112.665	-41.51	149.415	1.202676	-0.330132	0.053192	0.1485	0.9135	-0.033	0	285	227	3
2026-02-12	15:46:18.750	127.68	-36.26	153.23	1.156804	-0.25864	0.027816	0.1725	0.924	-0.048	0	285	227	3
2026-02-12	15:46:18.770	132.545	-31.465	150.57	1.086776	-0.1891	0.00488	0.192	0.93	-0.063	0	285	227	3
2026-02-12	15:46:18.790	119.91	-27.615	141.75	1.018944	-0.218136	-0.01586	0.216	0.939	-0.078	0	285	227	3
2026-02-12	15:46:18.810	106.4	-24.325	128.94	0.986492	-0.28304	-0.041236	0.2385	0.9465	-0.096	0	284	236	3
2026-02-12	15:46:18.830	97.09	-19.075	116.55	0.968192	-0.289628	-0.042456	0.2445	0.945	-0.108	0	284	236	3
2026-02-12	15:46:18.850	83.265	-12.425	103.075	0.914512	-0.288652	-0.047092	0.2715	0.9645	-0.123	0	284	236	3
2026-02-12	15:46:18.870	74.13	-9.03	88.585	0.888648	-0.319396	-0.050508	0.2865	0.9615	-0.1335	0	284	236	3
2026-02-12	15:46:18.890	76.965	-8.365	74.97	0.996496	-0.377956	-0.049044	0.3105	0.954	-0.15	0	284	236	3
2026-02-12	15:46:18.910	76.545	-4.445	64.155	0.982832	-0.412604	-0.053192	0.324	0.954	-0.1605	0	284	236	3
2026-02-12	15:46:18.930	75.25	-1.785	56.105	0.937204	-0.394792	-0.050264	0.33	0.954	-0.174	0	284	236	3
2026-02-12	15:46:18.950	72.345	-1.785	48.3	0.915488	-0.376004	-0.044896	0.339	0.948	-0.189	0	284	236	3
2026-02-12	15:46:18.970	70.385	-2.205	40.425	0.892796	-0.361852	-0.021228	0.3495	0.9405	-0.201	0	284	236	3
2026-02-12	15:46:18.990	69.055	-2.765	32.48	0.8601	-0.339892	0.01098	0.3495	0.936	-0.213	0	284	236	3
2026-02-12	15:46:19.010	65.38	-3.64	24.5	0.83326	-0.347944	0.029524	0.3555	0.9255	-0.225	0	284	209	2
2026-02-12	15:46:19.030	63.35	-5.005	17.15	0.815204	-0.349164	0.049044	0.3645	0.918	-0.231	0	284	209	2
2026-02-12	15:46:19.050	64.33	-7.105	9.31	0.820572	-0.328668	0.071004	0.357	0.915	-0.24	0	284	209	2
2026-02-12	15:46:19.070	70.91	-9.065	-6.23	0.866932	-0.327448	0.1464	0.363	0.903	-0.252	0	284	209	2
2026-02-12	15:46:19.090	76.265	-7.84	-15.995	0.897676	-0.343064	0.170312	0.3585	0.8955	-0.2595	0	284	209	2
2026-02-12	15:46:19.110	83.51	-5.845	-24.22	0.920368	-0.33306	0.18422	0.3555	0.8835	-0.2715	0	284	209	2
2026-02-12	15:46:19.130	88.83	-3.08	-30.94	0.949648	-0.333792	0.212768	0.3585	0.8745	-0.2805	0	284	209	2
2026-02-12	15:46:19.150	92.54	0.315	-36.47	1.001132	-0.335012	0.246684	0.354	0.8595	-0.291	0	284	209	2
2026-02-12	15:46:19.170	85.4	2.03	-38.955	0.964044	-0.2501	0.248148	0.348	0.846	-0.2985	0	284	209	2
2026-02-12	15:46:19.190	65.415	0.525	-39.41	0.899384	-0.181048	0.241316	0.345	0.837	-0.3105	0	284	209	2
2026-02-12	15:46:19.210	40.285	-3.255	-39.9	0.853024	-0.160064	0.231068	0.339	0.822	-0.312	0	283	174	2
2026-02-12	15:46:19.230	19.6	-6.93	-41.09	0.83814	-0.193736	0.239852	0.3315	0.8115	-0.315	0	283	174	2
2026-02-12	15:46:19.250	9.45	-10.185	-42	0.84058	-0.228872	0.266448	0.3285	0.81	-0.3225	0	283	174	2
2026-02-12	15:46:19.270	1.505	-14.175	-42.595	0.86254	-0.22692	0.281576	0.3255	0.807	-0.327	0	283	174	2
2026-02-12	15:46:19.290	-11.48	-16.135	-46.165	0.910852	-0.245708	0.279136	0.3255	0.807	-0.327	0	283	174	2
2026-02-12	15:46:19.310	-18.375	-15.645	-52.745	0.989664	-0.274988	0.327448	0.3195	0.8025	-0.324	0	283	174	2
2026-02-12	15:46:19.330	-19.565	-10.92	-58.59	0.969168	-0.325008	0.392352	0.3045	0.798	-0.3165	0	283	174	2
2026-02-12	15:46:19.350	-16.45	-5.285	-61.46	0.944524	-0.312076	0.410408	0.294	0.792	-0.315	0	283	174	2
2026-02-12	15:46:19.370	-13.79	0.385	-64.33	0.934764	-0.285968	0.39284	0.288	0.789	-0.3105	0	283	174	2
2026-02-12	15:46:19.390	-20.825	5.74	-66.605	0.931836	-0.239364	0.360632	0.279	0.789	-0.306	0	283	174	2
2026-02-12	15:46:19.410	-42.595	9.8	-68.81	0.929152	-0.193736	0.322568	0.279	0.786	-0.315	0	279	169	2
2026-02-12	15:46:19.430	-67.27	13.055	-72.1	0.936472	-0.166652	0.282796	0.2805	0.7875	-0.3165	0	279	169	2
2026-02-12	15:46:19.450	-93.205	12.565	-77.14	0.958432	-0.157624	0.24766	0.276	0.795	-0.306	0	279	169	2
2026-02-12	15:46:19.470	-120.05	11.305	-83.335	0.975756	-0.207644	0.238632	0.2715	0.798	-0.2985	0	279	169	2
2026-02-12	15:46:19.490	-139.02	9.87	-91.735	0.99674	-0.27206	0.247416	0.267	0.792	-0.2955	0	279	169	2
2026-02-12	15:46:19.510	-157.115	9.765	-98.035	0.957944	-0.323056	0.266692	0.2565	0.8055	-0.282	0	279	169	2
2026-02-12	15:46:19.530	-173.775	9.275	-99.925	0.929396	-0.369416	0.274988	0.2415	0.8265	-0.261	0	279	169	2
2026-02-12	15:46:19.550	-179.655	9.275	-101.395	0.908656	-0.384544	0.254736	0.234	0.8355	-0.246	0	279	169	2
2026-02-12	15:46:19.570	-176.995	9.73	-102.865	0.867664	-0.399916	0.24278	0.225	0.8415	-0.231	0	279	169	2
2026-02-12	15:46:19.590	-168.98	10.64	-103.25	0.830088	-0.47336	0.24034	0.213	0.849	-0.2115	0	279	169	2
2026-02-12	15:46:19.610	-162.575	9.45	-102.585	0.8479	-0.507276	0.208132	0.2025	0.8505	-0.198	0	272	189	2
2026-02-12	15:46:19.630	-171.01	7.525	-103.145	0.883524	-0.500688	0.13176	0.195	0.8535	-0.183	0	272	189	2
2026-02-12	15:46:19.650	-171.22	6.86	-105.28	0.916464	-0.584868	0.111752	0.1815	0.861	-0.165	0	272	189	2
2026-02-12	15:46:19.670	-156.905	7.105	-104.195	0.88572	-0.726388	0.222284	0.1725	0.861	-0.159	0	272	189	2
2026-02-12	15:46:19.690	-136.92	9.59	-95.515	0.758352	-0.826672	0.262788	0.1605	0.861	-0.1425	0	272	189	2
2026-02-12	15:46:19.710	-120.26	1.82	-79.17	0.722484	-0.747128	0.116876	0.156	0.861	-0.1215	0	272	189	2
2026-02-12	15:46:19.730	-114.485	-12.145	-73.29	0.789828	-0.860344	0.206668	0.144	0.858	-0.1125	0	272	189	2
2026-02-12	15:46:19.750	-95.935	-27.755	-63.035	0.807884	-1.066036	0.367708	0.1275	0.8505	-0.1005	0	272	189	2
2026-02-12	15:46:19.770	-48.44	-42.665	-46.935	0.932568	-1.170468	0.506544	0.117	0.843	-0.09	0	272	189	2
2026-02-12	15:46:19.790	14.21	-48.125	-30.695	0.95892	-1.132648	0.599996	0.114	0.8415	-0.081	0	272	189	2
2026-02-12	15:46:19.810	69.02	-48.37	-10.64	0.978196	-1.08702	0.587796	0.114	0.84	-0.078	0	265	212	3
2026-02-12	15:46:19.830	108.675	-45.325	8.365	1.147288	-0.977708	0.48922	0.111	0.837	-0.084	0	265	212	3
2026-02-12	15:46:19.850	132.58	-34.79	25.2	1.269532	-0.888892	0.35014	0.1095	0.8295	-0.0915	0	265	212	3
2026-02-12	15:46:19.870	139.37	-24.675	43.855	1.37128	-0.726388	0.202032	0.108	0.822	-0.102	0	265	212	3
2026-02-12	15:46:19.890	129.22	-14.805	63.945	1.437648	-0.541192	0.100772	0.1095	0.819	-0.111	0	265	212	3
2026-02-12	15:46:19.910	96.985	-5.425	88.865	1.38226	-0.381616	0.081984	0.114	0.816	-0.129	0	265	212	3
2026-02-12	15:46:19.930	59.08	-0.14	111.58	1.301496	-0.325252	0.127612	0.114	0.816	-0.129	0	265	212	3
2026-02-12	15:46:19.950	35.35	-0.385	129.535	1.209996	-0.30866	0.13786	0.1305	0.816	-0.138	0	265	212	3
2026-02-12	15:46:19.970	21.07	-3.465	143.115	1.248548	-0.279868	0.104188	0.1515	0.822	-0.15	0	265	212	3
2026-02-12	15:46:19.990	15.19	-1.085	150.99	1.206092	-0.247904	0.047092	0.159	0.8295	-0.1515	0	265	212	3
2026-02-12	15:46:20.010	21.245	-1.26	155.015	1.078724	-0.238632	0.01098	0.171	0.834	-0.1515	0	265	229	3
2026-02-12	15:46:20.030	29.54	-5.39	155.785	1.014796	-0.227896	-0.030988	0.192	0.8445	-0.1545	0	265	229	3
2026-02-12	15:46:20.050	36.89	-9.87	153.58	0.97966	-0.221796	-0.071492	0.2085	0.858	-0.1575	0	265	229	3
2026-02-12	15:46:20.070	46.095	-13.3	148.05	0.976976	-0.221064	-0.076128	0.2205	0.8685	-0.153	0	265	229	3
2026-02-12	15:46:20.090	55.475	-14.735	140.28	0.955504	-0.239364	-0.068564	0.2355	0.873	-0.153	0	265	229	3
2026-02-12	15:46:20.110	67.27	-15.715	130.515	0.920856	-0.29158	-0.056364	0.24	0.873	-0.156	0	265	229	3
2026-02-12	15:46:20.130	92.295	-14.315	114.975	0.961116	-0.336964	-0.019032	0.2535	0.8865	-0.1515	0	265	229	3
2026-02-12	15:46:20.150	112.665	-7.63	98.875	0.962824	-0.334768	-0.00366	0.2685	0.8865	-0.159	0	265	229	3
2026-02-12	15:46:20.170	112.245	-4.235	87.92	0.905484	-0.306464	-0.006588	0.288	0.888	-0.171	0	265	229	3
2026-02-12	15:46:20.190	95.9	-5.53	77.63	0.872788	-0.295972	0.0122	0.3	0.888	-0.18	0	265	229	3
2026-02-12	15:46:20.210	71.68	-8.26	67.865	0.83204	-0.338916	0.048068	0.3105	0.891	-0.1905	0	271	212	3
2026-02-12	15:46:20.230	54.39	-10.955	59.325	0.781532	-0.389668	0.079544	0.315	0.8955	-0.1935	0	271	212	3
2026-02-12	15:46:20.250	45.5	-13.965	51.485	0.74908	-0.416752	0.107116	0.321	0.8925	-0.195	0	271	212	3
2026-02-12	15:46:20.270	38.92	-16.38	43.54	0.731024	-0.437736	0.11956	0.3315	0.888	-0.195	0	271	212	3
2026-02-12	15:46:20.290	33.145	-18.095	34.86	0.729072	-0.461404	0.122732	0.3375	0.8895	-0.1935	0	271	212	3
2026-02-12	15:46:20.310	30.31	-17.675	25.725	0.728096	-0.477264	0.152988	0.339	0.8925	-0.198	0	271	212	3
2026-02-12	15:46:20.330	32.095	-16.03	17.92	0.714432	-0.504836	0.173728	0.336	0.894	-0.21	0	271	212	3
2026-02-12	15:46:20.350	42.455	-14.525	8.505	0.672952	-0.49532	0.180804	0.345	0.897	-0.2145	0	271	212	3
2026-02-12	15:46:20.370	51.485	-15.89	3.22	0.668804	-0.5002	0.174704	0.3435	0.8955	-0.216	0	271	212	3
2026-02-12	15:46:20.390	63.385	-18.06	-1.96	0.671488	-0.482388	0.18422	0.339	0.8895	-0.219	0	271	212	3
2026-02-12	15:46:20.410	74.62	-19.425	-8.295	0.687836	-0.454572	0.213744	0.3375	0.882	-0.222	0	278	181	3
2026-02-12	15:46:20.430	82.705	-21.14	-15.785	0.726876	-0.406504	0.242536	0.333	0.8775	-0.228	0	278	181	3
2026-02-12	15:46:20.450	85.715	-23.765	-24.57	0.756644	-0.347944	0.27572	0.33	0.867	-0.237	0	278	181	3
2026-02-12	15:46:20.470	85.225	-28.21	-34.51	0.80276	-0.316224	0.290848	0.3285	0.8565	-0.246	0	278	181	3
2026-02-12	15:46:20.490	84.84	-35	-45.92	0.865712	-0.299144	0.313784	0.321	0.8505	-0.255	0	278	181	3
2026-02-12	15:46:20.510	84.77	-41.545	-59.185	0.970632	-0.28914	0.338428	0.3135	0.8415	-0.261	0	278	181	3
2026-02-12	15:46:20.530	80.85	-45.815	-71.61	1.08824	-0.280844	0.338184	0.312	0.8355	-0.2625	0	278	181	3
2026-02-12	15:46:20.550	65.17	-48.79	-85.575	1.186328	-0.205936	0.291824	0.2925	0.831	-0.276	0	278	181	3
2026-02-12	15:46:20.570	33.67	-50.575	-97.51	1.1773	-0.180072	0.2501	0.2925	0.831	-0.276	0	278	181	3
2026-02-12	15:46:20.590	12.845	-51.975	-105.7	1.14314	-0.211548	0.23424	0.2685	0.81	-0.276	0	278	181	3
2026-02-12	15:46:20.610	2.345	-52.255	-110.215	1.12606	-0.229604	0.258152	0.2355	0.786	-0.276	0	282	172	3
2026-02-12	15:46:20.630	-7.175	-49.595	-110.495	1.08824	-0.206668	0.263276	0.2265	0.78	-0.2685	0	282	172	3
2026-02-12	15:46:20.650	-22.225	-43.96	-105.805	0.939888	-0.188368	0.240584	0.2175	0.7695	-0.2625	0	282	172	3
2026-02-12	15:46:20.670	-33.915	-41.755	-99.33	0.864248	-0.175192	0.203496	0.2025	0.762	-0.2625	0	282	172	3
2026-02-12	15:46:20.690	-41.055	-40.425	-94.955	0.913292	-0.159332	0.193004	0.1875	0.756	-0.2565	0	282	172	3
2026-02-12	15:46:20.710	-51.24	-36.33	-92.785	0.991372	-0.149328	0.208376	0.1725	0.7485	-0.2445	0	282	172	3
2026-02-12	15:46:20.730	-65.38	-29.085	-91.14	1.011624	-0.15616	0.231312	0.165	0.741	-0.234	0	282	172	3
2026-02-12	15:46:20.750	-81.235	-22.12	-89.705	1.026264	-0.163236	0.23668	0.159	0.735	-0.231	0	282	172	3
2026-02-12	15:46:20.770	-107.065	-14.805	-89.915	1.072624	-0.170068	0.203008	0.15	0.7365	-0.234	0	282	172	3
2026-02-12	15:46:20.790	-136.325	-7.665	-92.085	1.083848	-0.20008	0.167384	0.141	0.7335	-0.2235	0	282	172	3
2026-02-12	15:46:20.810	-153.125	-3.43	-94.605	1.038952	-0.23546	0.155672	0.129	0.7365	-0.2085	0	283	181	3
2026-02-12	15:46:20.830	-160.86	-1.295	-96.53	0.98332	-0.279868	0.183244	0.1245	0.7395	-0.1965	0	283	181	3
2026-02-12	15:46:20.850	-160.93	2.52	-97.79	0.92476	-0.280112	0.265472	0.1185	0.7365	-0.1875	0	283	181	3
2026-02-12	15:46:20.870	-168.175	11.27	-99.89	0.910608	-0.2867	0.294264	0.111	0.735	-0.183	0	283	181	3
2026-02-12	15:46:20.890	-180.67	22.4	-101.885	0.808128	-0.250588	0.206424	0.1095	0.735	-0.1695	0	283	181	3
2026-02-12	15:46:20.910	-194.005	26.285	-102.97	0.744688	-0.249612	0.142496	0.1035	0.738	-0.159	0	283	181	3
2026-02-12	15:46:20.930	-207.935	23.415	-102.305	0.765672	-0.356728	0.160796	0.0975	0.7365	-0.1515	0	283	181	3
2026-02-12	15:46:20.950	-210.7	20.335	-99.015	0.8113	-0.453352	0.203496	0.09	0.735	-0.1425	0	283	181	3
2026-02-12	15:46:20.970	-199.535	17.78	-94.745	0.830576	-0.508252	0.221552	0.0855	0.7365	-0.1395	0	283	181	3
2026-02-12	15:46:20.990	-163.38	11.445	-87.85	0.89792	-0.594872	0.242048	0.0825	0.735	-0.1275	0	283	181	3
2026-02-12	15:46:21.010	-124.215	6.965	-80.955	0.907192	-0.643428	0.247416	0.0765	0.7335	-0.12	0	279	194	3
2026-02-12	15:46:21.030	-78.82	0.91	-71.855	0.950624	-0.592432	0.271328	0.0645	0.729	-0.108	0	279	194	3
2026-02-12	15:46:21.050	-44.415	-7.28	-62.44	1.019188	-0.535824	0.295972	0.06	0.72	-0.099	0	279	194	3
2026-02-12	15:46:21.070	-21.91	-15.96	-51.625	1.036024	-0.545584	0.352824	0.057	0.7095	-0.0945	0	279	194	3
2026-02-12	15:46:21.090	1.05	-22.505	-39.865	1.022604	-0.62342	0.435784	0.0525	0.7035	-0.0915	0	279	194	3
2026-02-12	15:46:21.110	36.82	-24.395	-23.52	1.067256	-0.646844	0.460916	0.0495	0.705	-0.0855	0	279	194	3
2026-02-12	15:46:21.130	75.53	-24.395	-7.84	1.264652	-0.5856	0.446764	0.0435	0.7005	-0.084	0	279	194	3
2026-02-12	15:46:21.150	105.805	-17.955	7.035	1.405928	-0.600484	0.423096	0.0405	0.693	-0.084	0	279	194	3
2026-02-12	15:46:21.170	123.445	-9.24	27.93	1.541348	-0.524112	0.285236	0.0435	0.693	-0.0825	0	279	194	3
2026-02-12	15:46:21.190	110.635	-1.26	61.565	1.514752	-0.335256	0.119804	0.0375	0.687	-0.0915	0	279	194	3
2026-02-12	15:46:21.210	85.89	3.465	97.51	1.348344	-0.23668	0.07124799	0.0375	0.687	-0.0915	0	274	211	3
2026-02-12	15:46:21.230	75.145	-1.19	125.16	1.308572	-0.188856	0.096136	0.0435	0.6945	-0.099	0	274	211	3
2026-02-12	15:46:21.250	64.855	-7	150.675	1.242448	-0.13176	0.122732	0.0555	0.7035	-0.1095	0	274	211	3
2026-02-12	15:46:21.270	53.2	-11.865	171.115	1.152168	-0.066368	0.133468	0.0585	0.723	-0.108	0	274	211	3
2026-02-12	15:46:21.290	39.655	-16.975	183.365	1.120692	-0.036844	0.14152	0.066	0.7545	-0.108	0	274	211	3
2026-02-12	15:46:21.310	22.61	-20.125	189.035	1.108004	-0.056608	0.139324	0.0825	0.774	-0.111	0	274	211	3
2026-02-12	15:46:21.330	3.395	-20.965	190.68	1.1102	-0.117608	0.128588	0.102	0.7905	-0.105	0	274	211	3
2026-02-12	15:46:21.350	-15.085	-19.705	188.405	1.098488	-0.141764	0.093452	0.117	0.8145	-0.0945	0	274	211	3
2026-02-12	15:46:21.370	-31.92	-18.025	181.615	1.05896	-0.172752	0.04514	0.135	0.8385	-0.087	0	274	211	3
2026-02-12	15:46:21.390	-38.185	-17.115	171.57	1.015772	-0.23912	-0.010492	0.1485	0.8475	-0.0855	0	274	211	3
2026-02-12	15:46:21.410	-23.8	-17.29	155.82	1.00894	-0.290848	-0.05368	0.162	0.8715	-0.0765	0	272	215	3
2026-02-12	15:46:21.430	1.75	-15.54	140.07	0.966972	-0.33428	-0.092476	0.183	0.888	-0.069	0	272	215	3
2026-02-12	15:46:21.450	25.095	-14.63	129.43	0.922808	-0.3416	-0.102968	0.2145	0.9135	-0.0585	0	272	215	3
2026-02-12	15:46:21.470	45.535	-14.84	117.845	0.867176	-0.335988	-0.091988	0.234	0.93	-0.0585	0	272	215	3
2026-02-12	15:46:21.490	63.21	-16.275	104.44	0.891088	-0.347944	-0.048556	0.249	0.939	-0.063	0	272	215	3
2026-02-12	15:46:21.510	74.27	-15.82	91.105	0.877912	-0.346236	-0.018788	0.2625	0.945	-0.069	0	272	215	3
2026-02-12	15:46:21.530	73.675	-15.365	80.36	0.818864	-0.361852	0.001952	0.2805	0.954	-0.0765	0	272	215	3
2026-02-12	15:46:21.550	67.69	-16.415	70.77	0.775676	-0.384788	0	0.2955	0.96	-0.0855	0	272	215	3
2026-02-12	15:46:21.570	61.39	-17.255	60.445	0.751032	-0.402356	-0.007564	0.3045	0.9615	-0.09	0	272	215	3
2026-02-12	15:46:21.590	55.65	-17.92	49.56	0.74176	-0.410408	0.0061	0.318	0.963	-0.0975	0	272	215	3
2026-02-12	15:46:21.610	51.345	-17.745	36.96	0.777628	-0.422852	0.023424	0.3255	0.966	-0.108	0	272	187	3
2026-02-12	15:46:21.630	50.225	-16.205	17.92	0.760548	-0.474824	0.02196	0.324	0.957	-0.1125	0	272	187	3
2026-02-12	15:46:21.650	57.75	-17.15	5.775	0.771284	-0.492636	0.0122	0.327	0.9555	-0.1215	0	272	187	3
2026-02-12	15:46:21.670	69.475	-18.13	-6.055	0.761768	-0.480436	0.037576	0.333	0.957	-0.1365	0	272	187	3
2026-02-12	15:46:21.690	80.5	-19.32	-16.8	0.769576	-0.469456	0.070028	0.33	0.957	-0.1425	0	272	187	3
2026-02-12	15:46:21.710	93.45	-20.02	-26.145	0.791048	-0.456524	0.114192	0.321	0.9525	-0.1485	0	272	187	3
2026-02-12	15:46:21.730	106.68	-19.915	-33.67	0.80642	-0.42822	0.156892	0.315	0.9435	-0.1605	0	272	187	3
2026-02-12	15:46:21.750	116.025	-20.44	-40.39	0.828624	-0.379176	0.190564	0.312	0.933	-0.177	0	272	187	3
2026-02-12	15:46:21.770	117.705	-21.77	-47.74	0.870836	-0.346724	0.215208	0.309	0.9195	-0.192	0	272	187	3
2026-02-12	15:46:21.790	115.605	-23.765	-55.475	0.949892	-0.319884	0.236436	0.294	0.9075	-0.204	0	272	187	3
2026-02-12	15:46:21.810	108.85	-26.565	-62.93	1.001376	-0.24278	0.248392	0.2865	0.8985	-0.219	0	271	152	3
2026-02-12	15:46:21.830	83.37	-29.47	-78.12	1.058472	-0.105164	0.232532	0.288	0.8925	-0.225	0	271	152	3
2026-02-12	15:46:21.850	48.685	-31.15	-98.42	1.18096	-0.1098	0.183244	0.288	0.8925	-0.225	0	271	152	3
2026-02-12	15:46:21.870	28.28	-32.095	-111.475	1.236592	-0.16348	0.166164	0.267	0.867	-0.2295	0	271	152	3
2026-02-12	15:46:21.890	14.14	-31.36	-119.21	1.221464	-0.215208	0.185684	0.237	0.837	-0.2385	0	271	152	3
2026-02-12	15:46:21.910	3.99	-27.02	-118.895	1.042124	-0.179584	0.185684	0.2175	0.8295	-0.2415	0	271	152	3
2026-02-12	15:46:21.930	-12.355	-23.73	-111.65	0.858148	-0.05734	0.130296	0.204	0.819	-0.24	0	271	152	3
2026-02-12	15:46:21.950	-39.97	-24.08	-103.6	0.81496	0.039772	0.047092	0.192	0.8115	-0.2385	0	271	152	3
2026-02-12	15:46:21.970	-66.745	-26.46	-101.64	0.902556	0.044652	0.013908	0.177	0.804	-0.231	0	271	152	3
2026-02-12	15:46:21.990	-81.69	-26.39	-103.32	0.993568	-0.061244	0.062464	0.1665	0.798	-0.222	0	271	152	3
2026-02-12	15:46:22.010	-83.23	-23.31	-105.91	1.147044	-0.111752	0.12932	0.162	0.798	-0.2175	0	269	135	3
2026-02-12	15:46:22.030	-88.13	-19.635	-108.745	1.216584	-0.11224	0.134932	0.162	0.798	-0.2175	0	269	135	3
2026-02-12	15:46:22.050	-105	-13.195	-113.575	1.311744	-0.156892	0.093208	0.135	0.786	-0.192	0	269	135	3
2026-02-12	15:46:22.070	-128.31	-7.91	-115.185	1.26758	-0.150792	0.035868	0.1245	0.786	-0.1845	0	269	135	3
2026-02-12	15:46:22.090	-144.095	-5.845	-112.49	1.164856	-0.164456	0.036844	0.111	0.783	-0.171	0	269	135	3
2026-02-12	15:46:22.110	-154.945	-6.44	-106.61	1.057984	-0.16714	0.030744	0.102	0.7755	-0.1605	0	269	135	3
2026-02-12	15:46:22.130	-166.145	-12.075	-99.085	1.04676	-0.179828	-0.011468	0.0915	0.768	-0.1515	0	269	135	3
2026-02-12	15:46:22.150	-176.54	-20.51	-94.29	1.101416	-0.196664	-0.007808	0.0825	0.7665	-0.1365	0	269	135	3
2026-02-12	15:46:22.170	-180.425	-24.185	-92.295	1.09556	-0.278404	0.084424	0.0705	0.762	-0.1245	0	269	135	3
2026-02-12	15:46:22.190	-184.38	-23.975	-93.555	1.053592	-0.318176	0.134688	0.0675	0.7575	-0.1065	0	269	135	3
2026-02-12	15:46:22.210	-191.135	-25.025	-102.13	0.924516	-0.433832	0.144936	0.0615	0.753	-0.087	0	267	126	3
2026-02-12	15:46:22.230	-180.985	-28.28	-115.22	0.8845	-0.599508	0.166896	0.0525	0.75	-0.075	0	267	126	3
2026-02-12	15:46:22.250	-147.035	-29.365	-129.29	0.867176	-0.75518	0.22204	0.048	0.753	-0.0705	0	267	126	3
2026-02-12	15:46:22.270	-59.745	-31.57	-138.39	0.803004	-0.82716	0.346724	0.048	0.753	-0.0705	0	267	126	3
2026-02-12	15:46:22.290	4.375	-37.87	-135.03	0.851316	-0.778116	0.376248	0.03	0.7245	-0.048	0	267	126	3
2026-02-12	15:46:22.310	57.505	-46.06	-125.51	0.967216	-0.782264	0.430416	0.015	0.6885	-0.0225	0	267	126	3
2026-02-12	15:46:22.330	100.73	-46.06	-106.715	0.9821	-0.896944	0.546316	0.012	0.6705	-0.0165	0	267	126	3
2026-02-12	15:46:22.350	144.55	-40.95	-75.145	0.999912	-0.883768	0.535336	0.006	0.654	-0.015	0	267	126	3
2026-02-12	15:46:22.370	174.37	-34.265	-39.515	1.17364	-0.766648	0.48312	0.006	0.642	-0.0165	0	267	126	3
2026-02-12	15:46:22.390	186.795	-16.275	-2.1	1.278804	-0.654896	0.449204	0	0.63	-0.0135	0	267	126	3
2026-02-12	15:46:22.410	184.415	7.21	38.57	1.342	-0.492636	0.327936	-0.0045	0.6255	-0.015	0	267	137	3
2026-02-12	15:46:22.430	161.35	27.72	75.74	1.429108	-0.285236	0.18788	0.003	0.6255	-0.024	0	267	137	3
2026-02-12	15:46:22.450	118.65	45.29	104.055	1.584536	-0.129808	0.080276	0.0045	0.6285	-0.03	0	267	137	3
2026-02-12	15:46:22.470	41.195	66.01	136.01	1.522072	-0.035136	-0.00366	0.003	0.6315	-0.0345	0	267	137	3
2026-02-12	15:46:22.490	-10.885	76.685	168.56	1.289784	-0.083204	-0.031232	0.003	0.6315	-0.0345	0	267	137	3
2026-02-12	15:46:22.510	-3.85	61.39	187.565	1.23342	-0.105164	0.05124	0.018	0.6645	-0.0495	0	267	137	3
2026-02-12	15:46:22.530	7.7	53.62	203.385	1.24684	-0.127124	0.128832	0.0375	0.711	-0.0705	0	267	137	3
2026-02-12	15:46:22.550	17.78	54.39	215.845	1.255868	-0.13542	0.113704	0.0465	0.7335	-0.0795	0	267	137	3
2026-02-12	15:46:22.570	25.865	56.21	222.67	1.21512	-0.120536	0.038064	0.0645	0.765	-0.0885	0	267	137	3
2026-02-12	15:46:22.590	33.145	56.175	223.02	1.232932	-0.137616	-0.026352	0.0855	0.7965	-0.1035	0	267	137	3
2026-02-12	15:46:22.610	33.565	55.16	216.23	1.267824	-0.134444	-0.0732	0.111	0.8175	-0.1095	0	273	154	3
2026-02-12	15:46:22.630	26.145	54.95	206.255	1.168516	-0.15738	-0.1098	0.138	0.84	-0.1125	0	273	154	3
2026-02-12	15:46:22.650	24.255	51.45	195.545	1.048224	-0.218868	-0.182024	0.1605	0.8655	-0.1275	0	273	154	3
2026-02-12	15:46:22.670	37.275	43.925	183.75	1.058228	-0.233752	-0.18544	0.1725	0.876	-0.1335	0	273	154	3
2026-02-12	15:46:22.690	54.39	40.53	161.98	1.139968	-0.259372	-0.134444	0.195	0.891	-0.141	0	273	154	3
2026-02-12	15:46:22.710	56.42	40.915	141.225	0.982344	-0.316468	-0.07124799	0.219	0.9015	-0.1485	0	273	154	3
2026-02-12	15:46:22.730	52.395	35.315	126.945	0.90036	-0.388936	-0.020252	0.2565	0.9135	-0.1575	0	273	154	3
2026-02-12	15:46:22.750	50.785	27.965	111.58	0.8662	-0.425292	0.017812	0.279	0.918	-0.1635	0	273	154	3
2026-02-12	15:46:22.770	51.24	21.07	94.99	0.8174	-0.428952	0.040748	0.2955	0.921	-0.174	0	273	154	3
2026-02-12	15:46:22.790	49.63	13.44	79.87	0.772016	-0.422608	0.060268	0.309	0.9225	-0.183	0	273	154	3
2026-02-12	15:46:22.810	46.69	4.235	65.73	0.753472	-0.427976	0.072468	0.3195	0.927	-0.1875	0	281	141	2
2026-02-12	15:46:22.830	44.205	-5.565	52.78	0.766892	-0.44164	0.085156	0.3285	0.924	-0.1905	0	281	141	2
2026-02-12	15:46:22.850	43.96	-14.665	40.11	0.820328	-0.479704	0.107116	0.3405	0.921	-0.1965	0	281	141	2
2026-02-12	15:46:22.870	47.845	-19.355	29.645	0.816912	-0.493612	0.127612	0.345	0.9225	-0.204	0	281	141	2
2026-02-12	15:46:22.890	55.125	-22.155	21.7	0.80154	-0.460428	0.118096	0.342	0.9225	-0.2085	0	281	141	2
2026-02-12	15:46:22.910	63.7	-25.795	10.675	0.797392	-0.384544	0.10492	0.3435	0.9195	-0.2145	0	281	141	2
2026-02-12	15:46:22.930	64.925	-29.12	1.82	0.812764	-0.347456	0.105408	0.345	0.9165	-0.2205	0	281	141	2
2026-02-12	15:46:22.950	64.015	-33.11	-7.56	0.7991	-0.320128	0.117608	0.3435	0.909	-0.2325	0	281	141	2
2026-02-12	15:46:22.970	62.93	-37.415	-17.815	0.785436	-0.300608	0.138836	0.342	0.9015	-0.237	0	281	141	2
2026-02-12	15:46:22.990	62.44	-42	-30.38	0.802028	-0.292556	0.185928	0.3375	0.8955	-0.2385	0	281	141	2
2026-02-12	15:46:23.010	66.43	-46.34	-43.435	0.863272	-0.320128	0.24766	0.327	0.888	-0.243	0	288	120	2
2026-02-12	15:46:23.030	75.53	-51.31	-54.04	0.922808	-0.305732	0.267668	0.3165	0.8775	-0.2475	0	288	120	2
2026-02-12	15:46:23.050	75.355	-57.4	-62.58	1.025288	-0.2501	0.241072	0.3015	0.8685	-0.255	0	288	120	2
2026-02-12	15:46:23.070	66.08	-57.925	-66.71	1.07482	-0.222284	0.25254	0.2895	0.858	-0.2625	0	288	120	2
2026-02-12	15:46:23.090	55.79	-51.94	-66.395	1.091656	-0.139324	0.273768	0.279	0.8445	-0.264	0	288	120	2
2026-02-12	15:46:23.110	24.885	-40.775	-69.055	1.124352	-0.044652	0.211792	0.273	0.8385	-0.2625	0	288	120	2
2026-02-12	15:46:23.130	-19.25	-27.265	-73.465	1.0675	-0.02562	0.201788	0.2595	0.828	-0.258	0	288	120	2
2026-02-12	15:46:23.150	-51.8	-15.61	-80.5	1.067744	-0.084668	0.320128	0.243	0.819	-0.2565	0	288	120	2
2026-02-12	15:46:23.170	-71.225	-2.975	-90.72	1.009184	-0.129564	0.2989	0.2325	0.8175	-0.255	0	288	120	2
2026-02-12	15:46:23.190	-91	0.035	-104.23	0.97966	-0.111752	0.244488	0.222	0.8145	-0.252	0	288	120	2
2026-02-12	15:46:23.210	-110.705	0.42	-121.66	0.999424	-0.169336	0.227408	0.213	0.816	-0.243	0	291	121	3
2026-02-12	15:46:23.230	-118.475	-1.015	-139.23	1.034072	-0.21228	0.24644	0.1995	0.822	-0.228	0	291	121	3
2026-02-12	15:46:23.250	-122.29	-5.215	-154.63	1.114348	-0.226432	0.26352	0.186	0.819	-0.216	0	291	121	3
2026-02-12	15:46:23.270	-126.875	-7.805	-166.005	1.119472	-0.274256	0.308416	0.1695	0.8115	-0.207	0	291	121	3
2026-02-12	15:46:23.290	-123.55	-9.87	-172.97	1.075064	-0.323544	0.36478	0.156	0.804	-0.198	0	291	121	3
2026-02-12	15:46:23.310	-110.11	-11.76	-175.875	1.057252	-0.365024	0.385764	0.153	0.798	-0.1935	0	291	121	3
2026-02-12	15:46:23.330	-83.545	-12.075	-173.39	1.056764	-0.346968	0.355752	0.141	0.789	-0.1845	0	291	121	3
2026-02-12	15:46:23.350	-59.57	-11.62	-166.915	0.985272	-0.27694	0.259128	0.1185	0.771	-0.174	0	291	121	3
2026-02-12	15:46:23.370	-45.22	-12.915	-160.58	0.925736	-0.258152	0.18178	0.0915	0.753	-0.165	0	291	121	3
2026-02-12	15:46:23.390	-34.44	-16.03	-154.49	0.91256	-0.284504	0.160796	0.081	0.7365	-0.1635	0	291	121	3
2026-02-12	15:46:23.410	-25.375	-19.775	-146.79	0.996496	-0.31964	0.1891	0.072	0.714	-0.1605	0	289	146	3
2026-02-12	15:46:23.430	-22.085	-21.175	-136.605	1.054568	-0.30988	0.22692	0.0645	0.7005	-0.159	0	289	146	3
2026-02-12	15:46:23.450	-30.695	-19.705	-125.58	1.025044	-0.29158	0.254736	0.0585	0.684	-0.1545	0	289	146	3
2026-02-12	15:46:23.470	-43.12	-18.2	-113.47	0.965996	-0.329888	0.29402	0.0495	0.6645	-0.1455	0	289	146	3
2026-02-12	15:46:23.490	-38.535	-16.94	-100.135	0.972096	-0.366	0.349408	0.042	0.6495	-0.1365	0	289	146	3
2026-02-12	15:46:23.510	-28.735	-16.485	-85.54	0.959652	-0.345992	0.35746	0.039	0.6435	-0.138	0	289	146	3
2026-02-12	15:46:23.530	-21.105	-15.925	-70.245	0.94306	-0.341844	0.38064	0.0405	0.6435	-0.138	0	289	146	3
2026-02-12	15:46:23.550	-8.365	-16.03	-45.885	0.927444	-0.332328	0.430416	0.0405	0.6435	-0.138	0	289	146	3
2026-02-12	15:46:23.570	1.75	-19.74	-31.255	1.03822	-0.322812	0.446764	0.036	0.624	-0.135	0	289	146	3
2026-02-12	15:46:23.590	12.04	-18.795	-16.87	1.052128	-0.349896	0.5185	0.0315	0.6045	-0.132	0	289	146	3
2026-02-12	15:46:23.610	24.815	-13.65	0	1.028948	-0.392352	0.513376	0.03	0.6015	-0.1245	0	281	184	3
2026-02-12	15:46:23.630	43.54	-13.44	15.47	1.143384	-0.40016	0.529968	0.033	0.603	-0.1185	0	281	184	3
2026-02-12	15:46:23.650	63.77	-3.5	29.365	1.258308	-0.429196	0.529968	0.027	0.603	-0.1185	0	281	184	3
2026-02-12	15:46:23.670	77.595	5.915	47.04	1.393484	-0.343796	0.434564	0.0225	0.603	-0.1215	0	281	184	3
2026-02-12	15:46:23.690	65.31	15.61	69.825	1.411052	-0.23424	0.295972	0.0255	0.606	-0.123	0	281	184	3
2026-02-12	15:46:23.710	39.865	23.52	95.48	1.33468	-0.199104	0.239608	0.0285	0.612	-0.1215	0	281	184	3
2026-02-12	15:46:23.730	24.605	25.97	120.295	1.261968	-0.192272	0.25254	0.03	0.624	-0.126	0	281	184	3
2026-02-12	15:46:23.750	18.095	24.535	147.945	1.164856	-0.115412	0.271084	0.03	0.6345	-0.1275	0	281	184	3
2026-02-12	15:46:23.770	0.77	20.23	170.52	1.032608	-0.055632	0.274012	0.03	0.6345	-0.1275	0	281	184	3
2026-02-12	15:46:23.790	-15.435	13.965	181.755	1.034072	-0.07442	0.272792	0.048	0.66	-0.1305	0	281	184	3
2026-02-12	15:46:23.810	-31.57	9.52	190.155	1.048224	-0.102724	0.250344	0.069	0.705	-0.1365	0	272	228	3
2026-02-12	15:46:23.830	-51.87	7.035	197.295	1.052128	-0.158844	0.209352	0.0795	0.7335	-0.135	0	272	228	3
2026-02-12	15:46:23.850	-69.09	3.92	202.615	1.154364	-0.20618	0.143472	0.0945	0.762	-0.132	0	272	228	3
2026-02-12	15:46:23.870	-83.02	0.945	206.045	1.237812	-0.200324	0.069784	0.111	0.7905	-0.126	0	272	228	3
2026-02-12	15:46:23.890	-89.005	-1.645	207.235	1.223416	-0.192272	0.01464	0.1305	0.8145	-0.114	0	272	228	3
2026-02-12	15:46:23.910	-79.38	-6.37	203.595	1.222196	-0.212768	-0.015616	0.1515	0.843	-0.105	0	272	228	3
2026-02-12	15:46:23.930	-54.425	-11.935	195.86	1.280756	-0.233996	-0.011712	0.177	0.87	-0.0915	0	272	228	3
2026-02-12	15:46:23.950	-22.505	-12.88	185.15	1.260504	-0.290604	-0.017324	0.1935	0.8805	-0.0825	0	272	228	3
2026-02-12	15:46:23.970	14.56	-12.565	170.275	1.151436	-0.352092	-0.018788	0.2145	0.8955	-0.078	0	272	228	3
2026-02-12	15:46:23.990	57.645	-7.455	153.125	1.055544	-0.49898	-0.005124	0.2355	0.9075	-0.078	0	272	228	3
2026-02-12	15:46:24.010	119.77	2.52	135.45	1.049444	-0.481412	0.038552	0.267	0.9255	-0.081	0	263	241	3
2026-02-12	15:46:24.030	171.43	17.08	117.32	0.940132	-0.369172	0.049776	0.2805	0.93	-0.0915	0	263	241	3
2026-02-12	15:46:24.050	181.335	22.89	100.135	0.819596	-0.255956	0.06222	0.3015	0.933	-0.111	0	263	241	3
2026-02-12	15:46:24.070	150.815	21.98	83.125	0.75274	-0.203252	0.085156	0.3225	0.9345	-0.138	0	263	241	3
2026-02-12	15:46:24.090	100.765	18.9	66.15	0.711504	-0.256688	0.11956	0.3375	0.927	-0.162	0	263	241	3
2026-02-12	15:46:24.110	56.91	13.65	51.17	0.68564	-0.314516	0.155916	0.3495	0.9195	-0.171	0	263	241	3
2026-02-12	15:46:24.130	26.18	7.665	39.235	0.685884	-0.367952	0.188124	0.3495	0.9195	-0.177	0	263	241	3
2026-02-12	15:46:24.150	11.76	2.94	29.015	0.687836	-0.412604	0.200324	0.354	0.9195	-0.1845	0	263	241	3
2026-02-12	15:46:24.170	11.585	-3.605	18.725	0.692472	-0.441884	0.18056	0.363	0.9165	-0.189	0	263	241	3
2026-02-12	15:46:24.190	27.545	-13.755	1.995	0.732488	-0.459452	0.194712	0.3675	0.921	-0.1845	0	263	241	3
2026-02-12	15:46:24.210	45.15	-17.955	-8.925	0.746884	-0.466772	0.237656	0.3705	0.9195	-0.1845	0	258	222	3
2026-02-12	15:46:24.230	64.4	-19.74	-18.55	0.764208	-0.4514	0.29158	0.3675	0.918	-0.1935	0	258	222	3
2026-02-12	15:46:24.250	78.75	-20.125	-26.6	0.778116	-0.414556	0.314516	0.363	0.915	-0.2025	0	258	222	3
2026-02-12	15:46:24.270	83.825	-20.055	-35.49	0.803248	-0.348432	0.31476	0.3585	0.9075	-0.207	0	258	222	3
2026-02-12	15:46:24.290	77.175	-21.735	-47.355	0.829356	-0.283772	0.300852	0.354	0.894	-0.219	0	258	222	3
2026-02-12	15:46:24.310	61.915	-25.27	-62.09	0.877912	-0.268156	0.274988	0.3435	0.8835	-0.228	0	258	222	3
2026-02-12	15:46:24.330	49.875	-31.045	-77.63	0.973804	-0.262056	0.243024	0.3345	0.873	-0.234	0	258	222	3
2026-02-12	15:46:24.350	42.42	-38.01	-91.91	1.038952	-0.258396	0.24644	0.324	0.8655	-0.24	0	258	222	3
2026-02-12	15:46:24.370	38.465	-43.89	-104.475	1.055056	-0.255224	0.264008	0.3015	0.8595	-0.2415	0	258	222	3
2026-02-12	15:46:24.390	37.31	-50.645	-121.45	1.1285	-0.2806	0.288652	0.291	0.8565	-0.243	0	258	222	3
2026-02-12	15:46:24.410	41.02	-52.885	-133.91	1.159244	-0.323056	0.35258	0.2805	0.8415	-0.24	0	255	210	3
2026-02-12	15:46:24.430	43.365	-51.205	-133.14	1.033828	-0.292556	0.385032	0.261	0.822	-0.2385	0	255	210	3
2026-02-12	15:46:24.450	43.4	-49.735	-127.89	0.91378	-0.230824	0.36844	0.246	0.804	-0.2445	0	255	210	3
2026-02-12	15:46:24.470	42.7	-50.155	-123.9	0.890356	-0.207644	0.341356	0.2295	0.7875	-0.2445	0	255	210	3
2026-02-12	15:46:24.490	42.035	-50.68	-120.295	0.922076	-0.203496	0.340868	0.21	0.774	-0.2415	0	255	210	3
2026-02-12	15:46:24.510	40.32	-50.89	-115.71	1.005768	-0.188856	0.36234	0.192	0.759	-0.237	0	255	210	3
2026-02-12	15:46:24.530	31.01	-48.3	-110.005	1.022848	-0.1647	0.362096	0.1815	0.7455	-0.234	0	255	210	3
2026-02-12	15:46:24.550	14.385	-45.08	-105.14	1.0248	-0.136152	0.350628	0.1695	0.7305	-0.237	0	255	210	3
2026-02-12	15:46:24.570	-6.51	-42.42	-102.865	1.051396	-0.122976	0.334524	0.153	0.7155	-0.234	0	255	210	3
2026-02-12	15:46:24.590	-30.94	-39.13	-101.955	1.074576	-0.1098	0.325008	0.147	0.711	-0.2325	0	255	210	3
2026-02-12	15:46:24.610	-64.435	-32.9	-100.87	1.006012	-0.100284	0.325496	0.144	0.708	-0.228	0	251	221	3
2026-02-12	15:46:24.630	-93.625	-27.51	-99.575	0.903288	-0.107848	0.301096	0.1335	0.7005	-0.219	0	251	221	3
2026-02-12	15:46:24.650	-111.055	-26.495	-98.315	0.8418	-0.128588	0.264984	0.123	0.693	-0.207	0	251	221	3
2026-02-12	15:46:24.670	-123.725	-26.915	-96.04	0.818132	-0.145912	0.2379	0.1155	0.687	-0.198	0	251	221	3
2026-02-12	15:46:24.690	-128.905	-27.3	-92.75	0.835456	-0.169092	0.233752	0.105	0.6795	-0.189	0	251	221	3
2026-02-12	15:46:24.710	-125.23	-26.39	-87.29	0.893284	-0.186172	0.235704	0.102	0.675	-0.18	0	251	221	3
2026-02-12	15:46:24.730	-121.24	-26.285	-80.675	0.945744	-0.113948	0.210084	0.0945	0.6765	-0.1665	0	251	221	3
2026-02-12	15:46:24.750	-129.745	-27.79	-76.72	0.959652	-0.062952	0.163236	0.09	0.6795	-0.159	0	251	221	3
2026-02-12	15:46:24.770	-141.435	-32.55	-75.425	0.946964	-0.122488	0.151768	0.0855	0.6765	-0.153	0	251	221	3
2026-02-12	15:46:24.790	-133.735	-36.785	-74.515	0.864248	-0.297192	0.255224	0.075	0.672	-0.1455	0	251	221	3
2026-02-12	15:46:24.810	-95.83	-39.83	-70.315	0.878888	-0.440176	0.394304	0.0705	0.672	-0.1395	0	246	241	3
2026-02-12	15:46:24.830	-41.615	-43.96	-63.21	0.9028	-0.40016	0.451888	0.0705	0.672	-0.1395	0	246	241	3
2026-02-12	15:46:24.850	-16.135	-46.62	-59.29	0.866444	-0.422852	0.485804	0.0645	0.6675	-0.129	0	246	241	3
2026-02-12	15:46:24.870	17.325	-48.685	-54.32	0.910364	-0.454572	0.522648	0.0555	0.66	-0.114	0	246	241	3
2026-02-12	15:46:24.890	50.715	-48.125	-46.865	0.987712	-0.410652	0.53558	0.051	0.651	-0.102	0	246	241	3
2026-02-12	15:46:24.910	73.325	-43.89	-38.92	1.036512	-0.40016	0.574864	0.0465	0.642	-0.0945	0	246	241	3
2026-02-12	15:46:24.930	81.235	-34.615	-28.28	1.101904	-0.40626	0.621224	0.0495	0.633	-0.09	0	246	241	3
2026-02-12	15:46:24.950	85.12	-18.55	-16.345	1.168272	-0.433588	0.62464	0.048	0.6225	-0.09	0	246	241	3
2026-02-12	15:46:24.970	85.75	-1.68	-1.82	1.290272	-0.378688	0.50996	0.045	0.6195	-0.0885	0	246	241	3
2026-02-12	15:46:24.990	70.385	13.405	14.035	1.510116	-0.262544	0.3294	0.045	0.618	-0.0945	0	246	241	3
2026-02-12	15:46:25.010	30.31	27.405	34.895	1.562088	-0.17324	0.170312	0.048	0.6165	-0.1005	0	241	271	3
2026-02-12	15:46:25.030	-18.69	40.635	70.945	1.327116	-0.203008	0.137616	0.051	0.618	-0.099	0	241	271	3
2026-02-12	15:46:25.050	-24.325	43.47	107.625	1.152656	-0.161528	0.208864	0.0525	0.6315	-0.105	0	241	271	3
2026-02-12	15:46:25.070	-23.625	37.765	133.28	1.125572	-0.070516	0.275964	0.063	0.6495	-0.114	0	241	271	3
2026-02-12	15:46:25.090	-38.99	33.32	152.67	1.145092	-0.031476	0.305976	0.075	0.6675	-0.1185	0	241	271	3
2026-02-12	15:46:25.110	-64.54	31.08	165.62	1.141432	-0.061	0.284748	0.0795	0.6915	-0.1185	0	241	271	3
2026-02-12	15:46:25.130	-91.35	28.595	176.715	1.135088	-0.135176	0.239608	0.084	0.711	-0.12	0	241	271	3
2026-02-12	15:46:25.150	-114.485	24.85	186.34	1.120204	-0.201788	0.165676	0.102	0.7365	-0.12	0	241	271	3
2026-02-12	15:46:25.170	-125.51	20.405	192.08	1.092144	-0.255956	0.077348	0.12	0.7665	-0.117	0	241	271	3
2026-02-12	15:46:25.190	-119.35	10.255	192.78	1.065304	-0.289872	0.014152	0.135	0.7965	-0.111	0	241	271	3
2026-02-12	15:46:25.210	-95.655	-2.03	189.28	1.090192	-0.2745	0.00976	0.1545	0.819	-0.1035	0	240	290	3
2026-02-12	15:46:25.230	-60.48	-7.245	181.3	1.168272	-0.266936	0.014396	0.1635	0.8295	-0.1005	0	240	290	3
2026-02-12	15:46:25.250	-5.005	-6.405	163.975	1.089704	-0.266204	-0.004392	0.1905	0.867	-0.0885	0	240	290	3
2026-02-12	15:46:25.270	31.255	-5.95	150.325	1.013332	-0.308172	-0.015372	0.21	0.8745	-0.0855	0	240	290	3
2026-02-12	15:46:25.290	64.05	-6.335	135.52	1.041392	-0.352336	0.009028	0.237	0.8865	-0.09	0	240	290	3
2026-02-12	15:46:25.310	92.505	-3.71	121.275	1.123864	-0.356728	0.030988	0.252	0.897	-0.099	0	240	290	3
2026-02-12	15:46:25.330	106.89	3.85	109.06	1.034804	-0.280844	0.027084	0.261	0.9045	-0.1095	0	240	290	3
2026-02-12	15:46:25.350	104.685	6.195	97.055	0.948428	-0.226676	0.012444	0.2745	0.903	-0.1275	0	240	290	3
2026-02-12	15:46:25.370	85.96	2.66	82.355	0.887184	-0.203984	-0.011956	0.2925	0.903	-0.138	0	240	290	3
2026-02-12	15:46:25.390	64.365	-3.64	64.645	0.81496	-0.277916	0.005124	0.303	0.9075	-0.1515	0	240	290	3
2026-02-12	15:46:25.410	56.315	-10.5	48.195	0.770796	-0.351116	0.061488	0.3075	0.9045	-0.162	0	240	268	3
2026-02-12	15:46:25.430	56.665	-15.75	34.23	0.757864	-0.401868	0.126636	0.3135	0.9	-0.1695	0	240	268	3
2026-02-12	15:46:25.450	59.78	-17.605	23.59	0.751276	-0.404552	0.156892	0.318	0.8985	-0.177	0	240	268	3
2026-02-12	15:46:25.470	66.395	-17.85	8.925	0.78324	-0.407236	0.120536	0.318	0.8985	-0.177	0	240	268	3
2026-02-12	15:46:25.490	79.835	-19.145	0.28	0.795928	-0.416752	0.1098	0.318	0.894	-0.1785	0	240	268	3
2026-02-12	15:46:25.510	96.355	-21.175	-4.48	0.771772	-0.403576	0.132248	0.3165	0.8805	-0.189	0	240	268	3
2026-02-12	15:46:25.530	110.775	-22.61	-8.505	0.798612	-0.37088	0.16836	0.3165	0.867	-0.204	0	240	268	3
2026-02-12	15:46:25.550	116.97	-21.49	-13.965	0.82716	-0.338428	0.212524	0.315	0.8595	-0.219	0	240	268	3
2026-02-12	15:46:25.570	115.57	-19.845	-20.23	0.862296	-0.309148	0.234972	0.3075	0.8505	-0.228	0	240	268	3
2026-02-12	15:46:25.590	108.255	-19.81	-27.02	0.894992	-0.277184	0.245708	0.303	0.837	-0.2415	0	240	268	3
2026-02-12	15:46:25.610	97.02	-20.475	-34.16	0.910852	-0.261324	0.261812	0.3015	0.8265	-0.255	0	241	230	3
2026-02-12	15:46:25.630	85.365	-21.98	-41.405	0.909876	-0.260104	0.278648	0.294	0.8175	-0.2565	0	241	230	3
2026-02-12	15:46:25.650	76.79	-24.85	-49.315	0.948672	-0.265716	0.301584	0.2865	0.801	-0.2625	0	241	230	3
2026-02-12	15:46:25.670	71.4	-28	-58.66	1.014308	-0.276452	0.345016	0.2865	0.789	-0.2655	0	241	230	3
2026-02-12	15:46:25.690	67.41	-29.925	-65.73	1.053592	-0.253516	0.384544	0.279	0.78	-0.2685	0	241	230	3
2026-02-12	15:46:25.710	58.485	-31.22	-70.35	1.038952	-0.213256	0.371612	0.267	0.768	-0.273	0	241	230	3
2026-02-12	15:46:25.730	47.285	-32.41	-74.585	1.041636	-0.169092	0.36112	0.264	0.7575	-0.2775	0	241	230	3
2026-02-12	15:46:25.750	36.435	-30.59	-79.87	1.062376	-0.145912	0.388448	0.2535	0.7455	-0.2835	0	241	230	3
2026-02-12	15:46:25.770	24.71	-25.165	-84.035	1.011624	-0.141276	0.400404	0.2415	0.732	-0.2835	0	241	230	3
2026-02-12	15:46:25.790	8.61	-20.86	-85.505	0.934764	-0.130296	0.3843	0.234	0.7215	-0.2775	0	241	230	3
2026-02-12	15:46:25.810	-10.36	-18.76	-86.45	0.88938	-0.105164	0.352092	0.222	0.7125	-0.2745	0	240	218	3
2026-02-12	15:46:25.830	-32.515	-19.25	-88.13	0.89792	-0.09028	0.316956	0.2175	0.708	-0.2715	0	240	218	3
2026-02-12	15:46:25.850	-55.265	-20.825	-90.055	0.91256	-0.093208	0.292312	0.2115	0.7005	-0.2685	0	240	218	3
2026-02-12	15:46:25.870	-73.36	-23.03	-91.385	0.919148	-0.116876	0.278404	0.1965	0.699	-0.267	0	240	218	3
2026-02-12	15:46:25.890	-83.79	-27.65	-94.36	0.958432	-0.168116	0.284748	0.189	0.7035	-0.2655	0	240	218	3
2026-02-12	15:46:25.910	-84.595	-29.61	-96.355	0.977464	-0.2135	0.304268	0.1845	0.7035	-0.261	0	240	218	3
2026-02-12	15:46:25.930	-83.79	-30.94	-98.175	1.055544	-0.23912	0.320128	0.1815	0.702	-0.249	0	240	218	3
2026-02-12	15:46:25.950	-81.76	-29.19	-100.17	1.159244	-0.302316	0.401136	0.1755	0.693	-0.237	0	240	218	3
2026-02-12	15:46:25.970	-78.365	-22.75	-97.335	1.130208	-0.337452	0.412116	0.162	0.69	-0.2295	0	240	218	3
2026-02-12	15:46:25.990	-68.74	-26.39	-86.205	1.006988	-0.308416	0.249856	0.153	0.687	-0.2235	0	240	218	3
2026-02-12	15:46:26.010	-43.155	-39.165	-72.1	0.916464	-0.233264	0.143472	0.153	0.6825	-0.222	0	237	231	3
2026-02-12	15:46:26.030	-31.08	-46.97	-64.19	0.868396	-0.189588	0.126148	0.144	0.6855	-0.213	0	237	231	3
2026-02-12	15:46:26.050	-18.305	-58.275	-57.26	0.834968	-0.088816	0.15128	0.135	0.6825	-0.207	0	237	231	3
2026-02-12	15:46:26.070	-25.375	-67.585	-56.14	0.831552	-0.026108	0.202764	0.1305	0.6735	-0.204	0	237	231	3
2026-02-12	15:46:26.090	-49.735	-73.15	-60.305	0.828868	-0.086376	0.261812	0.126	0.6705	-0.201	0	237	231	3
2026-02-12	15:46:26.110	-66.36	-77.945	-68.6	0.764696	-0.216672	0.33306	0.126	0.6705	-0.201	0	237	231	3
2026-02-12	15:46:26.130	-62.405	-78.54	-73.395	0.748348	-0.288408	0.372832	0.1125	0.666	-0.183	0	237	231	3
2026-02-12	15:46:26.150	-49	-76.02	-77.7	0.781776	-0.343064	0.416508	0.099	0.66	-0.1575	0	237	231	3
2026-02-12	15:46:26.170	-28.595	-70.91	-80.92	0.824964	-0.357216	0.441884	0.0855	0.651	-0.144	0	237	231	3
2026-02-12	15:46:26.190	-14.455	-64.925	-81.585	0.890844	-0.3416	0.425536	0.075	0.636	-0.1335	0	237	231	3
2026-02-12	15:46:26.210	-7.525	-58.73	-79.975	0.959408	-0.345748	0.391132	0.0765	0.6255	-0.1275	0	232	252	3
2026-02-12	15:46:26.230	6.51	-53.2	-76.93	1.09434	-0.390888	0.449936	0.0735	0.621	-0.1185	0	232	252	3
2026-02-12	15:46:26.250	35.035	-38.99	-68.495	1.171932	-0.463844	0.552416	0.063	0.6135	-0.111	0	232	252	3
2026-02-12	15:46:26.270	68.88	-24.5	-52.745	1.268068	-0.433832	0.600484	0.06	0.603	-0.1065	0	232	252	3
2026-02-12	15:46:26.290	89.95	-6.37	-31.675	1.346392	-0.386008	0.573644	0.0615	0.5925	-0.105	0	232	252	3
2026-02-12	15:46:26.310	89.915	17.185	0.245	1.445944	-0.23912	0.416752	0.0585	0.5865	-0.108	0	232	252	3
2026-02-12	15:46:26.330	60.48	37.765	35.84	1.47498	-0.137616	0.260104	0.0615	0.5745	-0.1095	0	232	252	3
2026-02-12	15:46:26.350	33.425	51.94	66.01	1.429596	-0.114436	0.195444	0.066	0.5715	-0.1155	0	232	252	3
2026-02-12	15:46:26.370	18.41	62.86	94.535	1.379088	-0.041968	0.18666	0.066	0.582	-0.1245	0	232	252	3
2026-02-12	15:46:26.390	-0.595	69.755	118.895	1.29076	0.021716	0.189588	0.0705	0.5925	-0.1305	0	232	252	3
2026-02-12	15:46:26.410	-26.32	73.605	139.055	1.180472	0.050996	0.178608	0.081	0.609	-0.141	0	230	279	3
2026-02-12	15:46:26.430	-53.865	75.915	153.475	1.102148	0.031232	0.163236	0.093	0.6225	-0.1515	0	230	279	3
2026-02-12	15:46:26.450	-78.47	72.59	163.52	1.0858	-0.05978	0.146888	0.1035	0.6405	-0.1575	0	230	279	3
2026-02-12	15:46:26.470	-91.84	65.59	171.57	1.08946	-0.154696	0.118828	0.108	0.669	-0.1605	0	230	279	3
2026-02-12	15:46:26.490	-100.03	57.54	176.715	1.05164	-0.15372	0.077104	0.1215	0.699	-0.162	0	230	279	3
2026-02-12	15:46:26.510	-113.05	47.145	176.54	1.025776	-0.176656	0.05124	0.141	0.7245	-0.1635	0	230	279	3
2026-02-12	15:46:26.530	-122.395	32.165	167.825	1.075308	-0.22326	0.02196	0.1455	0.7365	-0.1635	0	230	279	3
2026-02-12	15:46:26.550	-105.455	29.61	159.425	1.05164	-0.273036	0.00732	0.168	0.7575	-0.1575	0	230	279	3
2026-02-12	15:46:26.570	-65.765	28.385	150.22	0.998204	-0.306952	-0.022936	0.1965	0.795	-0.1485	0	230	279	3
2026-02-12	15:46:26.590	-17.535	26.425	137.55	1.037732	-0.332084	-0.025376	0.2115	0.8205	-0.144	0	230	279	3
2026-02-12	15:46:26.610	23.1	26.635	122.15	1.065792	-0.33672	-0.022448	0.228	0.8325	-0.1455	0	231	277	3
2026-02-12	15:46:26.630	48.93	28.875	108.85	0.970876	-0.331596	-0.017324	0.2385	0.84	-0.1515	0	231	277	3
2026-02-12	15:46:26.650	66.92	27.335	96.95	0.901336	-0.315736	-0.015616	0.255	0.846	-0.1575	0	231	277	3
2026-02-12	15:46:26.670	76.23	24.465	85.4	0.83936	-0.320616	0.004148	0.2715	0.846	-0.168	0	231	277	3
2026-02-12	15:46:26.690	86.275	26.67	76.51	0.797148	-0.38674	0.032696	0.285	0.849	-0.177	0	231	277	3
2026-02-12	15:46:26.710	101.605	27.755	69.72	0.749324	-0.372344	0.073932	0.2925	0.849	-0.183	0	231	277	3
2026-02-12	15:46:26.730	99.12	21.105	62.055	0.740052	-0.308416	0.097112	0.294	0.846	-0.186	0	231	277	3
2026-02-12	15:46:26.750	60.2	12.25	48.93	0.716628	-0.329888	0.079544	0.294	0.846	-0.186	0	231	277	3
2026-02-12	15:46:26.770	41.055	3.71	38.85	0.745664	-0.393328	0.09028	0.3075	0.8355	-0.201	0	231	277	3
2026-02-12	15:46:26.790	37.765	-1.435	29.085	0.786168	-0.462868	0.126148	0.324	0.828	-0.216	0	231	277	3
2026-02-12	15:46:26.810	48.51	-6.125	19.11	0.827404	-0.489464	0.176656	0.3285	0.8265	-0.2205	0	234	242	2
2026-02-12	15:46:26.830	55.09	-10.71	8.96	0.868884	-0.485072	0.215696	0.3315	0.822	-0.2265	0	234	242	2
2026-02-12	15:46:26.850	57.925	-14.455	-0.21	0.893528	-0.48678	0.230092	0.3345	0.8205	-0.2295	0	234	242	2
2026-02-12	15:46:26.870	66.92	-19.285	-6.58	0.886696	-0.475068	0.24644	0.3345	0.816	-0.234	0	234	242	2
2026-02-12	15:46:26.890	80.325	-24.64	-11.69	0.913536	-0.418948	0.283284	0.3315	0.804	-0.243	0	234	242	2
2026-02-12	15:46:26.910	91.56	-27.44	-18.06	0.948672	-0.366244	0.324032	0.3255	0.7935	-0.2475	0	234	242	2
2026-02-12	15:46:26.930	99.365	-29.295	-25.375	0.999424	-0.303048	0.353068	0.3195	0.7845	-0.258	0	234	242	2
2026-02-12	15:46:26.950	93.8	-33.39	-37.38	1.081652	-0.162748	0.315492	0.318	0.783	-0.267	0	234	242	2
2026-02-12	15:46:26.970	65.31	-40.11	-51.555	1.138016	-0.091012	0.254248	0.309	0.7725	-0.2685	0	234	242	2
2026-02-12	15:46:26.990	36.715	-49.945	-65.03	1.200968	-0.046116	0.175436	0.3015	0.753	-0.2685	0	234	242	2
2026-02-12	15:46:27.010	-3.57	-65.1	-84.7	1.332484	0.046848	0.056608	0.291	0.741	-0.267	0	239	211	3
2026-02-12	15:46:27.030	-56.385	-78.225	-104.86	1.301496	0.016104	0.020984	0.2745	0.7335	-0.2625	0	239	211	3
2026-02-12	15:46:27.050	-83.475	-87.535	-116.095	1.137284	-0.040504	0.115656	0.2625	0.732	-0.255	0	239	211	3
2026-02-12	15:46:27.070	-76.125	-89.845	-124.075	1.024312	-0.156648	0.209352	0.243	0.735	-0.2445	0	239	211	3
2026-02-12	15:46:27.090	-33.845	-80.36	-128.87	0.924272	-0.207888	0.357216	0.2265	0.7335	-0.237	0	239	211	3
2026-02-12	15:46:27.110	1.575	-65.94	-129.43	0.78446	-0.075884	0.35746	0.2115	0.726	-0.2295	0	239	211	3
2026-02-12	15:46:27.130	7.665	-57.785	-130.375	0.680028	-0.044408	0.235704	0.195	0.714	-0.2205	0	239	211	3
2026-02-12	15:46:27.150	14.63	-55.51	-135.59	0.779336	-0.1586	0.163724	0.1875	0.708	-0.219	0	239	211	3
2026-02-12	15:46:27.170	46.585	-46.48	-139.65	1.012844	-0.263764	0.193004	0.1845	0.693	-0.2115	0	239	211	3
2026-02-12	15:46:27.190	63.42	-36.365	-135.66	1.013576	-0.201544	0.202276	0.171	0.6795	-0.21	0	239	211	3
2026-02-12	15:46:27.210	62.16	-31.955	-129.045	1.063596	-0.128344	0.192272	0.1575	0.651	-0.2085	0	243	200	3
2026-02-12	15:46:27.230	40.005	-33.845	-121.555	1.285392	-0.0732	0.173728	0.153	0.63	-0.207	0	243	200	3
2026-02-12	15:46:27.250	-6.72	-34.405	-111.755	1.316868	0.036356	0.17568	0.1455	0.6135	-0.2025	0	243	200	3
2026-02-12	15:46:27.270	-69.3	-34.125	-97.475	1.130452	0.055144	0.186172	0.1425	0.6	-0.1965	0	243	200	3
2026-02-12	15:46:27.290	-116.725	-39.06	-83.685	1.000644	-0.02806	0.231312	0.138	0.594	-0.1905	0	243	200	3
2026-02-12	15:46:27.310	-136.885	-45.08	-69.265	0.89914	-0.087596	0.274744	0.129	0.591	-0.186	0	243	200	3
2026-02-12	15:46:27.330	-143.255	-52.255	-57.4	0.834236	-0.08662	0.281332	0.1245	0.591	-0.1815	0	243	200	3
2026-02-12	15:46:27.350	-145.11	-56.385	-50.47	0.794464	-0.06222	0.259128	0.1215	0.5985	-0.174	0	243	200	3
2026-02-12	15:46:27.370	-141.155	-57.33	-48.65	0.824476	-0.122	0.241804	0.1215	0.603	-0.168	0	243	200	3
2026-02-12	15:46:27.390	-115.78	-51.38	-49.875	0.93818	-0.244976	0.205936	0.1215	0.603	-0.168	0	243	200	3
2026-02-12	15:46:27.410	-95.27	-46.9	-50.82	0.97478	-0.23668	0.165432	0.117	0.6015	-0.159	0	245	201	3
2026-02-12	15:46:27.430	-79.905	-44.52	-52.5	0.928664	-0.240096	0.169824	0.105	0.6045	-0.1455	0	245	201	3
2026-02-12	15:46:27.450	-60.34	-44.555	-53.27	0.891088	-0.301828	0.223504	0.096	0.603	-0.135	0	245	201	3
2026-02-12	15:46:27.470	-35.105	-44.485	-49.84	0.936472	-0.325496	0.310368	0.093	0.6	-0.1245	0	245	201	3
2026-02-12	15:46:27.490	-20.825	-43.12	-41.265	0.940132	-0.272304	0.377224	0.09	0.5985	-0.12	0	245	201	3
2026-02-12	15:46:27.510	-28.07	-44.275	-30.73	0.969656	-0.20374	0.38918	0.0855	0.5925	-0.1185	0	245	201	3
2026-02-12	15:46:27.530	-39.655	-45.71	-20.825	1.084824	-0.248148	0.37088	0.087	0.5925	-0.1125	0	245	201	3
2026-02-12	15:46:27.550	-30.66	-41.58	-9.17	1.142896	-0.29524	0.462868	0.0885	0.597	-0.108	0	245	201	3
2026-02-12	15:46:27.570	-15.155	-25.48	8.4	1.0858	-0.256932	0.507764	0.081	0.597	-0.102	0	245	201	3
2026-02-12	15:46:27.590	-25.76	-6.965	28.525	1.092876	-0.095404	0.305976	0.0765	0.597	-0.0975	0	245	201	3
2026-02-12	15:46:27.610	-54.81	6.265	43.645	1.167784	-0.11224	0.078324	0.0855	0.6	-0.096	0	246	212	3
2026-02-12	15:46:27.630	-69.72	10.29	54.04	1.363228	-0.177388	-0.013664	0.0915	0.606	-0.096	0	246	212	3
2026-02-12	15:46:27.650	-78.855	20.475	69.72	1.469368	-0.195688	-0.027816	0.09	0.6135	-0.1005	0	246	212	3
2026-02-12	15:46:27.670	-93.8	23.905	89.425	1.378112	-0.075884	-0.025376	0.093	0.624	-0.099	0	246	212	3
2026-02-12	15:46:27.690	-109.83	16.1	104.545	1.3115	-0.045872	0.04026	0.0945	0.636	-0.1005	0	246	212	3
2026-02-12	15:46:27.710	-104.965	10.885	117.285	1.30418	-0.118828	0.133224	0.102	0.654	-0.0975	0	246	212	3
2026-02-12	15:46:27.730	-73.185	16.275	130.865	1.186572	-0.162016	0.126148	0.111	0.672	-0.0945	0	246	212	3
2026-02-12	15:46:27.750	-42.07	15.96	139.615	1.044808	-0.066612	0.094428	0.1155	0.69	-0.0945	0	246	212	3
2026-02-12	15:46:27.770	-25.445	13.23	141.54	0.971364	-0.116388	0.164212	0.123	0.708	-0.093	0	246	212	3
2026-02-12	15:46:27.790	-11.06	17.745	140.98	1.03578	-0.202764	0.240828	0.1305	0.717	-0.096	0	246	212	3
2026-02-12	15:46:27.810	-9.03	33.985	140.42	1.025776	-0.149572	0.151524	0.1425	0.7305	-0.096	0	244	215	3
2026-02-12	15:46:27.830	-13.44	38.36	136.955	0.950868	-0.099064	0.084424	0.1515	0.75	-0.0975	0	244	215	3
2026-02-12	15:46:27.850	-16.38	36.995	127.68	0.930616	-0.116876	0.030988	0.1695	0.777	-0.0975	0	244	215	3
2026-02-12	15:46:27.870	-11.725	31.92	114.625	1.012112	-0.189832	0.011224	0.1785	0.792	-0.099	0	244	215	3
2026-02-12	15:46:27.890	-5.005	27.335	104.195	1.038708	-0.261324	0.0366	0.189	0.8055	-0.1035	0	244	215	3
2026-02-12	15:46:27.910	0.875	24.045	99.4	1.079212	-0.310612	0.077592	0.204	0.8145	-0.105	0	244	215	3
2026-02-12	15:46:27.930	4.795	20.79	95.305	1.16388	-0.314272	0.105896	0.213	0.8175	-0.1035	0	244	215	3
2026-02-12	15:46:27.950	8.995	18.13	91.28	1.208044	-0.31354	0.091012	0.2235	0.828	-0.105	0	244	215	3
2026-02-12	15:46:27.970	18.13	15.75	88.235	1.133868	-0.336476	0.072956	0.2385	0.8415	-0.108	0	244	215	3
2026-02-12	15:46:27.990	37.8	9.205	87.395	1.047004	-0.346236	0.074176	0.246	0.846	-0.108	0	244	215	3
2026-02-12	15:46:28.010	66.465	0.35	84.805	1.06262	-0.303536	0.08418	0.246	0.849	-0.111	0	242	198	3
2026-02-12	15:46:28.030	78.19	-4.375	75.39	1.06994	-0.30622	0.070272	0.246	0.849	-0.111	0	242	198	3
2026-02-12	15:46:28.050	83.755	-6.51	66.465	0.990396	-0.32574	0.060512	0.264	0.855	-0.123	0	242	198	3
2026-02-12	15:46:28.070	91.035	-8.785	58.345	0.898408	-0.31354	0.046848	0.2775	0.8595	-0.1395	0	242	198	3
2026-02-12	15:46:28.090	95.235	-10.535	49.525	0.83082	-0.291336	0.044896	0.2775	0.855	-0.144	0	242	198	3
2026-02-12	15:46:28.110	92.225	-11.305	39.62	0.8113	-0.276452	0.059048	0.285	0.855	-0.153	0	242	198	3
2026-02-12	15:46:28.130	82.985	-10.85	29.505	0.83448	-0.26352	0.075884	0.294	0.855	-0.162	0	242	198	3
2026-02-12	15:46:28.150	73.29	-9.415	20.265	0.858392	-0.261812	0.087596	0.297	0.855	-0.171	0	242	198	3
2026-02-12	15:46:28.170	65.66	-7.84	12.46	0.833504	-0.252784	0.097356	0.2955	0.8505	-0.1785	0	242	198	3
2026-02-12	15:46:28.190	58.73	-6.895	4.27	0.828868	-0.242292	0.105652	0.2955	0.843	-0.183	0	242	198	3
2026-02-12	15:46:28.210	51.555	-5.88	-5.46	0.859124	-0.261812	0.130052	0.2955	0.843	-0.186	0	237	172	3
2026-02-12	15:46:28.230	44.135	-3.64	-14.84	0.830576	-0.254248	0.153964	0.2925	0.837	-0.1905	0	237	172	3
2026-02-12	15:46:28.250	35.665	-3.29	-24.85	0.826184	-0.200568	0.158844	0.2925	0.8325	-0.1935	0	237	172	3
2026-02-12	15:46:28.270	30.38	-3.955	-36.4	0.856684	-0.238876	0.172752	0.288	0.8235	-0.201	0	237	172	3
2026-02-12	15:46:28.290	36.33	-5.565	-46.69	0.92842	-0.30622	0.200812	0.285	0.822	-0.2055	0	237	172	3
2026-02-12	15:46:28.310	47.425	-6.755	-51.38	0.93452	-0.310124	0.246928	0.2865	0.8175	-0.207	0	237	172	3
2026-02-12	15:46:28.330	59.045	-7.665	-55.79	0.973804	-0.315004	0.260104	0.2775	0.807	-0.2115	0	237	172	3
2026-02-12	15:46:28.350	74.34	-7.28	-61.145	1.02602	-0.342576	0.265716	0.27	0.798	-0.213	0	237	172	3
2026-02-12	15:46:28.370	88.83	-10.745	-65.695	1.1651	-0.28792	0.273524	0.267	0.786	-0.216	0	237	172	3
2026-02-12	15:46:28.390	90.51	-14.35	-70.595	1.32492	-0.220088	0.293532	0.258	0.774	-0.222	0	237	172	3
2026-02-12	15:46:28.410	69.44	-12.145	-68.075	1.21268	-0.135664	0.303292	0.2475	0.7605	-0.234	0	232	158	3
2026-02-12	15:46:28.430	30.345	-10.29	-60.55	1.017236	-0.072224	0.282308	0.243	0.7515	-0.243	0	232	158	3
2026-02-12	15:46:28.450	-30.24	-11.795	-47.11	0.859856	-0.012444	0.273768	0.2415	0.753	-0.2385	0	232	158	3
2026-02-12	15:46:28.470	-62.65	-13.93	-42.175	0.851072	-0.00488	0.298168	0.234	0.75	-0.2355	0	232	158	3
2026-02-12	15:46:28.490	-88.795	-15.19	-41.685	0.888648	-0.079788	0.338916	0.231	0.7455	-0.2295	0	232	158	3
2026-02-12	15:46:28.510	-98.105	-12.11	-44.31	0.913536	-0.166408	0.380884	0.2295	0.7485	-0.2205	0	232	158	3
2026-02-12	15:46:28.530	-97.23	-6.86	-49.665	0.933056	-0.200812	0.356972	0.2205	0.753	-0.2145	0	232	158	3
2026-02-12	15:46:28.550	-98.7	-2.17	-57.33	0.923052	-0.23668	0.284504	0.219	0.7545	-0.2085	0	232	158	3
2026-02-12	15:46:28.570	-103.145	1.295	-66.85	0.914756	-0.262788	0.223992	0.213	0.7605	-0.1965	0	232	158	3
2026-02-12	15:46:28.590	-104.545	4.13	-78.855	0.910364	-0.261324	0.189344	0.2025	0.7635	-0.1905	0	232	158	3
2026-02-12	15:46:28.610	-102.34	6.72	-91.595	0.90158	-0.25254	0.181048	0.201	0.7605	-0.1875	0	226	169	3
2026-02-12	15:46:28.630	-99.155	7	-103.635	0.893284	-0.243268	0.214232	0.1965	0.759	-0.183	0	226	169	3
2026-02-12	15:46:28.650	-99.05	6.755	-113.47	0.894992	-0.280356	0.255712	0.1875	0.759	-0.1815	0	226	169	3
2026-02-12	15:46:28.670	-112	3.22	-118.72	0.862784	-0.328424	0.246684	0.1875	0.759	-0.1815	0	226	169	3
2026-02-12	15:46:28.690	-124.6	-2.8	-119.28	0.830088	-0.330864	0.245708	0.1755	0.756	-0.1695	0	226	169	3
2026-02-12	15:46:28.710	-130.13	-10.325	-118.755	0.80642	-0.347456	0.270596	0.1635	0.7485	-0.1575	0	226	169	3
2026-02-12	15:46:28.730	-122.955	-17.465	-116.725	0.787632	-0.39894	0.305	0.1575	0.7395	-0.1455	0	226	169	3
2026-02-12	15:46:28.750	-101.045	-23.485	-113.26	0.776896	-0.481656	0.330376	0.1455	0.7365	-0.132	0	226	169	3
2026-02-12	15:46:28.770	-64.05	-28.945	-109.27	0.820328	-0.571936	0.370148	0.1365	0.7275	-0.1245	0	226	169	3
2026-02-12	15:46:28.790	-22.645	-33.18	-103.215	0.880108	-0.574376	0.418948	0.1305	0.7185	-0.114	0	226	169	3
2026-02-12	15:46:28.810	9.765	-35.875	-93.17	0.917928	-0.502152	0.44774	0.1185	0.711	-0.1065	0	220	195	3
2026-02-12	15:46:28.830	32.27	-37.765	-80.08	1.026508	-0.444324	0.408456	0.111	0.702	-0.1095	0	220	195	3
2026-02-12	15:46:28.850	45.045	-38.78	-66.5	1.198284	-0.431636	0.3355	0.1095	0.7005	-0.1125	0	220	195	3
2026-02-12	15:46:28.870	54.145	-36.855	-51.275	1.388116	-0.549	0.41602	0.099	0.6795	-0.108	0	220	195	3
2026-02-12	15:46:28.890	76.86	-21.98	-30.38	1.394948	-0.643672	0.571204	0.096	0.6705	-0.1065	0	220	195	3
2026-02-12	15:46:28.910	97.615	-6.685	-3.325	1.326384	-0.466772	0.44652	0.0915	0.66	-0.102	0	220	195	3
2026-02-12	15:46:28.930	86.065	3.255	24.605	1.262456	-0.234972	0.248392	0.0885	0.66	-0.1035	0	220	195	3
2026-02-12	15:46:28.950	45.815	7.735	48.93	1.225124	-0.19154	0.1586	0.0885	0.6555	-0.1065	0	220	195	3
2026-02-12	15:46:28.970	15.12	9.345	72.24	1.173152	-0.24888	0.1586	0.0885	0.654	-0.1095	0	220	195	3
2026-02-12	15:46:28.990	10.99	8.68	96.18	1.098732	-0.233264	0.17324	0.0885	0.6645	-0.1095	0	220	195	3
2026-02-12	15:46:29.010	10.885	6.895	118.055	1.052128	-0.155916	0.171044	0.0975	0.6765	-0.1125	0	217	227	3
2026-02-12	15:46:29.030	2.205	5.075	134.715	1.05286	-0.11834	0.151768	0.1065	0.69	-0.1125	0	217	227	3
2026-02-12	15:46:29.050	-13.51	3.045	146.755	1.029436	-0.12078	0.123708	0.1095	0.7065	-0.1125	0	217	227	3
2026-02-12	15:46:29.070	-27.615	0.175	155.12	1.025532	-0.165676	0.100528	0.1125	0.7155	-0.12	0	217	227	3
2026-02-12	15:46:29.090	-27.65	-2.205	163.1	1.096536	-0.213256	0.068808	0.126	0.7305	-0.1125	0	217	227	3
2026-02-12	15:46:29.110	-21.945	-2.94	165.41	1.081408	-0.209352	0.045872	0.138	0.753	-0.1095	0	217	227	3
2026-02-12	15:46:29.130	-16.45	-4.515	165.375	1.074576	-0.227896	0.009272	0.156	0.78	-0.1065	0	217	227	3
2026-02-12	15:46:29.150	-6.16	-6.615	162.96	1.129964	-0.24644	-0.016836	0.168	0.801	-0.102	0	217	227	3
2026-02-12	15:46:29.170	10.815	-5.95	158.69	1.13948	-0.281332	-0.023912	0.1815	0.8175	-0.0975	0	217	227	3
2026-02-12	15:46:29.190	32.48	-4.2	153.23	1.1041	-0.284504	-0.023668	0.1965	0.828	-0.0945	0	217	227	3
2026-02-12	15:46:29.210	51.555	-3.395	145.495	1.082628	-0.314028	-0.001708	0.213	0.8445	-0.0975	0	217	232	3
2026-02-12	15:46:29.230	71.995	-1.505	136.675	1.164612	-0.362096	0.014884	0.2295	0.8625	-0.108	0	217	232	3
2026-02-12	15:46:29.250	84.77	4.865	128.8	1.09678	-0.339404	0.018056	0.246	0.8685	-0.12	0	217	232	3
2026-02-12	15:46:29.270	85.26	8.435	120.68	1.015528	-0.308416	0.01708	0.252	0.8655	-0.129	0	217	232	3
2026-02-12	15:46:29.290	72.905	8.155	110.915	0.93452	-0.288652	0.008052	0.273	0.87	-0.126	0	217	232	3
2026-02-12	15:46:29.310	50.61	3.57	95.095	0.79056	-0.333304	0.017568	0.273	0.87	-0.126	0	217	232	3
2026-02-12	15:46:29.330	44.45	-1.54	83.755	0.773236	-0.379908	0.053436	0.2895	0.8775	-0.1365	0	217	232	3
2026-02-12	15:46:29.350	43.295	-5.075	70.735	0.825452	-0.44286	0.087352	0.309	0.8865	-0.1545	0	217	232	3
2026-02-12	15:46:29.370	41.65	-4.725	58.835	0.78324	-0.476776	0.098088	0.3165	0.888	-0.1605	0	217	232	3
2026-02-12	15:46:29.390	40.635	-5.81	49	0.73444	-0.486292	0.092476	0.324	0.8865	-0.1605	0	217	232	3
2026-02-12	15:46:29.410	40.88	-8.12	39.76	0.7076	-0.482632	0.09516	0.3315	0.8865	-0.168	0	219	204	3
2026-02-12	15:46:29.430	43.015	-9.975	30.87	0.695644	-0.4819	0.111508	0.336	0.8865	-0.174	0	219	204	3
2026-02-12	15:46:29.450	47.74	-12.04	21.91	0.722484	-0.496052	0.15006	0.3345	0.8805	-0.174	0	219	204	3
2026-02-12	15:46:29.470	54.915	-13.09	13.475	0.817156	-0.525332	0.214964	0.3345	0.879	-0.18	0	219	204	3
2026-02-12	15:46:29.490	64.015	-9.52	8.365	0.865712	-0.515816	0.264252	0.3345	0.8805	-0.1875	0	219	204	3
2026-02-12	15:46:29.510	71.26	-4.55	5.25	0.80642	-0.430904	0.241316	0.3345	0.8745	-0.189	0	219	204	3
2026-02-12	15:46:29.530	70.525	-4.165	-0.595	0.761036	-0.353068	0.209596	0.3315	0.87	-0.195	0	219	204	3
2026-02-12	15:46:29.550	62.545	-7.385	-9.975	0.757864	-0.315248	0.19642	0.33	0.8625	-0.207	0	219	204	3
2026-02-12	15:46:29.570	52.395	-12.81	-23.45	0.770308	-0.301584	0.193736	0.333	0.8535	-0.213	0	219	204	3
2026-02-12	15:46:29.590	43.435	-18.935	-39.585	0.795196	-0.302804	0.204716	0.333	0.849	-0.216	0	219	204	3
2026-02-12	15:46:29.610	39.2	-24.815	-57.61	0.828868	-0.317932	0.2196	0.324	0.8475	-0.2205	0	221	178	3
2026-02-12	15:46:29.630	38.115	-29.12	-75.215	0.861808	-0.326716	0.238388	0.318	0.8385	-0.2295	0	221	178	3
2026-02-12	15:46:29.650	39.41	-32.48	-90.58	0.907192	-0.33428	0.255224	0.3135	0.8325	-0.231	0	221	178	3
2026-02-12	15:46:29.670	40.425	-33.74	-104.055	0.953064	-0.312808	0.266204	0.3015	0.8265	-0.225	0	221	178	3
2026-02-12	15:46:29.690	37.8	-33.285	-117.915	1.017236	-0.29158	0.25254	0.2835	0.81	-0.234	0	221	178	3
2026-02-12	15:46:29.710	32.34	-32.13	-131.95	1.089704	-0.271572	0.235704	0.276	0.804	-0.2415	0	221	178	3
2026-02-12	15:46:29.730	23.415	-28.21	-146.545	1.12972	-0.290604	0.218624	0.2625	0.792	-0.234	0	221	178	3
2026-02-12	15:46:29.750	21.455	-23.905	-147.63	1.05652	-0.300852	0.198128	0.2475	0.774	-0.234	0	221	178	3
2026-02-12	15:46:29.770	21.14	-20.195	-142.03	0.953308	-0.285724	0.201056	0.2235	0.756	-0.2355	0	221	178	3
2026-02-12	15:46:29.790	18.865	-18.585	-131.39	0.878156	-0.2501	0.212524	0.2085	0.7425	-0.237	0	221	178	3
2026-02-12	15:46:29.810	12.495	-20.44	-118.93	0.879132	-0.206424	0.236924	0.204	0.726	-0.237	0	221	173	3
2026-02-12	15:46:29.830	3.57	-22.015	-108.745	0.92964	-0.16104	0.269376	0.1935	0.7185	-0.2355	0	221	173	3
2026-02-12	15:46:29.850	-8.995	-23.38	-99.96	0.956236	-0.137128	0.302804	0.1755	0.7065	-0.2355	0	221	173	3
2026-02-12	15:46:29.870	-28.98	-25.935	-93.1	0.995032	-0.140544	0.311588	0.1755	0.6975	-0.228	0	221	173	3
2026-02-12	15:46:29.890	-50.96	-29.05	-90.51	1.093608	-0.18666	0.335988	0.171	0.693	-0.225	0	221	173	3
2026-02-12	15:46:29.910	-68.565	-28.735	-89.495	1.1773	-0.234972	0.390644	0.1605	0.6915	-0.2295	0	221	173	3
2026-02-12	15:46:29.930	-84.77	-24.57	-86.38	1.192672	-0.236436	0.4087	0.162	0.6825	-0.225	0	221	173	3
2026-02-12	15:46:29.950	-113.96	-18.795	-77.42	1.053348	-0.196664	0.33428	0.162	0.6825	-0.225	0	221	173	3
2026-02-12	15:46:29.970	-127.82	-17.885	-71.05	0.932812	-0.210328	0.287676	0.15	0.681	-0.2115	0	221	173	3
2026-02-12	15:46:29.990	-127.47	-20.65	-64.54	0.840336	-0.2257	0.261812	0.1365	0.681	-0.1935	0	221	173	3
2026-02-12	15:46:30.010	-118.825	-25.55	-58.31	0.789828	-0.224236	0.26108	0.132	0.681	-0.186	0	220	189	3
2026-02-12	15:46:30.030	-109.305	-30.45	-52.815	0.772016	-0.224968	0.271572	0.126	0.6855	-0.1785	0	220	189	3
2026-02-12	15:46:30.050	-100.205	-33.495	-49.175	0.76616	-0.225456	0.288164	0.126	0.6885	-0.168	0	220	189	3
2026-02-12	15:46:30.070	-89.565	-33.95	-47.635	0.770308	-0.210084	0.293532	0.12	0.6855	-0.162	0	220	189	3
2026-02-12	15:46:30.090	-82.6	-34.335	-47.285	0.752496	-0.205448	0.274988	0.114	0.684	-0.156	0	220	189	3
2026-02-12	15:46:30.110	-79.625	-37.03	-46.305	0.758352	-0.211792	0.248636	0.1095	0.684	-0.1455	0	220	189	3
2026-02-12	15:46:30.130	-75.25	-40.6	-49.77	0.840092	-0.237412	0.29036	0.1035	0.6855	-0.141	0	220	189	3
2026-02-12	15:46:30.150	-65.765	-38.325	-54.53	1.006256	-0.24888	0.346724	0.105	0.6855	-0.135	0	220	189	3
2026-02-12	15:46:30.170	-64.96	-33.04	-49.385	0.95526	-0.22204	0.312564	0.1005	0.684	-0.129	0	220	189	3
2026-02-12	15:46:30.190	-58.905	-37.17	-41.965	1.000156	-0.243268	0.25864	0.0915	0.6765	-0.1215	0	220	189	3
2026-02-12	15:46:30.210	-38.675	-43.295	-37.94	1.121912	-0.29402	0.344528	0.087	0.6765	-0.111	0	216	216	3
2026-02-12	15:46:30.230	-10.115	-42.28	-30.24	1.16754	-0.345992	0.458476	0.084	0.672	-0.102	0	216	216	3
2026-02-12	15:46:30.250	26.11	-35.175	-19.67	1.204872	-0.376248	0.543388	0.081	0.666	-0.099	0	216	216	3
2026-02-12	15:46:30.270	64.575	-22.645	-7.56	1.301496	-0.360144	0.50386	0.0765	0.6615	-0.0915	0	216	216	3
2026-02-12	15:46:30.290	85.995	-7.91	3.43	1.477176	-0.244488	0.37942	0.072	0.6585	-0.0885	0	216	216	3
2026-02-12	15:46:30.310	63.945	7.455	15.505	1.522072	-0.135176	0.209108	0.069	0.66	-0.096	0	216	216	3
2026-02-12	15:46:30.330	18.76	22.89	31.78	1.404708	-0.149816	0.099064	0.069	0.6585	-0.102	0	216	216	3
2026-02-12	15:46:30.350	-8.05	30.66	51.8	1.296128	-0.167628	0.071004	0.081	0.648	-0.1005	0	216	216	3
2026-02-12	15:46:30.370	-19.565	28.805	85.19	1.12972	-0.056608	0.111996	0.0825	0.6615	-0.105	0	216	216	3
2026-02-12	15:46:30.390	-36.33	22.505	104.09	1.011624	0.006832	0.160552	0.084	0.672	-0.1065	0	216	216	3
2026-02-12	15:46:30.410	-55.055	15.26	114.87	0.950624	-0.02318	0.199592	0.093	0.693	-0.111	0	214	241	3
2026-02-12	15:46:30.430	-69.265	9.03	120.47	0.966972	-0.082716	0.202032	0.102	0.7065	-0.1125	0	214	241	3
2026-02-12	15:46:30.450	-81.235	6.335	125.265	0.967948	-0.150304	0.170312	0.1065	0.7245	-0.111	0	214	241	3
2026-02-12	15:46:30.470	-87.64	5.215	129.5	0.91012	-0.211304	0.115656	0.117	0.744	-0.1035	0	214	241	3
2026-02-12	15:46:30.490	-80.85	3.045	130.69	0.910608	-0.268644	0.05856	0.126	0.762	-0.0945	0	214	241	3
2026-02-12	15:46:30.510	-60.655	2.73	127.89	0.931348	-0.311344	0.013664	0.141	0.78	-0.09	0	214	241	3
2026-02-12	15:46:30.530	-24.71	4.515	121.695	1.012356	-0.346968	-0.00488	0.1515	0.798	-0.081	0	214	241	3
2026-02-12	15:46:30.550	22.4	10.08	114.45	1.057984	-0.33672	-0.018056	0.153	0.81	-0.0735	0	214	241	3
2026-02-12	15:46:30.570	65.52	17.64	108.15	1.012112	-0.303292	-0.04148	0.1635	0.819	-0.087	0	214	241	3
2026-02-12	15:46:30.590	139.685	26.985	94.43	0.994056	-0.325496	-0.060512	0.1635	0.819	-0.087	0	214	241	3
2026-02-12	15:46:30.610	195.685	34.44	84.385	1.08092	-0.309392	0.005856	0.1815	0.8265	-0.105	0	214	238	3
2026-02-12	15:46:30.630	220.99	44.59	77.56	1.051152	-0.294264	0.054412	0.2025	0.834	-0.1305	0	214	238	3
2026-02-12	15:46:30.650	216.475	51.8	73.535	0.96746	-0.330132	0.085644	0.216	0.8295	-0.1545	0	214	238	3
2026-02-12	15:46:30.670	193.025	51.695	69.93	0.932324	-0.305976	0.127856	0.228	0.819	-0.1815	0	214	238	3
2026-02-12	15:46:30.690	157.675	48.405	65.52	0.866688	-0.26962	0.165676	0.24	0.81	-0.2055	0	214	238	3
2026-02-12	15:46:30.710	122.185	39.41	62.335	0.822036	-0.29036	0.199836	0.252	0.8025	-0.2205	0	214	238	3
2026-02-12	15:46:30.730	95.305	28.49	60.34	0.81984	-0.332328	0.250832	0.2595	0.792	-0.2295	0	214	238	3
2026-02-12	15:46:30.750	75.985	18.97	58.695	0.82594	-0.405284	0.302316	0.2655	0.7845	-0.243	0	214	238	3
2026-02-12	15:46:30.770	63.595	11.375	57.365	0.826672	-0.432856	0.325984	0.267	0.7815	-0.249	0	214	238	3
2026-02-12	15:46:30.790	54.495	4.515	54.075	0.8296	-0.449204	0.321592	0.2745	0.783	-0.2535	0	214	238	3
2026-02-12	15:46:30.810	57.82	-0.875	49.455	0.839848	-0.46116	0.31476	0.2805	0.7815	-0.261	0	216	216	3
2026-02-12	15:46:30.830	68.075	-5.285	44.835	0.846436	-0.426024	0.345016	0.291	0.78	-0.267	0	216	216	3
2026-02-12	15:46:30.850	72.52	-7.595	39.935	0.83326	-0.386008	0.368928	0.291	0.7785	-0.2715	0	216	216	3
2026-02-12	15:46:30.870	68.95	-9.555	33.81	0.82716	-0.347944	0.367952	0.291	0.7725	-0.276	0	216	216	3
2026-02-12	15:46:30.890	59.605	-12.075	26.075	0.817888	-0.3233	0.3599	0.294	0.765	-0.2805	0	216	216	3
2026-02-12	15:46:30.910	49.595	-16.17	16.52	0.833748	-0.302804	0.36966	0.2955	0.762	-0.2835	0	216	216	3
2026-02-12	15:46:30.930	38.885	-20.23	6.86	0.853512	-0.289872	0.384544	0.2955	0.7605	-0.285	0	216	216	3
2026-02-12	15:46:30.950	30.73	-23.52	-3.255	0.9028	-0.285724	0.404552	0.2955	0.756	-0.285	0	216	216	3
2026-02-12	15:46:30.970	24.36	-24.255	-13.65	0.955016	-0.281576	0.4209	0.3	0.7545	-0.2805	0	216	216	3
2026-02-12	15:46:30.990	18.165	-22.54	-23.24	0.982832	-0.261812	0.422364	0.285	0.744	-0.288	0	216	216	3
2026-02-12	15:46:31.010	5.145	-17.85	-33.74	0.917196	-0.221552	0.349896	0.2775	0.744	-0.2955	0	217	217	3
2026-02-12	15:46:31.030	-4.165	-18.375	-38.605	0.853512	-0.197884	0.309392	0.2745	0.7395	-0.2925	0	217	217	3
2026-02-12	15:46:31.050	-8.855	-21.035	-43.33	0.831064	-0.187636	0.291092	0.2685	0.7335	-0.2865	0	217	217	3
2026-02-12	15:46:31.070	-12.18	-24.08	-46.76	0.833992	-0.160552	0.27328	0.2655	0.7305	-0.2805	0	217	217	3
2026-02-12	15:46:31.090	-16.31	-28	-50.925	0.891576	-0.15006	0.26474	0.2625	0.7275	-0.282	0	217	217	3
2026-02-12	15:46:31.110	-19.845	-30.8	-57.75	0.955748	-0.173484	0.304024	0.252	0.7245	-0.279	0	217	217	3
2026-02-12	15:46:31.130	-16.73	-27.895	-64.47	0.995276	-0.192516	0.377712	0.2445	0.723	-0.273	0	217	217	3
2026-02-12	15:46:31.150	-14.385	-21.525	-67.97	0.945012	-0.135176	0.370148	0.24	0.7215	-0.27	0	217	217	3
2026-02-12	15:46:31.170	-24.92	-17.675	-69.79	0.88206	-0.076128	0.306464	0.231	0.7185	-0.2655	0	217	217	3
2026-02-12	15:46:31.190	-42.28	-17.92	-72.975	0.863272	-0.050508	0.268888	0.2265	0.7155	-0.2625	0	217	217	3
2026-02-12	15:46:31.210	-57.995	-19.53	-77.21	0.875228	-0.07905599	0.274256	0.2205	0.7095	-0.267	0	215	238	2
2026-02-12	15:46:31.230	-70.805	-22.785	-82.46	0.928908	-0.117852	0.293044	0.2205	0.7095	-0.267	0	215	238	2
2026-02-12	15:46:31.250	-74.76	-25.585	-85.155	0.950868	-0.149328	0.294508	0.2115	0.7095	-0.2565	0	215	238	2
2026-02-12	15:46:31.270	-71.96	-28.7	-88.725	0.988444	-0.174216	0.308172	0.2025	0.7095	-0.243	0	215	238	2
2026-02-12	15:46:31.290	-66.115	-29.645	-93.59	1.034072	-0.204472	0.313296	0.192	0.7095	-0.2385	0	215	238	2
2026-02-12	15:46:31.310	-61.495	-27.825	-98.175	1.020652	-0.187392	0.292312	0.18	0.7095	-0.231	0	215	238	2
2026-02-12	15:46:31.330	-63.735	-25.935	-101.36	0.9455	-0.16592	0.248392	0.177	0.708	-0.225	0	215	238	2
2026-02-12	15:46:31.350	-70.385	-27.125	-103.775	0.901336	-0.163724	0.218868	0.1695	0.7035	-0.2235	0	215	238	2
2026-02-12	15:46:31.370	-77	-30.66	-106.085	0.876692	-0.174948	0.213012	0.159	0.7005	-0.219	0	215	238	2
2026-02-12	15:46:31.390	-82.075	-35.35	-107.835	0.88084	-0.192272	0.227164	0.156	0.7035	-0.216	0	215	238	2
2026-02-12	15:46:31.410	-85.33	-39.69	-108.15	0.896456	-0.215452	0.243512	0.1515	0.6825	-0.204	0	211	259	2
2026-02-12	15:46:31.430	-83.335	-42.735	-107.52	0.926956	-0.240828	0.261324	0.1485	0.6885	-0.192	0	211	259	2
2026-02-12	15:46:31.450	-73.325	-42.875	-105.49	0.924272	-0.265716	0.287432	0.1365	0.6765	-0.186	0	211	259	2
2026-02-12	15:46:31.470	-61.67	-42.91	-100.765	0.854976	-0.244	0.28182	0.123	0.666	-0.177	0	211	259	2
2026-02-12	15:46:31.490	-53.34	-47.285	-94.08	0.80276	-0.262544	0.267424	0.114	0.6585	-0.1725	0	211	259	2
2026-02-12	15:46:31.510	-36.225	-55.195	-88.515	0.848144	-0.327204	0.339892	0.102	0.651	-0.162	0	211	259	2
2026-02-12	15:46:31.530	-6.51	-59.92	-82.39	0.927444	-0.400892	0.474824	0.0945	0.642	-0.1515	0	211	259	2
2026-02-12	15:46:31.550	33.355	-58.38	-70.245	0.957212	-0.399428	0.559248	0.0945	0.63	-0.147	0	211	259	2
2026-02-12	15:46:31.570	73.815	-55.44	-55.055	1.039928	-0.338916	0.563884	0.087	0.621	-0.1395	0	211	259	2
2026-02-12	15:46:31.590	108.08	-50.19	-43.155	1.199748	-0.30256	0.60268	0.0765	0.6045	-0.135	0	211	259	2
2026-02-12	15:46:31.610	125.23	-38.115	-29.33	1.280756	-0.294508	0.62952	0.0765	0.5925	-0.132	0	205	278	3
2026-02-12	15:46:31.630	116.97	-23.52	-13.545	1.321992	-0.227408	0.58438	0.075	0.594	-0.126	0	205	278	3
2026-02-12	15:46:31.650	76.37	1.295	11.41	1.290516	-0.168116	0.49166	0.072	0.5865	-0.1245	0	205	278	3
2026-02-12	15:46:31.670	46.865	15.19	29.085	1.30418	-0.133712	0.401136	0.0735	0.579	-0.1215	0	205	278	3
2026-02-12	15:46:31.690	12.705	26.25	49.77	1.28344	-0.105652	0.274256	0.0735	0.573	-0.1245	0	205	278	3
2026-02-12	15:46:31.710	-24.78	31.745	71.96	1.239276	-0.069296	0.185684	0.0705	0.5805	-0.129	0	205	278	3
2026-02-12	15:46:31.730	-56.91	32.375	93.625	1.17608	-0.09516	0.137128	0.075	0.5925	-0.129	0	205	278	3
2026-02-12	15:46:31.750	-77.455	29.505	114.17	1.120448	-0.090524	0.138104	0.0795	0.603	-0.135	0	205	278	3
2026-02-12	15:46:31.770	-89.285	26.88	132.265	1.086776	-0.061244	0.143228	0.084	0.618	-0.138	0	205	278	3
2026-02-12	15:46:31.790	-101.395	24.605	145.985	1.015284	-0.009516	0.150304	0.0885	0.642	-0.141	0	205	278	3
2026-02-12	15:46:31.810	-117.425	18.165	154	0.964288	-0.036356	0.138836	0.093	0.6675	-0.138	0	201	298	3
2026-02-12	15:46:31.830	-119.21	14.665	158.865	0.959408	-0.207156	0.117364	0.096	0.681	-0.1335	0	201	298	3
2026-02-12	15:46:31.850	-81.935	14.77	162.82	0.981368	-0.363072	0.073688	0.102	0.7065	-0.1245	0	201	298	3
2026-02-12	15:46:31.870	-12.005	13.895	165.2	1.037732	-0.2928	0.045872	0.102	0.7065	-0.1245	0	201	298	3
2026-02-12	15:46:31.890	14.105	15.68	161.7	1.10044	-0.256932	0.014396	0.12	0.738	-0.123	0	201	298	3
2026-02-12	15:46:31.910	33.11	18.97	153.79	1.081164	-0.230092	-0.007076	0.1515	0.7755	-0.1215	0	201	298	3
2026-02-12	15:46:31.930	51.03	20.895	143.885	1.06262	-0.247416	-0.0244	0.168	0.789	-0.1245	0	201	298	3
2026-02-12	15:46:31.950	69.37	21.455	131.845	1.072624	-0.264984	-0.024156	0.1785	0.801	-0.1305	0	201	298	3
2026-02-12	15:46:31.970	82.18	22.575	118.44	1.1346	-0.277672	-0.000244	0.192	0.8145	-0.1395	0	201	298	3
2026-02-12	15:46:31.990	80.71	26.075	105.945	1.085556	-0.271328	0.014396	0.2055	0.8205	-0.1455	0	201	298	3
2026-02-12	15:46:32.010	67.375	25.655	92.435	0.982344	-0.288408	0.022448	0.2145	0.8205	-0.1455	0	201	284	3
2026-02-12	15:46:32.030	62.02	22.75	84.35	0.92354	-0.316468	0.024156	0.2145	0.8205	-0.1455	0	201	284	3
2026-02-12	15:46:32.050	62.79	17.675	73.675	0.942328	-0.3721	0.059536	0.2325	0.828	-0.171	0	201	284	3
2026-02-12	15:46:32.070	60.095	13.72	60.725	0.941596	-0.368196	0.078568	0.24	0.8355	-0.1725	0	201	284	3
2026-02-12	15:46:32.090	43.855	9.835	50.505	0.859612	-0.373076	0.084668	0.249	0.8325	-0.18	0	201	284	3
2026-02-12	15:46:32.110	26.005	5.075	44.17	0.809348	-0.393816	0.07515199	0.2595	0.831	-0.183	0	201	284	3
2026-02-12	15:46:32.130	7.315	-1.085	37.905	0.778848	-0.405284	0.05124	0.2625	0.831	-0.186	0	201	284	3
2026-02-12	15:46:32.150	-11.62	-9.66	30.1	0.766892	-0.410896	0.032208	0.2685	0.831	-0.1905	0	201	284	3
2026-02-12	15:46:32.170	-27.125	-18.27	21.77	0.738344	-0.439688	0.029036	0.267	0.8415	-0.1845	0	201	284	3
2026-02-12	15:46:32.190	-33.705	-27.93	13.195	0.770308	-0.467504	0.01708	0.267	0.849	-0.1785	0	201	284	3
2026-02-12	15:46:32.210	-32.2	-35.14	4.06	0.842288	-0.474824	0.02074	0.2715	0.846	-0.1725	0	203	238	3
2026-02-12	15:46:32.230	-27.475	-37.065	-5.53	0.8601	-0.477996	0.01098	0.2745	0.849	-0.1665	0	203	238	3
2026-02-12	15:46:32.250	-16.625	-38.885	-15.05	0.855952	-0.488976	0.023668	0.2745	0.855	-0.1605	0	203	238	3
2026-02-12	15:46:32.270	7.455	-40.04	-24.01	0.889624	-0.528748	0.084912	0.267	0.8535	-0.159	0	203	238	3
2026-02-12	15:46:32.290	57.505	-37.87	-30.8	0.914512	-0.513376	0.186416	0.264	0.8505	-0.156	0	203	238	3
2026-02-12	15:46:32.310	95.305	-35.665	-30.205	0.9577	-0.517768	0.237656	0.2565	0.849	-0.159	0	203	238	3
2026-02-12	15:46:32.330	137.865	-31.395	-25.935	0.992592	-0.469212	0.292556	0.252	0.8415	-0.165	0	203	238	3
2026-02-12	15:46:32.350	167.475	-26.635	-21.525	0.988444	-0.362584	0.312564	0.2445	0.8265	-0.174	0	203	238	3
2026-02-12	15:46:32.370	178.01	-23.205	-20.895	1.0065	-0.276452	0.311832	0.2355	0.8115	-0.186	0	203	238	3
2026-02-12	15:46:32.390	166.46	-22.05	-24.15	1.004548	-0.185684	0.294752	0.234	0.7965	-0.1995	0	203	238	3
2026-02-12	15:46:32.410	133.735	-22.54	-32.165	1.023092	-0.108824	0.294264	0.2265	0.783	-0.2115	0	206	198	3
2026-02-12	15:46:32.430	92.085	-20.79	-41.055	1.000644	-0.076372	0.322324	0.222	0.774	-0.2205	0	206	198	3
2026-02-12	15:46:32.450	54.32	-15.05	-49.07	0.962092	-0.034404	0.36356	0.2235	0.771	-0.225	0	206	198	3
2026-02-12	15:46:32.470	14.56	-7.735	-56.84	0.87718	0.005124	0.356972	0.2175	0.7545	-0.222	0	206	198	3
2026-02-12	15:46:32.490	-24.57	-2.485	-64.33	0.857416	-0.018056	0.326716	0.2175	0.747	-0.225	0	206	198	3
2026-02-12	15:46:32.510	-62.37	3.43	-73.815	0.867664	-0.136884	0.298412	0.2115	0.7455	-0.2235	0	206	198	3
2026-02-12	15:46:32.530	-67.585	6.16	-79.59	0.893772	-0.179584	0.30378	0.2055	0.744	-0.2175	0	206	198	3
2026-02-12	15:46:32.550	-66.605	8.435	-85.61	0.923296	-0.186904	0.300852	0.1995	0.7425	-0.2175	0	206	198	3
2026-02-12	15:46:32.570	-67.235	10.045	-91.105	0.973804	-0.190076	0.28914	0.192	0.738	-0.216	0	206	198	3
2026-02-12	15:46:32.590	-72.065	10.78	-95.725	1.017724	-0.185196	0.273524	0.1875	0.732	-0.2115	0	206	198	3
2026-02-12	15:46:32.610	-79.94	10.99	-99.61	1.04798	-0.193736	0.262056	0.183	0.7305	-0.2085	0	210	193	3
2026-02-12	15:46:32.630	-90.3	11.2	-102.165	1.038952	-0.205448	0.252052	0.18	0.7305	-0.1995	0	210	193	3
2026-02-12	15:46:32.650	-99.715	10.325	-102.55	0.995032	-0.226188	0.24644	0.1755	0.726	-0.198	0	210	193	3
2026-02-12	15:46:32.670	-105.175	7.98	-100.8	0.92964	-0.236924	0.239852	0.1725	0.7215	-0.2025	0	210	193	3
2026-02-12	15:46:32.690	-106.225	4.97	-97.51	0.864492	-0.248148	0.227652	0.1545	0.72	-0.201	0	210	193	3
2026-02-12	15:46:32.710	-98.28	0.665	-92.995	0.817644	-0.270352	0.204472	0.159	0.7125	-0.1815	0	210	193	3
2026-02-12	15:46:32.730	-86.695	-4.515	-88.445	0.813252	-0.27938	0.18666	0.153	0.714	-0.177	0	210	193	3
2026-02-12	15:46:32.750	-77.875	-8.645	-84.63	0.828136	-0.296704	0.194224	0.141	0.717	-0.1695	0	210	193	3
2026-02-12	15:46:32.770	-70.455	-12.11	-81.13	0.850584	-0.300852	0.212036	0.1365	0.7125	-0.168	0	210	193	3
2026-02-12	15:46:32.790	-65.59	-15.4	-78.365	0.880352	-0.312564	0.233752	0.132	0.705	-0.168	0	210	193	3
2026-02-12	15:46:32.810	-61.32	-18.48	-75.32	0.869616	-0.308904	0.239608	0.1275	0.702	-0.156	0	211	206	3
2026-02-12	15:46:32.830	-60.13	-22.505	-72.17	0.858392	-0.2867	0.217892	0.1275	0.696	-0.1485	0	211	206	3
2026-02-12	15:46:32.850	-59.885	-27.93	-70.84	0.86376	-0.303048	0.220332	0.1215	0.687	-0.1485	0	211	206	3
2026-02-12	15:46:32.870	-53.06	-33.04	-70.315	0.88206	-0.355264	0.260348	0.1155	0.684	-0.147	0	211	206	3
2026-02-12	15:46:32.890	-37.135	-37.73	-67.585	0.90768	-0.377468	0.315492	0.108	0.6885	-0.1335	0	211	206	3
2026-02-12	15:46:32.910	-16.38	-41.23	-61.6	0.937692	-0.373076	0.358192	0.099	0.6885	-0.12	0	211	206	3
2026-02-12	15:46:32.930	9.345	-45.71	-49.175	1.006744	-0.285968	0.41114	0.1005	0.681	-0.123	0	211	206	3
2026-02-12	15:46:32.950	10.885	-48.37	-42.91	1.06384	-0.284016	0.464332	0.096	0.6705	-0.1215	0	211	206	3
2026-02-12	15:46:32.970	14.735	-45.99	-35.455	1.067744	-0.334524	0.483364	0.087	0.66	-0.1125	0	211	206	3
2026-02-12	15:46:32.990	28.945	-44.765	-28.525	1.184864	-0.372588	0.511424	0.0795	0.6555	-0.1035	0	211	206	3
2026-02-12	15:46:33.010	49.07	-36.05	-20.79	1.266848	-0.39406	0.536068	0.081	0.645	-0.096	0	209	227	3
2026-02-12	15:46:33.030	64.89	-25.2	-9.835	1.320284	-0.349896	0.444812	0.075	0.6375	-0.0885	0	209	227	3
2026-02-12	15:46:33.050	65.1	-16.065	5.46	1.369084	-0.300852	0.33062	0.0735	0.6375	-0.0915	0	209	227	3
2026-02-12	15:46:33.070	55.545	-5.215	23.8	1.351028	-0.287188	0.262788	0.0765	0.6375	-0.096	0	209	227	3
2026-02-12	15:46:33.090	50.75	5.46	44.765	1.288564	-0.262544	0.262788	0.0735	0.6375	-0.096	0	209	227	3
2026-02-12	15:46:33.110	47.705	12.95	67.55	1.221708	-0.202764	0.251808	0.0765	0.642	-0.096	0	209	227	3
2026-02-12	15:46:33.130	34.72	18.2	94.85	1.173152	-0.144692	0.221308	0.0885	0.6495	-0.0885	0	209	227	3
2026-02-12	15:46:33.150	14.315	22.855	116.305	1.14802	-0.088572	0.209352	0.0885	0.6495	-0.0885	0	209	227	3
2026-02-12	15:46:33.170	-6.02	26.495	127.155	1.126548	-0.089792	0.194468	0.093	0.666	-0.099	0	209	227	3
2026-02-12	15:46:33.190	-26.985	29.015	133.595	1.114348	-0.112728	0.162504	0.099	0.7005	-0.114	0	209	227	3
2026-02-12	15:46:33.210	-41.09	32.69	137.445	1.106296	-0.183488	0.120292	0.111	0.7215	-0.117	0	207	251	3
2026-02-12	15:46:33.230	-39.13	35.385	140.07	1.057496	-0.231068	0.065392	0.12	0.7395	-0.12	0	207	251	3
2026-02-12	15:46:33.250	-28.14	31.85	140.315	1.025288	-0.237168	0.027328	0.126	0.759	-0.12	0	207	251	3
2026-02-12	15:46:33.270	-15.47	29.085	138.67	0.996984	-0.235948	0.001952	0.1425	0.7755	-0.1185	0	207	251	3
2026-02-12	15:46:33.290	-1.68	25.445	134.715	0.985028	-0.219844	-0.005612	0.159	0.7935	-0.1245	0	207	251	3
2026-02-12	15:46:33.310	12.425	22.015	127.75	0.937692	-0.243512	-0.005612	0.1665	0.8025	-0.1275	0	207	251	3
2026-02-12	15:46:33.330	29.82	17.85	117.74	0.910364	-0.28426	0.005612	0.1785	0.816	-0.129	0	207	251	3
2026-02-12	15:46:33.350	52.5	13.93	102.9	0.949892	-0.325008	0.033916	0.1905	0.822	-0.132	0	207	251	3
2026-02-12	15:46:33.370	69.685	13.475	88.795	0.974536	-0.34404	0.047336	0.2025	0.828	-0.1365	0	207	251	3
2026-02-12	15:46:33.390	77.56	14.14	78.645	0.938424	-0.341356	0.04514	0.216	0.84	-0.144	0	207	251	3
2026-02-12	15:46:33.410	82.81	13.055	69.335	0.92964	-0.337696	0.044164	0.228	0.843	-0.156	0	206	244	3
2026-02-12	15:46:33.430	85.155	11.025	59.675	0.960872	-0.3294	0.061732	0.24	0.84	-0.168	0	206	244	3
2026-02-12	15:46:33.450	82.985	10.115	50.12	0.918416	-0.32696	0.075396	0.2415	0.8355	-0.177	0	206	244	3
2026-02-12	15:46:33.470	80.115	7.63	41.825	0.8845	-0.32086	0.071004	0.249	0.831	-0.1815	0	206	244	3
2026-02-12	15:46:33.490	76.545	3.045	34.055	0.874252	-0.305732	0.070272	0.2595	0.834	-0.1935	0	206	244	3
2026-02-12	15:46:33.510	72.73	-2.73	26.285	0.895968	-0.299388	0.088816	0.264	0.837	-0.2055	0	206	244	3
2026-02-12	15:46:33.530	69.86	-7.77	18.2	0.925004	-0.2928	0.121024	0.249	0.828	-0.204	0	206	244	3
2026-02-12	15:46:33.550	65.765	-10.92	9.975	0.929152	-0.288896	0.138104	0.2715	0.825	-0.2055	0	206	244	3
2026-02-12	15:46:33.570	60.655	-15.4	-2.87	0.966484	-0.26596	0.148352	0.2625	0.8205	-0.213	0	206	244	3
2026-02-12	15:46:33.590	56.21	-17.605	-12.53	0.982588	-0.250344	0.154696	0.264	0.8145	-0.216	0	206	244	3
2026-02-12	15:46:33.610	49.385	-18.69	-22.085	0.956236	-0.238144	0.149572	0.2625	0.8025	-0.2205	0	205	213	2
2026-02-12	15:46:33.630	41.895	-20.02	-31.71	0.941596	-0.232044	0.138104	0.255	0.7935	-0.2235	0	205	213	2
2026-02-12	15:46:33.650	34.125	-20.965	-40.39	0.915488	-0.223504	0.13176	0.249	0.7905	-0.2295	0	205	213	2
2026-02-12	15:46:33.670	27.685	-21.63	-46.375	0.853268	-0.213012	0.131272	0.2475	0.7845	-0.2355	0	205	213	2
2026-02-12	15:46:33.690	22.925	-23.24	-50.505	0.80032	-0.197152	0.129076	0.2445	0.777	-0.2355	0	205	213	2
2026-02-12	15:46:33.710	18.41	-24.99	-53.69	0.792512	-0.197396	0.131516	0.237	0.771	-0.234	0	205	213	2
2026-02-12	15:46:33.730	14.525	-26.075	-55.475	0.80032	-0.194956	0.133468	0.2325	0.7695	-0.234	0	205	213	2
2026-02-12	15:46:33.750	10.15	-25.97	-55.09	0.793732	-0.18422	0.14152	0.231	0.765	-0.231	0	205	213	2
2026-02-12	15:46:33.770	6.65	-25.97	-53.305	0.812764	-0.18178	0.157136	0.231	0.765	-0.2355	0	205	213	2
2026-02-12	15:46:33.790	0.105	-25.585	-52.885	1.044076	-0.140056	0.19764	0.2205	0.7575	-0.234	0	205	213	2
2026-02-12	15:46:33.810	-9.24	-20.965	-59.99	1.275876	-0.142496	0.244732	0.207	0.7455	-0.228	0	201	185	2
2026-02-12	15:46:33.830	-29.54	-9.73	-67.375	1.325652	-0.118096	0.226188	0.1995	0.7395	-0.2235	0	201	185	2
2026-02-12	15:46:33.850	-63.42	-1.19	-70.98	1.323944	-0.089304	0.183488	0.195	0.735	-0.219	0	201	185	2
2026-02-12	15:46:33.870	-101.5	4.97	-72.695	1.261236	-0.088084	0.144448	0.192	0.735	-0.2145	0	201	185	2
2026-02-12	15:46:33.890	-134.995	9.485	-74.025	1.144604	-0.090036	0.135176	0.1905	0.7395	-0.207	0	201	185	2
2026-02-12	15:46:33.910	-164.745	7.84	-74.095	1.071648	-0.124684	0.161284	0.1845	0.7425	-0.204	0	201	185	2
2026-02-12	15:46:33.930	-184.45	2.065	-74.2	1.009916	-0.199348	0.206668	0.1755	0.744	-0.21	0	201	185	2
2026-02-12	15:46:33.950	-190.855	-5.215	-74.13	0.913048	-0.273768	0.292068	0.1785	0.744	-0.1815	0	201	185	2
2026-02-12	15:46:33.970	-188.755	-11.76	-74.34	0.827404	-0.319396	0.347944	0.174	0.75	-0.177	0	201	185	2
2026-02-12	15:46:33.990	-175.525	-14.98	-78.925	0.772016	-0.378444	0.347456	0.1575	0.756	-0.159	0	201	185	2
2026-02-12	15:46:34.010	-149.17	-11.2	-86.31	0.7442	-0.415288	0.293532	0.1515	0.7605	-0.147	0	198	174	3
2026-02-12	15:46:34.030	-126.595	-5.845	-90.615	0.761768	-0.49654	0.222528	0.1425	0.762	-0.129	0	198	174	3
2026-02-12	15:46:34.050	-105.035	-3.115	-91.84	0.815692	-0.535092	0.188368	0.1335	0.753	-0.12	0	198	174	3
2026-02-12	15:46:34.070	-86.94	-1.12	-92.435	0.839116	-0.545096	0.216916	0.1275	0.75	-0.1095	0	198	174	3
2026-02-12	15:46:34.090	-73.465	-0.315	-90.475	0.781044	-0.527772	0.264496	0.1245	0.7455	-0.102	0	198	174	3
2026-02-12	15:46:34.110	-62.51	-4.865	-85.12	0.719556	-0.528748	0.303048	0.1185	0.738	-0.099	0	198	174	3
2026-02-12	15:46:34.130	-44.03	-11.585	-76.37	0.696376	-0.600728	0.339404	0.111	0.7365	-0.093	0	198	174	3
2026-02-12	15:46:34.150	-15.54	-17.29	-64.155	0.724192	-0.671244	0.377956	0.1065	0.7365	-0.0915	0	198	174	3
2026-02-12	15:46:34.170	14.455	-19.845	-50.645	0.781288	-0.665144	0.440908	0.108	0.7275	-0.084	0	198	174	3
2026-02-12	15:46:34.190	37.835	-21.315	-36.47	0.866688	-0.61732	0.482632	0.099	0.72	-0.0885	0	198	174	3
2026-02-12	15:46:34.210	59.115	-23.625	-15.4	1.101904	-0.549976	0.438712	0.108	0.7095	-0.072	0	198	188	3
2026-02-12	15:46:34.230	64.19	-22.47	-5.285	1.238056	-0.53802	0.462868	0.099	0.705	-0.0795	0	198	188	3
2026-02-12	15:46:34.250	57.33	-15.995	13.265	1.200968	-0.4636	0.386252	0.0915	0.7035	-0.087	0	198	188	3
2026-02-12	15:46:34.270	44.205	-15.645	27.79	1.29442	-0.38064	0.312076	0.0945	0.702	-0.084	0	198	188	3
2026-02-12	15:46:34.290	30.1	-9.45	41.02	1.269776	-0.421144	0.245708	0.0945	0.702	-0.0825	0	198	188	3
2026-02-12	15:46:34.310	34.475	-3.955	56.525	1.344196	-0.43188	0.291092	0.0945	0.708	-0.078	0	198	188	3
2026-02-12	15:46:34.330	37.835	5.145	69.895	1.420568	-0.2745	0.299876	0.105	0.7125	-0.081	0	198	188	3
2026-02-12	15:46:34.350	4.13	20.475	81.55	1.245864	-0.153476	0.112484	0.1095	0.72	-0.084	0	198	188	3
2026-02-12	15:46:34.370	-25.27	26.915	90.475	1.082872	-0.138836	-0.055876	0.105	0.7245	-0.0825	0	198	188	3
2026-02-12	15:46:34.390	-44.45	15.995	92.645	1.052372	-0.113216	-0.110288	0.1155	0.7305	-0.0915	0	198	188	3
2026-02-12	15:46:34.410	-53.34	5.95	96.705	1.032852	-0.201788	-0.061	0.132	0.7425	-0.0885	0	203	211	3
2026-02-12	15:46:34.430	-35.35	-2.31	107.8	0.914512	-0.200568	-0.063684	0.132	0.7425	-0.0885	0	203	211	3
2026-02-12	15:46:34.450	-19.845	-11.9	115.605	0.936716	-0.199348	-0.095892	0.1485	0.765	-0.078	0	203	211	3
2026-02-12	15:46:34.470	-6.685	-17.255	120.96	1.00162	-0.290116	-0.101016	0.1695	0.795	-0.0645	0	203	211	3
2026-02-12	15:46:34.490	13.195	-20.195	127.435	1.02968	-0.29768	-0.063196	0.177	0.807	-0.0615	0	203	211	3
2026-02-12	15:46:34.510	27.475	-20.265	132.685	1.03456	-0.253272	-0.003416	0.189	0.816	-0.0615	0	203	211	3
2026-02-12	15:46:34.530	35.805	-16.625	134.4	1.020408	-0.237168	-0.000732	0.207	0.8235	-0.054	0	203	211	3
2026-02-12	15:46:34.550	50.365	-12.775	130.865	0.990884	-0.233752	0.023912	0.2235	0.8385	-0.0555	0	203	211	3
2026-02-12	15:46:34.570	58.415	-9.835	122.15	1.000888	-0.304024	0.088328	0.231	0.849	-0.06	0	203	211	3
2026-02-12	15:46:34.590	56.56	-5.18	114.345	0.940376	-0.357704	0.129808	0.2415	0.852	-0.06	0	203	211	3
2026-02-12	15:46:34.610	52.64	-1.855	106.89	0.91256	-0.403332	0.179828	0.2535	0.858	-0.0615	0	212	203	3
2026-02-12	15:46:34.630	44.38	5.705	95.62	0.976488	-0.389668	0.215208	0.2775	0.858	-0.063	0	212	203	3
2026-02-12	15:46:34.650	29.61	17.15	83.685	0.966484	-0.429196	0.182268	0.291	0.864	-0.06	0	212	203	3
2026-02-12	15:46:34.670	24.605	21.105	74.69	0.95404	-0.434564	0.131028	0.309	0.879	-0.06	0	212	203	3
2026-02-12	15:46:34.690	19.845	21.07	65.66	0.916708	-0.456524	0.103944	0.3225	0.888	-0.063	0	212	203	3
2026-02-12	15:46:34.710	13.335	18.515	58.485	0.881328	-0.464576	0.099552	0.3375	0.891	-0.063	0	212	203	3
2026-02-12	15:46:34.730	8.61	16.695	51.695	0.887184	-0.504348	0.119072	0.3465	0.8925	-0.0675	0	212	203	3
2026-02-12	15:46:34.750	16.59	18.165	43.26	0.874252	-0.501176	0.187636	0.3555	0.8955	-0.069	0	212	203	3
2026-02-12	15:46:34.770	17.78	22.295	32.795	0.792268	-0.47824	0.2196	0.3675	0.897	-0.0675	0	212	203	3
2026-02-12	15:46:34.790	8.4	24.605	23.66	0.745908	-0.474092	0.234728	0.375	0.8955	-0.0705	0	212	203	3
2026-02-12	15:46:34.810	-2.485	24.115	14.98	0.752984	-0.49532	0.236436	0.381	0.9015	-0.0675	0	219	182	3
2026-02-12	15:46:34.830	-8.68	22.295	8.47	0.738832	-0.493856	0.239364	0.384	0.894	-0.0705	0	219	182	3
2026-02-12	15:46:34.850	-13.055	13.685	-1.785	0.79544	-0.442372	0.238632	0.384	0.9075	-0.0675	0	219	182	3
2026-02-12	15:46:34.870	-17.43	6.825	-9.835	0.842776	-0.446276	0.251808	0.387	0.9075	-0.0645	0	219	182	3
2026-02-12	15:46:34.890	-16.975	1.12	-16.24	0.84546	-0.44652	0.263276	0.3945	0.9105	-0.0615	0	219	182	3
2026-02-12	15:46:34.910	-7.945	-4.2	-21.77	0.873032	-0.449448	0.265472	0.3975	0.912	-0.0615	0	219	182	3
2026-02-12	15:46:34.930	9.135	-9.205	-24.745	0.878888	-0.444812	0.274988	0.396	0.912	-0.0645	0	219	182	3
2026-02-12	15:46:34.950	29.435	-14.665	-26.11	0.87718	-0.392352	0.237412	0.4005	0.915	-0.063	0	219	182	3
2026-02-12	15:46:34.970	44.485	-22.33	-29.365	0.89792	-0.306708	0.161772	0.3975	0.915	-0.0585	0	219	182	3
2026-02-12	15:46:34.990	51.52	-32.41	-39.2	0.984296	-0.239852	0.109556	0.39	0.9135	-0.057	0	219	182	3
2026-02-12	15:46:35.010	48.265	-40.845	-56.525	1.063596	-0.213256	0.083936	0.3945	0.9105	-0.0705	0	223	173	3
2026-02-12	15:46:35.030	41.3	-44.905	-76.545	1.05652	-0.222772	0.091988	0.393	0.903	-0.0645	0	223	173	3
2026-02-12	15:46:35.050	45.71	-47.005	-102.2	1.097268	-0.284504	0.142496	0.3795	0.8925	-0.0765	0	223	173	3
2026-02-12	15:46:35.070	63.7	-41.545	-124.775	1.061888	-0.362584	0.24278	0.3795	0.8925	-0.0765	0	223	173	3
2026-02-12	15:46:35.090	75.67	-34.195	-140.14	1.084092	-0.359412	0.274744	0.3585	0.8895	-0.078	0	223	173	3
2026-02-12	15:46:35.110	73.045	-26.39	-153.02	1.1712	-0.374296	0.267424	0.327	0.8775	-0.084	0	223	173	3
2026-02-12	15:46:35.130	66.78	-15.925	-158.62	1.092876	-0.375272	0.23668	0.306	0.864	-0.093	0	223	173	3
2026-02-12	15:46:35.150	65.31	-7	-154.35	0.946232	-0.300852	0.17446	0.2865	0.849	-0.0975	0	223	173	3
2026-02-12	15:46:35.170	66.57	-1.61	-146.44	0.928176	-0.21594	0.116144	0.2715	0.8385	-0.1005	0	223	173	3
2026-02-12	15:46:35.190	65.625	2.66	-138.285	0.996984	-0.17202	0.11712	0.258	0.8265	-0.108	0	223	173	3
2026-02-12	15:46:35.210	43.26	5.25	-127.75	1.02968	-0.134444	0.129564	0.2535	0.816	-0.1125	0	223	175	3
2026-02-12	15:46:35.230	-2.66	5.25	-118.615	1.06994	-0.131516	0.163724	0.2415	0.8115	-0.111	0	223	175	3
2026-02-12	15:46:35.250	-56.77	4.34	-113.505	1.113616	-0.151524	0.199592	0.2325	0.801	-0.114	0	223	175	3
2026-02-12	15:46:35.270	-119.385	4.41	-112.63	1.150704	-0.227164	0.247416	0.2235	0.7875	-0.1065	0	223	175	3
2026-02-12	15:46:35.290	-166.425	7.7	-110.6	1.1102	-0.307928	0.259372	0.2115	0.792	-0.0885	0	223	175	3
2026-02-12	15:46:35.310	-189.63	10.78	-105.175	1.03944	-0.32208	0.240584	0.1965	0.7905	-0.066	0	223	175	3
2026-02-12	15:46:35.330	-204.505	12.635	-97.58	0.932812	-0.316956	0.217404	0.1905	0.7815	-0.0525	0	223	175	3
2026-02-12	15:46:35.350	-205.765	13.125	-89.425	0.825452	-0.335744	0.204472	0.1845	0.777	-0.033	0	223	175	3
2026-02-12	15:46:35.370	-190.575	10.22	-81.305	0.750788	-0.347456	0.18544	0.1785	0.771	-0.018	0	223	175	3
2026-02-12	15:46:35.390	-165.585	5.46	-73.99	0.698572	-0.357216	0.169092	0.171	0.7665	-0.0075	0	223	175	3
2026-02-12	15:46:35.410	-138.53	-1.82	-68.915	0.688568	-0.344528	0.167384	0.1695	0.7665	0.0045	0	220	180	3
2026-02-12	15:46:35.430	-114.345	-8.54	-65.73	0.682956	-0.33916	0.201788	0.1695	0.768	0.0135	0	220	180	3
2026-02-12	15:46:35.450	-99.61	-15.26	-63.56	0.650748	-0.328424	0.214476	0.1575	0.753	0.024	0	220	180	3
2026-02-12	15:46:35.470	-82.495	-24.185	-63.21	0.665144	-0.37454	0.235216	0.1545	0.759	0.039	0	220	180	3
2026-02-12	15:46:35.490	-45.325	-37.87	-59.57	0.764696	-0.437248	0.309392	0.1515	0.75	0.0435	0	220	180	3
2026-02-12	15:46:35.510	-20.545	-45.71	-51.695	0.80032	-0.44408	0.37576	0.1485	0.744	0.0525	0	220	180	3
2026-02-12	15:46:35.530	0.35	-52.885	-40.81	0.847656	-0.409676	0.366244	0.144	0.741	0.0675	0	220	180	3
2026-02-12	15:46:35.550	21.63	-62.825	-32.62	0.967948	-0.426268	0.376736	0.141	0.747	0.0705	0	220	180	3
2026-02-12	15:46:35.570	54.32	-66.115	-23.135	0.950868	-0.511424	0.482876	0.144	0.75	0.075	0	220	180	3
2026-02-12	15:46:35.590	110.18	-63.07	-7.455	1.030412	-0.564372	0.522892	0.147	0.756	0.078	0	220	180	3
2026-02-12	15:46:35.610	170.415	-53.375	11.48	1.193404	-0.49044	0.494832	0.1515	0.7665	0.0735	0	217	195	3
2026-02-12	15:46:35.630	203.175	-34.65	31.605	1.330044	-0.349164	0.409188	0.1575	0.771	0.0705	0	217	195	3
2026-02-12	15:46:35.650	196.525	-12.74	47.81	1.501088	-0.190808	0.285724	0.1545	0.7845	0.0465	0	217	195	3
2026-02-12	15:46:35.670	149.8	10.71	59.57	1.60674	-0.077104	0.119072	0.1635	0.807	0.0225	0	217	195	3
2026-02-12	15:46:35.690	64.96	32.13	73.255	1.511824	-0.011468	-0.006344	0.171	0.8145	-0.0015	0	217	195	3
2026-02-12	15:46:35.710	-4.34	44.52	87.29	1.402268	-0.043432	-0.009028	0.171	0.8145	-0.0015	0	217	195	3
2026-02-12	15:46:35.730	-36.435	46.62	101.395	1.26392	-0.081984	0.087352	0.1815	0.831	-0.0375	0	217	195	3
2026-02-12	15:46:35.750	-46.69	40.53	119	1.162416	-0.12444	0.18056	0.1995	0.852	-0.0765	0	217	195	3
2026-02-12	15:46:35.770	-35.49	38.115	133.945	1.056276	-0.157136	0.195932	0.2115	0.858	-0.0885	0	217	195	3
2026-02-12	15:46:35.790	-11.935	35.07	144.06	0.960628	-0.189344	0.121512	0.225	0.8655	-0.099	0	217	195	3
2026-02-12	15:46:35.810	5.985	30.065	149.52	0.915732	-0.236436	0.045872	0.2505	0.8715	-0.1065	0	218	212	3
2026-02-12	15:46:35.830	17.115	24.535	150.01	0.949404	-0.276452	0.003904	0.267	0.873	-0.114	0	218	212	3
2026-02-12	15:46:35.850	19.39	20.615	148.365	0.93452	-0.265716	0.009516	0.2805	0.8625	-0.1185	0	218	212	3
2026-02-12	15:46:35.870	13.125	19.18	143.71	0.944768	-0.213012	0.08906	0.2865	0.8655	-0.123	0	218	212	3
2026-02-12	15:46:35.890	1.085	22.645	137.76	0.920124	-0.137616	0.177632	0.309	0.876	-0.117	0	218	212	3
2026-02-12	15:46:35.910	-42.455	25.025	132.93	0.884256	-0.29036	0.060512	0.3255	0.8715	-0.117	0	218	212	3
2026-02-12	15:46:35.930	-50.575	24.115	129.15	0.898896	-0.650748	-0.061976	0.3495	0.891	-0.105	0	218	212	3
2026-02-12	15:46:35.950	-7.35	18.76	126.595	0.962092	-0.704184	-0.070516	0.3915	0.9225	-0.1065	0	218	212	3
2026-02-12	15:46:35.970	29.505	15.75	120.365	1.050664	-0.644892	-0.026352	0.423	0.9315	-0.1335	0	218	212	3
2026-02-12	15:46:35.990	44.345	16.065	109.235	1.162904	-0.536068	0.025864	0.4455	0.9225	-0.1605	0	218	212	3
2026-02-12	15:46:36.010	33.705	20.475	100.87	1.037488	-0.4697	0.021716	0.447	0.9045	-0.186	0	223	201	3
2026-02-12	15:46:36.030	17.57	17.465	94.64	0.969168	-0.440664	0.016836	0.4425	0.8835	-0.2025	0	223	201	3
2026-02-12	15:46:36.050	-0.21	12.04	87.78	0.920124	-0.440176	0.0366	0.444	0.876	-0.2055	0	223	201	3
2026-02-12	15:46:36.070	-12.32	7.91	81.935	0.868884	-0.499224	0.055876	0.45	0.864	-0.2115	0	223	201	3
2026-02-12	15:46:36.090	-8.96	3.5	76.37	0.833748	-0.538752	0.05978	0.45	0.8595	-0.2145	0	223	201	3
2026-02-12	15:46:36.110	3.57	-1.155	69.44	0.81008	-0.551684	0.061	0.4515	0.8535	-0.1995	0	223	201	3
2026-02-12	15:46:36.130	21.14	-4.97	56.91	0.762744	-0.520208	0.055144	0.4485	0.8505	-0.1905	0	223	201	3
2026-02-12	15:46:36.150	27.195	-7.525	48.125	0.72834	-0.477508	0.046116	0.441	0.8475	-0.189	0	223	201	3
2026-02-12	15:46:36.170	28.875	-11.27	38.675	0.71248	-0.454084	0.07124799	0.432	0.8475	-0.189	0	223	201	3
2026-02-12	15:46:36.190	32.305	-13.93	28.455	0.700524	-0.457988	0.109312	0.426	0.8475	-0.192	0	223	201	3
2026-02-12	15:46:36.210	37.765	-14.945	19.075	0.683932	-0.448716	0.146156	0.4185	0.8445	-0.1875	0	229	172	3
2026-02-12	15:46:36.230	42.105	-15.365	10.57	0.668316	-0.43066	0.160308	0.4185	0.8415	-0.186	0	229	172	3
2026-02-12	15:46:36.250	42.84	-16.135	1.4	0.67344	-0.409188	0.165432	0.4125	0.8415	-0.183	0	229	172	3
2026-02-12	15:46:36.270	41.055	-18.165	-9.03	0.693936	-0.41358	0.170068	0.4065	0.8445	-0.177	0	229	172	3
2026-02-12	15:46:36.290	43.085	-21.875	-19.95	0.713212	-0.43432	0.205204	0.3915	0.8355	-0.183	0	229	172	3
2026-02-12	15:46:36.310	49.56	-25.48	-31.08	0.769576	-0.433344	0.246196	0.3975	0.8385	-0.18	0	229	172	3
2026-02-12	15:46:36.330	56.28	-28.63	-47.495	0.935496	-0.418948	0.2562	0.384	0.834	-0.1725	0	229	172	3
2026-02-12	15:46:36.350	58.31	-30.94	-65.66	1.11386	-0.383568	0.253516	0.384	0.834	-0.1725	0	229	172	3
2026-02-12	15:46:36.370	57.365	-31.29	-79.8	1.168516	-0.350628	0.226676	0.375	0.8265	-0.177	0	229	172	3
2026-02-12	15:46:36.390	52.395	-32.935	-94.15	1.180716	-0.266204	0.205448	0.36	0.8235	-0.183	0	229	172	3
2026-02-12	15:46:36.410	34.685	-35.595	-109.585	1.16266	-0.209352	0.1952	0.3525	0.8145	-0.183	0	235	152	3
2026-02-12	15:46:36.430	3.22	-38.745	-120.33	0.998936	0.014884	0.232776	0.3405	0.8055	-0.183	0	235	152	3
2026-02-12	15:46:36.450	-69.51	-43.75	-129.325	0.880108	0.127612	0.268888	0.321	0.8055	-0.174	0	235	152	3
2026-02-12	15:46:36.470	-143.71	-40.11	-136.5	0.851072	-0.072956	0.285236	0.315	0.804	-0.165	0	235	152	3
2026-02-12	15:46:36.490	-159.215	-27.685	-138.425	0.934276	-0.300364	0.266936	0.3015	0.8025	-0.165	0	235	152	3
2026-02-12	15:46:36.510	-126.805	-10.045	-134.61	1.025044	-0.341356	0.227652	0.2865	0.807	-0.1485	0	235	152	3
2026-02-12	15:46:36.530	-88.2	5.74	-129.43	1.065304	-0.277916	0.166896	0.2805	0.798	-0.1305	0	235	152	3
2026-02-12	15:46:36.550	-61.81	17.5	-125.79	1.1102	-0.244	0.097844	0.264	0.801	-0.123	0	235	152	3
2026-02-12	15:46:36.570	-51.345	24.815	-122.99	1.152412	-0.275232	0.046116	0.252	0.7905	-0.1215	0	235	152	3
2026-02-12	15:46:36.590	-49.945	27.125	-117.915	1.186572	-0.278892	0.043676	0.24	0.7785	-0.1215	0	235	152	3
2026-02-12	15:46:36.610	-55.965	27.65	-110.95	1.144116	-0.254492	0.063196	0.2355	0.774	-0.12	0	239	152	3
2026-02-12	15:46:36.630	-68.46	25.76	-102.97	1.040904	-0.241316	0.083692	0.2265	0.7635	-0.1125	0	239	152	3
2026-02-12	15:46:36.650	-87.815	21.63	-96.25	0.981612	-0.257176	0.0915	0.219	0.7575	-0.108	0	239	152	3
2026-02-12	15:46:36.670	-102.725	17.605	-90.58	0.920612	-0.324764	0.080032	0.207	0.7515	-0.1065	0	239	152	3
2026-02-12	15:46:36.690	-102.445	13.195	-84.525	0.850096	-0.363316	0.07808	0.198	0.747	-0.105	0	239	152	3
2026-02-12	15:46:36.710	-94.85	8.365	-79.205	0.800076	-0.369416	0.086376	0.21	0.744	-0.0975	0	239	152	3
2026-02-12	15:46:36.730	-90.23	4.41	-75.32	0.804224	-0.384788	0.08295999	0.21	0.7425	-0.1035	0	239	152	3
2026-02-12	15:46:36.750	-93.905	2.1	-70.805	0.829844	-0.417972	0.077104	0.195	0.735	-0.096	0	239	152	3
2026-02-12	15:46:36.770	-107.87	2.8	-60.865	0.82716	-0.437736	0.050752	0.198	0.7275	-0.0855	0	239	152	3
2026-02-12	15:46:36.790	-135.275	2.38	-54.565	0.780068	-0.420168	-0.017812	0.189	0.732	-0.0825	0	239	152	3
2026-02-12	15:46:36.810	-182.315	-1.995	-49.385	0.840092	-0.52582	-0.058316	0.183	0.7365	-0.072	0	241	147	3
2026-02-12	15:46:36.830	-214.445	-2.695	-42.245	0.900848	-0.729072	-0.133712	0.183	0.7365	-0.0585	0	241	147	3
2026-02-12	15:46:36.850	-195.265	-5.985	-34.055	0.898164	-0.841556	-0.154452	0.174	0.7395	-0.0435	0	241	147	3
2026-02-12	15:46:36.870	-140.84	-14.595	-25.935	0.950136	-0.904752	-0.101016	0.1665	0.75	-0.03	0	241	147	3
2026-02-12	15:46:36.890	-83.895	-25.025	-15.225	1.127524	-0.922808	-0.019276	0.1635	0.7545	-0.0285	0	241	147	3
2026-02-12	15:46:36.910	-44.485	-35.21	-1.61	1.240984	-0.917684	0.06734399	0.159	0.75	-0.012	0	241	147	3
2026-02-12	15:46:36.930	1.4	-41.09	15.225	1.206336	-1.004304	0.166896	0.1575	0.75	-0.0015	0	241	147	3
2026-02-12	15:46:36.950	63.91	-39.305	33.075	1.242692	-1.02968	0.216916	0.153	0.7515	0.0015	0	241	147	3
2026-02-12	15:46:36.970	121.205	-34.44	60.41	1.365912	-0.826428	0.044896	0.1515	0.7575	0.006	0	241	147	3
2026-02-12	15:46:36.990	134.295	-38.92	85.19	1.536224	-0.432856	-0.06734399	0.1515	0.7575	0.006	0	241	147	3
2026-02-12	15:46:37.010	124.425	-44.065	100.03	1.525	-0.391864	-0.051972	0.1545	0.7725	-0.003	0	245	126	3
2026-02-12	15:46:37.030	127.05	-48.895	112.105	1.39934	-0.411384	0.01464	0.162	0.798	-0.018	0	245	126	3
2026-02-12	15:46:37.050	136.15	-53.235	122.5	1.269776	-0.422364	0.051728	0.1605	0.81	-0.0255	0	245	126	3
2026-02-12	15:46:37.070	156.695	-55.755	132.755	1.163148	-0.458964	0.065636	0.159	0.8235	-0.03	0	245	126	3
2026-02-12	15:46:37.090	183.295	-55.685	140.21	1.054324	-0.42334	0.065392	0.174	0.8385	-0.0405	0	245	126	3
2026-02-12	15:46:37.110	197.015	-54.495	143.185	1.002352	-0.405284	0.050264	0.1845	0.8445	-0.048	0	245	126	3
2026-02-12	15:46:37.130	197.33	-50.96	143.325	1.077992	-0.388936	0.049532	0.186	0.8625	-0.069	0	245	126	3
2026-02-12	15:46:37.150	179.515	-42.245	143.36	1.033584	-0.358436	-0.004148	0.195	0.861	-0.087	0	245	126	3
2026-02-12	15:46:37.170	150.465	-34.37	143.115	0.977708	-0.323788	-0.048556	0.207	0.867	-0.099	0	245	126	3
2026-02-12	15:46:37.190	113.855	-27.93	138.95	0.921832	-0.334524	-0.09857599	0.219	0.876	-0.129	0	245	126	3
2026-02-12	15:46:37.210	89.705	-24.885	132.37	0.867908	-0.36234	-0.143228	0.231	0.879	-0.138	0	251	99	3
2026-02-12	15:46:37.230	79.975	-24.955	124.705	0.876692	-0.339404	-0.143472	0.246	0.882	-0.156	0	251	99	3
2026-02-12	15:46:37.250	70.56	-24.01	116.235	0.884256	-0.349896	-0.140056	0.255	0.8805	-0.1635	0	251	99	3
2026-02-12	15:46:37.270	68.39	-21.805	107.31	0.858148	-0.376736	-0.122	0.27	0.879	-0.1665	0	251	99	3
2026-02-12	15:46:37.290	71.4	-19.25	96.88	0.83692	-0.40626	-0.10736	0.282	0.8805	-0.1695	0	251	99	3
2026-02-12	15:46:37.310	71.995	-16.695	86.065	0.839116	-0.445788	-0.103212	0.2865	0.885	-0.1695	0	251	99	3
2026-02-12	15:46:37.330	66.605	-14.63	75.6	0.875472	-0.462136	-0.100284	0.303	0.8805	-0.1695	0	251	99	3
2026-02-12	15:46:37.350	58.73	-11.795	65.52	0.879864	-0.454816	-0.102968	0.303	0.8745	-0.177	0	251	99	3
2026-02-12	15:46:37.370	54.81	-8.925	56.63	0.832528	-0.44042	-0.108336	0.3135	0.8655	-0.18	0	251	99	3
2026-02-12	15:46:37.390	56.595	-8.05	48.23	0.810812	-0.439444	-0.10248	0.327	0.8775	-0.1785	0	251	99	3
2026-02-12	15:46:37.410	63.7	-7.805	37.275	0.770796	-0.44286	-0.064904	0.324	0.8715	-0.183	0	256	63	2
2026-02-12	15:46:37.430	67.13	-8.12	30.485	0.759328	-0.447496	-0.03538	0.333	0.8745	-0.186	0	256	63	2
2026-02-12	15:46:37.450	70.35	-8.995	23.485	0.765916	-0.426024	-0.00976	0.345	0.8745	-0.1905	0	256	63	2
2026-02-12	15:46:37.470	70.525	-11.725	16.345	0.762988	-0.374296	0.022448	0.345	0.864	-0.1935	0	256	63	2
2026-02-12	15:46:37.490	61.95	-15.575	8.26	0.770064	-0.326716	0.0671	0.342	0.8565	-0.1995	0	256	63	2
2026-02-12	15:46:37.510	49.595	-18.2	-0.84	0.78202	-0.332084	0.098088	0.3435	0.858	-0.2085	0	256	63	2
2026-02-12	15:46:37.530	42.49	-19.145	-10.29	0.787632	-0.343796	0.124196	0.3465	0.861	-0.2145	0	256	63	2
2026-02-12	15:46:37.550	42.875	-18.725	-19.285	0.786656	-0.35258	0.150792	0.342	0.8535	-0.21	0	256	63	2
2026-02-12	15:46:37.570	46.41	-17.885	-28.245	0.788364	-0.336232	0.177632	0.3525	0.855	-0.219	0	256	63	2
2026-02-12	15:46:37.590	41.685	-18.585	-38.85	0.830088	-0.299388	0.197884	0.342	0.843	-0.2205	0	256	63	2
2026-02-12	15:46:37.610	27.23	-20.02	-55.335	0.908656	-0.326716	0.209596	0.336	0.843	-0.222	0	258	39	2
2026-02-12	15:46:37.630	21.735	-21.035	-72.17	0.985272	-0.364536	0.244244	0.33	0.837	-0.2235	0	258	39	2
2026-02-12	15:46:37.650	24.15	-20.51	-84.14	1.037488	-0.358436	0.264008	0.318	0.828	-0.2295	0	258	39	2
2026-02-12	15:46:37.670	24.395	-18.585	-93.24	1.033828	-0.34282	0.27816	0.306	0.8205	-0.228	0	258	39	2
2026-02-12	15:46:37.690	20.37	-18.13	-98.91	1.036512	-0.302804	0.293532	0.2985	0.8175	-0.2265	0	258	39	2
2026-02-12	15:46:37.710	10.885	-17.36	-100.485	1.022604	-0.292312	0.289872	0.291	0.8115	-0.228	0	258	39	2
2026-02-12	15:46:37.730	6.37	-15.505	-98.525	0.990396	-0.30622	0.319396	0.285	0.807	-0.225	0	258	39	2
2026-02-12	15:46:37.750	6.825	-12.285	-93.135	0.974292	-0.293532	0.340868	0.27	0.7905	-0.228	0	258	39	2
2026-02-12	15:46:37.770	2.205	-10.255	-88.165	0.989176	-0.242292	0.30622	0.255	0.795	-0.2325	0	258	39	2
2026-02-12	15:46:37.790	-6.545	-9.485	-86.485	1.021872	-0.218624	0.267912	0.2475	0.7815	-0.231	0	258	39	2
2026-02-12	15:46:37.810	-15.19	-9.87	-87.15	1.07604	-0.227408	0.250832	0.246	0.7785	-0.2325	0	257	54	3
2026-02-12	15:46:37.830	-23.1	-9.065	-89.32	1.114836	-0.22448	0.249368	0.24	0.7725	-0.234	0	257	54	3
2026-02-12	15:46:37.850	-28.7	-6.16	-91.35	1.095804	-0.221796	0.274988	0.225	0.768	-0.228	0	257	54	3
2026-02-12	15:46:37.870	-36.855	-3.57	-90.79	1.048712	-0.231556	0.291336	0.213	0.759	-0.2235	0	257	54	3
2026-02-12	15:46:37.890	-51.31	-1.225	-88.62	0.970876	-0.236924	0.283284	0.2055	0.75	-0.225	0	257	54	3
2026-02-12	15:46:37.910	-64.505	0.875	-87.185	0.920124	-0.255224	0.269132	0.201	0.744	-0.222	0	257	54	3
2026-02-12	15:46:37.930	-72.73	2.17	-86.59	0.891332	-0.26718	0.249856	0.198	0.7455	-0.216	0	257	54	3
2026-02-12	15:46:37.950	-77.385	2.1	-86.31	0.88084	-0.249612	0.231556	0.192	0.7485	-0.2115	0	257	54	3
2026-02-12	15:46:37.970	-82.88	0.56	-88.025	0.909876	-0.245464	0.223748	0.18	0.7455	-0.2085	0	257	54	3
2026-02-12	15:46:37.990	-89.635	0.595	-91.7	0.930616	-0.257908	0.225944	0.174	0.738	-0.1965	0	257	54	3
2026-02-12	15:46:38.010	-94.815	2.345	-96.6	0.943548	-0.28548	0.217404	0.1725	0.735	-0.195	0	254	96	3
2026-02-12	15:46:38.030	-98.245	4.515	-100.87	0.94428	-0.318908	0.224724	0.1695	0.7425	-0.192	0	254	96	3
2026-02-12	15:46:38.050	-98.315	7.7	-102.725	0.87596	-0.370148	0.231556	0.1635	0.729	-0.1875	0	254	96	3
2026-02-12	15:46:38.070	-97.965	5.915	-102.9	0.870104	-0.37942	0.182268	0.1545	0.7245	-0.183	0	254	96	3
2026-02-12	15:46:38.090	-102.655	0.945	-105.42	0.86132	-0.386252	0.146888	0.147	0.7215	-0.1725	0	254	96	3
2026-02-12	15:46:38.110	-110.46	-6.09	-107.31	0.831064	-0.441884	0.171532	0.1425	0.717	-0.165	0	254	96	3
2026-02-12	15:46:38.130	-106.435	-12.53	-106.715	0.860588	-0.563152	0.251076	0.1335	0.7095	-0.1635	0	254	96	3
2026-02-12	15:46:38.150	-85.89	-17.71	-104.965	0.993568	-0.6161	0.268156	0.1275	0.7095	-0.1635	0	254	96	3
2026-02-12	15:46:38.170	-56.98	-21.385	-104.93	1.035536	-0.725656	0.371124	0.126	0.7065	-0.144	0	254	96	3
2026-02-12	15:46:38.190	-4.27	-20.895	-98.63	1.045784	-0.979904	0.543144	0.12	0.6885	-0.1365	0	254	96	3
2026-02-12	15:46:38.210	73.605	-16.695	-81.025	1.201456	-1.106296	0.609756	0.1125	0.69	-0.1395	0	248	142	3
2026-02-12	15:46:38.230	128.485	-11.235	-46.655	1.336632	-0.889624	0.525332	0.1005	0.6765	-0.1395	0	248	142	3
2026-02-12	15:46:38.250	123.585	-6.055	4.235	1.433988	-0.579256	0.366488	0.105	0.6645	-0.141	0	248	142	3
2026-02-12	15:46:38.270	82.425	-0.105	59.15	1.380552	-0.446764	0.272792	0.105	0.6645	-0.141	0	248	142	3
2026-02-12	15:46:38.290	64.155	0.875	98.84	1.304912	-0.39528	0.250344	0.0975	0.6585	-0.144	0	248	142	3
2026-02-12	15:46:38.310	56.7	0.525	130.76	1.233176	-0.294508	0.279868	0.1005	0.6615	-0.1485	0	248	142	3
2026-02-12	15:46:38.330	42.735	0.455	153.615	1.218292	-0.224236	0.307928	0.1065	0.675	-0.15	0	248	142	3
2026-02-12	15:46:38.350	26.25	3.115	166.425	1.179008	-0.17812	0.322324	0.111	0.687	-0.156	0	248	142	3
2026-02-12	15:46:38.370	10.115	5.775	170.905	1.095072	-0.188124	0.313052	0.117	0.693	-0.162	0	248	142	3
2026-02-12	15:46:38.390	2.94	7.49	172.655	1.07116	-0.254248	0.26718	0.129	0.711	-0.162	0	248	142	3
2026-02-12	15:46:38.410	6.09	9.66	174.125	1.034316	-0.282308	0.189588	0.1365	0.7335	-0.153	0	246	186	3
2026-02-12	15:46:38.430	9.485	9.975	176.225	0.96136	-0.279868	0.111996	0.1515	0.7515	-0.162	0	246	186	3
2026-02-12	15:46:38.450	16.135	7.35	177.135	0.942572	-0.278648	0.05734	0.1665	0.7725	-0.1575	0	246	186	3
2026-02-12	15:46:38.470	36.085	4.34	173.565	0.994056	-0.332572	0.029036	0.186	0.7935	-0.159	0	246	186	3
2026-02-12	15:46:38.490	65.695	3.045	165.795	1.089948	-0.35136	0.038064	0.201	0.804	-0.165	0	246	186	3
2026-02-12	15:46:38.510	85.155	5.705	158.48	1.032608	-0.35624	0.044896	0.222	0.822	-0.1725	0	246	186	3
2026-02-12	15:46:38.530	91.875	7.105	151.375	0.978684	-0.354288	0.050752	0.237	0.8295	-0.18	0	246	186	3
2026-02-12	15:46:38.550	89.18	7.56	142.135	0.932568	-0.35868	0.047092	0.252	0.834	-0.1905	0	246	186	3
2026-02-12	15:46:38.570	86.73	8.61	130.27	0.920856	-0.376492	0.061244	0.2595	0.837	-0.195	0	246	186	3
2026-02-12	15:46:38.590	86.87	10.85	116.165	0.97478	-0.396988	0.091988	0.2805	0.84	-0.204	0	246	186	3
2026-02-12	15:46:38.610	80.5	15.085	102.025	0.9394	-0.3904	0.107116	0.288	0.8415	-0.2115	0	245	204	3
2026-02-12	15:46:38.630	67.62	16.8	88.83	0.896212	-0.428708	0.099796	0.306	0.843	-0.219	0	245	204	3
2026-02-12	15:46:38.650	55.615	15.82	76.055	0.883768	-0.451156	0.093452	0.318	0.8445	-0.222	0	245	204	3
2026-02-12	15:46:38.670	44.975	14.98	64.365	0.876692	-0.467748	0.11712	0.3225	0.8325	-0.2355	0	245	204	3
2026-02-12	15:46:38.690	41.72	14.84	50.365	0.853268	-0.445788	0.15616	0.3345	0.8325	-0.2385	0	245	204	3
2026-02-12	15:46:38.710	38.99	14.63	41.965	0.827404	-0.389668	0.14518	0.339	0.834	-0.2415	0	245	204	3
2026-02-12	15:46:38.730	32.025	12.74	32.06	0.793244	-0.344772	0.12688	0.3495	0.8355	-0.2505	0	245	204	3
2026-02-12	15:46:38.750	27.79	8.015	21.525	0.77348	-0.320128	0.127856	0.36	0.8355	-0.2505	0	245	204	3
2026-02-12	15:46:38.770	26.775	1.96	10.675	0.744688	-0.288408	0.156892	0.3645	0.834	-0.252	0	245	204	3
2026-02-12	15:46:38.790	26.495	-4.55	-0.595	0.795196	-0.30866	0.188124	0.3645	0.834	-0.258	0	245	204	3
2026-02-12	15:46:38.810	33.355	-10.22	-10.465	0.856928	-0.376004	0.221064	0.36	0.825	-0.264	0	243	195	3
2026-02-12	15:46:38.830	50.995	-14.665	-16.065	0.854	-0.380884	0.26474	0.3555	0.8265	-0.2715	0	243	195	3
2026-02-12	15:46:38.850	72.1	-18.62	-19.04	0.820816	-0.353068	0.2989	0.357	0.8295	-0.2655	0	243	195	3
2026-02-12	15:46:38.870	92.295	-22.295	-22.75	0.827892	-0.30622	0.290848	0.3525	0.807	-0.279	0	243	195	3
2026-02-12	15:46:38.890	102.06	-28.595	-33.81	0.947452	-0.228872	0.261812	0.348	0.8055	-0.285	0	243	195	3
2026-02-12	15:46:38.910	91.595	-35.805	-51.135	1.073844	-0.182512	0.243756	0.348	0.8055	-0.285	0	243	195	3
2026-02-12	15:46:38.930	70.105	-41.755	-67.445	1.137772	-0.172996	0.256932	0.3315	0.786	-0.2925	0	243	195	3
2026-02-12	15:46:38.950	45.78	-44.52	-81.935	1.126304	-0.190076	0.335988	0.315	0.7605	-0.297	0	243	195	3
2026-02-12	15:46:38.970	26.705	-42.91	-90.755	1.046272	-0.203252	0.415532	0.3075	0.7545	-0.297	0	243	195	3
2026-02-12	15:46:38.990	10.08	-40.67	-94.045	0.959408	-0.192516	0.431636	0.3015	0.756	-0.3	0	243	195	3
2026-02-12	15:46:39.010	-5.67	-37.695	-92.54	0.879132	-0.182756	0.382104	0.2925	0.7395	-0.2955	0	240	192	3
2026-02-12	15:46:39.030	-19.915	-37.205	-89.565	0.842288	-0.168848	0.321592	0.2715	0.7335	-0.3	0	240	192	3
2026-02-12	15:46:39.050	-29.435	-38.815	-87.78	0.856928	-0.181536	0.28426	0.264	0.7335	-0.291	0	240	192	3
2026-02-12	15:46:39.070	-29.855	-41.405	-87.255	0.9028	-0.196908	0.279624	0.255	0.723	-0.288	0	240	192	3
2026-02-12	15:46:39.090	-25.69	-44.87	-88.13	0.974536	-0.174948	0.281088	0.252	0.723	-0.279	0	240	192	3
2026-02-12	15:46:39.110	-30.31	-46.62	-93.345	1.102636	-0.156404	0.296704	0.2355	0.7185	-0.282	0	240	192	3
2026-02-12	15:46:39.130	-45.955	-43.995	-100.065	1.209996	-0.148596	0.305976	0.228	0.711	-0.2715	0	240	192	3
2026-02-12	15:46:39.150	-66.99	-39.095	-103.11	1.194868	-0.155184	0.300852	0.213	0.705	-0.261	0	240	192	3
2026-02-12	15:46:39.170	-87.255	-34.86	-103.32	1.103612	-0.165676	0.270596	0.2025	0.7005	-0.255	0	240	192	3
2026-02-12	15:46:39.190	-103.215	-33.53	-101.85	1.0248	-0.168848	0.256932	0.1905	0.702	-0.2475	0	240	192	3
2026-02-12	15:46:39.210	-115.01	-32.865	-99.96	0.974292	-0.177388	0.249612	0.1785	0.7065	-0.2445	0	236	208	3
2026-02-12	15:46:39.230	-122.57	-32.935	-97.93	0.941596	-0.17812	0.240828	0.1755	0.708	-0.243	0	236	208	3
2026-02-12	15:46:39.250	-127.785	-33.355	-96.67	0.896456	-0.185196	0.223504	0.1635	0.7065	-0.225	0	236	208	3
2026-02-12	15:46:39.270	-128.345	-34.23	-98.14	0.898652	-0.21594	0.216428	0.156	0.711	-0.219	0	236	208	3
2026-02-12	15:46:39.290	-121.975	-32.9	-102.13	0.933056	-0.262056	0.240828	0.147	0.708	-0.2085	0	236	208	3
2026-02-12	15:46:39.310	-115.5	-29.365	-107.38	0.9882	-0.270352	0.265472	0.1395	0.7035	-0.192	0	236	208	3
2026-02-12	15:46:39.330	-122.605	-21.7	-113.4	0.937204	-0.34404	0.224236	0.132	0.6945	-0.189	0	236	208	3
2026-02-12	15:46:39.350	-128.45	-20.65	-115.01	0.878156	-0.40016	0.206424	0.126	0.6945	-0.1785	0	236	208	3
2026-02-12	15:46:39.370	-126	-23.73	-116.83	0.899872	-0.488488	0.218624	0.114	0.6915	-0.1665	0	236	208	3
2026-02-12	15:46:39.390	-119.035	-27.475	-116.095	0.98576	-0.593896	0.275476	0.1095	0.6825	-0.1605	0	236	208	3
2026-02-12	15:46:39.410	-108.85	-29.155	-109.27	1.010648	-0.623908	0.321348	0.108	0.675	-0.1515	0	231	226	3
2026-02-12	15:46:39.430	-94.08	-31.57	-98.84	1.024312	-0.582916	0.337452	0.1065	0.675	-0.1455	0	231	226	3
2026-02-12	15:46:39.450	-71.925	-35.385	-90.125	1.02846	-0.619272	0.416996	0.0855	0.666	-0.135	0	231	226	3
2026-02-12	15:46:39.470	-35.875	-35.175	-75.25	0.966484	-0.799832	0.522648	0.078	0.6615	-0.1335	0	231	226	3
2026-02-12	15:46:39.490	28.175	-30.905	-50.435	1.043832	-0.812032	0.54656	0.084	0.6555	-0.1245	0	231	226	3
2026-02-12	15:46:39.510	77.945	-22.05	-23.345	1.210484	-0.623908	0.463356	0.0795	0.639	-0.114	0	231	226	3
2026-02-12	15:46:39.530	74.515	-7.21	7.665	1.331508	-0.43188	0.349896	0.0825	0.6345	-0.1125	0	231	226	3
2026-02-12	15:46:39.550	42.21	8.365	39.865	1.35664	-0.362584	0.238388	0.0825	0.6345	-0.1125	0	231	226	3
2026-02-12	15:46:39.570	24.64	25.06	66.85	1.312964	-0.303048	0.19032	0.075	0.633	-0.1155	0	231	226	3
2026-02-12	15:46:39.590	17.605	32.13	90.545	1.206336	-0.274012	0.177388	0.072	0.6375	-0.12	0	231	226	3
2026-02-12	15:46:39.610	20.615	23.59	109.935	1.188768	-0.224724	0.196908	0.078	0.654	-0.126	0	227	247	3
2026-02-12	15:46:39.630	19.88	20.16	125.965	1.143628	-0.179584	0.229116	0.081	0.666	-0.1305	0	227	247	3
2026-02-12	15:46:39.650	24.22	19.775	136.675	1.158268	-0.127368	0.254736	0.0975	0.6645	-0.1365	0	227	247	3
2026-02-12	15:46:39.670	30.17	23.03	143.78	1.109956	-0.088328	0.243024	0.096	0.6885	-0.147	0	227	247	3
2026-02-12	15:46:39.690	25.2	24.57	151.2	1.01016	-0.109556	0.192272	0.0975	0.708	-0.141	0	227	247	3
2026-02-12	15:46:39.710	18.025	23.485	156.38	0.95892	-0.206424	0.14396	0.108	0.7095	-0.141	0	227	247	3
2026-02-12	15:46:39.730	21.595	22.015	158.97	1.01382	-0.282064	0.126636	0.1245	0.7305	-0.1485	0	227	247	3
2026-02-12	15:46:39.750	33.215	23.03	160.335	1.0614	-0.305244	0.103456	0.1305	0.756	-0.141	0	227	247	3
2026-02-12	15:46:39.770	46.69	24.43	161.42	1.03944	-0.322324	0.0732	0.1485	0.7695	-0.1485	0	227	247	3
2026-02-12	15:46:39.790	63.385	23.31	159.075	1.067012	-0.353556	0.07124799	0.1725	0.7875	-0.162	0	227	247	3
2026-02-12	15:46:39.810	84.7	23.135	154.28	1.187304	-0.371856	0.087352	0.1875	0.798	-0.1725	0	225	255	3
2026-02-12	15:46:39.830	95.515	27.335	150.395	1.134112	-0.360144	0.09638	0.1995	0.8115	-0.1815	0	225	255	3
2026-02-12	15:46:39.850	97.72	29.96	145.46	1.08336	-0.314028	0.118828	0.204	0.819	-0.189	0	225	255	3
2026-02-12	15:46:39.870	92.785	32.34	136.57	1.048712	-0.274256	0.161284	0.2325	0.8235	-0.1965	0	225	255	3
2026-02-12	15:46:39.890	84.77	36.68	123.305	1.072136	-0.276452	0.204472	0.24	0.828	-0.2085	0	225	255	3
2026-02-12	15:46:39.910	68.705	40.04	108.78	1.075552	-0.276696	0.205692	0.255	0.8235	-0.2205	0	225	255	3
2026-02-12	15:46:39.930	45.5	43.47	96.845	0.997228	-0.29768	0.167384	0.276	0.8295	-0.228	0	225	255	3
2026-02-12	15:46:39.950	22.645	42.77	84.945	0.930372	-0.299632	0.120048	0.282	0.828	-0.249	0	225	255	3
2026-02-12	15:46:39.970	-13.09	36.645	68.845	0.904996	-0.28548	0.06222	0.3	0.828	-0.246	0	225	255	3
2026-02-12	15:46:39.990	-24.325	31.99	58.065	0.883524	-0.249368	0.069784	0.3075	0.8355	-0.2445	0	225	255	3
2026-02-12	15:46:40.010	-28.56	26.88	49.14	0.852536	-0.223504	0.076128	0.324	0.843	-0.2445	0	224	240	3
2026-02-12	15:46:40.030	-29.365	21.56	39.935	0.84668	-0.203984	0.12322	0.333	0.849	-0.246	0	224	240	3
2026-02-12	15:46:40.050	-30.73	18.48	29.085	0.843264	-0.191296	0.149572	0.3405	0.864	-0.243	0	224	240	3
2026-02-12	15:46:40.070	-33.215	14.805	19.25	0.840092	-0.178608	0.144204	0.348	0.87	-0.24	0	224	240	3
2026-02-12	15:46:40.090	-31.08	10.08	7.7	0.815448	-0.106872	0.143228	0.348	0.8565	-0.237	0	224	240	3
2026-02-12	15:46:40.110	-33.67	4.025	-8.54	0.810324	-0.022936	0.160308	0.354	0.8745	-0.237	0	224	240	3
2026-02-12	15:46:40.130	-40.32	0.49	-29.855	0.829112	-0.055144	0.214964	0.348	0.87	-0.234	0	224	240	3
2026-02-12	15:46:40.150	-34.72	1.015	-49.14	0.82106	-0.10614	0.257176	0.3435	0.879	-0.2205	0	224	240	3
2026-02-12	15:46:40.170	-30.45	3.99	-72.835	0.933788	0.113948	0.209108	0.345	0.873	-0.2235	0	224	240	3
2026-02-12	15:46:40.190	-60.76	8.085	-109.83	1.204872	0.181536	0.104432	0.345	0.873	-0.2235	0	224	240	3
2026-02-12	15:46:40.210	-93.905	20.265	-139.65	1.258064	0.009516	0.063928	0.3315	0.8715	-0.216	0	222	216	3
2026-02-12	15:46:40.230	-93.45	29.715	-158.165	1.27856	-0.130296	0.084424	0.309	0.87	-0.1995	0	222	216	3
2026-02-12	15:46:40.250	-73.745	34.825	-167.65	1.264164	-0.138836	0.0976	0.291	0.867	-0.192	0	222	216	3
2026-02-12	15:46:40.270	-64.47	36.61	-171.535	1.222928	-0.151036	0.076372	0.285	0.864	-0.192	0	222	216	3
2026-02-12	15:46:40.290	-64.61	33.04	-174.93	1.209996	-0.211792	0.06954	0.264	0.864	-0.192	0	222	216	3
2026-02-12	15:46:40.310	-66.01	23.8	-176.26	1.226344	-0.25864	0.101504	0.243	0.858	-0.1845	0	222	216	3
2026-02-12	15:46:40.330	-68.915	12.075	-176.365	1.272948	-0.294996	0.167628	0.222	0.855	-0.1725	0	222	216	3
2026-02-12	15:46:40.350	-77.56	2.59	-176.435	1.32126	-0.324764	0.213256	0.2115	0.8325	-0.174	0	222	216	3
2026-02-12	15:46:40.370	-84.42	-2.765	-176.96	1.360056	-0.397476	0.232288	0.186	0.8205	-0.1575	0	222	216	3
2026-02-12	15:46:40.390	-79.38	-2.205	-173.565	1.305888	-0.423584	0.210816	0.171	0.8115	-0.162	0	222	216	3
2026-02-12	15:46:40.410	-73.92	1.12	-166.39	1.244888	-0.38796	0.1281	0.156	0.795	-0.1545	0	222	193	3
2026-02-12	15:46:40.430	-76.685	2.135	-159.845	1.169736	-0.365024	0.061	0.132	0.7755	-0.1425	0	222	193	3
2026-02-12	15:46:40.450	-88.445	0.28	-152.46	1.112884	-0.362584	0.049532	0.12	0.768	-0.141	0	222	193	3
2026-02-12	15:46:40.470	-103.32	-2.625	-145.6	1.092144	-0.39406	0.086132	0.1125	0.7545	-0.1335	0	222	193	3
2026-02-12	15:46:40.490	-115.15	-4.13	-139.23	1.072624	-0.413824	0.119804	0.105	0.747	-0.126	0	222	193	3
2026-02-12	15:46:40.510	-134.015	-6.965	-133.175	1.048956	-0.37576	0.08662	0.096	0.732	-0.117	0	222	193	3
2026-02-12	15:46:40.530	-188.51	-15.225	-128.345	1.041636	-0.284748	-0.011468	0.0975	0.7245	-0.114	0	222	193	3
2026-02-12	15:46:40.550	-304.955	-29.54	-125.79	1.158756	-0.369416	-0.023912	0.084	0.7185	-0.102	0	222	193	3
2026-02-12	15:46:40.570	-414.19	-22.61	-123.375	1.247328	-0.779824	0.02684	0.0825	0.717	-0.0795	0	222	193	3
2026-02-12	15:46:40.590	-430.43	-0.91	-108.815	1.057984	-0.698084	-0.07905599	0.063	0.7125	-0.0525	0	222	193	3
2026-02-12	15:46:40.610	-437.01	6.79	-81.41	0.831064	-0.725168	-0.366488	0.0555	0.7065	-0.039	0	223	167	3
2026-02-12	15:46:40.630	-363.23	1.47	-72.24	0.718092	-1.185352	-0.373076	0.0525	0.702	-0.015	0	223	167	3
2026-02-12	15:46:40.650	-235.13	-9.065	-62.86	0.713456	-1.252208	-0.189832	0.051	0.693	0.0105	0	223	167	3
2026-02-12	15:46:40.670	-115.675	-17.885	-50.645	0.675636	-1.244888	0.006344	0.0495	0.6825	0.024	0	223	167	3
2026-02-12	15:46:40.690	-16.345	-24.99	-35.21	0.7015	-1.121424	0.08052	0.048	0.6765	0.036	0	223	167	3
2026-02-12	15:46:40.710	65.59	-30.66	-21.21	0.684664	-1.10288	0.115412	0.0495	0.672	0.0345	0	223	167	3
2026-02-12	15:46:40.730	130.27	-35.56	-2.73	0.766404	-0.993324	0.088816	0.0435	0.6705	0.036	0	223	167	3
2026-02-12	15:46:40.750	175.98	-40.635	18.48	1.051152	-0.898652	0.025376	0.039	0.6765	0.0345	0	223	167	3
2026-02-12	15:46:40.770	195.125	-44.275	44.8	1.306132	-0.650016	-0.127856	0.0315	0.669	0.0405	0	223	167	3
2026-02-12	15:46:40.790	200.305	-52.15	71.12	1.487912	-0.459208	-0.238632	0.039	0.6795	0.0315	0	223	167	3
2026-02-12	15:46:40.810	195.685	-59.955	104.405	1.565748	-0.308904	-0.22448	0.036	0.6885	0.03	0	233	126	3
2026-02-12	15:46:40.830	192.535	-62.055	136.325	1.6714	-0.175436	-0.15738	0.036	0.6885	0.03	0	233	126	3
2026-02-12	15:46:40.850	175.84	-62.72	157.71	1.782664	-0.049776	-0.07686	0.0495	0.711	0.0225	0	233	126	3
2026-02-12	15:46:40.870	138.32	-61.635	178.395	1.658956	-0.0183	-0.000732	0.069	0.7455	0.0195	0	233	126	3
2026-02-12	15:46:40.890	93.03	-63.14	194.005	1.49084	-0.076128	0.042212	0.078	0.774	0.024	0	233	126	3
2026-02-12	15:46:40.910	54.95	-65.345	203.7	1.44326	-0.163724	0.06832	0.0825	0.792	0.027	0	233	126	3
2026-02-12	15:46:40.930	28.315	-62.335	212.275	1.506944	-0.20862	0.081008	0.1005	0.8055	0.03	0	233	126	3
2026-02-12	15:46:40.950	6.055	-56.035	218.4	1.389092	-0.099552	0.015616	0.1275	0.8385	0.0315	0	233	126	3
2026-02-12	15:46:40.970	-13.685	-57.085	218.4	1.266116	-0.094184	-0.042212	0.147	0.8595	0.03	0	233	126	3
2026-02-12	15:46:40.990	-17.01	-60.165	211.89	1.189988	-0.167384	-0.061244	0.1695	0.8925	0.0465	0	233	126	3
2026-02-12	15:46:41.010	-4.62	-61.705	202.09	1.141676	-0.22814	-0.089792	0.201	0.915	0.054	0	252	81	3
2026-02-12	15:46:41.030	23.87	-60.235	186.13	1.053348	-0.28182	-0.098088	0.234	0.936	0.048	0	252	81	3
2026-02-12	15:46:41.050	55.02	-57.96	168.315	0.991372	-0.332328	-0.11346	0.258	0.9465	0.0525	0	252	81	3
2026-02-12	15:46:41.070	75.04	-54.46	151.375	0.981612	-0.353312	-0.121512	0.297	0.9615	0.057	0	252	81	3
2026-02-12	15:46:41.090	88.795	-50.96	133.84	0.95892	-0.352824	-0.10004	0.321	0.975	0.0495	0	252	81	3
2026-02-12	15:46:41.110	101.465	-46.9	116.97	0.895236	-0.356484	-0.063928	0.3315	0.9825	0.042	0	252	81	3
2026-02-12	15:46:41.130	108.78	-42.56	100.59	0.848632	-0.35624	-0.043188	0.345	0.9915	0.0285	0	252	81	3
2026-02-12	15:46:41.150	107.065	-37.835	85.05	0.815936	-0.379664	-0.022936	0.3615	0.993	0.0165	0	252	81	3
2026-02-12	15:46:41.170	102.48	-32.55	69.405	0.776164	-0.399428	-0.00488	0.381	0.996	0	0	252	81	3
2026-02-12	15:46:41.190	102.375	-26.67	53.13	0.742248	-0.407236	0.00488	0.393	0.996	-0.0105	0	252	81	3
2026-02-12	15:46:41.210	103.81	-21.7	37.66	0.711748	-0.410652	0.015128	0.4035	0.99	-0.036	0	274	44	3
2026-02-12	15:46:41.230	101.815	-16.485	22.995	0.701012	-0.430904	0.034648	0.405	0.9975	-0.051	0	274	44	3
2026-02-12	15:46:41.250	101.43	-7.14	3.85	0.684664	-0.444812	0.052216	0.4095	0.987	-0.0675	0	274	44	3
2026-02-12	15:46:41.270	99.925	-2.17	-7.385	0.678564	-0.415776	0.056608	0.408	0.9825	-0.081	0	274	44	3
2026-02-12	15:46:41.290	92.96	1.4	-18.375	0.673196	-0.39894	0.066368	0.4035	0.978	-0.1035	0	274	44	3
2026-02-12	15:46:41.310	85.61	4.27	-28.77	0.664168	-0.408212	0.08662	0.4035	0.9735	-0.117	0	274	44	3
2026-02-12	15:46:41.330	81.2	8.575	-37.8	0.679296	-0.426268	0.100772	0.408	0.9705	-0.123	0	274	44	3
2026-02-12	15:46:41.350	87.535	13.51	-46.025	0.654652	-0.446764	0.11468	0.402	0.9705	-0.1365	0	274	44	3
2026-02-12	15:46:41.370	97.125	10.185	-54.46	0.659288	-0.410652	0.130296	0.399	0.957	-0.147	0	274	44	3
2026-02-12	15:46:41.390	102.445	6.405	-63.035	0.66734	-0.368928	0.152256	0.396	0.948	-0.171	0	274	44	3
2026-02-12	15:46:41.410	101.605	1.785	-72.45	0.712724	-0.339648	0.170068	0.3765	0.9435	-0.168	0	292	28	3
2026-02-12	15:46:41.430	96.635	-3.01	-84.245	0.809836	-0.31842	0.187392	0.3675	0.9375	-0.1935	0	292	28	3
2026-02-12	15:46:41.450	85.715	-7.7	-103.285	0.948672	-0.29158	0.215208	0.36	0.918	-0.2025	0	292	28	3
2026-02-12	15:46:41.470	70.77	-11.27	-124.53	1.059692	-0.27572	0.242292	0.36	0.918	-0.2025	0	292	28	3
2026-02-12	15:46:41.490	58.975	-13.51	-140.84	1.114836	-0.305976	0.269376	0.3345	0.903	-0.219	0	292	28	3
2026-02-12	15:46:41.510	51.975	-15.33	-152.39	1.109712	-0.32452	0.322568	0.3	0.882	-0.237	0	292	28	3
2026-02-12	15:46:41.530	50.225	-14.35	-158.13	1.048224	-0.333304	0.3965	0.2895	0.8745	-0.2385	0	292	28	3
2026-02-12	15:46:41.550	48.51	-11.795	-158.375	0.941352	-0.291336	0.378444	0.2745	0.861	-0.2415	0	292	28	3
2026-02-12	15:46:41.570	32.095	-17.01	-155.995	0.855952	-0.164944	0.289384	0.255	0.8355	-0.243	0	292	28	3
2026-02-12	15:46:41.590	2.415	-26.95	-158.76	0.854732	-0.09638	0.2318	0.2355	0.825	-0.2475	0	292	28	3
2026-02-12	15:46:41.610	-9.31	-33.53	-167.51	0.95038	-0.15372	0.313296	0.2265	0.8055	-0.2505	0	305	50	3
2026-02-12	15:46:41.630	-0.14	-35.525	-173.215	1.101172	-0.257908	0.44042	0.1965	0.792	-0.2415	0	305	50	3
2026-02-12	15:46:41.650	10.815	-37.1	-169.155	1.249524	-0.32574	0.492636	0.1785	0.783	-0.2415	0	305	50	3
2026-02-12	15:46:41.670	3.745	-34.965	-156.1	1.291248	-0.365268	0.500444	0.168	0.756	-0.231	0	305	50	3
2026-02-12	15:46:41.690	-14.42	-29.82	-137.585	1.231224	-0.337452	0.499224	0.15	0.741	-0.228	0	305	50	3
2026-02-12	15:46:41.710	-25.76	-25.97	-118.37	1.136552	-0.251808	0.509716	0.126	0.7185	-0.2235	0	305	50	3
2026-02-12	15:46:41.730	-40.705	-24.22	-96.145	1.015528	-0.194712	0.516548	0.1185	0.708	-0.2205	0	305	50	3
2026-02-12	15:46:41.750	-58.45	-26.18	-75.775	0.922808	-0.157624	0.481412	0.117	0.705	-0.2205	0	305	50	3
2026-02-12	15:46:41.770	-78.085	-28.805	-60.48	0.868884	-0.134932	0.425536	0.111	0.7005	-0.213	0	305	50	3
2026-02-12	15:46:41.790	-98.84	-28.245	-50.54	0.825452	-0.15372	0.351848	0.1005	0.6885	-0.204	0	305	50	3
2026-02-12	15:46:41.810	-115.815	-28	-44.52	0.815692	-0.159332	0.283528	0.102	0.69	-0.195	0	313	110	3
2026-02-12	15:46:41.830	-129.815	-27.755	-42.245	0.826672	-0.17202	0.231312	0.1005	0.7035	-0.1845	0	313	110	3
2026-02-12	15:46:41.850	-137.725	-27.755	-43.26	0.872056	-0.197884	0.195444	0.0915	0.699	-0.177	0	313	110	3
2026-02-12	15:46:41.870	-141.645	-30.135	-46.2	0.935984	-0.226676	0.164456	0.0945	0.711	-0.171	0	313	110	3
2026-02-12	15:46:41.890	-151.76	-30.345	-48.3	0.898164	-0.237412	0.16226	0.0825	0.705	-0.1545	0	313	110	3
2026-02-12	15:46:41.910	-158.375	-29.365	-46.305	0.79056	-0.219844	0.132736	0.081	0.708	-0.1365	0	313	110	3
2026-02-12	15:46:41.930	-164.43	-34.09	-45.85	0.742004	-0.204228	0.120048	0.0735	0.717	-0.117	0	313	110	3
2026-02-12	15:46:41.950	-163.52	-39.305	-50.96	0.76616	-0.248392	0.178852	0.0645	0.72	-0.1095	0	313	110	3
2026-02-12	15:46:41.970	-144.9	-41.79	-59.325	0.814716	-0.355508	0.31232	0.06	0.72	-0.1065	0	313	110	3
2026-02-12	15:46:41.990	-108.36	-42.7	-66.255	0.839116	-0.4087	0.401624	0.0525	0.7155	-0.0885	0	313	110	3
2026-02-12	15:46:42.010	-59.29	-48.755	-76.405	0.905728	-0.426268	0.442128	0.0525	0.7155	-0.0885	0	315	172	3
2026-02-12	15:46:42.030	-26.74	-50.925	-82.985	0.98454	-0.479948	0.486048	0.0405	0.711	-0.063	0	315	172	3
2026-02-12	15:46:42.050	22.12	-54.25	-88.9	1.1834	-0.534604	0.576328	0.045	0.696	-0.051	0	315	172	3
2026-02-12	15:46:42.070	82.845	-48.685	-86.24	1.403244	-0.641476	0.671732	0.0375	0.687	-0.048	0	315	172	3
2026-02-12	15:46:42.090	136.64	-35.98	-61.6	1.63968	-0.482144	0.552416	0.0255	0.6735	-0.0435	0	315	172	3
2026-02-12	15:46:42.110	123.27	-20.125	-20.615	1.563308	-0.314272	0.3538	0.0255	0.6735	-0.0435	0	315	172	3
2026-02-12	15:46:42.130	101.57	-3.885	17.36	1.3542	-0.239364	0.35624	0.0255	0.663	-0.045	0	315	172	3
2026-02-12	15:46:42.150	94.85	9.555	50.925	1.106052	-0.11346	0.36844	0.021	0.6525	-0.045	0	315	172	3
2026-02-12	15:46:42.170	99.61	7.84	77.07	1.009916	0.013908	0.394304	0.0165	0.654	-0.042	0	315	172	3
2026-02-12	15:46:42.190	92.575	6.055	93.59	1.029924	0.109068	0.375272	0.0225	0.6555	-0.054	0	315	172	3
2026-02-12	15:46:42.210	68.845	13.93	99.96	0.998204	0.088328	0.342332	0.024	0.6585	-0.066	0	314	226	3
2026-02-12	15:46:42.230	38.115	17.29	101.08	0.978196	-0.038796	0.285968	0.0195	0.675	-0.0735	0	314	226	3
2026-02-12	15:46:42.250	16.31	21.665	104.23	0.969168	-0.23424	0.175436	0.0345	0.678	-0.078	0	314	226	3
2026-02-12	15:46:42.270	21.105	23.135	110.74	1.0187	-0.221308	0.073932	0.033	0.7065	-0.081	0	314	226	3
2026-02-12	15:46:42.290	33.32	22.015	114.065	1.060912	-0.093208	0.046604	0.039	0.7095	-0.081	0	314	226	3
2026-02-12	15:46:42.310	56.595	25.34	118.965	1.08824	-0.143472	0.061	0.0465	0.732	-0.09	0	314	226	3
2026-02-12	15:46:42.330	102.2	33.145	126.735	1.222196	-0.259128	0.09394	0.0555	0.744	-0.1005	0	314	226	3
2026-02-12	15:46:42.350	152.46	53.69	131.32	1.352248	-0.382836	0.10248	0.0735	0.7635	-0.12	0	314	226	3
2026-02-12	15:46:42.370	222.25	78.505	137.725	1.27978	-0.373564	0.03782	0.0855	0.7695	-0.1395	0	314	226	3
2026-02-12	15:46:42.390	277.375	96.075	136.535	1.231468	-0.244976	-0.050996	0.0885	0.771	-0.1485	0	314	226	3
2026-02-12	15:46:42.410	286.125	99.365	129.29	1.138504	-0.137372	-0.039528	0.114	0.777	-0.174	0	313	250	3
2026-02-12	15:46:42.430	258.825	93.45	116.935	1.111908	-0.049776	0.03904	0.132	0.771	-0.21	0	313	250	3
2026-02-12	15:46:42.450	213.64	86.94	100.45	1.088728	-0.02196	0.096136	0.153	0.7515	-0.2505	0	313	250	3
2026-02-12	15:46:42.470	170.415	81.13	86.38	0.996984	-0.023424	0.12688	0.1575	0.7455	-0.2775	0	313	250	3
2026-02-12	15:46:42.490	138.04	75.6	73.29	0.928176	-0.040016	0.156648	0.162	0.7275	-0.303	0	313	250	3
2026-02-12	15:46:42.510	114.695	70	61.215	0.936716	-0.08686399	0.180072	0.192	0.726	-0.3135	0	313	250	3
2026-02-12	15:46:42.530	88.97	60.585	42.315	1.05042	-0.155184	0.264496	0.201	0.7035	-0.327	0	313	250	3
2026-02-12	15:46:42.550	71.505	56.385	38.15	0.964776	-0.183	0.272304	0.213	0.7035	-0.336	0	313	250	3
2026-02-12	15:46:42.570	56	51.66	34.37	0.965752	-0.183244	0.246928	0.2325	0.699	-0.348	0	313	250	3
2026-02-12	15:46:42.590	39.97	46.655	33.425	0.944036	-0.179096	0.227164	0.2385	0.6945	-0.351	0	313	250	3
2026-02-12	15:46:42.610	29.61	40.075	37.555	0.960872	-0.159088	0.234728	0.2385	0.69	-0.357	0	310	239	3
2026-02-12	15:46:42.630	21.91	35.315	42.77	0.981124	-0.149572	0.274744	0.2475	0.6915	-0.3585	0	310	239	3
2026-02-12	15:46:42.650	26.46	39.585	50.89	0.959896	-0.26596	0.241316	0.2595	0.684	-0.366	0	310	239	3
2026-02-12	15:46:42.670	65.205	38.745	61.005	0.911584	-0.24644	0.21472	0.2625	0.678	-0.372	0	310	239	3
2026-02-12	15:46:42.690	91.385	27.055	63.7	0.90646	-0.1525	0.23302	0.2745	0.6825	-0.375	0	310	239	3
2026-02-12	15:46:42.710	87.29	16.17	59.955	0.886452	-0.120048	0.243756	0.285	0.672	-0.3855	0	310	239	3
2026-02-12	15:46:42.730	70.245	1.925	51.415	0.830332	-0.0854	0.265472	0.2805	0.6645	-0.387	0	310	239	3
2026-02-12	15:46:42.750	54.74	-12.39	40.565	0.812276	-0.021472	0.334524	0.2805	0.6645	-0.387	0	310	239	3
2026-02-12	15:46:42.770	32.375	-24.045	27.405	0.84668	0.062952	0.370148	0.2805	0.6555	-0.3915	0	310	239	3
2026-02-12	15:46:42.790	-10.71	-34.685	7	0.881572	0.107848	0.364048	0.279	0.648	-0.39	0	310	239	3
2026-02-12	15:46:42.810	-65.94	-47.04	-18.725	0.96502	0.094428	0.3355	0.279	0.648	-0.3855	0	304	229	2
2026-02-12	15:46:42.830	-121.03	-58.45	-44.66	1.025288	0.027572	0.324032	0.2715	0.6525	-0.384	0	304	229	2
2026-02-12	15:46:42.850	-166.775	-63.14	-63.07	1.002352	-0.076616	0.331352	0.27	0.6645	-0.369	0	304	229	2
2026-02-12	15:46:42.870	-188.475	-58.205	-72.17	0.910608	-0.165676	0.344772	0.2445	0.6765	-0.363	0	304	229	2
2026-02-12	15:46:42.890	-187.32	-47.11	-73.92	0.818132	-0.18056	0.322568	0.2355	0.7065	-0.3495	0	304	229	2
2026-02-12	15:46:42.910	-175.7	-37.975	-73.22	0.80276	-0.172752	0.277184	0.2295	0.7155	-0.3345	0	304	229	2
2026-02-12	15:46:42.930	-158.935	-33.565	-72.765	0.807152	-0.17568	0.244	0.225	0.741	-0.3165	0	304	229	2
2026-02-12	15:46:42.950	-125.755	-34.755	-73.22	0.803004	-0.212768	0.238876	0.2145	0.753	-0.297	0	304	229	2
2026-02-12	15:46:42.970	-82.565	-40.775	-75.915	0.852292	-0.226188	0.264252	0.1995	0.7605	-0.2895	0	304	229	2
2026-02-12	15:46:42.990	-51.52	-47.635	-82.46	0.929152	-0.215208	0.300608	0.1815	0.762	-0.2745	0	304	229	2
2026-02-12	15:46:43.010	-31.045	-53.83	-93.17	1.018456	-0.196664	0.349408	0.1785	0.756	-0.2685	0	294	236	3
2026-02-12	15:46:43.030	-23.905	-57.155	-104.545	1.079456	-0.197152	0.3904	0.171	0.753	-0.2595	0	294	236	3
2026-02-12	15:46:43.050	-23.94	-57.89	-114.17	1.067988	-0.2013	0.416264	0.156	0.747	-0.255	0	294	236	3
2026-02-12	15:46:43.070	-25.27	-57.295	-120.96	0.998692	-0.206668	0.426024	0.1335	0.7365	-0.249	0	294	236	3
2026-02-12	15:46:43.090	-26.39	-56.84	-122.255	0.936472	-0.194956	0.417972	0.1245	0.7305	-0.24	0	294	236	3
2026-02-12	15:46:43.110	-29.19	-57.645	-118.93	0.883768	-0.168604	0.388936	0.111	0.7215	-0.231	0	294	236	3
2026-02-12	15:46:43.130	-33.25	-59.885	-114.835	0.864492	-0.135664	0.367464	0.099	0.7035	-0.2205	0	294	236	3
2026-02-12	15:46:43.150	-37.205	-62.65	-111.3	0.877668	-0.119804	0.35746	0.093	0.696	-0.2115	0	294	236	3
2026-02-12	15:46:43.170	-46.865	-67.585	-108.92	0.94794	-0.11956	0.349164	0.093	0.696	-0.2115	0	294	236	3
2026-02-12	15:46:43.190	-54.74	-67.9	-109.025	0.989176	-0.152744	0.35746	0.072	0.678	-0.195	0	294	236	3
2026-02-12	15:46:43.210	-59.325	-66.675	-107.59	0.945744	-0.184708	0.368684	0.048	0.654	-0.1755	0	281	258	3
2026-02-12	15:46:43.230	-61.67	-65.975	-104.3	0.905484	-0.22326	0.379664	0.045	0.6495	-0.171	0	281	258	3
2026-02-12	15:46:43.250	-54.425	-66.395	-100.52	0.950136	-0.284992	0.419436	0.0435	0.642	-0.1605	0	281	258	3
2026-02-12	15:46:43.270	-32.865	-65.31	-95.62	1.010404	-0.32818	0.498492	0.0315	0.6225	-0.147	0	281	258	3
2026-02-12	15:46:43.290	-7.665	-60.025	-85.61	1.036512	-0.334036	0.560956	0.021	0.6195	-0.1335	0	281	258	3
2026-02-12	15:46:43.310	17.36	-52.08	-70.91	1.095072	-0.29768	0.574864	0.0225	0.6045	-0.1245	0	281	258	3
2026-02-12	15:46:43.330	33.39	-42.805	-54.25	1.194868	-0.249856	0.605608	0.0105	0.588	-0.1215	0	281	258	3
2026-02-12	15:46:43.350	35.14	-29.82	-36.575	1.245864	-0.20984	0.661728	0.0105	0.582	-0.105	0	281	258	3
2026-02-12	15:46:43.370	17.5	-14.315	-12.25	1.275388	-0.101016	0.666364	0.0075	0.5685	-0.1035	0	281	258	3
2026-02-12	15:46:43.390	-34.055	-1.05	10.605	1.24562	-0.053924	0.610732	0.0075	0.5685	-0.1035	0	281	258	3
2026-02-12	15:46:43.410	-77	8.785	27.51	1.235128	-0.074176	0.468968	0.0045	0.5685	-0.096	0	267	298	3
2026-02-12	15:46:43.430	-100.03	15.26	43.295	1.242204	-0.12688	0.346236	0.0015	0.57	-0.0885	0	267	298	3
2026-02-12	15:46:43.450	-102.725	21.315	59.99	1.221952	-0.2013	0.298412	0.003	0.588	-0.0975	0	267	298	3
2026-02-12	15:46:43.470	-88.2	26.565	77.35	1.203408	-0.266692	0.288896	0	0.6045	-0.096	0	267	298	3
2026-02-12	15:46:43.490	-66.43	31.29	95.025	1.161196	-0.282308	0.275476	0.0105	0.6165	-0.1065	0	267	298	3
2026-02-12	15:46:43.510	-45.605	34.965	112.105	1.107516	-0.267424	0.243268	0.006	0.6255	-0.0975	0	267	298	3
2026-02-12	15:46:43.530	-28.175	37.94	125.895	1.106296	-0.241804	0.22814	0.009	0.645	-0.1065	0	267	298	3
2026-02-12	15:46:43.550	-17.605	42.35	135.905	1.105808	-0.223504	0.223992	0.0105	0.657	-0.105	0	267	298	3
2026-02-12	15:46:43.570	-10.36	47.005	144.095	1.081652	-0.241316	0.218868	0.0165	0.6945	-0.12	0	267	298	3
2026-02-12	15:46:43.590	5.39	51.905	152.285	1.135088	-0.301828	0.240584	0.033	0.708	-0.117	0	267	298	3
2026-02-12	15:46:43.610	21.385	57.855	158.34	1.240252	-0.30622	0.249368	0.045	0.7305	-0.123	0	255	331	3
2026-02-12	15:46:43.630	12.635	64.505	163.555	1.168516	-0.266448	0.20496	0.06	0.7665	-0.132	0	255	331	3
2026-02-12	15:46:43.650	-2.415	65.065	167.825	1.115324	-0.281088	0.1281	0.063	0.78	-0.135	0	255	331	3
2026-02-12	15:46:43.670	-15.155	58.94	170.345	1.108736	-0.30622	0.085888	0.0915	0.8115	-0.138	0	255	331	3
2026-02-12	15:46:43.690	-19.635	51.73	169.75	1.191452	-0.357948	0.09076799	0.1155	0.8445	-0.1455	0	255	331	3
2026-02-12	15:46:43.710	-16.975	47.67	168.245	1.174372	-0.382836	0.082716	0.1425	0.87	-0.153	0	255	331	3
2026-02-12	15:46:43.730	-11.13	43.4	167.02	1.073112	-0.394792	0.07124799	0.1545	0.909	-0.159	0	255	331	3
2026-02-12	15:46:43.750	-0.56	36.365	163.555	1.031144	-0.41968	0.062708	0.1995	0.9285	-0.156	0	255	331	3
2026-02-12	15:46:43.770	16.345	30.1	157.29	1.099708	-0.484828	0.07564	0.228	0.951	-0.1725	0	255	331	3
2026-02-12	15:46:43.790	35.56	27.615	148.435	1.19804	-0.499224	0.093208	0.267	0.963	-0.1875	0	255	331	3
2026-02-12	15:46:43.810	46.48	30.415	136.64	1.02602	-0.441152	0.061732	0.267	0.963	-0.1875	0	245	323	3
2026-02-12	15:46:43.830	48.16	27.09	129.01	0.9394	-0.395036	0.034892	0.309	0.972	-0.216	0	245	323	3
2026-02-12	15:46:43.850	46.375	22.4	120.435	0.851804	-0.364292	0.027328	0.3525	0.981	-0.2445	0	245	323	3
2026-02-12	15:46:43.870	44.52	16.31	111.09	0.775432	-0.344772	0.049288	0.387	0.9795	-0.2475	0	245	323	3
2026-02-12	15:46:43.890	42.49	9.94	99.96	0.757376	-0.33184	0.079788	0.4155	0.969	-0.2625	0	245	323	3
2026-02-12	15:46:43.910	40.88	4.34	86.03	0.759328	-0.320128	0.091256	0.426	0.966	-0.2745	0	245	323	3
2026-02-12	15:46:43.930	40.32	-0.945	70.98	0.731268	-0.314028	0.090524	0.4395	0.9555	-0.2865	0	245	323	3
2026-02-12	15:46:43.950	41.545	-7.28	55.195	0.704184	-0.296216	0.111508	0.4575	0.9495	-0.3015	0	245	323	3
2026-02-12	15:46:43.970	41.475	-13.125	38.675	0.73566	-0.286944	0.176412	0.462	0.939	-0.3075	0	245	323	3
2026-02-12	15:46:43.990	37.555	-17.85	22.19	0.789584	-0.280356	0.229848	0.4725	0.933	-0.3105	0	245	323	3
2026-02-12	15:46:44.010	32.2	-21.525	-0.84	0.748348	-0.26962	0.271328	0.471	0.921	-0.321	0	240	284	3
2026-02-12	15:46:44.030	32.69	-24.43	-17.255	0.749812	-0.24278	0.289628	0.465	0.903	-0.3315	0	240	284	3
2026-02-12	15:46:44.050	27.545	-28.805	-37.66	0.825208	-0.198128	0.281088	0.4575	0.8955	-0.3315	0	240	284	3
2026-02-12	15:46:44.070	11.865	-35.315	-62.545	0.94794	-0.202276	0.226432	0.456	0.894	-0.3345	0	240	284	3
2026-02-12	15:46:44.090	-8.82	-43.645	-87.255	0.997472	-0.234484	0.195688	0.447	0.894	-0.3465	0	240	284	3
2026-02-12	15:46:44.110	-13.79	-47.95	-107.24	1.023092	-0.321348	0.366976	0.423	0.8925	-0.345	0	240	284	3
2026-02-12	15:46:44.130	-1.82	-41.055	-118.3	0.962092	-0.330864	0.522648	0.408	0.8895	-0.3435	0	240	284	3
2026-02-12	15:46:44.150	0.245	-33.04	-120.365	0.87474	-0.248148	0.502884	0.384	0.885	-0.342	0	240	284	3
2026-02-12	15:46:44.170	-9.03	-27.685	-119.735	0.826428	-0.201544	0.405772	0.366	0.8715	-0.342	0	240	284	3
2026-02-12	15:46:44.190	-14.945	-27.265	-119.805	0.86742	-0.201056	0.311344	0.3675	0.876	-0.336	0	240	284	3
2026-02-12	15:46:44.210	-16.485	-29.26	-121.73	0.926224	-0.195444	0.258396	0.3285	0.8775	-0.339	0	237	255	2
2026-02-12	15:46:44.230	-22.12	-32.935	-126.28	0.96746	-0.195444	0.21716	0.315	0.867	-0.3375	0	237	255	2
2026-02-12	15:46:44.250	-24.36	-36.33	-130.865	1.014552	-0.197152	0.196664	0.297	0.8625	-0.333	0	237	255	2
2026-02-12	15:46:44.270	-16.8	-40.915	-138.32	1.077992	-0.193248	0.208132	0.2685	0.855	-0.3285	0	237	255	2
2026-02-12	15:46:44.290	-9.45	-44.835	-144.62	1.128744	-0.227652	0.249612	0.258	0.8535	-0.3285	0	237	255	2
2026-02-12	15:46:44.310	-1.4	-46.83	-149.24	1.128256	-0.269864	0.290848	0.237	0.8445	-0.3165	0	237	255	2
2026-02-12	15:46:44.330	2.345	-46.305	-150.325	1.070672	-0.298412	0.330864	0.2055	0.834	-0.318	0	237	255	2
2026-02-12	15:46:44.350	-3.185	-45.115	-147.35	1.009184	-0.338916	0.337452	0.1905	0.819	-0.312	0	237	255	2
2026-02-12	15:46:44.370	-7.35	-43.785	-142.205	0.953552	-0.323544	0.325984	0.162	0.8055	-0.303	0	237	255	2
2026-02-12	15:46:44.390	-11.515	-45.22	-139.265	0.94428	-0.282796	0.29646	0.1545	0.7965	-0.303	0	237	255	2
2026-02-12	15:46:44.410	-18.795	-48.405	-137.55	0.952576	-0.269376	0.264984	0.1335	0.7815	-0.2955	0	234	252	3
2026-02-12	15:46:44.430	-27.055	-51.1	-136.045	0.98332	-0.28182	0.268156	0.108	0.768	-0.2895	0	234	252	3
2026-02-12	15:46:44.450	-27.825	-51.205	-131.67	0.976244	-0.327692	0.282308	0.108	0.768	-0.2895	0	234	252	3
2026-02-12	15:46:44.470	-20.86	-52.465	-124.425	0.946964	-0.346236	0.268644	0.0885	0.7455	-0.273	0	234	252	3
2026-02-12	15:46:44.490	-13.195	-54.215	-117.81	0.964532	-0.3904	0.311832	0.0705	0.7245	-0.2565	0	234	252	3
2026-02-12	15:46:44.510	-6.195	-55.93	-113.33	1.058228	-0.437492	0.405528	0.0495	0.708	-0.2565	0	234	252	3
2026-02-12	15:46:44.530	3.395	-54.74	-106.05	1.113616	-0.481656	0.48312	0.033	0.693	-0.243	0	234	252	3
2026-02-12	15:46:44.550	17.08	-51.17	-92.155	1.106784	-0.412604	0.508984	0.018	0.6825	-0.234	0	234	252	3
2026-02-12	15:46:44.570	17.08	-48.02	-76.37	1.07116	-0.312564	0.48434	0.021	0.669	-0.2385	0	234	252	3
2026-02-12	15:46:44.590	0.14	-45.745	-60.795	1.111664	-0.325984	0.498248	0.0105	0.66	-0.228	0	234	252	3
2026-02-12	15:46:44.610	-9.485	-38.5	-44.73	1.140212	-0.38552	0.580476	0.0045	0.642	-0.2205	0	229	267	3
2026-02-12	15:46:44.630	-12.46	-29.365	-24.395	1.219024	-0.390888	0.531676	0.003	0.627	-0.222	0	229	267	3
2026-02-12	15:46:44.650	-9.555	-13.825	2.1	1.26392	-0.421876	0.484584	0	0.633	-0.2175	0	229	267	3
2026-02-12	15:46:44.670	2.835	0.91	30.8	1.31028	-0.395524	0.33062	0	0.63	-0.2235	0	229	267	3
2026-02-12	15:46:44.690	10.185	8.925	52.5	1.4213	-0.308172	0.25132	0	0.627	-0.2355	0	229	267	3
2026-02-12	15:46:44.710	3.57	19.075	74.795	1.434232	-0.247172	0.208132	0	0.627	-0.24	0	229	267	3
2026-02-12	15:46:44.730	-12.775	26.565	99.645	1.349076	-0.211548	0.178608	0.015	0.624	-0.249	0	229	267	3
2026-02-12	15:46:44.750	-28.49	27.965	124.005	1.251964	-0.166652	0.181292	0.012	0.6435	-0.2535	0	229	267	3
2026-02-12	15:46:44.770	-43.4	23.835	145.46	1.167052	-0.120292	0.194712	0.033	0.6435	-0.276	0	229	267	3
2026-02-12	15:46:44.790	-58.17	15.575	162.82	1.130452	-0.092232	0.191784	0.033	0.654	-0.2715	0	229	267	3
2026-02-12	15:46:44.810	-72.17	7.385	175.665	1.141188	-0.125904	0.16958	0.048	0.6675	-0.285	0	224	290	3
2026-02-12	15:46:44.830	-80.85	-0.07	184.45	1.123376	-0.149084	0.13542	0.066	0.6765	-0.27	0	224	290	3
2026-02-12	15:46:44.850	-81.76	-6.615	188.965	1.100684	-0.175436	0.09882	0.0675	0.6945	-0.2745	0	224	290	3
2026-02-12	15:46:44.870	-74.305	-11.935	188.615	1.10532	-0.211304	0.04026	0.078	0.714	-0.246	0	224	290	3
2026-02-12	15:46:44.890	-62.475	-14.315	185.185	1.101904	-0.256444	-0.020252	0.0885	0.732	-0.228	0	224	290	3
2026-02-12	15:46:44.910	-43.47	-14.42	180.355	1.062864	-0.325252	-0.052216	0.099	0.75	-0.21	0	224	290	3
2026-02-12	15:46:44.930	-14.63	-14.315	175.035	1.04798	-0.425536	-0.080276	0.1065	0.768	-0.189	0	224	290	3
2026-02-12	15:46:44.950	23.94	-12.425	169.4	1.102148	-0.47336	-0.079788	0.114	0.795	-0.177	0	224	290	3
2026-02-12	15:46:44.970	61.74	-5.145	163.66	1.051396	-0.473116	-0.066856	0.1335	0.8055	-0.153	0	224	290	3
2026-02-12	15:46:44.990	95.34	2.87	157.535	0.978196	-0.454572	-0.040016	0.1575	0.825	-0.1545	0	224	290	3
2026-02-12	15:46:45.010	117.53	9.835	149.275	0.926956	-0.439688	-0.017812	0.171	0.8415	-0.1515	0	223	277	3
2026-02-12	15:46:45.030	126.77	15.505	139.335	0.88206	-0.450424	0.003904	0.183	0.846	-0.156	0	223	277	3
2026-02-12	15:46:45.050	129.99	21.49	128.03	0.85888	-0.459696	0.017568	0.21	0.861	-0.165	0	223	277	3
2026-02-12	15:46:45.070	138.04	34.09	115.605	0.806176	-0.47824	0.027816	0.234	0.8595	-0.18	0	223	277	3
2026-02-12	15:46:45.090	170.765	33.18	92.05	0.746152	-0.427488	0.054168	0.234	0.8595	-0.18	0	223	277	3
2026-02-12	15:46:45.110	177.1	28.42	74.41	0.725412	-0.360632	0.091988	0.258	0.855	-0.1995	0	223	277	3
2026-02-12	15:46:45.130	165.375	24.745	56.035	0.7015	-0.327692	0.115656	0.2835	0.852	-0.2205	0	223	277	3
2026-02-12	15:46:45.150	145.04	20.265	37.485	0.682224	-0.2928	0.13176	0.294	0.8385	-0.243	0	223	277	3
2026-02-12	15:46:45.170	118.37	14.49	19.005	0.686616	-0.268156	0.135664	0.303	0.831	-0.255	0	223	277	3
2026-02-12	15:46:45.190	86.87	7.315	1.12	0.724192	-0.251564	0.148352	0.3105	0.8205	-0.267	0	223	277	3
2026-02-12	15:46:45.210	53.69	-0.14	-15.155	0.73566	-0.235948	0.160308	0.309	0.813	-0.2685	0	224	234	3
2026-02-12	15:46:45.230	24.115	-8.68	-30.205	0.7747	-0.2318	0.166408	0.3195	0.8115	-0.27	0	224	234	3
2026-02-12	15:46:45.250	-0.665	-14.315	-44.205	0.793488	-0.234972	0.173972	0.315	0.8025	-0.2715	0	224	234	3
2026-02-12	15:46:45.270	-22.19	-19.39	-56.42	0.824232	-0.213988	0.198372	0.306	0.807	-0.267	0	224	234	3
2026-02-12	15:46:45.290	-52.465	-24.815	-68.81	0.896212	-0.223016	0.245464	0.3	0.7995	-0.2625	0	224	234	3
2026-02-12	15:46:45.310	-70.14	-25.97	-79.205	0.96868	-0.268888	0.255224	0.297	0.807	-0.2535	0	224	234	3
2026-02-12	15:46:45.330	-68.915	-26.145	-86.695	1.027728	-0.26596	0.226432	0.2955	0.8145	-0.2445	0	224	234	3
2026-02-12	15:46:45.350	-63.42	-26.25	-95.935	1.136308	-0.29402	0.209352	0.2775	0.813	-0.2415	0	224	234	3
2026-02-12	15:46:45.370	-45.395	-23.1	-105.035	1.22366	-0.360144	0.23058	0.279	0.813	-0.231	0	224	234	3
2026-02-12	15:46:45.390	-22.995	-18.235	-109.865	1.260748	-0.349896	0.255468	0.264	0.8175	-0.2175	0	224	234	3
2026-02-12	15:46:45.410	-11.2	-13.79	-112.175	1.219268	-0.300608	0.256444	0.252	0.801	-0.219	0	227	200	3
2026-02-12	15:46:45.430	-11.305	-10.64	-110.6	1.071648	-0.271572	0.232044	0.228	0.798	-0.21	0	227	200	3
2026-02-12	15:46:45.450	-13.895	-12.215	-105.98	0.955992	-0.253272	0.213256	0.2205	0.7935	-0.225	0	227	200	3
2026-02-12	15:46:45.470	-12.25	-17.29	-100.135	0.91378	-0.256444	0.209352	0.213	0.789	-0.213	0	227	200	3
2026-02-12	15:46:45.490	-3.29	-23.065	-94.395	0.904996	-0.261324	0.223504	0.204	0.774	-0.213	0	227	200	3
2026-02-12	15:46:45.510	12.18	-33.53	-88.585	0.933788	-0.247904	0.256932	0.198	0.7635	-0.2175	0	227	200	3
2026-02-12	15:46:45.530	18.445	-40.95	-88.2	1.00406	-0.238388	0.286944	0.189	0.7575	-0.213	0	227	200	3
2026-02-12	15:46:45.550	17.99	-45.15	-90.86	1.077748	-0.255956	0.310124	0.18	0.753	-0.2085	0	227	200	3
2026-02-12	15:46:45.570	13.23	-45.22	-94.78	1.108736	-0.256444	0.30988	0.1665	0.735	-0.198	0	227	200	3
2026-02-12	15:46:45.590	1.925	-42.805	-98.07	1.072868	-0.241804	0.278892	0.159	0.7215	-0.207	0	227	200	3
2026-02-12	15:46:45.610	-12.915	-40.495	-100.695	1.025776	-0.220332	0.22814	0.1485	0.7095	-0.1965	0	227	193	3
2026-02-12	15:46:45.630	-27.335	-39.165	-103.635	0.9821	-0.202764	0.19886	0.135	0.696	-0.201	0	227	193	3
2026-02-12	15:46:45.650	-40.74	-39.165	-107.065	0.972828	-0.198616	0.201056	0.1305	0.6975	-0.192	0	227	193	3
2026-02-12	15:46:45.670	-48.405	-38.01	-109.34	0.95404	-0.284748	0.20252	0.1155	0.6825	-0.174	0	227	193	3
2026-02-12	15:46:45.690	-23.52	-33.11	-108.29	0.919148	-0.406748	0.1891	0.1155	0.6705	-0.177	0	227	193	3
2026-02-12	15:46:45.710	18.27	-32.13	-106.575	0.85766	-0.350872	0.189832	0.1035	0.66	-0.1785	0	227	193	3
2026-02-12	15:46:45.730	37.73	-45.64	-107.59	0.860832	-0.214476	0.23424	0.1035	0.66	-0.1785	0	227	193	3
2026-02-12	15:46:45.750	23.625	-52.185	-107.24	0.85522	-0.2318	0.273768	0.0945	0.639	-0.171	0	227	193	3
2026-02-12	15:46:45.770	12.425	-57.645	-103.04	0.85522	-0.265472	0.30012	0.087	0.618	-0.165	0	227	193	3
2026-02-12	15:46:45.790	11.935	-63.105	-98.175	0.908412	-0.28182	0.359412	0.081	0.603	-0.1545	0	227	193	3
2026-02-12	15:46:45.810	14.21	-65.59	-93.66	0.96868	-0.285968	0.437248	0.072	0.5955	-0.147	0	225	204	3
2026-02-12	15:46:45.830	0.77	-64.54	-85.225	0.971364	-0.229116	0.465308	0.066	0.582	-0.1425	0	225	204	3
2026-02-12	15:46:45.850	-26.005	-60.725	-73.64	1.011624	-0.244732	0.43798	0.066	0.5685	-0.1305	0	225	204	3
2026-02-12	15:46:45.870	-43.19	-55.055	-61.285	1.097268	-0.29524	0.392352	0.054	0.555	-0.12	0	225	204	3
2026-02-12	15:46:45.890	-45.675	-48.685	-48.16	1.164368	-0.371368	0.397964	0.051	0.552	-0.12	0	225	204	3
2026-02-12	15:46:45.910	-34.475	-40.6	-31.71	1.130696	-0.462136	0.465308	0.0555	0.555	-0.1065	0	225	204	3
2026-02-12	15:46:45.930	-2.765	-27.58	-2.31	1.045052	-0.503372	0.505324	0.0555	0.546	-0.0975	0	225	204	3
2026-02-12	15:46:45.950	35.105	-14.805	25.27	1.175592	-0.443348	0.505568	0.054	0.5475	-0.096	0	225	204	3
2026-02-12	15:46:45.970	49.07	0.84	44.52	1.344928	-0.359412	0.419924	0.0525	0.5505	-0.0945	0	225	204	3
2026-02-12	15:46:45.990	41.93	17.255	64.33	1.427888	-0.257176	0.282552	0.0495	0.567	-0.093	0	225	204	3
2026-02-12	15:46:46.010	24.99	32.165	84.63	1.420568	-0.205448	0.169336	0.048	0.57	-0.099	0	221	232	3
2026-02-12	15:46:46.030	14.245	42.77	101.815	1.419592	-0.173484	0.128344	0.0495	0.5835	-0.099	0	221	232	3
2026-02-12	15:46:46.050	1.855	51.275	117.95	1.339072	-0.150304	0.101992	0.06	0.597	-0.1125	0	221	232	3
2026-02-12	15:46:46.070	-11.235	53.9	133.945	1.291736	-0.150792	0.096624	0.0675	0.6105	-0.1155	0	221	232	3
2026-02-12	15:46:46.090	-18.9	53.165	149.52	1.298812	-0.133224	0.122976	0.069	0.6225	-0.1215	0	221	232	3
2026-02-12	15:46:46.110	-25.41	51.765	162.925	1.260016	-0.11224	0.170556	0.0735	0.6555	-0.1305	0	221	232	3
2026-02-12	15:46:46.130	-32.97	48.93	173.25	1.192428	-0.13786	0.210328	0.09	0.6765	-0.1365	0	221	232	3
2026-02-12	15:46:46.150	-33.53	44.345	180.985	1.146556	-0.243268	0.241316	0.105	0.7035	-0.144	0	221	232	3
2026-02-12	15:46:46.170	-15.89	45.605	180.74	1.170224	-0.318908	0.23912	0.1155	0.7215	-0.1485	0	221	232	3
2026-02-12	15:46:46.190	7.665	49.35	176.715	1.181692	-0.30134	0.19032	0.1275	0.741	-0.153	0	221	232	3
2026-02-12	15:46:46.210	19.355	53.305	169.855	1.130452	-0.294996	0.110776	0.1455	0.777	-0.1545	0	219	250	3
2026-02-12	15:46:46.230	30.765	54.32	159.705	1.121424	-0.317444	0.052948	0.1635	0.8025	-0.1605	0	219	250	3
2026-02-12	15:46:46.250	46.935	53.62	146.825	1.1468	-0.318908	0.020252	0.1845	0.8115	-0.168	0	219	250	3
2026-02-12	15:46:46.270	60.585	53.725	133.77	1.114592	-0.290116	-0.007564	0.1995	0.825	-0.195	0	219	250	3
2026-02-12	15:46:46.290	65.59	51.73	119.98	1.084092	-0.242292	-0.010248	0.2175	0.8265	-0.2085	0	219	250	3
2026-02-12	15:46:46.310	61.88	48.825	104.755	1.14436	-0.242292	0.026352	0.2355	0.8325	-0.204	0	219	250	3
2026-02-12	15:46:46.330	54.005	48.755	90.79	1.100684	-0.236436	0.051484	0.258	0.8385	-0.2175	0	219	250	3
2026-02-12	15:46:46.350	44.38	47.705	79.065	1.020896	-0.232776	0.061244	0.2685	0.8325	-0.2355	0	219	250	3
2026-02-12	15:46:46.370	33.145	43.995	63	0.952088	-0.265472	0.107116	0.2685	0.8325	-0.2355	0	219	250	3
2026-02-12	15:46:46.390	29.4	42.875	53.025	0.927932	-0.273768	0.103456	0.2835	0.831	-0.2445	0	219	250	3
2026-02-12	15:46:46.410	26.705	40.67	44.31	0.88816	-0.270596	0.078812	0.2985	0.831	-0.2535	0	217	236	3
2026-02-12	15:46:46.430	26.18	35.98	36.295	0.866444	-0.263032	0.056608	0.3075	0.822	-0.261	0	217	236	3
2026-02-12	15:46:46.450	26.95	30.345	28.63	0.842288	-0.250588	0.051728	0.3105	0.825	-0.264	0	217	236	3
2026-02-12	15:46:46.470	26.075	24.5	20.51	0.818864	-0.236436	0.056364	0.315	0.8235	-0.276	0	217	236	3
2026-02-12	15:46:46.490	25.305	18.34	11.305	0.808128	-0.233264	0.072468	0.3255	0.8145	-0.27	0	217	236	3
2026-02-12	15:46:46.510	26.635	11.865	1.435	0.797392	-0.241316	0.10248	0.3255	0.804	-0.2805	0	217	236	3
2026-02-12	15:46:46.530	29.785	4.69	-8.26	0.776164	-0.254492	0.152988	0.321	0.816	-0.279	0	217	236	3
2026-02-12	15:46:46.550	36.435	-1.295	-17.08	0.750056	-0.270596	0.212036	0.3225	0.816	-0.285	0	217	236	3
2026-02-12	15:46:46.570	48.65	-4.9	-25.69	0.72712	-0.274988	0.267424	0.3135	0.7935	-0.285	0	217	236	3
2026-02-12	15:46:46.590	57.785	-8.61	-30.66	0.732	-0.26718	0.218624	0.315	0.786	-0.288	0	217	236	3
2026-02-12	15:46:46.610	67.27	-9.275	-29.61	0.800808	-0.277184	0.114436	0.3165	0.7785	-0.291	0	215	207	3
2026-02-12	15:46:46.630	91.28	-13.86	-28.105	0.895236	-0.275232	0.119316	0.309	0.78	-0.297	0	215	207	3
2026-02-12	15:46:46.650	117.67	-26.005	-32.095	1.046028	-0.206668	0.236924	0.3045	0.762	-0.2985	0	215	207	3
2026-02-12	15:46:46.670	125.825	-31.045	-39.305	1.097024	-0.159088	0.300364	0.2895	0.7485	-0.306	0	215	207	3
2026-02-12	15:46:46.690	116.97	-35.84	-47.32	1.131428	-0.105408	0.310856	0.288	0.7395	-0.309	0	215	207	3
2026-02-12	15:46:46.710	97.3	-42.21	-57.82	1.125084	-0.082228	0.30866	0.2805	0.717	-0.3135	0	215	207	3
2026-02-12	15:46:46.730	65.625	-46.41	-64.925	1.01138	-0.045384	0.331108	0.279	0.7035	-0.3225	0	215	207	3
2026-02-12	15:46:46.750	27.965	-49.77	-72.695	0.960628	0.004392	0.36356	0.27	0.6825	-0.3135	0	215	207	3
2026-02-12	15:46:46.770	-17.885	-54.495	-82.075	0.935496	0.025132	0.347944	0.264	0.681	-0.312	0	215	207	3
2026-02-12	15:46:46.790	-81.69	-68.6	-96.495	0.911096	-0.039772	0.330376	0.2415	0.6735	-0.3105	0	215	207	3
2026-02-12	15:46:46.810	-97.93	-80.045	-107.135	0.915732	-0.130296	0.345748	0.2325	0.678	-0.303	0	215	195	3
2026-02-12	15:46:46.830	-92.75	-88.235	-120.19	0.971364	-0.193736	0.406992	0.225	0.6825	-0.297	0	215	195	3
2026-02-12	15:46:46.850	-73.5	-90.335	-135.45	1.0553	-0.227408	0.440176	0.201	0.684	-0.2835	0	215	195	3
2026-02-12	15:46:46.870	-53.025	-88.13	-149.38	1.12972	-0.243512	0.4392	0.201	0.678	-0.2745	0	215	195	3
2026-02-12	15:46:46.890	-41.58	-82.215	-159.145	1.120692	-0.226676	0.396988	0.174	0.6705	-0.264	0	215	195	3
2026-02-12	15:46:46.910	-41.475	-76.51	-166.075	1.097512	-0.212768	0.335012	0.162	0.66	-0.255	0	215	195	3
2026-02-12	15:46:46.930	-42.945	-71.925	-170.345	1.080676	-0.205692	0.30256	0.1455	0.6435	-0.2445	0	215	195	3
2026-02-12	15:46:46.950	-45.045	-68.74	-171.22	1.051884	-0.182512	0.306708	0.1395	0.627	-0.2355	0	215	195	3
2026-02-12	15:46:46.970	-49.07	-66.605	-169.435	1.048224	-0.172264	0.350628	0.1305	0.615	-0.231	0	215	195	3
2026-02-12	15:46:46.990	-55.475	-65.485	-165.305	1.052616	-0.179096	0.380396	0.12	0.606	-0.2205	0	215	195	3
2026-02-12	15:46:47.010	-76.405	-69.965	-156.03	1.084824	-0.153476	0.406992	0.12	0.606	-0.2205	0	214	215	3
2026-02-12	15:46:47.030	-127.855	-73.885	-146.755	1.01016	-0.13908	0.44896	0.12	0.606	-0.2205	0	214	215	3
2026-02-12	15:46:47.050	-227.43	-79.205	-130.69	0.886208	-0.238876	0.450424	0.0915	0.564	-0.1965	0	214	215	3
2026-02-12	15:46:47.070	-303.73	-73.395	-113.12	0.848144	-0.506056	0.48312	0.0795	0.561	-0.18	0	214	215	3
2026-02-12	15:46:47.090	-290.15	-65.66	-100.45	1.001376	-0.747616	0.498736	0.0765	0.564	-0.1725	0	214	215	3
2026-02-12	15:46:47.110	-241.15	-51.31	-80.36	1.002352	-0.897432	0.488732	0.0705	0.573	-0.153	0	214	215	3
2026-02-12	15:46:47.130	-186.9	-36.61	-51.94	0.976488	-1.016504	0.397476	0.0735	0.5745	-0.1455	0	214	215	3
2026-02-12	15:46:47.150	-131.915	-28.525	-19.95	1.052128	-0.981856	0.25498	0.0675	0.5775	-0.1455	0	214	215	3
2026-02-12	15:46:47.170	-79.345	-24.22	10.64	1.113372	-0.929884	0.260592	0.072	0.5775	-0.1365	0	214	215	3
2026-02-12	15:46:47.190	-30.065	-19.18	42.21	1.061156	-0.850096	0.273036	0.072	0.588	-0.132	0	214	215	3
2026-02-12	15:46:47.210	31.885	-13.265	77.77	1.211948	-0.815692	0.327448	0.063	0.597	-0.1335	0	216	252	3
2026-02-12	15:46:47.230	84.805	-4.095	116.41	1.3359	-0.569984	0.210572	0.063	0.597	-0.129	0	216	252	3
2026-02-12	15:46:47.250	90.65	-3.5	143.465	1.497672	-0.341112	0.1037	0.0645	0.5985	-0.126	0	216	252	3
2026-02-12	15:46:47.270	76.65	-4.165	166.215	1.605032	-0.263276	0.085888	0.0675	0.621	-0.123	0	216	252	3
2026-02-12	15:46:47.290	72.1	-6.055	185.955	1.675304	-0.295972	0.134932	0.0735	0.6315	-0.1275	0	216	252	3
2026-02-12	15:46:47.310	88.515	-6.195	202.37	1.69336	-0.247904	0.165676	0.072	0.6495	-0.123	0	216	252	3
2026-02-12	15:46:47.330	92.75	-6.265	217.35	1.596248	-0.146644	0.170312	0.0885	0.672	-0.1275	0	216	252	3
2026-02-12	15:46:47.350	85.085	-7.42	228.62	1.489864	-0.136152	0.173728	0.0885	0.69	-0.1305	0	216	252	3
2026-02-12	15:46:47.370	73.815	-7.875	234.745	1.38348	-0.133956	0.160552	0.114	0.7125	-0.1245	0	216	252	3
2026-02-12	15:46:47.390	63.735	-6.93	234.535	1.373232	-0.183976	0.154208	0.1215	0.7455	-0.132	0	216	252	3
2026-02-12	15:46:47.410	59.99	-1.995	229.39	1.424472	-0.182268	0.124196	0.1245	0.759	-0.141	0	225	269	3
2026-02-12	15:46:47.430	44.275	10.92	218.12	1.236592	-0.136396	0.047336	0.1545	0.7815	-0.1515	0	225	269	3
2026-02-12	15:46:47.450	32.655	15.61	205.065	1.13704	-0.172508	0.018056	0.1725	0.7995	-0.1545	0	225	269	3
2026-02-12	15:46:47.470	24.605	20.09	187.635	1.107028	-0.21594	-0.00122	0.192	0.819	-0.1575	0	225	269	3
2026-02-12	15:46:47.490	13.79	26.11	168.84	1.083116	-0.240096	-0.058316	0.2235	0.828	-0.1485	0	225	269	3
2026-02-12	15:46:47.510	-4.725	34.51	151.025	1.057008	-0.341844	-0.096868	0.2385	0.855	-0.165	0	225	269	3
2026-02-12	15:46:47.530	-1.645	43.645	134.26	0.999424	-0.347212	-0.096624	0.2535	0.8745	-0.162	0	225	269	3
2026-02-12	15:46:47.550	10.115	44.17	113.785	1.004304	-0.241804	-0.0549	0.2715	0.8715	-0.1635	0	225	269	3
2026-02-12	15:46:47.570	13.16	45.815	93.24	0.923052	-0.22814	-0.043188	0.285	0.882	-0.171	0	225	269	3
2026-02-12	15:46:47.590	10.955	40.775	74.865	0.867176	-0.24644	0.005368	0.306	0.888	-0.1755	0	225	269	3
2026-02-12	15:46:47.610	4.27	35.175	60.48	0.853268	-0.329156	0.06222	0.3285	0.894	-0.168	0	239	246	3
2026-02-12	15:46:47.630	1.26	31.605	50.75	0.825452	-0.390888	0.106384	0.3315	0.8955	-0.1725	0	239	246	3
2026-02-12	15:46:47.650	-3.01	24.115	41.58	0.75762	-0.41114	0.119804	0.3315	0.8955	-0.1725	0	239	246	3
2026-02-12	15:46:47.670	-1.715	17.15	35.525	0.7259	-0.41968	0.115168	0.3315	0.8955	-0.1725	0	239	246	3
2026-02-12	15:46:47.690	5.635	9.905	28.77	0.710284	-0.443592	0.125416	0.3525	0.912	-0.1785	0	239	246	3
2026-02-12	15:46:47.710	16.1	3.885	21.84	0.6832	-0.435296	0.117364	0.3615	0.9105	-0.18	0	239	246	3
2026-02-12	15:46:47.730	26.705	-2.87	13.475	0.643428	-0.45262	0.092476	0.3645	0.9075	-0.183	0	239	246	3
2026-02-12	15:46:47.750	39.865	-11.13	4.34	0.60634	-0.484096	0.081252	0.372	0.906	-0.186	0	239	246	3
2026-02-12	15:46:47.770	60.62	-19.845	-6.825	0.604144	-0.498492	0.132492	0.3645	0.909	-0.1935	0	239	246	3
2026-02-12	15:46:47.790	89.6	-24.36	-18.375	0.59414	-0.463356	0.213256	0.3675	0.903	-0.1995	0	239	246	3
2026-02-12	15:46:47.810	119.07	-26.985	-30.625	0.593164	-0.385764	0.24766	0.366	0.8925	-0.204	0	254	205	2
2026-02-12	15:46:47.830	141.96	-30.275	-45.71	0.663436	-0.332572	0.252296	0.3555	0.8835	-0.2265	0	254	205	2
2026-02-12	15:46:47.850	155.75	-36.505	-63.28	0.760548	-0.294752	0.246684	0.348	0.867	-0.24	0	254	205	2
2026-02-12	15:46:47.870	158.095	-44.8	-78.435	0.854732	-0.250832	0.274012	0.339	0.8475	-0.252	0	254	205	2
2026-02-12	15:46:47.890	150.22	-50.4	-88.935	0.926224	-0.230824	0.3111	0.3315	0.828	-0.2655	0	254	205	2
2026-02-12	15:46:47.910	138.495	-54.145	-98.385	0.976	-0.217648	0.334524	0.315	0.8025	-0.2865	0	254	205	2
2026-02-12	15:46:47.930	127.505	-57.995	-105.91	1.031144	-0.211548	0.353068	0.2955	0.7965	-0.291	0	254	205	2
2026-02-12	15:46:47.950	116.83	-62.055	-110.6	1.06262	-0.206668	0.35746	0.279	0.768	-0.2955	0	254	205	2
2026-02-12	15:46:47.970	99.47	-65.24	-111.545	1.070916	-0.2135	0.359168	0.2625	0.7485	-0.3075	0	254	205	2
2026-02-12	15:46:47.990	81.725	-65.66	-110.95	1.073356	-0.176412	0.347944	0.2475	0.729	-0.306	0	254	205	2
2026-02-12	15:46:48.010	61.915	-65.695	-109.97	1.070672	-0.127124	0.35136	0.228	0.7065	-0.297	0	268	189	3
2026-02-12	15:46:48.030	36.61	-65.31	-108.22	1.018456	-0.115412	0.350384	0.2085	0.6915	-0.2955	0	268	189	3
2026-02-12	15:46:48.050	12.39	-66.29	-106.505	1.015528	-0.11346	0.356972	0.2115	0.6825	-0.291	0	268	189	3
2026-02-12	15:46:48.070	-24.185	-65.765	-108.01	1.090436	-0.112972	0.372588	0.186	0.666	-0.2925	0	268	189	3
2026-02-12	15:46:48.090	-45.43	-63.175	-110.915	1.125816	-0.1342	0.38308	0.1785	0.66	-0.2865	0	268	189	3
2026-02-12	15:46:48.110	-58.485	-60.445	-113.855	1.112884	-0.162016	0.394792	0.1725	0.654	-0.2805	0	268	189	3
2026-02-12	15:46:48.130	-68.18	-58.765	-115.955	1.116788	-0.198616	0.384788	0.159	0.6435	-0.2655	0	268	189	3
2026-02-12	15:46:48.150	-75.985	-56.875	-117.25	1.130452	-0.210572	0.364536	0.1485	0.6375	-0.255	0	268	189	3
2026-02-12	15:46:48.170	-84.665	-54.005	-118.37	1.123864	-0.225944	0.347212	0.138	0.633	-0.2415	0	268	189	3
2026-02-12	15:46:48.190	-92.575	-50.085	-119	1.104832	-0.249124	0.33428	0.1245	0.627	-0.2445	0	268	189	3
2026-02-12	15:46:48.210	-96.04	-46.305	-118.65	1.058228	-0.264496	0.317688	0.1125	0.621	-0.2295	0	277	208	3
2026-02-12	15:46:48.230	-96.005	-43.225	-117.285	0.994056	-0.260348	0.29768	0.108	0.618	-0.234	0	277	208	3
2026-02-12	15:46:48.250	-94.92	-40.845	-115.36	0.928664	-0.2562	0.278404	0.1035	0.6075	-0.2205	0	277	208	3
2026-02-12	15:46:48.270	-93.765	-39.48	-113.47	0.896456	-0.246196	0.268888	0.102	0.606	-0.2115	0	277	208	3
2026-02-12	15:46:48.290	-93.73	-37.555	-109.655	0.873276	-0.249124	0.28304	0.102	0.606	-0.2115	0	277	208	3
2026-02-12	15:46:48.310	-92.225	-34.335	-105.665	0.86132	-0.245708	0.34282	0.102	0.606	-0.2115	0	277	208	3
2026-02-12	15:46:48.330	-95.795	-29.435	-101.045	0.806176	-0.205692	0.35014	0.0885	0.5895	-0.1965	0	277	208	3
2026-02-12	15:46:48.350	-107.485	-28.98	-96.88	0.7137	-0.194468	0.324276	0.0855	0.5775	-0.2025	0	277	208	3
2026-02-12	15:46:48.370	-99.015	-34.37	-94.815	0.698084	-0.294264	0.345504	0.0705	0.576	-0.189	0	277	208	3
2026-02-12	15:46:48.390	-44.625	-37.03	-91.735	0.792756	-0.461892	0.5185	0.072	0.5715	-0.1815	0	277	208	3
2026-02-12	15:46:48.410	13.58	-32.235	-80.57	0.867908	-0.490928	0.654896	0.0735	0.5595	-0.1725	0	279	243	3
2026-02-12	15:46:48.430	41.65	-26.215	-60.445	0.905728	-0.390888	0.665388	0.0675	0.5475	-0.1665	0	279	243	3
2026-02-12	15:46:48.450	32.2	-21.805	-40.39	0.960872	-0.27816	0.621468	0.0615	0.5355	-0.165	0	279	243	3
2026-02-12	15:46:48.470	7.105	-18.06	-26.25	1.123864	-0.264496	0.584868	0.06	0.5355	-0.1695	0	279	243	3
2026-02-12	15:46:48.490	-13.44	-7.595	-9.38	1.160708	-0.279624	0.583648	0.0615	0.528	-0.1635	0	279	243	3
2026-02-12	15:46:48.510	-23.205	3.71	14.35	1.18462	-0.305488	0.524844	0.06	0.5295	-0.1605	0	279	243	3
2026-02-12	15:46:48.530	-16.975	10.99	31.675	1.276364	-0.319152	0.481412	0.06	0.531	-0.159	0	279	243	3
2026-02-12	15:46:48.550	-9.94	17.885	47.67	1.417152	-0.313052	0.393816	0.057	0.5325	-0.168	0	279	243	3
2026-02-12	15:46:48.570	-17.64	22.96	65.765	1.494988	-0.263764	0.293288	0.06	0.543	-0.1695	0	279	243	3
2026-02-12	15:46:48.590	-33.04	30.415	88.935	1.403244	-0.273768	0.23302	0.0525	0.54	-0.1635	0	279	243	3
2026-02-12	15:46:48.610	-28.735	31.5	112.175	1.335412	-0.269376	0.231068	0.0585	0.5595	-0.171	0	277	290	3
2026-02-12	15:46:48.630	-17.08	29.75	133.945	1.305888	-0.22204	0.261324	0.06	0.5625	-0.18	0	277	290	3
2026-02-12	15:46:48.650	-12.11	28.63	153.545	1.24562	-0.17934	0.287188	0.057	0.5925	-0.186	0	277	290	3
2026-02-12	15:46:48.670	-9.8	26.95	169.295	1.209996	-0.166164	0.295484	0.051	0.6105	-0.192	0	277	290	3
2026-02-12	15:46:48.690	-3.08	25.305	178.71	1.273192	-0.144204	0.288164	0.057	0.627	-0.186	0	277	290	3
2026-02-12	15:46:48.710	-8.365	25.795	184.765	1.183888	-0.183244	0.230336	0.069	0.6525	-0.1965	0	277	290	3
2026-02-12	15:46:48.730	-9.17	23.485	184.38	1.14924	-0.242048	0.198616	0.072	0.6825	-0.2025	0	277	290	3
2026-02-12	15:46:48.750	-4.06	21.21	180.775	1.179984	-0.297192	0.174948	0.0765	0.7125	-0.2085	0	277	290	3
2026-02-12	15:46:48.770	6.09	20.055	176.155	1.181448	-0.332084	0.147376	0.0885	0.732	-0.219	0	277	290	3
2026-02-12	15:46:48.790	16.87	19.39	170.94	1.140456	-0.319396	0.116144	0.105	0.7635	-0.219	0	277	290	3
2026-02-12	15:46:48.810	31.22	18.76	163.135	1.094828	-0.312808	0.09076799	0.1185	0.777	-0.219	0	275	314	3
2026-02-12	15:46:48.830	51.38	18.48	152.39	1.104344	-0.316468	0.09638	0.144	0.792	-0.2295	0	275	314	3
2026-02-12	15:46:48.850	72.59	20.37	139.65	1.1346	-0.30622	0.102968	0.1635	0.7965	-0.2355	0	275	314	3
2026-02-12	15:46:48.870	83.09	24.85	127.33	1.057984	-0.2745	0.093208	0.1815	0.798	-0.246	0	275	314	3
2026-02-12	15:46:48.890	85.33	26.355	114.8	1.00528	-0.264984	0.087108	0.2025	0.798	-0.2475	0	275	314	3
2026-02-12	15:46:48.910	83.265	26.285	101.64	0.981124	-0.265716	0.083448	0.219	0.8025	-0.2655	0	275	314	3
2026-02-12	15:46:48.930	77.35	25.62	82.81	0.962092	-0.253516	0.08174	0.219	0.8025	-0.2655	0	275	314	3
2026-02-12	15:46:48.950	69.79	24.395	72.87	0.913292	-0.23302	0.055144	0.219	0.8025	-0.2655	0	275	314	3
2026-02-12	15:46:48.970	59.92	21.28	64.26	0.8723	-0.206424	0.029768	0.258	0.7845	-0.276	0	275	314	3
2026-02-12	15:46:48.990	49.63	16.8	55.265	0.854488	-0.19642	0.02928	0.258	0.789	-0.2925	0	275	314	3
2026-02-12	15:46:49.010	41.055	12.95	44.345	0.866688	-0.2013	0.05002	0.276	0.7785	-0.2925	0	271	297	2
2026-02-12	15:46:49.030	34.72	10.115	31.92	0.892308	-0.212036	0.077104	0.2775	0.7875	-0.2925	0	271	297	2
2026-02-12	15:46:49.050	28.14	7.455	20.195	0.872544	-0.224724	0.10248	0.2835	0.78	-0.2955	0	271	297	2
2026-02-12	15:46:49.070	23.205	3.465	9.065	0.854	-0.226188	0.116144	0.2895	0.78	-0.2835	0	271	297	2
2026-02-12	15:46:49.090	22.47	-1.435	-3.29	0.836676	-0.248392	0.15738	0.2805	0.783	-0.2955	0	271	297	2
2026-02-12	15:46:49.110	26.81	-5.04	-12.495	0.754204	-0.272548	0.231312	0.291	0.7725	-0.2985	0	271	297	2
2026-02-12	15:46:49.130	37.73	-9.66	-14.595	0.66368	-0.24644	0.3172	0.2805	0.777	-0.2955	0	271	297	2
2026-02-12	15:46:49.150	46.935	-19.285	-17.535	0.720532	-0.14396	0.347212	0.279	0.768	-0.297	0	271	297	2
2026-02-12	15:46:49.170	45.465	-27.895	-29.575	0.859368	-0.142496	0.3233	0.279	0.759	-0.2985	0	271	297	2
2026-02-12	15:46:49.190	49.105	-35.175	-43.925	0.973316	-0.284016	0.320616	0.27	0.75	-0.3015	0	271	297	2
2026-02-12	15:46:49.210	65.695	-42.91	-55.475	1.098244	-0.210816	0.3904	0.2745	0.747	-0.3045	0	266	264	3
2026-02-12	15:46:49.230	74.48	-45.85	-68.425	1.160464	-0.107848	0.482632	0.258	0.741	-0.3075	0	266	264	3
2026-02-12	15:46:49.250	76.895	-45.71	-78.785	1.087508	-0.000732	0.520208	0.2445	0.7305	-0.2955	0	266	264	3
2026-02-12	15:46:49.270	62.475	-46.62	-84.35	0.934032	0.063196	0.509228	0.2415	0.7155	-0.3075	0	266	264	3
2026-02-12	15:46:49.290	40.075	-48.44	-85.61	0.81252	-0.010736	0.493856	0.24	0.705	-0.3	0	266	264	3
2026-02-12	15:46:49.310	32.69	-52.535	-83.965	0.797636	-0.098332	0.480436	0.228	0.6855	-0.3	0	266	264	3
2026-02-12	15:46:49.330	39.55	-56.63	-82.74	0.879376	-0.140056	0.474092	0.2085	0.6825	-0.294	0	266	264	3
2026-02-12	15:46:49.350	54.53	-57.505	-77.14	0.992592	-0.151524	0.440908	0.201	0.669	-0.2955	0	266	264	3
2026-02-12	15:46:49.370	58.52	-57.61	-73.465	1.070672	-0.114924	0.405528	0.189	0.657	-0.2955	0	266	264	3
2026-02-12	15:46:49.390	51.555	-55.685	-72.765	1.090436	-0.104432	0.38308	0.177	0.645	-0.297	0	266	264	3
2026-02-12	15:46:49.410	36.785	-53.655	-73.535	1.10776	-0.114192	0.380396	0.1635	0.633	-0.288	0	262	262	3
2026-02-12	15:46:49.430	14.7	-51.625	-73.64	1.091656	-0.110044	0.376004	0.1605	0.618	-0.279	0	262	262	3
2026-02-12	15:46:49.450	-13.86	-49.175	-72.52	1.025288	-0.106384	0.362096	0.141	0.606	-0.273	0	262	262	3
2026-02-12	15:46:49.470	-41.23	-47.425	-70.315	0.978196	-0.13542	0.32818	0.1455	0.6	-0.2655	0	262	262	3
2026-02-12	15:46:49.490	-60.13	-47.11	-67.865	0.94184	-0.15006	0.295728	0.135	0.5835	-0.2625	0	262	262	3
2026-02-12	15:46:49.510	-68.53	-47.67	-65.73	0.926468	-0.201788	0.308172	0.1305	0.594	-0.2565	0	262	262	3
2026-02-12	15:46:49.530	-62.09	-49.595	-62.3	0.938668	-0.229848	0.347944	0.135	0.594	-0.2565	0	262	262	3
2026-02-12	15:46:49.550	-50.505	-50.645	-58.66	0.948672	-0.203252	0.400892	0.114	0.585	-0.2535	0	262	262	3
2026-02-12	15:46:49.570	-45.22	-47.075	-55.09	0.928908	-0.165188	0.394792	0.114	0.585	-0.2535	0	262	262	3
2026-02-12	15:46:49.590	-50.4	-45.465	-55.58	0.95282	-0.137372	0.345992	0.114	0.585	-0.2535	0	262	262	3
2026-02-12	15:46:49.610	-65.275	-44.625	-58.03	0.97722	-0.1159	0.284748	0.1035	0.579	-0.228	0	256	284	3
2026-02-12	15:46:49.630	-85.575	-44.205	-61.67	0.952088	-0.138592	0.23912	0.1035	0.582	-0.219	0	256	284	3
2026-02-12	15:46:49.650	-99.54	-43.82	-65.66	0.930372	-0.176656	0.2623	0.084	0.5745	-0.219	0	256	284	3
2026-02-12	15:46:49.670	-103.075	-44.345	-69.335	0.93696	-0.210328	0.291336	0.093	0.5805	-0.216	0	256	284	3
2026-02-12	15:46:49.690	-100.975	-45.185	-72.17	0.907192	-0.228384	0.309148	0.0945	0.579	-0.1965	0	256	284	3
2026-02-12	15:46:49.710	-94.43	-46.48	-73.85	0.8723	-0.260348	0.32208	0.078	0.582	-0.1905	0	256	284	3
2026-02-12	15:46:49.730	-78.225	-48.3	-75.32	0.862052	-0.284992	0.36356	0.081	0.5805	-0.1905	0	256	284	3
2026-02-12	15:46:49.750	-57.435	-49.735	-76.825	0.87352	-0.30378	0.429196	0.075	0.5625	-0.1875	0	256	284	3
2026-02-12	15:46:49.770	-29.645	-50.435	-74.55	0.896456	-0.32208	0.485316	0.069	0.5685	-0.1725	0	256	284	3
2026-02-12	15:46:49.790	-3.64	-52.815	-68.915	0.919636	-0.292556	0.477996	0.0645	0.558	-0.1665	0	256	284	3
2026-02-12	15:46:49.810	10.99	-58.695	-66.955	1.0248	-0.308172	0.513864	0.06	0.5475	-0.162	0	246	308	3
2026-02-12	15:46:49.830	29.225	-56.42	-61.915	0.991128	-0.367952	0.570716	0.0525	0.54	-0.1485	0	246	308	3
2026-02-12	15:46:49.850	60.62	-53.06	-53.9	1.130208	-0.38308	0.625616	0.0585	0.525	-0.1425	0	246	308	3
2026-02-12	15:46:49.870	75.565	-39.27	-41.65	1.135088	-0.30134	0.61976	0.045	0.5205	-0.129	0	246	308	3
2026-02-12	15:46:49.890	53.375	-22.82	-24.08	1.168028	-0.243024	0.524112	0.045	0.5145	-0.12	0	246	308	3
2026-02-12	15:46:49.910	14.35	-5.215	-2.31	1.2383	-0.235704	0.359656	0.039	0.504	-0.123	0	246	308	3
2026-02-12	15:46:49.930	-23.45	11.935	24.815	1.245376	-0.151036	0.201056	0.0375	0.4995	-0.1215	0	246	308	3
2026-02-12	15:46:49.950	-77.105	21.805	54.775	1.225612	-0.03782	0.10492	0.0465	0.501	-0.1185	0	246	308	3
2026-02-12	15:46:49.970	-133.98	28.7	84.735	1.22122	-0.074176	0.046604	0.0375	0.5145	-0.1185	0	246	308	3
2026-02-12	15:46:49.990	-163.45	24.605	129.99	1.285392	-0.129808	0.022204	0.0375	0.537	-0.1275	0	246	308	3
2026-02-12	15:46:50.010	-158.375	18.62	156.45	1.273192	-0.142984	0.062464	0.0405	0.567	-0.126	0	237	328	3
2026-02-12	15:46:50.030	-155.4	9.8	175.91	1.258796	-0.204228	0.103944	0.0435	0.597	-0.126	0	237	328	3
2026-02-12	15:46:50.050	-146.475	1.155	191.31	1.307596	-0.283528	0.099308	0.048	0.615	-0.129	0	237	328	3
2026-02-12	15:46:50.070	-128.205	-4.9	204.015	1.269776	-0.25986	0.059048	0.0525	0.654	-0.1215	0	237	328	3
2026-02-12	15:46:50.090	-106.575	-11.235	211.505	1.193404	-0.264984	0.012932	0.06	0.6885	-0.1125	0	237	328	3
2026-02-12	15:46:50.110	-72.205	-18.13	211.68	1.166564	-0.284748	0.001708	0.0795	0.72	-0.105	0	237	328	3
2026-02-12	15:46:50.130	-26.95	-21.07	204.61	1.223904	-0.284748	0.007808	0.0885	0.771	-0.09	0	237	328	3
2026-02-12	15:46:50.150	12.705	-18.585	194.11	1.169004	-0.257176	-0.016104	0.105	0.7815	-0.0855	0	237	328	3
2026-02-12	15:46:50.170	41.755	-15.61	183.085	1.082872	-0.265716	-0.048556	0.12	0.8145	-0.0855	0	237	328	3
2026-02-12	15:46:50.190	63.84	-13.545	171.36	1.03456	-0.298412	-0.086132	0.1425	0.8355	-0.0855	0	237	328	3
2026-02-12	15:46:50.210	91.42	-9.52	151.48	1.064816	-0.347456	-0.087108	0.1425	0.8355	-0.0855	0	232	308	3
2026-02-12	15:46:50.230	105.84	-2.59	137.13	1.089216	-0.34282	-0.068564	0.1425	0.8355	-0.0855	0	232	308	3
2026-02-12	15:46:50.250	109.83	5.495	122.85	1.007964	-0.29524	-0.057828	0.195	0.867	-0.1155	0	232	308	3
2026-02-12	15:46:50.270	95.165	9.31	109.06	0.936716	-0.282308	-0.042944	0.222	0.8805	-0.117	0	232	308	3
2026-02-12	15:46:50.290	70.84	9.695	95.375	0.913536	-0.322324	-0.033916	0.2355	0.888	-0.1305	0	232	308	3
2026-02-12	15:46:50.310	51.87	8.05	81.235	0.894504	-0.348188	-0.018788	0.2445	0.8895	-0.144	0	232	308	3
2026-02-12	15:46:50.330	42.875	5.215	67.62	0.882304	-0.396988	0.0305	0.258	0.8925	-0.1515	0	232	308	3
2026-02-12	15:46:50.350	42.525	2.24	56.14	0.861076	-0.41968	0.083936	0.276	0.888	-0.156	0	232	308	3
2026-02-12	15:46:50.370	47.11	-0.56	45.85	0.850096	-0.433344	0.10614	0.2745	0.8985	-0.168	0	232	308	3
2026-02-12	15:46:50.390	54.005	-3.605	35.945	0.838628	-0.418216	0.110776	0.288	0.891	-0.168	0	232	308	3
2026-02-12	15:46:50.410	59.675	-6.93	22.89	0.843996	-0.40504	0.103212	0.297	0.8925	-0.1755	0	231	251	3
2026-02-12	15:46:50.430	65.135	-9.1	9.59	0.850828	-0.390156	0.100772	0.3	0.8895	-0.183	0	231	251	3
2026-02-12	15:46:50.450	71.05	-10.395	-0.105	0.86254	-0.372344	0.117608	0.3045	0.8865	-0.1905	0	231	251	3
2026-02-12	15:46:50.470	76.685	-10.15	-9.205	0.849364	-0.328668	0.11834	0.297	0.8835	-0.201	0	231	251	3
2026-02-12	15:46:50.490	76.615	-9.31	-19.425	0.84302	-0.279868	0.116632	0.2955	0.8745	-0.2025	0	231	251	3
2026-02-12	15:46:50.510	69.895	-9.625	-31.185	0.870836	-0.245464	0.099064	0.2925	0.8685	-0.2175	0	231	251	3
2026-02-12	15:46:50.530	56.77	-11.865	-42.455	0.845948	-0.213012	0.083448	0.294	0.8595	-0.216	0	231	251	3
2026-02-12	15:46:50.550	43.015	-16.45	-53.76	0.807396	-0.2074	0.082716	0.2805	0.8505	-0.2265	0	231	251	3
2026-02-12	15:46:50.570	37.66	-22.155	-68.39	0.859856	-0.22936	0.13664	0.2775	0.849	-0.2295	0	231	251	3
2026-02-12	15:46:50.590	43.68	-24.36	-86.485	0.994788	-0.299388	0.25132	0.261	0.831	-0.2355	0	231	251	3
2026-02-12	15:46:50.610	56.035	-19.11	-101.85	1.043832	-0.346968	0.32086	0.258	0.831	-0.231	0	231	199	3
2026-02-12	15:46:50.630	69.16	-10.185	-110.425	1.030412	-0.292312	0.300364	0.246	0.8175	-0.24	0	231	199	3
2026-02-12	15:46:50.650	66.465	-6.545	-109.97	0.979172	-0.212036	0.26352	0.2325	0.801	-0.2445	0	231	199	3
2026-02-12	15:46:50.670	49.77	-4.655	-107.205	0.912316	-0.13054	0.223748	0.219	0.786	-0.2505	0	231	199	3
2026-02-12	15:46:50.690	26.285	-5.81	-105.7	0.934032	-0.076128	0.188856	0.207	0.7635	-0.252	0	231	199	3
2026-02-12	15:46:50.710	1.12	-8.19	-108.115	0.976488	-0.07686	0.183976	0.2025	0.756	-0.2565	0	231	199	3
2026-02-12	15:46:50.730	-23.03	-10.85	-113.015	0.990152	-0.1098	0.199592	0.192	0.7425	-0.258	0	231	199	3
2026-02-12	15:46:50.750	-43.68	-14.595	-118.825	1.031144	-0.156892	0.239364	0.186	0.7305	-0.2475	0	231	199	3
2026-02-12	15:46:50.770	-53.13	-16.065	-127.715	1.135576	-0.168604	0.343064	0.174	0.729	-0.2505	0	231	199	3
2026-02-12	15:46:50.790	-36.05	-7.7	-141.995	1.207556	-0.113948	0.451156	0.1605	0.7245	-0.24	0	231	199	3
2026-02-12	15:46:50.810	-24.955	2.24	-152.46	1.206336	-0.125904	0.4575	0.1635	0.702	-0.246	0	230	180	3
2026-02-12	15:46:50.830	-61.53	4.76	-153.51	1.195356	-0.266204	0.351604	0.1455	0.6975	-0.2475	0	230	180	3
2026-02-12	15:46:50.850	-146.86	6.79	-153.335	1.08214	-0.433588	0.238632	0.1455	0.6975	-0.2475	0	230	180	3
2026-02-12	15:46:50.870	-171.885	9.485	-156.205	0.962824	-0.343796	0.254492	0.1455	0.6975	-0.2475	0	230	180	3
2026-02-12	15:46:50.890	-185.36	7.77	-155.575	0.906704	-0.32208	0.253516	0.123	0.6735	-0.2325	0	230	180	3
2026-02-12	15:46:50.910	-199.92	2.905	-151.55	0.919148	-0.353312	0.244976	0.1185	0.6735	-0.225	0	230	180	3
2026-02-12	15:46:50.930	-214.97	-0.35	-148.085	0.937448	-0.4087	0.228872	0.1095	0.6765	-0.219	0	230	180	3
2026-02-12	15:46:50.950	-215.565	-1.33	-146.685	0.943304	-0.481656	0.217892	0.1155	0.6705	-0.207	0	230	180	3
2026-02-12	15:46:50.970	-198.765	-0.63	-145.95	0.913536	-0.509228	0.205692	0.1065	0.672	-0.204	0	230	180	3
2026-02-12	15:46:50.990	-168.805	0.805	-144.375	0.864248	-0.526796	0.182024	0.0975	0.666	-0.186	0	230	180	3
2026-02-12	15:46:51.010	-125.72	0.035	-140.84	0.804712	-0.525332	0.160064	0.0885	0.666	-0.1845	0	228	191	3
2026-02-12	15:46:51.030	-82.145	-4.725	-137.095	0.780556	-0.511912	0.159088	0.084	0.654	-0.1845	0	228	191	3
2026-02-12	15:46:51.050	-37.835	-14.315	-130.62	0.79788	-0.538264	0.227652	0.081	0.642	-0.18	0	228	191	3
2026-02-12	15:46:51.070	5.53	-25.375	-120.19	0.942328	-0.566812	0.350872	0.0765	0.63	-0.1725	0	228	191	3
2026-02-12	15:46:51.090	37.415	-33.005	-108.045	1.067988	-0.574132	0.477264	0.072	0.6195	-0.1665	0	228	191	3
2026-02-12	15:46:51.110	67.585	-35.42	-88.235	1.114104	-0.641232	0.599996	0.0675	0.597	-0.165	0	228	191	3
2026-02-12	15:46:51.130	96.25	-35.07	-59.815	1.212192	-0.592676	0.66978	0.0675	0.5775	-0.165	0	228	191	3
2026-02-12	15:46:51.150	97.09	-33.95	-23.485	1.286612	-0.476288	0.594872	0.054	0.5655	-0.1575	0	228	191	3
2026-02-12	15:46:51.170	80.71	-30.8	16.52	1.2749	-0.434564	0.50874	0.054	0.5475	-0.153	0	228	191	3
2026-02-12	15:46:51.190	75.46	-23.87	56.7	1.260748	-0.451888	0.410896	0.051	0.5505	-0.144	0	228	191	3
2026-02-12	15:46:51.210	88.305	-22.785	96.145	1.193648	-0.346236	0.327204	0.0525	0.5475	-0.147	0	228	219	3
2026-02-12	15:46:51.230	100.555	-26.635	126.63	1.181692	-0.137372	0.285236	0.0465	0.549	-0.1395	0	228	219	3
2026-02-12	15:46:51.250	96.32	-26.705	145.495	1.202432	-0.002196	0.231068	0.045	0.5715	-0.1275	0	228	219	3
2026-02-12	15:46:51.270	58.31	-27.3	156.905	1.18218	0.157868	0.17812	0.051	0.588	-0.129	0	228	219	3
2026-02-12	15:46:51.290	27.195	-23.45	159.25	1.1895	0.051972	0.189588	0.051	0.588	-0.129	0	228	219	3
2026-02-12	15:46:51.310	30.94	-12.915	164.955	1.190964	-0.1769	0.191784	0.042	0.6225	-0.12	0	228	219	3
2026-02-12	15:46:51.330	61.145	-7.595	173.775	1.261236	-0.202032	0.160064	0.051	0.639	-0.12	0	228	219	3
2026-02-12	15:46:51.350	79.52	1.575	182.77	1.277584	-0.134688	0.092232	0.0585	0.6645	-0.1245	0	228	219	3
2026-02-12	15:46:51.370	82.565	9.065	188.475	1.232688	-0.096624	0.040504	0.0615	0.6855	-0.126	0	228	219	3
2026-02-12	15:46:51.390	83.965	12.985	189.35	1.196576	-0.122488	0.002684	0.075	0.705	-0.132	0	228	219	3
2026-02-12	15:46:51.410	90.86	14.77	186.375	1.181204	-0.195932	-0.042456	0.09	0.7275	-0.1365	0	232	244	3
2026-02-12	15:46:51.430	97.3	14.315	182.875	1.15412	-0.3233	-0.027816	0.102	0.744	-0.135	0	232	244	3
2026-02-12	15:46:51.450	112.49	12.495	179.725	1.10776	-0.430904	0.021228	0.1035	0.765	-0.1425	0	232	244	3
2026-02-12	15:46:51.470	140.175	11.48	176.26	1.074332	-0.46116	0.073688	0.1335	0.7725	-0.153	0	232	244	3
2026-02-12	15:46:51.490	169.155	16.765	166.985	1.098488	-0.437248	0.088572	0.1335	0.7725	-0.153	0	232	244	3
2026-02-12	15:46:51.510	168.42	21.735	157.745	1.052372	-0.407236	0.043432	0.1635	0.792	-0.18	0	232	244	3
2026-02-12	15:46:51.530	160.79	21.525	145.915	1.038708	-0.396744	0.038796	0.171	0.7935	-0.195	0	232	244	3
2026-02-12	15:46:51.550	149.66	20.965	131.635	1.063352	-0.408456	0.072956	0.198	0.7905	-0.201	0	232	244	3
2026-02-12	15:46:51.570	137.9	22.68	115.85	1.06994	-0.417484	0.128344	0.2175	0.804	-0.2235	0	232	244	3
2026-02-12	15:46:51.590	121.205	26.285	102.375	1.000156	-0.406016	0.155916	0.2235	0.7995	-0.234	0	232	244	3
2026-02-12	15:46:51.610	104.37	27.51	90.37	0.9577	-0.389668	0.158844	0.243	0.8025	-0.246	0	237	233	3
2026-02-12	15:46:51.630	90.58	27.3	77.7	0.926224	-0.384056	0.166164	0.2475	0.7965	-0.255	0	237	233	3
2026-02-12	15:46:51.650	81.445	26.32	64.82	0.906216	-0.384544	0.175192	0.258	0.7905	-0.267	0	237	233	3
2026-02-12	15:46:51.670	74.83	25.025	53.13	0.874008	-0.35624	0.182512	0.267	0.7935	-0.2745	0	237	233	3
2026-02-12	15:46:51.690	62.755	22.61	38.78	0.846436	-0.316468	0.184464	0.2745	0.78	-0.27	0	237	233	3
2026-02-12	15:46:51.710	48.02	19.25	24.395	0.8235	-0.28792	0.180072	0.2835	0.7785	-0.285	0	237	233	3
2026-02-12	15:46:51.730	38.395	15.19	12.95	0.819596	-0.280112	0.193004	0.294	0.7785	-0.3	0	237	233	3
2026-02-12	15:46:51.750	32.025	11.235	2.905	0.794952	-0.272304	0.20984	0.294	0.7755	-0.294	0	237	233	3
2026-02-12	15:46:51.770	28.315	6.475	-5.25	0.769332	-0.244488	0.227652	0.3	0.7665	-0.3	0	237	233	3
2026-02-12	15:46:51.790	23.835	1.05	-13.615	0.75396	-0.227652	0.237168	0.288	0.7665	-0.3105	0	237	233	3
2026-02-12	15:46:51.810	19.775	-4.76	-22.505	0.742736	-0.215208	0.246196	0.291	0.7665	-0.3075	0	240	212	3
2026-02-12	15:46:51.830	17.36	-12.705	-32.69	0.7808	-0.188368	0.249124	0.2985	0.765	-0.3045	0	240	212	3
2026-02-12	15:46:51.850	12.67	-20.86	-46.235	0.84424	-0.180316	0.27572	0.2895	0.759	-0.3015	0	240	212	3
2026-02-12	15:46:51.870	7.805	-26.425	-60.375	0.889136	-0.198372	0.336476	0.2925	0.747	-0.3015	0	240	212	3
2026-02-12	15:46:51.890	6.37	-29.12	-72.45	0.924028	-0.211304	0.404552	0.288	0.756	-0.309	0	240	212	3
2026-02-12	15:46:51.910	1.575	-28.14	-84.805	0.893284	-0.211548	0.484828	0.27	0.7365	-0.294	0	240	212	3
2026-02-12	15:46:51.930	-0.805	-24.815	-87.71	0.842532	-0.212524	0.507764	0.27	0.7365	-0.294	0	240	212	3
2026-02-12	15:46:51.950	7.315	-19.04	-86.275	0.80642	-0.176412	0.521916	0.255	0.7365	-0.2925	0	240	212	3
2026-02-12	15:46:51.970	20.895	-15.715	-83.755	0.773968	-0.078324	0.5002	0.246	0.7215	-0.291	0	240	212	3
2026-02-12	15:46:51.990	15.4	-17.535	-82.705	0.792756	-0.048312	0.4758	0.234	0.714	-0.285	0	240	212	3
2026-02-12	15:46:52.010	-9.415	-20.615	-83.825	0.830576	-0.10614	0.452132	0.231	0.708	-0.303	0	242	216	2
2026-02-12	15:46:52.030	-32.76	-22.435	-85.505	0.911828	-0.193492	0.431148	0.219	0.702	-0.294	0	242	216	2
2026-02-12	15:46:52.050	-45.78	-22.19	-87.745	1.019188	-0.201788	0.441396	0.2175	0.6945	-0.288	0	242	216	2
2026-02-12	15:46:52.070	-61.705	-17.15	-90.09	1.052372	-0.207156	0.439932	0.213	0.6915	-0.2895	0	242	216	2
2026-02-12	15:46:52.090	-74.795	-11.76	-92.68	1.054324	-0.213744	0.4209	0.2025	0.696	-0.276	0	242	216	2
2026-02-12	15:46:52.110	-87.01	-7.49	-95.375	1.04676	-0.220576	0.380884	0.1935	0.7005	-0.279	0	242	216	2
2026-02-12	15:46:52.130	-108.605	-3.045	-97.335	0.973072	-0.2257	0.302072	0.1845	0.699	-0.2715	0	242	216	2
2026-02-12	15:46:52.150	-123.935	-3.22	-97.195	0.907436	-0.205936	0.26474	0.177	0.6975	-0.2655	0	242	216	2
2026-02-12	15:46:52.170	-139.895	-5.775	-97.3	0.859124	-0.1952	0.216184	0.177	0.7005	-0.267	0	242	216	2
2026-02-12	15:46:52.190	-155.26	-10.78	-97.93	0.826672	-0.193492	0.179584	0.174	0.6975	-0.252	0	242	216	2
2026-02-12	15:46:52.210	-167.265	-17.08	-99.75	0.817644	-0.208132	0.158112	0.1695	0.7035	-0.246	0	241	245	3
2026-02-12	15:46:52.230	-172.445	-23.03	-103.355	0.834236	-0.24156	0.160308	0.1515	0.708	-0.2295	0	241	245	3
2026-02-12	15:46:52.250	-167.51	-27.475	-108.115	0.838628	-0.287188	0.183244	0.1365	0.714	-0.2205	0	241	245	3
2026-02-12	15:46:52.270	-151.62	-31.045	-113.995	0.851072	-0.319884	0.2196	0.1425	0.7095	-0.2085	0	241	245	3
2026-02-12	15:46:52.290	-125.265	-33.18	-121.135	0.890112	-0.351604	0.24888	0.1275	0.7185	-0.201	0	241	245	3
2026-02-12	15:46:52.310	-92.995	-35.315	-127.085	0.893528	-0.350384	0.257664	0.1155	0.7185	-0.186	0	241	245	3
2026-02-12	15:46:52.330	-59.745	-42.21	-131.04	0.845704	-0.318908	0.234728	0.114	0.705	-0.18	0	241	245	3
2026-02-12	15:46:52.350	-30.38	-53.445	-133.98	0.826672	-0.33794	0.23058	0.105	0.693	-0.1725	0	241	245	3
2026-02-12	15:46:52.370	-0.28	-64.82	-135.66	0.897188	-0.379908	0.305	0.096	0.681	-0.165	0	241	245	3
2026-02-12	15:46:52.390	39.095	-73.045	-134.645	0.960384	-0.419436	0.41358	0.078	0.657	-0.147	0	241	245	3
2026-02-12	15:46:52.410	82.495	-78.89	-128.835	1.050664	-0.3721	0.488732	0.0735	0.6405	-0.1425	0	238	269	3
2026-02-12	15:46:52.430	113.82	-85.19	-122.675	1.258064	-0.290116	0.588284	0.0675	0.624	-0.132	0	238	269	3
2026-02-12	15:46:52.450	134.26	-79.695	-114.695	1.35664	-0.284016	0.692228	0.051	0.6015	-0.123	0	238	269	3
2026-02-12	15:46:52.470	153.265	-64.61	-99.61	1.458144	-0.352336	0.778604	0.0525	0.5775	-0.111	0	238	269	3
2026-02-12	15:46:52.490	161	-41.195	-75.32	1.4762	-0.397232	0.761524	0.039	0.5475	-0.105	0	238	269	3
2026-02-12	15:46:52.510	140.875	-17.78	-43.015	1.472296	-0.37088	0.572668	0.0405	0.5385	-0.096	0	238	269	3
2026-02-12	15:46:52.530	100.275	1.19	-5.39	1.452776	-0.30622	0.37698	0.048	0.531	-0.09	0	238	269	3
2026-02-12	15:46:52.550	50.855	24.71	53.865	1.245864	-0.196908	0.274744	0.0435	0.5175	-0.0915	0	238	269	3
2026-02-12	15:46:52.570	36.19	29.295	87.99	1.127768	-0.078324	0.26962	0.0435	0.5175	-0.0915	0	238	269	3
2026-02-12	15:46:52.590	20.79	36.785	113.96	1.054812	-0.000488	0.276452	0.0435	0.5355	-0.096	0	238	269	3
2026-02-12	15:46:52.610	-3.815	38.185	134.435	1.074088	-0.000976	0.25986	0.0555	0.5475	-0.099	0	237	299	3
2026-02-12	15:46:52.630	-26.215	40.005	148.47	1.114592	-0.022936	0.253028	0.0495	0.576	-0.102	0	237	299	3
2026-02-12	15:46:52.650	-48.44	41.58	159.88	1.1285	-0.040504	0.244488	0.051	0.5955	-0.102	0	237	299	3
2026-02-12	15:46:52.670	-81.69	44.24	169.295	1.104344	-0.06832	0.219112	0.054	0.6225	-0.1035	0	237	299	3
2026-02-12	15:46:52.690	-124.915	45.01	176.19	1.077504	-0.120048	0.170312	0.066	0.6435	-0.1095	0	237	299	3
2026-02-12	15:46:52.710	-164.43	42.315	178.185	1.073112	-0.175192	0.105408	0.0825	0.6855	-0.1065	0	237	299	3
2026-02-12	15:46:52.730	-189.63	37.905	178.01	1.027484	-0.24278	0.040748	0.0765	0.72	-0.1035	0	237	299	3
2026-02-12	15:46:52.750	-185.64	30.45	175.945	1.005524	-0.294264	-0.00976	0.102	0.759	-0.093	0	237	299	3
2026-02-12	15:46:52.770	-135.905	18.095	164.605	1.014796	-0.326472	-0.075884	0.102	0.759	-0.093	0	237	299	3
2026-02-12	15:46:52.790	-98.56	11.445	153.825	1.005036	-0.315492	-0.124928	0.1335	0.8205	-0.0735	0	237	299	3
2026-02-12	15:46:52.810	-79.1	3.605	143.78	0.979904	-0.316224	-0.197884	0.1515	0.8445	-0.054	0	238	304	3
2026-02-12	15:46:52.830	-74.55	-7.735	131.53	0.9516	-0.352824	-0.257664	0.1665	0.864	-0.0435	0	238	304	3
2026-02-12	15:46:52.850	-46.62	-17.185	115.535	0.91256	-0.503128	-0.270352	0.189	0.882	-0.0435	0	238	304	3
2026-02-12	15:46:52.870	4.165	-24.71	100.835	0.926224	-0.53436	-0.209108	0.198	0.9	-0.036	0	238	304	3
2026-02-12	15:46:52.890	46.445	-27.44	89.46	0.950624	-0.492636	-0.130784	0.219	0.9075	-0.0345	0	238	304	3
2026-02-12	15:46:52.910	68.53	-25.725	80.5	0.955504	-0.451156	-0.084424	0.2355	0.9195	-0.048	0	238	304	3
2026-02-12	15:46:52.930	75.11	-22.435	73.78	0.936228	-0.41724	-0.079544	0.2415	0.93	-0.0555	0	238	304	3
2026-02-12	15:46:52.950	76.545	-20.86	68.18	0.916708	-0.394304	-0.096624	0.2535	0.93	-0.0585	0	238	304	3
2026-02-12	15:46:52.970	74.935	-21.665	61.11	0.894992	-0.361364	-0.106872	0.2655	0.9375	-0.0705	0	238	304	3
2026-02-12	15:46:52.990	72.87	-23.555	52.43	0.9089	-0.362096	-0.083692	0.2655	0.9375	-0.0705	0	238	304	3
2026-02-12	15:46:53.010	72.45	-24.29	45.185	0.934032	-0.369172	-0.051728	0.2835	0.93	-0.096	0	242	252	3
2026-02-12	15:46:53.030	74.725	-25.375	37.835	0.928176	-0.361364	-0.015372	0.2865	0.93	-0.105	0	242	252	3
2026-02-12	15:46:53.050	79.8	-26.18	29.89	0.91866	-0.358192	0.021716	0.282	0.9435	-0.1215	0	242	252	3
2026-02-12	15:46:53.070	86.555	-25.865	20.44	0.93452	-0.3416	0.058804	0.297	0.9315	-0.1275	0	242	252	3
2026-02-12	15:46:53.090	93.345	-24.71	10.045	0.980636	-0.33794	0.087108	0.288	0.93	-0.138	0	242	252	3
2026-02-12	15:46:53.110	99.19	-23.275	-0.245	1.016016	-0.32574	0.105164	0.2925	0.927	-0.1455	0	242	252	3
2026-02-12	15:46:53.130	102.935	-22.645	-11.2	1.047492	-0.286944	0.118096	0.2955	0.918	-0.1515	0	242	252	3
2026-02-12	15:46:53.150	98.84	-22.12	-24.99	1.094584	-0.242048	0.141276	0.288	0.9075	-0.1725	0	242	252	3
2026-02-12	15:46:53.170	87.045	-21.385	-40.215	1.111176	-0.229604	0.178364	0.2775	0.8955	-0.1875	0	242	252	3
2026-02-12	15:46:53.190	71.785	-19.985	-55.895	0.998692	-0.25742	0.26596	0.276	0.8895	-0.192	0	242	252	3
2026-02-12	15:46:53.210	70.315	-18.83	-60.13	0.890356	-0.184464	0.307196	0.2685	0.876	-0.198	0	247	187	3
2026-02-12	15:46:53.230	63.7	-18.06	-63.98	0.781776	-0.08662	0.318908	0.2565	0.864	-0.2025	0	247	187	3
2026-02-12	15:46:53.250	49.945	-19.985	-69.685	0.751276	-0.064904	0.30256	0.252	0.8505	-0.207	0	247	187	3
2026-02-12	15:46:53.270	34.755	-22.75	-77.525	0.789096	-0.098332	0.282308	0.246	0.8475	-0.213	0	247	187	3
2026-02-12	15:46:53.290	26.145	-23.695	-86.66	0.859124	-0.140788	0.27816	0.2325	0.8265	-0.225	0	247	187	3
2026-02-12	15:46:53.310	23.38	-22.89	-96.53	0.948916	-0.14274	0.273524	0.2325	0.837	-0.228	0	247	187	3
2026-02-12	15:46:53.330	19.95	-20.09	-107.59	1.074576	-0.141276	0.271084	0.2055	0.8115	-0.219	0	247	187	3
2026-02-12	15:46:53.350	10.85	-14.455	-118.58	1.178032	-0.134932	0.261568	0.201	0.807	-0.222	0	247	187	3
2026-02-12	15:46:53.370	-5.075	-7.595	-127.89	1.207068	-0.120292	0.24278	0.189	0.7875	-0.228	0	247	187	3
2026-02-12	15:46:53.390	-27.02	-2.17	-135.94	1.195844	-0.1281	0.21594	0.1725	0.7755	-0.225	0	247	187	3
2026-02-12	15:46:53.410	-62.125	0.805	-143.64	1.14314	-0.16348	0.183488	0.1725	0.7755	-0.225	0	249	161	3
2026-02-12	15:46:53.430	-78.505	0	-145.32	1.056764	-0.195688	0.194224	0.1605	0.7575	-0.207	0	249	161	3
2026-02-12	15:46:53.450	-87.15	-2.765	-145.915	0.988932	-0.212524	0.20496	0.138	0.7575	-0.207	0	249	161	3
2026-02-12	15:46:53.470	-90.51	-6.23	-146.755	0.964776	-0.195444	0.194468	0.1335	0.7335	-0.207	0	249	161	3
2026-02-12	15:46:53.490	-92.26	-10.325	-149.52	0.964532	-0.146888	0.143228	0.1215	0.7245	-0.1995	0	249	161	3
2026-02-12	15:46:53.510	-89.11	-13.895	-151.83	0.977952	-0.204716	0.106628	0.1095	0.717	-0.1905	0	249	161	3
2026-02-12	15:46:53.530	-83.685	-15.82	-152.565	0.99796	-0.263032	0.096136	0.0975	0.7095	-0.189	0	249	161	3
2026-02-12	15:46:53.550	-83.615	-18.97	-154.98	1.017724	-0.29524	0.09467199	0.09	0.69	-0.177	0	249	161	3
2026-02-12	15:46:53.570	-85.82	-22.54	-159.6	0.993812	-0.349652	0.130784	0.075	0.6825	-0.174	0	249	161	3
2026-02-12	15:46:53.590	-78.33	-27.265	-164.185	0.948672	-0.384544	0.204228	0.0645	0.663	-0.1695	0	249	161	3
2026-02-12	15:46:53.610	-47.67	-32.095	-166.32	0.890112	-0.420656	0.321592	0.0645	0.648	-0.1635	0	247	164	3
2026-02-12	15:46:53.630	-3.99	-36.47	-162.89	0.85522	-0.431392	0.387228	0.0645	0.648	-0.1635	0	247	164	3
2026-02-12	15:46:53.650	42.455	-39.9	-154.7	0.875472	-0.505324	0.452376	0.057	0.6075	-0.1515	0	247	164	3
2026-02-12	15:46:53.670	98.49	-39.585	-139.195	0.977952	-0.58072	0.506056	0.036	0.5835	-0.15	0	247	164	3
2026-02-12	15:46:53.690	145.18	-37.17	-117.075	1.099464	-0.571692	0.574376	0.045	0.564	-0.144	0	247	164	3
2026-02-12	15:46:53.710	185.745	-26.215	-88.165	1.20414	-0.600728	0.565592	0.0435	0.528	-0.1335	0	247	164	3
2026-02-12	15:46:53.730	229.635	-8.505	-52.045	1.294176	-0.598044	0.447252	0.042	0.5145	-0.129	0	247	164	3
2026-02-12	15:46:53.750	250.88	7.14	-5.005	1.387384	-0.36722	0.249612	0.039	0.489	-0.132	0	247	164	3
2026-02-12	15:46:53.770	219.205	24.815	40.46	1.42618	-0.094428	0.155428	0.0345	0.477	-0.1245	0	247	164	3
2026-02-12	15:46:53.790	147.455	44.52	79.52	1.375916	0	0.163724	0.048	0.4635	-0.1245	0	247	164	3
2026-02-12	15:46:53.810	74.795	52.395	115.15	1.28588	0.02318	0.197152	0.045	0.4725	-0.12	0	245	189	3
2026-02-12	15:46:53.830	-9.765	51.38	159.005	1.257332	0.0061	0.255224	0.051	0.489	-0.123	0	245	189	3
2026-02-12	15:46:53.850	-58.52	52.57	180.215	1.261968	-0.066856	0.255224	0.045	0.4995	-0.135	0	245	189	3
2026-02-12	15:46:53.870	-84.84	55.895	196.455	1.24684	-0.16592	0.224724	0.0435	0.522	-0.1515	0	245	189	3
2026-02-12	15:46:53.890	-86.1	53.515	207.13	1.304912	-0.183732	0.183	0.048	0.558	-0.1455	0	245	189	3
2026-02-12	15:46:53.910	-88.34	51.345	214.165	1.288564	-0.159576	0.114924	0.057	0.591	-0.1515	0	245	189	3
2026-02-12	15:46:53.930	-90.335	50.925	219.03	1.214876	-0.198616	0.032452	0.0615	0.621	-0.1725	0	245	189	3
2026-02-12	15:46:53.950	-66.15	50.295	220.57	1.202432	-0.321348	-0.045384	0.0765	0.651	-0.1665	0	245	189	3
2026-02-12	15:46:53.970	-15.12	47.67	221.585	1.304668	-0.372344	-0.0915	0.093	0.6915	-0.183	0	245	189	3
2026-02-12	15:46:53.990	27.58	49.245	223.335	1.341024	-0.363804	-0.097112	0.099	0.717	-0.1755	0	245	189	3
2026-02-12	15:46:54.010	84.735	57.645	223.125	1.271484	-0.42212	-0.129564	0.12	0.7485	-0.1785	0	245	205	3
2026-02-12	15:46:54.030	179.375	64.96	215.04	1.21878	-0.295972	-0.07905599	0.138	0.771	-0.204	0	245	205	3
2026-02-12	15:46:54.050	222.635	71.925	202.09	1.195356	-0.266936	0.012688	0.138	0.771	-0.204	0	245	205	3
2026-02-12	15:46:54.070	207.62	81.83	190.995	1.057984	-0.374296	0.085888	0.192	0.777	-0.243	0	245	205	3
2026-02-12	15:46:54.090	178.185	82.355	178.85	0.985272	-0.399428	0.156404	0.216	0.7665	-0.2595	0	245	205	3
2026-02-12	15:46:54.110	147.105	77.84	163.065	1.044808	-0.41968	0.211304	0.237	0.768	-0.2835	0	245	205	3
2026-02-12	15:46:54.130	119.035	74.095	146.545	1.077504	-0.406504	0.2196	0.264	0.7605	-0.2985	0	245	205	3
2026-02-12	15:46:54.150	94.64	70.63	133.105	0.957944	-0.385764	0.19276	0.276	0.756	-0.3135	0	245	205	3
2026-02-12	15:46:54.170	81.76	63.7	121.975	0.855952	-0.411628	0.165676	0.303	0.756	-0.333	0	245	205	3
2026-02-12	15:46:54.190	82.565	53.2	110.81	0.839604	-0.415288	0.160552	0.3225	0.744	-0.3285	0	245	205	3
2026-02-12	15:46:54.210	85.61	41.615	96.145	0.876204	-0.39406	0.172508	0.345	0.7485	-0.3405	0	247	194	2
2026-02-12	15:46:54.230	79.415	31.325	79.975	0.809836	-0.381372	0.156648	0.3465	0.735	-0.3465	0	247	194	2
2026-02-12	15:46:54.250	66.5	11.235	60.13	0.776164	-0.29768	0.16958	0.3585	0.7275	-0.357	0	247	194	2
2026-02-12	15:46:54.270	36.925	-12.705	39.13	0.7869	-0.198372	0.211792	0.3585	0.7275	-0.357	0	247	194	2
2026-02-12	15:46:54.290	0.84	-30.52	24.15	0.749324	-0.176656	0.258884	0.3615	0.7185	-0.363	0	247	194	2
2026-02-12	15:46:54.310	-26.88	-48.195	11.515	0.763964	-0.178852	0.316712	0.372	0.7215	-0.3585	0	247	194	2
2026-02-12	15:46:54.330	-38.64	-63.875	-2.415	0.846436	-0.201788	0.363316	0.363	0.72	-0.3585	0	247	194	2
2026-02-12	15:46:54.350	-28.21	-73.64	-23.31	1.032364	-0.278892	0.433588	0.3525	0.723	-0.345	0	247	194	2
2026-02-12	15:46:54.370	1.365	-74.655	-47.39	1.205604	-0.362828	0.493856	0.3465	0.726	-0.357	0	247	194	2
2026-02-12	15:46:54.390	33.495	-68.04	-59.29	1.1041	-0.393572	0.470432	0.3375	0.726	-0.3435	0	247	194	2
2026-02-12	15:46:54.410	66.08	-65.87	-62.125	0.963556	-0.316224	0.390644	0.3105	0.723	-0.333	0	249	189	3
2026-02-12	15:46:54.430	82.81	-66.57	-61.39	0.841556	-0.20862	0.313296	0.3015	0.7095	-0.3435	0	249	189	3
2026-02-12	15:46:54.450	81.585	-70.21	-61.11	0.782264	-0.12078	0.258152	0.291	0.6945	-0.357	0	249	189	3
2026-02-12	15:46:54.470	62.72	-80.71	-66.85	0.851804	-0.066368	0.252296	0.2865	0.678	-0.3495	0	249	189	3
2026-02-12	15:46:54.490	50.365	-85.54	-70.525	0.871324	-0.087596	0.274988	0.2745	0.6705	-0.3435	0	249	189	3
2026-02-12	15:46:54.510	49.07	-89.005	-74.41	0.901824	-0.0732	0.310368	0.2415	0.6555	-0.3405	0	249	189	3
2026-02-12	15:46:54.530	46.41	-88.165	-80.57	0.968924	-0.048068	0.350872	0.2325	0.6525	-0.3345	0	249	189	3
2026-02-12	15:46:54.550	30.03	-81.165	-87.92	1.00284	-0.048068	0.379176	0.219	0.6225	-0.324	0	249	189	3
2026-02-12	15:46:54.570	6.125	-70	-95.725	1.016504	-0.062708	0.386252	0.2055	0.6225	-0.318	0	249	189	3
2026-02-12	15:46:54.590	-19.355	-57.47	-103.635	1.012112	-0.072468	0.365756	0.1935	0.618	-0.315	0	249	189	3
2026-02-12	15:46:54.610	-42.735	-45.85	-111.09	1.001864	-0.0732	0.342088	0.186	0.606	-0.306	0	251	208	3
2026-02-12	15:46:54.630	-63.175	-37.1	-118.405	0.999912	-0.071736	0.325008	0.1815	0.603	-0.294	0	251	208	3
2026-02-12	15:46:54.650	-83.405	-30.8	-124.635	0.9943	-0.0732	0.311588	0.165	0.588	-0.2955	0	251	208	3
2026-02-12	15:46:54.670	-104.615	-26.25	-131.985	1.037732	-0.092476	0.317688	0.159	0.5925	-0.3015	0	251	208	3
2026-02-12	15:46:54.690	-118.65	-21.735	-136.99	1.072868	-0.134932	0.3294	0.159	0.5925	-0.3015	0	251	208	3
2026-02-12	15:46:54.710	-127.715	-18.235	-138.425	1.0858	-0.128588	0.315248	0.159	0.591	-0.2805	0	251	208	3
2026-02-12	15:46:54.730	-140.665	-15.54	-139.86	1.09312	-0.132004	0.272792	0.156	0.5835	-0.2805	0	251	208	3
2026-02-12	15:46:54.750	-153.685	-15.015	-141.645	1.077992	-0.149084	0.24034	0.153	0.585	-0.279	0	251	208	3
2026-02-12	15:46:54.770	-165.725	-17.5	-142.835	1.029436	-0.160064	0.211792	0.153	0.588	-0.2745	0	251	208	3
2026-02-12	15:46:54.790	-175.77	-22.61	-143.43	0.953552	-0.163724	0.215696	0.1455	0.588	-0.276	0	251	208	3
2026-02-12	15:46:54.810	-181.965	-29.505	-143.85	0.860588	-0.1891	0.242292	0.141	0.5865	-0.267	0	250	236	3
2026-02-12	15:46:54.830	-179.83	-39.76	-145.005	0.79788	-0.255468	0.2745	0.1335	0.588	-0.267	0	250	236	3
2026-02-12	15:46:54.850	-169.855	-50.96	-146.545	0.76494	-0.36234	0.2867	0.129	0.594	-0.2565	0	250	236	3
2026-02-12	15:46:54.870	-140.98	-60.025	-148.12	0.77958	-0.4514	0.3111	0.117	0.5955	-0.252	0	250	236	3
2026-02-12	15:46:54.890	-74.515	-70.77	-152.74	0.963556	-0.550708	0.378932	0.117	0.588	-0.237	0	250	236	3
2026-02-12	15:46:54.910	17.535	-75.95	-155.155	1.264652	-0.673684	0.511668	0.117	0.588	-0.237	0	250	236	3
2026-02-12	15:46:54.930	109.83	-70.105	-148.89	1.413248	-0.724924	0.665144	0.105	0.5685	-0.2205	0	250	236	3
2026-02-12	15:46:54.950	219.135	-53.655	-129.745	1.507676	-0.750788	0.72956	0.087	0.5295	-0.2115	0	250	236	3
2026-02-12	15:46:54.970	321.44	-27.475	-94.885	1.492792	-0.617076	0.606584	0.093	0.5055	-0.204	0	250	236	3
2026-02-12	15:46:54.990	351.715	-2.31	-53.41	1.367376	-0.177388	0.509716	0.09	0.4665	-0.1875	0	250	236	3
2026-02-12	15:46:55.010	266.525	16.38	-14	1.273436	-0.054412	0.447252	0.0915	0.4395	-0.183	0	249	268	3
2026-02-12	15:46:55.030	175.28	31.71	25.375	1.151192	0.000976	0.405772	0.0885	0.4065	-0.1635	0	249	268	3
2026-02-12	15:46:55.050	115.535	39.515	64.995	1.090192	0.145912	0.427732	0.0915	0.4035	-0.159	0	249	268	3
2026-02-12	15:46:55.070	48.685	51.87	97.02	1.044564	0.26352	0.4575	0.0885	0.3975	-0.156	0	249	268	3
2026-02-12	15:46:55.090	-32.585	67.025	122.36	0.978196	0.217404	0.426756	0.09	0.408	-0.168	0	249	268	3
2026-02-12	15:46:55.110	-130.305	69.195	156.87	0.965752	-0.019764	0.303048	0.099	0.429	-0.1755	0	249	268	3
2026-02-12	15:46:55.130	-158.97	49.84	178.01	1.07238	-0.14884	0.231312	0.09	0.4545	-0.189	0	249	268	3
2026-02-12	15:46:55.150	-167.265	32.2	196.07	1.19804	-0.252052	0.205692	0.084	0.489	-0.192	0	249	268	3
2026-02-12	15:46:55.170	-149.24	34.685	212.52	1.19804	-0.367464	0.175192	0.0885	0.528	-0.2025	0	249	268	3
2026-02-12	15:46:55.190	-80.325	41.79	224.175	1.238788	-0.46604	0.143228	0.09	0.5685	-0.204	0	249	268	3
2026-02-12	15:46:55.210	9.065	47.39	227.395	1.322236	-0.351116	0.111508	0.099	0.603	-0.2175	0	252	299	3
2026-02-12	15:46:55.230	58.905	56.49	223.02	1.308328	-0.242292	0.049776	0.1125	0.6345	-0.2115	0	252	299	3
2026-02-12	15:46:55.250	93.1	70.14	214.445	1.327116	-0.328912	-0.004148	0.1155	0.6525	-0.2265	0	252	299	3
2026-02-12	15:46:55.270	144.375	80.01	201.88	1.332972	-0.254492	-0.039284	0.1335	0.6795	-0.234	0	252	299	3
2026-02-12	15:46:55.290	161.105	82.32	183.715	1.28832	-0.162748	-0.035624	0.1635	0.684	-0.2475	0	252	299	3
2026-02-12	15:46:55.310	143.115	81.27	159.565	1.184376	-0.160552	0.0122	0.1695	0.684	-0.2625	0	252	299	3
2026-02-12	15:46:55.330	114.065	73.78	135.94	1.185108	-0.199836	0.061244	0.1695	0.684	-0.2625	0	252	299	3
2026-02-12	15:46:55.350	84.875	66.71	119.07	1.120204	-0.201544	0.07686	0.2055	0.687	-0.297	0	252	299	3
2026-02-12	15:46:55.370	56.455	58.1	106.05	0.998936	-0.1952	0.09516	0.2205	0.693	-0.303	0	252	299	3
2026-02-12	15:46:55.390	31.85	44.975	94.78	0.894992	-0.195688	0.115412	0.2415	0.687	-0.312	0	252	299	3
2026-02-12	15:46:55.410	16.17	31.43	82.775	0.890112	-0.223992	0.126148	0.255	0.693	-0.3165	0	258	291	3
2026-02-12	15:46:55.430	10.465	22.61	69.545	0.877668	-0.263032	0.115168	0.2655	0.6945	-0.3195	0	258	291	3
2026-02-12	15:46:55.450	11.83	14.875	57.505	0.841556	-0.280844	0.099064	0.2625	0.7035	-0.327	0	258	291	3
2026-02-12	15:46:55.470	17.92	6.79	45.64	0.821548	-0.27206	0.080276	0.2535	0.702	-0.321	0	258	291	3
2026-02-12	15:46:55.490	21.35	-1.505	33.145	0.820816	-0.2501	0.0732	0.2745	0.702	-0.321	0	258	291	3
2026-02-12	15:46:55.510	19.32	-9.135	20.125	0.821304	-0.225212	0.07124799	0.279	0.696	-0.3315	0	258	291	3
2026-02-12	15:46:55.530	10.78	-16.94	4.55	0.779092	-0.204472	0.081496	0.285	0.711	-0.3315	0	258	291	3
2026-02-12	15:46:55.550	2.52	-25.025	-9.52	0.751764	-0.19642	0.104188	0.285	0.711	-0.3315	0	258	291	3
2026-02-12	15:46:55.570	-2.24	-30.8	-20.545	0.759572	-0.204472	0.14152	0.2715	0.6975	-0.327	0	258	291	3
2026-02-12	15:46:55.590	-1.61	-34.65	-28.98	0.758352	-0.222284	0.183976	0.2715	0.699	-0.3225	0	258	291	3
2026-02-12	15:46:55.610	7.245	-38.36	-36.995	0.88328	-0.215208	0.210084	0.258	0.702	-0.3165	0	263	255	2
2026-02-12	15:46:55.630	18.515	-42.35	-50.68	1.087752	-0.182268	0.222284	0.2505	0.6915	-0.318	0	263	255	2
2026-02-12	15:46:55.650	21.455	-42.63	-67.83	1.148996	-0.178852	0.231312	0.2445	0.693	-0.3165	0	263	255	2
2026-02-12	15:46:55.670	18.41	-44.24	-80.78	1.16632	-0.216184	0.266448	0.2295	0.672	-0.312	0	263	255	2
2026-02-12	15:46:55.690	26.6	-46.795	-88.585	1.184864	-0.252052	0.355752	0.225	0.669	-0.309	0	263	255	2
2026-02-12	15:46:55.710	39.48	-45.08	-89.005	1.1224	-0.197884	0.467748	0.222	0.6585	-0.309	0	263	255	2
2026-02-12	15:46:55.730	44.835	-42.105	-86.17	1.032364	-0.07198	0.499224	0.216	0.6465	-0.297	0	263	255	2
2026-02-12	15:46:55.750	24.43	-44.625	-80.185	0.976732	-0.020008	0.479948	0.2025	0.642	-0.306	0	263	255	2
2026-02-12	15:46:55.770	10.325	-47.425	-75.88	0.97478	-0.036112	0.458232	0.195	0.6195	-0.294	0	263	255	2
2026-02-12	15:46:55.790	1.715	-49.42	-72.905	0.963312	-0.028548	0.438956	0.1815	0.6195	-0.303	0	263	255	2
2026-02-12	15:46:55.810	-6.685	-48.195	-71.96	0.968192	-0.026352	0.409432	0.1785	0.6105	-0.2895	0	267	235	3
2026-02-12	15:46:55.830	-18.62	-43.33	-72.695	0.967216	-0.021472	0.365756	0.1695	0.612	-0.2835	0	267	235	3
2026-02-12	15:46:55.850	-33.81	-37.275	-75.845	0.9821	-0.0366	0.326228	0.1695	0.591	-0.2865	0	267	235	3
2026-02-12	15:46:55.870	-48.615	-30.345	-79.94	0.989664	-0.077592	0.294752	0.156	0.588	-0.285	0	267	235	3
2026-02-12	15:46:55.890	-59.185	-24.57	-82.705	0.965264	-0.115168	0.281576	0.1605	0.597	-0.27	0	267	235	3
2026-02-12	15:46:55.910	-65.8	-22.015	-84.35	0.963312	-0.140056	0.295972	0.1545	0.582	-0.267	0	267	235	3
2026-02-12	15:46:55.930	-71.26	-21.315	-85.295	0.971852	-0.153476	0.314028	0.15	0.591	-0.27	0	267	235	3
2026-02-12	15:46:55.950	-80.535	-20.685	-85.295	0.956236	-0.160796	0.31598	0.135	0.5805	-0.267	0	267	235	3
2026-02-12	15:46:55.970	-88.34	-21.175	-84.735	0.937448	-0.182756	0.312076	0.135	0.5805	-0.267	0	267	235	3
2026-02-12	15:46:55.990	-89.32	-22.855	-83.335	0.942084	-0.19154	0.310612	0.144	0.582	-0.261	0	267	235	3
2026-02-12	15:46:56.010	-88.06	-25.725	-82.6	0.94916	-0.182756	0.29768	0.1365	0.5775	-0.2565	0	266	245	3
2026-02-12	15:46:56.030	-89.145	-28.49	-83.335	0.933788	-0.181292	0.279136	0.129	0.576	-0.261	0	266	245	3
2026-02-12	15:46:56.050	-88.585	-31.045	-84.28	0.914024	-0.218868	0.274988	0.1365	0.573	-0.2415	0	266	245	3
2026-02-12	15:46:56.070	-79.17	-33.705	-83.685	0.909144	-0.249856	0.293776	0.1305	0.57	-0.2445	0	266	245	3
2026-02-12	15:46:56.090	-62.79	-36.54	-81.655	0.8906	-0.262788	0.310368	0.117	0.576	-0.2445	0	266	245	3
2026-02-12	15:46:56.110	-47.285	-40.005	-77.98	0.854488	-0.2501	0.314516	0.123	0.579	-0.234	0	266	245	3
2026-02-12	15:46:56.130	-33.11	-44.66	-73.99	0.854732	-0.246684	0.316468	0.114	0.564	-0.2355	0	266	245	3
2026-02-12	15:46:56.150	-19.74	-50.785	-71.575	0.914268	-0.225456	0.31476	0.1155	0.5595	-0.228	0	266	245	3
2026-02-12	15:46:56.170	-11.025	-56.875	-70.035	0.946232	-0.213256	0.330376	0.108	0.5505	-0.2235	0	266	245	3
2026-02-12	15:46:56.190	-6.02	-63.035	-67.27	0.927444	-0.215696	0.342576	0.108	0.5505	-0.2235	0	266	245	3
