yyyy-MM-dd	HH:mm:ss.fff	gyrX	gyrY	gyrZ	accX	accY	accZ	magX	magY	magZ	Marker	Energy	Angle	Classification
2026-02-11	16:36:27.010	3.815	-19.18	-21.35	-0.002196	0.00488	0.983564	-0.225	-1.2165	-2.787	0	130	1027	1
2026-02-11	16:36:27.030	1.645	-17.115	-23.065	-0.013176	0.009028	1.013332	-0.2355	-1.221	-2.7855	0	130	1027	1
2026-02-11	16:36:27.050	-1.19	-14.875	-24.43	0.006344	0.012688	1.037488	-0.231	-1.2195	-2.787	0	130	1027	1
2026-02-11	16:36:27.070	-3.92	-12.425	-25.13	0.010248	0.025132	1.047492	-0.234	-1.212	-2.7885	0	130	1027	1
2026-02-11	16:36:27.090	-5.11	-9.66	-25.83	-0.003904	0.032208	1.059204	-0.2385	-1.2105	-2.7885	0	130	1027	1
2026-02-11	16:36:27.110	-4.865	-6.545	-27.475	0.006344	0.018544	1.095316	-0.2385	-1.2075	-2.7945	0	130	1027	1
2026-02-11	16:36:27.130	-4.34	-2.31	-30.765	0.05734	0.001952	1.111664	-0.2385	-1.2105	-2.784	0	130	1027	1
2026-02-11	16:36:27.150	-2.625	-0.14	-33.005	0.073688	0.008052	1.086776	-0.234	-1.206	-2.7885	0	130	1027	1
2026-02-11	16:36:27.170	0.77	1.68	-35.315	0.057096	0.014396	1.06384	-0.2355	-1.2	-2.7945	0	130	1027	1
2026-02-11	16:36:27.190	4.515	1.785	-37.415	0.066612	0.01098	1.082872	-0.2415	-1.2	-2.79	0	130	1027	1
2026-02-11	16:36:27.210	6.44	0.35	-38.185	0.111752	0.00732	1.148508	-0.2415	-1.1985	-2.7855	0	126	1021	1
2026-02-11	16:36:27.230	6.09	-0.63	-37.345	0.131272	0.016592	1.160952	-0.246	-1.197	-2.784	0	126	1021	1
2026-02-11	16:36:27.250	5.81	-1.855	-36.05	0.149084	0.014152	1.148996	-0.246	-1.197	-2.7825	0	126	1021	1
2026-02-11	16:36:27.270	5.985	-4.235	-34.86	0.16836	0.011712	1.131916	-0.243	-1.1955	-2.7825	0	126	1021	1
2026-02-11	16:36:27.290	6.37	-7.175	-34.44	0.193736	0.004392	1.08824	-0.243	-1.1925	-2.7855	0	126	1021	1
2026-02-11	16:36:27.310	8.085	-8.68	-36.015	0.183976	0.005612	1.006744	-0.246	-1.194	-2.787	0	126	1021	1
2026-02-11	16:36:27.330	12.005	-8.015	-40.005	0.170068	0.005368	0.913048	-0.2475	-1.2015	-2.787	0	126	1021	1
2026-02-11	16:36:27.350	17.29	-7.245	-44.695	0.16958	0.010248	0.843996	-0.252	-1.2	-2.787	0	126	1021	1
2026-02-11	16:36:27.370	22.575	-6.685	-49.07	0.185928	0.026596	0.848388	-0.252	-1.2	-2.7855	0	126	1021	1
2026-02-11	16:36:27.390	25.515	-3.955	-52.43	0.255224	0.034648	0.930128	-0.2535	-1.2045	-2.787	0	126	1021	1
2026-02-11	16:36:27.410	22.225	-2.135	-52.64	0.30012	0.042456	1.01016	-0.258	-1.2045	-2.7885	0	123	1027	1
2026-02-11	16:36:27.430	14.28	-3.64	-50.33	0.288896	0.04392	1.044808	-0.2565	-1.209	-2.7945	0	123	1027	1
2026-02-11	16:36:27.450	4.2	-6.3	-46.935	0.269864	0.044896	1.04432	-0.2625	-1.2	-2.79	0	123	1027	1
2026-02-11	16:36:27.470	-5.04	-8.96	-43.26	0.257664	0.036356	0.997716	-0.261	-1.2075	-2.7975	0	123	1027	1
2026-02-11	16:36:27.490	-10.675	-12.39	-40.32	0.224236	0.033672	0.941596	-0.267	-1.2	-2.793	0	123	1027	1
2026-02-11	16:36:27.510	-12.215	-16.31	-39.13	0.196664	0.032696	0.898164	-0.2655	-1.2105	-2.796	0	123	1027	1
2026-02-11	16:36:27.530	-10.885	-19.215	-39.235	0.169336	0.038064	0.88816	-0.273	-1.194	-2.7915	0	123	1027	1
2026-02-11	16:36:27.550	-8.05	-19.81	-39.795	0.144204	0.043676	0.900848	-0.2715	-1.1895	-2.7915	0	123	1027	1
2026-02-11	16:36:27.570	-5.565	-18.235	-39.935	0.1464	0.035868	0.944524	-0.273	-1.1895	-2.79	0	123	1027	1
2026-02-11	16:36:27.590	-4.935	-15.54	-39.025	0.142496	0.03782	0.971852	-0.2805	-1.1895	-2.7885	0	123	1027	1
2026-02-11	16:36:27.610	-5.565	-12.845	-37.135	0.157624	0.047336	0.987956	-0.285	-1.185	-2.787	0	122	1027	1
2026-02-11	16:36:27.630	-6.51	-10.605	-34.195	0.161528	0.049288	0.993324	-0.285	-1.1835	-2.7915	0	122	1027	1
2026-02-11	16:36:27.650	-6.93	-7.84	-30.835	0.151524	0.046604	1.00406	-0.285	-1.179	-2.793	0	122	1027	1
2026-02-11	16:36:27.670	-6.86	-2.345	-25.83	0.159576	0.03294	1.036268	-0.285	-1.1775	-2.79	0	122	1027	1
2026-02-11	16:36:27.690	-7.735	2.065	-21.98	0.168116	0.026596	1.044808	-0.285	-1.1775	-2.79	0	122	1027	1
2026-02-11	16:36:27.710	-8.855	5.985	-17.815	0.15616	0.034892	1.034072	-0.2865	-1.179	-2.7825	0	122	1027	1
2026-02-11	16:36:27.730	-9.135	7.84	-14.175	0.159332	0.02806	1.04798	-0.288	-1.1745	-2.7885	0	122	1027	1
2026-02-11	16:36:27.750	-8.89	10.185	-11.305	0.153476	0.018544	1.080676	-0.291	-1.1715	-2.787	0	122	1027	1
2026-02-11	16:36:27.770	-9.1	13.44	-9.17	0.1464	0.008784	1.115568	-0.288	-1.173	-2.787	0	122	1027	1
2026-02-11	16:36:27.790	-10.43	16.94	-7.245	0.139812	0.00976	1.107028	-0.285	-1.173	-2.7855	0	122	1027	1
2026-02-11	16:36:27.810	-11.27	18.62	-5.6	0.134932	0.017568	1.07116	-0.285	-1.1685	-2.7765	0	120	1026	1
2026-02-11	16:36:27.830	-10.43	18.795	-4.865	0.12688	0.018056	1.053836	-0.2835	-1.1655	-2.781	0	120	1026	1
2026-02-11	16:36:27.850	-8.435	18.725	-4.935	0.122976	0.013176	1.06506	-0.2865	-1.1625	-2.787	0	120	1026	1
2026-02-11	16:36:27.870	-7.28	19.075	-4.34	0.132248	-0.000976	1.094096	-0.2835	-1.173	-2.7825	0	120	1026	1
2026-02-11	16:36:27.890	-7.49	19.53	-2.275	0.13542	-0.016592	1.1041	-0.279	-1.1625	-2.781	0	120	1026	1
2026-02-11	16:36:27.910	-8.575	18.585	0.98	0.125416	-0.025376	1.097756	-0.27	-1.1655	-2.784	0	120	1026	1
2026-02-11	16:36:27.930	-9.8	14.665	5.46	0.118828	-0.039284	1.08092	-0.267	-1.1655	-2.7825	0	120	1026	1
2026-02-11	16:36:27.950	-9.73	9.205	9.03	0.146888	-0.051972	1.069208	-0.267	-1.1655	-2.7825	0	120	1026	1
2026-02-11	16:36:27.970	-8.575	5.39	10.92	0.171776	-0.0549	1.05164	-0.2625	-1.161	-2.778	0	120	1026	1
2026-02-11	16:36:27.990	-6.3	3.78	11.795	0.17446	-0.050508	0.99552	-0.255	-1.1625	-2.7705	0	120	1026	1
2026-02-11	16:36:26.010	15.89	-3.5	-65.03	0.110532	0.06222	0.846192	-0.21	-1.335	-2.796	0	147	1026	1
2026-02-11	16:36:26.030	20.685	-3.955	-67.095	0.109556	0.06222	0.875228	-0.21	-1.335	-2.796	0	147	1026	1
2026-02-11	16:36:26.050	21.805	-5.775	-69.44	0.143716	0.078568	0.991372	-0.2115	-1.329	-2.8035	0	147	1026	1
2026-02-11	16:36:26.070	15.75	-5.95	-68.95	0.157868	0.090524	1.05408	-0.2115	-1.3245	-2.8005	0	147	1026	1
2026-02-11	16:36:26.090	6.335	-5.46	-67.2	0.1586	0.097844	1.066036	-0.2115	-1.32	-2.8005	0	147	1026	1
2026-02-11	16:36:26.110	-3.43	-5.6	-65.485	0.133468	0.101504	1.02602	-0.207	-1.32	-2.802	0	147	1026	1
2026-02-11	16:36:26.130	-10.29	-6.895	-64.575	0.105408	0.097844	0.9638	-0.204	-1.323	-2.799	0	147	1026	1
2026-02-11	16:36:26.150	-13.16	-9.03	-64.4	0.086132	0.092964	0.900604	-0.2085	-1.3155	-2.796	0	147	1026	1
2026-02-11	16:36:26.170	-12.005	-12.32	-64.645	0.08174	0.088572	0.863516	-0.2115	-1.3035	-2.8005	0	147	1026	1
2026-02-11	16:36:26.190	-8.68	-15.365	-64.75	0.083204	0.091256	0.86986	-0.2085	-1.302	-2.8005	0	147	1026	1
2026-02-11	16:36:26.210	-5.005	-16.485	-63.875	0.094916	0.079788	0.910852	-0.21	-1.296	-2.7975	0	144	1029	1
2026-02-11	16:36:26.230	-2.485	-15.715	-61.915	0.08295999	0.078812	0.936716	-0.213	-1.287	-2.799	0	144	1029	1
2026-02-11	16:36:26.250	-1.05	-14.21	-59.255	0.072468	0.084912	0.944524	-0.2145	-1.2795	-2.799	0	144	1029	1
2026-02-11	16:36:26.270	-0.14	-12.705	-56.245	0.059536	0.09638	0.960384	-0.216	-1.2765	-2.7975	0	144	1029	1
2026-02-11	16:36:26.290	0.14	-11.025	-52.5	0.06466	0.091012	1.0126	-0.216	-1.275	-2.7975	0	144	1029	1
2026-02-11	16:36:26.310	-1.785	-6.895	-46.27	0.082472	0.077592	1.057984	-0.2175	-1.2705	-2.7945	0	144	1029	1
2026-02-11	16:36:26.330	-3.325	-1.4	-39.445	0.067832	0.077348	1.032608	-0.2175	-1.269	-2.7915	0	144	1029	1
2026-02-11	16:36:26.350	-2.415	2.135	-34.86	0.045872	0.063684	1.034072	-0.222	-1.2615	-2.802	0	144	1029	1
2026-02-11	16:36:26.370	-1.435	4.655	-30.73	0.038064	0.036356	1.07604	-0.219	-1.26	-2.799	0	144	1029	1
2026-02-11	16:36:26.390	-1.75	7.875	-26.67	0.05002	0.038064	1.106296	-0.213	-1.2585	-2.79	0	144	1029	1
2026-02-11	16:36:26.410	-1.89	11.83	-23.87	0.03538	0.049044	1.097512	-0.2145	-1.266	-2.796	0	141	1027	1
2026-02-11	16:36:26.430	-1.26	14.665	-22.61	0.01586	0.053192	1.093608	-0.2115	-1.2525	-2.796	0	141	1027	1
2026-02-11	16:36:26.450	-1.365	16.03	-22.33	0.006588	0.043676	1.122156	-0.21	-1.2585	-2.805	0	141	1027	1
2026-02-11	16:36:26.470	-3.675	16.555	-21.945	0.008052	0.027816	1.13216	-0.2055	-1.254	-2.793	0	141	1027	1
2026-02-11	16:36:26.490	-7	16.38	-20.72	0	0.02684	1.136064	-0.2115	-1.251	-2.7975	0	141	1027	1
2026-02-11	16:36:26.510	-10.045	15.995	-18.655	0.010492	0.0183	1.129232	-0.204	-1.242	-2.79	0	141	1027	1
2026-02-11	16:36:26.530	-12.635	14.84	-16.17	0.003416	0.005124	1.101172	-0.1965	-1.254	-2.787	0	141	1027	1
2026-02-11	16:36:26.550	-14.21	12.81	-13.93	-0.000976	-0.008296	1.08336	-0.1965	-1.2495	-2.7885	0	141	1027	1
2026-02-11	16:36:26.570	-14.735	10.64	-12.32	-0.023912	-0.01464	1.052128	-0.201	-1.242	-2.7855	0	141	1027	1
2026-02-11	16:36:26.590	-13.755	4.97	-11.515	-0.005612	-0.0183	1.057008	-0.204	-1.2405	-2.7825	0	141	1027	1
2026-02-11	16:36:36.610	13.51	-0.14	-14.21	0.251564	-0.011224	0.982832	-0.3495	-1.0995	-2.7615	0	416	851	1
2026-02-11	16:36:36.630	12.32	2.66	-13.02	0.249368	-0.021472	0.98088	-0.348	-1.101	-2.76	0	416	851	1
2026-02-11	16:36:36.650	10.64	4.655	-12.11	0.258884	-0.02562	0.98698	-0.354	-1.095	-2.7705	0	416	851	1
2026-02-11	16:36:36.670	8.4	5.81	-11.095	0.27328	-0.022936	1.00528	-0.3435	-1.104	-2.7705	0	416	851	1
2026-02-11	16:36:36.690	5.565	6.79	-9.45	0.294996	-0.02074	1.021628	-0.348	-1.1085	-2.7675	0	416	851	1
2026-02-11	16:36:36.710	2.275	6.615	-7.07	0.292312	-0.02806	1.001864	-0.351	-1.113	-2.763	0	416	851	1
2026-02-11	16:36:36.730	-0.665	4.375	-4.725	0.253516	-0.023668	0.96258	-0.3465	-1.1115	-2.7615	0	416	851	1
2026-02-11	16:36:36.750	-2.065	0.98	-3.045	0.219844	-0.015372	0.923784	-0.351	-1.11	-2.7705	0	416	851	1
2026-02-11	16:36:36.770	-1.295	-1.365	-2.135	0.188368	-0.00244	0.904264	-0.3525	-1.113	-2.7645	0	416	851	1
2026-02-11	16:36:36.790	1.155	-1.995	-2.17	0.155184	-0.010736	0.91744	-0.351	-1.1175	-2.769	0	416	851	1
2026-02-11	16:36:36.810	1.715	-1.4	-1.68	0.136884	-0.014152	0.944036	-0.351	-1.1175	-2.769	0	394	900	1
2026-02-11	16:36:36.830	0.665	-0.455	-0.49	0.132736	-0.008784	0.938424	-0.3495	-1.1145	-2.7705	0	394	900	1
2026-02-11	16:36:36.850	0.56	0.595	0.175	0.123952	0.00366	0.938912	-0.351	-1.107	-2.7675	0	394	900	1
2026-02-11	16:36:36.870	0.98	1.085	0.665	0.122244	0.006832	0.972584	-0.354	-1.1025	-2.7705	0	394	900	1
2026-02-11	16:36:36.890	0.525	2.135	2.38	0.13786	0.000732	1.004304	-0.3495	-1.11	-2.7675	0	394	900	1
2026-02-11	16:36:36.910	-0.455	4.795	5.915	0.14762	-0.001708	1.008452	-0.3525	-1.1145	-2.769	0	394	900	1
2026-02-11	16:36:36.930	-0.56	7.77	10.395	0.1525	-0.007808	1.003572	-0.3555	-1.11	-2.769	0	394	900	1
2026-02-11	16:36:36.950	0.315	9.8	15.19	0.148596	-0.018544	1.014064	-0.3465	-1.107	-2.763	0	394	900	1
2026-02-11	16:36:36.970	1.505	11.235	20.23	0.156892	-0.034404	1.054812	-0.342	-1.107	-2.766	0	394	900	1
2026-02-11	16:36:36.990	1.96	13.545	25.305	0.179828	-0.060512	1.097512	-0.339	-1.1055	-2.766	0	394	900	1
2026-02-11	16:36:37.010	1.505	16.24	30.59	0.177388	-0.07124799	1.09312	-0.3345	-1.107	-2.7675	0	360	931	1
2026-02-11	16:36:37.030	1.575	17.5	35.035	0.165432	-0.069784	1.063596	-0.3285	-1.1115	-2.7675	0	360	931	1
2026-02-11	16:36:37.050	3.185	17.08	38.325	0.161772	-0.070272	1.052372	-0.3255	-1.1115	-2.769	0	360	931	1
2026-02-11	16:36:37.070	5.11	14.42	43.295	0.178364	-0.075396	1.101904	-0.33	-1.113	-2.772	0	360	931	1
2026-02-11	16:36:37.090	4.165	12.635	47.355	0.188124	-0.073688	1.123376	-0.315	-1.1175	-2.7705	0	360	931	1
2026-02-11	16:36:37.110	1.715	9.87	51.275	0.166896	-0.0732	1.121424	-0.318	-1.119	-2.769	0	360	931	1
2026-02-11	16:36:37.130	-1.505	5.985	54.075	0.124196	-0.0732	1.098488	-0.315	-1.1175	-2.769	0	360	931	1
2026-02-11	16:36:37.150	-4.69	1.365	54.845	0.123952	-0.08662	1.094584	-0.309	-1.1145	-2.766	0	360	931	1
2026-02-11	16:36:37.170	-7.945	-3.255	54.915	0.18056	-0.107604	1.100684	-0.3075	-1.1175	-2.7675	0	360	931	1
2026-02-11	16:36:37.190	-10.57	-5.075	55.51	0.23058	-0.1281	1.070184	-0.306	-1.119	-2.769	0	360	931	1
2026-02-11	16:36:37.210	-10.29	-3.605	56.07	0.218136	-0.131272	0.974292	-0.306	-1.1145	-2.7645	0	323	961	1
2026-02-11	16:36:37.230	-5.39	-1.015	55.16	0.189588	-0.134688	0.867908	-0.309	-1.1145	-2.7675	0	323	961	1
2026-02-11	16:36:37.250	2.1	1.225	53.41	0.198616	-0.14884	0.822524	-0.2985	-1.1175	-2.769	0	323	961	1
2026-02-11	16:36:37.270	8.82	3.01	52.64	0.24644	-0.161528	0.862784	-0.297	-1.1235	-2.766	0	323	961	1
2026-02-11	16:36:37.290	11.76	4.13	54.18	0.272792	-0.15616	0.951844	-0.2985	-1.1295	-2.7645	0	323	961	1
2026-02-11	16:36:37.310	10.745	4.585	57.26	0.259616	-0.16226	0.984296	-0.291	-1.1295	-2.766	0	323	961	1
2026-02-11	16:36:37.330	6.65	4.935	60.9	0.216184	-0.127612	0.952088	-0.2925	-1.1295	-2.763	0	323	961	1
2026-02-11	16:36:37.350	2.065	4.865	63.07	0.16592	-0.100528	0.94306	-0.294	-1.1265	-2.76	0	323	961	1
2026-02-11	16:36:37.370	-1.05	3.36	63.07	0.137616	-0.082472	0.916952	-0.288	-1.143	-2.769	0	323	961	1
2026-02-11	16:36:37.390	-2.94	0.175	62.09	0.114192	-0.048312	0.88572	-0.2895	-1.1385	-2.7645	0	323	961	1
2026-02-11	16:36:37.410	-2.485	-4.06	60.095	0.083204	-0.021228	0.846924	-0.2715	-1.1505	-2.76	0	287	979	1
2026-02-11	16:36:37.430	0.35	-8.295	56.98	0.065636	0.003904	0.837164	-0.27	-1.1385	-2.7705	0	287	979	1
2026-02-11	16:36:37.450	4.48	-10.885	52.99	0.058316	0.012932	0.855464	-0.2775	-1.1505	-2.7765	0	287	979	1
2026-02-11	16:36:37.470	8.085	-11.725	48.58	0.04026	0.024156	0.89304	-0.2745	-1.146	-2.769	0	287	979	1
2026-02-11	16:36:37.490	9.625	-11.9	44.17	0.029036	0.0244	0.933544	-0.279	-1.149	-2.769	0	287	979	1
2026-02-11	16:36:37.510	8.855	-12.005	40.53	0.024156	0.025132	0.961848	-0.276	-1.158	-2.7735	0	287	979	1
2026-02-11	16:36:37.530	7.21	-11.48	37.87	0.020008	0.03294	0.966484	-0.2805	-1.161	-2.7825	0	287	979	1
2026-02-11	16:36:37.550	6.825	-9.87	35.595	0.020496	0.044896	0.973804	-0.285	-1.1595	-2.778	0	287	979	1
2026-02-11	16:36:37.570	7.42	-8.505	33.215	0.027572	0.0427	0.99308	-0.279	-1.167	-2.7735	0	287	979	1
2026-02-11	16:36:37.590	7.84	-7.49	30.45	0.025376	0.042212	1.01748	-0.273	-1.167	-2.7705	0	287	979	1
2026-02-11	16:36:37.610	7.875	-5.285	25.165	0.0183	0.049776	1.057008	-0.2745	-1.173	-2.772	0	256	981	1
2026-02-11	16:36:37.630	7.77	-4.235	20.86	0.016592	0.051484	1.077504	-0.2745	-1.173	-2.772	0	256	981	1
2026-02-11	16:36:37.650	7.595	-3.465	16.03	0.046604	0.052704	1.10532	-0.2805	-1.1715	-2.769	0	256	981	1
2026-02-11	16:36:37.670	7.49	-2.03	11.06	0.07515199	0.050996	1.119228	-0.2805	-1.176	-2.7675	0	256	981	1
2026-02-11	16:36:37.690	8.575	0.56	5.95	0.083448	0.041968	1.10776	-0.27	-1.176	-2.772	0	256	981	1
2026-02-11	16:36:37.710	10.71	3.85	0.63	0.067832	0.03538	1.080676	-0.2775	-1.176	-2.769	0	256	981	1
2026-02-11	16:36:37.730	12.775	5.985	-4.375	0.066368	0.038796	1.07848	-0.2745	-1.1895	-2.775	0	256	981	1
2026-02-11	16:36:37.750	13.545	5.705	-8.365	0.09028	0.037576	1.094584	-0.2805	-1.188	-2.778	0	256	981	1
2026-02-11	16:36:37.770	13.44	5.425	-11.375	0.114924	0.04636	1.113616	-0.2745	-1.1865	-2.7765	0	256	981	1
2026-02-11	16:36:37.790	12.39	7	-13.685	0.137616	0.04392	1.136064	-0.2715	-1.182	-2.778	0	256	981	1
2026-02-11	16:36:37.810	9.73	8.12	-15.19	0.149816	0.0366	1.121668	-0.285	-1.1865	-2.772	0	231	990	1
2026-02-11	16:36:37.830	6.65	7.07	-16.695	0.140788	0.030012	1.077016	-0.279	-1.188	-2.778	0	231	990	1
2026-02-11	16:36:37.850	4.515	4.06	-18.865	0.171044	0.02074	1.037	-0.282	-1.1895	-2.778	0	231	990	1
2026-02-11	16:36:37.870	4.165	2.1	-22.05	0.198616	0.00244	0.984296	-0.273	-1.1985	-2.772	0	231	990	1
2026-02-11	16:36:37.890	5.145	2.03	-24.815	0.216428	-0.013664	0.94184	-0.273	-1.1985	-2.772	0	231	990	1
2026-02-11	16:36:37.910	5.985	2.205	-25.725	0.236192	-0.013664	0.934032	-0.276	-1.1895	-2.7735	0	231	990	1
2026-02-11	16:36:37.930	5.67	3.15	-25.025	0.244244	-0.00976	0.94184	-0.2745	-1.1835	-2.7705	0	231	990	1
2026-02-11	16:36:37.950	4.41	4.375	-23.065	0.258152	0	0.94916	-0.27	-1.182	-2.7705	0	231	990	1
2026-02-11	16:36:37.970	2.625	4.655	-20.755	0.262788	0.008296	0.961604	-0.27	-1.1835	-2.7735	0	231	990	1
2026-02-11	16:36:37.990	0	4.2	-18.235	0.280112	0.00976	1.001132	-0.273	-1.188	-2.775	0	231	990	1
2026-02-11	16:36:38.010	-4.305	3.36	-14.91	0.271084	0.007564	1.007232	-0.2745	-1.188	-2.7765	0	211	1004	1
2026-02-11	16:36:38.030	-8.575	1.435	-11.69	0.243512	0.015616	0.970388	-0.273	-1.182	-2.7735	0	211	1004	1
2026-02-11	16:36:38.050	-10.43	-1.645	-9.94	0.2013	0.022448	0.921588	-0.2745	-1.1775	-2.7735	0	211	1004	1
2026-02-11	16:36:38.070	-9.66	-4.9	-10.15	0.171776	0.01952	0.9089	-0.276	-1.173	-2.772	0	211	1004	1
2026-02-11	16:36:38.090	-7.595	-7.14	-11.2	0.156404	0.025864	0.910852	-0.273	-1.17	-2.7705	0	211	1004	1
2026-02-11	16:36:38.110	-5.355	-8.19	-11.935	0.172996	0.027572	0.937204	-0.2715	-1.1775	-2.7765	0	211	1004	1
2026-02-11	16:36:38.130	-3.78	-7.98	-11.445	0.189588	0.021716	0.947452	-0.2715	-1.1745	-2.769	0	211	1004	1
2026-02-11	16:36:38.150	-2.31	-7.175	-9.555	0.186416	0.0122	0.950624	-0.282	-1.1655	-2.7645	0	211	1004	1
2026-02-11	16:36:38.170	-1.75	-6.265	-7.63	0.19886	0.005124	0.967216	-0.276	-1.173	-2.766	0	211	1004	1
2026-02-11	16:36:38.190	-1.61	-4.165	-4.69	0.204228	-0.000732	0.973316	-0.276	-1.176	-2.766	0	211	1004	1
2026-02-11	16:36:38.210	-1.61	-0.7	-0.63	0.21838	0.003172	0.983076	-0.2805	-1.173	-2.766	0	195	1008	1
2026-02-11	16:36:38.230	-2.24	2.275	4.305	0.198128	0.001708	0.9882	-0.279	-1.1715	-2.7645	0	195	1008	1
2026-02-11	16:36:38.250	-3.325	4.235	7.63	0.14274	0	0.995276	-0.2775	-1.1685	-2.766	0	195	1008	1
2026-02-11	16:36:38.270	-4.06	7	6.055	0.114924	0.010004	1.023336	-0.279	-1.17	-2.769	0	195	1008	1
2026-02-11	16:36:38.290	-4.48	10.15	3.115	0.116144	0.030256	1.043588	-0.2775	-1.1715	-2.769	0	195	1008	1
2026-02-11	16:36:38.310	-5.18	12.985	1.295	0.098332	0.052704	1.067988	-0.27	-1.167	-2.769	0	195	1008	1
2026-02-11	16:36:38.330	-6.79	14.7	0.245	0.083204	0.058072	1.09312	-0.2655	-1.167	-2.769	0	195	1008	1
2026-02-11	16:36:38.350	-9.03	14.735	-0.56	0.088572	0.068564	1.093608	-0.27	-1.167	-2.7705	0	195	1008	1
2026-02-11	16:36:38.370	-9.59	14.84	-1.68	0.099064	0.078568	1.092876	-0.2715	-1.1595	-2.7675	0	195	1008	1
2026-02-11	16:36:38.390	-8.785	17.71	-3.185	0.087596	0.094184	1.078236	-0.2685	-1.158	-2.766	0	195	1008	1
2026-02-11	16:36:38.410	-8.33	17.5	-5.39	0.066124	0.099796	1.067012	-0.2655	-1.1625	-2.7645	0	181	1012	1
2026-02-11	16:36:38.430	-8.785	15.435	-7.245	0.083204	0.077836	1.114348	-0.2595	-1.164	-2.76	0	181	1012	1
2026-02-11	16:36:38.450	-10.15	15.575	-7.105	0.105408	0.063684	1.12484	-0.2595	-1.161	-2.763	0	181	1012	1
2026-02-11	16:36:38.470	-11.025	16.765	-6.02	0.077104	0.062708	1.089216	-0.2565	-1.1625	-2.757	0	181	1012	1
2026-02-11	16:36:38.490	-9.87	17.605	-5.915	0.030012	0.047092	1.045296	-0.2505	-1.1535	-2.745	0	181	1012	1
2026-02-11	16:36:38.510	-7.35	18.34	-7.07	0.043676	0.03416	1.038708	-0.258	-1.146	-2.7555	0	181	1012	1
2026-02-11	16:36:38.530	-5.005	19.705	-8.085	0.091256	0.007808	1.047736	-0.2475	-1.1565	-2.754	0	181	1012	1
2026-02-11	16:36:38.550	-4.655	20.475	-7.735	0.117364	-0.011224	1.058228	-0.2475	-1.143	-2.745	0	181	1012	1
2026-02-11	16:36:38.570	-7.28	18.935	-6.09	0.160796	-0.03904	1.07116	-0.234	-1.146	-2.7495	0	181	1012	1
2026-02-11	16:36:38.590	-12.005	16.66	-3.465	0.207644	-0.075884	1.057252	-0.234	-1.1475	-2.7465	0	181	1012	1
2026-02-11	16:36:38.610	-16.66	16.275	-0.56	0.179828	-0.098088	0.957456	-0.2355	-1.1505	-2.7435	0	168	1022	1
2026-02-11	16:36:38.630	-17.465	16.52	0.385	0.155672	-0.111264	0.900116	-0.2325	-1.149	-2.7435	0	168	1022	1
2026-02-11	16:36:38.650	-16.065	16.415	0.49	0.119072	-0.138592	0.867176	-0.2265	-1.1415	-2.745	0	168	1022	1
2026-02-11	16:36:38.670	-14.805	15.75	0.42	0.09857599	-0.153232	0.883768	-0.2235	-1.134	-2.7435	0	168	1022	1
2026-02-11	16:36:38.690	-16.17	14.665	1.12	0.09272	-0.171288	0.925004	-0.2235	-1.1325	-2.7405	0	168	1022	1
2026-02-11	16:36:38.710	-19.67	12.775	2.415	0.066124	-0.178608	0.949404	-0.2235	-1.1325	-2.7405	0	168	1022	1
2026-02-11	16:36:38.730	-22.61	9.065	3.395	0.037576	-0.159088	0.920856	-0.225	-1.1295	-2.7405	0	168	1022	1
2026-02-11	16:36:38.750	-23.415	3.815	4.27	0.0488	-0.137616	0.923296	-0.222	-1.1235	-2.7375	0	168	1022	1
2026-02-11	16:36:38.770	-22.295	-2.52	5.565	0.089792	-0.132736	0.943548	-0.2295	-1.116	-2.7345	0	168	1022	1
2026-02-11	16:36:38.790	-19.915	-9.59	7.805	0.071492	-0.12322	0.919392	-0.219	-1.125	-2.742	0	168	1022	1
2026-02-11	16:36:38.810	-15.05	-17.22	9.345	0.026596	-0.111752	0.887916	-0.228	-1.1205	-2.736	0	159	1024	1
2026-02-11	16:36:38.830	-7.805	-23.03	9.345	0.014396	-0.108824	0.893284	-0.2145	-1.1145	-2.739	0	159	1024	1
2026-02-11	16:36:38.850	-0.525	-25.375	8.715	0.008296	-0.101748	0.897432	-0.2265	-1.1175	-2.745	0	159	1024	1
2026-02-11	16:36:38.870	5.74	-25.795	8.12	0.003172	-0.08784	0.897676	-0.234	-1.1115	-2.736	0	159	1024	1
2026-02-11	16:36:38.890	10.57	-25.06	7.84	0.026352	-0.086376	0.95648	-0.2295	-1.1175	-2.7495	0	159	1024	1
2026-02-11	16:36:38.910	12.04	-22.4	8.225	0.0427	-0.105408	1.018456	-0.2325	-1.1175	-2.745	0	159	1024	1
2026-02-11	16:36:38.930	9.555	-18.375	9.345	0.046116	-0.101748	1.057496	-0.234	-1.122	-2.736	0	159	1024	1
2026-02-11	16:36:38.950	5.635	-14.07	10.115	0.048068	-0.103456	1.047248	-0.2325	-1.1205	-2.7405	0	159	1024	1
2026-02-11	16:36:38.970	1.68	-8.89	8.61	-0.01098	-0.10004	1.001864	-0.2325	-1.1205	-2.7405	0	159	1024	1
2026-02-11	16:36:38.990	0.77	-6.16	5.425	-0.025864	-0.102968	1.000888	-0.2355	-1.1235	-2.742	0	159	1024	1
2026-02-11	16:36:39.010	0.77	-4.305	1.295	-0.028548	-0.099796	1.008452	-0.2385	-1.119	-2.742	0	152	1016	1
2026-02-11	16:36:39.030	0.175	-3.78	-2.555	-0.016104	-0.108336	1.045296	-0.2445	-1.1175	-2.742	0	152	1016	1
2026-02-11	16:36:39.050	-1.96	-2.52	-5.04	-0.002684	-0.097356	1.042856	-0.2445	-1.122	-2.745	0	152	1016	1
2026-02-11	16:36:39.070	-3.57	0.105	-6.685	-0.006588	-0.086376	1.012356	-0.243	-1.116	-2.748	0	152	1016	1
2026-02-11	16:36:39.090	-3.43	2.415	-8.085	-0.006832	-0.083204	0.98942	-0.246	-1.11	-2.7465	0	152	1016	1
2026-02-11	16:36:39.110	-2.31	2.8	-8.82	0.027328	-0.080032	0.983564	-0.24	-1.119	-2.736	0	152	1016	1
2026-02-11	16:36:39.130	0.84	2.695	-9.415	0.065392	-0.079788	1.000156	-0.2415	-1.1265	-2.7375	0	152	1016	1
2026-02-11	16:36:39.150	6.93	2.415	-10.78	0.070516	-0.078812	1.01504	-0.2445	-1.116	-2.7345	0	152	1016	1
2026-02-11	16:36:39.170	10.99	0.14	-12.075	0.061488	-0.093208	0.998204	-0.246	-1.1205	-2.73	0	152	1016	1
2026-02-11	16:36:39.190	13.125	-0.21	-12.705	0.042944	-0.089304	0.995764	-0.2445	-1.116	-2.745	0	152	1016	1
2026-02-11	16:36:39.210	14.07	1.015	-12.425	0.027572	-0.08052	1.0065	-0.2445	-1.1295	-2.736	0	145	1013	1
2026-02-11	16:36:39.230	13.195	2.24	-11.2	0.015616	-0.07686	1.025288	-0.24	-1.1265	-2.748	0	145	1013	1
2026-02-11	16:36:39.250	11.515	3.01	-9.94	0.006588	-0.08295999	1.057008	-0.243	-1.1235	-2.7435	0	145	1013	1
2026-02-11	16:36:39.270	10.5	2.975	-9.59	0.022936	-0.077836	1.063108	-0.2475	-1.1235	-2.7435	0	145	1013	1
2026-02-11	16:36:39.290	11.13	1.89	-9.765	0.032696	-0.068076	1.053592	-0.243	-1.128	-2.745	0	145	1013	1
2026-02-11	16:36:39.310	13.405	0.35	-10.64	0.051484	-0.057828	1.031632	-0.2385	-1.134	-2.7435	0	145	1013	1
2026-02-11	16:36:39.330	17.08	0.21	-12.32	0.08295999	-0.04758	1.027972	-0.24	-1.131	-2.745	0	145	1013	1
2026-02-11	16:36:39.350	21.035	2.1	-13.86	0.114192	-0.048068	1.016992	-0.2445	-1.1295	-2.7435	0	145	1013	1
2026-02-11	16:36:39.370	23.8	4.935	-14.665	0.126636	-0.033184	1.011136	-0.246	-1.137	-2.742	0	145	1013	1
2026-02-11	16:36:39.390	25.165	8.12	-15.085	0.155916	-0.012688	1.0126	-0.243	-1.14	-2.7465	0	145	1013	1
2026-02-11	16:36:39.410	24.255	11.2	-14.77	0.197884	-0.001708	1.040416	-0.243	-1.137	-2.7435	0	138	1016	1
2026-02-11	16:36:39.430	20.37	13.475	-13.44	0.231068	0.010004	1.075796	-0.24	-1.1385	-2.7405	0	138	1016	1
2026-02-11	16:36:39.450	13.965	16.24	-11.585	0.244488	0.025132	1.086044	-0.234	-1.1415	-2.739	0	138	1016	1
2026-02-11	16:36:39.470	6.545	18.55	-9.94	0.2379	0.033916	1.060668	-0.231	-1.1445	-2.7375	0	138	1016	1
2026-02-11	16:36:39.490	0.035	18.795	-9.345	0.208376	0.041724	1.005524	-0.2325	-1.149	-2.742	0	138	1016	1
2026-02-11	16:36:39.510	-4.27	13.965	-11.55	0.165676	0.047824	0.938668	-0.231	-1.149	-2.7435	0	138	1016	1
2026-02-11	16:36:39.530	-3.745	7.56	-14.035	0.164456	0.040504	0.931348	-0.234	-1.146	-2.7315	0	138	1016	1
2026-02-11	16:36:39.550	-2.765	1.295	-15.505	0.166408	0.033428	0.936228	-0.234	-1.143	-2.736	0	138	1016	1
2026-02-11	16:36:39.570	-2.1	-3.64	-15.47	0.15128	0.030744	0.937692	-0.2295	-1.146	-2.7345	0	138	1016	1
2026-02-11	16:36:39.590	-1.435	-8.12	-14.21	0.127612	0.030988	0.951112	-0.231	-1.143	-2.7345	0	138	1016	1
2026-02-11	16:36:39.610	-0.035	-12.355	-12.53	0.112972	0.028304	0.961116	-0.2325	-1.14	-2.742	0	132	1021	1
2026-02-11	16:36:39.630	1.26	-15.4	-10.92	0.104676	0.020984	0.959408	-0.231	-1.14	-2.742	0	132	1021	1
2026-02-11	16:36:39.650	2.03	-17.01	-9.555	0.099796	0.02318	0.958188	-0.231	-1.1415	-2.739	0	132	1021	1
2026-02-11	16:36:39.670	2.94	-17.99	-8.295	0.10492	0.022448	0.971852	-0.24	-1.14	-2.745	0	132	1021	1
2026-02-11	16:36:39.690	3.675	-18.27	-6.3	0.12444	0.016836	0.992836	-0.246	-1.14	-2.7435	0	132	1021	1
2026-02-11	16:36:39.710	3.605	-17.5	-3.465	0.149816	0.011712	1.004548	-0.2445	-1.14	-2.739	0	132	1021	1
2026-02-11	16:36:39.730	3.29	-15.435	0	0.186172	0.009272	1.021872	-0.2505	-1.134	-2.745	0	132	1021	1
2026-02-11	16:36:39.750	3.045	-12.18	3.5	0.20008	0.009272	1.031144	-0.255	-1.1355	-2.7465	0	132	1021	1
2026-02-11	16:36:39.770	2.415	-9.59	6.51	0.174216	0.016348	1.005768	-0.258	-1.143	-2.7435	0	132	1021	1
2026-02-11	16:36:39.790	2.485	-8.96	7.42	0.170312	0.020496	1.011624	-0.2595	-1.1475	-2.745	0	132	1021	1
2026-02-11	16:36:39.810	2.1	-8.855	7.175	0.182512	0.030012	1.034072	-0.252	-1.1445	-2.745	0	126	1022	1
2026-02-11	16:36:39.830	1.12	-7.77	6.755	0.173972	0.041968	1.03578	-0.255	-1.1355	-2.7405	0	126	1022	1
2026-02-11	16:36:39.850	0.105	-6.58	6.195	0.145668	0.041968	1.01382	-0.252	-1.1415	-2.751	0	126	1022	1
2026-02-11	16:36:39.870	-1.085	-6.475	5.6	0.130052	0.04026	1.016992	-0.2565	-1.1475	-2.745	0	126	1022	1
2026-02-11	16:36:39.890	-2.345	-6.475	5.425	0.132248	0.04392	1.009672	-0.2595	-1.146	-2.7435	0	126	1022	1
2026-02-11	16:36:39.910	-3.045	-5.915	5.845	0.118096	0.05246	0.993324	-0.2595	-1.1475	-2.739	0	126	1022	1
2026-02-11	16:36:39.930	-2.94	-5.67	6.93	0.109068	0.045628	0.992836	-0.2565	-1.152	-2.7525	0	126	1022	1
2026-02-11	16:36:39.950	-2.73	-5.495	8.855	0.112972	0.037576	1.002108	-0.2685	-1.1475	-2.748	0	126	1022	1
2026-02-11	16:36:39.970	-2.17	-4.62	10.78	0.113948	0.032696	0.998204	-0.2685	-1.14	-2.7435	0	126	1022	1
2026-02-11	16:36:39.990	-0.63	-3.605	11.865	0.1037	0.022204	0.990152	-0.264	-1.1445	-2.742	0	126	1022	1
2026-02-11	16:36:40.010	1.435	-4.025	12.565	0.120536	0.027328	1.003572	-0.264	-1.1445	-2.742	0	119	1023	1
2026-02-11	16:36:40.030	2.065	-4.445	13.02	0.153476	0.024156	1.020652	-0.2595	-1.1445	-2.7525	0	119	1023	1
2026-02-11	16:36:40.050	2.275	-3.99	13.615	0.170556	0.012932	1.019432	-0.2625	-1.1475	-2.745	0	119	1023	1
2026-02-11	16:36:40.070	2.8	-3.36	12.95	0.144448	0.0122	0.991128	-0.2595	-1.146	-2.7465	0	119	1023	1
2026-02-11	16:36:40.090	3.745	-3.43	11.515	0.130052	0.0061	0.988932	-0.2565	-1.1445	-2.748	0	119	1023	1
2026-02-11	16:36:40.110	3.85	-3.22	10.045	0.117852	0.010004	1.005036	-0.258	-1.1565	-2.742	0	119	1023	1
2026-02-11	16:36:40.130	3.22	-1.435	8.89	0.1342	0.01464	1.01138	-0.261	-1.1415	-2.742	0	119	1023	1
2026-02-11	16:36:40.150	2.205	1.155	8.47	0.13054	0.013176	1.019432	-0.267	-1.149	-2.7525	0	119	1023	1
2026-02-11	16:36:40.170	0.49	3.36	8.47	0.120536	0.015372	1.020408	-0.2595	-1.149	-2.751	0	119	1023	1
2026-02-11	16:36:40.190	-1.68	4.62	8.225	0.103212	0.014152	1.012356	-0.2625	-1.158	-2.7495	0	119	1023	1
2026-02-11	16:36:40.210	-3.57	4.935	7.63	0.107604	0.015128	1.003084	-0.261	-1.155	-2.745	0	112	1023	1
2026-02-11	16:36:40.230	-4.34	4.55	7.035	0.117364	0.015128	0.994788	-0.27	-1.1535	-2.733	0	112	1023	1
2026-02-11	16:36:40.250	-4.34	3.535	6.72	0.103456	0.008052	0.989176	-0.2535	-1.1505	-2.754	0	112	1023	1
2026-02-11	16:36:40.270	-3.885	2.24	6.615	0.098332	0.004148	0.996496	-0.252	-1.158	-2.7465	0	112	1023	1
2026-02-11	16:36:40.290	-3.57	1.295	6.965	0.101992	0.004148	0.999668	-0.258	-1.1505	-2.7585	0	112	1023	1
2026-02-11	16:36:40.310	-2.8	0.14	7.735	0.100284	0.011712	0.994544	-0.2535	-1.152	-2.742	0	112	1023	1
2026-02-11	16:36:40.330	-1.645	-1.47	8.155	0.102236	0.012444	1.00406	-0.2535	-1.152	-2.742	0	112	1023	1
2026-02-11	16:36:40.350	-0.77	-2.17	8.19	0.094428	0.011712	0.993324	-0.2535	-1.1505	-2.739	0	112	1023	1
2026-02-11	16:36:40.370	0.28	-2.065	7.595	0.075396	0.01098	0.992836	-0.2535	-1.1505	-2.739	0	112	1023	1
2026-02-11	16:36:40.390	1.085	-1.68	6.37	0.07124799	0.010248	0.993324	-0.2505	-1.1475	-2.742	0	112	1023	1
2026-02-11	16:36:40.410	1.225	-1.61	5.425	0.088572	0.007808	0.998204	-0.2595	-1.1505	-2.751	0	103	1024	1
2026-02-11	16:36:40.430	0.665	-1.82	4.97	0.092476	0.010492	0.98698	-0.2595	-1.155	-2.751	0	103	1024	1
2026-02-11	16:36:40.450	-0.385	-2.03	4.55	0.088572	0.009272	1.003084	-0.255	-1.1535	-2.742	0	103	1024	1
2026-02-11	16:36:40.470	-1.855	-1.785	3.78	0.087596	0.000732	1.01992	-0.2595	-1.1505	-2.7435	0	103	1024	1
2026-02-11	16:36:40.490	-3.22	-0.91	3.15	0.10004	-0.013664	1.020408	-0.261	-1.1475	-2.7465	0	103	1024	1
2026-02-11	16:36:40.510	-4.235	0.07	3.15	0.09028	-0.020008	1.001132	-0.2595	-1.149	-2.7465	0	103	1024	1
2026-02-11	16:36:40.530	-4.2	0.315	3.325	0.09028	-0.0305	0.9882	-0.2565	-1.149	-2.7465	0	103	1024	1
2026-02-11	16:36:40.550	-3.22	0.14	3.325	0.07515199	-0.04026	0.986248	-0.2565	-1.1475	-2.748	0	103	1024	1
2026-02-11	16:36:40.570	-1.225	0.315	3.675	0.079544	-0.054656	0.995764	-0.2565	-1.149	-2.7495	0	103	1024	1
2026-02-11	16:36:40.590	2.065	1.365	5.635	0.080032	-0.047336	0.99552	-0.258	-1.149	-2.7495	0	103	1024	1
2026-02-11	16:36:40.610	1.89	1.12	7.77	0.07442	-0.048312	1.012844	-0.258	-1.1505	-2.748	0	95	1023	1
2026-02-11	16:36:40.630	-0.14	1.855	9.87	0.076372	-0.047824	1.004792	-0.255	-1.155	-2.745	0	95	1023	1
2026-02-11	16:36:40.650	-2.03	2.975	11.095	0.062464	-0.030012	0.973072	-0.2505	-1.1535	-2.748	0	95	1023	1
2026-02-11	16:36:40.670	-2.835	2.905	11.305	0.039772	-0.02684	0.931104	-0.2505	-1.1505	-2.748	0	95	1023	1
2026-02-11	16:36:40.690	-3.395	1.575	10.71	0.039772	-0.012444	0.915488	-0.2565	-1.1535	-2.7495	0	95	1023	1
2026-02-11	16:36:40.710	-4.9	-0.245	9.8	0.06222	0.004148	0.923296	-0.258	-1.1535	-2.751	0	95	1023	1
2026-02-11	16:36:40.730	-7.56	-2.835	8.47	0.07442	0.022448	0.919148	-0.2505	-1.1505	-2.7495	0	95	1023	1
2026-02-11	16:36:40.750	-10.745	-5.53	6.265	0.073932	0.046116	0.9272	-0.2475	-1.1565	-2.7525	0	95	1023	1
2026-02-11	16:36:40.770	-13.44	-8.225	2.94	0.08418	0.049532	0.937448	-0.255	-1.155	-2.751	0	95	1023	1
2026-02-11	16:36:40.790	-16.485	-11.235	-0.805	0.089792	0.045384	0.94672	-0.2565	-1.1505	-2.751	0	95	1023	1
2026-02-11	16:36:40.810	-19.705	-14.21	-4.445	0.090524	0.07076	0.909144	-0.2565	-1.1475	-2.7525	0	87	1018	1
2026-02-11	16:36:40.830	-20.125	-17.045	-8.26	0.08052	0.099796	0.868396	-0.255	-1.1475	-2.748	0	87	1018	1
2026-02-11	16:36:40.850	-17.535	-20.965	-13.58	0.078568	0.106628	0.907436	-0.2565	-1.1445	-2.7435	0	87	1018	1
2026-02-11	16:36:40.870	-16.275	-23.695	-18.095	0.103212	0.119072	0.976732	-0.258	-1.14	-2.7435	0	87	1018	1
2026-02-11	16:36:40.890	-17.15	-24.29	-20.23	0.140056	0.13054	1.024556	-0.2685	-1.131	-2.7315	0	87	1018	1
2026-02-11	16:36:40.910	-19.565	-25.725	-20.755	0.172508	0.149572	1.059936	-0.264	-1.137	-2.7465	0	87	1018	1
2026-02-11	16:36:40.930	-23.73	-28.77	-19.67	0.183244	0.147132	1.076284	-0.2715	-1.1325	-2.745	0	87	1018	1
2026-02-11	16:36:40.950	-28.385	-32.515	-18.095	0.179096	0.141032	1.043344	-0.282	-1.1295	-2.751	0	87	1018	1
2026-02-11	16:36:40.970	-30.59	-35.875	-17.43	0.16958	0.142252	0.972584	-0.2745	-1.116	-2.7435	0	87	1018	1
2026-02-11	16:36:40.990	-28.14	-39.515	-19.005	0.171776	0.135664	0.983808	-0.288	-1.116	-2.7375	0	87	1018	1
2026-02-11	16:36:41.010	-23.94	-41.51	-22.05	0.149084	0.12078	0.974536	-0.3045	-1.104	-2.7345	0	81	1011	1
2026-02-11	16:36:41.030	-19.53	-41.02	-26.25	0.142984	0.107116	0.988932	-0.3105	-1.1055	-2.7405	0	81	1011	1
2026-02-11	16:36:41.050	-15.575	-37.765	-30.065	0.16226	0.095892	1.00162	-0.309	-1.098	-2.7435	0	81	1011	1
2026-02-11	16:36:41.070	-12.075	-33.18	-32.41	0.192516	0.07808	1.010892	-0.3135	-1.0965	-2.739	0	81	1011	1
2026-02-11	16:36:41.090	-9.52	-28.98	-32.585	0.234972	0.055632	1.037244	-0.3195	-1.0965	-2.7435	0	81	1011	1
2026-02-11	16:36:41.110	-8.855	-25.305	-30.59	0.267424	0.027084	1.089704	-0.321	-1.095	-2.742	0	81	1011	1
2026-02-11	16:36:41.130	-11.34	-17.78	-25.41	0.266936	0.003172	1.107272	-0.3225	-1.0935	-2.7405	0	81	1011	1
2026-02-11	16:36:41.150	-12.215	-12.845	-22.82	0.265472	-0.014396	1.104832	-0.3225	-1.0935	-2.7405	0	81	1011	1
2026-02-11	16:36:41.170	-13.055	-9.345	-21.105	0.255468	-0.040504	1.12362	-0.3405	-1.0845	-2.739	0	81	1011	1
2026-02-11	16:36:41.190	-14.28	-6.23	-19.285	0.230824	-0.09516	1.158512	-0.3405	-1.077	-2.7345	0	81	1011	1
2026-02-11	16:36:41.210	-14.175	-1.61	-16.17	0.241072	-0.125172	1.189988	-0.3375	-1.074	-2.736	0	79	1014	1
2026-02-11	16:36:41.230	-10.745	5.46	-13.37	0.25986	-0.128344	1.185108	-0.3375	-1.0755	-2.7375	0	79	1014	1
2026-02-11	16:36:41.250	-5.355	13.44	-11.585	0.27084	-0.137128	1.179008	-0.351	-1.071	-2.7315	0	79	1014	1
2026-02-11	16:36:41.270	-1.435	19.11	-9.415	0.243024	-0.187636	1.18218	-0.3465	-1.0665	-2.73	0	79	1014	1
2026-02-11	16:36:41.290	-0.7	23.17	-5.495	0.240828	-0.178852	1.136552	-0.3435	-1.071	-2.7285	0	79	1014	1
2026-02-11	16:36:41.310	0.665	28.455	-1.19	0.27816	-0.166896	1.088728	-0.3435	-1.0725	-2.733	0	79	1014	1
2026-02-11	16:36:41.330	3.29	33.25	2.73	0.304268	-0.16348	1.067988	-0.336	-1.068	-2.73	0	79	1014	1
2026-02-11	16:36:41.350	4.725	34.895	6.72	0.314028	-0.170068	1.084336	-0.3315	-1.062	-2.727	0	79	1014	1
2026-02-11	16:36:41.370	3.185	35.28	10.36	0.348676	-0.18788	1.131916	-0.333	-1.074	-2.727	0	79	1014	1
2026-02-11	16:36:41.390	-1.26	38.01	13.51	0.34892	-0.191784	1.072624	-0.3285	-1.068	-2.7255	0	79	1014	1
2026-02-11	16:36:41.410	-3.815	39.83	14.875	0.304268	-0.206912	0.965996	-0.3285	-1.068	-2.7255	0	82	1033	1
2026-02-11	16:36:41.430	-4.865	35.84	15.96	0.279868	-0.211304	0.921832	-0.315	-1.0695	-2.7255	0	82	1033	1
2026-02-11	16:36:41.450	-6.16	28.14	18.2	0.289872	-0.231556	0.93208	-0.3015	-1.0695	-2.7255	0	82	1033	1
2026-02-11	16:36:41.470	-7.35	21.98	21.21	0.275476	-0.225944	0.943792	-0.3	-1.068	-2.724	0	82	1033	1
2026-02-11	16:36:41.490	-7.21	19.705	24.08	0.249856	-0.203984	0.92598	-0.2985	-1.065	-2.7285	0	82	1033	1
2026-02-11	16:36:41.510	-5.495	18.795	25.76	0.194224	-0.172264	0.88084	-0.2955	-1.068	-2.733	0	82	1033	1
2026-02-11	16:36:41.530	-3.22	15.785	25.83	0.140056	-0.162016	0.854488	-0.2895	-1.065	-2.73	0	82	1033	1
2026-02-11	16:36:41.550	-1.855	11.2	24.71	0.11102	-0.159332	0.853512	-0.288	-1.0635	-2.7285	0	82	1033	1
2026-02-11	16:36:41.570	-1.365	7.035	22.89	0.100284	-0.161772	0.837896	-0.285	-1.068	-2.7225	0	82	1033	1
2026-02-11	16:36:41.590	-1.05	3.99	21.35	0.0915	-0.160552	0.817888	-0.276	-1.065	-2.718	0	82	1033	1
2026-02-11	16:36:41.610	-0.525	2.03	20.93	0.085888	-0.157624	0.829356	-0.282	-1.068	-2.733	0	88	1039	1
2026-02-11	16:36:41.630	-0.7	0.455	21.21	0.107116	-0.1525	0.860344	-0.285	-1.068	-2.7195	0	88	1039	1
2026-02-11	16:36:41.650	-1.995	-0.14	21.525	0.114924	-0.140788	0.871568	-0.276	-1.0695	-2.727	0	88	1039	1
2026-02-11	16:36:41.670	-3.36	-1.435	22.68	0.097112	-0.113948	0.851804	-0.2865	-1.0695	-2.7315	0	88	1039	1
2026-02-11	16:36:41.690	-3.185	-4.2	23.415	0.079544	-0.112728	0.874008	-0.282	-1.0665	-2.7315	0	88	1039	1
2026-02-11	16:36:41.710	-3.5	-6.755	22.995	0.056364	-0.106872	0.92842	-0.2775	-1.0665	-2.727	0	88	1039	1
2026-02-11	16:36:41.730	-4.305	-6.3	21.245	0.038552	-0.083692	0.949892	-0.279	-1.0695	-2.7285	0	88	1039	1
2026-02-11	16:36:41.750	-4.305	-4.445	18.48	0.025132	-0.063196	0.956236	-0.2805	-1.0725	-2.727	0	88	1039	1
2026-02-11	16:36:41.770	-3.71	-4.445	15.855	0.02684	-0.061732	0.98576	-0.2835	-1.077	-2.724	0	88	1039	1
2026-02-11	16:36:41.790	-2.94	-5.425	13.58	0.02928	-0.055876	1.00894	-0.2835	-1.0755	-2.73	0	88	1039	1
2026-02-11	16:36:41.810	-0.875	-5.355	10.29	0.020008	-0.047092	1.030656	-0.279	-1.0725	-2.7285	0	98	1025	1
2026-02-11	16:36:41.830	2.52	-4.13	5.145	0.012444	-0.014884	1.040172	-0.279	-1.0695	-2.7255	0	98	1025	1
2026-02-11	16:36:41.850	6.195	-3.115	-1.715	0.014396	-0.022936	1.058472	-0.282	-1.0695	-2.7255	0	98	1025	1
2026-02-11	16:36:41.870	7.875	-3.99	-7.735	0.033428	-0.034404	1.09556	-0.2865	-1.0725	-2.7255	0	98	1025	1
2026-02-11	16:36:41.890	7.07	-5.39	-11.62	0.06734399	-0.028304	1.119228	-0.285	-1.0755	-2.73	0	98	1025	1
2026-02-11	16:36:41.910	6.265	-5.355	-14.455	0.100772	-0.03172	1.119472	-0.285	-1.0755	-2.7345	0	98	1025	1
2026-02-11	16:36:41.930	7.35	-4.83	-18.655	0.136396	-0.0549	1.103368	-0.288	-1.074	-2.7315	0	98	1025	1
2026-02-11	16:36:41.950	8.96	-6.335	-23.485	0.141276	-0.082228	1.079944	-0.2895	-1.0725	-2.7315	0	98	1025	1
2026-02-11	16:36:41.970	9.835	-10.29	-27.615	0.173728	-0.095892	1.062376	-0.303	-1.074	-2.7315	0	98	1025	1
2026-02-11	16:36:41.990	11.06	-15.82	-31.185	0.2318	-0.105164	1.060912	-0.306	-1.0755	-2.7345	0	98	1025	1
2026-02-11	16:36:42.010	12.74	-21.245	-33.32	0.311588	-0.121268	1.116056	-0.3075	-1.077	-2.73	0	107	1017	1
2026-02-11	16:36:42.030	13.755	-23.38	-33.81	0.36112	-0.138104	1.142896	-0.3165	-1.0725	-2.7315	0	107	1017	1
2026-02-11	16:36:42.050	14.595	-22.295	-33.775	0.36844	-0.136884	1.102636	-0.3135	-1.077	-2.739	0	107	1017	1
2026-02-11	16:36:42.070	17.325	-20.895	-34.755	0.346236	-0.122244	1.036024	-0.3165	-1.0845	-2.73	0	107	1017	1
2026-02-11	16:36:42.090	21.77	-20.02	-37.66	0.321104	-0.108336	0.997472	-0.327	-1.0845	-2.7315	0	107	1017	1
2026-02-11	16:36:42.110	26.145	-19.04	-41.65	0.354044	-0.09028	1.017724	-0.327	-1.086	-2.736	0	107	1017	1
2026-02-11	16:36:42.130	27.615	-15.715	-45.01	0.3904	-0.066124	1.01992	-0.336	-1.0875	-2.7405	0	107	1017	1
2026-02-11	16:36:42.150	25.865	-10.115	-47.11	0.41358	-0.031232	1.014308	-0.342	-1.0875	-2.7435	0	107	1017	1
2026-02-11	16:36:42.170	21.91	-4.025	-47.705	0.415288	-0.00732	1.040172	-0.339	-1.089	-2.742	0	107	1017	1
2026-02-11	16:36:42.190	15.61	1.785	-47.04	0.404552	0.00366	1.051884	-0.345	-1.095	-2.742	0	107	1017	1
2026-02-11	16:36:42.210	5.39	9.485	-45.78	0.362828	0.018056	1.032364	-0.348	-1.0995	-2.745	0	116	1024	1
2026-02-11	16:36:42.230	-1.47	12.705	-44.695	0.334524	0.017324	0.99186	-0.348	-1.0995	-2.745	0	116	1024	1
2026-02-11	16:36:42.250	-8.435	12.81	-43.295	0.310124	0.02074	0.981124	-0.354	-1.0995	-2.754	0	116	1024	1
2026-02-11	16:36:42.270	-14.735	12.18	-41.965	0.300364	0.023668	0.979172	-0.351	-1.1055	-2.7495	0	116	1024	1
2026-02-11	16:36:42.290	-19.775	12.145	-40.39	0.284992	0.029768	0.97844	-0.3495	-1.101	-2.748	0	116	1024	1
2026-02-11	16:36:42.310	-23.73	11.83	-38.465	0.253516	0.02928	0.948428	-0.354	-1.101	-2.7435	0	116	1024	1
2026-02-11	16:36:42.330	-25.76	9.17	-37.03	0.218868	0.029036	0.90524	-0.351	-1.0935	-2.745	0	116	1024	1
2026-02-11	16:36:42.350	-25.2	5.46	-37.415	0.209352	0.010248	0.872544	-0.357	-1.098	-2.754	0	116	1024	1
2026-02-11	16:36:42.370	-23.345	2.975	-38.92	0.188124	-0.011224	0.831308	-0.36	-1.092	-2.7495	0	116	1024	1
2026-02-11	16:36:42.390	-20.335	0.49	-40.39	0.177144	-0.023668	0.78568	-0.36	-1.095	-2.754	0	116	1024	1
2026-02-11	16:36:42.410	-16.17	-1.68	-41.475	0.18788	-0.024644	0.77592	-0.3735	-1.089	-2.7465	0	124	1026	1
2026-02-11	16:36:42.430	-12.845	-2.275	-41.195	0.20252	-0.039528	0.8052	-0.363	-1.086	-2.7495	0	124	1026	1
2026-02-11	16:36:42.450	-12.11	-3.115	-38.045	0.2196	-0.059536	0.853512	-0.369	-1.0755	-2.739	0	124	1026	1
2026-02-11	16:36:42.470	-14.07	-3.78	-31.115	0.221064	-0.076372	0.8906	-0.366	-1.083	-2.7465	0	124	1026	1
2026-02-11	16:36:42.490	-14.91	-2.52	-24.395	0.217404	-0.083692	0.92598	-0.366	-1.083	-2.7465	0	124	1026	1
2026-02-11	16:36:42.510	-13.86	-0.63	-20.125	0.230092	-0.091012	0.975024	-0.3705	-1.0785	-2.742	0	124	1026	1
2026-02-11	16:36:42.530	-12.81	-0.91	-15.785	0.236192	-0.103944	1.020652	-0.375	-1.071	-2.7435	0	124	1026	1
2026-02-11	16:36:42.550	-11.76	-3.5	-10.955	0.278648	-0.114192	1.086288	-0.3735	-1.0665	-2.7465	0	124	1026	1
2026-02-11	16:36:42.570	-10.885	-6.265	-5.46	0.32208	-0.135176	1.166076	-0.378	-1.068	-2.7435	0	124	1026	1
2026-02-11	16:36:42.590	-10.885	-6.72	0.84	0.324764	-0.1586	1.222928	-0.384	-1.071	-2.7405	0	124	1026	1
2026-02-11	16:36:42.610	-11.69	-5.495	7.875	0.320128	-0.181292	1.247816	-0.3825	-1.0635	-2.7405	0	130	1018	1
2026-02-11	16:36:42.630	-12.74	-3.85	14.49	0.338184	-0.204472	1.231712	-0.381	-1.0665	-2.7375	0	130	1018	1
2026-02-11	16:36:42.650	-12.74	-3.15	20.755	0.368684	-0.243512	1.187792	-0.384	-1.062	-2.736	0	130	1018	1
2026-02-11	16:36:42.670	-11.235	-2.66	27.335	0.339892	-0.2562	1.128744	-0.3825	-1.059	-2.7405	0	130	1018	1
2026-02-11	16:36:42.690	-9.1	-2.38	33.985	0.30256	-0.238388	1.117276	-0.372	-1.0605	-2.727	0	130	1018	1
2026-02-11	16:36:42.710	-8.505	-2.905	40.285	0.343308	-0.2196	1.168028	-0.3765	-1.0605	-2.7345	0	130	1018	1
2026-02-11	16:36:42.730	-10.08	-3.675	46.97	0.381128	-0.222772	1.17486	-0.3675	-1.0605	-2.73	0	130	1018	1
2026-02-11	16:36:42.750	-8.365	-4.025	53.55	0.314028	-0.229848	1.043832	-0.363	-1.0575	-2.733	0	130	1018	1
2026-02-11	16:36:42.770	-1.295	-4.445	51.45	0.263764	-0.249124	0.929884	-0.3645	-1.0575	-2.7345	0	130	1018	1
2026-02-11	16:36:42.790	8.61	-4.76	46.375	0.23302	-0.255468	0.833016	-0.3645	-1.0605	-2.742	0	130	1018	1
2026-02-11	16:36:42.810	18.025	-5.25	42.49	0.2318	-0.24766	0.8174	-0.363	-1.0605	-2.7405	0	135	1024	1
2026-02-11	16:36:42.830	23.31	-6.37	41.93	0.25986	-0.256932	0.884744	-0.357	-1.059	-2.736	0	135	1024	1
2026-02-11	16:36:42.850	22.785	-5.46	43.68	0.268156	-0.258884	0.965264	-0.36	-1.0635	-2.7405	0	135	1024	1
2026-02-11	16:36:42.870	18.235	-0.91	45.745	0.25742	-0.252784	0.996252	-0.363	-1.0695	-2.7435	0	135	1024	1
2026-02-11	16:36:42.890	12.46	3.745	47.46	0.232044	-0.24644	0.967948	-0.3525	-1.074	-2.745	0	135	1024	1
2026-02-11	16:36:42.910	7.315	4.935	48.65	0.216428	-0.24278	0.937692	-0.345	-1.0815	-2.751	0	135	1024	1
2026-02-11	16:36:42.930	3.57	3.78	49.035	0.199348	-0.233264	0.898408	-0.348	-1.083	-2.7495	0	135	1024	1
2026-02-11	16:36:42.950	1.61	1.365	49.245	0.164212	-0.216428	0.857172	-0.3435	-1.083	-2.745	0	135	1024	1
2026-02-11	16:36:42.970	1.61	-1.995	49.455	0.13786	-0.203984	0.846192	-0.339	-1.0875	-2.7435	0	135	1024	1
2026-02-11	16:36:42.990	2.415	-4.725	49.175	0.13542	-0.17568	0.872788	-0.3465	-1.0905	-2.7495	0	135	1024	1
2026-02-11	16:36:43.010	3.78	-4.55	48.055	0.134688	-0.151768	0.866932	-0.3435	-1.089	-2.757	0	140	1023	1
2026-02-11	16:36:43.030	6.475	-2.17	47.11	0.10736	-0.110288	0.822768	-0.3375	-1.0875	-2.7585	0	140	1023	1
2026-02-11	16:36:43.050	9.415	-0.07	46.515	0.088328	-0.098088	0.796904	-0.33	-1.0935	-2.7525	0	140	1023	1
2026-02-11	16:36:43.070	10.99	1.54	45.85	0.084912	-0.09882	0.784704	-0.3345	-1.0905	-2.7465	0	140	1023	1
2026-02-11	16:36:43.090	10.955	3.185	45.43	0.08662	-0.082472	0.783728	-0.336	-1.098	-2.757	0	140	1023	1
2026-02-11	16:36:43.110	10.325	5.25	45.115	0.086132	-0.061976	0.806176	-0.333	-1.098	-2.754	0	140	1023	1
2026-02-11	16:36:43.130	9.205	7.21	45.115	0.10126	-0.0366	0.858392	-0.33	-1.101	-2.7525	0	140	1023	1
2026-02-11	16:36:43.150	6.58	8.82	45.465	0.11346	-0.027816	0.951356	-0.3255	-1.1055	-2.7525	0	140	1023	1
2026-02-11	16:36:43.170	2.275	11.06	45.15	0.097356	-0.016592	0.98576	-0.321	-1.1055	-2.7525	0	140	1023	1
2026-02-11	16:36:43.190	-1.085	13.09	42.77	0.049044	-0.004148	0.975268	-0.315	-1.1025	-2.754	0	140	1023	1
2026-02-11	16:36:43.210	-1.925	13.055	38.255	0.022692	0.000976	0.968436	-0.3105	-1.0995	-2.7585	0	145	1005	1
2026-02-11	16:36:43.230	-0.63	10.92	32.55	0.009028	0.011956	0.980636	-0.3135	-1.1025	-2.7555	0	145	1005	1
2026-02-11	16:36:43.250	2.485	8.12	26.25	0.009272	0.00976	1.029436	-0.306	-1.1055	-2.7465	0	145	1005	1
2026-02-11	16:36:43.270	6.02	5.95	19.6	0.02928	-0.005856	1.136064	-0.297	-1.1085	-2.754	0	145	1005	1
2026-02-11	16:36:43.290	5.74	3.745	13.055	0.134444	-0.049044	1.248304	-0.297	-1.1145	-2.76	0	145	1005	1
2026-02-11	16:36:43.310	2.73	1.61	8.785	0.121512	-0.05368	1.178276	-0.297	-1.1145	-2.76	0	145	1005	1
2026-02-11	16:36:43.330	4.095	-3.325	3.465	0.07198	-0.048312	1.087264	-0.303	-1.1055	-2.7555	0	145	1005	1
2026-02-11	16:36:43.350	9.1	-11.165	-4.445	0.079544	-0.040504	1.075064	-0.2955	-1.1145	-2.742	0	145	1005	1
2026-02-11	16:36:43.370	13.475	-18.06	-12.005	0.165188	-0.056364	1.10898	-0.303	-1.1205	-2.7555	0	145	1005	1
2026-02-11	16:36:43.390	15.575	-22.68	-16.695	0.265472	-0.081008	1.164124	-0.312	-1.116	-2.7555	0	145	1005	1
2026-02-11	16:36:43.410	15.855	-22.575	-19.005	0.32086	-0.104188	1.161928	-0.309	-1.1205	-2.757	0	149	999	1
2026-02-11	16:36:43.430	16.38	-17.64	-21.455	0.3172	-0.112484	1.074088	-0.309	-1.1175	-2.7615	0	149	999	1
2026-02-11	16:36:43.450	18.83	-12.25	-24.78	0.296216	-0.101992	0.99918	-0.315	-1.125	-2.76	0	149	999	1
2026-02-11	16:36:43.470	21.245	-8.54	-27.58	0.300364	-0.100284	0.988444	-0.3165	-1.122	-2.7555	0	149	999	1
2026-02-11	16:36:43.490	20.72	-5.495	-28.035	0.338916	-0.091012	1.015528	-0.321	-1.1295	-2.7585	0	149	999	1
2026-02-11	16:36:43.510	17.78	-2.73	-26.04	0.37454	-0.07564	1.050908	-0.3315	-1.137	-2.751	0	149	999	1
2026-02-11	16:36:43.530	13.405	1.54	-22.855	0.404064	-0.049532	1.09312	-0.3255	-1.1295	-2.766	0	149	999	1
2026-02-11	16:36:43.550	8.155	6.58	-19.39	0.394304	-0.044164	1.098244	-0.324	-1.137	-2.7585	0	149	999	1
2026-02-11	16:36:43.570	1.085	8.995	-15.19	0.321348	-0.038064	1.015284	-0.324	-1.137	-2.7585	0	149	999	1
2026-02-11	16:36:43.590	-1.19	6.44	-14.21	0.28426	-0.049044	0.962824	-0.324	-1.137	-2.7585	0	149	999	1
2026-02-11	16:36:43.610	-2.24	2.765	-13.965	0.243024	-0.0549	0.908168	-0.324	-1.137	-2.754	0	153	1009	1
2026-02-11	16:36:43.630	-2.1	-0.455	-13.265	0.2135	-0.05856	0.850828	-0.315	-1.1385	-2.757	0	153	1009	1
2026-02-11	16:36:43.650	-0.91	-3.465	-11.48	0.211792	-0.06344	0.836432	-0.318	-1.1415	-2.7555	0	153	1009	1
2026-02-11	16:36:43.670	0.21	-4.55	-8.715	0.207644	-0.06832	0.842776	-0.315	-1.134	-2.7615	0	153	1009	1
2026-02-11	16:36:43.690	1.19	-3.115	-5.6	0.172996	-0.06466	0.805688	-0.327	-1.1415	-2.772	0	153	1009	1
2026-02-11	16:36:43.710	2.73	-0.98	-2.94	0.142496	-0.060024	0.785192	-0.3285	-1.146	-2.7765	0	153	1009	1
2026-02-11	16:36:43.730	4.095	0.315	-0.525	0.142252	-0.06832	0.812032	-0.333	-1.1355	-2.7795	0	153	1009	1
2026-02-11	16:36:43.750	4.165	1.4	2.66	0.160796	-0.066612	0.852048	-0.3345	-1.143	-2.7735	0	153	1009	1
2026-02-11	16:36:43.770	3.255	2.975	6.3	0.178364	-0.0671	0.880596	-0.333	-1.143	-2.772	0	153	1009	1
2026-02-11	16:36:43.790	2.205	4.725	10.15	0.193492	-0.065148	0.906216	-0.336	-1.146	-2.7765	0	153	1009	1
2026-02-11	16:36:43.810	1.47	6.37	14.21	0.196664	-0.060268	0.930616	-0.327	-1.1415	-2.775	0	156	1009	1
2026-02-11	16:36:43.830	1.54	8.61	19.775	0.217648	-0.080276	1.00284	-0.327	-1.146	-2.772	0	156	1009	1
2026-02-11	16:36:43.850	0.945	10.745	26.32	0.241072	-0.10004	1.07482	-0.327	-1.146	-2.772	0	156	1009	1
2026-02-11	16:36:43.870	0.245	12.46	31.85	0.244488	-0.10126	1.077748	-0.3255	-1.1475	-2.7705	0	156	1009	1
2026-02-11	16:36:43.890	1.435	13.3	36.54	0.251076	-0.098088	1.08458	-0.3225	-1.1475	-2.775	0	156	1009	1
2026-02-11	16:36:43.910	3.395	13.51	40.285	0.265472	-0.104188	1.118008	-0.3195	-1.1475	-2.775	0	156	1009	1
2026-02-11	16:36:43.930	4.27	13.405	43.96	0.2928	-0.112972	1.147776	-0.3135	-1.152	-2.775	0	156	1009	1
2026-02-11	16:36:43.950	3.29	12.215	49.105	0.286944	-0.107604	1.143628	-0.309	-1.1505	-2.7765	0	156	1009	1
2026-02-11	16:36:43.970	1.89	9.73	55.125	0.268156	-0.090036	1.138992	-0.3045	-1.1475	-2.7735	0	156	1009	1
2026-02-11	16:36:43.990	1.295	7.42	60.795	0.273524	-0.081984	1.159	-0.3	-1.149	-2.772	0	156	1009	1
2026-02-11	16:36:44.010	1.12	6.125	66.85	0.28304	-0.09272	1.185108	-0.297	-1.149	-2.7705	0	157	1008	1
2026-02-11	16:36:44.030	0.84	5.215	69.405	0.283528	-0.096868	1.184376	-0.2955	-1.1505	-2.772	0	157	1008	1
2026-02-11	16:36:44.050	0.98	3.185	71.47	0.251564	-0.122	1.13216	-0.2895	-1.1565	-2.778	0	157	1008	1
2026-02-11	16:36:44.070	3.325	0.84	71.26	0.20984	-0.141764	1.028216	-0.2865	-1.161	-2.7795	0	157	1008	1
2026-02-11	16:36:44.090	9.975	-0.56	68.495	0.170556	-0.159576	0.941108	-0.2865	-1.161	-2.7795	0	157	1008	1
2026-02-11	16:36:44.110	24.045	2.03	62.37	0.143716	-0.171044	0.929884	-0.2865	-1.161	-2.7795	0	157	1008	1
2026-02-11	16:36:44.130	30.45	5.88	59.465	0.145424	-0.171776	0.96136	-0.2865	-1.1685	-2.778	0	157	1008	1
2026-02-11	16:36:44.150	32.13	8.645	58.205	0.148108	-0.157624	0.996252	-0.288	-1.182	-2.781	0	157	1008	1
2026-02-11	16:36:44.170	30.03	10.465	57.645	0.131272	-0.127612	1.013088	-0.291	-1.1895	-2.784	0	157	1008	1
2026-02-11	16:36:44.190	25.55	12.145	56.455	0.10248	-0.10736	1.02968	-0.2895	-1.194	-2.787	0	157	1008	1
2026-02-11	16:36:44.210	19.25	13.405	55.195	0.0976	-0.101748	1.036024	-0.2835	-1.2	-2.787	0	156	1018	1
2026-02-11	16:36:44.230	12.39	13.475	54.495	0.088816	-0.095648	1.00528	-0.2805	-1.206	-2.7855	0	156	1018	1
2026-02-11	16:36:44.250	7.105	13.265	53.62	0.077836	-0.070516	0.946476	-0.279	-1.2165	-2.7855	0	156	1018	1
2026-02-11	16:36:44.270	4.76	13.125	52.15	0.078568	-0.044408	0.906216	-0.276	-1.2195	-2.784	0	156	1018	1
2026-02-11	16:36:44.290	4.025	12.705	50.96	0.083448	-0.03416	0.890112	-0.2745	-1.221	-2.784	0	156	1018	1
2026-02-11	16:36:44.310	3.605	12.285	50.365	0.069784	-0.030988	0.882792	-0.273	-1.2285	-2.787	0	156	1018	1
2026-02-11	16:36:44.330	3.045	12.81	49.77	0.062708	-0.015372	0.859856	-0.2685	-1.23	-2.79	0	156	1018	1
2026-02-11	16:36:44.350	2.905	13.09	48.475	0.055876	0.013176	0.833016	-0.2655	-1.2315	-2.787	0	156	1018	1
2026-02-11	16:36:44.370	3.57	11.585	45.815	0.057096	0.033916	0.82228	-0.264	-1.2315	-2.787	0	156	1018	1
2026-02-11	16:36:44.390	3.92	10.22	42.595	0.05124	0.03782	0.826184	-0.2625	-1.23	-2.787	0	156	1018	1
2026-02-11	16:36:44.410	3.29	10.115	40.25	0.035136	0.044408	0.827648	-0.258	-1.23	-2.796	0	155	1018	1
2026-02-11	16:36:44.430	2.415	9.695	38.325	0.034892	0.054412	0.830332	-0.2625	-1.2435	-2.7795	0	155	1018	1
2026-02-11	16:36:44.450	1.05	8.295	36.75	0.020008	0.063928	0.840824	-0.255	-1.2465	-2.7855	0	155	1018	1
2026-02-11	16:36:44.470	-0.98	6.86	35.56	-0.00122	0.062464	0.859368	-0.261	-1.2435	-2.784	0	155	1018	1
2026-02-11	16:36:44.490	-3.5	5.635	34.3	-0.0061	0.053924	0.896212	-0.261	-1.251	-2.778	0	155	1018	1
2026-02-11	16:36:44.510	-6.09	4.9	32.935	0.002684	0.05246	0.917196	-0.249	-1.2525	-2.787	0	155	1018	1
2026-02-11	16:36:44.530	-7.63	4.515	31.185	-0.004636	0.068808	0.912072	-0.2535	-1.251	-2.784	0	155	1018	1
2026-02-11	16:36:44.550	-7.77	4.165	28.98	-0.026596	0.069784	0.92354	-0.258	-1.2525	-2.79	0	155	1018	1
2026-02-11	16:36:44.570	-7.245	3.64	26.32	-0.02562	0.060024	0.940132	-0.249	-1.2495	-2.7825	0	155	1018	1
2026-02-11	16:36:44.590	-6.58	3.535	23.73	-0.008296	0.047336	0.943548	-0.2475	-1.251	-2.784	0	155	1018	1
2026-02-11	16:36:44.610	-4.655	4.725	20.93	-0.01342	0.049044	0.933544	-0.246	-1.254	-2.79	0	154	1001	1
2026-02-11	16:36:44.630	-0.98	7.105	17.325	-0.019032	0.071492	0.925004	-0.249	-1.2555	-2.79	0	154	1001	1
2026-02-11	16:36:44.650	5.005	9.94	12.005	-0.018056	0.08052	0.953796	-0.252	-1.254	-2.784	0	154	1001	1
2026-02-11	16:36:44.670	6.65	11.13	10.64	-0.023668	0.09076799	0.992592	-0.252	-1.254	-2.784	0	154	1001	1
2026-02-11	16:36:44.690	6.3	12.53	10.815	-0.031964	0.116144	1.026996	-0.252	-1.254	-2.79	0	154	1001	1
2026-02-11	16:36:44.710	5.705	14.21	11.445	-0.057584	0.136884	1.048468	-0.2445	-1.2585	-2.781	0	154	1001	1
2026-02-11	16:36:44.730	5.285	15.155	11.585	-0.089304	0.137372	1.093852	-0.2415	-1.257	-2.784	0	154	1001	1
2026-02-11	16:36:44.750	3.36	14.105	10.99	-0.09272	0.122976	1.166808	-0.2445	-1.257	-2.787	0	154	1001	1
2026-02-11	16:36:44.770	0.21	11.9	9.8	-0.095648	0.11712	1.234396	-0.237	-1.266	-2.7825	0	154	1001	1
2026-02-11	16:36:44.790	-2.415	10.045	7.315	-0.08906	0.093208	1.272216	-0.2355	-1.2585	-2.7885	0	154	1001	1
2026-02-11	16:36:44.810	-3.885	6.265	3.92	-0.042212	0.03904	1.285636	-0.2415	-1.2675	-2.787	0	153	994	1
2026-02-11	16:36:44.830	-5.425	-0.595	1.61	-0.006344	-0.013908	1.305644	-0.237	-1.2645	-2.7825	0	153	994	1
2026-02-11	16:36:44.850	-7.42	-8.855	1.155	0.029524	-0.06344	1.344196	-0.2295	-1.2615	-2.7765	0	153	994	1
2026-02-11	16:36:44.870	-9.695	-15.925	1.365	0.0732	-0.094184	1.326384	-0.231	-1.26	-2.775	0	153	994	1
2026-02-11	16:36:44.890	-9.065	-19.145	0.035	0.091012	-0.102968	1.233664	-0.2385	-1.26	-2.7915	0	153	994	1
2026-02-11	16:36:44.910	0.42	-14.98	-6.265	0.0488	-0.08906	1.075796	-0.2475	-1.26	-2.778	0	153	994	1
2026-02-11	16:36:44.930	14.56	-8.26	-15.785	0.027328	-0.07905599	1.000156	-0.2475	-1.26	-2.778	0	153	994	1
2026-02-11	16:36:44.950	22.82	-3.5	-22.47	0.088084	-0.070272	1.024068	-0.2475	-1.2585	-2.781	0	153	994	1
2026-02-11	16:36:44.970	26.04	0.385	-26.46	0.176168	-0.059048	1.045784	-0.249	-1.2615	-2.7825	0	153	994	1
2026-02-11	16:36:44.990	25.41	4.13	-27.86	0.228872	-0.052216	1.069208	-0.2445	-1.2675	-2.7855	0	153	994	1
2026-02-11	16:36:45.010	20.895	8.96	-27.265	0.202276	-0.048556	1.075796	-0.24	-1.266	-2.784	0	155	1017	1
2026-02-11	16:36:45.030	13.825	13.09	-25.55	0.163236	-0.032696	1.031388	-0.2415	-1.2675	-2.778	0	155	1017	1
2026-02-11	16:36:45.050	7.315	14.49	-24.5	0.130052	-0.026596	0.97112	-0.243	-1.2735	-2.7765	0	155	1017	1
2026-02-11	16:36:45.070	2.66	13.125	-24.78	0.110776	-0.02074	0.931104	-0.237	-1.2705	-2.778	0	155	1017	1
2026-02-11	16:36:45.090	-0.525	10.535	-25.55	0.106628	-0.021716	0.914024	-0.2355	-1.266	-2.7825	0	155	1017	1
2026-02-11	16:36:45.110	-2.73	8.645	-26.25	0.077836	-0.023424	0.894504	-0.2385	-1.266	-2.7855	0	155	1017	1
2026-02-11	16:36:45.130	-4.095	6.44	-26.81	0.030744	-0.020008	0.875472	-0.231	-1.275	-2.784	0	155	1017	1
2026-02-11	16:36:45.150	-4.655	3.115	-27.475	0.004148	-0.0305	0.846436	-0.234	-1.269	-2.781	0	155	1017	1
2026-02-11	16:36:45.170	-4.655	-0.28	-28.455	0.009028	-0.009272	0.81862	-0.228	-1.269	-2.7825	0	155	1017	1
2026-02-11	16:36:45.190	-4.025	-3.465	-30.765	-0.003904	0.004392	0.797148	-0.237	-1.2675	-2.7855	0	155	1017	1
2026-02-11	16:36:45.210	-4.165	-5.845	-31.815	-0.018788	0.013908	0.785924	-0.237	-1.2645	-2.7885	0	157	1032	1
2026-02-11	16:36:45.230	-4.9	-8.12	-32.305	-0.00732	0.023912	0.793244	-0.2385	-1.26	-2.79	0	157	1032	1
2026-02-11	16:36:45.250	-6.545	-9.765	-32.2	0.012444	0.029036	0.80398	-0.2385	-1.26	-2.7885	0	157	1032	1
2026-02-11	16:36:45.270	-8.96	-11.375	-31.465	0.024156	0.031476	0.804468	-0.2385	-1.2585	-2.7855	0	157	1032	1
2026-02-11	16:36:45.290	-11.515	-12.915	-30.59	0.014396	0.0366	0.823988	-0.2385	-1.257	-2.7825	0	157	1032	1
2026-02-11	16:36:45.310	-13.72	-13.335	-29.82	0.021472	0.034404	0.845948	-0.2415	-1.251	-2.787	0	157	1032	1
2026-02-11	16:36:45.330	-15.54	-13.79	-28.49	0.0488	0.03172	0.877912	-0.2445	-1.242	-2.79	0	157	1032	1
2026-02-11	16:36:45.350	-17.045	-14.315	-26.32	0.071736	0.0366	0.910608	-0.243	-1.242	-2.787	0	157	1032	1
2026-02-11	16:36:45.370	-18.095	-14.035	-24.15	0.086376	0.038308	0.9394	-0.243	-1.2405	-2.784	0	157	1032	1
2026-02-11	16:36:45.390	-18.165	-12.565	-22.26	0.074664	0.029768	0.967948	-0.249	-1.233	-2.784	0	157	1032	1
2026-02-11	16:36:45.410	-17.675	-11.305	-20.44	0.078812	0.02806	1.009184	-0.255	-1.227	-2.787	0	160	1019	1
2026-02-11	16:36:45.430	-17.29	-11.06	-18.06	0.081984	0.029524	1.02358	-0.2505	-1.2255	-2.787	0	160	1019	1
2026-02-11	16:36:45.450	-15.575	-10.57	-14.42	0.100772	0.027084	1.07726	-0.2505	-1.224	-2.784	0	160	1019	1
2026-02-11	16:36:45.470	-13.195	-7.875	-10.5	0.107116	0.021472	1.133868	-0.2565	-1.224	-2.784	0	160	1019	1
2026-02-11	16:36:45.490	-11.83	-4.865	-7.28	0.112728	0.018544	1.191208	-0.255	-1.215	-2.796	0	160	1019	1
2026-02-11	16:36:45.510	-11.41	-2.555	-4.13	0.159332	-0.001464	1.258796	-0.2565	-1.2105	-2.7975	0	160	1019	1
2026-02-11	16:36:45.530	-11.655	-0.07	-1.12	0.179828	-0.019276	1.2871	-0.249	-1.206	-2.79	0	160	1019	1
2026-02-11	16:36:45.550	-10.71	3.08	1.33	0.163236	-0.053924	1.269288	-0.2535	-1.203	-2.787	0	160	1019	1
2026-02-11	16:36:45.570	-7.98	5.635	2.45	0.1403	-0.091988	1.2444	-0.2445	-1.206	-2.784	0	160	1019	1
2026-02-11	16:36:45.590	-4.76	6.37	2.66	0.122732	-0.10248	1.23464	-0.249	-1.2075	-2.7915	0	160	1019	1
2026-02-11	16:36:45.610	-3.01	5.32	3.465	0.139812	-0.115656	1.258796	-0.2625	-1.209	-2.787	0	161	1017	1
2026-02-11	16:36:45.630	-4.445	3.08	5.775	0.158844	-0.12932	1.297104	-0.258	-1.206	-2.787	0	161	1017	1
2026-02-11	16:36:45.650	-8.19	1.295	8.855	0.166652	-0.153232	1.306132	-0.2505	-1.2015	-2.784	0	161	1017	1
2026-02-11	16:36:45.670	-12.005	0.98	11.235	0.142252	-0.159576	1.264896	-0.2475	-1.1985	-2.787	0	161	1017	1
2026-02-11	16:36:45.690	-13.72	1.75	11.445	0.113704	-0.159576	1.152656	-0.2445	-1.2	-2.787	0	161	1017	1
2026-02-11	16:36:45.710	-11.97	2.94	9.59	0.070272	-0.16958	1.023092	-0.2445	-1.2015	-2.7825	0	161	1017	1
2026-02-11	16:36:45.730	-3.605	3.43	4.13	0.045628	-0.186416	0.914512	-0.2475	-1.203	-2.784	0	161	1017	1
2026-02-11	16:36:45.750	1.82	3.22	0.175	0.068076	-0.205936	0.94672	-0.2475	-1.203	-2.784	0	161	1017	1
2026-02-11	16:36:45.770	4.06	3.85	-1.61	0.101504	-0.211304	0.994544	-0.2415	-1.191	-2.781	0	161	1017	1
2026-02-11	16:36:45.790	3.535	7.175	-1.12	0.105408	-0.200568	0.999668	-0.252	-1.2045	-2.7975	0	161	1017	1
2026-02-11	16:36:45.810	1.68	11.515	0.14	0.072956	-0.190076	0.988932	-0.24	-1.197	-2.7855	0	163	1039	1
2026-02-11	16:36:45.830	-1.085	14.28	1.085	0.02928	-0.180804	0.99064	-0.2415	-1.197	-2.793	0	163	1039	1
2026-02-11	16:36:45.850	-5.25	15.015	1.47	0.001708	-0.174948	0.972584	-0.2475	-1.209	-2.787	0	163	1039	1
2026-02-11	16:36:45.870	-8.645	15.05	0.91	-0.012932	-0.1647	0.933544	-0.2385	-1.2015	-2.79	0	163	1039	1
2026-02-11	16:36:45.890	-9.87	14.805	-0.875	-0.03416	-0.146644	0.884256	-0.2445	-1.2	-2.7915	0	163	1039	1
2026-02-11	16:36:45.910	-9.8	13.44	-3.29	-0.050752	-0.133712	0.854732	-0.234	-1.2015	-2.7915	0	163	1039	1
2026-02-11	16:36:45.930	-9.275	11.795	-5.39	-0.044896	-0.123952	0.845216	-0.231	-1.194	-2.7825	0	163	1039	1
2026-02-11	16:36:45.950	-8.61	11.41	-6.79	-0.03538	-0.108824	0.8235	-0.2295	-1.2	-2.7915	0	163	1039	1
2026-02-11	16:36:45.970	-7.63	11.69	-7.49	-0.036356	-0.092476	0.796172	-0.2325	-1.1955	-2.793	0	163	1039	1
2026-02-11	16:36:45.990	-6.72	10.85	-7.49	-0.035624	-0.073444	0.757132	-0.225	-1.1955	-2.7855	0	163	1039	1
2026-02-11	16:36:46.010	-5.845	8.33	-7.49	-0.034648	-0.066856	0.745176	-0.225	-1.191	-2.784	0	166	1045	1
2026-02-11	16:36:46.030	-4.97	6.615	-8.015	-0.034404	-0.063928	0.758596	-0.2265	-1.191	-2.7855	0	166	1045	1
2026-02-11	16:36:46.050	-4.48	6.09	-8.505	-0.019032	-0.068564	0.777872	-0.2235	-1.1925	-2.7915	0	166	1045	1
2026-02-11	16:36:46.070	-5.145	5.495	-8.26	-0.02562	-0.06344	0.800808	-0.225	-1.1895	-2.7885	0	166	1045	1
2026-02-11	16:36:46.090	-6.475	3.885	-7.7	-0.05124	-0.047824	0.844484	-0.2205	-1.185	-2.784	0	166	1045	1
2026-02-11	16:36:46.110	-7.07	2.24	-8.12	-0.07686	-0.026352	0.891088	-0.216	-1.182	-2.784	0	166	1045	1
2026-02-11	16:36:46.130	-6.3	2.135	-10.395	-0.095648	-0.006588	0.92964	-0.219	-1.182	-2.781	0	166	1045	1
2026-02-11	16:36:46.150	-4.76	1.26	-14.105	-0.113216	-0.004148	0.961848	-0.216	-1.185	-2.7825	0	166	1045	1
2026-02-11	16:36:46.170	-3.08	-2.24	-18.48	-0.112728	-0.010492	1.017236	-0.219	-1.1745	-2.7825	0	166	1045	1
2026-02-11	16:36:46.190	-1.015	-5.39	-23.835	-0.091256	-0.005856	1.080676	-0.219	-1.1715	-2.778	0	166	1045	1
2026-02-11	16:36:46.210	0.98	-5.355	-29.505	-0.064904	-0.009272	1.146068	-0.2145	-1.1835	-2.7855	0	168	1024	1
2026-02-11	16:36:46.230	1.12	-4.235	-33.67	-0.065392	-0.028304	1.159	-0.225	-1.173	-2.7735	0	168	1024	1
2026-02-11	16:36:46.250	0.735	-3.815	-36.89	-0.111508	-0.041968	1.133624	-0.2205	-1.17	-2.7735	0	168	1024	1
2026-02-11	16:36:46.270	2.695	-3.255	-41.895	-0.111996	-0.078812	1.13582	-0.228	-1.1745	-2.784	0	168	1024	1
2026-02-11	16:36:46.290	4.9	-0.875	-44.345	-0.058804	-0.09467199	1.155828	-0.225	-1.1745	-2.781	0	168	1024	1
2026-02-11	16:36:46.310	7.525	2.87	-45.5	-0.000732	-0.108092	1.16754	-0.2235	-1.176	-2.778	0	168	1024	1
2026-02-11	16:36:46.330	10.43	6.23	-45.745	0.0427	-0.124684	1.163392	-0.231	-1.17	-2.7765	0	168	1024	1
2026-02-11	16:36:46.350	13.44	7.7	-46.235	0.064172	-0.134444	1.120204	-0.231	-1.164	-2.778	0	168	1024	1
2026-02-11	16:36:46.370	16.975	6.65	-47.425	0.071736	-0.150792	1.087264	-0.225	-1.1655	-2.778	0	168	1024	1
2026-02-11	16:36:46.390	19.81	3.29	-48.405	0.088084	-0.158844	1.061644	-0.225	-1.164	-2.778	0	168	1024	1
2026-02-11	16:36:46.410	21.35	-0.315	-48.37	0.129808	-0.15616	1.043344	-0.231	-1.164	-2.7825	0	171	1017	1
2026-02-11	16:36:46.430	22.61	-2.065	-48.125	0.183244	-0.143716	1.006012	-0.2325	-1.1655	-2.7855	0	171	1017	1
2026-02-11	16:36:46.450	24.955	-2.415	-48.58	0.20374	-0.138836	0.96624	-0.2265	-1.164	-2.7795	0	171	1017	1
2026-02-11	16:36:46.470	28.175	-3.605	-49.84	0.205692	-0.135664	0.933788	-0.2295	-1.1655	-2.784	0	171	1017	1
2026-02-11	16:36:46.490	30.345	-6.3	-50.96	0.216428	-0.135176	0.953064	-0.231	-1.167	-2.79	0	171	1017	1
2026-02-11	16:36:46.510	29.785	-8.435	-50.645	0.251564	-0.13908	0.981856	-0.234	-1.1715	-2.79	0	171	1017	1
2026-02-11	16:36:46.530	26.005	-10.815	-48.37	0.23668	-0.103944	0.971608	-0.2385	-1.1775	-2.7915	0	171	1017	1
2026-02-11	16:36:46.550	21.14	-13.615	-46.095	0.227408	-0.0854	0.972584	-0.237	-1.179	-2.79	0	171	1017	1
2026-02-11	16:36:46.570	15.05	-15.225	-43.785	0.211304	-0.07686	1.003572	-0.2415	-1.179	-2.7885	0	171	1017	1
2026-02-11	16:36:46.590	8.085	-14.665	-41.195	0.17934	-0.06588	1.003572	-0.2445	-1.182	-2.7885	0	171	1017	1
2026-02-11	16:36:46.610	1.365	-13.195	-39.48	0.10736	-0.068808	1.004304	-0.2475	-1.179	-2.7855	0	172	1021	1
2026-02-11	16:36:46.630	-6.265	-12.67	-39.235	0.062952	-0.080764	1.000156	-0.2535	-1.182	-2.7885	0	172	1021	1
2026-02-11	16:36:46.650	-14.875	-11.9	-40.075	0.044408	-0.09028	0.997716	-0.258	-1.1835	-2.79	0	172	1021	1
2026-02-11	16:36:46.670	-21.735	-8.645	-41.3	0.053924	-0.072224	0.982588	-0.2565	-1.1745	-2.7915	0	172	1021	1
2026-02-11	16:36:46.690	-25.27	-2.94	-42.14	0.059292	-0.059048	0.946476	-0.2565	-1.17	-2.7885	0	172	1021	1
2026-02-11	16:36:46.710	-28.245	1.89	-41.02	0.089304	-0.0671	0.912316	-0.258	-1.1655	-2.7885	0	172	1021	1
2026-02-11	16:36:46.730	-31.08	4.27	-37.45	0.125904	-0.0671	0.90036	-0.2625	-1.155	-2.793	0	172	1021	1
2026-02-11	16:36:46.750	-31.99	5.635	-32.445	0.155428	-0.082228	0.916952	-0.267	-1.149	-2.79	0	172	1021	1
2026-02-11	16:36:46.770	-30.24	6.79	-26.915	0.149084	-0.082228	0.892796	-0.267	-1.14	-2.7795	0	172	1021	1
2026-02-11	16:36:46.790	-25.725	6.965	-22.12	0.11224	-0.084424	0.868152	-0.2625	-1.134	-2.772	0	172	1021	1
2026-02-11	16:36:46.810	-17.605	3.815	-17.99	0.082716	-0.101016	0.880108	-0.2595	-1.137	-2.7705	0	171	1020	1
2026-02-11	16:36:46.830	-13.195	1.26	-16.45	0.075396	-0.105164	0.9089	-0.2595	-1.137	-2.7705	0	171	1020	1
2026-02-11	16:36:46.850	-9.345	-0.98	-14.945	0.083204	-0.094428	0.932812	-0.255	-1.1295	-2.781	0	171	1020	1
2026-02-11	16:36:46.870	-6.3	-3.64	-12.355	0.093696	-0.081252	0.920368	-0.264	-1.122	-2.775	0	171	1020	1
2026-02-11	16:36:46.890	-3.745	-7.28	-9.17	0.066856	-0.057584	0.88816	-0.2625	-1.1325	-2.775	0	171	1020	1
2026-02-11	16:36:46.910	-0.35	-10.675	-6.65	0.066856	-0.058072	0.915244	-0.2595	-1.1235	-2.769	0	171	1020	1
2026-02-11	16:36:46.930	2.905	-11.55	-4.48	0.07515199	-0.063928	0.945256	-0.2685	-1.1205	-2.7795	0	171	1020	1
2026-02-11	16:36:46.950	5.32	-10.745	-2.17	0.067832	-0.052948	0.931836	-0.2715	-1.125	-2.769	0	171	1020	1
2026-02-11	16:36:46.970	7.595	-11.2	0.035	0.05978	-0.037332	0.910364	-0.2715	-1.1265	-2.7795	0	171	1020	1
2026-02-11	16:36:46.990	10.57	-12.88	1.54	0.072712	-0.033184	0.949404	-0.2685	-1.122	-2.7795	0	171	1020	1
2026-02-11	16:36:47.010	12.985	-12.74	2.905	0.094916	-0.032696	1.023092	-0.2655	-1.125	-2.784	0	167	1009	1
2026-02-11	16:36:47.030	13.265	-9.87	5.67	0.110776	-0.028548	1.06018	-0.2745	-1.1325	-2.7855	0	167	1009	1
2026-02-11	16:36:47.050	11.41	-6.895	10.08	0.12078	-0.028304	1.067744	-0.276	-1.131	-2.781	0	167	1009	1
2026-02-11	16:36:47.070	9.205	-5.04	14.84	0.07808	-0.015616	1.03822	-0.276	-1.131	-2.781	0	167	1009	1
2026-02-11	16:36:47.090	9.8	-3.185	16.38	0.028304	-0.022692	1.046516	-0.276	-1.131	-2.781	0	167	1009	1
2026-02-11	16:36:47.110	10.78	-1.925	15.82	0.036356	-0.0366	1.096536	-0.273	-1.1355	-2.784	0	167	1009	1
2026-02-11	16:36:47.130	10.43	-1.085	15.54	0.032452	-0.030256	1.128256	-0.2715	-1.1415	-2.7885	0	167	1009	1
2026-02-11	16:36:47.150	9.8	0.945	15.505	0.029036	-0.012444	1.157048	-0.2685	-1.1475	-2.787	0	167	1009	1
2026-02-11	16:36:47.170	9.275	4.655	15.575	0.051484	-0.00732	1.196332	-0.27	-1.1415	-2.7855	0	167	1009	1
2026-02-11	16:36:47.190	7.525	7.525	16.52	0.089792	-0.0122	1.24562	-0.27	-1.1535	-2.787	0	167	1009	1
2026-02-11	16:36:47.210	4.13	9.135	18.27	0.1098	-0.020496	1.253428	-0.2775	-1.1445	-2.79	0	161	1010	1
2026-02-11	16:36:47.230	0.665	9.975	20.23	0.120048	-0.03294	1.242448	-0.2715	-1.149	-2.796	0	161	1010	1
2026-02-11	16:36:47.250	-2.73	9.52	22.855	0.132492	-0.060512	1.227808	-0.2715	-1.155	-2.7915	0	161	1010	1
2026-02-11	16:36:47.270	-5.88	6.685	26.075	0.136396	-0.080032	1.19316	-0.2595	-1.1445	-2.7885	0	161	1010	1
2026-02-11	16:36:47.290	-7.84	2.345	28.245	0.145668	-0.099308	1.191208	-0.264	-1.152	-2.784	0	161	1010	1
2026-02-11	16:36:47.310	-8.54	-1.435	28.77	0.173484	-0.110044	1.184376	-0.258	-1.1505	-2.781	0	161	1010	1
2026-02-11	16:36:47.330	-7.735	-3.815	28.105	0.17202	-0.119072	1.13826	-0.264	-1.146	-2.793	0	161	1010	1
2026-02-11	16:36:47.350	-0.98	-5.81	25.515	0.13542	-0.112728	0.99552	-0.2535	-1.155	-2.7885	0	161	1010	1
2026-02-11	16:36:47.370	6.58	-7.175	22.785	0.10248	-0.101016	0.935496	-0.2535	-1.1505	-2.787	0	161	1010	1
2026-02-11	16:36:47.390	12.88	-9.03	20.16	0.092476	-0.104188	0.93818	-0.2535	-1.1505	-2.7855	0	161	1010	1
2026-02-11	16:36:47.410	15.225	-10.57	18.375	0.111508	-0.109068	0.972828	-0.2565	-1.1565	-2.7885	0	155	1032	1
2026-02-11	16:36:47.430	14.14	-11.235	17.325	0.144936	-0.115168	1.006744	-0.264	-1.161	-2.796	0	155	1032	1
2026-02-11	16:36:47.450	10.57	-11.2	16.625	0.180804	-0.125172	1.034804	-0.2655	-1.1655	-2.799	0	155	1032	1
2026-02-11	16:36:47.470	5.53	-10.71	16.38	0.183	-0.12932	1.023824	-0.2625	-1.17	-2.796	0	155	1032	1
2026-02-11	16:36:47.490	0.945	-10.36	16.31	0.159088	-0.133956	1.001376	-0.2655	-1.17	-2.79	0	155	1032	1
2026-02-11	16:36:47.510	-2.45	-11.27	15.365	0.134932	-0.13786	0.972096	-0.2655	-1.1655	-2.7915	0	155	1032	1
2026-02-11	16:36:47.530	-4.655	-14.315	13.895	0.119072	-0.140056	0.933056	-0.264	-1.167	-2.7915	0	155	1032	1
2026-02-11	16:36:47.550	-4.55	-17.36	12.145	0.116144	-0.129564	0.910852	-0.2625	-1.167	-2.7915	0	155	1032	1
2026-02-11	16:36:47.570	-2.345	-17.36	10.78	0.104676	-0.121024	0.90524	-0.264	-1.17	-2.796	0	155	1032	1
2026-02-11	16:36:47.590	0.245	-14.63	10.22	0.071004	-0.10126	0.879864	-0.2715	-1.176	-2.7975	0	155	1032	1
2026-02-11	16:36:47.610	2.625	-10.92	10.08	0.027572	-0.08052	0.863272	-0.2745	-1.1745	-2.7975	0	149	1045	1
2026-02-11	16:36:47.630	3.64	-7.63	9.66	0.022936	-0.050996	0.85522	-0.273	-1.173	-2.796	0	149	1045	1
2026-02-11	16:36:47.650	3.535	-3.955	9.59	0.043676	-0.043432	0.851316	-0.2775	-1.1685	-2.7885	0	149	1045	1
2026-02-11	16:36:47.670	3.01	0.175	10.01	0.064172	-0.040016	0.854976	-0.279	-1.173	-2.7915	0	149	1045	1
2026-02-11	16:36:47.690	2.24	4.305	10.535	0.056852	-0.04636	0.849364	-0.2805	-1.1775	-2.7915	0	149	1045	1
2026-02-11	16:36:47.710	0.63	7.77	11.48	0.035868	-0.056608	0.840092	-0.279	-1.1745	-2.7915	0	149	1045	1
2026-02-11	16:36:47.730	-1.085	9.485	12.53	0.036356	-0.059536	0.829844	-0.276	-1.1715	-2.796	0	149	1045	1
2026-02-11	16:36:47.750	-2.31	10.325	13.335	0.066368	-0.062952	0.85766	-0.273	-1.173	-2.7915	0	149	1045	1
2026-02-11	16:36:47.770	-3.395	11.76	14.28	0.087108	-0.064904	0.891332	-0.267	-1.176	-2.79	0	149	1045	1
2026-02-11	16:36:47.790	-4.9	13.09	15.715	0.070028	-0.064416	0.918904	-0.27	-1.1775	-2.7945	0	149	1045	1
2026-02-11	16:36:47.810	-7.105	12.915	17.01	0.04026	-0.06588	0.935252	-0.2685	-1.179	-2.7915	0	145	1032	1
2026-02-11	16:36:47.830	-9.73	11.305	18.025	0.02806	-0.068808	0.952576	-0.264	-1.179	-2.79	0	145	1032	1
2026-02-11	16:36:47.850	-11.48	9.31	18.375	0.025132	-0.06222	0.964776	-0.2655	-1.1775	-2.79	0	145	1032	1
2026-02-11	16:36:47.870	-10.71	7.945	17.675	0.0122	-0.049044	0.944036	-0.261	-1.1745	-2.79	0	145	1032	1
2026-02-11	16:36:47.890	-5.25	6.195	15.47	-0.02318	-0.056852	0.930128	-0.258	-1.173	-2.7915	0	145	1032	1
2026-02-11	16:36:47.910	-2.065	4.585	14.35	-0.023668	-0.06734399	0.948916	-0.258	-1.173	-2.7915	0	145	1032	1
2026-02-11	16:36:47.930	-0.175	3.71	13.65	-0.0122	-0.06466	0.97112	-0.252	-1.1745	-2.7885	0	145	1032	1
2026-02-11	16:36:47.950	1.155	4.585	13.615	-0.00488	-0.056852	0.97356	-0.249	-1.179	-2.7915	0	145	1032	1
2026-02-11	16:36:47.970	2.695	5.845	14.21	-0.016104	-0.041724	0.951844	-0.246	-1.185	-2.7915	0	145	1032	1
2026-02-11	16:36:47.990	4.83	5.74	14.595	-0.008296	-0.0244	0.952576	-0.2415	-1.176	-2.7855	0	145	1032	1
2026-02-11	16:36:48.010	7.14	5.075	15.05	0.00854	-0.013908	0.979416	-0.2415	-1.1805	-2.7885	0	140	1010	1
2026-02-11	16:36:48.030	9.17	5.46	15.925	0.029768	-0.011468	0.98942	-0.2445	-1.191	-2.7855	0	140	1010	1
2026-02-11	16:36:48.050	10.71	5.635	17.64	0.044164	-0.006344	0.997716	-0.2445	-1.1865	-2.7975	0	140	1010	1
2026-02-11	16:36:48.070	11.34	3.745	19.74	0.047336	-0.017324	1.021384	-0.243	-1.191	-2.799	0	140	1010	1
2026-02-11	16:36:48.090	10.815	1.085	21.315	0.04148	-0.02928	1.05408	-0.2415	-1.188	-2.7885	0	140	1010	1
2026-02-11	16:36:48.110	9.87	0.28	22.295	0.036356	-0.026352	1.067744	-0.249	-1.1985	-2.7975	0	140	1010	1
2026-02-11	16:36:48.130	9.065	0	23.1	0.068808	-0.025376	1.091168	-0.243	-1.2	-2.796	0	140	1010	1
2026-02-11	16:36:48.150	7.945	-1.365	24.29	0.110044	-0.024156	1.09922	-0.243	-1.2015	-2.7945	0	140	1010	1
2026-02-11	16:36:48.170	7.665	-5.81	25.13	0.133712	-0.024156	1.069696	-0.243	-1.2045	-2.793	0	140	1010	1
2026-02-11	16:36:48.190	7.665	-9.555	25.13	0.142008	-0.029768	1.070184	-0.243	-1.209	-2.793	0	140	1010	1
2026-02-11	16:36:48.210	7	-13.37	25.27	0.131028	-0.019032	1.051884	-0.2385	-1.203	-2.7975	0	135	1001	1
2026-02-11	16:36:48.230	7.7	-17.255	23.905	0.10004	-0.020008	1.012844	-0.24	-1.215	-2.799	0	135	1001	1
2026-02-11	16:36:48.250	11.305	-20.265	19.985	0.110044	-0.022204	1.002108	-0.243	-1.215	-2.7945	0	135	1001	1
2026-02-11	16:36:48.270	16.415	-19.915	14.735	0.111996	-0.02928	1.00894	-0.2445	-1.218	-2.799	0	135	1001	1
2026-02-11	16:36:48.290	20.93	-17.115	9.905	0.117364	-0.026596	1.014552	-0.252	-1.227	-2.802	0	135	1001	1
2026-02-11	16:36:48.310	23.695	-14	6.79	0.134688	-0.025132	1.015772	-0.258	-1.2225	-2.799	0	135	1001	1
2026-02-11	16:36:48.330	24.64	-11.06	4.27	0.13664	-0.027328	1.01016	-0.252	-1.236	-2.796	0	135	1001	1
2026-02-11	16:36:48.350	23.87	-8.295	2.065	0.173728	-0.032696	1.034316	-0.252	-1.2405	-2.8005	0	135	1001	1
2026-02-11	16:36:48.370	20.545	-5.04	0.525	0.218624	-0.050752	1.066036	-0.2535	-1.239	-2.799	0	135	1001	1
2026-02-11	16:36:48.390	15.435	-1.155	0.315	0.23912	-0.065636	1.065548	-0.264	-1.2405	-2.8065	0	135	1001	1
2026-02-11	16:36:48.410	10.78	2.8	0.42	0.228872	-0.073444	1.044808	-0.2625	-1.245	-2.808	0	130	1007	1
2026-02-11	16:36:48.430	6.23	6.475	0.42	0.2074	-0.085644	1.021628	-0.261	-1.2435	-2.8095	0	130	1007	1
2026-02-11	16:36:48.450	2.31	8.75	1.155	0.187148	-0.077104	0.991616	-0.2565	-1.2435	-2.808	0	130	1007	1
2026-02-11	16:36:48.470	0.175	9.87	2.8	0.176168	-0.065636	0.97722	-0.2505	-1.2495	-2.799	0	130	1007	1
2026-02-11	16:36:48.490	-1.33	9.695	4.2	0.164212	-0.059536	0.973804	-0.2475	-1.254	-2.796	0	130	1007	1
2026-02-11	16:36:48.510	-2.555	9.065	5.88	0.15128	-0.049044	0.979416	-0.2445	-1.2495	-2.805	0	130	1007	1
2026-02-11	16:36:48.530	-3.36	8.365	7.385	0.149328	-0.0366	0.985516	-0.246	-1.245	-2.8035	0	130	1007	1
2026-02-11	16:36:48.550	-4.27	7.595	8.82	0.141032	-0.033428	0.98454	-0.246	-1.251	-2.7945	0	130	1007	1
2026-02-11	16:36:48.570	-5.46	6.195	10.395	0.134444	-0.033916	0.970876	-0.243	-1.2585	-2.7945	0	130	1007	1
2026-02-11	16:36:48.590	-6.265	4.515	12.11	0.146644	-0.042456	0.953796	-0.243	-1.2585	-2.799	0	130	1007	1
2026-02-11	16:36:48.610	-6.16	3.01	14.21	0.146888	-0.04392	0.930372	-0.2385	-1.2555	-2.8035	0	124	1015	1
2026-02-11	16:36:48.630	-4.9	1.82	16.975	0.145424	-0.040992	0.924516	-0.234	-1.251	-2.802	0	124	1015	1
2026-02-11	16:36:48.650	-3.15	1.365	20.475	0.139324	-0.027328	0.933544	-0.2325	-1.248	-2.799	0	124	1015	1
2026-02-11	16:36:48.670	-1.645	1.925	24.325	0.136152	-0.020008	0.9699	-0.2415	-1.2555	-2.796	0	124	1015	1
2026-02-11	16:36:48.690	-0.735	3.815	27.79	0.142008	-0.013664	0.999668	-0.2385	-1.2525	-2.8005	0	124	1015	1
2026-02-11	16:36:48.710	-0.595	6.755	32.725	0.152012	-0.01952	1.025044	-0.2385	-1.2525	-2.8005	0	124	1015	1
2026-02-11	16:36:48.730	-1.26	7.56	36.435	0.148352	-0.022448	1.029436	-0.237	-1.2555	-2.7945	0	124	1015	1
2026-02-11	16:36:48.750	-1.645	8.155	40.215	0.139568	-0.03538	1.04188	-0.2355	-1.26	-2.796	0	124	1015	1
2026-02-11	16:36:48.770	-1.645	9.205	43.75	0.133468	-0.052216	1.046272	-0.2355	-1.2585	-2.8005	0	124	1015	1
2026-02-11	16:36:48.790	-1.295	10.01	47.11	0.126636	-0.060756	1.050908	-0.2355	-1.266	-2.796	0	124	1015	1
2026-02-11	16:36:48.810	-0.56	10.325	50.155	0.108092	-0.060024	1.05652	-0.231	-1.275	-2.7945	0	118	1019	1
2026-02-11	16:36:48.830	0.35	10.605	52.535	0.10004	-0.060756	1.084092	-0.225	-1.2735	-2.79	0	118	1019	1
2026-02-11	16:36:48.850	1.015	11.725	54.46	0.092476	-0.052216	1.083848	-0.2295	-1.275	-2.7855	0	118	1019	1
2026-02-11	16:36:48.870	1.645	13.23	56.56	0.09467199	-0.036356	1.079944	-0.2265	-1.2765	-2.7915	0	118	1019	1
2026-02-11	16:36:48.890	2.415	13.335	59.43	0.08686399	-0.022936	1.073112	-0.222	-1.2825	-2.7915	0	118	1019	1
2026-02-11	16:36:48.910	2.52	11.375	62.86	0.089548	-0.012444	1.073844	-0.225	-1.2885	-2.7915	0	118	1019	1
2026-02-11	16:36:48.930	2.485	8.68	66.29	0.084424	-0.0061	1.062376	-0.225	-1.287	-2.796	0	118	1019	1
2026-02-11	16:36:48.950	3.325	6.475	69.335	0.087352	-0.005368	1.053104	-0.2205	-1.29	-2.7945	0	118	1019	1
2026-02-11	16:36:48.970	4.795	4.55	72.555	0.07442	-0.008052	1.038952	-0.2175	-1.293	-2.7945	0	118	1019	1
2026-02-11	16:36:48.990	5.11	2.905	74.725	0.068808	-0.0122	1.032364	-0.2175	-1.293	-2.7945	0	118	1019	1
2026-02-11	16:36:49.010	4.025	1.225	75.6	0.083692	-0.020984	1.027728	-0.2295	-1.314	-2.793	0	111	1025	1
2026-02-11	16:36:49.030	2.695	0	75.215	0.07564	-0.029524	1.01138	-0.228	-1.317	-2.784	0	111	1025	1
2026-02-11	16:36:49.050	2.695	0.665	73.29	0.08662	-0.02562	0.980636	-0.2295	-1.323	-2.7975	0	111	1025	1
2026-02-11	16:36:49.070	4.095	2.625	70.875	0.101748	-0.034404	0.938424	-0.2175	-1.329	-2.793	0	111	1025	1
2026-02-11	16:36:49.090	6.055	4.69	68.6	0.132004	-0.042456	0.935984	-0.231	-1.3335	-2.793	0	111	1025	1
2026-02-11	16:36:49.110	7.14	6.965	66.885	0.13542	-0.052948	0.9333	-0.225	-1.3305	-2.793	0	111	1025	1
2026-02-11	16:36:49.130	7.035	9.555	65.38	0.126392	-0.051972	0.92964	-0.2325	-1.338	-2.796	0	111	1025	1
2026-02-11	16:36:49.150	6.055	11.06	64.05	0.112484	-0.058804	0.926712	-0.24	-1.3425	-2.7915	0	111	1025	1
2026-02-11	16:36:49.170	3.465	11.025	63.245	0.117608	-0.06954	0.962336	-0.237	-1.3455	-2.7915	0	111	1025	1
2026-02-11	16:36:49.190	-0.49	9.87	62.965	0.11346	-0.079544	0.987712	-0.2385	-1.3485	-2.7945	0	111	1025	1
2026-02-11	16:36:49.210	-4.97	7.98	62.51	0.080276	-0.082716	0.987712	-0.24	-1.353	-2.7945	0	104	1029	1
2026-02-11	16:36:49.230	-9.24	4.76	61.53	0.043676	-0.081008	0.98454	-0.2355	-1.3575	-2.7945	0	104	1029	1
2026-02-11	16:36:49.250	-13.86	-2.275	57.995	-0.015372	-0.074908	0.953552	-0.231	-1.3575	-2.7945	0	104	1029	1
2026-02-11	16:36:49.270	-14.525	-7.665	53.9	-0.030744	-0.065392	0.947452	-0.2475	-1.3545	-2.7975	0	104	1029	1
2026-02-11	16:36:49.290	-13.51	-12.04	49.77	-0.005124	-0.063684	0.976244	-0.246	-1.368	-2.799	0	104	1029	1
2026-02-11	16:36:49.310	-12.355	-14.49	46.935	0.024644	-0.068076	0.987468	-0.2535	-1.371	-2.8035	0	104	1029	1
2026-02-11	16:36:49.330	-11.13	-15.96	45.57	0.032452	-0.066612	0.980148	-0.2415	-1.3695	-2.802	0	104	1029	1
2026-02-11	16:36:49.350	-9.66	-17.255	44.87	0.029524	-0.060268	0.968436	-0.2565	-1.3695	-2.796	0	104	1029	1
2026-02-11	16:36:49.370	-7.595	-17.99	44.17	0.013908	-0.044896	0.955748	-0.264	-1.3635	-2.799	0	104	1029	1
2026-02-11	16:36:49.390	-4.725	-17.255	42.98	0.014152	-0.032696	0.955504	-0.2715	-1.371	-2.7975	0	104	1029	1
2026-02-11	16:36:49.410	-1.855	-15.155	41.755	0.029036	-0.013664	0.986004	-0.2745	-1.3725	-2.802	0	99	1024	1
2026-02-11	16:36:49.430	-0.245	-12.32	40.845	0.029524	-0.003904	1.01138	-0.2715	-1.38	-2.8005	0	99	1024	1
2026-02-11	16:36:49.450	0	-10.08	39.935	0.008296	0.009516	1.029436	-0.2835	-1.38	-2.799	0	99	1024	1
2026-02-11	16:36:49.470	-0.665	-8.68	38.01	-0.003904	0.010004	1.04798	-0.273	-1.374	-2.796	0	99	1024	1
2026-02-11	16:36:49.490	-1.82	-7.035	35.175	-0.008052	0.016104	1.04798	-0.282	-1.383	-2.799	0	99	1024	1
2026-02-11	16:36:49.510	-2.765	-5.005	30.87	-0.011712	0.019276	1.019432	-0.2865	-1.374	-2.8095	0	99	1024	1
2026-02-11	16:36:49.530	-2.73	-4.445	26.32	-0.013908	0.01952	1.003328	-0.2865	-1.374	-2.8095	0	99	1024	1
2026-02-11	16:36:49.550	-2.415	-4.97	22.645	0.000244	0.017812	1.010648	-0.288	-1.377	-2.802	0	99	1024	1
2026-02-11	16:36:49.570	-2.765	-5.39	19.285	0.019764	0.011224	1.019676	-0.291	-1.3785	-2.802	0	99	1024	1
2026-02-11	16:36:49.590	-3.64	-5.285	16.345	0.028792	0.007808	1.009672	-0.297	-1.377	-2.8035	0	99	1024	1
2026-02-11	16:36:49.610	-3.92	-5.075	13.65	0.030744	0.002196	0.994544	-0.2985	-1.377	-2.802	0	94	1020	1
2026-02-11	16:36:49.630	-3.57	-4.795	11.06	0.010492	-0.004148	0.983076	-0.2985	-1.3815	-2.8035	0	94	1020	1
2026-02-11	16:36:49.650	-2.94	-4.55	8.225	-0.001708	-0.00244	0.972584	-0.3015	-1.38	-2.8005	0	94	1020	1
2026-02-11	16:36:49.670	-2.275	-4.2	5.39	-0.005368	-0.001952	0.992592	-0.3045	-1.3755	-2.8005	0	94	1020	1
2026-02-11	16:36:49.690	-2.38	-2.695	2.905	0.000976	-0.000976	1.006744	-0.3045	-1.3755	-2.802	0	94	1020	1
2026-02-11	16:36:49.710	-2.695	-0.245	0.49	-0.005856	0.014884	0.975756	-0.2985	-1.377	-2.7975	0	94	1020	1
2026-02-11	16:36:49.730	-1.61	1.33	-2.17	-0.00244	0.024644	0.942816	-0.306	-1.3725	-2.7975	0	94	1020	1
2026-02-11	16:36:49.750	0.91	1.225	-4.41	-0.000732	0.030744	0.929396	-0.306	-1.374	-2.8065	0	94	1020	1
2026-02-11	16:36:49.770	3.815	0.28	-5.565	0.003416	0.035868	0.939644	-0.306	-1.3815	-2.802	0	94	1020	1
2026-02-11	16:36:49.790	7.49	-0.875	-6.02	0.013664	0.036356	0.96502	-0.309	-1.3755	-2.805	0	94	1020	1
2026-02-11	16:36:49.810	9.485	-1.4	-6.44	0.020252	0.0244	0.9943	-0.306	-1.3785	-2.8035	0	89	1018	1
2026-02-11	16:36:49.830	10.71	-0.805	-6.965	0.012688	0.01586	1.000156	-0.303	-1.38	-2.8035	0	89	1018	1
2026-02-11	16:36:49.850	11.97	-0.21	-7.595	0.000732	0.016348	0.99064	-0.2985	-1.383	-2.808	0	89	1018	1
2026-02-11	16:36:49.870	13.44	-1.155	-8.365	0.016104	0.008052	1.001864	-0.3	-1.392	-2.808	0	89	1018	1
2026-02-11	16:36:49.890	14.14	-3.5	-8.855	0.03904	-0.002928	1.026752	-0.309	-1.395	-2.8065	0	89	1018	1
2026-02-11	16:36:49.910	14.315	-5.565	-8.925	0.049776	-0.013176	1.048712	-0.3075	-1.395	-2.805	0	89	1018	1
2026-02-11	16:36:49.930	14.42	-6.895	-8.855	0.073932	-0.023668	1.069696	-0.3045	-1.395	-2.805	0	89	1018	1
2026-02-11	16:36:49.950	14.105	-7.945	-8.575	0.091012	-0.037332	1.079212	-0.306	-1.3965	-2.808	0	89	1018	1
2026-02-11	16:36:49.970	13.16	-9.17	-8.19	0.088572	-0.051972	1.060668	-0.306	-1.395	-2.805	0	89	1018	1
2026-02-11	16:36:49.990	12.18	-10.92	-8.085	0.087596	-0.05978	1.035048	-0.306	-1.395	-2.802	0	89	1018	1
2026-02-11	16:36:50.010	12.215	-13.755	-8.155	0.105896	-0.047824	1.011868	-0.3075	-1.3995	-2.802	0	85	1018	1
2026-02-11	16:36:50.030	12.985	-15.505	-8.05	0.140788	-0.04636	1.021872	-0.3105	-1.404	-2.805	0	85	1018	1
2026-02-11	16:36:50.050	13.09	-16.695	-7.385	0.16348	-0.036112	1.035048	-0.312	-1.404	-2.8065	0	85	1018	1
2026-02-11	16:36:50.070	11.585	-16.66	-6.825	0.134444	-0.02318	1.011624	-0.309	-1.3995	-2.8065	0	85	1018	1
2026-02-11	16:36:50.090	9.975	-16.415	-7.455	0.110288	-0.011712	0.998692	-0.315	-1.413	-2.802	0	85	1018	1
2026-02-11	16:36:50.110	8.4	-15.05	-8.995	0.113704	-0.003172	1.000644	-0.318	-1.407	-2.799	0	85	1018	1
2026-02-11	16:36:50.130	6.895	-12.18	-10.99	0.119316	0.004392	1.003816	-0.3255	-1.4175	-2.802	0	85	1018	1
2026-02-11	16:36:50.150	5.53	-8.225	-13.02	0.140544	0.008784	1.014308	-0.327	-1.413	-2.808	0	85	1018	1
2026-02-11	16:36:50.170	3.71	-3.92	-14.07	0.172996	0.003416	1.016504	-0.3285	-1.4115	-2.802	0	85	1018	1
2026-02-11	16:36:50.190	1.155	-0.595	-14	0.202276	0.000976	1.023336	-0.3315	-1.422	-2.805	0	85	1018	1
2026-02-11	16:36:50.210	-1.96	1.225	-13.335	0.229116	-0.007808	1.016992	-0.3285	-1.4205	-2.8005	0	82	1022	1
2026-02-11	16:36:50.230	-4.865	2.345	-12.11	0.251808	-0.014396	1.012844	-0.324	-1.4175	-2.7975	0	82	1022	1
2026-02-11	16:36:50.250	-7.35	2.975	-9.73	0.298656	-0.02074	1.025044	-0.321	-1.41	-2.8005	0	82	1022	1
2026-02-11	16:36:50.270	-10.01	2.66	-5.81	0.323788	-0.030988	1.024556	-0.3165	-1.407	-2.805	0	82	1022	1
2026-02-11	16:36:50.290	-12.565	0.35	-1.19	0.323056	-0.03172	1.020896	-0.3195	-1.4085	-2.8065	0	82	1022	1
2026-02-11	16:36:50.310	-14.56	-3.36	3.045	0.29646	-0.037088	1.02358	-0.3195	-1.4115	-2.805	0	82	1022	1
2026-02-11	16:36:50.330	-15.715	-8.12	6.405	0.209352	-0.036844	0.970632	-0.315	-1.4145	-2.805	0	82	1022	1
2026-02-11	16:36:50.350	-12.845	-10.08	5.46	0.161772	-0.033184	0.95648	-0.315	-1.4145	-2.805	0	82	1022	1
2026-02-11	16:36:50.370	-9.52	-10.15	3.465	0.158112	-0.034648	0.978928	-0.333	-1.404	-2.8065	0	82	1022	1
2026-02-11	16:36:50.390	-8.295	-9.065	2.695	0.168604	-0.034648	0.993324	-0.336	-1.398	-2.8095	0	82	1022	1
2026-02-11	16:36:50.410	-8.575	-7.35	3.745	0.162992	-0.035868	0.979416	-0.3345	-1.401	-2.811	0	81	1025	1
2026-02-11	16:36:50.430	-8.575	-5.11	5.67	0.164456	-0.03538	0.963068	-0.324	-1.398	-2.8095	0	81	1025	1
2026-02-11	16:36:50.450	-8.015	-3.22	8.155	0.15982	-0.030988	0.964532	-0.3255	-1.3935	-2.8065	0	81	1025	1
2026-02-11	16:36:50.470	-7.595	-1.89	10.745	0.177632	-0.033184	0.985516	-0.33	-1.395	-2.8095	0	81	1025	1
2026-02-11	16:36:50.490	-7.84	-0.07	13.79	0.19032	-0.039284	0.992592	-0.33	-1.3845	-2.808	0	81	1025	1
2026-02-11	16:36:50.510	-7.35	2.135	17.22	0.204716	-0.032452	0.984296	-0.333	-1.389	-2.805	0	81	1025	1
2026-02-11	16:36:50.530	-5.495	3.675	20.265	0.205936	-0.032208	0.987468	-0.3345	-1.3995	-2.808	0	81	1025	1
2026-02-11	16:36:50.550	-3.08	4.655	23.275	0.212768	-0.037088	1.014552	-0.333	-1.389	-2.8125	0	81	1025	1
2026-02-11	16:36:50.570	-1.435	6.475	26.565	0.211792	-0.02684	1.01016	-0.336	-1.3905	-2.8155	0	81	1025	1
2026-02-11	16:36:50.590	0.665	6.58	30.94	0.207888	-0.012932	1.01382	-0.3405	-1.395	-2.8035	0	81	1025	1
2026-02-11	16:36:50.610	2.17	5.46	35	0.223504	-0.007808	1.046028	-0.336	-1.392	-2.808	0	80	1026	1
2026-02-11	16:36:50.630	1.82	5.565	37.555	0.20862	-0.010492	1.060424	-0.3345	-1.392	-2.8125	0	80	1026	1
2026-02-11	16:36:50.650	1.05	6.475	39.13	0.199104	-0.017568	1.047248	-0.336	-1.3935	-2.8125	0	80	1026	1
2026-02-11	16:36:50.670	1.4	7.875	40.775	0.198128	-0.01952	1.029436	-0.336	-1.3965	-2.814	0	80	1026	1
2026-02-11	16:36:50.690	1.575	7.735	42.945	0.21472	-0.03416	1.02724	-0.3405	-1.398	-2.808	0	80	1026	1
2026-02-11	16:36:50.710	0.455	3.605	45.15	0.218136	-0.06832	1.054324	-0.342	-1.3995	-2.805	0	80	1026	1
2026-02-11	16:36:50.730	-0.91	-0.7	47.145	0.221064	-0.100284	1.05896	-0.3405	-1.401	-2.811	0	80	1026	1
2026-02-11	16:36:50.750	-1.12	-1.96	49.315	0.230336	-0.1037	1.048468	-0.3435	-1.407	-2.8125	0	80	1026	1
2026-02-11	16:36:50.770	-0.315	-1.715	51.38	0.21716	-0.106384	1.01992	-0.345	-1.3965	-2.814	0	80	1026	1
2026-02-11	16:36:50.790	0.805	-3.92	53.515	0.21716	-0.121756	0.997472	-0.354	-1.404	-2.8155	0	80	1026	1
2026-02-11	16:36:50.810	2.73	-7.56	55.02	0.22448	-0.1403	0.996008	-0.3495	-1.404	-2.811	0	79	1028	1
2026-02-11	16:36:50.830	5.635	-9.135	55.79	0.220576	-0.166896	0.987468	-0.3615	-1.404	-2.814	0	79	1028	1
2026-02-11	16:36:50.850	9.275	-8.015	55.615	0.187148	-0.173728	0.980636	-0.3675	-1.401	-2.8095	0	79	1028	1
2026-02-11	16:36:50.870	12.775	-4.585	53.34	0.178852	-0.169824	0.980392	-0.3525	-1.4115	-2.8035	0	79	1028	1
2026-02-11	16:36:50.890	13.09	-3.535	51.94	0.191296	-0.159332	0.9943	-0.36	-1.4145	-2.8035	0	79	1028	1
2026-02-11	16:36:50.910	12.25	-2.38	52.01	0.197152	-0.15494	1.016992	-0.3735	-1.4145	-2.8095	0	79	1028	1
2026-02-11	16:36:50.930	10.185	0.91	51.87	0.155672	-0.142008	1.006988	-0.384	-1.413	-2.8095	0	79	1028	1
2026-02-11	16:36:50.950	7.35	3.92	50.925	0.120048	-0.119072	0.978196	-0.3885	-1.4175	-2.805	0	79	1028	1
2026-02-11	16:36:50.970	3.815	4.27	49.945	0.110532	-0.099796	0.966484	-0.387	-1.419	-2.8035	0	79	1028	1
2026-02-11	16:36:50.990	0.105	2.975	48.895	0.10492	-0.083936	0.991128	-0.387	-1.419	-2.8035	0	79	1028	1
2026-02-11	16:36:51.010	-3.325	1.435	47.915	0.105652	-0.086376	0.996984	-0.3885	-1.422	-2.8035	0	79	1028	1
2026-02-11	16:36:51.030	-5.985	0.49	47.005	0.08662	-0.07686	0.973804	-0.3915	-1.419	-2.805	0	79	1028	1
2026-02-11	16:36:51.050	-7.315	-0.56	45.395	0.075396	-0.052948	0.944036	-0.393	-1.4145	-2.8065	0	79	1028	1
2026-02-11	16:36:51.070	-7.21	-2.765	42.595	0.063196	-0.062952	0.928176	-0.399	-1.419	-2.8095	0	79	1028	1
2026-02-11	16:36:51.090	-5.705	-5.74	39.62	0.07198	-0.061976	0.917684	-0.402	-1.419	-2.8125	0	79	1028	1
2026-02-11	16:36:51.110	-3.22	-8.295	37.03	0.095648	-0.0549	0.925736	-0.4065	-1.419	-2.814	0	79	1028	1
2026-02-11	16:36:51.130	-0.875	-10.395	34.755	0.110044	-0.047824	0.952576	-0.4125	-1.416	-2.808	0	79	1028	1
2026-02-11	16:36:51.150	-0.245	-11.34	32.97	0.101504	-0.047824	0.966484	-0.4125	-1.4115	-2.805	0	79	1028	1
2026-02-11	16:36:51.170	-0.245	-11.095	31.43	0.089304	-0.036844	0.95892	-0.414	-1.416	-2.805	0	79	1028	1
2026-02-11	16:36:51.190	0.63	-10.535	29.435	0.091988	-0.022936	0.952332	-0.4215	-1.416	-2.8095	0	79	1028	1
2026-02-11	16:36:51.210	1.995	-9.8	27.615	0.07686	-0.01708	0.961848	-0.432	-1.4175	-2.8155	0	79	1024	1
2026-02-11	16:36:51.230	2.66	-8.575	25.165	0.062952	-0.013176	0.981368	-0.435	-1.4205	-2.8125	0	79	1024	1
2026-02-11	16:36:51.250	2.135	-6.895	22.085	0.066368	-0.003172	0.99796	-0.4275	-1.419	-2.808	0	79	1024	1
2026-02-11	16:36:51.270	1.365	-5.005	18.62	0.061976	0.010004	0.989664	-0.429	-1.41	-2.808	0	79	1024	1
2026-02-11	16:36:51.290	1.26	-3.465	14.98	0.06222	0.018788	0.98576	-0.4305	-1.41	-2.808	0	79	1024	1
2026-02-11	16:36:51.310	0.91	-2.73	11.725	0.066612	0.019276	0.999424	-0.435	-1.422	-2.805	0	79	1024	1
2026-02-11	16:36:51.330	0.035	-2.205	8.75	0.061244	0.019032	0.992348	-0.441	-1.4205	-2.802	0	79	1024	1
2026-02-11	16:36:51.350	-0.7	-1.435	5.95	0.061488	0.021472	0.98942	-0.438	-1.4175	-2.805	0	79	1024	1
2026-02-11	16:36:51.370	-0.98	-1.015	3.5	0.052704	0.020496	0.999912	-0.435	-1.4175	-2.808	0	79	1024	1
2026-02-11	16:36:51.390	-0.875	-1.015	0.77	0.037576	0.020008	1.003084	-0.435	-1.4145	-2.808	0	79	1024	1
2026-02-11	16:36:51.410	0.175	-0.385	-3.605	0.035868	0.021716	1.014552	-0.435	-1.413	-2.8095	0	79	1017	1
2026-02-11	16:36:51.430	0.455	0.735	-6.09	0.02684	0.018788	1.011136	-0.435	-1.413	-2.8095	0	79	1017	1
2026-02-11	16:36:51.450	0.665	1.575	-8.085	0.01098	0.019764	1.004548	-0.435	-1.4205	-2.8125	0	79	1017	1
2026-02-11	16:36:51.470	0.84	1.82	-9.555	0.02318	0.016348	1.011136	-0.4425	-1.416	-2.8065	0	79	1017	1
2026-02-11	16:36:51.490	0.35	1.715	-10.22	0.042212	0.01098	1.013332	-0.4395	-1.4145	-2.8065	0	79	1017	1
2026-02-11	16:36:51.510	-0.315	1.33	-10.255	0.055632	0.00244	1.015284	-0.444	-1.413	-2.805	0	79	1017	1
2026-02-11	16:36:51.530	-0.455	1.505	-10.43	0.070028	-0.016104	1.043344	-0.4335	-1.419	-2.8155	0	79	1017	1
2026-02-11	16:36:51.550	-0.49	2.905	-10.36	0.110044	-0.043676	1.079944	-0.438	-1.4175	-2.811	0	79	1017	1
2026-02-11	16:36:51.570	-0.105	5.355	-9.345	0.11224	-0.07564	1.0309	-0.4335	-1.4145	-2.8035	0	79	1017	1
2026-02-11	16:36:51.590	2.94	4.515	-8.61	0.0915	-0.090036	1.000156	-0.432	-1.4235	-2.82	0	79	1017	1
2026-02-11	16:36:51.610	8.68	0.77	-9.555	0.124684	-0.080276	1.017236	-0.435	-1.4265	-2.808	0	79	1017	1
2026-02-11	16:36:51.630	15.155	-1.435	-11.27	0.182268	-0.065148	1.071892	-0.426	-1.419	-2.808	0	79	1017	1
2026-02-11	16:36:51.650	20.895	-2.135	-12.425	0.214476	-0.073932	1.1407	-0.429	-1.416	-2.8125	0	79	1017	1
2026-02-11	16:36:51.670	23.205	-2.415	-12.355	0.185684	-0.083936	1.18706	-0.4305	-1.4205	-2.8095	0	79	1017	1
2026-02-11	16:36:51.690	20.685	-4.76	-11.865	0.1464	-0.072712	1.199016	-0.4305	-1.4205	-2.8095	0	79	1017	1
2026-02-11	16:36:51.710	15.61	-10.255	-12.705	0.16836	-0.066368	1.219268	-0.4305	-1.4235	-2.808	0	79	1017	1
2026-02-11	16:36:51.730	10.08	-16.765	-14.945	0.194468	-0.0732	1.243424	-0.429	-1.431	-2.808	0	79	1017	1
2026-02-11	16:36:51.750	5.565	-20.51	-18.235	0.211304	-0.076616	1.238544	-0.435	-1.437	-2.8065	0	79	1017	1
2026-02-11	16:36:51.770	2.87	-20.3	-22.47	0.218136	-0.07564	1.190476	-0.441	-1.4355	-2.8035	0	79	1017	1
2026-02-11	16:36:51.790	2.1	-17.885	-27.65	0.228872	-0.073444	1.119472	-0.441	-1.434	-2.8035	0	79	1017	1
2026-02-11	16:36:51.810	2.45	-15.225	-32.865	0.277184	-0.070272	1.06506	-0.4365	-1.443	-2.8065	0	80	1032	1
2026-02-11	16:36:51.830	2.66	-12.04	-36.61	0.341356	-0.088328	1.060912	-0.4365	-1.434	-2.802	0	80	1032	1
2026-02-11	16:36:51.850	1.12	-7.105	-38.01	0.352092	-0.093452	1.029924	-0.4275	-1.437	-2.799	0	80	1032	1
2026-02-11	16:36:51.870	-0.105	0	-38.255	0.359412	-0.076372	0.984296	-0.4335	-1.4355	-2.7945	0	80	1032	1
2026-02-11	16:36:51.890	-0.035	7.98	-37.765	0.38796	-0.064172	0.960872	-0.432	-1.437	-2.8035	0	80	1032	1
2026-02-11	16:36:51.910	-0.175	15.12	-36.295	0.427732	-0.030988	0.943792	-0.429	-1.4385	-2.811	0	80	1032	1
2026-02-11	16:36:51.930	-1.61	20.475	-33.88	0.426024	-0.023912	1.006256	-0.42	-1.4385	-2.808	0	80	1032	1
2026-02-11	16:36:51.950	-5.74	25.235	-30.205	0.38186	-0.012444	0.996984	-0.417	-1.4415	-2.802	0	80	1032	1
2026-02-11	16:36:51.970	-8.75	26.005	-28.84	0.332084	-0.005856	0.960384	-0.408	-1.44	-2.8065	0	80	1032	1
2026-02-11	16:36:51.990	-10.815	23.24	-28.98	0.288164	-0.004148	0.910608	-0.399	-1.443	-2.8095	0	80	1032	1
2026-02-11	16:36:52.010	-11.445	18.13	-30.31	0.25376	0	0.868884	-0.393	-1.443	-2.8125	0	85	1047	1
2026-02-11	16:36:52.030	-10.745	12.74	-32.2	0.232044	0.000244	0.863028	-0.39	-1.4385	-2.8155	0	85	1047	1
2026-02-11	16:36:52.050	-9.52	7.7	-34.23	0.210816	-0.010492	0.859124	-0.3915	-1.434	-2.814	0	85	1047	1
2026-02-11	16:36:52.070	-8.54	3.78	-36.015	0.194224	-0.016836	0.865956	-0.384	-1.431	-2.8185	0	85	1047	1
2026-02-11	16:36:52.090	-8.82	0.77	-36.715	0.196176	-0.014884	0.868884	-0.381	-1.434	-2.82	0	85	1047	1
2026-02-11	16:36:52.110	-9.975	-2.66	-36.225	0.199104	-0.013908	0.871812	-0.3825	-1.4355	-2.8185	0	85	1047	1
2026-02-11	16:36:52.130	-10.78	-5.705	-35.315	0.194224	-0.016104	0.866932	-0.378	-1.4295	-2.8155	0	85	1047	1
2026-02-11	16:36:52.150	-10.605	-6.895	-34.37	0.18544	-0.023668	0.856684	-0.372	-1.425	-2.8155	0	85	1047	1
2026-02-11	16:36:52.170	-9.45	-6.72	-33.18	0.184952	-0.026108	0.854	-0.3705	-1.4265	-2.8125	0	85	1047	1
2026-02-11	16:36:52.190	-8.225	-5.985	-31.675	0.191784	-0.033428	0.877424	-0.369	-1.4235	-2.8155	0	85	1047	1
2026-02-11	16:36:52.210	-7.945	-4.2	-29.435	0.190076	-0.02928	0.888404	-0.369	-1.419	-2.817	0	91	1039	1
2026-02-11	16:36:52.230	-7.7	-2.45	-27.3	0.19276	-0.015616	0.890112	-0.372	-1.419	-2.814	0	91	1039	1
2026-02-11	16:36:52.250	-6.755	-0.91	-25.935	0.195688	-0.01708	0.914268	-0.36	-1.4145	-2.8185	0	91	1039	1
2026-02-11	16:36:52.270	-6.02	1.54	-24.15	0.189832	-0.01464	0.946232	-0.363	-1.413	-2.8125	0	91	1039	1
2026-02-11	16:36:52.290	-6.44	4.095	-22.295	0.19276	-0.020984	0.965264	-0.366	-1.413	-2.817	0	91	1039	1
2026-02-11	16:36:52.310	-7.735	5.705	-19.95	0.185684	-0.021472	0.958676	-0.3645	-1.413	-2.8185	0	91	1039	1
2026-02-11	16:36:52.330	-8.26	6.615	-17.71	0.199348	-0.018544	0.954528	-0.3615	-1.4145	-2.8185	0	91	1039	1
2026-02-11	16:36:52.350	-8.505	6.93	-15.19	0.211792	-0.018788	0.969656	-0.3555	-1.41	-2.8185	0	91	1039	1
2026-02-11	16:36:52.370	-9.24	6.3	-12.18	0.211792	-0.02074	0.98942	-0.3555	-1.407	-2.8155	0	91	1039	1
2026-02-11	16:36:52.390	-10.255	4.725	-9.415	0.203252	-0.016348	0.996496	-0.357	-1.4085	-2.8155	0	91	1039	1
2026-02-11	16:36:52.410	-10.255	2.38	-7.665	0.189588	-0.016836	0.987956	-0.3555	-1.407	-2.8185	0	96	1017	1
2026-02-11	16:36:52.430	-8.82	0.385	-7.21	0.169336	-0.010004	0.970876	-0.3555	-1.404	-2.8215	0	96	1017	1
2026-02-11	16:36:52.450	-5.915	-0.665	-7.49	0.165432	0.002196	0.975268	-0.354	-1.3995	-2.8215	0	96	1017	1
2026-02-11	16:36:52.470	-3.675	-1.015	-7.315	0.155428	0.0122	0.979904	-0.3465	-1.3995	-2.8215	0	96	1017	1
2026-02-11	16:36:52.490	-2.94	-0.91	-6.125	0.153964	0.023424	0.99064	-0.345	-1.4025	-2.8245	0	96	1017	1
2026-02-11	16:36:52.510	-3.535	0	-5.39	0.164456	0.019032	0.994788	-0.345	-1.4025	-2.8245	0	96	1017	1
2026-02-11	16:36:52.530	-4.34	1.365	-4.935	0.165432	0.025376	0.981612	-0.3495	-1.4025	-2.832	0	96	1017	1
2026-02-11	16:36:52.550	-4.655	3.115	-5.075	0.156404	0.041968	0.970144	-0.351	-1.4025	-2.814	0	96	1017	1
2026-02-11	16:36:52.570	-4.55	5.04	-5.495	0.163724	0.046604	0.975512	-0.3495	-1.398	-2.817	0	96	1017	1
2026-02-11	16:36:52.590	-5.25	6.685	-5.74	0.162016	0.051484	0.978196	-0.345	-1.395	-2.811	0	96	1017	1
2026-02-11	16:36:52.610	-6.615	7.245	-5.705	0.173972	0.047824	1.00162	-0.3495	-1.392	-2.8215	0	99	1003	1
2026-02-11	16:36:52.630	-8.365	7.315	-5.215	0.182756	0.054412	1.02846	-0.336	-1.392	-2.823	0	99	1003	1
2026-02-11	16:36:52.650	-10.185	7.7	-5.355	0.168116	0.05856	1.039196	-0.3465	-1.3965	-2.82	0	99	1003	1
2026-02-11	16:36:52.670	-11.515	8.05	-6.72	0.145668	0.070028	1.021384	-0.3345	-1.3935	-2.823	0	99	1003	1
2026-02-11	16:36:52.690	-11.76	7.28	-9.065	0.143228	0.066368	1.022604	-0.3405	-1.392	-2.817	0	99	1003	1
2026-02-11	16:36:52.710	-11.41	5.565	-10.85	0.151524	0.049776	1.032364	-0.3405	-1.3845	-2.8245	0	99	1003	1
2026-02-11	16:36:52.730	-10.395	4.13	-11.48	0.160064	0.035868	1.07604	-0.339	-1.383	-2.8275	0	99	1003	1
2026-02-11	16:36:52.750	-9.765	3.08	-10.71	0.160796	0.02074	1.113372	-0.3285	-1.38	-2.8215	0	99	1003	1
2026-02-11	16:36:52.770	-8.645	0.385	-9.24	0.132004	-0.020496	1.155828	-0.3285	-1.38	-2.8215	0	99	1003	1
2026-02-11	16:36:52.790	-5.67	-1.47	-9.065	0.124684	-0.052704	1.202432	-0.33	-1.3815	-2.823	0	99	1003	1
2026-02-11	16:36:52.810	-2.24	0	-8.82	0.135664	-0.066856	1.212192	-0.333	-1.383	-2.826	0	100	1006	1
2026-02-11	16:36:52.830	0.21	1.96	-7.175	0.14518	-0.072956	1.200236	-0.336	-1.377	-2.82	0	100	1006	1
2026-02-11	16:36:52.850	1.05	1.295	-3.85	0.177632	-0.086132	1.222196	-0.3345	-1.38	-2.814	0	100	1006	1
2026-02-11	16:36:52.870	-0.595	-0.77	0.21	0.217892	-0.097112	1.258064	-0.3225	-1.3785	-2.811	0	100	1006	1
2026-02-11	16:36:52.890	-4.585	-2.905	4.095	0.244	-0.120048	1.278804	-0.327	-1.38	-2.814	0	100	1006	1
2026-02-11	16:36:52.910	-9.73	-4.76	7.385	0.261812	-0.14518	1.255868	-0.33	-1.3695	-2.811	0	100	1006	1
2026-02-11	16:36:52.930	-13.16	-6.825	9.555	0.248636	-0.154452	1.161684	-0.327	-1.3695	-2.814	0	100	1006	1
2026-02-11	16:36:52.950	-12.215	-9.065	9.765	0.21594	-0.15616	1.061888	-0.3255	-1.371	-2.82	0	100	1006	1
2026-02-11	16:36:52.970	-6.755	-10.745	7.875	0.186172	-0.16592	0.966972	-0.321	-1.3725	-2.8125	0	100	1006	1
2026-02-11	16:36:52.990	1.4	-10.185	4.41	0.172264	-0.175436	0.935984	-0.336	-1.3635	-2.8245	0	100	1006	1
2026-02-11	16:36:53.010	7.98	-6.86	0.805	0.178852	-0.198616	0.959652	-0.342	-1.365	-2.8305	0	101	1030	1
2026-02-11	16:36:53.030	7.805	-3.885	-0.175	0.215452	-0.22936	1.015528	-0.339	-1.371	-2.8215	0	101	1030	1
2026-02-11	16:36:53.050	1.68	-3.045	2.73	0.186416	-0.244244	0.99918	-0.339	-1.3725	-2.82	0	101	1030	1
2026-02-11	16:36:53.070	-1.435	-2.555	5.915	0.15982	-0.246928	0.966484	-0.3405	-1.371	-2.826	0	101	1030	1
2026-02-11	16:36:53.090	-1.225	-1.855	8.155	0.134688	-0.245708	0.953552	-0.3405	-1.3695	-2.829	0	101	1030	1
2026-02-11	16:36:53.110	0.49	-0.315	8.89	0.1037	-0.238876	0.948672	-0.3405	-1.3665	-2.8245	0	101	1030	1
2026-02-11	16:36:53.130	1.68	1.82	8.26	0.0671	-0.237168	0.920124	-0.345	-1.368	-2.8245	0	101	1030	1
2026-02-11	16:36:53.150	1.89	3.255	7.525	0.05368	-0.228628	0.888892	-0.3465	-1.374	-2.826	0	101	1030	1
2026-02-11	16:36:53.170	1.645	3.57	7.805	0.058072	-0.222528	0.855708	-0.342	-1.377	-2.829	0	101	1030	1
2026-02-11	16:36:53.190	1.225	3.92	9.66	0.066368	-0.2013	0.852536	-0.3405	-1.3755	-2.8305	0	101	1030	1
2026-02-11	16:36:53.210	-0.245	5.565	13.055	0.092232	-0.1952	0.887184	-0.342	-1.3755	-2.8275	0	104	1044	1
2026-02-11	16:36:53.230	-3.885	8.855	17.465	0.0976	-0.177144	0.875228	-0.342	-1.3785	-2.8245	0	104	1044	1
2026-02-11	16:36:53.250	-8.47	11.55	21.385	0.102236	-0.147864	0.842532	-0.3435	-1.377	-2.8275	0	104	1044	1
2026-02-11	16:36:53.270	-11.69	11.13	23.905	0.109312	-0.133712	0.799344	-0.345	-1.377	-2.8245	0	104	1044	1
2026-02-11	16:36:53.290	-12.985	9.485	25.795	0.115412	-0.123464	0.775676	-0.3405	-1.3785	-2.826	0	104	1044	1
2026-02-11	16:36:53.310	-12.565	9.8	27.3	0.07905599	-0.1098	0.75762	-0.342	-1.3755	-2.832	0	104	1044	1
2026-02-11	16:36:53.330	-12.04	9.52	26.95	0.0793	-0.10736	0.768356	-0.3435	-1.371	-2.8335	0	104	1044	1
2026-02-11	16:36:53.350	-11.795	7.49	26.04	0.070028	-0.10736	0.787632	-0.3345	-1.368	-2.829	0	104	1044	1
2026-02-11	16:36:53.370	-11.375	5.285	25.62	0.058072	-0.103456	0.81618	-0.333	-1.368	-2.8275	0	104	1044	1
2026-02-11	16:36:53.390	-10.535	4.2	24.85	0.043188	-0.099308	0.844484	-0.339	-1.368	-2.829	0	104	1044	1
2026-02-11	16:36:53.410	-9.555	2.8	24.185	0.046848	-0.094428	0.892308	-0.3435	-1.365	-2.8275	0	109	1027	1
2026-02-11	16:36:53.430	-10.36	1.085	24.08	0.05368	-0.087596	0.923784	-0.3435	-1.362	-2.8275	0	109	1027	1
2026-02-11	16:36:53.450	-11.795	-2.765	23.94	0.042456	-0.055876	0.920368	-0.342	-1.359	-2.8305	0	109	1027	1
2026-02-11	16:36:53.470	-11.06	-9.485	22.575	0.024156	-0.0549	0.908656	-0.3465	-1.359	-2.832	0	109	1027	1
2026-02-11	16:36:53.490	-6.79	-16.94	20.125	0.009516	-0.071492	0.936716	-0.345	-1.362	-2.8335	0	109	1027	1
2026-02-11	16:36:53.510	-1.085	-21.035	17.85	0.008296	-0.101016	1.014796	-0.3465	-1.3605	-2.8305	0	109	1027	1
2026-02-11	16:36:53.530	2.66	-21.56	16.555	0.001464	-0.103212	1.085068	-0.354	-1.356	-2.826	0	109	1027	1
2026-02-11	16:36:53.550	4.865	-21.175	14.105	-0.033916	-0.08662	1.096048	-0.36	-1.3605	-2.826	0	109	1027	1
2026-02-11	16:36:53.570	7.315	-22.82	8.295	-0.029768	-0.066124	1.121668	-0.36	-1.365	-2.829	0	109	1027	1
2026-02-11	16:36:53.590	8.89	-23.73	2.24	0.034404	-0.066856	1.194868	-0.36	-1.365	-2.829	0	109	1027	1
2026-02-11	16:36:53.610	8.575	-20.16	-1.61	0.061732	-0.06734399	1.198772	-0.3675	-1.3575	-2.8215	0	115	1004	1
2026-02-11	16:36:53.630	8.4	-14.525	-4.865	0.081496	-0.060512	1.162172	-0.36	-1.362	-2.8245	0	115	1004	1
2026-02-11	16:36:53.650	8.89	-11.935	-7.42	0.15372	-0.066368	1.153388	-0.363	-1.362	-2.8245	0	115	1004	1
2026-02-11	16:36:53.670	9.205	-12.95	-9.38	0.21594	-0.08906	1.161928	-0.3675	-1.3605	-2.823	0	115	1004	1
2026-02-11	16:36:53.690	9.835	-16.1	-11.585	0.21228	-0.129076	1.184132	-0.3735	-1.359	-2.8185	0	115	1004	1
2026-02-11	16:36:53.710	10.745	-18.62	-15.33	0.223504	-0.158112	1.214632	-0.378	-1.3725	-2.8275	0	115	1004	1
2026-02-11	16:36:53.730	12.215	-18.165	-20.195	0.224236	-0.160308	1.162416	-0.375	-1.374	-2.823	0	115	1004	1
2026-02-11	16:36:53.750	16.345	-15.645	-25.62	0.22082	-0.143228	1.089948	-0.3825	-1.3695	-2.817	0	115	1004	1
2026-02-11	16:36:53.770	22.155	-11.41	-30.975	0.251808	-0.128588	1.055056	-0.384	-1.3695	-2.8245	0	115	1004	1
2026-02-11	16:36:53.790	26.6	-6.195	-34.965	0.299876	-0.127124	1.046272	-0.369	-1.368	-2.817	0	115	1004	1
2026-02-11	16:36:53.810	28.105	-0.945	-36.365	0.322324	-0.122	1.050176	-0.378	-1.3845	-2.8215	0	122	1010	1
2026-02-11	16:36:53.830	26.565	4.375	-35.315	0.343308	-0.111996	1.036268	-0.3795	-1.389	-2.8155	0	122	1010	1
2026-02-11	16:36:53.850	20.475	10.92	-30.065	0.359168	-0.10004	1.07238	-0.3825	-1.3935	-2.8095	0	122	1010	1
2026-02-11	16:36:53.870	14.84	15.4	-26.67	0.332572	-0.097356	1.061888	-0.375	-1.3905	-2.8095	0	122	1010	1
2026-02-11	16:36:53.890	9.765	20.02	-24.43	0.293044	-0.089792	1.027972	-0.3555	-1.3995	-2.817	0	122	1010	1
2026-02-11	16:36:53.910	4.795	22.61	-22.925	0.267668	-0.083448	0.987468	-0.357	-1.3965	-2.8095	0	122	1010	1
2026-02-11	16:36:53.930	0.35	21.56	-22.155	0.250344	-0.071004	0.935496	-0.366	-1.4025	-2.8095	0	122	1010	1
2026-02-11	16:36:53.950	-1.68	17.85	-22.54	0.22692	-0.054656	0.89792	-0.3525	-1.392	-2.8125	0	122	1010	1
2026-02-11	16:36:53.970	-1.19	13.965	-24.43	0.204472	-0.043188	0.883524	-0.3555	-1.398	-2.808	0	122	1010	1
2026-02-11	16:36:53.990	-0.49	11.41	-26.46	0.181048	-0.025132	0.859612	-0.3435	-1.3995	-2.8095	0	122	1010	1
2026-02-11	16:36:54.010	-0.735	8.435	-27.37	0.178608	-0.015372	0.838872	-0.345	-1.4025	-2.811	0	128	1023	1
2026-02-11	16:36:54.030	-1.47	4.165	-27.265	0.174704	-0.016104	0.833992	-0.3435	-1.395	-2.8095	0	128	1023	1
2026-02-11	16:36:54.050	-2.59	0.245	-26.39	0.170068	-0.008296	0.837164	-0.3405	-1.401	-2.8155	0	128	1023	1
2026-02-11	16:36:54.070	-3.57	-2.345	-25.41	0.171532	-0.006344	0.83082	-0.3315	-1.3935	-2.805	0	128	1023	1
2026-02-11	16:36:54.090	-4.025	-3.71	-24.29	0.174948	-0.004148	0.825208	-0.336	-1.3875	-2.8125	0	128	1023	1
2026-02-11	16:36:54.110	-4.795	-3.71	-22.085	0.157624	-0.010004	0.820084	-0.3465	-1.395	-2.817	0	128	1023	1
2026-02-11	16:36:54.130	-6.615	-2.835	-19.215	0.148352	-0.004148	0.816912	-0.342	-1.3935	-2.814	0	128	1023	1
2026-02-11	16:36:54.150	-7.77	-2.835	-16.8	0.14762	-0.00244	0.8357	-0.3375	-1.3905	-2.814	0	128	1023	1
2026-02-11	16:36:54.170	-7.945	-3.29	-15.295	0.144692	-0.005368	0.872544	-0.336	-1.389	-2.817	0	128	1023	1
2026-02-11	16:36:54.190	-7.98	-3.045	-14.665	0.142252	-0.00488	0.899872	-0.336	-1.3905	-2.82	0	128	1023	1
2026-02-11	16:36:54.210	-8.4	-3.115	-14.28	0.144936	-0.008052	0.93086	-0.3405	-1.392	-2.814	0	134	1016	1
2026-02-11	16:36:54.230	-9.31	-3.99	-13.335	0.160552	-0.006832	0.959896	-0.3405	-1.3905	-2.811	0	134	1016	1
2026-02-11	16:36:54.250	-10.5	-4.62	-11.725	0.15738	-0.005368	0.967704	-0.336	-1.3875	-2.811	0	134	1016	1
2026-02-11	16:36:54.270	-10.885	-4.795	-9.94	0.149084	0.001952	0.950868	-0.333	-1.383	-2.814	0	134	1016	1
2026-02-11	16:36:54.290	-9.625	-5.355	-8.435	0.160064	-0.000488	0.980636	-0.3345	-1.38	-2.8155	0	134	1016	1
2026-02-11	16:36:54.310	-7.84	-5.845	-7.07	0.16836	-0.015616	1.021628	-0.339	-1.3785	-2.8155	0	134	1016	1
2026-02-11	16:36:54.330	-6.895	-5.11	-5.39	0.186904	-0.026352	1.084336	-0.342	-1.3785	-2.82	0	134	1016	1
2026-02-11	16:36:54.350	-6.545	-3.465	-3.325	0.211548	-0.034648	1.146068	-0.3405	-1.3785	-2.8275	0	134	1016	1
2026-02-11	16:36:54.370	-6.65	-1.33	-1.015	0.213744	-0.029768	1.162416	-0.3405	-1.377	-2.814	0	134	1016	1
2026-02-11	16:36:54.390	-5.845	1.4	0.49	0.190808	-0.03294	1.170224	-0.333	-1.374	-2.817	0	134	1016	1
2026-02-11	16:36:54.410	-5.39	2.8	1.295	0.185196	-0.037576	1.191208	-0.336	-1.3695	-2.8215	0	137	1005	1
2026-02-11	16:36:54.430	-5.705	5.32	2.415	0.171288	-0.031964	1.202676	-0.3345	-1.3695	-2.8215	0	137	1005	1
2026-02-11	16:36:54.450	-6.825	7.63	3.15	0.18544	-0.015616	1.247816	-0.3345	-1.371	-2.82	0	137	1005	1
2026-02-11	16:36:54.470	-9.87	8.68	3.78	0.209108	-0.033916	1.314672	-0.336	-1.3635	-2.82	0	137	1005	1
2026-02-11	16:36:54.490	-14.91	9.03	4.06	0.201056	-0.05856	1.346148	-0.333	-1.359	-2.814	0	137	1005	1
2026-02-11	16:36:54.510	-19.81	8.54	3.605	0.203984	-0.09028	1.341756	-0.3345	-1.3635	-2.8185	0	137	1005	1
2026-02-11	16:36:54.530	-23.485	6.3	3.08	0.219356	-0.127124	1.301984	-0.333	-1.3665	-2.823	0	137	1005	1
2026-02-11	16:36:54.550	-24.29	2.625	1.82	0.219844	-0.1647	1.193892	-0.3315	-1.359	-2.8155	0	137	1005	1
2026-02-11	16:36:54.570	-19.46	0.7	-1.26	0.21838	-0.174704	1.05164	-0.3315	-1.3515	-2.811	0	137	1005	1
2026-02-11	16:36:54.590	-9.1	3.22	-5.495	0.197396	-0.16958	0.932568	-0.33	-1.347	-2.8125	0	137	1005	1
2026-02-11	16:36:54.610	2.38	8.575	-8.785	0.198128	-0.172264	0.916952	-0.33	-1.3455	-2.814	0	140	1023	1
2026-02-11	16:36:54.630	9.345	13.72	-8.96	0.23668	-0.17202	0.96868	-0.3315	-1.347	-2.8155	0	140	1023	1
2026-02-11	16:36:54.650	9.415	17.22	-4.445	0.257176	-0.163968	0.994544	-0.3255	-1.347	-2.8065	0	140	1023	1
2026-02-11	16:36:54.670	6.125	19.635	0.35	0.237656	-0.1464	0.997228	-0.3195	-1.3455	-2.8005	0	140	1023	1
2026-02-11	16:36:54.690	3.22	21.98	2.45	0.207156	-0.133956	0.970388	-0.3075	-1.3545	-2.802	0	140	1023	1
2026-02-11	16:36:54.710	0.98	23.17	2.8	0.172996	-0.141276	0.93452	-0.3195	-1.3545	-2.814	0	140	1023	1
2026-02-11	16:36:54.730	-0.84	21.49	2.03	0.13298	-0.14884	0.874252	-0.315	-1.3545	-2.811	0	140	1023	1
2026-02-11	16:36:54.750	-1.61	17.15	0.875	0.102724	-0.156404	0.836676	-0.3165	-1.3575	-2.8035	0	140	1023	1
2026-02-11	16:36:54.770	-1.26	12.145	-0.21	0.084912	-0.15494	0.832284	-0.303	-1.3515	-2.8035	0	140	1023	1
2026-02-11	16:36:54.790	0.14	8.155	-1.33	0.07808	-0.144692	0.823256	-0.294	-1.3485	-2.808	0	140	1023	1
2026-02-11	16:36:54.810	1.715	5.845	-2.17	0.074176	-0.130296	0.823744	-0.3	-1.3515	-2.805	0	144	1038	1
2026-02-11	16:36:54.830	2.73	4.2	-2.135	0.057828	-0.114436	0.803736	-0.297	-1.3635	-2.8215	0	144	1038	1
2026-02-11	16:36:54.850	2.94	1.61	-1.61	0.037332	-0.107604	0.789096	-0.294	-1.362	-2.8035	0	144	1038	1
2026-02-11	16:36:54.870	2.31	-1.365	-0.84	0.0183	-0.101992	0.779824	-0.297	-1.3605	-2.799	0	144	1038	1
2026-02-11	16:36:54.890	1.4	-3.745	0.105	0.028548	-0.09394	0.772992	-0.2985	-1.3605	-2.799	0	144	1038	1
2026-02-11	16:36:54.910	1.015	-5.565	1.015	0.052216	-0.088816	0.776652	-0.3015	-1.359	-2.8005	0	144	1038	1
2026-02-11	16:36:54.930	1.19	-5.04	2.66	0.030988	-0.090524	0.819108	-0.3075	-1.3575	-2.799	0	144	1038	1
2026-02-11	16:36:54.950	0.805	-1.96	3.92	0.015616	-0.088572	0.859124	-0.3075	-1.3575	-2.799	0	144	1038	1
2026-02-11	16:36:54.970	0.315	1.96	4.375	0.03172	-0.091744	0.884012	-0.309	-1.365	-2.805	0	144	1038	1
2026-02-11	16:36:54.990	0.21	4.97	4.235	0.031232	-0.08686399	0.898896	-0.306	-1.356	-2.811	0	144	1038	1
2026-02-11	16:36:55.010	0.525	7.49	3.92	0.020984	-0.071004	0.89914	-0.306	-1.3575	-2.8035	0	147	1021	1
2026-02-11	16:36:55.030	1.155	9.555	3.815	0.02684	-0.060512	0.909876	-0.306	-1.359	-2.805	0	147	1021	1
2026-02-11	16:36:55.050	1.085	9.205	4.025	0.018788	-0.044652	0.939644	-0.306	-1.35	-2.805	0	147	1021	1
2026-02-11	16:36:55.070	-0.105	7	3.92	0.008296	-0.051484	0.99674	-0.3075	-1.3545	-2.811	0	147	1021	1
2026-02-11	16:36:55.090	-2.17	5.915	3.255	-0.009272	-0.057096	1.032852	-0.309	-1.3575	-2.808	0	147	1021	1
2026-02-11	16:36:55.110	-3.535	5.53	1.61	-0.031476	-0.056852	1.051152	-0.3105	-1.365	-2.817	0	147	1021	1
2026-02-11	16:36:55.130	-3.675	3.955	-0.91	-0.046848	-0.044896	1.045052	-0.3105	-1.359	-2.8065	0	147	1021	1
2026-02-11	16:36:55.150	-2.73	1.225	-4.445	-0.064416	-0.035136	1.058228	-0.3075	-1.3605	-2.8185	0	147	1021	1
2026-02-11	16:36:55.170	-1.19	-1.785	-8.925	-0.055876	-0.033184	1.08214	-0.3	-1.3635	-2.811	0	147	1021	1
2026-02-11	16:36:55.190	1.19	-4.165	-15.12	-0.016592	-0.043188	1.113128	-0.3	-1.3635	-2.808	0	147	1021	1
2026-02-11	16:36:55.210	3.43	-4.725	-19.95	0.057096	-0.065148	1.145824	-0.3	-1.3635	-2.808	0	150	1002	1
2026-02-11	16:36:55.230	4.2	-4.13	-21.84	0.08906	-0.083692	1.151436	-0.297	-1.359	-2.808	0	150	1002	1
2026-02-11	16:36:55.250	4.34	-5.005	-23.03	0.081984	-0.085156	1.141676	-0.2955	-1.3575	-2.8065	0	150	1002	1
2026-02-11	16:36:55.270	3.185	-9.415	-23.765	0.11468	-0.091012	1.185596	-0.2955	-1.356	-2.802	0	150	1002	1
2026-02-11	16:36:55.290	-0.91	-16.52	-23.275	0.194224	-0.097356	1.274168	-0.3015	-1.353	-2.805	0	150	1002	1
2026-02-11	16:36:55.310	-6.37	-20.65	-22.75	0.237656	-0.11102	1.281	-0.3045	-1.3545	-2.8095	0	150	1002	1
2026-02-11	16:36:55.330	-8.225	-17.605	-24.325	0.2074	-0.110776	1.192916	-0.3045	-1.35	-2.8095	0	150	1002	1
2026-02-11	16:36:55.350	-5.845	-11.585	-28.28	0.189588	-0.115168	1.081408	-0.306	-1.3485	-2.8095	0	150	1002	1
2026-02-11	16:36:55.370	-1.96	-6.93	-32.41	0.2013	-0.122732	0.998204	-0.306	-1.344	-2.808	0	150	1002	1
2026-02-11	16:36:55.390	1.89	-2.555	-34.86	0.23424	-0.105408	0.961116	-0.3045	-1.3395	-2.8095	0	150	1002	1
2026-02-11	16:36:55.410	5.495	2.73	-34.685	0.30134	-0.092476	0.979172	-0.3075	-1.3425	-2.802	0	153	1010	1
2026-02-11	16:36:55.430	7.63	9.065	-31.185	0.368684	-0.074176	1.035048	-0.3015	-1.344	-2.7945	0	153	1010	1
2026-02-11	16:36:55.450	7.525	14.91	-25.62	0.361608	-0.056852	1.06262	-0.3	-1.3455	-2.8065	0	153	1010	1
2026-02-11	16:36:55.470	5.145	17.5	-19.04	0.30988	-0.046116	1.055788	-0.291	-1.3395	-2.8035	0	153	1010	1
2026-02-11	16:36:55.490	3.43	16.38	-16.73	0.274012	-0.036844	1.009428	-0.2955	-1.3425	-2.8035	0	153	1010	1
2026-02-11	16:36:55.510	3.36	13.755	-15.68	0.227896	-0.033184	0.933788	-0.294	-1.3485	-2.8035	0	153	1010	1
2026-02-11	16:36:55.530	4.76	9.1	-15.645	0.176656	-0.037088	0.872056	-0.2895	-1.35	-2.8005	0	153	1010	1
2026-02-11	16:36:55.550	5.915	2.975	-16.065	0.126636	-0.033428	0.846192	-0.291	-1.3455	-2.802	0	153	1010	1
2026-02-11	16:36:55.570	6.125	-2.8	-16.485	0.102236	-0.033672	0.852536	-0.2835	-1.344	-2.802	0	153	1010	1
2026-02-11	16:36:55.590	5.74	-6.44	-17.185	0.099552	-0.035624	0.849852	-0.282	-1.3485	-2.8005	0	153	1010	1
2026-02-11	16:36:55.610	5.145	-7.105	-17.745	0.088084	-0.040504	0.835212	-0.288	-1.356	-2.8065	0	156	1021	1
2026-02-11	16:36:55.630	4.865	-6.405	-17.92	0.05246	-0.028548	0.7991	-0.285	-1.3575	-2.802	0	156	1021	1
2026-02-11	16:36:55.650	4.935	-7.665	-18.305	0.044896	-0.016348	0.771528	-0.2865	-1.3575	-2.7975	0	156	1021	1
2026-02-11	16:36:55.670	5.005	-10.36	-18.83	0.07564	-0.015128	0.798612	-0.285	-1.3545	-2.8005	0	156	1021	1
2026-02-11	16:36:55.690	4.13	-11.06	-18.13	0.103456	-0.0122	0.828136	-0.2805	-1.35	-2.8035	0	156	1021	1
2026-02-11	16:36:55.710	2.625	-9.8	-16.24	0.108092	0.001708	0.840336	-0.285	-1.35	-2.8035	0	156	1021	1
2026-02-11	16:36:55.730	0.91	-7.595	-13.37	0.110776	0.00732	0.857416	-0.2865	-1.3515	-2.8005	0	156	1021	1
2026-02-11	16:36:55.750	-1.33	-5.6	-9.765	0.1098	-0.002928	0.897432	-0.285	-1.3545	-2.799	0	156	1021	1
2026-02-11	16:36:55.770	-3.57	-4.305	-6.72	0.113948	-0.009272	0.941108	-0.294	-1.35	-2.811	0	156	1021	1
2026-02-11	16:36:55.790	-5.705	-2.135	-4.585	0.127368	-0.007808	0.975756	-0.279	-1.35	-2.8065	0	156	1021	1
2026-02-11	16:36:55.810	-7.245	1.05	-2.87	0.122244	-0.005856	1.00284	-0.288	-1.3485	-2.8065	0	158	1011	1
2026-02-11	16:36:55.830	-8.82	4.515	-1.645	0.125904	-0.015372	1.04554	-0.2745	-1.353	-2.796	0	158	1011	1
2026-02-11	16:36:55.850	-11.34	6.965	-0.105	0.112972	-0.027816	1.064328	-0.2925	-1.3455	-2.7975	0	158	1011	1
2026-02-11	16:36:55.870	-13.65	5.95	2.695	0.113704	-0.040992	1.085556	-0.2895	-1.341	-2.8005	0	158	1011	1
2026-02-11	16:36:55.890	-14.875	3.57	6.055	0.118096	-0.04636	1.107272	-0.2835	-1.3365	-2.793	0	158	1011	1
2026-02-11	16:36:55.910	-13.65	3.36	8.435	0.12078	-0.043188	1.150216	-0.2835	-1.329	-2.781	0	158	1011	1
2026-02-11	16:36:55.930	-11.165	6.545	9.45	0.10614	-0.042212	1.149972	-0.2835	-1.3275	-2.7915	0	158	1011	1
2026-02-11	16:36:55.950	-8.68	9.485	9.485	0.055388	-0.029524	1.103856	-0.285	-1.3275	-2.8035	0	158	1011	1
2026-02-11	16:36:55.970	-5.985	9.45	9.17	0.0366	-0.024156	1.090436	-0.285	-1.3275	-2.802	0	158	1011	1
2026-02-11	16:36:55.990	-3.955	8.47	9.975	0.055144	-0.029524	1.146556	-0.2805	-1.3215	-2.805	0	158	1011	1
2026-02-11	16:36:56.010	-3.85	9.38	13.09	0.106384	-0.038552	1.229272	-0.2775	-1.3185	-2.8095	0	159	1007	1
2026-02-11	16:36:56.030	-4.13	10.5	14.245	0.112484	-0.038552	1.225612	-0.2775	-1.3185	-2.8095	0	159	1007	1
2026-02-11	16:36:56.050	-3.255	8.155	14.455	0.121512	-0.043432	1.21024	-0.279	-1.329	-2.805	0	159	1007	1
2026-02-11	16:36:56.070	-2.835	1.75	15.085	0.161284	-0.077836	1.25538	-0.2715	-1.323	-2.805	0	159	1007	1
2026-02-11	16:36:56.090	-4.585	-6.86	17.43	0.1952	-0.1342	1.285148	-0.273	-1.332	-2.8005	0	159	1007	1
2026-02-11	16:36:56.110	-7.875	-13.79	21.14	0.1891	-0.16226	1.257332	-0.2865	-1.326	-2.799	0	159	1007	1
2026-02-11	16:36:56.130	-9.31	-17.36	24.15	0.188124	-0.176168	1.192916	-0.285	-1.3275	-2.802	0	159	1007	1
2026-02-11	16:36:56.150	-7.77	-19.845	24.745	0.180804	-0.164944	1.097268	-0.288	-1.323	-2.796	0	159	1007	1
2026-02-11	16:36:56.170	-2.73	-22.12	22.12	0.189344	-0.142252	1.009916	-0.2955	-1.3275	-2.7915	0	159	1007	1
2026-02-11	16:36:56.190	4.55	-22.715	17.92	0.203252	-0.128588	0.944524	-0.2985	-1.3245	-2.8005	0	159	1007	1
2026-02-11	16:36:56.210	12.425	-20.545	14.665	0.211548	-0.142008	0.915488	-0.3015	-1.3245	-2.799	0	159	1028	1
2026-02-11	16:36:56.230	18.41	-16.135	13.335	0.216916	-0.16714	0.919148	-0.3045	-1.332	-2.799	0	159	1028	1
2026-02-11	16:36:56.250	21.14	-10.325	13.755	0.230824	-0.171044	0.956236	-0.3075	-1.3365	-2.802	0	159	1028	1
2026-02-11	16:36:56.270	18.97	-1.82	15.925	0.244	-0.155428	1.0065	-0.303	-1.3425	-2.793	0	159	1028	1
2026-02-11	16:36:56.290	13.58	4.935	17.92	0.206424	-0.152012	0.97234	-0.303	-1.3425	-2.793	0	159	1028	1
2026-02-11	16:36:56.310	10.675	8.015	17.535	0.182268	-0.152256	0.946232	-0.3015	-1.3455	-2.793	0	159	1028	1
2026-02-11	16:36:56.330	7.525	10.885	16.345	0.16348	-0.161284	0.94672	-0.312	-1.353	-2.799	0	159	1028	1
2026-02-11	16:36:56.350	2.485	12.075	15.925	0.121268	-0.156892	0.924272	-0.312	-1.356	-2.799	0	159	1028	1
2026-02-11	16:36:56.370	-2.03	10.43	16.1	0.091256	-0.149816	0.888892	-0.3075	-1.3575	-2.7945	0	159	1028	1
2026-02-11	16:36:56.390	-4.62	8.015	16.45	0.076616	-0.146644	0.859368	-0.3105	-1.3605	-2.799	0	159	1028	1
2026-02-11	16:36:56.410	-5.32	6.02	17.43	0.061732	-0.141764	0.842532	-0.3105	-1.359	-2.802	0	159	1041	1
2026-02-11	16:36:56.430	-4.62	3.885	19.11	0.045628	-0.130784	0.826428	-0.312	-1.3575	-2.799	0	159	1041	1
2026-02-11	16:36:56.450	-3.01	1.575	21.21	0.029524	-0.118584	0.809592	-0.3195	-1.3665	-2.796	0	159	1041	1
2026-02-11	16:36:56.470	-1.645	-0.84	23.065	0.039284	-0.10126	0.792512	-0.312	-1.365	-2.8035	0	159	1041	1
2026-02-11	16:36:56.490	-0.56	-4.375	24.22	0.047336	-0.095892	0.783972	-0.312	-1.356	-2.7915	0	159	1041	1
2026-02-11	16:36:56.510	0.56	-8.085	24.955	0.049044	-0.081252	0.789096	-0.3165	-1.3635	-2.793	0	159	1041	1
2026-02-11	16:36:56.530	2.03	-10.78	25.34	0.059048	-0.069784	0.794952	-0.318	-1.353	-2.7975	0	159	1041	1
2026-02-11	16:36:56.550	3.99	-14.525	25.725	0.065148	-0.093696	0.85156	-0.3225	-1.368	-2.799	0	159	1041	1
2026-02-11	16:36:56.570	3.57	-13.93	25.935	0.057828	-0.081984	0.89914	-0.3255	-1.365	-2.7975	0	159	1041	1
2026-02-11	16:36:56.590	2.835	-10.43	25.515	0.04514	-0.05612	0.919148	-0.3315	-1.3635	-2.799	0	159	1041	1
2026-02-11	16:36:56.610	3.675	-7.14	24.22	0.0549	-0.048556	0.961604	-0.3285	-1.362	-2.799	0	158	1026	1
2026-02-11	16:36:56.630	2.87	-4.9	22.785	0.061976	-0.054168	1.005768	-0.327	-1.362	-2.7945	0	158	1026	1
2026-02-11	16:36:56.650	0.7	-3.465	21.14	0.069052	-0.053436	1.033096	-0.327	-1.3635	-2.79	0	158	1026	1
2026-02-11	16:36:56.670	-0.805	-1.155	18.69	0.049532	-0.04514	1.028704	-0.33	-1.3635	-2.796	0	158	1026	1
2026-02-11	16:36:56.690	-0.035	0.98	15.225	0.030744	-0.041724	1.033584	-0.3285	-1.3665	-2.8005	0	158	1026	1
2026-02-11	16:36:56.710	2.065	1.75	10.29	0.030012	-0.055388	1.085312	-0.33	-1.368	-2.796	0	158	1026	1
2026-02-11	16:36:56.730	2.205	2.1	5.145	0.03172	-0.069296	1.162904	-0.339	-1.3755	-2.7945	0	158	1026	1
2026-02-11	16:36:56.750	-0.91	2.625	0.665	0.034404	-0.054656	1.190964	-0.3345	-1.371	-2.796	0	158	1026	1
2026-02-11	16:36:56.770	-4.34	2.73	-3.92	0.035624	-0.04514	1.193648	-0.3315	-1.368	-2.7945	0	158	1026	1
2026-02-11	16:36:56.790	-6.86	2.905	-8.47	0.06222	-0.042456	1.19072	-0.333	-1.368	-2.7975	0	158	1026	1
2026-02-11	16:36:56.810	-8.89	2.1	-12.95	0.078568	-0.040016	1.174372	-0.3345	-1.3605	-2.7945	0	157	1013	1
2026-02-11	16:36:56.830	-10.36	-0.84	-17.22	0.103456	-0.043676	1.165344	-0.3345	-1.362	-2.79	0	157	1013	1
2026-02-11	16:36:56.850	-12.005	-5.635	-20.055	0.152012	-0.06832	1.186328	-0.33	-1.362	-2.802	0	157	1013	1
2026-02-11	16:36:56.870	-13.895	-9.835	-21.91	0.225456	-0.0915	1.207068	-0.33	-1.3575	-2.7885	0	157	1013	1
2026-02-11	16:36:56.890	-14.63	-10.64	-23.17	0.2562	-0.100284	1.1712	-0.327	-1.359	-2.7885	0	157	1013	1
2026-02-11	16:36:56.910	-13.405	-8.19	-24.185	0.26474	-0.106872	1.080188	-0.3195	-1.3515	-2.802	0	157	1013	1
2026-02-11	16:36:56.930	-10.36	-4.48	-24.745	0.243024	-0.103944	0.958188	-0.321	-1.347	-2.793	0	157	1013	1
2026-02-11	16:36:56.950	-5.53	-0.63	-24.675	0.238876	-0.079544	0.901824	-0.324	-1.3485	-2.7915	0	157	1013	1
2026-02-11	16:36:56.970	-0.63	3.64	-24.045	0.284016	-0.062708	0.905484	-0.3285	-1.344	-2.7915	0	157	1013	1
2026-02-11	16:36:56.990	1.26	8.435	-22.435	0.33672	-0.057584	0.965752	-0.3315	-1.3395	-2.7915	0	157	1013	1
2026-02-11	16:36:57.010	0.455	11.515	-19.635	0.351116	-0.064172	0.929884	-0.33	-1.3425	-2.793	0	157	1021	1
2026-02-11	16:36:57.030	-0.14	12.005	-17.43	0.312564	-0.044652	0.958432	-0.3195	-1.3455	-2.7915	0	157	1021	1
2026-02-11	16:36:57.050	-0.42	11.41	-16.415	0.259128	-0.050752	0.95038	-0.315	-1.347	-2.7915	0	157	1021	1
2026-02-11	16:36:57.070	-0.035	8.995	-16.45	0.224968	-0.05002	0.940132	-0.3195	-1.347	-2.7975	0	157	1021	1
2026-02-11	16:36:57.090	0.84	2.94	-17.255	0.182756	-0.052216	0.907436	-0.321	-1.344	-2.7975	0	157	1021	1
2026-02-11	16:36:57.110	1.82	-2.065	-17.64	0.14274	-0.050264	0.875716	-0.3195	-1.3425	-2.7945	0	157	1021	1
2026-02-11	16:36:57.130	3.92	-5.845	-18.27	0.105896	-0.038308	0.85644	-0.324	-1.344	-2.793	0	157	1021	1
2026-02-11	16:36:57.150	6.37	-7.56	-18.935	0.092964	-0.030744	0.853024	-0.3105	-1.347	-2.7945	0	157	1021	1
2026-02-11	16:36:57.170	7.805	-7.735	-19.075	0.097112	-0.027084	0.860832	-0.318	-1.3455	-2.787	0	157	1021	1
2026-02-11	16:36:57.190	7.805	-7.07	-18.235	0.116876	-0.035136	0.864736	-0.3255	-1.3455	-2.79	0	157	1021	1
2026-02-11	16:36:57.210	7.035	-5.425	-16.66	0.131516	-0.036844	0.860832	-0.3285	-1.341	-2.781	0	157	1022	1
2026-02-11	16:36:57.230	6.02	-3.045	-14.84	0.13298	-0.040504	0.847412	-0.324	-1.3515	-2.7855	0	157	1022	1
2026-02-11	16:36:57.250	4.9	-1.33	-13.02	0.126148	-0.047336	0.82838	-0.318	-1.3545	-2.7915	0	157	1022	1
2026-02-11	16:36:57.270	3.85	-1.295	-11.585	0.138348	-0.043676	0.847412	-0.321	-1.3515	-2.787	0	157	1022	1
2026-02-11	16:36:57.290	2.73	-1.015	-10.43	0.157136	-0.052216	0.923296	-0.321	-1.3515	-2.787	0	157	1022	1
2026-02-11	16:36:57.310	0.035	1.785	-8.82	0.177388	-0.058072	0.998692	-0.327	-1.3515	-2.79	0	157	1022	1
2026-02-11	16:36:57.330	-4.655	4.865	-6.335	0.159332	-0.05368	0.996008	-0.318	-1.347	-2.7885	0	157	1022	1
2026-02-11	16:36:57.350	-8.33	4.55	-4.2	0.130784	-0.044652	0.967216	-0.3225	-1.35	-2.787	0	157	1022	1
2026-02-11	16:36:57.370	-7.77	2.73	-3.29	0.144936	-0.038308	1.002596	-0.3225	-1.35	-2.787	0	157	1022	1
2026-02-11	16:36:57.390	-5.285	3.08	-2.625	0.1586	-0.041968	1.049932	-0.321	-1.344	-2.784	0	157	1022	1
2026-02-11	16:36:57.410	-3.64	3.745	-1.365	0.154208	-0.045872	1.061644	-0.324	-1.341	-2.7795	0	156	1010	1
2026-02-11	16:36:57.430	-2.555	2.66	0	0.146644	-0.054168	1.082872	-0.3165	-1.344	-2.781	0	156	1010	1
2026-02-11	16:36:57.450	-1.54	2.205	1.4	0.144448	-0.052704	1.128012	-0.306	-1.3455	-2.7825	0	156	1010	1
2026-02-11	16:36:57.470	-1.155	3.5	2.975	0.159332	-0.051484	1.162416	-0.321	-1.344	-2.7825	0	156	1010	1
2026-02-11	16:36:57.490	-1.96	5.985	5.005	0.142252	-0.04026	1.150704	-0.318	-1.341	-2.781	0	156	1010	1
2026-02-11	16:36:57.510	-2.8	6.825	7.105	0.13786	-0.02562	1.11996	-0.3165	-1.338	-2.787	0	156	1010	1
2026-02-11	16:36:57.530	-2.17	5.88	8.645	0.140544	-0.031232	1.136064	-0.3225	-1.341	-2.79	0	156	1010	1
2026-02-11	16:36:57.550	-1.26	5.285	9.905	0.160308	-0.045384	1.185352	-0.306	-1.3455	-2.7855	0	156	1010	1
2026-02-11	16:36:57.570	-2.065	4.515	11.41	0.16592	-0.05856	1.197796	-0.309	-1.335	-2.7795	0	156	1010	1
2026-02-11	16:36:57.590	-4.69	0	12.985	0.20862	-0.085644	1.202188	-0.3165	-1.344	-2.79	0	156	1010	1
2026-02-11	16:36:57.610	-7.805	-6.545	14.63	0.249124	-0.112972	1.1895	-0.312	-1.338	-2.7855	0	154	1013	1
2026-02-11	16:36:57.630	-9.38	-11.48	16.135	0.238632	-0.149328	1.102392	-0.3195	-1.332	-2.787	0	154	1013	1
2026-02-11	16:36:57.650	-7.28	-13.16	16.45	0.218136	-0.171776	0.993568	-0.3195	-1.338	-2.7885	0	154	1013	1
2026-02-11	16:36:57.670	-3.395	-12.11	16.275	0.223504	-0.177388	0.935252	-0.3225	-1.3365	-2.7825	0	154	1013	1
2026-02-11	16:36:57.690	1.05	-8.61	16.695	0.243756	-0.18056	0.936228	-0.324	-1.332	-2.7795	0	154	1013	1
2026-02-11	16:36:57.710	3.99	-3.57	18.13	0.271328	-0.196664	0.978928	-0.324	-1.3365	-2.7765	0	154	1013	1
2026-02-11	16:36:57.730	4.165	0.84	19.215	0.272792	-0.199592	0.99186	-0.3255	-1.3365	-2.775	0	154	1013	1
2026-02-11	16:36:57.750	3.885	3.325	19.11	0.252296	-0.185684	0.979416	-0.324	-1.338	-2.778	0	154	1013	1
2026-02-11	16:36:57.770	4.445	4.095	18.585	0.2379	-0.174216	0.982832	-0.3225	-1.3455	-2.778	0	154	1013	1
2026-02-11	16:36:57.790	4.305	4.48	18.305	0.200324	-0.165188	0.971364	-0.321	-1.347	-2.7825	0	154	1013	1
2026-02-11	16:36:57.810	3.92	4.41	17.535	0.162016	-0.151768	0.948184	-0.324	-1.3425	-2.787	0	151	1026	1
2026-02-11	16:36:57.830	4.305	4.34	16.205	0.14274	-0.153964	0.938912	-0.3255	-1.3455	-2.7855	0	151	1026	1
2026-02-11	16:36:57.850	4.515	4.515	15.435	0.118096	-0.14518	0.916952	-0.321	-1.3515	-2.7855	0	151	1026	1
2026-02-11	16:36:57.870	4.305	3.78	15.54	0.10004	-0.136396	0.899628	-0.321	-1.35	-2.781	0	151	1026	1
2026-02-11	16:36:57.890	3.78	2.345	15.89	0.099308	-0.132736	0.894016	-0.3225	-1.347	-2.775	0	151	1026	1
2026-02-11	16:36:57.910	2.975	0.595	17.15	0.112484	-0.122732	0.874496	-0.3225	-1.347	-2.7735	0	151	1026	1
2026-02-11	16:36:57.930	3.15	0	18.48	0.120048	-0.105896	0.864248	-0.327	-1.35	-2.7795	0	151	1026	1
2026-02-11	16:36:57.950	3.71	-0.315	19.845	0.113948	-0.095404	0.848632	-0.33	-1.356	-2.781	0	151	1026	1
2026-02-11	16:36:57.970	4.025	-0.77	20.965	0.090524	-0.091256	0.831308	-0.33	-1.353	-2.772	0	151	1026	1
2026-02-11	16:36:57.990	3.885	-1.155	21.315	0.0854	-0.088572	0.834968	-0.327	-1.3545	-2.7735	0	151	1026	1
2026-02-11	16:36:58.010	3.255	-1.4	21.245	0.085888	-0.071004	0.831552	-0.3315	-1.3605	-2.7765	0	148	1023	1
2026-02-11	16:36:58.030	3.115	-2.17	21	0.07076	-0.046604	0.826428	-0.3375	-1.365	-2.7765	0	148	1023	1
2026-02-11	16:36:58.050	3.325	-3.045	19.95	0.060268	-0.040504	0.850584	-0.333	-1.3605	-2.7765	0	148	1023	1
2026-02-11	16:36:58.070	2.8	-3.815	18.9	0.082472	-0.045872	0.911096	-0.3375	-1.359	-2.7795	0	148	1023	1
2026-02-11	16:36:58.090	0.42	-3.92	19.075	0.075884	-0.044408	0.942084	-0.339	-1.362	-2.778	0	148	1023	1
2026-02-11	16:36:58.110	-1.505	-3.64	19.46	0.050264	-0.020496	0.925004	-0.339	-1.3635	-2.772	0	148	1023	1
2026-02-11	16:36:58.130	-0.7	-3.815	18.585	0.021472	-0.012444	0.91134	-0.3405	-1.362	-2.775	0	148	1023	1
2026-02-11	16:36:58.150	2.065	-3.85	16.415	0.00244	-0.027328	0.955748	-0.339	-1.3635	-2.7765	0	148	1023	1
2026-02-11	16:36:58.170	4.9	-2.345	13.37	-0.000488	-0.043188	1.027728	-0.339	-1.3665	-2.775	0	148	1023	1
2026-02-11	16:36:58.190	6.58	0.07	10.78	0.028304	-0.043432	1.092632	-0.339	-1.3665	-2.775	0	148	1023	1
2026-02-11	16:36:58.210	7.14	1.645	8.785	0.042944	-0.045872	1.1407	-0.3495	-1.3635	-2.7675	0	146	1008	1
2026-02-11	16:36:58.230	7.07	2.73	6.615	0.037088	-0.0549	1.16998	-0.3525	-1.359	-2.7735	0	146	1008	1
2026-02-11	16:36:58.250	7.315	4.095	3.675	0.036844	-0.057828	1.164124	-0.345	-1.365	-2.7705	0	146	1008	1
2026-02-11	16:36:58.270	8.925	6.58	0.245	0.063928	-0.05124	1.164612	-0.3405	-1.368	-2.775	0	146	1008	1
2026-02-11	16:36:58.290	10.71	9.1	-2.59	0.107116	-0.046116	1.159	-0.3495	-1.3665	-2.7705	0	146	1008	1
2026-02-11	16:36:58.310	11.305	9.59	-4.235	0.140544	-0.05856	1.154852	-0.336	-1.368	-2.766	0	146	1008	1
2026-02-11	16:36:58.330	10.36	8.995	-5.355	0.139324	-0.071736	1.156316	-0.333	-1.371	-2.772	0	146	1008	1
2026-02-11	16:36:58.350	8.015	7.875	-6.545	0.147376	-0.073688	1.16998	-0.3285	-1.3725	-2.763	0	146	1008	1
2026-02-11	16:36:58.370	4.795	5.74	-7.805	0.177876	-0.079788	1.1834	-0.342	-1.365	-2.7615	0	146	1008	1
2026-02-11	16:36:58.390	1.4	3.115	-9.24	0.201788	-0.089304	1.16022	-0.342	-1.371	-2.7645	0	146	1008	1
2026-02-11	16:36:58.410	-0.7	1.505	-10.85	0.199348	-0.09028	1.101172	-0.339	-1.3725	-2.7735	0	145	1010	1
2026-02-11	16:36:58.430	-1.085	1.645	-12.18	0.194468	-0.088572	1.051152	-0.3375	-1.365	-2.775	0	145	1010	1
2026-02-11	16:36:58.450	1.015	2.24	-14.805	0.205204	-0.069052	0.974048	-0.3375	-1.365	-2.775	0	145	1010	1
2026-02-11	16:36:58.470	3.78	2.415	-16.555	0.233264	-0.054412	0.95282	-0.333	-1.371	-2.763	0	145	1010	1
2026-02-11	16:36:58.490	5.95	2.065	-16.66	0.284748	-0.036844	0.972584	-0.327	-1.3665	-2.763	0	145	1010	1
2026-02-11	16:36:58.510	6.72	0.875	-15.61	0.305976	-0.0244	1.002108	-0.3255	-1.368	-2.772	0	145	1010	1
2026-02-11	16:36:58.530	6.335	0.105	-15.225	0.287432	-0.019764	1.020164	-0.3285	-1.371	-2.769	0	145	1010	1
2026-02-11	16:36:58.550	4.9	0.7	-15.785	0.261568	-0.013908	1.01992	-0.327	-1.3695	-2.772	0	145	1010	1
2026-02-11	16:36:58.570	2.695	1.19	-16.765	0.221064	-0.011712	0.990884	-0.33	-1.374	-2.766	0	145	1010	1
2026-02-11	16:36:58.590	0.07	-0.175	-18.095	0.183976	-0.01586	0.95404	-0.3255	-1.3695	-2.7675	0	145	1010	1
2026-02-11	16:36:58.610	-1.75	-2.345	-19.635	0.1647	-0.02074	0.936228	-0.3375	-1.3725	-2.7645	0	144	1024	1
2026-02-11	16:36:58.630	-2.66	-3.255	-20.93	0.158356	-0.010736	0.934032	-0.3345	-1.3785	-2.7675	0	144	1024	1
2026-02-11	16:36:58.650	-3.36	-3.395	-21.77	0.146156	-0.001464	0.922808	-0.336	-1.3725	-2.7675	0	144	1024	1
2026-02-11	16:36:58.670	-4.62	-3.71	-22.365	0.124684	0.011468	0.91622	-0.3285	-1.371	-2.7735	0	144	1024	1
2026-02-11	16:36:58.690	-6.51	-4.48	-22.995	0.10614	0.018056	0.908412	-0.327	-1.371	-2.7645	0	144	1024	1
2026-02-11	16:36:58.710	-8.855	-5.95	-24.045	0.088084	0.021228	0.870104	-0.3255	-1.368	-2.7675	0	144	1024	1
2026-02-11	16:36:58.730	-10.255	-7.21	-25.725	0.076372	0.02684	0.82716	-0.3315	-1.365	-2.769	0	144	1024	1
2026-02-11	16:36:58.750	-10.78	-7.525	-27.65	0.076372	0.023912	0.817644	-0.336	-1.362	-2.7705	0	144	1024	1
2026-02-11	16:36:58.770	-11.69	-6.545	-29.435	0.083448	0.018788	0.839116	-0.336	-1.359	-2.7705	0	144	1024	1
2026-02-11	16:36:58.790	-13.755	-5.04	-30.135	0.10248	0.004392	0.844484	-0.336	-1.3575	-2.7705	0	144	1024	1
2026-02-11	16:36:58.810	-16.415	-5.285	-29.75	0.124928	-0.008784	0.851316	-0.333	-1.356	-2.7675	0	142	1023	1
2026-02-11	16:36:58.830	-18.095	-7.35	-28.805	0.150304	-0.02196	0.890112	-0.3315	-1.3515	-2.7705	0	142	1023	1
2026-02-11	16:36:58.850	-18.515	-8.295	-27.335	0.159088	-0.034648	0.925248	-0.3315	-1.3485	-2.7735	0	142	1023	1
2026-02-11	16:36:58.870	-18.375	-7.98	-24.815	0.152744	-0.050996	0.93696	-0.3345	-1.347	-2.769	0	142	1023	1
2026-02-11	16:36:58.890	-17.605	-8.12	-21.525	0.153476	-0.057828	0.927932	-0.333	-1.3425	-2.772	0	142	1023	1
2026-02-11	16:36:58.910	-14.665	-8.19	-18.2	0.150304	-0.050996	0.939644	-0.33	-1.3365	-2.775	0	142	1023	1
2026-02-11	16:36:58.930	-9.73	-6.72	-15.26	0.15128	-0.050996	0.973316	-0.3285	-1.3365	-2.775	0	142	1023	1
2026-02-11	16:36:58.950	-4.48	-4.935	-12.355	0.16348	-0.06344	1.02358	-0.3345	-1.3335	-2.775	0	142	1023	1
2026-02-11	16:36:58.970	0	-2.87	-9.24	0.167872	-0.072468	1.069452	-0.3405	-1.3305	-2.7735	0	142	1023	1
2026-02-11	16:36:58.990	6.23	2.17	-4.165	0.191784	-0.077348	1.134112	-0.3405	-1.3305	-2.7735	0	142	1023	1
2026-02-11	16:36:59.010	8.925	6.44	-0.525	0.176412	-0.08686399	1.155828	-0.336	-1.332	-2.7675	0	141	1011	1
2026-02-11	16:36:59.030	9.8	9.625	2.87	0.146888	-0.10126	1.157292	-0.3315	-1.3305	-2.769	0	141	1011	1
2026-02-11	16:36:59.050	10.22	11.2	5.635	0.142008	-0.102724	1.146312	-0.33	-1.3305	-2.775	0	141	1011	1
2026-02-11	16:36:59.070	12.145	10.92	7.875	0.171288	-0.093452	1.172176	-0.33	-1.3335	-2.769	0	141	1011	1
2026-02-11	16:36:59.090	14.035	8.75	10.22	0.243268	-0.107116	1.240008	-0.324	-1.335	-2.7675	0	141	1011	1
2026-02-11	16:36:59.110	12.565	4.62	14.14	0.294752	-0.118096	1.288564	-0.3255	-1.332	-2.769	0	141	1011	1
2026-02-11	16:36:59.130	8.645	-1.645	19.075	0.301584	-0.117364	1.278072	-0.3315	-1.3365	-2.766	0	141	1011	1
2026-02-11	16:36:59.150	5.705	-8.225	22.47	0.298168	-0.122732	1.215364	-0.333	-1.341	-2.766	0	141	1011	1
2026-02-11	16:36:59.170	5.11	-11.27	23.8	0.264496	-0.13664	1.10898	-0.33	-1.3425	-2.766	0	141	1011	1
2026-02-11	16:36:59.190	6.16	-11.375	23.94	0.224968	-0.1403	1.019676	-0.33	-1.3485	-2.766	0	141	1011	1
2026-02-11	16:36:59.210	7.875	-9.8	23.59	0.210816	-0.144692	0.96502	-0.3345	-1.347	-2.769	0	139	1018	1
2026-02-11	16:36:59.230	9.835	-7.245	22.82	0.219844	-0.144692	0.95526	-0.342	-1.341	-2.769	0	139	1018	1
2026-02-11	16:36:59.250	10.99	-4.305	21.665	0.243512	-0.142008	1.00284	-0.348	-1.3425	-2.7645	0	139	1018	1
2026-02-11	16:36:59.270	9.38	-1.225	20.79	0.216916	-0.132248	1.04066	-0.348	-1.347	-2.7645	0	139	1018	1
2026-02-11	16:36:59.290	6.16	0.98	19.705	0.190808	-0.12688	1.043588	-0.345	-1.362	-2.769	0	139	1018	1
2026-02-11	16:36:59.310	2.38	2.275	18.165	0.173484	-0.12078	1.007964	-0.3495	-1.3605	-2.7705	0	139	1018	1
2026-02-11	16:36:59.330	-0.56	1.435	16.905	0.157868	-0.11346	0.945988	-0.3405	-1.359	-2.769	0	139	1018	1
2026-02-11	16:36:59.350	-1.855	-0.875	16.065	0.134444	-0.098088	0.887916	-0.3525	-1.3575	-2.766	0	139	1018	1
2026-02-11	16:36:59.370	-1.435	-3.22	15.225	0.11834	-0.088084	0.866688	-0.3495	-1.353	-2.7675	0	139	1018	1
2026-02-11	16:36:59.390	-0.105	-4.06	14.49	0.109556	-0.081008	0.859612	-0.3525	-1.35	-2.7675	0	139	1018	1
2026-02-11	16:36:59.410	1.89	-3.815	14	0.101016	-0.06734399	0.863028	-0.3405	-1.356	-2.772	0	138	1031	1
2026-02-11	16:36:59.430	3.465	-2.87	13.86	0.101992	-0.05368	0.86986	-0.351	-1.3575	-2.772	0	138	1031	1
2026-02-11	16:36:59.450	3.535	-1.89	14.21	0.102236	-0.054656	0.872788	-0.3555	-1.3545	-2.769	0	138	1031	1
2026-02-11	16:36:59.470	2.66	-0.735	14.56	0.0854	-0.056852	0.861808	-0.3585	-1.3575	-2.763	0	138	1031	1
2026-02-11	16:36:59.490	1.96	1.26	14.455	0.09028	-0.060756	0.844972	-0.357	-1.359	-2.7645	0	138	1031	1
2026-02-11	16:36:59.510	1.96	3.36	14.35	0.095648	-0.049776	0.807396	-0.3585	-1.362	-2.769	0	138	1031	1
2026-02-11	16:36:59.530	3.675	5.53	14.7	0.108336	-0.0488	0.823988	-0.36	-1.3635	-2.7705	0	138	1031	1
2026-02-11	16:36:59.550	3.71	7.385	15.505	0.101748	-0.04392	0.852048	-0.36	-1.3635	-2.7705	0	138	1031	1
2026-02-11	16:36:59.570	3.115	8.89	16.38	0.101992	-0.043188	0.880108	-0.363	-1.362	-2.7585	0	138	1031	1
2026-02-11	16:36:59.590	2.45	10.185	17.535	0.120292	-0.052216	0.909876	-0.357	-1.3605	-2.766	0	138	1031	1
2026-02-11	16:36:59.610	1.015	10.78	19.845	0.131516	-0.066368	0.92964	-0.363	-1.365	-2.7705	0	137	1022	1
2026-02-11	16:36:59.630	-0.385	10.71	22.855	0.098332	-0.065636	0.926956	-0.351	-1.365	-2.7585	0	137	1022	1
2026-02-11	16:36:59.650	-0.07	10.045	24.64	0.043676	-0.0488	0.903288	-0.357	-1.371	-2.7675	0	137	1022	1
2026-02-11	16:36:59.670	2.555	7.28	24.115	0.037332	-0.044896	0.932568	-0.354	-1.365	-2.766	0	137	1022	1
2026-02-11	16:36:59.690	5.075	3.64	22.575	0.057584	-0.036356	1.003084	-0.345	-1.3665	-2.7615	0	137	1022	1
2026-02-11	16:36:59.710	6.72	1.645	21.07	0.055632	-0.038308	1.077016	-0.3465	-1.368	-2.763	0	137	1022	1
2026-02-11	16:36:59.730	7.56	2.03	18.9	0.014152	-0.030256	1.102636	-0.3525	-1.3725	-2.7675	0	137	1022	1
2026-02-11	16:36:59.750	7.77	1.89	15.4	-0.025864	-0.016836	1.091168	-0.3645	-1.3695	-2.7735	0	137	1022	1
2026-02-11	16:36:59.770	7.805	0.21	10.85	-0.028792	-0.00854	1.107272	-0.351	-1.365	-2.7645	0	137	1022	1
2026-02-11	16:36:59.790	6.72	0.735	5.46	0.018544	-0.009028	1.1773	-0.354	-1.368	-2.7555	0	137	1022	1
2026-02-11	16:36:59.810	3.64	4.62	1.19	0.071736	-0.023424	1.222928	-0.354	-1.368	-2.7555	0	137	1010	1
2026-02-11	16:36:59.830	-0.14	7.455	-0.945	0.08295999	-0.03538	1.217316	-0.354	-1.3725	-2.76	0	137	1010	1
2026-02-11	16:36:59.850	-4.55	7.105	-1.925	0.101992	-0.040016	1.204628	-0.351	-1.3725	-2.7645	0	137	1010	1
2026-02-11	16:36:59.870	-8.785	3.325	-2.66	0.120292	-0.043432	1.202676	-0.3525	-1.3695	-2.7675	0	137	1010	1
2026-02-11	16:36:59.890	-11.585	-1.365	-4.235	0.154208	-0.049532	1.208044	-0.354	-1.368	-2.772	0	137	1010	1
2026-02-11	16:36:59.910	-12.32	-4.69	-7.035	0.1769	-0.048312	1.194624	-0.3585	-1.3665	-2.7735	0	137	1010	1
2026-02-11	16:36:59.930	-11.2	-6.37	-10.605	0.194468	-0.051484	1.152168	-0.3615	-1.365	-2.7705	0	137	1010	1
2026-02-11	16:36:59.950	-9.135	-6.72	-14.105	0.199836	-0.03782	1.057252	-0.354	-1.3605	-2.769	0	137	1010	1
2026-02-11	16:36:59.970	-4.62	-7.035	-17.92	0.218624	-0.0244	0.95648	-0.3495	-1.359	-2.769	0	137	1010	1
2026-02-11	16:36:59.990	1.995	-6.3	-21.875	0.227652	-0.023424	0.89304	-0.3615	-1.365	-2.772	0	137	1010	1
2026-02-11	16:37:00.010	8.4	-3.29	-24.29	0.260836	-0.022204	0.925736	-0.3615	-1.365	-2.772	0	137	1019	1
2026-02-11	16:37:00.030	8.82	-0.84	-23.66	0.300364	-0.020496	0.966484	-0.357	-1.3575	-2.7645	0	137	1019	1
2026-02-11	16:37:00.050	6.615	2.415	-21.42	0.326228	-0.020252	0.989908	-0.3555	-1.356	-2.7585	0	137	1019	1
2026-02-11	16:37:00.070	2.485	5.25	-18.69	0.299144	-0.024644	0.97356	-0.348	-1.365	-2.7675	0	137	1019	1
2026-02-11	16:37:00.090	0.42	5.775	-18.165	0.245464	-0.023912	0.939888	-0.3465	-1.362	-2.766	0	137	1019	1
2026-02-11	16:37:00.110	-1.015	5.075	-18.62	0.203252	-0.027328	0.908168	-0.3435	-1.356	-2.7645	0	137	1019	1
2026-02-11	16:37:00.130	-1.26	2.87	-19.775	0.190564	-0.03538	0.900604	-0.342	-1.356	-2.769	0	137	1019	1
2026-02-11	16:37:00.150	-0.77	0.07	-20.615	0.187636	-0.035868	0.894504	-0.348	-1.359	-2.7735	0	137	1019	1
2026-02-11	16:37:00.170	0.28	-2.52	-20.965	0.17568	-0.033428	0.884256	-0.3495	-1.3575	-2.772	0	137	1019	1
2026-02-11	16:37:00.190	1.435	-4.165	-20.895	0.15616	-0.02806	0.879132	-0.348	-1.356	-2.769	0	137	1019	1
2026-02-11	16:37:00.210	1.61	-4.935	-20.405	0.127612	-0.020496	0.8784	-0.345	-1.3575	-2.7735	0	137	1026	1
2026-02-11	16:37:00.230	0.595	-5.95	-19.53	0.125904	-0.023424	0.872788	-0.3435	-1.362	-2.7765	0	137	1026	1
2026-02-11	16:37:00.250	-0.875	-6.685	-18.235	0.137616	-0.015372	0.86864	-0.348	-1.365	-2.775	0	137	1026	1
2026-02-11	16:37:00.270	-2.1	-6.51	-16.905	0.143716	-0.017568	0.868884	-0.348	-1.362	-2.7765	0	137	1026	1
2026-02-11	16:37:00.290	-2.87	-5.355	-15.435	0.126636	-0.022448	0.86254	-0.345	-1.3635	-2.772	0	137	1026	1
2026-02-11	16:37:00.310	-3.325	-3.745	-14	0.117364	-0.022936	0.863516	-0.348	-1.365	-2.772	0	137	1026	1
2026-02-11	16:37:00.330	-4.235	-2.485	-11.97	0.142252	-0.021472	0.8967	-0.3525	-1.3605	-2.772	0	137	1026	1
2026-02-11	16:37:00.350	-5.81	-1.68	-9.485	0.136396	-0.015616	0.922564	-0.354	-1.359	-2.7675	0	137	1026	1
2026-02-11	16:37:00.370	-6.72	-0.49	-8.365	0.124928	-0.008052	0.938668	-0.354	-1.3605	-2.769	0	137	1026	1
2026-02-11	16:37:00.390	-7.315	0.105	-7.84	0.11834	-0.004148	0.952576	-0.3465	-1.3545	-2.775	0	137	1026	1
2026-02-11	16:37:00.410	-7.735	-0.175	-7.105	0.12566	0.006344	0.958432	-0.3525	-1.35	-2.7765	0	137	1015	1
2026-02-11	16:37:00.430	-8.19	-0.84	-5.95	0.133224	0.0061	0.979416	-0.3435	-1.344	-2.7795	0	137	1015	1
2026-02-11	16:37:00.450	-8.68	-1.085	-4.34	0.142008	0.005856	0.996496	-0.3435	-1.353	-2.7765	0	137	1015	1
2026-02-11	16:37:00.470	-8.645	-0.42	-2.66	0.14274	-0.002684	0.999668	-0.3495	-1.3425	-2.7675	0	137	1015	1
2026-02-11	16:37:00.490	-7.35	0.735	-1.225	0.139812	-0.01464	1.011868	-0.339	-1.3485	-2.7795	0	137	1015	1
2026-02-11	16:37:00.510	-5.39	1.19	0.105	0.153232	-0.021472	1.045784	-0.342	-1.347	-2.7735	0	137	1015	1
2026-02-11	16:37:00.530	-3.36	1.505	1.61	0.174216	-0.0305	1.102392	-0.345	-1.3455	-2.7735	0	137	1015	1
2026-02-11	16:37:00.550	-1.785	3.5	3.675	0.175436	-0.039284	1.130696	-0.3465	-1.344	-2.7765	0	137	1015	1
2026-02-11	16:37:00.570	-0.315	5.705	6.16	0.15982	-0.041724	1.12606	-0.348	-1.344	-2.775	0	137	1015	1
2026-02-11	16:37:00.590	1.925	6.545	7.735	0.140056	-0.050508	1.123864	-0.3435	-1.3425	-2.7735	0	137	1015	1
2026-02-11	16:37:00.610	6.37	6.65	8.47	0.121268	-0.0488	1.158024	-0.342	-1.338	-2.7735	0	136	1007	1
2026-02-11	16:37:00.630	7.14	6.37	9.625	0.139812	-0.04758	1.19438	-0.3405	-1.344	-2.7765	0	136	1007	1
2026-02-11	16:37:00.650	5.39	6.16	12.075	0.159088	-0.042212	1.207068	-0.345	-1.344	-2.775	0	136	1007	1
2026-02-11	16:37:00.670	2.8	5.915	14.98	0.175192	-0.047336	1.227564	-0.3375	-1.347	-2.775	0	136	1007	1
2026-02-11	16:37:00.690	-0.91	3.71	18.34	0.191052	-0.05612	1.223172	-0.3465	-1.3485	-2.766	0	136	1007	1
2026-02-11	16:37:00.710	-5.215	-1.785	21.945	0.200812	-0.070028	1.19316	-0.3345	-1.3455	-2.7795	0	136	1007	1
2026-02-11	16:37:00.730	-7.595	-7.21	24.255	0.219356	-0.078324	1.139724	-0.3435	-1.3485	-2.778	0	136	1007	1
2026-02-11	16:37:00.750	-5.635	-8.365	24.395	0.219844	-0.087596	1.070672	-0.3435	-1.35	-2.772	0	136	1007	1
2026-02-11	16:37:00.770	-0.35	-5.95	22.925	0.208376	-0.09882	1.003328	-0.354	-1.3485	-2.7855	0	136	1007	1
2026-02-11	16:37:00.790	5.775	-2.87	21.035	0.208864	-0.103944	0.955748	-0.3555	-1.344	-2.7795	0	136	1007	1
2026-02-11	16:37:00.810	10.43	-1.015	19.985	0.233996	-0.116632	0.967216	-0.3525	-1.3425	-2.781	0	134	1022	1
2026-02-11	16:37:00.830	11.585	-0.385	20.405	0.25498	-0.119804	1.00894	-0.345	-1.3455	-2.769	0	134	1022	1
2026-02-11	16:37:00.850	10.01	0.875	21.525	0.261324	-0.114924	1.035292	-0.357	-1.3545	-2.7765	0	134	1022	1
2026-02-11	16:37:00.870	6.72	3.92	22.47	0.247172	-0.105408	1.026752	-0.3525	-1.3515	-2.778	0	134	1022	1
2026-02-11	16:37:00.890	3.115	5.81	22.68	0.183244	-0.10492	0.96624	-0.3525	-1.3515	-2.778	0	134	1022	1
2026-02-11	16:37:00.910	0.98	4.305	21.42	0.10248	-0.093696	0.893772	-0.3495	-1.353	-2.7735	0	134	1022	1
2026-02-11	16:37:00.930	0.735	0.28	18.515	0.051728	-0.08662	0.865956	-0.3495	-1.3575	-2.7735	0	134	1022	1
2026-02-11	16:37:00.950	1.33	-2.59	14.805	0.050752	-0.0854	0.888648	-0.357	-1.3605	-2.7795	0	134	1022	1
2026-02-11	16:37:00.970	1.225	-2.275	12.215	0.068564	-0.071004	0.912316	-0.3585	-1.3575	-2.7825	0	134	1022	1
2026-02-11	16:37:00.990	-0.105	-0.14	11.62	0.056364	-0.059292	0.894748	-0.3585	-1.3575	-2.781	0	134	1022	1
2026-02-11	16:37:01.010	-2.17	0.84	12.075	0.04514	-0.048312	0.863028	-0.3525	-1.362	-2.778	0	132	1032	1
2026-02-11	16:37:01.030	-3.99	0.07	12.81	0.037332	-0.04514	0.837652	-0.3465	-1.3635	-2.7795	0	132	1032	1
2026-02-11	16:37:01.050	-5.145	-1.75	13.65	0.053192	-0.04636	0.818864	-0.372	-1.359	-2.7915	0	132	1032	1
2026-02-11	16:37:01.070	-5.39	-2.695	14.56	0.065636	-0.049044	0.822768	-0.366	-1.365	-2.781	0	132	1032	1
2026-02-11	16:37:01.090	-4.55	-1.89	15.47	0.072468	-0.05978	0.81862	-0.366	-1.356	-2.7945	0	132	1032	1
2026-02-11	16:37:01.110	-2.73	0	16.275	0.056608	-0.057096	0.818376	-0.3585	-1.356	-2.7885	0	132	1032	1
2026-02-11	16:37:01.130	-0.735	1.4	16.625	0.057584	-0.044896	0.83814	-0.3555	-1.3575	-2.7885	0	132	1032	1
2026-02-11	16:37:01.150	0.49	1.54	16.975	0.078324	-0.03172	0.915	-0.3615	-1.3605	-2.784	0	132	1032	1
2026-02-11	16:37:01.170	-0.105	2.765	17.36	0.076128	-0.038552	0.974292	-0.36	-1.3575	-2.7855	0	132	1032	1
2026-02-11	16:37:01.190	-1.645	5.145	17.71	0.042212	-0.033428	0.981368	-0.36	-1.3545	-2.7885	0	132	1032	1
2026-02-11	16:37:01.210	-2.345	6.545	17.255	0.018544	-0.013908	0.953552	-0.3585	-1.3545	-2.7885	0	131	1021	1
2026-02-11	16:37:01.230	-1.26	5.565	15.26	0.005124	-0.007076	0.9577	-0.36	-1.359	-2.784	0	131	1021	1
2026-02-11	16:37:01.250	0.735	4.06	12.18	-0.003172	0	1.007964	-0.363	-1.3605	-2.7885	0	131	1021	1
2026-02-11	16:37:01.270	2.205	3.815	8.505	-0.01098	0.00244	1.061156	-0.3615	-1.3605	-2.79	0	131	1021	1
2026-02-11	16:37:01.290	2.52	4.27	4.62	-0.00732	0.002928	1.099464	-0.36	-1.3605	-2.79	0	131	1021	1
2026-02-11	16:37:01.310	1.89	4.585	0.98	-0.012932	0	1.11874	-0.363	-1.3575	-2.787	0	131	1021	1
2026-02-11	16:37:01.330	0.98	4.27	-2.625	-0.012688	0.001464	1.129232	-0.3615	-1.3575	-2.781	0	131	1021	1
2026-02-11	16:37:01.350	0.91	3.255	-6.685	0.011712	-0.00488	1.14436	-0.357	-1.3635	-2.781	0	131	1021	1
2026-02-11	16:37:01.370	2.135	3.325	-10.675	0.046604	-0.01586	1.149728	-0.3555	-1.362	-2.7855	0	131	1021	1
2026-02-11	16:37:01.390	4.06	4.515	-13.755	0.068564	-0.019276	1.149484	-0.3555	-1.359	-2.784	0	131	1021	1
2026-02-11	16:37:01.410	4.305	1.855	-15.575	0.11468	-0.041968	1.207312	-0.351	-1.356	-2.784	0	131	1013	1
2026-02-11	16:37:01.430	1.33	-2.45	-15.75	0.15372	-0.057584	1.26026	-0.345	-1.3545	-2.787	0	131	1013	1
2026-02-11	16:37:01.450	-1.96	-4.06	-15.435	0.1586	-0.060756	1.253428	-0.3465	-1.3605	-2.775	0	131	1013	1
2026-02-11	16:37:01.470	-4.34	-5.39	-15.75	0.16836	-0.062952	1.220244	-0.351	-1.359	-2.79	0	131	1013	1
2026-02-11	16:37:01.490	-4.865	-6.72	-16.94	0.180804	-0.056608	1.1651	-0.3585	-1.3605	-2.79	0	131	1013	1
2026-02-11	16:37:01.510	-3.465	-5.635	-18.55	0.191296	-0.048068	1.097024	-0.3555	-1.353	-2.79	0	131	1013	1
2026-02-11	16:37:01.530	-0.56	-2.695	-20.125	0.228628	-0.047824	1.051152	-0.363	-1.3545	-2.793	0	131	1013	1
2026-02-11	16:37:01.550	2.275	0.56	-21.21	0.245464	-0.061488	1.017724	-0.3585	-1.3575	-2.793	0	131	1013	1
2026-02-11	16:37:01.570	3.78	3.36	-21.315	0.244732	-0.06588	0.992836	-0.354	-1.3605	-2.7945	0	131	1013	1
2026-02-11	16:37:01.590	4.095	6.055	-20.825	0.266204	-0.05246	0.986004	-0.351	-1.359	-2.793	0	131	1013	1
2026-02-11	16:37:01.610	4.165	9.38	-20.44	0.285236	-0.037576	0.986004	-0.3465	-1.3545	-2.7915	0	132	1027	1
2026-02-11	16:37:01.630	4.06	13.09	-20.405	0.285724	-0.024888	0.965508	-0.342	-1.353	-2.7915	0	132	1027	1
2026-02-11	16:37:01.650	3.01	15.19	-20.265	0.268156	-0.018056	0.93818	-0.3435	-1.359	-2.7885	0	132	1027	1
2026-02-11	16:37:01.670	0.98	14.28	-19.915	0.24034	-0.013908	0.909876	-0.3435	-1.3635	-2.784	0	132	1027	1
2026-02-11	16:37:01.690	-1.33	10.955	-20.65	0.181536	-0.004148	0.850096	-0.339	-1.365	-2.7885	0	132	1027	1
2026-02-11	16:37:01.710	-1.015	8.785	-22.225	0.130784	0.005368	0.80886	-0.339	-1.368	-2.796	0	132	1027	1
2026-02-11	16:37:01.730	-0.21	5.005	-23.905	0.110532	0.005368	0.804468	-0.327	-1.3575	-2.7975	0	132	1027	1
2026-02-11	16:37:01.750	-0.035	1.435	-25.27	0.10126	0.016348	0.814716	-0.339	-1.359	-2.793	0	132	1027	1
2026-02-11	16:37:01.770	-0.42	0.14	-26.215	0.08686399	0.025132	0.8174	-0.327	-1.3605	-2.805	0	132	1027	1
2026-02-11	16:37:01.790	-0.91	-0.77	-26.985	0.08052	0.039284	0.809104	-0.336	-1.356	-2.8005	0	132	1027	1
2026-02-11	16:37:01.810	-1.575	-3.01	-27.335	0.078812	0.04026	0.793732	-0.336	-1.362	-2.799	0	134	1030	1
2026-02-11	16:37:01.830	-2.135	-5.74	-27.125	0.08784	0.022692	0.788608	-0.3255	-1.356	-2.7915	0	134	1030	1
2026-02-11	16:37:01.850	-2.24	-7.7	-26.39	0.09882	0.01586	0.789828	-0.3255	-1.356	-2.7945	0	134	1030	1
2026-02-11	16:37:01.870	-1.785	-8.645	-24.99	0.120536	0.00854	0.82594	-0.33	-1.356	-2.793	0	134	1030	1
2026-02-11	16:37:01.890	-1.925	-8.995	-22.715	0.141032	-0.002684	0.86742	-0.327	-1.359	-2.7945	0	134	1030	1
2026-02-11	16:37:01.910	-3.325	-9.975	-19.495	0.161772	-0.000732	0.895724	-0.3255	-1.353	-2.811	0	134	1030	1
2026-02-11	16:37:01.930	-5.25	-12.285	-16.1	0.164212	-0.009028	0.915488	-0.3315	-1.356	-2.7975	0	134	1030	1
2026-02-11	16:37:01.950	-6.37	-14.49	-12.355	0.151036	-0.017324	0.959408	-0.3285	-1.35	-2.7945	0	134	1030	1
2026-02-11	16:37:01.970	-6.44	-14.175	-8.505	0.135176	-0.040016	0.982832	-0.3285	-1.35	-2.7945	0	134	1030	1
2026-02-11	16:37:01.990	-5.705	-13.37	-4.76	0.125904	-0.044896	0.98088	-0.3345	-1.3485	-2.7945	0	134	1030	1
2026-02-11	16:37:02.010	-2.975	-13.02	-0.98	0.126636	-0.03416	0.985516	-0.3405	-1.3485	-2.799	0	137	1011	1
2026-02-11	16:37:02.030	1.26	-11.9	1.89	0.135664	-0.015616	1.00894	-0.3405	-1.3485	-2.802	0	137	1011	1
2026-02-11	16:37:02.050	4.97	-10.29	4.725	0.158356	-0.015128	1.066768	-0.3405	-1.3515	-2.8035	0	137	1011	1
2026-02-11	16:37:02.070	6.335	-8.785	8.19	0.189588	-0.0122	1.1224	-0.342	-1.353	-2.8035	0	137	1011	1
2026-02-11	16:37:02.090	5.88	-7.35	12.11	0.190808	-0.011224	1.13338	-0.351	-1.35	-2.8065	0	137	1011	1
2026-02-11	16:37:02.110	5.285	-6.685	15.82	0.200812	-0.025376	1.143384	-0.3465	-1.3485	-2.8095	0	137	1011	1
2026-02-11	16:37:02.130	4.69	-5.88	19.46	0.201544	-0.033184	1.164124	-0.345	-1.353	-2.805	0	137	1011	1
2026-02-11	16:37:02.150	3.605	-5.74	22.785	0.2135	-0.043432	1.180472	-0.3495	-1.3575	-2.802	0	137	1011	1
2026-02-11	16:37:02.170	2.205	-8.12	25.375	0.23058	-0.056852	1.18462	-0.3435	-1.3575	-2.805	0	137	1011	1
2026-02-11	16:37:02.190	0.77	-12.495	27.405	0.246928	-0.073688	1.218048	-0.3495	-1.3545	-2.8095	0	137	1011	1
2026-02-11	16:37:02.210	-2.03	-17.36	29.085	0.24034	-0.1037	1.266604	-0.3555	-1.3635	-2.805	0	138	1005	1
2026-02-11	16:37:02.230	-9.1	-23.24	31.08	0.23302	-0.11224	1.223172	-0.363	-1.3605	-2.8095	0	138	1005	1
2026-02-11	16:37:02.250	-10.675	-23.8	31.465	0.224968	-0.098088	1.131184	-0.3615	-1.3605	-2.8035	0	138	1005	1
2026-02-11	16:37:02.270	-7.84	-21.805	30.1	0.218868	-0.094184	1.047004	-0.3675	-1.3605	-2.802	0	138	1005	1
2026-02-11	16:37:02.290	-2.625	-17.5	27.58	0.215696	-0.105652	1.003328	-0.3705	-1.3545	-2.805	0	138	1005	1
2026-02-11	16:37:02.310	2.415	-12.145	25.34	0.22814	-0.126392	0.9943	-0.372	-1.35	-2.8065	0	138	1005	1
2026-02-11	16:37:02.330	5.775	-6.825	24.185	0.2501	-0.148596	1.00162	-0.3765	-1.353	-2.8035	0	138	1005	1
2026-02-11	16:37:02.350	7.665	-2.625	24.115	0.27572	-0.157868	1.026996	-0.3795	-1.353	-2.8065	0	138	1005	1
2026-02-11	16:37:02.370	8.505	0.735	24.465	0.293532	-0.161772	1.0736	-0.387	-1.3515	-2.805	0	138	1005	1
2026-02-11	16:37:02.390	8.05	4.795	24.605	0.277916	-0.163724	1.08336	-0.387	-1.3575	-2.8035	0	138	1005	1
2026-02-11	16:37:02.410	6.475	8.82	23.905	0.225212	-0.15128	1.031388	-0.3855	-1.3635	-2.8065	0	139	1021	1
2026-02-11	16:37:02.430	5.25	10.36	22.225	0.17934	-0.1342	0.978684	-0.3885	-1.362	-2.8065	0	139	1021	1
2026-02-11	16:37:02.450	4.375	9.38	19.985	0.165188	-0.117852	0.942572	-0.3885	-1.3605	-2.811	0	139	1021	1
2026-02-11	16:37:02.470	3.815	8.015	18.305	0.153232	-0.104676	0.92598	-0.3855	-1.368	-2.8155	0	139	1021	1
2026-02-11	16:37:02.490	3.115	8.33	17.605	0.123464	-0.094916	0.91256	-0.3885	-1.368	-2.8125	0	139	1021	1
2026-02-11	16:37:02.510	1.995	8.96	17.29	0.090524	-0.081008	0.866688	-0.393	-1.362	-2.8095	0	139	1021	1
2026-02-11	16:37:02.530	1.505	8.54	17.5	0.084668	-0.061	0.848144	-0.3825	-1.368	-2.8155	0	139	1021	1
2026-02-11	16:37:02.550	1.33	8.33	18.095	0.085888	-0.058072	0.837164	-0.3825	-1.377	-2.8035	0	139	1021	1
2026-02-11	16:37:02.570	0.945	9.52	19.005	0.090524	-0.058316	0.816668	-0.3885	-1.377	-2.808	0	139	1021	1
2026-02-11	16:37:02.590	0.7	11.515	20.195	0.09028	-0.063684	0.784216	-0.387	-1.3725	-2.8095	0	139	1021	1
2026-02-11	16:37:02.610	1.015	12.565	21.49	0.084424	-0.0671	0.751032	-0.384	-1.3755	-2.814	0	140	1026	1
2026-02-11	16:37:02.630	1.96	12.705	22.575	0.092964	-0.066612	0.72712	-0.3825	-1.3785	-2.8125	0	140	1026	1
2026-02-11	16:37:02.650	3.395	12.88	23.695	0.105408	-0.073932	0.731268	-0.384	-1.374	-2.8125	0	140	1026	1
2026-02-11	16:37:02.670	4.34	13.265	25.41	0.113216	-0.072468	0.7625	-0.381	-1.374	-2.814	0	140	1026	1
2026-02-11	16:37:02.690	3.395	13.335	27.58	0.112484	-0.072224	0.808616	-0.381	-1.377	-2.8125	0	140	1026	1
2026-02-11	16:37:02.710	0.21	11.305	29.54	0.078324	-0.062464	0.846192	-0.381	-1.3815	-2.8155	0	140	1026	1
2026-02-11	16:37:02.730	-4.06	6.51	30.695	0.044164	-0.052704	0.895724	-0.381	-1.3845	-2.8185	0	140	1026	1
2026-02-11	16:37:02.750	-8.75	1.26	31.045	0.031964	-0.055632	0.953064	-0.3795	-1.3785	-2.814	0	140	1026	1
2026-02-11	16:37:02.770	-13.825	-3.955	30.87	0	-0.055388	0.991616	-0.3765	-1.3725	-2.811	0	140	1026	1
2026-02-11	16:37:02.790	-16.345	-7.63	29.645	-0.037576	-0.047824	0.983808	-0.3765	-1.3725	-2.811	0	140	1026	1
2026-02-11	16:37:02.810	-15.54	-9.8	27.65	-0.039528	-0.065148	0.964532	-0.384	-1.377	-2.82	0	141	1006	1
2026-02-11	16:37:02.830	-13.545	-12.145	25.445	-0.053924	-0.0793	0.94184	-0.3885	-1.371	-2.817	0	141	1006	1
2026-02-11	16:37:02.850	-10.29	-12.915	22.295	-0.089304	-0.088328	0.9516	-0.39	-1.371	-2.8155	0	141	1006	1
2026-02-11	16:37:02.870	-5.775	-10.99	17.78	-0.089548	-0.078324	0.987468	-0.402	-1.368	-2.823	0	141	1006	1
2026-02-11	16:37:02.890	-0.42	-6.79	12.495	-0.031964	-0.066612	1.07604	-0.396	-1.3725	-2.811	0	141	1006	1
2026-02-11	16:37:02.910	2.94	-1.26	8.155	0.045384	-0.059536	1.127036	-0.399	-1.3695	-2.808	0	141	1006	1
2026-02-11	16:37:02.930	3.815	2.905	6.685	0.077592	-0.046116	1.106784	-0.405	-1.3665	-2.817	0	141	1006	1
2026-02-11	16:37:02.950	4.83	5.04	7.14	0.121268	-0.033672	1.083116	-0.4005	-1.3665	-2.817	0	141	1006	1
2026-02-11	16:37:02.970	6.545	6.195	8.925	0.172264	-0.026596	1.061156	-0.4035	-1.3635	-2.817	0	141	1006	1
2026-02-11	16:37:02.990	8.82	6.335	12.285	0.213256	-0.02074	1.057252	-0.402	-1.368	-2.8185	0	141	1006	1
2026-02-11	16:37:03.010	10.815	5.32	16.8	0.23912	-0.021228	1.069452	-0.396	-1.3725	-2.817	0	143	992	1
2026-02-11	16:37:03.030	12.11	4.095	21.245	0.210084	-0.020984	1.0736	-0.402	-1.3725	-2.8095	0	143	992	1
2026-02-11	16:37:03.050	12.985	-1.015	24.535	0.145668	-0.00854	1.06872	-0.402	-1.3725	-2.8095	0	143	992	1
2026-02-11	16:37:03.070	13.125	-8.225	23.1	0.129076	-0.010736	1.075796	-0.399	-1.3785	-2.8095	0	143	992	1
2026-02-11	16:37:03.090	12.95	-15.435	19.915	0.130784	-0.017324	1.097512	-0.399	-1.3845	-2.811	0	143	992	1
2026-02-11	16:37:03.110	12.67	-19.32	15.89	0.140056	-0.023912	1.085068	-0.402	-1.3845	-2.8125	0	143	992	1
2026-02-11	16:37:03.130	13.65	-18.69	11.165	0.122976	-0.015372	1.016016	-0.417	-1.3935	-2.808	0	143	992	1
2026-02-11	16:37:03.150	16.905	-15.82	5.74	0.118096	-0.014152	0.9455	-0.417	-1.389	-2.805	0	143	992	1
2026-02-11	16:37:03.170	21.175	-12.88	0.525	0.147132	-0.015128	0.914756	-0.4215	-1.389	-2.814	0	143	992	1
2026-02-11	16:37:03.190	24.535	-9.94	-3.325	0.185196	-0.016836	0.91866	-0.4185	-1.389	-2.808	0	143	992	1
2026-02-11	16:37:03.210	26.04	-5.81	-5.46	0.230092	-0.009272	0.96502	-0.4275	-1.4025	-2.8095	0	144	997	1
2026-02-11	16:37:03.230	24.115	-0.665	-5.74	0.277428	0.001708	1.031144	-0.4275	-1.3995	-2.8065	0	144	997	1
2026-02-11	16:37:03.250	18.165	3.885	-4.095	0.305244	-0.004148	1.083848	-0.426	-1.407	-2.8095	0	144	997	1
2026-02-11	16:37:03.270	9.415	7	-1.61	0.297436	-0.013664	1.086288	-0.4305	-1.413	-2.808	0	144	997	1
2026-02-11	16:37:03.290	1.295	8.505	0.42	0.277184	-0.015372	1.048956	-0.426	-1.4145	-2.796	0	144	997	1
2026-02-11	16:37:03.310	-5.18	8.435	0.98	0.222284	-0.021228	0.992104	-0.4275	-1.416	-2.796	0	144	997	1
2026-02-11	16:37:03.330	-8.855	6.615	0.455	0.18788	-0.02928	0.96136	-0.4245	-1.4145	-2.799	0	144	997	1
2026-02-11	16:37:03.350	-11.165	5.67	0.385	0.181536	-0.034404	0.96624	-0.42	-1.416	-2.8065	0	144	997	1
2026-02-11	16:37:03.370	-12.495	6.65	0.63	0.1586	-0.011712	0.935008	-0.423	-1.4175	-2.808	0	144	997	1
2026-02-11	16:37:03.390	-10.745	7.56	0.385	0.1586	0.007076	0.915732	-0.426	-1.413	-2.8065	0	144	997	1
2026-02-11	16:37:03.410	-6.125	7	-0.28	0.19642	0.016348	0.912316	-0.4215	-1.4115	-2.805	0	144	1006	1
2026-02-11	16:37:03.430	-0.98	6.44	-0.91	0.204716	0.0122	0.925492	-0.4215	-1.4145	-2.805	0	144	1006	1
2026-02-11	16:37:03.450	2.59	6.755	-0.91	0.163968	-0.004636	0.916464	-0.4215	-1.413	-2.8095	0	144	1006	1
2026-02-11	16:37:03.470	4.27	6.825	0.455	0.149816	-0.01098	0.91866	-0.414	-1.41	-2.8065	0	144	1006	1
2026-02-11	16:37:03.490	4.865	6.58	2.24	0.1525	-0.016348	0.929396	-0.411	-1.4115	-2.799	0	144	1006	1
2026-02-11	16:37:03.510	4.83	7.21	4.515	0.17324	-0.019276	0.967948	-0.4125	-1.41	-2.8035	0	144	1006	1
2026-02-11	16:37:03.530	4.445	9.17	7.385	0.166164	-0.01952	0.990884	-0.4125	-1.41	-2.8065	0	144	1006	1
2026-02-11	16:37:03.550	4.235	11.62	10.395	0.126148	-0.013664	1.006744	-0.414	-1.416	-2.8065	0	144	1006	1
2026-02-11	16:37:03.570	4.97	14.14	12.25	0.08052	0.003416	1.024556	-0.4125	-1.4115	-2.8095	0	144	1006	1
2026-02-11	16:37:03.590	8.015	17.465	12.075	0.068076	0.000732	1.09678	-0.408	-1.407	-2.8125	0	144	1006	1
2026-02-11	16:37:03.610	7.84	18.095	12.985	0.107604	-0.015372	1.177056	-0.4125	-1.422	-2.802	0	141	1010	1
2026-02-11	16:37:03.630	5.6	17.92	15.75	0.14762	-0.025376	1.195356	-0.408	-1.4205	-2.8005	0	141	1010	1
2026-02-11	16:37:03.650	4.585	18.41	18.865	0.140544	-0.021716	1.156072	-0.402	-1.413	-2.8005	0	141	1010	1
2026-02-11	16:37:03.670	5.95	18.69	21.49	0.125172	-0.021716	1.105564	-0.4005	-1.4085	-2.802	0	141	1010	1
2026-02-11	16:37:03.690	8.575	17.36	23.975	0.121268	-0.020008	1.086532	-0.399	-1.413	-2.8065	0	141	1010	1
2026-02-11	16:37:03.710	11.06	14.945	26.81	0.11956	-0.018788	1.075308	-0.396	-1.416	-2.808	0	141	1010	1
2026-02-11	16:37:03.730	13.09	12.32	29.54	0.11956	-0.016592	1.06872	-0.3945	-1.416	-2.8065	0	141	1010	1
2026-02-11	16:37:03.750	14.07	10.57	32.2	0.091012	-0.01586	1.035048	-0.4035	-1.4145	-2.808	0	141	1010	1
2026-02-11	16:37:03.770	14.735	9.31	34.09	0.082716	-0.023668	1.014308	-0.4035	-1.4205	-2.811	0	141	1010	1
2026-02-11	16:37:03.790	14.175	7.455	35.28	0.110532	-0.034648	1.03212	-0.393	-1.434	-2.8095	0	141	1010	1
2026-02-11	16:37:03.810	11.9	5.705	36.015	0.13054	-0.04514	1.00894	-0.396	-1.434	-2.8065	0	137	1019	1
2026-02-11	16:37:03.830	9.66	4.83	35.665	0.11346	-0.043676	0.938912	-0.4065	-1.4295	-2.8035	0	137	1019	1
2026-02-11	16:37:03.850	9.8	4.34	33.355	0.108336	-0.061488	0.8723	-0.408	-1.431	-2.8005	0	137	1019	1
2026-02-11	16:37:03.870	12.39	3.99	29.995	0.1342	-0.08784	0.84546	-0.408	-1.4355	-2.8005	0	137	1019	1
2026-02-11	16:37:03.890	15.12	5.04	27.405	0.153232	-0.100284	0.868884	-0.4065	-1.44	-2.805	0	137	1019	1
2026-02-11	16:37:03.910	16.45	6.615	25.55	0.166164	-0.110776	0.908168	-0.405	-1.44	-2.808	0	137	1019	1
2026-02-11	16:37:03.930	14.56	5.985	25.235	0.15738	-0.111508	0.945988	-0.4095	-1.4385	-2.808	0	137	1019	1
2026-02-11	16:37:03.950	9.38	2.45	26.285	0.148596	-0.101016	0.969412	-0.4125	-1.4445	-2.811	0	137	1019	1
2026-02-11	16:37:03.970	2.94	-1.89	28.455	0.13542	-0.089792	0.977708	-0.417	-1.452	-2.8125	0	137	1019	1
2026-02-11	16:37:03.990	-2.975	-5.6	31.36	0.105408	-0.076372	0.977708	-0.411	-1.4475	-2.805	0	137	1019	1
2026-02-11	16:37:04.010	-8.75	-9.205	34.51	0.04636	-0.055876	0.943548	-0.411	-1.4475	-2.805	0	132	1021	1
2026-02-11	16:37:04.030	-10.255	-11.76	35.21	0.022204	-0.043188	0.916464	-0.426	-1.446	-2.8065	0	132	1021	1
2026-02-11	16:37:04.050	-10.465	-15.645	35.035	0.013908	-0.036112	0.898652	-0.4245	-1.446	-2.8005	0	132	1021	1
2026-02-11	16:37:04.070	-9.38	-19.25	34.335	0.019032	-0.033184	0.898164	-0.432	-1.437	-2.7975	0	132	1021	1
2026-02-11	16:37:04.090	-7.35	-21.07	33.635	0.030012	-0.028548	0.91134	-0.435	-1.4385	-2.802	0	132	1021	1
2026-02-11	16:37:04.110	-5.425	-21.28	33.6	0.034648	-0.030988	0.944524	-0.4425	-1.443	-2.799	0	132	1021	1
2026-02-11	16:37:04.130	-6.37	-20.44	35.84	0.055144	-0.03538	0.997472	-0.4425	-1.443	-2.799	0	132	1021	1
2026-02-11	16:37:04.150	-8.925	-19.495	37.73	0.066368	-0.032696	1.010648	-0.4425	-1.443	-2.799	0	132	1021	1
2026-02-11	16:37:04.170	-10.5	-17.92	38.36	0.050264	-0.021228	0.999912	-0.4605	-1.4325	-2.7975	0	132	1021	1
2026-02-11	16:37:04.190	-9.625	-14.595	37.485	0.013176	-0.010248	0.979172	-0.462	-1.4325	-2.799	0	132	1021	1
2026-02-11	16:37:04.210	-7.28	-10.15	35.35	-0.016348	-0.006344	0.994788	-0.4665	-1.434	-2.802	0	127	1014	1
2026-02-11	16:37:04.230	-5.81	-6.055	33.04	-0.01098	0.00732	1.02358	-0.474	-1.416	-2.796	0	127	1014	1
2026-02-11	16:37:04.250	-5.775	-2.415	31.185	-0.00244	0.02684	1.043832	-0.4755	-1.428	-2.79	0	127	1014	1
2026-02-11	16:37:04.270	-5.705	1.155	28.84	-0.001708	0.056608	1.044564	-0.474	-1.422	-2.7945	0	127	1014	1
2026-02-11	16:37:04.290	-3.78	4.76	24.675	0.016348	0.06588	1.059692	-0.477	-1.419	-2.8035	0	127	1014	1
2026-02-11	16:37:04.310	-1.05	8.575	19.39	0.039528	0.064904	1.058716	-0.471	-1.4145	-2.799	0	127	1014	1
2026-02-11	16:37:04.330	1.085	11.515	14.91	0.048556	0.0549	1.041148	-0.474	-1.413	-2.796	0	127	1014	1
2026-02-11	16:37:04.350	3.08	13.37	11.62	0.069296	0.040016	1.041636	-0.4755	-1.4085	-2.7975	0	127	1014	1
2026-02-11	16:37:04.370	4.585	14.49	9.625	0.079544	0.014396	1.073112	-0.474	-1.416	-2.8035	0	127	1014	1
2026-02-11	16:37:04.390	4.445	14.525	8.19	0.08052	0.000244	1.080432	-0.474	-1.41	-2.8095	0	127	1014	1
2026-02-11	16:37:04.410	5.145	14.315	7.07	0.070028	0.00488	1.0675	-0.474	-1.41	-2.8095	0	122	1013	1
2026-02-11	16:37:04.430	7.525	14.56	6.37	0.05734	0.022936	1.052128	-0.471	-1.413	-2.8065	0	122	1013	1
2026-02-11	16:37:04.450	10.36	13.335	5.25	0.050264	0.03782	1.049444	-0.4665	-1.4145	-2.796	0	122	1013	1
2026-02-11	16:37:04.470	12.215	9.66	3.885	0.06832	0.034648	1.068476	-0.462	-1.416	-2.79	0	122	1013	1
2026-02-11	16:37:04.490	12.425	5.145	3.15	0.0732	0.027816	1.063596	-0.456	-1.419	-2.7855	0	122	1013	1
2026-02-11	16:37:04.510	11.9	0.875	2.17	0.063196	0.026108	1.03456	-0.45	-1.4205	-2.7885	0	122	1013	1
2026-02-11	16:37:04.530	11.585	-3.255	-0.56	0.088328	0.000244	1.026996	-0.4485	-1.419	-2.7915	0	122	1013	1
2026-02-11	16:37:04.550	11.41	-6.475	-3.955	0.125904	-0.032208	1.009428	-0.456	-1.419	-2.787	0	122	1013	1
2026-02-11	16:37:04.570	11.69	-7.91	-6.615	0.147864	-0.044408	0.989908	-0.4635	-1.422	-2.79	0	122	1013	1
2026-02-11	16:37:04.590	12.285	-6.825	-8.785	0.158356	-0.050264	0.97234	-0.465	-1.4235	-2.796	0	122	1013	1
2026-02-11	16:37:04.610	12.005	-4.795	-9.94	0.177632	-0.03538	0.965996	-0.4695	-1.428	-2.808	0	117	1020	1
2026-02-11	16:37:04.630	9.975	-3.43	-9.835	0.21228	-0.018544	0.980148	-0.4575	-1.431	-2.7975	0	117	1020	1
2026-02-11	16:37:04.650	6.44	-2.625	-8.68	0.243756	-0.016592	1.023824	-0.4665	-1.431	-2.796	0	117	1020	1
2026-02-11	16:37:04.670	-1.575	-0.385	-5.075	0.26108	-0.016592	1.061644	-0.465	-1.4295	-2.7885	0	117	1020	1
2026-02-11	16:37:04.690	-7.315	-0.21	-2.275	0.230824	-0.024888	1.020164	-0.4635	-1.431	-2.7915	0	117	1020	1
2026-02-11	16:37:04.710	-10.71	-2.66	-0.42	0.187636	-0.02562	0.964288	-0.459	-1.4325	-2.7945	0	117	1020	1
2026-02-11	16:37:04.730	-10.325	-5.215	0.07	0.147132	-0.030744	0.929396	-0.462	-1.4325	-2.7975	0	117	1020	1
2026-02-11	16:37:04.750	-7.735	-5.95	-0.07	0.122976	-0.021228	0.918172	-0.4665	-1.4325	-2.799	0	117	1020	1
2026-02-11	16:37:04.770	-5.18	-5.53	-0.035	0.121268	-0.024644	0.9272	-0.4635	-1.431	-2.802	0	117	1020	1
2026-02-11	16:37:04.790	-3.78	-4.725	0.945	0.125904	-0.022936	0.942328	-0.462	-1.431	-2.796	0	117	1020	1
2026-02-11	16:37:04.810	-3.745	-3.535	2.905	0.121756	-0.02684	0.952332	-0.4665	-1.428	-2.787	0	112	1024	1
2026-02-11	16:37:04.830	-4.795	-2.065	5.32	0.111508	-0.020496	0.941596	-0.4695	-1.4265	-2.7915	0	112	1024	1
2026-02-11	16:37:04.850	-5.915	-1.505	7.665	0.120292	-0.014396	0.93818	-0.471	-1.4295	-2.7975	0	112	1024	1
2026-02-11	16:37:04.870	-7.245	-1.855	10.01	0.123464	-0.016592	0.959652	-0.474	-1.4265	-2.7975	0	112	1024	1
2026-02-11	16:37:04.890	-9.345	-2.205	13.195	0.14274	-0.012688	0.982588	-0.474	-1.4235	-2.796	0	112	1024	1
2026-02-11	16:37:04.910	-11.235	-2.38	17.5	0.148108	-0.006344	0.992836	-0.4695	-1.4235	-2.796	0	112	1024	1
2026-02-11	16:37:04.930	-11.62	-2.66	22.61	0.133224	-0.005612	1.008452	-0.468	-1.4205	-2.7945	0	112	1024	1
2026-02-11	16:37:04.950	-10.185	-2.1	26.565	0.123708	-0.018544	1.017724	-0.4695	-1.4175	-2.796	0	112	1024	1
2026-02-11	16:37:04.970	-7.49	-0.7	29.155	0.116632	-0.023424	1.023092	-0.4635	-1.413	-2.796	0	112	1024	1
2026-02-11	16:37:04.990	-3.92	1.05	31.71	0.119316	-0.035136	1.021628	-0.4755	-1.407	-2.7915	0	112	1024	1
2026-02-11	16:37:05.010	-0.49	2.975	34.475	0.14396	-0.040504	1.058472	-0.48	-1.4055	-2.7975	0	108	1022	1
2026-02-11	16:37:05.030	1.505	5.075	38.255	0.162016	-0.04514	1.091656	-0.4845	-1.404	-2.7915	0	108	1022	1
2026-02-11	16:37:05.050	2.275	7.385	42.35	0.156892	-0.02806	1.091412	-0.474	-1.404	-2.793	0	108	1022	1
2026-02-11	16:37:05.070	3.57	9.695	45.395	0.148352	-0.012444	1.082384	-0.474	-1.407	-2.793	0	108	1022	1
2026-02-11	16:37:05.090	5.46	11.76	47.425	0.150304	-0.01098	1.110688	-0.48	-1.3995	-2.781	0	108	1022	1
2026-02-11	16:37:05.110	5.845	13.195	49.49	0.158356	-0.011224	1.139968	-0.48	-1.4025	-2.79	0	108	1022	1
2026-02-11	16:37:05.130	4.375	13.825	51.59	0.1525	-0.022936	1.14314	-0.4785	-1.4025	-2.7975	0	108	1022	1
2026-02-11	16:37:05.150	1.54	12.985	53.62	0.134932	-0.033672	1.140212	-0.48	-1.401	-2.793	0	108	1022	1
2026-02-11	16:37:05.170	-2.8	10.08	55.615	0.138348	-0.053924	1.139236	-0.48	-1.401	-2.79	0	108	1022	1
2026-02-11	16:37:05.190	-7.7	6.475	57.33	0.13786	-0.060512	1.111176	-0.4815	-1.4025	-2.7915	0	108	1022	1
2026-02-11	16:37:05.210	-10.78	3.22	57.575	0.135176	-0.065148	1.026508	-0.4845	-1.404	-2.7915	0	103	1028	1
2026-02-11	16:37:05.230	-9.345	2.835	56.665	0.139568	-0.06734399	0.975756	-0.4845	-1.404	-2.7915	0	103	1028	1
2026-02-11	16:37:05.250	-7.07	3.15	55.965	0.158112	-0.077592	0.94794	-0.4905	-1.3905	-2.7885	0	103	1028	1
2026-02-11	16:37:05.270	-4.48	3.29	55.265	0.170312	-0.078568	0.915	-0.4845	-1.389	-2.8035	0	103	1028	1
2026-02-11	16:37:05.290	0.21	3.325	53.06	0.154696	-0.076372	0.880352	-0.4995	-1.3815	-2.793	0	103	1028	1
2026-02-11	16:37:05.310	6.72	4.095	49.14	0.125172	-0.09467199	0.883036	-0.495	-1.389	-2.796	0	103	1028	1
2026-02-11	16:37:05.330	11.13	4.2	45.64	0.15006	-0.1098	0.929884	-0.495	-1.3755	-2.799	0	103	1028	1
2026-02-11	16:37:05.350	11.095	2.905	45.08	0.175436	-0.109312	0.991372	-0.4995	-1.38	-2.796	0	103	1028	1
2026-02-11	16:37:05.370	7.595	1.12	47.215	0.155916	-0.094428	1.008208	-0.5055	-1.38	-2.799	0	103	1028	1
2026-02-11	16:37:05.390	3.15	-1.365	49.035	0.103212	-0.0854	1.008696	-0.504	-1.3845	-2.796	0	103	1028	1
2026-02-11	16:37:05.410	-0.42	-4.795	48.09	0.055388	-0.078812	0.997472	-0.5085	-1.3815	-2.796	0	99	1033	1
2026-02-11	16:37:05.430	-2.415	-7.56	44.73	0.022692	-0.080764	0.970388	-0.513	-1.3755	-2.7915	0	99	1033	1
2026-02-11	16:37:05.450	-2.485	-9.59	40.39	0.005124	-0.07124799	0.930372	-0.51	-1.374	-2.796	0	99	1033	1
2026-02-11	16:37:05.470	-0.945	-11.865	35	0.001708	-0.063928	0.903288	-0.5205	-1.3725	-2.7915	0	99	1033	1
2026-02-11	16:37:05.490	1.015	-13.825	29.995	0.008784	-0.056608	0.896944	-0.5205	-1.3725	-2.7915	0	99	1033	1
2026-02-11	16:37:05.510	1.995	-14.7	27.23	0.035868	-0.054168	0.915976	-0.522	-1.3725	-2.7915	0	99	1033	1
2026-02-11	16:37:05.530	1.295	-15.19	25.935	0.053192	-0.044164	0.942816	-0.5265	-1.3725	-2.7915	0	99	1033	1
2026-02-11	16:37:05.550	-0.385	-15.435	25.305	0.0549	-0.04392	0.96136	-0.528	-1.3695	-2.7915	0	99	1033	1
2026-02-11	16:37:05.570	-2.1	-14.805	24.675	0.051728	-0.0366	0.9699	-0.528	-1.3725	-2.7915	0	99	1033	1
2026-02-11	16:37:05.590	-3.71	-13.615	24.045	0.04392	-0.037332	0.976976	-0.5325	-1.371	-2.79	0	99	1033	1
2026-02-11	16:37:05.610	-5.355	-12.705	23.24	0.031964	-0.030012	0.969412	-0.537	-1.362	-2.79	0	97	1027	1
2026-02-11	16:37:05.630	-6.615	-12.32	22.33	0.026352	-0.018544	0.969412	-0.5385	-1.3605	-2.793	0	97	1027	1
2026-02-11	16:37:05.650	-7.14	-12.39	21.14	0.022692	-0.018056	0.986248	-0.549	-1.3605	-2.7825	0	97	1027	1
2026-02-11	16:37:05.670	-7.14	-12.46	19.775	0.018788	-0.018544	1.006988	-0.5535	-1.35	-2.7885	0	97	1027	1
2026-02-11	16:37:05.690	-7.105	-11.795	18.375	0.01098	-0.021228	1.042856	-0.5445	-1.3545	-2.7825	0	97	1027	1
2026-02-11	16:37:05.710	-7.455	-9.555	16.975	0.0183	-0.028548	1.089216	-0.5505	-1.3545	-2.7915	0	97	1027	1
2026-02-11	16:37:05.730	-8.015	-5.32	15.89	0.004636	-0.02928	1.095316	-0.546	-1.3515	-2.7825	0	97	1027	1
2026-02-11	16:37:05.750	-5.845	0.63	13.37	-0.00976	-0.024644	1.06506	-0.555	-1.3515	-2.781	0	97	1027	1
2026-02-11	16:37:05.770	-2.975	3.36	11.515	0.00976	-0.031476	1.064572	-0.5535	-1.344	-2.7795	0	97	1027	1
2026-02-11	16:37:05.790	-0.63	6.65	10.605	0.010736	-0.038064	1.08946	-0.552	-1.3395	-2.781	0	97	1027	1
2026-02-11	16:37:05.810	1.015	10.745	10.325	0.017568	-0.03538	1.109224	-0.555	-1.3455	-2.784	0	95	1024	1
2026-02-11	16:37:05.830	2.38	15.015	9.59	0.039284	-0.038308	1.139724	-0.552	-1.3485	-2.7855	0	95	1024	1
2026-02-11	16:37:05.850	3.325	18.27	8.505	0.063928	-0.047092	1.159244	-0.5475	-1.3425	-2.7855	0	95	1024	1
2026-02-11	16:37:05.870	3.675	19.775	7.805	0.063928	-0.053924	1.16022	-0.543	-1.344	-2.7855	0	95	1024	1
2026-02-11	16:37:05.890	3.64	19.6	6.86	0.062708	-0.058316	1.154608	-0.54	-1.347	-2.7885	0	95	1024	1
2026-02-11	16:37:05.910	3.465	17.92	5.32	0.08784	-0.069296	1.157048	-0.543	-1.3425	-2.7915	0	95	1024	1
2026-02-11	16:37:05.930	2.625	13.93	4.095	0.100772	-0.077348	1.163636	-0.543	-1.3425	-2.7945	0	95	1024	1
2026-02-11	16:37:05.950	0.805	7.035	3.22	0.110532	-0.087596	1.180472	-0.534	-1.344	-2.7945	0	95	1024	1
2026-02-11	16:37:05.970	-1.33	-2.45	1.33	0.11468	-0.10004	1.194624	-0.5325	-1.3425	-2.793	0	95	1024	1
2026-02-11	16:37:05.990	-1.96	-11.165	-3.045	0.1342	-0.117852	1.197552	-0.5355	-1.347	-2.79	0	95	1024	1
2026-02-11	16:37:06.010	1.085	-14.77	-10.85	0.153476	-0.122	1.097268	-0.5355	-1.3485	-2.7825	0	95	1036	1
2026-02-11	16:37:06.030	8.19	-14.245	-18.165	0.168116	-0.122244	0.9516	-0.5355	-1.3455	-2.7795	0	95	1036	1
2026-02-11	16:37:06.050	15.225	-14.84	-22.085	0.206912	-0.131516	0.895724	-0.54	-1.3485	-2.778	0	95	1036	1
2026-02-11	16:37:06.070	19.845	-16.345	-23.8	0.266204	-0.129076	0.916952	-0.534	-1.3515	-2.769	0	95	1036	1
2026-02-11	16:37:06.090	20.755	-16.17	-22.96	0.340136	-0.120048	0.966728	-0.54	-1.3545	-2.7765	0	95	1036	1
2026-02-11	16:37:06.110	18.515	-13.37	-19.95	0.352336	-0.107848	0.987468	-0.5475	-1.3605	-2.7795	0	95	1036	1
2026-02-11	16:37:06.130	14.7	-8.505	-16.38	0.317932	-0.090524	0.984296	-0.543	-1.3665	-2.7765	0	95	1036	1
2026-02-11	16:37:06.150	10.36	-3.36	-13.58	0.260348	-0.071736	0.952332	-0.5445	-1.3665	-2.775	0	95	1036	1
2026-02-11	16:37:06.170	6.125	-0.56	-12.005	0.219356	-0.052704	0.935984	-0.546	-1.3695	-2.772	0	95	1036	1
2026-02-11	16:37:06.190	1.855	-0.49	-11.27	0.204228	-0.03904	0.93696	-0.546	-1.368	-2.7735	0	95	1036	1
2026-02-11	16:37:06.210	-2.17	-1.75	-10.64	0.202764	-0.028304	0.954772	-0.5445	-1.3695	-2.7795	0	96	1048	1
2026-02-11	16:37:06.230	-5.495	-3.395	-9.8	0.187148	-0.027572	0.962824	-0.5445	-1.377	-2.7825	0	96	1048	1
2026-02-11	16:37:06.250	-7.665	-5.04	-9.065	0.16104	-0.025864	0.952332	-0.546	-1.3725	-2.781	0	96	1048	1
2026-02-11	16:37:06.270	-8.61	-7	-8.61	0.136152	-0.035868	0.930372	-0.543	-1.371	-2.778	0	96	1048	1
2026-02-11	16:37:06.290	-7.91	-10.15	-8.12	0.12444	-0.049044	0.901336	-0.5415	-1.3725	-2.7795	0	96	1048	1
2026-02-11	16:37:06.310	-6.335	-11.025	-7.35	0.119804	-0.050996	0.873276	-0.5415	-1.3725	-2.7795	0	96	1048	1
2026-02-11	16:37:06.330	-3.92	-10.85	-6.37	0.122	-0.040992	0.868884	-0.552	-1.3815	-2.7795	0	96	1048	1
2026-02-11	16:37:06.350	-1.82	-10.045	-5.04	0.14274	-0.046116	0.885476	-0.5595	-1.38	-2.775	0	96	1048	1
2026-02-11	16:37:06.370	-1.505	-8.61	-2.835	0.146644	-0.047092	0.907436	-0.5505	-1.3755	-2.7675	0	96	1048	1
2026-02-11	16:37:06.390	-2.695	-6.37	-0.105	0.147132	-0.043188	0.92232	-0.5595	-1.374	-2.775	0	96	1048	1
2026-02-11	16:37:06.410	-4.445	-3.535	2.485	0.157624	-0.03172	0.918416	-0.561	-1.371	-2.7795	0	99	1042	1
2026-02-11	16:37:06.430	-6.02	-0.805	4.62	0.17324	-0.024888	0.928176	-0.5535	-1.3695	-2.781	0	99	1042	1
2026-02-11	16:37:06.450	-7.42	1.575	6.475	0.191784	-0.02684	0.952088	-0.561	-1.3755	-2.7765	0	99	1042	1
2026-02-11	16:37:06.470	-8.995	3.85	8.4	0.188124	-0.023912	0.958676	-0.561	-1.368	-2.766	0	99	1042	1
2026-02-11	16:37:06.490	-10.185	5.18	10.045	0.1708	-0.030012	0.955016	-0.5565	-1.3635	-2.772	0	99	1042	1
2026-02-11	16:37:06.510	-10.325	4.445	11.165	0.1708	-0.035624	0.955992	-0.5565	-1.368	-2.7735	0	99	1042	1
2026-02-11	16:37:06.530	-8.96	3.22	11.83	0.197396	-0.030744	0.980392	-0.555	-1.3575	-2.769	0	99	1042	1
2026-02-11	16:37:06.550	-5.67	4.585	12.67	0.20862	-0.031232	1.024312	-0.558	-1.365	-2.7735	0	99	1042	1
2026-02-11	16:37:06.570	-3.29	5.915	13.79	0.162748	-0.043676	1.028704	-0.558	-1.365	-2.7735	0	99	1042	1
2026-02-11	16:37:06.590	-1.995	2.485	14.28	0.146644	-0.046116	1.024068	-0.555	-1.3605	-2.775	0	99	1042	1
2026-02-11	16:37:06.610	-0.35	-2.275	14.84	0.186904	-0.059536	1.080432	-0.5535	-1.3575	-2.775	0	101	1027	1
2026-02-11	16:37:06.630	0.42	-4.445	16.59	0.203008	-0.07515199	1.130696	-0.555	-1.356	-2.775	0	101	1027	1
2026-02-11	16:37:06.650	0.735	-3.85	18.795	0.171776	-0.083692	1.146068	-0.5595	-1.3545	-2.775	0	101	1027	1
2026-02-11	16:37:06.670	1.225	-3.5	20.44	0.158844	-0.08662	1.140456	-0.564	-1.356	-2.775	0	101	1027	1
2026-02-11	16:37:06.690	2.31	-5.215	21.875	0.201056	-0.084668	1.154608	-0.564	-1.35	-2.7765	0	101	1027	1
2026-02-11	16:37:06.710	4.235	-6.545	23.8	0.251076	-0.093452	1.185352	-0.5625	-1.344	-2.7765	0	101	1027	1
2026-02-11	16:37:06.730	5.18	-6.895	26.775	0.272304	-0.113704	1.208532	-0.5685	-1.3515	-2.769	0	101	1027	1
2026-02-11	16:37:06.750	3.535	-8.12	30.135	0.27206	-0.123952	1.208288	-0.567	-1.3545	-2.769	0	101	1027	1
2026-02-11	16:37:06.770	0.735	-10.57	32.34	0.261568	-0.12688	1.179984	-0.564	-1.347	-2.7765	0	101	1027	1
2026-02-11	16:37:06.790	0.63	-11.2	32.48	0.258396	-0.140788	1.142896	-0.5715	-1.3425	-2.769	0	101	1027	1
2026-02-11	16:37:06.810	4.34	-7.315	30.45	0.24156	-0.163236	1.094096	-0.57	-1.347	-2.775	0	103	1029	1
2026-02-11	16:37:06.830	12.53	1.715	25.69	0.210572	-0.178608	1.000156	-0.5685	-1.3395	-2.772	0	103	1029	1
2026-02-11	16:37:06.850	16.45	5.285	23.695	0.219112	-0.183488	0.9821	-0.5715	-1.3425	-2.7705	0	103	1029	1
2026-02-11	16:37:06.870	17.745	6.3	23.45	0.235216	-0.17202	1.0004	-0.5775	-1.3455	-2.769	0	103	1029	1
2026-02-11	16:37:06.890	16.765	7	24.57	0.264984	-0.150304	1.03456	-0.5805	-1.35	-2.7705	0	103	1029	1
2026-02-11	16:37:06.910	13.335	8.155	26.845	0.2501	-0.140544	1.033096	-0.579	-1.3485	-2.7735	0	103	1029	1
2026-02-11	16:37:06.930	8.96	8.4	29.225	0.205692	-0.129808	0.998692	-0.5805	-1.35	-2.7735	0	103	1029	1
2026-02-11	16:37:06.950	5.04	7.105	30.765	0.149572	-0.113704	0.941352	-0.576	-1.353	-2.775	0	103	1029	1
2026-02-11	16:37:06.970	2.555	3.99	30.765	0.11468	-0.10492	0.907436	-0.5715	-1.353	-2.769	0	103	1029	1
2026-02-11	16:37:06.990	1.89	0.735	29.855	0.102236	-0.103456	0.889624	-0.582	-1.3545	-2.7645	0	103	1029	1
2026-02-11	16:37:07.010	2.695	-0.385	29.085	0.089548	-0.093208	0.876204	-0.585	-1.35	-2.769	0	105	1039	1
2026-02-11	16:37:07.030	4.2	0.35	28.945	0.0732	-0.0793	0.869372	-0.5805	-1.3485	-2.7705	0	105	1039	1
2026-02-11	16:37:07.050	5.04	1.05	29.435	0.073688	-0.06954	0.867664	-0.579	-1.3455	-2.7675	0	105	1039	1
2026-02-11	16:37:07.070	4.62	1.82	30.52	0.07905599	-0.064172	0.87352	-0.582	-1.3455	-2.7705	0	105	1039	1
2026-02-11	16:37:07.090	2.52	3.255	32.34	0.091988	-0.058804	0.865224	-0.588	-1.3485	-2.7735	0	105	1039	1
2026-02-11	16:37:07.110	0.595	4.83	34.37	0.0976	-0.063928	0.85034	-0.591	-1.3485	-2.772	0	105	1039	1
2026-02-11	16:37:07.130	0.35	5.635	35.455	0.097844	-0.06222	0.829356	-0.5835	-1.3425	-2.778	0	105	1039	1
2026-02-11	16:37:07.150	1.47	5.95	35.665	0.094184	-0.057096	0.821548	-0.5865	-1.335	-2.7705	0	105	1039	1
2026-02-11	16:37:07.170	3.185	7.035	35.525	0.083936	-0.053192	0.82228	-0.585	-1.341	-2.769	0	105	1039	1
2026-02-11	16:37:07.190	4.305	8.435	35.84	0.077104	-0.048556	0.835456	-0.5835	-1.335	-2.766	0	105	1039	1
2026-02-11	16:37:07.210	4.2	9.03	36.295	0.069296	-0.037088	0.862784	-0.5865	-1.3335	-2.7645	0	107	1030	1
2026-02-11	16:37:07.230	2.87	9.135	36.505	0.060268	-0.029036	0.89914	-0.5835	-1.3335	-2.766	0	107	1030	1
2026-02-11	16:37:07.250	0.595	9.765	36.75	0.055876	-0.027572	0.920368	-0.579	-1.3275	-2.769	0	107	1030	1
2026-02-11	16:37:07.270	-1.855	9.8	37.065	0.022692	-0.02318	0.928908	-0.579	-1.3275	-2.769	0	107	1030	1
2026-02-11	16:37:07.290	-3.5	7.49	36.715	0	-0.026108	0.945988	-0.579	-1.332	-2.7645	0	107	1030	1
2026-02-11	16:37:07.310	-4.515	4.9	35.105	-0.004148	-0.02196	0.98698	-0.579	-1.326	-2.769	0	107	1030	1
2026-02-11	16:37:07.330	-4.865	3.885	32.69	-0.001952	-0.003172	1.00406	-0.5805	-1.3185	-2.772	0	107	1030	1
2026-02-11	16:37:07.350	-3.325	3.885	29.68	-0.022204	0.011712	1.01382	-0.579	-1.314	-2.772	0	107	1030	1
2026-02-11	16:37:07.370	0.455	2.135	24.71	-0.033184	0.014884	1.04798	-0.576	-1.3125	-2.7735	0	107	1030	1
2026-02-11	16:37:07.390	3.255	-0.56	19.67	-0.012688	0.001708	1.099708	-0.576	-1.3125	-2.7735	0	107	1030	1
2026-02-11	16:37:07.410	3.885	-0.735	16.345	-0.004148	0.004148	1.11386	-0.5775	-1.3095	-2.7705	0	110	1011	1
2026-02-11	16:37:07.430	4.55	0.385	13.125	-0.006588	0.011224	1.103368	-0.5805	-1.3095	-2.7765	0	110	1011	1
2026-02-11	16:37:07.450	6.02	0.455	9.31	0.016348	0.010736	1.103124	-0.5895	-1.3125	-2.772	0	110	1011	1
2026-02-11	16:37:07.470	7.595	0.14	5.39	0.064172	-0.006832	1.153632	-0.573	-1.308	-2.7705	0	110	1011	1
2026-02-11	16:37:07.490	7.455	1.085	2.415	0.083204	-0.031232	1.186816	-0.5775	-1.311	-2.7735	0	110	1011	1
2026-02-11	16:37:07.510	4.655	0.77	0.28	0.0915	-0.043188	1.209752	-0.579	-1.305	-2.763	0	110	1011	1
2026-02-11	16:37:07.530	0.07	-2.59	-1.855	0.107604	-0.050752	1.206824	-0.5835	-1.308	-2.769	0	110	1011	1
2026-02-11	16:37:07.550	-4.095	-7.7	-4.585	0.119804	-0.057828	1.190476	-0.582	-1.311	-2.7705	0	110	1011	1
2026-02-11	16:37:07.570	-5.11	-11.62	-8.645	0.10126	-0.045384	1.164612	-0.5835	-1.3095	-2.766	0	110	1011	1
2026-02-11	16:37:07.590	-3.465	-12.74	-14	0.105164	-0.033672	1.147288	-0.5895	-1.3155	-2.769	0	110	1011	1
2026-02-11	16:37:07.610	-0.875	-10.885	-19.985	0.12566	-0.029768	1.105076	-0.5865	-1.3125	-2.7585	0	114	1014	1
2026-02-11	16:37:07.630	2.31	-6.79	-25.41	0.141764	-0.029036	1.021872	-0.5955	-1.3125	-2.76	0	114	1014	1
2026-02-11	16:37:07.650	8.89	-0.42	-31.255	0.193736	-0.034404	0.944036	-0.5955	-1.3125	-2.76	0	114	1014	1
2026-02-11	16:37:07.670	12.915	2.345	-32.69	0.229604	-0.024156	0.945256	-0.5895	-1.317	-2.76	0	114	1014	1
2026-02-11	16:37:07.690	15.575	4.865	-32.515	0.250832	-0.010004	0.98942	-0.5835	-1.3185	-2.7615	0	114	1014	1
2026-02-11	16:37:07.710	15.75	8.61	-31.885	0.26352	-0.002928	1.02114	-0.585	-1.3155	-2.7615	0	114	1014	1
2026-02-11	16:37:07.730	13.335	12.46	-31.08	0.270108	-0.00976	1.020408	-0.579	-1.3305	-2.7615	0	114	1014	1
2026-02-11	16:37:07.750	9.485	14.525	-29.925	0.2684	-0.017568	0.995276	-0.5925	-1.3365	-2.7585	0	114	1014	1
2026-02-11	16:37:07.770	5.81	14.245	-28.245	0.247416	-0.025132	0.956968	-0.579	-1.335	-2.7585	0	114	1014	1
2026-02-11	16:37:07.790	3.57	12.705	-26.25	0.228872	-0.020252	0.917928	-0.573	-1.332	-2.76	0	114	1014	1
2026-02-11	16:37:07.810	3.08	11.27	-24.745	0.216428	-0.016348	0.902068	-0.573	-1.3485	-2.763	0	118	1028	1
2026-02-11	16:37:07.830	2.52	9.135	-23.59	0.202032	-0.019764	0.892796	-0.5715	-1.3455	-2.757	0	118	1028	1
2026-02-11	16:37:07.850	1.75	4.9	-22.505	0.168604	-0.011468	0.892796	-0.567	-1.35	-2.766	0	118	1028	1
2026-02-11	16:37:07.870	0.77	0.42	-21.875	0.14884	-0.0061	0.918416	-0.5745	-1.353	-2.7645	0	118	1028	1
2026-02-11	16:37:07.890	-1.085	-2.625	-21.35	0.161528	-0.009028	0.947452	-0.57	-1.3575	-2.7735	0	118	1028	1
2026-02-11	16:37:07.910	-3.85	-3.745	-20.3	0.127612	0.004636	0.9211	-0.5805	-1.3575	-2.775	0	118	1028	1
2026-02-11	16:37:07.930	-5.74	-4.69	-19.67	0.09467199	0.016592	0.85644	-0.5745	-1.3605	-2.7645	0	118	1028	1
2026-02-11	16:37:07.950	-6.23	-7.63	-19.53	0.085156	0.019032	0.831552	-0.5685	-1.3605	-2.76	0	118	1028	1
2026-02-11	16:37:07.970	-5.985	-10.605	-19.25	0.083692	0.017812	0.841312	-0.57	-1.3575	-2.7675	0	118	1028	1
2026-02-11	16:37:07.990	-5.88	-10.85	-18.97	0.084668	0.020496	0.882304	-0.5715	-1.359	-2.7675	0	118	1028	1
2026-02-11	16:37:08.010	-7.035	-8.82	-18.515	0.092476	0.014884	0.914024	-0.5745	-1.362	-2.766	0	121	1026	1
2026-02-11	16:37:08.030	-8.82	-6.3	-17.605	0.091988	0.014396	0.924272	-0.5805	-1.368	-2.7645	0	121	1026	1
2026-02-11	16:37:08.050	-10.57	-3.78	-16.45	0.084668	0	0.918172	-0.5805	-1.3665	-2.763	0	121	1026	1
2026-02-11	16:37:08.070	-11.34	-2.765	-15.19	0.073932	-0.001708	0.912316	-0.579	-1.368	-2.763	0	121	1026	1
2026-02-11	16:37:08.090	-10.885	-2.835	-14.49	0.07905599	-0.000732	0.923296	-0.5745	-1.3695	-2.7675	0	121	1026	1
2026-02-11	16:37:08.110	-10.185	-2.415	-14.105	0.089792	0.001708	0.96746	-0.573	-1.359	-2.769	0	121	1026	1
2026-02-11	16:37:08.130	-10.675	-1.295	-13.09	0.103456	0.001708	1.013332	-0.579	-1.3605	-2.766	0	121	1026	1
2026-02-11	16:37:08.150	-12.11	0.105	-11.76	0.119072	0.003416	1.044564	-0.579	-1.365	-2.7645	0	121	1026	1
2026-02-11	16:37:08.170	-12.985	1.785	-10.57	0.112728	-0.003172	1.051152	-0.576	-1.3575	-2.763	0	121	1026	1
2026-02-11	16:37:08.190	-11.62	3.115	-8.855	0.092964	-0.017568	1.034316	-0.576	-1.3545	-2.7615	0	121	1026	1
2026-02-11	16:37:08.210	-8.19	2.555	-8.295	0.097112	-0.027084	1.066768	-0.5775	-1.3545	-2.769	0	122	1013	1
2026-02-11	16:37:08.230	-4.515	2.03	-7.77	0.118584	-0.03294	1.116788	-0.5775	-1.3575	-2.7675	0	122	1013	1
2026-02-11	16:37:08.250	-1.82	1.995	-6.685	0.142008	-0.0366	1.159	-0.5745	-1.356	-2.766	0	122	1013	1
2026-02-11	16:37:08.270	-0.315	3.325	-4.9	0.160308	-0.044652	1.20414	-0.5685	-1.3545	-2.766	0	122	1013	1
2026-02-11	16:37:08.290	-0.98	5.285	-2.065	0.158356	-0.047336	1.208044	-0.57	-1.35	-2.7675	0	122	1013	1
2026-02-11	16:37:08.310	-3.08	5.46	1.12	0.153476	-0.05734	1.199504	-0.57	-1.356	-2.7705	0	122	1013	1
2026-02-11	16:37:08.330	-6.23	2.485	4.165	0.167628	-0.071492	1.223172	-0.5685	-1.3605	-2.772	0	122	1013	1
2026-02-11	16:37:08.350	-10.57	-1.61	7.455	0.18056	-0.093208	1.24074	-0.573	-1.3545	-2.766	0	122	1013	1
2026-02-11	16:37:08.370	-14.525	-5.285	10.185	0.19276	-0.108336	1.231712	-0.576	-1.3485	-2.766	0	122	1013	1
2026-02-11	16:37:08.390	-16.73	-8.435	11.655	0.20252	-0.111508	1.199748	-0.576	-1.3485	-2.769	0	122	1013	1
2026-02-11	16:37:08.410	-16.31	-10.395	11.76	0.20252	-0.128344	1.142164	-0.5745	-1.347	-2.766	0	123	1020	1
2026-02-11	16:37:08.430	-12.74	-9.66	10.745	0.184708	-0.152012	1.067012	-0.573	-1.344	-2.7645	0	123	1020	1
2026-02-11	16:37:08.450	-4.48	-5.495	8.89	0.152988	-0.16592	0.964532	-0.5715	-1.3485	-2.7645	0	123	1020	1
2026-02-11	16:37:08.470	5.005	-0.63	7.315	0.156892	-0.157136	0.901824	-0.5715	-1.3485	-2.7645	0	123	1020	1
2026-02-11	16:37:08.490	11.795	2.275	7.28	0.198616	-0.1342	0.927688	-0.576	-1.3365	-2.7555	0	123	1020	1
2026-02-11	16:37:08.510	15.855	4.445	8.575	0.248392	-0.122488	1.004548	-0.576	-1.347	-2.7585	0	123	1020	1
2026-02-11	16:37:08.530	14.91	7.14	11.445	0.261812	-0.133224	1.081896	-0.5775	-1.3425	-2.7585	0	123	1020	1
2026-02-11	16:37:08.550	9.17	10.115	15.33	0.24034	-0.128588	1.069696	-0.5745	-1.3515	-2.763	0	123	1020	1
2026-02-11	16:37:08.570	2.765	11.27	18.725	0.180072	-0.123708	0.981612	-0.5805	-1.353	-2.76	0	123	1020	1
2026-02-11	16:37:08.590	-0.35	7.945	19.81	0.133956	-0.117364	0.897432	-0.57	-1.35	-2.7675	0	123	1020	1
2026-02-11	16:37:08.610	0.105	1.96	18.795	0.098332	-0.120048	0.873032	-0.5805	-1.344	-2.7615	0	124	1037	1
2026-02-11	16:37:08.630	2.1	-2.065	16.975	0.072712	-0.128344	0.875228	-0.582	-1.344	-2.763	0	124	1037	1
2026-02-11	16:37:08.650	3.605	-3.08	15.015	0.049044	-0.1281	0.873276	-0.582	-1.347	-2.7615	0	124	1037	1
2026-02-11	16:37:08.670	3.885	-2.87	13.65	0.038796	-0.116876	0.860344	-0.579	-1.3485	-2.7585	0	124	1037	1
2026-02-11	16:37:08.690	3.115	-2.59	13.79	0.032452	-0.092232	0.832772	-0.591	-1.341	-2.754	0	124	1037	1
2026-02-11	16:37:08.710	2.485	-2.625	14.805	0.031476	-0.07515199	0.814228	-0.585	-1.3455	-2.763	0	124	1037	1
2026-02-11	16:37:08.730	3.185	-3.325	15.505	0.043188	-0.065636	0.811788	-0.585	-1.347	-2.7615	0	124	1037	1
2026-02-11	16:37:08.750	3.85	-3.29	15.085	0.055388	-0.06588	0.819596	-0.588	-1.3455	-2.757	0	124	1037	1
2026-02-11	16:37:08.770	3.675	-2.94	15.225	0.055632	-0.04636	0.82594	-0.582	-1.3425	-2.7585	0	124	1037	1
2026-02-11	16:37:08.790	3.115	-2.87	15.925	0.052216	-0.040016	0.838628	-0.5895	-1.341	-2.7555	0	124	1037	1
2026-02-11	16:37:08.810	2.415	-2.275	16.38	0.049044	-0.04758	0.866444	-0.5805	-1.341	-2.7555	0	126	1031	1
2026-02-11	16:37:08.830	2.065	-0.14	15.995	0.044896	-0.044896	0.893284	-0.5865	-1.3365	-2.7495	0	126	1031	1
2026-02-11	16:37:08.850	2.24	3.71	15.05	0.03416	-0.031476	0.910608	-0.5955	-1.347	-2.748	0	126	1031	1
2026-02-11	16:37:08.870	2.45	7.07	13.79	0.024156	-0.008296	0.920124	-0.591	-1.338	-2.7465	0	126	1031	1
2026-02-11	16:37:08.890	2.31	7.98	12.565	0.021716	0.001952	0.947208	-0.585	-1.347	-2.7525	0	126	1031	1
2026-02-11	16:37:08.910	1.785	7.28	11.445	0.02196	0.00244	0.967216	-0.594	-1.341	-2.7495	0	126	1031	1
2026-02-11	16:37:08.930	1.89	6.65	9.52	-0.004148	0.008296	0.998936	-0.5955	-1.3365	-2.7495	0	126	1031	1
2026-02-11	16:37:08.950	2.66	6.965	6.405	-0.02806	0.013664	1.02114	-0.6	-1.3305	-2.76	0	126	1031	1
2026-02-11	16:37:08.970	3.36	6.51	2.345	-0.037332	0.019764	1.041636	-0.582	-1.335	-2.754	0	126	1031	1
2026-02-11	16:37:08.990	2.625	3.71	-3.36	-0.029768	0.010248	1.08214	-0.5895	-1.332	-2.7495	0	126	1031	1
2026-02-11	16:37:09.010	0.91	0.63	-9.31	-0.052704	0.011224	1.100684	-0.5895	-1.332	-2.7495	0	128	1013	1
2026-02-11	16:37:09.030	-0.805	-1.715	-14.63	-0.078812	0.024888	1.10776	-0.588	-1.332	-2.754	0	128	1013	1
2026-02-11	16:37:09.050	-1.995	-4.165	-21.07	-0.065148	0.02684	1.138016	-0.585	-1.3305	-2.7555	0	128	1013	1
2026-02-11	16:37:09.070	-1.96	-4.235	-28.42	-0.021472	0.028548	1.185596	-0.582	-1.332	-2.751	0	128	1013	1
2026-02-11	16:37:09.090	-1.015	-0.28	-35.7	0.010248	0.024156	1.200968	-0.5835	-1.3365	-2.7495	0	128	1013	1
2026-02-11	16:37:09.110	-0.77	3.92	-41.86	0.043676	0.0244	1.21268	-0.585	-1.3365	-2.751	0	128	1013	1
2026-02-11	16:37:09.130	-3.395	3.08	-45.57	0.122	0.016836	1.217072	-0.5805	-1.3395	-2.7495	0	128	1013	1
2026-02-11	16:37:09.150	-8.33	-3.01	-47.04	0.193004	0.016348	1.2383	-0.582	-1.3425	-2.7465	0	128	1013	1
2026-02-11	16:37:09.170	-12.915	-8.995	-47.425	0.243024	0.007076	1.248548	-0.5805	-1.347	-2.7465	0	128	1013	1
2026-02-11	16:37:09.190	-15.085	-9.135	-48.37	0.27206	-0.022204	1.253428	-0.576	-1.347	-2.7495	0	128	1013	1
2026-02-11	16:37:09.210	-15.54	-3.815	-50.26	0.247904	-0.036112	1.188036	-0.5745	-1.344	-2.7525	0	131	1018	1
2026-02-11	16:37:09.230	-14.84	2.87	-53.34	0.19886	-0.034892	1.075552	-0.5805	-1.3515	-2.7465	0	131	1018	1
2026-02-11	16:37:09.250	-12.845	6.825	-56.49	0.19398	-0.021228	0.997716	-0.5805	-1.3425	-2.751	0	131	1018	1
2026-02-11	16:37:09.270	-9.695	8.26	-59.08	0.295484	0.018056	1.005036	-0.5685	-1.3485	-2.748	0	131	1018	1
2026-02-11	16:37:09.290	-8.715	10.465	-58.73	0.34648	0.029524	1.059204	-0.5685	-1.3515	-2.748	0	131	1018	1
2026-02-11	16:37:09.310	-10.395	15.47	-57.4	0.36356	0.02318	1.090436	-0.561	-1.353	-2.748	0	131	1018	1
2026-02-11	16:37:09.330	-13.86	19.985	-55.545	0.314272	0.011224	1.03334	-0.5565	-1.356	-2.7495	0	131	1018	1
2026-02-11	16:37:09.350	-15.085	20.055	-55.16	0.2379	0.016592	0.936716	-0.555	-1.362	-2.748	0	131	1018	1
2026-02-11	16:37:09.370	-12.425	17.045	-57.645	0.208864	0.016836	0.88938	-0.552	-1.3605	-2.745	0	131	1018	1
2026-02-11	16:37:09.390	-8.995	13.965	-61.11	0.208864	0.003904	0.897188	-0.552	-1.362	-2.748	0	131	1018	1
2026-02-11	16:37:09.410	-6.825	13.09	-63.35	0.198372	0.004148	0.894016	-0.546	-1.3605	-2.751	0	136	1036	1
2026-02-11	16:37:09.430	-5.495	13.405	-64.4	0.159576	0.005368	0.877668	-0.54	-1.3635	-2.7525	0	136	1036	1
2026-02-11	16:37:09.450	-4.305	12.775	-65.24	0.11834	0.010004	0.846924	-0.5415	-1.374	-2.7555	0	136	1036	1
2026-02-11	16:37:09.470	-2.135	10.955	-66.71	0.09028	0.016592	0.819352	-0.537	-1.377	-2.754	0	136	1036	1
2026-02-11	16:37:09.490	1.085	9.065	-69.02	0.08295999	0.018788	0.827892	-0.5295	-1.38	-2.757	0	136	1036	1
2026-02-11	16:37:09.510	3.57	8.68	-70.945	0.085644	0.021228	0.855952	-0.528	-1.386	-2.76	0	136	1036	1
2026-02-11	16:37:09.530	3.815	8.47	-70.98	0.09516	0.02562	0.84912	-0.5235	-1.3845	-2.757	0	136	1036	1
2026-02-11	16:37:09.550	3.325	6.335	-69.825	0.091256	0.022448	0.833992	-0.5205	-1.3815	-2.7555	0	136	1036	1
2026-02-11	16:37:09.570	3.36	3.92	-69.195	0.09516	0.020008	0.863028	-0.5175	-1.3965	-2.7525	0	136	1036	1
2026-02-11	16:37:09.590	2.66	2.415	-68.495	0.1098	0.023912	0.8845	-0.51	-1.404	-2.763	0	136	1036	1
2026-02-11	16:37:09.610	1.225	0.7	-67.06	0.161284	0.002684	0.914024	-0.51	-1.4145	-2.76	0	141	1033	1
2026-02-11	16:37:09.630	-0.525	-2.31	-65.03	0.166652	0.016348	0.946476	-0.5055	-1.4055	-2.7525	0	141	1033	1
2026-02-11	16:37:09.650	-2.45	-4.935	-63.21	0.19032	0.00732	0.9699	-0.501	-1.4115	-2.7585	0	141	1033	1
2026-02-11	16:37:09.670	-4.06	-5.635	-61.915	0.173972	0.011712	0.974048	-0.4905	-1.4055	-2.76	0	141	1033	1
2026-02-11	16:37:09.690	-4.13	-4.27	-61.705	0.160796	0.011468	0.957944	-0.4935	-1.4115	-2.76	0	141	1033	1
2026-02-11	16:37:09.710	-3.745	-1.995	-61.915	0.137372	0.00854	0.922808	-0.4935	-1.4115	-2.7585	0	141	1033	1
2026-02-11	16:37:09.730	-2.905	0.105	-61.32	0.157136	0.008784	0.928908	-0.4905	-1.413	-2.7585	0	141	1033	1
2026-02-11	16:37:09.750	-2.1	2.8	-60.13	0.182756	-0.001464	0.96502	-0.4935	-1.419	-2.7585	0	141	1033	1
2026-02-11	16:37:09.770	-1.75	6.51	-58.24	0.18422	-0.006588	1.003572	-0.489	-1.4235	-2.754	0	141	1033	1
2026-02-11	16:37:09.790	-2.415	9.555	-55.79	0.183	-0.020252	1.027972	-0.4815	-1.4235	-2.754	0	141	1033	1
2026-02-11	16:37:09.810	-4.375	11.55	-52.36	0.138592	-0.028304	1.003084	-0.483	-1.4235	-2.757	0	143	1016	1
2026-02-11	16:37:09.830	-3.92	12.215	-51.1	0.125416	-0.024156	0.979416	-0.483	-1.4235	-2.757	0	143	1016	1
2026-02-11	16:37:09.850	-2.275	11.2	-49.805	0.139568	-0.028548	0.969656	-0.465	-1.428	-2.7525	0	143	1016	1
2026-02-11	16:37:09.870	-0.07	8.68	-47.88	0.148596	-0.03782	0.974536	-0.462	-1.434	-2.7615	0	143	1016	1
2026-02-11	16:37:09.890	2.415	6.58	-45.535	0.124196	-0.03904	0.96868	-0.4605	-1.437	-2.7585	0	143	1016	1
2026-02-11	16:37:09.910	5.25	4.55	-43.435	0.099552	-0.044164	0.973316	-0.462	-1.446	-2.7645	0	143	1016	1
2026-02-11	16:37:09.930	7.7	2.415	-41.58	0.096868	-0.052704	0.9943	-0.4485	-1.449	-2.757	0	143	1016	1
2026-02-11	16:37:09.950	8.96	1.12	-39.06	0.107604	-0.050264	1.01748	-0.447	-1.4475	-2.7555	0	143	1016	1
2026-02-11	16:37:09.970	9.45	0.595	-35.98	0.09857599	-0.052948	1.024556	-0.4455	-1.4505	-2.7645	0	143	1016	1
2026-02-11	16:37:09.990	9.555	0.98	-33.495	0.077592	-0.051972	1.019432	-0.4455	-1.449	-2.757	0	143	1016	1
2026-02-11	16:37:10.010	8.89	0.665	-31.535	0.06734399	-0.061	1.02846	-0.447	-1.452	-2.763	0	142	1004	1
2026-02-11	16:37:10.030	7.035	-0.525	-29.47	0.073932	-0.06832	1.044076	-0.4455	-1.4565	-2.763	0	142	1004	1
2026-02-11	16:37:10.050	4.76	-1.47	-27.51	0.082228	-0.057584	1.049444	-0.4395	-1.467	-2.7615	0	142	1004	1
2026-02-11	16:37:10.070	3.045	-1.085	-25.69	0.083936	-0.051484	1.018212	-0.4365	-1.461	-2.7705	0	142	1004	1
2026-02-11	16:37:10.090	3.64	0.245	-24.325	0.066612	-0.053192	0.979416	-0.4365	-1.461	-2.7705	0	142	1004	1
2026-02-11	16:37:10.110	5.285	1.365	-23.59	0.085156	-0.037088	0.989664	-0.4335	-1.467	-2.7645	0	142	1004	1
2026-02-11	16:37:10.130	6.125	2.03	-22.12	0.103944	-0.024156	0.993568	-0.429	-1.4715	-2.7615	0	142	1004	1
2026-02-11	16:37:10.150	6.09	1.75	-19.705	0.131272	-0.018788	0.999424	-0.4275	-1.4715	-2.766	0	142	1004	1
2026-02-11	16:37:10.170	5.46	1.68	-16.625	0.133956	-0.022692	1.017968	-0.4245	-1.4775	-2.763	0	142	1004	1
2026-02-11	16:37:10.190	4.025	2.87	-13.545	0.146644	-0.0366	1.05652	-0.4245	-1.482	-2.7615	0	142	1004	1
2026-02-11	16:37:10.210	1.54	4.76	-10.29	0.159332	-0.043188	1.054568	-0.426	-1.4805	-2.7675	0	137	1004	1
2026-02-11	16:37:10.230	-1.19	6.02	-7.07	0.145424	-0.044408	1.019432	-0.4245	-1.482	-2.7615	0	137	1004	1
2026-02-11	16:37:10.250	-2.8	5.915	-4.445	0.13176	-0.058804	0.998692	-0.4245	-1.4835	-2.757	0	137	1004	1
2026-02-11	16:37:10.270	-3.045	5.775	-2.835	0.132492	-0.073932	1.00528	-0.42	-1.4805	-2.757	0	137	1004	1
2026-02-11	16:37:10.290	-2.695	6.86	-1.33	0.129808	-0.082228	1.007232	-0.414	-1.4805	-2.763	0	137	1004	1
2026-02-11	16:37:10.310	-1.96	8.68	0.385	0.103944	-0.080764	0.980392	-0.42	-1.479	-2.7645	0	137	1004	1
2026-02-11	16:37:10.330	-0.7	9.485	1.75	0.078568	-0.069784	0.962824	-0.423	-1.4775	-2.754	0	137	1004	1
2026-02-11	16:37:10.350	0.245	8.715	3.675	0.089548	-0.07076	0.99918	-0.417	-1.488	-2.7615	0	137	1004	1
2026-02-11	16:37:10.370	-0.875	7.91	5.6	0.072956	-0.063196	1.007476	-0.4095	-1.488	-2.7615	0	137	1004	1
2026-02-11	16:37:10.390	-2.38	7	7.315	0.036356	-0.067832	0.994056	-0.4065	-1.4865	-2.7615	0	137	1004	1
2026-02-11	16:37:10.410	-3.01	5.53	8.155	0.019032	-0.0732	0.994544	-0.408	-1.4865	-2.763	0	129	1009	1
2026-02-11	16:37:10.430	-2.8	4.13	8.4	0.014884	-0.08052	0.993812	-0.405	-1.488	-2.769	0	129	1009	1
2026-02-11	16:37:10.450	-1.96	3.395	7.805	0.00854	-0.081252	0.976976	-0.4095	-1.4895	-2.766	0	129	1009	1
2026-02-11	16:37:10.470	-0.49	3.115	6.405	-0.006588	-0.073444	0.954284	-0.414	-1.4895	-2.7615	0	129	1009	1
2026-02-11	16:37:10.490	1.4	2.275	4.34	-0.01098	-0.078568	0.961116	-0.4125	-1.488	-2.757	0	129	1009	1
2026-02-11	16:37:10.510	2.1	0.665	2.52	0.00244	-0.080032	0.99308	-0.4065	-1.488	-2.7555	0	129	1009	1
2026-02-11	16:37:10.530	0.28	-2.065	1.96	0.03904	-0.084912	1.048468	-0.4095	-1.491	-2.757	0	129	1009	1
2026-02-11	16:37:10.550	-3.78	-4.305	2.52	0.0732	-0.075884	1.099464	-0.411	-1.4895	-2.76	0	129	1009	1
2026-02-11	16:37:10.570	-8.575	-4.27	3.01	0.055388	-0.076128	1.083116	-0.4095	-1.4865	-2.7585	0	129	1009	1
2026-02-11	16:37:10.590	-11.62	-3.955	1.505	0.002684	-0.072712	1.01626	-0.408	-1.488	-2.7555	0	129	1009	1
2026-02-11	16:37:10.610	-10.395	-4.865	-4.27	-0.032208	-0.080276	0.964776	-0.4065	-1.485	-2.7585	0	121	1014	1
2026-02-11	16:37:10.630	-6.51	-4.34	-11.865	-0.018788	-0.091256	0.970632	-0.408	-1.4805	-2.76	0	121	1014	1
2026-02-11	16:37:10.650	-3.85	-0.945	-17.815	0.00122	-0.08295999	0.984784	-0.405	-1.4805	-2.7645	0	121	1014	1
2026-02-11	16:37:10.670	-2.24	2.87	-22.995	-0.00976	-0.087596	0.992592	-0.4035	-1.485	-2.76	0	121	1014	1
2026-02-11	16:37:10.690	-2.94	4.55	-26.74	0.030012	-0.103212	1.042612	-0.405	-1.4955	-2.745	0	121	1014	1
2026-02-11	16:37:10.710	-6.825	3.885	-27.335	0.071492	-0.108092	1.049688	-0.4005	-1.476	-2.7585	0	121	1014	1
2026-02-11	16:37:10.730	-10.395	3.465	-25.13	0.08662	-0.09882	1.03456	-0.4005	-1.4805	-2.7615	0	121	1014	1
2026-02-11	16:37:10.750	-11.725	4.025	-21.49	0.084424	-0.098332	1.005036	-0.3945	-1.482	-2.7645	0	121	1014	1
2026-02-11	16:37:10.770	-11.305	3.71	-17.885	0.063196	-0.110532	0.968192	-0.39	-1.482	-2.76	0	121	1014	1
2026-02-11	16:37:10.790	-9.52	0.7	-15.295	0.0427	-0.107848	0.950624	-0.3945	-1.4835	-2.76	0	121	1014	1
2026-02-11	16:37:10.810	-6.335	-2.625	-13.545	0.052704	-0.092964	0.960628	-0.3945	-1.4775	-2.7645	0	113	1019	1
2026-02-11	16:37:10.830	-2.8	-3.29	-11.585	0.077104	-0.079788	0.990396	-0.39	-1.473	-2.7675	0	113	1019	1
2026-02-11	16:37:10.850	0.21	-2.31	-9.275	0.081984	-0.069052	0.98576	-0.3915	-1.473	-2.766	0	113	1019	1
2026-02-11	16:37:10.870	3.045	-1.715	-7.315	0.063684	-0.054412	0.954284	-0.3945	-1.4745	-2.7645	0	113	1019	1
2026-02-11	16:37:10.890	6.09	-2.03	-5.215	0.062952	-0.045872	0.981368	-0.3945	-1.4775	-2.766	0	113	1019	1
2026-02-11	16:37:10.910	5.39	-1.19	-4.06	0.077348	-0.025864	1.0126	-0.3945	-1.4775	-2.766	0	113	1019	1
2026-02-11	16:37:10.930	3.045	0.315	-3.36	0.08295999	-0.011956	1.016016	-0.3885	-1.4805	-2.7615	0	113	1019	1
2026-02-11	16:37:10.950	0.21	1.785	-3.43	0.0671	0.008052	1.019188	-0.3825	-1.4745	-2.763	0	113	1019	1
2026-02-11	16:37:10.970	-2.135	3.57	-5.215	0.02562	0.011956	1.024068	-0.387	-1.485	-2.7645	0	113	1019	1
2026-02-11	16:37:10.990	-3.885	5.11	-9.17	0.019276	0.014396	1.035048	-0.3885	-1.4775	-2.7615	0	113	1019	1
2026-02-11	16:37:11.010	-4.69	6.055	-13.615	0.039772	0.01708	1.038708	-0.381	-1.4745	-2.754	0	106	1020	1
2026-02-11	16:37:11.030	-4.83	6.72	-17.185	0.037576	0.027084	1.006012	-0.384	-1.4685	-2.751	0	106	1020	1
2026-02-11	16:37:11.050	-3.815	6.545	-20.23	0.02318	0.015372	0.998448	-0.381	-1.4805	-2.7495	0	106	1020	1
2026-02-11	16:37:11.070	-2.38	5.74	-22.82	0.01708	0.009272	1.000156	-0.3675	-1.4745	-2.7585	0	106	1020	1
2026-02-11	16:37:11.090	-0.7	5.25	-24.92	0.015128	-0.009028	1.005768	-0.369	-1.4805	-2.757	0	106	1020	1
2026-02-11	16:37:11.110	0.7	4.725	-26.005	0.031476	-0.017324	1.010648	-0.372	-1.482	-2.757	0	106	1020	1
2026-02-11	16:37:11.130	1.575	3.43	-25.83	0.028792	-0.027816	1.017968	-0.3615	-1.473	-2.7525	0	106	1020	1
2026-02-11	16:37:11.150	1.89	2.065	-24.71	0.033184	-0.045384	1.037244	-0.3645	-1.479	-2.7675	0	106	1020	1
2026-02-11	16:37:11.170	1.085	1.82	-22.505	0.032452	-0.060756	1.034316	-0.3645	-1.479	-2.7675	0	106	1020	1
2026-02-11	16:37:11.190	0.7	1.61	-19.88	0.022936	-0.064904	1.001132	-0.366	-1.479	-2.7675	0	106	1020	1
2026-02-11	16:37:11.210	1.295	1.33	-17.5	0.01464	-0.075884	0.9821	-0.369	-1.479	-2.7675	0	99	1022	1
2026-02-11	16:37:11.230	1.925	1.225	-14.91	0.033916	-0.07808	0.988688	-0.3705	-1.4805	-2.7675	0	99	1022	1
2026-02-11	16:37:11.250	1.96	1.33	-12.005	0.044896	-0.07686	0.98332	-0.3585	-1.4835	-2.766	0	99	1022	1
2026-02-11	16:37:11.270	1.61	0.91	-9.275	0.0488	-0.069784	0.979416	-0.3585	-1.479	-2.763	0	99	1022	1
2026-02-11	16:37:11.290	0.77	-0.035	-7	0.044652	-0.071492	0.993324	-0.3585	-1.485	-2.769	0	99	1022	1
2026-02-11	16:37:11.310	-1.365	-1.575	-5.215	0.027816	-0.07442	1.004548	-0.357	-1.485	-2.7675	0	99	1022	1
2026-02-11	16:37:11.330	-4.41	-3.36	-3.605	0.023424	-0.064904	0.998448	-0.3645	-1.4805	-2.769	0	99	1022	1
2026-02-11	16:37:11.350	-6.58	-4.9	-2.03	0.040992	-0.062464	0.993324	-0.3645	-1.4895	-2.763	0	99	1022	1
2026-02-11	16:37:11.370	-6.79	-5.915	-0.7	0.029768	-0.039772	1.007964	-0.3495	-1.479	-2.766	0	99	1022	1
2026-02-11	16:37:11.390	0	-5.355	-0.035	0.038552	-0.082472	1.018944	-0.369	-1.488	-2.769	0	99	1022	1
2026-02-11	16:37:11.410	5.25	-4.83	1.925	0.028304	-0.058316	1.003816	-0.357	-1.479	-2.766	0	92	1023	1
2026-02-11	16:37:11.430	2.73	-5.74	3.465	0.035136	-0.038308	0.99064	-0.3585	-1.476	-2.763	0	92	1023	1
2026-02-11	16:37:11.450	-0.035	-5.67	3.15	0.071004	-0.038308	1.020652	-0.363	-1.4745	-2.763	0	92	1023	1
2026-02-11	16:37:11.470	-1.19	-4.69	2.415	0.084668	-0.026596	1.017968	-0.366	-1.476	-2.7675	0	92	1023	1
2026-02-11	16:37:11.490	-0.7	-4.375	1.54	0.069784	-0.0061	0.994788	-0.366	-1.479	-2.7705	0	92	1023	1
2026-02-11	16:37:11.510	-0.21	-4.795	0.35	0.055388	-0.011224	1.01382	-0.366	-1.479	-2.766	0	92	1023	1
2026-02-11	16:37:11.530	0.735	-4.41	-0.77	0.062708	-0.03782	1.039928	-0.3675	-1.479	-2.7675	0	92	1023	1
2026-02-11	16:37:11.550	1.19	-2.765	-0.525	0.045872	-0.04392	1.03212	-0.3705	-1.4805	-2.7705	0	92	1023	1
2026-02-11	16:37:11.570	0.875	-0.945	0.7	0.033428	-0.04514	1.012356	-0.372	-1.482	-2.769	0	92	1023	1
2026-02-11	16:37:11.590	0.805	0.07	2.03	0.027572	-0.042944	1.010892	-0.3675	-1.479	-2.7675	0	92	1023	1
2026-02-11	16:37:11.610	1.26	0.91	2.695	0.022448	-0.03904	1.038952	-0.366	-1.4775	-2.766	0	86	1025	1
2026-02-11	16:37:11.630	0.91	2.205	2.8	0.034648	-0.036112	1.052616	-0.3645	-1.4775	-2.7675	0	86	1025	1
2026-02-11	16:37:11.650	-0.315	4.165	2.765	0.039772	-0.0305	1.031388	-0.366	-1.473	-2.7705	0	86	1025	1
2026-02-11	16:37:11.670	-1.47	5.075	2.555	0.024644	-0.024644	1.010648	-0.369	-1.473	-2.772	0	86	1025	1
2026-02-11	16:37:11.690	-1.855	3.535	1.225	0.030744	-0.029524	1.010648	-0.3645	-1.4775	-2.769	0	86	1025	1
2026-02-11	16:37:11.710	-1.4	2.555	0	0.058072	-0.032452	1.015284	-0.3645	-1.479	-2.7675	0	86	1025	1
2026-02-11	16:37:11.730	-1.295	3.045	-0.42	0.052948	-0.030744	0.998204	-0.369	-1.476	-2.772	0	86	1025	1
2026-02-11	16:37:11.750	-1.33	3.43	-1.015	0.036844	-0.030256	0.998448	-0.3645	-1.476	-2.769	0	86	1025	1
2026-02-11	16:37:11.770	-1.155	3.92	-2.38	0.032208	-0.040748	1.020896	-0.36	-1.476	-2.769	0	86	1025	1
2026-02-11	16:37:11.790	-1.68	4.69	-3.815	0.050996	-0.05124	1.033828	-0.3615	-1.4805	-2.7675	0	86	1025	1
2026-02-11	16:37:11.810	-3.325	5.775	-4.06	0.034404	-0.051484	1.018212	-0.36	-1.479	-2.766	0	79	1028	1
2026-02-11	16:37:11.830	-5.355	6.51	-3.395	0.016348	-0.0488	0.999424	-0.36	-1.4745	-2.7645	0	79	1028	1
2026-02-11	16:37:11.850	-6.93	6.93	-2.765	0.013908	-0.040992	0.987712	-0.3615	-1.4775	-2.766	0	79	1028	1
2026-02-11	16:37:11.870	-7.77	7.035	-2.625	0.011224	-0.038552	0.987956	-0.36	-1.479	-2.769	0	79	1028	1
2026-02-11	16:37:11.890	-7.21	6.055	-2.87	0.010248	-0.035136	0.983076	-0.357	-1.4745	-2.766	0	79	1028	1
2026-02-11	16:37:11.910	-5.32	3.745	-2.87	0.004148	-0.030256	0.952576	-0.3555	-1.473	-2.769	0	79	1028	1
2026-02-11	16:37:11.930	-2.695	0.77	-3.255	0.003904	-0.036112	0.948672	-0.354	-1.4775	-2.772	0	79	1028	1
2026-02-11	16:37:11.950	-0.595	-1.785	-3.605	0.006832	-0.040992	0.966484	-0.357	-1.476	-2.7645	0	79	1028	1
2026-02-11	16:37:11.970	1.61	-5.6	-3.57	0.00366	-0.04636	0.966972	-0.357	-1.4745	-2.7585	0	79	1028	1
2026-02-11	16:37:11.990	3.01	-7.7	-3.045	0.022936	-0.050264	0.976	-0.357	-1.4745	-2.7585	0	79	1028	1
2026-02-11	16:37:12.010	4.165	-9.205	-2.45	0.03538	-0.048556	0.986248	-0.3675	-1.4745	-2.766	0	72	1028	1
2026-02-11	16:37:12.030	5.005	-10.08	-2.24	0.016592	-0.04392	0.985028	-0.363	-1.4715	-2.766	0	72	1028	1
2026-02-11	16:37:12.050	5.775	-10.78	-2.695	0.021228	-0.046848	0.996984	-0.3615	-1.467	-2.7615	0	72	1028	1
2026-02-11	16:37:12.070	6.44	-10.78	-3.22	0.032208	-0.047824	1.012844	-0.3585	-1.467	-2.7675	0	72	1028	1
2026-02-11	16:37:12.090	6.72	-9.8	-3.57	0.03538	-0.040748	1.01626	-0.366	-1.4775	-2.766	0	72	1028	1
2026-02-11	16:37:12.110	6.755	-8.855	-3.99	0.030744	-0.03904	1.020652	-0.3615	-1.4745	-2.7615	0	72	1028	1
2026-02-11	16:37:12.130	6.65	-8.33	-4.655	0.040016	-0.039528	1.042368	-0.36	-1.473	-2.7705	0	72	1028	1
2026-02-11	16:37:12.150	5.705	-7.105	-5.18	0.057828	-0.040016	1.055788	-0.369	-1.4775	-2.7735	0	72	1028	1
2026-02-11	16:37:12.170	3.64	-5.39	-5.18	0.040992	-0.040748	1.043344	-0.3705	-1.4745	-2.7645	0	72	1028	1
2026-02-11	16:37:12.190	1.015	-4.41	-4.795	0.040748	-0.04636	1.044808	-0.3705	-1.4805	-2.7645	0	72	1028	1
2026-02-11	16:37:12.210	-0.91	-3.57	-4.97	0.040992	-0.049776	1.044076	-0.363	-1.488	-2.76	0	66	1027	1
2026-02-11	16:37:12.230	-2.31	-1.75	-5.845	0.033672	-0.055144	1.042368	-0.3675	-1.4865	-2.772	0	66	1027	1
2026-02-11	16:37:12.250	-4.2	0.56	-6.335	0.039528	-0.055876	1.04432	-0.369	-1.4805	-2.763	0	66	1027	1
2026-02-11	16:37:12.270	-6.545	2.66	-5.775	0.046116	-0.04148	1.022604	-0.3645	-1.4805	-2.763	0	66	1027	1
2026-02-11	16:37:12.290	-7.945	4.515	-5.04	0.045872	-0.031476	0.994544	-0.36	-1.482	-2.7585	0	66	1027	1
2026-02-11	16:37:12.310	-8.015	5.285	-4.445	0.046116	-0.037088	0.992836	-0.3705	-1.482	-2.763	0	66	1027	1
2026-02-11	16:37:12.330	-7.315	4.83	-4.13	0.061	-0.04148	0.998448	-0.366	-1.4805	-2.7645	0	66	1027	1
2026-02-11	16:37:12.350	-6.475	4.69	-3.5	0.058072	-0.049288	0.992592	-0.36	-1.47	-2.766	0	66	1027	1
2026-02-11	16:37:12.370	-5.145	4.795	-2.625	0.044408	-0.050996	0.975268	-0.3555	-1.467	-2.766	0	66	1027	1
2026-02-11	16:37:12.390	-2.625	3.465	-2.1	0.040992	-0.048068	0.97356	-0.3585	-1.4775	-2.7735	0	66	1027	1
2026-02-11	16:37:12.410	0.525	1.645	-2.24	0.04636	-0.049776	0.987712	-0.363	-1.476	-2.775	0	61	1028	1
2026-02-11	16:37:12.430	3.115	1.015	-2.31	0.04026	-0.056852	0.997228	-0.36	-1.479	-2.775	0	61	1028	1
2026-02-11	16:37:12.450	4.935	0.77	-2.17	0.041236	-0.054656	1.001864	-0.3705	-1.4715	-2.7675	0	61	1028	1
2026-02-11	16:37:12.470	6.055	0.385	-1.54	0.044652	-0.049532	0.99918	-0.3555	-1.4715	-2.775	0	61	1028	1
2026-02-11	16:37:12.490	7.035	0.035	-0.805	0.046116	-0.042944	1.004304	-0.3615	-1.473	-2.7795	0	61	1028	1
2026-02-11	16:37:12.510	8.33	1.365	0.035	0.045628	-0.045872	1.016016	-0.3645	-1.476	-2.7675	0	61	1028	1
2026-02-11	16:37:12.530	9.52	2.695	0.315	0.028548	-0.0305	0.9821	-0.357	-1.4805	-2.766	0	61	1028	1
2026-02-11	16:37:12.550	11.165	2.205	0.56	0.050996	-0.0671	1.009428	-0.3555	-1.4835	-2.763	0	61	1028	1
2026-02-11	16:37:12.570	11.725	1.12	1.4	0.049288	-0.040016	1.023336	-0.366	-1.479	-2.763	0	61	1028	1
2026-02-11	16:37:12.590	11.445	1.575	1.75	0.042212	-0.048312	1.044564	-0.363	-1.479	-2.763	0	61	1028	1
2026-02-11	16:37:12.610	8.75	3.01	1.925	0.023668	-0.05368	1.048224	-0.3525	-1.482	-2.763	0	56	1029	1
2026-02-11	16:37:12.630	5.635	4.235	2.205	0.021716	-0.030988	1.022604	-0.3525	-1.4865	-2.7615	0	56	1029	1
2026-02-11	16:37:12.650	3.815	4.795	1.925	0.011712	-0.013176	1.010648	-0.3525	-1.494	-2.7615	0	56	1029	1
2026-02-11	16:37:12.670	2.555	4.515	1.33	-0.002684	-0.015372	1.011624	-0.354	-1.4925	-2.763	0	56	1029	1
2026-02-11	16:37:12.690	0.665	3.605	1.05	0.039528	-0.011468	1.03578	-0.3555	-1.4865	-2.7645	0	56	1029	1
2026-02-11	16:37:12.710	-1.75	4.55	1.33	0.063196	-0.003416	1.036268	-0.3555	-1.4835	-2.7615	0	56	1029	1
2026-02-11	16:37:12.730	-3.325	6.3	1.155	0.054168	-0.00244	1.003816	-0.3555	-1.488	-2.7585	0	56	1029	1
2026-02-11	16:37:12.750	-3.535	6.405	0.525	0.03782	-0.007808	0.971364	-0.3525	-1.4895	-2.76	0	56	1029	1
2026-02-11	16:37:12.770	-3.08	5.145	-0.07	0.045872	-0.010248	0.973316	-0.3525	-1.485	-2.7615	0	56	1029	1
2026-02-11	16:37:12.790	-2.38	4.165	-0.56	0.038552	-0.019276	0.980392	-0.3525	-1.4865	-2.763	0	56	1029	1
2026-02-11	16:37:12.810	-1.785	3.71	-0.315	0.040504	-0.015128	0.979416	-0.3525	-1.4835	-2.766	0	52	1029	1
2026-02-11	16:37:12.830	-0.63	2.94	0.175	0.042212	-0.011468	0.981856	-0.354	-1.482	-2.7675	0	52	1029	1
2026-02-11	16:37:12.850	0.525	2.17	0.7	0.026596	-0.009272	0.985516	-0.354	-1.485	-2.766	0	52	1029	1
2026-02-11	16:37:12.870	1.12	1.225	0.91	-0.000488	-0.005856	0.9943	-0.3555	-1.4895	-2.766	0	52	1029	1
2026-02-11	16:37:12.890	1.435	0	0.525	-0.010736	-0.002928	0.996008	-0.3585	-1.4865	-2.763	0	52	1029	1
2026-02-11	16:37:12.910	1.68	-1.085	-0.28	-0.003416	-0.01586	1.001132	-0.357	-1.482	-2.763	0	52	1029	1
2026-02-11	16:37:12.930	1.715	-1.645	-0.455	-0.001708	-0.014884	0.987224	-0.354	-1.4835	-2.769	0	52	1029	1
2026-02-11	16:37:12.950	1.96	-2.24	-0.28	0.002684	-0.011956	0.97234	-0.354	-1.4865	-2.763	0	52	1029	1
2026-02-11	16:37:12.970	2.87	-3.745	-0.35	0.017568	-0.014152	0.982832	-0.357	-1.4895	-2.7585	0	52	1029	1
2026-02-11	16:37:12.990	3.535	-5.565	-0.42	0.044652	-0.026596	1.006988	-0.3615	-1.488	-2.763	0	52	1029	1
2026-02-11	16:37:13.010	2.94	-6.405	-0.28	0.040504	-0.02562	1.014796	-0.3585	-1.488	-2.7645	0	49	1028	1
2026-02-11	16:37:13.030	2.31	-6.615	-0.28	0.041724	-0.037088	1.01626	-0.354	-1.488	-2.7645	0	49	1028	1
2026-02-11	16:37:13.050	2.065	-6.37	-0.07	0.0366	-0.0366	1.006744	-0.357	-1.485	-2.7645	0	49	1028	1
2026-02-11	16:37:13.070	2.17	-6.37	0.7	0.046848	-0.022204	1.002596	-0.357	-1.485	-2.7645	0	49	1028	1
2026-02-11	16:37:13.090	1.995	-5.95	1.75	0.044164	-0.0244	1.0126	-0.366	-1.491	-2.7585	0	49	1028	1
2026-02-11	16:37:13.110	1.225	-5.25	2.59	0.04758	-0.016592	1.016504	-0.369	-1.494	-2.763	0	49	1028	1
2026-02-11	16:37:13.130	0.735	-4.34	3.115	0.058072	-0.009272	1.027484	-0.366	-1.4925	-2.7615	0	49	1028	1
2026-02-11	16:37:13.150	0.455	-3.71	3.745	0.043676	-0.002928	1.02602	-0.36	-1.497	-2.7555	0	49	1028	1
2026-02-11	16:37:13.170	0.35	-3.465	4.06	0.019032	-0.010492	1.025044	-0.357	-1.491	-2.7555	0	49	1028	1
2026-02-11	16:37:13.190	0.035	-3.535	3.78	0.040504	-0.006588	1.029436	-0.3645	-1.4865	-2.76	0	49	1028	1
2026-02-11	16:37:13.210	0	-2.45	3.465	0.05002	-0.00122	1.031388	-0.3645	-1.488	-2.763	0	46	1027	1
2026-02-11	16:37:13.230	0.175	-1.75	3.15	0.041968	-0.002684	1.026752	-0.363	-1.482	-2.7555	0	46	1027	1
2026-02-11	16:37:13.250	-0.035	-1.47	3.045	0.04758	-0.00732	1.022604	-0.3615	-1.491	-2.7615	0	46	1027	1
2026-02-11	16:37:13.270	-0.595	-0.735	3.29	0.056852	-0.011468	1.013576	-0.3585	-1.5	-2.763	0	46	1027	1
2026-02-11	16:37:13.290	-0.98	0.14	3.465	0.061488	-0.005124	1.0126	-0.363	-1.497	-2.763	0	46	1027	1
2026-02-11	16:37:13.310	-1.61	0.98	3.535	0.061	-0.005612	1.022116	-0.3735	-1.4895	-2.76	0	46	1027	1
2026-02-11	16:37:13.330	-2.66	1.995	3.78	0.0549	-0.008296	1.024556	-0.378	-1.485	-2.7585	0	46	1027	1
2026-02-11	16:37:13.350	-3.01	3.115	3.78	0.04636	-0.008784	1.018212	-0.3615	-1.4955	-2.763	0	46	1027	1
2026-02-11	16:37:13.370	-2.835	4.06	3.43	0.04148	-0.00366	1.003084	-0.36	-1.491	-2.757	0	46	1027	1
2026-02-11	16:37:13.390	-2.415	4.025	3.255	0.043676	-0.005612	1.00406	-0.3675	-1.4955	-2.7615	0	46	1027	1
2026-02-11	16:37:13.410	-2.205	3.395	3.395	0.049532	-0.007076	1.006988	-0.3615	-1.4895	-2.763	0	43	1029	1
2026-02-11	16:37:13.430	-1.96	3.01	3.395	0.036112	-0.00732	0.998936	-0.369	-1.497	-2.766	0	43	1029	1
2026-02-11	16:37:13.450	-1.505	2.8	3.255	0.027816	-0.004636	0.991128	-0.363	-1.491	-2.7645	0	43	1029	1
2026-02-11	16:37:13.470	-1.05	2.1	2.975	0.033184	-0.002196	0.996252	-0.3705	-1.4865	-2.76	0	43	1029	1
2026-02-11	16:37:13.490	-0.945	1.365	2.765	0.038552	-0.008296	1.00528	-0.3615	-1.488	-2.7615	0	43	1029	1
2026-02-11	16:37:13.510	-0.98	1.05	2.73	0.035624	-0.008052	1.000644	-0.3705	-1.497	-2.7645	0	43	1029	1
2026-02-11	16:37:13.530	-0.945	0.735	2.485	0.032452	-0.009028	0.990396	-0.3705	-1.491	-2.7645	0	43	1029	1
2026-02-11	16:37:13.550	-0.805	0.035	2.17	0.03904	-0.00854	0.992592	-0.3645	-1.4895	-2.766	0	43	1029	1
2026-02-11	16:37:13.570	-0.77	-0.77	2.205	0.040748	-0.009028	0.992348	-0.3735	-1.485	-2.7645	0	43	1029	1
2026-02-11	16:37:13.590	-0.7	-1.47	2.205	0.03538	-0.012444	0.992348	-0.366	-1.488	-2.751	0	43	1029	1
2026-02-11	16:37:13.610	-0.595	-2.03	1.75	0.04148	-0.007808	1.010892	-0.3675	-1.491	-2.7555	0	40	1030	1
2026-02-11	16:37:13.630	-0.875	-1.4	1.295	0.042944	-0.012688	1.020652	-0.3735	-1.491	-2.7615	0	40	1030	1
2026-02-11	16:37:13.650	-1.54	-0.385	1.12	0.020984	-0.017812	1.003572	-0.375	-1.488	-2.7615	0	40	1030	1
2026-02-11	16:37:13.670	-1.68	-0.98	0.91	0.015128	-0.001708	0.9882	-0.3705	-1.488	-2.763	0	40	1030	1
2026-02-11	16:37:13.690	-0.91	-2.555	0.315	0.049044	-0.00976	1.006744	-0.3735	-1.4865	-2.7645	0	40	1030	1
2026-02-11	16:37:13.710	-0.385	-2.45	0.28	0.069052	-0.011956	1.015528	-0.3765	-1.4895	-2.7615	0	40	1030	1
2026-02-11	16:37:13.730	0.175	-1.96	0.875	0.065636	-0.0061	1.010404	-0.375	-1.494	-2.766	0	40	1030	1
2026-02-11	16:37:13.750	1.155	-1.295	1.47	0.043432	-0.007076	1.00894	-0.3795	-1.4955	-2.769	0	40	1030	1
2026-02-11	16:37:13.770	1.89	-0.595	1.4	0.039284	-0.011712	1.009184	-0.381	-1.491	-2.766	0	40	1030	1
2026-02-11	16:37:13.790	1.925	-0.175	1.085	0.045384	-0.007076	1.0126	-0.3795	-1.488	-2.766	0	40	1030	1
2026-02-11	16:37:13.810	1.505	-0.07	1.05	0.058804	-0.0061	1.014064	-0.3585	-1.485	-2.769	0	38	1030	1
2026-02-11	16:37:13.830	0.91	0.21	1.05	0.062464	-0.001952	1.015284	-0.3675	-1.488	-2.775	0	38	1030	1
2026-02-11	16:37:13.850	0.595	0.805	0.665	0.047824	-0.00366	1.014552	-0.381	-1.491	-2.766	0	38	1030	1
2026-02-11	16:37:13.870	0.07	1.05	-0.63	0.036844	-0.008296	1.018212	-0.369	-1.4925	-2.763	0	38	1030	1
2026-02-11	16:37:13.890	-0.665	0.98	-1.225	0.037576	-0.0122	1.020408	-0.3735	-1.488	-2.76	0	38	1030	1
2026-02-11	16:37:13.910	-1.26	1.4	-1.645	0.026352	-0.01586	1.017968	-0.3765	-1.4865	-2.763	0	38	1030	1
2026-02-11	16:37:13.930	-1.33	1.96	-2.345	0.021228	-0.018788	1.020164	-0.375	-1.4895	-2.7645	0	38	1030	1
2026-02-11	16:37:13.950	-1.12	2.17	-2.905	0.032696	-0.014152	1.022848	-0.3705	-1.491	-2.763	0	38	1030	1
2026-02-11	16:37:13.970	-0.56	2.17	-2.73	0.056608	-0.02196	1.037	-0.369	-1.4895	-2.763	0	38	1030	1
2026-02-11	16:37:13.990	0.245	3.255	-1.96	0.052948	-0.025376	1.031632	-0.3705	-1.488	-2.7615	0	38	1030	1
2026-02-11	16:37:14.010	1.47	4.9	-1.19	0.03904	-0.01952	1.011136	-0.3705	-1.4895	-2.763	0	35	1030	1
2026-02-11	16:37:14.030	2.52	5.53	-0.805	0.026596	-0.012932	0.99796	-0.369	-1.4925	-2.7615	0	35	1030	1
2026-02-11	16:37:14.050	3.255	5.145	-0.385	0.03416	-0.005612	1.01016	-0.3675	-1.494	-2.763	0	35	1030	1
2026-02-11	16:37:14.070	3.045	5.425	-0.14	0.040016	-0.002196	1.021872	-0.369	-1.4895	-2.7645	0	35	1030	1
2026-02-11	16:37:14.090	1.645	6.685	-0.28	0.026352	0.000732	1.025776	-0.3705	-1.491	-2.7615	0	35	1030	1
2026-02-11	16:37:14.110	0	7.455	-0.735	0.026108	0.001464	1.017968	-0.366	-1.497	-2.76	0	35	1030	1
2026-02-11	16:37:14.130	-1.47	7.49	-1.505	0.019276	-0.00366	1.001132	-0.3615	-1.4985	-2.7615	0	35	1030	1
2026-02-11	16:37:14.150	-2.485	7.14	-1.82	-0.004636	0.00122	0.970388	-0.3615	-1.4985	-2.7615	0	35	1030	1
2026-02-11	16:37:14.170	-2.59	4.69	-2.03	0.000488	-0.008296	0.972584	-0.375	-1.4925	-2.7585	0	35	1030	1
2026-02-11	16:37:14.190	-1.68	2.17	-2.485	0.030988	-0.01098	0.997716	-0.3615	-1.488	-2.76	0	35	1030	1
2026-02-11	16:37:14.210	-0.7	1.82	-2.555	0.025376	-0.013176	1.00284	-0.3555	-1.4895	-2.769	0	32	1031	1
2026-02-11	16:37:14.230	-0.385	1.75	-2.03	0.020496	-0.013908	0.994544	-0.36	-1.488	-2.7615	0	32	1031	1
2026-02-11	16:37:14.250	-0.56	0.98	-1.295	0.016592	-0.011712	0.989908	-0.3615	-1.491	-2.7645	0	32	1031	1
2026-02-11	16:37:14.270	-0.735	0.105	-0.875	0.01464	-0.00976	0.992592	-0.36	-1.4925	-2.7645	0	32	1031	1
2026-02-11	16:37:14.290	-1.05	-0.315	-0.84	0.021472	-0.010736	0.993324	-0.3585	-1.5015	-2.7555	0	32	1031	1
2026-02-11	16:37:14.310	-1.54	-0.665	-0.77	0.02196	-0.016104	0.995276	-0.36	-1.4955	-2.757	0	32	1031	1
2026-02-11	16:37:14.330	-1.82	-1.155	-0.63	0.021716	-0.014884	0.99796	-0.351	-1.4895	-2.7525	0	32	1031	1
2026-02-11	16:37:14.350	-1.925	-1.47	-0.525	0.01464	-0.016592	1.00406	-0.3465	-1.4895	-2.7555	0	32	1031	1
2026-02-11	16:37:14.370	-2.17	-1.68	-0.385	0.014884	-0.021472	1.003328	-0.357	-1.488	-2.7645	0	32	1031	1
2026-02-11	16:37:14.390	-2.03	-2.1	-0.49	0.015372	-0.014152	1.009916	-0.3585	-1.4865	-2.7585	0	32	1031	1
2026-02-11	16:37:14.410	-1.085	-2.59	-0.77	0.012444	-0.016836	1.006256	-0.3555	-1.488	-2.7525	0	30	1030	1
2026-02-11	16:37:14.430	-0.35	-2.87	-0.63	0.013908	-0.015616	1.005036	-0.357	-1.4985	-2.7585	0	30	1030	1
2026-02-11	16:37:14.450	0	-3.185	-0.385	0.016348	-0.014396	1.004304	-0.369	-1.497	-2.7615	0	30	1030	1
2026-02-11	16:37:14.470	0.175	-3.255	-0.245	0.014152	-0.013176	1.017724	-0.36	-1.4895	-2.7615	0	30	1030	1
2026-02-11	16:37:14.490	-0.105	-2.8	-0.35	0.017324	-0.015372	1.022604	-0.3585	-1.4895	-2.763	0	30	1030	1
2026-02-11	16:37:14.510	-0.63	-2.03	-0.35	0.020984	-0.01586	1.0187	-0.363	-1.497	-2.7585	0	30	1030	1
2026-02-11	16:37:14.530	-1.26	-1.225	0.035	0.02562	-0.01464	1.018944	-0.3675	-1.491	-2.76	0	30	1030	1
2026-02-11	16:37:14.550	-1.61	-0.56	0.315	0.028792	-0.01708	1.022604	-0.3645	-1.4985	-2.763	0	30	1030	1
2026-02-11	16:37:14.570	-1.575	0.42	0.035	0.02318	-0.016836	1.02602	-0.372	-1.4895	-2.757	0	30	1030	1
2026-02-11	16:37:14.590	-1.54	1.4	-0.14	0.019276	-0.019764	1.019188	-0.366	-1.488	-2.7645	0	30	1030	1
2026-02-11	16:37:14.610	-1.75	1.82	-0.035	0.022204	-0.0244	1.0126	-0.372	-1.4925	-2.763	0	28	1030	1
2026-02-11	16:37:14.630	-1.75	2.52	0.105	0.027328	-0.020008	1.014552	-0.357	-1.4925	-2.754	0	28	1030	1
2026-02-11	16:37:14.650	-1.925	3.115	0.455	0.018544	-0.020496	1.011868	-0.3585	-1.491	-2.7645	0	28	1030	1
2026-02-11	16:37:14.670	-2.135	2.275	0.63	0.02074	-0.02074	1.01016	-0.3555	-1.4895	-2.757	0	28	1030	1
2026-02-11	16:37:14.690	-1.715	1.785	0.455	0.02196	-0.020496	1.0126	-0.3555	-1.4895	-2.757	0	28	1030	1
2026-02-11	16:37:14.710	-1.365	2.03	0.42	0.019276	-0.02196	1.015284	-0.36	-1.4895	-2.76	0	28	1030	1
2026-02-11	16:37:14.730	-1.19	2.695	0.42	0.024644	-0.020984	1.013088	-0.3615	-1.491	-2.7645	0	28	1030	1
2026-02-11	16:37:14.750	-1.05	3.36	0.455	0.016104	-0.02318	0.996252	-0.363	-1.4925	-2.766	0	28	1030	1
2026-02-11	16:37:14.770	-0.77	3.43	0.56	0.01708	-0.024888	0.988688	-0.3615	-1.488	-2.7675	0	28	1030	1
2026-02-11	16:37:14.790	-0.63	2.765	0.91	0.018544	-0.017568	0.990152	-0.363	-1.4865	-2.7675	0	28	1030	1
2026-02-11	16:37:14.810	-1.015	2.135	1.365	0.033916	-0.018056	1.009672	-0.3705	-1.491	-2.7675	0	26	1030	1
2026-02-11	16:37:14.830	-1.54	2.31	1.68	0.027084	-0.020252	1.010404	-0.36	-1.4835	-2.757	0	26	1030	1
2026-02-11	16:37:14.850	-1.575	2.52	1.75	0.019276	-0.015128	1.002596	-0.363	-1.485	-2.7615	0	26	1030	1
2026-02-11	16:37:14.870	-1.26	2.065	1.575	0.008296	-0.01342	0.99918	-0.3645	-1.4925	-2.763	0	26	1030	1
2026-02-11	16:37:14.890	-0.63	0.805	1.26	0.003416	-0.019276	0.99308	-0.363	-1.491	-2.76	0	26	1030	1
2026-02-11	16:37:14.910	-0.105	-0.245	1.015	0.00976	-0.023424	1.002596	-0.3645	-1.4955	-2.76	0	26	1030	1
2026-02-11	16:37:14.930	0	-0.21	1.295	0.016836	-0.02562	1.008208	-0.3615	-1.488	-2.763	0	26	1030	1
2026-02-11	16:37:14.950	-0.07	0.245	2.1	0.03294	-0.017568	1.003084	-0.36	-1.488	-2.7555	0	26	1030	1
2026-02-11	16:37:14.970	0.14	-0.105	2.38	0.037088	-0.024156	1.003328	-0.3645	-1.488	-2.7525	0	26	1030	1
2026-02-11	16:37:14.990	0.42	-0.14	2.59	0.027816	-0.022204	0.999424	-0.3645	-1.491	-2.754	0	26	1030	1
2026-02-11	16:37:15.010	0.84	0.035	2.555	0.01464	-0.016592	0.998692	-0.3615	-1.491	-2.76	0	25	1030	1
2026-02-11	16:37:15.030	1.085	0.315	2.065	0.011956	-0.016348	1.001864	-0.3645	-1.488	-2.763	0	25	1030	1
2026-02-11	16:37:15.050	0.665	0.875	2.03	0.024888	-0.01464	1.014308	-0.3585	-1.488	-2.7675	0	25	1030	1
2026-02-11	16:37:15.070	0	1.505	2.38	0.026596	-0.007564	1.014796	-0.3555	-1.4865	-2.766	0	25	1030	1
2026-02-11	16:37:15.090	-0.28	1.75	2.52	0.015372	-0.009028	1.005768	-0.36	-1.4895	-2.763	0	25	1030	1
2026-02-11	16:37:15.110	0	1.435	1.925	0.00732	-0.011224	1.003328	-0.366	-1.494	-2.763	0	25	1030	1
2026-02-11	16:37:15.130	0.315	1.12	1.05	0.005612	-0.008784	1.000644	-0.366	-1.494	-2.7645	0	25	1030	1
2026-02-11	16:37:15.150	0.21	0.49	0.665	-0.00488	-0.00244	1.007476	-0.36	-1.491	-2.7645	0	25	1030	1
2026-02-11	16:37:15.170	-0.035	-0.42	0.49	0.018544	-0.00366	1.01748	-0.3615	-1.4895	-2.76	0	25	1030	1
2026-02-11	16:37:15.190	-0.14	0.315	0.42	0.019764	-0.008052	1.021384	-0.363	-1.491	-2.757	0	25	1030	1
2026-02-11	16:37:15.210	-0.385	1.505	0.175	0.012688	-0.013176	1.007964	-0.3615	-1.491	-2.7585	0	23	1030	1
2026-02-11	16:37:15.230	-0.595	1.89	0.035	0.015128	-0.010004	1.00406	-0.36	-1.4895	-2.763	0	23	1030	1
2026-02-11	16:37:15.250	-0.49	1.855	0.245	0.026108	-0.015372	1.010648	-0.36	-1.4895	-2.757	0	23	1030	1
2026-02-11	16:37:15.270	-0.805	2.45	1.05	0.02806	-0.012444	1.021384	-0.357	-1.491	-2.754	0	23	1030	1
2026-02-11	16:37:15.290	-1.4	3.92	1.855	0.009516	-0.014152	1.017968	-0.363	-1.4865	-2.7585	0	23	1030	1
2026-02-11	16:37:15.310	-1.715	5.04	1.89	-0.00122	-0.011224	1.011624	-0.3585	-1.482	-2.7585	0	23	1030	1
2026-02-11	16:37:15.330	-1.47	4.935	1.155	-0.0061	-0.006344	0.997716	-0.3585	-1.4925	-2.7615	0	23	1030	1
2026-02-11	16:37:15.350	-0.7	4.305	0.035	-0.012932	-0.00732	1.00772	-0.357	-1.4925	-2.7465	0	23	1030	1
2026-02-11	16:37:15.370	0	3.885	-0.77	0.00244	-0.015616	1.020896	-0.3555	-1.488	-2.745	0	23	1030	1
2026-02-11	16:37:15.390	0.105	3.99	-0.98	0.011224	-0.020252	1.014796	-0.354	-1.491	-2.751	0	23	1030	1
2026-02-11	16:37:15.410	0.49	4.2	-0.665	-0.003904	-0.020008	1.01626	-0.3555	-1.4925	-2.754	0	21	1030	1
2026-02-11	16:37:15.430	0.63	4.06	-0.105	-0.006344	-0.021472	1.014308	-0.3615	-1.491	-2.7555	0	21	1030	1
2026-02-11	16:37:15.450	0.455	3.955	0.28	-0.007808	-0.018056	1.008208	-0.363	-1.4925	-2.757	0	21	1030	1
2026-02-11	16:37:15.470	0.21	3.885	0.595	-0.005612	-0.014884	1.002352	-0.36	-1.4895	-2.757	0	21	1030	1
2026-02-11	16:37:15.490	0.21	4.27	0.42	-0.004392	-0.014396	1.021628	-0.3615	-1.4895	-2.7585	0	21	1030	1
2026-02-11	16:37:15.510	-0.07	5.075	0.315	0.000244	-0.010004	1.013332	-0.3615	-1.4895	-2.7585	0	21	1030	1
2026-02-11	16:37:15.530	-0.665	5.46	0.385	-0.006832	-0.009516	0.999424	-0.36	-1.4955	-2.757	0	21	1030	1
2026-02-11	16:37:15.550	-0.525	5.11	0.175	-0.024156	-0.012688	0.984784	-0.354	-1.4985	-2.7645	0	21	1030	1
2026-02-11	16:37:15.570	0	4.095	-0.21	-0.031964	-0.007808	0.988444	-0.354	-1.488	-2.7675	0	21	1030	1
2026-02-11	16:37:15.590	0.56	3.01	-0.7	-0.022448	-0.007808	1.007232	-0.36	-1.494	-2.757	0	21	1030	1
2026-02-11	16:37:15.610	0.525	3.045	-0.91	-0.009272	-0.008784	1.016504	-0.3555	-1.4775	-2.7555	0	20	1030	1
2026-02-11	16:37:15.630	-0.14	3.29	-0.665	-0.027328	-0.008784	1.00406	-0.357	-1.488	-2.766	0	20	1030	1
2026-02-11	16:37:15.650	-0.49	2.555	-0.385	-0.032452	-0.013176	0.992348	-0.3585	-1.4925	-2.754	0	20	1030	1
2026-02-11	16:37:15.670	0	1.61	-0.56	-0.015128	-0.006344	0.993568	-0.357	-1.4895	-2.7675	0	20	1030	1
2026-02-11	16:37:15.690	0.98	1.295	-0.91	-0.012688	-0.008052	0.995032	-0.3555	-1.491	-2.763	0	20	1030	1
2026-02-11	16:37:15.710	1.82	0.56	-0.945	-0.011956	-0.008784	0.986248	-0.351	-1.488	-2.76	0	20	1030	1
2026-02-11	16:37:15.730	2.52	-0.35	-0.805	-0.018788	-0.002684	0.99552	-0.366	-1.485	-2.763	0	20	1030	1
2026-02-11	16:37:15.750	2.87	-0.28	-0.84	-0.018788	-0.008784	1.015528	-0.354	-1.4955	-2.7585	0	20	1030	1
2026-02-11	16:37:15.770	2.24	0.525	-0.77	-0.023668	-0.006832	1.024312	-0.354	-1.4955	-2.7585	0	20	1030	1
2026-02-11	16:37:15.790	1.155	1.12	-0.735	-0.031964	-0.013664	1.014796	-0.354	-1.494	-2.7585	0	20	1030	1
2026-02-11	16:37:15.810	0.595	1.68	-1.295	-0.049044	-0.010736	1.00772	-0.3555	-1.4925	-2.7555	0	20	1030	1
2026-02-11	16:37:15.830	0.735	2.38	-2.17	-0.053436	-0.007076	1.002596	-0.3495	-1.4955	-2.754	0	20	1030	1
2026-02-11	16:37:15.850	1.295	2.695	-2.905	-0.037088	0.003416	1.006256	-0.3495	-1.4985	-2.7585	0	20	1030	1
2026-02-11	16:37:15.870	1.715	2.345	-3.255	-0.015372	0.004148	1.014308	-0.3555	-1.4985	-2.76	0	20	1030	1
2026-02-11	16:37:15.890	1.365	1.75	-3.64	-0.009028	0.006588	1.01992	-0.3555	-1.5	-2.7585	0	20	1030	1
2026-02-11	16:37:15.910	0.735	1.54	-4.13	-0.008052	0.002196	1.021384	-0.345	-1.491	-2.7495	0	20	1030	1
2026-02-11	16:37:15.930	0.49	1.715	-4.305	-0.012444	-0.00122	1.003816	-0.333	-1.4955	-2.7525	0	20	1030	1
2026-02-11	16:37:15.950	0.56	1.4	-4.725	-0.033184	-0.000732	0.988688	-0.351	-1.491	-2.7525	0	20	1030	1
2026-02-11	16:37:15.970	0.7	0.525	-5.285	-0.029036	-0.000488	0.997716	-0.354	-1.5105	-2.76	0	20	1030	1
2026-02-11	16:37:15.990	0.35	0.105	-5.495	-0.012688	-0.00366	1.011136	-0.351	-1.4955	-2.7465	0	20	1030	1
2026-02-11	16:37:16.010	-0.665	0.875	-5.285	-0.009272	-0.001708	1.01504	-0.3525	-1.497	-2.757	0	20	1029	1
2026-02-11	16:37:16.030	-2.45	1.925	-4.725	-0.021472	-0.001708	0.996008	-0.3495	-1.4925	-2.754	0	20	1029	1
2026-02-11	16:37:16.050	-2.87	1.4	-4.725	-0.032208	-0.005612	0.990396	-0.3495	-1.494	-2.754	0	20	1029	1
2026-02-11	16:37:16.070	-2.66	0.28	-4.69	-0.0244	-0.010248	0.986248	-0.3435	-1.494	-2.757	0	20	1029	1
2026-02-11	16:37:16.090	-2.065	-0.49	-4.62	-0.022692	-0.015372	0.9882	-0.342	-1.497	-2.757	0	20	1029	1
2026-02-11	16:37:16.110	-1.645	-1.085	-4.48	-0.021472	-0.00732	0.992592	-0.345	-1.4955	-2.7555	0	20	1029	1
2026-02-11	16:37:16.130	-1.715	-1.925	-4.655	-0.040748	-0.00976	0.99918	-0.3405	-1.494	-2.754	0	20	1029	1
2026-02-11	16:37:16.150	-1.995	-3.325	-5.11	-0.0244	-0.011468	0.999912	-0.342	-1.4955	-2.754	0	20	1029	1
2026-02-11	16:37:16.170	-1.82	-3.71	-5.075	-0.01464	-0.01098	0.999912	-0.345	-1.491	-2.7555	0	20	1029	1
2026-02-11	16:37:16.190	-1.19	-3.815	-4.97	-0.012688	-0.00732	1.004304	-0.342	-1.4925	-2.7555	0	20	1029	1
2026-02-11	16:37:16.210	-0.525	-3.745	-4.795	-0.007564	-0.014884	1.005036	-0.342	-1.494	-2.7555	0	19	1028	1
2026-02-11	16:37:16.230	0.07	-3.325	-4.34	-0.014396	-0.01464	1.012356	-0.339	-1.4925	-2.7555	0	19	1028	1
2026-02-11	16:37:16.250	0.245	-2.94	-3.955	-0.016104	-0.013176	1.018212	-0.3405	-1.4925	-2.757	0	19	1028	1
2026-02-11	16:37:16.270	-0.105	-2.66	-3.605	-0.009516	-0.011712	1.02114	-0.3435	-1.4925	-2.757	0	19	1028	1
2026-02-11	16:37:16.290	-0.77	-2.1	-3.115	-0.002196	-0.00976	1.023336	-0.348	-1.4925	-2.7555	0	19	1028	1
2026-02-11	16:37:16.310	-1.75	-1.19	-2.555	-0.009028	-0.012444	1.02724	-0.354	-1.4925	-2.7555	0	19	1028	1
2026-02-11	16:37:16.330	-2.52	-0.42	-2.345	-0.022204	-0.012688	1.015528	-0.351	-1.488	-2.751	0	19	1028	1
2026-02-11	16:37:16.350	-2.625	-0.105	-2.73	-0.019032	-0.01098	1.007232	-0.3345	-1.494	-2.7495	0	19	1028	1
2026-02-11	16:37:16.370	-2.275	-0.245	-3.15	-0.012932	-0.01342	1.000644	-0.336	-1.488	-2.754	0	19	1028	1
2026-02-11	16:37:16.390	-2.1	-0.525	-3.22	-0.0122	-0.014396	1.003816	-0.348	-1.494	-2.7525	0	19	1028	1
2026-02-11	16:37:16.410	-1.995	-0.63	-3.045	-0.014884	-0.012688	1.008452	-0.3375	-1.497	-2.7585	0	19	1028	1
2026-02-11	16:37:16.430	-2.065	-0.49	-2.835	-0.00488	-0.016104	1.011136	-0.3405	-1.4925	-2.7585	0	19	1028	1
2026-02-11	16:37:16.450	-1.995	-0.245	-2.31	-0.01342	-0.01586	1.003572	-0.3375	-1.491	-2.76	0	19	1028	1
2026-02-11	16:37:16.470	-1.505	0.105	-2.065	-0.016836	-0.014884	1.001132	-0.3375	-1.4955	-2.757	0	19	1028	1
2026-02-11	16:37:16.490	-1.085	0.035	-1.785	-0.00488	-0.022448	0.992104	-0.3465	-1.4925	-2.7555	0	19	1028	1
2026-02-11	16:37:16.510	-0.945	-0.07	-1.575	0.010004	-0.020984	1.01626	-0.348	-1.4865	-2.7585	0	19	1028	1
2026-02-11	16:37:16.530	-1.19	0.28	-1.365	0.007808	-0.021716	1.011624	-0.3465	-1.4895	-2.757	0	19	1028	1
2026-02-11	16:37:16.550	-1.855	0.63	-1.05	0.000244	-0.020984	1.018944	-0.3375	-1.491	-2.7585	0	19	1028	1
2026-02-11	16:37:16.570	-3.395	0.595	-0.525	0.005368	-0.038552	1.027728	-0.3315	-1.491	-2.7615	0	19	1028	1
2026-02-11	16:37:16.590	-3.675	1.75	-0.595	-0.003172	-0.036112	1.0065	-0.3315	-1.491	-2.7615	0	19	1028	1
2026-02-11	16:37:16.610	-3.01	2.31	-1.33	-0.03172	-0.031476	0.981856	-0.333	-1.491	-2.7585	0	19	1029	1
2026-02-11	16:37:16.630	-1.855	1.26	-2.905	-0.030988	-0.0305	0.991128	-0.3465	-1.4835	-2.757	0	19	1029	1
2026-02-11	16:37:16.650	-1.12	0.49	-4.445	-0.01342	-0.026352	1.01138	-0.3375	-1.4805	-2.763	0	19	1029	1
2026-02-11	16:37:16.670	-1.19	0.84	-5.495	-0.013176	-0.020496	1.01992	-0.3375	-1.494	-2.7585	0	19	1029	1
2026-02-11	16:37:16.690	-1.575	0.84	-6.125	-0.020496	-0.01464	1.01138	-0.3345	-1.485	-2.763	0	19	1029	1
2026-02-11	16:37:16.710	-1.89	0.665	-6.335	-0.02562	-0.014152	1.002352	-0.3285	-1.4835	-2.76	0	19	1029	1
2026-02-11	16:37:16.730	-1.785	0.28	-6.335	-0.027816	-0.014884	0.998448	-0.3375	-1.488	-2.7615	0	19	1029	1
2026-02-11	16:37:16.750	-1.26	-0.42	-6.37	-0.026352	-0.01586	0.989664	-0.342	-1.4895	-2.757	0	19	1029	1
2026-02-11	16:37:16.770	-0.455	-1.155	-6.37	-0.017324	-0.019276	0.988444	-0.3375	-1.491	-2.7645	0	19	1029	1
2026-02-11	16:37:16.790	0.805	-1.365	-6.475	-0.016104	-0.018544	0.997228	-0.339	-1.4895	-2.7585	0	19	1029	1
2026-02-11	16:37:16.810	1.82	-0.945	-6.755	-0.011468	-0.025132	1.011868	-0.339	-1.485	-2.7555	0	18	1029	1
2026-02-11	16:37:16.830	2.03	0.035	-6.755	-0.009516	-0.03416	1.012356	-0.33	-1.4865	-2.763	0	18	1029	1
2026-02-11	16:37:16.850	1.75	0.35	-6.37	-0.011956	-0.03904	1.0065	-0.33	-1.4865	-2.763	0	18	1029	1
2026-02-11	16:37:16.870	1.225	-0.14	-5.915	-0.012444	-0.038796	1.003328	-0.3315	-1.485	-2.7585	0	18	1029	1
2026-02-11	16:37:16.890	0.84	-0.56	-5.46	0	-0.045872	1.004792	-0.336	-1.4895	-2.757	0	18	1029	1
2026-02-11	16:37:16.910	0.35	-0.7	-4.655	0.002196	-0.050264	1.023336	-0.333	-1.4895	-2.7615	0	18	1029	1
2026-02-11	16:37:16.930	-0.42	-0.525	-3.675	-0.009028	-0.0427	1.023336	-0.33	-1.488	-2.7585	0	18	1029	1
2026-02-11	16:37:16.950	-0.875	-0.35	-3.01	-0.013176	-0.042212	1.016992	-0.333	-1.4895	-2.7585	0	18	1029	1
2026-02-11	16:37:16.970	-0.77	-0.21	-2.415	-0.019764	-0.033428	1.006744	-0.336	-1.491	-2.7615	0	18	1029	1
2026-02-11	16:37:16.990	-0.105	-0.175	-1.96	-0.024644	-0.029524	1.002352	-0.339	-1.4835	-2.7585	0	18	1029	1
2026-02-11	16:37:17.010	0.595	-0.14	-1.82	-0.026108	-0.033916	1.005524	-0.339	-1.4955	-2.7585	0	18	1029	1
2026-02-11	16:37:17.030	1.155	0.105	-1.82	-0.020008	-0.029524	1.00772	-0.3345	-1.485	-2.7615	0	18	1029	1
2026-02-11	16:37:17.050	1.505	0.42	-1.82	-0.013908	-0.023668	1.009916	-0.336	-1.485	-2.7585	0	18	1029	1
2026-02-11	16:37:17.070	1.785	0.77	-1.855	-0.012444	-0.01708	1.004792	-0.33	-1.4895	-2.757	0	18	1029	1
2026-02-11	16:37:17.090	2.03	1.015	-1.855	-0.01952	-0.01586	1.003816	-0.3315	-1.4865	-2.7645	0	18	1029	1
2026-02-11	16:37:17.110	1.68	0.245	-1.89	-0.023668	-0.01586	1.00162	-0.3255	-1.488	-2.7585	0	18	1029	1
2026-02-11	16:37:17.130	1.33	-0.455	-2.065	-0.013908	-0.010736	1.010892	-0.324	-1.488	-2.76	0	18	1029	1
2026-02-11	16:37:17.150	0.98	-0.385	-2.03	-0.017568	-0.011224	1.009672	-0.33	-1.488	-2.7585	0	18	1029	1
2026-02-11	16:37:17.170	0.77	-0.105	-2.1	-0.012932	-0.009272	1.012356	-0.333	-1.491	-2.7555	0	18	1029	1
2026-02-11	16:37:17.190	0.35	0	-1.96	-0.011224	-0.00976	1.006988	-0.3315	-1.494	-2.7585	0	18	1029	1
2026-02-11	16:37:17.210	-0.175	0	-1.75	-0.01952	-0.010004	0.99796	-0.3345	-1.494	-2.7585	0	18	1029	1
2026-02-11	16:37:17.230	-0.35	-0.49	-1.96	-0.027328	-0.004148	0.98942	-0.3345	-1.491	-2.76	0	18	1029	1
2026-02-11	16:37:17.250	0.035	-1.12	-2.415	-0.02318	-0.007564	0.999668	-0.333	-1.4865	-2.76	0	18	1029	1
2026-02-11	16:37:17.270	0.21	-1.575	-2.695	-0.012688	-0.013908	1.014308	-0.33	-1.4865	-2.7555	0	18	1029	1
2026-02-11	16:37:17.290	-0.28	-1.4	-2.555	-0.016592	-0.013176	1.017968	-0.333	-1.485	-2.7585	0	18	1029	1
2026-02-11	16:37:17.310	-1.015	-0.91	-2.275	-0.024156	-0.018544	1.013088	-0.333	-1.485	-2.757	0	18	1029	1
2026-02-11	16:37:17.330	-1.19	-0.56	-2.345	-0.022204	-0.0122	1.0126	-0.3315	-1.488	-2.7585	0	18	1029	1
2026-02-11	16:37:17.350	-1.155	-0.385	-2.38	-0.012932	-0.013664	1.01138	-0.3345	-1.488	-2.76	0	18	1029	1
2026-02-11	16:37:17.370	-1.085	-0.175	-2.31	-0.018788	-0.013908	1.003084	-0.336	-1.4895	-2.76	0	18	1029	1
2026-02-11	16:37:17.390	-1.12	-0.175	-2.24	-0.012932	-0.017812	0.998936	-0.3345	-1.488	-2.7645	0	18	1029	1
2026-02-11	16:37:17.410	-1.295	-0.385	-2.17	-0.008296	-0.014396	1.00528	-0.3345	-1.4865	-2.7585	0	17	1029	1
2026-02-11	16:37:17.430	-1.68	-0.28	-2.03	-0.009028	-0.022692	1.015284	-0.336	-1.482	-2.7615	0	17	1029	1
2026-02-11	16:37:17.450	-2.31	0.28	-1.645	-0.005612	-0.022448	1.017236	-0.3345	-1.5	-2.757	0	17	1029	1
2026-02-11	16:37:17.470	-2.625	0.875	-1.12	-0.010248	-0.01952	1.005524	-0.3315	-1.491	-2.754	0	17	1029	1
2026-02-11	16:37:17.490	-2.275	1.12	-0.77	-0.015616	-0.019764	0.998936	-0.3345	-1.485	-2.7495	0	17	1029	1
2026-02-11	16:37:17.510	-1.54	1.155	-0.595	-0.016348	-0.022692	0.997716	-0.324	-1.485	-2.757	0	17	1029	1
2026-02-11	16:37:17.530	-0.595	0.98	-0.315	-0.011224	-0.0244	0.994056	-0.324	-1.4865	-2.763	0	17	1029	1
2026-02-11	16:37:17.550	0.14	0.875	-0.175	-0.0061	-0.020984	0.996496	-0.333	-1.4865	-2.757	0	17	1029	1
2026-02-11	16:37:17.570	0.35	0.875	0.105	-0.008296	-0.017568	1.001376	-0.3315	-1.4895	-2.7555	0	17	1029	1
2026-02-11	16:37:17.590	-0.175	0.105	0.56	-0.024888	-0.02074	0.997716	-0.33	-1.488	-2.7585	0	17	1029	1
2026-02-11	16:37:17.610	-0.98	-1.12	0.7	-0.006832	-0.01708	1.003572	-0.327	-1.4865	-2.7615	0	17	1029	1
2026-02-11	16:37:17.630	-1.4	-1.26	0.7	-0.000976	-0.011468	1.006988	-0.3255	-1.4925	-2.7585	0	17	1029	1
2026-02-11	16:37:17.650	-1.295	-0.7	0.245	-0.003904	-0.01586	1.005768	-0.324	-1.494	-2.7555	0	17	1029	1
2026-02-11	16:37:17.670	-1.225	-0.91	0.28	-0.012688	-0.022448	0.99552	-0.324	-1.494	-2.7555	0	17	1029	1
2026-02-11	16:37:17.690	-1.225	-1.54	0.77	-0.005856	-0.019764	0.986736	-0.333	-1.485	-2.76	0	17	1029	1
2026-02-11	16:37:17.710	-0.945	-2.17	1.365	0.005856	-0.023668	0.992104	-0.3405	-1.488	-2.7555	0	17	1029	1
2026-02-11	16:37:17.730	-0.63	-2.59	1.89	0.008784	-0.021228	0.997472	-0.3285	-1.482	-2.751	0	17	1029	1
2026-02-11	16:37:17.750	-0.665	-3.08	2.38	0.006344	-0.02806	1.004548	-0.333	-1.4835	-2.7555	0	17	1029	1
2026-02-11	16:37:17.770	-1.33	-3.43	2.905	0.002928	-0.033428	1.011136	-0.3375	-1.488	-2.7675	0	17	1029	1
2026-02-11	16:37:17.790	-1.89	-3.22	3.535	-0.005856	-0.031964	1.00284	-0.33	-1.4835	-2.76	0	17	1029	1
2026-02-11	16:37:17.810	-1.61	-3.115	3.815	-0.002684	-0.037576	0.98698	-0.3345	-1.482	-2.7645	0	16	1028	1
2026-02-11	16:37:17.830	-0.945	-3.745	4.34	0.005612	-0.040992	0.97722	-0.333	-1.485	-2.769	0	16	1028	1
2026-02-11	16:37:17.850	-0.385	-4.585	5.425	0.021716	-0.05734	0.9943	-0.336	-1.479	-2.76	0	16	1028	1
2026-02-11	16:37:17.870	-0.525	-4.76	7.21	0.028304	-0.076372	0.9943	-0.3375	-1.4865	-2.7645	0	16	1028	1
2026-02-11	16:37:17.890	-1.015	-4.41	9.73	0.030988	-0.0793	0.979904	-0.3495	-1.4925	-2.763	0	16	1028	1
2026-02-11	16:37:17.910	-1.085	-4.55	13.93	0.04636	-0.103456	0.985028	-0.3345	-1.4835	-2.769	0	16	1028	1
2026-02-11	16:37:17.930	-0.735	-4.935	19.32	0.063928	-0.121024	0.986004	-0.3345	-1.4835	-2.769	0	16	1028	1
2026-02-11	16:37:17.950	-0.105	-5.145	24.045	0.082472	-0.112484	0.992348	-0.342	-1.4865	-2.7645	0	16	1028	1
2026-02-11	16:37:17.970	0.175	-5.81	28.665	0.088328	-0.10126	0.996496	-0.3495	-1.4895	-2.7615	0	16	1028	1
2026-02-11	16:37:17.990	-0.14	-7.21	33.53	0.090524	-0.093208	0.994056	-0.351	-1.4925	-2.7615	0	16	1028	1
2026-02-11	16:37:18.010	-0.525	-9.065	38.36	0.081496	-0.074908	0.992104	-0.357	-1.4895	-2.769	0	16	1025	1
2026-02-11	16:37:18.030	-0.455	-10.675	42.595	0.055144	-0.069052	0.987468	-0.3615	-1.485	-2.772	0	16	1025	1
2026-02-11	16:37:18.050	-0.49	-12.04	46.375	0.055388	-0.061732	1.00284	-0.363	-1.4835	-2.7675	0	16	1025	1
2026-02-11	16:37:18.070	-1.085	-13.16	50.89	0.069296	-0.071492	1.023824	-0.3765	-1.491	-2.7615	0	16	1025	1
2026-02-11	16:37:18.090	-2.38	-13.615	56.77	0.105164	-0.110044	1.059692	-0.378	-1.4865	-2.7675	0	16	1025	1
2026-02-11	16:37:18.110	-4.83	-12.285	65.03	0.130296	-0.155428	1.05652	-0.3915	-1.4925	-2.7645	0	16	1025	1
2026-02-11	16:37:18.130	-5.705	-10.325	75.81	0.143716	-0.170556	0.9943	-0.396	-1.488	-2.7615	0	16	1025	1
2026-02-11	16:37:18.150	-1.19	-10.045	85.61	0.14518	-0.159576	0.938668	-0.3945	-1.4895	-2.7615	0	16	1025	1
2026-02-11	16:37:18.170	5.88	-11.76	92.015	0.1647	-0.100284	0.932812	-0.4005	-1.491	-2.7705	0	16	1025	1
2026-02-11	16:37:18.190	14.21	-14.875	99.05	0.185928	-0.038796	0.993812	-0.417	-1.482	-2.763	0	16	1025	1
2026-02-11	16:37:18.210	16.38	-15.715	103.635	0.166652	-0.002684	1.023336	-0.423	-1.4835	-2.766	0	18	1024	1
2026-02-11	16:37:18.230	16.695	-16.38	105.98	0.153476	0.020496	1.06628	-0.438	-1.4865	-2.766	0	18	1024	1
2026-02-11	16:37:18.250	14.735	-16.66	106.365	0.152988	0.02562	1.100928	-0.453	-1.4835	-2.7615	0	18	1024	1
2026-02-11	16:37:18.270	11.13	-14.98	104.93	0.123708	0.023912	1.091412	-0.4665	-1.476	-2.757	0	18	1024	1
2026-02-11	16:37:18.290	7.7	-11.55	101.29	0.087108	0.018056	1.084824	-0.4785	-1.4775	-2.754	0	18	1024	1
2026-02-11	16:37:18.310	3.745	-8.75	96.95	0.071492	0.005124	1.07238	-0.483	-1.4805	-2.757	0	18	1024	1
2026-02-11	16:37:18.330	-0.7	-7.525	93.03	0.081008	0.013176	1.072624	-0.483	-1.4715	-2.763	0	18	1024	1
2026-02-11	16:37:18.350	-4.865	-6.86	89.53	0.10736	0.030256	1.101416	-0.4935	-1.4655	-2.7585	0	18	1024	1
2026-02-11	16:37:18.370	-9.24	-5.6	86.135	0.10614	0.046604	1.104588	-0.501	-1.4625	-2.7555	0	18	1024	1
2026-02-11	16:37:18.390	-12.46	-3.745	82.285	0.05612	0.051484	1.068476	-0.507	-1.4595	-2.757	0	18	1024	1
2026-02-11	16:37:18.410	-13.475	-2.31	78.015	0.01586	0.052216	1.02968	-0.5145	-1.4565	-2.754	0	23	1029	1
2026-02-11	16:37:18.430	-12.74	-1.295	73.745	0.000976	0.0427	1.025044	-0.5145	-1.449	-2.7525	0	23	1029	1
2026-02-11	16:37:18.450	-11.585	0.35	69.125	0.02074	0.043432	1.0187	-0.5235	-1.4415	-2.757	0	23	1029	1
2026-02-11	16:37:18.470	-9.975	2.31	65.66	0.01708	0.053436	0.991372	-0.534	-1.4415	-2.76	0	23	1029	1
2026-02-11	16:37:18.490	-7.91	3.185	63.525	0.010736	0.062708	0.990396	-0.534	-1.443	-2.7615	0	23	1029	1
2026-02-11	16:37:18.510	-6.615	3.71	61.25	0.021228	0.05856	1.014064	-0.5385	-1.431	-2.757	0	23	1029	1
2026-02-11	16:37:18.530	-6.93	4.76	59.185	0.02806	0.054168	1.03578	-0.537	-1.4115	-2.7555	0	23	1029	1
2026-02-11	16:37:18.550	-8.05	5.915	57.47	0.00976	0.057096	1.005768	-0.543	-1.416	-2.7615	0	23	1029	1
2026-02-11	16:37:18.570	-8.225	6.3	55.265	-0.002196	0.060756	0.979172	-0.5505	-1.4115	-2.754	0	23	1029	1
2026-02-11	16:37:18.590	-7.42	5.915	52.255	-0.000244	0.05734	0.981856	-0.5415	-1.407	-2.7555	0	23	1029	1
2026-02-11	16:37:18.610	-7.175	5.355	48.93	0.003904	0.04758	0.987224	-0.543	-1.401	-2.7555	0	30	1036	1
2026-02-11	16:37:18.630	-7.805	5.215	46.13	-0.002928	0.03172	0.97356	-0.552	-1.398	-2.754	0	30	1036	1
2026-02-11	16:37:18.650	-8.12	4.83	43.47	-0.00732	0.026596	0.95404	-0.552	-1.392	-2.754	0	30	1036	1
2026-02-11	16:37:18.670	-7.84	3.395	40.18	-0.011468	0.022936	0.95404	-0.5535	-1.3905	-2.757	0	30	1036	1
2026-02-11	16:37:18.690	-7.35	1.26	36.68	-0.01586	0.010736	0.96502	-0.5535	-1.3905	-2.76	0	30	1036	1
2026-02-11	16:37:18.710	-6.37	-0.735	33.46	-0.023668	0.007808	0.956968	-0.5505	-1.383	-2.7585	0	30	1036	1
2026-02-11	16:37:18.730	-2.905	-3.185	29.715	-0.05246	0.00244	0.952332	-0.549	-1.38	-2.7585	0	30	1036	1
2026-02-11	16:37:18.750	1.61	-4.55	26.25	-0.068808	-0.00732	0.958432	-0.549	-1.38	-2.7585	0	30	1036	1
2026-02-11	16:37:18.770	5.075	-4.62	23.905	-0.08662	-0.008296	0.949892	-0.5595	-1.3665	-2.7555	0	30	1036	1
2026-02-11	16:37:18.790	8.155	-4.795	21.735	-0.105652	-0.013908	0.961116	-0.5595	-1.371	-2.7585	0	30	1036	1
2026-02-11	16:37:18.810	10.64	-4.9	19.705	-0.116144	-0.00976	0.987224	-0.564	-1.374	-2.757	0	38	1035	1
2026-02-11	16:37:18.830	12.25	-4.655	17.325	-0.115656	-0.014396	1.032608	-0.5625	-1.38	-2.7555	0	38	1035	1
2026-02-11	16:37:18.850	12.39	-4.27	15.015	-0.103944	-0.020496	1.0736	-0.5625	-1.3755	-2.7585	0	38	1035	1
2026-02-11	16:37:18.870	11.235	-3.815	12.915	-0.099796	-0.02196	1.096536	-0.5685	-1.3755	-2.76	0	38	1035	1
2026-02-11	16:37:18.890	9.765	-2.1	10.465	-0.087108	-0.03294	1.125084	-0.5655	-1.374	-2.754	0	38	1035	1
2026-02-11	16:37:18.910	7.84	0.175	8.19	-0.071492	-0.036112	1.14314	-0.5685	-1.3785	-2.7585	0	38	1035	1
2026-02-11	16:37:18.930	6.44	2.52	6.125	-0.060024	-0.01952	1.125084	-0.573	-1.3785	-2.748	0	38	1035	1
2026-02-11	16:37:18.950	6.72	5.145	3.325	-0.046604	0.002928	1.134356	-0.57	-1.383	-2.748	0	38	1035	1
2026-02-11	16:37:18.970	7.14	8.05	-0.455	-0.01342	-0.014152	1.166564	-0.5715	-1.3815	-2.751	0	38	1035	1
2026-02-11	16:37:18.990	6.125	10.99	-3.71	0.008052	-0.037088	1.197796	-0.567	-1.3695	-2.7525	0	38	1035	1
2026-02-11	16:37:19.010	2.52	15.33	-7.105	0.01464	-0.052704	1.224636	-0.567	-1.3695	-2.7525	0	46	1039	1
2026-02-11	16:37:19.030	-1.225	15.89	-9.31	0.013176	-0.0366	1.239032	-0.561	-1.374	-2.748	0	46	1039	1
2026-02-11	16:37:19.050	-5.25	12.39	-12.25	0.041968	-0.047336	1.254648	-0.5595	-1.38	-2.7465	0	46	1039	1
2026-02-11	16:37:19.070	-8.75	6.93	-15.785	0.049288	-0.048068	1.241472	-0.561	-1.383	-2.751	0	46	1039	1
2026-02-11	16:37:19.090	-9.66	2.17	-20.755	0.016104	-0.039284	1.180716	-0.558	-1.3875	-2.7525	0	46	1039	1
2026-02-11	16:37:19.110	-7.35	-1.68	-26.985	0.015616	-0.040992	1.114348	-0.561	-1.3725	-2.7495	0	46	1039	1
2026-02-11	16:37:19.130	-2.555	-3.43	-33.285	0.042456	-0.026596	1.039928	-0.5565	-1.38	-2.748	0	46	1039	1
2026-02-11	16:37:19.150	2.345	-2.625	-38.745	0.05856	-0.02318	0.97356	-0.561	-1.38	-2.748	0	46	1039	1
2026-02-11	16:37:19.170	6.02	-0.945	-42.35	0.089792	-0.04148	0.957944	-0.5595	-1.3815	-2.754	0	46	1039	1
2026-02-11	16:37:19.190	7.63	2.31	-43.54	0.115412	-0.050752	0.948184	-0.558	-1.38	-2.748	0	46	1039	1
2026-02-11	16:37:19.210	8.05	7.42	-42.63	0.144936	-0.043188	0.939156	-0.567	-1.386	-2.7435	0	55	1056	1
2026-02-11	16:37:19.230	7.945	12.005	-40.355	0.186904	-0.038552	0.953064	-0.555	-1.392	-2.748	0	55	1056	1
2026-02-11	16:37:19.250	7.105	14.105	-37.31	0.216184	-0.042212	0.971364	-0.552	-1.3875	-2.748	0	55	1056	1
2026-02-11	16:37:19.270	5.74	14.945	-33.81	0.160308	-0.037332	0.96868	-0.5505	-1.398	-2.751	0	55	1056	1
2026-02-11	16:37:19.290	4.795	14.245	-31.64	0.109556	-0.03172	0.961604	-0.5475	-1.4025	-2.7495	0	55	1056	1
2026-02-11	16:37:19.310	4.2	11.095	-30.38	0.077348	-0.032696	0.955748	-0.5385	-1.401	-2.7525	0	55	1056	1
2026-02-11	16:37:19.330	3.885	6.93	-28.875	0.057096	-0.034648	0.95892	-0.534	-1.404	-2.754	0	55	1056	1
2026-02-11	16:37:19.350	3.955	3.325	-27.3	0.037576	-0.030256	0.964532	-0.537	-1.4085	-2.751	0	55	1056	1
2026-02-11	16:37:19.370	4.025	0.56	-25.76	0.018544	-0.027328	0.973072	-0.5325	-1.407	-2.7495	0	55	1056	1
2026-02-11	16:37:19.390	3.465	-1.89	-24.535	0.015372	-0.032208	0.970144	-0.528	-1.4115	-2.748	0	55	1056	1
2026-02-11	16:37:19.410	2.345	-4.165	-23.275	0.020008	-0.035136	0.958188	-0.528	-1.416	-2.7495	0	64	1061	1
2026-02-11	16:37:19.430	0.98	-6.16	-22.05	0.016104	-0.040992	0.931104	-0.528	-1.4115	-2.748	0	64	1061	1
2026-02-11	16:37:19.450	-0.28	-7.595	-21.175	0.00488	-0.04514	0.909144	-0.5295	-1.4115	-2.7465	0	64	1061	1
2026-02-11	16:37:19.470	-1.47	-7.875	-20.58	0.010004	-0.04514	0.898408	-0.534	-1.416	-2.7495	0	64	1061	1
2026-02-11	16:37:19.490	-2.135	-6.37	-19.67	0.026108	-0.051484	0.876204	-0.534	-1.4115	-2.745	0	64	1061	1
2026-02-11	16:37:19.510	-1.89	-3.955	-17.85	0.045872	-0.050264	0.854244	-0.5355	-1.4145	-2.742	0	64	1061	1
2026-02-11	16:37:19.530	-1.05	-1.68	-15.365	0.054656	-0.047092	0.852536	-0.534	-1.419	-2.7435	0	64	1061	1
2026-02-11	16:37:19.550	-0.35	1.155	-10.535	0.045384	-0.047824	0.867908	-0.5325	-1.419	-2.745	0	64	1061	1
2026-02-11	16:37:19.570	0.105	2.205	-6.51	0.041236	-0.050508	0.88084	-0.537	-1.413	-2.742	0	64	1061	1
2026-02-11	16:37:19.590	1.225	2.24	-2.415	0.027328	-0.05246	0.898408	-0.534	-1.422	-2.7435	0	64	1061	1
2026-02-11	16:37:19.610	2.975	1.68	1.05	0.01952	-0.046604	0.922564	-0.5325	-1.422	-2.745	0	72	1046	1
2026-02-11	16:37:19.630	4.62	0.63	4.06	0.011468	-0.04758	0.963068	-0.5325	-1.422	-2.7435	0	72	1046	1
2026-02-11	16:37:19.650	5.39	-1.155	7.21	0.00976	-0.056608	1.005036	-0.5295	-1.4205	-2.7435	0	72	1046	1
2026-02-11	16:37:19.670	5.145	-3.01	10.92	0.005856	-0.056364	1.030412	-0.534	-1.4175	-2.7465	0	72	1046	1
2026-02-11	16:37:19.690	4.795	-4.55	14.455	-0.013664	-0.047824	1.053592	-0.537	-1.419	-2.745	0	72	1046	1
2026-02-11	16:37:19.710	4.725	-6.3	17.185	-0.01464	-0.051484	1.1041	-0.5355	-1.4175	-2.7465	0	72	1046	1
2026-02-11	16:37:19.730	3.535	-7.105	19.145	-0.010736	-0.064172	1.162416	-0.54	-1.4175	-2.7435	0	72	1046	1
2026-02-11	16:37:19.750	1.085	-6.195	20.825	-0.026596	-0.055632	1.182912	-0.5445	-1.4205	-2.7405	0	72	1046	1
2026-02-11	16:37:19.770	-0.28	-4.55	22.225	-0.02562	-0.041968	1.189744	-0.546	-1.4175	-2.7405	0	72	1046	1
2026-02-11	16:37:19.790	0.07	-3.185	23.38	-0.007564	-0.037088	1.215364	-0.543	-1.416	-2.739	0	72	1046	1
2026-02-11	16:37:19.810	1.505	-0.735	25.06	-0.000244	-0.028792	1.26148	-0.5385	-1.4145	-2.7405	0	79	1034	1
2026-02-11	16:37:19.830	2.485	2.415	27.125	0.02684	-0.018544	1.282708	-0.5385	-1.4145	-2.7405	0	79	1034	1
2026-02-11	16:37:19.850	2.835	4.48	29.54	0.057096	-0.013176	1.269532	-0.549	-1.41	-2.7405	0	79	1034	1
2026-02-11	16:37:19.870	2.765	6.055	32.935	0.081984	-0.012932	1.225612	-0.5505	-1.3965	-2.736	0	79	1034	1
2026-02-11	16:37:19.890	2.345	7.7	36.68	0.091012	-0.01708	1.171688	-0.5535	-1.401	-2.742	0	79	1034	1
2026-02-11	16:37:19.910	2.135	9.1	39.06	0.089304	-0.032696	1.126304	-0.5565	-1.407	-2.733	0	79	1034	1
2026-02-11	16:37:19.930	1.82	10.36	39.34	0.10004	-0.050264	1.090924	-0.5505	-1.407	-2.742	0	79	1034	1
2026-02-11	16:37:19.950	1.645	11.69	37.94	0.099796	-0.073444	1.033584	-0.552	-1.395	-2.7315	0	79	1034	1
2026-02-11	16:37:19.970	1.855	12.81	35.665	0.092964	-0.096868	0.99674	-0.5535	-1.3965	-2.7375	0	79	1034	1
2026-02-11	16:37:19.990	1.89	12.95	33.46	0.116144	-0.10614	0.99064	-0.555	-1.398	-2.7345	0	79	1034	1
2026-02-11	16:37:20.010	0.245	10.64	32.445	0.141276	-0.103944	1.008696	-0.555	-1.398	-2.7345	0	86	1047	1
2026-02-11	16:37:20.030	-1.68	8.26	32.34	0.144448	-0.102236	1.008208	-0.5535	-1.389	-2.7345	0	86	1047	1
2026-02-11	16:37:20.050	-3.5	5.285	31.99	0.117852	-0.097356	1.00284	-0.558	-1.3815	-2.733	0	86	1047	1
2026-02-11	16:37:20.070	-4.445	2.835	30.345	0.079788	-0.0976	0.983076	-0.5505	-1.383	-2.73	0	86	1047	1
2026-02-11	16:37:20.090	-5.635	-1.96	25.865	0.03294	-0.100284	0.938668	-0.561	-1.3755	-2.739	0	86	1047	1
2026-02-11	16:37:20.110	-6.44	-4.9	23.73	0.022204	-0.088084	0.905728	-0.555	-1.371	-2.7405	0	86	1047	1
2026-02-11	16:37:20.130	-6.3	-6.09	23.45	0.009028	-0.056364	0.852048	-0.5475	-1.374	-2.742	0	86	1047	1
2026-02-11	16:37:20.150	-4.2	-5.985	23.45	0.003904	-0.022204	0.81496	-0.564	-1.377	-2.736	0	86	1047	1
2026-02-11	16:37:20.170	-1.19	-5.355	23.205	0.003172	-0.006344	0.827892	-0.564	-1.374	-2.7405	0	86	1047	1
2026-02-11	16:37:20.190	0.105	-4.795	24.15	0.006344	-0.00488	0.834724	-0.5625	-1.3725	-2.727	0	86	1047	1
2026-02-11	16:37:20.210	-0.245	-4.62	26.495	-0.005124	-0.00488	0.822768	-0.564	-1.3665	-2.7405	0	92	1051	1
2026-02-11	16:37:20.230	-0.875	-4.585	28.28	-0.02074	-0.005612	0.809104	-0.5655	-1.368	-2.739	0	92	1051	1
2026-02-11	16:37:20.250	-0.98	-4.13	28.665	-0.030256	-0.0122	0.810812	-0.5685	-1.362	-2.7345	0	92	1051	1
2026-02-11	16:37:20.270	-0.84	-3.01	28.245	-0.043676	-0.017568	0.804956	-0.561	-1.359	-2.7405	0	92	1051	1
2026-02-11	16:37:20.290	-1.26	-1.82	27.545	-0.05124	-0.023424	0.82472	-0.573	-1.356	-2.7315	0	92	1051	1
2026-02-11	16:37:20.310	-2.73	-0.7	26.67	-0.051728	-0.029768	0.838384	-0.5685	-1.356	-2.736	0	92	1051	1
2026-02-11	16:37:20.330	-4.41	0.385	25.725	-0.0549	-0.027816	0.837652	-0.567	-1.3485	-2.7345	0	92	1051	1
2026-02-11	16:37:20.350	-6.055	0.98	24.535	-0.058316	-0.017812	0.859856	-0.564	-1.353	-2.736	0	92	1051	1
2026-02-11	16:37:20.370	-8.295	0.7	23.45	-0.047824	-0.003172	0.914512	-0.564	-1.353	-2.736	0	92	1051	1
2026-02-11	16:37:20.390	-11.165	-0.035	22.96	-0.049532	-0.007076	0.948428	-0.5685	-1.3455	-2.736	0	92	1051	1
2026-02-11	16:37:20.410	-14.14	-1.26	22.47	-0.060024	0.001708	0.961116	-0.573	-1.338	-2.7345	0	98	1030	1
2026-02-11	16:37:20.430	-15.995	-3.465	21.245	-0.08686399	0.016348	0.967948	-0.573	-1.3365	-2.733	0	98	1030	1
2026-02-11	16:37:20.450	-15.96	-6.79	18.095	-0.101016	0.020984	0.992836	-0.573	-1.332	-2.73	0	98	1030	1
2026-02-11	16:37:20.470	-14.525	-8.995	13.09	-0.111264	0.016836	1.023092	-0.5715	-1.3245	-2.73	0	98	1030	1
2026-02-11	16:37:20.490	-13.405	-9.065	7.91	-0.1342	0.021472	1.034316	-0.573	-1.3185	-2.733	0	98	1030	1
2026-02-11	16:37:20.510	-12.075	-8.365	2.835	-0.141276	0.031232	1.037488	-0.5805	-1.3185	-2.7315	0	98	1030	1
2026-02-11	16:37:20.530	-9.73	-6.93	-2.625	-0.170556	0.037332	1.040172	-0.582	-1.317	-2.73	0	98	1030	1
2026-02-11	16:37:20.550	-7.21	-6.195	-8.19	-0.164456	0.037332	1.073844	-0.5805	-1.314	-2.73	0	98	1030	1
2026-02-11	16:37:20.570	-5.845	-5.6	-13.195	-0.152988	0.038308	1.126304	-0.5775	-1.314	-2.7315	0	98	1030	1
2026-02-11	16:37:20.590	-5.495	-3.99	-17.675	-0.145424	0.037576	1.174372	-0.5745	-1.3155	-2.733	0	98	1030	1
2026-02-11	16:37:20.610	-6.125	-0.735	-21.665	-0.118828	0.033184	1.194624	-0.582	-1.317	-2.7345	0	104	1012	1
2026-02-11	16:37:20.630	-6.125	5.845	-27.93	-0.111752	0.028304	1.184864	-0.5805	-1.3215	-2.7255	0	104	1012	1
2026-02-11	16:37:20.650	-4.48	9.73	-33.11	-0.084912	0.025132	1.15656	-0.582	-1.32	-2.7285	0	104	1012	1
2026-02-11	16:37:20.670	-2.905	11.515	-38.01	-0.025376	0.013664	1.146312	-0.579	-1.317	-2.733	0	104	1012	1
2026-02-11	16:37:20.690	-2.24	10.08	-41.895	0.000244	0.005856	1.156804	-0.5715	-1.314	-2.7285	0	104	1012	1
2026-02-11	16:37:20.710	-2.66	5.285	-45.43	0.004636	-0.002928	1.197552	-0.567	-1.3155	-2.7315	0	104	1012	1
2026-02-11	16:37:20.730	-4.55	-0.98	-49.98	0.030256	0.000976	1.248792	-0.567	-1.3185	-2.7375	0	104	1012	1
2026-02-11	16:37:20.750	-7.91	-6.51	-55.405	0.060268	0.004636	1.250256	-0.5685	-1.3185	-2.736	0	104	1012	1
2026-02-11	16:37:20.770	-10.57	-10.395	-61.215	0.08052	0.014152	1.196332	-0.5685	-1.3215	-2.736	0	104	1012	1
2026-02-11	16:37:20.790	-10.535	-13.825	-66.78	0.090524	0.019276	1.110444	-0.5655	-1.3275	-2.7375	0	104	1012	1
2026-02-11	16:37:20.810	-7.56	-16.975	-71.54	0.121268	0.005124	1.059936	-0.564	-1.3305	-2.7345	0	110	1024	1
2026-02-11	16:37:20.830	-3.045	-16.695	-75.18	0.151768	-0.010004	1.037488	-0.561	-1.3305	-2.7345	0	110	1024	1
2026-02-11	16:37:20.850	1.26	-12.81	-77.385	0.210816	-0.01098	1.015284	-0.5565	-1.335	-2.736	0	110	1024	1
2026-02-11	16:37:20.870	5.075	-7.77	-77.77	0.261324	-0.004392	0.997228	-0.558	-1.335	-2.733	0	110	1024	1
2026-02-11	16:37:20.890	7.525	-1.435	-75.6	0.296948	-0.002928	1.001376	-0.5595	-1.3365	-2.7285	0	110	1024	1
2026-02-11	16:37:20.910	8.155	6.02	-73.115	0.268888	-0.000488	0.977708	-0.5595	-1.3425	-2.7255	0	110	1024	1
2026-02-11	16:37:20.930	7.91	13.475	-72.24	0.220332	0.008296	0.949648	-0.558	-1.3515	-2.73	0	110	1024	1
2026-02-11	16:37:20.950	7.28	20.3	-72.345	0.203008	0.010736	0.93818	-0.558	-1.353	-2.7285	0	110	1024	1
2026-02-11	16:37:20.970	5.845	24.745	-72.38	0.19398	0.010736	0.9089	-0.555	-1.362	-2.7315	0	110	1024	1
2026-02-11	16:37:20.990	4.34	26.46	-71.855	0.143472	0.009028	0.866932	-0.549	-1.3725	-2.7375	0	110	1024	1
2026-02-11	16:37:21.010	3.92	25.76	-71.68	0.078812	0.019032	0.820816	-0.5385	-1.377	-2.742	0	117	1040	1
2026-02-11	16:37:21.030	5.075	23.1	-72.695	0.044652	0.020252	0.805932	-0.528	-1.3785	-2.748	0	117	1040	1
2026-02-11	16:37:21.050	6.615	18.725	-74.445	0.049532	0.010736	0.832284	-0.534	-1.3815	-2.7495	0	117	1040	1
2026-02-11	16:37:21.070	7.035	13.3	-75.775	0.058316	0.003416	0.861564	-0.5175	-1.3875	-2.7435	0	117	1040	1
2026-02-11	16:37:21.090	5.775	7.98	-75.67	0.055632	0.001952	0.875472	-0.5145	-1.3905	-2.745	0	117	1040	1
2026-02-11	16:37:21.110	3.57	3.92	-74.55	0.030744	0.005124	0.860832	-0.513	-1.3905	-2.748	0	117	1040	1
2026-02-11	16:37:21.130	1.89	0.315	-73.29	0.03416	0.011712	0.85522	-0.5145	-1.392	-2.745	0	117	1040	1
2026-02-11	16:37:21.150	1.05	-3.29	-72.24	0.05246	0.017568	0.859124	-0.51	-1.395	-2.7465	0	117	1040	1
2026-02-11	16:37:21.170	1.365	-6.405	-70.91	0.049044	0.019276	0.869616	-0.504	-1.3965	-2.751	0	117	1040	1
2026-02-11	16:37:21.190	1.855	-6.195	-70.175	0.03172	0.02684	0.893772	-0.504	-1.3965	-2.751	0	117	1040	1
2026-02-11	16:37:21.210	1.435	-4.83	-69.3	0.0549	0.033916	0.93818	-0.504	-1.4085	-2.754	0	124	1033	1
2026-02-11	16:37:21.230	-0.7	-2.625	-68.11	0.054656	0.028548	0.973804	-0.489	-1.4115	-2.7405	0	124	1033	1
2026-02-11	16:37:21.250	-3.22	-0.455	-66.395	0.039528	0.020252	0.986248	-0.492	-1.413	-2.7435	0	124	1033	1
2026-02-11	16:37:21.270	-4.725	1.33	-64.785	0.026108	0.022448	0.990396	-0.4935	-1.422	-2.7465	0	124	1033	1
2026-02-11	16:37:21.290	-5.565	2.94	-63.77	0.016836	0.018056	0.988688	-0.4905	-1.419	-2.742	0	124	1033	1
2026-02-11	16:37:21.310	-5.81	4.48	-62.895	0.002684	0.017324	0.991616	-0.4845	-1.4145	-2.7525	0	124	1033	1
2026-02-11	16:37:21.330	-5.39	5.565	-61.705	0.00854	0.005856	1.003572	-0.4785	-1.416	-2.7465	0	124	1033	1
2026-02-11	16:37:21.350	-4.305	6.825	-59.71	0.017812	-0.001708	1.011868	-0.4785	-1.416	-2.7465	0	124	1033	1
2026-02-11	16:37:21.370	-2.345	8.505	-57.225	0.013176	-0.001464	0.996984	-0.4665	-1.422	-2.748	0	124	1033	1
2026-02-11	16:37:21.390	0	9.59	-54.145	0.002928	-0.013908	0.998692	-0.468	-1.4235	-2.7495	0	124	1033	1
2026-02-11	16:37:21.410	1.89	10.15	-50.295	0.00488	-0.02684	1.026264	-0.468	-1.4265	-2.7495	0	128	1016	1
2026-02-11	16:37:21.430	3.43	11.935	-45.255	0.020252	-0.026108	1.05774	-0.4635	-1.4235	-2.754	0	128	1016	1
2026-02-11	16:37:21.450	5.46	14.385	-40.775	0.030988	-0.016348	1.079212	-0.4635	-1.4235	-2.754	0	128	1016	1
2026-02-11	16:37:21.470	7.525	16.765	-37.94	0.018788	-0.015616	1.098976	-0.4545	-1.4265	-2.754	0	128	1016	1
2026-02-11	16:37:21.490	8.365	19.565	-35.49	-0.027572	-0.0183	1.08824	-0.4455	-1.4265	-2.7555	0	128	1016	1
2026-02-11	16:37:21.510	8.54	21.455	-33.95	-0.033184	-0.018788	1.0919	-0.4425	-1.431	-2.7555	0	128	1016	1
2026-02-11	16:37:21.530	7.875	22.68	-32.655	-0.008296	-0.0244	1.10898	-0.441	-1.4325	-2.754	0	128	1016	1
2026-02-11	16:37:21.550	6.475	23.73	-30.8	0.007564	-0.038796	1.128012	-0.4335	-1.4325	-2.7555	0	128	1016	1
2026-02-11	16:37:21.570	5.005	24.22	-29.26	-0.00366	-0.057584	1.131672	-0.4275	-1.4355	-2.7555	0	128	1016	1
2026-02-11	16:37:21.590	3.57	23.765	-28.49	0.011712	-0.06734399	1.136552	-0.429	-1.4355	-2.7495	0	128	1016	1
2026-02-11	16:37:21.610	1.54	22.505	-27.895	0.059536	-0.064416	1.130696	-0.432	-1.4325	-2.76	0	129	1015	1
2026-02-11	16:37:21.630	-0.77	21	-27.405	0.061488	-0.05124	1.078968	-0.4185	-1.431	-2.7555	0	129	1015	1
2026-02-11	16:37:21.650	-1.855	19.355	-28.77	0.0305	-0.03782	1.016016	-0.4065	-1.431	-2.76	0	129	1015	1
2026-02-11	16:37:21.670	-1.19	18.62	-32.41	0.011712	-0.031232	0.978196	-0.4155	-1.4295	-2.7555	0	129	1015	1
2026-02-11	16:37:21.690	-0.735	18.48	-37.03	0.014396	-0.0366	0.976	-0.408	-1.434	-2.751	0	129	1015	1
2026-02-11	16:37:21.710	-4.095	18.375	-41.475	0.030744	-0.01708	0.981612	-0.3975	-1.437	-2.7465	0	129	1015	1
2026-02-11	16:37:21.730	-7	17.815	-42.525	0.034404	0.002684	0.965264	-0.396	-1.434	-2.7495	0	129	1015	1
2026-02-11	16:37:21.750	-8.19	15.855	-43.47	0.02562	0.016592	0.942816	-0.396	-1.428	-2.7525	0	129	1015	1
2026-02-11	16:37:21.770	-6.93	13.405	-45.745	0.000732	0.021228	0.933544	-0.393	-1.4265	-2.754	0	129	1015	1
2026-02-11	16:37:21.790	-3.99	10.955	-49.7	-0.013664	0.023668	0.923784	-0.3825	-1.428	-2.7555	0	129	1015	1
2026-02-11	16:37:21.810	-0.77	8.505	-53.795	-0.029524	0.026596	0.90524	-0.3795	-1.431	-2.7585	0	128	1022	1
2026-02-11	16:37:21.830	2.065	6.09	-57.05	-0.047336	0.032208	0.88328	-0.375	-1.428	-2.763	0	128	1022	1
2026-02-11	16:37:21.850	4.865	4.025	-59.605	-0.049532	0.038796	0.88084	-0.3675	-1.422	-2.76	0	128	1022	1
2026-02-11	16:37:21.870	7.595	3.045	-61.915	-0.059048	0.027328	0.891088	-0.3615	-1.4235	-2.7585	0	128	1022	1
2026-02-11	16:37:21.890	9.695	3.115	-64.365	-0.066124	0.020984	0.903776	-0.3615	-1.425	-2.763	0	128	1022	1
2026-02-11	16:37:21.910	11.13	3.5	-67.585	-0.059048	0.008296	0.93086	-0.36	-1.422	-2.7615	0	128	1022	1
2026-02-11	16:37:21.930	11.55	4.165	-71.155	-0.048068	0.001952	0.951844	-0.354	-1.4235	-2.76	0	128	1022	1
2026-02-11	16:37:21.950	11.55	4.165	-74.48	-0.04392	-0.000732	0.977952	-0.3465	-1.4235	-2.7555	0	128	1022	1
2026-02-11	16:37:21.970	11.655	2.66	-78.82	-0.045384	-0.015128	0.992104	-0.342	-1.4265	-2.7525	0	128	1022	1
2026-02-11	16:37:21.990	12.495	0.875	-83.72	-0.077104	-0.021716	0.99064	-0.342	-1.431	-2.7525	0	128	1022	1
2026-02-11	16:37:22.010	13.79	-0.875	-88.2	-0.050752	-0.034404	1.001132	-0.3315	-1.428	-2.757	0	125	1020	1
2026-02-11	16:37:22.030	15.54	-2.1	-91.875	-0.035136	-0.03782	1.014552	-0.3255	-1.4175	-2.754	0	125	1020	1
2026-02-11	16:37:22.050	16.835	-3.325	-94.325	-0.014884	-0.034648	1.037244	-0.3255	-1.4295	-2.76	0	125	1020	1
2026-02-11	16:37:22.070	17.08	-4.13	-95.865	-0.015616	-0.028792	1.041392	-0.321	-1.422	-2.757	0	125	1020	1
2026-02-11	16:37:22.090	17.29	-3.43	-97.23	-0.020008	-0.02318	1.031876	-0.312	-1.419	-2.7555	0	125	1020	1
2026-02-11	16:37:22.110	17.15	-2.52	-98.35	-0.015128	-0.025132	1.032608	-0.3075	-1.425	-2.7525	0	125	1020	1
2026-02-11	16:37:22.130	15.68	-3.5	-98.735	0.00366	-0.02318	1.052372	-0.303	-1.4265	-2.751	0	125	1020	1
2026-02-11	16:37:22.150	13.335	-5.565	-98.77	0.025376	-0.018788	1.07116	-0.2955	-1.422	-2.7495	0	125	1020	1
2026-02-11	16:37:22.170	11.2	-6.475	-98.945	0.051972	-0.01586	1.091168	-0.2955	-1.422	-2.748	0	125	1020	1
2026-02-11	16:37:22.190	9.66	-5.81	-99.05	0.063684	-0.016104	1.077992	-0.291	-1.422	-2.7495	0	125	1020	1
2026-02-11	16:37:22.210	8.82	-4.165	-99.295	0.04026	-0.021472	1.030168	-0.282	-1.4175	-2.7525	0	120	1018	1
2026-02-11	16:37:22.230	8.785	-2.625	-99.645	0.03294	-0.020984	0.983564	-0.273	-1.4175	-2.7465	0	120	1018	1
2026-02-11	16:37:22.250	9.695	-0.28	-99.365	0.048068	-0.018056	0.970388	-0.2685	-1.4175	-2.7405	0	120	1018	1
2026-02-11	16:37:22.270	9.45	2.38	-98.21	0.069296	-0.01952	0.987468	-0.2745	-1.4055	-2.742	0	120	1018	1
2026-02-11	16:37:22.290	7.7	6.09	-95.9	0.09028	-0.03294	1.016016	-0.2715	-1.3995	-2.751	0	120	1018	1
2026-02-11	16:37:22.310	5.04	10.57	-92.575	0.10004	-0.040016	1.004792	-0.2625	-1.4055	-2.748	0	120	1018	1
2026-02-11	16:37:22.330	3.29	14.105	-89.11	0.085156	-0.040016	0.970632	-0.252	-1.4055	-2.7345	0	120	1018	1
2026-02-11	16:37:22.350	2.695	13.755	-85.715	0.077836	-0.049044	0.960872	-0.2475	-1.389	-2.748	0	120	1018	1
2026-02-11	16:37:22.370	1.855	9.31	-81.48	0.078812	-0.06344	0.978928	-0.2415	-1.392	-2.736	0	120	1018	1
2026-02-11	16:37:22.390	1.225	3.255	-76.895	0.077348	-0.067832	1.000888	-0.2445	-1.3935	-2.7405	0	120	1018	1
2026-02-11	16:37:22.410	1.68	-1.82	-73.255	0.060024	-0.057584	1.002596	-0.234	-1.38	-2.7465	0	114	1020	1
2026-02-11	16:37:22.430	3.57	-5.985	-70.56	0.032452	-0.0549	0.992348	-0.2385	-1.3815	-2.745	0	114	1020	1
2026-02-11	16:37:22.450	6.055	-10.01	-67.585	0.030744	-0.05734	1.003816	-0.228	-1.377	-2.7375	0	114	1020	1
2026-02-11	16:37:22.470	7.42	-12.565	-63.28	0.019764	-0.05612	0.994788	-0.2295	-1.377	-2.739	0	114	1020	1
2026-02-11	16:37:22.490	8.26	-14	-58.275	0.000244	-0.043432	0.968436	-0.219	-1.3665	-2.7345	0	114	1020	1
2026-02-11	16:37:22.510	9.1	-15.26	-51.765	0.004636	-0.04148	0.964776	-0.228	-1.3665	-2.7495	0	114	1020	1
2026-02-11	16:37:22.530	9.24	-15.785	-44.835	0.036112	-0.029768	0.987468	-0.228	-1.3665	-2.7495	0	114	1020	1
2026-02-11	16:37:22.550	8.785	-15.225	-39.095	0.037088	-0.016104	1.008696	-0.228	-1.3665	-2.7495	0	114	1020	1
2026-02-11	16:37:22.570	8.225	-14.49	-33.985	0.036112	-0.012444	1.037732	-0.2265	-1.362	-2.7495	0	114	1020	1
2026-02-11	16:37:22.590	7.35	-13.65	-29.575	0.030744	-0.00976	1.05164	-0.2355	-1.3605	-2.742	0	114	1020	1
2026-02-11	16:37:22.610	6.65	-12.25	-25.865	0.000976	-0.001952	1.03456	-0.2325	-1.362	-2.754	0	108	1021	1
2026-02-11	16:37:22.630	6.65	-10.885	-22.995	-0.020008	0.003172	1.014308	-0.228	-1.371	-2.745	0	108	1021	1
2026-02-11	16:37:22.650	6.825	-10.745	-20.3	-0.013176	0.010248	1.020408	-0.2265	-1.3695	-2.7465	0	108	1021	1
2026-02-11	16:37:22.670	6.615	-10.675	-17.43	0.011224	0.009028	1.042368	-0.2295	-1.3665	-2.7375	0	108	1021	1
2026-02-11	16:37:22.690	5.985	-9.17	-14.385	0.0183	0.006832	1.045296	-0.228	-1.362	-2.748	0	108	1021	1
2026-02-11	16:37:22.710	5.74	-6.79	-11.445	0.005612	0.007808	1.026752	-0.2325	-1.3665	-2.7405	0	108	1021	1
2026-02-11	16:37:22.730	6.475	-5.25	-9.03	-0.012444	0.014396	1.015284	-0.2295	-1.359	-2.751	0	108	1021	1
2026-02-11	16:37:22.750	7.14	-4.515	-7.07	-0.020252	0.010492	1.02114	-0.228	-1.362	-2.7525	0	108	1021	1
2026-02-11	16:37:22.770	7.035	-3.745	-5.11	-0.02196	0.010736	1.028216	-0.2265	-1.3665	-2.736	0	108	1021	1
2026-02-11	16:37:22.790	5.565	-1.75	-1.435	-0.016104	0.025132	1.038952	-0.234	-1.3605	-2.7435	0	108	1021	1
2026-02-11	16:37:22.810	4.515	-0.105	1.19	-0.01098	0.037088	1.04432	-0.2385	-1.362	-2.745	0	101	1025	1
2026-02-11	16:37:22.830	3.92	0.98	3.115	-0.019276	0.046116	1.03456	-0.24	-1.3665	-2.7495	0	101	1025	1
2026-02-11	16:37:22.850	3.675	1.19	4.2	-0.021472	0.04392	1.032364	-0.2385	-1.3725	-2.7495	0	101	1025	1
2026-02-11	16:37:22.870	3.36	0.35	4.725	-0.009028	0.042944	1.033584	-0.2325	-1.371	-2.745	0	101	1025	1
2026-02-11	16:37:22.890	2.94	-1.645	4.515	0.022936	0.049044	1.045296	-0.2325	-1.3665	-2.7405	0	101	1025	1
2026-02-11	16:37:22.910	2.59	-3.99	3.22	0.022448	0.039528	1.054324	-0.2355	-1.368	-2.742	0	101	1025	1
2026-02-11	16:37:22.930	2.485	-4.76	0.665	-0.00854	0.034404	1.03578	-0.234	-1.365	-2.7435	0	101	1025	1
2026-02-11	16:37:22.950	2.59	-3.745	-2.59	-0.045872	0.025376	0.998204	-0.234	-1.362	-2.745	0	101	1025	1
2026-02-11	16:37:22.970	2.345	-1.925	-5.635	-0.060512	0.02074	0.97478	-0.231	-1.3665	-2.745	0	101	1025	1
2026-02-11	16:37:22.990	1.05	0.735	-7.105	-0.032208	0.023912	0.993568	-0.2325	-1.3665	-2.7435	0	101	1025	1
2026-02-11	16:37:23.010	-2.03	3.815	-6.195	-0.009272	0.025864	1.018944	-0.2355	-1.3635	-2.7435	0	94	1030	1
2026-02-11	16:37:23.030	-6.405	5.81	-4.06	0.017568	0.031232	1.041636	-0.237	-1.365	-2.7435	0	94	1030	1
2026-02-11	16:37:23.050	-10.15	7.14	-1.855	0.01708	0.02562	1.018212	-0.2385	-1.368	-2.745	0	94	1030	1
2026-02-11	16:37:23.070	-10.29	5.985	-0.875	-0.00488	0.0122	0.979904	-0.2385	-1.371	-2.745	0	94	1030	1
2026-02-11	16:37:23.090	-7.735	3.22	-0.7	-0.02684	0.00732	0.961116	-0.234	-1.368	-2.742	0	94	1030	1
2026-02-11	16:37:23.110	-4.13	0.455	-0.735	-0.03904	-0.008052	0.961604	-0.2265	-1.3665	-2.7465	0	94	1030	1
2026-02-11	16:37:23.130	-0.735	-1.4	-0.42	-0.039772	-0.017568	0.981856	-0.225	-1.365	-2.748	0	94	1030	1
2026-02-11	16:37:23.150	1.155	-2.17	0.56	-0.02074	-0.020496	1.0187	-0.231	-1.3605	-2.7405	0	94	1030	1
2026-02-11	16:37:23.170	1.295	-1.855	2.205	-0.019276	-0.022692	1.041392	-0.234	-1.362	-2.7405	0	94	1030	1
2026-02-11	16:37:23.190	0.42	-0.63	3.885	-0.019276	-0.026352	1.033584	-0.231	-1.3635	-2.7435	0	94	1030	1
2026-02-11	16:37:23.210	-0.735	0.455	5.215	-0.029768	-0.016592	1.016748	-0.225	-1.3635	-2.7435	0	88	1033	1
2026-02-11	16:37:23.230	-1.715	0.875	5.88	-0.028792	-0.009028	1.00772	-0.225	-1.3635	-2.745	0	88	1033	1
2026-02-11	16:37:23.250	-2.17	0.875	5.88	-0.02196	-0.001952	0.997472	-0.2295	-1.359	-2.7465	0	88	1033	1
2026-02-11	16:37:23.270	-2.135	0.875	5.53	-0.014152	0.002684	1.003816	-0.228	-1.359	-2.748	0	88	1033	1
2026-02-11	16:37:23.290	-2.485	1.365	5.25	-0.00854	-0.004392	1.015772	-0.2325	-1.3665	-2.751	0	88	1033	1
2026-02-11	16:37:23.310	-3.395	2.485	5.285	-0.018544	-0.001952	1.014796	-0.2355	-1.368	-2.7465	0	88	1033	1
2026-02-11	16:37:23.330	-4.515	4.025	4.83	-0.02928	-0.009516	1.000644	-0.234	-1.365	-2.7435	0	88	1033	1
2026-02-11	16:37:23.350	-4.865	4.165	4.55	-0.023912	-0.008296	0.99308	-0.234	-1.365	-2.7435	0	88	1033	1
2026-02-11	16:37:23.370	-4.655	3.815	4.69	-0.023912	-0.007808	0.982588	-0.2355	-1.3665	-2.7435	0	88	1033	1
2026-02-11	16:37:23.390	-3.885	3.185	4.865	-0.030256	-0.011956	0.987468	-0.2235	-1.3605	-2.7405	0	88	1033	1
2026-02-11	16:37:23.410	-2.94	2.415	5.18	-0.030012	-0.016104	0.991372	-0.234	-1.3665	-2.742	0	81	1033	1
2026-02-11	16:37:23.430	-2.1	1.54	5.67	-0.037576	-0.016348	0.9882	-0.228	-1.3635	-2.742	0	81	1033	1
2026-02-11	16:37:23.450	-1.155	0.735	6.195	-0.046116	-0.009516	0.986248	-0.2325	-1.365	-2.7435	0	81	1033	1
2026-02-11	16:37:23.470	0	-0.035	6.545	-0.046116	-0.007076	0.982344	-0.2295	-1.3665	-2.7495	0	81	1033	1
2026-02-11	16:37:23.490	0.945	-0.455	6.86	-0.042212	-0.000976	0.98698	-0.2355	-1.3575	-2.7495	0	81	1033	1
2026-02-11	16:37:23.510	1.505	-0.665	7.21	-0.05734	-0.005124	0.989908	-0.231	-1.365	-2.748	0	81	1033	1
2026-02-11	16:37:23.530	1.75	-1.295	7.385	-0.062708	-0.003904	0.989664	-0.237	-1.3605	-2.7465	0	81	1033	1
2026-02-11	16:37:23.550	1.82	-2.1	6.93	-0.055388	0	0.999424	-0.2355	-1.371	-2.748	0	81	1033	1
2026-02-11	16:37:23.570	1.89	-1.68	6.3	-0.033916	-0.005124	1.018456	-0.2295	-1.3695	-2.7405	0	81	1033	1
2026-02-11	16:37:23.590	1.015	-1.505	5.88	-0.030012	-0.0061	1.014064	-0.24	-1.362	-2.745	0	81	1033	1
2026-02-11	16:37:23.610	-0.035	-1.82	5.74	-0.037088	-0.001708	1.003328	-0.24	-1.362	-2.745	0	75	1030	1
2026-02-11	16:37:23.630	-0.77	-2.275	5.565	-0.036356	-0.005368	1.004792	-0.2325	-1.3695	-2.742	0	75	1030	1
2026-02-11	16:37:23.650	-1.75	-2.415	5.25	-0.034892	0.000244	1.012844	-0.237	-1.371	-2.7495	0	75	1030	1
2026-02-11	16:37:23.670	-2.905	-2.45	4.76	-0.02684	0.000488	1.020408	-0.231	-1.3665	-2.739	0	75	1030	1
2026-02-11	16:37:23.690	-3.745	-2.45	4.095	-0.034892	0.004636	1.019432	-0.2355	-1.377	-2.751	0	75	1030	1
2026-02-11	16:37:23.710	-3.85	-2.45	3.36	-0.033428	0.00366	1.014552	-0.231	-1.3755	-2.7435	0	75	1030	1
2026-02-11	16:37:23.730	-3.395	-2.485	2.52	-0.03538	0.006344	1.008208	-0.2385	-1.371	-2.7525	0	75	1030	1
2026-02-11	16:37:23.750	-2.8	-2.52	1.68	-0.031232	0.00366	1.009428	-0.237	-1.377	-2.7495	0	75	1030	1
2026-02-11	16:37:23.770	-2.52	-2.59	1.19	-0.022936	0.00122	1.0126	-0.2415	-1.368	-2.751	0	75	1030	1
2026-02-11	16:37:23.790	-2.38	-2.555	0.875	-0.0244	-0.000488	1.009672	-0.2445	-1.3725	-2.742	0	75	1030	1
2026-02-11	16:37:23.810	-2.275	-2.485	0.42	-0.02074	-0.006344	1.011624	-0.237	-1.371	-2.7495	0	68	1029	1
2026-02-11	16:37:23.830	-2.45	-2.45	-0.035	-0.016104	-0.011224	1.010648	-0.2445	-1.3695	-2.7525	0	68	1029	1
2026-02-11	16:37:23.850	-2.87	-2.485	-0.455	-0.01464	-0.01464	1.011868	-0.2355	-1.3695	-2.7495	0	68	1029	1
2026-02-11	16:37:23.870	-3.36	-2.52	-1.05	-0.012688	-0.01708	1.016748	-0.2415	-1.3665	-2.7495	0	68	1029	1
2026-02-11	16:37:23.890	-3.675	-2.24	-1.505	-0.012444	-0.019276	1.011868	-0.2355	-1.3695	-2.751	0	68	1029	1
2026-02-11	16:37:23.910	-3.465	-1.435	-2.065	-0.010492	-0.021716	1.010648	-0.237	-1.3665	-2.751	0	68	1029	1
2026-02-11	16:37:23.930	-3.01	-0.735	-2.625	-0.006344	-0.022692	1.003328	-0.243	-1.3635	-2.748	0	68	1029	1
2026-02-11	16:37:23.950	-2.31	-0.665	-3.045	-0.011956	-0.025864	0.997716	-0.2415	-1.368	-2.7465	0	68	1029	1
2026-02-11	16:37:23.970	-1.75	-1.365	-3.36	-0.01098	-0.032452	1.002352	-0.2385	-1.365	-2.748	0	68	1029	1
2026-02-11	16:37:23.990	-1.575	-1.47	-3.605	-0.001952	-0.032452	1.004792	-0.237	-1.3605	-2.748	0	68	1029	1
2026-02-11	16:37:24.010	-1.505	-0.945	-3.64	-0.007808	-0.021716	1.002352	-0.2385	-1.359	-2.745	0	62	1029	1
2026-02-11	16:37:24.030	-1.295	-1.19	-3.535	-0.02074	-0.020984	0.999912	-0.2355	-1.362	-2.7435	0	62	1029	1
2026-02-11	16:37:24.050	-1.225	-2.345	-3.64	0.00488	-0.02318	1.01138	-0.2355	-1.365	-2.7435	0	62	1029	1
2026-02-11	16:37:24.070	-1.33	-1.82	-3.675	0.004636	-0.030256	1.01504	-0.237	-1.3605	-2.745	0	62	1029	1
2026-02-11	16:37:24.090	-1.61	-0.385	-4.06	-0.001708	-0.033428	1.022848	-0.237	-1.359	-2.745	0	62	1029	1
2026-02-11	16:37:24.110	-2.485	0.7	-4.55	-0.016348	-0.035868	1.021628	-0.2385	-1.3605	-2.7465	0	62	1029	1
2026-02-11	16:37:24.130	-3.395	1.68	-4.725	-0.017568	-0.030744	1.018944	-0.24	-1.365	-2.748	0	62	1029	1
2026-02-11	16:37:24.150	-4.13	2.905	-4.55	-0.01464	-0.029524	1.02724	-0.24	-1.365	-2.748	0	62	1029	1
2026-02-11	16:37:24.170	-4.9	4.025	-3.85	0.001952	-0.028792	1.026264	-0.2385	-1.362	-2.7495	0	62	1029	1
2026-02-11	16:37:24.190	-5.215	5.11	-2.835	-0.023912	-0.018056	1.016016	-0.2385	-1.362	-2.7495	0	62	1029	1
2026-02-11	16:37:24.210	-4.935	5.6	-2.1	-0.040016	-0.01342	1.019676	-0.237	-1.3635	-2.751	0	56	1029	1
2026-02-11	16:37:24.230	-4.62	5.81	-2.24	-0.04514	-0.023424	1.026508	-0.234	-1.356	-2.7495	0	56	1029	1
2026-02-11	16:37:24.250	-4.585	6.615	-3.29	-0.044164	-0.021228	1.017724	-0.2355	-1.356	-2.7465	0	56	1029	1
2026-02-11	16:37:24.270	-4.235	7.595	-4.97	-0.052216	-0.0244	0.980148	-0.2415	-1.362	-2.748	0	56	1029	1
2026-02-11	16:37:24.290	-3.36	7.49	-6.685	-0.042944	-0.027328	0.969656	-0.2415	-1.3575	-2.7465	0	56	1029	1
2026-02-11	16:37:24.310	-2.31	6.405	-8.12	-0.036844	-0.023668	0.97112	-0.2355	-1.3545	-2.7435	0	56	1029	1
2026-02-11	16:37:24.330	-1.225	4.97	-9.345	-0.026596	-0.030256	0.973804	-0.234	-1.3545	-2.745	0	56	1029	1
2026-02-11	16:37:24.350	-0.21	3.64	-10.745	-0.026596	-0.03538	0.978196	-0.231	-1.3515	-2.745	0	56	1029	1
2026-02-11	16:37:24.370	0.385	2.31	-12.18	-0.027816	-0.036112	0.986248	-0.231	-1.353	-2.745	0	56	1029	1
2026-02-11	16:37:24.390	0.21	0.945	-13.23	-0.026108	-0.0305	0.992104	-0.234	-1.3575	-2.7465	0	56	1029	1
2026-02-11	16:37:24.410	-0.525	-0.385	-13.79	-0.029036	-0.031232	0.99552	-0.234	-1.3575	-2.7465	0	51	1029	1
2026-02-11	16:37:24.430	-1.015	-1.4	-14.175	-0.04026	-0.028792	0.991128	-0.234	-1.3575	-2.7465	0	51	1029	1
2026-02-11	16:37:24.450	-0.91	-1.855	-14.7	-0.059292	-0.025132	0.97478	-0.222	-1.356	-2.7495	0	51	1029	1
2026-02-11	16:37:24.470	-0.28	-2.695	-15.54	-0.0549	-0.02684	0.972096	-0.2295	-1.3455	-2.7465	0	51	1029	1
2026-02-11	16:37:24.490	0.21	-3.535	-16.38	-0.046604	-0.032696	0.981368	-0.2265	-1.35	-2.739	0	51	1029	1
2026-02-11	16:37:24.510	0.07	-4.06	-17.01	-0.043676	-0.033184	0.98942	-0.2385	-1.353	-2.745	0	51	1029	1
2026-02-11	16:37:24.530	-0.735	-4.935	-17.185	-0.047824	-0.039528	0.996252	-0.2265	-1.356	-2.7435	0	51	1029	1
2026-02-11	16:37:24.550	-1.645	-6.335	-17.36	-0.042944	-0.0366	1.000888	-0.2325	-1.3425	-2.745	0	51	1029	1
2026-02-11	16:37:24.570	-2.275	-7.035	-17.57	-0.043432	-0.041724	1.004792	-0.2265	-1.347	-2.7465	0	51	1029	1
2026-02-11	16:37:24.590	-2.59	-7.245	-17.85	-0.045872	-0.046116	1.0065	-0.222	-1.3425	-2.7465	0	51	1029	1
2026-02-11	16:37:24.610	-2.66	-7.945	-18.27	-0.026596	-0.04514	1.022848	-0.228	-1.347	-2.7555	0	46	1027	1
2026-02-11	16:37:24.630	-2.485	-7.77	-18.795	-0.002196	-0.050752	1.02236	-0.2295	-1.3455	-2.7495	0	46	1027	1
2026-02-11	16:37:24.650	-1.925	-6.265	-19.075	0.006832	-0.055876	1.010892	-0.2295	-1.3455	-2.745	0	46	1027	1
2026-02-11	16:37:24.670	-0.35	-4.795	-19.18	0.0061	-0.063196	0.985516	-0.225	-1.344	-2.7465	0	46	1027	1
2026-02-11	16:37:24.690	1.61	-4.445	-19.495	0.010736	-0.051972	0.977464	-0.2235	-1.341	-2.7465	0	46	1027	1
2026-02-11	16:37:24.710	2.695	-4.235	-19.775	0.026596	-0.050752	0.989908	-0.228	-1.329	-2.745	0	46	1027	1
2026-02-11	16:37:24.730	2.835	-3.78	-19.81	0.03172	-0.050752	1.011868	-0.2235	-1.338	-2.739	0	46	1027	1
2026-02-11	16:37:24.750	2.065	-3.01	-19.88	0.032696	-0.045872	1.019676	-0.231	-1.332	-2.7495	0	46	1027	1
2026-02-11	16:37:24.770	1.295	-2.45	-20.685	0.0244	-0.03294	1.013332	-0.228	-1.338	-2.745	0	46	1027	1
2026-02-11	16:37:24.790	0.63	-2.87	-22.225	0.007076	-0.025864	0.998692	-0.2325	-1.329	-2.7495	0	46	1027	1
2026-02-11	16:37:24.810	0.14	-4.375	-24.115	-0.001464	-0.017324	0.990396	-0.228	-1.3365	-2.7435	0	43	1025	1
2026-02-11	16:37:24.830	-0.175	-6.265	-26.005	-0.004148	-0.018056	0.988688	-0.2295	-1.332	-2.7465	0	43	1025	1
2026-02-11	16:37:24.850	-0.42	-8.05	-27.86	0.007808	-0.026108	1.003084	-0.234	-1.335	-2.748	0	43	1025	1
2026-02-11	16:37:24.870	-0.875	-9.24	-29.54	0.017568	-0.025864	1.014064	-0.2205	-1.3305	-2.748	0	43	1025	1
2026-02-11	16:37:24.890	-1.295	-9.87	-31.255	0.020252	-0.02196	1.019676	-0.2355	-1.3305	-2.7525	0	43	1025	1
2026-02-11	16:37:24.910	-1.26	-9.87	-33.565	0.010492	-0.01342	1.008696	-0.2325	-1.3275	-2.7525	0	43	1025	1
2026-02-11	16:37:24.930	-0.595	-10.01	-36.33	0.0061	-0.008784	0.9882	-0.2325	-1.326	-2.748	0	43	1025	1
2026-02-11	16:37:24.950	0.21	-10.395	-39.585	0.024644	-0.01098	1.00284	-0.228	-1.323	-2.745	0	43	1025	1
2026-02-11	16:37:24.970	-0.385	-9.52	-41.685	0.046116	-0.01098	1.012112	-0.2325	-1.32	-2.7495	0	43	1025	1
2026-02-11	16:37:24.990	-1.82	-8.19	-42.525	0.050508	-0.009516	1.000888	-0.231	-1.317	-2.7525	0	43	1025	1
2026-02-11	16:37:25.010	-3.115	-6.755	-43.295	0.05124	-0.001708	0.992348	-0.2265	-1.3155	-2.7525	0	41	1024	1
2026-02-11	16:37:25.030	-4.06	-5.635	-44.345	0.054168	0.005124	0.99186	-0.2295	-1.3125	-2.754	0	41	1024	1
2026-02-11	16:37:25.050	-4.795	-5.215	-45.92	0.051728	0.009516	0.989908	-0.228	-1.308	-2.7495	0	41	1024	1
2026-02-11	16:37:25.070	-5.67	-5.88	-47.88	0.05978	0.008296	1.000156	-0.228	-1.3035	-2.7525	0	41	1024	1
2026-02-11	16:37:25.090	-6.79	-6.055	-49.56	0.058072	0.009028	0.998204	-0.2295	-1.299	-2.757	0	41	1024	1
2026-02-11	16:37:25.110	-7.07	-6.23	-51.275	0.050508	0.005124	0.993324	-0.2295	-1.2975	-2.751	0	41	1024	1
2026-02-11	16:37:25.130	-6.475	-6.755	-53.13	0.042456	0.005856	0.979172	-0.231	-1.2975	-2.748	0	41	1024	1
2026-02-11	16:37:25.150	-4.725	-7.035	-55.195	0.061244	-0.002196	0.989176	-0.2355	-1.293	-2.754	0	41	1024	1
2026-02-11	16:37:25.170	-2.625	-6.79	-56.805	0.081984	-0.000488	1.002108	-0.2325	-1.296	-2.7495	0	41	1024	1
2026-02-11	16:37:25.190	-0.49	-6.125	-57.75	0.09028	0.013908	0.996008	-0.225	-1.2885	-2.748	0	41	1024	1
2026-02-11	16:37:25.210	2.17	-5.915	-58.31	0.089792	0.014152	0.989664	-0.234	-1.2795	-2.76	0	40	1024	1
2026-02-11	16:37:25.230	5.18	-7.245	-58.1	0.118096	0.01464	1.012112	-0.234	-1.2795	-2.76	0	40	1024	1
2026-02-11	16:37:25.250	4.97	-7.805	-57.12	0.146644	0.022448	1.034804	-0.228	-1.2765	-2.754	0	40	1024	1
2026-02-11	16:37:25.270	4.445	-7.455	-56.175	0.155184	0.018788	1.037976	-0.222	-1.2735	-2.7465	0	40	1024	1
2026-02-11	16:37:25.290	3.64	-7.42	-55.335	0.156648	0.001708	1.04066	-0.222	-1.2705	-2.745	0	40	1024	1
2026-02-11	16:37:25.310	2.94	-7.7	-54.075	0.1586	-0.02318	1.052372	-0.225	-1.2675	-2.745	0	40	1024	1
2026-02-11	16:37:25.330	1.855	-7.035	-51.835	0.152256	-0.013176	1.039196	-0.2265	-1.2675	-2.7435	0	40	1024	1
2026-02-11	16:37:25.350	1.54	-6.3	-49.175	0.153232	-0.00854	1.033096	-0.2295	-1.266	-2.7465	0	40	1024	1
2026-02-11	16:37:25.370	1.645	-5.985	-46.2	0.151036	-0.012444	1.026264	-0.2265	-1.263	-2.7465	0	40	1024	1
2026-02-11	16:37:25.390	1.61	-5.145	-42.98	0.151036	-0.00854	1.045052	-0.222	-1.257	-2.7465	0	40	1024	1
2026-02-11	16:37:25.410	0.945	-3.15	-39.935	0.13908	-0.013664	1.056764	-0.231	-1.2525	-2.7495	0	40	1025	1
2026-02-11	16:37:25.430	-0.7	-0.665	-37.03	0.1281	-0.009516	1.068476	-0.237	-1.254	-2.751	0	40	1025	1
2026-02-11	16:37:25.450	-2.45	1.33	-34.475	0.108092	0.008784	1.058472	-0.234	-1.2555	-2.751	0	40	1025	1
2026-02-11	16:37:25.470	-3.5	2.835	-32.935	0.097356	0.02196	1.054568	-0.228	-1.2525	-2.7495	0	40	1025	1
2026-02-11	16:37:25.490	-4.48	5.145	-32.375	0.106628	0.0305	1.062132	-0.2235	-1.2465	-2.7495	0	40	1025	1
2026-02-11	16:37:25.510	-6.615	7.42	-31.535	0.133468	0.043188	1.0553	-0.2235	-1.2465	-2.7495	0	40	1025	1
2026-02-11	16:37:25.530	-8.54	8.26	-30.59	0.140056	0.058072	1.044564	-0.222	-1.2465	-2.742	0	40	1025	1
2026-02-11	16:37:25.550	-10.08	8.33	-29.68	0.144692	0.049776	1.052616	-0.234	-1.236	-2.7555	0	40	1025	1
2026-02-11	16:37:25.570	-12.46	8.435	-28.315	0.159332	0.043188	1.057496	-0.21	-1.2465	-2.7375	0	40	1025	1
2026-02-11	16:37:25.590	-15.05	8.925	-26.53	0.156892	0.055632	1.0309	-0.2235	-1.2345	-2.7555	0	40	1025	1
2026-02-11	16:37:25.610	-15.925	9.625	-25.13	0.134444	0.065636	1.009428	-0.2205	-1.221	-2.748	0	41	1032	1
2026-02-11	16:37:25.630	-15.155	10.325	-24.64	0.127856	0.05612	1.017236	-0.2205	-1.227	-2.7465	0	41	1032	1
2026-02-11	16:37:25.650	-14.63	11.41	-24.15	0.142252	0.035624	1.041392	-0.219	-1.221	-2.7465	0	41	1032	1
2026-02-11	16:37:25.670	-15.12	13.23	-22.89	0.122488	0.039528	1.01748	-0.219	-1.212	-2.7435	0	41	1032	1
2026-02-11	16:37:25.690	-14.63	14.805	-21.84	0.079788	0.043676	0.989664	-0.216	-1.212	-2.739	0	41	1032	1
2026-02-11	16:37:25.710	-13.055	16.345	-21.91	0.063196	0.043676	0.993324	-0.213	-1.212	-2.736	0	41	1032	1
2026-02-11	16:37:25.730	-12.32	17.535	-22.68	0.086132	0.052704	1.011136	-0.207	-1.2075	-2.7345	0	41	1032	1
2026-02-11	16:37:25.750	-13.09	17.85	-23.765	0.112972	0.062952	1.00528	-0.2055	-1.2015	-2.7345	0	41	1032	1
2026-02-11	16:37:25.770	-14.07	15.855	-23.835	0.126636	0.0671	0.98454	-0.21	-1.2	-2.733	0	41	1032	1
2026-02-11	16:37:25.790	-14.7	13.405	-22.33	0.144936	0.046604	0.998448	-0.1995	-1.188	-2.7255	0	41	1032	1
2026-02-11	16:37:25.810	-16.45	11.55	-19.285	0.15128	0.017324	1.00284	-0.204	-1.1895	-2.73	0	43	1038	1
2026-02-11	16:37:25.830	-17.57	10.535	-15.715	0.121268	0.010004	0.963556	-0.198	-1.191	-2.721	0	43	1038	1
2026-02-11	16:37:25.850	-15.575	8.89	-13.405	0.081984	0.000244	0.917928	-0.195	-1.1865	-2.7255	0	43	1038	1
2026-02-11	16:37:25.870	-11.48	6.09	-12.355	0.06954	-0.015616	0.937936	-0.1965	-1.179	-2.724	0	43	1038	1
2026-02-11	16:37:25.890	-7.735	3.78	-11.235	0.083936	-0.044896	0.955748	-0.195	-1.1715	-2.721	0	43	1038	1
2026-02-11	16:37:25.910	-3.36	2.66	-10.115	0.061976	-0.056364	0.959896	-0.2025	-1.1685	-2.727	0	43	1038	1
2026-02-11	16:37:25.930	1.89	2.59	-9.765	-0.001952	-0.054168	0.965752	-0.189	-1.17	-2.7165	0	43	1038	1
2026-02-11	16:37:25.950	6.475	3.22	-10.115	-0.038796	-0.076616	0.990396	-0.1785	-1.167	-2.7225	0	43	1038	1
2026-02-11	16:37:25.970	7.945	4.445	-9.835	-0.071736	-0.072956	1.02358	-0.192	-1.1745	-2.7195	0	43	1038	1
2026-02-11	16:37:25.990	7.595	6.685	-8.155	-0.041968	-0.060024	1.02358	-0.183	-1.173	-2.727	0	43	1038	1
2026-02-11	16:37:26.010	5.845	10.185	-4.095	-0.034404	-0.044164	1.001132	-0.183	-1.173	-2.727	0	46	1036	1
2026-02-11	16:37:26.030	5.46	12.495	-1.26	-0.059292	-0.035624	0.981368	-0.1995	-1.1775	-2.733	0	46	1036	1
2026-02-11	16:37:26.050	6.86	12.95	-0.105	-0.099552	-0.044164	0.973804	-0.189	-1.173	-2.73	0	46	1036	1
2026-02-11	16:37:26.070	6.825	10.29	-1.855	-0.100284	-0.08295999	1.0065	-0.183	-1.1715	-2.727	0	46	1036	1
2026-02-11	16:37:26.090	3.57	7.63	-5.53	-0.109068	-0.093208	1.018944	-0.1905	-1.1685	-2.7255	0	46	1036	1
2026-02-11	16:37:26.110	-1.155	5.6	-10.85	-0.1342	-0.096868	1.018212	-0.189	-1.1655	-2.727	0	46	1036	1
2026-02-11	16:37:26.130	-5.04	1.925	-17.78	-0.127612	-0.11956	1.014308	-0.1875	-1.167	-2.727	0	46	1036	1
2026-02-11	16:37:26.150	-7.945	-3.15	-25.34	-0.111508	-0.127368	1.005524	-0.189	-1.17	-2.718	0	46	1036	1
2026-02-11	16:37:26.170	-10.64	-7.21	-31.15	-0.07076	-0.11834	0.986004	-0.186	-1.17	-2.7195	0	46	1036	1
2026-02-11	16:37:26.190	-12.53	-10.43	-34.23	-0.037088	-0.107848	0.961604	-0.18	-1.164	-2.7195	0	46	1036	1
2026-02-11	16:37:26.210	-12.25	-13.58	-35.98	-0.00854	-0.132492	1.0065	-0.1935	-1.1565	-2.715	0	51	1030	1
2026-02-11	16:37:26.230	-10.43	-15.645	-36.96	-0.027084	-0.086376	0.923296	-0.1905	-1.1505	-2.715	0	51	1030	1
2026-02-11	16:37:26.250	-8.68	-15.89	-37.52	-0.020984	-0.08295999	0.945744	-0.192	-1.1445	-2.7165	0	51	1030	1
2026-02-11	16:37:26.270	-6.265	-16.205	-39.55	-0.019276	-0.08174	0.952332	-0.1965	-1.149	-2.7105	0	51	1030	1
2026-02-11	16:37:26.290	-5.005	-14.875	-42.875	-0.01952	-0.065636	0.95526	-0.198	-1.1445	-2.724	0	51	1030	1
2026-02-11	16:37:26.310	-6.055	-10.465	-46.305	0.000244	-0.085644	1.010648	-0.195	-1.131	-2.721	0	51	1030	1
2026-02-11	16:37:26.330	-9.765	-8.015	-46.76	0.03294	-0.087108	1.009428	-0.198	-1.1295	-2.7195	0	51	1030	1
2026-02-11	16:37:26.350	-12.985	-7.21	-46.515	0.03904	-0.072956	0.986004	-0.2025	-1.125	-2.718	0	51	1030	1
2026-02-11	16:37:26.370	-13.86	-6.895	-46.06	0.044164	-0.058804	0.985516	-0.207	-1.1205	-2.7165	0	51	1030	1
2026-02-11	16:37:26.390	-14.035	-6.65	-45.745	0.025376	-0.05978	0.991616	-0.2055	-1.1145	-2.7135	0	51	1030	1
2026-02-11	16:37:26.410	-14.63	-6.72	-46.41	0.002684	-0.067832	0.979172	-0.2055	-1.1055	-2.7105	0	56	1024	1
2026-02-11	16:37:26.430	-14.735	-7.35	-48.895	0.00732	-0.059536	0.948672	-0.219	-1.1025	-2.712	0	56	1024	1
2026-02-11	16:37:26.450	-13.195	-8.785	-52.78	0.020252	-0.043188	0.924272	-0.222	-1.101	-2.7135	0	56	1024	1
2026-02-11	16:37:26.470	-10.185	-10.57	-56.105	0.006344	-0.061244	0.925736	-0.2235	-1.0935	-2.7105	0	56	1024	1
2026-02-11	16:37:26.490	-6.51	-11.725	-56.245	0.016836	-0.0671	0.943304	-0.2355	-1.0905	-2.7165	0	56	1024	1
2026-02-11	16:37:26.510	-2.94	-10.185	-54.6	0.022936	-0.06466	0.946964	-0.24	-1.086	-2.715	0	56	1024	1
2026-02-11	16:37:26.530	-0.35	-7.595	-52.57	0.025864	-0.073688	0.94916	-0.24	-1.0785	-2.7105	0	56	1024	1
2026-02-11	16:37:26.550	1.155	-6.195	-50.295	0.006832	-0.05734	0.956968	-0.243	-1.0755	-2.7105	0	56	1024	1
2026-02-11	16:37:26.570	3.535	-5.67	-48.055	0.00976	-0.042212	0.966972	-0.243	-1.074	-2.7105	0	56	1024	1
2026-02-11	16:37:26.590	7.315	-4.025	-46.725	0.03782	-0.037576	0.989664	-0.243	-1.0725	-2.7105	0	56	1024	1
2026-02-11	16:37:26.610	10.71	-1.995	-45.78	0.043188	-0.059292	1.010404	-0.258	-1.068	-2.709	0	61	1016	1
2026-02-11	16:37:26.630	13.09	-0.98	-44.1	0.036844	-0.093208	1.034316	-0.267	-1.074	-2.718	0	61	1016	1
2026-02-11	16:37:26.650	15.295	-0.665	-42.98	0.05002	-0.113948	1.0675	-0.2655	-1.0725	-2.715	0	61	1016	1
2026-02-11	16:37:26.670	17.255	0.91	-42.56	0.08418	-0.14518	1.1041	-0.2685	-1.0725	-2.7105	0	61	1016	1
2026-02-11	16:37:26.690	17.815	3.99	-41.475	0.0915	-0.156892	1.089948	-0.2745	-1.0695	-2.712	0	61	1016	1
2026-02-11	16:37:26.710	18.445	5.39	-39.585	0.094184	-0.16348	1.079212	-0.273	-1.0695	-2.7165	0	61	1016	1
2026-02-11	16:37:26.730	18.97	4.865	-37.17	0.134932	-0.164456	1.117276	-0.2745	-1.0695	-2.718	0	61	1016	1
2026-02-11	16:37:26.750	16.975	2.87	-32.865	0.199104	-0.181048	1.185352	-0.276	-1.0665	-2.721	0	61	1016	1
2026-02-11	16:37:26.770	12.565	-0.665	-26.775	0.233264	-0.194712	1.221464	-0.2745	-1.0695	-2.7195	0	61	1016	1
2026-02-11	16:37:26.790	8.4	-4.69	-21.175	0.254736	-0.202276	1.214388	-0.279	-1.068	-2.721	0	61	1016	1
2026-02-11	16:37:26.810	6.475	-7.735	-17.115	0.245952	-0.207644	1.155584	-0.2865	-1.068	-2.721	0	65	1019	1
2026-02-11	16:37:26.830	8.085	-9.905	-15.365	0.2074	-0.193248	1.048224	-0.2895	-1.0725	-2.721	0	65	1019	1
2026-02-11	16:37:26.850	16.555	-9.345	-18.025	0.167872	-0.155428	0.920124	-0.291	-1.0725	-2.7225	0	65	1019	1
2026-02-11	16:37:26.870	23.205	-4.34	-20.965	0.158356	-0.133956	0.90158	-0.291	-1.0725	-2.7225	0	65	1019	1
2026-02-11	16:37:26.890	26.845	2.555	-22.05	0.213744	-0.134444	0.97844	-0.291	-1.0815	-2.7195	0	65	1019	1
2026-02-11	16:37:26.910	23.03	8.855	-19.285	0.277428	-0.134932	1.068232	-0.2955	-1.0845	-2.7165	0	65	1019	1
2026-02-11	16:37:26.930	12.6	11.795	-13.23	0.283284	-0.12444	1.117032	-0.3015	-1.083	-2.721	0	65	1019	1
2026-02-11	16:37:26.950	-0.245	11.655	-7.35	0.282064	-0.112484	1.13704	-0.3	-1.0905	-2.7225	0	65	1019	1
2026-02-11	16:37:26.970	-11.515	12.635	-3.5	0.274012	-0.116632	1.099952	-0.3	-1.089	-2.7255	0	65	1019	1
2026-02-11	16:37:26.990	-18.515	13.93	-1.855	0.223504	-0.11712	1.007232	-0.2895	-1.08	-2.718	0	65	1019	1
2026-02-11	16:37:27.010	-20.3	10.99	-2.205	0.176168	-0.128588	0.939644	-0.2985	-1.086	-2.7285	0	70	1032	1
2026-02-11	16:37:27.030	-18.935	5.67	-3.5	0.164456	-0.1403	0.921832	-0.294	-1.08	-2.715	0	70	1032	1
2026-02-11	16:37:27.050	-16.695	1.855	-4.27	0.15738	-0.136152	0.913536	-0.285	-1.0755	-2.7135	0	70	1032	1
2026-02-11	16:37:27.070	-13.58	-1.505	-3.745	0.152988	-0.124928	0.916464	-0.2955	-1.068	-2.7225	0	70	1032	1
2026-02-11	16:37:27.090	-10.99	-3.815	-1.89	0.147864	-0.122488	0.934276	-0.2865	-1.071	-2.7165	0	70	1032	1
2026-02-11	16:37:27.110	-10.15	-3.745	1.505	0.13664	-0.120048	0.93818	-0.3015	-1.074	-2.715	0	70	1032	1
2026-02-11	16:37:27.130	-10.15	-2.94	5.11	0.132492	-0.125904	0.914512	-0.3015	-1.074	-2.715	0	70	1032	1
2026-02-11	16:37:27.150	-10.36	-3.535	8.435	0.138836	-0.129808	0.889868	-0.297	-1.071	-2.718	0	70	1032	1
2026-02-11	16:37:27.170	-10.5	-5.075	12.635	0.160064	-0.12688	0.881084	-0.2925	-1.068	-2.721	0	70	1032	1
2026-02-11	16:37:27.190	-9.345	-6.405	16.555	0.153476	-0.12688	0.898652	-0.2955	-1.068	-2.7135	0	70	1032	1
2026-02-11	16:37:27.210	-7.42	-5.46	19.565	0.14518	-0.127612	0.915488	-0.303	-1.0665	-2.7195	0	77	1034	1
2026-02-11	16:37:27.230	-6.58	-3.675	22.47	0.132736	-0.126392	0.931348	-0.3015	-1.0695	-2.7075	0	77	1034	1
2026-02-11	16:37:27.250	-7.91	-3.99	26.215	0.128344	-0.106384	0.922076	-0.297	-1.0635	-2.7075	0	77	1034	1
2026-02-11	16:37:27.270	-9.17	-5.915	29.295	0.110044	-0.07124799	0.89426	-0.294	-1.0605	-2.7075	0	77	1034	1
2026-02-11	16:37:27.290	-8.68	-6.685	30.905	0.093208	-0.034648	0.867908	-0.294	-1.062	-2.7195	0	77	1034	1
2026-02-11	16:37:27.310	-7.035	-6.055	31.22	0.086376	-0.015128	0.85888	-0.2895	-1.0695	-2.7135	0	77	1034	1
2026-02-11	16:37:27.330	-5.95	-3.71	31.22	0.09857599	-0.008296	0.868152	-0.2865	-1.0605	-2.715	0	77	1034	1
2026-02-11	16:37:27.350	-6.615	0.805	32.27	0.112484	-0.00244	0.840824	-0.291	-1.065	-2.709	0	77	1034	1
2026-02-11	16:37:27.370	-7.7	4.27	34.23	0.092964	0.004148	0.776896	-0.291	-1.065	-2.715	0	77	1034	1
2026-02-11	16:37:27.390	-5.04	3.325	35.91	0.07905599	-0.007076	0.730536	-0.2955	-1.059	-2.7105	0	77	1034	1
2026-02-11	16:37:27.410	-0.56	4.655	35.735	0.0793	-0.020008	0.783484	-0.2925	-1.0605	-2.715	0	83	1016	1
2026-02-11	16:37:27.430	2.59	10.115	36.365	0.122488	-0.030012	0.867664	-0.288	-1.0665	-2.715	0	83	1016	1
2026-02-11	16:37:27.450	1.995	12.11	39.06	0.156648	-0.046116	0.938668	-0.279	-1.0725	-2.715	0	83	1016	1
2026-02-11	16:37:27.470	-0.455	9.345	43.19	0.147132	-0.031476	0.987468	-0.2715	-1.0725	-2.7165	0	83	1016	1
2026-02-11	16:37:27.490	-1.785	9.135	46.34	0.104432	-0.0122	1.005036	-0.2715	-1.068	-2.715	0	83	1016	1
2026-02-11	16:37:27.510	-1.75	10.325	47.67	0.092476	-0.019032	1.008208	-0.2685	-1.068	-2.7165	0	83	1016	1
2026-02-11	16:37:27.530	-0.98	9.695	47.915	0.102968	-0.030256	1.010892	-0.258	-1.0695	-2.712	0	83	1016	1
2026-02-11	16:37:27.550	0.77	10.5	48.51	0.124684	-0.025132	1.01138	-0.2535	-1.0695	-2.706	0	83	1016	1
2026-02-11	16:37:27.570	4.62	12.005	49.49	0.12688	-0.04026	0.996984	-0.2535	-1.074	-2.7075	0	83	1016	1
2026-02-11	16:37:27.590	9.8	11.095	50.75	0.152988	-0.070028	1.070916	-0.249	-1.08	-2.7135	0	83	1016	1
2026-02-11	16:37:27.610	11.095	7.945	53.935	0.194468	-0.100284	1.191208	-0.246	-1.083	-2.715	0	88	996	1
2026-02-11	16:37:27.630	7.525	0.805	57.68	0.209108	-0.110776	1.264652	-0.2445	-1.086	-2.7135	0	88	996	1
2026-02-11	16:37:27.650	4.795	-9.03	58.66	0.175192	-0.127368	1.267824	-0.2415	-1.089	-2.7165	0	88	996	1
2026-02-11	16:37:27.670	8.89	-9.765	54.005	0.069296	-0.135908	1.164856	-0.24	-1.089	-2.721	0	88	996	1
2026-02-11	16:37:27.690	16.59	-4.13	45.5	-0.063684	-0.134688	1.042856	-0.2355	-1.0905	-2.7165	0	88	996	1
2026-02-11	16:37:27.710	21.245	-4.935	37.275	-0.057828	-0.127368	1.07604	-0.2355	-1.098	-2.715	0	88	996	1
2026-02-11	16:37:27.730	16.135	-16.485	32.585	0.050508	-0.124684	1.212924	-0.234	-1.1085	-2.721	0	88	996	1
2026-02-11	16:37:27.750	4.095	-28.455	30.8	0.10736	-0.119804	1.28954	-0.234	-1.1145	-2.7225	0	88	996	1
2026-02-11	16:37:27.770	-7.035	-28.42	29.645	0.09857599	-0.128344	1.274412	-0.24	-1.119	-2.7225	0	88	996	1
2026-02-11	16:37:27.790	-14.56	-21.875	27.79	0.040504	-0.125416	1.173396	-0.24	-1.119	-2.7225	0	88	996	1
2026-02-11	16:37:27.810	-19.04	-18.585	24.395	-0.041968	-0.111996	1.03334	-0.2475	-1.116	-2.7285	0	95	1003	1
2026-02-11	16:37:27.830	-19.355	-21.91	18.165	-0.078324	-0.10492	0.89304	-0.2505	-1.116	-2.7345	0	95	1003	1
2026-02-11	16:37:27.850	-14.875	-27.055	10.395	-0.044652	-0.112728	0.82106	-0.2505	-1.116	-2.7315	0	95	1003	1
2026-02-11	16:37:27.870	-7.385	-26.74	4.2	0.037088	-0.126148	0.832772	-0.252	-1.116	-2.727	0	95	1003	1
2026-02-11	16:37:27.890	-0.455	-19.95	1.75	0.081984	-0.116388	0.835212	-0.252	-1.11	-2.7285	0	95	1003	1
2026-02-11	16:37:27.910	4.34	-11.97	2.555	0.082228	-0.09857599	0.822768	-0.2565	-1.1055	-2.7315	0	95	1003	1
2026-02-11	16:37:27.930	6.615	-6.93	5.495	0.072956	-0.092232	0.840824	-0.258	-1.1085	-2.7315	0	95	1003	1
2026-02-11	16:37:27.950	5.075	-5.53	6.02	0.032452	-0.099796	0.853756	-0.258	-1.1085	-2.7315	0	95	1003	1
2026-02-11	16:37:27.970	2.485	-0.63	4.9	-0.019276	-0.10004	0.826428	-0.27	-1.11	-2.7375	0	95	1003	1
2026-02-11	16:37:27.990	1.435	7.175	1.855	-0.064172	-0.092232	0.75762	-0.267	-1.119	-2.739	0	95	1003	1
2026-02-11	16:37:28.010	2.625	14.245	-2.345	-0.07686	-0.09516	0.748592	-0.258	-1.1115	-2.7315	0	103	1011	1
2026-02-11	16:37:28.030	3.325	18.515	-5.81	-0.012444	-0.10248	0.820572	-0.255	-1.1265	-2.7345	0	103	1011	1
2026-02-11	16:37:28.050	1.855	21.42	-7.21	0.003904	-0.096868	0.8601	-0.2565	-1.1235	-2.73	0	103	1011	1
2026-02-11	16:37:28.070	1.505	22.435	-7.595	0.005856	-0.080764	0.892064	-0.2595	-1.119	-2.7315	0	103	1011	1
2026-02-11	16:37:28.090	2.555	24.15	-7.91	0.01708	-0.074908	0.943792	-0.2625	-1.1175	-2.7315	0	103	1011	1
2026-02-11	16:37:28.110	3.395	26.635	-8.12	-0.005856	-0.06466	0.938668	-0.249	-1.122	-2.733	0	103	1011	1
2026-02-11	16:37:28.130	5.215	26.775	-8.96	-0.01952	-0.055876	0.93208	-0.2535	-1.107	-2.7315	0	103	1011	1
2026-02-11	16:37:28.150	7.63	25.41	-10.57	-0.012444	-0.054168	0.953796	-0.2475	-1.119	-2.7315	0	103	1011	1
2026-02-11	16:37:28.170	9.485	24.43	-12.005	0.00854	-0.052704	0.994544	-0.249	-1.125	-2.7315	0	103	1011	1
2026-02-11	16:37:28.190	9.345	23.065	-12.04	0.04514	-0.052704	1.031388	-0.246	-1.1175	-2.7345	0	103	1011	1
2026-02-11	16:37:28.210	7.35	19.705	-10.43	0.080764	-0.073932	1.0492	-0.246	-1.1175	-2.7345	0	111	1002	1
2026-02-11	16:37:28.230	6.3	16.59	-8.365	0.074908	-0.092476	1.069452	-0.2385	-1.116	-2.7345	0	111	1002	1
2026-02-11	16:37:28.250	6.23	13.405	-6.055	0.083448	-0.102724	1.138016	-0.2355	-1.1235	-2.727	0	111	1002	1
2026-02-11	16:37:28.270	4.305	6.265	-3.64	0.131516	-0.121756	1.214388	-0.2415	-1.122	-2.733	0	111	1002	1
2026-02-11	16:37:28.290	0.875	-3.325	-2.065	0.171044	-0.146156	1.243912	-0.237	-1.113	-2.739	0	111	1002	1
2026-02-11	16:37:28.310	0	-5.005	-1.365	0.162992	-0.165676	1.238056	-0.2415	-1.1175	-2.7315	0	111	1002	1
2026-02-11	16:37:28.330	2.8	1.575	-0.63	0.092476	-0.138348	1.180472	-0.237	-1.1235	-2.739	0	111	1002	1
2026-02-11	16:37:28.350	7.28	5.39	-0.77	0.045872	-0.119072	1.147044	-0.2325	-1.1205	-2.7375	0	111	1002	1
2026-02-11	16:37:28.370	8.96	-0.14	-1.645	0.08418	-0.11346	1.213168	-0.231	-1.1235	-2.736	0	111	1002	1
2026-02-11	16:37:28.390	4.655	-10.99	-1.085	0.19032	-0.123708	1.315648	-0.237	-1.1145	-2.7345	0	111	1002	1
2026-02-11	16:37:28.410	-2.835	-17.29	1.365	0.266204	-0.121268	1.31272	-0.2355	-1.116	-2.733	0	118	1008	1
2026-02-11	16:37:28.430	-7.7	-14	4.62	0.208132	-0.091988	1.16876	-0.24	-1.119	-2.742	0	118	1008	1
2026-02-11	16:37:28.450	-7.945	-8.4	6.44	0.071492	-0.05856	0.975756	-0.255	-1.125	-2.7405	0	118	1008	1
2026-02-11	16:37:28.470	-5.285	-6.93	4.935	-0.065392	-0.035624	0.79178	-0.2445	-1.119	-2.736	0	118	1008	1
2026-02-11	16:37:28.490	-3.71	-7.735	2.59	-0.05246	-0.031964	0.770308	-0.243	-1.1205	-2.7375	0	118	1008	1
2026-02-11	16:37:28.510	-2.485	-6.37	0.805	0.031476	-0.03294	0.792512	-0.249	-1.1205	-2.7375	0	118	1008	1
2026-02-11	16:37:28.530	-1.925	-2.03	0.735	0.083692	-0.040992	0.803492	-0.2535	-1.1205	-2.7375	0	118	1008	1
2026-02-11	16:37:28.550	-2.03	4.095	2.625	0.092964	-0.050996	0.792268	-0.252	-1.1205	-2.7375	0	118	1008	1
2026-02-11	16:37:28.570	-3.465	8.82	5.46	0.093696	-0.055876	0.770308	-0.249	-1.1235	-2.739	0	118	1008	1
2026-02-11	16:37:28.590	-5.6	8.995	9.03	0.096136	-0.045628	0.752496	-0.2475	-1.1265	-2.7405	0	118	1008	1
2026-02-11	16:37:28.610	-7.245	5.74	12.67	0.114924	-0.041968	0.772992	-0.249	-1.1205	-2.739	0	126	1018	1
2026-02-11	16:37:28.630	-7.875	2.835	15.89	0.152012	-0.071492	0.82594	-0.243	-1.1175	-2.739	0	126	1018	1
2026-02-11	16:37:28.650	-8.47	1.61	20.23	0.188612	-0.10126	0.87962	-0.2415	-1.119	-2.7375	0	126	1018	1
2026-02-11	16:37:28.670	-8.26	0	25.55	0.17324	-0.085156	0.878644	-0.243	-1.1205	-2.742	0	126	1018	1
2026-02-11	16:37:28.690	-4.62	-2.065	28.945	0.138104	-0.078324	0.927932	-0.24	-1.1175	-2.748	0	126	1018	1
2026-02-11	16:37:28.710	0.385	-0.63	30.38	0.114924	-0.099796	0.989176	-0.24	-1.1145	-2.7495	0	126	1018	1
2026-02-11	16:37:28.730	4.83	1.575	32.165	0.05734	-0.100284	1.012356	-0.2385	-1.1175	-2.7495	0	126	1018	1
2026-02-11	16:37:28.750	9.24	-0.7	33.355	0.07198	-0.081008	1.068476	-0.2385	-1.1175	-2.7495	0	126	1018	1
2026-02-11	16:37:28.770	12.95	-2.73	35.07	0.08662	-0.09882	1.153388	-0.2385	-1.1175	-2.7435	0	126	1018	1
2026-02-11	16:37:28.790	15.05	-2.555	38.43	0.06734399	-0.102968	1.2566	-0.237	-1.125	-2.742	0	126	1018	1
2026-02-11	16:37:28.810	14.49	-1.575	40.18	0.058804	-0.11346	1.29808	-0.2355	-1.128	-2.748	0	134	1013	1
2026-02-11	16:37:28.830	13.055	-3.675	38.29	0.05246	-0.130784	1.267092	-0.237	-1.1325	-2.748	0	134	1013	1
2026-02-11	16:37:28.850	13.265	-6.72	33.32	0.012688	-0.142252	1.16754	-0.2385	-1.143	-2.748	0	134	1013	1
2026-02-11	16:37:28.870	15.855	-8.19	27.335	0.003416	-0.14762	1.141432	-0.237	-1.1445	-2.751	0	134	1013	1
2026-02-11	16:37:28.890	14.315	-13.685	24.465	0.112972	-0.156404	1.251964	-0.2355	-1.1445	-2.7495	0	134	1013	1
2026-02-11	16:37:28.910	5.11	-23.765	25.34	0.152012	-0.157868	1.27368	-0.2355	-1.149	-2.751	0	134	1013	1
2026-02-11	16:37:28.930	-3.255	-28.595	25.69	0.088084	-0.139324	1.212924	-0.24	-1.149	-2.751	0	134	1013	1
2026-02-11	16:37:28.950	-5.67	-24.57	22.225	0.012932	-0.133956	1.11508	-0.243	-1.1505	-2.757	0	134	1013	1
2026-02-11	16:37:28.970	-4.34	-18.83	16.135	-0.064416	-0.121756	1.004304	-0.246	-1.155	-2.7615	0	134	1013	1
2026-02-11	16:37:28.990	-2.135	-15.54	10.115	-0.073444	-0.120536	0.923296	-0.249	-1.1535	-2.7555	0	134	1013	1
2026-02-11	16:37:29.010	0.315	-12.145	5.355	0.004392	-0.105164	0.873764	-0.249	-1.152	-2.7525	0	141	1024	1
2026-02-11	16:37:29.030	3.08	-4.13	4.165	0.039528	-0.093208	0.83326	-0.261	-1.1565	-2.76	0	141	1024	1
2026-02-11	16:37:29.050	5.39	5.04	5.67	0.055144	-0.070272	0.802272	-0.264	-1.158	-2.7645	0	141	1024	1
2026-02-11	16:37:29.070	6.755	10.85	7.875	0.050752	-0.052704	0.802516	-0.2655	-1.1595	-2.76	0	141	1024	1
2026-02-11	16:37:29.090	5.985	11.585	10.01	0.041724	-0.052704	0.810812	-0.2625	-1.161	-2.76	0	141	1024	1
2026-02-11	16:37:29.110	4.375	12.25	11.55	0.004636	-0.041724	0.790072	-0.2595	-1.164	-2.769	0	141	1024	1
2026-02-11	16:37:29.130	4.515	15.715	11.62	-0.037576	-0.033184	0.78324	-0.252	-1.1595	-2.7585	0	141	1024	1
2026-02-11	16:37:29.150	5.25	18.795	9.975	-0.055632	-0.042456	0.81252	-0.249	-1.164	-2.7675	0	141	1024	1
2026-02-11	16:37:29.170	4.025	16.52	7.875	-0.051972	-0.066124	0.871812	-0.2565	-1.1625	-2.766	0	141	1024	1
2026-02-11	16:37:29.190	1.155	11.935	6.02	-0.035868	-0.085888	0.92232	-0.2445	-1.167	-2.7675	0	141	1024	1
2026-02-11	16:37:29.210	-0.91	10.71	5.46	-0.016836	-0.110532	0.971608	-0.2505	-1.1685	-2.7675	0	148	1024	1
2026-02-11	16:37:29.230	-2.345	11.97	6.825	0.023668	-0.129076	0.999668	-0.249	-1.17	-2.76	0	148	1024	1
2026-02-11	16:37:29.250	-3.78	9.695	8.96	0.0122	-0.130784	0.980148	-0.2445	-1.1655	-2.76	0	148	1024	1
2026-02-11	16:37:29.270	-3.045	1.82	9.31	0.003904	-0.137128	1.014552	-0.2415	-1.1625	-2.7615	0	148	1024	1
2026-02-11	16:37:29.290	-1.085	-2.205	8.96	0.007564	-0.132004	1.057252	-0.243	-1.164	-2.7645	0	148	1024	1
2026-02-11	16:37:29.310	1.05	-1.295	9.205	0.017568	-0.127368	1.070672	-0.2385	-1.1685	-2.763	0	148	1024	1
2026-02-11	16:37:29.330	3.15	1.61	10.815	0.018544	-0.114192	1.067988	-0.2385	-1.161	-2.7615	0	148	1024	1
2026-02-11	16:37:29.350	4.48	3.675	13.51	0.022936	-0.106872	1.092388	-0.2325	-1.161	-2.766	0	148	1024	1
2026-02-11	16:37:29.370	4.375	2.835	15.96	0.063684	-0.094916	1.136796	-0.2295	-1.1625	-2.766	0	148	1024	1
2026-02-11	16:37:29.390	3.045	-0.385	18.445	0.135908	-0.090524	1.213412	-0.24	-1.164	-2.766	0	148	1024	1
2026-02-11	16:37:29.410	-0.42	-3.5	22.155	0.178364	-0.091988	1.240008	-0.2325	-1.1745	-2.7735	0	152	1020	1
2026-02-11	16:37:29.430	-3.78	-5.88	25.69	0.145668	-0.085156	1.220976	-0.2325	-1.164	-2.7765	0	152	1020	1
2026-02-11	16:37:29.450	-5.6	-7.805	27.16	0.119804	-0.085644	1.216096	-0.237	-1.1775	-2.7645	0	152	1020	1
2026-02-11	16:37:29.470	-7.98	-11.55	27.125	0.101504	-0.089548	1.186816	-0.237	-1.176	-2.7705	0	152	1020	1
2026-02-11	16:37:29.490	-10.43	-18.445	25.2	0.09394	-0.07905599	1.12728	-0.234	-1.179	-2.766	0	152	1020	1
2026-02-11	16:37:29.510	-10.395	-22.82	22.47	0.105408	-0.057096	1.09556	-0.24	-1.17	-2.7675	0	152	1020	1
2026-02-11	16:37:29.530	-9.065	-19.53	21.035	0.082228	-0.046116	1.068232	-0.2355	-1.1835	-2.763	0	152	1020	1
2026-02-11	16:37:29.550	-10.185	-12.425	21.77	0.04636	-0.025864	1.024556	-0.2415	-1.176	-2.772	0	152	1020	1
2026-02-11	16:37:29.570	-14.42	-8.575	23.1	0.000244	-0.002928	0.954772	-0.243	-1.173	-2.7735	0	152	1020	1
2026-02-11	16:37:29.590	-17.255	-5.845	22.925	-0.02074	0.001464	0.920856	-0.246	-1.17	-2.7705	0	152	1020	1
2026-02-11	16:37:29.610	-18.865	-0.98	22.05	-0.00976	-0.006588	0.909388	-0.249	-1.167	-2.7675	0	154	1030	1
2026-02-11	16:37:29.630	-20.65	2.45	21.84	0.03782	-0.0122	0.919636	-0.249	-1.1655	-2.769	0	154	1030	1
2026-02-11	16:37:29.650	-21.91	2.695	22.085	0.075396	-0.031964	0.898652	-0.243	-1.1655	-2.769	0	154	1030	1
2026-02-11	16:37:29.670	-20.965	3.115	22.89	0.061244	-0.038552	0.85888	-0.243	-1.164	-2.769	0	154	1030	1
2026-02-11	16:37:29.690	-17.255	4.305	23.45	0.02684	-0.023668	0.804712	-0.2445	-1.161	-2.7675	0	154	1030	1
2026-02-11	16:37:29.710	-11.13	3.57	22.505	0.043188	-0.027328	0.797148	-0.243	-1.158	-2.7675	0	154	1030	1
2026-02-11	16:37:29.730	-5.215	3.36	22.19	0.05856	-0.032208	0.804468	-0.246	-1.158	-2.769	0	154	1030	1
2026-02-11	16:37:29.750	-0.77	4.27	24.22	0.091744	-0.0427	0.854976	-0.243	-1.158	-2.769	0	154	1030	1
2026-02-11	16:37:29.770	1.47	4.655	27.72	0.137128	-0.05612	0.910608	-0.2475	-1.149	-2.772	0	154	1030	1
2026-02-11	16:37:29.790	2.555	3.99	32.165	0.1281	-0.053924	0.936228	-0.237	-1.1625	-2.7675	0	154	1030	1
2026-02-11	16:37:29.810	3.71	3.185	36.26	0.094428	-0.058316	0.966972	-0.24	-1.1595	-2.772	0	155	1029	1
2026-02-11	16:37:29.830	3.15	0.665	40.635	0.068564	-0.081252	0.983076	-0.24	-1.1595	-2.772	0	155	1029	1
2026-02-11	16:37:29.850	3.85	0.63	41.335	0.020496	-0.073444	0.920612	-0.234	-1.164	-2.7735	0	155	1029	1
2026-02-11	16:37:29.870	8.68	3.815	39.41	-0.000976	-0.060756	0.882792	-0.2295	-1.1685	-2.772	0	155	1029	1
2026-02-11	16:37:29.890	15.085	7.49	36.575	0.022936	-0.077348	0.92476	-0.228	-1.17	-2.7705	0	155	1029	1
2026-02-11	16:37:29.910	18.375	8.435	34.86	0.06222	-0.096624	1.004304	-0.231	-1.176	-2.7735	0	155	1029	1
2026-02-11	16:37:29.930	17.745	5.005	33.355	0.071736	-0.110532	1.047248	-0.231	-1.1805	-2.775	0	155	1029	1
2026-02-11	16:37:29.950	16.065	-1.05	31.85	0.08906	-0.138592	1.095316	-0.2265	-1.188	-2.7735	0	155	1029	1
2026-02-11	16:37:29.970	15.085	-2.94	30.52	0.069296	-0.145424	1.099464	-0.2295	-1.191	-2.7735	0	155	1029	1
2026-02-11	16:37:29.990	17.955	0.315	26.53	-0.022936	-0.125172	1.071404	-0.231	-1.1895	-2.7735	0	155	1029	1
2026-02-11	16:37:30.010	22.085	2.24	19.355	-0.061244	-0.111752	1.148752	-0.2265	-1.1925	-2.772	0	153	1020	1
2026-02-11	16:37:30.030	17.78	-4.865	16.835	-0.029524	-0.1037	1.23708	-0.228	-1.2	-2.778	0	153	1020	1
2026-02-11	16:37:30.050	6.09	-16.1	15.015	-0.022936	-0.098088	1.267336	-0.228	-1.2075	-2.784	0	153	1020	1
2026-02-11	16:37:30.070	-2.8	-16.905	12.425	-0.028792	-0.083448	1.240496	-0.228	-1.2075	-2.784	0	153	1020	1
2026-02-11	16:37:30.090	-5.075	-8.19	6.685	-0.050508	-0.073444	1.133624	-0.2325	-1.2075	-2.7825	0	153	1020	1
2026-02-11	16:37:30.110	-5.215	-5.74	0.56	-0.071736	-0.093208	1.074576	-0.237	-1.209	-2.784	0	153	1020	1
2026-02-11	16:37:30.130	-7.735	-10.115	-1.575	-0.038796	-0.100772	1.083848	-0.246	-1.2015	-2.784	0	153	1020	1
2026-02-11	16:37:30.150	-11.375	-14.63	-0.91	0.004636	-0.103212	1.073112	-0.2385	-1.209	-2.79	0	153	1020	1
2026-02-11	16:37:30.170	-12.215	-16.275	0.455	0.028792	-0.088572	1.05164	-0.2385	-1.1985	-2.784	0	153	1020	1
2026-02-11	16:37:30.190	-9.52	-14.245	0.525	0.021228	-0.083936	1.02236	-0.2445	-1.2045	-2.7855	0	153	1020	1
2026-02-11	16:37:30.210	-5.53	-8.785	-0.91	-0.016104	-0.07808	0.997716	-0.246	-1.209	-2.7855	0	150	1026	1
2026-02-11	16:37:30.230	-2.94	-3.255	-2.835	-0.052948	-0.051484	0.938424	-0.252	-1.2075	-2.787	0	150	1026	1
2026-02-11	16:37:30.250	-1.925	-2.31	-5.005	-0.085644	-0.014884	0.84668	-0.2535	-1.2045	-2.784	0	150	1026	1
2026-02-11	16:37:30.270	-0.21	-6.335	-8.68	-0.0732	0.011468	0.829112	-0.252	-1.1985	-2.787	0	150	1026	1
2026-02-11	16:37:30.290	2.415	-7.49	-12.565	0.016348	0.020252	0.888892	-0.252	-1.194	-2.7915	0	150	1026	1
2026-02-11	16:37:30.310	3.185	-3.43	-14.56	0.07124799	0.00366	0.95282	-0.255	-1.1955	-2.787	0	150	1026	1
2026-02-11	16:37:30.330	-0.175	1.995	-14.07	0.01952	-0.021472	0.955992	-0.252	-1.1985	-2.787	0	150	1026	1
2026-02-11	16:37:30.350	-6.65	5.81	-13.37	-0.100284	-0.022692	0.86864	-0.2475	-1.1985	-2.7885	0	150	1026	1
2026-02-11	16:37:30.370	-9.625	7.735	-20.125	-0.1281	-0.035868	0.821792	-0.2475	-1.197	-2.787	0	150	1026	1
2026-02-11	16:37:30.390	-8.085	10.29	-27.405	-0.034648	-0.067588	0.861808	-0.2505	-1.1955	-2.7885	0	150	1026	1
2026-02-11	16:37:30.410	-6.51	15.715	-31.465	0.045628	-0.0793	0.861076	-0.249	-1.1865	-2.787	0	147	1028	1
2026-02-11	16:37:30.430	-2.905	20.72	-32.55	0.124196	-0.104432	0.897676	-0.2535	-1.1865	-2.781	0	147	1028	1
2026-02-11	16:37:30.450	2.205	26.565	-31.605	0.169336	-0.111752	0.958188	-0.2445	-1.1745	-2.7975	0	147	1028	1
2026-02-11	16:37:30.470	6.51	31.675	-29.295	0.22692	-0.10614	1.009672	-0.2385	-1.185	-2.7915	0	147	1028	1
2026-02-11	16:37:30.490	8.925	28.07	-27.37	0.20862	-0.095892	0.988444	-0.2385	-1.179	-2.784	0	147	1028	1
2026-02-11	16:37:30.510	11.13	16.73	-26.53	0.154452	-0.099064	1.020896	-0.231	-1.1775	-2.784	0	147	1028	1
2026-02-11	16:37:30.530	12.425	10.71	-25.69	0.126148	-0.110044	1.118008	-0.2325	-1.185	-2.781	0	147	1028	1
2026-02-11	16:37:30.550	11.445	12.74	-21.945	0.163236	-0.107116	1.262212	-0.231	-1.1865	-2.781	0	147	1028	1
2026-02-11	16:37:30.570	5.04	10.5	-15.82	0.233752	-0.110776	1.29808	-0.225	-1.188	-2.7825	0	147	1028	1
2026-02-11	16:37:30.590	-2.345	-1.12	-12.46	0.177632	-0.100528	1.207312	-0.228	-1.1835	-2.7825	0	147	1028	1
2026-02-11	16:37:30.610	-2.625	-6.65	-12.88	0.082228	-0.091256	1.117764	-0.2355	-1.1925	-2.7825	0	145	1025	1
2026-02-11	16:37:30.630	2.485	-5.25	-14.875	0.022692	-0.085156	1.073356	-0.228	-1.1895	-2.781	0	145	1025	1
2026-02-11	16:37:30.650	3.395	-7.805	-15.855	-0.001952	-0.074908	1.060424	-0.234	-1.1835	-2.784	0	145	1025	1
2026-02-11	16:37:30.670	-0.315	-12.425	-15.505	0.004392	-0.066856	1.044564	-0.2355	-1.1805	-2.784	0	145	1025	1
2026-02-11	16:37:30.690	-3.29	-10.325	-14.91	0.0183	-0.037088	1.042856	-0.237	-1.1835	-2.7855	0	145	1025	1
2026-02-11	16:37:30.710	-4.76	-2.275	-13.79	0.04758	-0.02196	1.033828	-0.243	-1.1865	-2.7915	0	145	1025	1
2026-02-11	16:37:30.730	-6.51	5.005	-12.425	0.0732	-0.025376	0.99674	-0.2415	-1.182	-2.79	0	145	1025	1
2026-02-11	16:37:30.750	-7.77	7.035	-10.745	0.0671	-0.023424	0.93574	-0.243	-1.179	-2.787	0	145	1025	1
2026-02-11	16:37:30.770	-7.91	6.72	-8.715	0.032452	-0.019764	0.88206	-0.246	-1.1805	-2.79	0	145	1025	1
2026-02-11	16:37:30.790	-7.665	5.81	-6.86	0.013176	-0.02318	0.883524	-0.2445	-1.179	-2.7825	0	145	1025	1
2026-02-11	16:37:30.810	-8.435	2.975	-4.655	0.0671	-0.045384	0.965996	-0.237	-1.1745	-2.784	0	144	1030	1
2026-02-11	16:37:30.830	-11.62	1.085	-1.96	0.096868	-0.069296	1.009428	-0.2445	-1.182	-2.796	0	144	1030	1
2026-02-11	16:37:30.850	-14.07	2.765	0.245	0.049532	-0.06832	0.966728	-0.246	-1.176	-2.796	0	144	1030	1
2026-02-11	16:37:30.870	-13.195	6.265	0.385	-0.018788	-0.06344	0.917684	-0.2295	-1.1715	-2.79	0	144	1030	1
2026-02-11	16:37:30.890	-10.29	6.02	-1.61	-0.055876	-0.0732	0.92964	-0.237	-1.179	-2.793	0	144	1030	1
2026-02-11	16:37:30.910	-6.825	-3.78	-6.51	0.042456	-0.08295999	1.047492	-0.237	-1.179	-2.793	0	144	1030	1
2026-02-11	16:37:30.930	-5.6	-5.495	-9.17	0.065148	-0.085156	1.083848	-0.234	-1.176	-2.793	0	144	1030	1
2026-02-11	16:37:30.950	-2.345	1.085	-12.18	0.008052	-0.086132	1.04554	-0.237	-1.1655	-2.79	0	144	1030	1
2026-02-11	16:37:30.970	2.555	9.205	-17.605	-0.065636	-0.0976	0.99308	-0.2385	-1.1595	-2.784	0	144	1030	1
2026-02-11	16:37:30.990	6.265	12.565	-24.15	-0.109312	-0.091012	0.998448	-0.237	-1.161	-2.784	0	144	1030	1
2026-02-11	16:37:31.010	6.16	12.355	-29.75	-0.05856	-0.0793	1.07238	-0.2355	-1.167	-2.787	0	142	1032	1
2026-02-11	16:37:31.030	2.065	10.885	-32.27	0.02806	-0.08295999	1.14802	-0.2325	-1.1685	-2.7855	0	142	1032	1
2026-02-11	16:37:31.050	-4.55	8.54	-31.57	0.064172	-0.075884	1.19072	-0.2325	-1.164	-2.787	0	142	1032	1
2026-02-11	16:37:31.070	-10.92	5.705	-30.135	0.053192	-0.077836	1.187792	-0.2325	-1.1625	-2.7885	0	142	1032	1
2026-02-11	16:37:31.090	-14.035	3.5	-30.8	0.038552	-0.061	1.157048	-0.2325	-1.161	-2.7885	0	142	1032	1
2026-02-11	16:37:31.110	-14.21	1.225	-33.705	0.0183	-0.070516	1.09312	-0.237	-1.155	-2.787	0	142	1032	1
2026-02-11	16:37:31.130	-12.11	-2.415	-37.17	-0.02684	-0.083936	0.993812	-0.24	-1.1535	-2.7885	0	142	1032	1
2026-02-11	16:37:31.150	-8.225	-7.035	-40.425	-0.06344	-0.083448	0.915488	-0.2355	-1.152	-2.79	0	142	1032	1
2026-02-11	16:37:31.170	-2.205	-8.12	-44.485	-0.0671	-0.06954	0.910364	-0.2325	-1.1475	-2.79	0	142	1032	1
2026-02-11	16:37:31.190	1.995	-0.35	-46.725	-0.02928	-0.050752	0.935496	-0.2325	-1.1475	-2.79	0	142	1032	1
2026-02-11	16:37:31.210	2.87	9.905	-46.13	-0.033672	-0.045628	0.925248	-0.243	-1.1385	-2.793	0	139	1036	1
2026-02-11	16:37:31.230	2.94	17.395	-44.52	-0.076616	-0.030988	0.855952	-0.2505	-1.1355	-2.79	0	139	1036	1
2026-02-11	16:37:31.250	4.165	22.05	-44.45	-0.12078	-0.01098	0.795684	-0.2445	-1.1325	-2.784	0	139	1036	1
2026-02-11	16:37:31.270	7.35	26.075	-46.62	-0.128832	0.00122	0.787876	-0.2355	-1.1325	-2.787	0	139	1036	1
2026-02-11	16:37:31.290	9.45	30.31	-49.175	-0.115168	0.003904	0.809836	-0.24	-1.137	-2.7825	0	139	1036	1
2026-02-11	16:37:31.310	8.75	31.15	-50.715	-0.120536	-0.000732	0.843264	-0.24	-1.14	-2.781	0	139	1036	1
2026-02-11	16:37:31.330	6.3	27.265	-52.85	-0.126636	0.002684	0.901092	-0.237	-1.137	-2.781	0	139	1036	1
2026-02-11	16:37:31.350	3.465	23.065	-56.91	-0.062708	0.001464	0.992348	-0.2355	-1.1355	-2.781	0	139	1036	1
2026-02-11	16:37:31.370	1.715	22.575	-61.67	0.005612	-0.0183	1.037732	-0.231	-1.134	-2.781	0	139	1036	1
2026-02-11	16:37:31.390	2.835	24.29	-65.625	-0.01464	-0.040016	1.057252	-0.2265	-1.128	-2.781	0	139	1036	1
2026-02-11	16:37:31.410	3.85	21.84	-66.675	-0.039772	-0.055144	1.19438	-0.2235	-1.125	-2.7795	0	138	1031	1
2026-02-11	16:37:31.430	-3.01	10.36	-64.82	0.104432	-0.065148	1.332972	-0.2265	-1.122	-2.7795	0	138	1031	1
2026-02-11	16:37:31.450	-11.865	-9.59	-63.49	0.27206	-0.08174	1.329068	-0.2295	-1.1175	-2.781	0	138	1031	1
2026-02-11	16:37:31.470	-4.445	-2.065	-65.31	0.183488	-0.061488	1.221464	-0.2295	-1.11	-2.772	0	138	1031	1
2026-02-11	16:37:31.490	7.525	10.185	-69.755	0.066124	-0.061	1.134112	-0.237	-1.1055	-2.7705	0	138	1031	1
2026-02-11	16:37:31.510	14.385	12.6	-72.835	0.03294	-0.02684	1.162172	-0.2355	-1.104	-2.772	0	138	1031	1
2026-02-11	16:37:31.530	10.64	3.15	-70.805	0.164212	-0.000732	1.317844	-0.225	-1.104	-2.7705	0	138	1031	1
2026-02-11	16:37:31.550	-2.03	-10.605	-63.455	0.304512	0.004636	1.38714	-0.2295	-1.104	-2.775	0	138	1031	1
2026-02-11	16:37:31.570	-10.675	-12.915	-56.07	0.3172	0.002684	1.330288	-0.2415	-1.0995	-2.775	0	138	1031	1
2026-02-11	16:37:31.590	-9.065	-3.885	-52.36	0.233752	-0.011956	1.203408	-0.249	-1.0935	-2.7795	0	138	1031	1
2026-02-11	16:37:31.610	-3.255	4.97	-51.415	0.093208	-0.029524	1.052616	-0.243	-1.092	-2.7795	0	138	1041	1
2026-02-11	16:37:31.630	1.155	3.64	-51.66	-0.014152	-0.022204	0.914756	-0.2535	-1.0905	-2.772	0	138	1041	1
2026-02-11	16:37:31.650	3.675	-5.74	-52.78	-0.030012	-0.008784	0.891332	-0.243	-1.0845	-2.7765	0	138	1041	1
2026-02-11	16:37:31.670	5.39	-10.745	-53.795	0.032452	-0.000244	0.935496	-0.2535	-1.086	-2.7735	0	138	1041	1
2026-02-11	16:37:31.690	7.14	-3.885	-54.355	0.09857599	0.007808	0.974536	-0.255	-1.083	-2.778	0	138	1041	1
2026-02-11	16:37:31.710	8.61	12.215	-55.335	0.083204	0.020252	0.930372	-0.264	-1.0905	-2.7915	0	138	1041	1
2026-02-11	16:37:31.730	6.93	22.33	-57.05	0.0244	-0.00122	0.859368	-0.2655	-1.089	-2.7885	0	138	1041	1
2026-02-11	16:37:31.750	3.395	21.175	-58.24	0.026108	-0.011712	0.817888	-0.261	-1.0845	-2.784	0	138	1041	1
2026-02-11	16:37:31.770	1.05	17.325	-58.695	0.074664	-0.01098	0.822524	-0.255	-1.0815	-2.784	0	138	1041	1
2026-02-11	16:37:31.790	0.28	15.96	-58.17	0.099064	-0.018788	0.863028	-0.258	-1.0755	-2.787	0	138	1041	1
2026-02-11	16:37:31.810	0.455	13.3	-55.65	0.114192	-0.052704	0.96868	-0.2625	-1.08	-2.7825	0	142	1053	1
2026-02-11	16:37:31.830	-0.035	8.785	-50.505	0.168848	-0.086132	1.078236	-0.261	-1.074	-2.7915	0	142	1053	1
2026-02-11	16:37:31.850	-2.485	9.905	-44.345	0.133956	-0.086132	1.083848	-0.2595	-1.077	-2.7795	0	142	1053	1
2026-02-11	16:37:31.870	-4.34	10.99	-39.55	0.044164	-0.099064	1.055788	-0.2685	-1.068	-2.7825	0	142	1053	1
2026-02-11	16:37:31.890	-6.23	6.3	-36.26	0.030744	-0.112972	1.10044	-0.267	-1.068	-2.7795	0	142	1053	1
2026-02-11	16:37:31.910	-9.87	-4.41	-33.39	0.087596	-0.122	1.136308	-0.2625	-1.0665	-2.784	0	142	1053	1
2026-02-11	16:37:31.930	-11.025	-13.09	-32.97	0.114924	-0.09394	1.10532	-0.264	-1.0605	-2.778	0	142	1053	1
2026-02-11	16:37:31.950	-5.67	-13.51	-37.555	0.081984	-0.053192	1.055788	-0.267	-1.053	-2.7885	0	142	1053	1
2026-02-11	16:37:31.970	3.115	-8.96	-45.815	0.060512	-0.059292	1.043588	-0.282	-1.059	-2.7765	0	142	1053	1
2026-02-11	16:37:31.990	8.715	-7.105	-56.595	0.07198	-0.071492	1.065304	-0.279	-1.056	-2.781	0	142	1053	1
2026-02-11	16:37:32.010	5.985	-11.095	-60.795	0.117608	-0.069296	1.086044	-0.282	-1.0575	-2.7795	0	146	1056	1
2026-02-11	16:37:32.030	0.875	-12.25	-63.175	0.17324	-0.049288	1.098732	-0.2895	-1.0545	-2.7795	0	146	1056	1
2026-02-11	16:37:32.050	-3.64	-9.695	-65.1	0.187636	-0.049288	1.109956	-0.2925	-1.047	-2.7825	0	146	1056	1
2026-02-11	16:37:32.070	-8.015	-6.615	-66.815	0.187392	-0.04392	1.102636	-0.2925	-1.041	-2.787	0	146	1056	1
2026-02-11	16:37:32.090	-11.41	-4.76	-68.32	0.15616	-0.026108	1.0675	-0.2985	-1.044	-2.7885	0	146	1056	1
2026-02-11	16:37:32.110	-13.09	-3.605	-70.315	0.14518	-0.009272	1.037732	-0.303	-1.044	-2.7855	0	146	1056	1
2026-02-11	16:37:32.130	-13.23	-1.785	-73.57	0.120292	-0.014152	0.99186	-0.3105	-1.0395	-2.7795	0	146	1056	1
2026-02-11	16:37:32.150	-12.145	0.385	-77.175	0.083204	-0.009516	0.933788	-0.3165	-1.038	-2.7765	0	146	1056	1
2026-02-11	16:37:32.170	-9.66	2.8	-80.08	0.070272	-0.000976	0.912316	-0.3195	-1.035	-2.7795	0	146	1056	1
2026-02-11	16:37:32.190	-6.335	5.81	-82.25	0.086132	0.002684	0.92842	-0.3285	-1.0305	-2.7735	0	146	1056	1
2026-02-11	16:37:32.210	-3.605	9.065	-83.825	0.095892	0	0.94794	-0.3345	-1.0275	-2.7705	0	147	1057	1
2026-02-11	16:37:32.230	-2.135	11.585	-84.77	0.085644	-0.001464	0.95892	-0.333	-1.0245	-2.778	0	147	1057	1
2026-02-11	16:37:32.250	-1.225	13.3	-85.96	0.06588	-0.00244	0.962824	-0.333	-1.023	-2.784	0	147	1057	1
2026-02-11	16:37:32.270	-0.28	14.805	-87.92	0.056608	-0.010736	0.964288	-0.3345	-1.023	-2.787	0	147	1057	1
2026-02-11	16:37:32.290	0.77	15.295	-90.58	0.028792	-0.017812	0.94306	-0.336	-1.0215	-2.781	0	147	1057	1
2026-02-11	16:37:32.310	2.31	14.21	-94.01	0.03294	-0.025132	0.9333	-0.342	-1.02	-2.7825	0	147	1057	1
2026-02-11	16:37:32.330	4.165	12.53	-97.335	0.039284	-0.033428	0.932812	-0.351	-1.0185	-2.7855	0	147	1057	1
2026-02-11	16:37:32.350	7.28	11.06	-100.31	0.048312	-0.03172	0.962092	-0.36	-1.0215	-2.7855	0	147	1057	1
2026-02-11	16:37:32.370	10.465	11.095	-103.04	0.085156	-0.03172	1.015284	-0.369	-1.017	-2.7885	0	147	1057	1
2026-02-11	16:37:32.390	11.515	11.445	-104.825	0.121756	-0.025132	1.046272	-0.375	-1.011	-2.7825	0	147	1057	1
2026-02-11	16:37:32.410	10.535	9.905	-105.35	0.142984	-0.02196	1.067988	-0.378	-1.0155	-2.784	0	145	1050	1
2026-02-11	16:37:32.430	8.4	8.295	-105.35	0.153476	-0.02074	1.056764	-0.3765	-1.0245	-2.7915	0	145	1050	1
2026-02-11	16:37:32.450	7.035	7.525	-105.385	0.141764	-0.032452	1.03944	-0.381	-1.023	-2.7915	0	145	1050	1
2026-02-11	16:37:32.470	6.51	7.84	-105.455	0.136396	-0.037332	1.039196	-0.39	-1.023	-2.79	0	145	1050	1
2026-02-11	16:37:32.490	6.16	7.665	-105.525	0.15738	-0.042456	1.046028	-0.3975	-1.023	-2.7885	0	145	1050	1
2026-02-11	16:37:32.510	5.775	7.21	-105.385	0.18788	-0.049288	1.0736	-0.4035	-1.0185	-2.787	0	145	1050	1
2026-02-11	16:37:32.530	2.275	6.51	-103.25	0.248636	-0.075396	1.110688	-0.4035	-1.02	-2.79	0	145	1050	1
2026-02-11	16:37:32.550	-1.33	5.285	-100.87	0.24522	-0.069052	1.07726	-0.4035	-1.02	-2.79	0	145	1050	1
2026-02-11	16:37:32.570	-3.29	4.235	-99.575	0.211792	-0.051484	1.029924	-0.432	-1.035	-2.793	0	145	1050	1
2026-02-11	16:37:32.590	-3.255	3.185	-99.645	0.190564	-0.028792	0.987224	-0.4395	-1.026	-2.793	0	145	1050	1
2026-02-11	16:37:32.610	-2.1	1.925	-100.485	0.178608	-0.020008	0.96624	-0.447	-1.0275	-2.7915	0	141	1044	1
2026-02-11	16:37:32.630	-0.91	2.275	-101.675	0.175924	-0.0061	0.963556	-0.4485	-1.041	-2.796	0	141	1044	1
2026-02-11	16:37:32.650	-0.35	3.605	-102.41	0.18788	0.007564	0.97112	-0.4575	-1.029	-2.793	0	141	1044	1
2026-02-11	16:37:32.670	-0.945	4.2	-101.71	0.201544	0.017568	1.000156	-0.4635	-1.035	-2.7885	0	141	1044	1
2026-02-11	16:37:32.690	-3.57	3.64	-99.47	0.205936	0.021228	1.023092	-0.465	-1.044	-2.7915	0	141	1044	1
2026-02-11	16:37:32.710	-7.63	2.03	-96.32	0.2013	0.011468	1.036756	-0.4785	-1.047	-2.787	0	141	1044	1
2026-02-11	16:37:32.730	-11.935	0.21	-92.61	0.183732	-0.010004	1.022116	-0.4785	-1.0485	-2.7885	0	141	1044	1
2026-02-11	16:37:32.750	-14.595	-1.68	-89.355	0.157868	-0.033916	0.987224	-0.492	-1.053	-2.784	0	141	1044	1
2026-02-11	16:37:32.770	-14.525	-3.71	-87.57	0.141032	-0.054656	0.96136	-0.4935	-1.053	-2.7915	0	141	1044	1
2026-02-11	16:37:32.790	-11.83	-4.76	-85.82	0.113704	-0.06588	0.943792	-0.5025	-1.0515	-2.793	0	141	1044	1
2026-02-11	16:37:32.810	-8.645	-4.375	-83.055	0.112728	-0.063196	0.935252	-0.5145	-1.0665	-2.787	0	135	1040	1
2026-02-11	16:37:32.830	-6.055	-3.395	-79.52	0.112728	-0.045872	0.95282	-0.5175	-1.056	-2.7975	0	135	1040	1
2026-02-11	16:37:32.850	-4.445	-1.365	-75.6	0.109312	-0.0366	0.975024	-0.522	-1.0635	-2.7915	0	135	1040	1
2026-02-11	16:37:32.870	-4.865	0.945	-71.855	0.1098	-0.037576	0.987224	-0.5355	-1.065	-2.7885	0	135	1040	1
2026-02-11	16:37:32.890	-6.44	1.54	-67.97	0.123464	-0.039528	0.996984	-0.543	-1.068	-2.7945	0	135	1040	1
2026-02-11	16:37:32.910	-7.28	1.33	-63.98	0.133224	-0.044652	0.987956	-0.5385	-1.071	-2.793	0	135	1040	1
2026-02-11	16:37:32.930	-5.635	1.96	-60.375	0.127368	-0.04148	0.982832	-0.555	-1.0695	-2.79	0	135	1040	1
2026-02-11	16:37:32.950	-2.555	4.025	-56.77	0.11834	-0.057096	0.996252	-0.5535	-1.0815	-2.787	0	135	1040	1
2026-02-11	16:37:32.970	-0.56	5.705	-51.94	0.112484	-0.08295999	1.009672	-0.5445	-1.0815	-2.787	0	135	1040	1
2026-02-11	16:37:32.990	-0.21	6.58	-45.92	0.102968	-0.080032	1.002108	-0.555	-1.0845	-2.79	0	135	1040	1
2026-02-11	16:37:33.010	0.49	7.245	-39.445	0.09638	-0.078324	1.003816	-0.5685	-1.089	-2.7945	0	128	1035	1
2026-02-11	16:37:33.030	1.995	8.435	-33.285	0.105164	-0.090524	1.03944	-0.57	-1.092	-2.7915	0	128	1035	1
2026-02-11	16:37:33.050	2.8	10.955	-27.405	0.095648	-0.107848	1.057252	-0.5685	-1.0965	-2.799	0	128	1035	1
2026-02-11	16:37:33.070	2.17	14.49	-19.075	0.066368	-0.125416	1.045784	-0.5625	-1.0995	-2.7915	0	128	1035	1
2026-02-11	16:37:33.090	1.47	14.21	-13.79	0.061732	-0.12444	1.037732	-0.5625	-1.104	-2.7975	0	128	1035	1
2026-02-11	16:37:33.110	1.19	13.3	-9.275	0.058072	-0.117608	1.038464	-0.567	-1.11	-2.8035	0	128	1035	1
2026-02-11	16:37:33.130	1.085	13.125	-5.705	0.047824	-0.119072	1.058472	-0.564	-1.1055	-2.7975	0	128	1035	1
2026-02-11	16:37:33.150	-0.14	12.53	-2.66	0.038064	-0.119804	1.081652	-0.5595	-1.1055	-2.793	0	128	1035	1
2026-02-11	16:37:33.170	-3.115	9.695	0.07	0.038308	-0.122732	1.10898	-0.555	-1.1055	-2.796	0	128	1035	1
2026-02-11	16:37:33.190	-7.665	5.11	2.485	0.038308	-0.123952	1.124596	-0.555	-1.1085	-2.802	0	128	1035	1
2026-02-11	16:37:33.210	-12.32	0.735	4.34	0.04758	-0.131028	1.139968	-0.564	-1.113	-2.799	0	120	1035	1
2026-02-11	16:37:33.230	-16.31	-2.625	5.985	0.07076	-0.14152	1.137772	-0.5625	-1.1115	-2.7975	0	120	1035	1
2026-02-11	16:37:33.250	-18.34	-4.725	7.035	0.078568	-0.149328	1.09556	-0.561	-1.1055	-2.7975	0	120	1035	1
2026-02-11	16:37:33.270	-16.45	-4.83	6.65	0.082228	-0.135176	1.019676	-0.5625	-1.098	-2.7975	0	120	1035	1
2026-02-11	16:37:33.290	-10.955	-3.08	6.125	0.08686399	-0.124684	0.963068	-0.564	-1.092	-2.796	0	120	1035	1
2026-02-11	16:37:33.310	-5.145	-0.945	6.44	0.107116	-0.12566	0.93818	-0.5625	-1.0935	-2.796	0	120	1035	1
2026-02-11	16:37:33.330	0.105	1.855	7.42	0.148596	-0.129808	0.937936	-0.561	-1.098	-2.7975	0	120	1035	1
2026-02-11	16:37:33.350	4.725	6.72	8.89	0.177388	-0.125904	0.928664	-0.561	-1.098	-2.7975	0	120	1035	1
2026-02-11	16:37:33.370	7.91	11.83	10.43	0.183244	-0.128832	0.951112	-0.561	-1.092	-2.7975	0	120	1035	1
2026-02-11	16:37:33.390	9.1	15.365	12.39	0.1952	-0.130784	0.9699	-0.558	-1.095	-2.796	0	120	1035	1
2026-02-11	16:37:33.410	8.295	15.995	14.84	0.182756	-0.13298	0.957944	-0.5535	-1.0995	-2.799	0	113	1038	1
2026-02-11	16:37:33.430	7.035	13.86	16.94	0.135176	-0.126392	0.939888	-0.552	-1.0965	-2.802	0	113	1038	1
2026-02-11	16:37:33.450	6.265	9.765	17.15	0.099552	-0.130296	0.944524	-0.552	-1.0965	-2.802	0	113	1038	1
2026-02-11	16:37:33.470	5.53	5.075	15.82	0.072956	-0.146888	0.976976	-0.5445	-1.101	-2.805	0	113	1038	1
2026-02-11	16:37:33.490	4.06	0.665	14	0.05246	-0.151524	0.990884	-0.543	-1.1055	-2.8065	0	113	1038	1
2026-02-11	16:37:33.510	3.08	-2.555	11.55	0.038552	-0.136396	0.975756	-0.5475	-1.098	-2.8095	0	113	1038	1
2026-02-11	16:37:33.530	3.36	-4.795	8.575	0.03172	-0.133712	0.955992	-0.5475	-1.095	-2.8065	0	113	1038	1
2026-02-11	16:37:33.550	3.57	-6.58	5.95	0.029036	-0.138836	0.949648	-0.549	-1.098	-2.8035	0	113	1038	1
2026-02-11	16:37:33.570	2.625	-8.085	5.145	0.025132	-0.143472	0.931836	-0.5475	-1.0995	-2.805	0	113	1038	1
2026-02-11	16:37:33.590	1.19	-9.45	5.67	0.020008	-0.132004	0.9211	-0.5475	-1.101	-2.8005	0	113	1038	1
2026-02-11	16:37:33.610	-0.315	-11.025	6.44	0.02074	-0.122732	0.937448	-0.5505	-1.0995	-2.793	0	108	1034	1
2026-02-11	16:37:33.630	-1.085	-10.99	6.86	0.026108	-0.121024	0.963312	-0.5505	-1.0995	-2.793	0	108	1034	1
2026-02-11	16:37:33.650	-2.66	-10.045	7.875	0.022204	-0.123464	0.992836	-0.558	-1.0965	-2.802	0	108	1034	1
2026-02-11	16:37:33.670	-5.145	-9.205	8.855	0.009028	-0.115412	0.98942	-0.5595	-1.1085	-2.7975	0	108	1034	1
2026-02-11	16:37:33.690	-7	-9.31	9.17	-0.00732	-0.097112	0.970632	-0.558	-1.098	-2.799	0	108	1034	1
2026-02-11	16:37:33.710	-7.665	-10.71	9.1	-0.0183	-0.08418	0.963556	-0.555	-1.101	-2.7915	0	108	1034	1
2026-02-11	16:37:33.730	-8.33	-12.705	9.24	-0.010736	-0.083448	0.991616	-0.558	-1.0905	-2.799	0	108	1034	1
2026-02-11	16:37:33.750	-9.45	-14.105	9.695	-0.020008	-0.07808	1.003328	-0.5685	-1.0875	-2.8035	0	108	1034	1
2026-02-11	16:37:33.770	-8.645	-14.875	8.61	-0.039772	-0.07515199	0.996252	-0.567	-1.0875	-2.7915	0	108	1034	1
2026-02-11	16:37:33.790	-5.215	-14.49	5.46	-0.054412	-0.077104	0.99918	-0.573	-1.089	-2.796	0	108	1034	1
2026-02-11	16:37:33.810	-1.435	-12.985	1.925	-0.044408	-0.082716	1.003084	-0.5715	-1.101	-2.7945	0	104	1025	1
2026-02-11	16:37:33.830	1.645	-12.25	-0.84	-0.025376	-0.083448	1.002108	-0.5775	-1.0935	-2.7915	0	104	1025	1
2026-02-11	16:37:33.850	3.955	-11.235	-3.045	-0.02074	-0.07198	0.99674	-0.576	-1.092	-2.7855	0	104	1025	1
2026-02-11	16:37:33.870	5.915	-9.415	-5.25	-0.002928	-0.070028	1.013088	-0.5805	-1.0935	-2.79	0	104	1025	1
2026-02-11	16:37:33.890	6.195	-6.44	-6.685	0.013664	-0.09028	1.023092	-0.5865	-1.0965	-2.7945	0	104	1025	1
2026-02-11	16:37:33.910	6.44	-2.38	-7.245	0.010248	-0.082228	0.99186	-0.5865	-1.0995	-2.7945	0	104	1025	1
2026-02-11	16:37:33.930	7.665	1.4	-8.05	-0.022936	-0.078568	0.962336	-0.582	-1.104	-2.7825	0	104	1025	1
2026-02-11	16:37:33.950	8.96	3.5	-9.59	-0.042456	-0.070516	0.967216	-0.5895	-1.104	-2.7915	0	104	1025	1
2026-02-11	16:37:33.970	9.45	4.41	-11.76	-0.02928	-0.068076	0.996496	-0.5895	-1.11	-2.7885	0	104	1025	1
2026-02-11	16:37:33.990	8.96	4.585	-13.93	0.000732	-0.054412	1.037	-0.5955	-1.1085	-2.7915	0	104	1025	1
2026-02-11	16:37:34.010	7.315	4.025	-16.275	0.03538	-0.04392	1.10532	-0.5865	-1.1175	-2.7915	0	100	1020	1
2026-02-11	16:37:34.030	3.71	2.555	-18.795	0.088084	-0.061244	1.154852	-0.6	-1.134	-2.796	0	100	1020	1
2026-02-11	16:37:34.050	-1.47	1.785	-20.615	0.10004	-0.081252	1.12362	-0.5985	-1.1265	-2.8005	0	100	1020	1
2026-02-11	16:37:34.070	-5.705	0.56	-21.63	0.095648	-0.099064	1.048712	-0.5985	-1.131	-2.796	0	100	1020	1
2026-02-11	16:37:34.090	-7.42	-2.135	-22.26	0.121024	-0.105164	0.969412	-0.6015	-1.134	-2.7945	0	100	1020	1
2026-02-11	16:37:34.110	-4.69	-5.635	-23.625	0.181048	-0.1037	0.948916	-0.603	-1.1355	-2.7885	0	100	1020	1
2026-02-11	16:37:34.130	0.245	-5.74	-24.745	0.229604	-0.1037	0.96624	-0.6045	-1.1385	-2.7945	0	100	1020	1
2026-02-11	16:37:34.150	4.935	-4.83	-23.205	0.25498	-0.084668	0.988932	-0.609	-1.1415	-2.7915	0	100	1020	1
2026-02-11	16:37:34.170	5.39	-7.35	-21.805	0.242536	-0.083692	1.010892	-0.609	-1.1475	-2.793	0	100	1020	1
2026-02-11	16:37:34.190	4.13	-8.47	-21.315	0.214232	-0.06954	1.011868	-0.6075	-1.1535	-2.8005	0	100	1020	1
2026-02-11	16:37:34.210	2.8	-7.595	-21.175	0.195444	-0.0549	0.998936	-0.6105	-1.1595	-2.8005	0	98	1022	1
2026-02-11	16:37:34.230	1.68	-6.755	-21.105	0.182268	-0.049776	0.998936	-0.6165	-1.167	-2.796	0	98	1022	1
2026-02-11	16:37:34.250	0.35	-6.895	-21.035	0.188612	-0.0549	1.01382	-0.6165	-1.1655	-2.7975	0	98	1022	1
2026-02-11	16:37:34.270	-1.015	-7.105	-20.335	0.218624	-0.052704	1.048712	-0.6135	-1.167	-2.796	0	98	1022	1
2026-02-11	16:37:34.290	-2.38	-6.23	-18.83	0.240828	-0.049532	1.056276	-0.6135	-1.17	-2.7945	0	98	1022	1
2026-02-11	16:37:34.310	-2.905	-5.145	-17.465	0.23912	-0.047092	1.033096	-0.6165	-1.1715	-2.7975	0	98	1022	1
2026-02-11	16:37:34.330	-2.03	-4.41	-16.135	0.239608	-0.052704	1.018456	-0.6195	-1.1745	-2.7975	0	98	1022	1
2026-02-11	16:37:34.350	-1.05	-3.185	-14.175	0.243024	-0.059048	1.009672	-0.6195	-1.176	-2.793	0	98	1022	1
2026-02-11	16:37:34.370	-0.91	-2.24	-11.375	0.263032	-0.068076	1.015772	-0.6135	-1.179	-2.7915	0	98	1022	1
2026-02-11	16:37:34.390	-1.19	-1.645	-8.015	0.268888	-0.071736	1.01748	-0.612	-1.1805	-2.7915	0	98	1022	1
2026-02-11	16:37:34.410	-1.575	-0.035	-3.745	0.251564	-0.07124799	1.01992	-0.621	-1.182	-2.796	0	97	1026	1
2026-02-11	16:37:34.430	-2.03	1.33	0.28	0.206424	-0.069296	0.98576	-0.621	-1.182	-2.796	0	97	1026	1
2026-02-11	16:37:34.450	-1.715	1.82	2.38	0.188612	-0.061732	0.975756	-0.618	-1.185	-2.796	0	97	1026	1
2026-02-11	16:37:34.470	-0.91	2.835	3.815	0.189344	-0.070272	0.982832	-0.615	-1.1865	-2.799	0	97	1026	1
2026-02-11	16:37:34.490	-0.07	4.97	5.6	0.211792	-0.080032	0.990152	-0.6105	-1.182	-2.799	0	97	1026	1
2026-02-11	16:37:34.510	0.945	7.56	8.435	0.212524	-0.084912	0.98088	-0.6105	-1.182	-2.796	0	97	1026	1
2026-02-11	16:37:34.530	1.785	9.1	12.145	0.204716	-0.086376	0.967948	-0.609	-1.185	-2.7975	0	97	1026	1
2026-02-11	16:37:34.550	2.59	7.91	16.1	0.217404	-0.099064	0.982344	-0.6075	-1.1835	-2.7975	0	97	1026	1
2026-02-11	16:37:34.570	2.485	5.39	19.845	0.233508	-0.1098	1.01748	-0.609	-1.182	-2.796	0	97	1026	1
2026-02-11	16:37:34.590	1.085	3.605	23.59	0.22936	-0.115168	1.0309	-0.606	-1.1835	-2.7975	0	97	1026	1
2026-02-11	16:37:34.610	-0.595	2.695	27.265	0.20618	-0.109312	1.023092	-0.603	-1.1805	-2.7975	0	97	1028	1
2026-02-11	16:37:34.630	-1.505	0.98	29.295	0.18544	-0.109556	1.011868	-0.6015	-1.179	-2.796	0	97	1028	1
2026-02-11	16:37:34.650	-1.61	-1.19	29.33	0.165432	-0.112484	0.999424	-0.6	-1.1775	-2.802	0	97	1028	1
2026-02-11	16:37:34.670	-1.47	-2.555	28.84	0.140788	-0.101016	0.962092	-0.5985	-1.176	-2.808	0	97	1028	1
2026-02-11	16:37:34.690	1.225	-3.78	27.685	0.131028	-0.074908	0.948428	-0.6	-1.1775	-2.8065	0	97	1028	1
2026-02-11	16:37:34.710	3.045	-3.43	26.11	0.136152	-0.072224	0.968192	-0.6	-1.1775	-2.8065	0	97	1028	1
2026-02-11	16:37:34.730	3.43	-1.785	25.27	0.14152	-0.074908	0.973072	-0.6015	-1.176	-2.793	0	97	1028	1
2026-02-11	16:37:34.750	2.66	-0.63	25.165	0.15494	-0.07905599	0.976	-0.594	-1.161	-2.796	0	97	1028	1
2026-02-11	16:37:34.770	1.295	-0.035	25.48	0.172264	-0.08295999	0.981124	-0.5955	-1.161	-2.793	0	97	1028	1
2026-02-11	16:37:34.790	-0.455	0.945	26.04	0.177632	-0.080276	0.97356	-0.5955	-1.1625	-2.8005	0	97	1028	1
2026-02-11	16:37:34.810	-2.485	1.645	26.635	0.172752	-0.08295999	0.964532	-0.597	-1.1565	-2.7975	0	96	1026	1
2026-02-11	16:37:34.830	-4.41	0.84	27.3	0.155916	-0.07905599	0.9699	-0.585	-1.158	-2.7945	0	96	1026	1
2026-02-11	16:37:34.850	-6.545	-0.7	27.93	0.144448	-0.081008	0.987712	-0.6	-1.1595	-2.8005	0	96	1026	1
2026-02-11	16:37:34.870	-8.26	-1.225	28.175	0.12932	-0.07198	0.984784	-0.5955	-1.1505	-2.802	0	96	1026	1
2026-02-11	16:37:34.890	-8.61	-1.68	27.615	0.122244	-0.072956	0.983076	-0.5925	-1.1475	-2.799	0	96	1026	1
2026-02-11	16:37:34.910	-8.085	-2.8	26.25	0.117608	-0.084424	0.980392	-0.5895	-1.1445	-2.7945	0	96	1026	1
2026-02-11	16:37:34.930	-6.825	-4.2	24.71	0.092476	-0.089548	0.975512	-0.588	-1.1385	-2.7915	0	96	1026	1
2026-02-11	16:37:34.950	-5.6	-5.495	23.065	0.096624	-0.099064	0.99186	-0.5895	-1.134	-2.793	0	96	1026	1
2026-02-11	16:37:34.970	-4.69	-5.95	21.315	0.125172	-0.10126	0.990396	-0.5895	-1.134	-2.7945	0	96	1026	1
2026-02-11	16:37:34.990	-3.675	-5.32	20.895	0.133224	-0.101016	0.989664	-0.594	-1.131	-2.787	0	96	1026	1
2026-02-11	16:37:35.010	-3.045	-4.935	21.175	0.14396	-0.116388	0.999912	-0.585	-1.137	-2.7825	0	93	1022	1
2026-02-11	16:37:35.030	-3.395	-4.41	22.085	0.151768	-0.126392	1.008452	-0.588	-1.1295	-2.7855	0	93	1022	1
2026-02-11	16:37:35.050	-3.85	-3.115	23.38	0.155184	-0.160064	1.04676	-0.5895	-1.1265	-2.7915	0	93	1022	1
2026-02-11	16:37:35.070	-5.46	-0.595	25.585	0.157624	-0.222528	1.104344	-0.5895	-1.1175	-2.7855	0	93	1022	1
2026-02-11	16:37:35.090	-8.05	3.22	28.98	0.154208	-0.249612	1.060424	-0.5865	-1.1265	-2.7885	0	93	1022	1
2026-02-11	16:37:35.110	-6.545	6.405	32.13	0.126392	-0.23668	0.959896	-0.585	-1.116	-2.7825	0	93	1022	1
2026-02-11	16:37:35.130	0.56	8.33	33.32	0.090524	-0.235216	0.929884	-0.5835	-1.1115	-2.787	0	93	1022	1
2026-02-11	16:37:35.150	8.89	11.06	33.46	0.106628	-0.254248	0.974292	-0.5715	-1.1085	-2.781	0	93	1022	1
2026-02-11	16:37:35.170	14.455	14.35	34.685	0.132492	-0.246684	1.007964	-0.5745	-1.1145	-2.787	0	93	1022	1
2026-02-11	16:37:35.190	16.555	16.415	37.345	0.120292	-0.2318	1.037244	-0.5685	-1.101	-2.7795	0	93	1022	1
2026-02-11	16:37:35.210	14.63	17.22	40.565	0.093696	-0.209596	1.045784	-0.567	-1.116	-2.7885	0	90	1020	1
2026-02-11	16:37:35.230	8.085	16.345	44.24	0.03782	-0.180316	1.039684	-0.5655	-1.11	-2.796	0	90	1020	1
2026-02-11	16:37:35.250	0.63	13.51	47.215	-0.006588	-0.137616	1.026508	-0.561	-1.1055	-2.7975	0	90	1020	1
2026-02-11	16:37:35.270	-3.605	10.43	48.44	-0.019764	-0.105652	1.012844	-0.5505	-1.1025	-2.799	0	90	1020	1
2026-02-11	16:37:35.290	-5.39	8.085	48.3	-0.04392	-0.084424	1.014064	-0.546	-1.1025	-2.7975	0	90	1020	1
2026-02-11	16:37:35.310	-5.985	6.825	46.9	-0.091012	-0.054656	0.979904	-0.5415	-1.095	-2.796	0	90	1020	1
2026-02-11	16:37:35.330	-5.215	3.64	44.03	-0.091256	-0.032696	0.95526	-0.537	-1.0935	-2.7975	0	90	1020	1
2026-02-11	16:37:35.350	-3.64	-0.49	40.74	-0.057828	-0.024156	0.946476	-0.531	-1.0905	-2.799	0	90	1020	1
2026-02-11	16:37:35.370	-1.82	-3.71	38.115	-0.044408	-0.016104	0.928908	-0.5295	-1.0845	-2.793	0	90	1020	1
2026-02-11	16:37:35.390	0.28	-5.6	35.735	-0.061	-0.00366	0.920612	-0.5325	-1.086	-2.7945	0	90	1020	1
2026-02-11	16:37:35.410	1.75	-6.51	33.11	-0.05856	0.01098	0.913048	-0.5325	-1.0875	-2.799	0	89	1020	1
2026-02-11	16:37:35.430	2.03	-7.735	30.59	-0.046604	0.01342	0.922076	-0.537	-1.0755	-2.802	0	89	1020	1
2026-02-11	16:37:35.450	0.945	-9.275	28.385	-0.046116	0.022204	0.9455	-0.5355	-1.077	-2.8005	0	89	1020	1
2026-02-11	16:37:35.470	-1.05	-10.29	26.215	-0.051972	0.033672	0.975024	-0.531	-1.0875	-2.7885	0	89	1020	1
2026-02-11	16:37:35.490	-3.43	-9.625	23.38	-0.042456	0.02928	0.99918	-0.528	-1.074	-2.8005	0	89	1020	1
2026-02-11	16:37:35.510	-7.84	-6.755	17.85	-0.05612	0.01708	0.986736	-0.528	-1.074	-2.8005	0	89	1020	1
2026-02-11	16:37:35.530	-10.64	-6.93	14	-0.092476	0.015616	0.940864	-0.531	-1.071	-2.799	0	89	1020	1
2026-02-11	16:37:35.550	-11.725	-9.17	9.73	-0.0915	0.01098	0.9272	-0.534	-1.068	-2.799	0	89	1020	1
2026-02-11	16:37:35.570	-10.885	-11.13	5.39	-0.060756	-0.001464	0.942572	-0.5295	-1.0665	-2.7975	0	89	1020	1
2026-02-11	16:37:35.590	-9.73	-11.48	2.205	-0.0488	-0.017568	0.965508	-0.5325	-1.065	-2.793	0	89	1020	1
2026-02-11	16:37:35.610	-8.82	-10.64	0.77	-0.049776	-0.0183	0.966728	-0.5415	-1.0665	-2.7915	0	90	1014	1
2026-02-11	16:37:35.630	-7.805	-10.08	-0.035	-0.061732	-0.020252	0.954284	-0.54	-1.0695	-2.79	0	90	1014	1
2026-02-11	16:37:35.650	-6.16	-11.305	-1.015	-0.074176	-0.013664	0.945012	-0.534	-1.068	-2.793	0	90	1014	1
2026-02-11	16:37:35.670	-3.29	-12.985	-2.345	-0.052216	-0.010736	0.962824	-0.5415	-1.0635	-2.787	0	90	1014	1
2026-02-11	16:37:35.690	-0.315	-13.23	-3.43	-0.0366	-0.012932	0.998204	-0.5445	-1.0665	-2.7795	0	90	1014	1
2026-02-11	16:37:35.710	1.785	-12.495	-3.85	-0.039528	-0.031232	1.02114	-0.54	-1.071	-2.7825	0	90	1014	1
2026-02-11	16:37:35.730	3.465	-10.815	-3.815	-0.0549	-0.040016	1.02846	-0.5415	-1.071	-2.784	0	90	1014	1
2026-02-11	16:37:35.750	5.635	-8.82	-4.025	-0.056608	-0.041724	1.014308	-0.5445	-1.0725	-2.7795	0	90	1014	1
2026-02-11	16:37:35.770	10.045	-7.245	-5.495	-0.053924	-0.043432	1.009916	-0.5475	-1.0725	-2.778	0	90	1014	1
2026-02-11	16:37:35.790	15.19	-6.23	-8.085	-0.035136	-0.054412	1.071648	-0.5475	-1.0725	-2.778	0	90	1014	1
2026-02-11	16:37:35.810	16.66	-4.13	-9.66	0.023912	-0.070272	1.12484	-0.552	-1.08	-2.7855	0	92	1010	1
2026-02-11	16:37:35.830	15.015	-3.15	-9.66	0.070516	-0.091012	1.128012	-0.5535	-1.095	-2.79	0	92	1010	1
2026-02-11	16:37:35.850	12.425	-4.13	-9.1	0.09394	-0.107116	1.109224	-0.546	-1.0965	-2.7915	0	92	1010	1
2026-02-11	16:37:35.870	10.85	-5.425	-9.03	0.12444	-0.13298	1.108004	-0.5445	-1.101	-2.781	0	92	1010	1
2026-02-11	16:37:35.890	9.87	-5.39	-9.835	0.134688	-0.149084	1.064572	-0.5475	-1.1055	-2.781	0	92	1010	1
2026-02-11	16:37:35.910	10.22	-5.18	-11.41	0.14884	-0.145424	1.024068	-0.546	-1.107	-2.7825	0	92	1010	1
2026-02-11	16:37:35.930	11.445	-6.265	-13.16	0.188856	-0.15494	1.026264	-0.5415	-1.1025	-2.7825	0	92	1010	1
2026-02-11	16:37:35.950	10.85	-8.33	-13.72	0.251076	-0.172508	1.073356	-0.5475	-1.1055	-2.784	0	92	1010	1
2026-02-11	16:37:35.970	7.98	-10.325	-13.335	0.2684	-0.16836	1.091168	-0.549	-1.1175	-2.784	0	92	1010	1
2026-02-11	16:37:35.990	4.97	-10.15	-13.37	0.260836	-0.15494	1.067988	-0.549	-1.1235	-2.7795	0	92	1010	1
2026-02-11	16:37:36.010	3.57	-7.84	-14.91	0.228872	-0.145424	1.021384	-0.5505	-1.122	-2.772	0	95	1017	1
2026-02-11	16:37:36.030	3.535	-5.145	-17.57	0.195688	-0.135664	0.997716	-0.5475	-1.1205	-2.7735	0	95	1017	1
2026-02-11	16:37:36.050	3.325	-0.945	-19.915	0.22082	-0.116144	0.994788	-0.546	-1.1175	-2.778	0	95	1017	1
2026-02-11	16:37:36.070	2.31	1.575	-19.845	0.246196	-0.105164	1.007476	-0.549	-1.1325	-2.7765	0	95	1017	1
2026-02-11	16:37:36.090	1.26	3.675	-19.53	0.259372	-0.098088	1.036268	-0.5595	-1.1265	-2.7795	0	95	1017	1
2026-02-11	16:37:36.110	-0.42	6.055	-19.11	0.264008	-0.10858	1.081408	-0.5505	-1.128	-2.769	0	95	1017	1
2026-02-11	16:37:36.130	-3.535	8.085	-18.375	0.25498	-0.116876	1.070672	-0.549	-1.1295	-2.775	0	95	1017	1
2026-02-11	16:37:36.150	-6.055	8.715	-17.99	0.227896	-0.109556	1.025776	-0.54	-1.131	-2.778	0	95	1017	1
2026-02-11	16:37:36.170	-6.265	8.015	-18.655	0.201544	-0.107604	0.987224	-0.5445	-1.125	-2.76	0	95	1017	1
2026-02-11	16:37:36.190	-4.305	7.385	-19.88	0.191052	-0.105408	0.976976	-0.546	-1.1235	-2.7675	0	95	1017	1
2026-02-11	16:37:36.210	-1.785	8.68	-20.685	0.178608	-0.098332	0.995276	-0.54	-1.1205	-2.772	0	100	1028	1
2026-02-11	16:37:36.230	-0.525	11.795	-20.51	0.178608	-0.093696	1.003084	-0.537	-1.1295	-2.766	0	100	1028	1
2026-02-11	16:37:36.250	-0.385	14.735	-19.32	0.176168	-0.0793	0.98576	-0.5355	-1.1235	-2.772	0	100	1028	1
2026-02-11	16:37:36.270	-0.315	15.75	-17.955	0.172264	-0.047336	0.958676	-0.537	-1.1295	-2.775	0	100	1028	1
2026-02-11	16:37:36.290	0.42	15.155	-16.73	0.171532	-0.040016	0.962092	-0.5385	-1.116	-2.7585	0	100	1028	1
2026-02-11	16:37:36.310	0.56	15.19	-14.98	0.177876	-0.058072	1.01016	-0.531	-1.1295	-2.769	0	100	1028	1
2026-02-11	16:37:36.330	-1.61	16.905	-12.95	0.168116	-0.084668	1.016748	-0.531	-1.1265	-2.7705	0	100	1028	1
2026-02-11	16:37:36.350	-4.235	16.17	-11.515	0.108824	-0.10614	0.968192	-0.5325	-1.125	-2.7675	0	100	1028	1
2026-02-11	16:37:36.370	-6.055	13.79	-10.99	0.07686	-0.114192	0.95404	-0.534	-1.125	-2.763	0	100	1028	1
2026-02-11	16:37:36.390	-6.86	13.02	-11.97	0.083204	-0.104188	0.951844	-0.5355	-1.1265	-2.766	0	100	1028	1
2026-02-11	16:37:36.410	-6.685	12.565	-12.6	0.086132	-0.0976	0.960384	-0.5325	-1.1235	-2.7675	0	103	1032	1
2026-02-11	16:37:36.430	-7.105	10.955	-11.515	0.092232	-0.100284	0.992104	-0.5235	-1.128	-2.7705	0	103	1032	1
2026-02-11	16:37:36.450	-8.75	8.925	-9.24	0.087108	-0.09516	0.979172	-0.5265	-1.125	-2.76	0	103	1032	1
2026-02-11	16:37:36.470	-9.765	7.945	-7	0.074176	-0.067588	0.9394	-0.5265	-1.125	-2.766	0	103	1032	1
2026-02-11	16:37:36.490	-9.1	6.265	-5.39	0.063928	-0.045628	0.915	-0.5115	-1.1205	-2.7645	0	103	1032	1
2026-02-11	16:37:36.510	-8.225	3.08	-4.06	0.073444	-0.043676	0.913048	-0.5175	-1.116	-2.757	0	103	1032	1
2026-02-11	16:37:36.530	-8.47	0.455	-2.52	0.081496	-0.057096	0.915244	-0.516	-1.1145	-2.7735	0	103	1032	1
2026-02-11	16:37:36.550	-8.855	-0.63	-0.63	0.071736	-0.071492	0.895968	-0.5235	-1.1145	-2.7585	0	103	1032	1
2026-02-11	16:37:36.570	-8.505	-0.84	2.87	0.068076	-0.0915	0.876692	-0.5085	-1.1205	-2.7555	0	103	1032	1
2026-02-11	16:37:36.590	-7.07	1.715	10.57	0.055632	-0.089304	0.870348	-0.519	-1.116	-2.7555	0	103	1032	1
2026-02-11	16:37:36.610	-6.86	5.6	15.645	0.068564	-0.086132	0.882304	-0.5175	-1.11	-2.7585	0	105	1024	1
2026-02-11	16:37:36.630	-6.37	9.765	19.705	0.041968	-0.062464	0.854244	-0.5145	-1.1085	-2.7615	0	105	1024	1
2026-02-11	16:37:36.650	-3.115	12.355	21.28	-0.013908	-0.027572	0.812032	-0.51	-1.1115	-2.7585	0	105	1024	1
2026-02-11	16:37:36.670	1.96	13.72	20.58	-0.029524	-0.018056	0.816668	-0.504	-1.1085	-2.7555	0	105	1024	1
2026-02-11	16:37:36.690	6.125	15.015	19.95	0.001708	-0.016592	0.85156	-0.5025	-1.1055	-2.7555	0	105	1024	1
2026-02-11	16:37:36.710	8.33	15.925	20.44	0.05246	-0.017812	0.89426	-0.5025	-1.101	-2.754	0	105	1024	1
2026-02-11	16:37:36.730	9.31	15.68	21.77	0.060024	-0.012932	0.890356	-0.498	-1.1025	-2.751	0	105	1024	1
2026-02-11	16:37:36.750	11.165	14.175	22.19	0.038064	-0.000732	0.878888	-0.4905	-1.107	-2.754	0	105	1024	1
2026-02-11	16:37:36.770	13.93	12.635	21.56	0.04758	-0.00732	0.906948	-0.483	-1.11	-2.7555	0	105	1024	1
2026-02-11	16:37:36.790	15.435	12.53	21.84	0.027084	0.008052	0.886696	-0.483	-1.113	-2.7555	0	105	1024	1
2026-02-11	16:37:36.810	17.22	12.355	22.96	-0.001952	0.018544	0.883036	-0.4815	-1.1145	-2.7555	0	106	1003	1
2026-02-11	16:37:36.830	17.85	11.69	24.92	0.011468	-0.000732	0.987224	-0.477	-1.1145	-2.7555	0	106	1003	1
2026-02-11	16:37:36.850	13.125	15.155	29.33	0.020984	-0.030744	1.107516	-0.4725	-1.1145	-2.763	0	106	1003	1
2026-02-11	16:37:36.870	8.19	22.645	32.2	-0.040504	-0.014396	1.063352	-0.4665	-1.116	-2.7645	0	106	1003	1
2026-02-11	16:37:36.890	10.465	26.11	29.96	-0.087352	-0.000976	1.010892	-0.4605	-1.119	-2.76	0	106	1003	1
2026-02-11	16:37:36.910	14.525	25.27	27.51	-0.068564	-0.021716	1.08946	-0.4575	-1.119	-2.7615	0	106	1003	1
2026-02-11	16:37:36.930	13.23	22.19	28.77	-0.03294	-0.056364	1.204384	-0.4545	-1.116	-2.766	0	106	1003	1
2026-02-11	16:37:36.950	6.16	17.01	31.675	0.007076	-0.07564	1.314428	-0.447	-1.1175	-2.7645	0	106	1003	1
2026-02-11	16:37:36.970	-2.975	10.185	31.395	0.043188	-0.1159	1.362496	-0.447	-1.119	-2.763	0	106	1003	1
2026-02-11	16:37:36.990	-9.135	6.475	25.585	-0.00366	-0.135176	1.272704	-0.441	-1.1205	-2.7645	0	106	1003	1
2026-02-11	16:37:37.010	-8.82	6.265	17.605	-0.082228	-0.138836	1.154852	-0.4335	-1.119	-2.7645	0	107	996	1
2026-02-11	16:37:37.030	-6.965	0.945	12.74	-0.100284	-0.154208	1.095316	-0.4335	-1.1205	-2.76	0	107	996	1
2026-02-11	16:37:37.050	-8.085	-12.285	10.64	-0.105164	-0.146156	1.061156	-0.438	-1.1205	-2.7585	0	107	996	1
2026-02-11	16:37:37.070	-9.205	-24.15	8.12	-0.09028	-0.121268	1.058716	-0.4395	-1.116	-2.7555	0	107	996	1
2026-02-11	16:37:37.090	-9.065	-27.965	5.11	-0.082716	-0.100528	1.061888	-0.4365	-1.1145	-2.7555	0	107	996	1
2026-02-11	16:37:37.110	-8.365	-28.98	3.15	-0.09076799	-0.068564	1.028704	-0.441	-1.1115	-2.7615	0	107	996	1
2026-02-11	16:37:37.130	-7.455	-30.24	1.61	-0.104188	-0.026108	0.944036	-0.447	-1.1115	-2.7645	0	107	996	1
2026-02-11	16:37:37.150	-5.53	-30.975	-0.28	-0.132248	-0.013664	0.827648	-0.447	-1.1115	-2.7645	0	107	996	1
2026-02-11	16:37:37.170	-1.015	-33.425	-3.115	-0.129564	-0.001708	0.781776	-0.462	-1.113	-2.76	0	107	996	1
2026-02-11	16:37:37.190	3.045	-35.49	-5.075	-0.062708	-0.005856	0.77104	-0.4605	-1.1055	-2.7525	0	107	996	1
2026-02-11	16:37:37.210	5.635	-34.09	-5.075	-0.011712	-0.023912	0.777872	-0.468	-1.1085	-2.7405	0	110	1007	1
2026-02-11	16:37:37.230	7	-30.625	-3.57	0.020008	-0.044896	0.814716	-0.4815	-1.11	-2.742	0	110	1007	1
2026-02-11	16:37:37.250	6.16	-25.725	-1.12	0.054168	-0.077348	0.839848	-0.483	-1.11	-2.742	0	110	1007	1
2026-02-11	16:37:37.270	3.71	-20.335	1.575	0.021228	-0.098088	0.825696	-0.4815	-1.11	-2.7405	0	110	1007	1
2026-02-11	16:37:37.290	1.855	-15.505	3.535	-0.056364	-0.099552	0.779824	-0.492	-1.1085	-2.739	0	110	1007	1
2026-02-11	16:37:37.310	2.17	-11.025	3.57	-0.084424	-0.097356	0.783484	-0.4785	-1.107	-2.7375	0	110	1007	1
2026-02-11	16:37:37.330	3.15	-5.88	2.485	-0.047092	-0.102968	0.848144	-0.48	-1.1055	-2.7435	0	110	1007	1
2026-02-11	16:37:37.350	2.275	1.505	2.765	-0.032452	-0.097844	0.889136	-0.492	-1.1085	-2.733	0	110	1007	1
2026-02-11	16:37:37.370	0	8.05	5.355	-0.051972	-0.095404	0.86376	-0.4935	-1.1115	-2.745	0	110	1007	1
2026-02-11	16:37:37.390	0.28	9.66	7.315	-0.06734399	-0.075884	0.896944	-0.492	-1.1085	-2.748	0	110	1007	1
2026-02-11	16:37:37.410	1.925	7.945	6.72	-0.01952	-0.089548	1.010404	-0.4905	-1.107	-2.751	0	115	1001	1
2026-02-11	16:37:37.430	0.385	7.735	7.105	0.011956	-0.095404	1.056032	-0.477	-1.0995	-2.739	0	115	1001	1
2026-02-11	16:37:37.450	-2.205	6.755	8.645	-0.0183	-0.083936	1.037244	-0.4755	-1.1085	-2.742	0	115	1001	1
2026-02-11	16:37:37.470	-2.975	4.025	8.995	-0.015616	-0.083692	1.055544	-0.483	-1.107	-2.7435	0	115	1001	1
2026-02-11	16:37:37.490	-2.135	0.105	7.63	0.023424	-0.097356	1.067012	-0.468	-1.101	-2.739	0	115	1001	1
2026-02-11	16:37:37.510	1.575	-0.91	5.355	0.048312	-0.09076799	1.068964	-0.477	-1.104	-2.7375	0	115	1001	1
2026-02-11	16:37:37.530	8.05	3.605	3.255	0.018788	-0.07124799	1.048468	-0.468	-1.1025	-2.736	0	115	1001	1
2026-02-11	16:37:37.550	14.7	8.47	1.19	0.019276	-0.051484	1.090192	-0.468	-1.107	-2.733	0	115	1001	1
2026-02-11	16:37:37.570	16.975	8.575	-0.07	0.097112	-0.057096	1.201944	-0.471	-1.107	-2.7375	0	115	1001	1
2026-02-11	16:37:37.590	12.285	6.79	1.75	0.188368	-0.066368	1.337364	-0.471	-1.1085	-2.7375	0	115	1001	1
2026-02-11	16:37:37.610	2.065	6.65	7.105	0.235948	-0.07905599	1.376648	-0.4605	-1.1115	-2.739	0	120	999	1
2026-02-11	16:37:37.630	-7.91	6.79	11.935	0.210328	-0.08295999	1.305644	-0.471	-1.107	-2.733	0	120	999	1
2026-02-11	16:37:37.650	-12.495	8.505	12.985	0.15982	-0.0915	1.205604	-0.462	-1.1055	-2.739	0	120	999	1
2026-02-11	16:37:37.670	-12.39	11.305	12.775	0.103944	-0.079788	1.169492	-0.4515	-1.098	-2.7375	0	120	999	1
2026-02-11	16:37:37.690	-14.91	7.455	13.65	0.116388	-0.096136	1.171932	-0.4485	-1.095	-2.736	0	120	999	1
2026-02-11	16:37:37.710	-17.675	-0.14	12.005	0.140788	-0.111264	1.168272	-0.45	-1.092	-2.7345	0	120	999	1
2026-02-11	16:37:37.730	-18.13	-4.9	8.33	0.194712	-0.118096	1.176568	-0.4575	-1.095	-2.7345	0	120	999	1
2026-02-11	16:37:37.750	-16.94	-5.11	6.65	0.17202	-0.108336	1.09556	-0.4545	-1.095	-2.73	0	120	999	1
2026-02-11	16:37:37.770	-14	-4.235	7.315	0.080032	-0.08662	0.969168	-0.453	-1.092	-2.727	0	120	999	1
2026-02-11	16:37:37.790	-9.52	-5.635	8.19	-0.005124	-0.0671	0.870592	-0.4575	-1.0875	-2.727	0	120	999	1
2026-02-11	16:37:37.810	-4.795	-8.47	8.015	-0.02196	-0.054168	0.83692	-0.4575	-1.083	-2.727	0	126	1020	1
2026-02-11	16:37:37.830	-1.19	-9.415	8.085	0.00366	-0.057096	0.863028	-0.456	-1.083	-2.7285	0	126	1020	1
2026-02-11	16:37:37.850	0	-7.28	10.465	0.057828	-0.062952	0.913048	-0.4575	-1.08	-2.721	0	126	1020	1
2026-02-11	16:37:37.870	-0.91	-2.66	14.35	0.064416	-0.062952	0.891332	-0.4605	-1.074	-2.7225	0	126	1020	1
2026-02-11	16:37:37.890	-0.175	3.08	16.66	0.017568	-0.051972	0.80276	-0.4605	-1.0815	-2.73	0	126	1020	1
2026-02-11	16:37:37.910	3.5	8.4	16.17	-0.003904	-0.044408	0.742736	-0.4605	-1.089	-2.7315	0	126	1020	1
2026-02-11	16:37:37.930	7.735	11.795	14.735	0.014152	-0.046116	0.750544	-0.462	-1.08	-2.733	0	126	1020	1
2026-02-11	16:37:37.950	7.91	12.425	15.155	0.053436	-0.054656	0.795196	-0.462	-1.08	-2.733	0	126	1020	1
2026-02-11	16:37:37.970	5.6	11.76	16.205	0.073688	-0.04636	0.819352	-0.453	-1.083	-2.73	0	126	1020	1
2026-02-11	16:37:37.990	3.745	11.13	16.485	0.102724	-0.038064	0.878888	-0.4455	-1.083	-2.727	0	126	1020	1
2026-02-11	16:37:38.010	1.05	11.725	18.235	0.109556	-0.041968	0.963068	-0.4485	-1.083	-2.7315	0	132	1025	1
2026-02-11	16:37:38.030	-3.815	12.74	23.1	0.085156	-0.049288	1.016748	-0.444	-1.083	-2.733	0	132	1025	1
2026-02-11	16:37:38.050	-8.96	12.04	28.28	0.034892	-0.048068	0.996984	-0.438	-1.0755	-2.7285	0	132	1025	1
2026-02-11	16:37:38.070	-10.36	8.575	30.485	0.015128	-0.042456	0.973804	-0.435	-1.074	-2.727	0	132	1025	1
2026-02-11	16:37:38.090	-7.49	2.975	30.765	0.06466	-0.063928	1.009184	-0.432	-1.077	-2.7285	0	132	1025	1
2026-02-11	16:37:38.110	-2.66	0.385	32.13	0.064904	-0.066368	1.030656	-0.429	-1.0755	-2.7225	0	132	1025	1
2026-02-11	16:37:38.130	4.515	3.01	33.495	0.028792	-0.049288	1.038708	-0.429	-1.077	-2.721	0	132	1025	1
2026-02-11	16:37:38.150	10.99	6.195	34.265	0.011224	-0.038796	1.120448	-0.429	-1.0785	-2.727	0	132	1025	1
2026-02-11	16:37:38.170	10.43	2.835	35.84	0.028304	-0.054656	1.246352	-0.4215	-1.074	-2.7225	0	132	1025	1
2026-02-11	16:37:38.190	2.835	-6.055	36.295	0.02196	-0.081496	1.321016	-0.417	-1.0725	-2.721	0	132	1025	1
2026-02-11	16:37:38.210	-4.795	-10.5	31.045	0.01708	-0.111508	1.301496	-0.4155	-1.0755	-2.7255	0	137	1022	1
2026-02-11	16:37:38.230	-4.305	-7.91	25.445	-0.02318	-0.130784	1.290028	-0.4155	-1.0755	-2.7255	0	137	1022	1
2026-02-11	16:37:38.250	-5.915	-9.52	20.58	-0.064416	-0.154208	1.269776	-0.4155	-1.068	-2.7315	0	137	1022	1
2026-02-11	16:37:38.270	-9.695	-16.695	15.47	-0.11712	-0.157868	1.203164	-0.4185	-1.0725	-2.7255	0	137	1022	1
2026-02-11	16:37:38.290	-11.235	-21.14	9.31	-0.11102	-0.145424	1.162904	-0.4245	-1.0665	-2.724	0	137	1022	1
2026-02-11	16:37:38.310	-10.885	-20.37	5.005	-0.057828	-0.117364	1.129476	-0.4245	-1.0665	-2.718	0	137	1022	1
2026-02-11	16:37:38.330	-9.835	-17.43	3.955	-0.017568	-0.07686	1.101172	-0.4125	-1.056	-2.7165	0	137	1022	1
2026-02-11	16:37:38.350	-8.995	-13.615	4.235	0.003416	-0.05734	1.070428	-0.432	-1.065	-2.724	0	137	1022	1
2026-02-11	16:37:38.370	-8.645	-9.59	4.13	-0.0183	-0.050752	0.976732	-0.426	-1.0635	-2.7165	0	137	1022	1
2026-02-11	16:37:38.390	-7	-6.475	2.8	-0.04514	-0.037576	0.855464	-0.4185	-1.065	-2.715	0	137	1022	1
2026-02-11	16:37:38.410	-3.255	-4.83	0.315	-0.038552	-0.028304	0.772016	-0.4275	-1.0545	-2.7135	0	142	1035	1
2026-02-11	16:37:38.430	1.015	-3.29	-1.75	-0.00244	-0.028792	0.756888	-0.426	-1.0545	-2.712	0	142	1035	1
2026-02-11	16:37:38.450	3.535	-0.56	-1.61	0.014884	-0.02928	0.775676	-0.4275	-1.059	-2.7165	0	142	1035	1
2026-02-11	16:37:38.470	3.815	2.31	0.595	-0.002928	-0.022204	0.782752	-0.432	-1.0575	-2.724	0	142	1035	1
2026-02-11	16:37:38.490	4.585	4.235	0.42	-0.06344	-0.031476	0.787144	-0.4335	-1.053	-2.7255	0	142	1035	1
2026-02-11	16:37:38.510	6.825	7.175	-2.555	-0.11346	-0.035136	0.776652	-0.4305	-1.0575	-2.7195	0	142	1035	1
2026-02-11	16:37:38.530	9.695	10.99	-6.23	-0.15128	-0.030256	0.753228	-0.429	-1.0635	-2.7195	0	142	1035	1
2026-02-11	16:37:38.550	12.53	14.105	-9.695	-0.134444	-0.016836	0.755424	-0.426	-1.0605	-2.7225	0	142	1035	1
2026-02-11	16:37:38.570	13.965	17.185	-11.83	-0.084912	-0.009516	0.787632	-0.4305	-1.0635	-2.7195	0	142	1035	1
2026-02-11	16:37:38.590	13.125	20.58	-11.375	-0.042456	-0.00366	0.83204	-0.426	-1.0575	-2.724	0	142	1035	1
2026-02-11	16:37:38.610	10.92	22.12	-9.345	-0.042456	0.000244	0.858636	-0.429	-1.065	-2.721	0	146	1028	1
2026-02-11	16:37:38.630	8.75	20.65	-7.945	-0.053924	-0.006588	0.8906	-0.417	-1.056	-2.7165	0	146	1028	1
2026-02-11	16:37:38.650	7.07	15.68	-8.225	-0.016104	-0.029768	0.971852	-0.423	-1.0695	-2.721	0	146	1028	1
2026-02-11	16:37:38.670	4.34	10.78	-8.645	0.035624	-0.058072	1.042612	-0.417	-1.065	-2.7255	0	146	1028	1
2026-02-11	16:37:38.690	1.365	9.485	-8.19	-0.008784	-0.070516	1.043344	-0.414	-1.0665	-2.721	0	146	1028	1
2026-02-11	16:37:38.710	0.945	8.82	-8.4	-0.066612	-0.07686	1.009672	-0.414	-1.0725	-2.7315	0	146	1028	1
2026-02-11	16:37:38.730	2.975	5.88	-10.395	-0.088816	-0.079544	0.98942	-0.414	-1.071	-2.727	0	146	1028	1
2026-02-11	16:37:38.750	9.275	1.435	-12.67	-0.030012	-0.06344	1.06262	-0.408	-1.0755	-2.7285	0	146	1028	1
2026-02-11	16:37:38.770	12.18	0.91	-11.34	0.008052	-0.076128	1.175836	-0.4095	-1.068	-2.724	0	146	1028	1
2026-02-11	16:37:38.790	9.94	-1.225	-7.7	0.054656	-0.097844	1.282464	-0.414	-1.068	-2.727	0	146	1028	1
2026-02-11	16:37:38.810	2.625	-5.355	-3.325	0.102724	-0.131272	1.324676	-0.4185	-1.077	-2.7285	0	150	1013	1
2026-02-11	16:37:38.830	-3.99	-8.505	-0.875	0.088572	-0.13908	1.264408	-0.4185	-1.077	-2.7255	0	150	1013	1
2026-02-11	16:37:38.850	-4.725	-10.255	-1.575	0.058072	-0.150792	1.160952	-0.42	-1.071	-2.724	0	150	1013	1
2026-02-11	16:37:38.870	-0.665	-11.095	-3.99	0.027572	-0.117852	1.093364	-0.423	-1.0695	-2.724	0	150	1013	1
2026-02-11	16:37:38.890	4.095	-11.095	-5.88	0.027572	-0.073688	1.09556	-0.423	-1.0695	-2.7255	0	150	1013	1
2026-02-11	16:37:38.910	5.39	-11.515	-5.775	0.06954	-0.046116	1.18828	-0.423	-1.0725	-2.724	0	150	1013	1
2026-02-11	16:37:38.930	0	-13.79	-3.185	0.118096	-0.046848	1.278804	-0.423	-1.077	-2.7225	0	150	1013	1
2026-02-11	16:37:38.950	-9.31	-15.96	-0.735	0.1098	-0.06588	1.28222	-0.426	-1.074	-2.7285	0	150	1013	1
2026-02-11	16:37:38.970	-16.345	-14.91	-1.12	0.07076	-0.089548	1.201456	-0.4245	-1.0665	-2.7165	0	150	1013	1
2026-02-11	16:37:38.990	-18.9	-10.325	-3.57	0.012688	-0.093452	1.076284	-0.4335	-1.0695	-2.7255	0	150	1013	1
2026-02-11	16:37:39.010	-17.045	-4.55	-7.14	-0.042944	-0.091256	0.915732	-0.4305	-1.059	-2.7315	0	154	1023	1
2026-02-11	16:37:39.030	-12.53	0.035	-10.465	-0.047092	-0.071004	0.8113	-0.4305	-1.059	-2.7315	0	154	1023	1
2026-02-11	16:37:39.050	-7.91	4.935	-11.76	0.024644	-0.072468	0.82472	-0.429	-1.0575	-2.7225	0	154	1023	1
2026-02-11	16:37:39.070	-5.04	12.6	-10.535	0.094428	-0.082472	0.863272	-0.426	-1.0575	-2.7135	0	154	1023	1
2026-02-11	16:37:39.090	-4.9	20.965	-6.79	0.086376	-0.080276	0.826916	-0.429	-1.0605	-2.7165	0	154	1023	1
2026-02-11	16:37:39.110	-4.9	26.6	-2.24	0.064172	-0.074176	0.765184	-0.432	-1.0575	-2.7195	0	154	1023	1
2026-02-11	16:37:39.130	-3.045	28.735	1.505	0.04026	-0.082716	0.730048	-0.4275	-1.056	-2.7225	0	154	1023	1
2026-02-11	16:37:39.150	0.98	28.735	3.885	0.020252	-0.070028	0.7564	-0.4245	-1.056	-2.721	0	154	1023	1
2026-02-11	16:37:39.170	4.025	27.825	6.685	0.068564	-0.070028	0.85766	-0.42	-1.053	-2.7165	0	154	1023	1
2026-02-11	16:37:39.190	2.555	24.745	12.005	0.128344	-0.075884	0.945988	-0.4125	-1.0545	-2.715	0	154	1023	1
2026-02-11	16:37:39.210	-0.595	20.125	17.64	0.077836	-0.064904	0.920368	-0.4095	-1.0515	-2.7195	0	157	1028	1
2026-02-11	16:37:39.230	1.085	15.75	20.475	-0.005856	-0.05124	0.881816	-0.408	-1.05	-2.727	0	157	1028	1
2026-02-11	16:37:39.250	6.405	10.815	21.42	-0.033184	-0.048556	0.928908	-0.4005	-1.056	-2.724	0	157	1028	1
2026-02-11	16:37:39.270	10.815	6.335	22.61	-0.021228	-0.051728	0.981368	-0.396	-1.0575	-2.7165	0	157	1028	1
2026-02-11	16:37:39.290	16.695	3.815	24.01	-0.05978	-0.022936	0.975756	-0.3975	-1.0575	-2.715	0	157	1028	1
2026-02-11	16:37:39.310	21.07	3.955	24.85	-0.091012	-0.003416	1.017968	-0.3975	-1.0575	-2.715	0	157	1028	1
2026-02-11	16:37:39.330	22.05	0.63	26.18	-0.108092	0.010248	1.119472	-0.3885	-1.062	-2.7285	0	157	1028	1
2026-02-11	16:37:39.350	17.185	-8.085	26.6	-0.091988	-0.009516	1.262456	-0.393	-1.0635	-2.727	0	157	1028	1
2026-02-11	16:37:39.370	7.945	-15.855	24.85	-0.066124	-0.046116	1.360544	-0.3855	-1.0695	-2.7285	0	157	1028	1
2026-02-11	16:37:39.390	-0.14	-17.885	21.21	-0.050264	-0.094428	1.339316	-0.39	-1.0755	-2.73	0	157	1028	1
2026-02-11	16:37:39.410	-2.065	-14.35	15.295	-0.089304	-0.1037	1.196332	-0.39	-1.065	-2.73	0	159	1025	1
2026-02-11	16:37:39.430	2.275	-11.445	8.05	-0.14762	-0.102236	1.121912	-0.3915	-1.068	-2.7315	0	159	1025	1
2026-02-11	16:37:39.450	4.025	-15.96	2.8	-0.117608	-0.124196	1.188036	-0.396	-1.0695	-2.7315	0	159	1025	1
2026-02-11	16:37:39.470	-2.695	-25.62	0.875	-0.061488	-0.120536	1.208532	-0.3975	-1.0635	-2.7285	0	159	1025	1
2026-02-11	16:37:39.490	-9.275	-30.45	-0.56	-0.057828	-0.092476	1.1529	-0.399	-1.062	-2.727	0	159	1025	1
2026-02-11	16:37:39.510	-10.885	-28.385	-2.94	-0.038308	-0.075884	1.078236	-0.405	-1.0635	-2.7285	0	159	1025	1
2026-02-11	16:37:39.530	-10.01	-24.115	-4.725	-0.046604	-0.065636	1.019432	-0.408	-1.0635	-2.733	0	159	1025	1
2026-02-11	16:37:39.550	-7.665	-17.395	-5.775	-0.071736	-0.044408	0.905484	-0.411	-1.065	-2.7315	0	159	1025	1
2026-02-11	16:37:39.570	-4.725	-11.445	-6.895	-0.0976	-0.018544	0.765672	-0.417	-1.0635	-2.727	0	159	1025	1
2026-02-11	16:37:39.590	-2.17	-9.52	-7.665	-0.081008	-0.00854	0.713212	-0.4185	-1.0575	-2.724	0	159	1025	1
2026-02-11	16:37:39.610	-0.735	-7.63	-7.665	-0.04026	-0.007076	0.71614	-0.4185	-1.0515	-2.736	0	162	1032	1
2026-02-11	16:37:39.630	-0.595	-3.71	-6.86	-0.021228	-0.003416	0.751764	-0.4245	-1.056	-2.7255	0	162	1032	1
2026-02-11	16:37:39.650	-1.4	1.925	-5.635	-0.015616	0.001708	0.78202	-0.426	-1.053	-2.7255	0	162	1032	1
2026-02-11	16:37:39.670	-3.325	7.49	-4.69	-0.057828	0.010492	0.776164	-0.4155	-1.0575	-2.733	0	162	1032	1
2026-02-11	16:37:39.690	-4.62	11.375	-5.495	-0.099064	0.013664	0.777628	-0.429	-1.0545	-2.7285	0	162	1032	1
2026-02-11	16:37:39.710	-4.865	13.44	-8.05	-0.130296	0.010248	0.81008	-0.432	-1.0635	-2.7345	0	162	1032	1
2026-02-11	16:37:39.730	-4.69	13.51	-11.2	-0.14152	0.016836	0.847656	-0.4215	-1.0605	-2.7255	0	162	1032	1
2026-02-11	16:37:39.750	-3.92	10.85	-13.51	-0.127368	0.006832	0.919392	-0.4185	-1.0545	-2.733	0	162	1032	1
2026-02-11	16:37:39.770	-4.2	6.405	-14.385	-0.067588	-0.020984	1.029192	-0.417	-1.0455	-2.736	0	162	1032	1
2026-02-11	16:37:39.790	-5.635	3.465	-15.05	-0.0366	-0.059536	1.082628	-0.423	-1.0635	-2.7315	0	162	1032	1
2026-02-11	16:37:39.810	-4.13	3.22	-16.31	-0.046848	-0.073932	1.079212	-0.4245	-1.053	-2.7345	0	165	1022	1
2026-02-11	16:37:39.830	2.205	5.53	-17.395	-0.099064	-0.090524	1.04188	-0.4185	-1.0545	-2.727	0	165	1022	1
2026-02-11	16:37:39.850	8.82	6.23	-18.095	-0.069052	-0.1037	1.025532	-0.42	-1.053	-2.7315	0	165	1022	1
2026-02-11	16:37:39.870	12.495	6.405	-17.465	-0.013908	-0.110532	1.083116	-0.423	-1.053	-2.736	0	165	1022	1
2026-02-11	16:37:39.890	13.615	9.1	-14.84	0.044164	-0.101504	1.164124	-0.4245	-1.056	-2.736	0	165	1022	1
2026-02-11	16:37:39.910	11.27	11.41	-10.36	0.099064	-0.113948	1.269044	-0.4185	-1.0575	-2.7345	0	165	1022	1
2026-02-11	16:37:39.930	3.99	10.535	-5.53	0.129564	-0.127612	1.29442	-0.4155	-1.056	-2.7315	0	165	1022	1
2026-02-11	16:37:39.950	-3.045	7.63	-3.43	0.093452	-0.139568	1.220244	-0.42	-1.056	-2.7315	0	165	1022	1
2026-02-11	16:37:39.970	-4.025	7.56	-4.655	0.065148	-0.131272	1.135332	-0.4155	-1.065	-2.739	0	165	1022	1
2026-02-11	16:37:39.990	-1.435	9.275	-7.035	0.04392	-0.116632	1.108736	-0.414	-1.0605	-2.7435	0	165	1022	1
2026-02-11	16:37:40.010	-2.415	4.9	-7.315	0.068076	-0.105652	1.176568	-0.414	-1.0605	-2.7435	0	167	1021	1
2026-02-11	16:37:40.030	-7.63	-1.12	-5.88	0.096624	-0.093696	1.195112	-0.423	-1.053	-2.7375	0	167	1021	1
2026-02-11	16:37:40.050	-14.28	-8.26	-4.97	0.112484	-0.083204	1.160952	-0.4215	-1.0605	-2.7345	0	167	1021	1
2026-02-11	16:37:40.070	-16.31	-10.64	-6.09	0.107604	-0.09272	1.11752	-0.4215	-1.0575	-2.7345	0	167	1021	1
2026-02-11	16:37:40.090	-14.595	-9.52	-7.35	0.072224	-0.10614	1.07116	-0.4185	-1.0485	-2.7435	0	167	1021	1
2026-02-11	16:37:40.110	-12.6	-8.75	-7.49	-0.0183	-0.092476	0.97478	-0.4185	-1.0485	-2.7435	0	167	1021	1
2026-02-11	16:37:40.130	-12.6	-11.865	-7.21	-0.035624	-0.083448	0.94062	-0.4245	-1.047	-2.7375	0	167	1021	1
2026-02-11	16:37:40.150	-12.88	-13.125	-6.755	-0.01952	-0.085156	0.923784	-0.4275	-1.044	-2.7285	0	167	1021	1
2026-02-11	16:37:40.170	-12.845	-9.24	-5.215	-0.003172	-0.081496	0.91378	-0.4245	-1.041	-2.724	0	167	1021	1
2026-02-11	16:37:40.190	-12.285	-3.115	-2.17	0.005368	-0.073688	0.881572	-0.423	-1.044	-2.727	0	167	1021	1
2026-02-11	16:37:40.210	-11.48	1.26	1.715	0.025376	-0.075396	0.8601	-0.423	-1.047	-2.73	0	168	1033	1
2026-02-11	16:37:40.230	-10.955	4.06	5.215	0.053192	-0.074664	0.838872	-0.426	-1.0455	-2.7345	0	168	1033	1
2026-02-11	16:37:40.250	-9.24	6.72	7.49	0.051972	-0.073932	0.826916	-0.426	-1.0365	-2.7285	0	168	1033	1
2026-02-11	16:37:40.270	-6.265	10.5	8.505	0.044408	-0.073932	0.825208	-0.4245	-1.032	-2.721	0	168	1033	1
2026-02-11	16:37:40.290	-3.71	14.245	9.275	0.023424	-0.07198	0.81374	-0.429	-1.0365	-2.7255	0	168	1033	1
2026-02-11	16:37:40.310	-2.135	14.315	11.515	0.015372	-0.044408	0.815936	-0.4305	-1.038	-2.727	0	168	1033	1
2026-02-11	16:37:40.330	-1.75	11.48	14.77	0.032452	-0.023668	0.870348	-0.4215	-1.035	-2.7255	0	168	1033	1
2026-02-11	16:37:40.350	-0.665	8.82	17.57	0.025864	-0.023912	0.92232	-0.4155	-1.032	-2.73	0	168	1033	1
2026-02-11	16:37:40.370	1.54	6.79	20.055	0.039284	-0.0183	1.007964	-0.4155	-1.0305	-2.733	0	168	1033	1
2026-02-11	16:37:40.390	2.065	3.36	22.47	0.013176	-0.040992	1.051152	-0.4155	-1.0305	-2.733	0	168	1033	1
2026-02-11	16:37:40.410	2.24	-0.49	23.835	-0.017324	-0.039528	1.026752	-0.4155	-1.0335	-2.733	0	168	1029	1
2026-02-11	16:37:40.430	5.565	-0.945	23.835	-0.049044	-0.050264	1.000156	-0.408	-1.035	-2.7285	0	168	1029	1
2026-02-11	16:37:40.450	10.08	-0.945	23.87	-0.067588	-0.054412	0.990396	-0.3975	-1.026	-2.73	0	168	1029	1
2026-02-11	16:37:40.470	12.495	-6.895	25.13	-0.027816	-0.07076	1.090436	-0.4095	-1.038	-2.7375	0	168	1029	1
2026-02-11	16:37:40.490	8.645	-17.08	27.475	0.077348	-0.10492	1.264896	-0.4035	-1.0335	-2.73	0	168	1029	1
2026-02-11	16:37:40.510	0.21	-23.065	28.875	0.11834	-0.123708	1.320284	-0.4005	-1.0305	-2.7285	0	168	1029	1
2026-02-11	16:37:40.530	-3.605	-18.55	26.005	0.035136	-0.1525	1.209996	-0.408	-1.035	-2.736	0	168	1029	1
2026-02-11	16:37:40.550	0	-9.8	18.935	-0.107604	-0.159088	1.074332	-0.4095	-1.035	-2.739	0	168	1029	1
2026-02-11	16:37:40.570	4.445	-7.07	10.85	-0.20252	-0.166652	1.06994	-0.4095	-1.0335	-2.7345	0	168	1029	1
2026-02-11	16:37:40.590	3.115	-17.675	4.27	-0.162504	-0.183244	1.198528	-0.411	-1.0335	-2.73	0	168	1029	1
2026-02-11	16:37:40.610	-4.9	-28.245	0.28	-0.030744	-0.18788	1.306864	-0.411	-1.0365	-2.73	0	167	1030	1
2026-02-11	16:37:40.630	-13.055	-31.115	0.07	0.033428	-0.160308	1.310036	-0.4155	-1.032	-2.733	0	167	1030	1
2026-02-11	16:37:40.650	-13.93	-24.675	2.345	0.002928	-0.092476	1.177788	-0.4215	-1.026	-2.7375	0	167	1030	1
2026-02-11	16:37:40.670	-8.33	-19.635	2.415	-0.032696	-0.052948	1.045052	-0.417	-1.0245	-2.7345	0	167	1030	1
2026-02-11	16:37:40.690	-0.98	-17.255	0.875	-0.059536	-0.036112	0.914024	-0.429	-1.029	-2.7285	0	167	1030	1
2026-02-11	16:37:40.710	6.405	-16.135	-1.925	-0.07905599	-0.025376	0.804468	-0.423	-1.035	-2.727	0	167	1030	1
2026-02-11	16:37:40.730	13.195	-14.105	-5.25	-0.058316	-0.019032	0.757132	-0.4365	-1.0185	-2.733	0	167	1030	1
2026-02-11	16:37:40.750	18.375	-8.19	-7.665	0	-0.016592	0.789096	-0.438	-1.0275	-2.733	0	167	1030	1
2026-02-11	16:37:40.770	20.265	1.47	-8.015	0.039528	-0.021716	0.855464	-0.4365	-1.035	-2.7315	0	167	1030	1
2026-02-11	16:37:40.790	17.815	11.585	-6.65	0.022936	-0.026352	0.885476	-0.4335	-1.0365	-2.736	0	167	1030	1
2026-02-11	16:37:40.810	12.32	19.81	-5.46	-0.05124	-0.013664	0.809592	-0.441	-1.0395	-2.742	0	167	1036	1
2026-02-11	16:37:40.830	8.19	24.5	-7.175	-0.11102	-0.005368	0.712724	-0.4395	-1.041	-2.7345	0	167	1036	1
2026-02-11	16:37:40.850	7.735	25.55	-11.55	-0.114924	-0.00122	0.678076	-0.4365	-1.038	-2.7375	0	167	1036	1
2026-02-11	16:37:40.870	8.855	27.195	-16.24	-0.10736	0	0.688812	-0.438	-1.05	-2.7435	0	167	1036	1
2026-02-11	16:37:40.890	8.82	28.665	-19.67	-0.099796	-0.004148	0.721508	-0.4275	-1.053	-2.742	0	167	1036	1
2026-02-11	16:37:40.910	6.195	24.71	-21.595	-0.0549	-0.02074	0.821548	-0.4275	-1.0455	-2.7375	0	167	1036	1
2026-02-11	16:37:40.930	1.365	18.375	-22.085	-0.016104	-0.050264	0.948916	-0.4245	-1.0515	-2.7435	0	167	1036	1
2026-02-11	16:37:40.950	-2.695	15.96	-22.05	-0.018544	-0.065148	1.004792	-0.423	-1.056	-2.751	0	167	1036	1
2026-02-11	16:37:40.970	-6.16	14.77	-21.14	-0.02318	-0.08906	1.015772	-0.426	-1.053	-2.751	0	167	1036	1
2026-02-11	16:37:40.990	-8.19	11.76	-19.425	-0.055632	-0.108336	0.976488	-0.4245	-1.0545	-2.751	0	167	1036	1
2026-02-11	16:37:41.010	-4.865	6.44	-19.495	-0.083448	-0.108092	0.945988	-0.423	-1.0545	-2.751	0	168	1020	1
2026-02-11	16:37:41.030	3.99	3.115	-20.51	-0.046116	-0.101748	1.024312	-0.4185	-1.047	-2.7495	0	168	1020	1
2026-02-11	16:37:41.050	11.27	2.905	-18.76	-0.004392	-0.105164	1.151436	-0.42	-1.0395	-2.745	0	168	1020	1
2026-02-11	16:37:41.070	11.865	-2.205	-12.95	0.079788	-0.121756	1.341756	-0.42	-1.05	-2.754	0	168	1020	1
2026-02-11	16:37:41.090	4.025	-12.075	-5.355	0.179096	-0.167384	1.47376	-0.4215	-1.0425	-2.745	0	168	1020	1
2026-02-11	16:37:41.110	-4.76	-15.61	0.035	0.166164	-0.196908	1.411296	-0.42	-1.0575	-2.748	0	168	1020	1
2026-02-11	16:37:41.130	-5.845	-11.13	0.035	0.049776	-0.191784	1.184376	-0.4245	-1.047	-2.748	0	168	1020	1
2026-02-11	16:37:41.150	1.715	-6.79	-5.775	-0.050996	-0.15128	1.011136	-0.423	-1.047	-2.745	0	168	1020	1
2026-02-11	16:37:41.170	10.395	-5.145	-11.095	-0.006588	-0.110044	1.02846	-0.4305	-1.047	-2.7555	0	168	1020	1
2026-02-11	16:37:41.190	9.275	-8.61	-7.77	0.159088	-0.068808	1.28222	-0.4335	-1.0575	-2.751	0	168	1020	1
2026-02-11	16:37:41.210	-2.24	-11.83	-0.56	0.200324	-0.067832	1.3725	-0.4335	-1.056	-2.751	0	170	1020	1
2026-02-11	16:37:41.230	-13.79	-9.905	4.375	0.131516	-0.049288	1.316868	-0.432	-1.053	-2.7495	0	170	1020	1
2026-02-11	16:37:41.250	-18.025	-5.635	3.185	0.026596	-0.055876	1.1468	-0.4275	-1.0515	-2.7495	0	170	1020	1
2026-02-11	16:37:41.270	-14.63	-2.03	-2.52	-0.071004	-0.034892	0.965508	-0.4335	-1.0515	-2.751	0	170	1020	1
2026-02-11	16:37:41.290	-7.455	0.42	-9.135	-0.117852	-0.01464	0.837652	-0.4425	-1.05	-2.748	0	170	1020	1
2026-02-11	16:37:41.310	-1.085	0.91	-14.07	-0.084912	-0.00244	0.819108	-0.4395	-1.0515	-2.7465	0	170	1020	1
2026-02-11	16:37:41.330	0.84	1.68	-16.1	-0.017324	-0.010492	0.866688	-0.438	-1.05	-2.7465	0	170	1020	1
2026-02-11	16:37:41.350	-1.085	6.44	-15.435	0.038064	-0.0122	0.870836	-0.4395	-1.0485	-2.745	0	170	1020	1
2026-02-11	16:37:41.370	-3.78	14	-14.07	0.057096	0.003416	0.845948	-0.4395	-1.053	-2.745	0	170	1020	1
2026-02-11	16:37:41.390	-5.705	18.76	-12.145	0.0793	-0.005612	0.823012	-0.4395	-1.05	-2.7465	0	170	1020	1
2026-02-11	16:37:41.410	-7.455	19.915	-9.87	0.099552	-0.02074	0.814228	-0.435	-1.047	-2.7495	0	174	1032	1
2026-02-11	16:37:41.430	-8.505	20.3	-7.63	0.071736	-0.033672	0.787632	-0.435	-1.047	-2.7525	0	174	1032	1
2026-02-11	16:37:41.450	-7.385	17.465	-4.095	0.072224	-0.051728	0.820816	-0.429	-1.047	-2.7495	0	174	1032	1
2026-02-11	16:37:41.470	-7.14	12.25	2.1	0.101016	-0.068564	0.919636	-0.42	-1.05	-2.7465	0	174	1032	1
2026-02-11	16:37:41.490	-8.715	10.43	8.82	0.071004	-0.055632	0.946232	-0.4245	-1.047	-2.7465	0	174	1032	1
2026-02-11	16:37:41.510	-8.295	8.715	14.7	0.022936	-0.03904	0.973804	-0.4305	-1.0365	-2.7405	0	174	1032	1
2026-02-11	16:37:41.530	-6.86	4.76	19.355	0.009516	-0.040992	1.012844	-0.4185	-1.044	-2.757	0	174	1032	1
2026-02-11	16:37:41.550	-4.83	-0.63	22.575	-0.027816	-0.034892	1.028948	-0.42	-1.041	-2.7465	0	174	1032	1
2026-02-11	16:37:41.570	-0.07	-3.57	23.45	-0.060268	-0.017568	1.030412	-0.4185	-1.041	-2.745	0	174	1032	1
2026-02-11	16:37:41.590	7.105	-2.765	22.82	-0.082228	-0.0061	1.05164	-0.4185	-1.041	-2.7435	0	174	1032	1
2026-02-11	16:37:41.610	12.775	-2.135	22.575	-0.08295999	-0.000976	1.092632	-0.4215	-1.0455	-2.748	0	177	1030	1
2026-02-11	16:37:41.630	14.245	-4.095	22.82	-0.066368	0.000488	1.159	-0.417	-1.0455	-2.7525	0	177	1030	1
2026-02-11	16:37:41.650	11.27	-6.895	22.855	-0.030012	-0.005124	1.23342	-0.4125	-1.0425	-2.7495	0	177	1030	1
2026-02-11	16:37:41.670	5.81	-8.435	21.385	0.000488	-0.031964	1.26392	-0.4125	-1.0455	-2.745	0	177	1030	1
2026-02-11	16:37:41.690	1.505	-7.805	16.555	-0.02684	-0.078568	1.22366	-0.411	-1.0455	-2.748	0	177	1030	1
2026-02-11	16:37:41.710	0.945	-4.48	9.695	-0.040992	-0.099064	1.145092	-0.4095	-1.038	-2.751	0	177	1030	1
2026-02-11	16:37:41.730	2.625	-3.99	1.645	-0.024156	-0.116632	1.176812	-0.4125	-1.032	-2.751	0	177	1030	1
2026-02-11	16:37:41.750	-2.555	-10.01	-0.245	-0.012932	-0.134444	1.245132	-0.4125	-1.032	-2.751	0	177	1030	1
2026-02-11	16:37:41.770	-11.13	-14.245	-1.855	-0.055388	-0.14518	1.220488	-0.411	-1.041	-2.751	0	177	1030	1
2026-02-11	16:37:41.790	-16.485	-14.175	-5.635	-0.1037	-0.148108	1.156316	-0.423	-1.035	-2.7525	0	177	1030	1
2026-02-11	16:37:41.810	-17.22	-12.39	-9.905	-0.119804	-0.141764	1.047004	-0.417	-1.0395	-2.754	0	178	1038	1
2026-02-11	16:37:41.830	-15.155	-10.99	-12.705	-0.09028	-0.108824	0.980392	-0.4245	-1.0425	-2.7525	0	178	1038	1
2026-02-11	16:37:41.850	-12.11	-8.085	-13.37	-0.067832	-0.094916	0.915488	-0.4245	-1.0305	-2.7555	0	178	1038	1
2026-02-11	16:37:41.870	-9.205	-5.075	-13.02	-0.065148	-0.07442	0.834968	-0.4275	-1.032	-2.7495	0	178	1038	1
2026-02-11	16:37:41.890	-6.545	-3.465	-12.215	-0.053436	-0.060756	0.776896	-0.4335	-1.029	-2.7435	0	178	1038	1
2026-02-11	16:37:41.910	-4.025	-2.275	-10.92	-0.026352	-0.055388	0.754448	-0.4305	-1.0335	-2.7465	0	178	1038	1
2026-02-11	16:37:41.930	-1.05	0	-9.205	-0.024644	-0.04392	0.746884	-0.432	-1.026	-2.742	0	178	1038	1
2026-02-11	16:37:41.950	2.065	3.395	-7.175	-0.04392	-0.03538	0.724924	-0.429	-1.023	-2.7585	0	178	1038	1
2026-02-11	16:37:41.970	5.215	6.02	-6.195	-0.069052	-0.022936	0.732732	-0.426	-1.0275	-2.7495	0	178	1038	1
2026-02-11	16:37:41.990	7.42	11.41	-6.51	-0.11102	-0.017812	0.746152	-0.4215	-1.044	-2.7435	0	178	1038	1
2026-02-11	16:37:42.010	8.715	17.885	-7.91	-0.162504	-0.003416	0.736148	-0.4275	-1.041	-2.7465	0	179	1037	1
2026-02-11	16:37:42.030	9.73	19.285	-9.38	-0.144448	0.007564	0.762744	-0.4275	-1.041	-2.751	0	179	1037	1
2026-02-11	16:37:42.050	9.59	18.69	-10.535	-0.114436	0.012932	0.818864	-0.42	-1.041	-2.751	0	179	1037	1
2026-02-11	16:37:42.070	8.12	17.57	-11.585	-0.131272	0.018056	0.867664	-0.4155	-1.041	-2.754	0	179	1037	1
2026-02-11	16:37:42.090	6.685	14.805	-13.895	-0.160796	0.028304	0.931348	-0.4155	-1.044	-2.7585	0	179	1037	1
2026-02-11	16:37:42.110	4.76	10.535	-17.15	-0.16348	0.017324	0.98454	-0.4215	-1.044	-2.7615	0	179	1037	1
2026-02-11	16:37:42.130	2.38	4.165	-20.16	-0.152744	-0.00122	1.05042	-0.414	-1.041	-2.751	0	179	1037	1
2026-02-11	16:37:42.150	0.735	0.245	-23.17	-0.127612	-0.026596	1.0797	-0.42	-1.0455	-2.745	0	179	1037	1
2026-02-11	16:37:42.170	1.89	0.035	-26.355	-0.089792	-0.062952	1.07482	-0.417	-1.038	-2.763	0	179	1037	1
2026-02-11	16:37:42.190	5.88	1.925	-28.35	-0.075396	-0.073688	1.043344	-0.4215	-1.0515	-2.7675	0	179	1037	1
2026-02-11	16:37:42.210	10.71	2.87	-28.385	-0.018788	-0.073688	1.085068	-0.4185	-1.041	-2.7615	0	180	1018	1
2026-02-11	16:37:42.230	11.2	-0.42	-25.27	0.046604	-0.10492	1.232932	-0.42	-1.044	-2.7615	0	180	1018	1
2026-02-11	16:37:42.250	3.395	-7.84	-19.215	0.142008	-0.13786	1.344684	-0.423	-1.0425	-2.7585	0	180	1018	1
2026-02-11	16:37:42.270	-8.33	-11.48	-11.795	0.194468	-0.164212	1.282952	-0.423	-1.05	-2.763	0	180	1018	1
2026-02-11	16:37:42.290	-8.19	-8.785	-10.71	0.115412	-0.160064	1.131916	-0.426	-1.0425	-2.7675	0	180	1018	1
2026-02-11	16:37:42.310	-2.1	-7.56	-13.055	0.003904	-0.123952	0.989664	-0.4305	-1.0365	-2.769	0	180	1018	1
2026-02-11	16:37:42.330	7.07	-7.385	-18.13	-0.03782	-0.09076799	0.95648	-0.4305	-1.041	-2.763	0	180	1018	1
2026-02-11	16:37:42.350	13.86	-5.39	-21.595	0.02074	-0.0671	1.055544	-0.432	-1.044	-2.7585	0	180	1018	1
2026-02-11	16:37:42.370	13.09	-3.71	-19.845	0.1098	-0.05612	1.202432	-0.4365	-1.05	-2.7615	0	180	1018	1
2026-02-11	16:37:42.390	3.535	-5.775	-13.37	0.16714	-0.052704	1.225856	-0.4395	-1.05	-2.763	0	180	1018	1
2026-02-11	16:37:42.410	-7.42	-9.03	-7.28	0.149816	-0.05246	1.131672	-0.438	-1.0515	-2.7645	0	181	1017	1
2026-02-11	16:37:42.430	-11.305	-8.295	-5.635	0.04758	-0.060512	0.95526	-0.438	-1.056	-2.769	0	181	1017	1
2026-02-11	16:37:42.450	-7.525	-5.495	-8.61	-0.071004	-0.053924	0.794708	-0.4425	-1.056	-2.7675	0	181	1017	1
2026-02-11	16:37:42.470	-0.875	-3.85	-13.23	-0.104188	-0.051484	0.755668	-0.441	-1.0515	-2.769	0	181	1017	1
2026-02-11	16:37:42.490	3.465	-3.815	-15.4	-0.025376	-0.050996	0.816912	-0.4455	-1.05	-2.769	0	181	1017	1
2026-02-11	16:37:42.510	2.59	-0.7	-13.545	0.04514	-0.055876	0.918904	-0.456	-1.0485	-2.769	0	181	1017	1
2026-02-11	16:37:42.530	-2.765	7.21	-8.68	0.055632	-0.04514	0.942328	-0.453	-1.0515	-2.772	0	181	1017	1
2026-02-11	16:37:42.550	-6.335	17.535	-4.935	-0.006588	-0.022204	0.878156	-0.4485	-1.056	-2.772	0	181	1017	1
2026-02-11	16:37:42.570	-5.915	21.63	-3.325	-0.020252	-0.011224	0.891332	-0.447	-1.0485	-2.769	0	181	1017	1
2026-02-11	16:37:42.590	-6.895	19.705	-0.735	0.005856	-0.028792	0.932324	-0.447	-1.0425	-2.769	0	181	1017	1
2026-02-11	16:37:42.610	-9.03	13.125	2.73	0.036844	-0.04514	0.961116	-0.438	-1.0485	-2.766	0	182	1020	1
2026-02-11	16:37:42.630	-8.54	8.05	6.23	0.036844	-0.057828	0.97356	-0.4395	-1.0485	-2.7675	0	182	1020	1
2026-02-11	16:37:42.650	-4.375	6.895	9.275	0.018788	-0.066368	0.980392	-0.4395	-1.0455	-2.772	0	182	1020	1
2026-02-11	16:37:42.670	0.245	7.735	11.865	-0.027816	-0.055144	1.00406	-0.4365	-1.041	-2.775	0	182	1020	1
2026-02-11	16:37:42.690	2.31	5.705	14.63	-0.072224	-0.060024	1.030168	-0.4365	-1.047	-2.7735	0	182	1020	1
2026-02-11	16:37:42.710	3.01	2.24	16.87	-0.089548	-0.051972	1.045052	-0.432	-1.0485	-2.7735	0	182	1020	1
2026-02-11	16:37:42.730	4.795	0.245	17.85	-0.088084	-0.026108	1.072868	-0.429	-1.0395	-2.7735	0	182	1020	1
2026-02-11	16:37:42.750	5.565	-3.745	18.55	-0.067588	-0.013176	1.126792	-0.426	-1.0365	-2.7735	0	182	1020	1
2026-02-11	16:37:42.770	4.48	-11.9	17.745	-0.047092	-0.005124	1.16144	-0.426	-1.044	-2.778	0	182	1020	1
2026-02-11	16:37:42.790	5.495	-18.655	12.355	0.00732	-0.035136	1.192672	-0.4305	-1.044	-2.7795	0	182	1020	1
2026-02-11	16:37:42.810	12.145	-12.39	-0.735	-0.053436	-0.065636	1.036756	-0.435	-1.038	-2.7765	0	180	1021	1
2026-02-11	16:37:42.830	17.745	-9.695	-6.475	-0.081252	-0.088084	1.035048	-0.435	-1.041	-2.7765	0	180	1021	1
2026-02-11	16:37:42.850	14.945	-15.575	-6.545	0.024644	-0.121268	1.15046	-0.4365	-1.05	-2.7765	0	180	1021	1
2026-02-11	16:37:42.870	3.465	-22.505	-2.8	0.078324	-0.122976	1.193648	-0.432	-1.0455	-2.775	0	180	1021	1
2026-02-11	16:37:42.890	-6.16	-20.3	-0.525	0.02928	-0.106628	1.116544	-0.4425	-1.044	-2.7735	0	180	1021	1
2026-02-11	16:37:42.910	-8.015	-11.445	-2.835	-0.05856	-0.09467199	1.003084	-0.456	-1.053	-2.7765	0	180	1021	1
2026-02-11	16:37:42.930	-5.6	-4.935	-8.225	-0.083936	-0.079788	0.958676	-0.4515	-1.0485	-2.7735	0	180	1021	1
2026-02-11	16:37:42.950	-4.41	-2.975	-11.83	-0.047336	-0.051484	0.958432	-0.441	-1.044	-2.7735	0	180	1021	1
2026-02-11	16:37:42.970	-6.405	-2.835	-11.165	-0.017812	-0.034648	0.968192	-0.4575	-1.0485	-2.7795	0	180	1021	1
2026-02-11	16:37:42.990	-9.695	-1.33	-8.47	-0.026108	-0.02806	0.958676	-0.4545	-1.05	-2.781	0	180	1021	1
2026-02-11	16:37:43.010	-12.355	1.68	-6.51	-0.055144	-0.021228	0.930128	-0.4515	-1.044	-2.775	0	176	1028	1
2026-02-11	16:37:43.030	-13.965	3.36	-6.16	-0.08686399	-0.027084	0.928664	-0.453	-1.041	-2.766	0	176	1028	1
2026-02-11	16:37:43.050	-15.645	2.87	-7.175	-0.077592	-0.028304	0.93452	-0.447	-1.035	-2.763	0	176	1028	1
2026-02-11	16:37:43.070	-16.8	1.645	-9.73	-0.07564	-0.021228	0.916708	-0.4575	-1.0335	-2.7735	0	176	1028	1
2026-02-11	16:37:43.090	-14.84	0.35	-13.02	-0.110288	-0.022204	0.904996	-0.4575	-1.0335	-2.7735	0	176	1028	1
2026-02-11	16:37:43.110	-10.64	1.19	-16.205	-0.149572	-0.028548	0.908168	-0.456	-1.035	-2.7705	0	176	1028	1
2026-02-11	16:37:43.130	-5.565	3.115	-19.53	-0.158112	-0.023668	0.928908	-0.456	-1.0335	-2.7645	0	176	1028	1
2026-02-11	16:37:43.150	-1.05	5.32	-22.645	-0.14274	-0.023668	0.953308	-0.4605	-1.0305	-2.763	0	176	1028	1
2026-02-11	16:37:43.170	1.715	7.07	-25.165	-0.109556	-0.02318	0.993568	-0.4635	-1.029	-2.763	0	176	1028	1
2026-02-11	16:37:43.190	2.31	9.8	-27.23	-0.080764	-0.024888	1.025532	-0.462	-1.0335	-2.7675	0	176	1028	1
2026-02-11	16:37:43.210	1.61	14.385	-29.015	-0.06734399	-0.030012	1.003328	-0.462	-1.035	-2.766	0	170	1028	1
2026-02-11	16:37:43.230	2.135	18.41	-31.43	-0.052948	-0.03416	0.95038	-0.4545	-1.044	-2.757	0	170	1028	1
2026-02-11	16:37:43.250	5.355	21.245	-34.23	-0.027816	-0.022204	0.89792	-0.4575	-1.038	-2.766	0	170	1028	1
2026-02-11	16:37:43.270	10.395	22.155	-36.68	0.011956	-0.0122	0.935984	-0.4515	-1.038	-2.766	0	170	1028	1
2026-02-11	16:37:43.290	12.145	19.915	-36.96	0.074176	-0.040016	1.08824	-0.4515	-1.035	-2.7645	0	170	1028	1
2026-02-11	16:37:43.310	5.95	15.12	-34.335	0.142252	-0.069296	1.22244	-0.456	-1.0425	-2.772	0	170	1028	1
2026-02-11	16:37:43.330	-4.375	9.625	-30.59	0.161528	-0.07564	1.201212	-0.4575	-1.0395	-2.7705	0	170	1028	1
2026-02-11	16:37:43.350	-10.395	5.39	-27.195	0.10858	-0.0976	1.083116	-0.462	-1.047	-2.7645	0	170	1028	1
2026-02-11	16:37:43.370	-7.42	4.795	-26.39	0.049532	-0.100772	1.00406	-0.4635	-1.044	-2.7705	0	170	1028	1
2026-02-11	16:37:43.390	-1.75	4.41	-26.74	-0.004148	-0.092964	0.971852	-0.4635	-1.038	-2.7705	0	170	1028	1
2026-02-11	16:37:43.410	3.57	1.19	-27.405	0.023668	-0.078324	1.028948	-0.465	-1.047	-2.7675	0	163	1027	1
2026-02-11	16:37:43.430	4.2	-5.495	-25.165	0.112728	-0.076372	1.177056	-0.4635	-1.0515	-2.769	0	163	1027	1
2026-02-11	16:37:43.450	-1.715	-9.975	-19.25	0.152256	-0.08052	1.230004	-0.462	-1.047	-2.7645	0	163	1027	1
2026-02-11	16:37:43.470	-7.525	-8.47	-14	0.068564	-0.078568	1.137772	-0.468	-1.044	-2.7645	0	163	1027	1
2026-02-11	16:37:43.490	-7.525	-4.48	-13.195	-0.057584	-0.069784	0.9882	-0.4695	-1.044	-2.7645	0	163	1027	1
2026-02-11	16:37:43.510	-3.325	-3.815	-15.715	-0.119072	-0.066124	0.889868	-0.4725	-1.047	-2.763	0	163	1027	1
2026-02-11	16:37:43.530	1.4	-6.685	-17.5	-0.05856	-0.058072	0.896456	-0.4785	-1.044	-2.766	0	163	1027	1
2026-02-11	16:37:43.550	4.06	-5.11	-15.575	0.004148	-0.054656	0.909388	-0.4815	-1.044	-2.76	0	163	1027	1
2026-02-11	16:37:43.570	5.81	-0.98	-11.655	0.016104	-0.043188	0.904752	-0.48	-1.05	-2.76	0	163	1027	1
2026-02-11	16:37:43.590	7.245	3.92	-8.05	-0.010492	-0.0366	0.904264	-0.48	-1.0515	-2.7645	0	163	1027	1
2026-02-11	16:37:43.610	7.84	8.855	-4.9	-0.002196	-0.038308	0.912072	-0.48	-1.05	-2.7585	0	157	1029	1
2026-02-11	16:37:43.630	7.84	12.215	-1.365	0.029524	-0.042944	0.909144	-0.477	-1.0515	-2.757	0	157	1029	1
2026-02-11	16:37:43.650	7.385	14.735	2.59	0.045384	-0.0305	0.905972	-0.477	-1.0515	-2.7645	0	157	1029	1
2026-02-11	16:37:43.670	5.985	14.14	8.365	0.056852	-0.03294	0.94184	-0.4755	-1.0515	-2.7615	0	157	1029	1
2026-02-11	16:37:43.690	3.955	11.795	12.95	0.027084	-0.038552	0.950624	-0.4635	-1.0515	-2.763	0	157	1029	1
2026-02-11	16:37:43.710	4.83	9.975	13.86	0.002196	-0.02684	0.942084	-0.468	-1.056	-2.7645	0	157	1029	1
2026-02-11	16:37:43.730	8.995	8.47	13.09	-0.010736	-0.030256	0.979416	-0.4695	-1.059	-2.7645	0	157	1029	1
2026-02-11	16:37:43.750	10.955	4.62	13.265	-0.008052	-0.044164	1.059448	-0.4665	-1.062	-2.7675	0	157	1029	1
2026-02-11	16:37:43.770	8.785	-3.465	14.98	0.002928	-0.06466	1.120448	-0.462	-1.065	-2.769	0	157	1029	1
2026-02-11	16:37:43.790	5.775	-10.5	16.31	-0.010004	-0.05734	1.10654	-0.459	-1.0605	-2.7645	0	157	1029	1
2026-02-11	16:37:43.810	6.055	-11.725	15.155	-0.05002	-0.066612	1.054812	-0.4605	-1.0575	-2.766	0	150	1026	1
2026-02-11	16:37:43.830	8.995	-8.89	11.375	-0.119316	-0.071736	0.982344	-0.4605	-1.059	-2.7675	0	150	1026	1
2026-02-11	16:37:43.850	12.18	-7.455	6.755	-0.156404	-0.071736	0.99064	-0.465	-1.056	-2.7675	0	150	1026	1
2026-02-11	16:37:43.870	11.585	-8.75	3.57	-0.126636	-0.072712	1.057984	-0.468	-1.0605	-2.7675	0	150	1026	1
2026-02-11	16:37:43.890	3.08	-10.99	2.38	-0.049288	-0.021716	1.150216	-0.465	-1.065	-2.7645	0	150	1026	1
2026-02-11	16:37:43.910	-4.41	-13.44	2.66	-0.038552	0.004148	1.179984	-0.465	-1.065	-2.7645	0	150	1026	1
2026-02-11	16:37:43.930	-11.06	-14.84	1.365	-0.068076	0.014152	1.14924	-0.4605	-1.0665	-2.7705	0	150	1026	1
2026-02-11	16:37:43.950	-14.665	-13.825	-2.135	-0.115656	0.006832	1.084092	-0.465	-1.062	-2.76	0	150	1026	1
2026-02-11	16:37:43.970	-15.085	-10.605	-6.055	-0.15982	-0.00366	0.976976	-0.471	-1.0695	-2.7645	0	150	1026	1
2026-02-11	16:37:43.990	-12.565	-7.035	-8.995	-0.190564	-0.003904	0.878156	-0.4755	-1.0575	-2.763	0	150	1026	1
2026-02-11	16:37:44.010	-7.735	-5.005	-10.57	-0.17568	0.006344	0.843264	-0.4755	-1.05	-2.7555	0	145	1027	1
2026-02-11	16:37:44.030	-3.01	-1.715	-11.515	-0.135908	0.01586	0.881328	-0.471	-1.0545	-2.763	0	145	1027	1
2026-02-11	16:37:44.050	-0.91	3.57	-12.6	-0.107116	0.01952	0.942084	-0.4785	-1.056	-2.763	0	145	1027	1
2026-02-11	16:37:44.070	-1.995	9.59	-12.775	-0.08784	0.0305	0.945988	-0.48	-1.0635	-2.7645	0	145	1027	1
2026-02-11	16:37:44.090	-3.815	13.93	-12.32	-0.10004	0.044652	0.91012	-0.474	-1.059	-2.7585	0	145	1027	1
2026-02-11	16:37:44.110	-3.605	16.135	-12.565	-0.116876	0.047092	0.880108	-0.477	-1.0575	-2.7585	0	145	1027	1
2026-02-11	16:37:44.130	-2.24	17.465	-13.51	-0.144448	0.054168	0.888648	-0.4755	-1.0605	-2.7495	0	145	1027	1
2026-02-11	16:37:44.150	-1.47	17.5	-15.015	-0.17202	0.044408	0.93696	-0.4695	-1.0605	-2.76	0	145	1027	1
2026-02-11	16:37:44.170	-2.87	16.87	-16.695	-0.173972	0.041236	1.002596	-0.4695	-1.0605	-2.76	0	145	1027	1
2026-02-11	16:37:44.190	-4.725	16.205	-19.04	-0.15616	0.046116	1.036024	-0.4695	-1.056	-2.763	0	145	1027	1
2026-02-11	16:37:44.210	-4.2	16.66	-22.54	-0.15494	0.044164	1.03944	-0.468	-1.053	-2.7645	0	141	1024	1
2026-02-11	16:37:44.230	-1.085	20.16	-26.67	-0.198128	0.04026	0.9943	-0.465	-1.056	-2.763	0	141	1024	1
2026-02-11	16:37:44.250	5.565	24.36	-31.535	-0.18056	0.048312	0.96502	-0.4665	-1.059	-2.7615	0	141	1024	1
2026-02-11	16:37:44.270	14.525	29.295	-35	-0.058072	0.072224	1.125328	-0.4635	-1.0635	-2.7555	0	141	1024	1
2026-02-11	16:37:44.290	15.155	28.595	-33.355	0.204472	0.01586	1.433744	-0.4695	-1.0635	-2.7645	0	141	1024	1
2026-02-11	16:37:44.310	1.89	18.795	-27.965	0.310856	-0.00366	1.438624	-0.456	-1.068	-2.76	0	141	1024	1
2026-02-11	16:37:44.330	-5.915	11.9	-26.6	0.193492	-0.037576	1.261236	-0.4575	-1.065	-2.763	0	141	1024	1
2026-02-11	16:37:44.350	-2.52	10.535	-28.91	0.094916	-0.081984	1.147776	-0.459	-1.0725	-2.76	0	141	1024	1
2026-02-11	16:37:44.370	3.57	9.345	-32.375	0.001952	-0.091256	1.072624	-0.4515	-1.059	-2.757	0	141	1024	1
2026-02-11	16:37:44.390	8.225	4.2	-38.045	-0.045872	-0.048312	1.092632	-0.4515	-1.059	-2.7585	0	141	1024	1
2026-02-11	16:37:44.410	7.385	-4.9	-43.54	0.04026	-0.0366	1.266848	-0.4605	-1.071	-2.754	0	139	1034	1
2026-02-11	16:37:44.430	-9.24	-17.71	-45.36	0.123952	-0.039528	1.36762	-0.4665	-1.0665	-2.763	0	139	1034	1
2026-02-11	16:37:44.450	-19.705	-20.09	-46.025	0.040504	-0.03416	1.24074	-0.4695	-1.0725	-2.763	0	139	1034	1
2026-02-11	16:37:44.470	-22.295	-21.175	-48.965	-0.050752	-0.050508	1.1102	-0.477	-1.0725	-2.7645	0	139	1034	1
2026-02-11	16:37:44.490	-20.335	-22.54	-52.955	-0.143472	-0.059536	0.995032	-0.4815	-1.0725	-2.763	0	139	1034	1
2026-02-11	16:37:44.510	-17.675	-23.695	-56.21	-0.14884	-0.060268	0.919148	-0.489	-1.0725	-2.754	0	139	1034	1
2026-02-11	16:37:44.530	-14.63	-23.695	-57.61	-0.081984	-0.05002	0.896212	-0.4995	-1.068	-2.751	0	139	1034	1
2026-02-11	16:37:44.550	-10.15	-20.86	-57.19	-0.005124	-0.038064	0.88938	-0.507	-1.065	-2.748	0	139	1034	1
2026-02-11	16:37:44.570	-3.99	-13.895	-55.16	0.05124	-0.024156	0.931104	-0.5175	-1.0665	-2.7405	0	139	1034	1
2026-02-11	16:37:44.590	1.05	-2.555	-51.485	0.0793	-0.036356	0.970632	-0.516	-1.074	-2.745	0	139	1034	1
2026-02-11	16:37:44.610	3.08	8.155	-46.375	0.059536	-0.053436	0.95282	-0.5175	-1.08	-2.751	0	140	1052	1
2026-02-11	16:37:44.630	3.885	12.635	-40.705	0.035868	-0.062952	0.910852	-0.5205	-1.0785	-2.751	0	140	1052	1
2026-02-11	16:37:44.650	6.65	12.705	-35.315	0.036844	-0.049776	0.902068	-0.519	-1.0785	-2.7495	0	140	1052	1
2026-02-11	16:37:44.670	11.655	14.91	-30.45	0.0244	-0.046116	0.931348	-0.522	-1.086	-2.751	0	140	1052	1
2026-02-11	16:37:44.690	16.59	20.265	-24.955	0.015128	-0.046848	0.992592	-0.5235	-1.0905	-2.7615	0	140	1052	1
2026-02-11	16:37:44.710	16.765	22.225	-20.055	0.02074	-0.042212	1.03822	-0.5265	-1.092	-2.7675	0	140	1052	1
2026-02-11	16:37:44.730	14.07	19.285	-17.71	0.011956	-0.04148	1.03822	-0.5175	-1.1025	-2.7705	0	140	1052	1
2026-02-11	16:37:44.750	12.215	15.4	-17.465	-0.009272	-0.039772	1.038464	-0.5205	-1.1055	-2.766	0	140	1052	1
2026-02-11	16:37:44.770	11.305	11.935	-17.955	-0.018544	-0.063684	1.062376	-0.519	-1.107	-2.7675	0	140	1052	1
2026-02-11	16:37:44.790	8.855	7	-17.045	-0.014396	-0.08418	1.09678	-0.5175	-1.11	-2.7675	0	140	1052	1
2026-02-11	16:37:44.810	4.585	0.49	-15.435	-0.062708	-0.083204	1.098	-0.516	-1.11	-2.7675	0	142	1058	1
2026-02-11	16:37:44.830	0.945	-8.015	-14.84	-0.07686	-0.084668	1.129964	-0.522	-1.1115	-2.766	0	142	1058	1
2026-02-11	16:37:44.850	-2.24	-17.15	-15.12	-0.031232	-0.098332	1.18706	-0.525	-1.116	-2.7675	0	142	1058	1
2026-02-11	16:37:44.870	-3.395	-22.155	-16.94	0.005856	-0.099796	1.197796	-0.519	-1.1205	-2.7705	0	142	1058	1
2026-02-11	16:37:44.890	-0.315	-17.85	-20.58	0.002684	-0.103944	1.13582	-0.519	-1.1235	-2.7645	0	142	1058	1
2026-02-11	16:37:44.910	5.25	-10.22	-25.095	-0.020984	-0.114192	1.025532	-0.528	-1.1235	-2.7645	0	142	1058	1
2026-02-11	16:37:44.930	10.955	-4.97	-29.96	-0.013664	-0.102968	0.968192	-0.5355	-1.1265	-2.7615	0	142	1058	1
2026-02-11	16:37:44.950	13.405	-2.275	-34.125	0.052216	-0.10614	0.967216	-0.537	-1.1295	-2.757	0	142	1058	1
2026-02-11	16:37:44.970	10.465	-0.315	-34.93	0.14396	-0.10248	1.016504	-0.5385	-1.1295	-2.757	0	142	1058	1
2026-02-11	16:37:44.990	7.14	3.675	-32.55	0.167628	-0.09076799	1.05286	-0.5385	-1.1295	-2.757	0	142	1058	1
2026-02-11	16:37:45.010	3.78	8.645	-29.89	0.133224	-0.087352	1.074088	-0.531	-1.137	-2.76	0	143	1062	1
2026-02-11	16:37:45.030	0.7	12.53	-29.26	0.063196	-0.074176	1.050664	-0.54	-1.146	-2.772	0	143	1062	1
2026-02-11	16:37:45.050	-1.75	13.475	-30.485	0.00976	-0.063928	1.031144	-0.5325	-1.143	-2.7735	0	143	1062	1
2026-02-11	16:37:45.070	-4.235	12.145	-32.2	-0.019764	-0.050996	0.995764	-0.546	-1.149	-2.772	0	143	1062	1
2026-02-11	16:37:45.090	-6.195	11.13	-34.02	-0.032452	-0.0305	0.950868	-0.5325	-1.1625	-2.7675	0	143	1062	1
2026-02-11	16:37:45.110	-6.405	11.375	-37.03	-0.054168	-0.020984	0.904508	-0.5385	-1.1505	-2.775	0	143	1062	1
2026-02-11	16:37:45.130	-5.39	10.99	-40.04	-0.059048	-0.022936	0.881572	-0.5385	-1.1535	-2.7765	0	143	1062	1
2026-02-11	16:37:45.150	-4.2	9.1	-41.825	-0.043676	-0.025864	0.899872	-0.543	-1.1595	-2.769	0	143	1062	1
2026-02-11	16:37:45.170	-3.43	6.475	-43.015	-0.033428	-0.026352	0.926468	-0.534	-1.1625	-2.7735	0	143	1062	1
2026-02-11	16:37:45.190	-2.94	4.025	-44.03	-0.029524	-0.027572	0.948184	-0.5355	-1.1595	-2.7735	0	143	1062	1
2026-02-11	16:37:45.210	-2.625	3.15	-44.45	-0.034404	-0.031476	0.957944	-0.5325	-1.1655	-2.775	0	142	1058	1
2026-02-11	16:37:45.230	-2.975	1.505	-43.715	-0.052216	-0.023424	0.953064	-0.537	-1.173	-2.778	0	142	1058	1
2026-02-11	16:37:45.250	-3.325	-0.91	-43.61	-0.07686	-0.008296	0.924272	-0.537	-1.173	-2.778	0	142	1058	1
2026-02-11	16:37:45.270	-2.415	-2.485	-44.975	-0.085888	0.001708	0.90402	-0.537	-1.173	-2.778	0	142	1058	1
2026-02-11	16:37:45.290	-0.14	-3.325	-46.9	-0.085888	0.010004	0.908168	-0.543	-1.173	-2.7675	0	142	1058	1
2026-02-11	16:37:45.310	2.905	-3.22	-48.93	-0.085156	0.007808	0.937692	-0.5325	-1.185	-2.7735	0	142	1058	1
2026-02-11	16:37:45.330	5.46	-1.4	-50.89	-0.098332	0.004636	0.976732	-0.5475	-1.179	-2.7675	0	142	1058	1
2026-02-11	16:37:45.350	7	3.115	-52.605	-0.12932	0.009028	0.97478	-0.552	-1.1865	-2.7795	0	142	1058	1
2026-02-11	16:37:45.370	9.065	7	-54.25	-0.128588	0.029768	0.986248	-0.5445	-1.1925	-2.7855	0	142	1058	1
2026-02-11	16:37:45.390	10.85	9.1	-55.475	-0.088816	0.041236	1.017968	-0.5505	-1.1985	-2.778	0	142	1058	1
2026-02-11	16:37:45.410	10.85	9.94	-55.93	-0.061	0.03904	1.04188	-0.543	-1.1985	-2.772	0	139	1044	1
2026-02-11	16:37:45.430	9.8	9.94	-56.77	-0.059292	0.02196	1.053104	-0.5385	-1.206	-2.775	0	139	1044	1
2026-02-11	16:37:45.450	9.135	10.185	-58.73	-0.075884	-0.000244	1.043832	-0.5445	-1.212	-2.775	0	139	1044	1
2026-02-11	16:37:45.470	10.115	12.005	-61.705	-0.106872	-0.021472	1.029924	-0.5385	-1.2225	-2.781	0	139	1044	1
2026-02-11	16:37:45.490	12.18	14.28	-65.065	-0.105408	-0.030988	1.036268	-0.537	-1.2135	-2.781	0	139	1044	1
2026-02-11	16:37:45.510	11.515	14.7	-67.235	-0.020984	-0.035868	1.112396	-0.5385	-1.236	-2.7795	0	139	1044	1
2026-02-11	16:37:45.530	6.58	11.27	-66.36	0.043676	-0.050264	1.175836	-0.5355	-1.239	-2.784	0	139	1044	1
2026-02-11	16:37:45.550	0.28	6.615	-65.485	0.08295999	-0.077592	1.187548	-0.5325	-1.242	-2.7855	0	139	1044	1
2026-02-11	16:37:45.570	-3.955	3.255	-65.205	0.11224	-0.111996	1.150948	-0.531	-1.2465	-2.787	0	139	1044	1
2026-02-11	16:37:45.590	-3.745	1.89	-65.695	0.12078	-0.13664	1.08458	-0.528	-1.248	-2.7885	0	139	1044	1
2026-02-11	16:37:45.610	-0.77	1.575	-66.115	0.129076	-0.149816	1.026508	-0.5265	-1.2525	-2.787	0	136	1037	1
2026-02-11	16:37:45.630	3.185	0.42	-65.695	0.143472	-0.159088	0.98576	-0.531	-1.2585	-2.7915	0	136	1037	1
2026-02-11	16:37:45.650	7.14	-0.21	-64.19	0.160308	-0.147132	0.989908	-0.528	-1.263	-2.793	0	136	1037	1
2026-02-11	16:37:45.670	9.73	0.35	-61.81	0.188368	-0.137128	1.022116	-0.522	-1.2705	-2.7915	0	136	1037	1
2026-02-11	16:37:45.690	9.94	1.435	-58.905	0.200812	-0.123708	1.074088	-0.5235	-1.275	-2.79	0	136	1037	1
2026-02-11	16:37:45.710	7.07	2.205	-55.685	0.188368	-0.11346	1.095072	-0.525	-1.2765	-2.79	0	136	1037	1
2026-02-11	16:37:45.730	2.59	2.415	-52.745	0.178852	-0.110532	1.089216	-0.519	-1.278	-2.7945	0	136	1037	1
2026-02-11	16:37:45.750	-1.82	2.38	-50.47	0.166408	-0.114436	1.04554	-0.522	-1.287	-2.7975	0	136	1037	1
2026-02-11	16:37:45.770	-4.305	2.275	-48.79	0.130052	-0.117364	0.970876	-0.525	-1.293	-2.7915	0	136	1037	1
2026-02-11	16:37:45.790	-1.575	2.24	-48.09	0.066612	-0.099552	0.86254	-0.519	-1.29	-2.787	0	136	1037	1
2026-02-11	16:37:45.810	2.905	1.645	-48.265	0.054168	-0.094916	0.864248	-0.5205	-1.2915	-2.7885	0	134	1040	1
2026-02-11	16:37:45.830	6.545	1.4	-47.46	0.059292	-0.094428	0.89914	-0.5175	-1.29	-2.7915	0	134	1040	1
2026-02-11	16:37:45.850	8.33	1.575	-45.465	0.052704	-0.083692	0.92598	-0.513	-1.2945	-2.793	0	134	1040	1
2026-02-11	16:37:45.870	8.715	1.47	-42.945	0.054168	-0.082228	0.957944	-0.5145	-1.302	-2.796	0	134	1040	1
2026-02-11	16:37:45.890	7.455	0.63	-40.18	0.048068	-0.091744	0.981368	-0.516	-1.302	-2.7975	0	134	1040	1
2026-02-11	16:37:45.910	4.9	-1.505	-37.1	0.054656	-0.091988	0.998936	-0.516	-1.3035	-2.7975	0	134	1040	1
2026-02-11	16:37:45.930	1.575	-4.55	-34.055	0.05978	-0.10004	0.998448	-0.513	-1.308	-2.8005	0	134	1040	1
2026-02-11	16:37:45.950	-1.155	-7.84	-31.325	0.052704	-0.110288	0.981856	-0.5115	-1.311	-2.796	0	134	1040	1
2026-02-11	16:37:45.970	-2.415	-10.465	-29.12	0.043188	-0.113216	0.96014	-0.51	-1.314	-2.796	0	134	1040	1
2026-02-11	16:37:45.990	-1.855	-12.425	-27.685	0.048068	-0.118096	0.950624	-0.5115	-1.317	-2.799	0	134	1040	1
2026-02-11	16:37:46.010	-0.315	-12.775	-26.04	0.05002	-0.114436	0.9699	-0.516	-1.317	-2.8005	0	132	1037	1
2026-02-11	16:37:46.030	0.14	-12.215	-24.395	0.054412	-0.106384	0.975512	-0.5175	-1.323	-2.796	0	132	1037	1
2026-02-11	16:37:46.050	-0.14	-10.99	-21.49	0.065392	-0.100772	0.99064	-0.5205	-1.3245	-2.7945	0	132	1037	1
2026-02-11	16:37:46.070	-1.505	-9.73	-17.815	0.064172	-0.092476	0.975756	-0.522	-1.3215	-2.799	0	132	1037	1
2026-02-11	16:37:46.090	-2.275	-9.135	-14.77	0.053436	-0.087352	0.959652	-0.5175	-1.3155	-2.79	0	132	1037	1
2026-02-11	16:37:46.110	-2.31	-7.595	-11.9	0.028548	-0.08418	0.934276	-0.519	-1.3215	-2.8005	0	132	1037	1
2026-02-11	16:37:46.130	-2.065	-5.53	-9.38	0.01952	-0.073932	0.915244	-0.5265	-1.317	-2.7975	0	132	1037	1
2026-02-11	16:37:46.150	-1.89	-3.71	-7.105	0.030256	-0.0732	0.891576	-0.5205	-1.3215	-2.802	0	132	1037	1
2026-02-11	16:37:46.170	-1.89	-1.82	-4.585	0.027816	-0.069052	0.860344	-0.5295	-1.314	-2.8005	0	132	1037	1
2026-02-11	16:37:46.190	-1.89	-0.665	-2.03	0.024888	-0.060756	0.854	-0.525	-1.317	-2.7945	0	132	1037	1
2026-02-11	16:37:46.210	-2.24	0.245	0.035	0.022448	-0.063684	0.855708	-0.5205	-1.32	-2.7945	0	128	1025	1
2026-02-11	16:37:46.230	-2.835	1.61	1.575	0.022692	-0.060512	0.860588	-0.5355	-1.3245	-2.787	0	128	1025	1
2026-02-11	16:37:46.250	-3.43	3.5	2.8	0.007076	-0.060268	0.848144	-0.528	-1.317	-2.7975	0	128	1025	1
2026-02-11	16:37:46.270	-3.78	5.88	4.2	-0.012444	-0.04392	0.842288	-0.5355	-1.3275	-2.793	0	128	1025	1
2026-02-11	16:37:46.290	-3.185	8.855	5.04	-0.024156	-0.036844	0.865224	-0.528	-1.3155	-2.793	0	128	1025	1
2026-02-11	16:37:46.310	-2.38	10.255	5.425	-0.02074	-0.024156	0.914268	-0.5265	-1.3125	-2.7975	0	128	1025	1
2026-02-11	16:37:46.330	-2.03	8.085	7.28	-0.015616	-0.03904	0.997228	-0.5265	-1.3125	-2.7975	0	128	1025	1
2026-02-11	16:37:46.350	-2.275	6.58	9.905	-0.02562	-0.030988	1.025044	-0.5205	-1.314	-2.79	0	128	1025	1
2026-02-11	16:37:46.370	-1.435	5.32	12.005	-0.017324	-0.027816	1.058716	-0.5235	-1.3095	-2.7975	0	128	1025	1
2026-02-11	16:37:46.390	0.63	4.585	13.09	-0.015616	-0.035868	1.0797	-0.519	-1.308	-2.7945	0	128	1025	1
2026-02-11	16:37:46.410	3.08	4.445	14.455	-0.033672	-0.033428	1.07238	-0.516	-1.311	-2.799	0	124	1008	1
2026-02-11	16:37:46.430	6.055	4.06	15.925	-0.059292	-0.017812	1.054324	-0.513	-1.3185	-2.79	0	124	1008	1
2026-02-11	16:37:46.450	9.555	4.445	16.8	-0.082472	-0.018788	1.051152	-0.519	-1.308	-2.799	0	124	1008	1
2026-02-11	16:37:46.470	12.74	6.58	16.87	-0.106628	-0.008784	1.052616	-0.513	-1.3155	-2.799	0	124	1008	1
2026-02-11	16:37:46.490	14.735	9.1	16.24	-0.10248	-0.004636	1.116056	-0.519	-1.3155	-2.7945	0	124	1008	1
2026-02-11	16:37:46.510	12.67	8.855	16.485	-0.0732	-0.005612	1.221464	-0.507	-1.3185	-2.8005	0	124	1008	1
2026-02-11	16:37:46.530	5.67	5.18	17.99	-0.053192	0.005612	1.2749	-0.5115	-1.3185	-2.793	0	124	1008	1
2026-02-11	16:37:46.550	-1.68	1.925	16.485	-0.032452	-0.004392	1.281244	-0.513	-1.3185	-2.802	0	124	1008	1
2026-02-11	16:37:46.570	-5.635	4.025	11.445	-0.02562	-0.045872	1.1773	-0.51	-1.3185	-2.7945	0	124	1008	1
2026-02-11	16:37:46.590	-1.61	10.675	3.08	-0.125904	-0.079788	1.041636	-0.5025	-1.3125	-2.7975	0	124	1008	1
2026-02-11	16:37:46.610	2.17	8.75	-4.165	-0.061244	-0.110288	1.133624	-0.5085	-1.314	-2.799	0	121	1011	1
2026-02-11	16:37:46.630	-5.075	-1.295	-6.16	0.020496	-0.118828	1.221464	-0.5085	-1.317	-2.8005	0	121	1011	1
2026-02-11	16:37:46.650	-15.61	-9.835	-6.195	0.008052	-0.128344	1.223416	-0.5055	-1.3155	-2.8005	0	121	1011	1
2026-02-11	16:37:46.670	-21.665	-11.62	-7	-0.051484	-0.135176	1.167784	-0.5085	-1.3125	-2.799	0	121	1011	1
2026-02-11	16:37:46.690	-23.135	-11.935	-9.31	-0.12322	-0.123708	1.114348	-0.51	-1.311	-2.799	0	121	1011	1
2026-02-11	16:37:46.710	-22.05	-12.565	-12.635	-0.13542	-0.0976	1.056032	-0.5085	-1.305	-2.7975	0	121	1011	1
2026-02-11	16:37:46.730	-18.865	-10.64	-16.24	-0.121756	-0.07564	0.967704	-0.51	-1.299	-2.8005	0	121	1011	1
2026-02-11	16:37:46.750	-13.79	-7.63	-19.215	-0.12688	-0.048312	0.854732	-0.5145	-1.3005	-2.7975	0	121	1011	1
2026-02-11	16:37:46.770	-7.7	-6.685	-21.84	-0.118096	-0.025864	0.779824	-0.522	-1.299	-2.7975	0	121	1011	1
2026-02-11	16:37:46.790	-2.38	-7.245	-23.485	-0.08418	-0.020252	0.784216	-0.5145	-1.2975	-2.7975	0	121	1011	1
2026-02-11	16:37:46.810	0	-5.845	-23.205	-0.0305	-0.02318	0.826428	-0.507	-1.2975	-2.796	0	120	1028	1
2026-02-11	16:37:46.830	-0.595	-1.925	-20.79	-0.009516	-0.027572	0.836676	-0.5115	-1.2975	-2.8005	0	120	1028	1
2026-02-11	16:37:46.850	-2.625	1.715	-18.025	-0.038064	-0.027084	0.82472	-0.519	-1.3035	-2.7975	0	120	1028	1
2026-02-11	16:37:46.870	-5.635	4.235	-17.22	-0.100284	-0.027328	0.76982	-0.522	-1.296	-2.8005	0	120	1028	1
2026-02-11	16:37:46.890	-5.32	5.705	-19.39	-0.12322	-0.02074	0.717116	-0.5175	-1.299	-2.799	0	120	1028	1
2026-02-11	16:37:46.910	-2.415	8.33	-22.61	-0.12322	-0.01342	0.687104	-0.5145	-1.302	-2.796	0	120	1028	1
2026-02-11	16:37:46.930	2.275	12.25	-25.935	-0.120536	-0.012688	0.660264	-0.513	-1.302	-2.7975	0	120	1028	1
2026-02-11	16:37:46.950	7.98	17.045	-29.085	-0.133468	-0.007076	0.627568	-0.513	-1.3005	-2.802	0	120	1028	1
2026-02-11	16:37:46.970	14.56	19.985	-32.095	-0.144448	-0.004148	0.665388	-0.51	-1.302	-2.8065	0	120	1028	1
2026-02-11	16:37:46.990	19.775	20.02	-34.615	-0.106872	-0.004392	0.77836	-0.504	-1.3065	-2.8065	0	120	1028	1
2026-02-11	16:37:47.010	20.79	19.285	-35.735	-0.056852	-0.01708	0.876448	-0.5055	-1.308	-2.8035	0	123	1017	1
2026-02-11	16:37:47.030	19.145	18.235	-35.98	-0.05246	-0.012688	0.898652	-0.5025	-1.317	-2.8065	0	123	1017	1
2026-02-11	16:37:47.050	19.53	16.17	-37.135	-0.107604	-0.018788	0.924028	-0.4935	-1.3275	-2.8095	0	123	1017	1
2026-02-11	16:37:47.070	21.385	13.825	-39.585	-0.136884	-0.039284	1.037	-0.4905	-1.3275	-2.8095	0	123	1017	1
2026-02-11	16:37:47.090	20.895	12.425	-42.63	-0.156648	-0.066856	1.138748	-0.489	-1.326	-2.808	0	123	1017	1
2026-02-11	16:37:47.110	17.185	11.165	-46.13	-0.183488	-0.08906	1.164368	-0.4845	-1.3335	-2.805	0	123	1017	1
2026-02-11	16:37:47.130	13.09	6.125	-50.225	-0.12444	-0.124684	1.21146	-0.4815	-1.3395	-2.802	0	123	1017	1
2026-02-11	16:37:47.150	9.03	0.49	-48.895	0.02684	-0.177388	1.358348	-0.4815	-1.3395	-2.802	0	123	1017	1
2026-02-11	16:37:47.170	2.03	-3.57	-41.405	0.113948	-0.197396	1.448628	-0.4755	-1.344	-2.8035	0	123	1017	1
2026-02-11	16:37:47.190	-5.6	-5.81	-32.69	0.139324	-0.204716	1.401536	-0.4755	-1.359	-2.8125	0	123	1017	1
2026-02-11	16:37:47.210	-8.54	-6.37	-26.845	0.110776	-0.212524	1.249524	-0.468	-1.347	-2.8065	0	129	1002	1
2026-02-11	16:37:47.230	-5.46	-7.455	-24.815	0.027328	-0.198616	1.094828	-0.4725	-1.3485	-2.7975	0	129	1002	1
2026-02-11	16:37:47.250	-0.105	-11.48	-24.5	0.007808	-0.177144	1.101172	-0.4695	-1.3455	-2.8095	0	129	1002	1
2026-02-11	16:37:47.270	0.42	-17.92	-21.84	0.102724	-0.167384	1.21024	-0.4635	-1.3455	-2.8005	0	129	1002	1
2026-02-11	16:37:47.290	-4.305	-22.925	-16.66	0.150304	-0.14518	1.266116	-0.474	-1.3485	-2.7945	0	129	1002	1
2026-02-11	16:37:47.310	-8.785	-22.855	-11.69	0.110532	-0.130784	1.248304	-0.4725	-1.3455	-2.7975	0	129	1002	1
2026-02-11	16:37:47.330	-11.2	-20.895	-8.085	0.026108	-0.12322	1.159732	-0.4845	-1.3515	-2.811	0	129	1002	1
2026-02-11	16:37:47.350	-12.46	-22.785	-6.055	-0.036844	-0.114924	1.052616	-0.4845	-1.347	-2.8065	0	129	1002	1
2026-02-11	16:37:47.370	-11.725	-26.985	-6.02	-0.074664	-0.104188	0.9516	-0.486	-1.3425	-2.799	0	129	1002	1
2026-02-11	16:37:47.390	-8.61	-27.825	-6.965	-0.071004	-0.09272	0.893284	-0.4905	-1.344	-2.8005	0	129	1002	1
2026-02-11	16:37:47.410	-2.66	-21.84	-5.775	-0.01952	-0.077104	0.810324	-0.4935	-1.3455	-2.805	0	138	1018	1
2026-02-11	16:37:47.430	0.945	-17.045	-2.275	0.02928	-0.067832	0.785192	-0.495	-1.3425	-2.802	0	138	1018	1
2026-02-11	16:37:47.450	3.255	-11.97	2.24	0.100772	-0.081496	0.797636	-0.501	-1.344	-2.799	0	138	1018	1
2026-02-11	16:37:47.470	3.92	-5.95	7.42	0.13176	-0.11224	0.795684	-0.51	-1.3455	-2.7975	0	138	1018	1
2026-02-11	16:37:47.490	3.185	0.07	13.545	0.123952	-0.126636	0.776164	-0.507	-1.3425	-2.7975	0	138	1018	1
2026-02-11	16:37:47.510	2.065	4.935	19.67	0.117364	-0.129076	0.7503	-0.507	-1.341	-2.787	0	138	1018	1
2026-02-11	16:37:47.530	1.47	8.225	24.605	0.111264	-0.124928	0.744688	-0.5055	-1.347	-2.7915	0	138	1018	1
2026-02-11	16:37:47.550	1.75	11.515	28.56	0.094428	-0.112484	0.765916	-0.5145	-1.3395	-2.793	0	138	1018	1
2026-02-11	16:37:47.570	1.68	15.785	31.955	0.08174	-0.084668	0.798368	-0.5145	-1.3395	-2.796	0	138	1018	1
2026-02-11	16:37:47.590	0.7	18.27	35	0.06954	-0.050752	0.847656	-0.507	-1.3395	-2.7975	0	138	1018	1
2026-02-11	16:37:47.610	-1.645	17.57	37.8	0.033672	-0.014152	0.911096	-0.504	-1.3425	-2.799	0	149	1020	1
2026-02-11	16:37:47.630	-4.655	12.355	39.725	0.01342	-0.004636	0.992104	-0.504	-1.338	-2.7945	0	149	1020	1
2026-02-11	16:37:47.650	-7.21	5.18	40.635	-0.01708	-0.00488	1.048468	-0.501	-1.332	-2.799	0	149	1020	1
2026-02-11	16:37:47.670	-6.23	-2.38	41.195	-0.040748	-0.01464	1.108248	-0.501	-1.338	-2.799	0	149	1020	1
2026-02-11	16:37:47.690	-2.625	-6.965	42.175	-0.0549	-0.02806	1.141432	-0.501	-1.338	-2.799	0	149	1020	1
2026-02-11	16:37:47.710	1.61	-7.945	42.77	-0.089548	-0.018056	1.140212	-0.5025	-1.332	-2.796	0	149	1020	1
2026-02-11	16:37:47.730	5.635	-10.5	42.665	-0.075396	-0.014884	1.206824	-0.507	-1.3215	-2.7945	0	149	1020	1
2026-02-11	16:37:47.750	6.51	-14.7	40.775	-0.00976	-0.027084	1.260016	-0.5055	-1.32	-2.793	0	149	1020	1
2026-02-11	16:37:47.770	6.86	-17.22	35.245	0.019032	-0.050752	1.250012	-0.5115	-1.3215	-2.7915	0	149	1020	1
2026-02-11	16:37:47.790	8.925	-15.085	27.02	0.003904	-0.092232	1.197552	-0.516	-1.317	-2.7885	0	149	1020	1
2026-02-11	16:37:47.810	11.095	-10.325	20.72	-0.05124	-0.105652	1.158756	-0.51	-1.3155	-2.787	0	158	1018	1
2026-02-11	16:37:47.830	10.255	-9.975	17.115	-0.076128	-0.112484	1.226588	-0.513	-1.3185	-2.787	0	158	1018	1
2026-02-11	16:37:47.850	2.555	-15.82	14.455	0.00244	-0.116144	1.35176	-0.519	-1.3215	-2.7885	0	158	1018	1
2026-02-11	16:37:47.870	-9.835	-21.315	12.18	0.042212	-0.113216	1.335412	-0.5205	-1.326	-2.7855	0	158	1018	1
2026-02-11	16:37:47.890	-18.2	-22.295	9.205	0.010736	-0.100284	1.21756	-0.528	-1.3215	-2.7885	0	158	1018	1
2026-02-11	16:37:47.910	-18.655	-19.74	4.83	-0.045872	-0.094428	1.07848	-0.528	-1.3155	-2.7945	0	158	1018	1
2026-02-11	16:37:47.930	-14.07	-15.96	-0.28	-0.096868	-0.083936	0.929152	-0.537	-1.32	-2.787	0	158	1018	1
2026-02-11	16:37:47.950	-5.565	-10.955	-7.105	-0.1159	-0.03782	0.766648	-0.5265	-1.317	-2.79	0	158	1018	1
2026-02-11	16:37:47.970	-1.015	-8.575	-10.43	-0.074664	-0.01098	0.736392	-0.528	-1.3155	-2.784	0	158	1018	1
2026-02-11	16:37:47.990	1.925	-5.18	-11.655	-0.019276	-0.005124	0.762012	-0.5355	-1.311	-2.781	0	158	1018	1
2026-02-11	16:37:48.010	2.485	0.84	-10.745	0.01098	-0.00366	0.775676	-0.5415	-1.3095	-2.7855	0	166	1031	1
2026-02-11	16:37:48.030	2.24	8.435	-9.31	-0.016348	-0.00244	0.762988	-0.543	-1.3125	-2.7885	0	166	1031	1
2026-02-11	16:37:48.050	3.045	16.59	-9.205	-0.064172	-0.010736	0.72712	-0.543	-1.3155	-2.787	0	166	1031	1
2026-02-11	16:37:48.070	5.075	24.395	-10.605	-0.10858	-0.01952	0.703696	-0.534	-1.3155	-2.784	0	166	1031	1
2026-02-11	16:37:48.090	6.79	29.295	-12.25	-0.113216	-0.030988	0.720776	-0.5295	-1.317	-2.787	0	166	1031	1
2026-02-11	16:37:48.110	6.895	31.71	-13.545	-0.076128	-0.035624	0.768112	-0.5295	-1.317	-2.79	0	166	1031	1
2026-02-11	16:37:48.130	6.79	33.915	-14.91	-0.050264	-0.039284	0.824476	-0.5205	-1.3185	-2.793	0	166	1031	1
2026-02-11	16:37:48.150	7.07	35.385	-16.345	-0.028548	-0.04148	0.881084	-0.516	-1.3275	-2.793	0	166	1031	1
2026-02-11	16:37:48.170	6.685	35.175	-16.66	-0.021228	-0.056608	0.925248	-0.5085	-1.329	-2.787	0	166	1031	1
2026-02-11	16:37:48.190	4.83	31.395	-16.205	-0.04148	-0.072712	0.93452	-0.4995	-1.3245	-2.781	0	166	1031	1
2026-02-11	16:37:48.210	2.975	24.01	-17.36	-0.116144	-0.07564	0.933056	-0.498	-1.3245	-2.7855	0	174	1020	1
2026-02-11	16:37:48.230	3.22	16.625	-21.21	-0.158112	-0.082716	0.95282	-0.498	-1.326	-2.7915	0	174	1020	1
2026-02-11	16:37:48.250	3.605	9.275	-24.395	-0.10614	-0.09638	1.03456	-0.489	-1.329	-2.7915	0	174	1020	1
2026-02-11	16:37:48.270	1.47	1.575	-24.325	-0.01952	-0.128344	1.183644	-0.4875	-1.3365	-2.79	0	174	1020	1
2026-02-11	16:37:48.290	-5.145	-8.05	-20.37	0.062708	-0.162016	1.26026	-0.4935	-1.329	-2.796	0	174	1020	1
2026-02-11	16:37:48.310	-11.83	-16.625	-16.73	0.07564	-0.162748	1.211948	-0.501	-1.332	-2.802	0	174	1020	1
2026-02-11	16:37:48.330	-12.705	-19.67	-16.205	0.055144	-0.177632	1.086532	-0.498	-1.3305	-2.799	0	174	1020	1
2026-02-11	16:37:48.350	-8.295	-19.285	-17.43	-0.012688	-0.173484	0.954772	-0.495	-1.326	-2.7915	0	174	1020	1
2026-02-11	16:37:48.370	-1.96	-18.165	-18.795	-0.031476	-0.140056	0.913536	-0.4995	-1.323	-2.7915	0	174	1020	1
2026-02-11	16:37:48.390	2.905	-17.885	-18.865	0.044652	-0.109312	1.008208	-0.501	-1.3275	-2.79	0	174	1020	1
2026-02-11	16:37:48.410	1.47	-19.915	-15.435	0.17812	-0.110776	1.231468	-0.4995	-1.329	-2.7855	0	179	1011	1
2026-02-11	16:37:48.430	-9.205	-23.17	-7.84	0.266204	-0.135908	1.391288	-0.501	-1.329	-2.784	0	179	1011	1
2026-02-11	16:37:48.450	-22.12	-21.98	0.245	0.138592	-0.14274	1.302228	-0.5055	-1.3335	-2.784	0	179	1011	1
2026-02-11	16:37:48.470	-26.985	-19.285	3.85	-0.024156	-0.14274	1.16388	-0.5085	-1.3275	-2.7855	0	179	1011	1
2026-02-11	16:37:48.490	-22.47	-20.615	0.7	-0.163236	-0.11956	1.006744	-0.5085	-1.3245	-2.7885	0	179	1011	1
2026-02-11	16:37:48.510	-15.225	-22.295	-4.165	-0.119072	-0.099552	0.998936	-0.5085	-1.3245	-2.7885	0	179	1011	1
2026-02-11	16:37:48.530	-7.98	-15.995	-6.72	-0.047092	-0.095404	1.020896	-0.5175	-1.3215	-2.787	0	179	1011	1
2026-02-11	16:37:48.550	-3.815	-7.42	-5.635	-0.010492	-0.088084	1.024068	-0.528	-1.317	-2.7855	0	179	1011	1
2026-02-11	16:37:48.570	-2.38	-1.54	-3.64	-0.000488	-0.09076799	1.004548	-0.5265	-1.32	-2.7825	0	179	1011	1
2026-02-11	16:37:48.590	-2.38	1.61	-2.38	-0.004392	-0.094916	1.008452	-0.5175	-1.311	-2.7885	0	179	1011	1
2026-02-11	16:37:48.610	-3.675	3.815	-0.56	0.024156	-0.103212	1.012844	-0.5175	-1.314	-2.778	0	182	1020	1
2026-02-11	16:37:48.630	-5.67	6.02	2.835	0.086376	-0.110776	1.015772	-0.528	-1.3125	-2.7795	0	182	1020	1
2026-02-11	16:37:48.650	-6.825	8.54	7.21	0.109068	-0.105408	0.986248	-0.531	-1.308	-2.787	0	182	1020	1
2026-02-11	16:37:48.670	-5.11	11.095	11.13	0.088572	-0.0976	0.94062	-0.528	-1.311	-2.7735	0	182	1020	1
2026-02-11	16:37:48.690	-0.7	13.79	14	0.038064	-0.086132	0.916708	-0.522	-1.3035	-2.7885	0	182	1020	1
2026-02-11	16:37:48.710	4.41	16.065	16.03	0.0061	-0.091988	0.94306	-0.5295	-1.3095	-2.7915	0	182	1020	1
2026-02-11	16:37:48.730	7.595	16.94	17.535	-0.003172	-0.093696	0.957944	-0.522	-1.308	-2.7885	0	182	1020	1
2026-02-11	16:37:48.750	9.625	12.88	18.795	0.009516	-0.083692	0.992592	-0.513	-1.299	-2.7855	0	182	1020	1
2026-02-11	16:37:48.770	10.78	5.775	19.6	0.038796	-0.068564	1.080676	-0.513	-1.299	-2.7855	0	182	1020	1
2026-02-11	16:37:48.790	9.905	-0.805	18.9	0.059536	-0.07808	1.156804	-0.513	-1.305	-2.787	0	182	1020	1
2026-02-11	16:37:48.810	7.7	-3.115	15.295	0.034648	-0.109556	1.142896	-0.5175	-1.3125	-2.7855	0	181	1031	1
2026-02-11	16:37:48.830	7	-1.26	9.345	-0.011712	-0.14396	1.032608	-0.5205	-1.3125	-2.7885	0	181	1031	1
2026-02-11	16:37:48.850	9.24	1.575	2.625	-0.07076	-0.154452	0.901336	-0.513	-1.3125	-2.7945	0	181	1031	1
2026-02-11	16:37:48.870	13.335	4.585	-4.515	-0.112972	-0.147864	0.84546	-0.51	-1.3125	-2.7945	0	181	1031	1
2026-02-11	16:37:48.890	15.33	5.565	-10.01	-0.031476	-0.149084	1.03212	-0.5175	-1.314	-2.7915	0	181	1031	1
2026-02-11	16:37:48.910	6.125	1.575	-9.625	0.163236	-0.164212	1.27368	-0.5175	-1.317	-2.7885	0	181	1031	1
2026-02-11	16:37:48.930	-12.67	-5.005	-4.445	0.177632	-0.131272	1.329068	-0.5145	-1.3215	-2.784	0	181	1031	1
2026-02-11	16:37:48.950	-26.46	-4.795	-1.365	0.088084	-0.129076	1.164856	-0.516	-1.326	-2.7825	0	181	1031	1
2026-02-11	16:37:48.970	-27.02	-1.295	-3.57	-0.029036	-0.13176	0.999668	-0.5145	-1.317	-2.7915	0	181	1031	1
2026-02-11	16:37:48.990	-19.355	0.28	-9.695	-0.130296	-0.124196	0.866444	-0.5085	-1.3185	-2.7855	0	181	1031	1
2026-02-11	16:37:49.010	-10.22	-1.435	-16.66	-0.132736	-0.112484	0.796904	-0.522	-1.311	-2.7855	0	178	1038	1
2026-02-11	16:37:49.030	1.12	-2.765	-23.45	-0.046604	-0.096868	0.803004	-0.5145	-1.3035	-2.793	0	178	1038	1
2026-02-11	16:37:49.050	5.775	2.205	-24.57	-0.019032	-0.08174	0.82472	-0.5145	-1.3125	-2.7885	0	178	1038	1
2026-02-11	16:37:49.070	7.595	8.68	-23.485	-0.008052	-0.063684	0.855708	-0.5145	-1.323	-2.7825	0	178	1038	1
2026-02-11	16:37:49.090	6.335	12.18	-21.665	-0.009028	-0.062464	0.87474	-0.513	-1.3185	-2.7885	0	178	1038	1
2026-02-11	16:37:49.110	2.905	12.145	-20.125	-0.035624	-0.066612	0.85278	-0.5145	-1.3185	-2.793	0	178	1038	1
2026-02-11	16:37:49.130	-0.035	10.78	-19.46	-0.077104	-0.07686	0.8113	-0.5145	-1.32	-2.787	0	178	1038	1
2026-02-11	16:37:49.150	-0.875	9.485	-19.915	-0.127612	-0.069784	0.79544	-0.51	-1.3185	-2.79	0	178	1038	1
2026-02-11	16:37:49.170	-0.14	4.55	-21.84	-0.123708	-0.09076799	0.862784	-0.513	-1.323	-2.7915	0	178	1038	1
2026-02-11	16:37:49.190	-0.315	-1.155	-24.885	-0.091988	-0.11834	0.9211	-0.513	-1.3275	-2.7885	0	178	1038	1
2026-02-11	16:37:49.210	-0.42	-3.57	-27.965	-0.077348	-0.131272	0.928176	-0.507	-1.3275	-2.7855	0	174	1029	1
2026-02-11	16:37:49.230	1.05	-3.535	-29.68	-0.08418	-0.126148	0.925736	-0.507	-1.329	-2.7885	0	174	1029	1
2026-02-11	16:37:49.250	3.115	-3.115	-30.205	-0.064904	-0.129564	0.936472	-0.507	-1.3275	-2.79	0	174	1029	1
2026-02-11	16:37:49.270	5.495	-2.835	-31.115	-0.04392	-0.13176	0.932812	-0.504	-1.3275	-2.787	0	174	1029	1
2026-02-11	16:37:49.290	8.925	-2.24	-32.025	-0.022692	-0.141276	1.02114	-0.5055	-1.3305	-2.7855	0	174	1029	1
2026-02-11	16:37:49.310	8.155	-3.57	-30.03	0.111264	-0.14884	1.23708	-0.507	-1.332	-2.787	0	174	1029	1
2026-02-11	16:37:49.330	-0.63	-7.28	-23.73	0.270108	-0.16714	1.368108	-0.5055	-1.335	-2.784	0	174	1029	1
2026-02-11	16:37:49.350	-10.465	-8.4	-16.415	0.276208	-0.186416	1.302228	-0.504	-1.341	-2.787	0	174	1029	1
2026-02-11	16:37:49.370	-11.9	-5.495	-12.285	0.151768	-0.197884	1.1651	-0.5055	-1.344	-2.781	0	174	1029	1
2026-02-11	16:37:49.390	-5.74	-2.975	-12.495	0.04758	-0.20008	1.075796	-0.507	-1.341	-2.7855	0	174	1029	1
2026-02-11	16:37:49.410	1.89	-4.375	-15.26	0.02196	-0.190564	1.115324	-0.507	-1.3395	-2.7795	0	171	1021	1
2026-02-11	16:37:49.430	5.425	-9.94	-17.255	0.121756	-0.190076	1.257332	-0.507	-1.338	-2.7795	0	171	1021	1
2026-02-11	16:37:49.450	2.52	-15.295	-16.135	0.221552	-0.184708	1.351516	-0.507	-1.3365	-2.781	0	171	1021	1
2026-02-11	16:37:49.470	-2.52	-15.96	-12.775	0.203984	-0.162748	1.296128	-0.507	-1.3395	-2.7825	0	171	1021	1
2026-02-11	16:37:49.490	-4.655	-14.28	-9.415	0.098088	-0.157868	1.163392	-0.507	-1.3425	-2.784	0	171	1021	1
2026-02-11	16:37:49.510	-4.095	-16.415	-7.875	-0.030988	-0.141276	1.039196	-0.513	-1.341	-2.7855	0	171	1021	1
2026-02-11	16:37:49.530	-3.22	-22.575	-8.4	-0.068564	-0.121024	1.0004	-0.5175	-1.338	-2.778	0	171	1021	1
2026-02-11	16:37:49.550	-2.975	-26.11	-9.555	-0.011224	-0.112484	1.019676	-0.516	-1.3395	-2.7735	0	171	1021	1
2026-02-11	16:37:49.570	-3.01	-19.74	-8.26	0.049532	-0.103944	0.972584	-0.513	-1.3425	-2.772	0	171	1021	1
2026-02-11	16:37:49.590	-2.555	-11.97	-5.845	0.039772	-0.093452	0.884012	-0.513	-1.3425	-2.772	0	171	1021	1
2026-02-11	16:37:49.610	-1.4	-5.18	-3.885	0.002684	-0.066124	0.796904	-0.537	-1.347	-2.7735	0	170	1033	1
2026-02-11	16:37:49.630	0.595	0.035	-2.87	0.025376	-0.054656	0.777628	-0.534	-1.338	-2.7615	0	170	1033	1
2026-02-11	16:37:49.650	1.61	3.605	-1.89	0.104432	-0.066856	0.799588	-0.537	-1.344	-2.7735	0	170	1033	1
2026-02-11	16:37:49.670	1.365	6.44	0.245	0.155916	-0.075884	0.810568	-0.5355	-1.341	-2.7795	0	170	1033	1
2026-02-11	16:37:49.690	1.47	10.325	3.395	0.128588	-0.077348	0.787144	-0.5325	-1.3485	-2.775	0	170	1033	1
2026-02-11	16:37:49.710	2.94	15.47	6.335	0.077348	-0.067588	0.768356	-0.54	-1.35	-2.775	0	170	1033	1
2026-02-11	16:37:49.730	5.04	19.495	8.82	0.06954	-0.05124	0.813496	-0.5355	-1.3485	-2.772	0	170	1033	1
2026-02-11	16:37:49.750	5.11	20.86	10.99	0.05856	-0.031476	0.848388	-0.528	-1.3425	-2.7765	0	170	1033	1
2026-02-11	16:37:49.770	4.235	17.78	11.83	0.038796	-0.026352	0.88084	-0.519	-1.3395	-2.778	0	170	1033	1
2026-02-11	16:37:49.790	4.795	14.595	10.955	0.019764	-0.050508	0.938668	-0.5235	-1.3425	-2.775	0	170	1033	1
2026-02-11	16:37:49.810	6.37	14.315	10.815	0.024644	-0.067832	0.999912	-0.5235	-1.362	-2.781	0	170	1030	1
2026-02-11	16:37:49.830	6.79	13.055	13.195	-0.004148	-0.054412	1.046272	-0.516	-1.35	-2.781	0	170	1030	1
2026-02-11	16:37:49.850	6.475	7.56	14	-0.058804	-0.039772	1.055788	-0.516	-1.35	-2.781	0	170	1030	1
2026-02-11	16:37:49.870	8.33	3.71	11.9	-0.110288	-0.045872	1.084336	-0.5175	-1.347	-2.781	0	170	1030	1
2026-02-11	16:37:49.890	11.375	1.715	9.415	-0.135664	-0.040748	1.139236	-0.5205	-1.3455	-2.7765	0	170	1030	1
2026-02-11	16:37:49.910	12.67	-1.4	7.735	-0.140544	-0.03172	1.225856	-0.525	-1.347	-2.7735	0	170	1030	1
2026-02-11	16:37:49.930	10.15	-6.825	6.475	-0.077836	-0.049288	1.318576	-0.528	-1.3485	-2.775	0	170	1030	1
2026-02-11	16:37:49.950	5.32	-9.73	5.635	0.073444	-0.083692	1.37006	-0.5265	-1.353	-2.778	0	170	1030	1
2026-02-11	16:37:49.970	2.73	-4.62	4.9	0.09028	-0.10614	1.275876	-0.5205	-1.3545	-2.781	0	170	1030	1
2026-02-11	16:37:49.990	5.74	4.935	3.15	-0.01708	-0.12566	1.077016	-0.5295	-1.353	-2.7825	0	170	1030	1
2026-02-11	16:37:50.010	12.74	10.36	0.245	-0.044408	-0.1342	0.985516	-0.5295	-1.353	-2.7825	0	170	1028	1
2026-02-11	16:37:50.030	13.195	7.63	-0.63	0.030744	-0.126636	1.043588	-0.5205	-1.356	-2.769	0	170	1028	1
2026-02-11	16:37:50.050	7.945	1.085	0.175	0.124196	-0.120536	1.153388	-0.5175	-1.3485	-2.7705	0	170	1028	1
2026-02-11	16:37:50.070	-0.84	-2.31	2.59	0.168116	-0.10614	1.210728	-0.516	-1.3605	-2.769	0	170	1028	1
2026-02-11	16:37:50.090	-8.645	-0.63	5.18	0.141032	-0.11102	1.179008	-0.528	-1.362	-2.7705	0	170	1028	1
2026-02-11	16:37:50.110	-14.35	1.295	6.685	-0.0183	-0.11834	1.051884	-0.531	-1.3605	-2.772	0	170	1028	1
2026-02-11	16:37:50.130	-15.54	-2.94	4.48	-0.11224	-0.120292	0.964044	-0.531	-1.3605	-2.769	0	170	1028	1
2026-02-11	16:37:50.150	-15.015	-8.855	-0.35	-0.1464	-0.107848	0.870104	-0.5265	-1.3605	-2.7645	0	170	1028	1
2026-02-11	16:37:50.170	-11.48	-12.39	-6.265	-0.146156	-0.100284	0.791536	-0.525	-1.359	-2.7675	0	170	1028	1
2026-02-11	16:37:50.190	-5.6	-11.62	-10.85	-0.130052	-0.101016	0.760548	-0.5295	-1.3545	-2.7735	0	170	1028	1
2026-02-11	16:37:50.210	0.035	-7.385	-12.635	-0.114924	-0.110044	0.750788	-0.528	-1.356	-2.772	0	171	1036	1
2026-02-11	16:37:50.230	4.13	-2.345	-12.425	-0.103456	-0.096624	0.722484	-0.528	-1.3605	-2.772	0	171	1036	1
2026-02-11	16:37:50.250	7.525	0.49	-12.005	-0.082716	-0.084424	0.716628	-0.534	-1.3575	-2.7735	0	171	1036	1
2026-02-11	16:37:50.270	9.73	2.415	-11.48	-0.061732	-0.07905599	0.726388	-0.534	-1.359	-2.775	0	171	1036	1
2026-02-11	16:37:50.290	10.36	4.585	-9.94	-0.06466	-0.077836	0.723948	-0.5325	-1.362	-2.7825	0	171	1036	1
2026-02-11	16:37:50.310	10.5	6.825	-7.7	-0.084912	-0.069296	0.727852	-0.5355	-1.362	-2.784	0	171	1036	1
2026-02-11	16:37:50.330	10.64	8.365	-5.915	-0.092964	-0.060512	0.769332	-0.534	-1.3665	-2.7765	0	171	1036	1
2026-02-11	16:37:50.350	9.975	8.19	-5.075	-0.092476	-0.066368	0.833016	-0.534	-1.368	-2.775	0	171	1036	1
2026-02-11	16:37:50.370	8.96	7.875	-4.865	-0.121512	-0.0488	0.908168	-0.5355	-1.368	-2.7765	0	171	1036	1
2026-02-11	16:37:50.390	9.135	9.38	-6.615	-0.138348	-0.061976	0.99796	-0.534	-1.3665	-2.7765	0	171	1036	1
2026-02-11	16:37:50.410	8.61	11.06	-8.995	-0.14396	-0.068564	1.040416	-0.5385	-1.377	-2.772	0	174	1021	1
2026-02-11	16:37:50.430	8.47	13.37	-10.92	-0.171044	-0.059536	1.03212	-0.5295	-1.389	-2.7705	0	174	1021	1
2026-02-11	16:37:50.450	10.5	15.365	-13.02	-0.161772	-0.05368	1.029924	-0.5265	-1.383	-2.7675	0	174	1021	1
2026-02-11	16:37:50.470	14.98	16.31	-15.89	-0.098088	-0.071492	1.071404	-0.522	-1.38	-2.7615	0	174	1021	1
2026-02-11	16:37:50.490	17.92	14.525	-15.085	0.030256	-0.109556	1.252208	-0.5145	-1.3815	-2.7675	0	174	1021	1
2026-02-11	16:37:50.510	12.215	4.235	-8.645	0.198372	-0.137128	1.44448	-0.51	-1.3845	-2.7735	0	174	1021	1
2026-02-11	16:37:50.530	0.035	-6.265	-1.225	0.310124	-0.122732	1.474736	-0.5145	-1.386	-2.775	0	174	1021	1
2026-02-11	16:37:50.550	-6.475	-7.42	4.76	0.283772	-0.124196	1.343952	-0.5175	-1.389	-2.7735	0	174	1021	1
2026-02-11	16:37:50.570	-3.745	-4.13	8.575	0.165188	-0.132004	1.171932	-0.516	-1.3875	-2.769	0	174	1021	1
2026-02-11	16:37:50.590	2.695	-5.81	10.08	0.082716	-0.125172	1.110444	-0.513	-1.386	-2.766	0	174	1021	1
2026-02-11	16:37:50.610	6.44	-13.615	10.045	0.114192	-0.124684	1.178032	-0.516	-1.389	-2.7645	0	178	1018	1
2026-02-11	16:37:50.630	4.9	-22.54	10.115	0.18544	-0.102724	1.275144	-0.5205	-1.386	-2.7645	0	178	1018	1
2026-02-11	16:37:50.650	-0.805	-26.11	11.83	0.257176	-0.07686	1.379576	-0.5205	-1.3845	-2.7645	0	178	1018	1
2026-02-11	16:37:50.670	-4.305	-23.1	13.93	0.198616	-0.062464	1.329312	-0.5205	-1.3845	-2.7645	0	178	1018	1
2026-02-11	16:37:50.690	-5.6	-19.53	14.595	0.059292	-0.063684	1.181936	-0.5385	-1.3845	-2.769	0	178	1018	1
2026-02-11	16:37:50.710	-4.375	-17.115	13.615	-0.058072	-0.06344	1.030412	-0.537	-1.3785	-2.7645	0	178	1018	1
2026-02-11	16:37:50.730	-2.205	-16.415	12.32	-0.09394	-0.050996	0.9394	-0.5325	-1.383	-2.7615	0	178	1018	1
2026-02-11	16:37:50.750	0.105	-14.63	11.515	-0.045872	-0.04148	0.935008	-0.537	-1.3845	-2.766	0	178	1018	1
2026-02-11	16:37:50.770	1.33	-9.555	11.76	0.03172	-0.0366	0.980636	-0.543	-1.38	-2.7615	0	178	1018	1
2026-02-11	16:37:50.790	0.21	-1.575	13.615	0.08784	-0.03294	1.00528	-0.546	-1.38	-2.766	0	178	1018	1
2026-02-11	16:37:50.810	-2.03	7.91	16.94	0.081984	-0.025132	0.956724	-0.54	-1.377	-2.7705	0	183	1040	1
2026-02-11	16:37:50.830	-3.325	15.785	20.58	0.050996	-0.012932	0.873032	-0.549	-1.38	-2.7675	0	183	1040	1
2026-02-11	16:37:50.850	-3.255	19.565	23.17	0.026352	-0.009028	0.824964	-0.549	-1.365	-2.7615	0	183	1040	1
2026-02-11	16:37:50.870	-2.415	20.685	24.535	0.029768	-0.029524	0.843996	-0.5475	-1.374	-2.769	0	183	1040	1
2026-02-11	16:37:50.890	-1.575	21.84	25.55	0.071492	-0.039528	0.894504	-0.54	-1.3695	-2.766	0	183	1040	1
2026-02-11	16:37:50.910	0.105	23.555	27.37	0.111508	-0.047336	0.962092	-0.5415	-1.362	-2.7645	0	183	1040	1
2026-02-11	16:37:50.930	-0.56	24.185	33.565	0.137616	-0.068808	1.090436	-0.54	-1.3605	-2.766	0	183	1040	1
2026-02-11	16:37:50.950	-3.5	21.84	39.55	0.119804	-0.074664	1.087752	-0.54	-1.3605	-2.766	0	183	1040	1
2026-02-11	16:37:50.970	-4.97	16.275	45.045	0.087352	-0.058804	1.093364	-0.537	-1.3605	-2.7735	0	183	1040	1
2026-02-11	16:37:50.990	-6.3	8.925	49.175	0.0854	-0.057584	1.142652	-0.5325	-1.359	-2.775	0	183	1040	1
2026-02-11	16:37:51.010	-9.52	0.315	50.995	0.067832	-0.036356	1.160464	-0.5355	-1.362	-2.778	0	188	1054	1
2026-02-11	16:37:51.030	-12.53	-7.14	49.385	0.00366	-0.011956	1.147532	-0.531	-1.35	-2.7735	0	188	1054	1
2026-02-11	16:37:51.050	-14.42	-12.145	45.78	-0.030012	-0.022204	1.149484	-0.5445	-1.347	-2.7855	0	188	1054	1
2026-02-11	16:37:51.070	-16.905	-17.395	42.7	0.006832	-0.06344	1.173396	-0.5355	-1.347	-2.7705	0	188	1054	1
2026-02-11	16:37:51.090	-19.425	-20.72	40.39	0.081496	-0.094184	1.14802	-0.5385	-1.35	-2.7795	0	188	1054	1
2026-02-11	16:37:51.110	-17.675	-18.095	37.1	0.070272	-0.099552	1.018212	-0.5445	-1.3395	-2.766	0	188	1054	1
2026-02-11	16:37:51.130	-8.925	-11.55	32.48	0.025376	-0.09857599	0.892064	-0.552	-1.323	-2.775	0	188	1054	1
2026-02-11	16:37:51.150	1.89	-4.865	27.93	0.037088	-0.105896	0.882548	-0.5535	-1.3215	-2.772	0	188	1054	1
2026-02-11	16:37:51.170	7.7	-0.42	24.5	0.06466	-0.10614	0.935984	-0.558	-1.308	-2.772	0	188	1054	1
2026-02-11	16:37:51.190	4.62	3.045	21.035	0.105896	-0.08784	1.019188	-0.5475	-1.3185	-2.7675	0	188	1054	1
2026-02-11	16:37:51.210	-2.345	6.195	20.16	0.111264	-0.073932	1.072136	-0.5505	-1.3155	-2.7675	0	188	1061	1
2026-02-11	16:37:51.230	-10.325	9.625	19.915	0.070272	-0.064904	1.069696	-0.5505	-1.314	-2.769	0	188	1061	1
2026-02-11	16:37:51.250	-16.765	12.075	18.69	0.006344	-0.048312	1.0248	-0.5445	-1.3155	-2.7645	0	188	1061	1
2026-02-11	16:37:51.270	-18.865	12.39	15.26	-0.045872	-0.0305	0.966972	-0.543	-1.3125	-2.7645	0	188	1061	1
2026-02-11	16:37:51.290	-16.8	10.465	9.135	-0.077104	-0.028548	0.926712	-0.543	-1.305	-2.772	0	188	1061	1
2026-02-11	16:37:51.310	-11.97	7.28	1.015	-0.070516	-0.022936	0.909144	-0.5385	-1.3005	-2.7735	0	188	1061	1
2026-02-11	16:37:51.330	-5.04	4.585	-7.42	-0.061488	-0.0122	0.899872	-0.5415	-1.296	-2.7705	0	188	1061	1
2026-02-11	16:37:51.350	2.975	3.43	-15.155	-0.048068	-0.009272	0.923052	-0.5415	-1.3005	-2.769	0	188	1061	1
2026-02-11	16:37:51.370	9.24	3.5	-21.455	-0.03782	-0.008784	0.939156	-0.54	-1.302	-2.772	0	188	1061	1
2026-02-11	16:37:51.390	12.775	2.625	-26.88	-0.039284	-0.005612	0.951112	-0.5415	-1.3035	-2.7735	0	188	1061	1
2026-02-11	16:37:51.410	14.07	1.645	-31.885	-0.038796	0.001464	0.97356	-0.5415	-1.3095	-2.778	0	186	1056	1
2026-02-11	16:37:51.430	14.245	2.03	-36.715	-0.027328	0.012932	0.993324	-0.5415	-1.311	-2.7735	0	186	1056	1
2026-02-11	16:37:51.450	13.79	3.815	-41.475	-0.025864	0.016348	0.99796	-0.537	-1.3185	-2.7645	0	186	1056	1
2026-02-11	16:37:51.470	13.86	8.505	-49.385	-0.079544	0.036844	0.96502	-0.534	-1.326	-2.766	0	186	1056	1
2026-02-11	16:37:51.490	15.89	12.145	-56.84	-0.108824	0.046116	0.948428	-0.5355	-1.3275	-2.7705	0	186	1056	1
2026-02-11	16:37:51.510	18.9	15.155	-65.45	-0.100528	0.048068	0.973316	-0.5355	-1.332	-2.7765	0	186	1056	1
2026-02-11	16:37:51.530	20.44	17.22	-73.15	-0.05612	0.04026	1.010892	-0.531	-1.338	-2.778	0	186	1056	1
2026-02-11	16:37:51.550	19.53	18.165	-78.96	-0.020008	0.023424	1.033096	-0.5295	-1.344	-2.7735	0	186	1056	1
2026-02-11	16:37:51.570	17.395	19.005	-83.09	-0.0122	0.015128	1.02968	-0.5265	-1.3515	-2.772	0	186	1056	1
2026-02-11	16:37:51.590	15.26	18.725	-85.715	0.005368	0.006344	1.03822	-0.516	-1.356	-2.7765	0	186	1056	1
2026-02-11	16:37:51.610	11.515	15.435	-86.87	0.039284	-0.00976	1.042368	-0.51	-1.3605	-2.781	0	180	1044	1
2026-02-11	16:37:51.630	6.615	9.905	-87.29	0.052704	-0.031232	1.039928	-0.5055	-1.368	-2.781	0	180	1044	1
2026-02-11	16:37:51.650	1.89	4.235	-87.22	0.076128	-0.054412	1.03334	-0.5025	-1.3725	-2.781	0	180	1044	1
2026-02-11	16:37:51.670	-2.135	-1.225	-86.59	0.077104	-0.062952	1.016016	-0.5025	-1.377	-2.784	0	180	1044	1
2026-02-11	16:37:51.690	-4.76	-7.105	-86.24	0.076372	-0.057828	0.976976	-0.4965	-1.3755	-2.7855	0	180	1044	1
2026-02-11	16:37:51.710	-4.76	-12.705	-87.185	0.095892	-0.060756	0.965752	-0.495	-1.377	-2.787	0	180	1044	1
2026-02-11	16:37:51.730	-2.835	-15.015	-88.97	0.09028	-0.071004	0.945744	-0.4965	-1.3785	-2.7885	0	180	1044	1
2026-02-11	16:37:51.750	0.315	-13.755	-90.3	0.110532	-0.063196	0.91988	-0.4965	-1.3755	-2.7855	0	180	1044	1
2026-02-11	16:37:51.770	2.275	-13.16	-90.125	0.144936	-0.051728	0.91378	-0.4845	-1.38	-2.784	0	180	1044	1
2026-02-11	16:37:51.790	2.485	-14.735	-89.11	0.16348	-0.02562	0.91622	-0.483	-1.3935	-2.7765	0	180	1044	1
2026-02-11	16:37:51.810	1.54	-17.325	-88.445	0.183244	-0.016836	0.964532	-0.4905	-1.3875	-2.784	0	172	1034	1
2026-02-11	16:37:51.830	-1.155	-18.41	-88.095	0.173972	-0.011224	1.004792	-0.4845	-1.4025	-2.7825	0	172	1034	1
2026-02-11	16:37:51.850	-4.725	-18.025	-87.92	0.15982	-0.01464	1.023092	-0.48	-1.401	-2.784	0	172	1034	1
2026-02-11	16:37:51.870	-8.19	-17.045	-88.305	0.159088	-0.012444	1.011624	-0.477	-1.3995	-2.787	0	172	1034	1
2026-02-11	16:37:51.890	-10.745	-16.73	-89.25	0.14884	-0.015128	0.99064	-0.486	-1.4085	-2.79	0	172	1034	1
2026-02-11	16:37:51.910	-11.165	-16.59	-90.755	0.163236	-0.000244	0.976488	-0.4725	-1.4085	-2.784	0	172	1034	1
2026-02-11	16:37:51.930	-9.275	-15.33	-92.505	0.199348	0.00854	0.987224	-0.4755	-1.401	-2.7915	0	172	1034	1
2026-02-11	16:37:51.950	-7.21	-14.035	-93.415	0.23546	0.008784	1.007476	-0.468	-1.404	-2.7885	0	172	1034	1
2026-02-11	16:37:51.970	-6.72	-13.44	-93.03	0.255956	0.011224	1.045784	-0.4815	-1.4115	-2.7855	0	172	1034	1
2026-02-11	16:37:51.990	-7.77	-11.445	-92.05	0.260348	0.016348	1.054812	-0.4725	-1.4115	-2.787	0	172	1034	1
2026-02-11	16:37:52.010	-8.365	-5.985	-90.755	0.243024	0.035624	1.044076	-0.4725	-1.4115	-2.787	0	164	1027	1
2026-02-11	16:37:52.030	-8.19	-4.2	-90.335	0.227408	0.039772	1.032364	-0.4605	-1.413	-2.7825	0	164	1027	1
2026-02-11	16:37:52.050	-7.735	-3.395	-90.545	0.219844	0.05124	1.040172	-0.4575	-1.4115	-2.778	0	164	1027	1
2026-02-11	16:37:52.070	-7	-1.435	-91.315	0.214232	0.044408	1.053104	-0.453	-1.41	-2.79	0	164	1027	1
2026-02-11	16:37:52.090	-6.16	2.24	-91.805	0.210328	0.040992	1.0614	-0.447	-1.413	-2.7915	0	164	1027	1
2026-02-11	16:37:52.110	-5.74	5.565	-92.19	0.209108	0.037088	1.039684	-0.444	-1.419	-2.79	0	164	1027	1
2026-02-11	16:37:52.130	-5.005	6.37	-92.575	0.229848	0.028548	1.021384	-0.4395	-1.4145	-2.787	0	164	1027	1
2026-02-11	16:37:52.150	-3.71	6.02	-92.61	0.2501	0.007564	1.022116	-0.435	-1.4085	-2.7855	0	164	1027	1
2026-02-11	16:37:52.170	-2.135	6.125	-91.525	0.258396	-0.007808	1.031632	-0.4245	-1.41	-2.79	0	164	1027	1
2026-02-11	16:37:52.190	-0.455	7.14	-89.67	0.258396	-0.006588	1.0309	-0.423	-1.4145	-2.7885	0	164	1027	1
2026-02-11	16:37:52.210	1.155	8.925	-87.535	0.2623	0	1.02846	-0.423	-1.4145	-2.787	0	155	1027	1
2026-02-11	16:37:52.230	2.17	10.01	-85.19	0.2623	0.009516	1.01992	-0.405	-1.4175	-2.7795	0	155	1027	1
2026-02-11	16:37:52.250	2.17	9.065	-82.635	0.260836	0.022936	1.021384	-0.411	-1.416	-2.7855	0	155	1027	1
2026-02-11	16:37:52.270	1.19	5.775	-79.8	0.246196	0.038552	1.040904	-0.402	-1.416	-2.787	0	155	1027	1
2026-02-11	16:37:52.290	-0.42	2.695	-78.54	0.222772	0.036844	1.037976	-0.402	-1.416	-2.787	0	155	1027	1
2026-02-11	16:37:52.310	-0.91	2.135	-79.345	0.174704	0.032696	0.994056	-0.3885	-1.413	-2.7795	0	155	1027	1
2026-02-11	16:37:52.330	0.07	2.695	-81.2	0.141276	0.021228	0.975024	-0.375	-1.4145	-2.7765	0	155	1027	1
2026-02-11	16:37:52.350	0.595	2.1	-83.265	0.130296	0.012932	0.984296	-0.3765	-1.4115	-2.7885	0	155	1027	1
2026-02-11	16:37:52.370	-0.245	0.875	-84.945	0.15494	0.005368	1.015772	-0.3765	-1.4085	-2.79	0	155	1027	1
2026-02-11	16:37:52.390	-2.03	1.645	-85.155	0.198616	-0.004392	1.04066	-0.369	-1.413	-2.7825	0	155	1027	1
2026-02-11	16:37:52.410	-4.165	4.305	-83.51	0.221308	-0.012444	1.046516	-0.3645	-1.416	-2.7825	0	147	1032	1
2026-02-11	16:37:52.430	-6.09	7	-80.745	0.227408	-0.016592	1.053836	-0.363	-1.416	-2.7825	0	147	1032	1
2026-02-11	16:37:52.450	-7.665	9.8	-77.98	0.236436	-0.023668	1.051884	-0.354	-1.4145	-2.781	0	147	1032	1
2026-02-11	16:37:52.470	-9.52	12.705	-75.25	0.244976	-0.028548	1.042368	-0.342	-1.4085	-2.7825	0	147	1032	1
2026-02-11	16:37:52.490	-11.235	14.84	-72.275	0.260348	-0.028548	1.027728	-0.336	-1.404	-2.784	0	147	1032	1
2026-02-11	16:37:52.510	-11.83	16.03	-69.37	0.26352	-0.04392	1.02236	-0.339	-1.404	-2.784	0	147	1032	1
2026-02-11	16:37:52.530	-11.165	16.555	-66.5	0.248148	-0.058316	1.03944	-0.336	-1.3965	-2.7885	0	147	1032	1
2026-02-11	16:37:52.550	-10.99	17.325	-62.23	0.183976	-0.06344	1.039196	-0.33	-1.3965	-2.784	0	147	1032	1
2026-02-11	16:37:52.570	-10.395	17.01	-60.48	0.133956	-0.053436	1.023092	-0.3225	-1.395	-2.7825	0	147	1032	1
2026-02-11	16:37:52.590	-8.89	16.345	-60.13	0.09467199	-0.055632	1.018212	-0.3105	-1.395	-2.7795	0	147	1032	1
2026-02-11	16:37:52.610	-7.49	16.205	-60.41	0.049044	-0.05612	1.007964	-0.309	-1.3905	-2.7825	0	139	1036	1
2026-02-11	16:37:52.630	-6.51	16.765	-60.585	0.036356	-0.054656	0.9943	-0.3075	-1.3845	-2.784	0	139	1036	1
2026-02-11	16:37:52.650	-5.285	18.725	-59.955	0.035136	-0.055876	0.974292	-0.2985	-1.38	-2.781	0	139	1036	1
2026-02-11	16:37:52.670	-3.57	21.245	-58.38	0.034648	-0.055144	0.942816	-0.2925	-1.374	-2.7825	0	139	1036	1
2026-02-11	16:37:52.690	-1.33	20.755	-56.91	0.043676	-0.04636	0.9394	-0.2835	-1.374	-2.7825	0	139	1036	1
2026-02-11	16:37:52.710	2.555	15.715	-56.77	0.092476	-0.04392	0.913048	-0.279	-1.3755	-2.7825	0	139	1036	1
2026-02-11	16:37:52.730	5.46	10.675	-56.35	0.114924	-0.0549	0.93208	-0.2775	-1.3695	-2.7825	0	139	1036	1
2026-02-11	16:37:52.750	6.825	5.635	-55.615	0.110776	-0.06222	0.957212	-0.27	-1.371	-2.7825	0	139	1036	1
2026-02-11	16:37:52.770	6.125	2.45	-54.355	0.095892	-0.074176	0.968192	-0.2685	-1.3725	-2.781	0	139	1036	1
2026-02-11	16:37:52.790	4.27	-0.07	-51.835	0.06734399	-0.088816	0.975024	-0.267	-1.368	-2.775	0	139	1036	1
2026-02-11	16:37:52.810	1.19	-1.295	-47.39	0.025864	-0.09394	0.96014	-0.267	-1.374	-2.772	0	131	1035	1
2026-02-11	16:37:52.830	-1.575	-1.61	-41.895	0.01952	-0.093696	0.943304	-0.27	-1.38	-2.7735	0	131	1035	1
2026-02-11	16:37:52.850	-1.785	-3.325	-36.82	0.017568	-0.088084	0.946964	-0.2505	-1.359	-2.775	0	131	1035	1
2026-02-11	16:37:52.870	-0.21	-4.48	-32.725	-0.001708	-0.08174	0.965508	-0.2565	-1.356	-2.772	0	131	1035	1
2026-02-11	16:37:52.890	2.94	-4.69	-30.975	-0.002684	-0.07686	0.993812	-0.2595	-1.35	-2.781	0	131	1035	1
2026-02-11	16:37:52.910	5.635	-4.55	-31.36	-0.0244	-0.069052	1.012356	-0.261	-1.365	-2.7735	0	131	1035	1
2026-02-11	16:37:52.930	6.86	-4.69	-33.39	-0.053436	-0.058072	0.998692	-0.264	-1.362	-2.7705	0	131	1035	1
2026-02-11	16:37:52.950	6.79	-6.51	-36.435	-0.060024	-0.060512	1.00284	-0.2655	-1.353	-2.7765	0	131	1035	1
2026-02-11	16:37:52.970	4.305	-9.205	-39.62	-0.05002	-0.061732	1.040172	-0.258	-1.3575	-2.778	0	131	1035	1
2026-02-11	16:37:52.990	-1.05	-11.025	-42.84	-0.029524	-0.075396	1.082872	-0.2505	-1.3545	-2.7675	0	131	1035	1
2026-02-11	16:37:53.010	-8.82	-10.255	-46.725	-0.002928	-0.097844	1.131184	-0.2595	-1.3485	-2.772	0	126	1029	1
2026-02-11	16:37:53.030	-19.11	-6.895	-51.485	-0.0244	-0.100772	1.098976	-0.2595	-1.3425	-2.7765	0	126	1029	1
2026-02-11	16:37:53.050	-28.595	-6.965	-57.085	-0.039284	-0.103212	1.050664	-0.2595	-1.3425	-2.772	0	126	1029	1
2026-02-11	16:37:53.070	-36.225	-8.68	-60.655	-0.041968	-0.110776	1.030168	-0.2565	-1.3395	-2.772	0	126	1029	1
2026-02-11	16:37:53.090	-45.71	-8.68	-59.605	-0.033428	-0.116876	1.035536	-0.2535	-1.3365	-2.7765	0	126	1029	1
2026-02-11	16:37:53.110	-50.05	-5.25	-56.665	-0.056364	-0.108824	1.026996	-0.2535	-1.3365	-2.7765	0	126	1029	1
2026-02-11	16:37:53.130	-51.87	-0.665	-53.655	-0.059536	-0.092964	1.030412	-0.249	-1.3095	-2.7765	0	126	1029	1
2026-02-11	16:37:53.150	-51.94	3.255	-50.715	-0.070516	-0.08052	1.014796	-0.252	-1.3005	-2.7675	0	126	1029	1
2026-02-11	16:37:53.170	-50.085	5.915	-48.51	-0.082716	-0.068076	0.980148	-0.2505	-1.2945	-2.772	0	126	1029	1
2026-02-11	16:37:53.190	-46.585	8.155	-47.04	-0.0854	-0.044896	0.956968	-0.252	-1.2795	-2.772	0	126	1029	1
2026-02-11	16:37:53.210	-42.49	9.87	-45.745	-0.072956	-0.024888	0.949648	-0.246	-1.2735	-2.7705	0	122	1028	1
2026-02-11	16:37:53.230	-38.71	11.935	-44.555	-0.01342	-0.049532	0.972584	-0.249	-1.2585	-2.766	0	122	1028	1
2026-02-11	16:37:53.250	-34.685	16.31	-44.03	-0.01342	-0.054168	0.937448	-0.2475	-1.251	-2.778	0	122	1028	1
2026-02-11	16:37:53.270	-28.875	21.63	-45.955	-0.08686399	-0.066368	0.890112	-0.228	-1.2435	-2.7675	0	122	1028	1
2026-02-11	16:37:53.290	-20.825	24.535	-52.255	-0.122244	-0.079544	0.815692	-0.2385	-1.248	-2.7615	0	122	1028	1
2026-02-11	16:37:53.310	-8.33	18.095	-61.74	-0.026108	-0.096868	0.903044	-0.219	-1.2315	-2.745	0	122	1028	1
2026-02-11	16:37:53.330	1.61	18.865	-67.62	0.038796	-0.119072	1.00528	-0.222	-1.2255	-2.7465	0	122	1028	1
2026-02-11	16:37:53.350	8.015	21.245	-70.105	0.028792	-0.154452	1.027484	-0.2265	-1.224	-2.751	0	122	1028	1
2026-02-11	16:37:53.370	12.11	20.265	-71.435	0.00732	-0.167872	1.001376	-0.2265	-1.224	-2.751	0	122	1028	1
2026-02-11	16:37:53.390	14.875	16.975	-72.73	0.028304	-0.165188	1.0126	-0.2205	-1.221	-2.751	0	122	1028	1
2026-02-11	16:37:53.410	15.925	12.495	-72.835	0.089792	-0.18178	1.052372	-0.216	-1.2195	-2.748	0	119	1024	1
2026-02-11	16:37:53.430	15.47	9.31	-71.61	0.112972	-0.194712	1.04188	-0.219	-1.218	-2.748	0	119	1024	1
2026-02-11	16:37:53.450	16.485	8.295	-71.015	0.12566	-0.180316	1.01992	-0.2175	-1.215	-2.751	0	119	1024	1
2026-02-11	16:37:53.470	18.935	8.225	-71.26	0.15372	-0.181292	1.011136	-0.2145	-1.2135	-2.748	0	119	1024	1
2026-02-11	16:37:53.490	20.72	7.665	-70.56	0.174704	-0.169092	0.987712	-0.21	-1.2105	-2.748	0	119	1024	1
2026-02-11	16:37:53.510	22.225	5.985	-68.845	0.20862	-0.140788	0.96258	-0.207	-1.2075	-2.748	0	119	1024	1
2026-02-11	16:37:53.530	23.73	4.025	-66.535	0.209352	-0.142008	0.964044	-0.2085	-1.2075	-2.745	0	119	1024	1
2026-02-11	16:37:53.550	23.03	3.535	-65.52	0.219844	-0.132248	0.994788	-0.21	-1.2045	-2.7465	0	119	1024	1
2026-02-11	16:37:53.570	19.915	3.325	-66.255	0.204716	-0.126148	0.999668	-0.219	-1.1985	-2.7465	0	119	1024	1
2026-02-11	16:37:53.590	16.345	3.605	-68.355	0.198128	-0.110288	0.983564	-0.2145	-1.209	-2.7435	0	119	1024	1
2026-02-11	16:37:53.610	13.615	4.2	-70.77	0.213744	-0.09272	0.966484	-0.222	-1.2045	-2.7345	0	118	1021	1
2026-02-11	16:37:53.630	8.505	4.655	-71.575	0.220332	-0.06954	0.968192	-0.2085	-1.2015	-2.742	0	118	1021	1
2026-02-11	16:37:53.650	3.675	3.08	-70.665	0.229848	-0.066856	1.002352	-0.2085	-1.2	-2.7435	0	118	1021	1
2026-02-11	16:37:53.670	-2.205	0.945	-69.475	0.23912	-0.07515199	1.033096	-0.21	-1.194	-2.742	0	118	1021	1
2026-02-11	16:37:53.690	-8.12	-0.07	-68.495	0.244488	-0.07442	1.04798	-0.213	-1.191	-2.736	0	118	1021	1
2026-02-11	16:37:53.710	-12.81	-0.525	-67.97	0.255956	-0.064416	1.031144	-0.2145	-1.188	-2.7345	0	118	1021	1
2026-02-11	16:37:53.730	-15.19	-1.015	-67.55	0.23058	-0.065636	1.002108	-0.213	-1.1775	-2.7345	0	118	1021	1
2026-02-11	16:37:53.750	-15.19	-1.47	-67.935	0.203984	-0.063196	0.970876	-0.2115	-1.1715	-2.733	0	118	1021	1
2026-02-11	16:37:53.770	-12.985	-2.03	-68.53	0.196908	-0.06466	0.947452	-0.207	-1.167	-2.736	0	118	1021	1
2026-02-11	16:37:53.790	-9.275	-2.345	-68.74	0.210572	-0.06344	0.946232	-0.213	-1.161	-2.7345	0	118	1021	1
2026-02-11	16:37:53.810	-5.215	-1.54	-68.495	0.23302	-0.064416	0.98088	-0.2205	-1.1535	-2.7345	0	118	1018	1
2026-02-11	16:37:53.830	-2.275	0	-68.285	0.22814	-0.06466	0.99064	-0.222	-1.143	-2.7315	0	118	1018	1
2026-02-11	16:37:53.850	-0.805	0.455	-68.18	0.214964	-0.055388	0.992104	-0.2205	-1.14	-2.73	0	118	1018	1
2026-02-11	16:37:53.870	-0.77	-0.7	-67.62	0.206424	-0.049532	0.990152	-0.219	-1.137	-2.733	0	118	1018	1
2026-02-11	16:37:53.890	-1.75	-2.275	-66.395	0.181536	-0.01708	0.994544	-0.219	-1.137	-2.733	0	118	1018	1
2026-02-11	16:37:53.910	-2.345	-2.87	-66.92	0.154696	0.01708	1.007232	-0.2205	-1.14	-2.7345	0	118	1018	1
2026-02-11	16:37:53.930	-2.73	-3.045	-69.405	0.13908	0.0183	1.047492	-0.231	-1.1295	-2.7225	0	118	1018	1
2026-02-11	16:37:53.950	-3.64	-1.925	-72.1	0.149084	-0.005856	1.084092	-0.2355	-1.1175	-2.7345	0	118	1018	1
2026-02-11	16:37:53.970	-4.62	2.31	-72.94	0.186416	-0.027572	1.097756	-0.2385	-1.1145	-2.7225	0	118	1018	1
2026-02-11	16:37:53.990	-5.915	9.24	-70.63	0.176412	-0.059048	1.050176	-0.2445	-1.11	-2.7255	0	118	1018	1
2026-02-11	16:37:54.010	-6.335	12.53	-65.135	0.157868	-0.082716	0.998692	-0.246	-1.1025	-2.7255	0	118	1019	1
2026-02-11	16:37:54.030	-4.725	12.46	-57.435	0.188612	-0.110532	1.060912	-0.246	-1.0995	-2.7225	0	118	1019	1
2026-02-11	16:37:54.050	-3.99	15.505	-48.23	0.20252	-0.134688	1.141432	-0.2475	-1.0965	-2.7165	0	118	1019	1
2026-02-11	16:37:54.070	-4.34	21.21	-39.62	0.162992	-0.141032	1.133868	-0.2505	-1.098	-2.7135	0	118	1019	1
2026-02-11	16:37:54.090	-2.625	24.815	-33.355	0.130296	-0.143716	1.096048	-0.246	-1.0905	-2.7165	0	118	1019	1
2026-02-11	16:37:54.110	1.75	25.27	-29.47	0.101016	-0.151524	1.073112	-0.2415	-1.083	-2.718	0	118	1019	1
2026-02-11	16:37:54.130	6.72	24.815	-25.375	0.10858	-0.163968	1.077016	-0.2445	-1.083	-2.718	0	118	1019	1
2026-02-11	16:37:54.150	9.485	22.505	-18.515	0.108824	-0.178852	1.094096	-0.243	-1.08	-2.7195	0	118	1019	1
2026-02-11	16:37:54.170	8.925	15.12	-5.215	0.116876	-0.184708	1.146312	-0.24	-1.0785	-2.718	0	118	1019	1
2026-02-11	16:37:54.190	6.545	11.27	2.275	0.081008	-0.190564	1.15534	-0.24	-1.0785	-2.718	0	118	1019	1
2026-02-11	16:37:54.210	3.885	11.2	7.14	0.044896	-0.1769	1.120204	-0.231	-1.089	-2.712	0	117	1030	1
2026-02-11	16:37:54.230	2.38	11.725	9.1	0.009516	-0.173728	1.024556	-0.2355	-1.092	-2.7195	0	117	1030	1
2026-02-11	16:37:54.250	3.395	9.24	9.065	0.033916	-0.163724	0.969168	-0.234	-1.0875	-2.721	0	117	1030	1
2026-02-11	16:37:54.270	6.615	8.4	8.855	0.083204	-0.156648	0.933056	-0.2295	-1.083	-2.7225	0	117	1030	1
2026-02-11	16:37:54.290	11.06	10.29	8.505	0.08906	-0.15372	0.879864	-0.231	-1.089	-2.715	0	117	1030	1
2026-02-11	16:37:54.310	15.225	12.74	7.14	0.06832	-0.14518	0.840336	-0.228	-1.092	-2.7195	0	117	1030	1
2026-02-11	16:37:54.330	18.515	12.18	4.2	0.08174	-0.150792	0.877668	-0.2295	-1.089	-2.7165	0	117	1030	1
2026-02-11	16:37:54.350	19.145	9.45	0.63	0.15006	-0.182512	1.00406	-0.231	-1.0905	-2.715	0	117	1030	1
2026-02-11	16:37:54.370	14.98	10.325	-0.455	0.205692	-0.194468	1.048224	-0.228	-1.095	-2.721	0	117	1030	1
2026-02-11	16:37:54.390	8.96	13.09	1.89	0.193492	-0.189832	1.009428	-0.2235	-1.092	-2.7105	0	117	1030	1
2026-02-11	16:37:54.410	3.955	13.02	5.32	0.14274	-0.175192	0.957456	-0.2235	-1.0995	-2.709	0	117	1037	1
2026-02-11	16:37:54.430	1.4	7.525	6.86	0.103456	-0.17446	0.94062	-0.2265	-1.0935	-2.7045	0	117	1037	1
2026-02-11	16:37:54.450	1.75	2.52	6.23	0.108092	-0.155672	0.94184	-0.2265	-1.0935	-2.7045	0	117	1037	1
2026-02-11	16:37:54.470	3.08	0.665	5.18	0.116144	-0.129808	0.943548	-0.2235	-1.098	-2.709	0	117	1037	1
2026-02-11	16:37:54.490	4.795	-2.45	3.64	0.084424	-0.119804	0.935496	-0.2205	-1.107	-2.7165	0	117	1037	1
2026-02-11	16:37:54.510	6.09	-6.475	2.87	0.055876	-0.108824	0.94428	-0.222	-1.1085	-2.7135	0	117	1037	1
2026-02-11	16:37:54.530	5.495	-8.085	3.01	0.002684	-0.121024	0.945012	-0.2235	-1.1085	-2.709	0	117	1037	1
2026-02-11	16:37:54.550	3.115	-8.61	3.605	-0.01464	-0.102968	0.958188	-0.2265	-1.1085	-2.7135	0	117	1037	1
2026-02-11	16:37:54.570	0.175	-10.64	3.115	-0.020984	-0.089548	0.964044	-0.228	-1.1055	-2.721	0	117	1037	1
2026-02-11	16:37:54.590	-3.815	-11.27	1.26	0.000732	-0.069052	0.986004	-0.2355	-1.104	-2.709	0	117	1037	1
2026-02-11	16:37:54.610	-8.575	-10.395	-0.28	-0.01464	-0.065636	0.985516	-0.2235	-1.1025	-2.715	0	117	1033	1
2026-02-11	16:37:54.630	-12.46	-10.955	-0.91	-0.020008	-0.066856	0.985028	-0.2265	-1.101	-2.7255	0	117	1033	1
2026-02-11	16:37:54.650	-15.05	-10.955	-2.135	-0.038308	-0.050752	0.96868	-0.231	-1.0965	-2.7135	0	117	1033	1
2026-02-11	16:37:54.670	-15.645	-9.66	-4.865	-0.043432	-0.037332	0.952088	-0.2355	-1.0965	-2.715	0	117	1033	1
2026-02-11	16:37:54.690	-15.015	-9.135	-8.33	-0.041968	-0.029524	0.94306	-0.237	-1.1025	-2.712	0	117	1033	1
2026-02-11	16:37:54.710	-12.215	-8.68	-12.74	-0.0305	-0.016836	0.922808	-0.237	-1.0935	-2.7165	0	117	1033	1
2026-02-11	16:37:54.730	-9.03	-7.245	-14.84	-0.020252	-0.013176	0.931592	-0.2415	-1.0905	-2.7165	0	117	1033	1
2026-02-11	16:37:54.750	-6.44	-5.53	-15.995	-0.013176	-0.021472	0.962824	-0.2445	-1.0875	-2.7195	0	117	1033	1
2026-02-11	16:37:54.770	-5.88	-3.745	-15.68	-0.004148	-0.02074	0.98942	-0.243	-1.0845	-2.718	0	117	1033	1
2026-02-11	16:37:54.790	-6.37	-2.485	-14.42	-0.008052	-0.017324	0.969168	-0.2505	-1.0815	-2.718	0	117	1033	1
2026-02-11	16:37:54.810	-5.04	-2.17	-13.58	-0.028304	-0.01708	0.943304	-0.255	-1.0815	-2.718	0	116	1022	1
2026-02-11	16:37:54.830	-1.12	-1.715	-13.65	-0.040016	-0.026108	0.945744	-0.2505	-1.083	-2.718	0	116	1022	1
2026-02-11	16:37:54.850	3.57	-0.28	-14.665	-0.044408	-0.031476	0.99186	-0.2505	-1.083	-2.7165	0	116	1022	1
2026-02-11	16:37:54.870	7.63	2.1	-16.03	-0.031964	-0.026108	1.036756	-0.2535	-1.083	-2.712	0	116	1022	1
2026-02-11	16:37:54.890	10.78	3.78	-16.905	0.006588	-0.032452	1.094096	-0.2565	-1.0815	-2.715	0	116	1022	1
2026-02-11	16:37:54.910	12.145	2.975	-16.03	0.029524	-0.04026	1.127524	-0.2595	-1.08	-2.724	0	116	1022	1
2026-02-11	16:37:54.930	12.355	-0.35	-14.07	0.041236	-0.060512	1.177788	-0.2595	-1.0815	-2.724	0	116	1022	1
2026-02-11	16:37:54.950	11.935	-1.855	-12.39	0.065636	-0.089792	1.223904	-0.258	-1.083	-2.7195	0	116	1022	1
2026-02-11	16:37:54.970	11.165	-1.12	-9.835	0.0732	-0.116144	1.229272	-0.2595	-1.0875	-2.724	0	116	1022	1
2026-02-11	16:37:54.990	9.765	-4.865	-6.72	0.068808	-0.124684	1.2078	-0.2595	-1.0875	-2.727	0	116	1022	1
2026-02-11	16:37:55.010	8.75	-14.35	-4.795	0.068076	-0.124684	1.231956	-0.264	-1.0905	-2.7195	0	116	1022	1
2026-02-11	16:37:55.030	7.805	-25.585	-3.85	0.09394	-0.127368	1.312476	-0.267	-1.0905	-2.724	0	116	1022	1
2026-02-11	16:37:55.050	5.215	-32.725	-3.85	0.159332	-0.139812	1.402024	-0.2745	-1.0935	-2.7285	0	116	1022	1
2026-02-11	16:37:55.070	1.225	-31.605	-4.48	0.197396	-0.151524	1.343464	-0.279	-1.0905	-2.73	0	116	1022	1
2026-02-11	16:37:55.090	0.14	-24.64	-5.81	0.149328	-0.154452	1.156316	-0.288	-1.086	-2.736	0	116	1022	1
2026-02-11	16:37:55.110	4.48	-18.55	-9.1	0.110776	-0.13786	0.965508	-0.297	-1.089	-2.7375	0	116	1022	1
2026-02-11	16:37:55.130	12.39	-15.54	-13.44	0.14884	-0.122488	0.897432	-0.2955	-1.092	-2.736	0	116	1022	1
2026-02-11	16:37:55.150	20.09	-12.565	-17.115	0.201056	-0.10736	0.946476	-0.294	-1.0935	-2.7345	0	116	1022	1
2026-02-11	16:37:55.170	23.87	-6.965	-19.67	0.282552	-0.096868	1.048224	-0.2985	-1.0965	-2.736	0	116	1022	1
2026-02-11	16:37:55.190	20.965	1.75	-20.195	0.3599	-0.087108	1.136308	-0.303	-1.1025	-2.7375	0	116	1022	1
2026-02-11	16:37:55.210	11.935	8.54	-17.64	0.36844	-0.07442	1.150216	-0.3015	-1.1025	-2.7345	0	118	1044	1
2026-02-11	16:37:55.230	0.945	11.97	-12.915	0.34038	-0.065148	1.106052	-0.3045	-1.107	-2.739	0	118	1044	1
2026-02-11	16:37:55.250	-9.52	13.405	-7.525	0.23912	-0.0427	0.90768	-0.306	-1.113	-2.745	0	118	1044	1
2026-02-11	16:37:55.270	-9.31	11.725	-8.015	0.157136	-0.034648	0.797392	-0.3045	-1.1115	-2.745	0	118	1044	1
2026-02-11	16:37:55.290	-4.935	9.1	-11.48	0.107848	-0.031232	0.778116	-0.2925	-1.107	-2.748	0	118	1044	1
2026-02-11	16:37:55.310	-0.07	8.785	-16.345	0.110776	-0.033916	0.816912	-0.309	-1.107	-2.751	0	118	1044	1
2026-02-11	16:37:55.330	2.1	10.745	-20.37	0.130784	-0.036112	0.864736	-0.3	-1.11	-2.748	0	118	1044	1
2026-02-11	16:37:55.350	1.12	12.285	-22.225	0.14762	-0.034648	0.868396	-0.3045	-1.0995	-2.7465	0	118	1044	1
2026-02-11	16:37:55.370	-1.645	12.565	-21.84	0.135908	-0.020496	0.83326	-0.297	-1.1115	-2.7525	0	118	1044	1
2026-02-11	16:37:55.390	-4.515	11.06	-20.335	0.097844	-0.010492	0.789096	-0.3075	-1.1085	-2.7435	0	118	1044	1
2026-02-11	16:37:55.410	-6.37	7.245	-18.76	0.099308	-0.010248	0.786168	-0.3045	-1.11	-2.751	0	124	1051	1
2026-02-11	16:37:55.430	-6.825	3.185	-17.395	0.118584	-0.01708	0.797392	-0.303	-1.101	-2.742	0	124	1051	1
2026-02-11	16:37:55.450	-5.18	1.26	-16.38	0.124928	-0.00122	0.798124	-0.294	-1.1115	-2.751	0	124	1051	1
2026-02-11	16:37:55.470	-1.4	1.085	-15.33	0.121512	0	0.819352	-0.2985	-1.0995	-2.7525	0	124	1051	1
2026-02-11	16:37:55.490	2.38	-0.42	-13.615	0.116876	-0.0183	0.868884	-0.3015	-1.0995	-2.745	0	124	1051	1
2026-02-11	16:37:55.510	3.885	-3.675	-10.22	0.106872	-0.020008	0.943548	-0.3045	-1.104	-2.7465	0	124	1051	1
2026-02-11	16:37:55.530	4.305	-6.615	-6.965	0.138592	-0.012444	1.01138	-0.3045	-1.104	-2.7465	0	124	1051	1
2026-02-11	16:37:55.550	4.585	-8.26	-3.815	0.168848	-0.021716	1.077504	-0.3045	-1.104	-2.7465	0	124	1051	1
2026-02-11	16:37:55.570	3.955	-8.89	0.735	0.183732	-0.040748	1.133136	-0.3075	-1.098	-2.7495	0	124	1051	1
2026-02-11	16:37:55.590	2.625	-8.435	6.055	0.18178	-0.061976	1.168272	-0.3	-1.107	-2.742	0	124	1051	1
2026-02-11	16:37:55.610	2.31	-8.085	10.255	0.181048	-0.07124799	1.202188	-0.3075	-1.1025	-2.7465	0	131	1035	1
2026-02-11	16:37:55.630	3.395	-8.785	13.09	0.193736	-0.077348	1.236836	-0.309	-1.107	-2.7525	0	131	1035	1
2026-02-11	16:37:55.650	5.145	-10.01	15.365	0.188368	-0.0854	1.252452	-0.309	-1.104	-2.7495	0	131	1035	1
2026-02-11	16:37:55.670	7.14	-9.73	16.975	0.178852	-0.102968	1.275632	-0.309	-1.11	-2.754	0	131	1035	1
2026-02-11	16:37:55.690	7.42	-7.63	18.655	0.18544	-0.09857599	1.291736	-0.318	-1.1085	-2.7525	0	131	1035	1
2026-02-11	16:37:55.710	5.705	-6.58	21.735	0.198372	-0.091988	1.288076	-0.318	-1.116	-2.757	0	131	1035	1
2026-02-11	16:37:55.730	2.205	-7.175	26.565	0.21838	-0.089304	1.273924	-0.309	-1.113	-2.751	0	131	1035	1
2026-02-11	16:37:55.750	-2.835	-8.54	31.85	0.223016	-0.093452	1.262456	-0.318	-1.11	-2.757	0	131	1035	1
2026-02-11	16:37:55.770	-8.505	-9.555	35.665	0.207888	-0.09394	1.197552	-0.309	-1.1175	-2.7615	0	131	1035	1
2026-02-11	16:37:55.790	-10.36	-7.455	34.51	0.133956	-0.09857599	1.03578	-0.318	-1.1235	-2.7585	0	131	1035	1
2026-02-11	16:37:55.810	-5.53	-3.395	30.1	0.09076799	-0.11468	0.963556	-0.318	-1.1205	-2.7555	0	138	1040	1
2026-02-11	16:37:55.830	0.105	-1.435	26.005	0.08784	-0.133712	0.96258	-0.3135	-1.119	-2.754	0	138	1040	1
2026-02-11	16:37:55.850	2.94	-2.765	23.835	0.111264	-0.140788	0.988932	-0.3135	-1.122	-2.7555	0	138	1040	1
2026-02-11	16:37:55.870	3.465	-2.065	23.17	0.104676	-0.140056	1.002596	-0.312	-1.128	-2.7585	0	138	1040	1
2026-02-11	16:37:55.890	3.15	3.29	23.135	0.087596	-0.138836	0.96746	-0.312	-1.131	-2.763	0	138	1040	1
2026-02-11	16:37:55.910	2.485	9.1	23.695	0.049532	-0.123464	0.899384	-0.318	-1.134	-2.7615	0	138	1040	1
2026-02-11	16:37:55.930	1.365	10.64	24.85	0.02928	-0.107604	0.84302	-0.312	-1.131	-2.7585	0	138	1040	1
2026-02-11	16:37:55.950	-0.07	7.98	25.9	0.036844	-0.09394	0.820572	-0.306	-1.131	-2.7645	0	138	1040	1
2026-02-11	16:37:55.970	-1.645	5.25	26.425	0.043676	-0.080276	0.80154	-0.3045	-1.1355	-2.7705	0	138	1040	1
2026-02-11	16:37:55.990	-2.555	4.725	26.425	0.067832	-0.074664	0.79544	-0.303	-1.1355	-2.766	0	138	1040	1
2026-02-11	16:37:56.010	-3.29	6.3	26.74	0.071004	-0.068564	0.780312	-0.303	-1.134	-2.763	0	145	1047	1
2026-02-11	16:37:56.030	-4.48	7.56	28.035	0.074908	-0.077104	0.77836	-0.303	-1.1325	-2.766	0	145	1047	1
2026-02-11	16:37:56.050	-6.51	6.755	30.1	0.078568	-0.094916	0.76006	-0.2985	-1.1355	-2.7585	0	145	1047	1
2026-02-11	16:37:56.070	-5.705	6.93	30.66	0.04514	-0.05124	0.745664	-0.294	-1.137	-2.7495	0	145	1047	1
2026-02-11	16:37:56.090	-2.135	10.185	29.61	0.027084	-0.040992	0.747128	-0.2955	-1.1355	-2.757	0	145	1047	1
2026-02-11	16:37:56.110	1.05	12.705	29.75	0.033428	-0.049532	0.841312	-0.294	-1.1355	-2.763	0	145	1047	1
2026-02-11	16:37:56.130	0.21	13.65	31.605	0.081496	-0.051972	0.970144	-0.291	-1.134	-2.757	0	145	1047	1
2026-02-11	16:37:56.150	-3.465	13.475	33.39	0.107604	-0.034648	1.038708	-0.285	-1.1355	-2.7555	0	145	1047	1
2026-02-11	16:37:56.170	-4.76	14.735	32.48	0.05612	-0.004636	1.02846	-0.2805	-1.1415	-2.757	0	145	1047	1
2026-02-11	16:37:56.190	-1.96	17.045	28.525	0.002928	0.000488	1.031388	-0.282	-1.1415	-2.7585	0	145	1047	1
2026-02-11	16:37:56.210	0.525	16.73	23.765	-0.027328	0.0061	1.05286	-0.2775	-1.14	-2.76	0	151	1030	1
2026-02-11	16:37:56.230	0.42	11.305	18.97	-0.013908	0.014396	1.077992	-0.276	-1.143	-2.7585	0	151	1030	1
2026-02-11	16:37:56.250	0.07	4.06	13.44	0.017324	0.019276	1.109468	-0.273	-1.1445	-2.7525	0	151	1030	1
2026-02-11	16:37:56.270	1.4	0.98	7.56	0.040016	0.023424	1.164856	-0.27	-1.1445	-2.751	0	151	1030	1
2026-02-11	16:37:56.290	1.61	0	2.765	0.061732	0.02562	1.226344	-0.273	-1.1445	-2.76	0	151	1030	1
2026-02-11	16:37:56.310	-2.03	-4.445	-1.085	0.078324	0.03904	1.244644	-0.273	-1.1415	-2.7645	0	151	1030	1
2026-02-11	16:37:56.330	-10.57	-16.52	-8.26	0.125172	0.036844	1.303448	-0.2745	-1.143	-2.76	0	151	1030	1
2026-02-11	16:37:56.350	-17.78	-20.895	-12.775	0.138592	0.01098	1.287832	-0.276	-1.146	-2.757	0	151	1030	1
2026-02-11	16:37:56.370	-23.24	-20.65	-16.8	0.136396	-0.007808	1.173884	-0.2745	-1.143	-2.7675	0	151	1030	1
2026-02-11	16:37:56.390	-22.47	-19.88	-21.735	0.151524	-0.0305	1.047492	-0.2745	-1.128	-2.757	0	151	1030	1
2026-02-11	16:37:56.410	-15.785	-18.725	-27.09	0.178852	-0.032452	0.984784	-0.2865	-1.128	-2.7585	0	156	1026	1
2026-02-11	16:37:56.430	-7.07	-14.875	-31.29	0.195932	-0.017812	0.966728	-0.2865	-1.1235	-2.76	0	156	1026	1
2026-02-11	16:37:56.450	-0.42	-11.06	-33.32	0.194468	-0.005124	0.980148	-0.2895	-1.125	-2.7585	0	156	1026	1
2026-02-11	16:37:56.470	1.82	-9.24	-33.81	0.20862	0.002684	1.0126	-0.2925	-1.1265	-2.76	0	156	1026	1
2026-02-11	16:37:56.490	0	-6.79	-33.53	0.199348	0.015128	1.016504	-0.291	-1.1205	-2.754	0	156	1026	1
2026-02-11	16:37:56.510	-2.765	-2.45	-33.285	0.175436	0.027328	0.945988	-0.2985	-1.131	-2.7585	0	156	1026	1
2026-02-11	16:37:56.530	-3.92	0.455	-33.81	0.13054	0.040992	0.846436	-0.3105	-1.128	-2.76	0	156	1026	1
2026-02-11	16:37:56.550	-2.8	0.105	-35.56	0.12078	0.040748	0.790804	-0.3105	-1.125	-2.76	0	156	1026	1
2026-02-11	16:37:56.570	-1.12	0.455	-37.765	0.101504	0.02684	0.74908	-0.2985	-1.1295	-2.7645	0	156	1026	1
2026-02-11	16:37:56.590	1.295	2.73	-39.095	0.105408	0.020008	0.735904	-0.3045	-1.128	-2.763	0	156	1026	1
2026-02-11	16:37:56.610	5.565	2.765	-39.025	0.139568	0.007076	0.751276	-0.312	-1.1265	-2.7615	0	160	1027	1
2026-02-11	16:37:56.630	7.315	0.105	-38.01	0.183976	-0.0061	0.804468	-0.3135	-1.1235	-2.763	0	160	1027	1
2026-02-11	16:37:56.650	7.805	-0.21	-36.155	0.186172	-0.039528	0.869128	-0.312	-1.119	-2.7675	0	160	1027	1
2026-02-11	16:37:56.670	7.035	1.015	-32.865	0.183732	-0.074176	0.931592	-0.3075	-1.1175	-2.7645	0	160	1027	1
2026-02-11	16:37:56.690	5.6	0.56	-28	0.175436	-0.077836	0.94916	-0.318	-1.1205	-2.766	0	160	1027	1
2026-02-11	16:37:56.710	5.67	-3.745	-22.96	0.177144	-0.088084	0.975756	-0.315	-1.1235	-2.7645	0	160	1027	1
2026-02-11	16:37:56.730	7.385	-9.52	-19.145	0.204716	-0.101504	1.057252	-0.315	-1.1295	-2.766	0	160	1027	1
2026-02-11	16:37:56.750	9.24	-11.97	-16.24	0.221796	-0.129808	1.137528	-0.3195	-1.122	-2.7645	0	160	1027	1
2026-02-11	16:37:56.770	11.13	-10.85	-13.3	0.223016	-0.123464	1.142896	-0.315	-1.128	-2.769	0	160	1027	1
2026-02-11	16:37:56.790	14.49	-9.485	-10.08	0.23058	-0.123952	1.136552	-0.327	-1.128	-2.7735	0	160	1027	1
2026-02-11	16:37:56.810	17.465	-11.235	-6.86	0.242536	-0.124196	1.161684	-0.3225	-1.128	-2.7675	0	163	1020	1
2026-02-11	16:37:56.830	17.955	-13.72	-3.395	0.252296	-0.139568	1.214388	-0.321	-1.134	-2.7645	0	163	1020	1
2026-02-11	16:37:56.850	15.47	-14.49	1.4	0.25376	-0.143716	1.266848	-0.33	-1.1355	-2.7765	0	163	1020	1
2026-02-11	16:37:56.870	9.835	-12.18	10.01	0.279868	-0.147376	1.300764	-0.3285	-1.1415	-2.7765	0	163	1020	1
2026-02-11	16:37:56.890	2.8	-9.52	19.845	0.273524	-0.137372	1.288076	-0.3315	-1.143	-2.781	0	163	1020	1
2026-02-11	16:37:56.910	-3.57	-8.435	26.845	0.24888	-0.135664	1.236836	-0.3315	-1.1415	-2.778	0	163	1020	1
2026-02-11	16:37:56.930	-8.82	-7.42	32.2	0.23302	-0.132004	1.157048	-0.3285	-1.1385	-2.7735	0	163	1020	1
2026-02-11	16:37:56.950	-10.535	-5.25	34.405	0.193736	-0.122488	1.033096	-0.3315	-1.1415	-2.7765	0	163	1020	1
2026-02-11	16:37:56.970	-6.58	-2.415	32.2	0.145424	-0.11468	0.930616	-0.333	-1.1385	-2.7795	0	163	1020	1
2026-02-11	16:37:56.990	0.56	0.945	26.6	0.101992	-0.119072	0.899628	-0.336	-1.134	-2.778	0	163	1020	1
2026-02-11	16:37:57.010	5.915	3.885	21.28	0.112484	-0.138592	0.936228	-0.336	-1.1355	-2.7765	0	165	1030	1
2026-02-11	16:37:57.030	7.07	5.67	18.585	0.125904	-0.136396	0.947452	-0.3315	-1.1385	-2.778	0	165	1030	1
2026-02-11	16:37:57.050	6.055	7.07	17.22	0.131516	-0.129564	0.946232	-0.3255	-1.1385	-2.781	0	165	1030	1
2026-02-11	16:37:57.070	3.605	9.345	17.115	0.119316	-0.122244	0.910852	-0.3225	-1.143	-2.7825	0	165	1030	1
2026-02-11	16:37:57.090	0.175	10.325	18.62	0.0854	-0.116632	0.863516	-0.324	-1.146	-2.7795	0	165	1030	1
2026-02-11	16:37:57.110	-4.06	8.015	20.755	0.053924	-0.101504	0.83814	-0.3345	-1.155	-2.778	0	165	1030	1
2026-02-11	16:37:57.130	-9.03	3.57	22.575	0.045384	-0.077592	0.809348	-0.318	-1.146	-2.784	0	165	1030	1
2026-02-11	16:37:57.150	-14.245	-1.96	23.66	0.032452	-0.056852	0.763964	-0.318	-1.146	-2.784	0	165	1030	1
2026-02-11	16:37:57.170	-15.05	-1.61	23.8	0.026352	-0.03782	0.747372	-0.315	-1.1475	-2.784	0	165	1030	1
2026-02-11	16:37:57.190	-15.33	0.21	24.36	0.014152	-0.020008	0.722972	-0.318	-1.146	-2.7855	0	165	1030	1
2026-02-11	16:37:57.210	-15.26	0.595	25.13	0.02806	-0.009516	0.721996	-0.3195	-1.1445	-2.7825	0	167	1029	1
2026-02-11	16:37:57.230	-14.945	-0.49	25.235	0.054168	-0.019276	0.74786	-0.3195	-1.1445	-2.781	0	167	1029	1
2026-02-11	16:37:57.250	-13.93	-2.1	24.955	0.061	-0.018544	0.7869	-0.321	-1.143	-2.781	0	167	1029	1
2026-02-11	16:37:57.270	-11.55	-3.57	24.395	0.083204	-0.017812	0.865224	-0.3135	-1.14	-2.7765	0	167	1029	1
2026-02-11	16:37:57.290	-8.89	-3.43	24.01	0.107604	-0.031964	0.966484	-0.309	-1.1385	-2.778	0	167	1029	1
2026-02-11	16:37:57.310	-7	-0.42	24.045	0.088816	-0.025132	1.031388	-0.3105	-1.14	-2.781	0	167	1029	1
2026-02-11	16:37:57.330	-5.285	3.85	23.135	0.040992	-0.0122	1.055788	-0.312	-1.1385	-2.7765	0	167	1029	1
2026-02-11	16:37:57.350	-3.64	5.075	20.475	0.050264	-0.010004	1.131916	-0.312	-1.1325	-2.7735	0	167	1029	1
2026-02-11	16:37:57.370	-3.57	2.485	17.36	0.122244	-0.032452	1.223416	-0.306	-1.128	-2.775	0	167	1029	1
2026-02-11	16:37:57.390	-4.62	0.245	15.4	0.168604	-0.041236	1.254648	-0.306	-1.1265	-2.775	0	167	1029	1
2026-02-11	16:37:57.410	-3.045	1.645	13.72	0.139812	-0.046848	1.230248	-0.309	-1.128	-2.7765	0	169	1014	1
2026-02-11	16:37:57.430	1.155	2.87	10.43	0.090524	-0.047824	1.196332	-0.3075	-1.1325	-2.778	0	169	1014	1
2026-02-11	16:37:57.450	4.445	1.54	5.18	0.063684	-0.031964	1.16266	-0.309	-1.131	-2.778	0	169	1014	1
2026-02-11	16:37:57.470	7.77	0	-1.68	0.05002	0.001952	1.142652	-0.303	-1.1385	-2.772	0	169	1014	1
2026-02-11	16:37:57.490	10.325	0.28	-9.205	0.083692	0.00488	1.180472	-0.3075	-1.1325	-2.772	0	169	1014	1
2026-02-11	16:37:57.510	9.87	1.68	-15.96	0.149328	-0.01342	1.219268	-0.3105	-1.14	-2.7855	0	169	1014	1
2026-02-11	16:37:57.530	5.985	2.87	-21.14	0.203008	-0.056608	1.218292	-0.3075	-1.14	-2.781	0	169	1014	1
2026-02-11	16:37:57.550	2.835	5.705	-25.445	0.211548	-0.083204	1.1102	-0.297	-1.14	-2.7795	0	169	1014	1
2026-02-11	16:37:57.570	4.165	9.625	-30.1	0.189344	-0.08784	0.99674	-0.3	-1.1385	-2.784	0	169	1014	1
2026-02-11	16:37:57.590	7.98	10.57	-34.23	0.184952	-0.074908	0.944768	-0.3015	-1.1295	-2.7705	0	169	1014	1
2026-02-11	16:37:57.610	10.71	8.015	-37.065	0.234972	-0.069052	0.961848	-0.3015	-1.1355	-2.7765	0	171	1020	1
2026-02-11	16:37:57.630	11.165	4.62	-38.5	0.281576	-0.06222	1.004792	-0.306	-1.137	-2.7825	0	171	1020	1
2026-02-11	16:37:57.650	10.57	4.095	-38.85	0.28426	-0.05856	1.03456	-0.306	-1.137	-2.7885	0	171	1020	1
2026-02-11	16:37:57.670	8.575	7.98	-38.325	0.26352	-0.062464	1.029924	-0.3015	-1.14	-2.7915	0	171	1020	1
2026-02-11	16:37:57.690	2.485	10.92	-35.35	0.21106	-0.036844	0.924272	-0.3015	-1.1385	-2.7885	0	171	1020	1
2026-02-11	16:37:57.710	-1.33	5.32	-31.92	0.2013	-0.027084	0.853024	-0.3015	-1.1385	-2.7885	0	171	1020	1
2026-02-11	16:37:57.730	-3.045	-1.75	-28.105	0.206424	-0.028304	0.831552	-0.3045	-1.143	-2.781	0	171	1020	1
2026-02-11	16:37:57.750	-2.065	-3.815	-24.745	0.208376	-0.034892	0.83814	-0.3075	-1.146	-2.784	0	171	1020	1
2026-02-11	16:37:57.770	-0.175	-0.455	-21.875	0.1769	-0.033184	0.821548	-0.294	-1.1355	-2.787	0	171	1020	1
2026-02-11	16:37:57.790	2.065	2.905	-19.81	0.125904	-0.024156	0.783484	-0.3105	-1.1415	-2.7855	0	171	1020	1
2026-02-11	16:37:57.810	3.815	3.36	-18.305	0.098332	-0.027816	0.748104	-0.3075	-1.1385	-2.787	0	172	1025	1
2026-02-11	16:37:57.830	5.11	1.12	-17.01	0.0915	-0.033916	0.7686	-0.3075	-1.14	-2.7855	0	172	1025	1
2026-02-11	16:37:57.850	5.565	-1.365	-15.33	0.121024	-0.032208	0.833992	-0.3045	-1.1295	-2.7885	0	172	1025	1
2026-02-11	16:37:57.870	5.215	-2.45	-13.58	0.14396	-0.022692	0.889136	-0.2955	-1.146	-2.7945	0	172	1025	1
2026-02-11	16:37:57.890	5.46	-3.5	-11.865	0.164212	-0.035868	0.944524	-0.315	-1.14	-2.796	0	172	1025	1
2026-02-11	16:37:57.910	4.935	-5.88	-9.24	0.174704	-0.065148	1.037732	-0.3135	-1.14	-2.793	0	172	1025	1
2026-02-11	16:37:57.930	1.75	-9.45	-5.46	0.163724	-0.100528	1.112152	-0.312	-1.1325	-2.7855	0	172	1025	1
2026-02-11	16:37:57.950	-1.61	-12.705	-1.715	0.177632	-0.10004	1.121424	-0.3075	-1.134	-2.7915	0	172	1025	1
2026-02-11	16:37:57.970	-0.245	-14.35	1.19	0.198616	-0.118828	1.111176	-0.3075	-1.134	-2.7915	0	172	1025	1
2026-02-11	16:37:57.990	1.715	-16.38	5.18	0.221064	-0.150548	1.154608	-0.315	-1.134	-2.7915	0	172	1025	1
2026-02-11	16:37:58.010	1.33	-19.81	10.745	0.229604	-0.173484	1.247328	-0.324	-1.1355	-2.7855	0	173	1019	1
2026-02-11	16:37:58.030	-2.905	-21.455	17.045	0.290604	-0.169336	1.360788	-0.318	-1.137	-2.784	0	173	1019	1
2026-02-11	16:37:58.050	-10.78	-19.04	24.465	0.345748	-0.183976	1.400804	-0.3165	-1.1355	-2.7885	0	173	1019	1
2026-02-11	16:37:58.070	-19.355	-14.07	32.9	0.332816	-0.192028	1.289052	-0.318	-1.1325	-2.787	0	173	1019	1
2026-02-11	16:37:58.090	-22.645	-10.255	39.76	0.259128	-0.199348	1.123864	-0.315	-1.134	-2.7855	0	173	1019	1
2026-02-11	16:37:58.110	-18.795	-7.595	41.895	0.198128	-0.187636	0.987468	-0.315	-1.134	-2.787	0	173	1019	1
2026-02-11	16:37:58.130	-9.345	-5.775	39.41	0.164456	-0.178608	0.929152	-0.3195	-1.128	-2.7855	0	173	1019	1
2026-02-11	16:37:58.150	0.77	-2.73	35.77	0.164944	-0.166896	0.962092	-0.3195	-1.125	-2.784	0	173	1019	1
2026-02-11	16:37:58.170	7.105	1.75	34.16	0.179584	-0.153232	1.023824	-0.315	-1.131	-2.781	0	173	1019	1
2026-02-11	16:37:58.190	8.12	6.055	34.405	0.178852	-0.14152	1.054324	-0.3225	-1.1325	-2.784	0	173	1019	1
2026-02-11	16:37:58.210	5.075	10.395	35.175	0.151524	-0.126392	1.022604	-0.321	-1.137	-2.7855	0	173	1028	1
2026-02-11	16:37:58.230	-2.205	14.42	36.47	0.091744	-0.10614	0.898164	-0.318	-1.1475	-2.793	0	173	1028	1
2026-02-11	16:37:58.250	-6.44	11.655	37.38	0.0854	-0.098088	0.824964	-0.3165	-1.1415	-2.79	0	173	1028	1
2026-02-11	16:37:58.270	-8.435	7	37.695	0.085156	-0.091012	0.775676	-0.3105	-1.1415	-2.79	0	173	1028	1
2026-02-11	16:37:58.290	-7.49	3.99	37.065	0.081008	-0.080032	0.771772	-0.3045	-1.143	-2.7915	0	173	1028	1
2026-02-11	16:37:58.310	-5.04	4.375	35.63	0.086132	-0.076372	0.77714	-0.3015	-1.1385	-2.793	0	173	1028	1
2026-02-11	16:37:58.330	-2.73	6.37	33.95	0.079544	-0.0732	0.74786	-0.3	-1.14	-2.796	0	173	1028	1
2026-02-11	16:37:58.350	-0.63	6.545	32.34	0.057584	-0.07442	0.710772	-0.297	-1.1415	-2.793	0	173	1028	1
2026-02-11	16:37:58.370	2.03	4.235	30.24	0.049776	-0.068076	0.716872	-0.291	-1.1385	-2.7885	0	173	1028	1
2026-02-11	16:37:58.390	5.18	3.115	27.825	0.042212	-0.045628	0.727852	-0.2895	-1.1415	-2.7915	0	173	1028	1
2026-02-11	16:37:58.410	8.26	3.5	26.215	0.045872	-0.028304	0.765428	-0.2895	-1.1475	-2.796	0	173	1022	1
2026-02-11	16:37:58.430	9.59	2.94	25.865	0.073444	-0.033916	0.829356	-0.288	-1.1475	-2.7975	0	173	1022	1
2026-02-11	16:37:58.450	9.1	2.31	26.495	0.080276	-0.03172	0.910364	-0.2835	-1.1475	-2.793	0	173	1022	1
2026-02-11	16:37:58.470	7.455	4.62	27.58	0.081008	-0.021472	0.963556	-0.2835	-1.155	-2.7915	0	173	1022	1
2026-02-11	16:37:58.490	4.9	6.86	28.84	0.038308	-0.009028	1.015772	-0.285	-1.152	-2.796	0	173	1022	1
2026-02-11	16:37:58.510	0.91	5.635	29.225	0.005612	-0.016592	1.100928	-0.2835	-1.1475	-2.7975	0	173	1022	1
2026-02-11	16:37:58.530	-3.22	4.865	28.735	0.009272	-0.013176	1.141676	-0.2925	-1.158	-2.787	0	173	1022	1
2026-02-11	16:37:58.550	-3.535	5.705	26.81	0.019764	-0.010004	1.180472	-0.2775	-1.158	-2.7945	0	173	1022	1
2026-02-11	16:37:58.570	-0.21	7.385	22.715	0.04148	-0.024644	1.233908	-0.282	-1.1565	-2.787	0	173	1022	1
2026-02-11	16:37:58.590	1.785	7.98	17.85	0.040504	-0.033184	1.212924	-0.279	-1.1655	-2.796	0	173	1022	1
2026-02-11	16:37:58.610	3.92	3.99	12.18	0.033916	-0.015616	1.20048	-0.2715	-1.161	-2.79	0	175	1007	1
2026-02-11	16:37:58.630	7.98	-1.26	4.69	0.067588	-0.02806	1.216828	-0.2745	-1.161	-2.7885	0	175	1007	1
2026-02-11	16:37:58.650	11.27	-4.27	-3.605	0.080032	-0.056608	1.248304	-0.273	-1.158	-2.79	0	175	1007	1
2026-02-11	16:37:58.670	10.64	-6.615	-10.57	0.105652	-0.08052	1.239032	-0.27	-1.1625	-2.7915	0	175	1007	1
2026-02-11	16:37:58.690	8.505	-7.035	-15.26	0.1281	-0.10492	1.17852	-0.2715	-1.1655	-2.79	0	175	1007	1
2026-02-11	16:37:58.710	8.715	-3.71	-17.99	0.141032	-0.113948	1.098488	-0.273	-1.1655	-2.7885	0	175	1007	1
2026-02-11	16:37:58.730	11.55	1.855	-19.565	0.150548	-0.103944	1.024312	-0.2715	-1.167	-2.7915	0	175	1007	1
2026-02-11	16:37:58.750	14.595	5.53	-20.265	0.157624	-0.085156	0.978684	-0.27	-1.1655	-2.799	0	175	1007	1
2026-02-11	16:37:58.770	16.485	4.69	-20.3	0.224724	-0.065636	1.02968	-0.2715	-1.167	-2.802	0	175	1007	1
2026-02-11	16:37:58.790	14.63	5.145	-19.32	0.253272	-0.054168	1.0736	-0.2715	-1.167	-2.802	0	175	1007	1
2026-02-11	16:37:58.810	10.01	7.735	-16.87	0.244732	-0.045384	1.065548	-0.282	-1.173	-2.7975	0	176	1017	1
2026-02-11	16:37:58.830	3.43	8.435	-13.51	0.20496	-0.043676	1.004792	-0.273	-1.1775	-2.799	0	176	1017	1
2026-02-11	16:37:58.850	-3.465	4.655	-10.92	0.160552	-0.03904	0.931836	-0.2655	-1.182	-2.799	0	176	1017	1
2026-02-11	16:37:58.870	-7.945	-0.42	-10.465	0.137128	-0.030988	0.86742	-0.2655	-1.1805	-2.802	0	176	1017	1
2026-02-11	16:37:58.890	-8.715	-3.185	-11.48	0.1159	-0.027328	0.809592	-0.267	-1.179	-2.805	0	176	1017	1
2026-02-11	16:37:58.910	-6.72	-3.5	-12.95	0.096136	-0.023424	0.765428	-0.2775	-1.173	-2.7945	0	176	1017	1
2026-02-11	16:37:58.930	-4.515	-3.185	-14	0.091256	-0.018544	0.760304	-0.2805	-1.173	-2.796	0	176	1017	1
2026-02-11	16:37:58.950	-4.27	-3.15	-13.965	0.098332	-0.023668	0.76738	-0.2805	-1.17	-2.796	0	176	1017	1
2026-02-11	16:37:58.970	-5.565	-3.395	-12.74	0.095404	-0.023668	0.762256	-0.2745	-1.173	-2.796	0	176	1017	1
2026-02-11	16:37:58.990	-6.09	-3.465	-11.375	0.076372	-0.013176	0.741028	-0.2745	-1.164	-2.802	0	176	1017	1
2026-02-11	16:37:59.010	-4.305	-3.745	-10.395	0.088816	-0.005856	0.761524	-0.2775	-1.1685	-2.796	0	177	1019	1
2026-02-11	16:37:59.030	-1.82	-1.575	-7.945	0.095892	-0.019032	0.81862	-0.276	-1.1715	-2.799	0	177	1019	1
2026-02-11	16:37:59.050	-1.26	2.52	-3.955	0.055876	-0.022204	0.844728	-0.276	-1.1715	-2.799	0	177	1019	1
2026-02-11	16:37:59.070	-1.715	3.01	-0.945	0.060756	-0.019764	0.881572	-0.276	-1.1685	-2.7945	0	177	1019	1
2026-02-11	16:37:59.090	-1.995	0.84	1.015	0.103212	-0.033428	0.954772	-0.279	-1.167	-2.796	0	177	1019	1
2026-02-11	16:37:59.110	-1.82	0.665	3.255	0.132248	-0.055876	1.012844	-0.2775	-1.167	-2.796	0	177	1019	1
2026-02-11	16:37:59.130	-1.155	2.905	7.07	0.121268	-0.07564	1.05286	-0.2745	-1.164	-2.79	0	177	1019	1
2026-02-11	16:37:59.150	-1.295	3.675	12.25	0.122976	-0.097112	1.090192	-0.273	-1.173	-2.793	0	177	1019	1
2026-02-11	16:37:59.170	-2.31	1.33	18.41	0.14762	-0.103456	1.12972	-0.27	-1.1745	-2.793	0	177	1019	1
2026-02-11	16:37:59.190	-1.995	-1.715	24.36	0.198128	-0.11346	1.192916	-0.264	-1.167	-2.7915	0	177	1019	1
2026-02-11	16:37:59.210	-1.365	-2.8	30.38	0.236436	-0.127612	1.253428	-0.276	-1.167	-2.7975	0	178	1008	1
2026-02-11	16:37:59.230	-1.61	-1.96	36.995	0.222284	-0.146644	1.242692	-0.2655	-1.17	-2.7855	0	178	1008	1
2026-02-11	16:37:59.250	-1.225	-2.975	42.735	0.19642	-0.155184	1.201212	-0.273	-1.1775	-2.79	0	178	1008	1
2026-02-11	16:37:59.270	0.175	-7.385	47.04	0.189832	-0.144448	1.205848	-0.27	-1.17	-2.7975	0	178	1008	1
2026-02-11	16:37:59.290	0.91	-12.32	50.82	0.19276	-0.124684	1.2627	-0.2685	-1.176	-2.7975	0	178	1008	1
2026-02-11	16:37:59.310	1.96	-12.355	54.985	0.213256	-0.113216	1.251476	-0.2685	-1.1865	-2.7975	0	178	1008	1
2026-02-11	16:37:59.330	7.91	-11.025	55.195	0.201788	-0.09882	1.12606	-0.267	-1.182	-2.7945	0	178	1008	1
2026-02-11	16:37:59.350	19.74	-12.6	51.87	0.162992	-0.078568	1.007476	-0.2655	-1.185	-2.799	0	178	1008	1
2026-02-11	16:37:59.370	33.775	-13.055	45.22	0.11712	-0.056364	0.94306	-0.267	-1.1925	-2.7975	0	178	1008	1
2026-02-11	16:37:59.390	44.52	-12.215	38.99	0.112972	-0.061976	0.97234	-0.2715	-1.203	-2.799	0	178	1008	1
2026-02-11	16:37:59.410	47.67	-14.07	36.96	0.144204	-0.07515199	1.04676	-0.2715	-1.212	-2.805	0	177	1017	1
2026-02-11	16:37:59.430	44.1	-16.065	37.94	0.159576	-0.079788	1.093852	-0.2745	-1.2195	-2.8035	0	177	1017	1
2026-02-11	16:37:59.450	37.485	-14.07	39.095	0.127856	-0.071492	1.065548	-0.2745	-1.2315	-2.805	0	177	1017	1
2026-02-11	16:37:59.470	31.08	-10.745	38.185	0.069784	-0.075884	1.01504	-0.279	-1.2405	-2.8125	0	177	1017	1
2026-02-11	16:37:59.490	25.48	-8.75	35.49	0.0366	-0.086132	0.979416	-0.2835	-1.245	-2.814	0	177	1017	1
2026-02-11	16:37:59.510	19.355	-8.96	32.55	0.0183	-0.0976	0.968192	-0.2835	-1.2495	-2.811	0	177	1017	1
2026-02-11	16:37:59.530	12.25	-10.5	30.17	0.020008	-0.108824	0.937204	-0.2835	-1.257	-2.811	0	177	1017	1
2026-02-11	16:37:59.550	5.915	-11.41	27.895	0.040504	-0.10858	0.900116	-0.288	-1.266	-2.811	0	177	1017	1
2026-02-11	16:37:59.570	1.645	-10.325	24.885	0.09857599	-0.112484	0.892796	-0.288	-1.2675	-2.814	0	177	1017	1
2026-02-11	16:37:59.590	0.035	-4.935	22.82	0.116388	-0.11468	0.863516	-0.285	-1.2645	-2.817	0	177	1017	1
2026-02-11	16:37:59.610	0.035	1.19	22.645	0.08686399	-0.105896	0.80032	-0.2895	-1.269	-2.8155	0	175	1027	1
2026-02-11	16:37:59.630	0.07	3.57	23.73	0.08784	-0.098088	0.760304	-0.2925	-1.266	-2.8065	0	175	1027	1
2026-02-11	16:37:59.650	-0.105	4.025	25.165	0.103212	-0.079788	0.756156	-0.288	-1.2705	-2.805	0	175	1027	1
2026-02-11	16:37:59.670	0.77	6.16	26.285	0.134932	-0.074176	0.782508	-0.2835	-1.272	-2.8095	0	175	1027	1
2026-02-11	16:37:59.690	2.31	11.13	28.14	0.153476	-0.07564	0.805444	-0.2835	-1.275	-2.814	0	175	1027	1
2026-02-11	16:37:59.710	3.15	16.17	31.395	0.125416	-0.06344	0.786168	-0.2835	-1.281	-2.8125	0	175	1027	1
2026-02-11	16:37:59.730	3.64	17.29	34.405	0.088816	-0.046116	0.779092	-0.2835	-1.2765	-2.811	0	175	1027	1
2026-02-11	16:37:59.750	3.395	15.365	36.155	0.07198	-0.045872	0.797148	-0.2835	-1.2765	-2.814	0	175	1027	1
2026-02-11	16:37:59.770	1.855	12.775	37.59	0.076128	-0.035136	0.828136	-0.2775	-1.2855	-2.8125	0	175	1027	1
2026-02-11	16:37:59.790	-0.7	10.745	40.11	0.084912	-0.029768	0.884256	-0.2775	-1.2855	-2.8095	0	175	1027	1
2026-02-11	16:37:59.810	-4.2	9.835	43.4	0.070272	-0.025864	0.922808	-0.2835	-1.284	-2.8125	0	172	1013	1
2026-02-11	16:37:59.830	-7.455	9.905	45.675	0.024156	-0.019764	0.943792	-0.279	-1.287	-2.811	0	172	1013	1
2026-02-11	16:37:59.850	-10.64	9.52	46.2	0.01464	-0.026596	0.958676	-0.273	-1.287	-2.8095	0	172	1013	1
2026-02-11	16:37:59.870	-10.01	8.505	45.395	0.040016	-0.019764	0.97234	-0.273	-1.287	-2.8095	0	172	1013	1
2026-02-11	16:37:59.890	-6.93	8.995	44.765	0.081008	-0.02928	0.988932	-0.2805	-1.2885	-2.8155	0	172	1013	1
2026-02-11	16:37:59.910	-2.205	10.185	45.745	0.121512	-0.039528	1.043588	-0.276	-1.2885	-2.8065	0	172	1013	1
2026-02-11	16:37:59.930	1.225	12.04	48.86	0.15616	-0.044896	1.105076	-0.27	-1.296	-2.808	0	172	1013	1
2026-02-11	16:37:59.950	2.17	13.335	53.445	0.144448	-0.03416	1.112884	-0.258	-1.2945	-2.8035	0	172	1013	1
2026-02-11	16:37:59.970	3.5	13.86	56.63	0.127124	-0.026352	1.094096	-0.267	-1.299	-2.805	0	172	1013	1
2026-02-11	16:37:59.990	5.915	14.805	58.66	0.132492	-0.021472	1.175348	-0.2685	-1.3095	-2.8005	0	172	1013	1
2026-02-11	16:38:00.010	4.76	15.085	61.285	0.170068	-0.021472	1.223416	-0.2595	-1.3065	-2.8065	0	169	996	1
2026-02-11	16:38:00.030	1.96	13.405	62.895	0.16226	-0.011468	1.16998	-0.249	-1.3035	-2.8035	0	169	996	1
2026-02-11	16:38:00.050	2.415	12.74	61.88	0.156648	-0.030744	1.102148	-0.261	-1.326	-2.8035	0	169	996	1
2026-02-11	16:38:00.070	6.79	13.125	58.94	0.100284	-0.038308	1.01016	-0.2625	-1.326	-2.808	0	169	996	1
2026-02-11	16:38:00.090	13.545	11.025	54.95	0.06734399	-0.037576	0.948428	-0.2505	-1.323	-2.805	0	169	996	1
2026-02-11	16:38:00.110	20.72	6.58	50.26	0.049532	-0.024156	0.95282	-0.2595	-1.3275	-2.802	0	169	996	1
2026-02-11	16:38:00.130	22.82	2.975	46.725	0.059048	-0.022448	1.03456	-0.2595	-1.3275	-2.802	0	169	996	1
2026-02-11	16:38:00.150	17.92	-0.735	45.815	0.072224	-0.014884	1.104344	-0.2595	-1.3275	-2.802	0	169	996	1
2026-02-11	16:38:00.170	8.295	-5.81	45.78	0.05002	0.004148	1.116544	-0.258	-1.3455	-2.814	0	169	996	1
2026-02-11	16:38:00.190	-2.205	-10.92	44.66	0.020496	0.005856	1.085312	-0.261	-1.3575	-2.8155	0	169	996	1
2026-02-11	16:38:00.210	-10.29	-15.155	41.475	0.014884	-0.015128	1.042856	-0.261	-1.359	-2.811	0	165	1000	1
2026-02-11	16:38:00.230	-14.665	-18.375	37.31	0.008296	-0.035868	0.991128	-0.264	-1.362	-2.814	0	165	1000	1
2026-02-11	16:38:00.250	-15.19	-20.405	32.9	0.020496	-0.041724	0.944036	-0.2715	-1.359	-2.8095	0	165	1000	1
2026-02-11	16:38:00.270	-12.775	-20.58	28.77	0.062708	-0.057584	0.916464	-0.2685	-1.359	-2.8155	0	165	1000	1
2026-02-11	16:38:00.290	-8.96	-17.99	26.04	0.091744	-0.059536	0.893528	-0.276	-1.359	-2.8155	0	165	1000	1
2026-02-11	16:38:00.310	-4.9	-13.125	25.76	0.122488	-0.05978	0.91134	-0.285	-1.362	-2.808	0	165	1000	1
2026-02-11	16:38:00.330	-2.415	-7	28.28	0.163968	-0.071736	0.954284	-0.2835	-1.365	-2.814	0	165	1000	1
2026-02-11	16:38:00.350	-2.59	-0.805	33.005	0.186904	-0.077592	0.973316	-0.2865	-1.3605	-2.8185	0	165	1000	1
2026-02-11	16:38:00.370	-3.78	4.76	38.535	0.166164	-0.06734399	0.945988	-0.291	-1.362	-2.8065	0	165	1000	1
2026-02-11	16:38:00.390	-2.695	11.97	45.01	0.09028	-0.041236	0.922808	-0.2805	-1.3635	-2.817	0	165	1000	1
2026-02-11	16:38:00.410	-0.945	15.925	47.18	0.048556	-0.031964	0.925248	-0.282	-1.3635	-2.814	0	159	1008	1
2026-02-11	16:38:00.430	0.77	18.27	48.44	0.05246	-0.028304	0.958676	-0.285	-1.368	-2.814	0	159	1008	1
2026-02-11	16:38:00.450	1.47	19.215	49.875	0.066856	-0.025864	0.976732	-0.285	-1.374	-2.814	0	159	1008	1
2026-02-11	16:38:00.470	2.24	19.075	51.31	0.061	-0.0305	0.99674	-0.2835	-1.374	-2.8185	0	159	1008	1
2026-02-11	16:38:00.490	3.57	18.235	52.36	0.057828	-0.036844	0.998448	-0.2835	-1.371	-2.817	0	159	1008	1
2026-02-11	16:38:00.510	5.215	15.295	53.34	0.04026	-0.045872	0.99186	-0.2835	-1.3725	-2.8125	0	159	1008	1
2026-02-11	16:38:00.530	7.105	9.065	53.935	0.04514	-0.054168	1.007232	-0.2835	-1.3785	-2.8125	0	159	1008	1
2026-02-11	16:38:00.550	9.345	2.31	54.145	0.064904	-0.071736	1.054812	-0.2865	-1.386	-2.8125	0	159	1008	1
2026-02-11	16:38:00.570	11.235	-1.435	54.46	0.067832	-0.09028	1.109468	-0.2895	-1.3875	-2.8125	0	159	1008	1
2026-02-11	16:38:00.590	10.955	-1.96	55.37	0.06466	-0.100528	1.155096	-0.291	-1.389	-2.814	0	159	1008	1
2026-02-11	16:38:00.610	7.7	-3.255	57.61	0.068076	-0.120292	1.160464	-0.2895	-1.3905	-2.8155	0	153	1013	1
2026-02-11	16:38:00.630	3.36	-6.3	59.745	0.05368	-0.125172	1.13216	-0.2925	-1.3905	-2.8125	0	153	1013	1
2026-02-11	16:38:00.650	0.63	-10.395	60.76	0.117852	-0.116388	1.103368	-0.2985	-1.3965	-2.811	0	153	1013	1
2026-02-11	16:38:00.670	1.295	-14.56	61.005	0.1708	-0.09394	1.075552	-0.3015	-1.401	-2.811	0	153	1013	1
2026-02-11	16:38:00.690	3.43	-16.695	60.9	0.16592	-0.083936	1.063596	-0.3075	-1.401	-2.811	0	153	1013	1
2026-02-11	16:38:00.710	5.25	-15.68	59.64	0.10614	-0.077836	1.031632	-0.312	-1.4055	-2.8125	0	153	1013	1
2026-02-11	16:38:00.730	6.265	-13.02	57.225	0.066612	-0.093208	1.003572	-0.3195	-1.4115	-2.8125	0	153	1013	1
2026-02-11	16:38:00.750	5.355	-11.515	55.335	0.061	-0.106628	0.994544	-0.3255	-1.4145	-2.8095	0	153	1013	1
2026-02-11	16:38:00.770	2.66	-11.235	55.02	0.072224	-0.110044	1.017724	-0.327	-1.413	-2.814	0	153	1013	1
2026-02-11	16:38:00.790	-0.595	-9.03	56	0.087352	-0.102236	1.044076	-0.333	-1.4115	-2.8185	0	153	1013	1
2026-02-11	16:38:00.810	-3.745	-4.445	56.735	0.069296	-0.07808	1.015528	-0.3375	-1.4145	-2.814	0	146	1022	1
2026-02-11	16:38:00.830	-5.81	-0.245	55.475	0.040748	-0.050508	0.968192	-0.3375	-1.416	-2.817	0	146	1022	1
2026-02-11	16:38:00.850	-6.44	1.855	52.255	0.031232	-0.04392	0.932568	-0.345	-1.413	-2.8215	0	146	1022	1
2026-02-11	16:38:00.870	-6.58	2.45	48.37	0.00854	-0.035868	0.882304	-0.3495	-1.4145	-2.8155	0	146	1022	1
2026-02-11	16:38:00.890	-5.635	1.925	44.485	-0.005124	-0.030988	0.845704	-0.351	-1.416	-2.8125	0	146	1022	1
2026-02-11	16:38:00.910	-3.675	1.015	40.95	0.005612	-0.031476	0.855708	-0.354	-1.4145	-2.814	0	146	1022	1
2026-02-11	16:38:00.930	-2.485	0.385	37.835	0.028792	-0.044896	0.94306	-0.354	-1.416	-2.817	0	146	1022	1
2026-02-11	16:38:00.950	-4.305	-0.455	37.135	0.027572	-0.030012	0.984052	-0.354	-1.416	-2.817	0	146	1022	1
2026-02-11	16:38:00.970	-6.79	-1.4	36.365	0.003904	-0.014884	0.985272	-0.363	-1.4145	-2.8245	0	146	1022	1
2026-02-11	16:38:00.990	-8.4	-2.17	34.965	-0.023912	-0.013908	0.99552	-0.354	-1.422	-2.8245	0	146	1022	1
2026-02-11	16:38:01.010	-9.135	-2.415	32.585	-0.05978	-0.006588	0.993812	-0.363	-1.4175	-2.823	0	138	1025	1
2026-02-11	16:38:01.030	-7.525	-2.555	28.105	-0.086376	0.016592	0.98698	-0.363	-1.4235	-2.8185	0	138	1025	1
2026-02-11	16:38:01.050	-2.905	-2.695	21.07	-0.079788	0.015128	1.03334	-0.369	-1.407	-2.814	0	138	1025	1
2026-02-11	16:38:01.070	1.435	-2.24	13.37	-0.035868	-0.011712	1.131672	-0.3705	-1.4115	-2.814	0	138	1025	1
2026-02-11	16:38:01.090	3.08	-1.05	7.49	0.010248	-0.042212	1.203164	-0.363	-1.4085	-2.823	0	138	1025	1
2026-02-11	16:38:01.110	3.395	-0.245	3.57	0.055144	-0.060268	1.226344	-0.3675	-1.41	-2.826	0	138	1025	1
2026-02-11	16:38:01.130	4.55	-0.175	0.63	0.0976	-0.08052	1.247328	-0.3675	-1.416	-2.826	0	138	1025	1
2026-02-11	16:38:01.150	5.495	-0.945	-0.77	0.1281	-0.097356	1.260504	-0.3705	-1.4115	-2.8215	0	138	1025	1
2026-02-11	16:38:01.170	4.83	-4.165	-0.35	0.116876	-0.077104	1.231468	-0.375	-1.4115	-2.817	0	138	1025	1
2026-02-11	16:38:01.190	3.815	-10.22	-0.245	0.122732	-0.053436	1.222928	-0.369	-1.4115	-2.814	0	138	1025	1
2026-02-11	16:38:01.210	2.24	-13.405	-1.61	0.15494	-0.075396	1.252208	-0.3645	-1.413	-2.811	0	132	1034	1
2026-02-11	16:38:01.230	0.7	-9.205	-4.515	0.1403	-0.100772	1.169736	-0.3765	-1.4115	-2.823	0	132	1034	1
2026-02-11	16:38:01.250	3.115	-3.045	-9.73	0.081496	-0.101016	1.025288	-0.369	-1.422	-2.8185	0	132	1034	1
2026-02-11	16:38:01.270	9.205	1.54	-16.205	0.08052	-0.099796	0.944036	-0.3735	-1.4115	-2.817	0	132	1034	1
2026-02-11	16:38:01.290	15.68	5.355	-21.875	0.130052	-0.099796	0.923052	-0.3765	-1.4115	-2.8155	0	132	1034	1
2026-02-11	16:38:01.310	20.335	8.68	-25.025	0.177876	-0.093452	0.945744	-0.372	-1.4175	-2.82	0	132	1034	1
2026-02-11	16:38:01.330	22.96	11.585	-25.62	0.209596	-0.073444	0.988932	-0.3645	-1.419	-2.823	0	132	1034	1
2026-02-11	16:38:01.350	22.575	14.525	-24.36	0.229116	-0.071004	1.046028	-0.363	-1.4205	-2.8155	0	132	1034	1
2026-02-11	16:38:01.370	18.69	15.61	-21.945	0.234728	-0.06466	1.069452	-0.36	-1.428	-2.8185	0	132	1034	1
2026-02-11	16:38:01.390	13.335	12.845	-19.6	0.22448	-0.057584	1.059692	-0.3555	-1.4265	-2.808	0	132	1034	1
2026-02-11	16:38:01.410	8.645	9.59	-18.095	0.204228	-0.049776	1.00284	-0.354	-1.4295	-2.814	0	129	1049	1
2026-02-11	16:38:01.430	6.51	7.28	-17.15	0.152988	-0.05124	0.927932	-0.3495	-1.428	-2.8245	0	129	1049	1
2026-02-11	16:38:01.450	7	4.97	-16.975	0.119804	-0.047824	0.878156	-0.348	-1.4295	-2.817	0	129	1049	1
2026-02-11	16:38:01.470	10.36	2.94	-17.99	0.11834	-0.038064	0.84302	-0.345	-1.437	-2.808	0	129	1049	1
2026-02-11	16:38:01.490	13.405	2.73	-19.32	0.126636	-0.027084	0.850828	-0.345	-1.437	-2.811	0	129	1049	1
2026-02-11	16:38:01.510	15.33	2.38	-20.02	0.140788	-0.030744	0.876936	-0.342	-1.4355	-2.8095	0	129	1049	1
2026-02-11	16:38:01.530	14.98	2.065	-19.635	0.141764	-0.036112	0.904996	-0.342	-1.4355	-2.8095	0	129	1049	1
2026-02-11	16:38:01.550	12.985	2.625	-18.095	0.122244	-0.02928	0.929152	-0.342	-1.437	-2.814	0	129	1049	1
2026-02-11	16:38:01.570	10.045	3.885	-16.1	0.11346	-0.026596	0.944524	-0.336	-1.446	-2.8155	0	129	1049	1
2026-02-11	16:38:01.590	6.58	4.2	-13.86	0.11712	-0.023668	0.96746	-0.3345	-1.4505	-2.817	0	129	1049	1
2026-02-11	16:38:01.610	2.73	3.29	-11.165	0.126636	-0.04026	1.01504	-0.333	-1.446	-2.814	0	129	1049	1
2026-02-11	16:38:01.630	-1.89	2.555	-7.805	0.138836	-0.055632	1.063108	-0.3315	-1.446	-2.8155	0	129	1049	1
2026-02-11	16:38:01.650	-6.23	2.38	-4.06	0.14762	-0.066612	1.10776	-0.3285	-1.446	-2.817	0	129	1049	1
2026-02-11	16:38:01.670	-8.96	3.185	-0.42	0.152988	-0.074176	1.125816	-0.327	-1.449	-2.8155	0	129	1049	1
2026-02-11	16:38:01.690	-11.095	3.045	3.605	0.155428	-0.090524	1.140212	-0.33	-1.4385	-2.8185	0	129	1049	1
2026-02-11	16:38:01.710	-13.755	-0.385	7.805	0.16348	-0.114924	1.169004	-0.3345	-1.44	-2.826	0	129	1049	1
2026-02-11	16:38:01.730	-17.08	-4.06	12.6	0.170068	-0.14274	1.198528	-0.3225	-1.446	-2.8125	0	129	1049	1
2026-02-11	16:38:01.750	-18.865	-3.325	17.5	0.166652	-0.152012	1.182668	-0.3225	-1.446	-2.8125	0	129	1049	1
2026-02-11	16:38:01.770	-20.405	-3.255	22.575	0.154208	-0.148108	1.15778	-0.3225	-1.4385	-2.811	0	129	1049	1
2026-02-11	16:38:01.790	-23.345	-6.51	28.49	0.158844	-0.13908	1.133136	-0.324	-1.4265	-2.8095	0	129	1049	1
2026-02-11	16:38:01.810	-25.095	-8.61	33.985	0.17202	-0.130784	1.088484	-0.3285	-1.422	-2.8095	0	128	1048	1
2026-02-11	16:38:01.830	-22.715	-6.825	37.66	0.144692	-0.117852	1.003084	-0.333	-1.425	-2.8125	0	128	1048	1
2026-02-11	16:38:01.850	-16.065	-3.57	38.01	0.084424	-0.106384	0.92842	-0.333	-1.422	-2.814	0	128	1048	1
2026-02-11	16:38:01.870	-8.295	-2.31	35.945	0.04026	-0.12322	0.92476	-0.33	-1.4175	-2.8095	0	128	1048	1
2026-02-11	16:38:01.890	-2.835	-3.325	32.55	0.050508	-0.144448	0.96136	-0.3315	-1.413	-2.808	0	128	1048	1
2026-02-11	16:38:01.910	-0.455	-3.5	29.54	0.07686	-0.149328	0.970876	-0.339	-1.41	-2.8125	0	128	1048	1
2026-02-11	16:38:01.930	0.14	-2.135	27.93	0.06832	-0.14518	0.948428	-0.342	-1.4115	-2.814	0	128	1048	1
2026-02-11	16:38:01.950	-0.49	-0.175	27.545	0.041724	-0.137372	0.91988	-0.342	-1.413	-2.814	0	128	1048	1
2026-02-11	16:38:01.970	-2.275	0.91	27.72	0.01464	-0.122732	0.891332	-0.345	-1.416	-2.8185	0	128	1048	1
2026-02-11	16:38:01.990	-3.955	0.665	27.195	0.00976	-0.104676	0.869616	-0.354	-1.416	-2.823	0	128	1048	1
2026-02-11	16:38:02.010	-3.43	2.94	23.87	0.022204	-0.089548	0.836676	-0.3615	-1.416	-2.8245	0	128	1046	1
2026-02-11	16:38:02.030	-1.4	7.245	21.49	0.010004	-0.088816	0.80032	-0.3615	-1.416	-2.8245	0	128	1046	1
2026-02-11	16:38:02.050	0.56	10.465	19.845	-0.005124	-0.091988	0.788364	-0.3465	-1.416	-2.8215	0	128	1046	1
2026-02-11	16:38:02.070	0.98	10.675	19.145	0.006344	-0.093696	0.8174	-0.354	-1.4175	-2.817	0	128	1046	1
2026-02-11	16:38:02.090	-0.49	9.24	19.88	0.040504	-0.084912	0.856684	-0.3525	-1.416	-2.8245	0	128	1046	1
2026-02-11	16:38:02.110	-1.785	8.75	21.42	0.05734	-0.07124799	0.882792	-0.3555	-1.425	-2.8215	0	128	1046	1
2026-02-11	16:38:02.130	-1.47	10.955	22.61	0.036356	-0.060268	0.90768	-0.351	-1.428	-2.826	0	128	1046	1
2026-02-11	16:38:02.150	-0.7	14.455	23.59	0.00244	-0.043676	0.922808	-0.3555	-1.4235	-2.8275	0	128	1046	1
2026-02-11	16:38:02.170	-1.295	15.33	24.57	-0.041236	-0.033916	0.951112	-0.351	-1.4265	-2.8275	0	128	1046	1
2026-02-11	16:38:02.190	-3.22	13.335	24.78	-0.06222	-0.025132	0.970144	-0.348	-1.422	-2.823	0	128	1046	1
2026-02-11	16:38:02.210	-4.06	11.235	23.275	-0.07124799	-0.0183	0.999424	-0.3495	-1.4175	-2.8245	0	129	1029	1
2026-02-11	16:38:02.230	-2.8	11.41	20.44	-0.065392	-0.01464	1.047492	-0.351	-1.4175	-2.8245	0	129	1029	1
2026-02-11	16:38:02.250	-1.365	12.985	17.885	-0.066368	-0.010736	1.104588	-0.3495	-1.416	-2.8275	0	129	1029	1
2026-02-11	16:38:02.270	-1.26	12.81	16.1	-0.061976	-0.016836	1.13216	-0.3495	-1.4175	-2.8275	0	129	1029	1
2026-02-11	16:38:02.290	-2.345	7.455	13.265	-0.044408	-0.02562	1.170468	-0.3495	-1.422	-2.8215	0	129	1029	1
2026-02-11	16:38:02.310	-3.22	4.27	11.06	-0.037576	-0.023912	1.18218	-0.3435	-1.4145	-2.82	0	129	1029	1
2026-02-11	16:38:02.330	-2.8	1.82	8.05	-0.036112	-0.010004	1.166808	-0.3435	-1.4175	-2.8245	0	129	1029	1
2026-02-11	16:38:02.350	-0.21	-0.175	3.325	-0.029036	-0.000244	1.159244	-0.348	-1.416	-2.829	0	129	1029	1
2026-02-11	16:38:02.370	1.855	-3.08	-1.715	-0.008052	-0.00244	1.182424	-0.3495	-1.4175	-2.8335	0	129	1029	1
2026-02-11	16:38:02.390	0.035	-8.435	-5.39	0.029768	-0.016836	1.242936	-0.342	-1.416	-2.826	0	129	1029	1
2026-02-11	16:38:02.410	-6.23	-14.525	-7.105	0.090036	-0.031476	1.261236	-0.3435	-1.416	-2.8245	0	130	1024	1
2026-02-11	16:38:02.430	-12.95	-18.13	-8.575	0.100772	-0.04392	1.191208	-0.3405	-1.4175	-2.826	0	130	1024	1
2026-02-11	16:38:02.450	-14.84	-17.57	-11.375	0.073932	-0.052704	1.079944	-0.351	-1.4205	-2.823	0	130	1024	1
2026-02-11	16:38:02.470	-11.025	-14.07	-16.135	0.033672	-0.052704	1.00162	-0.351	-1.419	-2.8185	0	130	1024	1
2026-02-11	16:38:02.490	-5.6	-10.36	-21.98	0.042212	-0.037576	1.007232	-0.3435	-1.407	-2.82	0	130	1024	1
2026-02-11	16:38:02.510	-3.22	-8.89	-27.09	0.11346	-0.02684	1.057008	-0.3525	-1.4085	-2.8215	0	130	1024	1
2026-02-11	16:38:02.530	-5.355	-9.905	-29.505	0.170068	-0.01708	1.064816	-0.351	-1.4055	-2.823	0	130	1024	1
2026-02-11	16:38:02.550	-8.785	-10.43	-29.715	0.22692	-0.000732	1.05652	-0.345	-1.398	-2.826	0	130	1024	1
2026-02-11	16:38:02.570	-9.695	-5.53	-29.33	0.245952	-0.004636	1.022604	-0.3465	-1.401	-2.826	0	130	1024	1
2026-02-11	16:38:02.590	-8.995	0.28	-28.7	0.203252	-0.011712	0.931592	-0.345	-1.401	-2.82	0	130	1024	1
2026-02-11	16:38:02.610	-7.14	1.96	-28	0.162016	-0.007076	0.817644	-0.3435	-1.395	-2.8155	0	132	1035	1
2026-02-11	16:38:02.630	-3.535	-0.245	-28.14	0.139324	-0.003416	0.75884	-0.345	-1.3935	-2.823	0	132	1035	1
2026-02-11	16:38:02.650	1.05	-1.33	-28.595	0.158356	0.000732	0.763476	-0.339	-1.3965	-2.826	0	132	1035	1
2026-02-11	16:38:02.670	5.005	0.42	-28.245	0.196176	0.001708	0.799832	-0.3345	-1.398	-2.823	0	132	1035	1
2026-02-11	16:38:02.690	7.49	3.605	-26.6	0.196176	-0.005368	0.817888	-0.348	-1.3995	-2.82	0	132	1035	1
2026-02-11	16:38:02.710	8.855	6.895	-23.625	0.140056	-0.007564	0.7808	-0.3405	-1.3965	-2.8185	0	132	1035	1
2026-02-11	16:38:02.730	10.535	7.98	-20.93	0.0976	-0.00244	0.7503	-0.3375	-1.395	-2.82	0	132	1035	1
2026-02-11	16:38:02.750	12.6	5.845	-19.67	0.098332	-0.010736	0.782264	-0.336	-1.398	-2.8215	0	132	1035	1
2026-02-11	16:38:02.770	14.035	1.75	-18.9	0.117364	-0.022448	0.862052	-0.3345	-1.4025	-2.823	0	132	1035	1
2026-02-11	16:38:02.790	14.175	-0.665	-17.64	0.138592	-0.036356	0.960628	-0.33	-1.404	-2.8155	0	132	1035	1
2026-02-11	16:38:02.810	12.705	0.315	-15.575	0.131272	-0.044408	1.015772	-0.336	-1.3995	-2.8245	0	135	1030	1
2026-02-11	16:38:02.830	8.855	0.455	-12.215	0.085644	-0.078568	1.03456	-0.336	-1.3995	-2.8245	0	135	1030	1
2026-02-11	16:38:02.850	6.86	-1.61	-11.34	0.065392	-0.092232	1.062132	-0.333	-1.404	-2.8215	0	135	1030	1
2026-02-11	16:38:02.870	5.775	-2.205	-11.69	0.07442	-0.09882	1.114592	-0.3315	-1.4085	-2.8155	0	135	1030	1
2026-02-11	16:38:02.890	4.2	-3.605	-11.165	0.118096	-0.111264	1.211216	-0.3315	-1.4085	-2.814	0	135	1030	1
2026-02-11	16:38:02.910	-0.385	-6.51	-7.77	0.188124	-0.142496	1.332728	-0.33	-1.41	-2.814	0	135	1030	1
2026-02-11	16:38:02.930	-8.225	-8.435	-1.365	0.217404	-0.162504	1.367864	-0.3315	-1.41	-2.811	0	135	1030	1
2026-02-11	16:38:02.950	-15.155	-9.415	5.32	0.177388	-0.15616	1.303448	-0.333	-1.41	-2.811	0	135	1030	1
2026-02-11	16:38:02.970	-18.305	-11.375	10.01	0.12932	-0.149328	1.247816	-0.3375	-1.404	-2.8155	0	135	1030	1
2026-02-11	16:38:02.990	-20.02	-14.35	13.58	0.119316	-0.161772	1.2139	-0.342	-1.3995	-2.817	0	135	1030	1
2026-02-11	16:38:03.010	-20.545	-17.185	17.01	0.132004	-0.175436	1.154364	-0.339	-1.3995	-2.8125	0	139	1028	1
2026-02-11	16:38:03.030	-17.045	-16.625	18.585	0.117364	-0.168848	1.04554	-0.336	-1.395	-2.8125	0	139	1028	1
2026-02-11	16:38:03.050	-8.295	-12.495	16.555	0.068564	-0.164456	0.974536	-0.342	-1.392	-2.8125	0	139	1028	1
2026-02-11	16:38:03.070	1.26	-5.285	12.635	0.037088	-0.188612	0.981612	-0.342	-1.389	-2.814	0	139	1028	1
2026-02-11	16:38:03.090	7.315	1.785	9.555	0.05734	-0.196664	1.005768	-0.3405	-1.3875	-2.8155	0	139	1028	1
2026-02-11	16:38:03.110	7.98	4.585	9.38	0.081496	-0.19398	0.992592	-0.345	-1.389	-2.8155	0	139	1028	1
2026-02-11	16:38:03.130	6.755	6.195	10.71	0.086376	-0.178852	0.950136	-0.3465	-1.395	-2.8155	0	139	1028	1
2026-02-11	16:38:03.150	5.635	8.33	12.005	0.08418	-0.158844	0.900848	-0.3495	-1.3965	-2.8215	0	139	1028	1
2026-02-11	16:38:03.170	4.41	10.08	13.055	0.068564	-0.13786	0.865712	-0.3495	-1.4025	-2.8125	0	139	1028	1
2026-02-11	16:38:03.190	2.45	11.025	13.72	0.048068	-0.117608	0.809348	-0.3495	-1.3965	-2.8095	0	139	1028	1
2026-02-11	16:38:03.210	0.7	11.515	14.245	0.030988	-0.1037	0.767624	-0.351	-1.3965	-2.8095	0	144	1035	1
2026-02-11	16:38:03.230	-0.07	12.67	14.7	0.015128	-0.099308	0.745176	-0.3465	-1.404	-2.8095	0	144	1035	1
2026-02-11	16:38:03.250	-0.21	14.805	14.91	0.0061	-0.094428	0.740296	-0.345	-1.401	-2.8095	0	144	1035	1
2026-02-11	16:38:03.270	-0.28	17.325	14.875	0.010492	-0.092232	0.740052	-0.339	-1.395	-2.8095	0	144	1035	1
2026-02-11	16:38:03.290	-0.63	18.55	15.295	-0.0122	-0.078324	0.754204	-0.3345	-1.398	-2.805	0	144	1035	1
2026-02-11	16:38:03.310	-1.365	17.325	15.505	-0.02684	-0.059292	0.811544	-0.3405	-1.398	-2.8095	0	144	1035	1
2026-02-11	16:38:03.330	-2.94	14.875	15.155	-0.005368	-0.049044	0.88084	-0.342	-1.3995	-2.811	0	144	1035	1
2026-02-11	16:38:03.350	-4.515	12.775	14.56	0.002684	-0.0427	0.926712	-0.3345	-1.404	-2.811	0	144	1035	1
2026-02-11	16:38:03.370	-5.425	10.465	13.23	-0.02196	-0.011468	1.01748	-0.3285	-1.404	-2.814	0	144	1035	1
2026-02-11	16:38:03.390	-5.845	8.295	11.235	-0.0122	-0.01708	1.101416	-0.3225	-1.398	-2.8005	0	144	1035	1
2026-02-11	16:38:03.410	-6.895	4.48	8.155	-0.018788	-0.028792	1.168272	-0.333	-1.3875	-2.808	0	149	1023	1
2026-02-11	16:38:03.430	-8.225	1.225	4.235	-0.037332	-0.029768	1.19804	-0.3195	-1.3875	-2.8095	0	149	1023	1
2026-02-11	16:38:03.450	-8.47	0.35	-0.56	-0.054412	-0.031232	1.175348	-0.3315	-1.395	-2.8095	0	149	1023	1
2026-02-11	16:38:03.470	-5.845	0.525	-6.23	-0.059536	-0.028792	1.131672	-0.321	-1.389	-2.8095	0	149	1023	1
2026-02-11	16:38:03.490	0.105	1.015	-12.845	-0.058316	-0.014396	1.116544	-0.327	-1.395	-2.808	0	149	1023	1
2026-02-11	16:38:03.510	5.95	1.61	-19.95	-0.039284	-0.002196	1.142408	-0.3285	-1.3875	-2.805	0	149	1023	1
2026-02-11	16:38:03.530	8.61	1.33	-26.04	0.020008	-0.00244	1.173396	-0.3285	-1.395	-2.8185	0	149	1023	1
2026-02-11	16:38:03.550	7.98	-0.35	-30.17	0.052704	0.00366	1.206824	-0.3315	-1.401	-2.802	0	149	1023	1
2026-02-11	16:38:03.570	4.025	-3.605	-32.725	0.058804	0.008784	1.202676	-0.327	-1.3935	-2.805	0	149	1023	1
2026-02-11	16:38:03.590	-1.295	-9.415	-35.14	0.086376	0.017568	1.151924	-0.3255	-1.3875	-2.799	0	149	1023	1
2026-02-11	16:38:03.610	-3.71	-13.405	-38.92	0.125904	0.001708	1.052616	-0.324	-1.3875	-2.796	0	154	1022	1
2026-02-11	16:38:03.630	0.77	-10.045	-44.66	0.118096	-0.011712	0.9455	-0.324	-1.389	-2.8065	0	154	1022	1
2026-02-11	16:38:03.650	7.7	-5.88	-48.825	0.116876	-0.02318	0.90768	-0.324	-1.389	-2.8065	0	154	1022	1
2026-02-11	16:38:03.670	9.52	-7.91	-50.015	0.141032	-0.027328	0.930128	-0.324	-1.389	-2.8065	0	154	1022	1
2026-02-11	16:38:03.690	7.91	-10.22	-49.945	0.187636	-0.0305	0.985028	-0.318	-1.3905	-2.7945	0	154	1022	1
2026-02-11	16:38:03.710	4.76	-7.875	-48.65	0.20862	-0.027084	1.021872	-0.3195	-1.392	-2.8065	0	154	1022	1
2026-02-11	16:38:03.730	0.735	-3.465	-46.06	0.20862	-0.032208	1.030168	-0.312	-1.3905	-2.8035	0	154	1022	1
2026-02-11	16:38:03.750	-3.675	-2.52	-42.84	0.182268	-0.040504	0.977708	-0.3225	-1.386	-2.8095	0	154	1022	1
2026-02-11	16:38:03.770	-6.72	-4.97	-40.425	0.147132	-0.039772	0.896456	-0.318	-1.392	-2.796	0	154	1022	1
2026-02-11	16:38:03.790	-6.825	-7.455	-39.655	0.128832	-0.038796	0.848144	-0.318	-1.38	-2.796	0	154	1022	1
2026-02-11	16:38:03.810	-4.515	-8.68	-40.215	0.14762	-0.046116	0.85766	-0.3105	-1.374	-2.796	0	158	1027	1
2026-02-11	16:38:03.830	-2.555	-7.35	-40.46	0.135176	-0.0549	0.847168	-0.3165	-1.3725	-2.8065	0	158	1027	1
2026-02-11	16:38:03.850	-0.875	-4.48	-39.69	0.09857599	-0.052948	0.797636	-0.3225	-1.383	-2.8005	0	158	1027	1
2026-02-11	16:38:03.870	1.82	-2.66	-38.675	0.08906	-0.058072	0.79544	-0.3135	-1.3845	-2.808	0	158	1027	1
2026-02-11	16:38:03.890	3.605	-0.21	-36.995	0.110532	-0.0671	0.857904	-0.3135	-1.3755	-2.802	0	158	1027	1
2026-02-11	16:38:03.910	2.275	5.145	-32.165	0.088084	-0.051728	0.895236	-0.3135	-1.3725	-2.7915	0	158	1027	1
2026-02-11	16:38:03.930	1.645	6.79	-29.225	0.06832	-0.06222	0.927932	-0.3135	-1.374	-2.796	0	158	1027	1
2026-02-11	16:38:03.950	0.595	6.23	-26.355	0.075884	-0.084424	1.016504	-0.312	-1.374	-2.802	0	158	1027	1
2026-02-11	16:38:03.970	-1.995	4.62	-22.82	0.094916	-0.111508	1.097756	-0.306	-1.377	-2.805	0	158	1027	1
2026-02-11	16:38:03.990	-2.835	3.045	-19.74	0.11102	-0.121024	1.131672	-0.303	-1.377	-2.805	0	158	1027	1
2026-02-11	16:38:04.010	0.105	2.8	-17.64	0.149084	-0.13908	1.172908	-0.3045	-1.3725	-2.802	0	160	1022	1
2026-02-11	16:38:04.030	2.975	2.415	-13.72	0.163968	-0.1647	1.192428	-0.3015	-1.371	-2.796	0	160	1022	1
2026-02-11	16:38:04.050	2.975	-1.645	-7.035	0.139812	-0.191784	1.182668	-0.297	-1.3695	-2.799	0	160	1022	1
2026-02-11	16:38:04.070	0.805	-7.245	0.665	0.130784	-0.198616	1.170712	-0.3	-1.371	-2.802	0	160	1022	1
2026-02-11	16:38:04.090	-1.82	-11.2	8.61	0.131028	-0.200568	1.178764	-0.3045	-1.3725	-2.7975	0	160	1022	1
2026-02-11	16:38:04.110	-4.13	-13.93	17.22	0.15128	-0.210084	1.221952	-0.306	-1.371	-2.8005	0	160	1022	1
2026-02-11	16:38:04.130	-6.3	-16.135	25.725	0.168848	-0.221064	1.246352	-0.3075	-1.368	-2.8035	0	160	1022	1
2026-02-11	16:38:04.150	-7.21	-16.73	31.92	0.132492	-0.202276	1.164124	-0.3105	-1.3695	-2.802	0	160	1022	1
2026-02-11	16:38:04.170	-2.66	-18.585	32.76	0.045628	-0.1769	1.031388	-0.315	-1.374	-2.8005	0	160	1022	1
2026-02-11	16:38:04.190	3.57	-23.24	28.665	0.016836	-0.177876	1.027484	-0.3165	-1.3785	-2.8035	0	160	1022	1
2026-02-11	16:38:04.210	3.675	-26.46	25.235	0.068564	-0.170312	1.045052	-0.3165	-1.377	-2.8005	0	161	1029	1
2026-02-11	16:38:04.230	1.54	-28.805	22.82	0.111752	-0.148352	0.987712	-0.324	-1.3755	-2.7945	0	161	1029	1
2026-02-11	16:38:04.250	1.225	-28	20.615	0.131272	-0.120292	0.933788	-0.33	-1.374	-2.796	0	161	1029	1
2026-02-11	16:38:04.270	2.31	-23.065	18.69	0.154208	-0.1159	0.933544	-0.33	-1.3755	-2.799	0	161	1029	1
2026-02-11	16:38:04.290	2.8	-14.42	17.92	0.162992	-0.119804	0.903776	-0.3405	-1.3725	-2.802	0	161	1029	1
2026-02-11	16:38:04.310	3.08	-5.18	18.375	0.111264	-0.112728	0.821792	-0.3465	-1.3725	-2.8005	0	161	1029	1
2026-02-11	16:38:04.330	4.165	0.455	18.48	0.073444	-0.106628	0.77714	-0.348	-1.3755	-2.799	0	161	1029	1
2026-02-11	16:38:04.350	5.355	4.97	17.255	0.07515199	-0.089792	0.784216	-0.3495	-1.377	-2.7975	0	161	1029	1
2026-02-11	16:38:04.370	6.72	11.69	15.855	0.112484	-0.090036	0.826184	-0.345	-1.377	-2.793	0	161	1029	1
2026-02-11	16:38:04.390	7.525	21.28	15.785	0.129808	-0.096624	0.844972	-0.348	-1.377	-2.796	0	161	1029	1
2026-02-11	16:38:04.410	7.105	29.89	17.605	0.135908	-0.105652	0.84424	-0.351	-1.383	-2.802	0	162	1031	1
2026-02-11	16:38:04.430	5.565	32.76	20.055	0.091012	-0.071736	0.853756	-0.342	-1.383	-2.799	0	162	1031	1
2026-02-11	16:38:04.450	4.83	29.295	19.775	0.015128	-0.0366	0.845948	-0.3375	-1.3785	-2.793	0	162	1031	1
2026-02-11	16:38:04.470	7.07	26.915	16.345	0.029036	-0.044652	0.90036	-0.3375	-1.3785	-2.793	0	162	1031	1
2026-02-11	16:38:04.490	9.345	25.795	13.23	0.05368	-0.0488	0.999912	-0.327	-1.389	-2.7975	0	162	1031	1
2026-02-11	16:38:04.510	9.345	24.955	12.005	0.050752	-0.03416	1.052372	-0.3315	-1.3995	-2.79	0	162	1031	1
2026-02-11	16:38:04.530	8.225	21.84	11.445	0.030256	-0.03294	1.084092	-0.3225	-1.3905	-2.79	0	162	1031	1
2026-02-11	16:38:04.550	6.44	16.38	10.325	0.043188	-0.053924	1.115324	-0.3195	-1.395	-2.79	0	162	1031	1
2026-02-11	16:38:04.570	5.425	10.71	8.26	0.052216	-0.062952	1.105076	-0.318	-1.392	-2.7855	0	162	1031	1
2026-02-11	16:38:04.590	8.12	6.65	4.655	0.037332	-0.0427	1.079944	-0.318	-1.3965	-2.7975	0	162	1031	1
2026-02-11	16:38:04.610	14.14	4.27	-0.91	0.019276	-0.02196	1.081408	-0.324	-1.392	-2.7885	0	161	1022	1
2026-02-11	16:38:04.630	19.67	2.38	-7.35	0.007808	0.006832	1.112396	-0.3165	-1.404	-2.79	0	161	1022	1
2026-02-11	16:38:04.650	21.28	-0.42	-13.405	0.015128	0.01342	1.220488	-0.315	-1.398	-2.79	0	161	1022	1
2026-02-11	16:38:04.670	16.135	-2.555	-17.955	0.055388	0.005612	1.275632	-0.3165	-1.4085	-2.7825	0	161	1022	1
2026-02-11	16:38:04.690	7.77	-3.465	-20.685	0.095892	0.015372	1.218048	-0.306	-1.404	-2.778	0	161	1022	1
2026-02-11	16:38:04.710	1.855	-3.15	-22.715	0.14152	0.000488	1.108492	-0.3105	-1.41	-2.793	0	161	1022	1
2026-02-11	16:38:04.730	1.47	-0.7	-24.5	0.153964	-0.000732	1.021628	-0.3105	-1.41	-2.793	0	161	1022	1
2026-02-11	16:38:04.750	3.535	2.8	-25.27	0.139568	-0.003172	0.992348	-0.318	-1.4055	-2.781	0	161	1022	1
2026-02-11	16:38:04.770	4.095	3.745	-24.885	0.141276	0.000732	0.987224	-0.3075	-1.4085	-2.7765	0	161	1022	1
2026-02-11	16:38:04.790	2.24	1.365	-23.87	0.174948	0.000732	1.018456	-0.3045	-1.401	-2.7795	0	161	1022	1
2026-02-11	16:38:04.810	-0.945	0.035	-22.435	0.207156	0.00976	1.0431	-0.3135	-1.404	-2.781	0	159	1026	1
2026-02-11	16:38:04.830	-3.955	1.785	-20.475	0.211304	0.028304	1.029436	-0.3135	-1.407	-2.7825	0	159	1026	1
2026-02-11	16:38:04.850	-6.65	2.975	-18.025	0.188124	0.032696	0.994056	-0.3045	-1.4085	-2.781	0	159	1026	1
2026-02-11	16:38:04.870	-9.835	-0.28	-15.365	0.154696	0.041236	0.916952	-0.3135	-1.401	-2.7825	0	159	1026	1
2026-02-11	16:38:04.890	-11.48	-6.72	-13.825	0.150792	0.032696	0.85888	-0.3165	-1.4025	-2.7735	0	159	1026	1
2026-02-11	16:38:04.910	-10.045	-10.955	-13.37	0.143228	0.028548	0.807152	-0.3045	-1.407	-2.781	0	159	1026	1
2026-02-11	16:38:04.930	-6.58	-11.41	-12.775	0.12932	0.032208	0.776896	-0.306	-1.4085	-2.7825	0	159	1026	1
2026-02-11	16:38:04.950	-3.64	-10.5	-11.48	0.120292	0.028304	0.78934	-0.309	-1.395	-2.7825	0	159	1026	1
2026-02-11	16:38:04.970	-3.64	-9.52	-9.485	0.111752	0.015616	0.809348	-0.3105	-1.389	-2.781	0	159	1026	1
2026-02-11	16:38:04.990	-5.425	-6.72	-6.93	0.085644	0.0305	0.817644	-0.3165	-1.392	-2.7855	0	159	1026	1
2026-02-11	16:38:05.010	-4.795	-3.535	-6.16	0.064172	0.03538	0.813252	-0.309	-1.392	-2.781	0	158	1026	1
2026-02-11	16:38:05.030	-2.8	-0.42	-6.125	0.06344	0.039528	0.859612	-0.306	-1.392	-2.7795	0	158	1026	1
2026-02-11	16:38:05.050	-1.015	2.31	-5.775	0.081496	0.02562	0.929884	-0.309	-1.392	-2.784	0	158	1026	1
2026-02-11	16:38:05.070	0.455	4.795	-4.2	0.096136	0.01098	0.97234	-0.3105	-1.389	-2.787	0	158	1026	1
2026-02-11	16:38:05.090	3.08	6.09	-2.415	0.09076799	0.004392	0.999668	-0.309	-1.389	-2.7855	0	158	1026	1
2026-02-11	16:38:05.110	6.545	6.16	-1.295	0.0793	-0.010492	1.068232	-0.3075	-1.3905	-2.7795	0	158	1026	1
2026-02-11	16:38:05.130	7.805	6.195	0.42	0.085644	-0.030256	1.142652	-0.312	-1.392	-2.7735	0	158	1026	1
2026-02-11	16:38:05.150	6.79	5.425	3.64	0.091256	-0.04392	1.183156	-0.3135	-1.3935	-2.775	0	158	1026	1
2026-02-11	16:38:05.170	5.11	3.85	7.35	0.111996	-0.053436	1.225124	-0.3135	-1.3935	-2.7795	0	158	1026	1
2026-02-11	16:38:05.190	2.94	2.205	10.395	0.14152	-0.064904	1.256844	-0.309	-1.3965	-2.7765	0	158	1026	1
2026-02-11	16:38:05.210	0.525	2.03	13.65	0.142984	-0.09076799	1.2505	-0.3075	-1.3965	-2.775	0	157	1019	1
2026-02-11	16:38:05.230	-1.75	2.17	17.885	0.122488	-0.09857599	1.212924	-0.309	-1.398	-2.7765	0	157	1019	1
2026-02-11	16:38:05.250	-5.145	0.7	24.185	0.104676	-0.085644	1.183888	-0.312	-1.3965	-2.772	0	157	1019	1
2026-02-11	16:38:05.270	-8.225	0.07	29.33	0.116388	-0.08295999	1.15534	-0.312	-1.3965	-2.772	0	157	1019	1
2026-02-11	16:38:05.290	-8.155	1.82	31.43	0.126392	-0.082228	1.097512	-0.309	-1.3935	-2.7675	0	157	1019	1
2026-02-11	16:38:05.310	-4.655	4.305	31.535	0.11712	-0.080032	1.048712	-0.303	-1.3935	-2.766	0	157	1019	1
2026-02-11	16:38:05.330	0.525	6.37	29.96	0.07442	-0.086376	1.008452	-0.3045	-1.395	-2.7705	0	157	1019	1
2026-02-11	16:38:05.350	5.775	6.72	26.95	0.0305	-0.090036	1.009672	-0.3135	-1.398	-2.7705	0	157	1019	1
2026-02-11	16:38:05.370	9.415	6.615	22.89	0.023424	-0.10248	1.036024	-0.3195	-1.3965	-2.7705	0	157	1019	1
2026-02-11	16:38:05.390	9.94	6.79	19.18	0.038308	-0.117364	1.065548	-0.3195	-1.3965	-2.772	0	157	1019	1
2026-02-11	16:38:05.410	6.51	6.895	17.71	0.054412	-0.128588	1.08214	-0.3195	-1.3995	-2.7705	0	155	1030	1
2026-02-11	16:38:05.430	0.21	6.965	18.27	0.028792	-0.126392	1.04554	-0.321	-1.401	-2.7675	0	155	1030	1
2026-02-11	16:38:05.450	-5.355	7.105	18.865	-0.015128	-0.1098	0.96258	-0.3165	-1.4055	-2.7675	0	155	1030	1
2026-02-11	16:38:05.470	-7.7	6.58	18.06	-0.036844	-0.09394	0.888892	-0.3135	-1.401	-2.772	0	155	1030	1
2026-02-11	16:38:05.490	-7.42	5.53	16.275	-0.040748	-0.078568	0.859856	-0.3195	-1.3995	-2.769	0	155	1030	1
2026-02-11	16:38:05.510	-6.475	5.565	14.84	-0.015372	-0.078324	0.8662	-0.321	-1.4025	-2.7705	0	155	1030	1
2026-02-11	16:38:05.530	-7.98	8.75	15.68	0.009516	-0.09076799	0.863272	-0.3165	-1.404	-2.7795	0	155	1030	1
2026-02-11	16:38:05.550	-10.57	9.8	17.955	0.01098	-0.101504	0.831064	-0.3165	-1.404	-2.7795	0	155	1030	1
2026-02-11	16:38:05.570	-12.285	8.96	20.895	-0.019032	-0.103944	0.782264	-0.321	-1.3995	-2.7675	0	155	1030	1
2026-02-11	16:38:05.590	-11.27	8.4	23.38	-0.050508	-0.091744	0.772504	-0.3195	-1.398	-2.7735	0	155	1030	1
2026-02-11	16:38:05.610	-8.155	8.995	24.885	-0.04758	-0.074664	0.823988	-0.321	-1.4025	-2.778	0	154	1033	1
2026-02-11	16:38:05.630	-5.32	9.205	25.585	-0.035868	-0.04392	0.88816	-0.324	-1.4025	-2.775	0	154	1033	1
2026-02-11	16:38:05.650	-3.325	6.825	25.445	-0.030744	-0.020252	0.952088	-0.3225	-1.3965	-2.775	0	154	1033	1
2026-02-11	16:38:05.670	-2.52	2.8	24.395	-0.029036	-0.004148	1.020164	-0.318	-1.3935	-2.772	0	154	1033	1
2026-02-11	16:38:05.690	-3.395	-0.28	23.1	-0.030988	0.008052	1.06384	-0.324	-1.3995	-2.7735	0	154	1033	1
2026-02-11	16:38:05.710	-4.585	-1.855	21.595	-0.042456	0.028792	1.049688	-0.324	-1.3995	-2.7765	0	154	1033	1
2026-02-11	16:38:05.730	-3.675	-4.095	19.565	-0.035136	0.032208	1.031388	-0.318	-1.398	-2.7825	0	154	1033	1
2026-02-11	16:38:05.750	-1.295	-6.895	17.535	-0.05856	0.033916	1.02846	-0.324	-1.3965	-2.775	0	154	1033	1
2026-02-11	16:38:05.770	1.26	-9.135	15.96	-0.059292	0.03172	1.072868	-0.327	-1.3995	-2.7705	0	154	1033	1
2026-02-11	16:38:05.790	4.235	-9.94	12.845	-0.051728	0.03416	1.131672	-0.324	-1.3995	-2.769	0	154	1033	1
2026-02-11	16:38:05.810	6.965	-8.68	8.33	-0.049044	0.038308	1.161928	-0.3225	-1.395	-2.766	0	153	1026	1
2026-02-11	16:38:05.830	7.175	-8.645	4.48	-0.042944	0.021716	1.185108	-0.339	-1.3995	-2.7765	0	153	1026	1
2026-02-11	16:38:05.850	4.27	-10.955	0.63	-0.006832	-0.022692	1.236836	-0.3315	-1.398	-2.7705	0	153	1026	1
2026-02-11	16:38:05.870	-2.065	-13.02	-2.8	0.063928	-0.06734399	1.224636	-0.3405	-1.392	-2.769	0	153	1026	1
2026-02-11	16:38:05.890	-7.385	-11.97	-5.355	0.1159	-0.071004	1.12362	-0.33	-1.3995	-2.7735	0	153	1026	1
2026-02-11	16:38:05.910	-6.93	-7.42	-7.56	0.083448	-0.080032	0.950868	-0.342	-1.401	-2.772	0	153	1026	1
2026-02-11	16:38:05.930	-0.84	-2.415	-10.01	0.054168	-0.074664	0.847168	-0.3375	-1.401	-2.7765	0	153	1026	1
2026-02-11	16:38:05.950	6.965	0.805	-11.97	0.111996	-0.060024	0.87352	-0.342	-1.404	-2.7675	0	153	1026	1
2026-02-11	16:38:05.970	12.11	2.555	-12.04	0.193492	-0.036356	0.960872	-0.345	-1.3905	-2.7705	0	153	1026	1
2026-02-11	16:38:05.990	13.16	3.605	-10.115	0.243024	-0.00976	1.028216	-0.345	-1.398	-2.772	0	153	1026	1
2026-02-11	16:38:06.010	9.275	4.06	-6.86	0.225456	0.011956	1.0553	-0.345	-1.398	-2.772	0	152	1028	1
2026-02-11	16:38:06.030	5.32	2.59	-5.635	0.203984	0.016592	1.058716	-0.342	-1.404	-2.769	0	152	1028	1
2026-02-11	16:38:06.050	0.07	-0.595	-5.6	0.165676	0.018544	1.016016	-0.3405	-1.4025	-2.7705	0	152	1028	1
2026-02-11	16:38:06.070	-2.59	-4.55	-8.75	0.09882	0.029768	0.899384	-0.3345	-1.404	-2.772	0	152	1028	1
2026-02-11	16:38:06.090	-1.085	-7	-11.97	0.070516	0.043432	0.863272	-0.339	-1.401	-2.766	0	152	1028	1
2026-02-11	16:38:06.110	0.875	-9.205	-15.785	0.071004	0.04636	0.871568	-0.3405	-1.398	-2.763	0	152	1028	1
2026-02-11	16:38:06.130	1.505	-8.995	-19.6	0.073932	0.049044	0.894992	-0.342	-1.395	-2.7645	0	152	1028	1
2026-02-11	16:38:06.150	0.42	-6.265	-21.875	0.083448	0.039772	0.916464	-0.3435	-1.4025	-2.763	0	152	1028	1
2026-02-11	16:38:06.170	-2.17	-3.465	-22.19	0.09272	0.024644	0.912316	-0.3405	-1.4055	-2.7615	0	152	1028	1
2026-02-11	16:38:06.190	-5.6	-0.98	-21.63	0.06954	0.008296	0.917928	-0.3375	-1.401	-2.7645	0	152	1028	1
2026-02-11	16:38:06.210	-9.625	1.575	-20.86	0.076128	-0.011468	0.920856	-0.3345	-1.401	-2.7645	0	152	1026	1
2026-02-11	16:38:06.230	-13.51	3.115	-19.775	0.063928	-0.0122	0.91378	-0.339	-1.398	-2.7645	0	152	1026	1
2026-02-11	16:38:06.250	-14.735	2.835	-19.495	0.070028	0.003416	0.909632	-0.342	-1.395	-2.766	0	152	1026	1
2026-02-11	16:38:06.270	-12.425	1.435	-19.74	0.123708	0.010492	0.959164	-0.333	-1.3965	-2.754	0	152	1026	1
2026-02-11	16:38:06.290	-9.345	1.015	-18.27	0.155184	-0.00244	1.021872	-0.327	-1.3935	-2.7615	0	152	1026	1
2026-02-11	16:38:06.310	-6.755	0.7	-15.19	0.136152	-0.008296	1.043832	-0.3345	-1.386	-2.772	0	152	1026	1
2026-02-11	16:38:06.330	-0.98	1.05	-12.46	0.1037	-0.016592	1.044808	-0.3225	-1.377	-2.763	0	152	1026	1
2026-02-11	16:38:06.350	6.965	0.49	-11.41	0.096136	-0.040504	1.052616	-0.3225	-1.377	-2.763	0	152	1026	1
2026-02-11	16:38:06.370	12.53	-1.085	-10.15	0.105896	-0.072468	1.100928	-0.33	-1.3815	-2.763	0	152	1026	1
2026-02-11	16:38:06.390	15.015	-1.085	-6.65	0.115168	-0.088328	1.155096	-0.3345	-1.386	-2.7585	0	152	1026	1
2026-02-11	16:38:06.410	14.105	0.84	-1.015	0.13298	-0.079788	1.18462	-0.333	-1.386	-2.757	0	151	1021	1
2026-02-11	16:38:06.430	10.955	0.875	5.04	0.138836	-0.08174	1.209508	-0.333	-1.389	-2.763	0	151	1021	1
2026-02-11	16:38:06.450	5.67	-2.135	10.815	0.141032	-0.110288	1.276608	-0.3345	-1.395	-2.763	0	151	1021	1
2026-02-11	16:38:06.470	-3.15	-7.245	16.17	0.133712	-0.14274	1.2932	-0.336	-1.395	-2.7615	0	151	1021	1
2026-02-11	16:38:06.490	-11.795	-12.985	19.705	0.081984	-0.152744	1.209508	-0.3345	-1.3935	-2.7615	0	151	1021	1
2026-02-11	16:38:06.510	-14.315	-15.54	18.55	0.02074	-0.161772	1.070916	-0.333	-1.3935	-2.7645	0	151	1021	1
2026-02-11	16:38:06.530	-9.555	-13.09	13.44	-0.027572	-0.157624	0.970144	-0.339	-1.3905	-2.7645	0	151	1021	1
2026-02-11	16:38:06.550	-2.1	-8.82	8.295	-0.016348	-0.163236	0.94672	-0.342	-1.386	-2.766	0	151	1021	1
2026-02-11	16:38:06.570	3.08	-5.915	5.46	0.016348	-0.146156	0.946232	-0.3405	-1.386	-2.766	0	151	1021	1
2026-02-11	16:38:06.590	5.635	-4.69	4.725	0.05368	-0.123708	0.955992	-0.3405	-1.3875	-2.7645	0	151	1021	1
2026-02-11	16:38:06.610	6.79	-1.82	5.39	0.075884	-0.109556	0.963556	-0.342	-1.386	-2.7675	0	149	1030	1
2026-02-11	16:38:06.630	6.405	1.715	6.195	0.05978	-0.08906	0.92354	-0.342	-1.386	-2.7675	0	149	1030	1
2026-02-11	16:38:06.650	6.02	2.8	6.79	0.029036	-0.074176	0.877912	-0.354	-1.389	-2.769	0	149	1030	1
2026-02-11	16:38:06.670	5.74	-0.28	6.895	0.016592	-0.058804	0.851316	-0.336	-1.3935	-2.7675	0	149	1030	1
2026-02-11	16:38:06.690	5.18	-4.305	6.405	0.039772	-0.057828	0.85766	-0.354	-1.392	-2.7675	0	149	1030	1
2026-02-11	16:38:06.710	4.025	-5.88	5.915	0.04636	-0.061244	0.848876	-0.351	-1.3935	-2.769	0	149	1030	1
2026-02-11	16:38:06.730	2.87	-5.04	6.055	0.020008	-0.055144	0.820328	-0.351	-1.395	-2.7735	0	149	1030	1
2026-02-11	16:38:06.750	1.855	-5.495	6.86	0.00976	-0.049044	0.813984	-0.357	-1.401	-2.763	0	149	1030	1
2026-02-11	16:38:06.770	0.315	-8.015	6.93	0.003416	-0.052948	0.827648	-0.357	-1.3995	-2.7645	0	149	1030	1
2026-02-11	16:38:06.790	-1.75	-9.38	6.44	0.011956	-0.053436	0.835944	-0.354	-1.395	-2.769	0	149	1030	1
2026-02-11	16:38:06.810	-3.465	-8.54	6.09	0.010004	-0.04392	0.85278	-0.3585	-1.392	-2.769	0	148	1028	1
2026-02-11	16:38:06.830	-4.83	-6.965	5.635	0.021716	-0.035868	0.908656	-0.3705	-1.398	-2.7675	0	148	1028	1
2026-02-11	16:38:06.850	-6.545	-4.69	5.18	0.021472	-0.038064	0.953308	-0.3615	-1.401	-2.769	0	148	1028	1
2026-02-11	16:38:06.870	-8.26	-2.415	4.9	0.00976	-0.027328	0.962336	-0.351	-1.392	-2.763	0	148	1028	1
2026-02-11	16:38:06.890	-8.4	-2.45	4.235	0.022204	-0.0183	1.001376	-0.3525	-1.3875	-2.76	0	148	1028	1
2026-02-11	16:38:06.910	-7.77	-3.255	3.29	0.044896	-0.024888	1.085556	-0.3645	-1.395	-2.769	0	148	1028	1
2026-02-11	16:38:06.930	-7.21	-2.66	1.96	0.064904	-0.03538	1.14924	-0.372	-1.3905	-2.7705	0	148	1028	1
2026-02-11	16:38:06.950	-6.545	0.245	0.42	0.055876	-0.046604	1.171688	-0.363	-1.3725	-2.7645	0	148	1028	1
2026-02-11	16:38:06.970	-5.215	3.71	-1.12	0.044652	-0.064904	1.15046	-0.366	-1.38	-2.7675	0	148	1028	1
2026-02-11	16:38:06.990	-2.625	5.145	-2.835	0.012444	-0.070028	1.125328	-0.375	-1.3815	-2.7675	0	148	1028	1
2026-02-11	16:38:07.010	0.77	5.565	-5.075	0.019764	-0.06344	1.160952	-0.366	-1.386	-2.763	0	147	1020	1
2026-02-11	16:38:07.030	2.17	5.88	-6.615	0.078568	-0.057096	1.236592	-0.3555	-1.3815	-2.7645	0	147	1020	1
2026-02-11	16:38:07.050	-0.42	4.41	-7.105	0.131272	-0.044652	1.296128	-0.3555	-1.377	-2.772	0	147	1020	1
2026-02-11	16:38:07.070	-5.95	1.505	-7.07	0.137128	-0.046604	1.313208	-0.354	-1.3785	-2.7645	0	147	1020	1
2026-02-11	16:38:07.090	-12.005	-2.59	-7.455	0.13176	-0.054168	1.247328	-0.3615	-1.3785	-2.763	0	147	1020	1
2026-02-11	16:38:07.110	-14.35	-7.035	-10.29	0.133712	-0.075396	1.14558	-0.357	-1.3785	-2.763	0	147	1020	1
2026-02-11	16:38:07.130	-10.64	-4.76	-15.33	0.130296	-0.09516	1.016504	-0.366	-1.3785	-2.766	0	147	1020	1
2026-02-11	16:38:07.150	2.45	7.07	-20.93	0.144448	-0.095892	0.906948	-0.3645	-1.3785	-2.772	0	147	1020	1
2026-02-11	16:38:07.170	8.505	10.115	-21.84	0.199348	-0.0915	0.922564	-0.3585	-1.3755	-2.769	0	147	1020	1
2026-02-11	16:38:07.190	8.96	7	-20.615	0.2623	-0.083936	0.982832	-0.3555	-1.371	-2.766	0	147	1020	1
2026-02-11	16:38:07.210	5.775	5.18	-17.815	0.308172	-0.08174	1.01138	-0.354	-1.371	-2.766	0	147	1030	1
2026-02-11	16:38:07.230	2.17	8.75	-13.825	0.294264	-0.070028	0.992348	-0.351	-1.374	-2.769	0	147	1030	1
2026-02-11	16:38:07.250	-0.7	12.565	-9.835	0.234484	-0.05124	0.92476	-0.3555	-1.374	-2.7645	0	147	1030	1
2026-02-11	16:38:07.270	-2.73	11.025	-8.015	0.158356	-0.033184	0.860344	-0.354	-1.374	-2.7615	0	147	1030	1
2026-02-11	16:38:07.290	-3.885	5.915	-9.275	0.120536	-0.030012	0.826916	-0.3525	-1.3785	-2.766	0	147	1030	1
2026-02-11	16:38:07.310	-4.76	1.47	-11.76	0.112972	-0.043676	0.821792	-0.3585	-1.38	-2.7675	0	147	1030	1
2026-02-11	16:38:07.330	-5.495	-0.945	-13.265	0.133712	-0.047824	0.833016	-0.3495	-1.371	-2.76	0	147	1030	1
2026-02-11	16:38:07.350	-6.125	-1.89	-12.985	0.153964	-0.037088	0.839604	-0.345	-1.371	-2.7675	0	147	1030	1
2026-02-11	16:38:07.370	-5.985	-2.345	-11.935	0.147132	-0.031476	0.844972	-0.3435	-1.3725	-2.7765	0	147	1030	1
2026-02-11	16:38:07.390	-5.53	-3.395	-10.5	0.132248	-0.048068	0.845948	-0.351	-1.371	-2.7615	0	147	1030	1
2026-02-11	16:38:07.410	-5.25	-4.76	-8.575	0.09882	-0.060756	0.837408	-0.348	-1.3695	-2.772	0	148	1031	1
2026-02-11	16:38:07.430	-4.865	-4.97	-6.895	0.110776	-0.054412	0.85644	-0.348	-1.3695	-2.772	0	148	1031	1
2026-02-11	16:38:07.450	-4.165	-3.255	-5.635	0.12932	-0.05856	0.89304	-0.3465	-1.368	-2.7705	0	148	1031	1
2026-02-11	16:38:07.470	-3.78	-0.595	-3.99	0.12322	-0.057828	0.92476	-0.3495	-1.3635	-2.772	0	148	1031	1
2026-02-11	16:38:07.490	-3.78	2.24	-2.45	0.11712	-0.04758	0.959896	-0.3495	-1.3635	-2.7765	0	148	1031	1
2026-02-11	16:38:07.510	-4.165	3.99	-0.98	0.122976	-0.038552	0.97966	-0.345	-1.368	-2.778	0	148	1031	1
2026-02-11	16:38:07.530	-4.025	4.62	0.84	0.121756	-0.033916	0.991128	-0.3465	-1.3695	-2.778	0	148	1031	1
2026-02-11	16:38:07.550	-2.555	4.9	3.08	0.126392	-0.033428	1.017236	-0.348	-1.368	-2.778	0	148	1031	1
2026-02-11	16:38:07.570	0.105	5.565	4.795	0.13542	-0.028548	1.027484	-0.348	-1.365	-2.778	0	148	1031	1
2026-02-11	16:38:07.590	4.095	5.81	5.355	0.131028	-0.037088	1.042856	-0.3495	-1.3635	-2.7795	0	148	1031	1
2026-02-11	16:38:07.610	8.435	6.755	5.355	0.120292	-0.033428	1.045784	-0.3435	-1.365	-2.7735	0	148	1018	1
2026-02-11	16:38:07.630	12.075	7.98	6.09	0.10614	-0.033428	1.071404	-0.339	-1.3665	-2.769	0	148	1018	1
2026-02-11	16:38:07.650	13.615	7.84	8.26	0.132736	-0.044164	1.129476	-0.3435	-1.3695	-2.7705	0	148	1018	1
2026-02-11	16:38:07.670	12.495	5.355	11.48	0.144204	-0.046116	1.159488	-0.342	-1.371	-2.7735	0	148	1018	1
2026-02-11	16:38:07.690	10.885	1.365	15.575	0.126148	-0.051484	1.197308	-0.3375	-1.371	-2.778	0	148	1018	1
2026-02-11	16:38:07.710	8.47	-0.28	19.53	0.152744	-0.076372	1.296128	-0.342	-1.3755	-2.7795	0	148	1018	1
2026-02-11	16:38:07.730	2.24	-1.61	24.01	0.15982	-0.092232	1.3237	-0.3435	-1.371	-2.763	0	148	1018	1
2026-02-11	16:38:07.750	-6.93	-8.155	29.82	0.188124	-0.101504	1.302228	-0.3465	-1.374	-2.781	0	148	1018	1
2026-02-11	16:38:07.770	-14.56	-17.675	34.93	0.202032	-0.121024	1.234152	-0.345	-1.3785	-2.784	0	148	1018	1
2026-02-11	16:38:07.790	-15.715	-23.065	36.26	0.16592	-0.12566	1.1224	-0.3555	-1.3665	-2.778	0	148	1018	1
2026-02-11	16:38:07.810	-9.38	-22.995	32.795	0.079788	-0.11712	0.98088	-0.366	-1.365	-2.7735	0	147	1022	1
2026-02-11	16:38:07.830	1.715	-19.215	25.935	0.016348	-0.102724	0.892064	-0.366	-1.3635	-2.778	0	147	1022	1
2026-02-11	16:38:07.850	12.11	-13.405	18.375	0.014396	-0.11224	0.922076	-0.366	-1.3665	-2.778	0	147	1022	1
2026-02-11	16:38:07.870	16.625	-8.26	13.86	0.07198	-0.120048	1.008696	-0.366	-1.371	-2.7765	0	147	1022	1
2026-02-11	16:38:07.890	14.805	-5.495	12.88	0.115412	-0.125416	1.051152	-0.3675	-1.3755	-2.7795	0	147	1022	1
2026-02-11	16:38:07.910	10.36	-1.4	13.755	0.121268	-0.111996	1.056764	-0.369	-1.377	-2.7765	0	147	1022	1
2026-02-11	16:38:07.930	5.88	4.41	14.91	0.09516	-0.101504	1.009672	-0.3735	-1.3755	-2.778	0	147	1022	1
2026-02-11	16:38:07.950	2.24	8.47	15.575	0.033916	-0.097112	0.959164	-0.3765	-1.383	-2.7855	0	147	1022	1
2026-02-11	16:38:07.970	-1.505	8.82	14.595	-0.00244	-0.0976	0.888892	-0.378	-1.389	-2.787	0	147	1022	1
2026-02-11	16:38:07.990	-2.59	6.79	12.845	0.001952	-0.09394	0.871812	-0.366	-1.3815	-2.784	0	147	1022	1
2026-02-11	16:38:08.010	-2.52	6.37	10.5	0.014152	-0.088328	0.860832	-0.372	-1.377	-2.781	0	147	1034	1
2026-02-11	16:38:08.030	-1.505	8.505	8.505	0.015128	-0.08052	0.854976	-0.3675	-1.3785	-2.787	0	147	1034	1
2026-02-11	16:38:08.050	-0.805	11.2	7.665	0.01098	-0.081252	0.830332	-0.372	-1.38	-2.7855	0	147	1034	1
2026-02-11	16:38:08.070	-0.98	11.41	8.015	0.016592	-0.07442	0.806176	-0.369	-1.3875	-2.787	0	147	1034	1
2026-02-11	16:38:08.090	-1.61	9.94	8.89	0.021472	-0.068808	0.80154	-0.3645	-1.377	-2.781	0	147	1034	1
2026-02-11	16:38:08.110	-2.17	8.61	9.94	0.019032	-0.060268	0.794464	-0.36	-1.3815	-2.787	0	147	1034	1
2026-02-11	16:38:08.130	-2.135	7.595	10.955	0.0183	-0.05002	0.796904	-0.369	-1.38	-2.7825	0	147	1034	1
2026-02-11	16:38:08.150	-1.4	6.825	11.69	0.021472	-0.042944	0.809348	-0.366	-1.383	-2.7855	0	147	1034	1
2026-02-11	16:38:08.170	-1.225	6.405	12.565	0.021228	-0.041724	0.863028	-0.363	-1.386	-2.7855	0	147	1034	1
2026-02-11	16:38:08.190	-2.73	6.16	14	0.024156	-0.039772	0.895236	-0.3645	-1.389	-2.7825	0	147	1034	1
2026-02-11	16:38:08.210	-4.83	5.005	15.225	-0.00488	-0.032452	0.901092	-0.3585	-1.371	-2.7855	0	146	1024	1
2026-02-11	16:38:08.230	-5.915	1.785	15.4	-0.010492	-0.029768	0.910852	-0.375	-1.3785	-2.7885	0	146	1024	1
2026-02-11	16:38:08.250	-5.18	-0.665	15.4	-0.016348	-0.007076	0.931836	-0.366	-1.3785	-2.79	0	146	1024	1
2026-02-11	16:38:08.270	-2.415	-0.56	14.735	-0.033916	0.005368	0.953308	-0.3615	-1.38	-2.7945	0	146	1024	1
2026-02-11	16:38:08.290	0.735	-0.7	13.125	-0.03904	0.00366	1.01138	-0.3645	-1.3785	-2.7915	0	146	1024	1
2026-02-11	16:38:08.310	1.12	-2.24	11.83	-0.024644	-0.01464	1.09312	-0.363	-1.3755	-2.7855	0	146	1024	1
2026-02-11	16:38:08.330	-1.295	-3.71	11.445	-0.016348	-0.020008	1.128744	-0.369	-1.377	-2.787	0	146	1024	1
2026-02-11	16:38:08.350	-3.08	-3.57	10.255	-0.048312	-0.013664	1.103856	-0.378	-1.377	-2.7885	0	146	1024	1
2026-02-11	16:38:08.370	-1.155	-2.24	6.545	-0.070028	-0.016348	1.116056	-0.3705	-1.374	-2.793	0	146	1024	1
2026-02-11	16:38:08.390	2.24	-0.21	1.855	-0.051972	-0.033184	1.161684	-0.375	-1.38	-2.7975	0	146	1024	1
2026-02-11	16:38:08.410	4.865	0.56	-2.205	-0.013664	-0.046604	1.19926	-0.369	-1.3755	-2.7915	0	146	1010	1
2026-02-11	16:38:08.430	6.44	1.085	-5.425	0.019032	-0.048556	1.20048	-0.366	-1.3755	-2.787	0	146	1010	1
2026-02-11	16:38:08.450	7.595	2.45	-8.155	0.053436	-0.062708	1.200236	-0.3675	-1.374	-2.8035	0	146	1010	1
2026-02-11	16:38:08.470	7.07	2.555	-8.505	0.093208	-0.082716	1.229516	-0.36	-1.3815	-2.7855	0	146	1010	1
2026-02-11	16:38:08.490	2.45	-1.015	-5.67	0.117608	-0.0732	1.259284	-0.3585	-1.3815	-2.784	0	146	1010	1
2026-02-11	16:38:08.510	-7.595	-11.55	-2.73	0.11956	-0.052948	1.21512	-0.3645	-1.3845	-2.787	0	146	1010	1
2026-02-11	16:38:08.530	-8.925	-13.965	-6.16	0.11956	-0.068076	1.123132	-0.3615	-1.383	-2.7945	0	146	1010	1
2026-02-11	16:38:08.550	-4.06	-10.15	-12.6	0.080032	-0.080764	1.005036	-0.3615	-1.38	-2.799	0	146	1010	1
2026-02-11	16:38:08.570	4.55	-6.3	-19.565	0.070272	-0.087352	0.926468	-0.366	-1.377	-2.7945	0	146	1010	1
2026-02-11	16:38:08.590	11.795	-5.145	-24.815	0.102724	-0.096136	0.923784	-0.3705	-1.377	-2.7915	0	146	1010	1
2026-02-11	16:38:08.610	14.595	-5.425	-26.74	0.172752	-0.099796	0.970632	-0.3735	-1.3755	-2.793	0	146	1019	1
2026-02-11	16:38:08.630	13.615	-4.865	-25.165	0.225944	-0.091256	1.001376	-0.372	-1.3785	-2.7945	0	146	1019	1
2026-02-11	16:38:08.650	11.34	-3.15	-21.525	0.257176	-0.073688	1.020408	-0.372	-1.3815	-2.796	0	146	1019	1
2026-02-11	16:38:08.670	9.1	-1.05	-17.605	0.260592	-0.057828	1.023336	-0.369	-1.383	-2.793	0	146	1019	1
2026-02-11	16:38:08.690	6.58	-0.21	-14.35	0.227896	-0.04636	1.015528	-0.3645	-1.3875	-2.787	0	146	1019	1
2026-02-11	16:38:08.710	3.5	-0.385	-11.76	0.179584	-0.028304	0.969412	-0.3675	-1.392	-2.7945	0	146	1019	1
2026-02-11	16:38:08.730	0.7	-1.715	-10.045	0.131516	-0.019276	0.916708	-0.3675	-1.389	-2.7975	0	146	1019	1
2026-02-11	16:38:08.750	-1.61	-4.585	-9.31	0.112972	-0.014884	0.896212	-0.366	-1.389	-2.793	0	146	1019	1
2026-02-11	16:38:08.770	-4.445	-6.825	-9.275	0.10492	-0.021228	0.903776	-0.3675	-1.3935	-2.793	0	146	1019	1
2026-02-11	16:38:08.790	-7.35	-5.985	-9.66	0.108092	-0.01952	0.906216	-0.3675	-1.3935	-2.793	0	146	1019	1
2026-02-11	16:38:08.810	-8.89	-3.01	-10.22	0.088328	-0.015616	0.8662	-0.372	-1.395	-2.796	0	146	1029	1
2026-02-11	16:38:08.830	-9.1	-0.77	-10.815	0.055388	-0.006832	0.826916	-0.375	-1.3935	-2.7885	0	146	1029	1
2026-02-11	16:38:08.850	-8.995	-0.98	-11.515	0.034404	-0.006344	0.818376	-0.3765	-1.3845	-2.8035	0	146	1029	1
2026-02-11	16:38:08.870	-9.135	-1.89	-12.355	0.0488	-0.00244	0.819596	-0.372	-1.3845	-2.8005	0	146	1029	1
2026-02-11	16:38:08.890	-8.785	-1.12	-12.775	0.06954	0	0.813008	-0.3645	-1.386	-2.8005	0	146	1029	1
2026-02-11	16:38:08.910	-7.105	0.595	-12.565	0.085888	0	0.817644	-0.3645	-1.3875	-2.802	0	146	1029	1
2026-02-11	16:38:08.930	-5.04	2.275	-11.9	0.097356	-0.006344	0.862784	-0.369	-1.3845	-2.802	0	146	1029	1
2026-02-11	16:38:08.950	-5.005	4.62	-10.01	0.10858	-0.020008	0.911584	-0.369	-1.38	-2.8035	0	146	1029	1
2026-02-11	16:38:08.970	-7.49	6.965	-6.44	0.106872	-0.021716	0.923296	-0.3675	-1.3815	-2.799	0	146	1029	1
2026-02-11	16:38:08.990	-10.08	7.28	-2.45	0.099796	-0.013176	0.914756	-0.3645	-1.3785	-2.7975	0	146	1029	1
2026-02-11	16:38:09.010	-10.5	5.32	0.595	0.101504	-0.017568	0.930372	-0.3645	-1.377	-2.802	0	147	1018	1
2026-02-11	16:38:09.030	-8.47	3.605	3.045	0.10614	-0.02196	0.969656	-0.366	-1.3785	-2.8035	0	147	1018	1
2026-02-11	16:38:09.050	-3.15	2.31	6.44	0.071004	-0.012444	1.025044	-0.366	-1.38	-2.8035	0	147	1018	1
2026-02-11	16:38:09.070	0	0	7.525	0.075396	-0.02562	1.090192	-0.3585	-1.3755	-2.799	0	147	1018	1
2026-02-11	16:38:09.090	1.435	-2.765	8.54	0.090036	-0.043188	1.16022	-0.36	-1.371	-2.8035	0	147	1018	1
2026-02-11	16:38:09.110	2.03	-2.975	10.605	0.105896	-0.049532	1.197308	-0.3615	-1.365	-2.8065	0	147	1018	1
2026-02-11	16:38:09.130	2.94	-1.925	13.09	0.09394	-0.050264	1.179496	-0.3645	-1.38	-2.8065	0	147	1018	1
2026-02-11	16:38:09.150	4.62	-3.395	14.98	0.099064	-0.05612	1.161196	-0.3555	-1.374	-2.799	0	147	1018	1
2026-02-11	16:38:09.170	7.28	-6.335	16.205	0.126392	-0.066856	1.178032	-0.357	-1.3785	-2.7975	0	147	1018	1
2026-02-11	16:38:09.190	10.255	-5.775	17.465	0.14396	-0.055632	1.208532	-0.3555	-1.386	-2.8035	0	147	1018	1
2026-02-11	16:38:09.210	12.075	-3.15	19.11	0.140788	-0.042456	1.27978	-0.3675	-1.374	-2.8065	0	146	1014	1
2026-02-11	16:38:09.230	9.38	-3.01	21.385	0.158356	-0.058316	1.381772	-0.3645	-1.38	-2.8035	0	146	1014	1
2026-02-11	16:38:09.250	-0.385	-6.685	24.92	0.183	-0.07808	1.452044	-0.3735	-1.383	-2.8065	0	146	1014	1
2026-02-11	16:38:09.270	-13.51	-11.55	28.665	0.191052	-0.0915	1.425692	-0.3735	-1.389	-2.799	0	146	1014	1
2026-02-11	16:38:09.290	-22.82	-12.985	30.345	0.173972	-0.103456	1.307108	-0.3735	-1.3875	-2.8065	0	146	1014	1
2026-02-11	16:38:09.310	-23.38	-11.27	27.02	0.09516	-0.125904	1.084336	-0.378	-1.3785	-2.808	0	146	1014	1
2026-02-11	16:38:09.330	-14.385	-10.395	18.69	0.022448	-0.137372	0.902068	-0.378	-1.38	-2.808	0	146	1014	1
2026-02-11	16:38:09.350	-2.31	-8.785	10.22	0.070516	-0.152988	0.90646	-0.3855	-1.377	-2.811	0	146	1014	1
2026-02-11	16:38:09.370	8.33	-3.045	4.41	0.15616	-0.168116	0.981368	-0.3915	-1.3725	-2.8125	0	146	1014	1
2026-02-11	16:38:09.390	13.055	2.73	3.045	0.201544	-0.173728	1.030656	-0.3915	-1.374	-2.811	0	146	1014	1
2026-02-11	16:38:09.410	11.76	4.795	4.795	0.2135	-0.1708	1.033584	-0.39	-1.383	-2.8035	0	147	1037	1
2026-02-11	16:38:09.430	7.805	4.935	7.385	0.187636	-0.155672	0.982832	-0.3915	-1.377	-2.8155	0	147	1037	1
2026-02-11	16:38:09.450	5.005	6.125	9.1	0.155184	-0.14518	0.926956	-0.3945	-1.386	-2.799	0	147	1037	1
2026-02-11	16:38:09.470	4.305	7.945	9.485	0.116144	-0.137372	0.85888	-0.3825	-1.374	-2.8125	0	147	1037	1
2026-02-11	16:38:09.490	5.495	8.12	8.54	0.080276	-0.1159	0.802516	-0.3915	-1.3935	-2.808	0	147	1037	1
2026-02-11	16:38:09.510	7.945	7.525	7.35	0.089548	-0.10736	0.81008	-0.3855	-1.3875	-2.811	0	147	1037	1
2026-02-11	16:38:09.530	9.765	8.505	7.035	0.100284	-0.108092	0.843996	-0.3885	-1.389	-2.8035	0	147	1037	1
2026-02-11	16:38:09.550	10.5	11.165	7.595	0.072956	-0.094916	0.819352	-0.3825	-1.398	-2.8065	0	147	1037	1
2026-02-11	16:38:09.570	11.55	11.76	8.085	0.040992	-0.07564	0.761524	-0.378	-1.3935	-2.7975	0	147	1037	1
2026-02-11	16:38:09.590	15.015	7.84	7.035	0.000488	-0.057096	0.697596	-0.378	-1.3935	-2.7975	0	147	1037	1
2026-02-11	16:38:09.610	17.955	5.285	6.02	0.004148	-0.050508	0.704428	-0.381	-1.401	-2.8005	0	150	1043	1
2026-02-11	16:38:09.630	19.565	3.57	6.055	0.01342	-0.043432	0.72956	-0.387	-1.407	-2.8065	0	150	1043	1
2026-02-11	16:38:09.650	18.9	1.155	6.755	0.02074	-0.03172	0.778848	-0.39	-1.4055	-2.808	0	150	1043	1
2026-02-11	16:38:09.670	16.065	-2.52	7.595	0.054412	-0.039528	0.85644	-0.387	-1.4085	-2.8035	0	150	1043	1
2026-02-11	16:38:09.690	11.095	-3.885	8.785	0.059536	-0.044652	0.908656	-0.3855	-1.4115	-2.808	0	150	1043	1
2026-02-11	16:38:09.710	5.985	-1.785	10.815	0.051728	-0.038064	0.910364	-0.3915	-1.416	-2.814	0	150	1043	1
2026-02-11	16:38:09.730	2.17	0.07	12.775	0.022936	-0.041968	0.881084	-0.3915	-1.4175	-2.814	0	150	1043	1
2026-02-11	16:38:09.750	-0.525	-0.665	13.72	-0.00122	-0.041724	0.886208	-0.3915	-1.4145	-2.8125	0	150	1043	1
2026-02-11	16:38:09.770	-2.52	-2.1	14.595	0.024156	-0.05612	0.93086	-0.3915	-1.416	-2.817	0	150	1043	1
2026-02-11	16:38:09.790	-3.92	-1.68	16.065	0.076128	-0.057096	0.977708	-0.39	-1.416	-2.8125	0	150	1043	1
2026-02-11	16:38:09.810	-4.165	0.49	18.655	0.073444	-0.035624	1.001132	-0.3945	-1.4205	-2.8065	0	153	1019	1
2026-02-11	16:38:09.830	-4.06	1.68	21.525	0.02684	-0.014884	1.00528	-0.402	-1.419	-2.8095	0	153	1019	1
2026-02-11	16:38:09.850	-4.41	0.595	23.065	-0.016348	0.008052	0.999424	-0.4035	-1.416	-2.8065	0	153	1019	1
2026-02-11	16:38:09.870	-4.515	-0.525	22.68	-0.03904	0.027084	1.010892	-0.4035	-1.416	-2.8065	0	153	1019	1
2026-02-11	16:38:09.890	-4.725	-0.035	21.595	-0.045872	0.041236	1.011868	-0.408	-1.4115	-2.814	0	153	1019	1
2026-02-11	16:38:09.910	-5.215	0.875	20.195	-0.044652	0.021228	1.013576	-0.402	-1.413	-2.8125	0	153	1019	1
2026-02-11	16:38:09.930	-5.32	2.345	18.97	-0.050752	0.0244	0.999912	-0.405	-1.413	-2.8125	0	153	1019	1
2026-02-11	16:38:09.950	-3.85	4.2	17.535	-0.0549	0.029036	0.983564	-0.4065	-1.4115	-2.817	0	153	1019	1
2026-02-11	16:38:09.970	-1.015	6.195	15.505	-0.040748	0.024644	0.982832	-0.4095	-1.4145	-2.8185	0	153	1019	1
2026-02-11	16:38:09.990	2.835	7.84	13.755	-0.00732	0.021228	0.997472	-0.4095	-1.4115	-2.817	0	153	1019	1
2026-02-11	16:38:10.010	7.14	9.415	12.845	0.023668	0.019276	1.01748	-0.405	-1.4085	-2.8125	0	155	998	1
2026-02-11	16:38:10.030	11.445	10.99	12.495	0.032452	0.009272	1.058228	-0.408	-1.413	-2.808	0	155	998	1
2026-02-11	16:38:10.050	14.63	13.125	12.53	0.030744	0.004148	1.094096	-0.408	-1.4175	-2.8125	0	155	998	1
2026-02-11	16:38:10.070	15.89	14.245	13.055	0.016104	0.001952	1.103856	-0.4065	-1.4145	-2.8155	0	155	998	1
2026-02-11	16:38:10.090	16.135	12.915	13.265	-0.000732	0.01464	1.090924	-0.405	-1.4175	-2.808	0	155	998	1
2026-02-11	16:38:10.110	17.01	11.445	12.215	0.003172	0.025864	1.077748	-0.402	-1.4235	-2.8065	0	155	998	1
2026-02-11	16:38:10.130	19.67	12.775	9.275	0.027084	0.030256	1.094828	-0.399	-1.4235	-2.8125	0	155	998	1
2026-02-11	16:38:10.150	18.9	12.11	8.47	0.061244	0.030012	1.097512	-0.405	-1.428	-2.811	0	155	998	1
2026-02-11	16:38:10.170	15.785	5.985	8.82	0.0915	0.041236	1.090924	-0.399	-1.4325	-2.8065	0	155	998	1
2026-02-11	16:38:10.190	12.425	-2.695	8.225	0.10614	0.0549	1.070184	-0.393	-1.4415	-2.8005	0	155	998	1
2026-02-11	16:38:10.210	10.78	-8.715	5.39	0.091988	0.06466	1.034316	-0.402	-1.4415	-2.8005	0	155	998	1
2026-02-11	16:38:10.230	11.34	-9.555	0.49	0.058316	0.061488	0.996984	-0.402	-1.4415	-2.808	0	155	998	1
2026-02-11	16:38:10.250	13.02	-6.02	-5.11	0.034892	0.0549	0.94672	-0.4065	-1.449	-2.802	0	155	998	1
2026-02-11	16:38:10.270	14.28	-1.505	-9.695	0.050752	0.051728	0.915	-0.4065	-1.4505	-2.8005	0	155	998	1
2026-02-11	16:38:10.290	14.14	0.63	-12.11	0.096624	0.050264	0.91622	-0.4065	-1.4415	-2.7885	0	155	998	1
2026-02-11	16:38:10.310	11.83	0.805	-12.355	0.152988	0.054656	0.953552	-0.405	-1.446	-2.799	0	155	998	1
2026-02-11	16:38:10.330	8.33	1.225	-11.34	0.187392	0.064416	1.016504	-0.402	-1.4535	-2.799	0	155	998	1
2026-02-11	16:38:10.350	3.85	3.115	-9.66	0.213744	0.059048	1.07238	-0.399	-1.4535	-2.805	0	155	998	1
2026-02-11	16:38:10.370	-1.89	4.375	-7.49	0.193248	0.060024	1.082872	-0.4125	-1.4625	-2.8005	0	155	998	1
2026-02-11	16:38:10.390	-8.435	1.54	-6.72	0.131028	0.061244	1.020164	-0.4095	-1.4445	-2.796	0	155	998	1
2026-02-11	16:38:10.410	-11.515	-2.835	-8.645	0.078568	0.060024	0.946232	-0.4035	-1.4505	-2.7975	0	152	1008	1
2026-02-11	16:38:10.430	-10.815	-6.055	-11.41	0.07124799	0.056364	0.926956	-0.399	-1.458	-2.799	0	152	1008	1
2026-02-11	16:38:10.450	-8.89	-7.245	-13.72	0.082472	0.055632	0.948916	-0.396	-1.446	-2.7915	0	152	1008	1
2026-02-11	16:38:10.470	-7.28	-5.005	-14.805	0.074176	0.051484	0.976	-0.4035	-1.4505	-2.7975	0	152	1008	1
2026-02-11	16:38:10.490	-6.895	-1.61	-14.455	0.067588	0.053436	0.972096	-0.4035	-1.4535	-2.8005	0	152	1008	1
2026-02-11	16:38:10.510	-7.14	0.56	-13.37	0.069784	0.052216	0.953552	-0.4095	-1.458	-2.8005	0	152	1008	1
2026-02-11	16:38:10.530	-7.035	2.1	-11.69	0.07905599	0.054656	0.953552	-0.4065	-1.449	-2.8005	0	152	1008	1
2026-02-11	16:38:10.550	-7.035	3.745	-8.995	0.09272	0.040748	0.968192	-0.399	-1.455	-2.799	0	152	1008	1
2026-02-11	16:38:10.570	-7.98	5.18	-5.32	0.087596	0.026596	0.972828	-0.4035	-1.449	-2.805	0	152	1008	1
2026-02-11	16:38:10.590	-9.205	5.88	-1.225	0.066368	0.018056	0.97966	-0.396	-1.4505	-2.808	0	152	1008	1
2026-02-11	16:38:10.610	-9.59	6.93	2.8	0.055632	0.0183	0.982344	-0.402	-1.44	-2.808	0	148	1013	1
2026-02-11	16:38:10.630	-8.295	8.75	6.475	0.07076	0.03294	0.966728	-0.3945	-1.449	-2.8095	0	148	1013	1
2026-02-11	16:38:10.650	-5.88	10.15	10.08	0.078812	0.037576	0.961116	-0.399	-1.4415	-2.8035	0	148	1013	1
2026-02-11	16:38:10.670	-2.765	8.96	16.555	0.083692	0.023668	1.001132	-0.3945	-1.4445	-2.808	0	148	1013	1
2026-02-11	16:38:10.690	-1.4	8.12	20.93	0.091012	0.01586	1.026752	-0.3915	-1.443	-2.805	0	148	1013	1
2026-02-11	16:38:10.710	0	7.525	24.71	0.076128	0.015616	1.027484	-0.3885	-1.4475	-2.805	0	148	1013	1
2026-02-11	16:38:10.730	2.1	5.845	27.3	0.039528	0.02562	1.0248	-0.39	-1.4475	-2.811	0	148	1013	1
2026-02-11	16:38:10.750	4.725	3.71	27.72	0.023668	0.014152	1.064816	-0.3945	-1.443	-2.8095	0	148	1013	1
2026-02-11	16:38:10.770	7.735	4.55	26.355	0.02318	0.018788	1.09922	-0.396	-1.4445	-2.8065	0	148	1013	1
2026-02-11	16:38:10.790	10.255	8.19	25.27	0.038796	0.024888	1.131184	-0.3945	-1.446	-2.8125	0	148	1013	1
2026-02-11	16:38:10.810	9.765	9.73	26.635	0.044164	0.021228	1.159	-0.393	-1.446	-2.811	0	140	1017	1
2026-02-11	16:38:10.830	5.25	7.14	29.925	0.025376	0.0122	1.182424	-0.396	-1.4475	-2.805	0	140	1017	1
2026-02-11	16:38:10.850	-0.49	3.43	33.075	-0.008784	0.005124	1.19072	-0.3975	-1.4505	-2.8095	0	140	1017	1
2026-02-11	16:38:10.870	-4.41	1.925	34.615	0.000488	-0.002684	1.181204	-0.4005	-1.449	-2.808	0	140	1017	1
2026-02-11	16:38:10.890	-5.6	2.87	35.14	0.016348	-0.006344	1.13826	-0.402	-1.4475	-2.802	0	140	1017	1
2026-02-11	16:38:10.910	-4.06	4.2	35.7	0.037576	-0.011956	1.095316	-0.4005	-1.4445	-2.802	0	140	1017	1
2026-02-11	16:38:10.930	-0.385	5.46	36.96	0.064172	-0.022448	1.053836	-0.4005	-1.44	-2.8065	0	140	1017	1
2026-02-11	16:38:10.950	3.745	6.51	38.01	0.07515199	-0.03416	0.992104	-0.402	-1.4415	-2.8095	0	140	1017	1
2026-02-11	16:38:10.970	8.12	7.315	37.66	0.0671	-0.047824	0.934276	-0.4035	-1.44	-2.808	0	140	1017	1
2026-02-11	16:38:10.990	13.895	8.89	35.98	0.07076	-0.080032	0.903288	-0.4035	-1.44	-2.808	0	140	1017	1
2026-02-11	16:38:11.010	20.125	12.635	33.845	0.061976	-0.101504	0.896456	-0.405	-1.443	-2.808	0	133	1029	1
2026-02-11	16:38:11.030	25.305	17.15	31.5	0.044408	-0.103212	0.898408	-0.4035	-1.446	-2.8035	0	133	1029	1
2026-02-11	16:38:11.050	27.825	19.81	29.505	0.02562	-0.107604	0.915732	-0.405	-1.4475	-2.799	0	133	1029	1
2026-02-11	16:38:11.070	26.46	18.48	28.63	0.007808	-0.102724	0.935252	-0.4095	-1.4565	-2.802	0	133	1029	1
2026-02-11	16:38:11.090	21.385	13.335	28.665	-0.017812	-0.08295999	0.981124	-0.402	-1.4625	-2.808	0	133	1029	1
2026-02-11	16:38:11.110	12.775	6.685	29.085	-0.029768	-0.074664	1.037488	-0.4035	-1.464	-2.8035	0	133	1029	1
2026-02-11	16:38:11.130	1.505	0.735	29.855	-0.047336	-0.063684	1.051396	-0.408	-1.4685	-2.8005	0	133	1029	1
2026-02-11	16:38:11.150	-8.96	-2.45	30.59	-0.08295999	-0.035624	1.009184	-0.4035	-1.47	-2.8035	0	133	1029	1
2026-02-11	16:38:11.170	-15.155	-2.695	30.52	-0.122976	-0.005856	0.937204	-0.411	-1.47	-2.8035	0	133	1029	1
2026-02-11	16:38:11.190	-17.29	-2.38	29.19	-0.138836	0.011468	0.884012	-0.42	-1.4685	-2.8065	0	133	1029	1
2026-02-11	16:38:11.210	-16.765	-3.15	27.895	-0.094428	0.010248	0.859856	-0.42	-1.467	-2.8065	0	127	1032	1
2026-02-11	16:38:11.230	-15.47	-3.22	29.12	-0.07076	0.00732	0.864492	-0.42	-1.467	-2.8065	0	127	1032	1
2026-02-11	16:38:11.250	-14.455	-3.465	31.605	-0.0671	0.003172	0.910852	-0.4305	-1.458	-2.808	0	127	1032	1
2026-02-11	16:38:11.270	-14.49	-3.5	34.02	-0.079544	0.00122	0.970388	-0.423	-1.449	-2.8065	0	127	1032	1
2026-02-11	16:38:11.290	-15.435	-3.325	35.315	-0.095648	-0.007808	1.005524	-0.432	-1.4475	-2.811	0	127	1032	1
2026-02-11	16:38:11.310	-16.415	-2.17	35.525	-0.123952	0.00976	0.996984	-0.435	-1.4475	-2.8065	0	127	1032	1
2026-02-11	16:38:11.330	-16.1	-1.715	34.79	-0.13664	0.023668	0.97234	-0.4335	-1.443	-2.808	0	127	1032	1
2026-02-11	16:38:11.350	-14.56	-2.485	33.25	-0.149328	0.034404	0.958188	-0.4455	-1.443	-2.8065	0	127	1032	1
2026-02-11	16:38:11.370	-11.83	-4.06	31.29	-0.136152	0.043676	0.95892	-0.4395	-1.4295	-2.817	0	127	1032	1
2026-02-11	16:38:11.390	-8.855	-5.04	29.575	-0.127368	0.038308	0.96258	-0.447	-1.4295	-2.802	0	127	1032	1
2026-02-11	16:38:11.410	-6.685	-6.02	28.945	-0.127368	0.038552	0.970388	-0.438	-1.434	-2.808	0	122	1024	1
2026-02-11	16:38:11.430	-5.53	-7.175	28.84	-0.11834	0.04758	0.967948	-0.4455	-1.434	-2.8155	0	122	1024	1
2026-02-11	16:38:11.450	-4.025	-8.05	28.385	-0.097356	0.052216	0.973804	-0.447	-1.4265	-2.8065	0	122	1024	1
2026-02-11	16:38:11.470	-0.91	-6.93	26.88	-0.091012	0.050996	0.990884	-0.444	-1.4175	-2.814	0	122	1024	1
2026-02-11	16:38:11.490	2.415	-4.34	25.27	-0.075396	0.062708	0.9943	-0.444	-1.4175	-2.814	0	122	1024	1
2026-02-11	16:38:11.510	5.145	-3.045	24.255	-0.07564	0.066856	0.98454	-0.453	-1.4205	-2.808	0	122	1024	1
2026-02-11	16:38:11.530	8.12	-3.185	22.54	-0.064904	0.061244	1.019432	-0.4545	-1.422	-2.8035	0	122	1024	1
2026-02-11	16:38:11.550	9.695	-3.43	19.95	-0.061488	0.056364	1.062376	-0.4545	-1.428	-2.8065	0	122	1024	1
2026-02-11	16:38:11.570	10.29	-3.29	15.96	-0.069052	0.060024	1.0736	-0.456	-1.431	-2.805	0	122	1024	1
2026-02-11	16:38:11.590	11.06	-2.485	10.745	-0.08174	0.062952	1.070672	-0.4695	-1.4235	-2.8065	0	122	1024	1
2026-02-11	16:38:11.610	11.095	-1.82	6.44	-0.061488	0.060512	1.077504	-0.459	-1.4205	-2.8095	0	119	1017	1
2026-02-11	16:38:11.630	9.73	-3.115	4.06	-0.0183	0.0549	1.083116	-0.462	-1.431	-2.8095	0	119	1017	1
2026-02-11	16:38:11.650	7.875	-5.74	2.975	0.001952	0.043188	1.098488	-0.4605	-1.437	-2.799	0	119	1017	1
2026-02-11	16:38:11.670	5.285	-7.175	2.625	0.017568	0.024888	1.110444	-0.4575	-1.428	-2.811	0	119	1017	1
2026-02-11	16:38:11.690	1.68	-7.875	2.765	0.045628	0.00244	1.093852	-0.4725	-1.434	-2.7975	0	119	1017	1
2026-02-11	16:38:11.710	-1.33	-9.38	2.275	0.054412	-0.024888	1.078236	-0.4635	-1.437	-2.799	0	119	1017	1
2026-02-11	16:38:11.730	-2.94	-10.885	0.315	0.074176	-0.062708	1.074576	-0.465	-1.434	-2.799	0	119	1017	1
2026-02-11	16:38:11.750	-3.325	-9.38	-3.36	0.09638	-0.082472	1.01748	-0.471	-1.4355	-2.8035	0	119	1017	1
2026-02-11	16:38:11.770	-1.75	-7.42	-4.97	0.141764	-0.08052	0.998692	-0.4695	-1.434	-2.802	0	119	1017	1
2026-02-11	16:38:11.790	-0.14	-5.705	-4.83	0.1769	-0.077836	1.022604	-0.471	-1.4325	-2.8005	0	119	1017	1
2026-02-11	16:38:11.810	-0.315	-2.835	-2.87	0.202276	-0.077592	1.065792	-0.474	-1.4325	-2.7975	0	117	1023	1
2026-02-11	16:38:11.830	-3.255	0.21	1.015	0.225944	-0.058804	1.08214	-0.477	-1.4325	-2.796	0	117	1023	1
2026-02-11	16:38:11.850	-8.05	0.525	5.95	0.206912	-0.046604	1.078236	-0.4725	-1.4295	-2.799	0	117	1023	1
2026-02-11	16:38:11.870	-12.705	-1.4	9.555	0.163236	-0.030988	1.062864	-0.468	-1.428	-2.799	0	117	1023	1
2026-02-11	16:38:11.890	-15.68	-2.625	10.535	0.11224	-0.018788	1.0431	-0.4665	-1.4235	-2.7945	0	117	1023	1
2026-02-11	16:38:11.910	-16.87	-1.855	9.625	0.082716	-0.015616	1.016016	-0.465	-1.4205	-2.7945	0	117	1023	1
2026-02-11	16:38:11.930	-16.975	-0.35	8.295	0.0427	-0.013664	0.968924	-0.4725	-1.419	-2.799	0	117	1023	1
2026-02-11	16:38:11.950	-15.995	0.735	7.105	0.040016	-0.00854	0.93696	-0.4785	-1.419	-2.8035	0	117	1023	1
2026-02-11	16:38:11.970	-14.665	1.925	7.105	0.0549	-0.016104	0.924272	-0.4755	-1.419	-2.8065	0	117	1023	1
2026-02-11	16:38:11.990	-13.86	2.45	8.89	0.049044	-0.016348	0.911096	-0.477	-1.41	-2.802	0	117	1023	1
2026-02-11	16:38:12.010	-12.915	1.26	12.355	0.060756	-0.0122	0.929396	-0.477	-1.404	-2.799	0	116	1031	1
2026-02-11	16:38:12.030	-12.32	1.12	14.455	0.078568	-0.011224	0.957212	-0.4755	-1.407	-2.8005	0	116	1031	1
2026-02-11	16:38:12.050	-12.04	1.015	16.975	0.074908	-0.019032	0.965508	-0.4755	-1.407	-2.8005	0	116	1031	1
2026-02-11	16:38:12.070	-12.18	-0.175	20.125	0.058072	-0.021228	0.966484	-0.477	-1.4055	-2.802	0	116	1031	1
2026-02-11	16:38:12.090	-12.04	-2.73	23.485	0.0427	-0.016836	0.955748	-0.4755	-1.4025	-2.805	0	116	1031	1
2026-02-11	16:38:12.110	-10.71	-5.32	26.145	0.025376	-0.005856	0.9516	-0.4725	-1.401	-2.8065	0	116	1031	1
2026-02-11	16:38:12.130	-7.665	-6.685	27.615	0.032696	-0.004392	0.959408	-0.4755	-1.401	-2.805	0	116	1031	1
2026-02-11	16:38:12.150	-3.675	-6.79	28.875	0.0305	-0.005856	0.959652	-0.48	-1.3935	-2.802	0	116	1031	1
2026-02-11	16:38:12.170	0.385	-6.93	30.31	0.039772	-0.00976	0.9882	-0.486	-1.386	-2.8035	0	116	1031	1
2026-02-11	16:38:12.190	3.15	-6.895	32.06	0.054412	-0.010492	1.029924	-0.489	-1.389	-2.8005	0	116	1031	1
2026-02-11	16:38:12.210	4.34	-5.985	34.44	0.06344	0.000732	1.058716	-0.489	-1.3905	-2.799	0	114	1031	1
2026-02-11	16:38:12.230	5.25	-4.725	37.17	0.062708	0.000244	1.078236	-0.489	-1.392	-2.8005	0	114	1031	1
2026-02-11	16:38:12.250	6.545	-3.01	39.375	0.07686	-0.005612	1.100196	-0.4905	-1.3935	-2.802	0	114	1031	1
2026-02-11	16:38:12.270	8.05	-0.245	40.705	0.071004	0	1.114836	-0.489	-1.3905	-2.799	0	114	1031	1
2026-02-11	16:38:12.290	10.29	4.305	42.07	0.065392	-0.00854	1.172176	-0.486	-1.3875	-2.796	0	114	1031	1
2026-02-11	16:38:12.310	9.45	6.195	43.68	0.086376	-0.008296	1.197308	-0.4965	-1.3875	-2.8035	0	114	1031	1
2026-02-11	16:38:12.330	6.475	5.95	46.06	0.084668	-0.003172	1.206824	-0.498	-1.392	-2.799	0	114	1031	1
2026-02-11	16:38:12.350	3.71	4.795	47.46	0.072224	-0.003904	1.212924	-0.4965	-1.3815	-2.7915	0	114	1031	1
2026-02-11	16:38:12.370	2.59	5.495	47.32	0.0671	-0.019032	1.209508	-0.4965	-1.383	-2.799	0	114	1031	1
2026-02-11	16:38:12.390	2.59	5.985	46.165	0.038552	-0.01952	1.170468	-0.501	-1.3875	-2.8005	0	114	1031	1
2026-02-11	16:38:12.410	3.08	3.255	44.205	0.033184	-0.029036	1.149484	-0.5055	-1.383	-2.7945	0	113	1040	1
2026-02-11	16:38:12.430	2.31	-2.38	41.895	0.051728	-0.048068	1.178764	-0.498	-1.3815	-2.805	0	113	1040	1
2026-02-11	16:38:12.450	-0.84	-7.735	40.145	0.087108	-0.073444	1.210972	-0.5025	-1.377	-2.793	0	113	1040	1
2026-02-11	16:38:12.470	-4.795	-10.465	39.34	0.106628	-0.09272	1.184376	-0.513	-1.3755	-2.793	0	113	1040	1
2026-02-11	16:38:12.490	-7.07	-11.095	38.5	0.125172	-0.107848	1.126304	-0.516	-1.3755	-2.8005	0	113	1040	1
2026-02-11	16:38:12.510	-7	-10.43	37.24	0.14396	-0.136152	1.065792	-0.5115	-1.3725	-2.799	0	113	1040	1
2026-02-11	16:38:12.530	-5.075	-9.38	35.805	0.1342	-0.166164	1.006256	-0.5145	-1.374	-2.799	0	113	1040	1
2026-02-11	16:38:12.550	-0.63	-10.43	33.53	0.136884	-0.183488	0.984296	-0.513	-1.365	-2.7945	0	113	1040	1
2026-02-11	16:38:12.570	3.745	-11.795	30.835	0.183244	-0.21106	1.03456	-0.513	-1.365	-2.7945	0	113	1040	1
2026-02-11	16:38:12.590	5.67	-8.435	29.575	0.200568	-0.222284	1.046272	-0.51	-1.3695	-2.8005	0	113	1040	1
2026-02-11	16:38:12.610	7.21	-2.625	28.98	0.168116	-0.20008	1.009672	-0.5295	-1.3695	-2.79	0	112	1059	1
2026-02-11	16:38:12.630	8.645	2.24	28.63	0.118096	-0.182024	0.937936	-0.534	-1.3665	-2.7945	0	112	1059	1
2026-02-11	16:38:12.650	10.15	2.835	28.035	0.080764	-0.15982	0.883036	-0.534	-1.365	-2.796	0	112	1059	1
2026-02-11	16:38:12.670	12.04	0.945	26.67	0.074176	-0.159332	0.893284	-0.5235	-1.3695	-2.793	0	112	1059	1
2026-02-11	16:38:12.690	13.86	1.435	25.095	0.088328	-0.150304	0.909388	-0.5325	-1.3605	-2.7945	0	112	1059	1
2026-02-11	16:38:12.710	15.26	4.025	23.94	0.095648	-0.141032	0.925492	-0.5325	-1.371	-2.7945	0	112	1059	1
2026-02-11	16:38:12.730	14.91	7	23.835	0.068808	-0.129808	0.918904	-0.5355	-1.3695	-2.79	0	112	1059	1
2026-02-11	16:38:12.750	12.775	7.805	24.815	0.044652	-0.121756	0.89914	-0.537	-1.371	-2.7915	0	112	1059	1
2026-02-11	16:38:12.770	9.065	5.46	26.565	0.047824	-0.124196	0.888648	-0.5325	-1.371	-2.8005	0	112	1059	1
2026-02-11	16:38:12.790	5.46	2.485	28.665	0.049288	-0.119072	0.88816	-0.5355	-1.3755	-2.7855	0	112	1059	1
2026-02-11	16:38:12.810	2.555	1.19	30.94	0.04514	-0.111264	0.890844	-0.54	-1.368	-2.7795	0	113	1061	1
2026-02-11	16:38:12.830	-0.42	-0.07	33.425	0.022936	-0.08418	0.880108	-0.5385	-1.374	-2.781	0	113	1061	1
2026-02-11	16:38:12.850	-1.61	-1.155	33.985	0.013176	-0.066856	0.887184	-0.537	-1.3725	-2.7795	0	113	1061	1
2026-02-11	16:38:12.870	-2.31	-1.995	33.95	0.011956	-0.057584	0.886452	-0.54	-1.368	-2.7825	0	113	1061	1
2026-02-11	16:38:12.890	-2.415	-2.59	33.285	0.00488	-0.056364	0.880108	-0.5475	-1.3635	-2.7855	0	113	1061	1
2026-02-11	16:38:12.910	-2.065	-3.885	32.13	0	-0.052704	0.852292	-0.5475	-1.3665	-2.787	0	113	1061	1
2026-02-11	16:38:12.930	-0.63	-5.32	30.415	-0.0061	-0.03782	0.84668	-0.549	-1.3665	-2.7885	0	113	1061	1
2026-02-11	16:38:12.950	1.295	-5.705	28.21	-0.002196	-0.018788	0.87596	-0.5535	-1.368	-2.787	0	113	1061	1
2026-02-11	16:38:12.970	2.345	-5.145	26.705	0.005124	-0.008052	0.89182	-0.549	-1.371	-2.787	0	113	1061	1
2026-02-11	16:38:12.990	1.89	-5.985	26.425	0.013664	0.00366	0.906948	-0.549	-1.3635	-2.7885	0	113	1061	1
2026-02-11	16:38:13.010	0.245	-7.315	26.67	0.01952	0.013664	0.947452	-0.5505	-1.359	-2.784	0	114	1039	1
2026-02-11	16:38:13.030	-2.87	-6.965	27.265	0.037576	0.013664	0.9821	-0.552	-1.359	-2.784	0	114	1039	1
2026-02-11	16:38:13.050	-6.44	-5.565	28.665	0.018056	0.02318	0.98332	-0.558	-1.359	-2.7825	0	114	1039	1
2026-02-11	16:38:13.070	-9.03	-4.585	29.75	0.009028	0.017324	0.983076	-0.5595	-1.353	-2.781	0	114	1039	1
2026-02-11	16:38:13.090	-10.78	-3.57	29.4	-0.025864	0.019764	0.969656	-0.5565	-1.3485	-2.7855	0	114	1039	1
2026-02-11	16:38:13.110	-10.115	-2.8	26.6	-0.024156	0.018544	0.992348	-0.5565	-1.3485	-2.7855	0	114	1039	1
2026-02-11	16:38:13.130	-8.295	-2.905	23.205	0.000244	0.013176	1.018944	-0.5625	-1.3455	-2.7825	0	114	1039	1
2026-02-11	16:38:13.150	-6.02	-0.63	21	0.002928	0.016836	1.036024	-0.567	-1.3425	-2.778	0	114	1039	1
2026-02-11	16:38:13.170	-3.64	3.955	20.16	-0.007564	0.02196	1.049932	-0.567	-1.3395	-2.7825	0	114	1039	1
2026-02-11	16:38:13.190	-2.45	5.775	19.495	-0.019276	0.017568	1.065548	-0.5685	-1.338	-2.7885	0	114	1039	1
2026-02-11	16:38:13.210	-2.73	3.815	18.095	-0.007808	0.017324	1.095804	-0.57	-1.3365	-2.7855	0	116	1019	1
2026-02-11	16:38:13.230	-2.73	2.835	16.065	0.0122	0.005368	1.119716	-0.5685	-1.3305	-2.784	0	116	1019	1
2026-02-11	16:38:13.250	-2.065	4.34	14.665	0.026596	-0.013908	1.145092	-0.5595	-1.3245	-2.7825	0	116	1019	1
2026-02-11	16:38:13.270	-2.205	5.11	14.14	0.038308	-0.023424	1.148752	-0.555	-1.3275	-2.7795	0	116	1019	1
2026-02-11	16:38:13.290	-2.59	1.855	12.985	0.061976	-0.028548	1.156316	-0.561	-1.335	-2.7825	0	116	1019	1
2026-02-11	16:38:13.310	-2.065	-2.66	10.815	0.074664	-0.030012	1.191208	-0.561	-1.332	-2.7795	0	116	1019	1
2026-02-11	16:38:13.330	-1.855	-5.53	8.33	0.103212	-0.040016	1.2383	-0.564	-1.3275	-2.7795	0	116	1019	1
2026-02-11	16:38:13.350	-4.095	-8.26	6.615	0.119316	-0.042456	1.253916	-0.5655	-1.3305	-2.784	0	116	1019	1
2026-02-11	16:38:13.370	-10.43	-14.455	4.13	0.147864	-0.04026	1.205116	-0.561	-1.332	-2.7825	0	116	1019	1
2026-02-11	16:38:13.390	-11.865	-16.205	1.05	0.147132	-0.02318	1.114104	-0.5655	-1.326	-2.7765	0	116	1019	1
2026-02-11	16:38:13.410	-8.75	-18.095	-4.55	0.152012	-0.005368	1.037976	-0.5715	-1.3155	-2.7825	0	118	1023	1
2026-02-11	16:38:13.430	-3.325	-19.495	-11.76	0.172752	-0.01098	1.019676	-0.576	-1.3245	-2.775	0	118	1023	1
2026-02-11	16:38:13.450	0.665	-16.87	-17.92	0.215452	-0.02318	1.043344	-0.579	-1.32	-2.7675	0	118	1023	1
2026-02-11	16:38:13.470	1.435	-10.115	-21.07	0.247172	-0.022448	1.023092	-0.576	-1.3125	-2.769	0	118	1023	1
2026-02-11	16:38:13.490	0.28	-4.2	-21.455	0.245952	-0.016836	0.975756	-0.579	-1.3245	-2.7765	0	118	1023	1
2026-02-11	16:38:13.510	-1.33	-2.87	-20.755	0.256688	-0.0122	0.955504	-0.576	-1.3185	-2.7645	0	118	1023	1
2026-02-11	16:38:13.530	-2.45	-2.52	-19.915	0.277916	-0.005612	0.965996	-0.576	-1.326	-2.775	0	118	1023	1
2026-02-11	16:38:13.550	-2.87	1.225	-19.005	0.2806	0.000732	0.988688	-0.576	-1.3275	-2.775	0	118	1023	1
2026-02-11	16:38:13.570	-3.815	6.265	-18.2	0.243512	-0.00122	0.969168	-0.579	-1.3275	-2.76	0	118	1023	1
2026-02-11	16:38:13.590	-4.865	7.63	-17.885	0.194224	0.010736	0.918416	-0.5715	-1.3275	-2.769	0	118	1023	1
2026-02-11	16:38:13.610	-4.27	5.145	-19.145	0.153964	0.019764	0.903044	-0.576	-1.3335	-2.7735	0	120	1037	1
2026-02-11	16:38:13.630	-1.61	2.38	-23.065	0.133468	0.028792	0.9028	-0.5805	-1.3305	-2.7675	0	120	1037	1
2026-02-11	16:38:13.650	0.175	2.45	-26.845	0.106872	0.03538	0.910364	-0.5805	-1.3305	-2.7675	0	120	1037	1
2026-02-11	16:38:13.670	-0.595	2.275	-28.875	0.091744	0.041724	0.905484	-0.576	-1.3365	-2.7735	0	120	1037	1
2026-02-11	16:38:13.690	-2.695	0.77	-30.59	0.0915	0.047092	0.887184	-0.5745	-1.3335	-2.7765	0	120	1037	1
2026-02-11	16:38:13.710	-4.725	0	-32.06	0.103456	0.042212	0.870836	-0.582	-1.3305	-2.7705	0	120	1037	1
2026-02-11	16:38:13.730	-5.95	0.245	-32.655	0.105408	0.0427	0.842044	-0.573	-1.3365	-2.766	0	120	1037	1
2026-02-11	16:38:13.750	-5.635	0.77	-32.935	0.102236	0.045872	0.835456	-0.573	-1.341	-2.7765	0	120	1037	1
2026-02-11	16:38:13.770	-3.99	0.56	-32.865	0.116144	0.032696	0.8479	-0.5655	-1.344	-2.7735	0	120	1037	1
2026-02-11	16:38:13.790	-1.96	0.315	-32.13	0.1464	0.015128	0.903776	-0.5685	-1.3425	-2.7705	0	120	1037	1
2026-02-11	16:38:13.810	-1.05	1.54	-30.24	0.166164	0.001952	0.95038	-0.5685	-1.341	-2.7675	0	122	1033	1
2026-02-11	16:38:13.830	-0.98	3.5	-27.405	0.144204	0.005368	0.960628	-0.564	-1.347	-2.7645	0	122	1033	1
2026-02-11	16:38:13.850	-0.35	4.69	-24.815	0.107604	0.010492	0.964044	-0.5595	-1.347	-2.7585	0	122	1033	1
2026-02-11	16:38:13.870	0.07	4.935	-22.855	0.089792	0.014884	0.98942	-0.5565	-1.3455	-2.7705	0	122	1033	1
2026-02-11	16:38:13.890	-0.595	4.97	-20.93	0.120536	0.004148	1.027728	-0.5595	-1.353	-2.772	0	122	1033	1
2026-02-11	16:38:13.910	-1.295	6.86	-16.905	0.110776	0.001708	1.031876	-0.5655	-1.3485	-2.772	0	122	1033	1
2026-02-11	16:38:13.930	0.49	7.315	-14.595	0.109312	-0.008296	1.063352	-0.564	-1.35	-2.775	0	122	1033	1
2026-02-11	16:38:13.950	2.065	5.635	-12.425	0.11712	-0.045384	1.135332	-0.558	-1.353	-2.7795	0	122	1033	1
2026-02-11	16:38:13.970	1.19	4.165	-9.345	0.119316	-0.072712	1.199016	-0.558	-1.356	-2.781	0	122	1033	1
2026-02-11	16:38:13.990	-1.96	4.13	-5.425	0.123708	-0.080032	1.223904	-0.558	-1.356	-2.778	0	122	1033	1
2026-02-11	16:38:14.010	-5.25	2.73	-1.925	0.138592	-0.089304	1.196088	-0.555	-1.353	-2.778	0	124	1025	1
2026-02-11	16:38:14.030	-5.985	-0.84	0	0.133468	-0.100284	1.169248	-0.555	-1.3515	-2.7825	0	124	1025	1
2026-02-11	16:38:14.050	-5.88	-4.62	1.785	0.128588	-0.110532	1.22732	-0.5505	-1.353	-2.7795	0	124	1025	1
2026-02-11	16:38:14.070	-10.5	-9.1	5.04	0.157624	-0.125904	1.297348	-0.555	-1.3515	-2.7795	0	124	1025	1
2026-02-11	16:38:14.090	-19.145	-13.65	9.31	0.201056	-0.138836	1.306376	-0.5565	-1.3545	-2.7795	0	124	1025	1
2026-02-11	16:38:14.110	-25.62	-15.365	13.16	0.241316	-0.168116	1.279048	-0.555	-1.353	-2.778	0	124	1025	1
2026-02-11	16:38:14.130	-27.65	-13.965	16.135	0.199348	-0.181048	1.146312	-0.5595	-1.3455	-2.778	0	124	1025	1
2026-02-11	16:38:14.150	-24.045	-12.565	18.06	0.12322	-0.186172	0.965264	-0.5655	-1.3425	-2.778	0	124	1025	1
2026-02-11	16:38:14.170	-11.83	-11.515	15.505	0.077348	-0.2013	0.90036	-0.5685	-1.3425	-2.7765	0	124	1025	1
2026-02-11	16:38:14.190	0.35	-5.005	9.87	0.115168	-0.188124	0.959652	-0.5715	-1.338	-2.775	0	124	1025	1
2026-02-11	16:38:14.210	5.6	2.415	7.175	0.161772	-0.172264	0.998204	-0.57	-1.3365	-2.7735	0	126	1038	1
2026-02-11	16:38:14.230	7.84	6.79	6.65	0.185684	-0.162748	1.02602	-0.567	-1.3365	-2.7735	0	126	1038	1
2026-02-11	16:38:14.250	7.665	10.08	6.895	0.182024	-0.16592	1.020896	-0.5685	-1.3305	-2.769	0	126	1038	1
2026-02-11	16:38:14.270	6.125	12.67	7.84	0.143716	-0.15616	0.980148	-0.5715	-1.3305	-2.766	0	126	1038	1
2026-02-11	16:38:14.290	5.005	12.985	8.715	0.101016	-0.149328	0.921344	-0.57	-1.3365	-2.7735	0	126	1038	1
2026-02-11	16:38:14.310	5.11	10.535	9.065	0.088084	-0.142984	0.889136	-0.5685	-1.338	-2.778	0	126	1038	1
2026-02-11	16:38:14.330	5.985	7	9.24	0.09272	-0.148108	0.892308	-0.567	-1.3395	-2.7765	0	126	1038	1
2026-02-11	16:38:14.350	6.44	5.46	9.695	0.08418	-0.151036	0.904996	-0.5595	-1.3395	-2.775	0	126	1038	1
2026-02-11	16:38:14.370	5.845	6.02	10.465	0.06466	-0.144692	0.880108	-0.558	-1.3335	-2.7795	0	126	1038	1
2026-02-11	16:38:14.390	5.11	6.09	10.815	0.036844	-0.132004	0.835212	-0.561	-1.338	-2.7795	0	126	1038	1
2026-02-11	16:38:14.410	4.585	5.495	11.375	0.033184	-0.124684	0.810812	-0.5655	-1.347	-2.775	0	129	1044	1
2026-02-11	16:38:14.430	3.535	4.375	12.985	0.031232	-0.121024	0.798612	-0.564	-1.347	-2.775	0	129	1044	1
2026-02-11	16:38:14.450	1.085	4.235	15.89	-0.002196	-0.120292	0.744444	-0.5595	-1.3455	-2.778	0	129	1044	1
2026-02-11	16:38:14.470	0.7	5.705	17.08	-0.016592	-0.122976	0.73322	-0.5595	-1.3455	-2.778	0	129	1044	1
2026-02-11	16:38:14.490	2.205	8.225	17.78	-0.027328	-0.126392	0.739564	-0.57	-1.3395	-2.775	0	129	1044	1
2026-02-11	16:38:14.510	4.69	10.675	19.005	-0.045872	-0.103212	0.770552	-0.5625	-1.344	-2.7825	0	129	1044	1
2026-02-11	16:38:14.530	7.245	11.725	20.3	-0.059292	-0.05978	0.832528	-0.567	-1.344	-2.769	0	129	1044	1
2026-02-11	16:38:14.550	9.065	9.45	20.3	-0.03538	-0.032452	0.949892	-0.5595	-1.341	-2.775	0	129	1044	1
2026-02-11	16:38:14.570	8.4	6.055	19.495	-0.007076	-0.033916	1.036268	-0.5655	-1.344	-2.772	0	129	1044	1
2026-02-11	16:38:14.590	5.95	2.03	19.705	0.000488	-0.026596	1.085556	-0.558	-1.335	-2.775	0	129	1044	1
2026-02-11	16:38:14.610	3.43	-2.065	20.79	0.000732	-0.027328	1.14558	-0.561	-1.341	-2.7795	0	133	1026	1
2026-02-11	16:38:14.630	0.07	-3.99	21.595	-0.00366	-0.03416	1.170956	-0.5565	-1.338	-2.7705	0	133	1026	1
2026-02-11	16:38:14.650	-4.2	-2.87	21.35	-0.028792	-0.042212	1.16754	-0.558	-1.326	-2.7705	0	133	1026	1
2026-02-11	16:38:14.670	-7.63	-3.955	18.655	-0.02074	-0.034892	1.132404	-0.5565	-1.326	-2.772	0	133	1026	1
2026-02-11	16:38:14.690	-6.37	-9.905	12.285	0.03538	-0.038552	1.145824	-0.558	-1.332	-2.7705	0	133	1026	1
2026-02-11	16:38:14.710	-1.26	-13.16	3.57	0.094916	-0.03904	1.20292	-0.5595	-1.329	-2.7705	0	133	1026	1
2026-02-11	16:38:14.730	1.295	-10.5	-4.48	0.15616	-0.066124	1.362252	-0.5625	-1.3275	-2.7705	0	133	1026	1
2026-02-11	16:38:14.750	-7.49	-14.49	-4.48	0.184464	-0.092476	1.355664	-0.57	-1.326	-2.769	0	133	1026	1
2026-02-11	16:38:14.770	-17.955	-21.385	-3.885	0.190076	-0.087108	1.249036	-0.5745	-1.3275	-2.7675	0	133	1026	1
2026-02-11	16:38:14.790	-19.845	-21.385	-6.09	0.193248	-0.082472	1.108492	-0.5655	-1.323	-2.7675	0	133	1026	1
2026-02-11	16:38:14.810	-13.825	-14.735	-10.78	0.178852	-0.077348	1.010892	-0.5805	-1.3215	-2.76	0	138	1023	1
2026-02-11	16:38:14.830	-5.425	-4.76	-15.96	0.1769	-0.080276	0.97478	-0.5715	-1.3185	-2.7495	0	138	1023	1
2026-02-11	16:38:14.850	1.19	2.695	-19.705	0.210328	-0.07905599	0.969412	-0.567	-1.3185	-2.7465	0	138	1023	1
2026-02-11	16:38:14.870	4.62	2.66	-21.175	0.25254	-0.062708	0.982832	-0.57	-1.317	-2.7615	0	138	1023	1
2026-02-11	16:38:14.890	5.25	0.21	-21.14	0.300364	-0.0549	1.028948	-0.5745	-1.32	-2.757	0	138	1023	1
2026-02-11	16:38:14.910	4.025	2.94	-19.81	0.311588	-0.0427	1.034804	-0.573	-1.32	-2.7555	0	138	1023	1
2026-02-11	16:38:14.930	3.115	10.115	-17.675	0.286212	-0.03416	0.994544	-0.582	-1.3365	-2.7615	0	138	1023	1
2026-02-11	16:38:14.950	2.345	15.33	-15.855	0.220088	-0.023424	0.908412	-0.5835	-1.335	-2.76	0	138	1023	1
2026-02-11	16:38:14.970	1.645	14.245	-15.19	0.16104	-0.015372	0.841068	-0.5745	-1.335	-2.7615	0	138	1023	1
2026-02-11	16:38:14.990	0.665	9.555	-15.785	0.13786	-0.006832	0.83448	-0.5745	-1.332	-2.7525	0	138	1023	1
2026-02-11	16:38:15.010	-0.77	6.93	-16.485	0.12566	0.004148	0.855952	-0.573	-1.3335	-2.7555	0	145	1032	1
2026-02-11	16:38:15.030	-2.31	5.88	-16.94	0.104676	0.00122	0.862052	-0.5715	-1.3365	-2.7615	0	145	1032	1
2026-02-11	16:38:15.050	-4.55	4.935	-17.535	0.09272	-0.001952	0.865712	-0.5685	-1.3395	-2.7615	0	145	1032	1
2026-02-11	16:38:15.070	-7.035	4.13	-18.165	0.07124799	-0.008784	0.841312	-0.5685	-1.338	-2.766	0	145	1032	1
2026-02-11	16:38:15.090	-8.54	3.08	-19.04	0.047092	-0.014884	0.81252	-0.5685	-1.3365	-2.7705	0	145	1032	1
2026-02-11	16:38:15.110	-8.715	1.54	-20.3	0.0366	-0.0122	0.787144	-0.567	-1.3395	-2.7705	0	145	1032	1
2026-02-11	16:38:15.130	-7.455	-1.05	-21.42	0.053436	-0.019276	0.800076	-0.564	-1.3365	-2.766	0	145	1032	1
2026-02-11	16:38:15.150	-6.37	-3.535	-21.105	0.083204	-0.033428	0.855952	-0.564	-1.3335	-2.763	0	145	1032	1
2026-02-11	16:38:15.170	-6.545	-5.18	-19.075	0.088084	-0.040992	0.90158	-0.57	-1.3365	-2.7615	0	145	1032	1
2026-02-11	16:38:15.190	-6.265	-6.58	-17.185	0.096136	-0.043188	0.936228	-0.567	-1.3395	-2.76	0	145	1032	1
2026-02-11	16:38:15.210	-4.585	-7.7	-15.995	0.113704	-0.049044	0.975268	-0.5625	-1.341	-2.7615	0	150	1022	1
2026-02-11	16:38:15.230	-2.065	-8.05	-14.245	0.117852	-0.057096	1.001376	-0.5655	-1.341	-2.7645	0	150	1022	1
2026-02-11	16:38:15.250	0.735	-8.82	-11.445	0.139324	-0.06832	1.02968	-0.5775	-1.3365	-2.769	0	150	1022	1
2026-02-11	16:38:15.270	5.215	-10.78	-6.72	0.18544	-0.09882	1.12606	-0.5775	-1.3365	-2.769	0	150	1022	1
2026-02-11	16:38:15.290	7.14	-9.45	-3.045	0.185196	-0.10614	1.1529	-0.5745	-1.3365	-2.7645	0	150	1022	1
2026-02-11	16:38:15.310	9.065	-7.945	1.33	0.198128	-0.108824	1.193892	-0.5715	-1.3365	-2.7585	0	150	1022	1
2026-02-11	16:38:15.330	10.01	-7.455	5.46	0.21228	-0.12078	1.264652	-0.576	-1.338	-2.76	0	150	1022	1
2026-02-11	16:38:15.350	9.415	-5.11	8.47	0.197152	-0.131516	1.302716	-0.5745	-1.3425	-2.757	0	150	1022	1
2026-02-11	16:38:15.370	7.735	-1.05	10.675	0.180316	-0.132004	1.313208	-0.5715	-1.35	-2.7495	0	150	1022	1
2026-02-11	16:38:15.390	4.48	1.75	12.845	0.150548	-0.128344	1.313452	-0.582	-1.353	-2.7495	0	150	1022	1
2026-02-11	16:38:15.410	-0.49	2.835	14.98	0.138592	-0.123952	1.303204	-0.582	-1.347	-2.754	0	154	1021	1
2026-02-11	16:38:15.430	-6.37	3.71	16.415	0.121024	-0.107848	1.282708	-0.576	-1.344	-2.7585	0	154	1021	1
2026-02-11	16:38:15.450	-11.06	5.495	16.765	0.127612	-0.102724	1.265628	-0.5775	-1.3455	-2.7615	0	154	1021	1
2026-02-11	16:38:15.470	-13.44	6.79	15.96	0.159576	-0.09516	1.193648	-0.576	-1.344	-2.757	0	154	1021	1
2026-02-11	16:38:15.490	-10.815	6.23	13.51	0.172752	-0.08906	1.069208	-0.5745	-1.338	-2.7585	0	154	1021	1
2026-02-11	16:38:15.510	-2.625	5.075	9.66	0.16958	-0.106872	0.970144	-0.576	-1.3335	-2.76	0	154	1021	1
2026-02-11	16:38:15.530	10.045	5.495	5.32	0.156404	-0.134688	0.913292	-0.579	-1.332	-2.757	0	154	1021	1
2026-02-11	16:38:15.550	20.3	5.845	3.71	0.16958	-0.149084	0.924028	-0.579	-1.332	-2.757	0	154	1021	1
2026-02-11	16:38:15.570	23.59	4.48	5.39	0.182268	-0.152988	0.94794	-0.573	-1.347	-2.7495	0	154	1021	1
2026-02-11	16:38:15.590	23.275	2.52	7.735	0.175436	-0.138104	0.965996	-0.576	-1.3425	-2.751	0	154	1021	1
2026-02-11	16:38:15.610	20.58	2.66	9.31	0.149572	-0.127124	0.969656	-0.5835	-1.3455	-2.748	0	158	1040	1
2026-02-11	16:38:15.630	16.485	4.585	9.66	0.1037	-0.118828	0.956968	-0.5895	-1.3545	-2.7435	0	158	1040	1
2026-02-11	16:38:15.650	11.445	6.545	8.925	0.066368	-0.104432	0.911096	-0.576	-1.365	-2.751	0	158	1040	1
2026-02-11	16:38:15.670	6.37	5.81	7.595	0.04636	-0.08686399	0.837164	-0.573	-1.3605	-2.7345	0	158	1040	1
2026-02-11	16:38:15.690	2.66	3.64	6.58	0.038064	-0.064904	0.779336	-0.576	-1.3545	-2.742	0	158	1040	1
2026-02-11	16:38:15.710	1.015	3.185	5.25	0.04392	-0.056608	0.76738	-0.567	-1.3455	-2.739	0	158	1040	1
2026-02-11	16:38:15.730	-0.175	5.705	4.06	0.03416	-0.055632	0.768844	-0.57	-1.3485	-2.736	0	158	1040	1
2026-02-11	16:38:15.750	-2.205	8.435	3.92	0.02806	-0.06344	0.761036	-0.5715	-1.353	-2.733	0	158	1040	1
2026-02-11	16:38:15.770	-3.745	9.205	4.445	0.040504	-0.060268	0.738344	-0.573	-1.3485	-2.7405	0	158	1040	1
2026-02-11	16:38:15.790	-3.885	9.24	5.005	0.04392	-0.054168	0.74908	-0.5745	-1.3455	-2.7465	0	158	1040	1
2026-02-11	16:38:15.810	-3.465	10.115	7.245	0.061244	-0.051484	0.774212	-0.576	-1.347	-2.7465	0	161	1037	1
2026-02-11	16:38:15.830	-3.15	9.59	9.625	0.043432	-0.045872	0.79544	-0.579	-1.353	-2.7525	0	161	1037	1
2026-02-11	16:38:15.850	-2.765	8.26	11.76	0.007564	-0.028792	0.812764	-0.579	-1.344	-2.7525	0	161	1037	1
2026-02-11	16:38:15.870	-2.17	6.685	13.09	-0.005368	-0.02318	0.848144	-0.5775	-1.344	-2.751	0	161	1037	1
2026-02-11	16:38:15.890	-2.45	4.445	13.72	0.007564	-0.029036	0.897676	-0.5715	-1.3455	-2.7585	0	161	1037	1
2026-02-11	16:38:15.910	-3.71	1.19	14.175	0.012932	-0.02928	0.955992	-0.585	-1.3425	-2.757	0	161	1037	1
2026-02-11	16:38:15.930	-4.725	-1.015	14.28	0.002928	-0.022692	0.97844	-0.576	-1.3395	-2.7495	0	161	1037	1
2026-02-11	16:38:15.950	-3.885	-2.065	13.755	-0.022936	-0.01342	0.96014	-0.5745	-1.347	-2.748	0	161	1037	1
2026-02-11	16:38:15.970	-1.33	-3.395	12.81	-0.072712	0.001708	0.959652	-0.5775	-1.341	-2.751	0	161	1037	1
2026-02-11	16:38:15.990	0.7	-5.635	11.13	-0.07905599	0.007564	1.014552	-0.5775	-1.332	-2.7525	0	161	1037	1
2026-02-11	16:38:16.010	0.21	-7.595	8.365	-0.050264	0.006588	1.08824	-0.5775	-1.332	-2.7525	0	163	1012	1
2026-02-11	16:38:16.030	-0.56	-7.245	6.65	-0.037332	0.016348	1.118252	-0.576	-1.3425	-2.751	0	163	1012	1
2026-02-11	16:38:16.050	-0.455	-4.2	3.885	-0.048556	0.02196	1.118252	-0.573	-1.338	-2.7495	0	163	1012	1
2026-02-11	16:38:16.070	1.155	-1.26	-0.315	-0.055388	0.026352	1.111664	-0.5805	-1.341	-2.7525	0	163	1012	1
2026-02-11	16:38:16.090	2.03	-1.89	-4.235	-0.001708	0.004392	1.145336	-0.582	-1.3395	-2.751	0	163	1012	1
2026-02-11	16:38:16.110	1.68	-2.59	-6.335	0.0549	-0.006344	1.163392	-0.585	-1.335	-2.748	0	163	1012	1
2026-02-11	16:38:16.130	2.275	-2.03	-7.91	0.091744	-0.013664	1.166808	-0.5835	-1.3365	-2.748	0	163	1012	1
2026-02-11	16:38:16.150	3.675	-1.575	-9.38	0.098332	-0.020496	1.154364	-0.582	-1.3395	-2.751	0	163	1012	1
2026-02-11	16:38:16.170	5.145	-5.285	-11.2	0.122244	-0.032208	1.157536	-0.5805	-1.341	-2.7525	0	163	1012	1
2026-02-11	16:38:16.190	5.635	-13.02	-13.265	0.155672	-0.03904	1.173884	-0.582	-1.3425	-2.751	0	163	1012	1
2026-02-11	16:38:16.210	6.37	-19.18	-15.75	0.169336	-0.03172	1.192672	-0.5865	-1.3425	-2.7465	0	164	1006	1
2026-02-11	16:38:16.230	7.105	-19.95	-18.76	0.182512	-0.046848	1.226588	-0.588	-1.344	-2.745	0	164	1006	1
2026-02-11	16:38:16.250	6.265	-16.905	-21.77	0.176168	-0.05612	1.174372	-0.5865	-1.341	-2.745	0	164	1006	1
2026-02-11	16:38:16.270	6.615	-14.595	-25.34	0.158112	-0.047092	1.072624	-0.588	-1.3425	-2.739	0	164	1006	1
2026-02-11	16:38:16.290	9.905	-12.88	-29.505	0.184952	-0.047336	1.009672	-0.597	-1.3455	-2.739	0	164	1006	1
2026-02-11	16:38:16.310	14.315	-8.82	-32.83	0.224236	-0.044408	1.006744	-0.594	-1.347	-2.727	0	164	1006	1
2026-02-11	16:38:16.330	16.625	-2.8	-34.37	0.25254	-0.039528	1.042856	-0.5925	-1.353	-2.7315	0	164	1006	1
2026-02-11	16:38:16.350	12.39	5.075	-33.04	0.281088	-0.035136	1.07238	-0.5925	-1.353	-2.7315	0	164	1006	1
2026-02-11	16:38:16.370	6.545	8.68	-30.275	0.256932	-0.0183	1.045784	-0.591	-1.3575	-2.7315	0	164	1006	1
2026-02-11	16:38:16.390	1.995	11.48	-28.07	0.221064	-0.00244	1.006744	-0.591	-1.365	-2.7315	0	164	1006	1
2026-02-11	16:38:16.410	-0.805	12.95	-27.37	0.186172	0.003416	0.972096	-0.591	-1.371	-2.733	0	166	1023	1
2026-02-11	16:38:16.430	-2.73	12.6	-27.58	0.156648	0.005124	0.937448	-0.594	-1.3725	-2.736	0	166	1023	1
2026-02-11	16:38:16.450	-4.095	10.57	-27.825	0.136884	0.001464	0.910608	-0.5955	-1.3695	-2.7345	0	166	1023	1
2026-02-11	16:38:16.470	-5.18	6.965	-28.105	0.116876	0.000244	0.888648	-0.588	-1.3725	-2.7345	0	166	1023	1
2026-02-11	16:38:16.490	-5.88	3.745	-28.455	0.09516	0.004636	0.868396	-0.582	-1.3755	-2.7375	0	166	1023	1
2026-02-11	16:38:16.510	-6.16	2.345	-28.735	0.08784	0.010492	0.848876	-0.579	-1.3785	-2.739	0	166	1023	1
2026-02-11	16:38:16.530	-6.615	2.31	-28.525	0.087596	0.01464	0.837896	-0.579	-1.3815	-2.7405	0	166	1023	1
2026-02-11	16:38:16.550	-7.42	2.8	-27.51	0.079788	0.018056	0.821548	-0.5805	-1.3815	-2.739	0	166	1023	1
2026-02-11	16:38:16.570	-8.155	3.43	-26.075	0.07808	0.019764	0.806664	-0.579	-1.38	-2.7375	0	166	1023	1
2026-02-11	16:38:16.590	-8.19	3.78	-24.85	0.08418	0.018788	0.801784	-0.573	-1.3785	-2.739	0	166	1023	1
2026-02-11	16:38:16.610	-7.665	4.76	-23.59	0.092232	0.013908	0.825696	-0.576	-1.3785	-2.7375	0	165	1028	1
2026-02-11	16:38:16.630	-7.77	5.635	-21.98	0.095892	0.015372	0.867664	-0.582	-1.3785	-2.739	0	165	1028	1
2026-02-11	16:38:16.650	-8.715	6.09	-20.23	0.10614	0.013908	0.901824	-0.573	-1.3845	-2.742	0	165	1028	1
2026-02-11	16:38:16.670	-10.325	6.3	-18.305	0.101992	0.017568	0.924028	-0.5655	-1.38	-2.7345	0	165	1028	1
2026-02-11	16:38:16.690	-12.425	4.935	-16.205	0.093696	0.014152	0.937936	-0.57	-1.3845	-2.7405	0	165	1028	1
2026-02-11	16:38:16.710	-14.105	1.855	-14.455	0.078812	0.014884	0.94428	-0.5655	-1.377	-2.745	0	165	1028	1
2026-02-11	16:38:16.730	-13.545	-2.66	-14	0.088816	0.01708	0.982832	-0.573	-1.3815	-2.7405	0	165	1028	1
2026-02-11	16:38:16.750	-11.06	-5.67	-14.14	0.091744	0.008052	1.032364	-0.5715	-1.377	-2.7405	0	165	1028	1
2026-02-11	16:38:16.770	-8.61	-6.125	-13.825	0.072712	-0.005368	1.06994	-0.567	-1.3755	-2.7405	0	165	1028	1
2026-02-11	16:38:16.790	-6.72	-6.02	-12.915	0.073444	-0.019764	1.108736	-0.564	-1.377	-2.7435	0	165	1028	1
2026-02-11	16:38:16.810	-5.53	-5.075	-11.585	0.058804	-0.022936	1.118984	-0.57	-1.377	-2.7465	0	164	1016	1
2026-02-11	16:38:16.830	-3.85	-3.43	-10.22	0.066124	-0.022448	1.142652	-0.5685	-1.3755	-2.742	0	164	1016	1
2026-02-11	16:38:16.850	-2.485	-0.7	-8.225	0.084424	-0.024644	1.175836	-0.567	-1.3785	-2.7405	0	164	1016	1
2026-02-11	16:38:16.870	-1.995	2.38	-5.425	0.102968	-0.033672	1.220488	-0.5715	-1.38	-2.742	0	164	1016	1
2026-02-11	16:38:16.890	-2.975	8.05	-0.945	0.136884	-0.066612	1.29198	-0.573	-1.374	-2.7435	0	164	1016	1
2026-02-11	16:38:16.910	-5.705	10.22	2.87	0.161772	-0.091256	1.336876	-0.573	-1.374	-2.7435	0	164	1016	1
2026-02-11	16:38:16.930	-10.64	7.42	8.19	0.2074	-0.143228	1.389824	-0.5745	-1.377	-2.7495	0	164	1016	1
2026-02-11	16:38:16.950	-18.13	-0.07	14.7	0.245952	-0.191296	1.426912	-0.567	-1.3755	-2.742	0	164	1016	1
2026-02-11	16:38:16.970	-25.865	-8.12	20.65	0.2135	-0.214964	1.3481	-0.5685	-1.371	-2.748	0	164	1016	1
2026-02-11	16:38:16.990	-27.86	-13.37	22.61	0.13664	-0.210084	1.19804	-0.576	-1.3665	-2.742	0	164	1016	1
2026-02-11	16:38:17.010	-21.245	-12.425	19.32	0.078812	-0.179828	1.040904	-0.5625	-1.3605	-2.7405	0	162	1027	1
2026-02-11	16:38:17.030	-8.26	-5.215	12.705	0.065636	-0.154208	0.949648	-0.5775	-1.3545	-2.736	0	162	1027	1
2026-02-11	16:38:17.050	5.005	3.675	6.685	0.09516	-0.131516	0.908656	-0.5805	-1.362	-2.733	0	162	1027	1
2026-02-11	16:38:17.070	14.7	8.19	3.57	0.11834	-0.11346	0.889624	-0.582	-1.353	-2.73	0	162	1027	1
2026-02-11	16:38:17.090	20.51	7.21	2.59	0.138104	-0.082228	0.894016	-0.5745	-1.3575	-2.745	0	162	1027	1
2026-02-11	16:38:17.110	24.22	5.95	1.82	0.16226	-0.06954	0.950868	-0.5805	-1.356	-2.7345	0	162	1027	1
2026-02-11	16:38:17.130	25.235	8.225	1.19	0.1891	-0.066368	1.006256	-0.576	-1.362	-2.7405	0	162	1027	1
2026-02-11	16:38:17.150	20.44	10.92	1.715	0.13786	-0.062464	0.978196	-0.57	-1.3605	-2.73	0	162	1027	1
2026-02-11	16:38:17.170	13.16	8.19	2.17	0.033428	-0.053436	0.848388	-0.57	-1.3665	-2.7345	0	162	1027	1
2026-02-11	16:38:17.190	10.115	4.69	0.28	-0.030256	-0.03782	0.774212	-0.5685	-1.3695	-2.7435	0	162	1027	1
2026-02-11	16:38:17.210	9.625	2.485	-3.185	-0.03538	-0.035136	0.773724	-0.5685	-1.368	-2.745	0	162	1043	1
2026-02-11	16:38:17.230	8.61	2.275	-5.985	-0.007076	-0.037576	0.787876	-0.573	-1.374	-2.7375	0	162	1043	1
2026-02-11	16:38:17.250	7.105	3.045	-7.42	0.001464	-0.034404	0.785192	-0.5775	-1.3785	-2.7315	0	162	1043	1
2026-02-11	16:38:17.270	6.335	4.585	-8.33	0.0061	-0.02318	0.806664	-0.5805	-1.374	-2.7345	0	162	1043	1
2026-02-11	16:38:17.290	5.775	7	-9.345	0.014884	-0.02318	0.832772	-0.5715	-1.38	-2.7315	0	162	1043	1
2026-02-11	16:38:17.310	3.85	7.07	-10.045	0.030256	-0.024156	0.837164	-0.5685	-1.3815	-2.7375	0	162	1043	1
2026-02-11	16:38:17.330	1.435	4.2	-10.08	0.021716	-0.0183	0.809348	-0.573	-1.3815	-2.7435	0	162	1043	1
2026-02-11	16:38:17.350	0.875	0.455	-9.87	0.018056	-0.020984	0.80276	-0.561	-1.3785	-2.7435	0	162	1043	1
2026-02-11	16:38:17.370	1.995	-0.7	-9.94	0.027816	-0.039772	0.855708	-0.5655	-1.3875	-2.7375	0	162	1043	1
2026-02-11	16:38:17.390	2.66	1.855	-9.24	0.041724	-0.05734	0.894992	-0.5655	-1.3785	-2.739	0	162	1043	1
2026-02-11	16:38:17.410	1.96	3.36	-7.63	0.039284	-0.056364	0.89914	-0.57	-1.3785	-2.739	0	164	1030	1
2026-02-11	16:38:17.430	-0.35	0.07	-5.74	0.035624	-0.083448	0.96258	-0.5655	-1.386	-2.745	0	164	1030	1
2026-02-11	16:38:17.450	-2.8	-0.07	-4.445	-0.000244	-0.100528	0.981124	-0.5625	-1.3845	-2.742	0	164	1030	1
2026-02-11	16:38:17.470	-4.165	2.695	-3.78	-0.044408	-0.086376	0.954284	-0.561	-1.3815	-2.739	0	164	1030	1
2026-02-11	16:38:17.490	-3.43	3.85	-5.075	-0.077348	-0.069052	0.954284	-0.5625	-1.3785	-2.739	0	164	1030	1
2026-02-11	16:38:17.510	-2.38	2.415	-8.12	-0.088084	-0.053436	0.99186	-0.564	-1.3785	-2.7405	0	164	1030	1
2026-02-11	16:38:17.530	-2.205	1.89	-11.76	-0.080764	-0.053436	1.074332	-0.5625	-1.3815	-2.7405	0	164	1030	1
2026-02-11	16:38:17.550	-3.64	4.305	-14.77	-0.056608	-0.0549	1.137772	-0.561	-1.38	-2.7375	0	164	1030	1
2026-02-11	16:38:17.570	-6.195	6.895	-16.975	-0.051972	-0.042212	1.13826	-0.561	-1.377	-2.742	0	164	1030	1
2026-02-11	16:38:17.590	-7.84	8.89	-19.18	-0.053436	-0.037576	1.126792	-0.561	-1.374	-2.742	0	164	1030	1
2026-02-11	16:38:17.610	-8.365	10.22	-21.35	-0.033428	-0.04392	1.120936	-0.5595	-1.3755	-2.742	0	165	1011	1
2026-02-11	16:38:17.630	-8.33	10.045	-23.31	-0.00976	-0.05002	1.131672	-0.555	-1.38	-2.7405	0	165	1011	1
2026-02-11	16:38:17.650	-8.54	8.925	-24.78	0.044896	-0.054168	1.161684	-0.5535	-1.3785	-2.7375	0	165	1011	1
2026-02-11	16:38:17.670	-9.345	8.54	-25.06	0.077592	-0.057584	1.186328	-0.5535	-1.3785	-2.742	0	165	1011	1
2026-02-11	16:38:17.690	-11.2	10.325	-23.1	0.099552	-0.05856	1.195356	-0.549	-1.3755	-2.7435	0	165	1011	1
2026-02-11	16:38:17.710	-13.23	10.15	-21.28	0.09028	-0.06466	1.130696	-0.546	-1.3695	-2.742	0	165	1011	1
2026-02-11	16:38:17.730	-11.97	8.365	-21.945	0.05734	-0.058804	1.016016	-0.543	-1.3725	-2.7435	0	165	1011	1
2026-02-11	16:38:17.750	-5.985	6.16	-24.605	0.04636	-0.057584	0.952332	-0.531	-1.383	-2.739	0	165	1011	1
2026-02-11	16:38:17.770	2.345	4.025	-27.895	0.068564	-0.066856	0.9577	-0.534	-1.377	-2.742	0	165	1011	1
2026-02-11	16:38:17.790	10.325	3.43	-29.855	0.090036	-0.06832	0.954284	-0.534	-1.371	-2.7435	0	165	1011	1
2026-02-11	16:38:17.810	17.045	4.76	-29.295	0.098332	-0.06832	0.93818	-0.528	-1.3755	-2.7435	0	164	1013	1
2026-02-11	16:38:17.830	21.42	6.195	-26.775	0.103212	-0.055876	0.944036	-0.5265	-1.383	-2.742	0	164	1013	1
2026-02-11	16:38:17.850	23.835	6.895	-23.45	0.095648	-0.041236	0.959164	-0.531	-1.3845	-2.745	0	164	1013	1
2026-02-11	16:38:17.870	24.36	7.875	-19.88	0.087352	-0.028792	0.975268	-0.5325	-1.3875	-2.7555	0	164	1013	1
2026-02-11	16:38:17.890	22.715	6.86	-15.085	0.120048	-0.017568	1.014308	-0.528	-1.3935	-2.7525	0	164	1013	1
2026-02-11	16:38:17.910	17.885	2.905	-9.065	0.13908	-0.021472	1.090436	-0.525	-1.395	-2.7495	0	164	1013	1
2026-02-11	16:38:17.930	10.57	-1.085	-3.255	0.125416	-0.015616	1.128744	-0.525	-1.398	-2.751	0	164	1013	1
2026-02-11	16:38:17.950	3.99	-1.435	0.7	0.091012	-0.003172	1.102392	-0.5235	-1.3995	-2.742	0	164	1013	1
2026-02-11	16:38:17.970	-1.295	0.77	1.47	-0.00122	0.015616	1.005036	-0.522	-1.401	-2.739	0	164	1013	1
2026-02-11	16:38:17.990	-2.695	-1.435	-0.595	-0.011712	0.0183	0.98942	-0.522	-1.401	-2.739	0	164	1013	1
2026-02-11	16:38:18.010	-3.5	-5.425	-3.15	0.047824	0.022936	1.017236	-0.525	-1.407	-2.748	0	162	1022	1
2026-02-11	16:38:18.030	-3.955	-6.055	-4.795	0.091256	0.031232	1.04432	-0.5235	-1.401	-2.7495	0	162	1022	1
2026-02-11	16:38:18.050	-4.41	-2.555	-5.46	0.110776	0.030988	1.028704	-0.5355	-1.4025	-2.748	0	162	1022	1
2026-02-11	16:38:18.070	-5.32	2.03	-5.355	0.094916	0.02684	0.98942	-0.531	-1.4085	-2.748	0	162	1022	1
2026-02-11	16:38:18.090	-7.035	3.535	-4.095	0.081984	0.020252	0.959408	-0.531	-1.4025	-2.748	0	162	1022	1
2026-02-11	16:38:18.110	-9.345	2.345	-2.24	0.085156	0.033184	0.937692	-0.525	-1.3965	-2.7525	0	162	1022	1
2026-02-11	16:38:18.130	-10.815	1.085	-0.42	0.099308	0.031476	0.925004	-0.5295	-1.398	-2.754	0	162	1022	1
2026-02-11	16:38:18.150	-10.85	2.38	1.225	0.106384	0.032208	0.92842	-0.528	-1.3995	-2.7495	0	162	1022	1
2026-02-11	16:38:18.170	-9.66	5.145	2.905	0.065148	0.034648	0.917928	-0.5295	-1.386	-2.751	0	162	1022	1
2026-02-11	16:38:18.190	-8.435	6.265	3.745	0.018544	0.034892	0.911096	-0.525	-1.398	-2.748	0	162	1022	1
2026-02-11	16:38:18.210	-8.12	4.9	3.43	-0.002684	0.030744	0.901824	-0.5175	-1.3965	-2.748	0	157	1026	1
2026-02-11	16:38:18.230	-8.54	0.42	2.45	-0.023424	0.022448	0.905484	-0.5265	-1.383	-2.748	0	157	1026	1
2026-02-11	16:38:18.250	-8.75	-4.795	0.595	-0.019032	0.020496	0.926712	-0.5265	-1.383	-2.748	0	157	1026	1
2026-02-11	16:38:18.270	-8.19	-6.335	-1.33	-0.003904	0.025132	0.944524	-0.525	-1.383	-2.7525	0	157	1026	1
2026-02-11	16:38:18.290	-7.42	-5.705	-2.66	0.0244	0.029524	0.945744	-0.5235	-1.383	-2.7585	0	157	1026	1
2026-02-11	16:38:18.310	-6.545	-5.215	-2.905	0.01952	0.033672	0.909876	-0.528	-1.383	-2.7465	0	157	1026	1
2026-02-11	16:38:18.330	-4.445	-6.23	-3.08	0.004636	0.034404	0.893528	-0.5265	-1.38	-2.754	0	157	1026	1
2026-02-11	16:38:18.350	-1.505	-7.875	-3.605	0.023668	0.03416	0.912316	-0.5265	-1.3845	-2.7525	0	157	1026	1
2026-02-11	16:38:18.370	0.84	-8.295	-3.92	0.04026	0.034404	0.941352	-0.522	-1.38	-2.748	0	157	1026	1
2026-02-11	16:38:18.390	2.52	-6.58	-3.745	0.040748	0.035136	0.967704	-0.5235	-1.38	-2.7405	0	157	1026	1
2026-02-11	16:38:18.410	3.71	-3.15	-3.465	0.014152	0.042944	0.990152	-0.5295	-1.3905	-2.748	0	151	1018	1
2026-02-11	16:38:18.430	3.71	0.42	-3.395	-0.01098	0.045628	0.993324	-0.528	-1.3815	-2.751	0	151	1018	1
2026-02-11	16:38:18.450	2.8	2.94	-3.29	-0.028548	0.046116	0.993568	-0.525	-1.3815	-2.751	0	151	1018	1
2026-02-11	16:38:18.470	1.785	4.585	-2.8	-0.039284	0.035624	1.001376	-0.5325	-1.383	-2.751	0	151	1018	1
2026-02-11	16:38:18.490	1.365	7.105	-1.995	-0.045384	0.030744	1.004548	-0.528	-1.386	-2.7495	0	151	1018	1
2026-02-11	16:38:18.510	2.905	13.86	-0.07	-0.020984	0.025864	0.972828	-0.522	-1.383	-2.7495	0	151	1018	1
2026-02-11	16:38:18.530	4.9	16.31	2.1	-0.034404	0.00976	0.973072	-0.5235	-1.3875	-2.7525	0	151	1018	1
2026-02-11	16:38:18.550	7	15.75	3.815	-0.05246	-0.004636	1.010892	-0.5235	-1.3905	-2.754	0	151	1018	1
2026-02-11	16:38:18.570	7.84	15.05	4.585	-0.042944	-0.008052	1.059448	-0.5205	-1.3875	-2.7585	0	151	1018	1
2026-02-11	16:38:18.590	6.965	14.98	5.46	-0.034892	-0.011956	1.091412	-0.5235	-1.386	-2.76	0	151	1018	1
2026-02-11	16:38:18.610	5.635	15.225	6.615	-0.049044	-0.00244	1.08336	-0.522	-1.38	-2.757	0	143	1010	1
2026-02-11	16:38:18.630	6.23	15.995	7.455	-0.064904	0.00488	1.046516	-0.513	-1.3845	-2.7585	0	143	1010	1
2026-02-11	16:38:18.650	9.66	17.71	7.35	-0.07076	0.0061	1.019188	-0.5115	-1.3935	-2.7555	0	143	1010	1
2026-02-11	16:38:18.670	13.86	19.355	6.405	-0.0671	0.001708	1.02846	-0.5115	-1.3935	-2.754	0	143	1010	1
2026-02-11	16:38:18.690	15.96	19.425	5.95	-0.075396	-0.003904	1.029436	-0.51	-1.3965	-2.757	0	143	1010	1
2026-02-11	16:38:18.710	16.03	18.235	6.055	-0.064904	-0.008296	1.024068	-0.504	-1.395	-2.76	0	143	1010	1
2026-02-11	16:38:18.730	14.805	17.71	6.65	-0.047336	-0.010736	1.0431	-0.4995	-1.3905	-2.76	0	143	1010	1
2026-02-11	16:38:18.750	11.935	16.24	8.155	0.00244	-0.019764	1.081408	-0.5025	-1.3995	-2.76	0	143	1010	1
2026-02-11	16:38:18.770	4.83	10.115	11.725	0.041968	-0.020008	1.107272	-0.4965	-1.401	-2.7585	0	143	1010	1
2026-02-11	16:38:18.790	-2.66	4.865	14.385	0.010004	-0.025864	1.057496	-0.4905	-1.3965	-2.7585	0	143	1010	1
2026-02-11	16:38:18.810	-5.04	4.27	13.65	-0.033184	-0.030744	0.965264	-0.492	-1.398	-2.7555	0	135	1012	1
2026-02-11	16:38:18.830	-3.43	4.025	12.11	-0.06954	-0.040748	0.89182	-0.4935	-1.4025	-2.757	0	135	1012	1
2026-02-11	16:38:18.850	0.455	3.57	10.185	-0.08174	-0.033428	0.868396	-0.4935	-1.4025	-2.7615	0	135	1012	1
2026-02-11	16:38:18.870	4.165	4.165	8.505	-0.055876	-0.028304	0.913292	-0.4965	-1.3965	-2.76	0	135	1012	1
2026-02-11	16:38:18.890	4.515	4.27	8.05	-0.015128	-0.01586	0.983076	-0.4965	-1.3905	-2.757	0	135	1012	1
2026-02-11	16:38:18.910	1.19	3.465	8.75	-0.012688	-0.011468	1.023824	-0.495	-1.392	-2.757	0	135	1012	1
2026-02-11	16:38:18.930	-3.255	2.59	9.38	-0.000488	-0.011468	1.043588	-0.498	-1.3905	-2.7555	0	135	1012	1
2026-02-11	16:38:18.950	-7.665	2.275	8.89	-0.008296	-0.022448	1.031144	-0.4965	-1.3905	-2.7555	0	135	1012	1
2026-02-11	16:38:18.970	-10.64	0.245	6.65	-0.044408	-0.034648	0.994544	-0.495	-1.392	-2.757	0	135	1012	1
2026-02-11	16:38:18.990	-12.04	-3.15	2.905	-0.070272	-0.037088	0.949648	-0.4995	-1.3905	-2.76	0	135	1012	1
2026-02-11	16:38:19.010	-12.145	-7.315	-1.155	-0.053192	-0.038064	0.94306	-0.5025	-1.3875	-2.763	0	127	1015	1
2026-02-11	16:38:19.030	-11.095	-10.36	-4.06	-0.033672	-0.03416	0.961604	-0.501	-1.386	-2.76	0	127	1015	1
2026-02-11	16:38:19.050	-8.365	-10.185	-7.385	-0.05002	-0.016104	0.96258	-0.4995	-1.389	-2.7615	0	127	1015	1
2026-02-11	16:38:19.070	-5.67	-9.87	-10.325	-0.065392	0.002928	0.963312	-0.4995	-1.389	-2.7615	0	127	1015	1
2026-02-11	16:38:19.090	-2.1	-8.54	-14.07	-0.069784	0.003416	0.980392	-0.4965	-1.389	-2.7525	0	127	1015	1
2026-02-11	16:38:19.110	1.225	-6.055	-18.095	-0.05246	-0.00122	0.976488	-0.507	-1.383	-2.7585	0	127	1015	1
2026-02-11	16:38:19.130	3.57	-3.605	-21.595	-0.033428	-0.006832	0.980392	-0.5055	-1.3845	-2.7645	0	127	1015	1
2026-02-11	16:38:19.150	4.095	-2.1	-23.87	-0.026352	-0.010004	0.991372	-0.5055	-1.386	-2.7615	0	127	1015	1
2026-02-11	16:38:19.170	3.255	-0.945	-25.025	-0.03904	-0.01098	0.995764	-0.5025	-1.3815	-2.7645	0	127	1015	1
2026-02-11	16:38:19.190	2.555	-0.035	-25.865	-0.046116	-0.004636	0.996008	-0.501	-1.389	-2.7645	0	127	1015	1
2026-02-11	16:38:19.210	2.135	1.68	-26.88	-0.077104	-0.017812	1.021384	-0.5055	-1.3875	-2.7585	0	119	1016	1
2026-02-11	16:38:19.230	0.56	2.73	-27.475	-0.083936	-0.019032	1.043344	-0.507	-1.395	-2.757	0	119	1016	1
2026-02-11	16:38:19.250	-0.735	3.22	-26.95	-0.049288	-0.014152	1.046516	-0.489	-1.3935	-2.7585	0	119	1016	1
2026-02-11	16:38:19.270	-0.35	2.94	-25.83	-0.04636	-0.010736	1.043588	-0.4935	-1.398	-2.76	0	119	1016	1
2026-02-11	16:38:19.290	1.015	1.505	-25.795	-0.059048	-0.022936	1.02968	-0.5025	-1.395	-2.766	0	119	1016	1
2026-02-11	16:38:19.310	3.57	-1.925	-28	-0.056608	-0.03294	1.016504	-0.4875	-1.3995	-2.7615	0	119	1016	1
2026-02-11	16:38:19.330	6.23	-5.355	-31.22	-0.020496	-0.029768	1.014064	-0.4875	-1.3995	-2.7615	0	119	1016	1
2026-02-11	16:38:19.350	7.84	-6.72	-33.88	0.00122	-0.02806	1.006012	-0.489	-1.398	-2.7615	0	119	1016	1
2026-02-11	16:38:19.370	8.89	-7.315	-36.82	0.013176	-0.022692	0.985272	-0.4935	-1.401	-2.7615	0	119	1016	1
2026-02-11	16:38:19.390	9.87	-7.525	-39.935	0.003904	-0.007564	0.96502	-0.4965	-1.401	-2.7645	0	119	1016	1
2026-02-11	16:38:19.410	10.85	-7.385	-43.26	0.010492	-0.001464	0.971852	-0.4905	-1.4115	-2.7615	0	110	1017	1
2026-02-11	16:38:19.430	10.15	-6.72	-46.025	0.04758	0	1.005768	-0.492	-1.4055	-2.7615	0	110	1017	1
2026-02-11	16:38:19.450	6.965	-5.425	-47.355	0.048312	0.003904	1.0187	-0.4875	-1.4085	-2.7555	0	110	1017	1
2026-02-11	16:38:19.470	2.345	-3.465	-47.32	0.039528	0.019032	1.017724	-0.489	-1.413	-2.7555	0	110	1017	1
2026-02-11	16:38:19.490	-1.645	-1.435	-46.305	0.046604	0.019032	1.019188	-0.4875	-1.416	-2.766	0	110	1017	1
2026-02-11	16:38:19.510	-4.83	-0.63	-44.52	0.022204	0.018788	0.999424	-0.489	-1.4205	-2.7615	0	110	1017	1
2026-02-11	16:38:19.530	-7.07	-2.135	-42.035	0.021228	0.012444	0.992836	-0.4815	-1.428	-2.7585	0	110	1017	1
2026-02-11	16:38:19.550	-8.61	-4.585	-38.99	0.06222	0.005612	1.016992	-0.4785	-1.4145	-2.766	0	110	1017	1
2026-02-11	16:38:19.570	-9.555	-6.125	-35.42	0.072224	0.000732	1.025776	-0.4785	-1.4175	-2.7645	0	110	1017	1
2026-02-11	16:38:19.590	-8.295	-7.945	-31.185	0.04026	-0.009516	0.984784	-0.4725	-1.413	-2.7615	0	110	1017	1
2026-02-11	16:38:19.610	-5.18	-8.96	-30.31	0.016104	-0.02196	0.947208	-0.4755	-1.4145	-2.766	0	102	1018	1
2026-02-11	16:38:19.630	-0.7	-8.785	-30.345	0.00366	-0.018056	0.931104	-0.4755	-1.416	-2.7645	0	102	1018	1
2026-02-11	16:38:19.650	3.395	-8.4	-30.17	0.014884	-0.015372	0.951844	-0.474	-1.4145	-2.7615	0	102	1018	1
2026-02-11	16:38:19.670	5.425	-9.1	-28.875	0.05002	-0.016592	1.00528	-0.474	-1.4175	-2.763	0	102	1018	1
2026-02-11	16:38:19.690	4.55	-9.17	-26.6	0.070272	-0.01098	1.04066	-0.477	-1.419	-2.763	0	102	1018	1
2026-02-11	16:38:19.710	1.995	-8.715	-24.15	0.061	-0.000732	1.043832	-0.4815	-1.4175	-2.7615	0	102	1018	1
2026-02-11	16:38:19.730	-0.525	-8.365	-22.575	0.049044	0.003904	1.033828	-0.4755	-1.4205	-2.763	0	102	1018	1
2026-02-11	16:38:19.750	-2.52	-8.47	-22.155	0.035136	0.004636	1.017724	-0.4695	-1.4205	-2.7615	0	102	1018	1
2026-02-11	16:38:19.770	-3.71	-8.75	-22.505	0.033184	0.005124	1.002596	-0.471	-1.4175	-2.7615	0	102	1018	1
2026-02-11	16:38:19.790	-4.13	-9.31	-22.715	0.054656	-0.002196	1.009916	-0.474	-1.4175	-2.7615	0	102	1018	1
2026-02-11	16:38:19.810	-4.725	-9.8	-22.365	0.066124	-0.011956	1.016016	-0.471	-1.416	-2.7555	0	94	1020	1
2026-02-11	16:38:19.830	-5.145	-9.59	-21.945	0.066856	-0.012688	1.014796	-0.4695	-1.4175	-2.7555	0	94	1020	1
2026-02-11	16:38:19.850	-5.005	-8.575	-21.84	0.070272	-0.01952	1.006744	-0.4695	-1.4175	-2.7585	0	94	1020	1
2026-02-11	16:38:19.870	-4.585	-8.12	-21.7	0.059536	-0.02196	1.002108	-0.4695	-1.4175	-2.7585	0	94	1020	1
2026-02-11	16:38:19.890	-4.48	-8.33	-21.105	0.059292	-0.0244	1.009428	-0.4725	-1.4205	-2.7555	0	94	1020	1
2026-02-11	16:38:19.910	-4.655	-8.365	-20.09	0.053192	-0.022204	1.01992	-0.477	-1.4235	-2.7495	0	94	1020	1
2026-02-11	16:38:19.930	-4.865	-7.84	-18.585	0.040748	-0.021472	1.026264	-0.4785	-1.422	-2.7555	0	94	1020	1
2026-02-11	16:38:19.950	-5.04	-7.035	-16.94	0.033428	-0.020496	1.027484	-0.4785	-1.425	-2.7615	0	94	1020	1
2026-02-11	16:38:19.970	-5.005	-5.95	-15.085	0.030012	-0.018056	1.03578	-0.4755	-1.4235	-2.7585	0	94	1020	1
2026-02-11	16:38:19.990	-4.76	-4.9	-13.16	0.032452	-0.0183	1.03578	-0.4725	-1.419	-2.7555	0	94	1020	1
2026-02-11	16:38:20.010	-4.165	-4.095	-10.675	0.050752	-0.021716	1.030168	-0.4725	-1.419	-2.7525	0	87	1023	1
2026-02-11	16:38:20.030	-3.5	-4.025	-9.24	0.057828	-0.019032	1.020652	-0.4725	-1.422	-2.7585	0	87	1023	1
2026-02-11	16:38:20.050	-2.17	-4.34	-7.805	0.050264	-0.01464	1.014796	-0.471	-1.4205	-2.766	0	87	1023	1
2026-02-11	16:38:20.070	-0.735	-4.9	-7.21	0.06222	-0.020008	1.022604	-0.4755	-1.419	-2.7645	0	87	1023	1
2026-02-11	16:38:20.090	0.28	-4.445	-7.21	0.072956	-0.018788	1.0309	-0.4785	-1.4205	-2.7615	0	87	1023	1
2026-02-11	16:38:20.110	0.945	-2.555	-7.21	0.082228	-0.017324	1.031144	-0.4755	-1.416	-2.7585	0	87	1023	1
2026-02-11	16:38:20.130	1.12	-0.42	-6.23	0.064416	-0.022692	1.01992	-0.474	-1.413	-2.754	0	87	1023	1
2026-02-11	16:38:20.150	0.98	-0.07	-5.32	0.06222	-0.02684	1.02114	-0.471	-1.4175	-2.7615	0	87	1023	1
2026-02-11	16:38:20.170	1.33	1.19	-4.795	0.071004	-0.028304	1.020164	-0.4785	-1.419	-2.757	0	87	1023	1
2026-02-11	16:38:20.190	2.17	3.43	-4.305	0.087352	-0.030256	1.011868	-0.4695	-1.4145	-2.76	0	87	1023	1
2026-02-11	16:38:20.210	3.36	5.53	-3.535	0.092476	-0.027328	0.998936	-0.4755	-1.425	-2.754	0	81	1027	1
2026-02-11	16:38:20.230	4.375	6.02	-2.66	0.080032	-0.023424	0.9943	-0.471	-1.4235	-2.7645	0	81	1027	1
2026-02-11	16:38:20.250	4.515	5.25	-1.785	0.064904	-0.026108	0.99796	-0.4755	-1.4175	-2.751	0	81	1027	1
2026-02-11	16:38:20.270	3.815	4.2	-1.05	0.062952	-0.029768	1.005524	-0.471	-1.4205	-2.7585	0	81	1027	1
2026-02-11	16:38:20.290	2.695	3.64	-0.42	0.070516	-0.028304	1.016016	-0.4695	-1.416	-2.7585	0	81	1027	1
2026-02-11	16:38:20.310	1.33	3.57	-0.035	0.064904	-0.0305	1.016748	-0.4755	-1.428	-2.757	0	81	1027	1
2026-02-11	16:38:20.330	0.14	3.605	0.035	0.055876	-0.022692	1.008208	-0.4785	-1.431	-2.751	0	81	1027	1
2026-02-11	16:38:20.350	-0.455	3.325	-0.315	0.053436	-0.027084	0.993812	-0.471	-1.4235	-2.7465	0	81	1027	1
2026-02-11	16:38:20.370	-0.735	2.905	-0.77	0.050996	-0.027816	0.98942	-0.471	-1.428	-2.754	0	81	1027	1
2026-02-11	16:38:20.390	-0.875	2.485	-1.05	0.05368	-0.022204	0.992836	-0.4725	-1.428	-2.754	0	81	1027	1
2026-02-11	16:38:20.410	-1.295	1.995	-0.805	0.05612	-0.020496	1.000644	-0.474	-1.4295	-2.754	0	74	1030	1
2026-02-11	16:38:20.430	-1.89	1.54	-0.035	0.05368	-0.016592	1.007232	-0.474	-1.422	-2.754	0	74	1030	1
2026-02-11	16:38:20.450	-2.415	1.4	0.84	0.04514	-0.016104	1.00772	-0.474	-1.4265	-2.751	0	74	1030	1
2026-02-11	16:38:20.470	-2.345	1.295	1.505	0.039772	-0.0122	0.99552	-0.471	-1.4235	-2.7555	0	74	1030	1
2026-02-11	16:38:20.490	-1.505	1.05	2.03	0.05002	-0.014396	0.996984	-0.468	-1.4205	-2.757	0	74	1030	1
2026-02-11	16:38:20.510	-0.63	0.595	2.625	0.05124	-0.014884	1.004792	-0.4695	-1.437	-2.7645	0	74	1030	1
2026-02-11	16:38:20.530	0	-0.035	3.115	0.04148	-0.017324	0.998692	-0.4635	-1.4295	-2.7555	0	74	1030	1
2026-02-11	16:38:20.550	0.805	-0.875	3.325	0.04392	-0.01586	0.998936	-0.471	-1.431	-2.751	0	74	1030	1
2026-02-11	16:38:20.570	1.785	-1.19	3.36	0.04758	-0.011956	0.999912	-0.471	-1.4295	-2.7525	0	74	1030	1
2026-02-11	16:38:20.590	2.17	-1.085	3.64	0.041236	-0.009516	1.00528	-0.477	-1.422	-2.757	0	74	1030	1
2026-02-11	16:38:20.610	1.855	-0.945	4.235	0.028548	-0.013664	1.011136	-0.471	-1.416	-2.7615	0	68	1031	1
2026-02-11	16:38:20.630	1.015	-1.085	4.725	0.03294	-0.01586	1.029924	-0.474	-1.419	-2.7615	0	68	1031	1
2026-02-11	16:38:20.650	-0.385	-0.28	4.62	0.031964	-0.01952	1.037244	-0.4695	-1.425	-2.7525	0	68	1031	1
2026-02-11	16:38:20.670	-1.855	1.295	4.235	0.033916	-0.014152	1.023092	-0.471	-1.428	-2.7585	0	68	1031	1
2026-02-11	16:38:20.690	-2.065	1.82	4.235	0.034404	-0.01586	1.019676	-0.471	-1.428	-2.7585	0	68	1031	1
2026-02-11	16:38:20.710	-1.995	2.1	4.34	0.033428	-0.020008	1.006256	-0.4755	-1.4235	-2.763	0	68	1031	1
2026-02-11	16:38:20.730	-1.4	2.415	4.305	0.03416	-0.019032	1.002108	-0.474	-1.4175	-2.7585	0	68	1031	1
2026-02-11	16:38:20.750	-0.42	2.695	4.235	0.039772	-0.016836	1.000644	-0.471	-1.422	-2.751	0	68	1031	1
2026-02-11	16:38:20.770	0.385	2.73	4.13	0.035136	-0.019032	1.00528	-0.4725	-1.4265	-2.7585	0	68	1031	1
2026-02-11	16:38:20.790	0.665	2.73	4.27	0.037332	-0.02196	1.0065	-0.468	-1.4265	-2.7615	0	68	1031	1
2026-02-11	16:38:20.810	0.42	2.73	4.83	0.031964	-0.026108	1.020164	-0.4635	-1.4265	-2.7525	0	61	1031	1
2026-02-11	16:38:20.830	-0.63	2.765	5.705	0.025376	-0.044652	1.038464	-0.468	-1.4235	-2.745	0	61	1031	1
2026-02-11	16:38:20.850	-2.905	3.325	7	0.023668	-0.05002	1.031388	-0.471	-1.4205	-2.7465	0	61	1031	1
2026-02-11	16:38:20.870	-4.9	3.745	8.61	0.016348	-0.047824	1.010648	-0.471	-1.419	-2.751	0	61	1031	1
2026-02-11	16:38:20.890	-5.985	3.535	10.185	0.009516	-0.045872	1.002596	-0.4695	-1.422	-2.7675	0	61	1031	1
2026-02-11	16:38:20.910	-6.51	3.36	11.235	0.01952	-0.051972	1.003328	-0.468	-1.4175	-2.757	0	61	1031	1
2026-02-11	16:38:20.930	-6.685	4.13	11.795	0.014152	-0.04392	0.987956	-0.4665	-1.428	-2.7615	0	61	1031	1
2026-02-11	16:38:20.950	-6.3	4.55	12.005	0.014152	-0.033916	0.981368	-0.4665	-1.428	-2.7615	0	61	1031	1
2026-02-11	16:38:20.970	-6.195	3.78	12.25	0.03294	-0.025132	0.998692	-0.4635	-1.4175	-2.757	0	61	1031	1
2026-02-11	16:38:20.990	-6.755	2.905	12.88	0.030256	-0.022692	1.00772	-0.4665	-1.413	-2.7555	0	61	1031	1
2026-02-11	16:38:21.010	-7.28	2.065	13.265	0.030256	-0.018788	1.00284	-0.4725	-1.4175	-2.76	0	56	1030	1
2026-02-11	16:38:21.030	-7.07	1.225	13.09	0.028792	-0.027816	0.995764	-0.4725	-1.419	-2.7645	0	56	1030	1
2026-02-11	16:38:21.050	-6.51	0.77	12.6	0.019276	-0.029036	0.981368	-0.474	-1.419	-2.766	0	56	1030	1
2026-02-11	16:38:21.070	-5.215	-0.14	12.145	0.02196	-0.029524	0.9638	-0.474	-1.413	-2.763	0	56	1030	1
2026-02-11	16:38:21.090	-3.325	-1.96	12.04	0.010004	-0.0366	0.967704	-0.474	-1.4085	-2.7615	0	56	1030	1
2026-02-11	16:38:21.110	-1.295	-3.535	11.83	0.003416	-0.034404	0.971852	-0.477	-1.4055	-2.7645	0	56	1030	1
2026-02-11	16:38:21.130	0.98	-4.2	11.445	0.011224	-0.023668	0.97844	-0.4815	-1.4025	-2.766	0	56	1030	1
2026-02-11	16:38:21.150	2.975	-4.445	11.025	0.017324	-0.022692	0.999668	-0.48	-1.407	-2.7645	0	56	1030	1
2026-02-11	16:38:21.170	4.165	-4.34	10.815	0.022692	-0.019032	0.99796	-0.477	-1.4085	-2.766	0	56	1030	1
2026-02-11	16:38:21.190	5.425	-4.76	10.64	0.009272	-0.011712	0.97844	-0.474	-1.404	-2.7675	0	56	1030	1
2026-02-11	16:38:21.210	7.28	-7.175	9.8	0.00732	-0.008784	0.987224	-0.4725	-1.4025	-2.7675	0	50	1028	1
2026-02-11	16:38:21.230	7.7	-8.225	9.03	0.022692	-0.014396	1.003816	-0.4725	-1.4025	-2.7675	0	50	1028	1
2026-02-11	16:38:21.250	7.56	-8.26	8.19	0.023912	-0.00976	1.007476	-0.483	-1.4055	-2.763	0	50	1028	1
2026-02-11	16:38:21.270	7.315	-8.085	7.245	0.01342	-0.008784	1.009916	-0.4845	-1.4115	-2.766	0	50	1028	1
2026-02-11	16:38:21.290	6.825	-8.19	6.3	0.001708	-0.001708	1.014308	-0.4905	-1.4115	-2.7675	0	50	1028	1
2026-02-11	16:38:21.310	6.055	-8.015	5.565	0.012688	-0.001952	1.02114	-0.4875	-1.4175	-2.757	0	50	1028	1
2026-02-11	16:38:21.330	5.32	-7.245	5.005	0.0183	-0.005368	1.01992	-0.4935	-1.419	-2.772	0	50	1028	1
2026-02-11	16:38:21.350	5.005	-6.37	4.445	0.009516	0.00244	1.008696	-0.4875	-1.41	-2.7585	0	50	1028	1
2026-02-11	16:38:21.370	5.355	-5.985	3.465	0.0122	0.001464	1.009916	-0.4935	-1.4205	-2.754	0	50	1028	1
2026-02-11	16:38:21.390	5.635	-5.67	2.275	0.024888	-0.001464	1.025044	-0.495	-1.413	-2.7585	0	50	1028	1
2026-02-11	16:38:21.410	5.32	-5.04	1.12	0.02928	-0.001708	1.028948	-0.498	-1.413	-2.757	0	46	1026	1
2026-02-11	16:38:21.430	4.865	-4.305	0.455	0.03538	0.005368	1.026508	-0.4995	-1.416	-2.7585	0	46	1026	1
2026-02-11	16:38:21.450	4.655	-3.78	0.14	0.036356	0.007564	1.016016	-0.4965	-1.4115	-2.76	0	46	1026	1
2026-02-11	16:38:21.470	4.935	-3.465	-0.105	0.033428	0.009028	1.017968	-0.4965	-1.4115	-2.757	0	46	1026	1
2026-02-11	16:38:21.490	5.285	-2.66	-0.77	0.030012	0.012688	1.020164	-0.501	-1.4115	-2.757	0	46	1026	1
2026-02-11	16:38:21.510	5.46	-1.4	-1.4	0.050996	0.009272	1.023336	-0.4995	-1.422	-2.754	0	46	1026	1
2026-02-11	16:38:21.530	5.39	-0.56	-1.54	0.055632	0.015128	1.014796	-0.504	-1.422	-2.757	0	46	1026	1
2026-02-11	16:38:21.550	5.25	-1.015	-1.47	0.042944	0.011956	1.0126	-0.498	-1.425	-2.754	0	46	1026	1
2026-02-11	16:38:21.570	4.97	-1.855	-1.925	0.037332	0.008296	1.015528	-0.495	-1.419	-2.7525	0	46	1026	1
2026-02-11	16:38:21.590	4.585	-1.82	-3.185	0.04636	0.006588	1.020408	-0.501	-1.428	-2.7525	0	46	1026	1
2026-02-11	16:38:21.610	4.305	-1.155	-4.515	0.055632	0.0061	1.008696	-0.501	-1.4235	-2.7525	0	42	1027	1
2026-02-11	16:38:21.630	3.99	-0.735	-5.53	0.055388	0.005124	1.00284	-0.4965	-1.428	-2.751	0	42	1027	1
2026-02-11	16:38:21.650	3.325	-0.42	-5.915	0.057096	0.000732	1.00894	-0.501	-1.4175	-2.7555	0	42	1027	1
2026-02-11	16:38:21.670	2.1	0	-5.88	0.052948	0	1.00528	-0.5055	-1.4325	-2.754	0	42	1027	1
2026-02-11	16:38:21.690	0.91	0.035	-5.425	0.047824	0	0.995276	-0.4995	-1.4295	-2.76	0	42	1027	1
2026-02-11	16:38:21.710	0.07	-0.42	-4.83	0.051972	0.006832	1.007232	-0.51	-1.4295	-2.751	0	42	1027	1
2026-02-11	16:38:21.730	-0.7	-1.015	-3.955	0.06466	0.005856	1.016748	-0.51	-1.419	-2.754	0	42	1027	1
2026-02-11	16:38:21.750	-1.54	-0.805	-3.045	0.057096	0.0061	1.020652	-0.4965	-1.434	-2.751	0	42	1027	1
2026-02-11	16:38:21.770	-1.61	-0.49	-2.555	0.04636	0.005856	1.004304	-0.4965	-1.4325	-2.7465	0	42	1027	1
2026-02-11	16:38:21.790	-0.665	-0.945	-2.555	0.0427	0.004636	0.996252	-0.4995	-1.431	-2.742	0	42	1027	1
2026-02-11	16:38:21.810	0.84	-1.75	-2.52	0.05002	0.000244	0.999424	-0.4995	-1.428	-2.7435	0	39	1029	1
2026-02-11	16:38:21.830	2.03	-2.17	-2.345	0.061	-0.002684	1.0126	-0.501	-1.428	-2.7495	0	39	1029	1
2026-02-11	16:38:21.850	2.345	-2.1	-1.925	0.072712	-0.004392	1.02602	-0.5025	-1.428	-2.754	0	39	1029	1
2026-02-11	16:38:21.870	2.135	-1.68	-1.4	0.069296	0.000732	1.020408	-0.4995	-1.428	-2.754	0	39	1029	1
2026-02-11	16:38:21.890	1.925	-1.295	-1.015	0.06344	0.004636	1.01626	-0.498	-1.4295	-2.7495	0	39	1029	1
2026-02-11	16:38:21.910	1.82	-0.945	-1.015	0.06588	0.003904	1.021628	-0.504	-1.428	-2.757	0	39	1029	1
2026-02-11	16:38:21.930	1.4	-0.07	-1.015	0.06222	0.003416	1.011624	-0.495	-1.428	-2.754	0	39	1029	1
2026-02-11	16:38:21.950	1.295	0.875	-1.12	0.059536	0.009028	1.00406	-0.5025	-1.428	-2.7585	0	39	1029	1
2026-02-11	16:38:21.970	1.645	1.33	-1.225	0.070028	0.00488	0.999668	-0.501	-1.4265	-2.739	0	39	1029	1
2026-02-11	16:38:21.990	2.135	1.715	-1.12	0.075884	0.01342	1.0004	-0.4905	-1.4385	-2.7525	0	39	1029	1
2026-02-11	16:38:22.010	2.485	1.96	-0.875	0.057828	0.006588	1.003084	-0.4905	-1.4385	-2.7525	0	37	1030	1
2026-02-11	16:38:22.030	2.205	1.47	-0.455	0.0549	0.012932	1.003572	-0.4905	-1.4385	-2.7525	0	37	1030	1
2026-02-11	16:38:22.050	2.205	1.05	-0.105	0.058316	0.011712	1.006012	-0.498	-1.431	-2.748	0	37	1030	1
2026-02-11	16:38:22.070	2.8	1.26	0	0.07124799	0.014152	1.00162	-0.5025	-1.434	-2.7465	0	37	1030	1
2026-02-11	16:38:22.090	3.605	1.435	-0.035	0.061	0.017324	0.998204	-0.495	-1.4385	-2.7495	0	37	1030	1
2026-02-11	16:38:22.110	4.2	1.05	-0.245	0.059536	0.018056	0.996008	-0.4935	-1.4355	-2.748	0	37	1030	1
2026-02-11	16:38:22.130	3.99	0.175	-0.315	0.055144	0.014884	1.01138	-0.4965	-1.434	-2.7495	0	37	1030	1
2026-02-11	16:38:22.150	2.94	-0.455	0	0.059536	0.0183	1.017724	-0.498	-1.4355	-2.7525	0	37	1030	1
2026-02-11	16:38:22.170	1.645	-0.35	0.77	0.065636	0.018544	1.019188	-0.495	-1.437	-2.748	0	37	1030	1
2026-02-11	16:38:22.190	0.525	0.035	1.645	0.06466	0.019764	1.018212	-0.4935	-1.431	-2.7495	0	37	1030	1
2026-02-11	16:38:22.210	-0.385	0.42	2.59	0.065636	0.027328	1.025532	-0.504	-1.4295	-2.7525	0	34	1031	1
2026-02-11	16:38:22.230	-1.26	0.665	3.535	0.058804	0.025132	1.025288	-0.507	-1.434	-2.751	0	34	1031	1
2026-02-11	16:38:22.250	-1.785	1.12	4.2	0.05246	0.034648	1.016748	-0.498	-1.434	-2.748	0	34	1031	1
2026-02-11	16:38:22.270	-1.855	1.785	4.55	0.056364	0.03294	1.018456	-0.498	-1.4295	-2.748	0	34	1031	1
2026-02-11	16:38:22.290	-1.645	2.975	4.655	0.069052	0.031964	1.014552	-0.5025	-1.4295	-2.748	0	34	1031	1
2026-02-11	16:38:22.310	-1.54	4.445	4.585	0.0671	0.02684	0.999668	-0.5025	-1.4295	-2.748	0	34	1031	1
2026-02-11	16:38:22.330	-1.015	4.97	4.48	0.064904	0.02806	0.974536	-0.504	-1.4325	-2.7465	0	34	1031	1
2026-02-11	16:38:22.350	-0.07	4.41	4.305	0.064904	0.033184	0.970876	-0.4965	-1.44	-2.751	0	34	1031	1
2026-02-11	16:38:22.370	0.56	3.465	3.99	0.071004	0.032452	0.988932	-0.501	-1.431	-2.757	0	34	1031	1
2026-02-11	16:38:22.390	0.455	3.22	3.325	0.05856	0.029036	0.99796	-0.4995	-1.431	-2.754	0	34	1031	1
2026-02-11	16:38:22.410	-0.035	3.22	2.31	0.04636	0.028792	0.989664	-0.495	-1.4295	-2.7525	0	32	1031	1
2026-02-11	16:38:22.430	-0.455	2.52	1.26	0.033916	0.0305	0.98698	-0.4935	-1.4295	-2.754	0	32	1031	1
2026-02-11	16:38:22.450	-1.225	1.155	0.42	0.037088	0.030012	0.993568	-0.4935	-1.4355	-2.754	0	32	1031	1
2026-02-11	16:38:22.470	-2.485	0.07	-0.14	0.033916	0.027328	0.986736	-0.495	-1.437	-2.7525	0	32	1031	1
2026-02-11	16:38:22.490	-3.71	-0.84	-0.245	0.037576	0.028792	0.98088	-0.501	-1.4325	-2.757	0	32	1031	1
2026-02-11	16:38:22.510	-4.9	-1.925	0.42	0.063684	0.022692	0.998936	-0.504	-1.4295	-2.757	0	32	1031	1
2026-02-11	16:38:22.530	-6.72	-3.045	1.82	0.073688	0.015128	1.0065	-0.501	-1.4325	-2.754	0	32	1031	1
2026-02-11	16:38:22.550	-8.575	-3.745	3.115	0.073688	0.008296	0.994544	-0.4995	-1.4355	-2.7525	0	32	1031	1
2026-02-11	16:38:22.570	-7.91	-4.795	3.815	0.0549	0.023424	0.946232	-0.501	-1.434	-2.7525	0	32	1031	1
2026-02-11	16:38:22.590	-5.425	-6.72	3.92	0.056852	0.02318	0.947452	-0.501	-1.4235	-2.7525	0	32	1031	1
2026-02-11	16:38:22.610	-3.08	-8.925	4.305	0.07442	0.030256	0.962824	-0.498	-1.4265	-2.76	0	31	1028	1
2026-02-11	16:38:22.630	-1.435	-10.5	4.795	0.06344	0.035868	0.994056	-0.5055	-1.4295	-2.7555	0	31	1028	1
2026-02-11	16:38:22.650	-0.77	-10.71	4.865	0.061488	0.034892	1.020164	-0.51	-1.4265	-2.757	0	31	1028	1
2026-02-11	16:38:22.670	-1.225	-10.22	4.725	0.058804	0.02928	1.04432	-0.51	-1.4295	-2.76	0	31	1028	1
2026-02-11	16:38:22.690	-2.135	-9.625	4.62	0.071736	0.023424	1.067256	-0.504	-1.431	-2.7495	0	31	1028	1
2026-02-11	16:38:22.710	-2.8	-8.68	4.585	0.071004	0.019032	1.051884	-0.507	-1.428	-2.742	0	31	1028	1
2026-02-11	16:38:22.730	-2.1	-7.945	3.815	0.059292	0.014884	1.031876	-0.5025	-1.4175	-2.7435	0	31	1028	1
2026-02-11	16:38:22.750	-0.56	-7.385	2.485	0.061976	0.000976	1.029924	-0.5145	-1.422	-2.7465	0	31	1028	1
2026-02-11	16:38:22.770	0.735	-6.16	1.47	0.077348	0.010248	1.029924	-0.5115	-1.422	-2.754	0	31	1028	1
2026-02-11	16:38:22.790	1.715	-4.13	1.33	0.0854	0.021472	1.033828	-0.5115	-1.425	-2.7495	0	31	1028	1
2026-02-11	16:38:22.810	1.96	-1.785	1.925	0.097844	0.022692	1.05408	-0.51	-1.425	-2.7465	0	30	1027	1
2026-02-11	16:38:22.830	0.07	1.155	3.185	0.100772	0.005612	1.064328	-0.516	-1.4205	-2.7435	0	30	1027	1
2026-02-11	16:38:22.850	-3.255	3.675	4.34	0.08052	-0.005124	1.039684	-0.516	-1.422	-2.7495	0	30	1027	1
2026-02-11	16:38:22.870	-5.81	4.795	4.83	0.072468	-0.023424	1.0187	-0.5145	-1.4265	-2.751	0	30	1027	1
2026-02-11	16:38:22.890	-8.19	4.515	5.425	0.067832	-0.04026	1.007232	-0.5115	-1.428	-2.7465	0	30	1027	1
2026-02-11	16:38:22.910	-10.465	3.99	6.545	0.077592	-0.057096	1.021628	-0.516	-1.425	-2.7495	0	30	1027	1
2026-02-11	16:38:22.930	-12.95	4.585	8.68	0.08052	-0.069296	1.027484	-0.5145	-1.419	-2.7555	0	30	1027	1
2026-02-11	16:38:22.950	-14.945	5.74	11.41	0.057096	-0.064416	1.005768	-0.5115	-1.4235	-2.748	0	30	1027	1
2026-02-11	16:38:22.970	-15.82	5.915	14.07	0.0427	-0.06222	0.99186	-0.5205	-1.4175	-2.7495	0	30	1027	1
2026-02-11	16:38:22.990	-15.75	5.565	16.31	0.037576	-0.06734399	0.996008	-0.5115	-1.425	-2.751	0	30	1027	1
2026-02-11	16:38:23.010	-15.295	5.075	18.655	0.057828	-0.06588	0.99796	-0.5115	-1.4025	-2.757	0	30	1030	1
2026-02-11	16:38:23.030	-14.105	4.41	21.175	0.055388	-0.06222	0.980636	-0.516	-1.4085	-2.7585	0	30	1030	1
2026-02-11	16:38:23.050	-11.305	3.255	23.03	0.045384	-0.062708	0.962336	-0.5115	-1.404	-2.757	0	30	1030	1
2026-02-11	16:38:23.070	-8.05	1.75	24.08	0.039284	-0.074176	0.964288	-0.513	-1.4055	-2.76	0	30	1030	1
2026-02-11	16:38:23.090	-5.25	0.14	24.92	0.051972	-0.079788	0.9699	-0.5115	-1.413	-2.76	0	30	1030	1
2026-02-11	16:38:23.110	-2.38	-2.135	27.195	0.059292	-0.076128	0.982344	-0.5115	-1.413	-2.76	0	30	1030	1
2026-02-11	16:38:23.130	-1.225	-3.5	29.085	0.058072	-0.071004	0.992592	-0.513	-1.404	-2.757	0	30	1030	1
2026-02-11	16:38:23.150	-0.945	-4.41	31.115	0.0549	-0.068808	1.009184	-0.513	-1.398	-2.7555	0	30	1030	1
2026-02-11	16:38:23.170	-1.645	-4.725	33.075	0.05978	-0.05978	1.011136	-0.513	-1.3995	-2.754	0	30	1030	1
2026-02-11	16:38:23.190	-2.1	-4.375	34.79	0.042212	-0.05124	0.998936	-0.5205	-1.398	-2.7555	0	30	1030	1
2026-02-11	16:38:23.210	-1.54	-4.41	36.12	0.047824	-0.046604	0.99796	-0.528	-1.392	-2.757	0	31	1030	1
2026-02-11	16:38:23.230	-1.225	-4.725	37.135	0.051972	-0.039772	0.994056	-0.528	-1.389	-2.757	0	31	1030	1
2026-02-11	16:38:23.250	-1.645	-4.97	37.065	0.054412	-0.028792	0.983564	-0.525	-1.3905	-2.757	0	31	1030	1
2026-02-11	16:38:23.270	-1.925	-5.25	35.875	0.042944	-0.021228	0.976	-0.528	-1.383	-2.7555	0	31	1030	1
2026-02-11	16:38:23.290	-1.75	-5.985	33.88	0.034648	-0.01708	0.977464	-0.531	-1.383	-2.7555	0	31	1030	1
2026-02-11	16:38:23.310	-1.575	-7.035	31.465	0.037332	-0.024156	0.992104	-0.5325	-1.3845	-2.7555	0	31	1030	1
2026-02-11	16:38:23.330	-2.065	-7.63	29.26	0.029524	-0.027816	1.005036	-0.534	-1.38	-2.7525	0	31	1030	1
2026-02-11	16:38:23.350	-3.115	-7.595	27.335	0.02074	-0.038796	1.022848	-0.54	-1.374	-2.7525	0	31	1030	1
2026-02-11	16:38:23.370	-4.69	-7.14	25.2	0.024888	-0.050752	1.028948	-0.5445	-1.368	-2.757	0	31	1030	1
2026-02-11	16:38:23.390	-5.46	-6.335	23.835	0.031964	-0.0549	1.018212	-0.5445	-1.368	-2.757	0	31	1030	1
2026-02-11	16:38:23.410	-4.97	-5.95	23.1	0.02684	-0.058804	1.011136	-0.543	-1.368	-2.7555	0	32	1028	1
2026-02-11	16:38:23.430	-3.29	-6.44	22.155	0.022936	-0.057096	0.993812	-0.5475	-1.368	-2.751	0	32	1028	1
2026-02-11	16:38:23.450	1.645	-6.93	20.02	0.040016	-0.051728	1.005036	-0.5505	-1.368	-2.751	0	32	1028	1
2026-02-11	16:38:23.470	5.355	-5.915	19.25	0.043188	-0.045384	1.015772	-0.5475	-1.3665	-2.7525	0	32	1028	1
2026-02-11	16:38:23.490	5.18	-4.97	20.195	0.029768	-0.040992	1.015284	-0.552	-1.368	-2.748	0	32	1028	1
2026-02-11	16:38:23.510	3.78	-4.69	20.405	0.027084	-0.038796	1.029924	-0.5505	-1.3665	-2.745	0	32	1028	1
2026-02-11	16:38:23.530	3.045	-3.815	18.795	0.04392	-0.037576	1.041636	-0.5535	-1.3665	-2.745	0	32	1028	1
2026-02-11	16:38:23.550	3.115	-2.135	16.695	0.03904	-0.02684	1.01992	-0.558	-1.368	-2.7435	0	32	1028	1
2026-02-11	16:38:23.570	3.01	-0.98	15.4	0.02684	-0.0122	0.995764	-0.5595	-1.3605	-2.742	0	32	1028	1
2026-02-11	16:38:23.590	2.66	-1.19	14.28	0.037332	-0.021716	1.004304	-0.5565	-1.362	-2.7435	0	32	1028	1
2026-02-11	16:38:23.610	2.555	-1.085	12.67	0.024156	-0.017812	1.007476	-0.552	-1.362	-2.745	0	33	1027	1
2026-02-11	16:38:23.630	3.08	0.035	10.255	0.025376	-0.01098	1.025776	-0.555	-1.3605	-2.742	0	33	1027	1
2026-02-11	16:38:23.650	3.85	1.89	5.985	0.021472	-0.004392	1.016748	-0.558	-1.365	-2.739	0	33	1027	1
2026-02-11	16:38:23.670	4.27	2.38	3.22	0.02562	0.000488	1.01504	-0.5595	-1.356	-2.7405	0	33	1027	1
2026-02-11	16:38:23.690	4.235	2.66	0.28	0.023912	-0.000488	1.020164	-0.561	-1.3605	-2.748	0	33	1027	1
2026-02-11	16:38:23.710	3.29	2.835	-2.625	0.03172	-0.002928	1.030412	-0.555	-1.365	-2.7495	0	33	1027	1
2026-02-11	16:38:23.730	1.68	3.115	-5.46	0.05002	-0.0122	1.030168	-0.561	-1.368	-2.7435	0	33	1027	1
2026-02-11	16:38:23.750	0.42	4.165	-8.225	0.051972	-0.003904	0.99674	-0.5475	-1.3635	-2.745	0	33	1027	1
2026-02-11	16:38:23.770	0.7	5.04	-11.48	0.039772	0.003904	0.966972	-0.5535	-1.3635	-2.751	0	33	1027	1
2026-02-11	16:38:23.790	1.785	5.04	-14.91	0.050996	0.000732	0.970388	-0.5595	-1.3605	-2.745	0	33	1027	1
2026-02-11	16:38:23.810	2.1	4.725	-18.095	0.047092	0	0.970388	-0.555	-1.3695	-2.745	0	34	1028	1
2026-02-11	16:38:23.830	2.345	4.165	-20.825	0.041968	0.006832	0.958676	-0.5535	-1.3695	-2.751	0	34	1028	1
2026-02-11	16:38:23.850	3.395	3.815	-23.695	0.058316	0.0122	0.968924	-0.549	-1.3725	-2.7435	0	34	1028	1
2026-02-11	16:38:23.870	4.69	3.815	-26.355	0.079788	0.014884	0.992592	-0.549	-1.368	-2.745	0	34	1028	1
2026-02-11	16:38:23.890	4.795	3.64	-28.91	0.077104	0.01952	1.001864	-0.549	-1.3755	-2.745	0	34	1028	1
2026-02-11	16:38:23.910	3.43	2.135	-31.815	0.078812	0.030012	0.987956	-0.5445	-1.3785	-2.7495	0	34	1028	1
2026-02-11	16:38:23.930	1.505	-0.595	-34.405	0.097844	0.043432	0.982588	-0.5445	-1.3785	-2.7495	0	34	1028	1
2026-02-11	16:38:23.950	0	-3.15	-35.84	0.116144	0.051972	0.99796	-0.546	-1.3725	-2.745	0	34	1028	1
2026-02-11	16:38:23.970	-1.05	-4.165	-37.065	0.11834	0.059536	1.014064	-0.5415	-1.3815	-2.739	0	34	1028	1
2026-02-11	16:38:23.990	-2.31	-3.57	-38.64	0.131272	0.07808	1.026996	-0.5385	-1.377	-2.7435	0	34	1028	1
2026-02-11	16:38:24.010	-4.13	-2.975	-40.39	0.137372	0.083204	1.030168	-0.5355	-1.38	-2.745	0	34	1027	1
2026-02-11	16:38:24.030	-6.37	-3.36	-41.895	0.139568	0.083204	1.02602	-0.537	-1.386	-2.7435	0	34	1027	1
2026-02-11	16:38:24.050	-8.225	-4.165	-42.91	0.158112	0.071492	1.03578	-0.531	-1.383	-2.748	0	34	1027	1
2026-02-11	16:38:24.070	-9.59	-4.795	-43.26	0.159332	0.064416	1.03578	-0.5355	-1.3875	-2.7525	0	34	1027	1
2026-02-11	16:38:24.090	-10.36	-6.09	-43.12	0.132736	0.057828	1.030168	-0.528	-1.386	-2.745	0	34	1027	1
2026-02-11	16:38:24.110	-10.535	-8.12	-43.085	0.117852	0.044408	1.034316	-0.54	-1.389	-2.751	0	34	1027	1
2026-02-11	16:38:24.130	-10.29	-9.38	-43.155	0.109556	0.03904	1.034804	-0.543	-1.3845	-2.7495	0	34	1027	1
2026-02-11	16:38:24.150	-8.715	-8.785	-43.435	0.09076799	0.030012	1.016016	-0.537	-1.3815	-2.76	0	34	1027	1
2026-02-11	16:38:24.170	-6.125	-6.685	-43.575	0.079544	0.028792	0.994056	-0.528	-1.3965	-2.739	0	34	1027	1
2026-02-11	16:38:24.190	-2.835	-2.625	-42	0.104676	0.022936	0.988932	-0.525	-1.3905	-2.7585	0	34	1027	1
2026-02-11	16:38:24.210	-1.715	0.455	-39.795	0.137372	0.01708	0.986492	-0.5265	-1.392	-2.7555	0	36	1028	1
2026-02-11	16:38:24.230	-1.12	3.465	-37.03	0.158844	0	0.993812	-0.528	-1.3965	-2.751	0	36	1028	1
2026-02-11	16:38:24.250	-0.945	6.02	-33.985	0.163968	-0.003172	0.98698	-0.5265	-1.395	-2.754	0	36	1028	1
2026-02-11	16:38:24.270	-0.7	8.365	-31.255	0.151036	-0.007808	0.97356	-0.5265	-1.395	-2.7525	0	36	1028	1
2026-02-11	16:38:24.290	-0.175	10.29	-28.875	0.13176	-0.018056	0.974048	-0.5205	-1.3995	-2.7525	0	36	1028	1
2026-02-11	16:38:24.310	0	12.18	-26.88	0.121268	-0.010492	0.988688	-0.5175	-1.401	-2.757	0	36	1028	1
2026-02-11	16:38:24.330	-1.12	13.79	-25.025	0.111996	-0.013176	1.016016	-0.516	-1.3995	-2.757	0	36	1028	1
2026-02-11	16:38:24.350	-3.255	14.105	-23.345	0.06222	-0.020008	1.024068	-0.5085	-1.3995	-2.7585	0	36	1028	1
2026-02-11	16:38:24.370	-5.285	12.145	-21.735	0.035136	-0.028304	1.036024	-0.5055	-1.4025	-2.7585	0	36	1028	1
2026-02-11	16:38:24.390	-6.685	9.975	-20.58	0.002196	-0.038552	1.05774	-0.507	-1.4055	-2.754	0	36	1028	1
2026-02-11	16:38:24.410	-6.685	8.26	-19.6	-0.00366	-0.044652	1.03578	-0.5055	-1.401	-2.757	0	38	1028	1
2026-02-11	16:38:24.430	-2.66	6.16	-18.2	0.015128	-0.047824	1.055788	-0.5055	-1.401	-2.76	0	38	1028	1
2026-02-11	16:38:24.450	0.035	7.385	-15.225	-0.010736	-0.0427	1.064084	-0.498	-1.401	-2.7615	0	38	1028	1
2026-02-11	16:38:24.470	-0.175	7.84	-12.04	-0.019764	-0.058072	1.072136	-0.498	-1.401	-2.7615	0	38	1028	1
2026-02-11	16:38:24.490	0.035	7.56	-8.82	0.007076	-0.072468	1.082628	-0.4995	-1.398	-2.76	0	38	1028	1
2026-02-11	16:38:24.510	-0.175	9.065	-4.655	0.012932	-0.072956	1.111664	-0.498	-1.398	-2.7555	0	38	1028	1
2026-02-11	16:38:24.530	-2.625	11.2	-0.07	0.01098	-0.074176	1.12606	-0.4935	-1.4025	-2.7585	0	38	1028	1
2026-02-11	16:38:24.550	-7.385	13.3	5.005	0.014396	-0.067588	1.1163	-0.492	-1.407	-2.7645	0	38	1028	1
2026-02-11	16:38:24.570	-11.515	15.75	10.29	0.005856	-0.055876	1.07482	-0.4905	-1.404	-2.7645	0	38	1028	1
2026-02-11	16:38:24.590	-12.845	18.06	15.12	0.008052	-0.048068	1.046516	-0.489	-1.3965	-2.7645	0	38	1028	1
2026-02-11	16:38:24.610	-13.02	18.34	19.145	0.059048	-0.063928	1.070428	-0.489	-1.3965	-2.763	0	41	1035	1
2026-02-11	16:38:24.630	-14.175	15.435	22.12	0.05002	-0.028304	1.042612	-0.483	-1.3965	-2.7705	0	41	1035	1
2026-02-11	16:38:24.650	-16.625	10.535	23.59	0.053192	-0.014396	1.033828	-0.4785	-1.392	-2.7735	0	41	1035	1
2026-02-11	16:38:24.670	-18.76	6.615	23.17	0.061	-0.016104	1.015284	-0.4785	-1.389	-2.7705	0	41	1035	1
2026-02-11	16:38:24.690	-19.46	5.18	20.895	0.075884	-0.031232	0.98088	-0.4785	-1.3875	-2.7675	0	41	1035	1
2026-02-11	16:38:24.710	-18.55	5.355	17.71	0.081984	-0.05246	0.939156	-0.48	-1.383	-2.766	0	41	1035	1
2026-02-11	16:38:24.730	-14.035	5.985	12.845	0.092476	-0.097112	0.869616	-0.4785	-1.38	-2.7675	0	41	1035	1
2026-02-11	16:38:24.750	-9.625	6.37	10.395	0.094916	-0.103456	0.86132	-0.4785	-1.38	-2.7675	0	41	1035	1
2026-02-11	16:38:24.770	-4.445	7.56	8.19	0.099796	-0.110776	0.88206	-0.4785	-1.3785	-2.7645	0	41	1035	1
2026-02-11	16:38:24.790	0.525	8.995	5.95	0.110532	-0.110776	0.930372	-0.4905	-1.374	-2.7675	0	41	1035	1
2026-02-11	16:38:24.810	4.165	8.33	4.025	0.091744	-0.106384	0.975268	-0.477	-1.3665	-2.766	0	45	1039	1
2026-02-11	16:38:24.830	5.705	6.055	2.345	0.078324	-0.102968	1.007232	-0.474	-1.3785	-2.766	0	45	1039	1
2026-02-11	16:38:24.850	5.425	4.445	0.49	0.030012	-0.098088	1.007232	-0.4785	-1.3755	-2.769	0	45	1039	1
2026-02-11	16:38:24.870	4.62	1.89	-2.03	0.004392	-0.098088	1.000888	-0.4815	-1.3695	-2.7735	0	45	1039	1
2026-02-11	16:38:24.890	4.06	-1.575	-4.655	-0.017812	-0.091744	0.973316	-0.4785	-1.371	-2.766	0	45	1039	1
2026-02-11	16:38:24.910	4.2	-4.585	-6.93	-0.01952	-0.08686399	0.965752	-0.48	-1.3785	-2.769	0	45	1039	1
2026-02-11	16:38:24.930	4.41	-6.475	-8.89	-0.0183	-0.080764	0.970632	-0.474	-1.377	-2.7705	0	45	1039	1
2026-02-11	16:38:24.950	4.27	-7.28	-10.675	-0.019032	-0.069784	0.96014	-0.4785	-1.371	-2.7705	0	45	1039	1
2026-02-11	16:38:24.970	4.62	-7.84	-12.46	-0.010248	-0.05734	0.962336	-0.4815	-1.3695	-2.766	0	45	1039	1
2026-02-11	16:38:24.990	6.125	-8.54	-14.84	0.004392	-0.04148	0.964776	-0.48	-1.374	-2.763	0	45	1039	1
2026-02-11	16:38:25.010	8.26	-8.575	-16.975	0.00122	-0.035624	0.972096	-0.483	-1.377	-2.763	0	49	1034	1
2026-02-11	16:38:25.030	7.525	-7.105	-17.71	-0.013664	-0.033428	0.981124	-0.4845	-1.377	-2.7675	0	49	1034	1
2026-02-11	16:38:25.050	4.55	-5.74	-18.34	-0.01464	-0.030744	0.985516	-0.4755	-1.3785	-2.7585	0	49	1034	1
2026-02-11	16:38:25.070	0.7	-4.34	-19.6	-0.022448	-0.027816	0.986248	-0.4755	-1.3815	-2.7675	0	49	1034	1
2026-02-11	16:38:25.090	-3.01	-3.115	-21.49	-0.02806	-0.020496	0.99308	-0.483	-1.3845	-2.7615	0	49	1034	1
2026-02-11	16:38:25.110	-6.405	-2.555	-24.08	-0.03416	-0.004148	1.011868	-0.486	-1.3785	-2.763	0	49	1034	1
2026-02-11	16:38:25.130	-8.68	-2.485	-27.16	-0.055388	-0.00488	0.984052	-0.4845	-1.3815	-2.7675	0	49	1034	1
2026-02-11	16:38:25.150	-8.96	-2.905	-30.765	-0.054656	0.003416	0.98332	-0.492	-1.3755	-2.7735	0	49	1034	1
2026-02-11	16:38:25.170	-7.84	-2.87	-34.3	-0.055876	0.003904	0.995032	-0.4905	-1.3755	-2.7675	0	49	1034	1
2026-02-11	16:38:25.190	-5.53	-1.47	-37.24	-0.06734399	-0.004636	1.008208	-0.4725	-1.374	-2.769	0	49	1034	1
2026-02-11	16:38:25.210	-3.36	1.295	-39.27	-0.076616	-0.007808	0.996008	-0.477	-1.3725	-2.769	0	53	1026	1
2026-02-11	16:38:25.230	-2.555	3.85	-40.845	-0.06344	-0.000244	1.00406	-0.4725	-1.3815	-2.7705	0	53	1026	1
2026-02-11	16:38:25.250	-2.38	6.44	-42.315	-0.034892	0.00122	1.027972	-0.4725	-1.3785	-2.7705	0	53	1026	1
2026-02-11	16:38:25.270	-2.275	9.975	-44.765	-0.04636	-0.000488	1.037488	-0.4695	-1.3875	-2.7675	0	53	1026	1
2026-02-11	16:38:25.290	-1.925	10.745	-46.9	-0.037332	-0.000488	1.053104	-0.4665	-1.3875	-2.769	0	53	1026	1
2026-02-11	16:38:25.310	-1.47	10.885	-49.14	-0.016104	-0.0061	1.072868	-0.462	-1.386	-2.772	0	53	1026	1
2026-02-11	16:38:25.330	-1.155	10.605	-51.31	-0.016104	-0.022692	1.085312	-0.462	-1.383	-2.769	0	53	1026	1
2026-02-11	16:38:25.350	0.14	11.27	-53.795	-0.0244	-0.03904	1.087752	-0.4605	-1.383	-2.763	0	53	1026	1
2026-02-11	16:38:25.370	2.45	13.51	-56.595	-0.051484	-0.055144	1.079456	-0.4515	-1.3845	-2.7675	0	53	1026	1
2026-02-11	16:38:25.390	4.515	15.68	-58.87	-0.052948	-0.057584	1.066524	-0.444	-1.3845	-2.7735	0	53	1026	1
2026-02-11	16:38:25.410	5.32	16.975	-59.465	-0.016836	-0.061	1.061644	-0.4365	-1.3845	-2.7735	0	57	1025	1
2026-02-11	16:38:25.430	4.935	18.235	-58.415	0.016104	-0.06222	1.067744	-0.4365	-1.386	-2.772	0	57	1025	1
2026-02-11	16:38:25.450	3.815	18.725	-57.015	0.038064	-0.053192	1.080676	-0.4425	-1.3905	-2.772	0	57	1025	1
2026-02-11	16:38:25.470	1.89	16.975	-55.79	0.068076	-0.057096	1.099464	-0.4365	-1.386	-2.778	0	57	1025	1
2026-02-11	16:38:25.490	-1.085	12.495	-54.67	0.108092	-0.063928	1.121668	-0.4245	-1.3875	-2.772	0	57	1025	1
2026-02-11	16:38:25.510	-4.55	8.26	-54.46	0.10492	-0.065148	1.097512	-0.426	-1.3845	-2.772	0	57	1025	1
2026-02-11	16:38:25.530	-5.145	5.81	-57.505	0.074176	-0.064416	1.012112	-0.42	-1.392	-2.7645	0	57	1025	1
2026-02-11	16:38:25.550	-2.625	4.165	-62.265	0.070516	-0.064416	0.96136	-0.42	-1.392	-2.7645	0	57	1025	1
2026-02-11	16:38:25.570	-0.35	3.57	-65.24	0.103944	-0.07124799	0.961604	-0.414	-1.3905	-2.769	0	57	1025	1
2026-02-11	16:38:25.590	0.7	4.69	-67.095	0.133956	-0.062952	0.974292	-0.408	-1.3875	-2.7735	0	57	1025	1
2026-02-11	16:38:25.610	0.98	7.91	-68.25	0.151036	-0.055144	0.988932	-0.4035	-1.386	-2.7735	0	60	1033	1
2026-02-11	16:38:25.630	-0.035	11.865	-68.565	0.149572	-0.046116	0.988688	-0.399	-1.386	-2.772	0	60	1033	1
2026-02-11	16:38:25.650	-1.82	14.49	-68.285	0.148108	-0.032208	0.986492	-0.396	-1.389	-2.775	0	60	1033	1
2026-02-11	16:38:25.670	-3.185	15.61	-68.32	0.168848	-0.029036	1.009916	-0.39	-1.389	-2.772	0	60	1033	1
2026-02-11	16:38:25.690	-4.27	16.17	-68.46	0.178608	-0.023912	1.0065	-0.3885	-1.386	-2.7705	0	60	1033	1
2026-02-11	16:38:25.710	-5.005	15.61	-68.67	0.169824	-0.021228	0.990884	-0.3885	-1.386	-2.778	0	60	1033	1
2026-02-11	16:38:25.730	-4.655	14.035	-68.67	0.162504	-0.014396	0.989176	-0.3795	-1.386	-2.778	0	60	1033	1
2026-02-11	16:38:25.750	-3.36	12.285	-68.74	0.138104	-0.006344	0.976976	-0.372	-1.3815	-2.775	0	60	1033	1
2026-02-11	16:38:25.770	-1.015	10.57	-69.405	0.121268	0.000488	0.960872	-0.372	-1.383	-2.778	0	60	1033	1
2026-02-11	16:38:25.790	1.925	8.645	-70.735	0.118096	-0.000976	0.977708	-0.3645	-1.383	-2.778	0	60	1033	1
2026-02-11	16:38:25.810	4.97	6.125	-72.03	0.13054	-0.020252	1.02968	-0.3555	-1.3785	-2.778	0	63	1037	1
2026-02-11	16:38:25.830	4.655	7.14	-71.715	0.130052	-0.03172	1.037732	-0.3555	-1.3785	-2.778	0	63	1037	1
2026-02-11	16:38:25.850	3.745	9.485	-70.63	0.116876	-0.035136	1.014796	-0.351	-1.371	-2.7735	0	63	1037	1
2026-02-11	16:38:25.870	3.64	10.85	-69.405	0.111996	-0.043188	1.007232	-0.3495	-1.38	-2.7705	0	63	1037	1
2026-02-11	16:38:25.890	3.78	11.655	-68.145	0.1342	-0.0488	1.01382	-0.342	-1.377	-2.7765	0	63	1037	1
2026-02-11	16:38:25.910	3.745	12.6	-67.2	0.150548	-0.041724	1.014796	-0.336	-1.374	-2.778	0	63	1037	1
2026-02-11	16:38:25.930	3.5	12.915	-66.71	0.159088	-0.040748	1.024312	-0.3315	-1.377	-2.7645	0	63	1037	1
2026-02-11	16:38:25.950	2.8	12.39	-66.36	0.155184	-0.045384	1.03456	-0.321	-1.3785	-2.7675	0	63	1037	1
2026-02-11	16:38:25.970	1.82	12.425	-65.73	0.141032	-0.052948	1.025776	-0.318	-1.374	-2.772	0	63	1037	1
2026-02-11	16:38:25.990	1.68	12.6	-64.715	0.131516	-0.066612	1.00284	-0.3195	-1.3725	-2.7735	0	63	1037	1
2026-02-11	16:38:26.010	2.415	11.445	-62.545	0.111752	-0.085644	0.99064	-0.321	-1.3725	-2.7765	0	66	1037	1
2026-02-11	16:38:26.030	2.485	9.87	-60.55	0.10492	-0.09076799	0.994056	-0.3195	-1.371	-2.7705	0	66	1037	1
2026-02-11	16:38:26.050	2.625	7.945	-57.575	0.080032	-0.088572	0.977952	-0.315	-1.3695	-2.766	0	66	1037	1
2026-02-11	16:38:26.070	5.355	6.335	-54.46	0.04758	-0.071492	0.948672	-0.312	-1.371	-2.7675	0	66	1037	1
2026-02-11	16:38:26.090	9.695	4.725	-52.36	0.035136	-0.067832	0.971608	-0.312	-1.374	-2.7675	0	66	1037	1
2026-02-11	16:38:26.110	10.99	3.465	-51.065	0.02684	-0.062708	0.99552	-0.3015	-1.3755	-2.769	0	66	1037	1
2026-02-11	16:38:26.130	10.22	2.765	-50.4	0.007076	-0.055876	0.989176	-0.303	-1.371	-2.775	0	66	1037	1
2026-02-11	16:38:26.150	9.345	1.575	-50.54	0.01098	-0.057584	0.978196	-0.291	-1.368	-2.778	0	66	1037	1
2026-02-11	16:38:26.170	8.61	-0.945	-51.17	0.020496	-0.063928	0.981368	-0.294	-1.374	-2.772	0	66	1037	1
2026-02-11	16:38:26.190	7.665	-3.43	-51.625	0.029768	-0.06954	0.984052	-0.2895	-1.3755	-2.7705	0	66	1037	1
2026-02-11	16:38:26.210	6.58	-3.78	-52.395	0.00244	-0.071492	0.975268	-0.2895	-1.3665	-2.7645	0	68	1033	1
2026-02-11	16:38:26.230	5.425	-2.485	-54.32	0.00366	-0.074176	0.970144	-0.2895	-1.368	-2.7675	0	68	1033	1
2026-02-11	16:38:26.250	3.64	-0.665	-56.385	0.00854	-0.073932	0.949404	-0.291	-1.368	-2.769	0	68	1033	1
2026-02-11	16:38:26.270	2.065	1.015	-57.89	-0.004636	-0.057584	0.913048	-0.288	-1.365	-2.769	0	68	1033	1
2026-02-11	16:38:26.290	1.82	1.96	-58.94	-0.019032	-0.056608	0.905484	-0.2865	-1.362	-2.766	0	68	1033	1
2026-02-11	16:38:26.310	2.135	1.785	-59.745	-0.033428	-0.063196	0.920124	-0.2775	-1.362	-2.7705	0	68	1033	1
2026-02-11	16:38:26.330	1.96	-0.28	-60.515	-0.03782	-0.070272	0.961116	-0.2775	-1.362	-2.7705	0	68	1033	1
2026-02-11	16:38:26.350	1.155	-5.775	-61.25	-0.057828	-0.06588	1.01626	-0.2745	-1.3605	-2.769	0	68	1033	1
2026-02-11	16:38:26.370	1.225	-10.255	-62.195	-0.073688	-0.075396	1.029436	-0.273	-1.359	-2.7705	0	68	1033	1
2026-02-11	16:38:26.390	0.98	-14.385	-63.805	-0.092232	-0.087596	1.037244	-0.276	-1.3575	-2.772	0	68	1033	1
2026-02-11	16:38:26.410	0.245	-18.165	-65.905	-0.083936	-0.102236	1.026264	-0.2775	-1.3575	-2.775	0	70	1026	1
2026-02-11	16:38:26.430	-0.84	-20.895	-67.445	-0.056608	-0.105408	1.017236	-0.276	-1.356	-2.772	0	70	1026	1
2026-02-11	16:38:26.450	-1.61	-22.505	-67.76	-0.00488	-0.111508	1.01626	-0.2775	-1.3515	-2.769	0	70	1026	1
2026-02-11	16:38:26.470	-2.66	-23.275	-66.71	0.038552	-0.115168	1.030168	-0.2775	-1.35	-2.7705	0	70	1026	1
2026-02-11	16:38:26.490	-3.99	-22.82	-64.89	0.065392	-0.130296	1.03944	-0.276	-1.347	-2.7675	0	70	1026	1
2026-02-11	16:38:26.510	-4.97	-20.16	-62.72	0.067832	-0.15616	1.054568	-0.276	-1.3305	-2.769	0	70	1026	1
2026-02-11	16:38:26.530	-4.585	-13.475	-60.48	0.040016	-0.159576	1.011624	-0.2775	-1.32	-2.7705	0	70	1026	1
2026-02-11	16:38:26.550	-2.625	-5.53	-58.905	0.010492	-0.156648	0.976	-0.279	-1.3335	-2.7765	0	70	1026	1
2026-02-11	16:38:26.570	-0.175	1.155	-59.08	-0.004636	-0.12932	0.970632	-0.2655	-1.3335	-2.769	0	70	1026	1
2026-02-11	16:38:26.590	1.225	5.845	-60.935	-0.003904	-0.116144	0.996008	-0.2745	-1.3245	-2.772	0	70	1026	1
2026-02-11	16:38:26.610	1.05	11.165	-64.61	-0.009028	-0.117364	1.030412	-0.2715	-1.3245	-2.7675	0	71	1022	1
2026-02-11	16:38:26.630	0.07	15.47	-68.11	-0.011712	-0.115412	1.036512	-0.2715	-1.3245	-2.7675	0	71	1022	1
2026-02-11	16:38:26.650	-0.49	16.03	-69.58	0.000244	-0.121024	1.030656	-0.267	-1.323	-2.7675	0	71	1022	1
2026-02-11	16:38:26.670	-0.455	13.475	-69.09	-0.008052	-0.148596	1.029192	-0.264	-1.32	-2.7645	0	71	1022	1
2026-02-11	16:38:26.690	-0.21	8.96	-66.885	0.02562	-0.165676	1.045784	-0.264	-1.32	-2.7645	0	71	1022	1
2026-02-11	16:38:26.710	0.49	5.04	-63.595	0.037332	-0.160552	1.03578	-0.2565	-1.3185	-2.769	0	71	1022	1
2026-02-11	16:38:26.730	2.87	2.415	-60.76	0.026596	-0.161528	1.0126	-0.2565	-1.3095	-2.7675	0	71	1022	1
2026-02-11	16:38:26.750	6.65	1.365	-58.52	0.033672	-0.153964	1.003328	-0.2565	-1.3065	-2.766	0	71	1022	1
2026-02-11	16:38:26.770	10.29	2.135	-55.965	0.067588	-0.153232	1.026264	-0.2505	-1.305	-2.769	0	71	1022	1
2026-02-11	16:38:26.790	11.235	3.29	-51.975	0.106628	-0.14274	1.027972	-0.246	-1.302	-2.7675	0	71	1022	1
2026-02-11	16:38:26.810	9.87	3.535	-46.9	0.121756	-0.13908	1.025776	-0.2415	-1.305	-2.766	0	72	1024	1
2026-02-11	16:38:26.830	7.245	4.025	-41.685	0.147132	-0.14274	1.045052	-0.24	-1.3035	-2.7645	0	72	1024	1
2026-02-11	16:38:26.850	3.92	5.18	-36.785	0.149816	-0.15372	1.047004	-0.2415	-1.299	-2.763	0	72	1024	1
2026-02-11	16:38:26.870	0.595	6.195	-32.62	0.102236	-0.155916	1.01138	-0.237	-1.299	-2.76	0	72	1024	1
2026-02-11	16:38:26.890	-1.47	6.23	-29.05	0.058804	-0.151036	0.97722	-0.231	-1.3005	-2.757	0	72	1024	1
2026-02-11	16:38:26.910	-1.4	6.02	-27.23	0.048068	-0.139812	0.964776	-0.231	-1.3005	-2.757	0	72	1024	1
2026-02-11	16:38:26.930	-0.63	5.845	-25.27	0.045872	-0.13664	0.981856	-0.24	-1.299	-2.754	0	72	1024	1
2026-02-11	16:38:26.950	0.07	5.775	-23.17	0.02196	-0.115168	0.974536	-0.2235	-1.2945	-2.76	0	72	1024	1
2026-02-11	16:38:26.970	1.015	4.76	-21.28	0.01952	-0.106872	0.97356	-0.231	-1.29	-2.757	0	72	1024	1
2026-02-11	16:38:26.990	1.19	2.17	-19.39	0.023912	-0.116388	0.98698	-0.222	-1.2975	-2.7645	0	72	1024	1
2026-02-11	16:38:27.010	0.245	-0.245	-17.71	0.035136	-0.116388	0.981124	-0.2355	-1.296	-2.7615	0	73	1026	1
2026-02-11	16:38:27.030	-0.07	-1.785	-16.73	0.03904	-0.101016	0.965996	-0.234	-1.299	-2.7615	0	73	1026	1
2026-02-11	16:38:27.050	0.315	-3.92	-16.275	0.051728	-0.084424	0.9699	-0.237	-1.296	-2.763	0	73	1026	1
2026-02-11	16:38:27.070	0.42	-6.265	-15.61	0.063196	-0.078812	0.98088	-0.24	-1.2855	-2.7675	0	73	1026	1
2026-02-11	16:38:27.090	0.14	-7.945	-14.735	0.062708	-0.066124	0.99064	-0.237	-1.287	-2.766	0	73	1026	1
2026-02-11	16:38:27.110	-0.21	-8.47	-14.035	0.085644	-0.056608	1.008452	-0.2355	-1.2915	-2.7645	0	73	1026	1
2026-02-11	16:38:27.130	-1.12	-8.435	-13.23	0.088816	-0.042456	1.018456	-0.2385	-1.29	-2.7615	0	73	1026	1
2026-02-11	16:38:27.150	-2.87	-8.505	-12.215	0.081252	-0.045384	1.007476	-0.2415	-1.29	-2.7585	0	73	1026	1
2026-02-11	16:38:27.170	-4.2	-8.505	-11.585	0.062464	-0.031232	0.991372	-0.243	-1.293	-2.7585	0	73	1026	1
2026-02-11	16:38:27.190	-3.955	-9.205	-11.655	0.06832	-0.019276	0.999912	-0.2325	-1.287	-2.7645	0	73	1026	1
2026-02-11	16:38:27.210	-3.57	-9.975	-12.005	0.082472	-0.026352	1.02968	-0.237	-1.2885	-2.7615	0	72	1027	1
2026-02-11	16:38:27.230	-3.5	-9.205	-12.565	0.083448	-0.032452	1.035048	-0.24	-1.2885	-2.7675	0	72	1027	1
2026-02-11	16:38:27.250	-2.625	-7.56	-13.825	0.054168	-0.03172	1.017236	-0.2475	-1.287	-2.7615	0	72	1027	1
2026-02-11	16:38:27.270	-0.56	-6.72	-15.4	0.051972	-0.037576	1.00772	-0.24	-1.281	-2.763	0	72	1027	1
2026-02-11	16:38:27.290	0.91	-6.265	-16.415	0.05734	-0.036112	1.025776	-0.2415	-1.284	-2.763	0	72	1027	1
2026-02-11	16:38:27.310	0.91	-5.04	-16.835	0.067588	-0.045384	1.048224	-0.243	-1.2825	-2.7675	0	72	1027	1
2026-02-11	16:38:27.330	0.14	-3.045	-17.22	0.070272	-0.036844	1.046272	-0.2415	-1.272	-2.766	0	72	1027	1
2026-02-11	16:38:27.350	-0.14	-1.365	-18.06	0.058072	-0.030988	1.034316	-0.24	-1.275	-2.7585	0	72	1027	1
2026-02-11	16:38:27.370	0.175	-0.595	-19.04	0.055632	-0.03416	1.038464	-0.249	-1.2735	-2.7705	0	72	1027	1
2026-02-11	16:38:27.390	0.875	0.42	-19.88	0.053436	-0.030256	1.048468	-0.2415	-1.281	-2.775	0	72	1027	1
2026-02-11	16:38:27.410	1.785	2.59	-20.93	0.045872	-0.023912	1.036756	-0.249	-1.263	-2.769	0	71	1027	1
2026-02-11	16:38:27.430	2.275	5.845	-22.645	0.050752	-0.02074	1.034072	-0.24	-1.269	-2.76	0	71	1027	1
2026-02-11	16:38:27.450	1.435	7.805	-22.925	0.051484	-0.010248	1.007964	-0.24	-1.2765	-2.7615	0	71	1027	1
2026-02-11	16:38:27.470	1.225	9.065	-23.275	0.041968	0.004392	0.979416	-0.24	-1.278	-2.7645	0	71	1027	1
2026-02-11	16:38:27.490	1.75	8.75	-24.71	0.030988	-0.000976	0.974536	-0.2355	-1.272	-2.766	0	71	1027	1
2026-02-11	16:38:27.510	2.31	7.91	-26.81	0.033672	0.000244	0.975268	-0.237	-1.269	-2.7645	0	71	1027	1
2026-02-11	16:38:27.530	3.045	6.86	-29.26	0.04148	-0.001464	0.991616	-0.2415	-1.269	-2.763	0	71	1027	1
2026-02-11	16:38:27.550	4.095	5.46	-31.815	0.055144	0.008784	0.979904	-0.2355	-1.269	-2.7645	0	71	1027	1
2026-02-11	16:38:27.570	6.02	3.22	-34.125	0.062708	0.031232	0.973072	-0.2325	-1.2705	-2.7645	0	71	1027	1
2026-02-11	16:38:27.590	8.225	1.82	-36.33	0.064416	0.035624	1.005768	-0.2325	-1.2735	-2.763	0	71	1027	1
2026-02-11	16:38:27.610	7.91	1.75	-37.275	0.059292	0.032208	1.012356	-0.2355	-1.275	-2.7645	0	70	1029	1
2026-02-11	16:38:27.630	5.705	0.595	-37.555	0.054168	0.042944	0.998448	-0.2295	-1.2675	-2.766	0	70	1029	1
2026-02-11	16:38:27.650	4.34	-1.54	-38.675	0.049776	0.051484	0.989664	-0.231	-1.263	-2.763	0	70	1029	1
2026-02-11	16:38:27.670	4.655	-2.52	-40.95	0.062464	0.069784	1.013088	-0.2325	-1.2675	-2.7675	0	70	1029	1
2026-02-11	16:38:27.690	5.32	-3.5	-44.765	0.105896	0.08174	1.023092	-0.2325	-1.272	-2.76	0	70	1029	1
2026-02-11	16:38:27.710	6.51	-5.775	-48.79	0.10004	0.100284	1.0004	-0.2325	-1.272	-2.76	0	70	1029	1
2026-02-11	16:38:27.730	8.47	-8.12	-52.08	0.08906	0.088572	1.015284	-0.234	-1.266	-2.7585	0	70	1029	1
2026-02-11	16:38:27.750	8.715	-9.065	-54.285	0.092476	0.057096	1.077504	-0.234	-1.2585	-2.757	0	70	1029	1
2026-02-11	16:38:27.770	2.905	-4.515	-52.64	0.08052	0.04636	1.104588	-0.237	-1.26	-2.7585	0	70	1029	1
2026-02-11	16:38:27.790	-5.985	0.49	-49.315	0.06734399	0.039772	1.058472	-0.237	-1.2555	-2.7585	0	70	1029	1
2026-02-11	16:38:27.810	-12.39	4.585	-46.06	0.058804	0.053924	1.018944	-0.2385	-1.2495	-2.757	0	68	1030	1
2026-02-11	16:38:27.830	-15.61	8.435	-43.505	0.065148	0.058804	1.026264	-0.24	-1.251	-2.76	0	68	1030	1
2026-02-11	16:38:27.850	-18.375	11.375	-40.95	0.091744	0.050996	1.065792	-0.231	-1.248	-2.76	0	68	1030	1
2026-02-11	16:38:27.870	-21.665	14.07	-38.745	0.093696	0.037332	1.076528	-0.228	-1.2375	-2.757	0	68	1030	1
2026-02-11	16:38:27.890	-23.835	17.185	-37.73	0.065392	0.039284	1.021628	-0.231	-1.2345	-2.754	0	68	1030	1
2026-02-11	16:38:27.910	-22.19	17.325	-38.885	0.058072	0.041968	0.941596	-0.2265	-1.2285	-2.7555	0	68	1030	1
2026-02-11	16:38:27.930	-15.085	11.69	-41.685	0.109312	0.046116	0.928908	-0.225	-1.218	-2.757	0	68	1030	1
2026-02-11	16:38:27.950	-6.265	6.72	-43.365	0.124684	0.043676	0.974536	-0.2235	-1.212	-2.7555	0	68	1030	1
2026-02-11	16:38:27.970	-1.33	5.39	-42.56	0.09394	0.02806	1.012844	-0.2205	-1.2075	-2.757	0	68	1030	1
2026-02-11	16:38:27.990	-1.435	3.64	-40.95	0.071736	0.030012	1.016504	-0.2205	-1.2075	-2.757	0	68	1030	1
2026-02-11	16:38:28.010	-3.08	2.135	-39.865	0.0854	0.03294	1.016748	-0.219	-1.2135	-2.757	0	68	1033	1
2026-02-11	16:38:28.030	-4.2	2.065	-39.34	0.099064	0.03416	1.050908	-0.225	-1.206	-2.751	0	68	1033	1
2026-02-11	16:38:28.050	-5.88	6.02	-38.535	0.087596	0.050752	1.03944	-0.2175	-1.1985	-2.7495	0	68	1033	1
2026-02-11	16:38:28.070	-7.175	10.36	-37.835	0.08295999	0.052948	1.004304	-0.2205	-1.197	-2.748	0	68	1033	1
2026-02-11	16:38:28.090	-7.525	11.655	-37.205	0.0976	0.04636	1.00406	-0.222	-1.1985	-2.742	0	68	1033	1
2026-02-11	16:38:28.110	-7.7	11.165	-35.245	0.105408	0.018056	1.026264	-0.2145	-1.1925	-2.7405	0	68	1033	1
2026-02-11	16:38:28.130	-8.015	11.585	-31.185	0.130296	0.002684	1.063352	-0.2115	-1.1925	-2.745	0	68	1033	1
2026-02-11	16:38:28.150	-8.435	13.055	-26.775	0.116632	0.00244	1.037	-0.2115	-1.1925	-2.745	0	68	1033	1
2026-02-11	16:38:28.170	-8.225	13.58	-23.38	0.074664	0.000732	0.996252	-0.213	-1.188	-2.7435	0	68	1033	1
2026-02-11	16:38:28.190	-6.825	11.375	-20.93	0.05002	-0.023424	0.966728	-0.207	-1.1805	-2.742	0	68	1033	1
2026-02-11	16:38:28.210	-4.375	6.545	-19.25	0.034404	-0.051728	0.941352	-0.207	-1.1805	-2.742	0	67	1034	1
2026-02-11	16:38:28.230	-1.05	-0.07	-17.955	0.031964	-0.074176	0.93208	-0.2115	-1.182	-2.7405	0	67	1034	1
2026-02-11	16:38:28.250	3.29	-6.23	-16.695	0.016836	-0.071004	0.903532	-0.213	-1.1805	-2.739	0	67	1034	1
2026-02-11	16:38:28.270	7.245	-11.095	-14.98	0.078324	-0.074908	0.95282	-0.2145	-1.1745	-2.736	0	67	1034	1
2026-02-11	16:38:28.290	10.08	-14.35	-12.46	0.117608	-0.094428	0.988444	-0.204	-1.167	-2.742	0	67	1034	1
2026-02-11	16:38:28.310	12.32	-16.03	-10.43	0.098088	-0.100284	0.977708	-0.2115	-1.1655	-2.754	0	67	1034	1
2026-02-11	16:38:28.330	14.735	-16.8	-9.94	0.087596	-0.104676	0.965752	-0.2145	-1.1715	-2.742	0	67	1034	1
2026-02-11	16:38:28.350	16.24	-17.71	-10.15	0.101504	-0.107848	0.954772	-0.216	-1.1715	-2.7405	0	67	1034	1
2026-02-11	16:38:28.370	16.835	-19.005	-10.745	0.106384	-0.112484	0.947696	-0.2175	-1.1745	-2.739	0	67	1034	1
2026-02-11	16:38:28.390	16.905	-19.215	-11.13	0.120536	-0.118096	0.972584	-0.216	-1.173	-2.745	0	67	1034	1
2026-02-11	16:38:28.410	16.135	-17.36	-10.92	0.122976	-0.128344	1.023092	-0.2205	-1.1805	-2.7435	0	66	1030	1
2026-02-11	16:38:28.430	13.895	-14.385	-10.325	0.101748	-0.115168	1.028704	-0.2235	-1.185	-2.7465	0	66	1030	1
2026-02-11	16:38:28.450	12.81	-12.32	-11.41	0.055876	-0.108092	1.037732	-0.225	-1.185	-2.754	0	66	1030	1
2026-02-11	16:38:28.470	12.32	-10.22	-14.63	0.023424	-0.101016	1.055544	-0.2385	-1.1745	-2.751	0	66	1030	1
2026-02-11	16:38:28.490	10.675	-8.855	-18.025	0	-0.093452	1.037732	-0.234	-1.1745	-2.7435	0	66	1030	1
2026-02-11	16:38:28.510	8.295	-9.73	-22.225	0.006588	-0.087596	1.036268	-0.2355	-1.176	-2.757	0	66	1030	1
2026-02-11	16:38:28.530	6.335	-9.275	-25.655	0.031476	-0.087352	1.054324	-0.2355	-1.179	-2.748	0	66	1030	1
2026-02-11	16:38:28.550	4.795	-6.825	-26.67	0.029524	-0.078568	1.064572	-0.234	-1.1835	-2.7435	0	66	1030	1
2026-02-11	16:38:28.570	2.24	-4.585	-26.425	0.040504	-0.073444	1.073844	-0.2355	-1.182	-2.7465	0	66	1030	1
2026-02-11	16:38:28.590	-1.435	-3.15	-26.145	0.040504	-0.067588	1.065548	-0.24	-1.179	-2.745	0	66	1030	1
2026-02-11	16:38:28.610	-4.13	-0.84	-26.005	0.030744	-0.051972	1.04798	-0.2415	-1.1775	-2.745	0	67	1028	1
2026-02-11	16:38:28.630	-5.355	2.87	-25.97	0.050508	-0.047092	1.064328	-0.2415	-1.1745	-2.748	0	67	1028	1
2026-02-11	16:38:28.650	-6.265	6.93	-25.935	0.055632	-0.040016	1.050176	-0.24	-1.1715	-2.751	0	67	1028	1
2026-02-11	16:38:28.670	-5.985	10.36	-26.635	0.040748	-0.031232	1.019432	-0.249	-1.182	-2.745	0	67	1028	1
2026-02-11	16:38:28.690	-4.9	12.74	-27.79	0.033672	-0.029768	1.012356	-0.2415	-1.1595	-2.748	0	67	1028	1
2026-02-11	16:38:28.710	-4.375	14.455	-28.455	0.042212	-0.027328	1.022116	-0.237	-1.1655	-2.7495	0	67	1028	1
2026-02-11	16:38:28.730	-3.92	16.31	-29.015	0.042456	-0.024156	1.024556	-0.237	-1.173	-2.7495	0	67	1028	1
2026-02-11	16:38:28.750	-3.64	18.69	-29.855	0.031476	-0.014396	1.018212	-0.2385	-1.161	-2.7525	0	67	1028	1
2026-02-11	16:38:28.770	-4.375	20.195	-29.96	0.020496	-0.014152	1.012844	-0.2445	-1.1535	-2.745	0	67	1028	1
2026-02-11	16:38:28.790	-6.79	20.51	-30.1	0.007808	-0.01098	1.008452	-0.2445	-1.1535	-2.745	0	67	1028	1
2026-02-11	16:38:28.810	-8.12	20.37	-30.73	0.010492	-0.010492	1.005524	-0.2325	-1.1475	-2.745	0	67	1032	1
2026-02-11	16:38:28.830	-8.925	20.44	-30.905	0.008052	-0.003172	0.986004	-0.222	-1.1445	-2.7435	0	67	1032	1
2026-02-11	16:38:28.850	-9.065	19.495	-30.94	0.000244	0.008052	0.960872	-0.2265	-1.146	-2.7375	0	67	1032	1
2026-02-11	16:38:28.870	-8.47	17.5	-31.15	-0.001708	0.013664	0.950868	-0.2265	-1.1445	-2.733	0	67	1032	1
2026-02-11	16:38:28.890	-7.455	15.4	-31.08	-0.003904	0.007808	0.958432	-0.225	-1.146	-2.7315	0	67	1032	1
2026-02-11	16:38:28.910	-6.265	13.895	-30.45	-0.011224	0.00976	0.952088	-0.222	-1.1385	-2.73	0	67	1032	1
2026-02-11	16:38:28.930	-4.515	12.705	-29.925	-0.02074	0.007808	0.943304	-0.219	-1.131	-2.733	0	67	1032	1
2026-02-11	16:38:28.950	-2.45	11.69	-29.61	-0.029768	0.008784	0.934276	-0.2175	-1.1325	-2.7345	0	67	1032	1
2026-02-11	16:38:28.970	-0.7	10.29	-29.19	-0.035136	0.014884	0.936472	-0.219	-1.1325	-2.7315	0	67	1032	1
2026-02-11	16:38:28.990	0.385	8.26	-28.805	-0.035624	0.02562	0.947208	-0.2235	-1.1295	-2.7315	0	67	1032	1
2026-02-11	16:38:29.010	1.33	6.16	-28.595	-0.042212	0.030744	0.967948	-0.222	-1.128	-2.7345	0	68	1031	1
2026-02-11	16:38:29.030	1.75	4.76	-28.35	-0.039772	0.037088	0.987712	-0.2205	-1.122	-2.7375	0	68	1031	1
2026-02-11	16:38:29.050	1.33	4.235	-27.965	-0.0549	0.037332	1.006744	-0.219	-1.116	-2.7405	0	68	1031	1
2026-02-11	16:38:29.070	1.715	4.76	-28.385	-0.047824	0.03904	0.999668	-0.219	-1.116	-2.7405	0	68	1031	1
2026-02-11	16:38:29.090	3.64	6.335	-29.575	-0.042456	0.03782	0.99552	-0.222	-1.1205	-2.727	0	68	1031	1
2026-02-11	16:38:29.110	6.16	8.295	-30.17	-0.033672	0.032208	0.998204	-0.225	-1.119	-2.724	0	68	1031	1
2026-02-11	16:38:29.130	8.54	10.43	-30.135	-0.049044	0.024156	1.000644	-0.222	-1.1145	-2.724	0	68	1031	1
2026-02-11	16:38:29.150	10.955	12.985	-30.135	-0.055144	0.016348	1.004792	-0.222	-1.11	-2.7285	0	68	1031	1
2026-02-11	16:38:29.170	13.195	15.575	-29.365	-0.034648	0.014884	1.029924	-0.222	-1.1115	-2.727	0	68	1031	1
2026-02-11	16:38:29.190	14.245	16.66	-27.125	0.012444	-0.000976	1.110688	-0.219	-1.1085	-2.7225	0	68	1031	1
2026-02-11	16:38:29.210	11.375	15.12	-23.135	0.022692	-0.020252	1.14924	-0.2205	-1.11	-2.721	0	68	1028	1
2026-02-11	16:38:29.230	7.875	11.76	-20.51	-0.019032	-0.02684	1.100928	-0.2205	-1.1115	-2.724	0	68	1028	1
2026-02-11	16:38:29.250	8.12	10.01	-20.615	-0.037576	-0.040504	1.064328	-0.219	-1.11	-2.7255	0	68	1028	1
2026-02-11	16:38:29.270	9.52	9.555	-20.755	-0.036112	-0.060024	1.033584	-0.2175	-1.11	-2.7255	0	68	1028	1
2026-02-11	16:38:29.290	10.22	6.16	-19.845	-0.021472	-0.071736	1.013088	-0.216	-1.1115	-2.721	0	68	1028	1
2026-02-11	16:38:29.310	10.57	0.665	-18.62	0.017568	-0.08295999	1.012844	-0.219	-1.1115	-2.7225	0	68	1028	1
2026-02-11	16:38:29.330	11.83	-2.905	-17.5	0.019032	-0.07515199	1.001376	-0.2235	-1.1115	-2.727	0	68	1028	1
2026-02-11	16:38:29.350	13.685	-2.38	-17.71	0.012932	-0.06344	0.975024	-0.225	-1.116	-2.7315	0	68	1028	1
2026-02-11	16:38:29.370	16.73	-1.05	-18.725	-0.012444	-0.046848	0.937448	-0.2265	-1.107	-2.739	0	68	1028	1
2026-02-11	16:38:29.390	20.895	0.735	-20.37	-0.00854	-0.033428	0.930372	-0.2205	-1.1055	-2.7285	0	68	1028	1
2026-02-11	16:38:29.410	23.73	2.31	-21.595	-0.003904	-0.023668	0.960872	-0.2385	-1.107	-2.721	0	68	1029	1
2026-02-11	16:38:29.430	22.925	1.785	-21.455	0.018056	-0.020252	1.021872	-0.2265	-1.119	-2.7225	0	68	1029	1
2026-02-11	16:38:29.450	17.955	-0.595	-20.265	0.041724	-0.031476	1.084092	-0.231	-1.116	-2.73	0	68	1029	1
2026-02-11	16:38:29.470	10.22	-3.325	-19.355	0.054412	-0.04636	1.105076	-0.2295	-1.1145	-2.7285	0	68	1029	1
2026-02-11	16:38:29.490	2.45	-5.39	-18.865	0.055876	-0.056364	1.091656	-0.2265	-1.1235	-2.733	0	68	1029	1
2026-02-11	16:38:29.510	-3.08	-6.195	-19.075	0.03172	-0.06466	1.041392	-0.2415	-1.1205	-2.736	0	68	1029	1
2026-02-11	16:38:29.530	-5.215	-6.72	-20.545	0.003172	-0.072712	0.985028	-0.243	-1.116	-2.736	0	68	1029	1
2026-02-11	16:38:29.550	-5.25	-8.26	-22.89	0.009516	-0.07564	0.963068	-0.2385	-1.116	-2.7405	0	68	1029	1
2026-02-11	16:38:29.570	-5.46	-10.43	-24.43	0.02928	-0.06466	0.964776	-0.24	-1.1205	-2.7345	0	68	1029	1
2026-02-11	16:38:29.590	-6.405	-11.515	-24.57	0.060024	-0.056852	0.993568	-0.2385	-1.1085	-2.727	0	68	1029	1
2026-02-11	16:38:29.610	-7.98	-9.17	-23.415	0.072468	-0.055388	1.014796	-0.243	-1.1025	-2.73	0	69	1031	1
2026-02-11	16:38:29.630	-9.94	-5.915	-21.455	0.064904	-0.053436	1.02236	-0.2475	-1.1025	-2.73	0	69	1031	1
2026-02-11	16:38:29.650	-12.845	-3.64	-18.76	0.057828	-0.06466	1.023824	-0.246	-1.1025	-2.73	0	69	1031	1
2026-02-11	16:38:29.670	-15.89	-2.38	-15.89	0.064172	-0.073932	1.021872	-0.2475	-1.0935	-2.7345	0	69	1031	1
2026-02-11	16:38:29.690	-18.2	-0.98	-12.67	0.071736	-0.078812	1.005036	-0.2505	-1.092	-2.7285	0	69	1031	1
2026-02-11	16:38:29.710	-19.145	0	-8.785	0.076128	-0.088572	0.98332	-0.2505	-1.0965	-2.7225	0	69	1031	1
2026-02-11	16:38:29.730	-19.04	0.07	-4.48	0.078568	-0.082716	0.97966	-0.255	-1.0935	-2.724	0	69	1031	1
2026-02-11	16:38:29.750	-17.99	-0.21	-0.455	0.077592	-0.08662	0.985272	-0.252	-1.089	-2.7375	0	69	1031	1
2026-02-11	16:38:29.770	-16.555	-0.455	3.36	0.084668	-0.089548	0.989908	-0.2655	-1.0845	-2.727	0	69	1031	1
2026-02-11	16:38:29.790	-15.085	-0.98	7.385	0.08174	-0.085644	0.986492	-0.252	-1.0785	-2.724	0	69	1031	1
2026-02-11	16:38:29.810	-13.23	-1.68	11.2	0.056608	-0.077104	0.988688	-0.2625	-1.0725	-2.721	0	69	1032	1
2026-02-11	16:38:29.830	-11.62	-2.24	14.49	0.044408	-0.075396	0.992836	-0.2535	-1.089	-2.724	0	69	1032	1
2026-02-11	16:38:29.850	-10.64	-2.625	17.675	0.035868	-0.06734399	0.993812	-0.2505	-1.0875	-2.727	0	69	1032	1
2026-02-11	16:38:29.870	-9.24	-3.325	22.575	0.056608	-0.061488	1.011136	-0.2535	-1.0725	-2.7225	0	69	1032	1
2026-02-11	16:38:29.890	-8.295	-2.835	25.9	0.044896	-0.059292	1.016992	-0.252	-1.074	-2.721	0	69	1032	1
2026-02-11	16:38:29.910	-7.455	-1.855	29.365	0.032696	-0.060512	1.012844	-0.2475	-1.077	-2.7195	0	69	1032	1
2026-02-11	16:38:29.930	-6.51	-1.575	32.76	0.045384	-0.05856	1.005524	-0.246	-1.077	-2.721	0	69	1032	1
2026-02-11	16:38:29.950	-4.97	-1.4	35.91	0.049044	-0.054168	1.005768	-0.243	-1.083	-2.7225	0	69	1032	1
2026-02-11	16:38:29.970	-3.08	-0.875	39.165	0.054656	-0.044164	1.01504	-0.2445	-1.0845	-2.7225	0	69	1032	1
2026-02-11	16:38:29.990	-1.75	-0.105	42.665	0.055144	-0.039528	1.0431	-0.2505	-1.0815	-2.721	0	69	1032	1
2026-02-11	16:38:30.010	-1.715	0.7	47.425	0.051728	-0.044652	1.075552	-0.2535	-1.08	-2.7195	0	68	1032	1
2026-02-11	16:38:30.030	-2.065	1.365	49.91	0.0244	-0.034892	1.062376	-0.249	-1.0875	-2.721	0	68	1032	1
2026-02-11	16:38:30.050	-1.645	2.73	52.115	0.006344	-0.026108	1.037732	-0.2385	-1.0935	-2.724	0	68	1032	1
2026-02-11	16:38:30.070	0	5.04	52.92	-0.00488	-0.011224	1.014064	-0.234	-1.0935	-2.727	0	68	1032	1
2026-02-11	16:38:30.090	2.625	7.875	53.06	-0.00854	-0.004392	1.007232	-0.231	-1.0965	-2.7225	0	68	1032	1
2026-02-11	16:38:30.110	4.655	9.52	53.41	-0.01952	0.000976	1.004548	-0.2265	-1.098	-2.721	0	68	1032	1
2026-02-11	16:38:30.130	5.775	7.98	52.99	-0.029768	0.00976	1.019676	-0.2235	-1.104	-2.724	0	68	1032	1
2026-02-11	16:38:30.150	5.495	4.935	51.17	-0.041236	0.00488	1.033584	-0.2205	-1.1055	-2.724	0	68	1032	1
2026-02-11	16:38:30.170	4.69	3.43	48.23	-0.051728	-0.000244	1.044564	-0.222	-1.1085	-2.7285	0	68	1032	1
2026-02-11	16:38:30.190	3.325	3.5	44.765	-0.045384	-0.010736	1.04676	-0.213	-1.1115	-2.733	0	68	1032	1
2026-02-11	16:38:30.210	1.26	4.34	41.51	-0.050752	-0.027816	1.00528	-0.2175	-1.1145	-2.7255	0	67	1032	1
2026-02-11	16:38:30.230	-0.28	4.095	38.955	-0.04636	-0.037088	0.961604	-0.2115	-1.122	-2.724	0	67	1032	1
2026-02-11	16:38:30.250	-0.49	2.45	37.625	-0.023912	-0.0488	0.95282	-0.207	-1.1265	-2.721	0	67	1032	1
2026-02-11	16:38:30.270	0.07	1.12	37.765	0.014396	-0.043432	0.966484	-0.2085	-1.125	-2.7255	0	67	1032	1
2026-02-11	16:38:30.290	0.595	0.385	39.27	0.043188	-0.040748	0.983808	-0.21	-1.128	-2.7315	0	67	1032	1
2026-02-11	16:38:30.310	0.945	-0.245	41.65	0.061976	-0.045872	1.00284	-0.207	-1.1325	-2.724	0	67	1032	1
2026-02-11	16:38:30.330	1.47	-0.245	44.24	0.038552	-0.048068	1.00772	-0.2025	-1.134	-2.7195	0	67	1032	1
2026-02-11	16:38:30.350	1.68	0.91	46.2	0.014396	-0.058804	1.005768	-0.201	-1.131	-2.724	0	67	1032	1
2026-02-11	16:38:30.370	0.315	0.875	47.74	-0.0061	-0.059292	0.987712	-0.1965	-1.1385	-2.727	0	67	1032	1
2026-02-11	16:38:30.390	-1.19	-0.77	48.58	-0.030012	-0.060268	0.971608	-0.195	-1.1475	-2.73	0	67	1032	1
2026-02-11	16:38:30.410	-1.54	-2.59	47.145	-0.062708	-0.065392	0.966972	-0.198	-1.1505	-2.7345	0	65	1032	1
2026-02-11	16:38:30.430	-1.47	-2.905	44.66	-0.078812	-0.076128	0.979416	-0.198	-1.1505	-2.7345	0	65	1032	1
2026-02-11	16:38:30.450	-1.33	-3.045	41.685	-0.107116	-0.083692	0.989176	-0.204	-1.149	-2.724	0	65	1032	1
2026-02-11	16:38:30.470	-1.54	-3.325	38.5	-0.137128	-0.084668	1.005768	-0.195	-1.1535	-2.724	0	65	1032	1
2026-02-11	16:38:30.490	-3.045	-4.2	35.7	-0.158844	-0.092964	1.02724	-0.198	-1.1625	-2.736	0	65	1032	1
2026-02-11	16:38:30.510	-5.425	-4.62	33.18	-0.152012	-0.084424	1.033096	-0.1995	-1.161	-2.733	0	65	1032	1
2026-02-11	16:38:30.530	-6.93	-4.235	31.5	-0.134688	-0.059536	1.032608	-0.204	-1.1595	-2.736	0	65	1032	1
2026-02-11	16:38:30.550	-7.105	-3.045	30.45	-0.121024	-0.03782	1.033828	-0.1995	-1.164	-2.7375	0	65	1032	1
2026-02-11	16:38:30.570	-6.86	-1.75	29.505	-0.133468	-0.025132	1.032608	-0.192	-1.161	-2.7345	0	65	1032	1
2026-02-11	16:38:30.590	-6.755	-0.56	28.385	-0.138104	-0.009516	1.005768	-0.195	-1.173	-2.7435	0	65	1032	1
2026-02-11	16:38:30.610	-5.95	0.315	27.055	-0.132736	-0.000488	1.003328	-0.186	-1.1685	-2.7375	0	64	1031	1
2026-02-11	16:38:30.630	-4.795	1.155	25.62	-0.127124	0.002684	1.006988	-0.201	-1.1655	-2.7345	0	64	1031	1
2026-02-11	16:38:30.650	-3.71	1.995	24.325	-0.130052	0.01586	1.003816	-0.192	-1.17	-2.736	0	64	1031	1
2026-02-11	16:38:30.670	-1.89	2.415	21.49	-0.121756	0.022448	1.016016	-0.201	-1.1655	-2.733	0	64	1031	1
2026-02-11	16:38:30.690	0.07	1.715	17.71	-0.115412	0.013908	1.035536	-0.201	-1.1655	-2.733	0	64	1031	1
2026-02-11	16:38:30.710	0.42	1.085	15.12	-0.107116	0.004148	1.03944	-0.198	-1.173	-2.736	0	64	1031	1
2026-02-11	16:38:30.730	-0.07	0.455	13.265	-0.096136	-0.010004	1.033584	-0.192	-1.179	-2.7375	0	64	1031	1
2026-02-11	16:38:30.750	-0.7	0.875	11.795	-0.110044	-0.019032	1.01504	-0.1875	-1.176	-2.736	0	64	1031	1
2026-02-11	16:38:30.770	-0.77	1.715	9.905	-0.124928	-0.020496	0.99186	-0.192	-1.173	-2.7345	0	64	1031	1
2026-02-11	16:38:30.790	-0.525	2.275	7.42	-0.105896	-0.027816	0.987956	-0.186	-1.17	-2.736	0	64	1031	1
2026-02-11	16:38:30.810	-0.595	3.01	5.6	-0.079544	-0.043188	1.024312	-0.1905	-1.1775	-2.7375	0	64	1031	1
2026-02-11	16:38:30.830	-2.24	3.99	6.125	-0.046116	-0.051728	1.0492	-0.1845	-1.176	-2.7345	0	64	1031	1
2026-02-11	16:38:30.850	-5.075	4.935	7.035	-0.054656	-0.041968	1.037488	-0.1815	-1.1775	-2.7345	0	64	1031	1
2026-02-11	16:38:30.870	-5.88	6.23	5.53	-0.077104	-0.030012	0.992592	-0.1815	-1.1715	-2.733	0	64	1031	1
2026-02-11	16:38:30.890	-4.62	8.19	3.22	-0.091988	-0.018788	0.980392	-0.18	-1.1835	-2.7315	0	64	1031	1
2026-02-11	16:38:30.910	-4.165	8.995	1.82	-0.064904	-0.022204	0.982588	-0.177	-1.173	-2.7255	0	64	1031	1
2026-02-11	16:38:30.930	-4.865	8.435	1.75	-0.062952	-0.016104	0.974292	-0.177	-1.179	-2.736	0	64	1031	1
2026-02-11	16:38:30.950	-4.795	6.86	1.085	-0.085156	-0.002196	0.960872	-0.18	-1.182	-2.7345	0	64	1031	1
2026-02-11	16:38:30.970	-4.095	5.32	-0.49	-0.088084	-0.011956	0.97112	-0.1785	-1.1775	-2.7345	0	64	1031	1
2026-02-11	16:38:30.990	-3.605	3.99	-2.135	-0.097112	-0.019276	0.974048	-0.1785	-1.179	-2.7315	0	64	1031	1
2026-02-11	16:38:31.010	-3.045	2.555	-3.08	-0.102236	-0.030256	0.971852	-0.1755	-1.1805	-2.7255	0	64	1031	1
2026-02-11	16:38:31.030	-2.415	0.91	-3.465	-0.0976	-0.044652	0.976488	-0.1755	-1.1715	-2.7225	0	64	1031	1
2026-02-11	16:38:31.050	-1.96	-0.595	-3.675	-0.102236	-0.055144	0.986736	-0.174	-1.17	-2.73	0	64	1031	1
2026-02-11	16:38:31.070	-1.68	-1.785	-3.745	-0.09882	-0.064904	0.994056	-0.177	-1.1715	-2.7315	0	64	1031	1
2026-02-11	16:38:31.090	-1.925	-2.8	-3.29	-0.088572	-0.070028	0.999424	-0.18	-1.173	-2.7285	0	64	1031	1
2026-02-11	16:38:31.110	-2.275	-3.535	-2.485	-0.08418	-0.06832	1.001376	-0.1755	-1.1745	-2.727	0	64	1031	1
2026-02-11	16:38:31.130	-2.17	-4.06	-1.925	-0.07076	-0.066856	1.002352	-0.1755	-1.1745	-2.724	0	64	1031	1
2026-02-11	16:38:31.150	-2.03	-4.795	-0.945	-0.051972	-0.064904	1.022848	-0.1785	-1.1715	-2.7285	0	64	1031	1
2026-02-11	16:38:31.170	-2.66	-5.495	0.28	-0.036112	-0.059536	1.04798	-0.177	-1.1715	-2.733	0	64	1031	1
2026-02-11	16:38:31.190	-3.57	-5.215	1.05	-0.033672	-0.045384	1.04066	-0.177	-1.1745	-2.733	0	64	1031	1
2026-02-11	16:38:31.210	-3.185	-3.01	0.7	-0.045628	-0.027816	1.01504	-0.1815	-1.1715	-2.7285	0	63	1028	1
2026-02-11	16:38:31.230	-1.715	-0.245	-0.35	-0.063684	-0.019764	0.980148	-0.1815	-1.1715	-2.7225	0	63	1028	1
2026-02-11	16:38:31.250	-0.035	1.715	-1.47	-0.07686	-0.00976	0.969412	-0.1815	-1.1775	-2.736	0	63	1028	1
2026-02-11	16:38:31.270	1.295	3.115	-2.52	-0.060024	-0.007808	0.9821	-0.1785	-1.173	-2.733	0	63	1028	1
2026-02-11	16:38:31.290	0.98	4.025	-2.765	-0.058072	-0.012444	1.002108	-0.1785	-1.17	-2.7315	0	63	1028	1
2026-02-11	16:38:31.310	-0.595	4.55	-2.625	-0.066856	-0.016836	1.01992	-0.18	-1.17	-2.7285	0	63	1028	1
2026-02-11	16:38:31.330	-2.31	5.005	-2.765	-0.080032	-0.020496	1.020408	-0.18	-1.167	-2.7255	0	63	1028	1
2026-02-11	16:38:31.350	-3.5	4.83	-3.115	-0.099308	-0.022204	1.001132	-0.177	-1.167	-2.7285	0	63	1028	1
2026-02-11	16:38:31.370	-3.745	2.835	-4.06	-0.100772	-0.028792	0.984052	-0.1755	-1.1685	-2.7285	0	63	1028	1
2026-02-11	16:38:31.390	-3.255	0.42	-5.145	-0.0793	-0.031476	0.983564	-0.177	-1.17	-2.7255	0	63	1028	1
2026-02-11	16:38:31.410	-2.52	-1.015	-5.39	-0.073688	-0.034892	0.978196	-0.18	-1.17	-2.727	0	62	1026	1
2026-02-11	16:38:31.430	-1.82	-2.66	-5.005	-0.066368	-0.035136	0.967704	-0.183	-1.1685	-2.727	0	62	1026	1
2026-02-11	16:38:31.450	-1.26	-4.9	-4.795	-0.059048	-0.03782	0.972584	-0.18	-1.1655	-2.7285	0	62	1026	1
2026-02-11	16:38:31.470	-1.015	-6.545	-4.76	-0.05246	-0.038064	0.982832	-0.1815	-1.167	-2.73	0	62	1026	1
2026-02-11	16:38:31.490	-0.21	-6.72	-4.62	-0.037088	-0.034892	0.993568	-0.1845	-1.17	-2.7315	0	62	1026	1
2026-02-11	16:38:31.510	0.595	-5.775	-4.27	-0.046116	-0.033428	0.994788	-0.1845	-1.17	-2.7315	0	62	1026	1
2026-02-11	16:38:31.530	1.015	-5.04	-3.815	-0.040748	-0.036844	1.004548	-0.1785	-1.1625	-2.733	0	62	1026	1
2026-02-11	16:38:31.550	0.91	-4.655	-3.605	-0.04636	-0.0305	1.006256	-0.1845	-1.167	-2.7285	0	62	1026	1
2026-02-11	16:38:31.570	1.12	-4.515	-3.92	-0.048312	-0.029768	1.01504	-0.183	-1.1655	-2.73	0	62	1026	1
2026-02-11	16:38:31.590	1.19	-4.2	-4.55	-0.053436	-0.031964	1.023824	-0.186	-1.1625	-2.7225	0	62	1026	1
2026-02-11	16:38:31.610	0.84	-3.955	-5.425	-0.072224	-0.025864	1.02846	-0.189	-1.17	-2.7345	0	59	1025	1
2026-02-11	16:38:31.630	0.14	-3.64	-6.545	-0.0793	-0.022204	1.041392	-0.192	-1.158	-2.7345	0	59	1025	1
2026-02-11	16:38:31.650	-0.595	-2.765	-7.77	-0.078812	-0.020008	1.062132	-0.189	-1.164	-2.7285	0	59	1025	1
2026-02-11	16:38:31.670	-1.47	-1.015	-8.785	-0.072956	-0.021228	1.071648	-0.1845	-1.17	-2.7345	0	59	1025	1
2026-02-11	16:38:31.690	-2.17	1.225	-9.31	-0.060512	-0.02928	1.075796	-0.1965	-1.1565	-2.727	0	59	1025	1
2026-02-11	16:38:31.710	-2.38	3.465	-8.645	-0.025132	-0.040016	1.062376	-0.1845	-1.1595	-2.736	0	59	1025	1
2026-02-11	16:38:31.730	-2.17	5.425	-6.93	-0.02318	-0.051972	1.040904	-0.1845	-1.1565	-2.727	0	59	1025	1
2026-02-11	16:38:31.750	-1.19	6.79	-4.97	-0.025376	-0.061732	1.029924	-0.1845	-1.1595	-2.724	0	59	1025	1
2026-02-11	16:38:31.770	-0.245	8.61	-3.57	-0.03172	-0.061244	1.020408	-0.1845	-1.1595	-2.724	0	59	1025	1
2026-02-11	16:38:31.790	0.84	10.36	-3.08	-0.037332	-0.050508	1.014552	-0.1845	-1.1595	-2.739	0	59	1025	1
2026-02-11	16:38:31.810	1.995	12.04	-3.43	-0.059292	-0.033672	1.000156	-0.186	-1.161	-2.73	0	57	1027	1
2026-02-11	16:38:31.830	2.94	12.95	-4.725	-0.069296	-0.02806	0.993812	-0.186	-1.161	-2.73	0	57	1027	1
2026-02-11	16:38:31.850	3.115	13.3	-6.055	-0.067588	-0.032208	0.988932	-0.1845	-1.1625	-2.739	0	57	1027	1
2026-02-11	16:38:31.870	2.94	13.37	-6.685	-0.055632	-0.03416	0.984296	-0.1875	-1.161	-2.7345	0	57	1027	1
2026-02-11	16:38:31.890	2.205	13.195	-6.72	-0.055388	-0.03782	0.97844	-0.177	-1.164	-2.733	0	57	1027	1
2026-02-11	16:38:31.910	0.91	11.55	-6.335	-0.059536	-0.042456	0.964288	-0.174	-1.1625	-2.7315	0	57	1027	1
2026-02-11	16:38:31.930	-0.28	8.47	-5.95	-0.069052	-0.044408	0.961848	-0.1785	-1.161	-2.727	0	57	1027	1
2026-02-11	16:38:31.950	-0.595	5.46	-6.44	-0.063196	-0.051972	0.962824	-0.1695	-1.1535	-2.727	0	57	1027	1
2026-02-11	16:38:31.970	-0.035	4.025	-6.86	-0.061	-0.05856	0.964532	-0.174	-1.161	-2.7225	0	57	1027	1
2026-02-11	16:38:31.990	0.84	3.43	-6.825	-0.060024	-0.056364	0.966972	-0.174	-1.1595	-2.724	0	57	1027	1
2026-02-11	16:38:32.010	1.295	2.835	-6.615	-0.07564	-0.055632	0.97966	-0.1785	-1.1565	-2.724	0	54	1029	1
2026-02-11	16:38:32.030	0.63	1.82	-6.755	-0.082716	-0.06344	1.006988	-0.177	-1.158	-2.727	0	54	1029	1
2026-02-11	16:38:32.050	-0.245	2.1	-7.07	-0.077836	-0.065392	1.014796	-0.1785	-1.1535	-2.7255	0	54	1029	1
2026-02-11	16:38:32.070	-1.365	2.73	-7.315	-0.06954	-0.07564	1.023092	-0.1785	-1.1535	-2.7195	0	54	1029	1
2026-02-11	16:38:32.090	-3.08	3.5	-7	-0.076616	-0.09028	1.039928	-0.177	-1.1535	-2.7165	0	54	1029	1
2026-02-11	16:38:32.110	-5.18	4.34	-5.81	-0.089304	-0.09467199	1.036512	-0.174	-1.1535	-2.724	0	54	1029	1
2026-02-11	16:38:32.130	-6.37	5.285	-4.375	-0.103456	-0.088084	1.016504	-0.171	-1.149	-2.7255	0	54	1029	1
2026-02-11	16:38:32.150	-5.705	6.195	-3.465	-0.103212	-0.077592	0.999424	-0.171	-1.1475	-2.718	0	54	1029	1
2026-02-11	16:38:32.170	-4.06	7.21	-2.73	-0.093208	-0.078812	1.00284	-0.1695	-1.1535	-2.7165	0	54	1029	1
2026-02-11	16:38:32.190	-2.625	8.05	-1.68	-0.092476	-0.071004	0.996496	-0.168	-1.1505	-2.7165	0	54	1029	1
2026-02-11	16:38:32.210	-1.12	7.945	-0.665	-0.097112	-0.071004	0.98576	-0.1725	-1.149	-2.718	0	51	1028	1
2026-02-11	16:38:32.230	0.35	7.14	0.07	-0.10248	-0.071736	0.978196	-0.174	-1.155	-2.718	0	51	1028	1
2026-02-11	16:38:32.250	0.91	6.055	0.735	-0.098332	-0.077836	0.985272	-0.1695	-1.1505	-2.7165	0	51	1028	1
2026-02-11	16:38:32.270	0.91	5.04	1.4	-0.0976	-0.07686	0.976	-0.1665	-1.1445	-2.718	0	51	1028	1
2026-02-11	16:38:32.290	1.155	3.5	2.17	-0.095404	-0.074908	0.987224	-0.1695	-1.1475	-2.715	0	51	1028	1
2026-02-11	16:38:32.310	0.35	2.135	2.695	-0.104676	-0.077592	0.99186	-0.1695	-1.1475	-2.715	0	51	1028	1
2026-02-11	16:38:32.330	-0.525	0.56	2.59	-0.105652	-0.073444	0.98454	-0.1665	-1.152	-2.7195	0	51	1028	1
2026-02-11	16:38:32.350	-0.63	-0.42	2.38	-0.090524	-0.073444	0.982344	-0.168	-1.1535	-2.718	0	51	1028	1
2026-02-11	16:38:32.370	-0.56	-0.91	2.345	-0.10126	-0.068808	0.981124	-0.168	-1.1505	-2.7165	0	51	1028	1
2026-02-11	16:38:32.390	-0.56	-1.4	2.38	-0.120536	-0.0671	0.978684	-0.1605	-1.1535	-2.7195	0	51	1028	1
2026-02-11	16:38:32.410	-0.77	-2.205	2.135	-0.117608	-0.051484	0.978684	-0.1635	-1.1535	-2.7195	0	49	1025	1
2026-02-11	16:38:32.430	-0.455	-2.94	1.47	-0.112728	-0.056364	0.991128	-0.168	-1.149	-2.721	0	49	1025	1
2026-02-11	16:38:32.450	-0.42	-3.045	0.98	-0.103212	-0.057828	0.999668	-0.1695	-1.149	-2.7165	0	49	1025	1
2026-02-11	16:38:32.470	-0.735	-2.87	0.91	-0.095892	-0.060756	1.009672	-0.1665	-1.149	-2.718	0	49	1025	1
2026-02-11	16:38:32.490	-1.155	-2.8	0.91	-0.094428	-0.060268	1.018212	-0.162	-1.149	-2.724	0	49	1025	1
2026-02-11	16:38:32.510	-1.82	-2.52	1.295	-0.09394	-0.064172	1.024556	-0.168	-1.152	-2.7165	0	49	1025	1
2026-02-11	16:38:32.530	-2.73	-1.89	1.82	-0.099064	-0.060024	1.01016	-0.171	-1.1535	-2.7165	0	49	1025	1
2026-02-11	16:38:32.550	-3.185	-1.12	1.82	-0.115412	-0.058804	0.989908	-0.168	-1.1535	-2.718	0	49	1025	1
2026-02-11	16:38:32.570	-3.605	-0.84	1.015	-0.122732	-0.059048	0.992348	-0.165	-1.155	-2.715	0	49	1025	1
2026-02-11	16:38:32.590	-4.41	-1.12	0.63	-0.12078	-0.05856	0.991372	-0.165	-1.155	-2.715	0	49	1025	1
2026-02-11	16:38:32.610	-4.655	-1.365	0.385	-0.119804	-0.049532	0.996984	-0.1695	-1.149	-2.7225	0	47	1023	1
2026-02-11	16:38:32.630	-4.48	-1.575	0	-0.11224	-0.048556	1.002352	-0.1755	-1.146	-2.718	0	47	1023	1
2026-02-11	16:38:32.650	-4.445	-2.17	-0.175	-0.10248	-0.052704	0.996008	-0.171	-1.1475	-2.7165	0	47	1023	1
2026-02-11	16:38:32.670	-3.99	-2.87	-0.21	-0.109068	-0.049776	0.976	-0.1785	-1.1445	-2.7165	0	47	1023	1
2026-02-11	16:38:32.690	-2.17	-3.92	-0.56	-0.10492	-0.050508	0.969656	-0.165	-1.152	-2.709	0	47	1023	1
2026-02-11	16:38:32.710	-0.245	-5.075	-0.91	-0.106872	-0.055144	0.971852	-0.1755	-1.158	-2.724	0	47	1023	1
2026-02-11	16:38:32.730	0.77	-6.58	-0.77	-0.097844	-0.055632	0.986248	-0.1695	-1.14	-2.7165	0	47	1023	1
2026-02-11	16:38:32.750	0.98	-7.455	-0.35	-0.092232	-0.052704	0.991616	-0.1785	-1.1535	-2.727	0	47	1023	1
2026-02-11	16:38:32.770	1.435	-7.665	-0.28	-0.081008	-0.0549	1.006012	-0.1695	-1.149	-2.7195	0	47	1023	1
2026-02-11	16:38:32.790	1.61	-6.65	-0.42	-0.081008	-0.059048	1.021384	-0.171	-1.1505	-2.7225	0	47	1023	1
2026-02-11	16:38:32.810	1.12	-5.6	-0.56	-0.07686	-0.05734	1.009184	-0.1755	-1.149	-2.7225	0	44	1021	1
2026-02-11	16:38:32.830	1.4	-5.285	-0.805	-0.087108	-0.052216	0.989664	-0.177	-1.1505	-2.7195	0	44	1021	1
2026-02-11	16:38:32.850	2.66	-5.74	-1.435	-0.088328	-0.052948	1.00406	-0.1785	-1.155	-2.721	0	44	1021	1
2026-02-11	16:38:32.870	3.01	-5.635	-1.505	-0.079544	-0.065636	1.0248	-0.174	-1.155	-2.7225	0	44	1021	1
2026-02-11	16:38:32.890	2.17	-4.48	-1.085	-0.096136	-0.064416	1.02114	-0.1755	-1.155	-2.724	0	44	1021	1
2026-02-11	16:38:32.910	1.645	-3.78	-0.91	-0.09516	-0.062464	1.013576	-0.177	-1.158	-2.727	0	44	1021	1
2026-02-11	16:38:32.930	1.47	-3.15	-0.84	-0.076128	-0.062952	1.020896	-0.1785	-1.152	-2.718	0	44	1021	1
2026-02-11	16:38:32.950	1.155	-1.715	-0.42	-0.068076	-0.065636	1.007232	-0.1815	-1.152	-2.724	0	44	1021	1
2026-02-11	16:38:32.970	1.785	-0.84	0.07	-0.072712	-0.044164	0.980636	-0.183	-1.1505	-2.7225	0	44	1021	1
2026-02-11	16:38:32.990	3.675	-1.26	-0.315	-0.092964	-0.031476	0.98454	-0.177	-1.152	-2.7285	0	44	1021	1
2026-02-11	16:38:33.010	4.76	-2.1	-1.54	-0.089792	-0.04026	1.018212	-0.1725	-1.1565	-2.7225	0	42	1021	1
2026-02-11	16:38:33.030	3.99	-1.925	-2.345	-0.07076	-0.059292	1.042856	-0.18	-1.158	-2.721	0	42	1021	1
2026-02-11	16:38:33.050	2.1	-0.875	-2.38	-0.064172	-0.068076	1.03944	-0.183	-1.1475	-2.727	0	42	1021	1
2026-02-11	16:38:33.070	0.315	0.525	-2.1	-0.072712	-0.07124799	1.02724	-0.186	-1.146	-2.7255	0	42	1021	1
2026-02-11	16:38:33.090	-1.435	1.435	-1.715	-0.078568	-0.06832	1.00528	-0.174	-1.1505	-2.7225	0	42	1021	1
2026-02-11	16:38:33.110	-2.065	1.05	-1.295	-0.07905599	-0.061732	0.988444	-0.1815	-1.1505	-2.7195	0	42	1021	1
2026-02-11	16:38:33.130	-1.785	0.21	-0.875	-0.076372	-0.061	0.998204	-0.183	-1.1565	-2.721	0	42	1021	1
2026-02-11	16:38:33.150	-2.065	-0.595	-0.525	-0.071492	-0.058072	1.006988	-0.183	-1.1565	-2.7225	0	42	1021	1
2026-02-11	16:38:33.170	-1.645	-0.875	-0.525	-0.074664	-0.054412	1.000156	-0.18	-1.1535	-2.7195	0	42	1021	1
2026-02-11	16:38:33.190	-0.56	-0.84	-0.735	-0.07686	-0.061488	0.997716	-0.1785	-1.152	-2.721	0	42	1021	1
2026-02-11	16:38:33.210	0.385	-1.26	-0.91	-0.079788	-0.06222	1.000888	-0.18	-1.1535	-2.724	0	39	1023	1
2026-02-11	16:38:33.230	0.875	-1.82	-1.05	-0.068564	-0.05734	1.0004	-0.183	-1.155	-2.724	0	39	1023	1
2026-02-11	16:38:33.250	1.05	-1.995	-1.015	-0.064172	-0.060024	1.010648	-0.1815	-1.1565	-2.724	0	39	1023	1
2026-02-11	16:38:33.270	0.07	-1.61	-0.735	-0.078324	-0.062708	1.008452	-0.18	-1.158	-2.7225	0	39	1023	1
2026-02-11	16:38:33.290	-1.12	-1.54	-0.84	-0.07515199	-0.066124	1.001864	-0.1815	-1.155	-2.721	0	39	1023	1
2026-02-11	16:38:33.310	-1.82	-1.68	-1.19	-0.050508	-0.063196	1.017236	-0.1875	-1.1535	-2.724	0	39	1023	1
2026-02-11	16:38:33.330	-2.625	-1.295	-1.05	-0.053192	-0.066612	1.034316	-0.1815	-1.1535	-2.7255	0	39	1023	1
2026-02-11	16:38:33.350	-4.06	-0.455	-0.945	-0.066124	-0.064416	1.033096	-0.1725	-1.1565	-2.7345	0	39	1023	1
2026-02-11	16:38:33.370	-5.215	0.875	-1.295	-0.085156	-0.061488	1.0065	-0.1815	-1.152	-2.7255	0	39	1023	1
2026-02-11	16:38:33.390	-4.445	1.295	-2.17	-0.080032	-0.058316	0.990884	-0.1815	-1.152	-2.7255	0	39	1023	1
2026-02-11	16:38:33.410	-2.94	1.505	-2.765	-0.062464	-0.061976	0.997228	-0.1875	-1.152	-2.724	0	37	1025	1
2026-02-11	16:38:33.430	-1.96	1.925	-2.625	-0.058316	-0.066124	1.0004	-0.18	-1.1505	-2.727	0	37	1025	1
2026-02-11	16:38:33.450	-1.645	2.275	-2.205	-0.061488	-0.065392	0.9943	-0.177	-1.1475	-2.7285	0	37	1025	1
2026-02-11	16:38:33.470	-1.435	2.135	-1.645	-0.0732	-0.06588	0.98942	-0.1815	-1.1445	-2.7255	0	37	1025	1
2026-02-11	16:38:33.490	-1.05	1.575	-1.12	-0.0793	-0.061244	0.992348	-0.1815	-1.1445	-2.724	0	37	1025	1
2026-02-11	16:38:33.510	-0.98	1.19	-0.735	-0.08295999	-0.066612	0.999912	-0.1815	-1.1445	-2.721	0	37	1025	1
2026-02-11	16:38:33.530	-0.98	0.63	-0.42	-0.08662	-0.064172	0.999668	-0.1845	-1.1475	-2.7195	0	37	1025	1
2026-02-11	16:38:33.550	-1.085	-0.035	-0.245	-0.080764	-0.069784	1.004792	-0.1845	-1.1505	-2.7195	0	37	1025	1
2026-02-11	16:38:33.570	-1.54	-0.56	-0.175	-0.075884	-0.058804	1.007476	-0.1815	-1.1505	-2.7225	0	37	1025	1
2026-02-11	16:38:33.590	-2.24	-1.12	-0.175	-0.07124799	-0.053924	1.003328	-0.18	-1.1535	-2.7285	0	37	1025	1
2026-02-11	16:38:33.610	-2.765	-1.4	-0.49	-0.077836	-0.051728	0.987712	-0.1785	-1.152	-2.7285	0	35	1026	1
2026-02-11	16:38:33.630	-2.555	-1.89	-1.4	-0.071492	-0.05246	0.981368	-0.1815	-1.1505	-2.727	0	35	1026	1
2026-02-11	16:38:33.650	-2.695	-2.73	-2.38	-0.069052	-0.057828	0.983808	-0.18	-1.152	-2.7225	0	35	1026	1
2026-02-11	16:38:33.670	-2.765	-3.045	-2.415	-0.073444	-0.061976	0.988444	-0.174	-1.152	-2.7165	0	35	1026	1
2026-02-11	16:38:33.690	-2.695	-2.975	-2.205	-0.071004	-0.063928	1.0004	-0.1815	-1.152	-2.718	0	35	1026	1
2026-02-11	16:38:33.710	-2.555	-2.52	-1.785	-0.065148	-0.063196	1.00894	-0.1815	-1.155	-2.718	0	35	1026	1
2026-02-11	16:38:33.730	-2.625	-1.785	-1.19	-0.073932	-0.0671	1.010648	-0.177	-1.1475	-2.7255	0	35	1026	1
2026-02-11	16:38:33.750	-2.415	-1.47	-0.77	-0.07808	-0.063928	1.0065	-0.1875	-1.1505	-2.73	0	35	1026	1
2026-02-11	16:38:33.770	-1.715	-1.715	-0.665	-0.077104	-0.063928	1.010892	-0.18	-1.149	-2.7195	0	35	1026	1
2026-02-11	16:38:33.790	-0.84	-1.715	-0.665	-0.062952	-0.068564	1.009428	-0.1785	-1.1505	-2.7225	0	35	1026	1
2026-02-11	16:38:33.810	-0.42	-1.4	-0.385	-0.076616	-0.06466	1.006744	-0.18	-1.1475	-2.7225	0	32	1026	1
2026-02-11	16:38:33.830	-0.56	-1.68	-0.175	-0.078324	-0.06222	1.01138	-0.1815	-1.1445	-2.7225	0	32	1026	1
2026-02-11	16:38:33.850	-1.155	-2.065	-0.245	-0.08052	-0.061	1.014308	-0.183	-1.146	-2.727	0	32	1026	1
2026-02-11	16:38:33.870	-1.61	-1.855	-0.945	-0.068076	-0.062708	1.01748	-0.1875	-1.149	-2.7255	0	32	1026	1
2026-02-11	16:38:33.890	-1.785	-0.665	-1.54	-0.056364	-0.059292	1.016992	-0.1845	-1.1475	-2.7225	0	32	1026	1
2026-02-11	16:38:33.910	-1.925	0.98	-1.96	-0.061732	-0.059048	1.004548	-0.186	-1.1445	-2.7225	0	32	1026	1
2026-02-11	16:38:33.930	-2.1	1.82	-2.275	-0.07076	-0.059292	0.991128	-0.1905	-1.1445	-2.7225	0	32	1026	1
2026-02-11	16:38:33.950	-1.96	1.715	-2.625	-0.072468	-0.060512	0.985028	-0.18	-1.1475	-2.721	0	32	1026	1
2026-02-11	16:38:33.970	-1.89	1.19	-2.73	-0.066124	-0.064416	0.989908	-0.186	-1.1505	-2.7225	0	32	1026	1
2026-02-11	16:38:33.990	-1.855	0.56	-2.275	-0.06344	-0.071004	0.996252	-0.1845	-1.14	-2.7255	0	32	1026	1
2026-02-11	16:38:34.010	-1.855	0.245	-1.82	-0.062708	-0.072712	1.01016	-0.186	-1.152	-2.715	0	30	1025	1
2026-02-11	16:38:34.030	-1.715	0.385	-1.68	-0.067832	-0.073688	1.00528	-0.1965	-1.146	-2.715	0	30	1025	1
2026-02-11	16:38:34.050	-1.05	0.245	-1.68	-0.06734399	-0.072224	0.994788	-0.1845	-1.146	-2.721	0	30	1025	1
2026-02-11	16:38:34.070	-0.035	-0.42	-1.645	-0.068076	-0.074176	0.982588	-0.189	-1.146	-2.715	0	30	1025	1
2026-02-11	16:38:34.090	0.735	-1.365	-1.68	-0.066612	-0.074664	0.981612	-0.183	-1.14	-2.721	0	30	1025	1
2026-02-11	16:38:34.110	1.33	-2.17	-1.61	-0.060756	-0.0793	0.990884	-0.1755	-1.1325	-2.7255	0	30	1025	1
2026-02-11	16:38:34.130	1.47	-2.345	-1.435	-0.058072	-0.080764	0.997716	-0.1875	-1.1445	-2.712	0	30	1025	1
2026-02-11	16:38:34.150	0.91	-2.205	-1.015	-0.055388	-0.08174	1.007232	-0.1845	-1.1445	-2.727	0	30	1025	1
2026-02-11	16:38:34.170	-0.28	-1.96	-0.525	-0.062708	-0.080276	1.003328	-0.1785	-1.1535	-2.7225	0	30	1025	1
2026-02-11	16:38:34.190	-1.155	-1.61	-0.455	-0.061732	-0.075884	0.997716	-0.177	-1.14	-2.7135	0	30	1025	1
2026-02-11	16:38:34.210	-0.945	-1.54	-0.735	-0.074176	-0.07686	0.99308	-0.18	-1.143	-2.718	0	27	1024	1
2026-02-11	16:38:34.230	-0.63	-1.96	-1.33	-0.069784	-0.080764	0.994544	-0.1815	-1.146	-2.7225	0	27	1024	1
2026-02-11	16:38:34.250	-0.21	-2.24	-1.75	-0.05368	-0.077348	0.994056	-0.1875	-1.1415	-2.724	0	27	1024	1
2026-02-11	16:38:34.270	0.105	-2.415	-1.54	-0.042944	-0.083936	1.002596	-0.192	-1.1415	-2.7285	0	27	1024	1
2026-02-11	16:38:34.290	0.105	-2.38	-0.735	-0.055876	-0.083448	1.003084	-0.189	-1.1445	-2.733	0	27	1024	1
2026-02-11	16:38:34.310	-0.035	-2.94	0	-0.06222	-0.08418	0.999424	-0.186	-1.1385	-2.7225	0	27	1024	1
2026-02-11	16:38:34.330	0.035	-3.535	0.42	-0.063684	-0.082472	1.002352	-0.1875	-1.1475	-2.7285	0	27	1024	1
2026-02-11	16:38:34.350	0.49	-3.605	0.525	-0.048068	-0.087108	1.011624	-0.1845	-1.1385	-2.7255	0	27	1024	1
2026-02-11	16:38:34.370	0.98	-2.835	0.805	-0.04514	-0.082716	1.01626	-0.1905	-1.1475	-2.7255	0	27	1024	1
2026-02-11	16:38:34.390	1.12	-1.75	1.085	-0.049288	-0.074176	1.014796	-0.186	-1.146	-2.727	0	27	1024	1
2026-02-11	16:38:34.410	0.945	-1.225	1.155	-0.056608	-0.076128	1.00894	-0.189	-1.1415	-2.7225	0	25	1024	1
2026-02-11	16:38:34.430	0.7	-1.085	0.945	-0.056852	-0.06954	1.006988	-0.189	-1.1445	-2.727	0	25	1024	1
2026-02-11	16:38:34.450	0.14	-0.98	0.63	-0.053192	-0.074176	1.009428	-0.1875	-1.1505	-2.7225	0	25	1024	1
2026-02-11	16:38:34.470	-0.245	-0.735	0.385	-0.052216	-0.07198	1.012356	-0.1875	-1.1505	-2.7225	0	25	1024	1
2026-02-11	16:38:34.490	-0.525	-0.35	0.21	-0.0549	-0.072224	1.020652	-0.1875	-1.146	-2.7225	0	25	1024	1
2026-02-11	16:38:34.510	-1.05	0.21	0.21	-0.051972	-0.081252	1.017968	-0.1845	-1.1445	-2.727	0	25	1024	1
2026-02-11	16:38:34.530	-1.295	0.63	0.455	-0.053436	-0.074176	1.0065	-0.1875	-1.1445	-2.73	0	25	1024	1
2026-02-11	16:38:34.550	-0.875	0.28	0.735	-0.053436	-0.068564	0.998692	-0.1905	-1.146	-2.7255	0	25	1024	1
2026-02-11	16:38:34.570	-0.28	-0.42	0.84	-0.050508	-0.07076	0.997716	-0.1875	-1.143	-2.724	0	25	1024	1
2026-02-11	16:38:34.590	0.245	-0.665	0.665	-0.053924	-0.066612	1.00284	-0.186	-1.1415	-2.721	0	25	1024	1
2026-02-11	16:38:34.610	0.595	-0.63	0.315	-0.055876	-0.072224	1.010648	-0.1905	-1.146	-2.721	0	23	1024	1
2026-02-11	16:38:34.630	0.42	-0.455	0.175	-0.05246	-0.069296	1.016504	-0.192	-1.1475	-2.724	0	23	1024	1
2026-02-11	16:38:34.650	-0.035	-0.035	0.105	-0.054412	-0.065392	1.019676	-0.192	-1.1445	-2.724	0	23	1024	1
2026-02-11	16:38:34.670	-0.175	0.7	-0.28	-0.058072	-0.060512	1.0187	-0.189	-1.1445	-2.7255	0	23	1024	1
2026-02-11	16:38:34.690	-0.035	1.82	-1.015	-0.057828	-0.060268	1.01992	-0.192	-1.1445	-2.7255	0	23	1024	1
2026-02-11	16:38:34.710	-0.28	3.01	-1.82	-0.06222	-0.06734399	1.023336	-0.195	-1.1445	-2.727	0	23	1024	1
2026-02-11	16:38:34.730	-1.365	3.85	-2.275	-0.049776	-0.07124799	1.01626	-0.192	-1.1505	-2.727	0	23	1024	1
2026-02-11	16:38:34.750	-1.925	4.41	-2.1	-0.033916	-0.07198	1.008696	-0.192	-1.152	-2.721	0	23	1024	1
2026-02-11	16:38:34.770	-1.89	4.83	-1.365	-0.050996	-0.071492	1.002108	-0.1905	-1.1445	-2.7285	0	23	1024	1
2026-02-11	16:38:34.790	-1.4	4.83	-0.945	-0.068808	-0.070028	0.9943	-0.1875	-1.1445	-2.724	0	23	1024	1
2026-02-11	16:38:34.810	-0.455	4.34	-1.295	-0.06954	-0.07198	0.998204	-0.186	-1.146	-2.7225	0	22	1026	1
2026-02-11	16:38:34.830	0.35	3.885	-1.715	-0.063196	-0.076616	1.000644	-0.183	-1.146	-2.7285	0	22	1026	1
2026-02-11	16:38:34.850	0.63	3.885	-1.61	-0.053192	-0.07515199	1.004304	-0.1845	-1.1415	-2.727	0	22	1026	1
2026-02-11	16:38:34.870	0.63	4.095	-1.26	-0.059292	-0.07564	0.994788	-0.1875	-1.1445	-2.7225	0	22	1026	1
2026-02-11	16:38:34.890	0.7	4.025	-1.12	-0.066368	-0.07442	0.989664	-0.186	-1.143	-2.7225	0	22	1026	1
2026-02-11	16:38:34.910	0.84	3.57	-1.19	-0.065148	-0.0732	0.982588	-0.186	-1.143	-2.724	0	22	1026	1
2026-02-11	16:38:34.930	0.805	2.695	-1.155	-0.063928	-0.076128	0.978196	-0.186	-1.1475	-2.727	0	22	1026	1
2026-02-11	16:38:34.950	0.525	1.505	-1.155	-0.06222	-0.076372	0.988444	-0.1845	-1.143	-2.727	0	22	1026	1
2026-02-11	16:38:34.970	0.175	0.84	-1.225	-0.059292	-0.06832	1.00284	-0.18	-1.1415	-2.7255	0	22	1026	1
2026-02-11	16:38:34.990	-0.035	1.05	-1.365	-0.066368	-0.067832	1.00284	-0.183	-1.1445	-2.724	0	22	1026	1
2026-02-11	16:38:35.010	-0.175	1.19	-1.505	-0.070516	-0.072224	0.99674	-0.1875	-1.1475	-2.724	0	20	1027	1
2026-02-11	16:38:35.030	-0.14	0.735	-1.47	-0.062952	-0.071492	0.997716	-0.1755	-1.1475	-2.718	0	20	1027	1
2026-02-11	16:38:35.050	-0.07	0.385	-1.295	-0.05978	-0.07124799	0.999424	-0.177	-1.1475	-2.73	0	20	1027	1
2026-02-11	16:38:35.070	0.14	0.21	-1.015	-0.060024	-0.071736	0.998448	-0.177	-1.143	-2.7225	0	20	1027	1
2026-02-11	16:38:35.090	0.455	0.105	-0.665	-0.061244	-0.070272	0.9943	-0.18	-1.146	-2.7195	0	20	1027	1
2026-02-11	16:38:35.110	0.56	0.245	-0.105	-0.058072	-0.064904	0.999424	-0.1785	-1.143	-2.721	0	20	1027	1
2026-02-11	16:38:35.130	0.49	0.7	0.595	-0.054168	-0.059536	1.005036	-0.1785	-1.1445	-2.73	0	20	1027	1
2026-02-11	16:38:35.150	0.42	1.015	1.155	-0.058316	-0.05612	0.99674	-0.1845	-1.1415	-2.724	0	20	1027	1
2026-02-11	16:38:35.170	0.385	0.875	1.365	-0.061	-0.055632	0.99796	-0.183	-1.1505	-2.7135	0	20	1027	1
2026-02-11	16:38:35.190	0.315	0.385	1.225	-0.072956	-0.053924	0.993324	-0.177	-1.1475	-2.724	0	20	1027	1
2026-02-11	16:38:35.210	0.595	-0.595	0.735	-0.07905599	-0.055144	0.995276	-0.1845	-1.1505	-2.7255	0	19	1025	1
2026-02-11	16:38:35.230	0.945	-1.015	0.105	-0.072468	-0.062952	1.002108	-0.1845	-1.1505	-2.7195	0	19	1025	1
2026-02-11	16:38:35.250	0.77	-0.91	0.035	-0.085644	-0.066856	1.00528	-0.183	-1.146	-2.7255	0	19	1025	1
2026-02-11	16:38:35.270	0.245	-1.12	0	-0.08906	-0.07442	1.010892	-0.1875	-1.152	-2.7255	0	19	1025	1
2026-02-11	16:38:35.290	-0.07	-1.225	-0.56	-0.080764	-0.079788	1.01016	-0.1815	-1.1505	-2.727	0	19	1025	1
2026-02-11	16:38:35.310	-0.105	-0.84	-0.945	-0.063196	-0.073932	1.010892	-0.1815	-1.143	-2.7255	0	19	1025	1
2026-02-11	16:38:35.330	-0.175	-0.21	-0.875	-0.061488	-0.07442	1.00772	-0.1785	-1.1505	-2.721	0	19	1025	1
2026-02-11	16:38:35.350	-0.245	0.455	-0.63	-0.065392	-0.07515199	1.00162	-0.177	-1.1475	-2.7315	0	19	1025	1
2026-02-11	16:38:35.370	-0.245	1.015	-0.525	-0.06832	-0.077836	1.00162	-0.186	-1.1505	-2.7225	0	19	1025	1
2026-02-11	16:38:35.390	-0.35	1.33	-0.42	-0.061732	-0.08052	0.998204	-0.1815	-1.146	-2.7195	0	19	1025	1
2026-02-11	16:38:35.410	-0.525	1.435	-0.035	-0.05612	-0.081008	1.00406	-0.1905	-1.1475	-2.718	0	18	1025	1
2026-02-11	16:38:35.430	-0.735	1.54	0.49	-0.061244	-0.083448	1.003572	-0.177	-1.1505	-2.7255	0	18	1025	1
2026-02-11	16:38:35.450	-0.77	1.54	0.945	-0.064904	-0.078324	0.998204	-0.1905	-1.1475	-2.721	0	18	1025	1
2026-02-11	16:38:35.470	-0.245	1.155	1.19	-0.074908	-0.074664	0.989176	-0.1785	-1.1535	-2.721	0	18	1025	1
2026-02-11	16:38:35.490	0.665	0.385	1.225	-0.083204	-0.073444	0.983564	-0.177	-1.1505	-2.724	0	18	1025	1
2026-02-11	16:38:35.510	1.54	-0.735	1.225	-0.083692	-0.066856	0.985516	-0.183	-1.149	-2.7225	0	18	1025	1
2026-02-11	16:38:35.530	1.995	-1.75	1.155	-0.083204	-0.058804	0.996008	-0.1845	-1.149	-2.7225	0	18	1025	1
2026-02-11	16:38:35.550	1.68	-2.485	0.595	-0.081984	-0.058804	1.002596	-0.1845	-1.149	-2.7225	0	18	1025	1
2026-02-11	16:38:35.570	1.225	-2.485	0.07	-0.0793	-0.06222	1.002108	-0.1875	-1.1475	-2.7225	0	18	1025	1
2026-02-11	16:38:35.590	0.665	-2.45	-0.175	-0.080032	-0.058804	0.995032	-0.189	-1.1445	-2.727	0	18	1025	1
2026-02-11	16:38:35.610	-0.035	-2.52	-0.315	-0.071492	-0.057828	1.004304	-0.1845	-1.146	-2.73	0	17	1024	1
2026-02-11	16:38:35.630	-0.735	-2.555	-0.315	-0.062708	-0.061244	1.009672	-0.183	-1.149	-2.727	0	17	1024	1
2026-02-11	16:38:35.650	-1.19	-2.1	-0.245	-0.06222	-0.056852	1.010892	-0.183	-1.1505	-2.724	0	17	1024	1
2026-02-11	16:38:35.670	-1.365	-1.54	-0.28	-0.073932	-0.057584	1.007964	-0.1815	-1.152	-2.73	0	17	1024	1
2026-02-11	16:38:35.690	-1.155	-1.645	-0.805	-0.06466	-0.063684	1.015528	-0.18	-1.1505	-2.73	0	17	1024	1
2026-02-11	16:38:35.710	-1.26	-1.155	-1.225	-0.055388	-0.062952	1.016504	-0.177	-1.1505	-2.7225	0	17	1024	1
2026-02-11	16:38:35.730	-1.47	-0.245	-1.155	-0.073688	-0.056608	1.011624	-0.1785	-1.1505	-2.724	0	17	1024	1
2026-02-11	16:38:35.750	-1.715	-0.245	-0.91	-0.081008	-0.055632	1.00894	-0.186	-1.149	-2.7255	0	17	1024	1
2026-02-11	16:38:35.770	-2.065	-0.595	-0.945	-0.080032	-0.055144	1.005768	-0.1875	-1.1445	-2.724	0	17	1024	1
2026-02-11	16:38:35.790	-2.38	-0.315	-1.26	-0.062708	-0.057584	1.01016	-0.183	-1.146	-2.7225	0	17	1024	1
2026-02-11	16:38:35.810	-2.415	0.595	-1.4	-0.055876	-0.061732	1.0065	-0.183	-1.1475	-2.7195	0	17	1024	1
2026-02-11	16:38:35.830	-2.1	1.645	-1.75	-0.0732	-0.06222	0.997716	-0.1875	-1.146	-2.724	0	17	1024	1
2026-02-11	16:38:35.850	-1.75	1.61	-2.17	-0.072224	-0.065392	0.989664	-0.1875	-1.1475	-2.73	0	17	1024	1
2026-02-11	16:38:35.870	-1.715	0.84	-2.345	-0.06954	-0.069784	0.994056	-0.183	-1.152	-2.73	0	17	1024	1
2026-02-11	16:38:35.890	-2.135	0.105	-2.31	-0.064416	-0.066612	1.000156	-0.1815	-1.1505	-2.724	0	17	1024	1
2026-02-11	16:38:35.910	-2.555	-0.28	-2.24	-0.066856	-0.0671	1.001132	-0.1845	-1.146	-2.7225	0	17	1024	1
2026-02-11	16:38:35.930	-3.01	-0.595	-1.925	-0.06832	-0.063684	0.999912	-0.1905	-1.146	-2.7255	0	17	1024	1
2026-02-11	16:38:35.950	-3.01	-1.05	-1.54	-0.067588	-0.064416	0.9943	-0.186	-1.149	-2.727	0	17	1024	1
2026-02-11	16:38:35.970	-2.345	-1.33	-1.155	-0.07808	-0.060268	0.992836	-0.1845	-1.1475	-2.7315	0	17	1024	1
2026-02-11	16:38:35.990	-1.785	-1.68	-0.7	-0.080764	-0.062708	0.9882	-0.1875	-1.143	-2.7315	0	17	1024	1
2026-02-11	16:38:36.010	-1.155	-2.59	0	-0.06954	-0.064904	0.989176	-0.186	-1.143	-2.727	0	16	1024	1
2026-02-11	16:38:36.030	-0.945	-3.115	0.49	-0.066368	-0.061732	0.997472	-0.189	-1.1415	-2.73	0	16	1024	1
2026-02-11	16:38:36.050	-0.805	-3.325	0.665	-0.063684	-0.062708	1.006988	-0.189	-1.1415	-2.727	0	16	1024	1
2026-02-11	16:38:36.070	-1.295	-2.905	0.49	-0.067832	-0.066612	1.00406	-0.186	-1.149	-2.724	0	16	1024	1
2026-02-11	16:38:36.090	-2.17	-3.01	0.105	-0.062464	-0.065148	1.0004	-0.186	-1.155	-2.7285	0	16	1024	1
2026-02-11	16:38:36.110	-2.415	-3.185	-0.245	-0.059048	-0.06588	0.998936	-0.189	-1.1475	-2.724	0	16	1024	1
2026-02-11	16:38:36.130	-2.625	-3.115	-0.735	-0.06466	-0.06222	1.0004	-0.183	-1.1415	-2.73	0	16	1024	1
2026-02-11	16:38:36.150	-2.87	-3.01	-1.05	-0.064416	-0.07442	1.00162	-0.189	-1.143	-2.727	0	16	1024	1
2026-02-11	16:38:36.170	-3.15	-2.975	-1.155	-0.058804	-0.079544	1.002596	-0.186	-1.146	-2.721	0	16	1024	1
2026-02-11	16:38:36.190	-3.115	-2.52	-0.84	-0.047092	-0.076616	0.997472	-0.186	-1.143	-2.7285	0	16	1024	1
2026-02-11	16:38:36.210	-2.625	-2.205	-0.105	-0.052948	-0.07515199	0.997472	-0.189	-1.1415	-2.7345	0	16	1024	1
2026-02-11	16:38:36.230	-2.275	-2.835	0.665	-0.056364	-0.076128	1.000644	-0.1875	-1.146	-2.724	0	16	1024	1
2026-02-11	16:38:36.250	-2.1	-3.71	1.19	-0.05734	-0.074664	0.999668	-0.189	-1.1475	-2.7225	0	16	1024	1
2026-02-11	16:38:36.270	-1.575	-3.85	1.26	-0.0488	-0.07198	0.997472	-0.1905	-1.149	-2.727	0	16	1024	1
2026-02-11	16:38:36.290	-0.77	-3.465	1.12	-0.047336	-0.067588	0.998204	-0.1935	-1.1415	-2.7195	0	16	1024	1
2026-02-11	16:38:36.310	-0.525	-3.15	0.945	-0.046848	-0.070028	0.995276	-0.192	-1.143	-2.7225	0	16	1024	1
2026-02-11	16:38:36.330	-1.015	-3.15	0.91	-0.045872	-0.069296	0.995276	-0.1935	-1.146	-2.724	0	16	1024	1
2026-02-11	16:38:36.350	-1.96	-3.325	1.12	-0.038796	-0.068808	0.99674	-0.195	-1.149	-2.7255	0	16	1024	1
2026-02-11	16:38:36.370	-3.08	-3.465	1.47	-0.028304	-0.07198	1.004792	-0.195	-1.149	-2.7255	0	16	1024	1
2026-02-11	16:38:36.390	-3.64	-3.605	1.61	-0.030256	-0.080276	1.009916	-0.189	-1.1415	-2.73	0	16	1024	1
2026-02-11	16:38:36.410	-3.57	-3.115	1.435	-0.038064	-0.080764	1.000644	-0.195	-1.134	-2.721	0	15	1023	1
2026-02-11	16:38:36.430	-2.975	-2.59	1.12	-0.043188	-0.084912	0.994056	-0.1875	-1.1445	-2.7225	0	15	1023	1
2026-02-11	16:38:36.450	-2.52	-2.66	1.295	-0.044652	-0.087596	0.994544	-0.1845	-1.143	-2.715	0	15	1023	1
2026-02-11	16:38:36.470	-2.45	-3.325	1.82	-0.03904	-0.088328	0.993324	-0.195	-1.143	-2.7225	0	15	1023	1
2026-02-11	16:38:36.490	-2.38	-4.095	2.38	-0.031964	-0.085888	1.001864	-0.1935	-1.1385	-2.7315	0	15	1023	1
2026-02-11	16:38:36.510	-2.31	-4.655	2.66	-0.031964	-0.08662	1.01382	-0.198	-1.1475	-2.7255	0	15	1023	1
2026-02-11	16:38:36.530	-2.52	-4.865	3.01	-0.023668	-0.082716	1.018944	-0.195	-1.155	-2.7225	0	15	1023	1
2026-02-11	16:38:36.550	-2.59	-4.62	3.325	-0.03416	-0.07686	0.998692	-0.1995	-1.146	-2.7225	0	15	1023	1
2026-02-11	16:38:36.570	-1.715	-4.34	3.15	-0.040016	-0.066368	0.987224	-0.1875	-1.134	-2.7165	0	15	1023	1
2026-02-11	16:38:36.590	-0.63	-4.235	2.59	-0.027572	-0.07198	0.98942	-0.198	-1.14	-2.721	0	15	1023	1
2026-02-11	16:38:36.610	-0.035	-3.885	2.45	-0.01464	-0.06832	0.994056	-0.189	-1.1355	-2.724	0	15	1023	1
2026-02-11	16:38:36.630	0.805	-2.73	2.66	-0.005612	-0.066368	0.99064	-0.192	-1.14	-2.7285	0	15	1023	1
2026-02-11	16:38:36.650	1.435	-2.45	2.38	-0.011224	-0.066856	0.992348	-0.1965	-1.1445	-2.7285	0	15	1023	1
2026-02-11	16:38:36.670	1.575	-2.1	2.03	-0.00488	-0.081496	1.011624	-0.1935	-1.152	-2.73	0	15	1023	1
2026-02-11	16:38:36.690	0.7	-1.505	2.24	-0.011224	-0.089792	1.022848	-0.1905	-1.1445	-2.7255	0	15	1023	1
2026-02-11	16:38:36.710	-0.455	-1.715	2.485	-0.023668	-0.090036	1.011868	-0.198	-1.14	-2.7225	0	15	1023	1
2026-02-11	16:38:36.730	-0.98	-3.185	1.925	-0.039772	-0.091012	1.009428	-0.204	-1.143	-2.7255	0	15	1023	1
2026-02-11	16:38:36.750	-1.33	-5.11	0.84	-0.029036	-0.091012	1.024312	-0.2025	-1.146	-2.727	0	15	1023	1
2026-02-11	16:38:36.770	-2.73	-6.265	0.56	-0.027572	-0.099064	1.043588	-0.1965	-1.143	-2.7255	0	15	1023	1
2026-02-11	16:38:36.790	-4.9	-5.775	1.05	-0.046604	-0.1037	1.035292	-0.198	-1.1385	-2.7225	0	15	1023	1
2026-02-11	16:38:36.810	-6.755	-4.585	1.505	-0.057828	-0.115168	1.028216	-0.1965	-1.1415	-2.721	0	15	1023	1
2026-02-11	16:38:36.830	-8.47	-3.99	1.995	-0.05368	-0.135176	1.027728	-0.1965	-1.143	-2.724	0	15	1023	1
2026-02-11	16:38:36.850	-9.835	-4.165	3.36	-0.035868	-0.148352	1.027728	-0.1995	-1.1415	-2.73	0	15	1023	1
2026-02-11	16:38:36.870	-10.43	-4.83	5.355	-0.016104	-0.165676	1.037732	-0.213	-1.137	-2.724	0	15	1023	1
2026-02-11	16:38:36.890	-10.36	-4.725	8.47	-0.00122	-0.178852	1.053592	-0.213	-1.146	-2.7255	0	15	1023	1
2026-02-11	16:38:36.910	-10.185	-3.92	11.935	-0.005368	-0.181292	1.046272	-0.213	-1.146	-2.7255	0	15	1023	1
2026-02-11	16:38:36.930	-9.52	-3.465	14.07	-0.021716	-0.169336	1.007476	-0.2085	-1.1385	-2.721	0	15	1023	1
2026-02-11	16:38:36.950	-7.7	-3.15	15.365	-0.031964	-0.164944	0.976732	-0.2055	-1.1325	-2.7255	0	15	1023	1
2026-02-11	16:38:36.970	-4.585	-2.59	16.52	-0.034404	-0.148596	0.931104	-0.21	-1.134	-2.7285	0	15	1023	1
2026-02-11	16:38:36.990	-0.455	-1.715	18.06	-0.01708	-0.128588	0.912316	-0.207	-1.1325	-2.7255	0	15	1023	1
2026-02-11	16:38:37.010	3.885	-1.155	19.565	-0.02196	-0.108824	0.915488	-0.201	-1.1355	-2.7225	0	16	1025	1
2026-02-11	16:38:37.030	7.07	-1.47	20.72	-0.039772	-0.09638	0.926956	-0.198	-1.14	-2.7285	0	16	1025	1
2026-02-11	16:38:37.050	7.98	-2.905	21.7	-0.05612	-0.083204	0.941352	-0.192	-1.14	-2.7285	0	16	1025	1
2026-02-11	16:38:37.070	6.93	-5.18	22.505	-0.06222	-0.0732	0.952088	-0.1965	-1.1445	-2.7285	0	16	1025	1
2026-02-11	16:38:37.090	4.865	-7.525	23.065	-0.059536	-0.056364	0.960384	-0.2055	-1.152	-2.73	0	16	1025	1
2026-02-11	16:38:37.110	2.905	-9.345	23.275	-0.072468	-0.041968	0.952088	-0.204	-1.158	-2.727	0	16	1025	1
2026-02-11	16:38:37.130	1.505	-10.99	22.75	-0.06466	-0.04026	0.95526	-0.198	-1.1625	-2.727	0	16	1025	1
2026-02-11	16:38:37.150	0.35	-12.6	21.7	-0.042944	-0.04148	0.962824	-0.198	-1.1595	-2.7255	0	16	1025	1
2026-02-11	16:38:37.170	-1.365	-15.575	20.825	-0.025376	-0.027816	0.942572	-0.201	-1.155	-2.7285	0	16	1025	1
2026-02-11	16:38:37.190	-1.085	-17.78	20.23	-0.02074	-0.012444	0.930372	-0.201	-1.155	-2.7285	0	16	1025	1
2026-02-11	16:38:37.210	0.315	-19.81	18.69	-0.03172	0	0.944524	-0.2115	-1.1565	-2.727	0	19	1021	1
2026-02-11	16:38:37.230	2.065	-21.385	16.1	-0.019764	0.007564	0.986492	-0.2175	-1.1625	-2.7345	0	19	1021	1
2026-02-11	16:38:37.250	3.045	-21.56	13.615	-0.011468	0.020496	1.01382	-0.2175	-1.1535	-2.7315	0	19	1021	1
2026-02-11	16:38:37.270	3.5	-20.545	11.935	-0.012932	0.020008	1.029192	-0.222	-1.1655	-2.7315	0	19	1021	1
2026-02-11	16:38:37.290	3.675	-18.795	10.605	-0.02684	0.00854	1.040416	-0.2205	-1.167	-2.745	0	19	1021	1
2026-02-11	16:38:37.310	3.15	-16.485	9.345	-0.030012	0.002928	1.03944	-0.219	-1.17	-2.745	0	19	1021	1
2026-02-11	16:38:37.330	2.17	-14.21	8.365	-0.044164	-0.012444	1.031388	-0.2265	-1.161	-2.745	0	19	1021	1
2026-02-11	16:38:37.350	1.89	-12.18	7.63	-0.046116	-0.018056	1.020164	-0.2235	-1.1715	-2.742	0	19	1021	1
2026-02-11	16:38:37.370	2.905	-9.94	6.23	-0.032696	-0.02196	1.049688	-0.225	-1.173	-2.739	0	19	1021	1
2026-02-11	16:38:37.390	3.045	-6.72	4.41	-0.029036	-0.01464	1.076528	-0.2265	-1.1715	-2.739	0	19	1021	1
2026-02-11	16:38:37.410	1.855	-3.22	2.975	-0.007808	0.000488	1.090192	-0.225	-1.1715	-2.745	0	24	1017	1
2026-02-11	16:38:37.430	0.07	-0.63	1.925	0.0244	0.005856	1.101416	-0.2265	-1.1775	-2.745	0	24	1017	1
2026-02-11	16:38:37.450	-1.295	0.385	0.945	0.033672	0.00366	1.098732	-0.2295	-1.179	-2.7435	0	24	1017	1
2026-02-11	16:38:37.470	-2.38	0.91	-0.49	0.026596	-0.004636	1.068232	-0.228	-1.1685	-2.7345	0	24	1017	1
2026-02-11	16:38:37.490	-1.715	1.505	-3.255	0.030988	-0.007076	1.024068	-0.2295	-1.167	-2.7375	0	24	1017	1
2026-02-11	16:38:37.510	1.82	2.38	-7.28	0.043432	-0.010492	1.005768	-0.228	-1.1655	-2.733	0	24	1017	1
2026-02-11	16:38:37.530	5.915	3.92	-11.69	0.06954	-0.015616	0.99918	-0.2175	-1.1685	-2.745	0	24	1017	1
2026-02-11	16:38:37.550	8.645	4.865	-14.805	0.09857599	-0.014396	0.999912	-0.231	-1.17	-2.736	0	24	1017	1
2026-02-11	16:38:37.570	10.675	4.585	-16.415	0.12322	-0.012688	1.000156	-0.222	-1.173	-2.745	0	24	1017	1
2026-02-11	16:38:37.590	12.565	4.13	-17.15	0.122488	-0.018056	0.99674	-0.2265	-1.1685	-2.733	0	24	1017	1
2026-02-11	16:38:37.610	13.755	3.115	-18.06	0.117364	-0.035868	1.00894	-0.2205	-1.176	-2.7435	0	30	1022	1
2026-02-11	16:38:37.630	12.425	0.805	-19.11	0.102724	-0.061	1.034316	-0.228	-1.1655	-2.733	0	30	1022	1
2026-02-11	16:38:37.650	8.82	-2.17	-20.615	0.07686	-0.082716	1.039684	-0.2205	-1.17	-2.7435	0	30	1022	1
2026-02-11	16:38:37.670	5.04	-4.48	-22.715	0.063196	-0.07905599	1.025288	-0.2295	-1.176	-2.745	0	30	1022	1
2026-02-11	16:38:37.690	2.135	-6.16	-25.305	0.07564	-0.078568	1.03212	-0.2325	-1.173	-2.7465	0	30	1022	1
2026-02-11	16:38:37.710	-1.05	-6.965	-29.05	0.071736	-0.07076	1.004548	-0.2265	-1.1685	-2.7435	0	30	1022	1
2026-02-11	16:38:37.730	-1.05	-5.635	-32.2	0.06954	-0.055632	0.975024	-0.2295	-1.17	-2.742	0	30	1022	1
2026-02-11	16:38:37.750	0.175	-4.27	-35.595	0.085156	-0.041968	0.970388	-0.2355	-1.1715	-2.742	0	30	1022	1
2026-02-11	16:38:37.770	1.68	-2.59	-38.185	0.115168	-0.02928	0.9638	-0.24	-1.167	-2.7435	0	30	1022	1
2026-02-11	16:38:37.790	2.87	-1.12	-39.27	0.144204	-0.025376	0.99308	-0.243	-1.164	-2.751	0	30	1022	1
2026-02-11	16:38:37.810	1.82	-0.595	-38.885	0.157136	-0.0305	1.028948	-0.2415	-1.167	-2.7495	0	36	1028	1
2026-02-11	16:38:37.830	-0.84	-0.525	-37.905	0.16714	-0.027572	1.068232	-0.2415	-1.1625	-2.745	0	36	1028	1
2026-02-11	16:38:37.850	-3.5	-0.035	-37.24	0.164456	-0.02562	1.081896	-0.2475	-1.158	-2.7435	0	36	1028	1
2026-02-11	16:38:37.870	-5.67	0.49	-37.38	0.16104	-0.012444	1.070184	-0.246	-1.158	-2.742	0	36	1028	1
2026-02-11	16:38:37.890	-7.455	0	-37.66	0.173728	-0.010248	1.059204	-0.24	-1.158	-2.7435	0	36	1028	1
2026-02-11	16:38:37.910	-8.68	-1.365	-38.01	0.158356	-0.009028	1.049444	-0.243	-1.1565	-2.7495	0	36	1028	1
2026-02-11	16:38:37.930	-9.275	-1.995	-38.85	0.15006	-0.004148	1.033584	-0.2565	-1.152	-2.742	0	36	1028	1
2026-02-11	16:38:37.950	-9.8	-1.925	-39.83	0.143472	-0.000976	1.003572	-0.2535	-1.1475	-2.739	0	36	1028	1
2026-02-11	16:38:37.970	-9.24	-1.155	-40.425	0.144936	-0.003904	0.994544	-0.2415	-1.1445	-2.739	0	36	1028	1
2026-02-11	16:38:37.990	-8.925	1.505	-40.285	0.133712	-0.026596	0.999424	-0.2415	-1.1445	-2.739	0	36	1028	1
2026-02-11	16:38:38.010	-9.8	4.48	-38.92	0.124928	-0.039284	1.004792	-0.246	-1.134	-2.742	0	43	1033	1
2026-02-11	16:38:38.030	-10.57	6.79	-36.96	0.139568	-0.050996	1.01016	-0.252	-1.1265	-2.7435	0	43	1033	1
2026-02-11	16:38:38.050	-10.885	8.785	-34.72	0.150304	-0.056608	1.012112	-0.2535	-1.1295	-2.739	0	43	1033	1
2026-02-11	16:38:38.070	-10.36	10.71	-32.375	0.178364	-0.063928	1.021384	-0.2535	-1.1235	-2.7375	0	43	1033	1
2026-02-11	16:38:38.090	-9.275	12.95	-29.33	0.191784	-0.081496	1.025776	-0.2565	-1.1175	-2.7375	0	43	1033	1
2026-02-11	16:38:38.110	-8.295	14.98	-25.34	0.166652	-0.095404	0.995032	-0.2535	-1.119	-2.7345	0	43	1033	1
2026-02-11	16:38:38.130	-6.65	15.47	-20.825	0.134444	-0.099796	0.976732	-0.2535	-1.119	-2.7315	0	43	1033	1
2026-02-11	16:38:38.150	-4.375	14.91	-16.485	0.151768	-0.119804	1.024556	-0.2565	-1.116	-2.7285	0	43	1033	1
2026-02-11	16:38:38.170	-3.045	16.17	-11.935	0.160552	-0.132248	1.066036	-0.252	-1.113	-2.7255	0	43	1033	1
2026-02-11	16:38:38.190	-3.01	18.865	-6.72	0.136152	-0.144692	1.064572	-0.2505	-1.1175	-2.724	0	43	1033	1
2026-02-11	16:38:38.210	-3.255	19.845	-1.75	0.10004	-0.15738	1.038952	-0.249	-1.1175	-2.7255	0	49	1036	1
2026-02-11	16:38:38.230	-3.045	18.27	2.31	0.080276	-0.161528	1.023824	-0.246	-1.113	-2.724	0	49	1036	1
2026-02-11	16:38:38.250	-0.63	17.01	6.685	0.040992	-0.160552	0.970876	-0.246	-1.113	-2.7255	0	49	1036	1
2026-02-11	16:38:38.270	2.17	16.065	9.52	0.04392	-0.163968	0.965508	-0.2325	-1.1055	-2.727	0	49	1036	1
2026-02-11	16:38:38.290	4.165	12.425	13.44	0.072956	-0.174216	1.020164	-0.243	-1.116	-2.721	0	49	1036	1
2026-02-11	16:38:38.310	4.095	6.965	19.25	0.0793	-0.185684	1.05774	-0.2385	-1.1235	-2.721	0	49	1036	1
2026-02-11	16:38:38.330	2.625	4.06	24.57	0.047824	-0.165432	1.028948	-0.2355	-1.1175	-2.7195	0	49	1036	1
2026-02-11	16:38:38.350	1.785	3.815	26.53	0.014396	-0.149084	0.97356	-0.2325	-1.1235	-2.7375	0	49	1036	1
2026-02-11	16:38:38.370	2.695	2.59	25.62	0.013908	-0.152744	0.941596	-0.2325	-1.1205	-2.733	0	49	1036	1
2026-02-11	16:38:38.390	3.71	0.735	24.36	0.044164	-0.153964	0.937936	-0.2295	-1.1265	-2.73	0	49	1036	1
2026-02-11	16:38:38.410	3.465	-0.77	24.325	0.055388	-0.162992	0.938424	-0.234	-1.1325	-2.7255	0	54	1037	1
2026-02-11	16:38:38.430	1.925	-1.96	25.83	0.080032	-0.173728	0.963556	-0.2325	-1.131	-2.724	0	54	1037	1
2026-02-11	16:38:38.450	-0.84	-2.135	28.28	0.074908	-0.1891	0.97722	-0.2355	-1.1325	-2.724	0	54	1037	1
2026-02-11	16:38:38.470	-3.745	-1.435	30.695	0.077836	-0.190564	0.987712	-0.2295	-1.1325	-2.724	0	54	1037	1
2026-02-11	16:38:38.490	-6.755	-1.015	33.11	0.080032	-0.21228	1.00284	-0.225	-1.1325	-2.727	0	54	1037	1
2026-02-11	16:38:38.510	-10.92	-0.525	37.205	0.047092	-0.224968	0.973072	-0.2295	-1.1325	-2.73	0	54	1037	1
2026-02-11	16:38:38.530	-12.845	-0.735	41.23	0.011712	-0.22204	0.931348	-0.2265	-1.1295	-2.7315	0	54	1037	1
2026-02-11	16:38:38.550	-11.935	-2.835	42.665	0.02318	-0.2135	0.942328	-0.222	-1.131	-2.733	0	54	1037	1
2026-02-11	16:38:38.570	-10.22	-5.46	43.19	0.019764	-0.205448	0.941352	-0.222	-1.1355	-2.721	0	54	1037	1
2026-02-11	16:38:38.590	-7.315	-7.665	43.085	0	-0.197152	0.933788	-0.2235	-1.1415	-2.7315	0	54	1037	1
2026-02-11	16:38:38.610	-3.815	-9.59	41.895	-0.025376	-0.195444	0.943304	-0.228	-1.143	-2.727	0	60	1031	1
2026-02-11	16:38:38.630	-1.82	-12.11	40.32	-0.03172	-0.203984	0.969168	-0.222	-1.143	-2.7315	0	60	1031	1
2026-02-11	16:38:38.650	-2.205	-15.19	39.445	-0.035624	-0.205692	0.98332	-0.2355	-1.1505	-2.7285	0	60	1031	1
2026-02-11	16:38:38.670	-3.5	-17.92	38.885	-0.047092	-0.211548	1.017724	-0.2235	-1.152	-2.736	0	60	1031	1
2026-02-11	16:38:38.690	-5.95	-18.83	37.94	-0.027572	-0.2196	1.049932	-0.2205	-1.146	-2.7375	0	60	1031	1
2026-02-11	16:38:38.710	-9.1	-17.745	37.485	-0.025864	-0.209108	1.02968	-0.225	-1.1475	-2.73	0	60	1031	1
2026-02-11	16:38:38.730	-10.71	-16.38	37.415	-0.02928	-0.19276	0.995032	-0.225	-1.155	-2.736	0	60	1031	1
2026-02-11	16:38:38.750	-10.185	-15.225	36.61	-0.027572	-0.187636	0.988688	-0.2295	-1.155	-2.7315	0	60	1031	1
2026-02-11	16:38:38.770	-9.17	-12.53	35.77	-0.019032	-0.191296	0.985272	-0.2325	-1.158	-2.7315	0	60	1031	1
2026-02-11	16:38:38.790	-7.98	-7.91	36.96	0.000244	-0.180316	0.959652	-0.219	-1.152	-2.7285	0	60	1031	1
2026-02-11	16:38:38.810	-6.405	-6.09	38.85	0.009028	-0.171288	0.960384	-0.2265	-1.152	-2.733	0	64	1023	1
2026-02-11	16:38:38.830	-5.04	-4.27	40.46	-0.000244	-0.16714	0.987712	-0.2295	-1.155	-2.736	0	64	1023	1
2026-02-11	16:38:38.850	-4.69	-2.73	41.3	-0.014884	-0.173728	1.002596	-0.228	-1.155	-2.7375	0	64	1023	1
2026-02-11	16:38:38.870	-5.11	-1.68	41.475	-0.02806	-0.189588	1.005036	-0.2295	-1.155	-2.739	0	64	1023	1
2026-02-11	16:38:38.890	-5.215	-0.595	40.915	-0.039284	-0.185684	0.989176	-0.228	-1.158	-2.7315	0	64	1023	1
2026-02-11	16:38:38.910	-4.55	-0.595	39.585	-0.03294	-0.188856	0.972584	-0.2265	-1.1625	-2.7255	0	64	1023	1
2026-02-11	16:38:38.930	-3.885	-2.555	38.57	-0.021716	-0.195688	0.96746	-0.2235	-1.17	-2.7315	0	64	1023	1
2026-02-11	16:38:38.950	-2.94	-5.425	37.73	-0.019032	-0.195688	0.963068	-0.222	-1.17	-2.736	0	64	1023	1
2026-02-11	16:38:38.970	-1.365	-7.245	36.435	-0.019276	-0.199104	0.960628	-0.222	-1.1655	-2.736	0	64	1023	1
2026-02-11	16:38:38.990	0.07	-8.225	35.28	-0.0305	-0.196176	0.951844	-0.2235	-1.17	-2.739	0	64	1023	1
2026-02-11	16:38:39.010	1.33	-9.45	34.02	-0.039528	-0.17934	0.932568	-0.216	-1.1715	-2.7375	0	68	1016	1
2026-02-11	16:38:39.030	3.15	-10.85	32.165	-0.038308	-0.167872	0.93696	-0.225	-1.17	-2.733	0	68	1016	1
2026-02-11	16:38:39.050	4.515	-10.395	29.61	-0.028304	-0.17446	0.987224	-0.2235	-1.1805	-2.736	0	68	1016	1
2026-02-11	16:38:39.070	3.08	-8.4	28.35	-0.002196	-0.17812	1.01626	-0.2235	-1.1805	-2.736	0	68	1016	1
2026-02-11	16:38:39.090	1.225	-7.14	28.56	-0.016836	-0.166408	0.987468	-0.2235	-1.179	-2.7405	0	68	1016	1
2026-02-11	16:38:39.110	0.91	-6.58	28.28	-0.032452	-0.149572	0.977952	-0.222	-1.1805	-2.7435	0	68	1016	1
2026-02-11	16:38:39.130	0.98	-6.44	27.545	-0.0366	-0.136396	0.966484	-0.2235	-1.185	-2.7405	0	68	1016	1
2026-02-11	16:38:39.150	1.225	-7.07	26.88	-0.023912	-0.126392	0.971852	-0.2265	-1.188	-2.739	0	68	1016	1
2026-02-11	16:38:39.170	1.505	-7.665	26.775	-0.017568	-0.115656	0.989664	-0.2265	-1.185	-2.742	0	68	1016	1
2026-02-11	16:38:39.190	1.015	-8.82	26.705	-0.00244	-0.121024	1.017236	-0.2235	-1.182	-2.745	0	68	1016	1
2026-02-11	16:38:39.210	0.105	-10.045	26.355	-0.001952	-0.116632	1.030412	-0.2265	-1.1895	-2.7435	0	69	1011	1
2026-02-11	16:38:39.230	-0.07	-10.43	24.955	0.000244	-0.11346	1.006012	-0.231	-1.1925	-2.745	0	69	1011	1
2026-02-11	16:38:39.250	0.875	-11.27	23.03	-0.00976	-0.104676	0.960384	-0.2295	-1.1895	-2.748	0	69	1011	1
2026-02-11	16:38:39.270	2.905	-12.985	21	-0.000488	-0.100772	0.945012	-0.2295	-1.194	-2.7465	0	69	1011	1
2026-02-11	16:38:39.290	4.48	-13.755	19.145	0.01708	-0.103212	0.946964	-0.231	-1.1985	-2.745	0	69	1011	1
2026-02-11	16:38:39.310	5.285	-13.335	18.165	0.041968	-0.089304	0.961604	-0.228	-1.1955	-2.7495	0	69	1011	1
2026-02-11	16:38:39.330	4.375	-12.565	17.675	0.072224	-0.069296	1.005768	-0.225	-1.191	-2.7525	0	69	1011	1
2026-02-11	16:38:39.350	2.24	-12.81	17.045	0.099064	-0.065636	1.03944	-0.225	-1.191	-2.7525	0	69	1011	1
2026-02-11	16:38:39.370	0.63	-12.53	15.4	0.096868	-0.067832	1.039684	-0.231	-1.212	-2.751	0	69	1011	1
2026-02-11	16:38:39.390	0.665	-11.06	12.845	0.09272	-0.063684	1.017236	-0.234	-1.209	-2.7465	0	69	1011	1
2026-02-11	16:38:39.410	2.24	-9.73	10.045	0.100528	-0.052216	0.991128	-0.234	-1.2045	-2.751	0	70	1010	1
2026-02-11	16:38:39.430	4.69	-9.135	7.14	0.135664	-0.045872	1.00162	-0.2355	-1.2075	-2.751	0	70	1010	1
2026-02-11	16:38:39.450	6.86	-8.19	4.76	0.152256	-0.053924	1.027484	-0.2385	-1.2075	-2.751	0	70	1010	1
2026-02-11	16:38:39.470	8.155	-6.44	3.22	0.166652	-0.061244	1.0309	-0.24	-1.209	-2.742	0	70	1010	1
2026-02-11	16:38:39.490	8.61	-5.46	2.66	0.194956	-0.06466	1.063596	-0.2385	-1.209	-2.7465	0	70	1010	1
2026-02-11	16:38:39.510	8.015	-5.005	2.8	0.200324	-0.058804	1.0797	-0.2355	-1.209	-2.7525	0	70	1010	1
2026-02-11	16:38:39.530	7.35	-4.34	2.31	0.199348	-0.05368	1.089216	-0.237	-1.2105	-2.7525	0	70	1010	1
2026-02-11	16:38:39.550	6.895	-4.27	1.155	0.19032	-0.046116	1.069696	-0.2385	-1.2075	-2.7555	0	70	1010	1
2026-02-11	16:38:39.570	6.79	-5.285	-0.455	0.164212	-0.029036	1.048224	-0.2415	-1.2075	-2.7555	0	70	1010	1
2026-02-11	16:38:39.590	6.3	-6.3	-2.52	0.152256	-0.01952	1.043344	-0.2445	-1.215	-2.754	0	70	1010	1
2026-02-11	16:38:39.610	5.04	-5.18	-3.955	0.123464	-0.003172	1.024068	-0.246	-1.2165	-2.754	0	70	1014	1
2026-02-11	16:38:39.630	4.2	-2.415	-5.355	0.095404	0.001952	0.999668	-0.243	-1.212	-2.754	0	70	1014	1
2026-02-11	16:38:39.650	3.99	-0.385	-7	0.114924	-0.005612	1.009428	-0.249	-1.215	-2.7585	0	70	1014	1
2026-02-11	16:38:39.670	3.36	1.435	-7.98	0.135176	-0.03294	1.020164	-0.2445	-1.2195	-2.7465	0	70	1014	1
2026-02-11	16:38:39.690	2.52	3.64	-7.42	0.150792	-0.032696	1.024312	-0.243	-1.2165	-2.751	0	70	1014	1
2026-02-11	16:38:39.710	1.89	6.335	-7.175	0.152744	-0.038552	1.00406	-0.243	-1.212	-2.7555	0	70	1014	1
2026-02-11	16:38:39.730	2.275	7.385	-6.51	0.165432	-0.04758	0.982588	-0.2415	-1.212	-2.763	0	70	1014	1
2026-02-11	16:38:39.750	3.15	7.77	-4.375	0.172996	-0.061732	0.98332	-0.2445	-1.2105	-2.7585	0	70	1014	1
2026-02-11	16:38:39.770	3.885	9.345	-1.4	0.164456	-0.069296	0.984052	-0.24	-1.212	-2.754	0	70	1014	1
2026-02-11	16:38:39.790	4.305	12.005	0.77	0.13786	-0.061732	0.967704	-0.237	-1.2165	-2.757	0	70	1014	1
2026-02-11	16:38:39.810	5.145	14.385	2.03	0.11956	-0.07198	0.944524	-0.237	-1.212	-2.754	0	72	1021	1
2026-02-11	16:38:39.830	6.125	16.31	3.255	0.116876	-0.074176	0.939888	-0.2295	-1.2105	-2.7555	0	72	1021	1
2026-02-11	16:38:39.850	5.95	18.48	5.005	0.119804	-0.087108	0.945744	-0.234	-1.218	-2.7495	0	72	1021	1
2026-02-11	16:38:39.870	2.555	20.79	10.92	0.115656	-0.068564	0.901336	-0.2325	-1.2165	-2.751	0	72	1021	1
2026-02-11	16:38:39.890	0	21.595	14.175	0.078568	-0.044652	0.827404	-0.228	-1.221	-2.751	0	72	1021	1
2026-02-11	16:38:39.910	-0.28	21.07	15.155	0.04758	-0.021716	0.778604	-0.2235	-1.227	-2.751	0	72	1021	1
2026-02-11	16:38:39.930	1.155	20.405	14.35	0.041968	-0.020252	0.772992	-0.222	-1.2285	-2.748	0	72	1021	1
2026-02-11	16:38:39.950	3.01	21.385	13.58	0.031964	-0.018544	0.7625	-0.2175	-1.2285	-2.748	0	72	1021	1
2026-02-11	16:38:39.970	5.635	23.03	12.705	-0.02196	0.006832	0.737124	-0.2115	-1.227	-2.7465	0	72	1021	1
2026-02-11	16:38:39.990	9.87	23.17	10.57	-0.050264	0.033916	0.733708	-0.207	-1.2285	-2.748	0	72	1021	1
2026-02-11	16:38:40.010	17.99	17.99	5.565	-0.023668	0.062708	0.809836	-0.2055	-1.23	-2.754	0	74	1012	1
2026-02-11	16:38:40.030	22.96	14.14	1.68	-0.025132	0.077592	0.878644	-0.2055	-1.23	-2.754	0	74	1012	1
2026-02-11	16:38:40.050	26.915	11.235	-3.5	-0.008784	0.085888	0.962336	-0.2115	-1.2375	-2.7525	0	74	1012	1
2026-02-11	16:38:40.070	25.935	9.345	-7.385	0.031964	0.055632	1.051152	-0.1995	-1.2405	-2.751	0	74	1012	1
2026-02-11	16:38:40.090	19.39	8.4	-8.75	0.051728	0.032208	1.053836	-0.2085	-1.239	-2.7525	0	74	1012	1
2026-02-11	16:38:40.110	12.6	8.26	-9.065	0.027816	0.033428	1.001376	-0.2055	-1.2465	-2.745	0	74	1012	1
2026-02-11	16:38:40.130	7.56	8.855	-9.555	0.020252	0.007808	1.000644	-0.2055	-1.242	-2.7435	0	74	1012	1
2026-02-11	16:38:40.150	2.45	7.98	-7.175	0.034404	-0.001464	1.075552	-0.2055	-1.242	-2.7435	0	74	1012	1
2026-02-11	16:38:40.170	-3.045	5.88	-1.785	0.066124	0.000732	1.175348	-0.2025	-1.242	-2.7435	0	74	1012	1
2026-02-11	16:38:40.190	-10.535	1.995	4.655	0.061732	-0.007808	1.25538	-0.201	-1.242	-2.7435	0	74	1012	1
2026-02-11	16:38:40.210	-19.495	-4.585	9.415	-0.023424	-0.035624	1.25782	-0.1995	-1.2405	-2.742	0	79	999	1
2026-02-11	16:38:40.230	-23.905	-11.305	10.115	-0.081496	-0.069784	1.208532	-0.201	-1.245	-2.7435	0	79	999	1
2026-02-11	16:38:40.250	-19.915	-14.07	5.145	-0.126636	-0.0732	1.137772	-0.2025	-1.242	-2.7465	0	79	999	1
2026-02-11	16:38:40.270	-10.5	-16.555	-1.75	-0.111996	-0.097112	1.142408	-0.2025	-1.233	-2.7465	0	79	999	1
2026-02-11	16:38:40.290	-3.78	-20.37	-7.07	-0.065392	-0.128588	1.159488	-0.2055	-1.233	-2.7495	0	79	999	1
2026-02-11	16:38:40.310	-2.135	-24.92	-9.31	-0.021472	-0.152988	1.154852	-0.207	-1.23	-2.7465	0	79	999	1
2026-02-11	16:38:40.330	-2.835	-27.86	-8.96	0.027084	-0.148596	1.122156	-0.21	-1.2285	-2.7435	0	79	999	1
2026-02-11	16:38:40.350	-3.605	-26.985	-7.49	0.041236	-0.127612	1.09678	-0.21	-1.2285	-2.7495	0	79	999	1
2026-02-11	16:38:40.370	-4.83	-24.185	-4.795	0.052704	-0.108336	1.081896	-0.2175	-1.224	-2.757	0	79	999	1
2026-02-11	16:38:40.390	-7.875	-21.595	-1.12	0.070272	-0.097356	1.0858	-0.225	-1.224	-2.7525	0	79	999	1
2026-02-11	16:38:40.410	-11.095	-17.675	1.96	0.052216	-0.077592	1.01992	-0.2235	-1.2255	-2.7465	0	87	1009	1
2026-02-11	16:38:40.430	-9.905	-13.16	1.4	0.011468	-0.060756	0.951112	-0.2235	-1.2255	-2.7465	0	87	1009	1
2026-02-11	16:38:40.450	-7.735	-10.01	0.21	-0.016592	-0.050752	0.895236	-0.2235	-1.221	-2.754	0	87	1009	1
2026-02-11	16:38:40.470	-6.16	-7.945	-0.21	-0.019032	-0.050264	0.871324	-0.24	-1.215	-2.7525	0	87	1009	1
2026-02-11	16:38:40.490	-5.32	-5.46	-0.315	-0.016104	-0.044652	0.868396	-0.2295	-1.215	-2.757	0	87	1009	1
2026-02-11	16:38:40.510	-5.215	-1.715	-0.315	-0.036844	-0.043676	0.84912	-0.2355	-1.2135	-2.757	0	87	1009	1
2026-02-11	16:38:40.530	-5.355	1.12	-0.42	-0.05002	-0.037576	0.81984	-0.2325	-1.2195	-2.7615	0	87	1009	1
2026-02-11	16:38:40.550	-4.865	1.61	-1.54	-0.045628	-0.040016	0.816424	-0.24	-1.2165	-2.7525	0	87	1009	1
2026-02-11	16:38:40.570	-4.585	2.345	-3.5	-0.030012	-0.051972	0.82838	-0.2355	-1.215	-2.7555	0	87	1009	1
2026-02-11	16:38:40.590	-5.39	5.985	-4.515	-0.05734	-0.049288	0.774212	-0.2355	-1.2195	-2.7585	0	87	1009	1
2026-02-11	16:38:40.610	-5.005	9.695	-4.795	-0.080764	-0.029524	0.699548	-0.234	-1.221	-2.757	0	95	1015	1
2026-02-11	16:38:40.630	-1.89	12.285	-5.81	-0.08662	-0.02562	0.685396	-0.2295	-1.218	-2.754	0	95	1015	1
2026-02-11	16:38:40.650	2.45	15.47	-7.455	-0.062464	-0.023668	0.721996	-0.2295	-1.212	-2.751	0	95	1015	1
2026-02-11	16:38:40.670	6.615	20.335	-9.31	-0.031964	-0.022204	0.797636	-0.2295	-1.2105	-2.7525	0	95	1015	1
2026-02-11	16:38:40.690	6.615	24.675	-9.38	-0.020252	-0.050508	0.960628	-0.2295	-1.212	-2.7555	0	95	1015	1
2026-02-11	16:38:40.710	1.785	25.795	-7.98	-0.013908	-0.048312	1.028216	-0.2145	-1.2135	-2.754	0	95	1015	1
2026-02-11	16:38:40.730	-3.78	24.01	-7.385	-0.006832	-0.05368	1.049688	-0.216	-1.2135	-2.76	0	95	1015	1
2026-02-11	16:38:40.750	-6.44	20.685	-8.12	-0.012932	-0.051484	1.041636	-0.2175	-1.2075	-2.757	0	95	1015	1
2026-02-11	16:38:40.770	-5.25	18.34	-9.485	-0.045384	-0.052216	1.035536	-0.2085	-1.2045	-2.7435	0	95	1015	1
2026-02-11	16:38:40.790	-1.96	15.855	-11.2	-0.106384	-0.045384	1.023092	-0.204	-1.2105	-2.748	0	95	1015	1
2026-02-11	16:38:40.810	2.87	12.565	-14.42	-0.139812	-0.045384	1.02358	-0.2085	-1.2015	-2.7525	0	104	1002	1
2026-02-11	16:38:40.830	8.26	11.935	-17.85	-0.131516	-0.032208	1.058716	-0.198	-1.2015	-2.7465	0	104	1002	1
2026-02-11	16:38:40.850	11.725	10.92	-18.2	-0.01586	-0.059536	1.211704	-0.2085	-1.206	-2.7495	0	104	1002	1
2026-02-11	16:38:40.870	7.63	6.3	-13.685	0.121268	-0.133956	1.363716	-0.2025	-1.206	-2.742	0	104	1002	1
2026-02-11	16:38:40.890	-1.82	-0.105	-8.645	0.150792	-0.19032	1.334924	-0.198	-1.2	-2.7495	0	104	1002	1
2026-02-11	16:38:40.910	-6.895	-1.015	-7.805	0.099796	-0.203984	1.158512	-0.198	-1.1985	-2.751	0	104	1002	1
2026-02-11	16:38:40.930	-3.535	1.12	-11.2	0.017812	-0.168604	0.930372	-0.1965	-1.197	-2.7465	0	104	1002	1
2026-02-11	16:38:40.950	9.94	-2.135	-17.045	0.01586	-0.101016	0.883036	-0.189	-1.197	-2.742	0	104	1002	1
2026-02-11	16:38:40.970	14.14	-7.945	-18.2	0.162748	-0.101016	1.167784	-0.1965	-1.1925	-2.7435	0	104	1002	1
2026-02-11	16:38:40.990	5.355	-16.45	-11.76	0.321104	-0.136152	1.455704	-0.2025	-1.1895	-2.7465	0	104	1002	1
2026-02-11	16:38:41.010	-13.16	-23.835	-2.38	0.31964	-0.148108	1.49084	-0.201	-1.1925	-2.748	0	113	1007	1
2026-02-11	16:38:41.030	-27.965	-26.285	3.745	0.23424	-0.139324	1.287588	-0.201	-1.191	-2.757	0	113	1007	1
2026-02-11	16:38:41.050	-31.605	-26.81	5.04	0.082228	-0.137372	0.991372	-0.1995	-1.1865	-2.7615	0	113	1007	1
2026-02-11	16:38:41.070	-25.48	-29.645	2.275	-0.0732	-0.118584	0.73688	-0.204	-1.188	-2.751	0	113	1007	1
2026-02-11	16:38:41.090	-14.77	-31.465	-2.94	-0.1159	-0.094916	0.623176	-0.2085	-1.191	-2.7435	0	113	1007	1
2026-02-11	16:38:41.110	-3.36	-29.505	-7.42	-0.034648	-0.071736	0.65392	-0.2205	-1.179	-2.7555	0	113	1007	1
2026-02-11	16:38:41.130	5.985	-15.295	-8.68	0.060268	-0.048068	0.71614	-0.2235	-1.167	-2.7525	0	113	1007	1
2026-02-11	16:38:41.150	13.16	-0.385	-6.86	0.091744	-0.034892	0.791536	-0.222	-1.173	-2.7615	0	113	1007	1
2026-02-11	16:38:41.170	16.205	8.365	-3.255	0.101504	-0.040504	0.879132	-0.225	-1.182	-2.763	0	113	1007	1
2026-02-11	16:38:41.190	12.74	9.17	0.665	0.11468	-0.053436	0.967704	-0.2265	-1.173	-2.76	0	113	1007	1
2026-02-11	16:38:41.210	0.28	5.74	5.39	0.123952	-0.047336	1.043344	-0.231	-1.1835	-2.76	0	125	1017	1
2026-02-11	16:38:41.230	-13.23	2.59	12.95	0.14396	-0.052216	1.07238	-0.231	-1.1835	-2.76	0	125	1017	1
2026-02-11	16:38:41.250	-19.74	1.645	16.695	0.167872	-0.070516	1.039928	-0.225	-1.1805	-2.76	0	125	1017	1
2026-02-11	16:38:41.270	-20.195	0.595	18.025	0.123464	-0.070516	0.974536	-0.216	-1.179	-2.7615	0	125	1017	1
2026-02-11	16:38:41.290	-14.91	-1.61	17.255	0.095648	-0.071736	0.946964	-0.2145	-1.176	-2.7615	0	125	1017	1
2026-02-11	16:38:41.310	-7.28	-3.64	16.345	0.091012	-0.077592	0.975024	-0.216	-1.17	-2.7555	0	125	1017	1
2026-02-11	16:38:41.330	0.28	-5.11	15.645	0.084668	-0.0671	0.99674	-0.219	-1.1685	-2.757	0	125	1017	1
2026-02-11	16:38:41.350	7.525	-8.05	14.77	0.110044	-0.056608	1.04554	-0.2205	-1.17	-2.7645	0	125	1017	1
2026-02-11	16:38:41.370	12.25	-9.695	13.93	0.15128	-0.059292	1.08824	-0.219	-1.173	-2.7645	0	125	1017	1
2026-02-11	16:38:41.390	14.35	-6.615	12.32	0.099552	-0.06734399	1.040416	-0.222	-1.1745	-2.7645	0	125	1017	1
2026-02-11	16:38:41.410	16.625	-1.05	8.575	0.016348	-0.080032	0.915488	-0.2295	-1.1775	-2.766	0	137	1017	1
2026-02-11	16:38:41.430	21.105	1.75	2.59	-0.040992	-0.084424	0.822768	-0.228	-1.179	-2.76	0	137	1017	1
2026-02-11	16:38:41.450	26.845	1.995	-4.305	-0.037332	-0.092476	0.832528	-0.2235	-1.182	-2.7585	0	137	1017	1
2026-02-11	16:38:41.470	31.955	3.465	-10.15	0.046604	-0.103944	0.96258	-0.2235	-1.1835	-2.7645	0	137	1017	1
2026-02-11	16:38:41.490	28.385	4.515	-9.975	0.195932	-0.125172	1.2078	-0.2235	-1.191	-2.7705	0	137	1017	1
2026-02-11	16:38:41.510	10.5	-0.175	-1.365	0.184952	-0.114192	1.292468	-0.222	-1.1985	-2.775	0	137	1017	1
2026-02-11	16:38:41.530	-5.285	-2.345	4.165	0.083692	-0.089548	1.18462	-0.2265	-1.191	-2.775	0	137	1017	1
2026-02-11	16:38:41.550	-11.69	-0.91	3.465	0.000488	-0.09516	1.067012	-0.2295	-1.1955	-2.769	0	137	1017	1
2026-02-11	16:38:41.570	-11.655	-2.52	-1.505	-0.030988	-0.09638	0.992104	-0.231	-1.197	-2.778	0	137	1017	1
2026-02-11	16:38:41.590	-9.205	-8.365	-7.875	0.00122	-0.099796	0.987224	-0.231	-1.182	-2.772	0	137	1017	1
2026-02-11	16:38:41.610	-6.51	-11.795	-12.04	0.072956	-0.116632	1.064816	-0.2265	-1.197	-2.7705	0	145	1019	1
2026-02-11	16:38:41.630	-6.02	-9.38	-12.355	0.083448	-0.124684	1.11508	-0.2295	-1.1895	-2.775	0	145	1019	1
2026-02-11	16:38:41.650	-7	-4.025	-11.62	0.030744	-0.092476	1.06628	-0.234	-1.1835	-2.7765	0	145	1019	1
2026-02-11	16:38:41.670	-6.895	0.42	-11.83	-0.02928	-0.066368	1.006256	-0.2385	-1.1865	-2.7735	0	145	1019	1
2026-02-11	16:38:41.690	-6.16	2.765	-12.67	-0.074664	-0.046604	0.960872	-0.237	-1.188	-2.775	0	145	1019	1
2026-02-11	16:38:41.710	-4.76	3.57	-14.56	-0.077348	-0.031476	0.950136	-0.2325	-1.1835	-2.778	0	145	1019	1
2026-02-11	16:38:41.730	-2.45	4.62	-16.905	-0.042212	-0.0183	0.968192	-0.2355	-1.1805	-2.778	0	145	1019	1
2026-02-11	16:38:41.750	-0.07	8.19	-18.2	-0.012444	-0.01098	0.97234	-0.2355	-1.179	-2.7795	0	145	1019	1
2026-02-11	16:38:41.770	1.645	11.2	-17.535	0.002928	-0.019032	0.966728	-0.234	-1.179	-2.781	0	145	1019	1
2026-02-11	16:38:41.790	1.05	10.71	-16.73	0.000488	-0.036112	0.951112	-0.2355	-1.1865	-2.778	0	145	1019	1
2026-02-11	16:38:41.810	0.175	10.22	-16.03	-0.001464	-0.050508	0.919636	-0.228	-1.1775	-2.7765	0	149	1023	1
2026-02-11	16:38:41.830	0.735	11.445	-15.645	0.008296	-0.050996	0.886696	-0.222	-1.1775	-2.769	0	149	1023	1
2026-02-11	16:38:41.850	3.43	14	-15.855	0.052704	-0.05368	0.909144	-0.234	-1.1745	-2.781	0	149	1023	1
2026-02-11	16:38:41.870	6.3	16.135	-15.75	0.12932	-0.084912	1.010892	-0.2265	-1.176	-2.7735	0	149	1023	1
2026-02-11	16:38:41.890	5.67	16.415	-13.72	0.187148	-0.119804	1.104832	-0.225	-1.1775	-2.781	0	149	1023	1
2026-02-11	16:38:41.910	1.785	15.75	-11.095	0.179828	-0.139324	1.074332	-0.2265	-1.179	-2.7795	0	149	1023	1
2026-02-11	16:38:41.930	1.47	17.185	-11.515	0.107604	-0.110776	0.950624	-0.216	-1.1805	-2.7765	0	149	1023	1
2026-02-11	16:38:41.950	7.035	20.09	-15.05	0.060512	-0.078324	0.921344	-0.225	-1.176	-2.778	0	149	1023	1
2026-02-11	16:38:41.970	11.025	20.685	-16.555	0.115412	-0.072956	1.080188	-0.2145	-1.1655	-2.7765	0	149	1023	1
2026-02-11	16:38:41.990	5.145	14.875	-13.16	0.216428	-0.099064	1.246352	-0.216	-1.17	-2.7675	0	149	1023	1
2026-02-11	16:38:42.010	-9.94	2.45	-6.755	0.244732	-0.083448	1.278316	-0.216	-1.17	-2.7675	0	151	1026	1
2026-02-11	16:38:42.030	-14.49	0.105	-5.425	0.199348	-0.104432	1.187548	-0.21	-1.1775	-2.7765	0	151	1026	1
2026-02-11	16:38:42.050	-12.355	1.26	-6.055	0.070272	-0.111752	1.005036	-0.213	-1.1745	-2.7825	0	151	1026	1
2026-02-11	16:38:42.070	-6.825	-3.22	-6.545	-0.019764	-0.089792	0.910852	-0.2145	-1.167	-2.7825	0	151	1026	1
2026-02-11	16:38:42.090	-2.24	-13.895	-6.65	-0.01586	-0.0671	0.946232	-0.2145	-1.1655	-2.775	0	151	1026	1
2026-02-11	16:38:42.110	0.315	-21.455	-6.79	0.017568	-0.031964	1.033828	-0.213	-1.167	-2.7795	0	151	1026	1
2026-02-11	16:38:42.130	1.82	-20.58	-6.65	0.01708	-0.004636	1.060668	-0.2145	-1.164	-2.7855	0	151	1026	1
2026-02-11	16:38:42.150	3.045	-13.895	-6.3	0.001464	0.010736	1.040416	-0.2175	-1.1655	-2.7855	0	151	1026	1
2026-02-11	16:38:42.170	3.675	-6.755	-6.23	-0.008296	0.02074	0.97844	-0.222	-1.1625	-2.787	0	151	1026	1
2026-02-11	16:38:42.190	4.165	-2.135	-6.72	-0.000488	0.024644	0.897432	-0.237	-1.164	-2.7795	0	151	1026	1
2026-02-11	16:38:42.210	5.32	-1.61	-7.7	0.022936	0.019764	0.841068	-0.228	-1.164	-2.784	0	149	1030	1
2026-02-11	16:38:42.230	6.79	-3.465	-8.085	0.071492	0.00732	0.84424	-0.2325	-1.167	-2.784	0	149	1030	1
2026-02-11	16:38:42.250	7.875	-3.43	-6.685	0.125416	-0.002928	0.90646	-0.2295	-1.1625	-2.781	0	149	1030	1
2026-02-11	16:38:42.270	7.56	0.875	-2.8	0.1525	-0.005368	0.974292	-0.2325	-1.1685	-2.7825	0	149	1030	1
2026-02-11	16:38:42.290	5.005	5.845	3.01	0.147132	-0.000976	1.010892	-0.2355	-1.1715	-2.778	0	149	1030	1
2026-02-11	16:38:42.310	-2.31	7.35	11.865	0.09076799	-0.000488	1.003572	-0.2355	-1.1715	-2.778	0	149	1030	1
2026-02-11	16:38:42.330	-5.845	5.915	14.455	0.04758	0.00366	0.995276	-0.2355	-1.173	-2.7825	0	149	1030	1
2026-02-11	16:38:42.350	-6.265	5.32	14.245	0.018788	0.000732	0.978684	-0.2355	-1.1745	-2.79	0	149	1030	1
2026-02-11	16:38:42.370	-3.92	6.44	12.88	0.001708	-0.008784	0.95526	-0.237	-1.173	-2.7885	0	149	1030	1
2026-02-11	16:38:42.390	-0.42	7.63	12.32	0.013908	-0.009028	0.99186	-0.234	-1.173	-2.79	0	149	1030	1
2026-02-11	16:38:42.410	0.98	6.265	13.475	0.04026	-0.023912	1.060668	-0.228	-1.173	-2.793	0	147	1028	1
2026-02-11	16:38:42.430	-0.035	0.805	13.125	0.062952	-0.034648	1.092632	-0.2235	-1.1745	-2.7915	0	147	1028	1
2026-02-11	16:38:42.450	0.35	-2.66	8.68	0.076128	-0.06734399	1.057252	-0.2235	-1.176	-2.79	0	147	1028	1
2026-02-11	16:38:42.470	3.36	-1.12	2.17	0.064904	-0.089304	0.989176	-0.2295	-1.1745	-2.7945	0	147	1028	1
2026-02-11	16:38:42.490	6.965	2.555	-3.99	0.000732	-0.088084	0.899384	-0.228	-1.173	-2.7945	0	147	1028	1
2026-02-11	16:38:42.510	9.835	5.355	-9.905	-0.0671	-0.073932	0.8723	-0.2295	-1.1745	-2.79	0	147	1028	1
2026-02-11	16:38:42.530	9.1	3.955	-14.14	-0.030012	-0.074664	1.016992	-0.2295	-1.179	-2.7915	0	147	1028	1
2026-02-11	16:38:42.550	-0.98	-3.815	-15.05	0.046604	-0.086132	1.176812	-0.2265	-1.1835	-2.7915	0	147	1028	1
2026-02-11	16:38:42.570	-18.095	-11.55	-14.77	0.030744	-0.054412	1.160952	-0.2265	-1.1835	-2.79	0	147	1028	1
2026-02-11	16:38:42.590	-26.005	-10.78	-17.325	-0.026352	-0.023912	1.061156	-0.2265	-1.1835	-2.79	0	147	1028	1
2026-02-11	16:38:42.610	-24.325	-7.35	-21.315	-0.074908	-0.004392	0.946232	-0.231	-1.167	-2.7885	0	144	1024	1
2026-02-11	16:38:42.630	-19.46	-6.3	-25.795	-0.09516	0.013664	0.837896	-0.237	-1.167	-2.796	0	144	1024	1
2026-02-11	16:38:42.650	-12.95	-8.155	-30.065	-0.06588	0.022204	0.782508	-0.24	-1.164	-2.7855	0	144	1024	1
2026-02-11	16:38:42.670	-6.475	-10.745	-32.795	0.001708	0.012688	0.826428	-0.2445	-1.161	-2.7885	0	144	1024	1
2026-02-11	16:38:42.690	-2.8	-11.865	-32.9	0.06734399	-0.009272	0.924272	-0.2445	-1.158	-2.787	0	144	1024	1
2026-02-11	16:38:42.710	-2.905	-11.305	-30.38	0.06222	-0.024644	1.01016	-0.246	-1.155	-2.7885	0	144	1024	1
2026-02-11	16:38:42.730	-5.495	-10.08	-27.615	0.006832	-0.017324	1.037	-0.246	-1.158	-2.793	0	144	1024	1
2026-02-11	16:38:42.750	-7.35	-8.61	-27.37	-0.042944	-0.00976	1.00284	-0.2475	-1.158	-2.796	0	144	1024	1
2026-02-11	16:38:42.770	-6.125	-7.21	-30.31	-0.073688	0.000976	0.965508	-0.252	-1.152	-2.7975	0	144	1024	1
2026-02-11	16:38:42.790	-2.52	-5.74	-34.93	-0.062952	-0.000244	0.983808	-0.258	-1.1505	-2.799	0	144	1024	1
2026-02-11	16:38:42.810	0.595	-3.185	-39.76	-0.035136	-0.011956	1.003084	-0.2595	-1.1505	-2.799	0	140	1019	1
2026-02-11	16:38:42.830	1.995	-1.155	-43.75	-0.007076	-0.020496	0.992104	-0.2595	-1.1505	-2.796	0	140	1019	1
2026-02-11	16:38:42.850	2.24	1.225	-47.53	0.070028	-0.040992	1.016016	-0.261	-1.152	-2.7945	0	140	1019	1
2026-02-11	16:38:42.870	1.33	4.97	-48.475	0.098332	-0.045384	1.036512	-0.264	-1.14	-2.799	0	140	1019	1
2026-02-11	16:38:42.890	0.84	11.025	-48.895	0.12932	-0.049288	1.033096	-0.264	-1.131	-2.796	0	140	1019	1
2026-02-11	16:38:42.910	1.225	17.395	-49.455	0.146156	-0.061244	0.987956	-0.2715	-1.14	-2.793	0	140	1019	1
2026-02-11	16:38:42.930	2.66	22.925	-50.435	0.155916	-0.066368	0.926956	-0.2745	-1.14	-2.793	0	140	1019	1
2026-02-11	16:38:42.950	5.985	26.95	-52.15	0.16836	-0.043432	0.877912	-0.2625	-1.1295	-2.787	0	140	1019	1
2026-02-11	16:38:42.970	10.71	29.61	-54.6	0.18178	-0.09516	0.9516	-0.2685	-1.134	-2.793	0	140	1019	1
2026-02-11	16:38:42.990	10.815	31.395	-53.655	0.252784	-0.08295999	1.020164	-0.261	-1.137	-2.7915	0	140	1019	1
2026-02-11	16:38:43.010	7	29.12	-49.455	0.253516	-0.075884	1.090924	-0.255	-1.1385	-2.7885	0	136	1015	1
2026-02-11	16:38:43.030	-0.98	19.775	-42.455	0.2684	-0.093208	1.141188	-0.2595	-1.1295	-2.796	0	136	1015	1
2026-02-11	16:38:43.050	-10.57	9.485	-35.77	0.22204	-0.078812	1.096292	-0.2535	-1.1295	-2.7885	0	136	1015	1
2026-02-11	16:38:43.070	-14.84	5.18	-32.515	0.12932	-0.061976	1.009428	-0.2535	-1.128	-2.796	0	136	1015	1
2026-02-11	16:38:43.090	-14.105	3.885	-31.465	0.074176	-0.057096	0.966728	-0.2505	-1.1265	-2.787	0	136	1015	1
2026-02-11	16:38:43.110	-13.265	-3.5	-29.54	0.041724	-0.05856	0.994544	-0.2535	-1.119	-2.7945	0	136	1015	1
2026-02-11	16:38:43.130	-14.735	-14.49	-27.685	0.084668	-0.055388	1.092144	-0.255	-1.119	-2.79	0	136	1015	1
2026-02-11	16:38:43.150	-16.765	-17.605	-25.305	0.13908	-0.06344	1.131672	-0.258	-1.1175	-2.7855	0	136	1015	1
2026-02-11	16:38:43.170	-16.275	-15.085	-22.575	0.119804	-0.065636	1.107028	-0.264	-1.113	-2.787	0	136	1015	1
2026-02-11	16:38:43.190	-13.16	-11.235	-20.335	0.094184	-0.07198	1.053836	-0.27	-1.11	-2.7885	0	136	1015	1
2026-02-11	16:38:43.210	-8.855	-9.8	-18.655	0.06954	-0.084424	0.9882	-0.27	-1.1085	-2.787	0	133	1018	1
2026-02-11	16:38:43.230	-3.885	-11.655	-16.94	0.052948	-0.0793	0.945744	-0.2715	-1.101	-2.7855	0	133	1018	1
2026-02-11	16:38:43.250	1.47	-13.23	-14.595	0.095404	-0.070028	0.989908	-0.2715	-1.101	-2.7885	0	133	1018	1
2026-02-11	16:38:43.270	5.53	-11.095	-10.85	0.182512	-0.07905599	1.084092	-0.279	-1.1085	-2.787	0	133	1018	1
2026-02-11	16:38:43.290	7	-5.635	-5.39	0.175436	-0.083936	1.103612	-0.2745	-1.098	-2.787	0	133	1018	1
2026-02-11	16:38:43.310	7.805	0.07	-0.175	0.097112	-0.079544	1.048224	-0.2745	-1.1055	-2.7885	0	133	1018	1
2026-02-11	16:38:43.330	9.695	3.64	2.765	0.035624	-0.081008	1.00894	-0.2895	-1.1055	-2.79	0	133	1018	1
2026-02-11	16:38:43.350	12.32	3.815	3.5	0.025376	-0.089792	1.03456	-0.2805	-1.104	-2.7975	0	133	1018	1
2026-02-11	16:38:43.370	14.315	2.555	2.59	0.058316	-0.09516	1.050176	-0.2775	-1.1025	-2.7855	0	133	1018	1
2026-02-11	16:38:43.390	18.025	2.31	-0.77	0.053924	-0.10858	1.05164	-0.282	-1.1115	-2.7945	0	133	1018	1
2026-02-11	16:38:43.410	20.195	4.97	-4.375	0.038552	-0.12322	1.078236	-0.2805	-1.113	-2.7945	0	129	1027	1
2026-02-11	16:38:43.430	18.83	8.19	-8.26	0.020252	-0.116632	1.0919	-0.2775	-1.1145	-2.7945	0	129	1027	1
2026-02-11	16:38:43.450	12.18	6.265	-10.29	0.040748	-0.113216	1.150216	-0.2775	-1.116	-2.7915	0	129	1027	1
2026-02-11	16:38:43.470	-0.14	-0.35	-10.22	0.058072	-0.107116	1.17852	-0.2775	-1.1205	-2.7915	0	129	1027	1
2026-02-11	16:38:43.490	-13.3	-6.615	-9.835	0.054656	-0.091012	1.162172	-0.279	-1.125	-2.793	0	129	1027	1
2026-02-11	16:38:43.510	-21.98	-7.945	-10.885	0.040992	-0.0793	1.115568	-0.279	-1.125	-2.796	0	129	1027	1
2026-02-11	16:38:43.530	-25.41	-5.915	-13.405	0.016348	-0.060512	1.029192	-0.282	-1.119	-2.7975	0	129	1027	1
2026-02-11	16:38:43.550	-24.57	-5.005	-16.555	-0.005368	-0.04392	0.942084	-0.2895	-1.1175	-2.7915	0	129	1027	1
2026-02-11	16:38:43.570	-20.86	-6.055	-19.915	-0.007076	-0.043676	0.8967	-0.288	-1.1115	-2.79	0	129	1027	1
2026-02-11	16:38:43.590	-16.31	-6.58	-22.505	0.025132	-0.050752	0.8967	-0.282	-1.107	-2.7915	0	129	1027	1
2026-02-11	16:38:43.610	-12.425	-5.355	-22.995	0.050508	-0.04758	0.9272	-0.2805	-1.101	-2.784	0	125	1039	1
2026-02-11	16:38:43.630	-9.975	-3.465	-21.735	0.072712	-0.043188	0.955748	-0.282	-1.0965	-2.784	0	125	1039	1
2026-02-11	16:38:43.650	-8.89	-0.7	-18.69	0.036844	-0.025864	0.953064	-0.2865	-1.101	-2.7945	0	125	1039	1
2026-02-11	16:38:43.670	-8.295	2.695	-16.24	-0.01708	-0.012688	0.948916	-0.2895	-1.104	-2.799	0	125	1039	1
2026-02-11	16:38:43.690	-7.735	6.825	-16.24	-0.081984	0.00122	0.931104	-0.3	-1.095	-2.7885	0	125	1039	1
2026-02-11	16:38:43.710	-6.09	11.2	-18.235	-0.11834	0.016348	0.927688	-0.294	-1.0965	-2.79	0	125	1039	1
2026-02-11	16:38:43.730	-3.745	14.28	-21.945	-0.140056	0.030256	0.94916	-0.2955	-1.0905	-2.793	0	125	1039	1
2026-02-11	16:38:43.750	-2.24	15.82	-26.46	-0.139324	0.0488	0.965508	-0.294	-1.0845	-2.793	0	125	1039	1
2026-02-11	16:38:43.770	-0.875	17.64	-31.185	-0.121512	0.065148	0.987468	-0.288	-1.086	-2.7915	0	125	1039	1
2026-02-11	16:38:43.790	0.315	20.23	-35	-0.05734	0.0549	1.044076	-0.2835	-1.086	-2.7915	0	125	1039	1
2026-02-11	16:38:43.810	-0.945	24.43	-37.135	0.026352	0.035868	1.091412	-0.2805	-1.0845	-2.7915	0	122	1040	1
2026-02-11	16:38:43.830	-3.325	28.385	-38.85	0.027328	0.004148	1.031388	-0.2775	-1.083	-2.7885	0	122	1040	1
2026-02-11	16:38:43.850	-3.57	28.49	-42.56	-0.021472	-0.012932	0.976244	-0.276	-1.0815	-2.7915	0	122	1040	1
2026-02-11	16:38:43.870	-2.31	25.865	-46.83	-0.053192	-0.032452	0.987712	-0.2775	-1.0815	-2.7915	0	122	1040	1
2026-02-11	16:38:43.890	-0.455	24.745	-50.68	-0.06466	-0.033916	1.02602	-0.2745	-1.077	-2.7855	0	122	1040	1
2026-02-11	16:38:43.910	2.66	28.525	-53.515	0.006832	-0.025376	1.087508	-0.2775	-1.0725	-2.7825	0	122	1040	1
2026-02-11	16:38:43.930	4.305	35.035	-50.54	0.193004	-0.047092	1.316868	-0.2805	-1.0725	-2.781	0	122	1040	1
2026-02-11	16:38:43.950	-2.765	33.355	-45.535	0.256932	-0.066124	1.359568	-0.2805	-1.0725	-2.781	0	122	1040	1
2026-02-11	16:38:43.970	-11.375	28.875	-43.05	0.221796	-0.087352	1.209508	-0.2565	-1.0755	-2.79	0	122	1040	1
2026-02-11	16:38:43.990	-12.32	24.01	-46.305	0.150792	-0.111508	1.0004	-0.27	-1.071	-2.7885	0	122	1040	1
2026-02-11	16:38:44.010	-4.235	19.04	-53.725	0.121756	-0.142984	0.888648	-0.258	-1.0575	-2.775	0	121	1042	1
2026-02-11	16:38:44.030	6.37	17.045	-61.11	0.145668	-0.136396	0.897432	-0.2685	-1.062	-2.7735	0	121	1042	1
2026-02-11	16:38:44.050	12.67	13.685	-63.595	0.1952	-0.123708	1.0553	-0.2565	-1.0575	-2.784	0	121	1042	1
2026-02-11	16:38:44.070	8.33	6.475	-60.095	0.263276	-0.127612	1.240984	-0.2685	-1.0605	-2.784	0	121	1042	1
2026-02-11	16:38:44.090	-4.83	-1.505	-54.04	0.223016	-0.113216	1.245132	-0.2685	-1.05	-2.778	0	121	1042	1
2026-02-11	16:38:44.110	-16.205	-5.32	-50.785	0.122244	-0.07442	1.13948	-0.2715	-1.0485	-2.781	0	121	1042	1
2026-02-11	16:38:44.130	-20.23	-6.405	-51.555	0.03782	-0.076128	1.012844	-0.2745	-1.0455	-2.7795	0	121	1042	1
2026-02-11	16:38:44.150	-19.705	-10.57	-54.495	-0.036112	-0.076616	0.91134	-0.273	-1.0455	-2.775	0	121	1042	1
2026-02-11	16:38:44.170	-18.025	-18.83	-57.925	-0.0244	-0.082716	0.885964	-0.291	-1.0455	-2.781	0	121	1042	1
2026-02-11	16:38:44.190	-15.295	-25.62	-59.535	0.055388	-0.083692	0.9394	-0.288	-1.0395	-2.7735	0	121	1042	1
2026-02-11	16:38:44.210	-11.41	-24.045	-58.31	0.116632	-0.075396	0.979416	-0.3015	-1.0275	-2.7795	0	122	1049	1
2026-02-11	16:38:44.230	-7.84	-18.445	-55.86	0.102236	-0.065392	0.940132	-0.3135	-1.029	-2.772	0	122	1049	1
2026-02-11	16:38:44.250	-4.13	-13.79	-52.71	0.083204	-0.056364	0.914024	-0.3195	-1.023	-2.7765	0	122	1049	1
2026-02-11	16:38:44.270	-1.295	-10.64	-48.685	0.082472	-0.061488	0.915488	-0.321	-1.02	-2.784	0	122	1049	1
2026-02-11	16:38:44.290	1.505	-7.63	-44.065	0.090524	-0.062464	0.932812	-0.3255	-1.0215	-2.769	0	122	1049	1
2026-02-11	16:38:44.310	4.9	-2.765	-38.955	0.105896	-0.06832	0.981368	-0.324	-1.0125	-2.7765	0	122	1049	1
2026-02-11	16:38:44.330	7.07	2.695	-33.53	0.132004	-0.09467199	1.054812	-0.342	-1.014	-2.7825	0	122	1049	1
2026-02-11	16:38:44.350	6.86	7.035	-28.035	0.123708	-0.106628	1.1041	-0.3435	-1.0125	-2.7735	0	122	1049	1
2026-02-11	16:38:44.370	5.46	9.66	-23.45	0.101992	-0.118828	1.10654	-0.339	-1.0185	-2.7765	0	122	1049	1
2026-02-11	16:38:44.390	4.165	9.485	-20.37	0.081008	-0.127124	1.098488	-0.336	-1.0155	-2.7795	0	122	1049	1
2026-02-11	16:38:44.410	3.08	6.965	-18.655	0.08784	-0.132736	1.136308	-0.3345	-1.0185	-2.7735	0	124	1051	1
2026-02-11	16:38:44.430	0.035	2.695	-17.43	0.0854	-0.133468	1.187304	-0.339	-1.017	-2.7855	0	124	1051	1
2026-02-11	16:38:44.450	-5.355	-2.52	-17.15	0.091988	-0.147864	1.229516	-0.336	-1.0125	-2.7795	0	124	1051	1
2026-02-11	16:38:44.470	-13.02	-8.54	-19.145	0.124196	-0.189588	1.210484	-0.354	-1.0095	-2.7855	0	124	1051	1
2026-02-11	16:38:44.490	-12.915	-9.17	-22.645	0.12932	-0.202276	1.100928	-0.3555	-1.0065	-2.7795	0	124	1051	1
2026-02-11	16:38:44.510	-5.635	-6.615	-28.455	0.105896	-0.198616	0.937448	-0.3585	-1.002	-2.7735	0	124	1051	1
2026-02-11	16:38:44.530	7.035	-2.345	-35.315	0.09857599	-0.191784	0.845704	-0.357	-1.0005	-2.7765	0	124	1051	1
2026-02-11	16:38:44.550	18.375	2.905	-41.545	0.0854	-0.173484	0.858636	-0.3615	-1.002	-2.778	0	124	1051	1
2026-02-11	16:38:44.570	23.1	6.265	-45.325	0.137372	-0.16226	0.95282	-0.3645	-1.005	-2.775	0	124	1051	1
2026-02-11	16:38:44.590	20.055	7.105	-45.395	0.184464	-0.152744	1.037488	-0.366	-1.0035	-2.7795	0	124	1051	1
2026-02-11	16:38:44.610	12.6	7.945	-42.49	0.232288	-0.147864	1.125084	-0.3735	-1.0065	-2.7825	0	127	1055	1
2026-02-11	16:38:44.630	2.73	10.5	-37.8	0.231556	-0.144692	1.150948	-0.381	-1.008	-2.7825	0	127	1055	1
2026-02-11	16:38:44.650	-6.965	13.055	-33.39	0.173484	-0.140788	1.08702	-0.384	-1.005	-2.7855	0	127	1055	1
2026-02-11	16:38:44.670	-13.825	12.18	-31.29	0.152256	-0.152988	1.02602	-0.381	-1.0065	-2.7855	0	127	1055	1
2026-02-11	16:38:44.690	-17.5	8.05	-30.8	0.11712	-0.148352	0.958432	-0.3825	-1.011	-2.7885	0	127	1055	1
2026-02-11	16:38:44.710	-18.48	4.69	-30.73	0.108824	-0.151524	0.946964	-0.3795	-1.0095	-2.781	0	127	1055	1
2026-02-11	16:38:44.730	-19.6	5.565	-29.295	0.104188	-0.129564	0.921588	-0.3825	-1.0065	-2.7765	0	127	1055	1
2026-02-11	16:38:44.750	-18.375	4.48	-28.28	0.047336	-0.096624	0.876448	-0.387	-1.0035	-2.778	0	127	1055	1
2026-02-11	16:38:44.770	-14.21	2.38	-29.995	0.010736	-0.092232	0.916708	-0.39	-0.996	-2.778	0	127	1055	1
2026-02-11	16:38:44.790	-9.555	3.185	-33.215	-0.000976	-0.08906	0.931836	-0.3975	-0.99	-2.7765	0	127	1055	1
2026-02-11	16:38:44.810	-5.635	4.515	-37.1	-0.006344	-0.081252	0.929884	-0.399	-0.993	-2.772	0	129	1052	1
2026-02-11	16:38:44.830	-2.94	4.235	-39.97	-0.025132	-0.0854	0.904996	-0.399	-0.9975	-2.7705	0	129	1052	1
2026-02-11	16:38:44.850	-1.19	2.555	-42.42	-0.051972	-0.082716	0.874496	-0.4065	-1.0005	-2.772	0	129	1052	1
2026-02-11	16:38:44.870	0.91	1.47	-45.045	-0.024644	-0.078812	0.853756	-0.4125	-0.9975	-2.7705	0	129	1052	1
2026-02-11	16:38:44.890	4.48	2.275	-47.11	-0.008296	-0.069296	0.86376	-0.417	-0.996	-2.772	0	129	1052	1
2026-02-11	16:38:44.910	8.47	4.83	-48.37	0.011468	-0.072224	0.907192	-0.423	-0.999	-2.7735	0	129	1052	1
2026-02-11	16:38:44.930	10.885	7.455	-49	0.03904	-0.082716	0.964288	-0.429	-1.0035	-2.775	0	129	1052	1
2026-02-11	16:38:44.950	11.725	9.065	-49.49	0.06344	-0.08784	0.987956	-0.4365	-1.0095	-2.775	0	129	1052	1
2026-02-11	16:38:44.970	12.6	9.66	-50.645	0.073688	-0.092232	0.997716	-0.4395	-1.011	-2.772	0	129	1052	1
2026-02-11	16:38:44.990	14.21	10.99	-52.815	0.089792	-0.093696	1.001376	-0.4395	-1.0125	-2.7705	0	129	1052	1
2026-02-11	16:38:45.010	17.15	15.155	-56.49	0.105408	-0.10126	1.01992	-0.438	-1.014	-2.7705	0	130	1039	1
2026-02-11	16:38:45.030	16.45	16.66	-56.735	0.181292	-0.120048	1.114348	-0.438	-1.014	-2.7705	0	130	1039	1
2026-02-11	16:38:45.050	9.345	14.63	-53.375	0.294508	-0.16958	1.2505	-0.453	-1.0305	-2.7855	0	130	1039	1
2026-02-11	16:38:45.070	-3.395	10.815	-47.145	0.336476	-0.240828	1.2566	-0.453	-1.0395	-2.787	0	130	1039	1
2026-02-11	16:38:45.090	-12.67	8.75	-42.525	0.284748	-0.255468	1.12728	-0.4515	-1.041	-2.7915	0	130	1039	1
2026-02-11	16:38:45.110	-13.615	7.49	-43.225	0.199348	-0.266204	0.981124	-0.456	-1.05	-2.7855	0	130	1039	1
2026-02-11	16:38:45.130	-8.75	3.745	-47.74	0.16836	-0.250832	0.916952	-0.462	-1.0455	-2.7855	0	130	1039	1
2026-02-11	16:38:45.150	-1.12	1.54	-53.2	0.179096	-0.23058	0.897676	-0.4635	-1.038	-2.784	0	130	1039	1
2026-02-11	16:38:45.170	7.945	1.96	-56.56	0.245464	-0.229848	0.964288	-0.4635	-1.047	-2.775	0	130	1039	1
2026-02-11	16:38:45.190	13.475	3.185	-56.14	0.27328	-0.2196	1.025044	-0.477	-1.0425	-2.7885	0	130	1039	1
2026-02-11	16:38:45.210	13.51	2.275	-52.535	0.260592	-0.199104	1.048956	-0.471	-1.05	-2.7855	0	131	1032	1
2026-02-11	16:38:45.230	9.03	-2.345	-47.495	0.242536	-0.176168	1.062864	-0.4785	-1.0605	-2.7885	0	131	1032	1
2026-02-11	16:38:45.250	2.31	-7.84	-43.05	0.222772	-0.173728	1.062376	-0.4785	-1.0725	-2.7855	0	131	1032	1
2026-02-11	16:38:45.270	-3.815	-11.655	-40.635	0.16958	-0.171044	0.99552	-0.477	-1.0695	-2.7855	0	131	1032	1
2026-02-11	16:38:45.290	-5.705	-12.53	-40.285	0.140544	-0.165676	0.943548	-0.477	-1.0665	-2.787	0	131	1032	1
2026-02-11	16:38:45.310	-4.76	-11.69	-40.04	0.114924	-0.150548	0.898652	-0.4965	-1.065	-2.781	0	131	1032	1
2026-02-11	16:38:45.330	-2.17	-10.64	-39.655	0.118096	-0.140544	0.898164	-0.492	-1.0635	-2.7825	0	131	1032	1
2026-02-11	16:38:45.350	-0.42	-8.89	-38.045	0.1647	-0.141032	0.93574	-0.501	-1.071	-2.7795	0	131	1032	1
2026-02-11	16:38:45.370	-0.945	-7.21	-34.72	0.194956	-0.137616	0.959164	-0.5055	-1.08	-2.784	0	131	1032	1
2026-02-11	16:38:45.390	-2.555	-5.565	-30.345	0.211792	-0.130784	0.984784	-0.501	-1.0785	-2.7825	0	131	1032	1
2026-02-11	16:38:45.410	-4.165	-3.955	-26.145	0.215208	-0.132248	0.989908	-0.501	-1.0785	-2.772	0	132	1028	1
2026-02-11	16:38:45.430	-5.705	-3.045	-22.575	0.20862	-0.133224	0.977952	-0.513	-1.0665	-2.7765	0	132	1028	1
2026-02-11	16:38:45.450	-7.28	-3.325	-19.32	0.200324	-0.138104	0.947696	-0.5175	-1.0785	-2.7645	0	132	1028	1
2026-02-11	16:38:45.470	-7.805	-4.06	-16.52	0.190076	-0.142984	0.91866	-0.51	-1.074	-2.7825	0	132	1028	1
2026-02-11	16:38:45.490	-6.125	-4.305	-14.455	0.18666	-0.143472	0.898408	-0.51	-1.0755	-2.769	0	132	1028	1
2026-02-11	16:38:45.510	-2.555	-3.43	-13.02	0.185684	-0.141032	0.90402	-0.51	-1.08	-2.7705	0	132	1028	1
2026-02-11	16:38:45.530	1.015	-1.435	-11.13	0.173484	-0.136396	0.908412	-0.5115	-1.074	-2.7645	0	132	1028	1
2026-02-11	16:38:45.550	3.535	0.77	-6.72	0.136884	-0.13664	0.916464	-0.5085	-1.0755	-2.7705	0	132	1028	1
2026-02-11	16:38:45.570	3.115	2.275	-3.08	0.120292	-0.137128	0.908412	-0.5085	-1.08	-2.769	0	132	1028	1
2026-02-11	16:38:45.590	2.1	4.585	0.28	0.099064	-0.129564	0.884988	-0.513	-1.0845	-2.7675	0	132	1028	1
2026-02-11	16:38:45.610	1.54	7.63	3.15	0.1037	-0.121756	0.854	-0.5145	-1.083	-2.7675	0	131	1017	1
2026-02-11	16:38:45.630	1.96	12.11	5.53	0.091256	-0.10614	0.812764	-0.51	-1.083	-2.766	0	131	1017	1
2026-02-11	16:38:45.650	4.06	16.87	7.385	0.058804	-0.08418	0.775432	-0.507	-1.083	-2.7645	0	131	1017	1
2026-02-11	16:38:45.670	6.65	20.825	8.89	0.054656	-0.072224	0.78934	-0.5025	-1.0845	-2.763	0	131	1017	1
2026-02-11	16:38:45.690	7.7	21.945	10.64	0.075884	-0.05246	0.8418	-0.501	-1.086	-2.7615	0	131	1017	1
2026-02-11	16:38:45.710	6.93	20.895	12.635	0.108824	-0.060512	0.929152	-0.4965	-1.08	-2.7615	0	131	1017	1
2026-02-11	16:38:45.730	4.27	21.49	15.26	0.108092	-0.052704	0.996252	-0.4875	-1.0815	-2.763	0	131	1017	1
2026-02-11	16:38:45.750	0.91	23.485	17.885	0.072224	-0.04148	1.00162	-0.4875	-1.0905	-2.7645	0	131	1017	1
2026-02-11	16:38:45.770	-2.135	22.54	20.265	0.048312	-0.0427	0.99308	-0.489	-1.092	-2.766	0	131	1017	1
2026-02-11	16:38:45.790	-4.025	16.52	21.805	0.054168	-0.049532	1.011868	-0.471	-1.083	-2.7615	0	131	1017	1
2026-02-11	16:38:45.810	-3.745	9.275	22.96	0.082716	-0.059048	1.059692	-0.4725	-1.0875	-2.766	0	129	999	1
2026-02-11	16:38:45.830	-1.19	6.545	24.885	0.099064	-0.060756	1.08946	-0.4725	-1.0875	-2.766	0	129	999	1
2026-02-11	16:38:45.850	2.17	6.615	27.16	0.081252	-0.050508	1.062132	-0.4635	-1.0875	-2.766	0	129	999	1
2026-02-11	16:38:45.870	7.49	6.545	28.035	0.0305	-0.03782	1.02968	-0.459	-1.083	-2.766	0	129	999	1
2026-02-11	16:38:45.890	13.475	6.895	27.825	0.000244	-0.032452	1.052616	-0.4575	-1.077	-2.7645	0	129	999	1
2026-02-11	16:38:45.910	17.57	6.195	27.195	-0.002928	-0.035868	1.090192	-0.4485	-1.0785	-2.766	0	129	999	1
2026-02-11	16:38:45.930	20.16	3.57	25.095	0.016104	-0.066124	1.179984	-0.4485	-1.0845	-2.7645	0	129	999	1
2026-02-11	16:38:45.950	19.46	1.12	21.245	0.016836	-0.104432	1.264164	-0.4515	-1.0875	-2.7615	0	129	999	1
2026-02-11	16:38:45.970	14.49	-0.105	15.645	-0.012444	-0.12444	1.256356	-0.447	-1.089	-2.769	0	129	999	1
2026-02-11	16:38:45.990	9.205	-0.56	8.12	-0.064904	-0.115412	1.193404	-0.4425	-1.086	-2.769	0	129	999	1
2026-02-11	16:38:46.010	5.39	-3.01	-0.525	-0.07905599	-0.112728	1.171444	-0.4425	-1.0905	-2.766	0	128	1000	1
2026-02-11	16:38:46.030	-1.05	-9.59	-7.875	-0.034404	-0.131272	1.223172	-0.4425	-1.092	-2.7615	0	128	1000	1
2026-02-11	16:38:46.050	-12.04	-17.675	-11.97	0.020252	-0.155184	1.240008	-0.4425	-1.092	-2.7645	0	128	1000	1
2026-02-11	16:38:46.070	-22.645	-21.14	-13.545	0.037576	-0.161772	1.167784	-0.4455	-1.0935	-2.763	0	128	1000	1
2026-02-11	16:38:46.090	-27.58	-16.835	-15.26	-0.01708	-0.123464	0.953308	-0.4485	-1.092	-2.751	0	128	1000	1
2026-02-11	16:38:46.110	-24.22	-13.3	-17.57	-0.022936	-0.100772	0.83814	-0.4485	-1.092	-2.751	0	128	1000	1
2026-02-11	16:38:46.130	-19.18	-10.675	-19.775	-0.023912	-0.080276	0.76372	-0.4545	-1.0785	-2.757	0	128	1000	1
2026-02-11	16:38:46.150	-14.07	-8.575	-21.105	0.001464	-0.068076	0.747372	-0.4605	-1.0785	-2.7525	0	128	1000	1
2026-02-11	16:38:46.170	-9.835	-5.04	-21.14	0.035136	-0.067832	0.75152	-0.459	-1.0725	-2.745	0	128	1000	1
2026-02-11	16:38:46.190	-6.86	0.07	-19.985	0.037332	-0.058804	0.755424	-0.4605	-1.074	-2.7525	0	128	1000	1
2026-02-11	16:38:46.210	-4.76	4.9	-18.27	0.01952	-0.05612	0.744688	-0.4605	-1.074	-2.7405	0	129	1012	1
2026-02-11	16:38:46.230	-3.71	8.26	-16.975	-0.024888	-0.047824	0.725412	-0.4635	-1.071	-2.7435	0	129	1012	1
2026-02-11	16:38:46.250	-3.045	10.99	-17.22	-0.070272	-0.034404	0.703696	-0.4575	-1.077	-2.7405	0	129	1012	1
2026-02-11	16:38:46.270	-1.645	12.915	-18.935	-0.0854	-0.026596	0.695156	-0.4665	-1.0815	-2.7405	0	129	1012	1
2026-02-11	16:38:46.290	1.365	15.19	-21.455	-0.096136	-0.022448	0.70028	-0.462	-1.0755	-2.742	0	129	1012	1
2026-02-11	16:38:46.310	6.09	17.85	-24.325	-0.096136	-0.017324	0.743712	-0.459	-1.074	-2.7375	0	129	1012	1
2026-02-11	16:38:46.330	10.64	19.845	-26.845	-0.048556	-0.01708	0.846192	-0.459	-1.0755	-2.736	0	129	1012	1
2026-02-11	16:38:46.350	13.825	23.17	-28.945	-0.066856	-0.014152	0.908412	-0.4575	-1.0785	-2.7405	0	129	1012	1
2026-02-11	16:38:46.370	16.59	22.295	-31.22	-0.084912	-0.019276	0.990152	-0.453	-1.08	-2.742	0	129	1012	1
2026-02-11	16:38:46.390	15.89	18.41	-33.005	-0.07442	-0.044408	1.107516	-0.4485	-1.0845	-2.7375	0	129	1012	1
2026-02-11	16:38:46.410	11.095	14.63	-34.37	-0.044652	-0.07198	1.178276	-0.4485	-1.0815	-2.742	0	133	1000	1
2026-02-11	16:38:46.430	7.98	13.685	-36.225	-0.057584	-0.08784	1.138992	-0.4455	-1.08	-2.7525	0	133	1000	1
2026-02-11	16:38:46.450	10.605	15.82	-38.5	-0.084912	-0.11346	1.08702	-0.453	-1.0905	-2.748	0	133	1000	1
2026-02-11	16:38:46.470	15.82	17.815	-40.04	-0.05612	-0.14152	1.08336	-0.444	-1.089	-2.739	0	133	1000	1
2026-02-11	16:38:46.490	19.565	15.61	-39.34	0.025864	-0.172752	1.158268	-0.4485	-1.089	-2.7465	0	133	1000	1
2026-02-11	16:38:46.510	18.34	7.875	-34.895	0.15372	-0.22936	1.316136	-0.444	-1.1025	-2.742	0	133	1000	1
2026-02-11	16:38:46.530	10.15	-1.26	-27.475	0.25254	-0.266448	1.394948	-0.4485	-1.092	-2.7495	0	133	1000	1
2026-02-11	16:38:46.550	0.91	-5.705	-20.09	0.195444	-0.257664	1.27124	-0.4455	-1.1055	-2.7555	0	133	1000	1
2026-02-11	16:38:46.570	-1.47	-4.62	-16.975	0.055388	-0.210572	1.077992	-0.45	-1.1025	-2.7495	0	133	1000	1
2026-02-11	16:38:46.590	1.995	-5.145	-17.115	0.05368	-0.199104	1.086776	-0.4545	-1.1055	-2.7465	0	133	1000	1
2026-02-11	16:38:46.610	0.735	-10.395	-15.015	0.176656	-0.189588	1.198772	-0.4605	-1.0995	-2.7375	0	140	1001	1
2026-02-11	16:38:46.630	-11.83	-23.835	-7.175	0.250588	-0.162504	1.217804	-0.4605	-1.104	-2.739	0	140	1001	1
2026-02-11	16:38:46.650	-16.73	-28.21	-4.97	0.223504	-0.146644	1.12728	-0.4635	-1.0995	-2.7435	0	140	1001	1
2026-02-11	16:38:46.670	-15.295	-27.825	-4.935	0.110288	-0.127612	0.984052	-0.471	-1.098	-2.7465	0	140	1001	1
2026-02-11	16:38:46.690	-10.29	-27.51	-5.775	0.011224	-0.101504	0.888648	-0.474	-1.0935	-2.7405	0	140	1001	1
2026-02-11	16:38:46.710	-5.6	-29.12	-6.02	-0.019032	-0.094916	0.866688	-0.4725	-1.0875	-2.739	0	140	1001	1
2026-02-11	16:38:46.730	-3.745	-29.645	-5.67	0.010492	-0.069296	0.886208	-0.4785	-1.092	-2.736	0	140	1001	1
2026-02-11	16:38:46.750	-3.36	-26.74	-5.18	0.049288	-0.062952	0.864492	-0.483	-1.098	-2.727	0	140	1001	1
2026-02-11	16:38:46.770	-2.1	-20.965	-3.5	0.073688	-0.05612	0.829844	-0.486	-1.0935	-2.7285	0	140	1001	1
2026-02-11	16:38:46.790	0.665	-13.545	-1.33	0.091012	-0.050508	0.777384	-0.489	-1.089	-2.733	0	140	1001	1
2026-02-11	16:38:46.810	4.55	-5.495	1.505	0.108336	-0.053436	0.73932	-0.486	-1.092	-2.7345	0	149	1013	1
2026-02-11	16:38:46.830	8.715	1.26	5.46	0.151036	-0.05856	0.726388	-0.4965	-1.089	-2.7345	0	149	1013	1
2026-02-11	16:38:46.850	12.32	6.02	10.535	0.165676	-0.055388	0.7503	-0.4875	-1.0875	-2.7405	0	149	1013	1
2026-02-11	16:38:46.870	14.035	9.345	16.415	0.166164	-0.06832	0.8296	-0.4965	-1.089	-2.7315	0	149	1013	1
2026-02-11	16:38:46.890	11.48	13.965	24.43	0.18788	-0.062708	0.953064	-0.483	-1.098	-2.733	0	149	1013	1
2026-02-11	16:38:46.910	5.39	20.125	32.27	0.15128	-0.031476	1.017724	-0.483	-1.098	-2.733	0	149	1013	1
2026-02-11	16:38:46.930	0.455	23.765	36.995	0.116632	-0.020984	1.0492	-0.48	-1.095	-2.733	0	149	1013	1
2026-02-11	16:38:46.950	-2.625	25.97	39.865	0.040016	-0.00854	1.02846	-0.4755	-1.092	-2.73	0	149	1013	1
2026-02-11	16:38:46.970	-1.855	23.975	39.97	0.003172	-0.01342	1.039928	-0.4725	-1.089	-2.7315	0	149	1013	1
2026-02-11	16:38:46.990	0.315	18.515	38.64	-0.0244	-0.015372	1.095316	-0.465	-1.0875	-2.7345	0	149	1013	1
2026-02-11	16:38:47.010	1.505	12.67	37.52	-0.063928	-0.005612	1.138992	-0.459	-1.0875	-2.739	0	157	1011	1
2026-02-11	16:38:47.030	3.08	7.91	36.855	-0.07564	-0.002196	1.182668	-0.459	-1.0875	-2.742	0	157	1011	1
2026-02-11	16:38:47.050	4.83	2.38	36.855	-0.017568	-0.012444	1.259284	-0.453	-1.092	-2.739	0	157	1011	1
2026-02-11	16:38:47.070	4.83	-2.45	37.975	0.08686399	-0.052948	1.345904	-0.4515	-1.0905	-2.742	0	157	1011	1
2026-02-11	16:38:47.090	2.345	-5.39	38.745	0.13298	-0.124684	1.3359	-0.4485	-1.083	-2.742	0	157	1011	1
2026-02-11	16:38:47.110	1.155	-6.545	37.1	0.046116	-0.144448	1.133624	-0.4455	-1.0785	-2.7345	0	157	1011	1
2026-02-11	16:38:47.130	5.985	-6.93	31.605	-0.050508	-0.131516	0.9943	-0.4485	-1.0785	-2.733	0	157	1011	1
2026-02-11	16:38:47.150	11.55	-8.61	24.815	0.022936	-0.15128	1.11264	-0.447	-1.0785	-2.73	0	157	1011	1
2026-02-11	16:38:47.170	1.155	-15.33	21.49	0.12078	-0.16104	1.322724	-0.444	-1.08	-2.7285	0	157	1011	1
2026-02-11	16:38:47.190	-12.39	-18.725	20.65	0.06588	-0.142496	1.31272	-0.444	-1.08	-2.7285	0	157	1011	1
2026-02-11	16:38:47.210	-21.945	-18.445	16.485	0.00122	-0.110288	1.23586	-0.45	-1.077	-2.7375	0	165	1025	1
2026-02-11	16:38:47.230	-25.585	-15.435	10.15	-0.035868	-0.08052	1.126548	-0.4455	-1.071	-2.733	0	165	1025	1
2026-02-11	16:38:47.250	-24.815	-11.445	4.27	-0.07564	-0.05124	0.984052	-0.447	-1.0695	-2.7315	0	165	1025	1
2026-02-11	16:38:47.270	-21.035	-8.47	-0.56	-0.10248	-0.021472	0.848144	-0.4455	-1.0665	-2.727	0	165	1025	1
2026-02-11	16:38:47.290	-14.805	-6.51	-5.215	-0.09516	0	0.760548	-0.456	-1.071	-2.724	0	165	1025	1
2026-02-11	16:38:47.310	-7.455	-3.85	-9.1	-0.059292	0.0122	0.744444	-0.4545	-1.056	-2.718	0	165	1025	1
2026-02-11	16:38:47.330	-1.295	0.945	-11.34	-0.014396	0.014396	0.7625	-0.456	-1.062	-2.724	0	165	1025	1
2026-02-11	16:38:47.350	2.625	6.265	-12.005	-0.02074	0.02318	0.781776	-0.456	-1.065	-2.7255	0	165	1025	1
2026-02-11	16:38:47.370	4.445	11.2	-12.565	-0.046848	0.025864	0.795196	-0.453	-1.0605	-2.7225	0	165	1025	1
2026-02-11	16:38:47.390	4.935	15.995	-14.525	-0.059048	0.022692	0.7869	-0.4545	-1.059	-2.7225	0	165	1025	1
2026-02-11	16:38:47.410	5.95	20.16	-18.48	-0.09076799	0.009516	0.732244	-0.4545	-1.0635	-2.721	0	172	1034	1
2026-02-11	16:38:47.430	10.78	22.96	-25.06	-0.135664	0.007076	0.703208	-0.4485	-1.0695	-2.727	0	172	1034	1
2026-02-11	16:38:47.450	15.47	24.325	-31.605	-0.129808	-0.0061	0.757376	-0.4455	-1.0725	-2.733	0	172	1034	1
2026-02-11	16:38:47.470	16.1	26.215	-34.72	-0.065392	-0.006832	0.835212	-0.4455	-1.0695	-2.7345	0	172	1034	1
2026-02-11	16:38:47.490	14.35	29.295	-34.825	-0.00244	-0.024644	0.904752	-0.456	-1.0725	-2.736	0	172	1034	1
2026-02-11	16:38:47.510	10.92	32.585	-32.305	-0.026596	-0.040748	0.931592	-0.4485	-1.0755	-2.7345	0	172	1034	1
2026-02-11	16:38:47.530	6.44	33.18	-29.19	-0.059048	-0.046604	0.949648	-0.447	-1.0785	-2.7315	0	172	1034	1
2026-02-11	16:38:47.550	1.82	29.505	-27.475	-0.076616	-0.052948	0.981612	-0.4395	-1.077	-2.736	0	172	1034	1
2026-02-11	16:38:47.570	-0.525	24.57	-27.86	-0.072468	-0.07686	1.025044	-0.4455	-1.08	-2.7375	0	172	1034	1
2026-02-11	16:38:47.590	0.21	21.945	-29.19	-0.089792	-0.076616	1.037	-0.4365	-1.0875	-2.733	0	172	1034	1
2026-02-11	16:38:47.610	4.515	19.985	-31.43	-0.110288	-0.082716	1.067012	-0.435	-1.0755	-2.742	0	178	1019	1
2026-02-11	16:38:47.630	9.555	18.55	-32.97	-0.099552	-0.090036	1.154608	-0.4335	-1.0815	-2.742	0	178	1019	1
2026-02-11	16:38:47.650	10.64	14.315	-31.78	-0.02928	-0.130052	1.309304	-0.435	-1.0815	-2.736	0	178	1019	1
2026-02-11	16:38:47.670	4.585	7.91	-27.895	0.011468	-0.150548	1.370304	-0.4395	-1.083	-2.736	0	178	1019	1
2026-02-11	16:38:47.690	-3.535	3.22	-25.13	0.02928	-0.162504	1.315648	-0.429	-1.0905	-2.733	0	178	1019	1
2026-02-11	16:38:47.710	-6.755	3.465	-23.835	0.041236	-0.167384	1.15534	-0.4335	-1.089	-2.7435	0	178	1019	1
2026-02-11	16:38:47.730	-3.955	2.975	-22.645	0.044164	-0.147132	1.067988	-0.4335	-1.086	-2.7435	0	178	1019	1
2026-02-11	16:38:47.750	-0.245	-1.19	-20.895	0.05002	-0.124196	1.04066	-0.435	-1.08	-2.7375	0	178	1019	1
2026-02-11	16:38:47.770	1.715	-7.77	-18.34	0.0732	-0.120292	1.10288	-0.435	-1.0785	-2.736	0	178	1019	1
2026-02-11	16:38:47.790	-0.385	-13.79	-14.63	0.111752	-0.123708	1.175592	-0.4365	-1.0785	-2.736	0	178	1019	1
2026-02-11	16:38:47.810	-5.04	-18.9	-10.745	0.101748	-0.122488	1.170224	-0.4395	-1.0785	-2.736	0	182	1019	1
2026-02-11	16:38:47.830	-8.33	-22.61	-8.295	0.044408	-0.110044	1.08824	-0.441	-1.0815	-2.7375	0	182	1019	1
2026-02-11	16:38:47.850	-9.205	-24.745	-7.385	-0.030256	-0.095648	0.976488	-0.453	-1.0815	-2.736	0	182	1019	1
2026-02-11	16:38:47.870	-8.4	-26.46	-7.245	-0.091012	-0.07515199	0.85156	-0.4605	-1.083	-2.7375	0	182	1019	1
2026-02-11	16:38:47.890	-5.915	-29.365	-7.63	-0.08418	-0.060512	0.785924	-0.4575	-1.0845	-2.7375	0	182	1019	1
2026-02-11	16:38:47.910	-3.395	-30.065	-7.63	-0.010004	-0.060024	0.761524	-0.462	-1.0815	-2.736	0	182	1019	1
2026-02-11	16:38:47.930	-1.855	-26.88	-5.495	0.05002	-0.05978	0.743468	-0.4665	-1.086	-2.7285	0	182	1019	1
2026-02-11	16:38:47.950	-1.05	-21.735	-1.365	0.068076	-0.05856	0.758108	-0.468	-1.0755	-2.7345	0	182	1019	1
2026-02-11	16:38:47.970	-0.805	-14.945	3.01	0.05734	-0.06222	0.763476	-0.48	-1.0755	-2.7315	0	182	1019	1
2026-02-11	16:38:47.990	0.91	-5.25	6.825	0.053436	-0.057828	0.761036	-0.4785	-1.0695	-2.727	0	182	1019	1
2026-02-11	16:38:48.010	3.255	1.575	7.91	0.055388	-0.064416	0.814716	-0.4725	-1.071	-2.727	0	184	1021	1
2026-02-11	16:38:48.030	4.06	8.82	9.765	0.056852	-0.069052	0.895236	-0.4725	-1.0725	-2.7285	0	184	1021	1
2026-02-11	16:38:48.050	2.415	13.615	13.195	0.067832	-0.061976	0.973804	-0.4785	-1.0725	-2.727	0	184	1021	1
2026-02-11	16:38:48.070	-0.945	13.335	17.5	0.077104	-0.061732	1.028704	-0.471	-1.0725	-2.727	0	184	1021	1
2026-02-11	16:38:48.090	-3.78	9.8	21.385	0.058316	-0.05978	1.054568	-0.4605	-1.074	-2.7285	0	184	1021	1
2026-02-11	16:38:48.110	-3.535	7.595	23.625	0.016836	-0.062464	1.068476	-0.465	-1.077	-2.73	0	184	1021	1
2026-02-11	16:38:48.130	-0.525	8.33	24.535	-0.049776	-0.0549	1.053104	-0.4665	-1.071	-2.733	0	184	1021	1
2026-02-11	16:38:48.150	3.815	8.925	24.955	-0.101748	-0.050508	1.033096	-0.456	-1.0665	-2.736	0	184	1021	1
2026-02-11	16:38:48.170	8.015	6.86	25.935	-0.081252	-0.048068	1.06506	-0.456	-1.068	-2.739	0	184	1021	1
2026-02-11	16:38:48.190	10.01	2.205	27.86	0.022936	-0.048312	1.165344	-0.459	-1.071	-2.7345	0	184	1021	1
2026-02-11	16:38:48.210	8.4	-1.82	30.45	0.07515199	-0.07124799	1.220976	-0.459	-1.071	-2.73	0	184	1015	1
2026-02-11	16:38:48.230	5.32	-1.89	30.31	0.02318	-0.091012	1.1102	-0.453	-1.071	-2.733	0	184	1015	1
2026-02-11	16:38:48.250	7.56	-1.4	24.815	-0.027816	-0.118828	1.02236	-0.447	-1.071	-2.736	0	184	1015	1
2026-02-11	16:38:48.270	7.805	-7.7	20.09	0.029768	-0.145668	1.078968	-0.447	-1.071	-2.736	0	184	1015	1
2026-02-11	16:38:48.290	3.92	-15.715	16.135	-0.001708	-0.119804	1.04066	-0.453	-1.068	-2.733	0	184	1015	1
2026-02-11	16:38:48.310	5.39	-17.185	9.94	-0.037332	-0.116388	1.040416	-0.453	-1.071	-2.7375	0	184	1015	1
2026-02-11	16:38:48.330	9.1	-12.355	4.025	-0.081984	-0.10736	1.074576	-0.4575	-1.0635	-2.7435	0	184	1015	1
2026-02-11	16:38:48.350	9.345	-10.115	0.35	-0.073444	-0.088328	1.148508	-0.456	-1.068	-2.742	0	184	1015	1
2026-02-11	16:38:48.370	3.255	-11.935	-0.455	-0.049288	-0.07076	1.169248	-0.4545	-1.077	-2.742	0	184	1015	1
2026-02-11	16:38:48.390	-4.97	-15.68	-0.035	-0.029524	-0.053436	1.108492	-0.459	-1.0785	-2.745	0	184	1015	1
2026-02-11	16:38:48.410	-9.1	-17.5	-0.035	-0.037088	-0.040504	1.014064	-0.462	-1.077	-2.742	0	182	1020	1
2026-02-11	16:38:48.430	-7.805	-17.29	-0.77	-0.053192	-0.034648	0.943304	-0.462	-1.0785	-2.7375	0	182	1020	1
2026-02-11	16:38:48.450	-4.515	-17.255	-1.575	-0.038552	-0.036112	0.944768	-0.465	-1.0755	-2.739	0	182	1020	1
2026-02-11	16:38:48.470	-3.045	-17.115	-1.155	-0.022692	-0.042212	0.997228	-0.468	-1.0725	-2.739	0	182	1020	1
2026-02-11	16:38:48.490	-5.005	-15.645	0.49	-0.049288	-0.055388	1.017724	-0.474	-1.071	-2.733	0	182	1020	1
2026-02-11	16:38:48.510	-7.63	-11.515	1.085	-0.116144	-0.041968	0.957944	-0.4755	-1.0695	-2.7345	0	182	1020	1
2026-02-11	16:38:48.530	-5.74	-5.145	-2.975	-0.103212	-0.02562	0.92476	-0.474	-1.0695	-2.739	0	182	1020	1
2026-02-11	16:38:48.550	-2.625	-0.735	-6.825	-0.076128	-0.019032	0.923052	-0.483	-1.0725	-2.736	0	182	1020	1
2026-02-11	16:38:48.570	0.28	3.78	-10.08	-0.071736	-0.015128	0.915976	-0.48	-1.068	-2.7315	0	182	1020	1
2026-02-11	16:38:48.590	2.45	6.79	-12.285	-0.0671	-0.014396	0.904752	-0.4785	-1.056	-2.7285	0	182	1020	1
2026-02-11	16:38:48.610	3.395	7.175	-14.07	-0.061488	-0.007564	0.915	-0.474	-1.062	-2.7345	0	177	1027	1
2026-02-11	16:38:48.630	4.165	6.755	-16.205	-0.038796	-0.002684	0.93086	-0.477	-1.074	-2.736	0	177	1027	1
2026-02-11	16:38:48.650	6.265	8.435	-18.97	-0.02196	-0.01098	0.952332	-0.4815	-1.062	-2.742	0	177	1027	1
2026-02-11	16:38:48.670	7.945	11.025	-20.58	0.026108	-0.038064	1.003816	-0.4815	-1.071	-2.7435	0	177	1027	1
2026-02-11	16:38:48.690	5.845	10.395	-19.6	0.099552	-0.082716	1.091412	-0.4815	-1.0725	-2.7435	0	177	1027	1
2026-02-11	16:38:48.710	-0.805	6.195	-16.345	0.155916	-0.121268	1.121668	-0.477	-1.0635	-2.7435	0	177	1027	1
2026-02-11	16:38:48.730	-7.105	2.625	-14.28	0.16958	-0.131272	1.048712	-0.477	-1.0695	-2.742	0	177	1027	1
2026-02-11	16:38:48.750	-6.51	3.255	-15.015	0.160308	-0.130784	0.959652	-0.48	-1.0695	-2.739	0	177	1027	1
2026-02-11	16:38:48.770	-1.05	7.28	-16.695	0.126392	-0.124928	0.884988	-0.4725	-1.0725	-2.7375	0	177	1027	1
2026-02-11	16:38:48.790	5.355	11.69	-16.24	0.096868	-0.124684	0.940132	-0.474	-1.071	-2.7375	0	177	1027	1
2026-02-11	16:38:48.810	3.255	8.715	-9.695	0.204472	-0.135664	1.144116	-0.477	-1.0755	-2.742	0	171	1028	1
2026-02-11	16:38:48.830	-7.42	-0.945	-1.61	0.227896	-0.111996	1.17974	-0.4815	-1.08	-2.7465	0	171	1028	1
2026-02-11	16:38:48.850	-14.63	-4.515	2.765	0.2013	-0.085888	1.138748	-0.477	-1.0695	-2.742	0	171	1028	1
2026-02-11	16:38:48.870	-12.775	2.345	4.34	0.105652	-0.067588	1.04066	-0.477	-1.074	-2.739	0	171	1028	1
2026-02-11	16:38:48.890	-8.015	8.89	4.83	0.007808	-0.054168	0.97722	-0.4845	-1.0695	-2.745	0	171	1028	1
2026-02-11	16:38:48.910	-6.58	3.43	3.99	-0.024888	-0.0549	0.983076	-0.4695	-1.068	-2.7345	0	171	1028	1
2026-02-11	16:38:48.930	-9.905	-9.38	3.15	0.02684	-0.063196	1.032608	-0.48	-1.068	-2.7405	0	171	1028	1
2026-02-11	16:38:48.950	-13.09	-15.33	3.745	0.076616	-0.066124	1.046516	-0.4785	-1.0635	-2.7315	0	171	1028	1
2026-02-11	16:38:48.970	-11.305	-9.975	4.69	0.072712	-0.060024	1.007476	-0.474	-1.068	-2.739	0	171	1028	1
2026-02-11	16:38:48.990	-5.915	-0.735	4.9	0.046604	-0.055388	0.995032	-0.4815	-1.062	-2.748	0	171	1028	1
2026-02-11	16:38:49.010	-2.625	4.62	4.83	0.035868	-0.06734399	0.990152	-0.4845	-1.0635	-2.742	0	164	1029	1
2026-02-11	16:38:49.030	-3.395	2.52	5.32	0.054168	-0.085156	0.987224	-0.4905	-1.0635	-2.733	0	164	1029	1
2026-02-11	16:38:49.050	-5.145	-1.12	7.035	0.107848	-0.090524	0.960384	-0.4755	-1.0665	-2.7435	0	164	1029	1
2026-02-11	16:38:49.070	-2.485	-0.525	12.845	0.151768	-0.070028	0.946232	-0.4755	-1.0665	-2.7435	0	164	1029	1
2026-02-11	16:38:49.090	0.245	0.175	17.85	0.150792	-0.06222	0.985272	-0.474	-1.0605	-2.742	0	164	1029	1
2026-02-11	16:38:49.110	0.49	-1.155	22.33	0.109556	-0.064904	1.005036	-0.474	-1.056	-2.745	0	164	1029	1
2026-02-11	16:38:49.130	0.105	-2.485	24.955	0.045872	-0.050996	0.985272	-0.474	-1.0575	-2.745	0	164	1029	1
2026-02-11	16:38:49.150	1.785	-2.8	25.305	0.029524	-0.050752	0.990396	-0.4725	-1.0545	-2.745	0	164	1029	1
2026-02-11	16:38:49.170	3.605	-3.22	23.975	0.024156	-0.044164	0.993324	-0.4755	-1.0545	-2.745	0	164	1029	1
2026-02-11	16:38:49.190	4.97	-4.655	21.315	0.029768	-0.039284	1.004792	-0.477	-1.059	-2.7435	0	164	1029	1
2026-02-11	16:38:49.210	6.055	-3.955	17.64	0.02928	-0.046116	1.023824	-0.477	-1.059	-2.742	0	156	1030	1
2026-02-11	16:38:49.230	6.72	-1.68	12.74	0.009516	-0.061244	0.989908	-0.4695	-1.059	-2.745	0	156	1030	1
2026-02-11	16:38:49.250	8.26	-1.61	6.79	-0.028304	-0.055632	0.945988	-0.4665	-1.056	-2.7465	0	156	1030	1
2026-02-11	16:38:49.270	10.115	-2.94	0.525	-0.013176	-0.07198	1.019676	-0.4695	-1.056	-2.742	0	156	1030	1
2026-02-11	16:38:49.290	7.7	-4.095	-3.605	0.032452	-0.094184	1.1285	-0.4695	-1.056	-2.745	0	156	1030	1
2026-02-11	16:38:49.310	0.77	-5.32	-5.215	0.05002	-0.086132	1.129964	-0.474	-1.0605	-2.745	0	156	1030	1
2026-02-11	16:38:49.330	-4.76	-4.865	-6.825	0.027572	-0.07686	1.063596	-0.4785	-1.0665	-2.7435	0	156	1030	1
2026-02-11	16:38:49.350	-5.635	-3.535	-8.68	-0.001952	-0.077592	1.005036	-0.4785	-1.0665	-2.7435	0	156	1030	1
2026-02-11	16:38:49.370	-4.795	-5.775	-10.08	-0.008784	-0.073688	0.999424	-0.4755	-1.062	-2.745	0	156	1030	1
2026-02-11	16:38:49.390	-4.41	-10.5	-11.48	0.023424	-0.09028	1.0187	-0.4785	-1.056	-2.745	0	156	1030	1
2026-02-11	16:38:49.410	-4.83	-14.35	-11.865	0.042944	-0.10492	1.042368	-0.4845	-1.0545	-2.742	0	148	1031	1
2026-02-11	16:38:49.430	-5.285	-15.82	-11.165	0.013664	-0.121512	1.049688	-0.483	-1.056	-2.742	0	148	1031	1
2026-02-11	16:38:49.450	-5.04	-15.365	-10.045	-0.02928	-0.123464	1.027484	-0.4815	-1.059	-2.742	0	148	1031	1
2026-02-11	16:38:49.470	-4.095	-15.575	-9.275	-0.067832	-0.105896	0.995032	-0.489	-1.056	-2.7435	0	148	1031	1
2026-02-11	16:38:49.490	-2.24	-15.82	-9.38	-0.093696	-0.07905599	0.970144	-0.495	-1.05	-2.7465	0	148	1031	1
2026-02-11	16:38:49.510	1.015	-13.3	-11.025	-0.097356	-0.05002	0.959164	-0.4995	-1.056	-2.7435	0	148	1031	1
2026-02-11	16:38:49.530	4.69	-7.665	-13.405	-0.07564	-0.021228	0.946232	-0.5055	-1.059	-2.742	0	148	1031	1
2026-02-11	16:38:49.550	7.63	-2.345	-15.505	-0.027084	-0.011956	0.962336	-0.504	-1.0575	-2.7435	0	148	1031	1
2026-02-11	16:38:49.570	8.26	1.26	-17.43	-0.00732	-0.036112	0.988932	-0.5025	-1.062	-2.7435	0	148	1031	1
2026-02-11	16:38:49.590	6.965	4.865	-20.09	-0.0305	-0.045384	0.970876	-0.5085	-1.062	-2.7465	0	148	1031	1
2026-02-11	16:38:49.610	4.2	11.025	-25.025	0.011468	-0.043676	0.97112	-0.513	-1.059	-2.748	0	139	1032	1
2026-02-11	16:38:49.630	2.555	16.275	-26.635	0.057584	-0.03782	1.003084	-0.5025	-1.0695	-2.7465	0	139	1032	1
2026-02-11	16:38:49.650	-0.595	21.84	-26.67	0.11956	-0.079544	1.036024	-0.507	-1.0755	-2.748	0	139	1032	1
2026-02-11	16:38:49.670	-5.705	23.73	-25.06	0.204228	-0.102968	1.12728	-0.495	-1.071	-2.754	0	139	1032	1
2026-02-11	16:38:49.690	-13.265	21.175	-22.155	0.269376	-0.14152	1.209996	-0.5085	-1.065	-2.7465	0	139	1032	1
2026-02-11	16:38:49.710	-21.385	17.99	-20.685	0.262544	-0.162748	1.148264	-0.5085	-1.0755	-2.742	0	139	1032	1
2026-02-11	16:38:49.730	-24.08	18.41	-23.345	0.182024	-0.143716	0.997472	-0.504	-1.068	-2.751	0	139	1032	1
2026-02-11	16:38:49.750	-19.005	19.95	-30.065	0.080764	-0.12444	0.839848	-0.4905	-1.065	-2.7465	0	139	1032	1
2026-02-11	16:38:49.770	-8.365	17.57	-38.115	0.059536	-0.08906	0.874984	-0.498	-1.0575	-2.742	0	139	1032	1
2026-02-11	16:38:49.790	-0.28	10.08	-41.685	0.25498	-0.130052	1.15534	-0.4935	-1.0635	-2.754	0	139	1032	1
2026-02-11	16:38:49.810	-4.83	-0.035	-36.26	0.376004	-0.16226	1.302228	-0.501	-1.059	-2.754	0	131	1034	1
2026-02-11	16:38:49.830	-14.175	-6.37	-27.58	0.274256	-0.142984	1.15778	-0.4995	-1.071	-2.7525	0	131	1034	1
2026-02-11	16:38:49.850	-15.085	-7	-24.115	0.047824	-0.138348	0.922076	-0.5055	-1.062	-2.7525	0	131	1034	1
2026-02-11	16:38:49.870	-4.655	-12.04	-28.56	-0.14762	-0.10858	0.732488	-0.4995	-1.0695	-2.754	0	131	1034	1
2026-02-11	16:38:49.890	9.835	-20.09	-33.46	-0.10614	-0.08662	0.768112	-0.4995	-1.0695	-2.754	0	131	1034	1
2026-02-11	16:38:49.910	17.92	-20.685	-29.715	0.001464	-0.08662	0.883036	-0.51	-1.0695	-2.754	0	131	1034	1
2026-02-11	16:38:49.930	20.125	-20.545	-21.595	0.082716	-0.088084	0.97722	-0.5205	-1.0695	-2.7525	0	131	1034	1
2026-02-11	16:38:49.950	16.8	-19.565	-11.55	0.089304	-0.099064	1.037488	-0.531	-1.0785	-2.7495	0	131	1034	1
2026-02-11	16:38:49.970	10.745	-16.73	-3.71	0.066856	-0.091744	1.009184	-0.528	-1.0815	-2.754	0	131	1034	1
2026-02-11	16:38:49.990	6.265	-14.84	0.595	0.084668	-0.088084	0.944524	-0.5265	-1.086	-2.7585	0	131	1034	1
2026-02-11	16:38:50.010	4.165	-14.49	3.43	0.107848	-0.072956	0.843996	-0.54	-1.0815	-2.754	0	128	1032	1
2026-02-11	16:38:50.030	5.005	-17.115	4.725	0.14274	-0.0671	0.848144	-0.54	-1.0815	-2.754	0	128	1032	1
2026-02-11	16:38:50.050	7.07	-19.67	6.755	0.169824	-0.06588	0.9394	-0.5415	-1.086	-2.751	0	128	1032	1
2026-02-11	16:38:50.070	8.575	-17.15	8.995	0.157136	-0.059536	1.010648	-0.543	-1.086	-2.7495	0	128	1032	1
2026-02-11	16:38:50.090	8.995	-11.97	11.935	0.146156	-0.060268	1.063596	-0.546	-1.0785	-2.7585	0	128	1032	1
2026-02-11	16:38:50.110	8.155	-8.96	16.87	0.151768	-0.056852	1.097756	-0.5445	-1.092	-2.751	0	128	1032	1
2026-02-11	16:38:50.130	7.63	-7.735	22.925	0.107848	-0.050264	1.082628	-0.5385	-1.083	-2.7465	0	128	1032	1
2026-02-11	16:38:50.150	10.535	-4.2	28.84	0.045872	-0.052704	1.07726	-0.5385	-1.083	-2.7465	0	128	1032	1
2026-02-11	16:38:50.170	14.21	-3.01	31.745	0.095648	-0.064904	1.090924	-0.5385	-1.0845	-2.751	0	128	1032	1
2026-02-11	16:38:50.190	17.92	-1.715	35.28	0.159088	-0.069052	1.120692	-0.537	-1.086	-2.754	0	128	1032	1
2026-02-11	16:38:50.210	20.51	-1.715	38.57	0.213988	-0.093452	1.14924	-0.54	-1.089	-2.7495	0	128	1028	1
2026-02-11	16:38:50.230	21.21	-4.445	39.165	0.267668	-0.10858	1.181936	-0.543	-1.0875	-2.745	0	128	1028	1
2026-02-11	16:38:50.250	19.565	-5.915	36.54	0.310856	-0.116144	1.175348	-0.5415	-1.0875	-2.748	0	128	1028	1
2026-02-11	16:38:50.270	17.08	-4.025	31.71	0.262788	-0.097356	1.053104	-0.537	-1.0935	-2.7495	0	128	1028	1
2026-02-11	16:38:50.290	17.465	-2.765	25.13	0.19032	-0.08174	0.941108	-0.5325	-1.092	-2.751	0	128	1028	1
2026-02-11	16:38:50.310	19.6	-4.095	18.69	0.212768	-0.099552	0.995276	-0.531	-1.089	-2.7585	0	128	1028	1
2026-02-11	16:38:50.330	16.87	-7.49	15.295	0.271328	-0.11834	1.15046	-0.5295	-1.0935	-2.757	0	128	1028	1
2026-02-11	16:38:50.350	6.615	-12.18	15.435	0.244	-0.11346	1.219268	-0.5295	-1.098	-2.7585	0	128	1028	1
2026-02-11	16:38:50.370	-5.215	-17.535	15.575	0.10248	-0.085644	1.168028	-0.5325	-1.0995	-2.7615	0	128	1028	1
2026-02-11	16:38:50.390	-12.495	-19.215	11.305	0.017324	-0.05612	1.106784	-0.543	-1.095	-2.7585	0	128	1028	1
2026-02-11	16:38:50.410	-13.825	-23.1	5.005	-0.007564	-0.034648	1.020408	-0.5505	-1.089	-2.7585	0	128	1035	1
2026-02-11	16:38:50.430	-10.255	-25.76	1.365	-0.029524	-0.015128	0.893284	-0.5475	-1.0905	-2.7555	0	128	1035	1
2026-02-11	16:38:50.450	-5.355	-20.93	0.595	-0.0244	-0.003904	0.820816	-0.549	-1.0875	-2.7525	0	128	1035	1
2026-02-11	16:38:50.470	0.07	-15.47	1.19	-0.006832	-0.007076	0.781044	-0.5535	-1.0845	-2.757	0	128	1035	1
2026-02-11	16:38:50.490	4.865	-9.24	2.38	0.034648	-0.002684	0.790804	-0.5565	-1.0875	-2.7585	0	128	1035	1
2026-02-11	16:38:50.510	8.05	-0.595	3.43	0.051728	0.00732	0.803492	-0.558	-1.0875	-2.7525	0	128	1035	1
2026-02-11	16:38:50.530	9.59	7.035	3.605	0.061	0.019032	0.80154	-0.5595	-1.083	-2.7465	0	128	1035	1
2026-02-11	16:38:50.550	10.15	13.65	2.59	0.081252	0.030256	0.819108	-0.555	-1.083	-2.751	0	128	1035	1
2026-02-11	16:38:50.570	9.065	19.32	-0.07	0.043432	0.029768	0.84424	-0.5475	-1.0875	-2.76	0	128	1035	1
2026-02-11	16:38:50.590	6.3	23.24	-3.955	0.020252	0.030256	0.880352	-0.546	-1.0905	-2.7585	0	128	1035	1
2026-02-11	16:38:50.610	2.24	25.69	-7.945	0.009516	0.027084	0.894992	-0.5475	-1.0905	-2.757	0	131	1032	1
2026-02-11	16:38:50.630	-2.1	25.655	-10.92	0.020252	0.026352	0.906948	-0.5445	-1.0875	-2.7585	0	131	1032	1
2026-02-11	16:38:50.650	-5.81	23.835	-12.705	0.023668	0.016592	0.915	-0.5385	-1.0905	-2.766	0	131	1032	1
2026-02-11	16:38:50.670	-8.225	23.31	-14.77	-0.00976	0.02318	0.91744	-0.5355	-1.0965	-2.772	0	131	1032	1
2026-02-11	16:38:50.690	-7.595	17.43	-20.125	0.016104	-0.00976	0.97112	-0.537	-1.0965	-2.772	0	131	1032	1
2026-02-11	16:38:50.710	-7.14	13.93	-24.01	0.062952	-0.03904	0.994788	-0.537	-1.083	-2.772	0	131	1032	1
2026-02-11	16:38:50.730	-5.6	12.145	-27.265	0.081496	-0.045872	0.95892	-0.5325	-1.0875	-2.775	0	131	1032	1
2026-02-11	16:38:50.750	-1.33	10.045	-29.855	0.080276	-0.041724	0.938668	-0.537	-1.092	-2.7825	0	131	1032	1
2026-02-11	16:38:50.770	3.465	3.325	-31.115	0.167628	-0.076372	1.109712	-0.534	-1.098	-2.7705	0	131	1032	1
2026-02-11	16:38:50.790	-1.015	-1.155	-27.72	0.351604	-0.140544	1.345904	-0.528	-1.0965	-2.7705	0	131	1032	1
2026-02-11	16:38:50.810	-13.545	-11.06	-21.525	0.47458	-0.150304	1.422764	-0.5265	-1.0905	-2.7645	0	135	1021	1
2026-02-11	16:38:50.830	-24.57	-15.89	-17.85	0.475312	-0.14762	1.35664	-0.5235	-1.0965	-2.763	0	135	1021	1
2026-02-11	16:38:50.850	-28.035	-16.73	-18.585	0.38918	-0.155672	1.216584	-0.5355	-1.098	-2.7585	0	135	1021	1
2026-02-11	16:38:50.870	-24.57	-16.975	-23.66	0.2623	-0.13298	1.05896	-0.5325	-1.0845	-2.7585	0	135	1021	1
2026-02-11	16:38:50.890	-16.135	-18.41	-29.085	0.279624	-0.122976	1.037976	-0.54	-1.0845	-2.7555	0	135	1021	1
2026-02-11	16:38:50.910	-9.31	-22.155	-28.735	0.366976	-0.12078	1.113128	-0.546	-1.083	-2.757	0	135	1021	1
2026-02-11	16:38:50.930	-6.79	-26.46	-22.225	0.389912	-0.101992	1.198772	-0.543	-1.077	-2.745	0	135	1021	1
2026-02-11	16:38:50.950	-6.37	-25.06	-13.65	0.310368	-0.09028	1.21512	-0.555	-1.077	-2.7465	0	135	1021	1
2026-02-11	16:38:50.970	-4.55	-25.305	-9.065	0.199104	-0.077104	1.170468	-0.555	-1.077	-2.7465	0	135	1021	1
2026-02-11	16:38:50.990	-1.61	-27.615	-7.63	0.152744	-0.07124799	1.091412	-0.564	-1.086	-2.7525	0	135	1021	1
2026-02-11	16:38:51.010	2.065	-30.345	-5.53	0.121756	-0.054656	0.996008	-0.5775	-1.0845	-2.754	0	141	1030	1
2026-02-11	16:38:51.030	6.545	-26.215	-2.975	0.114924	-0.035136	0.921344	-0.576	-1.0815	-2.757	0	141	1030	1
2026-02-11	16:38:51.050	12.11	-21.21	-0.665	0.119804	-0.022936	0.90646	-0.573	-1.0875	-2.7525	0	141	1030	1
2026-02-11	16:38:51.070	16.905	-15.505	1.12	0.157624	-0.021228	0.957456	-0.573	-1.0875	-2.7495	0	141	1030	1
2026-02-11	16:38:51.090	17.605	-8.47	3.185	0.2135	-0.02318	1.005768	-0.582	-1.086	-2.742	0	141	1030	1
2026-02-11	16:38:51.110	13.965	-1.645	5.075	0.24278	-0.014396	1.02724	-0.582	-1.0905	-2.748	0	141	1030	1
2026-02-11	16:38:51.130	8.26	3.99	5.6	0.235948	-0.007808	1.002352	-0.582	-1.089	-2.748	0	141	1030	1
2026-02-11	16:38:51.150	2.905	8.19	4.41	0.232532	-0.005368	0.946964	-0.585	-1.089	-2.7435	0	141	1030	1
2026-02-11	16:38:51.170	-0.525	10.36	2.59	0.243268	-0.006832	0.91134	-0.5745	-1.092	-2.7465	0	141	1030	1
2026-02-11	16:38:51.190	-2.485	11.165	1.4	0.250832	-0.005124	0.911828	-0.5895	-1.1025	-2.751	0	141	1030	1
2026-02-11	16:38:51.210	-3.395	11.375	1.4	0.259128	0.001708	0.918904	-0.5775	-1.089	-2.7495	0	146	1041	1
2026-02-11	16:38:51.230	-3.43	10.885	2.835	0.216428	0.000488	0.911828	-0.5835	-1.095	-2.7555	0	146	1041	1
2026-02-11	16:38:51.250	-2.38	10.395	3.815	0.174216	0.01586	0.912316	-0.5775	-1.0935	-2.754	0	146	1041	1
2026-02-11	16:38:51.270	-0.98	10.535	4.095	0.139568	0.02074	0.921344	-0.57	-1.0935	-2.754	0	146	1041	1
2026-02-11	16:38:51.290	-0.595	10.885	4.165	0.144448	0.00854	0.927932	-0.57	-1.0905	-2.7555	0	146	1041	1
2026-02-11	16:38:51.310	-1.75	11.83	4.305	0.145424	-0.000976	0.902312	-0.5715	-1.0905	-2.7555	0	146	1041	1
2026-02-11	16:38:51.330	-3.115	12.845	4.235	0.130784	-0.00122	0.851072	-0.5685	-1.092	-2.7525	0	146	1041	1
2026-02-11	16:38:51.350	-4.06	13.195	3.92	0.1281	-0.00854	0.846192	-0.5655	-1.0905	-2.7525	0	146	1041	1
2026-02-11	16:38:51.370	-5.67	13.125	4.13	0.14518	-0.017812	0.870836	-0.5625	-1.0875	-2.757	0	146	1041	1
2026-02-11	16:38:51.390	-8.505	12.005	5.18	0.138592	-0.023424	0.884256	-0.5625	-1.083	-2.7615	0	146	1041	1
2026-02-11	16:38:51.410	-11.725	10.5	6.895	0.124928	-0.024156	0.882304	-0.561	-1.077	-2.763	0	149	1034	1
2026-02-11	16:38:51.430	-14.28	9.03	8.96	0.13664	-0.022448	0.9089	-0.5595	-1.0725	-2.763	0	149	1034	1
2026-02-11	16:38:51.450	-15.89	4.095	10.815	0.175436	-0.034648	0.968192	-0.5625	-1.074	-2.76	0	149	1034	1
2026-02-11	16:38:51.470	-16.8	-1.61	12.53	0.193492	-0.025132	0.969656	-0.558	-1.0755	-2.7555	0	149	1034	1
2026-02-11	16:38:51.490	-13.93	-5.46	13.58	0.166408	-0.011468	0.911096	-0.5505	-1.074	-2.754	0	149	1034	1
2026-02-11	16:38:51.510	-7.665	-8.4	13.44	0.134688	-0.020496	0.900116	-0.5505	-1.074	-2.754	0	149	1034	1
2026-02-11	16:38:51.530	-3.29	-12.285	13.79	0.158844	-0.0488	0.976976	-0.5475	-1.068	-2.7555	0	149	1034	1
2026-02-11	16:38:51.550	-1.715	-15.295	16.205	0.210816	-0.058316	1.050664	-0.5535	-1.0665	-2.7555	0	149	1034	1
2026-02-11	16:38:51.570	-0.84	-14.07	19.88	0.18788	-0.049288	1.043832	-0.564	-1.0665	-2.751	0	149	1034	1
2026-02-11	16:38:51.590	2.03	-10.5	22.68	0.137128	-0.043188	1.05286	-0.5625	-1.062	-2.745	0	149	1034	1
2026-02-11	16:38:51.610	5.04	-7.77	23.8	0.122488	-0.06588	1.122888	-0.5565	-1.056	-2.742	0	149	1018	1
2026-02-11	16:38:51.630	5.215	-6.755	23.835	0.15494	-0.088084	1.184132	-0.5565	-1.056	-2.7435	0	149	1018	1
2026-02-11	16:38:51.650	2.8	-6.685	22.61	0.228872	-0.10614	1.25294	-0.5565	-1.0635	-2.748	0	149	1018	1
2026-02-11	16:38:51.670	-2.38	-5.845	20.825	0.316956	-0.14396	1.303692	-0.555	-1.0575	-2.7435	0	149	1018	1
2026-02-11	16:38:51.690	-9.205	-5.845	18.69	0.304512	-0.149816	1.207556	-0.555	-1.0515	-2.7435	0	149	1018	1
2026-02-11	16:38:51.710	-11.235	-5.775	14.49	0.27694	-0.151768	1.067744	-0.5535	-1.0545	-2.745	0	149	1018	1
2026-02-11	16:38:51.730	-8.26	-7	9.31	0.264984	-0.146156	1.0126	-0.552	-1.05	-2.748	0	149	1018	1
2026-02-11	16:38:51.750	-4.235	-7.63	4.445	0.251808	-0.14762	1.038952	-0.552	-1.047	-2.745	0	149	1018	1
2026-02-11	16:38:51.770	-2.8	-5.25	-1.225	0.23058	-0.14762	1.10898	-0.552	-1.05	-2.739	0	149	1018	1
2026-02-11	16:38:51.790	-5.425	-3.955	-2.555	0.235948	-0.135664	1.129232	-0.552	-1.05	-2.739	0	149	1018	1
2026-02-11	16:38:51.810	-8.785	-4.585	-0.91	0.198372	-0.114436	1.101172	-0.546	-1.0425	-2.7375	0	147	1022	1
2026-02-11	16:38:51.830	-10.29	-6.895	2.065	0.169092	-0.091256	1.053592	-0.549	-1.0365	-2.7375	0	147	1022	1
2026-02-11	16:38:51.850	-8.82	-9.345	4.62	0.148108	-0.07564	1.010648	-0.555	-1.041	-2.739	0	147	1022	1
2026-02-11	16:38:51.870	-4.795	-10.955	5.565	0.122	-0.06954	0.960384	-0.555	-1.038	-2.733	0	147	1022	1
2026-02-11	16:38:51.890	0.735	-11.235	4.095	0.092232	-0.061732	0.899628	-0.5565	-1.0365	-2.727	0	147	1022	1
2026-02-11	16:38:51.910	6.65	-10.22	0.77	0.080032	-0.051484	0.854976	-0.564	-1.0365	-2.742	0	147	1022	1
2026-02-11	16:38:51.930	11.69	-8.68	-2.8	0.088328	-0.044896	0.829356	-0.5655	-1.041	-2.745	0	147	1022	1
2026-02-11	16:38:51.950	14.56	-7.21	-5.39	0.114192	-0.039284	0.817156	-0.555	-1.0395	-2.733	0	147	1022	1
2026-02-11	16:38:51.970	15.12	-5.075	-6.825	0.118584	-0.032452	0.818132	-0.5625	-1.0395	-2.736	0	147	1022	1
2026-02-11	16:38:51.990	13.51	-1.82	-7.945	0.09028	-0.025864	0.82594	-0.5655	-1.05	-2.7345	0	147	1022	1
2026-02-11	16:38:52.010	8.05	2.765	-9.94	0.052704	-0.028304	0.823744	-0.5655	-1.05	-2.7345	0	145	1025	1
2026-02-11	16:38:52.030	1.89	6.37	-12.04	0.037332	-0.01098	0.793488	-0.5715	-1.053	-2.742	0	145	1025	1
2026-02-11	16:38:52.050	-4.27	10.99	-15.33	-0.000976	0.004392	0.724192	-0.5715	-1.053	-2.742	0	145	1025	1
2026-02-11	16:38:52.070	-6.02	14.875	-18.795	-0.014396	0.004636	0.69784	-0.57	-1.053	-2.739	0	145	1025	1
2026-02-11	16:38:52.090	-6.825	18.34	-22.26	0.007076	-0.02196	0.752496	-0.5655	-1.044	-2.742	0	145	1025	1
2026-02-11	16:38:52.110	-9.52	21.245	-24.29	0.066856	-0.056608	0.812276	-0.57	-1.053	-2.7495	0	145	1025	1
2026-02-11	16:38:52.130	-13.755	22.085	-24.255	0.114192	-0.055388	0.83204	-0.57	-1.056	-2.742	0	145	1025	1
2026-02-11	16:38:52.150	-16.905	20.09	-22.855	0.11712	-0.048312	0.849852	-0.5625	-1.0545	-2.7495	0	145	1025	1
2026-02-11	16:38:52.170	-18.69	15.68	-21.28	0.135664	-0.071492	0.925248	-0.5625	-1.047	-2.7495	0	145	1025	1
2026-02-11	16:38:52.190	-20.265	11.235	-20.09	0.158844	-0.09467199	0.995764	-0.567	-1.0485	-2.757	0	145	1025	1
2026-02-11	16:38:52.210	-20.44	6.86	-20.37	0.155428	-0.111752	1.031632	-0.567	-1.0545	-2.745	0	145	1006	1
2026-02-11	16:38:52.230	-17.92	1.085	-22.75	0.151524	-0.127368	1.04188	-0.5595	-1.0455	-2.7435	0	145	1006	1
2026-02-11	16:38:52.250	-12.74	-3.885	-26.11	0.151768	-0.144448	1.034804	-0.5595	-1.0545	-2.745	0	145	1006	1
2026-02-11	16:38:52.270	-5.11	-6.615	-29.12	0.149572	-0.145668	1.03456	-0.567	-1.0425	-2.7345	0	145	1006	1
2026-02-11	16:38:52.290	3.045	-8.365	-30.66	0.211792	-0.152744	1.102148	-0.5745	-1.047	-2.736	0	145	1006	1
2026-02-11	16:38:52.310	7.21	-13.16	-26.46	0.389668	-0.187392	1.2871	-0.576	-1.0485	-2.751	0	145	1006	1
2026-02-11	16:38:52.330	2.765	-14.98	-22.225	0.47336	-0.20374	1.330288	-0.579	-1.0515	-2.7435	0	145	1006	1
2026-02-11	16:38:52.350	-1.925	-13.72	-18.48	0.384544	-0.194956	1.195844	-0.5775	-1.0545	-2.73	0	145	1006	1
2026-02-11	16:38:52.370	-2.625	-12.845	-17.325	0.361852	-0.182268	1.121424	-0.5745	-1.053	-2.718	0	145	1006	1
2026-02-11	16:38:52.390	-1.925	-14.56	-15.855	0.386496	-0.165676	1.124596	-0.5775	-1.05	-2.7135	0	145	1006	1
2026-02-11	16:38:52.410	-2.275	-18.55	-12.355	0.448228	-0.149328	1.169492	-0.5775	-1.056	-2.709	0	145	999	1
2026-02-11	16:38:52.430	-3.5	-21.595	-7.385	0.479948	-0.134688	1.209996	-0.579	-1.059	-2.709	0	145	999	1
2026-02-11	16:38:52.450	-4.2	-20.37	-3.71	0.40504	-0.128588	1.169248	-0.5835	-1.0545	-2.7135	0	145	999	1
2026-02-11	16:38:52.470	-2.555	-19.985	-3.71	0.283528	-0.116876	1.063108	-0.5865	-1.056	-2.7105	0	145	999	1
2026-02-11	16:38:52.490	1.47	-23.555	-5.53	0.219844	-0.10492	1.001376	-0.594	-1.0545	-2.706	0	145	999	1
2026-02-11	16:38:52.510	5.18	-25.2	-6.615	0.194224	-0.089304	0.99674	-0.6	-1.0515	-2.706	0	145	999	1
2026-02-11	16:38:52.530	6.685	-23.065	-6.65	0.169824	-0.07564	0.999424	-0.6015	-1.0545	-2.7045	0	145	999	1
2026-02-11	16:38:52.550	5.25	-18.34	-6.16	0.169824	-0.068808	1.018944	-0.6045	-1.0575	-2.7015	0	145	999	1
2026-02-11	16:38:52.570	-0.21	-11.27	-4.34	0.205936	-0.066612	1.01138	-0.6105	-1.0575	-2.7105	0	145	999	1
2026-02-11	16:38:52.590	-5.25	-0.56	-1.82	0.22448	-0.049776	0.91866	-0.6105	-1.0575	-2.7105	0	145	999	1
2026-02-11	16:38:52.610	-5.6	8.54	-0.525	0.241804	-0.048068	0.8418	-0.6045	-1.059	-2.706	0	148	1012	1
2026-02-11	16:38:52.630	-2.975	14.735	0.7	0.249124	-0.043676	0.792024	-0.6015	-1.0635	-2.7015	0	148	1012	1
2026-02-11	16:38:52.650	0.91	20.02	1.785	0.260104	-0.032696	0.792268	-0.6	-1.065	-2.7015	0	148	1012	1
2026-02-11	16:38:52.670	4.13	25.27	3.01	0.272548	-0.020008	0.826428	-0.5985	-1.0665	-2.7	0	148	1012	1
2026-02-11	16:38:52.690	5.25	29.26	4.515	0.25742	-0.011468	0.865224	-0.5955	-1.0665	-2.703	0	148	1012	1
2026-02-11	16:38:52.710	3.815	31.01	6.23	0.23912	-0.00732	0.893772	-0.5895	-1.062	-2.706	0	148	1012	1
2026-02-11	16:38:52.730	0.945	32.095	8.365	0.217648	-0.01098	0.910608	-0.585	-1.0605	-2.706	0	148	1012	1
2026-02-11	16:38:52.750	-1.925	31.57	11.165	0.162016	-0.003904	0.89914	-0.582	-1.0635	-2.7075	0	148	1012	1
2026-02-11	16:38:52.770	-3.395	28.91	13.65	0.133956	0.000488	0.891576	-0.5745	-1.0635	-2.7165	0	148	1012	1
2026-02-11	16:38:52.790	-3.15	24.99	15.645	0.123464	0.0061	0.889624	-0.567	-1.062	-2.7195	0	148	1012	1
2026-02-11	16:38:52.810	-0.84	19.95	16.52	0.117364	0.010248	0.900604	-0.5625	-1.0605	-2.7195	0	151	1013	1
2026-02-11	16:38:52.830	3.255	14.56	15.365	0.098088	0.022204	0.91744	-0.564	-1.0575	-2.721	0	151	1013	1
2026-02-11	16:38:52.850	10.185	6.475	11.9	0.176656	0.002196	1.058472	-0.567	-1.056	-2.7195	0	151	1013	1
2026-02-11	16:38:52.870	11.69	8.995	11.095	0.193248	-0.010004	1.071404	-0.567	-1.056	-2.7195	0	151	1013	1
2026-02-11	16:38:52.890	12.845	13.335	10.955	0.146644	-0.0122	0.99674	-0.5535	-1.0605	-2.7195	0	151	1013	1
2026-02-11	16:38:52.910	15.96	13.93	9.73	0.100772	-0.022448	1.002108	-0.5415	-1.0545	-2.7255	0	151	1013	1
2026-02-11	16:38:52.930	16.555	11.2	7.49	0.15738	-0.064904	1.153632	-0.5535	-1.0575	-2.73	0	151	1013	1
2026-02-11	16:38:52.950	10.395	5.985	5.705	0.274012	-0.101992	1.321504	-0.546	-1.059	-2.724	0	151	1013	1
2026-02-11	16:38:52.970	-1.33	1.47	3.955	0.437736	-0.1525	1.387628	-0.5475	-1.0635	-2.7345	0	151	1013	1
2026-02-11	16:38:52.990	-13.265	1.54	2.625	0.382592	-0.144448	1.316624	-0.546	-1.062	-2.727	0	151	1013	1
2026-02-11	16:38:53.010	-17.22	4.655	-1.75	0.215696	-0.130784	1.061156	-0.5445	-1.0605	-2.724	0	153	1012	1
2026-02-11	16:38:53.030	-11.305	1.995	-11.41	0.105896	-0.117852	0.864736	-0.549	-1.05	-2.7165	0	153	1012	1
2026-02-11	16:38:53.050	-1.4	-3.745	-20.44	0.160064	-0.12444	0.914268	-0.5445	-1.0515	-2.7135	0	153	1012	1
2026-02-11	16:38:53.070	3.395	-6.545	-25.025	0.249124	-0.146644	1.085556	-0.5385	-1.0575	-2.709	0	153	1012	1
2026-02-11	16:38:53.090	-0.28	-7.14	-25.41	0.255712	-0.147864	1.189988	-0.537	-1.059	-2.706	0	153	1012	1
2026-02-11	16:38:53.110	-8.82	-9.17	-25.235	0.138104	-0.12078	1.15168	-0.5445	-1.059	-2.7075	0	153	1012	1
2026-02-11	16:38:53.130	-13.755	-13.055	-26.67	0.045872	-0.099308	1.054324	-0.5505	-1.062	-2.7105	0	153	1012	1
2026-02-11	16:38:53.150	-13.545	-13.72	-28.07	0.010492	-0.089304	0.977464	-0.5685	-1.056	-2.7285	0	153	1012	1
2026-02-11	16:38:53.170	-10.885	-12.705	-28	-0.00244	-0.075884	0.8845	-0.5685	-1.059	-2.721	0	153	1012	1
2026-02-11	16:38:53.190	-5.88	-10.43	-27.09	0.019032	-0.076128	0.8296	-0.5745	-1.071	-2.724	0	153	1012	1
2026-02-11	16:38:53.210	0.315	-6.51	-26.32	0.03782	-0.074908	0.801784	-0.5745	-1.0665	-2.715	0	156	1021	1
2026-02-11	16:38:53.230	5.67	-2.345	-26.355	0.076616	-0.0732	0.81496	-0.5745	-1.077	-2.721	0	156	1021	1
2026-02-11	16:38:53.250	8.61	1.715	-26.95	0.09272	-0.080276	0.848144	-0.576	-1.056	-2.715	0	156	1021	1
2026-02-11	16:38:53.270	8.505	4.27	-27.23	0.122976	-0.08174	0.885964	-0.579	-1.0695	-2.718	0	156	1021	1
2026-02-11	16:38:53.290	5.495	6.615	-26.95	0.134688	-0.083936	0.903044	-0.5775	-1.0815	-2.727	0	156	1021	1
2026-02-11	16:38:53.310	0.56	8.085	-26.985	0.135176	-0.083448	0.894504	-0.576	-1.077	-2.7255	0	156	1021	1
2026-02-11	16:38:53.330	-4.165	8.505	-27.965	0.081984	-0.072956	0.842532	-0.579	-1.08	-2.718	0	156	1021	1
2026-02-11	16:38:53.350	-6.895	8.82	-30.38	0.031476	-0.063684	0.777628	-0.5745	-1.074	-2.7225	0	156	1021	1
2026-02-11	16:38:53.370	-7.21	10.605	-33.355	-0.015128	-0.049044	0.748104	-0.579	-1.083	-2.7195	0	156	1021	1
2026-02-11	16:38:53.390	-5.04	13.23	-36.085	0.001708	-0.04636	0.850828	-0.5835	-1.08	-2.7165	0	156	1021	1
2026-02-11	16:38:53.410	-5.32	17.185	-35.315	0.05734	-0.057584	0.9577	-0.585	-1.083	-2.721	0	159	1014	1
2026-02-11	16:38:53.430	-7.665	21.21	-33.075	0.067588	-0.064416	0.97844	-0.5835	-1.0905	-2.727	0	159	1014	1
2026-02-11	16:38:53.450	-8.75	22.26	-30.695	0.03782	-0.05246	0.961116	-0.5805	-1.0965	-2.7225	0	159	1014	1
2026-02-11	16:38:53.470	-6.86	20.58	-29.33	0.009516	-0.055876	0.9516	-0.579	-1.095	-2.7225	0	159	1014	1
2026-02-11	16:38:53.490	-2.8	17.465	-29.505	0.020496	-0.06588	0.978196	-0.57	-1.0905	-2.727	0	159	1014	1
2026-02-11	16:38:53.510	1.435	14.07	-30.415	0.012932	-0.073688	1.007476	-0.57	-1.0905	-2.7315	0	159	1014	1
2026-02-11	16:38:53.530	5.32	10.745	-31.255	-0.002928	-0.078324	1.052372	-0.5805	-1.0935	-2.7345	0	159	1014	1
2026-02-11	16:38:53.550	8.435	9.24	-30.8	-0.013664	-0.0793	1.116056	-0.585	-1.0995	-2.736	0	159	1014	1
2026-02-11	16:38:53.570	9.905	11.97	-28.945	0.018544	-0.08174	1.151436	-0.585	-1.104	-2.736	0	159	1014	1
2026-02-11	16:38:53.590	10.465	18.095	-25.725	0.045628	-0.066368	1.13826	-0.591	-1.1025	-2.736	0	159	1014	1
2026-02-11	16:38:53.610	11.235	22.4	-22.12	0.134932	-0.058316	1.16998	-0.585	-1.107	-2.736	0	161	1004	1
2026-02-11	16:38:53.630	9.94	19.25	-18.585	0.26108	-0.0793	1.257088	-0.579	-1.1145	-2.739	0	161	1004	1
2026-02-11	16:38:53.650	1.645	11.235	-16.94	0.36966	-0.099064	1.303692	-0.5865	-1.1055	-2.739	0	161	1004	1
2026-02-11	16:38:53.670	-7.14	5.18	-20.72	0.371856	-0.101504	1.14802	-0.5865	-1.1055	-2.739	0	161	1004	1
2026-02-11	16:38:53.690	-8.12	1.82	-27.545	0.272792	-0.053924	1.007476	-0.5775	-1.107	-2.7345	0	161	1004	1
2026-02-11	16:38:53.710	-3.395	-2.17	-35.07	0.280844	-0.037088	1.039196	-0.57	-1.113	-2.7315	0	161	1004	1
2026-02-11	16:38:53.730	-1.575	-8.085	-37.59	0.413824	-0.07076	1.223416	-0.576	-1.116	-2.7345	0	161	1004	1
2026-02-11	16:38:53.750	-8.05	-13.125	-35.49	0.408456	-0.083448	1.320772	-0.579	-1.119	-2.7315	0	161	1004	1
2026-02-11	16:38:53.770	-15.785	-17.01	-25.13	0.406748	-0.066856	1.258796	-0.57	-1.119	-2.721	0	161	1004	1
2026-02-11	16:38:53.790	-18.655	-18.48	-21.875	0.251564	-0.066368	1.111176	-0.57	-1.116	-2.715	0	161	1004	1
2026-02-11	16:38:53.810	-15.75	-21.385	-23.135	0.125172	-0.077836	0.986736	-0.573	-1.113	-2.7165	0	163	1018	1
2026-02-11	16:38:53.830	-10.71	-25.55	-24.745	0.097356	-0.087108	0.963312	-0.5835	-1.1145	-2.7195	0	163	1018	1
2026-02-11	16:38:53.850	-6.895	-25.55	-23.555	0.110776	-0.085644	0.992104	-0.591	-1.1205	-2.715	0	163	1018	1
2026-02-11	16:38:53.870	-4.83	-20.755	-20.475	0.113704	-0.07124799	1.002596	-0.5955	-1.119	-2.715	0	163	1018	1
2026-02-11	16:38:53.890	-3.57	-13.895	-17.115	0.100528	-0.053924	0.999424	-0.603	-1.1205	-2.7195	0	163	1018	1
2026-02-11	16:38:53.910	-2.835	-7.035	-14.805	0.07808	-0.05246	0.980392	-0.609	-1.1265	-2.721	0	163	1018	1
2026-02-11	16:38:53.930	-3.605	-1.015	-12.635	0.176168	-0.051484	0.99308	-0.615	-1.128	-2.721	0	163	1018	1
2026-02-11	16:38:53.950	-6.965	10.22	-9.03	0.227408	-0.044896	0.970876	-0.615	-1.128	-2.721	0	163	1018	1
2026-02-11	16:38:53.970	-10.395	14.21	-5.25	0.253516	-0.032696	0.975268	-0.6075	-1.1325	-2.703	0	163	1018	1
2026-02-11	16:38:53.990	-13.125	18.9	-2.17	0.225212	-0.03416	0.962336	-0.6045	-1.1265	-2.7015	0	163	1018	1
2026-02-11	16:38:54.010	-14.245	22.96	-1.155	0.201788	-0.041724	0.957212	-0.5925	-1.125	-2.715	0	164	1036	1
2026-02-11	16:38:54.030	-14.175	25.83	-1.75	0.21594	-0.051484	0.992348	-0.6	-1.1235	-2.718	0	164	1036	1
2026-02-11	16:38:54.050	-14.42	27.125	-1.68	0.2074	-0.049044	1.021628	-0.5955	-1.128	-2.7165	0	164	1036	1
2026-02-11	16:38:54.070	-15.12	26.81	-0.63	0.164456	-0.047824	1.020408	-0.5955	-1.119	-2.709	0	164	1036	1
2026-02-11	16:38:54.090	-15.435	22.505	0.91	0.155672	-0.052704	1.037976	-0.591	-1.113	-2.715	0	164	1036	1
2026-02-11	16:38:54.110	-14.105	18.62	2.52	0.143472	-0.070272	1.046516	-0.5895	-1.1115	-2.7225	0	164	1036	1
2026-02-11	16:38:54.130	-10.325	15.05	3.99	0.101992	-0.089792	1.030656	-0.591	-1.116	-2.724	0	164	1036	1
2026-02-11	16:38:54.150	-4.655	11.27	5.46	0.061976	-0.105652	0.991372	-0.5895	-1.116	-2.727	0	164	1036	1
2026-02-11	16:38:54.170	1.505	6.44	7.21	0.042456	-0.12078	0.974292	-0.5895	-1.1175	-2.73	0	164	1036	1
2026-02-11	16:38:54.190	6.755	-0.77	9.94	0.12078	-0.137128	1.040416	-0.585	-1.119	-2.727	0	164	1036	1
2026-02-11	16:38:54.210	7.63	-5.04	12.53	0.228628	-0.144448	1.100928	-0.579	-1.1175	-2.724	0	164	1044	1
2026-02-11	16:38:54.230	6.615	-5.565	12.985	0.20252	-0.133712	1.041636	-0.582	-1.116	-2.7345	0	164	1044	1
2026-02-11	16:38:54.250	7.42	-3.395	10.535	0.173728	-0.13298	0.961604	-0.579	-1.116	-2.73	0	164	1044	1
2026-02-11	16:38:54.270	9.17	-0.91	6.265	0.156892	-0.1342	0.909632	-0.5835	-1.1145	-2.733	0	164	1044	1
2026-02-11	16:38:54.290	9.975	0.49	1.96	0.169092	-0.136152	0.911828	-0.585	-1.1175	-2.733	0	164	1044	1
2026-02-11	16:38:54.310	8.785	1.82	-1.435	0.191784	-0.138348	0.953552	-0.5775	-1.1205	-2.73	0	164	1044	1
2026-02-11	16:38:54.330	5.74	3.955	-3.71	0.182756	-0.122976	0.983564	-0.5865	-1.119	-2.727	0	164	1044	1
2026-02-11	16:38:54.350	2.31	5.53	-5.6	0.153964	-0.098332	1.01504	-0.582	-1.1145	-2.739	0	164	1044	1
2026-02-11	16:38:54.370	-1.295	4.83	-7.805	0.130296	-0.101504	1.052372	-0.579	-1.1235	-2.736	0	164	1044	1
2026-02-11	16:38:54.390	-5.53	2.625	-10.185	0.134932	-0.099552	1.051884	-0.582	-1.122	-2.736	0	164	1044	1
2026-02-11	16:38:54.410	-7.945	-0.945	-13.055	0.11102	-0.078324	0.991372	-0.585	-1.116	-2.736	0	160	1042	1
2026-02-11	16:38:54.430	-6.125	-6.825	-16.87	0.0915	-0.055144	0.933544	-0.5865	-1.116	-2.736	0	160	1042	1
2026-02-11	16:38:54.450	-0.91	-11.445	-21.14	0.072712	-0.039284	0.915	-0.582	-1.1235	-2.733	0	160	1042	1
2026-02-11	16:38:54.470	6.93	-13.895	-27.125	0.048556	-0.038064	0.925004	-0.5865	-1.125	-2.7315	0	160	1042	1
2026-02-11	16:38:54.490	9.275	-13.475	-30.45	0.048556	-0.036112	0.962092	-0.588	-1.1235	-2.727	0	160	1042	1
2026-02-11	16:38:54.510	8.54	-11.34	-33.005	0.058316	-0.033916	1.003816	-0.594	-1.1265	-2.724	0	160	1042	1
2026-02-11	16:38:54.530	5.845	-7.56	-35	0.07124799	-0.03294	1.020652	-0.6	-1.1355	-2.7285	0	160	1042	1
2026-02-11	16:38:54.550	2.73	-3.64	-36.855	0.074176	-0.030988	1.014796	-0.6015	-1.1445	-2.73	0	160	1042	1
2026-02-11	16:38:54.570	0.07	-1.4	-38.99	0.081984	-0.033428	1.003328	-0.603	-1.1475	-2.7285	0	160	1042	1
2026-02-11	16:38:54.590	-1.925	-0.49	-41.545	0.07124799	-0.03538	0.979904	-0.6015	-1.1565	-2.7315	0	160	1042	1
