timestamp,probability,energy,frequency
10.0,0.32986596,0.11256557833792676,1.8
11.000001904770976,0.56891745,0.11744754117894304,1.7000000000000002
12.000003809541951,0.2793376,0.11475942253791521,1.3
13.000005714312925,0.44597292,0.08610879914498588,1.5
14.0000076190839,0.39822447,0.08127736494935825,1.5
15.000009523854875,0.6488025,0.07320688957095219,10.200000000000001
16.00001142862585,0.6689415,0.07205694547549693,10.700000000000001
17.000013333396826,0.7708404,0.07088641584739766,10.700000000000001
18.0000152381678,0.76833236,0.0663239494184745,10.200000000000001
19.000017142938773,0.6650649,0.0492617470662617,1.4000000000000001
20.00001904770975,0.53242975,0.04474050086732755,1.4000000000000001
21.000020952480725,0.57104284,0.017411553675279523,4.3
22.0000228572517,0.56062573,0.01736499473299872,4.3
23.000024762022676,0.38295415,0.01714374660582917,6.300000000000001
24.00002666679365,0.38374323,0.0145516728574016,6.4
25.000028571564627,0.32440045,0.012619265517679194,6.6000000000000005
26.000030476335603,0.25982767,0.011378178312028961,6.6000000000000005
27.00003238110658,0.6501444,0.002459438563342151,10.0
28.00003428587755,0.56299514,0.002170025231314899,5.2
29.000036190648526,0.41463253,0.0018266665055337403,7.800000000000001
30.0000380954195,0.5710191,0.0018293588467391143,8.3
31.000040000190477,0.34493336,0.0017762626149767315,10.4
32.00004190496145,0.2430782,0.001833864276241764,13.600000000000001
33.00004380973243,0.24338128,0.0019978351542275707,14.100000000000001
34.0000457145034,0.23775807,0.002060088846819546,14.0
35.000047619274376,0.23748103,0.0020281765410396,15.0
36.00004952404535,0.22470091,0.002025767662944793,14.100000000000001
37.00005142881633,0.22701024,0.0020512101110743445,10.3
38.0000533335873,0.23087439,0.002045760289866302,14.100000000000001
39.00005523835828,0.22676995,0.0020527782293855218,14.100000000000001
40.000057143129254,0.22381972,0.0020260706920543032,14.100000000000001
41.00005904790023,0.25351676,0.001946107180423733,14.100000000000001
42.000060952671205,0.24634485,0.0018142898381700826,3.8000000000000003
43.00006285744218,0.23983109,0.0016365277849573038,3.8000000000000003
44.00006476221316,0.25046173,0.0016069512121563087,11.0
45.000066666984125,0.24668701,0.0016781020700624657,8.700000000000001
46.0000685717551,0.25538787,0.001725970095056703,8.700000000000001
47.000070476526076,0.23970445,0.0016860196850997948,10.9
48.00007238129705,0.23042229,0.001662605473529279,13.4
49.00007428606803,0.23489974,0.0016909393272453576,10.5
50.000076190839,0.23231702,0.001674390711665492,10.5
51.00007809560998,0.22539091,0.001698070109001184,10.200000000000001
52.000080000380954,0.23578656,0.0018327559031000385,13.0
53.00008190515193,0.23508295,0.0019033415527426058,13.0
54.000083809922906,0.22008361,0.001917192780394813,10.4
55.00008571469388,0.22637069,0.0018820337296065323,10.4
56.00008761946486,0.2321843,0.0018564161158520969,10.4
57.00008952423583,0.22239614,0.0018753036919088944,10.4
58.00009142900681,0.22677007,0.0018974170824726103,10.4
59.00009333377778,0.21481821,0.0018718038568766358,13.100000000000001
60.00009523854875,0.23495387,0.0018827286359944452,13.100000000000001
61.00009714331973,0.22803374,0.0020515581903069293,10.3
62.0000990480907,0.24904898,0.0019590733218596253,10.3
63.00010095286168,0.24099113,0.001892909672487865,10.3
64.00010285763265,0.23123029,0.0019123281176451716,10.200000000000001
65.00010476240362,0.23695485,0.0018938498988487005,4.5
66.0001066671746,0.2445754,0.0018956216724928495,10.200000000000001
67.00010857194559,0.24793978,0.001843447730569188,5.4
68.00011047671656,0.24671638,0.0018283538146026811,5.4
69.00011238148753,0.24127887,0.0018552638394182526,14.600000000000001
70.00011428625851,0.2256528,0.0018411841762292216,4.6000000000000005
71.00011619102949,0.22819625,0.0016270510734213304,14.600000000000001
72.00011809580046,0.23243612,0.0016377245782426449,8.1
73.00012000057143,0.25192273,0.0016698252128002258,7.7
74.00012190534241,0.4114679,0.012919222877156411,0.30000000000000004
75.00012381011338,0.4115763,0.02580470021114102,4.2
76.00012571488436,0.45860198,0.0667193970405661,2.9000000000000004
77.00012761965533,0.2714609,0.07630059121059453,2.9000000000000004
78.00012952442631,0.24184819,0.07628266862571602,2.9000000000000004
79.00013142919728,0.23169275,0.07625385128937516,2.9000000000000004
80.00013333396825,0.25195792,0.07817320994838048,2.8000000000000003
81.00013523873923,0.33011514,0.07853159837349558,2.8000000000000003
82.0001371435102,0.56412095,0.07852599502045343,2.8000000000000003
83.00013904828118,0.88260657,0.07875979163794522,2.8000000000000003
84.00014095305215,0.84176326,0.0814886840006848,2.7
85.00014285782314,0.8722714,0.08234397184297611,2.7
86.0001447625941,0.57021034,0.055420508848521045,1.4000000000000001
87.00014666736509,0.8039044,0.041303580684575396,1.9000000000000001
88.00014857213606,0.68427026,0.041408771258920146,1.9000000000000001
89.00015047690704,0.62578875,0.041457308569789124,1.9000000000000001
90.000152381678,0.699777,0.037652800727413976,1.9000000000000001
91.00015428644899,0.76781917,0.036848766785229865,2.0
92.00015619121996,0.7276937,0.03678816884471391,2.0
93.00015809599094,0.6101035,0.03606754077785822,2.1
94.00016000076191,0.45568797,0.02687416297950398,1.9000000000000001
95.00016190553288,0.5176926,0.005532357110647401,14.700000000000001
96.00016381030386,0.39936203,0.006737781576570325,14.9
97.00016571507483,0.44742918,0.006847005749701341,14.0
98.00016761984581,0.49391374,0.00666714977334816,14.9
99.00016952461678,0.40415034,0.006582277237331165,15.0
100.00017142938776,0.24855024,0.0067635598523084345,15.0
101.00017333415873,0.52224123,0.008118768594674745,15.0
102.00017523892971,0.69486666,0.04045425173972422,6.0
103.00017714370068,0.58791476,0.054147831750197016,5.2
104.00017904847167,0.54861826,0.054142619315048345,5.2
105.00018095324263,0.45338935,0.05413871446325772,5.2
106.00018285801362,0.37383652,0.05394383009161867,5.2
107.00018476278458,0.51305366,0.053853203959442035,5.2
108.00018666755555,0.551594,0.053818189009192774,5.1000000000000005
109.00018857232654,0.51117164,0.053810295941745204,5.2
110.0001904770975,0.3032069,0.05391353894735378,5.1000000000000005
111.00019238186849,0.31959203,0.053813709711587734,5.1000000000000005
112.00019428663946,0.48228574,0.03652305629479515,5.0
113.00019619141044,0.5733938,0.006753327016215734,9.200000000000001
114.0001980961814,0.6044548,0.0070353978536536,12.200000000000001
115.00020000095239,0.6649634,0.007057752983841202,9.600000000000001
116.00020190572336,0.6666208,0.007330079874098038,9.600000000000001
117.00020381049434,0.5708413,0.0073320809452943414,9.600000000000001
118.00020571526531,0.6262632,0.007299550560693651,11.0
119.00020762003629,0.5965549,0.007287370852176044,11.0
120.00020952480726,0.36063504,0.006209245571200425,12.3
121.00021142957823,0.42153183,0.00522011487315299,12.3
122.00021333434921,0.36425263,0.004548233703828586,12.5
123.00021523912018,0.36367783,0.003956580720662371,10.0
124.00021714389116,0.41956672,0.0033483275052856513,10.3
125.00021904866213,0.41040555,0.0032104486954289105,10.3
126.00022095343311,0.48638916,0.002533417338124664,14.9
127.00022285820408,0.34411412,0.002536183001107923,14.9
128.00022476297505,0.5487247,0.00255484355437872,10.3
129.00022666774603,0.55886567,0.002640266812137364,14.9
130.00022857251702,0.6299971,0.002783971519307942,14.600000000000001
131.00023047728797,0.48847207,0.00294520220159105,14.9
132.00023238205898,0.50983196,0.0025293451118462646,14.600000000000001
133.00023428682994,0.47174478,0.0024972142543238855,14.600000000000001
134.00023619160092,0.40362418,0.0025516461163316404,14.600000000000001
135.0002380963719,0.36050737,0.0025951986351214554,14.600000000000001
136.00024000114286,0.4187814,0.0029349515886260592,14.600000000000001
137.00024190591384,0.61524075,0.0035131699069080894,9.9
138.00024381068482,0.389597,0.0037188679669002424,9.9
139.00024571545578,0.44545406,0.0037314325241151643,9.9
140.00024762022676,0.39602527,0.0037186006942330823,9.9
141.00024952499774,0.65600073,0.0037588230087291044,9.9
142.00025142976872,0.67186975,0.003983654619826423,10.200000000000001
143.00025333453968,0.59529567,0.03346255759938866,3.9000000000000004
144.00025523931066,0.52532136,0.03634520070206338,3.1
145.00025714408164,0.4353906,0.03633495638272192,4.9
146.00025904885263,0.3852728,0.03673384692927945,2.9000000000000004
147.00026095362358,0.66646034,0.03673670472178482,2.9000000000000004
148.00026285839456,0.70142734,0.03670184876775501,2.9000000000000004
149.00026476316555,0.8639291,0.03668393469207587,2.9000000000000004
150.0002666679365,0.8242349,0.036671774262592494,2.9000000000000004
151.00026857270748,0.87274796,0.036646946538842,2.9000000000000004
152.00027047747847,0.8324162,0.03660945467008319,2.9000000000000004
153.00027238224945,0.6150823,0.015528210778028052,8.8
154.0002742870204,0.68543184,0.00632188131267718,3.3000000000000003
155.0002761917914,0.6232812,0.006312759768250106,3.3000000000000003
156.00027809656237,0.59836006,0.002907759291545646,1.8
157.00028000133335,0.69460124,0.0019319918090776479,12.9
158.0002819061043,0.6779899,0.0019133573142451911,10.3
159.0002838108753,0.584923,0.003181777613422153,8.1
160.00028571564627,0.5639112,0.0031907939514023084,10.0
161.00028762041725,0.51853883,0.003211983671330445,8.0
162.0002895251882,0.53519195,0.0032638497276775663,8.0
163.0002914299592,0.5391008,0.003251996363746433,8.0
164.00029333473017,0.56127685,0.0032472818487336783,8.0
165.00029523950113,0.5721589,0.003254338615770831,8.0
166.0002971442721,0.5365216,0.0035590486805156768,8.5
167.0002990490431,0.67055357,0.0035202878976600053,8.5
168.00030095381408,0.55968934,0.0035442667917385618,7.5
169.00030285858503,0.58409387,0.0024700597250151106,11.9
170.000304763356,0.51437974,0.02269582204726177,2.9000000000000004
171.000306668127,0.74635303,0.05218545610528754,1.4000000000000001
172.00030857289798,0.59993005,0.052229465031407275,1.6
173.00031047766893,0.5696237,0.05226470606920207,1.5
174.00031238243992,0.5513794,0.0522958255411223,1.6
175.0003142872109,0.36374888,0.05231921947694073,1.5
176.00031619198188,0.30994612,0.05232006105386033,1.6
177.00031809675284,0.32374945,0.05232934669667572,1.5
178.00032000152382,0.4048327,0.052334884888218476,1.5
179.0003219062948,0.434471,0.052330559716674406,1.6
180.00032381106575,0.0890558,0.04699451259494245,1.3
181.00032571583674,0.29476735,0.0021444475685461315,6.9
182.00032762060772,0.21972491,0.0017269371949626248,14.3
183.0003295253787,0.22168641,0.0017550492621704967,14.3
184.00033143014966,0.2275478,0.0018006685929881096,14.3
185.00033333492064,0.22370318,0.001749417876729691,10.3
186.00033523969162,0.22871932,0.001679117191903136,7.1000000000000005
187.0003371444626,0.21295573,0.0017148873930106425,7.1000000000000005
188.00033904923356,0.22188796,0.0016802833986462075,7.1000000000000005
189.00034095400454,0.21112229,0.001681431961732558,12.3
190.00034285877553,0.20685247,0.0016724463311400663,7.2
191.00034476354648,0.21227169,0.001658165736495238,4.6000000000000005
192.00034666831746,0.21074696,0.0016228296763305973,13.200000000000001
193.00034857308844,0.20606457,0.0015942765618013539,13.200000000000001
194.00035047785943,0.20342991,0.0015736610744718248,8.700000000000001
195.00035238263038,0.2127193,0.0015914411862706604,6.9
196.00035428740136,0.2143605,0.0017360322860773536,13.4
197.00035619217235,0.21554923,0.0017332383143834707,12.3
198.00035809694333,0.21863817,0.0017145861822788215,12.0
199.00036000171428,0.2276745,0.0016978402413566174,6.7
200.00036190648527,0.21290788,0.001676850070671672,12.3
201.00036381125625,0.21966214,0.0016991675258542266,12.3
202.00036571602723,0.22278145,0.0017128428681529913,12.100000000000001
203.0003676207982,0.22352532,0.001782578208307921,12.3
204.00036952556917,0.22271904,0.0017605714548794673,12.3
205.00037143034015,0.21999475,0.0018224295612727349,12.5
206.0003733351111,0.22653492,0.0016856199650172052,13.5
207.0003752398821,0.22569716,0.0016387859982715646,13.600000000000001
208.00037714465307,0.2131181,0.00168559342116882,13.5
209.00037904942405,0.21922934,0.0018417944575554392,13.5
210.000380954195,0.2288624,0.001905625598048324,13.5
211.000382858966,0.21933952,0.0018918849852923405,13.5
212.00038476373697,0.22348362,0.0019316608960248207,13.5
213.00038666850796,0.21801297,0.0018796414291930622,13.700000000000001
214.0003885732789,0.22057867,0.0018979090273049737,13.0
215.0003904780499,0.2102013,0.0018569589134497322,13.3
216.00039238282088,0.377271,0.0027933038730241287,13.0
217.00039428759186,0.2136136,0.004128680545568705,15.0
218.0003961923628,0.20489234,0.004140442269009915,15.0
219.0003980971338,0.2012659,0.004071555954677606,15.0
220.00040000190478,0.1849937,0.004050844296047661,14.600000000000001
221.00040190667573,0.19970985,0.004072286885077143,14.600000000000001
222.00040381144672,0.20485902,0.00404647112969946,14.600000000000001
223.0004057162177,0.21090248,0.004042615760614698,14.600000000000001
224.00040762098868,0.21805726,0.004062894672154325,14.9
225.00040952575964,0.21755674,0.004072382267871722,14.9
226.00041143053062,0.26577923,0.003540220187421056,14.100000000000001
227.0004133353016,0.21510535,0.0018943193440340467,13.200000000000001
228.00041524007258,0.21954927,0.0018635870576462143,14.100000000000001
229.00041714484354,0.21469074,0.0018865233255527948,14.100000000000001
230.00041904961452,0.2211825,0.0019037836691671891,14.5
231.0004209543855,0.22162433,0.0018594099270660793,12.0
232.00042285915646,0.22030404,0.00188016214879224,14.200000000000001
233.00042476392744,0.2282255,0.0019299505737695691,14.200000000000001
234.00042666869842,0.226391,0.0018941280526999973,12.0
235.0004285734694,0.21982625,0.0020425221442656244,13.3
236.00043047824036,0.2113167,0.002209880668212207,15.0
237.00043238301134,0.20783283,0.003900319676673206,13.9
238.00043428778233,0.18441935,0.0039554954463941455,13.9
239.0004361925533,0.19655159,0.004049685732461668,13.200000000000001
240.00043809732426,0.1821073,0.004061354350501503,13.9
241.00044000209525,0.220555,0.004235730368535781,13.3
242.00044190686623,0.20230821,0.004231270938369591,13.3
243.0004438116372,0.19087209,0.004214654356058992,13.8
244.00044571640817,0.18650645,0.004225395362160296,13.200000000000001
245.00044762117915,0.20674512,0.0041406391822765625,13.3
246.00044952595013,0.20305632,0.004062368199490163,13.8
247.00045143072109,0.2050341,0.002460211362364698,13.0
248.00045333549207,0.20581748,0.0024358775925606216,12.0
249.00045524026305,0.21288867,0.0022790856922380908,12.0
250.00045714503403,0.22537324,0.002246340941630889,12.0
251.000459049805,0.22077404,0.0018625608001455506,13.100000000000001
252.00046095457597,0.21156295,0.0018835561657115944,13.100000000000001
253.00046285934695,0.21945405,0.0018766224132507503,13.100000000000001
254.00046476411794,0.21619263,0.0018294480073595598,14.9
255.0004666688889,0.22191258,0.0018061795373755692,14.9
256.0004685736599,0.21877901,0.0017455042816956377,14.9
257.0004704784309,0.32593325,0.021172814519606318,1.8
258.00047238320184,0.39389977,0.06825349974903225,10.200000000000001
259.0004742879728,0.5775451,0.06834377434176454,2.0
260.0004761927438,0.5602998,0.06834361862871766,2.0
261.00047809751476,0.64724654,0.06865359176271829,7.9
262.0004800022857,0.55881894,0.0688540537282257,2.0
263.0004819070567,0.5295114,0.06897588771548728,8.0
264.0004838118277,0.48263922,0.06924510470683923,8.0
265.00048571659863,0.49563602,0.06924455228662771,8.0
266.00048762136964,0.2800244,0.06923408881448682,8.0
267.0004895261406,0.3595203,0.06586573715096498,8.0
268.00049143091155,0.5066238,0.012190054594912842,4.800000000000001
269.00049333568256,0.68382204,0.011670702238532022,4.800000000000001
270.0004952404535,0.7974675,0.011621603297275475,4.800000000000001
271.00049714522453,0.6377681,0.009572924921019344,4.800000000000001
272.0004990499955,0.6716083,0.007925540633118365,4.800000000000001
273.00050095476644,0.6504687,0.006723030877414638,4.800000000000001
274.00050285953745,0.45675123,0.0024430447133923184,13.200000000000001
275.0005047643084,0.36458147,0.0019485347049046874,7.9
276.00050666907936,0.29388765,0.001782871880483906,9.600000000000001
277.00050857385037,0.30880097,0.0018010683370930165,9.600000000000001
278.0005104786213,0.2659488,0.0018051938648620362,9.600000000000001
279.0005123833923,0.32007548,0.0017862280709626671,9.600000000000001
280.0005142881633,0.29903957,0.002047033686051114,11.700000000000001
281.00051619293424,0.44741178,0.00529678204042783,1.7000000000000002
282.00051809770525,0.5288311,0.006517650606792031,1.7000000000000002
283.0005200024762,0.66070294,0.0065487305550415995,1.7000000000000002
284.00052190724716,0.73955786,0.006715933844408097,1.7000000000000002
285.0005238120182,0.68655735,0.006717309507807388,13.9
286.0005257167891,0.74288315,0.006699831201626502,13.9
287.0005276215601,0.78049225,0.006697998375894007,13.9
288.0005295263311,0.8355531,0.006712770946706903,13.9
289.00053143110205,0.707091,0.007261562189971436,13.8
290.000533335873,0.5330954,0.007189652579669795,1.7000000000000002
291.000535240644,0.33405423,0.005283284038091599,13.8
292.00053714541497,0.4220448,0.003711872974709548,9.8
293.000539050186,0.3639489,0.003568764957120519,9.4
294.00054095495693,0.28337637,0.0032091296979697296,14.5
295.0005428597279,0.6382744,0.009693788975479076,2.3000000000000003
296.0005447644989,0.40814036,0.010346578367511931,2.0
297.00054666926985,0.52605003,0.010374825730770768,2.0
298.0005485740408,0.80811983,0.010617757191290702,2.2
299.0005504788118,0.71429265,0.010982308234581902,3.0
300.0005523835828,0.736328,0.011003795339271325,3.0
301.0005542883537,0.68718606,0.011054993652045073,3.0
302.00055619312474,0.748349,0.01106156789952294,3.0
303.0005580978957,0.6510139,0.011069662086443208,2.8000000000000003
304.0005600026667,0.6458537,0.01107841789180699,2.8000000000000003
305.00056190743766,0.5623886,0.0062796579489747565,6.9
306.0005638122086,0.6405314,0.005149373765434903,6.9
307.0005657169796,0.47703132,0.005087783669959178,2.8000000000000003
308.0005676217506,0.49387184,0.004545974278271623,6.9
309.00056952652153,0.5438425,0.002336033638819768,15.0
310.00057143129254,0.43282223,0.002245861561949426,15.0
311.0005733360635,0.47735563,0.0020275404867889906,15.0
312.0005752408345,0.45936972,0.0020291489892660408,15.0
313.00057714560546,0.4746265,0.002246614502048045,15.0
314.0005790503764,0.4152613,0.0022057481801808997,10.700000000000001
315.0005809551474,0.6249587,0.002838793895715635,9.0
316.0005828599184,0.7067445,0.0046386240607424745,2.7
317.00058476468934,0.8014678,0.00934483591742794,3.6
318.00058666946035,0.7006812,0.010856098788830952,2.8000000000000003
319.0005885742313,0.5953351,0.012716764382845884,2.7
320.00059047900226,0.6282833,0.013713554177543993,2.7
321.00059238377327,0.6846748,0.013759705960456404,2.7
322.0005942885442,0.5013196,0.014325252865446454,2.7
323.00059619331523,0.6644664,0.015085325432151594,2.7
324.0005980980862,0.50741976,0.015258505715878543,2.7
325.00060000285714,0.6192516,0.016876971306696374,2.7
326.00060190762815,0.71534896,0.016529337585120218,8.200000000000001
327.0006038123991,0.7520672,0.014348506513196857,8.200000000000001
328.00060571717006,0.5914314,0.01325527190283956,8.200000000000001
329.00060762194107,0.42597952,0.011536933816330442,8.200000000000001
330.000609526712,0.24312283,0.011577839214828557,8.200000000000001
331.000611431483,0.4048417,0.012078805083767463,8.200000000000001
332.000613336254,0.48378807,0.011878182224033761,7.7
333.00061524102495,0.5108391,0.011692176022751676,4.7
334.00061714579596,0.34031418,0.011755256235691272,4.7
335.0006190505669,0.4570558,0.009941203641891912,7.800000000000001
336.00062095533787,0.31312397,0.012877730779623446,2.5
337.0006228601089,0.20572731,0.01570450281353055,2.6
338.00062476487983,0.08383027,0.016213160734532148,2.6
339.0006266696508,0.06689641,0.016938815624413378,2.6
340.0006285744218,0.13615085,0.017979878311868886,2.6
341.00063047919275,0.08169469,0.01764005339301867,2.6
342.00063238396376,0.15431392,0.01733504157928427,2.6
343.0006342887347,0.28963286,0.01682147030685133,2.6
344.00063619350567,0.5329677,0.01690076032919839,2.6
345.0006380982767,0.26904798,0.01701686925077278,2.6
346.00064000304764,0.29444098,0.015017733775549403,4.0
347.0006419078186,0.41588047,0.012512476587147296,4.0
348.0006438125896,0.21612631,0.012276354723430187,4.0
349.00064571736056,0.25351977,0.012434834321462782,6.0
350.0006476221315,0.22663252,0.009505706824264463,4.0
351.0006495269025,0.39342153,0.009476149242108971,4.0
352.0006514316735,0.2536819,0.009530019890402395,4.0
353.0006533364445,0.28309652,0.010200831114192056,5.7
354.00065524121544,0.33016092,0.010613606811033051,5.7
355.0006571459864,0.35122758,0.009969862764655061,5.9
356.0006590507574,0.46983153,0.009720812155878868,5.9
357.00066095552836,0.49777094,0.00909629333658241,5.9
358.0006628602993,0.45481572,0.008492860124401154,5.9
359.0006647650703,0.4033047,0.006585425865930834,7.4
360.0006666698413,0.43884847,0.008214527860901148,7.2
361.00066857461223,0.39587694,0.010517233452186676,12.3
362.00067047938325,0.45926535,0.011207145776011222,11.700000000000001
363.0006723841542,0.52831626,0.011114050330633651,4.9
364.0006742889252,0.48209393,0.010492045900373953,13.700000000000001
365.00067619369617,0.48022103,0.010264590428287118,13.700000000000001
366.0006780984671,0.64968634,0.010263596704987263,4.3
367.00068000323813,0.67768437,0.010265834374941957,4.3
368.0006819080091,0.6033625,0.010745291984212544,4.3
369.00068381278004,0.5881577,0.01136269905503194,9.600000000000001
370.00068571755105,0.51715183,0.010227620157601666,3.5
371.000687622322,0.57863325,0.009127451818062656,4.1000000000000005
372.00068952709296,0.6858081,0.008955259763499406,12.5
373.00069143186397,0.71146286,0.00969269796769649,12.5
374.0006933366349,0.7690452,0.010163552187845142,12.5
375.00069524140594,0.81778926,0.010191529375373475,12.5
376.0006971461769,0.80332464,0.010196186384731578,12.5
377.00069905094784,0.89293885,0.013290244735635353,12.5
378.00070095571886,0.8534813,0.02216199185529299,10.0
379.0007028604898,0.915999,0.021887072685692708,9.8
380.00070476526076,0.89982647,0.10755697911094904,1.6
381.0007066700318,0.7291156,0.10912907060759783,1.9000000000000001
382.00070857480273,0.6937407,0.10973838710547469,1.9000000000000001
383.00071047957374,0.47462445,0.10996516602307567,2.0
384.0007123843447,0.59741575,0.11011065784667795,2.0
385.00071428911565,0.70243216,0.11026194105340602,1.9000000000000001
386.00071619388666,0.66320133,0.11984518093060192,2.0
387.0007180986576,0.32866678,0.12546015312453368,1.5
388.00072000342857,0.7669876,0.12432386854921218,1.5
389.0007219081996,0.6143848,0.12443873802427205,1.5
390.00072381297053,0.929155,0.06670201591487523,1.3
391.0007257177415,0.9138432,0.06507589813123965,1.3
392.0007276225125,0.90010357,0.06397038366897259,1.3
393.00072952728345,0.87053037,0.06339723393951126,1.3
394.00073143205447,0.8866767,0.06314878923401754,1.2000000000000002
395.0007333368254,0.89760417,0.06289225193648541,1.2000000000000002
396.0007352415964,0.75867796,0.04244510477905245,0.2
397.0007371463674,0.64815843,0.01780364786174086,10.4
398.00073905113834,0.61826795,0.017861439016903208,10.0
399.0007409559093,0.6735126,0.01756355458485554,10.0
400.0007428606803,0.49517983,0.016663268776745573,10.0
401.00074476545126,0.57901007,0.011412058078683002,10.0
402.0007466702222,0.42799237,0.01124600542686914,10.0
403.0007485749932,0.35538265,0.011662306250472532,9.9
404.0007504797642,0.6057632,0.07294392684106846,1.6
405.0007523845352,0.44923055,0.07294943187521179,1.6
406.00075428930614,0.4885514,0.07367985885000251,1.5
407.0007561940771,0.50139534,0.07459319166472853,1.6
408.0007580988481,0.32364023,0.07466816610544104,1.6
409.00076000361906,0.28518128,0.0750880248367018,1.6
410.00076190839,0.45101452,0.07516181939375129,1.6
411.00076381316103,0.4813927,0.07516769195103687,1.6
412.000765717932,0.45335385,0.07517552267576279,1.6
413.00076762270294,0.19070981,0.07510150685038798,1.6
414.00076952747395,0.66778696,0.02185398006919962,1.2000000000000002
415.0007714322449,0.5533043,0.02544048412378417,0.9
416.0007733370159,0.762701,0.02295219341037995,1.1
417.00077524178687,0.7467446,0.020068088028664863,1.4000000000000001
418.0007771465578,0.6147579,0.019374988606564593,1.4000000000000001
419.00077905132883,0.9412896,0.017194896378952208,4.4
420.0007809560998,0.9840635,0.01832550262115835,5.1000000000000005
421.00078286087074,0.98220485,0.018490603512364333,5.1000000000000005
422.00078476564175,0.97398496,0.01847421025231684,5.1000000000000005
423.0007866704127,0.97173387,0.01850605317808944,5.1000000000000005
424.0007885751837,0.9860756,0.0182393758433415,5.5
425.0007904799547,0.9871674,0.012354685826843532,5.5
426.0007923847256,0.967967,0.05861728276994463,1.9000000000000001
427.00079428949664,0.93864834,0.0715298733385858,2.2
428.0007961942676,0.9626807,0.07153877592326609,2.2
429.00079809903855,0.8773718,0.0716403146975424,2.2
430.00080000380956,0.9335792,0.07222504179541432,1.7000000000000002
431.0008019085805,0.9683043,0.07220206651426421,1.7000000000000002
432.00080381335147,0.9694299,0.0721973846727588,1.7000000000000002
433.0008057181225,0.9780773,0.07217666067496145,1.7000000000000002
434.00080762289343,0.91712815,0.07207427576689224,1.7000000000000002
435.00080952766444,0.9376568,0.0720566007137736,1.7000000000000002
436.0008114324354,0.9164655,0.0429683218223175,0.1
437.00081333720635,0.91629416,0.01343988632091051,4.1000000000000005
438.00081524197736,0.8822593,0.012765908514308737,3.9000000000000004
439.0008171467483,0.76218265,0.01225359483724272,4.1000000000000005
440.0008190515193,0.7223373,0.00400477390271037,14.700000000000001
441.0008209562903,0.712189,0.00398861797800064,5.5
442.00082286106124,0.8129169,0.008029176619748451,10.0
443.0008247658322,0.8107593,0.010376043675665822,11.5
444.0008266706032,0.8394491,0.02847727745370793,6.1000000000000005
445.00082857537416,0.7354613,0.0437572824631824,4.6000000000000005
446.00083048014517,0.32048115,0.052286029887404224,4.7
447.0008323849161,0.25868124,0.052357807075780104,4.7
448.0008342896871,0.26786774,0.05277922148834694,4.7
449.0008361944581,0.5319599,0.05275832863411301,4.7
450.00083809922904,0.6134033,0.052723464548531634,4.7
451.000840004,0.72275275,0.052684491323614205,4.7
452.000841908771,0.74319106,0.05222181212927527,4.7
453.00084381354196,0.7455841,0.0518115707729844,4.7
454.0008457183129,0.6407773,0.044512652731834905,4.7
455.0008476230839,0.8131539,0.029604779893473262,4.800000000000001
456.0008495278549,0.5939828,0.007642536737025144,7.4
457.0008514326259,0.5983017,0.007192932361891438,6.9
458.00085333739685,0.5408579,0.0027177106412124845,11.9
459.0008552421678,0.58168644,0.002517747854175095,13.200000000000001
460.0008571469388,0.5440061,0.002395912448206277,13.700000000000001
461.00085905170977,0.5660525,0.0027398007123523435,11.9
462.0008609564807,0.5499307,0.0030730600418458383,11.3
463.00086286125173,0.6921573,0.006832312751167648,4.800000000000001
464.0008647660227,0.76215714,0.008422857073073156,4.800000000000001
465.0008666707937,0.69877625,0.008638680534678166,3.9000000000000004
466.00086857556465,0.5825428,0.009013871704716066,3.9000000000000004
467.0008704803356,0.6666376,0.00981936864361163,3.9000000000000004
468.0008723851066,0.7685327,0.010376779363779058,3.9000000000000004
469.0008742898776,0.7213472,0.010919539956963929,5.1000000000000005
470.0008761946485,0.56273216,0.011789775449118337,3.9000000000000004
471.00087809941954,0.5104755,0.01247227409470163,4.6000000000000005
472.0008800041905,0.34731847,0.012391216043759225,4.6000000000000005
473.00088190896145,0.6715428,0.010821822311824146,2.6
474.00088381373246,0.7466138,0.009664915139137163,13.600000000000001
475.0008857185034,0.80135757,0.009489160701069317,13.600000000000001
476.0008876232744,0.7722795,0.009356875038246473,13.600000000000001
477.0008895280454,0.7319192,0.008445026748047459,13.600000000000001
478.00089143281633,0.7107148,0.007759062277606613,13.600000000000001
479.00089333758734,0.6078624,0.006958786881523769,14.0
480.0008952423583,0.611561,0.005323619692299948,13.100000000000001
481.00089714712925,0.6230201,0.0033101090228674114,10.0
482.00089905190026,0.6068189,0.0033676956197511974,5.4
483.0009009566712,0.7238299,0.0031755185928091932,14.700000000000001
484.00090286144217,0.6172289,0.003149891330032784,5.4
485.0009047662132,0.5821461,0.0031035781359210067,12.8
486.00090667098414,0.6283683,0.006801457348656684,8.200000000000001
487.00090857575515,0.67925864,0.008198207392520925,0.1
488.0009104805261,0.511437,0.008926594640020652,2.8000000000000003
489.00091238529706,0.805518,0.009798838849927992,10.8
490.00091429006807,0.7172145,0.0108187614764544,13.5
491.000916194839,0.72510695,0.011352833670410033,13.5
492.00091809961,0.580836,0.011608475225268968,13.5
493.000920004381,0.7837317,0.022266081218177313,5.7
494.00092190915194,0.48477927,0.03403073142596291,4.0
495.0009238139229,0.4290961,0.03689275466842034,4.2
496.0009257186939,0.1551586,0.037371905641041196,4.0
497.00092762346486,0.31329665,0.03744696439201286,4.0
498.0009295282359,0.16977566,0.03747605673888881,4.0
499.0009314330068,0.41279775,0.0373336436352608,4.1000000000000005
500.0009333377778,0.30122724,0.03768149074066825,4.1000000000000005
501.0009352425488,0.49838334,0.03756387812635248,4.1000000000000005
502.00093714731975,0.6607256,0.03748188402049282,4.0
503.0009390520907,0.36163607,0.03246689876166008,3.9000000000000004
504.0009409568617,0.15966478,0.019882910687248435,5.7
505.00094286163267,0.30972418,0.014227539957942159,5.7
506.0009447664037,0.34901255,0.012249429200872153,9.3
507.00094667117463,0.2509324,0.011889356404527028,15.0
508.0009485759456,0.23662794,0.01159697259265685,15.0
509.0009504807166,0.2918303,0.012005086494593134,5.800000000000001
510.00095238548755,0.34956998,0.010814882067310473,3.2
511.0009542902585,0.3817215,0.011973386103936558,2.8000000000000003
512.0009561950295,0.11020891,0.012788052733327974,4.3
513.0009580998005,0.3001194,0.012882747905550461,4.3
514.0009600045714,0.15845342,0.014975719580719842,7.1000000000000005
515.0009619093424,0.24126728,0.01534437724016663,7.1000000000000005
516.0009638141134,0.21705623,0.014766005218609051,7.1000000000000005
517.0009657188843,0.22554678,0.014599676228956294,6.1000000000000005
518.0009676236554,0.19035256,0.014711370594861438,4.2
519.0009695284264,0.5329301,0.014208938239002085,4.2
520.0009714331973,0.38266867,0.013674302803095159,4.1000000000000005
521.0009733379683,0.3171244,0.013250345319681178,4.2
522.0009752427393,0.3635582,0.012604552563877868,4.2
523.0009771475102,0.33701593,0.012186280073325355,5.0
524.0009790522812,0.31992498,0.010095684289501692,5.4
525.0009809570522,0.41965297,0.009428129195114545,6.0
526.0009828618231,0.5621234,0.009535117807425204,6.0
527.0009847665941,0.52961504,0.009673351613479072,7.7
528.0009866713651,0.285337,0.012598238086761207,5.7
529.000988576136,0.29286563,0.013226725199458654,5.4
530.000990480907,0.3119724,0.01327532144700436,5.7
531.000992385678,0.37235585,0.01258042753984794,5.7
532.0009942904491,0.16713469,0.012658955835565377,13.600000000000001
533.00099619522,0.17141683,0.012827005230780704,11.100000000000001
534.000998099991,0.24661918,0.012321881756781611,5.6000000000000005
535.001000004762,0.42317626,0.012417758131857307,5.6000000000000005
536.0010019095329,0.51351684,0.012720092400058646,5.6000000000000005
537.0010038143039,0.4243376,0.012479280291714459,5.6000000000000005
538.0010057190749,0.48460466,0.010996823402772166,4.9
539.0010076238458,0.36510772,0.01134686079913544,4.9
540.0010095286168,0.34886247,0.012516715462947269,4.9
541.0010114333878,0.28396162,0.01250975228582279,4.9
542.0010133381587,0.6309296,0.01232233626787889,4.9
543.0010152429297,0.5428781,0.012147644685574504,4.9
544.0010171477007,0.6660039,0.012044852489127806,4.9
545.0010190524716,0.65310377,0.011660362706249802,4.9
546.0010209572426,0.81398183,0.010961473274090852,12.8
547.0010228620137,0.761515,0.011255167655753571,12.8
548.0010247667846,0.74191815,0.011914260422572124,3.8000000000000003
549.0010266715556,0.7438343,0.010764391699596147,1.8
550.0010285763266,0.6325927,0.009074841877237306,1.9000000000000001
551.0010304810975,0.7737499,0.009856173685018767,1.9000000000000001
552.0010323858685,0.65996754,0.016045178068987132,1.9000000000000001
553.0010342906395,0.6677277,0.01731932449041138,4.5
554.0010361954105,0.64696825,0.017314652995829162,4.3
555.0010381001814,0.86104643,0.017457775903727442,4.3
556.0010400049524,0.7032953,0.017448941278675623,4.3
557.0010419097234,0.64555424,0.016996135837696505,4.5
558.0010438144943,0.5545468,0.015229831396923623,4.4
559.0010457192653,0.5974502,0.0220593928458005,4.0
560.0010476240363,0.5049701,0.022111574322895577,4.3
561.0010495288072,0.72566396,0.02184446693589478,4.3
562.0010514335783,0.70025015,0.017934381818216327,3.6
563.0010533383493,0.5953961,0.01681248086019095,4.5
564.0010552431202,0.52337164,0.017455219944191327,4.0
565.0010571478912,0.2963065,0.017968140459603196,4.4
566.0010590526622,0.24325,0.018548045782664873,4.2
567.0010609574331,0.15602742,0.018541256141666317,4.2
568.0010628622041,0.31664193,0.018516275699946575,4.2
569.0010647669751,0.30265257,0.009630364553565748,6.7
570.001066671746,0.49639082,0.009611402723443898,6.7
571.001068576517,0.35870135,0.009814128790893736,6.7
572.001070481288,0.52512884,0.009807157517110301,11.4
573.001072386059,0.3448208,0.010069022580167683,6.4
574.0010742908299,0.44787344,0.009045905069979604,6.4
575.001076195601,0.4575808,0.008660970639242658,11.200000000000001
576.001078100372,0.48427948,0.008972535107883945,4.800000000000001
577.0010800051429,0.31324995,0.010559263994665499,7.1000000000000005
578.0010819099139,0.47202477,0.011526484020449533,7.1000000000000005
579.0010838146849,0.49934223,0.011468481363925722,7.1000000000000005
580.0010857194558,0.6679953,0.011387404795886024,7.9
581.0010876242268,0.44657505,0.01099808369272923,7.9
582.0010895289978,0.47449952,0.010697254987043285,7.9
583.0010914337687,0.63553876,0.01026359719375172,3.5
584.0010933385397,0.69504756,0.010090507998446603,3.5
585.0010952433107,0.68286675,0.00928376784806497,3.3000000000000003
586.0010971480816,0.44799206,0.007746848892765767,6.800000000000001
587.0010990528526,0.5470911,0.005407719461557911,9.700000000000001
588.0011009576236,0.48872995,0.002829683327388683,9.200000000000001
589.0011028623945,0.42890573,0.0027510992092303088,11.5
590.0011047671655,0.4451478,0.00278413936587708,6.9
591.0011066719366,0.42677608,0.0033832756940930047,6.9
592.0011085767075,0.41806376,0.0033673573360100254,6.9
593.0011104814785,0.45255354,0.0033386198890287167,6.9
594.0011123862495,0.44248867,0.0033264022011809113,13.100000000000001
595.0011142910205,0.46073332,0.0032047848656951232,13.100000000000001
596.0011161957914,0.39898086,0.07172617779858836,1.9000000000000001
597.0011181005624,0.29536128,0.08337648463033714,1.8
598.0011200053334,0.3249512,0.08446163914564252,1.6
599.0011219101043,0.53226197,0.08577672841896666,1.7000000000000002
600.0011238148753,0.3500236,0.08613304932198622,1.7000000000000002
601.0011257196463,0.48450062,0.08627275535684488,1.7000000000000002
602.0011276244172,0.7754886,0.0865572185728869,1.7000000000000002
603.0011295291882,0.84942734,0.08756854841068429,1.7000000000000002
604.0011314339592,0.8412255,0.0878078316018387,1.7000000000000002
605.0011333387301,0.892765,0.10291098461137373,1.3
606.0011352435012,0.84126085,0.07551171571772212,1.4000000000000001
607.0011371482722,0.9068738,0.0623551329395554,1.4000000000000001
608.0011390530431,0.66151375,0.06094016661508558,1.4000000000000001
609.0011409578141,0.61363155,0.05907093087452888,1.4000000000000001
610.0011428625851,0.5522531,0.05854786399112607,1.3
611.001144767356,0.6261887,0.05829643416790902,1.3
612.001146672127,0.510905,0.05785845061160456,1.4000000000000001
613.001148576898,0.6136217,0.056249329300266174,1.5
614.001150481669,0.5804189,0.05587027306039275,1.3
615.0011523864399,0.39855596,0.01599553599596842,3.1
616.0011542912109,0.44226202,0.006025606195621549,7.0
617.0011561959819,0.43857014,0.006066714100598135,11.4
618.0011581007528,0.44445634,0.006046406930658618,7.0
619.0011600055238,0.4438084,0.006044674484887928,7.0
620.0011619102949,0.41540432,0.0060475912654694205,7.0
621.0011638150658,0.4782342,0.006924006846230801,12.700000000000001
622.0011657198368,0.45037973,0.007907861558385965,12.700000000000001
623.0011676246078,0.4220037,0.00810256949640653,13.0
624.0011695293787,0.5656842,0.008344640863637086,13.0
625.0011714341497,0.5265332,0.007574641547542484,13.8
626.0011733389207,0.47101215,0.007486325151686382,12.4
627.0011752436916,0.50141376,0.007446418754223775,12.4
628.0011771484626,0.5015117,0.007453071589839359,12.4
629.0011790532336,0.53092,0.009511024600268697,9.200000000000001
630.0011809580045,0.36787316,0.009511538558022503,9.200000000000001
631.0011828627755,0.40548882,0.008931563165824594,9.200000000000001
632.0011847675465,0.6910791,0.033079584545739116,1.6
633.0011866723174,0.724892,0.061063541907784666,1.2000000000000002
634.0011885770884,0.6907356,0.07420864500376144,1.9000000000000001
635.0011904818595,0.6764501,0.07421371070412858,1.9000000000000001
636.0011923866305,0.8006982,0.07427354833080745,1.9000000000000001
637.0011942914014,0.78661317,0.074295164509033,1.9000000000000001
638.0011961961724,0.7367511,0.0745931456706409,1.9000000000000001
639.0011981009434,0.7735901,0.07544232978649133,1.9000000000000001
640.0012000057143,0.8216447,0.07611852951233175,1.9000000000000001
641.0012019104853,0.9206025,0.07631119089054833,1.9000000000000001
642.0012038152563,0.9457091,0.06929734636974022,1.7000000000000002
643.0012057200272,0.88232595,0.04579958859942641,1.7000000000000002
644.0012076247982,0.93599,0.01950737968135143,2.5
645.0012095295692,0.97875595,0.019293425568795437,2.5
646.0012114343401,0.982373,0.01918644774331429,2.5
647.0012133391111,0.9896511,0.01916815977908634,2.5
648.0012152438821,0.9897647,0.0179710153270492,2.5
649.001217148653,0.9813828,0.012753854119967203,2.4000000000000004
650.001219053424,0.96673733,0.007619871481117076,6.1000000000000005
651.0012209581951,0.97843266,0.005159409454145919,11.600000000000001
652.001222862966,0.98089874,0.004765883127836955,11.0
653.001224767737,0.979729,0.004545940468184017,8.1
654.001226672508,0.97947603,0.003943144756370891,11.3
655.001228577279,0.979255,0.003497305345682931,9.700000000000001
656.0012304820499,0.9829349,0.010030749671215655,0.9
657.0012323868209,0.9852445,0.011702109429064713,1.2000000000000002
658.0012342915919,0.98491204,0.016166603750400167,1.7000000000000002
659.0012361963628,0.9048482,0.1933585066555762,1.7000000000000002
660.0012381011338,0.8637798,0.1934944938984012,1.7000000000000002
661.0012400059048,0.8888529,0.19352241591169259,1.7000000000000002
662.0012419106757,0.89423525,0.19355499678559587,1.7000000000000002
663.0012438154467,0.89409053,0.1936030325378212,1.8
664.0012457202178,0.88340575,0.1936753190520249,1.7000000000000002
665.0012476249887,0.9071708,0.1937065138293314,1.8
666.0012495297597,0.97993237,0.19348997158005032,1.8
667.0012514345307,0.9827707,0.19339481635861883,1.8
668.0012533393016,0.9682238,0.19312483102646186,1.6
669.0012552440726,0.7928076,0.014040956690180486,8.4
670.0012571488436,0.9840986,0.06232586503362935,6.300000000000001
671.0012590536145,0.9898258,0.06929855723252619,2.4000000000000004
672.0012609583855,0.9427647,0.08240497790029885,1.2000000000000002
673.0012628631565,0.9555888,0.08235607193418985,1.2000000000000002
674.0012647679275,0.93495166,0.08221964370321236,1.2000000000000002
675.0012666726984,0.9470552,0.08221617619856109,1.2000000000000002
676.0012685774694,0.93898845,0.08227856399963888,1.2000000000000002
677.0012704822404,0.9751594,0.08250407485023208,1.2000000000000002
678.0012723870113,0.97405577,0.08250599894498938,1.2000000000000002
679.0012742917824,0.97578305,0.08249717049738534,1.2000000000000002
680.0012761965534,0.9803411,0.055223634636046445,1.2000000000000002
681.0012781013243,0.98297286,0.04539744002611568,1.2000000000000002
682.0012800060953,0.988808,0.010878632064650437,7.4
683.0012819108663,0.9826203,0.01067445141684113,7.4
684.0012838156372,0.97849154,0.010577566500490672,7.4
685.0012857204082,0.9820618,0.010259391278913272,7.4
686.0012876251792,0.9835835,0.00919909756650548,14.8
687.0012895299501,0.97944254,0.006876892046029669,3.4000000000000004
688.0012914347211,0.9706952,0.006497660601806773,14.8
689.0012933394921,0.9802346,0.006411806852655161,14.600000000000001
690.001295244263,0.959776,0.006239853361566798,14.8
691.001297149034,0.93293464,0.005660837035616074,14.8
692.001299053805,0.9279685,0.0024943857509426934,14.8
693.0013009585759,0.9246606,0.0024142017332394517,14.8
694.001302863347,0.9393091,0.0023415321045879905,14.8
695.001304768118,0.9249224,0.002392060209565637,14.600000000000001
696.001306672889,0.899367,0.0026655011564626794,14.600000000000001
697.0013085776599,0.95029473,0.0026213672827283883,9.700000000000001
698.0013104824309,0.9545912,0.0034215897651663878,12.9
699.0013123872019,0.97630185,0.0091600181980888,0.7000000000000001
700.0013142919728,0.98775744,0.01861117791450758,0.6000000000000001
701.0013161967438,0.98897856,0.02266038659582813,0.6000000000000001
702.0013181015148,0.98663217,0.02373526205822858,0.6000000000000001
703.0013200062857,0.98810065,0.023798007606855416,0.6000000000000001
704.0013219110567,0.98661125,0.023926696139333833,0.6000000000000001
705.0013238158277,0.9886121,0.023995683382975218,0.6000000000000001
706.0013257205986,0.9846021,0.024065388369592808,0.6000000000000001
707.0013276253696,0.9860385,0.024183501104924076,0.6000000000000001
708.0013295301407,0.98637587,0.024187991922893122,0.6000000000000001
709.0013314349115,0.97786283,0.02838254335900485,1.2000000000000002
710.0013333396826,0.9441835,0.024344011199910816,2.8000000000000003
711.0013352444536,0.9612822,0.02096160554139634,3.6
712.0013371492245,0.97620016,0.020577562097288837,3.6
713.0013390539955,0.9800766,0.020612807876795116,1.7000000000000002
714.0013409587665,0.9870978,0.02066333648270299,1.7000000000000002
715.0013428635375,0.98875487,0.020632149038005778,3.2
716.0013447683084,0.99202687,0.020600206391525832,1.8
717.0013466730794,0.9908563,0.020815773409962046,1.8
718.0013485778504,0.99501014,0.02073546991718316,1.4000000000000001
719.0013504826213,0.9936786,0.012043452058548813,3.6
720.0013523873923,0.993378,0.01227951629592205,2.2
721.0013542921633,0.9895527,0.012694976287478522,11.0
722.0013561969342,0.99039006,0.01188968981456808,3.4000000000000004
723.0013581017053,0.99270624,0.011917399830125384,6.300000000000001
724.0013600064763,0.9954491,0.01297255570182037,5.4
725.0013619112472,0.9932903,0.012995733557213193,5.4
726.0013638160182,0.98737246,0.013062788266382824,5.4
727.0013657207892,0.9890338,0.016454573446656576,3.8000000000000003
728.0013676255601,0.97916335,0.017757919439025688,1.6
729.0013695303311,0.9653287,0.019083219937535277,1.6
730.0013714351021,0.9379375,0.01785340897631155,4.1000000000000005
731.001373339873,0.96982276,0.01720672180897984,2.7
732.001375244644,0.97205925,0.016807175524035683,2.7
733.001377149415,0.96838534,0.016665807145010033,2.7
734.0013790541859,0.972946,0.015597059373272366,4.6000000000000005
735.0013809589569,0.9522838,0.017609546636846152,2.6
736.0013828637279,0.9568173,0.019928875734196473,0.9
737.001384768499,0.97193354,0.016855645073384988,1.3
738.0013866732698,0.9732625,0.015428943888357397,1.6
739.0013885780409,0.96649104,0.01367230676980285,1.5
740.0013904828119,0.9685335,0.01335882479064259,1.5
741.0013923875828,0.97774315,0.013335060282288999,1.5
742.0013942923538,0.9834131,0.013357623498193244,1.5
743.0013961971248,0.9908098,0.013357611302927418,1.5
744.0013981018957,0.98518175,0.013511071995923243,1.5
745.0014000066667,0.98514545,0.010992228021477236,1.2000000000000002
746.0014019114377,0.98655474,0.005452250825873965,9.1
747.0014038162086,0.98349,0.005245812655897631,9.3
748.0014057209796,0.97881794,0.005087551684601768,0.1
749.0014076257506,0.985811,0.0048578088509643475,0.1
750.0014095305215,0.9900889,0.004857906180290143,0.1
751.0014114352925,0.9930059,0.004859771419009463,0.1
752.0014133400636,0.98740315,0.005041035421870762,9.3
753.0014152448344,0.9819271,0.005158272198408702,9.3
754.0014171496055,0.983924,0.004597150370506009,14.700000000000001
755.0014190543765,0.9878879,0.003775899861276346,8.1
756.0014209591475,0.9865768,0.003930125740888186,8.1
757.0014228639184,0.98722756,0.004013365959719666,8.1
758.0014247686894,0.9839453,0.003976344020229617,7.7
759.0014266734604,0.97986174,0.003920630457472936,10.200000000000001
760.0014285782313,0.97979057,0.0038696101668648135,13.3
761.0014304830023,0.96766573,0.0038727270322696365,13.3
762.0014323877733,0.9718124,0.0034646270186990307,7.4
763.0014342925442,0.97759616,0.0031519051397849718,9.8
764.0014361973152,0.9829338,0.003125760282263541,13.0
765.0014381020862,0.9882613,0.0032945105888533316,13.3
766.0014400068571,0.986953,0.007078762705782279,0.7000000000000001
767.0014419116281,0.9914581,0.016543992976197127,1.1
768.0014438163992,0.99562526,0.0180064897932916,1.1
769.0014457211701,0.9931979,0.018676235216078075,0.9
770.0014476259411,0.99191064,0.020963876123039366,1.4000000000000001
771.0014495307121,0.99302083,0.023376212135330112,8.9
772.001451435483,0.99289435,0.023552249659109053,8.9
773.001453340254,0.98827606,0.02399879479306473,8.9
774.001455245025,0.99022734,0.02410154050291293,8.9
775.0014571497959,0.9904917,0.02410402793864546,1.4000000000000001
776.0014590545669,0.9892102,0.023251156044670127,9.0
777.0014609593379,0.9871682,0.01831064103155142,9.0
778.0014628641089,0.98463225,0.0169076929563248,9.200000000000001
779.0014647688798,0.98035634,0.016164294467875692,9.200000000000001
780.0014666736508,0.98605007,0.01307404918774761,9.200000000000001
781.0014685784218,0.9808435,0.010780286270936665,2.8000000000000003
782.0014704831927,0.9779302,0.01509220054256046,1.7000000000000002
783.0014723879638,0.9778918,0.021712035529669875,2.8000000000000003
784.0014742927348,0.98460186,0.025090164682294316,1.7000000000000002
785.0014761975057,0.96415997,0.025863070142466502,1.7000000000000002
786.0014781022767,0.8805964,0.025797424689888573,1.7000000000000002
787.0014800070477,0.94656676,0.02570259889034754,1.7000000000000002
788.0014819118186,0.94035333,0.025690031683537187,1.7000000000000002
789.0014838165896,0.9518326,0.025684878332547668,1.7000000000000002
790.0014857213606,0.9559751,0.025728508674883428,1.7000000000000002
791.0014876261315,0.97645867,0.02471519645286233,0.7000000000000001
792.0014895309025,0.9851289,0.022237015683598264,0.7000000000000001
793.0014914356735,0.98194504,0.015280373485934123,0.7000000000000001
794.0014933404444,0.97416,0.008364643384037876,4.4
795.0014952452154,0.9481559,0.005234717342918081,4.4
796.0014971499864,0.94845295,0.0070110459585106385,2.4000000000000004
797.0014990547575,0.9072141,0.011247416433174217,2.4000000000000004
798.0015009595284,0.8986796,0.011378884327590082,2.4000000000000004
799.0015028642994,0.9025875,0.011370669698440201,2.4000000000000004
800.0015047690704,0.90152925,0.01121638008709237,2.4000000000000004
801.0015066738413,0.94085324,0.011236292558132412,2.4000000000000004
802.0015085786123,0.9489876,0.011221168138208719,2.4000000000000004
803.0015104833833,0.95167375,0.011258191807931296,2.3000000000000003
804.0015123881542,0.97147185,0.011149381373030084,2.3000000000000003
805.0015142929252,0.97087985,0.01115475451456799,2.6
806.0015161976962,0.9569825,0.016675122245075637,1.5
807.0015181024671,0.91793907,0.014856466522147367,1.2000000000000002
808.0015200072381,0.9465188,0.014907730384664324,1.2000000000000002
809.0015219120091,0.96668744,0.014961997247424367,1.2000000000000002
810.00152381678,0.96536005,0.015051139532431458,1.2000000000000002
811.001525721551,0.92664945,0.015071513229582702,1.2000000000000002
812.0015276263221,0.8908238,0.015239887879762378,1.1
813.001529531093,0.92397577,0.015178181624939538,1.2000000000000002
814.001531435864,0.89005876,0.01523048192328482,1.1
815.001533340635,0.9284318,0.015500399225951271,1.1
816.0015352454059,0.95237017,0.007302318335214756,3.9000000000000004
817.0015371501769,0.97847855,0.02004994405194675,1.4000000000000001
818.0015390549479,0.9528978,0.0438302720248945,0.9
819.0015409597189,0.9084485,0.0438940182960994,1.0
820.0015428644898,0.92804456,0.043917397724690055,0.9
821.0015447692608,0.9482803,0.043971033439931306,1.0
822.0015466740318,0.9506372,0.11759348374575028,1.9000000000000001
823.0015485788027,0.89258504,0.12469706035839044,1.5
824.0015504835737,0.8669379,0.1257275886882482,1.5
825.0015523883447,0.8753359,0.1260454980050886,1.5
826.0015542931156,0.8952079,0.1271120186778054,1.5
827.0015561978867,0.6656379,0.12604905526952304,2.4000000000000004
828.0015581026577,0.8058701,0.12061711245070297,2.4000000000000004
829.0015600074286,0.9328043,0.12093988566195496,2.4000000000000004
830.0015619121996,0.8985457,0.12110563205025221,2.5
831.0015638169706,0.80226076,0.12126392902567872,1.4000000000000001
832.0015657217415,0.6093038,0.05390987219071159,1.4000000000000001
833.0015676265125,0.663447,0.038417307905325514,0.6000000000000001
834.0015695312835,0.6241796,0.03509357839610725,0.6000000000000001
835.0015714360544,0.856655,0.03423151877147389,0.6000000000000001
836.0015733408254,0.7814759,0.030314506616553098,1.2000000000000002
837.0015752455964,0.8158616,0.02937275738467634,0.6000000000000001
838.0015771503674,0.8648459,0.028840142686041285,1.2000000000000002
839.0015790551383,0.87640613,0.02942187812515755,1.2000000000000002
840.0015809599093,0.9335255,0.03001238910478816,1.2000000000000002
841.0015828646804,0.81724644,0.02955246298145808,1.6
842.0015847694513,0.75905925,0.028830221531073674,1.2000000000000002
843.0015866742223,0.9235452,0.0242892167180362,2.9000000000000004
844.0015885789933,0.94991314,0.024465216394450602,1.6
845.0015904837642,0.9478998,0.023950176833496928,2.9000000000000004
846.0015923885352,0.9642679,0.023747410364231582,1.1
847.0015942933062,0.97044015,0.022093214268088798,1.6
848.0015961980771,0.9866694,0.020121454133060466,1.6
849.0015981028481,0.9888362,0.01706980703431068,1.6
850.0016000076191,0.9801486,0.014303492037624661,1.9000000000000001
851.00160191239,0.97637445,0.013941481343392398,1.9000000000000001
852.001603817161,0.9778725,0.020541329030076945,3.3000000000000003
853.001605721932,0.97148556,0.023773056425827884,5.1000000000000005
854.0016076267029,0.96676874,0.024248955045770612,6.4
855.001609531474,0.8847363,0.02695644887333269,8.3
856.001611436245,0.8633905,0.027045169663237768,5.0
857.0016133410159,0.9768702,0.030372185921098905,2.3000000000000003
858.0016152457869,0.99135065,0.032212509561007685,2.3000000000000003
859.0016171505579,0.99258703,0.034225258365992516,2.3000000000000003
860.0016190553289,0.99369025,0.03436259704560977,2.3000000000000003
861.0016209600998,0.9956571,0.03468866543112821,2.3000000000000003
862.0016228648708,0.9966107,0.030847105410824475,2.3000000000000003
863.0016247696418,0.9967918,0.02806268409589087,2.3000000000000003
864.0016266744127,0.98609644,0.027779951841612718,2.3000000000000003
865.0016285791837,0.99514574,0.026722736492760548,3.1
866.0016304839547,0.9912566,0.02713499579802061,2.4000000000000004
867.0016323887256,0.98435277,0.023811116266584605,3.1
868.0016342934966,0.98090863,0.02458149116035014,1.6
869.0016361982676,0.98844445,0.022081767549432228,1.7000000000000002
870.0016381030385,0.99038386,0.027850889944926578,1.7000000000000002
871.0016400078096,0.9890914,0.028533679232114702,0.6000000000000001
872.0016419125806,0.99512,0.028287361064904894,0.6000000000000001
873.0016438173515,0.9948585,0.027632783844708565,1.6
874.0016457221225,0.9925728,0.027119745741993072,0.6000000000000001
875.0016476268935,0.9904919,0.026354147300160106,1.6
876.0016495316644,0.9929253,0.04241250428756434,1.6
877.0016514364354,0.98944736,0.04724645102608299,1.6
878.0016533412064,0.9562674,0.06351657215865783,1.6
879.0016552459774,0.68689334,0.06338172687482832,1.6
880.0016571507483,0.6395919,0.06099678376869125,1.6
881.0016590555193,0.4867434,0.060411786153728095,1.6
882.0016609602903,0.4937688,0.060377658689161846,1.6
883.0016628650612,0.6378649,0.06033387881901512,1.6
884.0016647698322,0.5727635,0.06026158255239984,1.6
885.0016666746033,0.6231241,0.05992058293475546,1.6
886.0016685793742,0.5498219,0.04942505601996466,1.8
887.0016704841452,0.55064875,0.04442760922101362,2.0
888.0016723889162,0.36168668,0.0028329416918932387,13.9
889.0016742936871,0.41572595,0.0028833009128669315,14.3
890.0016761984581,0.53327745,0.0029464397717770025,14.100000000000001
891.0016781032291,0.47127643,0.002962975690292673,10.9
892.001680008,0.42137542,0.0025596710719118813,10.4
893.001681912771,0.40042365,0.002326153305380385,11.4
894.001683817542,0.50352025,0.002343842232152397,11.4
895.0016857223129,0.4976672,0.0022994478537789733,11.4
896.0016876270839,0.49530816,0.0023616802542383917,11.4
897.0016895318549,0.389056,0.0021569881574168824,11.4
898.0016914366258,0.46972927,0.002132968479065358,11.4
899.0016933413968,0.40772185,0.002101751452745777,6.300000000000001
900.0016952461679,0.40576094,0.0019709376394748276,12.4
901.0016971509389,0.38336015,0.0020595331544563107,12.4
902.0016990557098,0.30099097,0.0020915920102070095,14.9
903.0017009604808,0.3470449,0.002047617249526063,14.8
904.0017028652518,0.30079874,0.0020790945306740595,14.9
905.0017047700227,0.34475443,0.0020819490260135594,14.9
906.0017066747937,0.35186082,0.002001972106670206,14.9
907.0017085795647,0.374607,0.0020176689286779243,14.9
908.0017104843356,0.34550613,0.0020270084813123813,14.3
909.0017123891066,0.3087483,0.001999864542461157,14.3
910.0017142938776,0.31435758,0.0020140197159920995,15.0
911.0017161986485,0.4086188,0.0018986084610817485,14.5
912.0017181034195,0.37066457,0.0018951632016791292,14.5
913.0017200081905,0.34170273,0.0018791169177988403,14.5
914.0017219129614,0.332134,0.001834581779124236,13.0
915.0017238177325,0.23385471,0.0018028970738579006,13.0
916.0017257225035,0.22692998,0.0018140181275584962,14.5
917.0017276272744,0.22617006,0.0017662675064591344,13.0
918.0017295320454,0.20616339,0.0017478861341791146,14.600000000000001
919.0017314368164,0.26992303,0.0017091230584978753,14.600000000000001
920.0017333415874,0.2382561,0.0019357110270011065,14.600000000000001
921.0017352463583,0.56118083,0.0021641420292861212,10.700000000000001
922.0017371511293,0.40663934,0.00231379474614035,9.700000000000001
923.0017390559003,0.3244215,0.0023981659592846355,14.3
924.0017409606712,0.32952684,0.0023954812188132202,10.600000000000001
925.0017428654422,0.36130932,0.0024111228100023503,13.3
926.0017447702132,0.35334444,0.0024434608387784206,13.3
927.0017466749841,0.35995886,0.00256634103228217,13.3
928.0017485797551,0.35678357,0.0025838223150692016,10.600000000000001
929.0017504845262,0.36879823,0.002617085243271391,13.4
930.001752389297,0.38001958,0.0025440063593337556,13.3
931.0017542940681,0.41964898,0.0024116955905224024,13.3
932.0017561988391,0.19713455,0.0022762144390640923,13.3
933.00175810361,0.21373275,0.002239786871432858,14.0
934.001760008381,0.20250767,0.0022180818062282025,14.200000000000001
935.001761913152,0.35705528,0.002705488339043297,10.9
936.0017638179229,0.24101865,0.0027740420978284,10.9
937.0017657226939,0.4692833,0.0030236087740856538,12.4
938.0017676274649,0.3644288,0.003210133693132947,10.3
939.0017695322358,0.536084,0.0032128693256604337,10.3
940.0017714370068,0.50025594,0.003166487422547226,14.4
941.0017733417778,0.56178737,0.0031177630338760725,10.3
942.0017752465488,0.5420777,0.0031415083356823065,6.4
943.0017771513197,0.5341872,0.003123022062077994,15.0
944.0017790560908,0.56012744,0.0031342634702524646,10.4
945.0017809608618,0.44051903,0.0027183844672160192,10.4
946.0017828656327,0.47954115,0.009726024554269646,0.6000000000000001
947.0017847704037,0.73647946,0.03874728472337299,3.9000000000000004
948.0017866751747,0.8021116,0.038869184561188944,3.9000000000000004
949.0017885799456,0.7838964,0.03895704767726845,3.9000000000000004
950.0017904847166,0.7909688,0.03896360187390883,3.9000000000000004
951.0017923894876,0.7904119,0.03905312942982758,3.9000000000000004
952.0017942942585,0.83238584,0.039093843940889786,3.9000000000000004
953.0017961990295,0.8463667,0.03927727992799866,3.9000000000000004
954.0017981038005,0.8598568,0.03929662696759304,3.9000000000000004
955.0018000085714,0.7749655,0.039294942304114046,3.9000000000000004
956.0018019133424,0.6654969,0.03828616282222148,3.9000000000000004
957.0018038181134,0.27761558,0.007569120817517269,6.800000000000001
958.0018057228843,0.50156856,0.006869862867525252,14.3
959.0018076276554,0.5442507,0.0063969773473185896,14.4
960.0018095324264,0.5549206,0.006509932450083562,14.4
961.0018114371974,0.3526358,0.006891481938165705,14.4
962.0018133419683,0.5624188,0.011653056890184815,14.0
963.0018152467393,0.43103647,0.01140682586977824,14.200000000000001
964.0018171515103,0.64303446,0.012342879820284864,14.200000000000001
965.0018190562812,0.4450156,0.01248697340673344,14.200000000000001
966.0018209610522,0.3867644,0.012275135456502433,14.200000000000001
967.0018228658232,0.37043092,0.012407063306200885,14.200000000000001
968.0018247705941,0.3553589,0.013137485697805444,14.200000000000001
969.0018266753651,0.34572053,0.013330283921557572,14.200000000000001
970.0018285801361,0.5339887,0.013249695566065265,14.200000000000001
971.001830484907,0.50439537,0.012774701078460737,12.8
972.001832389678,0.42002314,0.008445692159772648,2.9000000000000004
973.001834294449,0.40603897,0.008441385251519483,2.9000000000000004
974.00183619922,0.5661096,0.007159860515304769,5.1000000000000005
975.001838103991,0.5029573,0.007203916513854255,7.300000000000001
976.001840008762,0.38515377,0.007851391671435356,7.300000000000001
977.0018419135329,0.33430314,0.008213278670496786,3.1
978.0018438183039,0.38182536,0.007204468533458111,12.8
979.0018457230749,0.24526246,0.0077505993750672676,3.5
980.0018476278458,0.3110869,0.00792051549326465,3.5
981.0018495326168,0.3449637,0.008434122251691054,11.100000000000001
982.0018514373878,0.12732632,0.009101507264900492,15.0
983.0018533421588,0.20951512,0.008967059027637314,3.5
984.0018552469297,0.17311569,0.016050297614379132,5.7
985.0018571517007,0.30456412,0.016971353808557094,7.2
986.0018590564717,0.4200566,0.016625872206259645,11.100000000000001
987.0018609612426,0.6137817,0.016446737333961865,7.2
988.0018628660137,0.42609718,0.016869539724277724,6.800000000000001
989.0018647707847,0.5136141,0.019722530729317813,7.2
990.0018666755556,0.32083178,0.020749135193747565,5.800000000000001
991.0018685803266,0.3603426,0.023269681765730802,5.6000000000000005
992.0018704850976,0.39556998,0.023844703198199466,6.0
993.0018723898685,0.44114193,0.02372709374182809,6.0
994.0018742946395,0.7030051,0.019559753207121344,6.1000000000000005
995.0018761994105,0.66622955,0.018662711443691315,6.1000000000000005
996.0018781041814,0.686624,0.018669816201844117,6.1000000000000005
997.0018800089524,0.658502,0.01859854010795315,6.1000000000000005
998.0018819137234,0.6793882,0.018139140177114824,6.1000000000000005
999.0018838184943,0.52248466,0.01455732034329551,6.2
1000.0018857232653,0.73880684,0.01303145467967977,6.1000000000000005
1001.0018876280363,0.6376575,0.007969452026428625,12.0
1002.0018895328074,0.67843443,0.00875470084858776,1.6
1003.0018914375783,0.59930396,0.018407889961616387,2.4000000000000004
1004.0018933423493,0.52245855,0.01928302508717169,2.3000000000000003
1005.0018952471203,0.4686749,0.019652475559383507,2.4000000000000004
1006.0018971518912,0.44739515,0.02030246809469178,2.4000000000000004
1007.0018990566622,0.3695988,0.020966839474656808,2.4000000000000004
1008.0019009614332,0.48519593,0.021103486566954988,2.4000000000000004
1009.0019028662041,0.47655523,0.021079690766051134,2.4000000000000004
1010.0019047709751,0.6964742,0.02101981204416971,2.4000000000000004
1011.0019066757461,0.7228896,0.020702324801433566,2.4000000000000004
1012.001908580517,0.871507,0.019439572773745743,2.4000000000000004
1013.001910485288,0.73186636,0.010674324002112727,3.0
1014.001912390059,0.6182341,0.009035065174204236,3.0
1015.0019142948299,0.61401767,0.008217761606259507,3.8000000000000003
1016.0019161996009,0.6769794,0.006448696973147667,10.0
1017.001918104372,0.5558288,0.0035792939831554263,10.200000000000001
1018.0019200091429,0.54726946,0.0028651544549007806,11.3
1019.0019219139139,0.67550284,0.002728465305774563,11.3
1020.0019238186849,0.7101576,0.0027244014150690655,10.8
1021.0019257234558,0.7071926,0.002780962292301632,15.0
1022.0019276282268,0.77555,0.009711423237698661,15.0
1023.0019295329978,0.8196148,0.011835613499681652,4.1000000000000005
1024.0019314377687,0.8647768,0.013342904918745624,4.0
1025.0019333425398,0.86934435,0.01453867562783373,4.0
1026.0019352473107,0.9534418,0.014609147228263984,4.0
1027.0019371520816,0.89522994,0.014726132421408243,3.9000000000000004
1028.0019390568527,0.77216834,0.014728320880834922,4.0
1029.0019409616236,0.36945173,0.020799578733618523,4.0
1030.0019428663945,0.44043824,0.03195203316856514,5.800000000000001
1031.0019447711657,0.30177516,0.032155148065104805,5.800000000000001
1032.0019466759366,0.21753252,0.030904495842896028,5.800000000000001
1033.0019485807074,0.26107204,0.030529549215435693,13.8
1034.0019504854786,0.28895637,0.030141874350548967,13.8
1035.0019523902495,0.32509524,0.029695908100848583,13.8
1036.0019542950204,0.49493706,0.029664058094057096,13.8
1037.0019561997915,0.55600476,0.02962368436451418,13.8
1038.0019581045624,0.53737915,0.029644861656996098,13.8
1039.0019600093333,0.5853563,0.02667680102950164,8.200000000000001
1040.0019619141044,0.45946658,0.012492930887747842,6.4
1041.0019638188753,0.48433408,0.012906034270407176,6.4
1042.0019657236462,0.45192564,0.01325465481041813,6.4
1043.0019676284173,0.39612707,0.012553401827459742,6.4
1044.0019695331882,0.73118854,0.012263194688739794,6.4
1045.0019714379591,0.6618421,0.011998292988237264,6.4
1046.0019733427303,0.5795827,0.012139939041427779,6.4
1047.0019752475012,0.5823063,0.012151446654223323,3.5
1048.001977152272,0.65464085,0.012902174760801013,1.5
1049.0019790570432,0.72760844,0.01222163063644811,1.5
1050.001980961814,0.6160198,0.010851933687702566,14.3
1051.001982866585,0.5482872,0.010074783371257912,4.0
1052.001984771356,0.5390092,0.009505528481381996,7.6000000000000005
1053.001986676127,0.3338502,0.009286752543843146,12.5
1054.0019885808981,0.4121356,0.00878702178263922,7.6000000000000005
1055.001990485669,0.3392422,0.008767257691512874,7.6000000000000005
1056.00199239044,0.36861724,0.008659093779463204,5.300000000000001
1057.001994295211,0.31013507,0.008826149470302455,5.300000000000001
1058.001996199982,0.43054375,0.009291963101094232,4.9
1059.0019981047528,0.39160976,0.009356861442088802,4.2
1060.002000009524,0.29136083,0.00983530775389709,4.2
1061.0020019142949,0.38770366,0.011683465706387898,4.2
1062.0020038190657,0.3887625,0.01182060207081779,4.2
1063.0020057238369,0.18164329,0.011897296273160128,4.2
1064.0020076286078,0.23917213,0.01224485377226888,3.6
1065.0020095333787,0.46393275,0.012303245262632113,3.6
1066.0020114381498,0.25947636,0.012532109115691784,4.3
1067.0020133429207,0.37190846,0.01321617698527914,4.3
1068.0020152476916,0.580149,0.012119915122431216,4.1000000000000005
1069.0020171524627,0.63864607,0.012473816025847463,4.3
1070.0020190572336,0.75862235,0.012861891090456067,4.3
1071.0020209620045,0.7082912,0.011948363289951145,4.6000000000000005
1072.0020228667756,0.59019625,0.011732464811079826,3.7
1073.0020247715465,0.70675725,0.011635309752533782,3.7
1074.0020266763174,0.7264311,0.011251322895965915,4.4
1075.0020285810886,0.7030519,0.011187934718545215,4.4
1076.0020304858594,0.66088605,0.013720385014095154,4.4
1077.0020323906303,0.7554581,0.015083882783195795,4.4
1078.0020342954015,0.6207461,0.015195158582649648,4.7
1079.0020362001724,0.65382445,0.013799073090823446,4.6000000000000005
1080.0020381049433,0.65685433,0.013532633495076144,5.300000000000001
1081.0020400097144,0.55062604,0.01302263838394763,14.600000000000001
1082.0020419144853,0.44659057,0.013833139918077272,5.300000000000001
1083.0020438192562,0.24714103,0.014867306577400808,11.9
1084.0020457240273,0.225554,0.0160017629009979,5.300000000000001
1085.0020476287982,0.23078595,0.016999575814394804,3.1
1086.002049533569,0.20404215,0.01590557827489688,3.1
1087.0020514383402,0.22336307,0.014257522798287387,9.5
1088.0020533431111,0.24190983,0.014756769951911775,12.700000000000001
1089.002055247882,0.22956653,0.014825338182629879,12.700000000000001
1090.0020571526532,0.19650267,0.014491397226663427,10.8
1091.002059057424,0.4126673,0.0143722067939225,11.200000000000001
1092.002060962195,0.23038784,0.014284290029698327,11.200000000000001
1093.002062866966,0.14778559,0.01389770747378976,4.7
1094.002064771737,0.10306299,0.012622738383767996,7.9
1095.002066676508,0.06953858,0.012576374469784444,11.4
1096.002068581279,0.20122264,0.012484249625498095,4.5
1097.00207048605,0.35598716,0.013209037211066794,5.7
1098.002072390821,0.33806548,0.012490129187662359,11.4
1099.002074295592,0.4560121,0.012398231425660745,11.4
1100.0020762003628,0.32377985,0.012540932202240467,11.4
1101.002078105134,0.38314563,0.012876079588709066,4.5
1102.0020800099048,0.37556797,0.011994397477467927,4.1000000000000005
1103.0020819146757,0.6066638,0.011220363963625362,4.3
1104.0020838194469,0.51038593,0.011204364116338381,4.3
1105.0020857242177,0.57226455,0.01020281040033008,4.3
1106.0020876289886,0.3772935,0.009331732028891758,3.3000000000000003
1107.0020895337598,0.22803585,0.0077072432907510325,3.5
1108.0020914385307,0.31557554,0.007664785153402326,3.5
1109.0020933433016,0.2832317,0.007728835408683597,3.5
1110.0020952480727,0.36392966,0.007254341914557198,3.5
1111.0020971528436,0.38533488,0.006061017170387631,3.5
1112.0020990576145,0.37695268,0.007714510026207941,3.5
1113.0021009623856,0.24935474,0.009026832502808408,9.5
1114.0021028671565,0.2536449,0.010326398889555903,6.4
1115.0021047719274,0.2649486,0.010504379322069594,5.2
1116.0021066766985,0.26424283,0.010807134394530491,3.9000000000000004
1117.0021085814694,0.3631048,0.010751369367829545,3.9000000000000004
1118.0021104862403,0.29161054,0.011159655526035197,3.8000000000000003
1119.0021123910115,0.21717672,0.011442914693930157,3.8000000000000003
1120.0021142957823,0.21099089,0.011493190924459249,3.8000000000000003
1121.0021162005532,0.26460704,0.012252247914245715,6.5
1122.0021181053244,0.50479996,0.013565553225996426,3.1
1123.0021200100953,0.6406566,0.013616082663056644,6.0
1124.0021219148662,0.63233846,0.014158085588212639,2.9000000000000004
1125.0021238196373,0.32157376,0.014841981451596965,3.3000000000000003
1126.0021257244082,0.1690909,0.014824500797693327,3.3000000000000003
1127.002127629179,0.30972198,0.015204250118832382,3.3000000000000003
1128.0021295339502,0.79921263,0.08724231144080331,1.9000000000000001
1129.002131438721,0.6904179,0.08816834012608116,1.9000000000000001
1130.002133343492,0.6379467,0.08817626619881709,2.0
1131.0021352482631,0.5199375,0.08819333351525187,2.1
1132.002137153034,0.33837867,0.09653646330182414,2.1
1133.002139057805,0.49542388,0.09644669935281265,2.1
1134.002140962576,0.42087883,0.09674460337601419,2.4000000000000004
1135.002142867347,0.47385493,0.09700805295487927,2.4000000000000004
1136.002144772118,0.6123668,0.09690051827958246,2.4000000000000004
1137.002146676889,0.3418036,0.09683807958886885,2.4000000000000004
1138.0021485816599,0.6492846,0.044781745970960934,1.2000000000000002
1139.002150486431,0.77714723,0.04387014623839244,0.9
1140.002152391202,0.75748545,0.04403911958115658,0.9
1141.0021542959728,0.7433822,0.04500338526165986,1.2000000000000002
1142.002156200744,0.3154811,0.021592940610849397,5.9
1143.0021581055148,0.4531319,0.021553391767830193,5.9
1144.0021600102857,0.49635834,0.019185071418162614,5.9
1145.0021619150568,0.24406025,0.018233061194737388,5.9
1146.0021638198277,0.20984152,0.018949327021193615,5.9
1147.0021657245986,0.27966803,0.020419075244767916,7.2
1148.0021676293698,0.44798625,0.020227579951217753,7.2
1149.0021695341406,0.6038615,0.01788064285146091,10.4
1150.0021714389115,0.8323773,0.017450122382994992,10.4
1151.0021733436827,0.8604352,0.013890596224248463,10.4
1152.0021752484536,0.7426013,0.012189012511618729,10.5
1153.0021771532245,0.53774184,0.012221327362079459,10.5
1154.0021790579956,0.52890503,0.01230795127636817,10.5
1155.0021809627665,0.6448761,0.011422729710264843,2.7
1156.0021828675374,0.6007379,0.011056670985367391,4.7
1157.0021847723085,0.60651237,0.008326504153413862,4.7
1158.0021866770794,0.49671125,0.009594834946048687,4.2
1159.0021885818503,0.4472573,0.00960254812415985,4.2
1160.0021904866214,0.4524857,0.00963902773980681,4.9
1161.0021923913923,0.6338636,0.00985525098161571,4.6000000000000005
1162.0021942961632,0.49788368,0.011694001055547475,3.2
1163.0021962009343,0.39445543,0.014285442018675916,3.2
1164.0021981057052,0.53873956,0.014101201961784814,6.2
1165.0022000104761,0.83148426,0.03876338583950176,2.0
1166.0022019152473,0.7698882,0.0951392377040222,0.8
1167.0022038200182,0.7829023,0.10015464124849412,0.7000000000000001
1168.002205724789,0.7195794,0.10486051402885056,0.7000000000000001
1169.0022076295602,0.7175698,0.10499155165246668,0.7000000000000001
1170.002209534331,0.69450074,0.10510251005725393,0.7000000000000001
1171.002211439102,0.58971274,0.1222634675937451,1.7000000000000002
1172.002213343873,0.51312023,0.1256182701485862,1.7000000000000002
1173.002215248644,0.38177142,0.1257893009849628,1.7000000000000002
1174.002217153415,0.38489774,0.12624034131211703,0.7000000000000001
1175.002219058186,0.35832816,0.12138928388887374,1.7000000000000002
1176.002220962957,0.3826643,0.08604939326069812,0.9
1177.002222867728,0.42648378,0.09578186092031797,1.7000000000000002
1178.002224772499,0.377587,0.09030433155051504,1.7000000000000002
1179.0022266772698,0.4654812,0.09024237471659331,1.7000000000000002
1180.002228582041,0.5830535,0.09019985901483607,1.7000000000000002
1181.0022304868119,0.8864552,0.06448493011148657,1.7000000000000002
1182.0022323915828,0.8484957,0.057958574765165125,1.2000000000000002
1183.002234296354,0.78759456,0.056924533194710136,1.2000000000000002
1184.0022362011248,0.6613021,0.05585227429535159,1.3
1185.0022381058957,0.46767184,0.05513486165866323,1.3
1186.0022400106668,0.26338005,0.05261220354029177,1.3
1187.0022419154377,0.50090563,0.0037148764458207664,11.3
1188.0022438202086,0.24197811,0.0032058723604407153,11.3
1189.0022457249797,0.2523412,0.0030029703648271405,8.5
1190.0022476297506,0.2641402,0.0025704416878135484,11.3
1191.0022495345215,0.21658562,0.0023080708006989704,12.5
1192.0022514392926,0.21166494,0.002117239438843075,12.5
1193.0022533440635,0.29532754,0.0033082616772586834,12.700000000000001
1194.0022552488344,0.2691461,0.0033346239241146486,14.9
1195.0022571536056,0.32919818,0.003272580767416203,10.8
1196.0022590583765,0.3373385,0.0032649211128984675,10.8
1197.0022609631474,0.3619873,0.0032367783106175725,13.8
1198.0022628679185,0.3945633,0.003272040681476507,13.8
1199.0022647726894,0.3327629,0.003267328287006273,10.8
1200.0022666774603,0.29226562,0.0033197061531364735,10.8
1201.0022685822314,0.33315548,0.003353368498775759,12.8
1202.0022704870023,0.28163037,0.003423647892090696,9.3
1203.0022723917732,0.2795965,0.0022895650991877985,9.3
1204.0022742965443,0.33230174,0.002189656862621858,13.200000000000001
1205.0022762013152,0.2887323,0.0022590985542469753,10.100000000000001
1206.0022781060861,0.32700625,0.0022665495871477086,10.100000000000001
1207.0022800108572,0.27407843,0.0022778101532862105,10.3
1208.0022819156281,0.27848315,0.0022545191887410505,10.100000000000001
1209.002283820399,0.24956712,0.0022858543100221307,10.100000000000001
1210.0022857251702,0.2669614,0.002191705954728116,10.100000000000001
1211.002287629941,0.2500943,0.0021486841178622504,9.600000000000001
1212.002289534712,0.1974906,0.0020645841518416486,10.3
1213.002291439483,0.22572434,0.0020060088598414824,12.4
1214.002293344254,0.22486116,0.00202002067019512,12.4
1215.0022952490249,0.20995651,0.001983282942312476,12.4
1216.002297153796,0.19409342,0.001989127617141376,11.5
1217.002299058567,0.17390828,0.002008029186181018,14.4
1218.002300963338,0.17098667,0.0019951264871697996,14.4
1219.002302868109,0.16457169,0.00195977995942106,14.4
1220.0023047728798,0.18089779,0.0019015355048501972,15.0
1221.002306677651,0.17746355,0.001892860792966734,15.0
1222.0023085824218,0.18823399,0.001884191401675302,14.4
1223.0023104871927,0.19407094,0.0018914108657559648,14.9
1224.0023123919639,0.21576007,0.001885837685233589,14.9
1225.0023142967348,0.20712034,0.0018271986956664055,14.9
1226.0023162015057,0.21319355,0.0017408959953145763,13.8
1227.0023181062768,0.21216029,0.0017180762780269606,13.8
1228.0023200110477,0.23328362,0.001703244972107844,9.200000000000001
1229.0023219158186,0.25693998,0.0016473060845101823,13.8
1230.0023238205897,0.2348558,0.0016750692955152136,13.9
1231.0023257253606,0.25264007,0.0016552345868728403,14.8
1232.0023276301315,0.24116357,0.0015988238476655732,9.3
1233.0023295349026,0.2405651,0.0016042064845220316,9.3
1234.0023314396735,0.23404853,0.00157349893624765,15.0
1235.0023333444444,0.23082721,0.001609682270839632,2.1
1236.0023352492155,0.22729005,0.0016550977671365042,14.5
1237.0023371539864,0.21712516,0.0016265540270505596,14.5
1238.0023390587573,0.2147574,0.0016438901615324264,14.5
1239.0023409635285,0.20855314,0.001692856971954464,14.5
1240.0023428682994,0.20887144,0.0017206845951106132,14.5
1241.0023447730703,0.19812202,0.001759954505572258,14.5
1242.0023466778414,0.19594091,0.0018028226489468662,14.5
1243.0023485826123,0.20568386,0.0018124694171120068,14.3
1244.0023504873832,0.19140704,0.001814582993164528,14.3
1245.0023523921543,0.2083701,0.001800824058332883,14.3
1246.0023542969252,0.21095715,0.0018053114406989506,13.5
1247.002356201696,0.21278767,0.0018577637864548675,15.0
1248.0023581064672,0.21931101,0.0018587785518788852,15.0
1249.0023600112381,0.1827261,0.001857858776395037,15.0
1250.002361916009,0.23132966,0.0018200140245214467,15.0
1251.0023638207801,0.19713254,0.0018268419093260475,10.100000000000001
1252.002365725551,0.20602098,0.001834213901719537,10.100000000000001
1253.002367630322,0.20967759,0.0018303434533109974,10.100000000000001
1254.002369535093,0.22020367,0.0018888576516198333,14.9
1255.002371439864,0.20943521,0.0019066602143502174,13.9
1256.0023733446349,0.23765269,0.0019314416642429505,14.9
1257.002375249406,0.23557436,0.0018717109045983825,12.4
1258.0023771541769,0.2454653,0.0018631402510468262,12.4
1259.002379058948,0.27831343,0.0018632776652080382,8.9
1260.002380963719,0.24514124,0.0018563999620038684,8.9
1261.0023828684898,0.26288345,0.0018047728255402525,9.4
1262.002384773261,0.24538726,0.001801780849271602,13.3
1263.0023866780318,0.23231317,0.0017778192724239642,8.9
1264.0023885828027,0.24832988,0.001752326751871534,8.9
1265.0023904875738,0.2611449,0.0016950363281736927,9.9
1266.0023923923447,0.2592614,0.0016161785926878953,5.7
1267.0023942971156,0.26200727,0.0016443057879834137,5.7
1268.0023962018868,0.23479532,0.0016037547200375723,5.7
1269.0023981066577,0.25116152,0.0015805658048524023,4.2
1270.0024000114286,0.2767543,0.0015605935172876419,14.8
1271.0024019161997,0.24161781,0.0015895643085275244,14.8
1272.0024038209706,0.24285586,0.0015512192013682295,14.8
1273.0024057257415,0.25013182,0.0015556399483632377,14.8
1274.0024076305126,0.24477516,0.0015034934726077121,14.8
1275.0024095352835,0.22556001,0.0015702457711421652,14.8
1276.0024114400544,0.22681572,0.001579074143376617,6.6000000000000005
1277.0024133448255,0.23427893,0.001556699987573526,5.9
1278.0024152495964,0.22730583,0.0015927062837636007,15.0
1279.0024171543673,0.22304018,0.0016148351742860437,12.700000000000001
1280.0024190591384,0.22166766,0.0016253121025953368,13.0
1281.0024209639093,0.22416967,0.0016264234573475113,13.0
1282.0024228686802,0.22757499,0.0016337725499884833,15.0
1283.0024247734514,0.23350342,0.0016152944162051643,12.4
1284.0024266782223,0.2297144,0.0015939604816325086,14.5
1285.0024285829932,0.2358711,0.0015279493800410937,14.5
1286.0024304877643,0.22149232,0.001518952982765775,14.5
1287.0024323925352,0.22921948,0.0015147720025858228,14.5
1288.002434297306,0.2386297,0.001462574116525762,6.6000000000000005
1289.0024362020772,0.23602878,0.0014512569816475414,7.0
1290.002438106848,0.24248268,0.0014175153351401071,14.9
1291.002440011619,0.22986875,0.0014269908715223224,14.9
1292.0024419163901,0.24694088,0.0014293021083791695,11.200000000000001
1293.002443821161,0.24135649,0.0014456914465809589,14.9
1294.002445725932,0.2476723,0.0014978837777204369,14.9
1295.002447630703,0.24726969,0.0015485156038936563,14.9
1296.002449535474,0.226373,0.0015650367645027592,14.9
1297.0024514402448,0.23009712,0.0018174588605875247,11.600000000000001
1298.002453345016,0.18126155,0.0018591044757428666,8.700000000000001
1299.0024552497869,0.17219876,0.00192010394672798,11.600000000000001
1300.002457154558,0.15212354,0.0020700834419409477,11.600000000000001
1301.0024590593289,0.14450033,0.00212337940361449,11.700000000000001
1302.0024609640998,0.14746624,0.0021465485975646786,12.200000000000001
1303.002462868871,0.15575863,0.0021988215202742123,12.200000000000001
1304.0024647736418,0.1446473,0.0022094639796416773,12.200000000000001
1305.0024666784127,0.16420314,0.002257654233606274,12.200000000000001
1306.0024685831838,0.14420786,0.002331430044949709,11.700000000000001
1307.0024704879547,0.13758257,0.002385258689878233,12.200000000000001
1308.0024723927256,0.13465992,0.0023962714612724306,12.200000000000001
1309.0024742974967,0.15147124,0.002415868153989087,12.0
1310.0024762022676,0.15736204,0.0023915249507628013,12.0
1311.0024781070385,0.17185432,0.0024106667147867087,12.0
1312.0024800118097,0.17020915,0.002542692058808344,10.3
1313.0024819165806,0.19362967,0.0025613986765151294,10.3
1314.0024838213515,0.19599378,0.0026466339148021397,10.3
1315.0024857261226,0.20862709,0.002643931815975621,10.3
1316.0024876308935,0.24023812,0.002586460634091104,10.3
1317.0024895356644,0.24019402,0.0023845978373917684,10.3
1318.0024914404355,0.18867247,0.002383764999495567,10.3
1319.0024933452064,0.20499134,0.0022929463857607386,10.3
1320.0024952499773,0.2120968,0.002201231281032735,11.0
1321.0024971547484,0.19051088,0.0021365221753234832,10.700000000000001
1322.0024990595193,0.24342085,0.0019536980842701415,10.3
1323.0025009642902,0.22682287,0.001876702013110137,10.700000000000001
1324.0025028690613,0.22156386,0.0017271419770705338,11.8
1325.0025047738322,0.22366002,0.0016479542406171493,13.0
1326.0025066786031,0.25153625,0.001629971744305262,13.0
1327.0025085833743,0.25245434,0.0016145604954716434,13.0
1328.0025104881452,0.37433127,0.0015884245748454867,10.200000000000001
1329.002512392916,0.2533183,0.0015702725798374256,7.2
1330.0025142976872,0.4429313,0.013718315603386391,0.4
1331.002516202458,0.48797676,0.07430814307303019,1.7000000000000002
1332.002518107229,0.33388352,0.07739137405923412,1.7000000000000002
1333.002520012,0.47124574,0.077390316667911,1.7000000000000002
1334.002521916771,0.44880983,0.0773895169805555,1.7000000000000002
1335.002523821542,0.4568775,0.07738698025411232,1.7000000000000002
1336.002525726313,0.42526785,0.07738665440492083,1.7000000000000002
1337.002527631084,0.48182335,0.07738457802516481,1.7000000000000002
1338.002529535855,0.510627,0.07738433157351376,1.7000000000000002
1339.002531440626,0.39239645,0.07738468617866899,1.7000000000000002
1340.0025333453968,0.27495095,0.07617518481058048,1.7000000000000002
1341.002535250168,0.2738799,0.021575420989967446,14.700000000000001
1342.0025371549389,0.28564876,0.0018711233945013282,12.9
1343.0025390597098,0.382362,0.0018892644086405742,12.9
1344.0025409644809,0.22355492,0.0019513191422202024,12.9
1345.0025428692518,0.24488948,0.0019903981175364975,13.9
1346.0025447740227,0.25118798,0.002004449708556007,13.9
1347.0025466787938,0.28780934,0.0020347794968925163,13.9
1348.0025485835647,0.27952135,0.0020164288637911374,7.7
1349.0025504883356,0.33503157,0.002015785598366721,12.600000000000001
1350.0025523931067,0.32578272,0.0020798789794058436,12.600000000000001
1351.0025542978776,0.2900743,0.002022921560987639,12.600000000000001
1352.0025562026485,0.3041377,0.0019805595514184758,14.4
1353.0025581074196,0.3760497,0.0019308695433167542,9.600000000000001
1354.0025600121905,0.48830125,0.0019198406769998532,12.100000000000001
1355.0025619169614,0.5099724,0.001961748069123893,12.600000000000001
1356.0025638217326,0.6155495,0.0031069982191086008,6.2
1357.0025657265035,0.5893878,0.016527925156439704,2.8000000000000003
1358.0025676312744,0.6989638,0.020831545673115195,3.4000000000000004
1359.0025695360455,0.6948264,0.0937168134313229,1.0
1360.0025714408164,0.61438537,0.11233341966493413,2.5
1361.0025733455873,0.7366074,0.12343636456362365,2.2
1362.0025752503584,0.83521914,0.15619761256859063,1.7000000000000002
1363.0025771551293,0.8072755,0.1561687770980502,1.7000000000000002
1364.0025790599002,0.7444653,0.15619230692060065,1.7000000000000002
1365.0025809646713,0.65661395,0.1561789245128992,1.7000000000000002
1366.0025828694422,0.5445415,0.15617776789839877,1.7000000000000002
1367.0025847742131,0.7052937,0.15538922541447078,1.7000000000000002
1368.0025866789842,0.8168844,0.15488032766159462,1.7000000000000002
1369.0025885837551,0.7931737,0.12555249883713318,1.6
1370.002590488526,0.8271109,0.10917156974736691,1.6
1371.0025923932972,0.93656987,0.09649346142372067,0.1
1372.002594298068,0.84468687,0.009133794827875609,8.700000000000001
1373.002596202839,0.7594853,0.009343558969690021,8.700000000000001
1374.00259810761,0.6739152,0.008346636562941887,13.200000000000001
1375.002600012381,0.73683625,0.010627277663156576,13.200000000000001
1376.0026019171519,0.8394272,0.0107058213729157,11.3
1377.002603821923,0.7408385,0.01044228077616503,11.3
1378.002605726694,0.7819149,0.010199526101690792,11.3
1379.002607631465,0.82321763,0.010062046549224555,10.700000000000001
1380.002609536236,0.791315,0.00986721284961328,11.3
1381.0026114410068,0.80444264,0.009618749202032626,11.3
1382.002613345778,0.840871,0.008833770876480922,12.4
1383.0026152505488,0.85990894,0.008764365644515148,11.700000000000001
1384.0026171553197,0.8502928,0.008647069047817762,11.700000000000001
1385.0026190600909,0.8294739,0.005320691733978823,15.0
1386.0026209648618,0.8575756,0.004969882511393607,11.700000000000001
1387.0026228696327,0.846506,0.005007310605768642,10.100000000000001
1388.0026247744038,0.82347685,0.005800669719753745,11.8
1389.0026266791747,0.81678027,0.005855757320333933,10.200000000000001
1390.0026285839456,0.83265203,0.006523724583834021,10.200000000000001
1391.0026304887167,0.7959284,0.006717022353557675,14.0
1392.0026323934876,0.7626703,0.007106533537526523,14.0
1393.0026342982585,0.56378675,0.006859482908719943,14.0
1394.0026362030296,0.5316521,0.008655694187670045,8.8
1395.0026381078005,0.67520434,0.010238538770845528,8.5
1396.0026400125714,0.66009307,0.010530534948087563,8.5
1397.0026419173425,0.7869613,0.010739230715228533,8.5
1398.0026438221134,0.8122969,0.010385071800298261,8.5
1399.0026457268843,0.86799836,0.010569446755373954,8.1
1400.0026476316555,0.98590314,0.04749346490105297,2.2
1401.0026495364264,0.98961747,0.04768640330091142,2.2
1402.0026514411973,0.9946467,0.048052601235806236,2.0
1403.0026533459684,0.9623133,0.04805237901002589,2.4000000000000004
1404.0026552507393,0.96818626,0.047845041341334445,2.0
1405.0026571555102,0.8448014,0.04839146524559902,2.0
1406.0026590602813,0.78378385,0.0492517096818845,2.4000000000000004
1407.0026609650522,0.592695,0.049954309976797846,2.4000000000000004
1408.002662869823,0.5218128,0.05035443702794683,2.4000000000000004
1409.0026647745942,0.60900295,0.050638487036086755,2.4000000000000004
1410.0026666793651,0.41023144,0.02153378897712589,13.9
1411.002668584136,0.41088757,0.02137882167412195,13.9
1412.0026704889071,0.19961162,0.02258368055319506,1.9000000000000001
1413.002672393678,0.14515492,0.022704139303855862,1.9000000000000001
1414.002674298449,0.4924537,0.022592194293843973,1.9000000000000001
1415.00267620322,0.45907408,0.021078986291384803,1.9000000000000001
1416.002678107991,0.29771084,0.01933998768528481,2.0
1417.0026800127619,0.23514198,0.01802540063031693,1.9000000000000001
1418.002681917533,0.30719867,0.017064896480545242,1.9000000000000001
1419.0026838223039,0.5795869,0.01603540018152974,1.9000000000000001
1420.002685727075,0.7507581,0.09541820067777301,1.7000000000000002
1421.002687631846,0.4594178,0.09702260239231471,1.7000000000000002
1422.0026895366168,0.40470055,0.09656703658744961,1.9000000000000001
1423.002691441388,0.44632638,0.09668504129244562,1.9000000000000001
1424.0026933461588,0.46642575,0.09801264195061422,2.0
1425.0026952509297,0.58174235,0.09870476309610003,2.0
1426.0026971557008,0.6532605,0.09901216747813198,2.0
1427.0026990604717,0.6291407,0.10002728749382615,2.0
1428.0027009652426,0.5572938,0.10530910506668194,2.0
1429.0027028700138,0.46787056,0.11438999126076835,1.7000000000000002
1430.0027047747847,0.57330734,0.06806249767097658,1.5
1431.0027066795556,0.2928033,0.06738508990052355,1.5
1432.0027085843267,0.35356495,0.06838939554017477,1.5
1433.0027104890976,0.31335473,0.07327813651784613,1.5
1434.0027123938685,0.6320483,0.08831874012734016,1.5
1435.0027142986396,0.4548454,0.08777746042985296,1.5
1436.0027162034105,0.44417292,0.08744249525168019,1.5
1437.0027181081814,0.47089055,0.08610620090549914,1.5
1438.0027200129525,0.46257544,0.07955100454543777,1.5
1439.0027219177234,0.4758189,0.06570894191525693,1.0
1440.0027238224943,0.75916106,0.06281310644947755,10.0
1441.0027257272654,0.6275759,0.06098611392814327,1.0
1442.0027276320363,0.65994245,0.059804507205846937,9.9
1443.0027295368072,0.6059943,0.060238084851176744,2.1
1444.0027314415784,0.4334301,0.09612802012726944,2.1
1445.0027333463493,0.69674236,0.09730576599457132,2.1
1446.0027352511202,0.851939,0.09732322112429292,2.1
1447.0027371558913,0.6387062,0.09744611375857819,2.1
1448.0027390606622,0.5191183,0.09751238967882621,2.1
1449.002740965433,0.70272964,0.09755401027118975,2.0
1450.0027428702042,0.82800734,0.09759561965159472,2.0
1451.002744774975,0.82688296,0.09765343613258759,2.2
1452.002746679746,0.8881312,0.09773739047134813,2.0
1453.0027485845171,0.9299812,0.09330864322452666,1.1
1454.002750489288,0.52872133,0.017725297460600635,7.7
1455.002752394059,0.5517133,0.006434858793698263,8.0
1456.00275429883,0.48985535,0.006237774682900905,8.0
1457.002756203601,0.6524258,0.006168039722670019,7.7
1458.0027581083718,0.59376574,0.006117225357725727,8.0
1459.002760013143,0.6481755,0.005528087556434151,7.7
1460.0027619179139,0.48529905,0.00508667349129886,7.7
1461.002763822685,0.43828678,0.00571240940237916,14.4
1462.0027657274559,0.62935627,0.007035465616462561,6.6000000000000005
1463.0027676322268,0.67370945,0.006860663301974321,7.7
1464.002769536998,0.68442076,0.00724181863943082,7.7
1465.0027714417688,0.5123308,0.007432307198813368,7.7
1466.0027733465397,0.5050159,0.007464443134540854,6.5
1467.0027752513108,0.47800952,0.007456946065017069,6.5
1468.0027771560817,0.39981034,0.007454570637106648,6.5
1469.0027790608526,0.457734,0.007715166995127118,6.5
1470.0027809656237,0.5573099,0.007635284024792493,15.0
1471.0027828703946,0.47243473,0.0094028288516838,7.9
1472.0027847751655,0.61835915,0.009871007787012368,7.9
1473.0027866799367,0.6165205,0.010129692431443248,8.3
1474.0027885847076,0.5880126,0.010067794120547254,8.3
1475.0027904894785,0.64848316,0.009924575339146894,8.3
1476.0027923942496,0.6345537,0.010046405303806016,8.3
1477.0027942990205,0.59283006,0.010049055082856315,8.200000000000001
1478.0027962037914,0.51515883,0.010057501092199458,8.200000000000001
1479.0027981085625,0.4074725,0.01072394184639945,8.200000000000001
1480.0028000133334,0.47727245,0.011399192918932776,8.200000000000001
1481.0028019181043,0.4496216,0.009549952550463897,8.200000000000001
1482.0028038228754,0.473547,0.007504366745264874,8.200000000000001
1483.0028057276463,0.58661765,0.006942695422330932,8.200000000000001
1484.0028076324172,0.24007921,0.006451113167297059,3.7
1485.0028095371883,0.41235322,0.006379149751977061,3.7
1486.0028114419592,0.48788047,0.006109081853845233,3.6
1487.0028133467301,0.42909268,0.006072817808530346,3.6
1488.0028152515013,0.2739995,0.00598906253412453,3.9000000000000004
1489.0028171562722,0.2871121,0.004155751590243683,3.9000000000000004
1490.002819061043,0.2377515,0.001602802441947128,12.700000000000001
1491.0028209658142,0.23131008,0.0015996363298916483,4.4
1492.002822870585,0.23255432,0.0017695457212056692,9.700000000000001
1493.002824775356,0.3819697,0.0017971855806691132,9.700000000000001
1494.002826680127,0.27413005,0.001858200662274105,12.100000000000001
1495.002828584898,0.5983636,0.0020749054478254314,8.0
1496.002830489669,0.5866108,0.002795002607743768,8.9
1497.00283239444,0.52015126,0.0032299287458001503,8.1
1498.002834299211,0.5967174,0.0035625841941573587,9.1
1499.0028362039818,0.589028,0.0039797200880972985,7.5
1500.002838108753,0.51252675,0.004016990471661716,9.200000000000001
1501.0028400135238,0.40057376,0.004249310928931306,9.200000000000001
1502.002841918295,0.41586137,0.004475058867745588,9.200000000000001
1503.0028438230659,0.4877492,0.004435544390767553,9.200000000000001
1504.0028457278368,0.5179946,0.004413236289041693,9.200000000000001
1505.0028476326079,0.43229836,0.004306326582864162,9.200000000000001
1506.0028495373788,0.3518461,0.00388987776097899,8.0
1507.0028514421497,0.51094824,0.003534971252656177,8.3
1508.0028533469208,0.33760443,0.0032158803582378113,8.0
1509.0028552516917,0.51783293,0.0026855234751426804,8.1
1510.0028571564626,0.41735327,0.002602975007024454,8.1
1511.0028590612337,0.24609956,0.0021783915517230683,8.4
1512.0028609660046,0.20740862,0.0014491108148352852,7.6000000000000005
1513.0028628707755,0.21499307,0.0014990607599013835,12.600000000000001
1514.0028647755466,0.4953739,0.002471006054968549,9.4
1515.0028666803175,0.3395859,0.0027090874139998333,9.1
1516.0028685850884,0.49918747,0.002811562644062937,9.4
1517.0028704898596,0.52998286,0.0029952737286497175,9.4
1518.0028723946305,0.56583315,0.003096289605336321,9.4
1519.0028742994014,0.47424588,0.029733858428994123,0.4
1520.0028762041725,0.43067044,0.05982759876630394,1.2000000000000002
1521.0028781089434,0.3624974,0.06091720610024999,1.2000000000000002
1522.0028800137143,0.57887816,0.06140177792638724,1.3
1523.0028819184854,0.53732836,0.06184955929267076,1.3
1524.0028838232563,0.6775109,0.06183712091904216,1.3
1525.0028857280272,0.7620882,0.06183525605247775,1.3
1526.0028876327983,0.85156566,0.06188438268832394,1.3
1527.0028895375692,0.83330446,0.0618937183582779,1.3
1528.0028914423401,0.9096128,0.06199999743811301,1.3
1529.0028933471112,0.9536011,0.05471326683206913,1.3
1530.0028952518821,0.9728757,0.02158772959024105,3.5
1531.002897156653,0.97101563,0.021346427154713944,2.7
1532.0028990614242,0.9599707,0.02214514758817802,1.4000000000000001
1533.002900966195,0.9755269,0.022230789934526048,2.6
1534.002902870966,0.96803045,0.022214413108801342,2.6
1535.002904775737,0.96570075,0.023825666051128427,2.6
1536.002906680508,0.92272305,0.027241388629316823,2.6
1537.0029085852789,0.9673102,0.02863047059507549,2.6
1538.00291049005,0.9226453,0.02843946415292671,2.6
1539.002912394821,0.8438123,0.027979158168980285,2.6
1540.0029142995918,0.6567456,0.043154321952044286,2.6
1541.002916204363,0.3498774,0.0854937001684679,1.2000000000000002
1542.0029181091338,0.47221982,0.0850245556254171,1.3
1543.002920013905,0.120206766,0.08472595881419497,1.3
1544.0029219186758,0.12470656,0.08476691177077211,1.3
1545.0029238234467,0.0860425,0.08437480814462188,1.3
1546.0029257282179,0.33606166,0.08341647252212306,1.3
1547.0029276329888,0.20460014,0.0829371214521906,1.3
1548.0029295377597,0.18293694,0.08292063101442472,1.3
1549.0029314425308,0.100822024,0.08291735769452126,1.3
1550.0029333473017,0.14697124,0.07517345377889816,1.3
1551.0029352520726,0.18150534,0.007231772001780017,0.1
1552.0029371568437,0.19197792,0.007097148041611767,0.1
1553.0029390616146,0.17357416,0.006923058058121767,0.1
1554.0029409663855,0.23548423,0.007228975831831374,6.5
1555.0029428711566,0.32021365,0.006971582169008682,6.5
1556.0029447759275,0.59785527,0.006661346418067444,13.600000000000001
1557.0029466806984,0.54262495,0.009573418036020194,5.0
1558.0029485854695,0.7353404,0.09550537413160833,1.6
1559.0029504902404,0.5244193,0.11782723481634141,1.5
1560.0029523950113,0.6484644,0.13042665960977673,1.5
1561.0029542997825,0.3503235,0.13561738606408993,1.5
1562.0029562045534,0.38293618,0.1447987496208014,1.5
1563.0029581093243,0.34443733,0.1449536933049829,1.5
1564.0029600140954,0.8059882,0.15758756093534562,1.5
1565.0029619188663,0.84944326,0.1577336615448442,1.5
1566.0029638236372,0.86646974,0.15765704562834698,1.5
1567.0029657284083,0.9030177,0.15751782564606884,1.5
1568.0029676331792,0.8784435,0.12624792377966523,1.5
1569.00296953795,0.8555007,0.13816274479919569,1.8
1570.0029714427212,0.7096943,0.12617795306200924,1.8
1571.0029733474921,0.63863254,0.12088397840160346,2.0
1572.002975252263,0.5994601,0.10983544682180967,2.0
1573.0029771570341,0.51262313,0.11013616512913915,1.8
1574.002979061805,0.6843869,0.0921119501674478,1.6
1575.002980966576,0.7509958,0.093678521285364,1.6
1576.002982871347,0.66907597,0.09429605987239194,1.6
1577.002984776118,0.6602619,0.0945561318761777,1.6
1578.0029866808889,0.7516605,0.09499145334504112,1.6
1579.00298858566,0.6847822,0.035219581742742756,1.6
1580.0029904904309,0.8455841,0.03617124051876996,1.7000000000000002
1581.0029923952018,0.7150649,0.04090235205761565,1.7000000000000002
1582.002994299973,0.5573906,0.04127879734244804,1.7000000000000002
1583.0029962047438,0.71691513,0.04201803208419869,1.7000000000000002
1584.002998109515,0.578045,0.0691364115468548,1.3
1585.0030000142858,0.90491915,0.06659442346557838,1.3
1586.0030019190567,0.80096537,0.0656866577317119,1.0
1587.0030038238278,0.9228862,0.06526931894796252,1.0
1588.0030057285987,0.9311563,0.06462941420672452,1.0
1589.0030076333696,0.8304398,0.06350020512670822,1.0
1590.0030095381408,0.79761195,0.0648169098005601,4.2
1591.0030114429117,0.91470504,0.061833320779733913,4.2
1592.0030133476826,0.8473559,0.06142894634738049,4.2
1593.0030152524537,0.95472294,0.06069474394343153,4.2
1594.0030171572246,0.94075555,0.02140845978320045,13.0
1595.0030190619955,0.8527064,0.021453779232255218,13.0
1596.0030209667666,0.7509636,0.03863897679285634,10.600000000000001
1597.0030228715375,0.8400332,0.03865718282499722,10.600000000000001
1598.0030247763084,0.96847856,0.03863993463000345,10.600000000000001
1599.0030266810795,0.9317844,0.04378054874622114,2.1
1600.0030285858504,0.93494177,0.03965478183223638,1.8
1601.0030304906213,0.819277,0.03975837990975891,0.30000000000000004
1602.0030323953924,0.688318,0.045483166344766984,0.30000000000000004
1603.0030343001633,0.6663929,0.044879708081536296,0.30000000000000004
1604.0030362049342,0.84099644,0.044794014178908194,0.30000000000000004
1605.0030381097054,0.83437335,0.04478085634816977,10.5
1606.0030400144763,0.8714211,0.03180555450490919,0.30000000000000004
1607.0030419192472,0.75633395,0.03311028834051627,3.0
1608.0030438240183,0.82893956,0.033093279103685445,3.0
1609.0030457287892,0.79817176,0.025665316817365603,7.6000000000000005
1610.00304763356,0.7437854,0.025532842700298326,7.6000000000000005
1611.0030495383312,0.85104,0.025394928010072478,7.6000000000000005
1612.003051443102,0.7712044,0.012448659018395893,3.0
1613.003053347873,0.71693116,0.011362206053241869,3.0
1614.0030552526441,0.7556105,0.011342597740719338,3.0
1615.003057157415,0.6002356,0.011140958026801547,3.0
1616.003059062186,0.5973074,0.009573284822838255,4.4
1617.003060966957,0.5826473,0.0018833285787178634,10.0
1618.003062871728,0.59734654,0.0018163006132280689,14.600000000000001
1619.0030647764988,0.68339455,0.023254594660281153,0.2
1620.00306668127,0.5923347,0.07105359292322137,1.5
1621.0030685860409,0.62030554,0.07360691313032658,1.7000000000000002
1622.0030704908118,0.8102058,0.07955757891741701,1.5
1623.0030723955829,0.90699047,0.0795459446241004,1.5
1624.0030743003538,0.843136,0.07951751908980585,1.5
1625.003076205125,0.83638144,0.0794891239004939,1.5
1626.0030781098958,0.8398367,0.07946302694537688,1.6
1627.0030800146667,0.9431674,0.07943366948852633,1.5
1628.0030819194378,0.86383235,0.07955372479161761,1.6
1629.0030838242087,0.82755834,0.07642145800705134,1.1
1630.0030857289796,0.8024158,0.046379906063817596,3.5
1631.0030876337507,0.8416426,0.044736495236976696,4.1000000000000005
1632.0030895385216,0.71027505,0.03287811576137101,2.7
1633.0030914432925,0.6340721,0.03287598690102645,2.7
1634.0030933480637,0.7317344,0.03413737565410911,2.6
1635.0030952528346,0.7426613,0.03834302709802673,2.8000000000000003
1636.0030971576055,0.7576868,0.038409866584710455,2.8000000000000003
1637.0030990623766,0.63989013,0.038404166525385856,2.8000000000000003
1638.0031009671475,0.6021919,0.038166622448517505,2.8000000000000003
1639.0031028719184,0.3705172,0.03808587001258331,2.8000000000000003
1640.0031047766895,0.18130614,0.02527309690118479,2.8000000000000003
1641.0031066814604,0.26367843,0.020334233467678504,2.5
1642.0031085862313,0.25441933,0.02012134504149649,2.5
1643.0031104910024,0.35267165,0.05477077574168022,2.5
1644.0031123957733,0.5055633,0.08096695085861773,2.5
1645.0031143005442,0.5481257,0.09252509908374801,1.9000000000000001
1646.0031162053153,0.73385113,0.1088843607031435,2.5
1647.0031181100862,0.7478793,0.12207348319458851,2.5
1648.0031200148571,0.79897153,0.12632632476395772,0.1
1649.0031219196283,0.74962467,0.15018064439958068,1.8
1650.0031238243992,0.72707564,0.16659736878301926,1.8
1651.00312572917,0.8304144,0.1773888737862544,2.4000000000000004
1652.0031276339412,0.80546796,0.17948329196805687,2.4000000000000004
1653.003129538712,0.644299,0.17348770825073107,2.4000000000000004
1654.003131443483,0.75162804,0.1638889186779343,1.5
1655.003133348254,0.81946176,0.15821692641986965,2.3000000000000003
1656.003135253025,0.7227706,0.1486714810767199,2.3000000000000003
1657.003137157796,0.71799237,0.13872620127267823,2.3000000000000003
1658.003139062567,0.70830536,0.13498338520055067,2.3000000000000003
1659.003140967338,0.74266744,0.10609548573269799,2.3000000000000003
1660.0031428721088,0.7347887,0.07786883950966914,2.8000000000000003
1661.00314477688,0.93134195,0.042199868613801615,1.4000000000000001
1662.0031466816508,0.8705341,0.07144920178855108,1.2000000000000002
1663.0031485864217,0.7768083,0.06930786914819119,1.5
1664.0031504911929,0.75696945,0.06851153767983077,1.5
1665.0031523959638,0.8605789,0.06774934744571193,1.3
1666.0031543007349,0.71334165,0.06752066085582,1.3
1667.0031562055058,0.49055663,0.06730963164354702,1.3
1668.0031581102767,0.54491025,0.06667045521935915,1.3
1669.0031600150478,0.60750484,0.06625702812193915,1.2000000000000002
1670.0031619198187,0.53591305,0.06611541721567206,1.3
1671.0031638245896,0.45419317,0.06709696127620474,1.3
1672.0031657293607,0.59809905,0.022383155732664924,6.1000000000000005
1673.0031676341316,0.5437541,0.02202286849917819,6.1000000000000005
1674.0031695389025,0.42407522,0.02200582640056662,6.0
1675.0031714436736,0.4551907,0.017464824190085815,6.0
1676.0031733484445,0.44088858,0.020685059019779115,4.6000000000000005
1677.0031752532154,0.5254073,0.020769257500691436,4.6000000000000005
1678.0031771579866,0.49501616,0.020881961032273483,4.800000000000001
1679.0031790627575,0.5216422,0.02095548192131983,4.800000000000001
1680.0031809675284,0.5912148,0.02100783633779463,4.6000000000000005
1681.0031828722995,0.3511855,0.016779500032519344,4.6000000000000005
1682.0031847770704,0.46481615,0.022053093145389994,9.8
1683.0031866818413,0.6478012,0.03222949174320668,3.4000000000000004
1684.0031885866124,0.7408151,0.05260171816093884,2.6
1685.0031904913833,0.45660174,0.08813897943650117,2.6
1686.0031923961542,0.47579607,0.08776308692086857,2.6
1687.0031943009253,0.63703144,0.08778769823216814,2.6
1688.0031962056962,0.76464206,0.08775836497899728,2.6
1689.003198110467,0.5909911,0.08782495864271857,2.6
1690.0032000152382,0.805518,0.11227994400774349,2.6
1691.0032019200091,0.8543787,0.11718196904071086,2.6
1692.00320382478,0.6569036,0.13009730973024763,2.3000000000000003
1693.0032057295512,0.42823756,0.13419236992145997,2.3000000000000003
1694.003207634322,0.4808825,0.12792188826436196,2.8000000000000003
1695.003209539093,0.56069654,0.12227213087083386,2.3000000000000003
1696.003211443864,0.39766958,0.12683736294917608,2.3000000000000003
1697.003213348635,0.4111215,0.13536186279317997,2.3000000000000003
1698.0032152534059,0.26535526,0.13535717933683308,2.3000000000000003
1699.003217158177,0.22121622,0.13530302766107857,2.3000000000000003
1700.003219062948,0.5144418,0.11582897733955679,1.5
1701.0032209677188,0.4637298,0.1107286972851486,1.5
1702.00322287249,0.2489319,0.09385689233689996,1.5
1703.0032247772608,0.37239394,0.08466664112024154,1.5
1704.0032266820317,0.14816177,0.08411319925481248,1.5
1705.0032285868028,0.31815365,0.05890102189867463,1.0
1706.0032304915737,0.21576554,0.047744442222058814,11.8
1707.0032323963449,0.19220129,0.0027169215043232418,2.7
1708.0032343011158,0.17480125,0.002736442466804597,2.6
1709.0032362058867,0.3868218,0.001933352428091935,3.0
1710.0032381106578,0.29675823,0.0018089639104103847,1.1
1711.0032400154287,0.23620841,0.003102781098625295,3.0
1712.0032419201996,0.4977085,0.006286167102577003,15.0
1713.0032438249707,0.6369423,0.007571385513553912,15.0
1714.0032457297416,0.5520427,0.008103702210513986,3.5
1715.0032476345125,0.7219675,0.01457678862227213,6.1000000000000005
1716.0032495392836,0.6078123,0.01549674760037269,6.6000000000000005
1717.0032514440545,0.5711331,0.015528829274648522,6.6000000000000005
1718.0032533488254,0.45457757,0.015536064158193877,6.6000000000000005
1719.0032552535965,0.46741948,0.015568130185498725,6.4
1720.0032571583674,0.500787,0.015583938328127664,6.4
1721.0032590631383,0.8422303,0.08492989603063929,1.7000000000000002
1722.0032609679095,0.7658786,0.08502256622275518,1.9000000000000001
1723.0032628726804,0.6159341,0.08500090384202363,1.7000000000000002
1724.0032647774512,0.5988452,0.08497730103774895,2.1
1725.0032666822224,0.5501043,0.09252259419520324,2.1
1726.0032685869933,0.62838846,0.09540266979227552,2.1
1727.0032704917642,0.594589,0.09732849228911344,2.1
1728.0032723965353,0.335151,0.09903637190320039,2.1
1729.0032743013062,0.32161903,0.1008505959757027,2.1
1730.003276206077,0.1729658,0.10972094574318188,2.1
1731.0032781108482,0.37554264,0.07588187084483244,2.1
1732.003280015619,0.573245,0.07828680114437139,2.1
1733.00328192039,0.21770914,0.09109987922409608,2.1
1734.0032838251611,0.2324519,0.09333711746662285,2.1
1735.003285729932,0.14004979,0.10181802951875464,2.4000000000000004
1736.003287634703,0.13103588,0.10262078417449462,2.4000000000000004
1737.003289539474,0.0943263,0.10134803728066401,2.4000000000000004
1738.003291444245,0.37213933,0.09965297681614153,2.4000000000000004
1739.0032933490158,0.5625976,0.0978299919613601,2.4000000000000004
1740.003295253787,0.7092424,0.08776877104130763,1.4000000000000001
1741.0032971585579,0.6954558,0.08380464048049864,2.4000000000000004
1742.0032990633288,0.61032665,0.08127335268034287,2.4000000000000004
1743.0033009681,0.64840025,0.0664973243757706,2.4000000000000004
1744.0033028728708,0.5091404,0.06319634419707168,2.3000000000000003
1745.0033047776417,0.38815913,0.029264485249975932,1.1
1746.0033066824128,0.3465243,0.011414822033565586,0.9
1747.0033085871837,0.5123291,0.007343978345887882,3.8000000000000003
1748.0033104919548,0.61361355,0.011013798143949746,9.8
1749.0033123967257,0.6192906,0.01099068774959713,13.700000000000001
1750.0033143014966,0.57750505,0.010938825905236028,13.700000000000001
1751.0033162062678,0.5566557,0.010844708254469995,13.700000000000001
1752.0033181110387,0.6250524,0.01079921656369735,13.8
1753.0033200158095,0.5314575,0.010773744888131093,13.8
1754.0033219205807,0.5491365,0.01077048006624597,13.8
1755.0033238253516,0.53370374,0.010765512698718498,13.8
1756.0033257301225,0.44513392,0.010763602610924534,13.8
1757.0033276348936,0.21054678,0.00842244859116596,13.8
1758.0033295396645,0.20305313,0.0014508444058977895,15.0
1759.0033314444354,0.18424138,0.0013643936309794586,0.7000000000000001
1760.0033333492065,0.19090723,0.001383734480634292,10.3
1761.0033352539774,0.20163938,0.001346894598124247,0.4
1762.0033371587483,0.19308001,0.0013403541541893843,10.100000000000001
1763.0033390635194,0.19122837,0.0013937015682244061,7.2
1764.0033409682903,0.19095354,0.0014014702570708003,4.4
1765.0033428730612,0.19304179,0.0013975681605688942,10.100000000000001
1766.0033447778324,0.19417258,0.0014323579521580093,4.4
1767.0033466826033,0.20348871,0.0014506970014359255,4.4
1768.0033485873741,0.2121564,0.0014645208038559293,4.4
1769.0033504921453,0.19550768,0.001545268116125562,0.5
1770.0033523969162,0.21336338,0.0017053687020114193,12.100000000000001
1771.003354301687,0.2314783,0.0017481625732625725,12.100000000000001
1772.0033562064582,0.22561511,0.0017554260745879914,12.100000000000001
1773.003358111229,0.20907296,0.0017505141623610791,12.100000000000001
1774.003360016,0.208398,0.0017861234431030071,12.100000000000001
1775.003361920771,0.21070597,0.0018127931251439343,12.100000000000001
1776.003363825542,0.20075452,0.0018281837891054855,12.100000000000001
1777.003365730313,0.19878191,0.0018672121079979867,14.4
1778.003367635084,0.20022185,0.00190200228127937,14.4
1779.003369539855,0.1888752,0.00204449981670234,13.5
1780.0033714446258,0.20392586,0.0019326509345697334,13.5
1781.003373349397,0.19252,0.0019945042531574466,14.3
1782.0033752541678,0.18282083,0.002037670642881003,13.5
1783.0033771589387,0.19830643,0.0021311485186270656,13.5
1784.0033790637099,0.20458886,0.0021496908613763757,14.3
1785.0033809684808,0.5315458,0.004992048542375518,2.4000000000000004
1786.0033828732517,0.6239522,0.005348771881810521,2.4000000000000004
1787.0033847780228,0.7378724,0.005375474966340724,10.0
1788.0033866827937,0.7169142,0.00559281166877364,8.700000000000001
1789.0033885875648,0.73820055,0.00555416082923818,8.700000000000001
1790.0033904923357,0.62804854,0.005597177215520001,9.8
1791.0033923971066,0.6265234,0.0057546687172428425,3.1
1792.0033943018777,0.68447584,0.005773907406813667,3.4000000000000004
1793.0033962066486,0.7374818,0.0058130256983552455,3.1
1794.0033981114195,0.43538105,0.005893346797948543,3.4000000000000004
1795.0034000161907,0.70864916,0.0037743806923747018,13.9
1796.0034019209616,0.5872665,0.003275306299884506,13.9
1797.0034038257324,0.5464287,0.0032281035544050886,13.5
1798.0034057305036,0.28486082,0.0029596868907839488,13.5
1799.0034076352745,0.25472498,0.00292316210760837,13.5
1800.0034095400454,0.21892425,0.002870166856905055,3.4000000000000004
1801.0034114448165,0.29801777,0.0024977992259519483,12.0
1802.0034133495874,0.22269696,0.0024438406532218144,12.8
1803.0034152543583,0.20186523,0.00225396182520498,5.0
1804.0034171591294,0.19625026,0.00196609762100603,12.100000000000001
1805.0034190639003,0.20433788,0.0018524143113067837,10.5
1806.0034209686712,0.19185257,0.0019586574028948736,11.9
1807.0034228734423,0.1917134,0.0021292963131924734,11.9
1808.0034247782132,0.19547965,0.0021434474451089897,12.200000000000001
1809.0034266829841,0.18451577,0.002198692563837469,14.8
1810.0034285877553,0.18708022,0.002383033435648526,9.4
1811.0034304925261,0.17666608,0.0024073214760098084,14.8
1812.003432397297,0.17985162,0.0024918024640031497,10.600000000000001
1813.0034343020682,0.17649633,0.0025104654844863047,10.600000000000001
1814.003436206839,0.16788776,0.002526593036982954,11.200000000000001
1815.00343811161,0.17558226,0.002610535639179776,11.200000000000001
1816.003440016381,0.18652444,0.002573163663420439,11.200000000000001
1817.003441921152,0.18541126,0.002467738079841079,11.200000000000001
1818.003443825923,0.33721003,0.011516817449259515,8.3
1819.003445730694,0.09481569,0.012382078965114778,6.9
1820.003447635465,0.30865812,0.012413627037189118,6.6000000000000005
1821.0034495402358,0.47982138,0.012499147676206114,10.5
1822.003451445007,0.5364316,0.012507327397292512,10.5
1823.0034533497778,0.6122906,0.01927695180437627,2.0
1824.0034552545487,0.57282144,0.02082790112836311,2.4000000000000004
1825.0034571593199,0.61550987,0.020834852378527214,2.6
1826.0034590640907,0.5794074,0.02085675401908666,2.4000000000000004
1827.0034609688616,0.48588175,0.020868038634997824,2.4000000000000004
1828.0034628736328,0.43400973,0.017691754666000262,2.4000000000000004
1829.0034647784037,0.5414269,0.017876291336097874,2.3000000000000003
1830.0034666831748,0.6140463,0.01899261619905308,2.1
1831.0034685879457,0.6485293,0.019214304375888287,2.1
1832.0034704927166,0.39804047,0.019284886651888194,2.1
1833.0034723974877,0.40581575,0.01237386862125463,5.300000000000001
1834.0034743022586,0.34109038,0.00978575256061958,5.1000000000000005
1835.0034762070295,0.49874455,0.00980206785397008,5.1000000000000005
1836.0034781118006,0.559428,0.009802516947667953,5.1000000000000005
1837.0034800165715,0.5863918,0.009821701171636173,5.1000000000000005
1838.0034819213424,0.45328254,0.009598683093340301,5.1000000000000005
1839.0034838261136,0.37290442,0.008109234279108243,4.9
1840.0034857308844,0.21250072,0.004880705154746027,14.600000000000001
1841.0034876356553,0.32847053,0.0036592332967799682,14.600000000000001
1842.0034895404265,0.38222766,0.004035435874129662,10.4
1843.0034914451974,0.40147117,0.004234155555128347,11.4
1844.0034933499683,0.3418241,0.004137544378140516,11.4
1845.0034952547394,0.5001839,0.005769582623182744,15.0
1846.0034971595103,0.39617762,0.007360575198287742,15.0
1847.0034990642812,0.38067567,0.007612679432465847,15.0
1848.0035009690523,0.32068917,0.008226043946276027,15.0
1849.0035028738232,0.3360528,0.009987410761704453,14.4
1850.003504778594,0.4175755,0.02309620221223556,7.0
1851.0035066833652,0.63547105,0.10071840359958739,2.2
1852.0035085881361,0.5970051,0.10103714123839304,2.2
1853.003510492907,0.49766442,0.10300461310868425,2.3000000000000003
1854.0035123976782,0.49244237,0.103085546141173,2.3000000000000003
1855.003514302449,0.55516064,0.10305662531335946,2.3000000000000003
1856.00351620722,0.6627834,0.10331902558037143,2.3000000000000003
1857.003518111991,0.59513605,0.10408434187187872,2.3000000000000003
1858.003520016762,0.735452,0.10427092576998677,2.3000000000000003
1859.0035219215329,0.8705766,0.1043085268999182,2.3000000000000003
1860.003523826304,0.6956841,0.10534876270629427,8.700000000000001
1861.003525731075,0.8069226,0.03881253040863723,3.9000000000000004
1862.0035276358458,0.6731111,0.03804275435100173,8.700000000000001
1863.003529540617,0.7697338,0.032427500469553,4.2
1864.0035314453878,0.6639741,0.032533888696356796,8.700000000000001
1865.0035333501587,0.8455683,0.032598590605926916,4.2
1866.0035352549298,0.692533,0.03144253712239664,4.2
1867.0035371597007,0.71187764,0.028971710315254705,4.2
1868.0035390644716,0.6234257,0.03216578031905331,8.700000000000001
1869.0035409692427,0.7512944,0.10136795773549108,9.200000000000001
1870.0035428740136,0.8484989,0.0981563901989868,2.5
1871.0035447787848,0.7301096,0.0980335217003739,2.5
1872.0035466835557,0.52548695,0.09800641301780179,2.5
1873.0035485883266,0.5733616,0.09793938745812632,2.5
1874.0035504930977,0.6420054,0.0978747771042181,2.5
1875.0035523978686,0.70293957,0.09784468049292336,2.5
1876.0035543026395,0.8002674,0.09787603037693886,2.5
1877.0035562074106,0.7979977,0.09784951346687097,2.5
1878.0035581121815,0.53407764,0.09657321433861693,9.9
1879.0035600169524,0.48497167,0.007695091956057448,12.600000000000001
1880.0035619217235,0.42062736,0.00876062151396882,15.0
1881.0035638264944,0.48458868,0.00889813825090464,11.100000000000001
1882.0035657312653,0.37988302,0.00957990435479496,10.9
1883.0035676360365,0.48873577,0.010902490632038141,10.9
1884.0035695408073,0.46401247,0.010961223192761955,14.700000000000001
1885.0035714455782,0.44102865,0.010787934466117513,14.700000000000001
1886.0035733503494,0.38303402,0.010423168502635985,14.700000000000001
1887.0035752551203,0.41025618,0.010353761894996835,10.9
1888.0035771598912,0.32615784,0.010318372004652212,11.8
1889.0035790646623,0.29671252,0.009009635627088768,14.600000000000001
1890.0035809694332,0.48440066,0.00789220930351878,14.600000000000001
1891.003582874204,0.50280994,0.007346726365596492,14.600000000000001
1892.0035847789752,0.4771724,0.006481626672407418,14.600000000000001
1893.003586683746,0.22581136,0.004156629186029823,10.0
1894.003588588517,0.27514386,0.003656605422090839,14.600000000000001
1895.0035904932881,0.20669162,0.004097368096655528,10.200000000000001
1896.003592398059,0.31285545,0.0041011571208224955,14.600000000000001
1897.00359430283,0.24880464,0.004784561837413489,14.600000000000001
1898.003596207601,0.33565184,0.004830726254589738,10.8
1899.003598112372,0.3780786,0.0049471541632107405,10.8
1900.0036000171428,0.2861251,0.004930639594478526,10.8
1901.003601921914,0.2217441,0.004839700064836253,14.600000000000001
1902.0036038266849,0.1854522,0.004800650091124473,14.600000000000001
1903.0036057314558,0.36922064,0.004652162499592013,14.4
1904.003607636227,0.20640075,0.004454533384874022,10.5
1905.0036095409978,0.23802881,0.006298325338342986,10.700000000000001
1906.0036114457687,0.39957637,0.006758383701904475,10.700000000000001
1907.0036133505398,0.52428806,0.009911799890522413,5.6000000000000005
1908.0036152553107,0.68298405,0.09754519989107127,2.8000000000000003
1909.0036171600816,0.79975724,0.09927662352301214,2.7
1910.0036190648527,0.7585062,0.09956550826675467,2.5
1911.0036209696236,0.7143588,0.0996677393283224,2.5
1912.0036228743948,0.6585614,0.0996818470638162,2.6
1913.0036247791656,0.61009747,0.09976631930967005,2.6
1914.0036266839365,0.5987738,0.10374562328003986,2.5
1915.0036285887077,0.7360112,0.10363368701900523,2.5
1916.0036304934786,0.68934,0.10360080791855245,2.5
1917.0036323982495,0.81352496,0.1033220223805116,2.5
1918.0036343030206,0.6372916,0.03987916173620583,3.3000000000000003
1919.0036362077915,0.66427034,0.03625493382072174,1.5
1920.0036381125624,0.4604946,0.03547579802176496,3.6
1921.0036400173335,0.6124744,0.03518442233507725,3.6
1922.0036419221044,0.578088,0.03513718331466984,3.6
1923.0036438268753,0.4160398,0.03488561427656267,3.6
1924.0036457316464,0.65005183,0.02015358459169842,6.800000000000001
1925.0036476364173,0.7239053,0.020164340991028193,6.800000000000001
1926.0036495411882,0.6511122,0.02016328340929866,6.800000000000001
1927.0036514459593,0.3251,0.020161143685591597,6.5
1928.0036533507302,0.6802814,0.008464852338538994,0.1
1929.0036552555011,0.5020327,0.002719593134496918,6.7
1930.0036571602723,0.5690859,0.002465194354655584,10.5
1931.0036590650432,0.4627242,0.002382780201686919,14.9
1932.003660969814,0.58965653,0.0023965258871105274,10.5
1933.0036628745852,0.51273435,0.002371930097643046,14.9
1934.003664779356,0.2621716,0.0023908740361829896,14.9
1935.003666684127,0.29623142,0.002346192242206322,14.9
1936.003668588898,0.21759112,0.0023486284353544367,14.8
1937.003670493669,0.2712457,0.0022512138727695183,15.0
1938.00367239844,0.19969033,0.0022668922074166073,13.8
1939.003674303211,0.22219652,0.0022204700095321945,13.8
1940.003676207982,0.23632942,0.0020582788418805837,13.8
1941.0036781127528,0.19119509,0.002028101866277384,13.8
1942.003680017524,0.18872294,0.002133526838791328,13.8
1943.0036819222948,0.17729326,0.0022512712402093992,13.8
1944.0036838270657,0.17431597,0.0023333781107735476,11.700000000000001
1945.0036857318369,0.19990502,0.002493413339280249,15.0
1946.0036876366078,0.16462405,0.0024898228032611664,15.0
1947.0036895413787,0.16123578,0.0025709776659003734,15.0
1948.0036914461498,0.20687932,0.002543636018611575,15.0
1949.0036933509207,0.23534696,0.0024856897730393124,15.0
1950.0036952556916,0.17462222,0.0025116020246881625,15.0
1951.0036971604627,0.15923811,0.002510917941578831,15.0
1952.0036990652336,0.24029852,0.002391191760907625,15.0
1953.0037009700047,0.29095662,0.002277705952233037,13.3
1954.0037028747756,0.1964646,0.002121710267480802,10.8
1955.0037047795465,0.18398759,0.0019457325731383453,9.0
1956.0037066843176,0.19465637,0.0019229851796336145,8.0
1957.0037085890885,0.38129833,0.004708741660519342,10.700000000000001
1958.0037104938594,0.60632646,0.026908411075673076,4.6000000000000005
1959.0037123986306,0.6384227,0.02720383027160782,4.4
1960.0037143034015,0.6912776,0.02722958521622805,4.4
1961.0037162081724,0.6884097,0.028796978190169985,4.6000000000000005
1962.0037181129435,0.6987128,0.0307656717311328,8.200000000000001
1963.0037200177144,0.78709644,0.030928484677799697,8.200000000000001
1964.0037219224853,0.6444526,0.031100692433971098,8.200000000000001
1965.0037238272564,0.49212682,0.031769328377922366,8.200000000000001
1966.0037257320273,0.21072549,0.031835954905584066,8.200000000000001
1967.0037276367982,0.32874063,0.031556621221708075,8.200000000000001
1968.0037295415693,0.2970958,0.017181844585193676,8.5
1969.0037314463402,0.43271,0.016730969423328485,8.5
1970.0037333511111,0.5568688,0.01668702028723622,8.5
1971.0037352558822,0.66272277,0.05454128717458263,1.5
1972.0037371606531,0.6905522,0.12945026209455812,2.0
1973.003739065424,0.6947875,0.13263195429359664,2.0
1974.0037409701952,0.6281759,0.13263141136888257,2.0
1975.003742874966,0.48079765,0.132584754446609,2.0
1976.003744779737,0.49614292,0.1325782525427459,2.0
1977.003746684508,0.49267754,0.1325666283359992,2.0
1978.003748589279,0.53085274,0.1351013510891203,1.9000000000000001
1979.0037504940499,0.75036263,0.15001480705568643,1.2000000000000002
1980.003752398821,0.5103926,0.15328772180080197,1.2000000000000002
1981.003754303592,0.53469545,0.14422508079432828,0.8
1982.0037562083628,0.5048575,0.08689849550827522,0.9
1983.003758113134,0.66490185,0.08601531674962659,0.9
1984.0037600179048,0.7479219,0.0858270423971128,0.9
1985.0037619226757,0.784487,0.0856389832273955,0.9
1986.0037638274468,0.8741969,0.08604403357737762,0.9
1987.0037657322177,0.7854193,0.0877388965328961,0.9
1988.0037676369886,0.79190725,0.08339985486734655,1.2000000000000002
1989.0037695417598,0.70444214,0.05209401608006102,5.300000000000001
1990.0037714465307,0.43709296,0.040994138161354506,3.1
1991.0037733513016,0.45908427,0.04094977807678278,3.1
1992.0037752560727,0.5051827,0.03404072004737915,3.1
1993.0037771608436,0.39253673,0.02061876164097085,6.7
1994.0037790656147,0.46435913,0.020627017115883797,6.7
1995.0037809703856,0.33805317,0.020629874773847867,6.7
1996.0037828751565,0.50978637,0.018748807505822054,7.300000000000001
1997.0037847799276,0.49265677,0.009577174339927668,6.7
1998.0037866846985,0.5967996,0.011461158976005024,6.7
1999.0037885894694,0.62585974,0.01135288218069896,6.7
2000.0037904942405,0.4990973,0.009269278605293385,4.1000000000000005
2001.0037923990114,0.6621363,0.009182483816672997,4.1000000000000005
2002.0037943037823,0.7060611,0.009304191711842356,6.800000000000001
2003.0037962085535,0.59865683,0.009369331150556727,4.1000000000000005
2004.0037981133244,0.6081976,0.009418363817464664,8.5
2005.0038000180953,0.5380317,0.010111829867991553,4.3
2006.0038019228664,0.53637,0.010532813729094887,4.0
2007.0038038276373,0.65506166,0.010527479410401998,9.600000000000001
2008.0038057324082,0.6380897,0.008707044952645864,9.8
2009.0038076371793,0.54258925,0.008824793487580859,9.8
2010.0038095419502,0.70689756,0.010605721868723213,9.8
2011.003811446721,0.6642909,0.010635257867873622,9.8
2012.0038133514922,0.599486,0.01603656553465786,1.5
2013.0038152562631,0.8345302,0.029262030610250588,2.7
2014.003817161034,0.64733654,0.04753524631055244,2.0
2015.0038190658051,0.7124746,0.0476678097409037,2.0
2016.003820970576,0.8182098,0.04762092392014582,2.0
2017.003822875347,0.78590715,0.04728544778377501,2.0
2018.003824780118,0.7631837,0.04726175560974656,2.0
2019.003826684889,0.5856062,0.04730748190812512,2.0
2020.0038285896599,0.62553173,0.047042869526857524,2.1
2021.003830494431,0.78255343,0.04705679779658936,2.1
2022.0038323992019,0.7559582,0.04546596758603431,2.2
2023.0038343039728,0.83304036,0.038355635927164816,1.7000000000000002
2024.003836208744,0.58906955,0.008148176085805725,11.4
2025.0038381135148,0.5056422,0.006975396359957932,7.9
2026.0038400182857,0.5892354,0.007393143040941232,7.9
2027.0038419230568,0.60677755,0.008154308953124407,6.0
2028.0038438278277,0.49689955,0.009161514164908457,2.7
2029.0038457325986,0.38023883,0.011082847790387373,3.9000000000000004
2030.0038476373697,0.3281597,0.011618303177288751,10.8
2031.0038495421406,0.4281534,0.01272800152098569,3.9000000000000004
2032.0038514469115,0.17126997,0.013300466106383448,12.5
2033.0038533516827,0.21822667,0.014343211298469643,12.5
2034.0038552564536,0.1301004,0.015322780692959814,12.5
2035.0038571612247,0.17981416,0.01675837887550449,12.5
2036.0038590659956,0.23552896,0.016552489661505698,12.5
2037.0038609707665,0.38243902,0.016373610342564203,3.4000000000000004
2038.0038628755376,0.18791556,0.017602401935677553,3.5
2039.0038647803085,0.14294045,0.016404149276606883,3.5
2040.0038666850794,0.23757125,0.01572716004141892,3.5
2041.0038685898505,0.6101041,0.014813959234461714,3.5
2042.0038704946214,0.45523238,0.014187758368186773,3.5
2043.0038723993923,0.61519396,0.013169976822358617,2.3000000000000003
2044.0038743041634,0.54357225,0.011981638821158717,2.3000000000000003
2045.0038762089343,0.61133426,0.009325185982364361,2.3000000000000003
2046.0038781137052,0.35725945,0.009033769905733516,2.3000000000000003
2047.0038800184764,0.42622447,0.00875438452333168,2.3000000000000003
2048.0038819232473,0.4653463,0.004079248586039223,11.600000000000001
2049.003883828018,0.47433043,0.0035863839875388444,11.600000000000001
2050.003885732789,0.26759478,0.0036326137069617385,11.600000000000001
2051.00388763756,0.3729206,0.00359209772704585,10.5
2052.0038895423313,0.19815786,0.0036837207755790946,10.9
2053.0038914471024,0.19800608,0.0037034267158283837,10.9
2054.003893351873,0.25371096,0.05311939144761037,1.7000000000000002
2055.003895256644,0.3938751,0.07275009545770705,2.1
2056.003897161415,0.3096628,0.09920997633573851,1.5
2057.003899066186,0.20048015,0.126091511304283,2.3000000000000003
2058.003900970957,0.3048354,0.12935647819267473,2.3000000000000003
2059.003902875728,0.51121485,0.13512197677855958,2.3000000000000003
2060.003904780499,0.45157638,0.15248039044262357,2.0
2061.00390668527,0.5760208,0.15865953585976497,1.5
2062.0039085900407,0.5259119,0.17473401800424618,1.5
2063.003910494812,0.2646404,0.1844256109294699,1.8
2064.003912399583,0.3111358,0.1827277841709177,1.8
2065.0039143043537,0.27348238,0.18113762182073184,1.8
2066.003916209125,0.39853445,0.17471634471047165,1.8
2067.003918113896,0.28249562,0.15876207566267753,1.8
2068.0039200186666,0.4286252,0.15825080449962456,1.8
2069.0039219234377,0.39661902,0.15491829774070293,1.8
2070.003923828209,0.40857843,0.14190793206591357,0.8
2071.0039257329795,0.52932096,0.13973139215294988,0.8
2072.0039276377506,0.7290312,0.1199745134241695,0.5
2073.0039295425217,0.8772559,0.14893018103508152,1.2000000000000002
2074.0039314472924,0.81957304,0.1524938753472769,0.9
2075.0039333520635,0.7334647,0.14856445384004244,0.9
2076.0039352568347,0.5666619,0.15014570367691576,0.9
2077.0039371616053,0.49760374,0.1481619860678576,0.9
2078.0039390663765,0.5130097,0.14632087395064536,0.9
2079.0039409711476,0.5960492,0.1449063351014975,1.0
2080.0039428759183,0.492851,0.14094510592867612,1.0
2081.0039447806894,0.4131069,0.1362651098236339,1.0
2082.0039466854605,0.68914944,0.13551489917921064,1.0
2083.003948590231,0.70709115,0.08439178832966253,1.8
2084.0039504950023,0.64258355,0.0626125420376407,1.7000000000000002
2085.0039523997734,0.7467459,0.05491264691917285,1.8
2086.003954304544,0.257907,0.018952373256558075,4.2
2087.003956209315,0.46969894,0.014135179724820332,4.2
2088.0039581140863,0.44209996,0.0134989885312854,4.2
2089.003960018857,0.41240385,0.015673296062249306,10.100000000000001
2090.003961923628,0.2547734,0.016453940583640855,6.7
2091.0039638283993,0.24021815,0.01855459000128797,6.7
2092.00396573317,0.3891418,0.019076784359460957,6.7
2093.003967637941,0.4118849,0.018023563731421634,2.6
2094.003969542712,0.3141296,0.018334101191980822,2.6
2095.0039714474833,0.36532837,0.018051300910809927,2.6
2096.003973352254,0.30042076,0.018028946162216147,2.6
2097.003975257025,0.44665012,0.017849295926670335,2.6
2098.0039771617962,0.4995083,0.018228621893705787,2.6
2099.003979066567,0.3443692,0.01891367613729466,4.5
2100.003980971338,0.4735581,0.01847069322050403,4.5
2101.003982876109,0.38781342,0.01611452471200734,4.1000000000000005
2102.00398478088,0.47299397,0.01504248116040741,4.3
2103.003986685651,0.5063314,0.01426903503770602,4.3
2104.003988590422,0.3210763,0.01417384723390801,4.4
2105.0039904951927,0.3893529,0.014007825347050874,4.4
2106.003992399964,0.18902427,0.014163180150695837,4.2
2107.003994304735,0.40023133,0.014282283423882882,4.4
2108.0039962095057,0.30309802,0.01391138673217595,2.4000000000000004
2109.003998114277,0.2371989,0.009679867775866477,10.4
2110.004000019048,0.44845256,0.009282379800234013,2.4000000000000004
2111.0040019238186,0.5491645,0.01232674897854739,11.100000000000001
2112.0040038285897,0.4022312,0.015681137973959213,10.4
2113.004005733361,0.36811924,0.015844550746573653,10.8
2114.0040076381315,0.5090338,0.015383305609199966,3.2
2115.0040095429026,0.5882835,0.015422985181551132,3.2
2116.0040114476737,0.40278837,0.015228549144857457,12.200000000000001
2117.0040133524444,0.29384366,0.015090365514792153,12.200000000000001
2118.0040152572155,0.53629476,0.014902895936478094,3.1
2119.0040171619867,0.35170278,0.015318911500629513,13.200000000000001
2120.0040190667573,0.5254403,0.01891934017275642,11.200000000000001
2121.0040209715285,0.52477455,0.01719080734831966,11.200000000000001
2122.0040228762996,0.7146425,0.01720900556901158,11.200000000000001
2123.0040247810703,0.63257736,0.017853295704350357,11.700000000000001
2124.0040266858414,0.505538,0.018031503552122078,11.700000000000001
2125.0040285906125,0.37383306,0.0190244330603833,11.700000000000001
2126.004030495383,0.42060447,0.019687283651603483,11.700000000000001
2127.0040324001543,0.4371718,0.020771424410232005,11.700000000000001
2128.0040343049254,0.64087653,0.021148975378527543,11.700000000000001
2129.004036209696,0.3473309,0.020728796021872647,11.700000000000001
2130.004038114467,0.22143579,0.01745269856801079,11.700000000000001
2131.0040400192383,0.24612622,0.0169493300730149,3.3000000000000003
2132.004041924009,0.6423107,0.013398022777482822,3.3000000000000003
2133.00404382878,0.57575333,0.011834245460444301,3.2
2134.0040457335513,0.34786633,0.011531243515836391,3.2
2135.004047638322,0.41759914,0.009745489583865445,3.1
2136.004049543093,0.16584401,0.008160454315985683,5.4
2137.004051447864,0.33270124,0.004705143534740592,10.8
2138.004053352635,0.22067255,0.0023976558050088415,10.5
2139.004055257406,0.16317074,0.002363859351155449,13.3
2140.004057162177,0.16410199,0.0023783596680876347,13.4
2141.004059066948,0.14811277,0.0023844761182460756,13.4
2142.004060971719,0.1487365,0.0023412065745081123,13.4
2143.00406287649,0.16305411,0.0021918992210035403,13.3
2144.0040647812607,0.16360104,0.00205394749139658,13.3
2145.004066686032,0.17839701,0.0019054068860124415,13.4
2146.004068590803,0.19067568,0.0018688377095179471,12.8
2147.0040704955736,0.19233608,0.0018423171107469845,12.200000000000001
2148.0040724003447,0.19290492,0.0017969510664265845,13.600000000000001
2149.004074305116,0.1785382,0.001792703777317655,3.2
2150.0040762098865,0.19924127,0.0017798758836707145,12.100000000000001
2151.0040781146577,0.18769976,0.002039007261585445,12.0
2152.004080019429,0.1807733,0.0021221662258456044,12.100000000000001
2153.0040819241995,0.17485958,0.002162802194119049,12.100000000000001
2154.0040838289706,0.32260603,0.0021207037843171965,12.100000000000001
2155.0040857337417,0.24822515,0.0022551451581314676,12.100000000000001
2156.0040876385124,0.3969437,0.0031833037537820678,7.9
2157.0040895432835,0.6527213,0.006110390849238491,3.0
2158.0040914480546,0.610465,0.006336567304047446,11.5
2159.0040933528253,0.62281626,0.006816745840803358,11.3
2160.0040952575964,0.5037614,0.006830453249865736,11.3
2161.0040971623675,0.5178029,0.006747003113657974,11.200000000000001
2162.004099067138,0.532172,0.006717664180961,11.200000000000001
2163.0041009719093,0.5706259,0.006706980946039994,11.200000000000001
2164.0041028766805,0.5071884,0.0067095183407780866,10.4
2165.004104781451,0.4526725,0.006672322209253011,11.3
2166.0041066862223,0.26816118,0.006300798317981113,11.3
2167.0041085909934,0.4389402,0.0035273630113854077,10.600000000000001
2168.004110495764,0.20099145,0.003118488162190577,10.600000000000001
2169.004112400535,0.21397756,0.0018547088911844438,10.600000000000001
2170.0041143053063,0.21891533,0.0017680213364415335,10.600000000000001
2171.004116210077,0.23715506,0.0017826585163706588,10.600000000000001
2172.004118114848,0.21630235,0.001814640103046611,10.600000000000001
2173.004120019619,0.2246939,0.001845849271614833,10.100000000000001
2174.00412192439,0.22510932,0.0018478908824405,13.700000000000001
2175.004123829161,0.2337929,0.0018298560991939334,13.700000000000001
2176.004125733932,0.21234615,0.0017501529386391935,13.700000000000001
2177.0041276387033,0.23241061,0.0017134157774282592,13.700000000000001
2178.004129543474,0.2048442,0.0018607641668070846,10.200000000000001
2179.004131448245,0.17817491,0.0019038466939599306,14.200000000000001
2180.004133353016,0.1723015,0.0019248340258759089,14.200000000000001
2181.004135257787,0.18196627,0.001932490561902149,13.700000000000001
2182.004137162558,0.1595764,0.002266980382281659,13.700000000000001
2183.004139067329,0.15896247,0.002437792511686326,11.100000000000001
2184.0041409721,0.15312904,0.0025420896368872864,11.100000000000001
2185.004142876871,0.21469396,0.002698242690532876,11.100000000000001
2186.004144781642,0.40502033,0.003126330885604069,11.100000000000001
2187.0041466864127,0.64874,0.003928388899007296,11.100000000000001
2188.004148591184,0.58310676,0.003892677383455883,11.100000000000001
2189.004150495955,0.56972665,0.003899975819655841,11.100000000000001
2190.0041524007256,0.5957069,0.0039036484779510668,11.100000000000001
2191.0041543054967,0.6050221,0.003908262746493101,11.100000000000001
2192.004156210268,0.56758076,0.003747448290313081,11.100000000000001
2193.0041581150385,0.575154,0.0036245069057997807,2.4000000000000004
2194.0041600198097,0.6646218,0.003618408954152225,11.600000000000001
2195.004161924581,0.52608526,0.003515977542882046,2.4000000000000004
2196.0041638293515,0.28370464,0.0031195667708710873,9.5
2197.0041657341226,0.32448643,0.0020739177334221726,9.5
2198.0041676388937,0.17946054,0.0019597947332825197,9.5
2199.0041695436644,0.1995656,0.0018619594453515604,9.5
2200.0041714484355,0.1668663,0.0018678024951199379,9.5
2201.0041733532066,0.16842455,0.00184093282751088,9.5
2202.0041752579773,0.5016322,0.002088480585660035,9.5
2203.0041771627484,0.3106917,0.002124248329806473,9.5
2204.0041790675195,0.24012144,0.0021136552213015867,10.3
2205.00418097229,0.20092823,0.002116712127625715,9.700000000000001
2206.0041828770613,0.20567037,0.00218237657327803,9.700000000000001
2207.0041847818325,0.18414655,0.0022268469652604126,10.200000000000001
2208.004186686603,0.19185847,0.0022867693416049398,10.200000000000001
2209.0041885913743,0.20660816,0.0023350403149744073,10.200000000000001
2210.0041904961454,0.21599308,0.002345378039029935,10.200000000000001
2211.004192400916,0.19247255,0.0024197920010959667,9.8
2212.004194305687,0.14765704,0.0021855744723730352,13.0
2213.0041962104583,0.1629588,0.002199082512142182,13.0
2214.004198115229,0.16258192,0.0022761966855932864,13.0
2215.00420002,0.18620342,0.002383941846997416,10.100000000000001
2216.004201924771,0.31301233,0.002353549626456277,10.100000000000001
2217.004203829542,0.33249417,0.0022990395673989786,10.100000000000001
2218.004205734313,0.51987135,0.0036020796043126023,13.600000000000001
2219.004207639084,0.3679331,0.007080516446165609,13.600000000000001
2220.004209543855,0.48119906,0.007114067524391062,13.8
2221.004211448626,0.42913896,0.007100002022227122,13.8
2222.004213353397,0.28309634,0.007109374628926783,13.8
2223.0042152581677,0.27509555,0.007106631847179756,13.0
2224.004217162939,0.37583902,0.0070429616571283694,13.700000000000001
2225.00421906771,0.374617,0.006986510005374778,13.700000000000001
2226.0042209724807,0.17794098,0.006980808154451429,13.700000000000001
2227.004222877252,0.31418094,0.006964292928827169,14.4
2228.004224782023,0.1618077,0.006372869373032593,14.8
2229.0042266867936,0.2584285,0.0018082251301622145,13.4
2230.0042285915647,0.21691553,0.0016315714245529482,14.600000000000001
2231.004230496336,0.20894952,0.0015820573789013766,14.600000000000001
2232.0042324011065,0.22307912,0.0015337078329577174,14.600000000000001
2233.0042343058776,0.23510139,0.0014369039581509536,5.9
2234.0042362106487,0.22475606,0.001484167208440825,5.9
2235.0042381154194,0.39026996,0.05541675689867317,0.2
2236.0042400201905,0.14188895,0.07060598503510743,1.6
2237.0042419249617,0.1460443,0.07069352731338713,1.6
2238.0042438297323,0.20708199,0.07080388659204923,1.7000000000000002
2239.0042457345035,0.18363732,0.07097573720189707,1.8
2240.0042476392746,0.18600325,0.07117574578491571,1.8
2241.0042495440453,0.37118965,0.07182044105798566,1.8
2242.0042514488164,0.7281622,0.07199498253054079,1.6
2243.0042533535875,0.7356146,0.07215494399411665,1.8
2244.004255258358,0.8470908,0.07221400181704493,1.8
2245.0042571631293,0.7512085,0.04627073051616621,0.5
2246.0042590679004,0.7508248,0.0172805572706148,0.8
2247.004260972671,0.8397131,0.01726829077146495,0.8
2248.004262877442,0.9120956,0.017019027563202737,0.8
2249.0042647822133,0.95402443,0.0163054903392808,0.8
2250.004266686984,0.9655546,0.015427026108936275,1.9000000000000001
2251.004268591755,0.9812712,0.012967994621116892,9.8
2252.0042704965263,0.99314874,0.011980127376268841,9.8
2253.004272401297,0.9960139,0.011101719284586767,9.8
2254.004274306068,0.9948266,0.010769277502179639,9.8
2255.004276210839,0.99049777,0.009761434249044736,12.700000000000001
2256.00427811561,0.99135864,0.008293165711462503,13.8
2257.004280020381,0.99461836,0.00869688612508214,9.200000000000001
2258.004281925152,0.9853059,0.00881116708521928,6.9
2259.004283829923,0.9646896,0.00964795167067855,1.7000000000000002
2260.004285734694,0.966784,0.009700716904576141,1.7000000000000002
2261.004287639465,0.97944915,0.008541292380930337,1.7000000000000002
2262.004289544236,0.98084944,0.008489052023159182,1.7000000000000002
2263.004291449007,0.9833692,0.008218529328422423,1.7000000000000002
2264.004293353778,0.98483664,0.00812080809353334,1.7000000000000002
2265.004295258549,0.9881436,0.007716897301625907,11.0
2266.0042971633197,0.98869354,0.007202523650612478,5.4
2267.004299068091,0.9879424,0.005811576162412651,5.4
2268.004300972862,0.9578798,0.005970494304017945,9.600000000000001
2269.0043028776327,0.9844439,0.004631630424201392,8.5
2270.004304782404,0.98021096,0.004919156881494698,8.6
2271.004306687175,0.98152804,0.004932496037185032,9.600000000000001
2272.0043085919456,0.9834419,0.006526673412749725,2.3000000000000003
2273.0043104967167,0.98880225,0.012423610897650785,0.8
2274.004312401488,0.98631394,0.014083528996189075,2.3000000000000003
2275.0043143062585,0.9699608,0.014201876456141588,2.3000000000000003
2276.0043162110296,0.98247045,0.014223066289377367,2.3000000000000003
2277.0043181158007,0.9865313,0.043301632698919644,0.1
2278.0043200205714,0.9890999,0.07539430299310194,1.2000000000000002
2279.0043219253425,0.9903003,0.07542349279827387,1.2000000000000002
2280.0043238301137,0.9626324,0.075457003977225,1.2000000000000002
2281.0043257348843,0.8879975,0.07547493113580891,1.2000000000000002
2282.0043276396555,0.58754253,0.07537679756180965,1.2000000000000002
2283.0043295444266,0.7012322,0.07465555773423471,1.2000000000000002
2284.0043314491973,0.8709346,0.0743714228982104,1.3
2285.0043333539684,0.6277561,0.07437951456462011,1.3
2286.0043352587395,0.70830524,0.07448885190409639,1.3
2287.00433716351,0.62431985,0.06226866207599328,0.9
2288.0043390682813,0.5793331,0.011339441356563208,4.1000000000000005
2289.0043409730524,0.69625556,0.01951908478661553,3.2
2290.004342877823,0.6487894,0.031705962067565784,2.5
2291.004344782594,0.61957264,0.03179084906366832,2.4000000000000004
2292.0043466873653,0.57729197,0.031790551020853694,2.4000000000000004
2293.004348592136,0.5529552,0.031915721635137416,2.4000000000000004
2294.004350496907,0.40829897,0.03269921392120809,2.4000000000000004
2295.0043524016783,0.35072032,0.03264293079766169,2.4000000000000004
2296.004354306449,0.3680181,0.0323996759424272,2.4000000000000004
2297.00435621122,0.45163554,0.03177922041821933,2.6
2298.004358115991,0.37663308,0.03142796883916207,2.9000000000000004
2299.004360020762,0.50687206,0.026993031312951107,2.9000000000000004
2300.004361925533,0.39015755,0.01004602620039889,2.9000000000000004
2301.004363830304,0.40984875,0.009804909528010186,5.4
2302.0043657350748,0.26049584,0.010048954396991341,13.700000000000001
2303.004367639846,0.21560544,0.009664453062024944,3.7
2304.004369544617,0.40468338,0.0103647914996807,11.200000000000001
2305.0043714493877,0.22966407,0.010808122847707971,11.200000000000001
2306.004373354159,0.41828483,0.011367802009504022,3.0
2307.00437525893,0.35409868,0.011343442852086048,6.300000000000001
2308.0043771637006,0.48764333,0.011001833283585066,3.2
2309.0043790684717,0.48039335,0.01097009478398116,3.2
2310.004380973243,0.6138562,0.010788684083879393,3.2
2311.0043828780135,0.6621156,0.011079707196377252,11.0
2312.0043847827847,0.5827733,0.010751624444277469,11.0
2313.004386687556,0.6536877,0.010739893524375854,11.3
2314.0043885923264,0.6802805,0.00700895144990164,13.5
2315.0043904970976,0.6909088,0.006430000645365229,13.5
2316.0043924018687,0.4725008,0.0053201453543634805,11.3
2317.0043943066394,0.46575737,0.0046008248908039244,11.3
2318.0043962114105,0.5427548,0.004506928473744749,11.3
2319.0043981161816,0.49532917,0.004483943250980109,11.3
2320.0044000209523,0.3972995,0.00416845153315884,9.9
2321.0044019257234,0.24943525,0.0027951067969316404,6.2
2322.0044038304945,0.2459911,0.0028679239232550576,6.2
2323.004405735265,0.45545062,0.006239413224311417,15.0
2324.0044076400363,0.23373349,0.006358849314691668,2.3000000000000003
2325.0044095448075,0.427259,0.00620273758974402,2.3000000000000003
2326.004411449578,0.6181523,0.006260567336582825,2.3000000000000003
2327.0044133543493,0.6939527,0.006296064288374765,2.3000000000000003
2328.0044152591204,0.64535666,0.00630447117534487,2.3000000000000003
2329.004417163891,0.661826,0.0063077688201662735,2.3000000000000003
2330.004419068662,0.71825653,0.006321207855012843,2.3000000000000003
2331.0044209734333,0.71291757,0.00630484743869871,2.3000000000000003
2332.004422878204,0.5749941,0.006266721948852074,2.3000000000000003
2333.004424782975,0.49399775,0.002619968679939626,9.5
2334.004426687746,0.48521146,0.0022765519799309514,12.8
2335.004428592517,0.43173948,0.0023148548106570353,8.8
2336.004430497288,0.1563929,0.002201825071287572,8.8
2337.004432402059,0.14483815,0.00228186565820235,13.4
2338.00443430683,0.13433191,0.00231670088911542,13.8
2339.004436211601,0.13567983,0.0022820224578037293,13.8
2340.004438116372,0.13703303,0.0022997147229042725,13.100000000000001
2341.004440021143,0.1354097,0.0023554848040717247,13.100000000000001
2342.004441925914,0.15423945,0.0024654891783778,9.600000000000001
2343.004443830685,0.14890854,0.0026147761064226056,13.5
2344.004445735456,0.14601602,0.002684066438185035,14.100000000000001
2345.0044476402268,0.14905804,0.0026330297901653887,14.100000000000001
2346.004449544998,0.1460617,0.0026434942385405824,13.700000000000001
2347.004451449769,0.14842603,0.0025222725362262894,13.700000000000001
2348.0044533545397,0.13708541,0.0024813313026540197,10.100000000000001
2349.004455259311,0.14264058,0.002484866458775609,10.100000000000001
2350.004457164082,0.14308368,0.002462990352890032,10.100000000000001
2351.0044590688526,0.14341837,0.002451714466435082,10.100000000000001
2352.0044609736237,0.1377702,0.002329844475814432,10.100000000000001
2353.004462878395,0.15057327,0.0021590857642909416,8.1
2354.0044647831655,0.15433656,0.0019798406608299616,14.700000000000001
2355.0044666879367,0.16975625,0.002067729876425099,9.4
2356.004468592708,0.15660565,0.001986755480544549,9.4
2357.0044704974785,0.16975515,0.001919130721296473,12.8
2358.0044724022496,0.16874683,0.001958911411203848,10.8
2359.0044743070207,0.15105103,0.002006770108009009,13.5
2360.0044762117914,0.16420054,0.0025728471615183786,13.700000000000001
2361.0044781165625,0.17084505,0.0025911069384291934,13.700000000000001
2362.0044800213336,0.16482234,0.0027532907640141933,12.100000000000001
2363.0044819261043,0.17273854,0.0028044198462913237,12.100000000000001
2364.0044838308754,0.1823211,0.0028174406267306765,12.100000000000001
2365.0044857356465,0.16417557,0.002700165567244874,12.100000000000001
2366.004487640417,0.17564315,0.002708642238082163,12.100000000000001
2367.0044895451883,0.17206037,0.0027408088858550876,12.100000000000001
2368.0044914499595,0.19324352,0.002723791927533722,12.100000000000001
2369.00449335473,0.22461347,0.002662114084138931,12.100000000000001
2370.0044952595013,0.22738469,0.0020964265972288555,12.100000000000001
2371.0044971642724,0.4171809,0.002142140736672981,11.9
2372.004499069043,0.22583959,0.0020431372669380515,10.600000000000001
2373.004500973814,0.20306331,0.0019301589294890298,10.3
2374.0045028785853,0.19882414,0.0018792296650111037,12.0
2375.004504783356,0.1822457,0.0018827193954268782,8.1
2376.004506688127,0.19632025,0.0019627509778722095,12.4
2377.004508592898,0.20317891,0.001937422804823561,13.700000000000001
2378.004510497669,0.1855058,0.0018599453558547916,12.4
2379.00451240244,0.19339646,0.0018373140202551858,12.4
2380.004514307211,0.19352865,0.0018267039958400587,2.6
2381.004516211982,0.23225164,0.0017480420240837023,10.8
2382.004518116753,0.20188196,0.0016183532684276225,10.8
2383.004520021524,0.21572642,0.0016681495122960203,10.8
2384.0045219262947,0.20680133,0.0016867387666188768,10.8
2385.004523831066,0.19123295,0.001712988444214635,10.8
2386.004525735837,0.19053295,0.0016657467687266193,10.9
2387.0045276406076,0.19039865,0.0016925828524744669,10.9
2388.004529545379,0.16552825,0.0018260614335141863,10.9
2389.00453145015,0.16786034,0.001930343138645971,10.9
2390.0045333549206,0.14813364,0.0021329200834959115,10.9
2391.0045352596917,0.17648536,0.0024425302493555883,8.1
2392.004537164463,0.17311163,0.0025695839526826626,14.8
2393.0045390692335,0.3162703,0.0030655958891654383,8.1
2394.0045409740046,0.4445535,0.00320386284393413,8.1
2395.0045428787757,0.55453223,0.003247568099595188,8.1
2396.0045447835464,0.5943652,0.0032698494813595443,8.1
2397.0045466883175,0.54398006,0.003296208078368365,10.4
2398.0045485930887,0.5638253,0.0032326330012865385,8.1
2399.0045504978593,0.63233155,0.0032173342194692623,10.4
2400.0045524026305,0.61505055,0.0030900275424675496,10.4
2401.0045543074016,0.6433237,0.002938122235015801,10.4
2402.0045562121722,0.62594134,0.002850193212630497,12.700000000000001
2403.0045581169434,0.26147717,0.0023365026823051888,9.700000000000001
2404.0045600217145,0.6042393,0.002311506899490461,11.200000000000001
2405.004561926485,0.34676307,0.00227557913030574,11.200000000000001
2406.0045638312563,0.30846182,0.0021847847629977634,11.200000000000001
2407.0045657360274,0.31988487,0.002132569959942675,15.0
2408.004567640798,0.34966895,0.0021700549590276644,15.0
2409.004569545569,0.47909382,0.0021896747410558824,15.0
2410.0045714503403,0.37291154,0.002188582195943584,11.700000000000001
2411.004573355111,0.38986912,0.0020436047272623867,2.2
2412.004575259882,0.32677954,0.0020483845057189115,2.2
2413.0045771646533,0.35929644,0.0020144651524337575,10.3
2414.004579069424,0.32355404,0.0018313683752559273,10.3
2415.004580974195,0.24753532,0.0018216977775359544,7.9
2416.004582878966,0.23612927,0.0018239913648006834,7.9
2417.004584783737,0.18851957,0.001987592280965075,10.3
2418.004586688508,0.2023104,0.001960376285838625,13.4
2419.004588593279,0.3428462,0.0021847782949480153,13.8
2420.0045904980498,0.47381377,0.0022237329034202257,13.8
2421.004592402821,0.51636106,0.0022090129558358295,13.8
2422.004594307592,0.2654755,0.00223905817434485,13.3
2423.004596212363,0.19820009,0.0022719594379937745,13.3
2424.004598117134,0.22414704,0.0023647299070631766,13.3
2425.004600021905,0.2135735,0.0023840029159388587,13.3
2426.004601926676,0.19980612,0.0025197407060944263,13.3
2427.0046038314467,0.19551428,0.002473914282717641,13.3
2428.004605736218,0.30597645,0.002503120845410248,13.3
2429.004607640989,0.3110232,0.0022334094175401895,15.0
2430.0046095457596,0.19439964,0.0021721972463643333,8.700000000000001
2431.004611450531,0.19227917,0.0021929916900882817,15.0
2432.004613355302,0.18630755,0.0021080686384835194,15.0
2433.0046152600726,0.18561643,0.0020516888964802597,10.9
2434.0046171648437,0.18779092,0.0019797157995670744,10.9
2435.004619069615,0.19970594,0.0019219529413172615,4.9
2436.0046209743855,0.19577423,0.001748183734511688,3.7
2437.0046228791566,0.230383,0.0016308510319576505,3.7
2438.0046247839277,0.29962194,0.0015676311987032282,1.0
2439.0046266886984,0.29383308,0.0015811268722198118,1.0
2440.0046285934695,0.24646904,0.0016806030171944968,1.0
2441.0046304982407,0.22598171,0.001647542289375088,9.700000000000001
2442.0046324030113,0.22078805,0.0017141891868267302,9.700000000000001
2443.0046343077825,0.22296631,0.0017863947696352097,3.9000000000000004
2444.0046362125536,0.22548065,0.0018032778528875267,3.9000000000000004
2445.0046381173242,0.22249767,0.0018546411276765286,15.0
2446.0046400220954,0.22746001,0.0018329189430813147,15.0
2447.0046419268665,0.23716016,0.00189875544329513,15.0
2448.004643831637,0.22666907,0.0018986031935586904,15.0
2449.0046457364083,0.21292555,0.001898499324542462,15.0
2450.0046476411794,0.24780369,0.00186022724749191,15.0
2451.00464954595,0.25553715,0.0019248376380766744,14.9
2452.004651450721,0.26996282,0.002021958755864428,13.5
2453.0046533554923,0.35566157,0.0020794270034018274,14.9
2454.004655260263,0.5738972,0.002321341375044096,3.6
2455.004657165034,0.4522549,0.0029904464942629486,14.9
2456.0046590698053,0.57108516,0.0031803982468109754,14.9
2457.004660974576,0.55675495,0.0031366324656631134,14.9
2458.004662879347,0.554955,0.0031510884262441826,14.9
2459.004664784118,0.5674667,0.0031442976574970823,11.3
2460.004666688889,0.57886237,0.0031353321206703103,15.0
2461.00466859366,0.5170712,0.00313066075050148,15.0
2462.004670498431,0.42864922,0.003033890944194371,15.0
2463.0046724032018,0.4046436,0.0029510794320670533,11.5
2464.004674307973,0.5906748,0.002758804393785793,14.600000000000001
2465.004676212744,0.2557231,0.0019681279313272368,7.300000000000001
2466.0046781175147,0.26705447,0.002300889177770754,14.9
2467.004680022286,0.24293871,0.002393463855905501,13.8
2468.004681927057,0.24361442,0.0028749045394592973,11.200000000000001
2469.0046838318276,0.2636635,0.0028866483796192166,11.200000000000001
2470.0046857365987,0.23006347,0.002913096782480207,11.100000000000001
2471.00468764137,0.24546494,0.0028766168898453673,11.100000000000001
2472.0046895461405,0.22903495,0.0028827927871805372,11.100000000000001
2473.0046914509117,0.18862653,0.002887625700171594,11.100000000000001
2474.004693355683,0.21231352,0.0028435225205924526,13.8
2475.0046952604534,0.18105792,0.002857980222398902,13.8
2476.0046971652246,0.20712765,0.0023494719504523563,11.0
2477.0046990699957,0.23129298,0.0022314790876535907,11.0
2478.0047009747664,0.25974187,0.0015506752413666643,13.5
2479.0047028795375,0.2555006,0.0015461933273628675,13.5
2480.0047047843086,0.26675954,0.001472745851630668,13.5
2481.0047066890793,0.25790212,0.0017014716257726492,14.8
2482.0047085938504,0.25477004,0.0018131723501172154,14.8
2483.0047104986215,0.21660873,0.0018810868623809112,14.600000000000001
2484.004712403392,0.34369373,0.002113006839901137,10.600000000000001
2485.0047143081633,0.34972328,0.012722645331247898,9.4
2486.0047162129345,0.30698872,0.013260768251621285,9.4
2487.004718117705,0.49861854,0.014865325387388077,9.4
2488.0047200224762,0.57917035,0.014919241538186582,9.3
2489.0047219272474,0.63831013,0.016938346740988697,9.200000000000001
2490.004723832018,0.6107404,0.024897098035273322,4.4
2491.004725736789,0.6299874,0.02519615863606511,4.4
2492.0047276415603,0.7830251,0.03289943081955971,5.9
2493.004729546331,0.8182807,0.03291828189826664,5.9
2494.004731451102,0.59321153,0.03331497275197064,5.9
2495.004733355873,0.6191519,0.030867818028604457,6.0
2496.004735260644,0.5688214,0.0308923016991506,6.0
2497.004737165415,0.5580346,0.030560327355159848,6.0
2498.004739070186,0.48426196,0.030604513009821897,6.0
2499.004740974957,0.59635985,0.02966287495893661,6.0
2500.004742879728,0.50425273,0.023379673661198263,5.800000000000001
2501.004744784499,0.2908529,0.0230531330321077,5.800000000000001
2502.0047466892697,0.47536916,0.00915214799971356,10.8
2503.004748594041,0.37017986,0.009346111628352359,10.8
2504.004750498812,0.42147407,0.009253600222028717,5.5
2505.004752403583,0.371459,0.010338242771851348,7.5
2506.0047543083538,0.42779225,0.01038919956564542,7.5
2507.004756213125,0.41297898,0.009575597719769085,6.9
2508.004758117896,0.34584546,0.009638927003973147,9.8
2509.0047600226667,0.51186126,0.009482094852997926,9.8
2510.004761927438,0.50509363,0.010048736193546634,9.8
2511.004763832209,0.6266636,0.01006885262696344,9.8
2512.0047657369796,0.5185466,0.010051179827598759,9.8
2513.0047676417507,0.49864402,0.009792885702748893,9.8
2514.004769546522,0.4944811,0.008380740756550084,7.2
2515.0047714512925,0.36220542,0.006901264137808306,5.7
2516.0047733560637,0.40250552,0.08003757836797419,1.5
2517.004775260835,0.13809973,0.08024605223298818,1.5
2518.0047771656054,0.11518803,0.08034170442898791,1.5
2519.0047790703766,0.10777055,0.0804247130631134,1.6
2520.0047809751477,0.13011684,0.08082987969751299,1.5
2521.0047828799184,0.19123691,0.08084480025095492,1.5
2522.0047847846895,0.39564255,0.08088384841504506,1.5
2523.0047866894606,0.47507682,0.08088616601977637,1.5
2524.0047885942313,0.84860843,0.08088611173458374,1.5
2525.0047904990024,0.9439989,0.0808746044569415,1.5
2526.0047924037735,0.99327093,0.013605631564416127,4.2
2527.004794308544,0.99164575,0.011990381376795305,4.1000000000000005
2528.0047962133153,0.9930482,0.011189743730674401,3.7
2529.0047981180865,0.99489486,0.010467915400356834,3.7
2530.004800022857,0.99390924,0.006086727675774644,9.0
2531.0048019276283,0.99610436,0.00599163881370496,10.700000000000001
2532.0048038323994,0.9957683,0.00540647789371855,11.5
2533.00480573717,0.9971265,0.0054977762926106495,3.6
2534.004807641941,0.9953217,0.005913412187966707,3.6
2535.0048095467123,0.99257517,0.006282599788257829,3.6
2536.004811451483,0.98148996,0.006511658059807766,3.6
2537.004813356254,0.98097503,0.006956351012267617,3.4000000000000004
2538.004815261025,0.9833484,0.007411232148629904,3.8000000000000003
2539.004817165796,0.9794869,0.010457711013289798,1.7000000000000002
2540.004819070567,0.9733945,0.020500416377812913,3.5
2541.004820975338,0.96702796,0.025564755619327965,2.1
2542.004822880109,0.95937586,0.026419342512767816,2.1
2543.00482478488,0.9210058,0.027619412682801776,2.1
2544.004826689651,0.9499797,0.027947269373815357,2.1
2545.0048285944217,0.926669,0.02841706201290644,2.0
2546.004830499193,0.97117,0.02858741293081816,2.0
2547.004832403964,0.9605106,0.028845834637018515,2.0
2548.0048343087346,0.9669757,0.02874388362909685,2.0
2549.0048362135058,0.8249411,0.028443782983615648,4.6000000000000005
2550.004838118277,0.901811,0.02337383125604437,9.9
2551.0048400230476,0.8756845,0.017967538218701333,4.6000000000000005
2552.0048419278187,0.9672706,0.01686930432788452,4.6000000000000005
2553.00484383259,0.97651166,0.014843197537361375,4.6000000000000005
2554.0048457373605,0.9780332,0.014054842751244544,4.6000000000000005
2555.0048476421316,0.9837906,0.012955300195225426,4.6000000000000005
2556.0048495469027,0.9893612,0.012403608740898207,4.7
2557.0048514516734,0.9927078,0.011615745653702768,7.4
2558.0048533564445,0.9929677,0.01187174301120272,7.4
2559.0048552612157,0.9839288,0.009975796642828367,9.200000000000001
2560.0048571659863,0.9838838,0.006457548694783485,9.200000000000001
2561.0048590707574,0.9758843,0.005652769601864359,8.8
2562.0048609755286,0.97937495,0.00510588100000036,2.0
2563.0048628802992,0.9795068,0.004667779712284824,7.800000000000001
2564.0048647850704,0.9791077,0.004596234870954977,7.800000000000001
2565.0048666898415,0.9790757,0.004639387198244241,2.0
2566.004868594612,0.97891355,0.004624546813907086,2.0
2567.0048704993833,0.9693187,0.004292199703288066,2.4000000000000004
2568.0048724041544,0.9769057,0.0025735184451770934,7.300000000000001
2569.004874308925,0.97867376,0.0026553523038163824,10.600000000000001
2570.004876213696,0.97994035,0.0027320146537758955,8.700000000000001
2571.0048781184673,0.98288995,0.0029036323334764042,8.4
2572.004880023238,0.9597877,0.002918058415278783,8.200000000000001
2573.004881928009,0.96566063,0.002909590002129007,8.6
2574.0048838327803,0.95872754,0.0028887853105307717,8.6
2575.004885737551,0.958757,0.0030217321397236862,8.3
2576.004887642322,0.9711998,0.0031442783230009935,8.3
2577.004889547093,0.9770504,0.0031332787953537696,8.3
2578.004891451864,0.979262,0.003085418144112539,8.3
2579.004893356635,0.9836843,0.002937108204290759,8.3
2580.004895261406,0.9798528,0.0028644269845738814,8.6
2581.0048971661768,0.9839714,0.0026627499503689123,8.4
2582.004899070948,0.96734524,0.002570705035006395,8.200000000000001
2583.004900975719,0.9756433,0.0025810132150999826,8.200000000000001
2584.0049028804897,0.9738849,0.002704634207515927,4.0
2585.004904785261,0.9671345,0.0024719333045826537,11.9
2586.004906690032,0.9614023,0.0023566688902477264,11.9
2587.004908594803,0.9673195,0.002327143457140522,4.0
2588.0049104995737,0.94628346,0.0023595222169383256,10.600000000000001
2589.004912404345,0.9724424,0.002463784749576363,10.600000000000001
2590.004914309116,0.96269715,0.0024428993534961895,3.5
2591.0049162138866,0.9735965,0.002472152550813166,4.0
2592.0049181186578,0.9763341,0.002513266458913675,12.0
2593.004920023429,0.9753445,0.002493853634079536,12.0
2594.0049219281996,0.97368515,0.002414468353725455,3.5
2595.0049238329707,0.9719437,0.002408103005371233,12.3
2596.004925737742,0.9599157,0.0023845831573116334,7.6000000000000005
2597.0049276425125,0.96047455,0.002406914011086617,12.3
2598.0049295472836,0.9519853,0.0023806234602632734,12.9
2599.0049314520547,0.94191307,0.0023051798794589836,10.200000000000001
2600.0049333568254,0.941711,0.0023678385506436714,7.6000000000000005
2601.0049352615965,0.9490458,0.0022763621988959575,7.6000000000000005
2602.0049371663677,0.9522118,0.002459263841264994,4.4
2603.0049390711383,0.9364906,0.0028725307324642575,12.700000000000001
2604.0049409759094,0.9546322,0.0035698109193964,13.5
2605.0049428806806,0.94673854,0.003595338003381312,13.5
2606.0049447854512,0.949107,0.0035937425550393574,13.5
2607.0049466902224,0.95914596,0.0036006718088136334,12.700000000000001
2608.0049485949935,0.9631884,0.0036212230739104054,13.5
2609.004950499764,0.9629369,0.00363895454404876,12.100000000000001
2610.0049524045353,0.9639182,0.0037544896758684465,12.100000000000001
2611.0049543093064,0.9723273,0.0038328830918930926,12.700000000000001
2612.004956214077,0.95645547,0.003729393914241926,12.4
2613.004958118848,0.9594143,0.0034155225788013084,14.4
2614.0049600236193,0.9621057,0.002550552434127847,10.9
2615.00496192839,0.9631547,0.002461517085361458,7.1000000000000005
2616.004963833161,0.981444,0.005771308174561594,3.0
2617.0049657379323,0.9804952,0.006033572593639758,3.0
2618.004967642703,0.9842375,0.006164418529931122,3.0
2619.004969547474,0.98112065,0.006179356878571944,3.0
2620.004971452245,0.9782996,0.006089061875052266,3.0
2621.004973357016,0.9816844,0.006078762878259839,3.0
2622.004975261787,0.9847168,0.006356404003760043,3.1
2623.004977166558,0.9846757,0.006440313888808209,2.5
2624.0049790713288,0.9891333,0.006455283849679967,3.1
2625.0049809761,0.985629,0.0064597139594656135,3.1
2626.004982880871,0.9904902,0.0038480312576829796,6.6000000000000005
2627.0049847856417,0.9876007,0.0034379907802777132,6.6000000000000005
2628.004986690413,0.9875173,0.003190285316327876,6.6000000000000005
2629.004988595184,0.98337966,0.003130224457912785,6.1000000000000005
2630.0049904999546,0.9817406,0.0031407939463816903,6.1000000000000005
2631.0049924047257,0.970521,0.0031101207377657613,6.1000000000000005
2632.004994309497,0.9756943,0.0024865512286557675,5.300000000000001
2633.0049962142675,0.9608371,0.002324922379010679,11.600000000000001
2634.0049981190386,0.96339715,0.002340577528840081,14.4
2635.0050000238098,0.96049964,0.002389429621844564,10.200000000000001
2636.0050019285804,0.943413,0.0023800137215631797,13.700000000000001
2637.0050038333516,0.9335733,0.002288423224819618,10.200000000000001
2638.0050057381227,0.9548811,0.0024499597702515603,13.9
2639.0050076428934,0.95682913,0.00248650659376876,10.8
2640.0050095476645,0.93538004,0.002421784414498012,10.8
2641.0050114524356,0.9543139,0.002415457928905864,10.8
2642.0050133572063,0.9626024,0.0023844874974548805,10.8
2643.0050152619774,0.96249557,0.002366768944658986,10.9
2644.0050171667485,0.96160895,0.0023318184017605465,10.8
2645.005019071519,0.96204466,0.002304756306380908,12.3
2646.0050209762903,0.9419209,0.0022715963615739737,12.3
2647.0050228810614,0.9515416,0.0022813684557471776,12.3
2648.005024785832,0.96029085,0.0020932392800891886,12.3
2649.0050266906032,0.9564342,0.002063104365124103,12.3
2650.0050285953744,0.9592835,0.0021287630544388407,12.3
2651.005030500145,0.9703748,0.002131564688590412,12.4
2652.005032404916,0.948253,0.0021957311544649645,12.4
2653.0050343096873,0.95281166,0.0022577842008972824,10.5
2654.005036214458,0.9643583,0.0025270119534510434,10.100000000000001
2655.005038119229,0.9657824,0.002641499376307414,14.100000000000001
2656.005040024,0.9483268,0.0026666830272602435,10.4
2657.005041928771,0.95747787,0.002694450538122335,10.4
2658.005043833542,0.96631485,0.003055373163071198,10.4
2659.005045738313,0.98437494,0.0033200765846625986,10.4
2660.005047643084,0.9882854,0.00365244838174007,9.8
2661.005049547855,0.99223423,0.0038632226866680388,9.8
2662.005051452626,0.99299604,0.0043534119650737975,9.8
2663.0050533573967,0.9919475,0.00540214751970294,9.8
2664.005055262168,0.99583757,0.005802608691523591,7.5
2665.005057166939,0.99483925,0.006037857593231496,7.5
2666.00505907171,0.99356645,0.006105615914579759,7.5
2667.0050609764808,0.9912096,0.006110584714934096,7.5
2668.005062881252,0.99267066,0.0059678898639254005,7.5
2669.005064786023,0.99241525,0.005838493695993853,7.5
2670.0050666907937,0.9910028,0.005631926149316595,7.4
2671.005068595565,0.99229187,0.00548714405876341,7.4
2672.005070500336,0.9850413,0.005078437294595843,12.3
2673.0050724051066,0.9829669,0.003944975638621815,14.700000000000001
2674.0050743098777,0.9873237,0.003195002588779418,9.4
2675.005076214649,0.96543825,0.0026554371760597554,9.4
2676.0050781194195,0.98376346,0.0026493670367271497,9.4
2677.0050800241906,0.9839362,0.002707625157648922,9.9
2678.0050819289618,0.9772107,0.002682717109197546,9.9
2679.0050838337324,0.97565734,0.0026895522820342215,9.9
2680.0050857385036,0.9859002,0.00265606544545292,9.9
2681.0050876432747,0.99015737,0.005665643983890664,7.300000000000001
2682.0050895480454,0.98712593,0.0061147764189123975,7.300000000000001
2683.0050914528165,0.9904846,0.012074288953004409,7.2
2684.0050933575876,0.9879773,0.01355792011851046,1.5
2685.0050952623583,0.98179895,0.014007426289840788,8.1
2686.0050971671294,0.9739106,0.0195817472145298,3.2
2687.0050990719005,0.9656321,0.026183196368057892,3.2
2688.005100976671,0.9737767,0.07525482787271133,1.4000000000000001
2689.0051028814423,0.9067092,0.0760599377365129,1.4000000000000001
2690.0051047862135,0.83789045,0.0761823549022718,1.4000000000000001
2691.005106690984,0.7135921,0.0842765921678592,1.5
2692.0051085957552,0.6554385,0.08501324887056728,1.2000000000000002
2693.0051105005264,0.5065483,0.08561494340858415,1.5
2694.005112405297,0.7185888,0.08572730782211166,1.5
2695.005114310068,0.5146996,0.08579687662062571,1.5
2696.0051162148393,0.71279776,0.08495575828713195,1.5
2697.00511811961,0.5334403,0.08528657002452678,1.5
2698.005120024381,0.5352014,0.049142741241832204,0.8
2699.005121929152,0.63808554,0.048108442098868304,1.0
2700.005123833923,0.8849582,0.04959594298271629,1.0
2701.005125738694,0.9380708,0.03405361447808643,2.3000000000000003
2702.005127643465,0.98525584,0.03221082189583791,3.6
2703.005129548236,0.9867378,0.02914852362764995,3.6
2704.005131453007,0.9809178,0.02846892100573107,3.6
2705.005133357778,0.9886207,0.028342624917325688,3.6
2706.0051352625487,0.98241365,0.027909409002976913,3.6
2707.00513716732,0.98090816,0.020780300678323354,3.6
2708.005139072091,0.97243327,0.018744298711275437,3.9000000000000004
2709.0051409768616,0.96080416,0.020388533674335397,3.9000000000000004
2710.0051428816328,0.90277654,0.017166466747673574,3.3000000000000003
2711.005144786404,0.8821558,0.018949552838355203,3.1
2712.0051466911746,0.90033525,0.021278760918965963,3.3000000000000003
2713.0051485959457,0.86876005,0.021520178092852622,3.3000000000000003
2714.005150500717,0.8281232,0.023332359051284494,3.7
2715.0051524054875,0.64607835,0.029378902434886292,0.1
2716.0051543102586,0.69318044,0.05320818018132551,1.9000000000000001
2717.0051562150297,0.6949326,0.07045279116100961,2.9000000000000004
2718.0051581198004,0.6813058,0.07085203136111089,2.9000000000000004
2719.0051600245715,0.5024004,0.07122674092227735,2.9000000000000004
2720.0051619293426,0.5387693,0.08027738449445555,2.8000000000000003
2721.0051638341133,0.27768666,0.08393730908806864,1.7000000000000002
2722.0051657388844,0.26233068,0.08702638873447338,1.7000000000000002
2723.0051676436556,0.19692433,0.09052333430616197,1.7000000000000002
2724.0051695484262,0.5089624,0.0927212689201467,1.7000000000000002
2725.0051714531974,0.61318636,0.09171817257607205,1.7000000000000002
2726.0051733579685,0.7895349,0.08096683742462761,3.7
2727.005175262739,0.5545841,0.08210409536746806,3.7
2728.0051771675103,0.8221053,0.11299144502394931,1.1
2729.0051790722814,0.3511468,0.12938557776044726,1.8
2730.005180977052,0.7613133,0.12473440233786537,0.8
2731.005182881823,0.8739003,0.12234331612319707,0.8
2732.0051847865943,0.8241235,0.11986487398252726,0.8
2733.005186691365,0.62441987,0.11719768174763534,0.8
2734.005188596136,0.6454137,0.11516632302545105,0.9
2735.0051905009072,0.48418117,0.11453199170136653,0.9
2736.005192405678,0.48058972,0.11414106130476524,0.9
2737.005194310449,0.5102287,0.10288726982053525,1.7000000000000002
2738.00519621522,0.22093481,0.06755132860049959,1.6
2739.005198119991,0.44624516,0.01993347735996469,10.5
2740.005200024762,0.53409874,0.013663557427081096,11.700000000000001
2741.005201929533,0.654837,0.009948171596377611,11.9
2742.0052038343038,0.68932486,0.010170577657972855,11.9
2743.005205739075,0.6095428,0.009873972332948686,10.4
2744.005207643846,0.37536782,0.00894474052221881,9.1
2745.0052095486167,0.36692253,0.0078718428172974,14.4
2746.005211453388,0.49400994,0.047182066447818756,1.4000000000000001
2747.005213358159,0.51814973,0.05007980298953915,4.3
2748.00521526293,0.477098,0.05010953915702113,4.3
2749.0052171677007,0.6185415,0.053280093093867754,4.4
2750.005219072472,0.62037903,0.05360855920469162,4.4
2751.005220977243,0.63450336,0.055212428160096326,4.4
2752.0052228820136,0.6434779,0.06279400657208156,4.4
2753.0052247867848,0.73759943,0.06276810256687118,4.4
2754.005226691556,0.6530956,0.06270360638921804,4.4
2755.0052285963266,0.7168271,0.06261271144094811,4.4
2756.0052305010977,0.60789615,0.04180217073945762,4.4
2757.005232405869,0.6314757,0.03828081943358633,2.7
2758.0052343106395,0.520975,0.03821307804413201,2.7
2759.0052362154106,0.39521146,0.033610967405713656,2.8000000000000003
2760.0052381201817,0.37884548,0.03303563170349222,2.6
2761.0052400249524,0.3194093,0.03012359498631394,2.5
2762.0052419297235,0.5956496,0.002623486483471255,6.300000000000001
2763.0052438344946,0.36026058,0.002302673087597025,9.4
2764.0052457392653,0.24475527,0.0020794762650787582,13.700000000000001
2765.0052476440364,0.17587094,0.001891950465232288,13.700000000000001
2766.0052495488076,0.16769944,0.0019114310463682908,6.4
2767.0052514535782,0.1765546,0.0021880253805102263,9.5
2768.0052533583494,0.17025425,0.0028749277451544175,14.4
2769.0052552631205,0.17450713,0.003219001341132715,14.4
2770.005257167891,0.15897083,0.0053554482193394455,14.4
2771.0052590726623,0.23002073,0.007053006891729286,14.5
2772.0052609774334,0.15094744,0.0073160536538933105,14.4
2773.005262882204,0.52298564,0.009725931550086457,14.4
2774.005264786975,0.5197438,0.009915571115650274,14.4
2775.0052666917463,0.47247893,0.01004704967472261,2.0
2776.005268596517,0.38384524,0.0100850506389601,2.0
2777.005270501288,0.5036703,0.010071584772471318,2.0
2778.0052724060592,0.57460815,0.009945440074640759,2.0
2779.00527431083,0.52719027,0.009830076798315447,2.0
2780.005276215601,0.55446523,0.00887549395209156,2.1
2781.005278120372,0.49907267,0.00761005488459651,2.1
2782.005280025143,0.43759438,0.007326043925432908,2.1
2783.005281929914,0.29552165,0.003573186016478748,14.700000000000001
2784.005283834685,0.41233346,0.003086534643871436,14.700000000000001
2785.0052857394558,0.6881203,0.0026953343137560305,14.700000000000001
2786.005287644227,0.3896318,0.002702644193329548,14.700000000000001
2787.005289548998,0.2629589,0.0026533403076625475,11.9
2788.0052914537687,0.16260792,0.0025815253707387365,11.0
2789.00529335854,0.15850005,0.0030079522865572735,10.0
2790.005295263311,0.169544,0.0030132664528348292,11.3
2791.0052971680816,0.24708964,0.0028934277740821175,9.9
2792.0052990728527,0.34484252,0.0029374014058189284,9.9
2793.005300977624,0.33824313,0.0029431155668174845,9.9
2794.0053028823945,0.2650037,0.002914374951141219,9.9
2795.0053047871656,0.13194974,0.003168374739429931,9.9
2796.0053066919368,0.19568263,0.003052770408031986,14.700000000000001
2797.0053085967074,0.19993928,0.0029345406323653166,14.700000000000001
2798.0053105014786,0.18967971,0.002797397465939164,15.0
2799.0053124062497,0.16777527,0.0022689947315587358,12.5
2800.0053143110204,0.1844747,0.002094770893258155,12.5
2801.0053162157915,0.18795396,0.0021361324158381966,15.0
2802.0053181205626,0.20026745,0.0021281288520673277,12.5
2803.0053200253333,0.19064425,0.0020913177155687857,14.8
2804.0053219301044,0.20180763,0.002323257361107446,13.9
2805.0053238348755,0.18770891,0.0020791521676946367,14.700000000000001
2806.005325739646,0.29003415,0.0021464121414363365,13.700000000000001
2807.0053276444173,0.27873424,0.002215258860715438,14.8
2808.0053295491884,0.17252967,0.002943458081894233,14.8
2809.005331453959,0.16666307,0.002978736366907758,14.8
2810.0053333587302,0.4465444,0.012357538325194975,2.4000000000000004
2811.0053352635014,0.42046627,0.015923617759941888,8.5
2812.005337168272,0.5373266,0.018015368302339067,8.5
2813.005339073043,0.29504928,0.01821378651269284,8.700000000000001
2814.0053409778143,0.56797934,0.01836602736459051,1.8
2815.005342882585,0.36414027,0.019387754823369942,1.7000000000000002
2816.005344787356,0.3922231,0.021201955288447642,1.8
2817.005346692127,0.207908,0.021526366007025715,1.7000000000000002
2818.005348596898,0.2351698,0.021531552340747592,8.700000000000001
2819.005350501669,0.2575245,0.021623274109803175,8.700000000000001
2820.00535240644,0.28269807,0.01802325017508109,10.9
2821.005354311211,0.30560866,0.014960652272569139,11.200000000000001
2822.005356215982,0.38934883,0.012341703133635794,11.200000000000001
2823.005358120753,0.49997073,0.012067840885535138,11.200000000000001
2824.0053600255237,0.46063066,0.011802022083773052,11.200000000000001
2825.005361930295,0.22670327,0.010058095781757002,6.5
2826.005363835066,0.1936392,0.005892746846729593,4.3
2827.0053657398366,0.29723048,0.004834568730722125,3.9000000000000004
2828.0053676446078,0.41809505,0.0055568452384564026,8.5
2829.005369549379,0.56409746,0.008455074132050376,11.4
2830.00537145415,0.46373606,0.010695042381310443,8.200000000000001
2831.0053733589207,0.1074804,0.01353254348748629,3.7
2832.005375263692,0.32755303,0.013659418492980411,3.7
2833.005377168463,0.47309953,0.013683173764239956,3.7
2834.0053790732336,0.54756707,0.01371489464825485,3.7
2835.0053809780047,0.58943856,0.013692417483128225,4.7
2836.005382882776,0.5743392,0.013478220187805878,8.3
2837.0053847875465,0.7107902,0.0645562344744342,1.5
2838.0053866923176,0.6399406,0.0696138567106211,1.5
2839.0053885970888,0.49319926,0.07148336599063035,1.4000000000000001
2840.0053905018594,0.6266077,0.07875126119537329,1.4000000000000001
2841.0053924066306,0.6289944,0.08086138368556343,1.4000000000000001
2842.0053943114017,0.6044859,0.08105339720323625,1.4000000000000001
2843.0053962161724,0.6063199,0.08118333585919286,1.4000000000000001
2844.0053981209435,0.8705372,0.08125506819964518,1.4000000000000001
2845.0054000257146,0.8651602,0.08173733691978098,1.4000000000000001
2846.0054019304853,0.963243,0.08175158243548965,1.4000000000000001
2847.0054038352564,0.9822938,0.05205562895661428,3.8000000000000003
2848.0054057400275,0.9913105,0.04496719809566861,3.8000000000000003
2849.005407644798,0.9916164,0.04134851645848295,3.8000000000000003
2850.0054095495693,0.9923774,0.023940223025621897,5.2
2851.0054114543404,0.99219865,0.013000132257646487,1.4000000000000001
2852.005413359111,0.9939628,0.011568641685506857,3.3000000000000003
2853.0054152638822,0.99233633,0.011501934046897387,1.5
2854.0054171686534,0.9839894,0.01138896127460649,1.5
2855.005419073424,0.9854914,0.007130199171252255,1.8
2856.005420978195,0.98987204,0.007135933775662828,1.6
2857.0054228829663,0.99500835,0.007410056750640297,2.0
2858.005424787737,0.99253124,0.007672668601137924,1.9000000000000001
2859.005426692508,0.98940873,0.007972445518829155,1.9000000000000001
2860.005428597279,0.9877729,0.008038334493698637,1.9000000000000001
2861.00543050205,0.9889571,0.008009796390663123,1.9000000000000001
2862.005432406821,0.9975383,0.008045939932364113,1.9000000000000001
2863.005434311592,0.990947,0.006522420088420021,12.100000000000001
2864.005436216363,0.99073607,0.005455648653242219,12.100000000000001
2865.005438121134,0.98757845,0.0051925023054140654,12.100000000000001
2866.005440025905,0.9883206,0.004701007721457649,12.5
2867.0054419306757,0.9784647,0.00419726801318795,12.200000000000001
2868.005443835447,0.978585,0.003487074271748534,12.5
2869.005445740218,0.9856081,0.002717479514294434,12.5
2870.0054476449886,0.9826775,0.0024759752348149713,12.5
2871.0054495497598,0.9652626,0.002442271916082208,12.5
2872.005451454531,0.9756679,0.002289445300142294,11.8
2873.0054533593016,0.9737933,0.002258378952466313,8.9
2874.0054552640727,0.9697714,0.0022221589563422256,9.700000000000001
2875.005457168844,0.9546938,0.002187692782160572,12.700000000000001
2876.0054590736145,0.9607743,0.0020065817765359682,14.700000000000001
2877.0054609783856,0.9651347,0.004534935068159923,14.700000000000001
2878.0054628831567,0.96584874,0.006176439857087475,8.8
2879.0054647879274,0.9832381,0.01191434953968272,6.9
2880.0054666926985,0.98968095,0.012718473286443705,6.9
2881.0054685974696,0.99131376,0.013791166808410521,5.5
2882.0054705022403,0.9897502,0.014085127462332219,0.5
2883.0054724070114,0.9844322,0.014402268948504318,3.6
2884.0054743117826,0.98184043,0.01475566845185781,0.6000000000000001
2885.0054762165532,0.9683431,0.01641010639825996,6.4
2886.0054781213244,0.9678103,0.019349218863533236,3.5
2887.0054800260955,0.9070576,0.021096062218359034,3.7
2888.005481930866,0.861118,0.027758249477510724,6.1000000000000005
2889.0054838356373,0.7969977,0.02993551676809603,4.0
2890.0054857404084,0.6933071,0.03169381988003319,3.5
2891.005487645179,0.7595627,0.03125155474873973,4.0
2892.00548954995,0.9112154,0.0311679453192039,4.0
2893.0054914547213,0.91764575,0.03105977057068147,4.0
2894.005493359492,0.9019998,0.03089455050006486,4.0
2895.005495264263,0.93460596,0.0301706618289774,4.0
2896.0054971690342,0.9554577,0.03765724968775308,0.6000000000000001
2897.005499073805,0.93663794,0.05152943093396635,0.9
2898.005500978576,0.9567896,0.06907923903303222,1.2000000000000002
2899.005502883347,0.95280373,0.11393639799593167,1.8
2900.005504788118,0.949618,0.12447139254395884,1.1
2901.005506692889,0.8829635,0.1292261969060581,1.1
2902.00550859766,0.9303501,0.1294161263608924,1.1
2903.0055105024308,0.91181016,0.12944586569569128,1.1
2904.005512407202,0.97066045,0.12944474155982033,1.1
2905.005514311973,0.93721664,0.12946623227951248,1.1
2906.0055162167437,0.9448449,0.12723654715438673,1.1
2907.005518121515,0.8388968,0.12322882905327155,1.0
2908.005520026286,0.8710197,0.11308202027789636,1.3
2909.0055219310566,0.82793146,0.06633352811014409,4.5
2910.0055238358277,0.5801179,0.042169010320544015,7.0
2911.005525740599,0.33621863,0.02386890134462779,9.9
2912.00552764537,0.32628924,0.025369697826751695,9.9
2913.0055295501406,0.49000108,0.03554842326405466,3.2
2914.0055314549118,0.7927004,0.06495201134473857,1.3
2915.005533359683,0.8000527,0.06500460217992567,1.3
2916.0055352644536,0.81268996,0.06398025755485703,1.3
2917.0055371692247,0.8087563,0.062378205243717726,1.3
2918.005539073996,0.9030299,0.06176230774293664,1.3
2919.0055409787665,0.9267936,0.06149859350856505,1.3
2920.0055428835376,0.9714777,0.061336808344906846,1.3
2921.0055447883087,0.9831518,0.061231598032831805,1.3
2922.0055466930794,0.9803977,0.06019984200861891,1.3
2923.0055485978505,0.99267805,0.054731583226591704,1.3
2924.0055505026216,0.99386084,0.006220423931109765,4.2
2925.0055524073923,0.99500316,0.004677527858473915,14.700000000000001
2926.0055543121634,0.9878727,0.00349745722644477,11.3
2927.0055562169346,0.98785037,0.002751528440766378,8.200000000000001
2928.0055581217052,0.9902569,0.0026575894996807587,10.200000000000001
2929.0055600264764,0.98936135,0.0025843934359388496,10.200000000000001
2930.0055619312475,0.9795228,0.002431938440957859,14.100000000000001
2931.005563836018,0.9672268,0.0023032743684311676,14.100000000000001
2932.0055657407893,0.958678,0.0022541757047782455,14.100000000000001
2933.0055676455604,0.9648222,0.002291053287354887,13.5
2934.005569550331,0.97016865,0.002228936658476952,13.5
2935.005571455102,0.93476707,0.0020678562826150506,13.5
2936.0055733598733,0.9243916,0.0020660320315675725,13.5
2937.005575264644,0.9250439,0.002030808945832973,13.5
2938.005577169415,0.8644694,0.0020191879511173893,13.5
2939.0055790741862,0.82986504,0.002053833489345036,13.5
2940.005580978957,0.8183634,0.0021144784861289877,13.5
2941.005582883728,0.8096563,0.0032871528350698798,11.9
2942.005584788499,0.8502189,0.003496001905027388,7.4
2943.00558669327,0.83724624,0.0034336343576101885,7.4
2944.005588598041,0.85306746,0.003415873859721698,7.4
2945.005590502812,0.885927,0.003455275006193947,11.8
2946.0055924075828,0.8793844,0.003434258141465752,11.8
2947.005594312354,0.86324507,0.003490165535923457,11.8
2948.005596217125,0.9004024,0.003490953555253544,11.8
2949.0055981218957,0.91542643,0.003507199752897163,11.8
2950.005600026667,0.90355206,0.0035205587545252422,11.8
2951.005601931438,0.9448651,0.002466429764529453,9.1
2952.0056038362086,0.97816616,0.0027909939944373934,4.0
2953.0056057409797,0.98488337,0.0035692011262670057,2.2
2954.005607645751,0.9900619,0.007040659083239455,3.6
2955.0056095505215,0.9794845,0.010422450445891561,0.1
2956.0056114552926,0.971422,0.015397885386758072,3.7
2957.0056133600638,0.97657436,0.015829883517924376,3.6
2958.0056152648344,0.969396,0.01635621952386389,3.6
2959.0056171696056,0.8266119,0.016414928804981417,0.1
2960.0056190743767,0.8487412,0.016468524659936794,0.1
2961.0056209791474,0.8512677,0.016546249862218088,0.1
2962.0056228839185,0.8393849,0.016544997431881092,0.1
2963.0056247886896,0.73840743,0.01652059828688454,0.1
2964.0056266934603,0.5003998,0.015495615336958464,0.1
2965.0056285982314,0.6435721,0.013295464069943983,3.2
2966.0056305030025,0.6741839,0.006326997606193736,4.9
2967.005632407773,0.3505254,0.006653109695703397,5.1000000000000005
2968.0056343125443,0.5616166,0.005925763491653352,1.9000000000000001
2969.0056362173154,0.45203224,0.005951096649814978,2.3000000000000003
2970.005638122086,0.63181776,0.005955244563647495,2.3000000000000003
2971.0056400268572,0.47516218,0.005929716392872591,2.3000000000000003
2972.0056419316284,0.54225916,0.005835036272489611,2.3000000000000003
2973.005643836399,0.33306235,0.00558433193689414,2.3000000000000003
2974.00564574117,0.30933133,0.010855187826337043,1.9000000000000001
2975.0056476459413,0.6342908,0.01660645526442819,1.9000000000000001
2976.005649550712,0.7438392,0.020911462060012372,2.0
2977.005651455483,0.79973215,0.028635558431824776,2.2
2978.005653360254,0.74321175,0.03166093719937174,2.3000000000000003
2979.005655265025,0.56413335,0.03544379043101522,2.3000000000000003
2980.005657169796,0.3976305,0.03873624930400881,2.2
2981.005659074567,0.19160083,0.04020759230137701,2.2
2982.005660979338,0.15733741,0.040681446909196735,2.2
2983.005662884109,0.2421059,0.04130534019779355,2.2
2984.00566478888,0.28735545,0.0404445294391025,2.2
2985.0056666936507,0.31449282,0.0384931502828498,7.2
2986.005668598422,0.48778573,0.048108314679566784,4.4
2987.005670503193,0.7364356,0.04664999725567207,4.4
2988.0056724079636,0.5806459,0.04501166898143566,4.1000000000000005
2989.0056743127348,0.43833944,0.04250377187821331,4.1000000000000005
2990.005676217506,0.49470124,0.04075138211355112,4.0
2991.0056781222765,0.5510638,0.04046349758644127,6.5
2992.0056800270477,0.5956807,0.04142341999442191,4.0
2993.005681931819,0.6634791,0.041566228958307486,4.5
2994.00568383659,0.62374836,0.04256706766313016,4.0
2995.0056857413606,0.438947,0.0428158076060913,4.0
2996.0056876461317,0.50295657,0.029444170639472283,6.2
2997.005689550903,0.41051638,0.02476111717107041,6.2
2998.0056914556735,0.48761907,0.024048896768610325,6.4
2999.0056933604446,0.46475357,0.023350468566572927,6.2
3000.0056952652158,0.6198248,0.021121476027737125,3.6
3001.0056971699864,0.59618115,0.019148518612367195,3.6
3002.0056990747576,0.6923852,0.01616524085871234,9.4
3003.0057009795287,0.32687783,0.014206347378582536,9.4
3004.0057028842994,0.49172726,0.010175026275879785,2.8000000000000003
3005.0057047890705,0.5214902,0.009081815208443067,10.3
3006.0057066938416,0.4314689,0.006907843403689749,11.5
3007.0057085986123,0.44958982,0.0070566094661317575,10.200000000000001
3008.0057105033834,0.5208836,0.0074854507088444825,10.200000000000001
3009.0057124081545,0.35680154,0.009078614774634846,9.200000000000001
3010.005714312925,0.48843026,0.009176020062012107,11.600000000000001
3011.0057162176963,0.540456,0.008501760567182113,11.600000000000001
3012.0057181224674,0.43615332,0.007890671857288246,11.600000000000001
3013.005720027238,0.42992905,0.007953292991479437,4.2
3014.0057219320092,0.3504306,0.00910726315871078,4.2
3015.0057238367804,0.4065003,0.01400372203054318,5.5
3016.005725741551,0.5162529,0.015198391708517512,7.1000000000000005
3017.005727646322,0.5266246,0.015216166221650583,7.1000000000000005
3018.0057295510933,0.31671622,0.014989952500689163,7.1000000000000005
3019.005731455864,0.3706888,0.014032265527105282,6.9
3020.005733360635,0.28677657,0.013934182412567773,6.9
3021.005735265406,0.33562458,0.013907915797893503,6.9
3022.005737170177,0.48038754,0.01391824127321318,7.0
3023.005739074948,0.53875893,0.013753586262644541,6.9
3024.005740979719,0.35478842,0.012683943086575061,6.9
3025.00574288449,0.41370985,0.006799452780493252,10.8
3026.005744789261,0.21861385,0.003373052241520437,15.0
3027.005746694032,0.18441047,0.0026264189409491174,15.0
3028.0057485988027,0.29337245,0.005144052267733652,9.1
3029.005750503574,0.3151004,0.005717695343776479,11.200000000000001
3030.005752408345,0.16056615,0.005917224791867667,10.8
3031.0057543131156,0.22415592,0.006365257264967212,8.8
3032.0057562178868,0.20750925,0.006448269991507843,8.8
3033.005758122658,0.3181518,0.006521956219993083,9.200000000000001
3034.0057600274286,0.22757225,0.010625714838443602,12.3
3035.0057619321997,0.19309765,0.011023673070898231,10.9
3036.005763836971,0.55170745,0.016573690723360002,10.9
3037.0057657417415,0.63403934,0.02400283850005349,2.6
3038.0057676465126,0.6618699,0.09087927964353636,1.5
3039.0057695512837,0.69142437,0.09113978178788196,1.5
3040.0057714560544,0.5434782,0.09174588126100956,1.5
3041.0057733608255,0.45328206,0.09171109202788563,1.5
3042.0057752655966,0.5063912,0.09169968463831571,1.5
3043.0057771703673,0.37680212,0.0916875333822809,1.5
3044.0057790751384,0.39975366,0.09132273564250579,1.4000000000000001
3045.0057809799096,0.44290292,0.09126468722697147,1.4000000000000001
3046.0057828846802,0.2679418,0.09040537814730507,3.0
3047.0057847894514,0.22997233,0.08873806091770811,1.4000000000000001
3048.0057866942225,0.250281,0.013232434360986832,5.4
3049.005788598993,0.4086174,0.010973320023018028,7.300000000000001
3050.0057905037643,0.2501718,0.002413911918531254,12.700000000000001
3051.0057924085354,0.21506621,0.002144025109927202,13.9
3052.005794313306,0.18359348,0.001878948691803281,13.100000000000001
3053.005796218077,0.18268543,0.001954158340840781,13.200000000000001
3054.0057981228483,0.40528166,0.024365329972755607,1.9000000000000001
3055.005800027619,0.42846027,0.025754228898272297,1.9000000000000001
3056.00580193239,0.49781337,0.02593459136745319,1.9000000000000001
3057.0058038371612,0.630594,0.02991451159543655,2.0
3058.005805741932,0.5496044,0.030301445460127335,2.0
3059.005807646703,0.6947405,0.030440153601994816,2.0
3060.005809551474,0.78685576,0.08491313624791409,1.8
3061.005811456245,0.6965746,0.09767397304444894,1.6
3062.005813361016,0.7959063,0.10528493105069063,1.6
3063.005815265787,0.6392313,0.10549317948511326,1.6
3064.0058171705577,0.7792779,0.10315972787143408,1.6
3065.005819075329,0.65640616,0.10311905680106974,1.6
3066.0058209801,0.603595,0.10310429476633834,1.6
3067.0058228848707,0.65332586,0.1022235886713503,1.6
3068.005824789642,0.7683033,0.10222699306439541,1.6
3069.005826694413,0.65531915,0.10218566592671097,1.6
3070.0058285991836,0.8132494,0.06457749920578872,1.5
3071.0058305039547,0.46387115,0.042779346034832945,0.5
3072.005832408726,0.2993095,0.017091703064156517,13.200000000000001
3073.0058343134965,0.4636459,0.01583825441671757,12.4
3074.0058362182676,0.27101755,0.013580477770627295,6.4
3075.0058381230388,0.46469337,0.02859594262606409,3.2
3076.00584002781,0.75496936,0.05420971164107984,3.2
3077.0058419325806,0.49914634,0.05408191920414161,3.2
3078.0058438373517,0.64092654,0.053825766637189715,3.2
3079.005845742123,0.581821,0.05382572008511285,3.2
3080.0058476468935,0.74628156,0.053818073267969994,3.2
3081.0058495516646,0.7809108,0.05394589049472534,3.1
3082.0058514564357,0.8168421,0.053964980995007863,3.1
3083.0058533612064,0.785317,0.053873831043499805,3.1
3084.0058552659775,0.7004236,0.053558096038424666,3.1
3085.0058571707486,0.50175184,0.04737048313224341,3.3000000000000003
3086.0058590755193,0.39437306,0.01368939434846556,9.700000000000001
3087.0058609802904,0.4156356,0.012909910512078165,2.8000000000000003
3088.0058628850616,0.41027796,0.0128576729945547,2.8000000000000003
3089.0058647898322,0.57896584,0.01281316183913048,9.5
3090.0058666946034,0.4809041,0.012706941055628812,9.5
3091.0058685993745,0.34757486,0.012110303697350356,2.7
3092.005870504145,0.38280305,0.011789257796892777,2.9000000000000004
3093.0058724089163,0.37068504,0.011783088317477508,2.9000000000000004
3094.0058743136874,0.26739535,0.03147094993850964,2.9000000000000004
3095.005876218458,0.12940316,0.04697838313004129,1.4000000000000001
3096.005878123229,0.26846644,0.046483961871174664,1.4000000000000001
3097.0058800280003,0.4065363,0.04701394337533701,1.3
3098.005881932771,0.32782733,0.04832896509404038,1.2000000000000002
3099.005883837542,0.38574666,0.04860063208200436,1.2000000000000002
3100.0058857423132,0.40521085,0.04865196709533004,1.2000000000000002
3101.005887647084,0.44419584,0.0487518875522512,1.2000000000000002
3102.005889551855,0.53791004,0.051847246399242715,1.2000000000000002
3103.005891456626,0.7146924,0.05199671265189796,1.2000000000000002
3104.005893361397,0.67501694,0.04408667442420591,1.2000000000000002
3105.005895266168,0.72621876,0.029858500602351366,4.7
3106.005897170939,0.4829993,0.030687912144974284,4.7
3107.0058990757097,0.37176868,0.030791152942291185,4.7
3108.005900980481,0.46203974,0.029206617367405277,3.8000000000000003
3109.005902885252,0.63159555,0.029197632667902422,3.8000000000000003
3110.0059047900227,0.5666413,0.029351357484215086,3.5
3111.005906694794,0.40291065,0.031185740499332176,5.0
3112.005908599565,0.4986811,0.027047151807589695,5.0
3113.0059105043356,0.55448973,0.027048650183331954,2.5
3114.0059124091067,0.38842198,0.02517222331717593,5.0
3115.005914313878,0.5526599,0.02030530791483091,2.2
3116.0059162186485,0.6390132,0.01908686720495711,2.2
3117.0059181234196,0.6601665,0.017685360688965288,2.5
3118.0059200281908,0.66405433,0.018006436346411935,4.9
3119.0059219329614,0.6768889,0.01787689569347187,2.4000000000000004
3120.0059238377326,0.70506144,0.022008866119161738,4.3
3121.0059257425037,0.6834005,0.01983587188267408,3.0
3122.0059276472743,0.77985746,0.018623495720807945,4.3
3123.0059295520455,0.7612124,0.01901382407778356,4.3
3124.0059314568166,0.8209805,0.019257710600440126,2.1
3125.0059333615873,0.8307079,0.01975941801145449,4.7
3126.0059352663584,0.77907056,0.025752596103152534,1.3
3127.0059371711295,0.7670213,0.04576015117350709,1.3
3128.0059390759,0.70241266,0.04550099393322106,1.1
3129.0059409806713,0.54630834,0.04820780820183101,3.1
3130.0059428854424,0.470311,0.055850882917923776,8.3
3131.005944790213,0.4447114,0.057331070567015266,8.3
3132.0059466949842,0.49603382,0.05720256238911406,8.0
3133.0059485997554,0.58380383,0.05732905999904603,8.0
3134.005950504526,0.7241651,0.05731709894252557,8.0
3135.005952409297,0.83861053,0.05770896410836955,8.0
3136.0059543140683,0.7594148,0.05532220167893551,8.4
3137.005956218839,0.52162343,0.040717426553740985,8.4
3138.00595812361,0.6591662,0.040678193808874476,8.4
3139.005960028381,0.51401794,0.03766585581269924,11.600000000000001
3140.005961933152,0.38151863,0.0212067757468595,11.600000000000001
3141.005963837923,0.22582813,0.016995309317944306,5.300000000000001
3142.005965742694,0.24177803,0.016794114782345118,5.300000000000001
3143.005967647465,0.22856759,0.015619018869207071,4.1000000000000005
3144.005969552236,0.19163126,0.016350774317213247,4.1000000000000005
3145.005971457007,0.7248041,0.045913502182953626,1.4000000000000001
3146.0059733617777,0.61774945,0.06324622383829187,1.9000000000000001
3147.005975266549,0.6308666,0.09435164040230368,2.7
3148.00597717132,0.46248755,0.10331578635482994,2.7
3149.0059790760906,0.6063632,0.11088304874120755,2.6
3150.0059809808618,0.42909333,0.11385660990502704,2.5
3151.005982885633,0.36527053,0.11593394159409202,2.6
3152.0059847904035,0.110645615,0.1292368538269498,2.3000000000000003
3153.0059866951747,0.14229096,0.132400014190611,2.7
3154.005988599946,0.081909366,0.13306707649743885,2.7
3155.0059905047165,0.11275161,0.1264041727970236,2.4000000000000004
3156.0059924094876,0.119569845,0.12163088044660857,2.4000000000000004
3157.0059943142587,0.24017069,0.09929449263407646,1.7000000000000002
3158.00599621903,0.5092335,0.08985793166245648,1.7000000000000002
3159.0059981238005,0.6370718,0.08000521619733196,4.4
3160.0060000285716,0.56576633,0.07626779492757339,4.4
3161.0060019333428,0.7218492,0.07290184270397874,4.4
3162.0060038381134,0.6358442,0.04504901889636263,4.4
3163.0060057428846,0.49134895,0.03461731560728286,5.6000000000000005
3164.0060076476557,0.18348804,0.031724090884244396,5.6000000000000005
3165.0060095524263,0.34102738,0.02877378819992148,5.800000000000001
3166.0060114571975,0.29896697,0.010953555231049301,12.8
3167.0060133619686,0.46416226,0.014692545779694952,2.8000000000000003
3168.0060152667393,0.5860889,0.02078717420488011,9.0
3169.0060171715104,0.5843077,0.023327122121167,9.0
3170.0060190762815,0.6290588,0.025891440916164524,11.4
3171.006020981052,0.5843966,0.02640373237774222,11.4
3172.0060228858233,0.59229153,0.026468003407087295,11.4
3173.0060247905944,0.41709614,0.03162881779102697,11.4
3174.006026695365,0.29110664,0.039950311684593,1.4000000000000001
3175.0060286001362,0.4535876,0.04028733707477597,1.4000000000000001
3176.0060305049074,0.37805963,0.04098383878633084,1.4000000000000001
3177.006032409678,0.27689093,0.03991131997959344,1.4000000000000001
3178.006034314449,0.66925746,0.037107357506399825,1.4000000000000001
3179.0060362192203,0.3274397,0.035391486638950295,1.4000000000000001
3180.006038123991,0.2902597,0.0332459619520601,1.5
3181.006040028762,0.25649977,0.03336729311387428,1.3
3182.006041933533,0.32946917,0.03427045145914306,1.5
3183.006043838304,0.4327903,0.029642184793689675,4.5
3184.006045743075,0.21407913,0.01807142528533681,12.0
3185.006047647846,0.4595422,0.018549706765754938,8.0
3186.006049552617,0.38589725,0.017833906014844456,3.6
3187.006051457388,0.2029637,0.018759320403042838,3.6
3188.006053362159,0.5889688,0.019016376550947747,3.6
3189.0060552669297,0.37020567,0.01999872465753808,4.5
3190.006057171701,0.8153365,0.018317282292426334,4.5
3191.006059076472,0.61598533,0.01740403611446952,5.4
3192.0060609812426,0.6478648,0.01890843161471568,3.7
3193.0060628860138,0.4667361,0.019544695018417785,6.9
3194.006064790785,0.47131777,0.01861420348777366,7.6000000000000005
3195.0060666955555,0.3999391,0.017980801475730643,6.1000000000000005
3196.0060686003267,0.4250854,0.01727521491708627,6.9
3197.006070505098,0.41178155,0.017993827589302038,4.3
3198.0060724098685,0.4640268,0.017897317743183823,4.3
3199.0060743146396,0.24276388,0.01696646369397054,4.3
3200.0060762194107,0.29708144,0.017538310333187434,4.3
3201.0060781241814,0.7191684,0.06599592902297793,2.7
3202.0060800289525,0.8055124,0.07401718181431652,1.7000000000000002
3203.0060819337236,0.84249437,0.09266905586948966,2.5
3204.0060838384943,0.7180484,0.11015752511620389,2.0
3205.0060857432654,0.78725684,0.1100871077210484,2.0
3206.0060876480366,0.42599016,0.1226056709984416,2.0
3207.006089552807,0.42840326,0.12285609051864056,2.0
3208.0060914575783,0.3307716,0.12312317346727042,2.0
3209.0060933623495,0.16483802,0.1242829265801767,1.6
3210.00609526712,0.4853728,0.12522055006552582,1.6
3211.0060971718913,0.32307824,0.10960106451148091,2.1
3212.0060990766624,0.29172906,0.10550325596752787,2.1
3213.006100981433,0.61518705,0.08906786145960484,1.1
3214.006102886204,0.77211475,0.06682123003836281,1.3
3215.0061047909753,0.8403728,0.06680558874363658,1.3
3216.006106695746,0.70318323,0.03927909585858999,2.0
3217.006108600517,0.71583974,0.037663372766298726,2.0
3218.0061105052882,0.8925548,0.036719380725511466,2.0
3219.006112410059,0.90890986,0.03263179030897475,2.1
3220.00611431483,0.95993644,0.02940849380919118,1.2000000000000002
3221.006116219601,0.94922554,0.023501662006847848,2.4000000000000004
3222.006118124372,0.9709779,0.013853344882672437,2.4000000000000004
3223.006120029143,0.9748048,0.013805665216173277,2.4000000000000004
3224.006121933914,0.97499096,0.01406198068099886,9.200000000000001
3225.0061238386847,0.98131114,0.016156644404965264,2.7
3226.006125743456,0.975784,0.01889589621081466,2.3000000000000003
3227.006127648227,0.97671866,0.019274496295462053,2.7
3228.0061295529977,0.9823543,0.019922145393703482,2.5
3229.006131457769,0.96948045,0.020052442203759176,2.5
3230.00613336254,0.9758011,0.018995669884433443,1.0
3231.0061352673106,0.9569518,0.01842614872191922,1.0
3232.0061371720817,0.9492499,0.0185382614527063,1.0
3233.006139076853,0.927895,0.018899810501901235,2.4000000000000004
3234.0061409816235,0.9016346,0.018777490058012436,2.4000000000000004
3235.0061428863946,0.9317343,0.017176799181262324,2.4000000000000004
3236.0061447911658,0.6931696,0.013611315810885321,11.200000000000001
3237.0061466959364,0.8247539,0.012982140975247405,6.1000000000000005
3238.0061486007075,0.56874716,0.013888876317728944,11.0
3239.0061505054787,0.5597641,0.013313324958124876,11.0
3240.00615241025,0.74752593,0.017194858853704045,11.0
3241.0061543150205,0.9241416,0.017290479762945298,9.8
3242.0061562197916,0.9237007,0.017643550672564887,3.1
3243.0061581245627,0.94061124,0.017254537251565696,3.1
3244.0061600293334,0.9559521,0.01752435505204634,3.1
3245.0061619341045,0.83475083,0.028133074644101728,1.0
3246.0061638388756,0.70831394,0.02952472185073829,1.6
3247.0061657436463,0.7569651,0.0349710798044725,1.6
3248.0061676484174,0.76005346,0.03982326177287074,1.1
3249.0061695531886,0.5076452,0.042771089967914726,1.1
3250.006171457959,0.21823594,0.04331362809748842,1.1
3251.0061733627304,0.43400827,0.05160644111620924,1.5
3252.0061752675015,0.33955097,0.06908313924835913,1.5
3253.006177172272,0.28804746,0.06936240642047077,1.5
3254.0061790770433,0.4025452,0.0693086182288974,1.7000000000000002
3255.0061809818144,0.60397905,0.06563626319425232,1.3
3256.006182886585,0.50769037,0.0650448954169838,1.3
3257.006184791356,0.613181,0.06221480137592919,2.2
3258.0061866961273,0.5430384,0.05911205783455122,2.2
3259.006188600898,0.52928305,0.05687261633230987,2.1
3260.006190505669,0.506295,0.05520235938321895,1.8
3261.0061924104402,0.41862628,0.047318207936864025,2.1
3262.006194315211,0.21739726,0.009762774957999336,10.700000000000001
3263.006196219982,0.33468914,0.009113302990285062,11.200000000000001
3264.006198124753,0.30223384,0.009152871439505852,11.4
3265.006200029524,0.30577108,0.009232782761120639,11.4
3266.006201934295,0.2399187,0.009237410527645089,11.200000000000001
3267.006203839066,0.2161267,0.009547367162266595,11.4
3268.0062057438367,0.09290704,0.007466879752077801,10.700000000000001
3269.006207648608,0.13923636,0.007215315747703051,10.700000000000001
3270.006209553379,0.11480039,0.0072237965124450675,10.700000000000001
3271.0062114581497,0.12360376,0.007240209315200346,11.0
3272.006213362921,0.15966845,0.00687626776397044,11.0
3273.006215267692,0.40357274,0.0049714193202527734,9.1
3274.0062171724626,0.17682092,0.004606849983262515,9.700000000000001
3275.0062190772337,0.15882325,0.00407373311333036,15.0
3276.006220982005,0.22638144,0.003978154217486738,9.8
3277.0062228867755,0.20932171,0.002705782821105101,14.100000000000001
3278.0062247915466,0.21653226,0.002759954925828592,11.100000000000001
3279.0062266963178,0.3854713,0.008266187189744166,8.8
3280.0062286010884,0.4637416,0.01656182417247858,3.1
3281.0062305058595,0.06299025,0.01807414968376216,2.8000000000000003
3282.0062324106307,0.5035734,0.05847922971190231,1.2000000000000002
3283.0062343154013,0.4480849,0.05878201222035975,1.1
3284.0062362201725,0.51278937,0.060050458749695244,1.1
3285.0062381249436,0.43643788,0.06101238689579228,2.0
3286.0062400297143,0.44783458,0.06194118649928129,1.1
3287.0062419344854,0.5419457,0.06198349284554915,1.1
3288.0062438392565,0.609314,0.06200660423401779,1.1
3289.006245744027,0.63769543,0.061641073310086156,1.7000000000000002
3290.0062476487983,0.7143662,0.06040442146876492,1.4000000000000001
3291.0062495535694,0.8229734,0.06089780941454422,1.4000000000000001
3292.00625145834,0.839742,0.02684107700167691,3.1
3293.006253363111,0.8272491,0.03330560431981101,3.1
3294.0062552678824,0.7938046,0.03190408709997399,3.1
3295.006257172653,0.72974396,0.030060499674513932,3.1
3296.006259077424,0.84757966,0.028142469489228276,3.1
3297.0062609821953,0.86108744,0.02811327764091394,3.1
3298.006262886966,0.9066343,0.05153716346415646,3.1
3299.006264791737,0.92266273,0.09646808551508247,2.0
3300.006266696508,0.9690419,0.09620313601517255,2.0
3301.006268601279,0.9038187,0.09570093692339836,1.8
3302.00627050605,0.7578503,0.0952064419008343,1.8
3303.006272410821,0.589301,0.09301673068325125,1.6
3304.006274315592,0.4554754,0.09274073185338325,1.7000000000000002
3305.006276220363,0.51809454,0.09273604014256284,1.9000000000000001
3306.006278125134,0.39566484,0.09279147013246865,1.9000000000000001
3307.0062800299047,0.23992598,0.09319642568918012,1.7000000000000002
3308.006281934676,0.36412156,0.08277787691712116,1.6
3309.006283839447,0.79483306,0.01262747830557346,5.0
3310.0062857442176,0.7624668,0.01272868245326465,4.9
3311.0062876489887,0.6360368,0.012686156214755192,5.0
3312.00628955376,0.575032,0.01268609847029059,5.0
3313.0062914585305,0.53736466,0.012638166111566254,5.0
3314.0062933633017,0.5386045,0.013201293694641007,4.800000000000001
3315.006295268073,0.5810303,0.036667583707274486,3.1
3316.0062971728435,0.6128959,0.0375104764278676,3.1
3317.0062990776146,0.5061936,0.036732416917474885,2.8000000000000003
3318.0063009823857,0.6653985,0.036871025508050416,2.8000000000000003
3319.0063028871564,0.2890779,0.03721377489105636,2.8000000000000003
3320.0063047919275,0.6674041,0.03790511493368409,3.1
3321.0063066966986,0.4210096,0.03819381387646091,3.1
3322.0063086014698,0.38502643,0.038196687053105915,3.1
3323.0063105062404,0.563251,0.038193513140337185,3.1
3324.0063124110115,0.6665052,0.03798933230375895,3.1
3325.0063143157827,0.67153174,0.01658420283743399,4.9
3326.0063162205533,0.6364432,0.014225086196739463,5.0
3327.0063181253245,0.48327324,0.015120673413286942,5.0
3328.0063200300956,0.4786731,0.013798149243875176,4.0
3329.0063219348663,0.40682533,0.013719934990845289,4.0
3330.0063238396374,0.49234018,0.014226462784961537,10.3
3331.0063257444085,0.53890467,0.015082980931954945,10.3
3332.006327649179,0.5227457,0.015819757410048617,10.3
3333.0063295539503,0.58666337,0.0159257052486742,10.3
3334.0063314587214,0.32014066,0.016109140178652365,10.3
3335.006333363492,0.1890863,0.016793329501658592,10.3
3336.0063352682632,0.36147514,0.017007582930822808,10.3
3337.0063371730344,0.34014073,0.018834748422114474,10.3
3338.006339077805,0.28077966,0.018543853243254978,10.3
3339.006340982576,0.22257419,0.017498622785786653,10.3
3340.0063428873473,0.33642158,0.016673750208471318,1.7000000000000002
3341.006344792118,0.5273966,0.02275965566955796,2.8000000000000003
3342.006346696889,0.4462922,0.025497201386248468,3.0
3343.00634860166,0.45418707,0.026161688859626202,13.600000000000001
3344.006350506431,0.39627713,0.026100916575626385,3.0
3345.006352411202,0.49657187,0.026174761614022733,3.1
3346.006354315973,0.3626094,0.02750600016564851,3.0
3347.006356220744,0.3225228,0.02704091560050926,7.5
3348.006358125515,0.323689,0.029106950214633307,3.0
3349.006360030286,0.33283764,0.029403047624521512,3.0
3350.0063619350567,0.09826282,0.028783834436466878,3.0
3351.006363839828,0.20827177,0.024179411511962887,2.5
3352.006365744599,0.18888977,0.022779521707020595,5.7
3353.0063676493696,0.32538018,0.024050338016860545,5.7
3354.0063695541407,0.2022463,0.026518191795036224,14.100000000000001
3355.006371458912,0.34753066,0.027201163522005894,14.100000000000001
3356.0063733636825,0.37674564,0.027757497417632324,13.9
3357.0063752684537,0.5427841,0.026494987690205602,4.4
3358.006377173225,0.5084187,0.02507926909438974,14.0
3359.0063790779955,0.7612998,0.026432031228636663,4.3
3360.0063809827666,0.40985397,0.02832850218091834,4.3
3361.0063828875377,0.6647181,0.028344274800531696,4.3
3362.0063847923084,0.7227208,0.02686064195628774,4.3
3363.0063866970795,0.76512593,0.02511579187412173,4.3
3364.0063886018506,0.7365146,0.024459607744450756,4.3
3365.0063905066213,0.8093798,0.025172618248193415,4.3
3366.0063924113924,0.6212544,0.024108230364048307,5.1000000000000005
3367.0063943161636,0.7688956,0.023932969288275836,5.1000000000000005
3368.006396220934,0.41590992,0.023133647903517678,2.6
3369.0063981257053,0.39185056,0.022669772200832924,6.9
3370.0064000304765,0.4221418,0.0215906115853957,2.9000000000000004
3371.006401935247,0.3233616,0.020878270703127595,2.9000000000000004
3372.0064038400183,0.16107658,0.021282044361375298,2.7
3373.0064057447894,0.37525126,0.02175342850289625,2.7
3374.00640764956,0.16669428,0.019442833137479146,10.8
3375.006409554331,0.19781053,0.016702889437077605,10.8
3376.0064114591023,0.17348035,0.014805118135755033,10.4
3377.006413363873,0.1890478,0.014427427277140116,10.4
3378.006415268644,0.17758283,0.014178772127878403,10.4
3379.0064171734152,0.23424044,0.011646866567827364,2.5
3380.006419078186,0.11466211,0.008596821749768996,2.5
3381.006420982957,0.32095096,0.051132044673980664,1.3
3382.006422887728,0.27202412,0.051492272080925806,1.3
3383.006424792499,0.50312597,0.052481409353749515,1.3
3384.00642669727,0.52499104,0.0526377669592698,1.3
3385.006428602041,0.6085415,0.05448733386479135,1.2000000000000002
3386.0064305068117,0.5703281,0.05499034823612441,1.2000000000000002
3387.006432411583,0.51501995,0.05508828574564305,1.2000000000000002
3388.006434316354,0.47509822,0.05552293218834988,1.2000000000000002
3389.0064362211247,0.48450488,0.05554846496700746,1.2000000000000002
3390.006438125896,0.6033425,0.05679383834911626,1.2000000000000002
3391.006440030667,0.5128253,0.02649533264669221,1.7000000000000002
3392.0064419354376,0.59089637,0.025698263561930487,1.7000000000000002
3393.0064438402087,0.64304304,0.02370409429854089,4.9
3394.00644574498,0.6431434,0.02488286322667405,2.3000000000000003
3395.0064476497505,0.62818843,0.0217619868769663,2.3000000000000003
3396.0064495545216,0.6805454,0.02088009398865705,2.5
3397.0064514592927,0.5235561,0.02134208855899553,2.5
3398.0064533640634,0.70590097,0.030254574153556625,1.4000000000000001
3399.0064552688345,0.81548285,0.05383352845193325,1.4000000000000001
3400.0064571736057,0.7729229,0.07389372029840638,1.4000000000000001
3401.0064590783763,0.54081684,0.09366352091565579,0.1
3402.0064609831475,0.54950356,0.10874447754880996,1.4000000000000001
3403.0064628879186,0.51575047,0.11943757844555063,1.4000000000000001
3404.0064647926897,0.513427,0.12185235195898608,1.9000000000000001
3405.0064666974604,0.3740165,0.14718788508483252,1.9000000000000001
3406.0064686022315,0.31392986,0.15184446636688947,1.9000000000000001
3407.0064705070026,0.105213545,0.15462614245312792,1.9000000000000001
3408.0064724117733,0.16638005,0.16774507890219803,0.5
3409.0064743165444,0.14139941,0.17914137312803466,0.5
3410.0064762213156,0.33827612,0.18086895495436187,1.2000000000000002
3411.006478126086,0.15745237,0.17860654571187323,1.8
3412.0064800308573,0.11355101,0.1778420324765018,1.8
3413.0064819356285,0.08154593,0.17508417302229165,1.8
3414.006483840399,0.09978282,0.1753616188359462,1.8
3415.0064857451703,0.07687532,0.154526773005713,1.8
3416.0064876499414,0.20407417,0.15176091057172317,1.8
3417.006489554712,0.34112686,0.15011011976078736,1.8
3418.006491459483,0.5537352,0.13601639734466714,1.8
3419.0064933642543,0.52226484,0.12029391294310739,2.3000000000000003
3420.006495269025,0.55710906,0.11984509623935465,2.3000000000000003
3421.006497173796,0.11214576,0.12318752036390926,3.5
3422.0064990785672,0.40476575,0.1308031568657268,2.5
3423.006500983338,0.30781925,0.13023288577124778,1.4000000000000001
3424.006502888109,0.16157804,0.13210050349793825,1.5
3425.00650479288,0.12681551,0.15272778052850045,1.4000000000000001
3426.006506697651,0.117852904,0.15194787617473762,1.4000000000000001
3427.006508602422,0.09537505,0.15067665373440736,1.4000000000000001
3428.006510507193,0.31307,0.14710792979274753,1.4000000000000001
3429.0065124119637,0.26948944,0.13919989945629005,1.4000000000000001
3430.006514316735,0.36634028,0.1295290010127801,1.4000000000000001
3431.006516221506,0.54786795,0.11953198834901343,1.4000000000000001
3432.0065181262767,0.42407265,0.09967457513882956,2.1
3433.006520031048,0.5316099,0.10874171112282495,1.4000000000000001
3434.006521935819,0.23181471,0.10337083002699883,1.8
3435.0065238405896,0.35522717,0.06816887738304482,1.5
3436.0065257453607,0.60573304,0.06688829254167382,1.5
3437.006527650132,0.15556203,0.06819112307965026,1.6
3438.0065295549025,0.15429366,0.06888414836438314,1.5
3439.0065314596736,0.08568405,0.07279389220747519,1.1
3440.0065333644447,0.1481517,0.0746561586368981,1.1
3441.0065352692154,0.17422123,0.07516321801213653,1.1
3442.0065371739865,0.18416655,0.07467355593145632,1.1
3443.0065390787577,0.20786478,0.04969737514702479,1.1
3444.0065409835283,0.17742285,0.05175056498053227,1.1
3445.0065428882995,0.2562541,0.05210411321393473,3.0
3446.0065447930706,0.10691057,0.05522590691868187,3.0
3447.0065466978413,0.10433757,0.056146314203151554,2.2
3448.0065486026124,0.23902518,0.05496539952233164,2.2
3449.0065505073835,0.13255963,0.051981183892082644,2.2
3450.006552412154,0.14862444,0.04947784341946828,2.2
3451.0065543169253,0.16002291,0.05224384884810629,2.5
3452.0065562216964,0.34079397,0.0510415854494314,9.0
3453.006558126467,0.4414753,0.05218896232309889,9.0
3454.006560031238,0.20857644,0.052882784848910035,9.0
3455.0065619360093,0.23892829,0.05493289116194269,9.0
3456.00656384078,0.16150247,0.05752271425218336,9.9
3457.006565745551,0.12692219,0.059304732770724074,2.4000000000000004
3458.0065676503223,0.1276528,0.061800320179880894,2.4000000000000004
3459.006569555093,0.16518065,0.059290240141534126,2.4000000000000004
3460.006571459864,0.1282064,0.058518520258644666,2.4000000000000004
3461.006573364635,0.42622012,0.05473885415105274,2.3000000000000003
3462.006575269406,0.39921406,0.05308985875278071,2.4000000000000004
3463.006577174177,0.5951622,0.05031376903417501,2.4000000000000004
3464.006579078948,0.68117005,0.04647270979288674,2.3000000000000003
3465.006580983719,0.65321636,0.0397500252190986,2.4000000000000004
3466.00658288849,0.33342963,0.030449530466849617,2.5
3467.006584793261,0.15910962,0.020660264562165808,2.6
3468.0065866980317,0.29483205,0.010701216996260482,2.2
3469.006588602803,0.46533528,0.012572322065477082,2.2
3470.006590507574,0.7848705,0.017325479005050208,1.8
3471.0065924123446,0.7647013,0.0211803401245033,1.0
3472.0065943171157,0.7347556,0.030082348919603822,1.0
3473.006596221887,0.6906777,0.035770225180511324,1.0
3474.0065981266575,0.5980411,0.038477814901580164,1.0
3475.0066000314287,0.21514489,0.045012511872956525,1.0
3476.0066019362,0.063526616,0.051851018629615046,1.6
3477.0066038409705,0.06088825,0.059610732879201246,1.0
3478.0066057457416,0.0374185,0.05986303042486744,1.0
3479.0066076505127,0.07130762,0.06149726653252739,1.0
3480.0066095552834,0.051424973,0.06286958820594607,8.5
3481.0066114600545,0.16084628,0.06352672793439378,9.3
3482.0066133648256,0.2156084,0.059910470866464116,9.3
3483.0066152695968,0.30063272,0.057308839598254016,1.4000000000000001
3484.0066171743674,0.46685764,0.05662472978406475,1.4000000000000001
3485.0066190791385,0.7304915,0.05169923435333718,1.1
3486.0066209839097,0.6121258,0.04521421047457008,3.4000000000000004
3487.0066228886803,0.8746572,0.034971149652525485,9.3
3488.0066247934515,0.71689904,0.03580448689659406,9.200000000000001
3489.0066266982226,0.91930145,0.03316719545216025,8.9
3490.0066286029933,0.8823528,0.028393365900924027,2.4000000000000004
3491.0066305077644,0.8709633,0.02421255268980093,2.4000000000000004
3492.0066324125355,0.85693467,0.02409394629538026,2.4000000000000004
3493.006634317306,0.90502626,0.023689497012557414,3.3000000000000003
3494.0066362220773,0.92099375,0.031486241526242666,9.600000000000001
3495.0066381268484,0.93175477,0.04002215314290763,2.5
3496.006640031619,0.7910403,0.04964484251138284,2.5
3497.00664193639,0.5608184,0.05009204334157573,2.5
3498.0066438411613,0.31057808,0.05232485833177483,2.5
3499.006645745932,0.4347278,0.058517886882089046,2.5
3500.006647650703,0.21469525,0.06957651518985629,2.5
3501.0066495554743,0.07530212,0.07436237349271839,2.5
3502.006651460245,0.06531863,0.07556501223864953,2.5
3503.006653365016,0.060049232,0.0778548088561988,2.5
3504.006655269787,0.37504584,0.07859021629037169,2.5
3505.006657174558,0.19805072,0.07521655689783674,2.5
3506.006659079329,0.28436896,0.06948305680072576,2.5
3507.0066609841,0.21345867,0.06892196790375524,2.5
3508.006662888871,0.20898229,0.0672611810779589,2.5
3509.006664793642,0.45914215,0.06260730560346855,5.300000000000001
3510.006666698413,0.5778712,0.051303286937984506,1.4000000000000001
3511.0066686031837,0.35958132,0.04406020892181435,1.4000000000000001
3512.006670507955,0.3152007,0.04290294557661435,5.4
3513.006672412726,0.45811054,0.039146493966909224,2.0
3514.0066743174966,0.26441726,0.0288314418399807,2.0
3515.0066762222677,0.18295763,0.027849049724222058,2.0
3516.006678127039,0.3686351,0.02996594849948821,1.5
3517.0066800318095,0.4992033,0.033272307070856266,2.0
3518.0066819365807,0.55814844,0.03306365270032974,3.8000000000000003
3519.006683841352,0.55337495,0.03196966232914491,3.8000000000000003
3520.0066857461225,0.6274674,0.029421781276559533,2.2
3521.0066876508936,0.36300597,0.02836362523515778,2.2
3522.0066895556647,0.6688567,0.02703691008181051,3.2
3523.0066914604354,0.5854549,0.026022905489364305,2.3000000000000003
3524.0066933652065,0.67908674,0.04405245476738368,2.0
3525.0066952699776,0.5642477,0.04491645775846474,2.0
3526.0066971747483,0.5710905,0.04439204367203317,2.0
3527.0066990795194,0.50990576,0.04256526924544798,2.6
3528.0067009842905,0.42217976,0.05304547090605916,1.9000000000000001
3529.006702889061,0.41860503,0.06564315494201321,1.9000000000000001
3530.0067047938323,0.46609876,0.06796973813552731,1.9000000000000001
3531.0067066986035,0.4044631,0.07321180503057508,1.7000000000000002
3532.006708603374,0.077736385,0.07406297607273019,1.9000000000000001
3533.0067105081453,0.1306803,0.0784920824778045,1.9000000000000001
3534.0067124129164,0.083781496,0.07696637600182245,2.7
3535.006714317687,0.118079215,0.07973359231410929,1.8
3536.006716222458,0.022854088,0.08489736378935253,1.8
3537.0067181272293,0.03630034,0.08537377038070974,1.8
3538.006720032,0.008888318,0.07893292406078435,2.5
3539.006721936771,0.036941573,0.07078499990064399,2.5
3540.006723841542,0.04585212,0.08109425292563922,3.5
3541.006725746313,0.087616764,0.08743985744284184,2.1
3542.006727651084,0.19917351,0.11258300679860223,2.5
3543.006729555855,0.37859276,0.11308046704196484,2.5
3544.006731460626,0.58283716,0.11594470622639369,2.3000000000000003
3545.006733365397,0.7515834,0.13462974233857905,2.5
3546.006735270168,0.8016001,0.1310841180526234,1.6
3547.0067371749387,0.8197483,0.1305026394006031,1.6
3548.00673907971,0.6203392,0.13027123585824057,1.6
3549.006740984481,0.5453315,0.12922677494634918,1.6
3550.0067428892517,0.43511036,0.12180180788183208,1.6
3551.006744794023,0.369484,0.11414729470883993,1.6
3552.006746698794,0.47388285,0.08851583697863302,1.6
3553.0067486035646,0.38248187,0.0834262080066653,1.6
3554.0067505083357,0.35237432,0.07277335908342578,9.700000000000001
3555.006752413107,0.22328247,0.0050305339141506825,10.200000000000001
3556.0067543178775,0.22700594,0.005013454900630945,13.3
3557.0067562226486,0.3114538,0.005013166482076472,13.3
3558.0067581274197,0.40038398,0.005060670166529105,13.3
3559.0067600321904,0.2114153,0.006955785311876074,13.4
3560.0067619369615,0.3790742,0.006932759196858814,13.4
3561.0067638417327,0.34926638,0.006934056630235452,13.4
3562.0067657465033,0.4098541,0.009303133752897045,15.0
3563.0067676512745,0.35029635,0.009754383342813791,15.0
3564.0067695560456,0.49129227,0.011418905472278447,13.5
3565.0067714608167,0.4336624,0.01126287070228584,11.3
3566.0067733655874,0.46185035,0.011271955762458322,14.700000000000001
3567.0067752703585,0.46199125,0.011347648528291,12.5
3568.0067771751296,0.41822255,0.013741062878192406,5.5
3569.0067790799003,0.4899959,0.14666812500375687,2.4000000000000004
3570.0067809846714,0.61096346,0.1844366435512859,2.2
3571.0067828894425,0.5355361,0.18449320701226443,2.2
3572.006784794213,0.38617972,0.1844049475695882,2.2
3573.0067866989843,0.5607705,0.1843905879094303,2.2
3574.0067886037555,0.6315132,0.18429584296705026,2.2
3575.006790508526,0.5708576,0.18430315320744514,2.2
3576.0067924132973,0.59168255,0.18430032503898236,2.2
3577.0067943180684,0.53221875,0.1842961122680747,2.2
3578.006796222839,0.2372562,0.19765553461659208,1.3
3579.00679812761,0.33103117,0.1498798823756434,0.6000000000000001
3580.0068000323813,0.36537614,0.10039463040409302,1.1
3581.006801937152,0.4922431,0.10984275962803455,1.0
3582.006803841923,0.41893244,0.11785390124716721,0.6000000000000001
3583.006805746694,0.49012426,0.1190888094397179,0.6000000000000001
3584.006807651465,0.474694,0.12050921724162394,0.6000000000000001
3585.006809556236,0.6940305,0.1204570946504238,0.6000000000000001
3586.006811461007,0.80834967,0.1256827732440131,0.9
3587.006813365778,0.8755302,0.13091748918772544,0.9
3588.006815270549,0.9341885,0.13090656870925033,0.5
3589.00681717532,0.8900044,0.11875449524843747,1.1
3590.0068190800907,0.9711329,0.11895882960917852,1.1
3591.006820984862,0.9651188,0.11064955366009112,1.1
3592.006822889633,0.9670687,0.10357062644545816,1.1
3593.0068247944037,0.97613734,0.13092694942836805,1.1
3594.006826699175,0.9519765,0.13130327397996064,1.1
3595.006828603946,0.9871269,0.13131876889908223,1.1
3596.0068305087166,0.9710434,0.12634324537712557,1.1
3597.0068324134877,0.9831402,0.1210916336063254,1.1
3598.006834318259,0.9745616,0.09883451953203481,0.9
3599.0068362230295,0.9562259,0.09148846839017713,1.2000000000000002
3600.0068381278006,0.978466,0.09053996271733698,1.1
3601.0068400325717,0.9526476,0.12844320146837618,3.1
3602.0068419373424,0.8778794,0.19318641577121412,0.1
3603.0068438421135,0.7792489,0.17557751260472332,0.1
3604.0068457468847,0.7890241,0.17420824075438457,0.1
3605.0068476516553,0.7492513,0.17422743963085532,0.1
3606.0068495564265,0.859248,0.17434643316934784,0.1
3607.0068514611976,0.89586514,0.17418925698545867,0.1
3608.0068533659683,0.9066233,0.17282397386190204,0.1
3609.0068552707394,0.90078443,0.1726886747687392,0.1
3610.0068571755105,0.7758173,0.172532093187512,0.1
3611.006859080281,0.7960793,0.14657625091868232,0.1
3612.0068609850523,0.8688907,0.014943981662405672,1.8
3613.0068628898234,0.791914,0.013804262068226238,1.8
3614.006864794594,0.7380557,0.013022252933111558,2.3000000000000003
3615.006866699365,0.48009115,0.012558606198857658,1.8
3616.0068686041363,0.5312476,0.008959767882199777,1.8
3617.006870508907,0.55911326,0.0080050886611347,1.8
3618.006872413678,0.6521489,0.007787897980128256,1.8
3619.0068743184493,0.51481396,0.008312283873485506,1.8
3620.00687622322,0.55520433,0.010081796804468631,2.2
3621.006878127991,0.9251348,0.09440683539816719,0.30000000000000004
3622.006880032762,0.69954,0.11549986525602432,1.0
3623.006881937533,0.6217094,0.11563034037814661,1.2000000000000002
3624.006883842304,0.6411907,0.1165445195711767,1.2000000000000002
3625.006885747075,0.35729307,0.12014036022050423,1.0
3626.006887651846,0.30042252,0.1583546049772817,1.3
3627.006889556617,0.413562,0.18172137484945547,1.3
3628.006891461388,0.5578882,0.18784414691779072,1.5
3629.0068933661587,0.6346529,0.1915414810834883,1.5
3630.00689527093,0.50691706,0.1959781407776067,1.3
3631.006897175701,0.5337785,0.17400052714779282,1.3
3632.0068990804716,0.66340494,0.17674527381181182,1.6
3633.0069009852427,0.614013,0.18602615028788505,1.6
3634.006902890014,0.7895367,0.19211653771718806,1.6
3635.0069047947845,0.5125776,0.19355753156163405,1.6
3636.0069066995557,0.5069335,0.16445822836586518,1.6
3637.006908604327,0.28894013,0.13883705715771047,2.5
3638.0069105090975,0.5409085,0.13052366681840438,4.800000000000001
3639.0069124138686,0.44618475,0.138705943800583,3.2
3640.0069143186397,0.17990041,0.1339242512751133,1.5
3641.0069162234104,0.16217303,0.13308544178385723,1.5
3642.0069181281815,0.20039414,0.11599639949006375,1.0
3643.0069200329526,0.23031333,0.10734882867011908,1.0
3644.0069219377233,0.24219124,0.09984297526802371,1.0
3645.0069238424944,0.3579641,0.09386690055500974,1.3
3646.0069257472655,0.281017,0.09866972029155725,1.3
3647.0069276520367,0.3678839,0.09999021757310173,1.3
3648.0069295568073,0.16378853,0.10718158552097411,1.0
3649.0069314615785,0.29791746,0.09002179270310935,1.2000000000000002
3650.0069333663496,0.3652445,0.088614255832145,1.2000000000000002
3651.0069352711203,0.71672827,0.08731826038248633,1.2000000000000002
3652.0069371758914,0.5860507,0.09175441166958019,5.800000000000001
3653.0069390806625,0.63166696,0.0969621092722874,0.8
3654.006940985433,0.852328,0.09404883685726502,2.2
3655.0069428902043,0.76297474,0.09340977144073612,2.2
3656.0069447949754,0.92443275,0.08774953403114868,2.2
3657.006946699746,0.88779914,0.08619218713568726,2.2
3658.006948604517,0.9548678,0.08564736351008967,2.1
3659.0069505092883,0.82412374,0.08504972357598349,2.1
3660.006952414059,0.8703518,0.08423110236439825,2.3000000000000003
3661.00695431883,0.90762794,0.08233178893538726,6.0
3662.0069562236013,0.9358746,0.14886012483297018,1.2000000000000002
3663.006958128372,0.8650464,0.14399447956976716,1.7000000000000002
3664.006960033143,0.94198245,0.14257586291567192,1.7000000000000002
3665.006961937914,0.9321423,0.1772929357831564,1.2000000000000002
3666.006963842685,0.9282506,0.19453550453252902,2.6
3667.006965747456,0.92206246,0.19435198865010142,2.6
3668.006967652227,0.93521905,0.1907679736752854,1.6
3669.006969556998,0.9101095,0.1905008985400435,1.6
3670.006971461769,0.8128595,0.19033602542986197,1.6
3671.00697336654,0.82646805,0.19032568239039935,1.6
3672.0069752713107,0.93257374,0.13836941161800217,1.2000000000000002
3673.006977176082,0.83367586,0.13469645876763306,1.3
3674.006979080853,0.62465036,0.13451200805138788,1.4000000000000001
3675.0069809856236,0.5203666,0.08256859794890377,6.9
3676.0069828903947,0.4316674,0.01776599314432535,11.100000000000001
3677.006984795166,0.60189414,0.01847701153045623,11.100000000000001
3678.0069866999365,0.39024496,0.017991317777358497,8.4
3679.0069886047077,0.25909778,0.018142063345402932,8.4
3680.006990509479,0.3318627,0.017880565443908224,8.4
3681.0069924142495,0.41706744,0.01765959705011949,8.4
3682.0069943190206,0.4135982,0.017378319809983073,8.4
3683.0069962237917,0.7112795,0.014762115842391791,11.3
3684.0069981285624,0.58402306,0.01425604804851048,11.3
3685.0070000333335,0.4452892,0.012307273667766223,10.100000000000001
3686.0070019381046,0.25089142,0.009982091607265603,2.9000000000000004
3687.0070038428753,0.36145952,0.006475324066449693,9.9
3688.0070057476464,0.3679494,0.006166518761580097,9.9
3689.0070076524175,0.28071594,0.005645090450201921,9.9
3690.007009557188,0.4892223,0.005416316490309892,9.9
3691.0070114619593,0.39599043,0.005009233267857823,9.9
3692.0070133667305,0.45656058,0.005195975993541816,8.4
3693.007015271501,0.46675363,0.005170905519525639,9.0
3694.0070171762723,0.7082668,0.005090894119403517,9.0
3695.0070190810434,0.6377156,0.005132670587843454,11.9
3696.007020985814,0.6271768,0.004886806319985215,11.9
3697.007022890585,0.57050455,0.004753465792574287,11.9
3698.0070247953563,0.54419994,0.005279983183089972,11.8
3699.007026700127,0.6036448,0.00585602783426171,11.8
3700.007028604898,0.5915427,0.006071337244155614,9.5
3701.007030509669,0.49405944,0.006556939676538891,9.5
3702.00703241444,0.49834618,0.01072193639095512,9.3
3703.007034319211,0.51477075,0.013339221699381574,10.0
3704.007036223982,0.49958962,0.013475839704878723,10.0
3705.007038128753,0.6035517,0.014616085342489102,10.200000000000001
3706.007040033524,0.5789227,0.01542017812402138,10.100000000000001
3707.007041938295,0.58077824,0.02041406513572482,6.5
3708.0070438430657,0.38204762,0.021325554825097834,6.7
3709.007045747837,0.7255977,0.02178970611026291,6.7
3710.007047652608,0.7714742,0.02213806752162937,9.9
3711.0070495573787,0.6505196,0.022029213809538928,6.5
3712.00705146215,0.5878692,0.02050572198040111,6.5
3713.007053366921,0.66645527,0.019169247236293235,7.9
3714.0070552716916,0.65628886,0.026196906652529797,7.9
3715.0070571764627,0.74127346,0.030114671201241727,6.6000000000000005
3716.007059081234,0.8130529,0.032634562009762315,6.6000000000000005
3717.0070609860045,0.76615214,0.03301696803101818,9.3
3718.0070628907756,0.6243994,0.032925170836311135,10.100000000000001
3719.0070647955467,0.7618454,0.03456394241487338,9.3
3720.0070667003174,0.8264519,0.06670870136015518,0.4
3721.0070686050885,0.69173145,0.08030504571750569,1.6
3722.0070705098597,0.8388052,0.08025996675101782,1.6
3723.0070724146303,0.8311006,0.08020168259593942,1.6
3724.0070743194015,0.77467424,0.08040436738350912,1.9000000000000001
3725.0070762241726,0.84415823,0.11208759828370413,1.6
3726.0070781289432,0.8599096,0.11363316173060672,1.6
3727.0070800337144,0.93807214,0.11410140027471115,1.6
3728.0070819384855,0.95819825,0.11404746269520129,1.6
3729.0070838432566,0.971255,0.1134779398766712,1.6
3730.0070857480273,0.9732968,0.10695335078651896,1.6
3731.0070876527984,0.97832084,0.09718054559773986,1.6
3732.0070895575695,0.9850332,0.09715950760377286,1.6
3733.00709146234,0.98462796,0.09714618725636978,1.6
3734.0070933671113,0.97491646,0.09517951053515876,1.6
3735.0070952718825,0.9320856,0.05196845499913702,2.3000000000000003
3736.007097176653,0.9249779,0.04652066437758503,2.0
3737.0070990814243,0.89107484,0.04304947876401856,1.9000000000000001
3738.0071009861954,0.9371469,0.04564246497634886,2.0
3739.007102890966,0.99021727,0.04563111782748445,2.0
3740.007104795737,0.97541034,0.0179264665794625,1.8
3741.0071067005083,0.9788264,0.022790579844129442,5.0
3742.007108605279,0.9311792,0.02329083177450773,5.0
3743.00711051005,0.9656295,0.023356963965904535,5.0
3744.007112414821,0.9491934,0.02365619018201803,5.0
3745.007114319592,0.96130556,0.024347832505548853,0.30000000000000004
3746.007116224363,0.8955813,0.024587318032909318,1.5
3747.007118129134,0.8806482,0.02417273464605023,5.0
3748.007120033905,0.8789166,0.01838134164100851,0.30000000000000004
3749.007121938676,0.92646575,0.01864335960784153,0.30000000000000004
3750.007123843447,0.87046325,0.02024083044866217,4.0
3751.0071257482177,0.86534405,0.015486860473707849,15.0
3752.007127652989,0.95708907,0.014984339870674913,1.7000000000000002
3753.00712955776,0.923105,0.015003426074959875,15.0
3754.0071314625307,0.94163626,0.01463843634049785,15.0
3755.007133367302,0.91196865,0.014084403786688451,3.5
3756.007135272073,0.9244069,0.013712981891181341,1.8
3757.0071371768436,0.945398,0.015012019909269553,2.5
3758.0071390816147,0.91284794,0.014936294048833074,4.2
3759.007140986386,0.89207673,0.014420774383176014,4.2
3760.0071428911565,0.9247165,0.011532013866910894,0.1
3761.0071447959276,0.876237,0.010631733378170123,0.1
3762.0071467006987,0.8569133,0.009950311237409724,0.1
3763.0071486054694,0.82042456,0.00962265632717373,4.2
3764.0071505102405,0.691241,0.011592708679362783,6.5
3765.0071524150117,0.37747663,0.0108733632137644,5.1000000000000005
3766.0071543197823,0.4246019,0.010843386587066392,3.7
3767.0071562245535,0.32012835,0.008689123629194632,4.9
3768.0071581293246,0.5552139,0.008762109671668744,2.5
3769.0071600340953,0.39626253,0.008870654396350089,2.5
3770.0071619388664,0.2791823,0.009039400127478149,2.5
3771.0071638436375,0.61159754,0.009321444442789623,2.5
3772.007165748408,0.5525833,0.009568376224988167,2.5
3773.0071676531793,0.6669207,0.009514500240947688,2.5
3774.0071695579504,0.4952478,0.00647497033506745,2.5
3775.007171462721,0.41210824,0.0061362847856364765,2.5
3776.007173367492,0.37758985,0.005766848960632531,2.5
3777.0071752722633,0.40423843,0.005656486694963622,2.5
3778.007177177034,0.47147122,0.004992606147354131,3.6
3779.007179081805,0.3580895,0.004678305670989294,3.6
3780.0071809865763,0.38538286,0.004354547606668669,3.6
3781.007182891347,0.6253395,0.01759344272054089,0.1
3782.007184796118,0.67884177,0.017753113428894435,0.1
3783.007186700889,0.8615472,0.01795194330982745,0.1
3784.00718860566,0.58996403,0.018227016421079986,0.1
3785.007190510431,0.88168067,0.018663262424067177,0.1
3786.007192415202,0.9086126,0.018977877715283708,3.2
3787.0071943199728,0.92029727,0.07058018629093761,1.4000000000000001
3788.007196224744,0.88381934,0.09993038741922577,2.4000000000000004
3789.007198129515,0.8280604,0.10359454385484286,1.4000000000000001
3790.0072000342857,0.6413946,0.10963169742409161,2.2
3791.007201939057,0.5598815,0.11082495913436578,1.4000000000000001
3792.007203843828,0.72316474,0.11086501187572664,1.4000000000000001
3793.0072057485986,0.58937794,0.11092855133220537,1.3
3794.0072076533697,0.63298917,0.11107756478389376,2.2
3795.007209558141,0.6622788,0.11118959550292119,1.3
3796.0072114629115,0.80932426,0.11143386990180018,1.3
3797.0072133676827,0.8823643,0.0882739630872898,2.1
3798.007215272454,0.9521654,0.05245446984175746,2.2
3799.0072171772244,0.9606905,0.04514579617875333,1.9000000000000001
3800.0072190819956,0.971502,0.0273377669043749,1.7000000000000002
3801.0072209867667,0.93409806,0.02022024973482053,7.9
3802.0072228915374,0.9206258,0.020612516200425337,5.1000000000000005
3803.0072247963085,0.94154453,0.020166060885114547,5.1000000000000005
3804.0072267010796,0.96036965,0.019073048703714485,1.7000000000000002
3805.0072286058503,0.9585525,0.01822422971004696,5.1000000000000005
3806.0072305106214,0.9728702,0.016203297039587113,0.1
3807.0072324153925,0.9846466,0.01598452369940628,0.1
3808.007234320163,0.9606544,0.015866408753257375,0.1
3809.0072362249343,0.9802059,0.015148105621446369,0.1
3810.0072381297055,0.95060986,0.013538915140319083,1.7000000000000002
3811.0072400344766,0.95370716,0.012957885523329276,1.7000000000000002
3812.0072419392473,0.96846324,0.01261991797118444,1.7000000000000002
3813.0072438440184,0.9849946,0.012754288110541702,1.7000000000000002
3814.0072457487895,0.9620279,0.019210376694070965,0.9
3815.00724765356,0.98660535,0.020386581950487898,1.2000000000000002
3816.0072495583313,0.9778252,0.020577206905087207,1.2000000000000002
3817.0072514631024,0.93692815,0.022859769515904665,1.0
3818.007253367873,0.9773069,0.023472460395230762,1.7000000000000002
3819.007255272644,0.9296927,0.025567574093797747,1.7000000000000002
3820.0072571774153,0.94725597,0.026230004649736453,3.8000000000000003
3821.007259082186,0.9015545,0.025129923821556082,3.8000000000000003
3822.007260986957,0.73956555,0.025437985371546627,3.8000000000000003
3823.0072628917283,0.859036,0.02536017108441781,3.8000000000000003
3824.007264796499,0.7551719,0.020774939036766065,3.8000000000000003
3825.00726670127,0.769333,0.019612006177228476,3.8000000000000003
3826.007268606041,0.7470466,0.01949843427620411,3.8000000000000003
3827.007270510812,0.82466835,0.01658910860732656,3.9000000000000004
3828.007272415583,0.79923743,0.015540141191133432,3.8000000000000003
3829.007274320354,0.81744754,0.011755574732675867,1.8
3830.0072762251248,0.7996367,0.00865623401061225,5.6000000000000005
3831.007278129896,0.7296833,0.007856302565226696,5.6000000000000005
3832.007280034667,0.5867268,0.007805727600414208,8.3
3833.0072819394377,0.8157281,0.00893608298112995,8.3
3834.007283844209,0.81945014,0.00919818144658921,8.3
3835.00728574898,0.8103767,0.009170910042606248,8.3
3836.0072876537506,0.83214086,0.009011845489166883,8.3
3837.0072895585217,0.87953776,0.00892210041199138,8.3
3838.007291463293,0.8238698,0.008928390603418523,8.3
3839.0072933680635,0.8250407,0.008868965391362227,8.3
3840.0072952728347,0.8826465,0.008729308935851852,8.3
3841.007297177606,0.89563644,0.008620724821190777,8.3
3842.0072990823764,0.81213546,0.006725798715517816,7.800000000000001
3843.0073009871476,0.74703574,0.006937327037285804,2.5
3844.0073028919187,0.9136129,0.01857621921226933,2.7
3845.0073047966894,0.8785453,0.026403372668863567,14.600000000000001
3846.0073067014605,0.93317646,0.030884460948185807,4.0
3847.0073086062316,0.8581224,0.03250610398018852,3.2
3848.0073105110023,0.52419186,0.03841744406562516,3.9000000000000004
3849.0073124157734,0.3062964,0.054304076544566524,4.2
3850.0073143205445,0.22087339,0.054973846057231726,4.4
3851.007316225315,0.19368112,0.05523795558374284,4.4
3852.0073181300863,0.30670887,0.05607645181485646,4.4
3853.0073200348575,0.4092396,0.055994202550990246,4.4
3854.007321939628,0.44106603,0.053378688245354605,4.2
3855.0073238443993,0.5991065,0.05023197788531917,4.2
3856.0073257491704,0.60237694,0.047665790352127826,4.4
3857.007327653941,0.70511943,0.04657061496348122,4.4
3858.007329558712,0.6966616,0.04187154570846866,4.4
3859.0073314634833,0.53063077,0.015942495687232744,6.5
3860.007333368254,0.61990213,0.01380508671019217,6.5
3861.007335273025,0.40244102,0.012718003128689535,6.5
3862.007337177796,0.17456076,0.008560722194504638,5.9
3863.007339082567,0.22946216,0.008351345734902246,10.200000000000001
3864.007340987338,0.1671688,0.008162485182421984,10.200000000000001
3865.007342892109,0.661294,0.029632329464002464,1.1
3866.00734479688,0.7130614,0.029764845500458516,1.1
3867.007346701651,0.69130206,0.030777065845937018,0.8
3868.007348606422,0.7020357,0.03165055835927818,1.3
3869.0073505111927,0.78031296,0.032213694988165335,1.3
3870.007352415964,0.7160107,0.03268772381170127,1.3
3871.007354320735,0.82625204,0.034167986717455544,1.3
3872.0073562255056,0.8391542,0.08100721702651423,1.9000000000000001
3873.0073581302768,0.8857877,0.08641219827177893,1.6
3874.007360035048,0.74527186,0.08802007684321254,1.6
3875.0073619398186,0.7637077,0.09212476845903884,1.6
3876.0073638445897,0.71034455,0.09332483523941947,1.7000000000000002
3877.007365749361,0.7013996,0.09502472536804717,1.6
3878.0073676541315,0.67099327,0.09815180822668132,1.8
3879.0073695589026,0.50550824,0.09945482502031566,1.8
3880.0073714636737,0.5344977,0.10053823590190235,1.8
3881.0073733684444,0.6821582,0.10394645340331128,1.8
3882.0073752732155,0.7660171,0.10091419342710103,3.3000000000000003
3883.0073771779867,0.5770307,0.09731387955294653,1.9000000000000001
3884.0073790827573,0.6895493,0.09583080798912992,2.2
3885.0073809875284,0.41351357,0.08737756967853946,1.9000000000000001
3886.0073828922996,0.69001174,0.0859954998278626,1.8
3887.0073847970702,0.74213165,0.08376661100929278,3.0
3888.0073867018414,0.6506167,0.07967230012561922,3.8000000000000003
3889.0073886066125,0.5811311,0.07787035710621999,3.8000000000000003
3890.007390511383,0.53524536,0.07631321859981494,3.9000000000000004
3891.0073924161543,0.1441284,0.0709302425546871,4.0
3892.0073943209254,0.16113226,0.015293983135755198,9.3
3893.0073962256965,0.14195915,0.007112941614383969,12.700000000000001
3894.007398130467,0.13944334,0.0071080340003702065,12.700000000000001
3895.0074000352383,0.1399726,0.0070923685813571655,12.700000000000001
3896.0074019400095,0.1618493,0.006803285008575821,12.700000000000001
3897.00740384478,0.15832362,0.006808461169885807,12.600000000000001
3898.0074057495513,0.16477211,0.006801555118295085,6.2
3899.0074076543224,0.26180357,0.02115876120330392,9.600000000000001
3900.007409559093,0.3735262,0.021624234230415026,9.1
3901.007411463864,0.17125645,0.02537586956887491,4.9
3902.0074133686353,0.2948281,0.025328342630250442,4.9
3903.007415273406,0.28291908,0.025359548006442762,4.9
3904.007417178177,0.38774544,0.025908014947749556,4.9
3905.007419082948,0.3871655,0.026007794479890205,4.9
3906.007420987719,0.48899418,0.02602180115015488,4.9
3907.00742289249,0.5324342,0.026134704356501646,4.9
3908.007424797261,0.515467,0.02673563292169571,4.800000000000001
3909.007426702032,0.67909014,0.019700187562571747,7.9
3910.007428606803,0.57440937,0.019106666059362207,4.800000000000001
3911.007430511574,0.7017165,0.013373326847197237,8.1
3912.0074324163447,0.583062,0.013438380915623958,8.1
3913.007434321116,0.575131,0.013345454401972085,8.1
3914.007436225887,0.4286864,0.01348391960429934,10.700000000000001
3915.0074381306576,0.4645028,0.013423340452530444,10.700000000000001
3916.0074400354288,0.53058094,0.013479610193544572,10.700000000000001
3917.0074419402,0.36741173,0.013800167909808897,11.100000000000001
3918.0074438449706,0.4177173,0.012713986946795547,11.100000000000001
3919.0074457497417,0.512649,0.009602108720878032,7.0
3920.007447654513,0.33903006,0.008704602837469043,10.0
3921.0074495592835,0.2844306,0.008198195933099822,10.0
3922.0074514640546,0.45236683,0.008253595605519254,10.0
3923.0074533688257,0.37526077,0.008325947356343653,10.0
3924.0074552735964,0.5349804,0.006128200352598687,7.7
3925.0074571783675,0.57800424,0.0058288411636548375,7.7
3926.0074590831387,0.27109393,0.005623920074871244,7.7
3927.0074609879093,0.20301129,0.004464155976323732,7.7
3928.0074628926805,0.20726295,0.004289594385918246,7.7
3929.0074647974516,0.23364215,0.003720842497003094,7.7
3930.0074667022222,0.3839946,0.003569674776052087,7.7
3931.0074686069934,0.2569523,0.0035571697904428832,8.3
3932.0074705117645,0.20051463,0.003102874851128712,7.800000000000001
3933.007472416535,0.21011333,0.0029859832719397843,7.800000000000001
3934.0074743213063,0.21468522,0.003082365896999512,14.700000000000001
3935.0074762260774,0.20385078,0.003194772053696998,14.700000000000001
3936.007478130848,0.2181494,0.003407594931025861,14.700000000000001
3937.007480035619,0.4499533,0.003309085833441476,11.100000000000001
3938.0074819403903,0.3345522,0.0032334130281134357,11.100000000000001
3939.007483845161,0.3844179,0.0032598634809934035,11.100000000000001
3940.007485749932,0.33743373,0.003290599048595194,11.100000000000001
3941.0074876547033,0.32380533,0.0032951629463013814,11.100000000000001
3942.007489559474,0.21544698,0.0032987697150098304,11.100000000000001
3943.007491464245,0.22742514,0.0032021842724099183,11.100000000000001
3944.007493369016,0.22107022,0.003060419666776972,11.100000000000001
3945.007495273787,0.2166419,0.0028788325599588068,11.3
3946.007497178558,0.21715704,0.002594667983447661,11.0
3947.007499083329,0.22956625,0.0021157414096347887,14.200000000000001
3948.0075009880998,0.22653642,0.00202266275184075,9.3
3949.007502892871,0.22522677,0.0020113527127830337,9.3
3950.007504797642,0.22256774,0.0019461902413238127,9.700000000000001
3951.0075067024127,0.20658496,0.0019954891534929276,15.0
3952.007508607184,0.39312705,0.0029259360762983228,15.0
3953.007510511955,0.3993619,0.004395717350013554,11.8
3954.0075124167256,0.5188769,0.004976370408316159,11.600000000000001
3955.0075143214967,0.44284588,0.007283276782165791,9.4
3956.007516226268,0.6198283,0.00840034807670714,10.200000000000001
3957.0075181310385,0.54931515,0.008586055948490908,10.200000000000001
3958.0075200358096,0.6577559,0.009510263289804984,9.3
3959.007521940581,0.55189043,0.009574688791203153,9.9
3960.0075238453514,0.5204453,0.009594702847910178,9.9
3961.0075257501226,0.41804284,0.009590686619314491,9.9
3962.0075276548937,0.40987667,0.009410411367276468,9.9
3963.0075295596644,0.3742742,0.008894656773907725,4.3
3964.0075314644355,0.49653935,0.008877242484100708,8.6
3965.0075333692066,0.1514264,0.00730328198650463,9.9
3966.0075352739773,0.1941766,0.0060461240972880664,4.5
3967.0075371787484,0.15057349,0.006209941677244444,8.0
3968.0075390835195,0.13734977,0.006801679954653536,13.700000000000001
3969.00754098829,0.15149295,0.006730419942542561,13.700000000000001
3970.0075428930613,0.19252686,0.0067158648694456745,13.700000000000001
3971.0075447978325,0.26488572,0.006710475907637102,13.700000000000001
3972.007546702603,0.23558465,0.006681424982974455,13.700000000000001
3973.0075486073742,0.1701803,0.0066448678160873015,14.0
3974.0075505121454,0.15835121,0.00624364340768083,13.700000000000001
3975.0075524169165,0.18671088,0.006015045480066734,13.700000000000001
3976.007554321687,0.15338324,0.0059568687016854785,13.8
3977.0075562264583,0.17591697,0.005690716816495249,13.700000000000001
3978.0075581312294,0.21307413,0.002860979695802809,14.100000000000001
3979.007560036,0.42539656,0.00465047186783108,15.0
3980.007561940771,0.3362975,0.00588116254302022,6.9
3981.0075638455423,0.25388697,0.005886963515969432,6.9
3982.007565750313,0.25647226,0.005838090380877644,6.9
3983.007567655084,0.27641615,0.005764705989808329,6.9
3984.0075695598553,0.25136387,0.005775783413619249,6.9
3985.007571464626,0.25964278,0.0059020016299429255,6.800000000000001
3986.007573369397,0.2120451,0.005921527037117123,6.800000000000001
3987.007575274168,0.18679741,0.007461078583734094,6.800000000000001
3988.007577178939,0.27574837,0.007590800295143078,6.0
3989.00757908371,0.19952305,0.006700920717962053,6.300000000000001
3990.007580988481,0.24297944,0.0060610344593310045,9.700000000000001
3991.0075828932518,0.5213029,0.009273110239225925,5.6000000000000005
3992.007584798023,0.47584346,0.012309813989483085,5.300000000000001
3993.007586702794,0.6250174,0.013764652133961525,5.300000000000001
3994.0075886075647,0.6741424,0.014942565566482416,9.700000000000001
3995.007590512336,0.77114785,0.01870377025380725,9.700000000000001
3996.007592417107,0.6743686,0.01879395474340494,9.700000000000001
3997.0075943218776,0.65323126,0.018194449048478428,9.700000000000001
3998.0075962266487,0.54671454,0.018136506809373464,9.700000000000001
3999.00759813142,0.553559,0.018108636362605977,9.700000000000001
4000.0076000361905,0.4282439,0.01821437133141608,9.700000000000001
4001.0076019409616,0.4311714,0.01680110534727823,9.700000000000001
4002.007603845733,0.21953054,0.014712546915020629,9.700000000000001
4003.0076057505034,0.25679454,0.013361770627369086,8.9
4004.0076076552746,0.19960226,0.01202185442035407,8.9
4005.0076095600457,0.20118104,0.0041374888962186366,5.800000000000001
4006.0076114648164,0.2228337,0.0037658685533020595,10.0
4007.0076133695875,0.17622429,0.003725628834021295,5.800000000000001
4008.0076152743586,0.2090757,0.0038971177940091313,10.0
4009.0076171791293,0.166286,0.0040076859976881435,14.100000000000001
4010.0076190839004,0.16448572,0.0028441939620160246,10.5
4011.0076209886715,0.15815265,0.002930672737248231,10.5
4012.007622893442,0.1557572,0.0038333842216341078,14.8
4013.0076247982133,0.16157542,0.0038449318870718368,14.8
4014.0076267029845,0.15756193,0.0038614510076687343,14.5
4015.007628607755,0.1368392,0.0037676202184381757,14.5
4016.0076305125262,0.15422136,0.0036566213354404958,13.9
4017.0076324172974,0.15589763,0.0036248241642993576,13.9
4018.007634322068,0.18869841,0.0035943986207662214,14.600000000000001
4019.007636226839,0.17596826,0.00354351958888015,14.600000000000001
4020.0076381316103,0.23687942,0.003520077484499221,14.3
4021.007640036381,0.21719788,0.003454417833073289,14.600000000000001
4022.007641941152,0.24226567,0.0027758896323003997,11.9
4023.007643845923,0.21824619,0.0027804701553725995,14.200000000000001
4024.007645750694,0.19896944,0.0028616330471073906,12.4
4025.007647655465,0.19872503,0.003075014131930241,13.4
4026.007649560236,0.26355416,0.07924874427635241,1.7000000000000002
4027.007651465007,0.33408555,0.09835835775121342,1.3
4028.007653369778,0.5530076,0.10339647895982246,1.2000000000000002
4029.007655274549,0.506665,0.12626669930713988,2.5
4030.0076571793197,0.53462607,0.1283311293182703,2.1
4031.007659084091,0.56893355,0.152661348315315,2.1
4032.007660988862,0.58201396,0.16927103138726313,1.4000000000000001
4033.0076628936326,0.6375748,0.16920744177073135,1.4000000000000001
4034.0076647984038,0.81689215,0.16928649789952155,1.4000000000000001
4035.007666703175,0.68070954,0.17777937544255254,1.4000000000000001
4036.0076686079456,0.7777579,0.16088012927589773,1.4000000000000001
4037.0076705127167,0.7269916,0.1506936857562833,2.0
4038.007672417488,0.7158743,0.14744054647285568,1.4000000000000001
4039.0076743222585,0.754262,0.12889223639578498,1.1
4040.0076762270296,0.60813475,0.127058051474841,1.4000000000000001
4041.0076781318007,0.73996675,0.0960979125055973,1.4000000000000001
4042.0076800365714,0.7013244,0.06090404798476222,1.3
4043.0076819413425,0.65956575,0.06056673473578634,1.4000000000000001
4044.0076838461137,0.60859084,0.05990174475711574,2.1
4045.0076857508843,0.27975276,0.023218282106723106,11.100000000000001
4046.0076876556554,0.54345965,0.06028277299306568,1.3
4047.0076895604266,0.46074063,0.062295657249798006,1.4000000000000001
4048.0076914651972,0.44736046,0.06269335067927341,1.5
4049.0076933699684,0.50880104,0.06367627981777174,1.5
4050.0076952747395,0.35385364,0.06378093749553554,1.5
4051.00769717951,0.43054935,0.06378544588536714,1.5
4052.0076990842813,0.5139928,0.06380197066683915,1.5
4053.0077009890524,0.6190462,0.06384515884843729,1.5
4054.007702893823,0.6795406,0.06397093300153568,1.5
4055.007704798594,0.25446045,0.06362714774693105,1.5
4056.0077067033653,0.46755606,0.026961964182988053,4.5
4057.0077086081365,0.38565677,0.01593857099517257,8.8
4058.007710512907,0.37714574,0.014230570616046838,8.1
4059.0077124176782,0.68917906,0.008894543124306202,10.3
4060.0077143224494,0.52104235,0.007825145937859032,10.3
4061.00771622722,0.33954635,0.007616611318321988,10.3
4062.007718131991,0.22986832,0.007306309649169011,10.5
4063.0077200367623,0.19977252,0.006693258390173605,10.5
4064.007721941533,0.20194979,0.006462486280639811,9.600000000000001
4065.007723846304,0.27089256,0.006310715075008627,10.4
4066.007725751075,0.23010685,0.006360180047879956,10.4
4067.007727655846,0.19513121,0.006094723988963342,10.4
4068.007729560617,0.14783385,0.0058631751893758665,10.4
4069.007731465388,0.17391111,0.005341133667639013,10.3
4070.007733370159,0.17694324,0.005264973983407597,10.3
4071.00773527493,0.19463076,0.005210564885366572,10.3
4072.007737179701,0.17362307,0.005272607673274246,10.5
4073.0077390844717,0.21222846,0.005210257796216672,10.100000000000001
4074.007740989243,0.2057894,0.003942725048698651,8.0
4075.007742894014,0.36185506,0.041881865503324005,0.30000000000000004
4076.0077447987846,0.21058324,0.06991871416498965,1.3
4077.0077467035558,0.09488131,0.07290443087554788,1.5
4078.007748608327,0.45126173,0.08422357368957112,1.4000000000000001
4079.0077505130976,0.57833815,0.08744056168697763,1.5
4080.0077524178687,0.38735473,0.09957448858036508,1.1
4081.00775432264,0.36301044,0.09962167288031877,1.1
4082.0077562274105,0.40485007,0.09971352068069404,1.1
4083.0077581321816,0.37923545,0.09973363054383853,1.1
4084.0077600369527,0.504276,0.09972303279199886,1.1
4085.0077619417234,0.66194993,0.09068538019794173,1.8
4086.0077638464945,0.70226896,0.07133685830759771,3.0
4087.0077657512657,0.7313246,0.06849523505635774,3.0
4088.0077676560363,0.6218132,0.05805412683426124,1.7000000000000002
4089.0077695608074,0.529575,0.05545890927431931,7.5
4090.0077714655786,0.26784062,0.03254260825877022,7.800000000000001
4091.0077733703492,0.44007236,0.03256372843748753,7.800000000000001
4092.0077752751204,0.44182172,0.032568926692723224,7.7
4093.0077771798915,0.6612367,0.0759565924822852,2.2
4094.007779084662,0.703604,0.07637660123178246,1.8
4095.0077809894333,0.6525079,0.07744136895546731,2.0
4096.007782894205,0.69260323,0.07804467869975315,2.4000000000000004
4097.007784798975,0.83258,0.07795453181903214,2.4000000000000004
4098.007786703746,0.6519874,0.07533379959856018,1.7000000000000002
4099.007788608517,0.71887577,0.07366683501197029,2.1
4100.007790513288,0.7155446,0.07453212938876032,2.1
4101.007792418059,0.86875075,0.07442968826925773,2.1
4102.00779432283,0.8814338,0.0742809807356408,2.1
4103.007796227601,0.80941284,0.02849645680970286,2.1
4104.007798132372,0.90212446,0.027290364153061672,2.1
4105.007800037143,0.9014818,0.02394511199117594,2.1
4106.007801941914,0.8517476,0.021520891001443585,2.1
4107.007803846685,0.805364,0.02111346287934835,2.1
4108.007805751456,0.6444356,0.019658001891468085,2.3000000000000003
4109.007807656227,0.4787224,0.019607323813735908,2.3000000000000003
4110.007809560998,0.13499907,0.0027106601064124953,13.4
4111.007811465769,0.12712051,0.002406227994430258,12.100000000000001
4112.00781337054,0.35926503,0.0023601360856902163,14.700000000000001
4113.007815275311,0.16774958,0.002361408712904542,10.3
4114.0078171800815,0.22435944,0.0023254332640082107,12.100000000000001
4115.007819084853,0.32152864,0.0023118366625534932,10.3
4116.007820989624,0.3540906,0.002319763820141096,10.3
4117.007822894395,0.16266969,0.002235088046668916,10.3
4118.007824799166,0.1596266,0.002255967231098632,10.3
4119.007826703937,0.16756009,0.0023012833668198717,10.3
4120.007828608707,0.14209966,0.002213987526438884,10.3
4121.007830513478,0.14367138,0.00208849566255088,11.200000000000001
4122.00783241825,0.14568195,0.0020614087467825917,11.200000000000001
4123.007834323021,0.13321516,0.0019744459732909427,11.100000000000001
4124.007836227792,0.13529798,0.0019305485496623625,11.200000000000001
4125.007838132563,0.20391726,0.001985519783694916,11.100000000000001
4126.007840037333,0.1557096,0.0019521010609394418,11.100000000000001
4127.007841942104,0.13755067,0.0019026727868943364,14.4
4128.007843846875,0.19298911,0.001895092222553001,11.600000000000001
4129.0078457516465,0.2018098,0.001786006258034116,14.4
4130.007847656418,0.1984493,0.0018323374442519352,7.1000000000000005
4131.007849561189,0.2950974,0.0018450091850178696,14.700000000000001
4132.007851465959,0.14376606,0.001905234818877393,11.5
4133.00785337073,0.1702255,0.0019203811824427173,11.5
4134.007855275501,0.20234789,0.0019738323101575156,11.5
4135.007857180272,0.15277135,0.0019306346535251546,14.5
4136.0078590850435,0.18883683,0.0020014539540326127,14.3
4137.007860989815,0.17350592,0.0020200560147000694,14.3
4138.007862894585,0.21305318,0.0021477144198330015,14.100000000000001
4139.007864799356,0.17217813,0.0026768869066519886,12.3
4140.007866704127,0.15375373,0.002829367795344093,12.600000000000001
4141.007868608898,0.19172615,0.0031497590599767564,12.600000000000001
4142.007870513669,0.17365392,0.00371683404944023,10.600000000000001
4143.0078724184405,0.14656429,0.0037243235476034434,10.600000000000001
4144.007874323211,0.13637066,0.0037169950128582217,10.600000000000001
4145.007876227982,0.1540018,0.0038204330581823524,10.600000000000001
4146.007878132753,0.12282527,0.00382602375808856,10.600000000000001
4147.007880037524,0.16864644,0.003845260858681299,10.600000000000001
4148.007881942295,0.11987285,0.0037737839132610876,10.600000000000001
4149.007883847066,0.15516134,0.0035373826878270288,13.8
4150.0078857518365,0.16319935,0.0035429989197459312,10.3
4151.007887656608,0.24843769,0.003386701896180982,10.3
4152.007889561379,0.2703484,0.0031461208330640753,10.3
4153.00789146615,0.19577874,0.0031764576291321983,9.8
4154.007893370921,0.17862362,0.0032123633572351236,10.3
4155.007895275692,0.17647262,0.003098721305004031,10.3
4156.007897180462,0.20688523,0.003016257511202969,10.3
4157.0078990852335,0.17542753,0.0035987762386079404,10.3
4158.007900990005,0.19635934,0.003634271389196729,9.700000000000001
4159.007902894776,0.29745376,0.006035238766627241,10.3
4160.007904799547,0.1507914,0.005977432117722151,10.3
4161.007906704318,0.12604658,0.005941457477857481,12.100000000000001
4162.007908609088,0.15414843,0.005867116822709441,12.100000000000001
4163.007910513859,0.12811743,0.0059382100593622774,13.0
4164.00791241863,0.12292915,0.005920912461791795,12.100000000000001
4165.007914323402,0.120744586,0.005909041201605491,12.100000000000001
4166.007916228173,0.12647949,0.0059276698188728645,12.100000000000001
4167.007918132944,0.10433522,0.005586191245761157,11.9
4168.007920037714,0.12033046,0.005587302539903837,11.9
4169.007921942485,0.14534122,0.002817920518923901,11.4
4170.007923847256,0.25110123,0.0032199333780181098,9.700000000000001
4171.007925752027,0.13353801,0.0032841717110523904,12.9
4172.0079276567985,0.14677319,0.003040368871726993,8.0
4173.00792956157,0.11818146,0.002873583765551545,8.0
4174.00793146634,0.11296802,0.0028771229598075106,8.0
4175.007933371111,0.11942256,0.0028613916107979825,8.0
4176.007935275882,0.12833665,0.0028936016346438167,8.0
4177.007937180653,0.15519209,0.003109349147710723,15.0
4178.007939085424,0.13342519,0.0031182840279863483,13.100000000000001
4179.0079409901955,0.6315364,0.0039670463249089445,2.8000000000000003
4180.007942894967,0.56137174,0.004341183300947298,1.6
4181.007944799737,0.69899774,0.006016404371512854,1.6
4182.007946704508,0.69698524,0.015489804810545425,0.1
4183.007948609279,0.6518782,0.01675109379546619,0.6000000000000001
4184.00795051405,0.6971374,0.017006096916604325,0.6000000000000001
4185.007952418821,0.7751161,0.018206427286548945,0.6000000000000001
4186.0079543235925,0.8370986,0.01831740631206449,1.6
4187.007956228363,0.8346577,0.07344546537069083,2.8000000000000003
4188.007958133134,0.7993152,0.08504695469338429,1.3
4189.007960037905,0.7253267,0.08527006621841265,1.3
4190.007961942676,0.75962424,0.08536314289806769,1.3
4191.007963847447,0.6527131,0.08631035334854163,1.3
4192.007965752218,0.71740097,0.08524702448198236,1.3
4193.0079676569885,0.83718294,0.08510076577785215,1.3
4194.00796956176,0.80298287,0.0852997582446052,1.3
4195.007971466531,0.7610316,0.0852718812537167,3.7
4196.007973371302,0.80872124,0.0853185022606282,3.7
4197.007975276073,0.80295515,0.04907133942827881,3.4000000000000004
4198.007977180844,0.85729086,0.034952390193539296,12.600000000000001
4199.007979085614,0.8548555,0.03748333633432111,12.600000000000001
4200.0079809903855,0.83497506,0.03742045893553931,12.600000000000001
4201.007982895157,0.72459644,0.03501590870136284,10.100000000000001
4202.007984799928,0.81391996,0.03502255634665307,10.100000000000001
4203.007986704699,0.70913875,0.03511334770100874,10.100000000000001
4204.00798860947,0.79305154,0.03464707341564334,10.100000000000001
4205.00799051424,0.68321514,0.035460735294695254,7.7
4206.007992419011,0.7941547,0.035362440407649555,7.7
4207.007994323782,0.622105,0.03258119955773766,3.9000000000000004
4208.007996228554,0.703679,0.019993816143000085,7.9
4209.007998133325,0.56415176,0.013455274318148162,12.4
4210.008000038096,0.49271578,0.013426649847635582,14.8
4211.008001942866,0.5520445,0.014739698629456318,4.7
4212.008003847637,0.46922672,0.01543242432567044,6.5
4213.008005752408,0.45916513,0.015586707857265646,4.7
4214.008007657179,0.38280573,0.015334264551574162,4.7
4215.0080095619505,0.34274635,0.011929396975734807,6.4
4216.008011466722,0.34775755,0.011836467236257716,6.4
4217.008013371492,0.25330544,0.011741448871768256,6.4
4218.008015276263,0.44145212,0.011689656839071503,6.4
4219.008017181034,0.50940984,0.011526335082787146,6.4
4220.008019085805,0.54205674,0.011020771932886008,6.4
4221.008020990576,0.50055367,0.01070307554757308,11.9
4222.0080228953475,0.43762073,0.01010815482041971,11.9
4223.008024800118,0.7139935,0.008769273371621929,11.9
4224.008026704889,0.6706695,0.008744937535941263,11.9
4225.00802860966,0.40302476,0.008743704534851335,11.9
4226.008030514431,0.543688,0.010710915505925926,13.600000000000001
4227.008032419202,0.70932287,0.015785476862558153,11.8
4228.008034323973,0.5989758,0.017883225004444572,11.8
4229.008036228744,0.5749815,0.017992033936067506,14.9
4230.008038133515,0.6338901,0.01836190540996486,14.9
4231.008040038286,0.42772412,0.017407611634381308,14.9
4232.008041943057,0.50139976,0.017732318757045385,4.0
4233.008043847828,0.5919156,0.021293741824985574,9.4
4234.008045752599,0.6636811,0.021465617966669213,11.600000000000001
4235.008047657369,0.48832417,0.021471426804304153,9.4
4236.0080495621405,0.504638,0.020611819740219875,9.4
4237.008051466912,0.588807,0.017253353941397424,9.4
4238.008053371683,0.6078712,0.015455056310920501,9.4
4239.008055276454,0.5324798,0.015536141263686498,9.4
4240.008057181225,0.6190154,0.015774182708748002,10.700000000000001
4241.008059085995,0.7020442,0.015787373818798255,10.700000000000001
4242.008060990766,0.38980913,0.015204154047722419,10.700000000000001
4243.0080628955375,0.3822401,0.010336409061233908,10.700000000000001
4244.008064800309,0.4789866,0.012319028104345087,8.4
4245.00806670508,0.56590486,0.013405221742056328,8.4
4246.008068609851,0.31405425,0.014643396371869734,13.700000000000001
4247.008070514621,0.4236437,0.015267955072971795,8.6
4248.008072419392,0.69268125,0.01712722321543145,8.6
4249.008074324163,0.74040836,0.028676341742097995,2.7
4250.008076228934,0.5914599,0.03352399002093032,2.9000000000000004
4251.008078133706,0.58303976,0.03461493954517101,2.9000000000000004
4252.008080038477,0.52468854,0.03523450585850249,10.3
4253.008081943247,0.12293301,0.03512010276698541,10.3
4254.008083848018,0.2287344,0.03484252047178982,7.2
4255.008085752789,0.19059072,0.03493589285031649,10.4
4256.00808765756,0.41326812,0.0354014016054649,10.4
4257.008089562331,0.4062053,0.03509650919465056,12.600000000000001
4258.0080914671025,0.55194414,0.034376321796510616,10.200000000000001
4259.008093371873,0.5972324,0.025623981772212263,10.200000000000001
4260.008095276644,0.51583683,0.01845884022528771,10.200000000000001
4261.008097181415,0.5350782,0.016696956400050467,10.200000000000001
4262.008099086186,0.52437454,0.0154933353787694,11.0
4263.008100990957,0.51972586,0.015503567442637074,11.4
4264.008102895728,0.6010237,0.014794491378721662,8.700000000000001
4265.0081048004995,0.5198121,0.013778344973704266,10.600000000000001
4266.00810670527,0.59395164,0.011294163036925724,10.600000000000001
4267.008108610041,0.5196114,0.011799998369741592,10.600000000000001
4268.008110514812,0.41569784,0.012031203254092647,14.0
4269.008112419583,0.54751277,0.013100961281649398,4.7
4270.008114324354,0.57134086,0.013483277626569274,4.7
4271.008116229125,0.63311404,0.013033196335196392,4.7
4272.008118133896,0.61998,0.01275758262184511,4.7
4273.008120038667,0.7056086,0.012641555135592343,9.4
4274.008121943438,0.6726961,0.012392623986941097,4.7
4275.008123848209,0.70020837,0.01248887572085439,4.7
4276.00812575298,0.6731824,0.012446145229555188,4.800000000000001
4277.008127657751,0.5963544,0.011841321982241448,7.300000000000001
4278.008129562521,0.4779598,0.01094450127779274,8.4
4279.0081314672925,0.6949783,0.010214757755895264,10.200000000000001
4280.008133372064,0.7399246,0.009369492769159733,8.9
4281.008135276835,0.70588154,0.009491983856702108,10.200000000000001
4282.008137181606,0.7084952,0.022869853082140137,8.8
4283.008139086377,0.6336393,0.02533825356281786,3.9000000000000004
4284.008140991147,0.68554646,0.06330963686166631,1.9000000000000001
4285.008142895918,0.69189423,0.0649328310097543,1.2000000000000002
4286.0081448006895,0.67081183,0.06578080790740021,1.2000000000000002
4287.008146705461,0.7381405,0.06580295617959177,2.0
4288.008148610232,0.7898341,0.06595276589994384,2.0
4289.008150515003,0.88871276,0.06664896877423918,2.0
4290.008152419773,0.9174509,0.06687189692542302,2.0
4291.008154324544,0.90399647,0.06752954068459363,2.0
4292.008156229315,0.92780995,0.06669003633610636,1.4000000000000001
4293.008158134086,0.8841362,0.06867063249584977,1.8
4294.008160038858,0.9636252,0.04499305798477411,8.200000000000001
4295.008161943629,0.940192,0.04798156102619621,1.4000000000000001
4296.008163848399,0.9169897,0.05453196420569752,3.5
4297.00816575317,0.4142603,0.06147321196727683,3.5
4298.008167657941,0.29273617,0.06233078816909456,3.5
4299.008169562712,0.5863757,0.062746233079043,3.5
4300.008171467483,0.51126426,0.06254457962500891,3.5
4301.0081733722545,0.19698995,0.06339220999045878,3.5
4302.008175277025,0.17038001,0.06574132733822356,1.8
4303.008177181796,0.21619083,0.06788306912405057,1.6
4304.008179086567,0.5135529,0.06303921400880623,3.6
4305.008180991338,0.6843351,0.05926716000037065,0.2
4306.008182896109,0.84154415,0.052175158364683775,2.2
4307.00818480088,0.88543063,0.043556608207958994,2.2
4308.008186705651,0.9210298,0.04201672621834151,2.2
4309.008188610422,0.9575563,0.04005839489069082,2.2
4310.008190515193,0.89289147,0.039909848844652804,2.2
4311.008192419964,0.9408027,0.03713514800018533,2.3000000000000003
4312.008194324735,0.9203652,0.026358607345615643,1.0
4313.008196229506,0.905798,0.006675916886652147,1.4000000000000001
4314.008198134276,0.95274943,0.009792606603766648,10.3
4315.008200039048,0.93808013,0.00986365547294437,10.3
4316.008201943819,0.9435052,0.009962162229074121,10.700000000000001
4317.00820384859,0.94520676,0.010083032237803772,10.700000000000001
4318.008205753361,0.9547939,0.009809691025499948,10.700000000000001
4319.008207658132,0.96351254,0.00977098759215826,10.700000000000001
4320.008209562902,0.95184845,0.01097442542628666,10.700000000000001
4321.008211467673,0.9369877,0.011505014090480279,10.700000000000001
4322.0082133724445,0.96038073,0.011949460129225166,7.2
4323.008215277216,0.9590411,0.01498700767805618,4.0
4324.008217181987,0.99183613,0.01727411008213733,2.2
4325.008219086758,0.98934793,0.020706136158646346,2.0
4326.008220991528,0.96588546,0.02278330579673724,2.0
4327.008222896299,0.9688544,0.023320290092828225,2.0
4328.00822480107,0.9578658,0.02358809359802132,1.8
4329.0082267058415,0.9578068,0.02448773561766537,1.9000000000000001
4330.008228610613,0.97064406,0.02656485691090834,1.9000000000000001
4331.008230515384,0.97982967,0.02701824666803043,1.7000000000000002
4332.008232420154,0.97959155,0.0290540258420027,1.7000000000000002
4333.008234324925,0.96670026,0.028354820375718286,1.7000000000000002
4334.008236229696,0.9352967,0.02704225708461073,1.7000000000000002
4335.008238134467,0.9309335,0.026387370745378648,1.6
4336.008240039238,0.9793689,0.025253432635578554,1.6
4337.00824194401,0.96190304,0.02566451248187015,1.6
4338.00824384878,0.97462827,0.025433631482839728,1.6
4339.008245753551,0.9758592,0.024922765299727534,7.4
4340.008247658322,0.9789586,0.022161892680137636,1.6
4341.008249563093,0.985903,0.021368454127382232,7.4
4342.008251467864,0.9802752,0.01886234028254947,1.5
4343.008253372635,0.98994255,0.01991000636465729,0.5
4344.0082552774065,0.98795587,0.0186432672901323,0.5
4345.008257182177,0.9853432,0.016462549472790147,0.5
4346.008259086948,0.98703176,0.019031072947803814,0.5
4347.008260991719,0.98915863,0.018225264689860354,0.6000000000000001
4348.00826289649,0.9806456,0.01838122489588428,0.6000000000000001
4349.008264801261,0.9829806,0.01818335713652993,0.6000000000000001
4350.008266706032,0.98080564,0.018287166081802135,0.6000000000000001
4351.008268610803,0.9844423,0.018330078049455727,0.6000000000000001
4352.008270515574,0.9824127,0.017659550065258673,0.6000000000000001
4353.008272420345,0.9907601,0.015071111302878021,1.7000000000000002
4354.008274325116,0.9912015,0.01427539774346143,5.0
4355.008276229887,0.98658156,0.013636612864504218,4.800000000000001
4356.008278134658,0.983558,0.007743911426317506,8.6
4357.008280039428,0.9901906,0.0063347386469551365,8.700000000000001
4358.0082819442,0.9889263,0.0057677399656330935,8.5
4359.008283848971,0.9739698,0.005963817243175364,8.5
4360.008285753742,0.96231294,0.03249008606832197,1.1
4361.008287658513,0.9568201,0.03274450650865686,1.1
4362.008289563284,0.8959487,0.033081830131964904,1.2000000000000002
4363.008291468054,0.87656134,0.037240402035429485,1.3
4364.008293372825,0.825723,0.04954703071937957,1.3
4365.0082952775965,0.77577037,0.05177821711129749,1.3
4366.008297182368,0.7824044,0.08086998453123924,1.9000000000000001
4367.008299087139,0.64183325,0.10168684992945988,2.1
4368.00830099191,0.6402031,0.11096342347672458,1.5
4369.00830289668,0.3940046,0.122187450015052,1.5
4370.008304801451,0.35559204,0.14940471315447518,1.5
4371.008306706222,0.1941727,0.15909579324982737,1.5
4372.0083086109935,0.20780484,0.15985742701646447,1.6
4373.008310515765,0.20086657,0.16452449439051298,1.5
4374.008312420536,0.23168229,0.16399286280838857,1.6
4375.008314325306,0.14822504,0.1944653730084168,1.5
4376.008316230077,0.21749239,0.18748174049826644,1.0
4377.008318134848,0.53059304,0.1782613774892462,1.0
4378.008320039619,0.6545033,0.17378291322758954,1.0
4379.00832194439,0.7097586,0.1679608923852374,1.0
4380.008323849162,0.6645422,0.14763132807167922,1.0
4381.008325753932,0.59015125,0.14342134722666602,1.4000000000000001
4382.008327658703,0.4779828,0.14273449213949765,1.4000000000000001
4383.008329563474,0.3231385,0.138286347873695,1.6
4384.008331468245,0.6511029,0.13690343928610108,1.4000000000000001
4385.008333373016,0.39829028,0.09532204130457968,1.3
4386.008335277787,0.3492105,0.08938613782064529,1.3
4387.008337182558,0.48014417,0.08894115122289614,1.3
4388.008339087329,0.7905189,0.08703218870344451,1.3
4389.0083409921,0.94857615,0.08547692018203702,1.3
4390.008342896871,0.9517346,0.07124918901874586,1.3
4391.008344801642,0.97098935,0.06074404288725081,1.3
4392.008346706413,0.9785645,0.05934198721470068,1.3
4393.0083486111835,0.98190063,0.05416492744785555,1.2000000000000002
4394.008350515955,0.977496,0.04461547628090226,1.2000000000000002
4395.008352420726,0.99180424,0.018031915169801314,10.3
4396.008354325497,0.98822594,0.0061472298751629306,12.600000000000001
4397.008356230268,0.9871437,0.006240063156898226,12.600000000000001
4398.008358135039,0.98933345,0.004910008082436023,13.200000000000001
4399.008360039809,0.9932961,0.004619728916016101,13.200000000000001
4400.00836194458,0.98877686,0.004571588607338674,13.200000000000001
4401.008363849352,0.9874807,0.004295143855472318,13.4
4402.008365754123,0.9885893,0.004351180668467291,13.4
4403.008367658894,0.98318255,0.004120095602643582,13.4
4404.008369563665,0.9888687,0.00422648065365784,14.5
4405.008371468435,0.98139304,0.004477267845876652,14.5
4406.008373373206,0.98933023,0.004416883560573099,13.3
4407.008375277977,0.98780626,0.00418694772449224,9.9
4408.0083771827485,0.98898774,0.004067595881530588,9.9
4409.00837908752,0.9834209,0.004202139383180755,9.9
4410.008380992291,0.98820376,0.004635130456374279,9.9
4411.008382897061,0.99143726,0.004822901654307419,14.0
4412.008384801832,0.99267197,0.00496032492598571,15.0
4413.008386706603,0.99120784,0.005029448289125561,13.600000000000001
4414.008388611374,0.9902104,0.0050323155910952586,13.200000000000001
4415.0083905161455,0.9931049,0.005160080439479269,13.600000000000001
4416.008392420917,0.99484766,0.005144068489943816,6.7
4417.008394325687,0.9918324,0.005127397402224497,6.7
4418.008396230458,0.9899365,0.0049988755937783,11.200000000000001
4419.008398135229,0.9871019,0.00488569837486641,11.200000000000001
4420.00840004,0.9853158,0.004494665079053407,11.200000000000001
4421.008401944771,0.98072296,0.004304645898165887,11.200000000000001
4422.008403849542,0.97786033,0.004030257919210048,11.200000000000001
4423.008405754314,0.96689266,0.0038991969357812743,11.200000000000001
4424.008407659084,0.9455739,0.0036528601848726684,11.200000000000001
4425.008409563855,0.9320447,0.0027600765466817643,10.200000000000001
4426.008411468626,0.9453936,0.0030156756332239245,10.200000000000001
4427.008413373397,0.94907796,0.003280291171675671,13.700000000000001
4428.008415278168,0.9408693,0.0032980892194381917,10.200000000000001
4429.008417182939,0.9639347,0.0034078975038491057,10.200000000000001
4430.00841908771,0.945984,0.0033854049715557155,10.200000000000001
4431.008420992481,0.96232367,0.0034638834770272862,14.9
4432.008422897252,0.949415,0.0034242747378723593,15.0
4433.008424802023,0.917082,0.003415164345706958,15.0
4434.008426706794,0.85759234,0.003330893301817574,10.5
4435.008428611565,0.8058403,0.0032898464904993836,12.3
4436.0084305163355,0.7999091,0.0028152114234258558,12.5
4437.008432421107,0.7860969,0.0022708201502630474,12.5
4438.008434325878,0.49632657,0.002142912028549545,12.5
4439.008436230649,0.7741459,0.002146008919165808,10.600000000000001
4440.00843813542,0.8407103,0.002305818174126972,10.600000000000001
4441.008440040191,0.7062016,0.0022330564599441507,13.700000000000001
4442.008441944961,0.82998824,0.002571476746736306,13.700000000000001
4443.008443849732,0.79927295,0.0026266365299077903,1.7000000000000002
4444.008445754504,0.8189942,0.002647427804877343,13.5
4445.008447659275,0.8496629,0.002660434188837123,13.5
4446.008449564046,0.8190022,0.002721010359552448,14.200000000000001
4447.008451468817,0.82966775,0.0029780299532598973,9.5
4448.008453373587,0.8346742,0.0030346041838061138,13.5
4449.008455278358,0.82237935,0.00289889722579742,9.5
4450.008457183129,0.8681651,0.0028297519217059816,9.5
4451.0084590879005,0.63998646,0.0027672596655372353,9.5
4452.008460992672,0.65761095,0.0024231195848670394,13.5
4453.008462897443,0.58710676,0.0024236500284214803,13.5
4454.008464802213,0.6585517,0.0026996254557602466,9.600000000000001
4455.008466706984,0.81094426,0.0031878974121831364,11.0
4456.008468611755,0.87188154,0.0032522042850024937,13.5
4457.008470516526,0.9125829,0.003281242935575864,10.600000000000001
4458.0084724212975,0.9570979,0.003440599415646865,10.100000000000001
4459.008474326069,0.9759033,0.0036099673942079384,9.9
4460.008476230839,0.97394025,0.0036743276917378556,10.100000000000001
4461.00847813561,0.9834299,0.0036767534061829163,10.0
4462.008480040381,0.98960984,0.0037457283933510117,10.0
4463.008481945152,0.99283457,0.0037339399058652144,10.0
4464.008483849923,0.99312603,0.0037568459701737924,10.100000000000001
4465.008485754694,0.9924027,0.0035110495565407545,10.0
4466.008487659465,0.9839071,0.0033918610720304683,14.0
4467.008489564236,0.9746522,0.0049014841817053385,10.3
4468.008491469007,0.9859352,0.005540770599937667,9.1
4469.008493373778,0.991113,0.0067302673044457185,4.0
4470.008495278549,0.9743819,0.008037384018052478,2.5
4471.00849718332,0.9728263,0.009216605807260657,4.3
4472.0084990880905,0.9248587,0.012433378931603628,2.9000000000000004
4473.008500992862,0.93372256,0.013659629520666917,1.1
4474.008502897633,0.943616,0.014837843659139451,0.9
4475.008504802404,0.86938024,0.041138153909950126,1.7000000000000002
4476.008506707175,0.7122113,0.05020524709644724,2.0
4477.008508611946,0.51779205,0.057923041427512534,1.7000000000000002
4478.008510516716,0.315663,0.0698867887154109,5.300000000000001
4479.0085124214875,0.38986862,0.070341530376622,5.300000000000001
4480.008514326259,0.5003145,0.07036822083180405,1.8
4481.00851623103,0.59944946,0.07028915944105113,1.8
4482.008518135801,0.7738831,0.06985589244223914,1.8
4483.008520040572,0.8118009,0.06966073846529554,1.8
4484.008521945342,0.7179292,0.06943136594927886,1.8
4485.008523850113,0.61631674,0.05788093600286806,5.2
4486.008525754884,0.32089597,0.05011666081456855,8.3
4487.008527659656,0.32170707,0.040656219336638086,8.200000000000001
4488.008529564427,0.32054615,0.010480243326549933,6.2
4489.008531469198,0.3544011,0.0048888361634674875,10.5
4490.008533373968,0.37974596,0.0029858460656144352,10.200000000000001
4491.008535278739,0.33756813,0.002725054659241945,10.200000000000001
4492.00853718351,0.20494328,0.0021797653614916267,3.2
4493.008539088281,0.19102846,0.0029843549220519225,3.2
4494.0085409930525,0.37124282,0.0034732708458782174,2.6
4495.008542897824,0.16889793,0.004319773016870701,2.6
4496.008544802594,0.12810302,0.0043816498301645305,2.6
4497.008546707365,0.3701055,0.004946887511333767,11.9
4498.008548612136,0.38910452,0.005092508338941898,2.6
4499.008550516907,0.4523503,0.005122942192426376,11.9
4500.008552421678,0.43742815,0.005102210450308443,11.9
4501.0085543264495,0.2536214,0.005613641747539381,13.8
4502.00855623122,0.3447667,0.005763869067027637,14.4
4503.008558135991,0.29817313,0.006237449932178751,12.5
4504.008560040762,0.47807336,0.007090308815014476,14.4
4505.008561945533,0.4825282,0.006704931995193681,12.5
4506.008563850304,0.41548464,0.0066240745713985584,12.5
4507.008565755075,0.27579874,0.006227606493017247,12.5
4508.008567659846,0.25401047,0.006075877696613608,11.8
4509.008569564617,0.33763212,0.00606237459789706,11.8
4510.008571469388,0.2977949,0.0060562319428712754,11.8
4511.008573374159,0.47084838,0.005564203691929806,14.200000000000001
4512.00857527893,0.19077638,0.005373911933406148,14.200000000000001
4513.008577183701,0.18182085,0.004469751053660027,3.4000000000000004
4514.008579088472,0.18570995,0.0028630286360238635,13.600000000000001
4515.0085809932425,0.18995595,0.00311341954791408,11.200000000000001
4516.008582898014,0.19136803,0.0033719709713631355,13.8
4517.008584802785,0.18655753,0.0033636377345836973,11.4
4518.008586707556,0.1723144,0.0033399900100645526,14.0
4519.008588612327,0.1568925,0.004343110152180748,13.9
4520.008590517098,0.19525549,0.004365188285803574,11.3
4521.008592421868,0.23841743,0.004386762106171825,11.3
4522.0085943266395,0.21937941,0.004397434358460469,11.3
4523.008596231411,0.1663509,0.00428542139848486,11.3
4524.008598136182,0.36121455,0.00646667715147581,3.8000000000000003
4525.008600040953,0.4575264,0.05100342569847684,1.6
4526.008601945724,0.32181865,0.06345165857663299,2.1
4527.008603850494,0.11154008,0.07831113786183315,2.2
4528.008605755265,0.3672209,0.08100976736233642,2.2
4529.008607660036,0.34300464,0.08186766267535295,2.2
4530.008609564808,0.5137852,0.08199349853587029,2.2
4531.008611469579,0.33297986,0.08197800768352684,2.2
4532.00861337435,0.5699115,0.09828176101809184,2.3000000000000003
4533.00861527912,0.47632387,0.10740532988818043,1.2000000000000002
4534.008617183891,0.42696384,0.10731410507674116,1.2000000000000002
4535.008619088662,0.6985723,0.09485664575682143,1.4000000000000001
4536.008620993433,0.689157,0.08799472732485053,2.1
4537.0086228982045,0.6086838,0.0772727823449658,1.6
4538.008624802976,0.72164506,0.0750696008847697,1.8
4539.008626707746,0.5793895,0.0753366508506769,1.7000000000000002
4540.008628612517,0.6319862,0.07521777375248219,1.5
4541.008630517288,0.79015785,0.07520275004071539,1.5
4542.008632422059,0.86894006,0.05074172606979861,1.1
4543.00863432683,0.95164025,0.028528172204786605,9.700000000000001
4544.0086362316015,0.9789781,0.028407473372511663,9.700000000000001
4545.008638136372,0.991137,0.02824783936095708,9.700000000000001
4546.008640041143,0.99423957,0.025402981599135257,2.3000000000000003
4547.008641945914,0.9970444,0.01774632459615427,2.2
4548.008643850685,0.9896582,0.014681480826013357,2.7
4549.008645755456,0.97529334,0.0040482859850051334,13.5
4550.008647660227,0.9778502,0.002924950446761766,13.5
4551.0086495649975,0.9653503,0.0027971038053763134,13.3
4552.008651469769,0.9725381,0.002898009843537694,13.3
4553.00865337454,0.9899697,0.0030203507527490074,5.800000000000001
4554.008655279311,0.9858789,0.0029948523911903706,5.800000000000001
4555.008657184082,0.98430425,0.0032372608271682133,12.9
4556.008659088853,0.9769455,0.0033253596756881473,5.800000000000001
4557.008660993623,0.99180084,0.0051822171449163335,12.8
4558.0086628983945,0.98887014,0.0065525705881949925,12.8
4559.008664803166,0.9929421,0.009024662087828652,0.9
4560.008666707937,0.9941772,0.00979571413931386,0.9
4561.008668612708,0.9913741,0.010045621301734963,0.9
4562.008670517479,0.9913128,0.01131965798924067,2.7
4563.008672422249,0.9720948,0.02092121194012893,3.0
4564.00867432702,0.9733199,0.02129800212258193,3.0
4565.0086762317915,0.9150988,0.02202487741360871,3.0
4566.008678136563,0.8878192,0.02257919463789395,5.2
4567.008680041334,0.8773886,0.022359270988832922,5.2
4568.008681946105,0.8286464,0.023222994968429254,5.2
4569.008683850875,0.91000813,0.02250006224207099,5.2
4570.008685755646,0.89679873,0.022289928755656184,8.6
4571.008687660417,0.9179115,0.022618669380406544,5.2
4572.008689565188,0.7588784,0.0224750657928173,5.2
4573.00869146996,0.82974195,0.014728913139233503,2.1
4574.008693374731,0.69789666,0.014700898351541359,2.1
4575.008695279501,0.8605082,0.014221934342769724,2.1
4576.008697184272,0.87437624,0.013465447477273108,2.1
4577.008699089043,0.91108716,0.01349257041934604,2.4000000000000004
4578.008700993814,0.9185715,0.011873183300495247,2.4000000000000004
4579.008702898585,0.8561134,0.013249320630116008,2.4000000000000004
4580.0087048033565,0.92208767,0.013328392750637973,2.4000000000000004
4581.008706708127,0.92450553,0.01303534124106381,13.0
4582.008708612898,0.90511775,0.01259394291183801,3.7
4583.008710517669,0.9248353,0.012027214684503715,3.7
4584.00871242244,0.9168189,0.011991609592970558,10.5
4585.008714327211,0.9308443,0.011484982357150744,3.7
4586.008716231982,0.94298404,0.012920113926045525,3.7
4587.0087181367535,0.9462473,0.014250821296925046,3.4000000000000004
4588.008720041524,0.7968445,0.01459849745683731,3.0
4589.008721946295,0.7743381,0.013862523046520312,11.4
4590.008723851066,0.7768997,0.01509963518807861,2.9000000000000004
4591.008725755837,0.90961856,0.015480635654790327,2.9000000000000004
4592.008727660608,0.8016531,0.016183566405303777,2.9000000000000004
4593.008729565379,0.8898096,0.015950115904021865,3.8000000000000003
4594.0087314701495,0.9304499,0.015693972922829334,3.8000000000000003
4595.008733374921,0.8813612,0.016010152820765407,3.8000000000000003
4596.008735279692,0.9213833,0.014907544322460676,3.8000000000000003
4597.008737184463,0.91232693,0.014150081734004503,4.4
4598.008739089234,0.9147068,0.014438647978297097,3.5
4599.008740994005,0.82921064,0.01685098680849591,3.5
4600.008742898775,0.6789673,0.01590750536589333,0.9
4601.0087448035465,0.76425123,0.01583458673856774,1.1
4602.008746708318,0.86361074,0.014910236877093332,1.1
4603.008748613089,0.78391933,0.014717288933495179,1.1
4604.00875051786,0.7619997,0.015655202199280217,1.0
4605.008752422631,0.91062486,0.015267520355038967,1.0
4606.008754327401,0.90512353,0.015726243666791376,7.2
4607.008756232172,0.9462806,0.015202365753183653,0.8
4608.0087581369435,0.95653474,0.014268412282579941,7.2
4609.008760041715,0.9554799,0.011012376817162406,10.3
4610.008761946486,0.9767969,0.010602941566778419,2.6
4611.008763851257,0.9478891,0.012176026939304498,2.6
4612.008765756027,0.92514324,0.01803244740562121,2.6
4613.008767660798,0.89841187,0.04824026249848823,1.4000000000000001
4614.008769565569,0.91659534,0.04935545959780377,1.4000000000000001
4615.00877147034,0.904345,0.050823125827951295,1.4000000000000001
4616.008773375112,0.78311056,0.050923089749986654,1.4000000000000001
4617.008775279883,0.8139636,0.05104269873569304,1.4000000000000001
4618.008777184653,0.9122691,0.05105834493528618,1.4000000000000001
4619.008779089424,0.83660805,0.050989151979564794,1.4000000000000001
4620.008780994195,0.78966373,0.050996955319575196,1.4000000000000001
4621.008782898966,0.7207437,0.05042762211990293,1.4000000000000001
4622.008784803737,0.8063802,0.04927167850327951,1.4000000000000001
4623.0087867085085,0.6458731,0.02177286560507893,7.7
4624.008788613279,0.76731354,0.0807862341444127,2.0
4625.00879051805,0.5843831,0.08012257526187955,2.0
4626.008792422821,0.5448525,0.08033449613023648,1.6
4627.008794327592,0.5799777,0.08029961107737542,2.0
4628.008796232363,0.5893854,0.08026727370500798,2.0
4629.008798137134,0.6295573,0.08025909214683012,2.0
4630.008800041905,0.6815401,0.08023806578049901,2.0
4631.008801946676,0.9056859,0.08029161934964169,2.0
4632.008803851447,0.93020105,0.07993041108959664,1.7000000000000002
4633.008805756218,0.8887715,0.07962394708215972,1.7000000000000002
4634.008807660989,0.9605521,0.013221645609708435,1.4000000000000001
4635.00880956576,0.97620946,0.0117385848574576,1.1
4636.00881147053,0.9746106,0.009626624886606419,1.4000000000000001
4637.0088133753015,0.9770398,0.009326228424698286,1.4000000000000001
4638.008815280073,0.9852798,0.009411108630643978,1.4000000000000001
4639.008817184844,0.99415094,0.009438767440807868,1.4000000000000001
4640.008819089615,0.991943,0.009444534953652824,1.4000000000000001
4641.008820994386,0.9971096,0.009016721950234481,1.4000000000000001
4642.008822899156,0.9914778,0.009513039835879013,10.4
4643.008824803927,0.97811764,0.00954961009010206,10.4
4644.0088267086985,0.98642457,0.008508252981519178,10.4
4645.00882861347,0.9912168,0.008278730588728142,10.4
4646.008830518241,0.98537505,0.007847561729013144,12.700000000000001
4647.008832423012,0.95835644,0.024678689390860035,2.5
4648.008834327782,0.941307,0.052686372586010916,2.7
4649.008836232553,0.93531424,0.053006992031883984,2.7
4650.008838137324,0.9397522,0.05371710731685752,2.7
4651.0088400420955,0.9154365,0.05663699273296432,2.5
4652.008841946867,0.92296153,0.07101789683936544,2.5
4653.008843851638,0.82732016,0.07434064583862149,1.2000000000000002
4654.008845756408,0.8792184,0.07443320769988371,1.2000000000000002
4655.008847661179,0.9300781,0.07441767170413265,1.4000000000000001
4656.00884956595,0.9575023,0.07436305241436543,2.5
4657.008851470721,0.8758205,0.07503159372036691,1.6
4658.008853375492,0.91113305,0.060064056070145914,1.6
4659.008855280264,0.922007,0.061759483660452086,1.4000000000000001
4660.008857185034,0.8786865,0.06472417451302268,1.4000000000000001
4661.008859089805,0.8938099,0.06419769982439197,1.8
4662.008860994576,0.85568124,0.047740524631232274,2.6
4663.008862899347,0.87638,0.042955494204598155,2.5
4664.008864804118,0.8671609,0.04278793696995606,2.5
4665.008866708889,0.6783986,0.04282164605641054,2.5
4666.00886861366,0.90441275,0.042853331663822554,2.5
4667.008870518431,0.896974,0.034884528189158194,2.6
4668.008872423202,0.80624115,0.0337252910178845,2.6
4669.008874327973,0.90478146,0.030689455079389055,2.6
4670.008876232744,0.90714365,0.022575218604136447,2.6
4671.008878137515,0.95555574,0.01717919134061401,2.6
4672.008880042286,0.94837314,0.01693944714252044,10.600000000000001
4673.008881947057,0.96566266,0.0168668077909092,10.600000000000001
4674.008883851828,0.87538284,0.017654106523481834,3.0
4675.008885756599,0.94947886,0.018895490520282034,10.600000000000001
4676.00888766137,0.9632505,0.01905637048973123,10.600000000000001
4677.008889566141,0.940468,0.018683912354963618,10.600000000000001
4678.008891470912,0.93871456,0.017135682833708404,9.3
4679.008893375682,0.9477775,0.016438268090613682,14.100000000000001
4680.0088952804535,0.92388654,0.018066567974964604,2.9000000000000004
4681.008897185225,0.84928405,0.01759834750733468,2.9000000000000004
4682.008899089996,0.87288797,0.016814814116780357,3.2
4683.008900994767,0.8974434,0.01647524990668255,3.0
4684.008902899538,0.820439,0.01575245127714577,2.9000000000000004
4685.008904804308,0.8075046,0.014235856786722872,3.2
4686.008906709079,0.77674747,0.014134571453963624,1.7000000000000002
4687.0089086138505,0.71560365,0.013690850663521633,3.1
4688.008910518622,0.7661889,0.013675438818637614,3.2
4689.008912423393,0.8080651,0.013717635093517356,0.5
4690.008914328164,0.9151375,0.014691459098067289,1.0
4691.008916232934,0.5980149,0.02071233504161327,3.7
4692.008918137705,0.59456664,0.02077796935702061,3.7
4693.008920042476,0.7437132,0.02080481144653932,3.7
4694.0089219472475,0.8258619,0.0208890419361117,3.8000000000000003
4695.008923852019,0.30261853,0.021601577126015015,3.7
4696.00892575679,0.44060087,0.022281025399675566,3.7
4697.00892766156,0.35607585,0.022412034388841498,3.7
4698.008929566331,0.79041404,0.022408438215095663,3.7
4699.008931471102,0.8852927,0.023499256718355194,3.7
4700.008933375873,0.95437557,0.021190316868941156,2.4000000000000004
4701.008935280644,0.96683204,0.014513348826424532,2.4000000000000004
4702.008937185416,0.9438374,0.013943983839707214,2.4000000000000004
4703.008939090186,0.9584875,0.013735396111477104,2.4000000000000004
4704.008940994957,0.965098,0.013575192408770573,2.4000000000000004
4705.008942899728,0.9772315,0.012551844205755775,2.7
4706.008944804499,0.9831418,0.010987027085938975,1.9000000000000001
4707.00894670927,0.9857838,0.010205114451084935,2.1
4708.008948614041,0.988009,0.009960349847649746,3.2
4709.008950518812,0.9882862,0.005100521360297992,9.600000000000001
4710.008952423583,0.9891452,0.004860746007248207,10.0
4711.008954328354,0.9916266,0.004830413424279589,10.0
4712.008956233125,0.9871356,0.004738134246687947,11.4
4713.008958137896,0.9866682,0.004805059188234765,10.200000000000001
4714.008960042667,0.98339254,0.004531865138651326,10.5
4715.0089619474375,0.9901607,0.0038291868136256495,11.200000000000001
4716.008963852209,0.992475,0.004709783436129874,14.8
4717.00896575698,0.9942009,0.0047643070336076156,14.8
4718.008967661751,0.99209034,0.005201294388278172,14.8
4719.008969566522,0.9922465,0.010596925525067918,0.9
4720.008971471293,0.9908223,0.013976855039811723,0.9
4721.008973376063,0.9782527,0.0155114130903429,0.9
4722.008975280834,0.9739575,0.015510258687643861,0.9
4723.0089771856055,0.9729214,0.015504060204346783,0.9
4724.008979090377,0.974718,0.015444155694333305,0.9
4725.008980995148,0.97736883,0.015428485551263263,0.9
4726.008982899919,0.9864275,0.015150045824032551,0.9
4727.008984804689,0.96918833,0.015466226013810648,1.6
4728.00898670946,0.94817954,0.01540296057361768,1.6
4729.008988614231,0.9755805,0.01256394122633721,1.6
4730.0089905190025,0.9644089,0.010539785224870113,1.6
4731.008992423774,0.9633843,0.009362696493723838,2.2
4732.008994328545,0.9720647,0.009598841267189,2.2
4733.008996233315,0.98728615,0.010283584655177829,2.0
4734.008998138086,0.99041045,0.010572990630987999,13.3
4735.009000042857,0.99126935,0.010582395475279368,13.3
4736.009001947628,0.9897826,0.010557315728855623,13.3
4737.0090038523995,0.9940153,0.010028829039247181,13.3
4738.009005757171,0.992736,0.009923704476311475,13.3
4739.009007661941,0.99031585,0.00962722100416928,13.3
4740.009009566712,0.98782945,0.007569403464950734,3.6
4741.009011471483,0.9901636,0.006456710405472667,9.200000000000001
4742.009013376254,0.9827016,0.006452526838453662,3.6
4743.009015281025,0.9863099,0.005337354751812914,14.5
4744.009017185796,0.978874,0.006673725535459389,3.0
4745.009019090567,0.9832122,0.010723029014962929,3.1
4746.009020995338,0.9748283,0.011922666842263863,1.3
4747.009022900109,0.9803796,0.012797123071538106,1.2000000000000002
4748.00902480488,0.8571843,0.014686873393829333,3.1
4749.009026709651,0.794714,0.015620288154740774,1.3
4750.009028614422,0.8222064,0.016063031849004934,3.1
4751.009030519193,0.815744,0.01636501461352775,1.3
4752.009032423964,0.85290307,0.016542616079285002,1.3
4753.009034328735,0.75950074,0.016601430634935473,1.3
4754.009036233506,0.89065355,0.01609732075703074,3.9000000000000004
4755.009038138277,0.93073565,0.014110228746507579,3.8000000000000003
4756.009040043048,0.9762655,0.013169665792000232,3.8000000000000003
4757.009041947819,0.9741494,0.012470128434205176,3.8000000000000003
4758.0090438525895,0.98703486,0.010111026389371773,3.8000000000000003
4759.009045757361,0.9880013,0.00875265754316137,1.8
4760.009047662132,0.9897786,0.00787828594807413,3.7
4761.009049566903,0.9822207,0.00677034516525965,10.0
4762.009051471674,0.98195225,0.007041675789856235,10.0
4763.009053376445,0.98223025,0.007070739893292645,10.0
4764.009055281215,0.9844284,0.006692698151330988,10.0
4765.009057185986,0.9831949,0.0060283728745852035,5.6000000000000005
4766.009059090758,0.9704259,0.0060440029224138846,7.2
4767.009060995529,0.96894956,0.006003199618750903,7.2
4768.0090629003,0.9767279,0.006474365571408311,7.2
4769.009064805071,0.96694815,0.006702536167443332,4.800000000000001
4770.009066709841,0.97969645,0.0069753738459284904,9.3
4771.009068614612,0.9796616,0.007285623035310456,9.3
4772.009070519383,0.95519614,0.006783188764099361,9.3
4773.0090724241545,0.9779594,0.006688433311587391,9.3
4774.009074328926,0.9924654,0.007100697819992595,9.9
4775.009076233697,0.9950074,0.0071710871248134205,3.9000000000000004
4776.009078138467,0.99167573,0.008497544618164633,9.9
4777.009080043238,0.99193513,0.010599796396023034,9.9
4778.009081948009,0.9912458,0.010591864915298057,9.9
4779.00908385278,0.9838701,0.01251648484563781,1.1
4780.0090857575515,0.9785539,0.012877443324513318,1.1
4781.009087662323,0.9808904,0.012903834348232465,1.1
4782.009089567093,0.9701385,0.015423268189158602,1.1
4783.009091471864,0.96059585,0.016535987780052133,10.200000000000001
4784.009093376635,0.9206615,0.01740141501695331,4.800000000000001
4785.009095281406,0.85744333,0.017807413421883123,0.4
4786.009097186177,0.9471856,0.01751005268066626,10.200000000000001
4787.009099090948,0.91815495,0.01660333707977878,10.200000000000001
4788.009100995719,0.9486466,0.017234406425524925,10.200000000000001
4789.00910290049,0.93137234,0.015950673209886194,10.200000000000001
4790.009104805261,0.97686076,0.015606114901089983,10.200000000000001
4791.009106710032,0.95842695,0.015582058424726496,10.200000000000001
4792.009108614803,0.9759631,0.012907575893581887,0.6000000000000001
4793.009110519574,0.9882952,0.01151044938136695,2.8000000000000003
4794.0091124243445,0.984821,0.009837397222506792,7.6000000000000005
4795.009114329116,0.9866698,0.009799516857086162,11.3
4796.009116233887,0.9829799,0.010085364369966116,14.600000000000001
4797.009118138658,0.9835096,0.010523724577900542,14.600000000000001
4798.009120043429,0.9883504,0.009495932438947264,9.4
4799.0091219482,0.97345823,0.009540317269920854,14.600000000000001
4800.00912385297,0.97918165,0.009477928574964116,14.600000000000001
4801.0091257577415,0.9312311,0.009441707855039673,14.600000000000001
4802.009127662513,0.9708006,0.01065787296721948,14.600000000000001
4803.009129567284,0.9664178,0.04795877377161462,0.7000000000000001
4804.009131472055,0.96478647,0.05247474965505122,0.7000000000000001
4805.009133376826,0.95227027,0.05309889695411847,0.7000000000000001
4806.009135281596,0.94657296,0.07741555953800063,1.4000000000000001
4807.009137186367,0.6438304,0.0845257093923728,2.1
4808.009139091138,0.74783665,0.08954931605529068,1.8
4809.00914099591,0.7853279,0.09155714641000699,1.8
4810.009142900681,0.761337,0.09166946213905071,1.8
4811.009144805452,0.8548186,0.09717767828394602,1.4000000000000001
4812.009146710222,0.91391844,0.09736778371332658,1.8
4813.009148614993,0.944669,0.08651797095809902,2.4000000000000004
4814.009150519764,0.9087703,0.08499825122844135,1.4000000000000001
4815.009152424535,0.9221399,0.08484927416297468,1.4000000000000001
4816.0091543293065,0.8972137,0.06398821341182208,4.1000000000000005
4817.009156234078,0.8887816,0.05962381771927011,1.4000000000000001
4818.009158138848,0.81835544,0.05174100214478163,1.4000000000000001
4819.009160043619,0.82728827,0.0487218441223263,4.5
4820.00916194839,0.8230432,0.05065282788261444,4.5
4821.009163853161,0.84052944,0.048952541536777645,2.4000000000000004
4822.009165757932,0.6180674,0.0669403221823788,2.4000000000000004
4823.0091676627035,0.5447007,0.06586320833947173,4.5
4824.009169567474,0.5872435,0.06548058715115286,4.800000000000001
4825.009171472245,0.65747595,0.06601556210214518,4.800000000000001
4826.009173377016,0.77929133,0.06550515141486755,2.6
4827.009175281787,0.7451536,0.06066542217888636,4.800000000000001
4828.009177186558,0.7450453,0.06099021892253006,4.800000000000001
4829.009179091329,0.75556093,0.06057463320552769,4.800000000000001
4830.0091809960995,0.6366287,0.05875279875765058,4.800000000000001
4831.009182900871,0.33203292,0.05079494527787687,4.800000000000001
4832.009184805642,0.26764894,0.021399725638477113,10.8
4833.009186710413,0.5697389,0.042887825854739214,8.1
4834.009188615184,0.59178436,0.042831381911307656,8.1
4835.009190519955,0.6828227,0.04633515909120735,7.4
4836.009192424726,0.6436746,0.0468608101739895,7.4
4837.0091943294965,0.6377638,0.04681785782445041,7.4
4838.009196234268,0.6729718,0.04624525987964587,7.4
4839.009198139039,0.48649806,0.04623785448378804,7.4
4840.00920004381,0.5471372,0.046173194103637884,7.4
4841.009201948581,0.52179044,0.04616029834108865,7.4
4842.009203853352,0.4034492,0.045588392392831106,7.4
4843.009205758122,0.31561214,0.025407559648114336,7.5
4844.0092076628935,0.18790802,0.022693385597919065,7.2
4845.009209567665,0.15842481,0.009000981266995035,14.3
4846.009211472436,0.18425755,0.003732048761974509,14.200000000000001
4847.009213377207,0.17241496,0.003639823562204952,14.3
4848.009215281978,0.17029065,0.0036323823440423046,14.9
4849.009217186748,0.19218698,0.0028464775961044523,14.8
4850.009219091519,0.20653453,0.0025411410037898137,14.3
4851.00922099629,0.20396467,0.0025056892522320987,14.3
4852.009222901062,0.225459,0.0026307030642976842,14.3
4853.009224805833,0.23273857,0.00269606228190915,14.600000000000001
4854.009226710604,0.21160133,0.003962065438390265,14.600000000000001
4855.009228615374,0.19840364,0.004040285491162487,14.600000000000001
4856.009230520145,0.19221543,0.0040383634440689245,14.600000000000001
4857.009232424916,0.1710933,0.004693180032328391,14.600000000000001
4858.009234329687,0.17866714,0.005515193102215348,14.600000000000001
4859.0092362344585,0.35056382,0.006056784446115943,14.600000000000001
4860.00923813923,0.30938932,0.006339682521042704,13.600000000000001
4861.009240044,0.5611847,0.007128754268748644,13.600000000000001
4862.009241948771,0.44263908,0.007511554238816529,13.600000000000001
4863.009243853542,0.52455485,0.007449203461848202,13.600000000000001
4864.009245758313,0.38565817,0.006934124094907604,14.3
4865.009247663084,0.29408473,0.006855534142425228,10.9
4866.0092495678555,0.33682063,0.006847461012473857,14.3
4867.009251472626,0.25805077,0.006470466954290651,14.3
4868.009253377397,0.28107867,0.006262170184329847,10.200000000000001
4869.009255282168,0.22230498,0.00576278385712075,10.200000000000001
4870.009257186939,0.19166197,0.005457762625889289,10.200000000000001
4871.00925909171,0.16593477,0.0043747546465623425,12.600000000000001
4872.009260996481,0.17043982,0.0036230483075308656,12.600000000000001
4873.0092629012515,0.19010246,0.0035234441660145417,12.600000000000001
4874.009264806023,0.18778744,0.0033338895860716192,12.600000000000001
4875.009266710794,0.20262589,0.0033796784422136495,12.600000000000001
4876.009268615565,0.19350377,0.003400331722011098,12.600000000000001
4877.009270520336,0.2058735,0.003303275674792348,12.600000000000001
4878.009272425107,0.21650876,0.002283240325740303,12.600000000000001
4879.009274329877,0.21885443,0.002259859902977641,14.4
4880.0092762346485,0.22032733,0.0023542434872411795,14.4
4881.00927813942,0.22314939,0.0024140488551228642,14.4
4882.009280044191,0.21714862,0.0024022929048368945,13.5
4883.009281948962,0.21496575,0.002394024802786643,14.3
4884.009283853733,0.21241729,0.0026328545228667195,14.3
4885.009285758503,0.2036836,0.002571917352114727,13.5
4886.009287663274,0.19158116,0.0025502212653246586,13.5
4887.0092895680455,0.20892029,0.0025232697071092087,14.3
4888.009291472817,0.20126896,0.0024077546220550063,2.5
4889.009293377588,0.21264213,0.0023231164711894512,2.5
4890.009295282359,0.20908694,0.002315232660485416,5.4
4891.009297187129,0.27359596,0.02239750684738388,0.2
4892.0092990919,0.28758663,0.036551313964625874,1.7000000000000002
4893.009300996671,0.2773519,0.03915820732262312,1.6
4894.009302901442,0.29429823,0.041291207835634086,1.6
4895.009304806214,0.26760963,0.04741280406096529,0.4
4896.009306710985,0.45574746,0.05159382558204899,1.7000000000000002
4897.009308615755,0.43037307,0.06098700958456376,2.8000000000000003
4898.009310520526,0.37953794,0.063693971829892,1.7000000000000002
4899.009312425297,0.3677076,0.06512054091359348,2.8000000000000003
4900.009314330068,0.36144423,0.06752301204657353,1.7000000000000002
4901.009316234839,0.48181012,0.0681759647228,1.0
4902.0093181396105,0.33522496,0.08488151819382037,3.1
4903.009320044381,0.40979818,0.09059903122302679,2.9000000000000004
4904.009321949152,0.5789162,0.09017324588229937,2.9000000000000004
4905.009323853923,0.7263238,0.08726485311069514,3.1
4906.009325758694,0.6863923,0.08502828076508134,3.1
4907.009327663465,0.71771586,0.07913540211384888,3.2
4908.009329568236,0.8011271,0.0865025100718993,3.1
4909.009331473007,0.857048,0.15095501318584023,1.0
4910.009333377778,0.8368638,0.15016252443840994,1.0
4911.009335282549,0.8040532,0.148905358273013,1.0
4912.00933718732,0.8587776,0.13717914007034723,1.0
4913.009339092091,0.8613755,0.15346447578505287,1.0
4914.009340996862,0.8653482,0.1533633639614849,1.0
4915.009342901633,0.8702716,0.1534432492196212,1.5
4916.0093448064035,0.88697886,0.1535078562336108,1.5
4917.009346711175,0.81111467,0.15341246624302207,1.5
4918.009348615946,0.8981086,0.14834764165363293,1.5
4919.009350520717,0.8611544,0.0791205280045614,1.5
4920.009352425488,0.939489,0.07882564027224463,1.5
4921.009354330259,0.96260107,0.07818789764993292,1.4000000000000001
4922.009356235029,0.9892558,0.07800020920621693,1.4000000000000001
4923.0093581398005,0.9700513,0.013131745592786341,4.1000000000000005
4924.009360044572,0.9757735,0.01157440882524893,2.8000000000000003
4925.009361949343,0.98060256,0.00883594153882238,2.8000000000000003
4926.009363854114,0.9887981,0.007021921750536555,3.5
4927.009365758885,0.99234337,0.006980112716968648,3.5
4928.009367663655,0.9929558,0.00488329785600984,1.5
4929.009369568426,0.9914587,0.008698320803926907,1.5
4930.0093714731975,0.9905997,0.009276484108133833,1.9000000000000001
4931.009373377969,0.98995364,0.011627447535695857,1.7000000000000002
4932.00937528274,0.9874227,0.013695271388760241,1.6
4933.009377187511,0.9879503,0.014194607896391102,1.6
4934.009379092281,0.9731611,0.014236149126394846,1.6
4935.009380997052,0.9717875,0.014289840412133045,1.6
4936.009382901823,0.947651,0.014328848269545847,1.6
4937.009384806594,0.93327737,0.014384728589158,1.6
4938.009386711366,0.9136695,0.014377470989912843,1.6
4939.009388616137,0.87343204,0.012139483153005948,3.6
4940.009390520907,0.6195821,0.011662531842219544,3.6
4941.009392425678,0.6051863,0.008754774955535893,7.9
4942.009394330449,0.4601687,0.004322517608384721,10.0
4943.00939623522,0.2560987,0.002999390444697728,1.5
4944.009398139991,0.44496194,0.002865654741219605,11.9
4945.0094000447625,0.2969373,0.003135804650227217,11.9
4946.009401949533,0.791507,0.00417867977079991,10.3
4947.009403854304,0.8113082,0.004721449095858016,10.4
4948.009405759075,0.8982352,0.0049318261644041555,10.5
4949.009407663846,0.92818743,0.005156328696804696,10.4
4950.009409568617,0.8993706,0.05528329052870968,1.6
4951.009411473388,0.9184664,0.0631048217129784,1.6
4952.009413378159,0.8230744,0.06312480869188432,1.4000000000000001
4953.00941528293,0.71732324,0.06314847957738795,1.3
4954.009417187701,0.63235056,0.09398801797511458,1.6
4955.009419092472,0.7606834,0.09400183786306048,1.6
4956.009420997243,0.7021761,0.09399978267667891,1.6
4957.009422902014,0.68835026,0.09406781669897832,1.6
4958.009424806784,0.86272585,0.09410672094712198,1.3
4959.0094267115555,0.7901209,0.09415896804707974,1.3
4960.009428616327,0.68246573,0.07648437541122997,1.6
4961.009430521098,0.86673063,0.07064416164692097,1.5
4962.009432425869,0.9350289,0.0708278471494834,1.9000000000000001
4963.00943433064,0.9757766,0.07092769877127222,1.9000000000000001
4964.00943623541,0.7554781,0.014249348898044923,8.700000000000001
4965.009438140181,0.8816125,0.03037949537899714,0.1
4966.0094400449525,0.8712954,0.04416595736150288,1.1
4967.009441949724,0.8398928,0.046494013639686874,1.1
4968.009443854495,0.6192406,0.046495503663040144,2.3000000000000003
4969.009445759266,0.464971,0.04640571963767946,1.1
4970.009447664036,0.40207854,0.04640586790097302,0.8
4971.009449568807,0.46088946,0.04605590352357909,2.3000000000000003
4972.009451473578,0.38584742,0.045684062568464835,2.4000000000000004
4973.0094533783495,0.33076844,0.04547183882872245,2.3000000000000003
4974.009455283121,0.28136322,0.045235438133770636,2.3000000000000003
4975.009457187892,0.19099422,0.0367578610338251,0.6000000000000001
4976.009459092662,0.29252416,0.01669875892371185,3.0
4977.009460997433,0.16902296,0.007268386152809158,8.8
4978.009462902204,0.17338002,0.006845947239740277,8.9
4979.009464806975,0.15100329,0.006822054542378065,8.9
4980.009466711746,0.34524417,0.004502887993780678,10.0
4981.009468616518,0.21079597,0.007471682961670991,10.100000000000001
4982.009470521288,0.20218973,0.008505549562577881,8.700000000000001
4983.009472426059,0.14461577,0.008511553730548177,8.700000000000001
4984.00947433083,0.23613037,0.008632663970957192,8.700000000000001
4985.009476235601,0.19465661,0.008634435216243906,8.700000000000001
4986.009478140372,0.2123191,0.008612373201883272,8.700000000000001
4987.009480045143,0.14848627,0.008185988095954633,8.700000000000001
4988.009481949914,0.21033283,0.008145610055665657,8.700000000000001
4989.009483854685,0.19520508,0.008138303200840299,8.8
4990.009485759456,0.19779785,0.008146928345375714,3.7
4991.009487664227,0.18073599,0.006958250635219658,9.4
4992.009489568998,0.17374143,0.005778017367432314,9.4
4993.009491473769,0.1772685,0.005751885407007373,9.4
4994.009493378539,0.20208845,0.005535392746439985,9.4
4995.009495283311,0.18291776,0.005655104482668962,9.4
4996.009497188082,0.19515675,0.07394970025010017,1.5
4997.009499092853,0.36912754,0.07416210560424756,1.5
4998.009500997624,0.35002154,0.07437725691349606,1.5
4999.009502902395,0.47279337,0.07445235107225394,1.5
5000.009504807166,0.5017799,0.07449455145918008,1.5
5001.009506711936,0.66998214,0.07433818784837042,1.5
5002.0095086167075,0.73242086,0.07430939318390338,1.5
5003.009510521479,0.74505824,0.0742994262440153,1.4000000000000001
5004.00951242625,0.8648768,0.07427329545663613,1.5
5005.009514331021,0.9011162,0.07423286180366345,1.5
5006.009516235792,0.93614864,0.009514873976456647,10.8
5007.009518140562,0.9051137,0.008164566714664024,2.2
5008.009520045333,0.924607,0.006449213236837554,15.0
5009.0095219501045,0.9393658,0.007445256920249564,3.3000000000000003
5010.009523854876,0.9614588,0.007419173955007257,3.3000000000000003
5011.009525759647,0.9356363,0.00743211683289055,3.4000000000000004
5012.009527664418,0.9233615,0.007559696572591436,3.4000000000000004
5013.009529569188,0.922139,0.0074693591206373465,3.3000000000000003
5014.009531473959,0.8145667,0.007524572135260804,2.1
5015.00953337873,0.9626103,0.007627718531940651,2.1
5016.0095352835015,0.98391896,0.007449080468401617,3.3000000000000003
5017.009537188273,0.9793617,0.00741749097005365,2.1
5018.009539093044,0.9753845,0.0072295062460827455,2.1
5019.009540997814,0.96536314,0.005235010960303266,8.4
5020.009542902585,0.97353685,0.004491636261391218,5.0
5021.009544807356,0.984886,0.00422446462310609,2.5
5022.009546712127,0.9796086,0.0038116985670191756,14.8
5023.009548616898,0.9799478,0.004348487062641354,9.5
5024.00955052167,0.9752759,0.0054312967443986004,4.2
5025.00955242644,0.9824338,0.005681893452190684,4.2
5026.009554331211,0.99162966,0.005868805234226913,4.2
5027.009556235982,0.97650856,0.006372566551119483,4.7
5028.009558140753,0.9661253,0.006452937154789666,4.7
5029.009560045524,0.9803679,0.006479364402684745,4.7
5030.009561950295,0.9755892,0.006763293061294409,4.4
5031.009563855066,0.9637873,0.006802890311010377,5.2
5032.009565759837,0.95914966,0.006773010568715365,5.2
5033.009567664608,0.94992393,0.006406127664025302,4.1000000000000005
5034.009569569379,0.9875216,0.056895857410780855,2.1
5035.00957147415,0.9674653,0.06201443930004567,1.4000000000000001
5036.009573378921,0.95589256,0.062089115127533887,1.5
5037.009575283691,0.8369374,0.09287837744548327,1.6
5038.009577188463,0.8755236,0.09292250720835916,1.6
5039.009579093234,0.823258,0.09294131432757151,1.6
5040.009580998005,0.8135832,0.09305027164034216,1.6
5041.009582902776,0.832621,0.09307427255579756,1.6
5042.009584807547,0.94293404,0.09310867896570586,1.6
5043.009586712317,0.90469694,0.09312322196168392,1.6
5044.009588617088,0.95681155,0.0738988885317853,1.7000000000000002
5045.0095905218595,0.97944605,0.06967970998725585,2.0
5046.009592426631,0.9901778,0.06963203485158163,2.0
5047.009594331402,0.977507,0.009306998277627744,2.1
5048.009596236173,0.9848991,0.011900999660656322,2.1
5049.009598140943,0.92582285,0.011974710696446789,2.1
5050.009600045714,0.94552684,0.011264816141760307,2.1
5051.009601950485,0.92928314,0.011183946887260434,2.1
5052.0096038552565,0.9530292,0.03710007143595925,0.4
5053.009605760028,0.9319297,0.05391191529447674,1.3
5054.009607664799,0.8464581,0.054582382615939604,1.3
5055.009609569569,0.8100192,0.05461381668268525,1.3
5056.00961147434,0.5854573,0.05481577715686902,1.3
5057.009613379111,0.6495107,0.05475193970274098,1.3
5058.009615283882,0.57812274,0.054135788694752995,1.3
5059.0096171886535,0.45183864,0.05409538718680558,1.3
5060.009619093425,0.5687296,0.05400960697255409,1.3
5061.009620998195,0.5867787,0.05396367968475283,1.3
5062.009622902966,0.5709574,0.04036328001332172,0.5
5063.009624807737,0.51764363,0.010966404845875008,4.2
5064.009626712508,0.42512497,0.006853179873763481,3.6
5065.009628617279,0.27707827,0.0537909332443737,1.3
5066.00963052205,0.4484449,0.05358462242370578,1.3
5067.009632426821,0.5184386,0.05367130608026019,1.2000000000000002
5068.009634331592,0.42739108,0.05372981088692498,1.2000000000000002
5069.009636236363,0.4917296,0.05376849572348654,1.2000000000000002
5070.009638141134,0.49249405,0.05377118284885039,1.2000000000000002
5071.009640045905,0.6695679,0.05378438349820403,1.2000000000000002
5072.009641950676,0.6410326,0.053783223508630754,1.2000000000000002
5073.0096438554465,0.76576155,0.053808037772049205,1.2000000000000002
5074.009645760218,0.8528375,0.0538258224151561,1.2000000000000002
5075.009647664989,0.92006063,0.007052645671171856,2.3000000000000003
5076.00964956976,0.9096657,0.006685543282594815,9.9
5077.009651474531,0.8831666,0.005619402864875912,9.9
5078.009653379302,0.89979595,0.004921092917056715,3.0
5079.009655284073,0.7430217,0.004442345531019676,3.0
5080.009657188843,0.755777,0.004423612163476377,14.3
5081.009659093615,0.820598,0.004280955097457204,3.0
5082.009660998386,0.90799516,0.004248624166887328,14.0
5083.009662903157,0.9244724,0.00443765919073491,14.0
5084.009664807928,0.868094,0.005148699753947297,14.0
5085.009666712699,0.9150958,0.005534010146390769,10.4
5086.009668617469,0.98049986,0.005948831266253746,14.0
5087.00967052224,0.9576335,0.00665276146925318,10.5
5088.0096724270115,0.97049046,0.007993874680242348,13.200000000000001
5089.009674331783,0.9814022,0.03973623956787133,3.5
5090.009676236554,0.9916814,0.041784393244227946,3.5
5091.009678141325,0.98412585,0.04207624308624963,3.5
5092.009680046095,0.97833306,0.04233142671238298,0.4
5093.009681950866,0.94845617,0.04242440345450893,0.4
5094.009683855637,0.94974774,0.04252863673148221,0.4
5095.0096857604085,0.9045465,0.04308893207575024,0.4
5096.00968766518,0.90831935,0.04312591056387976,3.9000000000000004
5097.009689569951,0.8728899,0.04300739249364673,3.9000000000000004
5098.009691474721,0.86563283,0.04281275446104244,3.9000000000000004
5099.009693379492,0.8801952,0.018237420621299304,1.0
5100.009695284263,0.9137687,0.012838419208094445,2.3000000000000003
5101.009697189034,0.9528235,0.01211993069688065,1.0
5102.0096990938055,0.9722605,0.011245158166626024,7.5
5103.009700998577,0.98518664,0.010723297442656772,7.5
5104.009702903347,0.9880995,0.009882750113399933,7.5
5105.009704808118,0.9748113,0.007361489469466402,6.9
5106.009706712889,0.9828637,0.007966880015801986,6.6000000000000005
5107.00970861766,0.97899413,0.008617460694213763,2.6
5108.009710522431,0.9450729,0.009023193885540825,2.8000000000000003
5109.009712427202,0.9244245,0.008956805561867048,6.5
5110.009714331973,0.9466066,0.00873583279620472,2.7
5111.009716236744,0.9751365,0.009197557914330946,2.7
5112.009718141515,0.946473,0.00932664108311547,1.3
5113.009720046286,0.9830315,0.009613915333122086,2.9000000000000004
5114.009721951057,0.9687553,0.010393652315517489,2.8000000000000003
5115.009723855828,0.95276296,0.010008620273998159,0.5
5116.0097257605985,0.9423345,0.018435030937314998,4.5
5117.00972766537,0.9080433,0.023838643992658604,4.1000000000000005
5118.009729570141,0.9341396,0.023681015874026077,4.1000000000000005
5119.009731474912,0.9490649,0.02390784974458086,4.1000000000000005
5120.009733379683,0.94219667,0.024451950796916117,2.4000000000000004
5121.009735284454,0.9392106,0.02445103065311717,2.4000000000000004
5122.009737189224,0.93295074,0.024410098873679717,2.4000000000000004
5123.009739093995,0.9227918,0.02430624841213439,2.4000000000000004
5124.009740998767,0.9424892,0.02397476973203383,2.4000000000000004
5125.009742903538,0.95596105,0.02388307633581156,2.4000000000000004
5126.009744808309,0.7917462,0.017563584799198236,2.4000000000000004
5127.00974671308,0.87067276,0.0081621555672688,2.5
5128.00974861785,0.7196755,0.008030756336639803,0.1
5129.009750522621,0.575904,0.007346323902016785,2.3000000000000003
5130.009752427392,0.50992656,0.005385483157887784,3.1
5131.0097543321635,0.6965829,0.004433886201662466,1.2000000000000002
5132.009756236935,0.84638417,0.005103157823242049,14.600000000000001
5133.009758141706,0.88505036,0.006256615636592365,11.3
5134.009760046476,0.89811224,0.006363243192619905,11.3
5135.009761951247,0.91402334,0.006373205001436819,11.3
5136.009763856018,0.9571952,0.0064057882035635765,11.3
5137.009765760789,0.97835827,0.006354141084279247,11.3
5138.0097676655605,0.9846941,0.006339738184884328,11.3
5139.009769570332,0.9905211,0.0064952956496217166,11.3
5140.009771475102,0.9920717,0.006384583717019907,11.3
5141.009773379873,0.9933569,0.006046417017954341,10.200000000000001
5142.009775284644,0.9910625,0.005234475638787347,11.0
5143.009777189415,0.9904553,0.003795074013007615,13.600000000000001
5144.009779094186,0.99273336,0.0035906906336021327,13.600000000000001
5145.0097809989575,0.9914357,0.0035750791678412918,13.600000000000001
5146.009782903728,0.99330384,0.003475604508039097,10.200000000000001
5147.009784808499,0.9877642,0.02569414151249701,2.2
5148.00978671327,0.9899194,0.04749596927115784,1.7000000000000002
5149.009788618041,0.988461,0.04786285409032048,1.6
5150.009790522812,0.981296,0.04790515008084677,1.6
5151.009792427583,0.98649246,0.047909429673202546,1.6
5152.0097943323535,0.9807525,0.04876918915015276,1.7000000000000002
5153.009796237125,0.97095245,0.04891413703187374,1.7000000000000002
5154.009798141896,0.9493735,0.04894885565649705,1.7000000000000002
5155.009800046667,0.9789484,0.04901501437953005,1.7000000000000002
5156.009801951438,0.968315,0.04909353370947707,1.6
5157.009803856209,0.9657998,0.04187043117652531,1.9000000000000001
5158.009805760979,0.97059536,0.014397550070576467,6.4
5159.0098076657505,0.9733271,0.013685129966443596,6.1000000000000005
5160.009809570522,0.987889,0.013698365655793193,11.3
5161.009811475293,0.9902146,0.013906181502913617,6.1000000000000005
5162.009813380064,0.99295396,0.010664056001497448,10.100000000000001
5163.009815284835,0.989541,0.01008770064240968,10.700000000000001
5164.009817189606,0.97520816,0.010433238711828545,10.700000000000001
5165.009819094376,0.92764837,0.010355824758969664,11.4
5166.009820999147,0.9370173,0.01897593080116016,13.3
5167.009822903919,0.9851087,0.020032941749884004,2.3000000000000003
5168.00982480869,0.9067296,0.023171647474967392,13.5
5169.009826713461,0.9133421,0.023826657749396647,13.100000000000001
5170.009828618232,0.89358044,0.024258950025586506,1.1
5171.009830523002,0.955255,0.024176495877082267,1.1
5172.009832427773,0.9261229,0.024235077830256007,1.1
5173.009834332544,0.9611028,0.024298724609384394,1.1
5174.0098362373155,0.9631401,0.02562463057667554,1.1
5175.009838142087,0.88068247,0.028628266383034253,1.5
5176.009840046858,0.74835664,0.024419523694401372,1.2000000000000002
5177.009841951628,0.85051066,0.02391689747886506,1.2000000000000002
5178.009843856399,0.8510985,0.020079246395556884,1.2000000000000002
5179.00984576117,0.8644327,0.018891290315229257,1.2000000000000002
5180.009847665941,0.84353566,0.018309661025651243,6.7
5181.0098495707125,0.8590255,0.018483880511691815,6.6000000000000005
5182.009851475484,0.96673936,0.018343312388319457,6.6000000000000005
5183.009853380254,0.9457818,0.018278267672888433,6.6000000000000005
5184.009855285025,0.97227323,0.016171460602283236,2.6
5185.009857189796,0.9523178,0.01010217638987157,2.6
5186.009859094567,0.9208657,0.009568774442683977,9.600000000000001
5187.009860999338,0.95383674,0.008436537476359307,14.600000000000001
5188.0098629041095,0.9618512,0.00844170826448974,6.800000000000001
5189.00986480888,0.96382284,0.008551078136115161,6.800000000000001
5190.009866713651,0.9427272,0.00940086515248234,10.8
5191.009868618422,0.926248,0.011147324014391915,1.9000000000000001
5192.009870523193,0.88936996,0.01135969336086569,1.9000000000000001
5193.009872427964,0.87621886,0.011333807203299434,1.9000000000000001
5194.009874332735,0.8818287,0.011258166175056898,1.9000000000000001
5195.0098762375055,0.800207,0.010506163445955076,3.1
5196.009878142277,0.85969394,0.017624106196981633,2.0
5197.009880047048,0.83155656,0.018776953563157357,2.0
5198.009881951819,0.802107,0.01886104288228206,3.0
5199.00988385659,0.8900696,0.01881845471751293,3.0
5200.009885761361,0.9121004,0.018562789442161786,3.0
5201.009887666131,0.954135,0.017470701891920473,3.0
5202.0098895709025,0.93303573,0.01756054853467655,3.0
5203.009891475674,0.9529581,0.017507990339733822,3.0
5204.009893380445,0.9765792,0.017478060740786866,3.0
5205.009895285216,0.9795706,0.01737011698999699,3.0
5206.009897189987,0.97820014,0.008999147118328311,5.7
5207.009899094757,0.97417766,0.006209854827430278,3.0
5208.009900999528,0.98869866,0.005727261503715398,9.4
5209.009902904299,0.9793834,0.005615055969492649,11.100000000000001
5210.009904809071,0.9826021,0.005047659857087592,11.700000000000001
5211.009906713842,0.97813,0.004679690739840832,13.0
5212.009908618613,0.9794231,0.004256289452280197,12.9
5213.009910523383,0.9798417,0.0042179305378290625,12.9
5214.009912428154,0.9873541,0.004402132831749634,12.5
5215.009914332925,0.98303705,0.004887409043408854,14.600000000000001
5216.009916237696,0.9867843,0.00558285569926681,11.4
5217.0099181424675,0.9745977,0.06013155853314603,1.7000000000000002
5218.009920047239,0.9740277,0.08278097528343141,1.1
5219.009921952009,0.9426264,0.08281652959998598,1.1
5220.00992385678,0.8901751,0.08284609614618489,1.1
5221.009925761551,0.54865664,0.08286111536299727,1.1
5222.009927666322,0.48669425,0.08282452748077294,1.1
5223.009929571093,0.5534235,0.08283237698224183,1.1
5224.0099314758645,0.47669715,0.0828271194270408,1.2000000000000002
5225.009933380635,0.30882725,0.08280520814906012,1.1
5226.009935285406,0.237126,0.08277428728623427,1.2000000000000002
5227.009937190177,0.18540545,0.05717347200647236,13.200000000000001
5228.009939094948,0.46408933,0.04032400173699466,2.1
5229.009940999719,0.15393549,0.047615543809420915,1.7000000000000002
5230.00994290449,0.18454905,0.05215913012361043,1.7000000000000002
5231.009944809261,0.14968821,0.052150986743721144,1.7000000000000002
5232.009946714032,0.22358724,0.05246631711160893,1.8
5233.009948618803,0.22579835,0.052964611031977284,1.8
5234.009950523574,0.49229956,0.05306922721169358,1.8
5235.009952428345,0.32630548,0.05338684690676726,1.8
5236.009954333116,0.31992152,0.053611787354583676,1.8
5237.009956237886,0.19402958,0.05364236661466702,1.8
5238.0099581426575,0.45242232,0.035640998367621565,1.3
5239.009960047429,0.37177387,0.02513858916862463,2.9000000000000004
5240.0099619522,0.6657734,0.013472586329156766,6.800000000000001
5241.009963856971,0.5201828,0.013861112580008791,4.5
5242.009965761742,0.44890773,0.012614125727982161,10.700000000000001
5243.009967666513,0.30746627,0.010211736510696671,10.700000000000001
5244.009969571283,0.2924387,0.009636805282748767,8.4
5245.0099714760545,0.24669173,0.008862982380931611,13.600000000000001
5246.009973380826,0.44973245,0.013124751288473771,10.700000000000001
5247.009975285597,0.44954967,0.013217255313687188,10.200000000000001
5248.009977190368,0.3497508,0.013174835280109676,10.200000000000001
5249.009979095139,0.42029062,0.012850537801427276,10.200000000000001
5250.009980999909,0.40900594,0.013722519589704675,10.600000000000001
5251.00998290468,0.37509924,0.013675750509709624,10.600000000000001
5252.009984809451,0.4546233,0.013665456140999089,10.600000000000001
5253.009986714223,0.49259752,0.013656221244955377,10.600000000000001
5254.009988618994,0.44611615,0.013711925267613119,10.3
5255.009990523765,0.17692915,0.012999151614388518,10.3
5256.009992428535,0.28619355,0.018174580812917646,6.2
5257.009994333306,0.48595876,0.020225509573471964,6.2
5258.009996238077,0.63304704,0.020586958985065813,6.2
5259.009998142848,0.57601464,0.02069291872064737,5.6000000000000005
5260.0100000476195,0.291785,0.08188818150918864,1.7000000000000002
5261.010001952391,0.26434875,0.08195922991813975,1.7000000000000002
5262.010003857161,0.44374403,0.08511625292575263,2.0
5263.010005761932,0.4293527,0.08971471909148915,1.1
5264.010007666703,0.5455626,0.09193458023768344,1.1
5265.010009571474,0.74139464,0.0920283996075331,1.1
5266.010011476245,0.6580841,0.0912992932002482,1.1
5267.0100133810165,0.8585052,0.09440966310029163,1.1
5268.010015285787,0.7605626,0.10310102324953767,1.1
5269.010017190558,0.8496805,0.13219919209489156,1.1
5270.010019095329,0.7063581,0.13806573069413444,1.1
5271.0100210001,0.72097975,0.13843794353114228,1.1
5272.010022904871,0.6778555,0.13687280640485197,1.1
5273.010024809642,0.5420514,0.13405598940619798,1.1
5274.010026714413,0.5836082,0.14269184594970444,1.1
5275.010028619184,0.5716952,0.15281360842822914,1.1
5276.010030523955,0.59025264,0.15246102895438526,1.1
5277.010032428726,0.7649311,0.15005323985424165,1.1
5278.010034333497,0.64391774,0.14450599470659167,1.1
5279.010036238268,0.593671,0.11788582979579028,1.1
5280.010038143038,0.6100619,0.07763595191968603,1.5
5281.0100400478095,0.657964,0.07703526557909787,1.5
5282.010041952581,0.5154798,0.07696458334432751,1.5
5283.010043857352,0.6709877,0.07699969716759675,1.4000000000000001
5284.010045762123,0.90290135,0.05364522575793298,1.2000000000000002
5285.010047666894,0.977788,0.025237145738718374,2.9000000000000004
5286.010049571664,0.916016,0.027370892360526394,2.9000000000000004
5287.010051476435,0.9353636,0.028458300005082888,2.9000000000000004
5288.0100533812065,0.9423849,0.029356403144710917,2.9000000000000004
5289.010055285978,0.9214021,0.029982743294252955,2.9000000000000004
5290.010057190749,0.86754835,0.030141402123426572,2.9000000000000004
5291.01005909552,0.9574126,0.0305776867114468,2.9000000000000004
5292.01006100029,0.9636963,0.030649801746974147,2.9000000000000004
5293.010062905061,0.97926944,0.030266858583842274,2.9000000000000004
5294.010064809832,0.9657965,0.029852762238486055,2.3000000000000003
5295.010066714603,0.97165763,0.01885040110498417,3.0
5296.010068619375,0.983976,0.016363590522267643,4.5
5297.010070524146,0.98424673,0.016023884914076025,4.5
5298.010072428916,0.9712985,0.015368963792017307,10.4
5299.010074333687,0.9369118,0.014370195824220855,10.4
5300.010076238458,0.9512188,0.014363287980334996,10.4
5301.010078143229,0.9370866,0.013690269316532697,10.0
5302.010080048,0.88387626,0.01423028338950552,8.700000000000001
5303.0100819527715,0.9255154,0.014111701045140585,8.700000000000001
5304.010083857542,0.932094,0.01408881199176805,8.700000000000001
5305.010085762313,0.9607818,0.013860163938181383,8.700000000000001
5306.010087667084,0.92914623,0.012913335186375469,8.700000000000001
5307.010089571855,0.9697711,0.0107273800479392,12.0
5308.010091476626,0.98234314,0.008958007210146286,9.4
5309.010093381397,0.9727958,0.008334351236389897,3.3000000000000003
5310.010095286168,0.92287195,0.00795575410877532,3.3000000000000003
5311.010097190939,0.8919612,0.007436430837088331,12.0
5312.01009909571,0.84914625,0.006390140396321406,6.9
5313.010101000481,0.72905326,0.006320329351268417,9.600000000000001
5314.010102905252,0.852406,0.009257048848447004,1.8
5315.010104810023,0.9462652,0.013960335615704655,2.4000000000000004
5316.010106714793,0.95202506,0.023002757692978937,2.5
5317.010108619565,0.9396192,0.037968765544171494,2.5
5318.010110524336,0.8304645,0.03904557833419592,2.4000000000000004
5319.010112429107,0.6371789,0.040222712707023975,1.0
5320.010114333878,0.57571185,0.04089812173736491,0.9
5321.010116238649,0.50032103,0.04895733984381178,0.9
5322.01011814342,0.40700963,0.0609057275886832,0.9
5323.01012004819,0.3602819,0.06096230564555538,0.9
5324.0101219529615,0.5421547,0.061086776450292396,0.9
5325.010123857733,0.50633603,0.060433335320271044,0.9
5326.010125762504,0.64919966,0.057614674530431266,0.9
5327.010127667275,0.8056365,0.04906629868922237,0.9
5328.010129572046,0.92134315,0.04813994947150587,0.9
5329.010131476816,0.94089544,0.047167746399005214,0.8
5330.010133381587,0.9479075,0.0465803561289141,0.8
5331.0101352863585,0.9755626,0.037853036955720065,0.7000000000000001
5332.01013719113,0.9765088,0.011534363293847856,2.3000000000000003
5333.010139095901,0.982262,0.011164325716927272,2.3000000000000003
5334.010141000672,0.97770643,0.007556763908295296,12.700000000000001
5335.010142905442,0.98757976,0.005939309910751684,10.8
5336.010144810213,0.99137634,0.0117653613115658,6.300000000000001
5337.010146714984,0.9909395,0.016769739350825565,6.1000000000000005
5338.0101486197555,0.9890216,0.018619247264441714,6.1000000000000005
5339.010150524527,0.9867078,0.020309194885572632,1.9000000000000001
5340.010152429298,0.97444534,0.02100011297687516,1.9000000000000001
5341.010154334068,0.9625613,0.09590546826762289,1.8
5342.010156238839,0.9731784,0.09646930661257833,1.8
5343.01015814361,0.8827604,0.09778286741175103,1.5
5344.010160048381,0.82717633,0.09906450864585054,2.6
5345.010161953152,0.84752625,0.09935000924398195,2.6
5346.0101638579235,0.8351701,0.09884091569642935,2.6
5347.010165762694,0.85743904,0.0981883926781644,2.9000000000000004
5348.010167667465,0.9036063,0.09912124868037363,2.9000000000000004
5349.010169572236,0.8104977,0.09959220830130247,2.9000000000000004
5350.010171477007,0.72683895,0.09947976522531085,2.9000000000000004
5351.010173381778,0.3381907,0.033227335076478896,7.6000000000000005
5352.010175286549,0.43493885,0.03367871817224656,7.6000000000000005
5353.01017719132,0.581586,0.07636185093020738,1.4000000000000001
5354.010179096091,0.45307454,0.10048160086714301,1.6
5355.010181000862,0.54239166,0.10271353181412683,1.6
5356.010182905633,0.6324241,0.10296321973107123,1.6
5357.010184810404,0.7106765,0.1030091791889793,1.6
5358.010186715175,0.59166914,0.10176204522198806,1.7000000000000002
5359.010188619945,0.59489495,0.101042510385766,1.7000000000000002
5360.010190524717,0.55047023,0.11294669478707904,1.7000000000000002
5361.010192429488,0.43745074,0.1134830967916571,1.7000000000000002
5362.010194334259,0.23775443,0.11306478973996252,1.7000000000000002
5363.01019623903,0.39205724,0.08853785037488922,1.9000000000000001
5364.010198143801,0.34297323,0.05785769234137013,1.2000000000000002
5365.010200048571,0.43748567,0.0585536768517615,1.4000000000000001
5366.010201953342,0.36360088,0.06046368428057949,1.4000000000000001
5367.0102038581135,0.50113004,0.06045934943757052,1.4000000000000001
5368.010205762885,0.12622581,0.08947583315811643,1.4000000000000001
5369.010207667656,0.23809393,0.0903678414575026,1.9000000000000001
5370.010209572427,0.6387652,0.07586343211191167,1.9000000000000001
5371.010211477197,0.73921686,0.07505251610446816,1.1
5372.010213381968,0.59304136,0.07487584760947374,1.1
5373.010215286739,0.66753566,0.07475900986351246,1.1
5374.0102171915105,0.7716517,0.08043180127402469,1.1
5375.010219096282,0.88548034,0.07711934756283292,2.0
5376.010221001053,0.8430467,0.07534844573708145,2.0
5377.010222905823,0.44176045,0.08681689683660292,1.6
5378.010224810594,0.7436559,0.056617212796499845,1.6
5379.010226715365,0.70392144,0.055210392808650116,1.6
5380.010228620136,0.64253074,0.0539224770710492,1.6
5381.0102305249075,0.73473704,0.053870324550011436,1.6
5382.010232429679,0.8670551,0.054016513726220274,1.6
5383.010234334449,0.9094535,0.05405247623452675,1.6
5384.01023623922,0.9085648,0.044858577517795845,1.1
5385.010238143991,0.9341663,0.044077143434836354,1.3
5386.010240048762,0.9791947,0.0439626226027127,1.3
5387.010241953533,0.9873146,0.008005828399341705,11.200000000000001
5388.010243858304,0.9908364,0.007098887235827852,11.700000000000001
5389.010245763075,0.98738,0.007330683107191082,11.700000000000001
5390.010247667846,0.9909723,0.010016988069381066,6.300000000000001
5391.010249572617,0.99060845,0.010353140642386063,6.300000000000001
5392.010251477388,0.97914666,0.010238113577499932,6.300000000000001
5393.010253382159,0.9559539,0.010124386255740489,6.300000000000001
5394.01025528693,0.95750725,0.01035367822015631,6.300000000000001
5395.0102571917005,0.97822934,0.010519133449389845,6.300000000000001
5396.010259096472,0.97090393,0.010754522493531074,6.300000000000001
5397.010261001243,0.91052526,0.011149092771597488,6.300000000000001
5398.010262906014,0.8986672,0.012584656673483387,10.700000000000001
5399.010264810785,0.9191396,0.015509811592970062,6.300000000000001
5400.010266715556,0.8152912,0.016559405273949758,1.7000000000000002
5401.010268620326,0.9061111,0.01641730055255718,1.7000000000000002
5402.010270525097,0.94890076,0.015943940747309353,1.6
5403.010272429869,0.983697,0.015875045068127563,1.6
5404.01027433464,0.967704,0.015705824620616933,1.6
5405.010276239411,0.98621064,0.015597445852326204,1.6
5406.010278144182,0.9933442,0.015394271901684966,1.6
5407.010280048953,0.9938652,0.015067388680903786,1.6
5408.010281953723,0.99186486,0.021083187570122112,1.6
5409.010283858494,0.9882091,0.08082575116756137,1.2000000000000002
5410.0102857632655,0.97358906,0.08103399713117293,1.3
5411.010287668037,0.96764475,0.08106883169757007,1.3
5412.010289572808,0.95641446,0.08113744657469651,1.3
5413.010291477579,0.9174395,0.081490805804301,1.4000000000000001
5414.010293382349,0.9689497,0.08170636746161594,1.4000000000000001
5415.01029528712,0.9288782,0.08250943071945814,1.3
5416.010297191891,0.93701136,0.0837675005506985,1.3
5417.0102990966625,0.96494114,0.08377318536587101,1.3
5418.010301001434,0.9132862,0.08245411012904869,1.6
5419.010302906205,0.37660816,0.026434273503038917,10.200000000000001
5420.010304810975,0.28751075,0.024236420302773124,10.100000000000001
5421.010306715746,0.2820622,0.02414249441971766,10.5
5422.010308620517,0.33770755,0.02393732405354421,10.5
5423.010310525288,0.5689258,0.022682704597387564,10.700000000000001
5424.0103124300595,0.39621618,0.02194371777887574,10.700000000000001
5425.010314334831,0.34723377,0.0187085337102252,3.9000000000000004
5426.010316239601,0.33290967,0.01189156627781046,8.4
5427.010318144372,0.12035994,0.011870541498679624,8.5
5428.010320049143,0.2756449,0.010208524299821525,7.1000000000000005
5429.010321953914,0.16527334,0.0024661919390170407,9.9
5430.010323858685,0.1593709,0.0022744479349572863,10.200000000000001
5431.010325763456,0.1651932,0.0023771057098690594,10.600000000000001
5432.010327668227,0.15710148,0.0024164700769870157,10.600000000000001
5433.010329572998,0.49999782,0.01482037688699933,13.5
5434.010331477769,0.5570595,0.01800542713427068,15.0
5435.01033338254,0.7101876,0.018676119245775356,10.200000000000001
5436.010335287311,0.66482955,0.01986622952544924,10.200000000000001
5437.010337192082,0.54121,0.019930634510004448,10.200000000000001
5438.0103390968525,0.79035944,0.08650154537434632,2.4000000000000004
5439.010341001624,0.7029578,0.08693761755065002,2.0
5440.010342906395,0.91717017,0.08695048824699578,2.0
5441.010344811166,0.8667906,0.0871545691970087,2.0
5442.010346715937,0.85281247,0.09520944155489888,1.4000000000000001
5443.010348620708,0.42688498,0.09638685385302095,1.4000000000000001
5444.010350525478,0.7338791,0.09595067752202824,1.7000000000000002
5445.010352430249,0.4121352,0.09603257791937951,1.7000000000000002
5446.010354335021,0.75161034,0.09594108896704612,1.7000000000000002
5447.010356239792,0.5482245,0.09606627600109502,1.7000000000000002
5448.010358144563,0.72015715,0.04643225636895258,10.4
5449.010360049334,0.7460544,0.046209212984259215,10.3
5450.010361954104,0.77649605,0.046577244972383997,10.5
5451.010363858875,0.6732185,0.07828916641987518,0.9
5452.010365763646,0.827738,0.07534823543858513,2.2
5453.0103676684175,0.80597836,0.07309604553875379,2.2
5454.010369573189,0.7361206,0.07858873707095647,2.5
5455.01037147796,0.6019263,0.0873034995746209,1.8
5456.01037338273,0.32349896,0.08738266800141076,1.8
5457.010375287501,0.53465176,0.08726308078660457,1.8
5458.010377192272,0.22540197,0.08789515200807346,1.8
5459.010379097043,0.4982051,0.08797704667567718,1.8
5460.0103810018145,0.33110872,0.08812348517002905,1.8
5461.010382906586,0.70730495,0.061054555126051034,1.8
5462.010384811356,0.780475,0.05279848367407994,1.6
5463.010386716127,0.88402903,0.05259016800403034,1.6
5464.010388620898,0.375652,0.043303329948963125,0.9
5465.010390525669,0.12049512,0.020649290629461352,3.4000000000000004
5466.01039243044,0.34836325,0.019632303527199843,3.2
5467.0103943352115,0.35989234,0.019508020097961574,3.2
5468.010396239982,0.44118074,0.016266123636679116,8.9
5469.010398144753,0.45972195,0.013953191862980495,3.3000000000000003
5470.010400049524,0.49488354,0.011456672240142587,3.3000000000000003
5471.010401954295,0.41979128,0.011214178711520223,3.3000000000000003
5472.010403859066,0.3283798,0.00955402544346815,14.9
5473.010405763837,0.3257149,0.07555396501639555,2.3000000000000003
5474.0104076686075,0.3311837,0.07587050975238689,2.0
5475.010409573379,0.29504186,0.07593123237672576,2.0
5476.01041147815,0.30341265,0.07603426171974084,2.1
5477.010413382921,0.30105206,0.07639573146462947,2.0
5478.010415287692,0.28724477,0.08812137888511994,2.5
5479.010417192463,0.111847684,0.08953619135262823,2.5
5480.010419097233,0.16928674,0.08953556803575925,2.5
5481.0104210020045,0.25511202,0.08953824562354623,2.5
5482.010422906776,0.15771623,0.08953924385998392,2.5
5483.010424811547,0.59651995,0.04820032632385459,1.7000000000000002
5484.010426716318,0.51730114,0.04840257328709159,1.1
5485.010428621089,0.5699875,0.048349487226157326,1.8
5486.01043052586,0.40539443,0.04818464107635973,1.8
5487.01043243063,0.37846708,0.047600631997276606,1.3
5488.010434335401,0.31740266,0.018526068906261482,1.8
5489.010436240173,0.34238967,0.021400070999615075,10.600000000000001
5490.010438144944,0.33097076,0.021454907779439623,10.600000000000001
5491.010440049715,0.58190477,0.09074191992313681,2.3000000000000003
5492.010441954486,0.60866916,0.13218266623158662,2.6
5493.010443859256,0.5054647,0.1333679469485884,2.6
5494.010445764027,0.4700163,0.13362032794059253,1.8
5495.010447668798,0.38368806,0.13367175596675876,1.9000000000000001
5496.0104495735695,0.44735888,0.13370705095233135,1.9000000000000001
5497.010451478341,0.43070102,0.13386956996972665,1.9000000000000001
5498.010453383112,0.41643122,0.13389291577410511,1.9000000000000001
5499.010455287882,0.46300575,0.13312529389187933,2.5
5500.010457192653,0.5412526,0.13756735074045554,2.5
5501.010459097424,0.25628126,0.1056859964631293,2.4000000000000004
5502.010461002195,0.4887019,0.0440223191786298,2.4000000000000004
5503.0104629069665,0.53758067,0.04018141537156023,2.4000000000000004
5504.010464811738,0.71923345,0.03846722506147245,2.4000000000000004
5505.010466716508,0.65503085,0.03950281729624165,2.4000000000000004
5506.010468621279,0.73808926,0.04126719903728631,2.4000000000000004
5507.01047052605,0.744585,0.04167462643497419,2.4000000000000004
5508.010472430821,0.68547255,0.06851798075672096,0.7000000000000001
5509.010474335592,0.6137698,0.0698328088649988,1.1
5510.0104762403635,0.8034781,0.06179254598383761,1.3
5511.010478145134,0.8580512,0.062061808711383955,1.3
5512.010480049905,0.68350446,0.06254683747202158,1.3
5513.010481954676,0.70806056,0.06272221369328997,1.3
5514.010483859447,0.29455027,0.10586261534545614,1.3
5515.010485764218,0.5421322,0.11054499559402134,1.3
5516.010487668989,0.42095068,0.11685981674070087,1.3
5517.0104895737595,0.5560882,0.11666044126045784,2.0
5518.010491478531,0.7569815,0.10457648575858289,1.5
5519.010493383302,0.7900039,0.10312441707843119,1.4000000000000001
5520.010495288073,0.6901177,0.10276303507624221,1.4000000000000001
5521.010497192844,0.88852817,0.10266143161540903,2.0
5522.010499097615,0.9110563,0.10249707728777595,2.0
5523.010501002385,0.8143147,0.10253869401823772,2.0
5524.0105029071565,0.69916046,0.05710669225152864,1.3
5525.010504811928,0.68436366,0.04762874844668122,1.1
5526.010506716699,0.27773777,0.025947994956030826,10.8
5527.01050862147,0.31599492,0.026126078346637535,10.8
5528.010510526241,0.69578755,0.04699088711698698,4.0
5529.010512431011,0.61323637,0.06206737931088711,2.5
5530.010514335782,0.70195186,0.12164657128662369,1.6
5531.010516240553,0.69497526,0.12168320823723758,1.6
5532.010518145325,0.75745445,0.12161133092046815,1.6
5533.010520050096,0.82551455,0.12167417976332616,1.6
5534.010521954867,0.67350644,0.1216817833189956,1.6
5535.010523859637,0.8046869,0.12129184628438386,1.6
5536.010525764408,0.9308233,0.12133369461775351,1.6
5537.010527669179,0.936957,0.12144907464469057,2.4000000000000004
5538.01052957395,0.9191456,0.11476365329372244,1.6
5539.0105314787215,0.89530534,0.1075161448978953,1.6
5540.010533383493,0.8228082,0.03620676466580773,1.7000000000000002
5541.010535288263,0.65218806,0.042109327886605714,0.6000000000000001
5542.010537193034,0.62240744,0.045629681523608766,1.2000000000000002
5543.010539097805,0.4686459,0.045861619246015055,1.2000000000000002
5544.010541002576,0.72418475,0.04586690863886661,1.2000000000000002
5545.010542907347,0.49267113,0.045792411444584305,1.2000000000000002
5546.0105448121185,0.59415686,0.04564593517109042,1.2000000000000002
5547.010546716889,0.5989064,0.04505087374309648,1.2000000000000002
5548.01054862166,0.55334884,0.04687907930529242,10.8
5549.010550526431,0.5664192,0.04649615931884066,10.8
5550.010552431202,0.5516129,0.03789416206434581,10.8
5551.010554335973,0.41548508,0.039542399990898563,10.600000000000001
5552.010556240744,0.66362536,0.05599607866518336,1.0
5553.010558145515,0.7288683,0.06201262706568337,1.0
5554.010560050286,0.7092432,0.06176311790985175,1.0
5555.010561955057,0.6466559,0.06170510463259275,1.0
5556.010563859828,0.5464079,0.06169257752143299,1.0
5557.010565764599,0.6398112,0.06161324545503999,1.0
5558.01056766937,0.8433634,0.058167083336151025,1.1
5559.01056957414,0.8798748,0.05787139986206333,1.1
5560.0105714789115,0.9353259,0.05851987405872464,1.1
5561.010573383683,0.9089805,0.05418114289960834,1.1
5562.010575288454,0.9793249,0.052819915658480175,0.7000000000000001
5563.010577193225,0.93316394,0.04993485092489152,1.8
5564.010579097996,0.82301295,0.06143217206269408,1.8
5565.010581002766,0.8439982,0.0869006955001577,1.9000000000000001
5566.010582907537,0.7780547,0.09447733153353952,1.9000000000000001
5567.0105848123085,0.61404914,0.09742376353347999,1.6
5568.01058671708,0.6087829,0.10268264853065699,1.6
5569.010588621851,0.4675178,0.10688345247016771,1.6
5570.010590526622,0.1873627,0.11165675406264465,1.3
5571.010592431393,0.16456294,0.1131306882318653,1.3
5572.010594336163,0.10209692,0.11097668399792507,1.1
5573.010596240934,0.049726516,0.1126814807013292,1.3
5574.010598145705,0.07185084,0.11021544476156847,1.7000000000000002
5575.010600050477,0.037997477,0.10563933567334843,1.0
5576.010601955248,0.063030995,0.11261321237768375,3.0
5577.010603860019,0.052319728,0.11852176123493871,3.0
5578.010605764789,0.07059957,0.12819612914647688,2.8000000000000003
5579.01060766956,0.08406207,0.1411400369704272,2.0
5580.010609574331,0.08701779,0.1381144035749804,1.9000000000000001
5581.010611479102,0.25366932,0.13716587150184198,2.0
5582.0106133838735,0.74763423,0.13337652545755377,2.0
5583.010615288645,0.75635505,0.13049447315525897,2.0
5584.010617193415,0.82665485,0.128168936847525,2.0
5585.010619098186,0.842044,0.11791866605442106,1.6
5586.010621002957,0.8012221,0.10467863557651098,2.0
5587.010622907728,0.79940826,0.09526709428659744,1.9000000000000001
5588.010624812499,0.7892661,0.09904712273992566,1.3
5589.0106267172705,0.65012205,0.08505173885133091,0.7000000000000001
5590.010628622041,0.73063046,0.0985914262289021,0.6000000000000001
5591.010630526812,0.52983296,0.11922081953586937,0.6000000000000001
5592.010632431583,0.60010463,0.11906185017067497,0.6000000000000001
5593.010634336354,0.532349,0.11862203013407802,0.6000000000000001
5594.010636241125,0.71176815,0.1183506278397501,1.0
5595.010638145896,0.80740494,0.1177341645030318,0.6000000000000001
5596.010640050667,0.694128,0.11779900885786944,0.6000000000000001
5597.010641955438,0.7825442,0.11774591001271516,0.6000000000000001
5598.010643860209,0.70835596,0.09842266340792834,0.6000000000000001
5599.01064576498,0.90641177,0.08895101163727444,0.6000000000000001
5600.010647669751,0.9205287,0.07013552473454737,0.6000000000000001
5601.010649574522,0.91104966,0.020267368221442494,1.5
5602.010651479292,0.8793231,0.020277684465684953,1.9000000000000001
5603.0106533840635,0.8970718,0.0207919631745021,1.9000000000000001
5604.010655288835,0.85187334,0.02518398781223708,10.600000000000001
5605.010657193606,0.8919787,0.02762369172167804,1.7000000000000002
5606.010659098377,0.8262363,0.029232511835389493,1.7000000000000002
5607.010661003148,0.6734372,0.03150052021223634,1.7000000000000002
5608.010662907918,0.6576411,0.03171455572685866,1.7000000000000002
5609.010664812689,0.31117845,0.032860059036697586,2.4000000000000004
5610.0106667174605,0.43289,0.03350310465195692,8.8
5611.010668622232,0.49027693,0.033624873008366064,1.7000000000000002
5612.010670527003,0.40722346,0.03264960878415122,1.4000000000000001
5613.010672431774,0.2820583,0.03398772591676765,1.4000000000000001
5614.010674336544,0.55053765,0.03091040299551525,2.6
5615.010676241315,0.48520163,0.02779510501778587,2.9000000000000004
5616.010678146086,0.5712472,0.0333702654280511,2.6
5617.010680050857,0.53409374,0.03277283183323641,3.9000000000000004
5618.010681955629,0.57278705,0.03363901995437729,2.9000000000000004
5619.0106838604,0.61400276,0.036453400496714694,4.0
5620.01068576517,0.77227044,0.035793362533579995,4.0
5621.010687669941,0.82413274,0.03578305204273424,4.0
5622.010689574712,0.8781987,0.03473624130456209,4.0
5623.010691479483,0.93896866,0.03299991914694288,4.0
5624.010693384254,0.9486287,0.033237051646864274,4.3
5625.0106952890255,0.91157365,0.03304518873096016,4.4
5626.010697193796,0.93740976,0.02563638189868179,4.2
5627.010699098567,0.9462261,0.02430135355074017,4.2
5628.010701003338,0.9179044,0.022028705615127365,0.9
5629.010702908109,0.96895444,0.014827379025017944,8.4
5630.01070481288,0.96088403,0.015238424162795541,8.4
5631.010706717651,0.9491204,0.04903056115361089,1.1
5632.010708622422,0.9391334,0.07862814175869716,1.9000000000000001
5633.010710527193,0.9402731,0.07930682566347742,2.0
5634.010712431964,0.84622616,0.07926723967809839,2.0
5635.010714336735,0.85524225,0.07968212344066838,2.0
5636.010716241506,0.89057356,0.07954050867127628,2.0
5637.010718146277,0.89125085,0.07953593561360901,2.8000000000000003
5638.010720051047,0.885875,0.07973383441272369,2.8000000000000003
5639.010721955819,0.75495523,0.07985847503532963,2.0
5640.01072386059,0.7311317,0.08011027300179033,1.6
5641.010725765361,0.72630906,0.06596451015963846,0.1
5642.010727670132,0.11330755,0.028661991170535698,9.600000000000001
5643.010729574903,0.060424823,0.029145591578691545,9.600000000000001
5644.010731479673,0.06328229,0.032847529344928,6.2
5645.010733384444,0.07902857,0.032461688331633036,6.2
5646.0107352892155,0.083321765,0.03304819608473189,13.200000000000001
5647.010737193987,0.08518352,0.03353123703495684,13.200000000000001
5648.010739098758,0.12916547,0.0330888341423961,6.1000000000000005
5649.010741003529,0.40731165,0.07069549060085284,1.7000000000000002
5650.0107429083,0.6849271,0.07124288825417602,1.7000000000000002
5651.01074481307,0.545907,0.07084360585200326,1.3
5652.010746717841,0.66007435,0.07033490902936712,1.5
5653.0107486226125,0.6994853,0.07034494016658802,1.9000000000000001
5654.010750527384,0.77299803,0.06887020062363512,1.4000000000000001
5655.010752432155,0.68325025,0.06891350530712517,1.3
5656.010754336926,0.7621254,0.06854927548856424,1.3
5657.010756241696,0.8474415,0.06818976858447114,1.3
5658.010758146467,0.92954713,0.06817367310535534,1.8
5659.010760051238,0.9453712,0.026825633577689387,3.2
5660.010761956009,0.9665849,0.024240720239647087,3.2
5661.010763860781,0.9772341,0.02098795895829701,1.7000000000000002
5662.010765765552,0.9824425,0.017839239350058052,1.7000000000000002
5663.010767670322,0.9837856,0.013471113454960102,1.5
5664.010769575093,0.9815708,0.010400874833427389,1.5
5665.010771479864,0.9852368,0.006797013946255184,10.4
5666.010773384635,0.9657815,0.010674568971630825,10.200000000000001
5667.010775289406,0.94187826,0.015264625362680157,1.2000000000000002
5668.0107771941775,0.9696321,0.015641643289057226,1.2000000000000002
5669.010779098948,0.96030545,0.0161336376463294,1.2000000000000002
5670.010781003719,0.9660937,0.016885564694311118,1.3
5671.01078290849,0.93935686,0.017187366086281373,1.3
5672.010784813261,0.9393757,0.017475474294739404,1.3
5673.010786718032,0.9179992,0.017835224579552014,1.3
5674.010788622803,0.97129166,0.017839352936181246,1.3
5675.010790527574,0.9460761,0.017922439266987965,1.3
5676.010792432345,0.9508003,0.01640932509711317,1.4000000000000001
5677.010794337116,0.9453743,0.012263038543987458,10.5
5678.010796241887,0.88869244,0.011619434089890291,4.5
5679.010798146658,0.9449029,0.01099391971256413,10.3
5680.010800051429,0.9519179,0.00975547036539019,1.2000000000000002
5681.010801956199,0.9324829,0.009259903261961931,1.3
5682.010803860971,0.8958614,0.008718792761137661,1.3
5683.010805765742,0.96626955,0.00805038824406407,1.3
5684.010807670513,0.9770683,0.00765732313962677,12.600000000000001
5685.010809575284,0.9902372,0.007491606234762683,10.600000000000001
5686.010811480055,0.99028355,0.0060875954696712545,12.8
5687.010813384825,0.98959255,0.0059306677776821545,14.4
5688.010815289596,0.9832193,0.00893888342484329,5.4
5689.0108171943675,0.9910665,0.011255044432709893,2.0
5690.010819099139,0.9671245,0.017811775231198822,2.7
5691.01082100391,0.97939694,0.018729678242734818,0.1
5692.010822908681,0.97968686,0.01882669667624334,2.7
5693.010824813451,0.9723178,0.018968557862801605,2.7
5694.010826718222,0.9749644,0.019279930120077404,2.7
5695.010828622993,0.9638472,0.019778144054991027,2.7
5696.0108305277645,0.9632167,0.02040712993155463,2.8000000000000003
5697.010832432536,0.9327582,0.020388261034876783,2.8000000000000003
5698.010834337307,0.96431446,0.01935000411505497,2.8000000000000003
5699.010836242077,0.94646347,0.05568787622829802,1.1
5700.010838146848,0.9360677,0.054626167099057474,1.1
5701.010840051619,0.9499169,0.05587344149629474,1.1
5702.01084195639,0.9187863,0.05611572888753487,1.1
5703.010843861161,0.8973095,0.056044279554138494,1.8
5704.010845765933,0.72480476,0.05603172020482509,1.8
5705.010847670703,0.62361395,0.057060056685317814,1.4000000000000001
5706.010849575474,0.5830869,0.07895828135681046,1.8
5707.010851480245,0.412333,0.08149524418222882,1.8
5708.010853385016,0.4568081,0.08151596506909511,1.8
5709.010855289787,0.74133825,0.06224380394691896,1.6
5710.010857194558,0.79265267,0.06459747056772878,1.7000000000000002
5711.010859099329,0.5190975,0.07721614707751606,1.0
5712.0108610041,0.819755,0.07740223826895923,1.0
5713.010862908871,0.7684261,0.08200392178580457,1.4000000000000001
5714.010864813642,0.863107,0.08222146765367173,1.0
5715.010866718413,0.8535342,0.08142215189862842,1.6
5716.010868623184,0.8450937,0.06172817344836283,1.1
5717.0108705279545,0.7993253,0.09389942890745173,1.0
5718.010872432726,0.8464147,0.0939317487706594,1.0
5719.010874337497,0.74675816,0.0939895811755852,1.3
5720.010876242268,0.87925005,0.0919100550640643,1.9000000000000001
5721.010878147039,0.86866975,0.08058845913811308,1.9000000000000001
5722.01088005181,0.9247574,0.08069237687784091,2.0
5723.01088195658,0.7984593,0.07661269541520727,2.0
5724.010883861351,0.8746863,0.07638014529912916,2.0
5725.010885766123,0.90630436,0.07635047974153537,2.0
5726.010887670894,0.97390944,0.10816528254998052,1.9000000000000001
5727.010889575665,0.9880397,0.08813289054382148,1.2000000000000002
5728.010891480436,0.955532,0.09621790010787891,1.2000000000000002
5729.010893385206,0.93892264,0.09634062999061964,1.2000000000000002
5730.010895289977,0.96284467,0.09646539634999823,1.0
5731.010897194748,0.9567837,0.09661126578681913,1.2000000000000002
5732.0108990995195,0.97513133,0.09626383291924741,1.8
5733.010901004291,0.9724238,0.0960661993144049,1.2000000000000002
5734.010902909062,0.97858196,0.10017838076040933,1.1
5735.010904813833,0.88980687,0.10935458973241592,1.1
5736.010906718603,0.93798333,0.07687633155253987,1.1
5737.010908623374,0.94841367,0.06951402423645109,1.1
5738.010910528145,0.8873743,0.06617684057160088,2.1
5739.0109124329165,0.8600892,0.09035846410479355,2.1
5740.010914337688,0.7043917,0.10141198459702362,1.5
5741.010916242459,0.8192591,0.10131439490655758,1.5
5742.010918147229,0.8426789,0.10126617412581336,1.5
5743.010920052,0.84511745,0.101009745685021,2.1
5744.010921956771,0.90526587,0.09672744365014595,2.1
5745.010923861542,0.93839127,0.08651350757060432,2.1
5746.010925766313,0.9743561,0.08646121077719092,2.2
5747.010927671085,0.9859634,0.08402390316305278,2.1
5748.010929575855,0.9930044,0.0776359902518955,1.9000000000000001
5749.010931480626,0.9956701,0.045732117126621535,0.4
5750.010933385397,0.99497163,0.007625800714185788,14.3
5751.010935290168,0.9934918,0.007401672240937403,13.8
5752.010937194939,0.9958419,0.00879622492134536,13.8
5753.01093909971,0.992935,0.009246527492716214,13.8
5754.010941004481,0.9935335,0.020209503599597892,2.5
5755.010942909252,0.9902109,0.021154099010936785,2.5
5756.010944814023,0.98782533,0.022789432803284673,2.5
5757.010946718794,0.9693173,0.029372085655857697,2.0
5758.010948623565,0.955515,0.029573585827600973,2.0
5759.010950528336,0.9616993,0.029688800806405406,2.0
5760.0109524331065,0.94727534,0.02987283602876815,2.0
5761.010954337878,0.85979086,0.03202433683861325,1.7000000000000002
5762.010956242649,0.7738594,0.031790844087859114,1.7000000000000002
5763.01095814742,0.8557768,0.03167030496649252,1.7000000000000002
5764.010960052191,0.84040487,0.0632063234769325,1.7000000000000002
5765.010961956962,0.79963624,0.06383261895574992,1.7000000000000002
5766.010963861732,0.5708012,0.0632782640552645,1.7000000000000002
5767.010965766503,0.6754243,0.06050634524296522,1.3
5768.010967671275,0.6225094,0.060704895275676726,1.3
5769.010969576046,0.5961567,0.0728361159329601,1.4000000000000001
5770.010971480817,0.5352984,0.076216853654361,1.8
5771.010973385588,0.5527996,0.08170603376662365,2.0
5772.010975290358,0.38204706,0.09668656510073335,2.0
5773.010977195129,0.21531004,0.0966773518366121,2.0
5774.0109790999,0.579915,0.07765330389240903,2.1
5775.0109810046715,0.6942047,0.07696987097265073,2.1
5776.010982909443,0.9005567,0.0769934622983971,2.1
5777.010984814214,0.89998645,0.0770642155088527,2.1
5778.010986718984,0.97611904,0.0769161296474113,2.1
5779.010988623755,0.95753324,0.07162091779778604,2.3000000000000003
5780.010990528526,0.9493933,0.06807974007571295,2.0
5781.010992433297,0.8796166,0.06133301747801492,1.4000000000000001
5782.0109943380685,0.9211441,0.03301695454410411,0.9
5783.01099624284,0.67277426,0.033283352770233636,0.9
5784.01099814761,0.7552627,0.033106452478288834,0.9
5785.011000052381,0.5678517,0.03288478923596039,0.9
5786.011001957152,0.5178231,0.03285924381284435,0.9
5787.011003861923,0.5205388,0.032565120983761735,0.8
5788.011005766694,0.45827037,0.03229861187526326,0.9
5789.011007671465,0.3831412,0.014178603579584144,3.3000000000000003
5790.011009576236,0.28649196,0.013267770365228158,13.4
5791.011011481007,0.4308267,0.006241804917549906,13.4
5792.011013385778,0.366726,0.006101352038440735,13.700000000000001
5793.011015290549,0.18651477,0.00403468322765741,11.5
5794.01101719532,0.4569564,0.008972888238043984,8.200000000000001
5795.011019100091,0.35214105,0.009336918508112966,8.200000000000001
5796.0110210048615,0.38433033,0.009111497058059971,8.200000000000001
5797.011022909633,0.43359,0.009118303518846106,8.200000000000001
5798.011024814404,0.45740208,0.009110774768551511,8.200000000000001
5799.011026719175,0.29742593,0.015050873051720258,4.4
5800.011028623946,0.18117735,0.015108105022113086,4.4
5801.011030528717,0.26722068,0.015126162588633798,4.4
5802.011032433487,0.1676001,0.015185458707233148,4.4
5803.0110343382585,0.13986845,0.015201730639181798,4.4
5804.01103624303,0.25241268,0.012793277866214904,4.4
5805.011038147801,0.30630428,0.014134006629967947,5.0
5806.011040052572,0.5532952,0.07766831665101835,2.6
5807.011041957343,0.66695374,0.07804602133270842,2.6
5808.011043862113,0.421603,0.0780901721262074,2.6
5809.011045766884,0.47333977,0.0772086329572818,2.7
5810.011047671655,0.34253472,0.07720663034877162,2.7
5811.011049576427,0.44648436,0.07720914517463451,2.7
5812.011051481198,0.38533086,0.07719633484440236,2.7
5813.011053385969,0.43765876,0.0771832995324075,2.7
5814.01105529074,0.4514516,0.07717502697862666,2.7
5815.01105719551,0.23964638,0.07686898510234798,2.8000000000000003
5816.011059100281,0.41533962,0.008844996035618977,8.0
5817.011061005052,0.20603941,0.004554355577860753,11.8
5818.0110629098235,0.4711146,0.004235025410397373,11.8
5819.011064814595,0.21878953,0.00320983564060943,12.0
5820.011066719366,0.21620657,0.0031018203669471054,12.0
5821.011068624136,0.22352445,0.0030220187036823433,12.0
5822.011070528907,0.22991817,0.0029925849332155586,12.0
5823.011072433678,0.3036771,0.028041693466479948,12.100000000000001
5824.011074338449,0.2834875,0.03765132935496384,3.3000000000000003
5825.0110762432205,0.21271256,0.04859076976053105,0.9
5826.011078147992,0.18042435,0.04867320581683332,0.9
5827.011080052762,0.14139408,0.04871414889134215,0.9
5828.011081957533,0.1409183,0.048771555852784844,0.9
5829.011083862304,0.12500173,0.048770314666258995,0.9
5830.011085767075,0.38820955,0.0487813614969263,0.9
5831.011087671846,0.5795846,0.04879859419557589,0.9
5832.011089576617,0.74390167,0.067305485539798,0.9
5833.011091481388,0.86431646,0.06255313254623039,0.9
5834.011093386159,0.96333164,0.05733572963527354,1.6
5835.01109529093,0.91898954,0.04841708613685159,0.9
5836.011097195701,0.6978109,0.04836724729526667,0.9
5837.011099100472,0.42489785,0.048648397784537084,0.9
5838.011101005243,0.5694119,0.0488075158951772,0.9
5839.0111029100135,0.61903226,0.048948746593508,0.9
5840.011104814785,0.511397,0.053067841690493056,1.6
5841.011106719556,0.5959488,0.05619424941013353,1.6
5842.011108624327,0.5916941,0.05931235614591414,1.9000000000000001
5843.011110529098,0.4245734,0.05814385560057594,1.9000000000000001
5844.011112433869,0.6378958,0.06050048482554988,1.9000000000000001
5845.011114338639,0.66269976,0.07705874528438023,1.3
5846.0111162434105,0.6537799,0.07903955194939721,1.3
5847.011118148182,0.7115824,0.07925449376006782,2.0
5848.011120052953,0.87419236,0.07932434362279639,2.0
5849.011121957724,0.7213153,0.07923259958513074,1.3
5850.011123862495,0.85199267,0.07657741165308718,1.0
5851.011125767265,0.52229244,0.07429404101375481,1.0
5852.011127672036,0.71473014,0.05489294955123933,3.3000000000000003
5853.011129576807,0.44474027,0.06021769500714157,1.1
5854.011131481579,0.4198297,0.07292626855214653,1.1
5855.01113338635,0.45932394,0.08238559774305872,1.3
5856.011135291121,0.5582769,0.08061424944935838,1.3
5857.011137195891,0.6065597,0.08087990098937375,1.3
5858.011139100662,0.59009135,0.08096590141946877,1.3
5859.011141005433,0.5542929,0.08144590593086468,1.3
5860.011142910204,0.76008624,0.0814646247269107,1.3
5861.0111448149755,0.7698385,0.09637440233938903,1.2000000000000002
5862.011146719747,0.5458265,0.10864488061867984,1.2000000000000002
5863.011148624517,0.57326365,0.10590409510161133,2.2
5864.011150529288,0.64558893,0.09570891381603691,1.9000000000000001
5865.011152434059,0.7700834,0.07420852447456912,1.7000000000000002
5866.01115433883,0.76819974,0.07403999391009727,1.7000000000000002
5867.011156243601,0.613876,0.07331942815195108,1.7000000000000002
5868.0111581483725,0.8402195,0.07304646530909097,1.7000000000000002
5869.011160053143,0.8589152,0.072515065650564,1.7000000000000002
5870.011161957914,0.97861344,0.07250155085410181,1.7000000000000002
5871.011163862685,0.98797274,0.05065441215816724,2.5
5872.011165767456,0.96841663,0.051996235268565213,1.3
5873.011167672227,0.84998375,0.05186013698806574,1.1
5874.011169576998,0.9083573,0.05170463697699669,0.9
5875.0111714817685,0.93231773,0.10654832061714348,1.8
5876.01117338654,0.8528374,0.1304585096634167,1.8
5877.011175291311,0.8024426,0.1312021890725331,1.8
5878.011177196082,0.8285629,0.14264652672519748,1.2000000000000002
5879.011179100853,0.8249007,0.15116790752090006,1.2000000000000002
5880.011181005624,0.8226869,0.1513560037602261,1.2000000000000002
5881.011182910394,0.729933,0.15153397344794284,1.2000000000000002
5882.0111848151655,0.76287085,0.14280709586890905,1.6
5883.011186719937,0.8343447,0.14402340887109574,1.3
5884.011188624708,0.82698154,0.15107723706352685,1.6
5885.011190529479,0.7092582,0.12072888376401193,1.2000000000000002
5886.01119243425,0.7647955,0.09517742950906335,1.2000000000000002
5887.01119433902,0.7816025,0.10629218825754833,1.2000000000000002
5888.011196243791,0.78540736,0.10117024722248562,1.2000000000000002
5889.0111981485625,0.76075375,0.08866362499939505,1.2000000000000002
5890.011200053334,0.7300707,0.08862918279392952,1.2000000000000002
5891.011201958105,0.7340568,0.08905538994551468,1.2000000000000002
5892.011203862876,0.6994702,0.08899921262727185,1.2000000000000002
5893.011205767646,0.71195614,0.0870316309600413,1.2000000000000002
5894.011207672417,0.89621854,0.07418514217418176,1.3
5895.011209577188,0.94516355,0.07127154610910846,1.2000000000000002
5896.011211481959,0.9726661,0.0705097722657218,1.2000000000000002
5897.011213386731,0.97943616,0.08584169011424489,0.1
5898.011215291502,0.9473075,0.07460476470254122,0.1
5899.011217196273,0.92586875,0.07453894300890414,0.1
5900.011219101043,0.91286784,0.07498855177430096,0.1
5901.011221005814,0.9214589,0.0856892119859686,0.1
5902.011222910585,0.8962798,0.12659290632013692,0.2
5903.011224815356,0.87281805,0.13888369920743032,1.6
5904.0112267201275,0.88171893,0.14078255149961885,1.4000000000000001
5905.011228624899,0.76839256,0.14408479394149704,1.6
5906.011230529669,0.7133526,0.14426890545035825,1.6
5907.01123243444,0.70600134,0.1268978457948128,1.5
5908.011234339211,0.6289388,0.12612076175226575,1.5
5909.011236243982,0.8323348,0.12617203930294119,1.5
5910.011238148753,0.8584734,0.12825583705042068,1.5
5911.0112400535245,0.87154585,0.1233688667648358,1.5
5912.011241958295,0.8270596,0.07832432382118652,1.6
5913.011243863066,0.67166334,0.06186138118682813,1.6
5914.011245767837,0.62644243,0.05876523393875358,4.1000000000000005
5915.011247672608,0.51214087,0.05010923417386419,5.7
5916.011249577379,0.45793408,0.05090044349762754,4.1000000000000005
5917.01125148215,0.59108216,0.050843272002060215,4.1000000000000005
5918.0112533869205,0.78909856,0.05004286969979333,4.1000000000000005
5919.011255291692,0.8506424,0.04947532896443838,4.1000000000000005
5920.011257196463,0.954033,0.04270957313704907,0.9
5921.011259101234,0.9787007,0.034732894597535806,2.9000000000000004
5922.011261006005,0.97490364,0.0332376369953614,5.9
5923.011262910776,0.9720604,0.033242824372506675,4.800000000000001
5924.011264815546,0.97160125,0.04718202013153622,1.4000000000000001
5925.0112667203175,0.95771503,0.04742774143504871,4.4
5926.011268625089,0.9465007,0.05966415548084609,3.6
5927.01127052986,0.86646676,0.06375394806708139,4.2
5928.011272434631,0.91748565,0.06478080576892252,4.2
5929.011274339402,0.89851433,0.06506178866194941,4.2
5930.011276244172,0.9081959,0.06518571141707104,4.2
5931.011278148943,0.8093519,0.0655690808880067,4.2
5932.0112800537145,0.9305887,0.06658556055695763,3.6
5933.011281958486,0.73289967,0.0716802117379725,3.6
5934.011283863257,0.7379828,0.06301090560877638,3.6
5935.011285768028,0.5052303,0.06343318114686446,4.0
5936.011287672798,0.71678126,0.051567889016695276,5.800000000000001
5937.011289577569,0.6449852,0.04726796568503589,5.800000000000001
5938.01129148234,0.661685,0.04577214784857794,5.800000000000001
5939.011293387111,0.50567293,0.04527107428095112,5.800000000000001
5940.011295291883,0.60884684,0.04509154379915726,5.800000000000001
5941.011297196654,0.73233855,0.04415583489149154,5.800000000000001
5942.011299101424,0.76782066,0.04041923089892647,8.700000000000001
5943.011301006195,0.67972326,0.023036908613494233,4.0
5944.011302910966,0.44443867,0.01794847647611915,9.3
5945.011304815737,0.50941336,0.015219910593631538,9.0
5946.011306720508,0.42702118,0.043861886841945905,1.8
5947.0113086252795,0.6367161,0.0699389620976275,1.0
5948.01131053005,0.69706196,0.07105198926395678,1.8
5949.011312434821,0.72972274,0.09702633804978368,1.2000000000000002
5950.011314339592,0.6165685,0.09745212249332644,1.6
5951.011316244363,0.43282628,0.11288813552918515,1.5
5952.011318149134,0.49082446,0.11289912048716143,1.5
5953.011320053905,0.6861232,0.11290173780709592,1.5
5954.011321958676,0.73328674,0.11290011019511734,1.5
5955.011323863447,0.74894327,0.11256950391478487,1.5
5956.011325768218,0.78686786,0.10415621792202252,1.5
5957.011327672989,0.7299271,0.0887470639227047,1.5
5958.01132957776,0.6925015,0.08784668696900147,1.5
5959.011331482531,0.7171834,0.057905049035802465,5.2
5960.011333387301,0.29755914,0.05723455527700897,5.2
5961.0113352920725,0.70185906,0.004970449156728896,3.9000000000000004
5962.011337196844,0.7097359,0.005947154689824578,8.0
5963.011339101615,0.61766595,0.00995242982177368,5.9
5964.011341006386,0.67875385,0.011309192392376382,4.5
5965.011342911157,0.67231673,0.015063109422471984,4.5
5966.011344815927,0.81432474,0.016977455975172046,9.8
5967.011346720698,0.8102767,0.017031488976664295,9.8
5968.0113486254695,0.8750136,0.018343289272002353,9.8
5969.011350530241,0.67322886,0.019579628508616886,9.8
5970.011352435012,0.7213551,0.01996862976091676,13.5
5971.011354339783,0.62313324,0.020077948081520972,9.700000000000001
5972.011356244553,0.5888659,0.02049818602914122,9.700000000000001
5973.011358149324,0.48902372,0.019357410064827708,9.700000000000001
5974.011360054095,0.59919876,0.025463992924254355,9.700000000000001
5975.0113619588665,0.5024034,0.0234594061963968,13.5
5976.011363863638,0.4791811,0.022074581539120043,13.5
5977.011365768409,0.7099886,0.07740905770429765,1.4000000000000001
5978.01136767318,0.5796133,0.079209495357683,1.4000000000000001
5979.01136957795,0.5281556,0.07891602188420102,1.4000000000000001
5980.011371482721,0.4980844,0.07887297901654951,1.5
5981.011373387492,0.52685994,0.07883103816031041,1.4000000000000001
5982.011375292263,0.52700514,0.0786441881694178,1.5
5983.011377197035,0.5663668,0.07853883432426484,1.5
5984.011379101806,0.7595216,0.07661264121293257,1.5
5985.011381006576,0.839954,0.07663818140213959,1.4000000000000001
5986.011382911347,0.8091673,0.0766638070465897,1.4000000000000001
5987.011384816118,0.9652393,0.12587775842817353,2.4000000000000004
5988.011386720889,0.97363144,0.15844736930257033,1.9000000000000001
5989.01138862566,0.9485501,0.15929574188013346,1.9000000000000001
5990.0113905304315,0.903161,0.15962284037441135,1.9000000000000001
5991.011392435202,0.8428253,0.16007857488075194,1.9000000000000001
5992.011394339973,0.9273132,0.16028197708213082,1.9000000000000001
5993.011396244744,0.8834726,0.16077438436419586,1.9000000000000001
5994.011398149515,0.84295475,0.16076029677769504,1.9000000000000001
5995.011400054286,0.78783643,0.16096589486928195,1.9000000000000001
5996.011401959057,0.7383083,0.1610866803291744,1.7000000000000002
5997.011403863828,0.5080996,0.10417301669845884,9.5
5998.011405768599,0.3064526,0.0353367881495907,3.3000000000000003
5999.01140767337,0.4378604,0.03153704833588667,3.0
6000.011409578141,0.41110155,0.029715990297800348,2.8000000000000003
6001.011411482912,0.39164367,0.0282296172865584,3.0
6002.011413387683,0.33108658,0.028350387348645843,3.0
6003.011415292453,0.5451128,0.030676071110597624,4.1000000000000005
6004.011417197225,0.44608462,0.03210557631709654,2.7
6005.011419101996,0.3733469,0.031072823621269525,2.7
6006.011421006767,0.47458395,0.030337259804197454,3.6
6007.011422911538,0.47186255,0.023742816440881973,4.2
6008.011424816309,0.40503338,0.023612327759015277,4.2
6009.011426721079,0.55543315,0.028002484479850015,4.3
6010.01142862585,0.58578515,0.030643778013814238,4.2
6011.0114305306215,0.34580114,0.03551227722660662,4.5
6012.011432435393,0.10176607,0.03544180099786921,4.5
6013.011434340164,0.5177134,0.039138886286401706,4.6000000000000005
6014.011436244935,0.36178288,0.03884037537565952,4.6000000000000005
6015.011438149705,0.40712827,0.03883077198757659,4.6000000000000005
6016.011440054476,0.30762458,0.03884807416267078,4.6000000000000005
6017.011441959247,0.4328163,0.03892735271101987,4.6000000000000005
6018.0114438640185,0.463536,0.03893102109684966,4.6000000000000005
6019.01144576879,0.47731552,0.039080530013787536,4.7
6020.011447673561,0.4121788,0.055535791337665355,2.4000000000000004
6021.011449578331,0.4695716,0.06030587694475581,1.6
6022.011451483102,0.41224864,0.06678424462914473,1.6
6023.011453387873,0.33983663,0.062382368655669956,1.6
6024.011455292644,0.29612312,0.06188882605888426,1.5
6025.011457197415,0.38367435,0.06197925181674456,1.5
6026.011459102187,0.36924222,0.06257305894546757,1.5
6027.011461006957,0.4830265,0.062583221181799,1.5
6028.011462911728,0.47655016,0.06280160251604808,1.5
6029.011464816499,0.48652762,0.07117259573220332,1.6
6030.01146672127,0.5905179,0.0593334483562679,1.3
6031.011468626041,0.5727294,0.0567907961030233,1.3
6032.011470530812,0.69461,0.05212575336980548,3.1
6033.011472435583,0.7188149,0.05367033698911667,4.9
6034.011474340354,0.6181974,0.054468173794469464,3.1
6035.011476245125,0.5678468,0.056335750089383935,1.4000000000000001
6036.011478149896,0.29893208,0.06098787765174324,3.1
6037.011480054667,0.5121273,0.06329600404487794,3.4000000000000004
6038.011481959438,0.33986846,0.06351217216769406,3.4000000000000004
6039.0114838642085,0.54705137,0.051942356137047556,1.5
6040.01148576898,0.34153798,0.05035543029006946,1.5
6041.011487673751,0.54673433,0.04405113781591296,3.6
6042.011489578522,0.4887671,0.0402118750259818,3.7
6043.011491483293,0.50944936,0.03812717824423132,3.5
6044.011493388064,0.6048183,0.03714250187184221,3.5
6045.011495292834,0.6659929,0.034523047201210286,3.5
6046.011497197605,0.86872876,0.02445707102577476,3.5
6047.011499102377,0.86979586,0.018445366936343088,4.800000000000001
6048.011501007148,0.78125656,0.01821571668454842,4.6000000000000005
6049.011502911919,0.87471336,0.019357678598666266,10.3
6050.01150481669,0.8451396,0.022035413344265915,11.200000000000001
6051.01150672146,0.9287187,0.021995270332868508,10.0
6052.011508626231,0.950399,0.021056972129254798,11.200000000000001
6053.011510531002,0.95648044,0.020984469976521897,10.100000000000001
6054.0115124357735,0.85149604,0.02111511608326604,10.100000000000001
6055.011514340545,0.91401744,0.020261624381016335,11.200000000000001
6056.011516245316,0.92700845,0.0268593443263669,8.1
6057.011518150087,0.93771124,0.027371557808201455,11.600000000000001
6058.011520054857,0.8538217,0.027143222536808034,11.600000000000001
6059.011521959628,0.8204302,0.026986301083771338,8.6
6060.011523864399,0.8404679,0.02701906036607408,11.5
6061.0115257691705,0.7966254,0.026611112837409613,9.0
6062.011527673942,0.69954187,0.026873824991246863,11.5
6063.011529578713,0.55082595,0.027796816492164325,11.5
6064.011531483483,0.8111325,0.03383406376215102,1.9000000000000001
6065.011533388254,0.76172376,0.03421660697699579,1.4000000000000001
6066.011535293025,0.8379524,0.029498615891047967,1.2000000000000002
6067.011537197796,0.7851624,0.0287239748474048,1.2000000000000002
6068.011539102567,0.75954604,0.02817138481190671,0.5
6069.011541007339,0.814139,0.02729844150414329,0.8
6070.011542912109,0.7106149,0.0335874862609508,0.8
6071.01154481688,0.8409772,0.035981868704228336,2.5
6072.011546721651,0.7070575,0.04042198815460442,0.8
6073.011548626422,0.887604,0.04004074479821748,0.8
6074.011550531193,0.8903123,0.03492511880093664,2.5
6075.011552435964,0.9726405,0.034275135588457725,2.5
6076.011554340735,0.94992423,0.03390403023981704,2.6
6077.011556245506,0.98124295,0.03379675032159606,2.6
6078.011558150277,0.967437,0.033944568712192875,2.6
6079.011560055048,0.9882858,0.07080323298892106,2.6
6080.011561959819,0.894149,0.0872227471709844,0.6000000000000001
6081.01156386459,0.9486243,0.09056800566082515,4.0
6082.0115657693605,0.9234034,0.0950711685369618,0.9
6083.011567674132,0.8327004,0.097570482916571,1.0
6084.011569578903,0.7353242,0.11296735651291935,1.0
6085.011571483674,0.691355,0.11646574529888278,2.5
6086.011573388445,0.69926536,0.13556158917598587,1.7000000000000002
6087.011575293216,0.71915203,0.13556095705457455,1.7000000000000002
6088.011577197986,0.78736705,0.13556814518216764,1.7000000000000002
6089.011579102757,0.74626875,0.1194249480997518,1.0
6090.011581007529,0.5581256,0.10730958828849704,1.7000000000000002
6091.0115829123,0.6618851,0.10357963317373849,2.2
6092.011584817071,0.4444602,0.09766419481622945,2.3000000000000003
6093.011586721842,0.48930663,0.09457449964584144,2.3000000000000003
6094.011588626612,0.06914504,0.08584539021803615,1.4000000000000001
6095.011590531383,0.061298143,0.08117710392157726,1.4000000000000001
6096.011592436154,0.63989747,0.04146731238578417,1.2000000000000002
6097.0115943409255,0.6183931,0.04454660830568354,1.3
6098.011596245697,0.63477,0.04461349866757597,1.3
6099.011598150468,0.73212886,0.0447516611776884,1.3
6100.011600055238,0.7992763,0.04565508054611386,1.3
6101.011601960009,0.7695501,0.04589033771539255,1.7000000000000002
6102.01160386478,0.90389204,0.04603002813005293,1.3
6103.011605769551,0.944745,0.04647347760960656,1.3
6104.0116076743225,0.980378,0.022242183035573942,1.7000000000000002
6105.011609579094,0.9889852,0.02169265780431162,2.0
6106.011611483864,0.9725328,0.021505611926925582,2.0
6107.011613388635,0.97286385,0.015159354119681171,4.5
6108.011615293406,0.98235947,0.016621601771987817,4.5
6109.011617198177,0.91872007,0.018976233144893735,1.7000000000000002
6110.011619102948,0.9506765,0.01786972076679035,1.2000000000000002
6111.011621007719,0.9633472,0.018299927539934317,7.0
6112.01162291249,0.9342248,0.018703247195974878,7.0
6113.011624817261,0.8904218,0.01792009636437141,10.0
6114.011626722032,0.91072375,0.018280267600557072,7.0
6115.011628626803,0.82866865,0.018422326361777822,10.0
6116.011630531574,0.8103698,0.01848281120241427,3.3000000000000003
6117.011632436345,0.9308117,0.017692857051476413,10.0
6118.0116343411155,0.88653105,0.016369135943832377,2.9000000000000004
6119.011636245887,0.9246856,0.013499958563616224,11.8
6120.011638150658,0.96150434,0.012214535028411792,11.8
6121.011640055429,0.9492059,0.011286974824210183,11.8
6122.0116419602,0.95900536,0.011893912363171605,2.4000000000000004
6123.011643864971,0.95469314,0.011591212214998568,2.9000000000000004
6124.011645769741,0.9390174,0.011164142882129992,2.6
6125.0116476745125,0.9103543,0.011023526965152212,2.6
6126.011649579284,0.9528524,0.011819899521399644,12.600000000000001
6127.011651484055,0.9547857,0.011860264727476356,2.6
6128.011653388826,0.92863894,0.01190294459178839,2.6
6129.011655293597,0.9139068,0.012123595868360384,2.6
6130.011657198367,0.9579867,0.013634338479171155,2.6
6131.011659103138,0.95997137,0.013307849273925318,13.3
6132.011661007909,0.92648274,0.011804600138741753,13.3
6133.011662912681,0.96443975,0.011626135686719661,10.8
6134.011664817452,0.974428,0.03898358448209387,0.8
6135.011666722223,0.9727128,0.056676429244938376,2.2
6136.011668626993,0.94549876,0.056524780223709964,2.2
6137.011670531764,0.9039754,0.056525839680761254,2.2
6138.011672436535,0.7726728,0.056457417914189345,2.0
6139.011674341306,0.8096579,0.05641601516688618,2.0
6140.0116762460775,0.8115091,0.056089624511718936,2.0
6141.011678150849,0.8171954,0.0560750551955052,2.0
6142.01168005562,0.68539196,0.0562363456519544,2.0
6143.01168196039,0.5440593,0.05633924799274029,2.0
6144.011683865161,0.44190094,0.042119352756876026,0.1
6145.011685769932,0.4364061,0.010466531845787176,9.600000000000001
6146.011687674703,0.44378653,0.010747599148371534,9.600000000000001
6147.0116895794745,0.3975224,0.010980975822195408,9.600000000000001
6148.011691484246,0.40445974,0.010981701781722343,9.600000000000001
6149.011693389016,0.39355436,0.010658621581775541,8.700000000000001
6150.011695293787,0.44410282,0.010402459022763787,9.5
6151.011697198558,0.4751893,0.010968635908138905,9.5
6152.011699103329,0.7037282,0.010648510513730709,8.6
6153.0117010081,0.78855014,0.010198436566064941,10.200000000000001
6154.011702912871,0.58456147,0.009839883934278745,9.8
6155.011704817642,0.4632925,0.009045352230915125,12.200000000000001
6156.011706722413,0.35493523,0.008296085641858552,9.0
6157.011708627184,0.4812038,0.015665109895735763,0.6000000000000001
6158.011710531955,0.79507357,0.07909187039801155,1.1
6159.011712436726,0.84304875,0.08406452700800511,0.8
6160.011714341497,0.70873153,0.10791702344300559,0.7000000000000001
6161.0117162462675,0.70274395,0.12656438505323092,0.7000000000000001
6162.011718151039,0.59381396,0.12667380399117378,0.7000000000000001
6163.01172005581,0.6981567,0.12663802138505623,0.7000000000000001
6164.011721960581,0.81131655,0.12731947829742482,0.7000000000000001
6165.011723865352,0.8756923,0.12773266038140665,0.7000000000000001
6166.011725770123,0.85298216,0.1279314976816067,0.7000000000000001
6167.011727674893,0.94530743,0.12743509014486668,0.7000000000000001
6168.0117295796645,0.94508016,0.10128719117488798,0.7000000000000001
6169.011731484436,0.9651316,0.09748303616488431,0.6000000000000001
6170.011733389207,0.9772002,0.06937301424851611,3.6
6171.011735293978,0.98148006,0.023232592490812092,2.8000000000000003
6172.011737198749,0.98792845,0.02215621199739169,2.8000000000000003
6173.011739103519,0.9732626,0.02236751880354546,2.0
6174.01174100829,0.9610288,0.0180275398200687,1.7000000000000002
6175.011742913061,0.9340571,0.01461844531122572,2.8000000000000003
6176.011744817833,0.96147686,0.013670693325386268,2.6
6177.011746722604,0.9667898,0.014599025972609697,2.6
6178.011748627375,0.9674329,0.014851805670899419,2.6
6179.011750532145,0.9771145,0.014549748777269153,3.2
6180.011752436916,0.9777965,0.01503892726952047,2.7
6181.011754341687,0.9826043,0.01887998970234977,3.8000000000000003
6182.011756246458,0.9583351,0.021696122013507863,3.2
6183.0117581512295,0.9676001,0.02475633332774099,4.4
6184.011760056001,0.9727045,0.026435045811394598,3.2
6185.011761960771,0.96047795,0.02644168960098523,3.2
6186.011763865542,0.9299838,0.026209069540154128,3.2
6187.011765770313,0.9156919,0.02701699501342118,3.2
6188.011767675084,0.90395606,0.026815232189006954,4.9
6189.011769579855,0.7427263,0.027630305977421457,3.0
6190.0117714846265,0.85658634,0.027585604831437103,4.9
6191.011773389397,0.7094568,0.025772950398763643,3.0
6192.011775294168,0.8706583,0.02434341903773921,3.0
6193.011777198939,0.61110085,0.02315168077954737,4.9
6194.01177910371,0.721413,0.022296697040223096,3.4000000000000004
6195.011781008481,0.37196103,0.024028379132424692,3.4000000000000004
6196.011782913252,0.28110033,0.02513342291244274,3.4000000000000004
6197.0117848180225,0.31689978,0.023808569175639706,3.4000000000000004
6198.011786722794,0.44983986,0.024041956435827957,4.6000000000000005
6199.011788627565,0.7861959,0.023557363859621094,5.1000000000000005
6200.011790532336,0.9303458,0.02333261744278667,5.1000000000000005
6201.011792437107,0.959516,0.022767060260704197,4.800000000000001
6202.011794341878,0.9059413,0.021989924879986075,4.800000000000001
6203.011796246648,0.95687836,0.0199678377261331,6.4
6204.0117981514195,0.9447774,0.01921731987392076,4.1000000000000005
6205.011800056191,0.96835905,0.016668108738767815,4.7
6206.011801960962,0.9874001,0.015717122755492054,11.600000000000001
6207.011803865733,0.9871293,0.018499003113051377,11.0
6208.011805770504,0.98923105,0.020340264014273916,11.600000000000001
6209.011807675274,0.9842315,0.05333680661985455,1.4000000000000001
6210.011809580045,0.9181186,0.061400570308943796,1.8
6211.0118114848165,0.95983255,0.06258867296142157,1.8
6212.011813389588,0.9230676,0.06276094257465922,1.9000000000000001
6213.011815294359,0.8400665,0.06279081739058572,1.8
6214.01181719913,0.72285175,0.06262608698879224,1.8
6215.0118191039,0.58158046,0.06255164266617762,1.9000000000000001
6216.011821008671,0.61029774,0.06200780585007822,1.8
6217.011822913442,0.5773305,0.06099181925877491,1.8
6218.011824818213,0.4931372,0.06004838095729639,1.8
6219.011826722985,0.36465397,0.035280550057305904,4.0
6220.011828627756,0.3066816,0.019534504827447997,11.8
6221.011830532527,0.45152462,0.015217386038538373,11.5
6222.011832437297,0.43221012,0.014472715861349763,11.700000000000001
6223.011834342068,0.42988378,0.01451792771203367,11.600000000000001
6224.011836246839,0.55353063,0.01596281440837375,11.600000000000001
6225.01183815161,0.5721613,0.019022910762598724,11.8
6226.0118400563815,0.34772688,0.02044195581197662,12.0
6227.011841961153,0.52456313,0.023215711446333782,12.0
6228.011843865923,0.6632655,0.06292605905828588,1.7000000000000002
6229.011845770694,0.6843048,0.06292527407775993,1.5
6230.011847675465,0.68831676,0.06276826794469587,1.3
6231.011849580236,0.71880525,0.0707929027720269,1.7000000000000002
6232.011851485007,0.7675154,0.07610637011565959,1.8
6233.0118533897785,0.39280123,0.07878296344483368,1.7000000000000002
6234.011855294549,0.5688216,0.07948055654337324,1.7000000000000002
6235.01185719932,0.80231524,0.07891391167284083,1.7000000000000002
6236.011859104091,0.9629863,0.07880822026214662,1.7000000000000002
6237.011861008862,0.97456294,0.0781565263246699,1.7000000000000002
6238.011862913633,0.9570925,0.05262055874647324,4.1000000000000005
6239.011864818404,0.9469062,0.05183044930807914,4.1000000000000005
6240.0118667231745,0.929911,0.05125192641148669,4.1000000000000005
6241.011868627946,0.9450283,0.04029885720930464,4.1000000000000005
6242.011870532717,0.95236444,0.029465289837689004,3.2
6243.011872437488,0.97503453,0.021235710343395397,1.8
6244.011874342259,0.96286845,0.017161724558863937,1.8
6245.01187624703,0.95822465,0.017472907948701148,10.600000000000001
6246.0118781518,0.9323476,0.017598614996573787,3.1
6247.0118800565715,0.8565293,0.0198685395591953,1.8
6248.011881961343,0.8173458,0.019889708243079306,1.4000000000000001
6249.011883866114,0.69075537,0.02045039490816779,1.3
6250.011885770885,0.6085754,0.020833010949035724,1.3
6251.011887675656,0.79016745,0.01977462417604717,1.2000000000000002
6252.011889580426,0.62102693,0.022594355772696074,1.2000000000000002
6253.011891485197,0.62286866,0.027978854714955093,1.3
6254.0118933899685,0.5405948,0.0474029480302264,1.3
6255.01189529474,0.5100593,0.04912383691537315,4.5
6256.011897199511,0.4762557,0.048713082503635124,4.5
6257.011899104282,0.29577547,0.04903161850739146,3.8000000000000003
6258.011901009052,0.10947907,0.05534698984985567,0.8
6259.011902913823,0.14256102,0.05601094658952656,0.8
6260.011904818594,0.52478206,0.05614117157102976,1.0
6261.011906723365,0.398023,0.05619203565549284,0.8
6262.011908628137,0.41310817,0.05599489983092851,1.0
6263.011910532908,0.5361181,0.05434548380691859,1.0
6264.011912437678,0.7828619,0.03900779636421992,1.1
6265.011914342449,0.90110683,0.039395570800811304,1.1
6266.01191624722,0.95952696,0.04148411562746292,2.0
6267.011918151991,0.93582416,0.04095926167878271,11.100000000000001
6268.011920056762,0.92738837,0.0338995669414703,2.6
6269.0119219615335,0.8110553,0.03331163000468158,2.6
6270.011923866304,0.8942405,0.032988784490346194,1.1
6271.011925771075,0.8524735,0.03276280556532536,1.1
6272.011927675846,0.898973,0.030855225590573025,3.0
6273.011929580617,0.9201903,0.02908160411449733,3.6
6274.011931485388,0.8970469,0.0286992571915531,1.1
6275.011933390159,0.9515704,0.024865552315020932,1.1
6276.01193529493,0.92960805,0.0221645919557999,1.0
6277.011937199701,0.92624927,0.02054780794847867,1.3
6278.011939104472,0.96185184,0.015097020857427753,0.2
6279.011941009243,0.9137956,0.01522701562242368,1.6
6280.011942914014,0.9151371,0.01788934085599484,1.2000000000000002
6281.011944818785,0.7045212,0.0190577034505573,1.2000000000000002
6282.011946723555,0.6936625,0.021357989054387662,2.2
6283.0119486283265,0.6822699,0.02672135253787146,1.8
6284.011950533098,0.3711765,0.027938038721353337,1.8
6285.011952437869,0.53313994,0.028636028197665225,1.8
6286.01195434264,0.83662236,0.02977587760492586,1.8
6287.011956247411,0.6512425,0.03468112783659198,1.9000000000000001
6288.011958152181,0.7579372,0.034558089624740516,1.9000000000000001
6289.011960056952,0.7142055,0.03368506548212072,2.9000000000000004
6290.0119619617235,0.83631974,0.03216124030731826,2.9000000000000004
6291.011963866495,0.92753273,0.03135201171042336,2.9000000000000004
6292.011965771266,0.9650967,0.030052427497104923,2.9000000000000004
6293.011967676037,0.97796476,0.028103849348004376,1.9000000000000001
6294.011969580807,0.973668,0.02773497670840898,2.7
6295.011971485578,0.98428565,0.026638556665788866,2.7
6296.011973390349,0.9726969,0.0258940317643333,7.6000000000000005
6297.0119752951205,0.9624427,0.018391251405773548,7.6000000000000005
6298.011977199892,0.97914875,0.018281235968293102,7.6000000000000005
6299.011979104663,0.97337806,0.01920478692051367,7.7
6300.011981009433,0.98739314,0.054991144303578314,1.2000000000000002
6301.011982914204,0.9712856,0.05775779918552087,1.4000000000000001
6302.011984818975,0.94277114,0.05765627899984536,1.4000000000000001
6303.011986723746,0.78611153,0.05645548708024162,1.4000000000000001
6304.011988628517,0.5711562,0.0560798522771442,1.4000000000000001
6305.011990533289,0.49855405,0.05606915424365417,1.4000000000000001
6306.01199243806,0.6194152,0.05540769963816511,1.1
6307.01199434283,0.4099265,0.05532012842015531,1.3
6308.011996247601,0.40364295,0.0554482572520373,1.3
6309.011998152372,0.24149725,0.055360613502394275,1.3
6310.012000057143,0.36833498,0.019740903997803275,4.2
6311.012001961914,0.6973868,0.008813222409785682,8.200000000000001
6312.0120038666855,0.6927929,0.009367790812535162,8.200000000000001
6313.012005771456,0.4081646,0.00938453050770035,2.8000000000000003
6314.012007676227,0.4085507,0.009598733598469043,3.1
6315.012009580998,0.36024466,0.009564686234293662,3.1
6316.012011485769,0.3748847,0.009503568958237521,3.1
6317.01201339054,0.40742093,0.009463447879677874,3.1
6318.012015295311,0.31194496,0.008484870870122424,3.1
6319.012017200082,0.40603018,0.005854146306288407,6.0
6320.012019104853,0.33854827,0.004941418878454111,6.7
6321.012021009624,0.27140936,0.004561355474838632,6.0
6322.012022914395,0.25152856,0.0031118380699554013,3.1
6323.012024819166,0.24441841,0.0029181769434384205,2.2
6324.012026723937,0.18581149,0.002090553834652327,14.100000000000001
6325.012028628707,0.17700753,0.0021592375396721586,4.0
6326.0120305334785,0.17492566,0.002521142384473214,5.6000000000000005
6327.01203243825,0.16374075,0.002546671985446482,4.0
6328.012034343021,0.15710133,0.0025547544328067668,13.600000000000001
6329.012036247792,0.371673,0.005175279879014682,6.9
6330.012038152563,0.4730358,0.009827429319102365,3.1
6331.012040057333,0.63411516,0.014371416610514436,3.1
6332.012041962104,0.70073277,0.02007483253697722,6.1000000000000005
6333.0120438668755,0.7473329,0.023695951910082703,11.200000000000001
6334.012045771647,0.68753535,0.023726232327690795,11.200000000000001
6335.012047676418,0.5917415,0.02377047179621479,11.200000000000001
6336.012049581189,0.7117713,0.023738941580827295,11.200000000000001
6337.012051485959,0.2652078,0.024983647907464778,11.200000000000001
6338.01205339073,0.6029337,0.02525250375855585,11.200000000000001
6339.012055295501,0.35161775,0.025535415521083623,11.200000000000001
6340.0120572002725,0.6410223,0.03160468856483214,3.9000000000000004
6341.012059105044,0.6912635,0.05412333239285592,1.6
6342.012061009815,0.47245067,0.052515307456864904,1.6
6343.012062914585,0.67246866,0.05141970216012219,1.4000000000000001
6344.012064819356,0.5106293,0.05147080271148922,1.4000000000000001
6345.012066724127,0.79503304,0.05149069003762911,1.4000000000000001
6346.012068628898,0.8390708,0.051697165149215976,1.5
6347.012070533669,0.8536159,0.05143533208865835,1.5
6348.012072438441,0.89567643,0.05148978581859589,1.5
6349.012074343211,0.9119245,0.0518597491888681,1.8
6350.012076247982,0.7748215,0.049479897654418736,1.1
6351.012078152753,0.90786123,0.021139865301894316,1.6
6352.012080057524,0.9090815,0.020865520251183708,1.3
6353.012081962295,0.87177885,0.020982262515940264,0.1
6354.012083867066,0.826024,0.021511874499975363,1.2000000000000002
6355.012085771837,0.65257686,0.0225179633929523,2.0
6356.012087676608,0.81757486,0.022359284281117532,1.2000000000000002
6357.012089581379,0.91335815,0.021864041324535368,8.4
6358.01209148615,0.91654944,0.021773455336324497,1.2000000000000002
6359.012093390921,0.89911944,0.020670034199862967,0.9
6360.012095295692,0.8985843,0.0171755913183237,2.0
6361.012097200462,0.9297898,0.0161918132627563,2.7
6362.012099105234,0.9351129,0.01628332314961323,3.5
6363.012101010005,0.95209473,0.014970442438118273,3.5
6364.012102914776,0.9411848,0.01509014981499833,2.7
6365.012104819547,0.9493174,0.04753884904258424,1.6
6366.012106724318,0.9282269,0.049359673968842624,1.4000000000000001
6367.012108629088,0.90669227,0.04974632743238617,1.4000000000000001
6368.012110533859,0.931614,0.04995070441682407,1.4000000000000001
6369.0121124386305,0.9319809,0.05007349222048708,2.0
6370.012114343402,0.9374312,0.049741491966798675,2.0
6371.012116248173,0.9231416,0.050157051053519724,2.0
6372.012118152944,0.937823,0.04999781291424238,1.3
6373.012120057714,0.8963073,0.04996515790344261,1.3
6374.012121962485,0.9157785,0.04961505297823714,1.3
6375.012123867256,0.78353477,0.07854096117783498,1.7000000000000002
6376.0121257720275,0.51412916,0.0773758810246819,1.7000000000000002
6377.012127676799,0.3706905,0.07708088864579975,1.7000000000000002
6378.01212958157,0.44665766,0.07688120446291463,1.7000000000000002
6379.01213148634,0.49305272,0.07743889581319559,1.5
6380.012133391111,0.56973076,0.07758621736989005,1.3
6381.012135295882,0.8097337,0.07755804760112284,1.5
6382.012137200653,0.88307005,0.07766667337842272,1.5
6383.0121391054245,0.9190589,0.07796152302852143,1.5
6384.012141010196,0.9881179,0.07853285475139236,1.5
6385.012142914967,0.95671713,0.020410668313818818,1.9000000000000001
6386.012144819737,0.9399998,0.020678728681544193,0.6000000000000001
6387.012146724508,0.9477445,0.020706046611731595,10.100000000000001
6388.012148629279,0.93993247,0.0207147235268068,10.100000000000001
6389.01215053405,0.96800226,0.017521542513377227,10.100000000000001
6390.012152438821,0.93158937,0.01656815153758847,10.100000000000001
6391.012154343593,0.9526828,0.015801006068607668,10.100000000000001
6392.012156248363,0.9520693,0.015836656405215505,10.0
6393.012158153134,0.9592949,0.015454931328106592,1.0
6394.012160057905,0.9741363,0.012607735669214784,12.0
6395.012161962676,0.97275406,0.011489873134693039,12.0
6396.012163867447,0.95405114,0.012895234583058803,2.6
6397.012165772218,0.9523063,0.07014750214649691,1.3
6398.012167676989,0.9328654,0.07135547119036048,1.2000000000000002
6399.01216958176,0.91565114,0.07138255103700615,1.2000000000000002
6400.012171486531,0.91137165,0.07138626577723918,1.2000000000000002
6401.012173391302,0.8201266,0.0714153887357902,1.3
6402.012175296073,0.85099167,0.072073277145341,1.2000000000000002
6403.012177200844,0.79141814,0.07191093820202579,1.2000000000000002
6404.012179105614,0.7091017,0.07188128856154982,1.2000000000000002
6405.012181010386,0.81864464,0.0718597201241886,1.2000000000000002
6406.012182915157,0.62779206,0.07162086203017617,1.4000000000000001
6407.012184819928,0.59689564,0.01819198037355985,2.4000000000000004
6408.012186724699,0.49669787,0.01254626734513768,15.0
6409.01218862947,0.42669308,0.012454354593902128,15.0
6410.01219053424,0.3668738,0.0124019814869761,11.600000000000001
6411.012192439011,0.27050924,0.01166055976091079,11.100000000000001
6412.0121943437825,0.3536246,0.005446766159067226,14.700000000000001
6413.012196248554,0.30424288,0.005239060560523849,15.0
6414.012198153325,0.25528774,0.0051029167177212235,15.0
6415.012200058096,0.20942363,0.004803450406624734,15.0
6416.012201962866,0.15829109,0.002734432063082805,10.200000000000001
6417.012203867637,0.16346115,0.003161417381688386,10.700000000000001
6418.012205772408,0.35594353,0.00571475232194904,13.0
6419.0122076771795,0.46599832,0.009224344601946792,13.600000000000001
6420.012209581951,0.4455156,0.009285297458187177,13.600000000000001
6421.012211486722,0.63224787,0.029127303114768067,1.8
6422.012213391492,0.49403325,0.049773490800039226,1.8
6423.012215296263,0.7934707,0.0506174104122449,1.8
6424.012217201034,0.64936817,0.05077228897489722,1.8
6425.012219105805,0.6603692,0.05084725299515974,1.8
6426.0122210105765,0.7531921,0.050891865196645146,1.8
6427.012222915348,0.73348343,0.07376431751487857,1.7000000000000002
6428.012224820118,0.7491316,0.07631884638343665,1.5
6429.012226724889,0.7075227,0.07606820873752611,1.2000000000000002
6430.01222862966,0.7724494,0.07609173720243381,1.2000000000000002
6431.012230534431,0.7255757,0.07111561777517428,1.2000000000000002
6432.012232439202,0.8593085,0.05848290358202156,1.4000000000000001
6433.012234343973,0.8313939,0.05775214416569297,1.2000000000000002
6434.012236248744,0.76837426,0.05763319603409068,1.2000000000000002
6435.012238153515,0.4634856,0.057578319356016816,1.3
6436.012240058286,0.29153702,0.05756118553277849,1.3
6437.012241963057,0.43671212,0.021206281608741207,5.4
6438.012243867828,0.51701665,0.006399939410941338,13.3
6439.012245772599,0.13667256,0.00507072028509159,13.3
6440.0122476773695,0.32130343,0.005795617636556503,15.0
6441.012249582141,0.09799265,0.006472240308523725,8.5
6442.012251486912,0.11763548,0.008657970043493782,2.0
6443.012253391683,0.2192132,0.04238338903359721,1.6
6444.012255296454,0.3404427,0.04422253824514912,1.9000000000000001
6445.012257201225,0.5095874,0.044857267540533645,1.9000000000000001
6446.012259105995,0.5758481,0.045223675780576386,1.9000000000000001
6447.012261010766,0.5670361,0.045500862580466414,1.9000000000000001
6448.012262915538,0.61028117,0.0468355067223586,2.0
6449.012264820309,0.27758667,0.048582097450986836,1.9000000000000001
6450.01226672508,0.34273615,0.04896743074164925,1.9000000000000001
6451.012268629851,0.47312963,0.04939564066220216,1.9000000000000001
6452.012270534621,0.72173303,0.05048202276550841,1.9000000000000001
6453.012272439392,0.20482244,0.03268778253910618,1.9000000000000001
6454.012274344163,0.39846832,0.03675819915849948,1.9000000000000001
6455.0122762489345,0.32507053,0.0407857481339005,4.5
6456.012278153706,0.40243784,0.04045031014136846,3.7
6457.012280058477,0.5080448,0.04030208686373979,3.7
6458.012281963247,0.79859567,0.03963106442476637,3.7
6459.012283868018,0.8830217,0.03767241098568878,2.1
6460.012285772789,0.8830897,0.03703098064066094,0.7000000000000001
6461.01228767756,0.94619745,0.03632402513678061,1.7000000000000002
6462.0122895823315,0.95413524,0.03451280615283795,1.3
6463.012291487103,0.9707089,0.030891236734560883,4.3
6464.012293391873,0.95514816,0.022791958095331893,1.7000000000000002
6465.012295296644,0.97043604,0.012775131512240762,1.1
6466.012297201415,0.9675047,0.01318222454784856,0.7000000000000001
6467.012299106186,0.9429903,0.013153160015095571,1.2000000000000002
6468.012301010957,0.94165486,0.010658734159986846,10.0
6469.0123029157285,0.9274402,0.01009741436821672,10.4
6470.0123048205,0.92924917,0.009956150980352038,10.4
6471.01230672527,0.97511476,0.010177395010152612,2.5
6472.012308630041,0.96063775,0.01047411306615519,2.5
6473.012310534812,0.98684365,0.011678848496626029,0.9
6474.012312439583,0.9960573,0.027914371473532942,1.1
6475.012314344354,0.9923092,0.050130959193939915,5.2
6476.012316249125,0.96959186,0.05083684064110093,8.6
6477.012318153896,0.9724327,0.051669186176245184,8.6
6478.012320058667,0.92252445,0.051747916700318856,8.6
6479.012321963438,0.94698006,0.05178550568033259,8.6
6480.012323868209,0.77482814,0.05172665398265427,8.6
6481.01232577298,0.52436125,0.05161384657404696,8.700000000000001
6482.012327677751,0.738203,0.051378157763962526,8.700000000000001
6483.0123295825215,0.7272583,0.051076308453916,4.800000000000001
6484.012331487293,0.6557397,0.04432602320825507,4.800000000000001
6485.012333392064,0.3521066,0.014697522391755868,9.5
6486.012335296835,0.4720307,0.011296032092670783,9.600000000000001
6487.012337201606,0.30400673,0.005181430029291878,10.600000000000001
6488.012339106377,0.18081993,0.005571047157160578,10.600000000000001
6489.012341011147,0.21850915,0.005361475760247503,12.9
6490.012342915918,0.408939,0.005251194652735014,12.9
6491.01234482069,0.36786884,0.005574762165990495,12.9
6492.012346725461,0.18298155,0.007751060509051086,11.100000000000001
6493.012348630232,0.3064365,0.026021103861519627,1.3
6494.012350535003,0.48242772,0.02820497365141914,1.1
6495.012352439773,0.34298912,0.02823737308316964,1.3
6496.012354344544,0.4261922,0.0283846303573703,1.1
6497.012356249315,0.38895234,0.02839478124292503,1.1
6498.0123581540865,0.47200292,0.028106323445131767,1.2000000000000002
6499.012360058858,0.3757948,0.02805409450978592,1.2000000000000002
6500.012361963629,0.43356696,0.028084560511265372,1.2000000000000002
6501.012363868399,0.4445308,0.028058075460158777,1.2000000000000002
6502.01236577317,0.165528,0.027544651176500755,1.2000000000000002
6503.012367677941,0.3712173,0.04792175164083522,3.4000000000000004
6504.012369582712,0.5675906,0.04781561265875704,3.2
6505.0123714874835,0.5260108,0.04787509835135181,3.2
6506.012373392255,0.469081,0.04823577086646905,3.2
6507.012375297025,0.52049446,0.04824398151230686,3.2
6508.012377201796,0.46609828,0.06125213377186881,3.1
6509.012379106567,0.60719067,0.06213959586336755,3.3000000000000003
6510.012381011338,0.61689496,0.06213831427967581,3.3000000000000003
6511.012382916109,0.6315254,0.06216004179362063,3.1
6512.0123848208805,0.65614617,0.0632260620225632,3.1
6513.012386725651,0.31274578,0.04404029617812963,2.3000000000000003
6514.012388630422,0.39650497,0.042817334386898366,2.3000000000000003
6515.012390535193,0.5773663,0.04279048281246278,2.3000000000000003
6516.012392439964,0.5502683,0.0422983230628423,2.3000000000000003
6517.012394344735,0.5437287,0.042681294090146295,2.3000000000000003
6518.012396249506,0.4257501,0.020090751281557243,7.5
6519.0123981542765,0.39369997,0.01839421447756268,9.8
6520.012400059048,0.43653667,0.018567263755198616,7.5
6521.012401963819,0.43099722,0.0762110456815246,2.1
6522.01240386859,0.373274,0.07569138108605811,2.1
6523.012405773361,0.5981099,0.07520253513190744,2.1
6524.012407678132,0.6057024,0.07523689427733066,2.1
6525.012409582902,0.5391024,0.07532106504406376,2.1
6526.0124114876735,0.5769398,0.07536051510628522,2.1
6527.012413392445,0.55541456,0.0752091168009098,2.1
6528.012415297216,0.556017,0.07512429955668096,2.1
6529.012417201987,0.76783764,0.07483551770179625,2.1
6530.012419106758,0.78601384,0.0747948495299254,2.1
6531.012421011528,0.93340063,0.04821490342522493,3.0
6532.012422916299,0.9252404,0.04846323421854835,3.0
6533.01242482107,0.85538095,0.048363421450379133,3.0
6534.012426725842,0.74699926,0.04843087014939021,3.0
6535.012428630613,0.733232,0.04857088475858724,3.0
6536.012430535384,0.72643286,0.0489025310593024,3.0
6537.012432440154,0.7980226,0.048863575798109044,3.0
6538.012434344925,0.7601752,0.04887951991461587,2.9000000000000004
6539.012436249696,0.7554834,0.04940068558257595,3.0
6540.012438154467,0.6842794,0.04946110917063201,2.6
6541.0124400592385,0.44221124,0.016540549565643336,13.0
6542.01244196401,0.4648017,0.016960193784155548,9.0
6543.01244386878,0.2142585,0.02001282316881679,11.200000000000001
6544.012445773551,0.18147016,0.020555273469584166,11.200000000000001
6545.012447678322,0.721491,0.06543124624342915,1.2000000000000002
6546.012449583093,0.66655743,0.06523885589229741,1.5
6547.012451487864,0.7514161,0.06597168138860002,1.8
6548.0124533926355,0.59553516,0.06620412859897284,1.8
6549.012455297407,0.58974636,0.06585739921850965,1.8
6550.012457202177,0.67208976,0.06852520922766234,1.8
6551.012459106948,0.48311442,0.08861002156331037,1.8
6552.012461011719,0.4575985,0.08805065232677126,1.8
6553.01246291649,0.51642835,0.08747594580168447,1.8
6554.012464821261,0.30335063,0.08744592847868782,1.8
6555.0124667260325,0.722521,0.064947535333041,2.4000000000000004
6556.012468630803,0.55211294,0.06741864548945145,2.4000000000000004
6557.012470535574,0.5086925,0.0670460812350142,1.3
6558.012472440345,0.671574,0.06690613214314128,1.3
6559.012474345116,0.6192069,0.06703976991523447,1.5
6560.012476249887,0.4195307,0.06636373225323947,1.5
6561.012478154658,0.5984741,0.0365248306537534,0.8
6562.0124800594285,0.66262835,0.03673031679179576,0.8
6563.0124819642,0.6827032,0.0365935033311184,1.2000000000000002
6564.012483868971,0.8374532,0.0364062389568302,1.0
6565.012485773742,0.9421095,0.05689834806502493,1.5
6566.012487678513,0.91148984,0.06113056890186074,1.3
6567.012489583284,0.8573125,0.08112123840114309,1.5
6568.012491488054,0.76233643,0.08122162359806807,1.5
6569.0124933928255,0.87757945,0.08712766207596691,0.9
6570.012495297597,0.6654136,0.10511186322253503,1.7000000000000002
6571.012497202368,0.69101316,0.1045527474606074,1.7000000000000002
6572.012499107139,0.5915106,0.10453249396944678,1.7000000000000002
6573.01250101191,0.3658163,0.110926941413856,1.7000000000000002
6574.01250291668,0.44349,0.11100252905465595,1.7000000000000002
6575.012504821451,0.5541715,0.09998133947751851,1.7000000000000002
6576.012506726222,0.3160052,0.09576022044398552,1.7000000000000002
6577.012508630994,0.5816835,0.0792015094481532,2.2
6578.012510535765,0.2783141,0.0790230244428452,2.2
6579.012512440536,0.21634229,0.07246641896018556,3.5
6580.012514345306,0.3667227,0.03961753923553746,3.9000000000000004
6581.012516250077,0.24317086,0.03960610388498938,3.7
6582.012518154848,0.15119213,0.039563209742559044,3.5
6583.012520059619,0.15460457,0.012515659848543453,12.0
6584.0125219643905,0.200867,0.012768752457196546,12.0
6585.012523869162,0.23698564,0.01542117426132475,9.3
6586.012525773932,0.55100316,0.017403650024907572,10.700000000000001
6587.012527678703,0.61719906,0.023211107117505143,11.4
6588.012529583474,0.74691236,0.025858935703819072,11.4
6589.012531488245,0.5346221,0.028555885073147682,9.700000000000001
6590.012533393016,0.786015,0.02962026357479525,6.5
6591.0125352977875,0.6314542,0.029907533332594348,6.5
6592.012537202558,0.8416115,0.04185302089870179,5.4
6593.012539107329,0.8332039,0.04503874673780704,5.4
6594.0125410121,0.7429538,0.045048070529994814,5.4
6595.012542916871,0.69960713,0.04407519495131479,5.4
6596.012544821642,0.7292685,0.04323456246523272,5.4
6597.012546726413,0.6478357,0.040495248579489385,3.8000000000000003
6598.012548631184,0.66775125,0.038819618897812505,3.8000000000000003
6599.012550535955,0.5573583,0.03713133341430813,3.7
6600.012552440726,0.46724123,0.03505951113251584,3.7
6601.012554345497,0.26613408,0.03483135758534476,3.7
6602.012556250268,0.47005445,0.018991438221666115,4.2
6603.012558155039,0.4569217,0.009073551231414905,6.800000000000001
6604.012560059809,0.17684706,0.007242224119202199,8.8
6605.0125619645805,0.5200768,0.05514570022562463,2.3000000000000003
6606.012563869352,0.36441883,0.05690669165297337,1.6
6607.012565774123,0.5411549,0.05981381948022608,1.6
6608.012567678894,0.2534965,0.07750139770220822,1.5
6609.012569583665,0.32185784,0.0774123197452738,1.5
6610.012571488435,0.37273082,0.07810173382926808,1.5
6611.012573393206,0.77680165,0.07823834006891295,1.5
6612.0125752979775,0.79556715,0.07821955177033586,1.5
6613.012577202749,0.8568852,0.07821821957151993,1.5
6614.01257910752,0.75701565,0.07820895373984513,1.5
6615.012581012291,0.88339627,0.055879418854410265,1.6
6616.012582917061,0.8194811,0.05412036408728587,1.6
6617.012584821832,0.82451034,0.05077482130042496,1.6
6618.012586726603,0.43921167,0.012380730267877333,12.600000000000001
6619.0125886313745,0.29638526,0.02998032483127639,1.3
6620.012590536146,0.518444,0.050894411485117676,2.9000000000000004
6621.012592440917,0.7093217,0.05071048681983908,2.8000000000000003
6622.012594345687,0.63337827,0.05076888301000439,2.8000000000000003
6623.012596250458,0.5876127,0.05076293467810293,2.8000000000000003
6624.012598155229,0.6589658,0.05388615988609091,3.1
6625.01260006,0.51621985,0.05509981444777804,2.5
6626.012601964771,0.64820695,0.05552177677174452,3.1
6627.0126038695425,0.5757003,0.055535149112639626,3.1
6628.012605774313,0.66640574,0.056067273689795985,2.5
6629.012607679084,0.39964357,0.04876506088269491,1.8
6630.012609583855,0.4298313,0.024548868975000315,6.300000000000001
6631.012611488626,0.49362266,0.02445225777582886,6.300000000000001
6632.012613393397,0.5262321,0.024448024592136325,6.300000000000001
6633.012615298168,0.59866107,0.02570009940238226,5.800000000000001
6634.0126172029395,0.54373026,0.025943121581059114,6.2
6635.01261910771,0.46121854,0.024939631841505747,5.4
6636.012621012481,0.5023222,0.025027609492606673,7.7
6637.012622917252,0.27799606,0.024950860092875855,7.7
6638.012624822023,0.30776298,0.023723424777055465,7.6000000000000005
6639.012626726794,0.19861542,0.02354238641760612,7.6000000000000005
6640.012628631565,0.24001873,0.023409944569596303,7.6000000000000005
6641.012630536336,0.38538432,0.023570777168351216,7.6000000000000005
6642.012632441107,0.35700879,0.023811605745133954,7.7
6643.012634345878,0.19644757,0.022498193299146135,7.7
6644.012636250649,0.16305569,0.012908799113420905,10.100000000000001
6645.01263815542,0.24798243,0.009211240259149805,8.6
6646.012640060191,0.20628437,0.005850900265449987,8.9
6647.012641964961,0.27356705,0.007400703655070175,14.4
6648.0126438697325,0.2846759,0.06518719693103717,1.1
6649.012645774504,0.5120834,0.07462720941139214,1.1
6650.012647679275,0.5630745,0.07626279163121727,1.0
6651.012649584046,0.45183805,0.08172571886213624,1.0
6652.012651488817,0.36596242,0.08889445769692737,1.6
6653.012653393587,0.30595317,0.08915210419525857,1.0
6654.012655298358,0.4311636,0.09359961090499143,1.6
6655.0126572031295,0.5156438,0.0997752057237886,0.9
6656.012659107901,0.54375005,0.10132817383717159,0.9
6657.012661012672,0.5675232,0.10291882799763225,1.4000000000000001
6658.012662917443,0.7384242,0.09654519498003254,2.0
6659.012664822213,0.8064432,0.10276577627064108,0.5
6660.012666726984,0.8158112,0.10177214957714496,0.5
6661.012668631755,0.7527707,0.09845422104437739,1.0
6662.0126705365265,0.6308752,0.09182498586481642,1.0
6663.012672441298,0.6137662,0.09160311906630528,1.0
6664.012674346069,0.59135336,0.08832107892456989,1.0
6665.012676250839,0.4874519,0.10067873266784237,1.0
6666.01267815561,0.45790824,0.10716326187485743,1.7000000000000002
6667.012680060381,0.53619117,0.11768247901229958,1.7000000000000002
6668.012681965152,0.6285862,0.10780149554829409,1.8
6669.012683869923,0.65781933,0.09991784894134731,1.8
6670.012685774695,0.42786223,0.10291622538756963,1.8
6671.012687679465,0.20676817,0.10704784460168104,1.7000000000000002
6672.012689584236,0.08969711,0.10999468466867779,1.8
6673.012691489007,0.064636566,0.11928950631937878,1.8
6674.012693393778,0.021957751,0.122218345463578,1.8
6675.012695298549,0.050826427,0.11003342491447289,1.8
6676.01269720332,0.11400715,0.10635793394401548,2.0
6677.012699108091,0.110726364,0.09684146174647768,4.3
6678.012701012862,0.11232084,0.09733547680901979,4.3
6679.012702917633,0.2528509,0.09494754603126795,10.8
6680.012704822404,0.19254272,0.09364987817989831,1.1
6681.012706727175,0.18941464,0.09032257588929267,1.1
6682.012708631946,0.24308309,0.08979960186351309,1.1
6683.012710536716,0.23667413,0.08032195617573956,3.1
6684.012712441488,0.21363199,0.07647321002766456,8.0
6685.012714346259,0.42213395,0.07597254331756603,8.0
6686.01271625103,0.32038644,0.07578328660866153,8.0
6687.012718155801,0.11496846,0.0802549074457246,2.9000000000000004
6688.012720060572,0.12928873,0.08611987070922542,3.9000000000000004
6689.012721965342,0.045306206,0.09714624018882607,3.9000000000000004
6690.012723870113,0.054503765,0.10430692266132507,3.9000000000000004
6691.0127257748845,0.030309824,0.11376539031159079,1.8
6692.012727679656,0.033765398,0.12128730216695148,1.8
6693.012729584427,0.087404646,0.1280642581776032,1.8
6694.012731489198,0.03377065,0.1402042635975385,4.5
6695.012733393968,0.025423927,0.14480248027464823,4.5
6696.012735298739,0.022429738,0.14463369204632262,4.5
6697.01273720351,0.029469281,0.14314282801635902,4.5
6698.0127391082815,0.023985488,0.1433299183388105,4.5
6699.012741013053,0.030549806,0.15615311674972965,2.5
6700.012742917824,0.020265538,0.15545066846710875,4.6000000000000005
6701.012744822594,0.0285541,0.15693788984633092,2.3000000000000003
6702.012746727365,0.03405921,0.16590550574967902,0.30000000000000004
6703.012748632136,0.020169392,0.16404079983357975,0.30000000000000004
6704.012750536907,0.034217697,0.16165223874428356,0.30000000000000004
6705.0127524416785,0.07567486,0.16597380269572484,0.30000000000000004
6706.01275434645,0.09469401,0.16754924205062158,0.30000000000000004
6707.01275625122,0.1114964,0.16485019510856344,0.30000000000000004
6708.012758155991,0.18201244,0.1598807353834916,0.30000000000000004
6709.012760060762,0.13571072,0.13984113167061862,1.0
6710.012761965533,0.28083012,0.13500048852658353,0.9
6711.012763870304,0.26470578,0.12510518396072806,0.9
6712.012765775075,0.24311021,0.10884424868483764,1.7000000000000002
6713.012767679847,0.38623175,0.10049975430445603,1.7000000000000002
6714.012769584617,0.22329526,0.0866954441601766,2.8000000000000003
6715.012771489388,0.42886668,0.10555257435709138,3.4000000000000004
6716.012773394159,0.4039543,0.11299461648178362,2.7
6717.01277529893,0.29595348,0.12521679361763433,2.7
6718.012777203701,0.5481514,0.12809758400815474,1.9000000000000001
6719.012779108472,0.56099373,0.1296129189049007,1.9000000000000001
6720.012781013243,0.525505,0.13189369911398408,2.5
6721.012782918014,0.39114234,0.13146788534560533,1.9000000000000001
6722.012784822785,0.50158495,0.1253952526901359,1.8
6723.012786727556,0.65580666,0.12526970014284,1.8
6724.012788632327,0.5994842,0.12493758440487066,1.8
6725.012790537098,0.47873038,0.0930968302223807,1.8
6726.012792441868,0.5812089,0.07476384529609653,1.8
6727.01279434664,0.42161545,0.0498025807501134,1.8
6728.012796251411,0.28252313,0.038561887356177736,1.8
6729.012798156182,0.29000708,0.029703978211638244,1.4000000000000001
6730.012800060953,0.32872933,0.011680314152516818,3.5
6731.012801965724,0.26226124,0.006206474806845165,10.200000000000001
6732.012803870494,0.62734735,0.004080133845026749,14.5
6733.012805775265,0.4892135,0.004574843775359889,14.0
6734.0128076800365,0.43206635,0.005267390805862245,10.200000000000001
6735.012809584808,0.44134808,0.005382260981063671,14.0
6736.012811489579,0.2779818,0.005572870746134167,14.0
6737.01281339435,0.28820986,0.005653722328932251,14.0
6738.01281529912,0.2476656,0.005934968882523687,10.600000000000001
6739.012817203891,0.3192639,0.006050095385676805,7.300000000000001
6740.012819108662,0.5270863,0.00911337373690546,8.6
6741.0128210134335,0.57075644,0.011717516467550228,9.600000000000001
6742.012822918205,0.5380254,0.012036870961919974,9.600000000000001
6743.012824822976,0.45692366,0.01193466858830348,9.700000000000001
6744.012826727746,0.45188865,0.011680447383272664,4.5
6745.012828632517,0.44864404,0.011883712188220572,9.600000000000001
6746.012830537288,0.5024625,0.011717629279306458,9.600000000000001
6747.012832442059,0.30335426,0.01902838338839247,6.1000000000000005
6748.0128343468305,0.42718825,0.03507640609331778,4.6000000000000005
6749.012836251602,0.5065506,0.0381428414417643,4.6000000000000005
6750.012838156372,0.43819436,0.0411784829943462,8.200000000000001
6751.012840061143,0.417153,0.04202209566578853,8.200000000000001
6752.012841965914,0.26217434,0.04685777029352023,5.5
6753.012843870685,0.28071332,0.050706250270830894,5.5
6754.012845775456,0.2530838,0.060965333532394625,2.5
6755.012847680227,0.13626987,0.06156959664122943,2.5
6756.012849584998,0.17996502,0.06824245804173577,2.8000000000000003
6757.012851489769,0.27505267,0.06672890213358665,3.3000000000000003
6758.01285339454,0.5193939,0.059845182293569055,2.9000000000000004
6759.012855299311,0.61047024,0.05795909728883146,4.1000000000000005
6760.012857204082,0.6789523,0.05550816103158368,4.1000000000000005
6761.012859108853,0.53610456,0.054386309038141,4.1000000000000005
6762.0128610136235,0.43045902,0.07161904983981722,2.7
6763.012862918395,0.30892637,0.10679104027651685,2.8000000000000003
6764.012864823166,0.49893096,0.10147923725225717,2.4000000000000004
6765.012866727937,0.32858634,0.1011526065023593,2.1
6766.012868632708,0.29432428,0.09676612425847927,2.6
6767.012870537479,0.19438381,0.11776570296169388,2.6
6768.012872442249,0.34182015,0.12623373689888617,2.6
6769.01287434702,0.3356671,0.12629758064205315,2.2
6770.012876251792,0.31228086,0.12624080477723681,2.0
6771.012878156563,0.29503995,0.12623341961782908,2.2
6772.012880061334,0.28998005,0.11560271051314039,2.2
6773.012881966105,0.4206838,0.08186257440982088,2.0
6774.012883870875,0.342661,0.08170917057601737,1.9000000000000001
6775.012885775646,0.4061771,0.08165777277160512,1.9000000000000001
6776.012887680417,0.34006026,0.08166930585809878,1.9000000000000001
6777.0128895851885,0.21822965,0.04626079261245561,0.1
6778.01289148996,0.41081572,0.016960838050741164,2.8000000000000003
6779.012893394731,0.42018265,0.024637358875946008,2.4000000000000004
6780.012895299501,0.4173244,0.02490065103335537,2.4000000000000004
6781.012897204272,0.44475585,0.025812195272975316,10.4
6782.012899109043,0.47996965,0.026473825042195736,10.4
6783.012901013814,0.49247515,0.028501586948174725,10.5
6784.0129029185855,0.41137946,0.03461879323811309,11.200000000000001
6785.012904823357,0.22615889,0.03748848421533852,8.0
6786.012906728127,0.2297444,0.038051442284515145,8.0
6787.012908632898,0.288488,0.03857594581055203,8.0
6788.012910537669,0.39287046,0.03543836437158508,10.600000000000001
6789.01291244244,0.42609522,0.030888373934617346,10.600000000000001
6790.012914347211,0.33466566,0.03290308525567365,10.600000000000001
6791.0129162519825,0.47542804,0.03372217507011104,4.1000000000000005
6792.012918156753,0.6256038,0.034407213799397415,4.1000000000000005
6793.012920061524,0.87848264,0.033116074364196654,10.3
6794.012921966295,0.9905468,0.027515399605741595,10.3
6795.012923871066,0.98336226,0.025577405948771604,10.700000000000001
6796.012925775837,0.9915971,0.024869957976807962,9.9
6797.012927680608,0.9903942,0.024112186931215213,9.9
6798.012929585379,0.9882181,0.023876828564662732,9.9
6799.01293149015,0.97811216,0.022898956530403906,10.200000000000001
6800.012933394921,0.92531645,0.019417532115722395,9.9
6801.012935299692,0.9498963,0.016916076677213666,9.9
6802.012937204463,0.93785435,0.014663749157649876,9.9
6803.012939109234,0.8213294,0.013937613664707558,9.9
6804.012941014005,0.5769284,0.02721819346413758,2.2
6805.0129429187755,0.6936725,0.03427270523398336,3.3000000000000003
6806.012944823547,0.7765927,0.03474770047607257,3.3000000000000003
6807.012946728318,0.8641051,0.035652670269716386,3.3000000000000003
6808.012948633089,0.8797212,0.03638017377993828,3.3000000000000003
6809.01295053786,0.87465763,0.037343104970971534,3.2
6810.012952442631,0.88793445,0.03790614871898847,11.700000000000001
6811.012954347401,0.87174875,0.03891394028610664,3.2
6812.012956252172,0.86474305,0.040146525130810254,3.4000000000000004
6813.012958156944,0.79887855,0.04146528308984792,3.4000000000000004
6814.012960061715,0.7141646,0.042332949554823744,4.3
6815.012961966486,0.6476369,0.04125698458038646,1.8
6816.012963871257,0.6607994,0.042055838801093925,1.5
6817.012965776027,0.39257738,0.04258553321034972,1.5
6818.012967680798,0.30639473,0.04296017637470279,1.6
6819.012969585569,0.20486319,0.04413634071604211,1.5
6820.0129714903405,0.4593751,0.04770271115435614,1.6
6821.012973395112,0.19070947,0.04746535236929271,1.6
6822.012975299883,0.13402495,0.04691497535003122,1.6
6823.012977204653,0.41389787,0.045984152182511576,1.6
6824.012979109424,0.47996208,0.038503714898221394,2.0
6825.012981014195,0.5554315,0.03313789926228711,1.9000000000000001
6826.012982918966,0.6142162,0.035135300870668344,2.8000000000000003
6827.0129848237375,0.28786927,0.03536013673933815,2.8000000000000003
6828.012986728509,0.27276492,0.03751265966899394,2.8000000000000003
6829.012988633279,0.2215209,0.03743040681943688,2.8000000000000003
6830.01299053805,0.1306254,0.033888542642166945,2.6
6831.012992442821,0.17576769,0.03359155256351555,2.6
6832.012994347592,0.19284537,0.03453075184532412,2.6
6833.012996252363,0.33389577,0.03505934302085955,2.6
6834.0129981571345,0.5685111,0.034712864144273214,2.6
6835.013000061905,0.90217537,0.033756300626142974,2.6
6836.013001966676,0.8653365,0.0300652778455443,2.6
6837.013003871447,0.9248194,0.028014459233570266,2.6
6838.013005776218,0.9462399,0.02442424043603524,11.200000000000001
6839.013007680989,0.90971285,0.02077645228781441,11.200000000000001
6840.01300958576,0.88209254,0.01757121372861073,11.200000000000001
6841.0130114905305,0.7356972,0.01659869294304086,11.200000000000001
6842.013013395302,0.40138054,0.012780813365158017,10.8
6843.013015300073,0.18256707,0.010190698212665652,10.3
6844.013017204844,0.28948385,0.010606404324709542,7.0
6845.013019109615,0.15967491,0.010602205076133287,7.0
6846.013021014386,0.24698316,0.010040364258286378,7.0
6847.013022919156,0.17697413,0.009743810847812786,10.200000000000001
6848.0130248239275,0.24720173,0.006357168416828135,2.3000000000000003
6849.013026728699,0.3079118,0.006138983810895519,10.9
6850.01302863347,0.30746225,0.006139100774461907,2.2
6851.013030538241,0.24086119,0.006798917891612397,2.3000000000000003
6852.013032443012,0.39753497,0.00705922903874187,2.4000000000000004
6853.013034347782,0.31086928,0.007054402485873068,2.4000000000000004
6854.013036252553,0.39843735,0.0064194049195779816,14.5
6855.013038157324,0.32488236,0.007029898426033756,10.600000000000001
6856.013040062096,0.17684399,0.007875093227450874,10.600000000000001
6857.013041966867,0.3740941,0.00808011890992629,10.600000000000001
6858.013043871638,0.3305032,0.008591359964590855,10.600000000000001
6859.013045776408,0.41170403,0.008797163739774058,10.600000000000001
6860.013047681179,0.39009666,0.009516924190356242,10.100000000000001
6861.01304958595,0.46025112,0.017456805138216108,2.3000000000000003
6862.013051490721,0.80215544,0.023758058833186452,1.5
6863.0130533954925,0.9055153,0.02606218176143454,1.5
6864.013055300264,0.8320828,0.026339878593522555,1.5
6865.013057205034,0.8844547,0.026789272865251984,1.4000000000000001
6866.013059109805,0.87866116,0.029864061036978855,2.0
6867.013061014576,0.68931544,0.031884571852168406,1.5
6868.013062919347,0.9626533,0.0325355388042833,9.9
6869.013064824118,0.9793041,0.03260843829195584,9.9
6870.0130667288895,0.97904235,0.032553621346153735,1.5
6871.01306863366,0.9505333,0.029080855969603997,2.3000000000000003
6872.013070538431,0.9305331,0.024700351410593447,2.3000000000000003
6873.013072443202,0.95539,0.022393280231041892,9.8
6874.013074347973,0.9670998,0.021995325599393156,9.9
6875.013076252744,0.95484596,0.021233518949210925,9.8
6876.013078157515,0.84410894,0.016590112756671285,10.100000000000001
6877.0130800622865,0.9576267,0.01266924105584147,10.100000000000001
6878.013081967057,0.91741824,0.015452795260764393,9.9
6879.013083871828,0.9476431,0.02004023078520794,3.8000000000000003
6880.013085776599,0.95221627,0.023241132631141703,3.8000000000000003
6881.01308768137,0.9918269,0.02348838000181715,3.8000000000000003
6882.013089586141,0.8629772,0.02377459341495362,3.8000000000000003
6883.013091490912,0.8333944,0.02386561995592696,3.8000000000000003
6884.0130933956825,0.7535655,0.023780841184893695,3.8000000000000003
6885.013095300454,0.8208691,0.024059629915943865,3.8000000000000003
6886.013097205225,0.7291893,0.024029982892415046,3.9000000000000004
6887.013099109996,0.9054398,0.02385654031715591,3.8000000000000003
6888.013101014767,0.80725276,0.02094820042553404,3.9000000000000004
6889.013102919538,0.6447075,0.016593403440973282,9.200000000000001
6890.013104824308,0.5403125,0.012059923340260827,9.3
6891.0131067290795,0.6726731,0.011514480537125766,8.8
6892.013108633851,0.38328993,0.009556310285613602,9.0
6893.013110538622,0.77976155,0.009352288311805072,9.0
6894.013112443393,0.7603746,0.01004600330517129,9.0
6895.013114348164,0.81432796,0.009403674579495813,9.0
6896.013116252934,0.7718861,0.009011852596649817,9.0
6897.013118157705,0.7342464,0.008877543028770751,9.0
6898.013120062476,0.80273193,0.008623136152692812,9.0
6899.013121967248,0.71203387,0.00927425024416023,8.700000000000001
6900.013123872019,0.6737238,0.009592888021210283,10.600000000000001
6901.01312577679,0.80703646,0.010146455418315265,10.600000000000001
6902.01312768156,0.80238956,0.011302384770914695,8.9
6903.013129586331,0.31324828,0.011443094714002752,11.200000000000001
6904.013131491102,0.51911765,0.011421824829458114,8.0
6905.013133395873,0.25031105,0.011770307255999736,8.0
6906.0131353006445,0.47302753,0.011990732186288143,9.0
6907.013137205416,0.56956816,0.012279702785493212,10.8
6908.013139110186,0.4564804,0.012675604869351187,10.8
6909.013141014957,0.52104765,0.012000472806261197,10.8
6910.013142919728,0.72279465,0.01885805669195986,3.0
6911.013144824499,0.67224956,0.02167880025609586,2.5
6912.01314672927,0.6322041,0.021317196108845315,2.7
6913.0131486340415,0.45342612,0.02127347699367026,2.5
6914.013150538812,0.63128114,0.020929083558182782,2.5
6915.013152443583,0.43711802,0.020734534381943136,2.5
6916.013154348354,0.45902926,0.020541829559811077,2.5
6917.013156253125,0.22329032,0.021603055907397497,2.5
6918.013158157896,0.38372064,0.046805776827830256,2.8000000000000003
6919.013160062667,0.34613627,0.04739492771202971,2.8000000000000003
6920.013161967438,0.24905019,0.04498681212083567,2.8000000000000003
6921.013163872209,0.24977571,0.04353627836079804,2.8000000000000003
6922.01316577698,0.18545403,0.04341399973965022,2.8000000000000003
6923.013167681751,0.21556908,0.04374112899162996,2.8000000000000003
6924.013169586522,0.23557112,0.04386934226016588,2.8000000000000003
6925.013171491293,0.23238456,0.04386007758553895,2.8000000000000003
6926.013173396063,0.28934422,0.04387101921584413,2.8000000000000003
6927.0131753008345,0.1937701,0.04325718843317904,2.8000000000000003
6928.013177205606,0.3607264,0.011782948206840609,14.5
6929.013179110377,0.48114178,0.008785241917693892,13.600000000000001
6930.013181015148,0.6880271,0.008883223961458166,14.3
6931.013182919919,0.5161772,0.008966868225169457,14.3
6932.013184824689,0.32238477,0.009019197529974954,14.3
6933.01318672946,0.555785,0.04053254033650659,3.9000000000000004
6934.0131886342315,0.6159418,0.04414387534803053,3.1
6935.013190539003,0.7436275,0.04597754001281083,4.0
6936.013192443774,0.74845415,0.06365338612451776,4.1000000000000005
6937.013194348545,0.6226164,0.10978386855609625,4.0
6938.013196253315,0.49350223,0.11426807428967703,4.0
6939.013198158086,0.25695035,0.11461919427464463,4.0
6940.013200062857,0.5302818,0.11737587599618558,4.0
6941.013201967628,0.59132516,0.11846191134006741,4.0
6942.0132038724,0.4390812,0.11993761630762216,4.0
6943.013205777171,0.54335815,0.11385178906648522,4.0
6944.013207681941,0.5641418,0.11261802651591157,8.1
6945.013209586712,0.63792056,0.11208431929304756,8.1
6946.013211491483,0.5123163,0.10731544337985076,7.9
6947.013213396254,0.39179245,0.06075378609982844,4.4
6948.013215301025,0.6165211,0.053140153536941265,2.1
6949.0132172057965,0.44210133,0.05299030321453448,1.8
6950.013219110567,0.43300635,0.05990492640955895,1.3
6951.013221015338,0.6132688,0.057882772510003955,1.3
6952.013222920109,0.78764987,0.0547382179639226,1.3
6953.01322482488,0.8786058,0.053194191102425306,1.3
6954.013226729651,0.95331156,0.052790525282166066,1.3
6955.013228634422,0.97558755,0.05237110731458938,1.3
6956.0132305391935,0.9957943,0.0429588551004568,1.3
6957.013232443964,0.98803586,0.04095297608308702,1.3
6958.013234348735,0.9827759,0.039685756747314706,1.5
6959.013236253506,0.98015654,0.038854474982675816,1.5
6960.013238158277,0.96589583,0.009421262703927093,10.0
6961.013240063048,0.9607141,0.008516806276947246,10.0
6962.013241967819,0.98373336,0.008269156898826452,0.9
6963.01324387259,0.98708236,0.00807311019155778,0.9
6964.013245777361,0.98766553,0.00793135019713593,13.700000000000001
6965.013247682132,0.9914418,0.007926386468671033,11.600000000000001
6966.013249586903,0.9883328,0.010468282254688663,1.0
6967.013251491674,0.9917887,0.011999250852900397,1.6
6968.013253396445,0.9937967,0.010270650864194509,1.7000000000000002
6969.013255301215,0.99212646,0.010227691314703953,1.5
6970.0132572059865,0.9886671,0.010548794457970474,1.6
6971.013259110758,0.993708,0.014735249532509431,1.9000000000000001
6972.013261015529,0.99745625,0.014915307981645915,1.9000000000000001
6973.0132629203,0.9934993,0.015082180148204423,1.9000000000000001
6974.013264825071,0.9880372,0.01591604153817144,1.2000000000000002
6975.013266729841,0.99060225,0.01836475265232899,2.1
6976.013268634612,0.99511683,0.017278071238691285,2.6
6977.0132705393835,0.99708086,0.040505264814245205,1.3
6978.013272444155,0.9869103,0.05474615188226018,1.3
6979.013274348926,0.96471137,0.05667141288913825,1.0
6980.013276253697,0.7938426,0.05934352918238696,1.3
6981.013278158467,0.84544146,0.05853757890523939,1.7000000000000002
6982.013280063238,0.8464031,0.05906812960135108,0.9
6983.013281968009,0.7572477,0.05939778789189385,2.0
6984.01328387278,0.66688806,0.059221788852175966,1.6
6985.013285777552,0.4931028,0.060976842212469136,1.6
6986.013287682323,0.4862755,0.060972883643518536,1.6
6987.013289587093,0.64297503,0.04785825748184679,2.0
6988.013291491864,0.47341672,0.03139255251352812,11.600000000000001
6989.013293396635,0.5557181,0.027726518396487206,10.4
6990.013295301406,0.5536849,0.021271997157720674,8.9
6991.013297206177,0.5456632,0.021049458563115332,3.9000000000000004
6992.0132991109485,0.60835,0.01939605826276427,8.5
6993.013301015719,0.69963664,0.018213074650602932,8.5
6994.01330292049,0.57689005,0.01809303622497364,8.5
6995.013304825261,0.6555094,0.005683286712228602,10.0
6996.013306730032,0.55784345,0.006829701228585255,13.200000000000001
6997.013308634803,0.58668846,0.06015812881324021,2.0
6998.013310539574,0.677497,0.062345363380698245,2.0
6999.013312444345,0.62512076,0.06276660793014452,2.0
7000.013314349116,0.59100235,0.063501526714684,1.9000000000000001
