timestamp,probability,energy,frequency
10.0,0.9857174,0.07639476682972923,1.5
11.000001904770976,0.98966295,0.06829485013886752,1.0
12.000003809541951,0.99257433,0.07672953087642344,1.7000000000000002
13.000005714312925,0.9770006,0.13070061798947327,0.7000000000000001
14.0000076190839,0.9564726,0.13233336070079124,1.1
15.000009523854875,0.84225726,0.14340913392434934,1.0
16.00001142862585,0.8086565,0.16683998146576134,1.7000000000000002
17.000013333396826,0.6724124,0.1670209823373169,1.7000000000000002
18.0000152381678,0.8613366,0.16658487703572036,1.7000000000000002
19.000017142938773,0.9126048,0.16540398641469495,1.7000000000000002
20.00001904770975,0.88354236,0.16509380170220347,1.7000000000000002
21.000020952480725,0.9484998,0.16037383772294364,1.0
22.0000228572517,0.95688367,0.1544873366707728,1.0
23.000024762022676,0.94472307,0.1090562234158124,1.6
24.00002666679365,0.95760846,0.10428663243654882,1.6
25.000028571564627,0.8891224,0.08623941703672207,1.8
26.000030476335603,0.507692,0.013447640414553312,4.1000000000000005
27.00003238110658,0.6054426,0.006065398426383714,7.7
28.00003428587755,0.61387473,0.0052612985071567855,8.0
29.000036190648526,0.531365,0.0045352074095821706,9.3
30.0000380954195,0.7327827,0.004686032253763015,7.9
31.000040000190477,0.7046719,0.004779396164800993,7.6000000000000005
32.00004190496145,0.63808113,0.00485461365593446,7.6000000000000005
33.00004380973243,0.80480856,0.004269747704789958,7.6000000000000005
34.0000457145034,0.6559159,0.0037103939058772926,7.6000000000000005
35.000047619274376,0.6408627,0.00411221630358284,6.4
36.00004952404535,0.5579793,0.003915557577181408,7.9
37.00005142881633,0.6246685,0.003875316768960767,7.7
38.0000533335873,0.65828526,0.0039132131838325295,7.9
39.00005523835828,0.73938596,0.003910920654424364,7.9
40.000057143129254,0.650448,0.003335364439493691,11.4
41.00005904790023,0.6872786,0.0030436455852151587,14.200000000000001
42.000060952671205,0.74347115,0.002926712768604102,11.4
43.00006285744218,0.7451449,0.0029290324024286935,8.6
44.00006476221316,0.61395705,0.0032330072230521683,8.6
45.000066666984125,0.7436002,0.003352594698161339,8.200000000000001
46.0000685717551,0.7979016,0.0034481037647106074,10.0
47.000070476526076,0.71367455,0.0034174595560118918,10.0
48.00007238129705,0.7185261,0.003376693573063721,7.2
49.00007428606803,0.70690364,0.003391129991411,7.2
50.000076190839,0.7381706,0.0034080962419115583,8.1
51.00007809560998,0.65058374,0.0035290440610259845,9.9
52.000080000380954,0.6256864,0.0035485562823552915,8.200000000000001
53.00008190515193,0.5541529,0.003662646318326962,9.9
54.000083809922906,0.6589076,0.0036066651712814203,10.4
55.00008571469388,0.65477234,0.002958474816091397,10.5
56.00008761946486,0.61576617,0.003179524573130581,10.5
57.00008952423583,0.65902627,0.003172050627918472,10.5
58.00009142900681,0.7050335,0.0032127683492267373,10.5
59.00009333377778,0.7184072,0.003186928121862786,10.5
60.00009523854875,0.7001607,0.0032153926804075125,10.5
61.00009714331973,0.7605783,0.0030784979919323283,12.100000000000001
62.0000990480907,0.7119244,0.0030565904184833665,12.100000000000001
63.00010095286168,0.6799364,0.0036270774867125832,4.800000000000001
64.00010285763265,0.67130435,0.0034620886241469996,13.0
65.00010476240362,0.6449489,0.003355987378432265,13.0
66.0001066671746,0.68387526,0.003049868121490382,7.800000000000001
67.00010857194559,0.6858891,0.0030710609167937945,7.800000000000001
68.00011047671656,0.80848527,0.0030935657994995464,4.7
69.00011238148753,0.763103,0.003412666827911623,4.7
70.00011428625851,0.77534574,0.003411318091956979,11.4
71.00011619102949,0.695459,0.0037612398636550836,11.4
72.00011809580046,0.77964085,0.004391091895239616,5.0
73.00012000057143,0.67458147,0.004167895949528391,4.6000000000000005
74.00012190534241,0.7089595,0.00424038219908434,4.6000000000000005
75.00012381011338,0.7403828,0.004264656477234286,4.6000000000000005
76.00012571488436,0.73210174,0.004378743525345369,6.1000000000000005
77.00012761965533,0.6536878,0.004523580700247209,6.1000000000000005
78.00012952442631,0.6495695,0.004463358023199404,6.1000000000000005
79.00013142919728,0.6578919,0.004179806251658443,11.600000000000001
80.00013333396825,0.6171509,0.004155225691974186,11.600000000000001
81.00013523873923,0.6119873,0.003870398305579156,7.9
82.0001371435102,0.7164691,0.006099919181351672,6.2
83.00013904828118,0.8757537,0.018866820174346786,2.2
84.00014095305215,0.91480607,0.035607108283157274,2.6
85.00014285782314,0.90454113,0.03606961631030065,2.6
86.0001447625941,0.9162376,0.03607496916937615,2.6
87.00014666736509,0.8889977,0.03605773766138888,2.6
88.00014857213606,0.92766535,0.036114017383131934,2.5
89.00015047690704,0.9058218,0.036144628609464005,2.5
90.000152381678,0.8493354,0.03615954190696381,2.5
91.00015428644899,0.9368851,0.036196806193747946,2.5
92.00015619121996,0.7828939,0.03590154662307806,3.2
93.00015809599094,0.5550094,0.031270284132703524,3.2
94.00016000076191,0.54828376,0.00815250999677506,4.5
95.00016190553288,0.65674615,0.0059259661542101025,7.0
96.00016381030386,0.55064505,0.006712476821288767,9.3
97.00016571507483,0.6171126,0.007441550262235246,14.0
98.00016761984581,0.40358794,0.007184110840815665,14.0
99.00016952461678,0.7685814,0.07122376980279224,2.4000000000000004
100.00017142938776,0.9252946,0.16706420201289035,1.6
101.00017333415873,0.9111074,0.16713474107977644,1.6
102.00017523892971,0.9403182,0.16713170303235364,1.6
103.00017714370068,0.8257316,0.16712755533276086,1.6
104.00017904847167,0.84455276,0.16712515042057877,1.6
105.00018095324263,0.93909514,0.16712391087555722,1.6
106.00018285801362,0.95112824,0.1670877669111758,1.6
107.00018476278458,0.96524197,0.16707082251149188,1.6
108.00018666755555,0.9535579,0.16707208642596202,1.6
109.00018857232654,0.8477152,0.15131533358063587,5.300000000000001
110.0001904770975,0.63751495,0.007614287978944574,5.2
111.00019238186849,0.6345345,0.005039375980884874,7.7
112.00019428663946,0.5533417,0.004906155363659591,7.7
113.00019619141044,0.57839936,0.0043596237025029,4.5
114.0001980961814,0.45881745,0.003915812452198143,4.5
115.00020000095239,0.45066175,0.003968798548654449,4.5
116.00020190572336,0.5002203,0.0036220440445117403,4.5
117.00020381049434,0.6539565,0.0033657766190772326,4.5
118.00020571526531,0.5735887,0.004479861591449933,10.9
119.00020762003629,0.7075246,0.004061290584925016,5.5
120.00020952480726,0.6242702,0.004376454862402798,5.4
121.00021142957823,0.6700947,0.005113445623682783,5.4
122.00021333434921,0.7045151,0.08172877791475261,1.7000000000000002
123.00021523912018,0.74073535,0.0878133072728085,1.7000000000000002
124.00021714389116,0.70898867,0.08790177475441911,1.7000000000000002
125.00021904866213,0.7589205,0.08826303326379689,1.7000000000000002
126.00022095343311,0.76001555,0.08831116442222527,1.7000000000000002
127.00022285820408,0.7197886,0.09771586209518628,1.8
128.00022476297505,0.82842016,0.11277711812416812,1.8
129.00022666774603,0.82015246,0.11380854288487996,1.8
130.00022857251702,0.8291449,0.11385104767968453,1.8
131.00023047728797,0.8725555,0.11383220242056423,1.8
132.00023238205898,0.68755823,0.07946896865795137,1.8
133.00023428682994,0.93692267,0.07275056381848768,1.9000000000000001
134.00023619160092,0.92489296,0.07270910160058634,1.9000000000000001
135.0002380963719,0.9626028,0.0724207479716267,1.9000000000000001
136.00024000114286,0.9099442,0.07396945142432276,1.9000000000000001
137.00024190591384,0.9505764,0.11169078102024046,1.4000000000000001
138.00024381068482,0.92017615,0.11827865749234602,4.9
139.00024571545578,0.8560596,0.11733429406379918,4.9
140.00024762022676,0.86916316,0.11732256844247048,4.800000000000001
141.00024952499774,0.92244905,0.11748749189508231,4.800000000000001
142.00025142976872,0.93315613,0.11747269884035329,4.9
143.00025333453968,0.9337933,0.12207437111068654,4.9
144.00025523931066,0.93441916,0.12222437455017866,4.9
145.00025714408164,0.94359565,0.12215893943644718,4.9
146.00025904885263,0.9795488,0.12121493990850166,4.9
147.00026095362358,0.8961336,0.07729838513771428,2.4000000000000004
148.00026285839456,0.9283087,0.03542199073831914,3.0
149.00026476316555,0.93986565,0.03912939134047395,3.0
150.0002666679365,0.8196402,0.03899988453605955,2.9000000000000004
151.00026857270748,0.8015539,0.03964932431627494,1.9000000000000001
152.00027047747847,0.69375616,0.0751477117722379,1.4000000000000001
153.00027238224945,0.74492913,0.06801729228212212,1.3
154.0002742870204,0.6737146,0.06840133059849236,1.3
155.0002761917914,0.6613523,0.06940736498365666,1.3
156.00027809656237,0.66090244,0.07106610790811622,1.3
157.00028000133335,0.9122692,0.07335198690789954,1.3
158.0002819061043,0.8289881,0.07638234468215455,1.3
159.0002838108753,0.8394992,0.08849616053815348,1.5
160.00028571564627,0.9148433,0.08853247813718178,1.5
161.00028762041725,0.93682945,0.0880733386934871,1.5
162.0002895251882,0.7869758,0.06094238793944816,2.9000000000000004
163.0002914299592,0.8977786,0.06294034702886508,3.7
164.00029333473017,0.94685245,0.09553565752667502,2.2
165.00029523950113,0.95415986,0.09890821053129105,2.4000000000000004
166.0002971442721,0.9621593,0.11474238736505818,1.3
167.0002990490431,0.9597609,0.11319734615754407,1.8
168.00030095381408,0.82744074,0.11102602031921505,1.8
169.00030285858503,0.8207087,0.10031849766111411,1.8
170.000304763356,0.8549359,0.1002429298505766,1.8
171.000306668127,0.6715898,0.10023212995951859,1.8
172.00030857289798,0.6425482,0.10011297250652208,1.8
173.00031047766893,0.77524656,0.09839624127984116,1.8
174.00031238243992,0.8203938,0.06648721560281265,1.4000000000000001
175.0003142872109,0.7573443,0.06030285967376105,9.9
176.00031619198188,0.76906365,0.002252730568378005,10.200000000000001
177.00031809675284,0.7398963,0.002259628015644558,10.200000000000001
178.00032000152382,0.72162765,0.0022130811840076923,10.200000000000001
179.0003219062948,0.751569,0.0022052931903543405,10.200000000000001
180.00032381106575,0.714775,0.0022125425595967622,10.200000000000001
181.00032571583674,0.7759258,0.0015291118125562396,11.600000000000001
182.00032762060772,0.7770329,0.0014840434001248816,8.9
183.0003295253787,0.7832434,0.0014813158860414856,10.100000000000001
184.00033143014966,0.79879117,0.0015719768300090308,15.0
185.00033333492064,0.7991018,0.0016013668680472256,10.0
186.00033523969162,0.7874045,0.0016303354325028217,10.0
187.0003371444626,0.793751,0.0016263656552717618,10.0
188.00033904923356,0.7870746,0.0016002486646912886,10.0
189.00034095400454,0.80486184,0.0015646503563106328,10.0
190.00034285877553,0.78073144,0.0015744757321143638,10.0
191.00034476354648,0.7786695,0.0015596315414633086,11.5
192.00034666831746,0.78881437,0.0015647401444506795,11.5
193.00034857308844,0.7784632,0.00156104620972061,11.5
194.00035047785943,0.79107016,0.0014739939894245692,11.5
195.00035238263038,0.7872826,0.0014952902456346114,11.5
196.00035428740136,0.76287687,0.001606531128997813,11.5
197.00035619217235,0.78152734,0.0016510203078184257,11.100000000000001
198.00035809694333,0.77799207,0.0016357934445274287,11.100000000000001
199.00036000171428,0.77401793,0.001653017575201604,11.100000000000001
200.00036190648527,0.76951283,0.0016296749845494062,11.100000000000001
201.00036381125625,0.7694886,0.001633352319789456,11.100000000000001
202.00036571602723,0.7725273,0.0016450820575545848,11.100000000000001
203.0003676207982,0.78898835,0.0017047406698312317,11.100000000000001
204.00036952556917,0.7666688,0.0017306087748481481,11.100000000000001
205.00037143034015,0.7234346,0.001772625788558967,11.4
206.0003733351111,0.7616585,0.0017031870685944707,12.200000000000001
207.0003752398821,0.756527,0.0016777577298090036,15.0
208.00037714465307,0.74880874,0.0017110821415648562,11.4
209.00037904942405,0.72151875,0.0017500673940475694,15.0
210.000380954195,0.72625256,0.0018074753526638387,15.0
211.000382858966,0.7307557,0.0018202324753070003,15.0
212.00038476373697,0.7419493,0.0018313984960604361,15.0
213.00038666850796,0.7258206,0.001806252039880834,15.0
214.0003885732789,0.72923225,0.0018100005892765464,15.0
215.0003904780499,0.75153446,0.0017249672919888057,15.0
216.00039238282088,0.76525086,0.0024044331415645223,15.0
217.00039428759186,0.6717747,0.005076367751555552,15.0
218.0003961923628,0.6360385,0.005087293345288175,15.0
219.0003980971338,0.64427286,0.00506477284082964,15.0
220.00040000190478,0.6450412,0.0050540577735619955,15.0
221.00040190667573,0.66395015,0.005052170087056713,15.0
222.00040381144672,0.6557907,0.005061233381297367,14.700000000000001
223.0004057162177,0.7269401,0.005053180814647884,14.9
224.00040762098868,0.6901114,0.005056272931647517,14.9
225.00040952575964,0.6498766,0.005052276602278595,14.9
226.00041143053062,0.61217946,0.004769050544690049,14.9
227.0004133353016,0.7774702,0.0016604636869646699,11.5
228.00041524007258,0.78433084,0.0015924821671419946,11.5
229.00041714484354,0.7673574,0.0017105214642249508,11.5
230.00041904961452,0.7520338,0.0017460081701803562,11.5
231.0004209543855,0.6888455,0.0029843405598560914,11.5
232.00042285915646,0.69891816,0.003506597595025632,9.8
233.00042476392744,0.6874448,0.003769024539448426,12.5
234.00042666869842,0.70657676,0.004065545288065709,9.8
235.0004285734694,0.6905329,0.004163270605139378,9.0
236.00043047824036,0.725935,0.0042133538708815765,9.0
237.00043238301134,0.8027125,0.0055118101403853325,14.8
238.00043428778233,0.8533201,0.006303067205673738,14.8
239.0004361925533,0.86413896,0.006578007178483777,9.0
240.00043809732426,0.94123507,0.006664762834313349,9.0
241.00044000209525,0.90784013,0.006358337594219788,12.600000000000001
242.00044190686623,0.8990601,0.006290514964837505,14.0
243.0004438116372,0.8815085,0.0061624853564467485,14.8
244.00044571640817,0.90731204,0.005973099770730248,14.8
245.00044762117915,0.80754185,0.005982800130214695,15.0
246.00044952595013,0.8322106,0.006074961085377365,15.0
247.00045143072109,0.7447997,0.004941424619073369,12.4
248.00045333549207,0.8319001,0.003911096928756946,15.0
249.00045524026305,0.6850734,0.0033851555620202415,7.4
250.00045714503403,0.71796745,0.003488733992595821,13.9
251.000459049805,0.6995852,0.003322856999158459,4.3
252.00046095457597,0.76515007,0.002912083905407175,13.9
253.00046285934695,0.73401356,0.0028897162478488214,13.9
254.00046476411794,0.79197747,0.0028901491391870307,13.9
255.0004666688889,0.6974931,0.0029868532089433577,13.9
256.0004685736599,0.7615729,0.003767874482125207,14.0
257.0004704784309,0.8117691,0.009485052028307902,14.5
258.00047238320184,0.87494063,0.012294331810614808,2.5
259.0004742879728,0.79986054,0.013792642270502115,2.2
260.0004761927438,0.8109088,0.014083210564176047,12.0
261.00047809751476,0.43613964,0.037029373498250175,3.5
262.0004800022857,0.5105876,0.044836385430763064,3.5
263.0004819070567,0.58247143,0.04653218207607998,3.5
264.0004838118277,0.60428905,0.04716144007452155,3.5
265.00048571659863,0.8458003,0.048410576785918036,3.5
266.00048762136964,0.5520729,0.048569661044766115,3.5
267.0004895261406,0.74129725,0.04786670176966729,3.5
268.00049143091155,0.7745902,0.04727185528075368,3.5
269.00049333568256,0.6517535,0.04698470123627162,3.5
270.0004952404535,0.7329423,0.047233296934474374,3.5
271.00049714522453,0.8533635,0.032737112156698334,14.3
272.0004990499955,0.7725574,0.02057452449366903,11.5
273.00050095476644,0.85411394,0.020053589606199653,2.1
274.00050285953745,0.8922785,0.019750973300923395,11.100000000000001
275.0005047643084,0.67112523,0.017486723333235348,11.100000000000001
276.00050666907936,0.7039146,0.017217591063007173,3.7
277.00050857385037,0.48957905,0.017340949274700635,3.7
278.0005104786213,0.34233734,0.017446518694548604,0.1
279.0005123833923,0.5824171,0.017244100911984035,3.7
280.0005142881633,0.7565492,0.016694942026209914,5.1000000000000005
281.00051619293424,0.6678562,0.016213105117993138,3.7
282.00051809770525,0.87600464,0.01647329760100253,3.9000000000000004
283.0005200024762,0.90945673,0.026470113865179775,5.9
284.00052190724716,0.95262456,0.058044095162086605,1.7000000000000002
285.0005238120182,0.9567668,0.05775626963629063,2.0
286.0005257167891,0.957992,0.05772604117558756,1.7000000000000002
287.0005276215601,0.9557088,0.05771827263607083,1.7000000000000002
288.0005295263311,0.9506227,0.057705357924273094,1.7000000000000002
289.00053143110205,0.96439093,0.057770951857652,1.7000000000000002
290.000533335873,0.96801823,0.05766367605509446,1.7000000000000002
291.000535240644,0.95529264,0.05769182374691788,1.9000000000000001
292.00053714541497,0.96470004,0.057581963240453934,1.9000000000000001
293.000539050186,0.9618416,0.05235046901878843,1.9000000000000001
294.00054095495693,0.72770333,0.005058669810959355,11.200000000000001
295.0005428597279,0.9418202,0.0522262963424048,1.8
296.0005447644989,0.8124216,0.05255903700806675,1.8
297.00054666926985,0.7589833,0.052654546364320376,1.8
298.0005485740408,0.87471163,0.0527922470513757,1.8
299.0005504788118,0.9350004,0.05282920960683333,1.8
300.0005523835828,0.9167549,0.052874192659790785,1.8
301.0005542883537,0.9193987,0.05290023804125609,1.8
302.00055619312474,0.63973206,0.05285928619077341,1.9000000000000001
303.0005580978957,0.63490915,0.05283111730750372,1.9000000000000001
304.0005600026667,0.7098997,0.0531210617523899,1.9000000000000001
305.00056190743766,0.4949593,0.01600437562722646,1.7000000000000002
306.0005638122086,0.20096256,0.015406439723867979,0.1
307.0005657169796,0.13221087,0.015512090898618075,0.1
308.0005676217506,0.13213313,0.015252520172977005,0.1
309.00056952652153,0.42270845,0.015042566740004773,0.1
310.00057143129254,0.27468738,0.01488626547973643,0.1
311.0005733360635,0.41788548,0.014630145826857953,1.6
312.0005752408345,0.32932132,0.014586192298021328,1.6
313.00057714560546,0.49499288,0.014498872136919921,1.6
314.0005790503764,0.54979384,0.01328480375394721,2.1
315.0005809551474,0.8135592,0.03951563016240954,5.0
316.0005828599184,0.71512204,0.03989610602096836,5.0
317.00058476468934,0.7259248,0.039880441033627645,5.0
318.00058666946035,0.6491093,0.03989570722617934,5.0
319.0005885742313,0.7739269,0.04009906186788551,5.0
320.00059047900226,0.70574975,0.04031781677797463,5.0
321.00059238377327,0.6688431,0.04077499618126577,5.0
322.0005942885442,0.77342975,0.04087432323119629,5.0
323.00059619331523,0.7657778,0.04088793238222385,5.0
324.0005980980862,0.6934652,0.04100386503483879,4.7
325.00060000285714,0.501562,0.011729899558158827,4.2
326.00060190762815,0.4325483,0.011034292187559833,4.1000000000000005
327.0006038123991,0.23745972,0.01123340827378918,4.1000000000000005
328.00060571717006,0.16842777,0.013014836914318132,4.1000000000000005
329.00060762194107,0.31895337,0.014244540590683568,6.1000000000000005
330.000609526712,0.1962603,0.014090017889840564,5.800000000000001
331.000611431483,0.2309925,0.013147609306954751,11.200000000000001
332.000613336254,0.17275505,0.014282073211420963,6.1000000000000005
333.00061524102495,0.13244271,0.015088162900860536,5.800000000000001
334.00061714579596,0.39860073,0.01605082172083048,5.800000000000001
335.0006190505669,0.28574628,0.016235211539702067,5.800000000000001
336.00062095533787,0.22088656,0.01590901388947521,5.800000000000001
337.0006228601089,0.27766606,0.015868565596892408,5.800000000000001
338.00062476487983,0.17075986,0.014448410714950346,5.800000000000001
339.0006266696508,0.33120352,0.013544198404428056,7.9
340.0006285744218,0.33055517,0.013068842362580888,5.1000000000000005
341.00063047919275,0.49549964,0.013315792643576761,4.4
342.00063238396376,0.33289728,0.01565482313704786,4.4
343.0006342887347,0.28380522,0.016211710817976305,4.4
344.00063619350567,0.40311897,0.01566115801170286,3.5
345.0006380982767,0.26890576,0.01562708290459491,8.200000000000001
346.00064000304764,0.416337,0.015356519323004416,3.5
347.0006419078186,0.4051896,0.015385216008214117,3.5
348.0006438125896,0.37126377,0.01592180845668162,3.5
349.00064571736056,0.29550394,0.016249404998312275,3.5
350.0006476221315,0.3644828,0.016210713145402157,8.200000000000001
351.0006495269025,0.28220928,0.015614231242289623,3.9000000000000004
352.0006514316735,0.5087429,0.014707539294136004,2.2
353.0006533364445,0.7409922,0.0135509905146842,3.1
354.00065524121544,0.7516944,0.01274066860420442,7.800000000000001
355.0006571459864,0.63927233,0.014761112681043012,3.2
356.0006590507574,0.38996932,0.016046455029503744,3.2
357.00066095552836,0.7149832,0.01661092253109087,3.2
358.0006628602993,0.59511244,0.01620619891037829,3.2
359.0006647650703,0.6286457,0.017244686977170944,5.1000000000000005
360.0006666698413,0.50514865,0.017943988798175284,5.1000000000000005
361.00066857461223,0.44996542,0.018111812325226077,5.1000000000000005
362.00067047938325,0.41874537,0.015927761703935527,5.1000000000000005
363.0006723841542,0.66492176,0.015807081474740754,5.1000000000000005
364.0006742889252,0.41526785,0.01713115800771934,4.800000000000001
365.00067619369617,0.535721,0.015972010176707636,4.800000000000001
366.0006780984671,0.6042622,0.014876625390684607,7.0
367.00068000323813,0.18220872,0.016614327273031613,0.2
368.0006819080091,0.49287075,0.017787623302786416,0.2
369.00068381278004,0.5989047,0.015949503463276754,12.9
370.00068571755105,0.78586817,0.015345269242505413,3.6
371.000687622322,0.67556727,0.016222304449134976,12.9
372.00068952709296,0.71253127,0.018597635820948668,12.9
373.00069143186397,0.77382296,0.027663874019211325,4.9
374.0006933366349,0.6684997,0.028793600735285318,4.9
375.00069524140594,0.6635933,0.02903093332742591,4.9
376.0006971461769,0.6430171,0.02947143955452723,4.6000000000000005
377.00069905094784,0.69188726,0.028243044106774275,4.5
378.00070095571886,0.9313716,0.027504774548866233,4.6000000000000005
379.0007028604898,0.63278097,0.03116833555690604,4.1000000000000005
380.00070476526076,0.7748479,0.04814869311408766,4.1000000000000005
381.0007066700318,0.9101376,0.04790929800255885,4.1000000000000005
382.00070857480273,0.94789636,0.04706238451836676,4.7
383.00071047957374,0.9551723,0.042325246376339706,4.1000000000000005
384.0007123843447,0.84751976,0.04113337054212333,3.9000000000000004
385.00071428911565,0.8868694,0.04066736506978557,3.9000000000000004
386.00071619388666,0.88827056,0.040235162389142674,3.9000000000000004
387.0007180986576,0.95255166,0.040174715384703366,4.1000000000000005
388.00072000342857,0.9607773,0.0400986862718648,4.1000000000000005
389.0007219081996,0.86391085,0.037172599159514784,12.3
390.00072381297053,0.8064645,0.006591666699974258,5.7
391.0007257177415,0.73487794,0.005735954980213688,8.8
392.0007276225125,0.72055525,0.005231304490563983,12.5
393.00072952728345,0.61607975,0.005055069193076309,12.5
394.00073143205447,0.7096565,0.004626739848759669,8.700000000000001
395.0007333368254,0.674088,0.004315776787922887,7.1000000000000005
396.0007352415964,0.7287404,0.004594625417321319,7.1000000000000005
397.0007371463674,0.6190262,0.00515533597944614,7.1000000000000005
398.00073905113834,0.70855486,0.005235038419765537,3.7
399.0007409559093,0.6934874,0.0054245885448111555,3.7
400.0007428606803,0.71815956,0.005741298706246837,3.7
401.00074476545126,0.6258187,0.006114073440425148,7.5
402.0007466702222,0.3916434,0.006836051537964313,3.8000000000000003
403.0007485749932,0.34665948,0.008393388265233902,3.6
404.0007504797642,0.45615536,0.00817914063708492,3.8000000000000003
405.0007523845352,0.243801,0.00822671203518605,0.1
406.00075428930614,0.5139699,0.007950173446257617,0.1
407.0007561940771,0.6721603,0.007470827513641809,0.1
408.0007580988481,0.72893,0.007616523440257336,0.1
409.00076000361906,0.49938297,0.0074617949235905425,0.1
410.00076190839,0.73855746,0.007510553862411478,0.1
411.00076381316103,0.75563014,0.0074072266892654,0.1
412.000765717932,0.6775672,0.006817025544127131,0.1
413.00076762270294,0.37948406,0.005471679209300187,0.1
414.00076952747395,0.4334721,0.005641550678785405,4.3
415.0007714322449,0.38586077,0.006049638785636497,4.3
416.0007733370159,0.18595368,0.006803913661446751,5.4
417.00077524178687,0.2037,0.010191869756843957,2.9000000000000004
418.0007771465578,0.22269087,0.010522718422036684,2.6
419.00077905132883,0.37542674,0.010834980912722225,2.6
420.0007809560998,0.76894706,0.011094627617979882,2.6
421.00078286087074,0.6468912,0.011062860143017765,5.1000000000000005
422.00078476564175,0.5225711,0.011011312503115529,5.1000000000000005
423.0007866704127,0.80949193,0.010958331405454992,6.300000000000001
424.0007885751837,0.62250894,0.026369560655441902,3.7
425.0007904799547,0.5316493,0.031855860454806297,3.7
426.0007923847256,0.76515424,0.03319279317096879,3.0
427.00079428949664,0.3536119,0.03276700274309723,3.9000000000000004
428.0007961942676,0.5040279,0.03301436902290862,3.5
429.00079809903855,0.16475539,0.03314464203868124,3.0
430.00080000380956,0.49973905,0.0330439208400348,3.4000000000000004
431.0008019085805,0.59552664,0.03303076857641419,3.5
432.00080381335147,0.19665922,0.03414970946450511,3.0
433.0008057181225,0.29163828,0.0346823217885087,3.0
434.00080762289343,0.3068272,0.025437201592632155,2.8000000000000003
435.00080952766444,0.77451617,0.01815966528212672,3.7
436.0008114324354,0.5809379,0.01555232273365118,2.6
437.00081333720635,0.6239289,0.014856379395318897,2.6
438.00081524197736,0.7097309,0.01639808796911162,2.6
439.0008171467483,0.17546268,0.018175962059097755,6.300000000000001
440.0008190515193,0.37476525,0.018931249920627075,6.300000000000001
441.0008209562903,0.141604,0.019497918796778074,6.300000000000001
442.00082286106124,0.19319731,0.019820602830583296,4.800000000000001
443.0008247658322,0.09924799,0.019304938646808656,6.1000000000000005
444.0008266706032,0.43609443,0.03244276020974498,3.1
445.00082857537416,0.20044458,0.039981933383698466,2.6
446.00083048014517,0.7741008,0.054939000531885454,6.1000000000000005
447.0008323849161,0.4923911,0.05537825139405122,6.1000000000000005
448.0008342896871,0.37839463,0.055942599924212424,2.9000000000000004
449.0008361944581,0.5801256,0.0651668182970449,2.9000000000000004
450.00083809922904,0.65704507,0.06515407873324727,2.9000000000000004
451.000840004,0.44877848,0.06507630771818565,2.9000000000000004
452.000841908771,0.72015595,0.06441278112820906,2.9000000000000004
453.00084381354196,0.625607,0.06430355224626441,2.9000000000000004
454.0008457183129,0.8834711,0.05862914651493064,2.0
455.0008476230839,0.8938188,0.0537379091750239,6.0
456.0008495278549,0.8559961,0.03839638953477153,13.0
457.0008514326259,0.8070644,0.03766806143619811,13.0
458.00085333739685,0.77743286,0.035732854638180836,12.200000000000001
459.0008552421678,0.6585718,0.009929009622467472,8.5
460.0008571469388,0.69789916,0.008471354395473807,11.4
461.00085905170977,0.9142816,0.05334080779367178,12.9
462.0008609564807,0.8584892,0.05341901683141398,12.100000000000001
463.00086286125173,0.76915765,0.05470614476401486,12.100000000000001
464.0008647660227,0.49499077,0.05541162083391304,12.100000000000001
465.0008666707937,0.5770882,0.05586846040814452,12.100000000000001
466.00086857556465,0.6701393,0.05576537907835231,2.5
467.0008704803356,0.71669793,0.05614845277807064,12.100000000000001
468.0008723851066,0.8409735,0.05661125077971426,12.100000000000001
469.0008742898776,0.8502145,0.05715132533363283,12.100000000000001
470.0008761946485,0.64105624,0.05827163224365919,2.5
471.00087809941954,0.2756013,0.024862984461712197,2.5
472.0008800041905,0.06296027,0.02585113176766752,3.0
473.00088190896145,0.1628598,0.023120161520967936,3.7
474.00088381373246,0.21242335,0.02216697329628337,3.0
475.0008857185034,0.21219519,0.02192600152923217,4.7
476.0008876232744,0.11045918,0.022719916269345986,4.3
477.0008895280454,0.1562811,0.022455389208620797,4.3
478.00089143281633,0.0939011,0.021677633751804634,4.3
479.00089333758734,0.09524797,0.020366044154399493,4.3
480.0008952423583,0.15549383,0.016703262092786827,9.3
481.00089714712925,0.108408235,0.016517804847412654,9.3
482.00089905190026,0.33995777,0.014562066375747409,10.100000000000001
483.0009009566712,0.22170565,0.01449711793456166,10.100000000000001
484.00090286144217,0.4253466,0.013297673762593384,10.100000000000001
485.0009047662132,0.41133976,0.012150000740691877,10.100000000000001
486.00090667098414,0.17885901,0.012875302724282934,3.5
487.00090857575515,0.1823197,0.011652775246398616,10.9
488.0009104805261,0.3721717,0.01193542320019161,0.1
489.00091238529706,0.4385987,0.013653376526625318,0.1
490.00091429006807,0.6460416,0.015076473406774036,3.2
491.000916194839,0.7007653,0.017618447305055563,9.600000000000001
492.00091809961,0.6709799,0.01782965435429294,9.600000000000001
493.000920004381,0.57051826,0.018776520289341434,9.600000000000001
494.00092190915194,0.54847807,0.020049365735758846,9.600000000000001
495.0009238139229,0.728185,0.02003659358492147,9.600000000000001
496.0009257186939,0.22678365,0.01843741448363015,9.600000000000001
497.00092762346486,0.092495635,0.018729425029723506,11.0
498.0009295282359,0.1913398,0.0182287888151224,10.600000000000001
499.0009314330068,0.2640248,0.01725822386683477,4.2
500.0009333377778,0.3157298,0.01789492536175691,4.2
501.0009352425488,0.25400636,0.015736001807083566,4.2
502.00093714731975,0.1536662,0.015482665906351995,4.2
503.0009390520907,0.5483008,0.014265700538976927,10.8
504.0009409568617,0.43258175,0.012259644736627476,2.8000000000000003
505.00094286163267,0.19931057,0.012622397916578243,10.700000000000001
506.0009447664037,0.19727755,0.012781191532815392,10.700000000000001
507.00094667117463,0.38307124,0.012506722825906738,4.7
508.0009485759456,0.42321083,0.012317003320983707,2.4000000000000004
509.0009504807166,0.4508351,0.011917769709708452,2.4000000000000004
510.00095238548755,0.5531755,0.008998101963861539,7.7
511.0009542902585,0.6530788,0.008428598139999095,2.4000000000000004
512.0009561950295,0.80351704,0.008487104711668775,2.4000000000000004
513.0009580998005,0.86820275,0.008142370275427668,2.4000000000000004
514.0009600045714,0.8684885,0.00941134458445631,13.4
515.0009619093424,0.85657215,0.008725808905303882,13.4
516.0009638141134,0.85960287,0.009001015298039797,13.4
517.0009657188843,0.889741,0.008868224555676605,13.4
518.0009676236554,0.8658125,0.008753373384378857,10.4
519.0009695284264,0.9115711,0.009501549139796991,4.800000000000001
520.0009714331973,0.90815854,0.009927051887494938,4.800000000000001
521.0009733379683,0.8540977,0.011775278311688713,4.800000000000001
522.0009752427393,0.36085886,0.013415111181041953,6.4
523.0009771475102,0.51425916,0.013919477329075879,6.4
524.0009790522812,0.5992636,0.013464819613541394,6.4
525.0009809570522,0.59797883,0.013300222297039727,6.4
526.0009828618231,0.5257122,0.012928050163638483,3.2
527.0009847665941,0.28062403,0.013136467685206099,3.2
528.0009866713651,0.30213055,0.013574265117811492,6.300000000000001
529.000988576136,0.12496009,0.015908807738758187,6.4
530.000990480907,0.070141114,0.01769559507099853,4.1000000000000005
531.000992385678,0.10972971,0.016531372496857655,4.1000000000000005
532.0009942904491,0.102302186,0.015582312572508878,4.1000000000000005
533.00099619522,0.079728276,0.015049016323519734,4.1000000000000005
534.000998099991,0.16528328,0.014773623242018212,4.1000000000000005
535.001000004762,0.17144531,0.014684658706170218,4.1000000000000005
536.0010019095329,0.21432796,0.01762060125029275,3.9000000000000004
537.0010038143039,0.24109727,0.0187478472859527,3.9000000000000004
538.0010057190749,0.3091031,0.018999778271106885,3.9000000000000004
539.0010076238458,0.54110277,0.01707395744896056,7.800000000000001
540.0010095286168,0.5515836,0.015384650270009558,7.800000000000001
541.0010114333878,0.78411406,0.01842293913911734,7.800000000000001
542.0010133381587,0.9568453,0.01868913641674615,5.800000000000001
543.0010152429297,0.9732347,0.01874942336181572,9.600000000000001
544.0010171477007,0.9897683,0.018638481897407955,5.800000000000001
545.0010190524716,0.97703844,0.018503919183113556,9.600000000000001
546.0010209572426,0.94375545,0.01711991239468651,5.1000000000000005
547.0010228620137,0.9659117,0.01664691848431736,5.5
548.0010247667846,0.9179473,0.0166966315255359,5.5
549.0010266715556,0.91625816,0.019031282192055285,5.5
550.0010285763266,0.91736686,0.019141082369742848,5.5
551.0010304810975,0.9368327,0.01776660513595772,4.0
552.0010323858685,0.8778439,0.017288174363014424,3.2
553.0010342906395,0.8522427,0.01782617710921087,4.0
554.0010361954105,0.6457792,0.021615057923016007,3.2
555.0010381001814,0.8444487,0.10497225653795679,2.1
556.0010400049524,0.89472586,0.10960743176147647,2.1
557.0010419097234,0.90548396,0.10990427469254319,2.2
558.0010438144943,0.8880179,0.11439069392089996,2.3000000000000003
559.0010457192653,0.9688393,0.12503745535155572,2.3000000000000003
560.0010476240363,0.9531809,0.1251682365698282,2.3000000000000003
561.0010495288072,0.9571025,0.12519774602526734,2.3000000000000003
562.0010514335783,0.9805915,0.1253058104268095,2.3000000000000003
563.0010533383493,0.9446887,0.12526244506172138,2.3000000000000003
564.0010552431202,0.93368524,0.12471619399747515,2.3000000000000003
565.0010571478912,0.8831909,0.07094931720564325,2.2
566.0010590526622,0.8208731,0.06334020881136294,2.3000000000000003
567.0010609574331,0.7970218,0.06248832526343812,2.2
568.0010628622041,0.7349631,0.053650651405946326,2.5
569.0010647669751,0.74859107,0.014714858103326865,6.2
570.001066671746,0.65478855,0.013735095019848825,4.1000000000000005
571.001068576517,0.8366109,0.012159057241786588,4.4
572.001070481288,0.7090529,0.012381902340163276,4.4
573.001072386059,0.7213026,0.017242091860758677,5.300000000000001
574.0010742908299,0.5451335,0.019174133468837052,5.300000000000001
575.001076195601,0.28898394,0.018943542084565296,5.300000000000001
576.001078100372,0.40143502,0.01891013182089832,5.300000000000001
577.0010800051429,0.25799164,0.019047273316345942,5.300000000000001
578.0010819099139,0.118404314,0.019062588326185872,5.300000000000001
579.0010838146849,0.7956358,0.08374277496123379,2.0
580.0010857194558,0.92040217,0.08371659603684226,2.0
581.0010876242268,0.8686606,0.08369740851501424,2.0
582.0010895289978,0.8927053,0.08350756514620061,2.0
583.0010914337687,0.84951645,0.08264263785238045,2.0
584.0010933385397,0.9387801,0.08690620393458821,2.1
585.0010952433107,0.9347774,0.09083820562356791,2.1
586.0010971480816,0.78104144,0.09207045907195198,1.9000000000000001
587.0010990528526,0.7832782,0.1086813409564344,1.7000000000000002
588.0011009576236,0.5023676,0.10991641577186849,2.3000000000000003
589.0011028623945,0.5951642,0.075789750144153,1.6
590.0011047671655,0.4915173,0.08829027219182128,1.6
591.0011066719366,0.47295013,0.14728108964391434,2.3000000000000003
592.0011085767075,0.48320246,0.14783875584420833,2.3000000000000003
593.0011104814785,0.5267223,0.1488276233434393,2.3000000000000003
594.0011123862495,0.6339708,0.14664045496314318,2.2
595.0011142910205,0.887834,0.14458848760865262,2.2
596.0011161957914,0.96234685,0.144041972347902,2.3000000000000003
597.0011181005624,0.97173756,0.13204056349099372,2.2
598.0011200053334,0.97163635,0.1385196443906166,2.2
599.0011219101043,0.9611996,0.1391151649413546,2.2
600.0011238148753,0.9493996,0.131590099845719,2.6
601.0011257196463,0.919965,0.05881352303677783,2.8000000000000003
602.0011276244172,0.72601473,0.05786075439390503,3.2
603.0011295291882,0.8241069,0.055900697219714544,3.2
604.0011314339592,0.61546904,0.0563435521873696,2.9000000000000004
605.0011333387301,0.36810288,0.07192899084254264,1.1
606.0011352435012,0.7691989,0.10052745063465102,2.2
607.0011371482722,0.68916506,0.10035698037705243,2.6
608.0011390530431,0.7343693,0.08973690562194855,1.7000000000000002
609.0011409578141,0.6939335,0.08749772298872462,1.3
610.0011428625851,0.84169656,0.09485726370652504,2.6
611.001144767356,0.7553302,0.09479354159744323,2.6
612.001146672127,0.88019955,0.09456624010394177,2.6
613.001148576898,0.9218829,0.09404526171477257,2.4000000000000004
614.001150481669,0.93032044,0.09359518992392185,2.4000000000000004
615.0011523864399,0.8377317,0.10637677956636322,2.9000000000000004
616.0011542912109,0.84404117,0.07893390874187674,2.4000000000000004
617.0011561959819,0.84643394,0.0789590167732456,2.4000000000000004
618.0011581007528,0.7887445,0.07898314164538535,2.4000000000000004
619.0011600055238,0.7943683,0.07857785025191623,2.2
620.0011619102949,0.7099071,0.06898152771313687,2.4000000000000004
621.0011638150658,0.837027,0.06895956395451097,2.3000000000000003
622.0011657198368,0.77376217,0.0692167083569331,2.5
623.0011676246078,0.71490157,0.06927004066322243,2.5
624.0011695293787,0.81118494,0.06926129114301914,2.5
625.0011714341497,0.44524372,0.010374985693386421,6.2
626.0011733389207,0.3840009,0.01166491443263555,14.4
627.0011752436916,0.61757,0.012636645531112253,0.2
628.0011771484626,0.82755584,0.047354491118745144,2.4000000000000004
629.0011790532336,0.87832534,0.06327887040124162,1.6
630.0011809580045,0.8960082,0.06308303310486583,1.3
631.0011828627755,0.9611575,0.06301540111582489,1.3
632.0011847675465,0.98913366,0.06272183727852097,1.3
633.0011866723174,0.9943598,0.06265182018262523,1.3
634.0011885770884,0.9903313,0.06264143063943071,1.3
635.0011904818595,0.9937045,0.06266753993422514,1.7000000000000002
636.0011923866305,0.9748755,0.06251102947646757,1.7000000000000002
637.0011942914014,0.9892642,0.06240333322104217,1.7000000000000002
638.0011961961724,0.9519067,0.04264466164842039,1.2000000000000002
639.0011981009434,0.868831,0.007226680061707976,6.6000000000000005
640.0012000057143,0.8207742,0.00686783638585765,14.8
641.0012019104853,0.7192119,0.006960453461022979,14.8
642.0012038152563,0.77901703,0.0070411146680401,6.5
643.0012057200272,0.7004594,0.006809491498859934,6.5
644.0012076247982,0.72157556,0.006910701105835442,6.5
645.0012095295692,0.7196229,0.007150075977316838,11.5
646.0012114343401,0.7342557,0.007226517967253894,11.0
647.0012133391111,0.73877627,0.00759928776489933,11.9
648.0012152438821,0.78682184,0.007777194366480606,10.9
649.001217148653,0.75166106,0.007777522030646353,8.4
650.001219053424,0.7503407,0.007516450667222814,12.0
651.0012209581951,0.6767765,0.0074329615538363475,12.0
652.001222862966,0.73722816,0.0073938369408144515,11.9
653.001224767737,0.7968264,0.007387827153672444,11.3
654.001226672508,0.837162,0.0071020021461283825,10.9
655.001228577279,0.700636,0.005980305541631208,9.700000000000001
656.0012304820499,0.72875774,0.0057773815623355885,11.100000000000001
657.0012323868209,0.66301984,0.00522667180329955,10.8
658.0012342915919,0.6672385,0.004869560438301305,10.8
659.0012361963628,0.683093,0.005781517844596469,11.0
660.0012381011338,0.7645958,0.0058262499144150015,11.0
661.0012400059048,0.7786516,0.0057380777783548565,11.0
662.0012419106757,0.7289408,0.00548943961639608,10.9
663.0012438154467,0.7416491,0.005761400523982367,10.9
664.0012457202178,0.79886675,0.005794463522067011,10.9
665.0012476249887,0.7053998,0.00574712312501287,10.9
666.0012495297597,0.78752416,0.005587665067747632,13.700000000000001
667.0012514345307,0.78531414,0.005447010594687941,14.0
668.0012533393016,0.842876,0.005370498620625285,14.0
669.0012552440726,0.7582751,0.0042774819337116346,13.600000000000001
670.0012571488436,0.7432417,0.004235016247094221,5.4
671.0012590536145,0.6787722,0.004234341352058445,11.700000000000001
672.0012609583855,0.6101233,0.0042785098357600295,5.4
673.0012628631565,0.6156008,0.004165515835571977,5.4
674.0012647679275,0.61605644,0.004453294817777084,15.0
675.0012666726984,0.55351883,0.0042026878677003466,15.0
676.0012685774694,0.5890901,0.0040227566997453786,15.0
677.0012704822404,0.5740332,0.003857115585042418,15.0
678.0012723870113,0.6021876,0.0040450679438594,15.0
679.0012742917824,0.6078299,0.004529974700083762,15.0
680.0012761965534,0.534813,0.004627444629891967,15.0
681.0012781013243,0.44927204,0.005237730883358158,5.300000000000001
682.0012800060953,0.4689497,0.006278070006529547,12.100000000000001
683.0012819108663,0.5360257,0.006147110611222098,12.100000000000001
684.0012838156372,0.7117554,0.005918742506412548,14.9
685.0012857204082,0.6965536,0.005911997283671706,14.9
686.0012876251792,0.7886654,0.005932762778226382,14.9
687.0012895299501,0.77711284,0.0059482462341494445,12.100000000000001
688.0012914347211,0.7983284,0.0056865536855415805,15.0
689.0012933394921,0.8349406,0.005244988882810828,15.0
690.001295244263,0.7490427,0.005143311863596679,10.8
691.001297149034,0.7262398,0.004495222359195565,10.8
692.001299053805,0.8133225,0.0026788940555031115,7.1000000000000005
693.0013009585759,0.8085047,0.0025416116359503853,9.0
694.001302863347,0.8133833,0.0026963484881477855,10.8
695.001304768118,0.79416645,0.0027117171254928967,10.8
696.001306672889,0.8090417,0.002852781696361538,10.100000000000001
697.0013085776599,0.84361684,0.003307589569963839,14.3
698.0013104824309,0.8079561,0.003832159014247347,10.3
699.0013123872019,0.8425412,0.003900343148016361,10.3
700.0013142919728,0.8273904,0.004249806540624899,10.3
701.0013161967438,0.89140135,0.004545051889507755,10.3
702.0013181015148,0.90456665,0.005214654310148922,10.3
703.0013200062857,0.89138824,0.005659426468999239,10.3
704.0013219110567,0.9058511,0.006203884536973121,10.3
705.0013238158277,0.8881807,0.0068134618312333355,13.5
706.0013257205986,0.92503107,0.007917479012353883,11.600000000000001
707.0013276253696,0.9160925,0.00864964497769741,11.600000000000001
708.0013295301407,0.9184153,0.008907015704948382,11.4
709.0013314349115,0.9206126,0.009094651971610317,11.5
710.0013333396826,0.9683832,0.009001788014511384,11.4
711.0013352444536,0.97707236,0.009021219336912108,11.5
712.0013371492245,0.9346054,0.008627907183302402,11.5
713.0013390539955,0.88428766,0.008347031697129444,11.5
714.0013409587665,0.92344767,0.007896437655267595,11.4
715.0013428635375,0.9039606,0.007424562012370282,11.4
716.0013447683084,0.7804267,0.00625673288911686,11.4
717.0013466730794,0.832312,0.0049610398938297745,11.4
718.0013485778504,0.7610592,0.004165166860646424,10.8
719.0013504826213,0.7534484,0.0037136894714229667,11.600000000000001
720.0013523873923,0.6408343,0.003566387339824057,14.200000000000001
721.0013542921633,0.65629584,0.003321511540283364,14.200000000000001
722.0013561969342,0.62882406,0.0034345838759425257,12.9
723.0013581017053,0.65314645,0.00343126857086328,12.9
724.0013600064763,0.5972213,0.003516392706070699,12.9
725.0013619112472,0.70225185,0.003390832894237065,7.9
726.0013638160182,0.72244847,0.003705017249007335,7.9
727.0013657207892,0.69315743,0.003836255377934287,10.200000000000001
728.0013676255601,0.7349912,0.0037788005344850726,14.8
729.0013695303311,0.82678765,0.003764287124662916,10.100000000000001
730.0013714351021,0.85632545,0.0038443563167517123,10.100000000000001
731.001373339873,0.8518688,0.003837865213285446,10.0
732.001375244644,0.82622117,0.004360949932927641,10.100000000000001
733.001377149415,0.8683234,0.004427434198601007,10.0
734.0013790541859,0.8466241,0.004386417480695138,10.0
735.0013809589569,0.85004044,0.0045195618892585636,10.0
736.0013828637279,0.7705837,0.004138885729575112,15.0
737.001384768499,0.7813362,0.004013663264429411,10.100000000000001
738.0013866732698,0.7897447,0.004001291065431886,8.700000000000001
739.0013885780409,0.76504624,0.003877266230826849,8.700000000000001
740.0013904828119,0.76946294,0.0037671116402755184,8.700000000000001
741.0013923875828,0.7155711,0.003600839980167754,8.700000000000001
742.0013942923538,0.75675195,0.0029090956944555256,8.700000000000001
743.0013961971248,0.7547865,0.0028176930241703446,14.3
744.0013981018957,0.76693994,0.002752550719719083,14.3
745.0014000066667,0.74191684,0.0026673718276768997,14.3
746.0014019114377,0.79190844,0.002732806758724087,10.5
747.0014038162086,0.7750029,0.0025989179500420143,10.9
748.0014057209796,0.7727894,0.0025183529111297504,11.200000000000001
749.0014076257506,0.7967093,0.002537732640662644,11.200000000000001
750.0014095305215,0.8104174,0.002532184596836142,13.4
751.0014114352925,0.8065991,0.0025518658888910037,13.4
752.0014133400636,0.77739316,0.0026076589932192257,13.4
753.0014152448344,0.76393783,0.002658431815035996,13.4
754.0014171496055,0.7334896,0.0026533985802550666,13.4
755.0014190543765,0.7454615,0.002623542319795442,9.8
756.0014209591475,0.7161054,0.0037127299929118076,11.4
757.0014228639184,0.6818901,0.0046606559303617266,12.5
758.0014247686894,0.76524895,0.00484754823505,8.200000000000001
759.0014266734604,0.7113333,0.005026140727295308,9.0
760.0014285782313,0.8156917,0.005320607558679688,8.200000000000001
761.0014304830023,0.8423005,0.005442332723855387,11.8
762.0014323877733,0.8119136,0.005369218353279145,4.3
763.0014342925442,0.81080925,0.005328844243541537,11.9
764.0014361973152,0.7360835,0.0053026478360661275,7.4
765.0014381020862,0.76048315,0.005352918595601747,4.3
766.0014400068571,0.71494824,0.004644919359622561,11.8
767.0014419116281,0.7063223,0.003741303519643746,11.8
768.0014438163992,0.7487669,0.003467693086434709,4.5
769.0014457211701,0.79655915,0.00344306662242235,4.1000000000000005
770.0014476259411,0.8026088,0.0031025707659913756,5.7
771.0014495307121,0.78663886,0.0028763777110406927,9.5
772.001451435483,0.7802549,0.0028312151133844652,13.8
773.001453340254,0.75016445,0.0027403158992063475,13.8
774.001455245025,0.75994885,0.0027883798280653642,9.700000000000001
775.0014571497959,0.77184695,0.0025854907778427587,9.700000000000001
776.0014590545669,0.7463671,0.0025919315517524003,14.3
777.0014609593379,0.7013184,0.0025687977478544627,14.3
778.0014628641089,0.6871977,0.002640499748558459,9.9
779.0014647688798,0.7191675,0.002382714644630462,9.9
780.0014666736508,0.73244494,0.0034240472096770643,9.8
781.0014685784218,0.62522936,0.003715618953244788,10.3
782.0014704831927,0.58319485,0.0037176763252765297,6.5
783.0014723879638,0.5627041,0.004008443024263571,6.5
784.0014742927348,0.67538214,0.004349486494408264,6.5
785.0014761975057,0.6348566,0.005155838835586596,7.4
786.0014781022767,0.69679296,0.005537745436417257,6.5
787.0014800070477,0.71332777,0.005658365259903116,6.5
788.0014819118186,0.7268714,0.005834935215036633,13.5
789.0014838165896,0.64379454,0.006072086872071615,7.4
790.0014857213606,0.6331713,0.005692181907500257,6.6000000000000005
791.0014876261315,0.64223105,0.005638840803418744,6.6000000000000005
792.0014895309025,0.6800744,0.00613145618033856,8.0
793.0014914356735,0.6834402,0.006169121540365717,9.5
794.0014933404444,0.64578295,0.006134721000498181,6.300000000000001
795.0014952452154,0.5144172,0.0056270757116475825,13.700000000000001
796.0014971499864,0.5418355,0.005579178937075521,13.700000000000001
797.0014990547575,0.55066496,0.005537428010745644,7.1000000000000005
798.0015009595284,0.4717261,0.005666398145671553,14.8
799.0015028642994,0.5134838,0.005553359625381122,14.8
800.0015047690704,0.6422709,0.005360131438451081,14.8
801.0015066738413,0.72193134,0.005275948091709999,14.8
802.0015085786123,0.6421527,0.004741103800820853,14.8
803.0015104833833,0.6900668,0.004473022663028884,9.1
804.0015123881542,0.7552183,0.0041395218026515895,11.5
805.0015142929252,0.802008,0.0039564015982325885,11.5
806.0015161976962,0.84091467,0.003441512029629123,11.9
807.0015181024671,0.87151045,0.0033112842819247924,8.5
808.0015200072381,0.7870514,0.0028429283155724317,5.0
809.0015219120091,0.7645859,0.0025309638481939146,11.4
810.00152381678,0.7653166,0.0026869459512425878,11.4
811.001525721551,0.6915939,0.0025657436358195213,11.4
812.0015276263221,0.6582148,0.0031915880659558245,10.8
813.001529531093,0.66012216,0.0033546364405377957,13.4
814.001531435864,0.60781294,0.003928118625335947,8.5
815.001533340635,0.674013,0.004121084452959371,8.5
816.0015352454059,0.6948625,0.004578129478844289,8.5
817.0015371501769,0.7425786,0.03486226968192966,0.2
818.0015390549479,0.6667859,0.07273737882200389,1.6
819.0015409597189,0.85702163,0.07304812950215436,1.6
820.0015428644898,0.57226795,0.09681016856048211,1.8
821.0015447692608,0.78911513,0.11783839222652862,1.8
822.0015466740318,0.67361045,0.12297767712198635,1.2000000000000002
823.0015485788027,0.7670432,0.1291664902982944,1.7000000000000002
824.0015504835737,0.75966126,0.129589309073206,1.7000000000000002
825.0015523883447,0.8708793,0.13021767292101333,1.7000000000000002
826.0015542931156,0.8947273,0.13153474598308304,1.7000000000000002
827.0015561978867,0.71384555,0.12775760808767833,1.7000000000000002
828.0015581026577,0.61755586,0.11143121570459331,1.7000000000000002
829.0015600074286,0.66517085,0.1116088375515453,1.7000000000000002
830.0015619121996,0.620142,0.09330669751412436,2.2
831.0015638169706,0.76907325,0.06556212312558955,0.8
832.0015657217415,0.936855,0.06672761961880345,2.1
833.0015676265125,0.9566097,0.0799269007604302,1.2000000000000002
834.0015695312835,0.9088554,0.07926820938854692,1.2000000000000002
835.0015714360544,0.8994773,0.07823558016642952,1.3
836.0015733408254,0.8997817,0.0759026563810988,1.2000000000000002
837.0015752455964,0.82643527,0.0750496998485084,1.2000000000000002
838.0015771503674,0.7669617,0.07376827902553304,1.3
839.0015790551383,0.81590694,0.07318724322383463,1.3
840.0015809599093,0.8137243,0.0714115420524794,1.3
841.0015828646804,0.8586052,0.07053544306947798,1.3
842.0015847694513,0.83742225,0.05949970692528025,1.1
843.0015866742223,0.6617591,0.005779254275916816,13.9
844.0015885789933,0.62860036,0.004747353350583924,5.0
845.0015904837642,0.65212893,0.004714265321607422,13.700000000000001
846.0015923885352,0.63891363,0.0045054484656908,9.9
847.0015942933062,0.6936324,0.0033659783867920263,9.9
848.0015961980771,0.66621745,0.0032301899196236247,9.9
849.0015981028481,0.6813637,0.0032649003238885356,9.9
850.0016000076191,0.73744583,0.0032226825696267556,10.9
851.00160191239,0.7101468,0.0032946656809757636,9.9
852.001603817161,0.7132242,0.0036437439745772146,9.700000000000001
853.001605721932,0.64890856,0.00409504309296538,9.9
854.0016076267029,0.7002959,0.004237268028852172,10.8
855.001609531474,0.7533997,0.004148848565460794,10.8
856.001611436245,0.6931642,0.0050629742687546275,10.8
857.0016133410159,0.74976313,0.005526549490734142,10.8
858.0016152457869,0.6712592,0.005710833384501638,6.2
859.0016171505579,0.62644917,0.005816249203134941,6.2
860.0016190553289,0.64660895,0.005750941415477174,10.200000000000001
861.0016209600998,0.71792823,0.005812477558183488,6.2
862.0016228648708,0.68687016,0.005583094267484185,5.4
863.0016247696418,0.7406206,0.005314024069869049,6.2
864.0016266744127,0.6885392,0.005225632333851052,6.1000000000000005
865.0016285791837,0.6437486,0.005620654337685903,6.1000000000000005
866.0016304839547,0.5823932,0.005057490530964858,6.1000000000000005
867.0016323887256,0.5594593,0.004418361661682287,7.6000000000000005
868.0016342934966,0.6148708,0.004084898939852674,7.6000000000000005
869.0016361982676,0.62150544,0.0039217377215046145,7.6000000000000005
870.0016381030385,0.64678746,0.003933853077224131,7.6000000000000005
871.0016400078096,0.68537617,0.0037705122045536134,7.6000000000000005
872.0016419125806,0.72372764,0.003717356767598432,7.6000000000000005
873.0016438173515,0.74853,0.003956920929252311,12.5
874.0016457221225,0.7641117,0.004112158223307141,12.5
875.0016476268935,0.7738083,0.0037558193864527193,8.8
876.0016495316644,0.8114015,0.003532105860900431,12.5
877.0016514364354,0.8053815,0.003462995388975825,11.0
878.0016533412064,0.79788554,0.0034088177255919825,11.0
879.0016552459774,0.6091116,0.005303146714934945,11.100000000000001
880.0016571507483,0.7607278,0.005408247853732082,11.100000000000001
881.0016590555193,0.6564866,0.005555957210312513,11.100000000000001
882.0016609602903,0.84095824,0.10362558323641179,1.6
883.0016628650612,0.73162365,0.10497089423301381,1.5
884.0016647698322,0.7354355,0.10672222277152507,1.3
885.0016666746033,0.60272634,0.11057703035352015,1.2000000000000002
886.0016685793742,0.601768,0.13762145928790592,1.5
887.0016704841452,0.7704676,0.1495467450718784,1.8
888.0016723889162,0.856998,0.14962713071880535,1.8
889.0016742936871,0.8994931,0.15075781855238726,1.8
890.0016761984581,0.9025432,0.1507716440427534,1.8
891.0016781032291,0.9252049,0.15103111928364726,1.8
892.001680008,0.7776995,0.11023458065234092,1.6
893.001681912771,0.5705936,0.10983618063704607,1.8
894.001683817542,0.53724706,0.10833600591348204,1.8
895.0016857223129,0.6739816,0.1046605029592785,1.8
896.0016876270839,0.7107977,0.07104691380967834,2.0
897.0016895318549,0.3238976,0.0493583613466638,9.3
898.0016914366258,0.37479934,0.05186613189420472,4.1000000000000005
899.0016933413968,0.17403592,0.05045757495128841,4.1000000000000005
900.0016952461679,0.2719287,0.05103724954233714,4.1000000000000005
901.0016971509389,0.30786577,0.050925873826110656,9.3
902.0016990557098,0.3233614,0.05056130326255197,9.3
903.0017009604808,0.26180127,0.055257904334477595,4.1000000000000005
904.0017028652518,0.37169826,0.056561454932561206,6.1000000000000005
905.0017047700227,0.3646965,0.05693970464703812,6.1000000000000005
906.0017066747937,0.30069053,0.05194991574178554,6.1000000000000005
907.0017085795647,0.49426347,0.04350493728674684,4.9
908.0017104843356,0.48906806,0.0398745983221843,2.4000000000000004
909.0017123891066,0.22659416,0.03677711938911931,4.9
910.0017142938776,0.34020737,0.03537585354541592,6.4
911.0017161986485,0.36527014,0.033810105120600766,3.4000000000000004
912.0017181034195,0.22396939,0.0336784118421277,3.4000000000000004
913.0017200081905,0.28637892,0.022351678723202945,3.2
914.0017219129614,0.3782439,0.017054465879091204,3.4000000000000004
915.0017238177325,0.29517946,0.01221194930887815,2.3000000000000003
916.0017257225035,0.2502326,0.003984669652780652,11.100000000000001
917.0017276272744,0.17996101,0.0032557078093854884,11.0
918.0017295320454,0.16580878,0.003147254545040216,11.0
919.0017314368164,0.24147289,0.005579888352798794,0.5
920.0017333415874,0.24985155,0.1054886811088638,1.9000000000000001
921.0017352463583,0.21377453,0.10603194920143054,1.9000000000000001
922.0017371511293,0.30424476,0.10626811927667687,1.9000000000000001
923.0017390559003,0.44448587,0.10637578457116101,1.7000000000000002
924.0017409606712,0.35604578,0.10647093116169715,1.8
925.0017428654422,0.5261254,0.10654693105938451,1.8
926.0017447702132,0.7388414,0.106603275031275,2.0
927.0017466749841,0.83201456,0.10671583128501967,2.0
928.0017485797551,0.94236517,0.10673550377113022,2.0
929.0017504845262,0.8479251,0.10652265525024705,2.0
930.001752389297,0.5910299,0.01423391864836404,2.2
931.0017542940681,0.72850436,0.012938562846165918,3.8000000000000003
932.0017561988391,0.64547473,0.014890069368869859,3.0
933.00175810361,0.7653386,0.014971679802272955,3.0
934.001760008381,0.61101556,0.01496305793774692,2.8000000000000003
935.001761913152,0.78435856,0.015167643398479338,2.8000000000000003
936.0017638179229,0.34993926,0.014951723737272672,2.8000000000000003
937.0017657226939,0.5145856,0.014102417283671152,3.1
938.0017676274649,0.34497377,0.013833989488012418,3.1
939.0017695322358,0.42982033,0.013608053837456772,2.7
940.0017714370068,0.49262807,0.0128719367288306,3.1
941.0017733417778,0.45903006,0.011370354100856832,2.7
942.0017752465488,0.5701918,0.007349076042356755,2.7
943.0017771513197,0.51228464,0.006893840386151699,2.7
944.0017790560908,0.5515189,0.006446081354679973,2.7
945.0017809608618,0.6177456,0.004924677415788824,5.5
946.0017828656327,0.75860864,0.03238625405554357,1.5
947.0017847704037,0.79670024,0.07326975964504827,2.7
948.0017866751747,0.8552294,0.07343207202155466,2.5
949.0017885799456,0.83022153,0.07350962052792934,2.5
950.0017904847166,0.7987001,0.07356681895207787,2.5
951.0017923894876,0.8333514,0.07366572609363276,2.4000000000000004
952.0017942942585,0.8078002,0.07368403094889507,2.6
953.0017961990295,0.71889085,0.07394722402349153,2.4000000000000004
954.0017981038005,0.5052334,0.07408455350319557,2.4000000000000004
955.0018000085714,0.45442697,0.07413940294552003,2.4000000000000004
956.0018019133424,0.5218877,0.06654965037115315,2.6
957.0018038181134,0.4799747,0.011802098277425845,6.0
958.0018057228843,0.46933246,0.010970880636176876,6.1000000000000005
959.0018076276554,0.5435405,0.010893482237944273,6.1000000000000005
960.0018095324264,0.6046502,0.011113226005595068,6.0
961.0018114371974,0.6148695,0.011064094178352841,6.1000000000000005
962.0018133419683,0.44636214,0.011848470541639873,6.1000000000000005
963.0018152467393,0.70351946,0.010269849030292292,14.3
964.0018171515103,0.7386951,0.010227331457017815,7.6000000000000005
965.0018190562812,0.5399606,0.009961142743124577,12.3
966.0018209610522,0.33280146,0.009456698962987944,8.9
967.0018228658232,0.33246872,0.00934392602159417,8.9
968.0018247705941,0.46856314,0.010040074419817536,8.9
969.0018266753651,0.4678223,0.01459144467465573,10.600000000000001
970.0018285801361,0.24731085,0.01448316602931148,3.0
971.001830484907,0.40751877,0.014181917510679314,6.5
972.001832389678,0.40598685,0.013632990161226212,10.5
973.001834294449,0.28679308,0.013989586848573123,6.5
974.00183619922,0.20543452,0.013518266767420621,10.5
975.001838103991,0.28546393,0.015313413231771938,10.700000000000001
976.001840008762,0.28960964,0.015086409349924928,10.700000000000001
977.0018419135329,0.31251797,0.01519138595543127,10.700000000000001
978.0018438183039,0.26987907,0.016516370776596453,10.700000000000001
979.0018457230749,0.25869405,0.013000769473880161,12.5
980.0018476278458,0.08806181,0.012867128229662735,12.5
981.0018495326168,0.025301779,0.012706970187223898,10.700000000000001
982.0018514373878,0.11766015,0.014724121920215369,11.3
983.0018533421588,0.053440444,0.01651050917008563,14.3
984.0018552469297,0.1562065,0.04093682391012987,2.2
985.0018571517007,0.23003493,0.04047358142990317,2.2
986.0018590564717,0.5483637,0.040369347301279425,2.2
987.0018609612426,0.6270563,0.040261854581338324,2.2
988.0018628660137,0.39970055,0.03994664602108456,2.2
989.0018647707847,0.3358663,0.0398740991968352,2.2
990.0018666755556,0.52432585,0.04074048395440001,2.2
991.0018685803266,0.76048505,0.0432511138312582,2.1
992.0018704850976,0.7823634,0.047746447674343086,2.1
993.0018723898685,0.9197412,0.05132270258583837,2.9000000000000004
994.0018742946395,0.91385794,0.04522899435650011,3.7
995.0018761994105,0.87070674,0.0451341605641829,3.7
996.0018781041814,0.8908276,0.04517266846816371,3.7
997.0018800089524,0.7903307,0.045572044959628855,3.6
998.0018819137234,0.8556673,0.04536049280317401,3.6
999.0018838184943,0.88249147,0.04532504696447396,3.6
1000.0018857232653,0.91081935,0.04453034329064039,3.6
1001.0018876280363,0.90811247,0.042264342171810465,3.6
1002.0018895328074,0.81184536,0.037040130567676514,3.2
1003.0018914375783,0.5151509,0.0345700955480885,5.800000000000001
1004.0018933423493,0.32138762,0.021873005739102867,4.2
1005.0018952471203,0.2167616,0.022126639102143263,1.7000000000000002
1006.0018971518912,0.2558862,0.02237463345994198,3.9000000000000004
1007.0018990566622,0.5784204,0.0216960124729318,1.8
1008.0019009614332,0.554446,0.05438968881419371,1.5
1009.0019028662041,0.91383386,0.0722392372801341,1.5
1010.0019047709751,0.8755156,0.07227864559060458,1.5
1011.0019066757461,0.9473599,0.07525103665761058,1.3
1012.001908580517,0.8763577,0.07948326885676042,1.3
1013.001910485288,0.89000934,0.07795048586612724,1.3
1014.001912390059,0.91629285,0.07743885150751048,1.3
1015.0019142948299,0.96976423,0.07729041507412844,1.3
1016.0019161996009,0.9471896,0.07715711427044804,1.3
1017.001918104372,0.98086494,0.0770547667402883,1.3
1018.0019200091429,0.88077885,0.09642384353307439,1.3
1019.0019219139139,0.93818533,0.0838649253424532,1.3
1020.0019238186849,0.83761185,0.08388086223551953,1.3
1021.0019257234558,0.7224223,0.08134569395031198,1.3
1022.0019276282268,0.8267258,0.08074722619794565,1.5
1023.0019295329978,0.95020896,0.087700160018472,1.5
1024.0019314377687,0.95807177,0.08785262185828968,1.5
1025.0019333425398,0.9445833,0.0881074403593141,1.5
1026.0019352473107,0.9458841,0.08846322631189311,1.5
1027.0019371520816,0.9273186,0.08858376103830387,1.5
1028.0019390568527,0.6840061,0.044935752364087256,8.3
1029.0019409616236,0.47575638,0.04561402105966412,5.5
1030.0019428663945,0.80238026,0.04565664852491954,5.5
1031.0019447711657,0.7999585,0.04545895896469928,5.5
1032.0019466759366,0.5829381,0.0378589660738403,5.5
1033.0019485807074,0.36112532,0.016757315936394283,5.5
1034.0019504854786,0.4385084,0.016017043788453936,5.5
1035.0019523902495,0.2660332,0.014731855357485965,5.5
1036.0019542950204,0.46864468,0.012803245882110995,5.4
1037.0019561997915,0.32549113,0.012352142277406683,5.2
1038.0019581045624,0.39068764,0.015162901555739279,5.4
1039.0019600093333,0.35314977,0.011888450071019838,3.9000000000000004
1040.0019619141044,0.8103275,0.012014153363840213,8.9
1041.0019638188753,0.83339465,0.011953977029011034,8.9
1042.0019657236462,0.42296007,0.015587304312858378,4.2
1043.0019676284173,0.60069185,0.016351111624972204,6.300000000000001
1044.0019695331882,0.6160902,0.018426981317856292,6.1000000000000005
1045.0019714379591,0.25474244,0.020435689395003384,6.5
1046.0019733427303,0.45333543,0.020834518840185588,6.5
1047.0019752475012,0.47844303,0.020861297185564828,6.5
1048.001977152272,0.48315167,0.018971804388115486,6.4
1049.0019790570432,0.6731435,0.019004371639107596,6.4
1050.001980961814,0.6045916,0.01860675130532065,6.4
1051.001982866585,0.5402333,0.018726263515626014,6.4
1052.001984771356,0.28215376,0.016069541362208648,6.4
1053.001986676127,0.22969328,0.015295071127329245,6.300000000000001
1054.0019885808981,0.33331734,0.012561449823883554,6.5
1055.001990485669,0.38133264,0.008445302066688712,8.6
1056.00199239044,0.45929068,0.007157648826451924,10.100000000000001
1057.001994295211,0.5367263,0.007219334144398021,13.5
1058.001996199982,0.48524025,0.007782450438377888,13.5
1059.0019981047528,0.6293723,0.006774911543212153,9.9
1060.002000009524,0.47568926,0.006953752779969297,9.9
1061.0020019142949,0.5480535,0.007636250473750356,14.9
1062.0020038190657,0.6085453,0.007728932760333568,3.9000000000000004
1063.0020057238369,0.5437843,0.011363320959045138,3.9000000000000004
1064.0020076286078,0.49092206,0.012080576611424034,6.9
1065.0020095333787,0.2421368,0.01269353765498962,6.9
1066.0020114381498,0.30039534,0.012913189920613353,6.7
1067.0020133429207,0.26691803,0.015886377108010594,4.4
1068.0020152476916,0.22368364,0.016726133482810036,4.4
1069.0020171524627,0.34948534,0.017055738797841745,4.6000000000000005
1070.0020190572336,0.3631999,0.017178532772416596,4.6000000000000005
1071.0020209620045,0.5292275,0.017964317866624356,4.6000000000000005
1072.0020228667756,0.6809714,0.018579224411914893,4.6000000000000005
1073.0020247715465,0.7161603,0.01659199610088854,4.6000000000000005
1074.0020266763174,0.8151293,0.016067565143256024,4.6000000000000005
1075.0020285810886,0.9193399,0.015560361068422577,4.6000000000000005
1076.0020304858594,0.69586086,0.015517388090304125,4.6000000000000005
1077.0020323906303,0.68650603,0.012380014847802706,3.2
1078.0020342954015,0.68870705,0.011157958366678097,3.2
1079.0020362001724,0.7071386,0.010894436152640912,3.5
1080.0020381049433,0.4689007,0.011264430996931508,3.5
1081.0020400097144,0.26094058,0.009112995813164089,13.5
1082.0020419144853,0.71667206,0.007272410011240128,3.3000000000000003
1083.0020438192562,0.6784429,0.007994842655669588,3.3000000000000003
1084.0020457240273,0.6093814,0.011871480227859119,3.3000000000000003
1085.0020476287982,0.81799716,0.013739079768536368,3.3000000000000003
1086.002049533569,0.74629396,0.014824890125928246,3.3000000000000003
1087.0020514383402,0.72260964,0.015250964772066992,3.3000000000000003
1088.0020533431111,0.7884365,0.014996038530718434,3.3000000000000003
1089.002055247882,0.92828673,0.015164218098573686,3.3000000000000003
1090.0020571526532,0.88203555,0.014938350241681827,3.3000000000000003
1091.002059057424,0.911341,0.014994968572987299,3.3000000000000003
1092.002060962195,0.9309407,0.014961879683079445,3.3000000000000003
1093.002062866966,0.85386664,0.014897215757803943,3.3000000000000003
1094.002064771737,0.59866923,0.012428782740312571,8.200000000000001
1095.002066676508,0.88355315,0.010927232619311155,9.5
1096.002068581279,0.9052916,0.00981216214498418,4.7
1097.00207048605,0.784075,0.00874734233815872,8.6
1098.002072390821,0.69938874,0.014723113574829645,11.200000000000001
1099.002074295592,0.347559,0.01430926594880771,11.200000000000001
1100.0020762003628,0.5937552,0.014638696344553002,11.5
1101.002078105134,0.49969095,0.014739505104651638,11.5
1102.0020800099048,0.29256436,0.0158655571471438,12.100000000000001
1103.0020819146757,0.3333672,0.032667734400381926,13.9
1104.0020838194469,0.5427088,0.034595132178675596,13.700000000000001
1105.0020857242177,0.24860473,0.03471051177346054,13.9
1106.0020876289886,0.40284812,0.03453344758848452,15.0
1107.0020895337598,0.45804402,0.039420700195526924,13.700000000000001
1108.0020914385307,0.60353047,0.037598629757989256,14.4
1109.0020933433016,0.58510417,0.03758912913802334,14.4
1110.0020952480727,0.5648427,0.03736291831316451,14.4
1111.0020971528436,0.70283,0.03742048448578876,14.4
1112.0020990576145,0.5799343,0.03713151644203127,14.4
1113.0021009623856,0.646276,0.02375699879483979,4.1000000000000005
1114.0021028671565,0.7529251,0.020734424433768894,3.9000000000000004
1115.0021047719274,0.75318253,0.02037408740537402,3.9000000000000004
1116.0021066766985,0.58642274,0.020384846902363606,3.9000000000000004
1117.0021085814694,0.6084701,0.011163223283052609,2.1
1118.0021104862403,0.57948005,0.012632952481140861,8.4
1119.0021123910115,0.28228766,0.012974047908899668,8.4
1120.0021142957823,0.10463103,0.013364712847128096,8.4
1121.0021162005532,0.2716811,0.013258059771780892,8.6
1122.0021181053244,0.24142016,0.017731753585377447,8.6
1123.0021200100953,0.25078797,0.01798372948809274,3.8000000000000003
1124.0021219148662,0.2850402,0.018055865047347425,3.8000000000000003
1125.0021238196373,0.5676165,0.018023386987889998,10.5
1126.0021257244082,0.5765603,0.018461765618813037,3.8000000000000003
1127.002127629179,0.74475557,0.016773264660759984,3.7
1128.0021295339502,0.87656116,0.015808033698668962,10.5
1129.002131438721,0.9175011,0.015717893213312042,9.8
1130.002133343492,0.9229474,0.015376776785007222,10.5
1131.0021352482631,0.9233252,0.015163544292772965,10.5
1132.002137153034,0.8459676,0.010202805256851875,9.8
1133.002139057805,0.8675186,0.011052736228790933,8.6
1134.002140962576,0.82769513,0.011238148244848012,11.3
1135.002142867347,0.7562848,0.01647185827930428,8.8
1136.002144772118,0.75695574,0.016405148155066617,8.8
1137.002146676889,0.7600673,0.016041765339087417,8.8
1138.0021485816599,0.8049437,0.015870472442348117,8.8
1139.002150486431,0.6456057,0.018058003410571413,3.1
1140.002152391202,0.84417325,0.018272055349684423,1.9000000000000001
1141.0021542959728,0.72989964,0.018880528216940657,1.9000000000000001
1142.002156200744,0.80284846,0.018356695744097453,8.9
1143.0021581055148,0.86376184,0.017311124970587132,7.0
1144.0021600102857,0.7354983,0.01910168287886629,11.8
1145.0021619150568,0.5035892,0.015417376033199271,4.6000000000000005
1146.0021638198277,0.48019555,0.015255245443976752,4.4
1147.0021657245986,0.54146415,0.01550081821305781,4.6000000000000005
1148.0021676293698,0.33284777,0.015507659164484676,4.6000000000000005
1149.0021695341406,0.7474814,0.012667592181403668,4.4
1150.0021714389115,0.59810925,0.04288821756026623,2.3000000000000003
1151.0021733436827,0.78628343,0.08180593678747203,1.6
1152.0021752484536,0.7693529,0.0820325932179052,1.4000000000000001
1153.0021771532245,0.7672178,0.09704799258210042,1.8
1154.0021790579956,0.6335951,0.12031411805929938,1.4000000000000001
1155.0021809627665,0.82649994,0.12028442248868737,1.4000000000000001
1156.0021828675374,0.65192235,0.12029605848877832,1.4000000000000001
1157.0021847723085,0.62641406,0.12029709195861057,1.8
1158.0021866770794,0.88707435,0.12041425346137438,1.4000000000000001
1159.0021885818503,0.9193479,0.12071838619702567,1.4000000000000001
1160.0021904866214,0.8705861,0.11397464384127294,1.8
1161.0021923913923,0.88091266,0.09034357145109104,1.3
1162.0021942961632,0.8834625,0.09023190814761274,1.3
1163.0021962009343,0.44282672,0.07402234701958017,1.3
1164.0021981057052,0.8759634,0.061027432175151344,2.7
1165.0022000104761,0.9466835,0.090540814423391,1.2000000000000002
1166.0022019152473,0.94371575,0.0971360153952384,1.1
1167.0022038200182,0.95083904,0.09755285314623316,1.1
1168.002205724789,0.9787902,0.09786512428705584,1.1
1169.0022076295602,0.9464038,0.09764929554188416,1.1
1170.002209534331,0.93500805,0.09737826140837665,1.1
1171.002211439102,0.84027976,0.09712556618718324,1.1
1172.002213343873,0.78607714,0.09726158798739226,1.0
1173.002215248644,0.57249856,0.09768735325091789,1.0
1174.002217153415,0.85386544,0.08024049397148843,1.0
1175.002219058186,0.84560305,0.045647008680383544,0.7000000000000001
1176.002220962957,0.82095665,0.03221645437146482,6.800000000000001
1177.002222867728,0.6052939,0.032995444240468866,0.7000000000000001
1178.002224772499,0.6789267,0.03786364439386962,0.7000000000000001
1179.0022266772698,0.5295808,0.03866500479562758,0.7000000000000001
1180.002228582041,0.3309386,0.04034973624243543,1.1
1181.0022304868119,0.5791936,0.05322673204013426,4.800000000000001
1182.0022323915828,0.38906315,0.05591102461345567,4.800000000000001
1183.002234296354,0.6639913,0.05906095876100758,1.9000000000000001
1184.0022362011248,0.661192,0.057608863535648785,1.9000000000000001
1185.0022381058957,0.79062307,0.05685399330089157,1.9000000000000001
1186.0022400106668,0.6851717,0.05638886683869509,2.4000000000000004
1187.0022419154377,0.8078074,0.05722352805458146,7.7
1188.0022438202086,0.7177878,0.05430415191012917,7.7
1189.0022457249797,0.4853657,0.0569797836421308,1.9000000000000001
1190.0022476297506,0.4745631,0.0557036189156422,7.7
1191.0022495345215,0.45364574,0.04477926695442176,3.5
1192.0022514392926,0.43767327,0.04120961312802635,8.4
1193.0022533440635,0.41238403,0.03516437546724578,8.8
1194.0022552488344,0.68022645,0.03452198805279884,8.9
1195.0022571536056,0.55010915,0.03697399271557651,8.8
1196.0022590583765,0.5814631,0.03966983421174945,8.8
1197.0022609631474,0.6561141,0.03740528300193737,7.1000000000000005
1198.0022628679185,0.5732826,0.036689733868781355,6.0
1199.0022647726894,0.3022536,0.04268512004247687,1.5
1200.0022666774603,0.22036695,0.04581214389920119,1.5
1201.0022685822314,0.6683661,0.04558821605895359,9.700000000000001
1202.0022704870023,0.60759133,0.048838607017818315,9.700000000000001
1203.0022723917732,0.64943314,0.05217261695448485,9.700000000000001
1204.0022742965443,0.6031297,0.05221270729281982,9.700000000000001
1205.0022762013152,0.34925747,0.050944734888679545,5.4
1206.0022781060861,0.47427666,0.04836700322211096,5.0
1207.0022800108572,0.5650086,0.047533771307260865,5.0
1208.0022819156281,0.42104316,0.046987899523640006,5.0
1209.002283820399,0.28851947,0.04265341185977815,2.1
1210.0022857251702,0.4456197,0.039341520312060486,2.1
1211.002287629941,0.3367201,0.038931459474823585,2.1
1212.002289534712,0.21745148,0.03435718296580275,2.3000000000000003
1213.002291439483,0.4028832,0.028672888611839843,2.1
1214.002293344254,0.36036214,0.028335327968615882,2.1
1215.0022952490249,0.4444552,0.026899550953720153,2.4000000000000004
1216.002297153796,0.39459294,0.024652938408084926,2.0
1217.002299058567,0.2661469,0.024105446267016797,2.2
1218.002300963338,0.14647983,0.02368424775516123,2.2
1219.002302868109,0.301772,0.00799528325446205,1.2000000000000002
1220.0023047728798,0.21568066,0.004623439569630686,14.3
1221.002306677651,0.20811619,0.004383415908554157,7.6000000000000005
1222.0023085824218,0.7014839,0.005879600071162475,8.700000000000001
1223.0023104871927,0.62350595,0.006508171559004242,2.0
1224.0023123919639,0.5099059,0.009044634128971428,3.7
1225.0023142967348,0.3875705,0.016379786804851026,3.8000000000000003
1226.0023162015057,0.35257366,0.01681220513524992,5.6000000000000005
1227.0023181062768,0.36684617,0.020588542236768072,3.8000000000000003
1228.0023200110477,0.3801766,0.022338528593467466,5.4
1229.0023219158186,0.29858866,0.02236925210141437,5.4
1230.0023238205897,0.34789917,0.02228183676409949,5.4
1231.0023257253606,0.2937897,0.022275336647501132,3.7
1232.0023276301315,0.38029087,0.021916649729281052,5.4
1233.0023295349026,0.39067295,0.02177868154209736,5.4
1234.0023314396735,0.3109078,0.020851803228258747,5.4
1235.0023333444444,0.29893658,0.01575910732605625,3.4000000000000004
1236.0023352492155,0.17802435,0.015228079456390072,3.3000000000000003
1237.0023371539864,0.18793601,0.00970725796288133,3.3000000000000003
1238.0023390587573,0.41003683,0.0043123607375125965,6.6000000000000005
1239.0023409635285,0.42532286,0.004230132005651074,7.4
1240.0023428682994,0.4926777,0.004389835544502477,6.6000000000000005
1241.0023447730703,0.46874413,0.005613169780729514,7.4
1242.0023466778414,0.4288259,0.006568997265426969,7.4
1243.0023485826123,0.23751743,0.0063319489886940715,7.4
1244.0023504873832,0.36977378,0.006378371852122167,7.4
1245.0023523921543,0.19001992,0.006247233493318595,7.6000000000000005
1246.0023542969252,0.16958284,0.006273296031998226,6.9
1247.002356201696,0.2608286,0.006178187277314462,6.9
1248.0023581064672,0.43398812,0.006257753193580384,6.9
1249.0023600112381,0.3236916,0.026783464387203533,2.7
1250.002361916009,0.22305538,0.031029824690447873,2.0
1251.0023638207801,0.083633,0.03091839773459279,1.9000000000000001
1252.002365725551,0.41962352,0.031119214021017055,2.8000000000000003
1253.002367630322,0.35302645,0.03649838217621577,2.0
1254.002369535093,0.4417974,0.05683577499306983,3.4000000000000004
1255.002371439864,0.2082172,0.057387462396901505,3.4000000000000004
1256.0023733446349,0.54920316,0.05754921256631762,3.4000000000000004
1257.002375249406,0.67595184,0.05755163297651547,3.4000000000000004
1258.0023771541769,0.40255532,0.057748225957798494,3.4000000000000004
1259.002379058948,0.5805264,0.05159244230750606,3.4000000000000004
1260.002380963719,0.5813607,0.04918131361938055,1.6
1261.0023828684898,0.4920394,0.04918842424982327,1.6
1262.002384773261,0.39454007,0.049080079012155726,1.6
1263.0023866780318,0.36830047,0.04529833971576444,5.1000000000000005
1264.0023885828027,0.28356817,0.013172216364782857,6.300000000000001
1265.0023904875738,0.28545082,0.01175546819652782,6.300000000000001
1266.0023923923447,0.46050802,0.01149520684188435,6.300000000000001
1267.0023942971156,0.46772105,0.011624092760736851,6.300000000000001
1268.0023962018868,0.331971,0.010466951246493696,7.7
1269.0023981066577,0.267007,0.010250560436261675,8.3
1270.0024000114286,0.29716274,0.010108347288509833,7.0
1271.0024019161997,0.11721606,0.010516372799302934,6.7
1272.0024038209706,0.30256778,0.010485612190517565,9.4
1273.0024057257415,0.2715239,0.010083034369334993,10.700000000000001
1274.0024076305126,0.2860734,0.009088652515129086,7.9
1275.0024095352835,0.28026837,0.007364009410858224,6.7
1276.0024114400544,0.25817972,0.006290395990666374,10.700000000000001
1277.0024133448255,0.26041183,0.0060426659381064545,10.700000000000001
1278.0024152495964,0.2864223,0.006042823678274979,10.700000000000001
1279.0024171543673,0.3909679,0.006485893498685344,10.5
1280.0024190591384,0.24545878,0.006526942251045846,10.5
1281.0024209639093,0.3173399,0.005373410230148433,9.600000000000001
1282.0024228686802,0.3538548,0.004196634046453804,9.600000000000001
1283.0024247734514,0.45418078,0.00417532334851229,9.600000000000001
1284.0024266782223,0.45778474,0.004244831910581119,8.4
1285.0024285829932,0.50440794,0.006200580222938162,10.3
1286.0024304877643,0.5000297,0.006262158812355207,10.3
1287.0024323925352,0.51568717,0.006705544996095385,10.3
1288.002434297306,0.4739988,0.006882304287916375,10.3
1289.0024362020772,0.46427053,0.006557936297789997,7.9
1290.002438106848,0.36955273,0.006592057142039291,7.9
1291.002440011619,0.253378,0.006516224487074936,7.9
1292.0024419163901,0.2452261,0.006386574902071014,7.9
1293.002443821161,0.29438475,0.006261648281386762,10.200000000000001
1294.002445725932,0.21796688,0.006215265477517665,7.9
1295.002447630703,0.15951358,0.004291504090049737,7.9
1296.002449535474,0.3346821,0.0050549400963116765,11.5
1297.0024514402448,0.655175,0.00934608489400706,11.5
1298.002453345016,0.22260901,0.01633550452544121,7.9
1299.0024552497869,0.45398074,0.017581206381194283,11.9
1300.002457154558,0.16040246,0.018244391617755536,8.5
1301.0024590593289,0.45884794,0.018909536516420657,7.2
1302.0024609640998,0.5027046,0.022692505190326284,7.2
1303.002462868871,0.3429125,0.024367281442542882,7.9
1304.0024647736418,0.41127732,0.024836417822392067,7.300000000000001
1305.0024666784127,0.3513679,0.026715835185759665,7.300000000000001
1306.0024685831838,0.4697046,0.02827936599479044,7.300000000000001
1307.0024704879547,0.597379,0.027390402664288334,7.300000000000001
1308.0024723927256,0.6015905,0.024000525161208923,7.4
1309.0024742974967,0.584763,0.024775547279498458,7.4
1310.0024762022676,0.43404615,0.025036226408805536,6.300000000000001
1311.0024781070385,0.5576254,0.02502016671107596,7.300000000000001
1312.0024800118097,0.4944424,0.021816495620258548,7.300000000000001
1313.0024819165806,0.6540982,0.02012945254755287,7.300000000000001
1314.0024838213515,0.48626462,0.01989598757887797,8.9
1315.0024857261226,0.56563324,0.017791790597002363,8.8
1316.0024876308935,0.41004845,0.016594333051453997,9.0
1317.0024895356644,0.59185225,0.016443031087818114,8.5
1318.0024914404355,0.5279243,0.01643354147246082,8.5
1319.0024933452064,0.5525207,0.014098398491715087,9.200000000000001
1320.0024952499773,0.57859725,0.012886408278331877,9.200000000000001
1321.0024971547484,0.27401185,0.012001501091607547,13.5
1322.0024990595193,0.27683017,0.011847003901563867,8.4
1323.0025009642902,0.47522286,0.011910588044299978,8.4
1324.0025028690613,0.35803965,0.011841553492341334,8.4
1325.0025047738322,0.6956448,0.012261100505643779,7.7
1326.0025066786031,0.78767675,0.011513769302759174,8.1
1327.0025085833743,0.6995259,0.01151255746198186,7.800000000000001
1328.0025104881452,0.45991716,0.011364951921340847,7.800000000000001
1329.002512392916,0.34136567,0.010954630825232334,7.800000000000001
1330.0025142976872,0.31773543,0.010727882507439772,7.800000000000001
1331.002516202458,0.33387014,0.010678309365331533,7.800000000000001
1332.002518107229,0.3860949,0.01095603020099623,7.800000000000001
1333.002520012,0.46840551,0.010739359625283567,8.1
1334.002521916771,0.31068036,0.010171282277696795,8.1
1335.002523821542,0.20880567,0.009305487469988912,7.5
1336.002525726313,0.20202684,0.008081136152543468,7.7
1337.002527631084,0.20335618,0.008000705885931322,8.9
1338.002529535855,0.46554247,0.01014062579155705,8.0
1339.002531440626,0.60465986,0.016087262912988093,1.2000000000000002
1340.0025333453968,0.61218876,0.017451921111536428,1.2000000000000002
1341.002535250168,0.40668687,0.020939583377027907,2.3000000000000003
1342.0025371549389,0.3425594,0.0209998767716145,2.3000000000000003
1343.0025390597098,0.38417712,0.0220957979255323,2.3000000000000003
1344.0025409644809,0.29586554,0.02338466816426455,2.3000000000000003
1345.0025428692518,0.2971031,0.02507607983594214,2.3000000000000003
1346.0025447740227,0.16597772,0.02626169844351078,2.3000000000000003
1347.0025466787938,0.19660547,0.029208195270186078,9.8
1348.0025485835647,0.09505525,0.028590754763137903,9.8
1349.0025504883356,0.3718499,0.027626736421671228,2.3000000000000003
1350.0025523931067,0.27850348,0.029174114389347004,2.3000000000000003
1351.0025542978776,0.36599925,0.02767715929169411,10.200000000000001
1352.0025562026485,0.4581869,0.029317039179152328,3.1
1353.0025581074196,0.5863927,0.041375255229132185,2.7
1354.0025600121905,0.6727331,0.04426804745737174,3.4000000000000004
1355.0025619169614,0.6978372,0.045765268005536576,3.2
1356.0025638217326,0.723357,0.05515935370135307,1.0
1357.0025657265035,0.6270848,0.058781936479751426,1.4000000000000001
1358.0025676312744,0.43272206,0.07342614367933369,1.4000000000000001
1359.0025695360455,0.64798695,0.07297951150604765,1.4000000000000001
1360.0025714408164,0.69394284,0.0722537586656351,1.4000000000000001
1361.0025733455873,0.72871417,0.07208852110681302,2.7
1362.0025752503584,0.7818398,0.07195839884523024,2.7
1363.0025771551293,0.74607986,0.06484102563601646,2.9000000000000004
1364.0025790599002,0.82659805,0.0629931075402177,2.9000000000000004
1365.0025809646713,0.8755891,0.061286211938340635,2.9000000000000004
1366.0025828694422,0.7898309,0.051688076193034053,2.7
1367.0025847742131,0.7522861,0.0455273406416273,2.4000000000000004
1368.0025866789842,0.74953586,0.01125493358081959,2.8000000000000003
1369.0025885837551,0.5746412,0.01104771304056809,2.8000000000000003
1370.002590488526,0.6543871,0.011028883558994965,2.8000000000000003
1371.0025923932972,0.697238,0.010905606290255726,2.8000000000000003
1372.002594298068,0.661097,0.006205315919226073,1.3
1373.002596202839,0.45747548,0.0052908236122098115,11.0
1374.00259810761,0.5574075,0.005238082531121127,13.0
1375.002600012381,0.6428111,0.004399596898828384,11.700000000000001
1376.0026019171519,0.74231404,0.004010885519502916,14.5
1377.002603821923,0.9496742,0.01049007070242584,3.2
1378.002605726694,0.9386604,0.011232133955041933,0.2
1379.002607631465,0.88062614,0.012778156995122887,0.1
1380.002609536236,0.76900315,0.0138758595843601,0.1
1381.0026114410068,0.75430375,0.014560783160546297,0.1
1382.002613345778,0.7069883,0.014721287131313657,0.1
1383.0026152505488,0.8457388,0.014938438890614218,0.1
1384.0026171553197,0.7528185,0.01501310332993658,6.2
1385.0026190600909,0.68542945,0.014846544946968892,6.2
1386.0026209648618,0.6352423,0.014425879247430209,6.2
1387.0026228696327,0.6401893,0.010831727125880531,2.5
1388.0026247744038,0.4769583,0.010202824479244336,6.300000000000001
1389.0026266791747,0.39231634,0.00834847305952353,9.200000000000001
1390.0026285839456,0.3421666,0.006381548305463231,9.200000000000001
1391.0026304887167,0.48922718,0.005867651404678761,6.800000000000001
1392.0026323934876,0.4446833,0.005676943177006776,6.800000000000001
1393.0026342982585,0.51795405,0.004921595529245503,15.0
1394.0026362030296,0.57854086,0.004496470165315284,15.0
1395.0026381078005,0.5988694,0.004509654561915809,15.0
1396.0026400125714,0.59209716,0.004500424858599989,15.0
1397.0026419173425,0.5136199,0.006581824236488913,6.9
1398.0026438221134,0.525553,0.011437408631882133,2.5
1399.0026457268843,0.44222346,0.012295541207785123,2.5
1400.0026476316555,0.64977366,0.03471505691287674,5.4
1401.0026495364264,0.6974991,0.034700775051883015,5.4
1402.0026514411973,0.73018694,0.03485518765030227,5.4
1403.0026533459684,0.68204975,0.03504961599541259,5.4
1404.0026552507393,0.69789743,0.03520797527806185,5.4
1405.0026571555102,0.75274837,0.03526529784877111,5.4
1406.0026590602813,0.5667857,0.03532778932635219,5.4
1407.0026609650522,0.4478566,0.035109125710703175,5.2
1408.002662869823,0.53363436,0.03390944100528683,5.5
1409.0026647745942,0.44067314,0.033627444345789896,5.5
1410.0026666793651,0.16952309,0.008837873619494159,9.600000000000001
1411.002668584136,0.32287404,0.008970514472517172,9.600000000000001
1412.0026704889071,0.449002,0.008769240510971069,9.600000000000001
1413.002672393678,0.5713559,0.008513880267566207,7.0
1414.002674298449,0.2740701,0.009164412012662784,4.6000000000000005
1415.00267620322,0.3276091,0.010963634719428524,11.200000000000001
1416.002678107991,0.3502383,0.012843062216299442,10.9
1417.0026800127619,0.34455842,0.013044318742398236,11.200000000000001
1418.002681917533,0.17536974,0.013244001451758837,3.9000000000000004
1419.0026838223039,0.58143944,0.014120061439556632,9.600000000000001
1420.002685727075,0.71858037,0.039185287774267726,2.0
1421.002687631846,0.9028995,0.04960741614146696,2.0
1422.0026895366168,0.7368505,0.04961167892791742,2.0
1423.002691441388,0.8246835,0.055391289091391606,2.0
1424.0026933461588,0.91549903,0.0566823208183301,1.6
1425.0026952509297,0.8901793,0.07605354510649631,1.6
1426.0026971557008,0.9546398,0.09320071953963184,1.6
1427.0026990604717,0.88774663,0.10286876163637738,1.6
1428.0027009652426,0.7002984,0.11280642896460921,1.8
1429.0027028700138,0.64514184,0.13983416303255802,1.8
1430.0027047747847,0.42230046,0.13656561137025608,2.6
1431.0027066795556,0.6459081,0.13418200244544767,1.5
1432.0027085843267,0.6230412,0.13453669104659657,1.5
1433.0027104890976,0.64417887,0.13587788929202338,0.30000000000000004
1434.0027123938685,0.4308952,0.14978605802333675,0.6000000000000001
1435.0027142986396,0.354794,0.1417263106251983,0.6000000000000001
1436.0027162034105,0.4944878,0.13101226913317585,0.6000000000000001
1437.0027181081814,0.3694018,0.12333963451953271,2.2
1438.0027200129525,0.13320065,0.11402291062789559,0.4
1439.0027219177234,0.41855228,0.07725779653131781,0.1
1440.0027238224943,0.44093645,0.07488977753306374,2.1
1441.0027257272654,0.31732586,0.07367999505731178,2.1
1442.0027276320363,0.45777422,0.07280502742899175,2.1
1443.0027295368072,0.14229885,0.08897487327192294,1.4000000000000001
1444.0027314415784,0.23915324,0.0902004191457147,1.0
1445.0027333463493,0.2544827,0.09678182166511641,1.0
1446.0027352511202,0.41436106,0.1053625459645745,1.0
1447.0027371558913,0.46651095,0.10558199722288715,1.0
1448.0027390606622,0.5176459,0.10570150202928703,1.0
1449.002740965433,0.5960145,0.1057570104329267,1.0
1450.0027428702042,0.72733253,0.10582723606683095,1.0
1451.002744774975,0.90350825,0.10588117330313401,1.0
1452.002746679746,0.9696261,0.10590910169741614,1.0
1453.0027485845171,0.94462794,0.08798411738516107,1.6
1454.002750489288,0.90897846,0.0562607449726054,1.7000000000000002
1455.002752394059,0.75135833,0.04299666029412417,2.7
1456.00275429883,0.7289709,0.0049519391444400014,6.4
1457.002756203601,0.68476903,0.0042424950710662854,7.5
1458.0027581083718,0.51810867,0.0038725924097060462,15.0
1459.002760013143,0.5527433,0.0036987223861443944,13.700000000000001
1460.0027619179139,0.58642787,0.0029843853169697794,15.0
1461.002763822685,0.63510215,0.002783692235373711,13.5
1462.0027657274559,0.7105657,0.0027010820761880724,13.600000000000001
1463.0027676322268,0.65544796,0.002405572085071171,13.600000000000001
1464.002769536998,0.599693,0.0026637424889221694,13.600000000000001
1465.0027714417688,0.6397465,0.0033019032363038724,6.0
1466.0027733465397,0.6465159,0.0035735249671897443,5.7
1467.0027752513108,0.5961377,0.0034494363568750366,5.7
1468.0027771560817,0.5852663,0.0033745919205975536,5.7
1469.0027790608526,0.68663144,0.003391077530051854,5.6000000000000005
1470.0027809656237,0.7534741,0.003362773941198015,5.7
1471.0027828703946,0.6761792,0.0035309890103594546,5.7
1472.0027847751655,0.6692366,0.0035737826204827097,5.7
1473.0027866799367,0.6460615,0.0035797716316769714,5.7
1474.0027885847076,0.70881134,0.003256236205765065,5.7
1475.0027904894785,0.6719981,0.002570713454675018,5.7
1476.0027923942496,0.72879845,0.0025249876247199475,13.600000000000001
1477.0027942990205,0.6834687,0.002589683096335757,1.1
1478.0027962037914,0.6708882,0.0025789918558207685,13.600000000000001
1479.0027981085625,0.69628704,0.0025419359504397776,8.8
1480.0028000133334,0.6143987,0.00267114003629035,6.2
1481.0028019181043,0.6442285,0.0024836610810837823,6.7
1482.0028038228754,0.7665699,0.0025106083975423945,6.7
1483.0028057276463,0.7524174,0.0024779310292081342,6.7
1484.0028076324172,0.7653876,0.0024540132703849476,10.100000000000001
1485.0028095371883,0.6781655,0.002470562476816171,12.700000000000001
1486.0028114419592,0.69083875,0.0024316917880218974,12.700000000000001
1487.0028133467301,0.65897936,0.0024764844491512532,12.700000000000001
1488.0028152515013,0.65723974,0.002609236297827473,11.5
1489.0028171562722,0.63734263,0.002655926370831887,11.5
1490.002819061043,0.70010245,0.0029197243774724893,11.5
1491.0028209658142,0.7170535,0.003061469432899906,11.5
1492.002822870585,0.7192237,0.0030118622665957066,11.5
1493.002824775356,0.7266563,0.0029991168881414714,8.6
1494.002826680127,0.61449265,0.003071164102517664,8.3
1495.002828584898,0.6126804,0.0029995087262101837,8.6
1496.002830489669,0.67721516,0.002742156980214323,8.3
1497.00283239444,0.6598588,0.0026235620129094347,8.3
1498.002834299211,0.67312944,0.002505257110691063,8.3
1499.0028362039818,0.6762904,0.0024399728488419168,8.3
1500.002838108753,0.7028891,0.001992755783329146,5.7
1501.0028400135238,0.78407806,0.001683829718133801,14.8
1502.002841918295,0.7300113,0.0018818025499433763,11.9
1503.0028438230659,0.70552534,0.0023799802237178245,8.6
1504.0028457278368,0.6317535,0.002367791817358651,11.5
1505.0028476326079,0.69337934,0.002470402255920356,11.700000000000001
1506.0028495373788,0.741856,0.0026099236198100966,11.700000000000001
1507.0028514421497,0.7430895,0.0026815580969926384,5.800000000000001
1508.0028533469208,0.74158424,0.0029856501767980916,11.5
1509.0028552516917,0.7757413,0.003128761671946827,11.5
1510.0028571564626,0.73617923,0.004473787163136138,8.8
1511.0028590612337,0.7963481,0.00463623105083624,6.2
1512.0028609660046,0.79170525,0.005230510630134624,5.2
1513.0028628707755,0.76541525,0.006382174761931543,9.8
1514.0028647755466,0.65862703,0.006676150804326239,9.8
1515.0028666803175,0.58785397,0.006725007077778744,7.9
1516.0028685850884,0.63062465,0.006712317559821525,7.800000000000001
1517.0028704898596,0.5877044,0.006768174622750568,9.9
1518.0028723946305,0.65101033,0.006635452117117857,9.9
1519.0028742994014,0.6472772,0.006568801523424891,7.800000000000001
1520.0028762041725,0.63135225,0.005761532197524158,7.9
1521.0028781089434,0.7096155,0.005657493888372314,7.9
1522.0028800137143,0.77630275,0.0050826858667791085,8.4
1523.0028819184854,0.80022526,0.0038831590843568836,9.0
1524.0028838232563,0.69928855,0.004156545594468225,9.9
1525.0028857280272,0.7012526,0.004419202432816006,6.300000000000001
1526.0028876327983,0.7409794,0.004818903763327445,6.300000000000001
1527.0028895375692,0.7823812,0.004807888976687855,10.100000000000001
1528.0028914423401,0.7861555,0.005492278379684222,11.4
1529.0028933471112,0.6788511,0.005687790517378592,10.100000000000001
1530.0028952518821,0.8045902,0.005692512524065227,13.0
1531.002897156653,0.80108225,0.005671922776999753,13.0
1532.0028990614242,0.8152485,0.005673187782048084,13.0
1533.002900966195,0.7565132,0.005267232236281472,13.0
1534.002902870966,0.73366547,0.004637359430597733,14.8
1535.002904775737,0.6634026,0.004267562538230651,14.8
1536.002906680508,0.7357261,0.0038090816705941403,13.0
1537.0029085852789,0.68726987,0.0037109284482639573,11.100000000000001
1538.00291049005,0.67299175,0.002600742445103617,9.700000000000001
1539.002912394821,0.71683514,0.0021299933442942695,13.100000000000001
1540.0029142995918,0.77124894,0.00210344346808141,12.600000000000001
1541.002916204363,0.75393623,0.002241225979142091,10.9
1542.0029181091338,0.72626364,0.002245211675972708,12.600000000000001
1543.002920013905,0.72053427,0.0029220403305734457,12.200000000000001
1544.0029219186758,0.7142222,0.0029460386659910156,12.200000000000001
1545.0029238234467,0.74247676,0.003261629573986326,10.9
1546.0029257282179,0.77688885,0.003234999165611993,12.200000000000001
1547.0029276329888,0.7913442,0.0032953900251182305,12.200000000000001
1548.0029295377597,0.7915247,0.0036637389889298626,12.200000000000001
1549.0029314425308,0.7300338,0.006035925178387986,4.6000000000000005
1550.0029333473017,0.81247157,0.04400578966889342,1.6
1551.0029352520726,0.7930757,0.048784101958974445,1.7000000000000002
1552.0029371568437,0.7533411,0.054039332174159606,1.8
1553.0029390616146,0.6797987,0.056535867729181344,1.8
1554.0029409663855,0.4947736,0.06062756194555001,1.7000000000000002
1555.0029428711566,0.49732184,0.06181657439771678,1.7000000000000002
1556.0029447759275,0.6212071,0.06256540067747376,1.7000000000000002
1557.0029466806984,0.6011566,0.063616934061698,1.7000000000000002
1558.0029485854695,0.43602252,0.08748059594114029,1.7000000000000002
1559.0029504902404,0.44601494,0.09294303320472155,0.9
1560.0029523950113,0.6160281,0.08474300261330647,1.2000000000000002
1561.0029542997825,0.55518824,0.09379931005083518,1.2000000000000002
1562.0029562045534,0.6546031,0.10456702645328703,1.2000000000000002
1563.0029581093243,0.6719017,0.10341837015354477,1.2000000000000002
1564.0029600140954,0.4675474,0.12933066508145039,1.1
1565.0029619188663,0.7662575,0.1290692050300659,1.1
1566.0029638236372,0.91370255,0.12870326329432566,1.1
1567.0029657284083,0.92100984,0.1481399432605095,1.4000000000000001
1568.0029676331792,0.89656323,0.15483836565007164,2.0
1569.00296953795,0.8818463,0.15152224018639088,2.0
1570.0029714427212,0.9570077,0.15022241298846986,2.0
1571.0029733474921,0.97283167,0.14319982885772028,2.0
1572.002975252263,0.9373395,0.1335491901051688,2.0
1573.0029771570341,0.85858244,0.13341013218320838,2.0
1574.002979061805,0.8468899,0.10607124529956662,1.3
1575.002980966576,0.86776626,0.10579009960202339,1.3
1576.002982871347,0.5008864,0.11781585371013745,1.4000000000000001
1577.002984776118,0.58326095,0.09169585620371494,1.8
1578.0029866808889,0.83093905,0.054473908277898546,2.2
1579.00298858566,0.8077925,0.05542863556225433,1.8
1580.0029904904309,0.8219244,0.0561909781266188,1.8
1581.0029923952018,0.82551956,0.059518690646202105,1.5
1582.002994299973,0.8780763,0.059879177023591586,1.5
1583.0029962047438,0.9082466,0.060395559155671796,1.5
1584.002998109515,0.92183954,0.09253062980744178,1.1
1585.0030000142858,0.9393651,0.09255308595062202,1.1
1586.0030019190567,0.9241981,0.07679597420568862,1.4000000000000001
1587.0030038238278,0.92562896,0.07960689292688963,1.4000000000000001
1588.0030057285987,0.9023056,0.07906323768309734,1.4000000000000001
1589.0030076333696,0.6674413,0.07895709443314788,1.4000000000000001
1590.0030095381408,0.80464506,0.07841780518935679,1.4000000000000001
1591.0030114429117,0.9432153,0.07603515294380744,1.3
1592.0030133476826,0.967864,0.07576995764814828,1.3
1593.0030152524537,0.91997206,0.07537165142879633,1.3
1594.0030171572246,0.9704332,0.02749475382881765,2.5
1595.0030190619955,0.92776245,0.027388214824949072,0.1
1596.0030209667666,0.8402391,0.027073602561291765,2.4000000000000004
1597.0030228715375,0.8809899,0.01436959332430851,0.1
1598.0030247763084,0.77417433,0.00982070509558296,2.4000000000000004
1599.0030266810795,0.6040488,0.0029674826988058895,3.9000000000000004
1600.0030285858504,0.86108965,0.002621326611349731,14.600000000000001
1601.0030304906213,0.859721,0.0019338841417352746,13.5
1602.0030323953924,0.91148835,0.002130204871757501,3.5
1603.0030343001633,0.9466431,0.002654577688828522,2.5
1604.0030362049342,0.95835215,0.00807385651008929,1.8
1605.0030381097054,0.957137,0.009569979189335344,0.1
1606.0030400144763,0.975995,0.010024863036756012,0.1
1607.0030419192472,0.97403586,0.01060636681220384,0.1
1608.0030438240183,0.9638883,0.011074021190936091,0.1
1609.0030457287892,0.9495927,0.011085381603822731,0.1
1610.00304763356,0.9239819,0.011045791831324578,0.1
1611.0030495383312,0.82425135,0.010905204719590727,0.1
1612.003051443102,0.6808297,0.010574849199771386,0.1
1613.003053347873,0.66029656,0.010186839523693548,3.7
1614.0030552526441,0.7084253,0.007882083842267639,1.9000000000000001
1615.003057157415,0.639431,0.0067396308931883895,0.9
1616.003059062186,0.6676006,0.008097805023833636,2.6
1617.003060966957,0.7698629,0.008188855018361488,2.5
1618.003062871728,0.72104496,0.009322364330248667,2.5
1619.0030647764988,0.5848047,0.011550181182102652,2.5
1620.00306668127,0.6914431,0.013021887483585903,2.5
1621.0030685860409,0.6424046,0.03419423351215037,1.0
1622.0030704908118,0.6079639,0.05605182210643661,1.0
1623.0030723955829,0.637303,0.05614392781391208,1.0
1624.0030743003538,0.7934012,0.056081093271129236,1.0
1625.003076205125,0.71611476,0.06706828880667588,1.1
1626.0030781098958,0.8066644,0.09467505263524985,1.1
1627.0030800146667,0.73874366,0.10853106619245606,1.1
1628.0030819194378,0.6636889,0.10913588607242863,1.1
1629.0030838242087,0.59390163,0.1090611896386651,1.1
1630.0030857289796,0.64749116,0.1223168068525773,1.6
1631.0030876337507,0.6925742,0.12154654831720343,1.6
1632.0030895385216,0.5636784,0.11307173024775001,1.6
1633.0030914432925,0.7537752,0.11305610956831484,1.6
1634.0030933480637,0.6605213,0.11304179595083222,1.6
1635.0030952528346,0.6414992,0.10679715437105888,1.6
1636.0030971576055,0.73976594,0.08314956840117876,1.6
1637.0030990623766,0.78481746,0.06393449276765785,1.6
1638.0031009671475,0.78826845,0.06280411900654571,1.7000000000000002
1639.0031028719184,0.78501594,0.06256025407958174,1.7000000000000002
1640.0031047766895,0.5386607,0.028450608273094216,2.7
1641.0031066814604,0.52799404,0.004272258426573628,13.200000000000001
1642.0031085862313,0.48740658,0.00428440928583898,13.200000000000001
1643.0031104910024,0.4918357,0.004371928686975899,13.200000000000001
1644.0031123957733,0.55836046,0.004395885601667805,13.0
1645.0031143005442,0.4793346,0.0042807681159745805,13.0
1646.0031162053153,0.5307602,0.0033485805531165273,13.0
1647.0031181100862,0.5432373,0.0031392550955841613,13.0
1648.0031200148571,0.59937745,0.0032252066710567987,13.0
1649.0031219196283,0.38947645,0.006070706254103454,10.9
1650.0031238243992,0.6135716,0.00702716657678143,10.5
1651.00312572917,0.6836464,0.007571979164608145,10.5
1652.0031276339412,0.5969506,0.007889386919228934,10.3
1653.003129538712,0.50608563,0.00787262740627802,11.600000000000001
1654.003131443483,0.7631549,0.008045614053576008,10.200000000000001
1655.003133348254,0.78076625,0.008047173563608014,10.200000000000001
1656.003135253025,0.78037983,0.008009271091109538,10.200000000000001
1657.003137157796,0.802541,0.00798459846642441,11.700000000000001
1658.003139062567,0.80139655,0.008407964271835003,12.8
1659.003140967338,0.7226402,0.006841014692770184,12.8
1660.0031428721088,0.8354093,0.006077228556866973,12.5
1661.00314477688,0.80407,0.005436320892729097,12.5
1662.0031466816508,0.8653475,0.005215144059905409,11.4
1663.0031485864217,0.89375675,0.005264297593503824,11.200000000000001
1664.0031504911929,0.869814,0.005941059171029084,11.200000000000001
1665.0031523959638,0.86207,0.00667020163941646,11.200000000000001
1666.0031543007349,0.87730503,0.006815471870757519,11.200000000000001
1667.0031562055058,0.91084445,0.00717388836520859,11.200000000000001
1668.0031581102767,0.88944215,0.006690198552124949,0.1
1669.0031600150478,0.8748334,0.006536489918020287,0.1
1670.0031619198187,0.90329283,0.007368153757011595,9.600000000000001
1671.0031638245896,0.92146105,0.08787868841041387,1.2000000000000002
1672.0031657293607,0.90595835,0.09050519443455576,1.4000000000000001
1673.0031676341316,0.84351563,0.09071254297055173,1.3
1674.0031695389025,0.8669078,0.09114224287047958,1.4000000000000001
1675.0031714436736,0.9248601,0.09776127512490058,1.1
1676.0031733484445,0.89602757,0.10535683007823445,0.6000000000000001
1677.0031752532154,0.84745073,0.10559028125601798,0.6000000000000001
1678.0031771579866,0.9357969,0.10567560900335853,0.6000000000000001
1679.0031790627575,0.9438204,0.10930626333685071,0.8
1680.0031809675284,0.72316897,0.12019042453597992,0.8
1681.0031828722995,0.93410003,0.09056343639726433,0.6000000000000001
1682.0031847770704,0.8914797,0.09106046322563636,0.8
1683.0031866818413,0.8169321,0.10670760914726338,0.8
1684.0031885866124,0.9243994,0.11215930503792271,0.8
1685.0031904913833,0.809703,0.115263620212087,1.5
1686.0031923961542,0.90566987,0.10906393571461788,1.5
1687.0031943009253,0.9680893,0.13294238894587648,1.5
1688.0031962056962,0.93466,0.13611507482661772,1.5
1689.003198110467,0.90603185,0.15976853599841506,1.5
1690.0032000152382,0.87375563,0.15173507429088343,1.5
1691.0032019200091,0.8304654,0.14694572599320993,1.5
1692.00320382478,0.8469128,0.14498677748467592,1.5
1693.0032057295512,0.8626176,0.1336326532095368,1.5
1694.003207634322,0.8206767,0.1288845406698938,1.5
1695.003209539093,0.9014304,0.12036973733594616,1.6
1696.003211443864,0.8854451,0.12032968604078219,1.6
1697.003213348635,0.9311797,0.0928217845328155,4.4
1698.0032152534059,0.8634817,0.08799959313821486,15.0
1699.003217158177,0.6536415,0.0032141182689966576,11.700000000000001
1700.003219062948,0.62418556,0.0029020769964540334,14.600000000000001
1701.0032209677188,0.6645868,0.0028927971655412625,12.100000000000001
1702.00322287249,0.6227077,0.00287384595185659,11.5
1703.0032247772608,0.61032265,0.0028240831135685684,9.600000000000001
1704.0032266820317,0.61548096,0.00280348581164359,12.100000000000001
1705.0032285868028,0.5148487,0.003190843734022719,12.100000000000001
1706.0032304915737,0.51237166,0.003202027256937311,11.8
1707.0032323963449,0.5131151,0.0032202855633916365,11.8
1708.0032343011158,0.60300815,0.002594662173911845,14.5
1709.0032362058867,0.56326395,0.0036930018974207185,5.800000000000001
1710.0032381106578,0.57604784,0.045592442821024246,3.2
1711.0032400154287,0.61863244,0.05624317283144171,5.0
1712.0032419201996,0.66260016,0.056898484603614505,4.800000000000001
1713.0032438249707,0.5807331,0.05722877683867731,4.800000000000001
1714.0032457297416,0.5393367,0.06352064272757439,5.6000000000000005
1715.0032476345125,0.6454899,0.06473388899133142,5.0
1716.0032495392836,0.6209922,0.06477873087972937,5.0
1717.0032514440545,0.6819516,0.065047353506325,4.800000000000001
1718.0032533488254,0.9400497,0.10835884357387231,2.1
1719.0032552535965,0.9450714,0.10834252683083363,2.1
1720.0032571583674,0.862572,0.09841916802755689,2.1
1721.0032590631383,0.7803475,0.09296058463178908,2.1
1722.0032609679095,0.8209756,0.09276173234419696,2.1
1723.0032628726804,0.67419416,0.09267670615916059,2.1
1724.0032647774512,0.79950476,0.08850350368882712,2.1
1725.0032666822224,0.8584864,0.09167141656847512,1.9000000000000001
1726.0032685869933,0.6229741,0.09531522341356753,2.2
1727.0032704917642,0.4293771,0.10893649315654386,1.9000000000000001
1728.0032723965353,0.7625207,0.08816816774229481,1.8
1729.0032743013062,0.68603957,0.09486543848797613,1.8
1730.003276206077,0.8277951,0.10185927226389065,1.7000000000000002
1731.0032781108482,0.73263353,0.11163090330117122,1.7000000000000002
1732.003280015619,0.33007643,0.1187191628360835,1.7000000000000002
1733.00328192039,0.31016362,0.1220186586821832,1.7000000000000002
1734.0032838251611,0.10768683,0.12977122156403184,1.7000000000000002
1735.003285729932,0.13259588,0.13190941606616022,1.7000000000000002
1736.003287634703,0.17356811,0.13377080671600824,1.7000000000000002
1737.003289539474,0.32973886,0.12428427829762946,6.2
1738.003291444245,0.94376117,0.10960590876538955,2.7
1739.0032933490158,0.9281829,0.10387356956911273,2.8000000000000003
1740.003295253787,0.9166663,0.09706666452557124,2.8000000000000003
1741.0032971585579,0.8798216,0.08577168793751147,2.7
1742.0032990633288,0.83827627,0.07574243351847247,2.7
1743.0033009681,0.66235256,0.07024333565614442,2.7
1744.0033028728708,0.55327594,0.054730109168128246,2.7
1745.0033047776417,0.8264158,0.041099730693935965,2.7
1746.0033066824128,0.7777259,0.021716524443782626,1.0
1747.0033085871837,0.64573514,0.007397807891448531,10.5
1748.0033104919548,0.7001581,0.007194592021411676,10.5
1749.0033123967257,0.70793736,0.006897790309727145,10.5
1750.0033143014966,0.607588,0.006484592801652721,11.3
1751.0033162062678,0.7406108,0.002493981700807876,13.3
1752.0033181110387,0.76971966,0.0020048747648711467,14.5
1753.0033200158095,0.7637446,0.0018157350065952952,9.700000000000001
1754.0033219205807,0.7666532,0.001695367893085365,14.5
1755.0033238253516,0.7654865,0.001649666258132464,14.5
1756.0033257301225,0.71347004,0.0016557903378078252,9.700000000000001
1757.0033276348936,0.71263903,0.0016307816667590939,14.700000000000001
1758.0033295396645,0.759015,0.0015873178778190824,6.4
1759.0033314444354,0.80723727,0.001407212399366942,6.4
1760.0033333492065,0.7805228,0.0013641286032928805,6.4
1761.0033352539774,0.7805597,0.0013279356940328556,6.4
1762.0033371587483,0.7917362,0.0012997518845537976,6.4
1763.0033390635194,0.8298486,0.0012306693202678775,12.8
1764.0033409682903,0.83448184,0.0012384449186145145,3.4000000000000004
1765.0033428730612,0.8190472,0.0012564868069346198,3.4000000000000004
1766.0033447778324,0.8228783,0.0012951552931876598,13.9
1767.0033466826033,0.8287181,0.0013168480166285174,13.9
1768.0033485873741,0.8195012,0.0013269266108099115,11.600000000000001
1769.0033504921453,0.8166809,0.0013793386982973296,5.5
1770.0033523969162,0.78071415,0.0014123023612460663,12.600000000000001
1771.003354301687,0.8217764,0.0013959150295905708,12.600000000000001
1772.0033562064582,0.80809104,0.0014230124616549501,12.600000000000001
1773.003358111229,0.81489766,0.0015214538659677616,13.5
1774.003360016,0.78332734,0.0015412479323953768,13.5
1775.003361920771,0.7879231,0.0016310132754405542,13.5
1776.003363825542,0.7927473,0.0016074575014335991,13.5
1777.003365730313,0.7814682,0.0016896213111000456,13.5
1778.003367635084,0.77030015,0.0017490952270179964,12.4
1779.003369539855,0.7422748,0.001995631001609214,12.4
1780.0033714446258,0.7597036,0.0020366756185792394,12.200000000000001
1781.003373349397,0.7731278,0.0021274457147231482,12.4
1782.0033752541678,0.766858,0.002218009990256048,12.4
1783.0033771589387,0.76298356,0.0022394254556558774,12.4
1784.0033790637099,0.75579697,0.0022468909426259422,12.4
1785.0033809684808,0.79141337,0.007451771624308655,12.4
1786.0033828732517,0.9083403,0.024753239817943674,12.4
1787.0033847780228,0.919791,0.024754227177596642,12.4
1788.0033866827937,0.72291,0.024764513149447703,12.4
1789.0033885875648,0.7506004,0.06186459113691535,1.7000000000000002
1790.0033904923357,0.72179717,0.0650202020647019,4.3
1791.0033923971066,0.788617,0.07238364257116507,4.1000000000000005
1792.0033943018777,0.7292047,0.07635052470351311,4.1000000000000005
1793.0033962066486,0.7873999,0.11036620028955377,4.5
1794.0033981114195,0.8337375,0.1103727981224708,4.5
1795.0034000161907,0.8278114,0.11014002446679297,4.5
1796.0034019209616,0.718262,0.10759935397213087,4.5
1797.0034038257324,0.78927106,0.10759843409409724,4.5
1798.0034057305036,0.7524729,0.10759724558187117,4.5
1799.0034076352745,0.8690846,0.09144810877565442,4.5
1800.0034095400454,0.8350324,0.08923197453484476,4.4
1801.0034114448165,0.84666026,0.08330488481529917,4.5
1802.0034133495874,0.87482303,0.07974846678219578,2.5
1803.0034152543583,0.63326955,0.0026590963481269944,11.600000000000001
1804.0034171591294,0.69774115,0.0023860934452631572,11.600000000000001
1805.0034190639003,0.7507806,0.0021878962644017795,12.200000000000001
1806.0034209686712,0.7448807,0.0022742398531769912,12.200000000000001
1807.0034228734423,0.7244371,0.0023213590277851716,11.100000000000001
1808.0034247782132,0.6586977,0.002979345723335472,11.9
1809.0034266829841,0.5701886,0.0030571077189397115,11.4
1810.0034285877553,0.5625582,0.0037965868168207107,11.9
1811.0034304925261,0.5792003,0.003917193392993238,11.4
1812.003432397297,0.59458065,0.003985835031500783,10.0
1813.0034343020682,0.5687721,0.003988931706247298,10.0
1814.003436206839,0.63928705,0.003938902513359036,10.0
1815.00343811161,0.6932035,0.00415340638268976,11.4
1816.003440016381,0.68275535,0.004168934216187634,9.8
1817.003441921152,0.76848304,0.04134291576516963,2.5
1818.003443825923,0.750243,0.04638794075444443,2.8000000000000003
1819.003445730694,0.7310701,0.04675838915677338,2.8000000000000003
1820.003447635465,0.71874714,0.04697530915847272,2.7
1821.0034495402358,0.6207018,0.04716790186658067,2.8000000000000003
1822.003451445007,0.6689414,0.047291389564781273,2.8000000000000003
1823.0034533497778,0.7020414,0.04737667821669158,2.8000000000000003
1824.0034552545487,0.79245067,0.04737549379771236,2.7
1825.0034571593199,0.83654326,0.04731465601816056,2.7
1826.0034590640907,0.9197781,0.0472032623647436,2.7
1827.0034609688616,0.92873836,0.022281180782472026,5.5
1828.0034628736328,0.8046444,0.004790898585720878,14.0
1829.0034647784037,0.89212126,0.004109656855062449,14.0
1830.0034666831748,0.93869734,0.003905856549761723,14.0
1831.0034685879457,0.93950933,0.004243296425243148,14.200000000000001
1832.0034704927166,0.9356873,0.010188491884931507,10.4
1833.0034723974877,0.96010166,0.031656685457984446,2.8000000000000003
1834.0034743022586,0.9706261,0.045903310888287314,2.2
1835.0034762070295,0.9657567,0.0462675151817932,2.2
1836.0034781118006,0.9473669,0.04680129691054791,2.2
1837.0034800165715,0.9494051,0.04689428638718792,2.1
1838.0034819213424,0.93205047,0.04694205764918331,2.2
1839.0034838261136,0.945704,0.06793792121413432,1.5
1840.0034857308844,0.85219795,0.08949150370026838,2.2
1841.0034876356553,0.5630854,0.10874309734303356,1.9000000000000001
1842.0034895404265,0.7408336,0.10875583295299948,1.9000000000000001
1843.0034914451974,0.78834534,0.10468737393476255,2.0
1844.0034933499683,0.95626676,0.09951215566359756,1.9000000000000001
1845.0034952547394,0.9595127,0.0995185134800241,1.9000000000000001
1846.0034971595103,0.9897602,0.0993154533466213,1.9000000000000001
1847.0034990642812,0.96859354,0.09929410230338821,1.9000000000000001
1848.0035009690523,0.9678243,0.09930780425190282,1.9000000000000001
1849.0035028738232,0.9435168,0.0861499559145821,1.9000000000000001
1850.003504778594,0.937756,0.06335892798130385,2.4000000000000004
1851.0035066833652,0.82202095,0.012451239141476203,7.7
1852.0035085881361,0.8779561,0.009554945774844384,10.3
1853.003510492907,0.8972824,0.00882952057350844,14.9
1854.0035123976782,0.9099786,0.007154396932290009,13.0
1855.003514302449,0.93438524,0.004973324808961684,13.100000000000001
1856.00351620722,0.9765816,0.004902920524173605,15.0
1857.003518111991,0.9598678,0.004899401042501939,15.0
1858.003520016762,0.9577551,0.005106659602544821,15.0
1859.0035219215329,0.9678496,0.004433179835236482,11.5
1860.003523826304,0.9688769,0.004411432507803632,11.5
1861.003525731075,0.9723885,0.08483242751855118,1.9000000000000001
1862.0035276358458,0.7958447,0.10180284896997045,1.9000000000000001
1863.003529540617,0.7253365,0.12502104309684545,1.8
1864.0035314453878,0.8624672,0.1289782170743737,1.8
1865.0035333501587,0.83442277,0.13034533386266536,1.8
1866.0035352549298,0.6059466,0.19961382470825262,1.8
1867.0035371597007,0.6046506,0.2584023274299986,1.7000000000000002
1868.0035390644716,0.7969817,0.25982495378695997,1.7000000000000002
1869.0035409692427,0.9287833,0.2627356791044736,1.7000000000000002
1870.0035428740136,0.68829465,0.26337030744773965,1.7000000000000002
1871.0035447787848,0.7486074,0.25115317296327594,1.5
1872.0035466835557,0.9012948,0.2447476499958466,1.5
1873.0035485883266,0.83763534,0.23402232570879267,1.5
1874.0035504930977,0.8579015,0.23253943088737355,1.5
1875.0035523978686,0.7649738,0.2376609408256944,1.5
1876.0035543026395,0.69327295,0.19473936141601902,1.5
1877.0035562074106,0.47420087,0.1049413807083626,1.7000000000000002
1878.0035581121815,0.28016016,0.10078717388663623,1.7000000000000002
1879.0035600169524,0.21738018,0.09180859518793874,1.7000000000000002
1880.0035619217235,0.5245407,0.09761263158291601,1.6
1881.0035638264944,0.6665144,0.1288763762542459,1.7000000000000002
1882.0035657312653,0.7372367,0.12805738689834428,1.7000000000000002
1883.0035676360365,0.78974515,0.12767827434767695,7.9
1884.0035695408073,0.71109986,0.1270262899751748,7.9
1885.0035714455782,0.6426305,0.11599495039229887,7.9
1886.0035733503494,0.6274592,0.09559730312417265,5.6000000000000005
1887.0035752551203,0.78789,0.10492050267287945,5.6000000000000005
1888.0035771598912,0.8908376,0.10494616369487149,5.6000000000000005
1889.0035790646623,0.873969,0.10495457513334785,5.6000000000000005
1890.0035809694332,0.64109623,0.1269237603792256,1.7000000000000002
1891.003582874204,0.7060172,0.09332102818571683,1.7000000000000002
1892.0035847789752,0.6519588,0.09992724045862084,1.4000000000000001
1893.003586683746,0.6530913,0.14373280454627765,1.4000000000000001
1894.003588588517,0.7327556,0.14378648721743403,1.4000000000000001
1895.0035904932881,0.76506084,0.1438773357156066,1.4000000000000001
1896.003592398059,0.44966486,0.14349113198009975,1.4000000000000001
1897.00359430283,0.32351586,0.13691660127160954,1.4000000000000001
1898.003596207601,0.43865436,0.1369082435963563,1.4000000000000001
1899.003598112372,0.44608358,0.13691579488597153,1.4000000000000001
1900.0036000171428,0.7663037,0.11014807396904677,1.2000000000000002
1901.003601921914,0.796887,0.11004667940972226,1.2000000000000002
1902.0036038266849,0.37486956,0.10413532155696512,2.7
1903.0036057314558,0.23733272,0.010381229557046285,8.6
1904.003607636227,0.41128978,0.009878207382782686,8.6
1905.0036095409978,0.67186224,0.008503717032466612,1.9000000000000001
1906.0036114457687,0.6123733,0.00938244545567826,3.8000000000000003
1907.0036133505398,0.7829944,0.13485200363838437,2.0
1908.0036152553107,0.73677516,0.1349845758395877,2.0
1909.0036171600816,0.78675526,0.13948128771290147,2.0
1910.0036190648527,0.82076883,0.13943255642210653,2.0
1911.0036209696236,0.8551191,0.1394858025467639,2.0
1912.0036228743948,0.7965946,0.13990316242179412,2.1
1913.0036247791656,0.63479567,0.14186582800950237,2.1
1914.0036266839365,0.737097,0.14956779854728583,2.1
1915.0036285887077,0.89067125,0.1501841199760937,2.1
1916.0036304934786,0.7594781,0.15923272282973497,2.1
1917.0036323982495,0.892056,0.09243762878738564,1.0
1918.0036343030206,0.8341344,0.12380368191077316,1.4000000000000001
1919.0036362077915,0.89387065,0.11873206511239572,1.4000000000000001
1920.0036381125624,0.97091955,0.12653992204963876,1.0
1921.0036400173335,0.98931396,0.12808180455348353,1.3
1922.0036419221044,0.9752289,0.14984161840873478,2.2
1923.0036438268753,0.9877913,0.1541789916634677,2.2
1924.0036457316464,0.9721675,0.15025132082093695,2.2
1925.0036476364173,0.9368825,0.15159730472669714,2.2
1926.0036495411882,0.95002925,0.14386855800691126,3.5
1927.0036514459593,0.8483459,0.13971742762280256,2.9000000000000004
1928.0036533507302,0.51930577,0.11552732643943495,1.8
1929.0036552555011,0.56874084,0.12684147910169896,1.8
1930.0036571602723,0.451844,0.12875872667840185,2.9000000000000004
1931.0036590650432,0.47044328,0.13057795495088512,2.0
1932.003660969814,0.48635638,0.10489113264550194,1.6
1933.0036628745852,0.62690395,0.09591053646361032,2.2
1934.003664779356,0.83941877,0.0903728107983921,2.2
1935.003666684127,0.80411774,0.08703680805726109,2.1
1936.003668588898,0.87974447,0.08397894455964279,2.1
1937.003670493669,0.89694977,0.08310029030868596,2.1
1938.00367239844,0.8803408,0.07911625427197988,2.1
1939.003674303211,0.84390795,0.059032912904501564,1.8
1940.003676207982,0.828343,0.02986974852178255,1.4000000000000001
1941.0036781127528,0.6550026,0.013638704550260812,1.2000000000000002
1942.003680017524,0.78390104,0.013305559307836107,1.2000000000000002
1943.0036819222948,0.8137545,0.010891165814171195,0.1
1944.0036838270657,0.9066687,0.05365414383469237,1.5
1945.0036857318369,0.83437634,0.05908904229334039,1.2000000000000002
1946.0036876366078,0.87619674,0.06619331559083222,1.1
1947.0036895413787,0.6740083,0.06736713127222115,1.1
1948.0036914461498,0.80417496,0.07906331270808675,1.0
1949.0036933509207,0.6429473,0.08060322857034181,1.0
1950.0036952556916,0.7344738,0.0836765344526822,1.0
1951.0036971604627,0.61274517,0.08495168331352863,1.0
1952.0036990652336,0.7358422,0.08829668811668383,1.0
1953.0037009700047,0.679302,0.08966681295454043,1.3
1954.0037028747756,0.71070856,0.07517339250770194,1.0
1955.0037047795465,0.7621061,0.082262422520991,1.0
1956.0037066843176,0.6424719,0.07767974123365222,1.0
1957.0037085890885,0.8013037,0.09324086949274266,0.8
1958.0037104938594,0.7855248,0.10531801493921303,1.7000000000000002
1959.0037123986306,0.766412,0.10424208650516678,1.7000000000000002
1960.0037143034015,0.72910804,0.10177922905488543,1.7000000000000002
1961.0037162081724,0.7331069,0.10078428144346557,1.7000000000000002
1962.0037181129435,0.8451749,0.09798404291970195,1.7000000000000002
1963.0037200177144,0.9131204,0.10988078813485345,2.0
1964.0037219224853,0.97552365,0.10819597727261143,2.0
1965.0037238272564,0.97153735,0.09987997028959439,1.6
1966.0037257320273,0.9640679,0.09912263539998657,1.8
1967.0037276367982,0.96486014,0.08380995478991835,1.8
1968.0037295415693,0.89258695,0.055750564269689544,2.3000000000000003
1969.0037314463402,0.8374944,0.05710729434803344,2.3000000000000003
1970.0037333511111,0.96329194,0.05764086951678508,2.3000000000000003
1971.0037352558822,0.94643956,0.09146686216772211,2.5
1972.0037371606531,0.9785378,0.13695754124220802,2.5
1973.003739065424,0.8903606,0.1576710275017122,1.1
1974.0037409701952,0.9037825,0.16251677996768224,1.1
1975.003742874966,0.8478073,0.16807079839886271,1.1
1976.003744779737,0.8728945,0.17103660718071054,1.1
1977.003746684508,0.76601684,0.17478637671537753,1.1
1978.003748589279,0.7022215,0.18500122514563444,1.1
1979.0037504940499,0.67629015,0.18657876163598391,1.1
1980.003752398821,0.6034913,0.1917687960042601,1.1
1981.003754303592,0.45313168,0.17871258951702293,1.1
1982.0037562083628,0.7236169,0.14692800692090305,2.1
1983.003758113134,0.59709346,0.12456118176502949,1.1
1984.0037600179048,0.79019463,0.1181032901208597,1.1
1985.0037619226757,0.8710584,0.11010213540190167,1.1
1986.0037638274468,0.8281012,0.10547437945217049,1.1
1987.0037657322177,0.683124,0.099184230058733,1.1
1988.0037676369886,0.75390327,0.07713390117032945,1.1
1989.0037695417598,0.88037145,0.07214394291570236,1.0
1990.0037714465307,0.83428407,0.05548576336408762,1.5
1991.0037733513016,0.85087395,0.05497051036993383,1.3
1992.0037752560727,0.64923877,0.06127741381954974,1.3
1993.0037771608436,0.61884695,0.0313384609510564,3.7
1994.0037790656147,0.40416098,0.08768402992841608,3.5
1995.0037809703856,0.8702992,0.10212020653958098,2.4000000000000004
1996.0037828751565,0.8617206,0.1038208813732806,1.7000000000000002
1997.0037847799276,0.7260339,0.10681124684606084,2.1
1998.0037866846985,0.7133936,0.11012797547839409,2.1
1999.0037885894694,0.8415558,0.11016818140137616,2.1
2000.0037904942405,0.9527878,0.11035224727170725,2.1
2001.0037923990114,0.94048256,0.11043019564507656,2.1
2002.0037943037823,0.97365415,0.10653423213426387,1.8
2003.0037962085535,0.9247228,0.10648256788426066,1.5
2004.0037981133244,0.9240399,0.09647477214589688,3.2
2005.0038000180953,0.944737,0.08661431561005235,2.5
2006.0038019228664,0.95739347,0.08750855445445624,5.0
2007.0038038276373,0.7569824,0.08609501704759377,3.7
2008.0038057324082,0.86777544,0.0818482736901073,3.7
2009.0038076371793,0.83103734,0.08191050833314491,3.7
2010.0038095419502,0.7782534,0.08631862918164909,2.3000000000000003
2011.003811446721,0.8850799,0.08626384539974172,2.3000000000000003
2012.0038133514922,0.9348213,0.10918316270338264,1.4000000000000001
2013.0038152562631,0.8663323,0.12740605888595397,1.4000000000000001
2014.003817161034,0.91133934,0.11975593752101148,1.4000000000000001
2015.0038190658051,0.66762316,0.12212965327126091,1.6
2016.003820970576,0.7968763,0.12236471594177765,1.6
2017.003822875347,0.7571223,0.12073326323050382,1.6
2018.003824780118,0.828487,0.12038900848930804,1.6
2019.003826684889,0.7405177,0.12040066391012642,1.6
2020.0038285896599,0.8282904,0.11727000774215753,1.6
2021.003830494431,0.7480553,0.11693932687608927,1.6
2022.0038323992019,0.8459219,0.09559078476135428,1.7000000000000002
2023.0038343039728,0.9138257,0.0706590013447737,1.9000000000000001
2024.003836208744,0.8166758,0.04572808837943711,1.9000000000000001
2025.0038381135148,0.52360237,0.027454253299001533,4.5
2026.0038400182857,0.74598163,0.01981126618585503,5.300000000000001
2027.0038419230568,0.8726479,0.02015542283363208,5.300000000000001
2028.0038438278277,0.8924928,0.02037139587463974,5.300000000000001
2029.0038457325986,0.58536285,0.0206855822422799,5.4
2030.0038476373697,0.5032974,0.020292068624717902,5.4
2031.0038495421406,0.34796193,0.022121370155823585,5.4
2032.0038514469115,0.16273274,0.023636679148862937,5.4
2033.0038533516827,0.28452957,0.02594225418727815,5.4
2034.0038552564536,0.6762426,0.02610426499407714,4.5
2035.0038571612247,0.2912879,0.02556583855489663,4.5
2036.0038590659956,0.2332721,0.021398560185461584,4.5
2037.0038609707665,0.38273013,0.02088445719605172,4.5
2038.0038628755376,0.4037191,0.020610695393623594,4.5
2039.0038647803085,0.62395704,0.02033704781123398,4.5
2040.0038666850794,0.2502958,0.019787169277017704,9.8
2041.0038685898505,0.48260635,0.017565339615465664,11.8
2042.0038704946214,0.41565666,0.015393790707857402,9.8
2043.0038723993923,0.5872954,0.01087450690373605,12.200000000000001
2044.0038743041634,0.5940586,0.009829621159670447,12.200000000000001
2045.0038762089343,0.73423934,0.009298782864240395,12.200000000000001
2046.0038781137052,0.52408224,0.00912655011070162,12.200000000000001
2047.0038800184764,0.63246614,0.009574756380495764,12.3
2048.0038819232473,0.56046385,0.009539424624950055,12.3
2049.003883828018,0.62248844,0.004294010588296212,11.4
2050.003885732789,0.62216127,0.004334200820046127,12.3
2051.00388763756,0.621859,0.004305946071259977,12.3
2052.0038895423313,0.58367395,0.00442216111677769,10.9
2053.0038914471024,0.59262705,0.004457007953024521,10.9
2054.003893351873,0.7140363,0.004773452344602752,11.100000000000001
2055.003895256644,0.74161905,0.03562678701025061,0.1
2056.003897161415,0.8510295,0.09408512188646018,0.8
2057.003899066186,0.7303492,0.10832686418621232,2.0
2058.003900970957,0.7280894,0.11089888845631433,2.1
2059.003902875728,0.778808,0.1167111877244083,2.1
2060.003904780499,0.7233665,0.12433613407820329,2.1
2061.00390668527,0.67479306,0.14676845387232534,2.1
2062.0039085900407,0.29836753,0.15794526755973537,2.1
2063.003910494812,0.1269064,0.1588067617297471,2.1
2064.003912399583,0.06636276,0.15883369869971195,2.1
2065.0039143043537,0.12605166,0.15735453807156935,2.1
2066.003916209125,0.10575569,0.13946810873274526,1.7000000000000002
2067.003918113896,0.12619266,0.13984237866382035,4.0
2068.0039200186666,0.063601986,0.140587177682036,2.6
2069.0039219234377,0.07106473,0.1416785790153581,3.3000000000000003
2070.003923828209,0.09530543,0.1368706711705373,2.8000000000000003
2071.0039257329795,0.027430682,0.1164751790672653,2.8000000000000003
2072.0039276377506,0.0277163,0.10161759266448347,2.8000000000000003
2073.0039295425217,0.1461434,0.14514595074365835,0.8
2074.0039314472924,0.29789156,0.15979021960236664,0.8
2075.0039333520635,0.42137152,0.15851145250691473,0.8
2076.0039352568347,0.6769126,0.15512701755710265,0.8
2077.0039371616053,0.7325347,0.14800195854713788,0.8
2078.0039390663765,0.7657819,0.14604047340698456,0.8
2079.0039409711476,0.86147064,0.14021554044254497,0.8
2080.0039428759183,0.9537156,0.13878855127084566,0.8
2081.0039447806894,0.9845428,0.135747667756139,0.9
2082.0039466854605,0.9835931,0.13525938014175734,1.2000000000000002
2083.003948590231,0.9811639,0.08543026873141298,1.2000000000000002
2084.0039504950023,0.89593756,0.04890521160652294,2.4000000000000004
2085.0039523997734,0.8716318,0.04909265466218261,2.7
2086.003954304544,0.5553548,0.031102118913226035,2.7
2087.003956209315,0.69032776,0.018248418599796767,6.6000000000000005
2088.0039581140863,0.6021342,0.019202745508172286,3.6
2089.003960018857,0.57875836,0.020060617124192874,3.6
2090.003961923628,0.39122644,0.01727791088897819,3.6
2091.0039638283993,0.5738333,0.017759194691225895,3.6
2092.00396573317,0.5557479,0.01818771363649888,3.6
2093.003967637941,0.78487474,0.018802692941477305,9.3
2094.003969542712,0.4666801,0.019344276528847234,3.6
2095.0039714474833,0.47845525,0.020219126069674534,9.3
2096.003973352254,0.6155715,0.019908167497175652,9.3
2097.003975257025,0.68025863,0.021562547764885663,2.7
2098.0039771617962,0.6848851,0.022679266546702305,2.7
2099.003979066567,0.81215894,0.02170630007844109,2.7
2100.003980971338,0.299104,0.02311370505128656,4.800000000000001
2101.003982876109,0.5194461,0.0219430575350238,4.800000000000001
2102.00398478088,0.38071138,0.022947007990674114,4.800000000000001
2103.003986685651,0.48006338,0.02266716131165999,2.9000000000000004
2104.003988590422,0.32800156,0.022901931058087716,4.9
2105.0039904951927,0.22148973,0.0224099062531833,4.9
2106.003992399964,0.31250978,0.022296666235795976,4.9
2107.003994304735,0.17349546,0.020092139625551293,5.4
2108.0039962095057,0.061179012,0.018134273212757186,4.5
2109.003998114277,0.11455918,0.019547451715500982,2.3000000000000003
2110.004000019048,0.10660655,0.01754234740822601,3.8000000000000003
2111.0040019238186,0.19695914,0.01707826297598382,3.8000000000000003
2112.0040038285897,0.2780562,0.01811599712310354,3.8000000000000003
2113.004005733361,0.16569662,0.018912612296420106,2.6
2114.0040076381315,0.15670538,0.01793160447350238,2.6
2115.0040095429026,0.13964579,0.016992125011040145,2.6
2116.0040114476737,0.5857782,0.05728660853095993,3.3000000000000003
2117.0040133524444,0.6697465,0.06238698487400564,3.3000000000000003
2118.0040152572155,0.67870295,0.06971393102586351,2.9000000000000004
2119.0040171619867,0.6417206,0.06938566721566482,3.1
2120.0040190667573,0.7128064,0.06940626837063259,3.1
2121.0040209715285,0.7626535,0.06973893168094356,3.1
2122.0040228762996,0.7111746,0.06932660959372224,3.1
2123.0040247810703,0.6983673,0.06973146714008509,3.1
2124.0040266858414,0.7606704,0.06984267139962164,3.1
2125.0040285906125,0.742622,0.06988193794987875,3.1
2126.004030495383,0.60632014,0.043554063187032144,2.1
2127.0040324001543,0.28355783,0.03618813829264496,2.1
2128.0040343049254,0.090401374,0.018471571478100236,4.6000000000000005
2129.004036209696,0.20839724,0.01846868873422064,4.6000000000000005
2130.004038114467,0.27434438,0.018725243312474053,4.6000000000000005
2131.0040400192383,0.32506505,0.01878846867977611,6.0
2132.004041924009,0.43472064,0.017370813735921743,6.0
2133.00404382878,0.303899,0.013664147244553351,5.800000000000001
2134.0040457335513,0.54714835,0.01263210741381128,5.800000000000001
2135.004047638322,0.4920978,0.012725961981544107,6.300000000000001
2136.004049543093,0.5912467,0.012619786247476741,5.800000000000001
2137.004051447864,0.47196716,0.012061248376017051,5.800000000000001
2138.004053352635,0.7660666,0.0114468128008168,6.0
2139.004055257406,0.8990724,0.010735035434083157,6.0
2140.004057162177,0.83702826,0.010117583909981557,6.0
2141.004059066948,0.91631156,0.007458011086988699,8.3
2142.004060971719,0.9052388,0.007764931526763425,8.3
2143.00406287649,0.81856227,0.007940870574708506,6.0
2144.0040647812607,0.78484446,0.008375353744350536,6.0
2145.004066686032,0.6718626,0.007702496780335384,6.0
2146.004068590803,0.6777873,0.007314258662579035,3.0
2147.0040704955736,0.69032,0.006951269537360769,4.4
2148.0040724003447,0.70923907,0.006549640878316983,3.0
2149.004074305116,0.7055642,0.006231585249208292,4.4
2150.0040762098865,0.6875189,0.006263822623085358,4.4
2151.0040781146577,0.630539,0.005903607945148729,6.2
2152.004080019429,0.69032,0.0053746154979204645,7.9
2153.0040819241995,0.69571316,0.005027836760189251,6.0
2154.0040838289706,0.719117,0.04272907100497904,0.5
2155.0040857337417,0.83343256,0.07938998420113416,1.7000000000000002
2156.0040876385124,0.8690095,0.07941556313870327,1.7000000000000002
2157.0040895432835,0.9343255,0.07942681098201225,1.7000000000000002
2158.0040914480546,0.9448427,0.07943857446203166,1.7000000000000002
2159.0040933528253,0.9478134,0.07943525854468897,1.7000000000000002
2160.0040952575964,0.94038504,0.07942866587748158,1.7000000000000002
2161.0040971623675,0.94017386,0.07943415401701835,1.7000000000000002
2162.004099067138,0.93543303,0.07943174431304,1.7000000000000002
2163.0041009719093,0.92614937,0.07941721611107147,1.7000000000000002
2164.0041028766805,0.8298302,0.0668517598977428,1.3
2165.004104781451,0.4663461,0.0036951383155615094,10.100000000000001
2166.0041066862223,0.6065575,0.003243331985134686,10.100000000000001
2167.0041085909934,0.67187124,0.003065769970009557,10.100000000000001
2168.004110495764,0.7062208,0.002853270186665907,10.100000000000001
2169.004112400535,0.71009046,0.002737685818235005,10.100000000000001
2170.0041143053063,0.6240616,0.0028414708775901286,10.100000000000001
2171.004116210077,0.6344223,0.002597830633722962,10.100000000000001
2172.004118114848,0.5833164,0.0025589197024073673,10.100000000000001
2173.004120019619,0.58260614,0.002422494431067751,10.100000000000001
2174.00412192439,0.67950606,0.0023146832695096755,8.200000000000001
2175.004123829161,0.55563366,0.002340975956498959,8.200000000000001
2176.004125733932,0.6204545,0.0022908596035613052,8.200000000000001
2177.0041276387033,0.54183006,0.002275246558151219,8.200000000000001
2178.004129543474,0.55052197,0.002655425172352145,8.1
2179.004131448245,0.62736344,0.0027038070672046562,8.700000000000001
2180.004133353016,0.7394336,0.0031532612473669616,11.700000000000001
2181.004135257787,0.8001869,0.0034436763276951632,10.9
2182.004137162558,0.787155,0.0037470042385755616,10.9
2183.004139067329,0.7578707,0.00402549863596004,10.9
2184.0041409721,0.8095591,0.004181615839324142,11.8
2185.004142876871,0.77538574,0.004485425867391919,11.8
2186.004144781642,0.73430365,0.004542675425308295,11.0
2187.0041466864127,0.8015186,0.0047096428934227845,11.8
2188.004148591184,0.6272437,0.0045966055225531354,11.0
2189.004150495955,0.65842474,0.004654965747793798,11.0
2190.0041524007256,0.5218826,0.004350253505038668,5.4
2191.0041543054967,0.55999166,0.004232610083648129,3.0
2192.004156210268,0.5818056,0.0039995183933725035,3.0
2193.0041581150385,0.60608476,0.003728653973532174,6.2
2194.0041600198097,0.56012404,0.0035694465856574405,6.2
2195.004161924581,0.621312,0.0031696998799418475,6.2
2196.0041638293515,0.63526255,0.0033055317499374797,6.2
2197.0041657341226,0.59642637,0.0033541143465994415,6.2
2198.0041676388937,0.61381024,0.003287134611558824,4.800000000000001
2199.0041695436644,0.6081929,0.0036292751185539964,4.800000000000001
2200.0041714484355,0.65037227,0.004523620267397524,5.300000000000001
2201.0041733532066,0.545591,0.004491711554866759,5.6000000000000005
2202.0041752579773,0.6140475,0.0044676753705399155,5.9
2203.0041771627484,0.6043428,0.0044523735112083004,5.7
2204.0041790675195,0.62493837,0.004440744987469788,5.7
2205.00418097229,0.5972771,0.004437162620396418,5.7
2206.0041828770613,0.5851512,0.00446285841360072,5.6000000000000005
2207.0041847818325,0.5911637,0.004404734024161726,5.6000000000000005
2208.004186686603,0.5854011,0.0043530208232401765,5.6000000000000005
2209.0041885913743,0.6238393,0.004216394960573,5.4
2210.0041904961454,0.7284078,0.003388190963857442,6.800000000000001
2211.004192400916,0.61841595,0.0036342094637672163,12.200000000000001
2212.004194305687,0.65794915,0.0036502012985215287,12.200000000000001
2213.0041962104583,0.4777573,0.003663795619103832,14.9
2214.004198115229,0.5111098,0.003692728504643575,12.200000000000001
2215.00420002,0.33924463,0.003782297407638297,12.200000000000001
2216.004201924771,0.3671042,0.003574903437625025,14.9
2217.004203829542,0.25853458,0.003507370026806206,12.200000000000001
2218.004205734313,0.36101064,0.0037945497562821163,12.200000000000001
2219.004207639084,0.40489584,0.004283321407522624,13.5
2220.004209543855,0.48831147,0.004058016067599881,14.0
2221.004211448626,0.63021016,0.0038842656301079923,13.100000000000001
2222.004213353397,0.51371986,0.003875498730469604,14.0
2223.0042152581677,0.5972452,0.003893310139223082,13.8
2224.004217162939,0.6177062,0.0039463971636499815,13.0
2225.00421906771,0.4823667,0.0038376888792269553,13.0
2226.0042209724807,0.4733302,0.003766374598210982,13.0
2227.004222877252,0.51083463,0.0036772241951555694,13.700000000000001
2228.004224782023,0.56796914,0.003347064654064882,13.700000000000001
2229.0042266867936,0.54192406,0.0022456073136731063,9.9
2230.0042285915647,0.4546027,0.0021176055795224555,9.700000000000001
2231.004230496336,0.654391,0.0019308502602497558,14.9
2232.0042324011065,0.60112363,0.002109409093331404,14.9
2233.0042343058776,0.60881984,0.0021973305256677168,14.9
2234.0042362106487,0.62005407,0.0021646289222164218,14.9
2235.0042381154194,0.65318996,0.0023058869548960937,14.9
2236.0042400201905,0.7028271,0.002362163123527372,13.3
2237.0042419249617,0.7396512,0.0023817226009404755,13.3
2238.0042438297323,0.7294143,0.0024119097670843165,13.3
2239.0042457345035,0.70625204,0.002378596411415124,13.3
2240.0042476392746,0.71678853,0.0024193773914481915,13.3
2241.0042495440453,0.6748986,0.0024061706299207198,13.3
2242.0042514488164,0.67664707,0.002233154259012926,13.200000000000001
2243.0042533535875,0.7159554,0.002124950752343832,13.200000000000001
2244.004255258358,0.7522724,0.002003570796457149,9.700000000000001
2245.0042571631293,0.74909663,0.0018648182290698916,12.200000000000001
2246.0042590679004,0.7421458,0.0018026960643205507,13.100000000000001
2247.004260972671,0.7171051,0.0020031801155975973,13.100000000000001
2248.004262877442,0.6770362,0.0022905506513239107,10.5
2249.0042647822133,0.64811313,0.0023816277818437402,10.4
2250.004266686984,0.677451,0.0024999245005209356,10.4
2251.004268591755,0.7156491,0.0035478484560931027,15.0
2252.0042704965263,0.71034634,0.0035286193147361917,15.0
2253.004272401297,0.701902,0.0035665697399730333,15.0
2254.004274306068,0.72389114,0.0035737194223509415,15.0
2255.004276210839,0.7367533,0.003571610067045115,15.0
2256.00427811561,0.7791092,0.0036081311283531307,15.0
2257.004280020381,0.78320366,0.0035074126455986163,15.0
2258.004281925152,0.78673637,0.0033212293793384346,15.0
2259.004283829923,0.6649577,0.003251477540286443,15.0
2260.004285734694,0.664807,0.003161746979688765,14.600000000000001
2261.004287639465,0.75121933,0.0019793128232469394,14.4
2262.004289544236,0.73388463,0.002077372282353914,14.4
2263.004291449007,0.7567789,0.002111257383695471,12.5
2264.004293353778,0.7309638,0.0020657012785768258,14.4
2265.004295258549,0.7361913,0.0020164637844701234,12.5
2266.0042971633197,0.7194129,0.0020217025750022123,12.5
2267.004299068091,0.693495,0.0019894864655155726,12.5
2268.004300972862,0.70874375,0.001975923061549469,12.5
2269.0043028776327,0.717148,0.0019972815406222475,8.6
2270.004304782404,0.6898123,0.002079398863949249,7.9
2271.004306687175,0.68573475,0.0020632376694693392,12.4
2272.0043085919456,0.7134464,0.002046541494102662,7.9
2273.0043104967167,0.711739,0.002111434012041118,1.4000000000000001
2274.004312401488,0.6784958,0.0023828164765655373,13.200000000000001
2275.0043143062585,0.6998728,0.00257588173577211,10.600000000000001
2276.0043162110296,0.67104334,0.0026458135316473176,10.600000000000001
2277.0043181158007,0.6567604,0.0027636751859260577,10.600000000000001
2278.0043200205714,0.5920527,0.0029625423707056358,10.600000000000001
2279.0043219253425,0.6405091,0.0031232452182129327,14.200000000000001
2280.0043238301137,0.6900203,0.003225656989147133,9.5
2281.0043257348843,0.60856116,0.0031926107234305744,9.5
2282.0043276396555,0.6343439,0.003393266215462934,10.700000000000001
2283.0043295444266,0.54324937,0.0034371023698823925,10.700000000000001
2284.0043314491973,0.5383268,0.0034931830497771693,10.700000000000001
2285.0043333539684,0.5025603,0.0038814832210665646,10.9
2286.0043352587395,0.8816519,0.051929627302594775,2.5
2287.00433716351,0.5755503,0.053234385230833264,2.8000000000000003
2288.0043390682813,0.86496216,0.05426389910128851,2.5
2289.0043409730524,0.8148746,0.054326245115875985,2.5
2290.004342877823,0.84253275,0.05436050827639951,2.5
2291.004344782594,0.7278069,0.05461600574624041,2.6
2292.0043466873653,0.9222047,0.0548622801970825,2.6
2293.004348592136,0.6848417,0.055782597415528185,2.6
2294.004350496907,0.80791473,0.058274031787539406,2.6
2295.0043524016783,0.8148747,0.05829746118772517,2.6
2296.004354306449,0.39424598,0.027090001727397374,5.2
2297.00435621122,0.56877536,0.036838675289229246,3.7
2298.004358115991,0.20088196,0.03577251757666781,5.0
2299.004360020762,0.16897875,0.035887891270973936,5.0
2300.004361925533,0.16517246,0.039823867985350994,5.0
2301.004363830304,0.34735793,0.03964619152992649,5.0
2302.0043657350748,0.58163136,0.03931370306215472,5.0
2303.004367639846,0.3397588,0.0380785582772013,5.0
2304.004369544617,0.60544413,0.034995390215457174,5.0
2305.0043714493877,0.62481296,0.0351198201959763,5.0
2306.004373354159,0.42842036,0.03550913999566939,5.0
2307.00437525893,0.35477537,0.0225423438931062,13.3
2308.0043771637006,0.46933076,0.021871415218934466,13.5
2309.0043790684717,0.2954004,0.02145612563494129,13.3
2310.004380973243,0.3179218,0.01274288384974145,7.2
2311.0043828780135,0.18000343,0.012888549363156674,7.2
2312.0043847827847,0.38672766,0.013501382279583399,7.2
2313.004386687556,0.4021881,0.013596338086270804,3.1
2314.0043885923264,0.3749443,0.012810327719821315,4.2
2315.0043904970976,0.3768221,0.01213613953433156,4.2
2316.0043924018687,0.22468126,0.010452079695860695,4.2
2317.0043943066394,0.38783622,0.009924962472951125,4.2
2318.0043962114105,0.7533476,0.009654420669411934,4.2
2319.0043981161816,0.7600333,0.009620241206537407,4.2
2320.0044000209523,0.82634205,0.009157782825196423,4.2
2321.0044019257234,0.8826425,0.008334219028473889,4.7
2322.0044038304945,0.8325941,0.007267412454303062,4.7
2323.004405735265,0.5992344,0.00690017831070583,4.3
2324.0044076400363,0.6506895,0.002664701781269651,13.0
2325.0044095448075,0.70144385,0.0027233331876162802,13.0
2326.004411449578,0.650045,0.005162083964626791,12.100000000000001
2327.0044133543493,0.6291684,0.005583380976938658,12.100000000000001
2328.0044152591204,0.6077767,0.006520061479046866,12.4
2329.004417163891,0.6217675,0.006527207794845623,8.0
2330.004419068662,0.61474884,0.006542244835723931,8.0
2331.0044209734333,0.66356903,0.00654397087235944,12.4
2332.004422878204,0.5569199,0.006568077550619978,12.4
2333.004424782975,0.7124705,0.006239837324676011,12.4
2334.004426687746,0.73870313,0.006236464771814152,9.200000000000001
2335.004428592517,0.66443944,0.006226447655950878,12.4
2336.004430497288,0.769347,0.00445514925688573,7.6000000000000005
2337.004432402059,0.7533754,0.003989410874538229,7.6000000000000005
2338.00443430683,0.7906716,0.0022093327512008373,9.700000000000001
2339.004436211601,0.7434099,0.0021759328029111306,9.700000000000001
2340.004438116372,0.7398314,0.0021852102306755355,10.3
2341.004440021143,0.7506423,0.0021611395917698613,10.3
2342.004441925914,0.77313745,0.0022981649752605504,10.3
2343.004443830685,0.74193275,0.00241880465755488,10.3
2344.004445735456,0.71439815,0.0024939423208608594,10.3
2345.0044476402268,0.73731565,0.0025022001321282736,13.3
2346.004449544998,0.7626203,0.0024442290754957533,7.9
2347.004451449769,0.77434164,0.002357669813474644,9.5
2348.0044533545397,0.7794198,0.002266725109801227,11.200000000000001
2349.004455259311,0.7958024,0.0022868612360470593,11.200000000000001
2350.004457164082,0.804953,0.002307618609425681,12.9
2351.0044590688526,0.78745407,0.002306949543861509,12.9
2352.0044609736237,0.7934289,0.0021162776671242753,14.9
2353.004462878395,0.73897344,0.0019494066768302486,14.600000000000001
2354.0044647831655,0.75996125,0.0018424194952387696,14.700000000000001
2355.0044666879367,0.7673423,0.001989674476666448,14.700000000000001
2356.004468592708,0.79604876,0.001939253553477874,14.700000000000001
2357.0044704974785,0.7686912,0.001955282289136408,14.700000000000001
2358.0044724022496,0.78146255,0.002028507769887737,14.700000000000001
2359.0044743070207,0.76364833,0.002105293010615943,12.200000000000001
2360.0044762117914,0.8066559,0.045221036632835214,1.9000000000000001
2361.0044781165625,0.5189407,0.063743956743821,2.1
2362.0044800213336,0.78067774,0.07037058591255298,2.1
2363.0044819261043,0.7148571,0.07079486608073958,2.1
2364.0044838308754,0.7745857,0.07083465389265226,2.1
2365.0044857356465,0.7418892,0.07098671815680506,2.1
2366.004487640417,0.9175959,0.07114121816648668,2.1
2367.0044895451883,0.86059684,0.0711786646936101,2.1
2368.0044914499595,0.9309502,0.07254005313472457,2.1
2369.00449335473,0.63911295,0.07258952810833967,2.1
2370.0044952595013,0.8772324,0.056852723873305436,2.3000000000000003
2371.0044971642724,0.7198646,0.05036807937089301,3.6
2372.004499069043,0.7028191,0.046696355862573834,3.6
2373.004500973814,0.77729887,0.04666465371165981,3.6
2374.0045028785853,0.6789558,0.04679028916264831,3.6
2375.004504783356,0.8068964,0.04665719638381649,3.6
2376.004506688127,0.72499835,0.06915804732417907,3.6
2377.004508592898,0.742713,0.06919138340422386,3.6
2378.004510497669,0.69758576,0.0676739867214245,3.8000000000000003
2379.00451240244,0.68513244,0.06747179009487876,3.8000000000000003
2380.004514307211,0.872791,0.0673271451724198,3.8000000000000003
2381.004516211982,0.9483753,0.056196567250706035,3.8000000000000003
2382.004518116753,0.97272545,0.05190015478676512,4.1000000000000005
2383.004520021524,0.9812308,0.05152269967084341,4.0
2384.0045219262947,0.9901412,0.05161919129304524,4.0
2385.004523831066,0.97826195,0.051604738043362054,4.0
2386.004525735837,0.98710734,0.006120282007298023,7.2
2387.0045276406076,0.9808538,0.021115712261642203,2.9000000000000004
2388.004529545379,0.9894651,0.02202235912216282,2.9000000000000004
2389.00453145015,0.98866826,0.02239212840823092,7.300000000000001
2390.0045333549206,0.98908305,0.025428201665329414,2.9000000000000004
2391.0045352596917,0.96806103,0.02636954816376371,2.9000000000000004
2392.004537164463,0.85292244,0.027445691233790887,2.9000000000000004
2393.0045390692335,0.63533646,0.049947893550347094,3.3000000000000003
2394.0045409740046,0.4397686,0.04990644346146877,3.3000000000000003
2395.0045428787757,0.4326843,0.0607765566945815,1.2000000000000002
2396.0045447835464,0.5141653,0.06472822703450273,1.2000000000000002
2397.0045466883175,0.4737005,0.061810642941416076,0.8
2398.0045485930887,0.66542584,0.061708252821778616,1.2000000000000002
2399.0045504978593,0.70963335,0.06166144044885029,0.8
2400.0045524026305,0.60677457,0.06033364312188682,0.8
2401.0045543074016,0.8496472,0.05984015994371226,0.8
2402.0045562121722,0.85790545,0.05876040296914671,0.8
2403.0045581169434,0.83544666,0.04172460079676908,1.0
2404.0045600217145,0.9607159,0.04212313183237878,1.0
2405.004561926485,0.9744203,0.03727813198454039,0.7000000000000001
2406.0045638312563,0.9737467,0.02818425107535909,1.3
2407.0045657360274,0.878382,0.03004810193970137,1.2000000000000002
2408.004567640798,0.7814439,0.036384123272642156,0.1
2409.004569545569,0.8123229,0.04073065951252512,1.2000000000000002
2410.0045714503403,0.7051937,0.042326734019208126,1.2000000000000002
2411.004573355111,0.6277074,0.04280935851167458,1.6
2412.004575259882,0.6547218,0.04331378042874251,1.6
2413.0045771646533,0.41621143,0.04444041088816967,1.6
2414.004579069424,0.37203908,0.04359279210586306,1.6
2415.004580974195,0.43361443,0.036463883312125196,1.1
2416.004582878966,0.6024628,0.03643556229321193,1.1
2417.004584783737,0.73437536,0.03636709971533944,1.0
2418.004586688508,0.6971769,0.030322285347314078,1.2000000000000002
2419.004588593279,0.45527554,0.024198253044174736,2.1
2420.0045904980498,0.60237676,0.02131011850289425,2.1
2421.004592402821,0.34752807,0.020395939061357886,2.1
2422.004594307592,0.4108789,0.01915842423970599,4.2
2423.004596212363,0.6089571,0.016145780847735904,2.1
2424.004598117134,0.72130316,0.015326638207395991,5.2
2425.004600021905,0.74004805,0.017625429602154893,2.0
2426.004601926676,0.78445625,0.019171113226740574,3.0
2427.0046038314467,0.8666774,0.02258889380425975,4.0
2428.004605736218,0.8238827,0.027521298256797458,3.0
2429.004607640989,0.8202655,0.027660998707510664,3.0
2430.0046095457596,0.707572,0.027614567884556077,4.9
2431.004611450531,0.4913782,0.028379171968207356,2.3000000000000003
2432.004613355302,0.47218022,0.028622976747685328,2.3000000000000003
2433.0046152600726,0.5601741,0.028748796154395958,2.3000000000000003
2434.0046171648437,0.63933563,0.028349519413566115,1.7000000000000002
2435.004619069615,0.57662165,0.02624576266286376,3.2
2436.0046209743855,0.3766198,0.024968081446080616,3.2
2437.0046228791566,0.2613092,0.020051480983186935,3.4000000000000004
2438.0046247839277,0.17746556,0.012450955130167547,1.9000000000000001
2439.0046266886984,0.26671687,0.013060111638627477,2.5
2440.0046285934695,0.23460014,0.013396412803891136,1.9000000000000001
2441.0046304982407,0.5096828,0.012284670571361494,4.1000000000000005
2442.0046324030113,0.43313316,0.01197812482260736,4.1000000000000005
2443.0046343077825,0.517151,0.013984336587388948,4.1000000000000005
2444.0046362125536,0.603949,0.016041374051638836,4.1000000000000005
2445.0046381173242,0.47328863,0.016369068706044508,4.1000000000000005
2446.0046400220954,0.22551072,0.01672747036007283,4.1000000000000005
2447.0046419268665,0.22699066,0.016474201794927448,4.1000000000000005
2448.004643831637,0.30383566,0.016193856278232974,4.1000000000000005
2449.0046457364083,0.58024573,0.03635515210280818,2.2
2450.0046476411794,0.7948923,0.04408754915276905,1.5
2451.00464954595,0.62572813,0.04904952528682859,1.5
2452.004651450721,0.63414997,0.0678324309287433,1.5
2453.0046533554923,0.6702497,0.06744077107293081,1.5
2454.004655260263,0.60021204,0.06707452636586264,1.5
2455.004657165034,0.7391033,0.06707518124201331,1.5
2456.0046590698053,0.86990494,0.06704754145098218,1.5
2457.004660974576,0.9252276,0.0670606284535844,1.5
2458.004662879347,0.92702395,0.067080348336462,1.5
2459.004664784118,0.9361338,0.05838693393274519,1.5
2460.004666688889,0.8877941,0.05235720429357787,1.4000000000000001
2461.00466859366,0.897178,0.047552390939842135,7.7
2462.004670498431,0.82552105,0.003010668287805775,6.6000000000000005
2463.0046724032018,0.8128622,0.0028214153553370786,12.700000000000001
2464.004674307973,0.7020667,0.0022019915515636593,14.8
2465.004676212744,0.7582475,0.0017251102474041726,7.7
2466.0046781175147,0.73175186,0.002219187604171114,12.5
2467.004680022286,0.72206855,0.0022891949072066185,11.0
2468.004681927057,0.6810825,0.0028327700077423698,11.100000000000001
2469.0046838318276,0.71478146,0.002845184756858305,11.100000000000001
2470.0046857365987,0.68347985,0.002872266088697117,11.100000000000001
2471.00468764137,0.7006916,0.0028734083539328683,11.100000000000001
2472.0046895461405,0.7197641,0.0028542927523708505,11.100000000000001
2473.0046914509117,0.7654311,0.0028242259522863727,11.100000000000001
2474.004693355683,0.7535744,0.002836982237872785,11.100000000000001
2475.0046952604534,0.6887081,0.002825206043510689,11.100000000000001
2476.0046971652246,0.70579886,0.0023905874113945005,11.100000000000001
2477.0046990699957,0.69636744,0.0022764384179651846,11.100000000000001
2478.0047009747664,0.77761555,0.00151953681192871,1.6
2479.0047028795375,0.7983295,0.001497221183022985,1.6
2480.0047047843086,0.8043293,0.001473035348375121,5.800000000000001
2481.0047066890793,0.7485469,0.0016169753603146612,14.600000000000001
2482.0047085938504,0.72046596,0.0017731643662171172,13.4
2483.0047104986215,0.7310559,0.0017887639516419981,14.600000000000001
2484.004712403392,0.7288737,0.001857523957788491,14.600000000000001
2485.0047143081633,0.692908,0.0021435390250138307,15.0
2486.0047162129345,0.641073,0.002142440160111708,14.5
2487.004718117705,0.62299836,0.0022123072173783442,14.5
2488.0047200224762,0.64761984,0.002304017815297688,14.700000000000001
2489.0047219272474,0.68303645,0.0023187549329867613,14.700000000000001
2490.004723832018,0.7204075,0.002326596694729674,14.700000000000001
2491.004725736789,0.69117326,0.00495560922652472,1.8
2492.0047276415603,0.7149034,0.04210377160014352,4.4
2493.004729546331,0.6646078,0.04697467595296397,3.5
2494.004731451102,0.7635362,0.05031466828691375,3.3000000000000003
2495.004733355873,0.65636885,0.05471736923656912,3.3000000000000003
2496.004735260644,0.6610739,0.05508137801319723,3.3000000000000003
2497.004737165415,0.7788957,0.055113990349480356,3.3000000000000003
2498.004739070186,0.63450235,0.06472725705358143,3.3000000000000003
2499.004740974957,0.6437624,0.07822206964925624,2.8000000000000003
2500.004742879728,0.7312862,0.07828353875474903,2.8000000000000003
2501.004744784499,0.9134812,0.07829472395733847,2.8000000000000003
2502.0047466892697,0.900861,0.06615134211333146,2.6
2503.004748594041,0.8498522,0.06283712044048452,2.6
2504.004750498812,0.8807346,0.06018907551599687,2.0
2505.004752403583,0.8545492,0.05621950936232923,2.4000000000000004
2506.0047543083538,0.9063443,0.055841649234285265,2.4000000000000004
2507.004756213125,0.9055709,0.055778175031472414,2.4000000000000004
2508.004758117896,0.63172376,0.044250897107725555,11.4
2509.0047600226667,0.6371207,0.006022607137753935,3.3000000000000003
2510.004761927438,0.5834715,0.0058354590957413015,2.0
2511.004763832209,0.61553544,0.0040642095822139256,11.600000000000001
2512.0047657369796,0.5246148,0.0042407035262087625,8.5
2513.0047676417507,0.53767264,0.005284033697185774,8.5
2514.004769546522,0.46753275,0.00575688559513549,11.5
2515.0047714512925,0.4842322,0.006285335808146554,7.6000000000000005
2516.0047733560637,0.45786285,0.006414032324550381,7.6000000000000005
2517.004775260835,0.28478995,0.0065698327904419335,2.4000000000000004
2518.0047771656054,0.2739676,0.006771613831843345,2.4000000000000004
2519.0047790703766,0.1941068,0.015085617817945958,0.6000000000000001
2520.0047809751477,0.36698666,0.02397773613945807,1.5
2521.0047828799184,0.361333,0.02390378986866772,1.8
2522.0047847846895,0.27835116,0.0238732343592834,1.8
2523.0047866894606,0.48328057,0.023678717420941683,1.8
2524.0047885942313,0.67728394,0.023581912119243882,1.5
2525.0047904990024,0.8392298,0.023443581808500678,1.5
2526.0047924037735,0.72285,0.0234847018801731,1.6
2527.004794308544,0.8198698,0.02344684997635939,1.6
2528.0047962133153,0.78052455,0.023404789477837324,1.6
2529.0047981180865,0.722836,0.01904235719017693,1.4000000000000001
2530.004800022857,0.53060967,0.003402605237376771,8.9
2531.0048019276283,0.5743023,0.003293082856860358,8.9
2532.0048038323994,0.61269116,0.003263943728413452,8.3
2533.00480573717,0.7201805,0.0032002130475490805,8.5
2534.004807641941,0.75064677,0.0031913692636413153,8.5
2535.0048095467123,0.7487047,0.0032181954255260242,8.5
2536.004811451483,0.7544152,0.0025833278824014187,9.200000000000001
2537.004813356254,0.7880756,0.003486456063463677,4.2
2538.004815261025,0.75462306,0.0035942275569127973,5.800000000000001
2539.004817165796,0.77933544,0.003395447025674034,5.800000000000001
2540.004819070567,0.79742867,0.003246039887827771,5.800000000000001
2541.004820975338,0.79619116,0.0032365189208525885,8.200000000000001
2542.004822880109,0.82231057,0.003195829761261764,8.200000000000001
2543.00482478488,0.80474776,0.0031754741120614796,8.200000000000001
2544.004826689651,0.81383085,0.003239730655149982,8.200000000000001
2545.0048285944217,0.79740417,0.0032356818067701197,6.0
2546.004830499193,0.74998343,0.003228669792268728,8.4
2547.004832403964,0.7576913,0.002255076979210771,10.9
2548.0048343087346,0.7624427,0.002158863677294867,12.9
2549.0048362135058,0.7075663,0.0023147857349341667,15.0
2550.004838118277,0.7332773,0.002272503322432765,14.100000000000001
2551.0048400230476,0.7492422,0.0024031445866568133,9.1
2552.0048419278187,0.7623167,0.0024393641221678018,11.5
2553.00484383259,0.7445313,0.0024603808279401135,11.5
2554.0048457373605,0.7740293,0.002404011768839589,8.1
2555.0048476421316,0.7635703,0.0024959858918876957,8.1
2556.0048495469027,0.8017742,0.0025160352679212527,8.1
2557.0048514516734,0.77751774,0.0024492023335222616,8.1
2558.0048533564445,0.7193656,0.0022638348566519167,9.600000000000001
2559.0048552612157,0.7984195,0.0021073638263883372,14.8
2560.0048571659863,0.78492546,0.0021112604169971493,14.8
2561.0048590707574,0.77669686,0.0019331623648953904,14.8
2562.0048609755286,0.75728995,0.0018424123884575707,6.5
2563.0048628802992,0.72949076,0.0018455165624174825,6.5
2564.0048647850704,0.706604,0.001792838606089109,6.5
2565.0048666898415,0.7147431,0.001709960254862523,14.9
2566.004868594612,0.72618985,0.001669022319587839,9.0
2567.0048704993833,0.73254675,0.0018935900356554622,6.5
2568.0048724041544,0.7036384,0.0019872480919193433,6.5
2569.004874308925,0.7023629,0.002126957986758502,6.5
2570.004876213696,0.69742453,0.00208871809789142,14.0
2571.0048781184673,0.72121173,0.002115678207941533,14.9
2572.004880023238,0.7197418,0.0021594434943655668,14.9
2573.004881928009,0.7507192,0.0021641553478225152,12.3
2574.0048838327803,0.7401463,0.0021967718557655345,9.3
2575.004885737551,0.7596903,0.0021510572584883653,12.3
2576.004887642322,0.733183,0.0022156558437633877,9.3
2577.004889547093,0.7545802,0.002054616484914559,9.3
2578.004891451864,0.75324094,0.001987440424689324,9.3
2579.004893356635,0.766032,0.0017653421392369805,14.600000000000001
2580.004895261406,0.7522621,0.0017977924422864736,14.600000000000001
2581.0048971661768,0.7401086,0.0018003967134092177,12.5
2582.004899070948,0.73208517,0.0018014348811470425,14.600000000000001
2583.004900975719,0.7542888,0.001826746763354522,14.600000000000001
2584.0049028804897,0.72052085,0.0017937195803657468,14.600000000000001
2585.004904785261,0.72448426,0.0017840800210766601,14.600000000000001
2586.004906690032,0.73612094,0.0016895331296503725,14.5
2587.004908594803,0.7618291,0.0016706496507043363,14.5
2588.0049104995737,0.7468567,0.0016642211875920211,14.5
2589.004912404345,0.7146526,0.0017183826153173635,13.9
2590.004914309116,0.68963575,0.0027034494773345375,3.1
2591.0049162138866,0.6748176,0.0028690759790556,13.9
2592.0049181186578,0.6971573,0.002896457899849434,9.200000000000001
2593.004920023429,0.72415394,0.0029328365901620515,9.200000000000001
2594.0049219281996,0.7246664,0.00302204866757773,10.200000000000001
2595.0049238329707,0.7529645,0.0030087735019744266,10.200000000000001
2596.004925737742,0.74761623,0.0029949571288268692,4.3
2597.0049276425125,0.7106376,0.002982306362042635,4.3
2598.0049295472836,0.6277226,0.0029753202775719585,4.3
2599.0049314520547,0.69597137,0.0029662324693798853,4.3
2600.0049333568254,0.72723424,0.002190611165168513,10.600000000000001
2601.0049352615965,0.7507192,0.0019430511929500647,10.100000000000001
2602.0049371663677,0.70438266,0.002109621628097653,10.3
2603.0049390711383,0.64058656,0.003619510948164798,12.700000000000001
2604.0049409759094,0.60448694,0.0037406150431804554,11.600000000000001
2605.0049428806806,0.6857638,0.0038769222444923718,12.100000000000001
2606.0049447854512,0.5852749,0.003941967823772964,13.0
2607.0049466902224,0.6530347,0.00396231161901684,12.600000000000001
2608.0049485949935,0.65466255,0.0039715714932914686,12.600000000000001
2609.004950499764,0.69196975,0.00395696264412921,12.600000000000001
2610.0049524045353,0.6991244,0.003910828289147721,12.600000000000001
2611.0049543093064,0.69532883,0.004051771093391808,14.3
2612.004956214077,0.64778936,0.003932437617383213,13.4
2613.004958118848,0.7350963,0.002507356610128235,10.8
2614.0049600236193,0.7060679,0.0022221813596392066,9.8
2615.00496192839,0.74013853,0.0019520587485569755,14.700000000000001
2616.004963833161,0.77563655,0.0018391534073626443,14.600000000000001
2617.0049657379323,0.7751656,0.0017929481521813636,14.700000000000001
2618.004967642703,0.8096545,0.0017855015217586962,10.9
2619.004969547474,0.78999555,0.0017783418076133509,14.700000000000001
2620.004971452245,0.7739233,0.0017349499163552252,14.4
2621.004973357016,0.7806996,0.0014211345087649905,9.8
2622.004975261787,0.80810094,0.0014131375447260389,7.6000000000000005
2623.004977166558,0.7822837,0.0014807689759590312,7.6000000000000005
2624.0049790713288,0.7164431,0.0016839266559508224,9.200000000000001
2625.0049809761,0.71517015,0.0017560053219354455,9.200000000000001
2626.004982880871,0.71317846,0.0017881022420910726,9.200000000000001
2627.0049847856417,0.7376393,0.0018246862434160877,14.700000000000001
2628.004986690413,0.7450802,0.0018360521300090035,14.700000000000001
2629.004988595184,0.772907,0.001847494641667413,14.700000000000001
2630.0049904999546,0.7551481,0.0018497230931289364,14.700000000000001
2631.0049924047257,0.7689729,0.0018572564180997459,14.700000000000001
2632.004994309497,0.7290885,0.001886208765587064,14.200000000000001
2633.0049962142675,0.7206788,0.0019125878029009928,7.800000000000001
2634.0049981190386,0.78329706,0.0017409022560667593,14.200000000000001
2635.0050000238098,0.76624876,0.0016953709913156076,14.200000000000001
2636.0050019285804,0.7510034,0.0017075991506139492,14.200000000000001
2637.0050038333516,0.74834216,0.0019353152974092263,14.100000000000001
2638.0050057381227,0.76107484,0.0019901417491112283,11.5
2639.0050076428934,0.7626783,0.0020242357286505298,6.7
2640.0050095476645,0.76712525,0.0020861068111403857,6.7
2641.0050114524356,0.722751,0.0029762580869694155,6.7
2642.0050133572063,0.67709213,0.0031559784592098627,9.600000000000001
2643.0050152619774,0.7059946,0.0034040549777413177,6.7
2644.0050171667485,0.7108262,0.0035256275731441076,11.0
2645.005019071519,0.68233895,0.003903808274472598,11.0
2646.0050209762903,0.72558683,0.003913564091718755,11.0
2647.0050228810614,0.741661,0.0038529947637002517,11.0
2648.005024785832,0.763471,0.0038967853876667614,9.8
2649.0050266906032,0.7427149,0.003949954900793508,9.8
2650.0050285953744,0.7312488,0.004150691117494399,9.8
2651.005030500145,0.6849808,0.003946977926322675,9.8
2652.005032404916,0.7365825,0.003945352674976683,9.8
2653.0050343096873,0.71087056,0.0039373617283416235,10.9
2654.005036214458,0.68339086,0.004070785133212625,10.100000000000001
2655.005038119229,0.7584904,0.003734939597243293,9.700000000000001
2656.005040024,0.80078965,0.0037403549288793033,9.700000000000001
2657.005041928771,0.7038995,0.0037189279812268345,9.700000000000001
2658.005043833542,0.72415584,0.00364765858744588,9.700000000000001
2659.005045738313,0.64497244,0.003743077029130298,10.0
2660.005047643084,0.56892365,0.00357586803764076,13.100000000000001
2661.005049547855,0.5832794,0.0031362816336213115,11.600000000000001
2662.005051452626,0.6122605,0.002937658134026177,11.600000000000001
2663.0050533573967,0.63727677,0.0026351795107530706,11.600000000000001
2664.005055262168,0.68689877,0.002263477568471439,9.5
2665.005057166939,0.7460908,0.002213056145775508,11.600000000000001
2666.00505907171,0.73624206,0.0022896905471655746,11.600000000000001
2667.0050609764808,0.7339686,0.0022209762301705284,11.600000000000001
2668.005062881252,0.7413751,0.0022174527933819313,11.600000000000001
2669.005064786023,0.74312085,0.001917201237255874,10.0
2670.0050666907937,0.68004197,0.0018867340027549293,14.200000000000001
2671.005068595565,0.6930059,0.0019070539703514725,14.200000000000001
2672.005070500336,0.72393197,0.002193184303832175,9.8
2673.0050724051066,0.7450609,0.002188727618176215,14.200000000000001
2674.0050743098777,0.75562316,0.0021890003689320034,14.200000000000001
2675.005076214649,0.78089565,0.002233547984125152,9.8
2676.0050781194195,0.78521836,0.0020978605013024197,14.100000000000001
2677.0050800241906,0.7781628,0.0021085444743947335,14.100000000000001
2678.0050819289618,0.73779964,0.0020825142957129985,14.100000000000001
2679.0050838337324,0.725587,0.002082087701999597,12.4
2680.0050857385036,0.78100336,0.002057706910064889,12.4
2681.0050876432747,0.7010086,0.002088019496366348,12.4
2682.0050895480454,0.7888761,0.001785478719143219,12.4
2683.0050914528165,0.7699533,0.0018653565429879336,12.600000000000001
2684.0050933575876,0.7627879,0.0018708903350640091,15.0
2685.0050952623583,0.7667327,0.005236358296027326,0.9
2686.0050971671294,0.74469084,0.05436427299412719,1.6
2687.0050990719005,0.7755767,0.05498797105975908,1.6
2688.005100976671,0.848831,0.06140817689786007,1.8
2689.0051028814423,0.668974,0.06215587413861965,1.8
2690.0051047862135,0.5857194,0.062329744308748686,1.8
2691.005106690984,0.7581212,0.06270051822846892,1.8
2692.0051085957552,0.92184186,0.06297826296187053,1.8
2693.0051105005264,0.9287547,0.06600889728726664,1.8
2694.005112405297,0.96026015,0.07055962853661944,1.4000000000000001
2695.005114310068,0.8393003,0.07192569176575564,1.4000000000000001
2696.0051162148393,0.854779,0.0473705815254492,1.6
2697.00511811961,0.7610526,0.046728979539865816,1.6
2698.005120024381,0.78248775,0.03794199499390061,1.4000000000000001
2699.005121929152,0.7954816,0.036724816286833696,1.5
2700.005123833923,0.85809165,0.03644929728304818,1.5
2701.005125738694,0.875519,0.035788677868435224,1.4000000000000001
2702.005127643465,0.86441106,0.03527210182318607,1.4000000000000001
2703.005129548236,0.8939647,0.02896547410688843,1.6
2704.005131453007,0.77325463,0.01579570711443454,0.4
2705.005133357778,0.7098116,0.004799809822220285,9.9
2706.0051352625487,0.6305481,0.004949336114685358,9.9
2707.00513716732,0.38607457,0.004971013858697344,9.9
2708.005139072091,0.23658253,0.004961723354900727,0.1
2709.0051409768616,0.30379942,0.005192785865105054,0.1
2710.0051428816328,0.29009724,0.005144402291373945,0.1
2711.005144786404,0.25847405,0.0050722110775549304,0.1
2712.0051466911746,0.26039425,0.004857979202871949,0.1
2713.0051485959457,0.2669809,0.004555156106947874,0.1
2714.005150500717,0.20546493,0.003674711819467049,0.1
2715.0051524054875,0.51918644,0.02649502249421676,2.0
2716.0051543102586,0.9630629,0.056008110934680826,2.0
2717.0051562150297,0.95489234,0.059225855409156695,2.1
2718.0051581198004,0.80960745,0.059340554151333075,2.1
2719.0051600245715,0.86575335,0.0609230554511741,2.0
2720.0051619293426,0.8380576,0.06166167985915207,2.0
2721.0051638341133,0.9147544,0.06208533220299844,2.0
2722.0051657388844,0.89524007,0.06588998629617147,2.0
2723.0051676436556,0.933408,0.06688250154998347,2.0
2724.0051695484262,0.7241517,0.06740867464052284,2.0
2725.0051714531974,0.6428001,0.062244098697542945,2.0
2726.0051733579685,0.4394015,0.06086350105086439,0.7000000000000001
2727.005175262739,0.7028546,0.08687612498105632,1.6
2728.0051771675103,0.7571743,0.10331311704903993,1.6
2729.0051790722814,0.9249673,0.1023947773062004,1.6
2730.005180977052,0.91687703,0.10195407785950385,1.6
2731.005182881823,0.88249004,0.12771687227557052,1.7000000000000002
2732.0051847865943,0.7026416,0.12730417461013885,1.7000000000000002
2733.005186691365,0.79665965,0.12740126202341207,1.9000000000000001
2734.005188596136,0.78321385,0.12755970484587167,1.9000000000000001
2735.0051905009072,0.7680045,0.12749212480548622,1.7000000000000002
2736.005192405678,0.8421105,0.1190442819720883,1.9000000000000001
2737.005194310449,0.88951623,0.0998338645261057,2.2
2738.00519621522,0.90406156,0.08348210680519112,1.5
2739.005198119991,0.90053713,0.08438634990774589,2.0
2740.005200024762,0.9290535,0.08458545093204525,2.0
2741.005201929533,0.947232,0.04270692177929636,5.800000000000001
2742.0052038343038,0.796303,0.038700301944493004,6.5
2743.005205739075,0.9456152,0.03679799622909804,6.5
2744.005207643846,0.978687,0.0355224130945544,6.4
2745.0052095486167,0.9574041,0.0360830184616916,6.4
2746.005211453388,0.94624025,0.0360406221527236,6.4
2747.005213358159,0.9354045,0.03578829290443198,6.4
2748.00521526293,0.94663554,0.035794404641580284,6.4
2749.0052171677007,0.9423466,0.034276035965925426,6.4
2750.005219072472,0.94034976,0.03717842807015646,3.1
2751.005220977243,0.81267464,0.04694283387214009,1.7000000000000002
2752.0052228820136,0.78773373,0.047423365251723346,2.5
2753.0052247867848,0.6752417,0.04746514626864265,2.5
2754.005226691556,0.9032383,0.0472446215173922,2.5
2755.0052285963266,0.8946734,0.04646338127710477,2.5
2756.0052305010977,0.9590477,0.04516221091404483,2.5
2757.005232405869,0.92158866,0.044043997449921206,2.4000000000000004
2758.0052343106395,0.8494602,0.04357209279108336,2.4000000000000004
2759.0052362154106,0.83499694,0.04312791909096103,2.5
2760.0052381201817,0.68182594,0.040308663393599745,2.5
2761.0052400249524,0.75285375,0.013682582927640907,3.1
2762.0052419297235,0.7756729,0.008236644872722737,3.1
2763.0052438344946,0.67513037,0.00739786493011622,7.1000000000000005
2764.0052457392653,0.644768,0.007117312877823155,12.0
2765.0052476440364,0.8046506,0.006794409742662748,12.0
2766.0052495488076,0.48593566,0.006928628847518039,12.0
2767.0052514535782,0.66392034,0.00687344633844698,8.4
2768.0052533583494,0.75030905,0.005924247030994425,12.0
2769.0052552631205,0.77162653,0.00611292210558363,7.4
2770.005257167891,0.53717405,0.005821678868472023,8.0
2771.0052590726623,0.81620365,0.03239166526251114,2.6
2772.0052609774334,0.56682885,0.03623367487769998,2.6
2773.005262882204,0.67031527,0.0370295718327659,2.8000000000000003
2774.005264786975,0.4072043,0.037325627493965986,2.7
2775.0052666917463,0.46209544,0.06298631047585174,3.0
2776.005268596517,0.35161367,0.07724917227814962,3.0
2777.005270501288,0.5630997,0.09041216858243778,3.0
2778.0052724060592,0.68474466,0.09041618260982212,3.0
2779.00527431083,0.7920244,0.0903800556939846,3.0
2780.005276215601,0.8174147,0.09034971588526483,3.0
2781.005278120372,0.91240096,0.08445958128271293,3.0
2782.005280025143,0.9283524,0.08292237913530617,1.8
2783.005281929914,0.91224426,0.08574015025485465,1.8
2784.005283834685,0.9368275,0.08572955500342708,1.8
2785.0052857394558,0.8666474,0.07408597340993718,1.5
2786.005287644227,0.73927134,0.1187071098646614,1.5
2787.005289548998,0.821311,0.11930698001720834,3.0
2788.0052914537687,0.71527386,0.13548575169813534,2.7
2789.00529335854,0.686404,0.15886123525451243,2.7
2790.005295263311,0.6892267,0.15888525001322726,2.7
2791.0052971680816,0.86018,0.1588704581561724,2.7
2792.0052990728527,0.5855376,0.15885943927981824,2.7
2793.005300977624,0.83427274,0.1571759800692195,2.7
2794.0053028823945,0.79644,0.15711105192316752,2.7
2795.0053047871656,0.69495475,0.15491961961626952,2.7
2796.0053066919368,0.9022389,0.11586190092835849,6.300000000000001
2797.0053085967074,0.94231886,0.10525140535989586,6.2
2798.0053105014786,0.8106517,0.08335140774592263,5.6000000000000005
2799.0053124062497,0.66157323,0.007004768513024422,8.1
2800.0053143110204,0.7204646,0.006027999634849387,9.1
2801.0053162157915,0.6595607,0.025117467243206317,2.8000000000000003
2802.0053181205626,0.7768133,0.02968493306999037,3.6
2803.0053200253333,0.61074877,0.032065847424400225,3.5
2804.0053219301044,0.5962791,0.03226480344519357,3.6
2805.0053238348755,0.5175829,0.03238533879616122,3.5
2806.005325739646,0.40934026,0.03337297729406927,3.6
2807.0053276444173,0.6134048,0.03359860680174633,3.5
2808.0053295491884,0.658246,0.03384024004226976,3.6
2809.005331453959,0.8385823,0.03792024432611687,3.8000000000000003
2810.0053333587302,0.8994152,0.04071246179869473,3.7
2811.0053352635014,0.40358946,0.034524243101650164,7.300000000000001
2812.005337168272,0.5434761,0.03067594197150105,5.0
2813.005339073043,0.4200798,0.028947936220965777,4.5
2814.0053409778143,0.36835042,0.033503225601453905,4.5
2815.005342882585,0.7044124,0.03357804789042001,4.5
2816.005344787356,0.6371339,0.033289429969725205,4.800000000000001
2817.005346692127,0.5447221,0.03373569313815771,4.800000000000001
2818.005348596898,0.5463479,0.03462692313984305,4.800000000000001
2819.005350501669,0.67882156,0.030069163589417417,4.800000000000001
2820.00535240644,0.6174094,0.026056195411100623,4.800000000000001
2821.005354311211,0.58447224,0.02351055245710864,4.1000000000000005
2822.005356215982,0.8107991,0.023404513807976948,4.1000000000000005
2823.005358120753,0.6217712,0.02261015115313975,4.1000000000000005
2824.0053600255237,0.6238286,0.014595041159481247,7.9
2825.005361930295,0.7325778,0.015872133722006118,6.5
2826.005363835066,0.7000819,0.014149725128332884,5.800000000000001
2827.0053657398366,0.6563283,0.013209728633712624,4.3
2828.0053676446078,0.7480837,0.011628097894050053,7.5
2829.005369549379,0.6755602,0.012617112150282687,6.800000000000001
2830.00537145415,0.8112102,0.014409056627983714,7.1000000000000005
2831.0053733589207,0.6597722,0.016053341476187526,7.1000000000000005
2832.005375263692,0.8987917,0.11258931499801948,2.0
2833.005377168463,0.944762,0.12851377060390407,1.3
2834.0053790732336,0.87254834,0.15727545476002744,1.5
2835.0053809780047,0.9047999,0.17516993185845156,1.4000000000000001
2836.005382882776,0.90378344,0.19945211698437837,2.1
2837.0053847875465,0.95004976,0.19967916554333498,2.1
2838.0053866923176,0.96145594,0.1996093391654955,2.1
2839.0053885970888,0.9571727,0.19955955640717454,2.1
2840.0053905018594,0.9530748,0.1994450657431165,2.1
2841.0053924066306,0.81210345,0.1993476092443953,2.1
2842.0053943114017,0.9689829,0.16575090541055332,1.6
2843.0053962161724,0.9510241,0.15380321675709213,1.2000000000000002
2844.0053981209435,0.9447484,0.1241189066977176,1.1
2845.0054000257146,0.9175809,0.09660281289571218,1.3
2846.0054019304853,0.6342759,0.01068222320873222,10.700000000000001
2847.0054038352564,0.62139064,0.0035364559803273358,11.200000000000001
2848.0054057400275,0.60066634,0.0035793001305781556,11.200000000000001
2849.005407644798,0.6473545,0.0035738616679194717,11.200000000000001
2850.0054095495693,0.5982806,0.0036247169452988306,10.4
2851.0054114543404,0.6052982,0.0037656992620079565,10.4
2852.005413359111,0.57661927,0.003827243699205922,10.4
2853.0054152638822,0.5454488,0.0036628294169054093,10.8
2854.0054171686534,0.5479504,0.003640142048813815,7.9
2855.005419073424,0.48747203,0.0033487795849904346,10.8
2856.005420978195,0.5581207,0.003370516222400761,10.8
2857.0054228829663,0.49769634,0.003150401871473088,10.8
2858.005424787737,0.5816981,0.0030165948265430563,10.8
2859.005426692508,0.5158947,0.0026551348715411205,11.8
2860.005428597279,0.6531137,0.0027162125632223676,10.8
2861.00543050205,0.6325272,0.002550563409460661,10.8
2862.005432406821,0.6904739,0.002547715429293803,11.700000000000001
2863.005434311592,0.7144099,0.0026132188199153397,13.700000000000001
2864.005436216363,0.7989955,0.002572895605776419,10.700000000000001
2865.005438121134,0.85066766,0.0025895612288991125,10.700000000000001
2866.005440025905,0.75641286,0.00256721134969211,11.100000000000001
2867.0054419306757,0.783676,0.00258034404988659,12.5
2868.005443835447,0.6770201,0.002574965907014556,11.100000000000001
2869.005445740218,0.6524512,0.002553283957587134,14.700000000000001
2870.0054476449886,0.6730005,0.0023827911529363446,14.700000000000001
2871.0054495497598,0.66942966,0.00241712118295775,14.700000000000001
2872.005451454531,0.64096963,0.002266101015773926,11.700000000000001
2873.0054533593016,0.5829116,0.0021560320951820667,14.700000000000001
2874.0054552640727,0.648026,0.0020662720660870027,14.700000000000001
2875.005457168844,0.6414271,0.0019467822193204834,14.700000000000001
2876.0054590736145,0.7154663,0.001863912209332265,14.700000000000001
2877.0054609783856,0.764289,0.001825617781659446,14.700000000000001
2878.0054628831567,0.80193883,0.001810476919121667,14.700000000000001
2879.0054647879274,0.79378897,0.0017779359458817397,9.0
2880.0054666926985,0.79024446,0.0017368123507881853,8.5
2881.0054685974696,0.80981725,0.001579799422391847,5.2
2882.0054705022403,0.7819654,0.0015572081500152281,11.200000000000001
2883.0054724070114,0.80552447,0.001494755345245261,11.100000000000001
2884.0054743117826,0.7702497,0.0015797831930825107,14.600000000000001
2885.0054762165532,0.7482867,0.0016496829784330592,14.600000000000001
2886.0054781213244,0.75016224,0.0016652513875021358,14.600000000000001
2887.0054800260955,0.75594306,0.0017112472815631443,9.9
2888.005481930866,0.7375735,0.001832363868815192,10.700000000000001
2889.0054838356373,0.72563624,0.002056165657039819,10.700000000000001
2890.0054857404084,0.5927725,0.06889752160012387,1.4000000000000001
2891.005487645179,0.5947581,0.06918535543087719,1.6
2892.00548954995,0.7850072,0.06927283208421435,1.6
2893.0054914547213,0.79022884,0.06932758356151911,1.6
2894.005493359492,0.59097683,0.06944309648735342,1.6
2895.005495264263,0.8887627,0.06997624137927476,1.4000000000000001
2896.0054971690342,0.9379272,0.07258377368654957,1.6
2897.005499073805,0.9203833,0.07481433138435979,1.6
2898.005500978576,0.91422844,0.08326266254494473,2.4000000000000004
2899.005502883347,0.9194394,0.09138123246885697,1.6
2900.005504788118,0.7467631,0.07741475982123089,2.3000000000000003
2901.005506692889,0.70731074,0.08688519586051842,2.4000000000000004
2902.00550859766,0.75897,0.08685203018042784,2.4000000000000004
2903.0055105024308,0.8297616,0.11658079161505942,2.4000000000000004
2904.005512407202,0.774588,0.12194849877927559,2.4000000000000004
2905.005514311973,0.75231284,0.1276068982696468,2.4000000000000004
2906.0055162167437,0.6486823,0.13970111848732764,1.3
2907.005518121515,0.78388035,0.13991766078562565,0.8
2908.005520026286,0.6130691,0.1370975618986246,2.5
2909.0055219310566,0.7311802,0.13566505650772648,1.9000000000000001
2910.0055238358277,0.6979249,0.12714728893225297,1.9000000000000001
2911.005525740599,0.62580794,0.12331511923302182,0.8
2912.00552764537,0.6140286,0.129596663366253,0.8
2913.0055295501406,0.4554454,0.1506349233452298,1.1
2914.0055314549118,0.37872598,0.15709001128016276,1.1
2915.005533359683,0.52259755,0.15764903835036603,0.7000000000000001
2916.0055352644536,0.67951035,0.14665495161718728,0.9
2917.0055371692247,0.7988489,0.1452798304320283,0.9
2918.005539073996,0.8049394,0.143249008285833,0.9
2919.0055409787665,0.6360913,0.13961198072713712,0.9
2920.0055428835376,0.43739012,0.13884971709960509,0.9
2921.0055447883087,0.6462141,0.13635922748781204,0.9
2922.0055466930794,0.7657687,0.1306237592056199,0.9
2923.0055485978505,0.8755747,0.07229204960474318,0.9
2924.0055505026216,0.7293029,0.04425977965291321,2.1
2925.0055524073923,0.54027075,0.016249490629668177,0.1
2926.0055543121634,0.5296987,0.0031074722049383497,6.0
2927.0055562169346,0.53693724,0.0031398780841000737,6.0
2928.0055581217052,0.55480814,0.002735772302970352,13.700000000000001
2929.0055600264764,0.5121821,0.0029832619424137127,4.6000000000000005
2930.0055619312475,0.59974986,0.002842159644891182,6.0
2931.005563836018,0.5299111,0.002872585371592967,10.4
2932.0055657407893,0.49177158,0.002874156868852052,8.4
2933.0055676455604,0.5798297,0.002474571965088219,10.4
2934.005569550331,0.6582575,0.0024573530916723032,5.0
2935.005571455102,0.59922886,0.002488663964640911,9.8
2936.0055733598733,0.62234277,0.002567359913964751,9.8
2937.005575264644,0.6061089,0.002454425911944578,9.8
2938.005577169415,0.65917474,0.0025200859645363024,9.8
2939.0055790741862,0.60372686,0.00219132560732417,13.600000000000001
2940.005580978957,0.72821367,0.00217002055988941,13.600000000000001
2941.005582883728,0.73543954,0.0034428300768338375,13.600000000000001
2942.005584788499,0.7230885,0.0037383895493786545,11.600000000000001
2943.00558669327,0.671052,0.0037558672954256743,13.8
2944.005588598041,0.68640345,0.0037480376394456796,13.8
2945.005590502812,0.66476285,0.0037172571038470805,13.8
2946.0055924075828,0.7373657,0.0037026715751786554,8.9
2947.005594312354,0.736659,0.0041798241531177715,12.5
2948.005596217125,0.8171751,0.004304526922489232,12.5
2949.0055981218957,0.7169615,0.0043670279554744364,12.5
2950.005600026667,0.71938556,0.004383199625362284,12.5
2951.005601931438,0.6700239,0.00346438690509145,12.3
2952.0056038362086,0.6575743,0.0031530858961060864,9.600000000000001
2953.0056057409797,0.7126442,0.00312334652994815,9.600000000000001
2954.005607645751,0.6547743,0.0031523873621854518,12.600000000000001
2955.0056095505215,0.6444046,0.003117287640013004,9.600000000000001
2956.0056114552926,0.42091855,0.003197623004606371,12.600000000000001
2957.0056133600638,0.35848093,0.002729735112663951,14.200000000000001
2958.0056152648344,0.44715977,0.003200068210104428,14.200000000000001
2959.0056171696056,0.43347743,0.0031287988045037795,14.200000000000001
2960.0056190743767,0.57235855,0.00308665604448779,14.200000000000001
2961.0056209791474,0.54415935,0.003071284748859761,14.200000000000001
2962.0056228839185,0.67127657,0.0030721389522430646,14.200000000000001
2963.0056247886896,0.6969018,0.003154735704343894,14.3
2964.0056266934603,0.76960045,0.0030546676799512924,14.3
2965.0056285982314,0.63595665,0.003053546244016697,14.3
2966.0056305030025,0.6138044,0.00288439960039807,11.5
2967.005632407773,0.56784856,0.0026752307520576456,11.5
2968.0056343125443,0.7399,0.001704525664727947,7.6000000000000005
2969.0056362173154,0.75051093,0.0016822981117719483,11.9
2970.005638122086,0.78848606,0.0016867259799190554,13.0
2971.0056400268572,0.7711482,0.0017219649362846564,13.0
2972.0056419316284,0.76492715,0.0016606937939664702,13.5
2973.005643836399,0.7932588,0.0015149798917979262,13.200000000000001
2974.00564574117,0.7709729,0.0015712917882612486,10.600000000000001
2975.0056476459413,0.7713098,0.0017567353321555443,5.300000000000001
2976.005649550712,0.73306257,0.0019877774596688013,15.0
2977.005651455483,0.7231655,0.002032550879432219,15.0
2978.005653360254,0.67165995,0.00205765768170379,15.0
2979.005655265025,0.70404184,0.0020957342364321414,15.0
2980.005657169796,0.7475648,0.0020965503497705844,15.0
2981.005659074567,0.7966253,0.0021338517499014157,14.9
2982.005660979338,0.82785463,0.0021238833568770626,15.0
2983.005662884109,0.8392348,0.002150586008205169,15.0
2984.00566478888,0.81094563,0.002126401825663314,11.600000000000001
2985.0056666936507,0.7717745,0.0019592845346981633,12.700000000000001
2986.005668598422,0.7922477,0.001823804059441822,13.200000000000001
2987.005670503193,0.7827482,0.0018019700849010735,13.200000000000001
2988.0056724079636,0.7739893,0.0018345543355269066,13.200000000000001
2989.0056743127348,0.76366645,0.0018085660219137696,14.5
2990.005676217506,0.75039643,0.0017595658441659206,14.8
2991.0056781222765,0.76952434,0.0017007957401715043,10.0
2992.0056800270477,0.7669607,0.0017018066200810602,10.9
2993.005681931819,0.7700318,0.0016677764989553002,10.9
2994.00568383659,0.7713691,0.0016360911737492107,10.9
2995.0056857413606,0.7723211,0.001579475713448067,10.9
2996.0056876461317,0.711045,0.005030354231162973,13.700000000000001
2997.005689550903,0.7000706,0.005091028185876942,14.200000000000001
2998.0056914556735,0.67793137,0.005275869187270215,14.3
2999.0056933604446,0.59388685,0.005278721707024325,14.200000000000001
3000.0056952652158,0.6614038,0.005322749140647588,14.200000000000001
3001.0056971699864,0.5497618,0.0056013164940430255,13.4
3002.0056990747576,0.61500984,0.0056956687158122715,15.0
3003.0057009795287,0.5816107,0.005717042539532087,15.0
3004.0057028842994,0.5969421,0.006367158597827782,12.700000000000001
3005.0057047890705,0.55746603,0.006401794034634872,13.200000000000001
3006.0057066938416,0.6290815,0.004279849562262165,13.0
3007.0057085986123,0.63306266,0.0043440736820044385,13.0
3008.0057105033834,0.71592635,0.0041764691240665725,13.3
3009.0057124081545,0.72171044,0.0042495107505443885,10.600000000000001
3010.005714312925,0.6913582,0.004199124719997011,12.600000000000001
3011.0057162176963,0.72755533,0.0038464975795873156,12.600000000000001
3012.0057181224674,0.7109394,0.003732586180891943,10.700000000000001
3013.005720027238,0.6869624,0.003815323502709591,10.700000000000001
3014.0057219320092,0.7740203,0.0025955895926963505,12.600000000000001
3015.0057238367804,0.79002136,0.002521544310813898,10.700000000000001
3016.005725741551,0.7756492,0.002493480687979789,12.4
3017.005727646322,0.7846731,0.0023615604632304947,14.8
3018.0057295510933,0.7588111,0.0022572105613293775,14.8
3019.005731455864,0.77595323,0.002279078210726079,14.8
3020.005733360635,0.7043646,0.0026855384635830057,8.9
3021.005735265406,0.65917766,0.0029041129313368587,6.6000000000000005
3022.005737170177,0.72442716,0.002960339217524094,6.6000000000000005
3023.005739074948,0.7206927,0.002798531718837062,6.6000000000000005
3024.005740979719,0.71730286,0.002769554505480184,6.5
3025.00574288449,0.64416903,0.0027700074882847864,6.6000000000000005
3026.005744789261,0.70994383,0.0027503552407503523,6.6000000000000005
3027.005746694032,0.73478657,0.0026810864044293117,6.6000000000000005
3028.0057485988027,0.69842464,0.0027004997865244782,6.6000000000000005
3029.005750503574,0.7038028,0.0026030529350854438,12.9
3030.005752408345,0.669371,0.0023376484432987314,6.6000000000000005
3031.0057543131156,0.73285556,0.0020162797625640568,12.0
3032.0057562178868,0.76185215,0.0019030746879118022,12.0
3033.005758122658,0.7724998,0.0019424769242686075,15.0
3034.0057600274286,0.76904774,0.001980819337506297,15.0
3035.0057619321997,0.77880174,0.0020267494176537397,15.0
3036.005763836971,0.76934147,0.002029084096032502,15.0
3037.0057657417415,0.75994724,0.002020867433662193,15.0
3038.0057676465126,0.7430068,0.002035713158015328,10.600000000000001
3039.0057695512837,0.71689945,0.003142526865324907,7.1000000000000005
3040.0057714560544,0.67014605,0.003033469628222857,6.1000000000000005
3041.0057733608255,0.7117146,0.00334180537552822,7.2
3042.0057752655966,0.65362257,0.0038441239397868808,7.2
3043.0057771703673,0.6686461,0.0038451366648783562,7.2
3044.0057790751384,0.61071205,0.003847950526209626,7.2
3045.0057809799096,0.5259617,0.0038942448479874665,7.2
3046.0057828846802,0.60266536,0.003884369492243719,7.2
3047.0057847894514,0.55978996,0.003911370068560306,7.2
3048.0057866942225,0.585328,0.0038938641169671308,7.2
3049.005788598993,0.6981225,0.0032152497339641667,10.5
3050.0057905037643,0.7499511,0.0034130687853043957,10.5
3051.0057924085354,0.768007,0.005056128998337109,12.9
3052.005794313306,0.80089515,0.005225896530170706,11.8
3053.005796218077,0.73499805,0.005401627249049456,11.8
3054.0057981228483,0.78832936,0.005531474448535318,11.8
3055.005800027619,0.7309042,0.005703921620164453,11.8
3056.00580193239,0.81718594,0.00594615134201758,13.600000000000001
3057.0058038371612,0.83378345,0.050376472325356365,1.6
3058.005805741932,0.88142496,0.060666798895141275,1.6
3059.005807646703,0.9341243,0.06088064853120115,1.4000000000000001
3060.005809551474,0.91723406,0.06147701912519189,1.4000000000000001
3061.005811456245,0.9013545,0.06153933412705236,1.4000000000000001
3062.005813361016,0.8272571,0.062090515083982764,1.4000000000000001
3063.005815265787,0.86200476,0.06224760778438871,1.4000000000000001
3064.0058171705577,0.8083327,0.062291156534110326,1.4000000000000001
3065.005819075329,0.8712287,0.06229104913463165,1.4000000000000001
3066.0058209801,0.8598662,0.062419546930844824,1.4000000000000001
3067.0058228848707,0.79647267,0.037352725356491125,2.4000000000000004
3068.005824789642,0.7535266,0.01677639114432787,2.8000000000000003
3069.005826694413,0.78584725,0.015942726756021347,2.4000000000000004
3070.0058285991836,0.85891086,0.014693890715216085,2.4000000000000004
3071.0058305039547,0.876144,0.014955776476123854,4.6000000000000005
3072.005832408726,0.80295545,0.015753191888695086,10.0
3073.0058343134965,0.92392594,0.01591521728254276,8.6
3074.0058362182676,0.7063673,0.016408382212674086,8.6
3075.0058381230388,0.41954303,0.01734807885862861,8.6
3076.00584002781,0.44857597,0.01698559057263609,8.6
3077.0058419325806,0.28337482,0.01676492094378662,8.6
3078.0058438373517,0.5088828,0.016319855145057214,8.6
3079.005845742123,0.39422956,0.0167125008121181,14.8
3080.0058476468935,0.42773604,0.016482802226887045,5.4
3081.0058495516646,0.28442433,0.01596710695184231,5.4
3082.0058514564357,0.34659183,0.013006300795546445,3.0
3083.0058533612064,0.28682655,0.012128103475213347,5.4
3084.0058552659775,0.5073275,0.012623289365968703,5.4
3085.0058571707486,0.20772372,0.012229131837148854,11.0
3086.0058590755193,0.18913269,0.012940753218773896,11.0
3087.0058609802904,0.19297086,0.0127634487165942,6.7
3088.0058628850616,0.25950655,0.012720083841540036,11.0
3089.0058647898322,0.49043813,0.012185567738068922,6.7
3090.0058666946034,0.6506538,0.010821357588857841,10.200000000000001
3091.0058685993745,0.71350527,0.010038205771573983,3.8000000000000003
3092.005870504145,0.6799344,0.009380637340434055,3.6
3093.0058724089163,0.71938884,0.0091484567326534,3.6
3094.0058743136874,0.8018599,0.007054958867025391,3.6
3095.005876218458,0.6732262,0.005572163100481605,7.2
3096.005878123229,0.7833678,0.00294531132536291,12.600000000000001
3097.0058800280003,0.77010185,0.002944675625289327,12.8
3098.005881932771,0.78859955,0.0029358613726247007,12.8
3099.005883837542,0.7949383,0.0029377329459832034,12.600000000000001
3100.0058857423132,0.7959587,0.002919829071433537,12.600000000000001
3101.005887647084,0.7871081,0.0028952396631319395,12.600000000000001
3102.005889551855,0.8242445,0.00902261242338874,3.5
3103.005891456626,0.8741959,0.009539412118566864,3.5
3104.005893361397,0.88574994,0.048313199945062967,1.9000000000000001
3105.005895266168,0.783277,0.05484558603984081,1.4000000000000001
3106.005897170939,0.83485395,0.05483053507944139,1.4000000000000001
3107.0058990757097,0.76996785,0.05485396312802045,1.4000000000000001
3108.005900980481,0.793419,0.05486585162984899,1.4000000000000001
3109.005902885252,0.85076576,0.05488885805418242,1.4000000000000001
3110.0059047900227,0.87866354,0.05489530599901195,1.4000000000000001
3111.005906694794,0.89091134,0.05490952329689766,1.4000000000000001
3112.005908599565,0.91085756,0.05426558760027922,1.6
3113.0059105043356,0.78478813,0.0541866231378136,1.6
3114.0059124091067,0.62687844,0.026173950637075435,0.2
3115.005914313878,0.7049963,0.004536071485782601,10.100000000000001
3116.0059162186485,0.74602926,0.004551781577700977,10.0
3117.0059181234196,0.7628631,0.004149728812578274,10.200000000000001
3118.0059200281908,0.59946775,0.004071484721321887,10.200000000000001
3119.0059219329614,0.6647682,0.0036206292826345293,10.200000000000001
3120.0059238377326,0.65882695,0.003413862338361,11.0
3121.0059257425037,0.6293909,0.003196692162260781,6.9
3122.0059276472743,0.6693179,0.0031734887849695238,6.9
3123.0059295520455,0.6930779,0.0031198533098823976,10.100000000000001
3124.0059314568166,0.6659114,0.0029116848429046834,10.100000000000001
3125.0059333615873,0.63636506,0.0027336206235362903,11.200000000000001
3126.0059352663584,0.6816993,0.0026668973075435545,9.0
3127.0059371711295,0.6550799,0.0030119498911620832,11.200000000000001
3128.0059390759,0.6200321,0.0030009305962520444,11.200000000000001
3129.0059409806713,0.8333324,0.028923361496268604,0.1
3130.0059428854424,0.8485619,0.05705968315478503,2.2
3131.005944790213,0.8842756,0.057371246444329005,2.0
3132.0059466949842,0.5606346,0.05847574150231258,1.9000000000000001
3133.0059485997554,0.59308964,0.05898025693773445,1.9000000000000001
3134.005950504526,0.7229438,0.05918183602205511,1.9000000000000001
3135.005952409297,0.52598727,0.05935858249491262,1.9000000000000001
3136.0059543140683,0.78188705,0.059599959628167685,1.9000000000000001
3137.005956218839,0.80336386,0.0596289236408626,1.9000000000000001
3138.00595812361,0.73820925,0.05964250923862946,1.9000000000000001
3139.005960028381,0.60478914,0.05291145218743628,1.9000000000000001
3140.005961933152,0.33776182,0.02012904982397794,5.7
3141.005963837923,0.27425855,0.05136105091077372,2.6
3142.005965742694,0.22289975,0.056257114457469976,2.2
3143.005967647465,0.1459806,0.056424161924626674,2.1
3144.005969552236,0.22261727,0.05675841692068018,2.1
3145.005971457007,0.526699,0.06396859453271375,1.7000000000000002
3146.0059733617777,0.43308645,0.07530678807249014,1.4000000000000001
3147.005975266549,0.7233507,0.07864679361045367,2.0
3148.00597717132,0.6302256,0.08151085561325165,2.0
3149.0059790760906,0.43495992,0.08495519782847148,2.0
3150.0059809808618,0.6134391,0.08594206303258421,2.0
3151.005982885633,0.44760135,0.07354654835102716,2.0
3152.0059847904035,0.42915386,0.074749152550495,2.4000000000000004
3153.0059866951747,0.38688424,0.07589383389135025,2.4000000000000004
3154.005988599946,0.55564505,0.08647992684910398,2.4000000000000004
3155.0059905047165,0.6341799,0.08577723759300095,2.4000000000000004
3156.0059924094876,0.80659604,0.07594279337546171,2.1
3157.0059943142587,0.8437406,0.07220756403197011,2.1
3158.00599621903,0.74073404,0.08851115445612959,2.1
3159.0059981238005,0.9140431,0.084820408253574,2.4000000000000004
3160.0060000285716,0.9513344,0.08372205444014413,2.4000000000000004
3161.0060019333428,0.8949853,0.08214814350652656,2.4000000000000004
3162.0060038381134,0.9123538,0.0769457880526607,2.4000000000000004
3163.0060057428846,0.82800615,0.07542121876180358,2.1
3164.0060076476557,0.5395031,0.06256127208037275,3.0
3165.0060095524263,0.6732245,0.056013341035239965,3.1
3166.0060114571975,0.6552395,0.05596401875566991,3.1
3167.0060133619686,0.6496906,0.05602382990960127,3.5
3168.0060152667393,0.80538464,0.009285890108334346,0.1
3169.0060171715104,0.8169493,0.010824205808496754,0.1
3170.0060190762815,0.7425985,0.01134159698654707,0.1
3171.006020981052,0.42493966,0.012100142765739673,0.1
3172.0060228858233,0.1662957,0.015200951468037004,0.1
3173.0060247905944,0.31161192,0.023655010625435256,0.1
3174.006026695365,0.45160308,0.03984884114419716,1.9000000000000001
3175.0060286001362,0.34173843,0.0404711735535475,2.3000000000000003
3176.0060305049074,0.16992122,0.040216981402516665,2.2
3177.006032409678,0.1948915,0.040177050539580476,2.1
3178.006034314449,0.23744126,0.04093871880725339,2.3000000000000003
3179.0060362192203,0.27495554,0.04064321541734086,2.3000000000000003
3180.006038123991,0.22393449,0.04065147103616095,2.3000000000000003
3181.006040028762,0.33339325,0.04116382187246432,2.3000000000000003
3182.006041933533,0.35321122,0.0405973360864549,2.3000000000000003
3183.006043838304,0.18437612,0.03664341870505685,2.0
3184.006045743075,0.17082295,0.021415789535292294,2.7
3185.006047647846,0.22546805,0.02020258231190996,2.7
3186.006049552617,0.31429103,0.02073521154272764,2.7
3187.006051457388,0.23318338,0.020665189426636307,2.7
3188.006053362159,0.4354655,0.01965545661981616,2.7
3189.0060552669297,0.33797398,0.019657993946135124,2.8000000000000003
3190.006057171701,0.4352229,0.01933612414953063,2.8000000000000003
3191.006059076472,0.48492166,0.017659204545821303,2.8000000000000003
3192.0060609812426,0.6779623,0.01674104724852925,2.4000000000000004
3193.0060628860138,0.6575421,0.016456142213746038,2.8000000000000003
3194.006064790785,0.5901428,0.01273133659472185,2.3000000000000003
3195.0060666955555,0.5314193,0.012789134722251266,2.3000000000000003
3196.0060686003267,0.65055573,0.013266902564954351,12.700000000000001
3197.006070505098,0.40134946,0.013907061343131827,12.700000000000001
3198.0060724098685,0.4686857,0.01435871052123397,12.200000000000001
3199.0060743146396,0.44118246,0.014835831593102134,12.200000000000001
3200.0060762194107,0.06929253,0.015988817936995487,10.9
3201.0060781241814,0.7895165,0.05647736862149008,2.8000000000000003
3202.0060800289525,0.91448534,0.05773404002320283,2.8000000000000003
3203.0060819337236,0.9130544,0.06032216411406011,2.8000000000000003
3204.0060838384943,0.954256,0.06146553702641364,2.8000000000000003
3205.0060857432654,0.97859704,0.06152887909012135,2.8000000000000003
3206.0060876480366,0.97563165,0.0618531696414915,2.8000000000000003
3207.006089552807,0.945711,0.06294500459708652,2.8000000000000003
3208.0060914575783,0.97169703,0.06567135587429626,2.4000000000000004
3209.0060933623495,0.99279094,0.06816566984809314,2.8000000000000003
3210.00609526712,0.98347837,0.08401456419954029,1.3
3211.0060971718913,0.8269438,0.06440525520329664,1.0
3212.0060990766624,0.8348028,0.0633086653814706,1.0
3213.006100981433,0.87982434,0.060572263635799935,1.0
3214.006102886204,0.9041913,0.05904167729833519,1.2000000000000002
3215.0061047909753,0.76583296,0.05892635076659564,1.2000000000000002
3216.006106695746,0.9424303,0.05830521339629848,1.2000000000000002
3217.006108600517,0.95974964,0.0568453896287443,1.1
3218.0061105052882,0.95225096,0.05331574811945238,1.1
3219.006112410059,0.943529,0.049837959917308446,1.1
3220.00611431483,0.8781489,0.006163790126945588,12.100000000000001
3221.006116219601,0.793818,0.0038585537672337555,13.4
3222.006118124372,0.73957765,0.0027992852492011457,13.4
3223.006120029143,0.6597527,0.0027379743341112146,13.4
3224.006121933914,0.6914522,0.002641969803771394,13.4
3225.0061238386847,0.67912996,0.0036758994816969807,13.4
3226.006125743456,0.715688,0.0036497374978066337,13.8
3227.006127648227,0.7590112,0.003601030964290467,14.0
3228.0061295529977,0.8059649,0.003575726635924824,12.9
3229.006131457769,0.7835483,0.0035313605704633817,12.9
3230.00613336254,0.8184106,0.0035159256060515866,12.9
3231.0061352673106,0.8452023,0.0034608123729298044,12.9
3232.0061371720817,0.8430448,0.0034822591054524082,12.9
3233.006139076853,0.82747155,0.0033801290964893195,12.9
3234.0061409816235,0.80047715,0.003386681938005111,12.9
3235.0061428863946,0.81972426,0.0022493695505111633,12.9
3236.0061447911658,0.80533844,0.002219030572353672,9.8
3237.0061466959364,0.7863218,0.001993843489561716,14.3
3238.0061486007075,0.78937286,0.001975004788366146,9.8
3239.0061505054787,0.80039555,0.0019700585086079945,10.3
3240.00615241025,0.8588631,0.002084617353956001,9.700000000000001
3241.0061543150205,0.82233757,0.003599589923335393,3.4000000000000004
3242.0061562197916,0.7570492,0.0037555709394384517,10.200000000000001
3243.0061581245627,0.6858029,0.0037638665708656436,13.100000000000001
3244.0061600293334,0.76861274,0.0037565302925683633,13.9
3245.0061619341045,0.8070516,0.0038355529256268238,0.1
3246.0061638388756,0.835253,0.004079989213062352,0.1
3247.0061657436463,0.8092804,0.004268517570858372,0.1
3248.0061676484174,0.8222339,0.006769979281401111,12.9
3249.0061695531886,0.6895708,0.013112648632529629,7.7
3250.006171457959,0.72821116,0.014444647767315287,7.4
3251.0061733627304,0.72993755,0.014144066728050958,7.4
3252.0061752675015,0.68461174,0.014198850831218796,7.1000000000000005
3253.006177172272,0.67190534,0.014243663100132614,7.5
3254.0061790770433,0.71687615,0.014292052432997157,7.5
3255.0061809818144,0.8547903,0.014354079489585243,14.3
3256.006182886585,0.9181404,0.014353569726846363,7.5
3257.006184791356,0.87480104,0.01430565132995416,7.5
3258.0061866961273,0.94145924,0.013317018212205683,7.5
3259.006188600898,0.91082925,0.007261943966992237,3.4000000000000004
3260.006190505669,0.82901555,0.004156047064515764,12.3
3261.0061924104402,0.7328921,0.004175248797611229,9.4
3262.006194315211,0.85086495,0.0037547346078715105,9.4
3263.006196219982,0.7900641,0.003482008909455059,14.4
3264.006198124753,0.7103128,0.0034064993468124697,12.5
3265.006200029524,0.70851755,0.003235308856766762,9.9
3266.006201934295,0.7589331,0.0030974000589878868,14.3
3267.006203839066,0.7902575,0.0030388385738352127,14.3
3268.0062057438367,0.782376,0.003322679619372801,14.3
3269.006207648608,0.79507655,0.0032942046525310303,12.700000000000001
3270.006209553379,0.81874156,0.0029585673687052365,14.100000000000001
3271.0062114581497,0.81468916,0.0027695388868229824,14.100000000000001
3272.006213362921,0.8218851,0.0027681864016040436,12.600000000000001
3273.006215267692,0.84062314,0.002807993251731121,7.1000000000000005
3274.0062171724626,0.8756825,0.0028004932736612094,12.700000000000001
3275.0062190772337,0.8636586,0.002737982371010314,12.600000000000001
3276.006220982005,0.76955485,0.0028858696270191524,9.700000000000001
3277.0062228867755,0.7254522,0.002960173675566426,9.700000000000001
3278.0062247915466,0.7812273,0.002807776544443066,9.700000000000001
3279.0062266963178,0.7824069,0.0030937944206462886,12.8
3280.0062286010884,0.76694584,0.0030772166966137613,12.8
3281.0062305058595,0.67835337,0.0031687796965922223,9.9
3282.0062324106307,0.7287455,0.003563325014176502,7.9
3283.0062343154013,0.6977272,0.0036453902704738756,13.0
3284.0062362201725,0.7442113,0.003620036131820754,10.100000000000001
3285.0062381249436,0.72264326,0.0036526189802147512,11.700000000000001
3286.0062400297143,0.7639116,0.003445558127801724,11.700000000000001
3287.0062419344854,0.7801731,0.0034452545278098527,11.700000000000001
3288.0062438392565,0.8106773,0.0038181216821098814,9.1
3289.006245744027,0.7981433,0.003552651457756627,9.1
3290.0062476487983,0.78356636,0.0035705552063375477,9.1
3291.0062495535694,0.7181563,0.0036068317871780064,13.100000000000001
3292.00625145834,0.73356444,0.003264531357456556,9.1
3293.006253363111,0.6932941,0.0031168186752411893,9.1
3294.0062552678824,0.8455824,0.054897292088453335,2.6
3295.006257172653,0.79919356,0.05601849211126759,2.6
3296.006259077424,0.78215736,0.05704856908676184,2.6
3297.0062609821953,0.73589844,0.06024236344812375,2.6
3298.006262886966,0.5709376,0.06027076744946952,2.7
3299.006264791737,0.62364143,0.08938238619986374,1.8
3300.006266696508,0.5855004,0.12036482752384468,3.8000000000000003
3301.006268601279,0.6112417,0.1219127509263398,3.8000000000000003
3302.00627050605,0.7597712,0.13450500736631874,3.8000000000000003
3303.006272410821,0.736876,0.1657888839374024,1.4000000000000001
3304.006274315592,0.81205964,0.16231589252918488,1.7000000000000002
3305.006276220363,0.54504305,0.16888117004895664,1.4000000000000001
3306.006278125134,0.45936605,0.18427527965237675,1.5
3307.0062800299047,0.2384485,0.18339599560964462,1.5
3308.006281934676,0.17017193,0.18897622077887807,1.5
3309.006283839447,0.028566997,0.18026923015485724,1.5
3310.0062857442176,0.29816374,0.16162884737017127,1.5
3311.0062876489887,0.45535225,0.16076009681428105,1.5
3312.00628955376,0.68857795,0.15044000377204525,0.9
3313.0062914585305,0.8047602,0.11485897901008986,1.0
3314.0062933633017,0.8125409,0.10653984678579634,0.9
3315.006295268073,0.6695735,0.10688606680790526,2.2
3316.0062971728435,0.913171,0.07546641555502896,2.2
3317.0062990776146,0.8863325,0.07556515745396533,2.2
3318.0063009823857,0.97683275,0.06061912886822885,2.0
3319.0063028871564,0.94468904,0.05114031454422942,3.2
3320.0063047919275,0.97229666,0.0513128647582045,3.2
3321.0063066966986,0.9169869,0.05090478925703295,3.3000000000000003
3322.0063086014698,0.92508525,0.0508599951662844,3.2
3323.0063105062404,0.7513091,0.05082747534622494,3.2
3324.0063124110115,0.7649529,0.050597743615132314,3.2
3325.0063143157827,0.44050935,0.013056560686849468,5.4
3326.0063162205533,0.39259326,0.013049988016432021,5.5
3327.0063181253245,0.55144024,0.011884914780564427,5.5
3328.0063200300956,0.59327936,0.011811099325786065,6.2
3329.0063219348663,0.517656,0.0118755240806662,9.3
3330.0063238396374,0.4973837,0.010856581786570119,10.8
3331.0063257444085,0.66287684,0.01142620180797159,10.8
3332.006327649179,0.697074,0.011475495611494115,10.8
3333.0063295539503,0.8092387,0.011423212686974136,5.300000000000001
3334.0063314587214,0.7970521,0.01223544013415463,5.300000000000001
3335.006333363492,0.4402156,0.014232149871236506,11.200000000000001
3336.0063352682632,0.6404584,0.01545027362527679,6.1000000000000005
3337.0063371730344,0.29132044,0.01631789967717831,6.1000000000000005
3338.006339077805,0.29610476,0.014439858003929962,1.5
3339.006340982576,0.26945198,0.013823756618691231,1.3
3340.0063428873473,0.62885755,0.013286175318188112,6.2
3341.006344792118,0.7212916,0.012569078594053153,6.1000000000000005
3342.006346696889,0.5611766,0.013478308628933223,6.1000000000000005
3343.00634860166,0.5436689,0.013562980017090663,6.1000000000000005
3344.006350506431,0.42689797,0.015237144577213656,6.1000000000000005
3345.006352411202,0.37590972,0.015309196489189167,3.7
3346.006354315973,0.6246858,0.01417559423329834,3.7
3347.006356220744,0.72400033,0.014075557068278283,3.6
3348.006358125515,0.73854446,0.014479648174972272,3.6
3349.006360030286,0.57499117,0.014547063816992676,3.6
3350.0063619350567,0.45285073,0.015065879722289814,3.6
3351.006363839828,0.40122023,0.015685752940503485,5.6000000000000005
3352.006365744599,0.65565354,0.01581830922279618,5.6000000000000005
3353.0063676493696,0.3847835,0.017092159876304087,5.6000000000000005
3354.0063695541407,0.5953072,0.015414092398847074,3.1
3355.006371458912,0.6155891,0.01442924102887058,4.5
3356.0063733636825,0.53980917,0.014328181899050413,4.5
3357.0063752684537,0.28581008,0.014112078410795847,5.5
3358.006377173225,0.69235885,0.014060605207973658,5.5
3359.0063790779955,0.74753535,0.014227291871160716,5.5
3360.0063809827666,0.49327204,0.014793419414418404,4.5
3361.0063828875377,0.53417104,0.01652022192021475,4.5
3362.0063847923084,0.5779909,0.017320615097060003,5.0
3363.0063866970795,0.5267598,0.017387912136214174,2.9000000000000004
3364.0063886018506,0.5292527,0.017134971975764808,2.9000000000000004
3365.0063905066213,0.39710096,0.017269668881629265,3.7
3366.0063924113924,0.33582973,0.017188440722305097,3.7
3367.0063943161636,0.5031859,0.016640445847234904,3.7
3368.006396220934,0.20445633,0.01776313439615304,3.7
3369.0063981257053,0.4549022,0.017948396632662084,3.8000000000000003
3370.0064000304765,0.33834362,0.017049523864063203,3.8000000000000003
3371.006401935247,0.58427465,0.015206069521983112,3.8000000000000003
3372.0064038400183,0.48133734,0.01403039265781428,3.8000000000000003
3373.0064057447894,0.5012404,0.013112351801334634,3.8000000000000003
3374.00640764956,0.34421995,0.013629870488306316,3.8000000000000003
3375.006409554331,0.33070517,0.012427371394426477,3.6
3376.0064114591023,0.38603863,0.012278743348243252,3.6
3377.006413363873,0.3486103,0.012058623101272935,3.6
3378.006415268644,0.3980377,0.009793154716110673,3.5
3379.0064171734152,0.660201,0.009100014859353982,3.6
3380.006419078186,0.7495328,0.009043093839108052,3.6
3381.006420982957,0.6061301,0.0084329241921401,1.9000000000000001
3382.006422887728,0.47256756,0.006938464450359977,3.5
3383.006424792499,0.62034076,0.02057472540916332,0.1
3384.00642669727,0.60350853,0.02031505269660765,0.1
3385.006428602041,0.6049128,0.020366811981509993,0.1
3386.0064305068117,0.48749492,0.020459508931095514,0.1
3387.006432411583,0.4025121,0.02047005397657589,8.0
3388.006434316354,0.38579956,0.021513315213257663,8.6
3389.0064362211247,0.34267434,0.021983275236340177,7.9
3390.006438125896,0.4420482,0.02215119902536471,8.1
3391.006440030667,0.35900486,0.02256055690581423,8.700000000000001
3392.0064419354376,0.13490078,0.023067067146104292,8.1
3393.0064438402087,0.3374144,0.012218524197952406,4.800000000000001
3394.00644574498,0.46271762,0.011963735521927131,4.800000000000001
3395.0064476497505,0.53193253,0.011864378079730188,4.800000000000001
3396.0064495545216,0.58238417,0.011702683883219387,4.800000000000001
3397.0064514592927,0.62124085,0.011726469077101698,4.800000000000001
3398.0064533640634,0.74527067,0.013499045570322143,7.5
3399.0064552688345,0.9153729,0.01375003121469423,3.4000000000000004
3400.0064571736057,0.93261737,0.03748803255046025,0.9
3401.0064590783763,0.87109154,0.05642781925404659,1.4000000000000001
3402.0064609831475,0.8104388,0.16522987381464638,3.4000000000000004
3403.0064628879186,0.8473693,0.1654583996632294,3.3000000000000003
3404.0064647926897,0.8565858,0.16562824292081585,3.1
3405.0064666974604,0.9060427,0.16735296754506054,3.1
3406.0064686022315,0.8511983,0.18084207198026503,3.3000000000000003
3407.0064705070026,0.78168243,0.1958314327382284,1.0
3408.0064724117733,0.74697775,0.2164458062142048,2.7
3409.0064743165444,0.71083564,0.21807202957612007,2.7
3410.0064762213156,0.7113627,0.22492202327769692,1.5
3411.006478126086,0.9040592,0.2211353984586232,1.5
3412.0064800308573,0.5269605,0.15909160592883245,1.9000000000000001
3413.0064819356285,0.6530103,0.15880298903847084,1.9000000000000001
3414.006483840399,0.7167599,0.15895870009446547,1.5
3415.0064857451703,0.69217104,0.15725852285279882,1.5
3416.0064876499414,0.87017834,0.141779452960148,1.5
3417.006489554712,0.93132687,0.12022802310116655,1.5
3418.006491459483,0.9049961,0.07570857295307021,1.7000000000000002
3419.0064933642543,0.78432083,0.07303879348344443,1.9000000000000001
3420.006495269025,0.71834105,0.035996016629868725,3.7
3421.006497173796,0.6015303,0.037863657198008625,3.9000000000000004
3422.0064990785672,0.4914964,0.05452164218116581,1.4000000000000001
3423.006500983338,0.57211864,0.08356423121139164,0.8
3424.006502888109,0.36742628,0.09364167173031444,0.7000000000000001
3425.00650479288,0.36952254,0.11684827045239664,0.7000000000000001
3426.006506697651,0.43354675,0.11954526978942014,0.7000000000000001
3427.006508602422,0.3976665,0.12331814253601761,0.7000000000000001
3428.006510507193,0.39482296,0.12969062279868612,0.6000000000000001
3429.0065124119637,0.5397447,0.13728327546842267,0.6000000000000001
3430.006514316735,0.3525968,0.15790293246708414,0.6000000000000001
3431.006516221506,0.36492234,0.1619811069369268,0.6000000000000001
3432.0065181262767,0.7377901,0.15927915422265213,0.6000000000000001
3433.006520031048,0.5903088,0.15349239098374898,2.5
3434.006521935819,0.73899406,0.1488185531482492,2.5
3435.0065238405896,0.7482,0.13384812995211362,2.5
3436.0065257453607,0.73419654,0.13817052046708575,2.5
3437.006527650132,0.74689263,0.1412223321980142,2.5
3438.0065295549025,0.8067984,0.1359520640088294,2.5
3439.0065314596736,0.78078556,0.1275544405271367,2.5
3440.0065333644447,0.7320942,0.10196832618114321,1.8
3441.0065352692154,0.60595125,0.09402872818297923,2.3000000000000003
3442.0065371739865,0.5515296,0.08960195651194999,0.8
3443.0065390787577,0.7606502,0.07664335743085464,1.0
3444.0065409835283,0.71951556,0.0729514094783424,0.8
3445.0065428882995,0.78481364,0.06964984795938789,1.0
3446.0065447930706,0.7903598,0.054853683667408344,2.4000000000000004
3447.0065466978413,0.84666586,0.0347309432947635,1.7000000000000002
3448.0065486026124,0.9362504,0.033344242398579214,1.5
3449.0065505073835,0.9491879,0.03236237705607777,2.0
3450.006552412154,0.95141566,0.02132999889602237,1.8
3451.0065543169253,0.9182311,0.0204473323900963,1.3
3452.0065562216964,0.93438387,0.021109451140237358,1.8
3453.006558126467,0.9159515,0.021145937481869694,1.3
3454.006560031238,0.9549394,0.021248038184906257,1.8
3455.0065619360093,0.9398628,0.021900055234548316,2.3000000000000003
3456.00656384078,0.91072756,0.026093778323970328,2.3000000000000003
3457.006565745551,0.82489175,0.02799632357633611,2.5
3458.0065676503223,0.7621013,0.02791517120934607,2.5
3459.006569555093,0.7637573,0.02650928514377146,2.5
3460.006571459864,0.24517053,0.025258890471432753,0.1
3461.006573364635,0.27009812,0.024406451917888265,4.7
3462.006575269406,0.33938724,0.023783329371242074,4.7
3463.006577174177,0.5576072,0.023291282643326496,4.7
3464.006579078948,0.58822197,0.022625438611214837,4.7
3465.006580983719,0.5990554,0.021768491028349345,4.7
3466.00658288849,0.6329086,0.017043527640853866,4.7
3467.006584793261,0.7278731,0.011997595180670714,3.4000000000000004
3468.0065866980317,0.84125924,0.011996361992116423,3.1
3469.006588602803,0.8914075,0.012549294139624969,3.1
3470.006590507574,0.89841264,0.019954732614623105,1.0
3471.0065924123446,0.9120285,0.02382602598330171,2.3000000000000003
3472.0065943171157,0.900432,0.02613256025517676,2.3000000000000003
3473.006596221887,0.9096523,0.02767162907552851,2.3000000000000003
3474.0065981266575,0.9130849,0.029009331451624272,0.1
3475.0066000314287,0.94476956,0.03082742906425431,1.7000000000000002
3476.0066019362,0.9023214,0.03227379384705193,1.7000000000000002
3477.0066038409705,0.9756781,0.032946478857506255,1.7000000000000002
3478.0066057457416,0.9643881,0.032889233535074024,2.2
3479.0066076505127,0.9505494,0.03390549374608464,7.4
3480.0066095552834,0.8837594,0.03097077704286496,1.7000000000000002
3481.0066114600545,0.87019026,0.02973362698480804,10.600000000000001
3482.0066133648256,0.883532,0.028181866017006507,10.600000000000001
3483.0066152695968,0.73498374,0.027113375677936917,10.600000000000001
3484.0066171743674,0.8643474,0.0268516935189155,10.600000000000001
3485.0066190791385,0.97810155,0.02482590063064459,7.300000000000001
3486.0066209839097,0.94418395,0.02262034931363092,5.6000000000000005
3487.0066228886803,0.9791475,0.02144702202888864,5.4
3488.0066247934515,0.97906417,0.020890782132297236,6.0
3489.0066266982226,0.97528255,0.018605400023201685,4.800000000000001
3490.0066286029933,0.96930796,0.016555274891685998,2.2
3491.0066305077644,0.96938455,0.013583103993848933,2.2
3492.0066324125355,0.9853873,0.01285508829377334,5.0
3493.006634317306,0.9879832,0.012818076089709685,3.1
3494.0066362220773,0.99112064,0.014997377676677935,8.5
3495.0066381268484,0.9954679,0.020698773432994776,2.5
3496.006640031619,0.9852321,0.0213741977949369,2.2
3497.00664193639,0.96587336,0.02194023331875697,2.2
3498.0066438411613,0.97536296,0.024320483912574353,2.3000000000000003
3499.006645745932,0.97848415,0.03572656040148823,2.3000000000000003
3500.006647650703,0.92095953,0.0414184300569087,2.5
3501.0066495554743,0.78753376,0.04654348706262321,2.5
3502.006651460245,0.5826829,0.04803909933878926,2.5
3503.006653365016,0.755361,0.049253342106675715,2.5
3504.006655269787,0.8684129,0.04942427538038392,2.5
3505.006657174558,0.5739799,0.048380872408993,2.5
3506.006659079329,0.7781494,0.048658541268930176,2.5
3507.0066609841,0.6980247,0.04835271163348123,2.5
3508.006662888871,0.90174586,0.046948460559332814,2.5
3509.006664793642,0.9567941,0.03919926355592259,2.5
3510.006666698413,0.9715296,0.03308864734364911,1.8
3511.0066686031837,0.9672527,0.02531966892296953,2.1
3512.006670507955,0.9335999,0.023824992507954605,2.0
3513.006672412726,0.91225696,0.02223091181506624,0.8
3514.0066743174966,0.8639008,0.01909486177364505,0.8
3515.0066762222677,0.81777996,0.017067151236601102,3.7
3516.006678127039,0.88827276,0.015366739837397673,3.8000000000000003
3517.0066800318095,0.8349624,0.015190740670504167,3.8000000000000003
3518.0066819365807,0.9065689,0.015174327601225224,3.8000000000000003
3519.006683841352,0.86192816,0.015288032556380473,9.9
3520.0066857461225,0.9239832,0.015562776990701795,9.9
3521.0066876508936,0.87068826,0.01598176763153398,9.9
3522.0066895556647,0.92761683,0.018529578665383555,1.6
3523.0066914604354,0.898522,0.025360681007316453,1.2000000000000002
3524.0066933652065,0.8186433,0.03525815985990489,1.2000000000000002
3525.0066952699776,0.7553197,0.03599744002078919,1.2000000000000002
3526.0066971747483,0.8266189,0.036600743997421394,1.3
3527.0066990795194,0.70802516,0.03755738475959393,1.3
3528.0067009842905,0.8854211,0.04941255673770009,1.2000000000000002
3529.006702889061,0.87588555,0.05683529229052798,2.0
3530.0067047938323,0.79971385,0.060794601328910056,2.0
3531.0067066986035,0.856349,0.06522832299878029,1.8
3532.006708603374,0.7491327,0.06655993975705474,1.8
3533.0067105081453,0.51516896,0.07097136593760145,1.8
3534.0067124129164,0.5187714,0.06769071487875078,1.8
3535.006714317687,0.29564315,0.06884877282678042,1.8
3536.006716222458,0.23635729,0.07134859703467132,1.9000000000000001
3537.0067181272293,0.21225369,0.0730101178947559,1.9000000000000001
3538.006720032,0.25773415,0.06745885858912301,6.0
3539.006721936771,0.28353533,0.0688200618640997,4.1000000000000005
3540.006723841542,0.3235604,0.08182321993797481,2.1
3541.006725746313,0.32771626,0.08333798527595775,2.4000000000000004
3542.006727651084,0.3340108,0.08741141039752662,3.8000000000000003
3543.006729555855,0.15977813,0.0851752128671813,2.5
3544.006731460626,0.53864306,0.10737916757282745,2.4000000000000004
3545.006733365397,0.8563364,0.10620401401648057,2.4000000000000004
3546.006735270168,0.8620709,0.1041865278101546,2.4000000000000004
3547.0067371749387,0.8929227,0.10264988972365231,2.4000000000000004
3548.00673907971,0.8699173,0.10147570378798312,1.7000000000000002
3549.006740984481,0.75699294,0.09674207070406476,1.7000000000000002
3550.0067428892517,0.836683,0.08315152611027522,1.7000000000000002
3551.006744794023,0.77420366,0.07810609953662995,3.3000000000000003
3552.006746698794,0.7956257,0.09921638844463246,3.5
3553.0067486035646,0.8973098,0.09663159128333916,3.5
3554.0067505083357,0.91999304,0.06977500531850005,3.5
3555.006752413107,0.9229729,0.06975606351948074,3.5
3556.0067543178775,0.9318475,0.0697539099336678,3.5
3557.0067562226486,0.9279496,0.09050374822664932,1.3
3558.0067581274197,0.90092176,0.11005980625507729,1.5
3559.0067600321904,0.9058441,0.15352388799799166,3.6
3560.0067619369615,0.9429557,0.1539068126120155,2.8000000000000003
3561.0067638417327,0.8619408,0.15398239690914722,2.8000000000000003
3562.0067657465033,0.8212759,0.14274722119942726,0.4
3563.0067676512745,0.7456971,0.15047517083258283,1.5
3564.0067695560456,0.59756416,0.15592984517758826,0.4
3565.0067714608167,0.71649814,0.17009360670997484,1.1
3566.0067733655874,0.5314457,0.17160533273944586,1.1
3567.0067752703585,0.6641167,0.16959862049545407,1.1
3568.0067771751296,0.6207372,0.1808931814769238,2.0
3569.0067790799003,0.7787481,0.14633391327061404,2.0
3570.0067809846714,0.69029003,0.1459835196371984,2.0
3571.0067828894425,0.4883064,0.1458528886237708,2.0
3572.006784794213,0.5990187,0.14108791590315717,2.0
3573.0067866989843,0.63077885,0.13270129332052696,2.0
3574.0067886037555,0.70145583,0.1262915788727147,1.6
3575.006790508526,0.84302974,0.10641981445294545,1.8
3576.0067924132973,0.92592835,0.10365386746063042,1.9000000000000001
3577.0067943180684,0.8931141,0.09740299125106458,0.1
3578.006796222839,0.9087283,0.060785580655448535,0.5
3579.00679812761,0.81532615,0.06365832194966178,0.5
3580.0068000323813,0.8265862,0.0644542648482659,0.7000000000000001
3581.006801937152,0.7362259,0.07864377236099064,0.7000000000000001
3582.006803841923,0.6259903,0.08624754086649788,0.7000000000000001
3583.006805746694,0.59074116,0.08889076868994517,0.7000000000000001
3584.006807651465,0.4252949,0.10219712581005419,0.7000000000000001
3585.006809556236,0.5837971,0.11104188553680053,1.0
3586.006811461007,0.35988566,0.12179212544212152,1.6
3587.006813365778,0.5582332,0.11672881616369811,1.2000000000000002
3588.006815270549,0.67461425,0.10847704694663571,1.0
3589.00681717532,0.81728005,0.11333469795260247,1.1
3590.0068190800907,0.72365123,0.11391691729870007,1.1
3591.006820984862,0.70181185,0.10525223354772131,1.1
3592.006822889633,0.681987,0.10042115649192716,1.7000000000000002
3593.0068247944037,0.5465288,0.13929456286642092,1.0
3594.006826699175,0.7519164,0.1330856343555413,1.0
3595.006828603946,0.8776527,0.1256201719031615,1.0
3596.0068305087166,0.66140306,0.11551574801486934,1.6
3597.0068324134877,0.8171715,0.1158092423749584,1.2000000000000002
3598.006834318259,0.7272219,0.11538511212413768,1.2000000000000002
3599.0068362230295,0.8460718,0.1092785032550638,1.2000000000000002
3600.0068381278006,0.78439903,0.10833941097255664,1.1
3601.0068400325717,0.77532065,0.13196998289952783,0.9
3602.0068419373424,0.7041697,0.21054767569483557,1.8
3603.0068438421135,0.5069692,0.18717063025234112,0.2
3604.0068457468847,0.50020725,0.18530625122786568,0.2
3605.0068476516553,0.69728833,0.1858124511110237,0.2
3606.0068495564265,0.82521534,0.18629126393121537,0.1
3607.0068514611976,0.69104564,0.1863447945095091,0.1
3608.0068533659683,0.5761461,0.18561400964290253,0.1
3609.0068552707394,0.5583681,0.18572362366187117,0.1
3610.0068571755105,0.42888403,0.18622879006996987,0.1
3611.006859080281,0.25550374,0.1696005680540473,1.7000000000000002
3612.0068609850523,0.49202135,0.016191187974147973,2.0
3613.0068628898234,0.41045365,0.01582092593863823,2.0
3614.006864794594,0.70656335,0.0150947384658934,2.3000000000000003
3615.006866699365,0.6718543,0.014938641055242566,2.0
3616.0068686041363,0.9087145,0.014262506456364493,1.7000000000000002
3617.006870508907,0.8480994,0.014145510719325622,1.7000000000000002
3618.006872413678,0.8453571,0.014024469396323238,2.4000000000000004
3619.0068743184493,0.8710722,0.09719477553604676,0.30000000000000004
3620.00687622322,0.6364366,0.1173218999935705,0.9
3621.006878127991,0.6974019,0.11723064556411296,0.1
3622.006880032762,0.6155381,0.11712067296781224,0.9
3623.006881937533,0.66283447,0.1169139067288725,0.9
3624.006883842304,0.7958304,0.11675598185906878,0.8
3625.006885747075,0.9213428,0.11659860157838864,0.8
3626.006887651846,0.9596988,0.1165481824207756,0.9
3627.006889556617,0.9655048,0.11626916891134356,0.9
3628.006891461388,0.9760226,0.11606935585717325,0.9
3629.0068933661587,0.95898,0.06800294333470665,3.4000000000000004
3630.00689527093,0.3293559,0.011485985141028698,5.9
3631.006897175701,0.53644925,0.009985253767315714,5.9
3632.0068990804716,0.6452023,0.04187680174572749,0.1
3633.0069009852427,0.8879846,0.07736378108832474,2.5
3634.006902890014,0.7428305,0.13862233930951134,2.5
3635.0069047947845,0.83762336,0.14482140068552377,2.5
3636.0069066995557,0.79726124,0.1482311778813677,2.5
3637.006908604327,0.72848713,0.1527695399174005,2.6
3638.0069105090975,0.51902837,0.16852064054457344,2.5
3639.0069124138686,0.26764607,0.17633572297459182,2.6
3640.0069143186397,0.38179556,0.1775556793897468,2.6
3641.0069162234104,0.2872755,0.1793539966061114,2.6
3642.0069181281815,0.22141223,0.1766166956471209,2.6
3643.0069200329526,0.51105314,0.16391994040050087,2.2
3644.0069219377233,0.19014733,0.120269781382868,2.2
3645.0069238424944,0.38192102,0.13212576530402764,2.1
3646.0069257472655,0.14062114,0.13815209082283111,2.1
3647.0069276520367,0.11216669,0.1359239625939927,1.8
3648.0069295568073,0.07994043,0.12156551112850497,2.8000000000000003
3649.0069314615785,0.14231965,0.1177681972788115,2.7
3650.0069333663496,0.08310834,0.11794489094522811,3.5
3651.0069352711203,0.06491354,0.1214043702937847,3.5
3652.0069371758914,0.08283943,0.12803604263491647,3.5
3653.0069390806625,0.1853818,0.12920291848192633,3.5
3654.006940985433,0.35198352,0.16775829282044644,3.5
3655.0069428902043,0.33933094,0.15279025192993012,3.5
3656.0069447949754,0.29890287,0.1446353445918054,3.5
3657.006946699746,0.47664887,0.1423512722745814,3.5
3658.006948604517,0.6818412,0.1451448643700065,3.5
3659.0069505092883,0.50463396,0.15815235764297939,3.4000000000000004
3660.006952414059,0.8089906,0.1567237386768639,3.4000000000000004
3661.00695431883,0.8898957,0.15181260427845902,3.4000000000000004
3662.0069562236013,0.9433325,0.14445960324158627,7.5
3663.006958128372,0.77845496,0.14280062117491696,7.5
3664.006960033143,0.8516159,0.09172803272213781,7.5
3665.006961937914,0.8868536,0.09129571972021627,7.5
3666.006963842685,0.93875587,0.08953502487723912,7.6000000000000005
3667.006965747456,0.94268364,0.0888560193167444,3.4000000000000004
3668.006967652227,0.8221846,0.07535114472970977,1.9000000000000001
3669.006969556998,0.5840664,0.006202849866903617,12.700000000000001
3670.006971461769,0.5984253,0.005589325607166471,12.700000000000001
3671.00697336654,0.9523732,0.07213079911046866,2.1
3672.0069752713107,0.6572833,0.07252151539594501,2.1
3673.006977176082,0.44166663,0.10038319693367181,1.4000000000000001
3674.006979080853,0.8111414,0.10042017555782193,1.4000000000000001
3675.0069809856236,0.89308614,0.10047421532643337,1.4000000000000001
3676.0069828903947,0.9246914,0.10052931467683666,1.4000000000000001
3677.006984795166,0.88405424,0.10085807598769837,1.4000000000000001
3678.0069866999365,0.94235176,0.11223751989952138,1.5
3679.0069886047077,0.9608429,0.11278799999921454,1.5
3680.006990509479,0.92026937,0.15113097419453778,1.5
3681.0069924142495,0.88367337,0.16158613675226685,1.8
3682.0069943190206,0.7880833,0.16148388923302748,1.8
3683.0069962237917,0.95947003,0.1458308266998375,1.9000000000000001
3684.0069981285624,0.961475,0.14580059088553937,1.9000000000000001
3685.0070000333335,0.91646594,0.14577711228093168,1.9000000000000001
3686.0070019381046,0.8271616,0.14571832741814542,1.9000000000000001
3687.0070038428753,0.7279121,0.14597850223802547,1.9000000000000001
3688.0070057476464,0.90160155,0.17014239902697342,4.5
3689.0070076524175,0.68706375,0.17094320076990427,1.1
3690.007009557188,0.87941796,0.13938181372129965,1.0
3691.0070114619593,0.88810754,0.10694358904111259,0.9
3692.0070133667305,0.8335814,0.11449906460194917,1.2000000000000002
3693.007015271501,0.76408863,0.1253254533137515,1.2000000000000002
3694.0070171762723,0.87200254,0.12591680223785204,1.2000000000000002
3695.0070190810434,0.9165059,0.13002483455099698,1.2000000000000002
3696.007020985814,0.9675056,0.13003504482201111,1.2000000000000002
3697.007022890585,0.95155436,0.12962004982612246,1.2000000000000002
3698.0070247953563,0.87492263,0.08329384506630644,1.2000000000000002
3699.007026700127,0.8825178,0.08115793518337001,1.1
3700.007028604898,0.92537904,0.07963487403903917,1.2000000000000002
3701.007030509669,0.8760712,0.07732181656321806,0.9
3702.00703241444,0.87949663,0.06555584021272293,0.5
3703.007034319211,0.7735432,0.04076967889717053,3.2
3704.007036223982,0.4285129,0.038559943383633735,2.4000000000000004
3705.007038128753,0.8122355,0.020737977669765005,5.6000000000000005
3706.007040033524,0.85595036,0.02074931265942852,4.6000000000000005
3707.007041938295,0.9330126,0.019899220862108526,4.6000000000000005
3708.0070438430657,0.8697249,0.014598673446677453,7.9
3709.007045747837,0.9461089,0.013133347977799604,7.9
3710.007047652608,0.89755535,0.008289956183181365,5.800000000000001
3711.0070495573787,0.8665704,0.005017956210860802,15.0
3712.00705146215,0.8597743,0.0046388763331858,15.0
3713.007053366921,0.7982006,0.004541987518376092,15.0
3714.0070552716916,0.86699057,0.003149247221527259,14.100000000000001
3715.0070571764627,0.8922779,0.0030015877793545466,14.100000000000001
3716.007059081234,0.9392523,0.00379926740080189,14.100000000000001
3717.0070609860045,0.96885866,0.004648810117737296,14.100000000000001
3718.0070628907756,0.962917,0.005408034091653114,14.100000000000001
3719.0070647955467,0.93117106,0.006515624391096196,1.4000000000000001
3720.0070667003174,0.9286387,0.011099205873632972,1.4000000000000001
3721.0070686050885,0.68069893,0.011199643939147472,1.4000000000000001
3722.0070705098597,0.722507,0.011229523201858512,1.4000000000000001
3723.0070724146303,0.71414894,0.011499310309108616,1.4000000000000001
3724.0070743194015,0.6682861,0.012104558729576715,1.4000000000000001
3725.0070762241726,0.44145992,0.012815237291081015,3.5
3726.0070781289432,0.24440853,0.012716401956151757,3.5
3727.0070800337144,0.39433601,0.012551706153861846,3.5
3728.0070819384855,0.76658684,0.01224937277380084,3.5
3729.0070838432566,0.78763604,0.011662314077044562,14.700000000000001
3730.0070857480273,0.5823181,0.007481399502075868,13.100000000000001
3731.0070876527984,0.7869124,0.007428647476909077,13.100000000000001
3732.0070895575695,0.8499352,0.007347006369200937,13.100000000000001
3733.00709146234,0.83243614,0.006864812409331086,13.100000000000001
3734.0070933671113,0.817687,0.005663468223501141,14.600000000000001
3735.0070952718825,0.85335296,0.0038005589507436894,14.600000000000001
3736.007097176653,0.8784074,0.0036140218225703055,14.600000000000001
3737.0070990814243,0.8562418,0.003252000589194107,14.600000000000001
3738.0071009861954,0.83552355,0.003666384828857341,14.4
3739.007102890966,0.8374161,0.003760680453159902,14.8
3740.007104795737,0.8472858,0.0037403850642281767,14.0
3741.0071067005083,0.7381063,0.0043653196348002726,1.7000000000000002
3742.007108605279,0.650321,0.0045934311789161955,1.9000000000000001
3743.00711051005,0.7468143,0.006818406656743654,1.7000000000000002
3744.007112414821,0.75522393,0.007251834310320083,1.8
3745.007114319592,0.48552236,0.00844835170227972,2.2
3746.007116224363,0.34878907,0.009123431299906495,2.2
3747.007118129134,0.7290178,0.04988997455373759,2.1
3748.007120033905,0.7601067,0.050046500701489194,2.1
3749.007121938676,0.6975647,0.05006643002907991,2.1
3750.007123843447,0.63530636,0.05005862856764348,2.1
3751.0071257482177,0.7234639,0.04997391197306665,2.1
3752.007127652989,0.7460794,0.05002986578065849,2.1
3753.00712955776,0.52144104,0.04993425851174344,2.1
3754.0071314625307,0.74897844,0.05279540208934746,2.0
3755.007133367302,0.53328264,0.05869112541168767,1.7000000000000002
3756.007135272073,0.87275594,0.05936755981042783,1.7000000000000002
3757.0071371768436,0.21232809,0.033995018324121364,4.5
3758.0071390816147,0.1953654,0.033755835010504685,4.6000000000000005
3759.007140986386,0.11456009,0.033681844161435964,4.6000000000000005
3760.0071428911565,0.19275314,0.03364340204922327,4.6000000000000005
3761.0071447959276,0.44372267,0.03362851751844929,4.6000000000000005
3762.0071467006987,0.7229955,0.03347623395060148,4.6000000000000005
3763.0071486054694,0.86688536,0.03338669227377825,4.6000000000000005
3764.0071505102405,0.6121442,0.02876487165095836,4.6000000000000005
3765.0071524150117,0.7659173,0.026093555027267294,3.8000000000000003
3766.0071543197823,0.48584947,0.03347385755395829,2.3000000000000003
3767.0071562245535,0.6606105,0.03949840472183766,5.6000000000000005
3768.0071581293246,0.59366226,0.04230766344758338,3.2
3769.0071600340953,0.69513184,0.04255561861087771,0.7000000000000001
3770.0071619388664,0.33509246,0.04297118706179545,0.7000000000000001
3771.0071638436375,0.2542671,0.043331564930666824,0.7000000000000001
3772.007165748408,0.38540554,0.04421437891359007,3.3000000000000003
3773.0071676531793,0.42730486,0.04539808075727211,3.1
3774.0071695579504,0.60883194,0.0478906864944803,3.3000000000000003
3775.007171462721,0.43786383,0.04933519366706713,3.1
3776.007173367492,0.6274883,0.04437451329709308,2.7
3777.0071752722633,0.7627605,0.03921654785208396,4.5
3778.007177177034,0.89500815,0.03755488305877194,7.4
3779.007179081805,0.93189794,0.037686890735808255,0.1
3780.0071809865763,0.9494542,0.03746328308650689,0.1
3781.007182891347,0.9352674,0.03822549190954519,0.1
3782.007184796118,0.9426271,0.03774658657731379,0.1
3783.007186700889,0.95178515,0.0368531489881092,4.7
3784.00718860566,0.93779,0.03364274740044981,13.4
3785.007190510431,0.89957666,0.025021061279384093,10.4
3786.007192415202,0.97289115,0.029833790844537043,1.4000000000000001
3787.0071943199728,0.94728494,0.04389938042042221,1.4000000000000001
3788.007196224744,0.8537545,0.052567162508995735,1.4000000000000001
3789.007198129515,0.9127241,0.05276866784871864,0.1
3790.0072000342857,0.8157484,0.05343795053805223,0.1
3791.007201939057,0.71798545,0.06587531322108788,1.8
3792.007203843828,0.71645015,0.06529802193626717,1.8
3793.0072057485986,0.8729015,0.06450057522754653,1.8
3794.0072076533697,0.7618073,0.06389867842131366,1.8
3795.007209558141,0.9252285,0.06217656549251463,1.8
3796.0072114629115,0.85967726,0.0602667317485145,10.200000000000001
3797.0072133676827,0.93281466,0.05092103658745644,10.200000000000001
3798.007215272454,0.87551147,0.04159082385345165,10.700000000000001
3799.0072171772244,0.84742695,0.041051520353954304,9.5
3800.0072190819956,0.70585614,0.040108566706888865,9.5
3801.0072209867667,0.6131288,0.004695175165994554,11.9
3802.0072228915374,0.6050965,0.004613590155140932,12.3
3803.0072247963085,0.7482434,0.004535728666465243,11.8
3804.0072267010796,0.7478737,0.0046989149538561,14.0
3805.0072286058503,0.8406625,0.005130365438416856,10.200000000000001
3806.0072305106214,0.898374,0.005053312587738281,14.0
3807.0072324153925,0.8909357,0.0050098920116331686,14.0
3808.007234320163,0.88619393,0.005138445171925669,14.0
3809.0072362249343,0.8783741,0.005084964840371648,14.0
3810.0072381297055,0.8519125,0.004964015208107883,10.0
3811.0072400344766,0.8309062,0.004884618316640899,14.600000000000001
3812.0072419392473,0.8008846,0.004978871086779691,10.0
3813.0072438440184,0.8148479,0.00494674801277399,14.600000000000001
3814.0072457487895,0.76197,0.004738154570440847,14.100000000000001
3815.00724765356,0.8064017,0.0048349912940561564,14.600000000000001
3816.0072495583313,0.7801117,0.004789293418699128,7.2
3817.0072514631024,0.71138644,0.0049879195716369,6.4
3818.007253367873,0.7100247,0.004937275489129109,6.4
3819.007255272644,0.79439604,0.0049507324538235285,6.4
3820.0072571774153,0.8301415,0.004905519170419701,6.4
3821.007259082186,0.83696425,0.006821849344064247,6.4
3822.007260986957,0.8232204,0.0065827776318682085,9.700000000000001
3823.0072628917283,0.7964304,0.0065405094270558645,13.3
3824.007264796499,0.77723956,0.006556468134412224,13.3
3825.00726670127,0.7993935,0.006176821967459068,13.3
3826.007268606041,0.80050266,0.00607484422730024,9.600000000000001
3827.007270510812,0.8266489,0.0058332514081208325,10.9
3828.007272415583,0.7860257,0.005618330092404594,10.9
3829.007274320354,0.7758381,0.005617495775334652,10.9
3830.0072762251248,0.76283747,0.005628889866136818,14.4
3831.007278129896,0.8059841,0.0030847527051345624,14.4
3832.007280034667,0.77255017,0.003084139329596655,14.4
3833.0072819394377,0.7304569,0.0030489185243703313,14.4
3834.007283844209,0.70587826,0.0029214185889933552,14.4
3835.00728574898,0.67050976,0.0028082345312240085,13.700000000000001
3836.0072876537506,0.6858791,0.0026660910392743383,13.700000000000001
3837.0072895585217,0.68497145,0.0025768521081162557,13.700000000000001
3838.007291463293,0.6526451,0.0024340172058469503,13.5
3839.0072933680635,0.68503433,0.0022651968662442705,13.0
3840.0072952728347,0.71286494,0.0021138583009579367,13.0
3841.007297177606,0.7610209,0.0018452088855679394,13.0
3842.0072990823764,0.6750272,0.023469916880805405,0.1
3843.0073009871476,0.61844623,0.04927777575905276,1.4000000000000001
3844.0073028919187,0.770177,0.05400082371691015,1.4000000000000001
3845.0073047966894,0.80325633,0.0560150656668351,1.4000000000000001
3846.0073067014605,0.7441608,0.057432750213257874,1.4000000000000001
3847.0073086062316,0.7853906,0.06222679535157594,1.4000000000000001
3848.0073105110023,0.8712645,0.06540604803635158,1.4000000000000001
3849.0073124157734,0.8972825,0.07383795946190223,1.4000000000000001
3850.0073143205445,0.8750811,0.07564443460570623,1.6
3851.007316225315,0.9113483,0.07568855058368107,1.6
3852.0073181300863,0.8080121,0.07113645848219984,1.6
3853.0073200348575,0.69667536,0.057692254354675405,6.300000000000001
3854.007321939628,0.7338654,0.052964897179451284,6.300000000000001
3855.0073238443993,0.80066186,0.05144170787570436,7.7
3856.0073257491704,0.7874529,0.049940713186804556,6.4
3857.007327653941,0.6729832,0.04374470024724106,7.4
3858.007329558712,0.71643305,0.03933107568919498,7.4
3859.0073314634833,0.86108416,0.018634650082874356,3.8000000000000003
3860.007333368254,0.8258345,0.009271717385018237,14.3
3861.007335273025,0.91153574,0.009117942695418163,14.3
3862.007337177796,0.9042974,0.008954778447598769,14.4
3863.007339082567,0.92107826,0.009675283911995314,14.700000000000001
3864.007340987338,0.91901094,0.009697894413134817,14.5
3865.007342892109,0.930584,0.005414018552053883,10.9
3866.00734479688,0.9293204,0.005086967157361341,12.100000000000001
3867.007346701651,0.9359214,0.005072073727825646,10.9
3868.007348606422,0.9142069,0.00507811370780612,12.200000000000001
3869.0073505111927,0.87690294,0.005405916518213391,11.0
3870.007352415964,0.90780646,0.0054734699513067295,10.8
3871.007354320735,0.870353,0.005464616237977459,11.0
3872.0073562255056,0.9366837,0.03892546038226366,1.4000000000000001
3873.0073581302768,0.9036866,0.05150419298247476,2.4000000000000004
3874.007360035048,0.84270537,0.06236972856415326,2.4000000000000004
3875.0073619398186,0.7192156,0.09015496185898321,11.3
3876.0073638445897,0.8268536,0.096814832528278,11.3
3877.007365749361,0.8515193,0.10341419636704421,11.3
3878.0073676541315,0.86357325,0.11022734306158147,11.3
3879.0073695589026,0.7949807,0.11731494145355693,10.0
3880.0073714636737,0.51391137,0.11992512003252695,1.7000000000000002
3881.0073733684444,0.5532721,0.12106985401254478,5.300000000000001
3882.0073752732155,0.24360874,0.11842378580922788,10.0
3883.0073771779867,0.42077404,0.1182078808883589,11.3
3884.0073790827573,0.5288266,0.11420982665628152,11.3
3885.0073809875284,0.5603005,0.09522611870020636,6.2
3886.0073828922996,0.7254897,0.08809666483717912,6.0
3887.0073847970702,0.81910944,0.0805492911387556,4.4
3888.0073867018414,0.7822255,0.07094529245355866,5.0
3889.0073886066125,0.84823775,0.05868290499231849,2.6
3890.007390511383,0.8310214,0.05237791858213325,2.6
3891.0073924161543,0.8180206,0.048782869783177425,2.3000000000000003
3892.0073943209254,0.89309686,0.03767335333521518,5.1000000000000005
3893.0073962256965,0.89515483,0.020506048934488288,3.2
3894.007398130467,0.918984,0.013303613469668955,2.8000000000000003
3895.0074000352383,0.89167017,0.01215058322803677,2.8000000000000003
3896.0074019400095,0.910737,0.011617276953752743,2.8000000000000003
3897.00740384478,0.9476358,0.011606598940357553,2.8000000000000003
3898.0074057495513,0.94462156,0.01158198368953252,2.8000000000000003
3899.0074076543224,0.85504806,0.0058648168934587784,9.700000000000001
3900.007409559093,0.54130423,0.005139244869010255,9.700000000000001
3901.007411463864,0.77816105,0.004162565590327959,9.700000000000001
3902.0074133686353,0.75197107,0.002877106667919527,9.1
3903.007415273406,0.6181038,0.002367404666465507,14.200000000000001
3904.007417178177,0.4578012,0.0022049529902668638,9.1
3905.007419082948,0.3763109,0.002121288138153662,9.1
3906.007420987719,0.40027848,0.0020044102924319063,14.100000000000001
3907.00742289249,0.39473855,0.0019959088681463987,9.5
3908.007424797261,0.51263213,0.0020814531846429694,9.0
3909.007426702032,0.4099076,0.0020179900091043946,14.100000000000001
3910.007428606803,0.4166102,0.0019235153761017457,7.300000000000001
3911.007430511574,0.38917756,0.001919904402607205,14.100000000000001
3912.0074324163447,0.56289864,0.0019656543562989156,2.6
3913.007434321116,0.401464,0.002129340765304469,11.8
3914.007436225887,0.56496626,0.002233784208025451,11.0
3915.0074381306576,0.7027786,0.00229616082470662,13.0
3916.0074400354288,0.58191055,0.0023756748490767563,11.0
3917.0074419402,0.52802455,0.002380207376448754,10.600000000000001
3918.0074438449706,0.64116913,0.002291026974560347,10.600000000000001
3919.0074457497417,0.5035467,0.002309462728527499,10.600000000000001
3920.007447654513,0.7052455,0.0023788658595560704,10.600000000000001
3921.0074495592835,0.5172293,0.0023984034321879568,10.600000000000001
3922.0074514640546,0.64682674,0.00236663124236223,10.600000000000001
3923.0074533688257,0.5331314,0.012590728528011099,3.8000000000000003
3924.0074552735964,0.70720524,0.015397634483962695,4.2
3925.0074571783675,0.77806693,0.017033423577272805,4.4
3926.0074590831387,0.7980574,0.017611744199363913,4.4
3927.0074609879093,0.8455617,0.01785456281857757,4.4
3928.0074628926805,0.7998877,0.025052120601163866,2.8000000000000003
3929.0074647974516,0.7340929,0.025139666882067507,2.8000000000000003
3930.0074667022222,0.5253198,0.025363102040726098,5.800000000000001
3931.0074686069934,0.58218485,0.025640765139494235,2.0
3932.0074705117645,0.72008026,0.025864920440395837,2.0
3933.007472416535,0.728893,0.023195550722934964,2.0
3934.0074743213063,0.8196437,0.022412547712517928,5.9
3935.0074762260774,0.9549443,0.024536477193271462,5.9
3936.007478130848,0.93563145,0.028475085511365496,5.9
3937.007480035619,0.9169978,0.03829308509074711,2.6
3938.0074819403903,0.7889277,0.036125838368788014,7.0
3939.007483845161,0.8198406,0.03959570400662732,7.0
3940.007485749932,0.7305362,0.04043034823302577,2.1
3941.0074876547033,0.88453895,0.04089243605835639,2.1
3942.007489559474,0.9469835,0.041231817715188884,2.1
3943.007491464245,0.9502118,0.043587442340923974,7.1000000000000005
3944.007493369016,0.97638786,0.04358073715176047,7.1000000000000005
3945.007495273787,0.9751364,0.04226771532298969,13.100000000000001
3946.007497178558,0.96603394,0.04018435326748752,3.0
3947.007499083329,0.979618,0.032331781809370186,7.5
3948.0075009880998,0.9806384,0.032621237193978775,1.4000000000000001
3949.007502892871,0.9848134,0.030068281353310074,1.4000000000000001
3950.007504797642,0.9808834,0.03325793177582969,8.200000000000001
3951.0075067024127,0.9591046,0.03522237185969469,8.200000000000001
3952.007508607184,0.8920573,0.03586160043164298,5.0
3953.007510511955,0.8743184,0.03265033596804425,5.0
3954.0075124167256,0.70860386,0.032383884809877764,8.200000000000001
3955.0075143214967,0.77750945,0.03190984420536804,8.200000000000001
3956.007516226268,0.80178076,0.030969862066005494,8.200000000000001
3957.0075181310385,0.76960963,0.02950971620785328,8.200000000000001
3958.0075200358096,0.7493879,0.026571871429074204,7.4
3959.007521940581,0.76192623,0.02437907401849462,7.300000000000001
3960.0075238453514,0.5195859,0.018892922852851744,7.300000000000001
3961.0075257501226,0.74045825,0.014702347670447159,4.1000000000000005
3962.0075276548937,0.7871788,0.01597642589919074,8.700000000000001
3963.0075295596644,0.5613186,0.01854604324475904,3.1
3964.0075314644355,0.51325405,0.01794509756667794,3.1
3965.0075333692066,0.6625046,0.01764367639051073,3.1
3966.0075352739773,0.6902595,0.017674103986986656,3.1
3967.0075371787484,0.7330431,0.017698532664858064,3.1
3968.0075390835195,0.8630062,0.017595115537572932,3.1
3969.00754098829,0.9386966,0.017612512812580534,3.1
3970.0075428930613,0.93070686,0.016549376767619427,3.0
3971.0075447978325,0.9063764,0.01604703569442595,3.0
3972.007546702603,0.78168595,0.023010546996826826,8.5
3973.0075486073742,0.8987341,0.0277318726898342,8.3
3974.0075505121454,0.94013125,0.030584230764514237,8.200000000000001
3975.0075524169165,0.946325,0.03179729542645662,8.200000000000001
3976.007554321687,0.95657754,0.03397127561146502,9.1
3977.0075562264583,0.96863794,0.03439929729365887,8.1
3978.0075581312294,0.9765474,0.03440905529074863,8.1
3979.007560036,0.98421174,0.034420346087200314,9.1
3980.007561940771,0.98308045,0.034594186204478704,9.1
3981.0075638455423,0.95296,0.03544890580188853,9.1
3982.007565750313,0.9766699,0.030200661048291298,9.1
3983.007567655084,0.9464312,0.025448147032489408,9.1
3984.0075695598553,0.9570349,0.025204471907002025,8.0
3985.007571464626,0.9121464,0.02636796122200671,2.1
3986.007573369397,0.8892479,0.02910367191964454,4.800000000000001
3987.007575274168,0.91252214,0.029376780282935677,4.800000000000001
3988.007577178939,0.8521034,0.029309932559077278,4.800000000000001
3989.00757908371,0.8154261,0.02927916928297205,4.800000000000001
3990.007580988481,0.89526474,0.028992706129059506,4.800000000000001
3991.0075828932518,0.92305833,0.0273930639020615,4.800000000000001
3992.007584798023,0.89148384,0.026517904388313293,4.7
3993.007586702794,0.81732494,0.02533824816474297,4.7
3994.0075886075647,0.7172569,0.02213860958181139,4.7
3995.007590512336,0.696267,0.01879454550649803,4.6000000000000005
3996.007592417107,0.7539,0.00733499427094419,7.9
3997.0075943218776,0.6872456,0.002611460811919731,10.0
3998.0075962266487,0.5054339,0.0024816586553534806,15.0
3999.00759813142,0.7122929,0.0028521064338898746,10.8
4000.0076000361905,0.5966153,0.002852598378702071,10.8
4001.0076019409616,0.87269855,0.0030379261197429498,10.5
4002.007603845733,0.8998818,0.009267653300627213,0.5
4003.0076057505034,0.8273705,0.01377210722622041,4.2
4004.0076076552746,0.8987914,0.013790940534219366,4.2
4005.0076095600457,0.91674876,0.014555817498941996,4.2
4006.0076114648164,0.9401441,0.01712535773056263,4.0
4007.0076133695875,0.88434905,0.018334987894211556,8.1
4008.0076152743586,0.9075175,0.020891312907679496,2.4000000000000004
4009.0076171791293,0.9418017,0.02107325256412837,2.4000000000000004
4010.0076190839004,0.8701188,0.021522809963516087,2.4000000000000004
4011.0076209886715,0.9407373,0.0327995647261462,2.4000000000000004
4012.007622893442,0.94702125,0.13283417093117067,1.8
4013.0076247982133,0.8589027,0.13253318726854074,1.8
4014.0076267029845,0.91206557,0.13253409109185274,1.8
4015.007628607755,0.79988825,0.1324772331907118,1.8
4016.0076305125262,0.9006589,0.13216678714123672,1.8
4017.0076324172974,0.82474643,0.13200781584789048,1.8
4018.007634322068,0.903743,0.13163028279721387,1.8
4019.007636226839,0.9221342,0.13174815630841302,1.7000000000000002
4020.0076381316103,0.8195677,0.16758135487901196,1.7000000000000002
4021.007640036381,0.8540252,0.165777126001665,1.7000000000000002
4022.007641941152,0.7570142,0.10412960062703384,2.0
4023.007643845923,0.91316444,0.10405538049923266,1.8
4024.007645750694,0.9282052,0.10407410367273585,1.9000000000000001
4025.007647655465,0.950828,0.10958020103324193,2.0
4026.007649560236,0.9414829,0.11967229289171945,2.0
4027.007651465007,0.9296934,0.1202088784367113,2.0
4028.007653369778,0.91889167,0.12096943637193115,1.5
4029.007655274549,0.8896287,0.13586889960296378,1.5
4030.0076571793197,0.7498031,0.11810588363626584,1.8
4031.007659084091,0.82042813,0.13769686945659806,1.5
4032.007660988862,0.8419829,0.16196020586554194,1.5
4033.0076628936326,0.8974928,0.1620705646910242,1.5
4034.0076647984038,0.8749966,0.16407803491703474,1.5
4035.007666703175,0.88458276,0.16356773727295681,1.5
4036.0076686079456,0.9135868,0.16028878848267267,1.9000000000000001
4037.0076705127167,0.9512725,0.27108055856643065,1.5
4038.007672417488,0.9198953,0.2763969955248734,1.5
4039.0076743222585,0.82970005,0.28265018753316856,1.5
4040.0076762270296,0.90561986,0.3083605897710695,1.8
4041.0076781318007,0.8156592,0.30843264102531776,0.8
4042.0076800365714,0.77773386,0.31443853777425834,0.9
4043.0076819413425,0.78743553,0.31656652565462773,0.9
4044.0076838461137,0.7237913,0.31886045523547935,1.6
4045.0076857508843,0.72851795,0.32947157016212547,1.6
4046.0076876556554,0.7874904,0.327993302467299,1.6
4047.0076895604266,0.77602655,0.24516153395546367,1.6
4048.0076914651972,0.76476043,0.23898270118316492,0.9
4049.0076933699684,0.9439995,0.2241698615892006,1.6
4050.0076952747395,0.99427515,0.1702683137456976,1.6
4051.00769717951,0.9868711,0.15478960856424326,1.6
4052.0076990842813,0.9968161,0.11197309432073464,1.4000000000000001
4053.0077009890524,0.9933234,0.10663020262682782,1.3
4054.007702893823,0.99269354,0.09291972220474207,1.1
4055.007704798594,0.9714559,0.026790587997488638,7.7
4056.0077067033653,0.95167816,0.021948595981735174,6.7
4057.0077086081365,0.96577835,0.018200611906186277,10.200000000000001
4058.007710512907,0.97224045,0.01696726468298211,10.200000000000001
4059.0077124176782,0.9752646,0.011085035029594468,9.9
4060.0077143224494,0.95895255,0.006828211884012308,11.200000000000001
4061.00771622722,0.96715784,0.006356532041508256,11.200000000000001
4062.007718131991,0.95641166,0.005867134782912878,10.3
4063.0077200367623,0.9784414,0.005154208299984101,11.100000000000001
4064.007721941533,0.9788936,0.01178933876037464,10.4
4065.007723846304,0.9762842,0.011766809994838322,10.4
4066.007725751075,0.96646243,0.012158915447389862,10.4
4067.007727655846,0.9786768,0.011958438752681424,10.4
4068.007729560617,0.9734259,0.01185200690288289,10.4
4069.007731465388,0.9635115,0.011762715704315413,10.9
4070.007733370159,0.96086866,0.011694769988413298,10.4
4071.00773527493,0.9595149,0.011656834632184584,11.5
4072.007737179701,0.9487948,0.011603855677883928,11.5
4073.0077390844717,0.9571346,0.011473782694889965,11.5
4074.007740989243,0.94199026,0.004149464861404923,11.100000000000001
4075.007742894014,0.8959103,0.007190946243871296,11.100000000000001
4076.0077447987846,0.8541924,0.006731310397053546,3.5
4077.0077467035558,0.8215229,0.008312843824091382,11.600000000000001
4078.007748608327,0.6880772,0.010352742050206825,3.3000000000000003
4079.0077505130976,0.49710792,0.010705021720295279,13.0
4080.0077524178687,0.56670976,0.013240772125063967,3.4000000000000004
4081.00775432264,0.5295808,0.013559252483487995,3.4000000000000004
4082.0077562274105,0.51840734,0.014126850296953012,3.4000000000000004
4083.0077581321816,0.44125783,0.014794725390167938,3.4000000000000004
4084.0077600369527,0.42850927,0.015231422017967027,7.0
4085.0077619417234,0.33651814,0.01441778160001877,5.4
4086.0077638464945,0.47523195,0.014480688722900833,5.4
4087.0077657512657,0.6291519,0.014769015495013992,3.5
4088.0077676560363,0.4464179,0.01407178094954619,7.6000000000000005
4089.0077695608074,0.2272146,0.014112011720667006,2.3000000000000003
4090.0077714655786,0.21601298,0.012528405983402411,2.3000000000000003
4091.0077733703492,0.64425296,0.012934508716076477,2.3000000000000003
4092.0077752751204,0.4110601,0.013800150793656082,11.600000000000001
4093.0077771798915,0.5105089,0.015223390879830033,9.700000000000001
4094.007779084662,0.4775345,0.014896056850766485,1.8
4095.0077809894333,0.71568346,0.014592487166409499,1.8
4096.007782894205,0.74666154,0.014871794622873285,1.8
4097.007784798975,0.47973,0.016961029732333457,1.8
4098.007786703746,0.60343575,0.01882000875249727,10.9
4099.007788608517,0.6603681,0.01891447231722993,10.9
4100.007790513288,0.8127575,0.018661009901371418,10.9
4101.007792418059,0.8627186,0.018212933546036925,10.9
4102.00779432283,0.9689705,0.017158898457175987,10.9
4103.007796227601,0.97458696,0.015290929329578472,11.0
4104.007798132372,0.98777497,0.015172568232823697,11.0
4105.007800037143,0.98596406,0.015038638299518216,11.0
4106.007801941914,0.9879595,0.014760073001510776,5.9
4107.007803846685,0.9716619,0.010887252311601543,11.200000000000001
4108.007805751456,0.96043265,0.005710129784072383,11.200000000000001
4109.007807656227,0.96920335,0.004728694038165994,9.5
4110.007809560998,0.9867958,0.003710247836725496,14.600000000000001
4111.007811465769,0.98396057,0.0036419398206034583,14.600000000000001
4112.00781337054,0.9857136,0.003621046859819352,14.600000000000001
4113.007815275311,0.9844737,0.0036697911676220204,10.700000000000001
4114.0078171800815,0.97747165,0.0036687721851942365,10.700000000000001
4115.007819084853,0.967119,0.003671109318979415,10.700000000000001
4116.007820989624,0.9872404,0.0029571746678104657,10.3
4117.007822894395,0.9895946,0.002939485374573659,10.3
4118.007824799166,0.9885931,0.002905439739342964,10.3
4119.007826703937,0.99011093,0.0025264665753171743,10.3
4120.007828608707,0.9902434,0.0023565638376328558,10.3
4121.007830513478,0.9896568,0.00239224629936465,10.600000000000001
4122.00783241825,0.9887496,0.002306639308031303,12.5
4123.007834323021,0.98801583,0.0022214161011086097,15.0
4124.007836227792,0.98878396,0.0023077733399193114,14.4
4125.007838132563,0.98698354,0.0025580804895747357,11.100000000000001
4126.007840037333,0.9861877,0.0024783491260814074,11.100000000000001
4127.007841942104,0.9860324,0.0024181662640140834,14.600000000000001
4128.007843846875,0.9819743,0.0023880215877330733,14.600000000000001
4129.0078457516465,0.98359513,0.0024461067821577444,14.600000000000001
4130.007847656418,0.9868357,0.00242376674024989,13.200000000000001
4131.007849561189,0.98298854,0.0023771166163595848,14.600000000000001
4132.007851465959,0.98667634,0.002368654179500962,13.4
4133.00785337073,0.98342437,0.0023848858453374973,13.4
4134.007855275501,0.98530847,0.0022753589200874384,12.9
4135.007857180272,0.982967,0.0020149607392256925,14.5
4136.0078590850435,0.9812387,0.00211195406048763,12.700000000000001
4137.007860989815,0.98124427,0.002268093272645382,12.700000000000001
4138.007862894585,0.9822551,0.0023002862348171856,12.700000000000001
4139.007864799356,0.9856409,0.002507499595408225,12.700000000000001
4140.007866704127,0.9804505,0.0026359217237764358,12.600000000000001
4141.007868608898,0.9814834,0.004468301488954858,10.0
4142.007870513669,0.9771071,0.0047563197772606996,10.0
4143.0078724184405,0.9777566,0.004743772635519442,10.0
4144.007874323211,0.97696316,0.0047284580994442,10.0
4145.007876227982,0.98006815,0.0047958620187933424,10.200000000000001
4146.007878132753,0.98329747,0.00478530784925271,9.9
4147.007880037524,0.9854277,0.00474403496636096,10.100000000000001
4148.007881942295,0.98523605,0.004850028052078637,10.100000000000001
4149.007883847066,0.9862493,0.004780855288005142,10.100000000000001
4150.0078857518365,0.9877417,0.008884937948087972,10.3
4151.007887656608,0.98863333,0.00833682710172581,11.100000000000001
4152.007889561379,0.9822353,0.008834792484115889,11.4
4153.00789146615,0.98807275,0.010759286485542202,12.5
4154.007893370921,0.98588866,0.010789110776603751,12.5
4155.007895275692,0.9890325,0.011041455504763409,10.4
4156.007897180462,0.9674516,0.011254146426428831,10.4
4157.0078990852335,0.97124726,0.012232238208361404,10.4
4158.007900990005,0.9237307,0.012695248644229207,8.1
4159.007902894776,0.9197984,0.013382500493820178,10.8
4160.007904799547,0.74824774,0.011279321502829334,11.100000000000001
4161.007906704318,0.8692906,0.012201125691791543,11.100000000000001
4162.007908609088,0.88264203,0.013433697736404515,11.100000000000001
4163.007910513859,0.97910106,0.012410746701863911,11.100000000000001
4164.00791241863,0.89662045,0.012666270166160802,11.100000000000001
4165.007914323402,0.86860085,0.01739279353101191,8.1
4166.007916228173,0.78851396,0.019427457395525084,9.8
4167.007918132944,0.65212846,0.018854283740999695,9.8
4168.007920037714,0.70537996,0.0192642860273349,15.0
4169.007921942485,0.4245332,0.021334334827085688,9.600000000000001
4170.007923847256,0.34285036,0.022805951980980375,9.600000000000001
4171.007925752027,0.43676612,0.023368094566668714,7.6000000000000005
4172.0079276567985,0.38007012,0.02253804078952551,7.4
4173.00792956157,0.30020142,0.024076955713428605,7.4
4174.00793146634,0.36299977,0.02415542861350151,5.300000000000001
4175.007933371111,0.7132614,0.021345329468073562,5.300000000000001
4176.007935275882,0.63632417,0.02163209244125351,8.9
4177.007937180653,0.5121306,0.02677383343086365,8.9
4178.007939085424,0.91326344,0.02822959751671346,9.9
4179.0079409901955,0.8852175,0.028139132432703447,7.9
4180.007942894967,0.8896863,0.027746099053350994,7.300000000000001
4181.007944799737,0.7144482,0.026933140763298946,7.800000000000001
4182.007946704508,0.64597017,0.027294290385973904,7.800000000000001
4183.007948609279,0.7012177,0.02785775087067225,7.9
4184.00795051405,0.8140105,0.02837839060737012,10.600000000000001
4185.007952418821,0.7239317,0.02825825129407838,10.600000000000001
4186.0079543235925,0.8503428,0.026718324544839075,9.9
4187.007956228363,0.74625117,0.021839786727706378,8.5
4188.007958133134,0.90030473,0.020489517110265983,8.5
4189.007960037905,0.36764094,0.018315559088957576,10.9
4190.007961942676,0.45260656,0.017478588530832923,11.100000000000001
4191.007963847447,0.53733194,0.018153877923311072,10.700000000000001
4192.007965752218,0.57049936,0.018479512841307857,10.700000000000001
4193.0079676569885,0.6777457,0.01649416882994853,8.1
4194.00796956176,0.8924861,0.03811460084403751,0.1
4195.007971466531,0.8948323,0.057479394471509286,2.3000000000000003
4196.007973371302,0.9142212,0.058713542348070524,2.3000000000000003
4197.007975276073,0.95149636,0.058932211193216635,2.3000000000000003
4198.007977180844,0.8654352,0.05860822374766299,2.3000000000000003
4199.007979085614,0.9715909,0.058554981659198084,2.3000000000000003
4200.0079809903855,0.9587018,0.05845330251319082,2.3000000000000003
4201.007982895157,0.9318376,0.05820346655939534,2.3000000000000003
4202.007984799928,0.94066405,0.05795194189069384,2.3000000000000003
4203.007986704699,0.696534,0.057624103047953595,2.3000000000000003
4204.00798860947,0.9401665,0.05714464384786633,2.4000000000000004
4205.00799051424,0.91499394,0.04043028055393425,2.4000000000000004
4206.007992419011,0.91267544,0.03860364550797127,2.4000000000000004
4207.007994323782,0.89113003,0.038003742706743726,2.4000000000000004
4208.007996228554,0.9279348,0.038140503701629,2.2
4209.007998133325,0.9017937,0.037908509383376664,2.2
4210.008000038096,0.93916947,0.0378737911009666,2.2
4211.008001942866,0.88501936,0.03790913287687686,2.2
4212.008003847637,0.9464403,0.03804173321203172,2.2
4213.008005752408,0.86594415,0.03804947976967928,2.2
4214.008007657179,0.8949721,0.01784206700134714,10.0
4215.0080095619505,0.7824243,0.009768951611201537,10.0
4216.008011466722,0.85223335,0.008855773084156785,7.9
4217.008013371492,0.8885787,0.008305781831994801,10.0
4218.008015276263,0.95134294,0.006299479841044807,10.0
4219.008017181034,0.9717092,0.006189212925158774,10.0
4220.008019085805,0.9740029,0.005516220555884376,8.200000000000001
4221.008020990576,0.97897834,0.005777976828753325,8.200000000000001
4222.0080228953475,0.97349936,0.004945178536887889,11.700000000000001
4223.008024800118,0.9637036,0.0048246995933465845,11.700000000000001
4224.008026704889,0.96572244,0.004785165462027679,11.700000000000001
4225.00802860966,0.97790796,0.0047858690953212464,11.700000000000001
4226.008030514431,0.98142886,0.006828445711751842,11.3
4227.008032419202,0.9861339,0.007444621763905709,11.3
4228.008034323973,0.9863675,0.010425530758651609,11.3
4229.008036228744,0.96680295,0.030464536933437356,11.3
4230.008038133515,0.8358047,0.030986101300527175,11.3
4231.008040038286,0.9614659,0.03110902176143233,11.3
4232.008041943057,0.92581534,0.03126936430294697,5.9
4233.008043847828,0.7769645,0.03176195004888814,5.800000000000001
4234.008045752599,0.675596,0.03202461446129721,5.9
4235.008047657369,0.72409785,0.032062710052082194,5.9
4236.0080495621405,0.7222437,0.031826075421499934,5.9
4237.008051466912,0.7305984,0.032583793765706276,6.1000000000000005
4238.008053371683,0.75699955,0.031977410551311945,6.1000000000000005
4239.008055276454,0.5472763,0.014787287830124894,9.5
4240.008057181225,0.50411695,0.013847956655817152,9.5
4241.008059085995,0.16373786,0.013224084646756973,9.5
4242.008060990766,0.33178207,0.016561572929744132,3.1
4243.0080628955375,0.52092427,0.018457432185367485,3.1
4244.008064800309,0.50728136,0.018374586077030398,2.7
4245.00806670508,0.6149364,0.019843536349863074,2.5
4246.008068609851,0.6023443,0.02044675336122608,2.7
4247.008070514621,0.70663345,0.01961091782161696,2.6
4248.008072419392,0.44800678,0.019933852387015238,5.2
4249.008074324163,0.4764309,0.021177936062906938,8.6
4250.008076228934,0.34041235,0.023147914052863046,3.2
4251.008078133706,0.27993053,0.024820333993020784,3.2
4252.008080038477,0.26520833,0.023881974526223013,8.6
4253.008081943247,0.29944173,0.022155178202257104,10.9
4254.008083848018,0.49081773,0.022785544033745185,10.9
4255.008085752789,0.64498967,0.022018385683841582,10.9
4256.00808765756,0.70009816,0.02306021507276808,10.200000000000001
4257.008089562331,0.42969006,0.022571519551161653,10.200000000000001
4258.0080914671025,0.59783894,0.022177116052989852,10.200000000000001
4259.008093371873,0.5395379,0.021949213063675546,8.0
4260.008095276644,0.55203825,0.01980188814384406,10.200000000000001
4261.008097181415,0.6017457,0.017684567145223304,10.200000000000001
4262.008099086186,0.83304024,0.015935469440652373,8.9
4263.008100990957,0.39594612,0.015713502757856875,10.200000000000001
4264.008102895728,0.49598268,0.01463209103281995,9.0
4265.0081048004995,0.7938336,0.014132633110513807,9.0
4266.00810670527,0.8589392,0.011425589419082971,9.0
4267.008108610041,0.8012223,0.011652827459303001,9.0
4268.008110514812,0.9325244,0.011404840205777585,9.0
4269.008112419583,0.810525,0.011836970629383214,10.0
4270.008114324354,0.70607734,0.013322133416551614,3.4000000000000004
4271.008116229125,0.7317934,0.013479049827255252,3.4000000000000004
4272.008118133896,0.8448469,0.014160249535628864,3.4000000000000004
4273.008120038667,0.63403493,0.014467480787366904,3.4000000000000004
4274.008121943438,0.79523146,0.014777376826647046,3.4000000000000004
4275.008123848209,0.7517642,0.014673193989718919,3.4000000000000004
4276.00812575298,0.828594,0.014917978260835517,3.4000000000000004
4277.008127657751,0.534873,0.014802520219633793,3.4000000000000004
4278.008129562521,0.7258265,0.01618804666463836,4.5
4279.0081314672925,0.77052027,0.01550003895771051,3.8000000000000003
4280.008133372064,0.87689596,0.014700422075117273,10.5
4281.008135276835,0.822134,0.01484323607465985,10.5
4282.008137181606,0.91888916,0.024602077811406477,4.4
4283.008139086377,0.7665038,0.026251479422907564,8.700000000000001
4284.008140991147,0.82120216,0.06820871180292848,1.9000000000000001
4285.008142895918,0.81400913,0.0693899894925617,1.9000000000000001
4286.0081448006895,0.83131444,0.07011552990587143,1.9000000000000001
4287.008146705461,0.8714555,0.07080992333759838,1.9000000000000001
4288.008148610232,0.8674153,0.07347852132369652,2.0
4289.008150515003,0.8457916,0.08109357327583805,2.0
4290.008152419773,0.870979,0.081349138672603,2.0
4291.008154324544,0.7180255,0.08294120749461473,2.0
4292.008156229315,0.9568114,0.08100240166759072,2.0
4293.008158134086,0.9575632,0.08082855828020885,2.2
4294.008160038858,0.7344645,0.05842888843321612,3.0
4295.008161943629,0.8531693,0.06319044480601158,2.2
4296.008163848399,0.821542,0.06903010152285977,2.2
4297.00816575317,0.8264996,0.07382575227834462,2.2
4298.008167657941,0.41395852,0.08598590385592825,2.2
4299.008169562712,0.3755785,0.07914840620528293,3.4000000000000004
4300.008171467483,0.26955795,0.08101220867239174,2.2
4301.0081733722545,0.7427418,0.07963522933111881,2.2
4302.008175277025,0.7327332,0.07912643187990613,2.2
4303.008177181796,0.82246745,0.07951122572453334,3.4000000000000004
4304.008179086567,0.8430574,0.07479267885508553,1.9000000000000001
4305.008180991338,0.85820675,0.06975970985311739,1.9000000000000001
4306.008182896109,0.8265124,0.06330494380100389,3.5
4307.00818480088,0.7916865,0.05748747272309981,3.5
4308.008186705651,0.76336074,0.030523034039705004,3.2
4309.008188610422,0.5725655,0.028710154495991364,12.4
4310.008190515193,0.8985385,0.022176935954034926,9.200000000000001
4311.008192419964,0.8769242,0.02250533355984348,1.8
4312.008194324735,0.926554,0.022971845888712154,1.8
4313.008196229506,0.9732583,0.020519806820861793,6.0
4314.008198134276,0.98822474,0.0206783092839289,6.0
4315.008200039048,0.9891127,0.019677051820638287,6.0
4316.008201943819,0.96841216,0.0182395405217373,11.0
4317.00820384859,0.977608,0.018072195595420077,11.0
4318.008205753361,0.96151423,0.018015665979270876,11.0
4319.008207658132,0.9016686,0.01787219927004611,11.0
4320.008209562902,0.8884388,0.017639045979884145,9.3
4321.008211467673,0.9675726,0.016090461194831658,9.3
4322.0082133724445,0.9550392,0.01664327125478158,9.3
4323.008215277216,0.9708274,0.017633376371992023,9.3
4324.008217181987,0.78040546,0.017168901509250302,9.3
4325.008219086758,0.7951428,0.01660670953633405,6.300000000000001
4326.008220991528,0.69084877,0.01567217454582272,6.300000000000001
4327.008222896299,0.8728086,0.015882666822846746,12.700000000000001
4328.00822480107,0.68453187,0.016403124010964932,11.8
4329.0082267058415,0.8341166,0.01621241113494518,11.8
4330.008228610613,0.68338156,0.016525880378468624,12.200000000000001
4331.008230515384,0.47958198,0.023228975675816513,8.9
4332.008232420154,0.4405807,0.024747293222014882,8.9
4333.008234324925,0.33532974,0.02603025668485415,11.700000000000001
4334.008236229696,0.36686468,0.026457538506274077,11.700000000000001
4335.008238134467,0.6605287,0.026591928164810624,11.700000000000001
4336.008240039238,0.84417087,0.02676004353203498,11.700000000000001
4337.00824194401,0.9845851,0.027365251040663705,5.800000000000001
4338.00824384878,0.9746397,0.028296155235852053,8.9
4339.008245753551,0.9818361,0.030661815523689972,5.800000000000001
4340.008247658322,0.98090184,0.03086447603075447,13.0
4341.008249563093,0.7870449,0.025965376891621657,10.200000000000001
4342.008251467864,0.95889366,0.023494289138250968,3.1
4343.008253372635,0.8717933,0.02138802679765377,10.200000000000001
4344.0082552774065,0.94128156,0.020461083655839613,10.200000000000001
4345.008257182177,0.9541153,0.020560610687063687,10.200000000000001
4346.008259086948,0.94471943,0.020842753095138437,10.200000000000001
4347.008260991719,0.96299464,0.019419082838321552,10.200000000000001
4348.00826289649,0.97937506,0.017275703924806783,10.8
4349.008264801261,0.97913057,0.013251193602242436,9.9
4350.008266706032,0.9928478,0.03116138229287966,2.3000000000000003
4351.008268610803,0.9928791,0.03129475032537243,2.3000000000000003
4352.008270515574,0.992239,0.031209858562469363,1.8
4353.008272420345,0.9921163,0.03174845423930969,1.8
4354.008274325116,0.9687414,0.033756861877042806,1.8
4355.008276229887,0.9633448,0.03467499979893549,1.8
4356.008278134658,0.96154755,0.03496898796482838,1.8
4357.008280039428,0.9882968,0.04265696469761382,1.6
4358.0082819442,0.99235326,0.04377014721874362,1.6
4359.008283848971,0.97627777,0.04623191268783724,1.6
4360.008285753742,0.9514255,0.10468498382383293,1.1
4361.008287658513,0.9552469,0.11839777040668045,1.1
4362.008289563284,0.92880857,0.12786205836430983,1.1
4363.008291468054,0.8657634,0.15170447253413027,1.1
4364.008293372825,0.8978646,0.15644578654416041,1.1
4365.0082952775965,0.9280032,0.16511587521767887,1.1
4366.008297182368,0.6172839,0.18300055971733697,1.1
4367.008299087139,0.32174996,0.19726446619375837,1.9000000000000001
4368.00830099191,0.07055925,0.20220378622771346,1.9000000000000001
4369.00830289668,0.03156391,0.22264210603777057,2.5
4370.008304801451,0.1404675,0.20482432859313993,2.1
4371.008306706222,0.28699794,0.1991636154403928,2.1
4372.0083086109935,0.07367927,0.19434267688965848,2.5
4373.008310515765,0.1114893,0.1768662069265965,3.0
4374.008312420536,0.28922588,0.17275231909301822,3.0
4375.008314325306,0.6163279,0.17280057040469476,2.0
4376.008316230077,0.7204762,0.1543798820474726,2.0
4377.008318134848,0.8529229,0.1327358104997595,3.6
4378.008320039619,0.8773425,0.12402160717366065,2.0
4379.00832194439,0.7871159,0.08035385233995566,0.7000000000000001
4380.008323849162,0.86096036,0.06621383232959015,0.8
4381.008325753932,0.85485137,0.06310718330199129,0.7000000000000001
4382.008327658703,0.6881384,0.06312210452135338,0.7000000000000001
4383.008329563474,0.66952753,0.0620782372237322,0.6000000000000001
4384.008331468245,0.8062652,0.06946584567396087,0.6000000000000001
4385.008333373016,0.9449621,0.05112361285823007,0.1
4386.008335277787,0.8318055,0.06332036553611993,3.1
4387.008337182558,0.80494696,0.06432056361008227,3.1
4388.008339087329,0.78471035,0.06376403391141097,3.1
4389.0083409921,0.7701122,0.06868634227749648,3.1
4390.008342896871,0.7661025,0.06964471768516953,3.1
4391.008344801642,0.8584472,0.07038287890411768,3.1
4392.008346706413,0.72503257,0.07028895696844524,3.1
4393.0083486111835,0.8829734,0.07003932660499167,3.1
4394.008350515955,0.65314007,0.06116256402457004,8.4
4395.008352420726,0.7199196,0.07582885202953392,5.800000000000001
4396.008354325497,0.5913148,0.06281430730711685,8.6
4397.008356230268,0.683625,0.0615719583452147,7.4
4398.008358135039,0.87622833,0.061464738487961024,9.0
4399.008360039809,0.8559526,0.05594537636116132,7.5
4400.00836194458,0.88858795,0.05469785839236305,7.5
4401.008363849352,0.9329349,0.05363493977393548,7.5
4402.008365754123,0.9409933,0.053673282895395254,7.5
4403.008367658894,0.6957401,0.054071101781179895,7.5
4404.008369563665,0.62194633,0.052850429142500585,7.300000000000001
4405.008371468435,0.44506922,0.01168877096074925,8.9
4406.008373373206,0.3222554,0.011396932729613283,14.9
4407.008375277977,0.35288778,0.011177781784643384,0.1
4408.0083771827485,0.57405347,0.011262904584071058,0.1
4409.00837908752,0.8895237,0.012552601212708037,0.1
4410.008380992291,0.9664868,0.015632733404384702,7.1000000000000005
4411.008382897061,0.98425645,0.017331646926762086,10.4
4412.008384801832,0.9763451,0.018122690152847634,10.600000000000001
4413.008386706603,0.9568823,0.01696436235109502,10.4
4414.008388611374,0.9579986,0.016994042343695243,10.4
4415.0083905161455,0.9630467,0.016956127957366538,10.4
4416.008392420917,0.95172167,0.017794715750333197,12.3
4417.008394325687,0.8991515,0.018993241657675408,10.600000000000001
4418.008396230458,0.68468904,0.020067439392364803,6.0
4419.008398135229,0.8314664,0.01966842448761967,6.6000000000000005
4420.00840004,0.40781108,0.017109499272642104,10.8
4421.008401944771,0.54010826,0.015972475489775526,12.0
4422.008403849542,0.64181066,0.015771765942395967,12.0
4423.008405754314,0.6311777,0.01611097569099774,12.0
4424.008407659084,0.66626155,0.016158612060345374,9.4
4425.008409563855,0.6839028,0.016109193131683755,9.4
4426.008411468626,0.7289819,0.01519642555378195,9.4
4427.008413373397,0.82007325,0.0146473205566027,9.4
4428.008415278168,0.83985907,0.013618972623103487,9.9
4429.008417182939,0.8533998,0.012314999991578859,4.9
4430.00841908771,0.7818809,0.011974645663709616,9.4
4431.008420992481,0.66925967,0.010664713745661173,9.1
4432.008422897252,0.7338315,0.010071221627338188,9.4
4433.008424802023,0.74817085,0.00909344324461078,9.4
4434.008426706794,0.7890014,0.009181185997060026,4.800000000000001
4435.008428611565,0.5944772,0.009991668997282637,4.800000000000001
4436.0084305163355,0.79296935,0.010953742857859206,7.7
4437.008432421107,0.94566613,0.010544867869995927,10.3
4438.008434325878,0.9079347,0.010027451307989425,10.4
4439.008436230649,0.94590425,0.011230747034019653,10.4
4440.00843813542,0.93659055,0.011868813122180726,10.4
4441.008440040191,0.9494444,0.013969975287903055,10.8
4442.008441944961,0.8598359,0.013844338747318472,10.8
4443.008443849732,0.6733725,0.014752551116201629,10.8
4444.008445754504,0.66866475,0.015065847691369174,10.8
4445.008447659275,0.7189632,0.014840809992220108,10.8
4446.008449564046,0.651749,0.014495674969191734,10.8
4447.008451468817,0.694003,0.014095055941867352,10.8
4448.008453373587,0.79092026,0.014444840227230887,10.8
4449.008455278358,0.7799377,0.0136613483346659,8.9
4450.008457183129,0.6147762,0.013654693308133969,0.1
4451.0084590879005,0.6846692,0.011690581434738544,4.6000000000000005
4452.008460992672,0.76288545,0.011342287852724647,4.6000000000000005
4453.008462897443,0.7381208,0.010143955343323642,9.4
4454.008464802213,0.7501216,0.009618185137306227,9.4
4455.008466706984,0.83015317,0.010186931188066009,9.4
4456.008468611755,0.82181615,0.010265930107578935,9.4
4457.008470516526,0.7365517,0.010501197237686395,9.4
4458.0084724212975,0.6050648,0.01121272690449521,9.8
4459.008474326069,0.60942346,0.013856616331710042,0.1
4460.008476230839,0.63403213,0.014525984220796269,0.1
4461.00847813561,0.29570752,0.015408914362509329,0.1
4462.008480040381,0.23428118,0.015493199436467422,0.1
4463.008481945152,0.44818577,0.015448391852638391,0.1
4464.008483849923,0.40369,0.015486727887517987,0.1
4465.008485754694,0.5010754,0.015817934376979165,0.1
4466.008487659465,0.49002603,0.016926644646659716,0.1
4467.008489564236,0.77381045,0.03969855787757123,0.1
4468.008491469007,0.51645666,0.06343502952973967,3.1
4469.008493373778,0.5014874,0.06743838240367452,3.1
4470.008495278549,0.53237456,0.06734648218240925,3.1
4471.00849718332,0.2676562,0.06720245117123556,3.2
4472.0084990880905,0.52604973,0.06717058971818611,3.2
4473.008500992862,0.84720576,0.06713956417545339,3.2
4474.008502897633,0.9212989,0.07931150006339403,3.2
4475.008504802404,0.8380161,0.0905246664029207,3.2
4476.008506707175,0.84993815,0.09164327589767582,3.2
4477.008508611946,0.7754811,0.08753045900519044,3.2
4478.008510516716,0.7810034,0.09635851806586136,1.6
4479.0085124214875,0.8815416,0.0989038191538136,1.6
4480.008514326259,0.9526645,0.09886147172603543,1.6
4481.00851623103,0.8889775,0.09888459274985736,1.6
4482.008518135801,0.9603073,0.09884067684265191,1.6
4483.008520040572,0.95860195,0.09879136836966299,1.6
4484.008521945342,0.94305414,0.08930733200519789,1.6
4485.008523850113,0.9566962,0.07759221941742112,1.6
4486.008525754884,0.94011736,0.07594163721716923,2.2
4487.008527659656,0.9438733,0.07214714570399824,2.1
4488.008529564427,0.85711825,0.0326405372723612,4.3
4489.008531469198,0.57622385,0.007100506490277021,8.700000000000001
4490.008533373968,0.68737715,0.007626773134371652,14.100000000000001
4491.008535278739,0.51125556,0.006384203606414137,12.600000000000001
4492.00853718351,0.6565163,0.006814968299328589,12.600000000000001
4493.008539088281,0.6239055,0.041249903858079855,2.3000000000000003
4494.0085409930525,0.5626168,0.04503197894985751,2.0
4495.008542897824,0.79300225,0.04507557991935203,2.0
4496.008544802594,0.63054734,0.045066539904090444,2.0
4497.008546707365,0.73717785,0.04506487240308102,2.0
4498.008548612136,0.80328685,0.04501685493348636,2.0
4499.008550516907,0.86109495,0.04490102167184011,2.0
4500.008552421678,0.91482913,0.04467506112592457,1.9000000000000001
4501.0085543264495,0.89285904,0.04466638553320192,1.9000000000000001
4502.00855623122,0.9088794,0.04456090325640407,1.9000000000000001
4503.008558135991,0.8750691,0.017999717007978876,1.1
4504.008560040762,0.62149274,0.0028590636343845573,14.700000000000001
4505.008561945533,0.7338468,0.0022427563971522397,14.700000000000001
4506.008563850304,0.74982107,0.0021355993278020435,9.8
4507.008565755075,0.7500634,0.0021451215532787052,9.8
4508.008567659846,0.7649989,0.0020325902277317453,14.8
4509.008569564617,0.75921553,0.0019980903324034356,14.8
4510.008571469388,0.7714561,0.0020059573128671016,14.8
4511.008573374159,0.76265895,0.0019164363326324165,9.8
4512.00857527893,0.73818845,0.0025074677336010044,9.8
4513.008577183701,0.7100338,0.0026096604958210754,9.8
4514.008579088472,0.7151021,0.0027904962063254077,1.2000000000000002
4515.0085809932425,0.6549778,0.0028676503326833694,5.6000000000000005
4516.008582898014,0.6620808,0.0030081879154576752,5.6000000000000005
4517.008584802785,0.6249477,0.003160790420157338,5.6000000000000005
4518.008586707556,0.652599,0.0032316738174521646,5.6000000000000005
4519.008588612327,0.702083,0.003224549164403548,4.7
4520.008590517098,0.76320976,0.0032861895148265474,13.8
4521.008592421868,0.75599843,0.0033871582440631615,4.7
4522.0085943266395,0.79148996,0.003125896987444349,10.3
4523.008596231411,0.8021148,0.003133226820190618,10.3
4524.008598136182,0.73814064,0.00309427317345994,12.700000000000001
4525.008600040953,0.9131052,0.06739303303855942,1.3
4526.008601945724,0.8174634,0.0958448984656583,1.6
4527.008603850494,0.6379541,0.11826709468808314,1.6
4528.008605755265,0.6035257,0.12188790209282757,1.6
4529.008607660036,0.39115298,0.12218383826525027,1.6
4530.008609564808,0.51075476,0.12222982093205681,1.6
4531.008611469579,0.6144967,0.12244807732694467,1.6
4532.00861337435,0.7796161,0.1279635661233031,1.6
4533.00861527912,0.4323949,0.1323812782522149,1.5
4534.008617183891,0.90437263,0.135963260797964,1.5
4535.008619088662,0.912459,0.11822527089418368,2.0
4536.008620993433,0.97512823,0.09704193169154242,2.0
4537.0086228982045,0.9783555,0.06777695295197543,2.1
4538.008624802976,0.966224,0.06073172356796389,2.0
4539.008626707746,0.9893826,0.06021211218706698,2.0
4540.008628612517,0.9869698,0.060196448004911224,2.0
4541.008630517288,0.9947239,0.059744202130558824,2.0
4542.008632422059,0.99111104,0.04644866759362868,2.6
4543.00863432683,0.9672258,0.03165550581374645,3.7
4544.0086362316015,0.6820416,0.006819052103498121,9.600000000000001
4545.008638136372,0.76152295,0.005903601470075724,9.600000000000001
4546.008640041143,0.7024861,0.0060166855362885725,12.4
4547.008641945914,0.74972534,0.004736075029809544,8.1
4548.008643850685,0.7240303,0.004738726075784427,12.4
4549.008645755456,0.7887655,0.004185033999341915,12.4
4550.008647660227,0.8052734,0.003981967497849698,11.200000000000001
4551.0086495649975,0.80427897,0.003829439274469338,11.200000000000001
4552.008651469769,0.71731335,0.0035584137307000715,14.9
4553.00865337454,0.7218186,0.0033807417722915836,7.9
4554.008655279311,0.7112368,0.0034807574886550085,14.200000000000001
4555.008657184082,0.69321585,0.0032137635067977103,8.3
4556.008659088853,0.76599467,0.0029875758604866183,7.7
4557.008660993623,0.6418688,0.00398729670086349,13.8
4558.0086628983945,0.7094208,0.00411566462554799,13.700000000000001
4559.008664803166,0.6705442,0.004139832724356738,13.700000000000001
4560.008666707937,0.7057152,0.0041772289384512115,11.700000000000001
4561.008668612708,0.7819032,0.004175238122934181,11.700000000000001
4562.008670517479,0.78600353,0.004201601821258018,11.700000000000001
4563.008672422249,0.7622464,0.004167741176862221,11.700000000000001
4564.00867432702,0.7180669,0.004064936096023526,11.700000000000001
4565.0086762317915,0.71033937,0.004151297866817445,13.9
4566.008678136563,0.65773803,0.004151250180701295,13.4
4567.008680041334,0.70428085,0.0030674067035992712,8.3
4568.008681946105,0.65567225,0.0027560619592241027,12.200000000000001
4569.008683850875,0.63860166,0.0027184190946883823,14.200000000000001
4570.008685755646,0.6331307,0.002619625292461514,12.200000000000001
4571.008687660417,0.66088426,0.0026126229525074386,14.5
4572.008689565188,0.5103417,0.0038399478970552133,10.200000000000001
4573.00869146996,0.621504,0.003841987276632535,10.200000000000001
4574.008693374731,0.56503975,0.0038048605542382787,10.200000000000001
4575.008695279501,0.70057136,0.003557394273495564,10.200000000000001
4576.008697184272,0.70962346,0.003433519134969381,10.0
4577.008699089043,0.71722883,0.0034411206874223354,10.0
4578.008700993814,0.6990069,0.0034435484732494763,10.100000000000001
4579.008702898585,0.73493147,0.0034590790913805614,10.3
4580.0087048033565,0.7230903,0.003452680355699379,10.100000000000001
4581.008706708127,0.656508,0.0034018080708480064,10.100000000000001
4582.008708612898,0.74262977,0.0018506494532217368,8.5
4583.008710517669,0.7767589,0.0016484226558610298,14.8
4584.00871242244,0.78135043,0.001657846591754657,14.600000000000001
4585.008714327211,0.78238016,0.0016504293720152091,14.8
4586.008716231982,0.77717674,0.0016100174861442501,14.600000000000001
4587.0087181367535,0.73772436,0.0019214645021653094,14.0
4588.008720041524,0.7223551,0.0019331235033016236,14.0
4589.008721946295,0.7010726,0.0019452313003258442,14.3
4590.008723851066,0.7148844,0.0020599751418979495,14.0
4591.008725755837,0.7020955,0.0021551369934010053,14.0
4592.008727660608,0.69718623,0.0022271453808259244,14.3
4593.008729565379,0.6882386,0.002252865685909305,13.9
4594.0087314701495,0.72298527,0.0022437328070596197,13.9
4595.008733374921,0.7046487,0.0022607934685418165,13.9
4596.008735279692,0.6821666,0.002282448872970145,13.9
4597.008737184463,0.74132353,0.002011977557852132,9.600000000000001
4598.008739089234,0.72156906,0.0019737038099873166,14.100000000000001
4599.008740994005,0.7462002,0.0019319539935840511,13.8
4600.008742898775,0.7795055,0.0018218574578975969,13.8
4601.0087448035465,0.77113336,0.0017568379104930852,13.5
4602.008746708318,0.8007908,0.0016671637500884685,9.700000000000001
4603.008748613089,0.781025,0.0017285457439480875,14.0
4604.00875051786,0.76097697,0.0017799124418135701,14.0
4605.008752422631,0.7770028,0.0019054971009894461,9.700000000000001
4606.008754327401,0.66021174,0.0024806477060198497,11.4
4607.008756232172,0.6386937,0.0025275625091776355,11.0
4608.0087581369435,0.6243208,0.0032505127889525935,9.600000000000001
4609.008760041715,0.68646425,0.003504613581449791,9.600000000000001
4610.008761946486,0.66610646,0.0036215627736382893,14.600000000000001
4611.008763851257,0.70585483,0.003633329774155027,6.0
4612.008765756027,0.7315759,0.003653874553167639,14.600000000000001
4613.008767660798,0.8270223,0.04191038617297327,1.5
4614.008769565569,0.72245073,0.04238465295416288,1.5
4615.00877147034,0.79168355,0.04306260397801248,1.5
4616.008773375112,0.6296112,0.04358031045414192,1.3
4617.008775279883,0.59941465,0.04371724055828062,1.5
4618.008777184653,0.7620679,0.04368487986737415,1.5
4619.008779089424,0.8789707,0.043674294460236414,1.5
4620.008780994195,0.8569066,0.04370011720024792,1.5
4621.008782898966,0.8124411,0.04375565460229702,1.5
4622.008784803737,0.8118716,0.04386046978974918,1.3
4623.0087867085085,0.7686917,0.015312189818600224,4.7
4624.008788613279,0.85479563,0.0646577485049864,2.2
4625.00879051805,0.76496905,0.06480839450811818,2.2
4626.008792422821,0.47352523,0.06453560488847532,2.2
4627.008794327592,0.49339598,0.06454246661230241,2.3000000000000003
4628.008796232363,0.5153561,0.06454889257140611,2.3000000000000003
4629.008798137134,0.7234043,0.06454525914078836,2.3000000000000003
4630.008800041905,0.83627707,0.06451986340327505,2.3000000000000003
4631.008801946676,0.9032349,0.06449487903329855,1.9000000000000001
4632.008803851447,0.9000305,0.06442248247751307,1.9000000000000001
4633.008805756218,0.8656046,0.06400305047254853,1.9000000000000001
4634.008807660989,0.8254732,0.01080301905025261,14.200000000000001
4635.00880956576,0.6716482,0.006202719806274783,10.200000000000001
4636.00881147053,0.6886513,0.0052123931522393835,10.200000000000001
4637.0088133753015,0.7435582,0.00391222734200392,7.800000000000001
4638.008815280073,0.7859637,0.004169305823774553,7.800000000000001
4639.008817184844,0.7728339,0.004198503352154711,7.800000000000001
4640.008819089615,0.78220785,0.004176674316855071,7.800000000000001
4641.008820994386,0.72532594,0.0039050253578160306,12.700000000000001
4642.008822899156,0.72883046,0.003830964075923529,12.700000000000001
4643.008824803927,0.7064129,0.00390366149122803,12.700000000000001
4644.0088267086985,0.7024775,0.0037577645120333973,13.3
4645.00882861347,0.71643394,0.0036792754427128795,13.3
4646.008830518241,0.7607162,0.003782393966777897,13.3
4647.008832423012,0.83866304,0.012544018782783103,0.1
4648.008834327782,0.90560526,0.04082831483351642,1.8
4649.008836232553,0.90166104,0.08374234976978698,2.0
4650.008838137324,0.9038269,0.08392676237309032,2.0
4651.0088400420955,0.8404426,0.08406257716262314,2.0
4652.008841946867,0.7766121,0.08435440158007204,2.0
4653.008843851638,0.83874017,0.09032007514556026,1.9000000000000001
4654.008845756408,0.8321801,0.0903972645176952,1.9000000000000001
4655.008847661179,0.93476164,0.09041109037817098,1.9000000000000001
4656.00884956595,0.95377874,0.09041323795577934,1.9000000000000001
4657.008851470721,0.8346654,0.08964376624547044,1.9000000000000001
4658.008853375492,0.80217355,0.08068596395325149,1.9000000000000001
4659.008855280264,0.7485817,0.034265746918778206,1.4000000000000001
4660.008857185034,0.78069025,0.03381484475654612,1.6
4661.008859089805,0.9052601,0.03351090084656579,1.6
4662.008860994576,0.9160512,0.03276773926327596,1.6
4663.008862899347,0.6098395,0.005131162233193592,11.4
4664.008864804118,0.70543003,0.00400925756653389,11.4
4665.008866708889,0.6506269,0.004509398974457959,11.4
4666.00886861366,0.6836763,0.004563291702336129,11.4
4667.008870518431,0.7506229,0.0042262642098455285,11.4
4668.008872423202,0.7363257,0.00419323331762344,7.7
4669.008874327973,0.7036732,0.0042206982790061395,11.4
4670.008876232744,0.6221755,0.004226131946867978,11.4
4671.008878137515,0.66708714,0.004214595844346921,5.1000000000000005
4672.008880042286,0.7189972,0.004023608938826761,5.1000000000000005
4673.008881947057,0.7182559,0.003945995584621504,6.4
4674.008883851828,0.6871334,0.003727111578132724,6.4
4675.008885756599,0.7338945,0.0030357567006022183,10.700000000000001
4676.00888766137,0.7398664,0.002888221031063257,15.0
4677.008889566141,0.81609184,0.0028339772250982396,8.0
4678.008891470912,0.8175173,0.0032471882577714047,7.300000000000001
4679.008893375682,0.811778,0.0033041987807615482,15.0
4680.0088952804535,0.8418782,0.003701578534937778,4.0
4681.008897185225,0.8069613,0.0037789924154705327,7.5
4682.008899089996,0.79014045,0.004337935672918316,6.5
4683.008900994767,0.7476255,0.004894130781213983,8.3
4684.008902899538,0.6895496,0.004847971621059951,8.3
4685.008904804308,0.6947884,0.0047925330713347826,8.3
4686.008906709079,0.6616366,0.004787258213671605,8.3
4687.0089086138505,0.5904991,0.004790382180238937,8.3
4688.008910518622,0.6290831,0.004559390645668571,14.600000000000001
4689.008912423393,0.65401655,0.004532549566612796,7.2
4690.008914328164,0.67833805,0.0043297501910047895,7.0
4691.008916232934,0.7175909,0.004253798735962478,7.0
4692.008918137705,0.72125083,0.0036759500332155725,8.6
4693.008920042476,0.7173058,0.0028824326004755277,13.700000000000001
4694.0089219472475,0.7220879,0.002896131101005414,13.700000000000001
4695.008923852019,0.7003678,0.0034398516086209872,13.700000000000001
4696.00892575679,0.6803368,0.003748507350817951,8.9
4697.00892766156,0.68812317,0.003995492754973866,8.9
4698.008929566331,0.6290072,0.00442037124749303,8.6
4699.008931471102,0.64290357,0.0044791828318459315,8.6
4700.008933375873,0.6496176,0.004356517925497835,8.6
4701.008935280644,0.6820743,0.00437640105723967,8.6
4702.008937185416,0.68470675,0.00454413444865631,8.6
4703.008939090186,0.748817,0.00463364452932395,9.0
4704.008940994957,0.74330574,0.004738532367270206,9.0
4705.008942899728,0.69439346,0.004339718491485623,9.0
4706.008944804499,0.75181586,0.0040718256443068495,8.3
4707.00894670927,0.77531576,0.003946496274640875,8.3
4708.008948614041,0.8084129,0.0035178306134962412,10.200000000000001
4709.008950518812,0.7716352,0.003476537496304547,8.200000000000001
4710.008952423583,0.732636,0.003489348015247171,13.100000000000001
4711.008954328354,0.7667852,0.003362618340427667,8.200000000000001
4712.008956233125,0.77106214,0.003131136563865165,8.200000000000001
4713.008958137896,0.74326015,0.003017589310523894,8.200000000000001
4714.008960042667,0.75733095,0.0028183365103332317,10.9
4715.0089619474375,0.726712,0.002818787038488434,8.0
4716.008963852209,0.7632099,0.00306280548853676,8.0
4717.00896575698,0.80448294,0.0030793042945139147,12.700000000000001
4718.008967661751,0.8101594,0.0030918667945740727,12.700000000000001
4719.008969566522,0.8495089,0.0030755737511008957,12.700000000000001
4720.008971471293,0.842406,0.003145034861499576,12.700000000000001
4721.008973376063,0.83003116,0.0059963600403400005,8.6
4722.008975280834,0.8272292,0.006128649668424679,7.300000000000001
4723.0089771856055,0.7928062,0.006288228197830248,7.300000000000001
4724.008979090377,0.7492156,0.0063581899553316725,7.300000000000001
4725.008980995148,0.7066963,0.006589448098506094,5.800000000000001
4726.008982899919,0.70190215,0.00655198525653918,7.2
4727.008984804689,0.71860796,0.06902323703440189,2.6
4728.00898670946,0.6042696,0.0827524026698291,2.9000000000000004
4729.008988614231,0.515626,0.08661179858792127,2.6
4730.0089905190025,0.5298951,0.09804171874727073,2.6
4731.008992423774,0.63557786,0.09807584516661608,2.6
4732.008994328545,0.82146025,0.09815576179192781,2.6
4733.008996233315,0.92228186,0.09818722242540087,2.6
4734.008998138086,0.92987245,0.09824826647364703,2.6
4735.009000042857,0.9581036,0.09828423861555713,2.6
4736.009001947628,0.98707944,0.0983428800288751,2.6
4737.0090038523995,0.9336552,0.07042617605230207,7.7
4738.009005757171,0.91538155,0.053741698607701456,2.6
4739.009007661941,0.71678215,0.047569061658546234,8.4
4740.009009566712,0.49264354,0.011989781557383377,8.4
4741.009011471483,0.3960179,0.016094391565851147,12.3
4742.009013376254,0.23653825,0.021364455889561082,2.1
4743.009015281025,0.16360572,0.02654001520098523,5.1000000000000005
4744.009017185796,0.1768258,0.03883983041076377,6.5
4745.009019090567,0.17184873,0.04273852822953441,1.9000000000000001
4746.009020995338,0.13039285,0.042764099078158556,1.9000000000000001
4747.009022900109,0.10543232,0.042496106096573914,1.9000000000000001
4748.00902480488,0.19020708,0.059072606571889535,1.9000000000000001
4749.009026709651,0.39760488,0.05929815226775816,1.9000000000000001
4750.009028614422,0.54081726,0.05919240434533726,1.9000000000000001
4751.009030519193,0.568015,0.05799296736963886,1.9000000000000001
4752.009032423964,0.72446847,0.05618891916175479,2.8000000000000003
4753.009034328735,0.7767303,0.05393812999445826,2.8000000000000003
4754.009036233506,0.6941397,0.045733346250566534,2.3000000000000003
4755.009038138277,0.7696738,0.042157896277834006,2.5
4756.009040043048,0.8232043,0.04211141139635506,2.5
4757.009041947819,0.82646817,0.04205982043433171,2.6
4758.0090438525895,0.7219236,0.008246274099992639,9.600000000000001
4759.009045757361,0.65947324,0.004313915943067632,9.600000000000001
4760.009047662132,0.66410583,0.003804786412048838,7.2
4761.009049566903,0.5630058,0.0037685609625208536,7.2
4762.009051471674,0.6115652,0.00308067033622169,10.3
4763.009053376445,0.6340849,0.0027539862001111203,12.600000000000001
4764.009055281215,0.7203921,0.0027358343389795,11.3
4765.009057185986,0.6323244,0.0026898043536175936,11.3
4766.009059090758,0.6456039,0.002490702140065494,10.200000000000001
4767.009060995529,0.6844348,0.0023349361661622672,10.200000000000001
4768.0090629003,0.7163987,0.002312946965250739,10.200000000000001
4769.009064805071,0.75528425,0.002160305444725953,11.4
4770.009066709841,0.7508463,0.0021316540476463267,11.100000000000001
4771.009068614612,0.72371435,0.0021750371123393304,10.3
4772.009070519383,0.7230867,0.002141252148853431,10.3
4773.0090724241545,0.7124658,0.002184850696356719,13.0
4774.009074328926,0.7164909,0.002305102793135125,13.0
4775.009076233697,0.7113744,0.0023338693704987243,11.200000000000001
4776.009078138467,0.7117095,0.0023031156650346048,11.200000000000001
4777.009080043238,0.6710239,0.00252956648601856,11.200000000000001
4778.009081948009,0.7071514,0.0025486828291362987,13.100000000000001
4779.00908385278,0.7013733,0.002979671938110903,11.600000000000001
4780.0090857575515,0.67969066,0.0032521631176720633,11.200000000000001
4781.009087662323,0.7036788,0.0032095053920449222,12.0
4782.009089567093,0.76989245,0.0034143800603737484,12.0
4783.009091471864,0.7647708,0.003426250940338905,12.0
4784.009093376635,0.7652664,0.030573057743804165,2.5
4785.009095281406,0.8822246,0.04373423571779904,1.9000000000000001
4786.009097186177,0.9081936,0.04393410709193425,1.9000000000000001
4787.009099090948,0.95882165,0.058111490433448314,1.7000000000000002
4788.009100995719,0.90792876,0.058119499454344796,1.7000000000000002
4789.00910290049,0.9575453,0.05811419333184912,1.7000000000000002
4790.009104805261,0.9611423,0.05812394055907638,1.7000000000000002
4791.009106710032,0.9841006,0.05813174365208824,1.7000000000000002
4792.009108614803,0.9889713,0.05812262777604914,1.7000000000000002
4793.009110519574,0.98425126,0.058136256527692505,1.7000000000000002
4794.0091124243445,0.9458716,0.0496004306273725,2.2
4795.009114329116,0.874215,0.03885053117298776,2.1
4796.009116233887,0.83553606,0.038872430805844835,1.8
4797.009118138658,0.71110123,0.008278194594577976,0.1
4798.009120043429,0.7639404,0.008250921703169115,0.1
4799.0091219482,0.73412323,0.00834942237306612,0.1
4800.00912385297,0.7752579,0.008169854884265415,0.1
4801.0091257577415,0.820969,0.008048348332581048,0.1
4802.009127662513,0.80298185,0.007952089840944102,0.1
4803.009129567284,0.85132694,0.007715282472812424,0.1
4804.009131472055,0.7959864,0.007341987605350836,0.1
4805.009133376826,0.6880734,0.005409977197130968,0.1
4806.009135281596,0.7892059,0.0038379164940069723,0.1
4807.009137186367,0.756208,0.0030061101959449146,0.1
4808.009139091138,0.720918,0.0029033655721727677,9.9
4809.00914099591,0.70073813,0.0022405408628898365,14.8
4810.009142900681,0.7314713,0.0022048495436047745,14.9
4811.009144805452,0.7140119,0.0022697698889799023,14.9
4812.009146710222,0.7792792,0.0022472437187784373,14.8
4813.009148614993,0.7734135,0.0038037514202042726,8.6
4814.009150519764,0.7326537,0.023310076864106796,2.5
4815.009152424535,0.8217355,0.023309192350417632,2.5
4816.0091543293065,0.7221791,0.026209183525947945,8.1
4817.009156234078,0.7181838,0.027800474314235477,7.6000000000000005
4818.009158138848,0.78172445,0.027801078965396624,7.6000000000000005
4819.009160043619,0.6551389,0.027789160886765953,7.6000000000000005
4820.00916194839,0.57925737,0.02785538293159281,7.6000000000000005
4821.009163853161,0.73699355,0.03983656796300954,2.3000000000000003
4822.009165757932,0.8045663,0.03982482555769164,2.3000000000000003
4823.0091676627035,0.72353446,0.039706962935626325,2.3000000000000003
4824.009169567474,0.705441,0.03245191385468517,2.9000000000000004
4825.009171472245,0.6284737,0.032434677485803726,2.9000000000000004
4826.009173377016,0.54240614,0.03017927532733083,2.4000000000000004
4827.009175281787,0.76554006,0.02872732799653371,2.6
4828.009177186558,0.75721186,0.028717401821375797,2.6
4829.009179091329,0.79674715,0.028714052093185775,2.6
4830.0091809960995,0.7618179,0.028643129219615468,3.0
4831.009182900871,0.69851583,0.0028394512733331046,12.8
4832.009184805642,0.7259957,0.002778558020599008,13.4
4833.009186710413,0.73731005,0.0027925655699961084,13.4
4834.009188615184,0.7270386,0.00267672741160357,13.4
4835.009190519955,0.71786034,0.0026252117008470294,14.0
4836.009192424726,0.72160023,0.00204315773132396,11.200000000000001
4837.0091943294965,0.7059599,0.0021621219968604457,15.0
4838.009196234268,0.68358487,0.0021251570835978655,15.0
4839.009198139039,0.70605147,0.002094956692282851,13.4
4840.00920004381,0.6818655,0.0024259584995373813,15.0
4841.009201948581,0.6939843,0.00250874128603038,15.0
4842.009203853352,0.68976635,0.00253117810886313,15.0
4843.009205758122,0.7271264,0.0027124307327091013,14.8
4844.0092076628935,0.6769596,0.0027533339797226357,14.8
4845.009209567665,0.7373088,0.0028543142263450184,14.8
4846.009211472436,0.6607418,0.0028658103268559667,14.8
4847.009213377207,0.72103953,0.002637783692428661,14.8
4848.009215281978,0.6869785,0.0026925255844721116,14.9
4849.009217186748,0.63799286,0.002683947480264583,14.5
4850.009219091519,0.68776906,0.0023463844773454964,14.700000000000001
4851.00922099629,0.729586,0.0022728112010023953,14.700000000000001
4852.009222901062,0.738808,0.002346926838243786,14.9
4853.009224805833,0.74396574,0.002102067402481204,10.3
4854.009226710604,0.7793025,0.0021812948639214416,10.3
4855.009228615374,0.72960585,0.002251774159969287,10.3
4856.009230520145,0.7533138,0.0022093203508755793,10.3
4857.009232424916,0.72891074,0.014483607095209381,0.5
4858.009234329687,0.7755306,0.04302753999875211,2.4000000000000004
4859.0092362344585,0.778337,0.04316129908319481,2.4000000000000004
4860.00923813923,0.8616042,0.04318604076745937,2.4000000000000004
4861.009240044,0.83398414,0.0432470940024258,2.4000000000000004
4862.009241948771,0.84356076,0.04406398337396235,2.5
4863.009243853542,0.7727126,0.05260447488003569,2.5
4864.009245758313,0.8530414,0.06122637598760632,2.5
4865.009247663084,0.88319594,0.06123190310018293,2.5
4866.0092495678555,0.9242599,0.061241233741104184,2.5
4867.009251472626,0.6917659,0.05952743186202907,2.5
4868.009253377397,0.7433352,0.043659326769917885,2.5
4869.009255282168,0.8120083,0.04365721525267561,2.5
4870.009257186939,0.7613847,0.04364681810980653,2.4000000000000004
4871.00925909171,0.7441402,0.04360221675793405,2.4000000000000004
4872.009260996481,0.7505778,0.04277275145368299,2.4000000000000004
4873.0092629012515,0.73771685,0.03165138728813505,2.9000000000000004
4874.009264806023,0.5774409,0.004669854064743194,9.3
4875.009266710794,0.5441538,0.004603987037014898,9.9
4876.009268615565,0.6285607,0.00451875794467858,9.4
4877.009270520336,0.6136212,0.00450447441353885,10.0
4878.009272425107,0.6652099,0.004186569624097534,10.0
4879.009274329877,0.76488507,0.0026575923964346124,10.600000000000001
4880.0092762346485,0.75195295,0.0025486536855014903,5.2
4881.00927813942,0.7288449,0.0023315223198294896,5.2
4882.009280044191,0.6958134,0.00310466217655717,8.6
4883.009281948962,0.681517,0.0031539005904853393,8.6
4884.009283853733,0.7109082,0.0032470210986879156,8.6
4885.009285758503,0.6862848,0.003167108334161569,6.9
4886.009287663274,0.70891464,0.0031452140636635596,6.9
4887.0092895680455,0.69777656,0.0032712203832635698,4.6000000000000005
4888.009291472817,0.7119425,0.003282303609728477,4.6000000000000005
4889.009293377588,0.69803965,0.00332559302179785,4.6000000000000005
4890.009295282359,0.6998244,0.0033655199630882923,4.6000000000000005
4891.009297187129,0.8307679,0.01628371245753822,1.4000000000000001
4892.0092990919,0.7721592,0.025719528849564927,0.6000000000000001
4893.009300996671,0.76101327,0.028357294003475243,0.6000000000000001
4894.009302901442,0.7450436,0.03066397712030481,0.4
4895.009304806214,0.62137336,0.033926145857397366,0.4
4896.009306710985,0.49794668,0.0352770757500008,0.5
4897.009308615755,0.45158336,0.045479159997544066,0.5
4898.009310520526,0.36830062,0.06241453316141245,0.5
4899.009312425297,0.5225863,0.08304031313759952,1.1
4900.009314330068,0.24745959,0.08434438559220997,1.1
4901.009316234839,0.2867274,0.08595431758267624,1.4000000000000001
4902.0093181396105,0.12580498,0.09031869252287163,1.4000000000000001
4903.009320044381,0.16278455,0.09707663555888052,1.4000000000000001
4904.009321949152,0.36209777,0.09697587339791865,1.4000000000000001
4905.009323853923,0.5846542,0.09604007091377016,1.4000000000000001
4906.009325758694,0.74313354,0.09583652679494013,1.4000000000000001
4907.009327663465,0.7990623,0.0915543822333764,1.4000000000000001
4908.009329568236,0.85825366,0.09437184173057417,1.4000000000000001
4909.009331473007,0.78426576,0.12083529407088736,2.4000000000000004
4910.009333377778,0.78487676,0.1200989043499954,2.4000000000000004
4911.009335282549,0.83646935,0.11852079631410932,2.4000000000000004
4912.00933718732,0.8659447,0.11358237458563487,2.4000000000000004
4913.009339092091,0.82689935,0.10715905771955525,2.3000000000000003
4914.009340996862,0.7941788,0.10682807579789486,2.3000000000000003
4915.009342901633,0.7879048,0.10663411780801316,2.3000000000000003
4916.0093448064035,0.8596933,0.10655637995743109,2.3000000000000003
4917.009346711175,0.8317717,0.10639992135434002,2.4000000000000004
4918.009348615946,0.79553103,0.09462134366110671,6.5
4919.009350520717,0.5784726,0.011133022036077612,3.1
4920.009352425488,0.75936663,0.009625404169779805,2.8000000000000003
4921.009354330259,0.5719498,0.0026596871371946085,0.1
4922.009356235029,0.6466408,0.0025771930438536713,0.1
4923.0093581398005,0.5927134,0.002403325291895637,0.1
4924.009360044572,0.7986169,0.0021450528576356753,14.700000000000001
4925.009361949343,0.7508833,0.0020250422688399606,13.8
4926.009363854114,0.8603223,0.002052296265507,13.600000000000001
4927.009365758885,0.8499156,0.0020287781972351325,13.600000000000001
4928.009367663655,0.91842455,0.002056688415965154,13.4
4929.009369568426,0.9173821,0.0021213383853110894,13.4
4930.0093714731975,0.9049306,0.02386773193141292,0.6000000000000001
4931.009373377969,0.96530926,0.04454491461259927,3.0
4932.00937528274,0.87184405,0.04673754873046061,2.9000000000000004
4933.009377187511,0.8028886,0.052620437360553836,3.1
4934.009379092281,0.8216955,0.05283230239956811,3.1
4935.009380997052,0.7227947,0.05297465974386107,3.1
4936.009382901823,0.71805555,0.05301458211937476,3.1
4937.009384806594,0.6095959,0.053078742632080074,3.1
4938.009386711366,0.8234612,0.0530924363082939,3.1
4939.009388616137,0.9012909,0.053112717496128406,3.1
4940.009390520907,0.9475964,0.04741198987447688,3.1
4941.009392425678,0.885924,0.028991803561892782,10.9
4942.009394330449,0.69810545,0.025774242492418914,11.3
4943.00939623522,0.36102715,0.009558860545484018,0.1
4944.009398139991,0.47072494,0.008459242667942075,12.200000000000001
4945.0094000447625,0.8769067,0.024899388878624504,1.9000000000000001
4946.009401949533,0.9117753,0.031150432967606455,2.2
4947.009403854304,0.8915385,0.031418113568778744,2.2
4948.009405759075,0.85007024,0.03164078780206424,2.2
4949.009407663846,0.9009449,0.031722654773610644,2.2
4950.009409568617,0.69382495,0.0682067287985273,2.7
4951.009411473388,0.87172616,0.06825233576669099,2.7
4952.009413378159,0.93747944,0.06810290193692958,2.7
4953.00941528293,0.9626649,0.07212997858824936,2.0
4954.009417187701,0.94391197,0.09102475343821072,2.0
4955.009419092472,0.977776,0.08828297661760752,2.5
4956.009420997243,0.970659,0.08622734075111001,3.1
4957.009422902014,0.98062575,0.08612959687278163,3.1
4958.009424806784,0.97432035,0.08608058545878185,3.1
4959.0094267115555,0.9580933,0.08605293792417325,3.1
4960.009428616327,0.94593126,0.06136756216811684,2.2
4961.009430521098,0.96405965,0.0612025897661862,2.1
4962.009432425869,0.9735692,0.06116483876160715,2.1
4963.00943433064,0.97441995,0.05630297630185048,1.4000000000000001
4964.00943623541,0.92276925,0.007987451928553123,2.8000000000000003
4965.009438140181,0.8455276,0.003331412907999848,11.200000000000001
4966.0094400449525,0.8281207,0.003183167677159601,12.100000000000001
4967.009441949724,0.8241285,0.00363034599171522,12.9
4968.009443854495,0.7828255,0.0035948967651217296,14.0
4969.009445759266,0.77233154,0.00368941120710701,13.8
4970.009447664036,0.77756244,0.003615431985704439,11.5
4971.009449568807,0.75813586,0.003590936644225152,12.5
4972.009451473578,0.74371797,0.003860227118893238,11.9
4973.0094533783495,0.5707645,0.003945422023002651,12.200000000000001
4974.009455283121,0.58184916,0.004164940804205284,12.200000000000001
4975.009457187892,0.6382801,0.004362433984881154,12.200000000000001
4976.009459092662,0.6341024,0.004264895596773667,13.3
4977.009460997433,0.6399215,0.0038807404470960804,12.200000000000001
4978.009462902204,0.62405145,0.00382050226768218,10.3
4979.009464806975,0.67167616,0.0038824579968597416,12.3
4980.009466711746,0.63990396,0.0038236279701442315,6.6000000000000005
4981.009468616518,0.72223866,0.0036508928596350877,9.8
4982.009470521288,0.6919865,0.003347112544560033,9.8
4983.009472426059,0.69819754,0.003237520903595215,9.8
4984.00947433083,0.67782444,0.0029219447650690195,10.100000000000001
4985.009476235601,0.66499907,0.002660568199613343,13.5
4986.009478140372,0.6846224,0.002640176704210551,15.0
4987.009480045143,0.70967996,0.002620176182282764,15.0
4988.009481949914,0.7555075,0.00281184725609794,8.0
4989.009483854685,0.7428014,0.0025523274289791847,13.9
4990.009485759456,0.7852108,0.0026953124806894627,14.100000000000001
4991.009487664227,0.7599324,0.002853993964840279,14.100000000000001
4992.009489568998,0.7368022,0.003050867037274545,7.1000000000000005
4993.009491473769,0.7454738,0.003294995996183275,11.200000000000001
4994.009493378539,0.75006145,0.004011510333719831,7.6000000000000005
4995.009495283311,0.68241376,0.0041964430434008855,3.0
4996.009497188082,0.6962221,0.004202092976428023,3.0
4997.009499092853,0.6727503,0.004179318043705099,3.0
4998.009500997624,0.66598517,0.004087240095750337,3.9000000000000004
4999.009502902395,0.5809976,0.0040646675286953645,3.9000000000000004
5000.009504807166,0.84921676,0.04511100131508638,3.3000000000000003
5001.009506711936,0.81039,0.04795526865420541,3.5
5002.0095086167075,0.77679527,0.04898023811488121,3.5
5003.009510521479,0.69960666,0.054137514475893024,2.6
5004.00951242625,0.74350524,0.0550925162586148,2.6
5005.009514331021,0.52074385,0.05514402133682866,2.6
5006.009516235792,0.5981542,0.06653137974857595,3.4000000000000004
5007.009518140562,0.644287,0.08177400499789413,2.2
5008.009520045333,0.9333052,0.0817994663402036,2.2
5009.0095219501045,0.95318615,0.081819489979766,2.2
5010.009523854876,0.8585414,0.068445788084897,2.4000000000000004
5011.009525759647,0.9117986,0.06647024676548612,2.4000000000000004
5012.009527664418,0.9650553,0.06570278692476723,2.4000000000000004
5013.009529569188,0.9814901,0.0615180855016015,2.1
5014.009531473959,0.950657,0.06063197077648863,2.2
5015.00953337873,0.9566899,0.06056831763119304,2.1
5016.0095352835015,0.92805177,0.047488491505217646,1.9000000000000001
5017.009537188273,0.62644523,0.0036242150805394667,14.9
5018.009539093044,0.656219,0.0028100785250223365,14.9
5019.009540997814,0.7067816,0.002403607864849221,14.700000000000001
5020.009542902585,0.66777116,0.0023486620924167466,14.700000000000001
5021.009544807356,0.7295483,0.0021131446295484585,14.700000000000001
5022.009546712127,0.74681765,0.001997711641845402,14.700000000000001
5023.009548616898,0.7258001,0.0020037026427035453,14.700000000000001
5024.00955052167,0.73684144,0.0018923791252571473,14.5
5025.00955242644,0.6398661,0.0019764162673568254,14.5
5026.009554331211,0.653639,0.00186775130565875,2.6
5027.009556235982,0.61150664,0.002124311644118942,13.0
5028.009558140753,0.69349825,0.0024730138184473347,2.8000000000000003
5029.009560045524,0.64322466,0.0024951649083786174,13.0
5030.009561950295,0.65458626,0.002481224489109936,13.0
5031.009563855066,0.62002665,0.0025036778508318613,13.0
5032.009565759837,0.59386855,0.0028718247011502414,13.0
5033.009567664608,0.5363094,0.003063207810315492,4.2
5034.009569569379,0.8220805,0.03198875212513651,2.3000000000000003
5035.00957147415,0.8604668,0.03447057641438455,1.8
5036.009573378921,0.8223369,0.037830825957044956,1.7000000000000002
5037.009575283691,0.76010835,0.06455471401529522,2.6
5038.009577188463,0.5787381,0.06461509115590393,2.6
5039.009579093234,0.6514446,0.06563199034212726,2.6
5040.009580998005,0.82961017,0.06616965278455023,2.6
5041.009582902776,0.93132496,0.06621357358519962,2.6
5042.009584807547,0.9887721,0.0662154344933432,2.6
5043.009586712317,0.9783281,0.06621858060477809,2.6
5044.009588617088,0.9927053,0.0581090268681244,2.8000000000000003
5045.0095905218595,0.9928981,0.05673354398134053,2.9000000000000004
5046.009592426631,0.98999804,0.05456621409447234,2.6
5047.009594331402,0.87610453,0.015035078486039433,11.100000000000001
5048.009596236173,0.86295736,0.01473006174117546,6.800000000000001
5049.009598140943,0.893926,0.00908711963737318,6.800000000000001
5050.009600045714,0.8146159,0.004068863619952702,7.800000000000001
5051.009601950485,0.80556905,0.003478535990123986,7.800000000000001
5052.0096038552565,0.7706712,0.0033995115680594623,13.8
5053.009605760028,0.75142163,0.0032553499983136364,13.8
5054.009607664799,0.7284283,0.003231200462674397,8.5
5055.009609569569,0.8094763,0.0033699759776830616,15.0
5056.00961147434,0.8326182,0.0034229274776036247,9.200000000000001
5057.009613379111,0.8151605,0.0031258092698391512,9.200000000000001
5058.009615283882,0.7840295,0.003076346406536386,9.4
5059.0096171886535,0.6556688,0.003453214421200927,9.4
5060.009619093425,0.6237448,0.003267384627400186,14.200000000000001
5061.009620998195,0.65989006,0.003365161281586682,11.0
5062.009622902966,0.57547635,0.003233984821905624,9.9
5063.009624807737,0.5682068,0.0031385110953301163,9.4
5064.009626712508,0.6114805,0.0031881456641612224,11.9
5065.009628617279,0.64907235,0.003208323057902772,11.9
5066.00963052205,0.7408583,0.0030694049830988597,11.9
5067.009632426821,0.6877203,0.0031141638203094233,12.5
5068.009634331592,0.73634654,0.0030949584231201727,12.5
5069.009636236363,0.63715935,0.0028265645971423383,13.5
5070.009638141134,0.7123264,0.0027565408546324642,13.5
5071.009640045905,0.6208809,0.0030029436950266136,13.5
5072.009641950676,0.68648505,0.0031098291724116238,13.5
5073.0096438554465,0.7084901,0.0031430907131274645,13.5
5074.009645760218,0.70787996,0.002977175664651335,13.5
5075.009647664989,0.6758869,0.002932329808804772,13.5
5076.00964956976,0.6549889,0.0029618221175643513,13.5
5077.009651474531,0.7335946,0.003059976074011992,13.0
5078.009653379302,0.66801596,0.00315575627308944,13.0
5079.009655284073,0.6961512,0.0031174219422349225,10.5
5080.009657188843,0.76626205,0.0032333796345696184,10.5
5081.009659093615,0.810986,0.0029823320626137626,10.600000000000001
5082.009660998386,0.81187534,0.002843561406335388,14.0
5083.009662903157,0.85198253,0.0029112655912270687,10.600000000000001
5084.009664807928,0.82559043,0.003462068405442915,14.0
5085.009666712699,0.85411984,0.003550575334960155,14.0
5086.009668617469,0.8283299,0.003813605625779175,10.600000000000001
5087.00967052224,0.85194266,0.0039989758558265295,14.0
5088.0096724270115,0.8658663,0.004751444088792386,10.600000000000001
5089.009674331783,0.9198172,0.005827884185743471,11.4
5090.009676236554,0.8562991,0.00606862051895818,11.4
5091.009678141325,0.9102929,0.006158015769652418,11.4
5092.009680046095,0.84717876,0.006283427317711131,11.4
5093.009681950866,0.93745774,0.006279470928174692,11.4
5094.009683855637,0.9259445,0.006024876579496686,11.3
5095.0096857604085,0.94104713,0.00601707468062754,11.4
5096.00968766518,0.92574126,0.005867623910791891,11.4
5097.009689569951,0.8814279,0.0061516973582851145,11.3
5098.009691474721,0.6904274,0.005579622108459053,11.3
5099.009693379492,0.6370453,0.00439627854965984,11.5
5100.009695284263,0.63652515,0.003971918841017749,3.9000000000000004
5101.009697189034,0.7062663,0.003782236158270654,3.9000000000000004
5102.0096990938055,0.7399374,0.0036212194478531133,11.4
5103.009700998577,0.6245357,0.0035628851743981717,11.4
5104.009702903347,0.6050273,0.003460387073804857,6.1000000000000005
5105.009704808118,0.6277204,0.0034825082153459074,6.300000000000001
5106.009706712889,0.5430665,0.003386973193014929,6.300000000000001
5107.00970861766,0.5596369,0.014683480493283226,4.7
5108.009710522431,0.7525463,0.07420624034728089,4.3
5109.009712427202,0.8423274,0.07422222496591467,4.3
5110.009714331973,0.89879304,0.07459821072538877,4.5
5111.009716236744,0.8488182,0.07675621215036811,4.4
5112.009718141515,0.72236,0.08508253089183856,4.6000000000000005
5113.009720046286,0.8560881,0.08508152117306811,4.6000000000000005
5114.009721951057,0.8232993,0.08507951157092034,4.6000000000000005
5115.009723855828,0.89544076,0.08506311038602045,4.6000000000000005
5116.0097257605985,0.88362134,0.08506161433629275,4.6000000000000005
5117.00972766537,0.9196761,0.08388186777104205,4.6000000000000005
5118.009729570141,0.8797576,0.04183980440759073,2.0
5119.009731474912,0.885798,0.041813621500582855,2.0
5120.009733379683,0.8703418,0.041226957175080695,1.8
5121.009735284454,0.7816918,0.036916420188418037,1.8
5122.009737189224,0.6230766,0.003981242183895402,10.700000000000001
5123.009739093995,0.63288623,0.004065684284977734,10.700000000000001
5124.009740998767,0.58751523,0.004203974565242979,10.700000000000001
5125.009742903538,0.6019291,0.004143570247218948,3.3000000000000003
5126.009744808309,0.56711084,0.004135449987566513,3.3000000000000003
5127.00974671308,0.5395808,0.0043340396933362595,7.1000000000000005
5128.00974861785,0.5388916,0.0043261599147834335,7.1000000000000005
5129.009750522621,0.5569646,0.0044234483162320344,7.7
5130.009752427392,0.5848675,0.003608229205841248,10.4
5131.0097543321635,0.6097738,0.0029324371801151402,8.700000000000001
5132.009756236935,0.58207864,0.0028884745622032495,10.200000000000001
5133.009758141706,0.5587159,0.002815441701663966,10.200000000000001
5134.009760046476,0.72607064,0.002549883242454127,9.4
5135.009761951247,0.6895145,0.002564618621948981,14.9
5136.009763856018,0.61832005,0.0026090935955499217,13.200000000000001
5137.009765760789,0.6942784,0.002283676781880638,11.100000000000001
5138.0097676655605,0.6836619,0.0023609553013392653,14.5
5139.009769570332,0.72938704,0.002420800932690869,14.5
5140.009771475102,0.6899653,0.002513073885189907,14.5
5141.009773379873,0.67395765,0.0025386460240125397,14.5
5142.009775284644,0.6388438,0.0027930244791533683,13.9
5143.009777189415,0.66249216,0.0027272838155927956,10.200000000000001
5144.009779094186,0.7021507,0.0027772671781803354,11.4
5145.0097809989575,0.6963357,0.0027598024855683217,11.4
5146.009782903728,0.6925736,0.0027331417693225476,11.4
5147.009784808499,0.7434157,0.0027620674326579967,6.800000000000001
5148.00978671327,0.7034925,0.0028579517014283825,6.800000000000001
5149.009788618041,0.7055806,0.002741545813132615,9.4
5150.009790522812,0.71364975,0.0027093203848552894,9.1
5151.009792427583,0.7173053,0.0028584973644211966,8.6
5152.0097943323535,0.6888057,0.0025684136524495534,9.600000000000001
5153.009796237125,0.6544397,0.0026958031083695235,9.600000000000001
5154.009798141896,0.6530791,0.002815386753371801,10.4
5155.009800046667,0.68235314,0.0030842499778559796,11.9
5156.009801951438,0.7278523,0.0032583085847705476,12.100000000000001
5157.009803856209,0.74935997,0.003482281811217913,12.100000000000001
5158.009805760979,0.7101387,0.004475439079651616,12.100000000000001
5159.0098076657505,0.71555555,0.0046494006745863405,10.100000000000001
5160.009809570522,0.6857092,0.004722901624248191,10.100000000000001
5161.009811475293,0.79944474,0.00472558399872345,10.3
5162.009813380064,0.82148993,0.0047439486667326175,10.3
5163.009815284835,0.7880731,0.0047085170291590525,12.3
5164.009817189606,0.85923964,0.004724397545470363,12.3
5165.009819094376,0.8876069,0.004674136963562132,12.3
5166.009820999147,0.84153944,0.004699338985588252,10.0
5167.009822903919,0.76467675,0.004496453266561635,12.5
5168.00982480869,0.7480403,0.003429472277561752,12.3
5169.009826713461,0.81506616,0.0031764436051323615,11.700000000000001
5170.009828618232,0.79241496,0.003057712446019165,12.3
5171.009830523002,0.7428601,0.002908277557744117,13.4
5172.009832427773,0.74684286,0.0028137399711834006,10.8
5173.009834332544,0.67590517,0.002776799929562382,4.1000000000000005
5174.0098362373155,0.72262734,0.0026172627968668255,4.1000000000000005
5175.009838142087,0.7494765,0.0024377151622702537,12.200000000000001
5176.009840046858,0.773336,0.0021395761516101925,10.700000000000001
5177.009841951628,0.7463138,0.0021294484456617032,10.700000000000001
5178.009843856399,0.7317708,0.001972568764205993,10.700000000000001
5179.00984576117,0.725876,0.0020384411405023097,10.700000000000001
5180.009847665941,0.7446308,0.002008354399779006,9.700000000000001
5181.0098495707125,0.7607113,0.002064072688469237,9.700000000000001
5182.009851475484,0.75636244,0.002108756798442637,11.8
5183.009853380254,0.7663069,0.002247220745709853,12.5
5184.009855285025,0.75705266,0.002332444732417571,12.5
5185.009857189796,0.7588427,0.002304092820515888,12.600000000000001
5186.009859094567,0.75176686,0.0023281206791067616,12.600000000000001
5187.009860999338,0.79407203,0.0023100373802217374,12.600000000000001
5188.0098629041095,0.7299037,0.002544379304194177,12.600000000000001
5189.00986480888,0.77026457,0.002468675173166599,12.600000000000001
5190.009866713651,0.7651006,0.0024877107100572705,12.600000000000001
5191.009868618422,0.77598786,0.0024673366186311963,12.5
5192.009870523193,0.80522835,0.0025897550049485494,12.700000000000001
5193.009872427964,0.8356489,0.002672908813582569,12.100000000000001
5194.009874332735,0.7821518,0.002679584751177095,13.100000000000001
5195.0098762375055,0.77273345,0.00282919773477416,12.100000000000001
5196.009878142277,0.7197583,0.002882960590313268,14.600000000000001
5197.009880047048,0.7496649,0.002961976114284127,14.600000000000001
5198.009881951819,0.7844131,0.0028033628281596435,13.200000000000001
5199.00988385659,0.82198054,0.0028517291029789517,13.200000000000001
5200.009885761361,0.83011776,0.0029474777737264657,13.200000000000001
5201.009887666131,0.82402956,0.0031522036073750813,13.200000000000001
5202.0098895709025,0.82149523,0.0031159505078165207,13.200000000000001
5203.009891475674,0.78256845,0.0029827501430955677,12.600000000000001
5204.009893380445,0.7605276,0.0028917524367011276,12.8
5205.009895285216,0.69021845,0.0027441785246651953,12.8
5206.009897189987,0.7221241,0.0027001552468692946,12.8
5207.009899094757,0.7389828,0.0026957859457611066,12.8
5208.009900999528,0.7209611,0.002795088708686201,12.700000000000001
5209.009902904299,0.6694595,0.002776519928873653,12.700000000000001
5210.009904809071,0.67347956,0.0026940618466576045,12.700000000000001
5211.009906713842,0.6596942,0.0024649236668545156,12.9
5212.009908618613,0.7149196,0.0036281892491017297,12.9
5213.009910523383,0.660311,0.0038653019827218317,14.8
5214.009912428154,0.74568474,0.004111113252150793,14.600000000000001
5215.009914332925,0.7050745,0.004139920799057491,14.600000000000001
5216.009916237696,0.76714,0.004208494308233541,14.600000000000001
5217.0099181424675,0.7789579,0.004457739573880631,15.0
5218.009920047239,0.84312654,0.004626501152653931,14.600000000000001
5219.009921952009,0.864374,0.0046667076806871585,14.600000000000001
5220.00992385678,0.8534095,0.004682743722001275,10.5
5221.009925761551,0.8777866,0.004807997793277286,10.5
5222.009927666322,0.87987113,0.004033955573966557,12.4
5223.009929571093,0.88819385,0.003907027421212572,10.5
5224.0099314758645,0.86258525,0.0038162305394287555,12.3
5225.009933380635,0.89825034,0.003959981514242984,12.3
5226.009935285406,0.88789684,0.003916485653412321,13.200000000000001
5227.009937190177,0.90077686,0.0037096010195147746,12.3
5228.009939094948,0.8695651,0.0034540760297928747,12.0
5229.009940999719,0.8747205,0.0033768213212674496,12.0
5230.00994290449,0.79240644,0.0034735280413693186,12.0
5231.009944809261,0.7684631,0.0033892836237874153,12.0
5232.009946714032,0.6614125,0.0034130106812823467,14.3
5233.009948618803,0.6911135,0.0032752832294990373,9.700000000000001
5234.009950523574,0.71409935,0.003047728274454573,14.3
5235.009952428345,0.71543646,0.002928132031574719,14.3
5236.009954333116,0.6274859,0.003324669277681048,14.3
5237.009956237886,0.6546565,0.003226123657456589,14.3
5238.0099581426575,0.6567283,0.003167597286833355,14.3
5239.009960047429,0.6524903,0.003269502151172503,9.600000000000001
5240.0099619522,0.6535753,0.003208562341041324,15.0
5241.009963856971,0.6640571,0.003172890285695052,15.0
5242.009965761742,0.6921898,0.003260359791374674,13.200000000000001
5243.009967666513,0.676608,0.0033184320043674748,14.9
5244.009969571283,0.6811643,0.0033312608901564845,14.9
5245.0099714760545,0.70450616,0.003382236520030478,14.9
5246.009973380826,0.7188918,0.0029187989108072194,10.100000000000001
5247.009975285597,0.7196898,0.002848697203351498,14.8
5248.009977190368,0.7436113,0.0028564328378967315,13.700000000000001
5249.009979095139,0.7775862,0.002703529226461586,13.700000000000001
5250.009980999909,0.74800855,0.0025839826712382376,13.700000000000001
5251.00998290468,0.7164051,0.0024629779644499503,13.5
5252.009984809451,0.71087325,0.0021196133672485543,13.5
5253.009986714223,0.6863252,0.0021962406761862675,2.4000000000000004
5254.009988618994,0.64373463,0.0021792781728288955,2.4000000000000004
5255.009990523765,0.6894052,0.0019818857264353932,2.1
5256.009992428535,0.65792924,0.001988472280307771,13.4
5257.009994333306,0.6967329,0.0022532594164342353,13.4
5258.009996238077,0.62158436,0.0024489878797885343,2.9000000000000004
5259.009998142848,0.5562732,0.0024738975301841744,2.9000000000000004
5260.0100000476195,0.6457231,0.0024859669114899244,7.2
5261.010001952391,0.7350848,0.061215420190421116,0.5
5262.010003857161,0.47941548,0.08069312311435882,2.2
5263.010005761932,0.41067448,0.08297060237369266,2.2
5264.010007666703,0.43569627,0.0847189842343088,2.2
5265.010009571474,0.4610676,0.0849527456226177,2.2
5266.010011476245,0.45872554,0.08572162035977811,1.1
5267.0100133810165,0.5162879,0.09042940411359722,1.1
5268.010015285787,0.51426125,0.09889753575809074,0.9
5269.010017190558,0.39987886,0.12546296826154255,1.1
5270.010019095329,0.23696141,0.1354152857570943,1.1
5271.0100210001,0.42975307,0.1210105895135938,0.9
5272.010022904871,0.45035788,0.10905795804574386,1.1
5273.010024809642,0.6959386,0.11325227290159513,1.1
5274.010026714413,0.74442714,0.13014145494502624,1.1
5275.010028619184,0.7435371,0.13722064898841155,1.1
5276.010030523955,0.77501935,0.1371271821103766,1.1
5277.010032428726,0.6805362,0.13485768057092945,1.1
5278.010034333497,0.89955115,0.131186280701513,1.1
5279.010036238268,0.9793361,0.10740835765620843,1.1
5280.010038143038,0.97407633,0.09429418626623738,1.3
5281.0100400478095,0.97594255,0.09426318201318169,1.3
5282.010041952581,0.97201407,0.0945883336747428,1.3
5283.010043857352,0.98326737,0.086689071530114,1.0
5284.010045762123,0.9425618,0.056631227032735806,5.800000000000001
5285.010047666894,0.85160047,0.03609763591599164,4.6000000000000005
5286.010049571664,0.598525,0.0357286473193935,4.6000000000000005
5287.010051476435,0.31659958,0.03346100133704744,4.6000000000000005
5288.0100533812065,0.322624,0.02353000518884462,4.6000000000000005
5289.010055285978,0.25394627,0.015461767096485482,0.1
5290.010057190749,0.33932495,0.014876590145889637,10.700000000000001
5291.01005909552,0.51514155,0.014415262424688819,4.7
5292.01006100029,0.6000867,0.011095538085905703,10.4
5293.010062905061,0.48579407,0.007935136856774366,10.4
5294.010064809832,0.8893349,0.009891076838666867,11.0
5295.010066714603,0.70605016,0.010439557906022955,11.0
5296.010068619375,0.8441155,0.010290614624927807,10.8
5297.010070524146,0.77477336,0.010415487562568809,10.8
5298.010072428916,0.8223803,0.011115903842307357,11.200000000000001
5299.010074333687,0.7433865,0.01102005086624838,11.200000000000001
5300.010076238458,0.68637353,0.010780603853356028,11.200000000000001
5301.010078143229,0.74976206,0.010977089901579019,4.3
5302.010080048,0.7717793,0.010928536980358158,11.200000000000001
5303.0100819527715,0.84865016,0.01245762489079329,4.3
5304.010083857542,0.587307,0.01133551580929026,4.3
5305.010085762313,0.6229728,0.010866648670234956,9.700000000000001
5306.010087667084,0.74550337,0.010847204943218869,9.700000000000001
5307.010089571855,0.86446315,0.010719898261739646,10.100000000000001
5308.010091476626,0.95039994,0.01005029750455263,10.100000000000001
5309.010093381397,0.8681475,0.010131198291883381,10.100000000000001
5310.010095286168,0.94831705,0.010390208749024393,10.100000000000001
5311.010097190939,0.84944093,0.015655371428406135,11.3
5312.01009909571,0.73460865,0.02368289213477355,7.7
5313.010101000481,0.6996389,0.02576530901311815,15.0
5314.010102905252,0.7123554,0.035308220881739114,5.9
5315.010104810023,0.47958374,0.05046909494088835,5.4
5316.010106714793,0.6895502,0.09172370183401307,2.1
5317.010108619565,0.92376596,0.0944655387533821,2.1
5318.010110524336,0.67561305,0.09636644259870437,2.1
5319.010112429107,0.88736403,0.10339131406245365,1.0
5320.010114333878,0.9370288,0.10755571374707076,1.0
5321.010116238649,0.9617452,0.11287493078118421,1.0
5322.01011814342,0.81041443,0.12638698003216908,1.0
5323.01012004819,0.7637943,0.12767407237459583,1.0
5324.0101219529615,0.81221974,0.12526932611978367,1.0
5325.010123857733,0.55478805,0.12009494177722516,1.0
5326.010125762504,0.73316616,0.09233566138048509,1.0
5327.010127667275,0.6751157,0.08952803274203289,1.0
5328.010129572046,0.84955084,0.08740598805885157,1.0
5329.010131476816,0.8647432,0.0886235514960783,1.0
5330.010133381587,0.8983997,0.08338093125969252,1.0
5331.0101352863585,0.83828866,0.07511146814859977,1.0
5332.01013719113,0.9178941,0.04568351711097944,1.8
5333.010139095901,0.79784095,0.04057198583336698,2.3000000000000003
5334.010141000672,0.7549173,0.0408536554115011,2.3000000000000003
5335.010142905442,0.8449311,0.041879477922227994,2.3000000000000003
5336.010144810213,0.8164827,0.04209495643171416,2.3000000000000003
5337.010146714984,0.86150813,0.0670432989290514,2.3000000000000003
5338.0101486197555,0.7125046,0.06726683430485307,2.3000000000000003
5339.010150524527,0.5597056,0.05388054228007921,2.3000000000000003
5340.010152429298,0.61576504,0.053870402295251224,2.3000000000000003
5341.010154334068,0.9122685,0.06906369336838317,2.3000000000000003
5342.010156238839,0.68736434,0.06926294687556118,2.3000000000000003
5343.01015814361,0.86144876,0.06932892882315385,2.3000000000000003
5344.010160048381,0.9165905,0.06923632709274435,2.3000000000000003
5345.010161953152,0.8822953,0.06895612893832552,1.6
5346.0101638579235,0.81746376,0.0689408064798044,1.6
5347.010165762694,0.65980273,0.04639974271900954,1.5
5348.010167667465,0.7083423,0.046597045499638855,1.5
5349.010169572236,0.7741402,0.0472844036639399,1.5
5350.010171477007,0.8196721,0.047923485511095806,1.8
5351.010173381778,0.38289738,0.02153256395207069,5.7
5352.010175286549,0.46934104,0.021381535083776545,5.7
5353.01017719132,0.25923052,0.02181719500958295,5.7
5354.010179096091,0.6000546,0.022369069164970997,5.7
5355.010181000862,0.7763175,0.02142162237703435,5.6000000000000005
5356.010182905633,0.8228086,0.02107777809165706,5.6000000000000005
5357.010184810404,0.75686383,0.02412924633161717,3.8000000000000003
5358.010186715175,0.81216353,0.03762568239191334,2.1
5359.010188619945,0.75463927,0.03679765857209723,2.1
5360.010190524717,0.85595274,0.03595692989642261,1.8
5361.010192429488,0.87150776,0.035394860791114764,2.2
5362.010194334259,0.9531851,0.03503111443428028,2.2
5363.01019623903,0.9370911,0.034647410400476766,2.2
5364.010198143801,0.90658176,0.034471557570867006,2.1
5365.010200048571,0.92878276,0.035184801399724665,2.1
5366.010201953342,0.8261416,0.03520831018641247,2.1
5367.0102038581135,0.94252944,0.03108486056311708,1.7000000000000002
5368.010205762885,0.8406262,0.00933924734141075,4.4
5369.010207667656,0.8980189,0.009252833216303056,4.4
5370.010209572427,0.8578584,0.009301758536893004,4.4
5371.010211477197,0.92190367,0.009291797620296813,4.4
5372.010213381968,0.85358053,0.009249467534558143,4.4
5373.010215286739,0.8308989,0.00925781104230045,4.4
5374.0102171915105,0.69892687,0.007900104703380687,4.4
5375.010219096282,0.5650769,0.003388073705148267,8.8
5376.010221001053,0.70316344,0.003424839702587318,10.5
5377.010222905823,0.76438826,0.003249738451965672,8.700000000000001
5378.010224810594,0.63257456,0.003239539673731649,8.700000000000001
5379.010226715365,0.5905892,0.0031182309090821547,6.5
5380.010228620136,0.5717452,0.0029366630720171595,6.5
5381.0102305249075,0.6429964,0.003001382586812096,3.9000000000000004
5382.010232429679,0.5341998,0.0031215681512472733,3.8000000000000003
5383.010234334449,0.5917916,0.0031078817660793717,3.8000000000000003
5384.01023623922,0.57354057,0.003091660087779396,3.8000000000000003
5385.010238143991,0.63406914,0.003039468107830772,4.1000000000000005
5386.010240048762,0.60862243,0.0026601133625302254,10.9
5387.010241953533,0.6367826,0.0026785333037329085,4.3
5388.010243858304,0.53016406,0.0025379453861478873,4.3
5389.010245763075,0.6058177,0.0025244507410842254,4.1000000000000005
5390.010247667846,0.49668658,0.002519185688622353,11.200000000000001
5391.010249572617,0.54747164,0.002475016696960693,11.200000000000001
5392.010251477388,0.578759,0.0023669726632374174,8.3
5393.010253382159,0.62584805,0.0023067167219975966,14.4
5394.01025528693,0.6550563,0.0022971989104757207,11.200000000000001
5395.0102571917005,0.627061,0.002219579170896713,11.200000000000001
5396.010259096472,0.6298333,0.0023132112019266277,14.4
5397.010261001243,0.7111247,0.0022682210030095813,10.0
5398.010262906014,0.72346157,0.0023140752329581585,11.200000000000001
5399.010264810785,0.6838952,0.0022603518961164934,6.1000000000000005
5400.010266715556,0.70053196,0.002253112283599151,10.200000000000001
5401.010268620326,0.6816176,0.002270114766586819,10.200000000000001
5402.010270525097,0.7137102,0.0023033360460001703,10.100000000000001
5403.010272429869,0.58734417,0.0023487795970005103,10.100000000000001
5404.01027433464,0.48596123,0.002418933397197906,10.100000000000001
5405.010276239411,0.36551103,0.002719219699414983,8.0
5406.010278144182,0.43976423,0.002681203711436442,8.5
5407.010280048953,0.3778992,0.0027579725008254697,8.5
5408.010281953723,0.60988593,0.01403203997678706,2.5
5409.010283858494,0.801191,0.036923852032774165,1.5
5410.0102857632655,0.61315787,0.03693213123850363,1.5
5411.010287668037,0.73269254,0.03693734350204621,1.5
5412.010289572808,0.81136316,0.0371322543144858,1.5
5413.010291477579,0.90984,0.03719026485667099,1.5
5414.010293382349,0.8608805,0.037226909105200566,1.5
5415.01029528712,0.94292045,0.0373890219906031,1.5
5416.010297191891,0.9624435,0.03754543846306452,1.5
5417.0102990966625,0.9425709,0.03904638695810629,1.8
5418.010301001434,0.88063383,0.03664015850659136,1.8
5419.010302906205,0.544898,0.027655746688138468,5.7
5420.010304810975,0.38575223,0.03489694963019543,1.7000000000000002
5421.010306715746,0.38401017,0.034900142344541564,1.7000000000000002
5422.010308620517,0.26673612,0.034724861997321374,1.7000000000000002
5423.010310525288,0.2973755,0.03469212064705985,1.7000000000000002
5424.0103124300595,0.24385206,0.034671891786630986,1.7000000000000002
5425.010314334831,0.60881716,0.03487070526456056,1.6
5426.010316239601,0.51727724,0.03471439461027603,1.6
5427.010318144372,0.5956206,0.033570637810169356,1.7000000000000002
5428.010320049143,0.74983686,0.034325082774401286,1.6
5429.010321953914,0.7539889,0.02538738096981691,1.6
5430.010323858685,0.8776906,0.015419242003408874,11.100000000000001
5431.010325763456,0.96350455,0.016177978629083354,11.100000000000001
5432.010327668227,0.976737,0.022785085507474344,11.200000000000001
5433.010329572998,0.9214144,0.02283428666707513,11.200000000000001
5434.010331477769,0.9485296,0.022840378900413003,11.200000000000001
5435.01033338254,0.9303431,0.022247343796625227,11.200000000000001
5436.010335287311,0.9065961,0.02367043340982913,11.200000000000001
5437.010337192082,0.8767335,0.028972610982133645,11.100000000000001
5438.0103390968525,0.90110385,0.030392459148333262,12.700000000000001
5439.010341001624,0.91818875,0.029571826293392552,11.3
5440.010342906395,0.9154421,0.028791695104648362,9.600000000000001
5441.010344811166,0.7982982,0.03502008573292244,4.3
5442.010346715937,0.6347708,0.054871330288362614,3.2
5443.010348620708,0.88550234,0.06380357894970114,3.0
5444.010350525478,0.81409085,0.06390085983610168,3.0
5445.010352430249,0.916498,0.06481526645589075,2.8000000000000003
5446.010354335021,0.8413991,0.06472955160087972,2.8000000000000003
5447.010356239792,0.91753656,0.06267686012599298,3.1
5448.010358144563,0.77219963,0.06182619228097931,2.8000000000000003
5449.010360049334,0.7333678,0.06195747288710301,2.8000000000000003
5450.010361954104,0.8125128,0.06329322618853407,3.1
5451.010363858875,0.25734302,0.06730512228040943,1.5
5452.010365763646,0.17206319,0.049688036823502896,2.1
5453.0103676684175,0.20724393,0.03776005223903602,2.3000000000000003
5454.010369573189,0.30522913,0.0375870210670443,2.3000000000000003
5455.01037147796,0.6293976,0.036005421784957456,1.8
5456.01037338273,0.7698273,0.03522990196352814,1.8
5457.010375287501,0.8494036,0.050972163815200276,2.0
5458.010377192272,0.68067497,0.052225038092242645,2.0
5459.010379097043,0.55421543,0.05226497251073162,2.0
5460.0103810018145,0.5075557,0.051430527925491715,2.0
5461.010382906586,0.37047154,0.0415650988389307,2.4000000000000004
5462.010384811356,0.37347493,0.041647109063855166,1.8
5463.010386716127,0.3128593,0.04618675870647395,2.0
5464.010388620898,0.30358797,0.051511880566580855,2.0
5465.010390525669,0.33252296,0.05149918935476734,2.0
5466.01039243044,0.5601618,0.05148137376113053,2.0
5467.0103943352115,0.46212307,0.03515199938206377,1.8
5468.010396239982,0.63880455,0.032621117259043604,1.9000000000000001
5469.010398144753,0.733647,0.03231174331283786,1.9000000000000001
5470.010400049524,0.8080743,0.031043043327772843,2.0
5471.010401954295,0.7679294,0.03074606521339177,1.9000000000000001
5472.010403859066,0.7638141,0.030558536875391545,2.0
5473.010405763837,0.760915,0.02310038191389231,0.1
5474.0104076686075,0.6764815,0.0022423468163924416,13.600000000000001
5475.010409573379,0.73862624,0.002124755841017829,11.700000000000001
5476.01041147815,0.67105085,0.002101277830916265,12.4
5477.010413382921,0.73461735,0.001975024174407415,10.700000000000001
5478.010415287692,0.75487494,0.0025213351901468457,8.5
5479.010417192463,0.71755344,0.002574139125024874,13.600000000000001
5480.010419097233,0.7256854,0.0026136714232145577,13.600000000000001
5481.0104210020045,0.70697206,0.002792411379878088,13.600000000000001
5482.010422906776,0.72629154,0.0027983355412409612,13.5
5483.010424811547,0.8290566,0.047426961441939544,2.7
5484.010426716318,0.7749989,0.0840050875938178,2.6
5485.010428621089,0.84034836,0.08436456739371957,2.6
5486.01043052586,0.8399131,0.08441991992529455,2.6
5487.01043243063,0.86155695,0.08448081280213994,2.6
5488.010434335401,0.85057837,0.08450600075789622,2.6
5489.010436240173,0.7055341,0.08459752637041942,2.6
5490.010438144944,0.74053204,0.08483187914211314,2.6
5491.010440049715,0.7883516,0.08499256857067837,2.6
5492.010441954486,0.7160386,0.08516303934310679,2.6
5493.010443859256,0.76006675,0.07126342073402031,2.6
5494.010445764027,0.10424144,0.016585048784256616,3.9000000000000004
5495.010447668798,0.06589713,0.01520461638264322,3.9000000000000004
5496.0104495735695,0.04389225,0.016414082835102924,3.9000000000000004
5497.010451478341,0.124358594,0.01766308367561558,3.9000000000000004
5498.010453383112,0.17810053,0.01876988211942164,3.9000000000000004
5499.010455287882,0.27550814,0.019542900522422867,9.8
5500.010457192653,0.36011007,0.02933003846425471,3.7
5501.010459097424,0.45121875,0.03043561342410408,4.0
5502.010461002195,0.41103566,0.03359599133619371,4.5
5503.0104629069665,0.66955906,0.05167462991652871,3.4000000000000004
5504.010464811738,0.54216695,0.05167430413012663,3.4000000000000004
5505.010466716508,0.76689506,0.05152522712249206,3.4000000000000004
5506.010468621279,0.4758521,0.05106285710083397,3.4000000000000004
5507.01047052605,0.6315642,0.05056822465886421,3.4000000000000004
5508.010472430821,0.7269559,0.05461054296459638,3.7
5509.010474335592,0.71819264,0.06031006412233033,2.3000000000000003
5510.0104762403635,0.62835443,0.057206729582239206,2.3000000000000003
5511.010478145134,0.68567634,0.05650755227876351,2.3000000000000003
5512.010480049905,0.39438787,0.05477616381596962,2.3000000000000003
5513.010481954676,0.5494712,0.03749265213362545,2.3000000000000003
5514.010483859447,0.6575549,0.037451844971920126,2.3000000000000003
5515.010485764218,0.8101463,0.03744305225118562,2.3000000000000003
5516.010487668989,0.78703475,0.037660182526874766,2.3000000000000003
5517.0104895737595,0.7837157,0.03785172275102195,2.3000000000000003
5518.010491478531,0.7317565,0.03107498199341674,2.3000000000000003
5519.010493383302,0.7681756,0.016696437717977068,14.8
5520.010495288073,0.7970818,0.0112918760480162,8.3
5521.010497192844,0.74132675,0.011385764492853088,4.6000000000000005
5522.010499097615,0.7490072,0.012604140712693024,6.5
5523.010501002385,0.65401924,0.013819735826678909,6.5
5524.0105029071565,0.70468754,0.013820360215691477,6.5
5525.010504811928,0.59930134,0.013931770335935014,6.5
5526.010506716699,0.7758612,0.013291158858789037,6.5
5527.01050862147,0.6695147,0.012872752229457675,5.5
5528.010510526241,0.52958024,0.012105950016840299,5.5
5529.010512431011,0.70302814,0.0139713438143244,5.5
5530.010514335782,0.45083246,0.013752052515252867,5.5
5531.010516240553,0.47677773,0.04432184320103856,2.9000000000000004
5532.010518145325,0.57792443,0.04368971663036291,2.8000000000000003
5533.010520050096,0.5695581,0.04342075068753959,2.9000000000000004
5534.010521954867,0.39299968,0.04340667166167735,2.9000000000000004
5535.010523859637,0.40214676,0.043364634025034474,2.9000000000000004
5536.010525764408,0.33564267,0.043353459316769,2.9000000000000004
5537.010527669179,0.72242105,0.043277678301491866,2.9000000000000004
5538.01052957395,0.6991478,0.04327440398153549,2.9000000000000004
5539.0105314787215,0.68717706,0.042719193788890705,2.6
5540.010533383493,0.72106,0.042649262851774894,2.6
5541.010535288263,0.38970223,0.0056778427434253705,12.5
5542.010537193034,0.5288709,0.004981423453192158,11.5
5543.010539097805,0.51081705,0.003329215511760196,10.5
5544.010541002576,0.53893256,0.0034893875843561317,10.5
5545.010542907347,0.46579292,0.003604582324523719,13.8
5546.0105448121185,0.37018836,0.003670237380581959,13.8
5547.010546716889,0.63610214,0.015586043217815914,10.100000000000001
5548.01054862166,0.7320379,0.037509646557804734,2.0
5549.010550526431,0.5933524,0.03789235226443583,2.0
5550.010552431202,0.7534923,0.03833615657076318,2.0
5551.010554335973,0.79220194,0.03945200511843485,2.0
5552.010556240744,0.852589,0.039891314779715074,2.0
5553.010558145515,0.87359965,0.039956876958289984,2.0
5554.010560050286,0.8329294,0.039947401353852614,2.0
5555.010561955057,0.92292607,0.03999628931710103,1.6
5556.010563859828,0.9304359,0.04008617861279385,1.6
5557.010565764599,0.8566235,0.03824005022013222,2.1
5558.01056766937,0.792402,0.018595400168202436,4.2
5559.01056957414,0.66608626,0.022277358977746676,4.2
5560.0105714789115,0.64374244,0.024272363927074044,4.2
5561.010573383683,0.50932384,0.022707921409596904,10.5
5562.010575288454,0.7941638,0.04463798521579141,0.8
5563.010577193225,0.84885216,0.04898277554904417,2.0
5564.010579097996,0.6821862,0.05570595634095359,0.9
5565.010581002766,0.7385647,0.05892809032530346,2.1
5566.010582907537,0.82995856,0.061068910078506705,2.1
5567.0105848123085,0.68002003,0.06491679693255047,2.1
5568.01058671708,0.26186943,0.0656351749627747,2.1
5569.010588621851,0.17717843,0.07117044295619927,2.1
5570.010590526622,0.21775433,0.07113154592402067,2.1
5571.010592431393,0.16752009,0.07501564432714643,2.1
5572.010594336163,0.13917972,0.09495159730830148,2.1
5573.010596240934,0.09678438,0.102465882436102,2.1
5574.010598145705,0.08165811,0.11096016079575642,2.1
5575.010600050477,0.09210842,0.11067837022406331,2.1
5576.010601955248,0.084260836,0.11482094196372807,2.0
5577.010603860019,0.08011193,0.1175109244143954,2.0
5578.010605764789,0.059936002,0.12033932291523146,2.0
5579.01060766956,0.12270201,0.11790410640989817,2.0
5580.010609574331,0.14946312,0.11944502326249715,1.5
5581.010611479102,0.23900077,0.12174958652014933,1.5
5582.0106133838735,0.21205387,0.12114793910011838,0.9
5583.010615288645,0.3841275,0.11930638616027486,0.9
5584.010617193415,0.5469741,0.10965054534068591,0.9
5585.010619098186,0.47577396,0.10966254006890433,0.9
5586.010621002957,0.46162713,0.10674034531358385,0.9
5587.010622907728,0.46102569,0.10197074840071484,0.8
5588.010624812499,0.57390606,0.09861196758889629,0.8
5589.0106267172705,0.44997838,0.09614089814651618,0.8
5590.010628622041,0.06356563,0.12065684683465767,0.7000000000000001
5591.010630526812,0.28608736,0.12796281214012095,0.7000000000000001
5592.010632431583,0.35515788,0.11203881764073233,0.7000000000000001
5593.010634336354,0.6500734,0.10513787496786127,0.8
5594.010636241125,0.74171615,0.1146373560243951,1.1
5595.010638145896,0.8548358,0.11387627996552215,0.8
5596.010640050667,0.8739041,0.11164022257704849,0.9
5597.010641955438,0.82614595,0.11048777352734128,0.8
5598.010643860209,0.794517,0.11001782891455318,0.9
5599.01064576498,0.7477964,0.10964810153045883,0.9
5600.010647669751,0.9142764,0.07860118405450654,3.7
5601.010649574522,0.8325748,0.05351987684545451,2.1
5602.010651479292,0.7937141,0.05010191269089864,2.0
5603.0106533840635,0.8141747,0.04924386063354053,2.1
5604.010655288835,0.5911445,0.004319250636583984,13.9
5605.010657193606,0.5876992,0.0038291399136247206,10.4
5606.010659098377,0.6344078,0.003858394235721821,13.9
5607.010661003148,0.6089074,0.0038942306161435613,10.3
5608.010662907918,0.7108414,0.0031174051386799973,10.8
5609.010664812689,0.742956,0.0031683661080135522,10.5
5610.0106667174605,0.73749673,0.003136041216192182,10.5
5611.010668622232,0.7525232,0.0029576908243625737,10.0
5612.010670527003,0.74350005,0.0029585359144806193,10.0
5613.010672431774,0.71400833,0.0029744072638049,10.5
5614.010674336544,0.70374984,0.0029552372768934998,10.200000000000001
5615.010676241315,0.6139792,0.0031213548184614187,10.200000000000001
5616.010678146086,0.624658,0.002521935801649066,5.800000000000001
5617.010680050857,0.5591822,0.002419561956644479,5.800000000000001
5618.010681955629,0.56275445,0.0024180061980233905,5.800000000000001
5619.0106838604,0.59453845,0.002409912740298056,13.8
5620.01068576517,0.6489076,0.002407472503078673,13.8
5621.010687669941,0.6790468,0.002399355704000199,13.8
5622.010689574712,0.64747626,0.0024828491070775323,13.8
5623.010691479483,0.6166679,0.0024462738867466706,13.8
5624.010693384254,0.671708,0.002383574549280495,13.8
5625.0106952890255,0.72274727,0.002533238357083882,14.600000000000001
5626.010697193796,0.7386738,0.0028510542714643267,12.9
5627.010699098567,0.70111525,0.003231860372755501,12.700000000000001
5628.010701003338,0.7057967,0.0036936730647482347,12.4
5629.010702908109,0.64753234,0.004072021369855928,12.200000000000001
5630.01070481288,0.5864278,0.0043550594057082045,12.200000000000001
5631.010706717651,0.701692,0.03403446235637121,0.4
5632.010708622422,0.79235697,0.061483559007655196,1.8
5633.010710527193,0.6398942,0.06261037001532802,1.9000000000000001
5634.010712431964,0.9072355,0.06281198321598128,1.9000000000000001
5635.010714336735,0.38680738,0.063252452754133,1.9000000000000001
5636.010716241506,0.66025907,0.0633339588440375,1.9000000000000001
5637.010718146277,0.72367966,0.06353854129477547,1.9000000000000001
5638.010720051047,0.8946512,0.06359312837981462,1.9000000000000001
5639.010721955819,0.88491917,0.06377410675384416,1.9000000000000001
5640.01072386059,0.94455063,0.06419891181950252,1.9000000000000001
5641.010725765361,0.8583585,0.054707534119182645,1.8
5642.010727670132,0.7935631,0.019835536160574624,14.5
5643.010729574903,0.6109941,0.016881702491867486,2.6
5644.010731479673,0.64994764,0.017317054634807923,3.6
5645.010733384444,0.69418025,0.016032938151870606,3.6
5646.0107352892155,0.63195866,0.016944065216194616,14.0
5647.010737193987,0.44327775,0.01656686360956929,5.6000000000000005
5648.010739098758,0.18877101,0.0163952375251226,14.0
5649.010741003529,0.4462075,0.01576731368719293,14.0
5650.0107429083,0.72026414,0.01386448688900147,2.4000000000000004
5651.01074481307,0.8347869,0.013132869550723618,2.4000000000000004
5652.010746717841,0.9635797,0.012910123031560219,2.4000000000000004
5653.0107486226125,0.9760199,0.011516411033078445,14.0
5654.010750527384,0.9607171,0.022938933587750437,3.3000000000000003
5655.010752432155,0.96982557,0.03501463234408787,1.8
5656.010754336926,0.97230643,0.034480178058818374,1.6
5657.010756241696,0.9651024,0.03425509199578035,1.5
5658.010758146467,0.96829826,0.03421127666072864,1.5
5659.010760051238,0.95669806,0.034101122524204996,1.5
5660.010761956009,0.9551935,0.03408731701141597,1.5
5661.010763860781,0.95649385,0.034122076548495445,1.6
5662.010765765552,0.9527848,0.034150901412296,1.6
5663.010767670322,0.9279712,0.03415568035915892,1.6
5664.010769575093,0.8832549,0.027111024216585594,1.4000000000000001
5665.010771479864,0.71398306,0.0050735815442725166,10.200000000000001
5666.010773384635,0.8080822,0.0060674304905488355,10.200000000000001
5667.010775289406,0.81195927,0.006113989023369819,10.200000000000001
5668.0107771941775,0.7936783,0.006086651657677977,10.200000000000001
5669.010779098948,0.69701165,0.006089719421650829,10.200000000000001
5670.010781003719,0.6750282,0.006018598641154796,2.5
5671.01078290849,0.8017064,0.005603151229382409,10.3
5672.010784813261,0.7359002,0.0054064286495357945,10.3
5673.010786718032,0.70357877,0.005269132820763455,10.3
5674.010788622803,0.7718532,0.005080055881343188,10.3
5675.010790527574,0.68633956,0.004910657649124752,10.5
5676.010792432345,0.7177936,0.003636612287053211,10.200000000000001
5677.010794337116,0.63627213,0.0037076319336152215,10.200000000000001
5678.010796241887,0.6723887,0.0039169140999852775,11.0
5679.010798146658,0.6459609,0.004006239398484414,11.0
5680.010800051429,0.6388641,0.0040403927616522025,11.0
5681.010801956199,0.7023356,0.003927602552368093,11.0
5682.010803860971,0.6390017,0.004031028103127418,11.0
5683.010805765742,0.6774735,0.004762298397340706,14.3
5684.010807670513,0.6871222,0.004725582988017738,14.3
5685.010809575284,0.7250219,0.004475787948663914,14.3
5686.010811480055,0.6576349,0.004715555609735414,14.3
5687.010813384825,0.70871025,0.004966869430079681,13.9
5688.010815289596,0.5826169,0.0046894987648996985,2.9000000000000004
5689.0108171943675,0.61996543,0.004566212997881357,14.3
5690.010819099139,0.6634367,0.004565579776420376,14.8
5691.01082100391,0.64411646,0.004547822009061611,14.8
5692.010822908681,0.6261622,0.004494868904848536,14.5
5693.010824813451,0.64453053,0.0038131569933978434,2.8000000000000003
5694.010826718222,0.6691022,0.003950912013475466,15.0
5695.010828622993,0.6796925,0.003932844754517186,15.0
5696.0108305277645,0.63813007,0.00568328945557009,10.200000000000001
5697.010832432536,0.81817377,0.006154621761836991,10.3
5698.010834337307,0.76523703,0.00798151113572433,10.5
5699.010836242077,0.8411266,0.008627218224784955,10.5
5700.010838146848,0.82246244,0.008920303066123002,10.9
5701.010840051619,0.8809196,0.009388145510266043,10.9
5702.01084195639,0.8940129,0.009618969581635065,10.4
5703.010843861161,0.9061487,0.009711143584244759,12.5
5704.010845765933,0.8885059,0.009775829038182578,12.5
5705.010847670703,0.92013395,0.009798219070501634,12.5
5706.010849575474,0.90174955,0.00861723487553826,10.700000000000001
5707.010851480245,0.88930106,0.008147089047873549,12.5
5708.010853385016,0.8596164,0.006419081426537786,12.5
5709.010855289787,0.9250156,0.018368464023397566,2.2
5710.010857194558,0.88070846,0.01930020867670807,2.1
5711.010859099329,0.8964068,0.019407950243877307,1.9000000000000001
5712.0108610041,0.85046333,0.01937138453247407,1.9000000000000001
5713.010862908871,0.8870539,0.01955825983542306,2.0
5714.010864813642,0.8866959,0.027489821914000328,1.9000000000000001
5715.010866718413,0.8245646,0.0275185610747941,1.9000000000000001
5716.010868623184,0.92644733,0.027546564633004016,1.9000000000000001
5717.0108705279545,0.896759,0.02756161436365368,1.7000000000000002
5718.010872432726,0.92976815,0.02756710658195972,1.7000000000000002
5719.010874337497,0.9069987,0.021352406919877612,1.7000000000000002
5720.010876242268,0.96886796,0.020392008562910315,1.6
5721.010878147039,0.98334885,0.037078167391278664,1.7000000000000002
5722.01088005181,0.9784531,0.039440709015958496,1.7000000000000002
5723.01088195658,0.9396159,0.04795777684948611,2.1
5724.010883861351,0.98511374,0.043934218276805895,2.1
5725.010885766123,0.98720413,0.04393721349587915,2.1
5726.010887670894,0.9844328,0.04392840489357013,2.1
5727.010889575665,0.98874706,0.043910029169836606,2.1
5728.010891480436,0.9649227,0.04391527665706913,2.1
5729.010893385206,0.98632544,0.04582411640455353,2.1
5730.010895289977,0.95680547,0.04612029075139117,2.1
5731.010897194748,0.98548037,0.03409984203149312,5.5
5732.0108990995195,0.8637642,0.0312659776889943,1.8
5733.010901004291,0.91319644,0.024812822792842564,1.8
5734.010902909062,0.69724303,0.028596705792347417,2.2
5735.010904813833,0.6731579,0.02971062549290914,2.0
5736.010906718603,0.6256337,0.02973267967745728,2.0
5737.010908623374,0.6116624,0.02984581989093648,2.0
5738.010910528145,0.5471492,0.029858604243124812,2.0
5739.0109124329165,0.6297759,0.026992085874397612,2.1
5740.010914337688,0.70562196,0.02686033518190208,1.9000000000000001
5741.010916242459,0.8365865,0.026758744718663387,2.1
5742.010918147229,0.7059611,0.026770994737281034,1.9000000000000001
5743.010920052,0.67130655,0.017963619061069854,3.7
5744.010921956771,0.8697877,0.010991850810945693,11.100000000000001
5745.010923861542,0.82293487,0.007430652787469034,11.100000000000001
5746.010925766313,0.7783769,0.007683800303066966,11.100000000000001
5747.010927671085,0.8072355,0.007272351364112366,10.5
5748.010929575855,0.79296064,0.007212357487885314,15.0
5749.010931480626,0.88237494,0.006529707169371415,10.5
5750.010933385397,0.90720356,0.004729343628934706,10.5
5751.010935290168,0.92819977,0.004856455504006507,10.5
5752.010937194939,0.9223016,0.0048032189877114636,10.5
5753.01093909971,0.9139084,0.004551740618215123,10.5
5754.010941004481,0.9377587,0.004531525566185943,10.5
5755.010942909252,0.895598,0.004271718080951163,15.0
5756.010944814023,0.93940765,0.00368752296350797,14.4
5757.010946718794,0.92075175,0.003599381114259194,13.9
5758.010948623565,0.9202644,0.003520476095637299,13.9
5759.010950528336,0.82608765,0.0033357121053306433,14.700000000000001
5760.0109524331065,0.80186236,0.003301830276191572,14.700000000000001
5761.010954337878,0.844331,0.003087079821782772,14.700000000000001
5762.010956242649,0.81944585,0.002964236279219183,14.700000000000001
5763.01095814742,0.812786,0.002964822868564167,14.700000000000001
5764.010960052191,0.90359384,0.03755299423378685,1.8
5765.010961956962,0.8966198,0.037927993504059954,1.8
5766.010963861732,0.8704761,0.037983583251202435,1.8
5767.010965766503,0.7581257,0.03878524365306927,1.7000000000000002
5768.010967671275,0.8516814,0.03905980052340083,1.7000000000000002
5769.010969576046,0.7807265,0.03907852406809505,1.7000000000000002
5770.010971480817,0.8208959,0.039084694463011264,1.7000000000000002
5771.010973385588,0.7936349,0.03909562468124309,1.7000000000000002
5772.010975290358,0.84681433,0.03950983653195977,1.7000000000000002
5773.010977195129,0.7665594,0.039523315852233204,1.7000000000000002
5774.0109790999,0.78040534,0.012902122767007073,7.1000000000000005
5775.0109810046715,0.8820964,0.026389520687909018,1.2000000000000002
5776.010982909443,0.8935455,0.02924066932915161,1.2000000000000002
5777.010984814214,0.85588896,0.028180156080860573,1.2000000000000002
5778.010986718984,0.8730575,0.02781660859158672,1.2000000000000002
5779.010988623755,0.87979823,0.027840805890740936,1.2000000000000002
5780.010990528526,0.8879085,0.02783418490122961,1.2000000000000002
5781.010992433297,0.8663075,0.02782488017466933,1.2000000000000002
5782.0109943380685,0.88340497,0.027234870330420005,1.2000000000000002
5783.01099624284,0.9633292,0.027210230925265942,1.3
5784.01099814761,0.96741116,0.02712218536864791,1.2000000000000002
5785.011000052381,0.9307935,0.0133445642079567,0.1
5786.011001957152,0.93875104,0.003925632106246699,7.6000000000000005
5787.011003861923,0.85438865,0.0038072312708311473,10.600000000000001
5788.011005766694,0.82981575,0.0042039166340318065,10.600000000000001
5789.011007671465,0.85447794,0.004311171592820278,13.4
5790.011009576236,0.8263098,0.004364676532476994,13.4
5791.011011481007,0.8116432,0.005352912381480082,10.600000000000001
5792.011013385778,0.781044,0.005545629471030516,9.5
5793.011015290549,0.8259078,0.0055373339118407715,9.5
5794.01101719532,0.7531295,0.005477457028399289,11.100000000000001
5795.011019100091,0.71122444,0.005476570428267928,10.5
5796.0110210048615,0.7327624,0.005440036242885903,10.5
5797.011022909633,0.74741554,0.005452496627557547,10.5
5798.011024814404,0.79891926,0.0051465345437499855,12.4
5799.011026719175,0.71618557,0.004770157767186164,12.4
5800.011028623946,0.6651182,0.004815308886689312,12.4
5801.011030528717,0.6279792,0.003702933545646917,10.600000000000001
5802.011032433487,0.69512355,0.0033961131346649078,10.700000000000001
5803.0110343382585,0.54819787,0.0036788229229236273,6.7
5804.01103624303,0.5274399,0.003593996677098076,6.7
5805.011038147801,0.44048923,0.0035809046724150956,6.7
5806.011040052572,0.48219612,0.0035294460826990667,6.7
5807.011041957343,0.50168115,0.0037216707825474143,8.9
5808.011043862113,0.5378414,0.0036574521951881025,12.200000000000001
5809.011045766884,0.5870469,0.003756895832355589,14.8
5810.011047671655,0.65696776,0.003664984210477708,10.4
5811.011049576427,0.7697496,0.00371670396948287,14.8
5812.011051481198,0.75164235,0.004070765620660917,14.700000000000001
5813.011053385969,0.81056994,0.0038182392293128874,14.700000000000001
5814.01105529074,0.82434833,0.003958835198483477,14.700000000000001
5815.01105719551,0.7635395,0.00390986475436821,11.600000000000001
5816.011059100281,0.7842135,0.003986697473511671,11.0
5817.011061005052,0.8179182,0.003819423474139945,14.200000000000001
5818.0110629098235,0.78412247,0.003879420915553538,14.200000000000001
5819.011064814595,0.78001875,0.003794409090940593,14.200000000000001
5820.011066719366,0.7376479,0.003747203702225352,14.200000000000001
5821.011068624136,0.66826296,0.003709448778839913,14.200000000000001
5822.011070528907,0.73088133,0.003413270000738623,11.700000000000001
5823.011072433678,0.66326696,0.0034833378040946927,11.3
5824.011074338449,0.746797,0.0033319700352231582,11.3
5825.0110762432205,0.79817224,0.003287864193865779,11.3
5826.011078147992,0.74454135,0.0030423318728510086,11.3
5827.011080052762,0.7695828,0.0032116666603805312,11.100000000000001
5828.011081957533,0.787447,0.0031564967499085558,11.4
5829.011083862304,0.7655991,0.0031810456593324462,11.4
5830.011085767075,0.6681616,0.003898182459853554,12.700000000000001
5831.011087671846,0.60836995,0.003997737931068509,12.600000000000001
5832.011089576617,0.6771603,0.004107662204154139,11.8
5833.011091481388,0.7055923,0.004069408134277563,15.0
5834.011093386159,0.73402405,0.004345301304268613,12.700000000000001
5835.01109529093,0.732237,0.004419655740891243,12.700000000000001
5836.011097195701,0.7174516,0.004633019113034643,12.700000000000001
5837.011099100472,0.9036122,0.031008575632019943,2.4000000000000004
5838.011101005243,0.8825683,0.032755086405936475,2.4000000000000004
5839.0111029100135,0.9314098,0.04378700662093591,2.6
5840.011104814785,0.9546823,0.04398667998086043,2.6
5841.011106719556,0.97738,0.044034658773041906,2.6
5842.011108624327,0.9597536,0.0440309404949833,2.6
5843.011110529098,0.9863874,0.044066057691339214,2.6
5844.011112433869,0.96233666,0.04412537665213823,2.6
5845.011114338639,0.97104025,0.04412033256064815,2.6
5846.0111162434105,0.95320237,0.044090715639344545,2.6
5847.011118148182,0.9355334,0.03175119480965906,2.9000000000000004
5848.011120052953,0.8567196,0.02993072249052949,2.8000000000000003
5849.011121957724,0.64963883,0.006882594041920813,11.5
5850.011123862495,0.5955607,0.004971718605776886,6.300000000000001
5851.011125767265,0.5878325,0.004529529074456569,5.9
5852.011127672036,0.67588204,0.004470486676116886,6.300000000000001
5853.011129576807,0.67111915,0.00409551128166004,6.300000000000001
5854.011131481579,0.7174779,0.006575596774204555,8.6
5855.01113338635,0.87399596,0.030633286303041633,1.7000000000000002
5856.011135291121,0.8534724,0.030640046777403316,1.7000000000000002
5857.011137195891,0.89397615,0.03064209939514233,1.4000000000000001
5858.011139100662,0.9026661,0.030975603685535404,1.5
5859.011141005433,0.8470774,0.03643422532288083,1.8
5860.011142910204,0.8361579,0.037617811709893874,1.8
5861.0111448149755,0.77277535,0.03805162852272697,1.8
5862.011146719747,0.619744,0.06778429699747623,2.9000000000000004
5863.011148624517,0.8680595,0.06781673955483898,2.3000000000000003
5864.011150529288,0.888278,0.06761175317086487,2.3000000000000003
5865.011152434059,0.93635166,0.06069453058607097,3.2
5866.01115433883,0.9734654,0.0606914574927228,3.2
5867.011156243601,0.968838,0.06067512925984586,3.2
5868.0111581483725,0.9637175,0.06057103052027939,3.3000000000000003
5869.011160053143,0.96081644,0.057491038904168804,2.6
5870.011161957914,0.9598489,0.05674981905369948,2.9000000000000004
5871.011163862685,0.9309625,0.05646587575880052,2.9000000000000004
5872.011165767456,0.8543923,0.005521113933079889,10.200000000000001
5873.011167672227,0.78490907,0.005816295546653582,10.200000000000001
5874.011169576998,0.6197905,0.005875527367640524,10.200000000000001
5875.0111714817685,0.7103766,0.00823462037985477,13.4
5876.01117338654,0.35759568,0.0092932486214716,13.4
5877.011175291311,0.38987273,0.009805497580421683,0.1
5878.011177196082,0.095755905,0.010358634626417586,0.1
5879.011179100853,0.16213965,0.010410328401497266,0.1
5880.011181005624,0.16419032,0.010347798633886811,0.1
5881.011182910394,0.4441666,0.01027783620618634,0.1
5882.0111848151655,0.5391881,0.009776374737127946,0.2
5883.011186719937,0.85758793,0.027942833076581512,0.6000000000000001
5884.011188624708,0.7152256,0.053203355213457426,0.9
5885.011190529479,0.6830587,0.05623040647324349,0.8
5886.01119243425,0.56646436,0.05776563351736965,0.8
5887.01119433902,0.62871075,0.08326468939713746,0.9
5888.011196243791,0.5396062,0.09069395997488171,0.2
5889.0111981485625,0.5509992,0.09100017256263308,0.8
5890.011200053334,0.47241753,0.0912367489007105,0.8
5891.011201958105,0.41861922,0.09188989717203701,0.8
5892.011203862876,0.57833445,0.09182125205660116,0.8
5893.011205767646,0.71223474,0.08843506612813436,1.2000000000000002
5894.011207672417,0.90111333,0.07646347747003299,0.5
5895.011209577188,0.9578228,0.07376781413755584,1.2000000000000002
5896.011211481959,0.9488825,0.07237197009674398,1.2000000000000002
5897.011213386731,0.84292793,0.07704027690225197,0.1
5898.011215291502,0.8791392,0.07158232335369132,0.1
5899.011217196273,0.83983296,0.0743010879854875,2.4000000000000004
5900.011219101043,0.8227267,0.10256094357575941,1.6
5901.011221005814,0.8499793,0.10989789266070842,1.2000000000000002
5902.011222910585,0.87230206,0.11712289789356445,1.6
5903.011224815356,0.7584638,0.12826890992964338,1.2000000000000002
5904.0112267201275,0.74920285,0.1288614890083779,1.2000000000000002
5905.011228624899,0.88524127,0.12895175084804697,1.2000000000000002
5906.011230529669,0.8248784,0.12905938005887513,1.2000000000000002
5907.01123243444,0.82239014,0.11103871875784703,1.2000000000000002
5908.011234339211,0.8586613,0.10893731731508374,1.2000000000000002
5909.011236243982,0.9248374,0.1068615423782407,1.2000000000000002
5910.011238148753,0.83477765,0.07937471438253031,1.3
5911.0112400535245,0.93165845,0.0678040797773152,1.1
5912.011241958295,0.8283431,0.05167535916468941,1.0
5913.011243863066,0.7852089,0.013622034311540606,10.100000000000001
5914.011245767837,0.74633574,0.0037342449589274,10.100000000000001
5915.011247672608,0.8088316,0.0035507724438196206,10.100000000000001
5916.011249577379,0.797689,0.0034146315213939163,10.100000000000001
5917.01125148215,0.7320265,0.0040758706084921565,10.100000000000001
5918.0112533869205,0.6707733,0.004666480910858329,10.100000000000001
5919.011255291692,0.691437,0.004710134220554469,10.100000000000001
5920.011257196463,0.6857166,0.00484383733587327,10.100000000000001
5921.011259101234,0.73527306,0.004581565598183546,10.100000000000001
5922.011261006005,0.6900338,0.00461203330968791,10.100000000000001
5923.011262910776,0.7586428,0.004550482402769755,10.4
5924.011264815546,0.6292504,0.004695919831566139,10.4
5925.0112667203175,0.6230483,0.00469398306135648,10.4
5926.011268625089,0.55780417,0.004679789654297512,10.100000000000001
5927.01127052986,0.6422415,0.00422713128148471,10.4
5928.011272434631,0.6442379,0.003528150169486732,10.4
5929.011274339402,0.6080251,0.003461916716050216,10.4
5930.011276244172,0.61767864,0.002804971528438346,10.4
5931.011278148943,0.61751556,0.0026032674700058782,10.4
5932.0112800537145,0.64013,0.002681606891588377,10.4
5933.011281958486,0.64442295,0.0026140390246478175,10.100000000000001
5934.011283863257,0.77275705,0.0023517772758566502,10.3
5935.011285768028,0.7518844,0.0025210537935022575,10.3
5936.011287672798,0.76405454,0.0025757560611463933,11.3
5937.011289577569,0.75258994,0.0024675907177432164,14.5
5938.01129148234,0.68376166,0.0024594136357616635,13.4
5939.011293387111,0.69483036,0.0024378069968479304,13.4
5940.011295291883,0.7200581,0.002502890222669321,14.600000000000001
5941.011297196654,0.7308824,0.002598723929693826,11.4
5942.011299101424,0.69126916,0.0025254201300597117,8.8
5943.011301006195,0.7378261,0.002606306233254959,8.8
5944.011302910966,0.70094836,0.002505462283049141,10.200000000000001
5945.011304815737,0.7708344,0.0023392502722510756,10.200000000000001
5946.011306720508,0.73463786,0.0023484570345320283,9.5
5947.0113086252795,0.82007456,0.0023279140938131325,9.5
5948.01131053005,0.81351566,0.002634453680988022,13.600000000000001
5949.011312434821,0.770969,0.0029086906089435772,13.9
5950.011314339592,0.77988356,0.0032621992291811896,13.9
5951.011316244363,0.81487185,0.0038151265431161747,10.200000000000001
5952.011318149134,0.83456045,0.08603111979394672,1.9000000000000001
5953.011320053905,0.68993783,0.08610001163649261,1.8
5954.011321958676,0.49095646,0.0870173889897813,1.6
5955.011323863447,0.37261552,0.08732766374532265,2.5
5956.011325768218,0.63187766,0.08762400679782568,1.6
5957.011327672989,0.93532896,0.08764802936883963,1.6
5958.01132957776,0.8960813,0.10176805109571901,1.7000000000000002
5959.011331482531,0.8972859,0.10632685235722358,1.2000000000000002
5960.011333387301,0.9530407,0.11200609405910589,1.2000000000000002
5961.0113352920725,0.90885735,0.12065485933759829,1.2000000000000002
5962.011337196844,0.8850935,0.08481625673499064,1.0
5963.011339101615,0.6903914,0.08473824765491597,1.0
5964.011341006386,0.600763,0.08381449590628894,1.0
5965.011342911157,0.579526,0.08348800661657038,1.0
5966.011344815927,0.41931364,0.08314244583040048,1.1
5967.011346720698,0.6495296,0.08312865071498522,1.1
5968.0113486254695,0.78022516,0.06513104516021523,1.0
5969.011350530241,0.7602773,0.057120813975885844,0.9
5970.011352435012,0.6007701,0.045287546316569914,6.1000000000000005
5971.011354339783,0.56042755,0.0031397642045416013,9.600000000000001
5972.011356244553,0.71613514,0.0027894611417375974,14.5
5973.011358149324,0.76269156,0.0028175591212333223,14.5
5974.011360054095,0.8127065,0.0028299565882178423,14.5
5975.0113619588665,0.80991733,0.0028506358460562583,14.5
5976.011363863638,0.8417617,0.0030130208461911718,10.100000000000001
5977.011365768409,0.8386191,0.0030443508927798717,10.100000000000001
5978.01136767318,0.8261373,0.0029785139906610704,1.8
5979.01136957795,0.8484664,0.0032464775205274707,9.200000000000001
5980.011371482721,0.825866,0.0032598042256846115,9.200000000000001
5981.011373387492,0.8137476,0.0032172777767187043,9.200000000000001
5982.011375292263,0.8200173,0.003152453626747471,14.8
5983.011377197035,0.81224155,0.0031482289132489876,12.0
5984.011379101806,0.8193287,0.003264689745418377,14.8
5985.011381006576,0.7115308,0.003250331995142726,14.8
5986.011382911347,0.7371136,0.003136983953828795,11.200000000000001
5987.011384816118,0.8925068,0.02612233875460526,2.0
5988.011386720889,0.90367234,0.054748651606938745,2.1
5989.01138862566,0.8982958,0.054863237871639936,2.0
5990.0113905304315,0.9270816,0.05531875876423505,2.1
5991.011392435202,0.7875205,0.05551033514625609,2.1
5992.011394339973,0.56033874,0.055548818518671765,2.1
5993.011396244744,0.53415954,0.05559038642470007,2.1
5994.011398149515,0.5259725,0.05583726829504597,2.1
5995.011400054286,0.71777993,0.055877383462860884,2.1
5996.011401959057,0.7068882,0.05601079344164848,2.1
5997.011403863828,0.50952995,0.05203941503319805,2.6
5998.011405768599,0.09507646,0.02109456816430901,5.5
5999.01140767337,0.20990479,0.03999852386919987,3.3000000000000003
6000.011409578141,0.31787923,0.05383463227714771,3.4000000000000004
6001.011411482912,0.38582203,0.054134111509065136,3.8000000000000003
6002.011413387683,0.5004559,0.05409795117284708,3.8000000000000003
6003.011415292453,0.61793685,0.0540515750604535,3.4000000000000004
6004.011417197225,0.60554117,0.05378527812424868,3.8000000000000003
6005.011419101996,0.79713947,0.0537631675174577,3.8000000000000003
6006.011421006767,0.9585585,0.053615463467155774,3.4000000000000004
6007.011422911538,0.9123393,0.05128662592827045,3.6
6008.011424816309,0.9500839,0.05079705147793854,3.6
6009.011426721079,0.78451866,0.037641697285082605,2.2
6010.01142862585,0.6955046,0.008163416684423655,10.100000000000001
6011.0114305306215,0.56455,0.0037477655768237677,10.0
6012.011432435393,0.55640984,0.0038667969584460556,10.100000000000001
6013.011434340164,0.64242095,0.0038794006503116967,10.100000000000001
6014.011436244935,0.5790529,0.009142937176045841,5.5
6015.011438149705,0.8362614,0.02565662827781861,6.0
6016.011440054476,0.75278217,0.029534307852900735,1.8
6017.011441959247,0.8688692,0.03449482054364105,2.4000000000000004
6018.0114438640185,0.80332446,0.036972376935630796,2.4000000000000004
6019.01144576879,0.63524014,0.037906903222714686,2.4000000000000004
6020.011447673561,0.58369535,0.03853211893447923,2.4000000000000004
6021.011449578331,0.4016929,0.04617082515791918,2.4000000000000004
6022.011451483102,0.4996234,0.04619584181566139,2.4000000000000004
6023.011453387873,0.6791972,0.046202200311527525,2.4000000000000004
6024.011455292644,0.68358773,0.04548862287577913,2.4000000000000004
6025.011457197415,0.9299075,0.03864506073317103,2.4000000000000004
6026.011459102187,0.81877697,0.0357870756395902,2.4000000000000004
6027.011461006957,0.9398786,0.03107260810210204,3.8000000000000003
6028.011462911728,0.92833656,0.028059937015174896,1.9000000000000001
6029.011464816499,0.93956405,0.026741280061867982,1.7000000000000002
6030.01146672127,0.9085172,0.025836741970855757,1.7000000000000002
6031.011468626041,0.72455114,0.0035554402873165534,8.0
6032.011470530812,0.7284957,0.004635101238978163,8.6
6033.011472435583,0.70771044,0.00458854480519721,7.800000000000001
6034.011474340354,0.65399235,0.0044947158278808635,7.800000000000001
6035.011476245125,0.6910735,0.004491167047483418,8.6
6036.011478149896,0.6520633,0.004585981540439016,8.6
6037.011480054667,0.6003465,0.0045173995928389455,9.200000000000001
6038.011481959438,0.56364715,0.004640129360656693,8.6
6039.0114838642085,0.6139996,0.004625484580712419,9.200000000000001
6040.01148576898,0.55876714,0.004571029700126051,9.200000000000001
6041.011487673751,0.72427756,0.026060921943112453,2.2
6042.011489578522,0.87066984,0.026888126433687192,2.4000000000000004
6043.011491483293,0.8949001,0.027044322963345913,2.4000000000000004
6044.011493388064,0.9522006,0.028827608926219918,2.2
6045.011495292834,0.8229599,0.029056640025330625,2.2
6046.011497197605,0.9420545,0.029351784008109918,2.2
6047.011499102377,0.8866291,0.0361206708684224,2.5
6048.011501007148,0.8693998,0.03614748247930795,2.5
6049.011502911919,0.8407437,0.036181028911615204,2.5
6050.01150481669,0.8294759,0.036193928401050846,2.5
6051.01150672146,0.5924545,0.025577438536709067,2.1
6052.011508626231,0.7611788,0.024458660211617928,2.1
6053.011510531002,0.7971691,0.02444592701496103,2.1
6054.0115124357735,0.7501907,0.02232913066899223,2.1
6055.011514340545,0.77298146,0.022047539657023576,2.1
6056.011516245316,0.8125666,0.021640609967189972,2.2
6057.011518150087,0.7185063,0.005008089374948971,8.200000000000001
6058.011520054857,0.68241227,0.004782808668640498,8.200000000000001
6059.011521959628,0.7267727,0.004472721548445642,9.4
6060.011523864399,0.69609886,0.004432778008130029,9.4
6061.0115257691705,0.7625837,0.004399797507286843,9.4
6062.011527673942,0.7942602,0.00467914947060055,10.5
6063.011529578713,0.80300134,0.003989296497510529,11.100000000000001
6064.011531483483,0.8405082,0.004178433948156105,10.9
6065.011533388254,0.78944826,0.005834058411472582,13.5
6066.011535293025,0.8467434,0.006775302251155151,13.100000000000001
6067.011537197796,0.7099847,0.006957675016918873,12.9
6068.011539102567,0.69665056,0.006909317093715179,12.9
6069.011541007339,0.6579045,0.006912302432284888,15.0
6070.011542912109,0.67595947,0.006854120203991119,12.9
6071.01154481688,0.72899693,0.006826637313153464,12.9
6072.011546721651,0.7517101,0.006648353803874158,1.9000000000000001
6073.011548626422,0.7164131,0.006532121239283141,0.2
6074.011550531193,0.7035799,0.006342574770233979,0.2
6075.011552435964,0.71354437,0.0047413533834625085,3.2
6076.011554340735,0.71563566,0.0031656331060876696,13.100000000000001
6077.011556245506,0.8081345,0.0023868593126206957,13.100000000000001
6078.011558150277,0.72752357,0.0025971511528240956,13.100000000000001
6079.011560055048,0.7812299,0.002596321843877046,13.100000000000001
6080.011561959819,0.8005901,0.0027629728808442624,13.200000000000001
6081.01156386459,0.8255405,0.0027143501457267665,12.8
6082.0115657693605,0.80173075,0.002661650267127301,12.8
6083.011567674132,0.7790144,0.0028556062545581078,12.8
6084.011569578903,0.7181101,0.0400623824951676,0.1
6085.011571483674,0.67563546,0.05454312683853204,1.3
6086.011573388445,0.58915293,0.05480813938295444,1.3
6087.011575293216,0.5213148,0.05560078160291554,1.3
6088.011577197986,0.67398286,0.055791864306639814,1.4000000000000001
6089.011579102757,0.83271164,0.05605939272071695,1.3
6090.011581007529,0.8789751,0.05628992955593111,1.3
6091.0115829123,0.91695863,0.05654765777894492,1.3
6092.011584817071,0.92742425,0.05671838056059805,1.3
6093.011586721842,0.884249,0.05681240753224824,1.3
6094.011588626612,0.96379286,0.040618718484397326,1.3
6095.011590531383,0.97040635,0.018577874295233922,9.9
6096.011592436154,0.97673494,0.02872286061742764,2.5
6097.0115943409255,0.96298504,0.028585062039166474,3.0
6098.011596245697,0.94403064,0.028209877561641918,3.0
6099.011598150468,0.95900416,0.02764501062908535,3.0
6100.011600055238,0.90733224,0.027537768934288005,3.0
6101.011601960009,0.8598336,0.027002874449459494,3.0
6102.01160386478,0.8121904,0.02662832883980988,0.2
6103.011605769551,0.59168154,0.026961982079471945,2.9000000000000004
6104.0116076743225,0.724207,0.026977304188290002,2.9000000000000004
6105.011609579094,0.5078586,0.02681432584262981,4.3
6106.011611483864,0.49254477,0.015644197659934325,1.3
6107.011613388635,0.54167557,0.015874534497149012,8.8
6108.011615293406,0.49313545,0.019071752406133968,8.8
6109.011617198177,0.26348472,0.02050215948198598,1.2000000000000002
6110.011619102948,0.22886825,0.020410136157173953,1.2000000000000002
6111.011621007719,0.2026876,0.02069858996810486,1.2000000000000002
6112.01162291249,0.5929921,0.02078099523845397,1.2000000000000002
6113.011624817261,0.6479802,0.020956737922917298,1.2000000000000002
6114.011626722032,0.4364314,0.022111716836650443,3.6
6115.011628626803,0.6255007,0.022263522522697712,1.2000000000000002
6116.011630531574,0.75880057,0.024738501551313897,1.2000000000000002
6117.011632436345,0.68578315,0.023554882196780823,5.4
6118.0116343411155,0.8669477,0.06323030774727964,1.6
6119.011636245887,0.7903367,0.06321657329569266,1.6
6120.011638150658,0.8065442,0.06338033725895219,1.6
6121.011640055429,0.62305516,0.06348514158776963,1.6
6122.0116419602,0.61294186,0.06354075011982357,1.6
6123.011643864971,0.934856,0.06323944626926557,1.6
6124.011645769741,0.98197514,0.06214073053373143,1.7000000000000002
6125.0116476745125,0.98100924,0.061801715598818883,1.7000000000000002
6126.011649579284,0.9862932,0.06067854169145699,1.5
6127.011651484055,0.9677665,0.06010608168893834,1.5
6128.011653388826,0.7921036,0.007259450117561349,15.0
6129.011655293597,0.79274476,0.00711002551678401,14.5
6130.011657198367,0.8167418,0.007066417282868394,14.9
6131.011659103138,0.9461736,0.007073784222618855,14.5
6132.011661007909,0.92169774,0.0071211702760879,15.0
6133.011662912681,0.9422163,0.0071411925269302704,15.0
6134.011664817452,0.9513332,0.00986078878835682,14.100000000000001
6135.011666722223,0.9832987,0.055729499115674035,0.1
6136.011668626993,0.91394323,0.07562534068920179,1.7000000000000002
6137.011670531764,0.9829585,0.07585193546625954,1.7000000000000002
6138.011672436535,0.97633636,0.0760571645834715,1.7000000000000002
6139.011674341306,0.9296279,0.07606870750681304,1.7000000000000002
6140.0116762460775,0.72732,0.07603004996216554,1.8
6141.011678150849,0.8054635,0.07591668558076171,1.8
6142.01168005562,0.80646914,0.07572540990867282,1.7000000000000002
6143.01168196039,0.7720505,0.07543852320442061,1.6
6144.011683865161,0.5854511,0.07492141123009187,1.8
6145.011685769932,0.69334,0.05319852048435512,1.2000000000000002
6146.011687674703,0.54347914,0.006712360246994241,6.2
6147.0116895794745,0.29040778,0.004985887174978415,5.9
6148.011691484246,0.47190696,0.0030873821150755485,8.200000000000001
6149.011693389016,0.37324312,0.0029465885947831364,8.200000000000001
6150.011695293787,0.28818622,0.0026045940285272587,7.1000000000000005
6151.011697198558,0.20152076,0.002499698948499122,13.100000000000001
6152.011699103329,0.23049395,0.0024515590917974237,13.100000000000001
6153.0117010081,0.1987752,0.002434007123341457,14.0
6154.011702912871,0.21420741,0.002350266275118083,13.100000000000001
6155.011704817642,0.7032277,0.011736155909033595,2.5
6156.011706722413,0.744644,0.014549049890171986,1.9000000000000001
6157.011708627184,0.847367,0.01510396729168847,2.1
6158.011710531955,0.84959555,0.04449611901292364,2.1
6159.011712436726,0.6411492,0.0547336958657809,1.4000000000000001
6160.011714341497,0.55844855,0.05488914944097253,1.4000000000000001
6161.0117162462675,0.58369553,0.05509362306451176,1.4000000000000001
6162.011718151039,0.54600525,0.05518569434697417,1.4000000000000001
6163.01172005581,0.5045294,0.05525994144532128,1.4000000000000001
6164.011721960581,0.5323647,0.05530922838605991,1.4000000000000001
6165.011723865352,0.5627771,0.054149458290646255,3.4000000000000004
6166.011725770123,0.8282875,0.05341813324573675,3.5
6167.011727674893,0.90789694,0.053271971930953226,3.5
6168.0117295796645,0.90717745,0.03271029526621713,2.8000000000000003
6169.011731484436,0.84132856,0.005694803939582669,9.8
6170.011733389207,0.83906204,0.004596136024834201,9.8
6171.011735293978,0.8132234,0.003351878919945931,14.5
6172.011737198749,0.85212344,0.0027705453935267656,14.5
6173.011739103519,0.838852,0.0026734296411704125,14.5
6174.01174100829,0.78833824,0.002668474884071077,14.5
6175.011742913061,0.79506755,0.0035920245265100435,14.8
6176.011744817833,0.7694083,0.005635626822757728,9.1
6177.011746722604,0.70019674,0.0056029391803828765,9.1
6178.011748627375,0.6702329,0.007870885110341246,9.700000000000001
6179.011750532145,0.6765009,0.008116239780260721,10.700000000000001
6180.011752436916,0.6669515,0.008120260649215246,10.700000000000001
6181.011754341687,0.67281026,0.00819776589114734,10.700000000000001
6182.011756246458,0.7236035,0.008279833849584113,11.100000000000001
6183.0117581512295,0.7339127,0.008476067949388408,15.0
6184.011760056001,0.75634116,0.008533360317785267,15.0
6185.011761960771,0.78113174,0.008108081943023815,15.0
6186.011763865542,0.84439176,0.006964363339947481,15.0
6187.011765770313,0.80872416,0.006952289526140104,15.0
6188.011767675084,0.8075385,0.004693647083062114,10.5
6189.011769579855,0.78568584,0.004312459937933548,10.3
6190.0117714846265,0.7921839,0.004403568434611131,10.3
6191.011773389397,0.7775969,0.004275131157490742,10.3
6192.011775294168,0.70710677,0.005307251842446157,14.9
6193.011777198939,0.7042189,0.005001092628175225,10.3
6194.01177910371,0.6862673,0.004882166839402496,10.3
6195.011781008481,0.6802996,0.004902292475307865,9.8
6196.011782913252,0.70771956,0.004745436778293749,10.100000000000001
6197.0117848180225,0.70556605,0.004875371432724434,10.100000000000001
6198.011786722794,0.7617712,0.00459241325470019,10.100000000000001
6199.011788627565,0.78101045,0.004609066100744214,10.100000000000001
6200.011790532336,0.73468345,0.004605413121017041,10.100000000000001
6201.011792437107,0.7463657,0.004567994966717177,10.100000000000001
6202.011794341878,0.7752517,0.0031162552931432415,11.600000000000001
6203.011796246648,0.7594041,0.0030269478659425823,11.600000000000001
6204.0117981514195,0.746421,0.003028831029136457,11.600000000000001
6205.011800056191,0.7604218,0.002951567985408626,11.600000000000001
6206.011801960962,0.78067976,0.0029844524104014904,11.600000000000001
6207.011803865733,0.7623939,0.002794874421337128,11.600000000000001
6208.011805770504,0.8263516,0.01782907227078627,0.6000000000000001
6209.011807675274,0.86060494,0.02965592809605823,1.4000000000000001
6210.011809580045,0.80574113,0.02979999169078167,1.4000000000000001
6211.0118114848165,0.80921507,0.029867406677864597,1.4000000000000001
6212.011813389588,0.75628376,0.029913143403752177,1.4000000000000001
6213.011815294359,0.7740459,0.029939700547889036,1.4000000000000001
6214.01181719913,0.84900486,0.029951854424038735,1.4000000000000001
6215.0118191039,0.90042347,0.029969782673208326,1.4000000000000001
6216.011821008671,0.9658514,0.029972321211929498,1.4000000000000001
6217.011822913442,0.94824785,0.02995510034691845,1.4000000000000001
6218.011824818213,0.8347355,0.024194041433617062,1.0
6219.011826722985,0.77818024,0.005206301811986139,14.100000000000001
6220.011828627756,0.7227921,0.004321522256077062,9.5
6221.011830532527,0.6517703,0.003945898706552177,10.100000000000001
6222.011832437297,0.7082466,0.0036428467391499517,10.100000000000001
6223.011834342068,0.6774567,0.0035172906008951125,10.100000000000001
6224.011836246839,0.67450285,0.0033984120654611894,10.100000000000001
6225.01183815161,0.75959295,0.0033355826272084095,10.100000000000001
6226.0118400563815,0.74476296,0.0032673655150681344,10.0
6227.011841961153,0.74222904,0.0033224485931422805,10.100000000000001
6228.011843865923,0.7584252,0.0033645401440292816,10.100000000000001
6229.011845770694,0.69730705,0.003121538923834063,10.100000000000001
6230.011847675465,0.6739283,0.0029362216455642177,10.100000000000001
6231.011849580236,0.7089008,0.0028210268139363085,10.100000000000001
6232.011851485007,0.75252867,0.0027586572655965307,10.100000000000001
6233.0118533897785,0.73374206,0.0026488750948406455,14.5
6234.011855294549,0.72496885,0.002853392716491268,14.5
6235.01185719932,0.68889964,0.0030309798744103736,14.5
6236.011859104091,0.6578429,0.0032599405959951294,14.5
6237.011861008862,0.7134661,0.003372351260174193,14.5
6238.011862913633,0.62836796,0.003524443519211641,14.5
6239.011864818404,0.69822514,0.003532920438751735,14.5
6240.0118667231745,0.7059201,0.00348660293255365,14.5
6241.011868627946,0.68052256,0.0035699658856345553,10.700000000000001
6242.011870532717,0.65819293,0.0036599137374113354,9.700000000000001
6243.011872437488,0.5544434,0.003626434449781279,9.700000000000001
6244.011874342259,0.6046761,0.003456507597463855,9.700000000000001
6245.01187624703,0.746381,0.0032122048179533697,10.5
6246.0118781518,0.70714456,0.0030029219491488827,10.5
6247.0118800565715,0.64200145,0.0028329390675053603,13.9
6248.011881961343,0.65645045,0.0026368148208984325,8.4
6249.011883866114,0.65626556,0.002615541565494611,8.4
6250.011885770885,0.6757645,0.0027276580138184798,6.5
6251.011887675656,0.66918385,0.002704962866298421,9.5
6252.011889580426,0.6574841,0.003015202145132827,9.5
6253.011891485197,0.8447702,0.015845439064271293,0.1
6254.0118933899685,0.90898854,0.028519494822958104,1.9000000000000001
6255.01189529474,0.8141864,0.029250110805795697,1.9000000000000001
6256.011897199511,0.8311066,0.029282492479774255,1.9000000000000001
6257.011899104282,0.8474147,0.029355775958564024,1.9000000000000001
6258.011901009052,0.88439894,0.040111046403099884,1.6
6259.011902913823,0.63149416,0.04017862983580978,1.6
6260.011904818594,0.5140959,0.040278204194814746,1.6
6261.011906723365,0.81288236,0.04027124054495705,1.6
6262.011908628137,0.8464184,0.0402488685023656,1.6
6263.011910532908,0.7229613,0.03700486627738887,1.6
6264.011912437678,0.86384386,0.028580992881807127,1.8
6265.011914342449,0.94562316,0.027888094950510905,1.8
6266.01191624722,0.95544887,0.027859382603716027,1.8
6267.011918151991,0.8657401,0.02778451896394524,1.8
6268.011920056762,0.69822806,0.005007261761550665,7.6000000000000005
6269.0119219615335,0.63397706,0.004486452275809163,8.6
6270.011923866304,0.6296127,0.003546424173899559,14.5
6271.011925771075,0.68739,0.0037850931036588122,7.5
6272.011927675846,0.76404274,0.0037253214216331305,7.5
6273.011929580617,0.6850812,0.0036695840469543758,7.7
6274.011931485388,0.7806091,0.003612764374616468,7.7
6275.011933390159,0.83212906,0.0032080862823356785,8.700000000000001
6276.01193529493,0.8562755,0.0031605969223753865,3.5
6277.011937199701,0.87497497,0.003086730191045106,15.0
6278.011939104472,0.7955785,0.002917380950251498,15.0
6279.011941009243,0.8106387,0.0027186201525726972,15.0
6280.011942914014,0.796185,0.0025661484262851867,15.0
6281.011944818785,0.79772604,0.002197755197985296,10.3
6282.011946723555,0.8140612,0.0024855796939633646,14.100000000000001
6283.0119486283265,0.77899504,0.0026838007070328555,10.4
6284.011950533098,0.77405304,0.0029837434359804476,10.4
6285.011952437869,0.73439384,0.0032577968101100687,10.4
6286.01195434264,0.7366448,0.0032198183329621645,10.600000000000001
6287.011956247411,0.6942942,0.003224660568542386,8.0
6288.011958152181,0.67890376,0.003498037006339493,10.5
6289.011960056952,0.7077547,0.0036351320601974127,10.5
6290.0119619617235,0.6966744,0.0036702873959947513,10.5
6291.011963866495,0.7184118,0.003783366609813928,9.4
6292.011965771266,0.6656526,0.0036066798264298866,9.4
6293.011967676037,0.65056896,0.0033773306170839994,7.800000000000001
6294.011969580807,0.7095135,0.003088148989822448,10.4
6295.011971485578,0.7075827,0.00279055133043538,10.4
6296.011973390349,0.79079026,0.03278694574236766,4.2
6297.0119752951205,0.6929247,0.03310272026756275,4.4
6298.011977199892,0.76889783,0.033219869885988886,4.6000000000000005
6299.011979104663,0.8504321,0.033239107182133465,4.6000000000000005
6300.011981009433,0.93252707,0.06514079619445584,2.0
6301.011982914204,0.9053145,0.06518182984216912,2.0
6302.011984818975,0.9402981,0.11889905802427783,2.0
6303.011986723746,0.7442925,0.15155785326682178,2.0
6304.011988628517,0.85775614,0.1628778517852656,2.5
6305.011990533289,0.9257999,0.16332662406992923,2.5
6306.01199243806,0.7674757,0.1602011937541847,2.5
6307.01199434283,0.8281853,0.1601792855361047,2.5
6308.011996247601,0.8099955,0.16024561855453182,2.5
6309.011998152372,0.8797007,0.16025478242442903,2.5
6310.012000057143,0.4775004,0.15018496828506178,2.5
6311.012001961914,0.24790409,0.15016498925123142,2.5
6312.0120038666855,0.67751664,0.11241046575535131,2.5
6313.012005771456,0.72261375,0.11714336256176716,2.6
6314.012007676227,0.50415224,0.11111627157692636,2.0
6315.012009580998,0.2534475,0.11054474080561894,2.0
6316.012011485769,0.28928772,0.11073470366211925,2.2
6317.01201339054,0.32510448,0.11151579016767962,2.0
6318.012015295311,0.5176077,0.11150561593903269,2.0
6319.012017200082,0.474249,0.11151581855224599,2.2
6320.012019104853,0.85910904,0.11219842700579925,2.2
6321.012021009624,0.8193571,0.1170660789728142,2.5
6322.012022914395,0.8851117,0.11706804781831616,2.5
6323.012024819166,0.73634356,0.06163224395134311,2.8000000000000003
6324.012026723937,0.93370277,0.03966018954498793,3.1
6325.012028628707,0.9558411,0.039682165943946905,3.1
6326.0120305334785,0.86288345,0.06726453036447602,1.7000000000000002
6327.01203243825,0.8762991,0.06629236468682258,1.1
6328.012034343021,0.85772455,0.06608248700424989,1.5
6329.012036247792,0.9117415,0.06607374608632871,1.5
6330.012038152563,0.8416712,0.07659281221960411,1.5
6331.012040057333,0.83778673,0.06888781984373786,1.5
6332.012041962104,0.9200373,0.06900373508295381,1.5
6333.0120438668755,0.9099192,0.07041660079364664,1.5
6334.012045771647,0.9724442,0.07189801946990809,1.5
6335.012047676418,0.93833405,0.08041992019039948,2.0
6336.012049581189,0.9370215,0.05881381065634313,1.6
6337.012051485959,0.8642463,0.06506225214919327,1.8
6338.01205339073,0.7874822,0.06529463153317101,1.8
6339.012055295501,0.9065883,0.06558948384811708,1.8
6340.0120572002725,0.9370979,0.05187186567927225,2.4000000000000004
6341.012059105044,0.7739963,0.05508890858210773,2.4000000000000004
6342.012061009815,0.6889027,0.05656123361124023,2.4000000000000004
6343.012062914585,0.6853359,0.05480723583604016,2.4000000000000004
6344.012064819356,0.9297434,0.05287472229209463,1.9000000000000001
6345.012066724127,0.8885499,0.038881013730518124,1.7000000000000002
6346.012068628898,0.86259544,0.038891642020778654,1.7000000000000002
6347.012070533669,0.73201054,0.026490844660015837,1.6
6348.012072438441,0.71018964,0.025887696819286782,1.6
6349.012074343211,0.7862102,0.025068521963655034,1.4000000000000001
6350.012076247982,0.7594203,0.024108105057801497,1.4000000000000001
6351.012078152753,0.53636247,0.014960136587169937,0.30000000000000004
6352.012080057524,0.40575776,0.005608153440703668,5.6000000000000005
6353.012081962295,0.43808073,0.005469800376853017,8.3
6354.012083867066,0.46974453,0.0054628514368078,8.3
6355.012085771837,0.51735735,0.003973060665908831,8.3
6356.012087676608,0.6294407,0.003730990228712832,6.300000000000001
6357.012089581379,0.61747354,0.0035091176687170444,9.700000000000001
6358.01209148615,0.6956586,0.003486368838993525,9.700000000000001
6359.012093390921,0.7295024,0.0034337011111548054,6.7
6360.012095295692,0.77642864,0.0034035985977243052,6.7
6361.012097200462,0.7683598,0.003296377295031252,6.7
6362.012099105234,0.7385455,0.003195819347820213,6.7
6363.012101010005,0.79710764,0.00318527644871162,6.7
6364.012102914776,0.8271524,0.003142542710899181,6.7
6365.012104819547,0.8757467,0.04417815142803918,2.6
6366.012106724318,0.8820242,0.044503934265940785,2.3000000000000003
6367.012108629088,0.87858075,0.04468509597069021,2.5
6368.012110533859,0.8798236,0.04470241658427592,2.5
6369.0121124386305,0.8241583,0.04482796031039618,2.5
6370.012114343402,0.8008246,0.045072816385415014,2.4000000000000004
6371.012116248173,0.88065743,0.04530358155566796,2.4000000000000004
6372.012118152944,0.8106445,0.050279609234559805,2.1
6373.012120057714,0.80943245,0.050397663165824814,2.1
6374.012121962485,0.85256493,0.05041024332324387,2.1
6375.012123867256,0.30094382,0.024557136247913627,2.1
6376.0121257720275,0.50319725,0.023979081377147715,2.3000000000000003
6377.012127676799,0.775169,0.02365179299392395,2.0
6378.01212958157,0.7183921,0.023610100811935566,2.0
6379.01213148634,0.78516173,0.02335853881850996,2.0
6380.012133391111,0.6961465,0.02295794413253753,2.2
6381.012135295882,0.7872641,0.022488514705967272,1.8
6382.012137200653,0.47350073,0.005150293880009173,12.8
6383.0121391054245,0.6006102,0.0036735628868153603,8.700000000000001
6384.012141010196,0.5574791,0.003714337964952678,8.700000000000001
6385.012142914967,0.6337601,0.003647583526766012,10.8
6386.012144819737,0.57813454,0.0037430145692377618,10.8
6387.012146724508,0.6651199,0.003396562196502812,10.8
6388.012148629279,0.59280115,0.003486560097757319,10.8
6389.01215053405,0.6938429,0.004755118780367508,10.0
6390.012152438821,0.5637599,0.004749547639133897,11.100000000000001
6391.012154343593,0.7315006,0.0051925032941826064,11.3
6392.012156248363,0.767339,0.005256705749598884,11.3
6393.012158153134,0.7450458,0.006230454824457533,11.3
6394.012160057905,0.70636404,0.0072737160929483595,11.3
6395.012161962676,0.6967509,0.007275382726741474,11.3
6396.012163867447,0.70111895,0.007210067882665438,11.3
6397.012165772218,0.7961022,0.007181742678599795,11.3
6398.012167676989,0.7433976,0.007409006767745209,11.3
6399.01216958176,0.84196633,0.006857991953223753,2.6
6400.012171486531,0.83334243,0.00675379205170486,9.1
6401.012173391302,0.7823145,0.03040123756834109,2.8000000000000003
6402.012175296073,0.8177687,0.033804251869807504,2.5
6403.012177200844,0.7581432,0.03384171429325155,2.5
6404.012179105614,0.7523749,0.03366267472040755,2.5
6405.012181010386,0.7979264,0.03367645087743612,2.5
6406.012182915157,0.7896912,0.03370030174405049,1.8
6407.012184819928,0.7867932,0.03371140036652249,2.5
6408.012186724699,0.900308,0.03367634850636103,2.5
6409.01218862947,0.90904725,0.033658534315548536,2.5
6410.01219053424,0.7943531,0.0336953156350599,2.5
6411.012192439011,0.8442593,0.015839890166515713,2.1
6412.0121943437825,0.76290035,0.005677645193394107,14.4
6413.012196248554,0.8051574,0.005084485142845465,9.700000000000001
6414.012198153325,0.8097572,0.005295606565151322,10.5
6415.012200058096,0.80914783,0.005549727675925403,13.0
6416.012201962866,0.84385365,0.005645919601934638,9.700000000000001
6417.012203867637,0.7940715,0.005664739336749014,9.700000000000001
6418.012205772408,0.78942895,0.005684342148911948,10.4
6419.0122076771795,0.76161724,0.0061721710511636885,10.700000000000001
6420.012209581951,0.81579345,0.009151939724569135,10.100000000000001
6421.012211486722,0.90943414,0.030694305745256657,2.0
6422.012213391492,0.8789741,0.032279850711243445,1.8
6423.012215296263,0.86772275,0.03280793412525721,1.8
6424.012217201034,0.75748086,0.0329767570024676,2.6
6425.012219105805,0.7086585,0.03295568532066562,2.6
6426.0122210105765,0.8259725,0.03298599693621535,2.6
6427.012222915348,0.68772656,0.033055192658572145,1.7000000000000002
6428.012224820118,0.8337243,0.033063812059698584,1.7000000000000002
6429.012226724889,0.88270676,0.03999880879704148,2.6
6430.01222862966,0.86931515,0.04351308050193105,2.6
6431.012230534431,0.8770966,0.03245471674157415,2.6
6432.012232439202,0.78209394,0.031059139275481436,2.6
6433.012234343973,0.8583602,0.044508497890699855,2.2
6434.012236248744,0.9351222,0.04565473777964483,2.5
6435.012238153515,0.7879473,0.0473635858106312,2.2
6436.012240058286,0.73032904,0.04830224483149573,2.5
6437.012241963057,0.8311389,0.04824847235778778,2.5
6438.012243867828,0.7233633,0.048250136196509544,2.5
6439.012245772599,0.9046419,0.04258066580123894,2.8000000000000003
6440.0122476773695,0.8614238,0.03838816917777199,2.8000000000000003
6441.012249582141,0.87733674,0.03817464241253829,2.8000000000000003
6442.012251486912,0.87182367,0.03799852686344818,2.8000000000000003
6443.012253391683,0.8079957,0.019542264008385872,2.9000000000000004
6444.012255296454,0.8801972,0.016155382860161275,2.9000000000000004
6445.012257201225,0.8120764,0.010401985068258564,8.1
6446.012259105995,0.6992972,0.003759295029036125,10.600000000000001
6447.012261010766,0.73986065,0.0037601962407761928,5.0
6448.012262915538,0.7787452,0.0035495143798183913,10.4
6449.012264820309,0.8186799,0.003696126639818839,10.4
6450.01226672508,0.84254074,0.004013087115685654,6.1000000000000005
6451.012268629851,0.7839772,0.003977565435646884,10.5
6452.012270534621,0.8776726,0.004037742227167505,10.5
6453.012272439392,0.84243196,0.004074501068742544,10.5
6454.012274344163,0.8363112,0.004167719395748054,10.5
6455.0122762489345,0.7855986,0.004132550663443071,10.5
6456.012278153706,0.68787307,0.004380072963420132,12.4
6457.012280058477,0.72417265,0.004525862593461677,10.5
6458.012281963247,0.55862343,0.004540201626658872,12.4
6459.012283868018,0.62508196,0.004439204400970266,6.9
6460.012285772789,0.6671008,0.004194381429642488,10.3
6461.01228767756,0.5054751,0.003935185304511076,10.3
6462.0122895823315,0.55244994,0.003774064392537409,10.3
6463.012291487103,0.6227824,0.0038601150275766835,9.5
6464.012293391873,0.61721444,0.003789535584463897,9.5
6465.012295296644,0.5374145,0.003714863398111667,9.5
6466.012297201415,0.63166755,0.003382667254576029,9.5
6467.012299106186,0.5881197,0.00321150724320647,15.0
6468.012301010957,0.6887708,0.0030699257535823105,9.5
6469.0123029157285,0.6963289,0.003163034180783792,14.3
6470.0123048205,0.7069555,0.003183041962234959,13.8
6471.01230672527,0.72837603,0.0032026993666356427,13.8
6472.012308630041,0.7230325,0.003318632194362428,14.100000000000001
6473.012310534812,0.6598222,0.002977999443375574,14.5
6474.012312439583,0.7162789,0.0029299881253377884,14.100000000000001
6475.012314344354,0.7377304,0.0029985566126891593,13.600000000000001
6476.012316249125,0.69798946,0.0033757222288736777,14.5
6477.012318153896,0.76010394,0.003504464215301872,14.5
6478.012320058667,0.7172046,0.0036528726184047503,14.5
6479.012321963438,0.7683188,0.0036086244559477183,14.5
6480.012323868209,0.7366128,0.003648722341708829,11.0
6481.01232577298,0.6116888,0.0037383468230469596,4.1000000000000005
6482.012327677751,0.56680614,0.003630045590535013,12.5
6483.0123295825215,0.6732274,0.0036883514039071116,9.9
6484.012331487293,0.7393855,0.003638017974367637,9.9
6485.012333392064,0.723528,0.0035139392612420117,9.9
6486.012335296835,0.7403585,0.003158483150676466,9.9
6487.012337201606,0.7799966,0.003004092728918264,9.9
6488.012339106377,0.81667984,0.00295294586552735,9.9
6489.012341011147,0.8039355,0.0031000508172677912,9.9
6490.012342915918,0.8444465,0.0028801137814269285,15.0
6491.01234482069,0.85510314,0.002946797193557674,15.0
6492.012346725461,0.84610087,0.00299951346649104,15.0
6493.012348630232,0.8560837,0.002989329053762512,15.0
6494.012350535003,0.8054985,0.0031306874465968416,10.8
6495.012352439773,0.78618294,0.003267047489499758,10.8
6496.012354344544,0.7939172,0.0036353887760391407,10.8
6497.012356249315,0.7605361,0.003953576038241557,12.100000000000001
6498.0123581540865,0.7447953,0.004085817872698278,10.8
6499.012360058858,0.7134916,0.004134094567951381,12.8
6500.012361963629,0.7398421,0.004490293915301091,12.100000000000001
6501.012363868399,0.68039525,0.00512731331907545,12.100000000000001
6502.01236577317,0.6378909,0.005160720513354197,12.100000000000001
6503.012367677941,0.68585855,0.0051001611166552364,12.100000000000001
6504.012369582712,0.7405474,0.005064605924388755,1.5
6505.0123714874835,0.7429783,0.0050462334389695974,9.8
6506.012373392255,0.69672775,0.005304758962334739,9.8
6507.012375297025,0.5994037,0.005365972413946582,9.8
6508.012377201796,0.6405671,0.005230610870777991,9.8
6509.012379106567,0.6673894,0.005107407220702489,10.700000000000001
6510.012381011338,0.63180655,0.004900077607376255,9.0
6511.012382916109,0.81130767,0.023006401070114667,1.6
6512.0123848208805,0.60458964,0.04004304737786686,2.6
6513.012386725651,0.732027,0.06232913668604312,2.8000000000000003
6514.012388630422,0.8523223,0.06246129910704029,2.8000000000000003
6515.012390535193,0.9096297,0.06255536061681582,2.8000000000000003
6516.012392439964,0.94139165,0.06252374093772381,2.8000000000000003
6517.012394344735,0.9059366,0.06283473468031352,2.8000000000000003
6518.012396249506,0.92975855,0.06322678462251811,2.9000000000000004
6519.0123981542765,0.9564264,0.06343133492428886,2.9000000000000004
6520.012400059048,0.9758661,0.069926713749548,2.9000000000000004
6521.012401963819,0.92968035,0.06632970883337364,2.9000000000000004
6522.01240386859,0.6326149,0.057611768906423465,2.2
6523.012405773361,0.6387395,0.03232631303983825,1.9000000000000001
6524.012407678132,0.6316119,0.032100433536942474,1.9000000000000001
6525.012409582902,0.804968,0.03194211191778925,1.9000000000000001
6526.0124114876735,0.69473284,0.031932777925934845,1.9000000000000001
6527.012413392445,0.7420813,0.03128447951749273,2.3000000000000003
6528.012415297216,0.76584554,0.030483292237821157,2.3000000000000003
6529.012417201987,0.76673806,0.030044508817486253,2.0
6530.012419106758,0.54368407,0.006022878881707831,9.8
6531.012421011528,0.8437558,0.04978445689323921,2.1
6532.012422916299,0.893554,0.05012248646636375,2.1
6533.01242482107,0.90354806,0.050124554679157454,2.1
6534.012426725842,0.8970148,0.05012071299867669,2.1
6535.012428630613,0.8258219,0.05011652512093677,2.0
6536.012430535384,0.78598255,0.05014766881077576,2.0
6537.012432440154,0.8202926,0.05041885002347685,2.0
6538.012434344925,0.9061247,0.050624659998377966,2.0
6539.012436249696,0.90980285,0.05062730724721628,2.0
6540.012438154467,0.84106666,0.05076476898795474,2.2
6541.0124400592385,0.5709847,0.010355116715054909,1.9000000000000001
6542.01244196401,0.60571855,0.008762106533023076,3.8000000000000003
6543.01244386878,0.6199999,0.009801814933269875,3.7
6544.012445773551,0.60344213,0.009961409247994471,3.7
6545.012447678322,0.85387254,0.03477220172968253,1.6
6546.012449583093,0.622782,0.03472819091855158,1.6
6547.012451487864,0.8103759,0.034368769285840456,1.8
6548.0124533926355,0.7749162,0.03407864651710931,1.8
6549.012455297407,0.8169085,0.03407446676008283,1.8
6550.012457202177,0.75419116,0.04209079318810839,1.8
6551.012459106948,0.72278696,0.048698752633548524,1.8
6552.012461011719,0.70507646,0.048676424216275466,1.8
6553.01246291649,0.88947666,0.05191194043502641,2.2
6554.012464821261,0.6120419,0.056738126855579836,2.8000000000000003
6555.0124667260325,0.5118864,0.05280471154431962,1.7000000000000002
6556.012468630803,0.6682346,0.05283511890827695,1.7000000000000002
6557.012470535574,0.61518484,0.05281768616358529,1.7000000000000002
6558.012472440345,0.76626265,0.05281146194193991,1.7000000000000002
6559.012474345116,0.821676,0.05280346403344092,1.7000000000000002
6560.012476249887,0.83380675,0.04650708290823599,2.7
6561.012478154658,0.83849394,0.03949578011366174,1.7000000000000002
6562.0124800594285,0.82420266,0.0394751932576434,1.7000000000000002
6563.0124819642,0.8023787,0.034844561678134996,1.5
6564.012483868971,0.8560076,0.02601955389338482,1.3
6565.012485773742,0.692758,0.0035158310704640253,5.5
6566.012487678513,0.6904863,0.0033224494803986496,14.9
6567.012489583284,0.7117205,0.0038053179128783522,8.3
6568.012491488054,0.6901772,0.004068802715032066,8.3
6569.0124933928255,0.6392803,0.004176607496501537,8.3
6570.012495297597,0.6108366,0.004289109412531572,6.1000000000000005
6571.012497202368,0.92036206,0.024535463549889832,2.8000000000000003
6572.012499107139,0.8803827,0.03162627718699747,2.9000000000000004
6573.01250101191,0.94510305,0.03641012645619116,3.3000000000000003
6574.01250291668,0.90516037,0.04625509083761741,3.3000000000000003
6575.012504821451,0.8560217,0.046766794228933525,3.3000000000000003
6576.012506726222,0.8754656,0.04682956211952896,3.3000000000000003
6577.012508630994,0.8089924,0.0467973128471573,3.4000000000000004
6578.012510535765,0.9837442,0.04679396735114391,2.2
6579.012512440536,0.94598097,0.04703270107300151,2.2
6580.012514345306,0.9786564,0.04723302999002363,2.2
6581.012516250077,0.9637282,0.041905955057570915,3.4000000000000004
6582.012518154848,0.93244374,0.04172044470789824,4.0
6583.012520059619,0.9637852,0.07494845094190375,2.2
6584.0125219643905,0.86728215,0.07718746553612617,2.2
6585.012523869162,0.89940757,0.07686870242100316,2.2
6586.012525773932,0.9275461,0.07683993363577302,2.2
6587.012527678703,0.96651804,0.07683548185577227,2.2
6588.012529583474,0.9788396,0.07682315081516249,2.2
6589.012531488245,0.98029035,0.07666547687604779,2.2
6590.012533393016,0.9524888,0.0765252646315139,2.2
6591.0125352977875,0.92953765,0.07582262093426645,2.2
6592.012537202558,0.7493543,0.07321998995420975,2.1
6593.012539107329,0.9049874,0.034105802098652466,1.6
6594.0125410121,0.81247455,0.003299481876564153,10.200000000000001
6595.012542916871,0.5879463,0.003135659786442501,10.200000000000001
6596.012544821642,0.6525327,0.002580280713016608,10.200000000000001
6597.012546726413,0.7076709,0.0028579250895708706,10.200000000000001
6598.012548631184,0.69068766,0.0029646367784294863,10.200000000000001
6599.012550535955,0.64569443,0.0030696399774518338,10.200000000000001
6600.012552440726,0.8558692,0.08895458587168789,2.1
6601.012554345497,0.8665314,0.0959433977440175,1.7000000000000002
6602.012556250268,0.858403,0.11794415414009606,1.8
6603.012558155039,0.74149686,0.1218977931698186,1.7000000000000002
6604.012560059809,0.52436227,0.12191912282153228,1.7000000000000002
6605.0125619645805,0.5606443,0.12197916357292475,1.7000000000000002
6606.012563869352,0.63156796,0.12197743969876432,1.7000000000000002
6607.012565774123,0.46830812,0.12196447036489817,1.7000000000000002
6608.012567678894,0.6771041,0.12196112602505253,1.7000000000000002
6609.012569583665,0.34470004,0.12198631999977333,1.7000000000000002
6610.012571488435,0.66110206,0.09316114468768309,1.7000000000000002
6611.012573393206,0.81780154,0.08617137963455003,1.7000000000000002
6612.0125752979775,0.8664639,0.061461251562192336,2.4000000000000004
6613.012577202749,0.9338035,0.05630178533726932,2.4000000000000004
6614.01257910752,0.93128455,0.056277513031579386,2.4000000000000004
6615.012581012291,0.9339088,0.05615899997943432,2.4000000000000004
6616.012582917061,0.9718059,0.056156568425737775,2.4000000000000004
6617.012584821832,0.9834299,0.056223421675583134,2.4000000000000004
6618.012586726603,0.9876089,0.05623114792402178,2.4000000000000004
6619.0125886313745,0.9906865,0.05617285794695337,2.0
6620.012590536146,0.954154,0.03838446221603545,2.5
6621.012592440917,0.95913357,0.03787803902975043,2.5
6622.012594345687,0.9275367,0.019292315589962094,5.0
6623.012596250458,0.8838996,0.004510862341002716,9.700000000000001
6624.012598155229,0.84911084,0.0044203934190579965,14.3
6625.01260006,0.8034689,0.004366483028910609,5.2
6626.012601964771,0.8769147,0.004769587710364068,6.5
6627.0126038695425,0.85743725,0.004556877145038503,10.200000000000001
6628.012605774313,0.8316413,0.004837955140599539,14.5
6629.012607679084,0.82812434,0.005017885003222153,15.0
6630.012609583855,0.8537858,0.005413592842000949,14.5
6631.012611488626,0.85204214,0.005463138063204613,14.5
6632.012613393397,0.86564076,0.005729124681838762,13.8
6633.012615298168,0.8615759,0.005725135627795638,13.8
6634.0126172029395,0.83917564,0.005691064663664124,13.8
6635.01261910771,0.89829946,0.005434476878949644,13.8
6636.012621012481,0.86408865,0.00508617501540568,14.4
6637.012622917252,0.88313204,0.00459638306176087,13.9
6638.012624822023,0.83962786,0.004183441165685129,13.9
6639.012626726794,0.82642657,0.004370239604910303,14.3
6640.012628631565,0.7853474,0.004104020701270631,13.700000000000001
6641.012630536336,0.79885143,0.0042288065693105,6.300000000000001
6642.012632441107,0.8804668,0.07101931775342445,1.5
6643.012634345878,0.69742787,0.07254447337426687,1.3
6644.012636250649,0.7645995,0.07274408675998974,1.5
6645.01263815542,0.67333984,0.07287200027198282,1.4000000000000001
6646.012640060191,0.6244487,0.07295438732316566,1.4000000000000001
6647.012641964961,0.7957988,0.07540240797312031,1.3
6648.0126438697325,0.86804247,0.0820750719358741,1.3
6649.012645774504,0.8668613,0.08494317859792785,1.3
6650.012647679275,0.80070716,0.09668058717782708,1.3
6651.012649584046,0.5010875,0.11273174480915198,1.3
6652.012651488817,0.12916751,0.09696809969992329,1.3
6653.012653393587,0.37231377,0.0963717274069435,1.3
6654.012655298358,0.48257443,0.1047669019640903,1.3
6655.0126572031295,0.2437163,0.11018202435629369,1.5
6656.012659107901,0.18813144,0.11198244668218431,1.5
6657.012661012672,0.35110644,0.11176975049124678,1.5
6658.012662917443,0.35943598,0.13438512423896418,1.1
6659.012664822213,0.6181331,0.13855437292635342,1.1
6660.012666726984,0.8052531,0.13243399743013787,1.1
6661.012668631755,0.8859835,0.1307255497819489,1.1
6662.0126705365265,0.88968277,0.14146473395574533,3.5
6663.012672441298,0.9188249,0.14283572039249215,3.5
6664.012674346069,0.852718,0.13719102761027618,3.5
6665.012676250839,0.7889655,0.14999596801845197,0.7000000000000001
6666.01267815561,0.8248848,0.15646934225763762,0.7000000000000001
6667.012680060381,0.5396433,0.16591221134350037,0.7000000000000001
6668.012681965152,0.6953361,0.15475506372285627,0.7000000000000001
6669.012683869923,0.6898489,0.16130281309904324,0.7000000000000001
6670.012685774695,0.45165294,0.16623127103913182,0.7000000000000001
6671.012687679465,0.24910271,0.16410837211758522,1.5
6672.012689584236,0.13368702,0.15403450408028085,0.7000000000000001
6673.012691489007,0.053949863,0.16104339835085338,0.7000000000000001
6674.012693393778,0.031754024,0.16857169313856663,1.7000000000000002
6675.012695298549,0.04494409,0.1591889975106456,2.3000000000000003
6676.01269720332,0.019652657,0.1590816122878944,2.3000000000000003
6677.012699108091,0.004084115,0.16353179718268104,2.3000000000000003
6678.012701012862,0.008673779,0.16187328483810495,1.8
6679.012702917633,0.010379661,0.15655607215458614,1.8
6680.012704822404,0.021894764,0.1527577406717801,1.8
6681.012706727175,0.025464574,0.1497487633297833,1.8
6682.012708631946,0.015421389,0.15019089774935654,1.8
6683.012710536716,0.009236878,0.14331792031276244,1.8
6684.012712441488,0.061565496,0.1393957925387247,1.7000000000000002
6685.012714346259,0.022407454,0.1404862936156486,2.1
6686.01271625103,0.06581599,0.13461978727424778,2.1
6687.012718155801,0.03668946,0.11967999888319356,2.0
6688.012720060572,0.5360005,0.11058864671339157,2.1
6689.012721965342,0.73527473,0.10333456894034064,2.0
6690.012723870113,0.6395015,0.10089313087397768,2.2
6691.0127257748845,0.75444937,0.09613617041395983,5.1000000000000005
6692.012727679656,0.82356685,0.0900129414653595,7.1000000000000005
6693.012729584427,0.61518586,0.08953290066749539,2.9000000000000004
6694.012731489198,0.7717249,0.0805975373262096,2.9000000000000004
6695.012733393968,0.49739236,0.07200496668320702,10.8
6696.012735298739,0.83377063,0.06837369567350392,10.8
6697.01273720351,0.6706107,0.06460915534134154,5.300000000000001
6698.0127391082815,0.34243128,0.06559289819147401,5.300000000000001
6699.012741013053,0.39964423,0.06335346345624827,10.8
6700.012742917824,0.5002366,0.07646163174495653,1.7000000000000002
6701.012744822594,0.27799186,0.11977283638979488,0.4
6702.012746727365,0.6644514,0.11899208807404878,1.3
6703.012748632136,0.6770254,0.11785764989262147,1.1
6704.012750536907,0.70756286,0.11984734818131088,1.3
6705.0127524416785,0.6890469,0.12345383085371811,1.3
6706.01275434645,0.6521265,0.12816649169536495,1.3
6707.01275625122,0.8334317,0.12640286035449047,1.3
6708.012758155991,0.81581676,0.1261908411405401,1.3
6709.012760060762,0.9162094,0.1255971719412611,1.3
6710.012761965533,0.8913869,0.11655622812047939,0.8
6711.012763870304,0.90855026,0.07170194928210125,1.7000000000000002
6712.012765775075,0.93913454,0.08668229385430458,2.2
6713.012767679847,0.8899034,0.09202633929613303,2.2
6714.012769584617,0.94071674,0.14219860927164207,2.2
6715.012771489388,0.8490768,0.13800173406571176,3.0
6716.012773394159,0.9011106,0.13270734479048601,3.0
6717.01277529893,0.94848317,0.13210089200951905,3.0
6718.012777203701,0.9131081,0.13077911481076177,3.0
6719.012779108472,0.900466,0.13005783665226595,3.0
6720.012781013243,0.8929505,0.12971628041954456,3.0
6721.012782918014,0.91127914,0.1289576760104321,3.0
6722.012784822785,0.88639075,0.1182634824728979,3.2
6723.012786727556,0.8435154,0.11195834156798387,11.4
6724.012788632327,0.65221614,0.011327068872807725,10.0
6725.012790537098,0.63963735,0.009650183957916615,11.4
6726.012792441868,0.8134175,0.06452143352837139,1.1
6727.01279434664,0.9147073,0.11973416230696962,1.1
6728.012796251411,0.84125495,0.12370110279641737,1.4000000000000001
6729.012798156182,0.84291226,0.12553345351389095,1.2000000000000002
6730.012800060953,0.8521892,0.12848768108950143,1.4000000000000001
6731.012801965724,0.605041,0.1306885941542267,1.1
6732.012803870494,0.5009841,0.13428124181906656,1.1
6733.012805775265,0.41250947,0.1658416608923334,1.1
6734.0128076800365,0.5140373,0.16585059489271872,1.1
6735.012809584808,0.595096,0.16587278573760714,1.1
6736.012811489579,0.5224318,0.1534845990691912,1.1
6737.01281339435,0.7551275,0.11553129769497489,1.8
6738.01281529912,0.75825304,0.1113012599398228,2.8000000000000003
6739.012817203891,0.8749063,0.10920851579573339,2.8000000000000003
6740.012819108662,0.92156893,0.10601927567650855,2.3000000000000003
6741.0128210134335,0.882794,0.10317914657803975,0.7000000000000001
6742.012822918205,0.8043189,0.09846593363720851,1.9000000000000001
6743.012824822976,0.798611,0.010040749897894437,14.700000000000001
6744.012826727746,0.7575645,0.009961573618234035,14.700000000000001
6745.012828632517,0.7807965,0.00999421626986078,14.700000000000001
6746.012830537288,0.7166841,0.009998341583807505,14.600000000000001
6747.012832442059,0.7859756,0.01008662841013306,14.600000000000001
6748.0128343468305,0.83912766,0.010140672539351452,14.8
6749.012836251602,0.7924185,0.010224220299052482,14.600000000000001
6750.012838156372,0.8656473,0.007044656295684853,14.600000000000001
6751.012840061143,0.90774894,0.006950078418482383,14.600000000000001
6752.012841965914,0.8502085,0.006898761126318879,14.600000000000001
6753.012843870685,0.8072833,0.05256495913937116,0.30000000000000004
6754.012845775456,0.90920836,0.10524836436436392,2.1
6755.012847680227,0.9214757,0.10528271170536678,2.0
6756.012849584998,0.9001263,0.10531370919272899,2.1
6757.012851489769,0.9078277,0.10530942193693425,2.1
6758.01285339454,0.9201909,0.10530851472569767,2.1
6759.012855299311,0.9547316,0.10528570982927793,2.0
6760.012857204082,0.9749978,0.10521138696745812,2.0
6761.012859108853,0.98467493,0.10518547033890782,2.0
6762.0128610136235,0.97485584,0.10522448056098706,2.0
6763.012862918395,0.9395249,0.09153620910508167,1.9000000000000001
6764.012864823166,0.93204397,0.008329035355534344,3.6
6765.012866727937,0.93840384,0.007472743669726056,3.6
6766.012868632708,0.8981974,0.006802474667533843,10.200000000000001
6767.012870537479,0.844741,0.0065215746136648,10.200000000000001
6768.012872442249,0.81374085,0.006212223774526929,11.8
6769.01287434702,0.8430599,0.006800920826094446,11.8
6770.012876251792,0.70461714,0.006667925221889931,5.9
6771.012878156563,0.66069096,0.006682851490614349,5.9
6772.012880061334,0.69896907,0.0054886598145974,11.0
6773.012881966105,0.67291445,0.004883908088040865,10.9
6774.012883870875,0.679577,0.0044700507460059685,11.0
6775.012885775646,0.68832314,0.004493600329136895,8.3
6776.012887680417,0.7186772,0.005103896473806334,11.0
6777.0128895851885,0.7591198,0.0049774167132035875,11.0
6778.01289148996,0.77123916,0.004989886852692911,11.4
6779.012893394731,0.8095034,0.003991339615082578,11.0
6780.012895299501,0.8398157,0.004030923708028459,13.0
6781.012897204272,0.8310263,0.004147869853305831,13.0
6782.012899109043,0.8575192,0.004288918642414117,9.1
6783.012901013814,0.8220817,0.004292080449679409,9.1
6784.0129029185855,0.82403123,0.004307605442143642,12.200000000000001
6785.012904823357,0.85291445,0.004159729016201642,10.5
6786.012906728127,0.89279544,0.0033383127409869527,10.5
6787.012908632898,0.8809295,0.0034088766476103394,10.5
6788.012910537669,0.84273756,0.003212169040144958,10.5
6789.01291244244,0.86219776,0.0029430651867113616,9.3
6790.012914347211,0.824284,0.0028894097432654395,9.3
6791.0129162519825,0.8230576,0.0026836118507122687,9.3
6792.012918156753,0.77750385,0.004223854581287016,8.6
6793.012920061524,0.77847034,0.00480423225015572,4.3
6794.012921966295,0.76679885,0.006973486676496628,12.0
6795.012923871066,0.86535853,0.0733333600163621,1.0
6796.012925775837,0.6534053,0.07725781976628125,1.2000000000000002
6797.012927680608,0.70800376,0.0804153293658236,0.8
6798.012929585379,0.6380997,0.08621256213164516,1.2000000000000002
6799.01293149015,0.5781666,0.0896053180014912,0.9
6800.012933394921,0.5159534,0.09107729809748617,0.9
6801.012935299692,0.47323614,0.09199830860132101,0.9
6802.012937204463,0.40327618,0.09199167434060754,0.9
6803.012939109234,0.5742418,0.09207593356617287,0.9
6804.012941014005,0.37526897,0.10348809550885228,1.3
6805.0129429187755,0.42164123,0.08157695685712284,1.7000000000000002
6806.012944823547,0.58532506,0.07830229755139743,1.7000000000000002
6807.012946728318,0.7585935,0.07528831654610063,0.8
6808.012948633089,0.89774144,0.06862828096386149,0.6000000000000001
6809.01295053786,0.9357844,0.06444536024130815,0.6000000000000001
6810.012952442631,0.97921276,0.06251244111511978,0.6000000000000001
6811.012954347401,0.98359805,0.06120511651755601,0.4
6812.012956252172,0.99580294,0.061120470341418265,0.6000000000000001
6813.012958156944,0.99772817,0.06081258317346707,0.6000000000000001
6814.012960061715,0.97531724,0.03800954143978831,0.1
6815.012961966486,0.98631525,0.009821941522808113,14.4
6816.012963871257,0.97224766,0.00870054242058503,13.9
6817.012965776027,0.96509457,0.00901339787332912,13.9
6818.012967680798,0.9538448,0.008990144340636524,13.9
6819.012969585569,0.95855606,0.008762916708816097,13.9
6820.0129714903405,0.90457284,0.008172029733367694,14.700000000000001
6821.012973395112,0.7678437,0.007817813376650095,14.700000000000001
6822.012975299883,0.8541297,0.007557754664573096,14.700000000000001
6823.012977204653,0.858978,0.007124703892366248,10.0
6824.012979109424,0.8634074,0.006086433199505277,10.0
6825.012981014195,0.9319371,0.005526034923518963,10.0
6826.012982918966,0.8989228,0.0060039356547351,10.0
6827.0129848237375,0.91434044,0.005458536133818251,0.1
6828.012986728509,0.85843986,0.005570548389077448,10.3
6829.012988633279,0.920762,0.0060201192827683304,10.100000000000001
6830.01299053805,0.8586793,0.006219378031749653,9.8
6831.012992442821,0.8275264,0.0071151237847382484,10.3
6832.012994347592,0.7426953,0.007200259431211469,10.600000000000001
6833.012996252363,0.7593541,0.0073111293275258445,11.200000000000001
6834.0129981571345,0.7170278,0.0074341743246660276,10.5
6835.013000061905,0.7271465,0.00738997355429812,10.5
6836.013001966676,0.72779846,0.0070508441407786965,10.5
6837.013003871447,0.919279,0.0069350292565947035,10.5
6838.013005776218,0.9790164,0.053433285892341816,1.5
6839.013007680989,0.9062083,0.053877512492016486,1.7000000000000002
6840.01300958576,0.9320808,0.054080646860996374,1.7000000000000002
6841.0130114905305,0.89839137,0.05454268374400673,1.8
6842.013013395302,0.9243642,0.05463731369610186,1.8
6843.013015300073,0.80727315,0.05472113167225692,1.8
6844.013017204844,0.8984517,0.05474405657062464,1.8
6845.013019109615,0.9358539,0.05475155900760131,1.8
6846.013021014386,0.95655066,0.05471290571611799,1.8
6847.013022919156,0.9832182,0.05466566465075624,1.4000000000000001
6848.0130248239275,0.98917764,0.011525426134555665,1.7000000000000002
6849.013026728699,0.99311584,0.009489398708363822,1.7000000000000002
6850.01302863347,0.9938147,0.008905888664738704,2.1
6851.013030538241,0.9707935,0.026556317641603225,3.6
6852.013032443012,0.98233056,0.07852104349424684,0.1
6853.013034347782,0.96920806,0.07844883258070535,0.1
6854.013036252553,0.97085977,0.07839603080785142,0.1
6855.013038157324,0.96506053,0.07833699655802408,0.1
6856.013040062096,0.94871444,0.07876232965266228,0.1
6857.013041966867,0.94242543,0.07920339490770273,0.2
6858.013043871638,0.76375175,0.07908837791495898,0.2
6859.013045776408,0.73691535,0.07896603773639589,0.2
6860.013047681179,0.8170561,0.07884500510154763,3.7
6861.01304958595,0.83264536,0.07442158787601355,0.2
6862.013051490721,0.81532973,0.014003212611278642,4.0
6863.0130533954925,0.83412254,0.013841404068754497,4.0
6864.013055300264,0.8004057,0.013801272109591086,9.9
6865.013057205034,0.7873459,0.013827699220998555,9.9
6866.013059109805,0.71991694,0.010548620708470789,9.9
6867.013061014576,0.7449605,0.007577500784393172,7.5
6868.013062919347,0.7379621,0.007757530715321683,2.8000000000000003
6869.013064824118,0.74930775,0.007906480575564201,3.5
6870.0130667288895,0.71495205,0.00779368433157105,9.0
6871.01306863366,0.71481824,0.007862477901331445,9.0
6872.013070538431,0.7426041,0.007495369805427312,9.0
6873.013072443202,0.7435801,0.007702390313067147,2.8000000000000003
6874.013074347973,0.7262565,0.00759566465640535,9.0
6875.013076252744,0.7957748,0.007414675294040662,2.8000000000000003
6876.013078157515,0.78405124,0.007396852935116171,2.5
6877.0130800622865,0.7608891,0.005080508506624539,10.5
6878.013081967057,0.81046337,0.005213083762170939,10.200000000000001
6879.013083871828,0.8381191,0.005691329728655957,10.200000000000001
6880.013085776599,0.8442143,0.005688662015410246,10.200000000000001
6881.01308768137,0.8522345,0.005447134561919241,10.200000000000001
6882.013089586141,0.8692504,0.005817612023918405,11.100000000000001
6883.013091490912,0.86035717,0.005610325873279146,11.100000000000001
6884.0130933956825,0.88763493,0.006792973241332822,9.200000000000001
6885.013095300454,0.81988865,0.008769577025376618,4.2
6886.013097205225,0.8808319,0.009020468658588387,11.200000000000001
6887.013099109996,0.68059886,0.009307126168737686,9.4
6888.013101014767,0.86081386,0.010431222035153714,9.1
6889.013102919538,0.5451777,0.010160333576123545,5.6000000000000005
6890.013104824308,0.6993444,0.010112331633444832,4.3
6891.0131067290795,0.71376896,0.010158352442562767,9.700000000000001
6892.013108633851,0.80694675,0.01001326356053188,9.700000000000001
6893.013110538622,0.84687656,0.009995446322250344,9.700000000000001
6894.013112443393,0.90842164,0.009288087303978771,9.4
6895.013114348164,0.86100966,0.007816878300367675,10.3
6896.013116252934,0.88452756,0.007649473028862128,11.200000000000001
6897.013118157705,0.8668132,0.007382462857458128,11.200000000000001
6898.013120062476,0.86414456,0.005492744143138799,10.3
6899.013121967248,0.90328807,0.0055046132454195755,10.3
6900.013123872019,0.8726152,0.005841035619844945,10.3
6901.01312577679,0.8928651,0.00669349092071076,10.3
6902.01312768156,0.83914256,0.007590929356244831,11.200000000000001
6903.013129586331,0.88320464,0.007802622673764717,11.200000000000001
6904.013131491102,0.9226572,0.008236721257516904,10.8
6905.013133395873,0.896677,0.00826375360436715,10.3
6906.0131353006445,0.8829151,0.008317221083218349,10.3
6907.013137205416,0.91008073,0.008333771303779772,14.5
6908.013139110186,0.9028618,0.008364985631423013,10.8
6909.013141014957,0.8964755,0.00826826620220191,10.8
6910.013142919728,0.92495036,0.009167332662955214,10.8
6911.013144824499,0.89396155,0.00904178199981677,13.9
6912.01314672927,0.90358865,0.008316963533020567,3.6
6913.0131486340415,0.90568507,0.008133051153340426,3.6
6914.013150538812,0.8763079,0.007729241115586905,13.9
6915.013152443583,0.8585278,0.0073959550183053365,14.600000000000001
6916.013154348354,0.7702818,0.007287595755948606,3.6
6917.013156253125,0.8561262,0.007122481643881042,3.7
6918.013158157896,0.7902273,0.006998961131826966,3.7
6919.013160062667,0.77969474,0.007120274724844046,3.7
6920.013161967438,0.69057035,0.005532797909638995,14.3
6921.013163872209,0.5992886,0.00453618862456273,10.0
6922.01316577698,0.55473953,0.0043716082093992,10.0
6923.013167681751,0.49997604,0.004914946307469775,14.4
6924.013169586522,0.6794694,0.004954894333582238,14.4
6925.013171491293,0.811149,0.0051172610195136855,13.5
6926.013173396063,0.82356054,0.005349091388614523,15.0
6927.0131753008345,0.8075513,0.005202564485473314,14.5
6928.013177205606,0.8045461,0.005329124575269984,14.5
6929.013179110377,0.8365886,0.005222436044001933,10.5
6930.013181015148,0.84241205,0.005541033772874604,10.5
6931.013182919919,0.7968756,0.005516307246410495,10.5
6932.013184824689,0.8587282,0.0056671156212568805,12.600000000000001
6933.01318672946,0.83359313,0.005253051479913225,12.600000000000001
6934.0131886342315,0.8641558,0.005212141977090145,10.0
6935.013190539003,0.84046036,0.005017424606395214,10.0
6936.013192443774,0.87614936,0.004630801206828578,13.0
6937.013194348545,0.8588712,0.004639261243305957,13.0
6938.013196253315,0.8554246,0.004762004313685358,12.5
6939.013198158086,0.87941813,0.005192841641728831,12.0
6940.013200062857,0.8960104,0.005460127575857136,12.700000000000001
6941.013201967628,0.8893662,0.005634899529765666,12.0
6942.0132038724,0.93800175,0.005984334110597264,13.700000000000001
6943.013205777171,0.9636,0.0061290713506698185,14.100000000000001
6944.013207681941,0.9595025,0.006184887737400426,12.4
6945.013209586712,0.9576041,0.006628819695936205,12.4
6946.013211491483,0.97912973,0.006735381495729908,12.600000000000001
6947.013213396254,0.97149324,0.006787076913232382,12.600000000000001
6948.013215301025,0.95867836,0.006611880837638564,12.600000000000001
6949.0132172057965,0.9006824,0.006201265044764448,12.4
6950.013219110567,0.9078139,0.0090326258659847,11.8
6951.013221015338,0.73970234,0.008998791461767288,14.100000000000001
6952.013222920109,0.8245179,0.008688366072743484,2.8000000000000003
6953.01322482488,0.83239824,0.00858267692655717,9.3
6954.013226729651,0.85676223,0.008519516165596602,9.3
6955.013228634422,0.8915696,0.008132020767912609,10.100000000000001
6956.0132305391935,0.8711001,0.008021202142535253,10.100000000000001
6957.013232443964,0.8913226,0.007911503236366028,10.100000000000001
6958.013234348735,0.923742,0.007905536492143114,10.100000000000001
6959.013236253506,0.93186754,0.007883715467498522,10.100000000000001
6960.013238158277,0.87150043,0.0035982933487377394,10.200000000000001
6961.013240063048,0.8565942,0.0044004737605130165,10.4
6962.013241967819,0.8181339,0.004361841302581631,10.200000000000001
6963.01324387259,0.7872508,0.004209408462369495,10.4
6964.013245777361,0.75484633,0.004100877355182024,10.4
6965.013247682132,0.77380985,0.004114864952904693,14.200000000000001
6966.013249586903,0.8491319,0.004155737589971238,14.200000000000001
6967.013251491674,0.80468965,0.004171560603876202,14.200000000000001
6968.013253396445,0.82485783,0.004064776873625575,12.0
6969.013255301215,0.61575985,0.004469304221116157,14.200000000000001
6970.0132572059865,0.60703975,0.004421739730897356,7.6000000000000005
6971.013259110758,0.7525712,0.0034762885858848945,12.4
6972.013261015529,0.76740044,0.003391488170661153,14.100000000000001
6973.0132629203,0.6605773,0.003339888014739009,14.100000000000001
6974.013264825071,0.60887843,0.0033425596284179892,14.100000000000001
6975.013266729841,0.597766,0.0034461274774731693,12.8
6976.013268634612,0.66243535,0.0034014037410019585,12.8
6977.0132705393835,0.62614346,0.0035457345235375237,12.5
6978.013272444155,0.65256876,0.0037084791283360555,3.8000000000000003
6979.013274348926,0.73909205,0.0034309323387867355,10.4
6980.013276253697,0.86562437,0.08429200866817103,0.2
6981.013278158467,0.82857555,0.15100648365991523,2.0
6982.013280063238,0.7890438,0.19257478999712688,1.9000000000000001
6983.013281968009,0.7365126,0.19303982619722984,1.9000000000000001
6984.01328387278,0.7400512,0.19366580223458063,2.0
6985.013285777552,0.5714773,0.20046219320849457,2.0
6986.013287682323,0.6676228,0.2004511881218548,2.0
6987.013289587093,0.8356619,0.2004457165106117,2.0
6988.013291491864,0.7649599,0.20043522660165067,2.0
6989.013293396635,0.75287575,0.20043126230645597,2.0
6990.013295301406,0.86597914,0.18271813746929988,2.0
6991.013297206177,0.86255556,0.13274423091581802,2.4000000000000004
6992.0132991109485,0.88868135,0.05756325919301804,1.8
6993.013301015719,0.8523953,0.054989923368995205,2.0
6994.01330292049,0.9632488,0.0738818231316135,2.0
6995.013304825261,0.92693543,0.07084334774008179,1.5
6996.013306730032,0.4551087,0.18660173820639545,1.6
6997.013308634803,0.93681157,0.18660812118966366,1.6
6998.013310539574,0.88845444,0.18659876274244983,1.6
6999.013312444345,0.81076425,0.1865868834190732,1.6
7000.013314349116,0.93396246,0.18657455867429276,1.6
