time,ax,ay,az,gx,gy,gz,mx,my,mz,Label
05/22/2025 13:40:50.413,0.393572,-0.457744,0.846436,-14.56,5.18,-4.9,-1.0365,-1.449,-1.6125,0
05/22/2025 13:40:50.433,0.397232,-0.464576,0.79788,-21.84,0.665,-5.39,-1.047,-1.4595,-1.5975,0
05/22/2025 13:40:50.453,0.39406,-0.481168,0.750056,-18.375,-2.345,-4.935,-1.0515,-1.452,-1.6125,0
05/22/2025 13:40:50.473,0.369904,-0.410896,0.705648,-9.52,-6.685,-5.81,-1.029,-1.437,-1.6005,0
05/22/2025 13:40:50.493,0.393816,-0.493124,0.715896,-9.905,-11.2,-7.245,-1.029,-1.4445,-1.605,0
05/22/2025 13:40:50.513,0.41236,-0.422852,0.751032,-4.025,-12.25,-7.175,-1.056,-1.44,-1.617,0
05/22/2025 13:40:50.533,0.412604,-0.499468,0.792268,-3.185,-11.375,-4.9,-1.0515,-1.4295,-1.5975,0
05/22/2025 13:40:50.553,0.403576,-0.506788,0.8052,-1.19,-8.47,-3.885,-1.071,-1.4445,-1.6095,0
05/22/2025 13:40:50.573,0.411384,-0.499468,0.81984,-1.54,-6.055,-1.715,-1.0515,-1.4565,-1.605,0
05/22/2025 13:40:50.593,0.423584,-0.523136,0.843752,-2.17,-2.835,-0.665,-1.0635,-1.4325,-1.5975,0
05/22/2025 13:40:50.613,0.413824,-0.49288,0.812032,-1.96,-1.295,0.14,-1.0635,-1.4325,-1.5975,0
05/22/2025 13:40:50.633,0.407968,-0.483852,0.785192,-2.905,-1.47,0.735,-1.014,-1.449,-1.593,0
05/22/2025 13:40:50.653,0.410896,-0.481412,0.779092,-2.03,-1.505,1.645,-1.014,-1.4685,-1.5765,0
05/22/2025 13:40:50.673,0.416996,-0.493368,0.773724,-1.12,-2.345,3.08,-1.029,-1.4565,-1.596,0
05/22/2025 13:40:50.693,0.409188,-0.475068,0.766404,1.96,-2.45,4.13,-1.0065,-1.5135,-1.599,0
05/22/2025 13:40:50.713,0.404552,-0.47946,0.778116,1.575,-2.94,5.005,-1.0035,-1.4865,-1.6035,0
05/22/2025 13:40:50.733,0.39162,-0.406504,0.798856,1.925,-3.15,3.955,-0.999,-1.491,-1.6035,0
05/22/2025 13:40:50.753,0.413092,-0.44652,0.7991,-2.765,-3.36,2.345,-0.984,-1.4985,-1.6215,0
05/22/2025 13:40:50.773,0.415288,-0.469212,0.796904,-1.295,-2.975,0.63,-0.9855,-1.491,-1.629,0
05/22/2025 13:40:50.793,0.421632,-0.49288,0.831064,-0.455,-2.1,0.595,-0.9855,-1.491,-1.626,0
05/22/2025 13:40:50.813,0.429196,-0.51362,0.81374,-0.21,-1.435,1.085,-0.9705,-1.4835,-1.6215,0
05/22/2025 13:40:50.833,0.414312,-0.534604,0.793,3.15,-1.155,1.785,-0.9975,-1.4835,-1.653,0
05/22/2025 13:40:50.853,0.417484,-0.514596,0.773724,5.88,-2.31,3.325,-1.008,-1.491,-1.653,0
05/22/2025 13:40:50.873,0.409676,-0.531432,0.778116,6.755,-3.465,5.53,-0.9735,-1.494,-1.644,0
05/22/2025 13:40:50.893,0.393084,-0.528992,0.754936,8.75,-4.9,6.37,-1.0005,-1.506,-1.6755,0
05/22/2025 13:40:50.913,0.38918,-0.528748,0.724192,9.835,-7.455,7.63,-0.9855,-1.4715,-1.656,0
05/22/2025 13:40:50.933,0.394792,-0.504348,0.722484,9.275,-9.695,9.205,-0.9975,-1.4985,-1.6635,0
05/22/2025 13:40:50.953,0.39406,-0.483852,0.735904,7.14,-9.59,9.905,-1.0095,-1.449,-1.6605,0
05/22/2025 13:40:50.973,0.399184,-0.466284,0.747372,7.14,-7.735,9.555,-1.008,-1.467,-1.6635,0
05/22/2025 13:40:50.993,0.393572,-0.423096,0.729072,6.23,-6.475,7.91,-1.023,-1.464,-1.6725,0
05/22/2025 13:40:51.013,0.405772,-0.313052,0.817156,3.15,1.505,3.885,-1.0005,-1.464,-1.656,0
05/22/2025 13:40:51.033,0.395768,-0.371368,0.813496,-8.19,3.92,-3.605,-1.0305,-1.4565,-1.6695,0
05/22/2025 13:40:51.053,0.4209,-0.391864,0.830332,-11.97,2.555,-8.96,-1.0125,-1.4595,-1.6725,0
05/22/2025 13:40:51.073,0.439688,-0.45872,0.855952,-16.73,2.87,-12.145,-0.9825,-1.446,-1.653,0
05/22/2025 13:40:51.093,0.4514,-0.50752,0.865468,-14.63,1.47,-12.74,-0.9855,-1.4415,-1.6455,0
05/22/2025 13:40:51.113,0.448472,-0.524112,0.823012,-5.495,-0.56,-9.94,-1.0125,-1.4415,-1.6605,0
05/22/2025 13:40:51.133,0.436028,-0.520696,0.778848,6.125,-5.005,-4.48,-0.9945,-1.4595,-1.6755,0
05/22/2025 13:40:51.153,0.452132,-0.506788,0.735172,12.11,-7.56,-1.575,-0.9945,-1.4595,-1.6755,0
05/22/2025 13:40:51.173,0.439932,-0.451644,0.708088,17.01,-7.665,1.015,-1.0125,-1.464,-1.668,0
05/22/2025 13:40:51.193,0.43188,-0.383812,0.684176,19.25,-8.26,1.855,-0.978,-1.476,-1.641,0
05/22/2025 13:40:51.213,0.449204,-0.399428,0.709552,18.27,-7.805,0.595,-0.99,-1.464,-1.653,0
05/22/2025 13:40:51.233,0.448228,-0.412848,0.769332,13.09,-7.07,-2.1,-1.005,-1.4415,-1.653,0
05/22/2025 13:40:51.253,0.45994,-0.436028,0.79178,6.895,-6.055,-3.36,-0.9705,-1.4865,-1.644,0
05/22/2025 13:40:51.273,0.463112,-0.468968,0.788364,4.515,-4.83,-4.305,-1.0455,-1.4595,-1.635,0
05/22/2025 13:40:51.293,0.47336,-0.457744,0.792024,3.045,-4.69,-4.305,-1.0305,-1.4865,-1.65,0
05/22/2025 13:40:51.313,0.465796,-0.444568,0.779824,2.31,-5.075,-2.66,-1.056,-1.485,-1.65,0
05/22/2025 13:40:51.333,0.462868,-0.44042,0.758352,2.94,-5.775,-0.875,-1.041,-1.4895,-1.6605,0
05/22/2025 13:40:51.353,0.476044,-0.433344,0.774212,5.53,-5.565,0.49,-1.056,-1.4745,-1.635,0
05/22/2025 13:40:51.373,0.476288,-0.41236,0.76494,4.76,-5.39,1.33,-1.068,-1.4475,-1.6665,0
05/22/2025 13:40:51.393,0.471896,-0.411872,0.759572,3.85,-4.655,0.875,-1.0815,-1.4445,-1.629,0
05/22/2025 13:40:51.413,0.452376,-0.427976,0.776652,3.99,-4.795,-0.035,-1.0815,-1.4445,-1.629,0
05/22/2025 13:40:51.433,0.474092,-0.454328,0.783484,4.515,-5.46,-0.385,-1.0815,-1.4445,-1.629,0
05/22/2025 13:40:51.453,0.45384,-0.419192,0.784704,3.22,-4.025,1.015,-1.086,-1.437,-1.6215,0
05/22/2025 13:40:51.473,0.458232,-0.431636,0.80032,2.94,-3.01,0.14,-1.107,-1.4475,-1.611,0
05/22/2025 13:40:51.493,0.462136,-0.441152,0.804956,-0.735,-2.205,0.56,-1.089,-1.437,-1.602,0
05/22/2025 13:40:51.513,0.460672,-0.447252,0.797392,-1.435,-1.995,-0.175,-1.0815,-1.452,-1.605,0
05/22/2025 13:40:51.533,0.452376,-0.439444,0.799832,-1.645,-2.415,-0.28,-1.0965,-1.44,-1.599,0
05/22/2025 13:40:51.553,0.449692,-0.41602,0.79178,-3.36,-2.24,0.105,-1.0695,-1.449,-1.572,0
05/22/2025 13:40:51.573,0.470676,-0.388204,0.808616,-3.78,-1.645,-0.175,-1.0995,-1.428,-1.5945,0
05/22/2025 13:40:51.593,0.524112,-0.399428,0.803248,-7.63,-0.315,-0.105,-1.0755,-1.464,-1.5645,0
05/22/2025 13:40:51.613,0.593896,-0.397476,0.820084,-10.815,4.725,0.105,-1.08,-1.479,-1.563,0
05/22/2025 13:40:51.633,0.681492,-0.499712,0.805688,-13.685,10.22,2.31,-1.0725,-1.467,-1.563,0
05/22/2025 13:40:51.653,0.720532,-0.475556,0.799588,-14.49,17.325,9.8,-1.044,-1.4565,-1.5825,0
05/22/2025 13:40:51.673,0.708332,-0.539728,0.871812,-25.025,41.545,29.68,-1.083,-1.4595,-1.557,0
05/22/2025 13:40:51.693,0.74664,-0.505568,0.819352,-16.38,56.98,42.175,-1.059,-1.4025,-1.5945,0
05/22/2025 13:40:51.713,0.687104,-0.537044,0.734684,-5.81,69.055,52.185,-1.0455,-1.407,-1.605,0
05/22/2025 13:40:51.733,0.606096,-0.492148,0.77104,8.435,68.285,57.75,-1.02,-1.374,-1.6125,0
05/22/2025 13:40:51.753,0.524112,-0.397476,0.73322,16.625,61.285,57.82,-0.9765,-1.386,-1.638,0
05/22/2025 13:40:51.773,0.421876,-0.403088,0.703208,13.055,53.165,55.23,-0.966,-1.332,-1.6455,0
05/22/2025 13:40:51.793,0.399916,-0.43676,0.757864,3.115,46.76,51.345,-0.933,-1.3185,-1.6365,0
05/22/2025 13:40:51.813,0.345016,-0.426268,0.781776,-7.7,38.185,45.22,-0.9255,-1.2765,-1.614,0
05/22/2025 13:40:51.833,0.320372,-0.43432,0.757132,-18.165,27.79,37.835,-0.948,-1.2765,-1.656,0
05/22/2025 13:40:51.853,0.298656,-0.458964,0.732,-23.59,18.34,29.855,-0.948,-1.2765,-1.656,0
05/22/2025 13:40:51.873,0.286456,-0.4758,0.683444,-20.51,8.4,21.805,-0.9255,-1.2885,-1.644,0
05/22/2025 13:40:51.893,0.2806,-0.442372,0.701256,-13.3,-1.75,14.175,-0.93,-1.2765,-1.644,0
05/22/2025 13:40:51.913,0.277916,-0.491172,0.694668,-16.1,-12.075,7.63,-0.9405,-1.2495,-1.6335,0
05/22/2025 13:40:51.933,0.283528,-0.494588,0.631716,-19.845,-26.39,2.03,-0.9345,-1.224,-1.623,0
05/22/2025 13:40:51.953,0.263764,-0.556564,0.569496,-20.895,-42.035,-6.16,-0.933,-1.254,-1.6065,0
05/22/2025 13:40:51.973,0.25254,-0.56242,0.542168,-17.465,-51.485,-10.885,-0.978,-1.227,-1.59,0
05/22/2025 13:40:51.993,0.210084,-0.532652,0.56242,-10.815,-60.97,-16.695,-0.9915,-1.224,-1.5705,0
05/22/2025 13:40:52.013,0.183244,-0.557052,0.57828,-11.585,-67.025,-22.68,-1.0215,-1.26,-1.59,0
05/22/2025 13:40:52.033,0.205204,-0.598044,0.578524,-14.525,-74.165,-26.46,-1.05,-1.257,-1.5525,0
05/22/2025 13:40:52.053,0.24766,-0.583892,0.638548,-15.05,-77.91,-27.055,-1.0545,-1.2555,-1.569,0
05/22/2025 13:40:52.073,0.289384,-0.586332,0.677832,-17.15,-75.355,-25.48,-1.104,-1.2855,-1.539,0
05/22/2025 13:40:52.093,0.312564,-0.606584,0.702476,-18.165,-65.66,-22.26,-1.116,-1.2735,-1.5405,0
05/22/2025 13:40:52.113,0.335744,-0.646356,0.743468,-18.445,-52.99,-16.8,-1.152,-1.2735,-1.5105,0
05/22/2025 13:40:52.133,0.346968,-0.6954,0.817644,-11.095,-39.41,-11.235,-1.188,-1.3035,-1.4955,0
05/22/2025 13:40:52.153,0.338672,-0.724436,0.848144,-2.8,-28.805,-4.445,-1.203,-1.296,-1.497,0
05/22/2025 13:40:52.173,0.332328,-0.842044,0.633912,11.97,-19.6,-1.575,-1.2375,-1.287,-1.5165,0
05/22/2025 13:40:52.193,0.341844,-0.658556,0.876936,42.035,-6.37,-2.345,-1.266,-1.2945,-1.4865,0
05/22/2025 13:40:52.213,0.267912,-0.592432,0.909632,68.39,15.575,-3.36,-1.2735,-1.3095,-1.4985,0
05/22/2025 13:40:52.233,0.225944,-0.502884,0.898652,75.915,23.1,-1.925,-1.2735,-1.3095,-1.4985,0
05/22/2025 13:40:52.253,0.20496,-0.399916,0.902556,67.76,26.635,2.205,-1.281,-1.3425,-1.4985,0
05/22/2025 13:40:52.273,0.189588,-0.516304,0.773968,49.42,21.595,6.93,-1.263,-1.347,-1.5285,0
05/22/2025 13:40:52.293,0.246196,-0.524356,0.819108,53.76,14,11.235,-1.2735,-1.362,-1.536,0
05/22/2025 13:40:52.313,0.256444,-0.399916,0.858392,69.195,16.24,14.595,-1.263,-1.3665,-1.5465,0
05/22/2025 13:40:52.333,0.252296,-0.379664,0.948916,67.62,15.26,15.05,-1.2885,-1.392,-1.548,0
05/22/2025 13:40:52.353,0.270108,-0.377956,1.009672,55.3,10.395,15.89,-1.2735,-1.3965,-1.539,0
05/22/2025 13:40:52.373,0.287676,-0.348432,0.958188,39.375,5.53,13.615,-1.269,-1.4115,-1.536,0
05/22/2025 13:40:52.393,0.308172,-0.395524,0.915732,25.69,6.09,12.705,-1.263,-1.404,-1.566,0
05/22/2025 13:40:52.413,0.344772,-0.422608,0.920612,23.1,9.485,13.3,-1.2735,-1.4265,-1.566,0
05/22/2025 13:40:52.433,0.34038,-0.413092,0.908656,23.73,13.3,14.105,-1.263,-1.4025,-1.581,0
05/22/2025 13:40:52.453,0.34038,-0.393816,0.874984,20.125,14.665,15.435,-1.269,-1.422,-1.551,0
05/22/2025 13:40:52.473,0.332572,-0.386496,0.812032,15.995,12.95,15.085,-1.2885,-1.4445,-1.578,0
05/22/2025 13:40:52.493,0.339648,-0.360388,0.742004,19.95,4.27,13.93,-1.2885,-1.4445,-1.578,0
05/22/2025 13:40:52.513,0.346724,-0.32574,0.734928,30.065,-5.705,11.515,-1.281,-1.407,-1.578,0
05/22/2025 13:40:52.533,0.368928,-0.262544,0.735904,37.975,-15.435,7.07,-1.2525,-1.4295,-1.596,0
05/22/2025 13:40:52.553,0.457256,-0.21594,0.838872,33.635,-23.1,3.115,-1.2555,-1.4265,-1.584,0
05/22/2025 13:40:52.573,0.54656,-0.329156,0.924028,-2.065,-19.775,0.91,-1.284,-1.422,-1.563,0
05/22/2025 13:40:52.593,0.488244,-0.436028,0.95404,-12.39,-7.77,1.96,-1.266,-1.422,-1.5765,0
05/22/2025 13:40:52.613,0.48922,-0.412848,0.941596,-1.19,-2.555,-2.1,-1.311,-1.4025,-1.5825,0
05/22/2025 13:40:52.633,0.436272,-0.381128,0.89304,11.13,1.855,-2.905,-1.3185,-1.4025,-1.578,0
05/22/2025 13:40:52.653,0.420412,-0.345748,0.812764,9.87,0.945,-3.36,-1.3305,-1.4205,-1.5945,0
05/22/2025 13:40:52.673,0.419192,-0.332816,0.800808,3.955,2.45,-3.605,-1.3185,-1.4025,-1.5945,0
05/22/2025 13:40:52.693,0.433344,-0.400892,0.77348,-4.725,5.04,-4.095,-1.323,-1.3875,-1.5825,0
05/22/2025 13:40:52.713,0.400892,-0.363072,0.834236,4.48,7.175,-2.765,-1.3395,-1.395,-1.545,0
05/22/2025 13:40:52.733,0.410408,-0.348188,0.884988,6.755,9.415,-4.41,-1.311,-1.368,-1.5555,0
05/22/2025 13:40:52.753,0.403088,-0.336964,0.879132,6.265,13.09,-3.71,-1.3335,-1.383,-1.56,0
05/22/2025 13:40:52.773,0.398452,-0.36478,0.889868,7.875,16.66,-3.745,-1.3335,-1.368,-1.5495,0
05/22/2025 13:40:52.793,0.3782,-0.339892,0.922808,7.035,18.9,-3.045,-1.341,-1.353,-1.5345,0
05/22/2025 13:40:52.813,0.35868,-0.31842,0.918416,3.57,18.235,-3.57,-1.341,-1.353,-1.5345,0
05/22/2025 13:40:52.833,0.362096,-0.307196,0.909388,1.925,17.15,-5.11,-1.314,-1.3725,-1.533,0
05/22/2025 13:40:52.853,0.370636,-0.316468,0.900848,4.69,14.91,-7.595,-1.3185,-1.368,-1.53,0
05/22/2025 13:40:52.873,0.358192,-0.299876,0.889868,8.05,13.93,-7.63,-1.3005,-1.362,-1.545,0
05/22/2025 13:40:52.893,0.349896,-0.302316,0.904264,8.89,13.965,-8.085,-1.299,-1.365,-1.5255,0
05/22/2025 13:40:52.913,0.34526,-0.332816,0.919392,7.175,12.88,-7.84,-1.3215,-1.3905,-1.548,0
05/22/2025 13:40:52.933,0.339404,-0.345992,0.910364,8.19,13.02,-6.02,-1.3065,-1.4025,-1.521,0
05/22/2025 13:40:52.953,0.317688,-0.363316,0.913048,13.895,14.525,-3.22,-1.2945,-1.434,-1.5165,0
05/22/2025 13:40:52.973,0.29158,-0.36112,0.924516,17.71,15.4,-0.315,-1.272,-1.419,-1.536,0
05/22/2025 13:40:52.993,0.266936,-0.351604,0.89914,17.78,12.495,2.415,-1.266,-1.4265,-1.5465,0
05/22/2025 13:40:53.013,0.256688,-0.313784,0.82106,16.59,9.45,5.075,-1.266,-1.3995,-1.536,0
05/22/2025 13:40:53.033,0.263032,-0.309636,0.857172,10.43,15.47,6.475,-1.266,-1.3995,-1.536,0
05/22/2025 13:40:53.053,0.25864,-0.311588,0.892552,9.835,20.72,8.015,-1.2435,-1.446,-1.5495,0
05/22/2025 13:40:53.073,0.253028,-0.242048,0.9394,12.705,25.9,4.41,-1.2585,-1.4595,-1.569,0
05/22/2025 13:40:53.093,0.26962,-0.252784,0.976976,5.145,29.715,0.98,-1.2165,-1.476,-1.548,0
05/22/2025 13:40:53.113,0.281332,-0.286456,1.006744,0.245,32.725,-2.415,-1.2435,-1.437,-1.5765,0
05/22/2025 13:40:53.133,0.296948,-0.296216,1.006256,-3.185,36.54,-5.705,-1.215,-1.4385,-1.587,0
05/22/2025 13:40:53.153,0.287188,-0.319884,1.009184,-6.965,42.875,-5.145,-1.1895,-1.4265,-1.62,0
05/22/2025 13:40:53.173,0.27694,-0.315492,0.989176,-7.28,48.825,-3.08,-1.1745,-1.431,-1.635,0
05/22/2025 13:40:53.193,0.262544,-0.282796,1.009428,-5.18,51.555,-1.68,-1.194,-1.431,-1.632,0
05/22/2025 13:40:53.213,0.24888,-0.237656,1.017724,-10.36,53.655,-3.745,-1.161,-1.431,-1.6425,0
05/22/2025 13:40:53.233,0.246196,-0.248392,0.991372,-20.93,53.69,-8.4,-1.134,-1.4385,-1.641,0
05/22/2025 13:40:53.253,0.2562,-0.234728,0.964288,-28.595,54.145,-14.21,-1.1055,-1.4325,-1.671,0
05/22/2025 13:40:53.273,0.250588,-0.258396,1.003816,-37.03,56.49,-18.69,-1.0725,-1.44,-1.674,0
05/22/2025 13:40:53.293,0.232776,-0.28426,1.063596,-54.53,59.465,-23.695,-1.0725,-1.44,-1.674,0
05/22/2025 13:40:53.313,0.220332,-0.33916,1.04066,-64.995,56.035,-23.625,-1.014,-1.3995,-1.6995,0
05/22/2025 13:40:53.333,0.19642,-0.414312,1.083848,-68.11,52.78,-20.86,-0.9885,-1.395,-1.7205,0
05/22/2025 13:40:53.353,0.196176,-0.472384,1.048224,-68.145,44.87,-17.15,-0.975,-1.4145,-1.7355,0
05/22/2025 13:40:53.373,0.190808,-0.506788,0.995032,-59.36,39.445,-9.415,-0.9525,-1.3995,-1.731,0
05/22/2025 13:40:53.393,0.161772,-0.474336,1.002352,-50.96,38.01,0,-0.897,-1.3905,-1.7265,0
05/22/2025 13:40:53.413,0.133712,-0.449692,0.993812,-62.16,36.54,5.565,-0.8865,-1.356,-1.737,0
05/22/2025 13:40:53.433,0.112972,-0.53436,0.923784,-88.655,33.74,9.765,-0.8205,-1.3425,-1.743,0
05/22/2025 13:40:53.453,0.0854,-0.645136,0.891332,-92.75,31.045,16.1,-0.807,-1.293,-1.743,0
05/22/2025 13:40:53.473,0.085156,-0.68686,0.863516,-69.3,29.715,23.415,-0.822,-1.266,-1.7475,0
05/22/2025 13:40:53.493,0.048556,-0.693936,0.849364,-39.305,34.23,31.675,-0.7665,-1.215,-1.7355,0
05/22/2025 13:40:53.513,-0.000244,-0.625372,0.846924,-27.58,38.395,37.695,-0.7485,-1.2,-1.743,0
05/22/2025 13:40:53.533,-0.04636,-0.602436,0.803492,-39.725,38.675,41.09,-0.7605,-1.1775,-1.746,0
05/22/2025 13:40:53.553,-0.085888,-0.645136,0.76616,-57.47,39.97,46.2,-0.7335,-1.1745,-1.731,0
05/22/2025 13:40:53.573,-0.104676,-0.708576,0.738588,-58.94,40.495,51.52,-0.7335,-1.1745,-1.731,0
05/22/2025 13:40:53.593,-0.1098,-0.794708,0.730048,-44.345,42.07,57.785,-0.669,-1.077,-1.7415,0
05/22/2025 13:40:53.613,-0.142008,-0.744932,0.731512,-23.275,44.555,63.245,-0.6465,-1.0515,-1.7175,0
05/22/2025 13:40:53.633,-0.174948,-0.690276,0.743468,-11.515,45.71,67.725,-0.6405,-0.99,-1.7415,0
05/22/2025 13:40:53.653,-0.197396,-0.688568,0.735416,-3.675,46.2,72.275,-0.618,-1.017,-1.7055,0
05/22/2025 13:40:53.673,-0.203252,-0.685152,0.721996,7.77,45.045,76.265,-0.582,-0.969,-1.716,0
05/22/2025 13:40:53.693,-0.218136,-0.597068,0.706136,13.475,45.115,79.415,-0.5595,-0.9765,-1.7235,0
05/22/2025 13:40:53.713,-0.249368,-0.60756,0.686616,6.86,45.92,83.545,-0.5445,-0.966,-1.734,0
05/22/2025 13:40:53.733,-0.276208,-0.603412,0.707844,5.075,46.165,85.19,-0.504,-0.9735,-1.7295,0
05/22/2025 13:40:53.753,-0.290604,-0.566812,0.703208,6.93,43.785,84.7,-0.4635,-0.945,-1.7325,0
05/22/2025 13:40:53.773,-0.320616,-0.487024,0.67832,12.495,43.435,83.895,-0.4455,-0.9345,-1.728,0
05/22/2025 13:40:53.793,-0.3355,-0.411872,0.655628,20.475,42.105,81.515,-0.4005,-0.9315,-1.716,0
05/22/2025 13:40:53.813,-0.354532,-0.38064,0.678808,22.4,40.635,76.58,-0.3645,-0.9315,-1.7295,0
05/22/2025 13:40:53.833,-0.364048,-0.387716,0.682468,9.59,34.65,67.69,-0.3345,-0.9465,-1.737,0
05/22/2025 13:40:53.853,-0.408944,-0.360876,0.673684,-5.215,32.97,63.84,-0.3345,-0.9465,-1.737,0
05/22/2025 13:40:53.873,-0.418216,-0.409432,0.654652,-15.225,28.945,60.06,-0.285,-0.945,-1.7115,0
05/22/2025 13:40:53.893,-0.43554,-0.43188,0.6527,-16.345,25.97,56.665,-0.2565,-0.96,-1.734,0
05/22/2025 13:40:53.913,-0.448228,-0.451156,0.665632,-12.74,25.515,53.445,-0.252,-0.963,-1.746,0
05/22/2025 13:40:53.933,-0.4758,-0.446032,0.655872,-8.785,25.27,49.91,-0.234,-0.9345,-1.7295,0
05/22/2025 13:40:53.953,-0.493856,-0.441884,0.647332,-1.995,23.415,46.095,-0.2235,-0.93,-1.722,0
05/22/2025 13:40:53.973,-0.507032,-0.393328,0.63196,5.25,20.86,43.26,-0.201,-0.9045,-1.71,0
05/22/2025 13:40:53.993,-0.538996,-0.363316,0.626836,7.735,20.055,40.74,-0.189,-0.912,-1.698,0
05/22/2025 13:40:54.013,-0.541924,-0.322812,0.61854,4.97,17.08,36.225,-0.1965,-0.927,-1.698,0
05/22/2025 13:40:54.033,-0.54778,-0.30012,0.596336,-0.175,15.085,30.73,-0.1755,-0.8865,-1.713,0
05/22/2025 13:40:54.053,-0.55144,-0.34038,0.59536,-5.425,12.775,26.145,-0.1575,-0.897,-1.743,0
05/22/2025 13:40:54.073,-0.562664,-0.33062,0.587796,-2.1,11.27,21.35,-0.153,-0.882,-1.713,0
05/22/2025 13:40:54.093,-0.570228,-0.284748,0.599264,12.67,6.755,11.305,-0.153,-0.882,-1.7085,0
05/22/2025 13:40:54.113,-0.566324,-0.257176,0.598532,16.73,2.625,4.305,-0.153,-0.882,-1.7085,0
05/22/2025 13:40:54.133,-0.573644,-0.29768,0.601948,12.495,-0.735,-2.1,-0.1455,-0.882,-1.7085,0
05/22/2025 13:40:54.153,-0.562664,-0.328912,0.616832,1.505,-5.145,-5.6,-0.153,-0.921,-1.713,0
05/22/2025 13:40:54.173,-0.56486,-0.386984,0.646844,-6.685,-6.825,-6.58,-0.156,-0.9165,-1.6905,0
05/22/2025 13:40:54.193,-0.555344,-0.455792,0.671,-15.015,-8.225,-6.125,-0.1305,-0.8985,-1.686,0
05/22/2025 13:40:54.213,-0.560956,-0.495564,0.697596,-22.855,-6.755,-4.305,-0.156,-0.8835,-1.6755,0
05/22/2025 13:40:54.233,-0.571448,-0.544608,0.696132,-28.28,-3.675,-0.455,-0.156,-0.8835,-1.6755,0
05/22/2025 13:40:54.253,-0.586088,-0.545828,0.703696,-26.95,-1.61,3.465,-0.1485,-0.876,-1.6755,0
05/22/2025 13:40:54.273,-0.580232,-0.529236,0.711748,-17.465,0.35,6.86,-0.1365,-0.8685,-1.659,0
05/22/2025 13:40:54.293,-0.582916,-0.48434,0.707844,-3.01,1.785,8.89,-0.1335,-0.8715,-1.656,0
05/22/2025 13:40:54.313,-0.579256,-0.387716,0.69174,9.205,1.575,8.505,-0.1365,-0.879,-1.659,0
05/22/2025 13:40:54.333,-0.577792,-0.332572,0.674172,10.15,0.63,6.895,-0.114,-0.891,-1.6665,0
05/22/2025 13:40:54.353,-0.573888,-0.293288,0.679784,9.065,0.07,2.73,-0.141,-0.879,-1.656,0
05/22/2025 13:40:54.373,-0.56608,-0.338672,0.6832,2.17,-1.855,-4.41,-0.138,-0.876,-1.674,0
05/22/2025 13:40:54.393,-0.570716,-0.426512,0.67344,-3.43,-2.485,-7.385,-0.144,-0.8835,-1.659,0
05/22/2025 13:40:54.413,-0.567056,-0.482144,0.66734,-3.5,-3.36,-7.49,-0.1365,-0.8715,-1.659,0
05/22/2025 13:40:54.433,-0.57584,-0.52216,0.673928,1.435,-4.025,-5.74,-0.141,-0.891,-1.6665,0
05/22/2025 13:40:54.453,-0.567788,-0.516548,0.684176,5.53,-4.76,-3.01,-0.129,-0.894,-1.6545,0
05/22/2025 13:40:54.473,-0.582672,-0.532896,0.669536,10.255,-4.34,0.315,-0.144,-0.9015,-1.674,0
05/22/2025 13:40:54.493,-0.579988,-0.50996,0.686128,19.74,-4.69,3.5,-0.1515,-0.909,-1.6785,0
05/22/2025 13:40:54.513,-0.588528,-0.49654,0.687592,27.3,-4.585,6.44,-0.141,-0.8865,-1.674,0
05/22/2025 13:40:54.533,-0.580232,-0.455304,0.705892,28.665,-5.425,9.065,-0.1515,-0.894,-1.671,0
05/22/2025 13:40:54.553,-0.591944,-0.402112,0.724192,27.37,-3.675,11.655,-0.171,-0.909,-1.698,0
05/22/2025 13:40:54.573,-0.583648,-0.37576,0.749812,20.335,-3.185,13.755,-0.1755,-0.8865,-1.71,0
05/22/2025 13:40:54.593,-0.57462,-0.357704,0.748836,9.975,-2.31,14.385,-0.144,-0.924,-1.689,0
05/22/2025 13:40:54.613,-0.581208,-0.354776,0.733464,-0.245,-0.735,14.21,-0.144,-0.966,-1.6815,0
05/22/2025 13:40:54.633,-0.5795,-0.36844,0.726876,0.56,1.015,12.145,-0.144,-0.9465,-1.6935,0
05/22/2025 13:40:54.653,-0.580232,-0.33794,0.726632,5.985,2.03,10.64,-0.144,-0.9465,-1.6935,0
05/22/2025 13:40:54.673,-0.579256,-0.323788,0.713944,7.63,1.645,8.995,-0.126,-0.951,-1.6965,0
05/22/2025 13:40:54.693,-0.574132,-0.30378,0.713944,7.98,0.98,6.615,-0.126,-0.9555,-1.692,0
05/22/2025 13:40:54.713,-0.567056,-0.310856,0.708332,7.315,0.21,3.815,-0.0915,-0.9705,-1.695,0
05/22/2025 13:40:54.733,-0.567788,-0.32818,0.709552,4.585,-0.805,1.295,-0.129,-0.9705,-1.6845,0
05/22/2025 13:40:54.753,-0.56242,-0.369904,0.700036,2.8,-2.1,-0.525,-0.117,-0.993,-1.704,0
05/22/2025 13:40:54.773,-0.565836,-0.414068,0.711992,3.185,-2.345,-0.07,-0.0915,-1.0155,-1.7025,0
05/22/2025 13:40:54.793,-0.577548,-0.410408,0.711992,4.9,-2.555,1.155,-0.114,-1.0035,-1.7025,0
05/22/2025 13:40:54.813,-0.567544,-0.41846,0.719556,3.535,-3.255,3.29,-0.081,-1.008,-1.71,0
05/22/2025 13:40:54.833,-0.57828,-0.414312,0.726388,3.185,-2.52,6.265,-0.1065,-0.9735,-1.7145,0
05/22/2025 13:40:54.853,-0.58316,-0.378444,0.732488,4.725,-2.205,8.61,-0.0855,-1.02,-1.74,0
05/22/2025 13:40:54.873,-0.576084,-0.356728,0.729804,4.97,-1.61,9.975,-0.114,-0.996,-1.719,0
05/22/2025 13:40:54.893,-0.575596,-0.326228,0.72834,4.655,-0.175,9.415,-0.1065,-1.008,-1.737,0
05/22/2025 13:40:54.913,-0.57828,-0.29524,0.716628,3.85,1.19,8.295,-0.1065,-1.008,-1.737,0
05/22/2025 13:40:54.933,-0.573888,-0.280356,0.706868,2.975,0.77,5.53,-0.108,-1.011,-1.749,0
05/22/2025 13:40:54.953,-0.573888,-0.309392,0.707844,1.68,0.805,3.01,-0.114,-1.026,-1.752,0
05/22/2025 13:40:54.973,-0.571692,-0.328912,0.720532,1.085,0.77,1.47,-0.1065,-1.038,-1.7295,0
05/22/2025 13:40:54.993,-0.573644,-0.351116,0.72102,0.56,0.805,0.595,-0.0825,-0.9885,-1.752,0
05/22/2025 13:40:55.013,-0.573644,-0.377712,0.720532,-0.875,0.84,0.42,-0.0855,-0.981,-1.7595,0
05/22/2025 13:40:55.033,-0.571448,-0.385032,0.709308,-0.28,1.015,1.435,-0.105,-1.0035,-1.7715,0
05/22/2025 13:40:55.053,-0.569496,-0.387716,0.706624,1.54,0.735,2.59,-0.108,-1.0035,-1.749,0
05/22/2025 13:40:55.073,-0.568276,-0.387716,0.71736,2.415,0.105,3.99,-0.1155,-1.0185,-1.7565,0
05/22/2025 13:40:55.093,-0.575352,-0.351848,0.716872,2.765,-0.07,5.04,-0.0825,-0.996,-1.767,0
05/22/2025 13:40:55.113,-0.583648,-0.343308,0.714676,0.91,-0.49,5.495,-0.09,-0.996,-1.752,0
05/22/2025 13:40:55.133,-0.583404,-0.314028,0.713456,0.07,-0.7,5.32,-0.093,-1.011,-1.767,0
05/22/2025 13:40:55.153,-0.589992,-0.310124,0.72468,0.665,-0.63,3.815,-0.096,-0.981,-1.7325,0
05/22/2025 13:40:55.173,-0.583648,-0.308172,0.739076,2.31,-0.945,1.435,-0.093,-1.011,-1.74,0
05/22/2025 13:40:55.193,-0.575596,-0.326472,0.741028,2.31,-0.385,0.7,-0.093,-1.011,-1.74,0
05/22/2025 13:40:55.213,-0.587308,-0.351848,0.740296,2.73,0.7,0.385,-0.0855,-1.0155,-1.737,0
05/22/2025 13:40:55.233,-0.586576,-0.349164,0.732732,3.675,1.4,0.56,-0.0885,-1.023,-1.7325,0
05/22/2025 13:40:55.253,-0.584624,-0.341112,0.719068,3.395,1.47,0.98,-0.084,-1.0305,-1.7355,0
05/22/2025 13:40:55.273,-0.587796,-0.3355,0.708576,2.415,1.89,1.19,-0.06,-1.0005,-1.7655,0
05/22/2025 13:40:55.293,-0.593896,-0.318664,0.711992,1.54,1.4,1.085,-0.075,-1.0125,-1.7595,0
05/22/2025 13:40:55.313,-0.584136,-0.320128,0.721996,2.03,0.945,0.525,-0.09,-1.0005,-1.7595,0
05/22/2025 13:40:55.333,-0.588528,-0.305976,0.711992,1.75,0.525,-0.56,-0.093,-0.993,-1.764,0
05/22/2025 13:40:55.353,-0.579256,-0.308416,0.716628,-0.525,0.595,-1.785,-0.0975,-0.996,-1.779,0
05/22/2025 13:40:55.373,-0.588284,-0.31476,0.728584,-3.15,0.595,-3.115,-0.063,-1.005,-1.758,0
05/22/2025 13:40:55.393,-0.589992,-0.338672,0.70638,-2.66,0.07,-3.99,-0.1005,-1.008,-1.752,0
05/22/2025 13:40:55.413,-0.59536,-0.337696,0.696132,0.945,-0.77,-4.41,-0.105,-0.978,-1.7565,0
05/22/2025 13:40:55.433,-0.590968,-0.337452,0.695644,1.435,-2.17,-5.18,-0.1155,-0.9615,-1.749,0
05/22/2025 13:40:55.453,-0.583892,-0.346724,0.696132,-0.56,-3.01,-4.9,-0.1155,-0.9615,-1.749,0
05/22/2025 13:40:55.473,-0.5734,-0.343796,0.69052,-1.155,-4.2,-4.585,-0.09,-0.933,-1.7595,0
05/22/2025 13:40:55.493,-0.567056,-0.343308,0.680028,-1.085,-5.18,-4.76,-0.1155,-0.9435,-1.722,0
05/22/2025 13:40:55.513,-0.562908,-0.330864,0.658312,-1.575,-6.72,-5.845,-0.1275,-0.9585,-1.746,0
05/22/2025 13:40:55.533,-0.556564,-0.332816,0.617808,-1.82,-8.995,-7.735,-0.111,-0.9435,-1.722,0
05/22/2025 13:40:55.553,-0.545828,-0.339892,0.560224,3.64,-12.67,-10.535,-0.153,-0.9585,-1.746,0
05/22/2025 13:40:55.573,-0.537776,-0.297924,0.511912,9.87,-18.795,-14.42,-0.123,-0.9435,-1.734,0
05/22/2025 13:40:55.593,-0.525576,-0.294264,0.481168,13.965,-26.53,-19.04,-0.141,-0.966,-1.7385,0
05/22/2025 13:40:55.613,-0.501176,-0.262544,0.460428,15.995,-36.435,-23.94,-0.168,-0.969,-1.743,0
05/22/2025 13:40:55.633,-0.4758,-0.256688,0.485072,14.56,-46.655,-28.525,-0.174,-0.9765,-1.7385,0
05/22/2025 13:40:55.653,-0.435296,-0.2562,0.501664,12.915,-56.245,-32.725,-0.174,-0.9765,-1.7385,0
05/22/2025 13:40:55.673,-0.420656,-0.275232,0.558028,14.245,-63.105,-37.555,-0.1935,-0.987,-1.7355,0
05/22/2025 13:40:55.693,-0.3843,-0.262544,0.584136,27.475,-67.725,-43.75,-0.2145,-0.99,-1.737,0
05/22/2025 13:40:55.713,-0.368196,-0.178608,0.64538,46.55,-68.32,-53.165,-0.2775,-0.9855,-1.719,0
05/22/2025 13:40:55.733,-0.326472,-0.204228,0.715896,49.035,-69.93,-61.285,-0.315,-1.041,-1.758,0
05/22/2025 13:40:55.753,-0.292068,-0.178364,0.782752,53.235,-68.495,-68.46,-0.3585,-1.059,-1.767,0
05/22/2025 13:40:55.773,-0.2867,-0.142008,0.853756,45.85,-65.065,-72.8,-0.4215,-1.0845,-1.761,0
05/22/2025 13:40:55.793,-0.256688,-0.199348,0.901336,23.38,-65.03,-77.035,-0.459,-1.0995,-1.773,0
05/22/2025 13:40:55.813,-0.236192,-0.294508,0.93574,10.71,-63.665,-80.675,-0.48,-1.1445,-1.7655,0
05/22/2025 13:40:55.833,-0.194956,-0.387716,0.99064,21.035,-61.95,-81.445,-0.498,-1.1445,-1.7625,0
05/22/2025 13:40:55.853,-0.18666,-0.380884,1.079944,42.105,-60.165,-79.905,-0.561,-1.1685,-1.752,0
05/22/2025 13:40:55.873,-0.188124,-0.349652,1.079212,41.475,-60.025,-78.05,-0.591,-1.161,-1.7565,0
05/22/2025 13:40:55.893,-0.155672,-0.368196,1.0309,35,-58.695,-75.075,-0.6045,-1.1955,-1.7655,0
05/22/2025 13:40:55.913,-0.141032,-0.35624,1.037,35.28,-54.145,-69.16,-0.639,-1.2015,-1.773,0
05/22/2025 13:40:55.933,-0.11346,-0.330376,1.05164,30.345,-50.995,-63.28,-0.693,-1.242,-1.7745,0
05/22/2025 13:40:55.953,-0.100528,-0.345016,1.052372,24.955,-48.16,-59.01,-0.7215,-1.2945,-1.7565,0
05/22/2025 13:40:55.973,-0.093696,-0.325252,1.049688,16.695,-43.12,-53.13,-0.7395,-1.302,-1.734,0
05/22/2025 13:40:55.993,-0.074664,-0.370392,1.023336,4.69,-39.55,-49,-0.7395,-1.302,-1.734,0
05/22/2025 13:40:56.013,-0.050996,-0.42212,1.043344,0.56,-35.42,-43.505,-0.753,-1.362,-1.7415,0
05/22/2025 13:40:56.033,-0.05734,-0.436028,1.020408,3.5,-31.605,-37.555,-0.7935,-1.377,-1.7535,0
05/22/2025 13:40:56.053,-0.041968,-0.388692,1.0248,10.22,-29.26,-32.76,-0.7905,-1.3725,-1.7505,0
05/22/2025 13:40:56.073,-0.030988,-0.356728,1.003816,19.775,-27.37,-27.965,-0.801,-1.3875,-1.746,0
05/22/2025 13:40:56.093,-0.023912,-0.303048,1.020164,22.61,-25.97,-24.185,-0.807,-1.41,-1.7355,0
05/22/2025 13:40:56.113,0.0061,-0.316712,1.016504,14.84,-26.32,-22.155,-0.8145,-1.4445,-1.719,0
05/22/2025 13:40:56.133,0.024644,-0.338916,1.022116,10.36,-25.97,-20.545,-0.825,-1.47,-1.7535,0
05/22/2025 13:40:56.153,0.051728,-0.323056,1.05408,9.66,-22.96,-17.22,-0.837,-1.497,-1.7535,0
05/22/2025 13:40:56.173,0.044896,-0.360144,1.055544,7.245,-17.745,-14.21,-0.8505,-1.518,-1.7625,0
05/22/2025 13:40:56.193,0.031476,-0.289628,1.067988,6.3,-11.34,-12.285,-0.819,-1.4925,-1.7685,0
05/22/2025 13:40:56.213,0.029768,-0.290116,1.057496,-1.54,-7.595,-11.06,-0.825,-1.5375,-1.764,0
05/22/2025 13:40:56.233,0.041724,-0.28426,1.038708,-6.475,-5.67,-9.73,-0.852,-1.5105,-1.773,0
05/22/2025 13:40:56.253,0.024888,-0.287188,1.00772,-8.925,-1.295,-7.91,-0.852,-1.5105,-1.773,0
05/22/2025 13:40:56.273,0,-0.256932,0.993812,-10.71,-1.225,-7.315,-0.8475,-1.5105,-1.7805,0
05/22/2025 13:40:56.293,0.006832,-0.260104,0.946232,-10.675,-4.865,-7.42,-0.8565,-1.5225,-1.8075,0
05/22/2025 13:40:56.313,0.02562,-0.226432,0.895236,-8.995,-8.715,-7.105,-0.867,-1.5225,-1.8045,0
05/22/2025 13:40:56.333,0.04514,-0.216428,0.908656,-9.59,-11.865,-7.595,-0.87,-1.506,-1.7925,0
05/22/2025 13:40:56.353,0.068808,-0.229116,0.899872,-11.69,-17.045,-8.085,-0.879,-1.4805,-1.8195,0
05/22/2025 13:40:56.373,0.092476,-0.23912,0.917684,-8.155,-22.295,-7.63,-0.8715,-1.488,-1.827,0
05/22/2025 13:40:56.393,0.131272,-0.255956,0.9638,-4.445,-27.44,-7,-0.9015,-1.4685,-1.8285,0
05/22/2025 13:40:56.413,0.177144,-0.273524,1.003084,-3.5,-31.815,-6.37,-0.939,-1.4865,-1.8135,0
05/22/2025 13:40:56.433,0.199592,-0.31964,1.027728,-3.15,-32.935,-4.655,-0.9225,-1.491,-1.791,0
05/22/2025 13:40:56.453,0.193248,-0.339404,1.039928,1.505,-31.605,-1.82,-0.96,-1.497,-1.8105,0
05/22/2025 13:40:56.473,0.193248,-0.296704,1.036756,7.595,-30.485,0.42,-0.96,-1.4895,-1.8105,0
05/22/2025 13:40:56.493,0.179584,-0.252296,1.0126,8.61,-27.335,0.7,-0.957,-1.5045,-1.806,0
05/22/2025 13:40:56.513,0.158844,-0.22082,0.969168,5.18,-22.33,-2.135,-0.9795,-1.482,-1.803,0
05/22/2025 13:40:56.533,0.149572,-0.195932,0.945012,5.04,-20.545,-5.32,-1.02,-1.5075,-1.8165,0
05/22/2025 13:40:56.553,0.14762,-0.203984,0.959652,1.715,-20.23,-8.645,-1.026,-1.5225,-1.797,0
05/22/2025 13:40:56.573,0.161772,-0.253028,0.955748,1.61,-19.88,-11.13,-1.044,-1.5195,-1.7715,0
05/22/2025 13:40:56.593,0.185196,-0.288652,0.942328,3.78,-18.27,-12.075,-1.044,-1.5195,-1.7715,0
05/22/2025 13:40:56.613,0.154452,-0.29402,0.997716,4.06,-17.15,-11.27,-1.0485,-1.5105,-1.809,0
05/22/2025 13:40:56.633,0.16226,-0.320372,0.976488,5.53,-16.345,-8.295,-1.0215,-1.5345,-1.782,0
05/22/2025 13:40:56.653,0.169092,-0.349896,0.966972,7.91,-17.675,-5.74,-1.0305,-1.53,-1.809,0
05/22/2025 13:40:56.673,0.173972,-0.351604,0.959408,11.235,-19.39,-2.31,-1.0635,-1.5375,-1.806,0
05/22/2025 13:40:56.693,0.192272,-0.333548,0.95038,14.595,-24.325,-0.07,-1.077,-1.545,-1.7985,0
05/22/2025 13:40:56.713,0.237412,-0.256688,0.91622,17.955,-29.645,1.365,-1.086,-1.533,-1.8135,0
05/22/2025 13:40:56.733,0.278892,-0.222528,0.914024,15.33,-31.36,2.87,-1.11,-1.5555,-1.773,0
05/22/2025 13:40:56.753,0.317444,-0.210328,0.960872,8.19,-28.525,4.935,-1.1475,-1.5315,-1.785,0
05/22/2025 13:40:56.773,0.338672,-0.220576,0.966728,2.275,-24.115,6.615,-1.146,-1.566,-1.7655,0
05/22/2025 13:40:56.793,0.347456,-0.22326,0.95526,-2.275,-19.005,6.51,-1.152,-1.509,-1.782,0
05/22/2025 13:40:56.813,0.314028,-0.206424,0.942572,-4.445,-15.96,3.78,-1.191,-1.4865,-1.734,0
05/22/2025 13:40:56.833,0.292312,-0.224236,0.928176,-4.76,-14.49,0.63,-1.2105,-1.5045,-1.746,0
05/22/2025 13:40:56.853,0.266936,-0.176656,0.929396,-2.485,-15.295,-1.575,-1.206,-1.5045,-1.719,0
05/22/2025 13:40:56.873,0.269376,-0.185684,0.91622,-7.105,-17.045,-4.13,-1.2045,-1.479,-1.6815,0
05/22/2025 13:40:56.893,0.260592,-0.200324,0.928664,-13.16,-17.045,-5.215,-1.224,-1.479,-1.689,0
05/22/2025 13:40:56.913,0.254736,-0.223992,0.948916,-17.745,-16.905,-5.775,-1.242,-1.4745,-1.6815,0
05/22/2025 13:40:56.933,0.24644,-0.260592,0.951356,-19.985,-18.515,-5.355,-1.2315,-1.464,-1.6785,0
05/22/2025 13:40:56.953,0.241316,-0.308904,0.931836,-17.675,-20.405,-3.535,-1.245,-1.4865,-1.659,0
05/22/2025 13:40:56.973,0.244976,-0.314516,0.937448,-15.015,-20.545,-0.49,-1.257,-1.452,-1.6605,0
05/22/2025 13:40:56.993,0.295484,-0.3416,1.010404,-13.965,-16.94,3.815,-1.245,-1.467,-1.6365,0
05/22/2025 13:40:57.013,0.269132,-0.399916,0.976244,-24.535,-7.49,4.06,-1.278,-1.4925,-1.638,0
05/22/2025 13:40:57.033,0.27206,-0.327936,0.957944,-21.7,-4.235,3.64,-1.2705,-1.4745,-1.638,0
05/22/2025 13:40:57.053,0.27572,-0.30134,0.947696,-16.485,2.03,2.135,-1.278,-1.467,-1.638,0
05/22/2025 13:40:57.073,0.293044,-0.303292,0.911096,-19.075,2.835,0.735,-1.278,-1.452,-1.623,0
05/22/2025 13:40:57.093,0.298168,-0.299632,0.913536,-24.43,3.85,-0.105,-1.2705,-1.482,-1.638,0
05/22/2025 13:40:57.113,0.312808,-0.303536,0.889868,-30.765,2.415,-1.12,-1.263,-1.4625,-1.626,0
05/22/2025 13:40:57.133,0.323788,-0.327936,0.854,-31.045,0.105,-1.4,-1.2705,-1.4445,-1.6155,0
05/22/2025 13:40:57.153,0.328912,-0.295728,0.87596,-24.29,-3.325,-0.665,-1.278,-1.425,-1.6185,0
05/22/2025 13:40:57.173,0.343308,-0.279868,0.885476,-22.05,-8.75,-0.945,-1.2705,-1.437,-1.6035,0
05/22/2025 13:40:57.193,0.351604,-0.322812,0.857172,-22.995,-14.98,-1.575,-1.2825,-1.44,-1.65,0
05/22/2025 13:40:57.213,0.376004,-0.421388,0.75762,-21.84,-21.035,-2.03,-1.278,-1.4325,-1.611,0
05/22/2025 13:40:57.233,0.38186,-0.351848,0.781776,-15.505,-24.115,-0.56,-1.281,-1.4295,-1.6005,0
05/22/2025 13:40:57.253,0.404796,-0.340624,0.813984,-20.58,-22.75,-1.68,-1.2705,-1.407,-1.6035,0
05/22/2025 13:40:57.273,0.376248,-0.357948,0.841068,-28.56,-18.165,-1.925,-1.3005,-1.383,-1.5975,0
05/22/2025 13:40:57.293,0.373076,-0.34526,0.849364,-34.755,-14.42,-4.13,-1.2855,-1.3845,-1.5585,0
05/22/2025 13:40:57.313,0.355264,-0.393328,0.858392,-45.01,-7.91,-5.6,-1.3185,-1.3605,-1.5645,0
05/22/2025 13:40:57.333,0.332572,-0.398452,0.864248,-45.185,-0.805,-9.345,-1.3185,-1.3605,-1.5645,0
05/22/2025 13:40:57.353,0.323544,-0.432124,0.857904,-52.85,0.315,-13.02,-1.329,-1.3875,-1.56,0
05/22/2025 13:40:57.373,0.321836,-0.450912,0.851316,-61.81,3.465,-15.61,-1.293,-1.3725,-1.5585,0
05/22/2025 13:40:57.393,0.337208,-0.465308,0.838628,-65.24,8.155,-16.275,-1.296,-1.38,-1.56,0
05/22/2025 13:40:57.413,0.310856,-0.463356,0.855464,-63,11.095,-17.465,-1.296,-1.35,-1.533,0
05/22/2025 13:40:57.433,0.305488,-0.514596,0.836432,-67.55,11.97,-17.815,-1.278,-1.3545,-1.5555,0
05/22/2025 13:40:57.453,0.292556,-0.575108,0.817156,-63.875,9.73,-17.85,-1.3125,-1.3275,-1.56,0
05/22/2025 13:40:57.473,0.285968,-0.58072,0.825452,-45.15,5.705,-16.38,-1.275,-1.347,-1.5555,0
05/22/2025 13:40:57.493,0.302072,-0.59536,0.80276,-26.005,0.035,-13.09,-1.2705,-1.335,-1.551,0
05/22/2025 13:40:57.513,0.30988,-0.622444,0.782264,-11.025,-4.2,-8.33,-1.2705,-1.3425,-1.5405,0
05/22/2025 13:40:57.533,0.30622,-0.599508,0.764208,-3.115,-5.845,-2.94,-1.2495,-1.317,-1.551,0
05/22/2025 13:40:57.553,0.30378,-0.598288,0.770308,-4.34,-8.715,1.19,-1.2345,-1.347,-1.5735,0
05/22/2025 13:40:57.573,0.306952,-0.598776,0.773236,-10.535,-12.88,4.375,-1.2345,-1.3365,-1.581,0
05/22/2025 13:40:57.593,0.3172,-0.620492,0.770064,-20.23,-16.03,7.875,-1.2345,-1.3365,-1.581,0
05/22/2025 13:40:57.613,0.328424,-0.626104,0.7808,-22.015,-16.345,10.045,-1.2345,-1.3365,-1.581,0
05/22/2025 13:40:57.633,0.310368,-0.59048,0.769332,-26.04,-16.87,12.075,-1.242,-1.3125,-1.5765,0
05/22/2025 13:40:57.653,0.327692,-0.574376,0.752984,-25.27,-19.25,11.06,-1.269,-1.2825,-1.5825,0
05/22/2025 13:40:57.673,0.338916,-0.551928,0.740296,-22.75,-18.305,10.255,-1.2435,-1.29,-1.593,0
05/22/2025 13:40:57.693,0.352092,-0.589748,0.69296,-25.235,-16.205,10.185,-1.2915,-1.2975,-1.578,0
05/22/2025 13:40:57.713,0.348188,-0.603168,0.66734,-18.13,-12.53,10.115,-1.251,-1.2645,-1.5855,0
05/22/2025 13:40:57.733,0.350872,-0.572912,0.665876,-7.385,-8.855,10.22,-1.2735,-1.233,-1.59,0
05/22/2025 13:40:57.753,0.349164,-0.596336,0.672952,-3.64,-7.07,11.305,-1.2705,-1.2375,-1.5945,0
05/22/2025 13:40:57.773,0.355264,-0.596336,0.697352,-1.33,-7.63,11.27,-1.2765,-1.245,-1.59,0
05/22/2025 13:40:57.793,0.370392,-0.61488,0.71736,-2.205,-8.925,10.99,-1.296,-1.206,-1.5915,0
05/22/2025 13:40:57.813,0.378688,-0.619028,0.692472,-3.185,-9.59,11.83,-1.2585,-1.2075,-1.5855,0
05/22/2025 13:40:57.833,0.373808,-0.626348,0.699548,3.045,-10.325,12.25,-1.308,-1.1865,-1.5945,0
05/22/2025 13:40:57.853,0.380884,-0.597068,0.716628,5.705,-8.75,14.63,-1.2915,-1.191,-1.56,0
05/22/2025 13:40:57.873,0.385764,-0.590724,0.693936,4.34,-9.94,15.855,-1.2915,-1.191,-1.56,0
05/22/2025 13:40:57.893,0.389668,-0.605364,0.7076,7,-7.735,17.325,-1.2855,-1.1985,-1.5825,0
05/22/2025 13:40:57.913,0.385276,-0.551928,0.720044,8.54,-4.62,16.38,-1.296,-1.206,-1.5675,0
05/22/2025 13:40:57.933,0.381616,-0.541436,0.710284,6.16,-5.25,13.685,-1.296,-1.1805,-1.557,0
05/22/2025 13:40:57.953,0.383568,-0.547048,0.709064,4.06,-5.005,11.62,-1.2975,-1.191,-1.602,0
05/22/2025 13:40:57.973,0.372588,-0.577304,0.731512,2.765,-4.585,9.765,-1.2825,-1.1835,-1.5825,0
05/22/2025 13:40:57.993,0.395768,-0.578768,0.748836,2.31,-5.635,8.085,-1.2675,-1.1655,-1.575,0
05/22/2025 13:40:58.013,0.388692,-0.601216,0.751276,0.315,-4.9,7.42,-1.2675,-1.1655,-1.575,0
05/22/2025 13:40:58.033,0.397476,-0.52704,0.785192,2.52,-5.075,7.98,-1.2735,-1.1835,-1.5795,0
05/22/2025 13:40:58.053,0.401624,-0.400404,0.858636,-2.625,-3.29,10.36,-1.2675,-1.1805,-1.5975,0
05/22/2025 13:40:58.073,0.378932,-0.56974,0.85278,-13.86,0.63,12.775,-1.296,-1.161,-1.5615,0
05/22/2025 13:40:58.093,0.365756,-0.616344,0.806664,-14.525,4.025,13.3,-1.3035,-1.1685,-1.572,0
05/22/2025 13:40:58.113,0.343796,-0.579744,0.780068,-18.515,11.9,11.06,-1.311,-1.143,-1.5495,0
05/22/2025 13:40:58.133,0.273768,-0.496784,0.85156,-46.515,25.165,8.82,-1.275,-1.1535,-1.587,0
05/22/2025 13:40:58.153,0.20496,-0.593896,0.854244,-75.355,36.75,7.7,-1.2615,-1.101,-1.5825,0
05/22/2025 13:40:58.173,0.143228,-0.731512,0.828868,-85.785,42.56,6.335,-1.2645,-1.068,-1.5765,0
05/22/2025 13:40:58.193,0.053924,-0.8479,0.813496,-67.48,47.95,4.34,-1.2165,-1.035,-1.563,0
05/22/2025 13:40:58.213,0.047336,-1.010892,0.750788,-2.8,45.92,2.31,-1.206,-1.0125,-1.5675,0
05/22/2025 13:40:58.233,-0.005856,-0.924516,0.807396,82.565,42.245,6.335,-1.203,-1.0275,-1.575,0
05/22/2025 13:40:58.253,-0.004148,-0.792268,0.815448,124.81,30.065,9.555,-1.1535,-1.047,-1.566,0
05/22/2025 13:40:58.273,0.021472,-0.768356,0.72712,127.295,18.13,11.69,-1.1535,-1.107,-1.6035,0
05/22/2025 13:40:58.293,0.057096,-0.765428,0.737368,115.465,10.43,18.165,-1.119,-1.1265,-1.5825,0
05/22/2025 13:40:58.313,0.08906,-0.76372,0.765428,103.705,8.155,26.11,-1.1055,-1.1385,-1.59,0
05/22/2025 13:40:58.333,0.109068,-0.743956,0.75152,103.39,4.865,29.33,-1.0605,-1.158,-1.584,0
05/22/2025 13:40:58.353,0.11224,-0.650992,0.752984,106.855,3.43,29.785,-1.059,-1.2225,-1.6035,0
05/22/2025 13:40:58.373,0.117852,-0.574376,0.72102,94.64,5.145,28.875,-1.0515,-1.245,-1.5795,0
05/22/2025 13:40:58.393,0.156648,-0.521672,0.735416,70.805,6.3,24.22,-1.0365,-1.272,-1.602,0
05/22/2025 13:40:58.413,0.20252,-0.489464,0.7625,52.36,5.6,20.3,-1.0365,-1.272,-1.602,0
05/22/2025 13:40:58.433,0.223748,-0.510448,0.755668,28.98,3.325,16.94,-1.0095,-1.332,-1.605,0
05/22/2025 13:40:58.453,0.234484,-0.542412,0.726632,11.2,-2.87,14.105,-0.984,-1.3095,-1.611,0
05/22/2025 13:40:58.473,0.24766,-0.505324,0.687836,11.41,-11.27,10.57,-0.9765,-1.314,-1.6005,0
05/22/2025 13:40:58.493,0.24034,-0.4575,0.642208,16.03,-18.865,6.755,-0.9735,-1.299,-1.611,0
05/22/2025 13:40:58.513,0.2623,-0.424316,0.662704,22.19,-27.965,3.395,-0.984,-1.299,-1.6155,0
05/22/2025 13:40:58.533,0.355508,-0.42944,0.712724,24.64,-38.255,1.225,-0.981,-1.3095,-1.6155,0
05/22/2025 13:40:58.553,0.404796,-0.44286,0.70516,26.18,-44.765,2.695,-0.984,-1.314,-1.593,0
05/22/2025 13:40:58.573,0.393328,-0.467748,0.697596,31.92,-46.41,4.585,-0.9795,-1.3395,-1.6155,0
05/22/2025 13:40:58.593,0.388692,-0.397232,0.73078,43.12,-48.51,6.475,-1.0125,-1.329,-1.59,0
05/22/2025 13:40:58.613,0.393084,-0.336964,0.759816,48.055,-52.08,4.76,-0.9945,-1.3245,-1.596,0
05/22/2025 13:40:58.633,0.40138,-0.324032,0.799832,52.78,-56.91,2.765,-1.035,-1.3095,-1.605,0
05/22/2025 13:40:58.653,0.45994,-0.268888,0.79178,56.42,-58.625,0.98,-1.041,-1.365,-1.5825,0
05/22/2025 13:40:58.673,0.48312,-0.21106,0.842532,60.62,-50.995,1.68,-1.041,-1.365,-1.5825,0
05/22/2025 13:40:58.693,0.504104,-0.199592,0.890356,56.315,-43.435,1.715,-1.0845,-1.3875,-1.569,0
05/22/2025 13:40:58.713,0.529724,-0.189832,0.93696,47.425,-36.4,-0.035,-1.089,-1.4445,-1.587,0
05/22/2025 13:40:58.733,0.530212,-0.180804,0.959652,36.225,-28.7,-1.435,-1.1145,-1.44,-1.584,0
05/22/2025 13:40:58.753,0.49776,-0.169824,0.960384,21.665,-22.4,-4.06,-1.1025,-1.4625,-1.572,0
05/22/2025 13:40:58.773,0.460184,-0.190564,0.93208,8.505,-20.755,-7.805,-1.1175,-1.47,-1.5645,0
05/22/2025 13:40:58.793,0.460916,-0.183488,0.923784,2.52,-22.715,-10.185,-1.119,-1.485,-1.542,0
05/22/2025 13:40:58.813,0.484828,-0.191296,0.877912,-2.205,-22.96,-11.515,-1.1205,-1.482,-1.5645,0
05/22/2025 13:40:58.833,0.487024,-0.236436,0.885476,0.28,-21.105,-11.48,-1.149,-1.5105,-1.551,0
05/22/2025 13:40:58.853,0.484584,-0.227896,0.889868,2.625,-19.775,-10.92,-1.1235,-1.512,-1.542,0
05/22/2025 13:40:58.873,0.470432,-0.262056,0.8479,1.155,-18.83,-11.06,-1.0995,-1.554,-1.548,0
05/22/2025 13:40:58.893,0.4331,-0.224968,0.821548,1.995,-18.515,-11.13,-1.0965,-1.5615,-1.5405,0
05/22/2025 13:40:58.913,0.430904,-0.2501,0.843996,-0.035,-21.28,-9.905,-1.0935,-1.5495,-1.563,0
05/22/2025 13:40:58.933,0.486536,-0.268644,0.881816,5.775,-28.42,-8.435,-1.1235,-1.545,-1.557,0
05/22/2025 13:40:58.953,0.51606,-0.290848,0.838872,9.38,-28.56,-4.375,-1.137,-1.575,-1.5375,0
05/22/2025 13:40:58.973,0.496784,-0.30378,0.819108,13.51,-26.04,0.98,-1.137,-1.575,-1.5375,0
05/22/2025 13:40:58.993,0.4941,-0.33672,0.801052,13.615,-27.615,4.305,-1.155,-1.5825,-1.539,0
05/22/2025 13:40:59.013,0.513376,-0.317932,0.851072,22.365,-28.595,5.845,-1.155,-1.5825,-1.554,0
05/22/2025 13:40:59.033,0.535336,-0.24034,0.88938,29.715,-23.135,7.7,-1.1625,-1.5675,-1.5465,0
05/22/2025 13:40:59.053,0.563396,-0.265472,0.923784,22.435,-15.855,7.84,-1.1625,-1.5675,-1.5345,0
05/22/2025 13:40:59.073,0.520452,-0.272548,0.876936,24.885,-3.08,5.46,-1.1475,-1.557,-1.5345,0
05/22/2025 13:40:59.093,0.490684,-0.216916,0.83448,39.095,1.925,2.555,-1.1595,-1.545,-1.527,0
05/22/2025 13:40:59.113,0.494832,-0.15006,0.828624,43.085,2.345,-1.19,-1.1805,-1.5945,-1.5195,0
05/22/2025 13:40:59.133,0.501908,-0.176656,0.80642,33.495,2.66,0.14,-1.1805,-1.59,-1.5285,0
05/22/2025 13:40:59.153,0.53314,-0.15006,0.789828,32.235,0.455,-1.61,-1.161,-1.62,-1.5195,0
05/22/2025 13:40:59.173,0.514352,-0.112484,0.787388,28.175,0.735,-2.59,-1.1835,-1.6125,-1.539,0
05/22/2025 13:40:59.193,0.550952,-0.167628,0.752496,23.415,-4.585,-3.01,-1.158,-1.6125,-1.5345,0
05/22/2025 13:40:59.213,0.58194,-0.081008,0.822036,13.37,-6.72,-0.175,-1.158,-1.6125,-1.5345,0
05/22/2025 13:40:59.233,0.5795,-0.118828,0.801296,0.805,-5.67,-0.21,-1.176,-1.617,-1.539,0
05/22/2025 13:40:59.253,0.543144,-0.159576,0.832772,2.275,-1.295,0.105,-1.1355,-1.629,-1.5375,0
05/22/2025 13:40:59.273,0.558272,-0.121512,0.81618,0.14,-3.22,-0.21,-1.188,-1.632,-1.539,0
05/22/2025 13:40:59.293,0.513132,-0.1403,0.796904,-5.46,-2.52,-2.695,-1.1685,-1.6875,-1.542,0
05/22/2025 13:40:59.313,0.503616,-0.15494,0.81984,-3.5,-3.115,-1.33,-1.149,-1.659,-1.5195,0
05/22/2025 13:40:59.333,0.508008,-0.132492,0.807396,6.125,-1.365,-1.47,-1.1715,-1.635,-1.5195,0
05/22/2025 13:40:59.353,0.462624,-0.101016,0.784704,7.315,2.1,-2.45,-1.1385,-1.647,-1.518,0
05/22/2025 13:40:59.373,0.47214,-0.108336,0.78568,4.305,0.665,-3.99,-1.1655,-1.632,-1.539,0
05/22/2025 13:40:59.393,0.517524,-0.064172,0.82594,1.365,-2.87,-5.46,-1.1505,-1.6125,-1.53,0
05/22/2025 13:40:59.413,0.560468,-0.076372,0.857416,-9.45,-2.94,-6.44,-1.173,-1.6545,-1.557,0
05/22/2025 13:40:59.433,0.564128,-0.098088,0.83814,-28.455,-1.4,-6.545,-1.1775,-1.62,-1.5585,0
05/22/2025 13:40:59.453,0.537044,-0.159088,0.795196,-41.44,1.015,-7.175,-1.1775,-1.605,-1.5435,0
05/22/2025 13:40:59.473,0.53192,-0.270596,0.76738,-29.68,1.54,-7.735,-1.1775,-1.605,-1.5435,0
05/22/2025 13:40:59.493,0.524844,-0.257664,0.785192,-12.775,2.45,-5.985,-1.1595,-1.56,-1.5315,0
05/22/2025 13:40:59.513,0.532652,-0.221552,0.889868,-2.625,2.8,-3.64,-1.1925,-1.5705,-1.551,0
05/22/2025 13:40:59.533,0.548024,-0.185684,0.931836,-5.88,5.215,-1.015,-1.1955,-1.56,-1.533,0
05/22/2025 13:40:59.553,0.54168,-0.154452,0.952088,-14.35,4.55,0.7,-1.2105,-1.563,-1.548,0
05/22/2025 13:40:59.573,0.506544,-0.15006,0.927444,-24.64,3.64,0.805,-1.1805,-1.578,-1.5285,0
05/22/2025 13:40:59.593,0.522648,-0.1464,0.952088,-29.925,3.115,0.665,-1.2075,-1.551,-1.548,0
05/22/2025 13:40:59.613,0.510204,-0.213012,0.964776,-36.4,8.19,-0.63,-1.203,-1.5405,-1.5255,0
05/22/2025 13:40:59.633,0.48922,-0.173728,0.9211,-38.71,11.62,-0.805,-1.185,-1.518,-1.5285,0
05/22/2025 13:40:59.653,0.499956,-0.239852,0.893528,-48.685,12.32,0,-1.17,-1.5525,-1.5315,0
05/22/2025 13:40:59.673,0.476044,-0.247416,0.765672,-42,12.81,-1.015,-1.1895,-1.5,-1.5285,0
05/22/2025 13:40:59.693,0.387228,-0.298412,0.7076,-30.135,17.57,-3.43,-1.1715,-1.503,-1.5315,0
05/22/2025 13:40:59.713,0.460672,-0.286944,0.800564,-5.74,13.195,-6.37,-1.194,-1.473,-1.548,0
05/22/2025 13:40:59.733,0.482876,-0.204472,0.809836,-19.215,4.025,-5.565,-1.1745,-1.515,-1.524,0
05/22/2025 13:40:59.753,0.458232,-0.16714,0.7198,-34.09,4.76,-9.73,-1.1745,-1.515,-1.524,0
05/22/2025 13:40:59.773,0.504836,-0.15006,0.770796,-36.61,5.18,-14.805,-1.1715,-1.503,-1.5285,0
05/22/2025 13:40:59.793,0.492636,-0.189832,0.800564,-60.935,9.135,-14.315,-1.1865,-1.4985,-1.548,0
05/22/2025 13:40:59.813,0.561444,-0.29768,0.870348,-96.39,4.935,-13.055,-1.161,-1.4775,-1.554,0
05/22/2025 13:40:59.833,0.5246,-0.241316,0.814472,-117.11,5.915,-10.465,-1.1835,-1.446,-1.536,0
05/22/2025 13:40:59.853,0.553636,-0.26718,0.817156,-137.34,8.785,-7.735,-1.1775,-1.431,-1.5675,0
05/22/2025 13:40:59.873,0.595116,-0.361364,0.84546,-171.36,14.28,-1.54,-1.1685,-1.413,-1.518,0
05/22/2025 13:40:59.893,0.586332,-0.470432,0.774456,-205.59,21.56,5.075,-1.134,-1.353,-1.5585,0
05/22/2025 13:40:59.913,0.564128,-0.561444,0.72956,-237.37,33.25,11.025,-1.131,-1.296,-1.563,0
05/22/2025 13:40:59.933,0.547536,-0.70638,0.58316,-265.02,41.965,16.835,-1.1235,-1.221,-1.521,0
05/22/2025 13:40:59.953,0.484096,-0.8174,0.497272,-268.695,50.12,21.105,-1.128,-1.1415,-1.503,0
05/22/2025 13:40:59.973,0.409676,-0.937692,0.436028,-252.7,54.355,26.355,-1.1145,-1.0665,-1.503,0
05/22/2025 13:40:59.993,0.362828,-1.021872,0.381128,-217.07,54.6,30.17,-1.086,-0.969,-1.4775,0
05/22/2025 13:41:00.013,0.329888,-1.07482,0.386008,-129.43,43.785,33.705,-1.086,-0.969,-1.4775,0
05/22/2025 13:41:00.033,0.295484,-0.94672,0.382836,-77.805,33.075,37.135,-1.086,-0.969,-1.4775,0
05/22/2025 13:41:00.053,0.28304,-0.894504,0.355752,-53.9,19.075,41.23,-1.0305,-0.8205,-1.389,0
05/22/2025 13:41:00.073,0.303048,-0.913292,0.373564,-45.01,7.84,45.64,-0.9915,-0.798,-1.407,0
05/22/2025 13:41:00.093,0.316468,-0.923784,0.372832,-36.015,1.925,48.195,-0.975,-0.7875,-1.377,0
05/22/2025 13:41:00.113,0.31354,-0.903532,0.35746,-17.71,0.735,48.335,-0.951,-0.7425,-1.38,0
05/22/2025 13:41:00.133,0.271816,-0.825696,0.385764,-2.38,5.775,49.665,-0.9465,-0.7425,-1.38,0
05/22/2025 13:41:00.153,0.24278,-0.796416,0.425292,3.465,7.07,48.86,-0.9285,-0.735,-1.3725,0
05/22/2025 13:41:00.173,0.222528,-0.921588,0.388448,9.275,4.83,48.23,-0.921,-0.705,-1.383,0
05/22/2025 13:41:00.193,0.17446,-0.887428,0.413336,34.86,5.32,45.885,-0.906,-0.6975,-1.3785,0
05/22/2025 13:41:00.213,0.155916,-0.799344,0.455548,54.95,4.27,41.615,-0.87,-0.6915,-1.3635,0
05/22/2025 13:41:00.233,0.15494,-0.751764,0.507276,54.53,0.42,37.695,-0.855,-0.7095,-1.404,0
05/22/2025 13:41:00.253,0.15494,-0.78934,0.553392,42.595,-3.85,34.685,-0.8595,-0.6945,-1.434,0
05/22/2025 13:41:00.273,0.168848,-0.828624,0.50142,28.035,-11.725,33.46,-0.8535,-0.7095,-1.4535,0
05/22/2025 13:41:00.293,0.181536,-0.868396,0.48068,24.5,-13.685,31.85,-0.8535,-0.7095,-1.4535,0
05/22/2025 13:41:00.313,0.196176,-0.914756,0.498492,30.135,-13.3,31.885,-0.825,-0.6915,-1.4865,0
05/22/2025 13:41:00.333,0.189344,-0.875228,0.553148,44.065,-10.22,32.06,-0.828,-0.7065,-1.479,0
05/22/2025 13:41:00.353,0.17446,-0.745176,0.595848,54.74,-10.36,31.99,-0.8175,-0.7065,-1.5135,0
05/22/2025 13:41:00.373,0.178364,-0.780312,0.568032,42.315,-13.02,32.69,-0.84,-0.7215,-1.5015,0
05/22/2025 13:41:00.393,0.19154,-0.879864,0.541192,32.97,-12.985,33.74,-0.8115,-0.6915,-1.524,0
05/22/2025 13:41:00.413,0.155184,-0.774456,0.554124,45.955,-9.345,29.155,-0.804,-0.6915,-1.5285,0
05/22/2025 13:41:00.433,0.13054,-0.765916,0.57218,40.04,-11.76,26.495,-0.804,-0.6915,-1.5285,0
05/22/2025 13:41:00.453,0.126392,-0.716384,0.568276,40.81,-16.345,23.625,-0.8295,-0.7095,-1.5285,0
05/22/2025 13:41:00.473,0.114192,-0.68564,0.576328,37.695,-14.14,20.125,-0.825,-0.7365,-1.524,0
05/22/2025 13:41:00.493,0.121024,-0.7198,0.599752,30.87,-13.335,17.045,-0.7875,-0.7365,-1.5345,0
05/22/2025 13:41:00.513,0.099796,-0.651236,0.6527,19.215,-11.165,13.475,-0.819,-0.729,-1.551,0
05/22/2025 13:41:00.533,0.088816,-0.773236,0.598288,-2.205,-11.62,9.905,-0.8145,-0.702,-1.5285,0
05/22/2025 13:41:00.553,0.07198,-0.795196,0.60146,10.395,-10.64,8.47,-0.8145,-0.702,-1.5285,0
05/22/2025 13:41:00.573,0.051972,-0.678808,0.6649,11.62,-6.44,1.33,-0.8175,-0.7395,-1.539,0
05/22/2025 13:41:00.593,0.055632,-0.732,0.664412,2.905,-5.215,-4.235,-0.8205,-0.7515,-1.524,0
05/22/2025 13:41:00.613,0.052216,-0.713944,0.66734,3.885,-0.875,-7.315,-0.8235,-0.7665,-1.521,0
05/22/2025 13:41:00.633,0.065636,-0.801784,0.71614,3.85,-0.455,-9.695,-0.8205,-0.759,-1.5165,0
05/22/2025 13:41:00.653,0.115656,-0.857416,0.69296,11.2,-4.095,-10.395,-0.825,-0.7515,-1.551,0
05/22/2025 13:41:00.673,0.127368,-0.836432,0.692716,9.415,-8.715,-6.615,-0.8025,-0.756,-1.512,0
05/22/2025 13:41:00.693,0.110288,-0.93696,0.642696,0.21,-9.45,-1.575,-0.8475,-0.759,-1.5285,0
05/22/2025 13:41:00.713,0.10248,-0.935252,0.661972,10.57,-13.51,3.885,-0.8205,-0.7545,-1.524,0
05/22/2025 13:41:00.733,0.114924,-0.841312,0.699792,23.8,-16.03,6.895,-0.825,-0.759,-1.524,0
05/22/2025 13:41:00.753,0.096624,-0.908656,0.610244,22.155,-19.39,8.89,-0.8325,-0.747,-1.5285,0
05/22/2025 13:41:00.773,0.138348,-0.826916,0.66856,35.525,-22.89,7.665,-0.8355,-0.759,-1.509,0
05/22/2025 13:41:00.793,0.084912,-0.67222,0.691252,41.65,-17.78,4.585,-0.8505,-0.7695,-1.509,0
05/22/2025 13:41:00.813,0.112728,-0.679052,0.735416,24.22,-25.865,1.085,-0.858,-0.7575,-1.521,0
05/22/2025 13:41:00.833,0.227652,-0.795684,0.709552,5.845,-26.32,-1.505,-0.858,-0.7575,-1.521,0
05/22/2025 13:41:00.853,0.123952,-0.690276,0.726876,-6.37,-14.735,3.745,-0.8895,-0.7545,-1.4805,0
05/22/2025 13:41:00.873,0.178364,-0.828868,0.6161,-16.345,-21.385,5.32,-0.867,-0.7665,-1.4835,0
05/22/2025 13:41:00.893,0.15494,-0.897432,0.55144,0.455,-15.855,7,-0.87,-0.762,-1.4565,0
05/22/2025 13:41:00.913,0.179828,-0.937692,0.54656,25.69,-15.715,8.645,-0.855,-0.762,-1.449,0
05/22/2025 13:41:00.933,0.183,-0.892796,0.565592,51.765,-15.12,11.62,-0.8715,-0.7425,-1.473,0
05/22/2025 13:41:00.953,0.192272,-0.897432,0.649284,71.575,-15.715,13.65,-0.834,-0.759,-1.4415,0
05/22/2025 13:41:00.973,0.166652,-0.879132,0.64416,87.045,-19.215,17.64,-0.8325,-0.789,-1.44,0
05/22/2025 13:41:00.993,0.168604,-0.810324,0.633912,102.83,-25.34,21.42,-0.8115,-0.7965,-1.4625,0
05/22/2025 13:41:01.013,0.16226,-0.654164,0.6466,110.425,-26.46,23.24,-0.852,-0.816,-1.464,0
05/22/2025 13:41:01.033,0.183,-0.59414,0.611708,101.92,-27.93,24.01,-0.8505,-0.8565,-1.482,0
05/22/2025 13:41:01.053,0.179584,-0.49166,0.630496,98.385,-21,24.64,-0.8535,-0.906,-1.4865,0
05/22/2025 13:41:01.073,0.179828,-0.423096,0.677832,84.91,-12.25,21.945,-0.858,-0.894,-1.494,0
05/22/2025 13:41:01.093,0.231312,-0.440664,0.71248,49.42,-6.685,10.71,-0.858,-0.894,-1.494,0
05/22/2025 13:41:01.113,0.23302,-0.618052,0.69418,42.455,0.35,2.17,-0.828,-0.921,-1.512,0
05/22/2025 13:41:01.133,0.212036,-0.525332,0.703208,66.045,8.12,-4.06,-0.828,-0.933,-1.5195,0
05/22/2025 13:41:01.153,0.21716,-0.311344,0.770552,72.765,9.905,-2.205,-0.84,-0.954,-1.5375,0
05/22/2025 13:41:01.173,0.241316,-0.324276,0.760304,25.76,8.155,4.235,-0.8505,-0.969,-1.554,0
05/22/2025 13:41:01.193,0.21106,-0.374052,0.757864,-25.095,9.03,12.845,-0.8625,-1.0035,-1.569,0
05/22/2025 13:41:01.213,0.183244,-0.486048,0.757132,-62.825,9.52,19.04,-0.8355,-1.0035,-1.5525,0
05/22/2025 13:41:01.233,0.15616,-0.531676,0.813984,-77.875,12.635,21.175,-0.84,-0.996,-1.56,0
05/22/2025 13:41:01.253,0.117852,-0.61244,0.784704,-74.095,16.975,19.11,-0.819,-0.9285,-1.545,0
05/22/2025 13:41:01.273,0.069296,-0.670024,0.796172,-42.245,22.015,12.39,-0.819,-0.891,-1.527,0
05/22/2025 13:41:01.293,0.0427,-0.5673,0.790804,-11.55,21.49,7.665,-0.831,-0.849,-1.5345,0
05/22/2025 13:41:01.313,0.07124799,-0.478728,0.804956,-0.385,11.41,2.135,-0.8145,-0.891,-1.5345,0
05/22/2025 13:41:01.333,0.078812,-0.46116,0.901092,2.59,8.995,-0.91,-0.7935,-0.888,-1.533,0
05/22/2025 13:41:01.353,0.133468,-0.427244,1.03212,-11.97,0.84,-1.995,-0.7965,-0.8955,-1.5105,0
05/22/2025 13:41:01.373,0.152256,-0.45506,1.028704,-41.09,0.035,-0.175,-0.7965,-0.888,-1.5255,0
05/22/2025 13:41:01.393,0.112972,-0.732244,0.898164,-65.765,-4.27,-2.73,-0.7965,-0.888,-1.5255,0
05/22/2025 13:41:01.413,0.09467199,-0.70638,0.805444,-41.79,-6.405,-4.41,-0.792,-0.8685,-1.503,0
05/22/2025 13:41:01.433,0.116876,-0.899872,0.761768,-24.185,-9.31,-3.85,-0.789,-0.846,-1.4805,0
05/22/2025 13:41:01.453,0.125416,-0.823744,0.754204,6.685,-11.83,-1.47,-0.8175,-0.858,-1.4775,0
05/22/2025 13:41:01.473,0.120292,-0.71858,0.744932,24.675,-13.23,0.07,-0.777,-0.8655,-1.4835,0
05/22/2025 13:41:01.493,0.099064,-0.660508,0.743468,31.815,-14.35,2.275,-0.7875,-0.876,-1.4925,0
05/22/2025 13:41:01.513,0.127612,-0.692228,0.757132,37.17,-17.395,2.66,-0.792,-0.8955,-1.503,0
05/22/2025 13:41:01.533,0.135664,-0.687836,0.743224,48.93,-17.605,3.29,-0.7545,-0.9255,-1.509,0
05/22/2025 13:41:01.553,0.14274,-0.62098,0.735416,56.91,-16.555,6.055,-0.777,-0.903,-1.5105,0
05/22/2025 13:41:01.573,0.159576,-0.665388,0.736148,57.365,-15.19,8.085,-0.7695,-0.9375,-1.518,0
05/22/2025 13:41:01.593,0.14518,-0.598532,0.760548,62.825,-10.78,7.56,-0.7965,-0.9435,-1.548,0
05/22/2025 13:41:01.613,0.131028,-0.622444,0.75274,65.695,-10.64,5.775,-0.792,-0.96,-1.533,0
05/22/2025 13:41:01.633,0.147132,-0.554612,0.760792,77.525,-9.625,6.16,-0.792,-0.96,-1.533,0
05/22/2025 13:41:01.653,0.170556,-0.436028,0.859856,82.915,-8.05,7.77,-0.795,-1.0275,-1.5705,0
05/22/2025 13:41:01.673,0.163968,-0.398452,0.877424,68.95,-7.805,9.24,-0.777,-1.065,-1.596,0
05/22/2025 13:41:01.693,0.196176,-0.40382,0.916708,58.24,-11.55,11.48,-0.8115,-1.038,-1.632,0
05/22/2025 13:41:01.713,0.170312,-0.458476,0.881084,54.11,-14.665,11.095,-0.804,-1.068,-1.647,0
05/22/2025 13:41:01.733,0.189832,-0.441884,0.894748,64.225,-16.66,9.03,-0.819,-1.068,-1.635,0
05/22/2025 13:41:01.753,0.180316,-0.356728,0.925004,74.725,-13.825,7.035,-0.822,-1.113,-1.6395,0
05/22/2025 13:41:01.773,0.176412,-0.26596,0.927688,69.86,-13.685,6.895,-0.8145,-1.116,-1.6425,0
05/22/2025 13:41:01.793,0.183488,-0.21838,0.898164,56.42,-13.895,9.66,-0.8235,-1.1385,-1.62,0
05/22/2025 13:41:01.813,0.198616,-0.245708,0.892796,40.425,-12.53,13.02,-0.825,-1.161,-1.6455,0
05/22/2025 13:41:01.833,0.236192,-0.287676,0.938424,27.58,-11.235,15.4,-0.8235,-1.1655,-1.6155,0
05/22/2025 13:41:01.853,0.20374,-0.348676,0.896944,20.405,-8.61,15.925,-0.8235,-1.1655,-1.6275,0
05/22/2025 13:41:01.873,0.21838,-0.383324,0.862296,26.075,-8.4,14.665,-0.813,-1.1655,-1.62,0
05/22/2025 13:41:01.893,0.211304,-0.397232,0.880352,50.995,-3.29,18.41,-0.813,-1.1655,-1.62,0
05/22/2025 13:41:01.913,0.1891,-0.304268,0.90768,60.62,-2.975,18.865,-0.813,-1.203,-1.65,0
05/22/2025 13:41:01.933,0.191052,-0.232288,0.922808,57.96,-8.225,20.44,-0.8385,-1.248,-1.653,0
05/22/2025 13:41:01.953,0.24644,-0.176656,0.986492,49.63,-11.515,22.505,-0.8565,-1.251,-1.662,0
05/22/2025 13:41:01.973,0.183732,-0.072224,1.005768,48.195,-10.01,22.68,-0.8415,-1.248,-1.665,0
05/22/2025 13:41:01.993,0.24034,-0.103212,0.944768,21.385,-13.755,21.245,-0.834,-1.26,-1.6455,0
05/22/2025 13:41:02.013,0.194224,-0.200324,0.911096,16.695,-8.995,25.34,-0.8415,-1.2555,-1.65,0
05/22/2025 13:41:02.033,0.178852,-0.14518,0.976244,21.77,-7,21.35,-0.834,-1.2555,-1.6455,0
05/22/2025 13:41:02.053,0.227652,-0.14396,1.012112,12.775,-10.255,17.465,-0.8595,-1.2555,-1.632,0
05/22/2025 13:41:02.073,0.22936,-0.404796,0.925248,10.115,-8.61,19.81,-0.846,-1.2285,-1.638,0
05/22/2025 13:41:02.093,0.199836,-0.413336,0.92232,38.15,-4.095,22.4,-0.867,-1.2255,-1.6425,0
05/22/2025 13:41:02.113,0.164456,-0.253028,0.945012,56.63,-3.185,21.49,-0.8385,-1.245,-1.6455,0
05/22/2025 13:41:02.133,0.1647,-0.17324,0.981124,56.91,-7.42,22.54,-0.8565,-1.191,-1.617,0
05/22/2025 13:41:02.153,0.18178,-0.073688,0.946964,43.785,-15.085,28.385,-0.8535,-1.2135,-1.65,0
05/22/2025 13:41:02.173,0.209108,-0.017324,0.927932,25.655,-20.44,31.745,-0.8535,-1.2135,-1.65,0
05/22/2025 13:41:02.193,0.268644,-0.241316,0.884744,-1.855,-22.015,33.46,-0.879,-1.2255,-1.629,0
05/22/2025 13:41:02.213,0.182024,-0.067832,0.890112,19.425,-14.595,26.81,-0.8625,-1.2285,-1.617,0
05/22/2025 13:41:02.233,0.247904,-0.022936,0.880596,23.8,-22.19,23.03,-0.882,-1.2135,-1.6095,0
05/22/2025 13:41:02.253,0.289628,-0.12444,0.919636,11.2,-21.315,25.55,-0.903,-1.224,-1.5945,0
05/22/2025 13:41:02.273,0.230336,-0.141764,0.948428,9.065,-17.675,24.71,-0.9045,-1.1865,-1.5945,0
05/22/2025 13:41:02.293,0.261568,-0.140544,0.906948,6.825,-22.61,20.86,-0.9075,-1.221,-1.6095,0
05/22/2025 13:41:02.313,0.213744,-0.115168,0.850828,6.02,-23.205,19.985,-0.9135,-1.206,-1.569,0
05/22/2025 13:41:02.333,0.270108,-0.089792,0.880108,8.225,-28.28,17.36,-0.918,-1.224,-1.5765,0
05/22/2025 13:41:02.353,0.270596,0.073688,0.904996,13.02,-25.375,12.705,-0.9135,-1.2165,-1.569,0
05/22/2025 13:41:02.373,0.294752,0.158356,0.938424,-8.925,-23.835,6.265,-0.939,-1.224,-1.566,0
05/22/2025 13:41:02.393,0.318664,0.06734399,0.972584,-55.265,-19.53,-0.595,-0.969,-1.2345,-1.5705,0
05/22/2025 13:41:02.413,0.318908,-0.02806,0.95282,-82.6,-10.57,-14.385,-0.939,-1.2165,-1.5465,0
05/22/2025 13:41:02.433,0.361364,0.04026,0.996252,-82.075,4.655,-34.615,-0.939,-1.2165,-1.5465,0
05/22/2025 13:41:02.453,0.291824,-0.367708,0.908412,-101.115,17.15,-33.075,-0.939,-1.2165,-1.5465,0
05/22/2025 13:41:02.473,0.218624,-0.518744,0.781044,-103.67,21.035,-37.24,-0.9555,-1.137,-1.521,0
05/22/2025 13:41:02.493,0.144936,-0.279624,0.659532,-72.625,18.34,-49.07,-0.963,-1.107,-1.521,0
05/22/2025 13:41:02.513,0.299876,-0.221064,0.71004,-85.015,-1.785,-23.205,-0.933,-1.107,-1.539,0
05/22/2025 13:41:02.533,0.355996,-0.836188,0.879132,-123.55,2.695,-9.45,-0.9705,-1.1295,-1.5255,0
05/22/2025 13:41:02.553,0.294996,-0.595116,1.00894,-49.84,22.75,-14.42,-0.975,-1.062,-1.5075,0
05/22/2025 13:41:02.573,0.2684,-0.285724,1.038464,-13.195,20.825,-13.335,-0.9525,-1.029,-1.4805,0
05/22/2025 13:41:02.593,0.194956,-0.388936,0.965264,-50.82,27.51,-10.43,-0.9525,-1.0215,-1.4805,0
05/22/2025 13:41:02.613,0.172264,-0.5124,0.921344,-61.215,31.745,-4.2,-0.9555,-1.032,-1.4655,0
05/22/2025 13:41:02.633,0.18178,-0.498004,0.823744,-33.425,29.75,-3.64,-0.9495,-0.9795,-1.488,0
05/22/2025 13:41:02.653,0.136884,-0.36478,0.717604,-14.175,26.985,-5.88,-0.945,-0.987,-1.4805,0
05/22/2025 13:41:02.673,0.134688,-0.241316,0.742492,-21.875,19.285,-9.8,-0.9195,-1.014,-1.491,0
05/22/2025 13:41:02.693,0.257664,-0.329888,0.93208,-41.09,19.635,-10.745,-0.918,-1.011,-1.476,0
05/22/2025 13:41:02.713,0.243756,-0.338428,0.808372,-47.74,24.045,-15.19,-0.918,-1.011,-1.476,0
05/22/2025 13:41:02.733,0.191784,-0.456524,0.764696,-66.01,29.295,-17.92,-0.93,-0.984,-1.4805,0
05/22/2025 13:41:02.753,0.205204,-0.669536,0.735416,-63.63,27.51,-17.815,-0.9045,-0.9645,-1.4835,0
05/22/2025 13:41:02.773,0.224724,-0.607072,0.640744,-34.965,33.705,-16.66,-0.9315,-0.972,-1.4985,0
05/22/2025 13:41:02.793,0.219844,-0.325252,1.351028,0.7,53.83,-25.655,-0.897,-1.0065,-1.482,0
05/22/2025 13:41:02.813,0.444568,-0.272304,1.56648,42.49,66.675,-19.775,-0.8985,-1.002,-1.521,0
05/22/2025 13:41:02.833,0.400892,-0.229848,1.171444,-34.09,57.89,-19.88,-0.8985,-1.002,-1.521,0
05/22/2025 13:41:02.853,0.232776,-0.721996,0.881816,-95.795,65.03,-22.47,-0.8835,-1.026,-1.5315,0
05/22/2025 13:41:02.873,0.27328,-0.59902,0.686616,-77.21,76.86,-19.11,-0.876,-0.999,-1.5315,0
05/22/2025 13:41:02.893,0.182268,-0.65514,0.6283,-82.915,78.68,-12.355,-0.8505,-0.981,-1.554,0
05/22/2025 13:41:02.913,0.178364,-0.730292,0.690764,-82.425,72.66,-8.855,-0.8175,-0.9555,-1.545,0
05/22/2025 13:41:02.933,0.142984,-0.58316,0.639524,-56.28,68.635,-9.695,-0.7965,-0.906,-1.5375,0
05/22/2025 13:41:02.953,0.119804,-0.501176,0.576572,-46.69,66.115,-11.445,-0.789,-0.9285,-1.5525,0
05/22/2025 13:41:02.973,0.092232,-0.476288,0.56242,-51.03,68.565,-17.57,-0.7755,-0.903,-1.563,0
05/22/2025 13:41:02.993,0.07442,-0.509472,0.55876,-57.54,68.425,-24.43,-0.7605,-0.873,-1.56,0
05/22/2025 13:41:03.013,0.074908,-0.531188,0.595116,-66.955,63.035,-31.29,-0.7455,-0.8505,-1.5285,0
05/22/2025 13:41:03.033,0.087108,-0.598288,0.574132,-78.05,52.955,-38.29,-0.717,-0.8205,-1.566,0
05/22/2025 13:41:03.053,0.074664,-0.624884,0.550708,-83.895,40.25,-42.875,-0.72,-0.8055,-1.548,0
05/22/2025 13:41:03.073,0.05002,-0.647332,0.586088,-86.94,28.385,-45.745,-0.717,-0.813,-1.5435,0
05/22/2025 13:41:03.093,0.052948,-0.715164,0.60878,-87.115,14.175,-49.56,-0.768,-0.7785,-1.5105,0
05/22/2025 13:41:03.113,0.066124,-0.770064,0.600972,-88.62,1.785,-51.765,-0.768,-0.7785,-1.5105,0
05/22/2025 13:41:03.133,0.0671,-0.8357,0.561688,-88.69,-5.46,-53.06,-0.7605,-0.7635,-1.4775,0
05/22/2025 13:41:03.153,0.080764,-0.856684,0.54046,-86.065,-7.735,-52.57,-0.7905,-0.7365,-1.467,0
05/22/2025 13:41:03.173,0.075884,-0.873032,0.530212,-85.925,-5.215,-50.505,-0.8235,-0.7065,-1.4445,0
05/22/2025 13:41:03.193,0.068564,-0.91866,0.522892,-84.28,-0.875,-47.53,-0.816,-0.714,-1.464,0
05/22/2025 13:41:03.213,0.0671,-0.939888,0.539972,-76.51,2.275,-45.115,-0.8685,-0.6945,-1.4535,0
05/22/2025 13:41:03.233,0.063684,-0.946476,0.535336,-67.025,4.585,-41.895,-0.8685,-0.6945,-1.4535,0
05/22/2025 13:41:03.253,0.07686,-0.94062,0.539728,-65.1,5.775,-40.425,-0.8685,-0.6945,-1.4535,0
05/22/2025 13:41:03.273,0.08418,-0.938668,0.536556,-64.4,6.685,-39.235,-0.8805,-0.7065,-1.3815,0
05/22/2025 13:41:03.293,0.098088,-0.938424,0.504104,-60.725,7.42,-38.255,-0.9135,-0.6825,-1.368,0
05/22/2025 13:41:03.313,0.108092,-0.943304,0.49532,-55.685,8.785,-36.785,-0.9075,-0.645,-1.353,0
05/22/2025 13:41:03.333,0.115656,-0.955992,0.49044,-51.765,10.29,-35.245,-0.933,-0.6555,-1.3725,0
05/22/2025 13:41:03.353,0.138592,-0.97356,0.46848,-47.215,12.285,-33.705,-0.948,-0.6675,-1.3575,0
05/22/2025 13:41:03.373,0.146888,-0.967216,0.445056,-41.93,15.54,-31.99,-0.9765,-0.678,-1.3665,0
05/22/2025 13:41:03.393,0.15738,-0.95404,0.431148,-38.675,19.355,-30.135,-0.981,-0.6525,-1.3365,0
05/22/2025 13:41:03.413,0.161528,-0.951844,0.419192,-38.43,22.995,-28.455,-1.029,-0.6615,-1.3485,0
05/22/2025 13:41:03.433,0.167384,-0.948428,0.4148,-39.515,25.34,-26.95,-1.029,-0.6615,-1.3785,0
05/22/2025 13:41:03.453,0.172752,-0.945012,0.399428,-42.105,28.14,-25.97,-1.0515,-0.651,-1.338,0
05/22/2025 13:41:03.473,0.176412,-0.960872,0.36478,-45.36,30.1,-25.41,-1.0245,-0.666,-1.3485,0
05/22/2025 13:41:03.493,0.190564,-0.963312,0.349896,-47.775,31.15,-25.13,-1.0575,-0.666,-1.326,0
05/22/2025 13:41:03.513,0.194956,-0.974048,0.343796,-54.845,31.185,-23.94,-1.0575,-0.666,-1.326,0
05/22/2025 13:41:03.533,0.20008,-0.998936,0.324032,-54.25,30.31,-23.1,-1.0905,-0.6615,-1.317,0
05/22/2025 13:41:03.553,0.201788,-1.00406,0.307684,-47.88,29.365,-22.015,-1.0605,-0.6765,-1.2855,0
05/22/2025 13:41:03.573,0.199104,-0.971608,0.30012,-40.11,28.77,-20.93,-1.0965,-0.6765,-1.2525,0
05/22/2025 13:41:03.593,0.192272,-0.955992,0.290116,-35.28,27.755,-20.3,-1.086,-0.669,-1.251,0
05/22/2025 13:41:03.613,0.191784,-0.941596,0.275964,-33.46,26.11,-20.3,-1.0485,-0.678,-1.2435,0
05/22/2025 13:41:03.633,0.189344,-0.935496,0.26718,-33.25,25.095,-21.175,-1.062,-0.6435,-1.224,0
05/22/2025 13:41:03.653,0.1891,-0.940864,0.252052,-33.25,23.66,-22.61,-1.092,-0.681,-1.2135,0
05/22/2025 13:41:03.673,0.192516,-0.948672,0.24034,-33.775,22.645,-23.8,-1.0875,-0.669,-1.218,0
05/22/2025 13:41:03.693,0.192028,-0.958188,0.226188,-34.825,21.14,-24.255,-1.095,-0.681,-1.1985,0
05/22/2025 13:41:03.713,0.189832,-0.968436,0.215696,-35.455,19.915,-23.87,-1.101,-0.696,-1.179,0
05/22/2025 13:41:03.733,0.187148,-0.98698,0.199592,-34.405,18.305,-22.995,-1.0725,-0.7035,-1.194,0
05/22/2025 13:41:03.753,0.196908,-0.985516,0.1952,-32.445,16.8,-22.05,-1.0875,-0.7035,-1.194,0
05/22/2025 13:41:03.773,0.200324,-0.987712,0.177632,-30.415,15.12,-19.985,-1.083,-0.7185,-1.191,0
05/22/2025 13:41:03.793,0.209108,-0.99186,0.163724,-29.12,13.86,-18.235,-1.0845,-0.7275,-1.1445,0
05/22/2025 13:41:03.813,0.214476,-0.988932,0.149084,-28.42,13.265,-16.38,-1.0845,-0.7275,-1.1445,0
05/22/2025 13:41:03.833,0.218868,-0.990152,0.133224,-27.58,12.04,-14.665,-1.0935,-0.7305,-1.1835,0
05/22/2025 13:41:03.853,0.223748,-0.98942,0.115168,-26.845,10.745,-13.44,-1.101,-0.723,-1.194,0
05/22/2025 13:41:03.873,0.224236,-0.992592,0.09857599,-26.425,9.555,-12.04,-1.1295,-0.7335,-1.176,0
05/22/2025 13:41:03.893,0.232532,-0.994544,0.100284,-24.885,7.455,-11.445,-1.089,-0.741,-1.1595,0
05/22/2025 13:41:03.913,0.239852,-0.987224,0.104432,-22.82,5.215,-10.92,-1.074,-0.7305,-1.167,0
05/22/2025 13:41:03.933,0.246684,-0.988444,0.097356,-21.91,2.625,-10.115,-1.083,-0.7305,-1.1865,0
05/22/2025 13:41:03.953,0.25864,-0.995276,0.10004,-19.81,0.665,-8.96,-1.116,-0.7305,-1.1805,0
05/22/2025 13:41:03.973,0.255712,-0.988932,0.090036,-18.62,-0.595,-7.21,-1.1145,-0.738,-1.164,0
05/22/2025 13:41:03.993,0.262056,-0.986248,0.091012,-17.745,-2.24,-5.88,-1.1175,-0.738,-1.146,0
05/22/2025 13:41:04.013,0.269132,-0.980392,0.080764,-17.675,-3.5,-5.32,-1.134,-0.696,-1.1535,0
05/22/2025 13:41:04.033,0.277672,-0.989908,0.065392,-19.95,-5.355,-4.935,-1.1145,-0.711,-1.149,0
05/22/2025 13:41:04.053,0.294264,-1.008696,0.05368,-17.01,-6.125,-4.83,-1.1145,-0.711,-1.149,0
05/22/2025 13:41:04.073,0.29768,-1.010648,0.06344,-11.48,-6.335,-4.235,-1.119,-0.696,-1.1505,0
05/22/2025 13:41:04.093,0.305976,-0.993812,0.07564,-6.825,-6.755,-3.325,-1.1145,-0.6705,-1.1235,0
05/22/2025 13:41:04.113,0.309148,-0.984052,0.07905599,-4.655,-7.7,-2.485,-1.1445,-0.669,-1.125,0
05/22/2025 13:41:04.133,0.312076,-0.973316,0.07515199,-3.605,-8.085,-1.54,-1.1085,-0.6885,-1.1415,0
05/22/2025 13:41:04.153,0.310856,-0.981612,0.077104,-2.38,-7.945,-0.63,-1.0815,-0.6585,-1.1265,0
05/22/2025 13:41:04.173,0.308416,-0.962824,0.07564,-1.19,-7.42,-0.105,-1.101,-0.666,-1.1565,0
05/22/2025 13:41:04.193,0.315248,-0.955016,0.072468,-0.77,-6.44,0.28,-1.101,-0.6435,-1.1505,0
05/22/2025 13:41:04.213,0.31476,-0.955016,0.072712,-0.665,-5.18,0.735,-1.0965,-0.6705,-1.131,0
05/22/2025 13:41:04.233,0.314028,-0.956724,0.078812,-0.91,-3.815,1.435,-1.083,-0.666,-1.1685,0
05/22/2025 13:41:04.253,0.313784,-0.946232,0.078324,-1.015,-2.52,2.205,-1.0935,-0.6555,-1.164,0
05/22/2025 13:41:04.273,0.311832,-0.955992,0.067588,0.21,-1.015,2.73,-1.095,-0.6585,-1.1685,0
05/22/2025 13:41:04.293,0.31598,-0.945012,0.07198,1.12,0.91,2.765,-1.095,-0.6585,-1.1685,0
05/22/2025 13:41:04.313,0.31354,-0.972828,0.058072,1.89,2.835,2.205,-1.0905,-0.678,-1.179,0
05/22/2025 13:41:04.333,0.319396,-0.958676,0.056852,5.285,3.71,1.505,-1.0875,-0.6585,-1.191,0
05/22/2025 13:41:04.353,0.31476,-0.953308,0.073932,7.42,4.655,0.91,-1.0815,-0.6465,-1.218,0
05/22/2025 13:41:04.373,0.319152,-0.954284,0.087596,9.905,4.97,1.19,-1.0995,-0.669,-1.233,0
05/22/2025 13:41:04.393,0.324764,-0.952088,0.076372,14.805,5.32,0.14,-1.11,-0.6465,-1.218,0
05/22/2025 13:41:04.413,0.316956,-0.954284,0.081252,25.62,6.895,-1.05,-1.107,-0.6435,-1.218,0
05/22/2025 13:41:04.433,0.329888,-0.946476,0.108092,41.44,9.695,-3.01,-1.1175,-0.6615,-1.215,0
05/22/2025 13:41:04.453,0.341356,-0.927444,0.111752,60.935,7.595,-5.67,-1.1115,-0.654,-1.233,0
05/22/2025 13:41:04.473,0.324276,-0.882548,0.10004,79.38,8.225,-6.475,-1.0845,-0.684,-1.2585,0
05/22/2025 13:41:04.493,0.3355,-0.9089,0.152256,96.95,12.39,-6.72,-1.101,-0.699,-1.2855,0
05/22/2025 13:41:04.513,0.332328,-0.895724,0.215696,116.34,18.095,-8.05,-1.083,-0.6885,-1.2975,0
05/22/2025 13:41:04.533,0.333792,-0.856928,0.24522,130.27,20.51,-10.465,-1.1235,-0.7515,-1.3275,0
05/22/2025 13:41:04.553,0.344772,-0.79544,0.263032,128.415,21.98,-11.515,-1.0935,-0.774,-1.365,0
05/22/2025 13:41:04.573,0.331352,-0.774456,0.363316,98.91,23.24,-12.95,-1.095,-0.807,-1.398,0
05/22/2025 13:41:04.593,0.328668,-0.820328,0.387716,61.04,20.475,-13.3,-1.095,-0.807,-1.398,0
05/22/2025 13:41:04.613,0.34404,-0.874008,0.379908,34.965,16.415,-15.365,-1.098,-0.8715,-1.44,0
05/22/2025 13:41:04.633,0.34404,-0.914756,0.347212,22.54,12.04,-16.03,-1.0875,-0.879,-1.4655,0
05/22/2025 13:41:04.653,0.327692,-0.900848,0.340136,16.695,8.26,-16.38,-1.11,-0.909,-1.4775,0
05/22/2025 13:41:04.673,0.31842,-0.874496,0.332328,8.12,2.975,-15.89,-1.1175,-0.912,-1.497,0
05/22/2025 13:41:04.693,0.316712,-0.925004,0.297436,0,-2.065,-14.245,-1.1175,-0.9165,-1.482,0
05/22/2025 13:41:04.713,0.315736,-0.973316,0.295728,4.305,-6.16,-11.69,-1.1175,-0.924,-1.4895,0
05/22/2025 13:41:04.733,0.334036,-0.974292,0.322324,20.16,-10.605,-8.435,-1.131,-0.9345,-1.4865,0
05/22/2025 13:41:04.753,0.343064,-0.9394,0.361852,33.565,-14.21,-4.27,-1.116,-0.939,-1.4895,0
05/22/2025 13:41:04.773,0.351848,-0.900604,0.3904,41.93,-18.865,-0.245,-1.158,-0.9495,-1.494,0
05/22/2025 13:41:04.793,0.345016,-0.847412,0.42944,49.77,-19.075,2.625,-1.143,-0.9615,-1.494,0
05/22/2025 13:41:04.813,0.318664,-0.811788,0.441884,52.57,-15.645,4.515,-1.1685,-0.975,-1.4865,0
05/22/2025 13:41:04.833,0.305976,-0.776896,0.505812,55.405,-13.405,3.955,-1.2015,-0.978,-1.491,0
05/22/2025 13:41:04.853,0.31232,-0.715164,0.53924,52.815,-10.01,-1.015,-1.2015,-0.978,-1.491,0
05/22/2025 13:41:04.873,0.325984,-0.66734,0.563396,44.87,-7.875,-4.515,-1.2015,-0.978,-1.491,0
05/22/2025 13:41:04.893,0.35624,-0.744932,0.581208,30.24,-2.8,-6.72,-1.236,-1.008,-1.446,0
05/22/2025 13:41:04.913,0.397232,-0.891576,0.627568,31.08,6.23,-6.195,-1.2105,-1.017,-1.461,0
05/22/2025 13:41:04.933,0.372344,-0.792268,0.67466,48.86,13.86,-5.285,-1.2315,-1.032,-1.4235,0
05/22/2025 13:41:04.953,0.348188,-0.74176,0.649528,42.525,15.225,-5.25,-1.239,-1.0305,-1.4385,0
05/22/2025 13:41:04.973,0.354532,-0.731756,0.580476,24.57,13.58,-5.705,-1.233,-1.047,-1.4505,0
05/22/2025 13:41:04.993,0.360144,-0.77226,0.549,17.815,12.915,-5.075,-1.2345,-1.062,-1.431,0
05/22/2025 13:41:05.013,0.364048,-0.790072,0.57462,28.595,13.3,-3.325,-1.221,-1.0695,-1.461,0
05/22/2025 13:41:05.033,0.35868,-0.75884,0.58804,41.51,12.915,-0.805,-1.239,-1.092,-1.443,0
05/22/2025 13:41:05.053,0.355996,-0.685884,0.571692,45.535,8.4,0.245,-1.221,-1.092,-1.449,0
05/22/2025 13:41:05.073,0.362584,-0.657092,0.542168,40.18,2.275,0.35,-1.209,-1.095,-1.4565,0
05/22/2025 13:41:05.093,0.368196,-0.628056,0.525088,33.355,-3.955,-0.945,-1.194,-1.122,-1.4595,0
05/22/2025 13:41:05.113,0.395524,-0.643916,0.553636,36.225,-12.74,-5.285,-1.2465,-1.1325,-1.491,0
05/22/2025 13:41:05.133,0.421388,-0.659532,0.589504,37.835,-18.13,-7.315,-1.239,-1.1595,-1.479,0
05/22/2025 13:41:05.153,0.456768,-0.685884,0.613172,38.815,-21.385,-7.805,-1.2495,-1.1745,-1.491,0
05/22/2025 13:41:05.173,0.483852,-0.756644,0.678564,43.4,-17.99,-5.565,-1.239,-1.17,-1.4955,0
05/22/2025 13:41:05.193,0.449204,-0.704916,0.740052,52.325,-8.435,-0.175,-1.2495,-1.197,-1.488,0
05/22/2025 13:41:05.213,0.419924,-0.595116,0.74542,46.305,-5.74,1.925,-1.2615,-1.2075,-1.518,0
05/22/2025 13:41:05.233,0.394548,-0.57218,0.708088,21.735,-4.83,2.52,-1.2495,-1.1925,-1.491,0
05/22/2025 13:41:05.253,0.35868,-0.561444,0.682224,1.61,-3.92,3.08,-1.2495,-1.1925,-1.491,0
05/22/2025 13:41:05.273,0.340868,-0.58194,0.678808,-10.29,-3.465,3.78,-1.2645,-1.2,-1.4955,0
05/22/2025 13:41:05.293,0.315004,-0.604388,0.701988,-9.135,-3.045,3.815,-1.275,-1.2075,-1.491,0
05/22/2025 13:41:05.313,0.304512,-0.625128,0.702232,-1.645,-5.25,4.62,-1.281,-1.2225,-1.4685,0
05/22/2025 13:41:05.333,0.31354,-0.655628,0.705648,3.78,-9.03,5.88,-1.26,-1.2,-1.491,0
05/22/2025 13:41:05.353,0.322568,-0.690764,0.69906,9.03,-12.285,7.735,-1.2705,-1.2345,-1.461,0
05/22/2025 13:41:05.373,0.336476,-0.657824,0.724192,15.75,-15.715,8.435,-1.26,-1.2,-1.473,0
05/22/2025 13:41:05.393,0.370392,-0.667828,0.710528,7.945,-20.055,10.395,-1.26,-1.2,-1.473,0
05/22/2025 13:41:05.413,0.405528,-0.675392,0.686616,6.44,-22.26,11.375,-1.2735,-1.2075,-1.4385,0
05/22/2025 13:41:05.433,0.421632,-0.664168,0.646112,8.05,-24.955,12.635,-1.2885,-1.2075,-1.4505,0
05/22/2025 13:41:05.453,0.437736,-0.646112,0.604144,13.02,-27.58,14,-1.3005,-1.2075,-1.4505,0
05/22/2025 13:41:05.473,0.46116,-0.607316,0.568764,18.445,-28.14,16.31,-1.2525,-1.2075,-1.476,0
05/22/2025 13:41:05.493,0.479948,-0.621712,0.55022,20.615,-26.88,18.9,-1.245,-1.2,-1.4685,0
05/22/2025 13:41:05.513,0.4697,-0.631716,0.577548,21.315,-24.71,20.615,-1.2675,-1.2,-1.4685,0
05/22/2025 13:41:05.533,0.473116,-0.618052,0.582672,17.92,-24.92,21.105,-1.2705,-1.2195,-1.4805,0
05/22/2025 13:41:05.553,0.451156,-0.652456,0.593164,14.98,-24.85,22.54,-1.293,-1.2075,-1.473,0
05/22/2025 13:41:05.573,0.436516,-0.644648,0.616588,17.85,-23.87,22.295,-1.296,-1.215,-1.473,0
05/22/2025 13:41:05.593,0.417728,-0.685884,0.648552,19.495,-22.82,22.155,-1.2825,-1.1925,-1.503,0
05/22/2025 13:41:05.613,0.403332,-0.677588,0.678564,24.045,-21.525,22.925,-1.287,-1.188,-1.5,0
05/22/2025 13:41:05.633,0.397232,-0.648064,0.682224,24.885,-21.525,23.275,-1.308,-1.2225,-1.4895,0
05/22/2025 13:41:05.653,0.386008,-0.633668,0.679296,22.75,-20.86,24.5,-1.308,-1.2225,-1.4895,0
05/22/2025 13:41:05.673,0.386008,-0.603412,0.682712,20.51,-19.25,24.22,-1.308,-1.2225,-1.4895,0
05/22/2025 13:41:05.693,0.386008,-0.581208,0.692228,14.77,-16.87,23.94,-1.317,-1.173,-1.497,0
05/22/2025 13:41:05.713,0.38674,-0.61488,0.700524,8.75,-15.155,23.485,-1.317,-1.173,-1.5045,0
05/22/2025 13:41:05.733,0.39284,-0.647576,0.714676,5.075,-12.95,23.52,-1.3275,-1.1835,-1.4865,0
05/22/2025 13:41:05.753,0.404064,-0.644404,0.73688,3.29,-12.285,22.085,-1.338,-1.1835,-1.4715,0
05/22/2025 13:41:05.773,0.405284,-0.616344,0.711016,-1.54,-12.215,22.365,-1.3245,-1.146,-1.4865,0
05/22/2025 13:41:05.793,0.409676,-0.61122,0.683444,-9.135,-13.055,22.365,-1.338,-1.161,-1.479,0
05/22/2025 13:41:05.813,0.407236,-0.621468,0.640256,-13.3,-13.265,22.82,-1.332,-1.131,-1.467,0
05/22/2025 13:41:05.833,0.38674,-0.607804,0.62098,-11.725,-12.985,23.24,-1.338,-1.131,-1.4445,0
05/22/2025 13:41:05.853,0.377712,-0.638304,0.601948,-12.25,-13.265,24.85,-1.3305,-1.1205,-1.452,0
05/22/2025 13:41:05.873,0.3599,-0.6588,0.581452,-9.415,-13.16,27.23,-1.3125,-1.0785,-1.4445,0
05/22/2025 13:41:05.893,0.356484,-0.669536,0.551196,-4.2,-11.69,30.31,-1.3425,-1.071,-1.434,0
05/22/2025 13:41:05.913,0.346236,-0.714432,0.625128,11.165,-7.035,30.87,-1.3305,-1.1055,-1.4145,0
05/22/2025 13:41:05.933,0.351604,-0.746884,0.668316,19.18,-7.98,27.86,-1.3305,-1.1055,-1.4145,0
05/22/2025 13:41:05.953,0.358192,-0.748104,0.688568,25.69,-10.57,24.115,-1.3305,-1.086,-1.4295,0
05/22/2025 13:41:05.973,0.378688,-0.754692,0.6832,32.13,-14.175,17.045,-1.326,-1.1055,-1.4025,0
05/22/2025 13:41:05.993,0.390156,-0.693204,0.662704,33.46,-15.96,7.315,-1.305,-1.0785,-1.425,0
05/22/2025 13:41:06.013,0.401136,-0.688568,0.637084,24.22,-15.645,-2.625,-1.323,-1.071,-1.41,0
05/22/2025 13:41:06.033,0.388692,-0.660508,0.624152,11.515,-12.32,-10.325,-1.3335,-1.0905,-1.404,0
05/22/2025 13:41:06.053,0.390888,-0.671,0.59902,-5.81,-7,-15.085,-1.323,-1.0785,-1.422,0
05/22/2025 13:41:06.073,0.382592,-0.681736,0.5917,-15.155,-1.295,-18.48,-1.3455,-1.0935,-1.407,0
05/22/2025 13:41:06.093,0.388204,-0.686372,0.596092,-16.135,4.48,-20.86,-1.3635,-1.104,-1.4115,0
05/22/2025 13:41:06.113,0.404064,-0.696864,0.599752,-12.705,8.715,-22.435,-1.353,-1.086,-1.407,0
05/22/2025 13:41:06.133,0.405772,-0.696376,0.590968,-7.49,13.195,-23.205,-1.353,-1.098,-1.404,0
05/22/2025 13:41:06.153,0.415776,-0.706136,0.586332,-0.07,16.94,-24.22,-1.356,-1.101,-1.407,0
05/22/2025 13:41:06.173,0.424072,-0.690032,0.606096,5.32,20.755,-25.27,-1.3605,-1.086,-1.401,0
05/22/2025 13:41:06.193,0.41236,-0.68564,0.632448,7.77,25.095,-28.665,-1.3935,-1.0785,-1.401,0
05/22/2025 13:41:06.213,0.406504,-0.689544,0.641476,6.09,26.145,-31.36,-1.371,-1.116,-1.4085,0
05/22/2025 13:41:06.233,0.397476,-0.668072,0.64294,5.285,26.81,-34.58,-1.341,-1.1205,-1.395,0
05/22/2025 13:41:06.253,0.38918,-0.632936,0.671,3.325,28.98,-38.71,-1.344,-1.1355,-1.4115,0
05/22/2025 13:41:06.273,0.384788,-0.632936,0.674416,-1.54,30.73,-42.21,-1.359,-1.161,-1.404,0
05/22/2025 13:41:06.293,0.393572,-0.594872,0.693448,-4.655,32.34,-45.78,-1.3485,-1.1535,-1.407,0
05/22/2025 13:41:06.313,0.40138,-0.625128,0.682224,-10.185,34.405,-49.455,-1.374,-1.191,-1.4265,0
05/22/2025 13:41:06.333,0.388204,-0.6039,0.678564,-12.74,36.54,-51.555,-1.3515,-1.1685,-1.395,0
05/22/2025 13:41:06.353,0.357948,-0.56974,0.671488,-14.105,38.815,-51.66,-1.347,-1.1925,-1.407,0
05/22/2025 13:41:06.373,0.3477,-0.568032,0.671976,-16.94,40.005,-48.895,-1.335,-1.2255,-1.4175,0
05/22/2025 13:41:06.393,0.356972,-0.587552,0.691252,-13.405,40.075,-45.78,-1.3275,-1.242,-1.3905,0
05/22/2025 13:41:06.413,0.38186,-0.591944,0.720044,-3.5,39.165,-42.525,-1.32,-1.275,-1.4235,0
05/22/2025 13:41:06.433,0.410652,-0.58682,0.754204,4.165,36.085,-39.935,-1.317,-1.275,-1.4505,0
05/22/2025 13:41:06.453,0.433832,-0.574132,0.779092,4.69,27.09,-38.29,-1.2945,-1.29,-1.458,0
05/22/2025 13:41:06.473,0.416508,-0.560224,0.774944,1.19,20.58,-36.89,-1.32,-1.3275,-1.4775,0
05/22/2025 13:41:06.493,0.422364,-0.55876,0.776652,-0.35,13.09,-35.525,-1.3065,-1.317,-1.5,0
05/22/2025 13:41:06.513,0.41358,-0.535092,0.781532,1.75,6.475,-34.02,-1.299,-1.347,-1.503,0
05/22/2025 13:41:06.533,0.419924,-0.542168,0.787144,2.415,0.14,-32.76,-1.2945,-1.3725,-1.5105,0
05/22/2025 13:41:06.553,0.426024,-0.5246,0.79788,2.765,-5.18,-31.64,-1.3095,-1.3725,-1.4955,0
05/22/2025 13:41:06.573,0.42212,-0.487756,0.80276,0.49,-9.73,-31.43,-1.2945,-1.362,-1.4985,0
05/22/2025 13:41:06.593,0.429684,-0.493124,0.782996,-5.145,-13.475,-31.99,-1.299,-1.3695,-1.503,0
05/22/2025 13:41:06.613,0.441152,-0.510204,0.759328,-9.345,-15.295,-32.095,-1.332,-1.3725,-1.518,0
05/22/2025 13:41:06.633,0.44042,-0.504104,0.72956,-10.78,-16.415,-30.485,-1.3575,-1.383,-1.485,0
05/22/2025 13:41:06.653,0.44652,-0.49044,0.684664,-10.115,-16.31,-28.7,-1.3395,-1.3725,-1.488,0
05/22/2025 13:41:06.673,0.4697,-0.487756,0.65758,-4.2,-13.685,-27.195,-1.3395,-1.3725,-1.488,0
05/22/2025 13:41:06.693,0.48678,-0.49532,0.643184,1.75,-10.955,-24.255,-1.3425,-1.3875,-1.485,0
05/22/2025 13:41:06.713,0.507764,-0.499956,0.635864,6.685,-8.05,-21.07,-1.353,-1.413,-1.4925,0
05/22/2025 13:41:06.733,0.524112,-0.4819,0.61976,8.575,-3.5,-15.645,-1.3515,-1.4145,-1.4625,0
05/22/2025 13:41:06.753,0.541192,-0.469456,0.627324,5.39,0.84,-12.6,-1.326,-1.4175,-1.476,0
05/22/2025 13:41:06.773,0.547048,-0.489464,0.639524,-0.77,4.06,-9.52,-1.326,-1.437,-1.473,0
05/22/2025 13:41:06.793,0.526064,-0.486536,0.645624,-3.675,6.615,-5.565,-1.3125,-1.425,-1.491,0
05/22/2025 13:41:06.813,0.511912,-0.469944,0.656604,-5.74,9.87,-1.855,-1.3305,-1.452,-1.488,0
05/22/2025 13:41:06.833,0.51118,-0.509472,0.673928,-8.155,13.405,1.995,-1.3005,-1.452,-1.4865,0
05/22/2025 13:41:06.853,0.495564,-0.50508,0.69784,-3.605,16.66,4.13,-1.29,-1.464,-1.5165,0
05/22/2025 13:41:06.873,0.493612,-0.531676,0.735172,1.855,18.13,6.09,-1.287,-1.452,-1.5285,0
05/22/2025 13:41:06.893,0.473116,-0.498004,0.74542,6.37,19.845,6.965,-1.29,-1.4445,-1.521,0
05/22/2025 13:41:06.913,0.473848,-0.508984,0.72468,1.225,20.09,7.945,-1.2795,-1.467,-1.5435,0
05/22/2025 13:41:06.933,0.484828,-0.509228,0.718092,-3.745,21.35,8.365,-1.2615,-1.4595,-1.5765,0
05/22/2025 13:41:06.953,0.485804,-0.512888,0.715408,-5.775,22.19,8.54,-1.2585,-1.4565,-1.596,0
05/22/2025 13:41:06.973,0.46848,-0.500444,0.72102,-3.64,21.945,8.785,-1.248,-1.4595,-1.611,0
05/22/2025 13:41:06.993,0.45506,-0.53802,0.74176,2.205,21.175,9.345,-1.2555,-1.464,-1.6185,0
05/22/2025 13:41:07.013,0.441396,-0.526796,0.764452,9.975,20.16,9.45,-1.2555,-1.464,-1.6185,0
05/22/2025 13:41:07.033,0.437004,-0.515816,0.772748,14.175,18.305,10.22,-1.2165,-1.449,-1.659,0
05/22/2025 13:41:07.053,0.43432,-0.49532,0.786656,16.59,14.945,10.745,-1.236,-1.4295,-1.6755,0
05/22/2025 13:41:07.073,0.407724,-0.475556,0.802272,15.12,12.39,12.18,-1.224,-1.4295,-1.671,0
05/22/2025 13:41:07.093,0.406016,-0.484096,0.815692,10.185,8.47,13.02,-1.239,-1.4325,-1.6755,0
05/22/2025 13:41:07.113,0.395768,-0.489708,0.816912,8.505,4.585,14.385,-1.221,-1.437,-1.6965,0
05/22/2025 13:41:07.133,0.393816,-0.483364,0.804224,7.56,0.945,15.4,-1.239,-1.4295,-1.6755,0
05/22/2025 13:41:07.153,0.400404,-0.482144,0.781044,6.405,-1.155,16.835,-1.2255,-1.4325,-1.6935,0
05/22/2025 13:41:07.173,0.40992,-0.457256,0.76006,6.02,-1.855,17.36,-1.206,-1.419,-1.674,0
05/22/2025 13:41:07.193,0.404064,-0.475068,0.757864,0.77,-2.275,17.78,-1.215,-1.3995,-1.6965,0
05/22/2025 13:41:07.213,0.4026,-0.526064,0.751276,-3.255,-3.465,17.78,-1.2315,-1.425,-1.674,0
05/22/2025 13:41:07.233,0.390644,-0.527284,0.76372,0.14,-3.29,18.165,-1.2255,-1.407,-1.698,0
05/22/2025 13:41:07.253,0.38064,-0.54046,0.769088,2.275,-4.69,18.55,-1.218,-1.377,-1.674,0
05/22/2025 13:41:07.273,0.381372,-0.538752,0.757376,4.095,-7.21,18.55,-1.218,-1.377,-1.674,0
05/22/2025 13:41:07.293,0.391376,-0.536312,0.753716,3.43,-8.015,18.27,-1.218,-1.377,-1.674,0
05/22/2025 13:41:07.313,0.401624,-0.540948,0.757864,4.305,-7.42,17.675,-1.2165,-1.419,-1.671,0
05/22/2025 13:41:07.333,0.395768,-0.529724,0.761036,3.92,-7.385,16.87,-1.2165,-1.389,-1.656,0
05/22/2025 13:41:07.353,0.396744,-0.539484,0.753716,1.54,-7.21,16.135,-1.2105,-1.389,-1.671,0
05/22/2025 13:41:07.373,0.392596,-0.534116,0.741516,-0.91,-6.51,16.135,-1.2435,-1.38,-1.6635,0
05/22/2025 13:41:07.393,0.393328,-0.533628,0.734684,-2.275,-5.635,16.52,-1.218,-1.3695,-1.674,0
05/22/2025 13:41:07.413,0.393328,-0.5368,0.73566,-1.82,-3.64,16.555,-1.2705,-1.3575,-1.668,0
05/22/2025 13:41:07.433,0.3965,-0.547536,0.735904,-1.575,-1.715,16.485,-1.2615,-1.368,-1.665,0
05/22/2025 13:41:07.453,0.382836,-0.55022,0.731268,0.245,0.525,16.765,-1.2585,-1.3575,-1.6725,0
05/22/2025 13:41:07.473,0.366488,-0.547292,0.727608,0.875,1.68,16.66,-1.2555,-1.353,-1.668,0
05/22/2025 13:41:07.493,0.35014,-0.568032,0.727852,1.33,3.045,17.395,-1.2735,-1.3455,-1.6695,0
05/22/2025 13:41:07.513,0.342088,-0.55632,0.732244,4.69,4.585,18.515,-1.2405,-1.35,-1.656,0
05/22/2025 13:41:07.533,0.339648,-0.553392,0.730048,8.96,6.09,20.125,-1.2585,-1.3155,-1.6455,0
05/22/2025 13:41:07.553,0.343308,-0.551684,0.727852,14.49,6.825,20.44,-1.281,-1.32,-1.6275,0
05/22/2025 13:41:07.573,0.349408,-0.540704,0.74298,21.14,7.805,19.915,-1.284,-1.2855,-1.617,0
05/22/2025 13:41:07.593,0.352092,-0.528748,0.76494,25.725,7.945,18.41,-1.2885,-1.3005,-1.6125,0
05/22/2025 13:41:07.613,0.341356,-0.517036,0.772992,22.89,7.455,16.205,-1.2885,-1.2975,-1.6245,0
05/22/2025 13:41:07.633,0.328424,-0.528748,0.778116,15.96,7.665,12.6,-1.2885,-1.2975,-1.6245,0
05/22/2025 13:41:07.653,0.316956,-0.546316,0.813496,10.885,7.77,8.68,-1.266,-1.263,-1.6125,0
05/22/2025 13:41:07.673,0.312076,-0.585356,0.854244,7.245,6.23,3.5,-1.2945,-1.3005,-1.5975,0
05/22/2025 13:41:07.693,0.313784,-0.587552,0.866932,6.44,2.17,-1.575,-1.2435,-1.2825,-1.6035,0
05/22/2025 13:41:07.713,0.318664,-0.559248,0.824476,3.99,-2.73,-7.175,-1.254,-1.3125,-1.593,0
05/22/2025 13:41:07.733,0.335744,-0.5368,0.796172,-0.455,-5.565,-11.585,-1.2825,-1.308,-1.5675,0
05/22/2025 13:41:07.753,0.344284,-0.51972,0.778604,-3.15,-5.705,-14.035,-1.275,-1.3095,-1.5585,0
05/22/2025 13:41:07.773,0.348188,-0.517036,0.775676,-3.815,-5.635,-15.085,-1.2975,-1.32,-1.5795,0
05/22/2025 13:41:07.793,0.345992,-0.502884,0.759816,-0.385,-4.13,-14.805,-1.275,-1.32,-1.578,0
05/22/2025 13:41:07.813,0.354776,-0.500932,0.75762,3.605,0.35,-13.825,-1.2825,-1.3455,-1.5855,0
05/22/2025 13:41:07.833,0.380884,-0.519476,0.761524,2.905,1.82,-14.21,-1.2525,-1.3515,-1.5585,0
05/22/2025 13:41:07.853,0.402112,-0.54412,0.77104,3.815,1.61,-15.61,-1.2675,-1.3425,-1.566,0
05/22/2025 13:41:07.873,0.40138,-0.541436,0.798368,6.335,0.945,-17.78,-1.278,-1.3575,-1.563,0
05/22/2025 13:41:07.893,0.388692,-0.51606,0.809104,5.81,-0.42,-21.385,-1.293,-1.38,-1.5555,0
05/22/2025 13:41:07.913,0.372588,-0.5063,0.786412,-2.8,-0.49,-25.305,-1.3065,-1.4025,-1.5675,0
05/22/2025 13:41:07.933,0.369416,-0.530456,0.766892,-14.735,1.47,-28.665,-1.269,-1.3995,-1.551,0
05/22/2025 13:41:07.953,0.345992,-0.521916,0.74542,-20.23,5.6,-30.485,-1.263,-1.38,-1.5615,0
05/22/2025 13:41:07.973,0.337452,-0.519476,0.745908,-20.545,8.96,-30.975,-1.2705,-1.3845,-1.5855,0
05/22/2025 13:41:07.993,0.327692,-0.508008,0.745664,-17.15,12.915,-30.625,-1.281,-1.3875,-1.578,0
05/22/2025 13:41:08.013,0.336232,-0.520208,0.754448,-14.21,14.63,-29.68,-1.2885,-1.392,-1.578,0
05/22/2025 13:41:08.033,0.359656,-0.514352,0.770796,-9.835,14.945,-28.56,-1.314,-1.4205,-1.5855,0
05/22/2025 13:41:08.053,0.371856,-0.505568,0.787144,-7.14,14.665,-27.545,-1.2885,-1.437,-1.596,0
05/22/2025 13:41:08.073,0.3904,-0.502152,0.807396,-5.775,13.125,-26.495,-1.308,-1.413,-1.6005,0
05/22/2025 13:41:08.093,0.404796,-0.503372,0.811544,-5.6,10.99,-26.705,-1.2525,-1.4295,-1.6215,0
05/22/2025 13:41:08.113,0.403576,-0.490196,0.815204,-5.6,8.365,-27.09,-1.248,-1.4295,-1.5885,0
05/22/2025 13:41:08.133,0.399672,-0.50264,0.82228,-5.425,5.005,-27.16,-1.227,-1.4265,-1.629,0
05/22/2025 13:41:08.153,0.386008,-0.491904,0.8235,-6.055,1.155,-26.74,-1.2495,-1.4415,-1.629,0
05/22/2025 13:41:08.173,0.38552,-0.474336,0.818132,-7.525,-2.345,-25.69,-1.233,-1.449,-1.617,0
05/22/2025 13:41:08.193,0.39772,-0.46238,0.816668,-8.855,-4.725,-24.36,-1.233,-1.4565,-1.617,0
05/22/2025 13:41:08.213,0.402844,-0.460916,0.8174,-10.64,-6.755,-23.03,-1.2075,-1.4685,-1.617,0
05/22/2025 13:41:08.233,0.421388,-0.452132,0.812764,-15.19,-8.33,-21.49,-1.2075,-1.476,-1.644,0
05/22/2025 13:41:08.253,0.430904,-0.449936,0.806664,-21.175,-10.185,-20.125,-1.2,-1.4715,-1.6275,0
05/22/2025 13:41:08.273,0.43676,-0.467992,0.787632,-25.13,-11.375,-18.725,-1.2045,-1.479,-1.65,0
05/22/2025 13:41:08.293,0.43798,-0.465308,0.76128,-24.115,-12.425,-17.85,-1.2165,-1.479,-1.662,0
05/22/2025 13:41:08.313,0.447008,-0.475556,0.746396,-22.75,-12.53,-17.29,-1.2045,-1.4535,-1.6545,0
05/22/2025 13:41:08.333,0.445056,-0.487268,0.699548,-21.665,-10.64,-16.66,-1.197,-1.464,-1.6695,0
05/22/2025 13:41:08.353,0.453596,-0.504592,0.683932,-21.98,-8.505,-15.82,-1.197,-1.464,-1.6695,0
05/22/2025 13:41:08.373,0.460672,-0.53436,0.688568,-19.775,-5.67,-14.98,-1.1985,-1.4565,-1.704,0
05/22/2025 13:41:08.393,0.460672,-0.518012,0.686372,-17.64,-3.395,-14.315,-1.206,-1.4715,-1.707,0
05/22/2025 13:41:08.413,0.460184,-0.532652,0.6893,-16.38,-1.995,-13.86,-1.206,-1.464,-1.7115,0
05/22/2025 13:41:08.433,0.459452,-0.528016,0.699548,-15.085,-0.245,-12.95,-1.215,-1.422,-1.7085,0
05/22/2025 13:41:08.453,0.469456,-0.523136,0.713212,-16.59,0.7,-12.845,-1.2075,-1.4265,-1.7085,0
05/22/2025 13:41:08.473,0.459696,-0.533628,0.715896,-19.075,1.295,-12.32,-1.2255,-1.4325,-1.713,0
05/22/2025 13:41:08.493,0.459696,-0.529724,0.711748,-19.495,1.575,-11.655,-1.236,-1.4595,-1.701,0
05/22/2025 13:41:08.513,0.46604,-0.540216,0.70638,-18.655,1.575,-10.815,-1.2225,-1.4445,-1.7235,0
05/22/2025 13:41:08.533,0.460916,-0.522648,0.716384,-14.875,2.03,-9.66,-1.23,-1.44,-1.7355,0
05/22/2025 13:41:08.553,0.469212,-0.508008,0.7198,-14.07,1.96,-8.68,-1.218,-1.4295,-1.716,0
05/22/2025 13:41:08.573,0.46604,-0.5185,0.709552,-14.77,2.345,-7.98,-1.203,-1.434,-1.7085,0
05/22/2025 13:41:08.593,0.474824,-0.515328,0.708088,-14.245,2.59,-7.84,-1.2,-1.419,-1.7085,0
05/22/2025 13:41:08.613,0.472628,-0.529968,0.713456,-13.195,2.485,-7.665,-1.2,-1.419,-1.7085,0
05/22/2025 13:41:08.633,0.471164,-0.54046,0.704184,-12.495,1.89,-7.455,-1.2,-1.419,-1.7085,0
05/22/2025 13:41:08.653,0.47214,-0.547536,0.691496,-12.915,1.19,-6.72,-1.212,-1.3845,-1.716,0
05/22/2025 13:41:08.673,0.472872,-0.540216,0.680028,-12.845,0.63,-6.055,-1.2105,-1.3995,-1.701,0
05/22/2025 13:41:08.693,0.470188,-0.552172,0.664412,-11.235,0.63,-5.46,-1.2105,-1.4115,-1.6965,0
05/22/2025 13:41:08.713,0.478728,-0.56974,0.671244,-6.685,1.12,-5.355,-1.188,-1.4115,-1.707,0
05/22/2025 13:41:08.733,0.480924,-0.566812,0.674904,-0.56,1.365,-5.25,-1.2105,-1.4175,-1.7235,0
05/22/2025 13:41:08.753,0.483364,-0.550708,0.684176,2.625,1.435,-4.62,-1.2045,-1.395,-1.7115,0
05/22/2025 13:41:08.773,0.478484,-0.542168,0.67954,0.84,1.785,-4.095,-1.182,-1.3845,-1.7265,0
05/22/2025 13:41:08.793,0.477508,-0.532896,0.678076,-1.225,2.45,-4.9,-1.2105,-1.4295,-1.6935,0
05/22/2025 13:41:08.813,0.482632,-0.538264,0.68564,-2.905,3.71,-5.215,-1.23,-1.4175,-1.7235,0
05/22/2025 13:41:08.833,0.484096,-0.554612,0.690764,-3.465,4.06,-4.97,-1.2225,-1.4295,-1.7235,0
05/22/2025 13:41:08.853,0.479704,-0.543144,0.684176,-1.54,4.375,-4.83,-1.23,-1.425,-1.7235,0
05/22/2025 13:41:08.873,0.472628,-0.540704,0.690276,-1.96,4.095,-4.2,-1.218,-1.4475,-1.7265,0
05/22/2025 13:41:08.893,0.477508,-0.537532,0.691008,-1.785,3.99,-3.78,-1.218,-1.4475,-1.7265,0
05/22/2025 13:41:08.913,0.47824,-0.546316,0.69174,0.175,3.745,-3.43,-1.2075,-1.419,-1.7115,0
05/22/2025 13:41:08.933,0.477508,-0.53192,0.695644,1.4,3.29,-3.395,-1.2555,-1.4025,-1.695,0
05/22/2025 13:41:08.953,0.4758,-0.552416,0.697352,0.98,2.485,-3.01,-1.254,-1.4145,-1.6785,0
05/22/2025 13:41:08.973,0.478972,-0.546316,0.698816,2.59,2.415,-2.415,-1.284,-1.41,-1.692,0
05/22/2025 13:41:08.993,0.471652,-0.544608,0.69784,3.43,2.45,-2.065,-1.269,-1.425,-1.653,0
05/22/2025 13:41:09.013,0.47092,-0.537532,0.696864,3.57,2.59,-1.855,-1.257,-1.425,-1.6485,0
05/22/2025 13:41:09.033,0.476532,-0.53802,0.691496,4.095,2.205,-1.47,-1.257,-1.425,-1.6485,0
05/22/2025 13:41:09.053,0.480436,-0.5368,0.688812,3.78,2.17,-1.015,-1.254,-1.4325,-1.656,0
05/22/2025 13:41:09.073,0.486292,-0.54656,0.686616,4.41,2.38,-0.49,-1.2825,-1.4475,-1.6575,0
05/22/2025 13:41:09.093,0.484828,-0.542412,0.692472,5.985,2.835,-0.035,-1.2495,-1.449,-1.6335,0
05/22/2025 13:41:09.113,0.48068,-0.536312,0.692472,6.3,2.625,0.42,-1.2645,-1.422,-1.638,0
05/22/2025 13:41:09.133,0.479704,-0.54046,0.695644,7.035,2.52,0.84,-1.26,-1.449,-1.611,0
05/22/2025 13:41:09.153,0.474092,-0.527284,0.701988,9.135,2.555,1.68,-1.278,-1.44,-1.6305,0
05/22/2025 13:41:09.173,0.470188,-0.513864,0.713212,10.08,2.24,2.065,-1.2375,-1.4715,-1.6245,0
05/22/2025 13:41:09.193,0.468724,-0.532408,0.719068,9.205,2.415,2.03,-1.2555,-1.464,-1.626,0
05/22/2025 13:41:09.213,0.469456,-0.523624,0.719068,10.395,2.625,2.695,-1.2555,-1.449,-1.626,0
05/22/2025 13:41:09.233,0.462868,-0.523624,0.719312,10.99,2.1,2.87,-1.2585,-1.464,-1.614,0
05/22/2025 13:41:09.253,0.454816,-0.5246,0.721996,11.34,1.75,3.535,-1.2705,-1.4595,-1.638,0
05/22/2025 13:41:09.273,0.45872,-0.514352,0.725168,11.865,1.295,4.165,-1.2525,-1.482,-1.6335,0
05/22/2025 13:41:09.293,0.45994,-0.505568,0.728828,11.235,1.12,4.83,-1.2375,-1.4895,-1.632,0
05/22/2025 13:41:09.313,0.460916,-0.499468,0.728096,10.99,1.47,5.11,-1.2255,-1.467,-1.629,0
05/22/2025 13:41:09.333,0.463844,-0.498492,0.740052,10.815,1.785,5.18,-1.248,-1.494,-1.629,0
05/22/2025 13:41:09.353,0.467016,-0.498492,0.743224,9.24,1.33,5.145,-1.2405,-1.4895,-1.644,0
05/22/2025 13:41:09.373,0.466284,-0.50508,0.747372,7.245,0.7,5.25,-1.263,-1.4595,-1.638,0
05/22/2025 13:41:09.393,0.465064,-0.508984,0.735416,6.055,-0.175,5.775,-1.275,-1.4625,-1.638,0
05/22/2025 13:41:09.413,0.471896,-0.501176,0.73322,5.635,0.245,7.245,-1.245,-1.4865,-1.6485,0
05/22/2025 13:41:09.433,0.4697,-0.504836,0.727608,5.11,-0.105,7.98,-1.245,-1.4865,-1.6485,0
05/22/2025 13:41:09.453,0.461404,-0.492636,0.722972,5.81,-0.245,8.68,-1.2525,-1.4715,-1.6515,0
05/22/2025 13:41:09.473,0.455792,-0.503372,0.720532,7.21,-0.49,9.345,-1.245,-1.4565,-1.6215,0
05/22/2025 13:41:09.493,0.455792,-0.51484,0.740296,10.115,-0.49,10.15,-1.23,-1.467,-1.6365,0
05/22/2025 13:41:09.513,0.44408,-0.504348,0.749324,12.74,-0.105,10.5,-1.2375,-1.4565,-1.6365,0
05/22/2025 13:41:09.533,0.442372,-0.497028,0.752984,13.3,0.07,10.675,-1.245,-1.4715,-1.641,0
05/22/2025 13:41:09.553,0.432368,-0.497272,0.752496,12.32,0.21,10.675,-1.23,-1.467,-1.6485,0
05/22/2025 13:41:09.573,0.43066,-0.477996,0.750788,12.145,0.665,10.64,-1.2225,-1.4745,-1.6365,0
05/22/2025 13:41:09.593,0.426024,-0.478728,0.749812,9.485,0.945,10.01,-1.23,-1.4745,-1.6515,0
05/22/2025 13:41:09.613,0.42822,-0.485072,0.757132,7.175,0.945,9.625,-1.194,-1.479,-1.6575,0
05/22/2025 13:41:09.633,0.433344,-0.482144,0.754936,4.725,0.875,9.1,-1.179,-1.479,-1.6995,0
05/22/2025 13:41:09.653,0.438468,-0.494832,0.746396,1.085,0.525,8.925,-1.1715,-1.4715,-1.692,0
05/22/2025 13:41:09.673,0.443348,-0.51118,0.751276,1.54,0.28,9.45,-1.1715,-1.491,-1.6995,0
05/22/2025 13:41:09.693,0.437736,-0.504836,0.746396,4.41,0.07,10.43,-1.1715,-1.491,-1.6995,0
05/22/2025 13:41:09.713,0.434564,-0.498248,0.749324,5.425,0.14,10.955,-1.191,-1.4745,-1.7145,0
05/22/2025 13:41:09.733,0.438224,-0.49532,0.748836,4.97,0.07,11.445,-1.1805,-1.4595,-1.7415,0
05/22/2025 13:41:09.753,0.433588,-0.488732,0.752008,4.235,-0.35,11.935,-1.173,-1.4685,-1.707,0
05/22/2025 13:41:09.773,0.438468,-0.492636,0.754692,3.395,-0.455,12.355,-1.173,-1.491,-1.7325,0
05/22/2025 13:41:09.793,0.431148,-0.491904,0.758596,2.17,-0.525,12.67,-1.1745,-1.4745,-1.7595,0
05/22/2025 13:41:09.813,0.427488,-0.5063,0.74786,2.03,-0.805,12.985,-1.164,-1.452,-1.7565,0
05/22/2025 13:41:09.833,0.419924,-0.507764,0.745908,3.535,-0.84,13.335,-1.1925,-1.4715,-1.749,0
05/22/2025 13:41:09.853,0.415776,-0.50752,0.755912,5.53,-0.875,13.86,-1.185,-1.4595,-1.761,0
05/22/2025 13:41:09.873,0.412604,-0.504836,0.76128,6.86,-0.945,14.28,-1.2015,-1.4325,-1.7685,0
05/22/2025 13:41:09.893,0.406504,-0.509716,0.7625,7.175,-1.015,14.805,-1.2105,-1.4715,-1.719,0
05/22/2025 13:41:09.913,0.406504,-0.500932,0.75762,7.63,-1.015,15.05,-1.203,-1.449,-1.731,0
05/22/2025 13:41:09.933,0.404552,-0.501176,0.757864,6.195,-1.085,14.98,-1.215,-1.44,-1.7385,0
05/22/2025 13:41:09.953,0.4026,-0.522404,0.772748,5.495,-1.365,14.77,-1.182,-1.434,-1.7535,0
05/22/2025 13:41:09.973,0.396256,-0.510692,0.770796,6.545,-2.52,14.595,-1.203,-1.422,-1.7265,0
05/22/2025 13:41:09.993,0.399184,-0.505812,0.77104,5.705,-3.745,14.455,-1.1955,-1.422,-1.719,0
05/22/2025 13:41:10.013,0.397964,-0.49654,0.765184,5.11,-3.535,14.595,-1.2195,-1.407,-1.731,0
05/22/2025 13:41:10.033,0.401868,-0.489952,0.757864,3.605,-2.31,14.42,-1.215,-1.4175,-1.7355,0
05/22/2025 13:41:10.053,0.399672,-0.491904,0.766648,1.575,-1.365,14.35,-1.2405,-1.4295,-1.74,0
05/22/2025 13:41:10.073,0.398208,-0.511424,0.76006,-0.245,-1.61,14.525,-1.2,-1.4145,-1.7235,0
05/22/2025 13:41:10.093,0.396012,-0.508008,0.770552,-0.63,-1.645,14.945,-1.17,-1.431,-1.707,0
05/22/2025 13:41:10.113,0.38552,-0.533628,0.764452,-1.715,-1.995,15.47,-1.185,-1.419,-1.7415,0
05/22/2025 13:41:10.133,0.384788,-0.529968,0.768356,1.295,-2.905,16.52,-1.1925,-1.389,-1.716,0
05/22/2025 13:41:10.153,0.382836,-0.526308,0.763232,3.36,-3.92,17.325,-1.2105,-1.425,-1.7235,0
05/22/2025 13:41:10.173,0.382104,-0.534116,0.769088,4.2,-5.145,17.57,-1.215,-1.4025,-1.713,0
05/22/2025 13:41:10.193,0.37576,-0.535092,0.764452,4.69,-6.51,17.815,-1.2255,-1.395,-1.701,0
05/22/2025 13:41:10.213,0.367708,-0.539972,0.772748,8.19,-8.05,18.585,-1.2405,-1.4175,-1.7205,0
05/22/2025 13:41:10.233,0.36478,-0.514596,0.770552,7.595,-7.77,18.69,-1.2405,-1.4175,-1.7205,0
05/22/2025 13:41:10.253,0.368684,-0.515328,0.754692,5.565,-6.755,18.865,-1.2405,-1.392,-1.686,0
05/22/2025 13:41:10.273,0.372832,-0.519232,0.756888,6.51,-5.67,19.39,-1.2735,-1.383,-1.68,0
05/22/2025 13:41:10.293,0.376004,-0.52582,0.753716,7.385,-4.165,19.425,-1.2705,-1.3455,-1.68,0
05/22/2025 13:41:10.313,0.3782,-0.528748,0.760792,7.595,-3.465,19.565,-1.299,-1.353,-1.6695,0
05/22/2025 13:41:10.333,0.377712,-0.53802,0.761768,9.135,-3.185,19.425,-1.3065,-1.353,-1.635,0
05/22/2025 13:41:10.353,0.37088,-0.534848,0.7625,9.975,-3.325,19.145,-1.281,-1.353,-1.6425,0
05/22/2025 13:41:10.373,0.36356,-0.530212,0.767868,9.38,-3.43,18.48,-1.266,-1.3305,-1.635,0
05/22/2025 13:41:10.393,0.359412,-0.546804,0.7747,6.51,-3.99,17.43,-1.2675,-1.3575,-1.6005,0
05/22/2025 13:41:10.413,0.35624,-0.545828,0.776896,5.6,-4.585,15.785,-1.2765,-1.335,-1.6125,0
05/22/2025 13:41:10.433,0.350628,-0.542168,0.773236,5.18,-4.62,14.07,-1.2765,-1.335,-1.6125,0
05/22/2025 13:41:10.453,0.340868,-0.55022,0.77226,3.605,-4.62,12.04,-1.2945,-1.305,-1.6095,0
05/22/2025 13:41:10.473,0.342332,-0.557052,0.768112,3.395,-4.725,10.045,-1.2765,-1.3275,-1.605,0
05/22/2025 13:41:10.493,0.33672,-0.554612,0.769332,4.76,-3.99,7,-1.287,-1.32,-1.5975,0
05/22/2025 13:41:10.513,0.344528,-0.549976,0.752252,4.34,-2.66,5.075,-1.3155,-1.3275,-1.575,0
05/22/2025 13:41:10.533,0.356728,-0.54168,0.75274,4.655,-0.7,2.975,-1.272,-1.3395,-1.5705,0
05/22/2025 13:41:10.553,0.37088,-0.542656,0.764696,2.66,1.855,0.455,-1.2705,-1.3395,-1.566,0
05/22/2025 13:41:10.573,0.379176,-0.550952,0.781044,0.07,3.08,-2.835,-1.2975,-1.3425,-1.5825,0
05/22/2025 13:41:10.593,0.38308,-0.545584,0.780556,-3.85,3.08,-6.65,-1.2675,-1.3245,-1.5735,0
05/22/2025 13:41:10.613,0.375272,-0.543632,0.773968,-8.645,3.045,-9.87,-1.3005,-1.32,-1.5675,0
05/22/2025 13:41:10.633,0.361364,-0.534116,0.765184,-14.105,3.15,-12.74,-1.2855,-1.3395,-1.563,0
05/22/2025 13:41:10.653,0.35624,-0.544608,0.761036,-17.22,3.675,-14.315,-1.308,-1.3755,-1.5675,0
05/22/2025 13:41:10.673,0.346724,-0.546072,0.756644,-17.64,3.885,-14.91,-1.2945,-1.368,-1.605,0
05/22/2025 13:41:10.693,0.346724,-0.552416,0.75396,-14.665,3.29,-14.35,-1.272,-1.335,-1.5705,0
05/22/2025 13:41:10.713,0.342088,-0.541192,0.7564,-10.325,2.135,-13.265,-1.26,-1.3275,-1.5705,0
05/22/2025 13:41:10.733,0.33916,-0.533384,0.757132,-4.55,1.785,-11.725,-1.2675,-1.35,-1.5885,0
05/22/2025 13:41:10.753,0.35746,-0.519964,0.777872,1.19,0.875,-9.73,-1.2825,-1.35,-1.59,0
05/22/2025 13:41:10.773,0.37454,-0.509228,0.784704,3.815,0.175,-9.135,-1.2825,-1.35,-1.59,0
05/22/2025 13:41:10.793,0.3843,-0.519476,0.781288,3.185,-0.84,-8.54,-1.287,-1.3605,-1.5975,0
05/22/2025 13:41:10.813,0.391132,-0.526796,0.776652,2.45,-2.205,-8.05,-1.2975,-1.3575,-1.5975,0
05/22/2025 13:41:10.833,0.387472,-0.532896,0.769576,2.765,-3.465,-7.07,-1.275,-1.35,-1.566,0
05/22/2025 13:41:10.853,0.386984,-0.532652,0.759572,2.38,-3.85,-6.545,-1.2975,-1.365,-1.593,0
05/22/2025 13:41:10.873,0.383324,-0.521916,0.762988,2.975,-3.43,-5.985,-1.2705,-1.35,-1.5735,0
05/22/2025 13:41:10.893,0.3843,-0.517036,0.743712,0.42,-2.135,-5.915,-1.245,-1.359,-1.5735,0
05/22/2025 13:41:10.913,0.382348,-0.524844,0.744444,-1.33,-0.77,-5.67,-1.26,-1.3695,-1.5855,0
05/22/2025 13:41:10.933,0.386008,-0.527772,0.745664,-2.625,0.455,-6.16,-1.2675,-1.3695,-1.593,0
05/22/2025 13:41:10.953,0.38552,-0.548268,0.753472,-2.975,0.945,-6.65,-1.245,-1.3695,-1.569,0
05/22/2025 13:41:10.973,0.380396,-0.552172,0.753472,-1.75,1.05,-6.895,-1.2555,-1.377,-1.581,0
05/22/2025 13:41:10.993,0.37576,-0.536556,0.748592,-0.84,1.295,-7.105,-1.224,-1.389,-1.614,0
05/22/2025 13:41:11.013,0.374052,-0.526064,0.7503,-3.115,1.96,-7.63,-1.2375,-1.392,-1.6065,0
05/22/2025 13:41:11.033,0.378444,-0.527772,0.758108,-6.86,3.745,-7.98,-1.2375,-1.392,-1.6065,0
05/22/2025 13:41:11.053,0.381372,-0.519476,0.75396,-8.96,5.285,-8.085,-1.2375,-1.392,-1.6065,0
05/22/2025 13:41:11.073,0.383812,-0.515572,0.746152,-9.59,6.755,-8.085,-1.221,-1.3965,-1.644,0
05/22/2025 13:41:11.093,0.390156,-0.517524,0.757864,-8.61,7.49,-8.015,-1.2105,-1.389,-1.6665,0
05/22/2025 13:41:11.113,0.396256,-0.521916,0.767868,-7.91,7.7,-8.015,-1.188,-1.422,-1.689,0
05/22/2025 13:41:11.133,0.399184,-0.528016,0.756156,-7.84,9.03,-7.525,-1.1925,-1.404,-1.7115,0
05/22/2025 13:41:11.153,0.399916,-0.525576,0.75762,-7.245,10.01,-7.28,-1.2075,-1.3845,-1.7085,0
05/22/2025 13:41:11.173,0.389912,-0.51728,0.755424,-7.56,10.15,-6.72,-1.2,-1.404,-1.719,0
05/22/2025 13:41:11.193,0.384056,-0.516792,0.772992,-9.485,8.995,-5.88,-1.1925,-1.3845,-1.719,0
05/22/2025 13:41:11.213,0.382348,-0.54046,0.748592,-10.115,9.1,-5.39,-1.2015,-1.3575,-1.7235,0
05/22/2025 13:41:11.233,0.38186,-0.514108,0.761036,-7.35,9.065,-4.585,-1.2015,-1.3725,-1.746,0
05/22/2025 13:41:11.253,0.382592,-0.542412,0.765184,-9.66,7.805,-4.76,-1.206,-1.38,-1.761,0
05/22/2025 13:41:11.273,0.373808,-0.535336,0.763964,-9.345,7.21,-4.305,-1.197,-1.3845,-1.7505,0
05/22/2025 13:41:11.293,0.367952,-0.556564,0.760548,-9.205,4.76,-4.62,-1.194,-1.3725,-1.743,0
05/22/2025 13:41:11.313,0.37332,-0.548268,0.761524,-8.505,3.885,-4.445,-1.194,-1.3725,-1.743,0
05/22/2025 13:41:11.333,0.365268,-0.540704,0.7503,-9.275,4.795,-4.34,-1.1655,-1.3695,-1.761,0
05/22/2025 13:41:11.353,0.369416,-0.536556,0.755668,-11.69,5.215,-4.83,-1.1685,-1.347,-1.7385,0
05/22/2025 13:41:11.373,0.35624,-0.559248,0.757132,-13.895,4.9,-5.46,-1.1685,-1.347,-1.7385,0
05/22/2025 13:41:11.393,0.355752,-0.565104,0.761036,-13.16,3.99,-5.81,-1.1865,-1.3575,-1.7385,0
05/22/2025 13:41:11.413,0.353312,-0.569496,0.752008,-13.23,2.73,-5.775,-1.176,-1.332,-1.746,0
05/22/2025 13:41:11.433,0.3599,-0.571692,0.736148,-13.825,1.645,-5.6,-1.191,-1.3275,-1.7505,0
05/22/2025 13:41:11.453,0.368684,-0.57096,0.728096,-13.475,1.05,-5.6,-1.1715,-1.359,-1.749,0
05/22/2025 13:41:11.473,0.371612,-0.5856,0.725656,-12.39,-0.175,-5.32,-1.1535,-1.359,-1.7295,0
05/22/2025 13:41:11.493,0.368684,-0.579744,0.732732,-10.29,-1.155,-5.39,-1.1565,-1.347,-1.7145,0
05/22/2025 13:41:11.513,0.371612,-0.586088,0.73078,-8.33,-2.73,-4.69,-1.1835,-1.35,-1.746,0
05/22/2025 13:41:11.533,0.374052,-0.599508,0.722728,-6.335,-4.305,-4.165,-1.194,-1.347,-1.7385,0
05/22/2025 13:41:11.553,0.380396,-0.577792,0.69906,-2.52,-5.705,-3.71,-1.1715,-1.359,-1.731,0
05/22/2025 13:41:11.573,0.396256,-0.549,0.68442,1.785,-5.145,-2.59,-1.1685,-1.3395,-1.761,0
05/22/2025 13:41:11.593,0.399428,-0.535092,0.7015,1.19,-2.625,-3.045,-1.2285,-1.353,-1.7625,0
05/22/2025 13:41:11.613,0.391132,-0.560956,0.734196,-2.24,0.7,-3.01,-1.2045,-1.3425,-1.7205,0
05/22/2025 13:41:11.633,0.377956,-0.577548,0.74542,-4.375,1.61,-3.85,-1.194,-1.3545,-1.731,0
05/22/2025 13:41:11.653,0.375272,-0.58926,0.740784,-5.53,1.33,-4.235,-1.2165,-1.3545,-1.728,0
05/22/2025 13:41:11.673,0.375516,-0.589992,0.72834,-5.985,0.175,-4.305,-1.245,-1.3275,-1.71,0
05/22/2025 13:41:11.693,0.378688,-0.58072,0.724192,-4.725,-0.7,-3.815,-1.245,-1.335,-1.698,0
05/22/2025 13:41:11.713,0.389424,-0.57706,0.718092,-3.08,-1.05,-3.71,-1.2495,-1.3425,-1.7025,0
05/22/2025 13:41:11.733,0.388204,-0.576084,0.711748,-1.225,-1.015,-3.57,-1.26,-1.335,-1.6995,0
05/22/2025 13:41:11.753,0.391132,-0.579744,0.7198,-0.91,-1.05,-3.255,-1.251,-1.3455,-1.668,0
05/22/2025 13:41:11.773,0.391376,-0.572424,0.724924,0.035,-0.84,-3.045,-1.263,-1.335,-1.6725,0
05/22/2025 13:41:11.793,0.397964,-0.563884,0.712236,-0.175,-0.525,-2.695,-1.266,-1.3425,-1.6455,0
05/22/2025 13:41:11.813,0.39894,-0.554856,0.72224,-0.875,0.805,-2.275,-1.266,-1.323,-1.662,0
05/22/2025 13:41:11.833,0.39528,-0.56364,0.730292,-3.57,1.715,-2.345,-1.266,-1.323,-1.662,0
05/22/2025 13:41:11.853,0.394548,-0.57706,0.715408,-4.27,1.225,-2.31,-1.2735,-1.3275,-1.6575,0
05/22/2025 13:41:11.873,0.400404,-0.586576,0.71004,-3.78,0.805,-2.065,-1.2765,-1.3305,-1.6125,0
05/22/2025 13:41:11.893,0.399428,-0.592432,0.714188,-1.645,0.315,-2.31,-1.254,-1.3575,-1.623,0
05/22/2025 13:41:11.913,0.391132,-0.602436,0.721508,0.21,-0.665,-2.17,-1.266,-1.3275,-1.623,0
05/22/2025 13:41:11.933,0.382104,-0.57706,0.72834,2.135,-1.855,-2.38,-1.2285,-1.3425,-1.614,0
05/22/2025 13:41:11.953,0.386008,-0.585112,0.730292,1.785,-2.905,-2.555,-1.2525,-1.365,-1.584,0
05/22/2025 13:41:11.973,0.383568,-0.569984,0.721508,1.995,-3.36,-3.08,-1.239,-1.3425,-1.6305,0
05/22/2025 13:41:11.993,0.388936,-0.574132,0.723948,2.065,-3.535,-3.325,-1.2465,-1.3575,-1.611,0
05/22/2025 13:41:12.013,0.398208,-0.563152,0.719068,2.8,-3.325,-3.5,-1.2495,-1.362,-1.6185,0
05/22/2025 13:41:12.033,0.406504,-0.563884,0.715896,2.94,-2.765,-3.64,-1.2375,-1.3665,-1.599,0
05/22/2025 13:41:12.053,0.406992,-0.570472,0.724924,2.03,-2.24,-3.815,-1.2525,-1.38,-1.611,0
05/22/2025 13:41:12.073,0.410652,-0.558516,0.725656,1.015,-2.275,-3.99,-1.2615,-1.3545,-1.6185,0
05/22/2025 13:41:12.093,0.413824,-0.568032,0.717604,0.77,-2.73,-4.27,-1.2345,-1.365,-1.614,0
05/22/2025 13:41:12.113,0.418948,-0.56852,0.718336,0.84,-3.29,-4.445,-1.2345,-1.365,-1.614,0
05/22/2025 13:41:12.133,0.416508,-0.57462,0.720532,0.77,-3.22,-4.375,-1.272,-1.362,-1.596,0
05/22/2025 13:41:12.153,0.422364,-0.57096,0.72712,0.245,-3.22,-4.445,-1.257,-1.377,-1.623,0
05/22/2025 13:41:12.173,0.42456,-0.560956,0.732976,-1.89,-2.8,-4.2,-1.2645,-1.3695,-1.6185,0
05/22/2025 13:41:12.193,0.457256,-0.539484,0.742492,-7.245,-1.26,-2.66,-1.254,-1.362,-1.611,0
05/22/2025 13:41:12.213,0.464332,-0.490196,0.754448,-17.36,2.485,-1.575,-1.242,-1.3695,-1.614,0
05/22/2025 13:41:12.233,0.510204,-0.520208,0.754936,-34.755,7.595,-0.525,-1.245,-1.362,-1.584,0
05/22/2025 13:41:12.253,0.525576,-0.546804,0.728828,-50.855,14.105,0.35,-1.239,-1.3275,-1.6035,0
05/22/2025 13:41:12.273,0.55266,-0.558516,0.68564,-69.755,17.99,0.56,-1.224,-1.332,-1.614,0
05/22/2025 13:41:12.293,0.550952,-0.629032,0.623664,-83.965,20.58,1.26,-1.203,-1.299,-1.6215,0
05/22/2025 13:41:12.313,0.554856,-0.63196,0.586332,-84.385,24.36,3.92,-1.2,-1.272,-1.6065,0
05/22/2025 13:41:12.333,0.55144,-0.555344,0.505568,-84.245,26.355,6.755,-1.1895,-1.2645,-1.626,0
05/22/2025 13:41:12.353,0.533628,-0.5856,0.445056,-95.27,22.365,7,-1.1745,-1.227,-1.614,0
05/22/2025 13:41:12.373,0.504592,-0.682224,0.421632,-85.68,18.445,7.945,-1.1745,-1.227,-1.614,0
05/22/2025 13:41:12.393,0.477752,-0.64294,0.446764,-63.595,16.765,4.13,-1.1745,-1.227,-1.614,0
05/22/2025 13:41:12.413,0.45018,-0.654896,0.472872,-51.975,11.305,-1.435,-1.095,-1.1385,-1.6155,0
05/22/2025 13:41:12.433,0.436028,-0.630252,0.49288,-44.485,5.915,-7.98,-1.059,-1.104,-1.6425,0
05/22/2025 13:41:12.453,0.433832,-0.632204,0.485316,-43.855,1.785,-14.525,-1.0815,-1.074,-1.6395,0
05/22/2025 13:41:12.473,0.410896,-0.641964,0.483852,-47.6,-1.26,-21.07,-1.0665,-1.0935,-1.6425,0
05/22/2025 13:41:12.493,0.406748,-0.654896,0.482144,-52.115,-4.69,-28.455,-1.074,-1.086,-1.6425,0
05/22/2025 13:41:12.513,0.396256,-0.64294,0.479704,-54.25,-8.75,-36.295,-1.044,-1.071,-1.6335,0
05/22/2025 13:41:12.533,0.399916,-0.6771,0.458232,-56.735,-13.79,-44.415,-1.056,-1.0815,-1.65,0
05/22/2025 13:41:12.553,0.408944,-0.675636,0.429928,-56.595,-19.145,-52.71,-1.0815,-1.0485,-1.605,0
05/22/2025 13:41:12.573,0.431148,-0.684908,0.398452,-54.355,-24.22,-61.215,-1.077,-1.074,-1.6275,0
05/22/2025 13:41:12.593,0.44652,-0.691496,0.382836,-49.595,-27.055,-67.375,-1.095,-1.0515,-1.587,0
05/22/2025 13:41:12.613,0.486536,-0.688812,0.374052,-44.03,-28.105,-72.275,-1.0875,-1.089,-1.59,0
05/22/2025 13:41:12.633,0.540704,-0.736392,0.350628,-36.925,-27.79,-77.595,-1.143,-1.0995,-1.602,0
05/22/2025 13:41:12.653,0.576816,-0.734196,0.35746,-33.11,-27.405,-81.9,-1.143,-1.0995,-1.602,0
05/22/2025 13:41:12.673,0.622688,-0.724924,0.342576,-31.08,-28.385,-86.03,-1.164,-1.1145,-1.5465,0
05/22/2025 13:41:12.693,0.642696,-0.710528,0.354288,-28.14,-26.53,-88.34,-1.1625,-1.152,-1.53,0
05/22/2025 13:41:12.713,0.673684,-0.702232,0.349164,-30.87,-24.605,-89.705,-1.206,-1.167,-1.509,0
05/22/2025 13:41:12.733,0.698328,-0.70638,0.336964,-35.63,-21.175,-91.35,-1.1835,-1.1895,-1.497,0
05/22/2025 13:41:12.753,0.711992,-0.692716,0.340868,-40.495,-16.205,-92.575,-1.2075,-1.212,-1.467,0
05/22/2025 13:41:12.773,0.734196,-0.691252,0.326472,-46.76,-9.38,-93.03,-1.2075,-1.212,-1.467,0
05/22/2025 13:41:12.793,0.748836,-0.687348,0.31354,-50.12,-2.065,-92.54,-1.2375,-1.2165,-1.464,0
05/22/2025 13:41:12.813,0.768356,-0.676368,0.287432,-54.74,6.44,-90.545,-1.2435,-1.2195,-1.449,0
05/22/2025 13:41:12.833,0.791048,-0.70028,0.283284,-61.495,16.905,-86.73,-1.2405,-1.239,-1.4595,0
05/22/2025 13:41:12.853,0.797148,-0.701744,0.28914,-68.635,27.02,-82.215,-1.2615,-1.272,-1.4415,0
05/22/2025 13:41:12.873,0.793732,-0.682712,0.295728,-75.46,32.69,-77.7,-1.1985,-1.2915,-1.4505,0
05/22/2025 13:41:12.893,0.798856,-0.665144,0.281332,-84.63,33.145,-71.435,-1.203,-1.3035,-1.4655,0
05/22/2025 13:41:12.913,0.782264,-0.710284,0.239608,-99.015,33.25,-63.84,-1.1955,-1.326,-1.488,0
05/22/2025 13:41:12.933,0.772748,-0.722728,0.24278,-102.025,34.09,-59.36,-1.1655,-1.341,-1.488,0
05/22/2025 13:41:12.953,0.761524,-0.717604,0.226676,-98.7,35.035,-55.58,-1.1655,-1.323,-1.4985,0
05/22/2025 13:41:12.973,0.749568,-0.728828,0.231068,-89.95,34.265,-50.505,-1.1625,-1.3305,-1.4955,0
05/22/2025 13:41:12.993,0.745176,-0.7442,0.224968,-78.33,32.97,-46.34,-1.1355,-1.35,-1.494,0
05/22/2025 13:41:13.013,0.7564,-0.738344,0.199836,-63.35,31.22,-42.805,-1.125,-1.3725,-1.5015,0
05/22/2025 13:41:13.033,0.776652,-0.697596,0.221308,-48.825,31.745,-37.765,-1.128,-1.395,-1.497,0
05/22/2025 13:41:13.053,0.787144,-0.681736,0.230092,-43.855,32.375,-31.255,-1.1025,-1.38,-1.5,0
05/22/2025 13:41:13.073,0.809104,-0.660264,0.233996,-46.165,31.815,-23.695,-1.1055,-1.3845,-1.485,0
05/22/2025 13:41:13.093,0.822036,-0.646844,0.227408,-51.415,31.255,-15.575,-1.101,-1.407,-1.4745,0
05/22/2025 13:41:13.113,0.810568,-0.6405,0.230336,-56.35,32.2,-6.51,-1.098,-1.362,-1.4745,0
05/22/2025 13:41:13.133,0.796172,-0.623664,0.223016,-59.78,31.92,2.38,-1.0575,-1.377,-1.4835,0
05/22/2025 13:41:13.153,0.784948,-0.5917,0.21472,-60.935,30.065,9.275,-1.08,-1.347,-1.47,0
05/22/2025 13:41:13.173,0.769332,-0.562176,0.1952,-59.045,25.69,13.125,-1.032,-1.344,-1.503,0
05/22/2025 13:41:13.193,0.75762,-0.5551,0.187636,-54.6,21.21,11.305,-1.032,-1.344,-1.503,0
05/22/2025 13:41:13.213,0.73566,-0.548512,0.18178,-47.74,16.485,7.665,-1.014,-1.281,-1.449,0
05/22/2025 13:41:13.233,0.724192,-0.54168,0.182024,-40.915,12.11,3.535,-1.0395,-1.257,-1.428,0
05/22/2025 13:41:13.253,0.721508,-0.545828,0.169824,-33.845,8.33,-0.63,-1.0365,-1.227,-1.431,0
05/22/2025 13:41:13.273,0.738344,-0.554368,0.186416,-26.425,5.67,-4.445,-1.0245,-1.227,-1.431,0
05/22/2025 13:41:13.293,0.74054,-0.559736,0.203984,-22.4,3.15,-7.84,-0.9915,-1.236,-1.434,0
05/22/2025 13:41:13.313,0.765672,-0.581696,0.207156,-20.265,0.91,-10.115,-1.0065,-1.221,-1.434,0
05/22/2025 13:41:13.333,0.789584,-0.584136,0.212036,-19.46,0.385,-11.06,-0.999,-1.2435,-1.4265,0
05/22/2025 13:41:13.353,0.81984,-0.604388,0.225212,-22.05,1.715,-11.165,-1.0065,-1.2285,-1.431,0
05/22/2025 13:41:13.373,0.838628,-0.614148,0.225456,-26.04,3.43,-10.465,-0.996,-1.221,-1.434,0
05/22/2025 13:41:13.393,0.85278,-0.627812,0.232288,-29.015,3.85,-10.01,-1.0095,-1.212,-1.428,0
05/22/2025 13:41:13.413,0.858392,-0.650748,0.236436,-29.015,3.185,-9.66,-0.996,-1.209,-1.4265,0
05/22/2025 13:41:13.433,0.845948,-0.646844,0.248636,-24.85,1.89,-8.75,-0.984,-1.2135,-1.422,0
05/22/2025 13:41:13.453,0.838872,-0.629032,0.251808,-18.2,-0.98,-6.055,-0.984,-1.2135,-1.422,0
05/22/2025 13:41:13.473,0.829112,-0.622932,0.268888,-14.42,-1.785,-3.395,-0.984,-1.2135,-1.422,0
05/22/2025 13:41:13.493,0.820328,-0.607316,0.2623,-9.905,-2.625,-1.225,-0.981,-1.2135,-1.434,0
05/22/2025 13:41:13.513,0.811544,-0.591944,0.28304,-4.27,-1.575,0.245,-0.972,-1.2405,-1.422,0
05/22/2025 13:41:13.533,0.806908,-0.583404,0.278648,-1.855,-0.77,-0.035,-0.984,-1.2135,-1.419,0
05/22/2025 13:41:13.553,0.80886,-0.561932,0.280356,0.42,-0.315,-1.54,-0.984,-1.1985,-1.4235,0
05/22/2025 13:41:13.573,0.809104,-0.569496,0.268888,0.56,0.805,-3.255,-1.0005,-1.1715,-1.431,0
05/22/2025 13:41:13.593,0.807152,-0.568276,0.256688,1.295,1.505,-5.18,-1.0035,-1.137,-1.416,0
05/22/2025 13:41:13.613,0.805444,-0.566812,0.240828,2.555,3.325,-6.685,-0.996,-1.1445,-1.4205,0
05/22/2025 13:41:13.633,0.799344,-0.575108,0.23058,3.36,5.355,-7.805,-1.011,-1.119,-1.4205,0
05/22/2025 13:41:13.653,0.79788,-0.58194,0.216184,3.605,7.175,-8.085,-1.0455,-1.11,-1.437,0
05/22/2025 13:41:13.673,0.788608,-0.5795,0.20496,3.71,9.24,-7.28,-0.9975,-1.092,-1.431,0
05/22/2025 13:41:13.693,0.780068,-0.565592,0.170556,1.89,10.535,-5.6,-1.0125,-1.0845,-1.4205,0
05/22/2025 13:41:13.713,0.78568,-0.572668,0.169824,-1.785,15.26,-2.17,-1.0095,-1.047,-1.4355,0
05/22/2025 13:41:13.733,0.810324,-0.583648,0.160796,-6.86,15.645,-0.665,-1.0095,-1.047,-1.4355,0
05/22/2025 13:41:13.753,0.823012,-0.57584,0.134688,-7.77,14.315,-0.315,-1.0095,-1.047,-1.455,0
05/22/2025 13:41:13.773,0.828136,-0.57218,0.114436,-8.925,12.775,0.07,-1.0005,-1.0125,-1.467,0
05/22/2025 13:41:13.793,0.82472,-0.565104,0.101504,-11.13,11.375,0.525,-1.0065,-1.02,-1.455,0
05/22/2025 13:41:13.813,0.811056,-0.575596,0.10736,-13.72,9.66,1.47,-1.008,-1.0125,-1.497,0
05/22/2025 13:41:13.833,0.802028,-0.581208,0.112484,-14.42,6.37,2.345,-1.0035,-1.02,-1.482,0
05/22/2025 13:41:13.853,0.797392,-0.588528,0.106384,-11.62,2.52,2.905,-0.9975,-0.9975,-1.5165,0
05/22/2025 13:41:13.873,0.802028,-0.576084,0.099308,-6.44,-1.68,3.01,-1.005,-0.978,-1.497,0
05/22/2025 13:41:13.893,0.804712,-0.567788,0.10126,-0.63,-5.25,2.975,-0.987,-0.96,-1.512,0
05/22/2025 13:41:13.913,0.806908,-0.55998,0.102236,2.905,-8.33,2.835,-1.0005,-0.9975,-1.4925,0
05/22/2025 13:41:13.933,0.814228,-0.548268,0.115168,4.48,-10.465,2.73,-0.9945,-1.008,-1.5225,0
05/22/2025 13:41:13.953,0.805444,-0.543632,0.11468,4.585,-11.97,2.415,-1.0005,-1.0425,-1.515,0
05/22/2025 13:41:13.973,0.803492,-0.526796,0.10736,4.62,-13.09,1.54,-0.978,-1.035,-1.515,0
05/22/2025 13:41:13.993,0.80276,-0.546316,0.116876,3.675,-13.16,0.28,-1.0095,-1.0425,-1.539,0
05/22/2025 13:41:14.013,0.823988,-0.540704,0.125172,4.165,-13.37,-1.015,-1.0155,-1.0275,-1.524,0
05/22/2025 13:41:14.033,0.834724,-0.549488,0.13298,5.32,-13.265,-1.995,-1.0155,-1.0275,-1.494,0
05/22/2025 13:41:14.053,0.845948,-0.541924,0.130784,5.495,-13.405,-2.38,-1.0245,-1.0185,-1.536,0
05/22/2025 13:41:14.073,0.853268,-0.553636,0.134444,4.48,-13.265,-1.645,-1.026,-1.0605,-1.5165,0
05/22/2025 13:41:14.093,0.854244,-0.545828,0.13176,3.605,-12.985,-0.35,-1.008,-1.05,-1.5075,0
05/22/2025 13:41:14.113,0.852536,-0.535336,0.12932,2.975,-12.6,0.945,-1.0335,-1.0455,-1.494,0
05/22/2025 13:41:14.133,0.863516,-0.540704,0.131028,1.645,-11.48,1.26,-1.0485,-1.0575,-1.506,0
05/22/2025 13:41:14.153,0.864492,-0.53436,0.127612,2.17,-11.2,0.35,-1.0665,-1.0305,-1.491,0
05/22/2025 13:41:14.173,0.866688,-0.527284,0.120048,2.87,-10.85,-1.085,-1.0155,-1.023,-1.5015,0
05/22/2025 13:41:14.193,0.868884,-0.537044,0.122,2.73,-10.5,-2.485,-1.0155,-1.023,-1.5015,0
05/22/2025 13:41:14.213,0.866932,-0.538752,0.121756,2.8,-10.465,-3.465,-1.074,-1.0035,-1.4805,0
05/22/2025 13:41:14.233,0.850828,-0.54168,0.124684,3.43,-10.745,-3.85,-1.059,-1.023,-1.4835,0
05/22/2025 13:41:14.253,0.848144,-0.541192,0.117364,5.95,-11.69,-4.48,-1.044,-1.068,-1.4865,0
05/22/2025 13:41:14.273,0.844484,-0.540948,0.118828,9.1,-12.005,-5.565,-1.062,-1.113,-1.4895,0
05/22/2025 13:41:14.293,0.846192,-0.536312,0.12322,11.935,-12.11,-6.93,-1.0245,-1.1145,-1.4775,0
05/22/2025 13:41:14.313,0.845216,-0.548268,0.128344,13.825,-11.445,-8.12,-1.065,-1.1175,-1.4985,0
05/22/2025 13:41:14.333,0.85522,-0.557052,0.124196,15.785,-10.325,-8.645,-1.0425,-1.1595,-1.467,0
05/22/2025 13:41:14.353,0.85766,-0.548024,0.12322,18.48,-8.435,-8.89,-1.0305,-1.1475,-1.47,0
05/22/2025 13:41:14.373,0.866444,-0.548268,0.114924,20.545,-5.46,-8.855,-1.0665,-1.2,-1.455,0
05/22/2025 13:41:14.393,0.898896,-0.545096,0.112484,20.86,-1.68,-9.1,-1.011,-1.242,-1.4685,0
05/22/2025 13:41:14.413,0.934764,-0.559248,0.11224,19.145,2.17,-10.185,-1.0365,-1.2615,-1.4535,0
05/22/2025 13:41:14.433,0.953796,-0.542412,0.102236,18.025,5.075,-11.55,-1.044,-1.254,-1.4475,0
05/22/2025 13:41:14.453,0.928908,-0.536556,0.0915,13.825,9.135,-12.53,-1.044,-1.269,-1.458,0
05/22/2025 13:41:14.473,0.910364,-0.53924,0.092232,7.805,11.2,-11.97,-1.0455,-1.2795,-1.431,0
05/22/2025 13:41:14.493,0.897188,-0.545828,0.09076799,2.835,12.285,-9.59,-1.0395,-1.2645,-1.443,0
05/22/2025 13:41:14.513,0.904996,-0.532652,0.0793,-0.84,14.42,-5.145,-1.0155,-1.2915,-1.4235,0
05/22/2025 13:41:14.533,0.935496,-0.511668,0.059292,-3.325,15.225,-3.01,-1.0155,-1.2915,-1.4235,0
05/22/2025 13:41:14.553,0.961848,-0.498492,0.060268,-7.14,16.975,-2.31,-1.0305,-1.3065,-1.419,0
05/22/2025 13:41:14.573,0.9577,-0.466528,0.058072,-11.585,18.06,-2.94,-1.023,-1.3065,-1.431,0
05/22/2025 13:41:14.593,0.940132,-0.445788,0.050508,-18.095,17.185,-3.115,-1.011,-1.296,-1.3995,0
05/22/2025 13:41:14.613,0.904752,-0.439688,0.049044,-25.165,16.485,-2.345,-1.008,-1.3035,-1.4115,0
05/22/2025 13:41:14.633,0.865956,-0.434076,0.049532,-29.33,15.33,-0.84,-0.993,-1.263,-1.3995,0
05/22/2025 13:41:14.653,0.834724,-0.428708,0.051728,-28.105,14.035,0.245,-0.9945,-1.266,-1.407,0
05/22/2025 13:41:14.673,0.831796,-0.422852,0.061244,-22.925,12.635,0.14,-0.984,-1.2315,-1.4145,0
05/22/2025 13:41:14.693,0.846924,-0.409188,0.061244,-16.66,12.005,-1.82,-0.972,-1.2285,-1.3995,0
05/22/2025 13:41:14.713,0.874008,-0.404308,0.066856,-10.675,11.06,-5.74,-0.9615,-1.2435,-1.4025,0
05/22/2025 13:41:14.733,0.895724,-0.381128,0.068808,-6.93,12.285,-9.765,-0.987,-1.2435,-1.4145,0
05/22/2025 13:41:14.753,0.928908,-0.36722,0.107848,-8.12,14.315,-12.985,-0.969,-1.236,-1.4025,0
05/22/2025 13:41:14.773,0.929396,-0.393816,0.115412,-20.335,17.71,-14.07,-0.9765,-1.206,-1.4385,0
05/22/2025 13:41:14.793,0.928664,-0.379176,0.10736,-32.9,20.72,-15.855,-0.9765,-1.206,-1.4385,0
05/22/2025 13:41:14.813,0.934764,-0.389912,0.10492,-38.78,22.295,-15.925,-0.9615,-1.203,-1.422,0
05/22/2025 13:41:14.833,0.927688,-0.384544,0.110776,-42.175,23.73,-16.345,-0.972,-1.2255,-1.4115,0
05/22/2025 13:41:14.853,0.916952,-0.402844,0.11224,-45.78,24.78,-16.94,-0.939,-1.2675,-1.4325,0
05/22/2025 13:41:14.873,0.897432,-0.400648,0.138592,-45.885,24.99,-17.395,-0.9435,-1.233,-1.4145,0
05/22/2025 13:41:14.893,0.883524,-0.417728,0.172508,-46.865,24.01,-18.165,-0.933,-1.1955,-1.437,0
05/22/2025 13:41:14.913,0.892064,-0.434564,0.178608,-46.27,21.035,-19.215,-0.9405,-1.191,-1.4565,0
05/22/2025 13:41:14.933,0.899384,-0.439444,0.20496,-42.175,19.565,-21.525,-0.9195,-1.158,-1.4475,0
05/22/2025 13:41:14.953,0.922076,-0.447008,0.241072,-40.355,17.465,-22.925,-0.9495,-1.146,-1.452,0
05/22/2025 13:41:14.973,0.905728,-0.450424,0.259128,-39.515,16.52,-22.33,-0.9315,-1.116,-1.4595,0
05/22/2025 13:41:14.993,0.886208,-0.483608,0.263276,-40.285,17.57,-21.805,-0.927,-1.113,-1.434,0
05/22/2025 13:41:15.013,0.873276,-0.504836,0.265472,-42.14,20.51,-20.37,-0.924,-1.071,-1.452,0
05/22/2025 13:41:15.033,0.855708,-0.48312,0.276696,-44.975,24.99,-17.92,-0.9465,-1.071,-1.4565,0
05/22/2025 13:41:15.053,0.82594,-0.51118,0.284504,-52.675,30.45,-13.37,-0.9285,-1.0335,-1.4415,0
05/22/2025 13:41:15.073,0.825696,-0.520208,0.265472,-52.99,32.165,-11.725,-0.9285,-1.0335,-1.4415,0
05/22/2025 13:41:15.093,0.804468,-0.507764,0.247416,-50.19,34.02,-10.78,-0.9795,-0.93,-1.4595,0
05/22/2025 13:41:15.113,0.792024,-0.491904,0.256444,-47.81,35.245,-11.55,-0.9465,-0.897,-1.4805,0
05/22/2025 13:41:15.133,0.781776,-0.536556,0.231068,-46.83,33.88,-13.475,-0.936,-0.9075,-1.4805,0
05/22/2025 13:41:15.153,0.778848,-0.518256,0.233752,-40.285,31.325,-16.625,-0.936,-0.9075,-1.4805,0
05/22/2025 13:41:15.173,0.769088,-0.530456,0.24278,-36.12,28.455,-21.14,-0.9465,-0.8775,-1.47,0
05/22/2025 13:41:15.193,0.781044,-0.552904,0.221308,-33.285,22.365,-24.71,-0.9405,-0.852,-1.4895,0
05/22/2025 13:41:15.213,0.786412,-0.492636,0.207644,-26.425,19.18,-26.285,-0.921,-0.855,-1.4805,0
05/22/2025 13:41:15.233,0.811056,-0.499224,0.197396,-23.835,17.745,-25.76,-0.9375,-0.843,-1.497,0
05/22/2025 13:41:15.253,0.83692,-0.515084,0.208132,-22.995,17.5,-23.1,-0.9255,-0.8625,-1.485,0
05/22/2025 13:41:15.273,0.846924,-0.528016,0.197396,-26.005,17.15,-19.25,-0.945,-0.858,-1.5,0
05/22/2025 13:41:15.293,0.855952,-0.521672,0.196176,-29.75,17.36,-14.035,-0.963,-0.8625,-1.497,0
05/22/2025 13:41:15.313,0.851804,-0.53436,0.201056,-34.405,17.99,-8.435,-0.9375,-0.882,-1.515,0
05/22/2025 13:41:15.333,0.85278,-0.52826,0.21106,-38.465,14.49,-0.21,-0.9225,-0.855,-1.5105,0
05/22/2025 13:41:15.353,0.8479,-0.52338,0.196664,-39.2,10.815,4.48,-0.933,-0.8475,-1.5075,0
05/22/2025 13:41:15.373,0.841556,-0.516792,0.18422,-37.205,7.665,7.805,-0.915,-0.8295,-1.4955,0
05/22/2025 13:41:15.393,0.833748,-0.497272,0.190808,-32.935,5.915,10.43,-0.945,-0.825,-1.4895,0
05/22/2025 13:41:15.413,0.836188,-0.485316,0.194712,-30.45,4.69,12.18,-0.9345,-0.8055,-1.497,0
05/22/2025 13:41:15.433,0.83204,-0.48434,0.206668,-25.865,3.99,12.845,-0.9345,-0.81,-1.5045,0
05/22/2025 13:41:15.453,0.839116,-0.45872,0.212768,-23.835,2.45,12.11,-0.93,-0.81,-1.497,0
05/22/2025 13:41:15.473,0.842288,-0.452864,0.214476,-25.34,-0.21,9.835,-0.915,-0.792,-1.4805,0
05/22/2025 13:41:15.493,0.837652,-0.474336,0.21716,-26.425,-3.08,6.93,-0.897,-0.7575,-1.4655,0
05/22/2025 13:41:15.513,0.856928,-0.465064,0.23302,-23.94,-6.475,2.765,-0.912,-0.72,-1.47,0
05/22/2025 13:41:15.533,0.866444,-0.476532,0.238144,-21.525,-9.66,-2.31,-0.9165,-0.72,-1.455,0
05/22/2025 13:41:15.553,0.889868,-0.488976,0.256688,-18.235,-12.25,-6.86,-0.9,-0.75,-1.4625,0
05/22/2025 13:41:15.573,0.903776,-0.501664,0.264984,-15.015,-13.79,-10.01,-0.9045,-0.747,-1.458,0
05/22/2025 13:41:15.593,0.893772,-0.514596,0.250588,-9.94,-13.44,-10.22,-0.9225,-0.7845,-1.4505,0
05/22/2025 13:41:15.613,0.88328,-0.49776,0.256444,-6.3,-11.725,-8.19,-0.9225,-0.7845,-1.4505,0
05/22/2025 13:41:15.633,0.859856,-0.479948,0.250344,-4.865,-10.185,-5.46,-0.8835,-0.804,-1.434,0
05/22/2025 13:41:15.653,0.856928,-0.472384,0.23668,-4.34,-8.855,-2.8,-0.876,-0.8385,-1.4265,0
05/22/2025 13:41:15.673,0.85644,-0.451644,0.221552,-4.2,-6.86,-1.015,-0.879,-0.861,-1.419,0
05/22/2025 13:41:15.693,0.8723,-0.451156,0.20618,-5.775,-5.075,-1.225,-0.8745,-0.8835,-1.419,0
05/22/2025 13:41:15.713,0.887672,-0.447496,0.201544,-7.21,-3.255,-3.045,-0.864,-0.906,-1.4145,0
05/22/2025 13:41:15.733,0.909388,-0.449936,0.191296,-8.715,-2.1,-5.81,-0.8775,-0.9285,-1.3875,0
05/22/2025 13:41:15.753,0.923052,-0.4636,0.184464,-10.57,-0.63,-8.05,-0.84,-0.96,-1.4055,0
05/22/2025 13:41:15.773,0.926712,-0.477264,0.182024,-13.055,1.365,-9.03,-0.828,-0.945,-1.3905,0
05/22/2025 13:41:15.793,0.922076,-0.482632,0.172996,-15.75,2.975,-8.015,-0.837,-0.9255,-1.3935,0
05/22/2025 13:41:15.813,0.91988,-0.48312,0.162748,-17.605,4.935,-5.355,-0.825,-0.918,-1.3785,0
05/22/2025 13:41:15.833,0.929884,-0.495076,0.168116,-18.655,6.23,-2.135,-0.813,-0.9375,-1.3815,0
05/22/2025 13:41:15.853,0.94184,-0.491416,0.151524,-19.355,7.035,-0.175,-0.855,-0.921,-1.38,0
05/22/2025 13:41:15.873,0.9211,-0.465552,0.156648,-19.005,7.63,1.12,-0.855,-0.921,-1.38,0
05/22/2025 13:41:15.893,0.895968,-0.49532,0.150548,-21.63,6.685,1.785,-0.8055,-0.942,-1.347,0
05/22/2025 13:41:15.913,0.862052,-0.496784,0.13786,-19.425,5.46,2.275,-0.7755,-0.9495,-1.3575,0
05/22/2025 13:41:15.933,0.849608,-0.479704,0.13542,-14.875,5.04,2.625,-0.792,-0.897,-1.359,0
05/22/2025 13:41:15.953,0.840336,-0.484828,0.13298,-11.69,3.885,2.8,-0.792,-0.8745,-1.3395,0
05/22/2025 13:41:15.973,0.827648,-0.478972,0.133712,-6.44,3.255,2.695,-0.795,-0.882,-1.3635,0
05/22/2025 13:41:15.993,0.824964,-0.475068,0.13298,-1.12,3.15,2.31,-0.765,-0.9015,-1.335,0
05/22/2025 13:41:16.013,0.8113,-0.458476,0.121756,2.45,3.605,1.855,-0.7875,-0.8775,-1.3095,0
05/22/2025 13:41:16.033,0.793732,-0.45018,0.105896,3.745,4.41,1.96,-0.7785,-0.894,-1.305,0
05/22/2025 13:41:16.053,0.786412,-0.44164,0.095648,4.445,5.6,2.1,-0.7905,-0.8925,-1.317,0
05/22/2025 13:41:16.073,0.794464,-0.449936,0.08052,5.005,7.245,0.77,-0.7695,-0.87,-1.329,0
05/22/2025 13:41:16.093,0.818376,-0.4575,0.07905599,6.405,8.995,-3.325,-0.7905,-0.8775,-1.317,0
05/22/2025 13:41:16.113,0.861808,-0.484096,0.06832,8.225,9.135,-9.87,-0.753,-0.8895,-1.317,0
05/22/2025 13:41:16.133,0.919636,-0.515816,0.052948,12.39,9.52,-21.245,-0.753,-0.8895,-1.317,0
05/22/2025 13:41:16.153,0.940864,-0.522892,0.044896,13.23,9.485,-27.405,-0.753,-0.8895,-1.317,0
05/22/2025 13:41:16.173,0.948428,-0.521916,0.028548,10.57,9.87,-29.19,-0.753,-0.9195,-1.323,0
05/22/2025 13:41:16.193,0.933056,-0.536312,0.037088,1.575,12.39,-25.655,-0.7575,-0.924,-1.332,0
05/22/2025 13:41:16.213,0.91134,-0.543876,0.014152,-8.435,12.32,-18.83,-0.7425,-0.924,-1.3275,0
05/22/2025 13:41:16.233,0.883768,-0.534848,0.014152,-15.96,12.075,-10.395,-0.765,-0.9045,-1.3245,0
05/22/2025 13:41:16.253,0.865468,-0.539972,0.0122,-21.98,11.34,-2.52,-0.783,-0.8895,-1.3215,0
05/22/2025 13:41:16.273,0.87718,-0.52338,0.01342,-22.015,9.17,2.345,-0.7845,-0.8775,-1.344,0
05/22/2025 13:41:16.293,0.88938,-0.520452,0.0122,-17.08,8.715,4.235,-0.7875,-0.84,-1.317,0
05/22/2025 13:41:16.313,0.917928,-0.50996,0.00488,-10.955,7.21,4.34,-0.7875,-0.8325,-1.326,0
05/22/2025 13:41:16.333,0.928176,-0.484584,0.028548,-8.54,9.205,4.27,-0.8145,-0.8355,-1.338,0
05/22/2025 13:41:16.353,0.9272,-0.50508,0.024888,-12.53,10.955,5.355,-0.7935,-0.8025,-1.3635,0
05/22/2025 13:41:16.373,0.938912,-0.477752,0.046116,-12.775,11.725,5.6,-0.8115,-0.756,-1.341,0
05/22/2025 13:41:16.393,0.96136,-0.458476,0.054168,-15.785,12.67,7.315,-0.8085,-0.7335,-1.3455,0
05/22/2025 13:41:16.413,0.967948,-0.480436,0.061244,-25.445,14.49,11.165,-0.8085,-0.7335,-1.3455,0
05/22/2025 13:41:16.433,0.955992,-0.47336,0.07905599,-26.985,16.415,12.425,-0.825,-0.681,-1.3695,0
05/22/2025 13:41:16.453,0.95892,-0.464576,0.088084,-27.86,16.45,13.685,-0.78,-0.6855,-1.353,0
05/22/2025 13:41:16.473,1.0126,-0.449692,0.08295999,-27.93,15.68,13.51,-0.8025,-0.648,-1.3425,0
05/22/2025 13:41:16.493,1.04554,-0.44164,0.101992,-30.52,16.17,10.01,-0.792,-0.636,-1.3605,0
05/22/2025 13:41:16.513,1.019432,-0.447984,0.107604,-33.915,16.555,5.88,-0.7965,-0.6315,-1.3605,0
05/22/2025 13:41:16.533,0.955504,-0.43066,0.126636,-37.275,18.2,1.855,-0.792,-0.633,-1.365,0
05/22/2025 13:41:16.553,0.899628,-0.437736,0.156404,-40.6,15.155,-0.28,-0.7665,-0.618,-1.3335,0
05/22/2025 13:41:16.573,0.863516,-0.460672,0.162504,-41.405,10.99,-1.225,-0.774,-0.6435,-1.353,0
05/22/2025 13:41:16.593,0.845704,-0.466528,0.187148,-35.805,8.505,-1.89,-0.765,-0.633,-1.3305,0
05/22/2025 13:41:16.613,0.861076,-0.478972,0.2257,-26.635,6.405,-1.855,-0.765,-0.633,-1.3305,0
05/22/2025 13:41:16.633,0.915732,-0.490928,0.250588,-16.73,5.005,-2.065,-0.774,-0.6285,-1.341,0
05/22/2025 13:41:16.653,0.921588,-0.4758,0.258396,-8.575,7.595,-2.66,-0.7695,-0.6255,-1.323,0
05/22/2025 13:41:16.673,0.923052,-0.404308,0.263032,-5.495,17.255,0.42,-0.7725,-0.618,-1.3185,0
05/22/2025 13:41:16.693,0.907436,-0.387472,0.27206,-11.585,26.075,4.725,-0.7665,-0.603,-1.338,0
05/22/2025 13:41:16.713,0.898164,-0.355508,0.278404,-23.205,32.725,10.045,-0.762,-0.618,-1.3065,0
05/22/2025 13:41:16.733,0.868884,-0.359412,0.269376,-37.065,37.59,12.775,-0.744,-0.618,-1.329,0
05/22/2025 13:41:16.753,0.837896,-0.362096,0.244976,-44.31,40.39,12.53,-0.7635,-0.606,-1.3605,0
05/22/2025 13:41:16.773,0.817156,-0.354776,0.21472,-43.82,40.74,10.885,-0.7335,-0.5925,-1.3365,0
05/22/2025 13:41:16.793,0.804712,-0.338184,0.179828,-40.005,39.165,7.7,-0.723,-0.5475,-1.3365,0
05/22/2025 13:41:16.813,0.798612,-0.325252,0.187636,-37.345,37.555,2.345,-0.72,-0.5205,-1.3485,0
05/22/2025 13:41:16.833,0.793488,-0.315492,0.172264,-36.365,34.44,-5.145,-0.7275,-0.513,-1.326,0
05/22/2025 13:41:16.853,0.80276,-0.314516,0.156892,-34.86,29.75,-13.755,-0.708,-0.5175,-1.329,0
05/22/2025 13:41:16.873,0.798856,-0.333548,0.150792,-33.81,24.29,-21.35,-0.681,-0.552,-1.287,0
05/22/2025 13:41:16.893,0.8113,-0.381128,0.14152,-32.55,20.685,-30.59,-0.6915,-0.585,-1.2825,0
05/22/2025 13:41:16.913,0.827892,-0.370148,0.166408,-31.71,19.32,-38.325,-0.6735,-0.6045,-1.3005,0
05/22/2025 13:41:16.933,0.84912,-0.36356,0.190076,-40.635,17.815,-45.22,-0.702,-0.627,-1.2795,0
05/22/2025 13:41:16.953,0.849852,-0.43066,0.164944,-49.875,18.83,-48.16,-0.702,-0.627,-1.2795,0
05/22/2025 13:41:16.973,0.880596,-0.494344,0.128344,-54.565,18.55,-47.74,-0.6975,-0.642,-1.2675,0
05/22/2025 13:41:16.993,0.887428,-0.517768,0.119316,-51.66,21.105,-46.83,-0.693,-0.6345,-1.2405,0
05/22/2025 13:41:17.013,0.870592,-0.559736,0.134932,-47.39,23.73,-44.17,-0.6915,-0.666,-1.236,0
05/22/2025 13:41:17.033,0.885232,-0.566324,0.15616,-40.215,24.29,-43.4,-0.6765,-0.681,-1.236,0
05/22/2025 13:41:17.053,0.881084,-0.522648,0.157136,-38.395,23.31,-43.96,-0.69,-0.726,-1.206,0
05/22/2025 13:41:17.073,0.870836,-0.498248,0.1769,-37.94,18.515,-43.26,-0.6945,-0.681,-1.2105,0
05/22/2025 13:41:17.093,0.8357,-0.480192,0.165676,-37.45,13.265,-42.035,-0.702,-0.714,-1.1985,0
05/22/2025 13:41:17.113,0.820572,-0.444812,0.18056,-34.23,7.665,-40.53,-0.6975,-0.7065,-1.194,0
05/22/2025 13:41:17.133,0.826672,-0.46116,0.187148,-27.755,1.33,-39.2,-0.7275,-0.702,-1.203,0
05/22/2025 13:41:17.153,0.826916,-0.467504,0.200324,-22.68,-4.095,-37.065,-0.732,-0.6945,-1.203,0
05/22/2025 13:41:17.173,0.833016,-0.472628,0.216428,-20.685,-9.8,-34.16,-0.69,-0.7455,-1.1865,0
05/22/2025 13:41:17.193,0.853268,-0.518012,0.23912,-18.025,-13.475,-31.85,-0.7455,-0.7365,-1.185,0
05/22/2025 13:41:17.213,0.855708,-0.502884,0.250588,-13.02,-16.835,-26.81,-0.7455,-0.7365,-1.185,0
05/22/2025 13:41:17.233,0.872544,-0.505812,0.256444,-13.23,-19.95,-22.505,-0.7455,-0.7365,-1.185,0
05/22/2025 13:41:17.253,0.876204,-0.536312,0.226188,-14.805,-22.225,-17.675,-0.759,-0.756,-1.1475,0
05/22/2025 13:41:17.273,0.88084,-0.491172,0.173972,-9.45,-24.045,-14.735,-0.7785,-0.714,-1.1475,0
05/22/2025 13:41:17.293,0.886208,-0.49654,0.171776,-1.365,-23.415,-10.85,-0.789,-0.732,-1.1625,0
05/22/2025 13:41:17.313,0.859612,-0.528504,0.213256,3.85,-17.57,-7.175,-0.7965,-0.72,-1.152,0
05/22/2025 13:41:17.333,0.860588,-0.572912,0.249368,4.655,-16.205,-5.11,-0.7695,-0.729,-1.143,0
05/22/2025 13:41:17.353,0.85034,-0.565592,0.22936,8.19,-16.485,-3.395,-0.7845,-0.747,-1.1325,0
05/22/2025 13:41:17.373,0.863272,-0.543388,0.227652,15.855,-18.375,-4.83,-0.7875,-0.7815,-1.125,0
05/22/2025 13:41:17.393,0.94672,-0.579744,0.266692,22.12,-24.57,-8.855,-0.807,-0.7275,-1.125,0
05/22/2025 13:41:17.413,1.045784,-0.60512,0.280112,24.745,-29.785,-12.18,-0.8025,-0.7395,-1.122,0
05/22/2025 13:41:17.433,1.109224,-0.623908,0.282064,32.095,-33.11,-17.5,-0.792,-0.7545,-1.125,0
05/22/2025 13:41:17.453,1.168028,-0.62952,0.280112,39.41,-35.175,-18.585,-0.825,-0.7395,-1.1145,0
05/22/2025 13:41:17.473,1.112396,-0.588772,0.296948,40.915,-25.935,-8.19,-0.828,-0.762,-1.1145,0
05/22/2025 13:41:17.493,1.025044,-0.542412,0.24888,28.63,-14.56,9.555,-0.828,-0.762,-1.1145,0
05/22/2025 13:41:17.513,0.97478,-0.55754,0.236924,17.955,-0.805,29.19,-0.831,-0.7995,-1.1175,0
05/22/2025 13:41:17.533,0.924028,-0.521184,0.247172,11.69,7.42,42.805,-0.8175,-0.7545,-1.125,0
05/22/2025 13:41:17.553,0.900116,-0.462136,0.244,12.88,5.215,48.965,-0.8145,-0.717,-1.122,0
05/22/2025 13:41:17.573,0.854976,-0.443836,0.183732,16.695,1.085,48.93,-0.8145,-0.717,-1.122,0
05/22/2025 13:41:17.593,0.82106,-0.40382,0.144692,24.885,-1.855,45.395,-0.8295,-0.705,-1.1385,0
05/22/2025 13:41:17.613,0.767624,-0.354776,0.134688,35.42,-2.1,42.245,-0.7935,-0.6975,-1.1475,0
05/22/2025 13:41:17.633,0.737368,-0.314272,0.122976,40.635,-2.66,41.23,-0.789,-0.69,-1.152,0
05/22/2025 13:41:17.653,0.742492,-0.3355,0.121268,44.38,-0.35,39.76,-0.8205,-0.6525,-1.1535,0
05/22/2025 13:41:17.673,0.772748,-0.365268,0.130052,49.385,3.15,41.615,-0.783,-0.6495,-1.1595,0
05/22/2025 13:41:17.693,0.82594,-0.321592,0.105896,53.585,6.825,38.815,-0.7875,-0.6075,-1.167,0
05/22/2025 13:41:17.713,0.920612,-0.297192,0.063928,52.36,13.02,34.51,-0.7695,-0.597,-1.179,0
05/22/2025 13:41:17.733,1.00894,-0.295728,0.061488,53.095,23.1,30.24,-0.759,-0.5895,-1.212,0
05/22/2025 13:41:17.753,1.094584,-0.372832,0.043188,40.95,34.545,21.105,-0.714,-0.609,-1.2105,0
05/22/2025 13:41:17.773,1.15412,-0.398452,0.009516,26.39,40.95,15.68,-0.6945,-0.6165,-1.263,0
05/22/2025 13:41:17.793,1.109956,-0.44408,0.02684,13.335,48.02,14.245,-0.678,-0.6495,-1.275,0
05/22/2025 13:41:17.813,1.038952,-0.428952,0.04758,0.28,49,15.365,-0.6495,-0.639,-1.2615,0
05/22/2025 13:41:17.833,0.953552,-0.426756,0.023912,-9.695,43.26,20.44,-0.627,-0.6285,-1.284,0
05/22/2025 13:41:17.853,0.885476,-0.404796,0.017568,-18.06,32.2,28.875,-0.603,-0.6135,-1.3065,0
05/22/2025 13:41:17.873,0.875716,-0.44042,-0.023668,-21.28,20.545,34.72,-0.6045,-0.648,-1.2945,0
05/22/2025 13:41:17.893,0.879864,-0.457012,-0.044408,-16.625,10.5,38.5,-0.5715,-0.6405,-1.287,0
05/22/2025 13:41:17.913,0.878156,-0.416752,-0.025376,-6.685,1.82,41.125,-0.561,-0.6375,-1.29,0
05/22/2025 13:41:17.933,0.904508,-0.440176,-0.029768,6.125,-3.395,38.85,-0.564,-0.66,-1.29,0
05/22/2025 13:41:17.953,0.91378,-0.417484,-0.017568,19.985,-3.78,36.82,-0.543,-0.663,-1.308,0
05/22/2025 13:41:17.973,0.90524,-0.428464,0.013664,28.035,0.105,32.095,-0.5415,-0.6555,-1.3005,0
05/22/2025 13:41:17.993,0.899384,-0.366,0.082716,33.32,2.975,28.07,-0.5325,-0.6525,-1.3275,0
05/22/2025 13:41:18.013,0.92598,-0.41114,0.122,23.87,4.375,23.03,-0.498,-0.6675,-1.326,0
05/22/2025 13:41:18.033,0.957212,-0.384788,0.134688,18.76,5.18,18.795,-0.498,-0.6675,-1.326,0
05/22/2025 13:41:18.053,0.995032,-0.366488,0.138592,13.055,9.24,12.11,-0.5055,-0.6825,-1.356,0
05/22/2025 13:41:18.073,1.044808,-0.35258,0.145668,2.94,16.345,5.88,-0.4875,-0.6945,-1.3335,0
05/22/2025 13:41:18.093,1.117764,-0.32086,0.169824,-12.46,23.485,-3.43,-0.492,-0.6945,-1.3635,0
05/22/2025 13:41:18.113,1.08214,-0.310856,0.162016,-29.715,26.18,-13.895,-0.522,-0.678,-1.3725,0
05/22/2025 13:41:18.133,1.026264,-0.309392,0.177144,-39.935,18.095,-23.555,-0.534,-0.6405,-1.377,0
05/22/2025 13:41:18.153,0.95404,-0.30134,0.193492,-54.25,8.26,-31.045,-0.498,-0.6795,-1.3455,0
05/22/2025 13:41:18.173,0.875228,-0.437736,0.205936,-64.575,1.995,-33.25,-0.4995,-0.6495,-1.3455,0
05/22/2025 13:41:18.193,0.81618,-0.476044,0.282308,-51.38,-1.365,-33.67,-0.5055,-0.6495,-1.323,0
05/22/2025 13:41:18.213,0.796416,-0.519476,0.348432,-28.14,-6.02,-31.255,-0.5235,-0.675,-1.326,0
05/22/2025 13:41:18.233,0.816912,-0.494832,0.378444,-8.435,-10.85,-25.83,-0.5235,-0.6825,-1.311,0
05/22/2025 13:41:18.253,0.8296,-0.491172,0.36844,3.71,-12.88,-20.055,-0.531,-0.6675,-1.3155,0
05/22/2025 13:41:18.273,0.848388,-0.466528,0.34282,17.78,-7.455,-13.23,-0.5565,-0.6855,-1.305,0
05/22/2025 13:41:18.293,0.85644,-0.418704,0.365512,24.605,9.31,-5.145,-0.5565,-0.6855,-1.305,0
05/22/2025 13:41:18.313,0.86132,-0.343796,0.37698,8.89,19.145,-2.17,-0.5865,-0.708,-1.335,0
05/22/2025 13:41:18.333,0.866444,-0.315004,0.334036,-18.025,23.17,-2.135,-0.549,-0.7245,-1.3155,0
05/22/2025 13:41:18.353,0.871324,-0.34526,0.323544,-47.11,25.48,-2.73,-0.5865,-0.7275,-1.335,0
05/22/2025 13:41:18.373,0.894748,-0.40016,0.282308,-69.23,24.605,-6.37,-0.573,-0.7725,-1.3005,0
05/22/2025 13:41:18.393,0.862784,-0.438712,0.238632,-75.285,24.71,-9.975,-0.5925,-0.738,-1.2975,0
05/22/2025 13:41:18.413,0.818132,-0.444324,0.219356,-74.935,23.625,-12.74,-0.5745,-0.723,-1.29,0
05/22/2025 13:41:18.433,0.775432,-0.460672,0.217648,-71.855,22.61,-13.09,-0.5745,-0.7005,-1.2855,0
05/22/2025 13:41:18.453,0.744444,-0.482388,0.202032,-63.49,22.715,-13.125,-0.588,-0.6705,-1.245,0
05/22/2025 13:41:18.473,0.704428,-0.507764,0.221064,-48.02,24.01,-13.51,-0.585,-0.675,-1.248,0
05/22/2025 13:41:18.493,0.69174,-0.48556,0.26352,-32.655,22.96,-16.065,-0.5835,-0.7005,-1.2375,0
05/22/2025 13:41:18.513,0.738344,-0.453352,0.277428,-21.455,15.33,-21.665,-0.5775,-0.678,-1.23,0
05/22/2025 13:41:18.533,0.76616,-0.435296,0.233752,-18.13,9.135,-26.95,-0.585,-0.648,-1.242,0
05/22/2025 13:41:18.553,0.832528,-0.440176,0.179828,-20.825,1.26,-34.685,-0.585,-0.648,-1.242,0
05/22/2025 13:41:18.573,0.843996,-0.433344,0.201788,-19.355,1.505,-38.115,-0.585,-0.648,-1.242,0
05/22/2025 13:41:18.593,0.864492,-0.463112,0.231068,-18.445,-0.42,-37.695,-0.6075,-0.6255,-1.227,0
05/22/2025 13:41:18.613,0.843996,-0.48434,0.255956,-20.51,-1.75,-35.07,-0.6105,-0.6285,-1.215,0
05/22/2025 13:41:18.633,0.851072,-0.522404,0.225944,-22.925,-5.705,-33.11,-0.5955,-0.645,-1.2075,0
05/22/2025 13:41:18.653,0.820084,-0.52216,0.235704,-16.205,-3.535,-31.815,-0.621,-0.6435,-1.2045,0
05/22/2025 13:41:18.673,0.815692,-0.525332,0.23546,-8.995,-5.285,-30.31,-0.6435,-0.648,-1.197,0
05/22/2025 13:41:18.693,0.815936,-0.479216,0.283284,0.945,-6.51,-27.86,-0.624,-0.633,-1.185,0
05/22/2025 13:41:18.713,0.832284,-0.521428,0.28304,-0.245,-9.555,-24.57,-0.6465,-0.6555,-1.194,0
05/22/2025 13:41:18.733,0.854976,-0.536068,0.27938,-0.14,-8.925,-21.315,-0.657,-0.651,-1.182,0
05/22/2025 13:41:18.753,0.851072,-0.504104,0.288408,0.42,-5.6,-16.485,-0.6465,-0.651,-1.182,0
05/22/2025 13:41:18.773,0.856196,-0.564372,0.294264,-5.075,-1.19,-11.865,-0.675,-0.678,-1.176,0
05/22/2025 13:41:18.793,0.839848,-0.519964,0.293044,-8.085,1.785,-7.35,-0.663,-0.693,-1.1595,0
05/22/2025 13:41:18.813,0.781288,-0.541192,0.270352,-15.785,0.63,-3.5,-0.642,-0.6705,-1.152,0
05/22/2025 13:41:18.833,0.759572,-0.546072,0.274256,-17.745,-2.835,-3.71,-0.642,-0.6705,-1.152,0
05/22/2025 13:41:18.853,0.744444,-0.533872,0.239852,-18.06,-7.595,-4.445,-0.6675,-0.6285,-1.1415,0
05/22/2025 13:41:18.873,0.743712,-0.538996,0.233508,-15.54,-12.46,-6.545,-0.6765,-0.6165,-1.149,0
05/22/2025 13:41:18.893,0.7564,-0.567056,0.225212,-11.935,-16.695,-9.66,-0.6465,-0.5955,-1.167,0
05/22/2025 13:41:18.913,0.78446,-0.602924,0.210328,-1.505,-22.96,-12.6,-0.687,-0.621,-1.1805,0
05/22/2025 13:41:18.933,0.862296,-0.63806,0.214476,14.455,-27.615,-16.065,-0.675,-0.6135,-1.1415,0
05/22/2025 13:41:18.953,0.99186,-0.7137,0.222528,27.65,-31.045,-19.845,-0.6615,-0.606,-1.1535,0
05/22/2025 13:41:18.973,1.178764,-0.744688,0.272548,39.9,-33.845,-26.495,-0.675,-0.621,-1.1385,0
05/22/2025 13:41:18.993,1.249768,-0.780312,0.283528,51.45,-33.005,-30.45,-0.672,-0.621,-1.1565,0
05/22/2025 13:41:19.013,1.17852,-0.735172,0.28548,58.73,-35,-23.695,-0.69,-0.6315,-1.1535,1
05/22/2025 13:41:19.033,1.08946,-0.6405,0.256932,50.085,-32.76,-1.995,-0.69,-0.6315,-1.1535,1
05/22/2025 13:41:19.053,0.989664,-0.634888,0.224724,32.865,-21.77,28.455,-0.681,-0.6285,-1.191,1
05/22/2025 13:41:19.073,0.949404,-0.593408,0.24644,27.895,-10.885,54.495,-0.6795,-0.6465,-1.194,1
05/22/2025 13:41:19.093,0.879376,-0.50386,0.214476,27.09,-8.015,73.22,-0.666,-0.6315,-1.1835,1
05/22/2025 13:41:19.113,0.841312,-0.410408,0.168848,32.34,-11.83,72.975,-0.6135,-0.6555,-1.185,1
05/22/2025 13:41:19.133,0.770796,-0.360632,0.108092,35.56,-11.725,68.18,-0.6105,-0.66,-1.2075,1
05/22/2025 13:41:19.153,0.69296,-0.40748,0.077348,41.265,-9.485,62.895,-0.5835,-0.675,-1.2075,1
05/22/2025 13:41:19.173,0.692228,-0.386496,0.0732,61.075,-12.775,59.885,-0.5925,-0.6555,-1.218,1
05/22/2025 13:41:19.193,0.640256,-0.274256,0.099796,68.46,-8.33,59.465,-0.552,-0.657,-1.2435,1
05/22/2025 13:41:19.213,0.71126,-0.3477,0.072224,60.515,-8.855,56,-0.549,-0.69,-1.278,1
05/22/2025 13:41:19.233,0.777628,-0.382348,0.117608,63.84,-0.665,51.17,-0.5295,-0.6975,-1.2735,1
05/22/2025 13:41:19.253,0.903776,-0.458476,0.133712,67.235,5.32,40.81,-0.534,-0.7095,-1.308,1
05/22/2025 13:41:19.273,0.992836,-0.423584,0.122732,69.51,8.295,27.44,-0.5385,-0.7155,-1.3425,1
05/22/2025 13:41:19.293,1.077992,-0.428708,0.113704,62.16,10.71,11.62,-0.5595,-0.7425,-1.323,1
05/22/2025 13:41:19.313,1.098732,-0.473116,0.107604,44.8,12.88,1.085,-0.531,-0.7395,-1.3725,1
05/22/2025 13:41:19.333,1.0736,-0.519232,0.061976,26.495,14.385,-1.19,-0.5205,-0.762,-1.383,1
05/22/2025 13:41:19.353,0.991616,-0.538264,0.065636,6.055,18.13,11.025,-0.528,-0.777,-1.3935,1
05/22/2025 13:41:19.373,0.93818,-0.521916,0.05734,-3.605,18.795,24.745,-0.528,-0.777,-1.3935,1
05/22/2025 13:41:19.393,0.880108,-0.532652,0.041724,-10.43,15.785,37.765,-0.51,-0.78,-1.416,1
05/22/2025 13:41:19.413,0.870836,-0.546072,0.01586,-8.12,9.66,43.89,-0.513,-0.7545,-1.371,1
05/22/2025 13:41:19.433,0.878644,-0.485316,0.014396,2.17,6.125,45.43,-0.4755,-0.7695,-1.3965,1
05/22/2025 13:41:19.453,0.876204,-0.522648,0.015372,10.78,5.53,44.03,-0.477,-0.762,-1.416,1
05/22/2025 13:41:19.473,0.88084,-0.483364,0.061976,21.455,6.965,41.16,-0.444,-0.759,-1.4295,1
05/22/2025 13:41:19.493,0.901824,-0.468236,0.113216,22.295,8.575,38.64,-0.435,-0.7935,-1.3995,1
05/22/2025 13:41:19.513,0.932812,-0.509716,0.117852,16.205,8.015,37.555,-0.4185,-0.774,-1.4325,1
05/22/2025 13:41:19.533,0.94306,-0.511668,0.118828,13.125,10.465,36.015,-0.4215,-0.7785,-1.4325,1
05/22/2025 13:41:19.553,0.93696,-0.493368,0.136152,7.84,15.47,33.915,-0.414,-0.786,-1.4295,1
05/22/2025 13:41:19.573,0.957212,-0.515816,0.151524,-3.36,20.405,31.43,-0.381,-0.7785,-1.4205,1
05/22/2025 13:41:19.593,0.976732,-0.494344,0.144936,-14.63,23.275,25.06,-0.4035,-0.7785,-1.44,1
05/22/2025 13:41:19.613,0.954528,-0.45994,0.143228,-26.88,23.1,15.33,-0.384,-0.7635,-1.4205,1
05/22/2025 13:41:19.633,0.808128,-0.476288,0.148108,-54.075,15.12,2.835,-0.384,-0.7635,-1.4205,1
05/22/2025 13:41:19.653,0.718824,-0.52826,0.175436,-68.88,9.135,-1.54,-0.384,-0.7635,-1.4205,1
05/22/2025 13:41:19.673,0.661972,-0.583404,0.203984,-73.885,1.89,-3.325,-0.393,-0.7335,-1.425,1
05/22/2025 13:41:19.693,0.66612,-0.627324,0.234484,-61.705,-3.745,-4.13,-0.3765,-0.7155,-1.3785,1
05/22/2025 13:41:19.713,0.67954,-0.674172,0.271572,-34.755,-7.77,-4.585,-0.399,-0.7185,-1.3755,1
05/22/2025 13:41:19.733,0.696864,-0.666364,0.263032,3.395,-13.37,-4.725,-0.417,-0.696,-1.35,1
05/22/2025 13:41:19.753,0.68686,-0.574864,0.33916,26.46,-13.405,-2.94,-0.405,-0.7155,-1.35,1
05/22/2025 13:41:19.773,0.692716,-0.589748,0.37454,23.835,-11.83,1.96,-0.4425,-0.702,-1.3575,1
05/22/2025 13:41:19.793,0.686372,-0.58682,0.360144,22.12,-6.965,6.895,-0.414,-0.699,-1.377,1
05/22/2025 13:41:19.813,0.686616,-0.57462,0.380152,18.375,-0.91,9.8,-0.4095,-0.711,-1.365,1
05/22/2025 13:41:19.833,0.68686,-0.598532,0.318664,4.375,2.205,8.68,-0.429,-0.711,-1.377,1
05/22/2025 13:41:19.853,0.687348,-0.584624,0.328668,-4.34,5.985,5.04,-0.417,-0.726,-1.38,1
05/22/2025 13:41:19.873,0.692716,-0.630252,0.318908,-12.355,8.26,0.035,-0.417,-0.7185,-1.3695,1
05/22/2025 13:41:19.893,0.67588,-0.658556,0.277184,-22.995,1.47,-3.815,-0.3795,-0.738,-1.3755,1
05/22/2025 13:41:19.913,0.662216,-0.711748,0.226188,-28.105,-3.43,-4.515,-0.3795,-0.738,-1.3755,1
05/22/2025 13:41:19.933,0.655628,-0.733952,0.2135,-22.4,-6.055,-3.22,-0.351,-0.6705,-1.356,1
05/22/2025 13:41:19.953,0.650748,-0.756156,0.1952,-9.205,-4.655,-0.595,-0.3645,-0.693,-1.353,1
05/22/2025 13:41:19.973,0.632692,-0.7503,0.264984,10.815,-3.71,2.66,-0.3615,-0.6855,-1.326,1
05/22/2025 13:41:19.993,0.631472,-0.699548,0.306464,23.03,-6.475,5.425,-0.3615,-0.6855,-1.326,1
05/22/2025 13:41:20.013,0.618784,-0.709308,0.278648,21.805,-13.405,8.155,-0.3945,-0.7155,-1.3485,1
05/22/2025 13:41:20.033,0.62098,-0.684908,0.261324,17.045,-17.115,9.975,-0.4125,-0.7185,-1.3425,1
05/22/2025 13:41:20.053,0.632448,-0.685884,0.248148,10.465,-17.885,11.095,-0.399,-0.7035,-1.3605,1
05/22/2025 13:41:20.073,0.623664,-0.73322,0.241072,10.185,-16.38,11.935,-0.3795,-0.7455,-1.3605,1
05/22/2025 13:41:20.093,0.626592,-0.757132,0.257664,13.335,-14.28,12.005,-0.4125,-0.7455,-1.353,1
05/22/2025 13:41:20.113,0.627324,-0.761524,0.288408,17.64,-12.6,12.355,-0.3795,-0.738,-1.3635,1
05/22/2025 13:41:20.133,0.634644,-0.762012,0.254492,17.185,-12.355,13.58,-0.3945,-0.738,-1.3635,1
05/22/2025 13:41:20.153,0.621468,-0.744444,0.274256,16.38,-10.115,16.1,-0.3945,-0.741,-1.3635,1
05/22/2025 13:41:20.173,0.63684,-0.755424,0.22326,17.71,-9.38,20.055,-0.3945,-0.741,-1.3635,1
05/22/2025 13:41:20.193,0.646112,-0.764696,0.214476,22.715,-9.415,23.555,-0.417,-0.7635,-1.383,1
05/22/2025 13:41:20.213,0.6405,-0.75518,0.225944,26.845,-9.03,27.3,-0.42,-0.771,-1.3875,1
05/22/2025 13:41:20.233,0.647332,-0.743712,0.2379,30.695,-12.005,29.82,-0.387,-0.7785,-1.4175,1
05/22/2025 13:41:20.253,0.628788,-0.716384,0.252296,29.015,-14.21,31.815,-0.417,-0.8115,-1.425,1
05/22/2025 13:41:20.273,0.616832,-0.73078,0.255712,23.45,-15.96,33.67,-0.4095,-0.828,-1.4205,1
05/22/2025 13:41:20.293,0.592432,-0.715896,0.239364,22.61,-15.89,35.07,-0.405,-0.8355,-1.4175,1
05/22/2025 13:41:20.313,0.565836,-0.706868,0.236192,26.18,-11.305,35.735,-0.402,-0.8355,-1.4325,1
05/22/2025 13:41:20.333,0.556564,-0.67832,0.232776,32.725,-5.95,33.985,-0.4155,-0.8685,-1.428,1
05/22/2025 13:41:20.353,0.552904,-0.642208,0.258152,32.34,-0.77,31.185,-0.402,-0.8835,-1.4655,1
05/22/2025 13:41:20.373,0.54778,-0.64416,0.24888,23.695,2.31,29.33,-0.3855,-0.903,-1.434,1
05/22/2025 13:41:20.393,0.549,-0.6161,0.280356,19.565,2.415,27.965,-0.3825,-0.9105,-1.4685,1
05/22/2025 13:41:20.413,0.603168,-0.694668,0.275232,14.525,1.855,24.605,-0.4245,-0.921,-1.4925,1
05/22/2025 13:41:20.433,0.731512,-0.748836,0.208376,15.855,-0.56,15.89,-0.4245,-0.921,-1.4925,1
05/22/2025 13:41:20.453,0.80032,-0.740296,0.248392,16.975,-0.385,8.33,-0.4245,-0.921,-1.4925,1
05/22/2025 13:41:20.473,0.811056,-0.775432,0.277672,11.34,0.14,3.57,-0.4125,-0.936,-1.5,1
05/22/2025 13:41:20.493,0.7747,-0.76738,0.26108,0.7,-0.14,3.605,-0.4305,-0.951,-1.485,1
05/22/2025 13:41:20.513,0.7625,-0.78324,0.242048,-7.735,-0.21,7.56,-0.4395,-0.951,-1.5195,1
05/22/2025 13:41:20.533,0.743468,-0.786412,0.247416,-10.64,1.155,13.965,-0.4605,-0.9735,-1.4895,1
05/22/2025 13:41:20.553,0.7442,-0.785436,0.231312,-8.4,1.925,19.95,-0.48,-0.9495,-1.509,1
05/22/2025 13:41:20.573,0.732488,-0.73688,0.245952,-2.835,3.185,25.06,-0.4605,-0.951,-1.4895,1
05/22/2025 13:41:20.593,0.700036,-0.681736,0.26352,0.175,3.255,27.3,-0.5025,-0.9315,-1.4985,1
05/22/2025 13:41:20.613,0.681492,-0.676856,0.294264,0,3.15,27.02,-0.516,-0.9525,-1.488,1
05/22/2025 13:41:20.633,0.669536,-0.664412,0.277916,-1.05,0.175,24.885,-0.498,-0.9495,-1.4985,1
05/22/2025 13:41:20.653,0.659776,-0.679784,0.250588,-0.28,0.105,20.44,-0.5205,-0.945,-1.5105,1
05/22/2025 13:41:20.673,0.65148,-0.664412,0.26596,7.315,-0.14,14.49,-0.5025,-0.969,-1.5165,1
05/22/2025 13:41:20.693,0.64416,-0.671,0.289384,19.425,0.63,6.37,-0.4755,-0.957,-1.5165,1
05/22/2025 13:41:20.713,0.654164,-0.659044,0.308904,22.26,-0.035,3.5,-0.4755,-0.957,-1.5165,1
05/22/2025 13:41:20.733,0.683444,-0.676124,0.289384,17.745,-0.455,1.4,-0.5295,-0.9525,-1.548,1
05/22/2025 13:41:20.753,0.711016,-0.680272,0.3111,9.52,0.455,-0.595,-0.5505,-0.945,-1.5345,1
05/22/2025 13:41:20.773,0.697596,-0.708088,0.280844,-2.52,0.35,-2.555,-0.525,-1.0095,-1.548,1
05/22/2025 13:41:20.793,0.69418,-0.709308,0.26962,-9.31,-0.91,-2.835,-0.531,-1.0095,-1.5435,1
05/22/2025 13:41:20.813,0.669048,-0.697108,0.265472,-12.88,-1.96,-2.625,-0.5325,-0.9945,-1.563,1
05/22/2025 13:41:20.833,0.6527,-0.701012,0.272304,-14.875,-4.27,-2.38,-0.5205,-0.975,-1.548,1
05/22/2025 13:41:20.853,0.647576,-0.717848,0.249368,-15.015,-6.72,-2.59,-0.5295,-0.9795,-1.5555,1
05/22/2025 13:41:20.873,0.650504,-0.693692,0.242292,-9.625,-8.68,-3.71,-0.555,-0.978,-1.542,1
05/22/2025 13:41:20.893,0.649528,-0.673928,0.256932,-5.705,-9.87,-6.265,-0.543,-0.987,-1.5375,1
05/22/2025 13:41:20.913,0.691984,-0.677832,0.330132,-2.87,-10.29,-8.855,-0.555,-0.9555,-1.5495,1
05/22/2025 13:41:20.933,0.695888,-0.661484,0.277428,-11.55,-8.085,-12.775,-0.558,-0.9855,-1.5525,1
05/22/2025 13:41:20.953,0.681492,-0.615856,0.302804,-21.875,-6.44,-15.54,-0.552,-0.96,-1.5525,1
05/22/2025 13:41:20.973,0.718824,-0.634888,0.195932,-42.98,-6.65,-19.915,-0.552,-0.96,-1.5525,1
05/22/2025 13:41:20.993,0.719556,-0.716384,0.15738,-56,-3.745,-22.785,-0.552,-0.96,-1.5525,1
05/22/2025 13:41:21.013,0.72224,-0.755424,0.17934,-61.11,-1.33,-25.095,-0.6,-0.918,-1.5315,1
05/22/2025 13:41:21.033,0.68808,-0.737856,0.190076,-61.46,0.385,-25.76,-0.5805,-0.9375,-1.5165,1
05/22/2025 13:41:21.053,0.66124,-0.760548,0.189832,-62.3,-0.07,-22.295,-0.603,-0.9105,-1.4895,1
05/22/2025 13:41:21.073,0.651236,-0.79544,0.172996,-60.13,-3.15,-16.66,-0.5955,-0.891,-1.4745,1
05/22/2025 13:41:21.093,0.653676,-0.8174,0.17934,-50.4,-5.915,-10.745,-0.5985,-0.876,-1.491,1
05/22/2025 13:41:21.113,0.6588,-0.918416,0.105896,-33.495,-11.445,-3.85,-0.6105,-0.8685,-1.479,1
05/22/2025 13:41:21.133,0.636352,-0.879376,0.133468,-9.66,-17.5,1.575,-0.6105,-0.8535,-1.464,1
05/22/2025 13:41:21.153,0.626836,-0.828624,0.155184,6.055,-20.58,4.55,-0.576,-0.8535,-1.464,1
05/22/2025 13:41:21.173,0.641232,-0.838628,0.150304,8.225,-20.72,7.07,-0.5985,-0.873,-1.4715,1
05/22/2025 13:41:21.193,0.650748,-0.723948,0.191052,5.88,-16.135,6.965,-0.6315,-0.849,-1.4415,1
05/22/2025 13:41:21.213,0.651724,-0.71248,0.191784,-11.41,-9.555,2.415,-0.612,-0.888,-1.437,1
05/22/2025 13:41:21.233,0.637572,-0.723216,0.08418,-35.63,-6.3,-2.31,-0.591,-0.8505,-1.452,1
05/22/2025 13:41:21.253,0.648308,-0.69784,0.0488,-36.26,-10.5,-3.22,-0.591,-0.8505,-1.452,1
05/22/2025 13:41:21.273,0.654652,-0.771284,0.004148,-32.27,-14.7,-2.415,-0.591,-0.8355,-1.422,1
05/22/2025 13:41:21.293,0.626836,-0.733952,0.048068,-18.76,-14.035,-0.245,-0.582,-0.828,-1.395,1
05/22/2025 13:41:21.313,0.6344,-0.72346,0.035136,-12.495,-14.84,1.54,-0.591,-0.8325,-1.41,1
05/22/2025 13:41:21.333,0.647576,-0.698572,0.005612,-14.35,-18.935,1.785,-0.597,-0.828,-1.3965,1
05/22/2025 13:41:21.353,0.65392,-0.711504,0.007076,-24.185,-24.885,1.715,-0.594,-0.8325,-1.4025,1
05/22/2025 13:41:21.373,0.631228,-0.695888,0.007076,-36.68,-25.27,2.065,-0.6045,-0.843,-1.389,1
05/22/2025 13:41:21.393,0.609268,-0.7564,0.011224,-39.165,-22.89,0.49,-0.63,-0.8085,-1.362,1
05/22/2025 13:41:21.413,0.61244,-0.801052,0.00854,-33.005,-17.78,-1.61,-0.6375,-0.8055,-1.356,1
05/22/2025 13:41:21.433,0.610488,-0.81984,-0.019276,-20.02,-14.28,-3.71,-0.627,-0.7905,-1.344,1
05/22/2025 13:41:21.453,0.634644,-0.82838,-0.00488,-4.235,-11.375,-6.545,-0.627,-0.7905,-1.344,1
05/22/2025 13:41:21.473,0.689056,-0.821548,0.017812,5.565,-7.21,-5.81,-0.612,-0.8055,-1.3545,1
05/22/2025 13:41:21.493,0.725412,-0.92476,0.024644,12.25,1.05,-0.7,-0.633,-0.8055,-1.347,1
05/22/2025 13:41:21.513,0.681004,-0.850096,0.159088,26.46,14.14,6.965,-0.633,-0.8055,-1.3515,1
05/22/2025 13:41:21.533,0.690276,-0.813984,0.154208,20.3,14.665,5.25,-0.6225,-0.8205,-1.377,1
05/22/2025 13:41:21.553,0.771772,-0.81496,0.10004,15.33,14.735,3.115,-0.6075,-0.8355,-1.3575,1
05/22/2025 13:41:21.573,0.80032,-0.843996,0.115656,17.71,19.95,2.87,-0.615,-0.846,-1.3695,1
05/22/2025 13:41:21.593,0.8052,-0.799588,0.152744,30.45,28.035,2.835,-0.5895,-0.8205,-1.3845,1
05/22/2025 13:41:21.613,0.779092,-0.73322,0.201788,33.6,27.3,1.47,-0.612,-0.831,-1.389,1
05/22/2025 13:41:21.633,0.80276,-0.747372,0.21838,34.23,25.655,-0.455,-0.597,-0.8475,-1.395,1
05/22/2025 13:41:21.653,0.834724,-0.783728,0.176168,35.805,25.445,0.28,-0.5895,-0.855,-1.4175,1
05/22/2025 13:41:21.673,0.822768,-0.757376,0.17324,40.845,24.115,3.5,-0.561,-0.8655,-1.428,1
05/22/2025 13:41:21.693,0.811788,-0.704428,0.193004,36.05,17.675,5.32,-0.5715,-0.858,-1.4325,1
05/22/2025 13:41:21.713,0.831796,-0.678076,0.169824,26.53,7.63,5.355,-0.5715,-0.903,-1.4445,1
05/22/2025 13:41:21.733,0.846192,-0.67344,0.116876,29.33,1.505,8.435,-0.564,-0.9105,-1.4475,1
05/22/2025 13:41:21.753,0.848876,-0.658312,0.099308,44.1,4.865,12.67,-0.5535,-0.885,-1.4655,1
05/22/2025 13:41:21.773,0.802028,-0.542656,0.141764,70.21,12.495,15.855,-0.558,-0.888,-1.458,1
05/22/2025 13:41:21.793,0.7808,-0.503616,0.13176,75.075,10.535,12.775,-0.558,-0.888,-1.458,1
05/22/2025 13:41:21.813,0.76738,-0.551684,0.130784,77.315,7.28,8.96,-0.576,-0.93,-1.4895,1
05/22/2025 13:41:21.833,0.737368,-0.58926,0.181292,84,3.535,6.23,-0.543,-0.9495,-1.503,1
05/22/2025 13:41:21.853,0.746152,-0.632448,0.222772,83.3,0.525,5.005,-0.5415,-0.975,-1.5,1
05/22/2025 13:41:21.873,0.736636,-0.631228,0.25254,77.07,-0.49,7.315,-0.5685,-1.0005,-1.515,1
05/22/2025 13:41:21.893,0.72346,-0.690764,0.2745,66.115,-0.525,7.805,-0.5535,-1.017,-1.5255,1
05/22/2025 13:41:21.913,0.707844,-0.673928,0.269376,53.305,0.315,6.65,-0.549,-1.05,-1.533,0
05/22/2025 13:41:21.933,0.682468,-0.74176,0.260836,41.23,0.98,4.55,-0.561,-1.0545,-1.5375,0
05/22/2025 13:41:21.953,0.674904,-0.727608,0.256932,37.1,-0.56,1.4,-0.537,-1.0965,-1.548,0
05/22/2025 13:41:21.973,0.672708,-0.740784,0.251808,39.13,-3.22,-1.435,-0.5385,-1.0845,-1.551,0
05/22/2025 13:41:21.993,0.67344,-0.767624,0.2318,44.695,-8.4,-3.29,-0.5265,-1.104,-1.563,0
05/22/2025 13:41:22.013,0.661728,-0.779824,0.231556,50.75,-12.985,-4.795,-0.5055,-1.074,-1.5615,0
05/22/2025 13:41:22.033,0.63928,-0.760304,0.24522,55.58,-18.83,-6.3,-0.483,-1.0845,-1.5765,0
05/22/2025 13:41:22.053,0.572424,-0.752496,0.293288,59.185,-24.605,-7.945,-0.483,-1.0845,-1.5765,0
05/22/2025 13:41:22.073,0.54168,-0.742736,0.309392,58.45,-26.11,-8.75,-0.483,-1.0845,-1.5765,0
05/22/2025 13:41:22.093,0.494588,-0.713212,0.316468,55.16,-27.825,-9.415,-0.4785,-1.1415,-1.602,0
05/22/2025 13:41:22.113,0.476776,-0.720044,0.334036,47.845,-30.975,-8.68,-0.4935,-1.1565,-1.5915,0
05/22/2025 13:41:22.133,0.483608,-0.726388,0.351116,44.485,-35.805,-8.68,-0.489,-1.194,-1.584,0
05/22/2025 13:41:22.153,0.498248,-0.749324,0.366976,43.925,-41.195,-8.225,-0.483,-1.1865,-1.629,0
05/22/2025 13:41:22.173,0.509716,-0.79056,0.390888,45.535,-43.715,-6.02,-0.5115,-1.2165,-1.602,0
05/22/2025 13:41:22.193,0.50264,-0.80764,0.413336,48.58,-44.87,-2.975,-0.507,-1.191,-1.587,0
05/22/2025 13:41:22.213,0.523136,-0.838384,0.421388,54.11,-46.48,1.33,-0.516,-1.197,-1.614,0
05/22/2025 13:41:22.233,0.515328,-0.830576,0.474824,60.585,-47.145,6.405,-0.534,-1.209,-1.6065,0
05/22/2025 13:41:22.253,0.508984,-0.830088,0.503616,66.255,-47.565,12.775,-0.555,-1.227,-1.5885,0
05/22/2025 13:41:22.273,0.511668,-0.813008,0.509716,70.315,-47.53,19.67,-0.5745,-1.2195,-1.5975,0
05/22/2025 13:41:22.293,0.504836,-0.795928,0.494588,71.19,-48.37,25.935,-0.5505,-1.257,-1.596,0
05/22/2025 13:41:22.313,0.512888,-0.752252,0.475312,68.985,-53.97,35.7,-0.603,-1.272,-1.593,0
05/22/2025 13:41:22.333,0.518988,-0.730536,0.482144,69.79,-60.13,41.405,-0.639,-1.263,-1.575,0
05/22/2025 13:41:22.353,0.524844,-0.712968,0.544852,71.12,-65.835,45.955,-0.6435,-1.275,-1.587,0
05/22/2025 13:41:22.373,0.52094,-0.707356,0.564372,74.655,-69.405,48.825,-0.6795,-1.278,-1.5735,0
05/22/2025 13:41:22.393,0.530944,-0.701988,0.580476,77.21,-68.915,51.695,-0.702,-1.3155,-1.581,0
05/22/2025 13:41:22.413,0.509228,-0.7137,0.547536,79.625,-66.255,55.58,-0.702,-1.3155,-1.581,0
05/22/2025 13:41:22.433,0.483608,-0.682712,0.501176,82.18,-64.61,58.45,-0.705,-1.3005,-1.5735,0
05/22/2025 13:41:22.453,0.478484,-0.671732,0.466284,83.44,-65.17,60.865,-0.7335,-1.3335,-1.5555,0
05/22/2025 13:41:22.473,0.490684,-0.659776,0.437004,82.215,-69.58,63.595,-0.7365,-1.341,-1.551,0
05/22/2025 13:41:22.493,0.521916,-0.6527,0.428464,82.6,-75.845,66.71,-0.741,-1.3305,-1.548,0
05/22/2025 13:41:22.513,0.543632,-0.661728,0.436516,83.16,-82.04,69.23,-0.7545,-1.3485,-1.5285,0
05/22/2025 13:41:22.533,0.57706,-0.665144,0.444324,81.235,-88.48,70.91,-0.7725,-1.3665,-1.5255,0
05/22/2025 13:41:22.553,0.61732,-0.669536,0.476044,82.215,-92.05,72.485,-0.828,-1.3695,-1.497,0
05/22/2025 13:41:22.573,0.657092,-0.691496,0.47214,86.17,-92.435,73.955,-0.831,-1.3965,-1.5075,0
05/22/2025 13:41:22.593,0.693204,-0.66002,0.488976,99.47,-85.89,74.9,-0.831,-1.3965,-1.5075,0
05/22/2025 13:41:22.613,0.71004,-0.669048,0.473604,106.12,-81.655,74.865,-0.885,-1.389,-1.4445,0
05/22/2025 13:41:22.633,0.720532,-0.634888,0.457012,112.595,-76.58,74.375,-0.921,-1.392,-1.4235,0
05/22/2025 13:41:22.653,0.71614,-0.591944,0.419436,111.02,-70.98,73.15,-0.9405,-1.3845,-1.416,0
05/22/2025 13:41:22.673,0.71858,-0.531432,0.415532,106.085,-66.22,72.45,-0.975,-1.422,-1.3785,0
05/22/2025 13:41:22.693,0.695156,-0.509228,0.411384,97.125,-63,70.595,-0.9765,-1.4175,-1.3875,0
05/22/2025 13:41:22.713,0.678076,-0.498248,0.363072,82.075,-64.19,66.605,-1.0005,-1.395,-1.3455,0
05/22/2025 13:41:22.733,0.666608,-0.469212,0.376492,67.97,-64.54,61.25,-1.0125,-1.4055,-1.3455,0
05/22/2025 13:41:22.753,0.657092,-0.462136,0.374784,48.16,-65.59,55.65,-1.0035,-1.398,-1.323,0
05/22/2025 13:41:22.773,0.641476,-0.523624,0.34648,31.22,-68.355,49.945,-1.0605,-1.398,-1.329,0
05/22/2025 13:41:22.793,0.655872,-0.525576,0.394304,26.6,-70.595,43.96,-1.0635,-1.368,-1.299,0
05/22/2025 13:41:22.813,0.67832,-0.584624,0.438956,22.96,-71.68,38.36,-1.059,-1.3635,-1.284,0
05/22/2025 13:41:22.833,0.696132,-0.618052,0.416752,22.96,-71.015,34.895,-1.0965,-1.3485,-1.2615,0
05/22/2025 13:41:22.853,0.7137,-0.632204,0.445544,35.35,-62.055,32.445,-1.0965,-1.3485,-1.2615,0
05/22/2025 13:41:22.873,0.721996,-0.6771,0.434808,42.595,-55.72,29.89,-1.0965,-1.3485,-1.2615,0
05/22/2025 13:41:22.893,0.727364,-0.681004,0.451156,54.46,-46.76,27.685,-1.1085,-1.356,-1.2015,0
05/22/2025 13:41:22.913,0.714676,-0.698572,0.45018,64.61,-37.87,25.445,-1.1205,-1.356,-1.2285,0
05/22/2025 13:41:22.933,0.711504,-0.694912,0.447984,70.42,-30.52,22.645,-1.134,-1.359,-1.1985,0
05/22/2025 13:41:22.953,0.706624,-0.6893,0.427488,69.51,-23.765,19.88,-1.137,-1.371,-1.179,0
05/22/2025 13:41:22.973,0.690764,-0.667096,0.399672,65.065,-17.78,16.52,-1.1445,-1.3935,-1.191,0
05/22/2025 13:41:22.993,0.653188,-0.662704,0.397476,56.105,-11.725,13.79,-1.1415,-1.386,-1.1835,0
05/22/2025 13:41:23.013,0.625616,-0.650504,0.376248,44.625,-9.17,11.2,-1.119,-1.386,-1.179,0
05/22/2025 13:41:23.033,0.607316,-0.638548,0.3721,34.405,-8.05,9.345,-1.149,-1.3665,-1.188,0
05/22/2025 13:41:23.053,0.590724,-0.647088,0.372344,26.775,-7.56,7,-1.1445,-1.3785,-1.1685,0
05/22/2025 13:41:23.073,0.581696,-0.641476,0.388204,19.985,-8.54,4.62,-1.149,-1.3785,-1.1715,0
05/22/2025 13:41:23.093,0.558028,-0.654896,0.396012,10.64,-9.135,4.165,-1.122,-1.3785,-1.1595,0
05/22/2025 13:41:23.113,0.534848,-0.653432,0.42334,-3.85,-9.275,6.09,-1.167,-1.3485,-1.1535,0
05/22/2025 13:41:23.133,0.532164,-0.669292,0.426756,-9.59,-9.765,7.63,-1.167,-1.3485,-1.1535,0
05/22/2025 13:41:23.153,0.547536,-0.694668,0.42456,-9.415,-10.675,8.225,-1.1715,-1.3635,-1.1685,0
05/22/2025 13:41:23.173,0.58926,-0.742248,0.44164,-4.27,-9.695,8.33,-1.1715,-1.347,-1.1685,0
05/22/2025 13:41:23.193,0.621712,-0.795684,0.4453,5.705,-6.685,8.995,-1.1745,-1.332,-1.158,0
05/22/2025 13:41:23.213,0.632936,-0.8174,0.459696,17.99,-1.995,9.695,-1.179,-1.3365,-1.17,0
05/22/2025 13:41:23.233,0.632448,-0.782508,0.446276,25.62,1.89,10.64,-1.1715,-1.356,-1.1655,0
05/22/2025 13:41:23.253,0.624884,-0.76494,0.428952,30.555,4.585,11.48,-1.2045,-1.314,-1.143,0
05/22/2025 13:41:23.273,0.625128,-0.753228,0.429196,35.525,4.69,12.985,-1.212,-1.32,-1.167,0
05/22/2025 13:41:23.293,0.63318,-0.743468,0.41236,39.585,3.22,15.015,-1.2195,-1.335,-1.1595,0
05/22/2025 13:41:23.313,0.614636,-0.718336,0.425048,41.79,1.435,18.48,-1.194,-1.3365,-1.17,0
05/22/2025 13:41:23.333,0.610732,-0.677832,0.430172,40.18,-1.89,21.63,-1.176,-1.332,-1.1805,0
05/22/2025 13:41:23.353,0.611952,-0.654896,0.429684,34.44,-5.635,24.465,-1.194,-1.3125,-1.182,0
05/22/2025 13:41:23.373,0.609024,-0.662216,0.437004,28.21,-8.575,27.195,-1.197,-1.3665,-1.17,0
05/22/2025 13:41:23.393,0.591212,-0.658068,0.449692,23.45,-11.83,30.1,-1.197,-1.3665,-1.17,0
05/22/2025 13:41:23.413,0.586088,-0.677588,0.446276,20.545,-14.035,31.64,-1.197,-1.3665,-1.17,0
05/22/2025 13:41:23.433,0.555344,-0.643184,0.4331,19.95,-14.035,33.005,-1.191,-1.317,-1.1895,0
05/22/2025 13:41:23.453,0.544608,-0.6405,0.438468,15.715,-15.54,32.515,-1.179,-1.3095,-1.173,0
05/22/2025 13:41:23.473,0.52704,-0.652456,0.430416,13.93,-17.5,31.71,-1.209,-1.317,-1.1895,0
05/22/2025 13:41:23.493,0.519476,-0.648064,0.422608,14.245,-19.67,30.52,-1.1865,-1.2945,-1.1775,0
05/22/2025 13:41:23.513,0.52704,-0.6466,0.44164,13.825,-21.98,29.155,-1.209,-1.2945,-1.1895,0
05/22/2025 13:41:23.533,0.530212,-0.641964,0.442616,13.93,-24.465,27.615,-1.194,-1.2795,-1.1625,0
05/22/2025 13:41:23.553,0.5368,-0.62464,0.45872,13.895,-25.445,26.985,-1.209,-1.2825,-1.1865,0
05/22/2025 13:41:23.573,0.54778,-0.631228,0.476532,12.425,-27.405,26.705,-1.194,-1.26,-1.1625,0
05/22/2025 13:41:23.593,0.544364,-0.618784,0.496052,14.315,-28.595,26.32,-1.2135,-1.2495,-1.164,0
05/22/2025 13:41:23.613,0.554856,-0.619028,0.499712,16.1,-29.96,25.725,-1.2345,-1.263,-1.1565,0
05/22/2025 13:41:23.633,0.567544,-0.634156,0.497516,18.585,-30.625,25.97,-1.221,-1.2495,-1.152,0
05/22/2025 13:41:23.653,0.602436,-0.661484,0.54046,22.925,-33.075,25.97,-1.251,-1.2405,-1.161,0
05/22/2025 13:41:23.673,0.616344,-0.653188,0.557052,25.515,-35.84,26.565,-1.251,-1.2405,-1.161,0
05/22/2025 13:41:23.693,0.639524,-0.6649,0.572424,28.63,-38.78,27.65,-1.2645,-1.248,-1.1265,0
05/22/2025 13:41:23.713,0.656848,-0.654652,0.5978,33.145,-40.075,29.12,-1.26,-1.2225,-1.116,0
05/22/2025 13:41:23.733,0.648064,-0.6344,0.603412,36.68,-40.495,29.435,-1.257,-1.215,-1.086,0
05/22/2025 13:41:23.753,0.631716,-0.628544,0.595116,37.31,-39.445,29.435,-1.2705,-1.215,-1.089,0
05/22/2025 13:41:23.773,0.61366,-0.643672,0.579012,36.155,-37.45,29.365,-1.278,-1.2225,-1.0965,0
05/22/2025 13:41:23.793,0.584868,-0.608048,0.579012,35.245,-34.3,29.4,-1.275,-1.23,-1.0785,0
05/22/2025 13:41:23.813,0.569984,-0.612684,0.533384,31.22,-31.78,29.75,-1.275,-1.2105,-1.074,0
05/22/2025 13:41:23.833,0.547292,-0.57706,0.527528,29.4,-28.91,28.98,-1.29,-1.1985,-1.071,0
05/22/2025 13:41:23.853,0.520452,-0.57218,0.5002,24.745,-26.53,28.21,-1.29,-1.1985,-1.071,0
05/22/2025 13:41:23.873,0.488976,-0.559248,0.487268,17.465,-25.445,26.775,-1.3035,-1.233,-1.071,0
05/22/2025 13:41:23.893,0.493612,-0.59414,0.4941,8.47,-26.145,24.185,-1.3005,-1.1955,-1.086,0
05/22/2025 13:41:23.913,0.510936,-0.63684,0.482144,4.97,-28.84,22.54,-1.296,-1.233,-1.068,0
05/22/2025 13:41:23.933,0.52826,-0.644404,0.485316,6.37,-30.415,21.49,-1.278,-1.1775,-1.0635,0
05/22/2025 13:41:23.953,0.54412,-0.674416,0.49532,10.78,-28.84,21.945,-1.2675,-1.17,-1.0365,0
05/22/2025 13:41:23.973,0.552416,-0.66978,0.495808,19.565,-26.845,22.68,-1.3155,-1.1835,-1.041,0
05/22/2025 13:41:23.993,0.55388,-0.664168,0.492148,27.3,-24.64,23.695,-1.281,-1.173,-1.026,0
05/22/2025 13:41:24.013,0.551928,-0.640256,0.508496,32.83,-21.595,24.36,-1.314,-1.176,-1.011,0
05/22/2025 13:41:24.033,0.550952,-0.640988,0.487756,36.05,-19.985,24.85,-1.3035,-1.173,-1.023,0
05/22/2025 13:41:24.053,0.566324,-0.647088,0.473848,39.025,-19.25,25.2,-1.311,-1.161,-1.0155,0
05/22/2025 13:41:24.073,0.59536,-0.630984,0.464088,39.48,-18.69,25.97,-1.3035,-1.131,-1.0155,0
05/22/2025 13:41:24.093,0.598044,-0.609512,0.45384,38.22,-16.8,27.02,-1.3005,-1.1235,-1.0155,0
05/22/2025 13:41:24.113,0.572912,-0.576816,0.437004,34.09,-14.21,27.72,-1.3455,-1.1265,-1.02,0
05/22/2025 13:41:24.133,0.55632,-0.54534,0.46604,30.31,-11.06,26.39,-1.329,-1.1355,-1.0005,0
05/22/2025 13:41:24.153,0.539728,-0.55632,0.481656,23.52,-9.345,24.325,-1.326,-1.1235,-1.008,0
05/22/2025 13:41:24.173,0.534116,-0.584868,0.483852,14.28,-8.4,22.785,-1.3455,-1.1115,-1.017,0
05/22/2025 13:41:24.193,0.525576,-0.65514,0.488732,2.03,-8.19,21.77,-1.326,-1.1085,-1.0125,0
05/22/2025 13:41:24.213,0.533628,-0.689056,0.495564,-1.855,-9.485,21.385,-1.326,-1.1085,-1.0125,0
05/22/2025 13:41:24.233,0.548512,-0.734196,0.516548,-2.24,-11.655,20.58,-1.323,-1.0965,-1.005,0
05/22/2025 13:41:24.253,0.563396,-0.74054,0.51484,-0.385,-13.825,19.705,-1.32,-1.0935,-1.02,0
05/22/2025 13:41:24.273,0.563152,-0.744444,0.526552,2.485,-14.77,20.265,-1.359,-1.0965,-0.9825,0
05/22/2025 13:41:24.293,0.565836,-0.729316,0.548268,5.565,-15.33,20.825,-1.341,-1.101,-1.0095,0
05/22/2025 13:41:24.313,0.568032,-0.696132,0.550464,8.82,-15.12,22.505,-1.3335,-1.0935,-1.0005,0
05/22/2025 13:41:24.333,0.550464,-0.655384,0.537288,10.885,-14.665,23.905,-1.3485,-1.0785,-0.975,0
05/22/2025 13:41:24.353,0.538508,-0.622932,0.533872,11.025,-14.175,24.535,-1.3365,-1.086,-0.978,0
05/22/2025 13:41:24.373,0.529968,-0.621712,0.51728,7.105,-14.805,23.975,-1.356,-1.0665,-0.987,0
05/22/2025 13:41:24.393,0.52338,-0.619272,0.501908,1.26,-16.275,22.785,-1.353,-1.056,-0.975,0
05/22/2025 13:41:24.413,0.510936,-0.652212,0.477752,-6.685,-19.285,20.615,-1.3575,-1.0365,-0.987,0
05/22/2025 13:41:24.433,0.505812,-0.6771,0.463356,-12.565,-23.59,18.13,-1.344,-1.026,-0.942,0
05/22/2025 13:41:24.453,0.491904,-0.706136,0.441884,-15.715,-27.475,16.905,-1.356,-1.0185,-0.9345,0
05/22/2025 13:41:24.473,0.452132,-0.71858,0.432612,-9.59,-32.13,17.395,-1.356,-1.0185,-0.9345,0
05/22/2025 13:41:24.493,0.427976,-0.709796,0.429196,-2.135,-34.58,18.97,-1.3575,-0.9765,-0.9495,0
05/22/2025 13:41:24.513,0.422608,-0.715164,0.435296,6.23,-37.205,20.195,-1.3935,-0.9495,-0.9285,0
05/22/2025 13:41:24.533,0.44164,-0.747128,0.443592,13.125,-39.305,20.23,-1.371,-0.954,-0.9165,0
05/22/2025 13:41:24.553,0.471164,-0.811788,0.4392,18.06,-40.53,18.445,-1.3965,-0.9465,-0.8865,0
05/22/2025 13:41:24.573,0.54046,-0.895724,0.463112,24.36,-41.195,15.61,-1.3995,-0.9465,-0.8835,0
05/22/2025 13:41:24.593,0.601216,-0.967948,0.481412,32.165,-40.67,11.97,-1.3995,-0.9465,-0.852,0
05/22/2025 13:41:24.613,0.674172,-1.01992,0.47458,38.85,-38.57,9.17,-1.3845,-0.9315,-0.8445,0
05/22/2025 13:41:24.633,0.687836,-0.99064,0.46482,47.005,-31.64,9.065,-1.41,-0.9315,-0.849,0
05/22/2025 13:41:24.653,0.671976,-0.915732,0.463112,54.25,-23.555,9.03,-1.41,-0.9315,-0.837,0
05/22/2025 13:41:24.673,0.625128,-0.81252,0.457256,56.525,-16.555,8.855,-1.4145,-0.9045,-0.8415,0
05/22/2025 13:41:24.693,0.579988,-0.732976,0.437248,50.225,-11.62,9.31,-1.4025,-0.9345,-0.834,0
05/22/2025 13:41:24.713,0.525576,-0.673196,0.421876,35.28,-8.4,9.59,-1.4205,-0.954,-0.8415,0
05/22/2025 13:41:24.733,0.488488,-0.644404,0.406748,8.155,-7.245,8.785,-1.437,-0.9345,-0.8535,0
05/22/2025 13:41:24.753,0.484096,-0.662216,0.388448,-8.715,-7.63,7.56,-1.4355,-0.9495,-0.8415,0
05/22/2025 13:41:24.773,0.481168,-0.690276,0.384544,-23.38,-6.58,5.95,-1.4445,-0.912,-0.8535,0
05/22/2025 13:41:24.793,0.481412,-0.731024,0.38674,-35.7,-4.585,4.34,-1.4205,-0.9195,-0.831,0
05/22/2025 13:41:24.813,0.49044,-0.820572,0.373808,-41.405,-4.095,2.73,-1.428,-0.9195,-0.804,0
05/22/2025 13:41:24.833,0.497516,-0.861808,0.378444,-37.17,-1.015,1.925,-1.428,-0.9195,-0.804,0
05/22/2025 13:41:24.853,0.50264,-0.89792,0.379664,-27.685,3.045,2.485,-1.425,-0.912,-0.816,0
05/22/2025 13:41:24.873,0.48678,-0.862784,0.367464,-14.595,7.14,3.78,-1.44,-0.8925,-0.8085,0
05/22/2025 13:41:24.893,0.47336,-0.832772,0.374784,-4.725,10.08,5.145,-1.4235,-0.9195,-0.7965,0
05/22/2025 13:41:24.913,0.479216,-0.800564,0.371612,1.925,11.585,4.445,-1.4235,-0.894,-0.786,0
05/22/2025 13:41:24.933,0.477508,-0.789096,0.365512,0.98,12.705,3.08,-1.437,-0.882,-0.8205,0
05/22/2025 13:41:24.953,0.48556,-0.771772,0.374296,-3.36,11.515,-0.105,-1.452,-0.858,-0.813,0
05/22/2025 13:41:24.973,0.495564,-0.752496,0.36478,-14.875,7.98,-1.82,-1.4415,-0.858,-0.831,0
05/22/2025 13:41:24.993,0.496052,-0.767136,0.369416,-39.445,6.23,-1.68,-1.443,-0.8595,-0.798,0
05/22/2025 13:41:25.013,0.461404,-0.746152,0.30744,-56.245,3.465,0.91,-1.443,-0.8595,-0.798,0
05/22/2025 13:41:25.033,0.4392,-0.716628,0.330376,-65.31,1.155,4.62,-1.47,-0.8655,-0.8025,0
05/22/2025 13:41:25.053,0.401868,-0.789096,0.383324,-74.9,-4.025,8.4,-1.458,-0.852,-0.7785,0
05/22/2025 13:41:25.073,0.43066,-0.733708,0.39894,-66.64,-9.835,9.31,-1.4685,-0.8505,-0.7605,0
05/22/2025 13:41:25.093,0.438224,-0.71614,0.422852,-61.67,-12.635,10.885,-1.446,-0.8325,-0.7185,0
05/22/2025 13:41:25.113,0.474336,-0.826184,0.382836,-64.82,-15.085,12.915,-1.4715,-0.8175,-0.708,0
05/22/2025 13:41:25.133,0.499956,-0.831308,0.385032,-55.58,-12.67,12.985,-1.4475,-0.8565,-0.6795,0
05/22/2025 13:41:25.153,0.50752,-0.859124,0.40382,-46.69,-9.38,14.105,-1.455,-0.8445,-0.6645,0
05/22/2025 13:41:25.173,0.53436,-0.854976,0.4026,-34.23,-7.525,15.75,-1.44,-0.8265,-0.639,0
05/22/2025 13:41:25.193,0.532164,-0.8357,0.399428,-23.1,-5.355,17.465,-1.44,-0.807,-0.6195,0
05/22/2025 13:41:25.213,0.525088,-0.8418,0.394548,-12.81,-5.95,18.83,-1.434,-0.831,-0.5895,0
05/22/2025 13:41:25.233,0.527772,-0.817888,0.36234,-2.45,-7.56,20.265,-1.428,-0.792,-0.615,0
05/22/2025 13:41:25.253,0.497272,-0.799588,0.349408,3.255,-10.29,22.54,-1.425,-0.7935,-0.6045,0
05/22/2025 13:41:25.273,0.483608,-0.855952,0.311588,14.245,-19.005,25.97,-1.425,-0.7935,-0.6045,0
05/22/2025 13:41:25.293,0.479216,-0.83448,0.323056,23.73,-25.655,26.32,-1.425,-0.7935,-0.6045,0
05/22/2025 13:41:25.313,0.493124,-0.859856,0.270596,28.28,-32.83,25.375,-1.395,-0.741,-0.588,0
05/22/2025 13:41:25.333,0.45872,-0.837164,0.307196,32.27,-37.695,25.62,-1.395,-0.729,-0.57,0
05/22/2025 13:41:25.353,0.47336,-0.906704,0.231556,34.825,-46.76,25.375,-1.3695,-0.7305,-0.573,0
05/22/2025 13:41:25.373,0.432124,-0.897676,0.223992,50.47,-51.52,25.34,-1.377,-0.7155,-0.561,0
05/22/2025 13:41:25.393,0.47702,-0.928908,0.260836,67.83,-55.93,24.605,-1.362,-0.696,-0.543,0
05/22/2025 13:41:25.413,0.47824,-0.821548,0.3355,89.39,-53.97,25.655,-1.3215,-0.6705,-0.5445,0
05/22/2025 13:41:25.433,0.502396,-0.711504,0.41114,93.17,-52.64,26.74,-1.329,-0.6555,-0.5385,0
05/22/2025 13:41:25.453,0.512644,-0.61,0.671244,87.745,-42.14,19.88,-1.314,-0.6405,-0.534,0
05/22/2025 13:41:25.473,0.466284,-0.564372,0.651724,93.415,-31.92,11.165,-1.311,-0.615,-0.537,0
05/22/2025 13:41:25.493,0.50264,-0.642208,0.521916,82.46,-31.745,6.65,-1.3035,-0.645,-0.5595,0
05/22/2025 13:41:25.513,0.504104,-0.732,0.556808,68.775,-20.65,3.955,-1.293,-0.6255,-0.5445,1
05/22/2025 13:41:25.533,0.510448,-0.82106,0.437492,69.615,-22.33,4.06,-1.29,-0.591,-0.579,1
05/22/2025 13:41:25.553,0.51118,-0.926956,0.447496,75.985,-22.995,9.275,-1.29,-0.591,-0.579,1
05/22/2025 13:41:25.573,0.500444,-0.852048,0.508984,89.25,-22.925,13.79,-1.2795,-0.5955,-0.5865,1
05/22/2025 13:41:25.593,0.44164,-0.7198,0.549488,88.34,-22.61,16.415,-1.29,-0.621,-0.6135,1
05/22/2025 13:41:25.613,0.3965,-0.467504,0.486536,68.635,-29.54,13.195,-1.2855,-0.5835,-0.6465,1
05/22/2025 13:41:25.633,0.524112,-0.470676,0.56974,50.855,-31.78,1.575,-1.3035,-0.606,-0.651,1
05/22/2025 13:41:25.653,0.492636,-0.648796,0.48312,33.355,-26.88,2.625,-1.269,-0.621,-0.6585,1
05/22/2025 13:41:25.673,0.458232,-0.817156,0.53924,33.67,-22.855,5.285,-1.2765,-0.6105,-0.6435,1
05/22/2025 13:41:25.693,0.515572,-0.75884,0.552172,47.145,-19.46,4.69,-1.2585,-0.5955,-0.6615,1
05/22/2025 13:41:25.713,0.473116,-0.64904,0.4697,54.845,-15.295,3.885,-1.278,-0.591,-0.669,1
05/22/2025 13:41:25.733,0.466772,-0.626104,0.522648,55.23,-12.425,4.48,-1.2705,-0.576,-0.666,1
05/22/2025 13:41:25.753,0.476288,-0.681736,0.47336,51.625,-10.57,5.32,-1.2675,-0.5835,-0.6765,1
05/22/2025 13:41:25.773,0.469944,-0.63318,0.65392,58.38,-6.965,5.985,-1.2705,-0.588,-0.681,1
05/22/2025 13:41:25.793,0.473848,-0.762744,0.622444,59.43,-8.19,4.305,-1.2645,-0.579,-0.7185,1
05/22/2025 13:41:25.813,0.5246,-0.66978,0.536068,71.12,-4.655,-0.84,-1.2645,-0.579,-0.7185,1
05/22/2025 13:41:25.833,0.537776,-0.571692,0.585112,83.895,2.45,-3.5,-1.2645,-0.579,-0.7185,1
05/22/2025 13:41:25.853,0.485072,-0.574132,0.499956,73.78,5.425,-5.635,-1.266,-0.5415,-0.7455,1
05/22/2025 13:41:25.873,0.502396,-0.670268,0.440176,67.97,8.015,-5.495,-1.2525,-0.546,-0.78,1
05/22/2025 13:41:25.893,0.495564,-0.536068,0.545828,71.295,17.64,-5.25,-1.263,-0.549,-0.7905,1
05/22/2025 13:41:25.913,0.468724,-0.599752,0.70272,66.115,25.9,-3.99,-1.2615,-0.5445,-0.825,1
05/22/2025 13:41:25.933,0.457988,-0.580964,0.734196,73.36,26.565,-4.27,-1.2645,-0.567,-0.8445,1
05/22/2025 13:41:25.953,0.464576,-0.472628,0.794464,85.295,25.62,-6.195,-1.2855,-0.5745,-0.9045,1
05/22/2025 13:41:25.973,0.477508,-0.475312,0.733952,75.915,23.17,-6.545,-1.293,-0.57,-0.906,1
05/22/2025 13:41:25.993,0.490196,-0.501908,0.694668,70.07,22.085,-5.005,-1.245,-0.5595,-0.9495,1
05/22/2025 13:41:26.013,0.482632,-0.470676,0.684908,71.995,19.6,0.175,-1.2615,-0.567,-0.981,1
05/22/2025 13:41:26.033,0.508496,-0.380396,0.734196,73.15,21.175,4.655,-1.254,-0.582,-0.999,1
05/22/2025 13:41:26.053,0.52948,-0.281576,0.83082,66.15,23.555,8.26,-1.251,-0.615,-1.029,1
05/22/2025 13:41:26.073,0.510448,-0.121512,0.93086,35.385,26.285,5.25,-1.2645,-0.6345,-1.026,1
05/22/2025 13:41:26.093,0.51118,-0.176412,0.923296,-9.905,23.905,-2.8,-1.2645,-0.6345,-1.026,1
05/22/2025 13:41:26.113,0.482144,-0.217404,0.8357,-39.515,17.85,-14.35,-1.26,-0.6225,-1.0905,1
05/22/2025 13:41:26.133,0.521916,-0.284504,0.76128,-57.75,12.6,-24.5,-1.251,-0.6345,-1.0635,1
05/22/2025 13:41:26.153,0.549488,-0.398696,0.7259,-65.1,13.125,-31.99,-1.263,-0.6,-1.044,1
05/22/2025 13:41:26.173,0.555344,-0.425292,0.770064,-62.23,17.675,-37.24,-1.233,-0.6375,-1.0545,1
05/22/2025 13:41:26.193,0.569008,-0.356728,0.79178,-53.55,25.27,-41.86,-1.266,-0.6105,-1.041,1
05/22/2025 13:41:26.213,0.555344,-0.19886,0.871324,-50.785,34.335,-50.12,-1.269,-0.6375,-1.0335,1
05/22/2025 13:41:26.233,0.515816,-0.394548,0.786412,-71.085,33.705,-56.21,-1.2765,-0.6525,-1.0365,1
05/22/2025 13:41:26.253,0.5124,-0.37942,0.671732,-74.27,22.33,-58.38,-1.314,-0.6405,-1.038,1
05/22/2025 13:41:26.273,0.496296,-0.420168,0.702964,-79.8,14.7,-56.175,-1.314,-0.6405,-1.038,1
05/22/2025 13:41:26.293,0.463112,-0.270108,0.8235,-118.895,14.385,-57.47,-1.29,-0.648,-1.023,1
05/22/2025 13:41:26.313,0.446764,-0.263764,0.833016,-199.5,23.275,-60.935,-1.335,-0.648,-1.0005,1
05/22/2025 13:41:26.333,0.435052,-0.502152,0.749568,-248.99,33.495,-68.32,-1.3665,-0.633,-0.972,1
05/22/2025 13:41:26.353,0.432124,-0.667584,0.698328,-230.685,51.45,-73.255,-1.3665,-0.633,-0.972,1
05/22/2025 13:41:26.373,0.367952,-0.730048,0.64904,-198.065,65.555,-75.39,-1.389,-0.678,-0.87,1
05/22/2025 13:41:26.393,0.364536,-0.736636,0.59048,-176.085,72.555,-74.445,-1.4325,-0.7155,-0.825,1
05/22/2025 13:41:26.413,0.39162,-0.73932,0.513864,-165.515,77.735,-70.84,-1.4475,-0.726,-0.852,1
05/22/2025 13:41:26.433,0.388936,-0.72956,0.482144,-165.27,83.685,-64.19,-1.4715,-0.7635,-0.8325,1
05/22/2025 13:41:26.453,0.395036,-0.793488,0.422608,-180.005,86.275,-56.805,-1.4655,-0.7785,-0.8445,1
05/22/2025 13:41:26.473,0.41358,-0.83936,0.360388,-188.965,86.625,-52.5,-1.4895,-0.783,-0.819,1
05/22/2025 13:41:26.493,0.420656,-0.861076,0.304024,-192.5,87.395,-48.93,-1.5195,-0.8235,-0.822,1
05/22/2025 13:41:26.513,0.45872,-0.971364,0.258152,-184.975,87.395,-41.825,-1.509,-0.819,-0.849,1
05/22/2025 13:41:26.533,0.4514,-1.002108,0.2257,-156.66,87.5,-34.545,-1.515,-0.861,-0.852,1
05/22/2025 13:41:26.553,0.458476,-0.990152,0.155428,-129.71,86.835,-29.155,-1.527,-0.8235,-0.861,1
05/22/2025 13:41:26.573,0.43798,-0.923784,0.119804,-119.28,82.95,-24.465,-1.5285,-0.831,-0.888,1
05/22/2025 13:41:26.593,0.406504,-0.877912,0.111996,-126.035,75.635,-21.105,-1.5285,-0.8595,-0.918,1
05/22/2025 13:41:26.613,0.397232,-0.985028,0.04758,-119.28,59.15,-18.2,-1.5285,-0.8595,-0.918,1
05/22/2025 13:41:26.633,0.391132,-0.965508,0.044164,-90.02,50.645,-17.745,-1.5285,-0.8595,-0.918,1
05/22/2025 13:41:26.653,0.391864,-0.98454,0.054168,-57.295,41.44,-15.575,-1.5405,-0.819,-0.9225,1
05/22/2025 13:41:26.673,0.406992,-0.978684,0.042456,-32.585,36.19,-13.545,-1.563,-0.8175,-0.942,1
05/22/2025 13:41:26.693,0.421144,-0.95404,0.061488,-15.33,30.135,-10.22,-1.5495,-0.8025,-0.9645,1
05/22/2025 13:41:26.713,0.4331,-0.9516,0.074908,-7.91,24.57,-5.6,-1.5285,-0.792,-0.99,1
05/22/2025 13:41:26.733,0.43066,-1.014796,0.078324,-3.57,20.23,-1.75,-1.551,-0.7905,-1.014,1
05/22/2025 13:41:26.753,0.435052,-1.024556,0.057096,2.66,15.47,0.07,-1.5435,-0.7995,-0.9975,1
05/22/2025 13:41:26.773,0.438712,-0.9943,0.061488,7.315,11.095,1.96,-1.5435,-0.7875,-1.017,1
05/22/2025 13:41:26.793,0.440908,-0.925492,0.097844,11.83,4.69,2.975,-1.5435,-0.81,-1.017,1
05/22/2025 13:41:26.813,0.449936,-0.876204,0.103456,9.24,-2.94,4.41,-1.557,-0.813,-1.0095,1
05/22/2025 13:41:26.833,0.449204,-0.863028,0.08784,5.985,-9.065,5.95,-1.5615,-0.8025,-1.0245,1
05/22/2025 13:41:26.853,0.438468,-0.897676,0.108336,2.345,-10.955,4.795,-1.548,-0.795,-1.047,1
05/22/2025 13:41:26.873,0.427732,-0.87108,0.125416,5.11,-11.41,4.025,-1.5315,-0.807,-1.017,1
05/22/2025 13:41:26.893,0.440664,-0.870592,0.157624,2.905,-6.895,5.705,-1.5315,-0.807,-1.017,1
05/22/2025 13:41:26.913,0.44042,-0.889136,0.195688,-1.995,-1.26,6.72,-1.5585,-0.768,-1.0365,1
05/22/2025 13:41:26.933,0.437492,-0.94428,0.183,-7.035,3.325,5.915,-1.5585,-0.798,-1.017,1
05/22/2025 13:41:26.953,0.45506,-0.921832,0.177876,-6.195,6.895,3.885,-1.569,-0.7725,-1.014,1
05/22/2025 13:41:26.973,0.486536,-0.931348,0.167872,-7.315,9.625,4.305,-1.584,-0.7785,-1.0215,1
05/22/2025 13:41:26.993,0.483852,-0.914756,0.203008,-1.435,11.865,5.005,-1.5405,-0.783,-1.0365,1
05/22/2025 13:41:27.013,0.4941,-0.890112,0.214964,1.12,12.705,5.95,-1.5675,-0.7725,-1.0485,1
05/22/2025 13:41:27.033,0.491904,-0.826428,0.202276,-1.47,11.34,4.62,-1.542,-0.7455,-1.056,1
05/22/2025 13:41:27.053,0.507032,-0.810812,0.166408,-6.685,11.935,1.33,-1.542,-0.735,-1.0515,1
05/22/2025 13:41:27.073,0.508252,-0.834236,0.164456,-8.12,16.275,-1.785,-1.542,-0.735,-1.0515,1
05/22/2025 13:41:27.093,0.479948,-0.810568,0.186172,-5.46,21.455,-5.985,-1.554,-0.708,-1.0785,1
05/22/2025 13:41:27.113,0.435052,-0.77714,0.205692,-1.715,20.195,-10.815,-1.524,-0.7575,-1.0845,1
05/22/2025 13:41:27.133,0.439932,-0.776408,0.182512,4.62,12.39,-15.015,-1.5435,-0.696,-1.0905,1
05/22/2025 13:41:27.153,0.451644,-0.843508,0.198128,13.055,2.975,-16.1,-1.548,-0.7155,-1.116,1
05/22/2025 13:41:27.173,0.465308,-0.850584,0.183488,17.955,-1.47,-13.685,-1.569,-0.726,-1.0935,1
05/22/2025 13:41:27.193,0.483364,-0.921588,0.2379,25.095,-2.345,-6.125,-1.572,-0.756,-1.113,1
05/22/2025 13:41:27.213,0.464576,-0.866688,0.252784,22.155,-2.415,-7.315,-1.572,-0.7605,-1.113,1
05/22/2025 13:41:27.233,0.466284,-0.818864,0.252052,16.835,-1.995,-7.63,-1.572,-0.7605,-1.113,1
05/22/2025 13:41:27.253,0.45628,-0.828868,0.24278,8.855,-2.31,-8.085,-1.566,-0.756,-1.116,1
05/22/2025 13:41:27.273,0.45994,-0.842044,0.254736,10.605,-2.59,-9.205,-1.5765,-0.759,-1.1325,1
05/22/2025 13:41:27.293,0.473848,-0.828868,0.263032,12.845,-3.92,-9.8,-1.584,-0.7515,-1.11,1
05/22/2025 13:41:27.313,0.47336,-0.824232,0.268644,11.27,-3.955,-10.5,-1.5915,-0.7485,-1.125,1
05/22/2025 13:41:27.333,0.488,-0.847656,0.234728,4.06,-5.04,-8.89,-1.554,-0.753,-1.113,1
05/22/2025 13:41:27.353,0.482632,-0.848876,0.199836,-1.33,-4.97,-7.14,-1.5915,-0.744,-1.125,1
05/22/2025 13:41:27.373,0.492392,-0.86132,0.184464,-5.46,-4.025,-6.125,-1.5945,-0.774,-1.11,1
05/22/2025 13:41:27.393,0.480436,-0.865224,0.193736,-8.26,-4.83,-5.95,-1.587,-0.7935,-1.1205,1
05/22/2025 13:41:27.413,0.50386,-0.839604,0.163968,-12.95,-2.8,-3.29,-1.5975,-0.7665,-1.1025,1
05/22/2025 13:41:27.433,0.479704,-0.834236,0.15372,-17.85,1.015,-1.785,-1.5975,-0.7665,-1.1025,1
05/22/2025 13:41:27.453,0.450424,-0.809348,0.16348,-21.42,2.31,-2.17,-1.5705,-0.8055,-1.0785,1
05/22/2025 13:41:27.473,0.47214,-0.800564,0.141764,-28.28,0.98,-2.1,-1.5795,-0.798,-1.1085,1
05/22/2025 13:41:27.493,0.469944,-0.766404,0.169824,-40.705,-0.805,-2.03,-1.5915,-0.759,-1.1055,1
05/22/2025 13:41:27.513,0.465064,-0.802516,0.170068,-57.19,-4.41,-2.31,-1.605,-0.7785,-1.095,1
05/22/2025 13:41:27.533,0.478972,-0.838872,0.122,-66.01,-6.58,-1.96,-1.59,-0.771,-1.0605,1
05/22/2025 13:41:27.553,0.484096,-0.890356,0.08906,-62.405,-7.56,-0.315,-1.6035,-0.756,-1.0335,1
05/22/2025 13:41:27.573,0.4941,-0.926224,0.076372,-52.22,-6.02,0.665,-1.578,-0.726,-1.023,1
05/22/2025 13:41:27.593,0.473604,-0.898652,0.080764,-41.3,-5.25,0.77,-1.6005,-0.7335,-1.026,1
05/22/2025 13:41:27.613,0.475312,-0.908168,0.086376,-33.075,-5.53,1.54,-1.626,-0.729,-1.0125,1
05/22/2025 13:41:27.633,0.484584,-0.89792,0.102724,-25.41,-5.04,2.59,-1.6005,-0.7155,-1.0005,1
05/22/2025 13:41:27.653,0.473116,-0.858392,0.110776,-22.365,-4.27,3.605,-1.6065,-0.708,-0.978,1
05/22/2025 13:41:27.673,0.471408,-0.890844,0.075884,-22.925,-4.235,3.43,-1.6035,-0.693,-0.9585,1
05/22/2025 13:41:27.693,0.472872,-0.934764,0.071492,-16.205,-2.975,0.385,-1.6095,-0.7005,-0.9405,1
05/22/2025 13:41:27.713,0.460916,-0.938668,0.067588,-13.825,-2.205,-0.525,-1.6035,-0.696,-0.9585,1
05/22/2025 13:41:27.733,0.467748,-0.964776,0.041968,-10.535,-1.645,1.155,-1.617,-0.708,-0.948,1
05/22/2025 13:41:27.753,0.457256,-0.957456,0.02684,-4.69,-0.595,2.87,-1.6185,-0.6915,-0.975,1
05/22/2025 13:41:27.773,0.447496,-0.9516,0.044408,1.12,-1.19,3.255,-1.629,-0.714,-0.963,1
05/22/2025 13:41:27.793,0.463112,-0.903288,0.032208,3.045,-2.975,4.375,-1.602,-0.7155,-0.9465,1
05/22/2025 13:41:27.813,0.488244,-0.869128,0.02806,0.875,-3.01,3.185,-1.635,-0.711,-0.9525,1
05/22/2025 13:41:27.833,0.498248,-0.833504,0.031964,-5.53,-1.82,0.49,-1.602,-0.7305,-0.936,1
05/22/2025 13:41:27.853,0.4941,-0.801784,0.058316,-14.665,0.175,-0.665,-1.6095,-0.7005,-0.9435,1
05/22/2025 13:41:27.873,0.487268,-0.83204,0.029524,-27.58,-0.56,0.525,-1.5765,-0.705,-0.939,1
05/22/2025 13:41:27.893,0.490196,-0.886696,-0.007564,-35.56,-1.75,2.835,-1.5825,-0.7155,-0.9195,1
05/22/2025 13:41:27.913,0.486048,-0.86986,-0.009516,-35.21,-2.66,3.395,-1.587,-0.7125,-0.939,1
05/22/2025 13:41:27.933,0.48068,-0.837408,0.009272,-38.01,-2.59,3.045,-1.59,-0.7275,-0.9315,1
05/22/2025 13:41:27.953,0.459208,-0.815204,0.013176,-49.7,-2.625,1.785,-1.59,-0.6975,-0.9135,1
05/22/2025 13:41:27.973,0.43432,-0.866444,0.000244,-53.76,-2.73,3.43,-1.59,-0.6975,-0.9135,1
05/22/2025 13:41:27.993,0.440176,-0.946964,-0.039284,-47.145,-3.395,5.32,-1.605,-0.69,-0.894,1
05/22/2025 13:41:28.013,0.442128,-0.940132,-0.05856,-31.43,-1.505,4.2,-1.5825,-0.6855,-0.9015,1
05/22/2025 13:41:28.033,0.447008,-0.90768,-0.066856,-21.805,-0.665,1.715,-1.581,-0.693,-0.864,1
05/22/2025 13:41:28.053,0.450424,-0.89914,-0.075396,-19.845,-1.085,0.28,-1.5705,-0.6795,-0.8625,1
05/22/2025 13:41:28.073,0.435296,-0.877912,-0.080276,-21.665,-0.175,-0.875,-1.605,-0.678,-0.8685,1
05/22/2025 13:41:28.093,0.4514,-0.9272,-0.127612,-19.705,-2.975,2.415,-1.5825,-0.678,-0.8865,1
05/22/2025 13:41:28.113,0.459208,-0.82106,-0.101016,-14,-1.995,2.03,-1.5975,-0.6555,-0.8685,1
05/22/2025 13:41:28.133,0.446764,-0.801784,-0.044408,-24.29,-2.135,-0.875,-1.6155,-0.6675,-0.8385,1
05/22/2025 13:41:28.153,0.4758,-0.859856,-0.066612,-37.52,-5.845,0.07,-1.608,-0.6675,-0.8415,1
05/22/2025 13:41:28.173,0.466528,-0.780068,-0.111508,-55.335,-4.935,3.185,-1.6035,-0.6525,-0.819,1
05/22/2025 13:41:28.193,0.442128,-0.770064,-0.204472,-73.955,-4.865,2.87,-1.6245,-0.6525,-0.804,1
05/22/2025 13:41:28.213,0.449448,-0.921832,-0.309148,-75.005,-5.32,4.2,-1.599,-0.63,-0.792,1
05/22/2025 13:41:28.233,0.439688,-0.93574,-0.274256,-45.15,0.945,5.81,-1.599,-0.63,-0.792,1
05/22/2025 13:41:28.253,0.432612,-0.877668,-0.223992,-39.235,3.01,5.11,-1.599,-0.63,-0.792,1
05/22/2025 13:41:28.273,0.432856,-0.824964,-0.200324,-47.425,4.55,3.045,-1.6095,-0.6405,-0.759,1
05/22/2025 13:41:28.293,0.453352,-0.815692,-0.236192,-53.375,5.145,3.045,-1.6275,-0.6705,-0.744,1
05/22/2025 13:41:28.313,0.466772,-0.69784,-0.225456,-61.32,6.65,1.33,-1.6125,-0.6675,-0.735,1
05/22/2025 13:41:28.333,0.449204,-0.748592,-0.351116,-75.81,8.89,-4.935,-1.6005,-0.6375,-0.72,1
05/22/2025 13:41:28.353,0.517524,-0.823744,-0.40138,-78.225,7.56,-4.34,-1.608,-0.672,-0.705,1
05/22/2025 13:41:28.373,0.509472,-0.802516,-0.298656,-76.965,8.33,-1.75,-1.614,-0.657,-0.69,1
05/22/2025 13:41:28.393,0.50874,-0.78446,-0.244244,-79.59,1.365,4.795,-1.626,-0.6645,-0.69,1
05/22/2025 13:41:28.413,0.474824,-0.646356,-0.182512,-87.78,-1.61,9.24,-1.614,-0.642,-0.663,1
05/22/2025 13:41:28.433,0.517036,-0.90036,-0.2867,-100.24,-3.465,3.465,-1.6455,-0.6825,-0.6345,1
05/22/2025 13:41:28.453,0.485072,-0.954528,-0.363804,-96.81,-1.54,9.8,-1.626,-0.699,-0.603,1
05/22/2025 13:41:28.473,0.458964,-0.992836,-0.410164,-96.495,1.82,11.97,-1.626,-0.6915,-0.5835,1
05/22/2025 13:41:28.493,0.396988,-0.861564,-0.461648,-90.37,3.745,12.355,-1.614,-0.6765,-0.573,1
05/22/2025 13:41:28.513,0.36966,-0.899628,-0.544364,-71.015,2.695,7.42,-1.614,-0.6765,-0.573,1
05/22/2025 13:41:28.533,0.391376,-0.813984,-0.548512,-30.695,-0.385,2.52,-1.6125,-0.7065,-0.531,1
05/22/2025 13:41:28.553,0.429928,-0.765672,-0.55022,-12.845,-5.705,-4.06,-1.6605,-0.687,-0.5205,1
05/22/2025 13:41:28.573,0.452864,-0.725656,-0.52216,-10.15,-7.35,-6.79,-1.6575,-0.6795,-0.516,1
05/22/2025 13:41:28.593,0.498248,-0.744444,-0.48922,-30.17,-8.75,-3.22,-1.65,-0.687,-0.5055,1
05/22/2025 13:41:28.613,0.443104,-0.79544,-0.575596,-40.145,-3.115,-1.855,-1.641,-0.729,-0.474,1
05/22/2025 13:41:28.633,0.379664,-0.798124,-0.672952,-22.225,0.21,-0.035,-1.644,-0.7185,-0.4785,1
05/22/2025 13:41:28.653,0.404796,-0.796904,-0.643672,-2.485,-0.42,-2.695,-1.644,-0.7185,-0.4785,1
05/22/2025 13:41:28.673,0.417972,-0.81008,-0.5978,8.47,-0.035,-0.455,-1.638,-0.6885,-0.4635,1
05/22/2025 13:41:28.693,0.464088,-0.787876,-0.544608,14.7,-0.665,2.765,-1.638,-0.684,-0.459,1
05/22/2025 13:41:28.713,0.484096,-0.771528,-0.512644,19.635,-0.035,5.46,-1.6335,-0.684,-0.4395,1
05/22/2025 13:41:28.733,0.488488,-0.748348,-0.501664,24.08,0.98,5.81,-1.641,-0.696,-0.459,1
05/22/2025 13:41:28.753,0.447252,-0.798856,-0.521428,28.56,1.575,4.165,-1.656,-0.699,-0.4635,1
05/22/2025 13:41:28.773,0.468968,-1.015772,-0.55022,65.59,2.205,7.595,-1.656,-0.699,-0.4635,1
05/22/2025 13:41:28.793,0.493124,-1.066768,-0.496052,83.51,4.69,11.515,-1.6095,-0.669,-0.519,1
05/22/2025 13:41:28.813,0.447496,-0.97112,-0.478972,106.155,9.66,12.67,-1.6215,-0.642,-0.5385,1
05/22/2025 13:41:28.833,0.41846,-1.00772,-0.511424,138.215,7.35,12.25,-1.608,-0.6435,-0.558,1
05/22/2025 13:41:28.853,0.421388,-0.98698,-0.407724,166.285,5.215,12.635,-1.587,-0.6465,-0.6015,1
05/22/2025 13:41:28.873,0.434564,-0.969168,-0.388692,192.57,6.755,9.38,-1.599,-0.6195,-0.663,1
05/22/2025 13:41:28.893,0.43798,-1.14436,-0.412604,223.685,9.45,7.175,-1.6005,-0.6075,-0.7125,1
05/22/2025 13:41:28.913,0.44652,-1.12728,-0.361364,262.57,13.72,8.295,-1.5885,-0.6,-0.777,1
05/22/2025 13:41:28.933,0.41724,-0.712724,-0.2318,274.26,13.3,12.46,-1.56,-0.6,-0.849,1
05/22/2025 13:41:28.953,0.383568,-0.816912,-0.150792,256.725,9.59,8.96,-1.5375,-0.603,-0.9465,1
05/22/2025 13:41:28.973,0.441884,-1.008452,-0.071492,262.78,10.78,8.33,-1.542,-0.618,-1.011,1
05/22/2025 13:41:28.993,0.371368,-0.630252,0.048556,272.615,20.37,10.115,-1.533,-0.6285,-1.0905,1
05/22/2025 13:41:29.013,0.351604,-0.474092,0.106628,241.745,15.085,1.12,-1.5315,-0.636,-1.1655,1
05/22/2025 13:41:29.033,0.39162,-0.675392,0.24034,214.34,14.91,-10.29,-1.5315,-0.636,-1.1655,1
05/22/2025 13:41:29.053,0.378688,-0.63684,0.346236,204.995,15.47,-8.995,-1.5315,-0.636,-1.1655,1
05/22/2025 13:41:29.073,0.432124,-0.805932,0.3965,181.825,11.865,-8.4,-1.5435,-0.7935,-1.305,1
05/22/2025 13:41:29.093,0.419192,-0.813008,0.485072,166.81,9.065,-7.385,-1.515,-0.834,-1.3425,1
05/22/2025 13:41:29.113,0.448228,-0.786168,0.561444,171.92,5.845,-8.96,-1.4925,-0.8535,-1.38,1
05/22/2025 13:41:29.133,0.395768,-0.565348,0.61366,172.795,5.6,-10.57,-1.548,-0.9165,-1.41,1
05/22/2025 13:41:29.153,0.382836,-0.477752,0.621712,157.29,1.085,-14.28,-1.515,-0.984,-1.4475,1
05/22/2025 13:41:29.173,0.393084,-0.49776,0.612684,132.93,-5.915,-15.82,-1.5195,-1.014,-1.485,1
05/22/2025 13:41:29.193,0.429928,-0.903776,0.54168,123.375,-6.72,-15.505,-1.5255,-1.0755,-1.485,1
05/22/2025 13:41:29.213,0.415776,-0.428952,0.766404,173.005,-5.005,-14.7,-1.503,-1.113,-1.5135,1
05/22/2025 13:41:29.233,0.425048,-0.344528,0.790316,137.83,-8.085,-18.445,-1.5315,-1.188,-1.5075,1
05/22/2025 13:41:29.253,0.434076,-0.346968,0.813984,88.9,-10.465,-18.305,-1.5015,-1.23,-1.5135,1
05/22/2025 13:41:29.273,0.442372,-0.407236,0.806664,67.795,-12.355,-19.74,-1.5195,-1.245,-1.536,1
05/22/2025 13:41:29.293,0.47824,-0.354044,0.835212,72.975,-9.275,-22.19,-1.4865,-1.257,-1.509,1
05/22/2025 13:41:29.313,0.476532,-0.368684,0.781776,71.89,-7.21,-21.84,-1.4865,-1.257,-1.509,1
05/22/2025 13:41:29.333,0.522648,-0.427,0.824964,74.725,-4.48,-17.885,-1.521,-1.3305,-1.509,1
05/22/2025 13:41:29.353,0.553636,-0.429684,0.812764,74.865,-0.735,-12.775,-1.5435,-1.3755,-1.521,1
05/22/2025 13:41:29.373,0.552416,-0.425048,0.762988,66.535,4.62,-5.74,-1.5435,-1.4055,-1.536,1
05/22/2025 13:41:29.393,0.540704,-0.438224,0.756644,67.445,11.235,1.855,-1.506,-1.4295,-1.5345,1
05/22/2025 13:41:29.413,0.480436,-0.321592,0.822768,73.745,15.715,6.93,-1.491,-1.4295,-1.515,1
05/22/2025 13:41:29.433,0.411628,-0.24766,0.824476,61.04,15.05,7.035,-1.4865,-1.449,-1.53,1
05/22/2025 13:41:29.453,0.385276,-0.224236,0.80398,45.22,10.99,5.915,-1.494,-1.4715,-1.5495,1
05/22/2025 13:41:29.473,0.37942,-0.223992,0.81374,35,6.545,3.99,-1.479,-1.452,-1.5375,1
05/22/2025 13:41:29.493,0.411384,-0.277428,0.845948,22.295,1.785,2.905,-1.509,-1.482,-1.542,1
05/22/2025 13:41:29.513,0.443104,-0.36112,0.782996,20.405,-0.665,3.185,-1.5075,-1.5165,-1.5375,1
05/22/2025 13:41:29.533,0.449448,-0.304756,0.798368,33.39,-1.26,6.055,-1.5195,-1.5045,-1.53,1
05/22/2025 13:41:29.553,0.475068,-0.239608,0.845948,34.37,-2.73,7.945,-1.4925,-1.5195,-1.53,1
05/22/2025 13:41:29.573,0.487268,-0.130052,0.84424,21.385,-5.075,2.8,-1.4895,-1.5195,-1.548,1
05/22/2025 13:41:29.593,0.47458,-0.145912,0.810812,7.315,-5.18,-1.33,-1.4745,-1.5435,-1.5435,1
05/22/2025 13:41:29.613,0.469944,-0.178852,0.795928,-3.115,-6.44,-3.71,-1.485,-1.5315,-1.545,1
05/22/2025 13:41:29.633,0.477264,-0.22326,0.807396,-6.405,-7.91,-3.605,-1.5,-1.554,-1.5375,1
05/22/2025 13:41:29.653,0.473116,-0.187148,0.845216,-4.06,-8.33,-3.465,-1.5045,-1.5315,-1.545,1
05/22/2025 13:41:29.673,0.482388,-0.211548,0.826672,-8.75,-9.765,-4.27,-1.503,-1.5645,-1.5405,1
05/22/2025 13:41:29.693,0.534116,-0.299388,0.85522,-11.2,-9.94,-0.735,-1.506,-1.554,-1.5105,1
05/22/2025 13:41:29.713,0.488,-0.325008,0.814716,-17.92,-8.015,4.655,-1.4955,-1.551,-1.5255,1
05/22/2025 13:41:29.733,0.448716,-0.20618,0.836432,-11.165,-6.055,3.395,-1.503,-1.536,-1.515,1
05/22/2025 13:41:29.753,0.449448,-0.14396,0.809104,-30.415,-6.895,2.1,-1.482,-1.5315,-1.5285,1
05/22/2025 13:41:29.773,0.44774,-0.191296,0.793732,-57.575,-7.14,0.875,-1.485,-1.5285,-1.5135,1
05/22/2025 13:41:29.793,0.47214,-0.244732,0.826184,-64.715,-6.58,-1.82,-1.5225,-1.512,-1.5195,1
05/22/2025 13:41:29.813,0.487024,-0.183976,0.892064,-65.835,-4.935,-1.75,-1.5,-1.5015,-1.518,1
05/22/2025 13:41:29.833,0.506056,-0.058072,0.890844,-114.8,-3.045,0.735,-1.5165,-1.4715,-1.5225,1
05/22/2025 13:41:29.853,0.490684,-0.104676,0.779824,-166.145,-3.255,0.91,-1.5165,-1.4715,-1.5225,1
05/22/2025 13:41:29.873,0.483364,-0.229848,0.692716,-204.68,-4.97,2.03,-1.5465,-1.365,-1.5135,1
05/22/2025 13:41:29.893,0.487268,-0.352336,0.606584,-226.765,-7.35,5.04,-1.5225,-1.263,-1.506,1
05/22/2025 13:41:29.913,0.499468,-0.569252,0.480192,-227.675,-11.305,4.69,-1.56,-1.2135,-1.4775,1
05/22/2025 13:41:29.933,0.483364,-0.634156,0.448228,-214.62,-12.565,5.6,-1.539,-1.1655,-1.473,1
05/22/2025 13:41:29.953,0.477996,-0.530944,0.489708,-216.51,-11.655,9.1,-1.542,-1.116,-1.44,1
05/22/2025 13:41:29.973,0.440908,-0.492392,0.40016,-239.75,-10.64,8.925,-1.5375,-1.0785,-1.4085,1
05/22/2025 13:41:29.993,0.41602,-0.593408,0.2684,-260.89,-13.895,5.285,-1.542,-1.023,-1.3725,1
05/22/2025 13:41:30.013,0.422364,-0.632936,0.2074,-267.015,-18.025,3.78,-1.5615,-0.9135,-1.3395,1
05/22/2025 13:41:30.033,0.432612,-0.624396,0.172264,-274.155,-18.62,3.605,-1.5705,-0.8835,-1.272,1
05/22/2025 13:41:30.053,0.443592,-0.789096,0.086376,-267.19,-15.085,3.43,-1.593,-0.816,-1.212,1
05/22/2025 13:41:30.073,0.493856,-0.890112,0.01464,-242.9,-16.275,5.25,-1.593,-0.816,-1.212,1
05/22/2025 13:41:30.093,0.567788,-1.055544,-0.056852,-229.74,-18.69,8.785,-1.5705,-0.786,-1.17,1
05/22/2025 13:41:30.113,0.521184,-1.298812,-0.097844,-210.84,-11.025,14.245,-1.6095,-0.771,-1.098,1
05/22/2025 13:41:30.133,0.495076,-1.403488,-0.182756,-180.95,-9.695,14.805,-1.6035,-0.7005,-0.978,1
05/22/2025 13:41:30.153,0.445056,-1.369328,-0.16226,-116.76,-2.87,17.115,-1.587,-0.7005,-0.924,1
05/22/2025 13:41:30.173,0.438956,-0.938424,-0.095404,-60.515,0.84,13.965,-1.59,-0.6675,-0.906,1
05/22/2025 13:41:30.193,0.441152,-0.860832,-0.127124,-59.64,-1.47,7.21,-1.602,-0.666,-0.891,1
05/22/2025 13:41:30.213,0.44774,-0.972584,-0.211548,-64.96,-6.58,1.505,-1.5855,-0.663,-0.8745,1
05/22/2025 13:41:30.233,0.511424,-1.018212,-0.258884,-49.7,-8.47,-2.17,-1.578,-0.6705,-0.867,1
05/22/2025 13:41:30.253,0.485072,-1.037244,-0.285724,-12.075,-0.14,-7.035,-1.5855,-0.645,-0.834,1
05/22/2025 13:41:30.273,0.530212,-0.898164,-0.221064,26.355,2.38,-10.115,-1.623,-0.6405,-0.846,1
05/22/2025 13:41:30.293,0.560468,-0.775676,-0.161772,46.41,4.865,-13.055,-1.6305,-0.648,-0.8655,1
05/22/2025 13:41:30.313,0.565836,-0.7137,-0.048556,40.53,6.895,-13.265,-1.6125,-0.666,-0.879,0
05/22/2025 13:41:30.333,0.570716,-0.678808,-0.000244,2.835,9.275,-11.48,-1.605,-0.663,-0.8865,0
05/22/2025 13:41:30.353,0.700036,-0.738832,0.047336,-23.205,4.515,-8.155,-1.6155,-0.6885,-0.8835,0
05/22/2025 13:41:30.373,0.667584,-0.890844,-0.07515199,-28.49,10.36,3.29,-1.6245,-0.6735,-0.903,0
05/22/2025 13:41:30.393,0.694668,-0.74908,-0.110288,-15.26,5.74,3.325,-1.6245,-0.6735,-0.903,0
05/22/2025 13:41:30.413,0.668804,-0.74664,-0.144936,-2.975,7.315,-1.54,-1.608,-0.69,-0.8715,0
05/22/2025 13:41:30.433,0.646356,-0.815692,-0.217404,13.65,8.925,-8.96,-1.611,-0.705,-0.8685,0
05/22/2025 13:41:30.453,0.630252,-0.759084,-0.233752,37.275,7.63,-15.19,-1.605,-0.6855,-0.8865,0
05/22/2025 13:41:30.473,0.604632,-0.77104,-0.167872,60.2,6.755,-20.335,-1.6035,-0.735,-0.8865,0
05/22/2025 13:41:30.493,0.57462,-0.764208,-0.098332,82.39,5.005,-24.01,-1.6005,-0.75,-0.9015,0
05/22/2025 13:41:30.513,0.563396,-0.770308,-0.039528,93.1,-0.49,-28.42,-1.5825,-0.7575,-0.9165,0
05/22/2025 13:41:30.533,0.564128,-0.742004,-0.01342,93.1,-7.105,-32.41,-1.5885,-0.807,-0.924,0
05/22/2025 13:41:30.553,0.555832,-0.726144,0.00976,81.375,-11.69,-36.33,-1.5915,-0.84,-0.9315,0
05/22/2025 13:41:30.573,0.55144,-0.737612,0.003416,56.385,-12.565,-39.62,-1.626,-0.873,-0.9615,0
05/22/2025 13:41:30.593,0.558028,-0.808372,-0.018544,34.125,-10.71,-42.875,-1.5645,-0.927,-0.945,0
05/22/2025 13:41:30.613,0.560468,-0.863516,-0.029524,26.39,-6.615,-48.335,-1.5615,-0.927,-0.963,0
05/22/2025 13:41:30.633,0.552904,-0.909632,0.000732,27.895,-2.695,-53.375,-1.56,-0.999,-0.963,0
05/22/2025 13:41:30.653,0.54168,-0.933544,0.001464,49.07,-2.94,-60.305,-1.56,-0.999,-0.963,0
05/22/2025 13:41:30.673,0.561932,-0.909388,0.009028,71.925,-4.305,-62.965,-1.56,-1.041,-0.9585,0
05/22/2025 13:41:30.693,0.57462,-0.867176,0.038064,85.96,-1.785,-60.27,-1.5405,-1.086,-0.969,0
05/22/2025 13:41:30.713,0.579012,-0.869128,0.086376,87.115,1.12,-57.05,-1.5765,-1.149,-0.9855,0
05/22/2025 13:41:30.733,0.575352,-0.889624,0.083204,84.91,0.7,-53.76,-1.5465,-1.176,-0.969,0
05/22/2025 13:41:30.753,0.573644,-0.845704,0.09516,88.655,-0.56,-47.95,-1.56,-1.2405,-0.987,0
05/22/2025 13:41:30.773,0.58194,-0.837896,0.096136,90.965,-9.205,-41.37,-1.527,-1.248,-0.9975,0
05/22/2025 13:41:30.793,0.5917,-0.655384,0.203984,82.355,-12.95,-35.63,-1.524,-1.263,-0.9945,0
05/22/2025 13:41:30.813,0.59292,-0.738588,0.183244,49.455,-18.165,-28.035,-1.5345,-1.293,-1.005,0
05/22/2025 13:41:30.833,0.594384,-0.768356,0.169092,30.52,-23.555,-21.875,-1.566,-1.3425,-0.975,0
05/22/2025 13:41:30.853,0.602924,-0.768844,0.168116,22.26,-28.7,-16.555,-1.5405,-1.3305,-0.9945,0
05/22/2025 13:41:30.873,0.589748,-0.796416,0.168604,19.39,-33.6,-12.81,-1.5345,-1.3425,-0.933,0
05/22/2025 13:41:30.893,0.60634,-0.847412,0.143472,19.145,-38.045,-10.605,-1.536,-1.3545,-0.948,0
05/22/2025 13:41:30.913,0.609268,-0.790072,0.151036,23.52,-42.315,-8.82,-1.5195,-1.3695,-0.909,0
05/22/2025 13:41:30.933,0.632448,-0.716628,0.146888,24.325,-44.31,-8.225,-1.548,-1.3695,-0.891,0
05/22/2025 13:41:30.953,0.632936,-0.674172,0.150548,21.735,-41.02,-5.285,-1.536,-1.407,-0.8565,0
05/22/2025 13:41:30.973,0.657824,-0.737612,0.143716,17.325,-36.61,-2.905,-1.539,-1.392,-0.846,0
05/22/2025 13:41:30.993,0.665388,-0.775188,0.169336,14.665,-33.495,-1.54,-1.539,-1.392,-0.846,0
05/22/2025 13:41:31.013,0.68808,-0.770308,0.186416,14.105,-35.525,-1.12,-1.5165,-1.4085,-0.8175,0
05/22/2025 13:41:31.033,0.705648,-0.764696,0.180072,18.655,-38.99,-1.68,-1.545,-1.4385,-0.7995,0
05/22/2025 13:41:31.053,0.718092,-0.765428,0.177632,25.375,-41.615,-0.84,-1.5585,-1.4385,-0.7845,0
05/22/2025 13:41:31.073,0.732976,-0.747616,0.186172,30.17,-42.315,-0.175,-1.5225,-1.4235,-0.7725,0
05/22/2025 13:41:31.093,0.74664,-0.759328,0.16226,33.075,-45.57,0.245,-1.5435,-1.434,-0.762,0
05/22/2025 13:41:31.113,0.760792,-0.764452,0.151524,39.935,-47.355,1.715,-1.521,-1.416,-0.7155,0
05/22/2025 13:41:31.133,0.77958,-0.731024,0.160308,46.55,-47.04,4.935,-1.524,-1.431,-0.7155,0
05/22/2025 13:41:31.153,0.802516,-0.721264,0.181536,51.8,-45.08,8.4,-1.527,-1.4205,-0.6975,0
05/22/2025 13:41:31.173,0.831552,-0.712968,0.191296,57.225,-42,11.69,-1.5345,-1.3935,-0.6675,0
05/22/2025 13:41:31.193,0.827892,-0.675392,0.191296,61.88,-33.915,14.63,-1.5345,-1.3935,-0.6675,0
05/22/2025 13:41:31.213,0.821548,-0.660752,0.165188,64.085,-29.925,15.12,-1.5285,-1.413,-0.6015,0
05/22/2025 13:41:31.233,0.808616,-0.610976,0.176168,63.665,-25.655,15.96,-1.5435,-1.371,-0.606,0
05/22/2025 13:41:31.253,0.79544,-0.59658,0.17812,55.23,-23.24,16.485,-1.521,-1.365,-0.5715,0
05/22/2025 13:41:31.273,0.786412,-0.597556,0.170068,42.98,-22.855,16.45,-1.5615,-1.353,-0.558,0
05/22/2025 13:41:31.293,0.766892,-0.607804,0.173972,31.01,-24.57,16.8,-1.551,-1.338,-0.5535,0
05/22/2025 13:41:31.313,0.748348,-0.643916,0.15128,24.255,-27.685,15.89,-1.557,-1.3275,-0.531,0
05/22/2025 13:41:31.333,0.743224,-0.670512,0.136884,26.04,-30.8,14.875,-1.557,-1.323,-0.5235,0
05/22/2025 13:41:31.353,0.732732,-0.665632,0.125416,32.55,-31.745,13.755,-1.5615,-1.3275,-0.513,0
05/22/2025 13:41:31.373,0.722972,-0.656116,0.130052,39.235,-32.55,12.215,-1.545,-1.3125,-0.489,0
05/22/2025 13:41:31.393,0.725412,-0.660996,0.12932,45.08,-33.425,10.325,-1.5825,-1.278,-0.48,0
05/22/2025 13:41:31.413,0.732976,-0.654652,0.134932,49.035,-34.16,8.68,-1.5525,-1.293,-0.4365,0
05/22/2025 13:41:31.433,0.72102,-0.657824,0.134932,49.77,-35.035,6.895,-1.56,-1.29,-0.4485,0
05/22/2025 13:41:31.453,0.711748,-0.643672,0.137616,44.835,-35.63,6.265,-1.5675,-1.2705,-0.4335,0
05/22/2025 13:41:31.473,0.701012,-0.627812,0.13542,35.63,-36.155,7.77,-1.5855,-1.275,-0.426,0
05/22/2025 13:41:31.493,0.66734,-0.631228,0.128588,24.605,-36.435,9.835,-1.554,-1.272,-0.384,0
05/22/2025 13:41:31.513,0.638792,-0.638548,0.122244,17.325,-38.5,11.445,-1.539,-1.2825,-0.3765,0
05/22/2025 13:41:31.533,0.602924,-0.643672,0.12688,14.315,-41.16,13.055,-1.539,-1.272,-0.3645,0
05/22/2025 13:41:31.553,0.582428,-0.655384,0.113948,13.195,-44.905,14.595,-1.5315,-1.2495,-0.3495,0
05/22/2025 13:41:31.573,0.559004,-0.65514,0.115412,17.045,-48.79,15.61,-1.5435,-1.215,-0.3345,0
05/22/2025 13:41:31.593,0.56852,-0.67832,0.104432,25.41,-52.08,14.91,-1.5135,-1.227,-0.3225,0
05/22/2025 13:41:31.613,0.615124,-0.733952,0.108092,39.095,-53.06,10.535,-1.5015,-1.197,-0.288,0
05/22/2025 13:41:31.633,0.697596,-0.785924,0.125904,55.475,-51.205,1.33,-1.4895,-1.191,-0.258,0
05/22/2025 13:41:31.653,0.793244,-0.817156,0.152744,69.51,-46.655,-12.11,-1.5045,-1.191,-0.2505,0
05/22/2025 13:41:31.673,0.920368,-0.91988,0.150548,74.2,-39.41,-25.655,-1.515,-1.1835,-0.2205,0
05/22/2025 13:41:31.693,1.00284,-0.932812,0.141276,67.55,-25.97,-30.975,-1.5075,-1.1535,-0.1935,0
05/22/2025 13:41:31.713,0.954528,-0.863028,0.161772,40.285,0.84,-19.775,-1.488,-1.1685,-0.1935,0
05/22/2025 13:41:31.733,0.854732,-0.814228,0.199104,15.19,14.595,-2.8,-1.488,-1.1685,-0.1935,0
05/22/2025 13:41:31.753,0.734684,-0.771772,0.145424,-6.545,20.86,12.705,-1.503,-1.179,-0.1935,0
05/22/2025 13:41:31.773,0.668804,-0.754448,0.113704,-20.44,24.78,22.4,-1.5255,-1.1415,-0.21,0
05/22/2025 13:41:31.793,0.60512,-0.752252,0.077348,-21.805,27.09,25.97,-1.53,-1.152,-0.2325,0
05/22/2025 13:41:31.813,0.631472,-0.76738,0.050752,-12.6,27.51,22.295,-1.527,-1.1415,-0.24,0
05/22/2025 13:41:31.833,0.700524,-0.741516,0.073688,-7.56,30.205,16.94,-1.527,-1.1415,-0.2325,0
05/22/2025 13:41:31.853,0.707844,-0.747616,0.070272,-19.635,36.19,14.805,-1.5345,-1.1325,-0.2445,0
05/22/2025 13:41:31.873,0.697352,-0.736636,0.062464,-43.855,42.77,17.115,-1.557,-1.125,-0.2445,0
05/22/2025 13:41:31.893,0.688812,-0.669536,-0.024888,-76.755,46.76,26.425,-1.5795,-1.1025,-0.249,0
05/22/2025 13:41:31.913,0.582916,-0.809104,0.062708,-94.815,55.475,39.41,-1.5795,-1.1175,-0.2685,0
05/22/2025 13:41:31.933,0.484096,-1.004304,0.08784,-109.9,52.99,53.165,-1.566,-1.125,-0.2835,0
05/22/2025 13:41:31.953,0.446276,-0.968924,0.136152,-109.41,38.185,57.505,-1.6035,-1.101,-0.288,0
05/22/2025 13:41:31.973,0.427732,-0.856684,0.051972,-101.605,18.27,55.755,-1.5555,-1.0905,-0.3165,0
05/22/2025 13:41:31.993,0.360388,-0.822768,-0.073444,-90.405,2.975,64.82,-1.5555,-1.0905,-0.3165,0
05/22/2025 13:41:32.013,0.415288,-0.861564,-0.06344,-98.7,-11.06,67.13,-1.5555,-1.0905,-0.3165,0
05/22/2025 13:41:32.033,0.451888,-0.892796,-0.138592,-96.81,-28.945,66.675,-1.53,-1.0125,-0.264,0
05/22/2025 13:41:32.053,0.487756,-0.839116,-0.080764,-87.08,-40.81,67.34,-1.4925,-0.9945,-0.2325,0
05/22/2025 13:41:32.073,0.552904,-0.938912,-0.10126,-77.805,-50.925,63,-1.473,-0.972,-0.2055,0
05/22/2025 13:41:32.093,0.587308,-1.017968,-0.171776,-62.93,-52.29,58.73,-1.455,-0.954,-0.186,0
05/22/2025 13:41:32.113,0.624884,-1.008696,-0.106628,-40.565,-49.665,56.35,-1.4265,-0.948,-0.1215,0
05/22/2025 13:41:32.133,0.677832,-0.85522,-0.047336,-17.745,-50.295,54.18,-1.419,-0.9255,-0.087,0
05/22/2025 13:41:32.153,0.686128,-0.903532,-0.0976,-12.075,-49.28,51.485,-1.3665,-0.8925,-0.051,0
05/22/2025 13:41:32.173,0.715896,-0.90158,-0.183244,-3.01,-46.2,50.085,-1.3665,-0.8805,-0.0405,0
05/22/2025 13:41:32.193,0.708088,-0.913292,-0.224724,20.335,-38.745,46.13,-1.3305,-0.84,-0.039,0
05/22/2025 13:41:32.213,0.715164,-0.824232,-0.1708,63.175,-26.81,40.95,-1.2645,-0.7965,-0.03,0
05/22/2025 13:41:32.233,0.68198,-0.835944,-0.0793,97.79,-11.55,36.575,-1.2585,-0.7545,-0.0465,0
05/22/2025 13:41:32.253,0.6222,-0.713456,0.270108,115.43,-4.69,38.115,-1.2225,-0.7365,-0.075,0
05/22/2025 13:41:32.273,0.553636,-0.798612,0.346724,97.685,-23.275,42.875,-1.194,-0.6765,-0.117,0
05/22/2025 13:41:32.293,0.477508,-0.811544,0.10492,64.015,-46.935,46.83,-1.1625,-0.6495,-0.138,0
05/22/2025 13:41:32.313,0.357216,-0.941108,-0.111996,28.105,-54.565,46.235,-1.1505,-0.639,-0.096,0
05/22/2025 13:41:32.333,0.28914,-0.944524,-0.132736,19.32,-56.49,44.8,-1.1175,-0.624,-0.126,0
05/22/2025 13:41:32.353,0.210084,-1.020164,-0.00122,19.39,-54.635,42.28,-1.089,-0.5955,-0.1185,0
05/22/2025 13:41:32.373,0.161772,-0.9516,0.09467199,26.285,-53.025,37.59,-1.077,-0.603,-0.102,0
05/22/2025 13:41:32.393,0.129808,-0.912316,0.015128,30.345,-55.09,30.24,-1.047,-0.585,-0.09,0
05/22/2025 13:41:32.413,0.118096,-0.789828,0.011224,34.685,-51.31,26.005,-1.047,-0.585,-0.09,0
05/22/2025 13:41:32.433,0.11102,-0.766404,0.035868,24.99,-48.475,21.35,-1.0335,-0.5775,-0.105,0
05/22/2025 13:41:32.453,0.132736,-0.7381,0.01708,5.88,-48.37,15.365,-1.017,-0.567,-0.0855,0
05/22/2025 13:41:32.473,0.164456,-0.858636,-0.022448,-29.61,-51.975,12.6,-0.996,-0.5775,-0.123,0
05/22/2025 13:41:32.493,0.336476,-0.848388,0.188368,-34.755,-49.945,9.31,-0.9915,-0.5745,-0.081,0
05/22/2025 13:41:32.513,0.301584,-0.886696,0.184464,-25.375,-36.435,3.08,-0.966,-0.5745,-0.0735,0
05/22/2025 13:41:32.533,0.30866,-0.810568,0.004636,-48.545,-23.52,3.22,-0.954,-0.5595,-0.0615,0
05/22/2025 13:41:32.553,0.266936,-1.026752,-0.131272,-87.01,-15.19,1.96,-0.93,-0.6105,-0.045,0
05/22/2025 13:41:32.573,0.244488,-1.23464,-0.137372,-92.785,-14.385,-1.225,-0.903,-0.618,-0.006,0
05/22/2025 13:41:32.593,0.227164,-1.169248,-0.228872,-62.23,-23.24,-2.59,-0.8985,-0.615,0.015,0
05/22/2025 13:41:32.613,0.219112,-1.0431,-0.202276,-33.11,-31.78,2.065,-0.8805,-0.6495,0,0
05/22/2025 13:41:32.633,0.199836,-0.961116,-0.132492,-21.63,-39.9,5.95,-0.888,-0.642,0.0195,0
05/22/2025 13:41:32.653,0.21716,-0.935496,-0.126392,-11.27,-44.38,3.185,-0.8535,-0.6375,0.0315,0
05/22/2025 13:41:32.673,0.231312,-0.915732,-0.10004,-5.11,-44.03,0.21,-0.8235,-0.657,0.033,0
05/22/2025 13:41:32.693,0.322324,-0.874496,-0.104676,-11.865,-37.345,0.28,-0.8205,-0.6315,0.0435,0
05/22/2025 13:41:32.713,0.332328,-0.963556,-0.043432,-24.85,-32.62,-5.355,-0.801,-0.654,0.0675,0
05/22/2025 13:41:32.733,0.323788,-0.994544,-0.129564,-37.66,-34.79,-6.3,-0.798,-0.651,0.0555,0
05/22/2025 13:41:32.753,0.309636,-0.9943,-0.246684,-45.99,-33.39,-5.46,-0.7845,-0.681,0.0915,0
05/22/2025 13:41:32.773,0.318664,-0.905728,-0.338428,-55.055,-31.29,-6.615,-0.7875,-0.696,0.1095,0
05/22/2025 13:41:32.793,0.32818,-0.892064,-0.42578,-80.64,-30.45,-10.185,-0.7875,-0.696,0.1095,0
05/22/2025 13:41:32.813,0.329644,-0.956968,-0.449936,-80.29,-30.87,-12.355,-0.7875,-0.696,0.1095,0
05/22/2025 13:41:32.833,0.314272,-0.93818,-0.343796,-55.755,-31.85,-11.305,-0.7365,-0.7575,0.1605,0
05/22/2025 13:41:32.853,0.297192,-0.992592,-0.244488,-30.555,-31.955,-6.895,-0.762,-0.777,0.18,0
05/22/2025 13:41:32.873,0.243756,-0.886696,-0.277672,-9.975,-32.795,-1.96,-0.747,-0.7995,0.165,0
05/22/2025 13:41:32.893,0.226432,-0.83814,-0.29158,12.145,-30.73,-0.805,-0.7095,-0.8235,0.189,0
05/22/2025 13:41:32.913,0.203252,-0.8601,-0.243268,39.62,-32.305,4.9,-0.75,-0.789,0.183,0
05/22/2025 13:41:32.933,0.246196,-0.881084,-0.19886,60.34,-29.96,9.73,-0.7305,-0.807,0.204,0
05/22/2025 13:41:32.953,0.245708,-0.958676,-0.220088,68.215,-26.25,18.69,-0.717,-0.7515,0.192,0
05/22/2025 13:41:32.973,0.229116,-0.854488,-0.312808,55.72,-22.645,17.01,-0.6855,-0.7365,0.1545,0
05/22/2025 13:41:32.993,0.203008,-0.773724,-0.43432,48.825,-22.295,11.445,-0.672,-0.7215,0.129,0
05/22/2025 13:41:33.013,0.22204,-0.80398,-0.46238,49.42,-23.73,0.105,-0.6645,-0.6945,0.129,0
05/22/2025 13:41:33.033,0.293288,-0.893528,-0.465308,53.62,-25.515,-8.085,-0.633,-0.6885,0.1065,0
05/22/2025 13:41:33.053,0.332816,-0.974536,-0.404064,49.28,-26.74,-13.405,-0.639,-0.699,0.1095,0
05/22/2025 13:41:33.073,0.304512,-1.047248,-0.329644,36.19,-21.28,-9.31,-0.639,-0.699,0.1095,0
05/22/2025 13:41:33.093,0.266204,-1.004792,-0.270108,35.735,-20.405,-5.215,-0.6555,-0.6765,0.057,0
05/22/2025 13:41:33.113,0.2379,-0.92354,-0.2013,35.175,-20.055,-1.61,-0.63,-0.669,0.042,0
05/22/2025 13:41:33.133,0.192272,-0.859856,-0.135176,32.41,-17.15,1.085,-0.612,-0.657,0.0495,0
05/22/2025 13:41:33.153,0.158844,-0.904508,-0.163968,27.72,-10.885,0.945,-0.5985,-0.6585,0.027,0
05/22/2025 13:41:33.173,0.15982,-0.96136,-0.184464,27.475,-6.405,0.28,-0.579,-0.6615,0.039,0
05/22/2025 13:41:33.193,0.16104,-1.004548,-0.167384,22.015,-2.8,-1.4,-0.591,-0.6435,0.036,0
05/22/2025 13:41:33.213,0.142252,-1.047248,-0.160552,8.785,0.42,-1.47,-0.606,-0.642,0.012,0
05/22/2025 13:41:33.233,0.147864,-1.06506,-0.139812,7.945,4.095,0,-0.591,-0.654,0.0315,0
05/22/2025 13:41:33.253,0.164212,-1.017724,-0.186172,12.39,7.595,2.1,-0.6165,-0.6495,0.042,0
05/22/2025 13:41:33.273,0.198128,-0.982344,-0.254248,15.82,9.905,4.76,-0.6135,-0.657,0,0
05/22/2025 13:41:33.293,0.214964,-0.968192,-0.27572,16.24,11.97,6.615,-0.591,-0.6315,0.0045,0
05/22/2025 13:41:33.313,0.235704,-1.07848,-0.217648,17.185,16.31,9.625,-0.6,-0.6465,-0.0165,0
05/22/2025 13:41:33.333,0.238876,-0.923296,-0.183732,26.635,20.16,8.82,-0.5955,-0.642,-0.009,0
05/22/2025 13:41:33.353,0.244244,-0.954528,-0.142496,23.45,24.115,10.29,-0.5955,-0.654,-0.009,0
05/22/2025 13:41:33.373,0.231068,-0.888404,-0.142008,18.235,24.15,11.2,-0.6255,-0.672,-0.024,0
05/22/2025 13:41:33.393,0.247904,-0.889624,-0.13786,-0.35,27.93,9.205,-0.633,-0.642,-0.048,0
05/22/2025 13:41:33.413,0.20374,-0.969168,-0.089304,-12.075,30.17,7.91,-0.6525,-0.63,-0.063,0
05/22/2025 13:41:33.433,0.21716,-0.959652,-0.040504,-12.25,33.215,6.65,-0.6525,-0.6525,-0.063,0
05/22/2025 13:41:33.453,0.234484,-1.017724,-0.006344,-15.19,35.525,7.665,-0.6495,-0.6555,-0.0705,0
05/22/2025 13:41:33.473,0.25986,-0.986248,-0.024888,-11.515,37.03,8.295,-0.6825,-0.6255,-0.0765,0
05/22/2025 13:41:33.493,0.274012,-1.016748,0.029036,-6.825,41.3,8.295,-0.6495,-0.645,-0.075,0
05/22/2025 13:41:33.513,0.276208,-0.955748,0.023912,0.98,43.75,8.54,-0.675,-0.6555,-0.0825,0
05/22/2025 13:41:33.533,0.29646,-0.968436,-0.016592,4.27,41.51,7.805,-0.69,-0.6705,-0.102,0
05/22/2025 13:41:33.553,0.292068,-0.964532,0.010492,14.63,39.27,5.18,-0.702,-0.663,-0.1065,0
05/22/2025 13:41:33.573,0.27938,-0.984784,0.0183,25.655,37.66,3.885,-0.7215,-0.666,-0.1305,0
05/22/2025 13:41:33.593,0.268888,-0.996008,0.04636,36.33,36.47,3.22,-0.7245,-0.654,-0.123,0
05/22/2025 13:41:33.613,0.252296,-0.986736,0.04392,41.335,32.935,2.975,-0.7245,-0.654,-0.123,0
05/22/2025 13:41:33.633,0.247172,-0.964532,0.0732,47.915,31.15,2.275,-0.7125,-0.639,-0.195,0
05/22/2025 13:41:33.653,0.225456,-0.95282,0.089304,47.88,32.69,0.63,-0.6975,-0.621,-0.2055,0
05/22/2025 13:41:33.673,0.217892,-0.960384,0.063928,42.455,35.385,-1.295,-0.7365,-0.6045,-0.2325,0
05/22/2025 13:41:33.693,0.228384,-0.935252,0.06344,30.94,36.82,-3.535,-0.7545,-0.6045,-0.2445,0
05/22/2025 13:41:33.713,0.238144,-0.908656,0.063928,13.51,37.1,-4.305,-0.777,-0.615,-0.2565,0
05/22/2025 13:41:33.733,0.210084,-0.96502,0.02928,-0.14,35.945,-3.71,-0.804,-0.6105,-0.2805,0
05/22/2025 13:41:33.753,0.210328,-0.915488,0.034892,-3.15,35.49,-4.13,-0.8115,-0.6105,-0.2775,0
05/22/2025 13:41:33.773,0.199836,-0.923784,0.025132,-5.215,35.455,-2.45,-0.8115,-0.5985,-0.2925,0
05/22/2025 13:41:33.793,0.17446,-0.944768,0.022936,-3.535,36.855,-0.525,-0.834,-0.591,-0.282,0
05/22/2025 13:41:33.813,0.160064,-0.942572,0.037576,-1.645,35.77,0.56,-0.834,-0.591,-0.282,0
05/22/2025 13:41:33.833,0.147376,-0.949648,0.035624,-5.845,35.805,1.155,-0.837,-0.624,-0.297,0
05/22/2025 13:41:33.853,0.128344,-0.994788,-0.001708,-10.57,34.335,2.135,-0.8595,-0.6315,-0.312,0
05/22/2025 13:41:33.873,0.119316,-1.003816,-0.011224,-4.515,30.695,3.5,-0.8865,-0.6165,-0.336,0
05/22/2025 13:41:33.893,0.104188,-1.00894,-0.013664,-6.265,27.615,4.725,-0.8805,-0.624,-0.3735,0
05/22/2025 13:41:33.913,0.094916,-1.004792,-0.000732,-6.965,25.095,5.88,-0.891,-0.627,-0.363,0
05/22/2025 13:41:33.933,0.079544,-1.0004,-0.009272,-6.405,21,7.35,-0.873,-0.642,-0.3885,0
05/22/2025 13:41:33.953,0.07076,-0.985028,0.032208,-5.32,15.96,8.785,-0.8955,-0.642,-0.381,0
05/22/2025 13:41:33.973,0.075396,-1.004792,0.033428,-5.53,10.5,10.22,-0.903,-0.6495,-0.405,0
05/22/2025 13:41:33.993,0.084424,-1.027972,0.031232,-3.78,5.565,12.39,-0.9075,-0.6345,-0.405,0
05/22/2025 13:41:34.013,0.089792,-1.0614,0.015616,0.7,1.47,14.385,-0.903,-0.63,-0.4005,0
05/22/2025 13:41:34.033,0.096136,-1.048712,0.023668,7.28,-2.59,16.03,-0.8955,-0.63,-0.405,0
05/22/2025 13:41:34.053,0.095892,-1.014552,0.03904,9.415,-6.965,16.38,-0.897,-0.615,-0.438,0
05/22/2025 13:41:34.073,0.091012,-0.995276,0.044164,9.975,-11.27,16.87,-0.885,-0.615,-0.435,0
05/22/2025 13:41:34.093,0.096868,-0.972096,0.054412,13.3,-14.805,17.5,-0.8595,-0.615,-0.4335,0
05/22/2025 13:41:34.113,0.080276,-0.928908,0.078324,14.595,-17.955,18.165,-0.852,-0.6075,-0.4305,0
05/22/2025 13:41:34.133,0.056364,-0.890356,0.109068,10.22,-20.195,15.47,-0.8205,-0.597,-0.4515,0
05/22/2025 13:41:34.153,0.06344,-0.944524,0.06588,1.785,-20.265,10.605,-0.8205,-0.597,-0.4515,0
05/22/2025 13:41:34.173,0.082472,-1.025044,0.028792,-2.73,-19.775,2.275,-0.8265,-0.582,-0.4335,0
05/22/2025 13:41:34.193,0.119316,-1.080676,0.00488,-5.46,-19.32,-9.1,-0.8265,-0.6015,-0.4095,0
05/22/2025 13:41:34.213,0.17934,-1.177788,-0.016348,-13.335,-19.915,-18.48,-0.8265,-0.594,-0.411,0
05/22/2025 13:41:34.233,0.213256,-1.18706,-0.00732,-16.73,-20.475,-22.295,-0.8445,-0.5895,-0.4035,0
05/22/2025 13:41:34.253,0.232288,-1.18218,0.04514,-14.91,-20.86,-19.88,-0.828,-0.624,-0.387,0
05/22/2025 13:41:34.273,0.210084,-1.064084,0.08174,-3.885,-20.3,-14.455,-0.8655,-0.6315,-0.3915,0
05/22/2025 13:41:34.293,0.167628,-0.942816,0.0915,2.94,-20.405,-8.47,-0.8505,-0.6195,-0.3735,0
05/22/2025 13:41:34.313,0.129808,-0.900604,0.079544,3.64,-20.51,-3.535,-0.8925,-0.615,-0.3885,0
05/22/2025 13:41:34.333,0.105408,-0.908412,0.058072,5.075,-22.61,0.945,-0.903,-0.6,-0.393,0
05/22/2025 13:41:34.353,0.102968,-0.910852,0.048068,4.76,-24.5,5.11,-0.8835,-0.627,-0.3735,0
05/22/2025 13:41:34.373,0.083204,-0.956968,0.027328,3.29,-24.395,9.275,-0.876,-0.657,-0.3885,0
05/22/2025 13:41:34.393,0.077592,-0.971852,0.015616,9.03,-22.05,12.145,-0.8535,-0.627,-0.357,0
05/22/2025 13:41:34.413,0.116876,-1.018944,-0.031476,12.355,-16.065,12.25,-0.8535,-0.627,-0.357,0
05/22/2025 13:41:34.433,0.141276,-1.05286,-0.04392,15.82,-10.85,10.255,-0.8535,-0.627,-0.357,0
05/22/2025 13:41:34.453,0.164212,-1.06262,-0.065636,17.01,-5.705,7.315,-0.8655,-0.6315,-0.3735,0
05/22/2025 13:41:34.473,0.200324,-1.092876,-0.036112,13.72,-0.455,3.5,-0.828,-0.639,-0.3795,0
05/22/2025 13:41:34.493,0.22814,-1.083116,-0.035624,7.455,4.165,1.61,-0.825,-0.624,-0.372,0
05/22/2025 13:41:34.513,0.218136,-1.066036,-0.022448,1.19,8.96,2.8,-0.8505,-0.6195,-0.3885,0
05/22/2025 13:41:34.533,0.1891,-0.986736,0.006344,-1.12,13.86,5.565,-0.837,-0.6015,-0.3885,0
05/22/2025 13:41:34.553,0.155428,-0.957944,0.011224,-5.95,16.135,8.19,-0.8175,-0.6015,-0.372,0
05/22/2025 13:41:34.573,0.14518,-0.982832,0.008052,-8.19,17.675,10.605,-0.825,-0.6015,-0.3615,0
05/22/2025 13:41:34.593,0.1159,-0.990884,0.00366,-8.225,18.9,13.23,-0.8355,-0.606,-0.3615,0
05/22/2025 13:41:34.613,0.116144,-1.013576,-0.014152,-8.33,20.265,15.015,-0.798,-0.618,-0.33,0
05/22/2025 13:41:34.633,0.130052,-1.041636,-0.024156,-3.78,21.875,16.415,-0.81,-0.591,-0.3345,0
05/22/2025 13:41:34.653,0.135664,-1.038708,-0.029768,2.87,23.275,17.115,-0.8145,-0.5865,-0.3645,0
05/22/2025 13:41:34.673,0.13298,-1.02724,-0.010492,7.35,26.775,16.765,-0.825,-0.579,-0.3465,0
05/22/2025 13:41:34.693,0.144204,-1.006012,-0.00366,8.925,29.33,16.415,-0.8325,-0.5595,-0.342,0
05/22/2025 13:41:34.713,0.143228,-0.99308,-0.009516,9.765,31.885,16.065,-0.8295,-0.5265,-0.3585,0
05/22/2025 13:41:34.733,0.134932,-0.994788,-0.017568,10.99,34.58,15.435,-0.81,-0.5565,-0.3375,0
05/22/2025 13:41:34.753,0.145912,-1.011136,-0.001464,13.44,36.855,14.105,-0.81,-0.5565,-0.3375,0
05/22/2025 13:41:34.773,0.141764,-1.005768,-0.004392,14.14,38.395,12.285,-0.8265,-0.5295,-0.3615,0
05/22/2025 13:41:34.793,0.159332,-1.036512,0.000488,12.145,40.425,9.1,-0.867,-0.5175,-0.351,0
05/22/2025 13:41:34.813,0.168604,-1.047736,0.011956,9.24,42.35,4.375,-0.864,-0.5145,-0.3855,0
05/22/2025 13:41:34.833,0.145424,-1.051396,0.00976,2.975,43.05,0.315,-0.8715,-0.5145,-0.3975,0
05/22/2025 13:41:34.853,0.112484,-0.9943,0.050264,-4.025,43.225,-2.975,-0.879,-0.5055,-0.3975,0
05/22/2025 13:41:34.873,0.066856,-0.96014,0.054656,-11.795,41.685,-4.585,-0.888,-0.495,-0.42,0
05/22/2025 13:41:34.893,0.041968,-0.954528,0.061732,-15.155,38.955,-4.9,-0.8685,-0.483,-0.4155,0
05/22/2025 13:41:34.913,0.028548,-0.96136,0.054656,-15.19,35.315,-4.9,-0.861,-0.4725,-0.408,0
05/22/2025 13:41:34.933,0.037088,-1.011868,0.039284,-12.635,31.395,-4.62,-0.8955,-0.498,-0.4275,0
05/22/2025 13:41:34.953,0.068076,-1.02846,0.053924,2.38,25.76,-3.955,-0.8955,-0.498,-0.4275,0
05/22/2025 13:41:34.973,0.09467199,-1.03334,0.078568,11.095,23.485,-1.995,-0.903,-0.483,-0.459,0
05/22/2025 13:41:34.993,0.122976,-0.989664,0.117852,18.41,23.765,1.19,-0.918,-0.474,-0.4635,0
05/22/2025 13:41:35.013,0.137616,-0.948916,0.128344,22.12,24.955,4.55,-0.897,-0.4455,-0.4785,0
05/22/2025 13:41:35.033,0.12688,-0.88938,0.111996,20.335,27.37,7.735,-0.879,-0.4455,-0.474,0
05/22/2025 13:41:35.053,0.09857599,-0.918172,0.112972,13.72,28.525,10.64,-0.894,-0.429,-0.5085,0
05/22/2025 13:41:35.073,0.076372,-0.88572,0.142008,8.785,27.58,10.955,-0.891,-0.399,-0.5085,0
05/22/2025 13:41:35.093,0.032696,-0.905972,0.147132,-0.35,24.85,10.36,-0.903,-0.396,-0.4935,0
05/22/2025 13:41:35.113,0.005124,-0.918904,0.18178,-4.865,21.945,8.225,-0.9135,-0.4215,-0.5355,0
05/22/2025 13:41:35.133,-0.017324,-0.97112,0.194468,-11.865,19.6,5.67,-0.885,-0.381,-0.5355,0
05/22/2025 13:41:35.153,-0.013176,-1.061644,0.167872,-13.895,17.605,3.815,-0.888,-0.384,-0.5085,0
05/22/2025 13:41:35.173,-0.00488,-1.106052,0.155428,-6.895,15.75,2.8,-0.8595,-0.384,-0.534,0
05/22/2025 13:41:35.193,-0.013908,-1.086288,0.158356,3.5,13.58,2.38,-0.882,-0.3465,-0.5385,0
05/22/2025 13:41:35.213,-0.017568,-1.043344,0.163236,13.895,11.445,4.62,-0.897,-0.3615,-0.5475,0
05/22/2025 13:41:35.233,-0.033672,-0.996984,0.170312,19.39,9.17,6.72,-0.8715,-0.351,-0.543,0
05/22/2025 13:41:35.253,-0.042212,-0.991128,0.16104,21.63,6.37,8.33,-0.891,-0.339,-0.57,0
05/22/2025 13:41:35.273,-0.0488,-0.987224,0.163724,23.485,5.145,10.15,-0.888,-0.339,-0.588,0
05/22/2025 13:41:35.293,-0.039284,-0.9638,0.160308,22.295,4.095,11.025,-0.8775,-0.3315,-0.63,0
05/22/2025 13:41:35.313,-0.022204,-0.942816,0.143228,20.37,3.675,11.095,-0.882,-0.3225,-0.63,0
05/22/2025 13:41:35.333,0.000244,-0.923296,0.131028,16.8,4.445,10.815,-0.8745,-0.3195,-0.657,0
05/22/2025 13:41:35.353,-0.004392,-0.928908,0.13542,12.88,4.06,10.815,-0.846,-0.2895,-0.6675,0
05/22/2025 13:41:35.373,-0.022692,-0.931836,0.137616,10.92,2.555,10.71,-0.846,-0.324,-0.69,0
05/22/2025 13:41:35.393,-0.036844,-0.9028,0.13908,8.085,1.47,10.22,-0.8505,-0.2925,-0.687,0
05/22/2025 13:41:35.413,-0.06222,-0.920124,0.151524,4.34,1.155,9.73,-0.828,-0.294,-0.7125,0
05/22/2025 13:41:35.433,-0.073932,-0.91988,0.172508,2.485,0.175,9.38,-0.8475,-0.2925,-0.72,0
05/22/2025 13:41:35.453,-0.07808,-0.92354,0.160308,0.49,-1.365,9.835,-0.8145,-0.2745,-0.738,0
05/22/2025 13:41:35.473,-0.062708,-0.930372,0.149572,-0.385,-1.575,10.5,-0.8145,-0.2625,-0.735,0
05/22/2025 13:41:35.493,-0.050264,-0.959408,0.14152,-1.82,-1.96,10.745,-0.8145,-0.2625,-0.735,0
05/22/2025 13:41:35.513,-0.056608,-0.966972,0.1281,-3.885,-3.36,11.06,-0.804,-0.2445,-0.72,0
05/22/2025 13:41:35.533,-0.061488,-0.967948,0.138104,-6.125,-4.34,11.48,-0.777,-0.2415,-0.708,0
05/22/2025 13:41:35.553,-0.0915,-0.958188,0.137616,-10.22,-6.44,12.53,-0.786,-0.2445,-0.7305,0
05/22/2025 13:41:35.573,-0.128832,-0.947452,0.146644,-11.725,-9.17,13.72,-0.786,-0.252,-0.7305,0
05/22/2025 13:41:35.593,-0.15494,-0.93208,0.151036,-13.055,-12.6,14.07,-0.7515,-0.231,-0.714,0
05/22/2025 13:41:35.613,-0.13664,-0.989176,0.131028,-13.51,-14.945,11.48,-0.723,-0.228,-0.7095,0
05/22/2025 13:41:35.633,-0.06832,-1.075064,0.117608,-10.71,-15.75,8.225,-0.738,-0.2265,-0.7185,0
05/22/2025 13:41:35.653,-0.012932,-1.140944,0.074664,-4.97,-15.33,5.74,-0.7245,-0.228,-0.672,0
05/22/2025 13:41:35.673,0.050264,-1.134356,0.100772,3.36,-13.3,2.59,-0.699,-0.243,-0.675,0
05/22/2025 13:41:35.693,0.103944,-1.137772,0.105896,6.895,-11.27,-2.66,-0.7215,-0.2385,-0.6795,0
05/22/2025 13:41:35.713,0.128588,-1.142164,0.135908,8.05,-10.045,-7.14,-0.717,-0.261,-0.687,0
05/22/2025 13:41:35.733,0.107848,-1.087508,0.174948,5.67,-9.345,-8.715,-0.726,-0.228,-0.702,0
05/22/2025 13:41:35.753,0.044896,-0.962092,0.224724,1.26,-10.85,-3.885,-0.726,-0.228,-0.702,0
05/22/2025 13:41:35.773,0.014396,-0.87474,0.253516,1.19,-12.81,0.07,-0.726,-0.228,-0.702,0
05/22/2025 13:41:35.793,-0.003904,-0.870104,0.23668,0.735,-14.21,3.01,-0.714,-0.261,-0.702,0
05/22/2025 13:41:35.813,0.00976,-0.911096,0.203984,-0.455,-15.295,6.195,-0.729,-0.276,-0.7095,0
05/22/2025 13:41:35.833,-0.010004,-0.91744,0.187636,3.535,-14.07,8.47,-0.7185,-0.273,-0.7365,0
05/22/2025 13:41:35.853,-0.031232,-0.915732,0.139812,5.565,-11.97,8.68,-0.7275,-0.2955,-0.6975,0
05/22/2025 13:41:35.873,-0.016836,-0.939156,0.082472,8.505,-9.695,6.79,-0.7395,-0.2835,-0.714,0
05/22/2025 13:41:35.893,0.028304,-0.963312,0.059536,13.545,-6.02,2.345,-0.732,-0.276,-0.7095,0
05/22/2025 13:41:35.913,0.067832,-0.987468,0.056364,15.155,-1.4,-3.85,-0.747,-0.2985,-0.687,0
05/22/2025 13:41:35.933,0.107848,-1.054324,0.024644,10.675,3.57,-10.71,-0.744,-0.2865,-0.717,0
05/22/2025 13:41:35.953,0.141764,-1.106784,0.012688,3.675,6.755,-15.68,-0.7575,-0.294,-0.6945,0
05/22/2025 13:41:35.973,0.142008,-1.093608,0.058804,-2.1,8.785,-17.57,-0.744,-0.273,-0.702,0
05/22/2025 13:41:35.993,0.106628,-1.032364,0.117852,-3.885,11.13,-16.8,-0.7725,-0.3015,-0.699,0
05/22/2025 13:41:36.013,0.051728,-0.981856,0.15372,-9.625,14.98,-14.595,-0.783,-0.3015,-0.666,0
05/22/2025 13:41:36.033,0.015372,-0.967948,0.145668,-10.99,16.135,-12.39,-0.786,-0.306,-0.6615,0
05/22/2025 13:41:36.053,0.0061,-0.976732,0.1159,-13.125,16.03,-10.15,-0.8205,-0.2865,-0.6555,0
05/22/2025 13:41:36.073,0,-1.006988,0.078812,-8.54,14.035,-8.435,-0.801,-0.324,-0.6435,0
05/22/2025 13:41:36.093,0.0122,-1.017968,0.072468,2.1,12.565,-7.77,-0.8295,-0.2865,-0.6285,0
05/22/2025 13:41:36.113,0.033672,-1.033584,0.077592,14.07,12.845,-7.84,-0.822,-0.309,-0.633,0
05/22/2025 13:41:36.133,0.071492,-1.030656,0.131028,25.41,15.505,-8.33,-0.8445,-0.3165,-0.6255,0
05/22/2025 13:41:36.153,0.091744,-1.034316,0.143716,31.5,19.6,-9.87,-0.8745,-0.3345,-0.6525,0
05/22/2025 13:41:36.173,0.095892,-1.040416,0.158844,35.28,25.445,-10.99,-0.8745,-0.3345,-0.6525,0
05/22/2025 13:41:36.193,0.101504,-0.996252,0.170068,37.03,30.66,-12.005,-0.8595,-0.342,-0.663,0
05/22/2025 13:41:36.213,0.0976,-0.9699,0.188612,33.46,35.805,-14.175,-0.879,-0.3195,-0.687,0
05/22/2025 13:41:36.233,0.091012,-0.945988,0.1891,23.695,40.565,-16.905,-0.882,-0.3495,-0.687,0
05/22/2025 13:41:36.253,0.081496,-0.958676,0.162016,13.37,43.715,-20.685,-0.876,-0.357,-0.7215,0
05/22/2025 13:41:36.273,0.086376,-0.98088,0.155184,6.37,45.675,-25.445,-0.885,-0.33,-0.756,0
05/22/2025 13:41:36.293,0.072712,-0.99552,0.164944,-3.045,46.41,-30.94,-0.8895,-0.3525,-0.7815,0
05/22/2025 13:41:36.313,0.064172,-1.004548,0.192272,-2.8,46.83,-32.34,-0.9105,-0.375,-0.759,0
05/22/2025 13:41:36.333,0.056608,-0.977952,0.2074,-1.12,47.075,-32.41,-0.9375,-0.393,-0.798,0
05/22/2025 13:41:36.353,0.054168,-0.99064,0.200812,1.05,46.41,-32.095,-0.9375,-0.381,-0.8175,0
05/22/2025 13:41:36.373,0.060024,-0.955748,0.206668,6.37,45.01,-31.36,-0.948,-0.4185,-0.8175,0
05/22/2025 13:41:36.393,0.059536,-0.967704,0.203984,11.48,41.02,-30.94,-0.975,-0.3945,-0.8595,0
05/22/2025 13:41:36.413,0.080032,-0.986004,0.207888,12.46,36.855,-29.61,-0.9825,-0.4215,-0.8445,0
05/22/2025 13:41:36.433,0.092476,-0.972828,0.226432,13.265,32.27,-28.175,-0.96,-0.414,-0.8445,0
05/22/2025 13:41:36.453,0.12322,-0.94062,0.252784,14.98,27.93,-26.075,-1.0005,-0.399,-0.849,0
05/22/2025 13:41:36.473,0.149328,-0.94306,0.252784,14.595,24.675,-24.64,-1.005,-0.429,-0.8565,0
05/22/2025 13:41:36.493,0.150548,-0.927688,0.263032,14.735,22.505,-23.66,-1.005,-0.4545,-0.876,0
05/22/2025 13:41:36.513,0.169092,-0.92598,0.247172,11.305,20.65,-21.91,-1.0155,-0.4545,-0.8865,0
05/22/2025 13:41:36.533,0.181292,-0.95526,0.271572,8.89,19.74,-19.25,-0.9975,-0.4395,-0.8985,0
05/22/2025 13:41:36.553,0.175924,-0.975512,0.27206,4.445,19.845,-14.91,-1.0125,-0.447,-0.894,0
05/22/2025 13:41:36.573,0.1769,-0.89548,0.319152,2.695,17.71,-13.965,-1.0125,-0.447,-0.894,0
05/22/2025 13:41:36.593,0.162748,-0.924028,0.310856,-4.2,16.835,-12.32,-0.972,-0.4665,-0.909,0
05/22/2025 13:41:36.613,0.1464,-0.9394,0.324032,-6.86,16.66,-12.145,-0.9765,-0.477,-0.924,0
05/22/2025 13:41:36.633,0.138836,-0.964776,0.326228,-8.4,16.03,-11.795,-0.9945,-0.4545,-0.924,0
05/22/2025 13:41:36.653,0.139568,-0.963068,0.325008,-7.805,15.47,-11.27,-1.0095,-0.48,-0.948,0
05/22/2025 13:41:36.673,0.134444,-0.962824,0.328424,-5.46,15.47,-10.57,-0.999,-0.4575,-0.9555,0
05/22/2025 13:41:36.693,0.117852,-0.9394,0.327204,-1.47,15.645,-10.57,-1.0005,-0.4725,-0.996,0
05/22/2025 13:41:36.713,0.108092,-0.93452,0.305488,0.91,15.05,-10.64,-0.9855,-0.474,-0.9765,0
05/22/2025 13:41:36.733,0.10248,-0.933056,0.314516,3.465,15.015,-10.78,-1.0005,-0.45,-0.993,0
05/22/2025 13:41:36.753,0.09882,-0.917196,0.305488,5.53,13.93,-12.285,-0.9945,-0.477,-1.038,0
05/22/2025 13:41:36.773,0.104188,-0.927444,0.295728,3.22,13.37,-13.37,-1.008,-0.4695,-0.9885,0
05/22/2025 13:41:36.793,0.122488,-0.9455,0.293776,2.8,13.685,-13.475,-0.99,-0.48,-1.023,0
05/22/2025 13:41:36.813,0.13908,-0.955992,0.305976,2.905,13.93,-13.09,-0.99,-0.477,-1.0455,0
05/22/2025 13:41:36.833,0.146644,-0.948428,0.306464,5.285,13.58,-12.565,-0.99,-0.477,-1.0455,0
05/22/2025 13:41:36.853,0.165432,-0.937204,0.293776,8.75,13.825,-12.25,-0.9975,-0.492,-1.0425,0
05/22/2025 13:41:36.873,0.179096,-0.960628,0.290848,10.64,14.98,-11.725,-1.005,-0.5025,-1.0725,0
05/22/2025 13:41:36.893,0.176168,-0.952576,0.282064,11.865,14.42,-11.935,-1.023,-0.5025,-1.0545,0
05/22/2025 13:41:36.913,0.192028,-0.955992,0.279868,8.645,12.74,-12.215,-1.0245,-0.5055,-1.077,0
05/22/2025 13:41:36.933,0.198372,-0.951356,0.274012,6.58,11.655,-12.005,-0.9945,-0.4845,-1.053,0
05/22/2025 13:41:36.953,0.217648,-0.936228,0.281576,5.53,10.71,-11.2,-1.014,-0.513,-1.095,0
05/22/2025 13:41:36.973,0.218868,-0.91256,0.28548,3.71,9.66,-10.605,-1.02,-0.5175,-1.08,0
05/22/2025 13:41:36.993,0.204716,-0.917684,0.279868,-0.35,8.33,-10.08,-1.0245,-0.498,-1.0875,0
05/22/2025 13:41:37.013,0.203008,-0.957456,0.263276,-3.605,6.615,-9.66,-1.017,-0.5025,-1.08,0
05/22/2025 13:41:37.033,0.200812,-0.986736,0.269132,-2.24,4.27,-8.68,-1.0455,-0.528,-1.062,0
05/22/2025 13:41:37.053,0.19642,-0.963068,0.285236,-0.28,1.4,-7.525,-1.032,-0.525,-1.0845,0
05/22/2025 13:41:37.073,0.19642,-0.95282,0.289384,0.385,-0.91,-6.72,-1.0275,-0.5175,-1.065,0
05/22/2025 13:41:37.093,0.19642,-0.958188,0.2989,5.67,-2.905,-5.67,-1.041,-0.5355,-1.0545,0
05/22/2025 13:41:37.113,0.194956,-0.941596,0.301096,8.295,-4.62,-5.39,-1.0305,-0.555,-1.0995,0
05/22/2025 13:41:37.133,0.194712,-0.95526,0.30622,9.415,-6.125,-5.25,-1.0305,-0.555,-1.0995,0
05/22/2025 13:41:37.153,0.206424,-0.92842,0.320372,13.125,-6.965,-4.9,-1.056,-0.5385,-1.074,0
05/22/2025 13:41:37.173,0.215208,-0.917196,0.327204,13.44,-6.72,-4.76,-1.038,-0.558,-1.092,0
05/22/2025 13:41:37.193,0.216916,-0.900848,0.325984,12.18,-6.02,-5.18,-1.071,-0.546,-1.0845,0
05/22/2025 13:41:37.213,0.218868,-0.88328,0.318908,10.815,-4.62,-6.3,-1.0815,-0.5955,-1.074,0
05/22/2025 13:41:37.233,0.222772,-0.894016,0.325496,6.79,-2.975,-7.35,-1.086,-0.576,-1.0935,0
05/22/2025 13:41:37.253,0.232044,-0.898164,0.319396,3.185,-1.785,-8.645,-1.0785,-0.561,-1.0695,0
05/22/2025 13:41:37.273,0.242048,-0.926956,0.310124,-1.26,-1.015,-8.995,-1.0605,-0.6,-1.0995,0
05/22/2025 13:41:37.293,0.224724,-0.914756,0.310612,-1.295,0.595,-9.17,-1.089,-0.576,-1.059,0
05/22/2025 13:41:37.313,0.22204,-0.92964,0.31354,-2.87,0.665,-8.96,-1.1235,-0.546,-1.0635,0
05/22/2025 13:41:37.333,0.21716,-0.930372,0.324764,-2.52,1.155,-8.365,-1.1415,-0.564,-1.0875,0
05/22/2025 13:41:37.353,0.221308,-0.93574,0.327692,-1.715,1.47,-7.77,-1.152,-0.579,-1.0575,0
05/22/2025 13:41:37.373,0.217892,-0.939644,0.329644,0.35,1.365,-7.945,-1.137,-0.579,-1.0485,0
05/22/2025 13:41:37.393,0.218136,-0.92964,0.327204,-0.385,0.245,-7.28,-1.1175,-0.573,-1.0185,0
05/22/2025 13:41:37.413,0.217648,-0.9272,0.32208,0.105,0.28,-6.3,-1.17,-0.5865,-1.0305,0
05/22/2025 13:41:37.433,0.225944,-0.925248,0.324764,0.84,-0.035,-5.775,-1.17,-0.5835,-1.0305,0
05/22/2025 13:41:37.453,0.219844,-0.936472,0.313052,0.595,-0.455,-5.915,-1.1685,-0.6135,-1.0305,0
05/22/2025 13:41:37.473,0.2257,-0.958676,0.3233,-0.28,-0.91,-5.565,-1.1715,-0.579,-0.9885,0
05/22/2025 13:41:37.493,0.224724,-0.9272,0.32574,0.42,-1.575,-4.55,-1.161,-0.5985,-1.0155,0
05/22/2025 13:41:37.513,0.227408,-0.933788,0.31476,-0.56,-1.995,-4.55,-1.164,-0.6135,-0.9855,0
05/22/2025 13:41:37.533,0.22814,-0.895968,0.322324,0.595,-1.995,-4.585,-1.167,-0.5985,-0.9705,0
05/22/2025 13:41:37.553,0.22448,-0.90036,0.311344,0.665,-1.96,-4.725,-1.1565,-0.6135,-0.966,0
05/22/2025 13:41:37.573,0.241316,-0.9028,0.316468,0.315,-1.295,-4.76,-1.161,-0.6255,-0.996,0
05/22/2025 13:41:37.593,0.250588,-0.913048,0.326716,0.91,-0.455,-4.655,-1.1535,-0.618,-0.9915,0
05/22/2025 13:41:37.613,0.251076,-0.90524,0.315248,0,1.015,-4.795,-1.1535,-0.618,-0.9915,0
05/22/2025 13:41:37.633,0.259128,-0.902556,0.32696,-0.875,1.575,-5.39,-1.167,-0.624,-0.9855,0
05/22/2025 13:41:37.653,0.264984,-0.89304,0.325496,-1.89,1.33,-5.635,-1.1865,-0.6315,-1.0005,0
05/22/2025 13:41:37.673,0.272792,-0.904264,0.32696,-1.82,1.89,-5.81,-1.164,-0.6255,-0.981,0
05/22/2025 13:41:37.693,0.28548,-0.91256,0.324276,-2.485,2.8,-6.16,-1.1745,-0.6315,-0.9855,0
05/22/2025 13:41:37.713,0.286212,-0.904508,0.323788,-3.115,2.94,-6.545,-1.1685,-0.6015,-1.011,0
05/22/2025 13:41:37.733,0.26108,-0.888404,0.37454,-6.335,5.32,-6.965,-1.173,-0.6015,-1.02,0
05/22/2025 13:41:37.753,0.293532,-0.889868,0.31598,-5.25,2.835,-6.37,-1.179,-0.621,-0.996,0
05/22/2025 13:41:37.773,0.242048,-0.907436,0.322324,-0.98,4.48,-9.135,-1.191,-0.6015,-1.0155,0
05/22/2025 13:41:37.793,0.27084,-0.893284,0.301584,-3.43,2.065,-10.29,-1.197,-0.6315,-0.9975,0
05/22/2025 13:41:37.813,0.267912,-0.927932,0.287676,-5.67,1.96,-10.71,-1.1805,-0.5985,-1.02,0
05/22/2025 13:41:37.833,0.257908,-0.922564,0.285236,-5.53,1.54,-11.34,-1.164,-0.6285,-0.996,0
05/22/2025 13:41:37.853,0.291092,-0.873032,0.319152,-6.09,1.54,-11.55,-1.1685,-0.5985,-0.996,0
05/22/2025 13:41:37.873,0.215696,-1.11996,0.252784,-14.735,0.07,-7.35,-1.176,-0.6285,-1.0005,0
05/22/2025 13:41:37.893,0.231556,-1.01138,0.30256,-7.98,-0.385,-4.62,-1.1835,-0.6165,-1.0005,0
05/22/2025 13:41:37.913,0.257664,-0.99064,0.302316,-6.16,0.07,-2.625,-1.1835,-0.6165,-1.0005,0
05/22/2025 13:41:37.933,0.241316,-0.965752,0.287188,-3.955,1.54,-1.26,-1.149,-0.6105,-0.9915,0
05/22/2025 13:41:37.953,0.244732,-0.95526,0.284016,-1.645,2.205,-1.015,-1.1685,-0.6165,-1.011,0
05/22/2025 13:41:37.973,0.248148,-0.925736,0.276696,1.61,0.595,-0.735,-1.1715,-0.621,-0.9885,0
05/22/2025 13:41:37.993,0.25742,-0.923784,0.294508,2.975,-0.735,-1.365,-1.134,-0.618,-0.996,0
05/22/2025 13:41:38.013,0.280112,-0.92598,0.300608,2.415,-2.8,-2.345,-1.1205,-0.618,-1.0335,0
05/22/2025 13:41:38.033,0.282308,-0.94062,0.299144,0.805,-4.83,-3.465,-1.1355,-0.6135,-1.0485,0
05/22/2025 13:41:38.053,0.283528,-0.928664,0.289384,-0.63,-5.74,-3.815,-1.1505,-0.621,-1.0335,0
05/22/2025 13:41:38.073,0.28426,-0.944768,0.28792,-3.5,-5.425,-3.29,-1.113,-0.6135,-1.0335,0
05/22/2025 13:41:38.093,0.281576,-0.943304,0.243512,-4.13,-5.285,-1.26,-1.1355,-0.6135,-1.029,0
05/22/2025 13:41:38.113,0.280844,-0.927688,0.258396,-2.03,-6.02,0,-1.1175,-0.621,-1.0485,0
05/22/2025 13:41:38.133,0.29158,-0.898896,0.290116,-1.12,-5.495,0.665,-1.125,-0.5985,-1.056,0
05/22/2025 13:41:38.153,0.293532,-0.877668,0.266448,-3.605,-5.81,0.595,-1.125,-0.621,-1.0635,0
05/22/2025 13:41:38.173,0.305,-0.895724,0.259616,-4.375,-7.105,-0.875,-1.125,-0.621,-1.0635,0
05/22/2025 13:41:38.193,0.320616,-0.896456,0.30744,-2.87,-7.49,-1.155,-1.14,-0.5985,-1.068,0
05/22/2025 13:41:38.213,0.326716,-0.885232,0.292068,0.07,-7.56,-0.91,-1.1445,-0.606,-1.0785,0
05/22/2025 13:41:38.233,0.3233,-0.8601,0.29158,2.205,-9.31,-0.665,-1.1295,-0.621,-1.0935,0
05/22/2025 13:41:38.253,0.334036,-0.871324,0.303292,0.7,-9.205,-0.665,-1.134,-0.5865,-1.0605,0
05/22/2025 13:41:38.273,0.347944,-0.852536,0.32208,1.085,-8.4,-1.26,-1.125,-0.6105,-1.0485,0
05/22/2025 13:41:38.293,0.348676,-0.863028,0.334768,1.435,-6.51,-2.17,-1.1265,-0.591,-1.068,0
05/22/2025 13:41:38.313,0.340624,-0.8662,0.341356,1.715,-4.095,-3.115,-1.1175,-0.6135,-1.059,0
05/22/2025 13:41:38.333,0.3416,-0.884256,0.337452,0.525,-1.855,-4.69,-1.1145,-0.6135,-1.044,0
05/22/2025 13:41:38.353,0.342332,-0.88206,0.332572,0.7,0.105,-6.195,-1.143,-0.609,-1.0485,0
05/22/2025 13:41:38.373,0.344284,-0.94306,0.332084,-1.54,3.5,-5.88,-1.1145,-0.591,-1.056,0
05/22/2025 13:41:38.393,0.342332,-1.042856,0.330376,-3.745,6.265,-0.42,-1.14,-0.591,-1.053,0
05/22/2025 13:41:38.413,0.352824,-0.983808,0.315736,3.43,10.115,1.47,-1.17,-0.606,-1.05,0
05/22/2025 13:41:38.433,0.338916,-0.935252,0.32452,8.54,12.04,5.495,-1.14,-0.5865,-1.0455,0
05/22/2025 13:41:38.453,0.332084,-0.896456,0.336964,2.835,14.175,7.56,-1.14,-0.5865,-1.0455,0
05/22/2025 13:41:38.473,0.356972,-0.90158,0.300364,-1.085,16.59,8.365,-1.1295,-0.6255,-1.068,0
05/22/2025 13:41:38.493,0.378932,-0.931592,0.2623,0.28,19.18,9.485,-1.1145,-0.6105,-1.086,0
05/22/2025 13:41:38.513,0.38796,-0.88816,0.273524,7.42,22.19,10.395,-1.137,-0.609,-1.0785,0
05/22/2025 13:41:38.533,0.386496,-0.8418,0.295484,9.905,23.87,11.445,-1.1415,-0.636,-1.1055,0
05/22/2025 13:41:38.553,0.350384,-0.788364,0.317444,4.34,26.6,12.04,-1.1415,-0.636,-1.1055,0
05/22/2025 13:41:38.573,0.336476,-0.832772,0.303536,0.63,26.985,10.745,-1.134,-0.6135,-1.0905,0
05/22/2025 13:41:38.593,0.341844,-0.792268,0.261324,1.155,25.375,7.84,-1.1235,-0.606,-1.1235,0
05/22/2025 13:41:38.613,0.298656,-0.77104,0.213988,-6.405,23.625,3.22,-1.1415,-0.606,-1.1175,0
05/22/2025 13:41:38.633,0.315004,-0.829356,0.200812,-14.42,20.79,-0.105,-1.104,-0.6135,-1.1115,0
05/22/2025 13:41:38.653,0.325984,-0.853512,0.232288,-14.245,18.97,-2.065,-1.1535,-0.609,-1.11,0
05/22/2025 13:41:38.673,0.33306,-0.877668,0.254248,-13.685,14.595,-3.29,-1.1445,-0.6165,-1.1055,0
05/22/2025 13:41:38.693,0.344284,-0.864248,0.299388,-13.685,8.785,-3.08,-1.1355,-0.609,-1.128,0
05/22/2025 13:41:38.713,0.335012,-0.833748,0.333304,-10.675,-0.035,-4.34,-1.164,-0.6045,-1.122,0
05/22/2025 13:41:38.733,0.332572,-0.81862,0.337696,-5.565,-2.8,-6.72,-1.1625,-0.609,-1.08,0
05/22/2025 13:41:38.753,0.347456,-0.847168,0.378688,3.605,0.035,-9.59,-1.155,-0.6135,-1.0485,0
05/22/2025 13:41:38.773,0.3233,-0.869128,0.385032,12.565,8.365,-12.88,-1.1535,-0.6285,-1.0305,0
05/22/2025 13:41:38.793,0.313784,-0.859124,0.381128,18.095,13.72,-15.155,-1.173,-0.6435,-1.065,0
05/22/2025 13:41:38.813,0.293288,-0.852048,0.384056,17.57,21.875,-19.075,-1.158,-0.636,-1.0605,0
05/22/2025 13:41:38.833,0.271328,-0.8784,0.434808,14.42,32.06,-22.05,-1.1835,-0.642,-1.0575,0
05/22/2025 13:41:38.853,0.25132,-0.881816,0.49898,9.94,41.755,-24.64,-1.176,-0.6465,-1.053,0
05/22/2025 13:41:38.873,0.248148,-0.85278,0.44286,1.68,46.06,-29.89,-1.1535,-0.693,-1.0635,0
05/22/2025 13:41:38.893,0.251076,-0.843752,0.423584,-0.84,47.53,-33.495,-1.1955,-0.702,-1.083,0
05/22/2025 13:41:38.913,0.243024,-0.8906,0.428952,-5.39,56.42,-35.7,-1.179,-0.699,-1.065,0
05/22/2025 13:41:38.933,0.243512,-0.926956,0.4453,-10.92,64.365,-36.925,-1.158,-0.7185,-1.1055,0
05/22/2025 13:41:38.953,0.23058,-0.939644,0.419192,-17.255,66.99,-40.53,-1.143,-0.7215,-1.1205,0
05/22/2025 13:41:38.973,0.243268,-0.94794,0.362584,-23.73,66.36,-44.555,-1.17,-0.7365,-1.14,0
05/22/2025 13:41:38.993,0.233508,-0.948184,0.344528,-25.165,64.505,-45.01,-1.17,-0.7365,-1.14,0
05/22/2025 13:41:39.013,0.229848,-0.98332,0.309636,-29.75,58.695,-44.17,-1.1745,-0.729,-1.1625,0
05/22/2025 13:41:39.033,0.245708,-1.005524,0.260104,-28.735,50.995,-43.925,-1.1745,-0.7365,-1.167,0
05/22/2025 13:41:39.053,0.259616,-1.002352,0.216916,-26.46,43.715,-40.285,-1.17,-0.7515,-1.173,0
05/22/2025 13:41:39.073,0.2623,-1.001132,0.233752,-23.765,38.955,-34.37,-1.167,-0.7515,-1.158,0
05/22/2025 13:41:39.093,0.260348,-0.994788,0.27938,-24.325,36.365,-28.28,-1.1415,-0.7665,-1.2,0
05/22/2025 13:41:39.113,0.251564,-0.985272,0.2745,-26.32,31.045,-23.45,-1.1295,-0.7815,-1.203,0
05/22/2025 13:41:39.133,0.244,-0.967216,0.216672,-26.74,27.09,-18.9,-1.164,-0.762,-1.2,0
05/22/2025 13:41:39.153,0.234972,-0.960628,0.25498,-20.475,26.425,-16.87,-1.164,-0.747,-1.2,0
05/22/2025 13:41:39.173,0.247416,-0.923784,0.249124,-19.39,21.56,-15.995,-1.176,-0.732,-1.224,0
05/22/2025 13:41:39.193,0.255712,-0.924028,0.234728,-17.99,15.085,-15.54,-1.1535,-0.756,-1.203,0
05/22/2025 13:41:39.213,0.277916,-0.912316,0.211548,-17.71,10.815,-12.95,-1.146,-0.7215,-1.1925,0
05/22/2025 13:41:39.233,0.303292,-0.907436,0.22936,-16.59,9.275,-10.99,-1.131,-0.699,-1.1955,0
05/22/2025 13:41:39.253,0.308416,-0.932324,0.253272,-22.575,8.575,-7.49,-1.131,-0.699,-1.1955,0
05/22/2025 13:41:39.273,0.335744,-0.929884,0.233996,-19.495,6.125,-5.95,-1.1205,-0.714,-1.206,0
05/22/2025 13:41:39.293,0.3294,-0.868152,0.25254,-14.245,6.44,-3.815,-1.1325,-0.6765,-1.1955,0
05/22/2025 13:41:39.313,0.340624,-0.836676,0.262056,-14.875,6.09,-2.485,-1.113,-0.6765,-1.188,0
05/22/2025 13:41:39.333,0.326472,-0.943792,0.271084,-21.28,4.55,-1.085,-1.1055,-0.6735,-1.1955,0
05/22/2025 13:41:39.353,0.322324,-0.954528,0.262788,-21.49,-1.54,-2.625,-1.1025,-0.636,-1.176,0
05/22/2025 13:41:39.373,0.347944,-0.971364,0.239364,-21.455,-8.575,-2.45,-1.0905,-0.6465,-1.1805,0
05/22/2025 13:41:39.393,0.343308,-1.03212,0.1891,-21.665,-15.26,0.245,-1.044,-0.636,-1.194,0
05/22/2025 13:41:39.413,0.333548,-1.017236,0.164944,-9.905,-23.275,1.505,-1.0725,-0.6255,-1.176,0
05/22/2025 13:41:39.433,0.31232,-0.991128,0.14762,-0.595,-31.885,1.505,-1.083,-0.6255,-1.1685,0
05/22/2025 13:41:39.453,0.324276,-1.000156,0.142984,4.375,-40.985,3.78,-1.092,-0.624,-1.188,0
05/22/2025 13:41:39.473,0.335012,-0.960384,0.18056,12.74,-48.37,7.07,-1.095,-0.5985,-1.173,0
05/22/2025 13:41:39.493,0.342332,-0.912804,0.244488,18.025,-50.68,10.535,-1.125,-0.612,-1.1955,0
05/22/2025 13:41:39.513,0.349896,-0.89426,0.25986,24.71,-51.065,12.285,-1.107,-0.594,-1.1805,0
05/22/2025 13:41:39.533,0.374296,-0.898652,0.238144,28.035,-48.02,11.76,-1.107,-0.594,-1.1805,0
05/22/2025 13:41:39.553,0.393328,-0.884256,0.225456,25.34,-41.195,12.215,-1.11,-0.606,-1.161,0
05/22/2025 13:41:39.573,0.41846,-0.91378,0.262788,20.86,-33.67,12.075,-1.1025,-0.624,-1.1685,0
05/22/2025 13:41:39.593,0.375516,-0.9211,0.292312,16.275,-28.84,9.94,-1.113,-0.609,-1.1505,0
05/22/2025 13:41:39.613,0.404796,-0.90036,0.293044,17.815,-34.3,6.755,-1.113,-0.6015,-1.1655,0
05/22/2025 13:41:39.633,0.41358,-0.911096,0.286944,13.79,-32.305,8.015,-1.128,-0.594,-1.155,0
05/22/2025 13:41:39.653,0.416996,-0.87718,0.281088,2.31,-28.28,11.165,-1.1505,-0.6045,-1.1445,0
05/22/2025 13:41:39.673,0.3904,-0.847656,0.255712,-10.465,-26.81,13.895,-1.146,-0.597,-1.14,0
05/22/2025 13:41:39.693,0.366976,-0.87474,0.22936,-13.16,-24.78,16.135,-1.1505,-0.582,-1.122,0
05/22/2025 13:41:39.713,0.331596,-0.848144,0.246196,-9.59,-20.475,18.55,-1.149,-0.582,-1.098,0
05/22/2025 13:41:39.733,0.309148,-0.87962,0.252052,-6.825,-16.66,18.725,-1.134,-0.579,-1.086,0
05/22/2025 13:41:39.753,0.321348,-0.926468,0.2379,0.07,-13.3,16.065,-1.1265,-0.561,-1.0905,0
05/22/2025 13:41:39.773,0.366488,-0.98332,0.223016,7.56,-3.465,10.745,-1.1355,-0.534,-1.083,0
05/22/2025 13:41:39.793,0.35868,-0.982832,0.241316,6.93,4.62,6.72,-1.134,-0.546,-1.068,0
05/22/2025 13:41:39.813,0.384788,-1.058472,0.199104,-3.22,11.48,1.89,-1.1235,-0.561,-1.071,0
05/22/2025 13:41:39.833,0.3904,-1.042124,0.193492,-3.92,19.005,-1.05,-1.1115,-0.5535,-1.0755,0
05/22/2025 13:41:39.853,0.355264,-0.998448,0.186416,-5.6,27.44,-2.87,-1.1115,-0.576,-1.086,0
05/22/2025 13:41:39.873,0.3172,-0.955992,0.16714,-4.655,32.62,-4.76,-1.119,-0.5535,-1.0785,0
05/22/2025 13:41:39.893,0.2928,-0.899872,0.13786,0.805,35.98,-6.93,-1.128,-0.579,-1.11,0
05/22/2025 13:41:39.913,0.274988,-0.87596,0.125904,7.07,38.465,-9.975,-1.116,-0.5715,-1.1205,0
05/22/2025 13:41:39.933,0.28548,-0.83936,0.130784,11.095,38.745,-13.545,-1.1235,-0.579,-1.1205,0
05/22/2025 13:41:39.953,0.34038,-0.854488,0.146156,12.88,39.025,-19.495,-1.125,-0.579,-1.1655,0
05/22/2025 13:41:39.973,0.409432,-0.873764,0.16958,13.265,43.645,-23.52,-1.1385,-0.624,-1.1475,0
05/22/2025 13:41:39.993,0.454572,-0.91622,0.187392,14.875,51.03,-26.95,-1.1385,-0.624,-1.1475,0
05/22/2025 13:41:40.013,0.493612,-0.906216,0.203984,9.905,60.725,-29.82,-1.146,-0.639,-1.1775,0
05/22/2025 13:41:40.033,0.482388,-0.906216,0.197152,1.295,68.32,-31.815,-1.1655,-0.6465,-1.17,0
05/22/2025 13:41:40.053,0.46238,-0.900604,0.2562,-20.685,76.195,-35,-1.1655,-0.6675,-1.2165,0
05/22/2025 13:41:40.073,0.42578,-0.861808,0.257176,-32.97,74.865,-35.945,-1.1805,-0.6975,-1.2195,0
05/22/2025 13:41:40.093,0.389912,-0.820816,0.247416,-37.94,71.89,-34.51,-1.1805,-0.687,-1.224,0
05/22/2025 13:41:40.113,0.334768,-0.825208,0.259372,-43.505,71.505,-32.795,-1.1655,-0.714,-1.2345,0
05/22/2025 13:41:40.133,0.281332,-0.83204,0.269864,-45.255,68.67,-31.78,-1.161,-0.7095,-1.227,0
05/22/2025 13:41:40.153,0.269864,-0.875716,0.27938,-40.04,64.925,-31.71,-1.176,-0.732,-1.242,0
05/22/2025 13:41:40.173,0.25864,-0.956236,0.304024,-31.5,62.615,-29.54,-1.14,-0.717,-1.23,0
05/22/2025 13:41:40.193,0.263276,-0.977464,0.331352,-16.765,57.575,-27.86,-1.1625,-0.732,-1.2525,0
05/22/2025 13:41:40.213,0.281576,-0.990396,0.373076,-7.525,54.32,-23.66,-1.1655,-0.7545,-1.245,0
05/22/2025 13:41:40.233,0.295728,-1.036512,0.377712,-8.925,51.59,-16.625,-1.155,-0.762,-1.26,0
05/22/2025 13:41:40.253,0.302804,-1.045052,0.356484,-8.435,47.635,-9.625,-1.1415,-0.729,-1.2945,0
05/22/2025 13:41:40.273,0.298656,-0.978928,0.3538,-6.195,45.29,-2.17,-1.122,-0.7515,-1.278,0
05/22/2025 13:41:40.293,0.265716,-0.969168,0.343064,-7.77,43.855,3.78,-1.0845,-0.768,-1.2855,0
05/22/2025 13:41:40.313,0.235948,-0.921588,0.333548,-5.04,38.465,8.715,-1.0815,-0.7635,-1.3185,0
05/22/2025 13:41:40.333,0.229848,-0.92232,0.34038,-7.875,36.295,10.78,-1.0815,-0.7635,-1.3185,0
05/22/2025 13:41:40.353,0.218136,-0.895724,0.354776,-6.09,34.79,11.97,-1.074,-0.771,-1.326,0
05/22/2025 13:41:40.373,0.197884,-0.91744,0.357216,-4.41,33.635,11.935,-1.0785,-0.741,-1.3305,0
05/22/2025 13:41:40.393,0.187636,-0.90646,0.373564,-1.365,30.87,10.675,-1.083,-0.7335,-1.35,0
05/22/2025 13:41:40.413,0.186172,-0.892064,0.385276,-1.295,27.405,9.555,-1.0395,-0.699,-1.3485,0
05/22/2025 13:41:40.433,0.172996,-0.934032,0.40382,-3.115,22.82,10.395,-1.035,-0.7455,-1.371,0
05/22/2025 13:41:40.453,0.15494,-0.915244,0.4209,-1.75,17.15,13.055,-1.017,-0.738,-1.374,0
05/22/2025 13:41:40.473,0.1281,-0.893284,0.426756,1.225,12.04,16.87,-0.9765,-0.753,-1.392,0
05/22/2025 13:41:40.493,0.112728,-0.890844,0.387228,0.28,7.805,19.635,-0.999,-0.7305,-1.3845,0
05/22/2025 13:41:40.513,0.096624,-0.9089,0.37942,3.045,5.18,20.79,-1.0185,-0.7065,-1.398,0
05/22/2025 13:41:40.533,0.098332,-0.853024,0.396256,6.685,2.275,21.245,-1.008,-0.681,-1.4085,0
05/22/2025 13:41:40.553,0.101748,-0.870104,0.393328,1.645,2.065,19.705,-0.993,-0.693,-1.404,0
05/22/2025 13:41:40.573,0.11468,-0.914512,0.347212,1.12,0.49,16.45,-0.99,-0.6705,-1.4085,0
05/22/2025 13:41:40.593,0.134444,-0.897432,0.33916,9.38,1.575,13.79,-0.99,-0.6705,-1.4085,0
05/22/2025 13:41:40.613,0.160064,-0.928176,0.321104,8.12,5.495,12.495,-0.99,-0.6705,-1.4085,0
05/22/2025 13:41:40.633,0.187148,-0.942084,0.348432,9.695,8.505,11.165,-0.906,-0.63,-1.4205,0
05/22/2025 13:41:40.653,0.20862,-0.926712,0.403088,15.295,9.38,8.295,-0.909,-0.5955,-1.4175,0
05/22/2025 13:41:40.673,0.22448,-0.808616,0.435296,15.26,9.485,8.015,-0.8955,-0.573,-1.4325,0
05/22/2025 13:41:40.693,0.244488,-0.85522,0.372588,10.885,8.96,6.23,-0.882,-0.57,-1.452,0
05/22/2025 13:41:40.713,0.244244,-0.886208,0.332816,15.785,10.92,5.6,-0.855,-0.5625,-1.458,0
05/22/2025 13:41:40.733,0.255956,-0.842532,0.373076,20.895,14.63,5.495,-0.8415,-0.57,-1.458,0
05/22/2025 13:41:40.753,0.239364,-0.87108,0.407236,22.715,19.53,3.08,-0.786,-0.567,-1.506,0
05/22/2025 13:41:40.773,0.244488,-0.840092,0.42944,24.78,20.265,1.085,-0.7605,-0.5445,-1.5015,0
05/22/2025 13:41:40.793,0.28426,-0.807884,0.408944,21.805,18.97,-1.505,-0.7545,-0.5415,-1.524,0
05/22/2025 13:41:40.813,0.286944,-0.818132,0.41602,7.98,19.635,-3.15,-0.7425,-0.564,-1.539,0
05/22/2025 13:41:40.833,0.302316,-0.901092,0.394304,-7.63,19.425,-4.795,-0.732,-0.549,-1.5465,0
05/22/2025 13:41:40.853,0.264252,-0.91988,0.365512,-1.75,17.85,-6.58,-0.741,-0.522,-1.554,0
05/22/2025 13:41:40.873,0.244,-0.948428,0.358436,5.67,14.56,-6.755,-0.7125,-0.4995,-1.5765,0
05/22/2025 13:41:40.893,0.224968,-0.867176,0.376248,19.11,9.59,-6.58,-0.6705,-0.5235,-1.578,0
05/22/2025 13:41:40.913,0.235948,-0.889136,0.336964,22.715,3.395,-4.795,-0.675,-0.5235,-1.575,0
05/22/2025 13:41:40.933,0.2318,-0.909632,0.327936,24.64,-2.345,-1.54,-0.6795,-0.519,-1.6245,0
05/22/2025 13:41:40.953,0.258884,-0.915488,0.35746,27.44,-5.355,2.52,-0.6795,-0.519,-1.6245,0
05/22/2025 13:41:40.973,0.25986,-0.9211,0.354288,25.62,-7.42,6.16,-0.6945,-0.549,-1.6245,0
05/22/2025 13:41:40.993,0.265228,-0.883524,0.373808,22.47,-8.96,8.26,-0.702,-0.552,-1.6365,0
05/22/2025 13:41:41.013,0.269864,-0.8967,0.385764,12.95,-9.38,10.22,-0.6795,-0.5685,-1.6395,0
05/22/2025 13:41:41.033,0.266448,-0.883768,0.388204,1.05,-8.925,10.64,-0.6975,-0.549,-1.644,0
05/22/2025 13:41:41.053,0.266936,-0.908656,0.391132,-7.98,-8.715,10.92,-0.6765,-0.5295,-1.6695,0
05/22/2025 13:41:41.073,0.274012,-0.917196,0.375272,-8.435,-8.05,11.9,-0.684,-0.537,-1.6515,0
05/22/2025 13:41:41.093,0.264252,-0.929396,0.383324,-3.605,-6.93,13.335,-0.6435,-0.5265,-1.6575,0
05/22/2025 13:41:41.113,0.259616,-0.898164,0.412848,3.325,-7.07,14.175,-0.657,-0.5415,-1.65,0
05/22/2025 13:41:41.133,0.254492,-0.883768,0.437736,5.74,-7.175,13.825,-0.6615,-0.546,-1.665,0
05/22/2025 13:41:41.153,0.233508,-0.852292,0.455304,6.58,-6.965,12.985,-0.6765,-0.561,-1.662,0
05/22/2025 13:41:41.173,0.252296,-0.8662,0.451888,6.055,-6.895,11.27,-0.6465,-0.5535,-1.6605,0
05/22/2025 13:41:41.193,0.252784,-0.842776,0.4758,6.965,-4.55,9.205,-0.6015,-0.585,-1.6635,0
05/22/2025 13:41:41.213,0.2562,-0.845704,0.481412,1.47,-1.085,7.315,-0.591,-0.573,-1.686,0
05/22/2025 13:41:41.233,0.256444,-0.80032,0.489952,-3.22,2.66,4.725,-0.6135,-0.561,-1.686,0
05/22/2025 13:41:41.253,0.257176,-0.8357,0.473604,-13.685,5.845,2.345,-0.621,-0.576,-1.6905,0
05/22/2025 13:41:41.273,0.258884,-0.859124,0.46604,-15.785,6.965,-0.28,-0.636,-0.6105,-1.695,0
05/22/2025 13:41:41.293,0.27328,-0.8723,0.450668,-13.055,6.44,-2.03,-0.633,-0.5715,-1.713,0
05/22/2025 13:41:41.313,0.278892,-0.900604,0.44774,-8.645,5.985,-1.89,-0.636,-0.5685,-1.6905,0
05/22/2025 13:41:41.333,0.26352,-0.912316,0.443592,-5.04,4.97,-0.105,-0.6435,-0.603,-1.6875,0
05/22/2025 13:41:41.353,0.252052,-0.914268,0.457256,-3.92,2.205,2.17,-0.6435,-0.606,-1.6905,0
05/22/2025 13:41:41.373,0.240584,-0.902312,0.433832,-3.815,-1.33,3.92,-0.6315,-0.588,-1.6635,0
05/22/2025 13:41:41.393,0.22326,-0.903776,0.3782,1.4,-5.495,4.69,-0.6315,-0.588,-1.6635,0
05/22/2025 13:41:41.413,0.216916,-0.89548,0.396012,4.06,-5.845,4.375,-0.6315,-0.588,-1.6635,0
05/22/2025 13:41:41.433,0.214964,-0.894504,0.421388,4.375,-8.05,4.2,-0.6945,-0.6015,-1.6545,0
05/22/2025 13:41:41.453,0.227408,-0.909876,0.395768,5.145,-12.74,5.04,-0.6765,-0.591,-1.6845,0
05/22/2025 13:41:41.473,0.232288,-0.898408,0.377224,9.135,-15.12,5.67,-0.7065,-0.597,-1.6965,0
05/22/2025 13:41:41.493,0.217404,-0.866932,0.41846,11.69,-13.335,5.775,-0.693,-0.639,-1.677,0
05/22/2025 13:41:41.513,0.227164,-0.811056,0.426024,10.605,-10.71,3.675,-0.7125,-0.6165,-1.689,0
05/22/2025 13:41:41.533,0.232776,-0.81618,0.394548,1.82,-8.505,1.26,-0.7155,-0.624,-1.6695,0
05/22/2025 13:41:41.553,0.232532,-0.831552,0.396012,-11.095,-5.915,-2.345,-0.7095,-0.624,-1.677,0
05/22/2025 13:41:41.573,0.254736,-0.83082,0.406016,-19.04,-4.935,-4.095,-0.741,-0.642,-1.6665,0
05/22/2025 13:41:41.593,0.27694,-0.871324,0.415288,-24.36,-5.74,-3.535,-0.7185,-0.6315,-1.6515,0
05/22/2025 13:41:41.613,0.284748,-0.892796,0.366976,-22.75,-7.035,-2.24,-0.735,-0.6315,-1.671,0
05/22/2025 13:41:41.633,0.276208,-0.874252,0.37576,-14.875,-10.01,-0.245,-0.723,-0.639,-1.6515,0
05/22/2025 13:41:41.653,0.274256,-0.861564,0.361608,-8.505,-14.245,1.26,-0.708,-0.621,-1.635,0
05/22/2025 13:41:41.673,0.27328,-0.909388,0.356972,-0.455,-12.985,3.255,-0.708,-0.621,-1.635,0
05/22/2025 13:41:41.693,0.25254,-0.851316,0.432856,5.95,-11.55,3.255,-0.708,-0.6285,-1.659,0
05/22/2025 13:41:41.713,0.260348,-0.945012,0.43188,0.77,-11.025,5.355,-0.726,-0.6315,-1.647,0
05/22/2025 13:41:41.733,0.309392,-0.983808,0.467504,-3.675,-6.335,9.94,-0.753,-0.624,-1.644,0
05/22/2025 13:41:41.753,0.323056,-1.024068,0.444568,-7.805,-0.875,15.645,-0.741,-0.6465,-1.6665,0
05/22/2025 13:41:41.773,0.380396,-0.969168,0.383324,0.63,-0.945,20.72,-0.7155,-0.627,-1.6515,0
05/22/2025 13:41:41.793,0.422608,-0.893772,0.367464,18.305,-4.76,24.815,-0.726,-0.6435,-1.629,0
05/22/2025 13:41:41.813,0.457256,-1.006256,0.368928,18.165,-9.485,32.83,-0.705,-0.609,-1.6395,0
05/22/2025 13:41:41.833,0.437004,-0.983076,0.35136,15.26,-14.175,43.155,-0.7125,-0.6045,-1.662,0
05/22/2025 13:41:41.853,0.38918,-0.936716,0.351116,20.125,-20.125,50.015,-0.6975,-0.621,-1.647,0
05/22/2025 13:41:41.873,0.341844,-0.927688,0.313784,20.72,-28.77,54.355,-0.702,-0.579,-1.647,0
05/22/2025 13:41:41.893,0.296704,-0.9394,0.284016,24.57,-38.29,54.635,-0.708,-0.6015,-1.647,0
05/22/2025 13:41:41.913,0.25498,-0.8723,0.2806,30.87,-47.075,54.075,-0.7245,-0.5745,-1.686,0
05/22/2025 13:41:41.933,0.233508,-0.85156,0.334524,33.075,-58.45,53.97,-0.7245,-0.5745,-1.686,0
05/22/2025 13:41:41.953,0.260348,-0.888404,0.302804,35.945,-62.51,52.64,-0.7245,-0.5745,-1.686,0
05/22/2025 13:41:41.973,0.241316,-0.821548,0.282308,33.285,-63,50.645,-0.699,-0.564,-1.662,0
05/22/2025 13:41:41.993,0.192028,-0.737612,0.332084,19.81,-62.79,47.425,-0.687,-0.5415,-1.62,0
05/22/2025 13:41:42.013,0.133956,-0.766648,0.289384,5.145,-62.335,41.475,-0.69,-0.5415,-1.6275,0
05/22/2025 13:41:42.033,0.06344,-0.75152,0.267912,-4.725,-60.935,34.755,-0.675,-0.531,-1.6245,0
05/22/2025 13:41:42.053,0.047092,-0.79788,0.341844,-19.915,-64.155,28.21,-0.702,-0.522,-1.614,0
05/22/2025 13:41:42.073,0.030256,-0.860344,0.450912,-26.53,-68.705,23.66,-0.7005,-0.519,-1.5675,0
05/22/2025 13:41:42.093,0.043676,-0.951356,0.509472,-16.765,-71.085,20.3,-0.7155,-0.522,-1.5645,0
05/22/2025 13:41:42.113,0.083448,-1.010404,0.500932,-2.8,-69.72,17.71,-0.702,-0.519,-1.503,0
05/22/2025 13:41:42.133,0.050996,-1.007476,0.49654,6.37,-61.39,16.485,-0.7395,-0.501,-1.482,0
05/22/2025 13:41:42.153,0.00732,-0.964532,0.488488,3.605,-51.8,15.295,-0.7275,-0.519,-1.47,0
05/22/2025 13:41:42.173,0.001708,-0.94794,0.528748,-6.685,-43.785,13.65,-0.747,-0.477,-1.482,0
05/22/2025 13:41:42.193,0.007808,-0.935008,0.623176,-21.77,-34.09,8.995,-0.7725,-0.4965,-1.464,0
05/22/2025 13:41:42.213,0.011468,-0.943304,0.592676,-21.42,-28.595,4.725,-0.7725,-0.4965,-1.464,0
05/22/2025 13:41:42.233,0.010736,-0.87474,0.554856,-14.42,-22.12,1.26,-0.7935,-0.489,-1.434,0
05/22/2025 13:41:42.253,0.000976,-0.810324,0.559736,-9.24,-16.205,-1.26,-0.804,-0.4845,-1.4265,0
05/22/2025 13:41:42.273,0.005612,-0.810324,0.56242,-5.775,-10.885,-4.06,-0.8145,-0.4845,-1.416,0
05/22/2025 13:41:42.293,0.007808,-0.801052,0.52704,-1.4,-5.845,-7.49,-0.8145,-0.45,-1.3785,0
05/22/2025 13:41:42.313,0.011224,-0.802516,0.498004,3.01,-1.505,-10.43,-0.852,-0.495,-1.4175,0
05/22/2025 13:41:42.333,0.014152,-0.836676,0.458232,9.8,2.24,-14.945,-0.8595,-0.468,-1.395,0
05/22/2025 13:41:42.353,0.046848,-0.876448,0.469456,16.765,3.85,-20.3,-0.87,-0.495,-1.4175,0
05/22/2025 13:41:42.373,0.084424,-0.909144,0.46238,22.61,5.53,-24.92,-0.87,-0.5055,-1.41,0
05/22/2025 13:41:42.393,0.11834,-0.93574,0.45384,25.55,8.47,-26.635,-0.87,-0.5055,-1.41,0
05/22/2025 13:41:42.413,0.137128,-1.006012,0.435296,22.645,12.74,-25.095,-0.87,-0.525,-1.425,0
05/22/2025 13:41:42.433,0.127856,-0.989908,0.467748,17.57,16.905,-21.945,-0.8625,-0.513,-1.425,0
05/22/2025 13:41:42.453,0.116388,-0.995276,0.477996,11.27,21.035,-17.815,-0.873,-0.5505,-1.428,0
05/22/2025 13:41:42.473,0.082472,-0.915976,0.46238,12.39,26.635,-13.3,-0.8655,-0.5625,-1.428,0
05/22/2025 13:41:42.493,0.057584,-0.90158,0.444812,9.345,28.21,-11.34,-0.9,-0.5775,-1.4475,0
05/22/2025 13:41:42.513,0.049044,-0.852292,0.457256,8.925,28.665,-10.535,-0.8955,-0.57,-1.4325,0
05/22/2025 13:41:42.533,0.05734,-0.82594,0.468724,7.98,26.95,-9.94,-0.858,-0.6075,-1.4505,0
05/22/2025 13:41:42.553,0.084668,-0.846436,0.447008,9.905,23.45,-9.765,-0.87,-0.585,-1.44,0
05/22/2025 13:41:42.573,0.105408,-0.839116,0.458232,16.31,19.6,-9.625,-0.8505,-0.6225,-1.4505,0
05/22/2025 13:41:42.593,0.1342,-0.841312,0.488244,20.72,14.42,-9.765,-0.849,-0.6195,-1.4955,0
05/22/2025 13:41:42.613,0.16348,-0.833016,0.49654,23.695,10.185,-9.975,-0.858,-0.6345,-1.473,0
05/22/2025 13:41:42.633,0.199104,-0.819596,0.49776,25.13,8.68,-9.975,-0.8595,-0.645,-1.5,0
05/22/2025 13:41:42.653,0.204472,-0.809104,0.483852,23.59,9.31,-10.185,-0.8805,-0.678,-1.5105,0
05/22/2025 13:41:42.673,0.207156,-0.797392,0.50752,16.275,9.87,-10.92,-0.888,-0.678,-1.5195,0
05/22/2025 13:41:42.693,0.205692,-0.78202,0.526552,10.22,10.64,-12.53,-0.9285,-0.693,-1.509,0
05/22/2025 13:41:42.713,0.206912,-0.7808,0.525332,4.69,11.2,-14.77,-0.9255,-0.696,-1.542,0
05/22/2025 13:41:42.733,0.216428,-0.7991,0.525088,-1.575,12.74,-18.305,-0.9225,-0.711,-1.554,0
05/22/2025 13:41:42.753,0.214964,-0.802516,0.536312,-4.585,13.965,-19.53,-0.9225,-0.711,-1.554,0
05/22/2025 13:41:42.773,0.215452,-0.814716,0.543144,-3.22,15.015,-19.915,-0.948,-0.7155,-1.536,0
05/22/2025 13:41:42.793,0.21594,-0.83326,0.534604,-1.225,15.085,-20.44,-0.9585,-0.7035,-1.506,0
05/22/2025 13:41:42.813,0.223748,-0.840092,0.518988,3.01,14.665,-20.37,-0.984,-0.7065,-1.5255,0
05/22/2025 13:41:42.833,0.213256,-0.848388,0.52094,8.085,14.91,-19.88,-0.9885,-0.714,-1.5135,0
05/22/2025 13:41:42.853,0.203008,-0.820816,0.508496,10.29,14.525,-19.285,-0.9735,-0.723,-1.506,0
05/22/2025 13:41:42.873,0.160796,-0.952332,0.532652,1.365,16.31,-16.135,-0.9915,-0.744,-1.503,0
05/22/2025 13:41:42.893,0.181048,-0.858392,0.537044,-5.845,15.61,-16.065,-0.9795,-0.741,-1.491,0
05/22/2025 13:41:42.913,0.14884,-0.873032,0.51606,-4.025,16.135,-14.945,-0.9855,-0.756,-1.4715,0
05/22/2025 13:41:42.933,0.147376,-0.842532,0.498736,1.645,14.175,-14.56,-0.9945,-0.726,-1.5105,0
05/22/2025 13:41:42.953,0.14396,-0.824964,0.501908,4.27,14.56,-13.58,-1.002,-0.7515,-1.488,0
05/22/2025 13:41:42.973,0.15372,-0.791536,0.526308,5.6,14.7,-14,-1.008,-0.771,-1.4835,0
05/22/2025 13:41:42.993,0.171044,-0.834968,0.528992,-0.735,14.63,-15.645,-1.0005,-0.7665,-1.488,0
05/22/2025 13:41:43.013,0.206912,-0.860588,0.530212,3.535,15.085,-16.625,-1.0005,-0.7665,-1.488,0
05/22/2025 13:41:43.033,0.259372,-0.842044,0.534116,6.895,14.56,-17.92,-1.0005,-0.7665,-1.488,0
05/22/2025 13:41:43.053,0.311344,-0.881572,0.519964,6.37,14.7,-20.23,-0.9855,-0.8085,-1.4745,0
05/22/2025 13:41:43.073,0.349652,-0.782508,0.575596,22.575,13.475,-25.235,-0.987,-0.7905,-1.5135,0
05/22/2025 13:41:43.093,0.422608,-0.767136,0.589748,27.16,11.585,-30.17,-1.005,-0.801,-1.518,0
05/22/2025 13:41:43.113,0.446764,-0.702476,0.634888,21.98,11.865,-31.01,-1.0245,-0.8265,-1.548,0
05/22/2025 13:41:43.133,0.46726,-0.798856,0.6039,5.39,12.285,-28.91,-1.0155,-0.849,-1.5405,0
05/22/2025 13:41:43.153,0.464088,-0.879132,0.56974,-0.91,15.26,-28.84,-1.008,-0.861,-1.5285,0
05/22/2025 13:41:43.173,0.469944,-0.894748,0.543632,7.805,17.08,-31.255,-1.0005,-0.8535,-1.5405,0
05/22/2025 13:41:43.193,0.488976,-0.879132,0.483608,19.95,16.73,-35.98,-0.996,-0.891,-1.5315,0
05/22/2025 13:41:43.213,0.47336,-0.867664,0.437248,31.115,19.075,-37.135,-1.008,-0.888,-1.551,0
05/22/2025 13:41:43.233,0.439688,-0.85766,0.370148,35.875,22.05,-32.795,-1.0185,-0.933,-1.563,0
05/22/2025 13:41:43.253,0.39284,-0.797148,0.296216,36.785,25.13,-24.955,-1.0185,-0.9555,-1.5585,0
05/22/2025 13:41:43.273,0.315736,-0.825696,0.33794,39.725,32.375,-13.51,-1.0335,-0.954,-1.563,0
05/22/2025 13:41:43.293,0.277428,-0.872788,0.413824,37.94,27.265,-6.685,-1.0335,-0.954,-1.563,0
05/22/2025 13:41:43.313,0.166652,-0.870592,0.490196,39.69,14.56,4.235,-1.0005,-0.993,-1.581,0
05/22/2025 13:41:43.333,0.033184,-0.8784,0.607316,35.42,-8.68,15.68,-1.0005,-0.993,-1.581,0
05/22/2025 13:41:43.353,-0.064904,-0.893772,0.645624,20.685,-41.545,26.985,-0.9735,-1.0275,-1.5795,0
05/22/2025 13:41:43.373,-0.120292,-0.830332,0.596336,9.415,-69.79,33.88,-0.966,-1.0155,-1.5825,0
05/22/2025 13:41:43.393,-0.153232,-0.831796,0.612196,5.215,-82.775,39.305,-0.996,-1.02,-1.569,0
05/22/2025 13:41:43.413,-0.172508,-0.828868,0.698084,4.025,-84.84,44.835,-1.0065,-0.9975,-1.539,0
05/22/2025 13:41:43.433,-0.154696,-0.819108,0.679296,-1.19,-80.605,47.285,-1.0485,-1.023,-1.5135,0
05/22/2025 13:41:43.453,-0.121756,-0.826184,0.647332,-9.695,-66.675,51.38,-1.038,-1.008,-1.521,0
05/22/2025 13:41:43.473,-0.113948,-0.755912,0.660996,-20.405,-52.57,57.155,-1.017,-0.99,-1.509,0
05/22/2025 13:41:43.493,-0.093452,-0.709796,0.683444,-35.56,-42.595,61.005,-0.9825,-0.9975,-1.497,0
05/22/2025 13:41:43.513,-0.035868,-0.752252,0.677344,-44.52,-38.185,63.805,-1.0125,-0.945,-1.4715,0
05/22/2025 13:41:43.533,0.027328,-0.81008,0.684664,-30.59,-38.745,64.05,-0.993,-0.918,-1.4475,0
05/22/2025 13:41:43.553,0.128832,-0.777384,0.65636,1.89,-38.325,64.33,-0.993,-0.918,-1.4475,0
05/22/2025 13:41:43.573,0.215208,-0.828624,0.631228,12.565,-34.58,65.065,-1.0065,-0.858,-1.461,0
05/22/2025 13:41:43.593,0.283772,-0.81496,0.698084,19.67,-27.86,67.095,-0.999,-0.8505,-1.464,0
05/22/2025 13:41:43.613,0.284504,-0.800808,0.76128,17.78,-20.475,67.305,-0.9855,-0.8235,-1.491,0
05/22/2025 13:41:43.633,0.291824,-0.76372,0.76982,11.97,-16.065,63.77,-0.9705,-0.81,-1.479,0
05/22/2025 13:41:43.653,0.28548,-0.755668,0.733708,7.07,-11.655,58.555,-0.9675,-0.81,-1.4865,0
05/22/2025 13:41:43.673,0.266692,-0.716628,0.712968,7.07,-8.61,51.065,-0.9495,-0.7755,-1.4895,0
05/22/2025 13:41:43.693,0.236192,-0.636596,0.690764,9.31,-6.09,41.825,-0.972,-0.7635,-1.494,0
05/22/2025 13:41:43.713,0.22936,-0.579012,0.662948,8.225,-6.755,31.22,-0.972,-0.756,-1.506,0
05/22/2025 13:41:43.733,0.22692,-0.562664,0.62952,4.48,-7.945,20.265,-0.9645,-0.756,-1.494,0
05/22/2025 13:41:43.753,0.225944,-0.570716,0.601948,2.835,-8.505,9.52,-0.942,-0.75,-1.494,0
05/22/2025 13:41:43.773,0.223748,-0.578036,0.57462,8.26,-9.94,-1.785,-0.9525,-0.753,-1.479,0
05/22/2025 13:41:43.793,0.248392,-0.553636,0.559248,9.275,-12.845,-11.445,-0.957,-0.7485,-1.5135,0
05/22/2025 13:41:43.813,0.287188,-0.75396,0.558516,-11.62,-14.35,-22.505,-0.957,-0.7485,-1.5135,0
05/22/2025 13:41:43.833,0.34282,-0.869128,0.5734,-16.345,-17.36,-25.27,-0.9915,-0.7035,-1.488,0
05/22/2025 13:41:43.853,0.386008,-0.877912,0.56242,-16.38,-20.23,-22.68,-0.987,-0.753,-1.494,0
05/22/2025 13:41:43.873,0.396744,-0.856684,0.575108,-19.705,-22.47,-15.505,-1.035,-0.7515,-1.4955,0
05/22/2025 13:41:43.893,0.394548,-1.041148,0.47702,-23.8,-24.85,-8.575,-1.026,-0.7665,-1.473,0
05/22/2025 13:41:43.913,0.340624,-0.945988,0.458476,-19.985,-27.545,0.035,-1.02,-0.7485,-1.4655,0
05/22/2025 13:41:43.933,0.312808,-0.895968,0.507276,-10.99,-25.375,4.025,-1.026,-0.7485,-1.431,0
05/22/2025 13:41:43.953,0.2989,-0.867908,0.50752,-10.01,-27.02,10.22,-1.0185,-0.744,-1.446,0
05/22/2025 13:41:43.973,0.270352,-0.856196,0.489952,-4.935,-25.9,15.295,-1.0065,-0.738,-1.416,0
05/22/2025 13:41:43.993,0.24034,-0.946964,0.460184,-1.505,-24.115,18.97,-1.0215,-0.744,-1.4205,0
05/22/2025 13:41:44.013,0.176168,-0.800808,0.518256,6.3,-20.125,19.705,-1.044,-0.7485,-1.3935,0
05/22/2025 13:41:44.033,0.1525,-0.811544,0.520452,-2.24,-17.01,18.83,-1.0785,-0.714,-1.422,0
05/22/2025 13:41:44.053,0.133712,-0.799344,0.532164,-5.005,-16.905,17.045,-1.074,-0.7215,-1.3905,0
05/22/2025 13:41:44.073,0.117608,-0.840336,0.545096,0.665,-19.18,16.485,-1.08,-0.7245,-1.3875,0
05/22/2025 13:41:44.093,0.123708,-0.845704,0.559736,7.07,-21.315,16.45,-1.08,-0.7245,-1.3875,0
05/22/2025 13:41:44.113,0.139812,-0.842288,0.58316,10.395,-26.425,16.905,-1.095,-0.717,-1.377,0
05/22/2025 13:41:44.133,0.194468,-0.82228,0.505568,17.36,-37.905,18.34,-1.125,-0.702,-1.359,0
05/22/2025 13:41:44.153,0.1952,-0.633668,0.515084,16.695,-33.67,15.085,-1.107,-0.702,-1.3815,0
05/22/2025 13:41:44.173,0.25742,-0.733952,0.512156,-0.63,-31.465,10.57,-1.1475,-0.702,-1.3665,0
05/22/2025 13:41:44.193,0.24644,-0.73078,0.497272,-14.875,-30.695,10.255,-1.1355,-0.6825,-1.332,0
05/22/2025 13:41:44.213,0.235948,-0.679784,0.510692,-35.14,-26.705,7.7,-1.143,-0.6825,-1.3215,0
05/22/2025 13:41:44.233,0.269864,-0.696864,0.500688,-58.73,-23.94,1.89,-1.1565,-0.6795,-1.269,0
05/22/2025 13:41:44.253,0.274988,-0.774944,0.5002,-68.005,-16.31,-1.68,-1.1325,-0.672,-1.2375,0
05/22/2025 13:41:44.273,0.276696,-0.8418,0.478972,-61.215,-5.11,-5.285,-1.158,-0.654,-1.2165,0
05/22/2025 13:41:44.293,0.260592,-0.910852,0.406016,-59.15,2.45,-7.42,-1.155,-0.6615,-1.2045,0
05/22/2025 13:41:44.313,0.24766,-0.918416,0.411628,-58.695,5.39,-8.505,-1.158,-0.6465,-1.1895,0
05/22/2025 13:41:44.333,0.216672,-0.88084,0.440664,-67.585,10.29,-8.085,-1.173,-0.6075,-1.152,0
05/22/2025 13:41:44.353,0.185928,-0.9272,0.436516,-71.05,13.16,-6.72,-1.173,-0.6075,-1.152,0
05/22/2025 13:41:44.373,0.171532,-0.994056,0.372344,-68.355,11.41,-5.74,-1.173,-0.6075,-1.152,0
05/22/2025 13:41:44.393,0.194956,-1.019676,0.310124,-59.955,8.785,-5.145,-1.1895,-0.6195,-1.0845,0
05/22/2025 13:41:44.413,0.195688,-1.022604,0.303292,-45.815,8.26,-4.69,-1.179,-0.6045,-1.092,0
05/22/2025 13:41:44.433,0.197152,-0.973072,0.336476,-30.1,8.33,-3.255,-1.1445,-0.591,-1.08,0
05/22/2025 13:41:44.453,0.208864,-0.849852,0.345748,-27.09,8.855,-1.4,-1.1325,-0.5835,-1.053,0
05/22/2025 13:41:44.473,0.197884,-0.944768,0.293288,-40.215,9.695,-1.75,-1.152,-0.5835,-1.068,0
05/22/2025 13:41:44.493,0.224724,-0.953796,0.239364,-40.39,8.225,-4.62,-1.158,-0.591,-1.0425,0
05/22/2025 13:41:44.513,0.22326,-0.853512,0.254004,-39.69,14.455,-10.36,-1.1745,-0.564,-1.05,0
05/22/2025 13:41:44.533,0.264496,-0.93086,0.173728,-37.8,17.535,-14,-1.1745,-0.5745,-1.05,0
05/22/2025 13:41:44.553,0.262544,-0.96258,0.2196,-17.605,21.56,-11.06,-1.1475,-0.5835,-1.023,0
05/22/2025 13:41:44.573,0.250344,-0.953796,0.224724,-13.125,27.265,-9.835,-1.152,-0.5715,-1.0455,0
05/22/2025 13:41:44.593,0.25864,-0.921588,0.249856,-25.97,31.115,-9.625,-1.155,-0.576,-1.035,0
05/22/2025 13:41:44.613,0.256688,-1.021384,0.28304,-42.98,36.68,-8.61,-1.1715,-0.552,-1.065,0
05/22/2025 13:41:44.633,0.201788,-0.989908,0.324032,-34.405,40.285,-6.195,-1.1715,-0.552,-1.065,0
05/22/2025 13:41:44.653,0.203496,-1.013576,0.338916,-35.77,41.265,-4.375,-1.1445,-0.561,-1.026,0
05/22/2025 13:41:44.673,0.18422,-1.05408,0.343796,-36.715,42.945,-1.4,-1.149,-0.5265,-1.053,0
05/22/2025 13:41:44.693,0.182024,-1.055056,0.350872,-34.09,45.675,3.64,-1.134,-0.534,-1.0455,0
05/22/2025 13:41:44.713,0.206668,-1.057252,0.324764,-29.015,46.48,9.1,-1.1085,-0.5085,-1.0455,0
05/22/2025 13:41:44.733,0.223992,-1.053836,0.275476,-29.575,48.545,13.545,-1.098,-0.519,-1.0755,0
05/22/2025 13:41:44.753,0.22692,-1.057984,0.27084,-30.135,50.365,17.01,-1.098,-0.519,-1.0755,0
05/22/2025 13:41:44.773,0.229604,-1.03944,0.285236,-29.82,49.84,19.74,-1.0725,-0.483,-1.0665,0
05/22/2025 13:41:44.793,0.246928,-1.000888,0.237168,-25.375,47.32,21.35,-1.0455,-0.4755,-1.0515,0
05/22/2025 13:41:44.813,0.272304,-0.998692,0.193248,-21.595,42.84,20.265,-1.0365,-0.4635,-1.0815,0
05/22/2025 13:41:44.833,0.305976,-0.988932,0.181292,-16.205,38.99,19.915,-0.999,-0.4605,-1.08,0
05/22/2025 13:41:44.853,0.310856,-0.980636,0.16714,-4.27,33.495,22.085,-0.996,-0.438,-1.0995,0
05/22/2025 13:41:44.873,0.321104,-1.0187,0.147132,2.485,26.285,24.605,-0.951,-0.4725,-1.098,0
05/22/2025 13:41:44.893,0.306708,-1.124108,0.125904,-18.025,18.025,25.2,-0.918,-0.4515,-1.1115,0
05/22/2025 13:41:44.913,0.286456,-1.14802,0.162504,-29.47,16.345,26.425,-0.9015,-0.4095,-1.1385,0
05/22/2025 13:41:44.933,0.252296,-1.16266,0.168848,-39.025,14.105,30.03,-0.852,-0.444,-1.1295,0
05/22/2025 13:41:44.953,0.208376,-1.164124,0.16958,-39.13,11.2,36.33,-0.8565,-0.4365,-1.137,0
05/22/2025 13:41:44.973,0.194224,-1.1285,0.175924,-28.56,7.7,42.525,-0.8565,-0.396,-1.1265,0
05/22/2025 13:41:44.993,0.214476,-1.154852,0.151768,-19.25,4.48,48.16,-0.834,-0.396,-1.125,0
05/22/2025 13:41:45.013,0.20618,-1.101172,0.16226,-10.255,2.24,54.04,-0.8055,-0.408,-1.1325,0
05/22/2025 13:41:45.033,0.192028,-1.05286,0.172996,-6.335,1.68,59.185,-0.7875,-0.3735,-1.1235,0
05/22/2025 13:41:45.053,0.149328,-0.953064,0.211304,1.295,3.395,61.915,-0.7425,-0.363,-1.1265,0
05/22/2025 13:41:45.073,0.127368,-0.894748,0.20496,3.85,4.585,60.34,-0.7215,-0.3555,-1.137,0
05/22/2025 13:41:45.093,0.12322,-0.84912,0.187636,-7.28,7.945,55.65,-0.735,-0.3405,-1.131,0
05/22/2025 13:41:45.113,0.070272,-0.787144,0.216916,-21.385,13.545,49.63,-0.7065,-0.345,-1.122,0
05/22/2025 13:41:45.133,0.036844,-0.789828,0.159332,-32.69,17.115,41.44,-0.687,-0.342,-1.1175,0
05/22/2025 13:41:45.153,0.022448,-0.81374,0.122488,-45.15,24.885,31.22,-0.6495,-0.324,-1.101,0
05/22/2025 13:41:45.173,0.01098,-0.84546,0.093208,-50.155,28.035,26.705,-0.6495,-0.324,-1.101,0
05/22/2025 13:41:45.193,0.007808,-0.837896,0.07686,-46.48,31.255,24.465,-0.624,-0.3135,-1.071,0
05/22/2025 13:41:45.213,0.011224,-0.845948,0.023912,-38.745,37.065,22.715,-0.576,-0.288,-1.0725,0
05/22/2025 13:41:45.233,0.021472,-0.88084,-0.00854,-33.39,45.745,21.77,-0.5685,-0.2535,-1.0575,0
05/22/2025 13:41:45.253,0.020496,-0.889136,-0.011712,-32.06,53.725,19.18,-0.6015,-0.279,-1.047,0
05/22/2025 13:41:45.273,0.006832,-0.912804,-0.033428,-26.985,57.68,15.26,-0.579,-0.2835,-1.0425,0
05/22/2025 13:41:45.293,-0.013664,-0.919392,-0.027816,-13.37,63.07,11.62,-0.549,-0.2475,-1.0155,0
05/22/2025 13:41:45.313,-0.022448,-0.91012,-0.019032,-2.835,68.985,6.615,-0.5265,-0.255,-1.0185,0
05/22/2025 13:41:45.333,-0.049044,-0.962092,-0.0122,3.115,72.17,2.73,-0.519,-0.267,-1.023,0
05/22/2025 13:41:45.353,-0.074908,-0.967216,-0.002196,14.42,76.3,0.56,-0.489,-0.282,-1.0215,0
05/22/2025 13:41:45.373,-0.108092,-0.927444,-0.029524,27.16,79.73,-2.73,-0.4785,-0.2625,-1.0395,0
05/22/2025 13:41:45.393,-0.157136,-0.937448,-0.056608,31.43,84.805,-6.755,-0.4785,-0.2895,-1.059,0
05/22/2025 13:41:45.413,-0.162504,-0.954284,-0.051728,30.065,87.5,-12.88,-0.468,-0.3015,-1.0695,0
05/22/2025 13:41:45.433,-0.17934,-0.997716,-0.031476,28.455,85.715,-19.39,-0.468,-0.3015,-1.0695,0
05/22/2025 13:41:45.453,-0.205936,-1.030412,0.016836,31.955,84.28,-21.385,-0.468,-0.3015,-1.0695,0
05/22/2025 13:41:45.473,-0.2379,-1.039684,0.005124,36.855,79.38,-23.59,-0.4905,-0.3345,-1.1115,0
05/22/2025 13:41:45.493,-0.26474,-1.044808,-0.038796,42.035,76.16,-24.745,-0.4995,-0.3375,-1.1355,0
05/22/2025 13:41:45.513,-0.286456,-1.059204,-0.028548,48.335,74.55,-25.305,-0.4995,-0.36,-1.1655,0
05/22/2025 13:41:45.533,-0.283528,-1.051396,-0.0427,56.455,71.505,-25.62,-0.504,-0.345,-1.1955,0
05/22/2025 13:41:45.553,-0.271084,-1.035536,-0.055144,66.185,66.64,-25.445,-0.5415,-0.3735,-1.2075,0
05/22/2025 13:41:45.573,-0.263276,-1.026264,-0.048556,73.045,61.88,-23.835,-0.534,-0.378,-1.2465,0
05/22/2025 13:41:45.593,-0.24156,-0.993568,-0.07564,77.91,57.295,-21.84,-0.558,-0.411,-1.296,0
05/22/2025 13:41:45.613,-0.215208,-0.991372,-0.018056,71.785,52.64,-19.565,-0.5535,-0.4515,-1.2945,0
05/22/2025 13:41:45.633,-0.183976,-0.995764,-0.02684,66.64,44.905,-19.425,-0.546,-0.471,-1.3245,0
05/22/2025 13:41:45.653,-0.168848,-0.964288,-0.015616,63.28,37.835,-19.04,-0.5355,-0.474,-1.362,0
05/22/2025 13:41:45.673,-0.148108,-0.959896,0.00854,54.985,31.465,-19.04,-0.5475,-0.489,-1.3815,0
05/22/2025 13:41:45.693,-0.12078,-0.964044,0.049288,33.46,25.515,-16.835,-0.555,-0.486,-1.3785,0
05/22/2025 13:41:45.713,-0.128588,-0.926224,0.074664,24.255,22.33,-16.135,-0.552,-0.4785,-1.401,0
05/22/2025 13:41:45.733,-0.124196,-0.923784,0.081496,15.715,17.535,-15.925,-0.5475,-0.531,-1.416,0
05/22/2025 13:41:45.753,-0.100528,-0.972584,0.07686,9.8,13.72,-16.135,-0.5295,-0.5385,-1.4115,0
05/22/2025 13:41:45.773,-0.067832,-1.037976,0.122244,10.36,12.565,-14.385,-0.54,-0.5265,-1.4265,0
05/22/2025 13:41:45.793,-0.051728,-1.064084,0.167872,16.38,9.695,-11.305,-0.5115,-0.543,-1.434,0
05/22/2025 13:41:45.813,-0.030012,-1.128012,0.128832,27.58,4.655,-7.455,-0.5295,-0.5805,-1.437,0
05/22/2025 13:41:45.833,-0.009516,-1.097756,0.16592,35.35,1.54,-1.54,-0.4845,-0.543,-1.425,0
05/22/2025 13:41:45.853,-0.011712,-1.104832,0.183244,37.485,-2.415,2.835,-0.504,-0.5655,-1.4445,0
05/22/2025 13:41:45.873,-0.021228,-1.031388,0.22204,40.88,-6.16,6.125,-0.537,-0.5535,-1.4685,0
05/22/2025 13:41:45.893,-0.028792,-0.991616,0.216184,38.535,-9.38,6.545,-0.5265,-0.5985,-1.4985,0
05/22/2025 13:41:45.913,-0.018544,-0.954528,0.264008,35.105,-10.185,7.7,-0.5445,-0.5985,-1.491,0
05/22/2025 13:41:45.933,-0.024156,-0.935496,0.281576,30.625,-9.94,8.435,-0.5235,-0.5865,-1.4985,0
05/22/2025 13:41:45.953,-0.027328,-0.974536,0.270352,26.075,-10.64,8.54,-0.489,-0.6105,-1.5075,0
05/22/2025 13:41:45.973,-0.022204,-1.031388,0.29158,27.545,-11.935,8.925,-0.489,-0.6105,-1.5075,0
05/22/2025 13:41:45.993,-0.00732,-1.025532,0.354288,34.055,-14.21,9.94,-0.534,-0.6165,-1.5315,0
05/22/2025 13:41:46.013,-0.022204,-1.016016,0.3721,40.915,-15.82,12.285,-0.546,-0.624,-1.5435,0
05/22/2025 13:41:46.033,-0.028792,-1.040416,0.414556,48.475,-17.185,14.525,-0.5385,-0.639,-1.5435,0
05/22/2025 13:41:46.053,-0.020252,-0.993324,0.427732,55.965,-18.69,16.275,-0.546,-0.6345,-1.5585,0
05/22/2025 13:41:46.073,-0.022936,-0.977708,0.440176,60.795,-19.88,16.87,-0.5205,-0.6615,-1.5735,0
05/22/2025 13:41:46.093,-0.029524,-0.91622,0.40138,64.68,-18.76,17.815,-0.5025,-0.666,-1.611,0
05/22/2025 13:41:46.113,-0.027328,-0.849852,0.477508,68.39,-16.275,18.06,-0.4905,-0.693,-1.614,0
05/22/2025 13:41:46.133,-0.024888,-0.809592,0.482388,63.245,-16.38,17.815,-0.4875,-0.693,-1.632,0
05/22/2025 13:41:46.153,-0.0366,-0.807152,0.473848,55.02,-18.27,14.63,-0.48,-0.7035,-1.6365,0
05/22/2025 13:41:46.173,-0.033672,-0.786656,0.481412,50.12,-19.6,11.2,-0.4755,-0.741,-1.6395,0
05/22/2025 13:41:46.193,-0.018544,-0.781288,0.529236,43.575,-20.16,8.295,-0.4755,-0.741,-1.6395,0
05/22/2025 13:41:46.213,-0.006588,-0.830576,0.515084,35.035,-20.545,7.035,-0.48,-0.7335,-1.6395,0
05/22/2025 13:41:46.233,-0.004392,-0.902068,0.531188,30.135,-15.19,8.085,-0.4455,-0.7875,-1.6425,0
05/22/2025 13:41:46.253,-0.009028,-0.889868,0.57096,36.61,-11.025,8.61,-0.4395,-0.7875,-1.68,0
05/22/2025 13:41:46.273,-0.016348,-0.864004,0.57706,39.9,-8.82,8.575,-0.429,-0.7755,-1.695,0
05/22/2025 13:41:46.293,-0.025132,-0.852048,0.560468,40.25,-7.7,9.065,-0.447,-0.825,-1.707,0
05/22/2025 13:41:46.313,-0.033672,-0.859124,0.549244,44.73,-5.53,10.22,-0.4245,-0.8205,-1.698,0
05/22/2025 13:41:46.333,-0.031232,-0.846436,0.581696,52.08,-5.215,11.62,-0.4695,-0.858,-1.725,0
05/22/2025 13:41:46.353,-0.05002,-0.818864,0.614148,58.31,-6.16,11.445,-0.4245,-0.87,-1.743,0
05/22/2025 13:41:46.373,-0.072956,-0.792756,0.656604,59.78,-7.595,11.445,-0.4245,-0.9105,-1.7655,0
05/22/2025 13:41:46.393,-0.08295999,-0.782996,0.676368,60.9,-9.275,12.075,-0.4545,-0.888,-1.752,0
05/22/2025 13:41:46.413,-0.07905599,-0.807152,0.6771,61.53,-11.13,13.055,-0.4275,-0.93,-1.773,0
05/22/2025 13:41:46.433,-0.06588,-0.745664,0.663192,63.385,-12.39,12.915,-0.4695,-0.963,-1.8045,0
05/22/2025 13:41:46.453,-0.064416,-0.75152,0.683444,61.95,-11.34,14.875,-0.462,-0.975,-1.812,0
05/22/2025 13:41:46.473,-0.05978,-0.720776,0.693204,61.495,-10.85,16.835,-0.48,-0.9885,-1.8045,0
05/22/2025 13:41:46.493,-0.041968,-0.66124,0.711748,55.02,-10.185,19.565,-0.45,-1.008,-1.8225,0
05/22/2025 13:41:46.513,-0.040992,-0.6161,0.732976,49.875,-10.08,20.44,-0.45,-1.008,-1.8225,0
05/22/2025 13:41:46.533,-0.040992,-0.62586,0.723704,41.23,-10.36,19.81,-0.471,-1.065,-1.8225,0
05/22/2025 13:41:46.553,-0.053436,-0.585112,0.758352,32.34,-7.91,19.215,-0.4275,-1.0845,-1.833,0
05/22/2025 13:41:46.573,-0.049532,-0.560956,0.755912,21.21,-7.105,16.59,-0.471,-1.095,-1.8345,0
05/22/2025 13:41:46.593,-0.041724,-0.596336,0.76494,11.655,-6.3,14.49,-0.4785,-1.1055,-1.845,0
05/22/2025 13:41:46.613,-0.050752,-0.617076,0.752984,6.93,-5.04,13.055,-0.486,-1.1055,-1.8195,0
05/22/2025 13:41:46.633,-0.067588,-0.65026,0.713212,5.81,-4.55,10.01,-0.4905,-1.095,-1.827,0
05/22/2025 13:41:46.653,-0.05612,-0.645868,0.703208,13.965,-5.25,7.56,-0.504,-1.128,-1.8315,0
05/22/2025 13:41:46.673,-0.055144,-0.628788,0.744932,21.735,-4.445,7.84,-0.471,-1.1295,-1.8255,0
05/22/2025 13:41:46.693,-0.047336,-0.641232,0.73444,24.745,-5.985,8.645,-0.456,-1.1475,-1.821,0
05/22/2025 13:41:46.713,-0.06588,-0.617564,0.751276,31.99,-6.265,13.055,-0.474,-1.1325,-1.83,0
05/22/2025 13:41:46.733,-0.057584,-0.566324,0.769332,37.38,-10.5,10.99,-0.474,-1.158,-1.848,0
05/22/2025 13:41:46.753,-0.064172,-0.539728,0.755424,36.645,-13.72,8.435,-0.4815,-1.185,-1.845,0
05/22/2025 13:41:46.773,-0.06734399,-0.536312,0.796904,34.23,-15.96,7,-0.4815,-1.185,-1.845,0
05/22/2025 13:41:46.793,-0.05734,-0.50508,0.796416,35.91,-16.52,4.655,-0.4815,-1.185,-1.845,0
05/22/2025 13:41:46.813,-0.041236,-0.479948,0.82228,32.445,-15.89,3.08,-0.5145,-1.23,-1.842,0
05/22/2025 13:41:46.833,-0.017324,-0.493368,0.803004,25.55,-14.945,2.66,-0.528,-1.248,-1.83,0
05/22/2025 13:41:46.853,-0.000244,-0.509472,0.832284,22.155,-12.495,3.29,-0.528,-1.2525,-1.8495,0
05/22/2025 13:41:46.873,0.016104,-0.528992,0.836432,21,-9.625,3.92,-0.555,-1.2435,-1.842,0
05/22/2025 13:41:46.893,0.021716,-0.518012,0.8479,19.425,-8.155,4.375,-0.555,-1.233,-1.8615,0
05/22/2025 13:41:46.913,0.022204,-0.521916,0.826428,13.055,-7.175,5.915,-0.588,-1.266,-1.8585,0
05/22/2025 13:41:46.933,0.006344,-0.582916,0.798612,10.885,-6.16,6.755,-0.591,-1.278,-1.839,0
05/22/2025 13:41:46.953,-0.003416,-0.547048,0.841556,19.215,-4.55,4.34,-0.627,-1.2915,-1.848,0
05/22/2025 13:41:46.973,-0.018056,-0.513132,0.870836,21.315,-3.64,4.62,-0.6045,-1.2855,-1.818,0
05/22/2025 13:41:46.993,-0.04514,-0.507032,0.859612,18.55,-4.41,4.76,-0.609,-1.2855,-1.8135,0
05/22/2025 13:41:47.013,-0.049044,-0.520696,0.860588,19.81,-6.475,4.69,-0.597,-1.293,-1.806,0
05/22/2025 13:41:47.033,-0.049044,-0.494344,0.897188,28.665,-8.925,4.41,-0.615,-1.308,-1.821,0
05/22/2025 13:41:47.053,-0.052216,-0.47824,0.873764,30.345,-10.43,4.235,-0.615,-1.308,-1.821,0
05/22/2025 13:41:47.073,-0.033916,-0.438224,0.848388,31.745,-11.2,3.885,-0.6405,-1.368,-1.803,0
05/22/2025 13:41:47.093,0.025132,-0.508252,1.01504,34.09,-9.835,5.81,-0.633,-1.3635,-1.7985,0
05/22/2025 13:41:47.113,-0.091256,-0.38674,0.9516,33.46,2.345,9.485,-0.618,-1.3935,-1.821,0
05/22/2025 13:41:47.133,0.020008,-0.44408,0.879132,20.72,-7.98,6.125,-0.618,-1.3935,-1.821,0
05/22/2025 13:41:47.153,-0.007808,-0.3843,0.928664,21.42,-3.43,6.58,-0.609,-1.4175,-1.7895,0
05/22/2025 13:41:47.173,-0.001464,-0.369172,0.942084,14.875,-3.43,8.33,-0.6165,-1.41,-1.797,0
05/22/2025 13:41:47.193,0.008052,-0.418948,0.92842,7.385,-2.03,9.205,-0.6315,-1.4055,-1.809,0
05/22/2025 13:41:47.213,0.00732,-0.437004,0.937936,7.49,0.525,8.645,-0.621,-1.413,-1.8135,0
05/22/2025 13:41:47.233,-0.004636,-0.439688,0.920856,8.47,3.185,7.49,-0.573,-1.425,-1.8225,0
05/22/2025 13:41:47.253,-0.03172,-0.42822,0.912804,7.945,5.005,7.28,-0.636,-1.416,-1.824,0
05/22/2025 13:41:47.273,-0.059048,-0.406504,0.906948,8.645,5.53,7.175,-0.627,-1.44,-1.7985,0
05/22/2025 13:41:47.293,-0.064172,-0.408456,0.893528,8.925,4.48,7.7,-0.6135,-1.44,-1.836,0
05/22/2025 13:41:47.313,-0.071736,-0.395036,0.893772,7.28,0.91,7.35,-0.612,-1.455,-1.8015,0
05/22/2025 13:41:47.333,-0.054656,-0.42334,0.8601,8.89,-2.03,5.95,-0.5895,-1.4445,-1.755,0
05/22/2025 13:41:47.353,-0.047336,-0.436028,0.870592,14.98,-2.8,6.405,-0.6195,-1.443,-1.794,0
05/22/2025 13:41:47.373,-0.041236,-0.388204,0.9089,19.775,-3.045,6.685,-0.5985,-1.4325,-1.8015,0
05/22/2025 13:41:47.393,-0.043676,-0.383324,0.904264,17.255,-4.41,8.435,-0.6615,-1.4235,-1.7955,0
05/22/2025 13:41:47.413,-0.02928,-0.397964,0.904264,14.07,-6.09,9.45,-0.612,-1.443,-1.7625,0
05/22/2025 13:41:47.433,-0.02562,-0.372344,0.917928,15.82,-7.56,9.345,-0.627,-1.47,-1.7865,0
05/22/2025 13:41:47.453,-0.016836,-0.356484,0.933788,14.14,-8.33,8.295,-0.645,-1.5,-1.7865,0
05/22/2025 13:41:47.473,-0.00488,-0.348432,0.918904,9.205,-8.855,8.33,-0.6105,-1.485,-1.7745,0
05/22/2025 13:41:47.493,-0.002684,-0.34526,0.89914,6.3,-8.33,8.47,-0.6225,-1.4655,-1.797,0
05/22/2025 13:41:47.513,-0.000732,-0.388692,0.87962,8.61,-6.755,7.7,-0.5865,-1.4745,-1.788,0
05/22/2025 13:41:47.533,-0.01464,-0.355264,0.898896,21.035,-3.745,5.355,-0.6375,-1.47,-1.794,0
05/22/2025 13:41:47.553,-0.016104,-0.327936,0.926468,21.805,-2.975,4.2,-0.603,-1.5495,-1.8045,0
05/22/2025 13:41:47.573,-0.018788,-0.332816,0.92354,15.4,-5.95,4.095,-0.615,-1.5,-1.7745,0
05/22/2025 13:41:47.593,-0.03294,-0.334768,0.935252,11.9,-6.895,6.055,-0.585,-1.5195,-1.785,0
05/22/2025 13:41:47.613,-0.029768,-0.34526,0.937204,7.805,-8.785,6.93,-0.57,-1.527,-1.8075,0
05/22/2025 13:41:47.633,-0.029524,-0.35014,0.909632,9.835,-10.395,6.58,-0.573,-1.5345,-1.788,0
05/22/2025 13:41:47.653,-0.01708,-0.379664,0.905728,16.415,-10.465,6.615,-0.5445,-1.524,-1.779,0
05/22/2025 13:41:47.673,-0.00976,-0.343796,0.961604,23.17,-8.925,5.6,-0.6,-1.53,-1.797,0
05/22/2025 13:41:47.693,-0.015372,-0.30744,0.98454,23.625,-8.155,6.16,-0.5895,-1.5225,-1.803,0
05/22/2025 13:41:47.713,0.000488,-0.28426,0.96624,18.725,-8.89,6.86,-0.597,-1.5525,-1.8225,0
05/22/2025 13:41:47.733,0.007808,-0.286944,0.93208,13.44,-8.82,7.665,-0.6135,-1.5675,-1.785,0
05/22/2025 13:41:47.753,0.021228,-0.289628,0.941108,13.09,-7.245,7.84,-0.597,-1.5525,-1.8225,0
05/22/2025 13:41:47.773,0.017812,-0.255956,0.965508,12.565,-4.9,6.86,-0.6105,-1.5645,-1.8075,0
05/22/2025 13:41:47.793,0.017812,-0.235704,0.969168,8.015,-4.27,5.845,-0.585,-1.5645,-1.833,0
05/22/2025 13:41:47.813,0.016836,-0.256444,0.93696,2.485,-4.235,5.495,-0.6105,-1.5525,-1.812,0
05/22/2025 13:41:47.833,0.01342,-0.280112,0.93574,0.875,-2.835,5.39,-0.603,-1.56,-1.812,0
05/22/2025 13:41:47.853,0.008784,-0.28182,0.955748,1.085,-1.155,3.22,-0.603,-1.56,-1.812,0
05/22/2025 13:41:47.873,0.006344,-0.304268,0.954528,0.98,-0.805,3.045,-0.621,-1.59,-1.8045,0
05/22/2025 13:41:47.893,0.013908,-0.30622,0.934276,1.4,-1.085,2.485,-0.651,-1.56,-1.8045,0
05/22/2025 13:41:47.913,0.008784,-0.305244,0.941596,3.745,-0.315,2.66,-0.633,-1.575,-1.8045,0
05/22/2025 13:41:47.933,-0.002196,-0.28914,0.949648,6.545,0.105,1.505,-0.636,-1.575,-1.797,0
05/22/2025 13:41:47.953,-0.003904,-0.2745,0.945744,8.61,-1.26,0.28,-0.6285,-1.575,-1.812,0
05/22/2025 13:41:47.973,0.002928,-0.27084,0.945988,9.31,-2.73,-0.385,-0.6255,-1.56,-1.7895,0
05/22/2025 13:41:47.993,0.01342,-0.268644,0.95404,10.675,-4.095,-1.05,-0.648,-1.5825,-1.8045,0
05/22/2025 13:41:48.013,0.020496,-0.260104,0.957944,10.64,-5.95,-1.645,-0.6405,-1.578,-1.8315,0
05/22/2025 13:41:48.033,0.020252,-0.232532,0.961848,8.785,-6.51,-0.525,-0.6585,-1.5675,-1.7895,0
05/22/2025 13:41:48.053,0.033428,-0.240828,0.953308,3.64,-7.665,-0.175,-0.6315,-1.6095,-1.8075,0
05/22/2025 13:41:48.073,0.02806,-0.246928,0.955748,1.575,-6.265,-0.735,-0.6285,-1.605,-1.8045,0
05/22/2025 13:41:48.093,0.026108,-0.234484,0.963556,0.35,-5.355,-2.24,-0.6465,-1.6125,-1.7895,0
05/22/2025 13:41:48.113,0.0305,-0.231068,0.96502,-6.02,-3.43,-2.45,-0.6285,-1.5825,-1.7895,0
05/22/2025 13:41:48.133,0.027816,-0.251808,0.96624,-11.76,-1.995,-1.575,-0.6285,-1.5825,-1.7895,0
05/22/2025 13:41:48.153,0.034892,-0.249124,0.965264,-17.395,-1.47,-1.12,-0.6615,-1.5975,-1.7895,0
05/22/2025 13:41:48.173,0.038308,-0.288896,0.9394,-22.96,-2.8,-1.085,-0.651,-1.5855,-1.7895,0
05/22/2025 13:41:48.193,0.055632,-0.308416,0.926468,-24.01,-2.625,-0.525,-0.6615,-1.59,-1.8135,0
05/22/2025 13:41:48.213,0.06466,-0.328912,0.92354,-22.12,-1.26,-0.07,-0.684,-1.5705,-1.8105,0
05/22/2025 13:41:48.233,0.05002,-0.321836,0.943548,-17.08,0.98,-0.56,-0.6855,-1.5255,-1.788,0
05/22/2025 13:41:48.253,0.046604,-0.301584,0.948916,-16.625,1.33,-0.91,-0.678,-1.518,-1.791,0
05/22/2025 13:41:48.273,0.0427,-0.314272,0.925248,-18.445,0.875,-0.91,-0.675,-1.491,-1.806,0
05/22/2025 13:41:48.293,0.049288,-0.290604,0.919636,-13.09,1.505,-3.15,-0.675,-1.491,-1.806,0
05/22/2025 13:41:48.313,0.04758,-0.258884,0.893284,-9.45,2.555,-5.845,-0.693,-1.503,-1.806,0
05/22/2025 13:41:48.333,0.05856,-0.253028,0.89426,-9.66,4.06,-6.895,-0.7065,-1.506,-1.7775,0
05/22/2025 13:41:48.353,0.062464,-0.238876,0.90036,-11.165,7.21,-8.435,-0.7365,-1.5135,-1.7925,0
05/22/2025 13:41:48.373,0.09467199,-0.231556,0.922076,-20.125,8.47,-13.09,-0.7005,-1.4865,-1.7955,0
05/22/2025 13:41:48.393,0.129564,-0.223016,0.891332,-33.18,9.03,-15.33,-0.7005,-1.4865,-1.7955,0
05/22/2025 13:41:48.413,0.133956,-0.235216,0.874984,-47.985,11.305,-15.855,-0.693,-1.4835,-1.7835,0
05/22/2025 13:41:48.433,0.154696,-0.28304,0.86254,-58.45,13.93,-16.31,-0.6735,-1.461,-1.761,0
05/22/2025 13:41:48.453,0.151524,-0.291824,0.887428,-68.67,18.095,-18.165,-0.69,-1.458,-1.776,0
05/22/2025 13:41:48.473,0.157868,-0.35624,0.847168,-80.325,21.28,-21.385,-0.6795,-1.4385,-1.8105,0
05/22/2025 13:41:48.493,0.132492,-0.402356,0.831308,-88.445,26.215,-23.975,-0.639,-1.401,-1.8015,0
05/22/2025 13:41:48.513,0.109068,-0.447984,0.81862,-96.845,33.39,-25.41,-0.6285,-1.356,-1.7715,0
05/22/2025 13:41:48.533,0.067832,-0.478972,0.770064,-105.21,38.5,-27.125,-0.606,-1.3335,-1.7835,0
05/22/2025 13:41:48.553,0.027084,-0.52948,0.726144,-113.54,42.455,-27.825,-0.606,-1.3335,-1.7835,0
05/22/2025 13:41:48.573,-0.009028,-0.560468,0.689544,-117.39,45.22,-28.98,-0.6195,-1.266,-1.791,0
05/22/2025 13:41:48.593,-0.026352,-0.561688,0.712724,-124.705,44.625,-29.54,-0.6195,-1.2315,-1.7835,0
05/22/2025 13:41:48.613,-0.017324,-0.611952,0.626348,-133.945,41.125,-30.17,-0.5865,-1.2135,-1.779,0
05/22/2025 13:41:48.633,-0.027572,-0.673684,0.5612,-138.18,38.885,-28.98,-0.588,-1.1505,-1.7685,0
05/22/2025 13:41:48.653,-0.030012,-0.789828,0.626348,-135.625,35.98,-28.245,-0.5775,-1.101,-1.776,0
05/22/2025 13:41:48.673,-0.022204,-0.845704,0.549,-139.335,30.345,-26.635,-0.549,-0.984,-1.7415,0
05/22/2025 13:41:48.693,-0.032208,-0.958432,0.499956,-135.065,27.405,-23.66,-0.531,-0.9435,-1.731,0
05/22/2025 13:41:48.713,-0.05978,-0.956968,0.503616,-123.445,26.985,-20.16,-0.531,-0.8715,-1.6965,0
05/22/2025 13:41:48.733,-0.064904,-1.009184,0.422852,-119.385,22.645,-16.975,-0.5565,-0.861,-1.6785,0
05/22/2025 13:41:48.753,-0.082472,-1.066768,0.407724,-117.04,19.67,-13.79,-0.5565,-0.8115,-1.6455,0
05/22/2025 13:41:48.773,-0.094916,-1.071892,0.391376,-109.445,17.08,-11.235,-0.5565,-0.789,-1.626,0
05/22/2025 13:41:48.793,-0.11102,-1.04432,0.333304,-103.04,13.51,-9.03,-0.537,-0.756,-1.599,0
05/22/2025 13:41:48.813,-0.12566,-1.05652,0.286456,-101.43,11.095,-6.335,-0.531,-0.684,-1.5615,0
05/22/2025 13:41:48.833,-0.122976,-1.065792,0.283772,-98.63,11.655,-2.59,-0.5115,-0.651,-1.542,0
05/22/2025 13:41:48.853,-0.132492,-1.054324,0.239364,-94.465,8.575,-0.42,-0.4965,-0.621,-1.5165,0
05/22/2025 13:41:48.873,-0.163236,-1.067012,0.158112,-90.405,4.585,0.77,-0.5085,-0.576,-1.5045,0
05/22/2025 13:41:48.893,-0.174948,-1.048224,0.06734399,-87.745,-2.065,0.525,-0.4785,-0.5505,-1.47,0
05/22/2025 13:41:48.913,-0.192028,-1.000156,-0.018056,-83.545,-14.455,-2.415,-0.5115,-0.513,-1.4265,0
05/22/2025 13:41:48.933,-0.209108,-0.9943,-0.139324,-79.345,-25.83,-5.53,-0.5115,-0.513,-1.4265,0
05/22/2025 13:41:48.953,-0.215208,-0.985028,-0.083692,-72.345,-37.485,-7.42,-0.5025,-0.4905,-1.3545,0
05/22/2025 13:41:48.973,-0.198372,-0.94428,-0.091012,-65.065,-51.905,-11.27,-0.444,-0.435,-1.356,0
05/22/2025 13:41:48.993,-0.194224,-0.991616,-0.107116,-55.72,-62.545,-11.585,-0.492,-0.4305,-1.335,0
05/22/2025 13:41:49.013,-0.204228,-0.981368,0.009028,-43.12,-65.345,-9.275,-0.498,-0.411,-1.3125,0
05/22/2025 13:41:49.033,-0.19154,-0.992836,0.030256,-33.845,-68.88,-6.93,-0.4935,-0.4155,-1.2825,0
05/22/2025 13:41:49.053,-0.194468,-1.058716,0.058804,-24.255,-70.35,-2.31,-0.531,-0.4185,-1.2915,0
05/22/2025 13:41:49.073,-0.196908,-1.040416,0.114924,-11.585,-69.195,1.225,-0.5535,-0.4035,-1.2615,0
05/22/2025 13:41:49.093,-0.18544,-1.014064,0.119804,-6.825,-72.1,5.11,-0.5565,-0.3765,-1.2585,0
05/22/2025 13:41:49.113,-0.190076,-1.012844,0.14396,0.28,-73.01,8.89,-0.5835,-0.384,-1.2585,0
05/22/2025 13:41:49.133,-0.150792,-0.978196,0.179828,8.785,-74.025,11.2,-0.5745,-0.396,-1.2435,0
05/22/2025 13:41:49.153,-0.127856,-1.000644,0.253516,12.985,-74.375,12.53,-0.594,-0.3945,-1.2555,0
05/22/2025 13:41:49.173,-0.117364,-1.001864,0.229116,15.19,-74.06,13.195,-0.6015,-0.387,-1.2555,0
05/22/2025 13:41:49.193,-0.10736,-0.98332,0.273036,15.47,-69.09,13.44,-0.6015,-0.387,-1.2555,0
05/22/2025 13:41:49.213,-0.085156,-0.944768,0.294508,12.18,-66.71,13.055,-0.6015,-0.387,-1.2555,0
05/22/2025 13:41:49.233,-0.081252,-0.96502,0.291336,9.065,-65.17,11.83,-0.6495,-0.3795,-1.245,0
05/22/2025 13:41:49.253,-0.073932,-0.970876,0.27084,8.645,-61.39,12.005,-0.6255,-0.4215,-1.203,0
05/22/2025 13:41:49.273,-0.056852,-0.969412,0.2623,15.785,-52.36,12.81,-0.6555,-0.3975,-1.215,0
05/22/2025 13:41:49.293,-0.0488,-0.96014,0.275232,22.05,-42.84,13.72,-0.6705,-0.3795,-1.2195,0
05/22/2025 13:41:49.313,-0.03294,-0.990152,0.266448,24.395,-34.16,13.405,-0.6885,-0.3675,-1.197,0
05/22/2025 13:41:49.333,-0.007564,-0.97722,0.242048,18.445,-28.665,10.78,-0.6735,-0.3795,-1.2075,0
05/22/2025 13:41:49.353,0.003172,-1.001132,0.2135,15.33,-25.62,8.225,-0.6855,-0.375,-1.2195,0
05/22/2025 13:41:49.373,0.008052,-0.99064,0.232532,14.945,-21.945,6.755,-0.687,-0.3705,-1.239,0
05/22/2025 13:41:49.393,0.000244,-0.967948,0.252784,16.695,-19.985,6.125,-0.696,-0.405,-1.2015,0
05/22/2025 13:41:49.413,-0.009028,-0.924272,0.25986,18.97,-19.88,4.515,-0.663,-0.372,-1.215,0
05/22/2025 13:41:49.433,-0.027084,-0.903288,0.26352,17.5,-13.72,2.975,-0.6735,-0.402,-1.2075,0
05/22/2025 13:41:49.453,-0.031964,-0.907192,0.275964,18.585,-2.73,-2.8,-0.69,-0.393,-1.2465,0
05/22/2025 13:41:49.473,-0.03172,-0.944768,0.23546,3.465,1.435,-8.505,-0.69,-0.393,-1.2465,0
05/22/2025 13:41:49.493,-0.022692,-1.003328,0.199348,-8.225,5.565,-13.86,-0.7185,-0.4005,-1.224,0
05/22/2025 13:41:49.513,-0.000488,-1.039684,0.182268,-18.445,7.315,-16.66,-0.7185,-0.4005,-1.224,0
05/22/2025 13:41:49.533,0.010004,-1.057496,0.179096,-20.055,4.97,-17.71,-0.7365,-0.423,-1.2315,0
05/22/2025 13:41:49.553,0.016104,-1.08214,0.1769,-16.45,0.21,-15.015,-0.7695,-0.4335,-1.23,0
05/22/2025 13:41:49.573,0.018788,-1.073844,0.177144,-8.96,-2.625,-10.045,-0.7665,-0.423,-1.2405,0
05/22/2025 13:41:49.593,-0.00122,-1.045784,0.21228,2.135,-2.03,-4.865,-0.768,-0.411,-1.248,0
05/22/2025 13:41:49.613,-0.00122,-1.049444,0.20496,5.985,-1.47,-1.855,-0.771,-0.423,-1.23,0
05/22/2025 13:41:49.633,-0.005368,-1.086288,0.214232,2.485,1.015,-0.84,-0.819,-0.4215,-1.23,0
05/22/2025 13:41:49.653,0.009028,-1.055056,0.230092,-1.68,2.52,-0.385,-0.8115,-0.4365,-1.23,0
05/22/2025 13:41:49.673,-0.000488,-1.027728,0.211548,-5.565,1.225,-0.49,-0.834,-0.4215,-1.227,0
05/22/2025 13:41:49.693,-0.006832,-0.990152,0.221308,-5.53,-0.455,-0.945,-0.837,-0.4095,-1.224,0
05/22/2025 13:41:49.713,0.01342,-0.96746,0.204228,-3.325,-2.415,-1.085,-0.825,-0.4365,-1.1895,0
05/22/2025 13:41:49.733,0.022204,-0.969656,0.192028,3.465,-1.435,-0.07,-0.855,-0.4365,-1.2015,0
05/22/2025 13:41:49.753,0.018056,-0.986492,0.211548,13.16,2.17,0.56,-0.8325,-0.4335,-1.2,0
05/22/2025 13:41:49.773,0.03172,-0.998448,0.195688,19.145,3.57,-0.595,-0.843,-0.4095,-1.1865,0
05/22/2025 13:41:49.793,0.058316,-0.996496,0.16958,16.905,1.96,-3.01,-0.843,-0.432,-1.197,0
05/22/2025 13:41:49.813,0.094916,-0.987712,0.166408,14.245,0.7,-4.97,-0.87,-0.4245,-1.191,0
05/22/2025 13:41:49.833,0.09882,-0.9821,0.18788,9.59,-1.54,-6.44,-0.873,-0.4365,-1.206,0
05/22/2025 13:41:49.853,0.093696,-0.947452,0.204228,11.235,-4.235,-6.58,-0.8475,-0.444,-1.212,0
05/22/2025 13:41:49.873,0.083936,-0.95526,0.226676,11.515,-6.79,-6.86,-0.855,-0.432,-1.224,0
05/22/2025 13:41:49.893,0.083448,-0.9272,0.227164,6.93,-7.525,-7.98,-0.8505,-0.4545,-1.2165,0
05/22/2025 13:41:49.913,0.069784,-0.922564,0.23912,-2.31,-4.62,-9.59,-0.8505,-0.447,-1.2195,0
05/22/2025 13:41:49.933,0.069052,-0.936716,0.255468,-8.19,-2.45,-11.865,-0.8775,-0.4395,-1.209,0
05/22/2025 13:41:49.953,0.08686399,-0.9394,0.248636,-10.255,-2.38,-14.07,-0.888,-0.447,-1.218,0
05/22/2025 13:41:49.973,0.092232,-0.985028,0.239364,-10.15,-2.485,-14.7,-0.8955,-0.4395,-1.206,0
05/22/2025 13:41:49.993,0.104432,-1.030168,0.214964,-7.665,-3.71,-13.195,-0.8955,-0.4395,-1.206,0
05/22/2025 13:41:50.013,0.09467199,-1.025776,0.214232,-3.22,-5.005,-11.095,-0.891,-0.459,-1.194,0
05/22/2025 13:41:50.033,0.082472,-0.993324,0.211792,1.645,-7.875,-9.415,-0.8805,-0.462,-1.1985,0
05/22/2025 13:41:50.053,0.071736,-0.975512,0.205204,4.2,-11.06,-8.75,-0.8835,-0.462,-1.2135,0
05/22/2025 13:41:50.073,0.066856,-0.966728,0.217892,6.16,-12.985,-7.875,-0.909,-0.465,-1.1835,0
05/22/2025 13:41:50.093,0.063928,-0.972828,0.216184,6.51,-14.175,-7.14,-0.9165,-0.4575,-1.1955,0
05/22/2025 13:41:50.113,0.064416,-0.97722,0.234972,9.17,-12.74,-5.88,-0.924,-0.4695,-1.2075,0
05/22/2025 13:41:50.133,0.072468,-0.998936,0.237412,8.155,-11.27,-4.725,-0.924,-0.4695,-1.191,0
05/22/2025 13:41:50.153,0.075396,-0.996008,0.237168,6.79,-9.485,-3.745,-0.9615,-0.4575,-1.2045,0
05/22/2025 13:41:50.173,0.06734399,-0.986736,0.246196,4.655,-7.77,-3.325,-0.924,-0.4845,-1.206,0
05/22/2025 13:41:50.193,0.069784,-0.9943,0.235948,1.61,-6.72,-3.815,-0.906,-0.477,-1.1865,0
05/22/2025 13:41:50.213,0.067588,-0.989908,0.237412,-0.595,-5.74,-3.745,-0.903,-0.462,-1.206,0
05/22/2025 13:41:50.233,0.066124,-0.987468,0.232776,-2.485,-5.18,-3.78,-0.897,-0.477,-1.179,0
05/22/2025 13:41:50.253,0.06222,-0.987712,0.221308,-4.2,-4.305,-3.29,-0.912,-0.465,-1.173,0
05/22/2025 13:41:50.273,0.059048,-0.975024,0.216916,-4.83,-3.255,-2.66,-0.912,-0.465,-1.173,0
05/22/2025 13:41:50.293,0.063196,-0.976,0.20862,-4.41,-2.52,-2.45,-0.897,-0.462,-1.1715,0
05/22/2025 13:41:50.313,0.069296,-0.980148,0.199348,-4.2,-1.715,-2.94,-0.882,-0.477,-1.1595,0
05/22/2025 13:41:50.333,0.080032,-0.97966,0.197396,-5.215,-0.91,-3.78,-0.849,-0.4965,-1.167,0
05/22/2025 13:41:50.353,0.09638,-0.986736,0.203008,-4.655,-0.665,-3.57,-0.864,-0.4935,-1.1715,0
05/22/2025 13:41:50.373,0.096868,-0.973804,0.20496,-3.325,-0.07,-3.01,-0.8415,-0.489,-1.167,0
05/22/2025 13:41:50.393,0.098332,-0.949892,0.196908,-1.47,-0.315,-2.59,-0.8235,-0.4635,-1.1805,0
05/22/2025 13:41:50.413,0.100528,-0.95282,0.200568,-3.5,-1.295,-2.87,-0.8235,-0.468,-1.155,0
05/22/2025 13:41:50.433,0.091744,-0.958432,0.21838,-6.23,-1.015,-3.185,-0.846,-0.4665,-1.167,0
05/22/2025 13:41:50.453,0.088816,-0.967216,0.227408,-7.735,-1.19,-4.095,-0.8265,-0.486,-1.1805,0
05/22/2025 13:41:50.473,0.07905599,-0.968192,0.214232,-7.525,-2.135,-5.25,-0.8385,-0.474,-1.185,0
05/22/2025 13:41:50.493,0.069296,-0.97234,0.221064,-5.25,-2.345,-5.425,-0.8385,-0.4815,-1.197,0
05/22/2025 13:41:50.513,0.068564,-0.97722,0.23424,-2.205,-2.415,-4.34,-0.828,-0.471,-1.1895,0
05/22/2025 13:41:50.533,0.085156,-0.998204,0.233996,4.305,-3.71,-2.975,-0.828,-0.471,-1.1895,0
05/22/2025 13:41:50.553,0.0915,-0.992836,0.236192,9.45,-4.375,-2.94,-0.828,-0.471,-1.1895,0
05/22/2025 13:41:50.573,0.101504,-0.993812,0.22814,10.15,-4.375,-2.94,-0.8505,-0.447,-1.2045,0
05/22/2025 13:41:50.593,0.102724,-0.996008,0.231312,10.395,-2.66,-2.065,-0.849,-0.489,-1.1895,0
05/22/2025 13:41:50.613,0.102236,-0.97356,0.223504,11.165,-0.945,-1.61,-0.843,-0.471,-1.1925,0
05/22/2025 13:41:50.633,0.090036,-0.961604,0.220332,8.47,-0.07,-2.03,-0.843,-0.471,-1.2045,0
05/22/2025 13:41:50.653,0.092964,-0.962336,0.202276,3.64,-0.84,-3.535,-0.8535,-0.4695,-1.2045,0
05/22/2025 13:41:50.673,0.096624,-0.971608,0.199592,-0.98,-0.49,-4.27,-0.8655,-0.489,-1.209,0
05/22/2025 13:41:50.693,0.089548,-0.979904,0.199592,-3.255,0.35,-4.585,-0.8505,-0.4665,-1.197,0
05/22/2025 13:41:50.713,0.084912,-0.98576,0.199104,-4.76,0.525,-4.725,-0.861,-0.4665,-1.1895,0
05/22/2025 13:41:50.733,0.080032,-0.986736,0.190808,-5.005,-0.21,-4.585,-0.846,-0.489,-1.1775,0
05/22/2025 13:41:50.753,0.0854,-0.991616,0.201788,-3.045,-1.54,-3.955,-0.867,-0.489,-1.1715,0
05/22/2025 13:41:50.773,0.090524,-0.990396,0.20984,-0.7,-1.855,-3.255,-0.8535,-0.459,-1.167,0
05/22/2025 13:41:50.793,0.101504,-0.998692,0.22692,0.98,-1.575,-2.38,-0.8595,-0.501,-1.155,0
05/22/2025 13:41:50.813,0.11102,-0.999912,0.235216,4.41,-1.715,-1.96,-0.8595,-0.501,-1.155,0
05/22/2025 13:41:50.833,0.118584,-0.97722,0.240584,7.385,-1.295,-1.645,-0.864,-0.4695,-1.1865,0
05/22/2025 13:41:50.853,0.1098,-0.9638,0.246196,9.135,-0.945,-1.19,-0.879,-0.4815,-1.191,0
05/22/2025 13:41:50.873,0.115168,-0.970144,0.2379,8.05,-1.54,-1.61,-0.8895,-0.5115,-1.1595,0
05/22/2025 13:41:50.893,0.106384,-0.948184,0.2379,7.28,-2.38,-2.765,-0.897,-0.504,-1.1715,0
05/22/2025 13:41:50.913,0.102236,-0.94306,0.237412,5.495,-2.66,-3.85,-0.9075,-0.5115,-1.179,0
05/22/2025 13:41:50.933,0.103212,-0.950868,0.231068,4.515,-1.33,-4.375,-0.9075,-0.5115,-1.179,0
05/22/2025 13:41:50.953,0.09272,-0.952088,0.234972,3.92,-0.035,-5.18,-0.897,-0.5295,-1.179,0
05/22/2025 13:41:50.973,0.099552,-0.95404,0.22814,2.765,0.105,-6.755,-0.9285,-0.507,-1.233,0
05/22/2025 13:41:50.993,0.097356,-0.967216,0.222528,1.54,0.77,-7.98,-0.9165,-0.495,-1.1985,0
05/22/2025 13:41:51.013,0.106872,-0.961848,0.20984,1.715,1.89,-8.505,-0.9045,-0.522,-1.1985,0
05/22/2025 13:41:51.033,0.11102,-0.974536,0.216916,0.945,2.24,-8.33,-0.9675,-0.513,-1.2,0
05/22/2025 13:41:51.053,0.11346,-0.96136,0.20496,1.05,1.12,-8.155,-0.948,-0.5025,-1.161,0
05/22/2025 13:41:51.073,0.118096,-0.972584,0.196908,1.33,-2.03,-8.085,-0.963,-0.5205,-1.1805,0
05/22/2025 13:41:51.093,0.118828,-0.959408,0.21838,1.4,-4.445,-7.735,-0.9825,-0.5175,-1.17,0
05/22/2025 13:41:51.113,0.123464,-0.96502,0.219112,1.54,-6.335,-6.895,-0.948,-0.555,-1.161,0
05/22/2025 13:41:51.133,0.125904,-0.946964,0.218136,2.835,-7.735,-6.72,-0.9915,-0.5325,-1.14,0
05/22/2025 13:41:51.153,0.13298,-0.93208,0.232776,3.64,-7.21,-7.455,-0.993,-0.54,-1.167,0
05/22/2025 13:41:51.173,0.1159,-0.940864,0.308172,0.245,-2.835,-7.35,-0.993,-0.528,-1.152,0
05/22/2025 13:41:51.193,0.172508,-0.993568,0.222528,-8.75,-6.16,-9.275,-1.026,-0.5385,-1.1565,0
05/22/2025 13:41:51.213,0.162992,-0.969656,0.242048,-3.5,-2.975,-8.575,-1.0185,-0.5355,-1.152,0
05/22/2025 13:41:51.233,0.165676,-0.968436,0.258884,-3.01,-2.59,-8.89,-0.9915,-0.54,-1.1325,0
05/22/2025 13:41:51.253,0.174948,-0.968924,0.266448,-0.35,-3.57,-7.98,-1.0035,-0.5355,-1.14,0
05/22/2025 13:41:51.273,0.174216,-0.992104,0.273768,4.585,-4.935,-7.455,-1.0095,-0.558,-1.1445,0
05/22/2025 13:41:51.293,0.173728,-0.98454,0.279868,12.74,-7.35,-7.42,-1.017,-0.543,-1.14,0
05/22/2025 13:41:51.313,0.169092,-0.988444,0.28304,18.585,-11.025,-7.875,-1.0065,-0.54,-1.1295,0
05/22/2025 13:41:51.333,0.18178,-0.966728,0.278404,23.275,-15.96,-9.065,-1.017,-0.5655,-1.1445,0
05/22/2025 13:41:51.353,0.180804,-0.975756,0.282064,25.34,-15.75,-8.505,-1.017,-0.5655,-1.1445,0
05/22/2025 13:41:51.373,0.181292,-0.953552,0.281576,28,-15.155,-9.24,-1.0245,-0.573,-1.137,0
05/22/2025 13:41:51.393,0.200568,-0.948672,0.262788,29.365,-14.875,-10.99,-1.0335,-0.573,-1.1715,0
05/22/2025 13:41:51.413,0.208864,-0.925736,0.257664,31.92,-12.81,-11.97,-1.029,-0.603,-1.1625,0
05/22/2025 13:41:51.433,0.21472,-0.909388,0.268888,30.835,-11.095,-12.915,-1.041,-0.588,-1.1895,0
05/22/2025 13:41:51.453,0.168604,-0.8784,0.26352,24.115,-9.66,-14.35,-1.0485,-0.5805,-1.179,0
05/22/2025 13:41:51.473,0.18056,-0.919392,0.227652,8.82,-10.675,-14.84,-1.089,-0.606,-1.188,0
05/22/2025 13:41:51.493,0.182024,-0.97844,0.237412,6.09,-8.89,-13.93,-1.0665,-0.6105,-1.2015,0
05/22/2025 13:41:51.513,0.180316,-0.982832,0.306708,12.25,-7.63,-12.495,-1.095,-0.609,-1.176,0
05/22/2025 13:41:51.533,0.177632,-0.981612,0.320128,16.73,-5.845,-11.06,-1.065,-0.621,-1.1835,0
05/22/2025 13:41:51.553,0.172264,-0.970144,0.298656,18.725,-5.705,-9.485,-1.089,-0.606,-1.191,0
05/22/2025 13:41:51.573,0.180316,-0.975512,0.306952,16.065,-4.69,-7.875,-1.047,-0.6405,-1.2135,0
05/22/2025 13:41:51.593,0.186416,-0.965508,0.335256,16.24,-4.025,-7.105,-1.0665,-0.594,-1.203,0
05/22/2025 13:41:51.613,0.21228,-0.961116,0.357948,15.12,-3.465,-7.315,-1.0665,-0.594,-1.203,0
05/22/2025 13:41:51.633,0.218624,-0.917196,0.345992,15.82,-3.36,-7.455,-1.0665,-0.594,-1.203,0
05/22/2025 13:41:51.653,0.232532,-0.906704,0.343796,16.94,-2.17,-7.385,-1.0665,-0.624,-1.2255,0
05/22/2025 13:41:51.673,0.233996,-0.90768,0.364048,16.66,0.035,-6.37,-1.0245,-0.6375,-1.2015,0
05/22/2025 13:41:51.693,0.252296,-0.884744,0.377956,13.44,1.295,-5.32,-1.0185,-0.636,-1.239,0
05/22/2025 13:41:51.713,0.236436,-0.897432,0.356728,8.33,2.975,-4.97,-1.0215,-0.6555,-1.2345,0
05/22/2025 13:41:51.733,0.238144,-0.894992,0.342332,4.445,3.395,-5.32,-1.0365,-0.6555,-1.242,0
05/22/2025 13:41:51.753,0.244732,-0.917684,0.354044,2.765,2.695,-5.355,-1.0155,-0.66,-1.257,0
05/22/2025 13:41:51.773,0.261568,-0.925492,0.351116,5.88,1.68,-6.02,-1.023,-0.6435,-1.239,0
05/22/2025 13:41:51.793,0.270596,-0.906704,0.3477,10.465,3.78,-6.615,-1.005,-0.648,-1.284,0
05/22/2025 13:41:51.813,0.266692,-0.90402,0.37942,11.725,7.665,-6.405,-1.005,-0.666,-1.2945,0
05/22/2025 13:41:51.833,0.276452,-0.897432,0.40016,10.395,9.765,-6.3,-1.008,-0.6585,-1.287,0
05/22/2025 13:41:51.853,0.273524,-0.93452,0.408212,2.695,11.655,-4.515,-1.005,-0.6705,-1.3215,0
05/22/2025 13:41:51.873,0.28548,-0.910852,0.38186,7.7,13.755,-4.41,-1.008,-0.6705,-1.299,0
05/22/2025 13:41:51.893,0.280844,-0.931348,0.393572,15.365,16.975,-4.34,-0.9945,-0.651,-1.314,0
05/22/2025 13:41:51.913,0.313296,-0.917928,0.415288,20.755,17.99,-4.375,-1.029,-0.6435,-1.338,0
05/22/2025 13:41:51.933,0.353312,-0.88694,0.421632,20.895,21.21,-5.95,-1.0395,-0.6585,-1.353,0
05/22/2025 13:41:51.953,0.394304,-0.953064,0.408944,20.965,25.62,-6.16,-1.014,-0.6855,-1.344,0
05/22/2025 13:41:51.973,0.442372,-0.966972,0.449936,34.58,33.46,-4.515,-1.029,-0.669,-1.356,0
05/22/2025 13:41:51.993,0.45628,-0.982344,0.512888,42.735,37.205,0.595,-1.0185,-0.678,-1.3665,0
05/22/2025 13:41:52.013,0.496052,-1.010648,0.509472,47.32,35.245,10.115,-0.996,-0.693,-1.3965,0
05/22/2025 13:41:52.033,0.478972,-0.99552,0.435296,58.73,31.08,21.77,-0.996,-0.696,-1.4115,0
05/22/2025 13:41:52.053,0.433832,-0.889624,0.41358,76.265,24.29,32.235,-0.993,-0.6855,-1.431,0
05/22/2025 13:41:52.073,0.390156,-0.807152,0.416996,83.23,15.295,40.985,-0.987,-0.714,-1.476,0
05/22/2025 13:41:52.093,0.361608,-0.76738,0.434564,80.85,4.62,43.785,-0.957,-0.726,-1.467,0
05/22/2025 13:41:52.113,0.356484,-0.659532,0.44286,68.985,-5.005,44.8,-0.9645,-0.7605,-1.5015,0
05/22/2025 13:41:52.133,0.324764,-0.603412,0.480436,50.085,-8.155,42.56,-0.936,-0.783,-1.5315,0
05/22/2025 13:41:52.153,0.283284,-0.561688,0.526552,22.68,-12.915,39.165,-0.936,-0.783,-1.5315,0
05/22/2025 13:41:52.173,0.235704,-0.579744,0.58804,8.68,-14.525,35.945,-0.906,-0.795,-1.5525,0
05/22/2025 13:41:52.193,0.20008,-0.524844,0.633424,5.775,-17.605,28.735,-0.9435,-0.78,-1.527,0
05/22/2025 13:41:52.213,0.194468,-0.484584,0.64904,4.235,-24.01,17.255,-0.924,-0.7605,-1.5225,0
05/22/2025 13:41:52.233,0.188856,-0.474824,0.624884,-4.095,-28.735,3.57,-0.9495,-0.771,-1.5195,0
05/22/2025 13:41:52.253,0.216916,-0.624396,0.55876,-1.295,-27.16,-12.635,-0.9765,-0.7905,-1.539,0
05/22/2025 13:41:52.273,0.257664,-0.598288,0.554856,10.15,-22.12,-26.985,-0.975,-0.7935,-1.509,0
05/22/2025 13:41:52.293,0.265716,-0.60878,0.542656,16.03,-10.815,-41.93,-0.972,-0.7785,-1.494,0
05/22/2025 13:41:52.313,0.247172,-0.565348,0.627324,15.12,1.61,-54.53,-1.0125,-0.8085,-1.518,0
05/22/2025 13:41:52.333,0.217892,-0.615612,0.66124,11.585,12.145,-67.27,-1.053,-0.8145,-1.527,0
05/22/2025 13:41:52.353,0.206912,-0.64782,0.661728,6.23,21.105,-78.295,-1.0785,-0.8565,-1.542,0
05/22/2025 13:41:52.373,0.189588,-0.692472,0.665144,1.68,25.55,-89.915,-1.0785,-0.8565,-1.542,0
05/22/2025 13:41:52.393,0.16836,-0.732976,0.677344,-4.34,24.745,-98.525,-1.077,-0.879,-1.5,0
05/22/2025 13:41:52.413,0.1586,-0.78446,0.673684,-10.85,25.83,-103.74,-1.0845,-0.8895,-1.5,0
05/22/2025 13:41:52.433,0.125904,-0.87108,0.691008,-14.665,31.36,-101.64,-1.1055,-0.9615,-1.4805,0
05/22/2025 13:41:52.453,0.10126,-0.914024,0.738588,-16.485,35.21,-97.685,-1.116,-0.996,-1.485,0
05/22/2025 13:41:52.473,0.08295999,-0.972096,0.731024,-15.575,37.24,-92.155,-1.1115,-1.026,-1.4775,0
05/22/2025 13:41:52.493,0.061244,-1.021628,0.706624,-9.135,38.57,-83.09,-1.1325,-1.041,-1.47,0
05/22/2025 13:41:52.513,0.039284,-1.013576,0.706868,-3.185,39.55,-68.355,-1.137,-1.0635,-1.4895,0
05/22/2025 13:41:52.533,0.016836,-0.99674,0.687836,-3.36,38.99,-52.675,-1.1295,-1.071,-1.485,0
05/22/2025 13:41:52.553,0.008052,-0.971608,0.644404,-5.565,36.05,-36.96,-1.11,-1.098,-1.473,0
05/22/2025 13:41:52.573,0.004148,-0.979416,0.651968,-3.01,30.765,-22.05,-1.1175,-1.0815,-1.4955,0
05/22/2025 13:41:52.593,0.020008,-0.91256,0.632692,9.66,21.805,-10.325,-1.0995,-1.101,-1.4835,0
05/22/2025 13:41:52.613,0.061488,-0.8479,0.60146,18.935,13.965,-0.91,-1.11,-1.1235,-1.4985,0
05/22/2025 13:41:52.633,0.099064,-0.798368,0.606096,19.25,9.31,9.135,-1.092,-1.1235,-1.503,0
05/22/2025 13:41:52.653,0.1342,-0.86498,0.596336,13.86,8.085,19.215,-1.0815,-1.116,-1.518,0
05/22/2025 13:41:52.673,0.184464,-0.871324,0.643428,25.165,5.53,32.725,-1.0845,-1.1355,-1.521,0
05/22/2025 13:41:52.693,0.203984,-0.832772,0.65026,28.105,3.045,38.885,-1.0845,-1.1355,-1.521,0
05/22/2025 13:41:52.713,0.216184,-0.798368,0.619272,23.835,1.19,42.945,-1.101,-1.104,-1.545,0
05/22/2025 13:41:52.733,0.228872,-0.762744,0.571448,15.19,-0.805,46.27,-1.0485,-1.083,-1.536,0
05/22/2025 13:41:52.753,0.230824,-0.745908,0.530212,4.69,-2.765,48.23,-1.0485,-1.0935,-1.551,0
05/22/2025 13:41:52.773,0.219112,-0.673684,0.532164,-3.29,-7.14,48.265,-1.0425,-1.071,-1.566,0
05/22/2025 13:41:52.793,0.225944,-0.604144,0.546804,-8.575,-13.685,45.57,-1.0395,-1.038,-1.554,0
05/22/2025 13:41:52.813,0.246928,-0.58438,0.518988,-13.58,-20.93,39.585,-1.035,-1.0185,-1.554,0
05/22/2025 13:41:52.833,0.295484,-0.62586,0.521428,-15.47,-27.51,33.565,-1.092,-0.972,-1.557,0
05/22/2025 13:41:52.853,0.373808,-0.7259,0.56974,-20.125,-30.31,32.55,-1.0695,-0.981,-1.548,0
05/22/2025 13:41:52.873,0.399184,-0.798856,0.621468,-17.29,-29.96,33.67,-1.0695,-0.9615,-1.5525,0
05/22/2025 13:41:52.893,0.4026,-0.8052,0.641964,-12.425,-28.455,37.835,-1.059,-0.936,-1.533,0
05/22/2025 13:41:52.913,0.381616,-0.847412,0.587796,-10.57,-25.305,43.575,-1.0545,-0.936,-1.5105,0
05/22/2025 13:41:52.933,0.350872,-0.851316,0.56974,-5.32,-20.825,46.62,-1.0245,-0.9105,-1.5015,0
05/22/2025 13:41:52.953,0.324032,-0.818132,0.569008,-0.56,-14.105,41.72,-1.0245,-0.9105,-1.5015,0
05/22/2025 13:41:52.973,0.31476,-0.772992,0.567056,0.56,-10.99,31.36,-1.0245,-0.9105,-1.5015,0
05/22/2025 13:41:52.993,0.307196,-0.734196,0.582184,-8.12,-7.945,20.195,-1.0005,-0.828,-1.5015,0
05/22/2025 13:41:53.013,0.295484,-0.738832,0.57462,-21.665,-4.97,10.22,-1.0005,-0.843,-1.521,0
05/22/2025 13:41:53.033,0.282796,-0.74054,0.528504,-30.45,-1.925,3.115,-0.9675,-0.858,-1.524,0
05/22/2025 13:41:53.053,0.255468,-0.773236,0.513864,-34.93,0.175,-0.42,-0.96,-0.813,-1.5045,0
05/22/2025 13:41:53.073,0.261568,-0.799832,0.51118,-36.82,-0.805,-2.205,-0.945,-0.8205,-1.512,0
05/22/2025 13:41:53.093,0.26108,-0.86376,0.478484,-36.05,-3.15,-3.325,-0.9315,-0.795,-1.5195,0
05/22/2025 13:41:53.113,0.259616,-0.852292,0.4819,-30.275,-7.63,-6.125,-0.942,-0.78,-1.512,0
05/22/2025 13:41:53.133,0.274256,-0.848632,0.483852,-28.175,-12.215,-7.525,-0.939,-0.765,-1.524,0
05/22/2025 13:41:53.153,0.282796,-0.832772,0.523136,-28.385,-15.575,-4.305,-0.957,-0.7455,-1.497,0
05/22/2025 13:41:53.173,0.266204,-0.906948,0.49532,-28.525,-18.515,-0.805,-0.954,-0.738,-1.5165,0
05/22/2025 13:41:53.193,0.243756,-0.871324,0.470432,-19.18,-19.285,2.87,-0.9495,-0.738,-1.497,0
05/22/2025 13:41:53.213,0.215208,-0.804712,0.487512,-9.905,-14.525,5.04,-0.9435,-0.7335,-1.5045,0
05/22/2025 13:41:53.233,0.22326,-0.723704,0.53314,-7,-9.695,2.065,-0.9435,-0.7335,-1.5045,0
05/22/2025 13:41:53.253,0.224236,-0.679296,0.556564,-13.195,-4.41,-2.275,-0.954,-0.7155,-1.4865,0
05/22/2025 13:41:53.273,0.248148,-0.711504,0.54168,-28.07,-0.07,-7.49,-0.9765,-0.723,-1.494,0
05/22/2025 13:41:53.293,0.258152,-0.792756,0.548024,-35.84,5.6,-11.095,-0.954,-0.708,-1.4865,0
05/22/2025 13:41:53.313,0.257664,-0.851804,0.541192,-36.855,10.15,-13.615,-0.969,-0.7005,-1.494,0
05/22/2025 13:41:53.333,0.256932,-0.887184,0.542412,-33.285,12.425,-12.775,-0.969,-0.7005,-1.494,0
05/22/2025 13:41:53.353,0.259128,-0.915488,0.528748,-27.125,11.935,-10.15,-0.9945,-0.6765,-1.458,0
05/22/2025 13:41:53.373,0.259128,-0.958432,0.511912,-18.305,9.485,-6.3,-0.969,-0.681,-1.4685,0
05/22/2025 13:41:53.393,0.24278,-0.947696,0.493856,-6.475,5.04,-2.1,-0.957,-0.681,-1.4565,0
05/22/2025 13:41:53.413,0.2501,-0.9211,0.484828,2.835,-0.49,2.1,-0.969,-0.663,-1.4565,0
05/22/2025 13:41:53.433,0.245708,-0.890356,0.47458,7.035,-4.2,5.985,-0.9825,-0.681,-1.4415,0
05/22/2025 13:41:53.453,0.238388,-0.851316,0.483852,9.17,-4.795,8.26,-0.9645,-0.663,-1.446,0
05/22/2025 13:41:53.473,0.226432,-0.808372,0.493856,9.66,-3.43,8.26,-0.987,-0.669,-1.4385,0
05/22/2025 13:41:53.493,0.211304,-0.815204,0.480436,6.93,-0.525,5.67,-0.9495,-0.696,-1.464,0
05/22/2025 13:41:53.513,0.213012,-0.78934,0.488976,4.095,1.575,3.57,-0.9165,-0.678,-1.467,0
05/22/2025 13:41:53.533,0.214476,-0.829112,0.4758,-2.17,1.575,2.205,-0.9645,-0.678,-1.4685,0
05/22/2025 13:41:53.553,0.215208,-0.853756,0.460428,-4.27,0.98,2.205,-0.936,-0.6855,-1.479,0
05/22/2025 13:41:53.573,0.229604,-0.896212,0.449936,-0.49,-0.525,3.22,-0.987,-0.7035,-1.473,0
05/22/2025 13:41:53.593,0.234484,-0.906216,0.415288,6.685,-3.92,4.34,-0.972,-0.7185,-1.479,0
05/22/2025 13:41:53.613,0.24034,-0.847168,0.446032,8.19,-6.72,6.125,-0.987,-0.7155,-1.4685,0
05/22/2025 13:41:53.633,0.238388,-0.873276,0.446764,2.1,-9.59,7.245,-0.9945,-0.711,-1.4685,0
05/22/2025 13:41:53.653,0.243512,-0.858392,0.456768,1.61,-11.48,7.385,-0.975,-0.711,-1.4685,0
05/22/2025 13:41:53.673,0.242292,-0.847168,0.44774,1.33,-12.705,7.56,-1.005,-0.7065,-1.4805,0
05/22/2025 13:41:53.693,0.242292,-0.856684,0.44286,-0.245,-13.265,7.21,-1.005,-0.696,-1.4535,0
05/22/2025 13:41:53.713,0.241072,-0.859856,0.439932,-1.365,-12.81,6.23,-1.0305,-0.7065,-1.4235,0
05/22/2025 13:41:53.733,0.24156,-0.8906,0.432612,-1.505,-11.76,5.25,-1.041,-0.6915,-1.4205,0
05/22/2025 13:41:53.753,0.234728,-0.851804,0.474336,2.03,-8.925,6.475,-1.053,-0.699,-1.4205,0
05/22/2025 13:41:53.773,0.22814,-0.877424,0.478972,0.175,-9.24,7.14,-1.053,-0.699,-1.4205,0
05/22/2025 13:41:53.793,0.23424,-0.87352,0.45872,0.14,-10.115,6.93,-1.038,-0.684,-1.41,0
05/22/2025 13:41:53.813,0.241804,-0.844972,0.464332,0.49,-8.05,5.74,-1.0335,-0.7035,-1.401,0
05/22/2025 13:41:53.833,0.247172,-0.856928,0.458476,2.1,-4.235,6.125,-1.0335,-0.699,-1.386,0
05/22/2025 13:41:53.853,0.2379,-0.858148,0.463356,5.145,-2.45,4.69,-1.044,-0.7035,-1.386,0
05/22/2025 13:41:53.873,0.260348,-0.86254,0.456524,6.195,-2.45,3.64,-1.083,-0.7095,-1.353,0
05/22/2025 13:41:53.893,0.261568,-0.822768,0.556564,2.87,1.085,3.99,-1.05,-0.729,-1.3785,0
05/22/2025 13:41:53.913,0.283528,-0.918416,0.54534,-10.71,2.275,4.375,-1.0575,-0.7065,-1.365,0
05/22/2025 13:41:53.933,0.276208,-0.90646,0.496784,-3.64,3.185,3.815,-1.059,-0.696,-1.38,0
05/22/2025 13:41:53.953,0.30256,-0.934764,0.514596,3.045,3.22,4.34,-1.0425,-0.711,-1.356,0
05/22/2025 13:41:53.973,0.335744,-0.963312,0.542168,5.425,0.84,5.355,-1.0395,-0.6915,-1.368,0
05/22/2025 13:41:53.993,0.332816,-0.947452,0.559492,3.465,-1.33,8.96,-1.0245,-0.7155,-1.359,0
05/22/2025 13:41:54.013,0.308904,-0.955748,0.551928,1.4,-1.47,14.735,-1.0515,-0.711,-1.3755,0
05/22/2025 13:41:54.033,0.290848,-1.016016,0.548024,2.275,0.175,22.995,-1.0515,-0.711,-1.3755,0
05/22/2025 13:41:54.053,0.295972,-0.998692,0.580232,7.665,-0.21,27.37,-1.026,-0.7065,-1.386,0
05/22/2025 13:41:54.073,0.293532,-1.029192,0.591944,10.115,0.84,33.845,-1.029,-0.696,-1.398,0
05/22/2025 13:41:54.093,0.274012,-1.031876,0.595116,11.9,3.22,40.88,-1.026,-0.711,-1.3935,0
05/22/2025 13:41:54.113,0.233264,-1.007232,0.580232,8.225,6.615,47.81,-1.0035,-0.693,-1.3935,0
05/22/2025 13:41:54.133,0.19032,-0.985272,0.56486,1.54,8.365,53.375,-0.99,-0.6615,-1.431,0
05/22/2025 13:41:54.153,0.135664,-0.985272,0.5612,-2.205,10.5,57.82,-0.975,-0.6555,-1.404,0
05/22/2025 13:41:54.173,0.103944,-0.951844,0.523624,-2.345,12.005,61.32,-0.9675,-0.678,-1.407,0
05/22/2025 13:41:54.193,0.08295999,-0.959652,0.506056,2.065,14.245,64.68,-0.924,-0.6255,-1.41,0
05/22/2025 13:41:54.213,0.060024,-0.983808,0.513376,8.33,16.52,67.62,-0.9015,-0.6255,-1.4205,0
05/22/2025 13:41:54.233,0.032696,-0.971608,0.508008,13.405,17.01,70.63,-0.8835,-0.6225,-1.428,0
05/22/2025 13:41:54.253,0.013664,-0.95526,0.50996,19.915,19.74,73.99,-0.81,-0.639,-1.4445,0
05/22/2025 13:41:54.273,-0.030744,-0.91744,0.510204,20.65,20.93,76.65,-0.81,-0.6045,-1.461,0
05/22/2025 13:41:54.293,-0.053436,-0.879132,0.488488,14.595,20.86,80.22,-0.774,-0.591,-1.4595,0
05/22/2025 13:41:54.313,-0.07442,-0.85888,0.477508,13.37,21.84,81.2,-0.7365,-0.6105,-1.473,0
05/22/2025 13:41:54.333,-0.096624,-0.860344,0.485316,13.51,22.015,83.055,-0.696,-0.615,-1.461,0
05/22/2025 13:41:54.353,-0.126148,-0.812276,0.48434,8.61,20.545,83.685,-0.6585,-0.63,-1.482,0
05/22/2025 13:41:54.373,-0.140788,-0.8113,0.464576,3.71,18.48,83.125,-0.63,-0.6075,-1.485,0
05/22/2025 13:41:54.393,-0.17202,-0.845948,0.472872,3.815,18.375,83.79,-0.567,-0.6015,-1.476,0
05/22/2025 13:41:54.413,-0.176168,-0.807884,0.476044,3.78,15.225,84.315,-0.534,-0.6135,-1.521,0
05/22/2025 13:41:54.433,-0.215452,-0.751764,0.475068,5.635,15.365,83.93,-0.4905,-0.606,-1.5345,0
05/22/2025 13:41:54.453,-0.243756,-0.738344,0.454816,12.11,13.475,81.69,-0.4695,-0.588,-1.554,0
05/22/2025 13:41:54.473,-0.243024,-0.715652,0.454816,12.81,8.715,79.065,-0.462,-0.5805,-1.545,0
05/22/2025 13:41:54.493,-0.267912,-0.693936,0.441396,12.705,5.635,76.125,-0.432,-0.618,-1.56,0
05/22/2025 13:41:54.513,-0.310368,-0.680028,0.461892,16.695,5.04,73.885,-0.42,-0.6,-1.5525,0
05/22/2025 13:41:54.533,-0.317444,-0.689544,0.492148,16.1,1.4,71.89,-0.384,-0.612,-1.554,0
05/22/2025 13:41:54.553,-0.326716,-0.698816,0.509716,12.635,-2.17,68.67,-0.354,-0.6015,-1.5615,0
05/22/2025 13:41:54.573,-0.346236,-0.727364,0.53314,15.68,-2.87,68.565,-0.354,-0.6015,-1.5615,0
05/22/2025 13:41:54.593,-0.386252,-0.689056,0.530456,19.075,-1.155,68.81,-0.351,-0.612,-1.5795,0
05/22/2025 13:41:54.613,-0.412848,-0.666852,0.517036,18.41,-0.7,68.985,-0.321,-0.5985,-1.557,0
05/22/2025 13:41:54.633,-0.429684,-0.684664,0.531676,16.03,-0.14,69.125,-0.2955,-0.609,-1.5675,0
05/22/2025 13:41:54.653,-0.445544,-0.67954,0.55022,12.81,0.735,68.845,-0.255,-0.633,-1.593,0
05/22/2025 13:41:54.673,-0.479216,-0.642208,0.558272,12.53,1.155,67.795,-0.2355,-0.633,-1.581,0
05/22/2025 13:41:54.693,-0.50142,-0.614636,0.555588,14.21,2.24,66.325,-0.258,-0.6285,-1.578,0
05/22/2025 13:41:54.713,-0.518744,-0.620492,0.558028,14.14,1.33,64.785,-0.2055,-0.6225,-1.584,0
05/22/2025 13:41:54.733,-0.52094,-0.616588,0.560224,15.295,0.07,63.77,-0.1905,-0.645,-1.575,0
05/22/2025 13:41:54.753,-0.537044,-0.593408,0.563396,22.05,0.315,62.615,-0.18,-0.6375,-1.587,0
05/22/2025 13:41:54.773,-0.5246,-0.62586,0.565104,22.47,-1.61,62.23,-0.186,-0.6525,-1.5645,0
05/22/2025 13:41:54.793,-0.534116,-0.586332,0.566568,21,-2.66,63.56,-0.186,-0.6525,-1.5645,0
05/22/2025 13:41:54.813,-0.538508,-0.532408,0.568276,22.05,-3.36,63.21,-0.15,-0.669,-1.593,0
05/22/2025 13:41:54.833,-0.538996,-0.53192,0.551928,21.42,-0.175,67.515,-0.1275,-0.6615,-1.5855,0
05/22/2025 13:41:54.853,-0.541192,-0.500444,0.571936,20.895,-0.455,67.83,-0.1125,-0.6735,-1.596,0
05/22/2025 13:41:54.873,-0.577304,-0.471652,0.577304,18.83,1.225,65.415,-0.084,-0.669,-1.6095,0
05/22/2025 13:41:54.893,-0.570472,-0.423584,0.573644,18.585,-0.035,61.95,-0.0945,-0.699,-1.5915,0
05/22/2025 13:41:54.913,-0.580232,-0.407724,0.581208,18.515,0.245,58.66,-0.0615,-0.696,-1.644,0
05/22/2025 13:41:54.933,-0.599508,-0.368684,0.597068,18.55,0.525,55.125,-0.0585,-0.6855,-1.6245,0
05/22/2025 13:41:54.953,-0.625128,-0.350628,0.593408,16.94,0.56,50.05,-0.084,-0.696,-1.6365,0
05/22/2025 13:41:54.973,-0.6405,-0.337208,0.599264,16.87,1.085,45.185,-0.036,-0.693,-1.62,0
05/22/2025 13:41:54.993,-0.63928,-0.30744,0.60878,20.3,0.875,39.725,-0.0315,-0.693,-1.6275,0
05/22/2025 13:41:55.013,-0.66124,-0.283528,0.60878,22.4,2.1,33.11,-0.051,-0.6705,-1.635,0
05/22/2025 13:41:55.033,-0.650016,-0.295728,0.614636,21.455,1.715,26.915,-0.0465,-0.7005,-1.632,0
05/22/2025 13:41:55.053,-0.656116,-0.315492,0.620248,20.51,2.135,21.875,-0.051,-0.6855,-1.6245,0
05/22/2025 13:41:55.073,-0.657824,-0.360632,0.625616,21.805,2.59,18.235,-0.0285,-0.7125,-1.6305,0
05/22/2025 13:41:55.093,-0.652456,-0.358192,0.637328,23.765,1.015,14.245,-0.009,-0.7125,-1.638,0
05/22/2025 13:41:55.113,-0.658312,-0.373564,0.621956,20.755,0.49,13.02,-0.009,-0.7125,-1.638,0
05/22/2025 13:41:55.133,-0.649284,-0.407968,0.613416,21,-1.05,13.16,-0.0315,-0.711,-1.6425,0
05/22/2025 13:41:55.153,-0.655872,-0.416508,0.6222,23.275,-1.75,14.665,-0.0165,-0.7275,-1.626,0
05/22/2025 13:41:55.173,-0.660752,-0.389668,0.637816,28.49,-2.59,15.54,0.0045,-0.7575,-1.6335,0
05/22/2025 13:41:55.193,-0.668072,-0.340868,0.6466,32.27,-2.03,17.15,-0.0135,-0.765,-1.653,0
05/22/2025 13:41:55.213,-0.662216,-0.33916,0.660996,31.22,-1.505,18.445,0,-0.7995,-1.671,0
05/22/2025 13:41:55.233,-0.66246,-0.276696,0.677588,26.11,-0.175,18.725,0.0165,-0.807,-1.644,0
05/22/2025 13:41:55.253,-0.672952,-0.272792,0.658312,20.055,0.77,16.765,-0.009,-0.807,-1.6635,0
05/22/2025 13:41:55.273,-0.685152,-0.269376,0.638548,19.53,1.05,15.015,0.0015,-0.8475,-1.6665,0
05/22/2025 13:41:55.293,-0.670268,-0.255468,0.6283,20.51,0.665,12.985,-0.0165,-0.825,-1.668,0
05/22/2025 13:41:55.313,-0.649284,-0.263276,0.631228,21.245,1.26,11.375,-0.0045,-0.8145,-1.6755,0
05/22/2025 13:41:55.333,-0.656604,-0.271084,0.633424,22.26,3.64,11.06,0.024,-0.8445,-1.6665,0
05/22/2025 13:41:55.353,-0.668072,-0.240096,0.63806,20.37,4.305,10.15,-0.015,-0.8745,-1.686,0
05/22/2025 13:41:55.373,-0.66978,-0.288652,0.644404,11.83,4.655,9.24,-0.015,-0.8745,-1.686,0
05/22/2025 13:41:55.393,-0.682956,-0.31964,0.648796,9.8,3.955,9.835,-0.015,-0.8745,-1.686,0
05/22/2025 13:41:55.413,-0.683444,-0.316224,0.65636,12.005,3.29,12.04,0.027,-0.8715,-1.6995,0
05/22/2025 13:41:55.433,-0.69174,-0.267912,0.654652,15.89,2.625,14.665,-0.0015,-0.8445,-1.701,0
05/22/2025 13:41:55.453,-0.713456,-0.221064,0.646112,17.675,2.205,16.205,0,-0.8595,-1.716,0
05/22/2025 13:41:55.473,-0.708576,-0.178364,0.633668,20.65,0.525,15.68,0.03,-0.867,-1.704,0
05/22/2025 13:41:55.493,-0.709308,-0.152012,0.650504,22.12,-0.14,13.86,0.012,-0.885,-1.7235,0
05/22/2025 13:41:55.513,-0.719068,-0.110044,0.664168,24.465,-0.28,10.605,0.015,-0.9075,-1.731,0
05/22/2025 13:41:55.533,-0.703696,-0.10858,0.682224,23.905,-1.645,5.985,0.0495,-0.9585,-1.7175,0
05/22/2025 13:41:55.553,-0.697352,-0.129808,0.692716,19.845,-1.925,2.31,0.0615,-0.951,-1.7325,0
05/22/2025 13:41:55.573,-0.6832,-0.168116,0.703452,17.22,-2.59,-0.665,0.0465,-0.9315,-1.71,0
05/22/2025 13:41:55.593,-0.66734,-0.217648,0.691984,15.645,-2.205,-1.085,0.039,-0.9495,-1.71,0
05/22/2025 13:41:55.613,-0.682224,-0.244488,0.68076,15.19,-0.805,-0.14,0.066,-0.996,-1.7205,0
05/22/2025 13:41:55.633,-0.683688,-0.22814,0.676612,16.17,1.68,4.375,0.0615,-0.9735,-1.7325,0
05/22/2025 13:41:55.653,-0.704184,-0.218624,0.67954,15.575,5.25,7.28,0.0615,-0.9735,-1.7325,0
05/22/2025 13:41:55.673,-0.715408,-0.186172,0.66368,17.92,6.51,9.1,0.066,-1.056,-1.755,0
05/22/2025 13:41:55.693,-0.71858,-0.162748,0.625616,22.54,7.56,9.485,0.0765,-1.0455,-1.7505,0
05/22/2025 13:41:55.713,-0.725412,-0.13054,0.617076,36.26,6.93,8.54,0.084,-1.0455,-1.761,0
05/22/2025 13:41:55.733,-0.717848,-0.049776,0.636108,45.64,4.025,6.16,0.099,-1.056,-1.758,0
05/22/2025 13:41:55.753,-0.714188,-0.018544,0.641964,47.705,1.75,2.345,0.099,-1.056,-1.758,0
05/22/2025 13:41:55.773,-0.702476,-0.011468,0.652944,42.14,-1.505,-2.065,0.069,-1.083,-1.773,0
05/22/2025 13:41:55.793,-0.70516,-0.040504,0.679052,31.395,-2.87,-5.145,0.102,-1.1085,-1.806,0
05/22/2025 13:41:55.813,-0.674904,-0.138348,0.718092,18.165,-3.885,-4.55,0.1035,-1.143,-1.7985,0
05/22/2025 13:41:55.833,-0.682468,-0.164212,0.74786,10.22,-0.875,-1.855,0.0915,-1.1655,-1.821,0
05/22/2025 13:41:55.853,-0.687592,-0.1952,0.727608,3.185,1.855,0.945,0.099,-1.131,-1.794,0
05/22/2025 13:41:55.873,-0.706624,-0.202276,0.694424,3.43,4.69,4.305,0.081,-1.128,-1.803,0
05/22/2025 13:41:55.893,-0.723948,-0.109068,0.707112,6.93,4.445,7.07,0.0765,-1.104,-1.8225,0
05/22/2025 13:41:55.913,-0.735416,-0.04392,0.691252,9.135,3.85,7.665,0.0795,-1.1205,-1.8255,0
05/22/2025 13:41:55.933,-0.736392,0.010004,0.668072,9.59,2.555,6.265,0.117,-1.113,-1.806,0
05/22/2025 13:41:55.953,-0.733952,0.023424,0.672708,8.225,0.56,3.08,0.087,-1.161,-1.833,0
05/22/2025 13:41:55.973,-0.735904,0.01342,0.67466,7.07,-0.245,0.7,0.084,-1.1385,-1.845,0
05/22/2025 13:41:55.993,-0.711504,0.00122,0.681736,6.23,-1.575,-2.415,0.1095,-1.1325,-1.809,0
05/22/2025 13:41:56.013,-0.709796,-0.061,0.689788,4.515,-2.24,-5.285,0.0915,-1.1385,-1.818,0
05/22/2025 13:41:56.033,-0.69418,-0.088084,0.691496,5.53,-2.835,-6.055,0.099,-1.1505,-1.806,0
05/22/2025 13:41:56.053,-0.69052,-0.133224,0.689788,5.075,-2.24,-5.145,0.1215,-1.14,-1.8135,0
05/22/2025 13:41:56.073,-0.678564,-0.167628,0.696132,5.495,-1.645,-2.415,0.1035,-1.158,-1.821,0
05/22/2025 13:41:56.093,-0.696864,-0.178852,0.697352,6.16,0.98,1.75,0.1065,-1.158,-1.7985,0
05/22/2025 13:41:56.113,-0.703208,-0.131516,0.683688,8.4,2.835,5.565,0.0855,-1.1655,-1.7955,0
05/22/2025 13:41:56.133,-0.71492,-0.09028,0.667096,10.22,4.06,8.015,0.1005,-1.2075,-1.8165,0
05/22/2025 13:41:56.153,-0.713212,-0.039772,0.662948,10.955,3.57,8.155,0.111,-1.185,-1.8165,0
05/22/2025 13:41:56.173,-0.730292,0.011468,0.670756,12.74,2.38,5.985,0.111,-1.185,-1.8165,0
05/22/2025 13:41:56.193,-0.73688,0.04392,0.669536,11.9,1.645,3.85,0.111,-1.185,-1.8165,0
05/22/2025 13:41:56.213,-0.728584,0.057828,0.663192,8.47,0.035,0.385,0.111,-1.1505,-1.7985,0
05/22/2025 13:41:56.233,-0.717604,0.038796,0.64416,5.215,-0.49,-2.905,0.084,-1.1685,-1.818,0
05/22/2025 13:41:56.253,-0.70394,-0.016592,0.670512,4.2,-1.925,-4.97,0.114,-1.1805,-1.8435,0
05/22/2025 13:41:56.273,-0.69418,-0.054168,0.6893,4.06,-0.945,-4.97,0.1065,-1.1625,-1.8285,0
05/22/2025 13:41:56.293,-0.678564,-0.075396,0.712968,5.355,-0.595,-5.25,0.0945,-1.146,-1.836,0
05/22/2025 13:41:56.313,-0.687592,-0.104432,0.699548,3.99,1.295,-4.095,0.087,-1.1505,-1.833,0
05/22/2025 13:41:56.333,-0.69296,-0.106872,0.69906,3.92,1.995,-2.24,0.0795,-1.116,-1.8375,0
05/22/2025 13:41:56.353,-0.722728,-0.101016,0.697352,5.075,2.66,0.21,0.075,-1.1115,-1.8405,0
05/22/2025 13:41:56.373,-0.736148,-0.084424,0.68808,6.79,2.17,2.17,0.0795,-1.1205,-1.83,0
05/22/2025 13:41:56.393,-0.735904,-0.06734399,0.669536,8.225,0.56,2.905,0.072,-1.131,-1.8255,0
05/22/2025 13:41:56.413,-0.726876,-0.03294,0.665876,9.87,-1.155,4.34,0.084,-1.131,-1.833,0
05/22/2025 13:41:56.433,-0.727852,-0.022692,0.665144,10.85,-2.1,5.005,0.0555,-1.146,-1.803,0
05/22/2025 13:41:56.453,-0.723216,0.000244,0.673928,10.36,-2.66,5.6,0.0555,-1.146,-1.803,0
05/22/2025 13:41:56.473,-0.717848,0.021472,0.70272,7.245,-3.465,4.725,0.051,-1.1415,-1.83,0
05/22/2025 13:41:56.493,-0.720044,0.018788,0.712236,1.435,-2.205,3.78,0.069,-1.146,-1.818,0
05/22/2025 13:41:56.513,-0.711504,-0.000732,0.7015,-1.61,-0.91,2.415,0.069,-1.1685,-1.8255,0
05/22/2025 13:41:56.533,-0.706868,-0.034648,0.691252,-1.855,-0.105,1.715,0.0735,-1.1655,-1.7955,0
05/22/2025 13:41:56.553,-0.7076,-0.082228,0.680272,-0.84,0.56,2.485,0.0735,-1.191,-1.821,0
05/22/2025 13:41:56.573,-0.688568,-0.092476,0.685884,2.415,-0.14,2.45,0.0585,-1.158,-1.8075,0
05/22/2025 13:41:56.593,-0.700036,-0.047824,0.697108,5.215,1.19,2.94,0.0615,-1.1685,-1.8225,0
05/22/2025 13:41:56.613,-0.703696,-0.032452,0.714676,5.46,2.205,3.185,0.066,-1.161,-1.7985,0
05/22/2025 13:41:56.633,-0.71004,-0.036356,0.700768,2.275,3.115,3.57,0.0735,-1.1805,-1.7955,0
05/22/2025 13:41:56.653,-0.709552,-0.035868,0.69418,0.035,2.24,4.13,0.054,-1.149,-1.83,0
05/22/2025 13:41:56.673,-0.709064,-0.032696,0.678076,0.455,1.96,5.39,0.066,-1.1955,-1.8135,0
05/22/2025 13:41:56.693,-0.727364,-0.018544,0.687836,4.165,0.77,6.79,0.0855,-1.191,-1.8105,0
05/22/2025 13:41:56.713,-0.72834,0.028548,0.685152,6.545,0.035,7.105,0.0705,-1.188,-1.8135,0
05/22/2025 13:41:56.733,-0.728096,0.031476,0.687836,6.125,0.21,5.495,0.0555,-1.1835,-1.8105,0
05/22/2025 13:41:56.753,-0.712968,0.0549,0.686372,6.405,0.77,3.64,0.0705,-1.173,-1.818,0
05/22/2025 13:41:56.773,-0.69296,0.042212,0.670512,5.81,1.365,1.155,0.063,-1.1655,-1.815,0
05/22/2025 13:41:56.793,-0.689056,0.027084,0.67832,5.495,1.75,-0.35,0.078,-1.1835,-1.821,0
05/22/2025 13:41:56.813,-0.699548,0.005856,0.6893,5.39,2.275,-1.435,0.0765,-1.1805,-1.821,0
05/22/2025 13:41:56.833,-0.698084,-0.006344,0.69662,4.935,2.52,-2.03,0.0615,-1.1535,-1.8105,0
05/22/2025 13:41:56.853,-0.694912,0.005856,0.679784,3.57,3.29,-2.905,0.0705,-1.206,-1.8105,0
05/22/2025 13:41:56.873,-0.701256,-0.008052,0.643184,1.365,4.025,-3.64,0.0885,-1.1955,-1.7985,0
05/22/2025 13:41:56.893,-0.720044,-0.019276,0.651236,0.105,3.99,-2.485,0.0855,-1.2405,-1.809,0
05/22/2025 13:41:56.913,-0.714432,-0.02318,0.679052,-1.155,2.17,-1.295,0.0675,-1.218,-1.818,0
05/22/2025 13:41:56.933,-0.731756,-0.030012,0.683932,-1.61,1.715,0,0.075,-1.218,-1.806,0
05/22/2025 13:41:56.953,-0.731756,-0.005368,0.670268,-0.07,0.98,1.61,0.078,-1.2405,-1.8165,0
05/22/2025 13:41:56.973,-0.732488,0.014152,0.673196,1.435,-0.665,1.505,0.0885,-1.233,-1.8285,0
05/22/2025 13:41:56.993,-0.71858,0.037332,0.682224,1.015,-1.785,0.525,0.0885,-1.233,-1.8285,0
05/22/2025 13:41:57.013,-0.721752,0.035868,0.673196,0.07,-1.715,-1.4,0.1095,-1.287,-1.812,0
05/22/2025 13:41:57.033,-0.70516,0.026352,0.676612,-1.54,-2.485,-3.675,0.1035,-1.248,-1.8285,0
05/22/2025 13:41:57.053,-0.7076,0.01952,0.662704,-2.765,-1.75,-4.935,0.1035,-1.26,-1.839,0
05/22/2025 13:41:57.073,-0.695888,0.003416,0.670512,-5.005,-2.275,-5.53,0.123,-1.2495,-1.8345,0
05/22/2025 13:41:57.093,-0.703208,0.018788,0.668804,-9.03,-1.68,-5.775,0.108,-1.2525,-1.8315,0
05/22/2025 13:41:57.113,-0.697108,0.044408,0.655384,-16.1,-2.38,-6.405,0.093,-1.2555,-1.824,0
05/22/2025 13:41:57.133,-0.69174,0.043432,0.65514,-25.69,-3.325,-8.82,0.1125,-1.245,-1.797,0
05/22/2025 13:41:57.153,-0.678076,0.03416,0.630252,-36.33,-4.025,-11.9,0.1005,-1.233,-1.839,0
05/22/2025 13:41:57.173,-0.66246,0.04148,0.619028,-44.555,-4.48,-16.555,0.0885,-1.1955,-1.836,0
05/22/2025 13:41:57.193,-0.63806,0.080276,0.572424,-52.605,-4.795,-21.49,0.084,-1.1505,-1.821,0
05/22/2025 13:41:57.213,-0.621956,0.039284,0.546316,-60.9,-2.625,-27.125,0.084,-1.1505,-1.821,0
05/22/2025 13:41:57.233,-0.618296,0.017812,0.593164,-69.405,-2.94,-33.25,0.0885,-1.161,-1.8285,0
05/22/2025 13:41:57.253,-0.581208,-0.02806,0.647332,-77.7,1.365,-47.145,0.0915,-1.1355,-1.8255,0
05/22/2025 13:41:57.273,-0.565348,-0.05612,0.610976,-82.67,6.16,-56.21,0.0975,-1.0485,-1.7985,0
05/22/2025 13:41:57.293,-0.546072,-0.15006,0.559004,-89.495,9.38,-64.365,0.0975,-1.011,-1.761,0
05/22/2025 13:41:57.313,-0.567056,-0.213744,0.548756,-91.245,11.585,-70.98,0.078,-0.9735,-1.77,0
05/22/2025 13:41:57.333,-0.601216,-0.276696,0.548756,-89.53,13.02,-75.705,0.0855,-0.909,-1.7355,0
05/22/2025 13:41:57.353,-0.605852,-0.319396,0.546316,-83.09,12.355,-78.54,0.072,-0.909,-1.7295,0
05/22/2025 13:41:57.373,-0.633912,-0.399672,0.533384,-71.225,12.495,-79.625,0.0555,-0.8565,-1.7115,0
05/22/2025 13:41:57.393,-0.644648,-0.429684,0.530212,-59.255,11.55,-81.62,0.0375,-0.8565,-1.689,0
05/22/2025 13:41:57.413,-0.654896,-0.413336,0.544364,-49.315,8.4,-82.495,0.057,-0.792,-1.662,0
05/22/2025 13:41:57.433,-0.66612,-0.368684,0.530456,-40.46,6.65,-84.875,0.0345,-0.795,-1.674,0
05/22/2025 13:41:57.453,-0.66124,-0.368928,0.539728,-36.295,3.99,-85.715,0.0015,-0.7695,-1.6365,0
05/22/2025 13:41:57.473,-0.645868,-0.375272,0.518012,-34.335,2.66,-87.5,-0.021,-0.738,-1.65,0
05/22/2025 13:41:57.493,-0.632692,-0.399672,0.496296,-37.625,2.52,-90.125,-0.0255,-0.7335,-1.6725,0
05/22/2025 13:41:57.513,-0.599996,-0.457988,0.510204,-38.465,0.91,-95.445,-0.069,-0.7155,-1.62,0
05/22/2025 13:41:57.533,-0.569252,-0.487024,0.49288,-35.98,1.365,-99.085,-0.069,-0.7155,-1.62,0
05/22/2025 13:41:57.553,-0.510692,-0.547536,0.491172,-30.485,-2.205,-104.055,-0.132,-0.687,-1.6305,0
05/22/2025 13:41:57.573,-0.45872,-0.632692,0.48556,-22.33,-3.255,-106.89,-0.162,-0.6645,-1.632,0
05/22/2025 13:41:57.593,-0.427,-0.694424,0.505568,-16.485,-6.16,-108.115,-0.195,-0.6645,-1.602,0
05/22/2025 13:41:57.613,-0.403332,-0.752496,0.539484,-10.675,-7.49,-106.26,-0.213,-0.675,-1.584,0
05/22/2025 13:41:57.633,-0.349896,-0.811788,0.536312,-9.73,-10.185,-102.935,-0.264,-0.6855,-1.596,0
05/22/2025 13:41:57.653,-0.319152,-0.84912,0.541924,-11.41,-12.635,-97.755,-0.2685,-0.6705,-1.5735,0
05/22/2025 13:41:57.673,-0.346236,-0.923296,0.562908,-10.36,-8.89,-90.125,-0.3135,-0.6615,-1.602,0
05/22/2025 13:41:57.693,-0.305976,-0.930372,0.578036,-9.275,-11.305,-83.65,-0.354,-0.657,-1.5765,0
05/22/2025 13:41:57.713,-0.306464,-0.950136,0.575108,-8.19,-12.075,-78.96,-0.3525,-0.669,-1.572,0
05/22/2025 13:41:57.733,-0.300608,-0.919392,0.565836,-4.83,-10.78,-72.87,-0.387,-0.657,-1.5885,0
05/22/2025 13:41:57.753,-0.291824,-0.86742,0.569984,-2.94,-12.425,-68.845,-0.4095,-0.66,-1.593,0
05/22/2025 13:41:57.773,-0.308416,-0.80886,0.567056,-0.245,-11.69,-65.66,-0.4095,-0.672,-1.593,0
05/22/2025 13:41:57.793,-0.282308,-0.799832,0.583404,-2.835,-13.09,-63.14,-0.4095,-0.672,-1.593,0
05/22/2025 13:41:57.813,-0.25498,-0.829112,0.569252,-12.425,-12.635,-60.06,-0.4095,-0.672,-1.593,0
05/22/2025 13:41:57.833,-0.246684,-0.884988,0.558516,-22.645,-11.27,-56.49,-0.48,-0.6585,-1.587,0
05/22/2025 13:41:57.853,-0.224236,-0.910608,0.540704,-25.41,-11.9,-51.905,-0.4755,-0.6705,-1.587,0
05/22/2025 13:41:57.873,-0.229604,-0.915,0.530456,-22.82,-12.18,-48.58,-0.5085,-0.654,-1.569,0
05/22/2025 13:41:57.893,-0.205204,-0.915,0.515084,-15.75,-13.265,-47.355,-0.516,-0.6285,-1.566,0
05/22/2025 13:41:57.913,-0.21472,-0.888648,0.519964,-6.405,-11.9,-46.06,-0.516,-0.654,-1.569,0
05/22/2025 13:41:57.933,-0.185684,-0.820328,0.510448,-3.5,-15.05,-45.85,-0.5385,-0.627,-1.5705,0
05/22/2025 13:41:57.953,-0.172996,-0.901092,0.511424,-7.315,-15.4,-43.4,-0.5385,-0.636,-1.563,0
05/22/2025 13:41:57.973,-0.138592,-0.869372,0.501908,-9.03,-15.645,-40.985,-0.591,-0.6345,-1.5645,0
05/22/2025 13:41:57.993,-0.126636,-0.875716,0.491416,-12.775,-14.35,-40.635,-0.609,-0.6375,-1.5765,0
05/22/2025 13:41:58.013,-0.114192,-0.87718,0.482388,-15.365,-13.825,-41.475,-0.6315,-0.6495,-1.554,0
05/22/2025 13:41:58.033,-0.085156,-0.892796,0.485072,-13.965,-13.055,-41.3,-0.6465,-0.633,-1.551,0
05/22/2025 13:41:58.053,-0.05978,-0.893528,0.484828,-14.175,-12.075,-41.23,-0.642,-0.6255,-1.551,0
05/22/2025 13:41:58.073,-0.053192,-0.874252,0.474824,-11.865,-11.97,-40.74,-0.642,-0.6255,-1.551,0
05/22/2025 13:41:58.093,-0.028792,-0.920124,0.468236,-11.76,-14.595,-40.53,-0.705,-0.606,-1.5225,0
05/22/2025 13:41:58.113,-0.004392,-0.937936,0.493124,-9.66,-16.38,-39.165,-0.753,-0.6045,-1.539,0
05/22/2025 13:41:58.133,0.015128,-0.948184,0.50996,-1.75,-17.255,-37.065,-0.7275,-0.609,-1.5225,0
05/22/2025 13:41:58.153,0.007564,-0.945256,0.498492,5.67,-15.925,-34.265,-0.735,-0.5985,-1.512,0
05/22/2025 13:41:58.173,0.026596,-0.931592,0.5185,10.395,-16.17,-32.69,-0.735,-0.5985,-1.512,0
05/22/2025 13:41:58.193,0.033916,-0.888648,0.512644,16.555,-14.665,-31.815,-0.7635,-0.609,-1.5165,0
05/22/2025 13:41:58.213,0.050508,-0.87474,0.515328,20.09,-13.265,-31.185,-0.753,-0.636,-1.515,0
05/22/2025 13:41:58.233,0.061244,-0.853512,0.552904,20.615,-12.11,-31.185,-0.7815,-0.6315,-1.5045,0
05/22/2025 13:41:58.253,0.061244,-0.844484,0.574864,21.63,-9.94,-31.815,-0.7965,-0.657,-1.5135,0
05/22/2025 13:41:58.273,0.08174,-0.843508,0.535092,16.45,-10.43,-32.515,-0.804,-0.642,-1.5285,0
05/22/2025 13:41:58.293,0.103212,-0.846436,0.56974,11.55,-9.45,-32.13,-0.786,-0.6495,-1.524,0
05/22/2025 13:41:58.313,0.12932,-0.856196,0.568032,2.1,-9.03,-30.065,-0.807,-0.654,-1.5015,0
05/22/2025 13:41:58.333,0.12444,-0.881328,0.539728,-8.365,-7.245,-26.04,-0.807,-0.654,-1.5015,0
05/22/2025 13:41:58.353,0.129564,-0.882304,0.539728,-8.715,-5.845,-23.38,-0.804,-0.6495,-1.5135,0
05/22/2025 13:41:58.373,0.131272,-0.909632,0.527284,-8.085,-5.775,-21.77,-0.822,-0.6915,-1.5405,0
05/22/2025 13:41:58.393,0.121268,-0.92232,0.50508,-3.815,-5.88,-20.545,-0.831,-0.6525,-1.5435,0
05/22/2025 13:41:58.413,0.133468,-0.911828,0.50386,2.94,-6.93,-20.335,-0.834,-0.6795,-1.551,0
05/22/2025 13:41:58.433,0.133956,-0.875472,0.510204,12.215,-6.965,-19.985,-0.834,-0.687,-1.5405,0
05/22/2025 13:41:58.453,0.14518,-0.825452,0.518012,17.64,-7.56,-19.075,-0.8445,-0.702,-1.5405,0
05/22/2025 13:41:58.473,0.148108,-0.83814,0.510936,16.065,-7.21,-18.235,-0.8265,-0.69,-1.548,0
05/22/2025 13:41:58.493,0.17568,-0.831308,0.52094,7.98,-6.79,-17.255,-0.867,-0.717,-1.5375,0
05/22/2025 13:41:58.513,0.174216,-0.857904,0.538264,-5.25,-4.9,-15.365,-0.8565,-0.69,-1.563,0
05/22/2025 13:41:58.533,0.178852,-0.921832,0.549976,-11.55,-5.67,-14.035,-0.8505,-0.678,-1.5855,0
05/22/2025 13:41:58.553,0.181292,-0.894992,0.553392,-6.265,-5.565,-13.3,-0.897,-0.72,-1.572,0
05/22/2025 13:41:58.573,0.187636,-0.890844,0.559004,-2.415,-4.865,-11.06,-0.882,-0.693,-1.5495,0
05/22/2025 13:41:58.593,0.179828,-0.889868,0.541192,-8.05,-6.615,-6.755,-0.882,-0.693,-1.5495,0
05/22/2025 13:41:58.613,0.171288,-0.875716,0.5246,-6.93,-6.86,-5.495,-0.882,-0.693,-1.5495,0
05/22/2025 13:41:58.633,0.186416,-0.858636,0.51728,-4.69,-7.315,-4.76,-0.9075,-0.69,-1.5345,0
05/22/2025 13:41:58.653,0.180804,-0.836676,0.520208,-3.045,-6.405,-4.375,-0.918,-0.6885,-1.527,0
05/22/2025 13:41:58.673,0.18178,-0.834724,0.534848,-3.535,-5.985,-4.76,-0.9165,-0.6735,-1.5615,0
05/22/2025 13:41:58.693,0.18056,-0.819108,0.525576,-2.415,-5.915,-6.23,-0.912,-0.693,-1.542,0
05/22/2025 13:41:58.713,0.187392,-0.796416,0.525576,1.19,-5.915,-7.56,-0.915,-0.6825,-1.5165,0
05/22/2025 13:41:58.733,0.205692,-0.818376,0.512156,3.64,-6.195,-9.1,-0.933,-0.6705,-1.512,0
05/22/2025 13:41:58.753,0.224724,-0.80398,0.511912,5.005,-5.495,-10.185,-0.9075,-0.7005,-1.515,0
05/22/2025 13:41:58.773,0.23302,-0.816912,0.51972,4.095,-4.935,-11.305,-0.918,-0.6975,-1.512,0
05/22/2025 13:41:58.793,0.234484,-0.813008,0.524844,1.61,-5.005,-12.215,-0.9225,-0.7185,-1.5465,0
05/22/2025 13:41:58.813,0.232776,-0.833748,0.519232,-0.315,-5.11,-12.355,-0.936,-0.7155,-1.512,0
05/22/2025 13:41:58.833,0.241804,-0.836432,0.530212,0.455,-5.075,-12.32,-0.924,-0.7275,-1.509,0
05/22/2025 13:41:58.853,0.255468,-0.864004,0.50996,-0.28,-6.825,-11.585,-0.936,-0.7035,-1.5165,0
05/22/2025 13:41:58.873,0.253516,-0.850584,0.528504,1.12,-6.51,-10.01,-0.936,-0.7035,-1.5165,0
05/22/2025 13:41:58.893,0.263032,-0.869372,0.522648,0.49,-5.6,-7.805,-0.9705,-0.7035,-1.518,0
05/22/2025 13:41:58.913,0.271328,-0.9577,0.526796,-2.38,-3.92,-5.005,-0.987,-0.7335,-1.5135,0
05/22/2025 13:41:58.933,0.240096,-0.923784,0.557296,0.07,-0.525,-0.945,-1.005,-0.7365,-1.4985,0
05/22/2025 13:41:58.953,0.207156,-0.87108,0.54412,0,-0.07,1.26,-1.0095,-0.744,-1.53,0
05/22/2025 13:41:58.973,0.200568,-0.855708,0.526308,1.54,-1.19,3.115,-0.9915,-0.744,-1.506,0
05/22/2025 13:41:58.993,0.192028,-0.821792,0.521428,7.07,-2.415,3.745,-1.014,-0.729,-1.503,0
05/22/2025 13:41:59.013,0.201056,-0.837652,0.514352,10.395,-3.605,3.255,-1.002,-0.729,-1.491,0
05/22/2025 13:41:59.033,0.211548,-0.823744,0.510204,15.855,-4.305,2.52,-1.0575,-0.7245,-1.512,0
05/22/2025 13:41:59.053,0.228628,-0.773968,0.534604,19.635,-3.57,2.24,-1.05,-0.747,-1.4925,0
05/22/2025 13:41:59.073,0.234728,-0.788852,0.538508,14.49,-2.94,2.065,-1.0305,-0.741,-1.485,0
05/22/2025 13:41:59.093,0.251564,-0.814228,0.548024,4.06,-2.765,1.155,-1.05,-0.7395,-1.4895,0
05/22/2025 13:41:59.113,0.260348,-0.822524,0.541924,-0.77,-1.785,0.84,-1.056,-0.7515,-1.4745,0
05/22/2025 13:41:59.133,0.250832,-0.821304,0.53314,0.42,-0.35,1.435,-1.056,-0.7515,-1.4745,0
05/22/2025 13:41:59.153,0.250344,-0.812032,0.531676,2.8,-0.175,1.085,-1.056,-0.7515,-1.4745,0
05/22/2025 13:41:59.173,0.25376,-0.8174,0.537288,3.29,-0.14,0.49,-1.056,-0.7365,-1.455,0
05/22/2025 13:41:59.193,0.249612,-0.811788,0.528748,2.24,-0.14,0.245,-1.056,-0.747,-1.458,0
05/22/2025 13:41:59.213,0.244,-0.817888,0.526064,0.105,-0.525,0.315,-1.0635,-0.7545,-1.455,0
05/22/2025 13:41:59.233,0.242292,-0.803492,0.538752,-0.35,-1.365,0.28,-1.089,-0.774,-1.4445,0
05/22/2025 13:41:59.253,0.240096,-0.821548,0.524112,0,-2.73,0.42,-1.0845,-0.7695,-1.44,0
05/22/2025 13:41:59.273,0.22692,-0.822768,0.5185,2.94,-4.305,0.035,-1.044,-0.7785,-1.455,0
05/22/2025 13:41:59.293,0.227408,-0.82472,0.518256,11.41,-6.965,-1.015,-1.0755,-0.7365,-1.455,0
05/22/2025 13:41:59.313,0.231556,-0.80764,0.496296,19.88,-11.34,-2.87,-1.0665,-0.759,-1.4595,0
05/22/2025 13:41:59.333,0.208132,-0.675392,0.641964,19.775,-9.38,-3.85,-1.0665,-0.759,-1.44,0
05/22/2025 13:41:59.353,0.244732,-0.864492,0.551196,-11.55,-6.965,-1.26,-1.0635,-0.789,-1.458,0
05/22/2025 13:41:59.373,0.232532,-0.778848,0.552904,-2.485,-1.085,-3.745,-1.0815,-0.7965,-1.4475,0
05/22/2025 13:41:59.393,0.24766,-0.791536,0.532652,-5.04,0.175,-5.145,-1.056,-0.786,-1.4505,0
05/22/2025 13:41:59.413,0.262056,-0.79788,0.536312,-9.66,-0.77,-5.565,-1.056,-0.786,-1.4505,0
05/22/2025 13:41:59.433,0.271084,-0.842776,0.544364,-9.275,-3.185,-5.915,-1.0845,-0.774,-1.4295,0
05/22/2025 13:41:59.453,0.27816,-0.84424,0.571936,-1.085,-3.78,-5.775,-1.104,-0.762,-1.4565,0
05/22/2025 13:41:59.473,0.285724,-0.848632,0.56364,3.465,-4.55,-5.565,-1.089,-0.777,-1.44,0
05/22/2025 13:41:59.493,0.323788,-0.886696,0.51728,17.78,-7.42,-6.3,-1.1025,-0.7665,-1.41,0
05/22/2025 13:41:59.513,0.33184,-0.70638,0.523868,27.65,-7.49,-7.805,-1.089,-0.7845,-1.452,0
05/22/2025 13:41:59.533,0.325252,-0.746396,0.552904,18.935,-9.555,-8.225,-1.0845,-0.7695,-1.4145,0
05/22/2025 13:41:59.553,0.343796,-0.717848,0.555832,12.495,-9.835,-8.995,-1.0965,-0.7995,-1.4475,0
05/22/2025 13:41:59.573,0.340624,-0.760548,0.548512,6.58,-8.4,-9.625,-1.062,-0.789,-1.4505,0
05/22/2025 13:41:59.593,0.355508,-0.772992,0.538752,5.985,-7.35,-10.99,-1.062,-0.789,-1.4505,0
05/22/2025 13:41:59.613,0.375516,-0.772992,0.549488,9.275,-6.265,-12.46,-1.074,-0.789,-1.4355,0
05/22/2025 13:41:59.633,0.38552,-0.759572,0.545096,12.25,-4.655,-14.385,-1.0695,-0.7995,-1.4475,0
05/22/2025 13:41:59.653,0.394548,-0.726144,0.556808,9.17,-1.995,-14.735,-1.077,-0.7545,-1.4325,0
05/22/2025 13:41:59.673,0.383568,-0.737612,0.538996,-1.645,1.995,-15.33,-1.0695,-0.804,-1.4325,0
05/22/2025 13:41:59.693,0.370636,-0.737368,0.529968,-4.935,3.08,-15.505,-1.059,-0.786,-1.4505,0
05/22/2025 13:41:59.713,0.369904,-0.74054,0.5185,-8.26,2.695,-15.995,-1.0335,-0.8115,-1.473,0
05/22/2025 13:41:59.733,0.346236,-0.765672,0.495564,-11.55,2.555,-16.345,-1.038,-0.8085,-1.488,0
05/22/2025 13:41:59.753,0.32696,-0.759816,0.480192,-12.075,2.31,-17.29,-1.038,-0.789,-1.473,0
05/22/2025 13:41:59.773,0.309148,-0.748592,0.493856,-10.045,1.89,-18.725,-1.026,-0.828,-1.461,0
05/22/2025 13:41:59.793,0.306464,-0.77226,0.47702,-11.025,0.28,-19.845,-1.026,-0.8265,-1.4805,0
05/22/2025 13:41:59.813,0.313052,-0.824232,0.487024,-11.305,1.575,-20.23,-1.0485,-0.8115,-1.4925,0
05/22/2025 13:41:59.833,0.321104,-0.769332,0.514596,-7.98,6.825,-18.305,-1.041,-0.801,-1.485,0
05/22/2025 13:41:59.853,0.309636,-0.76738,0.557784,-9.065,13.16,-16.135,-1.038,-0.786,-1.4925,0
05/22/2025 13:41:59.873,0.298656,-0.766648,0.554124,-14.77,14.56,-15.155,-1.0455,-0.8115,-1.4955,0
05/22/2025 13:41:59.893,0.310856,-0.793976,0.52582,-17.85,14.35,-14.035,-1.05,-0.792,-1.503,0
05/22/2025 13:41:59.913,0.30866,-0.797392,0.514352,-14.805,15.33,-13.02,-1.0575,-0.792,-1.512,0
05/22/2025 13:41:59.933,0.30744,-0.811056,0.547048,-10.185,14.595,-12.845,-1.071,-0.7845,-1.5045,0
05/22/2025 13:41:59.953,0.319152,-0.803004,0.548756,-7.805,12.005,-13.335,-1.071,-0.7845,-1.5045,0
05/22/2025 13:41:59.973,0.326228,-0.828136,0.559736,-8.435,9.765,-11.725,-1.05,-0.7965,-1.5075,0
05/22/2025 13:41:59.993,0.331596,-0.8418,0.560468,-9.24,9.45,-9.31,-1.065,-0.7965,-1.512,0
05/22/2025 13:42:00.013,0.336476,-0.819596,0.54534,-8.785,8.295,-7.175,-1.05,-0.777,-1.5045,0
05/22/2025 13:42:00.033,0.315736,-0.806664,0.533384,-6.405,7.42,-5.32,-1.05,-0.7845,-1.5075,0
05/22/2025 13:42:00.053,0.327204,-0.770552,0.510204,-4.305,5.495,-4.97,-1.0635,-0.8115,-1.4925,0
05/22/2025 13:42:00.073,0.333548,-0.765672,0.498492,-3.395,7.035,-4.34,-1.0605,-0.7845,-1.4895,0
05/22/2025 13:42:00.093,0.352092,-0.737856,0.466772,-2.905,11.62,-4.41,-1.053,-0.7665,-1.485,0
05/22/2025 13:42:00.113,0.349652,-0.74542,0.504836,-5.355,19.145,-4.62,-1.068,-0.774,-1.4775,0
05/22/2025 13:42:00.133,0.332816,-0.74908,0.543144,-11.795,21.77,-6.58,-1.0785,-0.7845,-1.4895,0
05/22/2025 13:42:00.153,0.341844,-0.766892,0.526796,-19.495,16.975,-9.52,-1.065,-0.777,-1.5045,0
05/22/2025 13:42:00.173,0.344528,-0.863516,0.523624,-20.195,14.105,-9.485,-1.038,-0.7815,-1.4655,0
05/22/2025 13:42:00.193,0.328424,-0.88816,0.536068,-9.73,12.915,-7.595,-1.0365,-0.7935,-1.4685,0
05/22/2025 13:42:00.213,0.314028,-0.844728,0.54656,-4.76,7.525,-3.92,-1.0365,-0.7935,-1.4685,0
05/22/2025 13:42:00.233,0.304512,-0.8601,0.518744,-6.475,2.8,-1.295,-1.038,-0.7965,-1.485,0
05/22/2025 13:42:00.253,0.288164,-0.816668,0.51972,-3.57,0.665,0.56,-1.074,-0.8295,-1.497,0
05/22/2025 13:42:00.273,0.294508,-0.796904,0.516548,-0.7,-4.095,0.245,-1.056,-0.804,-1.473,0
05/22/2025 13:42:00.293,0.28792,-0.80032,0.519476,-2.975,-5.6,0.105,-1.068,-0.8115,-1.5045,0
05/22/2025 13:42:00.313,0.282552,-0.806664,0.505812,-3.71,-5.075,0.455,-1.077,-0.849,-1.4895,0
05/22/2025 13:42:00.333,0.285724,-0.80764,0.523136,-1.12,-2.94,1.26,-1.101,-0.8145,-1.4865,0
05/22/2025 13:42:00.353,0.283284,-0.804224,0.537532,-1.785,-1.61,2.31,-1.1235,-0.825,-1.5015,0
05/22/2025 13:42:00.373,0.282064,-0.802272,0.543144,-3.745,-1.05,2.625,-1.1115,-0.825,-1.479,0
05/22/2025 13:42:00.393,0.276208,-0.799832,0.532896,-7.7,-0.42,3.01,-1.1355,-0.825,-1.434,0
05/22/2025 13:42:00.413,0.276208,-0.814228,0.505324,-7.42,-0.315,3.29,-1.14,-0.8325,-1.464,0
05/22/2025 13:42:00.433,0.28182,-0.814228,0.508252,-4.55,0.385,2.8,-1.1505,-0.8175,-1.434,0
05/22/2025 13:42:00.453,0.295972,-0.837164,0.518988,-5.355,0.525,2.695,-1.1535,-0.84,-1.4235,0
05/22/2025 13:42:00.473,0.293288,-0.837408,0.515816,-4.9,-1.225,2.345,-1.158,-0.8295,-1.449,0
05/22/2025 13:42:00.493,0.30622,-0.821304,0.49776,-3.255,-3.01,2.275,-1.164,-0.8325,-1.3935,0
05/22/2025 13:42:00.513,0.315248,-0.800808,0.48556,-0.805,-4.235,2.905,-1.1775,-0.8475,-1.3665,0
05/22/2025 13:42:00.533,0.330132,-0.80154,0.481656,0.455,-5.95,3.395,-1.1775,-0.8475,-1.3665,0
05/22/2025 13:42:00.553,0.337696,-0.816912,0.471652,3.185,-7.91,4.235,-1.1445,-0.837,-1.377,0
05/22/2025 13:42:00.573,0.351116,-0.804224,0.469456,8.82,-9.555,5.67,-1.1895,-0.8445,-1.374,0
05/22/2025 13:42:00.593,0.357704,-0.81374,0.488488,12.565,-10.815,6.895,-1.1625,-0.8445,-1.3665,0
05/22/2025 13:42:00.613,0.348432,-0.807396,0.504836,15.715,-13.02,7.315,-1.1475,-0.8445,-1.335,0
05/22/2025 13:42:00.633,0.350628,-0.79666,0.506788,15.435,-14.385,8.225,-1.1475,-0.822,-1.3425,0
05/22/2025 13:42:00.653,0.350384,-0.793488,0.514108,14.21,-14.455,8.295,-1.152,-0.834,-1.359,0
05/22/2025 13:42:00.673,0.344528,-0.775676,0.514108,13.51,-14.14,7.98,-1.1625,-0.8415,-1.359,0
05/22/2025 13:42:00.693,0.346724,-0.77592,0.513132,10.535,-13.545,7.28,-1.1415,-0.822,-1.3545,0
05/22/2025 13:42:00.713,0.338672,-0.775188,0.501908,7.49,-12.425,6.335,-1.182,-0.855,-1.3635,0
05/22/2025 13:42:00.733,0.343552,-0.782752,0.504104,5.11,-11.375,5.46,-1.1655,-0.8415,-1.332,0
05/22/2025 13:42:00.753,0.333548,-0.792756,0.510204,4.55,-7.7,5.32,-1.1655,-0.8415,-1.332,0
05/22/2025 13:42:00.773,0.329888,-0.800076,0.505568,3.955,-6.86,4.865,-1.1595,-0.852,-1.3545,0
05/22/2025 13:42:00.793,0.304756,-0.813984,0.515328,4.655,-5.495,4.2,-1.17,-0.852,-1.362,0
05/22/2025 13:42:00.813,0.306952,-0.781776,0.52338,4.235,-4.585,3.395,-1.1985,-0.8295,-1.314,0
05/22/2025 13:42:00.833,0.299632,-0.79788,0.533628,-1.33,-2.065,3.045,-1.1775,-0.825,-1.332,0
05/22/2025 13:42:00.853,0.295972,-0.795196,0.54656,-2.345,-1.155,1.925,-1.179,-0.8025,-1.356,0
05/22/2025 13:42:00.873,0.295728,-0.80764,0.552172,-1.47,-0.63,2.31,-1.188,-0.8295,-1.326,0
05/22/2025 13:42:00.893,0.287188,-0.780312,0.542168,-1.435,-1.435,2.66,-1.1895,-0.795,-1.3365,0
05/22/2025 13:42:00.913,0.305,-0.799832,0.528504,-3.85,-2.975,2.8,-1.1805,-0.8145,-1.3215,0
05/22/2025 13:42:00.933,0.307928,-0.791048,0.524112,-3.395,-3.29,3.36,-1.1475,-0.8295,-1.335,0
05/22/2025 13:42:00.953,0.315736,-0.796416,0.508252,-3.325,-4.62,4.025,-1.1415,-0.804,-1.3395,0
05/22/2025 13:42:00.973,0.326228,-0.789584,0.498248,-1.75,-6.02,4.69,-1.137,-0.789,-1.3275,0
05/22/2025 13:42:00.993,0.33306,-0.809348,0.498248,0.28,-7.21,5.915,-1.122,-0.7965,-1.3395,0
05/22/2025 13:42:01.013,0.326716,-0.789828,0.503616,4.83,-8.365,7.035,-1.137,-0.7965,-1.3125,0
05/22/2025 13:42:01.033,0.332816,-0.791536,0.491172,5.95,-9.135,7.245,-1.107,-0.7785,-1.3275,0
05/22/2025 13:42:01.053,0.330376,-0.79422,0.49654,6.965,-8.82,7.49,-1.086,-0.771,-1.3425,0
05/22/2025 13:42:01.073,0.325984,-0.796416,0.508984,8.05,-8.645,7.7,-1.0785,-0.7815,-1.356,0
05/22/2025 13:42:01.093,0.323544,-0.798856,0.506544,8.015,-8.61,7.91,-1.086,-0.7785,-1.3455,0
05/22/2025 13:42:01.113,0.327204,-0.794952,0.504592,6.58,-8.75,7.84,-1.071,-0.786,-1.3635,0
05/22/2025 13:42:01.133,0.324276,-0.80032,0.515328,5.005,-8.19,8.225,-1.092,-0.762,-1.395,0
05/22/2025 13:42:01.153,0.322812,-0.800564,0.521184,6.125,-7.525,8.47,-1.0935,-0.7665,-1.365,0
05/22/2025 13:42:01.173,0.310612,-0.779092,0.51972,5.04,-6.825,8.47,-1.095,-0.7665,-1.4025,0
05/22/2025 13:42:01.193,0.309636,-0.789828,0.516304,1.89,-6.405,7.84,-1.0695,-0.774,-1.4025,0
05/22/2025 13:42:01.213,0.305976,-0.811056,0.514108,2.66,-6.405,7.49,-1.092,-0.747,-1.4025,0
05/22/2025 13:42:01.233,0.306464,-0.804712,0.509716,4.97,-6.545,8.05,-1.077,-0.7515,-1.398,0
05/22/2025 13:42:01.253,0.29768,-0.811544,0.509716,7.315,-6.125,9.065,-1.089,-0.7665,-1.425,0
05/22/2025 13:42:01.273,0.304268,-0.809592,0.510204,12.775,-4.445,9.835,-1.0965,-0.7365,-1.4265,0
05/22/2025 13:42:01.293,0.3172,-0.8174,0.514352,15.645,-2.94,7.91,-1.0965,-0.7365,-1.4265,0
05/22/2025 13:42:01.313,0.331108,-0.83692,0.531676,17.99,-1.575,4.06,-1.0815,-0.747,-1.4295,0
05/22/2025 13:42:01.333,0.345504,-0.850096,0.536556,18.655,-1.295,-1.015,-1.0965,-0.7545,-1.422,0
05/22/2025 13:42:01.353,0.346724,-0.8296,0.532896,15.505,-0.875,-6.09,-1.089,-0.759,-1.44,0
05/22/2025 13:42:01.373,0.34282,-0.80642,0.521672,10.29,0.175,-10.85,-1.0965,-0.735,-1.449,0
05/22/2025 13:42:01.393,0.337696,-0.793976,0.511668,6.65,1.995,-14.665,-1.0515,-0.7635,-1.455,0
05/22/2025 13:42:01.413,0.327448,-0.78202,0.493368,3.395,5.985,-16.485,-1.1175,-0.78,-1.4415,0
05/22/2025 13:42:01.433,0.314272,-0.766648,0.492148,1.575,10.36,-17.71,-1.0845,-0.789,-1.44,0
05/22/2025 13:42:01.453,0.310856,-0.782508,0.50264,0.665,13.335,-18.725,-1.089,-0.7695,-1.455,0
05/22/2025 13:42:01.473,0.307196,-0.779824,0.526064,2.205,15.435,-19.46,-1.092,-0.7695,-1.4475,0
05/22/2025 13:42:01.493,0.3111,-0.784948,0.549732,2.87,15.785,-19.74,-1.113,-0.7965,-1.422,0
05/22/2025 13:42:01.513,0.333548,-0.794952,0.56608,3.045,15.365,-19.495,-1.0815,-0.8115,-1.452,0
05/22/2025 13:42:01.533,0.33916,-0.77592,0.572424,4.235,14.875,-18.795,-1.0875,-0.8295,-1.4475,0
05/22/2025 13:42:01.553,0.352336,-0.76006,0.580232,5.985,13.755,-17.08,-1.0875,-0.8295,-1.4475,0
05/22/2025 13:42:01.573,0.36722,-0.76006,0.566812,0.56,13.755,-14.98,-1.0875,-0.8295,-1.4475,0
05/22/2025 13:42:01.593,0.360144,-0.76128,0.558272,-10.15,15.68,-12.495,-1.074,-0.837,-1.482,0
05/22/2025 13:42:01.613,0.341844,-0.773724,0.532164,-18.865,17.815,-11.76,-1.095,-0.8565,-1.47,0
05/22/2025 13:42:01.633,0.299876,-0.822036,0.545584,-19.95,17.815,-12.46,-1.1325,-0.867,-1.4985,0
05/22/2025 13:42:01.653,0.261324,-0.794464,0.563884,-6.545,15.365,-13.51,-1.0995,-0.8865,-1.5,0
05/22/2025 13:42:01.673,0.26718,-0.769088,0.574376,8.82,14.315,-10.5,-1.11,-0.8745,-1.482,0
05/22/2025 13:42:01.693,0.22936,-0.782752,0.6588,22.96,17.325,-7.175,-1.0875,-0.9015,-1.497,0
05/22/2025 13:42:01.713,0.193492,-0.712236,0.73322,30.345,21.07,-3.465,-1.125,-0.8925,-1.5015,0
05/22/2025 13:42:01.733,0.189832,-0.784704,0.699548,18.585,19.635,-3.605,-1.1295,-0.9195,-1.5285,0
05/22/2025 13:42:01.753,0.21228,-0.821548,0.65148,0.14,21,-2.38,-1.1445,-0.8925,-1.521,0
05/22/2025 13:42:01.773,0.207644,-0.852048,0.646112,-11.305,25.165,0.49,-1.155,-0.8955,-1.521,0
05/22/2025 13:42:01.793,0.213744,-0.83814,0.615124,-14.77,27.3,4.69,-1.122,-0.909,-1.5015,0
05/22/2025 13:42:01.813,0.227652,-0.83814,0.572668,-13.335,27.23,11.375,-1.143,-0.9045,-1.494,0
05/22/2025 13:42:01.833,0.24644,-0.789584,0.555832,-11.41,24.5,14.385,-1.143,-0.9045,-1.494,0
05/22/2025 13:42:01.853,0.247416,-0.741272,0.548268,-11.55,21.07,16.73,-1.1055,-0.897,-1.467,0
05/22/2025 13:42:01.873,0.25132,-0.720776,0.538996,-10.92,16.905,17.78,-1.107,-0.894,-1.5015,0
05/22/2025 13:42:01.893,0.2806,-0.710284,0.508496,-9.8,12.355,15.785,-1.1025,-0.8865,-1.4745,0
05/22/2025 13:42:01.913,0.301828,-0.66978,0.496784,-7.56,10.465,11.76,-1.059,-0.876,-1.488,0
05/22/2025 13:42:01.933,0.340136,-0.645868,0.506544,-9.835,10.22,6.615,-1.071,-0.8745,-1.5225,0
05/22/2025 13:42:01.953,0.35624,-0.685884,0.559004,-15.33,11.865,3.29,-1.0545,-0.8715,-1.488,0
05/22/2025 13:42:01.973,0.355264,-0.726388,0.568764,-20.3,10.01,-0.945,-1.0545,-0.8715,-1.4925,0
05/22/2025 13:42:01.993,0.354532,-0.754692,0.555832,-22.82,5.67,-2.765,-1.0545,-0.8715,-1.4925,0
05/22/2025 13:42:02.013,0.339892,-0.800564,0.569496,-21.245,1.505,-3.08,-1.0245,-0.8805,-1.491,0
05/22/2025 13:42:02.033,0.331108,-0.794708,0.576816,-19.075,-2.52,-1.295,-1.0215,-0.8505,-1.488,0
05/22/2025 13:42:02.053,0.303292,-0.819108,0.552904,-13.825,-6.58,-0.385,-1.071,-0.8415,-1.5045,0
05/22/2025 13:42:02.073,0.284748,-0.817644,0.53558,-7.14,-10.29,0.665,-1.041,-0.8565,-1.491,0
05/22/2025 13:42:02.093,0.284992,-0.78934,0.559492,1.96,-14.595,2.31,-1.0515,-0.834,-1.488,0
05/22/2025 13:42:02.113,0.284016,-0.782752,0.542168,3.395,-16.975,2.975,-1.059,-0.849,-1.4625,0
05/22/2025 13:42:02.133,0.278892,-0.768112,0.525332,4.935,-16.8,3.15,-1.029,-0.858,-1.4835,0
05/22/2025 13:42:02.153,0.268644,-0.76616,0.565592,5.215,-15.19,2.975,-1.0485,-0.8535,-1.5105,0
05/22/2025 13:42:02.173,0.279868,-0.740296,0.594872,4.655,-14.035,1.61,-1.0815,-0.837,-1.5,0
05/22/2025 13:42:02.193,0.283772,-0.756156,0.555344,-0.77,-12.81,-0.35,-1.074,-0.8265,-1.497,0
05/22/2025 13:42:02.213,0.30012,-0.7564,0.554856,-5.775,-10.955,-1.015,-1.092,-0.819,-1.4745,0
05/22/2025 13:42:02.233,0.313784,-0.798856,0.557052,-10.29,-8.785,-1.33,-1.05,-0.876,-1.4535,0
05/22/2025 13:42:02.253,0.325252,-0.80276,0.54534,-12.145,-7.07,-1.19,-1.0695,-0.8235,-1.458,0
05/22/2025 13:42:02.273,0.32696,-0.81008,0.510692,-14.595,-6.37,-0.28,-1.044,-0.8235,-1.461,0
05/22/2025 13:42:02.293,0.327692,-0.831552,0.482632,-14.595,-5.565,1.155,-1.0515,-0.804,-1.4625,0
05/22/2025 13:42:02.313,0.322324,-0.808128,0.4941,-9.905,-5.075,1.925,-1.056,-0.7935,-1.458,0
05/22/2025 13:42:02.333,0.32208,-0.805688,0.504592,-6.125,-4.725,1.75,-1.0185,-0.8085,-1.461,0
05/22/2025 13:42:02.353,0.321104,-0.790072,0.497516,-2.1,-7.105,0.77,-1.029,-0.7815,-1.4505,0
05/22/2025 13:42:02.373,0.310856,-0.784948,0.502884,-3.22,-9.24,1.26,-1.029,-0.7815,-1.4505,0
05/22/2025 13:42:02.393,0.317932,-0.779092,0.495564,-4.48,-11.725,1.4,-1.026,-0.804,-1.461,0
05/22/2025 13:42:02.413,0.31842,-0.79178,0.473116,-6.16,-12.635,1.785,-1.0335,-0.789,-1.443,0
05/22/2025 13:42:02.433,0.313052,-0.788852,0.480436,-3.57,-12.53,0.945,-1.011,-0.774,-1.4655,0
05/22/2025 13:42:02.453,0.32452,-0.734196,0.50996,-1.19,-10.78,-0.735,-0.9855,-0.771,-1.4685,0
05/22/2025 13:42:02.473,0.31476,-0.762744,0.530944,-5.495,-7.35,-2.415,-0.99,-0.7605,-1.4715,0
05/22/2025 13:42:02.493,0.318908,-0.777628,0.562176,-6.37,-3.29,-2.66,-1.005,-0.7665,-1.4805,0
05/22/2025 13:42:02.513,0.30134,-0.806176,0.542656,-7.525,-0.49,-2.835,-1.0005,-0.7905,-1.491,0
05/22/2025 13:42:02.533,0.30012,-0.80886,0.51484,-8.96,0.385,-3.22,-0.9945,-0.756,-1.4835,0
05/22/2025 13:42:02.553,0.300608,-0.803004,0.537532,-7.175,0.42,-3.675,-0.9795,-0.783,-1.4985,0
05/22/2025 13:42:02.573,0.307196,-0.8357,0.5307,-6.86,-0.595,-3.745,-1.017,-0.744,-1.5,0
05/22/2025 13:42:02.593,0.307684,-0.841312,0.530456,-3.78,-1.575,-3.045,-1.0095,-0.7785,-1.5135,0
05/22/2025 13:42:02.613,0.315004,-0.843264,0.50508,-3.5,-2.065,-1.855,-0.9675,-0.771,-1.506,0
05/22/2025 13:42:02.633,0.301828,-0.826672,0.502396,0.84,-1.75,-0.84,-0.9675,-0.771,-1.506,0
05/22/2025 13:42:02.653,0.298168,-0.813008,0.508008,2.275,-1.645,-0.945,-1.02,-0.7515,-1.515,0
05/22/2025 13:42:02.673,0.287676,-0.79178,0.501908,0.595,-1.785,-1.435,-1.014,-0.744,-1.518,0
05/22/2025 13:42:02.693,0.288652,-0.796416,0.498248,-3.115,-1.995,-2.1,-1.017,-0.7485,-1.503,0
05/22/2025 13:42:02.713,0.305488,-0.805688,0.493368,-6.195,-2.625,-2.73,-0.9915,-0.744,-1.5135,0
05/22/2025 13:42:02.733,0.305488,-0.811544,0.483364,-6.755,-3.15,-2.205,-1.0095,-0.7785,-1.506,0
05/22/2025 13:42:02.753,0.315248,-0.818864,0.466528,-6.195,-3.325,-1.715,-1.0125,-0.7515,-1.5105,0
05/22/2025 13:42:02.773,0.317932,-0.816912,0.46482,-3.955,-2.415,-1.155,-0.9975,-0.7665,-1.491,0
05/22/2025 13:42:02.793,0.318908,-0.806176,0.47458,-1.365,-2.1,-1.225,-1.032,-0.7515,-1.5105,0
05/22/2025 13:42:02.813,0.314516,-0.805444,0.469944,0.07,-2.135,-1.47,-1.017,-0.7365,-1.488,0
05/22/2025 13:42:02.833,0.314272,-0.804712,0.470188,0.875,-1.82,-1.925,-1.008,-0.7635,-1.488,0
05/22/2025 13:42:02.853,0.326472,-0.810812,0.474824,0.49,-1.54,-2.1,-1.02,-0.756,-1.488,0
05/22/2025 13:42:02.873,0.321348,-0.801784,0.483364,0.28,-0.84,-2.555,-1.002,-0.7335,-1.491,0
05/22/2025 13:42:02.893,0.309392,-0.823988,0.48556,-2.45,-0.42,-1.995,-0.9825,-0.783,-1.4985,0
05/22/2025 13:42:02.913,0.314028,-0.83204,0.476288,-1.995,-0.42,-1.575,-0.9825,-0.783,-1.4985,0
05/22/2025 13:42:02.933,0.316956,-0.812764,0.470676,0.42,-0.49,-1.4,-1.0305,-0.771,-1.503,0
05/22/2025 13:42:02.953,0.315248,-0.828136,0.488488,0.98,-0.315,-1.47,-1.0155,-0.7815,-1.473,0
05/22/2025 13:42:02.973,0.321104,-0.822036,0.489464,0.385,0.175,-1.96,-1.038,-0.777,-1.503,0
05/22/2025 13:42:02.993,0.326228,-0.822036,0.495564,-1.225,1.19,-1.47,-1.023,-0.771,-1.5,0
05/22/2025 13:42:03.013,0.3172,-0.825208,0.492392,-2.1,1.54,-0.665,-1.0455,-0.7965,-1.4925,0
05/22/2025 13:42:03.033,0.314028,-0.818864,0.484828,-1.47,1.26,0,-1.053,-0.7965,-1.527,0
05/22/2025 13:42:03.053,0.324276,-0.824964,0.487024,-1.05,0.245,0.07,-1.0605,-0.8115,-1.5195,0
05/22/2025 13:42:03.073,0.3294,-0.816912,0.478728,0.84,-0.63,-0.315,-1.0785,-0.804,-1.4925,0
05/22/2025 13:42:03.093,0.32452,-0.806176,0.47702,1.295,-0.98,-0.665,-1.0935,-0.807,-1.494,0
05/22/2025 13:42:03.113,0.317444,-0.808128,0.492392,0.385,-1.435,-0.805,-1.1145,-0.8025,-1.482,0
05/22/2025 13:42:03.133,0.316712,-0.824232,0.488488,-1.155,-1.82,-0.77,-1.1115,-0.807,-1.4595,0
05/22/2025 13:42:03.153,0.311832,-0.82472,0.4819,0.385,-2.275,-1.4,-1.092,-0.7995,-1.4715,0
05/22/2025 13:42:03.173,0.317688,-0.834724,0.476288,0.245,-2.31,-1.54,-1.092,-0.7995,-1.4715,0
05/22/2025 13:42:03.193,0.31598,-0.83204,0.484584,0.77,-2.38,-1.54,-1.1145,-0.7995,-1.4295,0
05/22/2025 13:42:03.213,0.32086,-0.832284,0.484584,0.7,-2.485,-1.365,-1.122,-0.792,-1.434,0
05/22/2025 13:42:03.233,0.31476,-0.819108,0.484584,0.735,-2.415,-0.77,-1.158,-0.795,-1.4235,0
05/22/2025 13:42:03.253,0.325008,-0.818376,0.47336,1.435,-2.1,-0.735,-1.1355,-0.8175,-1.419,0
05/22/2025 13:42:03.273,0.330376,-0.805444,0.477264,1.89,-2.17,-0.7,-1.1235,-0.819,-1.3995,0
05/22/2025 13:42:03.293,0.336964,-0.805932,0.475556,1.68,-2.065,-1.47,-1.1205,-0.807,-1.4025,0
05/22/2025 13:42:03.313,0.343064,-0.809348,0.471896,1.435,-1.505,-2.205,-1.1055,-0.8115,-1.3875,0
05/22/2025 13:42:03.333,0.361852,-0.808616,0.490196,1.47,-1.05,-2.94,-1.095,-0.819,-1.41,0
05/22/2025 13:42:03.353,0.396744,-0.789096,0.500932,1.96,-1.155,-4.235,-1.11,-0.7995,-1.4025,0
05/22/2025 13:42:03.373,0.449204,-0.772504,0.499468,2.555,-1.435,-5.81,-1.1175,-0.807,-1.4145,0
05/22/2025 13:42:03.393,0.53924,-0.789828,0.47092,2.1,-2.205,-6.685,-1.1175,-0.807,-1.4145,0
05/22/2025 13:42:03.413,0.5734,-0.802516,0.45018,7.49,0.14,-6.16,-1.098,-0.834,-1.3905,0
05/22/2025 13:42:03.433,0.584624,-0.7686,0.449692,19.005,9.415,-6.72,-1.1235,-0.8295,-1.3995,0
05/22/2025 13:42:03.453,0.560712,-0.724192,0.468968,22.82,19.18,-5.95,-1.134,-0.849,-1.392,0
05/22/2025 13:42:03.473,0.543388,-0.710528,0.4697,18.83,21.805,-5.005,-1.116,-0.8565,-1.41,0
05/22/2025 13:42:03.493,0.549244,-0.73932,0.42944,10.395,19.005,-4.62,-1.095,-0.852,-1.44,0
05/22/2025 13:42:03.513,0.514352,-0.741028,0.365024,4.095,13.72,-4.83,-1.1355,-0.864,-1.434,0
05/22/2025 13:42:03.533,0.49166,-0.793,0.347212,1.085,8.61,-3.78,-1.1205,-0.852,-1.449,0
05/22/2025 13:42:03.553,0.493124,-0.807152,0.325496,1.715,1.785,-3.57,-1.1355,-0.84,-1.4445,0
05/22/2025 13:42:03.573,0.46238,-0.768112,0.308172,7.07,-5.25,-5.88,-1.1205,-0.8445,-1.4415,0
05/22/2025 13:42:03.593,0.435296,-0.786412,0.297924,0.315,-12.845,-8.4,-1.1505,-0.852,-1.4265,0
05/22/2025 13:42:03.613,0.425048,-0.752252,0.292312,-9.205,-19.6,-13.79,-1.149,-0.855,-1.407,0
05/22/2025 13:42:03.633,0.385764,-0.774944,0.298412,-12.565,-22.365,-20.16,-1.137,-0.8895,-1.395,0
05/22/2025 13:42:03.653,0.39894,-0.748104,0.282064,-8.225,-27.615,-28.21,-1.1175,-0.861,-1.3575,0
05/22/2025 13:42:03.673,0.40138,-0.710772,0.306952,-11.095,-28.84,-35.56,-1.125,-0.8835,-1.365,0
05/22/2025 13:42:03.693,0.399184,-0.778116,0.335012,-36.33,-28.315,-45.5,-1.1505,-0.864,-1.3395,0
05/22/2025 13:42:03.713,0.397476,-0.748592,0.352092,-40.74,-25.515,-53.41,-1.1505,-0.864,-1.3395,0
05/22/2025 13:42:03.733,0.390644,-0.711016,0.403088,-43.505,-23.065,-61.005,-1.191,-0.9015,-1.329,0
05/22/2025 13:42:03.753,0.409432,-0.730536,0.42212,-46.97,-22.82,-70.245,-1.191,-0.8865,-1.3095,0
05/22/2025 13:42:03.773,0.441884,-0.724924,0.431636,-49.525,-21.28,-78.05,-1.164,-0.924,-1.3005,0
05/22/2025 13:42:03.793,0.46482,-0.723704,0.418948,-50.085,-15.015,-85.015,-1.1925,-0.9465,-1.302,0
05/22/2025 13:42:03.813,0.467992,-0.780312,0.428952,-49.98,-5.53,-90.195,-1.1955,-0.969,-1.275,0
05/22/2025 13:42:03.833,0.542412,-0.715652,0.415044,-52.815,2.975,-91.49,-1.2105,-0.9765,-1.29,0
05/22/2025 13:42:03.853,0.553636,-0.753228,0.437736,-55.65,19.215,-89.81,-1.233,-0.9795,-1.2945,0
05/22/2025 13:42:03.873,0.572912,-0.80276,0.46482,-60.2,32.655,-87.22,-1.251,-1.0245,-1.2945,0
05/22/2025 13:42:03.893,0.569496,-0.761036,0.473848,-60.2,42.245,-84.07,-1.251,-1.005,-1.3065,0
05/22/2025 13:42:03.913,0.545096,-0.738344,0.427976,-59.15,49.14,-79.87,-1.233,-1.0395,-1.317,0
05/22/2025 13:42:03.933,0.556076,-0.720532,0.4514,-56.63,51.905,-77.84,-1.248,-1.0545,-1.344,0
05/22/2025 13:42:03.953,0.601216,-0.795196,0.41114,-64.05,49.665,-76.79,-1.2555,-1.0875,-1.3635,0
05/22/2025 13:42:03.973,0.627812,-0.832772,0.452132,-65.8,55.3,-72.87,-1.2555,-1.0875,-1.3635,0
05/22/2025 13:42:03.993,0.643184,-0.823256,0.462136,-58.485,51.94,-70.665,-1.2555,-1.0875,-1.3635,0
05/22/2025 13:42:04.013,0.662948,-0.823744,0.414068,-51.345,45.29,-65.24,-1.2375,-1.107,-1.404,0
05/22/2025 13:42:04.033,0.667096,-0.811788,0.393816,-43.715,39.935,-58.52,-1.23,-1.1145,-1.4115,0
05/22/2025 13:42:04.053,0.676124,-0.804956,0.35746,-43.995,33.285,-50.715,-1.23,-1.11,-1.431,0
05/22/2025 13:42:04.073,0.673684,-0.821304,0.371368,-42.595,26.67,-41.51,-1.23,-1.1145,-1.4265,0
05/22/2025 13:42:04.093,0.685884,-0.781044,0.367952,-43.015,20.965,-31.01,-1.2195,-1.1295,-1.437,0
05/22/2025 13:42:04.113,0.678808,-0.738588,0.363316,-45.15,19.04,-22.68,-1.185,-1.164,-1.4445,0
05/22/2025 13:42:04.133,0.669048,-0.714676,0.33062,-42.77,19.32,-17.115,-1.2015,-1.137,-1.449,0
05/22/2025 13:42:04.153,0.640256,-0.65758,0.305244,-38.71,24.92,-13.44,-1.212,-1.1295,-1.437,0
05/22/2025 13:42:04.173,0.625616,-0.682712,0.322812,-39.41,28.28,-10.78,-1.2195,-1.122,-1.449,0
05/22/2025 13:42:04.193,0.630496,-0.659532,0.326228,-38.22,28.665,-12.18,-1.176,-1.107,-1.47,0
05/22/2025 13:42:04.213,0.628788,-0.628788,0.377224,-36.855,29.05,-14.665,-1.1805,-1.077,-1.4745,0
05/22/2025 13:42:04.233,0.648796,-0.615612,0.332816,-40.495,22.12,-18.375,-1.173,-1.0845,-1.4715,0
05/22/2025 13:42:04.253,0.667096,-0.56608,0.308172,-39.585,20.79,-19.04,-1.1505,-1.116,-1.473,0
05/22/2025 13:42:04.273,0.692228,-0.596824,0.3233,-38.36,20.825,-18.83,-1.176,-1.1295,-1.482,0
05/22/2025 13:42:04.293,0.710772,-0.636352,0.31476,-37.975,19.81,-17.745,-1.1385,-1.146,-1.4775,0
05/22/2025 13:42:04.313,0.714188,-0.62342,0.319396,-39.865,22.225,-15.295,-1.146,-1.161,-1.473,0
05/22/2025 13:42:04.333,0.731756,-0.590236,0.315004,-37.38,23.87,-13.37,-1.146,-1.161,-1.473,0
05/22/2025 13:42:04.353,0.735904,-0.553148,0.349652,-28.49,26.915,-8.715,-1.128,-1.146,-1.503,0
05/22/2025 13:42:04.373,0.736636,-0.581208,0.404796,-29.505,29.96,-5.565,-1.1385,-1.176,-1.4925,0
05/22/2025 13:42:04.393,0.732488,-0.65758,0.4087,-39.515,27.055,-5.985,-1.113,-1.1805,-1.4835,0
05/22/2025 13:42:04.413,0.728828,-0.62586,0.379664,-37.975,22.925,-9.205,-1.086,-1.2,-1.4895,0
05/22/2025 13:42:04.433,0.738832,-0.60634,0.361364,-33.18,21.035,-13.685,-1.098,-1.2225,-1.509,0
05/22/2025 13:42:04.453,0.74908,-0.610732,0.37942,-30.59,18.76,-15.82,-1.0785,-1.2225,-1.509,0
05/22/2025 13:42:04.473,0.737612,-0.62708,0.375516,-33.005,15.645,-16.38,-1.0575,-1.2075,-1.524,0
05/22/2025 13:42:04.493,0.742004,-0.628788,0.368196,-37.59,10.045,-15.225,-1.071,-1.23,-1.5015,0
05/22/2025 13:42:04.513,0.75518,-0.61488,0.31598,-46.235,6.825,-11.34,-1.0755,-1.2255,-1.494,0
05/22/2025 13:42:04.533,0.76006,-0.62098,0.301584,-53.34,12.11,-8.68,-1.0515,-1.2075,-1.467,0
05/22/2025 13:42:04.553,0.754204,-0.6771,0.287676,-55.3,18.34,-8.19,-1.0305,-1.224,-1.473,0
05/22/2025 13:42:04.573,0.729804,-0.66124,0.28914,-49.07,23.485,-10.255,-1.023,-1.1895,-1.458,0
05/22/2025 13:42:04.593,0.736148,-0.66002,0.307196,-43.68,23.345,-12.355,-1.0185,-1.212,-1.461,0
05/22/2025 13:42:04.613,0.714188,-0.648308,0.272548,-44.345,26.285,-12.775,-1.0215,-1.1895,-1.4385,0
05/22/2025 13:42:04.633,0.71004,-0.643916,0.273036,-44.45,28.805,-13.72,-1.0155,-1.164,-1.455,0
05/22/2025 13:42:04.653,0.704184,-0.642452,0.230092,-40.39,30.905,-14.91,-0.9825,-1.1445,-1.461,0
05/22/2025 13:42:04.673,0.718824,-0.604632,0.211548,-35.805,30.485,-15.155,-0.978,-1.1565,-1.446,0
05/22/2025 13:42:04.693,0.728584,-0.600728,0.209596,-37.17,33.11,-15.89,-0.942,-1.1535,-1.4715,0
05/22/2025 13:42:04.713,0.753716,-0.6466,0.216916,-43.82,33.53,-16.59,-0.945,-1.164,-1.4445,0
05/22/2025 13:42:04.733,0.755424,-0.647332,0.221308,-48.16,35.245,-16.975,-0.924,-1.1265,-1.4865,0
05/22/2025 13:42:04.753,0.754692,-0.650992,0.1952,-55.475,35.56,-16.52,-0.9165,-1.116,-1.4715,0
05/22/2025 13:42:04.773,0.739808,-0.593408,0.165188,-56.91,37.065,-15.82,-0.9165,-1.116,-1.4715,0
05/22/2025 13:42:04.793,0.748348,-0.584136,0.105652,-55.475,36.47,-12.88,-0.9165,-1.116,-1.4715,0
05/22/2025 13:42:04.813,0.705648,-0.561932,0.113704,-52.36,42.665,-9.205,-0.873,-1.083,-1.485,0
05/22/2025 13:42:04.833,0.717116,-0.670268,0.172264,-57.715,45.115,-7.665,-0.8625,-1.0605,-1.473,0
05/22/2025 13:42:04.853,0.698328,-0.69418,0.219844,-59.71,42.105,-9.975,-0.858,-1.083,-1.4775,0
05/22/2025 13:42:04.873,0.680028,-0.648308,0.186416,-56.63,33.495,-14.56,-0.8205,-1.095,-1.4535,0
05/22/2025 13:42:04.893,0.669536,-0.654164,0.158356,-54.005,26.81,-17.43,-0.834,-1.035,-1.488,0
05/22/2025 13:42:04.913,0.662216,-0.675636,0.136152,-48.09,23.45,-18.48,-0.7965,-1.005,-1.4715,0
05/22/2025 13:42:04.933,0.680028,-0.684176,0.134932,-43.995,19.285,-18.585,-0.822,-1.008,-1.4685,0
05/22/2025 13:42:04.953,0.735416,-0.676368,0.126148,-41.825,15.365,-20.72,-0.8235,-0.966,-1.47,0
05/22/2025 13:42:04.973,0.779092,-0.717848,0.10614,-44.905,15.26,-25.025,-0.837,-0.951,-1.4475,0
05/22/2025 13:42:04.993,0.80764,-0.762988,0.067588,-50.89,17.815,-30.975,-0.8385,-0.9105,-1.467,0
05/22/2025 13:42:05.013,0.814228,-0.793976,0.076128,-53.13,22.75,-35.315,-0.8535,-0.8835,-1.44,0
05/22/2025 13:42:05.033,0.772992,-0.770308,0.100528,-56.91,29.89,-35.525,-0.828,-0.8655,-1.44,0
05/22/2025 13:42:05.053,0.742248,-0.774212,0.065392,-69.475,33.215,-29.295,-0.828,-0.8655,-1.44,0
05/22/2025 13:42:05.073,0.715164,-0.789584,0.078812,-74.515,35,-24.64,-0.84,-0.7935,-1.4445,0
05/22/2025 13:42:05.093,0.690032,-0.814228,0.0671,-71.715,33.565,-22.82,-0.8595,-0.7365,-1.4265,0
05/22/2025 13:42:05.113,0.67588,-0.80276,0.025864,-56.91,29.715,-23.17,-0.8595,-0.7215,-1.434,0
05/22/2025 13:42:05.133,0.690764,-0.720288,0.033428,-32.34,27.09,-25.025,-0.867,-0.6945,-1.4115,0
05/22/2025 13:42:05.153,0.733708,-0.64538,0.03294,-19.915,26.355,-23.94,-0.8715,-0.7065,-1.431,0
05/22/2025 13:42:05.173,0.760304,-0.684176,0.048312,-19.915,30.555,-21.56,-0.8595,-0.702,-1.419,0
05/22/2025 13:42:05.193,0.802516,-0.758352,0.033916,-19.11,32.865,-20.3,-0.8445,-0.702,-1.4115,0
05/22/2025 13:42:05.213,0.842776,-0.677832,0.016592,-12.985,33.915,-18.165,-0.8565,-0.687,-1.419,0
05/22/2025 13:42:05.233,0.880596,-0.648552,0.095648,-18.375,37.835,-15.435,-0.8265,-0.6765,-1.4145,0
05/22/2025 13:42:05.253,0.868884,-0.66368,0.048068,-34.475,39.165,-11.9,-0.8565,-0.6645,-1.4385,0
05/22/2025 13:42:05.273,0.855952,-0.637084,0.111752,-38.255,43.365,-4.62,-0.849,-0.657,-1.431,0
05/22/2025 13:42:05.293,0.84668,-0.70882,0.102236,-47.74,43.19,1.085,-0.864,-0.6525,-1.428,0
05/22/2025 13:42:05.313,0.846924,-0.678564,0.10614,-47.18,41.475,4.97,-0.864,-0.6525,-1.428,0
05/22/2025 13:42:05.333,0.873764,-0.642696,0.110776,-45.885,38.745,2.975,-0.864,-0.6525,-1.428,0
05/22/2025 13:42:05.353,0.826672,-0.604876,0.10126,-47.32,34.58,-0.42,-0.816,-0.651,-1.4115,0
05/22/2025 13:42:05.373,0.771284,-0.5673,0.08686399,-50.82,29.225,-2.695,-0.798,-0.621,-1.3995,0
05/22/2025 13:42:05.393,0.71858,-0.571448,0.082716,-57.435,26.74,-3.99,-0.798,-0.591,-1.404,0
05/22/2025 13:42:05.413,0.688324,-0.55754,0.098332,-63.385,23.66,-4.375,-0.8055,-0.597,-1.4115,0
05/22/2025 13:42:05.433,0.662216,-0.588284,0.09882,-65.135,21,-6.44,-0.7725,-0.579,-1.392,0
05/22/2025 13:42:05.453,0.682468,-0.622932,0.119316,-58.1,18.27,-9.73,-0.7875,-0.5535,-1.38,0
05/22/2025 13:42:05.473,0.714676,-0.651968,0.160064,-43.715,18.06,-14.175,-0.7785,-0.5565,-1.35,0
05/22/2025 13:42:05.493,0.76494,-0.652944,0.202032,-32.27,19.6,-18.235,-0.783,-0.5715,-1.3695,0
05/22/2025 13:42:05.513,0.813984,-0.670024,0.210816,-28.07,21.595,-19.495,-0.7635,-0.5355,-1.335,0
05/22/2025 13:42:05.533,0.823988,-0.668072,0.233264,-26.95,26.565,-17.15,-0.786,-0.5415,-1.347,0
05/22/2025 13:42:05.553,0.824476,-0.640744,0.248636,-33.18,32.69,-11.76,-0.78,-0.504,-1.335,0
05/22/2025 13:42:05.573,0.771528,-0.61976,0.251808,-44.695,41.965,-1.435,-0.8055,-0.492,-1.347,0
05/22/2025 13:42:05.593,0.7625,-0.61488,0.266936,-51.485,46.34,4.935,-0.8055,-0.492,-1.347,0
05/22/2025 13:42:05.613,0.743956,-0.617564,0.2562,-55.125,49.77,10.22,-0.7515,-0.531,-1.308,0
05/22/2025 13:42:05.633,0.746152,-0.5856,0.234972,-53.69,52.255,13.51,-0.729,-0.5325,-1.296,0
05/22/2025 13:42:05.653,0.76372,-0.579988,0.223504,-51.415,54.67,14.63,-0.7035,-0.54,-1.287,0
05/22/2025 13:42:05.673,0.779336,-0.570472,0.218136,-49.77,56.42,12.81,-0.663,-0.495,-1.275,0
05/22/2025 13:42:05.693,0.787876,-0.55632,0.205692,-50.47,56.735,8.96,-0.6405,-0.5145,-1.2855,0
05/22/2025 13:42:05.713,0.772016,-0.564616,0.18788,-52.64,55.055,3.885,-0.606,-0.5565,-1.281,0
05/22/2025 13:42:05.733,0.750788,-0.582428,0.190808,-53.55,51.555,-0.595,-0.606,-0.546,-1.2465,0
05/22/2025 13:42:05.753,0.723948,-0.59658,0.18422,-50.61,46.83,-4.76,-0.606,-0.546,-1.2465,0
05/22/2025 13:42:05.773,0.687348,-0.604144,0.1769,-44.03,42.525,-7.77,-0.5835,-0.561,-1.2615,0
05/22/2025 13:42:05.793,0.667828,-0.595604,0.176656,-37.065,38.64,-9.45,-0.5235,-0.582,-1.221,0
05/22/2025 13:42:05.813,0.66856,-0.599996,0.179584,-32.97,34.755,-11.235,-0.5235,-0.5895,-1.2255,0
05/22/2025 13:42:05.833,0.669536,-0.595116,0.161772,-29.82,31.885,-13.93,-0.507,-0.579,-1.191,0
05/22/2025 13:42:05.853,0.668316,-0.584624,0.156404,-29.505,29.785,-18.585,-0.5415,-0.573,-1.23,0
05/22/2025 13:42:05.873,0.66124,-0.58804,0.158112,-32.55,27.825,-21.805,-0.4815,-0.5565,-1.2015,0
05/22/2025 13:42:05.893,0.653676,-0.602192,0.145668,-36.33,25.025,-24.43,-0.504,-0.579,-1.209,0
05/22/2025 13:42:05.913,0.6344,-0.617808,0.13908,-39.795,23.135,-26.845,-0.492,-0.597,-1.179,0
05/22/2025 13:42:05.933,0.630252,-0.641232,0.133224,-42.525,19.53,-29.68,-0.4845,-0.5745,-1.167,0
05/22/2025 13:42:05.953,0.63318,-0.659532,0.136884,-44.835,15.19,-33.04,-0.492,-0.579,-1.1715,0
05/22/2025 13:42:05.973,0.647332,-0.703696,0.127368,-46.305,9.24,-36.365,-0.4875,-0.567,-1.167,0
05/22/2025 13:42:05.993,0.670268,-0.7503,0.126148,-46.095,2.065,-38.57,-0.51,-0.552,-1.149,0
05/22/2025 13:42:06.013,0.690764,-0.781532,0.135176,-42.245,-4.375,-38.5,-0.5205,-0.5565,-1.1115,0
05/22/2025 13:42:06.033,0.70028,-0.794952,0.142008,-34.44,-9.485,-35.84,-0.5175,-0.549,-1.1265,0
05/22/2025 13:42:06.053,0.708088,-0.801052,0.157868,-23.87,-14.665,-31.395,-0.516,-0.564,-1.107,0
05/22/2025 13:42:06.073,0.713456,-0.79056,0.148352,-13.265,-19.53,-27.44,-0.531,-0.5745,-1.104,0
05/22/2025 13:42:06.093,0.704916,-0.781288,0.140544,-4.235,-24.15,-25.165,-0.5085,-0.5715,-1.0875,0
05/22/2025 13:42:06.113,0.71858,-0.767868,0.139812,6.685,-31.71,-24.36,-0.5565,-0.5865,-1.0785,0
05/22/2025 13:42:06.133,0.75152,-0.77958,0.144204,14.525,-37.485,-25.095,-0.5565,-0.5865,-1.0785,0
05/22/2025 13:42:06.153,0.801296,-0.787388,0.14518,24.29,-43.295,-25.62,-0.5595,-0.5775,-1.089,0
05/22/2025 13:42:06.173,0.85888,-0.788852,0.143716,34.895,-47.915,-25.585,-0.582,-0.57,-1.0755,0
05/22/2025 13:42:06.193,0.925736,-0.770308,0.152988,43.785,-51.135,-24.92,-0.594,-0.57,-1.0905,0
05/22/2025 13:42:06.213,1.003328,-0.761036,0.171288,49.77,-51.415,-23.24,-0.618,-0.615,-1.08,0
05/22/2025 13:42:06.233,1.034804,-0.725412,0.196908,52.745,-48.125,-18.27,-0.621,-0.6495,-1.0905,0
05/22/2025 13:42:06.253,1.023824,-0.6893,0.209108,52.955,-41.09,-10.85,-0.615,-0.6345,-1.0905,0
05/22/2025 13:42:06.273,0.956968,-0.626348,0.230092,48.79,-31.08,-0.84,-0.633,-0.6225,-1.083,0
05/22/2025 13:42:06.293,0.8784,-0.570228,0.21838,37.45,-25.2,7.945,-0.6345,-0.63,-1.1145,0
05/22/2025 13:42:06.313,0.819352,-0.541924,0.195444,22.89,-21.665,14.805,-0.675,-0.6015,-1.134,0
05/22/2025 13:42:06.333,0.773236,-0.557052,0.174704,12.11,-18.375,18.97,-0.6945,-0.579,-1.1235,0
05/22/2025 13:42:06.353,0.746396,-0.55144,0.170556,14.245,-14.805,19.915,-0.6945,-0.591,-1.1235,0
05/22/2025 13:42:06.373,0.726876,-0.50386,0.1586,22.47,-9.94,20.615,-0.702,-0.564,-1.1385,0
05/22/2025 13:42:06.393,0.711748,-0.49532,0.149084,24.99,-1.015,21.525,-0.702,-0.564,-1.1385,0
05/22/2025 13:42:06.413,0.725656,-0.474092,0.138348,23.975,3.955,19.705,-0.702,-0.564,-1.1385,0
05/22/2025 13:42:06.433,0.744444,-0.46726,0.123464,24.535,9.87,17.78,-0.7215,-0.507,-1.1325,0
05/22/2025 13:42:06.453,0.773968,-0.4575,0.100772,27.405,14.7,14.7,-0.69,-0.4845,-1.1625,0
05/22/2025 13:42:06.473,0.809104,-0.440664,0.090524,28.35,19.145,11.83,-0.7155,-0.4725,-1.17,0
05/22/2025 13:42:06.493,0.85278,-0.428708,0.059048,24.22,24.92,9.03,-0.7095,-0.4725,-1.1775,0
05/22/2025 13:42:06.513,0.896944,-0.464088,0.040748,17.745,31.885,5.145,-0.687,-0.4815,-1.1805,0
05/22/2025 13:42:06.533,0.949892,-0.505812,0.054168,6.195,37.59,0.315,-0.687,-0.462,-1.2045,0
05/22/2025 13:42:06.553,1.016748,-0.5612,0.031964,-5.74,41.02,-5.145,-0.669,-0.459,-1.1805,0
05/22/2025 13:42:06.573,1.036268,-0.588772,0.004392,-12.6,43.295,-8.645,-0.669,-0.4545,-1.1955,0
05/22/2025 13:42:06.593,1.00406,-0.58926,-0.016592,-16.975,45.395,-8.645,-0.6495,-0.462,-1.1955,0
05/22/2025 13:42:06.613,0.951356,-0.582184,-0.027816,-23.695,46.34,-5.005,-0.654,-0.429,-1.2,0
05/22/2025 13:42:06.633,0.89914,-0.565348,-0.033916,-31.64,44.45,0.63,-0.651,-0.4245,-1.1835,0
05/22/2025 13:42:06.653,0.820572,-0.554856,-0.034404,-37.345,37.765,8.295,-0.6285,-0.4335,-1.1985,0
05/22/2025 13:42:06.673,0.802516,-0.560224,-0.046848,-34.58,30.31,10.01,-0.6015,-0.4455,-1.164,0
05/22/2025 13:42:06.693,0.794464,-0.563396,-0.057096,-25.97,21.84,8.155,-0.5715,-0.441,-1.1625,0
05/22/2025 13:42:06.713,0.79056,-0.56852,-0.060268,-14.175,14.63,4.9,-0.5715,-0.441,-1.1625,0
05/22/2025 13:42:06.733,0.790072,-0.551196,-0.049532,-1.575,8.995,1.505,-0.561,-0.4335,-1.1625,0
05/22/2025 13:42:06.753,0.8052,-0.537044,-0.03172,6.72,3.955,-0.665,-0.5385,-0.42,-1.143,0
05/22/2025 13:42:06.773,0.829112,-0.537044,-0.020252,10.045,-0.175,-2.975,-0.5505,-0.438,-1.17,0
05/22/2025 13:42:06.793,0.866688,-0.55998,-0.00366,10.255,-3.535,-5.495,-0.5535,-0.4605,-1.158,0
05/22/2025 13:42:06.813,0.891088,-0.592432,0.012444,10.535,-5.775,-8.19,-0.5565,-0.4575,-1.1775,0
05/22/2025 13:42:06.833,0.881816,-0.604388,0.024888,11.97,-6.58,-9.38,-0.5535,-0.465,-1.1805,0
05/22/2025 13:42:06.853,0.87596,-0.601704,0.044652,12.81,-7.035,-8.33,-0.5505,-0.4605,-1.1925,0
05/22/2025 13:42:06.873,0.895236,-0.60268,0.077348,11.41,-6.86,-5.985,-0.5685,-0.4785,-1.182,0
05/22/2025 13:42:06.893,0.909632,-0.594872,0.09857599,10.01,-5.705,-3.185,-0.576,-0.4605,-1.197,0
05/22/2025 13:42:06.913,0.98698,-0.585844,0.108824,8.12,-3.43,-3.535,-0.5655,-0.4335,-1.209,0
05/22/2025 13:42:06.933,0.992836,-0.543144,0.123464,-1.505,4.83,-9.8,-0.5655,-0.4335,-1.209,0
05/22/2025 13:42:06.953,0.973072,-0.519964,0.13786,-15.75,9.345,-15.4,-0.5835,-0.4905,-1.1895,0
05/22/2025 13:42:06.973,0.911096,-0.499224,0.183488,-34.02,13.02,-19.11,-0.579,-0.5355,-1.2,0
05/22/2025 13:42:06.993,0.802516,-0.499956,0.208376,-52.99,14.35,-19.46,-0.5565,-0.5475,-1.1925,0
05/22/2025 13:42:07.013,0.715164,-0.528748,0.23424,-66.01,12.81,-17.115,-0.567,-0.5325,-1.1775,0
05/22/2025 13:42:07.033,0.70272,-0.596092,0.246684,-65.24,8.82,-15.505,-0.5625,-0.5325,-1.143,0
05/22/2025 13:42:07.053,0.754692,-0.643672,0.269376,-49.385,6.16,-15.995,-0.576,-0.5625,-1.1205,0
05/22/2025 13:42:07.073,0.80886,-0.61366,0.28792,-26.915,5.67,-17.71,-0.582,-0.57,-1.098,0
05/22/2025 13:42:07.093,0.837652,-0.590968,0.293288,-9.31,6.965,-17.745,-0.5475,-0.627,-1.077,0
05/22/2025 13:42:07.113,0.864248,-0.580476,0.276208,1.54,10.115,-16.73,-0.57,-0.6465,-1.086,0
05/22/2025 13:42:07.133,0.845216,-0.527528,0.256688,6.58,16.38,-13.51,-0.5745,-0.63,-1.104,0
05/22/2025 13:42:07.153,0.82472,-0.496296,0.242536,1.995,23.1,-8.54,-0.54,-0.6465,-1.0965,0
05/22/2025 13:42:07.173,0.809348,-0.48556,0.245708,-7.455,29.54,-3.675,-0.5595,-0.6345,-1.1115,0
05/22/2025 13:42:07.193,0.812032,-0.50508,0.249124,-23.975,34.93,3.57,-0.5595,-0.6345,-1.1115,0
05/22/2025 13:42:07.213,0.807884,-0.513864,0.221552,-28.35,36.715,8.47,-0.555,-0.642,-1.0815,0
05/22/2025 13:42:07.233,0.831308,-0.502152,0.199836,-30.555,38.57,13.055,-0.534,-0.654,-1.1115,0
05/22/2025 13:42:07.253,0.83204,-0.479948,0.18666,-32.935,41.65,15.155,-0.537,-0.6465,-1.092,0
05/22/2025 13:42:07.273,0.83936,-0.483608,0.174704,-33.915,41.825,14.14,-0.5325,-0.6585,-1.092,0
05/22/2025 13:42:07.293,0.83936,-0.490196,0.18178,-36.155,40.81,11.69,-0.5145,-0.624,-1.0695,0
05/22/2025 13:42:07.313,0.808128,-0.52094,0.174216,-39.165,38.08,9.065,-0.5295,-0.6165,-1.062,0
05/22/2025 13:42:07.333,0.777872,-0.531188,0.169336,-36.785,35.105,8.155,-0.5325,-0.6135,-1.05,0
05/22/2025 13:42:07.353,0.731756,-0.536068,0.175924,-32.725,33.53,10.465,-0.504,-0.579,-1.062,0
05/22/2025 13:42:07.373,0.71004,-0.531432,0.18422,-30.065,30.485,13.475,-0.5145,-0.591,-1.038,0
05/22/2025 13:42:07.393,0.694668,-0.51484,0.185928,-27.615,25.9,14.56,-0.495,-0.588,-1.035,0
05/22/2025 13:42:07.413,0.66856,-0.532164,0.195932,-26.355,21.84,13.265,-0.495,-0.606,-1.0185,0
05/22/2025 13:42:07.433,0.672708,-0.567056,0.2013,-22.085,17.5,7.35,-0.477,-0.5685,-1.038,0
05/22/2025 13:42:07.453,0.648308,-0.56364,0.238876,-17.71,10.605,-3.395,-0.4725,-0.5955,-1.014,0
05/22/2025 13:42:07.473,0.628056,-0.5917,0.235216,-19.74,6.3,-8.89,-0.4725,-0.5955,-1.014,0
05/22/2025 13:42:07.493,0.612928,-0.60268,0.231312,-20.965,3.395,-10.955,-0.453,-0.5775,-0.9915,0
05/22/2025 13:42:07.513,0.588528,-0.618784,0.230336,-22.995,2.03,-11.2,-0.462,-0.5775,-1.0065,0
05/22/2025 13:42:07.533,0.573156,-0.660264,0.249856,-24.36,-0.315,-10.745,-0.489,-0.5955,-0.966,0
05/22/2025 13:42:07.553,0.579012,-0.7137,0.284504,-25.935,-4.375,-10.29,-0.471,-0.5925,-0.969,0
05/22/2025 13:42:07.573,0.624152,-0.753472,0.292556,-22.96,-11.585,-10.325,-0.4785,-0.603,-0.954,0
05/22/2025 13:42:07.593,0.67222,-0.767136,0.280844,-12.915,-18.41,-10.115,-0.471,-0.5655,-0.9585,0
05/22/2025 13:42:07.613,0.695644,-0.785436,0.2684,0.07,-21.455,-7.945,-0.468,-0.5655,-0.9465,0
05/22/2025 13:42:07.633,0.674416,-0.763232,0.272548,12.04,-21.035,-4.41,-0.4935,-0.5355,-0.9285,0
05/22/2025 13:42:07.653,0.6527,-0.734196,0.26596,16.555,-22.26,-1.05,-0.4785,-0.528,-0.951,0
05/22/2025 13:42:07.673,0.65636,-0.74176,0.254736,16.87,-24.535,0.805,-0.5085,-0.5235,-0.936,0
05/22/2025 13:42:07.693,0.706624,-0.782264,0.246928,17.255,-27.825,-1.61,-0.4995,-0.4965,-0.9705,0
05/22/2025 13:42:07.713,0.804712,-0.856196,0.242536,20.86,-32.55,-9.24,-0.4905,-0.513,-0.951,0
05/22/2025 13:42:07.733,0.999668,-0.934032,0.277184,35.945,-39.9,-22.75,-0.4905,-0.513,-0.951,0
05/22/2025 13:42:07.753,1.07604,-0.925004,0.28182,46.62,-40.46,-23.135,-0.4905,-0.513,-0.951,0
05/22/2025 13:42:07.773,1.078968,-0.866688,0.280356,49.28,-34.16,-12.18,-0.5145,-0.444,-0.9645,0
05/22/2025 13:42:07.793,1.030656,-0.768112,0.253272,41.125,-25.34,4.34,-0.5085,-0.432,-0.99,0
05/22/2025 13:42:07.813,0.921344,-0.710528,0.225212,28.105,-16.765,19.04,-0.4995,-0.441,-0.963,0
05/22/2025 13:42:07.833,0.793488,-0.655384,0.249124,21.91,-11.13,29.295,-0.4815,-0.444,-0.9825,0
05/22/2025 13:42:07.853,0.670268,-0.601704,0.215696,25.305,-11.515,32.515,-0.489,-0.459,-0.978,0
05/22/2025 13:42:07.873,0.555588,-0.515816,0.185684,39.795,-14.595,33.075,-0.459,-0.4605,-0.9705,0
05/22/2025 13:42:07.893,0.494832,-0.460916,0.159576,54.565,-17.85,31.255,-0.4665,-0.4485,-0.993,0
05/22/2025 13:42:07.913,0.487268,-0.43432,0.160308,68.74,-21.91,28.84,-0.4515,-0.4605,-1.0035,0
05/22/2025 13:42:07.933,0.544608,-0.407968,0.167384,79.45,-24.885,23.59,-0.4485,-0.438,-1.0155,0
05/22/2025 13:42:07.953,0.614636,-0.436272,0.166164,82.95,-24.605,17.15,-0.4125,-0.4755,-1.0365,0
05/22/2025 13:42:07.973,0.748592,-0.478728,0.166164,85.47,-20.93,6.09,-0.408,-0.4905,-1.056,0
05/22/2025 13:42:07.993,0.977464,-0.559736,0.099064,93.625,-11.06,-16.135,-0.408,-0.5325,-1.0665,0
05/22/2025 13:42:08.013,1.059204,-0.560956,0.078812,90.09,1.54,-25.865,-0.408,-0.5325,-1.0665,0
05/22/2025 13:42:08.033,1.046516,-0.543144,0.099308,71.26,16.1,-27.58,-0.429,-0.5685,-1.1775,0
05/22/2025 13:42:08.053,1.00894,-0.526064,0.119804,35.07,26.075,-20.895,-0.4215,-0.591,-1.1985,0
05/22/2025 13:42:08.073,0.956724,-0.573644,0.111264,2.94,30.66,-9.87,-0.426,-0.591,-1.203,0
05/22/2025 13:42:08.093,0.91134,-0.578768,0.11346,-18.445,33.635,2.66,-0.426,-0.591,-1.1955,0
05/22/2025 13:42:08.113,0.8723,-0.58682,0.07124799,-29.61,31.29,13.755,-0.4065,-0.6105,-1.1865,0
05/22/2025 13:42:08.133,0.893772,-0.58804,-0.027084,-24.325,27.37,19.985,-0.4155,-0.606,-1.218,0
05/22/2025 13:42:08.153,0.865712,-0.58682,-0.007564,-5.425,32.97,24.255,-0.393,-0.5835,-1.2135,0
05/22/2025 13:42:08.173,0.860344,-0.531432,0.067832,7.63,35.21,26.495,-0.393,-0.5835,-1.2135,0
05/22/2025 13:42:08.193,0.813984,-0.526064,0.108092,6.125,32.48,26.705,-0.3705,-0.5805,-1.2015,0
05/22/2025 13:42:08.213,0.823744,-0.526796,0.08906,0.385,23.17,23.695,-0.3855,-0.5535,-1.206,0
05/22/2025 13:42:08.233,0.805444,-0.487024,0.061732,0.63,18.41,19.67,-0.3405,-0.57,-1.212,0
05/22/2025 13:42:08.253,0.80276,-0.462868,0.073688,1.365,15.82,16.73,-0.312,-0.597,-1.2375,0
05/22/2025 13:42:08.273,0.826184,-0.48678,0.105408,-6.09,12.915,12.88,-0.3,-0.585,-1.218,0
05/22/2025 13:42:08.293,0.890356,-0.477996,0.126392,-12.6,13.86,8.715,-0.2775,-0.6015,-1.2105,0
05/22/2025 13:42:08.313,0.987468,-0.456036,0.132736,-22.89,19.6,0.42,-0.315,-0.6,-1.2195,0
05/22/2025 13:42:08.333,1.033096,-0.477996,0.12322,-43.33,25.235,-12.775,-0.318,-0.615,-1.2075,0
05/22/2025 13:42:08.353,1.033828,-0.55632,0.13054,-64.33,30.835,-27.44,-0.33,-0.612,-1.212,0
05/22/2025 13:42:08.373,0.945012,-0.609024,0.130784,-81.69,32.27,-36.855,-0.321,-0.612,-1.1775,0
05/22/2025 13:42:08.393,0.800808,-0.6344,0.232044,-93.03,31.535,-38.465,-0.3435,-0.612,-1.182,0
05/22/2025 13:42:08.413,0.709552,-0.69052,0.300852,-94.64,21.14,-34.3,-0.3375,-0.5895,-1.1175,0
05/22/2025 13:42:08.433,0.637572,-0.702476,0.38796,-78.05,10.85,-27.23,-0.3675,-0.6075,-1.107,0
05/22/2025 13:42:08.453,0.6527,-0.72224,0.389668,-52.255,-1.365,-21.7,-0.393,-0.5925,-1.0815,0
05/22/2025 13:42:08.473,0.664656,-0.660996,0.388448,-16.835,-8.68,-17.92,-0.4155,-0.588,-1.101,0
05/22/2025 13:42:08.493,0.709064,-0.630984,0.400892,11.655,-12.985,-12.075,-0.438,-0.5685,-1.074,0
05/22/2025 13:42:08.513,0.748836,-0.577792,0.39406,32.865,-12.53,-6.51,-0.4155,-0.5805,-1.0965,0
05/22/2025 13:42:08.533,0.802272,-0.48922,0.3782,47.04,-3.08,0.805,-0.4305,-0.6,-1.0965,0
05/22/2025 13:42:08.553,0.825696,-0.440664,0.415776,42.105,6.965,3.36,-0.4305,-0.6,-1.0965,0
05/22/2025 13:42:08.573,0.842776,-0.42456,0.394792,26.425,11.34,3.745,-0.3945,-0.603,-1.134,0
05/22/2025 13:42:08.593,0.843264,-0.41968,0.419192,8.26,14.105,2.625,-0.42,-0.6135,-1.149,0
05/22/2025 13:42:08.613,0.82594,-0.498492,0.4392,-11.305,13.475,0.945,-0.4275,-0.5835,-1.1505,0
05/22/2025 13:42:08.633,0.80886,-0.571448,0.373076,-21.525,6.58,0.98,-0.417,-0.591,-1.146,0
05/22/2025 13:42:08.653,0.74298,-0.539972,0.34648,-13.58,5.11,3.15,-0.4065,-0.5805,-1.161,0
05/22/2025 13:42:08.673,0.709552,-0.51972,0.305976,-2.765,4.97,6.475,-0.3915,-0.5475,-1.1385,0
05/22/2025 13:42:08.693,0.681248,-0.520696,0.33794,6.37,5.74,8.61,-0.387,-0.573,-1.1535,0
05/22/2025 13:42:08.713,0.704184,-0.518256,0.338428,10.08,0.35,9.94,-0.387,-0.573,-1.1295,0
05/22/2025 13:42:08.733,0.732244,-0.493124,0.345992,10.885,-5.88,7.56,-0.372,-0.588,-1.1415,0
05/22/2025 13:42:08.753,0.760548,-0.456524,0.335012,4.165,-9.415,5.425,-0.387,-0.5955,-1.1265,0
05/22/2025 13:42:08.773,0.764208,-0.491172,0.280844,-3.535,-9.1,2.835,-0.36,-0.6,-1.1295,0
05/22/2025 13:42:08.793,0.76738,-0.479704,0.301096,-9.87,-3.885,-0.385,-0.372,-0.5775,-1.1415,0
05/22/2025 13:42:08.813,0.708332,-0.557052,0.283772,-18.13,-0.175,-4.48,-0.372,-0.5775,-1.1415,0
05/22/2025 13:42:08.833,0.655872,-0.560712,0.339892,-13.265,1.505,-7.875,-0.3555,-0.612,-1.1025,0
05/22/2025 13:42:08.853,0.632204,-0.582916,0.324032,-8.085,-6.93,-14.665,-0.378,-0.6,-1.0995,0
05/22/2025 13:42:08.873,0.62342,-0.56364,0.30256,-1.575,-16.485,-19.705,-0.366,-0.585,-1.0725,0
05/22/2025 13:42:08.893,0.65148,-0.553148,0.269376,1.82,-25.235,-25.095,-0.4005,-0.6255,-1.104,0
05/22/2025 13:42:08.913,0.683688,-0.562908,0.245952,7.42,-29.12,-29.61,-0.3945,-0.573,-1.107,0
05/22/2025 13:42:08.933,0.711504,-0.581696,0.2318,12.635,-29.785,-29.96,-0.408,-0.573,-1.104,0
05/22/2025 13:42:08.953,0.736392,-0.60634,0.262056,17.92,-28.14,-25.2,-0.387,-0.5805,-1.107,0
05/22/2025 13:42:08.973,0.748592,-0.588284,0.306464,18.2,-22.575,-18.27,-0.4125,-0.57,-1.1235,0
05/22/2025 13:42:08.993,0.71126,-0.580232,0.308172,11.795,-18.795,-8.96,-0.4125,-0.585,-1.1115,0
05/22/2025 13:42:09.013,0.676612,-0.546804,0.298412,11.515,-18.06,-1.575,-0.423,-0.5955,-1.1115,0
05/22/2025 13:42:09.033,0.616588,-0.5612,0.305,9.275,-17.43,3.885,-0.4125,-0.5955,-1.1415,0
05/22/2025 13:42:09.053,0.55876,-0.587308,0.314272,6.895,-22.575,3.15,-0.402,-0.57,-1.1415,0
05/22/2025 13:42:09.073,0.577548,-0.623664,0.277184,4.41,-38.605,-5.635,-0.417,-0.5835,-1.1415,0
05/22/2025 13:42:09.093,0.654896,-0.667096,0.249856,4.06,-49.49,-18.13,-0.3975,-0.5775,-1.134,0
05/22/2025 13:42:09.113,0.8479,-0.793,0.263764,11.095,-62.86,-35.665,-0.3945,-0.5775,-1.1535,0
05/22/2025 13:42:09.133,1.031144,-0.911096,0.293532,31.5,-76.685,-52.85,-0.417,-0.5835,-1.1505,0
05/22/2025 13:42:09.153,1.121912,-1.003816,0.335744,63.385,-84.315,-56.77,-0.417,-0.5835,-1.1505,0
05/22/2025 13:42:09.173,1.214388,-0.92964,0.34526,93.17,-82.6,-40.32,-0.4395,-0.6135,-1.1535,0
05/22/2025 13:42:09.193,1.241472,-0.848388,0.356728,105.63,-62.965,-7.945,-0.4755,-0.6435,-1.1505,0
05/22/2025 13:42:09.213,1.214632,-0.720044,0.344528,99.75,-35.035,27.44,-0.498,-0.684,-1.2,0
05/22/2025 13:42:09.233,1.142652,-0.572912,0.346724,77.77,-9.135,54.985,-0.4725,-0.6765,-1.1955,0
05/22/2025 13:42:09.253,1.008696,-0.493368,0.303292,48.02,7.875,70.035,-0.474,-0.7065,-1.2525,0
05/22/2025 13:42:09.273,0.852048,-0.427488,0.327936,21.665,16.975,73.5,-0.477,-0.7185,-1.26,0
05/22/2025 13:42:09.293,0.709064,-0.486048,0.245952,-1.435,14,68.32,-0.429,-0.726,-1.2825,0
05/22/2025 13:42:09.313,0.6405,-0.461648,0.162992,-1.085,5.705,61.53,-0.4545,-0.726,-1.2705,0
05/22/2025 13:42:09.333,0.543632,-0.427,0.068076,21.14,2.38,51.555,-0.4365,-0.711,-1.26,0
05/22/2025 13:42:09.353,0.539484,-0.37942,0.042944,37.1,0.49,46.76,-0.4365,-0.711,-1.26,0
05/22/2025 13:42:09.373,0.561444,-0.376736,0.026352,51.205,-1.435,41.02,-0.3975,-0.7185,-1.308,0
05/22/2025 13:42:09.393,0.669292,-0.510448,0.029768,70.035,-2.59,31.185,-0.36,-0.7425,-1.3095,0
05/22/2025 13:42:09.413,0.746396,-0.465796,0.039528,94.43,-3.43,23.03,-0.3405,-0.762,-1.32,0
05/22/2025 13:42:09.433,0.81618,-0.486292,0.053436,102.165,-2.065,13.685,-0.3375,-0.753,-1.3545,0
05/22/2025 13:42:09.453,0.946964,-0.6344,0.116144,100.345,-0.91,6.265,-0.3315,-0.78,-1.3815,0
05/22/2025 13:42:09.473,1.034072,-0.690276,0.173484,93.835,-0.805,2.555,-0.3645,-0.81,-1.416,0
05/22/2025 13:42:09.493,1.058228,-0.672464,0.159088,77,-2.205,2.695,-0.3195,-0.8475,-1.4145,0
05/22/2025 13:42:09.513,1.02114,-0.691008,0.138348,54.67,1.155,10.115,-0.324,-0.87,-1.425,0
05/22/2025 13:42:09.533,0.953552,-0.74176,0.1647,30.765,8.12,21.945,-0.2865,-0.867,-1.428,0
05/22/2025 13:42:09.553,0.863272,-0.689788,0.174216,12.915,9.835,32.585,-0.2745,-0.882,-1.4355,0
05/22/2025 13:42:09.573,0.801052,-0.62586,0.149816,3.535,4.34,38.08,-0.264,-0.9015,-1.4235,0
05/22/2025 13:42:09.593,0.767624,-0.615856,0.121268,2.065,-1.295,41.335,-0.264,-0.894,-1.4505,0
05/22/2025 13:42:09.613,0.759816,-0.638548,0.110532,8.82,-9.59,40.04,-0.264,-0.894,-1.4505,0
05/22/2025 13:42:09.633,0.768112,-0.6283,0.130052,18.585,-12.845,36.435,-0.264,-0.894,-1.4505,0
05/22/2025 13:42:09.653,0.807884,-0.597068,0.172996,20.86,-14.42,34.02,-0.21,-0.9375,-1.3995,0
05/22/2025 13:42:09.673,0.816912,-0.587796,0.209352,13.16,-10.5,31.815,-0.2295,-0.9135,-1.419,0
05/22/2025 13:42:09.693,0.806908,-0.629276,0.206912,9.31,-8.96,31.395,-0.207,-0.9285,-1.4145,0
05/22/2025 13:42:09.713,0.783972,-0.646844,0.239364,11.41,-5.495,34.195,-0.2115,-0.9405,-1.425,0
05/22/2025 13:42:09.733,0.787144,-0.692472,0.244976,10.71,-2.17,35.595,-0.225,-0.948,-1.419,0
05/22/2025 13:42:09.753,0.791048,-0.688568,0.248392,15.33,-2.38,34.545,-0.243,-0.9405,-1.404,0
05/22/2025 13:42:09.773,0.792512,-0.655628,0.20862,15.855,-2.415,31.15,-0.2175,-0.963,-1.434,0
05/22/2025 13:42:09.793,0.806176,-0.593408,0.179096,16.065,-0.07,27.23,-0.21,-0.99,-1.4175,0
05/22/2025 13:42:09.813,0.852048,-0.627812,0.206668,15.47,7.35,25.13,-0.1845,-0.96,-1.4175,0
05/22/2025 13:42:09.833,0.850584,-0.625372,0.259128,18.06,11.445,20.895,-0.1875,-0.978,-1.4325,0
05/22/2025 13:42:09.853,0.79788,-0.61732,0.316712,10.57,12.285,15.61,-0.1845,-0.9975,-1.4205,0
05/22/2025 13:42:09.873,0.691252,-0.587796,0.375028,-12.355,9.1,14.63,-0.186,-1.0275,-1.4085,0
05/22/2025 13:42:09.893,0.645868,-0.620736,0.372344,-19.565,6.125,18.69,-0.186,-1.0275,-1.4085,0
05/22/2025 13:42:09.913,0.612196,-0.654164,0.442616,-10.885,6.44,24.535,-0.1575,-1.02,-1.4235,0
05/22/2025 13:42:09.933,0.60878,-0.673684,0.458232,1.855,3.605,26.88,-0.153,-1.0125,-1.401,0
05/22/2025 13:42:09.953,0.620736,-0.664168,0.44652,19.88,-2.24,25.585,-0.147,-1.017,-1.4235,0
05/22/2025 13:42:09.973,0.624152,-0.632692,0.483852,42.56,-3.36,22.435,-0.138,-1.044,-1.4235,0
05/22/2025 13:42:09.993,0.612196,-0.613416,0.500444,53.55,-3.605,21.14,-0.1305,-1.0515,-1.392,0
05/22/2025 13:42:10.013,0.603412,-0.576328,0.494588,55.895,-2.975,19.075,-0.123,-1.0665,-1.4145,0
05/22/2025 13:42:10.033,0.581452,-0.554368,0.487024,48.37,0.175,18.585,-0.138,-1.074,-1.419,0
05/22/2025 13:42:10.053,0.579988,-0.58804,0.482876,34.825,2.765,19.005,-0.144,-1.119,-1.422,0
05/22/2025 13:42:10.073,0.613904,-0.576572,0.4758,25.655,3.36,18.06,-0.1665,-1.1295,-1.431,0
05/22/2025 13:42:10.093,0.614148,-0.627324,0.472872,12.95,6.125,16.625,-0.129,-1.134,-1.425,0
05/22/2025 13:42:10.113,0.637572,-0.66856,0.510692,4.025,8.505,16.345,-0.1365,-1.1535,-1.4295,0
05/22/2025 13:42:10.133,0.642208,-0.642208,0.513864,-0.49,6.895,16.345,-0.147,-1.149,-1.4145,0
05/22/2025 13:42:10.153,0.61,-0.656848,0.4514,0.455,3.85,15.365,-0.147,-1.149,-1.4145,0
05/22/2025 13:42:10.173,0.582916,-0.678076,0.446764,1.33,2.555,16.8,-0.147,-1.149,-1.4145,0
05/22/2025 13:42:10.193,0.549976,-0.701988,0.427488,3.535,-1.96,17.255,-0.18,-1.182,-1.3995,0
05/22/2025 13:42:10.213,0.500932,-0.677588,0.448228,13.055,-6.23,15.19,-0.1815,-1.1715,-1.4235,0
05/22/2025 13:42:10.233,0.487024,-0.670512,0.411628,18.48,-10.675,13.265,-0.195,-1.1865,-1.4115,0
05/22/2025 13:42:10.253,0.469212,-0.625372,0.39528,26.495,-10.15,12.215,-0.177,-1.197,-1.419,0
05/22/2025 13:42:10.273,0.470676,-0.600972,0.408456,29.155,-9.03,13.93,-0.18,-1.212,-1.422,0
05/22/2025 13:42:10.293,0.460672,-0.619516,0.417728,28.035,-4.34,14.875,-0.1875,-1.2165,-1.4415,0
05/22/2025 13:42:10.313,0.46848,-0.570472,0.41358,27.93,-1.295,15.435,-0.1905,-1.257,-1.434,0
05/22/2025 13:42:10.333,0.485316,-0.65392,0.445544,27.65,5.985,15.68,-0.1905,-1.2495,-1.4265,0
05/22/2025 13:42:10.353,0.518012,-0.686128,0.478728,21.455,10.85,15.645,-0.1905,-1.2465,-1.4265,0
05/22/2025 13:42:10.373,0.486536,-0.685396,0.507764,17.745,12.46,13.335,-0.183,-1.281,-1.4265,0
05/22/2025 13:42:10.393,0.47946,-0.708332,0.46726,16.485,11.025,10.955,-0.1665,-1.314,-1.4175,0
05/22/2025 13:42:10.413,0.479216,-0.6954,0.472628,19.04,4.41,11.76,-0.189,-1.3185,-1.4265,0
05/22/2025 13:42:10.433,0.465796,-0.707844,0.466528,21.21,-2.94,10.99,-0.189,-1.3185,-1.4265,0
05/22/2025 13:42:10.453,0.461404,-0.68564,0.48434,23.485,-9.03,9.8,-0.174,-1.3635,-1.4325,0
05/22/2025 13:42:10.473,0.4636,-0.735416,0.48556,29.26,-16.905,9.065,-0.1995,-1.371,-1.41,0
05/22/2025 13:42:10.493,0.463112,-0.687836,0.48678,41.16,-24.64,8.715,-0.2175,-1.3935,-1.4145,0
05/22/2025 13:42:10.513,0.46116,-0.677832,0.510204,48.3,-29.26,10.15,-0.2355,-1.4085,-1.3965,0
05/22/2025 13:42:10.533,0.479216,-0.667096,0.469212,52.465,-33.39,11.655,-0.2685,-1.4295,-1.404,0
05/22/2025 13:42:10.553,0.451888,-0.624884,0.492392,58.485,-37.555,14.98,-0.279,-1.434,-1.401,0
05/22/2025 13:42:10.573,0.471652,-0.648796,0.500932,61.425,-39.305,18.13,-0.294,-1.479,-1.398,0
05/22/2025 13:42:10.593,0.498736,-0.640256,0.519232,71.435,-38.745,18.97,-0.33,-1.5,-1.4055,0
05/22/2025 13:42:10.613,0.532896,-0.5856,0.524112,81.13,-38.92,17.36,-0.3555,-1.4925,-1.3995,0
05/22/2025 13:42:10.633,0.556076,-0.551684,0.500932,83.195,-40.04,15.68,-0.3555,-1.4925,-1.3995,0
05/22/2025 13:42:10.653,0.565104,-0.525332,0.5246,82.705,-37.87,14.455,-0.3915,-1.548,-1.377,0
05/22/2025 13:42:10.673,0.607804,-0.51972,0.535092,83.93,-34.825,12.81,-0.396,-1.5525,-1.3875,0
05/22/2025 13:42:10.693,0.658556,-0.506788,0.580964,84.315,-28.07,9.345,-0.423,-1.605,-1.3665,0
05/22/2025 13:42:10.713,0.663192,-0.534848,0.59048,81.935,-24.185,7.735,-0.441,-1.6275,-1.344,0
05/22/2025 13:42:10.733,0.66368,-0.53314,0.59658,77.525,-18.655,8.365,-0.4665,-1.6575,-1.347,0
05/22/2025 13:42:10.753,0.668316,-0.540216,0.586088,75.285,-13.405,8.225,-0.474,-1.6725,-1.3515,0
05/22/2025 13:42:10.773,0.685152,-0.497272,0.618784,75.81,-8.75,8.96,-0.5025,-1.701,-1.3365,0
05/22/2025 13:42:10.793,0.677344,-0.449204,0.647088,72.66,-4.76,8.365,-0.5025,-1.71,-1.3185,0
05/22/2025 13:42:10.813,0.673684,-0.427244,0.648796,65.135,-4.41,5.95,-0.4965,-1.7625,-1.302,0
05/22/2025 13:42:10.833,0.661728,-0.466284,0.62586,56.21,-5.425,3.64,-0.5265,-1.7505,-1.2885,0
05/22/2025 13:42:10.853,0.635132,-0.44286,0.646356,53.76,-7.035,1.295,-0.5145,-1.7895,-1.272,0
05/22/2025 13:42:10.873,0.637816,-0.400648,0.661728,55.79,-9.205,-1.505,-0.507,-1.7895,-1.2765,0
05/22/2025 13:42:10.893,0.631716,-0.348432,0.661728,62.65,-10.15,-3.36,-0.5505,-1.785,-1.254,0
05/22/2025 13:42:10.913,0.607316,-0.351116,0.687104,64.54,-10.535,-2.835,-0.5685,-1.818,-1.2435,0
05/22/2025 13:42:10.933,0.621956,-0.361852,0.704916,61.46,-11.165,-1.96,-0.561,-1.8255,-1.236,0
05/22/2025 13:42:10.953,0.656116,-0.342088,0.715896,55.055,-17.36,-3.71,-0.561,-1.8255,-1.236,0
05/22/2025 13:42:10.973,0.670512,-0.33306,0.697108,49.805,-21.21,-4.865,-0.561,-1.8255,-1.236,0
05/22/2025 13:42:10.993,0.66734,-0.328912,0.69418,44.765,-24.115,-6.055,-0.603,-1.848,-1.1865,0
05/22/2025 13:42:11.013,0.69418,-0.328668,0.66002,37.065,-25.76,-6.65,-0.636,-1.8585,-1.188,0
05/22/2025 13:42:11.033,0.719068,-0.362828,0.639768,31.99,-25.725,-6.615,-0.6435,-1.8855,-1.173,0
05/22/2025 13:42:11.053,0.755424,-0.367952,0.636108,31.955,-24.57,-5.25,-0.657,-1.896,-1.143,0
05/22/2025 13:42:11.073,0.777384,-0.386008,0.655628,32.305,-19.915,-1.26,-0.6645,-1.8885,-1.128,0
05/22/2025 13:42:11.093,0.772992,-0.409188,0.669536,29.015,-14.945,3.955,-0.6615,-1.896,-1.1535,0
05/22/2025 13:42:11.113,0.760304,-0.383812,0.666608,24.045,-12.285,8.54,-0.672,-1.9005,-1.1355,0
05/22/2025 13:42:11.133,0.739564,-0.361852,0.658556,18.34,-13.16,11.83,-0.645,-1.8975,-1.1085,0
05/22/2025 13:42:11.153,0.70394,-0.346236,0.605852,12.11,-17.675,13.09,-0.675,-1.908,-1.1355,0
05/22/2025 13:42:11.173,0.701988,-0.381372,0.565592,11.55,-22.68,13.895,-0.675,-1.896,-1.1205,0
05/22/2025 13:42:11.193,0.714676,-0.348676,0.580964,16.52,-26.845,12.53,-0.693,-1.9185,-1.1055,0
05/22/2025 13:42:11.213,0.73444,-0.299144,0.580476,16.87,-30.835,7.77,-0.708,-1.896,-1.1295,0
05/22/2025 13:42:11.233,0.740784,-0.274256,0.599264,6.195,-34.58,0.595,-0.708,-1.896,-1.1295,0
05/22/2025 13:42:11.253,0.841556,-0.286944,0.614636,-3.22,-34.195,-1.19,-0.7005,-1.896,-1.1205,0
05/22/2025 13:42:11.273,0.825452,-0.340624,0.685884,-7.735,-19.18,-0.175,-0.696,-1.908,-1.098,0
05/22/2025 13:42:11.293,0.811788,-0.298656,0.688568,-7.175,-10.885,-1.12,-0.7035,-1.9155,-1.083,0
05/22/2025 13:42:11.313,0.810568,-0.259616,0.546804,-12.53,-14.665,-4.865,-0.7215,-1.899,-1.0875,0
05/22/2025 13:42:11.333,0.810324,-0.317688,0.620736,-21.315,-19.145,-5.81,-0.7245,-1.9185,-1.083,0
05/22/2025 13:42:11.353,0.824964,-0.255712,0.559736,-37.59,-27.86,-3.325,-0.7395,-1.914,-1.0725,0
05/22/2025 13:42:11.373,0.77348,-0.161772,0.756156,-44.52,-7.07,-6.3,-0.744,-1.899,-1.062,0
05/22/2025 13:42:11.393,0.836188,-0.328668,0.613416,-65.485,-10.85,-9.135,-0.7515,-1.911,-1.0695,0
05/22/2025 13:42:11.413,0.838628,-0.258884,0.717116,-62.16,-10.01,-13.09,-0.729,-1.9065,-1.077,0
05/22/2025 13:42:11.433,0.76982,-0.378444,0.61366,-79.765,-8.47,-13.965,-0.726,-1.884,-1.1025,0
05/22/2025 13:42:11.453,0.751276,-0.2501,0.52826,-84.035,-11.235,-17.5,-0.744,-1.899,-1.0845,0
05/22/2025 13:42:11.473,0.767136,-0.28914,0.56364,-109.445,-17.08,-19.565,-0.7155,-1.884,-1.11,0
05/22/2025 13:42:11.493,0.792756,-0.361364,0.501664,-121.135,-18.76,-23.52,-0.753,-1.8795,-1.1115,0
05/22/2025 13:42:11.513,0.797392,-0.372832,0.45628,-116.2,-15.085,-26.88,-0.732,-1.839,-1.1295,0
05/22/2025 13:42:11.533,0.794708,-0.45384,0.416996,-99.4,-10.29,-30.94,-0.729,-1.8345,-1.176,0
05/22/2025 13:42:11.553,0.796172,-0.478484,0.39406,-72.03,-7.245,-32.9,-0.711,-1.8315,-1.1595,0
05/22/2025 13:42:11.573,0.84668,-0.615856,0.382348,-44.87,-8.855,-30.135,-0.729,-1.839,-1.1685,0
05/22/2025 13:42:11.593,0.785924,-0.510936,0.472628,-18.34,-5.18,-24.78,-0.7095,-1.8285,-1.1445,0
05/22/2025 13:42:11.613,0.767868,-0.467504,0.420168,-14.315,-11.655,-20.51,-0.7095,-1.8285,-1.1445,0
05/22/2025 13:42:11.633,0.75884,-0.487512,0.432856,-12.075,-12.215,-15.61,-0.7035,-1.8435,-1.167,0
05/22/2025 13:42:11.653,0.7808,-0.550464,0.426268,-6.755,-8.75,-10.815,-0.726,-1.827,-1.1865,0
05/22/2025 13:42:11.673,0.817156,-0.590968,0.45018,4.795,-1.33,-7.14,-0.729,-1.8345,-1.176,0
05/22/2025 13:42:11.693,0.816668,-0.503616,0.404308,18.655,5.88,-4.55,-0.696,-1.836,-1.1745,0
05/22/2025 13:42:11.713,0.80642,-0.433832,0.37088,22.89,10.185,-2.59,-0.687,-1.8585,-1.1445,0
05/22/2025 13:42:11.733,0.773236,-0.321348,0.367952,22.05,12.915,-0.875,-0.6615,-1.863,-1.1475,0
05/22/2025 13:42:11.753,0.792024,-0.330376,0.387716,9.52,11.13,0.77,-0.672,-1.8555,-1.1475,0
05/22/2025 13:42:11.773,0.788364,-0.37942,0.3965,8.645,7.84,2.625,-0.672,-1.8555,-1.1475,0
05/22/2025 13:42:11.793,0.816912,-0.437004,0.399428,9.38,1.61,0.91,-0.6885,-1.8315,-1.17,0
05/22/2025 13:42:11.813,0.858636,-0.367464,0.499956,9.45,-4.48,-3.115,-0.7245,-1.884,-1.1865,0
05/22/2025 13:42:11.833,0.838384,-0.340868,0.5124,-3.045,-6.825,-7.595,-0.7095,-1.884,-1.1475,0
05/22/2025 13:42:11.853,0.87718,-0.415044,0.52704,-24.815,-6.895,-6.44,-0.7095,-1.899,-1.1865,0
05/22/2025 13:42:11.873,0.902068,-0.429928,0.515572,-34.16,-8.225,-3.815,-0.699,-1.881,-1.1595,0
05/22/2025 13:42:11.893,0.913536,-0.368928,0.490196,-43.155,-7.875,2.24,-0.7095,-1.881,-1.1865,0
05/22/2025 13:42:11.913,0.955748,-0.338672,0.53802,-71.19,-1.54,11.305,-0.732,-1.869,-1.1865,0
05/22/2025 13:42:11.933,0.946476,-0.442128,0.426512,-122.465,1.645,24.885,-0.7215,-1.872,-1.1865,0
05/22/2025 13:42:11.953,0.888648,-0.414068,0.392596,-153.65,9.415,35.49,-0.7125,-1.839,-1.239,0
05/22/2025 13:42:11.973,0.88084,-0.428464,0.353068,-190.12,9.835,46.76,-0.7095,-1.782,-1.2435,0
05/22/2025 13:42:11.993,0.86498,-0.563152,0.304268,-226.205,7.49,57.54,-0.726,-1.74,-1.263,0
05/22/2025 13:42:12.013,0.83692,-0.67466,0.184952,-243.495,3.5,64.54,-0.6945,-1.6875,-1.293,0
05/22/2025 13:42:12.033,0.782508,-0.817644,0.083204,-229.355,-2.17,69.79,-0.6945,-1.6875,-1.293,0
05/22/2025 13:42:12.053,0.7503,-0.876448,0.021228,-204.96,-4.935,73.15,-0.6945,-1.6875,-1.293,0
05/22/2025 13:42:12.073,0.693448,-0.89182,-0.0061,-177.94,-7.35,77.945,-0.6795,-1.4955,-1.329,0
05/22/2025 13:42:12.093,0.661728,-0.941352,-0.04148,-159.845,-12.53,81.095,-0.684,-1.431,-1.3095,0
05/22/2025 13:42:12.113,0.626348,-0.938912,-0.044652,-140.91,-19.18,81.27,-0.6825,-1.3695,-1.341,0
05/22/2025 13:42:12.133,0.59048,-0.977464,-0.10858,-118.545,-25.69,77.77,-0.6615,-1.3065,-1.326,0
05/22/2025 13:42:12.153,0.554368,-0.963068,-0.106384,-95.69,-31.885,76.79,-0.639,-1.314,-1.3095,0
05/22/2025 13:42:12.173,0.508496,-0.992104,-0.115168,-79.555,-38.36,76.72,-0.6405,-1.2135,-1.299,0
05/22/2025 13:42:12.193,0.465308,-0.981124,-0.131028,-63.035,-44.03,74.97,-0.6405,-1.1895,-1.314,0
05/22/2025 13:42:12.213,0.459696,-0.988932,-0.136884,-46.235,-48.755,72.31,-0.648,-1.1595,-1.2765,0
05/22/2025 13:42:12.233,0.449448,-1.001376,-0.165432,-28.385,-50.61,69.3,-0.6555,-1.1115,-1.2735,0
05/22/2025 13:42:12.253,0.441152,-0.992104,-0.157624,-3.745,-51.835,66.78,-0.6225,-1.086,-1.2345,0
05/22/2025 13:42:12.273,0.44652,-1.006012,-0.158112,9.835,-51.275,66.22,-0.63,-1.0665,-1.2285,0
05/22/2025 13:42:12.293,0.42456,-1.000644,-0.116388,27.44,-49.21,67.27,-0.612,-1.014,-1.2435,0
05/22/2025 13:42:12.313,0.419436,-0.969168,-0.07808,37.695,-47.775,69.895,-0.612,-1.014,-1.2435,0
05/22/2025 13:42:12.333,0.382836,-0.958432,-0.088084,39.69,-44.17,73.29,-0.612,-0.9645,-1.221,0
05/22/2025 13:42:12.353,0.3904,-1.001376,-0.065392,33.635,-43.505,76.125,-0.627,-0.9645,-1.2285,0
05/22/2025 13:42:12.373,0.368684,-1.016016,-0.051972,27.23,-41.37,78.295,-0.6345,-0.93,-1.2135,0
05/22/2025 13:42:12.393,0.328668,-1.007232,-0.0244,26.985,-38.325,80.78,-0.6195,-0.9495,-1.221,0
05/22/2025 13:42:12.413,0.271084,-0.964288,0.0183,24.71,-36.61,82.915,-0.588,-0.897,-1.221,0
05/22/2025 13:42:12.433,0.22692,-0.936472,-0.050264,15.75,-36.785,82.215,-0.573,-0.876,-1.1895,0
05/22/2025 13:42:12.453,0.219844,-0.942816,-0.044652,8.54,-36.75,81.655,-0.5505,-0.8535,-1.1925,0
05/22/2025 13:42:12.473,0.181048,-0.947452,0.01342,10.78,-34.965,80.08,-0.5325,-0.849,-1.1925,0
05/22/2025 13:42:12.493,0.164944,-0.95892,-0.01708,4.41,-36.4,77.77,-0.507,-0.816,-1.185,0
05/22/2025 13:42:12.513,0.168604,-0.9638,-0.043432,-4.13,-40.74,75.11,-0.4845,-0.8235,-1.176,0
05/22/2025 13:42:12.533,0.146644,-0.940376,-0.077836,-6.58,-44.275,72.975,-0.477,-0.7935,-1.173,0
05/22/2025 13:42:12.553,0.12322,-0.936716,-0.083936,-5.95,-44.695,70.595,-0.45,-0.7905,-1.1565,0
05/22/2025 13:42:12.573,0.08686399,-0.938912,-0.074664,2.38,-45.29,63.91,-0.459,-0.7755,-1.161,0
05/22/2025 13:42:12.593,0.0732,-0.90158,-0.069784,3.92,-45.675,61.04,-0.459,-0.7755,-1.161,0
05/22/2025 13:42:12.613,0.065148,-0.94184,-0.086132,1.295,-43.61,59.885,-0.4095,-0.765,-1.14,0
05/22/2025 13:42:12.633,0.03294,-0.914268,-0.042456,-1.085,-40.46,59.045,-0.402,-0.75,-1.137,0
05/22/2025 13:42:12.653,0.006832,-0.945988,-0.081984,-4.27,-36.645,57.75,-0.3945,-0.762,-1.14,0
05/22/2025 13:42:12.673,0.010004,-0.998204,-0.116632,0.245,-32.97,57.925,-0.3585,-0.7065,-1.1175,0
05/22/2025 13:42:12.693,-0.026596,-1.01504,-0.077836,16.38,-26.74,56.525,-0.3465,-0.7245,-1.1205,0
05/22/2025 13:42:12.713,-0.04026,-1.014308,-0.053924,24.465,-25.235,56.21,-0.3405,-0.702,-1.131,0
05/22/2025 13:42:12.733,-0.059048,-1.020652,-0.07515199,23.835,-24.465,57.435,-0.3255,-0.7065,-1.1085,0
05/22/2025 13:42:12.753,-0.085644,-1.018456,-0.05734,24.08,-24.535,59.78,-0.3255,-0.6765,-1.1235,0
05/22/2025 13:42:12.773,-0.107604,-1.044076,-0.045384,18.305,-26.355,63.665,-0.3075,-0.684,-1.1415,0
05/22/2025 13:42:12.793,-0.12322,-1.115568,-0.043676,16.905,-28.525,68.74,-0.3,-0.669,-1.149,0
05/22/2025 13:42:12.813,-0.14762,-1.147288,-0.008784,23.695,-31.535,74.41,-0.282,-0.669,-1.1565,0
05/22/2025 13:42:12.833,-0.19398,-1.060668,0.002928,35.735,-35.315,78.015,-0.2445,-0.666,-1.122,0
05/22/2025 13:42:12.853,-0.218624,-1.007476,0.01342,34.055,-37.59,81.34,-0.216,-0.678,-1.1505,0
05/22/2025 13:42:12.873,-0.264008,-1.00528,0.047092,30.275,-38.01,84.77,-0.192,-0.6825,-1.1385,0
05/22/2025 13:42:12.893,-0.308172,-0.964288,0.097112,36.085,-36.925,86.66,-0.1755,-0.6705,-1.173,0
05/22/2025 13:42:12.913,-0.335744,-0.873764,0.080764,37.66,-36.82,86.1,-0.153,-0.6945,-1.164,0
05/22/2025 13:42:12.933,-0.350384,-0.83326,0.08174,31.92,-37.835,85.47,-0.1305,-0.7215,-1.2015,0
05/22/2025 13:42:12.953,-0.369172,-0.853512,0.061,31.815,-35.805,82.81,-0.1155,-0.717,-1.1895,0
05/22/2025 13:42:12.973,-0.388936,-0.823012,0.065148,32.55,-33.215,80.325,-0.105,-0.7215,-1.185,0
05/22/2025 13:42:12.993,-0.40992,-0.753228,0.09882,29.785,-32.06,75.81,-0.084,-0.7245,-1.242,0
05/22/2025 13:42:13.013,-0.41236,-0.775676,0.095404,23.835,-31.36,70.21,-0.0645,-0.7335,-1.2225,0
05/22/2025 13:42:13.033,-0.40138,-0.792024,0.078324,19.88,-30.38,65.135,-0.042,-0.741,-1.2285,0
05/22/2025 13:42:13.053,-0.4331,-0.8052,0.081252,20.545,-27.895,60.27,-0.069,-0.7335,-1.2525,0
05/22/2025 13:42:13.073,-0.459696,-0.759084,0.0854,24.885,-26.25,56.42,-0.0315,-0.753,-1.2585,0
05/22/2025 13:42:13.093,-0.4575,-0.791292,0.068076,24.605,-25.69,52.745,-0.0315,-0.753,-1.2585,0
05/22/2025 13:42:13.113,-0.462136,-0.75762,0.115656,29.05,-24.255,48.125,-0.0315,-0.753,-1.2585,0
05/22/2025 13:42:13.133,-0.488244,-0.738344,0.148352,36.68,-21.455,44.275,-0.006,-0.7935,-1.281,0
05/22/2025 13:42:13.153,-0.49532,-0.721508,0.156892,45.885,-19.32,40.25,-0.0165,-0.771,-1.278,0
05/22/2025 13:42:13.173,-0.508496,-0.678808,0.188856,55.3,-16.66,34.195,0,-0.7905,-1.311,0
05/22/2025 13:42:13.193,-0.527772,-0.652456,0.2196,54.355,-14.77,28.665,0,-0.783,-1.3335,0
05/22/2025 13:42:13.213,-0.535336,-0.639036,0.233508,43.925,-14.35,23.765,0.0165,-0.783,-1.3365,0
05/22/2025 13:42:13.233,-0.529968,-0.726632,0.220332,29.645,-14.35,20.51,0.0105,-0.8085,-1.329,0
05/22/2025 13:42:13.253,-0.561688,-0.727364,0.270596,17.815,-11.13,20.72,0.003,-0.813,-1.3365,0
05/22/2025 13:42:13.273,-0.577304,-0.748592,0.328424,7.84,-11.445,22.715,0,-0.8535,-1.3635,0
05/22/2025 13:42:13.293,-0.595848,-0.82106,0.290604,-0.91,-10.64,25.76,0.048,-0.843,-1.3515,0
05/22/2025 13:42:13.313,-0.600728,-0.846192,0.286944,4.375,-9.835,28.735,0.0255,-0.843,-1.3515,0
05/22/2025 13:42:13.333,-0.61122,-0.782752,0.277916,15.785,-7.49,30.415,0.0285,-0.8475,-1.359,0
05/22/2025 13:42:13.353,-0.63196,-0.746396,0.294752,18.655,-5.18,32.48,0.0315,-0.8355,-1.3785,0
05/22/2025 13:42:13.373,-0.654652,-0.705648,0.278648,16.59,-1.715,34.755,0.0315,-0.8355,-1.3785,0
05/22/2025 13:42:13.393,-0.659776,-0.676368,0.290116,14.595,-0.245,35.035,0.0315,-0.8355,-1.3785,0
05/22/2025 13:42:13.413,-0.649772,-0.67466,0.288896,13.755,0.735,35.35,0.069,-0.9045,-1.392,0
05/22/2025 13:42:13.433,-0.658312,-0.662216,0.279136,14.385,1.995,35.49,0.0645,-0.882,-1.3995,0
05/22/2025 13:42:13.453,-0.6527,-0.629764,0.26718,13.23,1.68,35.385,0.0585,-0.8925,-1.362,0
05/22/2025 13:42:13.473,-0.665144,-0.616588,0.278648,12.845,1.68,35.7,0.0735,-0.882,-1.3875,0
05/22/2025 13:42:13.493,-0.680516,-0.60756,0.2623,10.675,0.63,35,0.084,-0.9075,-1.3875,0
05/22/2025 13:42:13.513,-0.688324,-0.566324,0.270108,10.43,-1.19,32.305,0.081,-0.912,-1.4055,0
05/22/2025 13:42:13.533,-0.691252,-0.525332,0.302804,16.135,-2.065,26.53,0.1035,-0.9345,-1.371,0
05/22/2025 13:42:13.553,-0.665876,-0.498736,0.308416,26.18,-3.5,18.305,0.117,-0.939,-1.413,0
05/22/2025 13:42:13.573,-0.659288,-0.467992,0.3111,35.63,-3.255,9.275,0.096,-0.954,-1.3935,0
05/22/2025 13:42:13.593,-0.655384,-0.485804,0.310124,39.585,-0.63,-0.385,0.129,-0.9465,-1.4235,0
05/22/2025 13:42:13.613,-0.634156,-0.510204,0.345016,28.77,0.77,-7.735,0.126,-0.951,-1.4085,0
05/22/2025 13:42:13.633,-0.659288,-0.587308,0.341356,-8.12,4.375,-8.995,0.114,-0.957,-1.4085,0
05/22/2025 13:42:13.653,-0.671,-0.787388,0.325008,-21.455,4.235,-5.355,0.114,-0.957,-1.4085,0
05/22/2025 13:42:13.673,-0.694424,-0.82594,0.31964,-16.835,3.675,-0.175,0.1065,-0.954,-1.416,0
05/22/2025 13:42:13.693,-0.7076,-0.775432,0.324764,0.42,2.17,5.285,0.132,-0.9315,-1.4115,0
05/22/2025 13:42:13.713,-0.710772,-0.654896,0.331352,13.37,0.98,9.8,0.1365,-0.939,-1.3815,0
05/22/2025 13:42:13.733,-0.725656,-0.5917,0.342088,15.365,-0.07,11.55,0.1335,-0.9465,-1.401,0
05/22/2025 13:42:13.753,-0.71614,-0.563152,0.346724,9.17,-1.575,10.36,0.129,-0.9465,-1.416,0
05/22/2025 13:42:13.773,-0.723948,-0.5124,0.329644,8.015,-0.77,7.49,0.141,-0.9885,-1.3965,0
05/22/2025 13:42:13.793,-0.714676,-0.491172,0.327448,7.56,-0.07,3.115,0.1455,-0.981,-1.392,0
05/22/2025 13:42:13.813,-0.709552,-0.500932,0.323788,5.985,0.56,-1.68,0.111,-0.996,-1.3965,0
05/22/2025 13:42:13.833,-0.704916,-0.539728,0.330132,5.39,1.05,-6.58,0.144,-0.9915,-1.4265,0
05/22/2025 13:42:13.853,-0.69174,-0.605608,0.314516,4.41,0.84,-10.605,0.123,-0.999,-1.3815,0
05/22/2025 13:42:13.873,-0.692716,-0.658556,0.2989,3.885,0.735,-11.69,0.156,-1.0185,-1.434,0
05/22/2025 13:42:13.893,-0.69784,-0.692472,0.307684,1.68,1.015,-8.33,0.129,-0.9735,-1.4265,0
05/22/2025 13:42:13.913,-0.711992,-0.695644,0.3172,-1.015,0.945,-0.805,0.126,-0.999,-1.4085,0
05/22/2025 13:42:13.933,-0.704916,-0.6771,0.315736,-0.07,0.175,2.94,0.126,-1.0035,-1.401,0
05/22/2025 13:42:13.953,-0.705892,-0.628056,0.334524,2.31,0.035,5.53,0.123,-0.9915,-1.404,0
05/22/2025 13:42:13.973,-0.702476,-0.602924,0.322812,5.845,0.07,5.53,0.138,-1.0065,-1.392,0
05/22/2025 13:42:13.993,-0.703452,-0.56852,0.333792,7.385,0.315,4.06,0.126,-1.011,-1.4115,0
05/22/2025 13:42:14.013,-0.7015,-0.554612,0.343796,7.35,1.4,1.47,0.126,-1.026,-1.4265,0
05/22/2025 13:42:14.033,-0.70516,-0.575108,0.335256,5.145,1.295,-1.82,0.1335,-1.0215,-1.4385,0
05/22/2025 13:42:14.053,-0.70516,-0.595116,0.319884,2.205,0.91,-4.27,0.1335,-1.0215,-1.4385,0
05/22/2025 13:42:14.073,-0.703208,-0.648552,0.346968,-0.595,0.035,-4.2,0.123,-1.0035,-1.3965,0
05/22/2025 13:42:14.093,-0.7137,-0.693692,0.323544,-2.94,-1.295,-1.75,0.1485,-1.0005,-1.3995,0
05/22/2025 13:42:14.113,-0.724924,-0.687348,0.316224,0.455,-2.975,1.61,0.141,-0.996,-1.3995,0
05/22/2025 13:42:14.133,-0.72712,-0.6771,0.32818,0.84,-4.865,4.83,0.1515,-0.981,-1.4265,0
05/22/2025 13:42:14.153,-0.7198,-0.656604,0.344284,1.365,-6.195,7.945,0.1485,-0.9915,-1.419,0
05/22/2025 13:42:14.173,-0.700036,-0.608536,0.348676,5.285,-6.475,10.78,0.1185,-0.9885,-1.4235,0
05/22/2025 13:42:14.193,-0.701256,-0.57828,0.345992,5.81,-5.81,10.465,0.1185,-0.9885,-1.4235,0
05/22/2025 13:42:14.213,-0.706868,-0.55266,0.355752,4.2,-5.46,8.785,0.126,-1.0335,-1.419,0
05/22/2025 13:42:14.233,-0.696864,-0.563884,0.357948,1.015,-5.005,6.475,0.111,-1.011,-1.428,0
05/22/2025 13:42:14.253,-0.70638,-0.583404,0.345748,1.82,-2.94,4.305,0.126,-1.0065,-1.431,0
05/22/2025 13:42:14.273,-0.707356,-0.57096,0.3538,2.59,-2.24,1.82,0.123,-1.0335,-1.404,0
05/22/2025 13:42:14.293,-0.697108,-0.593896,0.34648,0.35,-2.275,0.77,0.126,-1.011,-1.4265,0
05/22/2025 13:42:14.313,-0.704672,-0.63562,0.335988,0.735,-2.17,0.665,0.1335,-1.044,-1.422,0
05/22/2025 13:42:14.333,-0.704672,-0.603168,0.346236,4.375,-3.08,0.77,0.1155,-1.0485,-1.419,0
05/22/2025 13:42:14.353,-0.707112,-0.568764,0.355508,5.495,-3.57,0.455,0.1335,-1.044,-1.4385,0
05/22/2025 13:42:14.373,-0.703696,-0.571936,0.344284,5.425,-3.99,-0.91,0.108,-1.041,-1.4265,0
05/22/2025 13:42:14.393,-0.707112,-0.564372,0.347456,8.015,-3.15,-3.08,0.129,-1.0185,-1.4415,0
05/22/2025 13:42:14.413,-0.687592,-0.553148,0.352336,9.45,-3.045,-5.53,0.1155,-1.0335,-1.4235,0
05/22/2025 13:42:14.433,-0.6954,-0.557296,0.379664,6.16,-2.17,-6.825,0.093,-1.032,-1.446,0
05/22/2025 13:42:14.453,-0.695644,-0.655628,0.364292,0.035,-0.665,-7,0.093,-1.032,-1.446,0
05/22/2025 13:42:14.473,-0.700768,-0.67222,0.365756,0.105,0.35,-5.25,0.108,-1.0215,-1.4355,0
05/22/2025 13:42:14.493,-0.718092,-0.670756,0.369416,1.015,1.33,-1.54,0.114,-1.0095,-1.4535,0
05/22/2025 13:42:14.513,-0.722484,-0.655628,0.365756,1.785,1.085,1.96,0.099,-1.017,-1.443,0
05/22/2025 13:42:14.533,-0.732976,-0.612928,0.354044,4.97,0.7,4.27,0.081,-0.999,-1.428,0
05/22/2025 13:42:14.553,-0.722484,-0.551196,0.371856,6.755,-0.35,5.04,0.1185,-1.0035,-1.4355,0
05/22/2025 13:42:14.573,-0.721752,-0.54778,0.371856,7,-1.085,4.165,0.111,-0.987,-1.443,0
05/22/2025 13:42:14.593,-0.717604,-0.563884,0.363804,10.045,-0.77,2.345,0.1185,-1.029,-1.4385,0
05/22/2025 13:42:14.613,-0.71858,-0.555588,0.375028,17.64,0.105,-0.56,0.114,-1.017,-1.4655,0
05/22/2025 13:42:14.633,-0.706624,-0.573156,0.377468,23.73,0.665,-3.185,0.1065,-1.0245,-1.4505,0
05/22/2025 13:42:14.653,-0.698572,-0.566568,0.396988,22.505,0.035,-5.075,0.1035,-1.0545,-1.4505,0
05/22/2025 13:42:14.673,-0.694912,-0.604144,0.384788,14.945,-0.805,-5.285,0.111,-1.029,-1.446,0
05/22/2025 13:42:14.693,-0.706868,-0.617808,0.391132,7.07,-0.805,-3.08,0.102,-1.0065,-1.473,0
05/22/2025 13:42:14.713,-0.717116,-0.659288,0.378444,2.73,-3.08,0.84,0.1065,-1.032,-1.4655,0
05/22/2025 13:42:14.733,-0.727852,-0.642696,0.384788,7.98,-3.605,2.59,0.1065,-1.032,-1.4655,0
05/22/2025 13:42:14.753,-0.718824,-0.607804,0.388692,11.865,-4.55,3.99,0.1215,-1.0485,-1.461,0
05/22/2025 13:42:14.773,-0.715408,-0.599508,0.396012,14.91,-3.745,5.565,0.1185,-1.059,-1.473,0
05/22/2025 13:42:14.793,-0.708576,-0.572912,0.406992,18.515,-2.94,6.405,0.0855,-1.0845,-1.4805,0
05/22/2025 13:42:14.813,-0.71492,-0.549732,0.40504,19.11,-2.03,7,0.1065,-1.074,-1.4805,0
05/22/2025 13:42:14.833,-0.721752,-0.555832,0.407968,18.13,-2.415,6.86,0.117,-1.032,-1.503,0
05/22/2025 13:42:14.853,-0.723948,-0.565836,0.417484,17.045,-4.34,6.615,0.114,-1.0785,-1.4805,0
05/22/2025 13:42:14.873,-0.716628,-0.585112,0.412116,20.23,-6.125,7,0.114,-1.0545,-1.4985,0
05/22/2025 13:42:14.893,-0.728828,-0.58682,0.428708,25.27,-7.14,7.7,0.111,-1.0965,-1.503,0
05/22/2025 13:42:14.913,-0.73322,-0.583648,0.427732,31.115,-8.19,8.155,0.111,-1.0845,-1.491,0
05/22/2025 13:42:14.933,-0.730048,-0.557296,0.440664,32.935,-10.535,7.91,0.111,-1.089,-1.488,0
05/22/2025 13:42:14.953,-0.72224,-0.536556,0.442616,31.605,-11.585,8.925,0.078,-1.104,-1.4805,0
05/22/2025 13:42:14.973,-0.708332,-0.5307,0.456768,26.53,-12.04,10.325,0.114,-1.101,-1.506,0
05/22/2025 13:42:14.993,-0.704672,-0.503372,0.450912,19.74,-10.605,10.255,0.114,-1.101,-1.506,0
05/22/2025 13:42:15.013,-0.683688,-0.526064,0.468724,15.015,-9.625,8.925,0.114,-1.101,-1.506,0
05/22/2025 13:42:15.033,-0.671976,-0.517768,0.471408,13.755,-8.05,7.525,0.1035,-1.119,-1.5255,0
05/22/2025 13:42:15.053,-0.659288,-0.499712,0.463844,15.575,-6.23,6.23,0.114,-1.149,-1.533,0
05/22/2025 13:42:15.073,-0.649528,-0.44774,0.464332,16.555,-4.48,4.2,0.1185,-1.164,-1.524,0
05/22/2025 13:42:15.093,-0.63684,-0.42334,0.465064,14.525,-2.31,1.015,0.111,-1.1535,-1.5255,0
05/22/2025 13:42:15.113,-0.620736,-0.40748,0.46848,13.405,0,-3.78,0.126,-1.149,-1.536,0
05/22/2025 13:42:15.133,-0.6039,-0.395768,0.457256,10.815,2.345,-9.905,0.1215,-1.1565,-1.5285,0
05/22/2025 13:42:15.153,-0.605608,-0.423096,0.455304,5.915,4.97,-16.555,0.1155,-1.1715,-1.5285,0
05/22/2025 13:42:15.173,-0.586576,-0.437004,0.471164,-0.49,5.425,-23.24,0.1035,-1.176,-1.533,0
05/22/2025 13:42:15.193,-0.581452,-0.419924,0.487024,-5.25,6.125,-28.35,0.1065,-1.1715,-1.5435,0
05/22/2025 13:42:15.213,-0.592432,-0.412848,0.47824,-13.615,5.425,-33.355,0.1185,-1.1985,-1.536,0
05/22/2025 13:42:15.233,-0.604632,-0.40748,0.500932,-23.345,3.29,-39.9,0.1065,-1.179,-1.5435,0
05/22/2025 13:42:15.253,-0.580476,-0.371368,0.566568,-33.32,1.155,-53.27,0.123,-1.1685,-1.524,0
05/22/2025 13:42:15.273,-0.580232,-0.297924,0.551928,-34.86,2.31,-62.16,0.078,-1.1445,-1.515,0
05/22/2025 13:42:15.293,-0.51118,-0.2745,0.515084,-36.54,2.695,-73.395,0.0735,-1.1265,-1.503,0
05/22/2025 13:42:15.313,-0.512644,-0.275232,0.505812,-36.12,12.425,-84.385,0.078,-1.0995,-1.5,0
05/22/2025 13:42:15.333,-0.453108,-0.267424,0.547536,-41.475,17.885,-97.895,0.0705,-1.0815,-1.4775,0
05/22/2025 13:42:15.353,-0.40992,-0.329156,0.597556,-56.07,27.195,-111.615,0.0645,-1.05,-1.5045,0
05/22/2025 13:42:15.373,-0.36722,-0.413336,0.5673,-69.72,35.91,-123.69,0.033,-1.0455,-1.479,0
05/22/2025 13:42:15.393,-0.347456,-0.467504,0.47702,-65.625,45.535,-135.17,0.021,-0.993,-1.4535,0
05/22/2025 13:42:15.413,-0.33916,-0.49654,0.458964,-50.225,53.97,-144.515,0.006,-0.951,-1.434,0
05/22/2025 13:42:15.433,-0.293776,-0.567544,0.3904,-36.785,56.91,-153.545,-0.003,-0.948,-1.419,0
05/22/2025 13:42:15.453,-0.284016,-0.58682,0.343796,-42.07,58.52,-158.83,-0.0225,-0.918,-1.4055,0
05/22/2025 13:42:15.473,-0.230824,-0.678076,0.25864,-59.045,57.645,-164.78,-0.0225,-0.891,-1.401,0
05/22/2025 13:42:15.493,-0.182756,-0.805444,0.168848,-68.25,57.75,-168.56,-0.0225,-0.891,-1.401,0
05/22/2025 13:42:15.513,-0.10492,-0.846436,0.05002,-70.035,58.835,-166.81,-0.0735,-0.879,-1.38,0
05/22/2025 13:42:15.533,-0.066124,-1.010648,0.008784,-49.98,60.06,-159.775,-0.0735,-0.879,-1.38,0
05/22/2025 13:42:15.553,-0.035136,-1.077504,0.038308,-33.845,62.3,-154.84,-0.1395,-0.8295,-1.3065,0
05/22/2025 13:42:15.573,0.002196,-1.036512,0.064172,-36.26,60.165,-150.64,-0.18,-0.828,-1.308,0
05/22/2025 13:42:15.593,0.04148,-1.019432,0.04758,-48.93,59.08,-146.65,-0.2175,-0.8205,-1.3365,0
05/22/2025 13:42:15.613,0.070516,-1.092144,0.03538,-54.495,58.94,-140.385,-0.2025,-0.8325,-1.3005,0
05/22/2025 13:42:15.633,0.065148,-1.084824,0.029524,-34.44,59.5,-135.31,-0.2535,-0.8385,-1.2795,0
05/22/2025 13:42:15.653,0.07905599,-1.072624,0.020984,-21.245,55.93,-132.02,-0.2535,-0.858,-1.299,0
05/22/2025 13:42:15.673,0.117364,-1.069208,0.028304,-22.33,52.57,-129.885,-0.2685,-0.873,-1.302,0
05/22/2025 13:42:15.693,0.155184,-1.103368,0.029768,-24.15,48.09,-130.41,-0.3165,-0.861,-1.2885,0
05/22/2025 13:42:15.713,0.190076,-1.117276,0.063196,-32.83,44.94,-127.82,-0.3345,-0.879,-1.293,0
05/22/2025 13:42:15.733,0.220332,-1.151436,0.073932,-46.865,39.83,-124.11,-0.3675,-0.8745,-1.2975,0
05/22/2025 13:42:15.753,0.229848,-1.146312,0.055632,-60.935,33.705,-117.25,-0.3705,-0.912,-1.2825,0
05/22/2025 13:42:15.773,0.247172,-1.149728,0.0183,-61.495,29.12,-110.67,-0.4125,-0.903,-1.299,0
05/22/2025 13:42:15.793,0.285236,-1.143628,-0.00366,-38.395,27.09,-100.625,-0.4125,-0.903,-1.299,0
05/22/2025 13:42:15.813,0.310368,-1.11386,-0.038552,-23.065,27.58,-94.745,-0.4125,-0.903,-1.299,0
05/22/2025 13:42:15.833,0.365268,-1.048956,-0.049532,-15.435,27.615,-90.195,-0.4515,-0.915,-1.2615,0
05/22/2025 13:42:15.853,0.428952,-0.987712,-0.059536,-15.645,28.49,-86.135,-0.507,-0.9435,-1.275,0
05/22/2025 13:42:15.873,0.458232,-0.944768,-0.070516,-25.27,29.435,-81.795,-0.5145,-0.9705,-1.278,0
05/22/2025 13:42:15.893,0.506544,-0.978928,-0.128344,-38.955,28.84,-79.31,-0.5325,-0.969,-1.287,0
05/22/2025 13:42:15.913,0.553636,-1.04798,-0.124684,-44.8,28.945,-75.18,-0.537,-0.981,-1.2945,1
05/22/2025 13:42:15.933,0.555344,-1.07848,-0.121268,-28.945,28.14,-68.425,-0.5475,-0.981,-1.2915,1
05/22/2025 13:42:15.953,0.584136,-1.00772,-0.10004,-5.32,26.495,-61.565,-0.57,-1.0065,-1.3065,1
05/22/2025 13:42:15.973,0.563884,-0.931836,-0.046604,9.03,25.55,-54.845,-0.5655,-1.0215,-1.302,1
05/22/2025 13:42:15.993,0.587308,-0.955992,-0.010492,8.19,22.925,-50.12,-0.555,-1.029,-1.317,1
05/22/2025 13:42:16.013,0.5917,-0.940864,0.0122,5.04,21.7,-46.2,-0.57,-1.041,-1.332,1
05/22/2025 13:42:16.033,0.58804,-0.870104,0.02196,6.755,20.685,-45.64,-0.561,-1.074,-1.3125,1
05/22/2025 13:42:16.053,0.61488,-0.853512,0.056608,10.99,16.695,-49.455,-0.6075,-1.074,-1.3605,1
05/22/2025 13:42:16.073,0.63928,-0.80154,0.066124,9.66,14.385,-51.52,-0.6075,-1.074,-1.3605,1
05/22/2025 13:42:16.093,0.66246,-0.803004,0.064416,2.17,11.725,-51.415,-0.5805,-1.116,-1.3545,1
05/22/2025 13:42:16.113,0.680272,-0.830576,0.07198,-3.43,9.45,-49.175,-0.591,-1.137,-1.3785,1
05/22/2025 13:42:16.133,0.715896,-0.85156,0.062708,-4.165,8.19,-47.25,-0.594,-1.1535,-1.359,1
05/22/2025 13:42:16.153,0.736636,-0.822768,0.066612,-7.875,6.72,-44.135,-0.591,-1.134,-1.374,1
05/22/2025 13:42:16.173,0.723704,-0.815448,0.08295999,-13.86,5.74,-41.055,-0.609,-1.1745,-1.359,1
05/22/2025 13:42:16.193,0.737368,-0.818132,0.054412,-20.86,4.41,-37.59,-0.606,-1.167,-1.371,1
05/22/2025 13:42:16.213,0.742248,-0.831796,0.057096,-20.265,3.22,-32.62,-0.621,-1.164,-1.371,1
05/22/2025 13:42:16.233,0.743224,-0.789828,0.057828,-15.33,2.24,-27.65,-0.6015,-1.206,-1.3815,1
05/22/2025 13:42:16.253,0.742492,-0.76494,0.02684,-11.27,1.155,-25.025,-0.6465,-1.209,-1.383,1
05/22/2025 13:42:16.273,0.737368,-0.717116,0.007808,-9.555,0.035,-24.395,-0.6195,-1.194,-1.3815,1
05/22/2025 13:42:16.293,0.72468,-0.725656,0.014884,-6.3,0.63,-25.34,-0.63,-1.1895,-1.3485,1
05/22/2025 13:42:16.313,0.743712,-0.720288,0.001708,5.775,1.715,-27.72,-0.6465,-1.209,-1.3785,1
05/22/2025 13:42:16.333,0.751032,-0.693448,0.02074,19.285,3.395,-32.76,-0.675,-1.197,-1.3605,1
05/22/2025 13:42:16.353,0.775676,-0.674172,0.027328,23.205,2.59,-33.67,-0.657,-1.2075,-1.3875,1
05/22/2025 13:42:16.373,0.795196,-0.72224,0.029768,23.065,2.765,-30.73,-0.6675,-1.2345,-1.3755,1
05/22/2025 13:42:16.393,0.799344,-0.72956,0.04026,21.35,2.31,-25.165,-0.66,-1.2615,-1.368,1
05/22/2025 13:42:16.413,0.80276,-0.706136,0.05368,16.38,0.945,-19.67,-0.6705,-1.269,-1.3635,1
05/22/2025 13:42:16.433,0.795928,-0.687592,0.05002,10.955,-1.225,-15.82,-0.6555,-1.269,-1.368,1
05/22/2025 13:42:16.453,0.77714,-0.700036,0.043676,8.19,-2.24,-13.055,-0.666,-1.2945,-1.3755,1
05/22/2025 13:42:16.473,0.772992,-0.687836,0.045872,11.48,-2.625,-12.39,-0.666,-1.2945,-1.3755,1
05/22/2025 13:42:16.493,0.775432,-0.667828,0.060024,15.365,-2.31,-11.725,-0.6405,-1.3035,-1.3785,1
05/22/2025 13:42:16.513,0.783484,-0.6466,0.07124799,16.625,-2.905,-10.99,-0.651,-1.287,-1.3755,1
05/22/2025 13:42:16.533,0.774456,-0.648552,0.08686399,14.49,-3.325,-10.5,-0.636,-1.329,-1.362,1
05/22/2025 13:42:16.553,0.784216,-0.650016,0.070516,11.13,-3.57,-10.64,-0.651,-1.314,-1.374,1
05/22/2025 13:42:16.573,0.785192,-0.659776,0.073688,8.12,-3.465,-10.675,-0.651,-1.344,-1.374,1
05/22/2025 13:42:16.593,0.792024,-0.66246,0.077592,10.675,-1.925,-9.835,-0.6315,-1.3185,-1.359,1
05/22/2025 13:42:16.613,0.789096,-0.654408,0.07124799,15.785,0.665,-10.08,-0.6315,-1.3185,-1.359,1
05/22/2025 13:42:16.633,0.789584,-0.638792,0.092964,17.045,1.785,-10.64,-0.6315,-1.356,-1.3545,1
05/22/2025 13:42:16.653,0.787144,-0.63562,0.10492,16.94,0.56,-10.185,-0.6555,-1.344,-1.3935,1
05/22/2025 13:42:16.673,0.810324,-0.625372,0.072224,20.685,-1.085,-11.2,-0.642,-1.356,-1.344,1
05/22/2025 13:42:16.693,0.816668,-0.604144,0.106872,25.865,-0.875,-13.86,-0.666,-1.3515,-1.371,1
05/22/2025 13:42:16.713,0.815692,-0.62586,0.103456,20.615,-1.085,-13.02,-0.6795,-1.3395,-1.353,1
05/22/2025 13:42:16.733,0.83204,-0.603656,0.093208,19.985,-1.365,-13.72,-0.657,-1.3785,-1.347,1
05/22/2025 13:42:16.753,0.838872,-0.569252,0.097356,21.84,-2.31,-13.335,-0.672,-1.374,-1.3515,1
05/22/2025 13:42:16.773,0.832772,-0.599752,0.100772,21.98,-4.305,-11.165,-0.6825,-1.3845,-1.356,1
05/22/2025 13:42:16.793,0.849364,-0.564616,0.114192,21.665,-8.575,-8.855,-0.672,-1.389,-1.3635,1
05/22/2025 13:42:16.813,0.859856,-0.538264,0.09638,20.755,-8.365,-4.48,-0.6645,-1.419,-1.3665,1
05/22/2025 13:42:16.833,0.888892,-0.538508,0.128344,16.135,-4.76,2.345,-0.6495,-1.4115,-1.3665,1
05/22/2025 13:42:16.853,0.86864,-0.639036,0.100772,11.935,1.05,12.11,-0.69,-1.4265,-1.359,1
05/22/2025 13:42:16.873,0.841556,-0.610488,0.164456,3.92,4.55,18.2,-0.69,-1.4265,-1.359,1
05/22/2025 13:42:16.893,0.832528,-0.619028,0.134932,-3.675,4.97,22.155,-0.69,-1.4265,-1.359,1
05/22/2025 13:42:16.913,0.814472,-0.630252,0.118828,-11.585,4.725,25.725,-0.678,-1.416,-1.356,1
05/22/2025 13:42:16.933,0.79788,-0.599508,0.126148,-10.57,3.605,27.475,-0.657,-1.431,-1.374,1
05/22/2025 13:42:16.953,0.802516,-0.580476,0.116876,-6.965,1.365,27.265,-0.6345,-1.4085,-1.3695,1
05/22/2025 13:42:16.973,0.790804,-0.621224,0.083692,1.96,-1.47,25.445,-0.642,-1.416,-1.3815,1
05/22/2025 13:42:16.993,0.748104,-0.675636,0.061,29.505,-5.915,24.395,-0.6165,-1.4055,-1.3695,1
05/22/2025 13:42:17.013,0.690764,-0.652456,0.0793,70.315,-12.67,22.4,-0.6225,-1.4055,-1.347,1
05/22/2025 13:42:17.033,0.675636,-0.631716,0.1037,112.35,-22.435,17.535,-0.627,-1.413,-1.3725,1
05/22/2025 13:42:17.053,0.6649,-0.593408,0.168848,138.6,-32.13,11.62,-0.645,-1.458,-1.35,1
05/22/2025 13:42:17.073,0.687348,-0.6161,0.196908,144.305,-37.485,5.67,-0.648,-1.503,-1.3575,1
05/22/2025 13:42:17.093,0.69662,-0.693448,0.15616,148.155,-35.91,-1.155,-0.651,-1.518,-1.3545,1
05/22/2025 13:42:17.113,0.687104,-0.600972,0.214232,157.255,-27.475,-4.9,-0.687,-1.536,-1.3125,1
05/22/2025 13:42:17.133,0.717116,-0.61976,0.39894,157.325,1.05,-3.22,-0.675,-1.5885,-1.3425,1
05/22/2025 13:42:17.153,0.666364,-0.754448,0.407724,149.24,14.105,3.395,-0.675,-1.5885,-1.3425,1
05/22/2025 13:42:17.173,0.631228,-0.657824,0.435784,150.465,14.28,6.44,-0.684,-1.6455,-1.305,1
05/22/2025 13:42:17.193,0.621712,-0.6344,0.456768,139.65,10.85,8.33,-0.693,-1.6995,-1.278,1
05/22/2025 13:42:17.213,0.64416,-0.576572,0.496052,129.15,6.65,11.095,-0.6975,-1.68,-1.2975,1
05/22/2025 13:42:17.233,0.625372,-0.600972,0.491904,112.91,2.31,13.055,-0.7035,-1.7475,-1.2855,1
05/22/2025 13:42:17.253,0.62586,-0.57706,0.472384,110.215,-2.625,14.595,-0.696,-1.7775,-1.2705,1
05/22/2025 13:42:17.273,0.652456,-0.471164,0.46604,106.96,-4.165,14.21,-0.6915,-1.8195,-1.2765,1
05/22/2025 13:42:17.293,0.6771,-0.454328,0.471896,96.88,-3.57,12.215,-0.717,-1.8075,-1.2435,1
05/22/2025 13:42:17.313,0.696864,-0.427732,0.47336,83.23,-2.765,9.485,-0.7095,-1.8375,-1.266,1
05/22/2025 13:42:17.333,0.721508,-0.4514,0.464332,68.25,-2.695,7.945,-0.7275,-1.8495,-1.2315,1
05/22/2025 13:42:17.353,0.771772,-0.44652,0.481656,62.335,-2.765,7.245,-0.7485,-1.8795,-1.221,1
05/22/2025 13:42:17.373,0.797636,-0.403576,0.501176,60.97,-4.34,7.56,-0.741,-1.8765,-1.209,1
05/22/2025 13:42:17.393,0.839604,-0.428952,0.495564,56.105,-6.055,7.7,-0.729,-1.8765,-1.1985,1
05/22/2025 13:42:17.413,0.951112,-0.414556,0.595604,42.21,-3.045,7.315,-0.729,-1.8765,-1.1985,1
05/22/2025 13:42:17.433,1.00162,-0.413336,0.587796,25.515,4.025,6.37,-0.7695,-1.89,-1.1805,1
05/22/2025 13:42:17.453,1.022116,-0.430172,0.563152,-1.085,11.34,6.055,-0.7695,-1.89,-1.1805,1
05/22/2025 13:42:17.473,1.058472,-0.391132,0.513376,-23.065,17.115,8.89,-0.7725,-1.8825,-1.158,1
05/22/2025 13:42:17.493,1.05652,-0.500932,0.476776,-37.905,24.675,15.4,-0.7425,-1.8915,-1.176,1
05/22/2025 13:42:17.513,1.02358,-0.504836,0.458476,-31.535,32.27,25.165,-0.759,-1.872,-1.203,1
05/22/2025 13:42:17.533,0.99674,-0.558272,0.422364,-23.8,35.7,33.18,-0.7485,-1.8495,-1.1985,1
05/22/2025 13:42:17.553,0.941108,-0.553392,0.426512,-8.82,37.415,40.635,-0.7485,-1.8375,-1.1955,1
05/22/2025 13:42:17.573,0.864492,-0.516304,0.424072,8.19,34.545,46.06,-0.7425,-1.8045,-1.233,1
05/22/2025 13:42:17.593,0.817644,-0.5063,0.434076,19.04,22.54,51.31,-0.735,-1.812,-1.2135,1
05/22/2025 13:42:17.613,0.745176,-0.458964,0.424072,20.37,5.88,51.905,-0.732,-1.812,-1.2405,1
05/22/2025 13:42:17.633,0.720044,-0.485316,0.379664,13.405,-14.98,50.96,-0.7065,-1.7745,-1.2285,1
05/22/2025 13:42:17.653,0.678076,-0.463356,0.337208,7.98,-35.7,47.74,-0.702,-1.7595,-1.236,1
05/22/2025 13:42:17.673,0.63562,-0.43676,0.268156,-7.28,-60.515,38.185,-0.7215,-1.7775,-1.236,1
05/22/2025 13:42:17.693,0.621956,-0.41602,0.223748,-21.63,-77.7,30.8,-0.699,-1.7475,-1.2285,1
05/22/2025 13:42:17.713,0.609268,-0.437492,0.189832,-35.105,-91.035,20.475,-0.7065,-1.752,-1.2405,1
05/22/2025 13:42:17.733,0.651724,-0.482388,0.166652,-46.585,-102.9,9.275,-0.699,-1.725,-1.233,1
05/22/2025 13:42:17.753,0.6588,-0.497272,0.196664,-52.815,-104.965,1.365,-0.7245,-1.737,-1.2135,1
05/22/2025 13:42:17.773,0.667096,-0.543632,0.20618,-42.805,-104.265,-10.255,-0.7245,-1.7325,-1.2105,1
05/22/2025 13:42:17.793,0.672952,-0.54412,0.238144,-19.25,-107.695,-22.505,-0.7365,-1.74,-1.2405,1
05/22/2025 13:42:17.813,0.687592,-0.55266,0.28182,1.505,-107.59,-31.71,-0.714,-1.7295,-1.233,1
05/22/2025 13:42:17.833,0.681248,-0.542656,0.315736,16.87,-102.69,-39.83,-0.705,-1.7595,-1.2165,1
05/22/2025 13:42:17.853,0.738832,-0.55022,0.325496,21.91,-102.69,-46.655,-0.6795,-1.7745,-1.2195,1
05/22/2025 13:42:17.873,0.768356,-0.569496,0.320372,20.44,-95.445,-49.91,-0.7245,-1.8,-1.2285,1
05/22/2025 13:42:17.893,0.82594,-0.5856,0.32086,14.665,-86.555,-50.435,-0.738,-1.8045,-1.2255,1
05/22/2025 13:42:17.913,0.841312,-0.55754,0.365024,4.235,-72.975,-46.375,-0.72,-1.815,-1.221,1
05/22/2025 13:42:17.933,0.868152,-0.549488,0.420656,-15.47,-57.995,-42.175,-0.7425,-1.812,-1.2255,1
05/22/2025 13:42:17.953,0.865712,-0.540948,0.377956,-29.54,-51.59,-37.345,-0.7425,-1.812,-1.2255,1
05/22/2025 13:42:17.973,0.870836,-0.515816,0.313296,-39.165,-42.105,-32.2,-0.72,-1.8315,-1.224,1
05/22/2025 13:42:17.993,0.874008,-0.476776,0.239608,-45.255,-29.82,-25.165,-0.7425,-1.8045,-1.248,1
05/22/2025 13:42:18.013,0.872544,-0.5551,0.30866,-37.065,-9.59,-17.43,-0.762,-1.8,-1.2675,1
05/22/2025 13:42:18.033,0.85644,-0.660264,0.40504,-29.505,5.6,-10.045,-0.774,-1.7955,-1.3095,1
05/22/2025 13:42:18.053,0.856196,-0.63196,0.30256,-22.435,4.235,-6.965,-0.7785,-1.7805,-1.3065,1
05/22/2025 13:42:18.073,0.82472,-0.629276,0.339892,-15.435,11.9,-1.47,-0.789,-1.7805,-1.314,1
05/22/2025 13:42:18.093,0.832772,-0.564372,0.411628,-9.1,15.68,2.24,-0.8115,-1.764,-1.3185,1
05/22/2025 13:42:18.113,0.840092,-0.596824,0.437004,-6.02,12.81,3.465,-0.8085,-1.7685,-1.326,1
05/22/2025 13:42:18.133,0.828868,-0.608292,0.399672,0.105,2.59,5.635,-0.786,-1.7715,-1.3215,1
05/22/2025 13:42:18.153,0.835944,-0.5307,0.379176,5.6,-3.78,4.095,-0.8025,-1.746,-1.356,1
05/22/2025 13:42:18.173,0.8601,-0.541192,0.307196,3.045,-8.82,5.355,-0.831,-1.734,-1.335,1
05/22/2025 13:42:18.193,0.868152,-0.570716,0.28792,8.715,-9.59,7.875,-0.828,-1.7415,-1.3305,1
05/22/2025 13:42:18.213,0.904996,-0.600484,0.263032,16.24,-3.325,14.805,-0.828,-1.7415,-1.3305,1
05/22/2025 13:42:18.233,0.899628,-0.54534,0.284748,19.215,5.04,18.62,-0.828,-1.7415,-1.3305,1
05/22/2025 13:42:18.253,0.892064,-0.53192,0.273768,20.125,9.205,21.035,-0.8505,-1.74,-1.35,1
05/22/2025 13:42:18.273,0.879376,-0.521428,0.277672,21.49,11.795,22.4,-0.843,-1.725,-1.35,1
05/22/2025 13:42:18.293,0.868396,-0.524356,0.247904,19.845,13.16,25.375,-0.861,-1.707,-1.332,1
05/22/2025 13:42:18.313,0.86986,-0.539972,0.249124,20.965,14.805,26.005,-0.84,-1.722,-1.335,1
05/22/2025 13:42:18.333,0.85034,-0.5551,0.272548,24.99,15.12,24.57,-0.8685,-1.6995,-1.3215,1
05/22/2025 13:42:18.353,0.825696,-0.530944,0.300852,30.87,11.655,20.79,-0.891,-1.7295,-1.329,1
05/22/2025 13:42:18.373,0.832284,-0.475556,0.237412,31.64,1.33,15.96,-0.903,-1.7055,-1.3335,1
05/22/2025 13:42:18.393,0.826428,-0.414312,0.164456,31.5,-4.585,11.83,-0.9165,-1.6905,-1.3035,1
05/22/2025 13:42:18.413,0.80886,-0.44774,0.132736,35.07,-1.82,11.62,-0.8985,-1.695,-1.3215,1
05/22/2025 13:42:18.433,0.792512,-0.399184,0.160552,39.935,0.28,13.615,-0.924,-1.683,-1.296,1
05/22/2025 13:42:18.453,0.80154,-0.42822,0.15616,39.41,-0.805,13.895,-0.9525,-1.698,-1.2855,1
05/22/2025 13:42:18.473,0.772504,-0.368928,0.179584,39.76,0.28,18.025,-0.9615,-1.686,-1.2825,1
05/22/2025 13:42:18.493,0.732244,-0.402112,0.20984,37.135,-2.765,18.445,-0.9615,-1.686,-1.2825,1
05/22/2025 13:42:18.513,0.727364,-0.485072,0.172508,32.375,-14.875,16.45,-0.978,-1.716,-1.2705,1
05/22/2025 13:42:18.533,0.728828,-0.527528,0.168848,35.035,-25.795,14,-0.9825,-1.701,-1.278,1
05/22/2025 13:42:18.553,0.719312,-0.48922,0.17324,42.84,-34.3,8.995,-0.99,-1.7205,-1.2675,1
05/22/2025 13:42:18.573,0.728584,-0.490196,0.16226,49,-43.645,4.655,-1.008,-1.7085,-1.2375,1
05/22/2025 13:42:18.593,0.733708,-0.5246,0.187392,57.435,-50.33,1.645,-1.011,-1.698,-1.218,1
05/22/2025 13:42:18.613,0.74908,-0.527528,0.186172,64.33,-58.835,-1.61,-1.0395,-1.7385,-1.212,1
05/22/2025 13:42:18.633,0.792756,-0.54656,0.198616,64.47,-66.325,-3.22,-1.065,-1.7265,-1.209,1
05/22/2025 13:42:18.653,0.857172,-0.555832,0.191296,65.17,-69.51,-1.54,-1.0755,-1.7385,-1.167,1
05/22/2025 13:42:18.673,0.8723,-0.5368,0.220088,68.215,-64.05,1.68,-1.056,-1.7535,-1.143,1
05/22/2025 13:42:18.693,0.900116,-0.536068,0.24034,66.57,-59.71,5.25,-1.0545,-1.7355,-1.098,1
05/22/2025 13:42:18.713,0.90158,-0.519476,0.213256,62.51,-52.815,7,-1.0695,-1.7655,-1.095,1
05/22/2025 13:42:18.733,0.881572,-0.516304,0.270596,58.135,-42.595,10.08,-1.1085,-1.764,-1.0725,1
05/22/2025 13:42:18.753,0.885476,-0.534604,0.31354,51.52,-36.225,14.175,-1.0935,-1.7685,-1.038,1
05/22/2025 13:42:18.773,0.907924,-0.551928,0.254248,44.17,-38.85,15.085,-1.0965,-1.7655,-1.0125,1
05/22/2025 13:42:18.793,0.909876,-0.524356,0.256932,44.275,-38.64,14.49,-1.152,-1.731,-0.9795,1
05/22/2025 13:42:18.813,0.931104,-0.515084,0.214964,41.65,-38.5,12.25,-1.155,-1.734,-0.9765,1
05/22/2025 13:42:18.833,0.926224,-0.456036,0.189344,43.19,-36.96,12.425,-1.1475,-1.749,-0.972,1
05/22/2025 13:42:18.853,0.914268,-0.482632,0.202276,42.56,-28.455,13.51,-1.1475,-1.6965,-0.945,1
05/22/2025 13:42:18.873,0.892552,-0.469456,0.194224,45.01,-22.925,15.05,-1.1655,-1.7115,-0.939,1
05/22/2025 13:42:18.893,0.898652,-0.527772,0.201056,58.24,-21.77,15.575,-1.182,-1.719,-0.8865,1
05/22/2025 13:42:18.913,0.875228,-0.39772,0.224236,58.415,-21.77,20.79,-1.2315,-1.707,-0.9105,1
05/22/2025 13:42:18.933,0.896212,-0.427976,0.196176,47.32,-23.765,17.36,-1.2315,-1.707,-0.9105,1
05/22/2025 13:42:18.953,0.897188,-0.40748,0.174948,43.365,-22.295,16.8,-1.1715,-1.701,-0.897,1
05/22/2025 13:42:18.973,0.898896,-0.423584,0.166896,42.21,-19.845,16.835,-1.2195,-1.707,-0.8685,1
05/22/2025 13:42:18.993,0.866932,-0.437492,0.17812,38.045,-16.695,18.025,-1.227,-1.674,-0.846,1
05/22/2025 13:42:19.013,0.846924,-0.465308,0.155916,28.665,-14.595,19.285,-1.2165,-1.659,-0.8415,1
05/22/2025 13:42:19.033,0.8418,-0.485804,0.144204,28.245,-14.315,18.585,-1.2165,-1.659,-0.8415,1
05/22/2025 13:42:19.053,0.81618,-0.461404,0.150548,31.955,-14.28,15.4,-1.248,-1.6695,-0.828,1
05/22/2025 13:42:19.073,0.815204,-0.427244,0.178608,33.565,-17.815,10.535,-1.23,-1.6695,-0.8265,1
05/22/2025 13:42:19.093,0.79056,-0.440176,0.143716,27.825,-23.24,7.28,-1.2075,-1.6485,-0.8115,1
05/22/2025 13:42:19.113,0.816912,-0.48068,0.0976,25.55,-30.135,2.835,-1.215,-1.644,-0.789,1
05/22/2025 13:42:19.133,0.83814,-0.524356,0.07198,31.325,-30.905,-0.14,-1.1955,-1.659,-0.792,1
05/22/2025 13:42:19.153,0.880352,-0.52338,0.104432,38.71,-29.995,-0.735,-1.203,-1.629,-0.7815,1
05/22/2025 13:42:19.173,0.900116,-0.497272,0.082716,40.88,-25.095,1.085,-1.2405,-1.644,-0.771,1
05/22/2025 13:42:19.193,0.914268,-0.53802,0.126636,42.245,-19.81,1.715,-1.2135,-1.6665,-0.762,1
05/22/2025 13:42:19.213,0.958188,-0.543632,0.11834,42.21,-15.505,2.765,-1.2255,-1.629,-0.7515,1
05/22/2025 13:42:19.233,1.018944,-0.541924,0.129564,38.15,-8.75,3.22,-1.2165,-1.626,-0.7365,1
05/22/2025 13:42:19.253,1.05774,-0.550464,0.094428,31.605,0.56,2.275,-1.2285,-1.641,-0.744,1
05/22/2025 13:42:19.273,1.081164,-0.554612,0.104432,27.405,10.605,0.245,-1.2165,-1.629,-0.732,1
05/22/2025 13:42:19.293,1.027484,-0.57706,0.116632,10.115,19.6,-1.05,-1.2165,-1.629,-0.732,1
05/22/2025 13:42:19.313,0.9821,-0.54534,0.10492,1.75,18.41,0.455,-1.218,-1.629,-0.759,1
05/22/2025 13:42:19.333,0.916952,-0.547048,0.09076799,-3.85,18.515,1.505,-1.221,-1.629,-0.7695,1
05/22/2025 13:42:19.353,0.882792,-0.49898,0.05368,-4.795,15.365,2.94,-1.2435,-1.6365,-0.7665,1
05/22/2025 13:42:19.373,0.822036,-0.432368,0.061976,-0.35,13.44,3.78,-1.215,-1.6215,-0.7695,1
05/22/2025 13:42:19.393,0.78934,-0.451156,0.05978,0.14,9.835,4.13,-1.251,-1.614,-0.7635,1
05/22/2025 13:42:19.413,0.770552,-0.458232,0.053192,5.005,7.805,3.745,-1.23,-1.617,-0.7965,1
05/22/2025 13:42:19.433,0.769332,-0.45384,0.0854,12.04,7.875,5.495,-1.23,-1.6365,-0.789,1
05/22/2025 13:42:19.453,0.785924,-0.457012,0.103456,14,8.155,6.58,-1.2345,-1.6215,-0.804,1
05/22/2025 13:42:19.473,0.811056,-0.429928,0.114192,12.985,8.225,4.83,-1.212,-1.617,-0.8085,1
05/22/2025 13:42:19.493,0.854244,-0.42578,0.095892,12.04,8.12,1.085,-1.2255,-1.6515,-0.804,1
05/22/2025 13:42:19.513,0.88694,-0.402356,0.094916,7.35,10.57,-2.38,-1.2375,-1.6365,-0.8085,1
05/22/2025 13:42:19.533,0.917196,-0.410164,0.073688,-5.32,12.915,-5.81,-1.2375,-1.6365,-0.7965,1
05/22/2025 13:42:19.553,0.911828,-0.447984,0.099796,-27.23,17.885,-9.975,-1.2375,-1.6365,-0.7965,1
05/22/2025 13:42:19.573,0.9089,-0.45384,0.099796,-39.2,17.71,-11.725,-1.2375,-1.6365,-0.7965,1
05/22/2025 13:42:19.593,0.89426,-0.456036,0.10614,-48.405,14.91,-12.565,-1.2,-1.641,-0.8145,1
05/22/2025 13:42:19.613,0.871568,-0.462868,0.100528,-54.25,7.84,-14.42,-1.209,-1.6365,-0.831,1
05/22/2025 13:42:19.633,0.831064,-0.472872,0.088084,-57.225,-0.63,-16.835,-1.209,-1.662,-0.864,1
05/22/2025 13:42:19.653,0.802272,-0.496052,0.085888,-54.635,-9.24,-19.425,-1.2015,-1.671,-0.8445,1
05/22/2025 13:42:19.673,0.783972,-0.507764,0.081008,-43.12,-17.99,-22.155,-1.23,-1.674,-0.849,1
05/22/2025 13:42:19.693,0.781044,-0.51728,0.093208,-25.935,-25.305,-24.78,-1.2165,-1.6665,-0.849,1
05/22/2025 13:42:19.713,0.802272,-0.511424,0.130052,-5.145,-32.095,-28.07,-1.2045,-1.6785,-0.8295,1
05/22/2025 13:42:19.733,0.82716,-0.494832,0.157868,14.84,-37.73,-32.025,-1.1895,-1.6635,-0.8415,1
05/22/2025 13:42:19.753,0.856928,-0.45994,0.187392,29.61,-43.75,-35.595,-1.23,-1.6845,-0.831,1
05/22/2025 13:42:19.773,0.889136,-0.434564,0.199104,35.84,-48.3,-38.99,-1.2285,-1.7265,-0.804,1
05/22/2025 13:42:19.793,0.921588,-0.42334,0.207156,35.21,-49.945,-41.16,-1.2315,-1.7085,-0.792,1
05/22/2025 13:42:19.813,0.940132,-0.41846,0.207888,29.715,-44.905,-41.86,-1.233,-1.7685,-0.7395,1
05/22/2025 13:42:19.833,0.935252,-0.386252,0.210816,23.765,-38.185,-40.39,-1.233,-1.7685,-0.7395,1
05/22/2025 13:42:19.853,0.934276,-0.381372,0.19154,15.995,-30.485,-37.31,-1.1685,-1.815,-0.7215,1
05/22/2025 13:42:19.873,0.942084,-0.38918,0.205936,8.435,-22.365,-34.055,-1.1715,-1.827,-0.6915,1
05/22/2025 13:42:19.893,0.945988,-0.407236,0.221552,3.185,-15.715,-32.2,-1.1715,-1.827,-0.6915,1
05/22/2025 13:42:19.913,0.945988,-0.416264,0.21228,0.91,-11.13,-30.8,-1.197,-1.857,-0.711,1
05/22/2025 13:42:19.933,0.939156,-0.419436,0.21838,-0.56,-8.82,-29.19,-1.1925,-1.887,-0.6945,1
05/22/2025 13:42:19.953,0.925004,-0.414068,0.220332,-0.98,-6.475,-27.615,-1.1445,-1.8765,-0.687,1
05/22/2025 13:42:19.973,0.932568,-0.408944,0.204472,-2.905,-6.965,-24.395,-1.152,-1.8915,-0.7095,1
05/22/2025 13:42:19.993,0.928664,-0.411872,0.181536,-1.96,-4.585,-21.91,-1.137,-1.8765,-0.693,1
05/22/2025 13:42:20.013,0.919636,-0.41602,0.182268,-0.14,-1.75,-18.55,-1.116,-1.8765,-0.6975,1
05/22/2025 13:42:20.033,0.937936,-0.432612,0.2013,2.135,0.875,-15.75,-1.14,-1.929,-0.705,1
05/22/2025 13:42:20.053,0.948428,-0.417728,0.221796,7.595,4.9,-13.93,-1.086,-1.896,-0.696,1
05/22/2025 13:42:20.073,0.954284,-0.360144,0.19276,11.865,7.945,-11.235,-1.1295,-1.899,-0.705,1
05/22/2025 13:42:20.093,0.973316,-0.377712,0.266692,11.165,13.265,-6.405,-1.119,-1.9185,-0.7275,1
05/22/2025 13:42:20.113,0.966972,-0.429928,0.274012,6.125,16.415,0.525,-1.107,-1.9065,-0.708,1
05/22/2025 13:42:20.133,0.985272,-0.45506,0.2806,6.86,15.96,5.215,-1.1295,-1.929,-0.705,1
05/22/2025 13:42:20.153,0.967216,-0.407968,0.285236,7.595,16.45,9.975,-1.116,-1.896,-0.7455,1
05/22/2025 13:42:20.173,0.948672,-0.400892,0.253028,4.235,15.89,13.23,-1.1205,-1.8915,-0.735,1
05/22/2025 13:42:20.193,0.947452,-0.393572,0.207888,0.805,13.3,16.765,-1.179,-1.89,-0.7215,1
05/22/2025 13:42:20.213,0.922808,-0.398452,0.187148,-0.63,13.86,22.995,-1.1535,-1.8765,-0.7365,1
05/22/2025 13:42:20.233,0.912316,-0.390644,0.16714,-0.98,14.035,27.58,-1.158,-1.8795,-0.7545,1
05/22/2025 13:42:20.253,0.875716,-0.376004,0.14762,1.085,14.14,29.75,-1.143,-1.8915,-0.7425,1
05/22/2025 13:42:20.273,0.881572,-0.366,0.152012,2.555,10.885,29.995,-1.1355,-1.854,-0.759,1
05/22/2025 13:42:20.293,0.882548,-0.354044,0.149816,4.865,8.295,28.84,-1.143,-1.869,-0.7545,1
05/22/2025 13:42:20.313,0.832284,-0.360632,0.142984,6.825,5.425,27.475,-1.1655,-1.83,-0.7665,0
05/22/2025 13:42:20.333,0.816912,-0.356972,0.129808,11.305,-0.98,23.415,-1.17,-1.8375,-0.7665,0
05/22/2025 13:42:20.353,0.7808,-0.353312,0.1464,23.205,-9.24,14.42,-1.1775,-1.8405,-0.798,0
05/22/2025 13:42:20.373,0.786412,-0.344528,0.161528,25.9,-16.24,8.785,-1.1775,-1.8405,-0.798,0
05/22/2025 13:42:20.393,0.800808,-0.374296,0.14152,29.68,-22.925,2.205,-1.1595,-1.8045,-0.759,0
05/22/2025 13:42:20.413,0.816912,-0.379908,0.120292,38.08,-25.2,-2.52,-1.143,-1.83,-0.7365,0
05/22/2025 13:42:20.433,0.84424,-0.406992,0.159088,45.185,-25.585,-7.875,-1.143,-1.815,-0.729,0
05/22/2025 13:42:20.453,0.865712,-0.405772,0.185196,50.61,-25.445,-13.125,-1.14,-1.839,-0.7395,0
05/22/2025 13:42:20.473,0.887672,-0.375272,0.202764,53.41,-28.42,-16.555,-1.143,-1.8,-0.732,0
05/22/2025 13:42:20.493,0.939644,-0.388936,0.197884,48.44,-31.29,-17.325,-1.146,-1.8315,-0.7095,0
05/22/2025 13:42:20.513,0.998936,-0.42456,0.19764,43.295,-30.8,-16.87,-1.1565,-1.839,-0.6945,0
05/22/2025 13:42:20.533,1.037244,-0.408212,0.190808,40.355,-26.565,-14.245,-1.137,-1.857,-0.6705,0
05/22/2025 13:42:20.553,1.054812,-0.418216,0.193736,33.565,-21.21,-8.89,-1.164,-1.8465,-0.675,0
05/22/2025 13:42:20.573,1.06872,-0.443104,0.182268,24.36,-16.31,-1.75,-1.155,-1.842,-0.6255,0
05/22/2025 13:42:20.593,1.037976,-0.42456,0.175436,18.83,-9.975,7.14,-1.1445,-1.8585,-0.645,0
05/22/2025 13:42:20.613,1.016016,-0.415288,0.159088,15.365,-5.285,16.345,-1.155,-1.8465,-0.6225,0
05/22/2025 13:42:20.633,0.980636,-0.40626,0.168848,14.28,0.385,28.035,-1.155,-1.8465,-0.6225,0
05/22/2025 13:42:20.653,0.970632,-0.404796,0.160064,13.755,-0.42,31.675,-1.2,-1.8075,-0.627,0
05/22/2025 13:42:20.673,0.956968,-0.394548,0.149816,15.4,-2.73,32.55,-1.182,-1.8045,-0.627,0
05/22/2025 13:42:20.693,0.949892,-0.376004,0.118096,19.95,-7.14,30.73,-1.197,-1.797,-0.6315,0
05/22/2025 13:42:20.713,0.931592,-0.33672,0.142252,27.405,-8.26,28,-1.1955,-1.7925,-0.612,0
05/22/2025 13:42:20.733,0.930616,-0.352336,0.153232,27.475,-9.17,25.41,-1.2225,-1.7775,-0.6285,0
05/22/2025 13:42:20.753,0.935008,-0.359412,0.155916,26.775,-10.36,22.61,-1.2075,-1.7775,-0.6015,0
05/22/2025 13:42:20.773,0.936228,-0.327692,0.165676,27.37,-9.52,20.125,-1.2225,-1.758,-0.591,0
05/22/2025 13:42:20.793,0.937692,-0.343796,0.135908,26.215,-9.135,17.675,-1.2075,-1.7595,-0.5865,0
05/22/2025 13:42:20.813,0.94062,-0.321104,0.138104,26.075,-3.5,16.24,-1.191,-1.77,-0.5745,0
05/22/2025 13:42:20.833,0.928908,-0.323788,0.153964,24.535,2.17,12.425,-1.215,-1.7595,-0.5865,0
05/22/2025 13:42:20.853,0.920124,-0.311344,0.144692,21.77,2.17,10.185,-1.1955,-1.7475,-0.5745,0
05/22/2025 13:42:20.873,0.924028,-0.341356,0.138348,17.395,2.695,8.4,-1.2105,-1.7295,-0.5865,0
05/22/2025 13:42:20.893,0.91988,-0.336232,0.11956,15.4,2.975,7.035,-1.2195,-1.7055,-0.5985,0
05/22/2025 13:42:20.913,0.913048,-0.338184,0.121268,13.475,2.38,4.69,-1.2195,-1.7055,-0.5985,0
05/22/2025 13:42:20.933,0.9089,-0.353556,0.101016,12.11,0.91,2.905,-1.2225,-1.713,-0.576,0
05/22/2025 13:42:20.953,0.900116,-0.354532,0.097844,11.83,-1.19,1.155,-1.23,-1.6755,-0.576,0
05/22/2025 13:42:20.973,0.87962,-0.35624,0.084424,12.635,-4.375,-1.12,-1.242,-1.6905,-0.588,0
05/22/2025 13:42:20.993,0.875472,-0.352824,0.0793,14.455,-7.56,-3.01,-1.23,-1.6875,-0.5835,0
05/22/2025 13:42:21.013,0.874252,-0.358192,0.085644,14.84,-9.765,-3.535,-1.242,-1.6755,-0.588,0
05/22/2025 13:42:21.033,0.8723,-0.365024,0.081252,17.08,-13.3,-4.165,-1.263,-1.6935,-0.588,0
05/22/2025 13:42:21.053,0.861808,-0.379908,0.077836,20.44,-16.695,-4.48,-1.2555,-1.6755,-0.558,0
05/22/2025 13:42:21.073,0.867664,-0.414556,0.093208,21.665,-22.75,-4.55,-1.26,-1.683,-0.5655,0
05/22/2025 13:42:21.093,0.861808,-0.40748,0.088816,21.595,-26.88,-3.605,-1.266,-1.686,-0.5355,0
05/22/2025 13:42:21.113,0.8418,-0.393084,0.09394,23.73,-31.22,-1.19,-1.2405,-1.683,-0.546,0
05/22/2025 13:42:21.133,0.800564,-0.40504,0.085156,28.105,-32.97,-0.98,-1.2465,-1.6875,-0.5235,0
05/22/2025 13:42:21.153,0.783728,-0.402844,0.078812,31.955,-33.915,0.07,-1.2585,-1.6875,-0.5205,0
05/22/2025 13:42:21.173,0.826916,-0.404796,0.09516,39.725,-32.83,-0.665,-1.2435,-1.665,-0.4935,0
05/22/2025 13:42:21.193,0.898652,-0.43066,0.103212,44.065,-32.025,-2.31,-1.263,-1.6875,-0.429,0
05/22/2025 13:42:21.213,0.984296,-0.45262,0.08662,48.895,-28.7,-6.51,-1.248,-1.6845,-0.4245,0
05/22/2025 13:42:21.233,1.08214,-0.434076,0.07124799,49.63,-22.4,-12.985,-1.23,-1.6995,-0.429,0
05/22/2025 13:42:21.253,1.15656,-0.430172,0.09076799,38.885,-12.635,-18.165,-1.221,-1.689,-0.402,0
05/22/2025 13:42:21.273,1.189256,-0.431636,0.066612,18.235,-1.96,-19.985,-1.2255,-1.692,-0.387,0
05/22/2025 13:42:21.293,1.175836,-0.448716,0.030256,-1.855,12.11,-17.71,-1.215,-1.6845,-0.405,0
05/22/2025 13:42:21.313,1.131916,-0.500688,0.056852,-20.16,23.73,-10.36,-1.206,-1.689,-0.39,0
05/22/2025 13:42:21.333,1.062376,-0.49776,0.06222,-33.11,29.47,-0.91,-1.233,-1.6725,-0.429,0
05/22/2025 13:42:21.353,1.00284,-0.491416,0.067588,-40.145,28.665,8.085,-1.245,-1.7145,-0.4395,0
05/22/2025 13:42:21.373,0.957456,-0.437492,0.045384,-39.095,24.36,14.63,-1.245,-1.7145,-0.4395,0
05/22/2025 13:42:21.393,0.926956,-0.45018,0.004392,-27.475,20.475,17.92,-1.2225,-1.692,-0.447,0
05/22/2025 13:42:21.413,0.91012,-0.465064,0.025864,-3.43,19.495,20.125,-1.2495,-1.6875,-0.474,0
05/22/2025 13:42:21.433,0.883768,-0.369904,0.08784,38.92,16.8,22.085,-1.2345,-1.6725,-0.471,0
05/22/2025 13:42:21.453,0.926224,-0.24644,0.116388,43.61,11.76,21.105,-1.242,-1.6455,-0.4635,0
05/22/2025 13:42:21.473,0.966728,-0.272548,0.10858,31.22,11.165,16.17,-1.2765,-1.641,-0.483,0
05/22/2025 13:42:21.493,0.98088,-0.289628,0.116876,19.635,13.965,12.25,-1.3095,-1.6215,-0.48,0
05/22/2025 13:42:21.513,0.983808,-0.26352,0.092964,8.05,16.59,8.855,-1.281,-1.6155,-0.495,0
05/22/2025 13:42:21.533,0.964776,-0.262544,0.082716,-4.27,23.73,8.05,-1.278,-1.6305,-0.51,0
05/22/2025 13:42:21.553,0.937692,-0.2684,0.095648,-16.45,32.235,8.82,-1.296,-1.6185,-0.522,0
05/22/2025 13:42:21.573,0.920612,-0.371856,0.097356,-31.675,35.7,8.26,-1.275,-1.6155,-0.522,0
05/22/2025 13:42:21.593,0.876936,-0.400648,0.087352,-40.215,33.565,8.855,-1.29,-1.611,-0.54,0
05/22/2025 13:42:21.613,0.845948,-0.373076,0.102724,-43.26,29.925,6.545,-1.2825,-1.623,-0.5295,0
05/22/2025 13:42:21.633,0.821304,-0.401136,0.112728,-44.87,23.695,3.85,-1.2825,-1.6485,-0.5595,0
05/22/2025 13:42:21.653,0.790804,-0.398696,0.136152,-35.84,15.155,1.155,-1.272,-1.641,-0.582,0
05/22/2025 13:42:21.673,0.789096,-0.380884,0.147132,-23.17,2.31,-2.765,-1.284,-1.6515,-0.6015,0
05/22/2025 13:42:21.693,0.783484,-0.382348,0.1464,-11.445,-8.785,-6.86,-1.2615,-1.6605,-0.6045,0
05/22/2025 13:42:21.713,0.855952,-0.416752,0.133224,5.18,-25.97,-15.505,-1.2615,-1.6605,-0.6045,0
05/22/2025 13:42:21.733,0.897676,-0.37454,0.136396,16.065,-31.255,-19.74,-1.284,-1.641,-0.597,0
05/22/2025 13:42:21.753,0.930128,-0.381616,0.1952,21.21,-31.01,-21.07,-1.248,-1.653,-0.555,0
05/22/2025 13:42:21.773,0.945012,-0.41358,0.212524,16.835,-28.7,-19.67,-1.2375,-1.6755,-0.558,0
05/22/2025 13:42:21.793,0.949648,-0.39528,0.188124,14.07,-25.235,-18.06,-1.2255,-1.6755,-0.561,0
05/22/2025 13:42:21.813,0.942084,-0.352336,0.233752,9.765,-18.34,-14.42,-1.263,-1.71,-0.5475,0
05/22/2025 13:42:21.833,0.9394,-0.335012,0.231312,-5.075,-13.685,-10.92,-1.233,-1.6755,-0.558,0
05/22/2025 13:42:21.853,0.922076,-0.34404,0.25376,-16.03,-8.155,-7.175,-1.2105,-1.6875,-0.5265,0
05/22/2025 13:42:21.873,0.920856,-0.3965,0.217648,-21.63,-5.32,-5.425,-1.2255,-1.695,-0.5655,0
05/22/2025 13:42:21.893,0.918416,-0.406748,0.23668,-21.14,-2.03,-3.675,-1.203,-1.7025,-0.5295,0
05/22/2025 13:42:21.913,0.922808,-0.380884,0.225944,-19.005,1.085,-5.88,-1.2255,-1.7025,-0.5415,0
05/22/2025 13:42:21.933,0.913048,-0.378688,0.23668,-20.51,1.995,-7.735,-1.2225,-1.71,-0.5685,0
05/22/2025 13:42:21.953,0.915,-0.355264,0.205204,-23.17,-0.28,-10.78,-1.221,-1.7175,-0.546,0
05/22/2025 13:42:21.973,0.914756,-0.305244,0.172508,-20.965,0.7,-12.985,-1.221,-1.7175,-0.546,0
05/22/2025 13:42:21.993,0.9211,-0.35136,0.191784,-21.315,2.975,-14.21,-1.221,-1.7175,-0.546,0
05/22/2025 13:42:22.013,0.93086,-0.377712,0.192028,-20.895,4.865,-13.65,-1.2165,-1.755,-0.552,0
05/22/2025 13:42:22.033,0.925004,-0.369904,0.199592,-18.48,6.475,-13.755,-1.2255,-1.752,-0.5565,0
05/22/2025 13:42:22.053,0.93208,-0.36112,0.180804,-17.955,3.22,-14.315,-1.2285,-1.7625,-0.546,0
05/22/2025 13:42:22.073,0.939156,-0.331596,0.182512,-17.115,0.455,-13.51,-1.218,-1.7625,-0.5865,0
05/22/2025 13:42:22.093,0.953308,-0.355264,0.147864,-21.49,-1.33,-13.125,-1.209,-1.7925,-0.549,0
05/22/2025 13:42:22.113,0.949648,-0.384056,0.1464,-22.33,-0.175,-11.865,-1.206,-1.8015,-0.5565,0
05/22/2025 13:42:22.133,0.950624,-0.38064,0.138348,-21.56,1.68,-9.59,-1.1835,-1.8015,-0.582,0
05/22/2025 13:42:22.153,0.933788,-0.37332,0.122732,-21.77,3.64,-7.7,-1.1865,-1.809,-0.567,0
05/22/2025 13:42:22.173,0.932812,-0.355264,0.106872,-20.825,4.515,-7.105,-1.1835,-1.809,-0.5745,0
05/22/2025 13:42:22.193,0.928908,-0.318176,0.103456,-19.11,6.93,-5.425,-1.188,-1.7895,-0.5775,0
05/22/2025 13:42:22.213,0.925248,-0.362584,0.1342,-20.615,11.375,-4.725,-1.188,-1.797,-0.582,0
05/22/2025 13:42:22.233,0.906948,-0.40138,0.135908,-19.845,9.73,-4.655,-1.1805,-1.812,-0.582,0
05/22/2025 13:42:22.253,0.9089,-0.404308,0.12688,-17.71,7.035,-4.2,-1.1805,-1.812,-0.582,0
05/22/2025 13:42:22.273,0.90646,-0.40382,0.13908,-15.54,4.83,-4.235,-1.2075,-1.7895,-0.6285,0
05/22/2025 13:42:22.293,0.92598,-0.39894,0.128588,-15.785,2.905,-3.325,-1.1925,-1.8045,-0.609,0
05/22/2025 13:42:22.313,0.915976,-0.39894,0.132736,-14.035,2.275,-2.38,-1.203,-1.782,-0.6165,0
05/22/2025 13:42:22.333,0.920368,-0.394792,0.141032,-11.725,-0.07,-0.875,-1.203,-1.782,-0.6165,0
05/22/2025 13:42:22.353,0.940132,-0.408944,0.139568,-11.235,-3.115,-1.015,-1.215,-1.8,-0.6165,0
05/22/2025 13:42:22.373,0.937936,-0.412116,0.134688,-10.85,-4.655,-0.595,-1.2,-1.8,-0.636,0
05/22/2025 13:42:22.393,0.938424,-0.417972,0.150548,-9.135,-4.48,0.315,-1.2105,-1.7925,-0.6135,0
05/22/2025 13:42:22.413,0.93086,-0.393084,0.1464,-7.56,-3.36,1.995,-1.221,-1.8075,-0.609,0
05/22/2025 13:42:22.433,0.935496,-0.386008,0.171532,-6.335,-1.89,3.99,-1.188,-1.8345,-0.6,0
05/22/2025 13:42:22.453,0.939156,-0.413336,0.162504,-6.755,-1.75,5.81,-1.1805,-1.8165,-0.6045,0
05/22/2025 13:42:22.473,0.924028,-0.410896,0.172264,-4.34,-0.175,6.265,-1.2075,-1.7775,-0.594,0
05/22/2025 13:42:22.493,0.922808,-0.388448,0.16592,-1.75,-0.035,5.95,-1.218,-1.7925,-0.606,0
05/22/2025 13:42:22.513,0.928908,-0.42944,0.155916,1.645,-0.105,5.11,-1.2105,-1.8345,-0.6165,0
05/22/2025 13:42:22.533,0.932812,-0.376736,0.181536,7.245,0.56,3.045,-1.188,-1.812,-0.5895,0
05/22/2025 13:42:22.553,0.926224,-0.384544,0.16592,6.79,0.63,1.75,-1.203,-1.8075,-0.594,0
05/22/2025 13:42:22.573,0.931348,-0.36356,0.154696,6.265,-0.91,0.91,-1.203,-1.8045,-0.612,0
05/22/2025 13:42:22.593,0.914024,-0.358192,0.141276,7.07,-1.015,0.105,-1.2135,-1.785,-0.594,0
05/22/2025 13:42:22.613,0.92354,-0.355264,0.120536,8.225,-0.175,-0.91,-1.1805,-1.8015,-0.6045,0
05/22/2025 13:42:22.633,0.925736,-0.349896,0.12444,9.835,1.785,-1.68,-1.188,-1.809,-0.5925,0
05/22/2025 13:42:22.653,0.927932,-0.366732,0.128832,9.625,4.165,-1.645,-1.2,-1.755,-0.5745,0
05/22/2025 13:42:22.673,0.927688,-0.358924,0.13054,9.695,4.55,-1.645,-1.2,-1.797,-0.609,0
05/22/2025 13:42:22.693,0.933056,-0.354288,0.136152,10.29,3.255,-0.98,-1.1925,-1.7895,-0.6015,0
05/22/2025 13:42:22.713,0.936716,-0.376248,0.119804,8.54,2.205,0,-1.212,-1.77,-0.621,0
05/22/2025 13:42:22.733,0.942084,-0.376492,0.13786,8.26,1.435,0.49,-1.2,-1.7475,-0.6135,0
05/22/2025 13:42:22.753,0.939888,-0.382348,0.120536,7.595,0.665,0.875,-1.2255,-1.7625,-0.5985,0
05/22/2025 13:42:22.773,0.9333,-0.367464,0.123708,10.325,0.28,1.4,-1.215,-1.77,-0.624,0
05/22/2025 13:42:22.793,0.93208,-0.365024,0.131272,10.185,-0.455,2.03,-1.215,-1.77,-0.624,0
05/22/2025 13:42:22.813,0.91988,-0.358436,0.12566,9.905,-0.7,2.59,-1.2075,-1.7775,-0.6165,0
05/22/2025 13:42:22.833,0.934764,-0.332816,0.123464,9.45,-1.33,3.64,-1.215,-1.7625,-0.5865,0
05/22/2025 13:42:22.853,0.930128,-0.3172,0.130052,8.855,-0.105,5.355,-1.221,-1.755,-0.579,0
05/22/2025 13:42:22.873,0.926956,-0.367952,0.143472,5.915,0.14,5.705,-1.2255,-1.782,-0.591,0
05/22/2025 13:42:22.893,0.942084,-0.415532,0.14152,4.41,-0.84,6.895,-1.215,-1.7505,-0.6015,0
05/22/2025 13:42:22.913,0.92842,-0.371124,0.137372,5.915,0.245,6.755,-1.2225,-1.7745,-0.5985,0
05/22/2025 13:42:22.933,0.932324,-0.354044,0.125904,6.265,-1.05,7.665,-1.221,-1.785,-0.576,0
05/22/2025 13:42:22.953,0.923296,-0.358192,0.155428,7.14,-1.33,9.45,-1.236,-1.8,-0.564,0
05/22/2025 13:42:22.973,0.936716,-0.394304,0.14762,4.55,-1.89,9.94,-1.203,-1.77,-0.582,0
05/22/2025 13:42:22.993,0.921588,-0.387228,0.127368,4.305,-1.75,9.485,-1.221,-1.77,-0.591,0
05/22/2025 13:42:23.013,0.92232,-0.350628,0.14884,7.21,-1.12,8.785,-1.221,-1.782,-0.5715,0
05/22/2025 13:42:23.033,0.930128,-0.36478,0.166164,3.22,-0.42,8.96,-1.2,-1.7595,-0.606,0
05/22/2025 13:42:23.053,0.916952,-0.373808,0.143472,3.01,0.525,8.925,-1.2,-1.7595,-0.606,0
05/22/2025 13:42:23.073,0.930128,-0.354288,0.137616,3.605,0.84,8.12,-1.2,-1.7595,-0.606,0
05/22/2025 13:42:23.093,0.926712,-0.37698,0.128832,2.73,2.17,7.07,-1.215,-1.74,-0.6135,0
05/22/2025 13:42:23.113,0.927688,-0.373076,0.156404,3.885,3.01,5.355,-1.2,-1.7625,-0.597,0
05/22/2025 13:42:23.133,0.923784,-0.358192,0.129808,4.41,1.365,1.96,-1.2225,-1.7625,-0.5985,0
05/22/2025 13:42:23.153,0.915244,-0.341844,0.143228,5.6,0.98,1.33,-1.245,-1.74,-0.615,0
05/22/2025 13:42:23.173,0.91378,-0.365268,0.118584,2.905,-2.45,-0.035,-1.215,-1.728,-0.6135,0
05/22/2025 13:42:23.193,0.914756,-0.3233,0.119316,4.515,-3.745,-1.54,-1.215,-1.74,-0.621,0
05/22/2025 13:42:23.213,0.91378,-0.323788,0.109556,5.005,-4.48,-3.185,-1.2225,-1.743,-0.621,0
05/22/2025 13:42:23.233,0.925248,-0.321592,0.104432,5.95,-5.495,-3.85,-1.23,-1.725,-0.6105,0
05/22/2025 13:42:23.253,0.932324,-0.328912,0.096868,4.41,-5.145,-4.55,-1.2405,-1.7475,-0.5835,0
05/22/2025 13:42:23.273,0.933544,-0.34038,0.089792,2.94,-4.095,-5.775,-1.2225,-1.7475,-0.594,0
05/22/2025 13:42:23.293,0.93086,-0.339648,0.10126,3.675,-2.345,-6.335,-1.221,-1.77,-0.591,0
05/22/2025 13:42:23.313,0.928176,-0.296216,0.127856,1.54,-3.885,-5.67,-1.1925,-1.7625,-0.597,0
05/22/2025 13:42:23.333,0.93452,-0.367464,0.110044,-5.285,-6.125,-5.985,-1.1925,-1.7625,-0.597,0
05/22/2025 13:42:23.353,0.924028,-0.376736,0.109068,-3.675,-5.705,-6.195,-1.2075,-1.755,-0.609,0
05/22/2025 13:42:23.373,0.930128,-0.367708,0.108824,-0.63,-6.16,-7.175,-1.2105,-1.8,-0.5865,0
05/22/2025 13:42:23.393,0.93696,-0.36112,0.10614,0.035,-6.265,-8.12,-1.206,-1.7775,-0.582,0
05/22/2025 13:42:23.413,0.936472,-0.37942,0.120536,-1.645,-6.195,-8.435,-1.2285,-1.7805,-0.594,0
05/22/2025 13:42:23.433,0.943548,-0.3904,0.123464,-1.645,-5.95,-8.82,-1.188,-1.7865,-0.567,0
05/22/2025 13:42:23.453,0.945012,-0.347212,0.092964,-1.225,-5.95,-7.315,-1.209,-1.8045,-0.5745,0
05/22/2025 13:42:23.473,0.940864,-0.331596,0.110044,-1.47,-2.345,-5.495,-1.1925,-1.782,-0.594,0
05/22/2025 13:42:23.493,0.933788,-0.38796,0.152012,-5.355,-0.49,-2.485,-1.188,-1.782,-0.5895,0
05/22/2025 13:42:23.513,0.940376,-0.437492,0.152744,-8.54,-0.945,-0.35,-1.206,-1.8,-0.594,0
05/22/2025 13:42:23.533,0.931104,-0.396256,0.137616,-4.235,-0.63,0.14,-1.194,-1.794,-0.5625,0
05/22/2025 13:42:23.553,0.93452,-0.37698,0.1525,-3.535,-1.54,-0.455,-1.1955,-1.77,-0.5745,0
05/22/2025 13:42:23.573,0.938424,-0.41846,0.1525,-6.265,-2.73,-2.1,-1.1985,-1.8,-0.5895,0
05/22/2025 13:42:23.593,0.925004,-0.39528,0.145668,-4.445,-3.115,-3.64,-1.1985,-1.8,-0.5895,0
05/22/2025 13:42:23.613,0.925492,-0.38674,0.13786,-3.99,-2.59,-3.22,-1.203,-1.77,-0.5595,0
05/22/2025 13:42:23.633,0.922808,-0.392352,0.136152,-4.06,-1.68,-1.645,-1.221,-1.7775,-0.5715,0
05/22/2025 13:42:23.653,0.930372,-0.393572,0.135664,-4.305,-0.84,-0.875,-1.215,-1.755,-0.5835,0
05/22/2025 13:42:23.673,0.923296,-0.38064,0.125416,-4.235,0,-0.84,-1.2,-1.7595,-0.597,0
05/22/2025 13:42:23.693,0.93696,-0.379176,0.121512,-4.445,0.455,-1.05,-1.221,-1.77,-0.561,0
05/22/2025 13:42:23.713,0.92964,-0.393328,0.120536,-4.445,0.84,-1.12,-1.221,-1.77,-0.549,0
05/22/2025 13:42:23.733,0.93086,-0.38918,0.121268,-4.515,0.42,-0.84,-1.2165,-1.7775,-0.5415,0
05/22/2025 13:42:23.753,0.931592,-0.388936,0.112972,-4.795,0.035,-0.14,-1.2105,-1.755,-0.564,0
05/22/2025 13:42:23.773,0.935252,-0.380884,0.096624,-4.235,0.035,0.735,-1.224,-1.77,-0.561,0
05/22/2025 13:42:23.793,0.939156,-0.371368,0.105408,-3.465,1.12,1.645,-1.2105,-1.782,-0.5715,0
05/22/2025 13:42:23.813,0.945256,-0.373808,0.099308,-4.76,1.085,2.52,-1.2105,-1.782,-0.5715,0
05/22/2025 13:42:23.833,0.93818,-0.37698,0.1037,-6.195,1.89,4.375,-1.221,-1.797,-0.567,0
05/22/2025 13:42:23.853,0.933544,-0.388204,0.102236,-6.755,1.89,6.09,-1.221,-1.7775,-0.549,0
05/22/2025 13:42:23.873,0.907924,-0.391864,0.089304,-5.565,1.4,5.67,-1.2135,-1.77,-0.5445,0
05/22/2025 13:42:23.893,0.915244,-0.366488,0.0976,-5.005,0.105,4.795,-1.2135,-1.7745,-0.552,0
05/22/2025 13:42:23.913,0.91744,-0.406748,0.105164,-4.06,0.315,4.2,-1.233,-1.758,-0.579,0
05/22/2025 13:42:23.933,0.922564,-0.367952,0.099064,-0.49,-0.07,3.71,-1.2135,-1.752,-0.561,0
05/22/2025 13:42:23.953,0.924272,-0.3843,0.10492,-1.12,0.245,3.01,-1.1925,-1.74,-0.579,0
05/22/2025 13:42:23.973,0.926956,-0.377468,0.10858,-1.12,0.14,2.38,-1.221,-1.767,-0.561,0
05/22/2025 13:42:23.993,0.925492,-0.386496,0.10736,-1.295,0.63,1.68,-1.221,-1.767,-0.564,0
05/22/2025 13:42:24.013,0.92598,-0.405772,0.11468,-0.98,0.28,0.7,-1.221,-1.728,-0.564,0
05/22/2025 13:42:24.033,0.923052,-0.402356,0.114436,-0.07,-1.365,-0.56,-1.1955,-1.7295,-0.5715,0
05/22/2025 13:42:24.053,0.925248,-0.37698,0.099552,4.2,-3.675,-1.855,-1.221,-1.7475,-0.5685,0
05/22/2025 13:42:24.073,0.919636,-0.360632,0.115656,5.775,-3.395,-2.66,-1.251,-1.7475,-0.561,0
05/22/2025 13:42:24.093,0.93086,-0.371124,0.097356,2.835,-4.585,-3.185,-1.239,-1.7655,-0.5685,0
05/22/2025 13:42:24.113,0.936716,-0.358436,0.107116,2.66,-3.29,-3.045,-1.221,-1.755,-0.549,0
05/22/2025 13:42:24.133,0.936472,-0.382592,0.099064,1.435,-3.15,-3.01,-1.221,-1.755,-0.549,0
05/22/2025 13:42:24.153,0.9333,-0.359168,0.088572,2.835,-3.955,-3.255,-1.224,-1.7445,-0.549,0
05/22/2025 13:42:24.173,0.917928,-0.366488,0.09882,3.045,-3.605,-3.22,-1.2465,-1.7505,-0.558,0
05/22/2025 13:42:24.193,0.9272,-0.376004,0.09272,1.4,-5.46,-2.415,-1.2285,-1.7475,-0.5415,0
05/22/2025 13:42:24.213,0.930372,-0.380396,0.083692,2.1,-4.935,-2.275,-1.2285,-1.7595,-0.5415,0
05/22/2025 13:42:24.233,0.946476,-0.37942,0.09028,2.87,-3.605,-3.99,-1.2165,-1.782,-0.552,0
05/22/2025 13:42:24.253,0.946476,-0.385032,0.07442,3.5,-1.505,-6.3,-1.2135,-1.755,-0.537,0
05/22/2025 13:42:24.273,0.93574,-0.393328,0.077592,5.845,1.085,-8.05,-1.1865,-1.7745,-0.552,0
05/22/2025 13:42:24.293,0.935252,-0.365756,0.093696,9.905,0.035,-6.65,-1.2315,-1.767,-0.549,0
05/22/2025 13:42:24.313,0.93208,-0.305732,0.137616,8.295,-0.98,-4.025,-1.1865,-1.7895,-0.5595,0
05/22/2025 13:42:24.333,0.958676,-0.390888,0.08906,-4.095,-4.2,-2.835,-1.191,-1.7895,-0.5745,0
05/22/2025 13:42:24.353,0.949404,-0.396988,0.08784,-0.105,-1.4,-1.19,-1.224,-1.7895,-0.561,0
05/22/2025 13:42:24.373,0.964532,-0.339648,0.09028,4.865,-0.35,0.315,-1.206,-1.767,-0.5445,0
05/22/2025 13:42:24.393,0.959652,-0.36722,0.117364,-1.645,2.275,2.87,-1.206,-1.767,-0.5445,0
05/22/2025 13:42:24.413,0.942328,-0.39528,0.129808,-2.625,2.905,4.34,-1.206,-1.767,-0.5445,0
05/22/2025 13:42:24.433,0.954772,-0.399672,0.132004,-1.89,1.05,5.74,-1.194,-1.8045,-0.555,0
05/22/2025 13:42:24.453,0.942084,-0.373808,0.113704,-1.19,0.84,5.845,-1.1955,-1.77,-0.564,0
05/22/2025 13:42:24.473,0.940864,-0.366732,0.130784,0.42,0.35,5.005,-1.1805,-1.7595,-0.5625,0
05/22/2025 13:42:24.493,0.940864,-0.366488,0.122976,0.42,-0.63,4.375,-1.1985,-1.767,-0.579,0
05/22/2025 13:42:24.513,0.9394,-0.371856,0.120048,0.385,0.21,4.2,-1.2165,-1.7775,-0.564,0
05/22/2025 13:42:24.533,0.947208,-0.360144,0.109556,1.155,1.085,4.55,-1.1985,-1.7625,-0.5595,0
05/22/2025 13:42:24.553,0.933788,-0.365268,0.125904,1.925,3.325,4.935,-1.221,-1.77,-0.579,0
05/22/2025 13:42:24.573,0.936228,-0.368928,0.111508,1.47,3.815,4.445,-1.206,-1.7775,-0.564,0
05/22/2025 13:42:24.593,0.93574,-0.350384,0.131516,1.33,3.99,3.815,-1.1955,-1.77,-0.5715,0
05/22/2025 13:42:24.613,0.927932,-0.3538,0.131028,-1.33,2.975,3.78,-1.2165,-1.785,-0.564,0
05/22/2025 13:42:24.633,0.930372,-0.39528,0.103944,-1.435,2.275,2.52,-1.209,-1.7925,-0.5715,0
05/22/2025 13:42:24.653,0.929152,-0.374296,0.112484,0.175,1.19,2.415,-1.206,-1.785,-0.5745,0
05/22/2025 13:42:24.673,0.9272,-0.372588,0.09028,0.28,1.12,2.135,-1.206,-1.785,-0.5745,0
05/22/2025 13:42:24.693,0.925004,-0.376736,0.09857599,0.42,3.395,2.87,-1.2195,-1.8,-0.5565,0
05/22/2025 13:42:24.713,0.919636,-0.39162,0.097844,0.42,5.11,2.94,-1.209,-1.782,-0.567,0
05/22/2025 13:42:24.733,0.916708,-0.382104,0.10858,2.03,6.265,2.555,-1.203,-1.7925,-0.5745,0
05/22/2025 13:42:24.753,0.905972,-0.419924,0.095648,1.995,6.44,1.645,-1.1925,-1.752,-0.579,0
05/22/2025 13:42:24.773,0.90402,-0.420412,0.10248,3.08,4.375,-0.42,-1.1925,-1.752,-0.579,0
05/22/2025 13:42:24.793,0.909144,-0.364292,0.100528,6.44,0.735,-3.535,-1.2225,-1.77,-0.594,0
05/22/2025 13:42:24.813,0.908412,-0.37576,0.101504,6.055,-1.155,-5.005,-1.2075,-1.755,-0.5835,0
05/22/2025 13:42:24.833,0.923296,-0.37454,0.081984,4.515,-4.585,-6.3,-1.2135,-1.7925,-0.567,0
05/22/2025 13:42:24.853,0.91256,-0.35624,0.082228,5.67,-5.11,-7.77,-1.206,-1.767,-0.579,0
05/22/2025 13:42:24.873,0.91378,-0.35136,0.094428,6.09,-5.81,-9.24,-1.2075,-1.7625,-0.5985,0
05/22/2025 13:42:24.893,0.925004,-0.351116,0.0793,6.3,-7.525,-10.22,-1.2075,-1.7775,-0.594,0
05/22/2025 13:42:24.913,0.937936,-0.336964,0.084424,7.98,-8.89,-10.99,-1.2255,-1.7625,-0.564,0
05/22/2025 13:42:24.933,0.952332,-0.358436,0.099308,5.32,-9.275,-10.605,-1.203,-1.7595,-0.5745,0
05/22/2025 13:42:24.953,0.945012,-0.374296,0.097356,4.795,-7.525,-9.87,-1.2285,-1.7895,-0.564,0
05/22/2025 13:42:24.973,0.94062,-0.37332,0.0915,5.005,-5.985,-7.945,-1.2135,-1.785,-0.552,0
05/22/2025 13:42:24.993,0.933788,-0.360632,0.090524,6.3,-4.375,-5.565,-1.209,-1.767,-0.534,0
05/22/2025 13:42:25.013,0.931348,-0.34038,0.137128,7.35,-3.57,-2.835,-1.209,-1.7625,-0.5265,0
05/22/2025 13:42:25.033,0.935984,-0.33916,0.122,0.315,-3.15,-0.665,-1.2045,-1.764,-0.522,0
05/22/2025 13:42:25.053,0.937448,-0.366488,0.102724,-2.275,-1.96,0.07,-1.212,-1.77,-0.522,0
05/22/2025 13:42:25.073,0.944524,-0.308904,0.08686399,-0.28,0.105,1.715,-1.2165,-1.755,-0.5295,0
05/22/2025 13:42:25.093,0.932324,-0.308904,0.105896,-3.045,4.06,3.395,-1.239,-1.7625,-0.519,0
05/22/2025 13:42:25.113,0.950136,-0.369904,0.128832,-9.1,4.41,6.3,-1.2315,-1.797,-0.537,0
05/22/2025 13:42:25.133,0.951844,-0.393572,0.099796,-9.94,4.34,8.12,-1.227,-1.7775,-0.504,0
05/22/2025 13:42:25.153,0.951844,-0.381616,0.096624,-6.545,4.55,9.24,-1.212,-1.794,-0.5175,0
05/22/2025 13:42:25.173,0.942084,-0.369416,0.0976,-6.02,3.99,8.89,-1.209,-1.7895,-0.525,0
05/22/2025 13:42:25.193,0.932324,-0.346236,0.103944,-4.83,1.855,7.595,-1.194,-1.764,-0.525,0
05/22/2025 13:42:25.213,0.929152,-0.376248,0.121024,-5.81,-0.245,7.14,-1.194,-1.764,-0.525,0
05/22/2025 13:42:25.233,0.935984,-0.357948,0.09467199,-4.865,-1.855,6.02,-1.239,-1.77,-0.5535,0
05/22/2025 13:42:25.253,0.923296,-0.355508,0.105652,-3.885,-2.03,4.585,-1.242,-1.767,-0.5385,0
05/22/2025 13:42:25.273,0.942572,-0.354776,0.120048,-4.76,-3.5,3.255,-1.221,-1.755,-0.537,0
05/22/2025 13:42:25.293,0.939888,-0.369416,0.104676,-5.005,-2.765,2.66,-1.2315,-1.752,-0.5415,0
05/22/2025 13:42:25.313,0.941108,-0.362096,0.122488,-5.32,-2.1,2.695,-1.224,-1.7445,-0.5385,0
05/22/2025 13:42:25.333,0.93452,-0.399428,0.121756,-7,-0.91,1.47,-1.218,-1.7445,-0.561,0
05/22/2025 13:42:25.353,0.930616,-0.393084,0.115168,-4.235,0.07,0.455,-1.2405,-1.7175,-0.546,0
05/22/2025 13:42:25.373,0.9272,-0.40138,0.12078,-2.065,1.19,0.385,-1.2285,-1.752,-0.5565,0
05/22/2025 13:42:25.393,0.920612,-0.419924,0.110532,-1.4,2.31,0.315,-1.236,-1.74,-0.5385,0
05/22/2025 13:42:25.413,0.921588,-0.40992,0.113704,-0.98,1.75,-0.07,-1.2435,-1.758,-0.5415,0
05/22/2025 13:42:25.433,0.924272,-0.375516,0.102724,1.54,-0.385,-1.435,-1.221,-1.7295,-0.5385,0
05/22/2025 13:42:25.453,0.927688,-0.379908,0.104188,2.625,-1.365,-3.185,-1.221,-1.7325,-0.546,0
05/22/2025 13:42:25.473,0.924516,-0.36478,0.097356,3.115,-3.675,-5.81,-1.221,-1.7325,-0.546,0
05/22/2025 13:42:25.493,0.935496,-0.368196,0.088572,2.52,-3.99,-7.665,-1.2615,-1.74,-0.5385,0
05/22/2025 13:42:25.513,0.93818,-0.3477,0.07515199,3.535,-4.305,-8.54,-1.2165,-1.74,-0.522,0
05/22/2025 13:42:25.533,0.931348,-0.334036,0.078812,5.145,-3.675,-8.015,-1.224,-1.7775,-0.5415,0
05/22/2025 13:42:25.553,0.93208,-0.345504,0.079788,2.73,-3.5,-7.35,-1.2165,-1.7745,-0.5565,0
05/22/2025 13:42:25.573,0.943548,-0.3294,0.072956,1.61,-2.835,-6.58,-1.224,-1.7745,-0.5445,0
05/22/2025 13:42:25.593,0.942328,-0.359656,0.05612,1.47,-0.945,-6.265,-1.182,-1.779,-0.5205,0
05/22/2025 13:42:25.613,0.948184,-0.343064,0.088084,3.99,-0.805,-5.635,-1.197,-1.767,-0.522,0
05/22/2025 13:42:25.633,0.94794,-0.332816,0.10614,0.945,-0.805,-5.11,-1.2045,-1.764,-0.522,0
05/22/2025 13:42:25.653,0.947696,-0.349652,0.082228,-3.045,-1.715,-4.27,-1.2015,-1.7625,-0.552,0
05/22/2025 13:42:25.673,0.943304,-0.356972,0.081008,-4.445,-0.385,-2.59,-1.1895,-1.7865,-0.5145,0
05/22/2025 13:42:25.693,0.94794,-0.370148,0.09394,-5.075,0.42,-0.91,-1.191,-1.779,-0.5595,0
05/22/2025 13:42:25.713,0.948916,-0.366,0.09857599,-5.145,1.225,0.035,-1.2165,-1.7745,-0.537,0
05/22/2025 13:42:25.733,0.938912,-0.359168,0.091256,-4.375,0.42,0.245,-1.188,-1.794,-0.567,0
05/22/2025 13:42:25.753,0.934032,-0.348432,0.09638,-4.375,0.14,0.595,-1.1805,-1.7895,-0.5745,0
05/22/2025 13:42:25.773,0.933788,-0.355752,0.095892,-5.32,0.35,0.875,-1.191,-1.7775,-0.582,0
05/22/2025 13:42:25.793,0.935984,-0.360388,0.103944,-5.32,1.295,1.995,-1.161,-1.779,-0.5625,0
05/22/2025 13:42:25.813,0.9394,-0.359656,0.098332,-5.285,1.365,2.345,-1.1985,-1.7625,-0.5595,0
05/22/2025 13:42:25.833,0.9455,-0.361852,0.09882,-4.69,1.54,1.82,-1.224,-1.782,-0.552,0
05/22/2025 13:42:25.853,0.943792,-0.340136,0.093452,-3.43,1.225,1.645,-1.1955,-1.767,-0.5745,0
05/22/2025 13:42:25.873,0.940864,-0.343796,0.108824,-2.135,1.05,1.89,-1.203,-1.7775,-0.567,0
05/22/2025 13:42:25.893,0.952088,-0.3904,0.110044,-5.705,0.035,3.5,-1.1835,-1.7745,-0.5625,0
05/22/2025 13:42:25.913,0.94306,-0.414068,0.110532,-7.07,0.56,4.935,-1.209,-1.794,-0.5325,0
05/22/2025 13:42:25.933,0.934764,-0.390644,0.1037,-4.06,2.065,5.6,-1.194,-1.794,-0.5595,0
05/22/2025 13:42:25.953,0.922076,-0.377956,0.122,-3.22,2.8,5.495,-1.2165,-1.8,-0.5595,0
05/22/2025 13:42:25.973,0.924516,-0.369904,0.11468,-7.14,1.925,5.6,-1.212,-1.8015,-0.537,0
05/22/2025 13:42:25.993,0.931592,-0.356972,0.11834,-11.76,1.33,6.02,-1.227,-1.8045,-0.5565,0
05/22/2025 13:42:26.013,0.93574,-0.270596,0.165676,-38.29,2.03,12.145,-1.227,-1.8045,-0.5565,0
05/22/2025 13:42:26.033,0.95526,-0.275964,0.141276,-81.095,1.61,18.69,-1.1835,-1.7865,-0.582,0
05/22/2025 13:42:26.053,0.952576,-0.356728,0.082228,-123.375,2.87,25.515,-1.1805,-1.797,-0.5745,0
05/22/2025 13:42:26.073,0.948672,-0.390888,0.0427,-144.83,6.93,30.695,-1.1985,-1.782,-0.5895,0
05/22/2025 13:42:26.093,0.940376,-0.390156,0.038064,-159.53,13.3,36.015,-1.2075,-1.7895,-0.6315,0
05/22/2025 13:42:26.113,0.931104,-0.441396,0.022204,-177.52,16.345,39.9,-1.209,-1.773,-0.663,0
05/22/2025 13:42:26.133,0.90524,-0.546316,-0.033184,-187.32,18.165,42.735,-1.2285,-1.743,-0.705,0
05/22/2025 13:42:26.153,0.884744,-0.58438,-0.080032,-179.935,20.195,45.08,-1.224,-1.7655,-0.6975,0
05/22/2025 13:42:26.173,0.85522,-0.591456,-0.103456,-159.46,20.335,45.29,-1.245,-1.746,-0.744,0
05/22/2025 13:42:26.193,0.854976,-0.578036,-0.099308,-139.475,18.62,43.785,-1.2345,-1.6935,-0.762,0
05/22/2025 13:42:26.213,0.84058,-0.580964,-0.0976,-126.595,15.085,42.42,-1.269,-1.674,-0.7755,0
05/22/2025 13:42:26.233,0.839848,-0.600728,-0.107604,-114.835,10.395,40.81,-1.269,-1.674,-0.7755,0
05/22/2025 13:42:26.253,0.853756,-0.63318,-0.133224,-94.57,7.175,38.885,-1.266,-1.6545,-0.801,0
05/22/2025 13:42:26.273,0.863028,-0.550952,-0.133224,-64.925,6.3,37.03,-1.266,-1.635,-0.7905,0
05/22/2025 13:42:26.293,0.864736,-0.538752,-0.140544,-63.315,7.595,36.995,-1.275,-1.59,-0.783,0
05/22/2025 13:42:26.313,0.847656,-0.591944,-0.150792,-70.455,10.675,39.095,-1.2705,-1.602,-0.795,0
05/22/2025 13:42:26.333,0.830332,-0.575108,-0.1647,-74.62,13.93,42.315,-1.2945,-1.575,-0.8025,0
05/22/2025 13:42:26.353,0.815692,-0.586088,-0.169092,-76.23,15.12,44.1,-1.299,-1.548,-0.8145,0
05/22/2025 13:42:26.373,0.80642,-0.623176,-0.195444,-70.805,15.085,46.095,-1.269,-1.5525,-0.8055,0
05/22/2025 13:42:26.393,0.806664,-0.615856,-0.213744,-60.375,15.015,46.375,-1.314,-1.5255,-0.831,0
05/22/2025 13:42:26.413,0.790804,-0.606096,-0.218868,-52.115,15.365,43.89,-1.3065,-1.488,-0.816,0
05/22/2025 13:42:26.433,0.78202,-0.632448,-0.22814,-45.29,14.84,40.845,-1.2855,-1.473,-0.8295,0
05/22/2025 13:42:26.453,0.762744,-0.698572,-0.244488,-28.595,14.07,38.22,-1.2885,-1.473,-0.8295,0
05/22/2025 13:42:26.473,0.771772,-0.743224,-0.261812,3.29,11.795,35.21,-1.278,-1.4505,-0.837,0
05/22/2025 13:42:26.493,0.770308,-0.783972,-0.302804,51.73,10.22,32.025,-1.2975,-1.4235,-0.8415,0
05/22/2025 13:42:26.513,0.785436,-0.860344,-0.325496,112.91,6.37,29.645,-1.2945,-1.404,-0.846,0
05/22/2025 13:42:26.533,0.827892,-0.979172,-0.360144,243.285,0.49,26.67,-1.2975,-1.3965,-0.831,0
05/22/2025 13:42:26.553,0.822036,-1.047004,-0.380884,349.37,-2.66,26.6,-1.2975,-1.3965,-0.831,0
05/22/2025 13:42:26.573,0.823256,-0.93574,-0.305976,471.03,-8.82,34.23,-1.3095,-1.404,-0.8535,0
05/22/2025 13:42:26.593,0.81984,-0.569008,-0.169824,554.96,-18.655,40.67,-1.3065,-1.4235,-0.8685,0
05/22/2025 13:42:26.613,0.810324,-0.337452,0.041724,574.35,-30.695,51.345,-1.284,-1.4205,-0.8535,0
05/22/2025 13:42:26.633,0.7869,-0.077592,0.245708,513.765,-32.34,57.89,-1.317,-1.4115,-0.8535,0
05/22/2025 13:42:26.653,0.740296,-0.163968,0.332816,414.05,-30.45,61.95,-1.3125,-1.434,-0.8385,0
05/22/2025 13:42:26.673,0.703452,-0.101016,0.430172,326.305,-17.85,60.515,-1.323,-1.434,-0.8055,0
05/22/2025 13:42:26.693,0.699548,-0.147132,0.547292,245.735,-4.305,50.785,-1.308,-1.4115,-0.804,0
05/22/2025 13:42:26.713,0.661484,-0.213744,0.613416,176.33,7.175,37.695,-1.3455,-1.392,-0.81,0
05/22/2025 13:42:26.733,0.698084,-0.303536,0.599508,133.77,7.035,24.185,-1.3155,-1.401,-0.7815,0
05/22/2025 13:42:26.753,0.682224,-0.268156,0.642208,108.675,7.49,17.15,-1.311,-1.401,-0.7815,0
05/22/2025 13:42:26.773,0.707356,-0.258396,0.614392,59.745,3.57,16.17,-1.305,-1.4085,-0.8085,0
05/22/2025 13:42:26.793,0.702232,-0.28548,0.614148,6.3,-1.225,19.95,-1.305,-1.4235,-0.816,0
05/22/2025 13:42:26.813,0.693692,-0.213988,0.643672,-86.17,-5.285,31.395,-1.305,-1.4235,-0.816,0
05/22/2025 13:42:26.833,0.67954,-0.179096,0.644892,-181.895,-10.64,41.545,-1.305,-1.4235,-0.816,0
05/22/2025 13:42:26.853,0.6771,-0.255224,0.545828,-284.9,-18.935,49.14,-1.317,-1.386,-0.828,0
05/22/2025 13:42:26.873,0.690764,-0.401624,0.435052,-362.075,-26.04,55.65,-1.3305,-1.3815,-0.801,0
05/22/2025 13:42:26.893,0.718824,-0.572668,0.335256,-409.92,-30.73,61.67,-1.2945,-1.326,-0.7785,0
05/22/2025 13:42:26.913,0.6954,-0.820328,0.1647,-423.885,-28.35,64.61,-1.3095,-1.3065,-0.7755,0
05/22/2025 13:42:26.933,0.66124,-1.026264,0.026108,-394.485,-20.93,68.04,-1.29,-1.2435,-0.729,0
05/22/2025 13:42:26.953,0.607316,-1.11874,-0.049532,-341.81,-8.715,67.9,-1.275,-1.218,-0.684,0
05/22/2025 13:42:26.973,0.579744,-1.17242,-0.098332,-284.06,0.735,68.775,-1.275,-1.203,-0.6615,0
05/22/2025 13:42:26.993,0.52338,-1.2688,-0.166896,-233.065,3.85,69.405,-1.2825,-1.188,-0.6645,0
05/22/2025 13:42:27.013,0.497028,-1.311256,-0.136396,-161.56,-0.525,66.885,-1.266,-1.1655,-0.627,0
05/22/2025 13:42:27.033,0.497272,-1.239764,-0.149328,-90.265,-9.345,63.07,-1.275,-1.146,-0.627,0
05/22/2025 13:42:27.053,0.5063,-1.209996,-0.207888,-41.09,-18.76,66.255,-1.2705,-1.1235,-0.594,0
05/22/2025 13:42:27.073,0.550952,-1.190476,-0.255712,24.255,-32.865,77.455,-1.23,-1.083,-0.5955,0
05/22/2025 13:42:27.093,0.532896,-1.07482,-0.175436,51.45,-36.82,87.01,-1.23,-1.083,-0.5955,0
05/22/2025 13:42:27.113,0.517524,-1.068232,-0.1647,48.405,-42.525,98.525,-1.212,-0.9855,-0.57,0
05/22/2025 13:42:27.133,0.503616,-1.182668,-0.253272,47.88,-46.2,110.53,-1.2015,-0.978,-0.5655,0
05/22/2025 13:42:27.153,0.498004,-1.195844,-0.266204,70.56,-42.245,122.01,-1.1985,-0.918,-0.5745,0
05/22/2025 13:42:27.173,0.481656,-1.226344,-0.238144,101.36,-32.69,134.26,-1.152,-0.873,-0.573,0
05/22/2025 13:42:27.193,0.428952,-1.084336,-0.138836,132.72,-21.525,143.815,-1.1385,-0.81,-0.573,0
05/22/2025 13:42:27.213,0.403088,-1.063596,-0.106872,141.995,-14.84,153.125,-1.1385,-0.81,-0.573,0
05/22/2025 13:42:27.233,0.387716,-1.131916,-0.076128,155.26,-10.15,164.185,-1.104,-0.7455,-0.6135,0
05/22/2025 13:42:27.253,0.369904,-1.141188,-0.0671,168.7,-5.18,174.615,-1.071,-0.708,-0.633,0
05/22/2025 13:42:27.273,0.377468,-1.24318,-0.03172,197.995,-2.345,187.18,-1.029,-0.645,-0.6615,0
05/22/2025 13:42:27.293,0.313784,-1.084336,0.141032,237.475,8.015,198.17,-0.9675,-0.6045,-0.7215,0
05/22/2025 13:42:27.313,0.24278,-1.01748,0.176412,261.87,15.225,205.24,-0.9075,-0.57,-0.8115,0
05/22/2025 13:42:27.333,0.190808,-0.881816,0.234728,288.33,22.645,208.32,-0.8805,-0.5475,-0.867,0
05/22/2025 13:42:27.353,0.06832,-0.447984,0.408456,288.295,41.405,204.82,-0.78,-0.5415,-0.978,0
05/22/2025 13:42:27.373,-0.063928,-0.31476,0.432124,240.205,51.24,196.945,-0.642,-0.516,-1.179,0
05/22/2025 13:42:27.393,-0.13908,-0.227896,0.419436,188.79,51.835,184.24,-0.5685,-0.543,-1.26,0
05/22/2025 13:42:27.413,-0.201544,-0.15006,0.39284,145.11,48.755,161.595,-0.5175,-0.585,-1.3125,0
05/22/2025 13:42:27.433,-0.204716,-0.19886,0.324764,116.97,38.185,133.665,-0.4485,-0.567,-1.359,0
05/22/2025 13:42:27.453,-0.220576,-0.157868,0.329644,121.87,30.94,105.98,-0.384,-0.5865,-1.41,0
05/22/2025 13:42:27.473,-0.221552,-0.173728,0.41724,141.61,27.405,82.67,-0.381,-0.627,-1.467,0
05/22/2025 13:42:27.493,-0.263032,-0.15982,0.54778,138.915,23.625,67.025,-0.3435,-0.651,-1.4805,0
05/22/2025 13:42:27.513,-0.335988,-0.249124,0.64172,113.785,18.235,56.35,-0.3255,-0.681,-1.503,0
05/22/2025 13:42:27.533,-0.404796,-0.302316,0.69784,84.665,10.885,48.475,-0.3,-0.693,-1.5255,0
05/22/2025 13:42:27.553,-0.454084,-0.305976,0.71736,65.8,3.99,43.925,-0.2745,-0.7305,-1.554,0
05/22/2025 13:42:27.573,-0.492148,-0.251076,0.740052,53.97,-2.73,40.075,-0.27,-0.7575,-1.557,0
05/22/2025 13:42:27.593,-0.531432,-0.202764,0.739564,39.795,-7.49,35.595,-0.288,-0.7605,-1.5735,0
05/22/2025 13:42:27.613,-0.570716,-0.115168,0.739564,25.095,-15.26,24.185,-0.2655,-0.78,-1.5765,0
05/22/2025 13:42:27.633,-0.570472,-0.025376,0.714432,16.73,-21.175,13.545,-0.2655,-0.78,-1.5765,0
05/22/2025 13:42:27.653,-0.555344,0.053192,0.689056,1.26,-26.32,1.575,-0.2775,-0.795,-1.5765,0
05/22/2025 13:42:27.673,-0.511912,0.077104,0.693204,-28,-30.695,-12.67,-0.2625,-0.8055,-1.5765,0
05/22/2025 13:42:27.693,-0.465552,0.07564,0.687348,-72.17,-35.77,-29.19,-0.285,-0.798,-1.5765,0
05/22/2025 13:42:27.713,-0.401624,0.000244,0.700524,-121.66,-39.795,-46.76,-0.3015,-0.8025,-1.551,0
05/22/2025 13:42:27.733,-0.343552,-0.081984,0.7137,-170.975,-43.19,-64.26,-0.3105,-0.7335,-1.5435,0
05/22/2025 13:42:27.753,-0.276452,-0.232776,0.690764,-216.055,-47.565,-80.78,-0.3285,-0.708,-1.488,0
05/22/2025 13:42:27.773,-0.208376,-0.430904,0.668072,-243.67,-52.115,-93.905,-0.387,-0.666,-1.4295,0
05/22/2025 13:42:27.793,-0.14518,-0.47946,0.60024,-256.655,-54.11,-103.6,-0.4305,-0.594,-1.359,0
05/22/2025 13:42:27.813,-0.11712,-0.476288,0.520696,-268.59,-45.815,-111.055,-0.444,-0.552,-1.284,0
05/22/2025 13:42:27.833,-0.1037,-0.457744,0.40016,-287.42,-33.145,-118.93,-0.498,-0.492,-1.194,0
05/22/2025 13:42:27.853,-0.079788,-0.50874,0.279624,-309.68,-21.35,-125.965,-0.522,-0.45,-1.0965,0
05/22/2025 13:42:27.873,-0.018056,-0.655872,0.147132,-325.78,-10.815,-128.345,-0.57,-0.435,-0.984,0
05/22/2025 13:42:27.893,0.049288,-0.737856,-0.016348,-321.265,19.18,-130.305,-0.57,-0.435,-0.984,0
05/22/2025 13:42:27.913,0.081008,-0.9943,-0.10004,-277.235,37.345,-136.64,-0.6615,-0.405,-0.7485,0
05/22/2025 13:42:27.933,0.134444,-0.88816,-0.103456,-230.125,55.965,-141.225,-0.6765,-0.4245,-0.627,0
05/22/2025 13:42:27.953,0.1464,-0.854976,-0.135176,-204.33,69.755,-141.925,-0.7155,-0.4365,-0.576,0
05/22/2025 13:42:27.973,0.195932,-1.055788,-0.167872,-156.31,69.79,-146.3,-0.768,-0.489,-0.5235,0
05/22/2025 13:42:27.993,0.213988,-1.095804,-0.13298,-80.01,67.025,-148.47,-0.8175,-0.5025,-0.4485,0
05/22/2025 13:42:28.013,0.269132,-1.050664,-0.119072,-9.555,63.455,-150.29,-0.8865,-0.57,-0.438,0
05/22/2025 13:42:28.033,0.310368,-0.988444,-0.11956,35.56,62.23,-154.56,-0.96,-0.6135,-0.4485,0
05/22/2025 13:42:28.053,0.379176,-0.940864,-0.0854,48.72,63.245,-156.73,-0.9885,-0.681,-0.4515,0
05/22/2025 13:42:28.073,0.443836,-0.931104,-0.05734,28.035,65.03,-156.38,-1.0485,-0.702,-0.4845,0
05/22/2025 13:42:28.093,0.515816,-0.966972,-0.02684,1.225,65.17,-157.15,-1.089,-0.747,-0.5145,0
05/22/2025 13:42:28.113,0.575352,-1.040172,-0.040504,-20.51,65.38,-157.57,-1.1445,-0.8025,-0.5355,0
05/22/2025 13:42:28.133,0.625616,-1.083848,-0.074664,-34.44,65.345,-156.695,-1.1775,-0.846,-0.558,0
05/22/2025 13:42:28.153,0.675148,-1.0614,-0.091256,-37.905,64.715,-151.655,-1.191,-0.9405,-0.5655,0
05/22/2025 13:42:28.173,0.715408,-1.083848,-0.106628,-29.645,62.825,-146.58,-1.26,-1.041,-0.5895,0
05/22/2025 13:42:28.193,0.74298,-1.040172,-0.10004,-17.885,58.415,-140.665,-1.26,-1.041,-0.5895,0
05/22/2025 13:42:28.213,0.75396,-0.979904,-0.101016,-10.92,49.84,-134.82,-1.248,-1.1085,-0.612,0
05/22/2025 13:42:28.233,0.770552,-0.947452,-0.08662,-4.55,40.705,-129.15,-1.2675,-1.146,-0.6345,0
05/22/2025 13:42:28.253,0.786168,-0.907192,-0.093452,3.22,31.85,-124.46,-1.2885,-1.2105,-0.654,0
05/22/2025 13:42:28.273,0.8113,-0.85766,-0.117364,10.815,25.2,-120.26,-1.2915,-1.281,-0.6795,0
05/22/2025 13:42:28.293,0.8235,-0.851804,-0.080032,20.825,21.175,-116.2,-1.299,-1.3305,-0.687,0
05/22/2025 13:42:28.313,0.837652,-0.825696,-0.024644,26.81,16.73,-111.405,-1.2885,-1.341,-0.714,0
05/22/2025 13:42:28.333,0.873276,-0.774944,-0.036844,20.965,11.83,-105.91,-1.29,-1.41,-0.6975,0
05/22/2025 13:42:28.353,0.882548,-0.789584,-0.010736,14.35,11.13,-98.07,-1.305,-1.455,-0.702,0
05/22/2025 13:42:28.373,0.890356,-0.792756,0.002684,12.495,10.71,-89.215,-1.2855,-1.4805,-0.7155,0
05/22/2025 13:42:28.393,0.889136,-0.751032,0.011956,9.38,9.45,-80.01,-1.2705,-1.5225,-0.726,0
05/22/2025 13:42:28.413,0.87718,-0.718336,0.01952,-4.515,6.65,-65.695,-1.3065,-1.563,-0.723,0
05/22/2025 13:42:28.433,0.869616,-0.715896,0.019764,-12.88,4.235,-56.84,-1.3065,-1.563,-0.723,0
05/22/2025 13:42:28.453,0.852292,-0.699548,0.02074,-16.1,1.435,-48.965,-1.287,-1.6125,-0.7305,0
05/22/2025 13:42:28.473,0.852292,-0.674416,0.022936,-16.695,-1.085,-42.665,-1.2825,-1.6545,-0.7185,0
05/22/2025 13:42:28.493,0.85522,-0.654652,0.021472,-16.24,-3.115,-37.45,-1.257,-1.671,-0.7065,0
05/22/2025 13:42:28.513,0.848144,-0.633668,0.00854,-16.135,-4.2,-32.585,-1.2375,-1.6665,-0.6945,0
05/22/2025 13:42:28.533,0.850584,-0.621956,0.007564,-15.33,-3.955,-27.79,-1.2465,-1.6935,-0.744,0
05/22/2025 13:42:28.553,0.848388,-0.6039,0.007564,-14.245,-3.57,-23.555,-1.2675,-1.716,-0.7245,0
05/22/2025 13:42:28.573,0.847168,-0.60024,0.00732,-13.02,-3.43,-19.705,-1.263,-1.719,-0.729,0
05/22/2025 13:42:28.593,0.844728,-0.59292,0.007076,-10.43,-3.08,-16.485,-1.2285,-1.743,-0.705,0
05/22/2025 13:42:28.613,0.850584,-0.581208,0.008052,-6.37,-3.29,-13.86,-1.2285,-1.758,-0.7125,0
05/22/2025 13:42:28.633,0.860588,-0.576084,0.01586,-2.59,-2.835,-11.13,-1.2075,-1.758,-0.723,0
05/22/2025 13:42:28.653,0.870104,-0.564372,0.014396,0.56,-2.905,-8.575,-1.215,-1.776,-0.738,0
05/22/2025 13:42:28.673,0.881328,-0.55388,0.010736,3.57,-2.8,-5.775,-1.215,-1.776,-0.738,0
05/22/2025 13:42:28.693,0.897432,-0.529236,0.0061,4.865,-2.03,-0.98,-1.2255,-1.7385,-0.7275,0
05/22/2025 13:42:28.713,0.90768,-0.520208,-0.000488,5.11,-1.155,2.17,-1.2225,-1.7505,-0.72,0
05/22/2025 13:42:28.733,0.918416,-0.506788,0.00122,4.375,0.07,5.04,-1.245,-1.7385,-0.735,0
05/22/2025 13:42:28.753,0.914024,-0.501664,0.00244,4.27,0.91,7.63,-1.248,-1.7385,-0.744,0
05/22/2025 13:42:28.773,0.909388,-0.49654,0.004148,5.285,1.295,9.45,-1.233,-1.7355,-0.72,0
05/22/2025 13:42:28.793,0.90768,-0.466284,0.009272,6.825,0.56,10.675,-1.2375,-1.7505,-0.732,0
05/22/2025 13:42:28.813,0.906704,-0.476288,0.017324,6.195,0.175,11.76,-1.23,-1.731,-0.7245,0
05/22/2025 13:42:28.833,0.906704,-0.461892,0.018544,4.97,-0.665,12.075,-1.2375,-1.7085,-0.702,0
05/22/2025 13:42:28.853,0.90158,-0.44408,0.024156,3.71,-1.785,12.635,-1.26,-1.6965,-0.7095,0
05/22/2025 13:42:28.873,0.890112,-0.456768,0.026108,4.69,-2.345,12.6,-1.278,-1.704,-0.711,0
05/22/2025 13:42:28.893,0.898652,-0.460672,0.02562,6.51,-3.815,12.74,-1.2735,-1.719,-0.699,0
05/22/2025 13:42:28.913,0.891576,-0.48434,0.028792,10.045,-4.34,11.305,-1.2705,-1.734,-0.702,0
05/22/2025 13:42:28.933,0.894748,-0.468968,0.027572,14.525,-4.375,8.82,-1.2705,-1.716,-0.7065,0
05/22/2025 13:42:28.953,0.88816,-0.430416,0.03904,18.515,-5.355,7,-1.266,-1.719,-0.6765,0
05/22/2025 13:42:28.973,0.894016,-0.4575,0.041968,19.04,-5.67,5.74,-1.266,-1.719,-0.6765,0
05/22/2025 13:42:28.993,0.894748,-0.478728,0.035136,18.235,-6.545,5.39,-1.281,-1.6965,-0.696,0
05/22/2025 13:42:29.013,0.89304,-0.4758,0.027084,18.9,-6.965,4.165,-1.269,-1.6785,-0.6465,0
05/22/2025 13:42:29.033,0.898896,-0.47702,0.026596,21.7,-6.475,2.625,-1.2945,-1.716,-0.6615,0
05/22/2025 13:42:29.053,0.890356,-0.472628,0.0305,25.34,-5.74,0.7,-1.2615,-1.6815,-0.6495,0
05/22/2025 13:42:29.073,0.882792,-0.470432,0.031476,26.6,-4.55,-0.91,-1.233,-1.686,-0.672,0
05/22/2025 13:42:29.093,0.887916,-0.46726,0.032452,27.37,-3.745,-2.73,-1.2585,-1.674,-0.669,0
05/22/2025 13:42:29.113,0.88938,-0.450912,0.034892,28.28,-2.59,-4.095,-1.2615,-1.6785,-0.6525,0
05/22/2025 13:42:29.133,0.895236,-0.446276,0.044408,27.055,-1.47,-5.25,-1.251,-1.671,-0.6525,0
05/22/2025 13:42:29.153,0.89426,-0.451156,0.042944,24.71,-1.05,-5.985,-1.263,-1.659,-0.684,0
05/22/2025 13:42:29.173,0.88816,-0.453108,0.046848,22.645,-0.805,-7,-1.266,-1.6785,-0.6375,0
05/22/2025 13:42:29.193,0.888892,-0.452376,0.045872,21.875,-0.77,-7.665,-1.2735,-1.674,-0.6495,0
05/22/2025 13:42:29.213,0.891576,-0.456768,0.052216,21.84,-0.84,-7.91,-1.251,-1.668,-0.63,0
05/22/2025 13:42:29.233,0.890356,-0.4514,0.049288,21.525,-1.505,-7.42,-1.251,-1.668,-0.63,0
05/22/2025 13:42:29.253,0.897432,-0.457744,0.051484,22.33,-1.54,-6.825,-1.251,-1.668,-0.63,0
05/22/2025 13:42:29.273,0.89792,-0.453108,0.059048,23.38,-1.54,-6.3,-1.2615,-1.6635,-0.642,0
05/22/2025 13:42:29.293,0.90158,-0.45262,0.064416,23.66,-1.645,-5.95,-1.269,-1.689,-0.6495,0
05/22/2025 13:42:29.313,0.906948,-0.444568,0.066856,23.065,-1.89,-5.95,-1.266,-1.671,-0.6615,0
05/22/2025 13:42:29.333,0.904508,-0.440176,0.068564,21.7,-2.38,-5.635,-1.266,-1.686,-0.642,0
05/22/2025 13:42:29.353,0.91012,-0.435296,0.068808,19.53,-2.415,-5.285,-1.239,-1.6785,-0.633,0
05/22/2025 13:42:29.373,0.904996,-0.436028,0.0793,16.59,-2.275,-4.515,-1.254,-1.668,-0.612,0
05/22/2025 13:42:29.393,0.900116,-0.431636,0.084424,12.81,-1.925,-3.815,-1.2495,-1.671,-0.615,0
05/22/2025 13:42:29.413,0.901336,-0.426268,0.087596,9.345,-1.75,-3.325,-1.2495,-1.6755,-0.6195,0
05/22/2025 13:42:29.433,0.896212,-0.438224,0.087352,6.86,-1.75,-2.905,-1.2315,-1.6935,-0.648,0
05/22/2025 13:42:29.453,0.90036,-0.438468,0.089548,5.18,-1.68,-2.52,-1.242,-1.6905,-0.6255,0
05/22/2025 13:42:29.473,0.904264,-0.431636,0.09028,2.94,-1.435,-2.17,-1.2495,-1.716,-0.6375,0
05/22/2025 13:42:29.493,0.888404,-0.426024,0.091744,0.455,-0.735,-1.645,-1.2375,-1.71,-0.6075,0
05/22/2025 13:42:29.513,0.895236,-0.421632,0.0915,-0.63,-0.875,-1.715,-1.2375,-1.71,-0.6075,0
05/22/2025 13:42:29.533,0.90646,-0.431148,0.083692,-1.645,-0.875,-2.45,-1.206,-1.7175,-0.651,0
05/22/2025 13:42:29.553,0.915976,-0.439444,0.087108,-1.925,-0.525,-3.85,-1.2135,-1.7055,-0.651,0
05/22/2025 13:42:29.573,0.918172,-0.438224,0.095648,-1.82,-0.455,-5.32,-1.221,-1.725,-0.6435,0
05/22/2025 13:42:29.593,0.900116,-0.449692,0.093696,-1.365,-0.315,-6.23,-1.2465,-1.7055,-0.6525,0
05/22/2025 13:42:29.613,0.902068,-0.44774,0.100772,-0.63,-0.315,-6.37,-1.251,-1.713,-0.6495,0
05/22/2025 13:42:29.633,0.900848,-0.450668,0.09882,-0.245,-0.21,-6.02,-1.251,-1.713,-0.6495,0
05/22/2025 13:42:29.653,0.90402,-0.444568,0.09516,0,-0.28,-5.18,-1.239,-1.7235,-0.6405,0
05/22/2025 13:42:29.673,0.91134,-0.448472,0.10004,0,-0.07,-4.375,-1.209,-1.7355,-0.6405,0
05/22/2025 13:42:29.693,0.909632,-0.448716,0.09857599,0.105,0.49,-3.815,-1.2345,-1.7205,-0.645,0
05/22/2025 13:42:29.713,0.908168,-0.444812,0.095648,0.56,0.665,-3.465,-1.224,-1.725,-0.6285,0
05/22/2025 13:42:29.733,0.904508,-0.446276,0.100284,0.875,1.225,-2.975,-1.236,-1.713,-0.648,0
05/22/2025 13:42:29.753,0.912804,-0.439444,0.097844,0.98,1.645,-2.555,-1.224,-1.725,-0.6435,0
05/22/2025 13:42:29.773,0.919392,-0.442128,0.098088,-0.105,2.695,-1.715,-1.2525,-1.746,-0.633,0
05/22/2025 13:42:29.793,0.916952,-0.441152,0.091988,-0.875,3.08,-1.19,-1.2645,-1.7355,-0.6495,0
05/22/2025 13:42:29.813,0.910852,-0.440664,0.090524,-0.945,3.395,-0.42,-1.2285,-1.7055,-0.6375,0
05/22/2025 13:42:29.833,0.904752,-0.437004,0.088084,-0.595,3.22,0.35,-1.239,-1.743,-0.648,0
05/22/2025 13:42:29.853,0.906704,-0.433832,0.085156,-0.525,2.695,0.63,-1.239,-1.728,-0.63,0
05/22/2025 13:42:29.873,0.900604,-0.434808,0.083448,0.245,1.855,0.42,-1.239,-1.7385,-0.6525,0
05/22/2025 13:42:29.893,0.88694,-0.429684,0.080276,1.33,1.085,-0.28,-1.23,-1.7655,-0.633,0
05/22/2025 13:42:29.913,0.90036,-0.43554,0.077592,3.08,0.42,-0.945,-1.245,-1.7655,-0.6255,0
05/22/2025 13:42:29.933,0.903044,-0.430172,0.079544,4.06,0.07,-1.645,-1.23,-1.7505,-0.636,0
05/22/2025 13:42:29.953,0.904508,-0.430172,0.080032,3.675,-0.28,-1.96,-1.2225,-1.77,-0.6435,0
05/22/2025 13:42:29.973,0.908412,-0.430904,0.077348,3.36,-0.525,-2.17,-1.23,-1.743,-0.6255,0
05/22/2025 13:42:29.993,0.909144,-0.4331,0.074664,3.115,-0.455,-1.96,-1.2165,-1.74,-0.651,0
05/22/2025 13:42:30.013,0.91134,-0.429928,0.08174,2.835,-0.49,-1.855,-1.239,-1.7355,-0.645,0
05/22/2025 13:42:30.033,0.910364,-0.432124,0.074664,2.905,-1.435,-1.68,-1.239,-1.7355,-0.645,0
05/22/2025 13:42:30.053,0.900848,-0.441152,0.075884,3.5,-1.26,-1.68,-1.239,-1.7355,-0.645,0
05/22/2025 13:42:30.073,0.906704,-0.4392,0.076616,3.605,-1.33,-1.89,-1.209,-1.7625,-0.6435,0
05/22/2025 13:42:30.093,0.909632,-0.428464,0.083692,3.36,-1.225,-1.575,-1.227,-1.7475,-0.633,0
05/22/2025 13:42:30.113,0.906216,-0.43188,0.081252,2.415,-1.435,-0.21,-1.2345,-1.74,-0.6285,0
05/22/2025 13:42:30.133,0.898408,-0.427976,0.086132,2.66,-1.435,1.26,-1.257,-1.7355,-0.633,0
05/22/2025 13:42:30.153,0.910364,-0.425292,0.081496,2.835,-2.52,1.855,-1.254,-1.7205,-0.633,0
05/22/2025 13:42:30.173,0.913292,-0.422852,0.085888,3.325,-3.045,1.575,-1.2645,-1.716,-0.657,0
05/22/2025 13:42:30.193,0.91866,-0.427732,0.09076799,3.955,-3.08,1.12,-1.2675,-1.746,-0.63,0
05/22/2025 13:42:30.213,0.91012,-0.423828,0.094428,3.85,-2.555,1.19,-1.2555,-1.7355,-0.6105,0
05/22/2025 13:42:30.233,0.916464,-0.426756,0.090036,2.625,-1.89,1.925,-1.257,-1.7235,-0.6105,0
05/22/2025 13:42:30.253,0.91378,-0.416264,0.09857599,1.785,-1.155,2.975,-1.263,-1.7355,-0.603,0
05/22/2025 13:42:30.273,0.916464,-0.4209,0.09394,1.12,-0.63,3.955,-1.257,-1.7235,-0.618,0
05/22/2025 13:42:30.293,0.91012,-0.414312,0.08784,0.07,-0.455,4.48,-1.2825,-1.746,-0.6045,0
05/22/2025 13:42:30.313,0.916464,-0.40504,0.080764,-0.175,-0.35,4.095,-1.2825,-1.746,-0.6045,0
05/22/2025 13:42:30.333,0.910364,-0.396256,0.083448,-0.49,0.28,3.64,-1.2675,-1.743,-0.6,0
05/22/2025 13:42:30.353,0.91012,-0.402112,0.084912,-1.225,0.42,2.835,-1.233,-1.7505,-0.5985,0
05/22/2025 13:42:30.373,0.917684,-0.399916,0.077104,-1.96,0.455,1.785,-1.2555,-1.7385,-0.5955,0
05/22/2025 13:42:30.393,0.916952,-0.404552,0.075396,-2.38,0.56,0.665,-1.242,-1.7355,-0.606,0
05/22/2025 13:42:30.413,0.923052,-0.408456,0.074176,-2.555,0.77,-0.28,-1.2405,-1.725,-0.5805,0
05/22/2025 13:42:30.433,0.913536,-0.40382,0.072956,-2.835,0.735,-1.015,-1.2525,-1.731,-0.615,0
05/22/2025 13:42:30.453,0.918172,-0.408456,0.072956,-3.185,0.105,-1.47,-1.239,-1.698,-0.615,0
05/22/2025 13:42:30.473,0.920612,-0.41602,0.077348,-3.43,-0.595,-1.785,-1.2615,-1.701,-0.6225,0
05/22/2025 13:42:30.493,0.916952,-0.415288,0.078324,-2.87,-1.19,-2.17,-1.2405,-1.7205,-0.588,0
05/22/2025 13:42:30.513,0.911096,-0.412848,0.07905599,-1.96,-1.4,-2.485,-1.2375,-1.7205,-0.615,0
05/22/2025 13:42:30.533,0.914756,-0.416996,0.079544,-1.435,-1.54,-3.01,-1.26,-1.7085,-0.6075,0
05/22/2025 13:42:30.553,0.91622,-0.414312,0.08662,-1.54,-1.505,-3.57,-1.263,-1.7205,-0.6,0
05/22/2025 13:42:30.573,0.919392,-0.420656,0.09028,-1.75,-1.645,-4.55,-1.239,-1.6905,-0.603,0
05/22/2025 13:42:30.593,0.919148,-0.43188,0.099796,-1.82,-1.365,-5.04,-1.239,-1.6905,-0.603,0
05/22/2025 13:42:30.613,0.916952,-0.43432,0.099796,-1.505,-1.05,-5.075,-1.26,-1.7055,-0.603,0
05/22/2025 13:42:30.633,0.919392,-0.43676,0.096136,-1.295,-0.665,-4.585,-1.26,-1.7085,-0.6105,0
05/22/2025 13:42:30.653,0.919636,-0.43432,0.097112,-1.47,0.105,-3.71,-1.2675,-1.7085,-0.6195,0
05/22/2025 13:42:30.673,0.91378,-0.433344,0.091012,-2.485,0.455,-2.765,-1.242,-1.7175,-0.5985,0
05/22/2025 13:42:30.693,0.91622,-0.43066,0.095648,-2.835,1.015,-2.17,-1.275,-1.7085,-0.6195,0
05/22/2025 13:42:30.713,0.915732,-0.431636,0.091988,-2.835,1.295,-1.785,-1.2495,-1.7085,-0.6,0
05/22/2025 13:42:30.733,0.907436,-0.432856,0.094428,-3.185,1.575,-1.54,-1.245,-1.7235,-0.6075,0
05/22/2025 13:42:30.753,0.90768,-0.43188,0.088084,-3.43,1.68,-1.19,-1.2525,-1.728,-0.603,0
05/22/2025 13:42:30.773,0.898896,-0.426756,0.086376,-3.22,1.645,-0.63,-1.245,-1.7475,-0.606,0
05/22/2025 13:42:30.793,0.913292,-0.424316,0.07905599,-2.87,1.33,-0.21,-1.2525,-1.7355,-0.5955,0
05/22/2025 13:42:30.813,0.916464,-0.42822,0.077592,-2.31,1.435,-0.525,-1.2345,-1.755,-0.636,0
05/22/2025 13:42:30.833,0.916952,-0.426512,0.085644,-1.855,1.715,-1.645,-1.2555,-1.7355,-0.6105,0
05/22/2025 13:42:30.853,0.911096,-0.428708,0.084668,-2.205,1.47,-1.61,-1.2555,-1.7355,-0.6105,0
05/22/2025 13:42:30.873,0.908412,-0.432856,0.084668,-2.66,1.47,-0.665,-1.236,-1.7085,-0.6405,0
05/22/2025 13:42:30.893,0.912804,-0.432368,0.081984,-3.255,1.26,0.665,-1.2195,-1.755,-0.633,0
05/22/2025 13:42:30.913,0.910852,-0.43188,0.076616,-3.64,0.98,1.75,-1.224,-1.728,-0.636,0
05/22/2025 13:42:30.933,0.913536,-0.427,0.073932,-2.835,0.665,2.24,-1.2195,-1.728,-0.6285,0
05/22/2025 13:42:30.953,0.910364,-0.415288,0.077592,-1.925,0.28,2.24,-1.2225,-1.755,-0.621,0
05/22/2025 13:42:30.973,0.90646,-0.408456,0.0793,-1.68,-0.14,1.925,-1.2345,-1.743,-0.6405,0
05/22/2025 13:42:30.993,0.9028,-0.404308,0.0732,-2.1,-0.63,1.505,-1.224,-1.743,-0.651,0
05/22/2025 13:42:31.013,0.909388,-0.4148,0.07905599,-2.1,-0.63,1.015,-1.197,-1.7355,-0.636,0
05/22/2025 13:42:31.033,0.912804,-0.412116,0.07808,-1.89,-0.455,0.35,-1.206,-1.728,-0.6585,0
05/22/2025 13:42:31.053,0.914512,-0.411872,0.078324,-1.715,-0.315,-0.14,-1.2195,-1.7475,-0.633,0
05/22/2025 13:42:31.073,0.920124,-0.418216,0.08052,-1.82,-0.315,-0.35,-1.2195,-1.7475,-0.633,0
05/22/2025 13:42:31.093,0.915,-0.416264,0.080276,-2.345,-0.315,0.07,-1.224,-1.7325,-0.6405,0
05/22/2025 13:42:31.113,0.909632,-0.419192,0.07515199,-2.87,-0.875,0.56,-1.2465,-1.7505,-0.6555,0
05/22/2025 13:42:31.133,0.913048,-0.410896,0.07515199,-1.855,-1.015,0.035,-1.254,-1.7535,-0.6525,0
05/22/2025 13:42:31.153,0.914512,-0.412604,0.080276,-1.785,-1.33,-0.455,-1.242,-1.7505,-0.6375,0
05/22/2025 13:42:31.173,0.909388,-0.418948,0.07686,-2.1,-1.47,-0.98,-1.2165,-1.7505,-0.6405,0
05/22/2025 13:42:31.193,0.914756,-0.415532,0.07905599,-1.33,-1.015,-1.26,-1.221,-1.728,-0.648,0
05/22/2025 13:42:31.213,0.914756,-0.416752,0.079788,-1.75,-0.98,-1.33,-1.245,-1.7655,-0.6255,0
05/22/2025 13:42:31.233,0.915732,-0.426512,0.075884,-2.065,-1.015,-1.015,-1.2405,-1.7625,-0.621,0
05/22/2025 13:42:31.253,0.909144,-0.415288,0.07686,-1.575,-1.47,-0.07,-1.2525,-1.7805,-0.6135,0
05/22/2025 13:42:31.273,0.911584,-0.419436,0.08052,-1.05,-2.905,1.505,-1.2045,-1.755,-0.639,0
05/22/2025 13:42:31.293,0.91012,-0.453108,0.0671,-0.035,-4.305,1.75,-1.2255,-1.773,-0.618,0
05/22/2025 13:42:31.313,0.91256,-0.470432,0.070028,3.955,-4.55,1.05,-1.248,-1.7625,-0.6105,0
05/22/2025 13:42:31.333,0.92598,-0.521672,0.048312,10.57,-5.81,0.7,-1.2,-1.7625,-0.624,0
05/22/2025 13:42:31.353,0.935496,-0.549,0.059048,28.77,-5.285,0.21,-1.227,-1.7475,-0.6255,0
05/22/2025 13:42:31.373,0.925004,-0.528992,0.094184,53.97,-3.29,3.43,-1.215,-1.7775,-0.609,0
05/22/2025 13:42:31.393,0.917684,-0.5307,0.099064,62.23,-5.005,7.455,-1.215,-1.7775,-0.609,0
05/22/2025 13:42:31.413,0.913536,-0.56608,0.114192,65.625,-5.67,13.16,-1.2,-1.74,-0.606,0
05/22/2025 13:42:31.433,0.921588,-0.622688,0.122,72.94,-6.09,20.09,-1.215,-1.755,-0.609,0
05/22/2025 13:42:31.453,0.954528,-0.636352,0.178852,80.255,-2.87,28.105,-1.233,-1.7205,-0.576,0
05/22/2025 13:42:31.473,0.950136,-0.6893,0.238632,82.88,3.255,36.225,-1.23,-1.713,-0.5955,0
05/22/2025 13:42:31.493,0.94428,-0.752984,0.274744,90.615,6.615,46.445,-1.227,-1.68,-0.588,0
05/22/2025 13:42:31.513,0.925004,-0.780068,0.285724,108.29,12.6,55.965,-1.2525,-1.671,-0.585,0
05/22/2025 13:42:31.533,0.91744,-0.84668,0.329888,126.56,23.835,65.87,-1.284,-1.6065,-0.5715,0
05/22/2025 13:42:31.553,0.929396,-0.904264,0.41602,148.26,32.2,75.67,-1.272,-1.6065,-0.57,0
05/22/2025 13:42:31.573,0.936228,-0.879864,0.517524,165.515,42.385,86.59,-1.272,-1.599,-0.5625,0
05/22/2025 13:42:31.593,0.93086,-0.881328,0.544608,168.105,52.08,98.525,-1.311,-1.5165,-0.561,0
05/22/2025 13:42:31.613,0.92476,-0.885476,0.625128,175.665,61.565,109.515,-1.296,-1.509,-0.576,0
05/22/2025 13:42:31.633,0.885964,-0.746884,0.723948,175.84,74.725,118.44,-1.3065,-1.44,-0.6105,0
05/22/2025 13:42:31.653,0.821548,-0.658068,0.753716,148.75,92.435,122.115,-1.3065,-1.44,-0.6105,0
05/22/2025 13:42:31.673,0.802272,-0.697596,0.749812,129.675,103.74,119.7,-1.3065,-1.44,-0.6105,0
05/22/2025 13:42:31.693,0.770552,-0.632936,0.698084,119.665,118.09,116.655,-1.3005,-1.2885,-0.7335,0
05/22/2025 13:42:31.713,0.709308,-0.614392,0.727852,114.345,134.435,113.155,-1.329,-1.254,-0.78,0
05/22/2025 13:42:31.733,0.659288,-0.52582,0.740052,108.43,146.335,108.15,-1.32,-1.2225,-0.837,0
05/22/2025 13:42:31.753,0.584624,-0.393084,0.74298,95.725,153.755,101.885,-1.3155,-1.185,-0.924,0
05/22/2025 13:42:31.773,0.487756,-0.376004,0.654408,69.16,154.35,96.005,-1.2915,-1.143,-0.9885,0
05/22/2025 13:42:31.793,0.417484,-0.35746,0.645624,47.075,148.54,88.725,-1.257,-1.1175,-1.0515,0
05/22/2025 13:42:31.813,0.355264,-0.340624,0.63196,28.735,137.795,77.98,-1.233,-1.083,-1.104,1
05/22/2025 13:42:31.833,0.284992,-0.294508,0.567056,8.96,122.115,65.485,-1.1985,-1.056,-1.1715,1
05/22/2025 13:42:31.853,0.183244,-0.24522,0.451156,-4.305,106.925,50.645,-1.1595,-1.0455,-1.2165,1
05/22/2025 13:42:31.873,0.12322,-0.196664,0.435784,-12.915,89.145,36.085,-1.1415,-1.0305,-1.227,1
05/22/2025 13:42:31.893,0.132248,-0.240584,0.40138,-18.76,66.745,21.07,-1.122,-0.996,-1.2915,1
05/22/2025 13:42:31.913,0.273524,-0.442616,0.468968,2.24,32.34,-4.725,-1.101,-0.966,-1.3215,1
05/22/2025 13:42:31.933,0.426756,-0.538996,0.543632,23.1,12.845,-17.57,-1.0605,-0.945,-1.359,1
05/22/2025 13:42:31.953,0.564128,-0.621712,0.640012,29.82,-2.415,-22.68,-1.101,-0.948,-1.353,1
05/22/2025 13:42:31.973,0.681248,-0.604632,0.623908,19.46,-9.03,-17.115,-1.086,-0.9705,-1.3365,1
05/22/2025 13:42:31.993,0.669048,-0.61366,0.570716,1.82,-3.185,-2.59,-1.0905,-0.9705,-1.3665,1
05/22/2025 13:42:32.013,0.545828,-0.583404,0.565836,-10.745,9.17,13.615,-1.0905,-0.9705,-1.3665,1
05/22/2025 13:42:32.033,0.396256,-0.538508,0.576816,-17.115,17.115,23.1,-1.098,-1.008,-1.3785,1
05/22/2025 13:42:32.053,0.276208,-0.538752,0.550708,-16.905,14.945,23.87,-1.095,-0.966,-1.398,1
05/22/2025 13:42:32.073,0.180072,-0.554612,0.563884,-8.75,8.785,21,-1.0845,-0.9585,-1.389,1
05/22/2025 13:42:32.093,0.14396,-0.54778,0.587308,0.805,-1.855,16.555,-1.077,-0.951,-1.3815,1
05/22/2025 13:42:32.113,0.136396,-0.50752,0.616344,3.605,-12.075,13.23,-1.05,-0.9375,-1.374,1
05/22/2025 13:42:32.133,0.13664,-0.508984,0.63684,-2.59,-21.245,11.97,-1.0845,-0.933,-1.4055,1
05/22/2025 13:42:32.153,0.144936,-0.500688,0.68686,-10.15,-27.58,12.04,-1.083,-0.966,-1.371,1
05/22/2025 13:42:32.173,0.183976,-0.5978,0.741028,-22.785,-34.02,12.915,-1.077,-0.963,-1.3815,1
05/22/2025 13:42:32.193,0.216916,-0.610976,0.779824,-20.685,-34.51,14.385,-1.077,-0.963,-1.3815,1
05/22/2025 13:42:32.213,0.24888,-0.613904,0.818864,-18.025,-32.2,16.765,-1.08,-0.9285,-1.3365,1
05/22/2025 13:42:32.233,0.27938,-0.59048,0.856928,-19.88,-27.055,19.74,-1.0875,-0.9255,-1.344,1
05/22/2025 13:42:32.253,0.283772,-0.60878,0.851316,-29.75,-21.735,21.91,-1.101,-0.933,-1.314,1
05/22/2025 13:42:32.273,0.293044,-0.610732,0.8174,-36.75,-16.73,23.415,-1.0905,-0.8985,-1.3035,1
05/22/2025 13:42:32.293,0.269864,-0.63684,0.792512,-38.185,-10.78,24.92,-1.101,-0.873,-1.3035,1
05/22/2025 13:42:32.313,0.248392,-0.696864,0.780312,-35.56,-8.26,25.9,-1.074,-0.885,-1.272,1
05/22/2025 13:42:32.333,0.25254,-0.78446,0.771772,-27.335,-8.575,26.53,-1.059,-0.885,-1.2525,1
05/22/2025 13:42:32.353,0.24034,-0.806176,0.79056,-12.74,-9.73,29.995,-1.086,-0.8505,-1.254,1
05/22/2025 13:42:32.373,0.229848,-0.769088,0.846924,1.645,-10.185,37.03,-1.065,-0.828,-1.269,1
05/22/2025 13:42:32.393,0.243756,-0.84424,0.874252,9.205,-9.66,45.885,-1.0455,-0.8175,-1.242,1
05/22/2025 13:42:32.413,0.232776,-0.869128,0.886696,16.52,-7.07,55.125,-1.0455,-0.8025,-1.2495,1
05/22/2025 13:42:32.433,0.209352,-0.915488,0.919148,22.435,-1.995,65.695,-1.032,-0.7875,-1.257,1
05/22/2025 13:42:32.453,0.118828,-0.788608,0.927688,30.205,7.77,81.865,-1.032,-0.7875,-1.257,1
05/22/2025 13:42:32.473,0.061732,-0.707844,0.94794,28.875,16.52,90.335,-1.032,-0.7875,-1.257,1
05/22/2025 13:42:32.493,0.038308,-0.69174,0.911584,25.76,24.185,94.85,-0.9795,-0.7875,-1.2735,1
05/22/2025 13:42:32.513,0.054656,-0.61244,0.833016,25.305,27.965,96.39,-0.951,-0.7665,-1.269,1
05/22/2025 13:42:32.533,0.070516,-0.537532,0.768356,28.805,33.845,94.955,-0.93,-0.7215,-1.2765,1
05/22/2025 13:42:32.553,0.0671,-0.43188,0.722972,31.395,42.98,92.61,-0.8895,-0.714,-1.299,1
05/22/2025 13:42:32.573,0.046604,-0.361852,0.674904,27.02,47.565,86.275,-0.8445,-0.723,-1.3125,1
05/22/2025 13:42:32.593,0.03782,-0.314516,0.632936,19.425,47.18,76.09,-0.8175,-0.7035,-1.3455,1
05/22/2025 13:42:32.613,0.0366,-0.26596,0.608292,11.69,42.07,63.84,-0.7905,-0.72,-1.3455,1
05/22/2025 13:42:32.633,0.032208,-0.227896,0.612684,3.675,35.735,49.98,-0.762,-0.705,-1.3785,1
05/22/2025 13:42:32.653,0.044896,-0.227652,0.585844,-5.04,26.425,34.825,-0.78,-0.7155,-1.371,1
05/22/2025 13:42:32.673,0.044652,-0.23058,0.585356,-10.115,17.395,19.95,-0.7485,-0.693,-1.3935,1
05/22/2025 13:42:32.693,0.041236,-0.220088,0.587308,-21.245,6.685,5.88,-0.7485,-0.675,-1.383,1
05/22/2025 13:42:32.713,0.000732,-0.203496,0.604876,-48.79,-9.485,-13.65,-0.729,-0.663,-1.3785,1
05/22/2025 13:42:32.733,0.012688,-0.234972,0.579012,-76.335,-23.345,-26.915,-0.729,-0.663,-1.3785,1
05/22/2025 13:42:32.753,0.011956,-0.3172,0.56608,-99.155,-35.56,-40.53,-0.717,-0.66,-1.3365,1
05/22/2025 13:42:32.773,0.038308,-0.421144,0.558272,-116.97,-47.215,-53.9,-0.7725,-0.6405,-1.3305,1
05/22/2025 13:42:32.793,0.14152,-0.593164,0.544852,-129.57,-54.425,-65.24,-0.7785,-0.6255,-1.236,1
05/22/2025 13:42:32.813,0.138348,-0.725656,0.485316,-128.765,-52.57,-74.2,-0.7965,-0.5925,-1.218,1
05/22/2025 13:42:32.833,0.184464,-0.803248,0.443592,-115.185,-54.495,-82.635,-0.8505,-0.573,-1.14,1
05/22/2025 13:42:32.853,0.214232,-0.796904,0.422364,-101.815,-53.515,-86.555,-0.864,-0.573,-1.1025,1
05/22/2025 13:42:32.873,0.200568,-0.76372,0.426756,-94.115,-48.09,-88.865,-0.9015,-0.546,-1.08,1
05/22/2025 13:42:32.893,0.21716,-0.74176,0.440664,-93.205,-46.55,-89.775,-0.918,-0.5685,-1.0245,1
05/22/2025 13:42:32.913,0.243268,-0.733952,0.40992,-100.275,-43.225,-89.11,-0.954,-0.5865,-0.987,1
05/22/2025 13:42:32.933,0.2501,-0.750788,0.392352,-113.96,-37.45,-90.405,-0.993,-0.606,-0.9345,1
05/22/2025 13:42:32.953,0.266448,-0.820572,0.336476,-127.61,-32.725,-93.135,-1.0395,-0.624,-0.894,1
05/22/2025 13:42:32.973,0.308416,-0.900604,0.30134,-129.85,-24.885,-98.175,-1.0485,-0.6585,-0.8565,1
05/22/2025 13:42:32.993,0.341844,-0.964776,0.270108,-122.395,-8.75,-106.925,-1.0485,-0.6585,-0.8565,1
05/22/2025 13:42:33.013,0.365756,-0.944768,0.25132,-116.585,-0.42,-113.155,-1.0485,-0.6585,-0.8565,1
05/22/2025 13:42:33.033,0.407724,-0.969412,0.221552,-113.68,5.81,-116.935,-1.1175,-0.7215,-0.729,1
05/22/2025 13:42:33.053,0.447496,-0.978928,0.199104,-106.75,8.96,-119,-1.146,-0.759,-0.7095,1
05/22/2025 13:42:33.073,0.452376,-0.95038,0.202032,-108.5,14.28,-118.755,-1.185,-0.816,-0.6735,1
05/22/2025 13:42:33.093,0.475556,-0.96014,0.15372,-124.285,15.365,-116.9,-1.1895,-0.876,-0.624,1
05/22/2025 13:42:33.113,0.504348,-0.980148,0.097844,-141.785,14.245,-114.73,-1.2075,-0.933,-0.6345,1
05/22/2025 13:42:33.133,0.542412,-1.026264,0.0244,-153.545,13.405,-111.475,-1.2555,-0.954,-0.606,1
05/22/2025 13:42:33.153,0.543876,-1.075552,-0.027084,-151.55,13.23,-107.03,-1.2465,-1.0155,-0.5895,1
05/22/2025 13:42:33.173,0.550708,-1.108004,-0.0671,-133.035,13.79,-102.76,-1.2675,-1.056,-0.567,1
05/22/2025 13:42:33.193,0.53802,-1.121424,-0.060512,-97.65,12.88,-101.325,-1.254,-1.125,-0.543,1
05/22/2025 13:42:33.213,0.528992,-1.041392,-0.078812,-56.28,9.17,-99.365,-1.272,-1.158,-0.5475,1
05/22/2025 13:42:33.233,0.538996,-0.939888,-0.065392,-13.615,5.74,-96.145,-1.272,-1.173,-0.5475,1
05/22/2025 13:42:33.253,0.57218,-0.898164,-0.03294,21.49,0.49,-86.625,-1.3005,-1.221,-0.567,1
05/22/2025 13:42:33.273,0.616588,-0.913048,-0.002196,31.325,-3.99,-80.605,-1.3005,-1.221,-0.567,1
05/22/2025 13:42:33.293,0.660752,-0.918904,0.020984,31.325,-7.525,-76.65,-1.296,-1.29,-0.555,1
05/22/2025 13:42:33.313,0.697352,-0.91744,0.03538,29.085,-10.605,-73.15,-1.2945,-1.3395,-0.5625,1
05/22/2025 13:42:33.333,0.752252,-0.948184,0.0183,26.215,-14.665,-70.63,-1.3155,-1.3695,-0.5205,1
05/22/2025 13:42:33.353,0.81008,-0.94184,-0.007808,26.11,-14.91,-68.25,-1.308,-1.3695,-0.5235,1
05/22/2025 13:42:33.373,0.875472,-0.939156,-0.026108,26.565,-11.375,-65.205,-1.311,-1.41,-0.5205,1
05/22/2025 13:42:33.393,0.895236,-0.94184,0.003416,30.24,-3.955,-58.835,-1.3035,-1.4295,-0.5205,1
05/22/2025 13:42:33.413,0.9211,-0.912072,0.033672,27.965,1.96,-49.595,-1.2945,-1.491,-0.489,1
05/22/2025 13:42:33.433,0.902068,-0.925004,0.053924,20.195,8.015,-36.995,-1.2945,-1.491,-0.489,1
05/22/2025 13:42:33.453,0.848632,-0.871568,0.09467199,12.81,12.565,-24.36,-1.299,-1.479,-0.5265,1
05/22/2025 13:42:33.473,0.821304,-0.825696,0.093452,1.4,10.465,-13.265,-1.2915,-1.4985,-0.507,1
05/22/2025 13:42:33.493,0.793732,-0.820572,0.073688,-4.445,8.925,-4.515,-1.302,-1.5015,-0.5115,1
05/22/2025 13:42:33.513,0.779336,-0.797636,0.078324,-3.815,8.47,1.26,-1.287,-1.539,-0.5115,1
05/22/2025 13:42:33.533,0.772504,-0.770308,0.065148,1.855,9.45,6.055,-1.2945,-1.536,-0.519,1
05/22/2025 13:42:33.553,0.813008,-0.735172,0.052704,6.86,13.44,6.86,-1.2795,-1.524,-0.5415,1
05/22/2025 13:42:33.573,0.842776,-0.771772,0.07076,9.94,21.84,6.86,-1.269,-1.5165,-0.552,1
05/22/2025 13:42:33.593,0.875472,-0.74542,0.071004,17.185,25.06,3.92,-1.2945,-1.509,-0.5385,1
05/22/2025 13:42:33.613,0.853756,-0.6954,0.107848,24.815,26.635,0.665,-1.2885,-1.5015,-0.561,1
05/22/2025 13:42:33.633,0.823012,-0.652212,0.090036,20.51,23.415,0.63,-1.275,-1.512,-0.5985,1
05/22/2025 13:42:33.653,0.770552,-0.590236,0.078568,14.035,21,2.625,-1.263,-1.5165,-0.6015,1
05/22/2025 13:42:33.673,0.715896,-0.576328,0.062708,11.935,17.535,4.69,-1.2825,-1.5015,-0.594,1
05/22/2025 13:42:33.693,0.696132,-0.53314,0.062464,13.23,10.99,5.705,-1.29,-1.512,-0.621,1
05/22/2025 13:42:33.713,0.686128,-0.555588,0.072468,13.02,5.845,6.23,-1.2945,-1.482,-0.621,1
05/22/2025 13:42:33.733,0.70516,-0.576816,0.060024,15.89,2.31,5.635,-1.2615,-1.4895,-0.636,1
05/22/2025 13:42:33.753,0.72834,-0.589504,0.061732,25.795,0.35,2.52,-1.302,-1.467,-0.6225,1
05/22/2025 13:42:33.773,0.768112,-0.600728,0.059292,39.2,-1.26,-0.525,-1.302,-1.485,-0.645,1
05/22/2025 13:42:33.793,0.804956,-0.567544,0.089548,53.585,-0.07,-1.96,-1.2975,-1.482,-0.6135,1
05/22/2025 13:42:33.813,0.806176,-0.602436,0.1464,45.815,3.465,-0.875,-1.2975,-1.482,-0.6135,1
05/22/2025 13:42:33.833,0.832284,-0.632692,0.169824,28.63,1.61,2.975,-1.3125,-1.4925,-0.618,1
05/22/2025 13:42:33.853,0.828624,-0.607072,0.167628,12.74,0.56,7.56,-1.332,-1.503,-0.6375,1
05/22/2025 13:42:33.873,0.835944,-0.643428,0.167384,0.63,-0.315,12.95,-1.3275,-1.5075,-0.618,1
05/22/2025 13:42:33.893,0.848144,-0.66368,0.193736,-8.68,1.015,18.235,-1.2975,-1.485,-0.6255,1
05/22/2025 13:42:33.913,0.833748,-0.670024,0.193492,-15.505,1.82,24.36,-1.317,-1.4745,-0.6255,1
05/22/2025 13:42:33.933,0.812764,-0.667096,0.194956,-20.16,5.285,28.7,-1.3125,-1.4895,-0.603,1
05/22/2025 13:42:33.953,0.791292,-0.641232,0.178364,-24.675,5.985,33.25,-1.2945,-1.4925,-0.6135,1
05/22/2025 13:42:33.973,0.75396,-0.635864,0.191052,-25.305,8.785,36.995,-1.3095,-1.5045,-0.633,1
05/22/2025 13:42:33.993,0.767868,-0.644892,0.207644,-23.065,9.065,37.24,-1.32,-1.488,-0.6375,1
05/22/2025 13:42:34.013,0.719312,-0.627568,0.249368,-23.31,11.34,40.32,-1.3185,-1.443,-0.642,1
05/22/2025 13:42:34.033,0.712236,-0.680028,0.20496,-22.365,9.8,38.92,-1.329,-1.4205,-0.654,1
05/22/2025 13:42:34.053,0.700524,-0.643184,0.227652,-7.665,10.465,39.025,-1.3065,-1.41,-0.6345,1
05/22/2025 13:42:34.073,0.704428,-0.63684,0.244976,1.47,8.75,40.145,-1.3065,-1.41,-0.6345,1
05/22/2025 13:42:34.093,0.715652,-0.657824,0.25498,6.825,6.23,38.535,-1.3125,-1.383,-0.669,1
05/22/2025 13:42:34.113,0.714432,-0.663192,0.206668,12.845,3.815,35.525,-1.2825,-1.35,-0.645,1
05/22/2025 13:42:34.133,0.717848,-0.624152,0.211792,23.94,3.78,30.94,-1.305,-1.356,-0.672,1
05/22/2025 13:42:34.153,0.711504,-0.632448,0.234484,27.86,6.475,25.515,-1.314,-1.3335,-0.684,1
05/22/2025 13:42:34.173,0.712236,-0.60512,0.227896,29.085,4.375,18.9,-1.3095,-1.326,-0.6615,1
05/22/2025 13:42:34.193,0.71004,-0.567544,0.23302,27.825,4.76,12.495,-1.311,-1.293,-0.6765,1
05/22/2025 13:42:34.213,0.705404,-0.564616,0.227896,20.195,3.57,8.05,-1.311,-1.2615,-0.6765,1
05/22/2025 13:42:34.233,0.665388,-0.569496,0.21228,10.185,3.325,2.87,-1.314,-1.281,-0.6885,1
05/22/2025 13:42:34.253,0.645624,-0.598288,0.213988,0.525,1.54,-1.855,-1.308,-1.266,-0.684,1
05/22/2025 13:42:34.273,0.61732,-0.645624,0.176656,-3.36,1.715,-6.51,-1.3305,-1.2465,-0.696,1
05/22/2025 13:42:34.293,0.593164,-0.674904,0.189344,2.415,5.04,-10.22,-1.3185,-1.269,-0.696,1
05/22/2025 13:42:34.313,0.605608,-0.693936,0.173728,15.855,6.51,-11.83,-1.341,-1.2735,-0.696,1
05/22/2025 13:42:34.333,0.556076,-0.564372,0.25376,21.07,6.125,-15.47,-1.332,-1.284,-0.6765,1
05/22/2025 13:42:34.353,0.57584,-0.598288,0.259128,8.47,0.77,-20.405,-1.3365,-1.296,-0.6855,1
05/22/2025 13:42:34.373,0.593408,-0.648796,0.200324,0.56,-0.98,-23.66,-1.3365,-1.296,-0.6855,1
05/22/2025 13:42:34.393,0.594628,-0.644648,0.185928,0.56,-1.54,-27.51,-1.3395,-1.314,-0.6735,1
05/22/2025 13:42:34.413,0.60146,-0.663192,0.209596,1.89,-1.505,-30.205,-1.3515,-1.311,-0.681,1
05/22/2025 13:42:34.433,0.604388,-0.690276,0.213012,-0.84,-3.92,-29.855,-1.365,-1.344,-0.663,1
05/22/2025 13:42:34.453,0.62342,-0.72712,0.19642,-4.585,-8.26,-28,-1.3755,-1.359,-0.6735,1
05/22/2025 13:42:34.473,0.611464,-0.723216,0.20984,-2.205,-11.445,-24.92,-1.3305,-1.371,-0.657,1
05/22/2025 13:42:34.493,0.626592,-0.743224,0.20252,0.63,-16.38,-21.875,-1.3305,-1.3935,-0.657,1
05/22/2025 13:42:34.513,0.618296,-0.754936,0.211792,3.465,-22.19,-20.125,-1.323,-1.3605,-0.669,1
05/22/2025 13:42:34.533,0.655628,-0.785192,0.193004,2.275,-30.415,-19.32,-1.3335,-1.3635,-0.6495,1
05/22/2025 13:42:34.553,0.652456,-0.751032,0.218624,1.61,-34.685,-16.31,-1.326,-1.3905,-0.6465,1
05/22/2025 13:42:34.573,0.668316,-0.77592,0.24156,-3.395,-40.565,-11.935,-1.311,-1.383,-0.63,1
05/22/2025 13:42:34.593,0.674172,-0.78446,0.206912,-20.23,-46.865,-4.935,-1.332,-1.4175,-0.615,1
05/22/2025 13:42:34.613,0.653676,-0.831552,0.154696,-25.06,-47.11,-0.77,-1.3245,-1.398,-0.573,1
05/22/2025 13:42:34.633,0.632692,-0.7991,0.156648,-20.23,-45.5,2.24,-1.32,-1.3995,-0.5505,1
05/22/2025 13:42:34.653,0.635864,-0.813984,0.136396,-17.22,-45.57,3.43,-1.323,-1.368,-0.54,1
05/22/2025 13:42:34.673,0.669048,-0.880352,0.106628,-9.275,-46.69,0.63,-1.3155,-1.377,-0.513,1
05/22/2025 13:42:34.693,0.703696,-0.904264,0.088572,5.32,-51.065,-3.08,-1.329,-1.3845,-0.495,1
05/22/2025 13:42:34.713,0.76006,-0.962824,0.067832,25.305,-56.84,-9.38,-1.347,-1.38,-0.465,1
05/22/2025 13:42:34.733,0.827648,-0.991372,0.101992,52.85,-63,-15.225,-1.332,-1.395,-0.4455,1
05/22/2025 13:42:34.753,0.898408,-0.961116,0.115412,73.57,-69.79,-15.365,-1.3305,-1.3965,-0.396,1
05/22/2025 13:42:34.773,0.92476,-0.921832,0.091256,91.49,-72.87,-7.105,-1.311,-1.3815,-0.3765,1
05/22/2025 13:42:34.793,0.922076,-0.823256,0.127856,105.56,-71.925,6.055,-1.311,-1.3635,-0.339,1
05/22/2025 13:42:34.813,0.906704,-0.735416,0.166896,107.835,-65.835,20.93,-1.299,-1.329,-0.312,1
05/22/2025 13:42:34.833,0.864492,-0.639768,0.187392,100.695,-59.185,32.34,-1.296,-1.3365,-0.3075,1
05/22/2025 13:42:34.853,0.805444,-0.572424,0.199104,85.89,-50.75,38.64,-1.296,-1.3365,-0.3075,1
05/22/2025 13:42:34.873,0.736392,-0.533628,0.20252,55.475,-39.83,39.445,-1.266,-1.311,-0.27,1
05/22/2025 13:42:34.893,0.694912,-0.557296,0.16958,37.765,-34.86,37.485,-1.272,-1.251,-0.2175,1
05/22/2025 13:42:34.913,0.664656,-0.57828,0.15616,29.54,-30.275,36.68,-1.2465,-1.233,-0.216,1
05/22/2025 13:42:34.933,0.641476,-0.544364,0.15616,23.03,-26.285,38.08,-1.242,-1.215,-0.186,1
05/22/2025 13:42:34.953,0.623664,-0.58316,0.14396,13.405,-23.835,40.74,-1.239,-1.188,-0.1815,1
05/22/2025 13:42:34.973,0.633424,-0.612928,0.114436,7.42,-23.66,42.56,-1.2435,-1.128,-0.1785,1
05/22/2025 13:42:34.993,0.657824,-0.622444,0.0915,2.52,-22.82,44.695,-1.2315,-1.113,-0.153,1
05/22/2025 13:42:35.013,0.682712,-0.651968,0.05856,-4.795,-20.125,43.68,-1.2165,-1.1055,-0.1365,1
05/22/2025 13:42:35.033,0.724924,-0.70394,0.031476,-6.79,-18.025,39.83,-1.1835,-1.0845,-0.105,1
05/22/2025 13:42:35.053,0.760792,-0.720288,0.02318,-5.88,-15.715,33.915,-1.1805,-1.0575,-0.129,1
05/22/2025 13:42:35.073,0.748348,-0.741272,-0.029036,-6.58,-11.34,28.77,-1.1835,-1.0275,-0.0915,1
05/22/2025 13:42:35.093,0.772504,-0.781532,-0.044896,-8.995,-9.905,25.445,-1.158,-1.017,-0.0795,1
05/22/2025 13:42:35.113,0.77348,-0.846436,-0.08174,-17.605,-4.095,22.995,-1.1775,-0.993,-0.0915,1
05/22/2025 13:42:35.133,0.748592,-0.88328,-0.142252,-30.205,5.18,23.625,-1.1445,-0.942,-0.0675,1
05/22/2025 13:42:35.153,0.698328,-0.872056,-0.129076,-34.335,11.165,26.6,-1.1445,-0.942,-0.0675,1
05/22/2025 13:42:35.173,0.65392,-0.8784,-0.113948,-38.57,13.16,32.585,-1.1445,-0.93,-0.06,1
05/22/2025 13:42:35.193,0.626104,-0.858148,-0.122244,-42.105,13.265,40.495,-1.1145,-0.939,-0.0555,1
05/22/2025 13:42:35.213,0.601948,-0.833748,-0.134444,-45.045,12.81,47.915,-1.1025,-0.942,-0.063,1
05/22/2025 13:42:35.233,0.591212,-0.82838,-0.159332,-48.44,13.335,52.675,-1.1025,-0.924,-0.0435,1
05/22/2025 13:42:35.253,0.601704,-0.829844,-0.162748,-46.935,14.805,55.23,-1.107,-0.912,-0.048,1
05/22/2025 13:42:35.273,0.618052,-0.798124,-0.1464,-43.96,14.98,58.905,-1.077,-0.9015,-0.051,1
05/22/2025 13:42:35.293,0.630252,-0.804224,-0.142252,-48.265,15.155,64.61,-1.0965,-0.909,-0.078,1
05/22/2025 13:42:35.313,0.661484,-0.899628,-0.18178,-61.74,13.475,70.28,-1.071,-0.879,-0.0465,1
05/22/2025 13:42:35.333,0.705892,-0.915,-0.191784,-69.93,10.36,77.14,-1.053,-0.864,-0.054,1
05/22/2025 13:42:35.353,0.686616,-0.938668,-0.172508,-76.405,11.025,85.68,-1.056,-0.8865,-0.081,1
05/22/2025 13:42:35.373,0.67466,-1.04066,-0.20008,-81.165,6.055,97.055,-1.0335,-0.8715,-0.072,1
05/22/2025 13:42:35.393,0.693448,-1.056276,-0.221064,-73.045,0.91,106.925,-0.993,-0.876,-0.0525,1
05/22/2025 13:42:35.413,0.66612,-0.979416,-0.1708,-67.41,-2.24,122.815,-0.993,-0.876,-0.0525,1
05/22/2025 13:42:35.433,0.591212,-0.948672,-0.220576,-68.215,-9.52,131.215,-0.9975,-0.816,-0.0765,1
05/22/2025 13:42:35.453,0.512156,-0.84424,-0.214476,-73.22,-8.295,133.42,-0.954,-0.7905,-0.0705,1
05/22/2025 13:42:35.473,0.448472,-0.80154,-0.231556,-80.92,-4.41,126.665,-0.924,-0.7875,-0.078,1
05/22/2025 13:42:35.493,0.370392,-0.77348,-0.231312,-82.145,1.015,113.295,-0.8835,-0.765,-0.066,1
05/22/2025 13:42:35.513,0.266936,-0.74542,-0.266936,-73.43,4.865,93.835,-0.8505,-0.747,-0.069,1
05/22/2025 13:42:35.533,0.19764,-0.664656,-0.255712,-59.29,12.635,71.225,-0.825,-0.7395,-0.06,1
05/22/2025 13:42:35.553,0.149572,-0.629276,-0.2379,-45.115,23.03,45.43,-0.8145,-0.7245,-0.048,1
05/22/2025 13:42:35.573,0.09076799,-0.689056,-0.226676,-23.695,33.215,18.9,-0.798,-0.744,-0.0435,1
05/22/2025 13:42:35.593,0.063684,-0.740052,-0.204716,8.925,42.175,-8.505,-0.7995,-0.744,-0.0675,1
05/22/2025 13:42:35.613,0.030988,-0.780312,-0.207644,47.425,52.92,-35.805,-0.8265,-0.714,-0.075,1
05/22/2025 13:42:35.633,0.022204,-0.704672,-0.218868,79.135,62.51,-59.955,-0.819,-0.7245,-0.0975,1
05/22/2025 13:42:35.653,0.028548,-0.674416,-0.230336,89.46,70.735,-78.61,-0.8415,-0.7425,-0.132,1
05/22/2025 13:42:35.673,0.112484,-0.798124,-0.258396,99.855,67.34,-94.15,-0.873,-0.723,-0.1785,1
05/22/2025 13:42:35.693,0.247172,-0.927444,-0.220332,96.74,58.065,-91.49,-0.873,-0.723,-0.1785,1
05/22/2025 13:42:35.713,0.340868,-0.952332,-0.116388,95.025,50.54,-81.2,-0.975,-0.7425,-0.2655,1
05/22/2025 13:42:35.733,0.40016,-0.963312,-0.10004,75.53,41.545,-66.92,-1.0245,-0.783,-0.327,1
05/22/2025 13:42:35.753,0.43432,-1.054568,-0.172752,37.765,32.935,-48.37,-1.029,-0.753,-0.3345,1
05/22/2025 13:42:35.773,0.430904,-1.1163,-0.235216,9.345,28.175,-28,-1.0365,-0.783,-0.3585,1
05/22/2025 13:42:35.793,0.42944,-1.128256,-0.22204,-4.725,25.76,-10.71,-1.0365,-0.783,-0.3585,1
05/22/2025 13:42:35.813,0.40626,-1.068476,-0.195932,-9.03,23.765,3.185,-1.0515,-0.768,-0.3735,1
05/22/2025 13:42:35.833,0.380152,-0.992592,-0.152988,-10.64,21.525,14.7,-1.032,-0.8205,-0.372,1
05/22/2025 13:42:35.853,0.365512,-0.95038,-0.130296,-15.225,17.64,23.135,-1.041,-0.801,-0.3915,1
05/22/2025 13:42:35.873,0.362828,-0.928664,-0.106384,-19.25,10.85,27.685,-1.0515,-0.801,-0.408,1
05/22/2025 13:42:35.893,0.340624,-0.936716,-0.116632,-20.125,7.07,27.72,-1.0515,-0.801,-0.396,1
05/22/2025 13:42:35.913,0.33672,-0.903776,-0.085644,-15.33,3.22,24.255,-1.038,-0.786,-0.426,1
05/22/2025 13:42:35.933,0.341112,-0.887184,-0.033916,-9.485,-2.8,20.02,-1.0455,-0.774,-0.408,1
05/22/2025 13:42:35.953,0.312564,-0.899384,0.049044,-6.44,-7.63,17.78,-1.0095,-0.7755,-0.4335,1
05/22/2025 13:42:35.973,0.310856,-0.88084,0.060268,-3.535,-11.9,18.445,-1.005,-0.801,-0.4515,1
05/22/2025 13:42:35.993,0.311344,-0.883036,0.05368,-4.41,-13.685,20.685,-1.005,-0.786,-0.4365,1
05/22/2025 13:42:36.013,0.300852,-0.901092,0.023424,-7.91,-14.07,23.59,-0.993,-0.81,-0.417,0
05/22/2025 13:42:36.033,0.286456,-0.928908,-0.012932,-10.045,-13.23,24.57,-0.96,-0.7755,-0.417,0
05/22/2025 13:42:36.053,0.285724,-0.928176,-0.042212,-15.54,-13.37,21.49,-0.9825,-0.768,-0.417,0
05/22/2025 13:42:36.073,0.269864,-0.937936,-0.05978,-21.595,-11.935,16.8,-0.9555,-0.792,-0.4125,0
05/22/2025 13:42:36.093,0.239364,-0.942572,-0.10248,-23.205,-10.885,12.32,-0.9525,-0.7725,-0.3975,0
05/22/2025 13:42:36.113,0.214476,-0.959164,-0.1098,-21.7,-10.395,8.33,-0.9585,-0.762,-0.3705,0
05/22/2025 13:42:36.133,0.176656,-1.007964,-0.09028,-17.535,-10.045,4.305,-0.9435,-0.78,-0.375,0
05/22/2025 13:42:36.153,0.1708,-1.137772,-0.153476,-7.875,-14.63,-1.645,-0.978,-0.7455,-0.372,0
05/22/2025 13:42:36.173,0.170068,-1.126548,-0.185196,13.23,-17.745,-5.075,-0.951,-0.7995,-0.3555,0
05/22/2025 13:42:36.193,0.156892,-1.132404,-0.193004,37.73,-19.46,-7.63,-0.948,-0.7845,-0.3585,0
05/22/2025 13:42:36.213,0.14762,-1.091656,-0.124928,75.81,-22.96,-10.325,-0.948,-0.7845,-0.3585,0
05/22/2025 13:42:36.233,0.146888,-1.09312,-0.127124,91.525,-25.69,-11.76,-0.948,-0.7845,-0.3585,0
05/22/2025 13:42:36.253,0.1647,-1.025776,-0.10126,102.515,-28.42,-12.67,-0.9435,-0.7875,-0.366,0
05/22/2025 13:42:36.273,0.16836,-0.948672,-0.059292,115.22,-27.475,-11.55,-0.978,-0.753,-0.39,0
05/22/2025 13:42:36.293,0.172508,-0.884256,0.02074,122.885,-22.75,-8.505,-0.96,-0.753,-0.405,0
05/22/2025 13:42:36.313,0.161284,-0.874252,0.07442,127.75,-22.435,0.7,-1.005,-0.7755,-0.426,0
05/22/2025 13:42:36.333,0.151524,-0.837896,0.140788,123.62,-20.755,9.52,-0.9615,-0.78,-0.4815,0
05/22/2025 13:42:36.353,0.12688,-0.821548,0.203496,111.37,-20.405,15.82,-0.999,-0.753,-0.4905,0
05/22/2025 13:42:36.373,0.101992,-0.894016,0.190076,105.91,-22.365,17.71,-0.957,-0.738,-0.5235,0
05/22/2025 13:42:36.393,0.09882,-0.865712,0.20008,111.195,-23.485,15.925,-0.987,-0.744,-0.546,0
05/22/2025 13:42:36.413,0.113704,-0.855952,0.23424,109.83,-24.255,9.31,-0.9615,-0.7185,-0.558,0
05/22/2025 13:42:36.433,0.166408,-0.952576,0.236192,99.785,-27.405,-1.295,-0.9615,-0.7365,-0.5985,0
05/22/2025 13:42:36.453,0.298168,-1.203896,0.231312,96.985,-34.685,-14.42,-0.999,-0.747,-0.6075,0
05/22/2025 13:42:36.473,0.45994,-1.281732,0.320128,107.555,-39.62,-20.125,-1.0005,-0.717,-0.6345,0
05/22/2025 13:42:36.493,0.512156,-1.1407,0.457744,124.53,-37.485,-1.89,-1.0005,-0.717,-0.6345,0
05/22/2025 13:42:36.513,0.460184,-0.940864,0.518256,114.485,-32.935,23.135,-1.005,-0.7575,-0.699,0
05/22/2025 13:42:36.533,0.376736,-0.833992,0.481656,83.51,-28.105,44.45,-0.99,-0.732,-0.687,0
05/22/2025 13:42:36.553,0.323544,-0.768356,0.456036,58.205,-23.66,55.475,-0.9795,-0.747,-0.717,0
05/22/2025 13:42:36.573,0.292556,-0.681248,0.412116,41.16,-20.825,59.01,-0.996,-0.72,-0.7215,0
05/22/2025 13:42:36.593,0.272304,-0.668316,0.410164,29.855,-17.395,55.58,-1.014,-0.708,-0.7215,0
05/22/2025 13:42:36.613,0.276696,-0.637328,0.414556,20.86,-14.805,50.295,-1.0035,-0.678,-0.7365,0
05/22/2025 13:42:36.633,0.274012,-0.63928,0.407968,5.74,-13.44,44.835,-0.9825,-0.675,-0.7515,0
05/22/2025 13:42:36.653,0.297192,-0.765184,0.394304,-8.575,-13.825,39.515,-0.9975,-0.6675,-0.744,0
05/22/2025 13:42:36.673,0.321836,-0.8601,0.371124,-8.89,-16.695,33.6,-1.002,-0.6405,-0.7485,0
05/22/2025 13:42:36.693,0.360144,-0.91866,0.347212,4.13,-19.145,27.405,-1.0125,-0.63,-0.7155,0
05/22/2025 13:42:36.713,0.395524,-0.9577,0.346968,16.52,-18.865,22.68,-1.035,-0.6405,-0.7305,0
05/22/2025 13:42:36.733,0.4209,-0.964288,0.391132,18.62,-18.795,19.565,-1.0155,-0.633,-0.723,0
05/22/2025 13:42:36.753,0.429196,-0.995764,0.404796,-0.63,-18.76,17.01,-1.0305,-0.6405,-0.7425,0
05/22/2025 13:42:36.773,0.423584,-1.008452,0.390644,-16.52,-17.675,16.205,-1.0305,-0.6405,-0.7425,0
05/22/2025 13:42:36.793,0.38552,-0.968436,0.371368,-27.23,-15.89,17.395,-1.0725,-0.606,-0.747,0
05/22/2025 13:42:36.813,0.322568,-0.896212,0.367708,-32.865,-11.585,20.86,-1.062,-0.6015,-0.7665,0
05/22/2025 13:42:36.833,0.254736,-0.793976,0.347944,-39.305,-8.645,23.555,-1.044,-0.5565,-0.75,0
05/22/2025 13:42:36.853,0.212036,-0.770552,0.31354,-46.41,-6.265,23.59,-1.05,-0.576,-0.7395,0
05/22/2025 13:42:36.873,0.189588,-0.755668,0.294996,-47.075,-3.955,20.23,-1.065,-0.546,-0.732,0
05/22/2025 13:42:36.893,0.183976,-0.770064,0.284992,-41.93,-0.84,14.77,-1.0695,-0.522,-0.7365,0
05/22/2025 13:42:36.913,0.193492,-0.770796,0.28182,-31.045,1.435,7.84,-1.0665,-0.501,-0.717,0
05/22/2025 13:42:36.933,0.20374,-0.8113,0.269864,-21.525,5.215,1.54,-1.0695,-0.4965,-0.699,0
05/22/2025 13:42:36.953,0.227896,-0.841556,0.278892,-9.1,8.12,-5.6,-1.047,-0.471,-0.702,0
05/22/2025 13:42:36.973,0.270352,-0.882548,0.2684,-2.1,11.655,-10.85,-1.0545,-0.474,-0.7095,0
05/22/2025 13:42:36.993,0.280844,-0.917196,0.306708,0.42,18.34,-12.915,-1.077,-0.462,-0.714,0
05/22/2025 13:42:37.013,0.286456,-1.010892,0.358924,-6.86,29.225,-15.33,-1.0515,-0.471,-0.699,0
05/22/2025 13:42:37.033,0.294996,-1.042124,0.374052,-15.505,33.145,-15.295,-1.0515,-0.471,-0.699,0
05/22/2025 13:42:37.053,0.295972,-1.024312,0.395524,-21.595,36.435,-14.385,-1.056,-0.444,-0.702,0
05/22/2025 13:42:37.073,0.26596,-1.00528,0.384056,-27.51,37.66,-13.58,-1.089,-0.444,-0.7185,0
05/22/2025 13:42:37.093,0.222528,-0.98332,0.366244,-28.14,36.75,-13.685,-1.104,-0.4395,-0.708,0
05/22/2025 13:42:37.113,0.202764,-0.93818,0.332572,-27.44,34.545,-16.87,-1.086,-0.414,-0.7035,0
05/22/2025 13:42:37.133,0.180072,-0.945744,0.324032,-25.935,33.11,-22.54,-1.101,-0.402,-0.723,0
05/22/2025 13:42:37.153,0.15616,-0.95282,0.33184,-23.52,30.31,-29.575,-1.101,-0.4125,-0.7185,0
05/22/2025 13:42:37.173,0.152744,-0.937692,0.345992,-23.03,26.215,-35.035,-1.101,-0.432,-0.711,0
05/22/2025 13:42:37.193,0.155916,-0.956968,0.319884,-26.635,22.26,-37.24,-1.134,-0.4425,-0.72,0
05/22/2025 13:42:37.213,0.143716,-0.994056,0.316712,-23.135,21.315,-34.195,-1.1595,-0.465,-0.7095,0
05/22/2025 13:42:37.233,0.133468,-1.012844,0.340868,-9.415,21.595,-29.225,-1.1595,-0.465,-0.7095,0
05/22/2025 13:42:37.253,0.144936,-1.015284,0.378932,5.985,19.95,-24.955,-1.1595,-0.4575,-0.717,0
05/22/2025 13:42:37.273,0.181536,-0.975024,0.38552,15.575,17.43,-20.72,-1.1565,-0.4425,-0.744,0
05/22/2025 13:42:37.293,0.226188,-0.955504,0.388204,15.925,20.86,-18.375,-1.179,-0.4335,-0.759,0
05/22/2025 13:42:37.313,0.237412,-0.956724,0.382592,14.07,24.78,-16.87,-1.158,-0.4635,-0.7845,0
05/22/2025 13:42:37.333,0.23302,-0.930616,0.394548,13.405,30.73,-14.245,-1.1685,-0.4485,-0.774,0
05/22/2025 13:42:37.353,0.238876,-0.919636,0.405528,13.405,36.645,-10.535,-1.173,-0.4485,-0.7965,0
05/22/2025 13:42:37.373,0.223992,-0.90036,0.388692,18.69,40.04,-7.98,-1.173,-0.4605,-0.8235,0
05/22/2025 13:42:37.393,0.220088,-0.855952,0.364536,17.92,40.46,-5.985,-1.164,-0.4335,-0.8415,0
05/22/2025 13:42:37.413,0.24034,-0.880108,0.371856,13.405,42.07,-2.695,-1.1565,-0.4335,-0.864,0
05/22/2025 13:42:37.433,0.25986,-0.931104,0.425536,13.615,46.515,2.03,-1.167,-0.444,-0.861,0
05/22/2025 13:42:37.453,0.257176,-0.939888,0.480192,13.65,46.97,6.685,-1.113,-0.408,-0.8895,0
05/22/2025 13:42:37.473,0.265228,-0.962336,0.467016,12.425,43.19,8.645,-1.1055,-0.426,-0.8715,0
05/22/2025 13:42:37.493,0.2562,-0.964288,0.426756,13.65,39.9,9.625,-1.11,-0.4035,-0.882,0
05/22/2025 13:42:37.513,0.223748,-0.887184,0.464332,21.35,37.73,9.52,-1.0725,-0.3975,-0.87,0
05/22/2025 13:42:37.533,0.197152,-0.84912,0.506544,22.33,33.705,8.4,-1.083,-0.3975,-0.885,0
05/22/2025 13:42:37.553,0.1647,-0.853024,0.451644,21.77,26.285,7.525,-1.062,-0.4155,-0.9345,0
05/22/2025 13:42:37.573,0.147376,-0.842532,0.433344,25.76,24.5,8.575,-1.062,-0.4155,-0.9345,0
05/22/2025 13:42:37.593,0.160552,-0.826184,0.421632,27.615,23.275,8.96,-1.0485,-0.408,-0.957,0
05/22/2025 13:42:37.613,0.145668,-0.822768,0.412116,26.18,22.855,10.22,-1.041,-0.438,-0.9525,0
05/22/2025 13:42:37.633,0.143716,-0.7808,0.445056,26.53,22.89,11.235,-1.0455,-0.423,-0.99,0
05/22/2025 13:42:37.653,0.150548,-0.79544,0.446276,20.72,21.455,9.695,-1.026,-0.435,-0.99,0
05/22/2025 13:42:37.673,0.139568,-0.803248,0.414556,16.415,20.475,6.965,-0.9945,-0.4275,-1.0155,0
05/22/2025 13:42:37.693,0.135908,-0.77348,0.412848,13.265,19.53,4.235,-1.0155,-0.4425,-1.02,0
05/22/2025 13:42:37.713,0.126636,-0.75518,0.42944,10.255,18.76,0.84,-0.987,-0.4125,-1.0305,0
05/22/2025 13:42:37.733,0.132248,-0.739808,0.430416,8.89,17.325,-1.505,-0.9945,-0.423,-1.05,0
05/22/2025 13:42:37.753,0.139324,-0.73932,0.425292,12.355,15.715,-3.955,-0.9765,-0.4425,-1.068,0
05/22/2025 13:42:37.773,0.145668,-0.748836,0.426268,10.745,15.19,-4.41,-0.9705,-0.4275,-1.0875,0
05/22/2025 13:42:37.793,0.155672,-0.782996,0.447252,6.475,16.03,-4.27,-0.96,-0.4275,-1.1025,0
05/22/2025 13:42:37.813,0.164212,-0.78812,0.478484,6.09,17.745,-4.095,-0.984,-0.453,-1.095,0
05/22/2025 13:42:37.833,0.15616,-0.775432,0.492148,8.435,20.16,-5.81,-0.984,-0.453,-1.095,0
05/22/2025 13:42:37.853,0.1464,-0.729804,0.513376,5.81,21.63,-5.67,-0.984,-0.453,-1.095,0
05/22/2025 13:42:37.873,0.139812,-0.748592,0.53314,1.61,21.21,-4.83,-0.96,-0.435,-1.1475,0
05/22/2025 13:42:37.893,0.147132,-0.77348,0.503372,-0.945,18.9,-5.075,-0.9795,-0.45,-1.167,0
05/22/2025 13:42:37.913,0.139812,-0.795684,0.462136,-1.365,16.94,-5.845,-0.939,-0.4395,-1.1505,0
05/22/2025 13:42:37.933,0.115412,-0.831796,0.4941,6.195,15.365,-6.965,-0.957,-0.408,-1.152,0
05/22/2025 13:42:37.953,0.109068,-0.807884,0.55144,13.44,12.285,-8.68,-0.9615,-0.45,-1.167,0
05/22/2025 13:42:37.973,0.125172,-0.813008,0.558516,11.655,7.07,-10.885,-0.945,-0.45,-1.155,0
05/22/2025 13:42:37.993,0.145912,-0.86254,0.537288,4.935,1.715,-12.25,-0.939,-0.462,-1.17,0
05/22/2025 13:42:38.013,0.172996,-0.91256,0.542168,1.085,-2.415,-11.69,-0.9435,-0.4575,-1.1925,0
05/22/2025 13:42:38.033,0.190564,-0.892308,0.580476,1.4,-4.34,-8.82,-0.9165,-0.45,-1.191,0
05/22/2025 13:42:38.053,0.203984,-0.932324,0.58316,-1.925,-5.495,-3.885,-0.9315,-0.4875,-1.188,0
05/22/2025 13:42:38.073,0.193492,-0.94672,0.52826,-1.96,-4.48,1.26,-0.936,-0.4725,-1.203,0
05/22/2025 13:42:38.093,0.184708,-0.913536,0.500932,4.725,0.595,8.365,-0.936,-0.4845,-1.2105,0
05/22/2025 13:42:38.113,0.191052,-0.859124,0.51484,5.215,4.865,11.095,-0.942,-0.492,-1.2,0
05/22/2025 13:42:38.133,0.19032,-0.843752,0.528504,1.19,7.455,10.71,-0.9315,-0.5025,-1.2375,0
05/22/2025 13:42:38.153,0.169336,-0.810324,0.532652,-2.695,7.21,8.68,-0.8925,-0.495,-1.248,0
05/22/2025 13:42:38.173,0.1586,-0.817888,0.536556,-6.755,6.405,7.98,-0.8925,-0.495,-1.248,0
05/22/2025 13:42:38.193,0.159576,-0.837164,0.510692,-7.245,6.02,7.14,-0.948,-0.4755,-1.26,0
05/22/2025 13:42:38.213,0.171288,-0.841312,0.496296,-2.275,6.335,6.685,-0.9225,-0.4725,-1.2795,0
05/22/2025 13:42:38.233,0.176412,-0.835212,0.504836,3.08,7.315,6.86,-0.9195,-0.4755,-1.275,0
05/22/2025 13:42:38.253,0.181536,-0.828624,0.498492,3.255,7.805,7.07,-0.942,-0.468,-1.2825,0
05/22/2025 13:42:38.273,0.193004,-0.848388,0.481168,-3.605,7.7,6.825,-0.9045,-0.4755,-1.3125,0
05/22/2025 13:42:38.293,0.193492,-0.868152,0.48068,-10.185,5.635,6.265,-0.909,-0.483,-1.317,0
05/22/2025 13:42:38.313,0.197396,-0.860832,0.454328,-10.885,1.015,5.11,-0.8985,-0.468,-1.32,0
05/22/2025 13:42:38.333,0.200812,-0.845704,0.439688,-8.995,-3.675,2.24,-0.9015,-0.483,-1.335,0
05/22/2025 13:42:38.353,0.196664,-0.8601,0.434808,-9.695,-6.23,-1.435,-0.936,-0.453,-1.347,0
05/22/2025 13:42:38.373,0.1952,-0.83814,0.470188,-16.24,-6.72,-8.645,-0.936,-0.453,-1.347,0
05/22/2025 13:42:38.393,0.160308,-0.914268,0.483852,-27.545,-1.995,-10.815,-0.924,-0.4575,-1.302,0
05/22/2025 13:42:38.413,0.127612,-0.911584,0.515328,-30.205,3.325,-11.97,-0.915,-0.468,-1.29,0
05/22/2025 13:42:38.433,0.112972,-0.937692,0.500444,-35.42,8.155,-12.32,-0.9315,-0.4425,-1.2825,0
05/22/2025 13:42:38.453,0.120292,-0.927688,0.458232,-38.885,13.055,-11.725,-0.915,-0.4695,-1.2405,0
05/22/2025 13:42:38.473,0.135176,-0.923052,0.47336,-34.58,16.17,-10.78,-0.9405,-0.438,-1.245,0
05/22/2025 13:42:38.493,0.15738,-0.934764,0.467016,-28.245,15.365,-11.13,-0.9255,-0.423,-1.2105,0
05/22/2025 13:42:38.513,0.172752,-0.9455,0.45506,-26.005,9.415,-10.71,-0.945,-0.4185,-1.254,0
05/22/2025 13:42:38.533,0.191784,-0.966484,0.386252,-26.775,4.165,-10.395,-0.921,-0.4395,-1.203,0
05/22/2025 13:42:38.553,0.228872,-1.002108,0.373564,-22.89,0.49,-9.135,-0.9585,-0.4305,-1.2,0
05/22/2025 13:42:38.573,0.233752,-0.953796,0.4392,-14.105,1.19,-8.47,-0.9465,-0.438,-1.188,0
05/22/2025 13:42:38.593,0.245952,-0.931836,0.427244,-13.65,4.27,-9.905,-0.948,-0.4455,-1.212,0
05/22/2025 13:42:38.613,0.274988,-0.990884,0.421876,-18.48,8.225,-10.92,-0.936,-0.4305,-1.1925,0
05/22/2025 13:42:38.633,0.33306,-0.935496,0.47458,-5.6,19.075,-9.205,-0.933,-0.4305,-1.2105,0
05/22/2025 13:42:38.653,0.386496,-0.972828,0.50752,-4.62,25.165,-6.825,-0.9555,-0.411,-1.2075,0
05/22/2025 13:42:38.673,0.40626,-1.064572,0.499224,-5.53,27.86,0.315,-0.978,-0.423,-1.2195,0
05/22/2025 13:42:38.693,0.405528,-1.097512,0.483364,8.295,26.32,9.975,-0.948,-0.4425,-1.212,0
05/22/2025 13:42:38.713,0.369904,-1.061644,0.475068,32.655,19.81,21.245,-0.9405,-0.4425,-1.2375,0
05/22/2025 13:42:38.733,0.330376,-0.995032,0.45506,50.645,8.4,31.465,-0.9375,-0.411,-1.26,0
05/22/2025 13:42:38.753,0.312808,-0.926224,0.454572,61.845,-2.24,39.41,-0.9165,-0.4305,-1.2825,0
05/22/2025 13:42:38.773,0.292556,-0.875716,0.440176,71.68,-8.505,44.73,-0.942,-0.426,-1.2915,0
05/22/2025 13:42:38.793,0.281332,-0.838384,0.411872,79.31,-8.155,47.075,-0.9165,-0.4155,-1.305,0
05/22/2025 13:42:38.813,0.259372,-0.80642,0.434564,77.21,-4.06,45.255,-0.891,-0.405,-1.29,0
05/22/2025 13:42:38.833,0.260592,-0.786412,0.46726,63.315,0.7,40.32,-0.8655,-0.4275,-1.32,0
05/22/2025 13:42:38.853,0.24156,-0.772992,0.473116,44.03,6.93,34.37,-0.876,-0.45,-1.3305,0
05/22/2025 13:42:38.873,0.185196,-0.775188,0.44652,23.975,11.83,27.65,-0.846,-0.4425,-1.3185,0
05/22/2025 13:42:38.893,0.08686399,-0.800076,0.449936,4.27,12.11,18.655,-0.846,-0.4545,-1.3065,0
05/22/2025 13:42:38.913,0.062952,-0.819108,0.477508,7.105,7.14,14.035,-0.846,-0.4545,-1.3065,0
05/22/2025 13:42:38.933,0.03172,-0.810324,0.502152,14.49,0.875,9.415,-0.813,-0.4245,-1.3095,0
05/22/2025 13:42:38.953,0.022692,-0.76494,0.530456,17.325,-4.305,4.445,-0.813,-0.4095,-1.2915,0
05/22/2025 13:42:38.973,0.02318,-0.73566,0.5124,13.475,-5.46,-0.98,-0.8085,-0.4395,-1.299,0
05/22/2025 13:42:38.993,0.004148,-0.723216,0.486292,1.015,-1.68,-6.16,-0.8115,-0.456,-1.2795,0
05/22/2025 13:42:39.013,-0.024644,-0.728828,0.491416,-14.91,4.795,-11.76,-0.804,-0.456,-1.2795,0
05/22/2025 13:42:39.033,-0.014152,-0.748104,0.51972,-32.55,9.24,-16.415,-0.825,-0.486,-1.2525,0
05/22/2025 13:42:39.053,-0.038796,-0.811544,0.538752,-39.13,12.075,-19.88,-0.8295,-0.459,-1.257,0
05/22/2025 13:42:39.073,-0.043188,-0.845948,0.532408,-27.195,13.58,-22.785,-0.834,-0.4215,-1.239,0
05/22/2025 13:42:39.093,-0.042212,-0.837408,0.555832,-10.36,13.755,-24.395,-0.8505,-0.4365,-1.209,0
05/22/2025 13:42:39.113,-0.048556,-0.806176,0.570472,0.7,12.985,-25.9,-0.873,-0.4695,-1.2165,0
05/22/2025 13:42:39.133,-0.050752,-0.777872,0.59536,1.89,13.3,-28.105,-0.8955,-0.45,-1.203,0
05/22/2025 13:42:39.153,-0.03294,-0.754936,0.62342,-3.675,14.805,-30.31,-0.8655,-0.462,-1.1895,0
05/22/2025 13:42:39.173,-0.032208,-0.777384,0.616832,-11.795,19.985,-33.25,-0.8655,-0.462,-1.1895,0
05/22/2025 13:42:39.193,-0.020008,-0.776652,0.610488,-14.245,24.675,-34.37,-0.8655,-0.462,-1.1895,0
05/22/2025 13:42:39.213,0.003172,-0.828136,0.603168,-18.2,29.26,-34.3,-0.924,-0.4845,-1.1955,0
05/22/2025 13:42:39.233,-0.001708,-0.836676,0.613172,-16.24,34.965,-33.285,-0.9345,-0.4875,-1.203,0
05/22/2025 13:42:39.253,0.004636,-0.870836,0.620736,-11.165,40.25,-31.045,-0.939,-0.495,-1.2225,0
05/22/2025 13:42:39.273,0.031476,-0.911096,0.61854,-3.85,45.045,-29.19,-0.954,-0.4905,-1.2195,0
05/22/2025 13:42:39.293,0.052216,-0.92476,0.610244,1.645,49.595,-27.3,-0.9795,-0.513,-1.2075,0
05/22/2025 13:42:39.313,0.060024,-0.927688,0.608536,4.2,55.23,-24.815,-0.957,-0.537,-1.203,0
05/22/2025 13:42:39.333,0.064904,-0.892552,0.614636,6.93,60.445,-23.485,-0.975,-0.5355,-1.2195,0
05/22/2025 13:42:39.353,0.060512,-0.8723,0.606096,5.845,64.89,-22.82,-0.957,-0.5655,-1.2645,0
05/22/2025 13:42:39.373,0.052704,-0.82838,0.589016,4.865,68.88,-23.275,-0.9495,-0.5805,-1.2555,0
05/22/2025 13:42:39.393,0.030012,-0.81496,0.57462,2.52,71.26,-25.27,-0.936,-0.5775,-1.305,0
05/22/2025 13:42:39.413,0.026352,-0.79788,0.5673,1.19,72.065,-27.93,-0.915,-0.567,-1.308,0
05/22/2025 13:42:39.433,0.003172,-0.785436,0.541192,4.025,71.68,-31.325,-0.9255,-0.573,-1.3155,0
05/22/2025 13:42:39.453,0,-0.760304,0.541436,7.945,70.665,-33.39,-0.9255,-0.573,-1.3155,0
05/22/2025 13:42:39.473,-0.00854,-0.756644,0.540216,9.485,69.125,-35.28,-0.885,-0.6645,-1.3755,0
05/22/2025 13:42:39.493,-0.010736,-0.752496,0.53802,7.735,67.445,-37.065,-0.8595,-0.6465,-1.389,0
05/22/2025 13:42:39.513,-0.003904,-0.76006,0.52582,5.635,65.73,-38.955,-0.882,-0.6675,-1.4205,0
05/22/2025 13:42:39.533,0.011468,-0.766404,0.516792,4.9,63.385,-41.755,-0.8385,-0.6765,-1.461,0
05/22/2025 13:42:39.553,0.039772,-0.777384,0.52216,4.025,61.11,-43.75,-0.828,-0.702,-1.476,0
05/22/2025 13:42:39.573,0.060756,-0.799344,0.522648,3.815,60.095,-44.38,-0.855,-0.6945,-1.503,0
05/22/2025 13:42:39.593,0.08662,-0.837164,0.528748,-0.14,60.06,-43.085,-0.855,-0.6945,-1.503,0
05/22/2025 13:42:39.613,0.10858,-0.869128,0.539484,-5.46,60.305,-40.67,-0.8355,-0.7245,-1.5165,0
05/22/2025 13:42:39.633,0.110776,-0.872544,0.516792,-9.38,61.04,-37.765,-0.846,-0.7515,-1.5135,0
05/22/2025 13:42:39.653,0.110044,-0.874252,0.52216,-13.86,61.985,-34.755,-0.8145,-0.7515,-1.5465,0
05/22/2025 13:42:39.673,0.106872,-0.877912,0.519232,-17.64,62.195,-32.655,-0.7815,-0.774,-1.572,0
05/22/2025 13:42:39.693,0.103944,-0.88084,0.51606,-18.69,62.09,-31.605,-0.795,-0.7635,-1.542,0
05/22/2025 13:42:39.713,0.091012,-0.847168,0.52704,-13.825,60.655,-30.73,-0.774,-0.7635,-1.5795,0
05/22/2025 13:42:39.733,0.081984,-0.828624,0.52338,-9.345,58.345,-30.87,-0.7635,-0.7785,-1.5945,0
05/22/2025 13:42:39.753,0.06832,-0.783728,0.510204,-6.335,55.51,-31.36,-0.7815,-0.771,-1.5795,0
05/22/2025 13:42:39.773,0.067832,-0.780068,0.48434,-6.65,52.71,-32.62,-0.759,-0.7785,-1.602,0
05/22/2025 13:42:39.793,0.07442,-0.798368,0.476776,-8.505,50.505,-33.495,-0.7515,-0.789,-1.6095,0
05/22/2025 13:42:39.813,0.065636,-0.82472,0.474092,-10.78,48.755,-34.405,-0.708,-0.801,-1.611,0
05/22/2025 13:42:39.833,0.061732,-0.861076,0.489708,-14.28,46.655,-35.175,-0.7035,-0.8025,-1.611,0
05/22/2025 13:42:39.853,0.059048,-0.8723,0.50996,-16.415,43.855,-35.49,-0.7065,-0.8175,-1.6035,0
05/22/2025 13:42:39.873,0.044408,-0.864492,0.51362,-17.5,42.07,-35.175,-0.72,-0.7905,-1.6275,0
05/22/2025 13:42:39.893,0.039528,-0.87718,0.49044,-18.41,39.865,-34.65,-0.69,-0.8055,-1.6305,0
05/22/2025 13:42:39.913,0.022204,-0.8662,0.474336,-18.375,38.22,-34.09,-0.693,-0.81,-1.6035,0
05/22/2025 13:42:39.933,0.01464,-0.856684,0.45506,-17.01,37.87,-33.53,-0.6705,-0.8145,-1.6035,0
05/22/2025 13:42:39.953,0.005612,-0.856928,0.422364,-16.59,37.66,-33.53,-0.663,-0.8295,-1.6095,0
05/22/2025 13:42:39.973,0.017812,-0.847168,0.411384,-13.79,37.135,-34.405,-0.6465,-0.8325,-1.59,0
05/22/2025 13:42:39.993,0.034892,-0.864248,0.428952,-10.57,37.8,-34.895,-0.6465,-0.8325,-1.59,0
05/22/2025 13:42:40.013,0.038064,-0.832528,0.449936,-5.81,39.585,-35.42,-0.636,-0.8445,-1.5975,0
05/22/2025 13:42:40.033,0.049532,-0.819352,0.440176,-5.39,41.125,-36.61,-0.636,-0.8445,-1.6095,0
05/22/2025 13:42:40.053,0.050264,-0.814228,0.421144,-5.845,44.485,-38.395,-0.6315,-0.864,-1.602,0
05/22/2025 13:42:40.073,0.053436,-0.80886,0.429928,-8.575,49.49,-40.95,-0.648,-0.855,-1.6095,0
05/22/2025 13:42:40.093,0.047336,-0.81618,0.430172,-15.645,53.83,-44.87,-0.6315,-0.864,-1.605,0
05/22/2025 13:42:40.113,0.049288,-0.83082,0.423096,-24.57,57.26,-48.37,-0.6435,-0.894,-1.6125,0
05/22/2025 13:42:40.133,0.044164,-0.850096,0.410408,-29.505,60.97,-50.96,-0.6135,-0.894,-1.608,0
05/22/2025 13:42:40.153,0.041968,-0.868396,0.402112,-32.375,63.665,-51.485,-0.624,-0.864,-1.5855,0
05/22/2025 13:42:40.173,0.02684,-0.8906,0.388692,-32.76,66.29,-51.275,-0.636,-0.9045,-1.608,0
05/22/2025 13:42:40.193,0.012932,-0.89792,0.371124,-31.15,66.955,-50.54,-0.612,-0.8865,-1.5855,0
05/22/2025 13:42:40.213,-0.014152,-0.914756,0.35136,-26.425,66.5,-51.17,-0.6345,-0.894,-1.5855,0
05/22/2025 13:42:40.233,-0.010248,-0.968436,0.321592,-18.515,64.295,-53.935,-0.627,-0.8745,-1.5705,0
05/22/2025 13:42:40.253,0.048068,-1.120204,0.310368,-5.005,58.31,-61.39,-0.627,-0.8745,-1.5705,0
05/22/2025 13:42:40.273,0.094428,-1.138016,0.332328,2.17,53.655,-64.575,-0.5895,-0.906,-1.5615,0
05/22/2025 13:42:40.293,0.123708,-1.143384,0.36844,5.775,49.315,-63.385,-0.597,-0.8985,-1.566,0
05/22/2025 13:42:40.313,0.1647,-1.126792,0.39162,8.435,47.075,-58.52,-0.585,-0.9105,-1.5615,0
05/22/2025 13:42:40.333,0.187636,-1.120448,0.40382,11.025,47.075,-51.17,-0.5895,-0.903,-1.5615,0
05/22/2025 13:42:40.353,0.196176,-1.102636,0.394548,10.78,47.74,-43.365,-0.5925,-0.9135,-1.5615,0
05/22/2025 13:42:40.373,0.175924,-1.070184,0.36966,10.01,49.56,-36.155,-0.597,-0.933,-1.5735,0
05/22/2025 13:42:40.393,0.183,-1.036756,0.3538,9.765,52.22,-30.24,-0.555,-0.9555,-1.572,0
05/22/2025 13:42:40.413,0.17202,-0.982344,0.353312,10.325,56.175,-26.215,-0.567,-0.933,-1.584,0
05/22/2025 13:42:40.433,0.18422,-0.933544,0.363316,7.455,60.06,-23.17,-0.519,-0.9645,-1.575,0
05/22/2025 13:42:40.453,0.18544,-0.909388,0.377956,3.255,64.365,-20.44,-0.504,-0.975,-1.5885,0
05/22/2025 13:42:40.473,0.183,-0.90158,0.37698,1.435,70.105,-19.67,-0.489,-0.96,-1.6005,0
05/22/2025 13:42:40.493,0.220576,-0.987468,0.373076,0,75.145,-24.29,-0.468,-0.9675,-1.6155,0
05/22/2025 13:42:40.513,0.30744,-1.025532,0.39284,-3.255,80.955,-37.345,-0.4485,-0.9945,-1.602,0
05/22/2025 13:42:40.533,0.307196,-0.973804,0.41114,-13.265,83.965,-41.3,-0.4485,-0.9945,-1.602,0
05/22/2025 13:42:40.553,0.263276,-0.89914,0.444324,-23.31,86.1,-39.585,-0.4005,-0.984,-1.617,0
05/22/2025 13:42:40.573,0.207156,-0.82594,0.436516,-28.595,86.695,-35.175,-0.3675,-0.978,-1.6155,0
05/22/2025 13:42:40.593,0.133468,-0.817644,0.437492,-28.455,86.24,-31.64,-0.357,-0.9705,-1.623,0
05/22/2025 13:42:40.613,0.089792,-0.817644,0.429928,-23.415,83.02,-30.975,-0.3195,-0.9555,-1.614,0
05/22/2025 13:42:40.633,0.056608,-0.828868,0.420168,-15.4,78.085,-31.885,-0.327,-0.9705,-1.596,0
05/22/2025 13:42:40.653,0.064172,-0.813496,0.435052,-4.935,72.66,-31.15,-0.3165,-0.933,-1.596,0
05/22/2025 13:42:40.673,0.08052,-0.813984,0.450424,3.885,68.005,-28.735,-0.2865,-0.96,-1.602,0
05/22/2025 13:42:40.693,0.09467199,-0.814228,0.47946,9.275,64.33,-25.515,-0.2535,-0.9345,-1.5945,0
05/22/2025 13:42:40.713,0.106384,-0.834724,0.487512,10.325,61.32,-23.94,-0.249,-0.912,-1.5975,0
05/22/2025 13:42:40.733,0.116876,-0.838384,0.493124,8.75,59.08,-23.065,-0.231,-0.912,-1.593,0
05/22/2025 13:42:40.753,0.120292,-0.844484,0.475312,4.83,57.435,-22.855,-0.1785,-0.921,-1.6035,0
05/22/2025 13:42:40.773,0.117852,-0.843752,0.476776,-4.305,56.56,-22.61,-0.1605,-0.906,-1.6065,0
05/22/2025 13:42:40.793,0.099064,-0.815448,0.47458,-10.185,55.545,-22.575,-0.1605,-0.906,-1.6065,0
05/22/2025 13:42:40.813,0.073932,-0.78202,0.46726,-14.175,54.04,-22.47,-0.1125,-0.8805,-1.5975,0
05/22/2025 13:42:40.833,0.048312,-0.765428,0.45872,-17.99,52.08,-22.96,-0.0855,-0.903,-1.5705,0
05/22/2025 13:42:40.853,0.031476,-0.76494,0.448228,-20.265,49.21,-24.57,-0.054,-0.867,-1.6005,0
05/22/2025 13:42:40.873,0.019276,-0.792512,0.428464,-21.07,46.06,-26.145,0.0015,-0.8445,-1.557,0
05/22/2025 13:42:40.893,0.021716,-0.818132,0.427732,-18.2,43.19,-27.335,0.0195,-0.8445,-1.575,0
05/22/2025 13:42:40.913,0.016836,-0.829356,0.439688,-11.69,41.72,-27.685,0.015,-0.8145,-1.5795,0
05/22/2025 13:42:40.933,0.015128,-0.8235,0.442128,-8.54,40.845,-27.58,0.027,-0.8535,-1.5795,0
05/22/2025 13:42:40.953,0.016836,-0.823744,0.437004,-10.045,40.005,-27.685,0.033,-0.831,-1.575,0
05/22/2025 13:42:40.973,0.023912,-0.839604,0.438956,-14.28,39.62,-27.685,0.0375,-0.8415,-1.5675,0
05/22/2025 13:42:40.993,0.007564,-0.85888,0.453352,-18.48,38.71,-27.615,0.0345,-0.8235,-1.5555,0
05/22/2025 13:42:41.013,-0.002928,-0.864492,0.46238,-22.89,36.75,-26.88,0.0345,-0.8235,-1.5555,0
05/22/2025 13:42:41.033,-0.011956,-0.861076,0.465796,-25.97,33.775,-25.69,0.063,-0.8115,-1.5555,0
05/22/2025 13:42:41.053,-0.03904,-0.895236,0.476288,-27.02,27.3,-23.975,0.075,-0.801,-1.5405,0
05/22/2025 13:42:41.073,-0.045384,-0.899384,0.48922,-26.565,22.015,-22.715,0.0705,-0.801,-1.548,0
05/22/2025 13:42:41.093,-0.043188,-0.914268,0.487268,-24.78,16.345,-21,0.0645,-0.7935,-1.5255,0
05/22/2025 13:42:41.113,-0.028792,-0.937204,0.493124,-19.04,11.41,-18.305,0.0525,-0.7935,-1.5135,0
05/22/2025 13:42:41.133,-0.019032,-0.922808,0.510692,-11.9,7.7,-14.84,0.045,-0.7635,-1.5225,0
05/22/2025 13:42:41.153,-0.005612,-0.901092,0.513864,-7.735,4.725,-11.235,0.0375,-0.771,-1.515,0
05/22/2025 13:42:41.173,0.010492,-0.88694,0.50752,-6.615,3.465,-7.805,0.0705,-0.7665,-1.548,0
05/22/2025 13:42:41.193,0.021716,-0.881572,0.501176,-7.735,3.255,-4.585,0.0375,-0.759,-1.5255,0
05/22/2025 13:42:41.213,0.020984,-0.876692,0.48678,-9.17,3.43,-3.115,0.057,-0.7785,-1.518,0
05/22/2025 13:42:41.233,0.031476,-0.899384,0.476532,-10.325,2.87,-3.92,0.0375,-0.771,-1.518,0
05/22/2025 13:42:41.253,0.053924,-0.939156,0.459452,-10.15,1.295,-6.545,0.045,-0.7485,-1.5255,0
05/22/2025 13:42:41.273,0.079788,-0.977952,0.456768,-8.82,-0.7,-9.765,0.0345,-0.744,-1.5075,0
05/22/2025 13:42:41.293,0.11956,-1.018944,0.454084,-7.385,-3.78,-10.955,0.045,-0.7515,-1.5225,0
05/22/2025 13:42:41.313,0.16592,-1.000644,0.434808,-3.64,-7.175,-6.475,0.0495,-0.7635,-1.5,0
05/22/2025 13:42:41.333,0.151036,-0.94428,0.449936,0.91,-7.14,0,0.0495,-0.7635,-1.5,0
05/22/2025 13:42:41.353,0.117608,-0.896944,0.422608,3.955,-7.56,4.165,0.0525,-0.7365,-1.503,0
05/22/2025 13:42:41.373,0.099308,-0.85766,0.38186,1.645,-8.575,3.78,0.0795,-0.7635,-1.4985,0
05/22/2025 13:42:41.393,0.08906,-0.865224,0.364292,-3.885,-9.835,-0.385,0.0615,-0.7785,-1.491,0
05/22/2025 13:42:41.413,0.09882,-0.906216,0.376004,-9.135,-12.075,-6.09,0.0195,-0.786,-1.503,0
05/22/2025 13:42:41.433,0.11712,-0.958432,0.390888,-10.22,-14.385,-10.99,0.0195,-0.7935,-1.5,0
05/22/2025 13:42:41.453,0.13786,-0.99796,0.39772,-7.7,-16.415,-12.775,-0.027,-0.792,-1.4895,0
05/22/2025 13:42:41.473,0.154452,-0.990152,0.401868,-3.57,-17.465,-10.43,0.0135,-0.831,-1.5105,0
05/22/2025 13:42:41.493,0.145912,-0.928908,0.389912,-1.19,-17.115,-4.515,-0.0045,-0.807,-1.5045,0
05/22/2025 13:42:41.513,0.118584,-0.891332,0.374296,0.945,-16.03,2.695,-0.0225,-0.807,-1.4775,0
05/22/2025 13:42:41.533,0.093452,-0.836432,0.343064,4.2,-14.56,8.33,-0.036,-0.8445,-1.494,0
05/22/2025 13:42:41.553,0.093696,-0.833748,0.33428,8.505,-12.67,11.095,-0.0555,-0.807,-1.491,0
05/22/2025 13:42:41.573,0.093452,-0.834968,0.349408,13.755,-10.64,10.99,-0.078,-0.822,-1.476,0
05/22/2025 13:42:41.593,0.105652,-0.85522,0.356972,17.5,-8.61,5.67,-0.078,-0.822,-1.476,0
05/22/2025 13:42:41.613,0.127368,-0.887428,0.3477,17.5,-6.615,0.21,-0.078,-0.822,-1.476,0
05/22/2025 13:42:41.633,0.16104,-0.975268,0.351116,15.26,-4.515,-6.51,-0.0915,-0.8445,-1.4835,0
05/22/2025 13:42:41.653,0.2013,-1.022116,0.358924,10.395,-2.59,-12.46,-0.0555,-0.837,-1.494,0
05/22/2025 13:42:41.673,0.21594,-1.037732,0.364292,5.425,0.35,-15.54,-0.0885,-0.855,-1.4715,0
05/22/2025 13:42:41.693,0.210816,-0.999424,0.350872,0.35,4.27,-14.77,-0.078,-0.8295,-1.4955,0
05/22/2025 13:42:41.713,0.18788,-0.984784,0.338916,-5.18,9.17,-11.515,-0.099,-0.855,-1.4655,0
05/22/2025 13:42:41.733,0.1586,-0.959652,0.32818,-9.45,13.23,-8.085,-0.0765,-0.8595,-1.491,0
05/22/2025 13:42:41.753,0.135664,-0.932812,0.31964,-12.075,16.17,-5.145,-0.0765,-0.855,-1.4835,0
05/22/2025 13:42:41.773,0.11834,-0.907436,0.313784,-10.605,18.725,-3.08,-0.0915,-0.8445,-1.4805,0
05/22/2025 13:42:41.793,0.122488,-0.898652,0.319396,-6.545,21.245,-1.365,-0.0585,-0.8265,-1.4595,0
05/22/2025 13:42:41.813,0.129076,-0.897432,0.319396,-2.975,23.94,-0.945,-0.036,-0.834,-1.4445,0
05/22/2025 13:42:41.833,0.150304,-0.914756,0.331108,-0.875,26.74,-1.785,-0.057,-0.8445,-1.437,0
05/22/2025 13:42:41.853,0.18788,-0.977464,0.355264,-1.645,31.745,-5.53,-0.0315,-0.8415,-1.4625,0
05/22/2025 13:42:41.873,0.225944,-1.0431,0.365268,-3.36,34.93,-8.295,-0.0165,-0.8265,-1.4445,0
05/22/2025 13:42:41.893,0.262788,-1.079456,0.385764,-4.97,37.905,-9.625,-0.0135,-0.8415,-1.4475,0
05/22/2025 13:42:41.913,0.263276,-1.08824,0.404552,-5.67,40.88,-8.925,0.0195,-0.8235,-1.431,0
05/22/2025 13:42:41.933,0.255956,-1.053348,0.41602,-5.67,43.4,-6.72,0.0225,-0.846,-1.431,0
05/22/2025 13:42:41.953,0.224968,-0.99918,0.410164,-4.865,45.325,-5.11,0.0225,-0.846,-1.431,0
05/22/2025 13:42:41.973,0.18544,-0.943548,0.405528,-3.955,46.515,-4.55,0.0345,-0.8355,-1.4115,0
05/22/2025 13:42:41.993,0.156404,-0.904264,0.39284,-2.065,47.32,-5.985,0.0195,-0.8385,-1.401,0
05/22/2025 13:42:42.013,0.15372,-0.9089,0.39772,0,47.285,-11.445,0.042,-0.828,-1.404,0
05/22/2025 13:42:42.033,0.160308,-0.901336,0.387228,-0.84,46.13,-20.79,0.0075,-0.8355,-1.4235,0
05/22/2025 13:42:42.053,0.155672,-0.8662,0.387716,-5.04,44.73,-28.84,0.0555,-0.81,-1.419,0
05/22/2025 13:42:42.073,0.123708,-0.833016,0.391376,-10.43,44.03,-32.69,0.0525,-0.8355,-1.4145,0
05/22/2025 13:42:42.093,0.098332,-0.809348,0.393816,-16.8,43.155,-32.655,0.048,-0.7785,-1.4115,0
05/22/2025 13:42:42.113,0.059536,-0.824964,0.382836,-20.615,41.405,-32.095,0.0825,-0.783,-1.3965,0
05/22/2025 13:42:42.133,0.04026,-0.840336,0.373808,-17.64,36.47,-32.13,0.0855,-0.777,-1.377,0
05/22/2025 13:42:42.153,0.041968,-0.871324,0.369416,-11.655,31.535,-32.445,0.105,-0.7425,-1.35,0
05/22/2025 13:42:42.173,0.061976,-0.914024,0.365024,-3.57,26.495,-31.99,0.096,-0.7275,-1.365,0
05/22/2025 13:42:42.193,0.1098,-0.938424,0.374784,6.58,22.61,-29.785,0.1005,-0.747,-1.365,0
05/22/2025 13:42:42.213,0.136884,-0.934276,0.3843,13.475,20.51,-25.585,0.1335,-0.732,-1.365,0
05/22/2025 13:42:42.233,0.148108,-0.916464,0.385276,14.28,20.02,-20.44,0.1755,-0.732,-1.359,0
05/22/2025 13:42:42.253,0.151036,-0.928908,0.386252,10.57,20.72,-15.05,0.159,-0.744,-1.3785,0
05/22/2025 13:42:42.273,0.152256,-0.937448,0.39772,5.215,20.965,-9.66,0.174,-0.7365,-1.3815,0
05/22/2025 13:42:42.293,0.161284,-0.961604,0.399428,-0.21,20.37,-4.935,0.1665,-0.747,-1.386,0
05/22/2025 13:42:42.313,0.173972,-0.961604,0.404796,-2.345,19.355,-0.49,0.156,-0.7395,-1.371,0
05/22/2025 13:42:42.333,0.177388,-0.935496,0.408212,-2.205,18.06,3.92,0.1845,-0.732,-1.386,0
05/22/2025 13:42:42.353,0.166408,-0.902556,0.42944,-2.45,16.135,7.385,0.174,-0.732,-1.3665,0
05/22/2025 13:42:42.373,0.149572,-0.869372,0.424072,-5.46,12.74,8.575,0.171,-0.7365,-1.3665,0
05/22/2025 13:42:42.393,0.120292,-0.859124,0.407724,-9.555,6.405,7.805,0.171,-0.7365,-1.3665,0
05/22/2025 13:42:42.413,0.113216,-0.845948,0.403088,-8.4,1.225,8.015,0.171,-0.7365,-1.3665,0
05/22/2025 13:42:42.433,0.097356,-0.832284,0.39894,-3.71,-4.025,9.275,0.1785,-0.7635,-1.3665,0
05/22/2025 13:42:42.453,0.090036,-0.81618,0.411384,1.365,-9.415,10.64,0.1755,-0.756,-1.3515,0
05/22/2025 13:42:42.473,0.088084,-0.806664,0.417728,4.585,-14.63,10.745,0.1425,-0.7665,-1.353,0
05/22/2025 13:42:42.493,0.094428,-0.8113,0.409432,5.985,-20.09,9.555,0.153,-0.747,-1.3755,0
05/22/2025 13:42:42.513,0.099552,-0.819596,0.409676,6.895,-25.2,7.385,0.156,-0.7545,-1.3785,0
05/22/2025 13:42:42.533,0.110288,-0.829844,0.399916,7.14,-29.085,4.97,0.141,-0.777,-1.3785,0
05/22/2025 13:42:42.553,0.120292,-0.844728,0.410652,6.09,-31.955,3.535,0.1185,-0.762,-1.398,0
05/22/2025 13:42:42.573,0.110532,-0.843752,0.428952,4.515,-34.09,2.73,0.141,-0.777,-1.3935,0
05/22/2025 13:42:42.593,0.104432,-0.855464,0.441884,2.135,-35.98,3.15,0.105,-0.807,-1.407,0
05/22/2025 13:42:42.613,0.08686399,-0.872788,0.448472,1.82,-37.625,3.85,0.111,-0.777,-1.422,0
05/22/2025 13:42:42.633,0.07905599,-0.875472,0.435296,2.31,-38.92,5.32,0.0915,-0.7725,-1.434,0
05/22/2025 13:42:42.653,0.072468,-0.894992,0.421144,2.975,-40.075,7,0.096,-0.795,-1.4445,0
05/22/2025 13:42:42.673,0.068564,-0.893528,0.432612,4.13,-41.755,9.625,0.096,-0.795,-1.4445,0
05/22/2025 13:42:42.693,0.065392,-0.901824,0.43432,3.955,-43.33,11.515,0.0885,-0.7875,-1.4565,0
05/22/2025 13:42:42.713,0.068564,-0.921832,0.429928,2.415,-45.955,13.51,0.069,-0.783,-1.461,0
05/22/2025 13:42:42.733,0.073444,-0.923052,0.426512,1.19,-49.14,16.17,0.057,-0.783,-1.476,0
05/22/2025 13:42:42.753,0.070516,-0.913048,0.415532,-0.035,-52.36,19.53,0.051,-0.813,-1.464,0
05/22/2025 13:42:42.773,0.060756,-0.90158,0.40992,-1.015,-56.595,22.925,0.036,-0.8085,-1.4655,0
05/22/2025 13:42:42.793,0.046848,-0.890112,0.390644,-2.695,-62.16,24.99,0.039,-0.804,-1.488,0
05/22/2025 13:42:42.813,0.031964,-0.896944,0.364536,-3.045,-68.565,25.445,-0.0105,-0.834,-1.482,0
05/22/2025 13:42:42.833,0.040504,-0.939888,0.3477,0.035,-76.055,23.835,-0.021,-0.8445,-1.482,0
05/22/2025 13:42:42.853,0.058316,-1.034316,0.321348,4.725,-84.595,20.09,-0.033,-0.8265,-1.509,0
05/22/2025 13:42:42.873,0.143716,-1.19926,0.356972,14.07,-93.415,15.155,-0.057,-0.8175,-1.524,0
05/22/2025 13:42:42.893,0.268156,-1.287832,0.422364,26.985,-100.8,13.615,-0.1005,-0.8325,-1.533,0
05/22/2025 13:42:42.913,0.348188,-1.243912,0.492392,40.425,-102.41,19.495,-0.141,-0.8505,-1.5345,0
05/22/2025 13:42:42.933,0.39162,-1.125328,0.496784,55.685,-95.62,37.24,-0.141,-0.8505,-1.5345,0
05/22/2025 13:42:42.953,0.368684,-0.97112,0.485804,53.725,-86.8,48.23,-0.141,-0.8505,-1.5345,0
05/22/2025 13:42:42.973,0.32208,-0.818132,0.467016,42.98,-78.015,53.935,-0.2595,-0.9165,-1.56,0
05/22/2025 13:42:42.993,0.2623,-0.711748,0.421144,30.31,-70.07,53.585,-0.267,-0.897,-1.5675,0
05/22/2025 13:42:43.013,0.213988,-0.6527,0.37332,18.795,-63.84,49.175,-0.2445,-0.912,-1.5675,0
05/22/2025 13:42:43.033,0.179584,-0.627324,0.343552,11.06,-59.5,42.665,-0.2715,-0.93,-1.5945,0
05/22/2025 13:42:43.053,0.151524,-0.609024,0.333548,8.05,-56.385,36.82,-0.2835,-0.903,-1.602,0
05/22/2025 13:42:43.073,0.126636,-0.62342,0.327936,11.76,-54.985,31.85,-0.2895,-0.9225,-1.5945,0
05/22/2025 13:42:43.093,0.111752,-0.656604,0.293288,18.55,-54.985,27.02,-0.315,-0.9255,-1.5885,0
05/22/2025 13:42:43.113,0.108092,-0.70272,0.263276,23.415,-56.525,20.335,-0.33,-0.918,-1.5855,0
05/22/2025 13:42:43.133,0.138836,-0.781288,0.23546,26.565,-58.485,12.005,-0.327,-0.9375,-1.6035,0
05/22/2025 13:42:43.153,0.194224,-0.967216,0.234972,29.365,-59.535,3.675,-0.3255,-0.975,-1.5885,0
05/22/2025 13:42:43.173,0.294508,-1.167784,0.244732,33.985,-60.9,-2.8,-0.357,-0.963,-1.623,0
05/22/2025 13:42:43.193,0.398696,-1.256844,0.308904,35.035,-57.295,-4.585,-0.357,-0.981,-1.6155,0
05/22/2025 13:42:43.213,0.43066,-1.22122,0.345748,28.63,-52.255,0.525,-0.357,-0.981,-1.6155,0
05/22/2025 13:42:43.233,0.398696,-1.148996,0.339404,17.045,-45.78,9.1,-0.429,-1.026,-1.614,0
05/22/2025 13:42:43.253,0.330132,-1.026752,0.322812,3.955,-38.36,18.62,-0.4485,-1.0365,-1.6095,0
05/22/2025 13:42:43.273,0.247172,-0.915732,0.294752,-11.445,-31.465,25.76,-0.4635,-1.0245,-1.614,0
05/22/2025 13:42:43.293,0.205692,-0.886452,0.2684,-21.175,-28.28,28.035,-0.429,-1.0335,-1.617,0
05/22/2025 13:42:43.313,0.16836,-0.87352,0.261324,-20.125,-24.99,26.565,-0.459,-1.0095,-1.599,0
05/22/2025 13:42:43.333,0.182024,-0.901092,0.260592,-16.065,-23.135,23.73,-0.453,-0.9795,-1.611,0
05/22/2025 13:42:43.353,0.208864,-0.926956,0.280356,-5.74,-20.615,20.755,-0.471,-0.975,-1.6185,0
05/22/2025 13:42:43.373,0.240828,-0.949648,0.32086,7.14,-16.415,18.865,-0.501,-0.9795,-1.62,0
05/22/2025 13:42:43.393,0.282552,-0.982832,0.355752,15.47,-12.005,18.41,-0.501,-0.9795,-1.62,0
05/22/2025 13:42:43.413,0.330132,-1.01016,0.377468,18.76,-7.035,18.935,-0.4935,-0.9825,-1.6005,0
05/22/2025 13:42:43.433,0.347212,-1.023092,0.403576,17.185,-0.14,20.44,-0.4935,-0.9795,-1.6005,0
05/22/2025 13:42:43.453,0.337452,-1.004548,0.408944,13.58,6.51,21.385,-0.489,-1.005,-1.608,0
05/22/2025 13:42:43.473,0.32086,-0.985516,0.406016,3.185,14.315,17.71,-0.4965,-0.9825,-1.623,0
05/22/2025 13:42:43.493,0.3172,-0.96258,0.413092,-6.3,17.815,11.69,-0.5115,-1.005,-1.635,0
05/22/2025 13:42:43.513,0.309148,-0.937204,0.436516,-16.31,18.725,4.41,-0.4725,-0.9675,-1.6305,0
05/22/2025 13:42:43.533,0.265228,-0.851804,0.452376,-24.255,18.585,-0.07,-0.4725,-0.987,-1.6455,0
05/22/2025 13:42:43.553,0.204228,-0.781532,0.450668,-28.805,16.975,1.155,-0.468,-0.984,-1.623,0
05/22/2025 13:42:43.573,0.140544,-0.732732,0.42578,-26.6,14.035,4.13,-0.471,-0.9795,-1.611,0
05/22/2025 13:42:43.593,0.084424,-0.720532,0.417484,-20.02,9.485,5.565,-0.468,-0.9825,-1.6305,0
05/22/2025 13:42:43.613,0.07198,-0.738344,0.416996,-8.925,2.625,4.235,-0.435,-0.9765,-1.6215,0
05/22/2025 13:42:43.633,0.092476,-0.762744,0.430416,6.37,-4.585,1.085,-0.42,-0.9495,-1.6245,0
05/22/2025 13:42:43.653,0.134688,-0.795684,0.434808,20.79,-10.535,-2.275,-0.4245,-0.9465,-1.6365,0
05/22/2025 13:42:43.673,0.182756,-0.832284,0.447984,30.1,-12.95,-4.585,-0.4155,-0.954,-1.6215,0
05/22/2025 13:42:43.693,0.218136,-0.848632,0.453596,33.215,-11.48,-5.145,-0.45,-0.9645,-1.6635,0
05/22/2025 13:42:43.713,0.231556,-0.856928,0.445788,28.7,-6.65,-3.57,-0.432,-0.987,-1.6665,0
05/22/2025 13:42:43.733,0.208376,-0.859368,0.41968,15.96,2.73,-0.07,-0.48,-0.987,-1.653,0
05/22/2025 13:42:43.753,0.194468,-0.87474,0.400404,6.44,6.51,1.855,-0.48,-0.987,-1.653,0
05/22/2025 13:42:43.773,0.188368,-0.889868,0.3843,-0.49,8.33,3.115,-0.4905,-0.9795,-1.6605,0
05/22/2025 13:42:43.793,0.181292,-0.902068,0.371368,-4.41,8.155,4.445,-0.447,-0.9525,-1.653,0
05/22/2025 13:42:43.813,0.183976,-0.905484,0.371368,-6.16,6.405,5.04,-0.477,-0.9795,-1.68,0
05/22/2025 13:42:43.833,0.171044,-0.895236,0.367952,-8.155,3.185,5.285,-0.483,-0.9675,-1.6575,0
05/22/2025 13:42:43.853,0.162504,-0.89548,0.36112,-10.5,-0.945,5.495,-0.492,-0.9675,-1.6845,0
05/22/2025 13:42:43.873,0.145668,-0.894016,0.367952,-13.09,-5.81,5.425,-0.5025,-0.96,-1.638,0
05/22/2025 13:42:43.893,0.141764,-0.897432,0.366976,-15.015,-11.585,5.04,-0.4725,-0.9675,-1.6755,0
05/22/2025 13:42:43.913,0.130296,-0.897676,0.36112,-13.475,-17.325,4.83,-0.495,-0.963,-1.6725,0
05/22/2025 13:42:43.933,0.124196,-0.90036,0.37088,-8.75,-22.26,5.915,-0.48,-0.957,-1.665,0
05/22/2025 13:42:43.953,0.116144,-0.903532,0.388448,-3.395,-27.265,7.35,-0.477,-0.93,-1.653,0
05/22/2025 13:42:43.973,0.115656,-0.885964,0.408944,0.56,-32.83,8.645,-0.4965,-0.93,-1.6725,0
05/22/2025 13:42:43.993,0.12688,-0.88206,0.407724,3.71,-38.08,10.22,-0.5295,-0.9255,-1.674,0
05/22/2025 13:42:44.013,0.150304,-0.909876,0.397476,6.125,-44.345,12.635,-0.5295,-0.9255,-1.674,0
05/22/2025 13:42:44.033,0.149084,-0.912804,0.401624,5.985,-47.635,13.755,-0.5295,-0.9255,-1.674,0
05/22/2025 13:42:44.053,0.1464,-0.917196,0.409432,6.335,-50.4,14.945,-0.558,-0.9315,-1.671,0
05/22/2025 13:42:44.073,0.147864,-0.92232,0.403576,7,-53.095,16.24,-0.561,-0.9585,-1.632,0
05/22/2025 13:42:44.093,0.142496,-0.920856,0.393328,6.44,-55.02,18.095,-0.576,-0.9465,-1.641,0
05/22/2025 13:42:44.113,0.143228,-0.921344,0.377468,6.37,-56.595,20.09,-0.588,-0.9135,-1.6485,0
05/22/2025 13:42:44.133,0.13786,-0.9333,0.383568,6.51,-58.065,21.91,-0.618,-0.924,-1.65,0
05/22/2025 13:42:44.153,0.131028,-0.925492,0.385032,7.7,-60.165,23.24,-0.636,-0.912,-1.6275,0
05/22/2025 13:42:44.173,0.1403,-0.931836,0.380152,8.365,-62.58,24.78,-0.6315,-0.9195,-1.62,0
05/22/2025 13:42:44.193,0.144204,-0.915244,0.369172,8.575,-65.205,26.39,-0.6315,-0.939,-1.605,0
05/22/2025 13:42:44.213,0.14274,-0.91256,0.366,8.33,-67.2,28.42,-0.687,-0.9195,-1.614,0
05/22/2025 13:42:44.233,0.149084,-0.921344,0.364536,8.33,-68.95,30.485,-0.702,-0.915,-1.6035,0
05/22/2025 13:42:44.253,0.153232,-0.92232,0.367952,7.42,-71.295,32.375,-0.714,-0.888,-1.6155,0
05/22/2025 13:42:44.273,0.162016,-0.904752,0.344528,7.945,-75.775,36.33,-0.7545,-0.888,-1.5975,0
05/22/2025 13:42:44.293,0.171288,-0.89548,0.324032,10.22,-79.065,39.795,-0.798,-0.8715,-1.5795,0
05/22/2025 13:42:44.313,0.16958,-0.891332,0.30988,13.02,-83.72,42.84,-0.8205,-0.864,-1.584,0
05/22/2025 13:42:44.333,0.161528,-0.888404,0.290116,15.435,-88.865,44.24,-0.8205,-0.864,-1.584,0
05/22/2025 13:42:44.353,0.167872,-0.903532,0.273524,17.22,-95.27,43.855,-0.8265,-0.8685,-1.524,0
05/22/2025 13:42:44.373,0.18788,-0.93574,0.287432,18.9,-102.725,41.755,-0.849,-0.8715,-1.5285,0
05/22/2025 13:42:44.393,0.223992,-0.972096,0.291824,21.28,-111.3,37.94,-0.87,-0.8565,-1.509,0
05/22/2025 13:42:44.413,0.269132,-1.049688,0.325984,25.13,-118.965,33.95,-0.8895,-0.8565,-1.506,0
05/22/2025 13:42:44.433,0.336476,-1.120448,0.3355,32.76,-125.23,31.15,-0.9105,-0.8595,-1.491,0
05/22/2025 13:42:44.453,0.382104,-1.109956,0.37088,42.455,-126.175,33.005,-0.963,-0.8475,-1.485,0
05/22/2025 13:42:44.473,0.382348,-1.048956,0.396988,51.31,-122.71,39.445,-0.9915,-0.855,-1.449,0
05/22/2025 13:42:44.493,0.366244,-0.955504,0.420656,54.915,-115.85,46.585,-0.9795,-0.8505,-1.4145,0
05/22/2025 13:42:44.513,0.335012,-0.888404,0.418704,50.645,-106.225,50.155,-1.0155,-0.87,-1.4265,0
05/22/2025 13:42:44.533,0.295728,-0.813496,0.43432,40.74,-98.56,49.14,-1.0425,-0.8535,-1.4115,0
05/22/2025 13:42:44.553,0.264984,-0.78202,0.398696,25.97,-88.725,42.735,-1.0425,-0.8535,-1.4115,0
05/22/2025 13:42:44.573,0.249856,-0.789828,0.366976,23.03,-82.215,38.15,-1.077,-0.8505,-1.3605,0
05/22/2025 13:42:44.593,0.24156,-0.813008,0.355752,23.835,-78.085,33.915,-1.1025,-0.831,-1.335,0
05/22/2025 13:42:44.613,0.234728,-0.832284,0.36234,29.47,-76.475,30.24,-1.0875,-0.843,-1.323,0
05/22/2025 13:42:44.633,0.221796,-0.839604,0.3599,34.545,-76.79,27.16,-1.11,-0.8265,-1.296,0
05/22/2025 13:42:44.653,0.254492,-0.870104,0.385764,35.665,-77.455,25.865,-1.1235,-0.8265,-1.2735,0
05/22/2025 13:42:44.673,0.27084,-0.864736,0.4026,36.155,-74.06,25.55,-1.1505,-0.822,-1.287,0
05/22/2025 13:42:44.693,0.244488,-0.837164,0.4087,36.26,-67.795,26.775,-1.1685,-0.7965,-1.26,0
05/22/2025 13:42:44.713,0.22448,-0.874008,0.389424,33.11,-63.875,27.93,-1.1805,-0.7965,-1.2765,0
05/22/2025 13:42:44.733,0.200812,-0.886208,0.375272,32.76,-60.655,25.795,-1.1535,-0.7665,-1.2375,0
05/22/2025 13:42:44.753,0.19398,-0.903776,0.352336,32.2,-58.45,23.03,-1.194,-0.774,-1.227,0
05/22/2025 13:42:44.773,0.188368,-0.926224,0.379908,29.54,-57.4,21.35,-1.176,-0.7815,-1.23,0
05/22/2025 13:42:44.793,0.20252,-0.95038,0.418216,28.49,-56.245,18.655,-1.2075,-0.792,-1.2045,0
05/22/2025 13:42:44.813,0.21716,-0.934032,0.478484,23.73,-51.135,15.54,-1.2075,-0.792,-1.2045,0
05/22/2025 13:42:44.833,0.214964,-0.943304,0.466772,13.09,-47.355,14.49,-1.2225,-0.7845,-1.194,0
05/22/2025 13:42:44.853,0.203252,-0.921832,0.462624,11.76,-40.53,14.805,-1.233,-0.7695,-1.179,0
05/22/2025 13:42:44.873,0.216428,-0.952576,0.42944,12.32,-35,14.98,-1.2405,-0.765,-1.1865,0
05/22/2025 13:42:44.893,0.225456,-0.896944,0.399184,20.65,-31.465,14.35,-1.233,-0.7995,-1.1745,0
05/22/2025 13:42:44.913,0.22326,-0.905484,0.386252,26.355,-29.68,14.315,-1.248,-0.7725,-1.1565,0
05/22/2025 13:42:44.933,0.248148,-0.88572,0.4026,25.06,-25.41,15.575,-1.251,-0.7875,-1.1535,0
05/22/2025 13:42:44.953,0.279624,-0.862052,0.427976,23.345,-20.79,16.66,-1.2735,-0.8025,-1.161,0
05/22/2025 13:42:44.973,0.28914,-0.84058,0.437492,25.83,-17.605,17.325,-1.2585,-0.78,-1.161,0
05/22/2025 13:42:44.993,0.299144,-0.797392,0.482388,33.04,-17.08,15.505,-1.242,-0.807,-1.134,0
05/22/2025 13:42:45.013,0.315248,-0.758108,0.487268,33.425,-16.45,11.83,-1.2285,-0.78,-1.1595,0
05/22/2025 13:42:45.033,0.325984,-0.755668,0.562664,26.845,-12.18,8.785,-1.2555,-0.7725,-1.176,0
05/22/2025 13:42:45.053,0.321836,-0.741516,0.537288,3.255,-9.1,9.485,-1.236,-0.777,-1.164,0
05/22/2025 13:42:45.073,0.335256,-0.756888,0.530212,-13.615,0.77,9.065,-1.248,-0.7575,-1.1565,0
05/22/2025 13:42:45.093,0.317444,-0.738588,0.51606,-13.86,9.31,5.74,-1.248,-0.7575,-1.1565,0
05/22/2025 13:42:45.113,0.273768,-0.673928,0.532164,-42.42,17.955,3.71,-1.248,-0.7575,-1.1565,0
05/22/2025 13:42:45.133,0.210328,-0.61976,0.612196,-81.69,31.29,-5.495,-1.248,-0.7425,-1.176,0
05/22/2025 13:42:45.153,0.17446,-0.73566,0.59048,-109.27,42,-13.65,-1.2345,-0.7095,-1.164,0
05/22/2025 13:42:45.173,0.15006,-0.74786,0.510204,-96.81,49.49,-26.25,-1.209,-0.675,-1.152,0
05/22/2025 13:42:45.193,0.122976,-0.694424,0.45262,-76.055,57.61,-35.7,-1.2375,-0.6645,-1.1385,0
05/22/2025 13:42:45.213,0.144448,-0.763232,0.491416,-65.66,65.275,-43.505,-1.2555,-0.7005,-1.1535,0
05/22/2025 13:42:45.233,0.168604,-0.804956,0.547048,-64.365,71.575,-48.93,-1.248,-0.6825,-1.143,0
05/22/2025 13:42:45.253,0.188124,-0.88328,0.51606,-66.115,74.13,-52.29,-1.2525,-0.6975,-1.1385,0
05/22/2025 13:42:45.273,0.203984,-0.897676,0.4819,-64.365,72.135,-53.76,-1.2705,-0.7125,-1.1655,0
05/22/2025 13:42:45.293,0.242536,-0.953064,0.391132,-58.835,66.675,-56.455,-1.2675,-0.7125,-1.176,0
05/22/2025 13:42:45.313,0.24766,-0.961116,0.301584,-49.665,55.965,-56.035,-1.2915,-0.6855,-1.2,0
05/22/2025 13:42:45.333,0.268644,-0.967216,0.2684,-46.2,45.64,-55.09,-1.302,-0.708,-1.197,0
05/22/2025 13:42:45.353,0.334524,-0.912072,0.226676,-57.575,28.28,-49.595,-1.302,-0.708,-1.197,0
05/22/2025 13:42:45.373,0.377224,-0.981856,0.17568,-71.61,22.61,-42.84,-1.302,-0.708,-1.197,0
05/22/2025 13:42:45.393,0.394548,-1.05042,0.158844,-74.515,24.08,-37.66,-1.323,-0.738,-1.182,0
05/22/2025 13:42:45.413,0.38918,-1.036756,0.108336,-70.56,24.29,-35.455,-1.326,-0.7335,-1.182,0
05/22/2025 13:42:45.433,0.361608,-1.0004,0.120536,-58.345,22.82,-35.035,-1.323,-0.726,-1.182,0
05/22/2025 13:42:45.453,0.359168,-0.962824,0.133468,-49.28,19.53,-33.6,-1.323,-0.726,-1.1865,0
05/22/2025 13:42:45.473,0.381372,-0.939156,0.087108,-46.34,12.215,-32.13,-1.326,-0.741,-1.1745,0
05/22/2025 13:42:45.493,0.385764,-0.927688,0.099308,-40.355,6.335,-29.505,-1.3455,-0.7215,-1.1745,0
05/22/2025 13:42:45.513,0.378688,-0.829844,0.077104,-35.63,0.525,-28.385,-1.35,-0.7035,-1.179,0
05/22/2025 13:42:45.533,0.382592,-0.81252,0.054656,-41.615,-5.18,-27.44,-1.3455,-0.729,-1.164,0
05/22/2025 13:42:45.553,0.389668,-0.840336,0.078812,-49.805,-7.455,-27.37,-1.371,-0.7335,-1.179,0
05/22/2025 13:42:45.573,0.404064,-0.84668,0.11956,-58.66,-10.36,-28.77,-1.392,-0.717,-1.143,0
05/22/2025 13:42:45.593,0.442128,-0.853512,0.097844,-65.695,-13.3,-31.43,-1.4115,-0.729,-1.146,0
05/22/2025 13:42:45.613,0.488732,-0.852048,0.0305,-74.445,-10.115,-29.26,-1.4025,-0.714,-1.113,0
05/22/2025 13:42:45.633,0.50996,-0.924516,0.011468,-75.39,-5.74,-25.83,-1.458,-0.7125,-1.107,0
05/22/2025 13:42:45.653,0.498248,-0.8784,0.032696,-76.65,-2.205,-20.72,-1.446,-0.6945,-1.065,0
05/22/2025 13:42:45.673,0.503372,-0.876692,0.014884,-87.64,-1.33,-16.1,-1.4685,-0.6975,-1.035,0
05/22/2025 13:42:45.693,0.5124,-0.839604,-0.008296,-97.02,-1.75,-13.09,-1.4565,-0.699,-1.011,0
05/22/2025 13:42:45.713,0.504836,-0.856928,-0.073932,-103.285,1.015,-13.09,-1.5,-0.6825,-0.9975,0
05/22/2025 13:42:45.733,0.510692,-0.924272,-0.113216,-95.69,3.745,-11.83,-1.473,-0.699,-0.9735,0
05/22/2025 13:42:45.753,0.51362,-0.868396,-0.095404,-83.02,4.69,-10.36,-1.473,-0.699,-0.9735,0
05/22/2025 13:42:45.773,0.486048,-0.86254,-0.120536,-74.27,7.91,-11.655,-1.4955,-0.6915,-0.9375,0
05/22/2025 13:42:45.793,0.470676,-0.866932,-0.149572,-65.625,8.365,-14.42,-1.4955,-0.669,-0.9225,0
05/22/2025 13:42:45.813,0.458476,-0.913536,-0.181536,-56.98,8.575,-17.815,-1.5015,-0.6945,-0.918,0
05/22/2025 13:42:45.833,0.475556,-0.941352,-0.25132,-49.63,5.145,-20.125,-1.524,-0.687,-0.9075,0
05/22/2025 13:42:45.853,0.495076,-0.976,-0.281576,-37.695,3.01,-18.585,-1.497,-0.684,-0.888,0
05/22/2025 13:42:45.873,0.551196,-0.910364,-0.21472,-21.385,1.96,-11.445,-1.524,-0.6525,-0.87,0
05/22/2025 13:42:45.893,0.518988,-1.017968,-0.192516,-18.9,1.4,2.765,-1.5375,-0.702,-0.873,0
05/22/2025 13:42:45.913,0.513376,-1.01748,-0.21838,-15.82,-0.595,11.585,-1.5225,-0.684,-0.8775,0
05/22/2025 13:42:45.933,0.513132,-1.020164,-0.19886,-7.035,0.875,16.45,-1.548,-0.6795,-0.8505,0
05/22/2025 13:42:45.953,0.522404,-0.962092,-0.152744,6.615,5.145,15.575,-1.5045,-0.684,-0.891,0
05/22/2025 13:42:45.973,0.470188,-0.937936,-0.173728,28.21,9.94,10.78,-1.5315,-0.6645,-0.888,0
05/22/2025 13:42:45.993,0.465552,-0.938912,-0.228384,49.63,14.175,6.475,-1.5165,-0.6765,-0.8925,0
05/22/2025 13:42:46.013,0.467016,-0.876692,-0.207156,66.675,19.18,1.715,-1.521,-0.657,-0.915,0
05/22/2025 13:42:46.033,0.457744,-0.78568,-0.089548,70.105,26.11,-3.29,-1.506,-0.6375,-0.9225,0
05/22/2025 13:42:46.053,0.465308,-0.925004,-0.13908,59.22,20.09,-0.035,-1.5,-0.66,-0.975,0
05/22/2025 13:42:46.073,0.4758,-0.80642,-0.11956,50.715,12.005,-0.91,-1.515,-0.645,-0.987,0
05/22/2025 13:42:46.093,0.484828,-0.797636,-0.07124799,32.62,10.255,-4.725,-1.545,-0.6435,-1.0035,0
05/22/2025 13:42:46.113,0.530212,-0.878156,-0.027084,16.345,10.22,-7,-1.527,-0.66,-1.0245,0
05/22/2025 13:42:46.133,0.536556,-0.870836,-0.041724,10.64,14.035,-4.76,-1.524,-0.6825,-1.0245,0
05/22/2025 13:42:46.153,0.522892,-0.800076,-0.02928,16.94,15.96,0.175,-1.5315,-0.693,-1.044,0
05/22/2025 13:42:46.173,0.553392,-0.803492,-0.012688,26.25,12.04,2.45,-1.5315,-0.693,-1.044,0
05/22/2025 13:42:46.193,0.557052,-0.891088,-0.017324,36.575,8.575,3.325,-1.5285,-0.66,-1.0365,0
05/22/2025 13:42:46.213,0.541192,-0.968192,-0.068564,54.81,8.68,6.475,-1.5135,-0.645,-1.0635,0
05/22/2025 13:42:46.233,0.489708,-1.04798,-0.110044,90.79,12.985,9.345,-1.4895,-0.6405,-1.0965,0
05/22/2025 13:42:46.253,0.428708,-1.148264,-0.07442,146.58,20.09,9.03,-1.5105,-0.705,-1.116,0
05/22/2025 13:42:46.273,0.374052,-1.044808,-0.006588,213.57,21.7,12.95,-1.5045,-0.711,-1.1535,0
05/22/2025 13:42:46.293,0.375272,-0.947208,0.109068,255.71,20.265,10.99,-1.5015,-0.7335,-1.206,0
05/22/2025 13:42:46.313,0.414312,-0.911096,0.152012,268.835,17.815,9.975,-1.515,-0.7815,-1.3005,0
05/22/2025 13:42:46.333,0.437736,-0.706624,0.294996,290.5,15.505,3.115,-1.4805,-0.8655,-1.3485,0
05/22/2025 13:42:46.353,0.447984,-0.460916,0.47336,264.215,15.61,-3.08,-1.482,-0.903,-1.386,0
05/22/2025 13:42:46.373,0.477508,-0.549976,0.518256,188.3,12.285,-5.285,-1.467,-0.981,-1.461,0
05/22/2025 13:42:46.393,0.515816,-0.835212,0.479948,149.485,6.86,-5.32,-1.4745,-1.0035,-1.491,0
05/22/2025 13:42:46.413,0.507032,-0.762744,0.534116,172.2,6.615,-2.17,-1.4595,-1.0605,-1.5135,0
05/22/2025 13:42:46.433,0.43066,-0.558516,0.50996,165.165,11.165,-1.365,-1.4595,-1.0605,-1.5135,0
05/22/2025 13:42:46.453,0.412848,-0.5002,0.60024,157.745,10.815,-2.625,-1.485,-1.1505,-1.5405,0
05/22/2025 13:42:46.473,0.4575,-0.552416,0.636108,152.11,10.57,-2.8,-1.467,-1.1955,-1.569,0
05/22/2025 13:42:46.493,0.464088,-0.521916,0.709552,148.75,8.33,-1.785,-1.4805,-1.2375,-1.581,0
05/22/2025 13:42:46.513,0.457744,-0.458232,0.742736,154.525,7.525,-2.065,-1.4625,-1.275,-1.602,0
05/22/2025 13:42:46.533,0.444324,-0.360876,0.753228,149.94,5.985,-3.01,-1.473,-1.32,-1.599,0
05/22/2025 13:42:46.553,0.442372,-0.291824,0.839604,139.3,3.325,-3.29,-1.476,-1.3845,-1.6095,0
05/22/2025 13:42:46.573,0.435784,-0.279868,0.894504,118.79,0.77,-5.705,-1.479,-1.422,-1.6095,0
05/22/2025 13:42:46.593,0.27206,-0.269132,0.637328,109.515,-1.89,-6.265,-1.482,-1.4475,-1.6095,0
05/22/2025 13:42:46.613,0.47824,-0.26962,0.96136,116.06,-4.795,-3.22,-1.5,-1.47,-1.6095,0
05/22/2025 13:42:46.633,0.469212,-0.203252,0.96014,84.245,-4.935,-4.305,-1.4955,-1.539,-1.6095,0
05/22/2025 13:42:46.653,0.477508,-0.26718,0.889868,70.84,-11.585,-3.605,-1.476,-1.569,-1.605,0
05/22/2025 13:42:46.673,0.474824,-0.27572,0.910608,78.26,-17.675,-4.2,-1.5045,-1.5765,-1.59,0
05/22/2025 13:42:46.693,0.489952,-0.292068,0.853268,64.75,-24.5,-3.85,-1.485,-1.6065,-1.578,0
05/22/2025 13:42:46.713,0.491416,-0.13176,0.757864,54.11,-21.98,-1.54,-1.485,-1.6065,-1.578,0
05/22/2025 13:42:46.733,0.499712,-0.191784,0.721264,48.51,-14.035,1.085,-1.5285,-1.662,-1.563,0
05/22/2025 13:42:46.753,0.497516,-0.211792,0.75274,38.255,-11.025,-0.14,-1.524,-1.6665,-1.548,0
05/22/2025 13:42:46.773,0.493612,-0.151524,0.822036,20.195,-9.695,-2.065,-1.5015,-1.7085,-1.548,0
05/22/2025 13:42:46.793,0.502396,-0.155428,0.826184,4.445,-8.925,-6.23,-1.512,-1.7205,-1.536,0
05/22/2025 13:42:46.813,0.51362,-0.162992,0.803004,-0.805,-7.7,-7.84,-1.5,-1.7055,-1.5135,0
05/22/2025 13:42:46.833,0.522648,-0.114192,0.811788,-1.085,-5.425,-7.98,-1.509,-1.6815,-1.536,0
05/22/2025 13:42:46.853,0.546072,-0.124684,0.793,-4.83,-3.43,-9.24,-1.5045,-1.6905,-1.5285,0
05/22/2025 13:42:46.873,0.533384,-0.09076799,0.795684,-0.105,-1.54,-12.74,-1.497,-1.7205,-1.5285,0
05/22/2025 13:42:46.893,0.509716,-0.062952,0.860344,7.84,0.7,-10.535,-1.494,-1.6935,-1.524,0
05/22/2025 13:42:46.913,0.512156,-0.1464,0.835456,-1.645,0.735,-11.655,-1.479,-1.716,-1.5435,0
05/22/2025 13:42:46.933,0.497028,-0.189832,0.807396,-12.775,-0.665,-11.865,-1.512,-1.701,-1.5105,0
05/22/2025 13:42:46.953,0.489708,-0.24156,0.803004,-14.91,0.315,-9.835,-1.503,-1.7205,-1.506,0
05/22/2025 13:42:46.973,0.491416,-0.172508,0.8967,-17.92,2.905,-4.655,-1.503,-1.7205,-1.506,0
05/22/2025 13:42:46.993,0.483364,-0.031232,0.94306,-40.005,3.395,-4.9,-1.5015,-1.6785,-1.533,0
05/22/2025 13:42:47.013,0.50386,0.059048,0.891088,-95.025,5.18,-7.7,-1.509,-1.686,-1.536,0
05/22/2025 13:42:47.033,0.511668,-0.11224,0.712968,-162.995,5.425,-7.035,-1.4835,-1.6785,-1.563,0
05/22/2025 13:42:47.053,0.526796,-0.04026,0.659044,-176.085,2.52,-4.025,-1.515,-1.644,-1.578,0
05/22/2025 13:42:47.073,0.537776,0.022936,0.699304,-170.345,2.625,-3.325,-1.512,-1.584,-1.59,0
05/22/2025 13:42:47.093,0.550464,-0.092232,0.693204,-189.945,-0.805,-7.735,-1.4985,-1.5015,-1.5945,0
05/22/2025 13:42:47.113,0.532652,-0.240584,0.654408,-222.845,-7.56,-11.27,-1.506,-1.485,-1.599,0
05/22/2025 13:42:47.133,0.54046,-0.508984,0.562908,-240.765,-15.96,-11.655,-1.4895,-1.4145,-1.599,0
05/22/2025 13:42:47.153,0.488732,-0.659288,0.547292,-229.95,-19.705,-9.59,-1.512,-1.365,-1.5915,0
05/22/2025 13:42:47.173,0.447252,-0.61488,0.541436,-220.08,-19.95,-2.765,-1.5195,-1.2825,-1.5315,0
05/22/2025 13:42:47.193,0.423828,-0.572424,0.411872,-238.28,-19.32,-0.77,-1.5195,-1.2825,-1.5315,0
05/22/2025 13:42:47.213,0.460672,-0.776896,0.230824,-251.615,-24.43,-1.295,-1.5165,-1.248,-1.536,0
05/22/2025 13:42:47.233,0.5124,-0.849364,0.282308,-202.72,-20.72,4.235,-1.5255,-1.173,-1.5405,0
05/22/2025 13:42:47.253,0.504104,-0.733952,0.3294,-183.12,-14.91,12.74,-1.521,-1.0635,-1.446,0
05/22/2025 13:42:47.273,0.510692,-0.71858,0.216428,-189.7,-20.37,12.495,-1.506,-1.023,-1.431,0
05/22/2025 13:42:47.293,0.563152,-0.8662,0.112484,-197.085,-25.585,13.405,-1.521,-0.963,-1.395,0
05/22/2025 13:42:47.313,0.579988,-0.961848,0.08295999,-190.925,-24.64,13.72,-1.542,-0.921,-1.338,0
05/22/2025 13:42:47.333,0.538264,-1.002596,0.101992,-184.45,-20.44,14.84,-1.551,-0.8385,-1.3125,0
05/22/2025 13:42:47.353,0.562176,-1.069208,0.076372,-165.165,-19.11,12.6,-1.5645,-0.8385,-1.2645,0
05/22/2025 13:42:47.373,0.594628,-1.2017,0.030012,-119.91,-10.885,12.18,-1.545,-0.7965,-1.2375,0
05/22/2025 13:42:47.393,0.52094,-0.995032,-0.003172,-46.97,4.095,9.415,-1.545,-0.771,-1.215,0
05/22/2025 13:42:47.413,0.497272,-0.877424,0.069784,-12.39,6.65,3.71,-1.5645,-0.7335,-1.1805,0
05/22/2025 13:42:47.433,0.515572,-0.789584,0.07808,-24.15,1.89,2.485,-1.545,-0.7605,-1.188,0
05/22/2025 13:42:47.453,0.471896,-0.910364,-0.045628,-61.775,-2.975,7.14,-1.56,-0.744,-1.1775,0
05/22/2025 13:42:47.473,0.456768,-1.11508,-0.171044,-84.98,-9.8,12.005,-1.5525,-0.714,-1.155,0
05/22/2025 13:42:47.493,0.472628,-0.988688,-0.105652,-59.255,-8.295,10.255,-1.5525,-0.7185,-1.1475,0
05/22/2025 13:42:47.513,0.544608,-0.785924,-0.08174,-33.145,-7.315,5.32,-1.5525,-0.7185,-1.1475,0
05/22/2025 13:42:47.533,0.51606,-0.764208,0.020008,-16.135,0.7,-1.96,-1.5585,-0.7035,-1.086,0
05/22/2025 13:42:47.553,0.582672,-0.781044,0.013908,-12.705,-2.45,-5.565,-1.551,-0.6855,-1.1055,0
05/22/2025 13:42:47.573,0.569984,-0.813496,-0.061,-21.455,2.03,-5.565,-1.566,-0.7065,-1.1055,0
05/22/2025 13:42:47.593,0.597068,-0.755912,0.05368,-33.355,5.005,-8.295,-1.5735,-0.6885,-1.0875,0
05/22/2025 13:42:47.613,0.643428,-0.883036,0.067832,-50.33,7.56,-5.67,-1.5645,-0.708,-1.071,0
05/22/2025 13:42:47.633,0.633668,-1.148996,-0.10614,-30.94,4.515,6.23,-1.5765,-0.723,-1.083,0
05/22/2025 13:42:47.653,0.642208,-0.9455,-0.16226,25.48,-0.245,9.765,-1.569,-0.7185,-1.083,0
05/22/2025 13:42:47.673,0.604632,-1.0126,-0.255712,87.57,-4.62,6.965,-1.539,-0.693,-1.0665,0
05/22/2025 13:42:47.693,0.519964,-1.04798,-0.268888,173.53,-6.23,1.19,-1.539,-0.726,-1.0935,0
05/22/2025 13:42:47.713,0.471408,-0.887184,-0.206424,251.02,-11.165,-8.33,-1.539,-0.753,-1.1085,0
05/22/2025 13:42:47.733,0.425536,-0.764696,-0.142008,293.72,-20.65,-15.19,-1.5285,-0.813,-1.1685,0
05/22/2025 13:42:47.753,0.379176,-0.66002,0.015128,296.24,-24.325,-12.845,-1.548,-0.8535,-1.236,0
05/22/2025 13:42:47.773,0.325252,-0.726144,0.261812,250.11,-26.705,-8.82,-1.548,-0.8535,-1.236,0
05/22/2025 13:42:47.793,0.310612,-0.747616,0.371856,198.59,-23.31,-7.28,-1.548,-0.8535,-1.236,0
05/22/2025 13:42:47.813,0.32208,-0.810324,0.470188,151.41,-19.425,-3.57,-1.572,-1.0485,-1.293,0
05/22/2025 13:42:47.833,0.353068,-0.813008,0.521916,118.335,-15.785,-0.595,-1.587,-1.083,-1.32,0
05/22/2025 13:42:47.853,0.369172,-0.853756,0.545828,88.34,-13.23,3.92,-1.584,-1.086,-1.3455,0
05/22/2025 13:42:47.873,0.41968,-0.823744,0.552904,66.64,-12.25,8.365,-1.602,-1.1085,-1.335,0
05/22/2025 13:42:47.893,0.459452,-0.799588,0.545828,44.24,-10.815,13.755,-1.6155,-1.1355,-1.3155,0
05/22/2025 13:42:47.913,0.488488,-0.764696,0.540216,29.05,-8.855,18.655,-1.6575,-1.1265,-1.3095,0
05/22/2025 13:42:47.933,0.487756,-0.69418,0.567056,15.295,-5.18,21.735,-1.638,-1.1265,-1.305,0
05/22/2025 13:42:47.953,0.504592,-0.666364,0.554612,-6.755,-4.305,21.56,-1.665,-1.149,-1.347,0
05/22/2025 13:42:47.973,0.49654,-0.632448,0.5124,-29.05,-2.205,17.29,-1.668,-1.092,-1.311,0
05/22/2025 13:42:47.993,0.508008,-0.654164,0.463112,-48.965,1.19,12.88,-1.6905,-1.0845,-1.3065,0
05/22/2025 13:42:48.013,0.494832,-0.671732,0.455548,-50.785,3.955,8.015,-1.6545,-1.062,-1.2945,0
05/22/2025 13:42:48.033,0.504592,-0.77958,0.404308,-37.485,2.275,2.38,-1.665,-1.0515,-1.299,0
05/22/2025 13:42:48.053,0.512156,-0.835212,0.416752,-11.865,-4.62,2.66,-1.665,-1.0515,-1.299,0
05/22/2025 13:42:48.073,0.543144,-0.788852,0.430904,11.025,-13.335,5.705,-1.6815,-0.99,-1.3185,0
05/22/2025 13:42:48.093,0.554124,-0.777628,0.359656,15.715,-18.585,9.66,-1.707,-1.02,-1.3005,0
05/22/2025 13:42:48.113,0.552172,-0.679296,0.361364,10.99,-19.355,11.725,-1.725,-1.02,-1.3005,0
05/22/2025 13:42:48.133,0.55144,-0.63196,0.3782,-9.87,-16.38,9.66,-1.7325,-1.008,-1.2945,0
05/22/2025 13:42:48.153,0.534604,-0.643184,0.399184,-37.87,-13.125,5.6,-1.7325,-1.008,-1.2945,0
05/22/2025 13:42:48.173,0.527528,-0.655384,0.383324,-58.555,-9.87,-0.455,-1.7295,-0.9855,-1.2825,0
05/22/2025 13:42:48.193,0.546804,-0.708088,0.333792,-68.88,-4.585,-6.685,-1.7355,-0.9855,-1.272,0
05/22/2025 13:42:48.213,0.554124,-0.763476,0.374296,-65.415,1.575,-8.365,-1.743,-0.9555,-1.2525,0
05/22/2025 13:42:48.233,0.57218,-0.873032,0.285968,-46.725,-4.585,-4.935,-1.7625,-0.936,-1.242,0
05/22/2025 13:42:48.253,0.579744,-0.857172,0.28914,-30.38,-8.75,-3.185,-1.773,-0.9585,-1.239,0
05/22/2025 13:42:48.273,0.614148,-0.860588,0.258152,-24.185,-13.58,1.505,-1.7625,-0.9105,-1.227,0
05/22/2025 13:42:48.293,0.623908,-0.794708,0.28304,-11.865,-13.3,5.425,-1.7805,-0.9105,-1.197,0
05/22/2025 13:42:48.313,0.604632,-0.7625,0.325252,-14.21,-6.825,9.695,-1.7985,-0.9405,-1.2015,0
05/22/2025 13:42:48.333,0.599996,-0.742736,0.288896,-19.25,-0.77,8.505,-1.8015,-0.903,-1.164,0
05/22/2025 13:42:48.353,0.59536,-0.762988,0.274744,-26.32,6.965,3.15,-1.806,-0.8985,-1.194,0
05/22/2025 13:42:48.373,0.595848,-0.795196,0.253272,-22.96,9.975,-0.56,-1.836,-0.8715,-1.176,0
05/22/2025 13:42:48.393,0.579988,-0.849608,0.281088,-17.535,14.56,-1.925,-1.812,-0.8985,-1.164,0
05/22/2025 13:42:48.413,0.5856,-0.859368,0.3416,-5.145,14.945,-0.945,-1.8345,-0.8685,-1.146,0
05/22/2025 13:42:48.433,0.586088,-0.898408,0.363072,7.14,9.87,3.43,-1.8345,-0.8985,-1.1655,0
05/22/2025 13:42:48.453,0.589504,-0.906948,0.365756,22.12,2.59,10.01,-1.809,-0.9135,-1.1595,0
05/22/2025 13:42:48.473,0.575108,-0.880108,0.363316,37.66,-3.325,17.675,-1.8015,-0.891,-1.164,0
05/22/2025 13:42:48.493,0.572912,-0.830332,0.39406,51.275,-8.05,22.715,-1.794,-0.8955,-1.1595,0
05/22/2025 13:42:48.513,0.59658,-0.76616,0.43676,51.975,-9.765,25.13,-1.779,-0.8985,-1.1625,0
05/22/2025 13:42:48.533,0.603656,-0.835212,0.450912,37.52,-8.225,27.265,-1.7895,-0.921,-1.1715,0
05/22/2025 13:42:48.553,0.600484,-0.822524,0.45384,34.335,-5.635,26.565,-1.749,-0.8925,-1.1505,0
05/22/2025 13:42:48.573,0.5551,-0.87108,0.457012,23.52,-0.665,27.72,-1.731,-0.915,-1.1655,0
05/22/2025 13:42:48.593,0.51606,-0.897676,0.429196,19.495,-0.42,29.085,-1.731,-0.915,-1.1655,0
05/22/2025 13:42:48.613,0.47336,-0.913536,0.442372,25.69,-3.535,30.1,-1.6905,-0.912,-1.191,0
05/22/2025 13:42:48.633,0.448716,-0.903044,0.447496,37.835,-7.175,30.94,-1.665,-0.8895,-1.1865,0
05/22/2025 13:42:48.653,0.432124,-0.8967,0.45384,46.62,-8.89,31.185,-1.6425,-0.867,-1.179,0
05/22/2025 13:42:48.673,0.428708,-0.885476,0.45262,43.855,-8.575,30.52,-1.617,-0.879,-1.17,0
05/22/2025 13:42:48.693,0.403088,-0.869372,0.479948,33.18,-5.775,29.05,-1.6215,-0.894,-1.224,0
05/22/2025 13:42:48.713,0.379664,-0.860344,0.474092,20.86,-0.42,27.23,-1.596,-0.861,-1.212,0
05/22/2025 13:42:48.733,0.356484,-0.866932,0.4575,10.36,7.07,25.55,-1.5705,-0.8715,-1.23,0
05/22/2025 13:42:48.753,0.336232,-0.890844,0.464576,2.415,15.89,24.57,-1.554,-0.8805,-1.206,0
05/22/2025 13:42:48.773,0.308904,-0.901824,0.4758,-3.745,22.12,24.22,-1.548,-0.843,-1.2135,0
05/22/2025 13:42:48.793,0.281332,-0.932568,0.476776,-5.32,24.64,23.38,-1.497,-0.858,-1.2345,0
05/22/2025 13:42:48.813,0.264496,-0.947208,0.46238,0.77,25.725,23.87,-1.4745,-0.8205,-1.227,0
05/22/2025 13:42:48.833,0.250344,-0.935252,0.429684,8.05,24.605,25.2,-1.479,-0.8055,-1.242,0
05/22/2025 13:42:48.853,0.239364,-0.949404,0.431636,11.27,20.965,29.645,-1.479,-0.8055,-1.242,0
05/22/2025 13:42:48.873,0.23668,-0.921832,0.441152,13.79,17.22,32.48,-1.41,-0.822,-1.2855,0
05/22/2025 13:42:48.893,0.250344,-0.912072,0.436272,15.295,13.125,34.685,-1.431,-0.8175,-1.272,0
05/22/2025 13:42:48.913,0.242536,-0.885964,0.423584,19.39,11.165,37.415,-1.4145,-0.7725,-1.317,0
05/22/2025 13:42:48.933,0.238632,-0.90036,0.399916,22.015,11.305,39.97,-1.3665,-0.777,-1.296,0
05/22/2025 13:42:48.953,0.22692,-0.854976,0.4209,24.115,13.23,42.21,-1.3485,-0.7395,-1.296,0
05/22/2025 13:42:48.973,0.223748,-0.834724,0.446764,20.79,11.445,43.645,-1.326,-0.762,-1.311,0
05/22/2025 13:42:48.993,0.23424,-0.808372,0.474824,17.675,9.94,44.45,-1.3155,-0.7635,-1.3335,0
05/22/2025 13:42:49.013,0.231556,-0.805444,0.5002,14.14,8.505,47.39,-1.2945,-0.759,-1.356,0
05/22/2025 13:42:49.033,0.230092,-0.852536,0.464576,8.295,5.775,48.965,-1.26,-0.7635,-1.332,0
05/22/2025 13:42:49.053,0.221796,-0.870104,0.44652,1.645,3.395,52.115,-1.254,-0.7515,-1.3965,0
05/22/2025 13:42:49.073,0.203252,-0.868396,0.431636,-1.645,2.415,55.825,-1.206,-0.723,-1.3455,0
05/22/2025 13:42:49.093,0.203008,-0.934032,0.440908,-5.285,0.07,58.835,-1.185,-0.678,-1.38,0
05/22/2025 13:42:49.113,0.187392,-0.894016,0.49166,-1.645,-3.185,64.61,-1.185,-0.678,-1.38,0
05/22/2025 13:42:49.133,0.146888,-0.904508,0.523624,7.63,-1.295,67.41,-1.185,-0.678,-1.38,0
05/22/2025 13:42:49.153,0.133956,-0.908412,0.52094,13.58,-1.82,70.77,-1.116,-0.618,-1.3965,0
05/22/2025 13:42:49.173,0.0915,-0.863028,0.496296,14.7,-1.295,71.575,-1.0785,-0.6045,-1.3725,0
05/22/2025 13:42:49.193,0.061976,-0.84302,0.498004,10.955,0.595,72.24,-1.0785,-0.6075,-1.392,0
05/22/2025 13:42:49.213,0.057096,-0.817156,0.51606,8.015,3.395,72.135,-1.05,-0.582,-1.3875,0
05/22/2025 13:42:49.233,0.05368,-0.879864,0.54778,5.95,5.215,71.68,-1.0095,-0.5715,-1.4055,0
05/22/2025 13:42:49.253,0.040016,-0.911096,0.571692,7.77,7.945,71.785,-0.969,-0.5535,-1.413,0
05/22/2025 13:42:49.273,0.028304,-0.935008,0.568276,11.13,9.275,73.08,-0.9735,-0.504,-1.3905,0
05/22/2025 13:42:49.293,0.001952,-0.92598,0.569008,20.475,11.76,75.39,-0.945,-0.5085,-1.4115,0
05/22/2025 13:42:49.313,-0.020984,-0.921344,0.56852,25.725,12.6,78.33,-0.9105,-0.5055,-1.404,0
05/22/2025 13:42:49.333,-0.051484,-0.907924,0.555832,26.075,12.39,80.57,-0.843,-0.495,-1.383,0
05/22/2025 13:42:49.353,-0.070028,-0.854488,0.553636,24.5,10.535,82.285,-0.8595,-0.498,-1.413,0
05/22/2025 13:42:49.373,-0.123708,-0.824232,0.564372,30.345,11.34,83.86,-0.819,-0.48,-1.4235,0
05/22/2025 13:42:49.393,-0.1464,-0.805444,0.560712,32.165,11.025,83.37,-0.819,-0.48,-1.4235,0
05/22/2025 13:42:49.413,-0.187148,-0.777384,0.580964,37.625,11.305,81.13,-0.702,-0.471,-1.4625,0
05/22/2025 13:42:49.433,-0.216672,-0.756888,0.596824,46.795,13.125,79.73,-0.6645,-0.498,-1.446,0
05/22/2025 13:42:49.453,-0.23912,-0.719068,0.609024,52.29,14,78.225,-0.639,-0.4605,-1.479,0
05/22/2025 13:42:49.473,-0.260348,-0.687836,0.596092,48.405,15.085,76.895,-0.5835,-0.525,-1.5045,0
05/22/2025 13:42:49.493,-0.26962,-0.70638,0.632448,46.55,16.03,75.11,-0.5685,-0.5265,-1.5,0
05/22/2025 13:42:49.513,-0.286456,-0.69784,0.641232,38.64,18.515,75.53,-0.5535,-0.549,-1.515,0
05/22/2025 13:42:49.533,-0.327936,-0.708088,0.634644,34.755,20.405,74.06,-0.5055,-0.5385,-1.5285,0
05/22/2025 13:42:49.553,-0.334036,-0.754936,0.624396,37.03,21.175,73.045,-0.462,-0.5505,-1.5495,0
05/22/2025 13:42:49.573,-0.355752,-0.742004,0.610976,38.15,20.895,73.43,-0.462,-0.5505,-1.5495,0
05/22/2025 13:42:49.593,-0.363804,-0.726876,0.592676,42.07,20.23,73.01,-0.4395,-0.5505,-1.56,0
05/22/2025 13:42:49.613,-0.37698,-0.665876,0.578524,48.125,19.53,73.955,-0.4335,-0.561,-1.575,0
05/22/2025 13:42:49.633,-0.409676,-0.663436,0.594872,51.415,19.88,74.76,-0.3735,-0.5775,-1.566,0
05/22/2025 13:42:49.653,-0.463844,-0.521428,0.574132,44.205,19.075,75.95,-0.348,-0.6015,-1.587,0
05/22/2025 13:42:49.673,-0.509716,-0.469212,0.57584,43.61,21.315,76.265,-0.306,-0.639,-1.605,0
05/22/2025 13:42:49.693,-0.500932,-0.4087,0.576328,40.845,19.215,74.375,-0.2925,-0.636,-1.6245,0
05/22/2025 13:42:49.713,-0.53924,-0.381372,0.563884,37.38,17.99,70.07,-0.2775,-0.654,-1.62,0
05/22/2025 13:42:49.733,-0.551196,-0.37942,0.561688,35.49,14.735,64.855,-0.2355,-0.663,-1.626,0
05/22/2025 13:42:49.753,-0.552416,-0.372588,0.571692,36.82,11.025,59.99,-0.1965,-0.66,-1.6365,0
05/22/2025 13:42:49.773,-0.530212,-0.415044,0.604632,36.82,8.47,56.175,-0.159,-0.702,-1.6455,0
05/22/2025 13:42:49.793,-0.53558,-0.4026,0.617564,33.985,8.575,55.335,-0.1545,-0.7095,-1.6725,0
05/22/2025 13:42:49.813,-0.555588,-0.417972,0.622932,28.665,10.115,55.16,-0.147,-0.7395,-1.6455,0
05/22/2025 13:42:49.833,-0.5795,-0.452864,0.651968,24.885,11.13,57.05,-0.1275,-0.762,-1.6605,0
05/22/2025 13:42:49.853,-0.620004,-0.407724,0.648308,26.18,12.775,58.975,-0.1125,-0.7635,-1.6635,0
05/22/2025 13:42:49.873,-0.64416,-0.377468,0.638304,33.74,12.355,59.115,-0.1095,-0.789,-1.6665,0
05/22/2025 13:42:49.893,-0.653188,-0.307684,0.636108,42.91,12.145,57.75,-0.0795,-0.7905,-1.6815,0
05/22/2025 13:42:49.913,-0.646844,-0.183244,0.666608,56.35,11.55,52.85,-0.057,-0.831,-1.677,0
05/22/2025 13:42:49.933,-0.6466,-0.14152,0.689544,59.535,11.62,47.425,-0.057,-0.831,-1.677,0
05/22/2025 13:42:49.953,-0.644404,-0.097112,0.693204,56.91,10.885,42.56,-0.0375,-0.888,-1.695,0
05/22/2025 13:42:49.973,-0.6466,-0.128344,0.662948,52.22,9.24,36.855,-0.0195,-0.942,-1.7205,0
05/22/2025 13:42:49.993,-0.654652,-0.121756,0.630496,46.13,6.965,32.76,-0.0225,-0.9375,-1.713,0
05/22/2025 13:42:50.013,-0.645868,-0.086376,0.625372,41.23,4.97,27.86,-0.027,-0.9375,-1.743,0
05/22/2025 13:42:50.033,-0.644404,-0.092964,0.665388,40.495,4.305,25.445,0,-0.957,-1.734,0
05/22/2025 13:42:50.053,-0.642696,-0.09467199,0.694424,41.055,4.235,21.595,-0.0195,-0.9795,-1.743,0
05/22/2025 13:42:50.073,-0.63928,-0.109312,0.669048,39.9,5.705,18.725,-0.0075,-1.0095,-1.7535,0
05/22/2025 13:42:50.093,-0.639524,-0.081496,0.662216,41.335,5.215,15.085,0.0165,-1.0095,-1.7445,0
05/22/2025 13:42:50.113,-0.647576,-0.09516,0.640988,37.205,4.06,13.755,0.0105,-1.032,-1.7415,0
05/22/2025 13:42:50.133,-0.652456,-0.071492,0.631716,33.635,3.01,12.775,0.021,-1.032,-1.752,0
05/22/2025 13:42:50.153,-0.671732,-0.055144,0.676856,27.72,2.065,11.725,0.027,-1.0515,-1.7895,0
05/22/2025 13:42:50.173,-0.689056,-0.04636,0.690276,19.145,1.575,10.675,0.003,-1.0695,-1.7715,0
05/22/2025 13:42:50.193,-0.697596,-0.066856,0.684908,6.86,1.19,8.82,0.003,-1.0695,-1.7715,0
05/22/2025 13:42:50.213,-0.674904,-0.080764,0.689544,3.395,0.245,8.365,0.0255,-1.0935,-1.7595,0
05/22/2025 13:42:50.233,-0.677344,-0.126636,0.695644,4.095,1.12,8.715,0.0255,-1.0815,-1.7625,0
05/22/2025 13:42:50.253,-0.67588,-0.094428,0.706868,8.05,1.785,10.15,0.021,-1.086,-1.7595,0
05/22/2025 13:42:50.273,-0.693936,-0.102236,0.724924,9.1,2.94,12.635,0.0225,-1.0935,-1.7595,0
05/22/2025 13:42:50.293,-0.704916,-0.103456,0.724436,9.03,3.78,14.945,0.021,-1.092,-1.7775,0
05/22/2025 13:42:50.313,-0.711016,-0.06588,0.729804,7.84,3.465,15.12,0.0255,-1.086,-1.767,0
05/22/2025 13:42:50.333,-0.701256,-0.021472,0.743712,10.78,3.64,14.07,0.03,-1.131,-1.7625,0
05/22/2025 13:42:50.353,-0.715164,-0.007076,0.716384,15.4,4.62,12.425,0.0555,-1.146,-1.785,0
05/22/2025 13:42:50.373,-0.709796,0.033672,0.686616,20.895,4.445,9.555,0.0435,-1.116,-1.7805,0
05/22/2025 13:42:50.393,-0.696132,0.038552,0.679296,26.215,3.08,5.425,0.063,-1.1535,-1.776,0
05/22/2025 13:42:50.413,-0.69662,0.023424,0.684664,31.5,2.275,1.715,0.03,-1.1685,-1.7925,0
05/22/2025 13:42:50.433,-0.677344,0.004636,0.706868,32.55,1.365,-0.315,0.018,-1.161,-1.797,0
05/22/2025 13:42:50.453,-0.65636,-0.057828,0.705648,20.195,1.085,-0.875,0.0375,-1.164,-1.7955,0
05/22/2025 13:42:50.473,-0.64294,-0.088572,0.72834,12.005,0.875,1.75,0.03,-1.191,-1.7955,0
05/22/2025 13:42:50.493,-0.642696,-0.108092,0.742492,7.7,1.435,5.53,0.03,-1.2015,-1.803,0
05/22/2025 13:42:50.513,-0.641476,-0.08295999,0.713212,11.305,2.765,7.91,0.0345,-1.2255,-1.803,0
05/22/2025 13:42:50.533,-0.643184,-0.05368,0.675636,20.825,3.71,9.135,0.0345,-1.2255,-1.803,0
05/22/2025 13:42:50.553,-0.64294,0.018544,0.703208,32.06,3.535,9.065,0.0195,-1.221,-1.8045,0
05/22/2025 13:42:50.573,-0.661484,0.079544,0.711992,38.57,3.955,6.755,0.0375,-1.233,-1.815,0
05/22/2025 13:42:50.593,-0.67588,0.124928,0.721996,37.135,4.095,2.17,0.03,-1.209,-1.7955,0
05/22/2025 13:42:50.613,-0.693448,0.170556,0.704672,26.075,3.71,-3.22,0.0375,-1.2435,-1.8105,0
05/22/2025 13:42:50.633,-0.691008,0.14396,0.696864,10.045,2.73,-7.665,0.0705,-1.245,-1.8135,0
05/22/2025 13:42:50.653,-0.696864,0.044164,0.6893,-2.8,3.29,-9.135,0.0675,-1.2555,-1.8105,0
05/22/2025 13:42:50.673,-0.700524,-0.008296,0.723216,-6.72,2.695,-8.54,0.0645,-1.2525,-1.7985,0
05/22/2025 13:42:50.693,-0.684664,-0.067588,0.712968,-7.28,2.59,-6.09,0.0345,-1.2405,-1.815,0
05/22/2025 13:42:50.713,-0.675148,-0.087108,0.70028,0.77,2.905,-1.75,0.0645,-1.263,-1.8015,0
05/22/2025 13:42:50.733,-0.69418,-0.024156,0.723948,12.425,3.885,6.86,0.0645,-1.263,-1.8015,0
05/22/2025 13:42:50.753,-0.707112,0.005612,0.711504,17.99,4.69,10.43,0.057,-1.2405,-1.7985,0
05/22/2025 13:42:50.773,-0.709308,0.067588,0.729316,18.76,3.99,11.34,0.042,-1.251,-1.8255,0
05/22/2025 13:42:50.793,-0.709552,0.091988,0.727608,16.94,3.115,9.59,0.0795,-1.275,-1.809,0
05/22/2025 13:42:50.813,-0.70272,0.142984,0.718824,13.23,1.995,6.895,0.0765,-1.29,-1.8015,0
05/22/2025 13:42:50.833,-0.698816,0.15494,0.697108,9.17,2.345,3.535,0.054,-1.305,-1.821,0
05/22/2025 13:42:50.853,-0.678808,0.142008,0.687592,6.16,1.47,0.35,0.0615,-1.32,-1.8135,0
05/22/2025 13:42:50.873,-0.677344,0.108336,0.695888,3.78,1.855,-2.835,0.0615,-1.308,-1.8135,0
05/22/2025 13:42:50.893,-0.667584,0.077348,0.703696,0.245,2.485,-4.025,0.084,-1.3005,-1.797,0
05/22/2025 13:42:50.913,-0.669536,0.00854,0.706136,-0.455,3.465,-4.76,0.0645,-1.308,-1.824,0
05/22/2025 13:42:50.933,-0.677344,-0.010004,0.711016,2.205,4.76,-2.415,0.069,-1.3155,-1.821,0
05/22/2025 13:42:50.953,-0.689544,0.00244,0.714188,5.74,5.005,-0.595,0.0765,-1.3005,-1.8165,0
05/22/2025 13:42:50.973,-0.697352,0.037576,0.709552,7.63,4.935,2.45,0.087,-1.3125,-1.8285,0
05/22/2025 13:42:50.993,-0.725412,0.07905599,0.694912,7.035,4.585,5.18,0.087,-1.3125,-1.8285,0
05/22/2025 13:42:51.013,-0.724192,0.08906,0.686616,6.965,3.22,4.76,0.0735,-1.3275,-1.8015,0
05/22/2025 13:42:51.033,-0.721996,0.139324,0.679784,8.89,2.275,2.835,0.069,-1.32,-1.821,0
05/22/2025 13:42:51.053,-0.708088,0.155916,0.673684,7.84,1.435,-0.21,0.102,-1.317,-1.7895,0
05/22/2025 13:42:51.073,-0.694668,0.1525,0.67588,5.005,0.875,-2.555,0.09,-1.2975,-1.809,0
05/22/2025 13:42:51.093,-0.69418,0.132248,0.683932,4.375,1.19,-4.095,0.099,-1.2975,-1.8045,0
05/22/2025 13:42:51.113,-0.688568,0.114436,0.689056,4.9,1.26,-5.25,0.0945,-1.3245,-1.8195,0
05/22/2025 13:42:51.133,-0.676856,0.095404,0.695888,4.865,0.945,-6.125,0.117,-1.32,-1.815,0
05/22/2025 13:42:51.153,-0.67466,0.072224,0.700524,4.025,0.595,-6.265,0.1275,-1.332,-1.8195,0
05/22/2025 13:42:51.173,-0.685396,0.02684,0.70882,3.85,0.595,-5.425,0.084,-1.332,-1.809,0
05/22/2025 13:42:51.193,-0.709064,0.0305,0.719068,5.39,0.805,-3.22,0.087,-1.332,-1.812,0
05/22/2025 13:42:51.213,-0.734196,0.020252,0.707112,6.3,1.365,-1.645,0.0915,-1.3395,-1.812,0
05/22/2025 13:42:51.233,-0.746396,0.050996,0.710528,8.295,0.28,0.07,0.132,-1.332,-1.8105,0
05/22/2025 13:42:51.253,-0.76372,0.0976,0.696132,12.635,-0.77,2.205,0.114,-1.3365,-1.785,0
05/22/2025 13:42:51.273,-0.685152,0.111752,0.6893,14.63,-3.745,-0.525,0.114,-1.3365,-1.785,0
05/22/2025 13:42:51.293,-0.7381,0.15494,0.683444,13.055,0.035,3.36,0.099,-1.35,-1.815,0
05/22/2025 13:42:51.313,-0.71736,0.148596,0.686616,14.14,-0.525,1.26,0.066,-1.338,-1.8165,0
05/22/2025 13:42:51.333,-0.708088,0.140056,0.693204,12.18,-0.385,-0.56,0.0885,-1.35,-1.8015,0
05/22/2025 13:42:51.353,-0.696864,0.121512,0.695888,9.73,-0.315,-1.47,0.081,-1.377,-1.8015,0
05/22/2025 13:42:51.373,-0.701256,0.097844,0.67832,9.03,-0.21,-1.33,0.054,-1.3575,-1.8135,0
05/22/2025 13:42:51.393,-0.694912,0.080764,0.658068,9.065,-0.455,-0.105,0.0555,-1.38,-1.809,0
05/22/2025 13:42:51.413,-0.697596,0.06734399,0.671732,12.25,-0.665,0.525,0.0585,-1.3575,-1.8015,0
05/22/2025 13:42:51.433,-0.69174,0.077592,0.66734,18.165,-0.455,1.435,0.066,-1.3875,-1.797,0
05/22/2025 13:42:51.453,-0.698328,0.138104,0.657336,21.84,0.91,2.31,0.1005,-1.3965,-1.8,0
05/22/2025 13:42:51.473,-0.692716,0.162504,0.664412,19.565,0.91,1.75,0.066,-1.3995,-1.8165,0
05/22/2025 13:42:51.493,-0.699792,0.183976,0.660264,14.245,1.155,0.98,0.063,-1.4025,-1.8015,0
05/22/2025 13:42:51.513,-0.701256,0.188368,0.671976,5.145,1.05,-0.035,0.063,-1.395,-1.812,0
05/22/2025 13:42:51.533,-0.697108,0.16592,0.681492,-3.045,0.315,-2.415,0.063,-1.395,-1.812,0
05/22/2025 13:42:51.553,-0.701256,0.143228,0.6771,-4.62,0.28,-3.745,0.063,-1.395,-1.812,0
05/22/2025 13:42:51.573,-0.704428,0.127124,0.667584,-2.1,0.14,-3.815,0.093,-1.392,-1.8075,0
05/22/2025 13:42:51.593,-0.70882,0.117852,0.670024,1.645,-0.21,-3.325,0.0735,-1.395,-1.809,0
05/22/2025 13:42:51.613,-0.72224,0.117608,0.682468,6.16,-0.525,-3.01,0.0735,-1.395,-1.8045,0
05/22/2025 13:42:51.633,-0.71248,0.138592,0.691984,9.1,-1.26,-2.625,0.093,-1.4115,-1.8045,0
05/22/2025 13:42:51.653,-0.72834,0.165188,0.67222,6.895,-0.805,-2.625,0.093,-1.395,-1.8,0
05/22/2025 13:42:51.673,-0.715896,0.138348,0.690764,3.92,-1.225,-2.52,0.093,-1.41,-1.8075,0
05/22/2025 13:42:51.693,-0.718092,0.097112,0.687104,3.29,-0.525,-1.68,0.0855,-1.437,-1.8225,0
05/22/2025 13:42:51.713,-0.721752,0.096868,0.698328,5.46,-0.07,-0.7,0.0885,-1.4445,-1.8225,0
05/22/2025 13:42:51.733,-0.714188,0.125416,0.683688,6.685,-0.175,0.28,0.0735,-1.4325,-1.827,0
05/22/2025 13:42:51.753,-0.724924,0.131272,0.678564,5.67,0.35,1.75,0.0825,-1.437,-1.8,0
05/22/2025 13:42:51.773,-0.711992,0.133468,0.681492,4.55,0.21,3.535,0.078,-1.4595,-1.8225,0
05/22/2025 13:42:51.793,-0.705648,0.15128,0.682956,3.22,0.245,6.055,0.0885,-1.44,-1.83,0
05/22/2025 13:42:51.813,-0.708576,0.124928,0.640256,3.605,0,7.735,0.0885,-1.44,-1.83,0
05/22/2025 13:42:51.833,-0.71248,0.101748,0.619516,4.445,-1.19,7.91,0.063,-1.425,-1.824,0
05/22/2025 13:42:51.853,-0.696132,0.17202,0.646356,4.165,-4.025,7.63,0.06,-1.4325,-1.827,0
05/22/2025 13:42:51.873,-0.689788,0.20008,0.660996,0.315,-4.27,5.215,0.0585,-1.44,-1.842,0
05/22/2025 13:42:51.893,-0.692716,0.203496,0.638792,-3.675,-3.465,2.695,0.0525,-1.47,-1.824,0
05/22/2025 13:42:51.913,-0.687104,0.200568,0.6405,-5.67,-3.185,0.14,0.0855,-1.4445,-1.8375,0
05/22/2025 13:42:51.933,-0.687348,0.203496,0.645868,-6.44,-3.465,-3.045,0.0555,-1.425,-1.8435,0
05/22/2025 13:42:51.953,-0.6832,0.200568,0.652212,-5.915,-3.535,-6.3,0.045,-1.4475,-1.821,0
05/22/2025 13:42:51.973,-0.67466,0.203496,0.64538,-6.755,-4.06,-9.555,0.045,-1.4475,-1.821,0
05/22/2025 13:42:51.993,-0.678076,0.194712,0.6222,-8.47,-4.445,-12.845,0.063,-1.407,-1.827,0
05/22/2025 13:42:52.013,-0.664656,0.17568,0.64904,-10.99,-6.685,-15.4,0.078,-1.3995,-1.812,0
05/22/2025 13:42:52.033,-0.659532,0.178608,0.663192,-17.325,-7.91,-17.255,0.0885,-1.395,-1.827,0
05/22/2025 13:42:52.053,-0.660996,0.143228,0.666608,-27.23,-8.645,-19.11,0.0765,-1.4145,-1.8465,0
05/22/2025 13:42:52.073,-0.650504,0.108092,0.65514,-42.315,-10.64,-22.155,0.0885,-1.3995,-1.812,0
05/22/2025 13:42:52.093,-0.632936,0.109312,0.66612,-52.71,-10.71,-23.73,0.0585,-1.3725,-1.824,0
05/22/2025 13:42:52.113,-0.621956,0.055876,0.669292,-61.81,-9.73,-25.83,0.0465,-1.3305,-1.818,0
05/22/2025 13:42:52.133,-0.61732,0.059536,0.656604,-67.445,-8.085,-28.49,0.0495,-1.308,-1.8255,0
05/22/2025 13:42:52.153,-0.622932,-0.011224,0.632692,-67.83,-6.09,-33.075,0.0375,-1.2705,-1.8225,0
05/22/2025 13:42:52.173,-0.606828,-0.01098,0.631472,-61.915,-5.74,-37.03,0.048,-1.2285,-1.8105,0
05/22/2025 13:42:52.193,-0.6222,-0.004636,0.620004,-60.585,-4.655,-40.705,0.048,-1.194,-1.8255,0
05/22/2025 13:42:52.213,-0.643672,0.008784,0.614148,-63.56,-5.32,-44.8,0.0405,-1.2015,-1.8375,0
05/22/2025 13:42:52.233,-0.654896,0.001464,0.634644,-71.785,-8.19,-48.615,0.051,-1.161,-1.83,0
05/22/2025 13:42:52.253,-0.653432,-0.086132,0.609268,-81.69,-9.625,-50.995,0.0165,-1.1145,-1.809,0
05/22/2025 13:42:52.273,-0.649284,-0.131028,0.637816,-88.235,-12.005,-52.395,0.018,-1.104,-1.7865,0
05/22/2025 13:42:52.293,-0.665144,-0.19642,0.650992,-92.54,-11.935,-52.01,-0.0105,-1.065,-1.7835,0
05/22/2025 13:42:52.313,-0.651236,-0.26108,0.644648,-88.725,-11.795,-51.905,-0.0015,-1.0095,-1.779,0
05/22/2025 13:42:52.333,-0.617076,-0.325984,0.626592,-75.215,-10.57,-51.1,-0.006,-0.945,-1.7655,0
05/22/2025 13:42:52.353,-0.596824,-0.343064,0.621712,-66.01,-9.24,-51.695,-0.006,-0.945,-1.7655,0
05/22/2025 13:42:52.373,-0.558516,-0.345504,0.63806,-56.07,-10.22,-53.76,-0.024,-0.915,-1.7475,0
05/22/2025 13:42:52.393,-0.551684,-0.35746,0.635864,-51.835,-8.75,-56.245,-0.051,-0.8805,-1.74,0
05/22/2025 13:42:52.413,-0.57462,-0.35258,0.6283,-51.66,-9.625,-59.605,-0.039,-0.8505,-1.737,0
05/22/2025 13:42:52.433,-0.566324,-0.382104,0.63196,-51.03,-12.53,-62.965,-0.066,-0.8055,-1.7265,0
05/22/2025 13:42:52.453,-0.554124,-0.41724,0.637084,-50.365,-16.38,-64.68,-0.1095,-0.804,-1.716,0
05/22/2025 13:42:52.473,-0.544364,-0.432856,0.655872,-50.225,-20.02,-67.06,-0.114,-0.7395,-1.698,0
05/22/2025 13:42:52.493,-0.549,-0.43432,0.649284,-48.79,-23.24,-70.49,-0.123,-0.732,-1.7205,0
05/22/2025 13:42:52.513,-0.52704,-0.467504,0.60756,-47.355,-25.83,-72.73,-0.1665,-0.7275,-1.68,0
05/22/2025 13:42:52.533,-0.498492,-0.488488,0.605852,-46.515,-26.635,-71.89,-0.1725,-0.7125,-1.6575,0
05/22/2025 13:42:52.553,-0.491904,-0.52948,0.622688,-45.64,-27.93,-72.59,-0.189,-0.6705,-1.677,0
05/22/2025 13:42:52.573,-0.481656,-0.546316,0.62586,-44.59,-28.315,-72.695,-0.2325,-0.6555,-1.6365,0
05/22/2025 13:42:52.593,-0.45628,-0.579012,0.60512,-42.63,-28.42,-73.115,-0.261,-0.651,-1.6035,0
05/22/2025 13:42:52.613,-0.423584,-0.596092,0.591944,-29.82,-28.91,-75.04,-0.261,-0.651,-1.6035,0
05/22/2025 13:42:52.633,-0.391132,-0.598532,0.595604,-20.475,-29.26,-76.965,-0.261,-0.651,-1.6035,0
05/22/2025 13:42:52.653,-0.36112,-0.60146,0.628056,-19.215,-30.625,-79.17,-0.351,-0.627,-1.611,0
05/22/2025 13:42:52.673,-0.339404,-0.60756,0.62098,-21,-31.22,-81.9,-0.3885,-0.6195,-1.596,0
05/22/2025 13:42:52.693,-0.321592,-0.63074,0.61732,-20.65,-30.59,-81.935,-0.432,-0.6255,-1.59,0
05/22/2025 13:42:52.713,-0.297192,-0.664412,0.598776,-18.095,-32.025,-80.115,-0.468,-0.651,-1.5675,0
05/22/2025 13:42:52.733,-0.2745,-0.668316,0.613416,-13.58,-34.335,-77.945,-0.5025,-0.6165,-1.5735,0
05/22/2025 13:42:52.753,-0.25132,-0.688568,0.624884,-12.915,-36.925,-74.69,-0.5325,-0.6315,-1.578,0
05/22/2025 13:42:52.773,-0.252784,-0.727852,0.641232,-6.685,-37.275,-72.625,-0.5685,-0.627,-1.563,0
05/22/2025 13:42:52.793,-0.25376,-0.725168,0.640988,-7.28,-39.865,-70.63,-0.612,-0.6345,-1.545,0
05/22/2025 13:42:52.813,-0.235704,-0.754692,0.669292,-5.845,-40.04,-70.315,-0.6435,-0.6255,-1.584,0
05/22/2025 13:42:52.833,-0.202032,-0.768112,0.695644,-5.915,-41.195,-68.25,-0.675,-0.6375,-1.5405,0
05/22/2025 13:42:52.853,-0.162748,-0.775432,0.706868,-6.37,-40.775,-66.045,-0.72,-0.6435,-1.5525,0
05/22/2025 13:42:52.873,-0.12688,-0.798856,0.692716,-2.345,-37.45,-62.825,-0.7335,-0.6465,-1.53,0
05/22/2025 13:42:52.893,-0.10614,-0.842532,0.702232,1.33,-36.4,-61.775,-0.834,-0.657,-1.5135,0
05/22/2025 13:42:52.913,-0.066124,-0.87108,0.674172,-0.665,-37.52,-60.13,-0.834,-0.657,-1.5135,0
05/22/2025 13:42:52.933,-0.0244,-0.887672,0.682956,-5.18,-38.36,-58.45,-0.864,-0.63,-1.515,0
05/22/2025 13:42:52.953,-0.013664,-0.903288,0.705892,-12.32,-38.5,-54.67,-0.885,-0.6405,-1.4925,0
05/22/2025 13:42:52.973,0.002928,-0.893528,0.740784,-21.525,-38.99,-49.49,-0.921,-0.663,-1.494,0
05/22/2025 13:42:52.993,0.023912,-0.927688,0.7015,-29.26,-39.235,-43.54,-0.9285,-0.6705,-1.494,0
05/22/2025 13:42:53.013,0.0305,-0.973804,0.672708,-32.795,-38.885,-37.345,-0.9735,-0.6735,-1.488,0
05/22/2025 13:42:53.033,0.055388,-0.976,0.650748,-27.475,-40.005,-31.22,-0.9975,-0.684,-1.4535,0
05/22/2025 13:42:53.053,0.044408,-0.926712,0.631472,-15.785,-38.045,-24.71,-1.0155,-0.669,-1.416,0
05/22/2025 13:42:53.073,0.053924,-0.863516,0.579012,-7.315,-38.255,-20.405,-1.056,-0.699,-1.4175,0
05/22/2025 13:42:53.093,0.056364,-0.767868,0.525088,-1.575,-38.85,-19.005,-1.056,-0.6765,-1.4025,0
05/22/2025 13:42:53.113,0.083204,-0.723216,0.534604,-4.865,-40.39,-18.025,-1.095,-0.699,-1.377,0
05/22/2025 13:42:53.133,0.154208,-0.670512,0.653676,-13.65,-39.655,-19.74,-1.092,-0.7065,-1.3725,0
05/22/2025 13:42:53.153,0.183244,-0.68808,0.762744,-42.735,-26.565,-27.615,-1.092,-0.7065,-1.3725,0
05/22/2025 13:42:53.173,0.211548,-0.838384,0.726144,-55.3,-18.55,-30.415,-1.194,-0.705,-1.3155,0
05/22/2025 13:42:53.193,0.187636,-0.922808,0.605364,-47.005,-13.195,-30.38,-1.1745,-0.705,-1.2885,0
05/22/2025 13:42:53.213,0.21228,-0.942572,0.563884,-30.59,-11.655,-26.915,-1.185,-0.7275,-1.2765,0
05/22/2025 13:42:53.233,0.218624,-0.811544,0.60634,-17.29,-12.495,-24.815,-1.1925,-0.69,-1.2765,0
05/22/2025 13:42:53.253,0.21106,-0.782996,0.670756,-13.37,-16.555,-25.55,-1.215,-0.7155,-1.2735,0
05/22/2025 13:42:53.273,0.212768,-0.808616,0.710772,-9.59,-20.755,-28.91,-1.2,-0.705,-1.254,0
05/22/2025 13:42:53.293,0.233752,-0.843508,0.650748,-12.18,-23.765,-29.575,-1.2435,-0.7305,-1.2435,0
05/22/2025 13:42:53.313,0.235704,-0.839848,0.632204,-7.525,-21.42,-28.07,-1.251,-0.72,-1.221,0
05/22/2025 13:42:53.333,0.257176,-0.741028,0.639036,-6.16,-17.43,-25.83,-1.257,-0.723,-1.2255,0
05/22/2025 13:42:53.353,0.267668,-0.86376,0.579256,-13.405,-11.305,-25.41,-1.275,-0.738,-1.2105,0
05/22/2025 13:42:53.373,0.302072,-0.854732,0.581696,-21.665,-4.725,-19.705,-1.2795,-0.7185,-1.203,0
05/22/2025 13:42:53.393,0.271572,-0.917196,0.48678,-29.365,2.205,-17.08,-1.2795,-0.7185,-1.203,0
05/22/2025 13:42:53.413,0.251564,-0.701988,0.568032,-41.79,12.53,-18.83,-1.2945,-0.7035,-1.2195,0
05/22/2025 13:42:53.433,0.211792,-0.656604,0.588284,-97.825,23.8,-23.695,-1.335,-0.7215,-1.2165,0
05/22/2025 13:42:53.453,0.226188,-0.777384,0.450424,-130.34,32.865,-29.61,-1.32,-0.699,-1.1895,0
05/22/2025 13:42:53.473,0.222284,-0.854244,0.418704,-112.455,42.35,-34.265,-1.335,-0.696,-1.167,0
05/22/2025 13:42:53.493,0.229604,-0.8845,0.395036,-85.26,48.265,-38.92,-1.335,-0.7065,-1.1715,0
05/22/2025 13:42:53.513,0.2562,-0.918172,0.371368,-74.76,49.42,-43.82,-1.323,-0.7155,-1.167,0
05/22/2025 13:42:53.533,0.310368,-0.931592,0.38918,-73.78,51.345,-41.16,-1.317,-0.6885,-1.179,0
05/22/2025 13:42:53.553,0.314272,-0.999912,0.367952,-77.315,53.9,-35.945,-1.3425,-0.684,-1.1595,0
05/22/2025 13:42:53.573,0.315004,-1.067988,0.339404,-65.8,51.835,-30.38,-1.332,-0.6585,-1.164,0
05/22/2025 13:42:53.593,0.322812,-1.040416,0.3233,-42.805,47.95,-23.975,-1.3485,-0.699,-1.149,0
05/22/2025 13:42:53.613,0.298412,-0.989908,0.293532,-27.965,42.42,-19.145,-1.3455,-0.726,-1.164,0
05/22/2025 13:42:53.633,0.279868,-0.977708,0.264252,-23.555,36.26,-19.53,-1.32,-0.7155,-1.182,0
05/22/2025 13:42:53.653,0.269864,-0.905484,0.267424,-23.625,30.59,-20.86,-1.338,-0.7185,-1.1865,0
05/22/2025 13:42:53.673,0.211792,-0.834236,0.289628,-27.58,29.05,-25.655,-1.3305,-0.741,-1.2015,0
05/22/2025 13:42:53.693,0.223992,-0.875472,0.264008,-32.34,23.975,-31.29,-1.3305,-0.741,-1.2015,0
05/22/2025 13:42:53.713,0.221552,-0.83448,0.264008,-38.185,21.63,-36.995,-1.344,-0.6915,-1.2165,0
05/22/2025 13:42:53.733,0.276452,-0.807884,0.235216,-40.775,19.355,-40.11,-1.3395,-0.681,-1.209,0
05/22/2025 13:42:53.753,0.332816,-0.868396,0.22692,-46.41,21.7,-40.39,-1.3695,-0.7245,-1.2285,0
05/22/2025 13:42:53.773,0.365512,-0.975756,0.209596,-53.34,22.435,-38.815,-1.365,-0.7245,-1.218,0
05/22/2025 13:42:53.793,0.387716,-0.989908,0.175924,-53.305,16.38,-37.275,-1.395,-0.735,-1.233,0
05/22/2025 13:42:53.813,0.399428,-1.002596,0.14274,-53.795,8.05,-33.635,-1.4235,-0.732,-1.212,0
05/22/2025 13:42:53.833,0.411384,-0.986248,0.112972,-53.13,1.015,-27.545,-1.413,-0.717,-1.2195,0
05/22/2025 13:42:53.853,0.424072,-0.94794,0.096136,-46.725,-2.555,-22.435,-1.4205,-0.7275,-1.203,0
05/22/2025 13:42:53.873,0.451888,-0.893772,0.063196,-42.035,-5.32,-18.76,-1.431,-0.702,-1.2,0
05/22/2025 13:42:53.893,0.46726,-0.912072,0.065148,-40.635,-4.69,-16.45,-1.446,-0.7005,-1.197,0
05/22/2025 13:42:53.913,0.454816,-0.877912,0.072956,-43.085,-4.62,-14.875,-1.461,-0.6975,-1.1895,0
05/22/2025 13:42:53.933,0.437492,-0.871324,0.058072,-47.075,-7.245,-14.805,-1.464,-0.723,-1.155,0
05/22/2025 13:42:53.953,0.456036,-0.827892,0.052948,-51.555,-11.235,-14.455,-1.464,-0.723,-1.155,0
05/22/2025 13:42:53.973,0.49166,-0.838628,0.034404,-59.43,-12.81,-9.73,-1.464,-0.723,-1.155,0
05/22/2025 13:42:53.993,0.485072,-0.914024,0.037088,-62.72,-11.83,-3.395,-1.4865,-0.69,-1.1445,0
05/22/2025 13:42:54.013,0.484096,-0.910364,0.037332,-62.72,-12.425,1.12,-1.485,-0.6855,-1.119,0
05/22/2025 13:42:54.033,0.47214,-0.920368,0.004148,-64.855,-13.895,2.625,-1.4985,-0.6705,-1.062,0
05/22/2025 13:42:54.053,0.463356,-0.910608,-0.035868,-68.88,-13.685,4.41,-1.5045,-0.6825,-1.0395,0
05/22/2025 13:42:54.073,0.434076,-0.935252,-0.053436,-71.295,-8.05,4.62,-1.5195,-0.645,-1.0215,0
05/22/2025 13:42:54.093,0.431392,-0.93086,-0.044408,-66.29,-1.68,0.315,-1.4865,-0.66,-1.0125,0
05/22/2025 13:42:54.113,0.415044,-0.94062,-0.054412,-58.485,6.965,-5.915,-1.5045,-0.6645,-0.9795,0
05/22/2025 13:42:54.133,0.41236,-0.961116,-0.05734,-51.73,11.655,-10.08,-1.518,-0.672,-0.9495,0
05/22/2025 13:42:54.153,0.427732,-0.927444,-0.096136,-46.06,12.145,-10.115,-1.5225,-0.63,-0.9495,0
05/22/2025 13:42:54.173,0.429684,-0.997716,-0.125904,-44.275,12.95,-7.84,-1.5075,-0.642,-0.957,0
05/22/2025 13:42:54.193,0.439688,-1.006744,-0.139568,-37.555,13.23,-5.005,-1.4925,-0.6345,-0.972,0
05/22/2025 13:42:54.213,0.439444,-0.980636,-0.118096,-29.995,10.92,-1.085,-1.527,-0.618,-0.972,0
05/22/2025 13:42:54.233,0.436028,-1.069208,-0.150304,-34.895,8.645,6.93,-1.527,-0.618,-0.972,0
05/22/2025 13:42:54.253,0.426268,-1.034316,-0.12322,-30.275,10.22,8.26,-1.512,-0.6,-0.9375,0
05/22/2025 13:42:54.273,0.438956,-0.935984,-0.119316,-16.94,12.88,7.84,-1.5105,-0.627,-0.9525,0
05/22/2025 13:42:54.293,0.470188,-0.86986,-0.109556,0.49,13.72,5.95,-1.5375,-0.6075,-0.9615,0
05/22/2025 13:42:54.313,0.493856,-0.90402,-0.141764,10.885,16.975,3.605,-1.5045,-0.612,-0.9675,0
05/22/2025 13:42:54.333,0.5002,-0.982832,-0.197884,16.17,21.7,1.4,-1.5045,-0.612,-0.9675,0
05/22/2025 13:42:54.353,0.491416,-1.10776,-0.163236,30.45,20.755,3.745,-1.5045,-0.6075,-0.9645,0
05/22/2025 13:42:54.373,0.457744,-1.031876,-0.13176,49.63,13.51,5.425,-1.5165,-0.603,-0.987,0
05/22/2025 13:42:54.393,0.40382,-0.910852,-0.088572,52.815,11.095,7.735,-1.5135,-0.57,-1.0065,0
05/22/2025 13:42:54.413,0.38796,-0.87596,-0.052704,56,10.71,4.76,-1.4835,-0.603,-1.0245,0
05/22/2025 13:42:54.433,0.384788,-0.835212,-0.033672,66.115,11.935,1.295,-1.4925,-0.5925,-1.0515,0
05/22/2025 13:42:54.453,0.451888,-1.045784,-0.107116,79.17,15.82,1.82,-1.4925,-0.618,-1.0665,0
05/22/2025 13:42:54.473,0.454328,-1.260016,-0.048556,135.31,26.39,5.46,-1.5,-0.63,-1.0785,0
05/22/2025 13:42:54.493,0.447252,-0.92964,0.044896,212.065,24.78,14.665,-1.467,-0.618,-1.107,0
05/22/2025 13:42:54.513,0.417972,-0.938912,0.153232,238,21.525,13.37,-1.4625,-0.681,-1.2465,0
05/22/2025 13:42:54.533,0.38674,-0.793488,0.267912,254.24,20.37,14.175,-1.437,-0.72,-1.2915,0
05/22/2025 13:42:54.553,0.395524,-0.953064,0.212524,282.065,20.23,15.645,-1.4385,-0.7905,-1.359,0
05/22/2025 13:42:54.573,0.415288,-0.832772,0.316224,321.335,21,20.37,-1.4355,-0.8685,-1.4535,0
05/22/2025 13:42:54.593,0.364292,-0.601948,0.460916,320.46,21.77,22.645,-1.41,-0.93,-1.524,0
05/22/2025 13:42:54.613,0.327692,-0.468236,0.540704,274.925,15.575,18.76,-1.395,-0.9855,-1.554,0
05/22/2025 13:42:54.633,0.334524,-0.42578,0.611464,222.25,8.05,11.69,-1.3875,-1.08,-1.6095,0
05/22/2025 13:42:54.653,0.393084,-0.515328,0.634644,194.985,4.62,7.07,-1.3875,-1.1175,-1.6215,0
05/22/2025 13:42:54.673,0.40382,-0.491904,0.754936,184.765,3.15,6.16,-1.3875,-1.2,-1.6395,0
05/22/2025 13:42:54.693,0.391376,-0.496296,0.80032,156.765,1.155,3.325,-1.4085,-1.2375,-1.6545,0
05/22/2025 13:42:54.713,0.399184,-0.494588,0.788852,144.41,-3.185,2.8,-1.386,-1.299,-1.677,0
05/22/2025 13:42:54.733,0.384056,-0.477508,0.783972,140.245,-4.025,4.76,-1.395,-1.3515,-1.6575,0
05/22/2025 13:42:54.753,0.336964,-0.319396,0.798612,126.595,-2.38,6.93,-1.404,-1.3845,-1.6875,0
05/22/2025 13:42:54.773,0.33916,-0.24766,0.799344,99.155,-4.865,5.145,-1.404,-1.3845,-1.6875,0
05/22/2025 13:42:54.793,0.376736,-0.284748,0.865956,88.515,-8.225,2.31,-1.3905,-1.4415,-1.6785,0
05/22/2025 13:42:54.813,0.38918,-0.17568,0.976244,75.11,-9.695,-0.175,-1.3935,-1.4715,-1.6755,0
05/22/2025 13:42:54.833,0.395768,-0.278892,0.922808,41.93,-11.865,-4.48,-1.3935,-1.476,-1.6605,0
05/22/2025 13:42:54.853,0.402112,-0.375272,0.866932,35.875,-15.33,-7.7,-1.4145,-1.5015,-1.653,0
05/22/2025 13:42:54.873,0.406748,-0.333792,0.91622,44.66,-15.82,-5.005,-1.4115,-1.521,-1.6455,0
05/22/2025 13:42:54.893,0.404308,-0.266204,0.8662,42.945,-14.21,-3.57,-1.4325,-1.536,-1.641,0
05/22/2025 13:42:54.913,0.377468,-0.171044,0.833748,33.145,-10.78,-2.485,-1.425,-1.566,-1.638,0
05/22/2025 13:42:54.933,0.382348,-0.121756,0.83936,15.785,-7.35,-4.06,-1.4205,-1.581,-1.6485,0
05/22/2025 13:42:54.953,0.424804,-0.195688,0.794708,2.555,-7.385,-6.475,-1.443,-1.5615,-1.641,0
05/22/2025 13:42:54.973,0.427488,-0.240584,0.833992,7.595,-7.875,-6.195,-1.425,-1.569,-1.6455,0
05/22/2025 13:42:54.993,0.443836,-0.21228,0.88572,14.84,-8.925,-4.55,-1.431,-1.596,-1.6335,0
05/22/2025 13:42:55.013,0.431148,-0.185684,0.91012,9.03,-8.26,-3.43,-1.4385,-1.611,-1.6335,0
05/22/2025 13:42:55.033,0.41968,-0.213744,0.903288,8.19,-8.75,-4.795,-1.4385,-1.611,-1.6335,0
05/22/2025 13:42:55.053,0.426024,-0.22936,0.89304,11.2,-8.575,-3.605,-1.446,-1.611,-1.6065,0
05/22/2025 13:42:55.073,0.409432,-0.225944,0.87352,12.6,-7.805,-2.24,-1.449,-1.6335,-1.6335,0
05/22/2025 13:42:55.093,0.416264,-0.200324,0.849852,11.725,-9.135,-3.64,-1.4445,-1.638,-1.6185,0
05/22/2025 13:42:55.113,0.416996,-0.20496,0.814716,9.065,-7.63,-1.505,-1.434,-1.6305,-1.5915,0
05/22/2025 13:42:55.133,0.436028,-0.240096,0.811788,7.105,-4.445,0.455,-1.449,-1.6215,-1.623,0
05/22/2025 13:42:55.153,0.435296,-0.24278,0.802272,5.32,-1.05,1.785,-1.422,-1.638,-1.5915,0
05/22/2025 13:42:55.173,0.439688,-0.236924,0.815936,3.815,-1.085,2.59,-1.4445,-1.626,-1.599,0
05/22/2025 13:42:55.193,0.439688,-0.215452,0.843996,0.77,-2.065,3.01,-1.434,-1.611,-1.6065,0
05/22/2025 13:42:55.213,0.427488,-0.183976,0.865468,-3.185,-2.52,3.5,-1.452,-1.638,-1.5915,0
05/22/2025 13:42:55.233,0.422608,-0.188368,0.882792,-8.47,-1.4,2.87,-1.4385,-1.611,-1.6065,0
05/22/2025 13:42:55.253,0.429928,-0.194956,0.8662,-13.65,-1.575,1.82,-1.4265,-1.611,-1.584,0
05/22/2025 13:42:55.273,0.434564,-0.232532,0.84424,-14.42,-0.42,1.015,-1.446,-1.611,-1.6185,0
05/22/2025 13:42:55.293,0.42822,-0.275232,0.813252,-8.715,0.525,2.415,-1.4535,-1.581,-1.6185,0
05/22/2025 13:42:55.313,0.448716,-0.282552,0.853512,-4.865,0.28,4.515,-1.4535,-1.581,-1.6185,0
05/22/2025 13:42:55.333,0.422852,-0.215208,0.892552,-6.685,-2.835,4.55,-1.467,-1.596,-1.6005,0
05/22/2025 13:42:55.353,0.476776,-0.072468,0.795196,-23.87,-9.625,1.575,-1.488,-1.584,-1.635,0
05/22/2025 13:42:55.373,0.471408,-0.202032,0.92232,-47.355,1.96,-0.07,-1.4565,-1.581,-1.608,0
05/22/2025 13:42:55.393,0.472628,-0.157136,0.824964,-62.51,-2.87,-3.815,-1.4805,-1.5495,-1.6125,0
05/22/2025 13:42:55.413,0.412848,-0.126636,0.80764,-91.665,-4.06,-8.505,-1.4865,-1.554,-1.602,0
05/22/2025 13:42:55.433,0.438468,-0.164212,0.776652,-134.96,-5.46,-10.535,-1.488,-1.5495,-1.617,0
05/22/2025 13:42:55.453,0.443836,-0.160308,0.783484,-173.565,-6.86,-9.17,-1.47,-1.5465,-1.6305,0
05/22/2025 13:42:55.473,0.473848,-0.12932,0.797148,-215.74,-9.065,-8.645,-1.503,-1.482,-1.6245,0
05/22/2025 13:42:55.493,0.4575,-0.11712,0.74664,-272.37,-10.395,-7.315,-1.482,-1.4325,-1.6095,0
05/22/2025 13:42:55.513,0.447252,-0.377712,0.490928,-314.23,-17.185,-10.99,-1.4505,-1.335,-1.5975,0
05/22/2025 13:42:55.533,0.459208,-0.713944,0.303048,-292.11,-32.2,-14.455,-1.473,-1.275,-1.599,0
05/22/2025 13:42:55.553,0.42944,-0.753472,0.453108,-237.895,-28.945,-2.765,-1.473,-1.185,-1.554,0
05/22/2025 13:42:55.573,0.410652,-0.493124,0.419924,-269.675,-28.945,2.415,-1.473,-1.185,-1.554,0
05/22/2025 13:42:55.593,0.416264,-0.674172,0.179828,-314.23,-35,-0.805,-1.5,-0.966,-1.431,0
05/22/2025 13:42:55.613,0.467748,-0.843508,0.022936,-327.495,-34.58,0.945,-1.536,-0.8985,-1.3695,0
05/22/2025 13:42:55.633,0.438224,-0.912316,-0.079788,-318.045,-20.965,3.465,-1.5435,-0.8235,-1.2855,0
05/22/2025 13:42:55.653,0.45262,-1.06018,-0.26962,-297.22,-20.44,3.115,-1.5345,-0.7785,-1.206,0
05/22/2025 13:42:55.673,0.52948,-1.534516,-0.268888,-250.18,-18.41,7.665,-1.548,-0.729,-1.1625,0
05/22/2025 13:42:55.693,0.411384,-1.398364,-0.296216,-159.565,-9.87,9.03,-1.539,-0.708,-1.089,0
05/22/2025 13:42:55.713,0.40626,-0.987712,-0.135908,-109.795,-15.435,13.44,-1.5615,-0.6585,-1.0485,0
05/22/2025 13:42:55.733,0.447008,-0.750056,-0.053436,-131.425,-15.68,17.36,-1.551,-0.663,-1.056,0
05/22/2025 13:42:55.753,0.4453,-0.978928,-0.131516,-131.46,-17.29,9.38,-1.5555,-0.648,-0.9765,0
05/22/2025 13:42:55.773,0.48068,-1.133868,-0.222528,-105.875,-17.885,7.875,-1.5555,-0.648,-0.9765,0
05/22/2025 13:42:55.793,0.53802,-1.098,-0.178364,-57.89,-11.97,7.21,-1.5675,-0.621,-0.954,0
05/22/2025 13:42:55.813,0.554124,-1.061156,-0.160552,-19.775,-4.62,3.92,-1.581,-0.621,-0.9135,0
05/22/2025 13:42:55.833,0.482632,-1.013332,-0.119072,36.925,5.425,-0.56,-1.5495,-0.6225,-0.8775,0
05/22/2025 13:42:55.853,0.54534,-0.9577,-0.13664,54.145,-1.015,3.955,-1.5885,-0.603,-0.9015,0
05/22/2025 13:42:55.873,0.506544,-0.920612,-0.127124,57.785,0.7,3.78,-1.5885,-0.603,-0.9255,0
05/22/2025 13:42:55.893,0.461648,-0.941108,-0.13664,53.34,0.84,1.995,-1.554,-0.6225,-0.912,0
05/22/2025 13:42:55.913,0.477508,-0.952332,-0.15006,50.33,-4.34,1.61,-1.581,-0.606,-0.936,0
05/22/2025 13:42:55.933,0.429928,-0.912804,-0.148596,44.415,-2.31,0.35,-1.56,-0.621,-0.951,0
05/22/2025 13:42:55.953,0.408456,-0.950868,-0.177144,34.79,-2.765,1.19,-1.5585,-0.675,-0.969,0
05/22/2025 13:42:55.973,0.416508,-0.945988,-0.174216,32.27,-4.235,2.8,-1.5525,-0.648,-0.966,0
05/22/2025 13:42:55.993,0.426512,-0.916708,-0.149572,36.19,-2.205,4.165,-1.5345,-0.6405,-0.987,0
05/22/2025 13:42:56.013,0.427,-0.888648,-0.119804,39.655,-0.28,4.725,-1.5225,-0.6555,-1.002,0
05/22/2025 13:42:56.033,0.438712,-0.856684,-0.083448,42.98,-1.19,3.605,-1.5345,-0.6405,-1.0185,0
05/22/2025 13:42:56.053,0.462624,-0.877668,-0.067588,46.83,-0.525,2.31,-1.5105,-0.6405,-1.0545,0
05/22/2025 13:42:56.073,0.482632,-0.869372,-0.04514,48.545,1.33,1.645,-1.539,-0.6285,-1.0455,0
05/22/2025 13:42:56.093,0.445544,-0.903532,-0.031476,43.68,6.02,1.61,-1.5285,-0.6405,-1.0635,0
05/22/2025 13:42:56.113,0.452132,-0.92964,-0.020252,44.03,5.39,1.015,-1.5285,-0.6405,-1.0635,0
05/22/2025 13:42:56.133,0.44286,-0.93452,-0.015616,47.215,5.075,1.085,-1.518,-0.678,-1.1115,0
05/22/2025 13:42:56.153,0.423584,-0.89426,-0.000488,46.48,4.865,2.1,-1.515,-0.6405,-1.116,0
05/22/2025 13:42:56.173,0.396988,-0.880352,0.018788,39.48,3.99,2.975,-1.533,-0.6555,-1.1085,0
05/22/2025 13:42:56.193,0.390888,-0.912316,0.02074,33.565,1.19,2.345,-1.5225,-0.651,-1.1355,0
05/22/2025 13:42:56.213,0.394792,-0.933056,0.0244,28.35,-1.505,2.275,-1.4895,-0.6705,-1.1565,0
05/22/2025 13:42:56.233,0.407968,-0.91744,0.041968,27.16,-2.8,1.05,-1.494,-0.648,-1.146,0
05/22/2025 13:42:56.253,0.402112,-0.89792,0.061732,22.82,-3.395,0.315,-1.5315,-0.636,-1.1475,0
05/22/2025 13:42:56.273,0.413824,-0.857416,0.02684,18.515,-5.915,-0.42,-1.5165,-0.6405,-1.1535,0
05/22/2025 13:42:56.293,0.444812,-0.898652,0.0366,15.925,-2.24,1.925,-1.5195,-0.6705,-1.158,0
05/22/2025 13:42:56.313,0.458232,-0.939888,0.054656,16.87,2.03,3.15,-1.5195,-0.666,-1.1535,0
05/22/2025 13:42:56.333,0.446764,-0.8845,0.073444,19.6,2.03,1.365,-1.5045,-0.666,-1.1535,0
05/22/2025 13:42:56.353,0.432612,-0.86376,0.079788,15.295,1.435,1.54,-1.509,-0.678,-1.146,0
05/22/2025 13:42:56.373,0.4392,-0.853756,0.066124,12.25,-1.26,0.385,-1.509,-0.678,-1.146,0
05/22/2025 13:42:56.393,0.442616,-0.862052,0.06588,11.83,-0.14,-0.385,-1.509,-0.678,-1.146,0
05/22/2025 13:42:56.413,0.453596,-0.9028,0.107116,11.48,2.415,-1.4,-1.5195,-0.6705,-1.1505,0
05/22/2025 13:42:56.433,0.447496,-0.902556,0.136884,10.395,3.045,-1.75,-1.5195,-0.678,-1.1685,0
05/22/2025 13:42:56.453,0.436028,-0.889136,0.135176,6.965,1.96,-1.715,-1.5045,-0.708,-1.176,0
05/22/2025 13:42:56.473,0.427244,-0.887672,0.104676,4.795,0.665,-2.555,-1.4865,-0.6975,-1.161,0
05/22/2025 13:42:56.493,0.414068,-0.885476,0.084912,5.53,1.785,-3.535,-1.494,-0.711,-1.179,0
05/22/2025 13:42:56.513,0.422852,-0.915732,0.096868,8.68,1.715,-4.655,-1.4535,-0.6855,-1.182,0
05/22/2025 13:42:56.533,0.447008,-0.945988,0.117852,12.775,1.05,-3.815,-1.4835,-0.7005,-1.179,0
05/22/2025 13:42:56.553,0.437736,-0.927688,0.129808,13.79,1.05,-2.485,-1.497,-0.7005,-1.179,0
05/22/2025 13:42:56.573,0.43066,-0.892796,0.145912,12.74,1.715,-2.555,-1.479,-0.705,-1.191,0
05/22/2025 13:42:56.593,0.426512,-0.87962,0.155184,8.715,1.68,-1.89,-1.491,-0.696,-1.2015,0
05/22/2025 13:42:56.613,0.407968,-0.88328,0.148596,4.585,1.19,-1.785,-1.4985,-0.7185,-1.1985,0
05/22/2025 13:42:56.633,0.447008,-0.8601,0.13542,2.625,0,-3.92,-1.506,-0.681,-1.191,0
05/22/2025 13:42:56.653,0.44286,-0.856196,0.146888,5.355,1.61,-6.055,-1.506,-0.681,-1.191,0
05/22/2025 13:42:56.673,0.437736,-0.845216,0.154452,9.905,5.215,-8.365,-1.527,-0.6915,-1.188,0
05/22/2025 13:42:56.693,0.453352,-0.859856,0.13664,7.98,5.775,-8.96,-1.521,-0.699,-1.2075,0
05/22/2025 13:42:56.713,0.46726,-0.875228,0.11834,3.045,6.09,-8.295,-1.521,-0.699,-1.2075,0
05/22/2025 13:42:56.733,0.488976,-0.87596,0.105164,-0.805,6.79,-7.35,-1.5285,-0.714,-1.215,0
05/22/2025 13:42:56.753,0.456768,-0.837408,0.12322,0.14,10.64,-7,-1.533,-0.699,-1.2255,0
05/22/2025 13:42:56.773,0.433344,-0.830088,0.126148,-5.005,11.55,-7.175,-1.512,-0.723,-1.203,0
05/22/2025 13:42:56.793,0.445788,-0.826428,0.127124,-15.155,10.185,-6.755,-1.4985,-0.7335,-1.221,0
05/22/2025 13:42:56.813,0.445788,-0.829356,0.121268,-28.245,10.325,-6.02,-1.4865,-0.7425,-1.1985,0
05/22/2025 13:42:56.833,0.456768,-0.839848,0.111508,-39.83,10.22,-5.985,-1.506,-0.738,-1.2105,0
05/22/2025 13:42:56.853,0.450668,-0.89182,0.054168,-47.04,10.08,-6.02,-1.512,-0.723,-1.1955,0
05/22/2025 13:42:56.873,0.487024,-0.9638,0.033672,-45.535,9.345,-5.39,-1.515,-0.738,-1.1835,0
05/22/2025 13:42:56.893,0.489708,-1.023824,0.060756,-38.745,11.48,-1.68,-1.5165,-0.726,-1.191,0
05/22/2025 13:42:56.913,0.46848,-0.978684,0.09272,-24.29,9.52,-0.28,-1.5165,-0.726,-1.191,0
05/22/2025 13:42:56.933,0.427976,-0.935984,0.106872,-16.31,7.735,-0.455,-1.464,-0.708,-1.167,0
05/22/2025 13:42:56.953,0.425048,-0.923296,0.105896,-7.77,4.935,-1.47,-1.482,-0.708,-1.176,0
05/22/2025 13:42:56.973,0.441396,-0.912316,0.07905599,2.625,3.255,-3.185,-1.4565,-0.72,-1.1865,0
05/22/2025 13:42:56.993,0.453108,-0.9211,0.085644,13.23,4.585,-3.22,-1.482,-0.7155,-1.179,0
05/22/2025 13:42:57.013,0.446032,-0.95526,0.167872,24.535,8.155,-0.525,-1.479,-0.7005,-1.1745,0
05/22/2025 13:42:57.033,0.454328,-0.930372,0.154208,28.98,3.675,0.175,-1.4835,-0.7155,-1.206,0
05/22/2025 13:42:57.053,0.438224,-0.893772,0.12444,30.975,1.855,-0.84,-1.4715,-0.7455,-1.212,0
05/22/2025 13:42:57.073,0.443348,-0.887428,0.103212,31.08,-1.785,-0.105,-1.494,-0.7305,-1.2255,0
05/22/2025 13:42:57.093,0.457012,-0.838384,0.13664,35.945,-5.075,0.49,-1.476,-0.7155,-1.2285,0
05/22/2025 13:42:57.113,0.465064,-0.843508,0.179828,28.63,-4.97,4.725,-1.4805,-0.7335,-1.2435,0
05/22/2025 13:42:57.133,0.46482,-0.833992,0.172996,19.88,-7.175,6.125,-1.458,-0.7155,-1.2315,0
05/22/2025 13:42:57.153,0.484096,-0.774456,0.135176,14.315,-9.66,5.215,-1.473,-0.753,-1.254,0
05/22/2025 13:42:57.173,0.531432,-0.725168,0.139812,18.27,-8.54,1.89,-1.473,-0.753,-1.254,0
05/22/2025 13:42:57.193,0.492148,-0.76372,0.142252,20.72,-3.08,-2.135,-1.473,-0.753,-1.254,0
05/22/2025 13:42:57.213,0.494344,-0.8174,0.12078,11.165,-8.19,-2.66,-1.4685,-0.753,-1.2435,0
05/22/2025 13:42:57.233,0.471408,-0.837164,0.122488,-0.385,-9.1,-1.54,-1.488,-0.7455,-1.239,0
05/22/2025 13:42:57.253,0.488488,-0.866688,0.154696,-6.86,-11.06,-1.05,-1.5015,-0.7635,-1.251,0
05/22/2025 13:42:57.273,0.5002,-0.881572,0.13054,-12.95,-10.955,-0.42,-1.479,-0.7605,-1.2285,0
05/22/2025 13:42:57.293,0.486536,-0.87108,0.112972,-21.945,-11.06,1.295,-1.4985,-0.756,-1.2315,0
05/22/2025 13:42:57.313,0.492148,-0.831064,0.077836,-27.545,-12.04,1.4,-1.4835,-0.7605,-1.239,0
05/22/2025 13:42:57.333,0.506788,-0.820084,0.110776,-32.83,-11.62,2.065,-1.479,-0.753,-1.209,0
05/22/2025 13:42:57.353,0.512888,-0.842776,0.13298,-42.525,-11.165,4.13,-1.497,-0.7725,-1.206,0
05/22/2025 13:42:57.373,0.516792,-0.854,0.127368,-47.075,-10.465,5.285,-1.4775,-0.768,-1.182,0
05/22/2025 13:42:57.393,0.528016,-0.832772,0.132736,-47.285,-7.56,5.18,-1.482,-0.753,-1.1865,0
05/22/2025 13:42:57.413,0.523868,-0.76372,0.125172,-49.42,-1.645,3.78,-1.47,-0.738,-1.167,0
05/22/2025 13:42:57.433,0.5368,-0.79666,0.106628,-53.69,3.78,2.03,-1.4775,-0.723,-1.1415,0
05/22/2025 13:42:57.453,0.544608,-0.796172,0.05734,-55.335,6.86,-0.105,-1.4775,-0.723,-1.1415,0
05/22/2025 13:42:57.473,0.52582,-0.853512,0.007076,-49.63,9.31,-3.185,-1.4805,-0.7305,-1.125,0
05/22/2025 13:42:57.493,0.52338,-0.887184,-0.0427,-29.855,7.455,-7.07,-1.4985,-0.738,-1.1115,0
05/22/2025 13:42:57.513,0.52948,-0.869128,-0.053924,-4.9,5.565,-11.935,-1.473,-0.735,-1.122,0
05/22/2025 13:42:57.533,0.532164,-0.870836,-0.077348,14.42,2.03,-16.135,-1.4805,-0.7245,-1.1025,0
05/22/2025 13:42:57.553,0.51728,-0.834236,-0.060756,33.81,-4.27,-20.615,-1.473,-0.72,-1.1175,0
05/22/2025 13:42:57.573,0.510692,-0.876448,-0.049776,54.6,-14.035,-24.185,-1.473,-0.7725,-1.1145,0
05/22/2025 13:42:57.593,0.500688,-0.889136,-0.038552,80.15,-27.475,-27.44,-1.458,-0.7695,-1.113,0
05/22/2025 13:42:57.613,0.519964,-0.871568,-0.000488,96.88,-40.425,-27.79,-1.4805,-0.807,-1.137,0
05/22/2025 13:42:57.633,0.52216,-0.839604,0.055388,100.59,-47.25,-26.565,-1.5,-0.8475,-1.107,0
05/22/2025 13:42:57.653,0.527284,-0.801052,0.104432,93.45,-51.66,-25.095,-1.533,-0.8595,-1.0995,0
05/22/2025 13:42:57.673,0.545828,-0.771284,0.135176,76.545,-53.515,-23.905,-1.5255,-0.9195,-1.107,0
05/22/2025 13:42:57.693,0.539972,-0.757864,0.11834,56.175,-51.275,-24.15,-1.557,-0.945,-1.0845,0
05/22/2025 13:42:57.713,0.5734,-0.78934,0.059292,36.295,-43.05,-25.865,-1.557,-0.945,-1.0845,0
05/22/2025 13:42:57.733,0.59658,-0.788364,0.065392,33.565,-29.225,-27.895,-1.557,-0.945,-1.0845,0
05/22/2025 13:42:57.753,0.61976,-0.827404,0.116144,31.395,-14.21,-29.33,-1.5585,-1.017,-1.02,0
05/22/2025 13:42:57.773,0.63196,-0.92232,0.19032,26.635,-2.31,-25.69,-1.557,-1.032,-1.0125,0
05/22/2025 13:42:57.793,0.62098,-0.749812,0.32086,17.395,-1.61,-25.2,-1.5645,-1.0545,-1.0035,0
05/22/2025 13:42:57.813,0.591944,-0.798368,0.27938,-3.115,-1.155,-27.895,-1.536,-1.1055,-0.969,0
05/22/2025 13:42:57.833,0.587064,-0.776896,0.175436,-17.01,-6.65,-26.88,-1.5405,-1.1085,-0.984,0
05/22/2025 13:42:57.853,0.573888,-0.784948,0.119072,-16.485,-5.355,-25.865,-1.5255,-1.1055,-0.984,0
05/22/2025 13:42:57.873,0.565836,-0.824476,0.128832,-15.19,1.295,-24.675,-1.53,-1.1235,-0.9945,0
05/22/2025 13:42:57.893,0.573888,-0.851072,0.161284,-14.84,3.885,-24.465,-1.536,-1.1355,-0.984,0
05/22/2025 13:42:57.913,0.585112,-0.868152,0.1403,-11.06,3.85,-25.83,-1.5435,-1.1535,-0.987,0
05/22/2025 13:42:57.933,0.587552,-0.881084,0.083204,-3.15,-0.385,-27.755,-1.509,-1.1775,-0.972,0
05/22/2025 13:42:57.953,0.61244,-0.891088,0.021716,5.215,-2.765,-28.49,-1.503,-1.1775,-0.99,0
05/22/2025 13:42:57.973,0.595116,-0.884988,0.02196,8.54,-2.765,-28.7,-1.5165,-1.1925,-0.9645,0
05/22/2025 13:42:57.993,0.570228,-0.892552,0.044408,-0.56,-7.07,-27.86,-1.5165,-1.1925,-0.9645,0
05/22/2025 13:42:58.013,0.537044,-0.90524,0.021716,-5.74,-16.345,-28.385,-1.491,-1.2195,-0.9825,0
05/22/2025 13:42:58.033,0.538996,-0.90036,0.005612,0.28,-26.705,-28.175,-1.494,-1.2075,-0.9675,0
05/22/2025 13:42:58.053,0.534604,-0.916708,-0.014884,9.03,-31.29,-27.16,-1.5075,-1.2495,-0.936,0
05/22/2025 13:42:58.073,0.559492,-0.976976,-0.050264,20.755,-34.44,-25.2,-1.5135,-1.275,-0.9135,0
05/22/2025 13:42:58.093,0.579012,-0.987468,0.04026,35,-32.83,-23.345,-1.5255,-1.275,-0.921,0
05/22/2025 13:42:58.113,0.62098,-0.995276,0.052704,39.585,-38.395,-21.035,-1.524,-1.305,-0.903,0
05/22/2025 13:42:58.133,0.666608,-0.944768,0.06734399,45.185,-46.34,-14.98,-1.53,-1.3095,-0.888,0
05/22/2025 13:42:58.153,0.680516,-0.93452,0.077104,45.185,-46.62,-5.285,-1.53,-1.3095,-0.888,0
05/22/2025 13:42:58.173,0.69906,-0.924028,0.131516,41.09,-44.205,5.25,-1.551,-1.3245,-0.843,0
05/22/2025 13:42:58.193,0.691496,-0.907436,0.160308,32.375,-37.31,14.21,-1.551,-1.314,-0.828,0
05/22/2025 13:42:58.213,0.697352,-0.877424,0.146156,21.21,-32.025,22.225,-1.524,-1.326,-0.7995,0
05/22/2025 13:42:58.233,0.66612,-0.853512,0.116388,12.635,-22.33,28.49,-1.542,-1.317,-0.7785,0
05/22/2025 13:42:58.253,0.62952,-0.842288,0.116388,7.21,-7.98,37.1,-1.5345,-1.3095,-0.7815,0
05/22/2025 13:42:58.273,0.60756,-0.84546,0.126392,8.365,-0.98,41.685,-1.5315,-1.299,-0.7515,0
05/22/2025 13:42:58.293,0.59658,-0.841556,0.131516,14.105,2.73,45.22,-1.506,-1.266,-0.7545,0
05/22/2025 13:42:58.313,0.573888,-0.810568,0.15494,18.48,3.36,48.79,-1.518,-1.2465,-0.762,0
05/22/2025 13:42:58.333,0.555832,-0.83204,0.106872,19.04,-0.56,50.68,-1.4985,-1.2315,-0.762,0
05/22/2025 13:42:58.353,0.55022,-0.848144,0.122244,22.715,-4.025,52.71,-1.4955,-1.1985,-0.7665,0
05/22/2025 13:42:58.373,0.53924,-0.87962,0.122244,29.925,-6.125,55.58,-1.5015,-1.1715,-0.789,0
05/22/2025 13:42:58.393,0.53436,-0.874496,0.14396,42.35,-10.99,56.91,-1.5195,-1.1445,-0.774,0
05/22/2025 13:42:58.413,0.51972,-0.887672,0.189588,53.34,-16.485,57.225,-1.509,-1.1145,-0.774,0
05/22/2025 13:42:58.433,0.514352,-0.869372,0.172996,59.815,-24.255,58.275,-1.4985,-1.104,-0.774,0
05/22/2025 13:42:58.453,0.505568,-0.847412,0.181536,68.075,-31.57,56.21,-1.4955,-1.047,-0.7785,0
05/22/2025 13:42:58.473,0.521672,-0.835212,0.184952,70,-37.73,55.965,-1.488,-1.0125,-0.756,0
05/22/2025 13:42:58.493,0.546316,-0.79422,0.242048,65.555,-36.96,56.42,-1.488,-0.9975,-0.744,0
05/22/2025 13:42:58.513,0.516548,-0.820816,0.253516,47.915,-27.23,56.735,-1.4805,-0.975,-0.7515,0
05/22/2025 13:42:58.533,0.479216,-0.845216,0.247172,47.145,-25.41,54.285,-1.4805,-0.975,-0.7515,0
05/22/2025 13:42:58.553,0.520208,-0.79056,0.228628,49.595,-25.445,52.22,-1.4715,-0.8775,-0.753,0
05/22/2025 13:42:58.573,0.513376,-0.810812,0.184952,45.745,-19.74,52.5,-1.4685,-0.8625,-0.7455,0
05/22/2025 13:42:58.593,0.520208,-0.812032,0.257664,46.935,-14.98,56.805,-1.446,-0.8295,-0.729,0
05/22/2025 13:42:58.613,0.516548,-0.806664,0.29768,49.385,-9.765,61.985,-1.4595,-0.8175,-0.7035,0
05/22/2025 13:42:58.633,0.502396,-0.835456,0.319884,43.68,-1.085,60.83,-1.4145,-0.7575,-0.7365,0
05/22/2025 13:42:58.653,0.48068,-0.842776,0.355996,35.14,4.515,56.315,-1.4295,-0.7275,-0.753,0
05/22/2025 13:42:58.673,0.469456,-0.845704,0.321104,32.515,8.015,51.275,-1.4145,-0.7125,-0.7485,0
05/22/2025 13:42:58.693,0.47824,-0.822036,0.330132,36.75,10.64,46.935,-1.3965,-0.717,-0.744,0
05/22/2025 13:42:58.713,0.468724,-0.787876,0.32696,37.835,15.855,44.415,-1.383,-0.6975,-0.7785,0
05/22/2025 13:42:58.733,0.43676,-0.787144,0.338916,35.175,19.25,42.7,-1.3905,-0.6975,-0.7965,0
05/22/2025 13:42:58.753,0.42334,-0.812764,0.396256,24.955,17.78,43.435,-1.362,-0.66,-0.8115,0
05/22/2025 13:42:58.773,0.391376,-0.88938,0.365512,15.295,13.02,41.44,-1.329,-0.642,-0.819,0
05/22/2025 13:42:58.793,0.311832,-0.896944,0.315736,29.12,5.04,37.73,-1.329,-0.642,-0.819,0
05/22/2025 13:42:58.813,0.286944,-0.842776,0.323056,39.025,-2.345,35.945,-1.329,-0.642,-0.819,0
05/22/2025 13:42:58.833,0.240828,-0.78568,0.34526,40.11,-7.595,36.26,-1.2975,-0.6,-0.864,0
05/22/2025 13:42:58.853,0.220088,-0.809104,0.348432,28.595,-15.89,37.24,-1.2885,-0.555,-0.879,0
05/22/2025 13:42:58.873,0.189344,-0.842776,0.337452,17.43,-22.505,37.695,-1.2855,-0.5625,-0.9015,0
05/22/2025 13:42:58.893,0.172264,-0.85156,0.337452,12.46,-28.805,37.1,-1.2555,-0.564,-0.9045,0
05/22/2025 13:42:58.913,0.142496,-0.860832,0.350872,9.275,-31.92,36.225,-1.2375,-0.507,-0.8895,0
05/22/2025 13:42:58.933,0.127124,-0.861808,0.345992,7.91,-35.245,35.07,-1.2525,-0.5145,-0.897,0
05/22/2025 13:42:58.953,0.121756,-0.864736,0.3294,6.02,-36.47,35,-1.23,-0.489,-0.885,0
05/22/2025 13:42:58.973,0.122488,-0.881572,0.355752,4.655,-36.505,36.54,-1.2045,-0.462,-0.87,0
05/22/2025 13:42:58.993,0.125416,-0.889868,0.34648,4.445,-38.08,37.415,-1.2015,-0.4395,-0.8625,0
05/22/2025 13:42:59.013,0.11468,-0.88816,0.325984,4.655,-41.055,38.22,-1.1775,-0.441,-0.8355,0
05/22/2025 13:42:59.033,0.140788,-0.87718,0.320128,2.87,-44.59,38.22,-1.1715,-0.4035,-0.828,0
05/22/2025 13:42:59.053,0.187636,-0.914512,0.330864,2.1,-48.615,37.835,-1.1565,-0.396,-0.819,0
05/22/2025 13:42:59.073,0.231068,-0.909876,0.353556,3.535,-49.875,37.415,-1.14,-0.366,-0.7845,0
05/22/2025 13:42:59.093,0.241316,-0.926712,0.355996,2.905,-49.7,37.275,-1.0995,-0.36,-0.7725,0
05/22/2025 13:42:59.113,0.238876,-0.927932,0.349896,3.395,-49.56,36.82,-1.0995,-0.36,-0.7725,0
05/22/2025 13:42:59.133,0.245952,-0.941352,0.345992,2.135,-50.75,36.015,-1.11,-0.3375,-0.7545,0
05/22/2025 13:42:59.153,0.267912,-0.943792,0.365024,1.75,-51.835,35.14,-1.062,-0.3345,-0.7305,0
05/22/2025 13:42:59.173,0.263032,-0.949892,0.399916,2.31,-51.59,34.405,-1.0215,-0.3195,-0.717,0
05/22/2025 13:42:59.193,0.262544,-0.95404,0.385764,3.99,-52.675,33.285,-1.0425,-0.3495,-0.687,0
05/22/2025 13:42:59.213,0.246928,-0.930616,0.376492,7.42,-50.575,32.48,-1.0095,-0.3135,-0.687,0
05/22/2025 13:42:59.233,0.25742,-0.947452,0.3599,11.48,-50.645,30.345,-0.99,-0.3405,-0.6675,0
05/22/2025 13:42:59.253,0.255224,-0.798612,0.421144,18.27,-46.375,26.11,-1.0005,-0.3135,-0.657,0
05/22/2025 13:42:59.273,0.260836,-0.794464,0.469944,9.415,-41.72,22.015,-0.99,-0.2865,-0.645,0
05/22/2025 13:42:59.293,0.25864,-0.846192,0.464576,-0.035,-38.71,18.795,-0.9615,-0.288,-0.663,0
05/22/2025 13:42:59.313,0.240828,-0.878888,0.40626,-0.63,-37.66,14.735,-0.954,-0.2805,-0.675,0
05/22/2025 13:42:59.333,0.233996,-0.894016,0.364048,5.18,-37.415,13.125,-0.954,-0.2805,-0.675,0
05/22/2025 13:42:59.353,0.2257,-0.893284,0.356728,5.39,-38.36,12.6,-0.9,-0.2925,-0.6165,0
05/22/2025 13:42:59.373,0.206424,-0.890356,0.343796,2.73,-39.375,10.675,-0.8895,-0.27,-0.615,0
05/22/2025 13:42:59.393,0.205448,-0.895968,0.3355,-0.07,-39.935,8.12,-0.879,-0.237,-0.615,0
05/22/2025 13:42:59.413,0.20374,-0.912804,0.3294,-3.29,-39.69,5.565,-0.882,-0.2325,-0.6045,0
05/22/2025 13:42:59.433,0.201788,-0.927688,0.319152,-5.67,-38.045,3.99,-0.867,-0.2145,-0.582,0
05/22/2025 13:42:59.453,0.209352,-0.914268,0.308416,-3.43,-35.84,3.535,-0.852,-0.2145,-0.5625,0
05/22/2025 13:42:59.473,0.2135,-0.897432,0.326472,1.96,-31.255,4.69,-0.8625,-0.2445,-0.588,0
05/22/2025 13:42:59.493,0.210572,-0.88938,0.337452,3.29,-27.23,5.145,-0.8595,-0.204,-0.558,0
05/22/2025 13:42:59.513,0.208132,-0.892308,0.339648,4.13,-23.52,3.395,-0.837,-0.222,-0.558,0
05/22/2025 13:42:59.533,0.216672,-0.900116,0.33672,4.69,-20.09,1.015,-0.8445,-0.222,-0.561,0
05/22/2025 13:42:59.553,0.227408,-0.92842,0.313784,3.115,-16.87,-0.14,-0.855,-0.2415,-0.5355,0
05/22/2025 13:42:59.573,0.24278,-0.93208,0.295728,2.03,-12.285,-0.035,-0.8295,-0.2115,-0.543,0
05/22/2025 13:42:59.593,0.20984,-0.939644,0.273036,2.485,-5.46,0.945,-0.8325,-0.204,-0.5355,0
05/22/2025 13:42:59.613,0.216184,-0.925004,0.2684,0.63,-3.71,0.84,-0.84,-0.231,-0.543,0
05/22/2025 13:42:59.633,0.207156,-0.94306,0.271572,-2.59,-2.625,-0.525,-0.8475,-0.2115,-0.513,0
05/22/2025 13:42:59.653,0.210084,-0.93574,0.29768,-4.48,-2.275,-1.33,-0.861,-0.2595,-0.5355,0
05/22/2025 13:42:59.673,0.21106,-0.926712,0.315248,-6.685,-2.66,-0.805,-0.861,-0.2295,-0.5205,0
05/22/2025 13:42:59.693,0.206424,-0.89792,0.336232,-7.175,-2.1,0.63,-0.858,-0.237,-0.528,0
05/22/2025 13:42:59.713,0.200568,-0.931592,0.362828,-8.19,-0.35,1.365,-0.861,-0.249,-0.498,0
05/22/2025 13:42:59.733,0.202764,-0.948428,0.365512,-8.19,-1.855,1.19,-0.8385,-0.2685,-0.5085,0
05/22/2025 13:42:59.753,0.193736,-0.949892,0.373808,-5.88,-1.75,0.49,-0.8325,-0.2235,-0.519,0
05/22/2025 13:42:59.773,0.185196,-0.955504,0.382836,-4.515,-2.1,0.56,-0.858,-0.261,-0.5235,0
05/22/2025 13:42:59.793,0.193248,-0.95892,0.357948,-2.38,-3.22,0.28,-0.846,-0.246,-0.5115,0
05/22/2025 13:42:59.813,0.182512,-0.95648,0.351848,1.505,-2.065,1.225,-0.831,-0.2565,-0.5085,0
05/22/2025 13:42:59.833,0.182512,-0.949892,0.361608,5.985,-2.31,2.835,-0.843,-0.261,-0.516,0
05/22/2025 13:42:59.853,0.179096,-0.940376,0.366244,4.55,-4.69,3.78,-0.846,-0.2265,-0.513,0
05/22/2025 13:42:59.873,0.1769,-0.961848,0.353556,2.625,-4.76,3.045,-0.846,-0.2265,-0.513,0
05/22/2025 13:42:59.893,0.1708,-0.959652,0.350872,4.375,-4.27,2.45,-0.8655,-0.2265,-0.525,0
05/22/2025 13:42:59.913,0.16958,-0.953064,0.333548,6.02,-3.99,2.205,-0.8205,-0.2385,-0.519,0
05/22/2025 13:42:59.933,0.171532,-0.940132,0.332816,6.93,-3.465,2.625,-0.84,-0.234,-0.5355,0
05/22/2025 13:42:59.953,0.182512,-0.931348,0.331108,5.74,-2.87,2.94,-0.8205,-0.2385,-0.534,0
05/22/2025 13:42:59.973,0.183488,-0.9394,0.331108,5.39,-1.575,2.66,-0.813,-0.231,-0.519,0
05/22/2025 13:42:59.993,0.19032,-0.928664,0.323788,5.425,-0.525,2.45,-0.8175,-0.234,-0.519,0
05/22/2025 13:43:00.013,0.192272,-0.927932,0.314516,4.83,0.805,2.24,-0.84,-0.261,-0.546,0
05/22/2025 13:43:00.033,0.19154,-0.928176,0.31354,4.375,1.54,1.715,-0.84,-0.1995,-0.5355,0
05/22/2025 13:43:00.053,0.193736,-0.917684,0.306952,4.165,2.17,0.665,-0.8355,-0.246,-0.5385,0
05/22/2025 13:43:00.073,0.181048,-0.919636,0.31964,3.045,3.045,1.225,-0.8205,-0.231,-0.531,0
05/22/2025 13:43:00.093,0.179096,-0.925248,0.322568,-0.245,3.01,1.4,-0.8355,-0.261,-0.558,0
05/22/2025 13:43:00.113,0.17324,-0.9211,0.32574,-1.785,3.22,1.225,-0.858,-0.249,-0.5625,0
05/22/2025 13:43:00.133,0.160552,-0.921832,0.325008,-3.045,3.815,0.35,-0.858,-0.249,-0.5625,0
05/22/2025 13:43:00.153,0.155916,-0.933788,0.316468,-1.05,3.885,-0.245,-0.858,-0.249,-0.5625,0
05/22/2025 13:43:00.173,0.15006,-0.924028,0.322324,1.575,4.55,-0.07,-0.855,-0.2595,-0.5655,0
05/22/2025 13:43:00.193,0.146644,-0.933056,0.329888,2.24,4.865,0.35,-0.8505,-0.252,-0.561,0
05/22/2025 13:43:00.213,0.148352,-0.926468,0.343308,1.365,4.165,0.875,-0.8325,-0.264,-0.5535,0
05/22/2025 13:43:00.233,0.146888,-0.932812,0.341356,0.525,4.095,1.015,-0.858,-0.2595,-0.561,0
05/22/2025 13:43:00.253,0.142008,-0.93086,0.332572,-0.035,3.885,1.19,-0.8775,-0.249,-0.558,0
05/22/2025 13:43:00.273,0.143472,-0.923052,0.326716,0.735,3.605,0.98,-0.87,-0.2745,-0.585,0
05/22/2025 13:43:00.293,0.155428,-0.91134,0.333548,1.47,2.52,0.875,-0.8805,-0.264,-0.5655,0
05/22/2025 13:43:00.313,0.166408,-0.92354,0.355996,0.665,2.59,1.015,-0.855,-0.2745,-0.573,0
05/22/2025 13:43:00.333,0.172508,-0.931592,0.353312,-0.455,2.485,0.98,-0.84,-0.252,-0.573,0
05/22/2025 13:43:00.353,0.175924,-0.919392,0.359412,-0.525,3.08,0.91,-0.849,-0.2415,-0.603,0
05/22/2025 13:43:00.373,0.181536,-0.921588,0.363072,-0.315,3.255,0.665,-0.8415,-0.2295,-0.5835,0
05/22/2025 13:43:00.393,0.186416,-0.922076,0.360144,0.21,3.045,-0.735,-0.837,-0.264,-0.5805,0
05/22/2025 13:43:00.413,0.185928,-0.907436,0.35502,-0.07,3.29,-1.54,-0.837,-0.264,-0.5805,0
05/22/2025 13:43:00.433,0.192516,-0.918416,0.348432,-0.735,3.255,-2.205,-0.8325,-0.279,-0.5685,0
05/22/2025 13:43:00.453,0.18056,-0.895968,0.34526,-0.91,3.57,-2.415,-0.8475,-0.267,-0.573,0
05/22/2025 13:43:00.473,0.171776,-0.894992,0.345504,-1.925,3.78,-2.625,-0.8325,-0.2835,-0.5955,0
05/22/2025 13:43:00.493,0.1708,-0.893772,0.343796,-3.745,2.975,-3.395,-0.8475,-0.2595,-0.5685,0
05/22/2025 13:43:00.513,0.165432,-0.910852,0.335988,-3.15,3.605,-4.585,-0.8595,-0.2265,-0.5655,0
05/22/2025 13:43:00.533,0.17934,-0.913048,0.341112,-1.295,3.745,-5.495,-0.8625,-0.2715,-0.5655,0
05/22/2025 13:43:00.553,0.173484,-0.9272,0.33916,-1.61,4.41,-5.985,-0.8625,-0.2715,-0.5655,0
05/22/2025 13:43:00.573,0.185684,-0.931592,0.333304,-3.045,4.41,-6.055,-0.843,-0.276,-0.5655,0
05/22/2025 13:43:00.593,0.193004,-0.91988,0.331596,-4.55,5.11,-5.355,-0.867,-0.2595,-0.5805,0
05/22/2025 13:43:00.613,0.188368,-0.904508,0.327936,-7.28,7.455,-5.04,-0.84,-0.279,-0.561,0
05/22/2025 13:43:00.633,0.210572,-0.895968,0.331352,-9.135,9.135,-5.25,-0.8985,-0.282,-0.5745,0
05/22/2025 13:43:00.653,0.234728,-0.900848,0.33184,-13.195,11.06,-6.615,-0.8955,-0.282,-0.5505,0
05/22/2025 13:43:00.673,0.287676,-0.88816,0.33062,-20.72,12.775,-9.135,-0.8805,-0.282,-0.558,0
05/22/2025 13:43:00.693,0.329156,-0.849852,0.338184,-28.945,14.875,-11.55,-0.894,-0.294,-0.5325,0
05/22/2025 13:43:00.713,0.333304,-0.825208,0.321836,-41.51,21.035,-13.965,-0.8985,-0.282,-0.5355,0
05/22/2025 13:43:00.733,0.346724,-0.802272,0.312564,-54.67,26.565,-16.87,-0.9045,-0.3015,-0.5325,0
05/22/2025 13:43:00.753,0.354776,-0.807396,0.288652,-65.135,31.85,-20.265,-0.9075,-0.3015,-0.51,0
05/22/2025 13:43:00.773,0.36478,-0.80642,0.26718,-70.14,39.9,-24.675,-0.9105,-0.312,-0.483,0
05/22/2025 13:43:00.793,0.369172,-0.860832,0.19032,-67.165,50.54,-29.785,-0.933,-0.3045,-0.468,0
05/22/2025 13:43:00.813,0.367708,-0.8784,0.167872,-52.57,62.09,-35.35,-0.9405,-0.2895,-0.4545,0
05/22/2025 13:43:00.833,0.38186,-0.9028,0.20374,-37.345,74.305,-41.58,-0.9615,-0.2775,-0.432,0
05/22/2025 13:43:00.853,0.39528,-0.876692,0.229604,-29.435,85.505,-47.6,-0.969,-0.315,-0.4545,0
05/22/2025 13:43:00.873,0.404064,-0.891576,0.211548,-27.545,96.18,-54.39,-1.0095,-0.363,-0.471,0
05/22/2025 13:43:00.893,0.413336,-0.896944,0.200324,-26.215,106.225,-59.955,-1.0695,-0.363,-0.465,0
05/22/2025 13:43:00.913,0.401136,-0.887916,0.228384,-25.83,115.255,-65.59,-1.092,-0.399,-0.495,0
05/22/2025 13:43:00.933,0.392108,-0.86254,0.22814,-34.475,113.96,-72.87,-1.1355,-0.384,-0.4935,0
05/22/2025 13:43:00.953,0.396256,-0.871324,0.210328,-45.08,110.67,-76.02,-1.1355,-0.384,-0.4935,0
05/22/2025 13:43:00.973,0.423828,-0.886208,0.179584,-53.655,109.025,-78.05,-1.218,-0.453,-0.552,0
05/22/2025 13:43:00.993,0.424072,-0.913048,0.151036,-60.795,111.72,-78.33,-1.2705,-0.471,-0.5685,0
05/22/2025 13:43:01.013,0.42944,-0.930128,0.188856,-67.76,117.04,-76.545,-1.281,-0.5355,-0.5835,0
05/22/2025 13:43:01.033,0.424072,-0.94794,0.190564,-71.155,122.5,-74.515,-1.3545,-0.594,-0.6075,0
05/22/2025 13:43:01.053,0.407724,-0.94916,0.170068,-72.485,129.605,-73.99,-1.3545,-0.6195,-0.645,0
05/22/2025 13:43:01.073,0.407236,-0.968436,0.168848,-74.375,139.02,-72.24,-1.3965,-0.645,-0.6915,0
05/22/2025 13:43:01.093,0.370392,-0.967704,0.193248,-75.74,148.575,-69.335,-1.4115,-0.6825,-0.729,0
05/22/2025 13:43:01.113,0.342576,-0.9882,0.217648,-77.63,155.225,-66.08,-1.4235,-0.735,-0.7755,0
05/22/2025 13:43:01.133,0.315248,-1.003572,0.222528,-83.51,156.59,-61.74,-1.4265,-0.7725,-0.8205,0
05/22/2025 13:43:01.153,0.280356,-1.021384,0.199104,-83.895,152.74,-56.7,-1.4445,-0.756,-0.8895,0
05/22/2025 13:43:01.173,0.252296,-1.031876,0.188368,-77.77,147.035,-51.485,-1.464,-0.786,-0.9345,0
05/22/2025 13:43:01.193,0.236436,-1.066036,0.169092,-66.745,137.27,-48.16,-1.446,-0.8115,-1.0035,0
05/22/2025 13:43:01.213,0.21838,-1.082384,0.084912,-45.29,117.005,-44.03,-1.446,-0.8115,-1.0035,0
05/22/2025 13:43:01.233,0.245952,-1.068232,0.021716,-35.14,101.535,-38.92,-1.4145,-0.849,-1.0815,0
05/22/2025 13:43:01.253,0.262788,-1.060912,0.05856,-27.475,89.425,-31.395,-1.419,-0.8535,-1.134,0
05/22/2025 13:43:01.273,0.280112,-1.092632,0.024644,-20.79,76.125,-23.31,-1.431,-0.8595,-1.146,0
05/22/2025 13:43:01.293,0.293532,-1.100684,-0.020984,-12.18,64.575,-14.49,-1.395,-0.8715,-1.1835,0
05/22/2025 13:43:01.313,0.292068,-1.030168,-0.0244,-3.71,54.81,-8.435,-1.395,-0.8865,-1.206,0
05/22/2025 13:43:01.333,0.299876,-0.979416,0.016592,0.42,44.555,-4.9,-1.392,-0.864,-1.2285,0
05/22/2025 13:43:01.353,0.310368,-0.954284,0.041968,-0.945,34.055,-4.06,-1.386,-0.8985,-1.266,0
05/22/2025 13:43:01.373,0.365512,-0.969168,-0.006832,-7.42,25.235,-3.5,-1.3935,-0.9165,-1.2885,0
05/22/2025 13:43:01.393,0.423828,-0.98088,0.02318,-10.71,21,-1.015,-1.353,-0.8715,-1.284,0
05/22/2025 13:43:01.413,0.44286,-1.006988,0.060512,-11.27,17.605,2.87,-1.353,-0.8865,-1.3065,0
05/22/2025 13:43:01.433,0.457744,-1.009428,0.075396,-10.605,10.815,7.42,-1.3755,-0.882,-1.308,0
05/22/2025 13:43:01.453,0.466284,-0.981612,0.070272,-11.655,4.165,12.355,-1.353,-0.8835,-1.314,0
05/22/2025 13:43:01.473,0.479704,-0.968436,0.083204,-11.375,-5.285,19.25,-1.3545,-0.8595,-1.3215,0
05/22/2025 13:43:01.493,0.47458,-0.930128,0.106384,-9.73,-11.165,22.365,-1.3545,-0.8595,-1.3215,0
05/22/2025 13:43:01.513,0.454816,-0.898408,0.09028,-8.33,-15.645,23.17,-1.362,-0.864,-1.3185,0
05/22/2025 13:43:01.533,0.446764,-0.83814,0.096136,-6.405,-20.125,21.105,-1.347,-0.8385,-1.3065,0
05/22/2025 13:43:01.553,0.422852,-0.806176,0.107604,-6.895,-22.995,17.99,-1.329,-0.8235,-1.3065,0
05/22/2025 13:43:01.573,0.4087,-0.811788,0.104432,-8.365,-26.635,13.825,-1.3545,-0.807,-1.296,0
05/22/2025 13:43:01.593,0.40382,-0.775676,0.112484,-8.68,-26.705,9.94,-1.362,-0.7845,-1.308,0
05/22/2025 13:43:01.613,0.4026,-0.772992,0.102724,-13.16,-24.955,5.11,-1.344,-0.7815,-1.308,0
05/22/2025 13:43:01.633,0.398452,-0.774944,0.119804,-17.745,-22.505,0,-1.3545,-0.7695,-1.2885,0
05/22/2025 13:43:01.653,0.447252,-0.81984,0.130052,-21.07,-20.09,-4.095,-1.362,-0.7395,-1.2705,0
05/22/2025 13:43:01.673,0.4819,-0.864492,0.130296,-25.095,-15.715,-5.005,-1.377,-0.7575,-1.29,0
05/22/2025 13:43:01.693,0.491904,-0.879132,0.120536,-31.815,-9.835,-3.185,-1.359,-0.7515,-1.263,0
05/22/2025 13:43:01.713,0.488,-0.906948,0.115412,-40.915,-4.48,0.175,-1.38,-0.7395,-1.263,0
05/22/2025 13:43:01.733,0.462624,-0.925736,0.091256,-52.29,-2.415,3.29,-1.3845,-0.7215,-1.2375,0
05/22/2025 13:43:01.753,0.443836,-0.945988,0.103944,-53.795,-2.975,3.745,-1.3845,-0.7215,-1.2375,0
05/22/2025 13:43:01.773,0.410164,-0.921832,0.065148,-55.545,-4.97,3.99,-1.4235,-0.6945,-1.1925,0
05/22/2025 13:43:01.793,0.397964,-0.926956,0.022204,-57.715,-4.9,3.045,-1.428,-0.675,-1.182,0
05/22/2025 13:43:01.813,0.388692,-0.9211,0.00488,-58.94,-2.03,2.905,-1.398,-0.657,-1.1775,0
05/22/2025 13:43:01.833,0.385032,-0.91134,0.014884,-59.045,2.59,2.345,-1.4235,-0.6495,-1.152,0
05/22/2025 13:43:01.853,0.390888,-0.882792,-0.0122,-61.985,6.615,1.61,-1.419,-0.63,-1.128,0
05/22/2025 13:43:01.873,0.398208,-0.90036,-0.053436,-65.52,11.865,0.42,-1.4055,-0.615,-1.1325,0
05/22/2025 13:43:01.893,0.413336,-0.926224,-0.072224,-62.965,16.59,-0.945,-1.416,-0.6,-1.1055,0
05/22/2025 13:43:01.913,0.424316,-0.964776,-0.111508,-53.69,17.815,-2.73,-1.4385,-0.597,-1.092,0
05/22/2025 13:43:01.933,0.42822,-0.945744,-0.118096,-40.6,15.995,-3.745,-1.4265,-0.597,-1.083,0
05/22/2025 13:43:01.953,0.435784,-0.935496,-0.141032,-35.245,11.725,-2.905,-1.434,-0.585,-1.0845,0
05/22/2025 13:43:01.973,0.438956,-0.951356,-0.144448,-30.345,8.33,-0.91,-1.434,-0.585,-1.0845,0
05/22/2025 13:43:01.993,0.456036,-0.985272,-0.169824,-18.445,3.85,-0.035,-1.4265,-0.5895,-1.0605,0
05/22/2025 13:43:02.013,0.44408,-0.898408,-0.149572,-3.78,-0.875,-0.35,-1.422,-0.5925,-1.068,0
05/22/2025 13:43:02.033,0.415532,-0.875716,-0.110532,-0.595,-1.19,-0.42,-1.4295,-0.5775,-1.068,0
05/22/2025 13:43:02.053,0.405528,-0.906216,-0.088816,-0.42,0.14,-1.4,-1.4235,-0.57,-1.0755,0
05/22/2025 13:43:02.073,0.422364,-0.907436,-0.09467199,2.66,0.875,-2.905,-1.419,-0.5775,-1.0755,0
05/22/2025 13:43:02.093,0.427976,-0.9028,-0.10126,3.255,2.345,-4.655,-1.4115,-0.5745,-1.0755,0
05/22/2025 13:43:02.113,0.423584,-0.91378,-0.116144,-1.925,5.215,-4.34,-1.452,-0.5655,-1.077,0
05/22/2025 13:43:02.133,0.435296,-0.919392,-0.09394,-2.8,8.295,-2.695,-1.434,-0.5925,-1.092,0
05/22/2025 13:43:02.153,0.436272,-0.903044,-0.088328,-4.235,11.305,-0.49,-1.4415,-0.555,-1.077,0
05/22/2025 13:43:02.173,0.441396,-0.86742,-0.099552,-5.215,11.865,-0.07,-1.4415,-0.57,-1.077,0
05/22/2025 13:43:02.193,0.448716,-0.825452,-0.081008,-11.935,12.985,-0.175,-1.4415,-0.5505,-1.0695,0
05/22/2025 13:43:02.213,0.44896,-0.889136,-0.088328,-19.635,14.77,-1.47,-1.4715,-0.5625,-1.0815,0
05/22/2025 13:43:02.233,0.456524,-0.891576,-0.14518,-19.95,14.77,-4.865,-1.464,-0.5475,-1.089,0
05/22/2025 13:43:02.253,0.453596,-0.898896,-0.173972,-19.145,10.605,-8.015,-1.461,-0.5625,-1.0965,0
05/22/2025 13:43:02.273,0.417484,-0.922564,-0.12444,-18.2,3.675,-8.365,-1.4565,-0.5475,-1.0815,0
05/22/2025 13:43:02.293,0.420412,-0.920856,-0.137128,-19.39,-1.54,-5.32,-1.4565,-0.5475,-1.0815,0
05/22/2025 13:43:02.313,0.432124,-0.880108,-0.125172,-19.075,-3.01,-3.955,-1.4565,-0.5655,-1.0815,0
05/22/2025 13:43:02.333,0.455548,-0.86742,-0.139324,-25.83,-0.98,-3.01,-1.455,-0.558,-1.0425,0
05/22/2025 13:43:02.353,0.454084,-0.851072,-0.136884,-32.34,7.21,-0.56,-1.47,-0.558,-1.0395,0
05/22/2025 13:43:02.373,0.439688,-0.887916,-0.170312,-31.955,14.735,2.065,-1.47,-0.543,-1.0365,0
05/22/2025 13:43:02.393,0.452864,-0.882304,-0.215452,-24.955,21.21,4.97,-1.455,-0.5505,-1.0395,0
05/22/2025 13:43:02.413,0.416508,-0.971608,-0.153476,-13.93,31.92,7.525,-1.467,-0.5475,-1.0245,0
05/22/2025 13:43:02.433,0.38308,-1.003572,-0.121756,-4.06,32.97,7.525,-1.4475,-0.552,-1.032,0
05/22/2025 13:43:02.453,0.366732,-0.97478,-0.166408,4.48,25.795,6.44,-1.4265,-0.537,-1.035,0
05/22/2025 13:43:02.473,0.35868,-1.0126,-0.149816,14.525,19.075,3.71,-1.4115,-0.5445,-1.0575,0
05/22/2025 13:43:02.493,0.373564,-0.974048,-0.135176,25.305,12.145,1.96,-1.4085,-0.54,-1.065,0
05/22/2025 13:43:02.513,0.372832,-0.967216,-0.068808,30.45,7.455,-0.21,-1.4085,-0.555,-1.095,0
05/22/2025 13:43:02.533,0.40748,-0.898164,-0.053192,29.785,2.625,-3.815,-1.398,-0.537,-1.113,0
05/22/2025 13:43:02.553,0.442372,-0.831796,-0.04148,21.49,-0.035,-11.06,-1.398,-0.537,-1.113,0
05/22/2025 13:43:02.573,0.468968,-0.833016,-0.054412,24.64,-3.08,-16.695,-1.398,-0.537,-1.113,0
05/22/2025 13:43:02.593,0.462868,-0.832772,-0.084668,18.48,-9.94,-20.86,-1.4505,-0.573,-1.1145,0
05/22/2025 13:43:02.613,0.463844,-0.914024,-0.142984,2.205,-18.795,-18.9,-1.437,-0.5655,-1.167,0
05/22/2025 13:43:02.633,0.469456,-0.909388,-0.212768,-6.895,-25.41,-13.51,-1.4205,-0.585,-1.152,0
05/22/2025 13:43:02.653,0.465064,-0.870348,-0.226676,-4.515,-28.28,-6.755,-1.428,-0.5805,-1.137,0
05/22/2025 13:43:02.673,0.487756,-0.868884,-0.192028,5.04,-24.99,-1.225,-1.4505,-0.588,-1.119,0
05/22/2025 13:43:02.693,0.47458,-0.7808,-0.096136,10.99,-13.51,2.345,-1.446,-0.588,-1.107,0
05/22/2025 13:43:02.713,0.480436,-0.780068,-0.078812,0.49,-0.875,3.535,-1.4565,-0.5775,-1.0965,0
05/22/2025 13:43:02.733,0.427732,-0.887184,-0.096624,-2.135,9.835,3.675,-1.443,-0.5805,-1.1145,0
05/22/2025 13:43:02.753,0.424804,-0.864492,-0.128588,1.47,10.885,2.485,-1.479,-0.5835,-1.1115,0
05/22/2025 13:43:02.773,0.42456,-0.889624,-0.128832,-2.275,10.43,-0.875,-1.4415,-0.57,-1.095,0
05/22/2025 13:43:02.793,0.444324,-0.946232,-0.186904,-12.495,9.87,-2.31,-1.4655,-0.585,-1.1265,0
05/22/2025 13:43:02.813,0.446764,-1.0553,-0.190564,0,19.565,3.22,-1.446,-0.5775,-1.1145,0
05/22/2025 13:43:02.833,0.458232,-0.985516,-0.180804,17.71,20.335,7.28,-1.446,-0.5775,-1.1145,0
05/22/2025 13:43:02.853,0.484096,-0.970388,-0.161284,29.05,15.575,7.84,-1.4385,-0.588,-1.125,0
05/22/2025 13:43:02.873,0.516304,-1.103612,-0.112972,46.62,17.22,8.82,-1.428,-0.5805,-1.1475,0
05/22/2025 13:43:02.893,0.501176,-1.231712,-0.087352,101.01,25.095,16.1,-1.4325,-0.6075,-1.182,0
05/22/2025 13:43:02.913,0.46848,-1.138504,0.007076,165.76,29.785,22.855,-1.4325,-0.6075,-1.182,0
05/22/2025 13:43:02.933,0.430172,-1.020164,0.051728,202.895,25.97,25.41,-1.404,-0.6105,-1.212,0
05/22/2025 13:43:02.953,0.397964,-1.04798,0.07198,246.155,20.09,25.655,-1.413,-0.621,-1.2915,0
05/22/2025 13:43:02.973,0.378444,-0.938668,0.1769,315.525,19.845,31.815,-1.3665,-0.663,-1.377,0
05/22/2025 13:43:02.993,0.367708,-0.567056,0.342576,356.51,18.095,35.735,-1.3635,-0.735,-1.422,0
05/22/2025 13:43:03.013,0.405528,-0.554612,0.361608,330.225,13.545,31.675,-1.35,-0.783,-1.527,0
05/22/2025 13:43:03.033,0.424316,-0.620004,0.448716,299.46,9.94,25.48,-1.3545,-0.87,-1.599,0
05/22/2025 13:43:03.053,0.382836,-0.669292,0.548024,276.71,6.51,20.86,-1.3545,-0.948,-1.659,0
05/22/2025 13:43:03.073,0.37454,-0.651236,0.639036,250.04,1.295,16.065,-1.338,-1.05,-1.68,0
05/22/2025 13:43:03.093,0.39162,-0.624884,0.68564,235.27,0.105,15.33,-1.338,-1.05,-1.68,0
05/22/2025 13:43:03.113,0.361364,-0.467992,0.772748,234.395,-1.19,17.36,-1.326,-1.2615,-1.7475,0
05/22/2025 13:43:03.133,0.358192,-0.352824,0.8113,204.155,-4.62,14.98,-1.3545,-1.359,-1.755,0
05/22/2025 13:43:03.153,0.373808,-0.396988,0.804956,164.885,-8.47,10.85,-1.3635,-1.4115,-1.758,0
05/22/2025 13:43:03.173,0.386984,-0.43798,0.817888,167.545,-11.585,12.635,-1.356,-1.464,-1.743,0
05/22/2025 13:43:03.193,0.352824,-0.286456,0.936228,161.77,-13.37,15.435,-1.38,-1.509,-1.7355,0
05/22/2025 13:43:03.213,0.436028,-0.079788,0.863272,120.155,-19.565,8.015,-1.35,-1.563,-1.7265,0
05/22/2025 13:43:03.233,0.360144,-0.541924,0.888648,104.545,-17.15,11.515,-1.3965,-1.6185,-1.7115,0
05/22/2025 13:43:03.253,0.38918,-0.007808,0.93574,127.47,-19.705,6.3,-1.377,-1.6305,-1.6845,0
05/22/2025 13:43:03.273,0.394548,-0.273036,0.826672,73.57,-17.535,5.005,-1.3785,-1.6875,-1.677,0
05/22/2025 13:43:03.293,0.370148,-0.107604,1.006256,76.825,-22.225,1.89,-1.404,-1.7055,-1.662,0
05/22/2025 13:43:03.313,0.393816,-0.164212,1.03578,44.695,-27.265,-5.11,-1.4145,-1.728,-1.6515,0
05/22/2025 13:43:03.333,0.4026,-0.27328,0.99064,28.455,-29.925,-9.03,-1.407,-1.7505,-1.6395,0
05/22/2025 13:43:03.353,0.425048,-0.089792,0.830332,33.46,-28.245,-9.555,-1.407,-1.7505,-1.6395,0
05/22/2025 13:43:03.373,0.431392,0.049288,0.703208,27.44,-22.12,-10.955,-1.407,-1.7505,-1.6395,0
05/22/2025 13:43:03.393,0.44652,-0.003416,0.68686,18.9,-15.505,-10.115,-1.386,-1.779,-1.581,0
05/22/2025 13:43:03.413,0.482388,-0.065392,0.719312,15.54,-12.74,-9.065,-1.416,-1.8045,-1.6125,0
05/22/2025 13:43:03.433,0.498736,-0.082716,0.784216,11.935,-12.145,-6.965,-1.416,-1.815,-1.5975,0
05/22/2025 13:43:03.453,0.489952,-0.0122,0.753228,0.035,-10.36,-6.37,-1.4145,-1.812,-1.578,0
05/22/2025 13:43:03.473,0.48922,-0.135664,0.756888,-15.89,-5.845,-3.29,-1.3785,-1.809,-1.5855,0
05/22/2025 13:43:03.493,0.4636,-0.103212,0.8418,-21.07,-3.43,-2.66,-1.4265,-1.812,-1.605,0
05/22/2025 13:43:03.513,0.45994,-0.14518,0.843752,-33.705,-2.765,-5.95,-1.413,-1.8,-1.605,0
05/22/2025 13:43:03.533,0.467748,-0.169824,0.837164,-33.39,-1.26,-5.46,-1.401,-1.785,-1.6005,0
05/22/2025 13:43:03.553,0.457744,-0.127856,0.861076,-29.54,1.89,-3.675,-1.416,-1.77,-1.5975,0
05/22/2025 13:43:03.573,0.447496,-0.017568,0.917928,-39.305,3.955,-3.325,-1.4385,-1.7505,-1.6095,0
05/22/2025 13:43:03.593,0.468724,0.046116,0.920856,-71.645,5.39,-4.2,-1.4175,-1.7325,-1.5975,0
05/22/2025 13:43:03.613,0.49166,0.06588,0.92598,-118.475,6.335,-6.93,-1.4445,-1.6935,-1.6365,0
05/22/2025 13:43:03.633,0.509716,-0.030256,0.853268,-188.72,1.75,-12.215,-1.4445,-1.6935,-1.6365,0
05/22/2025 13:43:03.653,0.496784,-0.113948,0.75884,-227.85,-1.295,-14,-1.449,-1.6365,-1.6335,0
05/22/2025 13:43:03.673,0.48556,-0.464332,0.578036,-233.415,-6.02,-16.31,-1.44,-1.581,-1.668,0
05/22/2025 13:43:03.693,0.474092,-0.58438,0.615368,-195.825,-9.485,-11.83,-1.4385,-1.4895,-1.68,0
05/22/2025 13:43:03.713,0.460428,-0.477752,0.731024,-173.565,-7.805,-7.175,-1.44,-1.44,-1.692,0
05/22/2025 13:43:03.733,0.462136,-0.351604,0.72468,-204.785,-8.715,-4.27,-1.425,-1.3965,-1.6845,0
05/22/2025 13:43:03.753,0.426512,-0.357948,0.56364,-259.98,-13.475,-8.33,-1.419,-1.3425,-1.6695,0
05/22/2025 13:43:03.773,0.4087,-0.537776,0.358436,-297.745,-21.875,-11.585,-1.437,-1.272,-1.647,0
05/22/2025 13:43:03.793,0.487268,-0.697352,0.18422,-296.555,-32.83,-11.69,-1.4385,-1.2075,-1.6215,0
05/22/2025 13:43:03.813,0.467016,-0.927444,0.077348,-272.685,-26.11,-7.875,-1.4535,-1.0935,-1.5855,1
05/22/2025 13:43:03.833,0.454328,-1.081652,0.088816,-227.605,-19.25,-4.06,-1.461,-1.056,-1.5285,1
05/22/2025 13:43:03.853,0.47214,-0.9882,0.183244,-191.555,-12.705,3.64,-1.4205,-0.9825,-1.5165,1
05/22/2025 13:43:03.873,0.467016,-0.84058,0.20374,-191.94,-10.5,10.745,-1.4565,-0.9135,-1.443,1
05/22/2025 13:43:03.893,0.461648,-0.788852,0.074908,-218.925,-13.615,9.835,-1.4535,-0.858,-1.4505,1
05/22/2025 13:43:03.913,0.500688,-0.763476,0.0305,-231.595,-14.595,8.015,-1.4535,-0.858,-1.4505,1
05/22/2025 13:43:03.933,0.54046,-0.94306,-0.039772,-241.885,-10.85,8.085,-1.467,-0.726,-1.3155,1
05/22/2025 13:43:03.953,0.52094,-1.227564,-0.111264,-216.58,-3.29,8.295,-1.467,-0.7035,-1.266,1
05/22/2025 13:43:03.973,0.473604,-1.165832,-0.162748,-164.85,1.365,7.77,-1.455,-0.663,-1.2135,1
05/22/2025 13:43:03.993,0.49044,-1.039928,-0.130784,-130.585,1.89,6.58,-1.488,-0.6405,-1.1685,1
05/22/2025 13:43:04.013,0.460184,-1.022604,-0.135176,-105.525,2.59,2.905,-1.4865,-0.606,-1.1235,1
05/22/2025 13:43:04.033,0.4758,-1.015772,-0.142496,-78.785,1.435,-1.12,-1.4565,-0.6,-1.077,1
05/22/2025 13:43:04.053,0.511424,-1.039196,-0.224724,-52.29,-0.175,-2.87,-1.4685,-0.573,-1.089,1
05/22/2025 13:43:04.073,0.547292,-1.034316,-0.255712,-16.415,0.49,-4.9,-1.4895,-0.558,-1.074,1
05/22/2025 13:43:04.093,0.51484,-1.003816,-0.274744,33.6,5.46,-6.58,-1.5045,-0.5835,-1.0665,1
05/22/2025 13:43:04.113,0.551928,-0.862784,-0.16104,74.235,4.585,-4.41,-1.497,-0.5805,-1.0665,1
05/22/2025 13:43:04.133,0.572668,-0.783484,-0.072956,79.485,3.43,-1.365,-1.5,-0.5985,-1.0815,1
05/22/2025 13:43:04.153,0.555588,-0.822524,-0.09516,46.48,-1.89,1.26,-1.5165,-0.588,-1.101,1
05/22/2025 13:43:04.173,0.610732,-0.805932,-0.077836,30.905,-5.215,3.15,-1.5165,-0.588,-1.101,1
05/22/2025 13:43:04.193,0.603168,-0.848632,-0.07808,15.365,-3.5,3.535,-1.494,-0.6405,-1.134,1
05/22/2025 13:43:04.213,0.606584,-0.881084,-0.075884,10.99,-4.97,4.445,-1.491,-0.636,-1.146,1
05/22/2025 13:43:04.233,0.60146,-0.856196,-0.082228,16.485,-10.045,4.55,-1.4685,-0.633,-1.149,1
05/22/2025 13:43:04.253,0.572668,-0.78812,-0.072224,18.34,-14.98,2.975,-1.482,-0.675,-1.1265,1
05/22/2025 13:43:04.273,0.57828,-0.765672,-0.055388,18.795,-18.865,-1.295,-1.464,-0.675,-1.134,1
05/22/2025 13:43:04.293,0.550464,-0.80032,-0.07198,22.925,-18.62,-4.55,-1.452,-0.6675,-1.1175,1
05/22/2025 13:43:04.313,0.562176,-0.83692,-0.133712,31.64,-20.02,-7.735,-1.446,-0.672,-1.152,1
05/22/2025 13:43:04.333,0.562664,-0.821792,-0.095892,41.475,-20.79,-8.295,-1.4565,-0.6795,-1.1325,1
05/22/2025 13:43:04.353,0.548756,-0.842532,-0.085888,44.1,-21.175,-11.375,-1.4565,-0.6795,-1.1325,1
05/22/2025 13:43:04.373,0.548512,-0.836432,-0.08784,43.89,-23.24,-14.91,-1.419,-0.717,-1.1355,1
05/22/2025 13:43:04.393,0.5612,-0.825452,-0.041968,46.655,-23.415,-17.885,-1.4445,-0.7425,-1.1475,1
05/22/2025 13:43:04.413,0.534604,-0.810324,-0.07442,47.74,-18.865,-21.63,-1.446,-0.774,-1.1175,1
05/22/2025 13:43:04.433,0.51362,-0.803248,-0.144204,48.51,-7.63,-29.68,-1.458,-0.7875,-1.1325,1
05/22/2025 13:43:04.453,0.499468,-0.790316,-0.091744,49.77,-2.065,-31.43,-1.464,-0.8295,-1.1355,1
05/22/2025 13:43:04.473,0.47702,-0.808616,-0.030256,51.415,-4.76,-32.83,-1.4685,-0.852,-1.1325,1
05/22/2025 13:43:04.493,0.484828,-0.691252,0.072956,42.455,-8.12,-33.285,-1.4685,-0.879,-1.1625,1
05/22/2025 13:43:04.513,0.4819,-0.744444,0.01952,11.83,-11.62,-33.95,-1.4715,-0.8895,-1.1355,1
05/22/2025 13:43:04.533,0.493612,-0.85644,-0.072956,-8.155,-14.42,-33.25,-1.4775,-0.9165,-1.14,1
05/22/2025 13:43:04.553,0.505324,-0.91012,-0.093208,-6.3,-12.075,-33.18,-1.4775,-0.9315,-1.1505,1
05/22/2025 13:43:04.573,0.492636,-0.884012,-0.082228,-1.225,-8.575,-33.075,-1.491,-0.957,-1.116,1
05/22/2025 13:43:04.593,0.488488,-0.84302,-0.076616,-0.665,-6.755,-32.9,-1.4805,-0.972,-1.1205,1
05/22/2025 13:43:04.613,0.49776,-0.830332,-0.058072,3.15,-7.665,-30.975,-1.491,-0.9915,-1.1085,1
05/22/2025 13:43:04.633,0.498492,-0.858636,-0.050508,3.15,-7.245,-28.77,-1.47,-1.0305,-1.074,1
05/22/2025 13:43:04.653,0.512156,-0.895724,-0.03904,0.595,-14.875,-28.07,-1.482,-1.029,-1.074,1
05/22/2025 13:43:04.673,0.52216,-0.949648,-0.122488,1.995,-24.92,-28.35,-1.497,-1.044,-1.0815,1
05/22/2025 13:43:04.693,0.539972,-0.944036,-0.132004,24.045,-33.775,-29.645,-1.479,-1.0935,-1.0425,1
05/22/2025 13:43:04.713,0.54412,-0.94916,-0.110776,40.495,-40.705,-30.415,-1.479,-1.0935,-1.0425,1
05/22/2025 13:43:04.733,0.56852,-0.908656,-0.078568,57.05,-49.805,-30.835,-1.4895,-1.1055,-1.0245,1
05/22/2025 13:43:04.753,0.589016,-0.904996,-0.069296,68.88,-56.35,-28.77,-1.4925,-1.14,-1.0125,1
05/22/2025 13:43:04.773,0.626836,-0.90524,-0.007076,80.01,-59.185,-24.815,-1.5075,-1.143,-1.005,1
05/22/2025 13:43:04.793,0.648552,-0.907924,0.049776,75.88,-55.545,-17.57,-1.4865,-1.1925,-0.975,1
05/22/2025 13:43:04.813,0.653188,-0.904752,0.07686,65.135,-50.715,-9.765,-1.4895,-1.212,-0.951,1
05/22/2025 13:43:04.833,0.63806,-0.905484,0.056364,52.29,-45.255,-0.735,-1.542,-1.2225,-0.945,1
05/22/2025 13:43:04.853,0.617808,-0.926468,0.066368,46.13,-41.615,5.285,-1.527,-1.203,-0.9255,1
05/22/2025 13:43:04.873,0.594872,-0.925004,0.102724,44.66,-37.73,11.48,-1.5225,-1.215,-0.915,1
05/22/2025 13:43:04.893,0.598776,-0.944036,0.06954,52.64,-42.525,13.825,-1.5225,-1.1895,-0.9,1
05/22/2025 13:43:04.913,0.594872,-0.898164,0.083448,64.61,-44.66,17.01,-1.506,-1.212,-0.873,1
05/22/2025 13:43:04.933,0.593408,-0.865468,0.091988,67.34,-47.88,19.81,-1.5255,-1.197,-0.873,1
05/22/2025 13:43:04.953,0.600972,-0.842288,0.088816,62.16,-49.385,21.28,-1.5315,-1.1775,-0.843,1
05/22/2025 13:43:04.973,0.589504,-0.83692,0.056608,55.055,-45.255,23.38,-1.5315,-1.1775,-0.843,1
05/22/2025 13:43:04.993,0.598288,-0.826428,0.03782,53.725,-38.605,24.5,-1.5315,-1.1775,-0.843,1
05/22/2025 13:43:05.013,0.595116,-0.8052,0.045628,53.585,-29.12,26.18,-1.542,-1.155,-0.813,1
05/22/2025 13:43:05.033,0.598288,-0.773236,0.009272,57.645,-20.405,29.015,-1.56,-1.125,-0.765,1
05/22/2025 13:43:05.053,0.579988,-0.76982,0.11956,57.12,-7,33.565,-1.557,-1.125,-0.7575,1
05/22/2025 13:43:05.073,0.565836,-0.811544,0.201788,40.95,-1.82,35.77,-1.539,-1.0845,-0.753,1
05/22/2025 13:43:05.093,0.570228,-0.839604,0.145912,23.835,-8.61,35.56,-1.539,-1.0695,-0.7575,1
05/22/2025 13:43:05.113,0.575596,-0.904264,0.084912,16.625,-12.775,35.105,-1.539,-1.0575,-0.741,1
05/22/2025 13:43:05.133,0.569252,-0.913048,0.080276,21.42,-12.11,35.49,-1.524,-1.062,-0.7485,1
05/22/2025 13:43:05.153,0.565836,-0.882304,0.088328,29.75,-15.68,35.77,-1.5465,-1.0425,-0.75,1
05/22/2025 13:43:05.173,0.563152,-0.888404,0.106872,30.345,-21.7,37.625,-1.5195,-1.035,-0.726,1
05/22/2025 13:43:05.193,0.5612,-0.89182,0.122244,29.75,-29.365,38.15,-1.5165,-1.0125,-0.738,1
05/22/2025 13:43:05.213,0.57096,-0.864004,0.112972,29.61,-37.03,38.85,-1.5135,-1.002,-0.738,1
05/22/2025 13:43:05.233,0.561444,-0.880108,0.09394,32.48,-35.875,40.25,-1.506,-0.972,-0.699,1
05/22/2025 13:43:05.253,0.560956,-0.877424,0.122244,36.4,-28.28,41.265,-1.488,-0.927,-0.684,1
05/22/2025 13:43:05.273,0.542656,-0.811544,0.185196,34.3,-20.58,44.345,-1.4805,-0.897,-0.7035,1
05/22/2025 13:43:05.293,0.468724,-0.883768,0.194468,25.83,-13.055,44.52,-1.4805,-0.897,-0.7035,1
05/22/2025 13:43:05.313,0.48434,-0.837408,0.221796,27.195,-16.835,41.965,-1.5,-0.8505,-0.6885,1
05/22/2025 13:43:05.333,0.47336,-0.824964,0.160796,20.405,-16.625,40.67,-1.47,-0.855,-0.6885,1
05/22/2025 13:43:05.353,0.467016,-0.838628,0.111264,13.16,-15.75,40.18,-1.437,-0.8415,-0.6945,1
05/22/2025 13:43:05.373,0.4514,-0.827648,0.116144,9.975,-10.255,39.9,-1.47,-0.8325,-0.6915,1
05/22/2025 13:43:05.393,0.456524,-0.850584,0.099796,7,-7.245,37.345,-1.416,-0.8145,-0.7095,1
05/22/2025 13:43:05.413,0.471408,-0.805932,0.097112,13.545,-5.81,34.965,-1.464,-0.762,-0.6885,1
05/22/2025 13:43:05.433,0.467992,-0.793,0.12444,8.155,-2.52,35.665,-1.4025,-0.729,-0.6915,1
05/22/2025 13:43:05.453,0.431392,-0.840824,0.192272,-4.06,-0.35,34.58,-1.413,-0.7215,-0.6765,1
05/22/2025 13:43:05.473,0.427732,-0.875228,0.183,-16.345,-7.035,32.9,-1.416,-0.702,-0.6645,1
05/22/2025 13:43:05.493,0.388936,-0.922076,0.17812,-19.705,-11.97,31.465,-1.4025,-0.687,-0.6765,1
05/22/2025 13:43:05.513,0.351848,-0.932568,0.17446,-8.54,-19.145,26.005,-1.4025,-0.687,-0.6765,1
05/22/2025 13:43:05.533,0.322812,-0.882548,0.175436,3.71,-24.745,22.085,-1.365,-0.6735,-0.633,1
05/22/2025 13:43:05.553,0.284504,-0.880108,0.164944,13.58,-27.405,18.515,-1.347,-0.6435,-0.66,1
05/22/2025 13:43:05.573,0.308172,-0.907192,0.159576,17.99,-30.94,17.85,-1.3425,-0.6285,-0.6375,1
05/22/2025 13:43:05.593,0.286944,-0.925736,0.169336,25.725,-29.365,18.97,-1.368,-0.654,-0.6105,1
05/22/2025 13:43:05.613,0.275476,-1.04798,0.134932,36.085,-27.16,18.515,-1.3425,-0.6285,-0.63,1
05/22/2025 13:43:05.633,0.269132,-1.036512,0.180072,65.45,-25.48,17.43,-1.332,-0.624,-0.6285,1
05/22/2025 13:43:05.653,0.206668,-0.915244,0.256444,89.495,-23.485,17.885,-1.3245,-0.624,-0.6405,1
05/22/2025 13:43:05.673,0.185196,-0.925736,0.257664,88.515,-31.815,19.04,-1.3215,-0.624,-0.648,1
05/22/2025 13:43:05.693,0.183,-0.861808,0.20618,75.46,-42.315,21.245,-1.3185,-0.6015,-0.6435,1
05/22/2025 13:43:05.713,0.16836,-0.902312,0.171044,60.655,-47.18,23.45,-1.3005,-0.606,-0.666,1
05/22/2025 13:43:05.733,0.186904,-0.903776,0.179584,54.285,-50.715,26.075,-1.308,-0.5835,-0.6825,1
05/22/2025 13:43:05.753,0.194956,-0.898896,0.222772,53.97,-51.415,28.56,-1.3035,-0.549,-0.648,1
05/22/2025 13:43:05.773,0.218624,-0.916464,0.243756,53.235,-53.865,30.695,-1.3035,-0.549,-0.648,1
05/22/2025 13:43:05.793,0.248636,-0.889868,0.292556,48.23,-54.39,32.375,-1.239,-0.5085,-0.669,1
05/22/2025 13:43:05.813,0.253272,-0.902068,0.297436,39.34,-52.01,33.32,-1.2435,-0.498,-0.6765,1
05/22/2025 13:43:05.833,0.268888,-0.889136,0.30622,31.29,-48.93,34.23,-1.206,-0.48,-0.6495,1
05/22/2025 13:43:05.853,0.271572,-0.850584,0.32574,18.515,-43.505,36.295,-1.221,-0.468,-0.6495,1
05/22/2025 13:43:05.873,0.26108,-0.838384,0.343552,2.205,-38.08,37.975,-1.2135,-0.4335,-0.639,1
05/22/2025 13:43:05.893,0.246196,-0.881328,0.347212,-10.395,-34.37,38.22,-1.17,-0.39,-0.6495,1
05/22/2025 13:43:05.913,0.237656,-0.890844,0.3172,-14.525,-32.865,38.045,-1.146,-0.4125,-0.6255,1
05/22/2025 13:43:05.933,0.205936,-0.98332,0.2318,-7.105,-30.52,34.65,-1.1235,-0.3945,-0.591,1
05/22/2025 13:43:05.953,0.199348,-0.958188,0.284992,7.245,-32.62,32.34,-1.125,-0.342,-0.5835,1
05/22/2025 13:43:05.973,0.208376,-1.003572,0.336232,16.905,-37.135,27.685,-1.113,-0.354,-0.576,1
05/22/2025 13:43:05.993,0.229116,-0.988688,0.338672,25.69,-44.45,24.115,-1.068,-0.351,-0.5625,1
05/22/2025 13:43:06.013,0.265716,-1.004304,0.345504,29.435,-49.28,22.82,-1.0575,-0.3285,-0.555,1
05/22/2025 13:43:06.033,0.298168,-0.980392,0.34526,28.28,-49,26.005,-1.0605,-0.3285,-0.555,1
05/22/2025 13:43:06.053,0.305244,-0.96624,0.31842,24.045,-45.255,28.455,-1.0605,-0.3285,-0.555,1
05/22/2025 13:43:06.073,0.297436,-0.914268,0.334524,20.615,-39.655,30.485,-0.9915,-0.291,-0.576,1
05/22/2025 13:43:06.093,0.28304,-0.876448,0.337696,13.895,-34.37,31.08,-0.9615,-0.303,-0.537,1
05/22/2025 13:43:06.113,0.275232,-0.883524,0.32818,3.85,-31.395,28.175,-0.96,-0.3,-0.534,1
05/22/2025 13:43:06.133,0.266936,-0.890112,0.29524,-3.185,-30.31,24.115,-0.9585,-0.273,-0.5715,1
05/22/2025 13:43:06.153,0.260104,-0.920368,0.275964,-7.595,-29.75,19.39,-0.954,-0.3075,-0.564,1
05/22/2025 13:43:06.173,0.249856,-0.914512,0.2806,-6.195,-31.115,15.435,-0.9405,-0.2505,-0.564,1
05/22/2025 13:43:06.193,0.21838,-0.88572,0.252296,-5.845,-33.32,13.44,-0.8985,-0.285,-0.555,1
05/22/2025 13:43:06.213,0.181292,-0.872544,0.24766,-7.42,-35.945,13.615,-0.909,-0.2475,-0.5295,1
05/22/2025 13:43:06.233,0.145912,-0.875472,0.223016,-10.64,-40.915,14.875,-0.8865,-0.2865,-0.543,1
05/22/2025 13:43:06.253,0.096136,-0.87962,0.1891,-8.68,-45.255,15.995,-0.858,-0.249,-0.531,1
05/22/2025 13:43:06.273,0.064172,-0.847656,0.156404,-2.03,-49.49,17.185,-0.828,-0.2535,-0.5235,1
05/22/2025 13:43:06.293,0.055876,-0.859124,0.14274,3.815,-54.18,18.48,-0.816,-0.2805,-0.4995,1
05/22/2025 13:43:06.313,0.068076,-0.919392,0.156648,12.425,-59.955,19.285,-0.816,-0.2805,-0.4995,1
05/22/2025 13:43:06.333,0.09638,-0.986248,0.123708,15.82,-62.335,18.445,-0.816,-0.2805,-0.4995,1
05/22/2025 13:43:06.353,0.121024,-1.086776,0.101992,21.07,-62.475,14.945,-0.768,-0.2205,-0.483,1
05/22/2025 13:43:06.373,0.192516,-1.121912,0.147864,28,-61.95,10.01,-0.7155,-0.2145,-0.474,1
05/22/2025 13:43:06.393,0.26108,-1.187304,0.1891,28.105,-59.78,6.195,-0.69,-0.2295,-0.477,1
05/22/2025 13:43:06.413,0.327692,-1.199504,0.225944,24.15,-55.755,5.215,-0.675,-0.252,-0.462,1
05/22/2025 13:43:06.433,0.340624,-1.136064,0.222284,16.1,-48.755,9.66,-0.66,-0.2415,-0.4725,1
05/22/2025 13:43:06.453,0.278648,-1.067744,0.224724,5.39,-40.215,15.96,-0.6885,-0.2595,-0.4695,1
05/22/2025 13:43:06.473,0.231556,-0.996984,0.230824,-4.06,-37.345,21.28,-0.663,-0.276,-0.4575,1
05/22/2025 13:43:06.493,0.189588,-0.944768,0.21716,-6.965,-38.15,22.75,-0.6585,-0.2835,-0.4725,1
05/22/2025 13:43:06.513,0.167872,-0.8967,0.193736,-4.585,-40.565,21.49,-0.636,-0.2955,-0.4605,1
05/22/2025 13:43:06.533,0.171288,-0.915732,0.195688,0.595,-43.715,17.78,-0.6465,-0.306,-0.426,1
05/22/2025 13:43:06.553,0.183732,-0.904264,0.2379,11.165,-44.87,13.02,-0.6165,-0.318,-0.441,1
05/22/2025 13:43:06.573,0.21228,-0.869372,0.298412,24.115,-41.58,6.37,-0.6075,-0.363,-0.4215,1
05/22/2025 13:43:06.593,0.21838,-0.903776,0.284992,23.905,-35.91,1.995,-0.6075,-0.363,-0.4215,1
05/22/2025 13:43:06.613,0.226432,-0.902556,0.271084,23.625,-27.405,-1.365,-0.657,-0.393,-0.441,1
05/22/2025 13:43:06.633,0.232532,-0.939156,0.24156,21.14,-17.045,-3.955,-0.642,-0.3705,-0.429,1
05/22/2025 13:43:06.653,0.235704,-0.954284,0.244732,20.16,-6.195,-4.69,-0.6315,-0.405,-0.459,1
05/22/2025 13:43:06.673,0.247172,-0.986248,0.272548,14.77,3.465,-4.865,-0.6495,-0.3855,-0.4785,1
05/22/2025 13:43:06.693,0.264984,-1.04432,0.26108,3.255,10.675,-6.72,-0.627,-0.4155,-0.4815,1
05/22/2025 13:43:06.713,0.27938,-1.111908,0.219356,-6.58,16.03,-8.19,-0.627,-0.4155,-0.4815,1
05/22/2025 13:43:06.733,0.27694,-1.093608,0.187636,-8.68,19.355,-7.28,-0.645,-0.435,-0.4635,1
05/22/2025 13:43:06.753,0.22082,-1.005036,0.168116,-8.015,22.855,-2.695,-0.66,-0.426,-0.483,1
05/22/2025 13:43:06.773,0.166896,-0.952088,0.1586,-13.58,20.825,2.485,-0.69,-0.429,-0.495,1
05/22/2025 13:43:06.793,0.145424,-0.905484,0.180804,-17.64,13.86,6.23,-0.672,-0.4635,-0.4935,1
05/22/2025 13:43:06.813,0.1403,-0.951844,0.19886,-18.165,5.25,7.35,-0.693,-0.4335,-0.4755,1
05/22/2025 13:43:06.833,0.15616,-0.931836,0.251076,-6.755,-2.835,6.58,-0.6855,-0.426,-0.465,1
05/22/2025 13:43:06.853,0.238876,-0.863028,0.379908,12.46,-5.74,1.54,-0.6405,-0.4605,-0.4665,1
05/22/2025 13:43:06.873,0.262788,-0.856928,0.442372,10.5,3.85,-2.8,-0.69,-0.4755,-0.4755,1
05/22/2025 13:43:06.893,0.285968,-0.955016,0.457256,-2.8,9.38,-1.645,-0.693,-0.4785,-0.4725,1
05/22/2025 13:43:06.913,0.310612,-1.015772,0.449204,-6.055,14.875,-0.525,-0.708,-0.459,-0.48,1
05/22/2025 13:43:06.933,0.329156,-1.016992,0.460428,-2.345,20.51,3.22,-0.7335,-0.4935,-0.4845,1
05/22/2025 13:43:06.953,0.312564,-0.991372,0.44774,3.045,25.34,8.295,-0.7185,-0.4935,-0.4575,1
05/22/2025 13:43:06.973,0.291336,-0.970388,0.413824,7.035,28.42,11.69,-0.726,-0.4935,-0.4875,1
05/22/2025 13:43:06.993,0.282552,-0.929152,0.38674,10.71,27.825,14.525,-0.7455,-0.504,-0.4995,1
05/22/2025 13:43:07.013,0.2379,-0.916464,0.384056,14.21,28.945,16.31,-0.741,-0.516,-0.507,1
05/22/2025 13:43:07.033,0.196664,-0.8906,0.383324,18.69,26.18,15.855,-0.7605,-0.507,-0.5235,1
05/22/2025 13:43:07.053,0.184708,-0.911828,0.418948,24.045,22.26,13.685,-0.765,-0.5265,-0.5415,1
05/22/2025 13:43:07.073,0.167872,-0.884988,0.44652,30.905,18.48,11.235,-0.768,-0.5265,-0.531,1
05/22/2025 13:43:07.093,0.149084,-0.939888,0.453352,39.13,15.12,7.595,-0.7725,-0.5145,-0.561,1
05/22/2025 13:43:07.113,0.113948,-0.892796,0.38186,51.45,9.695,6.895,-0.792,-0.5055,-0.588,1
05/22/2025 13:43:07.133,0.103456,-0.857416,0.343796,49.595,7.455,9.695,-0.792,-0.5055,-0.588,1
05/22/2025 13:43:07.153,0.077104,-0.854,0.325008,43.82,7.35,13.895,-0.7635,-0.5145,-0.648,1
05/22/2025 13:43:07.173,0.064904,-0.812764,0.343552,38.99,4.585,17.85,-0.7905,-0.51,-0.6645,1
05/22/2025 13:43:07.193,0.062464,-0.796904,0.35258,29.54,-0.315,20.055,-0.753,-0.5175,-0.651,1
05/22/2025 13:43:07.213,0.052216,-0.801052,0.292068,19.81,-5.67,19.285,-0.765,-0.4905,-0.6825,1
05/22/2025 13:43:07.233,0.05978,-0.739808,0.241804,8.365,-11.235,18.025,-0.777,-0.4935,-0.7245,1
05/22/2025 13:43:07.253,0.076372,-0.74298,0.27206,-6.3,-12.775,20.125,-0.7725,-0.465,-0.69,1
05/22/2025 13:43:07.273,0.099064,-0.777628,0.315004,-26.18,-13.335,19.355,-0.7515,-0.4455,-0.7125,1
05/22/2025 13:43:07.293,0.126148,-0.804468,0.337452,-59.22,-15.295,20.23,-0.7515,-0.4725,-0.69,1
05/22/2025 13:43:07.313,0.159576,-0.856196,0.325252,-77.28,-18.13,21.91,-0.7575,-0.45,-0.6705,1
05/22/2025 13:43:07.333,0.13908,-0.854,0.360144,-77.315,-5.39,22.75,-0.732,-0.4575,-0.648,1
05/22/2025 13:43:07.353,0.146888,-0.979904,0.454572,-66.15,6.3,23.975,-0.6825,-0.459,-0.6165,1
05/22/2025 13:43:07.373,0.099796,-0.858392,0.520696,-38.115,10.99,20.685,-0.714,-0.4815,-0.594,1
05/22/2025 13:43:07.393,0.067832,-0.806664,0.54046,-10.57,11.41,13.965,-0.714,-0.4815,-0.594,1
05/22/2025 13:43:07.413,0.13176,-0.82472,0.528992,-7,9.8,9.8,-0.7065,-0.4665,-0.5715,1
05/22/2025 13:43:07.433,0.23668,-0.884012,0.530212,-8.505,10.64,5.915,-0.723,-0.444,-0.594,1
05/22/2025 13:43:07.453,0.331108,-0.91622,0.622688,-23.135,17.885,1.89,-0.708,-0.4245,-0.582,1
05/22/2025 13:43:07.473,0.416264,-0.920612,0.650016,-37.45,26.635,0.455,-0.7095,-0.4815,-0.564,1
05/22/2025 13:43:07.493,0.380152,-0.8113,0.5978,-43.365,33.985,-4.165,-0.7035,-0.459,-0.5565,1
05/22/2025 13:43:07.513,0.320616,-0.82838,0.544852,-45.115,39.97,-9.31,-0.717,-0.4695,-0.549,1
05/22/2025 13:43:07.533,0.259372,-0.78446,0.488488,-37.275,42.595,-18.655,-0.7245,-0.4845,-0.534,1
05/22/2025 13:43:07.553,0.243024,-0.79666,0.385764,-29.435,41.37,-31.29,-0.741,-0.4965,-0.5115,1
05/22/2025 13:43:07.573,0.184708,-0.852048,0.24644,-16.485,43.435,-45.43,-0.75,-0.5265,-0.5415,1
05/22/2025 13:43:07.593,0.149572,-0.916952,0.15372,-2.835,43.855,-58.625,-0.756,-0.5115,-0.5265,1
05/22/2025 13:43:07.613,0.120292,-0.916952,0.099308,1.89,43.435,-69.86,-0.7605,-0.519,-0.549,1
05/22/2025 13:43:07.633,0.09638,-0.973804,0.07686,-8.015,40.95,-76.02,-0.756,-0.5445,-0.546,1
05/22/2025 13:43:07.653,0.078324,-1.106052,0.081984,-22.26,35.84,-78.89,-0.7935,-0.552,-0.5505,1
05/22/2025 13:43:07.673,0.097112,-1.178764,0.074664,-24.605,29.505,-75.81,-0.7935,-0.552,-0.5505,1
05/22/2025 13:43:07.693,0.099308,-1.223416,0.063196,-24.01,23.87,-69.895,-0.819,-0.585,-0.57,1
05/22/2025 13:43:07.713,0.108336,-1.221952,0.04392,-18.83,19.25,-61.285,-0.81,-0.6075,-0.531,1
05/22/2025 13:43:07.733,0.118828,-1.174616,0.058316,-14.84,16.065,-51.94,-0.8295,-0.612,-0.5385,1
05/22/2025 13:43:07.753,0.107848,-1.118008,0.06734399,-17.115,14.175,-42.875,-0.8295,-0.627,-0.5355,1
05/22/2025 13:43:07.773,0.111752,-1.0858,0.08174,-24.92,10.465,-34.93,-0.8475,-0.645,-0.5205,1
05/22/2025 13:43:07.793,0.092964,-1.053348,0.07124799,-32.025,7.245,-27.825,-0.888,-0.6555,-0.525,1
05/22/2025 13:43:07.813,0.10248,-1.037976,0.061976,-35.875,3.99,-21.525,-0.8715,-0.627,-0.4875,1
05/22/2025 13:43:07.833,0.116876,-1.01138,0.087596,-34.86,1.365,-15.12,-0.8865,-0.648,-0.483,1
05/22/2025 13:43:07.853,0.12322,-0.99308,0.106872,-31.78,-1.05,-8.645,-0.876,-0.642,-0.4755,1
05/22/2025 13:43:07.873,0.129564,-1.00284,0.137616,-28.14,-4.34,-2.765,-0.8865,-0.633,-0.48,1
05/22/2025 13:43:07.893,0.163236,-1.030412,0.1403,-23.765,-8.295,3.92,-0.882,-0.6525,-0.4455,1
05/22/2025 13:43:07.913,0.170312,-0.997716,0.13786,-8.33,-11.13,13.405,-0.8655,-0.6765,-0.438,1
05/22/2025 13:43:07.933,0.176412,-0.99796,0.118584,-1.05,-13.72,17.815,-0.8655,-0.6765,-0.438,1
05/22/2025 13:43:07.953,0.174704,-0.975024,0.111508,8.19,-15.575,21.175,-0.8865,-0.717,-0.4155,1
05/22/2025 13:43:07.973,0.179584,-0.999424,0.123464,14.42,-16.38,23.73,-0.903,-0.6825,-0.42,1
05/22/2025 13:43:07.993,0.182756,-0.9821,0.13664,19.46,-17.01,23.695,-0.885,-0.675,-0.4305,1
05/22/2025 13:43:08.013,0.194224,-1.006256,0.138348,18.725,-16.45,22.225,-0.8955,-0.675,-0.45,1
05/22/2025 13:43:08.033,0.211792,-1.02602,0.139568,18.585,-13.895,18.9,-0.8925,-0.675,-0.4455,1
05/22/2025 13:43:08.053,0.249612,-1.04798,0.12566,17.57,-10.325,14.455,-0.8625,-0.6645,-0.453,1
05/22/2025 13:43:08.073,0.282796,-1.063108,0.127612,14.91,-4.27,11.515,-0.8895,-0.675,-0.4575,1
05/22/2025 13:43:08.093,0.305244,-1.070672,0.123952,10.045,1.96,11.34,-0.9045,-0.675,-0.4575,1
05/22/2025 13:43:08.113,0.308416,-1.054812,0.14396,3.395,8.82,14.175,-0.8775,-0.69,-0.4635,1
05/22/2025 13:43:08.133,0.271816,-1.047492,0.153964,-2.765,13.93,17.64,-0.885,-0.6645,-0.465,1
05/22/2025 13:43:08.153,0.251808,-1.023824,0.156404,-5.775,16.835,20.825,-0.8715,-0.6645,-0.4605,1
05/22/2025 13:43:08.173,0.23058,-1.032852,0.145912,-4.935,18.13,22.68,-0.8715,-0.6645,-0.4605,1
05/22/2025 13:43:08.193,0.21106,-0.998448,0.12078,3.57,20.615,24.15,-0.864,-0.645,-0.483,1
05/22/2025 13:43:08.213,0.213988,-0.964776,0.1342,8.505,22.75,23.8,-0.891,-0.618,-0.5025,1
05/22/2025 13:43:08.233,0.214232,-0.959408,0.121268,8.89,23.73,22.54,-0.891,-0.6255,-0.495,1
05/22/2025 13:43:08.253,0.211548,-0.964532,0.12932,8.54,25.41,20.58,-0.891,-0.63,-0.5145,1
05/22/2025 13:43:08.273,0.208376,-0.969412,0.12932,8.225,27.37,18.025,-0.909,-0.6225,-0.4995,1
05/22/2025 13:43:08.293,0.219844,-0.97356,0.1342,6.51,29.365,15.19,-0.9255,-0.579,-0.534,1
05/22/2025 13:43:08.313,0.222528,-0.973072,0.110776,5.495,31.185,13.09,-0.924,-0.561,-0.5535,1
05/22/2025 13:43:08.333,0.218136,-0.972584,0.110044,6.545,33.74,11.34,-0.912,-0.5835,-0.5385,1
05/22/2025 13:43:08.353,0.201788,-0.962092,0.10736,8.96,36.26,9.17,-0.927,-0.5685,-0.561,1
05/22/2025 13:43:08.373,0.219356,-0.986736,0.08906,9.835,38.57,4.795,-0.9435,-0.5565,-0.5955,1
05/22/2025 13:43:08.393,0.222528,-0.979172,0.087596,8.995,42.42,-1.715,-0.933,-0.5565,-0.6075,1
05/22/2025 13:43:08.413,0.199836,-0.934764,0.099308,-1.085,45.255,-6.16,-0.966,-0.5475,-0.6075,1
05/22/2025 13:43:08.433,0.1464,-0.883524,0.12932,-17.325,46.865,-6.335,-0.9525,-0.5445,-0.6375,1
05/22/2025 13:43:08.453,0.084912,-0.896944,0.170556,-38.36,43.435,-3.605,-0.975,-0.5295,-0.6495,1
05/22/2025 13:43:08.473,0.070272,-0.917928,0.169824,-44.87,40.88,-1.33,-0.975,-0.5295,-0.6495,1
05/22/2025 13:43:08.493,0.057096,-0.946232,0.183976,-45.185,39.62,0.315,-0.942,-0.54,-0.66,1
05/22/2025 13:43:08.513,0.062952,-0.985272,0.181536,-40.39,38.675,0.735,-0.9855,-0.5355,-0.6615,1
05/22/2025 13:43:08.533,0.065148,-1.014308,0.188856,-31.64,39.48,0.63,-0.9645,-0.537,-0.669,1
05/22/2025 13:43:08.553,0.10858,-1.05896,0.193004,-22.54,39.445,0.98,-0.9645,-0.5445,-0.684,1
05/22/2025 13:43:08.573,0.12688,-1.075064,0.216184,-12.005,38.85,3.5,-0.987,-0.525,-0.684,1
05/22/2025 13:43:08.593,0.130052,-1.044564,0.235216,-3.08,37.345,7.28,-0.996,-0.516,-0.7185,1
05/22/2025 13:43:08.613,0.116632,-1.020164,0.231312,0.91,34.475,11.935,-0.9585,-0.5025,-0.7365,1
05/22/2025 13:43:08.633,0.09516,-1.011624,0.228628,1.96,30.135,16.59,-0.963,-0.48,-0.738,1
05/22/2025 13:43:08.653,0.07905599,-0.972828,0.22936,4.62,26.18,20.195,-0.966,-0.4905,-0.7335,1
05/22/2025 13:43:08.673,0.07686,-0.965996,0.21472,7.245,21.07,21.98,-0.9075,-0.4845,-0.7125,1
05/22/2025 13:43:08.693,0.07564,-0.946964,0.203984,11.55,18.48,22.715,-0.9525,-0.483,-0.741,1
05/22/2025 13:43:08.713,0.064416,-0.911584,0.218868,15.155,17.605,22.295,-0.957,-0.4605,-0.7485,1
05/22/2025 13:43:08.733,0.048068,-0.90646,0.216916,14.42,15.89,18.41,-0.957,-0.4605,-0.7485,1
05/22/2025 13:43:08.753,0.044164,-0.908412,0.203252,11.095,14.175,14,-0.957,-0.4605,-0.7485,1
05/22/2025 13:43:08.773,0.036356,-0.916708,0.203496,6.65,12.215,10.255,-0.9015,-0.4545,-0.7695,1
05/22/2025 13:43:08.793,0.030256,-0.9394,0.213988,3.675,10.15,8.05,-0.906,-0.4275,-0.774,1
05/22/2025 13:43:08.813,0.019764,-0.945256,0.229848,3.15,7.875,6.475,-0.8985,-0.447,-0.762,1
05/22/2025 13:43:08.833,0.015616,-0.966972,0.229116,2.905,5.46,5.565,-0.8895,-0.4425,-0.7395,1
05/22/2025 13:43:08.853,0.00732,-0.957456,0.2379,4.06,3.605,5.285,-0.8985,-0.432,-0.759,1
05/22/2025 13:43:08.873,-0.006588,-0.932568,0.25132,4.69,2.205,5.46,-0.8835,-0.435,-0.774,1
05/22/2025 13:43:08.893,-0.025376,-0.932568,0.242292,4.34,0.455,4.515,-0.8835,-0.435,-0.7995,1
05/22/2025 13:43:08.913,-0.034404,-0.932324,0.236436,3.745,-0.7,3.115,-0.888,-0.42,-0.777,1
05/22/2025 13:43:08.933,-0.048556,-0.935496,0.228872,3.815,-1.785,1.155,-0.8685,-0.417,-0.765,1
05/22/2025 13:43:08.953,-0.058316,-0.937692,0.230824,4.375,-2.485,-0.665,-0.891,-0.423,-0.777,1
05/22/2025 13:43:08.973,-0.057828,-0.9272,0.244244,4.725,-3.71,-1.89,-0.8835,-0.4545,-0.774,1
05/22/2025 13:43:08.993,-0.065148,-0.929884,0.233508,3.57,-5.88,-2.275,-0.876,-0.4575,-0.7725,1
05/22/2025 13:43:09.013,-0.064904,-0.951844,0.210572,3.675,-6.755,-1.435,-0.876,-0.4575,-0.7725,1
05/22/2025 13:43:09.033,-0.070516,-0.946964,0.205448,4.165,-7.56,-0.105,-0.861,-0.4395,-0.765,1
05/22/2025 13:43:09.053,-0.072956,-0.945744,0.195932,2.8,-7.84,1.015,-0.882,-0.4395,-0.747,1
05/22/2025 13:43:09.073,-0.065148,-0.95648,0.1891,-0.315,-8.12,1.89,-0.8865,-0.417,-0.7395,1
05/22/2025 13:43:09.093,-0.054656,-0.983564,0.18788,-3.36,-8.33,3.115,-0.9045,-0.435,-0.7065,1
05/22/2025 13:43:09.113,-0.042212,-0.999912,0.18422,-5.075,-7.805,4.235,-0.87,-0.432,-0.708,1
05/22/2025 13:43:09.133,-0.034892,-0.991128,0.181048,-7.63,-7.455,6.125,-0.8865,-0.39,-0.717,1
05/22/2025 13:43:09.153,-0.045628,-0.964532,0.182024,-10.64,-6.685,8.47,-0.8865,-0.39,-0.717,1
05/22/2025 13:43:09.173,-0.061732,-0.9333,0.183732,-13.265,-6.51,10.885,-0.8775,-0.4065,-0.687,1
05/22/2025 13:43:09.193,-0.08686399,-0.936472,0.172264,-15.82,-6.545,12.04,-0.8745,-0.3945,-0.687,1
05/22/2025 13:43:09.213,-0.108336,-0.935984,0.16714,-17.605,-7.28,10.78,-0.855,-0.387,-0.675,1
05/22/2025 13:43:09.233,-0.105652,-0.96624,0.145668,-17.255,-8.645,6.09,-0.8655,-0.399,-0.633,1
05/22/2025 13:43:09.253,-0.105896,-0.98332,0.131272,-14.49,-10.395,0.245,-0.8655,-0.384,-0.645,1
05/22/2025 13:43:09.273,-0.074176,-1.025044,0.144692,-11.725,-14.56,-6.405,-0.8655,-0.384,-0.645,1
05/22/2025 13:43:09.293,-0.055632,-1.06994,0.1647,-10.92,-18.34,-8.05,-0.8685,-0.399,-0.606,1
05/22/2025 13:43:09.313,-0.014396,-1.110444,0.166896,-10.115,-22.785,-7.91,-0.879,-0.3645,-0.5925,1
05/22/2025 13:43:09.333,0.02318,-1.15046,0.164456,-6.615,-25.655,-6.195,-0.861,-0.369,-0.5835,1
05/22/2025 13:43:09.353,0.056364,-1.163148,0.188124,-1.54,-27.125,-3.815,-0.858,-0.3615,-0.5835,1
05/22/2025 13:43:09.373,0.062952,-1.1163,0.208132,1.96,-27.37,0.175,-0.8805,-0.339,-0.6075,1
05/22/2025 13:43:09.393,0.054168,-1.060668,0.216672,4.55,-26.11,4.865,-0.8655,-0.3465,-0.588,1
05/22/2025 13:43:09.413,0.035136,-0.9882,0.205692,4.795,-23.52,8.505,-0.876,-0.3345,-0.588,1
05/22/2025 13:43:09.433,0.013908,-0.9394,0.192272,1.12,-20.125,8.995,-0.8685,-0.3345,-0.5805,1
05/22/2025 13:43:09.453,0.00854,-0.918172,0.17812,-3.85,-17.605,6.965,-0.846,-0.336,-0.5685,1
05/22/2025 13:43:09.473,0.006588,-0.932568,0.15494,-8.995,-15.75,3.675,-0.855,-0.3195,-0.591,1
05/22/2025 13:43:09.493,0.009028,-0.931836,0.156648,-10.64,-13.825,0.56,-0.858,-0.3015,-0.5685,1
05/22/2025 13:43:09.513,0.023668,-0.939156,0.14884,-11.445,-12.74,-1.295,-0.828,-0.291,-0.564,1
05/22/2025 13:43:09.533,0.033672,-0.9333,0.122,-10.885,-12.39,-0.665,-0.828,-0.291,-0.564,1
05/22/2025 13:43:09.553,0.037088,-0.916464,0.112484,-8.995,-12.635,0.91,-0.828,-0.291,-0.564,1
05/22/2025 13:43:09.573,0.027328,-0.927688,0.078812,-6.615,-12.495,2.065,-0.798,-0.273,-0.537,1
05/22/2025 13:43:09.593,0.034404,-0.945012,0.069784,-5.425,-13.58,2.415,-0.7875,-0.276,-0.54,1
05/22/2025 13:43:09.613,0.04148,-0.96502,0.069784,-4.2,-14.42,2.415,-0.8205,-0.279,-0.5565,1
05/22/2025 13:43:09.633,0.063196,-0.979172,0.068564,-2.59,-16.17,2.695,-0.7995,-0.2535,-0.5445,1
05/22/2025 13:43:09.653,0.072468,-1.006256,0.060512,2.065,-15.68,2.31,-0.7815,-0.231,-0.5565,1
05/22/2025 13:43:09.673,0.084668,-1.04066,0.05856,8.715,-13.93,1.89,-0.78,-0.246,-0.5565,1
05/22/2025 13:43:09.693,0.09882,-1.064816,0.054412,11.62,-10.78,-0.14,-0.762,-0.2355,-0.5595,1
05/22/2025 13:43:09.713,0.105896,-1.08214,0.051728,9.555,-7.91,-1.61,-0.7815,-0.2355,-0.567,1
05/22/2025 13:43:09.733,0.109312,-1.095804,0.046848,4.55,-4.375,-2.66,-0.789,-0.2385,-0.564,1
05/22/2025 13:43:09.753,0.10248,-1.0919,0.039528,1.785,0.63,-3.15,-0.7635,-0.261,-0.5895,1
05/22/2025 13:43:09.773,0.0915,-1.025776,0.050264,0.84,5.285,-2.485,-0.7725,-0.219,-0.621,1
05/22/2025 13:43:09.793,0.073444,-1.009184,0.05612,-4.69,8.61,-1.12,-0.7935,-0.231,-0.6165,1
05/22/2025 13:43:09.813,0.043432,-0.93452,0.063684,-8.89,11.9,1.19,-0.7935,-0.231,-0.6165,1
05/22/2025 13:43:09.833,0.034892,-0.956236,0.065636,-15.12,13.895,1.855,-0.795,-0.234,-0.6405,1
05/22/2025 13:43:09.853,0.023912,-0.962336,0.05856,-17.15,15.855,1.47,-0.783,-0.2565,-0.6315,1
05/22/2025 13:43:09.873,0.037576,-0.94794,0.042944,-15.365,17.99,-0.63,-0.7935,-0.264,-0.6435,1
05/22/2025 13:43:09.893,0.045628,-0.986004,0.055388,-12.39,20.195,-2.275,-0.783,-0.2685,-0.639,1
05/22/2025 13:43:09.913,0.062952,-1.013332,0.07198,-7.98,23.24,-5.67,-0.75,-0.2415,-0.6645,0
05/22/2025 13:43:09.933,0.088572,-1.042612,0.078812,-7.735,26.25,-7.56,-0.783,-0.246,-0.6615,0
05/22/2025 13:43:09.953,0.099064,-1.071404,0.079544,-4.69,30.485,-9.03,-0.78,-0.261,-0.6735,0
05/22/2025 13:43:09.973,0.106872,-1.064572,0.059536,-4.69,33.775,-9.59,-0.78,-0.261,-0.6615,0
05/22/2025 13:43:09.993,0.110776,-1.0614,0.076372,-6.86,37.485,-9.45,-0.7695,-0.264,-0.699,0
05/22/2025 13:43:10.013,0.10736,-1.04188,0.097112,-9.94,42.525,-8.54,-0.7965,-0.2445,-0.696,0
05/22/2025 13:43:10.033,0.099064,-0.99918,0.1037,-15.365,46.655,-7.945,-0.7695,-0.2565,-0.681,0
05/22/2025 13:43:10.053,0.09857599,-1.020408,0.087352,-23.52,50.505,-7.945,-0.795,-0.2715,-0.666,0
05/22/2025 13:43:10.073,0.113948,-1.03578,0.072224,-29.365,59.605,-11.62,-0.8025,-0.2715,-0.696,0
05/22/2025 13:43:10.093,0.125904,-1.030168,0.054412,-28.245,67.83,-15.085,-0.8025,-0.2715,-0.696,0
05/22/2025 13:43:10.113,0.09394,-0.995276,0.040504,-25.515,73.5,-17.08,-0.816,-0.297,-0.678,0
05/22/2025 13:43:10.133,0.066856,-0.964288,0.036844,-28.175,76.09,-16.625,-0.801,-0.306,-0.681,0
05/22/2025 13:43:10.153,0.050264,-0.978928,0.068564,-27.3,77.77,-15.925,-0.8235,-0.282,-0.663,0
05/22/2025 13:43:10.173,0.036112,-0.991372,0.094916,-19.88,79.555,-15.365,-0.8175,-0.2895,-0.69,0
05/22/2025 13:43:10.193,0.029036,-1.025044,0.075884,-9.87,77.98,-16.485,-0.828,-0.3045,-0.6705,0
05/22/2025 13:43:10.213,0.046116,-1.024556,0.09076799,1.855,73.78,-18.9,-0.831,-0.327,-0.708,0
05/22/2025 13:43:10.233,0.058804,-1.012844,0.105652,8.995,69.895,-20.545,-0.8565,-0.3495,-0.693,0
05/22/2025 13:43:10.253,0.065636,-1.017724,0.09857599,19.355,65.695,-21.07,-0.852,-0.327,-0.7545,0
05/22/2025 13:43:10.273,0.080032,-0.960872,0.101016,33.075,61.845,-20.405,-0.8655,-0.345,-0.7515,0
05/22/2025 13:43:10.293,0.11224,-0.955504,0.085888,37.485,59.78,-18.725,-0.8775,-0.33,-0.771,0
05/22/2025 13:43:10.313,0.133224,-0.93696,0.1159,35.21,58.905,-16.695,-0.8895,-0.378,-0.816,0
05/22/2025 13:43:10.333,0.135176,-0.920612,0.17812,23.24,57.54,-12.81,-0.8685,-0.3555,-0.834,0
05/22/2025 13:43:10.353,0.147864,-0.924028,0.161772,13.86,56.595,-11.27,-0.8685,-0.3555,-0.834,0
05/22/2025 13:43:10.373,0.153476,-0.930372,0.166164,3.675,56.175,-10.85,-0.909,-0.4155,-0.903,0
05/22/2025 13:43:10.393,0.164456,-1.004792,0.150304,-4.305,55.65,-11.445,-0.924,-0.411,-0.9045,0
05/22/2025 13:43:10.413,0.15616,-1.006256,0.19398,-4.83,54.075,-11.445,-0.951,-0.411,-0.909,0
05/22/2025 13:43:10.433,0.13542,-1.039196,0.2318,-2.205,51.87,-10.43,-0.9255,-0.396,-0.9375,0
05/22/2025 13:43:10.453,0.11102,-1.012112,0.240828,1.715,49.63,-9.485,-0.936,-0.4365,-0.9195,0
05/22/2025 13:43:10.473,0.084668,-1.015772,0.231068,7.175,45.57,-9.59,-0.966,-0.414,-0.912,0
05/22/2025 13:43:10.493,0.058072,-0.989664,0.22448,14.875,41.965,-9.275,-0.9615,-0.4245,-0.909,0
05/22/2025 13:43:10.513,0.057096,-0.967704,0.22692,22.365,39.725,-8.89,-0.9285,-0.4215,-0.927,0
05/22/2025 13:43:10.533,0.04148,-0.909632,0.244,25.515,38.64,-7.77,-0.933,-0.444,-0.945,0
05/22/2025 13:43:10.553,0.032452,-0.922076,0.245708,22.4,37.555,-6.335,-0.936,-0.429,-0.9495,0
05/22/2025 13:43:10.573,0.03172,-0.909632,0.23912,18.515,36.365,-5.95,-0.948,-0.4485,-0.9495,0
05/22/2025 13:43:10.593,0.04636,-0.921344,0.20618,10.885,33.67,-6.405,-0.948,-0.4485,-0.9495,0
05/22/2025 13:43:10.613,0.071736,-1.003816,0.165432,7.875,32.2,-7.385,-0.945,-0.429,-0.957,0
05/22/2025 13:43:10.633,0.081496,-0.987712,0.182756,7.63,30.765,-7.84,-0.9255,-0.444,-0.975,0
05/22/2025 13:43:10.653,0.08784,-1.009428,0.157868,3.255,28.595,-7.245,-0.9345,-0.429,-0.987,0
05/22/2025 13:43:10.673,0.089548,-1.035536,0.102968,1.085,25.865,-6.125,-0.93,-0.444,-1.0095,0
05/22/2025 13:43:10.693,0.09638,-1.069208,0.11956,5.88,23.8,-5.39,-0.9315,-0.4215,-1.0095,0
05/22/2025 13:43:10.713,0.108336,-1.060912,0.152988,17.01,21.14,-4.83,-0.9015,-0.4335,-1.0275,0
05/22/2025 13:43:10.733,0.109312,-1.02968,0.152744,26.985,19.425,-3.92,-0.9135,-0.447,-1.0515,0
05/22/2025 13:43:10.753,0.12444,-0.988444,0.173484,31.115,17.08,-2.135,-0.933,-0.429,-1.074,0
05/22/2025 13:43:10.773,0.107848,-0.961604,0.205692,30.135,15.89,1.47,-0.918,-0.432,-1.086,0
05/22/2025 13:43:10.793,0.088084,-0.923296,0.229848,26.6,14.875,5.18,-0.9255,-0.4245,-1.0815,0
05/22/2025 13:43:10.813,0.07686,-0.926224,0.226676,20.3,13.16,6.895,-0.915,-0.4515,-1.1265,0
05/22/2025 13:43:10.833,0.067832,-0.893528,0.222284,18.69,12.53,5.18,-0.897,-0.4365,-1.146,0
05/22/2025 13:43:10.853,0.073444,-0.904752,0.220332,12.355,12.215,1.12,-0.894,-0.444,-1.1415,0
05/22/2025 13:43:10.873,0.079544,-0.922808,0.219112,-2.205,10.92,-6.475,-0.8715,-0.432,-1.152,0
05/22/2025 13:43:10.893,0.060024,-0.942572,0.25864,-9.31,9.45,-8.96,-0.8715,-0.432,-1.152,0
05/22/2025 13:43:10.913,0.033672,-0.967704,0.25254,-12.985,6.3,-9.38,-0.9165,-0.417,-1.1655,0
05/22/2025 13:43:10.933,0.020496,-0.973804,0.237656,-10.29,2.45,-9.205,-0.909,-0.4275,-1.158,0
05/22/2025 13:43:10.953,0.01464,-1.00528,0.24278,-1.96,-0.21,-8.365,-0.879,-0.4095,-1.149,0
05/22/2025 13:43:10.973,0.0244,-0.990884,0.259372,11.69,-2.24,-7.105,-0.882,-0.4095,-1.122,0
05/22/2025 13:43:10.993,0.043676,-0.978196,0.270352,24.745,-2.485,-5.81,-0.8535,-0.4065,-1.1295,0
05/22/2025 13:43:11.013,0.067588,-0.929396,0.257908,32.06,-2.275,-5.25,-0.8505,-0.384,-1.1565,0
05/22/2025 13:43:11.033,0.096868,-0.898896,0.240584,25.69,-0.735,-3.535,-0.876,-0.3765,-1.1415,0
05/22/2025 13:43:11.053,0.109312,-0.895236,0.260592,13.195,2.31,0.525,-0.8295,-0.3885,-1.182,0
05/22/2025 13:43:11.073,0.10492,-0.900604,0.286944,-2.625,4.41,5.495,-0.84,-0.387,-1.182,0
05/22/2025 13:43:11.093,0.095404,-0.934764,0.276452,-13.79,5.11,10.36,-0.822,-0.4065,-1.197,0
05/22/2025 13:43:11.113,0.112972,-0.981124,0.2196,-15.47,5.775,14.56,-0.807,-0.414,-1.2195,0
05/22/2025 13:43:11.133,0.174704,-1.026996,0.196664,-8.575,7.525,15.89,-0.7995,-0.381,-1.2,0
05/22/2025 13:43:11.153,0.228872,-1.023336,0.225944,0.525,13.72,13.125,-0.7995,-0.381,-1.2,0
05/22/2025 13:43:11.173,0.254492,-1.047492,0.232044,-5.775,17.01,9.1,-0.75,-0.363,-1.2405,0
05/22/2025 13:43:11.193,0.254492,-1.094584,0.211304,-12.39,20.825,5.215,-0.753,-0.354,-1.2405,0
05/22/2025 13:43:11.213,0.235704,-1.081408,0.231312,-14.21,22.82,1.19,-0.7755,-0.339,-1.245,0
05/22/2025 13:43:11.233,0.20374,-1.087996,0.24644,-20.265,23.38,-1.12,-0.732,-0.3255,-1.2555,0
05/22/2025 13:43:11.253,0.122732,-1.078968,0.269376,-23.835,24.5,-0.49,-0.747,-0.3615,-1.2675,0
05/22/2025 13:43:11.273,0.066856,-1.038952,0.253516,-23.975,23.695,0.315,-0.7395,-0.336,-1.2705,0
05/22/2025 13:43:11.293,0.037088,-0.999424,0.238632,-20.51,20.545,0.735,-0.729,-0.3255,-1.26,0
05/22/2025 13:43:11.313,0.029768,-1.00284,0.233508,-16.345,17.08,0.63,-0.696,-0.318,-1.2855,0
05/22/2025 13:43:11.333,0.059048,-0.98332,0.214232,-14.875,14.245,0.455,-0.72,-0.336,-1.2555,0
05/22/2025 13:43:11.353,0.12078,-0.981612,0.20618,-16.45,14.245,-0.105,-0.6915,-0.333,-1.254,0
05/22/2025 13:43:11.373,0.170312,-1.00528,0.177144,-17.605,19.18,-0.035,-0.711,-0.303,-1.2705,0
05/22/2025 13:43:11.393,0.167628,-0.976732,0.193492,-20.23,26.95,0.175,-0.729,-0.321,-1.275,0
05/22/2025 13:43:11.413,0.136884,-1.01138,0.1403,-17.255,33.04,-6.615,-0.7065,-0.291,-1.263,0
05/22/2025 13:43:11.433,0.103944,-0.922076,0.136884,-5.6,34.405,-11.55,-0.669,-0.2805,-1.251,0
05/22/2025 13:43:11.453,0.03416,-0.893284,0.152012,0.7,34.055,-13.51,-0.696,-0.291,-1.2465,0
05/22/2025 13:43:11.473,0.007808,-0.855952,0.1281,5.18,29.68,-15.05,-0.6855,-0.288,-1.2735,0
05/22/2025 13:43:11.493,0.010248,-0.862296,0.133956,9.415,27.23,-16.1,-0.6855,-0.288,-1.266,0
05/22/2025 13:43:11.513,0.02928,-0.889136,0.15006,11.9,24.43,-17.5,-0.6855,-0.2985,-1.2765,0
05/22/2025 13:43:11.533,0.061732,-0.945744,0.168848,12.355,21.875,-19.075,-0.6855,-0.2985,-1.2765,0
05/22/2025 13:43:11.553,0.119316,-0.965264,0.17934,12.985,19.985,-20.23,-0.7035,-0.2955,-1.2855,0
05/22/2025 13:43:11.573,0.153964,-0.99308,0.162504,13.895,20.51,-19.845,-0.6585,-0.3225,-1.287,0
05/22/2025 13:43:11.593,0.147376,-1.006988,0.174216,10.85,20.895,-17.5,-0.6735,-0.2955,-1.284,0
05/22/2025 13:43:11.613,0.125172,-1.01992,0.18666,5.53,19.11,-14.35,-0.6555,-0.3255,-1.287,0
05/22/2025 13:43:11.633,0.116144,-1.009672,0.19276,5.81,15.715,-11.935,-0.663,-0.318,-1.3185,0
05/22/2025 13:43:11.653,0.103944,-0.95648,0.197396,10.5,12.88,-10.5,-0.678,-0.3255,-1.3185,0
05/22/2025 13:43:11.673,0.095892,-0.927444,0.195932,12.74,10.815,-9.52,-0.708,-0.3555,-1.3185,0
05/22/2025 13:43:11.693,0.083448,-0.915732,0.22814,7.77,8.33,-8.75,-0.708,-0.3555,-1.3185,0
05/22/2025 13:43:11.713,0.083692,-0.925492,0.219844,4.13,5.845,-9.24,-0.7185,-0.3615,-1.338,0
05/22/2025 13:43:11.733,0.087352,-0.927932,0.235704,5.95,4.095,-10.115,-0.741,-0.354,-1.3395,0
05/22/2025 13:43:11.753,0.091012,-0.942084,0.238144,10.955,2.975,-11.095,-0.7455,-0.381,-1.3545,0
05/22/2025 13:43:11.773,0.093208,-0.935252,0.257664,17.22,3.08,-12.005,-0.7485,-0.3615,-1.332,0
05/22/2025 13:43:11.793,0.094916,-0.949648,0.277428,17.605,2.31,-12.775,-0.7605,-0.3615,-1.3545,0
05/22/2025 13:43:11.813,0.107604,-0.96136,0.287432,15.575,1.295,-13.09,-0.7995,-0.384,-1.341,0
05/22/2025 13:43:11.833,0.113704,-0.974048,0.262788,13.02,1.295,-12.355,-0.789,-0.3795,-1.356,0
05/22/2025 13:43:11.853,0.113704,-0.96624,0.284992,12.81,2.45,-10.78,-0.7965,-0.3675,-1.3515,0
05/22/2025 13:43:11.873,0.10858,-1.00528,0.307196,10.92,3.57,-8.575,-0.801,-0.372,-1.3485,0
05/22/2025 13:43:11.893,0.119072,-1.020652,0.293532,9.625,4.375,-6.37,-0.804,-0.375,-1.3515,0
05/22/2025 13:43:11.913,0.126636,-1.02968,0.29646,9.485,6.09,-3.815,-0.8115,-0.3945,-1.356,0
05/22/2025 13:43:11.933,0.116876,-1.017968,0.299144,8.995,6.65,-1.435,-0.7965,-0.3825,-1.371,0
05/22/2025 13:43:11.953,0.1037,-1.043588,0.287676,12.495,4.795,1.96,-0.7965,-0.3825,-1.371,0
05/22/2025 13:43:11.973,0.10248,-1.006256,0.277916,19.6,2.94,3.22,-0.7965,-0.3825,-1.371,0
05/22/2025 13:43:11.993,0.099552,-0.962336,0.27938,25.445,1.12,3.675,-0.7935,-0.375,-1.374,0
05/22/2025 13:43:12.013,0.10736,-0.92476,0.285968,27.405,-0.665,3.465,-0.7905,-0.387,-1.3785,0
05/22/2025 13:43:12.033,0.118096,-0.916708,0.286212,24.465,-1.715,2.87,-0.8085,-0.3945,-1.398,0
05/22/2025 13:43:12.053,0.13542,-0.915244,0.299388,19.95,-2.485,1.855,-0.771,-0.417,-1.3995,0
05/22/2025 13:43:12.073,0.141764,-0.915244,0.312808,15.75,-2.38,1.75,-0.78,-0.4095,-1.416,0
05/22/2025 13:43:12.093,0.137616,-0.929396,0.32208,14,-2.345,1.82,-0.7455,-0.429,-1.395,0
05/22/2025 13:43:12.113,0.14152,-0.931592,0.316224,15.365,-2.485,1.925,-0.801,-0.4095,-1.416,0
05/22/2025 13:43:12.133,0.14884,-0.928908,0.329888,17.185,-2.59,2.17,-0.795,-0.4275,-1.431,0
05/22/2025 13:43:12.153,0.140544,-0.928176,0.350872,19.25,-2.275,2.065,-0.8055,-0.447,-1.461,0
05/22/2025 13:43:12.173,0.150304,-0.92476,0.36356,19.495,-2.66,1.68,-0.81,-0.4395,-1.443,0
05/22/2025 13:43:12.193,0.15494,-0.915976,0.366732,17.325,-2.87,0.98,-0.792,-0.4245,-1.4505,0
05/22/2025 13:43:12.213,0.16104,-0.928908,0.383324,8.085,-0.665,1.82,-0.7695,-0.459,-1.4685,0
05/22/2025 13:43:12.233,0.175924,-0.935984,0.385032,4.69,1.365,2.975,-0.7695,-0.459,-1.4685,0
05/22/2025 13:43:12.253,0.165676,-0.94062,0.391132,2.695,2.625,3.78,-0.795,-0.465,-1.4955,0
05/22/2025 13:43:12.273,0.159088,-0.929396,0.389424,0.14,2.45,4.2,-0.7695,-0.4275,-1.4955,0
05/22/2025 13:43:12.293,0.160308,-0.931836,0.363804,-0.245,2.03,4.095,-0.789,-0.417,-1.476,0
05/22/2025 13:43:12.313,0.163724,-0.928176,0.363804,1.4,2.73,3.64,-0.777,-0.4275,-1.4955,0
05/22/2025 13:43:12.333,0.156404,-0.899384,0.370148,2.73,3.115,3.395,-0.7725,-0.45,-1.476,0
05/22/2025 13:43:12.353,0.155916,-0.894748,0.357948,-0.49,2.52,2.52,-0.777,-0.4395,-1.491,0
05/22/2025 13:43:12.373,0.16104,-0.910608,0.346968,-5.915,0.91,1.435,-0.7365,-0.4365,-1.4865,0
05/22/2025 13:43:12.393,0.165432,-0.918416,0.333304,-6.405,-0.7,0.49,-0.7395,-0.4395,-1.4715,0
05/22/2025 13:43:12.413,0.15372,-0.922076,0.33672,-2.625,-2.31,0,-0.708,-0.417,-1.497,0
05/22/2025 13:43:12.433,0.139568,-0.921588,0.32452,0.525,-3.92,-0.455,-0.7365,-0.4245,-1.479,0
05/22/2025 13:43:12.453,0.140788,-0.942572,0.338428,0.35,-5.11,-0.49,-0.7155,-0.4065,-1.5015,0
05/22/2025 13:43:12.473,0.147376,-0.973804,0.34892,1.225,-6.475,-0.245,-0.7035,-0.441,-1.482,0
05/22/2025 13:43:12.493,0.151768,-0.97722,0.345016,1.995,-7.315,0.735,-0.7035,-0.441,-1.482,0
05/22/2025 13:43:12.513,0.15006,-0.985272,0.35746,0.7,-7.105,1.785,-0.7035,-0.441,-1.482,0
05/22/2025 13:43:12.533,0.1464,-1.004304,0.3538,0.77,-7,2.765,-0.681,-0.444,-1.5105,0
05/22/2025 13:43:12.553,0.14274,-0.974292,0.382592,4.69,-7.805,2.695,-0.6855,-0.4335,-1.515,0
05/22/2025 13:43:12.573,0.141032,-0.957944,0.394792,6.615,-8.89,2.765,-0.6705,-0.426,-1.5225,0
05/22/2025 13:43:12.593,0.1525,-0.954284,0.416508,5.6,-10.745,0.245,-0.705,-0.429,-1.5315,0
05/22/2025 13:43:12.613,0.145912,-0.983076,0.420412,6.65,-14.735,-2.485,-0.678,-0.444,-1.53,0
05/22/2025 13:43:12.633,0.145912,-0.982832,0.453108,16.17,-20.685,-5.915,-0.705,-0.447,-1.539,0
05/22/2025 13:43:12.653,0.1647,-0.93086,0.44286,21.84,-25.305,-8.505,-0.69,-0.456,-1.545,0
05/22/2025 13:43:12.673,0.183732,-0.905972,0.425292,18.025,-27.475,-7.875,-0.693,-0.474,-1.557,0
05/22/2025 13:43:12.693,0.191296,-0.90646,0.417972,16.345,-25.585,-4.375,-0.723,-0.489,-1.542,0
05/22/2025 13:43:12.713,0.184952,-0.90646,0.422852,17.745,-22.715,-1.47,-0.723,-0.474,-1.5735,0
05/22/2025 13:43:12.733,0.17324,-0.865956,0.41846,16.73,-18.48,-0.035,-0.7455,-0.48,-1.5585,0
05/22/2025 13:43:12.753,0.16348,-0.849608,0.39284,10.36,-11.725,0.28,-0.771,-0.4845,-1.566,0
05/22/2025 13:43:12.773,0.135664,-0.846436,0.344528,1.925,-7.035,-0.595,-0.771,-0.4845,-1.566,0
05/22/2025 13:43:12.793,0.135664,-0.842532,0.33672,-3.57,-3.885,-2.8,-0.7635,-0.462,-1.548,0
05/22/2025 13:43:12.813,0.150304,-0.868396,0.353312,-4.2,-0.28,-4.97,-0.771,-0.4875,-1.551,0
05/22/2025 13:43:12.833,0.147132,-0.875228,0.362828,-2.555,2.73,-6.16,-0.756,-0.477,-1.5285,0
05/22/2025 13:43:12.853,0.166896,-0.860344,0.338916,-2.275,2.835,-6.895,-0.786,-0.462,-1.5405,0
05/22/2025 13:43:12.873,0.179584,-0.85644,0.3477,-4.935,3.675,-7.245,-0.7665,-0.465,-1.5435,0
05/22/2025 13:43:12.893,0.18666,-0.85888,0.364292,-10.99,3.605,-7.315,-0.786,-0.4695,-1.545,0
05/22/2025 13:43:12.913,0.16836,-0.909388,0.370148,-15.505,2.415,-7,-0.7815,-0.4725,-1.5405,0
05/22/2025 13:43:12.933,0.197152,-0.930372,0.361608,-15.12,0.525,-6.685,-0.771,-0.462,-1.5405,0
05/22/2025 13:43:12.953,0.185684,-0.931836,0.365024,-12.46,2.59,-5.25,-0.771,-0.462,-1.5405,0
05/22/2025 13:43:12.973,0.177388,-0.889624,0.377712,-11.865,4.27,-4.165,-0.7485,-0.4665,-1.5135,0
05/22/2025 13:43:12.993,0.157868,-0.897432,0.386984,-15.225,5.74,-2.205,-0.7635,-0.462,-1.5285,0
05/22/2025 13:43:13.013,0.157136,-0.883036,0.399916,-16.905,6.405,-1.365,-0.7665,-0.492,-1.536,0
05/22/2025 13:43:13.033,0.132248,-0.887428,0.394792,-17.185,8.015,-1.645,-0.771,-0.462,-1.5255,0
05/22/2025 13:43:13.053,0.11468,-0.89426,0.388936,-14.77,9.065,-2.625,-0.807,-0.4905,-1.533,0
05/22/2025 13:43:13.073,0.11346,-0.90158,0.38308,-10.78,9.065,-4.62,-0.789,-0.447,-1.503,0
05/22/2025 13:43:13.093,0.123952,-0.916952,0.356484,-8.26,9.94,-5.6,-0.789,-0.447,-1.518,0
05/22/2025 13:43:13.113,0.105896,-0.932324,0.355996,-5.355,12.53,-6.125,-0.771,-0.477,-1.533,0
05/22/2025 13:43:13.133,0.098088,-0.938668,0.340136,-4.2,14.49,-6.195,-0.7845,-0.4545,-1.5105,0
05/22/2025 13:43:13.153,0.090524,-0.965264,0.338184,-2.275,16.1,-5.32,-0.7815,-0.447,-1.5105,0
05/22/2025 13:43:13.173,0.096868,-0.96868,0.324276,-2.205,16.205,-3.99,-0.7995,-0.4425,-1.5075,0
05/22/2025 13:43:13.193,0.101992,-0.98454,0.318176,-4.025,16.415,-1.295,-0.8085,-0.4305,-1.518,0
05/22/2025 13:43:13.213,0.114436,-0.979416,0.302804,-4.2,16.345,1.54,-0.807,-0.45,-1.5105,0
05/22/2025 13:43:13.233,0.116388,-1.003816,0.305,-4.935,16.905,5.565,-0.8295,-0.453,-1.5225,0
05/22/2025 13:43:13.253,0.114436,-0.976244,0.3111,-4.305,16.24,7.98,-0.801,-0.42,-1.5075,0
05/22/2025 13:43:13.273,0.107116,-0.971852,0.315004,-3.99,15.19,10.01,-0.7995,-0.4455,-1.5075,0
05/22/2025 13:43:13.293,0.081252,-0.9394,0.360876,-1.575,12.775,11.27,-0.792,-0.4545,-1.4685,0
05/22/2025 13:43:13.313,0.066856,-0.914024,0.41114,2.065,10.78,11.165,-0.792,-0.4545,-1.4685,0
05/22/2025 13:43:13.333,0.066368,-0.937936,0.41602,3.745,8.12,10.36,-0.7815,-0.4275,-1.5105,0
05/22/2025 13:43:13.353,0.066124,-0.937448,0.439444,6.23,6.265,8.925,-0.786,-0.432,-1.506,0
05/22/2025 13:43:13.373,0.0793,-0.948184,0.437004,7.315,5.705,8.155,-0.7635,-0.4395,-1.5255,0
05/22/2025 13:43:13.393,0.089792,-0.966972,0.466528,11.9,8.505,7.84,-0.7515,-0.4545,-1.4985,0
05/22/2025 13:43:13.413,0.0976,-0.920856,0.482144,16.73,12.25,6.09,-0.7695,-0.462,-1.509,0
05/22/2025 13:43:13.433,0.112728,-0.906216,0.46482,13.615,14.805,4.095,-0.7455,-0.4695,-1.539,0
05/22/2025 13:43:13.453,0.123952,-0.904752,0.436272,9.765,18.585,2.555,-0.7455,-0.45,-1.536,0
05/22/2025 13:43:13.473,0.127856,-0.90524,0.426756,7.28,20.685,-0.315,-0.723,-0.4515,-1.5465,0
05/22/2025 13:43:13.493,0.133224,-0.878888,0.408456,8.505,21.07,-3.255,-0.708,-0.489,-1.554,0
05/22/2025 13:43:13.513,0.1403,-0.883524,0.391864,9.905,20.37,-5.495,-0.72,-0.4965,-1.5915,0
05/22/2025 13:43:13.533,0.148596,-0.872544,0.368196,10.255,19.075,-7.945,-0.7155,-0.4965,-1.587,0
05/22/2025 13:43:13.553,0.1525,-0.866444,0.336476,9.94,17.185,-10.535,-0.738,-0.5025,-1.5885,0
05/22/2025 13:43:13.573,0.181048,-0.8357,0.325252,12.11,15.82,-14.56,-0.738,-0.5025,-1.5885,0
05/22/2025 13:43:13.593,0.188124,-0.83448,0.321104,8.82,15.26,-16.8,-0.7305,-0.552,-1.6365,0
05/22/2025 13:43:13.613,0.179828,-0.8296,0.27816,2.975,14.63,-19.425,-0.723,-0.534,-1.6185,0
05/22/2025 13:43:13.633,0.19276,-0.847412,0.276208,-5.705,13.685,-20.755,-0.7275,-0.5415,-1.626,0
05/22/2025 13:43:13.653,0.196664,-0.848144,0.30378,-9.485,13.16,-21.35,-0.7605,-0.552,-1.623,0
05/22/2025 13:43:13.673,0.2135,-0.856928,0.310124,-11.795,12.705,-21.98,-0.7755,-0.552,-1.6275,0
05/22/2025 13:43:13.693,0.206912,-0.835212,0.287432,-15.855,11.165,-23.625,-0.7485,-0.567,-1.6215,0
05/22/2025 13:43:13.713,0.210084,-0.852048,0.27938,-20.195,10.115,-24.57,-0.7635,-0.57,-1.623,0
05/22/2025 13:43:13.733,0.221552,-0.912316,0.291824,-16.38,10.395,-24.885,-0.774,-0.57,-1.6035,0
05/22/2025 13:43:13.753,0.218868,-0.9272,0.327692,-9.275,10.57,-23.94,-0.7605,-0.585,-1.623,0
05/22/2025 13:43:13.773,0.210084,-0.91988,0.352824,-8.05,10.465,-22.295,-0.756,-0.585,-1.6185,0
05/22/2025 13:43:13.793,0.204472,-0.953552,0.36478,-9.975,10.36,-20.965,-0.738,-0.567,-1.611,0
05/22/2025 13:43:13.813,0.209108,-0.972828,0.38308,-10.815,9.625,-18.865,-0.7485,-0.594,-1.6185,0
05/22/2025 13:43:13.833,0.214476,-1.031388,0.38552,-5.635,9.905,-12.705,-0.756,-0.5745,-1.626,0
05/22/2025 13:43:13.853,0.229604,-1.019676,0.387228,-2.205,10.01,-8.295,-0.723,-0.6315,-1.632,0
05/22/2025 13:43:13.873,0.225212,-0.991372,0.3904,-1.75,9.835,-3.99,-0.7365,-0.612,-1.6215,0
05/22/2025 13:43:13.893,0.230336,-0.994788,0.381128,-2.135,8.225,-0.105,-0.7365,-0.612,-1.6215,0
05/22/2025 13:43:13.913,0.246684,-0.97844,0.369904,-0.035,5.355,3.465,-0.7005,-0.609,-1.6275,0
05/22/2025 13:43:13.933,0.254492,-0.954528,0.35502,5.145,2.1,7.49,-0.6585,-0.618,-1.608,0
05/22/2025 13:43:13.953,0.231312,-0.905728,0.368684,14.35,0.07,10.99,-0.663,-0.636,-1.626,0
05/22/2025 13:43:13.973,0.211304,-0.882792,0.345016,17.885,-2.52,12.18,-0.666,-0.633,-1.6305,0
05/22/2025 13:43:13.993,0.227408,-0.834724,0.3538,15.82,-5.18,10.36,-0.6975,-0.6285,-1.6575,0
05/22/2025 13:43:14.013,0.218624,-0.80886,0.358192,12.355,-5.775,6.825,-0.69,-0.6285,-1.6425,0
05/22/2025 13:43:14.033,0.205692,-0.832772,0.34892,7.35,-4.41,2.87,-0.7005,-0.6315,-1.635,0
05/22/2025 13:43:14.053,0.186904,-0.84424,0.368196,4.585,-2.8,-1.365,-0.7035,-0.636,-1.6425,0
05/22/2025 13:43:14.073,0.188856,-0.861808,0.393816,2.66,-2.1,-3.92,-0.6705,-0.6435,-1.653,0
05/22/2025 13:43:14.093,0.196176,-0.90524,0.419192,8.295,-1.68,-4.865,-0.678,-0.6585,-1.665,0
05/22/2025 13:43:14.113,0.201056,-0.921344,0.422608,11.935,-2.135,-4.55,-0.675,-0.636,-1.68,0
05/22/2025 13:43:14.133,0.177632,-0.921344,0.43066,11.62,-3.115,-4.76,-0.693,-0.6465,-1.6425,0
05/22/2025 13:43:14.153,0.180072,-0.905972,0.454328,10.5,-3.78,-4.34,-0.663,-0.666,-1.668,0
05/22/2025 13:43:14.173,0.170068,-0.91378,0.45018,7.98,-3.43,-3.535,-0.693,-0.6735,-1.665,0
05/22/2025 13:43:14.193,0.212036,-0.883524,0.426756,5.005,-2.31,-3.535,-0.7185,-0.666,-1.6515,0
05/22/2025 13:43:14.213,0.161772,-1.001132,0.489464,1.015,2.24,-0.21,-0.7065,-0.6615,-1.6425,0
05/22/2025 13:43:14.233,0.19032,-0.91988,0.443348,-0.525,1.575,-0.7,-0.711,-0.6735,-1.665,0
05/22/2025 13:43:14.253,0.168848,-0.89792,0.419924,-1.33,0.665,-0.91,-0.7065,-0.6735,-1.6425,0
05/22/2025 13:43:14.273,0.189344,-0.908412,0.428464,0.91,-1.33,-2.1,-0.7005,-0.684,-1.6725,0
05/22/2025 13:43:14.293,0.209352,-0.920124,0.428952,2.695,-4.725,-3.71,-0.7155,-0.666,-1.6545,0
05/22/2025 13:43:14.313,0.233264,-0.911828,0.406504,4.935,-6.37,-4.165,-0.711,-0.6765,-1.6545,0
05/22/2025 13:43:14.333,0.244976,-0.877424,0.389424,8.61,-7.28,-4.795,-0.7185,-0.6885,-1.6665,0
05/22/2025 13:43:14.353,0.2745,-0.85766,0.382592,7.49,-8.4,-4.795,-0.696,-0.7035,-1.65,0
05/22/2025 13:43:14.373,0.25986,-0.820328,0.382104,10.15,-11.795,-6.825,-0.696,-0.7035,-1.65,0
05/22/2025 13:43:14.393,0.2623,-0.798856,0.3782,10.99,-15.4,-10.08,-0.711,-0.7035,-1.6545,0
05/22/2025 13:43:14.413,0.239364,-0.856684,0.382348,10.01,-17.115,-11.865,-0.7515,-0.699,-1.647,0
05/22/2025 13:43:14.433,0.24766,-0.778604,0.415532,15.68,-20.02,-15.89,-0.7365,-0.699,-1.6545,0
05/22/2025 13:43:14.453,0.274256,-0.847656,0.40504,14.455,-22.05,-16.52,-0.747,-0.7065,-1.6545,0
05/22/2025 13:43:14.473,0.25132,-0.876936,0.476532,15.925,-15.4,-15.61,-0.7845,-0.717,-1.683,0
05/22/2025 13:43:14.493,0.270596,-0.9455,0.460184,12.425,-14.175,-12.53,-0.807,-0.735,-1.668,0
05/22/2025 13:43:14.513,0.292068,-0.971364,0.45872,11.41,-11.41,-10.36,-0.81,-0.735,-1.665,0
05/22/2025 13:43:14.533,0.30378,-0.972828,0.429196,5.81,-9.87,-7.77,-0.819,-0.7125,-1.68,0
05/22/2025 13:43:14.553,0.298412,-0.923296,0.415044,-3.255,-9.275,-5.915,-0.807,-0.75,-1.695,0
05/22/2025 13:43:14.573,0.318176,-0.895724,0.380152,-15.715,-10.71,-2.625,-0.8415,-0.708,-1.68,0
05/22/2025 13:43:14.593,0.36478,-0.917684,0.355264,-20.3,-11.13,0.455,-0.8445,-0.723,-1.6725,0
05/22/2025 13:43:14.613,0.381616,-0.85766,0.363316,-17.955,-9.905,2.24,-0.873,-0.711,-1.6515,0
05/22/2025 13:43:14.633,0.412604,-0.831308,0.30378,-24.675,-4.655,4.235,-0.8535,-0.705,-1.6275,0
05/22/2025 13:43:14.653,0.40138,-0.789828,0.319884,-29.96,-0.595,3.955,-0.8535,-0.705,-1.6275,0
05/22/2025 13:43:14.673,0.38796,-0.812764,0.339648,-39.305,-0.455,3.29,-0.891,-0.663,-1.614,0
05/22/2025 13:43:14.693,0.365512,-0.831308,0.30866,-45.465,-1.925,1.75,-0.8655,-0.6435,-1.614,0
05/22/2025 13:43:14.713,0.37332,-0.839848,0.286944,-44.905,-2.835,0.315,-0.8625,-0.621,-1.6245,0
05/22/2025 13:43:14.733,0.361608,-0.869128,0.274256,-44.8,-1.855,0.56,-0.8475,-0.6105,-1.587,0
05/22/2025 13:43:14.753,0.359412,-0.901824,0.279624,-45.08,-0.84,1.68,-0.855,-0.573,-1.5675,0
05/22/2025 13:43:14.773,0.353312,-0.948672,0.316468,-44.59,-0.98,3.535,-0.8325,-0.573,-1.5405,0
05/22/2025 13:43:14.793,0.387228,-0.915976,0.301828,-44.345,-2.345,6.335,-0.8655,-0.5385,-1.554,0
05/22/2025 13:43:14.813,0.354288,-1.04066,0.282796,-45.57,-3.815,12.46,-0.8505,-0.5205,-1.497,0
05/22/2025 13:43:14.833,0.323788,-0.989176,0.287188,-40.425,-9.87,19.6,-0.831,-0.51,-1.4775,0
05/22/2025 13:43:14.853,0.325984,-0.999668,0.26962,-34.615,-16.905,24.815,-0.8265,-0.477,-1.443,0
05/22/2025 13:43:14.873,0.317444,-0.897676,0.229604,-27.23,-25.48,27.93,-0.8205,-0.4275,-1.443,0
05/22/2025 13:43:14.893,0.301096,-0.856684,0.215696,-25.935,-36.54,27.16,-0.816,-0.4395,-1.416,0
05/22/2025 13:43:14.913,0.326228,-0.905484,0.220576,-18.165,-48.895,25.095,-0.816,-0.4395,-1.416,0
05/22/2025 13:43:14.933,0.327448,-0.86864,0.243024,-12.075,-52.325,22.715,-0.816,-0.4395,-1.416,0
05/22/2025 13:43:14.953,0.334036,-0.887916,0.202276,-8.365,-54.495,17.605,-0.837,-0.3975,-1.353,0
05/22/2025 13:43:14.973,0.3294,-0.8601,0.156404,-9.975,-54.11,13.51,-0.8325,-0.375,-1.326,0
05/22/2025 13:43:14.993,0.316224,-0.936228,0.144936,-15.82,-58.205,10.22,-0.8475,-0.375,-1.308,0
05/22/2025 13:43:15.013,0.329888,-0.943304,0.13176,-17.395,-61.53,6.545,-0.8505,-0.3675,-1.278,0
05/22/2025 13:43:15.033,0.2867,-0.940376,0.145668,-14.945,-63.63,2.1,-0.8685,-0.357,-1.236,0
05/22/2025 13:43:15.053,0.272304,-0.931104,0.22082,-7.175,-65.59,-3.08,-0.891,-0.318,-1.215,0
05/22/2025 13:43:15.073,0.28548,-0.932812,0.297924,-0.28,-68.845,-8.05,-0.948,-0.3405,-1.182,0
05/22/2025 13:43:15.093,0.27816,-0.896944,0.315736,2.555,-67.235,-12.11,-0.9465,-0.36,-1.1355,0
05/22/2025 13:43:15.113,0.303292,-0.962824,0.2684,3.08,-61.53,-16.31,-0.9765,-0.363,-1.1445,0
05/22/2025 13:43:15.133,0.320128,-0.98088,0.189832,8.155,-49.7,-18.235,-0.9825,-0.3705,-1.0875,0
05/22/2025 13:43:15.153,0.34648,-0.96868,0.192272,12.635,-36.575,-20.93,-1.0215,-0.363,-1.0545,0
05/22/2025 13:43:15.173,0.34282,-1.000888,0.253516,12.145,-15.575,-22.75,-0.999,-0.3675,-1.047,0
05/22/2025 13:43:15.193,0.304512,-0.989908,0.255712,10.64,-7.665,-25.095,-0.999,-0.3675,-1.047,0
05/22/2025 13:43:15.213,0.30744,-0.952332,0.237412,8.225,-2.275,-29.89,-1.0695,-0.4005,-1.026,0
05/22/2025 13:43:15.233,0.28914,-0.906948,0.216428,6.265,1.82,-33.88,-1.083,-0.423,-0.999,0
05/22/2025 13:43:15.253,0.282308,-0.927932,0.18666,8.785,4.27,-39.095,-1.086,-0.441,-0.9915,0
05/22/2025 13:43:15.273,0.2623,-0.936228,0.170068,13.545,5.285,-43.96,-1.083,-0.4305,-1.014,0
05/22/2025 13:43:15.293,0.271816,-0.953308,0.164944,17.36,6.265,-48.51,-1.137,-0.4965,-1.0275,0
05/22/2025 13:43:15.313,0.333548,-1.09068,0.244488,23.94,8.68,-51.8,-1.137,-0.4965,-1.0275,0
05/22/2025 13:43:15.333,0.07905599,-1.795352,0.33672,63.7,47.215,-19.74,-1.101,-0.528,-1.0365,0
05/22/2025 13:43:15.353,0.122732,-0.706136,0.283284,61.88,30.24,-16.345,-1.1565,-0.5295,-1.077,0
05/22/2025 13:43:15.373,0.35014,-0.453108,0.07905599,17.885,-19.705,-65.73,-1.146,-0.567,-1.113,0
05/22/2025 13:43:15.393,0.257176,-0.546072,-0.123708,-9.8,1.68,-85.085,-1.173,-0.5775,-1.152,0
05/22/2025 13:43:15.413,0.426268,-0.94428,0.133468,-5.495,21.875,-75.355,-1.2015,-0.6495,-1.1445,0
05/22/2025 13:43:15.433,0.387716,-0.86376,0.220332,10.605,36.54,-67.06,-1.2195,-0.6525,-1.1535,0
05/22/2025 13:43:15.453,0.38064,-0.79666,0.270108,-8.295,24.78,-72.38,-1.239,-0.6975,-1.176,0
05/22/2025 13:43:15.473,0.390888,-0.847168,0.213012,-12.39,21.21,-76.685,-1.2645,-0.7755,-1.2105,0
05/22/2025 13:43:15.493,0.399184,-0.788852,0.199592,-1.68,22.505,-78.855,-1.2675,-0.798,-1.2135,0
05/22/2025 13:43:15.513,0.427244,-0.78324,0.199836,5.18,26.95,-82.775,-1.281,-0.855,-1.206,0
05/22/2025 13:43:15.533,0.46604,-0.821792,0.197396,5.005,32.025,-85.855,-1.311,-0.8805,-1.218,0
05/22/2025 13:43:15.553,0.4697,-0.8296,0.221308,-1.575,39.34,-84.56,-1.3185,-0.915,-1.2525,0
05/22/2025 13:43:15.573,0.46482,-0.830332,0.230092,-9.695,43.995,-82.075,-1.3035,-0.93,-1.278,0
05/22/2025 13:43:15.593,0.429684,-0.78202,0.247416,-20.37,47.215,-79.1,-1.3215,-0.978,-1.2855,0
05/22/2025 13:43:15.613,0.400648,-0.738588,0.261812,-34.09,46.27,-77.7,-1.32,-1.0155,-1.2705,0
05/22/2025 13:43:15.633,0.378932,-0.677588,0.260104,-45.01,41.265,-77,-1.3095,-1.053,-1.3005,0
05/22/2025 13:43:15.653,0.360144,-0.63562,0.244488,-50.085,34.685,-77.35,-1.302,-1.0575,-1.308,0
05/22/2025 13:43:15.673,0.375516,-0.590236,0.210084,-52.92,28,-80.815,-1.3275,-1.083,-1.2975,0
05/22/2025 13:43:15.693,0.427,-0.5978,0.137616,-58.065,24.64,-84.315,-1.3125,-1.11,-1.3155,0
05/22/2025 13:43:15.713,0.552416,-0.6283,0.160796,-51.87,28.525,-86.205,-1.3125,-1.11,-1.3155,0
05/22/2025 13:43:15.733,0.626348,-0.695888,0.190808,-43.155,28.665,-86.1,-1.3125,-1.11,-1.3155,0
05/22/2025 13:43:15.753,0.749324,-0.751032,0.228872,-32.025,22.75,-81.83,-1.3125,-1.1925,-1.3455,0
05/22/2025 13:43:15.773,0.80642,-0.812764,0.314516,-29.4,20.02,-74.76,-1.3155,-1.2045,-1.3485,0
05/22/2025 13:43:15.793,0.867908,-0.9028,0.349896,-29.925,9.975,-67.27,-1.293,-1.2765,-1.371,0
05/22/2025 13:43:15.813,0.919392,-0.863516,0.352824,-27.58,-1.225,-59.71,-1.3005,-1.257,-1.344,0
05/22/2025 13:43:15.833,0.961604,-0.830088,0.322812,-25.2,-6.755,-50.365,-1.3065,-1.3065,-1.3515,0
05/22/2025 13:43:15.853,0.958432,-0.840092,0.350628,-16.065,-6.09,-35.245,-1.299,-1.3515,-1.362,0
05/22/2025 13:43:15.873,0.942084,-0.785924,0.366,-4.13,-7.945,-22.015,-1.2945,-1.356,-1.3545,0
05/22/2025 13:43:15.893,0.933056,-0.734928,0.387228,0.91,-8.085,-10.815,-1.3005,-1.3965,-1.347,0
05/22/2025 13:43:15.913,0.930372,-0.691984,0.387716,-3.15,-7.7,1.505,-1.305,-1.404,-1.3395,0
05/22/2025 13:43:15.933,0.905728,-0.622688,0.396744,-7.63,-5.74,11.41,-1.2855,-1.4115,-1.338,0
05/22/2025 13:43:15.953,0.875472,-0.577548,0.387716,-13.02,-3.01,17.815,-1.2795,-1.4655,-1.3035,0
05/22/2025 13:43:15.973,0.845704,-0.52826,0.377712,-19.32,-0.56,20.755,-1.296,-1.443,-1.32,0
05/22/2025 13:43:15.993,0.79544,-0.5002,0.339892,-25.235,8.82,19.075,-1.296,-1.443,-1.32,0
05/22/2025 13:43:16.013,0.77592,-0.446764,0.40016,-23.94,13.58,14.385,-1.293,-1.4205,-1.3155,0
05/22/2025 13:43:16.033,0.774456,-0.442128,0.397232,-25.69,16.415,5.215,-1.299,-1.4235,-1.293,0
05/22/2025 13:43:16.053,0.765672,-0.445056,0.40504,-25.865,14.875,-3.57,-1.266,-1.401,-1.3035,0
05/22/2025 13:43:16.073,0.813008,-0.398452,0.342088,-24.605,7.035,-14.91,-1.2705,-1.416,-1.3005,0
05/22/2025 13:43:16.093,0.83936,-0.376736,0.297924,-23.975,4.34,-26.425,-1.2735,-1.413,-1.2735,0
05/22/2025 13:43:16.113,0.884988,-0.324764,0.293776,-25.34,3.535,-37.205,-1.269,-1.4205,-1.296,0
05/22/2025 13:43:16.133,0.91988,-0.305732,0.22692,-33.705,2.8,-45.92,-1.251,-1.4325,-1.3035,0
05/22/2025 13:43:16.153,0.928908,-0.316956,0.172508,-38.22,5.88,-50.435,-1.236,-1.4205,-1.281,0
05/22/2025 13:43:16.173,0.94916,-0.354532,0.199592,-35.035,16.345,-50.05,-1.251,-1.4325,-1.2735,0
05/22/2025 13:43:16.193,0.942572,-0.365024,0.206912,-35.56,27.335,-47.18,-1.2285,-1.422,-1.2615,0
05/22/2025 13:43:16.213,0.933788,-0.351116,0.280356,-36.19,38.01,-45.22,-1.2435,-1.4355,-1.281,0
05/22/2025 13:43:16.233,0.929396,-0.368196,0.282796,-43.96,40.775,-45.57,-1.2135,-1.4475,-1.3095,0
05/22/2025 13:43:16.253,0.931348,-0.37942,0.240096,-54.81,40.705,-46.515,-1.1925,-1.4445,-1.3245,0
05/22/2025 13:43:16.273,0.937448,-0.405772,0.215208,-58.905,40.18,-47.565,-1.173,-1.452,-1.3275,0
05/22/2025 13:43:16.293,0.919636,-0.424804,0.175924,-63.665,39.48,-49.595,-1.182,-1.4475,-1.359,0
05/22/2025 13:43:16.313,0.904752,-0.433344,0.14884,-68.005,40.04,-51.31,-1.155,-1.4415,-1.3425,0
05/22/2025 13:43:16.333,0.914024,-0.42578,0.17812,-70.385,39.375,-53.795,-1.161,-1.4145,-1.389,0
05/22/2025 13:43:16.353,0.925248,-0.451888,0.16714,-77.14,35.315,-55.02,-1.1235,-1.4445,-1.3875,0
05/22/2025 13:43:16.373,0.90646,-0.467016,0.153964,-82.565,28.21,-53.725,-1.146,-1.4325,-1.3995,0
05/22/2025 13:43:16.393,0.916464,-0.467504,0.145668,-90.16,22.085,-51.135,-1.092,-1.4415,-1.4235,0
05/22/2025 13:43:16.413,0.873276,-0.5185,0.094184,-99.295,21.49,-47.04,-1.065,-1.431,-1.4085,0
05/22/2025 13:43:16.433,0.865712,-0.523136,0.088084,-96.25,19.635,-43.05,-1.0695,-1.446,-1.431,0
05/22/2025 13:43:16.453,0.85766,-0.479216,0.094428,-97.16,21.56,-37.73,-1.056,-1.3635,-1.428,0
05/22/2025 13:43:16.473,0.859612,-0.502152,0.050996,-98.665,21.56,-36.155,-1.0605,-1.359,-1.446,0
05/22/2025 13:43:16.493,0.86742,-0.532652,0.040016,-89.81,20.93,-34.685,-1.071,-1.3245,-1.413,0
05/22/2025 13:43:16.513,0.868152,-0.590968,0.036356,-76.09,16.765,-34.65,-1.0755,-1.299,-1.4355,0
05/22/2025 13:43:16.533,0.879376,-0.561444,0.05368,-61.67,11.235,-36.855,-1.0755,-1.299,-1.4355,0
05/22/2025 13:43:16.553,0.88816,-0.563152,0.016348,-53.515,5.32,-38.745,-1.08,-1.23,-1.4325,0
05/22/2025 13:43:16.573,0.902312,-0.504836,0.00854,-40.215,-1.155,-40.705,-1.074,-1.2045,-1.4475,0
05/22/2025 13:43:16.593,0.899384,-0.471408,0.038064,-31.15,-1.225,-40.215,-1.0965,-1.1655,-1.4535,0
05/22/2025 13:43:16.613,0.89548,-0.513864,0.028548,-31.745,-4.2,-36.4,-1.1115,-1.155,-1.434,0
05/22/2025 13:43:16.633,0.863516,-0.529236,0.013664,-26.18,-5.565,-30.31,-1.1445,-1.1355,-1.428,0
05/22/2025 13:43:16.653,0.816668,-0.446276,0.001708,-9.555,-10.395,-23.835,-1.134,-1.146,-1.4355,0
05/22/2025 13:43:16.673,0.81496,-0.371368,0.0671,-1.575,-15.505,-14.665,-1.1565,-1.1505,-1.428,0
05/22/2025 13:43:16.693,0.846924,-0.400404,-0.031964,-4.165,-16.415,-6.09,-1.167,-1.149,-1.425,0
05/22/2025 13:43:16.713,0.892552,-0.446764,0.057584,10.15,-8.295,2.03,-1.1475,-1.173,-1.4355,0
05/22/2025 13:43:16.733,0.93696,-0.507032,0.150792,16.66,3.395,4.62,-1.1475,-1.173,-1.4355,0
05/22/2025 13:43:16.753,1.033584,-0.524356,0.132736,14.63,0.455,2.17,-1.182,-1.1535,-1.4475,0
05/22/2025 13:43:16.773,1.032364,-0.49288,0.135176,12.32,4.06,-1.96,-1.1865,-1.149,-1.4475,0
05/22/2025 13:43:16.793,1.036756,-0.473604,0.070272,-1.225,2.905,-5.915,-1.1745,-1.146,-1.455,0
05/22/2025 13:43:16.813,1.017236,-0.429196,0.09516,-12.985,5.425,-2.135,-1.182,-1.149,-1.455,0
05/22/2025 13:43:16.833,0.98698,-0.458964,0.090524,-33.565,7.35,6.58,-1.1715,-1.146,-1.47,0
05/22/2025 13:43:16.853,0.955504,-0.477752,0.09467199,-44.03,8.75,16.94,-1.179,-1.191,-1.485,0
05/22/2025 13:43:16.873,0.942084,-0.50386,0.083692,-43.855,9.975,25.655,-1.176,-1.1715,-1.485,0
05/22/2025 13:43:16.893,0.956236,-0.487024,0.084668,-34.895,9.905,30.275,-1.1685,-1.149,-1.485,0
05/22/2025 13:43:16.913,0.989664,-0.459696,0.073688,-28.245,11.83,32.725,-1.1655,-1.104,-1.5015,0
05/22/2025 13:43:16.933,0.995032,-0.418216,0.107848,-28.84,16.94,35.035,-1.158,-1.101,-1.4745,0
05/22/2025 13:43:16.953,1.029436,-0.399916,0.068564,-30.975,18.76,35.35,-1.155,-1.0815,-1.4925,0
05/22/2025 13:43:16.973,1.03456,-0.36356,0.045628,-32.935,22.855,37.625,-1.1325,-1.074,-1.4925,0
05/22/2025 13:43:16.993,1.026508,-0.397232,0.0549,-39.025,30.275,39.76,-1.1145,-1.044,-1.488,0
05/22/2025 13:43:17.013,1.05164,-0.383812,0.076616,-41.685,34.93,39.76,-1.0995,-1.056,-1.476,0
05/22/2025 13:43:17.033,1.043832,-0.398696,0.094184,-44.765,37.17,37.275,-1.086,-1.0065,-1.4835,0
05/22/2025 13:43:17.053,0.983808,-0.427732,0.089792,-47.915,32.305,28.07,-1.05,-0.9855,-1.494,0
05/22/2025 13:43:17.073,0.923052,-0.390156,0.081496,-47.67,26.215,20.79,-1.05,-0.9855,-1.494,0
05/22/2025 13:43:17.093,0.87352,-0.3355,0.062464,-44.8,18.095,15.505,-1.0575,-0.906,-1.4835,0
05/22/2025 13:43:17.113,0.825208,-0.287676,0.022936,-37.03,12.81,11.27,-1.065,-0.8985,-1.485,0
05/22/2025 13:43:17.133,0.795684,-0.271328,0.042944,-21.07,6.58,6.44,-1.032,-0.891,-1.476,0
05/22/2025 13:43:17.153,0.787632,-0.30012,0.07808,-7.14,4.41,3.15,-1.0395,-0.9135,-1.4835,0
05/22/2025 13:43:17.173,0.80032,-0.34282,0.109068,0.665,1.505,-1.575,-1.035,-0.933,-1.479,0
05/22/2025 13:43:17.193,0.806908,-0.337452,0.121512,8.225,-1.19,-10.255,-1.002,-0.93,-1.4715,0
05/22/2025 13:43:17.213,0.835456,-0.315492,0.103212,11.095,-2.625,-20.3,-1.0305,-0.963,-1.494,0
05/22/2025 13:43:17.233,0.884256,-0.330376,0.131028,11.55,-1.715,-29.085,-1.0005,-0.9555,-1.4745,0
05/22/2025 13:43:17.253,0.92598,-0.354288,0.130052,10.57,-0.455,-36.995,-1.0005,-0.9825,-1.47,0
05/22/2025 13:43:17.273,0.950868,-0.33306,0.122488,11.06,-0.21,-43.155,-0.993,-1.0125,-1.482,0
05/22/2025 13:43:17.293,0.9699,-0.300608,0.117364,4.515,1.47,-47.705,-0.9855,-1.065,-1.4955,0
05/22/2025 13:43:17.313,0.993324,-0.28304,0.117608,-12.11,5.355,-49.735,-0.987,-1.122,-1.488,0
05/22/2025 13:43:17.333,0.993568,-0.314272,0.105164,-38.325,12.215,-47.53,-0.987,-1.122,-1.488,0
05/22/2025 13:43:17.353,0.990884,-0.369172,0.092964,-48.09,14.455,-44.345,-0.987,-1.122,-1.488,0
05/22/2025 13:43:17.373,0.979416,-0.39162,0.086376,-49.175,15.54,-41.3,-0.9675,-1.1685,-1.476,0
05/22/2025 13:43:17.393,0.971608,-0.409432,0.083204,-44.835,16.415,-37.835,-0.96,-1.131,-1.461,0
05/22/2025 13:43:17.413,0.95892,-0.402844,0.108336,-38.115,16.835,-34.265,-0.96,-1.134,-1.449,0
05/22/2025 13:43:17.433,0.953308,-0.370392,0.090036,-34.37,16.03,-29.645,-0.9675,-1.1415,-1.4535,0
05/22/2025 13:43:17.453,0.950868,-0.30012,0.078568,-31.08,15.54,-25.62,-0.96,-1.131,-1.4535,0
05/22/2025 13:43:17.473,0.944524,-0.31598,0.10858,-32.445,17.64,-21.945,-0.9525,-1.149,-1.4565,0
05/22/2025 13:43:17.493,0.935496,-0.401624,0.119804,-40.18,18.76,-16.695,-0.9225,-1.1235,-1.437,0
05/22/2025 13:43:17.513,0.93696,-0.427488,0.133712,-40.915,19.88,-14.28,-0.9345,-1.146,-1.452,0
05/22/2025 13:43:17.533,0.9272,-0.418704,0.140056,-41.475,21.98,-12.495,-0.9465,-1.116,-1.4535,0
05/22/2025 13:43:17.553,0.93086,-0.393328,0.143228,-43.295,22.155,-12.25,-0.921,-1.074,-1.4445,0
05/22/2025 13:43:17.573,0.920368,-0.38552,0.141276,-47.32,22.47,-12.32,-0.9135,-1.0515,-1.434,0
05/22/2025 13:43:17.593,0.887916,-0.401624,0.143472,-47.495,20.79,-10.955,-0.9135,-1.0485,-1.4295,0
05/22/2025 13:43:17.613,0.859612,-0.404064,0.1647,-44.24,19.74,-8.505,-0.9135,-1.0485,-1.4295,0
05/22/2025 13:43:17.633,0.860832,-0.404796,0.172264,-41.51,17.815,-6.23,-0.9165,-1.059,-1.437,0
05/22/2025 13:43:17.653,0.87962,-0.40138,0.17812,-40.95,17.36,-5.11,-0.9135,-1.041,-1.4445,0
05/22/2025 13:43:17.673,0.885232,-0.381372,0.183488,-41.965,17.115,-2.345,-0.8805,-1.0005,-1.437,0
05/22/2025 13:43:17.693,0.883768,-0.3843,0.19764,-43.995,17.57,1.085,-0.8805,-1.0005,-1.437,0
05/22/2025 13:43:17.713,0.8906,-0.37576,0.173484,-49.14,18.025,4.62,-0.885,-0.966,-1.41,0
05/22/2025 13:43:17.733,0.890112,-0.376004,0.206668,-53.41,16.415,13.16,-0.9,-0.9615,-1.422,0
05/22/2025 13:43:17.753,0.882304,-0.430172,0.180804,-60.795,20.79,14.665,-0.8985,-0.954,-1.3995,0
05/22/2025 13:43:17.773,0.908168,-0.434808,0.155916,-64.26,19.635,15.82,-0.8805,-0.9555,-1.407,0
05/22/2025 13:43:17.793,0.898896,-0.448228,0.15982,-62.755,21.42,16.03,-0.8655,-0.948,-1.395,0
05/22/2025 13:43:17.813,0.865956,-0.44652,0.196664,-54.81,22.96,15.4,-0.84,-0.9375,-1.383,0
05/22/2025 13:43:17.833,0.849852,-0.417972,0.203984,-45.92,17.115,14.875,-0.8325,-0.9,-1.3875,0
05/22/2025 13:43:17.853,0.844972,-0.399184,0.211304,-40.67,8.995,14.245,-0.8415,-0.8505,-1.3905,0
05/22/2025 13:43:17.873,0.837896,-0.38796,0.185196,-37.38,0.385,12.53,-0.8415,-0.8505,-1.3905,0
05/22/2025 13:43:17.893,0.863516,-0.395768,0.169336,-33.46,-3.71,9.52,-0.8715,-0.786,-1.3815,0
05/22/2025 13:43:17.913,0.852048,-0.385764,0.16836,-29.295,-2.905,6.93,-0.879,-0.7785,-1.347,0
05/22/2025 13:43:17.933,0.838872,-0.388204,0.162992,-26.11,-1.75,2.66,-0.8865,-0.759,-1.3665,0
05/22/2025 13:43:17.953,0.845216,-0.365756,0.181048,-25.375,-0.945,-1.12,-0.8985,-0.7545,-1.3665,0
05/22/2025 13:43:17.973,0.859368,-0.403332,0.162992,-28.42,-1.575,-4.515,-0.888,-0.702,-1.3485,0
05/22/2025 13:43:17.993,0.86986,-0.435296,0.155428,-27.72,0.21,-7.665,-0.9165,-0.6945,-1.3185,0
05/22/2025 13:43:18.013,0.885964,-0.41236,0.179584,-25.83,1.4,-10.045,-0.9435,-0.6645,-1.3275,0
05/22/2025 13:43:18.033,0.920856,-0.417972,0.176168,-28.28,0.455,-12.705,-0.9795,-0.645,-1.317,0
05/22/2025 13:43:18.053,0.91134,-0.440176,0.160796,-28.245,2.17,-13.545,-0.981,-0.6225,-1.314,0
05/22/2025 13:43:18.073,0.942816,-0.435784,0.170312,-25.795,-0.98,-13.895,-0.987,-0.663,-1.317,0
05/22/2025 13:43:18.093,0.963312,-0.44774,0.146888,-25.795,-4.235,-14.525,-0.9975,-0.6435,-1.2945,0
05/22/2025 13:43:18.113,0.966728,-0.457744,0.172508,-23.905,-8.19,-14.49,-0.987,-0.6525,-1.2825,0
05/22/2025 13:43:18.133,0.924028,-0.492148,0.17324,-20.51,-11.795,-11.69,-0.987,-0.6525,-1.2825,0
05/22/2025 13:43:18.153,0.880352,-0.50996,0.157624,-12.705,-12.915,-12.705,-0.987,-0.6525,-1.2825,0
05/22/2025 13:43:18.173,0.878156,-0.43432,0.135176,-6.09,-12.635,-13.615,-1.0275,-0.633,-1.2615,0
05/22/2025 13:43:18.193,0.90402,-0.435784,0.138592,-2.1,-9.38,-14.42,-1.044,-0.636,-1.239,0
05/22/2025 13:43:18.213,0.9333,-0.470188,0.175192,6.37,-0.63,-13.09,-1.059,-0.6555,-1.2315,0
05/22/2025 13:43:18.233,0.95282,-0.41724,0.195688,13.09,4.97,-12.04,-1.0515,-0.6735,-1.2315,0
05/22/2025 13:43:18.253,0.952576,-0.431148,0.181292,15.12,8.47,-14.07,-1.0635,-0.666,-1.2435,0
05/22/2025 13:43:18.273,0.953064,-0.426268,0.179584,14.84,9.1,-14.595,-1.059,-0.7005,-1.2465,0
05/22/2025 13:43:18.293,0.929884,-0.401624,0.189832,11.2,7.84,-13.195,-1.0515,-0.681,-1.2435,0
05/22/2025 13:43:18.313,0.919636,-0.401136,0.193736,8.75,1.12,-8.89,-1.047,-0.6735,-1.2315,0
05/22/2025 13:43:18.333,0.897188,-0.3843,0.215696,2.66,-5.04,-3.955,-1.059,-0.663,-1.2585,0
05/22/2025 13:43:18.353,0.902068,-0.452864,0.194956,-4.865,-9.485,-3.745,-1.0635,-0.681,-1.2615,0
05/22/2025 13:43:18.373,0.914024,-0.42822,0.176656,-1.715,-11.795,-3.85,-1.074,-0.7065,-1.266,0
05/22/2025 13:43:18.393,0.920368,-0.434076,0.128832,2.695,-13.72,-4.55,-1.044,-0.6885,-1.266,0
05/22/2025 13:43:18.413,0.937936,-0.41358,0.127368,5.18,-11.795,-4.655,-1.044,-0.6885,-1.266,0
05/22/2025 13:43:18.433,0.952088,-0.420656,0.124928,4.375,-7.42,-2.695,-1.071,-0.6915,-1.263,0
05/22/2025 13:43:18.453,0.962092,-0.411384,0.117364,2.275,-3.535,0.385,-1.026,-0.6885,-1.269,0
05/22/2025 13:43:18.473,0.972828,-0.370148,0.10248,-0.49,0.63,4.48,-1.0365,-0.6585,-1.251,0
05/22/2025 13:43:18.493,0.959164,-0.378444,0.129564,-4.83,5.215,7.805,-1.089,-0.669,-1.2705,0
05/22/2025 13:43:18.513,0.959408,-0.390156,0.136152,-13.475,6.44,12.005,-1.0785,-0.636,-1.2585,0
05/22/2025 13:43:18.533,0.932812,-0.380396,0.110288,-18.69,6.37,15.225,-1.0305,-0.678,-1.2765,0
05/22/2025 13:43:18.553,0.923296,-0.394304,0.116876,-19.25,5.425,17.745,-1.0365,-0.693,-1.2615,0
05/22/2025 13:43:18.573,0.922808,-0.412116,0.087352,-18.83,4.55,19.705,-1.041,-0.7005,-1.269,0
05/22/2025 13:43:18.593,0.921832,-0.416264,0.076372,-16.625,4.445,19.845,-1.0185,-0.7005,-1.2615,0
05/22/2025 13:43:18.613,0.928176,-0.405772,0.06344,-12.145,3.745,19.495,-0.981,-0.702,-1.2525,0
05/22/2025 13:43:18.633,0.922076,-0.386496,0.077104,-7.07,4.095,19.915,-0.9435,-0.7215,-1.254,0
05/22/2025 13:43:18.653,0.920124,-0.368928,0.087108,-3.64,5.32,19.565,-0.9285,-0.717,-1.266,0
05/22/2025 13:43:18.673,0.900116,-0.343308,0.06734399,-3.325,2.87,17.885,-0.9285,-0.717,-1.266,0
05/22/2025 13:43:18.693,0.890356,-0.345016,0.045384,-3.115,1.785,15.575,-0.9285,-0.717,-1.266,0
05/22/2025 13:43:18.713,0.883036,-0.346968,0.027084,-0.175,2.345,13.335,-0.8685,-0.7635,-1.2525,0
05/22/2025 13:43:18.733,0.881572,-0.342088,0.040748,6.3,3.08,12.25,-0.846,-0.7455,-1.236,0
05/22/2025 13:43:18.753,0.854488,-0.332816,0.039528,8.785,5.355,9.905,-0.8205,-0.75,-1.2555,0
05/22/2025 13:43:18.773,0.853024,-0.356728,0.038064,13.86,5.6,6.895,-0.7935,-0.777,-1.2465,0
05/22/2025 13:43:18.793,0.842532,-0.333792,0.05246,17.5,7.595,2.345,-0.795,-0.765,-1.2615,0
05/22/2025 13:43:18.813,0.892064,-0.361852,0.043432,14.28,5.11,-1.995,-0.8025,-0.783,-1.281,0
05/22/2025 13:43:18.833,0.912804,-0.347944,0.083692,13.825,9.555,-5.18,-0.7875,-0.795,-1.2795,0
05/22/2025 13:43:18.853,0.947452,-0.376248,0.057584,9.205,7.56,-7.315,-0.783,-0.78,-1.269,0
05/22/2025 13:43:18.873,0.989176,-0.394548,0.04514,7.875,7.63,-11.935,-0.7905,-0.8295,-1.2795,0
05/22/2025 13:43:18.893,1.019432,-0.41358,0.0183,2.52,9.205,-14.07,-0.7575,-0.807,-1.2945,0
05/22/2025 13:43:18.913,1.037244,-0.425292,0.001464,-2.94,13.265,-15.47,-0.765,-0.795,-1.287,0
05/22/2025 13:43:18.933,0.997228,-0.417728,0.018544,-11.725,18.025,-13.86,-0.7575,-0.7995,-1.2975,0
05/22/2025 13:43:18.953,0.957944,-0.409432,0.030988,-19.74,18.375,-9.765,-0.7575,-0.7995,-1.2975,0
05/22/2025 13:43:18.973,0.931836,-0.40992,0.038064,-27.055,15.435,-5.635,-0.762,-0.795,-1.314,0
05/22/2025 13:43:18.993,0.93574,-0.422364,0.031232,-31.36,12.39,-2.59,-0.765,-0.807,-1.275,0
05/22/2025 13:43:19.013,0.933788,-0.44652,0.039772,-29.015,9.625,-1.82,-0.7545,-0.792,-1.2795,0
05/22/2025 13:43:19.033,0.940864,-0.453108,0.050996,-22.085,5.915,-2.66,-0.7575,-0.789,-1.2675,0
05/22/2025 13:43:19.053,0.972584,-0.435296,0.062708,-13.37,3.955,-3.745,-0.7725,-0.7725,-1.2615,0
05/22/2025 13:43:19.073,0.988444,-0.391132,0.06466,-7.56,3.955,-4.445,-0.7425,-0.777,-1.2525,0
05/22/2025 13:43:19.093,0.996252,-0.383812,0.07515199,-11.06,4.06,-3.99,-0.7425,-0.777,-1.2405,0
05/22/2025 13:43:19.113,1.003084,-0.394792,0.09394,-17.045,6.475,-2.94,-0.7425,-0.777,-1.2405,0
05/22/2025 13:43:19.133,0.990152,-0.397476,0.102724,-22.54,8.435,-1.645,-0.765,-0.7395,-1.257,0
05/22/2025 13:43:19.153,0.981612,-0.404064,0.108092,-27.615,10.78,-0.665,-0.7455,-0.789,-1.2375,0
05/22/2025 13:43:19.173,0.973316,-0.37088,0.109556,-29.925,13.02,-0.175,-0.7605,-0.7995,-1.2495,0
05/22/2025 13:43:19.193,0.970876,-0.37454,0.110532,-31.85,14.385,0.875,-0.7455,-0.7845,-1.2225,0
05/22/2025 13:43:19.213,0.964776,-0.4026,0.116144,-32.13,15.295,1.085,-0.705,-0.7665,-1.2255,0
05/22/2025 13:43:19.233,0.991616,-0.398452,0.121756,-31.535,17.605,0.91,-0.7275,-0.7065,-1.203,0
05/22/2025 13:43:19.253,1.05286,-0.39894,0.112728,-35.14,20.72,-2.555,-0.732,-0.6945,-1.23,0
05/22/2025 13:43:19.273,1.059936,-0.364292,0.096136,-38.78,23.065,-7.665,-0.7605,-0.675,-1.1925,0
05/22/2025 13:43:19.293,1.0248,-0.3843,0.093208,-41.72,25.025,-12.775,-0.78,-0.6795,-1.209,0
05/22/2025 13:43:19.313,0.945256,-0.393084,0.099064,-46.515,25.69,-16.52,-0.7845,-0.6375,-1.1865,0
05/22/2025 13:43:19.333,0.870348,-0.40992,0.096624,-49.14,23.065,-19.775,-0.78,-0.645,-1.1895,0
05/22/2025 13:43:19.353,0.851072,-0.416264,0.12444,-49.98,18.97,-21.14,-0.813,-0.6105,-1.176,0
05/22/2025 13:43:19.373,0.845948,-0.450912,0.126636,-48.405,16.03,-22.155,-0.8145,-0.57,-1.1685,0
05/22/2025 13:43:19.393,0.884256,-0.509472,0.141032,-36.05,11.445,-25.025,-0.8325,-0.561,-1.1625,0
05/22/2025 13:43:19.413,0.898408,-0.472872,0.152744,-25.725,8.365,-26.6,-0.8625,-0.549,-1.155,0
05/22/2025 13:43:19.433,0.911584,-0.433344,0.149084,-20.72,4.655,-27.685,-0.8625,-0.5535,-1.143,0
05/22/2025 13:43:19.453,0.91134,-0.425292,0.134932,-19.845,3.045,-26.635,-0.8955,-0.5535,-1.125,0
05/22/2025 13:43:19.473,0.927444,-0.363316,0.138104,-28.84,8.75,-18.34,-0.906,-0.561,-1.1415,0
05/22/2025 13:43:19.493,0.929152,-0.41358,0.106384,-39.585,16.975,-13.125,-0.906,-0.561,-1.1415,0
05/22/2025 13:43:19.513,0.928176,-0.334524,0.121268,-44.275,29.015,-6.79,-0.9435,-0.5295,-1.1235,0
05/22/2025 13:43:19.533,0.905972,-0.43432,0.103456,-48.86,37.975,-1.015,-0.906,-0.5235,-1.0995,0
05/22/2025 13:43:19.553,0.897432,-0.390156,0.15494,-47.635,42.245,6.37,-0.9105,-0.507,-1.107,0
05/22/2025 13:43:19.573,0.856928,-0.370148,0.180316,-51.03,45.01,10.92,-0.9105,-0.4995,-1.0995,0
05/22/2025 13:43:19.593,0.843508,-0.359656,0.187636,-59.115,43.4,15.47,-0.906,-0.489,-1.0845,0
05/22/2025 13:43:19.613,0.836188,-0.355752,0.172264,-64.12,40.32,19.6,-0.8865,-0.5085,-1.062,0
05/22/2025 13:43:19.633,0.853756,-0.282552,0.133712,-69.09,39.06,24.57,-0.873,-0.4965,-1.08,0
05/22/2025 13:43:19.653,0.865468,-0.438468,0.2074,-75.6,46.83,25.515,-0.864,-0.471,-1.035,0
05/22/2025 13:43:19.673,0.862296,-0.439932,0.163236,-55.615,42.49,28.035,-0.831,-0.483,-1.026,0
05/22/2025 13:43:19.693,0.875472,-0.244976,0.248148,-40.845,32.095,27.335,-0.8415,-0.4605,-1.008,0
05/22/2025 13:43:19.713,0.85034,-0.326472,0.219844,-53.69,25.935,22.785,-0.801,-0.4305,-1.026,0
05/22/2025 13:43:19.733,0.864004,-0.385032,0.225456,-50.54,17.22,16.94,-0.7875,-0.408,-1.0095,0
05/22/2025 13:43:19.753,0.82472,-0.405284,0.235704,-44.205,13.72,11.06,-0.7875,-0.408,-1.0095,0
05/22/2025 13:43:19.773,0.816668,-0.3843,0.225212,-35.35,9.31,5.6,-0.7905,-0.393,-0.9915,0
05/22/2025 13:43:19.793,0.785192,-0.37698,0.232776,-25.585,9.03,0.07,-0.7785,-0.3975,-0.9675,0
05/22/2025 13:43:19.813,0.792268,-0.36234,0.23424,-19.88,9.415,-4.2,-0.774,-0.417,-0.972,0
05/22/2025 13:43:19.833,0.807396,-0.340136,0.249612,-18.305,10.78,-7.455,-0.774,-0.3945,-0.9525,0
05/22/2025 13:43:19.853,0.815204,-0.3721,0.247416,-23.275,12.25,-10.815,-0.7635,-0.405,-0.975,0
05/22/2025 13:43:19.873,0.844484,-0.365268,0.241316,-28.63,10.43,-15.575,-0.774,-0.375,-0.945,0
05/22/2025 13:43:19.893,0.878644,-0.36478,0.24888,-35.77,10.395,-20.37,-0.7815,-0.4125,-0.945,0
05/22/2025 13:43:19.913,0.880596,-0.427488,0.223016,-44.59,11.41,-25.62,-0.819,-0.4005,-0.9615,0
05/22/2025 13:43:19.933,0.904752,-0.493368,0.192028,-40.46,9.52,-29.085,-0.7845,-0.405,-0.942,0
05/22/2025 13:43:19.953,0.871812,-0.432856,0.23058,-34.965,12.74,-31.395,-0.822,-0.42,-0.9315,0
05/22/2025 13:43:19.973,0.872544,-0.499956,0.226188,-35.07,9.03,-33.915,-0.7875,-0.447,-0.903,0
05/22/2025 13:43:19.993,0.845216,-0.488976,0.233264,-29.295,6.265,-35.42,-0.7875,-0.429,-0.8925,0
05/22/2025 13:43:20.013,0.8113,-0.498736,0.207644,-22.68,1.085,-35.665,-0.801,-0.4965,-0.8925,0
05/22/2025 13:43:20.033,0.809348,-0.488488,0.201544,-17.675,-1.925,-33.95,-0.774,-0.5115,-0.888,0
05/22/2025 13:43:20.053,0.816424,-0.506788,0.200568,-14.63,-3.325,-31.92,-0.774,-0.5115,-0.888,0
05/22/2025 13:43:20.073,0.823988,-0.522892,0.194956,-13.37,-5.11,-29.89,-0.7695,-0.5235,-0.864,0
05/22/2025 13:43:20.093,0.818864,-0.532896,0.18544,-13.44,-5.88,-27.405,-0.78,-0.531,-0.8535,0
05/22/2025 13:43:20.113,0.802272,-0.5246,0.18056,-12.425,-8.19,-24.15,-0.762,-0.5505,-0.8565,0
05/22/2025 13:43:20.133,0.79544,-0.543632,0.154696,-14.21,-10.57,-19.88,-0.756,-0.591,-0.8445,0
05/22/2025 13:43:20.153,0.820328,-0.53436,0.138836,-13.16,-15.085,-17.115,-0.7455,-0.591,-0.8625,0
05/22/2025 13:43:20.173,0.85766,-0.571936,0.118584,-12.075,-20.86,-17.045,-0.756,-0.573,-0.834,0
05/22/2025 13:43:20.193,0.966728,-0.591456,0.135664,-6.475,-28.945,-19.775,-0.7725,-0.561,-0.8565,0
05/22/2025 13:43:20.213,1.031876,-0.640012,0.140544,-0.21,-32.515,-25.655,-0.7605,-0.576,-0.8415,0
05/22/2025 13:43:20.233,1.08946,-0.6832,0.135176,11.83,-35.91,-31.605,-0.753,-0.5925,-0.8325,0
05/22/2025 13:43:20.253,1.14314,-0.696132,0.133468,30.205,-38.535,-33.285,-0.7725,-0.603,-0.8595,0
05/22/2025 13:43:20.273,1.111908,-0.663924,0.121512,44.8,-37.975,-27.65,-0.783,-0.621,-0.8715,0
05/22/2025 13:43:20.293,1.06872,-0.555588,0.129808,50.925,-31.29,-6.86,-0.783,-0.621,-0.8715,0
05/22/2025 13:43:20.313,1.003328,-0.482388,0.148108,47.04,-23.59,14.21,-0.765,-0.621,-0.879,0
05/22/2025 13:43:20.333,0.940132,-0.424316,0.162504,42.7,-19.425,33.495,-0.783,-0.6405,-0.8835,0
05/22/2025 13:43:20.353,0.893284,-0.366244,0.175436,30.625,-17.08,48.755,-0.786,-0.633,-0.8835,0
05/22/2025 13:43:20.373,0.8479,-0.404552,0.136884,18.2,-17.535,57.26,-0.7755,-0.636,-0.9015,0
05/22/2025 13:43:20.393,0.821792,-0.388936,0.133712,19.95,-16.24,59.36,-0.747,-0.6285,-0.909,0
05/22/2025 13:43:20.413,0.800808,-0.3782,0.136152,24.815,-13.055,58.45,-0.7335,-0.6525,-0.8625,0
05/22/2025 13:43:20.433,0.787144,-0.361608,0.159088,30.205,-10.465,57.33,-0.702,-0.6255,-0.8955,0
05/22/2025 13:43:20.453,0.796904,-0.322324,0.131272,34.16,-8.75,53.13,-0.687,-0.615,-0.8805,0
05/22/2025 13:43:20.473,0.829356,-0.305732,0.116388,35.035,-4.865,48.405,-0.684,-0.5955,-0.9075,0
05/22/2025 13:43:20.493,0.884988,-0.299876,0.103944,33.95,1.645,43.505,-0.684,-0.5955,-0.9075,0
05/22/2025 13:43:20.513,0.930372,-0.282308,0.085156,34.335,9.485,38.395,-0.618,-0.5745,-0.894,0
05/22/2025 13:43:20.533,0.961604,-0.266936,0.105164,31.255,17.15,32.305,-0.618,-0.5745,-0.894,0
05/22/2025 13:43:20.553,1.009184,-0.348676,0.104676,15.715,26.705,22.61,-0.6285,-0.627,-0.9045,0
05/22/2025 13:43:20.573,1.026996,-0.360632,0.089792,8.54,29.785,14.525,-0.6165,-0.639,-0.9165,0
05/22/2025 13:43:20.593,1.081408,-0.350384,0.07686,2.52,29.82,6.545,-0.6,-0.6315,-0.942,0
05/22/2025 13:43:20.613,1.092632,-0.368196,0.046848,-3.955,30.52,-0.595,-0.5625,-0.624,-0.9225,0
05/22/2025 13:43:20.633,1.066036,-0.360144,0.040016,-9.87,30.24,-4.27,-0.5595,-0.5685,-0.927,0
05/22/2025 13:43:20.653,1.016748,-0.360388,0.010004,-17.815,27.58,-3.78,-0.5895,-0.564,-0.9195,0
05/22/2025 13:43:20.673,0.974048,-0.377224,-0.024156,-24.395,24.185,-0.28,-0.5895,-0.534,-0.9045,0
05/22/2025 13:43:20.693,0.929884,-0.388936,-0.014152,-26.075,22.645,4.305,-0.5775,-0.549,-0.9075,0
05/22/2025 13:43:20.713,0.899384,-0.384788,0.00366,-24.675,18.585,8.155,-0.585,-0.534,-0.897,0
05/22/2025 13:43:20.733,0.882548,-0.383812,-0.000976,-19.11,11.725,9.38,-0.57,-0.5385,-0.885,0
05/22/2025 13:43:20.753,0.88572,-0.38674,-0.011712,-9.835,4.935,9.66,-0.5625,-0.501,-0.8895,0
05/22/2025 13:43:20.773,0.89792,-0.373808,-0.016592,2.555,1.19,7.105,-0.585,-0.477,-0.879,0
05/22/2025 13:43:20.793,0.916708,-0.354044,-0.014884,12.565,0.035,3.71,-0.552,-0.459,-0.882,0
05/22/2025 13:43:20.813,0.961116,-0.322568,0.018056,8.33,1.505,-4.69,-0.564,-0.447,-0.8745,0
05/22/2025 13:43:20.833,0.978684,-0.330864,-0.019032,0.245,0.525,-12.145,-0.564,-0.447,-0.8745,0
05/22/2025 13:43:20.853,0.976732,-0.321836,0.011956,-2.52,3.36,-18.9,-0.5835,-0.429,-0.8865,0
05/22/2025 13:43:20.873,0.960872,-0.33672,0.041236,-11.41,6.3,-24.57,-0.5715,-0.429,-0.8895,0
05/22/2025 13:43:20.893,0.94184,-0.364048,0.052216,-16.94,7,-29.89,-0.579,-0.4515,-0.882,0
05/22/2025 13:43:20.913,0.935008,-0.376736,0.054412,-20.58,5.915,-33.39,-0.5775,-0.4395,-0.8565,0
05/22/2025 13:43:20.933,0.934764,-0.383568,0.051484,-23.975,5.705,-35.735,-0.6075,-0.4545,-0.849,0
05/22/2025 13:43:20.953,0.933788,-0.389424,0.05612,-25.935,6.23,-36.435,-0.612,-0.4125,-0.861,0
05/22/2025 13:43:20.973,0.945256,-0.393816,0.055876,-26.355,7.14,-36.995,-0.6255,-0.4125,-0.8085,0
05/22/2025 13:43:20.993,0.998692,-0.400404,0.033916,-28.105,6.895,-38.325,-0.6135,-0.447,-0.819,0
05/22/2025 13:43:21.013,1.082384,-0.399428,0.026108,-29.61,8.295,-42.28,-0.6165,-0.4845,-0.7965,0
05/22/2025 13:43:21.033,1.080188,-0.410652,0.055144,-31.36,11.095,-47.74,-0.6315,-0.4815,-0.7965,0
05/22/2025 13:43:21.053,1.059448,-0.412604,0.094428,-35.77,10.43,-54.285,-0.6495,-0.4995,-0.786,0
05/22/2025 13:43:21.073,1.03944,-0.454816,0.08662,-43.26,4.76,-60.97,-0.6825,-0.4875,-0.786,0
05/22/2025 13:43:21.093,0.94794,-0.498492,0.106628,-40.075,-3.29,-67.935,-0.6825,-0.4875,-0.786,0
05/22/2025 13:43:21.113,0.907924,-0.553392,0.143472,-33.53,-10.71,-69.02,-0.6825,-0.4875,-0.786,0
05/22/2025 13:43:21.133,0.890356,-0.580964,0.16592,-19.285,-18.515,-68.215,-0.738,-0.5055,-0.7575,0
05/22/2025 13:43:21.153,0.89548,-0.594628,0.189832,0.315,-24.325,-64.4,-0.7485,-0.5325,-0.7695,0
05/22/2025 13:43:21.173,0.9089,-0.573888,0.197884,15.33,-27.09,-56.07,-0.774,-0.5235,-0.7695,0
05/22/2025 13:43:21.193,0.909876,-0.535092,0.205692,24.325,-24.255,-43.085,-0.789,-0.5535,-0.759,0
05/22/2025 13:43:21.213,0.90036,-0.469944,0.22204,24.08,-15.855,-27.125,-0.822,-0.5715,-0.7815,0
05/22/2025 13:43:21.233,0.881816,-0.413336,0.205936,13.72,-3.36,-9.45,-0.855,-0.576,-0.7635,0
05/22/2025 13:43:21.253,0.871812,-0.355508,0.190564,-2.59,8.855,7.84,-0.8475,-0.5685,-0.7785,0
05/22/2025 13:43:21.273,0.873764,-0.345992,0.186416,-24.745,19.88,23.625,-0.8415,-0.564,-0.786,0
05/22/2025 13:43:21.293,0.90646,-0.354044,0.157868,-45.78,24.535,33.845,-0.7995,-0.543,-0.774,0
05/22/2025 13:43:21.313,0.928908,-0.373076,0.1403,-59.01,27.86,39.69,-0.825,-0.5415,-0.759,0
05/22/2025 13:43:21.333,0.937448,-0.384788,0.109068,-63.49,30.065,43.085,-0.795,-0.5955,-0.7425,0
05/22/2025 13:43:21.353,0.92232,-0.370636,0.105652,-56.07,29.89,47.215,-0.7605,-0.612,-0.738,0
05/22/2025 13:43:21.373,0.91134,-0.37698,0.122976,-49.385,26.355,49.595,-0.7605,-0.612,-0.738,0
05/22/2025 13:43:21.393,0.915732,-0.391376,0.111996,-39.375,20.195,50.47,-0.7065,-0.636,-0.684,0
05/22/2025 13:43:21.413,0.887184,-0.353312,0.136396,-23.87,13.895,51.17,-0.699,-0.606,-0.669,0
05/22/2025 13:43:21.433,0.873764,-0.392352,0.160796,-8.05,6.825,49.42,-0.6735,-0.633,-0.6525,0
05/22/2025 13:43:21.453,0.87108,-0.362584,0.188612,7.7,-0.07,49.525,-0.639,-0.6555,-0.651,0
05/22/2025 13:43:21.473,0.843996,-0.321592,0.205936,19.67,-3.15,48.02,-0.639,-0.6555,-0.651,0
05/22/2025 13:43:21.493,0.833992,-0.34648,0.19764,25.41,-5.32,46.41,-0.603,-0.645,-0.666,0
05/22/2025 13:43:21.513,0.848144,-0.326228,0.219356,32.585,-7.385,41.615,-0.6135,-0.663,-0.681,0
05/22/2025 13:43:21.533,0.867664,-0.28182,0.19886,32.69,-9.73,35.49,-0.603,-0.6705,-0.6765,0
05/22/2025 13:43:21.553,0.881328,-0.26962,0.202276,31.36,-9.87,27.825,-0.576,-0.657,-0.672,0
05/22/2025 13:43:21.573,0.88816,-0.2684,0.19276,24.815,-7.21,20.16,-0.5985,-0.6705,-0.684,0
05/22/2025 13:43:21.593,0.872544,-0.270108,0.204228,16.765,-5.075,12.46,-0.573,-0.6645,-0.699,0
05/22/2025 13:43:21.613,0.870836,-0.279136,0.207888,7.595,-5.355,6.23,-0.567,-0.675,-0.732,0
05/22/2025 13:43:21.633,0.823744,-0.321104,0.177632,-1.61,-10.045,-1.54,-0.585,-0.6705,-0.717,0
05/22/2025 13:43:21.653,0.820572,-0.343552,0.178852,-0.245,-11.41,-6.58,-0.579,-0.648,-0.729,0
05/22/2025 13:43:21.673,0.814472,-0.343064,0.180316,6.475,-13.335,-12.46,-0.597,-0.6675,-0.7335,0
05/22/2025 13:43:21.693,0.823012,-0.354532,0.16348,12.845,-16.52,-18.27,-0.612,-0.6435,-0.723,0
05/22/2025 13:43:21.713,0.838628,-0.360388,0.149084,18.76,-18.935,-24.43,-0.615,-0.651,-0.723,0
05/22/2025 13:43:21.733,0.855708,-0.361364,0.16592,22.505,-20.51,-29.96,-0.615,-0.6375,-0.708,0
05/22/2025 13:43:21.753,0.874984,-0.388204,0.1708,21.315,-21.84,-34.125,-0.6195,-0.648,-0.723,0
05/22/2025 13:43:21.773,0.878644,-0.40504,0.156404,19.53,-21.28,-35.875,-0.6255,-0.6585,-0.7035,0
05/22/2025 13:43:21.793,0.887184,-0.41724,0.158844,18.795,-18.585,-35.595,-0.633,-0.678,-0.6885,0
05/22/2025 13:43:21.813,0.889624,-0.416752,0.170312,16.485,-17.15,-34.125,-0.6255,-0.678,-0.6915,0
05/22/2025 13:43:21.833,0.878644,-0.435784,0.16348,11.235,-18.13,-32.34,-0.6255,-0.6855,-0.699,0
05/22/2025 13:43:21.853,0.910608,-0.447252,0.137372,4.83,-22.61,-31.535,-0.6465,-0.6885,-0.681,0
05/22/2025 13:43:21.873,0.994544,-0.466772,0.097112,3.535,-29.785,-34.125,-0.651,-0.678,-0.6705,0
05/22/2025 13:43:21.893,1.201456,-0.542656,0.08052,12.495,-36.505,-42.945,-0.651,-0.678,-0.6705,0
05/22/2025 13:43:21.913,1.375672,-0.659044,0.10614,28,-39.27,-51.31,-0.651,-0.678,-0.6705,0
05/22/2025 13:43:21.933,1.36274,-0.68198,0.167384,52.745,-34.37,-56.105,-0.6585,-0.753,-0.609,0
05/22/2025 13:43:21.953,1.177544,-0.602192,0.173972,67.375,-30.275,-48.72,-0.6585,-0.7425,-0.624,0
05/22/2025 13:43:21.973,1.009916,-0.540216,0.174948,68.39,-25.55,-28.21,-0.6885,-0.7455,-0.6135,0
05/22/2025 13:43:21.993,0.882548,-0.437004,0.19642,60.76,-16.73,2.625,-0.7035,-0.7335,-0.5955,0
05/22/2025 13:43:22.013,0.828624,-0.412116,0.18788,44.17,-10.885,32.445,-0.7035,-0.708,-0.6255,0
05/22/2025 13:43:22.033,0.81374,-0.424316,0.164456,30.415,-6.265,54.845,-0.6975,-0.6555,-0.615,0
05/22/2025 13:43:22.053,0.805932,-0.387472,0.148108,25.48,-0.175,69.475,-0.6675,-0.6285,-0.5985,0
05/22/2025 13:43:22.073,0.796904,-0.369904,0.129564,26.845,3.99,74.235,-0.6585,-0.5805,-0.6225,0
05/22/2025 13:43:22.093,0.792024,-0.352336,0.121268,33.18,6.195,71.715,-0.6285,-0.558,-0.6105,0
05/22/2025 13:43:22.113,0.804712,-0.337696,0.093452,38.955,8.47,64.575,-0.618,-0.5385,-0.6255,0
05/22/2025 13:43:22.133,0.8357,-0.30988,0.07905599,41.72,12.04,55.125,-0.585,-0.4875,-0.624,0
05/22/2025 13:43:22.153,0.94184,-0.278404,0.083204,39.935,16.24,43.61,-0.546,-0.468,-0.6495,0
05/22/2025 13:43:22.173,1.098488,-0.292312,0.043188,23.8,27.055,24.885,-0.546,-0.468,-0.6495,0
05/22/2025 13:43:22.193,1.16022,-0.308172,0.000976,10.08,36.47,13.685,-0.501,-0.405,-0.7245,0
05/22/2025 13:43:22.213,1.186328,-0.319396,-0.025376,-5.985,45.745,5.565,-0.5085,-0.3825,-0.7215,0
05/22/2025 13:43:22.233,1.168516,-0.332816,-0.02806,-21.665,52.57,1.995,-0.486,-0.3705,-0.7095,0
05/22/2025 13:43:22.253,1.117276,-0.347456,-0.032452,-35.455,54.285,3.71,-0.4605,-0.375,-0.735,0
05/22/2025 13:43:22.273,1.043832,-0.350384,-0.0427,-44.1,52.325,11.13,-0.465,-0.3675,-0.7125,0
05/22/2025 13:43:22.293,0.980636,-0.348188,-0.048312,-47.32,46.655,19.88,-0.4335,-0.3795,-0.7005,0
05/22/2025 13:43:22.313,0.942572,-0.378932,-0.041968,-45.745,38.43,28.84,-0.4335,-0.387,-0.7005,0
05/22/2025 13:43:22.333,0.928664,-0.404552,-0.03782,-34.895,28.42,33.915,-0.4305,-0.3765,-0.693,0
05/22/2025 13:43:22.353,0.939644,-0.399428,-0.046604,-16.38,17.71,34.58,-0.408,-0.369,-0.6915,0
05/22/2025 13:43:22.373,0.9577,-0.379176,-0.049044,6.895,9.52,31.745,-0.39,-0.3765,-0.7065,0
05/22/2025 13:43:22.393,0.964044,-0.331352,-0.03538,28.35,4.06,26.67,-0.3825,-0.3765,-0.714,0
05/22/2025 13:43:22.413,0.953796,-0.277916,-0.015128,37.52,0.805,20.615,-0.3645,-0.4065,-0.7215,0
05/22/2025 13:43:22.433,0.934276,-0.289384,0.02318,36.295,-2.94,9.415,-0.3645,-0.4065,-0.7215,0
05/22/2025 13:43:22.453,0.924272,-0.271084,0.050752,33.04,-2.065,1.995,-0.3645,-0.4065,-0.7215,0
05/22/2025 13:43:22.473,0.936716,-0.274988,0.06954,26.145,-0.63,-5.53,-0.3765,-0.429,-0.7665,0
05/22/2025 13:43:22.493,0.952576,-0.274012,0.079788,17.955,3.5,-11.235,-0.381,-0.4365,-0.813,0
05/22/2025 13:43:22.513,0.949648,-0.267668,0.082472,6.825,12.355,-14.14,-0.396,-0.4245,-0.8205,0
05/22/2025 13:43:22.533,0.957212,-0.249368,0.089792,-8.33,22.4,-16.24,-0.4005,-0.429,-0.828,0
05/22/2025 13:43:22.553,0.984296,-0.25254,0.091012,-28.28,31.01,-18.515,-0.381,-0.432,-0.8385,0
05/22/2025 13:43:22.573,1.020408,-0.273524,0.09516,-50.61,37.66,-23.24,-0.426,-0.4275,-0.8445,0
05/22/2025 13:43:22.593,0.979416,-0.319884,0.072468,-70.105,41.58,-29.26,-0.396,-0.447,-0.8355,0
05/22/2025 13:43:22.613,0.898896,-0.347944,0.087596,-77.77,41.265,-37.275,-0.4155,-0.4275,-0.84,0
05/22/2025 13:43:22.633,0.797636,-0.363072,0.08906,-78.05,33.915,-45.465,-0.4395,-0.42,-0.7995,0
05/22/2025 13:43:22.653,0.743224,-0.378932,0.11956,-71.54,23.8,-52.22,-0.4725,-0.4125,-0.777,0
05/22/2025 13:43:22.673,0.748104,-0.433344,0.150548,-60.34,13.16,-58.87,-0.4275,-0.432,-0.7605,0
05/22/2025 13:43:22.693,0.817644,-0.500932,0.199104,-39.76,2.205,-69.055,-0.4635,-0.447,-0.738,0
05/22/2025 13:43:22.713,0.887916,-0.497028,0.228872,-28.14,-1.05,-74.2,-0.4635,-0.447,-0.738,0
05/22/2025 13:43:22.733,0.956236,-0.49288,0.228628,-23.03,-2.17,-75.39,-0.525,-0.4905,-0.7245,0
05/22/2025 13:43:22.753,0.992836,-0.49654,0.213012,-23.66,1.75,-71.645,-0.5685,-0.51,-0.696,0
05/22/2025 13:43:22.773,1.003816,-0.494832,0.21106,-32.55,7.14,-62.545,-0.6105,-0.5085,-0.72,0
05/22/2025 13:43:22.793,0.98454,-0.51606,0.227408,-45.465,11.62,-50.19,-0.624,-0.543,-0.708,0
05/22/2025 13:43:22.813,0.962092,-0.569984,0.234728,-53.935,13.16,-36.47,-0.639,-0.531,-0.693,0
05/22/2025 13:43:22.833,0.930128,-0.5978,0.234484,-53.095,11.305,-22.295,-0.645,-0.5655,-0.6675,0
05/22/2025 13:43:22.853,0.88572,-0.576328,0.232532,-44.975,8.82,-8.645,-0.6555,-0.573,-0.6405,0
05/22/2025 13:43:22.873,0.858148,-0.542168,0.262056,-35.245,6.825,4.06,-0.6555,-0.603,-0.6525,0
05/22/2025 13:43:22.893,0.828136,-0.502152,0.29158,-28.735,5.81,16.24,-0.681,-0.609,-0.6375,0
05/22/2025 13:43:22.913,0.81008,-0.47458,0.288164,-26.495,6.265,27.405,-0.681,-0.609,-0.6375,0
05/22/2025 13:43:22.933,0.83204,-0.453596,0.283772,-27.72,7.28,37.52,-0.702,-0.609,-0.6345,0
05/22/2025 13:43:22.953,0.859612,-0.45018,0.299388,-27.51,9.17,44.695,-0.6765,-0.609,-0.6405,0
05/22/2025 13:43:22.973,0.886452,-0.45018,0.305732,-25.76,9.73,51.205,-0.6885,-0.594,-0.6525,0
05/22/2025 13:43:22.993,0.905728,-0.449204,0.305732,-20.965,8.54,51.975,-0.663,-0.576,-0.648,0
05/22/2025 13:43:23.013,0.920124,-0.446032,0.290604,-16.625,6.895,50.54,-0.618,-0.5685,-0.6555,0
05/22/2025 13:43:23.033,0.92598,-0.41358,0.291336,-14.595,4.655,47.88,-0.603,-0.558,-0.639,0
05/22/2025 13:43:23.053,0.8845,-0.43676,0.300608,-12.565,3.255,43.645,-0.612,-0.543,-0.6555,0
05/22/2025 13:43:23.073,0.850828,-0.492636,0.289872,-10.395,1.225,39.095,-0.5925,-0.54,-0.6285,0
05/22/2025 13:43:23.093,0.812276,-0.49532,0.292312,-3.85,-0.42,35.735,-0.612,-0.543,-0.648,0
05/22/2025 13:43:23.113,0.78324,-0.496296,0.26718,3.605,-0.42,33.775,-0.585,-0.5505,-0.6435,0
05/22/2025 13:43:23.133,0.76982,-0.489464,0.26108,8.925,0.42,34.37,-0.57,-0.5205,-0.6315,0
05/22/2025 13:43:23.153,0.757864,-0.473848,0.258152,11.165,2.275,34.895,-0.54,-0.5475,-0.642,0
05/22/2025 13:43:23.173,0.79544,-0.474336,0.210572,10.08,0.35,33.6,-0.5145,-0.522,-0.633,0
05/22/2025 13:43:23.193,0.816424,-0.450912,0.20618,13.405,0.56,32.48,-0.4995,-0.5265,-0.6285,0
05/22/2025 13:43:23.213,0.81862,-0.468968,0.20374,14.385,-1.155,28.56,-0.504,-0.522,-0.648,0
05/22/2025 13:43:23.233,0.800076,-0.495564,0.211792,13.195,-6.16,20.685,-0.4965,-0.507,-0.6285,0
05/22/2025 13:43:23.253,0.789584,-0.477996,0.18788,14.7,-13.16,16.17,-0.4965,-0.507,-0.6285,0
05/22/2025 13:43:23.273,0.769088,-0.463112,0.15738,18.2,-17.36,12.6,-0.4965,-0.5145,-0.6405,0
05/22/2025 13:43:23.293,0.742492,-0.481412,0.13298,24.08,-18.9,8.365,-0.459,-0.5385,-0.6435,0
05/22/2025 13:43:23.313,0.75518,-0.45384,0.163724,32.025,-21.595,3.955,-0.447,-0.5235,-0.612,0
05/22/2025 13:43:23.333,0.765184,-0.460672,0.17446,33.915,-25.585,-0.63,-0.4515,-0.5235,-0.639,0
05/22/2025 13:43:23.353,0.784948,-0.443592,0.159576,33.215,-30.03,-3.29,-0.4605,-0.5265,-0.651,0
05/22/2025 13:43:23.373,0.776896,-0.468724,0.149084,32.55,-31.465,-5.88,-0.4605,-0.5265,-0.651,0
05/22/2025 13:43:23.393,0.787632,-0.458476,0.151036,30.485,-33.74,-7.945,-0.4575,-0.5085,-0.678,0
05/22/2025 13:43:23.413,0.780556,-0.472628,0.13054,26.88,-35.805,-10.465,-0.4785,-0.507,-0.6705,0
05/22/2025 13:43:23.433,0.778604,-0.474824,0.126392,27.335,-36.82,-11.9,-0.4845,-0.492,-0.7005,0
05/22/2025 13:43:23.453,0.811056,-0.493368,0.116144,31.115,-39.27,-15.225,-0.447,-0.5115,-0.708,0
05/22/2025 13:43:23.473,0.84424,-0.51484,0.123708,37.205,-42.455,-19.39,-0.4395,-0.5235,-0.7035,0
05/22/2025 13:43:23.493,0.87962,-0.519476,0.120292,45.22,-49.49,-25.13,-0.4215,-0.531,-0.7215,0
05/22/2025 13:43:23.513,0.922076,-0.553636,0.123708,57.155,-60.165,-35.56,-0.4215,-0.531,-0.7215,0
05/22/2025 13:43:23.533,0.950136,-0.597068,0.143472,64.33,-65.52,-40.145,-0.4215,-0.531,-0.7215,0
05/22/2025 13:43:23.553,1.014796,-0.601704,0.156648,71.365,-69.475,-41.545,-0.4785,-0.507,-0.762,0
05/22/2025 13:43:23.573,1.04066,-0.604388,0.1647,79.625,-69.545,-39.69,-0.4815,-0.525,-0.7875,0
05/22/2025 13:43:23.593,1.046516,-0.553148,0.157624,85.68,-66.99,-33.25,-0.471,-0.522,-0.78,0
05/22/2025 13:43:23.613,1.026508,-0.48312,0.14884,88.235,-59.185,-20.79,-0.486,-0.5295,-0.819,0
05/22/2025 13:43:23.633,0.988444,-0.431392,0.15372,86.31,-46.795,-5.215,-0.483,-0.5355,-0.852,0
05/22/2025 13:43:23.653,0.959164,-0.358924,0.187392,78.855,-36.715,10.605,-0.4875,-0.5505,-0.879,0
05/22/2025 13:43:23.673,0.95282,-0.315736,0.22204,61.67,-31.08,22.995,-0.4845,-0.5475,-0.8715,0
05/22/2025 13:43:23.693,0.929396,-0.297436,0.229116,34.93,-26.565,31.745,-0.507,-0.558,-0.9105,0
05/22/2025 13:43:23.713,0.907192,-0.374052,0.201788,14.945,-23.765,34.09,-0.5175,-0.5685,-0.906,0
05/22/2025 13:43:23.733,0.881084,-0.373076,0.189344,11.76,-19.74,33.18,-0.489,-0.57,-0.906,0
05/22/2025 13:43:23.753,0.837164,-0.362584,0.157624,13.755,-16.8,30.205,-0.4545,-0.5925,-0.9,0
05/22/2025 13:43:23.773,0.809592,-0.3355,0.138592,23.205,-12.81,24.29,-0.4695,-0.57,-0.9045,0
05/22/2025 13:43:23.793,0.815448,-0.344284,0.168604,27.615,-8.68,20.65,-0.4695,-0.6,-0.9345,0
05/22/2025 13:43:23.813,0.841068,-0.36844,0.159088,27.86,-7.595,16.52,-0.471,-0.5955,-0.969,0
05/22/2025 13:43:23.833,0.899384,-0.382348,0.140788,29.225,-7.595,10.78,-0.474,-0.6,-0.9465,0
05/22/2025 13:43:23.853,0.963312,-0.383568,0.114436,33.495,-7.07,3.115,-0.474,-0.6,-0.9465,0
05/22/2025 13:43:23.873,1.01626,-0.381616,0.092232,37.24,-5.915,-4.41,-0.471,-0.6,-0.9735,0
05/22/2025 13:43:23.893,1.049444,-0.399428,0.078812,37.66,-3.85,-10.185,-0.4785,-0.5805,-0.984,0
05/22/2025 13:43:23.913,1.076528,-0.394792,0.06954,33.6,-1.225,-13.37,-0.4875,-0.603,-1.011,0
05/22/2025 13:43:23.933,1.090192,-0.400404,0.048556,26.145,1.54,-14.28,-0.4635,-0.63,-1.0065,0
05/22/2025 13:43:23.953,1.080188,-0.398452,0.016348,18.83,4.935,-12.74,-0.465,-0.6075,-1.029,0
05/22/2025 13:43:23.973,1.0614,-0.40016,-0.003172,12.04,8.155,-9.415,-0.4875,-0.636,-1.0485,0
05/22/2025 13:43:23.993,1.010892,-0.386252,-0.011224,6.72,10.92,-4.83,-0.4695,-0.603,-1.038,0
05/22/2025 13:43:24.013,0.952576,-0.369416,-0.015372,2.31,11.62,0.35,-0.492,-0.591,-1.053,0
05/22/2025 13:43:24.033,0.896944,-0.371612,-0.009028,-0.91,10.36,4.655,-0.4875,-0.5955,-1.0455,0
05/22/2025 13:43:24.053,0.869616,-0.375516,-0.008296,-0.63,4.795,8.085,-0.4875,-0.5955,-1.0455,0
05/22/2025 13:43:24.073,0.893284,-0.383568,-0.019032,3.325,0.595,7.175,-0.4365,-0.6255,-1.059,0
05/22/2025 13:43:24.093,0.912072,-0.382104,-0.02928,9.31,-1.855,4.48,-0.4755,-0.636,-1.0335,0
05/22/2025 13:43:24.113,0.935496,-0.367708,-0.032696,15.225,-2.625,0.455,-0.4875,-0.621,-1.0335,0
05/22/2025 13:43:24.133,0.95526,-0.346236,-0.02318,16.835,-1.75,-3.22,-0.48,-0.6405,-1.026,0
05/22/2025 13:43:24.153,0.981124,-0.33428,-0.006588,12.11,-1.575,-6.265,-0.4695,-0.63,-1.041,0
05/22/2025 13:43:24.173,1.00284,-0.341112,0.00244,2.94,-1.715,-8.05,-0.495,-0.6555,-1.068,0
05/22/2025 13:43:24.193,1.003572,-0.365024,-0.002684,-6.055,-1.96,-8.68,-0.5025,-0.636,-1.05,0
05/22/2025 13:43:24.213,0.990884,-0.382836,-0.005612,-11.305,-2.31,-8.365,-0.501,-0.6405,-1.0305,0
05/22/2025 13:43:24.233,0.967216,-0.383812,0.002684,-13.3,-2.975,-7.21,-0.498,-0.6435,-1.0335,0
05/22/2025 13:43:24.253,0.950136,-0.37942,0.013908,-13.65,-4.305,-5.635,-0.498,-0.633,-1.0455,0
05/22/2025 13:43:24.273,0.940132,-0.376736,0.017812,-13.195,-5.74,-3.955,-0.546,-0.6285,-1.02,0
05/22/2025 13:43:24.293,0.939644,-0.3782,0.0305,-11.62,-6.475,-3.36,-0.5355,-0.606,-1.0095,0
05/22/2025 13:43:24.313,0.939888,-0.36234,0.045628,-9.03,-7.14,-4.655,-0.546,-0.621,-1.005,0
05/22/2025 13:43:24.333,0.946476,-0.359656,0.051972,-8.085,-7.21,-6.615,-0.558,-0.594,-1.002,0
05/22/2025 13:43:24.353,0.965264,-0.346724,0.054656,-8.61,-7.245,-9.205,-0.5385,-0.624,-1.0005,0
05/22/2025 13:43:24.373,0.996252,-0.355508,0.059292,-10.185,-6.16,-12.39,-0.5415,-0.6315,-0.9975,0
05/22/2025 13:43:24.393,0.99186,-0.349652,0.065636,-12.25,-4.34,-15.435,-0.5445,-0.636,-0.9855,0
05/22/2025 13:43:24.413,0.974536,-0.351604,0.06832,-14.56,-2.8,-18.165,-0.5565,-0.609,-0.975,0
05/22/2025 13:43:24.433,0.958188,-0.347944,0.07515199,-16.905,-1.575,-19.985,-0.552,-0.6015,-0.957,0
05/22/2025 13:43:24.453,0.950624,-0.358924,0.0793,-18.445,-1.12,-21.525,-0.579,-0.6045,-0.969,0
05/22/2025 13:43:24.473,0.943792,-0.371612,0.07808,-18.725,-0.665,-22.995,-0.5415,-0.606,-0.9705,0
05/22/2025 13:43:24.493,0.931836,-0.373808,0.080764,-17.5,-0.21,-24.605,-0.549,-0.5835,-0.9525,0
05/22/2025 13:43:24.513,0.9272,-0.379176,0.083692,-14.98,0.21,-26.495,-0.5475,-0.621,-0.9405,0
05/22/2025 13:43:24.533,0.938424,-0.377468,0.089304,-12.005,0.98,-28.42,-0.5625,-0.6135,-0.915,0
05/22/2025 13:43:24.553,0.943792,-0.381616,0.092232,-10.22,1.68,-29.96,-0.558,-0.606,-0.9225,0
05/22/2025 13:43:24.573,0.963312,-0.386252,0.102724,-8.54,3.08,-32.725,-0.558,-0.5985,-0.918,0
05/22/2025 13:43:24.593,0.97356,-0.401624,0.099552,-8.715,4.375,-33.88,-0.558,-0.5985,-0.918,0
05/22/2025 13:43:24.613,0.982344,-0.40748,0.108092,-8.785,6.405,-34.265,-0.603,-0.606,-0.9045,0
05/22/2025 13:43:24.633,0.98698,-0.402356,0.113704,-11.235,8.61,-33.285,-0.618,-0.612,-0.912,0
05/22/2025 13:43:24.653,1.000644,-0.41114,0.120536,-15.12,10.71,-30.835,-0.6345,-0.642,-0.8895,0
05/22/2025 13:43:24.673,1.00162,-0.409432,0.119316,-19.005,13.09,-26.88,-0.6165,-0.6615,-0.897,0
05/22/2025 13:43:24.693,1.002352,-0.405772,0.120048,-23.17,15.575,-21.21,-0.612,-0.654,-0.885,0
05/22/2025 13:43:24.713,0.992836,-0.404796,0.116388,-27.055,18.41,-14.595,-0.6045,-0.6435,-0.8895,0
05/22/2025 13:43:24.733,0.987712,-0.389424,0.115168,-30.135,20.685,-7.56,-0.6345,-0.6345,-0.879,0
05/22/2025 13:43:24.753,0.97722,-0.400648,0.121268,-31.605,22.82,-1.155,-0.657,-0.63,-0.906,0
05/22/2025 13:43:24.773,0.968436,-0.387716,0.129076,-31.395,23.94,4.2,-0.657,-0.6465,-0.8835,0
05/22/2025 13:43:24.793,0.960872,-0.372832,0.126148,-29.645,24.465,8.4,-0.6495,-0.627,-0.852,0
05/22/2025 13:43:24.813,0.953064,-0.354288,0.133224,-27.615,24.885,12.075,-0.642,-0.6345,-0.879,0
05/22/2025 13:43:24.833,0.92842,-0.34404,0.1342,-26.425,25.27,15.505,-0.624,-0.6285,-0.8715,0
05/22/2025 13:43:24.853,0.9211,-0.33062,0.1342,-24.465,25.235,19.18,-0.624,-0.6285,-0.8715,0
05/22/2025 13:43:24.873,0.914756,-0.316468,0.136152,-22.015,24.71,20.405,-0.624,-0.6285,-0.8715,0
05/22/2025 13:43:24.893,0.917196,-0.31598,0.144448,-19.635,23.52,20.405,-0.5835,-0.609,-0.873,0
05/22/2025 13:43:24.913,0.907436,-0.307684,0.145424,-16.905,22.225,19.67,-0.5565,-0.6135,-0.8505,0
05/22/2025 13:43:24.933,0.905972,-0.295728,0.146888,-14.525,20.51,18.48,-0.564,-0.591,-0.8505,0
05/22/2025 13:43:24.953,0.910608,-0.298656,0.153964,-12.74,18.69,16.8,-0.549,-0.6105,-0.8505,0
05/22/2025 13:43:24.973,0.912072,-0.299632,0.15738,-10.85,16.45,14.7,-0.513,-0.585,-0.876,0
05/22/2025 13:43:24.993,0.907192,-0.298168,0.167872,-8.155,13.93,12.215,-0.4905,-0.6,-0.864,0
05/22/2025 13:43:25.013,0.899628,-0.294264,0.173728,-5.005,11.06,9.275,-0.513,-0.588,-0.8685,0
05/22/2025 13:43:25.033,0.898408,-0.298412,0.186416,-1.47,8.05,5.985,-0.498,-0.588,-0.8835,0
05/22/2025 13:43:25.053,0.897188,-0.301096,0.191784,1.995,4.9,2.45,-0.498,-0.5925,-0.8715,0
05/22/2025 13:43:25.073,0.90158,-0.307928,0.201788,6.37,2.1,-1.4,-0.51,-0.5955,-0.8835,0
05/22/2025 13:43:25.093,0.896212,-0.300364,0.209352,10.955,-0.105,-4.76,-0.495,-0.5805,-0.879,0
05/22/2025 13:43:25.113,0.90646,-0.30866,0.225944,14.875,-1.89,-8.995,-0.5175,-0.5925,-0.894,0
05/22/2025 13:43:25.133,0.905728,-0.310856,0.228628,16.8,-2.345,-11.48,-0.5175,-0.5925,-0.894,0
05/22/2025 13:43:25.153,0.91622,-0.314028,0.237412,17.395,-1.96,-13.265,-0.516,-0.633,-0.8715,0
05/22/2025 13:43:25.173,0.926712,-0.315736,0.235216,16.45,-0.945,-14.63,-0.525,-0.6285,-0.921,0
05/22/2025 13:43:25.193,0.92842,-0.3111,0.236436,14.35,0.525,-15.19,-0.5475,-0.618,-0.9255,0
05/22/2025 13:43:25.213,0.918172,-0.306464,0.223016,10.815,2.555,-14.77,-0.573,-0.624,-0.9225,0
05/22/2025 13:43:25.233,0.897676,-0.31232,0.215696,6.51,4.305,-13.755,-0.5625,-0.624,-0.9255,0
05/22/2025 13:43:25.253,0.880108,-0.327204,0.210328,3.325,5.04,-12.425,-0.5625,-0.636,-0.96,0
05/22/2025 13:43:25.273,0.854244,-0.338428,0.20008,2.31,4.655,-11.55,-0.582,-0.6315,-0.9675,0
05/22/2025 13:43:25.293,0.85156,-0.347212,0.19764,4.795,2.59,-11.48,-0.582,-0.6315,-0.9675,0
05/22/2025 13:43:25.313,0.837164,-0.359168,0.203008,9.8,-0.665,-12.425,-0.555,-0.6555,-0.9525,0
05/22/2025 13:43:25.333,0.838384,-0.368684,0.205448,16.52,-5.005,-13.72,-0.5745,-0.639,-0.972,0
05/22/2025 13:43:25.353,0.849608,-0.37088,0.209596,23.94,-9.415,-14.875,-0.582,-0.6435,-0.9675,0
05/22/2025 13:43:25.373,0.87108,-0.370392,0.212768,29.925,-12.565,-15.33,-0.612,-0.624,-0.9765,0
05/22/2025 13:43:25.393,0.92842,-0.372344,0.234484,33.53,-14.91,-13.825,-0.585,-0.639,-0.972,0
05/22/2025 13:43:25.413,0.971608,-0.382104,0.259616,33.355,-15.05,-11.2,-0.6045,-0.657,-1.0035,0
05/22/2025 13:43:25.433,0.996252,-0.377224,0.265228,31.36,-13.3,-6.755,-0.579,-0.6765,-1.017,0
05/22/2025 13:43:25.453,0.99308,-0.370148,0.259616,28.28,-10.955,-0.49,-0.567,-0.6735,-1.0095,0
05/22/2025 13:43:25.473,0.982344,-0.363072,0.253516,25.235,-7.525,7.07,-0.585,-0.684,-1.014,0
05/22/2025 13:43:25.493,0.95648,-0.329156,0.238876,19.95,-3.745,15.61,-0.597,-0.684,-1.0095,0
05/22/2025 13:43:25.513,0.93574,-0.343064,0.2318,14.7,-0.49,22.995,-0.597,-0.6795,-1.0065,0
05/22/2025 13:43:25.533,0.903288,-0.342332,0.23668,12.39,2.45,28.805,-0.6045,-0.669,-1.014,0
05/22/2025 13:43:25.553,0.888404,-0.331596,0.228384,12.915,4.06,32.41,-0.5955,-0.6915,-0.9915,0
05/22/2025 13:43:25.573,0.889624,-0.330132,0.2196,14.35,4.305,34.37,-0.582,-0.6915,-1.017,0
05/22/2025 13:43:25.593,0.884988,-0.315492,0.209108,15.82,4.27,34.615,-0.5715,-0.684,-1.0125,0
05/22/2025 13:43:25.613,0.878888,-0.306464,0.207644,15.925,3.745,33.775,-0.5595,-0.6885,-1.005,0
05/22/2025 13:43:25.633,0.884988,-0.313784,0.203008,14.245,2.905,32.13,-0.5745,-0.6765,-1.005,0
05/22/2025 13:43:25.653,0.90768,-0.295728,0.210572,12.11,1.89,29.085,-0.564,-0.6765,-1.0245,0
05/22/2025 13:43:25.673,0.924272,-0.323788,0.198372,8.715,1.225,27.685,-0.564,-0.6765,-1.0245,0
05/22/2025 13:43:25.693,0.941352,-0.33428,0.190564,8.085,0.245,26.32,-0.552,-0.6885,-1.0125,0
05/22/2025 13:43:25.713,0.9455,-0.328424,0.188124,9.065,0.385,24.815,-0.513,-0.6555,-1.038,0
05/22/2025 13:43:25.733,0.92842,-0.31964,0.193492,8.47,0.105,23.45,-0.5385,-0.6585,-1.0155,0
05/22/2025 13:43:25.753,0.91866,-0.326472,0.200812,7.175,-1.33,21.98,-0.5115,-0.6735,-1.0005,0
05/22/2025 13:43:25.773,0.911584,-0.329156,0.211304,7,-3.045,19.95,-0.5085,-0.6435,-1.011,0
05/22/2025 13:43:25.793,0.897676,-0.338428,0.221552,7.385,-5.32,17.15,-0.5145,-0.6705,-1.0035,0
05/22/2025 13:43:25.813,0.911828,-0.33794,0.218624,7.735,-8.4,13.09,-0.5085,-0.648,-1.008,0
05/22/2025 13:43:25.833,0.905484,-0.350628,0.21594,8.75,-8.68,9.17,-0.5085,-0.651,-1.008,0
05/22/2025 13:43:25.853,0.907192,-0.348432,0.223748,10.78,-9.555,4.41,-0.4785,-0.66,-1.0065,0
05/22/2025 13:43:25.873,0.909632,-0.36234,0.232044,11.9,-11.06,0.21,-0.4815,-0.648,-0.9915,0
05/22/2025 13:43:25.893,0.911096,-0.377468,0.230824,13.23,-12.39,-4.06,-0.453,-0.648,-1.0095,0
05/22/2025 13:43:25.913,0.904508,-0.386496,0.231312,16.065,-13.335,-7.385,-0.4665,-0.66,-0.9945,0
05/22/2025 13:43:25.933,0.915732,-0.399672,0.243756,20.755,-15.89,-12.11,-0.4665,-0.66,-0.9945,0
05/22/2025 13:43:25.953,0.915488,-0.403576,0.259128,23.975,-17.465,-14.56,-0.495,-0.6825,-0.969,0
05/22/2025 13:43:25.973,0.912804,-0.409676,0.271816,26.565,-18.48,-16.135,-0.4545,-0.7095,-0.972,0
05/22/2025 13:43:25.993,0.90036,-0.40382,0.270352,28.105,-19.04,-16.31,-0.4695,-0.717,-0.9675,0
05/22/2025 13:43:26.013,0.893284,-0.402112,0.25986,28.105,-19.32,-15.085,-0.4845,-0.6975,-0.9765,0
05/22/2025 13:43:26.033,0.884012,-0.406504,0.251808,28.035,-18.83,-13.475,-0.477,-0.705,-0.987,0
05/22/2025 13:43:26.053,0.872788,-0.402356,0.247904,29.4,-17.745,-12.355,-0.4845,-0.723,-0.9945,0
05/22/2025 13:43:26.073,0.859124,-0.394792,0.245708,30.415,-17.185,-11.48,-0.4725,-0.7275,-0.9675,0
05/22/2025 13:43:26.093,0.859856,-0.398696,0.22814,31.395,-17.465,-11.375,-0.51,-0.7275,-0.981,0
05/22/2025 13:43:26.113,0.912316,-0.399916,0.2135,32.13,-18.76,-12.565,-0.5205,-0.7455,-1.0005,0
05/22/2025 13:43:26.133,0.979172,-0.411628,0.209352,33.005,-19.39,-15.75,-0.5145,-0.738,-1.0065,0
05/22/2025 13:43:26.153,1.06994,-0.427976,0.220088,33.6,-20.3,-20.405,-0.492,-0.738,-0.999,0
05/22/2025 13:43:26.173,1.097512,-0.426512,0.244976,33.705,-19.495,-24.045,-0.522,-0.7485,-1.026,0
05/22/2025 13:43:26.193,1.026508,-0.415532,0.23912,29.54,-16.52,-19.32,-0.5295,-0.7455,-1.026,0
05/22/2025 13:43:26.213,0.945256,-0.37088,0.202764,22.89,-13.125,-8.68,-0.5145,-0.783,-1.029,0
05/22/2025 13:43:26.233,0.914756,-0.349896,0.17812,17.535,-10.325,3.43,-0.495,-0.798,-1.029,0
05/22/2025 13:43:26.253,0.914512,-0.36844,0.1708,15.26,-7.49,14.735,-0.495,-0.798,-1.029,0
05/22/2025 13:43:26.273,0.928176,-0.352336,0.162748,15.19,-6.3,21.245,-0.5325,-0.8175,-1.026,0
05/22/2025 13:43:26.293,0.945012,-0.344528,0.159576,19.74,-7.385,21.245,-0.525,-0.8055,-1.0335,0
05/22/2025 13:43:26.313,0.961848,-0.342576,0.168604,27.335,-10.22,15.89,-0.4695,-0.84,-1.047,0
05/22/2025 13:43:26.333,0.961604,-0.346236,0.174216,34.72,-15.33,7,-0.4725,-0.81,-1.044,0
05/22/2025 13:43:26.353,0.96014,-0.33794,0.188856,41.965,-21.63,-1.925,-0.4545,-0.867,-1.0545,0
05/22/2025 13:43:26.373,0.952576,-0.338428,0.18544,48.545,-26.985,-7.315,-0.453,-0.852,-1.0395,0
05/22/2025 13:43:26.393,0.962092,-0.352336,0.18422,55.65,-29.365,-8.19,-0.471,-0.894,-1.0395,0
05/22/2025 13:43:26.413,0.954528,-0.328912,0.186172,62.58,-28.245,-5.67,-0.4875,-0.9045,-1.062,0
05/22/2025 13:43:26.433,0.947696,-0.316224,0.185196,67.48,-25.76,-1.715,-0.5055,-0.915,-1.0545,0
05/22/2025 13:43:26.453,0.939888,-0.296216,0.176168,70.49,-21.525,2.8,-0.5085,-0.927,-1.047,0
05/22/2025 13:43:26.473,0.934032,-0.26474,0.16714,69.965,-14,8.225,-0.5085,-0.927,-1.047,0
05/22/2025 13:43:26.493,0.933544,-0.252784,0.15128,66.99,-8.33,10.29,-0.5115,-1.0125,-1.092,0
05/22/2025 13:43:26.513,0.9394,-0.247172,0.139568,62.44,-1.365,11.445,-0.5445,-1.0155,-1.086,0
05/22/2025 13:43:26.533,0.943304,-0.242292,0.120048,56.42,5.95,11.83,-0.564,-1.0305,-1.113,0
05/22/2025 13:43:26.553,0.961848,-0.238876,0.10248,48.93,13.3,11.795,-0.564,-1.02,-1.113,0
05/22/2025 13:43:26.573,0.977708,-0.2379,0.076372,40.04,20.93,11.795,-0.5715,-1.05,-1.128,0
05/22/2025 13:43:26.593,1.02846,-0.244732,0.051972,30.345,28,11.55,-0.537,-1.05,-1.116,0
05/22/2025 13:43:26.613,1.08214,-0.252052,0.027084,20.02,35.175,11.305,-0.5205,-1.065,-1.1535,0
05/22/2025 13:43:26.633,1.119716,-0.26352,0.007076,9.415,41.51,11.445,-0.549,-1.083,-1.149,0
05/22/2025 13:43:26.653,1.145824,-0.26474,-0.015372,-0.7,45.885,13.055,-0.5385,-1.077,-1.1415,0
05/22/2025 13:43:26.673,1.146068,-0.282552,-0.03294,-10.185,48.09,16.345,-0.5415,-1.0725,-1.1565,0
05/22/2025 13:43:26.693,1.118496,-0.290116,-0.034892,-17.85,47.705,21.63,-0.531,-1.08,-1.164,0
05/22/2025 13:43:26.713,1.081896,-0.299876,-0.035624,-22.155,44.485,28.42,-0.5385,-1.0755,-1.149,0
05/22/2025 13:43:26.733,1.02602,-0.302072,-0.014152,-21.63,34.86,38.885,-0.5385,-1.0755,-1.149,0
05/22/2025 13:43:26.753,1.008452,-0.30256,-0.011468,-16.52,26.67,44.555,-0.501,-1.0545,-1.134,0
05/22/2025 13:43:26.773,0.996984,-0.29036,0.005124,-8.47,19.075,48.79,-0.471,-1.0515,-1.1445,0
05/22/2025 13:43:26.793,0.991128,-0.269864,0.025132,-0.98,12.74,51.765,-0.4785,-1.047,-1.122,0
05/22/2025 13:43:26.813,0.986004,-0.239852,0.040992,3.045,7.945,53.445,-0.4635,-1.0365,-1.1325,0
05/22/2025 13:43:26.833,0.978928,-0.216184,0.052704,2.765,4.55,53.62,-0.4755,-1.029,-1.125,0
05/22/2025 13:43:26.853,0.952576,-0.203008,0.072956,-0.245,1.96,51.8,-0.471,-1.047,-1.1325,0
05/22/2025 13:43:26.873,0.91378,-0.2013,0.084912,-3.78,-0.945,47.635,-0.4785,-1.029,-1.1325,0
05/22/2025 13:43:26.893,0.873276,-0.196908,0.106872,-6.125,-4.41,41.335,-0.4755,-1.014,-1.1145,0
05/22/2025 13:43:26.913,0.830332,-0.20374,0.135908,-7,-8.96,33.145,-0.4575,-1.0095,-1.137,0
05/22/2025 13:43:26.933,0.799344,-0.204716,0.167384,-6.125,-13.825,23.555,-0.447,-0.984,-1.1475,0
05/22/2025 13:43:26.953,0.782508,-0.201788,0.193004,-3.955,-17.955,12.915,-0.465,-0.9915,-1.1295,0
05/22/2025 13:43:26.973,0.7808,-0.20862,0.21472,-2.45,-20.3,1.96,-0.4755,-0.9675,-1.1175,0
05/22/2025 13:43:26.993,0.826672,-0.231556,0.23302,-1.785,-19.67,-15.225,-0.447,-0.9765,-1.1325,0
05/22/2025 13:43:27.013,0.852048,-0.210084,0.247416,-3.605,-16.065,-25.585,-0.447,-0.9765,-1.1325,0
05/22/2025 13:43:27.033,0.885476,-0.202032,0.262056,-10.535,-11.725,-34.72,-0.462,-0.957,-1.1325,0
05/22/2025 13:43:27.053,0.9089,-0.204228,0.255468,-22.12,-6.86,-42.245,-0.48,-0.9675,-1.119,0
05/22/2025 13:43:27.073,0.903776,-0.228872,0.26596,-37.415,-2.52,-48.3,-0.5025,-0.9375,-1.116,0
05/22/2025 13:43:27.093,0.92964,-0.264984,0.296704,-55.825,-1.925,-54.285,-0.48,-0.9225,-1.107,0
05/22/2025 13:43:27.113,0.948916,-0.389424,0.30012,-69.72,-2.975,-60.48,-0.477,-0.927,-1.122,0
05/22/2025 13:43:27.133,0.959408,-0.449936,0.303292,-68.32,-5.04,-65.38,-0.4845,-0.912,-1.1145,0
05/22/2025 13:43:27.153,0.976488,-0.50752,0.321836,-58.66,-6.37,-68.075,-0.4845,-0.912,-1.0995,0
05/22/2025 13:43:27.173,0.965264,-0.544608,0.304268,-47.95,-6.72,-66.465,-0.513,-0.888,-1.086,0
05/22/2025 13:43:27.193,0.96746,-0.532652,0.270596,-35.84,-7.42,-61.495,-0.51,-0.888,-1.0815,0
05/22/2025 13:43:27.213,0.958676,-0.494344,0.260836,-25.55,-6.405,-54.635,-0.5145,-0.87,-1.086,0
05/22/2025 13:43:27.233,0.955016,-0.498248,0.26352,-21.7,-5.635,-46.06,-0.498,-0.8775,-1.0665,0
05/22/2025 13:43:27.253,0.9394,-0.513864,0.279624,-21.07,-4.27,-38.325,-0.4905,-0.8745,-1.0695,0
05/22/2025 13:43:27.273,0.874008,-0.506056,0.243512,-20.965,-2.555,-30.205,-0.4905,-0.8745,-1.0695,0
05/22/2025 13:43:27.293,0.845216,-0.498736,0.235216,-19.95,-1.82,-24.99,-0.51,-0.8655,-1.056,0
05/22/2025 13:43:27.313,0.833748,-0.493856,0.216672,-17.045,-1.435,-19.635,-0.5205,-0.8625,-1.056,0
05/22/2025 13:43:27.333,0.844484,-0.508496,0.204228,-13.755,-1.05,-14.735,-0.513,-0.84,-1.044,0
05/22/2025 13:43:27.353,0.872544,-0.539484,0.245708,-8.155,0.385,-10.99,-0.546,-0.855,-1.038,0
05/22/2025 13:43:27.373,0.881572,-0.5307,0.268644,-3.605,3.255,-8.33,-0.543,-0.84,-1.0185,0
05/22/2025 13:43:27.393,0.878888,-0.500444,0.2623,-2.38,3.57,-5.565,-0.531,-0.8655,-1.0215,0
05/22/2025 13:43:27.413,0.876204,-0.489708,0.27328,-2.205,4.41,-2.485,-0.5355,-0.831,-1.053,0
05/22/2025 13:43:27.433,0.887672,-0.529236,0.266204,-4.515,2.695,2.065,-0.5205,-0.87,-1.029,0
05/22/2025 13:43:27.453,0.90036,-0.521916,0.261324,-4.48,0.28,6.86,-0.4935,-0.8775,-1.02,0
05/22/2025 13:43:27.473,0.921588,-0.501176,0.253272,-1.015,-2.905,10.92,-0.534,-0.8655,-1.0185,0
05/22/2025 13:43:27.493,0.931836,-0.490928,0.239364,3.815,-4.865,15.295,-0.519,-0.873,-1.026,0
05/22/2025 13:43:27.513,0.9333,-0.4575,0.25864,7.91,-5.74,20.16,-0.5415,-0.8655,-1.014,0
05/22/2025 13:43:27.533,0.934032,-0.44042,0.25864,8.225,-7.315,26.495,-0.531,-0.8475,-1.0065,0
05/22/2025 13:43:27.553,0.91866,-0.425292,0.247172,7.665,-7.35,29.96,-0.531,-0.8475,-1.0065,0
05/22/2025 13:43:27.573,0.902068,-0.427488,0.241804,8.12,-7.665,31.745,-0.498,-0.852,-1.0245,0
05/22/2025 13:43:27.593,0.901336,-0.424072,0.24888,10.92,-8.82,31.465,-0.4785,-0.8775,-1.0395,0
