timestamp,probability,energy,frequency
0.0,0.18074062,0.014436737534988036,0.1
1.0000015694090783,0.36694878,0.001144395113859896,0.1
2.0000031388181565,0.3633886,0.0011804959790061007,0.1
3.0000047082272348,0.37681234,0.001246123133966556,0.1
4.000006277636313,0.3652885,0.0012899036938129737,0.1
5.000007847045391,0.2442754,0.0015324914022461238,0.1
6.0000094164544695,0.35269386,0.0015464099765223986,0.1
7.000010985863548,0.2603902,0.001562529381005646,0.1
8.000012555272626,0.388169,0.0017664249128413812,0.1
9.000014124681705,0.536704,0.001961462083794603,9.5
10.000015694090783,0.32625934,0.002442120962000761,10.600000000000001
11.000017263499862,0.46089625,0.00297251819055952,14.4
12.000018832908939,0.2844706,0.0031468908596271605,14.4
13.000020402318018,0.37056726,0.0032850547485614554,14.4
14.000021971727096,0.574723,0.0037170032153301304,14.4
15.000023541136175,0.32794985,0.004310082647112508,13.700000000000001
16.000025110545252,0.519849,0.08657606767910267,1.4000000000000001
17.00002667995433,0.31311998,0.09280730896150229,1.4000000000000001
18.00002824936341,0.16430739,0.12400947385317182,1.4000000000000001
19.00002981877249,0.19317071,0.12449711550999484,1.4000000000000001
20.000031388181565,0.3822833,0.12448959640508613,1.4000000000000001
21.000032957590644,0.31002295,0.12447748289758873,1.4000000000000001
22.000034526999723,0.33326006,0.12447783788902086,1.4000000000000001
23.000036096408802,0.30679682,0.1244871163611476,1.4000000000000001
24.000037665817878,0.3143039,0.12447984179389691,1.4000000000000001
25.000039235226957,0.17459024,0.12445751708352613,1.4000000000000001
26.000040804636036,0.37234718,0.08976475543601271,0.8
27.000042374045115,0.29244217,0.08330221613529547,1.1
28.00004394345419,0.36307612,0.011796277756518769,5.1000000000000005
29.00004551286327,0.7382665,0.0022812805632174077,11.100000000000001
30.00004708227235,0.32227367,0.0022988008871898374,11.100000000000001
31.00004865168143,0.19989222,0.07127006872817351,1.5
32.000050221090504,0.15909247,0.07142273170184898,1.5
33.00005179049958,0.287872,0.07163893287944792,1.6
34.00005335990866,0.32107502,0.07171730892330823,1.6
35.00005492931774,0.44988474,0.07175878559267306,1.6
36.00005649872682,0.46065062,0.07177957003647543,1.6
37.0000580681359,0.63663596,0.07180007769329184,1.6
38.00005963754498,0.83327806,0.07180877121354863,1.6
39.00006120695405,0.9248056,0.07181943534879139,1.6
40.00006277636313,0.8072104,0.07181736247356142,1.6
41.00006434577221,0.89215976,0.008585997180728807,1.8
42.00006591518129,0.87411237,0.007682093679559898,1.8
43.00006748459037,0.8276539,0.004989618270005603,1.8
44.00006905399945,0.83401865,0.005287961245440302,2.3000000000000003
45.000070623408526,0.77918416,0.005370429491126971,1.7000000000000002
46.000072192817605,0.80537677,0.005330874922578171,1.7000000000000002
47.00007376222668,0.73724395,0.005188443325028665,1.7000000000000002
48.000075331635756,0.5258044,0.0050816168050073635,1.7000000000000002
49.000076901044835,0.6995553,0.004980020917230878,1.7000000000000002
50.000078470453914,0.5886482,0.005070955155035056,9.600000000000001
51.00008003986299,0.6991661,0.004960933750442138,9.600000000000001
52.00008160927207,0.6714703,0.004779996467195761,1.6
53.00008317868115,0.35354087,0.004748347698463104,1.6
54.00008474809023,0.3022595,0.003509515744568602,1.4000000000000001
55.00008631749931,0.679078,0.002939224538967087,9.0
56.00008788690838,0.74607474,0.016957272703152903,0.4
57.00008945631746,0.60107356,0.051910148784196176,1.2000000000000002
58.00009102572654,0.6097909,0.05200469164980958,1.2000000000000002
59.00009259513562,0.55817896,0.05200847646351035,1.2000000000000002
60.0000941645447,0.47126907,0.05427112769162501,1.4000000000000001
61.00009573395378,0.6061054,0.06165606127151153,2.0
62.00009730336286,0.66486114,0.0616599437883292,2.0
63.000098872771936,0.5988884,0.06178487282109497,2.0
64.00010044218101,0.7243178,0.061751094583584125,2.0
65.00010201159009,0.7713257,0.061719269554181354,2.0
66.00010358099917,0.75030375,0.05912179519631563,2.0
67.00010515040825,0.50170064,0.034521124739460826,1.9000000000000001
68.00010671981732,0.31717175,0.03446979334042977,1.9000000000000001
69.0001082892264,0.59153134,0.034803952649453414,2.2
70.00010985863548,0.38041213,0.035418757349271704,2.2
71.00011142804456,0.43811342,0.020035450468544734,2.6
72.00011299745364,0.4030314,0.019962036641647276,2.2
73.00011456686272,0.5010025,0.019603963370942695,2.7
74.0001161362718,0.58189404,0.019594927583365663,2.7
75.00011770568088,0.567667,0.01959839535325315,2.7
76.00011927508996,0.4059983,0.0194901484369942,2.6
77.00012084449902,0.5952579,0.018263462546242247,2.4000000000000004
78.0001224139081,0.59224695,0.018052659751821108,2.4000000000000004
79.00012398331718,0.45795614,0.017385887519843265,2.6
80.00012555272626,0.28188217,0.0046859684633703495,11.9
81.00012712213534,0.5221031,0.00597661611102558,2.2
82.00012869154442,0.46667477,0.00639009736423404,6.6000000000000005
83.0001302609535,0.60261947,0.00817796159738098,1.9000000000000001
84.00013183036258,0.5465579,0.011139221657386029,2.3000000000000003
85.00013339977166,0.54520726,0.013281554580488169,1.5
86.00013496918073,0.55040365,0.013551590633042093,1.5
87.00013653858981,0.41555986,0.015450543971453323,1.5
88.0001381079989,0.46495906,0.016140064501149045,1.5
89.00013967740797,0.23119074,0.021047052721159358,4.3
90.00014124681705,0.19172579,0.024462691254016396,4.3
91.00014281622613,0.22677112,0.024486442308029776,4.3
92.00014438563521,0.22299568,0.02552079508400391,4.3
93.00014595504429,0.12294189,0.024909403564089348,4.3
94.00014752445335,0.21186858,0.02497911929007556,7.2
95.00014909386243,0.27299356,0.024188062220900662,6.300000000000001
96.00015066327151,0.20281775,0.02413785331089463,6.300000000000001
97.00015223268059,0.16355146,0.024489544319207156,4.3
98.00015380208967,0.21922182,0.02410838786654332,4.3
99.00015537149875,0.3183412,0.021354204608029802,4.5
100.00015694090783,0.38023785,0.01769140184891458,4.5
101.00015851031691,0.45087987,0.019405847397269475,2.1
102.00016007972599,0.3312708,0.01909684177885957,2.8000000000000003
103.00016164913507,0.47003967,0.01913630019735136,2.8000000000000003
104.00016321854415,0.41644567,0.017612125312262562,2.8000000000000003
105.00016478795322,0.5023466,0.01725629978601919,2.3000000000000003
106.0001663573623,0.5088853,0.017251022988665356,2.8000000000000003
107.00016792677138,0.54343736,0.015880357245620622,4.3
108.00016949618046,0.48026994,0.018733119965667275,5.7
109.00017106558954,0.3065393,0.023313461831205817,2.9000000000000004
110.00017263499862,0.23127656,0.023452934377108093,2.9000000000000004
111.00017420440768,0.18242891,0.022133773339513902,2.9000000000000004
112.00017577381676,0.264464,0.021147220409630293,2.9000000000000004
113.00017734322584,0.28272852,0.021183000511855128,2.9000000000000004
114.00017891263492,0.41360778,0.02124479295260947,2.9000000000000004
115.000180482044,0.30179873,0.02213717712676469,3.0
116.00018205145308,0.32182148,0.022805219344912326,3.0
117.00018362086216,0.33502728,0.026939641793638242,1.6
118.00018519027124,0.21177945,0.02831867132807892,1.6
119.00018675968032,0.50636697,0.03667212229131859,3.6
120.0001883290894,0.42296556,0.03661604763708962,3.7
121.00018989849848,0.4148539,0.03628429919656738,3.6
122.00019146790756,0.37063202,0.03640763210363024,3.6
123.00019303731663,0.45347112,0.0364289371857582,3.6
124.00019460672571,0.4634819,0.03648258656807162,3.6
125.00019617613479,0.49452892,0.035960479718467414,3.6
126.00019774554387,0.6179547,0.035507495329170316,3.6
127.00019931495295,0.6058811,0.03209145619425725,3.7
128.00020088436202,0.45994002,0.029283804455831786,3.2
129.0002024537711,0.35903537,0.00791799628185842,4.7
130.00020402318017,0.45337573,0.006764870715645307,5.9
131.00020559258925,0.39460874,0.006808397147923623,5.9
132.00020716199833,0.40767312,0.00593374480705673,5.9
133.0002087314074,0.601417,0.008988042365970039,5.800000000000001
134.0002103008165,0.5141144,0.010430305917436947,6.300000000000001
135.00021187022557,0.4366673,0.010734425499354256,2.4000000000000004
136.00021343963465,0.4371765,0.010812155489714766,2.4000000000000004
137.00021500904373,0.57504797,0.016867985215781686,2.4000000000000004
138.0002165784528,0.3916308,0.019241185421510622,2.4000000000000004
139.0002181478619,0.34933737,0.01940619416978183,2.4000000000000004
140.00021971727097,0.21603578,0.020876456180874046,2.4000000000000004
141.00022128668004,0.3474183,0.027518848976150326,2.9000000000000004
142.00022285608912,0.10956865,0.032157881079351844,5.2
143.0002244254982,0.25149196,0.03273356183201377,5.2
144.00022599490728,0.16201694,0.0329694343006182,5.2
145.00022756431636,0.14379843,0.03306269841812353,5.2
146.00022913372544,0.39244282,0.03301354690322683,5.2
147.00023070313452,0.4008983,0.031135264991428456,3.0
148.0002322725436,0.38913053,0.030355354090366788,3.0
149.00023384195268,0.463586,0.030739475637436165,3.0
150.00023541136176,0.6215529,0.029775606522656498,3.0
151.00023698077084,0.37249237,0.0237883829732001,5.1000000000000005
152.00023855017992,0.19389965,0.018198293022654286,8.6
153.000240119589,0.1699314,0.016371161870950206,8.6
154.00024168899805,0.2867764,0.019549430304307662,8.6
155.00024325840712,0.25780016,0.02602974285128877,8.8
156.0002448278162,0.31299233,0.027594270718971796,1.9000000000000001
157.00024639722528,0.14038439,0.028434774911917857,1.9000000000000001
158.00024796663436,0.19879682,0.027764752527467906,1.9000000000000001
159.00024953604344,0.22982962,0.028239578515813286,4.1000000000000005
160.00025110545252,0.37420344,0.030525683915991093,4.7
161.0002526748616,0.22004159,0.03327026886319966,4.1000000000000005
162.00025424427068,0.11186737,0.03697964766339586,3.4000000000000004
163.00025581367976,0.16653337,0.03897985005432719,3.4000000000000004
164.00025738308884,0.079926424,0.043377775395102285,3.4000000000000004
165.00025895249792,0.06851943,0.04260827074243387,2.8000000000000003
166.000260521907,0.081435345,0.045228862508870475,3.5
167.00026209131607,0.061522283,0.04531948403069557,3.5
168.00026366072515,0.080815196,0.048234101802756224,2.8000000000000003
169.00026523013423,0.03008159,0.047861936675786795,3.5
170.0002667995433,0.057262667,0.04679443479097528,3.5
171.0002683689524,0.08296578,0.04487768016040893,3.5
172.00026993836147,0.13675977,0.044753999105081696,5.300000000000001
173.00027150777055,0.15095001,0.04299742213039154,6.5
174.00027307717963,0.115427375,0.03723219070059755,6.5
175.0002746465887,0.16301234,0.03488667860744872,6.300000000000001
176.0002762159978,0.057684083,0.033288739549196505,6.300000000000001
177.00027778540687,0.19399239,0.032136780623441275,6.300000000000001
178.00027935481594,0.14665994,0.027943249249212473,5.9
179.00028092422502,0.08328706,0.031534650050860626,5.7
180.0002824936341,0.17950414,0.032922597897015266,5.7
181.00028406304318,0.13648589,0.034312530324060175,5.7
182.00028563245226,0.13061221,0.033436078794085014,5.7
183.00028720186134,0.050565187,0.03419300654193141,5.7
184.00028877127042,0.07403401,0.033254965451049605,5.7
185.0002903406795,0.14383642,0.032171523787196406,5.7
186.00029191008858,0.21553028,0.028856749894105364,5.6000000000000005
187.00029347949766,0.37013322,0.028336362831038523,5.6000000000000005
188.0002950489067,0.61030644,0.027868610778877777,5.6000000000000005
189.0002966183158,0.6305615,0.02319638723232099,4.9
190.00029818772487,0.5149894,0.02033665770640053,6.800000000000001
191.00029975713394,0.47973147,0.0178550192199637,6.7
192.00030132654302,0.662361,0.009359030228486066,5.0
193.0003028959521,0.59962445,0.0036977937571365726,13.4
194.00030446536118,0.30160272,0.003671440558328497,13.4
195.00030603477026,0.46174553,0.0035772061920046993,13.4
196.00030760417934,0.254255,0.0030080037287963995,13.4
197.00030917358842,0.31438795,0.002802617092826605,13.700000000000001
198.0003107429975,0.3248345,0.002696280760130595,13.700000000000001
199.00031231240658,0.18792196,0.002664747988306898,13.700000000000001
200.00031388181566,0.21598941,0.002434180697988882,13.700000000000001
201.00031545122474,0.22425878,0.0020056620339021954,14.600000000000001
202.00031702063382,0.2091445,0.002614491607268555,10.100000000000001
203.0003185900429,0.21487498,0.0026088456700691224,14.200000000000001
204.00032015945197,0.2131544,0.0024840982148187168,14.200000000000001
205.00032172886105,0.21949421,0.002552783297091767,10.200000000000001
206.00032329827013,0.27147016,0.0026986431155670856,9.9
207.0003248676792,0.23964131,0.002829465265764593,14.5
208.0003264370883,0.27110288,0.002925097698051776,11.3
209.00032800649737,0.19328646,0.0035680128961225123,15.0
210.00032957590645,0.2404131,0.0036928618473712352,15.0
211.00033114531553,0.1889894,0.0036474543739334953,12.100000000000001
212.0003327147246,0.4843743,0.004669148614209177,12.100000000000001
213.0003342841337,0.45567226,0.006671529642057223,12.100000000000001
214.00033585354277,0.5332891,0.006938372380012511,12.100000000000001
215.00033742295184,0.44859743,0.007042250642398243,12.100000000000001
216.00033899236092,0.54291135,0.007077652912635022,12.100000000000001
217.00034056177,0.5522616,0.007035873935837853,12.100000000000001
218.00034213117908,0.5319434,0.00702714885156048,12.100000000000001
219.00034370058816,0.5183404,0.006777017856961367,12.100000000000001
220.00034526999724,0.49706012,0.006749260624200365,12.100000000000001
221.00034683940632,0.48901498,0.006757076803294595,13.8
222.00034840881537,0.32000497,0.005838992331815036,13.200000000000001
223.00034997822445,0.3862984,0.0034817454739560437,14.600000000000001
224.00035154763353,0.27677736,0.0031806179968735457,8.6
225.0003531170426,0.25277203,0.0029139433945944626,13.8
226.0003546864517,0.48031095,0.002745183224618473,13.200000000000001
227.00035625586077,0.28329015,0.0028282661979917574,13.200000000000001
228.00035782526984,0.30467898,0.0027797553870271725,10.0
229.00035939467892,0.418331,0.002688957170696287,7.4
230.000360964088,0.30117816,0.002595215369293162,13.100000000000001
231.00036253349708,0.28347045,0.002593665695484082,8.6
232.00036410290616,0.45626768,0.02038608112410782,0.2
233.00036567231524,0.55349714,0.02934916626696933,1.2000000000000002
234.00036724172432,0.4598978,0.04613469933441485,1.7000000000000002
235.0003688111334,0.32920697,0.046613461289821044,1.7000000000000002
236.00037038054248,0.33512145,0.04670056490636505,1.7000000000000002
237.00037194995156,0.307318,0.046838995280716576,1.7000000000000002
238.00037351936064,0.3703441,0.046983406877803106,1.7000000000000002
239.00037508876972,0.45055088,0.0525749355296875,1.7000000000000002
240.0003766581788,0.4844864,0.06442032135209509,1.9000000000000001
241.00037822758787,0.48828223,0.06638684170449315,1.9000000000000001
242.00037979699695,0.6304164,0.06334643708412921,1.9000000000000001
243.00038136640603,0.42092308,0.05971639772549564,2.1
244.0003829358151,0.21519417,0.0479132798131057,1.9000000000000001
245.0003845052242,0.32521012,0.04747131090960423,2.0
246.00038607463327,0.3665663,0.04737791848304837,2.0
247.00038764404235,0.44263557,0.04816997964413829,1.9000000000000001
248.00038921345143,0.41660506,0.0488573452518957,1.9000000000000001
249.0003907828605,0.515153,0.042845348817158735,1.8
250.00039235226959,0.5321315,0.02130900451062609,6.5
251.00039392167866,0.5361599,0.014022749258347922,3.4000000000000004
252.00039549108774,0.5922402,0.014036274667825551,3.4000000000000004
253.00039706049682,0.61916304,0.013985132664141973,2.7
254.0003986299059,0.5902573,0.014007798226075893,2.7
255.00040019931498,0.5315053,0.013985707773093423,3.4000000000000004
256.00040176872403,0.50540674,0.013965023185788085,3.4000000000000004
257.00040333813314,0.5974293,0.010315363030590226,0.2
258.0004049075422,0.64777267,0.003966907046847776,12.9
259.0004064769513,0.6806802,0.003530244088993455,12.9
260.00040804636035,0.26908606,0.0031727057041576385,12.9
261.00040961576946,0.24332006,0.0031173297119700158,10.8
262.0004111851785,0.25556386,0.0029107659963862297,14.100000000000001
263.0004127545876,0.27607474,0.0028465199940588205,10.8
264.00041432399667,0.24430603,0.0027258402504422015,10.8
265.0004158934058,0.26501954,0.003253412139578298,10.8
266.0004174628148,0.2942895,0.0033156146254793273,13.100000000000001
267.00041903222393,0.3151912,0.0031778067126424564,13.4
268.000420601633,0.25935918,0.0029746125141967904,13.4
269.0004221710421,0.25815088,0.0029537426732203992,13.4
270.00042374045114,0.21240628,0.0031413833060150134,13.8
271.00042530986025,0.24598864,0.002894975993065596,13.8
272.0004268792693,0.22678289,0.0029593654827966658,13.8
273.0004284486784,0.2487877,0.002927688354899889,13.8
274.00043001808746,0.21825562,0.0032060382472349305,13.8
275.0004315874965,0.25398088,0.002644139327901383,14.4
276.0004331569056,0.24485412,0.002619809670741973,13.8
277.00043472631467,0.39194685,0.002695015631476965,13.8
278.0004362957238,0.23194197,0.003007056764976764,12.0
279.0004378651328,0.21556301,0.0031073340050745525,12.0
280.00043943454193,0.23021077,0.0029768640614826164,14.3
281.000441003951,0.21265204,0.00300068014536855,14.3
282.0004425733601,0.20576188,0.003160038058645913,14.3
283.00044414276914,0.17323083,0.003113134397295738,13.700000000000001
284.00044571217825,0.25301674,0.0028584692328752458,14.4
285.0004472815873,0.24749774,0.003082615694106238,14.4
286.0004488509964,0.2731231,0.0030930746896217567,14.4
287.00045042040546,0.26066068,0.003409526787443579,14.4
288.00045198981456,0.655517,0.009088172158995125,4.2
289.0004535592236,0.6482471,0.011415045846043777,3.7
290.0004551286327,0.66679484,0.011806824211073682,3.9000000000000004
291.0004566980418,0.54193604,0.012585835028938827,12.5
292.0004582674509,0.5844777,0.013198590416282407,3.7
293.00045983685993,0.57160914,0.014969972350584079,12.5
294.00046140626904,0.49586445,0.015603479465940201,12.5
295.0004629756781,0.49097165,0.016271055053023738,12.3
296.0004645450872,0.5737653,0.016771007692552443,4.0
297.00046611449625,0.5009738,0.017093884660604165,3.6
298.00046768390536,0.63094306,0.015072411237740058,9.5
299.0004692533144,0.3914436,0.013556763013509571,9.5
300.0004708227235,0.40896368,0.013389257550070524,8.0
301.00047239213256,0.43798625,0.012898438817006518,8.4
302.0004739615417,0.5031897,0.012352396040219073,9.4
303.0004755309507,0.38238963,0.010555704373979279,8.4
304.00047710035983,0.52206767,0.009841838004168366,6.2
305.0004786697689,0.5020164,0.009823789918104184,6.2
306.000480239178,0.4656571,0.00925599651176416,6.2
307.00048180858704,0.43653327,0.008600740938120082,6.2
308.0004833779961,0.51408607,0.013456077103865958,2.0
309.0004849474052,0.54355127,0.013488913632767167,2.0
310.00048651681425,0.4099983,0.013382743628762224,2.0
311.00048808622336,0.4901662,0.013213134918331834,2.2
312.0004896556324,0.51166946,0.013143730916596706,1.9000000000000001
313.0004912250415,0.5138372,0.012734278592145473,1.6
314.00049279445057,0.45142224,0.012488328577822002,1.6
315.0004943638597,0.4647268,0.01146142553966292,2.1
316.0004959332687,0.4013141,0.01122574799293576,2.1
317.00049750267783,0.3255899,0.011044425089583011,1.7000000000000002
318.0004990720869,0.42429408,0.0028625920445634195,13.8
319.000500641496,0.2275926,0.002442897090787157,9.600000000000001
320.00050221090504,0.21762913,0.002425557743810435,9.600000000000001
321.00050378031415,0.1976798,0.002364213293478544,9.600000000000001
322.0005053497232,0.23763214,0.002110850561276887,13.700000000000001
323.0005069191323,0.25628445,0.0021323452533435192,13.700000000000001
324.00050848854136,0.60847074,0.0023812139605154416,13.700000000000001
325.00051005795046,0.43319923,0.019987160748041716,9.9
326.0005116273595,0.52128893,0.020012150859741343,9.9
327.0005131967686,0.53485024,0.020027420632770958,9.9
328.0005147661777,0.5233437,0.0200561249262689,3.3000000000000003
329.0005163355868,0.54262996,0.0200939805921648,3.3000000000000003
330.00051790499583,0.45048705,0.02010355953719046,3.0
331.00051947440494,0.5018729,0.020112298975231074,3.0
332.000521043814,0.53857976,0.020117886335311665,3.0
333.0005226132231,0.36948016,0.020112402916205918,3.0
334.00052418263215,0.27044246,0.020074428300928395,3.0
335.00052575204126,0.26839602,0.002553072279462318,9.1
336.0005273214503,0.2543967,0.002359112136345465,14.5
337.0005288908594,0.21625797,0.003177947473082248,14.5
338.00053046026846,0.21383466,0.0032535534180179668,14.5
339.0005320296776,0.21633476,0.003193813054606863,11.3
340.0005335990866,0.4946867,0.005292227068155177,0.8
341.00053516849573,0.4885263,0.013361437143954694,2.3000000000000003
342.0005367379048,0.37940937,0.024441537911092066,3.4000000000000004
343.00053830731383,0.6085679,0.024484982895509034,3.4000000000000004
344.00053987672294,0.7278663,0.029099812550639682,3.4000000000000004
345.000541446132,0.6198134,0.03364800489543218,2.8000000000000003
346.0005430155411,0.5123404,0.03379485444423458,2.0
347.00054458495015,0.49996823,0.056806910154430464,2.0
348.00054615435926,0.8512625,0.17340663160059383,1.6
349.0005477237683,0.8425925,0.19479694293785962,1.9000000000000001
350.0005492931774,0.7484421,0.21368025257041445,1.8
351.00055086258646,0.68706924,0.2132200344305607,1.8
352.0005524319956,0.42979407,0.2124650447194621,1.8
353.0005540014046,0.58005744,0.2124412265738778,1.8
354.00055557081373,0.63143194,0.2120351298353316,1.8
355.0005571402228,0.1713931,0.21129057968510417,1.8
356.0005587096319,0.026167888,0.2112981329809162,1.8
357.00056027904094,0.4317836,0.20716475948965546,1.8
358.00056184845005,0.4548923,0.12913840935946777,1.5
359.0005634178591,0.5183747,0.09212487878499004,1.5
360.0005649872682,0.36946824,0.02158252965425453,4.0
361.00056655667726,0.2183884,0.022575843704840087,3.5
362.00056812608636,0.25708306,0.022495128218674845,3.5
363.0005696954954,0.21271084,0.0224942134128398,3.5
364.0005712649045,0.20710771,0.02249335112788704,3.5
365.0005728343136,0.25026214,0.022491811012529107,3.5
366.0005744037227,0.11641544,0.0224931145643691,3.5
367.00057597313173,0.2812842,0.022003055233632895,4.800000000000001
368.00057754254084,0.30489647,0.013333065804435799,3.2
369.0005791119499,0.20259249,0.010879918394776913,3.3000000000000003
370.000580681359,0.30082154,0.007163682295652042,5.4
371.00058225076805,0.3890535,0.003874972060063724,5.0
372.00058382017716,0.38895586,0.023819062647076637,6.300000000000001
373.0005853895862,0.48013306,0.030475152854916684,3.9000000000000004
374.0005869589953,0.65312827,0.03138742651761645,4.7
375.00058852840436,0.7027025,0.03394669997518069,3.9000000000000004
376.0005900978134,0.6084038,0.03517967524505465,3.9000000000000004
377.0005916672225,0.76767,0.035346634239798315,3.9000000000000004
378.0005932366316,0.74521166,0.035355277864217535,3.9000000000000004
379.0005948060407,0.55557007,0.03552088217368525,3.9000000000000004
380.00059637544973,0.5987461,0.03572056098362382,3.9000000000000004
381.00059794485884,0.64994806,0.0357880578448678,3.9000000000000004
382.0005995142679,0.67423284,0.027471841125020897,4.0
383.000601083677,0.572703,0.01990707380546514,2.6
384.00060265308605,0.61507547,0.01933927723253837,2.6
385.00060422249516,0.5200376,0.01528920266517389,5.300000000000001
386.0006057919042,0.5893696,0.012384795748502531,4.6000000000000005
387.0006073613133,0.52732617,0.012009805833110242,5.0
388.00060893072236,0.45546517,0.01733181310749679,6.800000000000001
389.0006105001315,0.26411957,0.01768622488583997,6.800000000000001
390.0006120695405,0.27416056,0.01869421633623626,6.800000000000001
391.00061363894963,0.20603487,0.02106750815071473,6.800000000000001
392.0006152083587,0.19891551,0.023593564541597403,6.800000000000001
393.0006167777678,0.17467773,0.026323947333893448,6.800000000000001
394.00061834717684,0.110924914,0.025659443562313852,6.800000000000001
395.00061991658595,0.2264981,0.025166464923075556,6.800000000000001
396.000621485995,0.2811372,0.02529912034164677,6.800000000000001
397.0006230554041,0.27744523,0.025329533559138896,6.800000000000001
398.00062462481316,0.3757606,0.023124261760828078,3.9000000000000004
399.00062619422226,0.2960825,0.024914581724600753,3.9000000000000004
400.0006277636313,0.45342192,0.024307183176748053,3.9000000000000004
401.0006293330404,0.40967882,0.022806454318865365,2.3000000000000003
402.0006309024495,0.31481543,0.021627829595880492,6.1000000000000005
403.0006324718586,0.1832857,0.01897573959854916,6.1000000000000005
404.00063404126763,0.15293717,0.02063307536230584,4.0
405.00063561067674,0.27285326,0.020820352716469016,3.8000000000000003
406.0006371800858,0.24084775,0.020636822374365524,3.8000000000000003
407.0006387494949,0.27233538,0.020533640208511002,3.8000000000000003
408.00064031890395,0.21336585,0.019284170027901133,3.2
409.00064188831306,0.46208292,0.016174926177802224,6.2
410.0006434577221,0.49613285,0.02059938207234372,3.8000000000000003
411.00064502713116,0.3956466,0.02681029119727688,4.3
412.00064659654026,0.62172073,0.026655351374549944,3.3000000000000003
413.0006481659493,0.35154283,0.026795202512715357,3.3000000000000003
414.0006497353584,0.6268895,0.02903985305508246,4.5
415.0006513047675,0.46163994,0.028988688077129208,4.5
416.0006528741766,0.43728694,0.028931235634345052,4.5
417.00065444358563,0.36297536,0.030794809728950632,4.5
418.00065601299474,0.56311107,0.031107078376054396,4.5
419.0006575824038,0.48390856,0.031116423695318078,4.5
420.0006591518129,0.31052598,0.030385971929483734,4.5
421.00066072122195,0.42976442,0.03375001481183645,3.6
422.00066229063106,0.38384297,0.03669014353825781,3.6
423.0006638600401,0.22029048,0.037122665879970436,3.6
424.0006654294492,0.16461702,0.03666874645294236,4.2
425.00066699885826,0.09820301,0.0390386056196254,4.4
426.0006685682674,0.09210873,0.04000085577879726,3.6
427.0006701376764,0.13895342,0.03881489626585663,4.7
428.00067170708553,0.10889207,0.038621104128635314,4.3
429.0006732764946,0.11857278,0.03862974092423574,4.3
430.0006748459037,0.27210462,0.03680208955344646,4.6000000000000005
431.00067641531274,0.6260837,0.03948621697276079,4.6000000000000005
432.00067798472185,0.7223369,0.042418803854344246,4.6000000000000005
433.0006795541309,0.73695874,0.041590647889719924,4.6000000000000005
434.00068112354,0.76133585,0.039650849312767224,4.6000000000000005
435.00068269294906,0.57467973,0.037245593193814534,3.4000000000000004
436.00068426235816,0.5479061,0.036185941616524185,2.3000000000000003
437.0006858317672,0.48078182,0.035884334865528826,2.3000000000000003
438.0006874011763,0.48073003,0.035832331230551746,2.3000000000000003
439.0006889705854,0.42845482,0.03581048937033977,2.3000000000000003
440.0006905399945,0.2729297,0.035785828048893686,2.3000000000000003
441.00069210940353,0.31718212,0.02285214944618638,5.4
442.00069367881264,0.51281124,0.00223714167248624,6.5
443.0006952482217,0.23599862,0.0017981794530649406,2.7
444.00069681763074,0.40408415,0.002794545836752995,7.1000000000000005
445.00069838703985,0.36287686,0.0081531267344382,3.2
446.0006999564489,0.23387408,0.009418174526722695,10.700000000000001
447.000701525858,0.49376243,0.012607774788627613,2.5
448.00070309526706,0.37924886,0.012768645739145627,2.5
449.00070466467616,0.41500983,0.01378652158178304,2.5
450.0007062340852,0.32082412,0.015565767691772099,2.7
451.0007078034943,0.39947304,0.022810662030186384,8.5
452.0007093729034,0.31567627,0.023030086876281844,8.5
453.0007109423125,0.24254505,0.023982027541520682,3.4000000000000004
454.00071251172153,0.18060099,0.026152560839503257,8.5
455.00071408113064,0.120599926,0.02557589310664809,5.9
456.0007156505397,0.16410458,0.026787003553056174,5.5
457.0007172199488,0.072019234,0.028566576989247652,5.5
458.00071878935785,0.14714396,0.02894918118345961,5.9
459.00072035876696,0.18893993,0.029357332651630902,5.9
460.000721928176,0.12609643,0.02886893010023539,5.9
461.0007234975851,0.30355963,0.02360367901113064,3.4000000000000004
462.00072506699416,0.35453537,0.0242894856643641,3.4000000000000004
463.0007266364033,0.25830054,0.02481241659298111,1.8
464.0007282058123,0.41914478,0.022472573736829343,2.1
465.00072977522143,0.49013898,0.021887660291638605,2.1
466.0007313446305,0.6087027,0.019872201169479742,4.4
467.0007329140396,0.57060546,0.016119899760518933,7.1000000000000005
468.00073448344864,0.56042886,0.018598263010571162,6.300000000000001
469.00073605285775,0.4402425,0.017565987554294723,6.7
470.0007376222668,0.3388124,0.01688891027023176,6.9
471.0007391916759,0.2019235,0.01684996849617943,6.9
472.00074076108496,0.32279035,0.015556551932225694,6.9
473.00074233049406,0.33754614,0.013911880230595636,6.9
474.0007438999031,0.23839095,0.015826162377823617,7.0
475.0007454693122,0.5661571,0.01587353096600214,6.300000000000001
476.0007470387213,0.4833879,0.016426641191308718,6.5
477.0007486081304,0.19167638,0.021720076433265494,7.0
478.00075017753943,0.5190864,0.020208580859159133,6.4
479.0007517469485,0.65736496,0.02076401027444303,6.4
480.0007533163576,0.5129001,0.025616152698643056,6.6000000000000005
481.00075488576664,0.5522036,0.025804801848215937,6.6000000000000005
482.00075645517575,0.46003684,0.025802858344326874,6.6000000000000005
483.0007580245848,0.58428675,0.02537752819287533,6.300000000000001
484.0007595939939,0.43654907,0.024275646451057387,6.300000000000001
485.00076116340296,0.57423747,0.024400978928967563,6.300000000000001
486.00076273281206,0.5635646,0.026268340110076664,6.6000000000000005
487.0007643022211,0.60476774,0.025437711980928753,6.2
488.0007658716302,0.42915913,0.025545707875646365,6.9
489.0007674410393,0.42298216,0.02631754022766198,6.9
490.0007690104484,0.35941187,0.0222215960379951,6.9
491.00077057985743,0.23113729,0.022227071707907456,6.9
492.00077214926654,0.18913926,0.022224157145137632,6.9
493.0007737186756,0.17617054,0.022232170204945754,6.9
494.0007752880847,0.298259,0.022179726220036552,6.9
495.00077685749375,0.43982545,0.02213441194784135,6.9
496.00077842690285,0.38319892,0.019504347628465722,6.9
497.0007799963119,0.487254,0.016602387482012478,2.9000000000000004
498.000781565721,0.6135834,0.01570422809053804,2.9000000000000004
499.00078313513006,0.6985976,0.013127980886039172,5.800000000000001
500.00078470453917,0.5945332,0.012130434243851313,2.9000000000000004
501.0007862739482,0.55114037,0.014677872569964192,2.9000000000000004
502.00078784335733,0.5354181,0.014695621832196746,2.9000000000000004
503.0007894127664,0.5774778,0.014938789845329195,2.9000000000000004
504.0007909821755,0.5650664,0.014876768374027217,2.9000000000000004
505.00079255158454,0.585623,0.014669870210942172,2.6
506.00079412099365,0.47125384,0.014541012263586915,2.6
507.0007956904027,0.4867343,0.011121431097687474,1.7000000000000002
508.0007972598118,0.45495299,0.010004025431218184,1.2000000000000002
509.00079882922086,0.397717,0.009853125674614731,1.2000000000000002
510.00080039862996,0.4716623,0.0097979555364402,1.2000000000000002
511.000801968039,0.46600118,0.004195139734911702,13.600000000000001
512.0008035374481,0.37044612,0.004068696546296749,13.600000000000001
513.0008051068571,0.31703445,0.003031441263005083,13.8
514.0008066762663,0.3523679,0.0029801131584022028,13.8
515.0008082456753,0.41330433,0.0036149336067159846,10.200000000000001
516.0008098150844,0.42381743,0.003720687170630231,2.1
517.0008113844934,0.43354005,0.003730649913900446,6.4
518.0008129539026,0.4393537,0.04377607397449138,1.7000000000000002
519.0008145233116,0.4210397,0.05386356194152261,1.4000000000000001
520.0008160927207,0.5083296,0.05544846634258323,1.4000000000000001
521.0008176621297,0.45408246,0.05783553030426131,1.4000000000000001
522.0008192315389,0.32999468,0.08974077539829026,1.4000000000000001
523.000820800948,0.50912046,0.090184025303661,1.4000000000000001
524.000822370357,0.29726803,0.0901574695693935,1.4000000000000001
525.0008239397661,0.18048832,0.09011033729822866,1.4000000000000001
526.0008255091752,0.2928881,0.09008023393124232,1.4000000000000001
527.0008270785843,0.04714112,0.0901657878135978,1.4000000000000001
528.0008286479933,0.47678983,0.07955650573402231,1.5
529.0008302174024,0.68703276,0.07399134265539876,3.0
530.0008317868115,0.653904,0.07316214147978979,3.3000000000000003
531.0008333562206,0.71067137,0.07299656002957193,3.3000000000000003
532.0008349256296,0.6569879,0.024956791927150543,2.8000000000000003
533.0008364950387,0.5544639,0.022973689634839357,2.8000000000000003
534.0008380644479,0.4852909,0.022982640628485176,2.8000000000000003
535.0008396338569,0.578454,0.02459030687549712,2.8000000000000003
536.000841203266,0.5203841,0.027638010279521473,3.9000000000000004
537.000842772675,0.4089914,0.028956615296448537,2.9000000000000004
538.0008443420842,0.5281632,0.02821404652931329,2.7
539.0008459114932,0.5116301,0.02674005350415897,4.6000000000000005
540.0008474809023,0.38368788,0.02805597377518606,4.1000000000000005
541.0008490503113,0.5113324,0.02471573064227492,4.1000000000000005
542.0008506197205,0.45264927,0.024757446795274266,4.1000000000000005
543.0008521891295,0.36038038,0.024754132751475286,4.1000000000000005
544.0008537585386,0.22617154,0.02473472943940452,4.1000000000000005
545.0008553279476,0.57709,0.02312775195439285,4.1000000000000005
546.0008568973568,0.57414544,0.019406812109618334,4.2
547.0008584667659,0.37388203,0.0198492296190931,4.2
548.0008600361749,0.15060589,0.02154620692410968,4.2
549.000861605584,0.4659061,0.02001466698374234,4.2
550.000863174993,0.32737288,0.016810850368003546,2.0
551.0008647444022,0.32473132,0.016655782768126952,1.9000000000000001
552.0008663138112,0.35292822,0.01772102780275231,1.9000000000000001
553.0008678832203,0.39836517,0.018239958235169232,1.9000000000000001
554.0008694526293,0.44464028,0.018251814222901636,1.9000000000000001
555.0008710220385,0.3015947,0.018265141308191617,1.9000000000000001
556.0008725914475,0.27546412,0.01838279104258201,1.9000000000000001
557.0008741608566,0.39726296,0.016582610590329536,9.4
558.0008757302656,0.32444528,0.01601082900161252,9.600000000000001
559.0008772996748,0.2248526,0.018680926819608815,9.600000000000001
560.0008788690839,0.29539663,0.02921219172652304,3.1
561.0008804384929,0.33460358,0.035364700972214114,5.4
562.000882007902,0.55474,0.034826994600731166,5.4
563.0008835773111,0.39019346,0.03520448710953517,3.2
564.0008851467202,0.174757,0.038111807663940844,3.3000000000000003
565.0008867161292,0.16773961,0.03851615764969393,3.3000000000000003
566.0008882855383,0.19282365,0.04039459141882886,3.1
567.0008898549474,0.18545878,0.04231500700314722,3.1
568.0008914243565,0.71231717,0.043142940105416944,4.800000000000001
569.0008929937655,0.6891417,0.04439247748480564,4.800000000000001
570.0008945631746,0.5661041,0.03991797244618493,4.800000000000001
571.0008961325838,0.41797587,0.03374288090107723,4.800000000000001
572.0008977019928,0.562006,0.03372618083347069,4.800000000000001
573.0008992714019,0.38219085,0.03310249006719074,4.800000000000001
574.0009008408109,0.63799655,0.02971690060441382,4.800000000000001
575.0009024102201,0.47911653,0.032300220724353436,4.800000000000001
576.0009039796291,0.6263321,0.03025384536028878,4.800000000000001
577.0009055490382,0.26852015,0.030549134008300668,4.800000000000001
578.0009071184472,0.22545184,0.03319998540533623,3.8000000000000003
579.0009086878564,0.24215683,0.032673818410567324,2.1
580.0009102572654,0.39047223,0.031031250848315945,3.3000000000000003
581.0009118266745,0.36361066,0.030962205298445268,6.4
582.0009133960835,0.41342118,0.03096216037783028,6.4
583.0009149654926,0.27429098,0.030895272806141166,3.3000000000000003
584.0009165349018,0.33445692,0.03117039312464611,2.1
585.0009181043108,0.25735122,0.028181032726389398,1.7000000000000002
586.0009196737199,0.32651886,0.02774933831656499,1.7000000000000002
587.0009212431289,0.30037627,0.025966709562152652,3.6
588.0009228125381,0.31132787,0.024908892235583163,3.6
589.0009243819471,0.36156943,0.021485956795271252,7.6000000000000005
590.0009259513562,0.3640096,0.021151632760620837,7.6000000000000005
591.0009275207652,0.38531834,0.02126800789207826,7.6000000000000005
592.0009290901744,0.38062498,0.02136092178297572,7.6000000000000005
593.0009306595834,0.46877125,0.02147092791102206,7.6000000000000005
594.0009322289925,0.4900968,0.021061123935745378,7.7
595.0009337984015,0.49316347,0.020735192856908672,7.6000000000000005
596.0009353678107,0.2897584,0.020722627983071052,7.7
597.0009369372198,0.44582605,0.017320206974187725,7.4
598.0009385066288,0.5365904,0.005871217184182761,15.0
599.0009400760379,0.35755795,0.00538120629300154,15.0
600.000941645447,0.31852776,0.0048559168172365675,14.9
601.0009432148561,0.2971696,0.004409263342945241,14.700000000000001
602.0009447842651,0.37674046,0.004106240140506955,14.9
603.0009463536742,0.3578768,0.0035115575765182045,13.0
604.0009479230833,0.35212222,0.003861850616644597,13.0
605.0009494924924,0.39730474,0.0038787281643438438,13.0
606.0009510619014,0.4496868,0.004132526048087194,14.200000000000001
607.0009526313105,0.4063399,0.004102967453482902,13.600000000000001
608.0009542007197,0.4003127,0.004008551778329974,11.600000000000001
609.0009557701287,0.4281217,0.004212628210994401,14.700000000000001
610.0009573395378,0.42892134,0.005213649707921183,15.0
611.0009589089468,0.38579124,0.0053340884268574425,15.0
612.000960478356,0.3345413,0.006262523443804302,15.0
613.000962047765,0.5719304,0.017822557279868007,3.9000000000000004
614.0009636171741,0.47780392,0.018487120832346323,3.9000000000000004
615.0009651865831,0.63303167,0.023045822206565956,4.1000000000000005
616.0009667559922,0.5577515,0.028482703665117085,4.1000000000000005
617.0009683254013,0.39708632,0.028821170577818744,4.1000000000000005
618.0009698948104,0.43793485,0.0288396480069263,4.1000000000000005
619.0009714642194,0.35461178,0.02879828448427579,4.1000000000000005
620.0009730336285,0.3322911,0.028651965580956475,4.1000000000000005
621.0009746030377,0.40279213,0.028642553870721486,4.1000000000000005
622.0009761724467,0.38280925,0.028480857560911836,4.1000000000000005
623.0009777418558,0.45141128,0.02319482507431558,5.5
624.0009793112648,0.32594487,0.02406635430404361,5.6000000000000005
625.000980880674,0.35238847,0.02493935109757285,6.6000000000000005
626.000982450083,0.47358537,0.022014905408389514,5.6000000000000005
627.0009840194921,0.58035415,0.0241195226898569,4.1000000000000005
628.0009855889011,0.489351,0.02673430685585168,2.8000000000000003
629.0009871583103,0.47793788,0.028351645046070163,4.0
630.0009887277193,0.54614544,0.028313407423555568,2.9000000000000004
631.0009902971284,0.5300559,0.028297231010866532,2.9000000000000004
632.0009918665374,0.5658984,0.028240870813547217,2.9000000000000004
633.0009934359466,0.7436854,0.028161664975462204,2.9000000000000004
634.0009950053557,0.7590591,0.02693888975905355,4.0
635.0009965747647,0.7649865,0.022314135919941528,3.9000000000000004
636.0009981441738,0.72487617,0.018856636996836353,3.7
637.0009997135829,0.58304775,0.015526354857815084,4.2
638.001001282992,0.6217269,0.010382402422436569,5.4
639.001002852401,0.44215158,0.004598076236929821,10.8
640.0010044218101,0.37047586,0.004531547876190917,9.9
641.0010059912192,0.31625825,0.00444507670299777,9.9
642.0010075606283,0.29692343,0.004321830997688653,10.0
643.0010091300373,0.2896821,0.004254123496842122,11.600000000000001
644.0010106994464,0.26940984,0.004051073218849482,11.5
645.0010122688556,0.27153456,0.003665050519575666,10.0
646.0010138382646,0.30613834,0.0033583910772948,10.0
647.0010154076737,0.23685983,0.0029293694472914272,10.0
648.0010169770827,0.4393116,0.002400512983256376,11.3
649.0010185464918,0.23644817,0.0019450486143830865,12.9
650.0010201159009,0.22717609,0.002094116440611796,11.5
651.00102168531,0.21776003,0.002577613710431357,13.4
652.001023254719,0.20026304,0.002815232119772488,12.9
653.0010248241281,0.24483122,0.002929582248824407,12.9
654.0010263935372,0.2237493,0.0032243192182622132,12.9
655.0010279629463,0.2576207,0.0031999300541613236,14.9
656.0010295323553,0.50953025,0.0037228869610594234,12.9
657.0010311017644,0.5000242,0.004256110070260929,14.8
658.0010326711736,0.5112507,0.004440483276061192,14.8
659.0010342405826,0.3732757,0.004454275282095766,14.8
660.0010358099917,0.48068586,0.004547683033039207,14.8
661.0010373794007,0.42926896,0.004726373486115134,8.9
662.0010389488099,0.5874209,0.00461801122469197,11.0
663.0010405182189,0.38325393,0.004554206854751657,11.0
664.001042087628,0.5299124,0.0043931141689323,11.0
665.001043657037,0.42791477,0.004596932547544632,8.8
666.0010452264462,0.37620243,0.004373668986120925,11.100000000000001
667.0010467958552,0.3814266,0.004733237405987372,6.300000000000001
668.0010483652643,0.50535905,0.012702521839070682,5.1000000000000005
669.0010499346733,0.3415425,0.01750450740889898,4.800000000000001
670.0010515040825,0.3307931,0.01821624364021496,4.6000000000000005
671.0010530734916,0.43909878,0.022867091777843296,4.5
672.0010546429006,0.5426173,0.023684042602205902,4.5
673.0010562123097,0.5412638,0.024312092058999472,4.5
674.0010577817188,0.34944773,0.02487992624451115,4.5
675.0010593511279,0.2516057,0.026803365997174842,4.5
676.0010609205369,0.14883688,0.027014295391125525,4.5
677.001062489946,0.10908534,0.027096962429655612,4.5
678.0010640593551,0.3040614,0.024528200994328803,4.5
679.0010656287642,0.6228102,0.021384370158701847,4.5
680.0010671981732,0.4998516,0.020756240635036723,4.5
681.0010687675823,0.5882922,0.015330555326627669,4.5
682.0010703369915,0.6334179,0.014083513499266986,4.5
683.0010719064005,0.57705265,0.012972803043570595,4.5
684.0010734758096,0.5334241,0.011829275019257143,7.0
685.0010750452186,0.47271842,0.006181388432150656,0.1
686.0010766146277,0.40826645,0.00499243324496802,14.200000000000001
687.0010781840368,0.47251862,0.0036924769616317895,15.0
688.0010797534459,0.27229378,0.002107992070795723,15.0
689.0010813228549,0.25848085,0.0020895773160499917,15.0
690.001082892264,0.22812389,0.0024136362778428696,14.5
691.0010844616731,0.19014846,0.003982397351847855,2.8000000000000003
692.0010860310822,0.33504662,0.006630189068157042,2.8000000000000003
693.0010876004912,0.3004052,0.011651297138917441,14.100000000000001
694.0010891699003,0.30382743,0.011768393108514573,14.100000000000001
695.0010907393095,0.39659235,0.011825685224257919,14.100000000000001
696.0010923087185,0.31156796,0.011855660627820354,14.100000000000001
697.0010938781276,0.34165362,0.011820040939907192,14.100000000000001
698.0010954475366,0.38423002,0.011814109461392849,14.100000000000001
699.0010970169458,0.5233487,0.011799120685398602,14.100000000000001
700.0010985863548,0.18224625,0.011737805007943669,14.200000000000001
701.0011001557639,0.16650568,0.011285125990002516,14.200000000000001
702.0011017251729,0.23881167,0.009968786072681406,10.600000000000001
703.0011032945821,0.41076383,0.002872426502089512,12.3
704.0011048639911,0.29870078,0.0026307834054951607,13.9
705.0011064334002,0.2313174,0.0025215544917650957,14.4
706.0011080028092,0.23222609,0.0025722175387550604,13.200000000000001
707.0011095722184,0.2228621,0.002612890319382743,13.200000000000001
708.0011111416275,0.34661907,0.0026779504676151225,13.200000000000001
709.0011127110365,0.24532591,0.0026732285331789213,14.0
710.0011142804456,0.23737764,0.002621844876712558,14.600000000000001
711.0011158498547,0.28949904,0.0026359550670221124,10.5
712.0011174192638,0.28144467,0.002866933585248324,10.5
713.0011189886728,0.32067448,0.002890981081764642,10.5
714.0011205580819,0.26516548,0.0027082042616810233,12.3
715.001122127491,0.4498694,0.009424489939467151,5.6000000000000005
716.0011236969001,0.21982355,0.014176808565972539,1.5
717.0011252663091,0.45199233,0.016418829534724434,1.3
718.0011268357182,0.51383924,0.01759381424338963,1.3
719.0011284051272,0.49799526,0.018184387847796323,6.4
720.0011299745364,0.3031327,0.020717801165161698,6.1000000000000005
721.0011315439455,0.29835328,0.02156618762630595,6.1000000000000005
722.0011331133545,0.18217981,0.021884751039092643,6.1000000000000005
723.0011346827636,0.11262748,0.02257252345327981,6.1000000000000005
724.0011362521727,0.059794288,0.02260625795249789,6.1000000000000005
725.0011378215818,0.13528836,0.020761207911353774,5.7
726.0011393909908,0.21267,0.017884637690150678,6.1000000000000005
727.0011409603999,0.30136386,0.015884680905451105,6.1000000000000005
728.001142529809,0.41654944,0.014573518786455596,5.1000000000000005
729.0011440992181,0.36996183,0.017222280433784397,5.0
730.0011456686271,0.34403646,0.014173350040967137,5.9
731.0011472380362,0.46289808,0.014568261708900854,5.9
732.0011488074454,0.46793106,0.014276268227587383,5.9
733.0011503768544,0.4926536,0.013640666506877227,5.9
734.0011519462635,0.4904949,0.013605217872042058,5.9
735.0011535156725,0.50390655,0.013621100323214128,5.9
736.0011550850817,0.6160351,0.013585219762243469,5.9
737.0011566544907,0.51115656,0.013559733446989554,5.9
738.0011582238998,0.44772884,0.013569447755161095,5.9
739.0011597933088,0.55374,0.10148899832940254,1.6
740.001161362718,0.45900425,0.11385250747043618,1.3
741.001162932127,0.49700168,0.11555769594791507,1.4000000000000001
742.0011645015361,0.32594702,0.13364213669575836,1.5
743.0011660709451,0.13914308,0.1423732144109651,1.2000000000000002
744.0011676403543,0.23520063,0.1423983011104702,1.2000000000000002
745.0011692097634,0.296694,0.14243407948031583,1.2000000000000002
746.0011707791724,0.35456333,0.14247606189312534,1.2000000000000002
747.0011723485815,0.4164681,0.1425100839386176,1.2000000000000002
748.0011739179906,0.44972885,0.14254978521264053,1.2000000000000002
749.0011754873997,0.68220335,0.10108745019527593,1.2000000000000002
750.0011770568087,0.4747868,0.08712781006084741,1.3
751.0011786262178,0.49226663,0.0845443662627021,1.1
752.0011801956268,0.24882609,0.049480506055434074,6.2
753.001181765036,0.35887083,0.0030048163141270256,6.4
754.001183334445,0.1606998,0.00294234594462091,6.4
755.0011849038541,0.2112983,0.0024669379491622572,14.0
756.0011864732631,0.19907719,0.0029282445484965698,14.5
757.0011880426723,0.19114281,0.0033377706465539574,14.5
758.0011896120814,0.5255715,0.005118452053104622,9.9
759.0011911814904,0.5819658,0.012752398192402504,4.5
760.0011927508995,0.64059824,0.016515940286160342,4.4
761.0011943203086,0.56760067,0.020354809383743167,6.300000000000001
762.0011958897177,0.6393527,0.024423078818791143,4.4
763.0011974591267,0.5757854,0.027568057857368856,4.4
764.0011990285358,0.19146837,0.02931860187901757,4.4
765.001200597945,0.13707276,0.03248929655353684,4.4
766.001202167354,0.022906639,0.0354812828248484,6.300000000000001
767.001203736763,0.026470708,0.038674368382178144,5.0
768.0012053061721,0.010168694,0.039050469840832325,5.0
769.0012068755813,0.023196228,0.03952762676976423,5.0
770.0012084449903,0.04201447,0.04100929344511052,3.2
771.0012100143994,0.03128283,0.03990271537691379,2.8000000000000003
772.0012115838084,0.06998523,0.037917595073111925,2.8000000000000003
773.0012131532176,0.05630872,0.0369044267700677,2.8000000000000003
774.0012147226266,0.05042074,0.037126058515712566,2.8000000000000003
775.0012162920357,0.042287864,0.0360166482847763,2.8000000000000003
776.0012178614447,0.101939574,0.03304460974631663,2.8000000000000003
777.0012194308539,0.0856773,0.02925396193227336,3.1
778.001221000263,0.15925281,0.028604816517501602,3.1
779.001222569672,0.22545455,0.026040755503261844,4.5
780.001224139081,0.3444523,0.02297606184507089,4.5
781.0012257084902,0.3134678,0.023726797543100267,2.7
782.0012272778993,0.38598922,0.025016218068461354,3.9000000000000004
783.0012288473083,0.31746495,0.024297992527146484,2.7
784.0012304167174,0.38402373,0.025214826298717213,6.300000000000001
785.0012319861265,0.5448907,0.02332705078053975,5.7
786.0012335555356,0.48158038,0.02355014929382082,5.7
787.0012351249446,0.34281698,0.023957182516119342,5.7
788.0012366943537,0.39459258,0.023856742855175316,5.7
789.0012382637627,0.35360983,0.023463463647970674,5.7
790.0012398331719,0.54625267,0.023312896660449313,5.7
791.001241402581,0.41446912,0.0269568775929615,5.7
792.00124297199,0.24735154,0.026819835033703398,6.800000000000001
793.001244541399,0.8001392,0.04006828720060939,2.1
794.0012461108082,0.45312983,0.03825685904785131,2.1
795.0012476802173,0.5526312,0.03996840044272572,1.9000000000000001
796.0012492496263,0.36622295,0.046353402264756635,1.9000000000000001
797.0012508190354,0.4588578,0.04632478717838215,1.9000000000000001
798.0012523884445,0.47194067,0.046559469326249145,1.9000000000000001
799.0012539578536,0.52803576,0.046553462509949926,1.9000000000000001
800.0012555272626,0.47832972,0.045934295027456815,1.9000000000000001
801.0012570966717,0.46713153,0.04306915449160164,1.9000000000000001
802.0012586660808,0.25809097,0.042282126757405086,1.9000000000000001
803.0012602354899,0.38029832,0.029067243619541838,0.1
804.001261804899,0.31110045,0.028527385753461428,2.0
805.001263374308,0.09329822,0.02471601828046495,2.5
806.0012649437172,0.44165203,0.006657072969071097,7.1000000000000005
807.0012665131262,0.3598629,0.005895077336577873,7.1000000000000005
808.0012680825353,0.41158032,0.005057499677812635,7.1000000000000005
809.0012696519443,0.36520547,0.005943259920655235,11.9
810.0012712213535,0.3543559,0.006366487034319977,8.5
811.0012727907625,0.39001146,0.006332704443933331,10.100000000000001
812.0012743601716,0.16738527,0.0055618386472609796,15.0
813.0012759295806,0.18962255,0.004924151600213428,15.0
814.0012774989898,0.18123858,0.004862756002235687,15.0
815.0012790683988,0.2038804,0.004863687730114793,15.0
816.0012806378079,0.25983006,0.005543526125395616,15.0
817.001282207217,0.24935135,0.00561976997728967,15.0
818.0012837766261,0.33111575,0.005628102655682999,15.0
819.0012853460352,0.21127135,0.004284054574065485,8.1
820.0012869154442,0.19607873,0.0042047256289730285,14.9
821.0012884848533,0.17847183,0.004334084637964778,14.9
822.0012900542623,0.12833485,0.006015058876960315,8.1
823.0012916236715,0.13138609,0.006080408012500154,7.6000000000000005
824.0012931930805,0.17121048,0.006209233008143665,7.6000000000000005
825.0012947624896,0.13417868,0.006656802657840684,7.6000000000000005
826.0012963318986,0.16494617,0.006318053752480297,8.5
827.0012979013078,0.15945432,0.0064619121138160115,8.5
828.0012994707168,0.18296677,0.006754991599041332,8.5
829.0013010401259,0.23963763,0.007210604157791662,8.5
830.001302609535,0.17079315,0.0068348680770558504,8.5
831.0013041789441,0.16345304,0.006810843016203215,8.5
832.0013057483532,0.19055924,0.0055233512254903696,8.5
833.0013073177622,0.2499115,0.0056142087837818076,8.5
834.0013088871713,0.22789176,0.005539212068654632,8.5
835.0013104565804,0.22988605,0.005194195315674151,8.5
836.0013120259895,0.23310947,0.005116526176447754,8.5
837.0013135953985,0.27586874,0.004929362082294067,9.700000000000001
838.0013151648076,0.25141665,0.004676365279524945,8.6
839.0013167342167,0.26784894,0.004647509102542448,8.8
840.0013183036258,0.26654676,0.004879802531006077,8.5
841.0013198730348,0.25291106,0.004868904361421037,8.8
842.0013214424439,0.24019435,0.004835452504769593,8.8
843.0013230118531,0.24523374,0.004647051623099926,8.8
844.0013245812621,0.2294039,0.004553816511316084,8.5
845.0013261506712,0.22356158,0.004393380779111066,8.8
846.0013277200802,0.22245893,0.0044291554102409494,8.9
847.0013292894894,0.22253604,0.004442003669151332,8.8
848.0013308588984,0.23660147,0.004414291791463835,8.5
849.0013324283075,0.20451044,0.003692822375568472,9.0
850.0013339977165,0.20152792,0.003476800646030917,10.200000000000001
851.0013355671257,0.20463347,0.0034157641942187253,10.200000000000001
852.0013371365347,0.2100898,0.0033270383548911365,10.200000000000001
853.0013387059438,0.21258861,0.0034942356831656743,10.200000000000001
854.0013402753528,0.21675444,0.0035013878591934537,10.600000000000001
855.0013418447619,0.21530889,0.0034118098954254395,10.200000000000001
856.0013434141711,0.20710692,0.0031797954671623887,10.600000000000001
857.0013449835801,0.20111153,0.002958833846268723,9.600000000000001
858.0013465529892,0.20648664,0.002729857715273007,9.600000000000001
859.0013481223982,0.20258223,0.002734521543897304,9.600000000000001
860.0013496918074,0.23388895,0.0034083196670394353,9.4
861.0013512612164,0.34758416,0.005622796405343982,10.4
862.0013528306255,0.43966523,0.0057991837662255095,10.5
863.0013544000345,0.48699763,0.02154034958221177,3.5
864.0013559694437,0.49101517,0.03762775467407481,3.1
865.0013575388527,0.47830415,0.037866327723013675,3.0
866.0013591082618,0.53576857,0.03783409851473098,3.0
867.0013606776708,0.42836732,0.03779057930629876,3.0
868.00136224708,0.43926856,0.03776333254695667,3.0
869.0013638164891,0.39533016,0.0377042695234614,3.0
870.0013653858981,0.4343844,0.03759602285280213,3.0
871.0013669553072,0.5474429,0.03726655747358552,3.1
872.0013685247163,0.381432,0.04055694274572736,3.0
873.0013700941254,0.2953616,0.058768761051003836,0.9
874.0013716635344,0.3820854,0.05087367795980001,1.0
875.0013732329435,0.50958157,0.050816535555202526,0.9
876.0013748023526,0.43628144,0.0508833861777335,0.9
877.0013763717617,0.49253795,0.05098741582106627,1.0
878.0013779411707,0.594639,0.051135744694676286,1.0
879.0013795105798,0.69709045,0.051217560979642654,1.0
880.001381079989,0.6751205,0.05124681723728455,1.0
881.001382649398,0.76113033,0.05127276974583551,1.0
882.0013842188071,0.83979785,0.048285226327931106,1.9000000000000001
883.0013857882161,0.4654581,0.009995844866746081,4.3
884.0013873576253,0.53771716,0.006870186851524654,3.0
885.0013889270343,0.7558417,0.0060284955604495835,3.0
886.0013904964434,0.7765948,0.005976616337831874,3.0
887.0013920658524,0.71182007,0.005352079829133625,3.0
888.0013936352615,0.4452762,0.004780860373063767,2.9000000000000004
889.0013952046706,0.72013664,0.00441837630777226,2.9000000000000004
890.0013967740797,0.75360864,0.004333527836177088,2.9000000000000004
891.0013983434887,0.7069499,0.004259753828169491,3.3000000000000003
892.0013999128978,0.6822717,0.004264825040052945,3.3000000000000003
893.001401482307,0.7616331,0.004201256737782618,3.3000000000000003
894.001403051716,0.7817834,0.004052813175924177,3.6
895.0014046211251,0.72599274,0.004072454529689859,3.3000000000000003
896.0014061905341,0.79456,0.0041110819963324705,3.3000000000000003
897.0014077599433,0.72329193,0.004070439011902452,3.3000000000000003
898.0014093293523,0.68622047,0.004123718094318784,3.6
899.0014108987614,0.553683,0.00486283789032431,2.2
900.0014124681704,0.7000218,0.008813900582595208,1.1
901.0014140375796,0.5556963,0.008903613402694792,1.1
902.0014156069886,0.28128418,0.008844578130022616,1.1
903.0014171763977,0.15232815,0.008848074134128832,1.1
904.0014187458067,0.16771293,0.008825906443344172,1.1
905.0014203152159,0.19676441,0.00883561958595138,1.1
906.001421884625,0.30602336,0.008807665485056678,1.0
907.001423454034,0.2884656,0.008803179247346273,1.2000000000000002
908.0014250234431,0.3144305,0.008582344494939206,1.0
909.0014265928522,0.16811247,0.008017116530619891,9.700000000000001
910.0014281622613,0.2181814,0.0028221342166945542,9.700000000000001
911.0014297316703,0.19175203,0.002388351487316557,9.700000000000001
912.0014313010794,0.22677742,0.002132847965226089,3.3000000000000003
913.0014328704885,0.21047541,0.002132658700419346,3.3000000000000003
914.0014344398976,0.22583538,0.0020001860347283206,3.3000000000000003
915.0014360093066,0.245239,0.0018407075657280432,3.0
916.0014375787157,0.2913686,0.0018097341291224806,4.4
917.0014391481249,0.25737223,0.001824864617672824,5.7
918.0014407175339,0.28753698,0.0017925155899563212,4.800000000000001
919.001442286943,0.2971077,0.0018217665268915589,4.800000000000001
920.001443856352,0.31182474,0.0017607493632195675,4.800000000000001
921.0014454257612,0.3616293,0.0017215770061739925,3.1
922.0014469951702,0.32986602,0.0017502863459181624,12.3
923.0014485645793,0.32027715,0.0017635930929721351,11.5
924.0014501339883,0.31088698,0.0017713080272991181,11.5
925.0014517033974,0.30043113,0.0018893346771179666,4.0
926.0014532728065,0.2613455,0.0020213147150564357,5.2
927.0014548422156,0.23754732,0.0021270307097430705,5.2
928.0014564116246,0.21370381,0.00216946012320658,5.2
929.0014579810337,0.22557685,0.0021556392809217832,2.0
930.0014595504429,0.23237658,0.0021619225322579,2.0
931.0014611198519,0.20485796,0.002197859919073719,2.0
932.001462689261,0.15173082,0.002610905951311557,3.3000000000000003
933.00146425867,0.38031548,0.05216509841063929,1.4000000000000001
934.0014658280792,0.15725653,0.05238889232261075,1.4000000000000001
935.0014673974882,0.146217,0.052662232497141644,1.4000000000000001
936.0014689668973,0.09460922,0.05266491995344657,1.4000000000000001
937.0014705363063,0.08347528,0.052731873608901185,1.5
938.0014721057155,0.2413265,0.05338030782912316,1.3
939.0014736751245,0.42239964,0.05357762216236547,1.3
940.0014752445336,0.43890977,0.053573866158114554,1.3
941.0014768139426,0.6967317,0.057221755703580186,1.3
942.0014783833518,0.6443229,0.05776101101397059,1.3
943.0014799527609,0.52509075,0.02750721226053224,4.5
944.0014815221699,0.3507546,0.03267238021337623,4.5
945.001483091579,0.26560774,0.032731621097072366,5.4
946.0014846609881,0.069560505,0.03364695475465884,5.4
947.0014862303972,0.1212172,0.036198709096504196,5.4
948.0014877998062,0.1081185,0.036233657955201636,5.4
949.0014893692153,0.12370299,0.036638801159440716,4.4
950.0014909386244,0.1164825,0.03746242902379729,5.4
951.0014925080335,0.098168656,0.034074511466316224,4.9
952.0014940774425,0.06254269,0.03509513569340146,5.300000000000001
953.0014956468516,0.066382036,0.034996251080454926,5.300000000000001
954.0014972162608,0.14895256,0.030457977011311668,4.800000000000001
955.0014987856698,0.084669344,0.03178467516518962,4.800000000000001
956.0015003550789,0.1627308,0.030918030548070817,5.4
957.0015019244879,0.33122367,0.027742934851757883,4.800000000000001
958.001503493897,0.44003367,0.026968971374957535,5.4
959.0015050633061,0.498989,0.02602634879992087,1.9000000000000001
960.0015066327152,0.7045066,0.025375016755520556,5.2
961.0015082021242,0.43975613,0.02199255472104141,5.2
962.0015097715333,0.41031975,0.018501390000558775,4.800000000000001
963.0015113409424,0.36650896,0.016629344805211572,3.2
964.0015129103515,0.40984184,0.018090339839913094,3.2
965.0015144797605,0.40290824,0.019734555561747875,3.7
966.0015160491696,0.4883858,0.02017446118690644,3.7
967.0015176185788,0.61348027,0.021680741016196856,2.2
968.0015191879878,0.21464957,0.024730847326379993,2.9000000000000004
969.0015207573969,0.1908378,0.02505382381719996,2.9000000000000004
970.0015223268059,0.17927003,0.025956441240796345,5.4
971.0015238962151,0.16023782,0.02587234026555944,5.4
972.0015254656241,0.14561325,0.03329272229157608,5.4
973.0015270350332,0.10689109,0.03422707335343771,5.4
974.0015286044422,0.23983024,0.03327029742468316,2.9000000000000004
975.0015301738514,0.36162317,0.030602531131441194,5.4
976.0015317432604,0.42762122,0.03049499954997561,2.7
977.0015333126695,0.49061862,0.029568053078835543,2.7
978.0015348820785,0.51043063,0.026552103930662055,2.7
979.0015364514877,0.6035092,0.028591929750080694,5.9
980.0015380208968,0.6028037,0.030869299710265967,2.7
981.0015395903058,0.4666839,0.03136557541736484,2.7
982.0015411597149,0.39259848,0.026721087992288794,5.0
983.001542729124,0.4625053,0.024995093637471686,5.0
984.0015442985331,0.647377,0.024516532477173635,5.0
985.0015458679421,0.757486,0.02447436400154816,5.0
986.0015474373512,0.7111549,0.024221343951853876,5.0
987.0015490067603,0.66338795,0.024089118679420683,5.0
988.0015505761694,0.550058,0.02442345640241966,5.0
989.0015521455784,0.48607314,0.02165862888014503,4.4
990.0015537149875,0.37399125,0.016255970464325954,2.8000000000000003
991.0015552843965,0.4682767,0.01534034061867295,2.8000000000000003
992.0015568538057,0.49860963,0.009869946176208799,3.9000000000000004
993.0015584232148,0.53258246,0.015819230620771917,5.6000000000000005
994.0015599926238,0.553016,0.017014172980004762,2.9000000000000004
995.0015615620329,0.4557767,0.0170050916556645,2.9000000000000004
996.001563131442,0.44797978,0.01693715103191068,2.9000000000000004
997.0015647008511,0.4203206,0.016933456134650998,2.9000000000000004
998.0015662702601,0.47218594,0.01644641285900272,2.9000000000000004
999.0015678396692,0.35454294,0.017506449972387286,2.9000000000000004
1000.0015694090783,0.42892078,0.017154991268465244,2.9000000000000004
1001.0015709784874,0.46425486,0.016977584412885965,2.9000000000000004
1002.0015725478964,0.48918948,0.016122731410262898,3.7
1003.0015741173055,0.43406454,0.010168379972880776,3.5
1004.0015756867147,0.5634992,0.008121418158040569,3.0
1005.0015772561237,0.5295301,0.007964018096079188,3.8000000000000003
1006.0015788255328,0.53763515,0.008334781699707155,3.6
1007.0015803949418,0.6269089,0.008409108507282773,4.1000000000000005
1008.001581964351,0.6017242,0.008355041830265437,3.5
1009.00158353376,0.5074539,0.005164947097476129,8.5
1010.0015851031691,0.41618377,0.005297335507337248,8.5
1011.0015866725781,0.4360409,0.005360883741767253,8.5
1012.0015882419873,0.4397503,0.0051613822476232,8.5
1013.0015898113963,0.42707482,0.005031804580148155,8.5
1014.0015913808054,0.5247109,0.004712897151389164,8.5
1015.0015929502144,0.435297,0.004765600316480196,8.5
1016.0015945196236,0.5214785,0.004137173426364305,7.7
1017.0015960890327,0.56562495,0.003979866885102507,7.4
1018.0015976584417,0.47669438,0.003919826067870746,7.4
1019.0015992278508,0.60143363,0.004211486377676509,12.5
1020.0016007972599,0.5837303,0.004065561605117966,12.5
1021.001602366669,0.6448574,0.004679764513083339,11.200000000000001
1022.001603936078,0.5984782,0.010522410518250315,3.9000000000000004
1023.0016055054871,0.5018146,0.010627501991009316,10.5
1024.0016070748961,0.49226555,0.010615115930344513,10.5
1025.0016086443052,0.46512362,0.01062032644711288,10.5
1026.0016102137142,0.44988215,0.0106859137840543,10.5
1027.0016117831235,0.36767173,0.010746641818721588,10.5
1028.0016133525326,0.3922325,0.010694797937251884,10.5
1029.0016149219416,0.5042036,0.010606408389748329,10.5
1030.0016164913507,0.55341506,0.010593124312726581,10.4
1031.0016180607597,0.5847985,0.010276913167702037,14.700000000000001
1032.0016196301688,0.23443851,0.004258882921151751,14.100000000000001
1033.0016211995778,0.38754377,0.004709166102335675,14.9
1034.0016227689869,0.30665597,0.004737277683847338,14.700000000000001
1035.0016243383961,0.65965754,0.007970308222296399,12.0
1036.0016259078052,0.44527778,0.008402299217297515,3.6
1037.0016274772142,0.5745403,0.008478499544611138,3.6
1038.0016290466233,0.5462468,0.011223914111526852,3.6
1039.0016306160323,0.49590057,0.01584986145179508,3.3000000000000003
1040.0016321854414,0.50726557,0.016127115169460568,3.3000000000000003
1041.0016337548504,0.6504175,0.019475050775642672,3.2
1042.0016353242595,0.58108145,0.019927281043854023,4.1000000000000005
1043.0016368936688,0.78295535,0.01979483133512644,4.1000000000000005
1044.0016384630778,0.7012881,0.019817914213988593,4.1000000000000005
1045.0016400324869,0.73769146,0.018730354949581217,3.1
1046.001641601896,0.6948481,0.01845635042239801,3.1
1047.001643171305,0.56708246,0.018401550696736005,3.1
1048.001644740714,0.55083245,0.016893902691050833,3.6
1049.001646310123,0.62566113,0.012599744010993752,4.3
1050.0016478795321,0.3199802,0.012222877672743576,4.4
1051.0016494489414,0.47299328,0.005567376046896142,7.9
1052.0016510183505,0.17812434,0.0033484628627948433,14.100000000000001
1053.0016525877595,0.2645211,0.0036134862314333863,14.100000000000001
1054.0016541571686,0.31125462,0.04053908418964488,1.3
1055.0016557265776,0.45463,0.045196647873214285,2.4000000000000004
1056.0016572959867,0.40037546,0.045617782993404715,2.4000000000000004
1057.0016588653957,0.40985143,0.04572285059747783,2.4000000000000004
1058.0016604348048,0.45141578,0.045874465252842764,2.4000000000000004
1059.0016620042138,0.46948346,0.045962450615690445,2.4000000000000004
1060.001663573623,0.5885207,0.04605891379044922,2.4000000000000004
1061.0016651430321,0.572376,0.04609168366643575,2.4000000000000004
1062.0016667124412,0.56362915,0.04611227647200549,2.4000000000000004
1063.0016682818502,0.56652874,0.046263434265513104,2.4000000000000004
1064.0016698512593,0.49737194,0.022191929672657738,2.4000000000000004
1065.0016714206683,0.41215497,0.01014074999179652,8.9
1066.0016729900774,0.38130555,0.00771542301756256,8.9
1067.0016745594864,0.44428477,0.007411558090656338,8.9
1068.0016761288957,0.5152436,0.02926657658608035,3.7
1069.0016776983048,0.5262654,0.036660104025429144,4.5
1070.0016792677138,0.6387041,0.037633345417680195,4.6000000000000005
1071.0016808371229,0.75774413,0.06272497590700363,4.5
1072.001682406532,0.50337297,0.09922683249240818,2.5
1073.001683975941,0.4781538,0.10014085163773355,1.6
1074.00168554535,0.24430962,0.10137177372046548,2.5
1075.001687114759,0.5758525,0.10693652940591414,1.6
1076.0016886841684,0.37773788,0.10735320103543504,1.6
1077.0016902535774,0.5642065,0.10848231056810077,1.6
1078.0016918229865,0.40617698,0.10610050863801625,1.6
1079.0016933923955,0.61821043,0.10429530970644778,1.6
1080.0016949618046,0.47657615,0.10484308991693447,2.3000000000000003
1081.0016965312136,0.35775846,0.09264639043276537,1.9000000000000001
1082.0016981006227,0.5002624,0.07017712772939873,1.8
1083.0016996700317,0.4363485,0.09043006939560504,1.8
1084.001701239441,0.24579653,0.09506230862511732,3.4000000000000004
1085.00170280885,0.14178239,0.09866941827818594,1.7000000000000002
1086.001704378259,0.15766762,0.10544444321792823,1.6
1087.0017059476681,0.22787945,0.10441552111398897,1.7000000000000002
1088.0017075170772,0.13966812,0.10397489019820282,1.6
1089.0017090864862,0.18005086,0.10339182505649194,1.6
1090.0017106558953,0.19553912,0.10242735133423443,1.6
1091.0017122253043,0.45930412,0.10289855465966463,1.6
1092.0017137947136,0.6165374,0.09148247828791405,1.7000000000000002
1093.0017153641227,0.4101132,0.07013572918614652,2.7
1094.0017169335317,0.6280491,0.06183440733957042,1.4000000000000001
1095.0017185029408,0.4337899,0.044297116338972334,7.4
1096.0017200723498,0.42193058,0.022152441863658726,2.0
1097.0017216417589,0.44807944,0.022655976835371006,2.0
1098.001723211168,0.4872379,0.018357517913571483,2.8000000000000003
1099.001724780577,0.46103755,0.018576868344990064,2.8000000000000003
1100.001726349986,0.57552797,0.01954537832899231,4.5
1101.0017279193953,0.5737379,0.014565726463245792,4.0
1102.0017294888044,0.6905948,0.018649764641774286,9.700000000000001
1103.0017310582134,0.68928486,0.05279445896776184,1.5
1104.0017326276225,0.61570406,0.06519100204049053,1.3
1105.0017341970315,0.5353942,0.06565175099527515,1.3
1106.0017357664406,0.5739278,0.06588367707870744,1.5
1107.0017373358496,0.6812729,0.06576440045771613,1.5
1108.0017389052587,0.4884857,0.06594366418636904,1.5
1109.001740474668,0.565549,0.06595984301327619,1.5
1110.001742044077,0.6533344,0.06571120631727655,1.5
1111.001743613486,0.7246294,0.0656336705885849,1.5
1112.001745182895,0.89757496,0.06446628656684907,1.5
1113.0017467523041,0.9042312,0.04023948447636596,0.7000000000000001
1114.0017483217132,0.8873263,0.015516560720196011,3.1
1115.0017498911222,0.92062855,0.03179427648040338,1.0
1116.0017514605313,0.90697694,0.040560627115442914,0.9
1117.0017530299406,0.8956771,0.06785162525222294,7.7
1118.0017545993496,0.8247179,0.06839679146894809,7.7
1119.0017561687587,0.6394154,0.06840474124124414,2.5
1120.0017577381677,0.737785,0.06846708288982471,2.5
1121.0017593075768,0.66203696,0.06843910371799289,2.5
1122.0017608769858,0.6152299,0.07220225255627154,2.4000000000000004
1123.0017624463949,0.56078255,0.0785741785363117,2.4000000000000004
1124.001764015804,0.5689465,0.07923798933343834,2.4000000000000004
1125.0017655852132,0.23872629,0.07414455613914082,2.4000000000000004
1126.0017671546223,0.43704376,0.0700256128639446,2.4000000000000004
1127.0017687240313,0.4291272,0.04440022190716297,2.4000000000000004
1128.0017702934404,0.42982328,0.04331050377812402,2.3000000000000003
1129.0017718628494,0.5243724,0.043586639015142994,2.3000000000000003
1130.0017734322585,0.5122167,0.044357251465309104,2.5
1131.0017750016675,0.58302927,0.044826458835572874,2.5
1132.0017765710766,0.3962805,0.03905731106540465,2.5
1133.0017781404856,0.28962004,0.02894287184817603,2.5
1134.001779709895,0.5651618,0.03089545352849826,2.5
1135.001781279304,0.4557364,0.030510191134038474,2.5
1136.001782848713,0.7417346,0.029556178938048707,2.5
1137.001784418122,0.4077153,0.031027182733581498,2.5
1138.001785987531,0.24515173,0.03341966670139951,2.5
1139.0017875569401,0.42724523,0.03280122277869403,2.5
1140.0017891263492,0.5327015,0.039421302978416194,2.5
1141.0017906957582,0.49808967,0.060606896120163484,2.5
1142.0017922651675,0.27178034,0.06025237928896565,2.5
1143.0017938345766,0.58305895,0.057824659890252386,2.2
1144.0017954039856,0.6975585,0.055689380445066994,2.3000000000000003
1145.0017969733947,0.73612654,0.055519325728712335,2.3000000000000003
1146.0017985428037,0.6738654,0.05518197227022311,2.3000000000000003
1147.0018001122128,0.6635842,0.054005704930228104,2.3000000000000003
1148.0018016816218,0.8226935,0.05243171406825491,2.2
1149.0018032510309,0.7867314,0.052441961891146596,2.0
1150.0018048204402,0.7381565,0.06209252225828949,2.2
1151.0018063898492,0.631055,0.05047680429816247,9.1
1152.0018079592583,0.5708735,0.05046972946900321,9.1
1153.0018095286673,0.46563256,0.05057652584677489,9.1
1154.0018110980764,0.34443763,0.05104905133179808,9.1
1155.0018126674854,0.39356497,0.05106585143819409,9.0
1156.0018142368945,0.4300743,0.051101056736684275,9.1
1157.0018158063035,0.41953796,0.05176140800524166,8.9
1158.0018173757128,0.4938082,0.051766666299490394,8.9
1159.0018189451218,0.44006908,0.05171321444850027,8.9
1160.001820514531,0.31641763,0.031572270674616924,8.6
1161.00182208394,0.2890171,0.012462728065286687,7.1000000000000005
1162.001823653349,0.36876306,0.012208530531521001,7.1000000000000005
1163.001825222758,0.4126184,0.011735318599366128,7.0
1164.001826792167,0.6528909,0.009439367019442675,8.700000000000001
1165.0018283615761,0.4909982,0.009309856026878697,7.800000000000001
1166.0018299309852,0.31048864,0.0632747380944038,1.7000000000000002
1167.0018315003945,0.313426,0.07189957183741684,1.5
1168.0018330698035,0.19961055,0.07192057364384093,1.5
1169.0018346392126,0.3180195,0.07199229140853829,1.5
1170.0018362086216,0.22706385,0.07202654598604673,1.5
1171.0018377780307,0.40319577,0.07208415964534665,1.5
1172.0018393474397,0.38227648,0.0723182079354991,1.5
1173.0018409168488,0.6945304,0.07294207160675277,1.3
1174.0018424862578,0.6971275,0.07300147614556403,1.3
1175.001844055667,0.7097299,0.07302018293338715,1.3
1176.0018456250762,0.69070625,0.03695202310196297,2.7
1177.0018471944852,0.8104191,0.013435100720490901,2.8000000000000003
1178.0018487638943,0.8355811,0.013674251800167798,2.8000000000000003
1179.0018503333033,0.8809368,0.013401262469426661,1.7000000000000002
1180.0018519027124,0.79748976,0.013255206169453065,2.7
1181.0018534721214,0.763633,0.01279358208110409,4.1000000000000005
1182.0018550415305,0.66403943,0.011689108829938394,2.9000000000000004
1183.0018566109397,0.49959323,0.007464304586919649,2.9000000000000004
1184.0018581803488,0.9016033,0.007455598991455827,2.9000000000000004
1185.0018597497578,0.9110212,0.00793687528610665,2.9000000000000004
1186.001861319167,0.932004,0.007764989594959775,4.2
1187.001862888576,0.9020802,0.007786495737617463,4.2
1188.001864457985,0.69655013,0.007248045172934687,1.0
1189.001866027394,0.7430538,0.007228003241367123,1.0
1190.001867596803,0.8519749,0.007811003179734996,2.0
1191.0018691662124,0.869193,0.00782800122123783,2.0
1192.0018707356214,0.76011115,0.007708434488515493,2.4000000000000004
1193.0018723050305,0.7341675,0.006994295983624838,4.6000000000000005
1194.0018738744395,0.6541193,0.006813942297410909,4.6000000000000005
1195.0018754438486,0.5985926,0.006162415251225607,4.6000000000000005
1196.0018770132576,0.46265516,0.007025660436416504,4.7
1197.0018785826667,0.6976505,0.007697254424842067,4.7
1198.0018801520757,0.66387737,0.00813229704349061,2.8000000000000003
1199.0018817214848,0.7537968,0.008154113570136711,2.8000000000000003
1200.001883290894,0.7413094,0.007428611131938035,2.8000000000000003
1201.001884860303,0.609252,0.007651667821797291,2.6
1202.0018864297122,0.67047006,0.007891169657377703,3.1
1203.0018879991212,0.6685805,0.008023730065701383,3.1
1204.0018895685303,0.61950153,0.007733433596150797,3.1
1205.0018911379393,0.7446621,0.00776927497722387,3.1
1206.0018927073484,0.59679747,0.007029630042770788,3.1
1207.0018942767574,0.52741784,0.00623558638071867,3.1
1208.0018958461667,0.5748202,0.0056676980969396305,3.1
1209.0018974155757,0.41466266,0.005485342923349491,3.1
1210.0018989849848,0.3459154,0.00529373885208615,5.2
1211.0019005543938,0.21353959,0.005082084981645785,5.2
1212.001902123803,0.17948061,0.004327706629367103,5.2
1213.001903693212,0.2373389,0.0037610381289727673,7.2
1214.001905262621,0.52058303,0.004195873624556238,3.3000000000000003
1215.00190683203,0.4447764,0.004341779662899863,5.7
1216.0019084014393,0.32344383,0.004152142512883663,4.800000000000001
1217.0019099708484,0.48704892,0.004228536727287715,4.800000000000001
1218.0019115402574,0.38699606,0.004288350171117754,4.800000000000001
1219.0019131096665,0.4512964,0.004447996964419664,3.4000000000000004
1220.0019146790755,0.38909727,0.0059578202970421755,3.4000000000000004
1221.0019162484846,0.5669086,0.006249411406264875,2.2
1222.0019178178936,0.625965,0.0073781480949770524,2.2
1223.0019193873027,0.44289657,0.00782136742099266,2.1
1224.001920956712,0.46973854,0.008111473156085324,2.1
1225.001922526121,0.40232518,0.008143412947544998,2.1
1226.00192409553,0.37039158,0.008919122603261324,2.1
1227.001925664939,0.49785236,0.00887818740929093,2.1
1228.0019272343482,0.5909218,0.009019900482020792,2.1
1229.0019288037572,0.36850643,0.008956780954181292,2.1
1230.0019303731663,0.4077353,0.008305790601263137,3.3000000000000003
1231.0019319425753,0.46935365,0.008167028252478814,3.3000000000000003
1232.0019335119844,0.55029243,0.007668676964112603,3.0
1233.0019350813936,0.36808392,0.007316073430305249,3.8000000000000003
1234.0019366508027,0.42582542,0.007173338636097128,3.2
1235.0019382202117,0.47471088,0.007233599728968563,3.2
1236.0019397896208,0.45324385,0.006954863663853973,3.2
1237.0019413590298,0.4578455,0.009594094954351307,3.2
1238.001942928439,0.6339012,0.00970076028130248,4.2
1239.001944497848,0.63871026,0.009950254985355306,4.2
1240.001946067257,0.7318903,0.009751321366444474,4.2
1241.0019476366663,0.63478696,0.009753622350983137,4.2
1242.0019492060753,0.5556085,0.009597912174560035,4.3
1243.0019507754844,0.56969285,0.009660148396246317,4.3
1244.0019523448934,0.44934976,0.009669752653596129,9.600000000000001
1245.0019539143025,0.66093445,0.009520718507689417,5.2
1246.0019554837115,0.5447783,0.008929042692612023,4.5
1247.0019570531206,0.3363602,0.0059638915321263775,4.0
1248.0019586225296,0.33964014,0.005639419584751072,4.0
1249.001960191939,0.30162737,0.005224367986115532,5.5
1250.001961761348,0.23809358,0.005053380082877159,4.7
1251.001963330757,0.33780345,0.005232771628678566,3.5
1252.001964900166,0.19323385,0.005838468884648657,3.5
1253.001966469575,0.4257228,0.005958444246485197,3.2
1254.0019680389842,0.2370175,0.005615474453331536,3.3000000000000003
1255.0019696083932,0.49203557,0.012152384258692016,4.3
1256.0019711778023,0.31209993,0.031969026584073565,0.4
1257.0019727472115,0.26739332,0.03197490967100995,0.5
1258.0019743166206,0.23205358,0.03199624185860041,0.4
1259.0019758860296,0.23539275,0.032082601787348376,0.5
1260.0019774554387,0.27280226,0.03209382862372316,0.4
1261.0019790248477,0.31734064,0.03204074090391645,0.4
1262.0019805942568,0.18804364,0.031978207514332904,0.5
1263.0019821636658,0.70866764,0.04478329107800361,0.6000000000000001
1264.001983733075,0.7658777,0.07057050518752182,0.6000000000000001
1265.001985302484,0.535465,0.07296732335191558,0.6000000000000001
1266.0019868718932,0.7819267,0.0685948188274615,2.3000000000000003
1267.0019884413023,0.76729673,0.07016863704556842,2.4000000000000004
1268.0019900107113,0.78961587,0.07126856553184857,2.4000000000000004
1269.0019915801204,0.83582944,0.07127290138903697,2.4000000000000004
1270.0019931495294,0.82281816,0.07127369933697403,2.4000000000000004
1271.0019947189385,0.8632326,0.07219643238604542,0.6000000000000001
1272.0019962883475,0.77762204,0.07245911716073501,0.6000000000000001
1273.0019978577566,0.85142595,0.06476979262878833,5.2
1274.0019994271659,0.47888786,0.03656756979302557,1.3
1275.002000996575,0.31575975,0.03347593333320449,1.3
1276.002002565984,0.65304446,0.047220908637530486,0.9
1277.002004135393,0.7591178,0.055435342920633304,0.9
1278.002005704802,0.63951814,0.06006500656439172,1.3
1279.002007274211,0.749016,0.06221391514119955,3.3000000000000003
1280.0020088436202,0.5195356,0.07082336535880435,1.6
1281.0020104130292,0.34008053,0.0726424205908573,1.2000000000000002
1282.0020119824385,0.17651965,0.07627925626061643,1.3
1283.0020135518475,0.120272145,0.08287936676738333,1.3
1284.0020151212566,0.13353635,0.08309464139417444,1.3
1285.0020166906656,0.19299707,0.08174076393551895,1.3
1286.0020182600747,0.31003937,0.07319220755570201,3.4000000000000004
1287.0020198294837,0.5258281,0.06558233744081607,3.4000000000000004
1288.0020213988928,0.5265969,0.06005264570794878,3.4000000000000004
1289.0020229683018,0.61268544,0.05769040870965087,1.3
1290.0020245377111,0.43840402,0.04657076324760651,8.1
1291.0020261071202,0.3628537,0.04170261819343378,8.1
1292.0020276765292,0.17457016,0.03409709563693227,6.6000000000000005
1293.0020292459383,0.31405708,0.007825783931820908,5.6000000000000005
1294.0020308153473,0.47444656,0.0037309852242504446,5.800000000000001
1295.0020323847564,0.29206094,0.0035006634161978737,8.3
1296.0020339541654,0.28447744,0.003424516632609082,8.3
1297.0020355235745,0.2880536,0.003340693656164089,5.5
1298.0020370929835,0.2837979,0.0031400406524769173,11.4
1299.0020386623928,0.26175314,0.0032056980268595483,11.4
1300.0020402318019,0.28877544,0.01875224337263968,2.2
1301.002041801211,0.25977054,0.028843253995123202,2.0
1302.00204337062,0.4904534,0.05495333248020214,2.0
1303.002044940029,0.45878255,0.06405113389525947,2.0
1304.002046509438,0.5480606,0.0684265525128724,2.0
1305.002048078847,0.63277334,0.06999604956526922,2.0
1306.0020496482562,0.6574909,0.070474138619862,2.0
1307.0020512176654,0.5711693,0.07059236251802757,2.0
1308.0020527870745,0.67146605,0.07065447114878858,2.0
1309.0020543564835,0.5872125,0.07099244730639191,2.0
1310.0020559258926,0.70906216,0.06872795975643892,1.9000000000000001
1311.0020574953016,0.84041387,0.06525553430210884,1.9000000000000001
1312.0020590647107,0.85468704,0.04609007455173955,2.4000000000000004
1313.0020606341197,0.7709667,0.03388053010609503,7.7
1314.0020622035288,0.6981926,0.03349660802451237,5.1000000000000005
1315.002063772938,0.7546805,0.03912431295452944,2.6
1316.0020653423471,0.66433865,0.04504397833517738,4.3
1317.0020669117562,0.58500624,0.04574936952180997,3.5
1318.0020684811652,0.57365817,0.04565499662638031,3.5
1319.0020700505743,0.5583054,0.045120711788407285,3.5
1320.0020716199833,0.43554494,0.04473878733079109,5.300000000000001
1321.0020731893924,0.5290734,0.04454746476045058,3.5
1322.0020747588014,0.54102963,0.04417319626174413,2.6
1323.0020763282107,0.61893475,0.042899198843557834,4.9
1324.0020778976198,0.4596971,0.035887920633201995,3.4000000000000004
1325.0020794670288,0.35959846,0.025766304281415135,4.9
1326.0020810364379,0.42331815,0.009476930601231542,4.7
1327.002082605847,0.4736369,0.00310217954896378,10.200000000000001
1328.002084175256,0.44198945,0.002728081894027877,10.200000000000001
1329.002085744665,0.3821863,0.0021980313721148767,10.200000000000001
1330.002087314074,0.35007888,0.0021015055843262706,10.200000000000001
1331.0020888834833,0.3416154,0.002051499746192023,7.4
1332.0020904528924,0.36939493,0.002024097881349271,6.7
1333.0020920223014,0.34299627,0.0020345700017434646,6.7
1334.0020935917105,0.32098708,0.002055796292088259,6.7
1335.0020951611195,0.29477006,0.001813004859223517,11.600000000000001
1336.0020967305286,0.2769896,0.001785215647550793,7.7
1337.0020982999376,0.3072656,0.0018954190176555983,11.600000000000001
1338.0020998693467,0.27987844,0.0019851583155156513,8.200000000000001
1339.0021014387557,0.29965776,0.002087510501865423,8.6
1340.002103008165,0.30189404,0.0020811033670692348,8.6
1341.002104577574,0.31692025,0.0021425662930141557,8.6
1342.0021061469831,0.31408587,0.0021845594954566262,11.100000000000001
1343.0021077163922,0.32124624,0.0021768270688273385,11.100000000000001
1344.0021092858012,0.30229652,0.0021831407415592303,11.100000000000001
1345.0021108552103,0.31131455,0.0021470742782322134,8.700000000000001
1346.0021124246193,0.27206534,0.0021070491177118435,8.700000000000001
1347.0021139940284,0.29200852,0.002031071406043323,8.700000000000001
1348.0021155634377,0.30093518,0.001964333281000181,9.600000000000001
1349.0021171328467,0.33049113,0.0018824518569836662,9.600000000000001
1350.0021187022558,0.31552604,0.0019134249955601083,5.1000000000000005
1351.0021202716648,0.31390426,0.0018527565968550165,5.1000000000000005
1352.0021218410739,0.32784846,0.0018216137647541237,5.1000000000000005
1353.002123410483,0.33346003,0.0018271145278420094,5.1000000000000005
1354.002124979892,0.31809303,0.001809470766339064,0.1
1355.002126549301,0.30989322,0.0018208909124419169,4.0
1356.0021281187103,0.29817432,0.0019243885032704602,8.700000000000001
1357.0021296881193,0.30412298,0.0020869563834997203,7.5
1358.0021312575284,0.31936195,0.0020544419606993193,5.2
1359.0021328269374,0.32577467,0.0021354528861222207,6.800000000000001
1360.0021343963465,0.32980785,0.0021286389399415386,5.2
1361.0021359657555,0.30864415,0.002144944003336101,5.2
1362.0021375351646,0.32622764,0.0021310693714952896,5.2
1363.0021391045736,0.33046767,0.002114679163676261,5.2
1364.002140673983,0.33158457,0.002096201371156601,5.2
1365.002142243392,0.28977776,0.0020497951062884096,11.8
1366.002143812801,0.27918532,0.001978053756281762,5.2
1367.00214538221,0.28561985,0.0018154139969715054,13.100000000000001
1368.0021469516191,0.273511,0.0018307211822791514,6.4
1369.0021485210282,0.27406472,0.0017024481120118465,4.7
1370.0021500904372,0.27548122,0.001645376761981802,10.700000000000001
1371.0021516598463,0.27514222,0.0016044729597460077,12.600000000000001
1372.0021532292553,0.42518643,0.07414801258823617,0.2
1373.0021547986646,0.1886997,0.11220465820798806,1.2000000000000002
1374.0021563680737,0.17929232,0.11268071824877617,1.2000000000000002
1375.0021579374827,0.18192951,0.1126829135831618,1.3
1376.0021595068918,0.14737968,0.11266721845897401,1.3
1377.0021610763008,0.20560955,0.11268041828744184,1.2000000000000002
1378.0021626457099,0.45294946,0.11269393279934184,1.3
1379.002164215119,0.65208805,0.11271641141143293,1.3
1380.002165784528,0.7418944,0.11273483345950287,1.3
1381.0021673539372,0.8087457,0.11277126218445085,1.3
1382.0021689233463,0.7812741,0.08635970835579597,1.3
1383.0021704927553,0.62471455,0.019009537070075976,3.0
1384.0021720621644,0.63655937,0.01517634071981484,3.3000000000000003
1385.0021736315734,0.60940427,0.015072278222876798,3.2
1386.0021752009825,0.6216822,0.015034668151214523,3.3000000000000003
1387.0021767703915,0.6665304,0.0149974797662049,3.3000000000000003
1388.0021783398006,0.5572398,0.014982677108705001,3.2
1389.0021799092099,0.6153563,0.014932853131399486,3.2
1390.002181478619,0.61956155,0.014901337448017294,3.2
1391.002183048028,0.576964,0.014786604987307132,3.2
1392.002184617437,0.5171517,0.0075979705773770315,3.8000000000000003
1393.002186186846,0.58097345,0.0035848377832081537,11.100000000000001
1394.0021877562551,0.6550385,0.0031399791901806683,11.100000000000001
1395.0021893256642,0.54787195,0.0027089504651199667,4.800000000000001
1396.0021908950732,0.21410029,0.0026099388440587574,14.600000000000001
1397.0021924644825,0.21343996,0.002619605388874057,14.600000000000001
1398.0021940338916,0.23814614,0.002658968698791754,14.600000000000001
1399.0021956033006,0.28996944,0.0027906161984983767,14.600000000000001
1400.0021971727097,0.24240427,0.0029574940741623978,14.4
1401.0021987421187,0.23545149,0.002864131974108871,10.8
1402.0022003115278,0.2294772,0.0028811477664355376,10.8
1403.0022018809368,0.22026251,0.0026219030206778514,10.8
1404.0022034503459,0.2148275,0.00247034826309194,10.8
1405.002205019755,0.376937,0.003632756760319255,12.8
1406.0022065891642,0.3970134,0.003968874135058691,13.3
1407.0022081585732,0.36455584,0.004160909277970149,13.5
1408.0022097279823,0.32036468,0.004332317838544213,13.5
1409.0022112973913,0.19964606,0.004397788468713729,14.4
1410.0022128668004,0.31679556,0.004293383773216774,14.4
1411.0022144362094,0.41519743,0.004623877443234805,12.4
1412.0022160056185,0.5145795,0.00874728184386481,3.8000000000000003
1413.0022175750275,0.5820342,0.011625994833385807,4.1000000000000005
1414.0022191444368,0.59333056,0.011805379428426759,4.6000000000000005
1415.0022207138459,0.47743392,0.011602951282184484,4.1000000000000005
1416.002222283255,0.4293299,0.011525874326192153,4.1000000000000005
1417.002223852664,0.5013226,0.011491902321069329,4.1000000000000005
1418.002225422073,0.3729387,0.01155625464235569,4.1000000000000005
1419.002226991482,0.5114174,0.011542803575230772,4.1000000000000005
1420.0022285608911,0.45065275,0.011547968661444667,4.1000000000000005
1421.0022301303002,0.34180963,0.011431543484469467,4.1000000000000005
1422.0022316997095,0.6340006,0.00865315891686387,11.9
1423.0022332691185,0.63273174,0.0041166206357691835,11.9
1424.0022348385276,0.53908473,0.0035577624134025473,9.8
1425.0022364079366,0.43389755,0.003275706283296519,14.4
1426.0022379773457,0.39886892,0.003459936481612416,14.700000000000001
1427.0022395467547,0.34336472,0.003455057896950541,12.0
1428.0022411161638,0.3633081,0.0030316571495215875,15.0
1429.0022426855728,0.2574463,0.0030016825114785976,15.0
1430.002244254982,0.2508845,0.003067379299549569,15.0
1431.0022458243911,0.25080776,0.003048974349692579,13.5
1432.0022473938002,0.2564181,0.0030540771585244883,9.4
1433.0022489632092,0.27433518,0.0033735470828294817,9.600000000000001
1434.0022505326183,0.36192045,0.003581493663246639,9.0
1435.0022521020273,0.37175247,0.0037221155697506453,13.5
1436.0022536714364,0.3644932,0.003760316590796938,9.0
1437.0022552408454,0.3643731,0.003836460677432214,10.700000000000001
1438.0022568102545,0.3498495,0.003812003351334901,10.700000000000001
1439.0022583796638,0.34424046,0.0038221520369357384,9.0
1440.0022599490728,0.33496398,0.003819011802531328,9.0
1441.0022615184819,0.6098879,0.003975846967738237,10.700000000000001
1442.002263087891,0.55954707,0.004278475718137849,10.700000000000001
1443.0022646573,0.53201437,0.004109188708810804,10.100000000000001
1444.002266226709,0.5333541,0.0040809149055182035,9.8
1445.002267796118,0.3882429,0.003889822889736994,15.0
1446.0022693655271,0.40156448,0.003638976138717629,15.0
1447.0022709349364,0.4139915,0.0035534912550023072,9.8
1448.0022725043455,0.5269808,0.003577769421121645,9.8
1449.0022740737545,0.46280476,0.003728119016094363,9.700000000000001
1450.0022756431636,0.6501061,0.004728452479998172,9.8
1451.0022772125726,0.45135695,0.0050331511710551375,9.8
1452.0022787819817,0.32169822,0.004783307978076609,12.600000000000001
1453.0022803513907,0.24287294,0.004745007743690006,14.4
1454.0022819207998,0.24833785,0.004628488068707574,14.4
1455.002283490209,0.2502454,0.004620799553935455,14.4
1456.002285059618,0.37976226,0.004677849221790512,14.4
1457.0022866290271,0.27734184,0.004611646506971736,12.8
1458.0022881984362,0.33284792,0.004644474741163972,14.4
1459.0022897678452,0.2441374,0.00454070471280053,10.100000000000001
1460.0022913372543,0.23746853,0.003535645835564079,14.4
1461.0022929066633,0.27607977,0.0028300990999490525,8.9
1462.0022944760724,0.20973372,0.002737598478530301,11.100000000000001
1463.0022960454817,0.20725453,0.0027967830771502417,11.100000000000001
1464.0022976148907,0.23045766,0.0031682767566553567,10.600000000000001
1465.0022991842998,0.27902636,0.0034954656402031007,12.9
1466.0023007537088,0.24148066,0.003635255522969913,10.600000000000001
1467.0023023231179,0.3129415,0.003815766350379469,13.700000000000001
1468.002303892527,0.28816065,0.003786936015689217,13.700000000000001
1469.002305461936,0.2555004,0.003800834870734351,13.700000000000001
1470.002307031345,0.26864123,0.003948410725090145,13.600000000000001
1471.002308600754,0.30949822,0.004013165971508705,13.600000000000001
1472.0023101701634,0.4047796,0.004467726387036939,13.600000000000001
1473.0023117395724,0.3918932,0.004416478378287576,13.600000000000001
1474.0023133089815,0.37228942,0.004188543110885835,13.600000000000001
1475.0023148783905,0.36694294,0.003919173931451269,13.600000000000001
1476.0023164477996,0.36183748,0.0037154969573067087,13.600000000000001
1477.0023180172086,0.32176837,0.0035496069906661523,14.9
1478.0023195866177,0.3136115,0.00350244140251332,14.9
1479.0023211560267,0.29851952,0.0033547042121909463,14.9
1480.002322725436,0.25232184,0.00298485743320513,14.9
1481.002324294845,0.22344433,0.0029178109029853083,14.9
1482.002325864254,0.24543813,0.002190085499840413,14.200000000000001
1483.0023274336631,0.2276624,0.0022321922099996392,7.9
1484.0023290030722,0.18898354,0.002239380198524205,11.3
1485.0023305724812,0.17186497,0.002513148155327594,10.4
1486.0023321418903,0.20069994,0.0025614153883576803,10.4
1487.0023337112993,0.21530962,0.002739367571498185,8.0
1488.0023352807086,0.27442142,0.0032764457581609657,8.0
1489.0023368501177,0.2664497,0.003260974599661386,8.0
1490.0023384195267,0.34885788,0.0037586905843134144,10.0
1491.0023399889358,0.33272088,0.0040298784683875846,10.0
1492.0023415583448,0.42448753,0.0041625618519158,10.0
1493.0023431277539,0.41274676,0.004343374252415891,10.0
1494.002344697163,0.42274818,0.004331676843386977,10.0
1495.002346266572,0.3388702,0.004226307677959922,11.3
1496.0023478359813,0.32353914,0.004213865772602556,11.3
1497.0023494053903,0.33467388,0.004106850726793078,10.0
1498.0023509747994,0.3217843,0.003778209067628926,10.5
1499.0023525442084,0.36507207,0.0040555790388044285,11.5
1500.0023541136175,0.28931373,0.004077896567594321,10.700000000000001
1501.0023556830265,0.27275118,0.00412094557691818,10.700000000000001
1502.0023572524356,0.21893077,0.004066224072120737,11.700000000000001
1503.0023588218446,0.27026674,0.003897639370648996,13.700000000000001
1504.0023603912537,0.24815741,0.003877901636721381,13.700000000000001
1505.002361960663,0.432947,0.008954040984558473,3.1
1506.002363530072,0.5187584,0.017708950230909706,1.7000000000000002
1507.002365099481,0.47230184,0.0180972164597224,2.7
1508.00236666889,0.58091575,0.01843403601813962,2.7
1509.0023682382991,0.6030925,0.01841080356749846,2.7
1510.0023698077082,0.5454093,0.018317649758526424,2.7
1511.0023713771172,0.53498375,0.018254917985327596,2.7
1512.0023729465263,0.46386936,0.01840175760572969,2.7
1513.0023745159356,0.61833996,0.01853641519232971,2.7
1514.0023760853446,0.43431243,0.018570872545056398,2.7
1515.0023776547537,0.39689884,0.016897328736041262,2.4000000000000004
1516.0023792241627,0.38349685,0.0074137339596164085,14.9
1517.0023807935718,0.29859084,0.006716816549018508,14.9
1518.0023823629808,0.24633321,0.005789835445562777,14.4
1519.0023839323899,0.22370501,0.0057275257099324,14.4
1520.002385501799,0.17997071,0.005772722799201441,14.4
1521.0023870712082,0.35332674,0.0057700505090935855,14.4
1522.0023886406173,0.19237483,0.00554794401179996,14.4
1523.0023902100263,0.23075585,0.005027462701519567,14.9
1524.0023917794354,0.29598173,0.0049854375912693205,14.4
1525.0023933488444,0.31129506,0.08850448257965157,1.9000000000000001
1526.0023949182535,0.36863214,0.08864288083382628,2.2
1527.0023964876625,0.37363935,0.08869986619302235,2.2
1528.0023980570716,0.32629585,0.08873535797676417,2.2
1529.0023996264808,0.372604,0.08876339083280477,2.2
1530.00240119589,0.48441532,0.0887868937141939,2.2
1531.002402765299,0.58798355,0.08880792550836851,2.2
1532.002404334708,0.6248731,0.08880872418450864,2.2
1533.002405904117,0.64499265,0.08882471037670278,2.2
1534.002407473526,0.64255095,0.08882287007913311,1.8
1535.0024090429351,0.6906919,0.0062865559958325285,5.5
1536.0024106123442,0.66528934,0.00542516184533355,2.8000000000000003
1537.0024121817532,0.703923,0.0055249337408105025,4.4
1538.0024137511625,0.79020584,0.006200689379249868,6.5
1539.0024153205716,0.83614624,0.006583056245565124,3.9000000000000004
1540.0024168899806,0.8203471,0.006857593644604113,3.9000000000000004
1541.0024184593897,0.80150527,0.006873968599836573,3.9000000000000004
1542.0024200287987,0.6820952,0.006669117258339407,3.9000000000000004
1543.0024215982078,0.6964324,0.006670030152561805,3.9000000000000004
1544.0024231676168,0.8638766,0.006586025968582954,3.9000000000000004
1545.0024247370259,0.7727865,0.006978808475314999,3.9000000000000004
1546.0024263064352,0.66328365,0.006929799033542576,7.300000000000001
1547.0024278758442,0.62181896,0.006496121489315585,7.300000000000001
1548.0024294452533,0.44065446,0.005746023922015385,7.300000000000001
1549.0024310146623,0.35614452,0.005266217296851286,7.300000000000001
1550.0024325840714,0.37100846,0.0048626638386538995,7.300000000000001
1551.0024341534804,0.28014874,0.005055875889110867,7.300000000000001
1552.0024357228895,0.30970386,0.0056187950389520805,2.7
1553.0024372922985,0.72963136,0.005666271692264053,4.3
1554.0024388617078,0.71711,0.005653579014972362,4.3
1555.0024404311168,0.4462901,0.0051585175528752044,2.7
1556.002442000526,0.55555975,0.004347264824972177,4.1000000000000005
1557.002443569935,0.52839893,0.004431659665829884,4.7
1558.002445139344,0.44668782,0.004633560236735862,4.6000000000000005
1559.002446708753,0.5765732,0.005670660377015289,3.7
1560.002448278162,0.33726296,0.005839177252083718,3.4000000000000004
1561.0024498475711,0.41907105,0.0055789023948277896,3.4000000000000004
1562.0024514169804,0.43329138,0.005823636505946155,3.5
1563.0024529863895,0.29954746,0.0060800692403152196,3.5
1564.0024545557985,0.31476918,0.006040247756868521,3.5
1565.0024561252076,0.4483622,0.006129124920659481,3.5
1566.0024576946166,0.3322123,0.006123654009064375,3.5
1567.0024592640257,0.31245878,0.0062479657542087496,3.5
1568.0024608334347,0.2981342,0.0065604342244296385,3.5
1569.0024624028438,0.36507365,0.005799584072516365,3.5
1570.002463972253,0.49544597,0.005603633027237893,3.5
1571.002465541662,0.45246196,0.0055961589831626255,2.3000000000000003
1572.0024671110712,0.4279203,0.00474325820129239,1.8
1573.0024686804802,0.4804602,0.004144666146352835,3.0
1574.0024702498893,0.43857303,0.004168382863791732,4.1000000000000005
1575.0024718192983,0.29824847,0.004046151896121794,3.0
1576.0024733887074,0.38788983,0.0040206511460551715,5.0
1577.0024749581164,0.24317004,0.0035910291206590417,4.1000000000000005
1578.0024765275255,0.36782035,0.0027609073222837296,7.300000000000001
1579.0024780969347,0.14795919,0.0025862825999010634,7.2
1580.0024796663438,0.2483228,0.004732893677620379,7.2
1581.0024812357528,0.2986377,0.005567081796220991,13.9
1582.002482805162,0.18472552,0.005641377160327565,13.9
1583.002484374571,0.2567945,0.005738058477148283,13.9
1584.00248594398,0.41570127,0.007072258922145762,7.0
1585.002487513389,0.83060294,0.0076767948030363456,2.0
1586.002489082798,0.80143106,0.008021620399226083,4.7
1587.0024906522074,0.8128598,0.008120584335316674,4.7
1588.0024922216164,0.82050824,0.008178258341274228,7.1000000000000005
1589.0024937910255,0.9126883,0.008563709136596253,7.1000000000000005
1590.0024953604345,0.8502555,0.007627414031326613,7.1000000000000005
1591.0024969298436,0.7943684,0.00846318720714394,2.1
1592.0024984992526,0.78023255,0.008449177350341687,2.1
1593.0025000686617,0.8838294,0.010042550880241537,2.9000000000000004
1594.0025016380707,0.8393373,0.010351793887894725,2.4000000000000004
1595.00250320748,0.8367524,0.00991506159370654,2.4000000000000004
1596.002504776889,0.65771407,0.009646601995882496,2.4000000000000004
1597.002506346298,0.8003526,0.009750545538388632,2.8000000000000003
1598.0025079157072,0.593884,0.009669547602341394,2.8000000000000003
1599.0025094851162,0.7409122,0.00936808847379443,2.4000000000000004
1600.0025110545253,0.6611877,0.009354427845995598,2.4000000000000004
1601.0025126239343,0.76191705,0.008116583300088461,1.5
1602.0025141933434,0.6499831,0.008086988698221843,2.8000000000000003
1603.0025157627526,0.48806816,0.005933102407208419,2.8000000000000003
1604.0025173321617,0.6183916,0.0035961425524313976,7.1000000000000005
1605.0025189015707,0.6326317,0.003523339246796524,2.8000000000000003
1606.0025204709798,0.6304945,0.0038241758523937224,2.8000000000000003
1607.0025220403888,0.78140855,0.016445987337057967,0.1
1608.002523609798,0.9220943,0.017179719866584155,0.1
1609.002525179207,0.87312686,0.0173245534636277,0.1
1610.002526748616,0.8482494,0.01780423541770291,0.1
1611.002528318025,0.7598258,0.01797389941054297,0.1
1612.0025298874343,0.6599459,0.01799185105263906,0.1
1613.0025314568434,0.70899,0.01799952844034664,0.1
1614.0025330262524,0.60576326,0.01814115117378835,0.1
1615.0025345956615,0.48196802,0.018497439366486144,0.1
1616.0025361650705,0.41361466,0.018598528138636255,0.1
1617.0025377344796,0.5604517,0.00944041928754645,2.5
1618.0025393038886,0.7220319,0.008489029970394685,2.3000000000000003
1619.0025408732977,0.5954648,0.008107898561831839,2.1
1620.002542442707,0.78408104,0.0066871382967593155,1.7000000000000002
1621.002544012116,0.7881744,0.006579821697695903,1.7000000000000002
1622.002545581525,0.74251014,0.006662052959085635,1.7000000000000002
1623.002547150934,0.80556315,0.006646496538607004,1.7000000000000002
1624.0025487203432,0.81121963,0.006362626136385648,1.7000000000000002
1625.0025502897522,0.82384586,0.014496279314956378,1.9000000000000001
1626.0025518591613,0.81503624,0.01571630507532021,2.8000000000000003
1627.0025534285703,0.58848256,0.016452033742398245,3.2
1628.0025549979796,0.71745586,0.01618406803570985,1.9000000000000001
1629.0025565673886,0.80485415,0.016230704900446823,1.9000000000000001
1630.0025581367977,0.6601216,0.01624169918168209,1.9000000000000001
1631.0025597062067,0.6388777,0.0625001942870527,1.9000000000000001
1632.0025612756158,0.575758,0.06301142682890802,1.9000000000000001
1633.0025628450248,0.58297545,0.06302961636571654,1.9000000000000001
1634.002564414434,0.599077,0.06304579567940372,1.9000000000000001
1635.002565983843,0.38872623,0.06166064554264192,1.5
1636.0025675532522,0.41317785,0.06132903849032433,1.4000000000000001
1637.0025691226613,0.31365395,0.06112233740817966,1.5
1638.0025706920703,0.35574383,0.061073940937198166,1.4000000000000001
1639.0025722614794,0.2528599,0.06104320797801592,1.5
1640.0025738308884,0.35548323,0.06101708011786306,1.5
1641.0025754002975,0.5518237,0.009323856188855714,4.0
1642.0025769697065,0.34023458,0.005252076191232355,14.3
1643.0025785391156,0.3090519,0.005082606097191983,14.100000000000001
1644.0025801085246,0.2763514,0.005070947914715555,14.100000000000001
1645.002581677934,0.23510902,0.0048839697369995405,14.100000000000001
1646.002583247343,0.25086224,0.004702016962354311,13.600000000000001
1647.002584816752,0.23049064,0.004493340486583471,13.600000000000001
1648.002586386161,0.25265628,0.004522063758660025,13.600000000000001
1649.00258795557,0.23693731,0.004539152128306256,12.8
1650.0025895249792,0.23753327,0.004444904787550247,12.8
1651.0025910943882,0.24833372,0.003909992795713186,12.4
1652.0025926637973,0.26117253,0.003249664019467799,9.0
1653.0025942332065,0.21331152,0.003043155733442744,9.0
1654.0025958026156,0.24119343,0.002497178866116058,14.4
1655.0025973720246,0.22262615,0.0024498565273781856,9.8
1656.0025989414337,0.23446186,0.002626628263387435,12.8
1657.0026005108427,0.20669378,0.0029635312542327552,12.8
1658.0026020802518,0.20050372,0.0031686369358671046,12.8
1659.0026036496608,0.20593417,0.0030082031543954796,12.8
1660.00260521907,0.20658554,0.0029223605900237206,12.8
1661.0026067884792,0.1734537,0.002953096361911173,12.8
1662.0026083578882,0.1932454,0.0030981781005184547,12.8
1663.0026099272973,0.19273199,0.0032573150579872207,12.8
1664.0026114967063,0.18065889,0.003414177439164804,12.8
1665.0026130661154,0.17149061,0.003425945492514876,14.5
1666.0026146355244,0.17280386,0.0033376900661247705,13.5
1667.0026162049335,0.17637669,0.0031115806007052872,13.5
1668.0026177743425,0.19568883,0.002957345047437061,14.5
1669.0026193437518,0.17083561,0.003008420451729251,14.3
1670.0026209131609,0.17622097,0.003035978274360793,14.5
1671.00262248257,0.17382088,0.0029876122425591535,13.5
1672.002624051979,0.18835443,0.0029168479619269103,14.200000000000001
1673.002625621388,0.1884477,0.0028424091945352657,14.200000000000001
1674.002627190797,0.21534921,0.0026864062859119687,14.200000000000001
1675.002628760206,0.22817409,0.0026124584997810137,14.200000000000001
1676.0026303296152,0.23913278,0.002499161174646051,14.200000000000001
1677.0026318990242,0.2144621,0.0024156553883952396,13.0
1678.0026334684335,0.22139452,0.0026605642129184895,13.5
1679.0026350378425,0.22255258,0.002876806638787714,13.5
1680.0026366072516,0.22941603,0.002991816085594996,14.5
1681.0026381766606,0.20264103,0.0034817754700473885,14.5
1682.0026397460697,0.1914389,0.0036057878238902087,12.3
1683.0026413154787,0.1898848,0.0036823723485611285,12.3
1684.0026428848878,0.32711267,0.0038980897417482535,14.700000000000001
1685.0026444542968,0.16801016,0.004250611758827155,14.0
1686.0026460237061,0.16306365,0.004299101258965843,14.0
1687.0026475931152,0.1710775,0.004396820937769881,14.5
1688.0026491625242,0.16639116,0.004188072091371394,14.0
1689.0026507319333,0.16613115,0.003986626620623165,14.100000000000001
1690.0026523013423,0.17059106,0.004103704050499563,14.100000000000001
1691.0026538707514,0.1779318,0.0037101332122854757,14.100000000000001
1692.0026554401604,0.17670345,0.003571807296076538,14.100000000000001
1693.0026570095695,0.20099361,0.003447132258061081,15.0
1694.0026585789788,0.26191396,0.0032415185426591313,15.0
1695.0026601483878,0.21157345,0.002807169770390137,15.0
1696.0026617177969,0.22929287,0.00294251119446059,15.0
1697.002663287206,0.20769963,0.0030646118514483984,14.9
1698.002664856615,0.20607708,0.00309446657959224,15.0
1699.002666426024,0.18178341,0.003403994322013985,13.0
1700.002667995433,0.21292152,0.0031664270102214113,12.5
1701.002669564842,0.2097902,0.0031894859202465952,12.5
1702.0026711342514,0.22858793,0.003385091924175501,14.200000000000001
1703.0026727036604,0.22053565,0.003470699204421303,12.3
1704.0026742730695,0.23386931,0.0035364741037665058,14.200000000000001
1705.0026758424785,0.29616657,0.0037541630858504023,14.200000000000001
1706.0026774118876,0.4921074,0.0037952362865667165,14.200000000000001
1707.0026789812966,0.5012388,0.008188318891536888,8.5
1708.0026805507057,0.17600356,0.012705215856362544,8.200000000000001
1709.0026821201147,0.55659693,0.01273209037362726,8.200000000000001
1710.0026836895238,0.57958174,0.012750824980628041,8.200000000000001
1711.002685258933,0.33875227,0.012751366951435538,8.200000000000001
1712.0026868283421,0.3073596,0.012690152749761846,8.200000000000001
1713.0026883977512,0.40702096,0.012653534663575928,8.200000000000001
1714.0026899671602,0.3138091,0.012607032826885953,8.200000000000001
1715.0026915365693,0.18679206,0.012523614115759184,10.3
1716.0026931059783,0.35129687,0.01246706593843949,8.0
1717.0026946753874,0.39947867,0.01005068970377839,10.4
1718.0026962447964,0.20525843,0.0028135580926674456,15.0
1719.0026978142057,0.33778778,0.002928146571311706,10.100000000000001
1720.0026993836148,0.20844385,0.0029933140537978077,13.8
1721.0027009530238,0.15919869,0.0034286987769746565,7.6000000000000005
1722.0027025224329,0.1249852,0.012811381346911272,4.1000000000000005
1723.002704091842,0.17817946,0.012832553033737683,4.1000000000000005
1724.002705661251,0.14142138,0.012839400945792999,4.1000000000000005
1725.00270723066,0.1315724,0.012839432251525465,4.1000000000000005
1726.002708800069,0.14309828,0.012841119564645577,4.1000000000000005
1727.0027103694783,0.11872889,0.012841612052097719,4.1000000000000005
1728.0027119388874,0.2230264,0.01279496051616334,4.1000000000000005
1729.0027135082964,0.13926452,0.012658551203089438,4.1000000000000005
1730.0027150777055,0.48746473,0.021590572262819362,4.5
1731.0027166471145,0.22672142,0.10220479142374894,1.2000000000000002
1732.0027182165236,0.25906307,0.1033419348343925,0.9
1733.0027197859326,0.26140815,0.11717763691419718,0.8
1734.0027213553417,0.117690966,0.11809655967276986,0.8
1735.002722924751,0.10036246,0.11810081150977737,0.8
1736.00272449416,0.18075545,0.1181584460435243,0.8
1737.002726063569,0.43478552,0.11816780884643369,0.8
1738.0027276329781,0.36815542,0.11818654352830116,0.8
1739.0027292023872,0.5656123,0.11819586349121085,0.8
1740.0027307717962,0.41827893,0.117116808998588,0.8
1741.0027323412053,0.5348526,0.06166968665112061,0.9
1742.0027339106143,0.29936257,0.05828255836632926,1.0
1743.0027354800234,0.3211554,0.0167373219748054,0.6000000000000001
1744.0027370494327,0.32998952,0.004669213699660537,13.4
1745.0027386188417,0.5457769,0.004255923679573153,11.8
1746.0027401882508,0.3654935,0.0036280531597698475,11.8
1747.0027417576598,0.21219262,0.003433901092747817,11.8
1748.0027433270689,0.2681117,0.003386821135527436,11.8
1749.002744896478,0.24131843,0.0032131390676007733,9.9
1750.002746465887,0.2610407,0.0029296852153686127,11.5
1751.002748035296,0.2607327,0.0027506501866584737,9.9
1752.0027496047053,0.23832132,0.002996096806583442,13.200000000000001
1753.0027511741143,0.25380704,0.003136044634427471,13.9
1754.0027527435234,0.2591887,0.0030815614713008825,13.200000000000001
1755.0027543129324,0.2618774,0.0031930188238094423,15.0
1756.0027558823415,0.26553792,0.003011155394701839,13.100000000000001
1757.0027574517505,0.2856857,0.003087714268960492,13.100000000000001
1758.0027590211596,0.29376936,0.003679307365062835,14.200000000000001
1759.0027605905686,0.30964702,0.003682231688594188,13.8
1760.002762159978,0.30309317,0.003623194396156714,14.0
1761.002763729387,0.29373175,0.0035437365165562605,15.0
1762.002765298796,0.29175976,0.0033931730664205273,15.0
1763.002766868205,0.3214288,0.003268977870143022,13.9
1764.0027684376141,0.29976314,0.0037148759766603328,13.9
1765.0027700070232,0.3043435,0.0036412034752204368,13.8
1766.0027715764322,0.28154394,0.003609871229178127,10.5
1767.0027731458413,0.25390998,0.0035766546427195524,10.5
1768.0027747152506,0.28554085,0.0029905420406632723,10.5
1769.0027762846596,0.29430154,0.0030130401581622435,14.600000000000001
1770.0027778540687,0.29459077,0.003215756117312994,13.8
1771.0027794234777,0.3310429,0.003581676618305388,8.6
1772.0027809928868,0.27332255,0.0038965491309581606,14.600000000000001
1773.0027825622958,0.2879195,0.004169776298480124,14.600000000000001
1774.0027841317049,0.27174047,0.0037381596356151916,14.600000000000001
1775.002785701114,0.3814008,0.004230286360083283,8.6
1776.002787270523,0.36804327,0.004442229532679452,2.0
1777.0027888399322,0.3390308,0.004440170896629426,2.0
1778.0027904093413,0.3164666,0.004369139665672569,2.0
1779.0027919787503,0.3001667,0.004313595510569124,2.0
1780.0027935481594,0.3111782,0.004145751151787436,7.7
1781.0027951175684,0.21361946,0.003824049788351771,7.7
1782.0027966869775,0.19174947,0.0034473813048596998,7.7
1783.0027982563865,0.22137088,0.003078295897737216,7.9
1784.0027998257956,0.23387228,0.0031644804085521863,7.9
1785.0028013952049,0.32160017,0.002962512465537515,12.600000000000001
1786.002802964614,0.24403909,0.0029304215094614044,14.8
1787.002804534023,0.23747063,0.003110109823718207,14.8
1788.002806103432,0.24936432,0.003174878959580593,14.8
1789.002807672841,0.268528,0.003300523467113427,13.8
1790.0028092422501,0.2787697,0.0034880370350473433,13.8
1791.0028108116592,0.29799703,0.0035754227444664863,13.8
1792.0028123810682,0.26843163,0.0035962064301822355,13.700000000000001
1793.0028139504775,0.36178294,0.0037960373625830035,14.700000000000001
1794.0028155198866,0.32914948,0.004186830745361561,14.700000000000001
1795.0028170892956,0.37124094,0.003872894729381996,11.4
1796.0028186587047,0.30620822,0.0037041844779139668,11.4
1797.0028202281137,0.25707513,0.0035234853893685012,11.4
1798.0028217975228,0.24087693,0.0034665588438434745,13.3
1799.0028233669318,0.24961545,0.003367168436905377,13.3
1800.0028249363409,0.24153946,0.0034086766979917523,13.3
1801.0028265057501,0.25176004,0.0032970022815858426,13.3
1802.0028280751592,0.2469412,0.0032808216055440565,13.3
1803.0028296445682,0.23117493,0.003049573033023123,13.3
1804.0028312139773,0.24448676,0.0024394616084140114,12.9
1805.0028327833863,0.22926727,0.0024677403640804055,13.4
1806.0028343527954,0.23563018,0.00260468348962059,13.600000000000001
1807.0028359222044,0.24824081,0.002748090787317491,12.4
1808.0028374916135,0.26527467,0.0029697621455972763,11.0
1809.0028390610228,0.24588929,0.0029778181656286433,11.0
1810.0028406304318,0.23070802,0.002783183641666472,11.0
1811.0028421998409,0.23940289,0.002972135924385701,15.0
1812.00284376925,0.24095592,0.0028845215292495853,15.0
1813.002845338659,0.24717604,0.0030004913583070226,15.0
1814.002846908068,0.27529117,0.003238850500122115,15.0
1815.002848477477,0.39910164,0.0034793798703830303,15.0
1816.0028500468861,0.33513024,0.003613690171571768,15.0
1817.0028516162952,0.38568595,0.003779205165851628,13.9
1818.0028531857045,0.37591705,0.004009282377569324,14.8
1819.0028547551135,0.41209167,0.004304665091630326,14.8
1820.0028563245226,0.3982275,0.004337824949080679,14.8
1821.0028578939316,0.39820227,0.0042142459531875716,12.4
1822.0028594633407,0.32512105,0.004196385691375287,12.4
1823.0028610327497,0.2900934,0.004104963092496495,13.0
1824.0028626021588,0.26013008,0.003882644773899288,13.0
1825.0028641715678,0.26535496,0.003679389590490845,13.0
1826.002865740977,0.24415262,0.003507999570533413,12.100000000000001
1827.0028673103861,0.2729636,0.0032270516079293625,13.100000000000001
1828.0028688797952,0.21489856,0.002844993218561781,12.8
1829.0028704492042,0.25197825,0.002327501541646284,13.9
1830.0028720186133,0.24580489,0.0026712980838887943,12.9
1831.0028735880223,0.28087905,0.002982982485178455,13.4
1832.0028751574314,0.26599374,0.0030273715274976663,13.4
1833.0028767268404,0.26438224,0.003003175700397413,12.200000000000001
1834.0028782962497,0.2547292,0.003143431884145177,11.8
1835.0028798656588,0.26982197,0.0030553378758375136,11.8
1836.0028814350678,0.28688842,0.00306032313892012,10.200000000000001
1837.0028830044769,0.24722497,0.003210245411806915,14.9
1838.002884573886,0.2745739,0.0032106966561774044,11.100000000000001
1839.002886143295,0.21191996,0.003424127287624705,13.3
1840.002887712704,0.2451348,0.003082652434992631,14.9
1841.002889282113,0.23646809,0.0030792063416698015,10.700000000000001
1842.0028908515224,0.20880635,0.003030097336046,10.700000000000001
1843.0028924209314,0.21059884,0.003111656253092141,14.9
1844.0028939903405,0.21740142,0.003022564999154315,13.5
1845.0028955597495,0.21984345,0.003467043447808973,13.5
1846.0028971291586,0.19816102,0.00355878210580073,14.3
1847.0028986985676,0.40072584,0.003936209302254447,12.8
1848.0029002679767,0.56896734,0.004287922737615069,13.5
1849.0029018373857,0.47639287,0.004230747375200095,11.5
1850.0029034067948,0.47185004,0.004238062676114618,11.5
1851.002904976204,0.5720387,0.004121882248329551,11.5
1852.002906545613,0.549568,0.0041367073696794935,11.5
1853.0029081150221,0.5889799,0.0040762531788287905,11.4
1854.0029096844312,0.63445693,0.004028626821362704,11.4
1855.0029112538402,0.4169778,0.003756595665816193,13.4
1856.0029128232493,0.45170236,0.003742293166934489,13.4
1857.0029143926583,0.24710391,0.0032099880017273565,13.4
1858.0029159620674,0.26691768,0.002648392939771897,13.200000000000001
1859.0029175314767,0.27476183,0.0025560865019920334,13.200000000000001
1860.0029191008857,0.24347243,0.0029434611225530737,14.700000000000001
1861.0029206702948,0.26670298,0.0029324399957151963,14.700000000000001
1862.0029222397038,0.27788496,0.0029341030796134057,14.700000000000001
1863.0029238091129,0.30067125,0.0029863612423437357,11.100000000000001
1864.002925378522,0.26478606,0.003123514709597476,11.100000000000001
1865.002926947931,0.2604494,0.0031921128372544042,13.0
1866.00292851734,0.26604557,0.0030506186021413543,14.200000000000001
1867.0029300867493,0.24327211,0.0030657416786927104,14.200000000000001
1868.0029316561584,0.22954734,0.003408032056224334,14.200000000000001
1869.0029332255674,0.22352901,0.0033146805375079565,13.0
1870.0029347949765,0.21758825,0.0030369778802026804,13.0
1871.0029363643855,0.23519439,0.002986075206271782,13.4
1872.0029379337946,0.22269422,0.003059748406860615,13.9
1873.0029395032036,0.21834119,0.0030164301725419318,13.9
1874.0029410726127,0.21271291,0.0030382264840669417,14.3
1875.002942642022,0.23279822,0.003109415527586054,13.8
1876.002944211431,0.23153889,0.0030945641693701023,14.100000000000001
1877.00294578084,0.21807283,0.0031716882901050886,13.8
1878.002947350249,0.2322823,0.002789570187433999,13.8
1879.0029489196581,0.22281322,0.0028820994640315982,13.8
1880.0029504890672,0.22139713,0.0029388984164372516,11.3
1881.0029520584762,0.22430086,0.0029519565981866985,11.3
1882.0029536278853,0.22234675,0.0029085752477616177,11.3
1883.0029551972943,0.22649862,0.0030254763904061298,11.3
1884.0029567667036,0.24184847,0.003006517422079242,14.3
1885.0029583361127,0.24184135,0.0033059528366654097,14.3
1886.0029599055217,0.2596458,0.0035952020589346814,7.4
1887.0029614749308,0.22499195,0.0036085107900467902,14.3
1888.0029630443398,0.22101372,0.003915226027242252,10.5
1889.0029646137489,0.22177687,0.004605891821904267,13.0
1890.002966183158,0.24578986,0.004782536747220328,13.0
1891.002967752567,0.2419001,0.0049018162429358345,11.9
1892.0029693219763,0.33217144,0.005143701872350542,9.700000000000001
1893.0029708913853,0.33210447,0.005172903023776275,9.700000000000001
1894.0029724607944,0.44869274,0.005237875815308434,9.700000000000001
1895.0029740302034,0.3854827,0.004918056088899128,9.700000000000001
1896.0029755996125,0.2518022,0.004652161451848417,9.700000000000001
1897.0029771690215,0.24276909,0.004873999092700693,9.700000000000001
1898.0029787384306,0.25444007,0.00462361893902751,9.700000000000001
1899.0029803078396,0.256276,0.004184201620762875,9.700000000000001
1900.0029818772489,0.24373053,0.004050311486815907,14.600000000000001
1901.002983446658,0.23679338,0.003999105406212293,14.600000000000001
1902.002985016067,0.2420691,0.0037451117781550293,9.5
1903.002986585476,0.22801468,0.0037169567410931486,9.600000000000001
1904.002988154885,0.22784375,0.003670434584326447,9.600000000000001
1905.0029897242941,0.25527325,0.003697709497402964,14.9
1906.0029912937032,0.25702697,0.0037119677032647898,14.9
1907.0029928631122,0.22839,0.003283068586281579,14.9
1908.0029944325215,0.23305473,0.0034042508367307977,14.9
1909.0029960019306,0.21662372,0.003114543677305551,14.4
1910.0029975713396,0.23601344,0.002860885904747226,15.0
1911.0029991407487,0.22845165,0.0027332952215536705,15.0
1912.0030007101577,0.22077034,0.0027505425534692226,15.0
1913.0030022795668,0.25407034,0.002593081090069697,12.100000000000001
1914.0030038489758,0.21853097,0.0023582187384261857,12.100000000000001
1915.0030054183849,0.22095805,0.002352243110271765,13.9
1916.003006987794,0.2129222,0.002469659701696023,14.0
1917.0030085572032,0.20192724,0.0027153148903824556,9.9
1918.0030101266123,0.20636389,0.0026762357922341233,9.9
1919.0030116960213,0.19784154,0.0026098918767452923,14.5
1920.0030132654304,0.20190576,0.0026220337371803955,14.5
1921.0030148348394,0.20980397,0.0025575399529054314,14.5
1922.0030164042485,0.19770119,0.0023905763864713256,9.8
1923.0030179736575,0.20587943,0.0025747206387046295,10.0
1924.0030195430666,0.21241453,0.0027471440102077482,9.8
1925.0030211124758,0.21173391,0.0027816454981796964,10.0
1926.0030226818849,0.22100289,0.002814173378202425,10.0
1927.003024251294,0.2180683,0.0028289896613458206,9.3
1928.003025820703,0.18106495,0.004793494923342752,14.100000000000001
1929.003027390112,0.16262117,0.004894554383134421,14.100000000000001
1930.003028959521,0.1679088,0.005048166103393674,13.5
1931.0030305289301,0.1524786,0.005021670021395927,14.3
1932.0030320983392,0.18314919,0.005277015668560449,14.3
1933.0030336677485,0.16974361,0.005407622921305386,14.3
1934.0030352371575,0.19671352,0.005312296218084031,14.3
1935.0030368065666,0.15562893,0.005243494968541918,14.3
1936.0030383759756,0.17602032,0.005154071401708823,14.3
1937.0030399453847,0.14734535,0.005044745989735041,14.3
1938.0030415147937,0.22167064,0.0031570942686299426,9.8
1939.0030430842028,0.21383205,0.0031144019402364813,14.200000000000001
1940.0030446536118,0.23124386,0.0029497243663240682,14.4
1941.003046223021,0.23041429,0.0031208121644500488,14.4
1942.0030477924302,0.25884628,0.002673100903183469,9.200000000000001
1943.0030493618392,0.24663706,0.002288366754758187,9.200000000000001
1944.0030509312483,0.27043104,0.002430278028310022,13.3
1945.0030525006573,0.26200083,0.0033179331567102883,12.100000000000001
1946.0030540700664,0.3019809,0.0034479351926287,12.700000000000001
1947.0030556394754,0.27180743,0.0034620361957655725,12.100000000000001
1948.0030572088845,0.26621506,0.003405215830617758,12.700000000000001
1949.0030587782935,0.2465885,0.0033842908694342038,12.700000000000001
1950.0030603477028,0.25833616,0.0033018265140069805,12.700000000000001
1951.0030619171118,0.23174283,0.003131306801452894,12.700000000000001
1952.003063486521,0.24162611,0.0031478362571001634,12.5
1953.00306505593,0.23625647,0.0030770381020255966,12.5
1954.003066625339,0.22934037,0.00296738176484707,12.5
1955.003068194748,0.21780899,0.0019879247466617765,5.4
1956.003069764157,0.2214211,0.0018229688152065205,9.600000000000001
1957.0030713335661,0.225196,0.0018748299130109415,4.3
1958.0030729029754,0.33402786,0.05186711021935807,0.4
1959.0030744723845,0.124074325,0.06850873273199659,1.5
1960.0030760417935,0.14012763,0.06852746865902502,1.5
1961.0030776112026,0.13734567,0.06854718823784356,1.6
1962.0030791806116,0.06514047,0.06856406160629129,1.7000000000000002
1963.0030807500207,0.09287799,0.06857426394097697,1.7000000000000002
1964.0030823194297,0.11777127,0.06858590220591304,1.7000000000000002
1965.0030838888388,0.16257735,0.06859375104970689,1.7000000000000002
1966.003085458248,0.10102127,0.06861837580334033,1.7000000000000002
1967.003087027657,0.111635655,0.06872788056850904,1.8
1968.0030885970662,0.14682283,0.04341230422595943,0.8
1969.0030901664752,0.5910367,0.004911868893437803,2.2
1970.0030917358843,0.37549427,0.004908946162540139,2.2
1971.0030933052933,0.43135655,0.004873516728408077,2.2
1972.0030948747024,0.357493,0.004843731868341484,2.2
1973.0030964441114,0.3850558,0.004868941682784054,2.2
1974.0030980135207,0.48192674,0.004862417566140917,2.1
1975.0030995829297,0.5121962,0.004855962282828995,2.0
1976.0031011523388,0.36459842,0.004657023065555777,2.5
1977.0031027217478,0.5183737,0.0024849061664493043,4.6000000000000005
1978.003104291157,0.39732054,0.0023360648203452662,4.6000000000000005
1979.003105860566,0.70217156,0.002610666399141423,4.6000000000000005
1980.003107429975,0.4875906,0.0025913225139728613,5.0
1981.003108999384,0.44790334,0.0026112281391937053,5.0
1982.003110568793,0.6922423,0.0026818365050439177,5.0
1983.0031121382024,0.5943172,0.0028896542753488446,5.0
1984.0031137076114,0.64040387,0.0029562011120267693,5.0
1985.0031152770205,0.5738733,0.002890788777618861,5.0
1986.0031168464295,0.57914865,0.0028156910023776783,2.4000000000000004
1987.0031184158386,0.4547224,0.002759379133604946,2.4000000000000004
1988.0031199852476,0.4419299,0.0027484479652602036,2.7
1989.0031215546567,0.33982944,0.0024361417994098597,1.5
1990.0031231240657,0.40091527,0.0023597355200311925,1.5
1991.003124693475,0.5218356,0.0023243201926472033,1.5
1992.003126262884,0.51703405,0.0022359785322791587,1.5
1993.003127832293,0.37319952,0.002005824443645038,3.7
1994.0031294017022,0.4147995,0.0019531466098052378,5.2
1995.0031309711112,0.3189729,0.0019681926190316347,5.2
1996.0031325405203,0.36714414,0.0019487997460426994,5.2
1997.0031341099293,0.29946342,0.0019356112793914386,5.2
1998.0031356793384,0.3200063,0.0019035983064474957,5.2
1999.0031372487476,0.34152174,0.0019012529557033671,5.300000000000001
2000.0031388181567,0.35282746,0.0019471815012284438,5.2
2001.0031403875657,0.32382378,0.001962514278783935,3.5
2002.0031419569748,0.3804088,0.0019246299321302475,3.5
2003.0031435263838,0.2641133,0.0018692228263211329,6.800000000000001
2004.003145095793,0.26215044,0.0018419685944402,6.800000000000001
2005.003146665202,0.34606305,0.0018347052052085486,6.800000000000001
2006.003148234611,0.29928988,0.0018469919423895077,3.5
2007.0031498040203,0.3015136,0.001818021961715826,6.6000000000000005
2008.0031513734293,0.40260646,0.0018878088216120422,6.800000000000001
2009.0031529428384,0.35282037,0.001861555342365623,5.0
2010.0031545122474,0.47263253,0.001871566831626873,5.1000000000000005
2011.0031560816565,0.372823,0.001968620173792101,4.7
2012.0031576510655,0.61430794,0.0020880647606835085,5.300000000000001
2013.0031592204746,0.3522505,0.0021634964227553242,3.1
2014.0031607898836,0.3757117,0.0021719084653468237,5.0
2015.0031623592927,0.34467435,0.002198218414575384,3.1
2016.003163928702,0.35862246,0.0021962433897814073,0.1
2017.003165498111,0.3810223,0.0022163952251226453,0.1
2018.00316706752,0.33685535,0.0034275771852949294,2.2
2019.003168636929,0.30430016,0.0035652119675959864,3.2
2020.0031702063382,0.44629183,0.0036514597205389095,3.2
2021.0031717757472,0.2900415,0.0036116971353159465,3.2
2022.0031733451563,0.2944719,0.003566262053290895,3.2
2023.0031749145653,0.19554822,0.0035112482724411727,3.3000000000000003
2024.0031764839746,0.46505684,0.0035476668445001986,3.3000000000000003
2025.0031780533836,0.22190545,0.0035923368292357467,3.7
2026.0031796227927,0.22337118,0.0035908863416954538,3.7
2027.0031811922017,0.242819,0.0035925809376145964,3.3000000000000003
2028.0031827616108,0.25186026,0.0030214886939545177,3.1
2029.0031843310198,0.2573262,0.004080798142948434,4.4
2030.003185900429,0.16642678,0.003972470601070443,4.0
2031.003187469838,0.19615881,0.00393928478177536,4.0
2032.0031890392472,0.18367527,0.003947273714708144,4.0
2033.0031906086563,0.18300991,0.003935502610997553,4.0
2034.0031921780653,0.16353932,0.0038946143047417464,4.0
2035.0031937474744,0.31356657,0.003839678406621114,4.1000000000000005
2036.0031953168834,0.27689314,0.004120614575411574,3.5
2037.0031968862925,0.5418013,0.004329339713947154,4.3
2038.0031984557015,0.5758385,0.004098546406719213,4.3
2039.0032000251106,0.6138222,0.0029229099511932427,1.7000000000000002
2040.0032015945199,0.74986655,0.0031406166211901346,1.7000000000000002
2041.003203163929,0.7986682,0.0033813123717561905,1.7000000000000002
2042.003204733338,0.846189,0.003471790942164694,4.1000000000000005
2043.003206302747,0.8563482,0.003974877046040025,4.1000000000000005
2044.003207872156,0.8009444,0.0040424439305924926,4.1000000000000005
2045.003209441565,0.8720707,0.004438044294346632,4.1000000000000005
2046.0032110109742,0.6682793,0.0044621442253942765,1.1
2047.0032125803832,0.6522508,0.00453652654794372,1.1
2048.0032141497923,0.56279856,0.0044737713349374915,3.3000000000000003
2049.0032157192013,0.52822065,0.004565310378868901,3.3000000000000003
2050.0032172886104,0.5102726,0.004562514965780851,3.3000000000000003
2051.0032188580194,0.6107406,0.004710055869736154,3.9000000000000004
2052.0032204274285,0.58973,0.004691959169579784,4.5
2053.003221996838,0.75369066,0.0044164675357935895,1.8
2054.003223566247,0.7404815,0.004416688146491783,1.8
2055.003225135656,0.4768026,0.004069295088219898,2.9000000000000004
2056.003226705065,0.4696868,0.0038130573608084837,2.9000000000000004
2057.003228274474,0.30620998,0.0035079707265277898,5.6000000000000005
2058.003229843883,0.39916807,0.003900809827063405,7.1000000000000005
2059.0032314132923,0.39970425,0.008275641338958842,4.0
2060.0032329827013,0.58279455,0.008282308961668932,4.0
2061.0032345521104,0.5655743,0.00812019498692341,4.2
2062.0032361215194,0.50494754,0.008076362625382473,4.0
2063.0032376909285,0.4838903,0.007997543436300209,4.1000000000000005
2064.0032392603375,0.47455552,0.007953389359665107,4.1000000000000005
2065.0032408297466,0.50642186,0.007929458801107837,4.0
2066.0032423991556,0.5844186,0.00792029383847152,4.0
2067.0032439685647,0.47770646,0.007930808939242442,4.1000000000000005
2068.0032455379737,0.23412925,0.007704927829448082,2.5
2069.0032471073832,0.20712234,0.0024773131662142603,5.300000000000001
2070.0032486767923,0.5332495,0.0025137842363897947,8.4
2071.0032502462013,0.7376606,0.003038639225176379,5.7
2072.0032518156104,0.6231172,0.0032097617219783675,8.4
2073.0032533850194,0.83503735,0.004405785947711447,4.9
2074.0032549544285,0.82253754,0.007014620561851549,2.1
2075.0032565238375,0.82572484,0.007418064462003533,2.1
2076.0032580932466,0.86378694,0.0076629604367269314,2.1
2077.0032596626556,0.83480084,0.008027879776015866,7.300000000000001
2078.0032612320647,0.84861785,0.008170051602684207,4.9
2079.0032628014737,0.77162725,0.008522182667390037,4.9
2080.003264370883,0.7817398,0.008499741850030927,4.9
2081.003265940292,0.7000487,0.008325876443360055,4.3
2082.003267509701,0.8453444,0.008272805166820729,4.3
2083.00326907911,0.6641778,0.007676932318235637,4.3
2084.003270648519,0.7378476,0.005542599917914191,7.2
2085.003272217928,0.5263829,0.0052076020870013996,1.6
2086.0032737873375,0.6330774,0.004976754630063946,1.6
2087.0032753567466,0.60747916,0.004321302233872531,1.4000000000000001
2088.0032769261556,0.54573107,0.004084411731622278,7.5
2089.0032784955647,0.45177147,0.0034786229964266914,7.5
2090.0032800649738,0.72092223,0.003446161817782969,5.9
2091.003281634383,0.74099845,0.004172716349653366,2.8000000000000003
2092.003283203792,0.69872457,0.004797375857803883,2.5
2093.003284773201,0.6604892,0.005485768404553858,2.5
2094.00328634261,0.72471964,0.006078380521947941,2.4000000000000004
2095.003287912019,0.69844407,0.006181974822493436,2.4000000000000004
2096.003289481428,0.7325357,0.006371457728526435,4.6000000000000005
2097.003291050837,0.64349616,0.006581529262937214,2.4000000000000004
2098.003292620246,0.5571398,0.006719907176198637,2.4000000000000004
2099.003294189655,0.60878253,0.0066431123502630075,2.4000000000000004
2100.0032957590643,0.73153716,0.006585063640225801,2.4000000000000004
2101.0032973284733,0.62678593,0.006153638355881878,2.2
2102.003298897883,0.41538626,0.005826552030275682,2.2
2103.003300467292,0.38023207,0.005246051280959778,3.3000000000000003
2104.003302036701,0.41056523,0.00456580320346677,4.5
2105.00330360611,0.36136433,0.004744919018463137,3.2
2106.003305175519,0.42756173,0.005584161906101735,7.6000000000000005
2107.003306744928,0.44311836,0.005653231177746817,7.6000000000000005
2108.003308314337,0.60965407,0.06026281902946863,1.2000000000000002
2109.003309883746,0.5945147,0.06036070218262504,1.2000000000000002
2110.003311453155,0.5664427,0.060344918166731196,1.3
2111.0033130225643,0.4695691,0.06033089808491713,1.2000000000000002
2112.0033145919733,0.27756813,0.06029573748636227,1.2000000000000002
2113.0033161613824,0.31518936,0.06027030768777133,1.2000000000000002
2114.0033177307914,0.39954633,0.060237972913799086,1.2000000000000002
2115.0033193002005,0.3768432,0.06016194314306684,1.2000000000000002
2116.0033208696095,0.35541776,0.06003651844717676,1.2000000000000002
2117.0033224390186,0.20697092,0.05996610302500207,1.1
2118.0033240084276,0.5484421,0.004387842501502244,7.0
2119.003325577837,0.36486194,0.0019732745252650625,4.6000000000000005
2120.003327147246,0.34435812,0.001898067247048939,7.300000000000001
2121.0033287166552,0.34528428,0.0016954068470864839,7.300000000000001
2122.0033302860643,0.33712968,0.001637846694189886,9.5
2123.0033318554733,0.34951645,0.0015387210182388126,9.5
2124.0033334248824,0.35042465,0.0015478662173036297,9.5
2125.0033349942914,0.35874003,0.001660614566293958,12.8
2126.0033365637005,0.26436287,0.0923781720737345,2.2
2127.0033381331095,0.34602755,0.09332708581825691,2.2
2128.0033397025186,0.23797993,0.09332437092077389,2.2
2129.0033412719276,0.14151153,0.09332084364069088,2.2
2130.0033428413367,0.20596552,0.09331544689830566,2.2
2131.0033444107457,0.27828595,0.09330870344513509,2.1
2132.003345980155,0.30439556,0.09329846167419549,2.1
2133.003347549564,0.3007958,0.09329030277504821,2.1
2134.003349118973,0.5095344,0.09328715907611629,2.1
2135.0033506883824,0.30515277,0.09327978759846678,2.1
2136.0033522577914,0.4040682,0.013987241399360448,6.4
2137.0033538272005,0.58167034,0.004177727320138509,15.0
2138.0033553966095,0.45460048,0.004164035732319235,15.0
2139.0033569660186,0.4476694,0.004156823331018115,14.9
2140.0033585354277,0.25713247,0.009177607099325727,14.9
2141.0033601048367,0.47080818,0.011617870486488654,9.4
2142.0033616742458,0.5423043,0.0117913066266989,9.4
2143.003363243655,0.29140472,0.06891934851075794,1.6
2144.003364813064,0.4304973,0.06898630225235534,1.6
2145.003366382473,0.44703302,0.0690107515984885,1.6
2146.003367951882,0.55348694,0.06906396895990624,1.6
2147.003369521291,0.46382946,0.06903503570912162,1.6
2148.0033710907,0.47865877,0.06905312765416384,1.6
2149.003372660109,0.4546038,0.0690517415798993,1.6
2150.003374229518,0.44066197,0.06856152369011571,1.6
2151.003375798927,0.47918022,0.0681967205694038,1.5
2152.0033773683367,0.2641611,0.06823449030337976,1.5
2153.0033789377458,0.4625391,0.005804642669111792,2.4000000000000004
2154.003380507155,0.6718663,0.0053223370377232515,2.4000000000000004
2155.003382076564,0.6998862,0.0054183223625260376,2.4000000000000004
2156.003383645973,0.8607402,0.005292180026453109,2.4000000000000004
2157.003385215382,0.8305865,0.006793466022782018,1.2000000000000002
2158.003386784791,0.83064145,0.008467197447415156,1.2000000000000002
2159.0033883542,0.8504378,0.008709506781491636,1.4000000000000001
2160.003389923609,0.831683,0.008834784109547892,1.4000000000000001
2161.003391493018,0.82585394,0.009377442635341618,2.4000000000000004
2162.003393062427,0.7615103,0.009333582374600862,2.8000000000000003
2163.0033946318363,0.7287109,0.009259513902624103,2.8000000000000003
2164.0033962012453,0.636108,0.009115557008893514,3.2
2165.0033977706544,0.8276601,0.009177086981127146,3.2
2166.0033993400634,0.8769007,0.009155247192003167,3.2
2167.0034009094725,0.8890887,0.008105550812816161,3.2
2168.003402478882,0.9221808,0.006445459372901539,6.0
2169.003404048291,0.91052365,0.006184529490244385,6.2
2170.0034056177,0.9279682,0.006119643333458946,6.1000000000000005
2171.003407187109,0.94901884,0.005789339130928723,5.5
2172.003408756518,0.94765854,0.005333762236203419,3.4000000000000004
2173.0034103259272,0.90458506,0.005093693847987455,5.5
2174.0034118953363,0.8927212,0.004975879986984615,5.5
2175.0034134647453,0.8872673,0.004602113884038853,5.5
2176.0034150341544,0.83007085,0.004438766932957374,5.5
2177.0034166035634,0.82917994,0.004437547985960362,3.6
2178.0034181729725,0.88431925,0.004186510433649266,3.6
2179.0034197423815,0.84044033,0.004139462204268755,3.6
2180.0034213117906,0.81208205,0.003975916545632323,3.6
2181.0034228811996,0.7638221,0.0031087545887797255,3.6
2182.0034244506087,0.6543515,0.0029000870175603767,8.700000000000001
2183.0034260200177,0.4087411,0.002717637400418565,3.9000000000000004
2184.0034275894272,0.5776232,0.002598037930134993,3.7
2185.0034291588363,0.6208893,0.002525180635778893,3.7
2186.0034307282453,0.7716089,0.010566335510014332,0.1
2187.0034322976544,0.6244255,0.057339262839619744,1.6
2188.0034338670634,0.5723098,0.057359427309805644,1.4000000000000001
2189.0034354364725,0.67779744,0.05736989347631469,1.6
2190.0034370058816,0.4473943,0.0573770314995552,1.4000000000000001
2191.0034385752906,0.28303522,0.05740585831619143,1.6
2192.0034401446997,0.25479114,0.0574048139094106,1.6
2193.0034417141087,0.34337655,0.05804181314584885,1.6
2194.0034432835178,0.4689425,0.058203657704198004,1.6
2195.003444852927,0.42321843,0.05819190089487604,1.6
2196.003446422336,0.2696491,0.05710096012110711,1.9000000000000001
2197.003447991745,0.33769244,0.01064246951006382,10.5
2198.003449561154,0.37382856,0.010732085012302068,10.5
2199.003451130563,0.4942196,0.010772111614239114,10.5
2200.003452699972,0.5434729,0.010775598657326838,10.5
2201.0034542693816,0.50101745,0.01057835910146282,13.4
2202.0034558387906,0.2353513,0.01057787968177134,13.4
2203.0034574081997,0.3655303,0.006121638643224833,0.7000000000000001
2204.0034589776087,0.5590236,0.013611596540137327,6.2
2205.0034605470178,0.48823044,0.01714706116488998,4.3
2206.003462116427,0.47134405,0.020275626515191148,4.1000000000000005
2207.003463685836,0.20553103,0.021352181370668886,4.1000000000000005
2208.003465255245,0.31538796,0.02145917023773359,2.0
2209.003466824654,0.41169092,0.02272056141413969,5.7
2210.003468394063,0.3387064,0.022753419277473087,5.7
2211.003469963472,0.40786076,0.022920841343437446,5.7
2212.003471532881,0.38477612,0.023011252459073046,5.7
2213.00347310229,0.4800091,0.0230529981293793,5.7
2214.003474671699,0.4069831,0.01907016691906543,3.9000000000000004
2215.0034762411083,0.3752257,0.015926681432348797,4.800000000000001
2216.0034778105173,0.40314612,0.01152999068414371,3.8000000000000003
2217.003479379927,0.30347383,0.009367465586475604,5.9
2218.003480949336,0.68446386,0.008981833167499021,5.9
2219.003482518745,0.15982491,0.004866243327458062,14.9
2220.003484088154,0.16584092,0.004672333063152682,14.9
2221.003485657563,0.1547012,0.0037073247845406504,14.5
2222.003487226972,0.22730163,0.002769079524243594,14.5
2223.003488796381,0.18980563,0.002086513345655902,14.5
2224.00349036579,0.20404775,0.0018384271375570195,5.9
2225.0034919351992,0.20808792,0.0019039741909098317,14.5
2226.0034935046083,0.21308897,0.001845447728082551,11.3
2227.0034950740173,0.21531907,0.0018404104715729675,11.3
2228.0034966434264,0.21162347,0.0018245944199198009,11.100000000000001
2229.0034982128354,0.21210606,0.0018124387810007393,10.3
2230.0034997822445,0.20691131,0.0019920935881801026,12.4
2231.0035013516535,0.28737774,0.0025668393642699476,15.0
2232.0035029210626,0.19767407,0.0027441609764677207,15.0
2233.0035044904716,0.20597276,0.0031599582981945507,13.5
2234.003506059881,0.20329536,0.0034876465670066726,11.0
2235.00350762929,0.18503532,0.0034372260961245873,12.5
2236.0035091986992,0.18826562,0.0033272220379300995,12.5
2237.0035107681083,0.16932923,0.003452508920638728,11.0
2238.0035123375173,0.1978394,0.003492320423761919,12.5
2239.0035139069264,0.20431669,0.003507886735343657,12.5
2240.0035154763355,0.19194566,0.003397849517117678,14.700000000000001
2241.0035170457445,0.1804598,0.0030465945034084075,12.600000000000001
2242.0035186151536,0.19986245,0.002937892323520555,12.600000000000001
2243.0035201845626,0.21786888,0.002506366204417128,14.9
2244.0035217539717,0.2804873,0.0023099384774215386,12.200000000000001
2245.0035233233807,0.21957415,0.002728873371197892,14.8
2246.0035248927898,0.5894643,0.00520142090922914,8.1
2247.003526462199,0.55343235,0.01756626093089679,4.7
2248.003528031608,0.54784566,0.01772264277345275,4.7
2249.003529601017,0.5659223,0.01776559820665525,4.7
2250.0035311704264,0.42155486,0.01777201009487523,4.7
2251.0035327398355,0.56175756,0.01776218327547054,4.800000000000001
2252.0035343092445,0.57238805,0.017754149843258783,4.800000000000001
2253.0035358786536,0.59107405,0.017744707166332405,4.7
2254.0035374480626,0.558746,0.017725916756920486,4.7
2255.0035390174717,0.525718,0.017799092759684648,4.9
2256.0035405868807,0.46975073,0.01746114723169654,4.9
2257.0035421562898,0.43470964,0.004867465513692693,7.6000000000000005
2258.003543725699,0.31305918,0.0044549466287811396,14.200000000000001
2259.003545295108,0.42937016,0.004447223286532261,7.7
2260.003546864517,0.48729753,0.004830839430103229,7.7
2261.003548433926,0.49972874,0.004829320789249952,15.0
2262.003550003335,0.57490665,0.005107739464506152,14.0
2263.003551572744,0.4960909,0.005145839191337064,14.0
2264.003553142153,0.5158277,0.005436734862508323,14.0
2265.003554711562,0.6073791,0.00494090380397096,14.0
2266.003556280971,0.64257216,0.004243754388532395,14.0
2267.0035578503807,0.35189208,0.0046362921598209,15.0
2268.00355941979,0.581204,0.00451290940429962,15.0
2269.003560989199,0.41450188,0.004377056119888302,15.0
2270.003562558608,0.32159668,0.00393203981505257,15.0
2271.003564128017,0.33996448,0.004015177222635576,15.0
2272.003565697426,0.29786018,0.0040060165312791,13.8
2273.003567266835,0.37526697,0.005312281027649221,5.9
2274.003568836244,0.4367319,0.005235230095476048,5.9
2275.003570405653,0.49452612,0.011466531253798073,3.9000000000000004
2276.003571975062,0.29108003,0.013122380338592221,3.9000000000000004
2277.0035735444712,0.33583635,0.012991196076439643,3.9000000000000004
2278.0035751138803,0.3301126,0.01297939742219751,3.9000000000000004
2279.0035766832893,0.2908409,0.012968536663315164,3.9000000000000004
2280.0035782526984,0.3826926,0.012973921330190546,3.9000000000000004
2281.0035798221074,0.27426627,0.012986465950609986,4.0
2282.0035813915165,0.31978074,0.012912931723362862,4.0
2283.003582960926,0.46639085,0.012441363151427407,3.9000000000000004
2284.003584530335,0.33372912,0.01232600485972592,3.9000000000000004
2285.003586099744,0.41030926,0.006931785689256748,4.5
2286.003587669153,0.2302378,0.002679207759339635,9.700000000000001
2287.003589238562,0.18510708,0.003748078510923423,9.200000000000001
2288.0035908079712,0.20735553,0.005011643789036823,11.3
2289.0035923773803,0.22166872,0.005046794275586114,11.3
2290.0035939467894,0.28444144,0.005340702308227359,11.3
2291.0035955161984,0.27693447,0.005237749427673867,11.3
2292.0035970856075,0.27689192,0.00516534446544353,11.3
2293.0035986550165,0.22889644,0.0051812223635151165,13.5
2294.0036002244256,0.32207647,0.00520483646547128,11.3
2295.0036017938346,0.31307447,0.005183568990664369,13.5
2296.0036033632437,0.30771083,0.005160978882037457,13.5
2297.0036049326527,0.22960837,0.00430037700237079,13.5
2298.0036065020618,0.2467507,0.002737562653322089,14.3
2299.003608071471,0.25380513,0.0026628833766913444,14.3
2300.0036096408803,0.22395612,0.002105952351396899,14.600000000000001
2301.0036112102894,0.21931349,0.0025558458487792875,14.600000000000001
2302.0036127796984,0.23850979,0.0025522267028723826,14.600000000000001
2303.0036143491075,0.23982064,0.0026612275009748883,10.4
2304.0036159185165,0.25320727,0.002623871318813737,10.4
2305.0036174879256,0.23141839,0.0027268956303959212,10.4
2306.0036190573346,0.19637576,0.003384996457303252,10.4
2307.0036206267437,0.17600583,0.0036188478953416373,14.600000000000001
2308.0036221961527,0.18107568,0.003596041461920896,14.600000000000001
2309.0036237655618,0.19654785,0.0038487160938216252,14.4
2310.003625334971,0.19073138,0.0038786973052993483,14.4
2311.00362690438,0.22914593,0.0038602167494783323,14.700000000000001
2312.003628473789,0.19734877,0.0038997841593014972,14.700000000000001
2313.003630043198,0.17699665,0.0037870647883696683,14.700000000000001
2314.003631612607,0.21270533,0.0037840670183469935,14.700000000000001
2315.003633182016,0.19601248,0.003782725430788502,14.700000000000001
2316.0036347514256,0.20518327,0.003911936265595327,14.200000000000001
2317.0036363208346,0.18601128,0.003929934255760405,12.8
2318.0036378902437,0.18237944,0.003933727324469398,12.8
2319.0036394596527,0.18114005,0.0042098848036674205,9.200000000000001
2320.003641029062,0.20501526,0.004160189611983987,9.200000000000001
2321.003642598471,0.17333876,0.003913123548592634,12.8
2322.00364416788,0.17376365,0.0038897796016399986,13.4
2323.003645737289,0.17987129,0.003839733722564863,13.4
2324.003647306698,0.18315443,0.0038415924398146023,13.5
2325.003648876107,0.20058465,0.003783440232958173,14.5
2326.003650445516,0.20955545,0.0030624727589344857,14.5
2327.003652014925,0.22768451,0.002764629726351469,14.200000000000001
2328.003653584334,0.22265092,0.0027741363390332893,13.9
2329.0036551537432,0.25914514,0.0025186033750675203,12.600000000000001
2330.0036567231523,0.22144721,0.003081675011710881,12.5
2331.0036582925613,0.22277896,0.003258011139773832,12.4
2332.0036598619704,0.22532687,0.003250503470322561,12.4
2333.00366143138,0.21194386,0.0033702348052256303,12.4
2334.003663000789,0.22812006,0.003358647806360934,12.4
2335.003664570198,0.20497859,0.0033750422572214195,12.4
2336.003666139607,0.21799698,0.003382428293806037,12.4
2337.003667709016,0.23249818,0.0033610566251820527,12.4
2338.003669278425,0.23718831,0.0034079692656719886,12.4
2339.003670847834,0.26061508,0.0030034261536017828,12.4
2340.0036724172433,0.2770799,0.002438200193076137,11.100000000000001
2341.0036739866523,0.23836806,0.002215272122455845,15.0
2342.0036755560614,0.2220077,0.002435347980763198,11.3
2343.0036771254704,0.22845742,0.002422854074453777,11.9
2344.0036786948795,0.23432577,0.00247709451190461,11.9
2345.0036802642885,0.22914039,0.002514789188113378,11.9
2346.0036818336976,0.22088626,0.0024967052446766822,11.9
2347.0036834031066,0.18836063,0.0024910148206641384,11.9
2348.0036849725157,0.20618272,0.00242904484423714,14.200000000000001
2349.003686541925,0.20234549,0.002450090026221781,12.0
2350.003688111334,0.21604334,0.002365195460195409,12.0
2351.0036896807433,0.19139065,0.0025425158355888836,12.0
2352.0036912501523,0.22751981,0.002319356863529339,10.8
2353.0036928195614,0.22151515,0.002252979760589277,10.8
2354.0036943889704,0.22568662,0.0023282616944308846,12.9
2355.0036959583795,0.22505274,0.0022327018858829357,14.0
2356.0036975277885,0.20316619,0.0022580243532221594,12.8
2357.0036990971976,0.22587423,0.0022472981977234435,11.3
2358.0037006666066,0.21869594,0.0022244292803205155,11.3
2359.0037022360157,0.21202272,0.002165260444073918,12.8
2360.0037038054247,0.19816007,0.002150340679035964,11.3
2361.0037053748338,0.2086855,0.001919865947074277,11.5
2362.003706944243,0.19924988,0.001894353132466995,11.5
2363.003708513652,0.21022819,0.0019698251840131777,11.5
2364.003710083061,0.2077502,0.002008778386208675,13.600000000000001
2365.00371165247,0.2019496,0.002164574182963921,13.600000000000001
2366.0037132218795,0.20723309,0.002151734013340054,13.600000000000001
2367.0037147912885,0.22145183,0.0022954701482720075,13.600000000000001
2368.0037163606976,0.23493306,0.002784985547004553,13.700000000000001
2369.0037179301066,0.21693097,0.0028083045998661114,13.700000000000001
2370.0037194995157,0.2087647,0.0028942122440320005,13.700000000000001
2371.0037210689247,0.23121838,0.0033356950462424748,9.8
2372.003722638334,0.22838946,0.003393402380128252,13.700000000000001
2373.003724207743,0.22695331,0.00379641612272244,10.8
2374.003725777152,0.26153347,0.0036836043304247245,10.200000000000001
2375.003727346561,0.2443268,0.0035967920650886755,10.200000000000001
2376.00372891597,0.20352651,0.003568931966183799,10.8
2377.003730485379,0.19451973,0.0034772743386480287,10.200000000000001
2378.003732054788,0.20327173,0.003122486415937947,10.200000000000001
2379.003733624197,0.20095482,0.00313426696744284,10.200000000000001
2380.003735193606,0.20384058,0.0030508271590490134,10.3
2381.0037367630152,0.21309055,0.0025461794521292316,11.100000000000001
2382.0037383324247,0.21414089,0.002467417813792204,11.100000000000001
2383.003739901834,0.21849129,0.0015592201427250185,11.100000000000001
2384.003741471243,0.2165978,0.0016418867569426006,13.5
2385.003743040652,0.22645292,0.0020061129167060206,11.0
2386.003744610061,0.2312346,0.0020685413447718913,10.700000000000001
2387.00374617947,0.21960118,0.002130226966266426,10.700000000000001
2388.003747748879,0.21732207,0.0025346624237189263,14.9
2389.003749318288,0.22194542,0.0025523858247615224,14.8
2390.003750887697,0.22213249,0.0025636708180800227,10.700000000000001
2391.003752457106,0.21152642,0.0025919996510358036,14.8
2392.0037540265153,0.21500768,0.0025984451869519413,14.8
2393.0037555959243,0.2203662,0.002664045134037796,14.9
2394.0037571653334,0.22139493,0.002652665947682236,14.700000000000001
2395.0037587347424,0.21889076,0.002482704636706858,14.700000000000001
2396.0037603041515,0.22847022,0.0024849588099970913,14.9
2397.0037618735605,0.22217326,0.0026047954314793805,14.9
2398.0037634429696,0.35418344,0.062296083776605275,1.6
2399.003765012379,0.18723561,0.07257462737491771,1.6
2400.003766581788,0.21998145,0.07304339591916834,1.8
2401.003768151197,0.33288985,0.0730831093809723,1.8
2402.003769720606,0.3504382,0.07310335593340046,1.8
2403.0037712900153,0.3044426,0.07312308577432058,1.8
2404.0037728594243,0.40159371,0.07314171599978016,1.8
2405.0037744288334,0.41514474,0.07316029095713361,1.8
2406.0037759982424,0.47966725,0.07318785065224467,1.8
2407.0037775676515,0.5671285,0.07319915129545657,1.8
2408.0037791370605,0.6831722,0.03771652502735937,1.8
2409.0037807064696,0.66681874,0.009528260436562061,1.5
2410.0037822758786,0.48582247,0.005024103035960753,1.5
2411.0037838452877,0.59079695,0.0047019498021926825,1.5
2412.0037854146967,0.6047036,0.00467183659727973,1.5
2413.003786984106,0.57515395,0.004668440001906885,1.5
2414.003788553515,0.58574754,0.00462162722360869,1.5
2415.0037901229243,0.58444524,0.004606440555547235,1.5
2416.0037916923334,0.75315964,0.004345979019008677,1.6
2417.0037932617424,0.7486262,0.004251627214634547,3.6
2418.0037948311515,0.71731997,0.0034624028177583674,3.6
2419.0037964005605,0.6470714,0.0025517990443596926,3.5
2420.0037979699696,0.7622819,0.04317266070300925,0.2
2421.0037995393786,0.6493575,0.07537402017582236,1.5
2422.0038011087877,0.6655531,0.07664805784174483,1.4000000000000001
2423.0038026781967,0.6805445,0.0768530536398837,1.4000000000000001
2424.003804247606,0.413581,0.07685149161309524,1.4000000000000001
2425.003805817015,0.41381067,0.07683203249141578,1.4000000000000001
2426.003807386424,0.2538275,0.0768091416455107,1.4000000000000001
2427.003808955833,0.4758911,0.07678925587472846,1.4000000000000001
2428.003810525242,0.45563674,0.0767636367893182,1.4000000000000001
2429.003812094651,0.6179489,0.07677770820553315,1.4000000000000001
2430.00381366406,0.5500196,0.06199835887563191,0.6000000000000001
2431.003815233469,0.29956165,0.017013487447269625,8.6
2432.0038168028786,0.47452673,0.013846186267800516,4.1000000000000005
2433.0038183722877,0.60109717,0.012634644426543395,4.4
2434.0038199416967,0.6104657,0.012586327059340182,4.4
2435.003821511106,0.58098775,0.012581237194900048,4.4
2436.003823080515,0.5475205,0.012750306463395936,4.4
2437.003824649924,0.4888493,0.01281346515760977,4.4
2438.003826219333,0.43103188,0.012779949743403705,4.5
2439.003827788742,0.33350816,0.012484654702870333,4.5
2440.003829358151,0.23826873,0.012501175348907155,4.2
2441.00383092756,0.48872256,0.010362341744199893,4.5
2442.003832496969,0.2509045,0.06169027322403166,1.6
2443.003834066378,0.3315105,0.06394084886907452,1.3
2444.0038356357873,0.28413787,0.06395283831733217,1.4000000000000001
2445.0038372051963,0.298925,0.0639699589786749,1.4000000000000001
2446.0038387746054,0.19904149,0.0639440593387059,1.4000000000000001
2447.0038403440144,0.1904182,0.06392864628411182,1.4000000000000001
2448.003841913424,0.18615773,0.06393112075886948,1.4000000000000001
2449.003843482833,0.33478355,0.06394107603481541,1.3
2450.003845052242,0.2682364,0.06394008616947376,1.3
2451.003846621651,0.3081332,0.07841654394102816,1.2000000000000002
2452.00384819106,0.38893408,0.08374056381203307,2.6
2453.003849760469,0.5092679,0.08209035344738794,1.4000000000000001
2454.003851329878,0.31663027,0.08209634005928673,1.5
2455.0038528992873,0.2552947,0.08209048509923088,1.4000000000000001
2456.0038544686963,0.45236748,0.08212244392321066,1.5
2457.0038560381054,0.4301613,0.08210665887483322,1.5
2458.0038576075144,0.45580396,0.08209012563674707,1.5
2459.0038591769235,0.5477563,0.08211288548602483,1.5
2460.0038607463325,0.7059876,0.08308234916680618,1.5
2461.0038623157416,0.5033926,0.06895978188128145,2.6
2462.0038638851506,0.6321412,0.014603390700752549,3.3000000000000003
2463.0038654545597,0.4931999,0.01435903595743522,3.3000000000000003
2464.0038670239687,0.6133186,0.01437882198856798,3.3000000000000003
2465.0038685933782,0.5062601,0.014480822932144083,3.2
2466.0038701627873,0.54097706,0.014230534872967802,3.2
2467.0038717321963,0.5059647,0.014226580395140038,3.2
2468.0038733016054,0.49482152,0.014224188092565185,3.2
2469.0038748710144,0.39171448,0.013869648206959174,2.9000000000000004
2470.0038764404235,0.2883293,0.0055411570014787135,7.7
2471.0038780098325,0.3512773,0.005433277924212669,7.7
2472.0038795792416,0.33362022,0.0034646399245983465,11.8
2473.0038811486506,0.4208162,0.004761508577168858,9.3
2474.0038827180597,0.59301996,0.00464041158302844,14.600000000000001
2475.0038842874687,0.6867933,0.005057743567091071,14.3
2476.003885856878,0.6776315,0.009444985240973341,7.800000000000001
2477.003887426287,0.62536466,0.009611458470080832,10.8
2478.003888995696,0.47043753,0.009999198613289094,10.8
2479.003890565105,0.3614759,0.010019789018374805,10.8
2480.003892134514,0.4330488,0.010321310563127479,10.8
2481.0038937039235,0.49060345,0.01049780232318424,10.8
2482.0038952733325,0.37287778,0.010554282277876227,10.8
2483.0038968427416,0.43620878,0.010358003700338509,10.8
2484.0038984121506,0.3927005,0.010681912683948767,10.8
2485.0038999815597,0.28486502,0.010374216001127019,9.5
2486.0039015509687,0.3297066,0.006676695610495191,9.8
2487.003903120378,0.4610794,0.006875561206385464,10.9
2488.003904689787,0.4806347,0.006464874886238982,9.8
2489.003906259196,0.29293245,0.0064107675121996815,9.8
2490.003907828605,0.5373514,0.005810566317746196,10.9
2491.003909398014,0.5704678,0.0056229129007047155,13.9
2492.003910967423,0.46445978,0.005795117110763579,10.9
2493.003912536832,0.29178697,0.005169902948865767,13.4
2494.003914106241,0.5810185,0.00459659821219421,11.100000000000001
2495.00391567565,0.34344208,0.004860644287063791,11.3
2496.0039172450593,0.17260407,0.00492283100280183,13.0
2497.0039188144683,0.21746768,0.004334730629753102,12.9
2498.003920383878,0.21207534,0.0040983633962954616,13.0
2499.003921953287,0.26570195,0.004177558692263466,13.0
2500.003923522696,0.27766097,0.00437676005568884,13.0
2501.003925092105,0.2569091,0.004173356917617124,13.0
2502.003926661514,0.37700835,0.0038757462286339974,9.5
2503.003928230923,0.26303917,0.0040040674202123,12.700000000000001
2504.003929800332,0.1825765,0.004077974988144209,13.0
2505.003931369741,0.22034897,0.003904573731101766,13.600000000000001
2506.00393293915,0.18700461,0.003792327747372601,9.4
2507.0039345085593,0.19426146,0.003766605811405753,9.4
2508.0039360779683,0.16847345,0.00420103977296966,9.9
2509.0039376473774,0.19091576,0.004264232268285792,13.600000000000001
2510.0039392167864,0.19929358,0.004141515107258473,13.600000000000001
2511.0039407861955,0.26432678,0.004486575659747696,13.600000000000001
2512.0039423556045,0.2777582,0.004505090803718728,13.4
2513.0039439250136,0.33102635,0.004888265949279803,13.600000000000001
2514.003945494423,0.30720982,0.00480288601276617,14.5
2515.003947063832,0.31466746,0.004633239271068094,14.5
2516.003948633241,0.290881,0.004666751030938028,14.5
2517.0039502026502,0.33500907,0.004835207851201352,14.5
2518.0039517720593,0.29636198,0.004896483721810501,10.0
2519.0039533414683,0.31881362,0.005308279072804691,14.5
2520.0039549108774,0.29286313,0.005400599584152913,14.5
2521.0039564802864,0.28716224,0.005243740399287247,10.700000000000001
2522.0039580496955,0.24796149,0.0052371068124665915,10.700000000000001
2523.0039596191045,0.35341787,0.00767835752648365,4.4
2524.0039611885136,0.30145657,0.007666925429388951,4.800000000000001
2525.0039627579226,0.35991743,0.007794593901826916,4.800000000000001
2526.0039643273317,0.45202625,0.007899405407104789,4.800000000000001
2527.0039658967407,0.47767058,0.010622820679065482,5.2
2528.00396746615,0.38552654,0.015393559392349083,5.0
2529.003969035559,0.5150029,0.015384863137377813,5.0
2530.003970604968,0.47354507,0.01535053900974017,5.0
2531.0039721743774,0.56077063,0.015654264567819192,5.0
2532.0039737437864,0.47728047,0.07720061861953824,1.5
2533.0039753131955,0.3450076,0.07703720337779854,1.8
2534.0039768826045,0.25058255,0.07707054506520616,1.8
2535.0039784520136,0.35117725,0.07708855400302587,1.8
2536.0039800214226,0.34223184,0.07710100757808139,1.8
2537.0039815908317,0.27435628,0.07679132356330579,1.5
2538.0039831602408,0.31637013,0.075973559776516,1.7000000000000002
2539.00398472965,0.24637498,0.07595652583118054,1.7000000000000002
2540.003986299059,0.32469487,0.07596626248288094,1.7000000000000002
2541.003987868468,0.20892952,0.07592431919495368,1.7000000000000002
2542.003989437877,0.6675714,0.005446295983761171,2.5
2543.003991007286,0.78554374,0.004555845727750735,1.0
2544.003992576695,0.77497596,0.004294218600455491,3.9000000000000004
2545.003994146104,0.7738936,0.005123399285562865,2.7
2546.003995715513,0.79972816,0.005487155887730652,2.4000000000000004
2547.0039972849227,0.77102524,0.005778091588303793,2.4000000000000004
2548.0039988543317,0.8123582,0.006062587825013119,4.4
2549.0040004237408,0.8262309,0.006144146556663748,4.4
2550.00400199315,0.79630375,0.006183699226826897,7.5
2551.004003562559,0.5648336,0.0057269419260790886,3.3000000000000003
2552.004005131968,0.5298132,0.0062879982160063755,7.5
2553.004006701377,0.67488134,0.006439585948592,10.8
2554.004008270786,0.8155181,0.006460444826928174,10.8
2555.004009840195,0.5278392,0.0066528499977452655,3.6
2556.004011409604,0.6266022,0.007088229090408174,3.6
2557.004012979013,0.5477954,0.006975595662424666,12.5
2558.004014548422,0.5927058,0.007260879189245584,12.5
2559.0040161178313,0.394873,0.007857034034845592,3.6
2560.0040176872403,0.88948935,0.00802998800215981,3.6
2561.0040192566494,0.8192492,0.00812312564963439,3.6
2562.0040208260584,0.712316,0.0072576361337154,1.6
2563.0040223954675,0.6910424,0.007107239921021944,4.2
2564.004023964877,0.5044795,0.007066840552340759,4.2
2565.004025534286,0.6202029,0.00628323613215959,1.7000000000000002
2566.004027103695,0.33596843,0.005732809670334686,1.7000000000000002
2567.004028673104,0.49308026,0.005719890235063977,1.6
2568.004030242513,0.37204906,0.005043036377741281,1.5
2569.0040318119222,0.40189353,0.003916713816866427,3.1
2570.0040333813313,0.3876924,0.0034503992776754766,3.1
2571.0040349507403,0.31660575,0.003531247827549164,3.2
2572.0040365201494,0.41560936,0.0037756064529627167,3.2
2573.0040380895584,0.49163875,0.004938000181714203,3.0
2574.0040396589675,0.37969404,0.0049533053933312485,3.0
2575.0040412283765,0.2904541,0.004981426352427611,3.0
2576.0040427977856,0.2833412,0.004839241003805512,11.200000000000001
2577.0040443671946,0.39130762,0.0047437482227889955,3.0
2578.0040459366037,0.3900723,0.004743583050743535,3.0
2579.0040475060127,0.45327955,0.004742732369959287,3.0
2580.0040490754222,0.3394871,0.004972584694123909,3.0
2581.0040506448313,0.35170814,0.005192590257188562,3.0
2582.0040522142403,0.27853775,0.0049658197970197425,3.0
2583.0040537836494,0.27338433,0.0038344413873082303,3.0
2584.0040553530584,0.28519824,0.003971904250493644,3.0
2585.0040569224675,0.3745329,0.004392540641959765,3.0
2586.0040584918765,0.3209782,0.0044672343545796855,3.0
2587.0040600612856,0.41749984,0.004876674595612838,3.4000000000000004
2588.0040616306947,0.791315,0.005537397222427417,1.7000000000000002
2589.0040632001037,0.71183974,0.005656109086120335,1.7000000000000002
2590.0040647695128,0.79079264,0.0056199124162560595,1.7000000000000002
2591.004066338922,0.7774145,0.005213858304170251,1.8
2592.004067908331,0.73778266,0.0054441409760591164,5.4
2593.00406947774,0.75438845,0.005478858834377542,1.8
2594.004071047149,0.77359444,0.005425155283781027,1.8
2595.004072616558,0.61280096,0.005231044598179934,1.8
2596.004074185967,0.7610178,0.0062808793385271885,2.9000000000000004
2597.0040757553766,0.79844946,0.0062785542693401765,2.0
2598.0040773247856,0.8260491,0.006069986587745561,3.2
2599.0040788941947,0.69551146,0.006043165457586975,3.2
2600.0040804636037,0.6697989,0.005915588370204298,3.3000000000000003
2601.0040820330128,0.60888255,0.005936283771702119,3.3000000000000003
2602.004083602422,0.67706335,0.005776871899673224,2.2
2603.004085171831,0.71882325,0.005712581192582572,3.2
2604.00408674124,0.6857106,0.005816687648037067,3.2
2605.004088310649,0.58444905,0.005771496841053203,2.2
2606.004089880058,0.60666335,0.004369212641016357,3.4000000000000004
2607.004091449467,0.6543142,0.003852501290682656,2.9000000000000004
2608.004093018876,0.5496054,0.0032469316739188775,2.9000000000000004
2609.004094588285,0.734065,0.003160595652139751,2.3000000000000003
2610.004096157694,0.5852032,0.0032354063963982893,2.3000000000000003
2611.0040977271033,0.6204492,0.003592661942914773,2.4000000000000004
2612.0040992965123,0.24672514,0.003796772839660348,2.1
2613.004100865922,0.3096754,0.003818221453183693,2.1
2614.004102435331,0.19843456,0.003726102669469345,2.1
2615.00410400474,0.17823867,0.0036898711030394615,2.1
2616.004105574149,0.17786267,0.003932773211537448,2.1
2617.004107143558,0.4051076,0.004071780880388943,2.2
2618.004108712967,0.74053186,0.004703901438112153,2.2
2619.004110282376,0.66079557,0.005233388442344436,2.2
2620.004111851785,0.721559,0.0060905454941435205,2.2
2621.0041134211942,0.7497366,0.006404740719505969,2.2
2622.0041149906033,0.69338405,0.006268899638755249,2.2
2623.0041165600123,0.64235365,0.0062291416917968495,2.2
2624.0041181294214,0.67169535,0.006209238023485585,2.3000000000000003
2625.0041196988304,0.60564613,0.006162590688699566,2.3000000000000003
2626.0041212682395,0.56816643,0.005998511182545088,2.3000000000000003
2627.0041228376485,0.568897,0.005899781131188271,2.3000000000000003
2628.0041244070576,0.40689462,0.005539594251195699,2.3000000000000003
2629.0041259764666,0.35465991,0.005076087900713706,2.3000000000000003
2630.004127545876,0.4491713,0.0039519657592926,3.0
2631.004129115285,0.494687,0.003009799427379302,3.4000000000000004
2632.0041306846942,0.47661054,0.0029206345135610054,7.2
2633.0041322541033,0.51879627,0.0029373919087831474,3.4000000000000004
2634.0041338235123,0.5375558,0.002768445958284937,3.4000000000000004
2635.0041353929214,0.8456439,0.0027487742740818113,9.4
2636.0041369623304,0.7837141,0.0026962592610615664,9.4
2637.0041385317395,0.64640087,0.0026773839689152403,5.9
2638.0041401011486,0.7469082,0.002413444075555655,5.9
2639.0041416705576,0.5839381,0.0023872162557821977,5.9
2640.0041432399667,0.6615926,0.0024181212685680715,8.9
2641.0041448093757,0.5220393,0.0023878017053620497,2.7
2642.0041463787848,0.81900555,0.0029603886035055606,7.5
2643.004147948194,0.77931696,0.0031653364768096685,7.1000000000000005
2644.004149517603,0.636308,0.003254278739396917,2.7
2645.004151087012,0.5705214,0.003366838465345945,3.0
2646.0041526564214,0.42648447,0.004213094142068475,7.4
2647.0041542258305,0.63565683,0.005141060878440667,2.4000000000000004
2648.0041557952395,0.5762327,0.005345239086663228,2.4000000000000004
2649.0041573646486,0.5525631,0.005370065494523936,2.4000000000000004
2650.0041589340576,0.54616654,0.005801200708521176,2.5
2651.0041605034667,0.6297211,0.00820492991545061,2.2
2652.0041620728757,0.730823,0.008335406531870513,2.2
2653.0041636422848,0.7691995,0.008448383220800292,2.2
2654.004165211694,0.8902791,0.009211547090851648,2.2
2655.004166781103,0.85975665,0.00984026086286679,2.2
2656.004168350512,0.7793526,0.010763379528146832,2.2
2657.004169919921,0.72358686,0.012612199349091687,3.1
2658.00417148933,0.6870048,0.015693388610601912,3.1
2659.004173058739,0.82763785,0.019315172920255363,3.0
2660.004174628148,0.79245067,0.019534377515111317,3.0
2661.004176197557,0.83505726,0.019304090178983616,3.1
2662.0041777669667,0.84612393,0.019516883826277334,3.0
2663.0041793363757,0.76177466,0.01956354468066112,3.0
2664.004180905785,0.7114993,0.019247219937521154,4.3
2665.004182475194,0.70344585,0.01894976796364522,4.3
2666.004184044603,0.36608347,0.018649916950720456,3.4000000000000004
2667.004185614012,0.45679754,0.017344735871353285,3.4000000000000004
2668.004187183421,0.48212117,0.014619843549177412,1.8
2669.00418875283,0.43119076,0.009310982352432839,2.5
2670.004190322239,0.41868868,0.009386817306517178,3.4000000000000004
2671.004191891648,0.6262361,0.008209021966657718,2.9000000000000004
2672.004193461057,0.60154855,0.00742520913544696,2.6
2673.0041950304662,0.6805655,0.007223105832856174,2.6
2674.0041965998753,0.77664524,0.007240153568699001,2.6
2675.0041981692843,0.6574255,0.007186770715143579,2.6
2676.0041997386934,0.6179913,0.006240184430592897,2.6
2677.0042013081024,0.7291757,0.005831518141621231,4.1000000000000005
2678.0042028775115,0.76238155,0.005817129246419163,2.7
2679.004204446921,0.65248376,0.005666083845672112,2.7
2680.00420601633,0.4751349,0.004019976251121446,3.2
2681.004207585739,0.69360775,0.004056896438286098,1.6
2682.004209155148,0.658676,0.0038679106296754754,1.9000000000000001
2683.004210724557,0.82249004,0.0036818776022353823,1.9000000000000001
2684.0042122939662,0.79738086,0.003692032139766156,2.0
2685.0042138633753,0.7991521,0.003978679859264202,0.1
2686.0042154327843,0.8506975,0.0046093473131975995,2.6
2687.0042170021934,0.7598432,0.004664031580590833,2.6
2688.0042185716025,0.8376514,0.004638502883648362,2.0
2689.0042201410115,0.86702436,0.004629934119353826,2.2
2690.0042217104206,0.8447257,0.004573757165475769,2.2
2691.0042232798296,0.7585088,0.004107197711710101,2.5
2692.0042248492387,0.7532548,0.004300217320123021,2.6
2693.0042264186477,0.4383967,0.004237977948163197,2.4000000000000004
2694.0042279880568,0.42920393,0.0047161375358576105,2.6
2695.0042295574663,0.43894798,0.004640774933850471,2.6
2696.0042311268753,0.6265536,0.004249684124882835,1.4000000000000001
2697.0042326962844,0.6581148,0.004260101945236539,1.4000000000000001
2698.0042342656934,0.73781574,0.0043336280198033005,2.6
2699.0042358351025,0.47302946,0.004293034264324796,3.1
2700.0042374045115,0.4884456,0.0044395931671614005,3.1
2701.0042389739206,0.41177106,0.00442607251216687,3.1
2702.0042405433296,0.60589105,0.004221346122615385,1.6
2703.0042421127387,0.32466125,0.004419297293032425,1.6
2704.0042436821477,0.30970412,0.004000050523217037,1.6
2705.0042452515568,0.28877884,0.004001889438722612,1.6
2706.004246820966,0.31045285,0.004233784473325406,2.9000000000000004
2707.004248390375,0.30602682,0.004692279500958336,2.9000000000000004
2708.004249959784,0.76851994,0.0048840962304348805,2.9000000000000004
2709.004251529193,0.7016309,0.005078538408431866,2.9000000000000004
2710.004253098602,0.7447556,0.005329611569756076,2.9000000000000004
2711.004254668011,0.7857624,0.00581638381811324,3.6
2712.0042562374206,0.7818707,0.005848648727826741,3.6
2713.0042578068296,0.7765428,0.005781875322216418,3.6
2714.0042593762387,0.7645268,0.0060111253678489796,3.6
2715.0042609456477,0.7777009,0.006458577087625866,3.6
2716.004262515057,0.8581486,0.006330954390375964,3.3000000000000003
2717.004264084466,0.7799798,0.006030381880980788,3.3000000000000003
2718.004265653875,0.82464164,0.06218056748139299,3.3000000000000003
2719.004267223284,0.7155547,0.07293469197657061,1.8
2720.004268792693,0.623358,0.07292738637834893,1.8
2721.004270362102,0.6334757,0.07308294005337987,1.7000000000000002
2722.004271931511,0.74684864,0.07439636570440496,1.7000000000000002
2723.00427350092,0.8067434,0.07453020501985361,1.7000000000000002
2724.004275070329,0.76292455,0.07448597611274796,1.7000000000000002
2725.0042766397382,0.70298094,0.077270644375071,1.7000000000000002
2726.0042782091473,0.8055189,0.07831458644900895,2.0
2727.0042797785563,0.78749645,0.07904057526206758,2.0
2728.004281347966,0.6711077,0.04905374282336394,2.0
2729.004282917375,0.66477656,0.03250679016418762,4.1000000000000005
2730.004284486784,0.4665529,0.032884522495069096,4.1000000000000005
2731.004286056193,0.43413433,0.032681941096010206,4.1000000000000005
2732.004287625602,0.44593143,0.029982010807882795,4.1000000000000005
2733.004289195011,0.6141659,0.03018156487155066,4.2
2734.00429076442,0.58488137,0.03047163978424755,4.2
2735.004292333829,0.42928797,0.022361878529686754,4.2
2736.0042939032382,0.33234313,0.019171129799002352,4.6000000000000005
2737.0042954726473,0.5112145,0.016342003266249395,4.9
2738.0042970420564,0.49826685,0.018125772905702046,5.2
2739.0042986114654,0.48294002,0.017428645294308008,6.1000000000000005
2740.0043001808745,0.451115,0.01674725830155292,6.1000000000000005
2741.0043017502835,0.5790156,0.029525385645223043,2.2
2742.0043033196926,0.6424111,0.03704014282887384,2.2
2743.0043048891016,0.62137926,0.03716394726887153,2.2
2744.0043064585107,0.57342726,0.03909752955390948,1.3
2745.00430802792,0.6638798,0.03906800520403363,1.3
2746.004309597329,0.43089184,0.060532756480088865,2.4000000000000004
2747.0043111667383,0.48267323,0.06419989455715319,2.4000000000000004
2748.0043127361473,0.32776368,0.06471624052746255,2.4000000000000004
2749.0043143055564,0.3854982,0.07245520192041084,2.4000000000000004
2750.0043158749654,0.4878137,0.07251576948649183,2.4000000000000004
2751.0043174443745,0.58606416,0.06820247910258188,2.4000000000000004
2752.0043190137835,0.69312274,0.06435621914062868,2.4000000000000004
2753.0043205831926,0.6807745,0.06402119769038253,2.4000000000000004
2754.0043221526016,0.56492746,0.06272912252787242,2.4000000000000004
2755.0043237220107,0.32832828,0.06272038065075296,2.4000000000000004
2756.0043252914197,0.4998709,0.04208161986397331,5.800000000000001
2757.0043268608288,0.51209295,0.035837396659916185,5.9
2758.004328430238,0.50772834,0.0598045847687982,2.4000000000000004
2759.004329999647,0.53788847,0.14161112742036744,1.1
2760.004331569056,0.17337173,0.14715102116869408,1.0
2761.0043331384654,0.119024634,0.1489832297325061,1.2000000000000002
2762.0043347078745,0.30590028,0.15072696202928748,1.1
2763.0043362772835,0.451578,0.15171100564341952,1.1
2764.0043378466926,0.66903114,0.16710834602162825,1.1
2765.0043394161016,0.38109663,0.16978069178562907,1.1
2766.0043409855107,0.42369813,0.174560760181563,1.1
2767.0043425549197,0.32881358,0.17716927599483678,1.3
2768.004344124329,0.5639726,0.17234137988440182,1.3
2769.004345693738,0.5222394,0.11716805876342079,1.3
2770.004347263147,0.581498,0.11765019976979067,1.3
2771.004348832556,0.35555708,0.11757613446512513,1.3
2772.004350401965,0.25515866,0.12355402980270937,1.3
2773.004351971374,0.13013415,0.1270480221296774,1.3
2774.004353540783,0.01723906,0.12280653332525836,1.3
2775.004355110192,0.059350897,0.12175076408789402,1.3
2776.004356679601,0.12886716,0.12123580137172062,1.3
2777.0043582490102,0.45226893,0.12262824749654752,1.3
2778.0043598184197,0.4543969,0.13350510531270682,1.3
2779.004361387829,0.2807343,0.14598511927984623,1.3
2780.004362957238,0.33796477,0.1427789657397863,1.3
2781.004364526647,0.2349968,0.14158084203286703,1.3
2782.004366096056,0.3597102,0.13966874583441014,6.0
2783.004367665465,0.18687983,0.17299068884195667,3.7
2784.004369234874,0.25822163,0.17589888942678072,3.7
2785.004370804283,0.64120257,0.17488141370765023,3.5
2786.004372373692,0.9044485,0.1715563404377209,3.5
2787.004373943101,0.87452435,0.16866469736357179,3.5
2788.0043755125103,0.89875096,0.17306567009749246,1.4000000000000001
2789.0043770819193,0.8320011,0.18074748465844456,1.4000000000000001
2790.0043786513284,0.8590783,0.19450212403633135,1.6
2791.0043802207374,0.77301186,0.19402292293804335,1.6
2792.0043817901465,0.56290865,0.19002327275113348,1.6
2793.0043833595555,0.1866416,0.15456419412357666,1.5
2794.004384928965,0.1584462,0.1364616729468972,1.6
2795.004386498374,0.14017193,0.13605560720376256,1.6
2796.004388067783,0.23514134,0.1362261620788413,1.6
2797.004389637192,0.2569985,0.1362998018193833,1.6
2798.004391206601,0.1662397,0.11321000729639473,1.6
2799.0043927760103,0.14582847,0.08073293523861728,0.7000000000000001
2800.0043943454193,0.12505777,0.009581278182339158,3.1
2801.0043959148284,0.16246179,0.009822687133743993,5.1000000000000005
2802.0043974842374,0.16864432,0.009793024682818202,6.800000000000001
2803.0043990536465,0.18358713,0.009801495240800718,5.1000000000000005
2804.0044006230555,0.16235429,0.009783712502914202,5.1000000000000005
2805.0044021924646,0.107005924,0.009790619458164016,5.1000000000000005
2806.0044037618736,0.21705095,0.007699383960756396,6.800000000000001
2807.0044053312827,0.2262971,0.005984130860443633,7.4
2808.0044069006917,0.17476085,0.005616088864203076,5.0
2809.0044084701008,0.14348792,0.005532014733621393,5.0
2810.00441003951,0.20273022,0.005423741672937368,6.6000000000000005
2811.0044116089193,0.18764175,0.0045916093968361976,7.300000000000001
2812.0044131783284,0.2801098,0.015639229048027684,2.6
2813.0044147477374,0.34919238,0.032153867241195074,2.6
2814.0044163171465,0.38196346,0.03494443963734518,2.6
2815.0044178865555,0.2643866,0.03518773635922901,2.6
2816.0044194559646,0.4088169,0.03646701364652218,2.5
2817.0044210253736,0.529194,0.03659572441808232,2.5
2818.0044225947827,0.3445095,0.03789634294862586,2.5
2819.0044241641917,0.5937806,0.03893820439062267,4.5
2820.004425733601,0.37917668,0.061531741167810274,2.6
2821.00442730301,0.76106435,0.06759027872957782,1.6
2822.004428872419,0.61859477,0.07171493372536755,2.7
2823.004430441828,0.669254,0.07310907446732925,2.1
2824.004432011237,0.56422555,0.07548101895365235,2.2
2825.004433580646,0.4511967,0.07779684024853373,2.2
2826.004435150055,0.14443795,0.08109799541080659,2.2
2827.0044367194646,0.13165654,0.08458495112823644,2.2
2828.0044382888736,0.077702306,0.0847749081081342,2.2
2829.0044398582827,0.21626449,0.08479222326077725,2.2
2830.0044414276917,0.5502827,0.07088233983331485,6.300000000000001
2831.004442997101,0.46930137,0.07057496193968253,3.6
2832.00444456651,0.45950812,0.06621514709512545,6.2
2833.004446135919,0.59537625,0.060840618413716525,4.2
2834.004447705328,0.47888517,0.058344639627672196,4.2
2835.004449274737,0.058309473,0.0586749409847581,3.5
2836.004450844146,0.056514516,0.05749992935204064,3.5
2837.004452413555,0.01063867,0.05494339624769779,3.5
2838.004453982964,0.045724336,0.055901782218237654,4.2
2839.004455552373,0.036831327,0.05558219928806524,10.8
2840.0044571217823,0.025218502,0.055073749597004375,2.6
2841.0044586911913,0.018626748,0.04905376425478038,4.9
2842.0044602606004,0.037593704,0.050522452432623294,2.8000000000000003
2843.0044618300094,0.09609857,0.051305443013823476,8.1
2844.004463399419,0.024248796,0.05018989774839796,3.0
2845.004464968828,0.08066026,0.04649906282299425,9.9
2846.004466538237,0.029305056,0.04234303345902828,8.200000000000001
2847.004468107646,0.023231372,0.041372789901550265,8.0
2848.004469677055,0.015955102,0.03893035134614715,5.1000000000000005
2849.004471246464,0.03754266,0.040281021510381425,8.0
2850.004472815873,0.06440453,0.04335674500248052,7.9
2851.0044743852823,0.026007352,0.045790987467460256,3.6
2852.0044759546913,0.012804904,0.04434326383416162,3.6
2853.0044775241004,0.009042445,0.042118494359968235,3.6
2854.0044790935094,0.030464834,0.05040695929458268,3.0
2855.0044806629185,0.040033944,0.05129199865449346,3.0
2856.0044822323275,0.09612587,0.052111138056717334,3.0
2857.0044838017366,0.4415047,0.06522140818293341,2.4000000000000004
2858.0044853711456,0.33653247,0.07129385171163918,2.4000000000000004
2859.0044869405547,0.36785036,0.07056528713237067,2.4000000000000004
2860.004488509964,0.20390812,0.06905303045055429,2.4000000000000004
2861.004490079373,0.77756834,0.06717807655490375,2.4000000000000004
2862.0044916487823,0.66338307,0.06542584660842714,2.4000000000000004
2863.0044932181913,0.6427704,0.06417106916981355,2.4000000000000004
2864.0044947876004,0.6279422,0.05740626175248593,2.4000000000000004
2865.0044963570094,0.689403,0.05615705448661403,2.4000000000000004
2866.0044979264185,0.7101432,0.054391345724350136,2.4000000000000004
2867.0044994958275,0.5699027,0.03498494017071463,3.6
2868.0045010652366,0.2951135,0.019192631462660738,3.6
2869.0045026346456,0.29590905,0.01787339932843791,3.6
2870.0045042040547,0.30700788,0.015285146629000285,1.3
2871.0045057734637,0.5354923,0.012681606631538606,1.4000000000000001
2872.004507342873,0.46242222,0.012801616663026035,1.4000000000000001
2873.004508912282,0.5779722,0.012765266113147067,2.0
2874.004510481691,0.44624647,0.00905669278164644,3.2
2875.0045120511,0.5285697,0.009943787690626954,2.4000000000000004
2876.004513620509,0.40732807,0.012843766419903885,6.4
2877.0045151899185,0.57324475,0.015510498855171199,6.4
2878.0045167593275,0.44538626,0.01549140952493726,5.0
2879.0045183287366,0.6120686,0.01543111273803069,4.9
2880.0045198981456,0.46931678,0.015431311914606288,5.0
2881.0045214675547,0.4545583,0.015108606647320583,5.0
2882.0045230369637,0.4861842,0.014839159416471431,5.0
2883.004524606373,0.4385791,0.014762709356297832,5.0
2884.004526175782,0.35202193,0.014661824886769858,5.0
2885.004527745191,0.3544949,0.013847197893609975,5.0
2886.0045293146,0.35972902,0.009999522385453211,6.9
2887.004530884009,0.19082776,0.0037544334487694155,9.0
2888.004532453418,0.1842977,0.004155713666473392,14.100000000000001
2889.004534022827,0.17164686,0.004289013696453713,14.100000000000001
2890.004535592236,0.18013121,0.004288870141187171,14.100000000000001
2891.004537161645,0.37190142,0.0173800170390408,6.1000000000000005
2892.0045387310543,0.36888042,0.017636404943775667,5.800000000000001
2893.0045403004638,0.3871607,0.01773002885715175,5.800000000000001
2894.004541869873,0.43380687,0.017781097922685927,5.800000000000001
2895.004543439282,0.44554034,0.017841820780059824,5.800000000000001
2896.004545008691,0.43455443,0.017938200996626293,6.1000000000000005
2897.0045465781,0.46340123,0.017870267153867105,5.9
2898.004548147509,0.526161,0.018494433602085397,5.9
2899.004549716918,0.5290998,0.018548450727543964,5.9
2900.004551286327,0.45414725,0.019365227166474902,5.9
2901.004552855736,0.43321967,0.017407439032527436,8.1
2902.004554425145,0.3397995,0.01732495782429187,8.1
2903.0045559945543,0.43315148,0.017305001728158093,8.1
2904.0045575639633,0.3760071,0.017304755531841777,8.1
2905.0045591333724,0.40383208,0.01724975756483554,8.1
2906.0045607027814,0.4268268,0.017177001759473357,7.800000000000001
2907.0045622721905,0.41653815,0.01716768167046331,7.800000000000001
2908.0045638415995,0.5673299,0.016256491842883185,7.9
2909.0045654110086,0.6326614,0.016170413466434466,8.0
2910.004566980418,0.5356874,0.01514869599306277,7.5
2911.004568549827,0.18744294,0.0042179721096865155,4.800000000000001
2912.004570119236,0.22807933,0.003714034900865183,9.9
2913.0045716886452,0.2061789,0.003266766306903883,9.9
2914.0045732580543,0.21966533,0.002943473625253736,9.9
2915.0045748274633,0.18330762,0.002858232650952578,9.9
2916.0045763968724,0.19339758,0.0027172532997022363,9.9
2917.0045779662814,0.21240777,0.0026419413151859477,12.5
2918.0045795356905,0.21559381,0.07024552934914671,1.4000000000000001
2919.0045811050995,0.18419874,0.07548158689019818,1.5
2920.0045826745086,0.19365712,0.08463726846264578,1.4000000000000001
2921.0045842439176,0.08656957,0.08464977268902954,1.4000000000000001
2922.0045858133267,0.060482334,0.08466254619627762,1.4000000000000001
2923.0045873827357,0.0655319,0.08466426560917524,1.4000000000000001
2924.004588952145,0.088715166,0.08468631847370973,1.4000000000000001
2925.004590521554,0.076947235,0.08468964674652911,1.4000000000000001
2926.0045920909633,0.20440592,0.08468637297763217,1.4000000000000001
2927.0045936603724,0.05020846,0.08468427951806244,1.4000000000000001
2928.0045952297814,0.22316936,0.04750500659286177,0.4
2929.0045967991905,0.110113494,0.03867409445667165,14.100000000000001
2930.0045983685995,0.26107872,0.0038234736681209713,11.9
2931.0045999380086,0.2041687,0.0035734090596371464,12.5
2932.0046015074176,0.22674371,0.0034006188292607866,11.0
2933.0046030768267,0.2537806,0.00365049790191266,11.0
2934.0046046462357,0.22988033,0.004171959977067243,11.0
2935.004606215645,0.18873964,0.004347313682619194,11.0
2936.004607785054,0.18198484,0.004571664180492088,9.8
2937.004609354463,0.20739125,0.0047117607025486145,9.8
2938.004610923872,0.24312684,0.004808397107055524,11.100000000000001
2939.004612493281,0.22914383,0.004666316399327576,11.100000000000001
2940.00461406269,0.1766869,0.004585955893208061,11.100000000000001
2941.004615632099,0.18010655,0.005017585234331747,11.100000000000001
2942.004617201508,0.181656,0.004822802936744875,11.100000000000001
2943.0046187709177,0.23242758,0.004644891492330025,13.100000000000001
2944.0046203403267,0.1991026,0.003931135002499633,8.3
2945.0046219097358,0.1817966,0.0037050467234688135,11.0
2946.004623479145,0.18212439,0.00347153469335557,11.100000000000001
2947.004625048554,0.20147346,0.003361760042405761,8.3
2948.004626617963,0.21024032,0.0034222375622074337,12.100000000000001
2949.004628187372,0.20472717,0.004217132048214198,11.4
2950.004629756781,0.19485064,0.004774794800980581,11.4
2951.00463132619,0.2678684,0.004284830400657444,10.0
2952.004632895599,0.22955403,0.004406454266619431,13.4
2953.004634465008,0.22746924,0.004405256462578482,13.0
2954.004636034417,0.49097767,0.004674728727191328,12.0
2955.0046376038263,0.31259978,0.04383602100812098,2.4000000000000004
2956.0046391732353,0.48930073,0.06064309596068607,2.0
2957.0046407426444,0.31968907,0.06117564946891844,3.2
2958.0046423120534,0.30049518,0.061207206458877006,3.2
2959.004643881463,0.24736135,0.06118887782327568,3.2
2960.004645450872,0.23467913,0.06116703191877759,3.3000000000000003
2961.004647020281,0.2501095,0.06142631653990839,3.3000000000000003
2962.00464858969,0.34721506,0.06148986403261053,3.3000000000000003
2963.004650159099,0.40572837,0.06151287876379445,3.3000000000000003
2964.004651728508,0.2688792,0.061518978432033126,3.3000000000000003
2965.0046532979172,0.19434333,0.044639822256865164,1.3
2966.0046548673263,0.3261203,0.01743004285427114,2.0
2967.0046564367353,0.32405356,0.01609540098011576,2.0
2968.0046580061444,0.34917834,0.016485326433552595,2.0
2969.0046595755534,0.36888412,0.016769926066930813,2.0
2970.0046611449625,0.3395186,0.01794377623506606,1.4000000000000001
2971.0046627143715,0.4370778,0.017214356853368813,1.4000000000000001
2972.0046642837806,0.5608253,0.02068440428270264,1.2000000000000002
2973.0046658531896,0.65044284,0.021868899427811176,1.2000000000000002
2974.0046674225987,0.4710917,0.022125632192824478,1.2000000000000002
2975.0046689920077,0.5109937,0.01956671482630851,1.2000000000000002
2976.0046705614172,0.5293646,0.0174044613570115,1.4000000000000001
2977.0046721308263,0.56436974,0.016747845502246703,1.3
2978.0046737002353,0.43629414,0.01629766088068233,1.3
2979.0046752696444,0.54221433,0.016107016023972416,1.3
2980.0046768390534,0.4919255,0.014870015284639642,1.1
2981.0046784084625,0.41718024,0.01477297276784462,3.2
2982.0046799778715,0.05100745,0.010506181115272299,6.5
2983.0046815472806,0.54869,0.011011523612166058,2.4000000000000004
2984.0046831166896,0.5390174,0.010627590801918012,2.4000000000000004
2985.0046846860987,0.56958777,0.010598674423792715,2.4000000000000004
2986.0046862555077,0.47883803,0.010669331668928304,2.3000000000000003
2987.004687824917,0.45476165,0.010612271619881753,2.3000000000000003
2988.004689394326,0.4414385,0.010641355719102888,2.3000000000000003
2989.004690963735,0.40258306,0.010843872548900306,2.3000000000000003
2990.004692533144,0.41301036,0.011121242167098139,2.3000000000000003
2991.004694102553,0.39140296,0.011114883985773406,2.3000000000000003
2992.0046956719625,0.09030001,0.009647663169313607,2.3000000000000003
2993.0046972413716,0.29370493,0.005814779560923127,8.700000000000001
2994.0046988107806,0.17792656,0.00545976451748809,8.700000000000001
2995.0047003801897,0.104594775,0.0054878464596238045,5.1000000000000005
2996.0047019495987,0.11794809,0.005451656635572688,5.1000000000000005
2997.0047035190078,0.13003986,0.005475428685076468,5.1000000000000005
2998.004705088417,0.09149666,0.005396124289969804,5.1000000000000005
2999.004706657826,0.10084948,0.004597902044920273,5.5
3000.004708227235,0.35808364,0.005960402624589775,5.5
3001.004709796644,0.63399917,0.006915765585022873,2.4000000000000004
3002.004711366053,0.38319165,0.006978937547349789,2.2
3003.004712935462,0.3564309,0.006928426003963159,2.4000000000000004
3004.004714504871,0.29005504,0.0070096230615090405,2.4000000000000004
3005.00471607428,0.2625332,0.007013313870162832,2.5
3006.004717643689,0.26426145,0.0068762907567076845,2.4000000000000004
3007.0047192130983,0.44388598,0.006877793894502638,2.4000000000000004
3008.0047207825073,0.28687888,0.007094573715214614,2.4000000000000004
3009.004722351917,0.24020791,0.007945274805417766,2.4000000000000004
3010.004723921326,0.39589447,0.007253144145569958,5.2
3011.004725490735,0.5373756,0.006682173578139002,5.2
3012.004727060144,0.49643177,0.0066913542039467745,5.2
3013.004728629553,0.35447052,0.00833187531760163,5.7
3014.004730198962,0.2205498,0.014178988344298978,8.4
3015.004731768371,0.44693422,0.035386575200945354,2.5
3016.00473333778,0.3749271,0.035578214711809414,2.4000000000000004
3017.0047349071892,0.30664888,0.03558599020565008,2.5
3018.0047364765983,0.23297592,0.03551586528681745,2.4000000000000004
3019.0047380460073,0.23194256,0.035356273633918765,2.4000000000000004
3020.0047396154164,0.27422467,0.03513251402615836,2.4000000000000004
3021.0047411848254,0.27004045,0.03504857040558849,2.4000000000000004
3022.0047427542345,0.39159292,0.03501086584970173,2.4000000000000004
3023.0047443236435,0.52170473,0.03464677536844911,2.4000000000000004
3024.0047458930526,0.35412472,0.032668813531352994,1.8
3025.004747462462,0.11010428,0.04641550803692705,3.1
3026.004749031871,0.4310548,0.046633119421823535,2.9000000000000004
3027.00475060128,0.44964492,0.046712297599352505,2.9000000000000004
3028.0047521706892,0.33767515,0.046742892462386186,2.9000000000000004
3029.0047537400983,0.21267577,0.04674799570613927,2.9000000000000004
3030.0047553095073,0.23711544,0.04676757511148986,2.9000000000000004
3031.0047568789164,0.24777906,0.04677368260943758,2.9000000000000004
3032.0047584483254,0.20641787,0.046790297702340534,2.9000000000000004
3033.0047600177345,0.3306144,0.046789496702020254,2.9000000000000004
3034.0047615871435,0.132275,0.04679807074854708,2.9000000000000004
3035.0047631565526,0.14132258,0.02398467647366637,0.30000000000000004
3036.0047647259616,0.43291456,0.03629867678370326,1.9000000000000001
3037.0047662953707,0.31554142,0.03621479644307785,2.2
3038.0047678647798,0.23025909,0.03622758368522285,2.1
3039.004769434189,0.16565889,0.03622488452838633,2.0
3040.004771003598,0.19677037,0.03621293534112231,2.1
3041.004772573007,0.21839717,0.03621701489895136,2.1
3042.0047741424164,0.37637943,0.036917639629406813,2.0
3043.0047757118255,0.42174855,0.036894617984683395,2.0
3044.0047772812345,0.35385475,0.03686568925670918,2.0
3045.0047788506436,0.19633348,0.05177595129007365,2.5
3046.0047804200526,0.6207169,0.049867279506276785,1.9000000000000001
3047.0047819894617,0.69523305,0.051348306638969075,1.9000000000000001
3048.0047835588707,0.69326144,0.05967882604877161,2.8000000000000003
3049.0047851282798,0.6772316,0.059847518362291664,2.8000000000000003
3050.004786697689,0.6655142,0.06014094916270782,2.8000000000000003
3051.004788267098,0.65178734,0.062445202618193134,2.8000000000000003
3052.004789836507,0.67618877,0.08529184018244135,1.9000000000000001
3053.004791405916,0.67611545,0.09039364485076909,1.9000000000000001
3054.004792975325,0.67546684,0.09039730167415051,1.9000000000000001
3055.004794544734,0.90195686,0.07971375628690337,1.9000000000000001
3056.004796114143,0.43225175,0.07673303550557273,1.9000000000000001
3057.004797683552,0.52029073,0.07594338780747997,1.9000000000000001
3058.0047992529617,0.5302071,0.0698769195584029,1.9000000000000001
3059.0048008223707,0.5975906,0.06981316283605687,1.9000000000000001
3060.00480239178,0.6328124,0.06958563916109677,1.9000000000000001
3061.004803961189,0.48419222,0.06762314255856325,1.9000000000000001
3062.004805530598,0.5335632,0.03353869156060664,1.5
3063.004807100007,0.55253154,0.014867307434444208,4.7
3064.004808669416,0.4796945,0.01476314007581835,4.7
3065.004810238825,0.46562067,0.014535212040372598,4.6000000000000005
3066.004811808234,0.29606777,0.009915770241568872,4.6000000000000005
3067.004813377643,0.51822704,0.0084805631166462,4.9
3068.004814947052,0.17879508,0.0052328423025313694,13.0
3069.0048165164612,0.19367974,0.003880287624759067,12.100000000000001
3070.0048180858703,0.19537987,0.00314228320527343,12.100000000000001
3071.0048196552793,0.2242986,0.002957762002758626,11.200000000000001
3072.0048212246884,0.2250297,0.002969349007406192,13.4
3073.0048227940974,0.2325075,0.0028937665551698284,13.8
3074.0048243635065,0.19780076,0.003269898975594432,14.700000000000001
3075.004825932916,0.21247326,0.003243516754229882,14.5
3076.004827502325,0.20950048,0.003185783670387748,14.700000000000001
3077.004829071734,0.19952077,0.003149585526339662,14.700000000000001
3078.004830641143,0.18503666,0.0032931285439403235,14.700000000000001
3079.004832210552,0.20079029,0.00329987719402604,14.700000000000001
3080.0048337799612,0.1858495,0.003319025346709923,14.700000000000001
3081.0048353493703,0.19207975,0.0033406309658266017,12.600000000000001
3082.0048369187793,0.18078329,0.003381955692647849,14.5
3083.0048384881884,0.2536343,0.0034162379627103,9.700000000000001
3084.0048400575974,0.18014222,0.003697439537244495,9.700000000000001
3085.0048416270065,0.17059867,0.0036122343158696566,9.700000000000001
3086.0048431964155,0.19798079,0.0042908655132257315,9.700000000000001
3087.0048447658246,0.24701427,0.005024054489403229,12.8
3088.0048463352337,0.20344481,0.0053732404331641144,9.700000000000001
3089.0048479046427,0.18273303,0.00535133181696979,12.8
3090.0048494740518,0.5739848,0.015237037950223891,5.0
3091.0048510434613,0.569763,0.01701198426874425,5.0
3092.0048526128703,0.5868007,0.018325905402168018,5.0
3093.0048541822794,0.6388565,0.020546643357375445,4.9
3094.0048557516884,0.5260717,0.020925223258955645,4.9
3095.0048573210975,0.50827056,0.02109015281283648,4.3
3096.0048588905065,0.54014045,0.021143840720647702,4.9
3097.0048604599156,0.5705728,0.02305219700472104,4.9
3098.0048620293246,0.59010327,0.026179884903533217,4.2
3099.0048635987337,0.42520472,0.026305167542317445,4.2
3100.0048651681427,0.3445172,0.02216506889435708,6.0
3101.0048667375518,0.37651244,0.02094780438701983,6.0
3102.004868306961,0.4424446,0.02006768619084256,6.0
3103.00486987637,0.5553667,0.017853790933811082,4.1000000000000005
3104.004871445779,0.6355479,0.017307616315275404,4.1000000000000005
3105.004873015188,0.52474165,0.017062133698312786,5.9
3106.004874584597,0.36933863,0.01685102913948692,5.9
3107.004876154006,0.36790046,0.01385673920002747,5.9
3108.0048777234156,0.3681243,0.005764452861629655,4.6000000000000005
3109.0048792928246,0.33866677,0.005112990690837398,4.6000000000000005
3110.0048808622337,0.28712374,0.004990175239844064,4.7
3111.0048824316427,0.48327348,0.004335170492455737,3.6
3112.004884001052,0.4405595,0.003216782312813661,12.0
3113.004885570461,0.24166378,0.002806728195578068,10.100000000000001
3114.00488713987,0.28494015,0.002676735969057966,13.8
3115.004888709279,0.26546186,0.0027209341660224045,13.8
3116.004890278688,0.26382908,0.002527745920285001,13.8
3117.004891848097,0.2372972,0.0024277151238644643,13.8
3118.004893417506,0.21866953,0.00236085666997762,13.8
3119.004894986915,0.20914084,0.0022219707545064024,13.8
3120.004896556324,0.21189779,0.0020116914162770175,15.0
3121.0048981257332,0.21421632,0.00189185220444512,15.0
3122.0048996951423,0.20958629,0.001892449902053202,15.0
3123.0049012645513,0.22179171,0.00369012926973573,13.700000000000001
3124.004902833961,0.2076809,0.003914697516602424,13.4
3125.00490440337,0.18763666,0.004042762361820961,13.4
3126.004905972779,0.19724624,0.0040669963104670555,13.5
3127.004907542188,0.1815758,0.004442385620908661,13.5
3128.004909111597,0.16663358,0.004485609773399408,13.5
3129.004910681006,0.17835775,0.00454978121140696,13.5
3130.004912250415,0.26254702,0.004927073421159674,13.5
3131.004913819824,0.32257488,0.0054150630194863105,13.5
3132.0049153892332,0.29035163,0.0058439381638611875,11.100000000000001
3133.0049169586423,0.2862235,0.005061240286969787,14.9
3134.0049185280513,0.25792715,0.0050551620492862446,12.200000000000001
3135.0049200974604,0.38723478,0.005124987553762744,14.9
3136.0049216668694,0.24823591,0.005134659898696788,14.9
3137.0049232362785,0.26943994,0.005581287142000547,15.0
3138.0049248056876,0.3344367,0.0056683228687310384,14.600000000000001
3139.0049263750966,0.4477889,0.005963196319725484,12.200000000000001
3140.004927944506,0.4296957,0.0059511919267177275,14.600000000000001
3141.004929513915,0.4903974,0.005526672344997932,14.600000000000001
3142.004931083324,0.6066784,0.005198406107925696,14.600000000000001
3143.0049326527333,0.6527261,0.012690665068013817,3.7
3144.0049342221423,0.5894613,0.019061723713306725,3.7
3145.0049357915514,0.60610276,0.021246469092835417,3.7
3146.0049373609604,0.50401205,0.028843390684759617,3.5
3147.0049389303695,0.39837798,0.028906660919453663,3.9000000000000004
3148.0049404997785,0.496257,0.028906406338056405,3.9000000000000004
3149.0049420691876,0.453752,0.028854590563092003,3.9000000000000004
3150.0049436385966,0.42406526,0.028788105544162848,3.9000000000000004
3151.0049452080057,0.60857064,0.02879345624176771,3.9000000000000004
3152.0049467774147,0.28664,0.028762409674187923,3.5
3153.0049483468238,0.5849678,0.02631769168489239,3.4000000000000004
3154.004949916233,0.4285156,0.02213740776478057,5.1000000000000005
3155.004951485642,0.35637408,0.020002227321879562,3.8000000000000003
3156.004953055051,0.33054575,0.004396197565098529,6.9
3157.0049546244604,0.31992128,0.002714230354410437,9.3
3158.0049561938695,0.23023438,0.0027690581355695318,13.700000000000001
3159.0049577632785,0.29668865,0.0026874228908743397,14.100000000000001
3160.0049593326876,0.3459973,0.002803187923788727,13.700000000000001
3161.0049609020966,0.30671525,0.0031749476229697947,13.700000000000001
3162.0049624715057,0.28160948,0.0031998222934069027,14.100000000000001
3163.0049640409147,0.26385722,0.0033275830584214385,14.100000000000001
3164.004965610324,0.28588054,0.0038235492418262577,15.0
3165.004967179733,0.2456673,0.004163629403269917,14.100000000000001
3166.004968749142,0.25271818,0.004349573200996057,15.0
3167.004970318551,0.28144357,0.004530696889348065,15.0
3168.00497188796,0.5614042,0.015462366421738677,4.4
3169.004973457369,0.5735231,0.019840460885524044,3.7
3170.004975026778,0.5744573,0.023365456477976228,3.6
3171.004976596187,0.8085906,0.031101338987192174,4.1000000000000005
3172.004978165596,0.6954805,0.033020859147395,4.0
3173.0049797350057,0.3315227,0.03306075007859677,4.0
3174.0049813044147,0.4406059,0.032996731086491676,4.0
3175.004982873824,0.49434263,0.03299022880369321,4.0
3176.004984443233,0.63838476,0.03295660759437654,4.0
3177.004986012642,0.46780705,0.032944193106781004,4.0
3178.004987582051,0.6472064,0.06309229150666135,1.9000000000000001
3179.00498915146,0.49480703,0.06739524309602207,1.2000000000000002
3180.004990720869,0.20941547,0.06627745924068061,1.5
3181.004992290278,0.1896917,0.06298875974512312,1.5
3182.004993859687,0.11131626,0.062002781053910855,1.5
3183.004995429096,0.11641713,0.061973863901632925,1.5
3184.0049969985052,0.13174346,0.06197601064245532,1.5
3185.0049985679143,0.16943121,0.0619671170214237,1.5
3186.0050001373233,0.10194377,0.06196101184775039,1.5
3187.0050017067324,0.086353496,0.06195260808088003,1.5
3188.0050032761415,0.19010562,0.025566683964296545,0.6000000000000001
3189.0050048455505,0.4322997,0.0020178710676601627,4.9
3190.00500641496,0.21453236,0.0020007315185410347,4.9
3191.005007984369,0.25289175,0.0019457470288164315,4.9
3192.005009553778,0.16863032,0.002003140132932447,4.9
3193.005011123187,0.30295768,0.002055053214692763,15.0
3194.005012692596,0.25871864,0.0020403641954100603,15.0
3195.0050142620053,0.24182492,0.0018123223105129037,5.0
3196.0050158314143,0.2468921,0.0018478785760648795,4.800000000000001
3197.0050174008234,0.23631424,0.0019046841245100676,4.800000000000001
3198.0050189702324,0.25879568,0.0018885437964130736,5.4
3199.0050205396415,0.21797867,0.0019568977596285293,5.4
3200.0050221090505,0.58563125,0.0030810962857452245,2.9000000000000004
3201.0050236784596,0.5550292,0.004222205940604878,2.9000000000000004
3202.0050252478686,0.3590484,0.004249481170319956,2.8000000000000003
3203.0050268172777,0.20947233,0.004243700838646832,2.8000000000000003
3204.0050283866867,0.1334147,0.0042865682288451695,3.2
3205.0050299560958,0.16397217,0.0043084368839171735,1.8
3206.0050315255053,0.17245445,0.004290096508131487,2.8000000000000003
3207.0050330949143,0.19193578,0.004273549094024163,2.9000000000000004
3208.0050346643234,0.24661121,0.004299332968473547,2.7
3209.0050362337324,0.19491723,0.004332543895991783,2.6
3210.0050378031415,0.20053273,0.003660047517584916,2.1
3211.0050393725505,0.5289564,0.00238629504124985,5.2
3212.0050409419596,0.5318812,0.0023498737048360837,3.5
3213.0050425113686,0.66395825,0.0023196810091605023,5.300000000000001
3214.0050440807777,0.24044834,0.06783538978765373,1.4000000000000001
3215.0050456501867,0.36965734,0.07122666733203897,1.3
3216.005047219596,0.37945348,0.07332643367291604,1.4000000000000001
3217.005048789005,0.491051,0.07417068720035654,1.3
3218.005050358414,0.41332486,0.07521665321112714,1.3
3219.005051927823,0.7188478,0.07537534683251022,1.3
3220.005053497232,0.76611894,0.0753507295775652,1.3
3221.005055066641,0.8050995,0.07531890348592012,1.3
3222.00505663605,0.8937008,0.07532548099430247,1.3
3223.0050582054596,0.91511554,0.07528339922071806,1.3
3224.0050597748686,0.5380505,0.03305133729769564,4.4
3225.0050613442777,0.7282116,0.02501552859731994,3.6
3226.0050629136867,0.6911915,0.018081654031141745,11.9
3227.005064483096,0.61723906,0.014269458966446734,13.0
3228.005066052505,0.65624493,0.0067365438451159445,9.8
3229.005067621914,0.5014574,0.004244070098777458,9.8
3230.005069191323,0.24899544,0.004143372032996783,9.8
3231.005070760732,0.26831165,0.004081233830688075,13.0
3232.005072330141,0.3533153,0.0033214529998652244,10.4
3233.00507389955,0.23997632,0.0033249397670735053,10.4
3234.005075468959,0.22209918,0.003759088409390397,10.4
3235.005077038368,0.2982295,0.003345673108762981,10.4
3236.0050786077772,0.40271598,0.003507529018771279,12.0
3237.0050801771863,0.32108223,0.003484300084604411,12.0
3238.0050817465954,0.3774512,0.003653389478006998,11.100000000000001
3239.005083316005,0.3147691,0.003607562285143817,10.100000000000001
3240.005084885414,0.36000308,0.003945759663958285,11.100000000000001
3241.005086454823,0.23567793,0.004903318838232885,10.3
3242.005088024232,0.2759978,0.004960154397412473,10.3
3243.005089593641,0.26648563,0.005073961095519355,10.3
3244.00509116305,0.32642865,0.004612392768619237,9.9
3245.005092732459,0.28267002,0.004557507091919882,9.9
3246.005094301868,0.20123774,0.004385836920629267,10.200000000000001
3247.0050958712773,0.20375434,0.004452568608788184,9.1
3248.0050974406863,0.18636999,0.004368984615349193,10.3
3249.0050990100954,0.57354844,0.018364498182847973,0.5
3250.0051005795044,0.46293333,0.03155652101041458,1.6
3251.0051021489135,0.50562274,0.034703426157108114,1.6
3252.0051037183225,0.62220126,0.07043889578052172,1.5
3253.0051052877316,0.6897376,0.07457126674634776,1.5
3254.0051068571406,0.7554071,0.07884272541385814,1.5
3255.0051084265497,0.75723004,0.07990700211753272,1.5
3256.005109995959,0.66165495,0.08043666722379708,1.5
3257.005111565368,0.6129494,0.08050441277507325,1.5
3258.0051131347773,0.6900345,0.08060138637548632,1.5
3259.0051147041863,0.69866115,0.07863884315900925,2.4000000000000004
3260.0051162735954,0.83453673,0.07436941642564845,2.4000000000000004
3261.0051178430044,0.91113585,0.07303641898562412,2.4000000000000004
3262.0051194124135,0.79534787,0.03997048007292378,2.4000000000000004
3263.0051209818225,0.8135063,0.031774871733440256,1.1
3264.0051225512316,0.66742927,0.01931242941217508,1.1
3265.0051241206406,0.6926248,0.0357144815300671,1.6
3266.0051256900497,0.77131903,0.0355370384130815,3.3000000000000003
3267.0051272594587,0.7910837,0.06040355947969346,1.5
3268.005128828868,0.82379484,0.060523843374780374,1.5
3269.005130398277,0.7397582,0.06058948875511327,1.5
3270.005131967686,0.7076365,0.06067420952353786,1.5
3271.005133537095,0.6979216,0.06078045212863834,1.5
3272.0051351065044,0.7283033,0.06078198552466767,1.5
3273.0051366759135,0.7374547,0.06159407498339137,1.5
3274.0051382453225,0.71408844,0.06238463975486526,1.5
3275.0051398147316,0.79127204,0.05333800016382997,1.7000000000000002
3276.0051413841406,0.69822156,0.05279429293322659,0.9
3277.0051429535497,0.0957263,0.020061367395148563,2.6
3278.0051445229587,0.25686198,0.01996947032536727,2.6
3279.005146092368,0.24323462,0.02333763638268196,2.6
3280.005147661777,0.108976066,0.02302176447448907,2.6
3281.005149231186,0.29695338,0.02225758481398921,2.6
3282.005150800595,0.49361172,0.02390594163334352,2.6
3283.005152370004,0.6612497,0.02143869999915614,2.6
3284.005153939413,0.49055868,0.01839178725031278,4.4
3285.005155508822,0.60539013,0.017912396824866842,2.6
3286.005157078231,0.41222653,0.021915140512358437,4.7
3287.00515864764,0.60974735,0.028069917317800095,4.4
3288.0051602170493,0.56233406,0.027626861882356545,5.6000000000000005
3289.0051617864588,0.5422426,0.02458147859091195,4.2
3290.005163355868,0.59541196,0.024564722081542912,4.2
3291.005164925277,0.26160708,0.024583058168331878,4.2
3292.005166494686,0.20469533,0.022643299655217226,5.300000000000001
3293.005168064095,0.34312108,0.022502959987187376,5.300000000000001
3294.005169633504,0.35255423,0.022476977341158846,5.300000000000001
3295.005171202913,0.20729306,0.022428966733477964,5.300000000000001
3296.005172772322,0.29298842,0.018519860803669137,8.4
3297.005174341731,0.34664443,0.017415097102544883,0.30000000000000004
3298.00517591114,0.56045616,0.03966306430220017,1.5
3299.0051774805493,0.5683311,0.039790979651281776,1.5
3300.0051790499583,0.4603935,0.039792129910495154,1.5
3301.0051806193674,0.33390972,0.03978036717047386,1.5
3302.0051821887764,0.34209552,0.039746028586392215,1.4000000000000001
3303.0051837581855,0.44608855,0.039741956049167707,1.4000000000000001
3304.0051853275945,0.55718154,0.039775064459054,1.4000000000000001
3305.005186897004,0.56135803,0.039769778132855996,1.4000000000000001
3306.005188466413,0.5271484,0.03958988437960158,1.4000000000000001
3307.005190035822,0.28411803,0.035921040124490655,2.7
3308.005191605231,0.4133108,0.00476095745847214,7.2
3309.00519317464,0.35605744,0.003481822660949584,7.2
3310.0051947440493,0.2866141,0.0032916588713794008,7.2
3311.0051963134583,0.21668066,0.004407862437080241,7.1000000000000005
3312.0051978828674,0.32435006,0.013292469064280305,0.9
3313.0051994522764,0.40420416,0.013814297018384731,7.1000000000000005
3314.0052010216855,0.44586316,0.013809563774159797,7.2
3315.0052025910945,0.48164114,0.01546402196587439,0.7000000000000001
3316.0052041605036,0.46440208,0.03145337124938631,4.0
3317.0052057299126,0.58005834,0.043256555123805225,0.7000000000000001
3318.0052072993217,0.44533333,0.06308434383211133,0.8
3319.0052088687307,0.34808242,0.06503241610595749,0.8
3320.00521043814,0.3490772,0.07303378664539835,1.1
3321.005212007549,0.3556142,0.0768688134120959,1.1
3322.0052135769583,0.57784,0.07812853267661792,1.0
3323.0052151463674,0.65498036,0.08192107792878961,1.1
3324.0052167157764,0.5567115,0.08509458230917992,1.1
3325.0052182851855,0.5868072,0.08825420451822485,1.1
3326.0052198545945,0.44383827,0.10423273383481398,1.1
3327.0052214240036,0.4083991,0.1070774397794499,1.1
3328.0052229934126,0.67128205,0.119579123059998,2.1
3329.0052245628217,0.45283392,0.1288610854172885,1.2000000000000002
3330.0052261322307,0.16382606,0.14805496955380754,2.1
3331.00522770164,0.32536173,0.15788646803541384,0.9
3332.005229271049,0.24543168,0.18623400456951625,0.9
3333.005230840458,0.45412236,0.29481238101711194,0.4
3334.005232409867,0.37425655,0.33358791512213026,0.4
3335.005233979276,0.5807035,0.33788830257805075,0.4
3336.005235548685,0.54594225,0.33491072550093104,0.4
3337.005237118094,0.6219705,0.3329119922373208,0.4
3338.0052386875036,0.50703377,0.32765437476950826,0.1
3339.0052402569127,0.59871894,0.3239599015641709,0.1
3340.0052418263217,0.62067384,0.3142174953886152,0.1
3341.0052433957308,0.70349485,0.30985179025101833,0.1
3342.00524496514,0.61401993,0.2933027970441863,0.1
3343.005246534549,0.51779634,0.17901794791697903,2.9000000000000004
3344.005248103958,0.5119783,0.0685816708603203,3.0
3345.005249673367,0.5360764,0.03309001356594874,1.9000000000000001
3346.005251242776,0.52002716,0.010050789602556195,5.0
3347.005252812185,0.5305534,0.01037062655587026,1.2000000000000002
3348.005254381594,0.4677796,0.01071509615876832,11.9
3349.005255951003,0.27867976,0.012894278695713385,3.7
3350.005257520412,0.35606834,0.012134518366112738,6.0
3351.0052590898213,0.42020637,0.014992884380983649,4.0
3352.0052606592303,0.4049082,0.015331215836917985,5.2
3353.0052622286394,0.302722,0.015663818683239687,5.2
3354.0052637980484,0.45108977,0.050603857480006634,2.9000000000000004
3355.005265367458,0.39529252,0.05298122735725224,0.2
3356.005266936867,0.37101272,0.05284237618447537,0.2
3357.005268506276,0.37043658,0.05280605062717423,0.2
3358.005270075685,0.17560782,0.05277533522537821,0.2
3359.005271645094,0.25271264,0.05242720325594897,0.1
3360.005273214503,0.2549124,0.052463158454405995,0.1
3361.0052747839122,0.24336289,0.05173299886810372,0.1
3362.0052763533213,0.28972962,0.05168369937183079,0.1
3363.0052779227303,0.22081503,0.051616222552526576,0.1
3364.0052794921394,0.24944845,0.017812317511762533,2.9000000000000004
3365.0052810615484,0.19207688,0.0056423863706239145,5.0
3366.0052826309575,0.23036942,0.005616726485924619,7.800000000000001
3367.0052842003665,0.2737206,0.005994296993174904,2.9000000000000004
3368.0052857697756,0.39807725,0.006326145205203087,2.9000000000000004
3369.0052873391846,0.25380772,0.005801056101489714,4.1000000000000005
3370.0052889085937,0.29667696,0.005802226182341067,4.1000000000000005
3371.005290478003,0.29469436,0.0057593013614145845,4.0
3372.0052920474122,0.25554535,0.005596148136131434,4.0
3373.0052936168213,0.18726283,0.0056875892578472685,4.0
3374.0052951862303,0.29793155,0.00538712008707217,4.5
3375.0052967556394,0.2949915,0.005660769497619903,8.1
3376.0052983250484,0.408232,0.0053444502748925555,3.8000000000000003
3377.0052998944575,0.3222182,0.004708006472335289,3.8000000000000003
3378.0053014638665,0.2741189,0.004270587103788958,4.5
3379.0053030332756,0.30715236,0.00438176322441016,4.1000000000000005
3380.0053046026846,0.2875837,0.00826019517371669,4.1000000000000005
3381.0053061720937,0.4039861,0.028110529141090655,6.1000000000000005
3382.0053077415027,0.3747405,0.04892651779268551,3.9000000000000004
3383.005309310912,0.45338142,0.06430852610983398,2.8000000000000003
3384.005310880321,0.5334422,0.07635253994207511,2.9000000000000004
3385.00531244973,0.4648873,0.07717315441863166,4.5
3386.005314019139,0.5495542,0.07744079350167486,4.6000000000000005
3387.005315588548,0.48578048,0.07746869179491259,4.6000000000000005
3388.0053171579575,0.6275274,0.07766102784080987,4.6000000000000005
3389.0053187273666,0.6714497,0.07772917602470132,4.6000000000000005
3390.0053202967756,0.7112365,0.07747918578527496,4.6000000000000005
3391.0053218661847,0.7896371,0.07273956660478444,3.1
3392.0053234355937,0.70571905,0.06075559971439614,3.2
3393.0053250050028,0.5831851,0.04429843325208273,3.2
3394.005326574412,0.33626977,0.018909449234551352,3.0
3395.005328143821,0.34169352,0.015776093619374973,4.1000000000000005
3396.00532971323,0.31141084,0.014442257941836567,2.7
3397.005331282639,0.23299833,0.014350427844848223,2.7
3398.005332852048,0.23218267,0.01376463901347219,2.7
3399.005334421457,0.283294,0.013711260631916973,2.7
3400.005335990866,0.17998089,0.013540583597660541,2.7
3401.005337560275,0.3349349,0.013625857277391198,2.7
3402.005339129684,0.2816128,0.013723754327647681,2.7
3403.0053406990933,0.34431043,0.013661343056210484,3.0
3404.005342268503,0.38137904,0.010423045044020392,2.8000000000000003
3405.005343837912,0.37398416,0.01022426594269135,2.8000000000000003
3406.005345407321,0.36087817,0.010382142402313084,2.8000000000000003
3407.00534697673,0.4333946,0.010566570089714355,3.6
3408.005348546139,0.41627392,0.010278908803246858,3.2
3409.005350115548,0.6395784,0.00999987066571853,2.9000000000000004
3410.005351684957,0.45405632,0.010883606640628233,4.6000000000000005
3411.005353254366,0.32071203,0.010323444302524569,3.1
3412.005354823775,0.39055377,0.010612227856000678,5.800000000000001
3413.0053563931842,0.29080603,0.010136323841811271,4.3
3414.0053579625933,0.3985255,0.00971020975937323,3.7
3415.0053595320023,0.4963144,0.00987127806362001,3.7
3416.0053611014114,0.39130878,0.00948456770879293,3.7
3417.0053626708204,0.35482693,0.009694764828510949,3.7
3418.0053642402295,0.32801035,0.00932596217431341,5.1000000000000005
3419.0053658096385,0.27892002,0.009161518996197833,5.1000000000000005
3420.0053673790476,0.26768425,0.008057641044834718,5.1000000000000005
3421.005368948457,0.21799828,0.008432404760827197,5.0
3422.005370517866,0.19032596,0.0078711229796943,5.0
3423.005372087275,0.25599992,0.008262034399548606,5.0
3424.0053736566842,0.17805938,0.00813158548990402,5.0
3425.0053752260933,0.14620401,0.006996130888311601,4.9
3426.0053767955023,0.15080316,0.007050620145731438,4.9
3427.0053783649114,0.17356299,0.006502907028450331,4.9
3428.0053799343204,0.18668154,0.006548760847874675,4.9
3429.0053815037295,0.14444818,0.00672023244035425,4.9
3430.0053830731385,0.17120972,0.007893506646241815,4.9
3431.0053846425476,0.14755869,0.007524657844764722,4.9
3432.0053862119566,0.13892621,0.007262213046615689,3.5
3433.0053877813657,0.1566157,0.008344712327030114,4.0
3434.0053893507747,0.1524037,0.008224512449018907,4.0
3435.005390920184,0.121517,0.00820353644379984,4.0
3436.005392489593,0.12794657,0.008248394115104845,4.0
3437.0053940590024,0.124379486,0.008237512293875,4.0
3438.0053956284114,0.14726616,0.00936970854201832,4.0
3439.0053971978205,0.12666062,0.009149754521251028,4.0
3440.0053987672295,0.15958428,0.007850936504931167,4.0
3441.0054003366386,0.15235339,0.007782385338957363,4.0
3442.0054019060476,0.1516719,0.007712982793542836,4.0
3443.0054034754567,0.18555723,0.005807881874731171,4.0
3444.0054050448657,0.13497871,0.005737315527369584,4.0
3445.0054066142748,0.14656638,0.005704754484314251,6.300000000000001
3446.005408183684,0.13477965,0.005567241851830487,6.6000000000000005
3447.005409753093,0.10716725,0.0053670741133752895,5.300000000000001
3448.005411322502,0.13506897,0.002680122077942281,5.300000000000001
3449.005412891911,0.13905054,0.0027238274220193095,5.1000000000000005
3450.00541446132,0.14690596,0.0027547929493601684,5.1000000000000005
3451.005416030729,0.15930413,0.0027329236963774236,5.9
3452.005417600138,0.17476907,0.002716520073974441,5.9
3453.005419169547,0.16975534,0.0026738188055184103,5.2
3454.0054207389567,0.1697026,0.002687273104721351,5.1000000000000005
3455.0054223083657,0.18821572,0.0025317348771471035,5.1000000000000005
3456.005423877775,0.19900577,0.002490623373267098,5.1000000000000005
3457.005425447184,0.20484842,0.002438917154624497,6.0
3458.005427016593,0.20547557,0.002630689756339193,5.9
3459.005428586002,0.18869255,0.002454012490641399,6.7
3460.005430155411,0.19746299,0.0024385548225704145,8.1
3461.00543172482,0.20062277,0.0023890929407427543,8.1
3462.005433294229,0.21354711,0.002398324361718962,6.6000000000000005
3463.005434863638,0.2217045,0.0024061625548040923,7.4
3464.005436433047,0.22697191,0.002385347390715352,7.4
3465.0054380024562,0.20155457,0.002664372427636118,7.4
3466.0054395718653,0.36635062,0.004337923567933792,7.4
3467.0054411412743,0.3827957,0.005132630632122187,5.6000000000000005
3468.0054427106834,0.17518425,0.005573368760023326,5.5
3469.0054442800924,0.23919845,0.005630807744091084,5.5
3470.005445849502,0.21372837,0.006355744351530758,4.2
3471.005447418911,0.16695899,0.006520269892752077,4.2
3472.00544898832,0.2047748,0.007159355987095078,5.2
3473.005450557729,0.42383727,0.007892567343836416,5.2
3474.005452127138,0.37188146,0.009074740400031605,5.2
3475.005453696547,0.47596747,0.010898465066339976,4.6000000000000005
3476.0054552659562,0.4963287,0.010434374187674433,4.6000000000000005
3477.0054568353653,0.41491386,0.01014590515440783,4.6000000000000005
3478.0054584047743,0.39935857,0.010035351735910964,4.6000000000000005
3479.0054599741834,0.32996002,0.010386666315896645,4.6000000000000005
3480.0054615435924,0.35335907,0.010358559149526426,5.300000000000001
3481.0054631130015,0.2929652,0.010291571020299168,4.5
3482.0054646824105,0.35936597,0.010084469496555165,4.5
3483.0054662518196,0.26761383,0.009767226753884068,4.5
3484.0054678212286,0.20726237,0.009897311821934126,6.300000000000001
3485.0054693906377,0.28520676,0.008239483232495737,4.800000000000001
3486.0054709600468,0.23820917,0.008495982100788314,4.800000000000001
3487.0054725294563,0.30471873,0.010180383362969867,4.800000000000001
3488.0054740988653,0.44452402,0.01168153852250579,4.800000000000001
3489.0054756682744,0.29084364,0.01145337176884052,5.5
3490.0054772376834,0.3248494,0.011162203168617706,5.5
3491.0054788070925,0.32319787,0.011404430963062491,2.4000000000000004
3492.0054803765015,0.289156,0.011672876383372761,4.3
3493.0054819459106,0.40756056,0.011874603339551882,5.6000000000000005
3494.0054835153196,0.34745312,0.011716875406973113,5.6000000000000005
3495.0054850847287,0.43300512,0.011956430556961228,5.6000000000000005
3496.0054866541377,0.3992573,0.012074934918161296,3.7
3497.0054882235468,0.31239584,0.010793241318491261,4.2
3498.005489792956,0.19072764,0.008985191130826214,4.2
3499.005491362365,0.30745062,0.009168559094648424,4.2
3500.005492931774,0.21300653,0.009120676166544132,4.2
3501.005494501183,0.13300368,0.00882005266044517,4.2
3502.005496070592,0.16886288,0.00890209641211915,9.700000000000001
3503.0054976400015,0.18715525,0.008387028792954068,7.2
3504.0054992094106,0.25758952,0.0072161043609474985,7.2
3505.0055007788196,0.15469266,0.0062827942880458254,7.2
3506.0055023482287,0.2549572,0.005730393472555902,9.700000000000001
3507.0055039176377,0.18460624,0.005512239897408514,9.700000000000001
3508.005505487047,0.17526546,0.005478606118865319,9.700000000000001
3509.005507056456,0.22601561,0.004937551377717458,8.4
3510.005508625865,0.2118295,0.005476262001821751,6.300000000000001
3511.005510195274,0.1856638,0.0055134904492807274,6.300000000000001
3512.005511764683,0.1538472,0.004356970496337433,5.2
3513.005513334092,0.16967762,0.004761786808392077,5.2
3514.005514903501,0.18609843,0.004880668571727701,5.2
3515.00551647291,0.19700804,0.005045662306128484,5.2
3516.005518042319,0.1798151,0.005855021834284458,4.5
3517.0055196117282,0.49023303,0.0073191593787391,5.4
3518.0055211811373,0.39973652,0.008762169106896514,5.4
3519.0055227505463,0.32464793,0.008844903461818886,5.4
3520.005524319956,0.3011015,0.008578350917175388,5.4
3521.005525889365,0.18565896,0.00926161003305223,5.2
3522.005527458774,0.30111945,0.00924419880378249,4.5
3523.005529028183,0.27822214,0.009395759799386725,5.2
3524.005530597592,0.17860043,0.009314291678825755,5.5
3525.005532167001,0.18453732,0.009254851772685821,5.5
3526.00553373641,0.11095805,0.008679674882516773,5.2
3527.005535305819,0.27506122,0.0074025305846562375,5.9
3528.0055368752282,0.17613743,0.005616275159261629,5.1000000000000005
3529.0055384446373,0.16583836,0.005510444692361605,4.800000000000001
3530.0055400140463,0.22410557,0.005810855735722136,5.1000000000000005
3531.0055415834554,0.16408998,0.006781193993470114,5.4
3532.0055431528644,0.26747346,0.00724636657717173,5.0
3533.0055447222735,0.19381249,0.0086194869477617,6.7
3534.0055462916825,0.22663945,0.009009334367369143,7.6000000000000005
3535.0055478610916,0.092015855,0.009278414284790934,4.0
3536.005549430501,0.08422554,0.00923370926300731,7.6000000000000005
3537.00555099991,0.100850105,0.009235571261221888,7.6000000000000005
3538.005552569319,0.11515375,0.009579204298994634,7.6000000000000005
3539.0055541387283,0.10486313,0.009778935594841148,5.300000000000001
3540.0055557081373,0.1076576,0.010100259748749443,7.6000000000000005
3541.0055572775464,0.11735078,0.008966263700550611,3.9000000000000004
3542.0055588469554,0.09640902,0.008800707230085074,5.1000000000000005
3543.0055604163645,0.18113415,0.007191853233340358,3.9000000000000004
3544.0055619857735,0.24752747,0.008148194601797715,5.0
3545.0055635551826,0.16990887,0.00806808581906175,5.0
3546.0055651245916,0.15648538,0.008054520650599976,5.0
3547.0055666940007,0.16628899,0.008097588081411537,5.0
3548.0055682634097,0.19042172,0.007682407202774669,5.0
3549.0055698328188,0.12811372,0.008484148503676387,4.9
3550.005571402228,0.15208311,0.007794991079541799,4.9
3551.005572971637,0.14886713,0.00799161368226638,5.1000000000000005
3552.005574541046,0.14018548,0.007774157450645503,4.7
3553.0055761104554,0.13432154,0.008616054445302477,4.7
3554.0055776798645,0.15235987,0.007320414754011776,5.2
3555.0055792492735,0.1424871,0.007039140745620061,6.1000000000000005
3556.0055808186826,0.13392402,0.007147864126642744,5.2
3557.0055823880916,0.16612007,0.007252446032128214,5.2
3558.0055839575007,0.14807163,0.007904428939475603,5.2
3559.0055855269097,0.19545263,0.006784721070811244,5.2
3560.005587096319,0.19129604,0.006811318442800813,5.2
3561.005588665728,0.17835706,0.0069826028133861285,5.2
3562.005590235137,0.14503103,0.006964843979852314,5.2
3563.005591804546,0.1952796,0.005620264337870057,5.2
3564.005593373955,0.18444714,0.005510569178281208,5.9
3565.005594943364,0.19346516,0.00555337314726009,5.9
3566.005596512773,0.18038754,0.006640646837222116,5.9
3567.005598082182,0.17181842,0.006688583689359721,5.5
3568.005599651591,0.26167047,0.010536322204400114,4.1000000000000005
3569.0056012210007,0.15937488,0.010840872307164677,4.0
3570.0056027904097,0.13770565,0.011011988557147034,4.7
3571.005604359819,0.09883989,0.01062148896865627,4.7
3572.005605929228,0.1304185,0.01061668436798279,4.7
3573.005607498637,0.12075876,0.01060511082676378,4.7
3574.005609068046,0.14016506,0.010723704129629225,4.7
3575.005610637455,0.13603607,0.010751342104319142,4.0
3576.005612206864,0.1715886,0.010292333568893237,4.0
3577.005613776273,0.13293286,0.010188702003225521,4.6000000000000005
3578.005615345682,0.17386901,0.005261557493618831,4.6000000000000005
3579.005616915091,0.14284456,0.004529380919711775,5.7
3580.0056184845002,0.13151048,0.004028438916453227,5.4
3581.0056200539093,0.12876222,0.003959798911123105,5.4
3582.0056216233183,0.12892768,0.0039989928179333945,6.1000000000000005
3583.0056231927274,0.15175208,0.004017096509163885,6.1000000000000005
3584.0056247621364,0.14602706,0.003735645879142835,4.7
3585.0056263315455,0.15128426,0.0038640690731291095,6.6000000000000005
3586.005627900955,0.37482908,0.00588503693427423,4.0
3587.005629470364,0.47025144,0.024658239388675403,2.9000000000000004
3588.005631039773,0.37313625,0.02831684147856936,2.9000000000000004
3589.005632609182,0.27169773,0.02892542159636086,2.9000000000000004
3590.005634178591,0.20571312,0.029109137254508744,2.9000000000000004
3591.0056357480003,0.1301695,0.029760871978977456,2.9000000000000004
3592.0056373174093,0.11552306,0.029948947645805184,2.9000000000000004
3593.0056388868184,0.25820017,0.03004023400139266,2.9000000000000004
3594.0056404562274,0.15248634,0.03016327244027355,2.9000000000000004
3595.0056420256365,0.123218134,0.03020068001275328,2.9000000000000004
3596.0056435950455,0.13712662,0.029829099249741985,2.9000000000000004
3597.0056451644546,0.20900804,0.017807765585229618,3.6
3598.0056467338636,0.11367535,0.011418673772388426,4.1000000000000005
3599.0056483032727,0.2228891,0.009779539764696607,3.4000000000000004
3600.0056498726817,0.14021458,0.009641885770087752,3.6
3601.0056514420908,0.19699152,0.007596316174816829,4.3
3602.0056530115003,0.16298158,0.0067793849433451766,4.3
3603.0056545809093,0.15728644,0.0064058108716751345,4.3
3604.0056561503184,0.18764769,0.00576728534120805,2.0
3605.0056577197274,0.15532213,0.005766410478784091,6.800000000000001
3606.0056592891365,0.15614903,0.00550668085918334,6.800000000000001
3607.0056608585455,0.18207157,0.005754937837135521,3.8000000000000003
3608.0056624279546,0.16000599,0.005726730093377923,4.9
3609.0056639973636,0.15409352,0.005774750121554069,3.8000000000000003
3610.0056655667727,0.15691675,0.005157809380956631,4.9
3611.0056671361817,0.16504693,0.005225322920548878,4.9
3612.005668705591,0.17874196,0.005300205043263873,4.9
3613.005670275,0.17204481,0.00525569263360148,4.9
3614.005671844409,0.16945936,0.00525212072633166,4.9
3615.005673413818,0.1658668,0.0047507254732343405,4.9
3616.005674983227,0.17780088,0.004727494376409751,4.6000000000000005
3617.005676552636,0.2012988,0.004278972497172157,6.300000000000001
3618.0056781220455,0.17566429,0.0035968518049626984,6.300000000000001
3619.0056796914546,0.1626929,0.003536118772740836,6.300000000000001
3620.0056812608636,0.14780575,0.0034300836547037673,6.9
3621.0056828302727,0.14938295,0.0031221800860974174,4.9
3622.0056843996817,0.11773103,0.0031365929129454346,6.2
3623.005685969091,0.12750837,0.0036529708604329855,6.2
3624.0056875385,0.13416305,0.00392636695529887,4.9
3625.005689107909,0.13668524,0.0043088443214219715,4.9
3626.005690677318,0.14096059,0.004769496523041832,11.600000000000001
3627.005692246727,0.13976653,0.005014291105887525,11.600000000000001
3628.005693816136,0.1457274,0.005648854820693598,5.2
3629.005695385545,0.14064308,0.00582423685529882,4.9
3630.005696954954,0.17662437,0.0067389775220783096,6.300000000000001
3631.005698524363,0.15937683,0.007079913405699639,4.2
3632.0057000937722,0.14654712,0.00735999452936274,4.2
3633.0057016631813,0.22409317,0.007576686556576629,4.2
3634.0057032325903,0.25240418,0.010935936625138816,4.2
3635.005704802,0.1911514,0.011010183248405962,3.5
3636.005706371409,0.2125421,0.011279745345057787,4.2
3637.005707940818,0.16709818,0.011300106422320093,4.2
3638.005709510227,0.19392791,0.011637309406400566,5.5
3639.005711079636,0.17428699,0.01173411811854695,5.5
3640.005712649045,0.16951396,0.011236891948268971,5.0
3641.005714218454,0.1491353,0.010937992728387457,5.0
3642.005715787863,0.11191544,0.010705123047396466,5.0
3643.0057173572723,0.20971976,0.010384786819308938,5.0
3644.0057189266813,0.14091744,0.006598533074820155,5.1000000000000005
3645.0057204960904,0.18330961,0.0062112690137686565,5.0
3646.0057220654994,0.18568966,0.0053189367344993015,5.2
3647.0057236349085,0.17407617,0.004977989132291507,6.0
3648.0057252043175,0.13898598,0.0031648803407111044,6.1000000000000005
3649.0057267737266,0.16001642,0.0023198218096930046,6.0
3650.0057283431356,0.16351528,0.0030884094525194966,6.1000000000000005
3651.005729912545,0.1489035,0.0032332749429793426,6.1000000000000005
3652.005731481954,0.14832519,0.0033115095535329675,12.600000000000001
3653.005733051363,0.14453235,0.0032706334408055364,12.600000000000001
3654.0057346207723,0.14014332,0.003248058692403487,12.600000000000001
3655.0057361901813,0.1483873,0.003291286104488654,6.4
3656.0057377595904,0.1637656,0.0033024968928744183,6.4
3657.0057393289994,0.18643351,0.003341180882139748,4.1000000000000005
3658.0057408984085,0.18143001,0.0035579882540965756,6.300000000000001
3659.0057424678175,0.15351143,0.003543624985079065,6.300000000000001
3660.0057440372266,0.21655108,0.00272064061469985,6.0
3661.0057456066356,0.21188377,0.0025264578342964463,6.5
3662.0057471760447,0.20513338,0.002386097181825803,6.0
3663.0057487454537,0.21220773,0.002455468692587142,5.9
3664.005750314863,0.22273606,0.002451522370785602,5.9
3665.005751884272,0.24174412,0.0023657842738689194,5.9
3666.005753453681,0.23699978,0.0023198511055244043,5.9
3667.00575502309,0.20962144,0.002279684753791366,6.2
3668.0057565924994,0.21978126,0.0019548895663481897,5.800000000000001
3669.0057581619085,0.24078311,0.0019739263397794324,3.8000000000000003
3670.0057597313175,0.2365997,0.0020328121219431537,5.800000000000001
3671.0057613007266,0.22398259,0.0019847428449439935,5.800000000000001
3672.0057628701356,0.19707926,0.002521376791870515,5.4
3673.0057644395447,0.13988325,0.004024806015630082,5.9
3674.0057660089537,0.14413352,0.004656851640270268,5.9
3675.005767578363,0.2592823,0.0052710886183709406,6.1000000000000005
3676.005769147772,0.18946993,0.007206372570819751,5.7
3677.005770717181,0.18492736,0.007610759182316012,5.7
3678.00577228659,0.12471642,0.00803423845722077,5.7
3679.005773855999,0.17410275,0.009865920141162053,6.1000000000000005
3680.005775425408,0.15205163,0.009953799216931526,6.1000000000000005
3681.005776994817,0.54556453,0.011573853453611675,7.300000000000001
3682.005778564226,0.3707869,0.012002973798693917,4.5
3683.005780133635,0.37012178,0.011649812125858186,4.5
3684.0057817030447,0.2926429,0.011419823700699881,4.5
3685.0057832724538,0.4211125,0.01126723950354762,4.5
3686.005784841863,0.27303788,0.010218068801602389,5.1000000000000005
3687.005786411272,0.19418365,0.009925146436311469,6.9
3688.005787980681,0.17499624,0.009957935117309934,5.0
3689.00578955009,0.16993101,0.008341436114402101,7.800000000000001
3690.005791119499,0.17090578,0.008463949524735698,5.0
3691.005792688908,0.22786486,0.006097371777454216,5.0
3692.005794258317,0.15290622,0.0052126413011411915,5.5
3693.005795827726,0.14223877,0.005116596101537523,5.5
3694.005797397135,0.15267287,0.005119076830489621,9.3
3695.0057989665443,0.15997493,0.004898942690630539,9.3
3696.0058005359533,0.18423586,0.004739715696239066,6.1000000000000005
3697.0058021053624,0.12944053,0.00474504348778702,9.3
3698.0058036747714,0.118377976,0.0038841841055624565,6.0
3699.0058052441805,0.13356806,0.0034722816884427583,6.0
3700.0058068135895,0.14193419,0.003885725760949876,6.0
3701.005808382999,0.13884117,0.003907083395580156,6.0
3702.005809952408,0.29726568,0.0037206309704661644,6.2
3703.005811521817,0.21058455,0.00427239148951708,5.800000000000001
3704.005813091226,0.15574275,0.005399162319522769,6.2
3705.005814660635,0.5320741,0.023436231534751516,0.1
3706.0058162300443,0.3344144,0.06362207064930137,1.6
3707.0058177994533,0.57834977,0.06365114998217487,1.6
3708.0058193688624,0.5502584,0.06366113324203605,1.6
3709.0058209382714,0.55015004,0.06367391752570715,1.6
3710.0058225076805,0.35063058,0.06363030234257826,1.6
3711.0058240770895,0.45273948,0.063633554497994,1.6
3712.0058256464986,0.4121714,0.06363104068266956,1.6
3713.0058272159076,0.28552306,0.0635940921095368,1.6
3714.0058287853167,0.20903921,0.06351069604242267,1.4000000000000001
3715.0058303547257,0.13604759,0.0589704892844576,1.7000000000000002
3716.005831924135,0.14834711,0.003808454924032246,2.1
3717.0058334935443,0.14948802,0.0036119077568035635,2.3000000000000003
3718.0058350629533,0.16045842,0.0036038858806272524,2.3000000000000003
3719.0058366323624,0.1595481,0.0035700003734390126,2.3000000000000003
3720.0058382017714,0.18303595,0.003545576501063211,3.1
3721.0058397711805,0.17304076,0.0034893601327582366,3.1
3722.0058413405895,0.17963953,0.003454215083910003,3.1
3723.0058429099986,0.19861941,0.0034649430943121855,3.1
3724.0058444794076,0.3124928,0.003305238103400328,3.1
3725.0058460488167,0.3076498,0.002732063464555641,3.1
3726.0058476182257,0.28059843,0.0022789708884483925,2.5
3727.005849187635,0.23217736,0.0023295501527585364,3.1
3728.005850757044,0.17849118,0.0024940925791443976,3.3000000000000003
3729.005852326453,0.15355256,0.0034127584073780194,3.3000000000000003
3730.005853895862,0.1525169,0.003402057334163077,4.7
3731.005855465271,0.14775302,0.00338992283218163,4.7
3732.00585703468,0.13471939,0.0034795532999446262,4.7
3733.005858604089,0.13292184,0.003582411505582022,4.7
3734.0058601734986,0.1360638,0.0037087396943580155,4.7
3735.0058617429077,0.134285,0.0037019520183396966,4.7
3736.0058633123167,0.17352349,0.003660462679284763,4.7
3737.0058648817258,0.29424924,0.0035724540317567887,4.9
3738.005866451135,0.32200927,0.0034361888872335524,4.9
3739.005868020544,0.40328425,0.002572982522059196,4.800000000000001
3740.005869589953,0.3076095,0.0026756417496296377,4.800000000000001
3741.005871159362,0.24229437,0.0027181141102889882,2.5
3742.005872728771,0.23211105,0.002635933534901611,2.5
3743.00587429818,0.21004252,0.0024653855272008043,2.5
3744.005875867589,0.19797778,0.0022664368046321063,2.3000000000000003
3745.005877436998,0.2126538,0.002228075576258304,2.3000000000000003
3746.005879006407,0.19003205,0.0023752089358239762,6.1000000000000005
3747.0058805758163,0.1868607,0.0033380693328980667,2.5
3748.0058821452253,0.16901748,0.00340591471984413,2.5
3749.0058837146344,0.16432604,0.003362748100265037,2.5
3750.005885284044,0.17199798,0.003280079879103491,3.6
3751.005886853453,0.18018574,0.003274506850218401,4.0
3752.005888422862,0.18256342,0.003266490996539174,3.7
3753.005889992271,0.19150415,0.0033109026347667944,2.4000000000000004
3754.00589156168,0.20972621,0.0032949951543725362,3.7
3755.005893131089,0.21963845,0.003270551639426956,4.5
3756.005894700498,0.26321986,0.003131655947532451,4.0
3757.005896269907,0.35461825,0.0020521507704797633,3.2
3758.0058978393163,0.34726396,0.0020066983240417916,3.2
3759.0058994087253,0.34953538,0.0020082247065658864,3.2
3760.0059009781344,0.3495883,0.0020198707346416747,3.2
3761.0059025475434,0.34844694,0.001993857905777646,3.2
3762.0059041169525,0.35917524,0.0020013947462144037,10.8
3763.0059056863615,0.33352363,0.0019195709938577092,10.8
3764.0059072557706,0.33218637,0.001989667029908995,3.1
3765.0059088251796,0.31747326,0.0019740684058790763,3.1
3766.0059103945887,0.31273448,0.001949501310939477,3.1
3767.005911963998,0.30843207,0.0019616337043089275,3.1
3768.0059135334072,0.3070692,0.0019464628159918578,3.1
3769.0059151028163,0.29331344,0.0019610493870551807,6.2
3770.0059166722253,0.3014819,0.0019171704656404673,3.1
3771.0059182416344,0.28895876,0.0019266183116600354,3.1
3772.0059198110434,0.28592047,0.0019698229631946104,3.1
3773.0059213804525,0.27928752,0.0019612183281822585,3.1
3774.0059229498615,0.29905602,0.0019227211572140934,5.1000000000000005
3775.0059245192706,0.31095833,0.0019103484153758532,5.1000000000000005
3776.0059260886796,0.32824975,0.001950294980630664,5.1000000000000005
3777.0059276580887,0.3035822,0.0019900383480171936,5.1000000000000005
3778.0059292274977,0.33095136,0.001963308276272944,5.1000000000000005
3779.005930796907,0.33986858,0.0019385663331184361,5.1000000000000005
3780.005932366316,0.37185413,0.0019339227333463238,7.300000000000001
3781.005933935725,0.35139155,0.0019365257310415235,6.300000000000001
3782.005935505134,0.36766642,0.0018866994918894653,6.300000000000001
3783.0059370745435,0.3472871,0.001900155890645487,6.300000000000001
3784.0059386439525,0.3436166,0.0018922044648576174,6.300000000000001
3785.0059402133616,0.3407184,0.001895569383622164,7.300000000000001
3786.0059417827706,0.32711843,0.0018821375394708882,7.300000000000001
3787.0059433521797,0.34532025,0.0018248130575460226,5.9
3788.0059449215887,0.35888734,0.0018608235481891728,5.9
3789.0059464909978,0.34258586,0.0019273555091514326,6.800000000000001
3790.005948060407,0.34444043,0.0019373492121840363,3.9000000000000004
3791.005949629816,0.2967029,0.0019316987292144173,3.9000000000000004
3792.005951199225,0.6964839,0.009053610078503301,2.8000000000000003
3793.005952768634,0.5873153,0.014542728817937887,2.3000000000000003
3794.005954338043,0.53763855,0.01878392818077586,2.8000000000000003
3795.005955907452,0.7379357,0.01931048551126128,2.8000000000000003
3796.005957476861,0.66370517,0.01940453476424458,2.2
3797.00595904627,0.43536323,0.01946435181112561,2.2
3798.005960615679,0.2630982,0.019520749889689652,2.2
3799.0059621850883,0.52225566,0.019862881604778226,2.9000000000000004
3800.0059637544978,0.40228534,0.019988110841451058,2.9000000000000004
3801.005965323907,0.50052375,0.01999639051275747,2.2
3802.005966893316,0.16822,0.017993497423390778,1.2000000000000002
3803.005968462725,0.07498625,0.013982699487880295,2.3000000000000003
3804.005970032134,0.06111739,0.0073644692803056825,11.100000000000001
3805.005971601543,0.11863711,0.005791818714612237,9.5
3806.005973170952,0.12591697,0.005606278192724169,9.5
3807.005974740361,0.123707406,0.005539751008698713,7.5
3808.00597630977,0.18978822,0.005401201251175249,7.5
3809.005977879179,0.18891633,0.004092303950873254,7.2
3810.0059794485883,0.23009747,0.00349538291806721,3.8000000000000003
3811.0059810179973,0.17092676,0.0034736761414878824,3.8000000000000003
3812.0059825874064,0.21538928,0.0031403306102139633,3.2
3813.0059841568154,0.21087657,0.0031382924438814823,3.8000000000000003
3814.0059857262245,0.19645922,0.0033439721991021924,3.8000000000000003
3815.0059872956335,0.18631776,0.003504582029184269,3.8000000000000003
3816.005988865043,0.246373,0.0036612578176644594,7.1000000000000005
3817.005990434452,0.21670763,0.0035345182979013997,4.0
3818.005992003861,0.21393643,0.0036066512243976834,11.4
3819.00599357327,0.1994139,0.0036967501422234933,3.6
3820.0059951426792,0.17046873,0.00377202990814703,7.1000000000000005
3821.0059967120883,0.17477329,0.0038840329349141786,3.6
3822.0059982814973,0.16878434,0.004011941950794692,3.6
3823.0059998509064,0.15750003,0.0038542226763006635,3.2
3824.0060014203154,0.15366581,0.004118810236303446,2.7
3825.0060029897245,0.14282644,0.004193720048029756,4.4
3826.0060045591335,0.28197876,0.012667180988606988,3.4000000000000004
3827.0060061285426,0.13147017,0.01712271915524787,3.1
3828.0060076979516,0.25349244,0.01883088349088942,5.800000000000001
3829.0060092673607,0.22273736,0.0188029848124051,5.800000000000001
3830.0060108367697,0.10219845,0.01878086008879126,5.800000000000001
3831.006012406179,0.12464554,0.018776497860621386,5.800000000000001
3832.006013975588,0.10872988,0.018739140993826276,5.800000000000001
3833.0060155449974,0.110606685,0.01875755418726838,5.800000000000001
3834.0060171144064,0.18299647,0.018677569257625405,5.7
3835.0060186838155,0.14580837,0.018616241609773324,5.7
3836.0060202532245,0.29316443,0.014298327683883318,2.3000000000000003
3837.0060218226336,0.11623155,0.008438779853641054,2.7
3838.0060233920426,0.20981741,0.002853203181846156,4.0
3839.0060249614517,0.22701709,0.002827932059937564,4.0
3840.0060265308607,0.2515495,0.002695294070345077,4.0
3841.0060281002698,0.27596375,0.002572739484322736,4.0
3842.006029669679,0.33825603,0.0025503882071755695,4.5
3843.006031239088,0.38019222,0.002284709490590674,4.1000000000000005
3844.006032808497,0.40986001,0.0022916439802189714,4.2
3845.006034377906,0.38902697,0.002316167278780111,4.2
3846.006035947315,0.35961708,0.002508439090501846,4.1000000000000005
3847.006037516724,0.33936605,0.0024473615223718124,4.1000000000000005
3848.006039086133,0.31337833,0.0024941810096630558,3.7
3849.0060406555426,0.29354438,0.002473937671448716,4.1000000000000005
3850.0060422249517,0.30089962,0.0024707384609540793,4.1000000000000005
3851.0060437943607,0.29947856,0.0024660797027303712,4.2
3852.0060453637698,0.2535445,0.002479473674121345,4.2
3853.006046933179,0.30876592,0.002555911017563172,4.2
3854.006048502588,0.2380945,0.0028700300938540187,4.2
3855.006050071997,0.18655908,0.003445479393534348,2.8000000000000003
3856.006051641406,0.19627905,0.0034075117053707937,2.8000000000000003
3857.006053210815,0.1757126,0.003951221004710671,2.8000000000000003
3858.006054780224,0.15367746,0.004183565317599019,1.7000000000000002
3859.006056349633,0.15564226,0.004140931130611394,2.8000000000000003
3860.006057919042,0.19223942,0.004185606019724692,2.8000000000000003
3861.0060594884512,0.1744478,0.004190097397422886,2.8000000000000003
3862.0060610578603,0.18264243,0.004189826276919467,2.8000000000000003
3863.0060626272693,0.15535648,0.004139791702751991,2.8000000000000003
3864.0060641966784,0.18531352,0.003873281205992043,2.8000000000000003
3865.0060657660874,0.24718258,0.003403494773698754,5.800000000000001
3866.006067335497,0.243596,0.003313453346904753,5.800000000000001
3867.006068904906,0.292892,0.0027190465890485353,4.0
3868.006070474315,0.37150133,0.0023183818351390027,3.3000000000000003
3869.006072043724,0.36863077,0.002297118157169392,3.3000000000000003
3870.006073613133,0.3691187,0.00224721756223977,3.3000000000000003
3871.006075182542,0.38318193,0.0022220665426251392,3.4000000000000004
3872.0060767519512,0.37359288,0.002227552540733256,3.5
3873.0060783213603,0.35907617,0.002258925780302171,3.3000000000000003
3874.0060798907693,0.37031853,0.0022464053459420263,3.3000000000000003
3875.0060814601784,0.34614626,0.002189592776647699,7.5
3876.0060830295874,0.32643378,0.002172841086789533,7.5
3877.0060845989965,0.32693523,0.0021659423462658278,5.4
3878.0060861684055,0.32528654,0.002171503348892488,5.7
3879.0060877378146,0.3339274,0.0021457823022997583,5.7
3880.0060893072236,0.360812,0.0021541829974552704,5.7
3881.0060908766327,0.34876907,0.0022012272733524883,5.7
3882.006092446042,0.33424863,0.002157501838938667,5.7
3883.0060940154513,0.3497444,0.0022463913460142523,5.4
3884.0060955848603,0.3420911,0.002269282073385356,5.6000000000000005
3885.0060971542694,0.35550994,0.0023110151032192886,5.6000000000000005
3886.0060987236784,0.37229827,0.0023163615094921996,5.6000000000000005
3887.0061002930875,0.38609558,0.0022688762549414212,5.300000000000001
3888.0061018624965,0.5239046,0.003551758426350896,2.8000000000000003
3889.0061034319056,0.3586824,0.003983749781774702,2.8000000000000003
3890.0061050013146,0.1729421,0.00412044102417318,2.8000000000000003
3891.0061065707237,0.25443804,0.004418396072452642,2.7
3892.0061081401327,0.1504193,0.0047838426202528855,2.7
3893.0061097095418,0.1827169,0.0047789255655901995,2.7
3894.006111278951,0.16965236,0.004765102200937702,2.7
3895.00611284836,0.1664911,0.0047692639930418425,2.7
3896.006114417769,0.17250858,0.004768390257080233,2.7
3897.006115987178,0.16640364,0.004813195077859175,2.7
3898.006117556587,0.22873071,0.0039552259874354205,2.6
3899.0061191259965,0.26833224,0.003549484626774371,2.5
3900.0061206954056,0.21217631,0.0041764681110572546,4.9
3901.0061222648146,0.23193316,0.0038993765617409202,4.1000000000000005
3902.0061238342237,0.25251177,0.0034574338643573663,4.1000000000000005
3903.0061254036327,0.31512806,0.003453888200281617,4.1000000000000005
3904.006126973042,0.30691206,0.003430808643437991,4.1000000000000005
3905.006128542451,0.32960925,0.003428855514137333,5.0
3906.00613011186,0.33975327,0.0034209211549189465,4.1000000000000005
3907.006131681269,0.36141208,0.003351824753226768,5.1000000000000005
3908.006133250678,0.35753277,0.0033842456917799624,5.1000000000000005
3909.006134820087,0.2771189,0.0033795040319555595,5.1000000000000005
3910.006136389496,0.3758094,0.0023350178999469165,5.1000000000000005
3911.006137958905,0.43262643,0.0021906265974249235,5.1000000000000005
3912.006139528314,0.4229746,0.002199409047775812,3.0
3913.0061410977232,0.39974263,0.0021176298184378125,3.0
3914.0061426671323,0.39629486,0.002200747700788148,3.0
3915.006144236542,0.38250038,0.0021481020413321407,4.0
3916.006145805951,0.37917757,0.002215355613868936,4.0
3917.00614737536,0.35057765,0.0022649820154753866,4.0
3918.006148944769,0.34559435,0.0022205444688018564,3.9000000000000004
3919.006150514178,0.3687807,0.0022455901597953107,5.9
3920.006152083587,0.3597251,0.002241207390826691,3.9000000000000004
3921.006153652996,0.35223404,0.00227344983430902,5.9
3922.006155222405,0.35135415,0.0022599149123208096,5.9
3923.006156791814,0.37462866,0.002262028452623364,5.9
3924.0061583612232,0.38834143,0.0022606800709553004,3.0
3925.0061599306323,0.24779584,0.003144279885537361,12.100000000000001
3926.0061615000413,0.22212993,0.0036633636839020277,5.9
3927.0061630694504,0.16351984,0.0036356411581406935,5.9
3928.0061646388594,0.18969968,0.003672967508337491,3.1
3929.0061662082685,0.21865426,0.0041836882700391174,6.1000000000000005
3930.0061677776775,0.10715371,0.004616934666274927,6.1000000000000005
3931.0061693470866,0.10607164,0.004656348794874478,3.2
3932.006170916496,0.12190859,0.0046522393643958215,3.2
3933.006172485905,0.10739287,0.00463981626818974,3.2
3934.006174055314,0.10905202,0.0046126139955997274,3.9000000000000004
3935.0061756247233,0.17760468,0.004050108421568188,3.9000000000000004
3936.0061771941323,0.22732851,0.0035775913527001536,5.300000000000001
3937.0061787635414,0.22561347,0.003559726796317903,5.300000000000001
3938.0061803329504,0.22666351,0.003575057156238215,3.1
3939.0061819023595,0.31094378,0.0029405725378538095,3.1
3940.0061834717685,0.32589132,0.002360595401593035,3.1
3941.0061850411776,0.32370508,0.0022694953069269334,3.2
3942.0061866105866,0.33083987,0.002312724235541535,3.2
3943.0061881799957,0.32111126,0.002371733904060393,3.2
3944.0061897494047,0.33210668,0.0023700562522237264,3.2
3945.0061913188138,0.30549842,0.002489331160003545,5.6000000000000005
3946.006192888223,0.3120287,0.0024605225776554666,3.2
3947.006194457632,0.32621765,0.00249028756446884,3.2
3948.0061960270414,0.32477987,0.0024954271801246306,5.2
3949.0061975964504,0.3111111,0.002506087036928035,5.2
3950.0061991658595,0.3321622,0.0023934260926755735,5.2
3951.0062007352685,0.34640965,0.0024556573927076047,3.0
3952.0062023046776,0.22412068,0.004113084369966235,2.6
3953.0062038740866,0.20738089,0.004938953032247229,1.9000000000000001
3954.0062054434957,0.15205614,0.00500179290057225,2.0
3955.0062070129047,0.14736928,0.005013553916357825,2.0
3956.006208582314,0.14808479,0.00515982247915625,9.8
3957.006210151723,0.25101298,0.006261969091532769,2.0
3958.006211721132,0.17691198,0.19867450861643823,3.9000000000000004
3959.006213290541,0.2836502,0.20105306749455795,3.5
3960.00621485995,0.2386524,0.2010473246712627,3.5
3961.006216429359,0.11892073,0.20102071780252595,3.5
3962.006217998768,0.08830131,0.20096052860422503,3.5
3963.006219568177,0.17300749,0.2009141196126469,3.5
3964.006221137586,0.23850334,0.20087018667765005,3.5
3965.0062227069957,0.28369117,0.20082610223043673,3.5
3966.0062242764047,0.37642613,0.20076459269250502,3.5
3967.006225845814,0.50496083,0.20065467604824613,3.5
3968.006227415223,0.41317284,0.031020384437888265,2.9000000000000004
3969.006228984632,0.81495,0.0038331913854022627,7.0
3970.006230554041,0.7425972,0.002852511843838886,7.1000000000000005
3971.00623212345,0.7495534,0.002765859622135714,7.0
3972.006233692859,0.73143995,0.0027445547207007107,7.0
3973.006235262268,0.7264575,0.002713347287918553,7.0
3974.006236831677,0.7373361,0.0026813078122017876,7.0
3975.006238401086,0.75844526,0.002668698432283774,7.1000000000000005
3976.0062399704952,0.77883625,0.0024757954349312263,7.2
3977.0062415399043,0.7585769,0.0020962480680819014,10.100000000000001
3978.0062431093133,0.7719921,0.0016970174269876823,10.100000000000001
3979.0062446787224,0.7653614,0.0017036819064764135,6.800000000000001
3980.0062462481314,0.76522434,0.001711296385936117,6.800000000000001
3981.006247817541,0.7782324,0.0017315930218045484,6.800000000000001
3982.00624938695,0.75773674,0.001721508175125011,10.8
3983.006250956359,0.7744537,0.0017902011533605516,6.800000000000001
3984.006252525768,0.7679462,0.0018973506493757042,6.800000000000001
3985.006254095177,0.7222595,0.005064299276718327,3.0
3986.006255664586,0.6253675,0.005053713502124674,3.6
3987.0062572339953,0.5543324,0.005065999883626541,3.2
3988.0062588034043,0.56358296,0.005561571691306818,3.2
3989.0062603728134,0.5593694,0.005606181388188009,3.6
3990.0062619422224,0.624705,0.005660739027923978,3.9000000000000004
3991.0062635116315,0.51726633,0.005802031618193081,3.9000000000000004
3992.0062650810405,0.68915886,0.006183580448784698,3.9000000000000004
3993.0062666504496,0.57159466,0.006228010768318704,3.9000000000000004
3994.0062682198586,0.59962267,0.006729006118381119,2.9000000000000004
3995.0062697892677,0.47264373,0.0049572984474677,5.800000000000001
3996.0062713586767,0.5733398,0.0052506875971683855,5.800000000000001
3997.0062729280858,0.6151941,0.0055986708693788745,4.800000000000001
3998.0062744974953,0.5533625,0.005143212551122596,4.800000000000001
3999.0062760669043,0.5765435,0.0051193685443936795,4.800000000000001
4000.0062776363134,0.5471541,0.005144376769983838,4.9
4001.0062792057224,0.6396764,0.005030305688941347,4.9
4002.0062807751315,0.71310174,0.004571931734394213,4.9
4003.0062823445405,0.6010861,0.00451561588861725,4.9
4004.0062839139496,0.7469383,0.0036818853661138157,4.9
4005.0062854833586,0.7451173,0.0035387138956456754,4.9
4006.0062870527677,0.692502,0.0031701761163650676,4.9
4007.0062886221767,0.7761458,0.002584874411361731,5.7
4008.006290191586,0.6846541,0.0025915080253798356,5.7
4009.006291760995,0.6730253,0.002568849147528503,5.7
4010.006293330404,0.69348127,0.0024107014750869645,5.7
4011.006294899813,0.6877724,0.0025719085066996665,14.8
4012.006296469222,0.67391044,0.0027375823472171523,5.0
4013.006298038631,0.66117436,0.0027160864822329835,5.800000000000001
4014.0062996080405,0.6987517,0.0027310151710597686,5.6000000000000005
4015.0063011774496,0.7108625,0.002718486982478706,5.6000000000000005
4016.0063027468586,0.76608866,0.002586616588575406,5.800000000000001
4017.0063043162677,0.7561028,0.0024749720305220573,5.6000000000000005
4018.0063058856767,0.76160574,0.002377986956958286,5.6000000000000005
4019.006307455086,0.7673821,0.0024969026028137022,5.6000000000000005
4020.006309024495,0.7275682,0.0030184113632513343,5.2
4021.006310593904,0.68920785,0.002923394883014193,6.6000000000000005
4022.006312163313,0.6753521,0.0031824739378171272,7.0
4023.006313732722,0.6680362,0.0036315710897473342,7.0
4024.006315302131,0.6590809,0.0037373440237473076,6.6000000000000005
4025.00631687154,0.5575423,0.0037236218469277986,6.6000000000000005
4026.006318440949,0.54892176,0.00373052652536979,6.6000000000000005
4027.006320010358,0.5793206,0.003726480640152645,6.6000000000000005
4028.0063215797672,0.5666745,0.0037808738956685906,6.6000000000000005
4029.0063231491763,0.617116,0.003678119841348633,6.6000000000000005
4030.0063247185853,0.65422165,0.0033131578043475874,9.1
4031.006326287995,0.68542194,0.0031972285452036464,6.800000000000001
4032.006327857404,0.72761387,0.0027740518699909274,6.5
4033.006329426813,0.80361944,0.0021435825965623865,6.2
4034.006330996222,0.7809434,0.0019172223244982665,6.2
4035.006332565631,0.77761316,0.0018794109214236836,6.300000000000001
4036.00633413504,0.7857576,0.0018578802128495222,6.300000000000001
4037.006335704449,0.7913684,0.0018624564611409078,6.300000000000001
4038.006337273858,0.7807712,0.0017723140561424064,6.300000000000001
4039.0063388432673,0.776526,0.001788432689435244,15.0
4040.0063404126763,0.7615151,0.0017422008653458514,6.4
4041.0063419820854,0.7658436,0.0017587112670511811,6.4
4042.0063435514944,0.74817157,0.0017288369365596528,6.4
4043.0063451209035,0.7438723,0.0017145376941029593,6.4
4044.0063466903125,0.7628646,0.0017038320809163532,6.4
4045.0063482597216,0.7545356,0.0017377927321747912,6.4
4046.0063498291306,0.7482167,0.0017165905687961944,6.5
4047.00635139854,0.77487504,0.0017206772257200831,6.4
4048.006352967949,0.77848357,0.0017304621027556181,6.4
4049.006354537358,0.7743826,0.0017367923329443403,9.9
4050.0063561067673,0.7751397,0.001681868419520634,6.6000000000000005
4051.0063576761763,0.78404593,0.0016466111499200732,5.6000000000000005
4052.0063592455854,0.79385704,0.0016473850755029929,4.5
4053.0063608149944,0.77952415,0.0016627317634288826,6.5
4054.0063623844035,0.7952955,0.0017332488903511831,3.6
4055.0063639538125,0.7812225,0.0017805452686581085,6.4
4056.0063655232216,0.7658624,0.0017985739774167193,6.4
4057.0063670926306,0.7635711,0.0017832580266161657,6.4
4058.0063686620397,0.7802886,0.0021019630686317406,6.4
4059.0063702314487,0.8288388,0.0021749909180898952,6.4
4060.006371800858,0.7861781,0.002232025761476672,6.4
4061.006373370267,0.81623167,0.002307139931335638,7.0
4062.006374939676,0.81302625,0.002510309258643695,6.4
4063.006376509085,0.6782009,0.0029379933235379697,4.800000000000001
4064.0063780784944,0.65866184,0.0029155480901234183,4.800000000000001
4065.0063796479035,0.66621697,0.0030249970979921077,4.800000000000001
4066.0063812173125,0.6725643,0.0032119448264258336,4.800000000000001
4067.0063827867216,0.69187444,0.0032648864804600904,5.4
4068.0063843561306,0.6850386,0.0035821518095736594,5.300000000000001
4069.0063859255397,0.7489159,0.0036929806826732506,4.9
4070.0063874949487,0.6597443,0.003687582185641845,4.9
4071.006389064358,0.7672019,0.0037012876736460215,4.9
4072.006390633767,0.7564249,0.003687056865260933,5.300000000000001
4073.006392203176,0.69805163,0.003385602177594795,5.0
4074.006393772585,0.74866176,0.003387512877548535,5.0
4075.006395341994,0.742654,0.003266583458135906,6.4
4076.006396911403,0.72799695,0.003070173391120281,9.1
4077.006398480812,0.7225085,0.003008052657743639,5.300000000000001
4078.006400050221,0.77099496,0.002370631501168208,5.9
4079.00640161963,0.768119,0.0020970193389152508,5.9
4080.0064031890397,0.7802446,0.0020736253253668484,5.5
4081.0064047584488,0.7701916,0.001975679696106704,5.2
4082.006406327858,0.8000335,0.001753621552684096,5.2
4083.006407897267,0.7923556,0.0016856619175291666,6.0
4084.006409466676,0.8019649,0.0016605129971903115,6.0
4085.006411036085,0.80666053,0.0018214916132152034,6.4
4086.006412605494,0.8119943,0.0018227682984543227,6.1000000000000005
4087.006414174903,0.79240835,0.001792487788897007,6.1000000000000005
4088.006415744312,0.80687517,0.00179473575015789,6.2
4089.006417313721,0.8036335,0.001830565768571822,6.2
4090.00641888313,0.7983513,0.0017971720759874488,6.2
4091.0064204525393,0.8043991,0.0018578348586388916,6.7
4092.0064220219483,0.7916237,0.0018413912444051142,6.300000000000001
4093.0064235913574,0.78752613,0.0018581863478137938,6.300000000000001
4094.0064251607664,0.79122347,0.0018642643154153239,6.300000000000001
4095.0064267301755,0.7734558,0.0017288036704916688,6.7
4096.0064282995845,0.71285945,0.0032262564857394736,4.9
4097.006429868994,0.56015986,0.005293714307014997,3.2
4098.006431438403,0.59149665,0.005290513650137754,3.2
4099.006433007812,0.5141488,0.00527380509160981,3.2
4100.006434577221,0.556579,0.005272997940064007,3.2
4101.00643614663,0.6042315,0.005249697247896618,3.2
4102.006437716039,0.5369201,0.0052606093107353084,3.2
4103.006439285448,0.4970023,0.005252436526876884,3.2
4104.006440854857,0.5438027,0.005247418360759944,3.1
4105.006442424266,0.55573446,0.0052414129981938964,3.2
4106.006443993676,0.6207367,0.004481392973405274,2.9000000000000004
4107.0064455630845,0.78602,0.0016721235885177042,6.1000000000000005
4108.006447132494,0.75981057,0.002379100990922601,6.5
4109.006448701903,0.7460379,0.002402909893172482,6.5
4110.006450271312,0.73754436,0.0023965575694856263,6.5
4111.006451840721,0.73583585,0.0024380841355424805,6.5
4112.00645341013,0.7446207,0.0024123568561835447,6.5
4113.006454979539,0.7334508,0.0024253857199440774,6.5
4114.006456548948,0.72369957,0.002463131940107126,6.5
4115.006458118357,0.657642,0.0027468753438906657,5.0
4116.006459687766,0.6682045,0.002768579692553297,6.7
4117.006461257175,0.72203743,0.0027414044288873625,6.2
4118.0064628265845,0.6674333,0.0021884176823957174,6.9
4119.006464395993,0.69160986,0.0021641463757457674,6.9
4120.006465965403,0.68285996,0.0021870682236979,6.9
4121.006467534812,0.6823738,0.002146525362032524,6.9
4122.006469104221,0.68584585,0.0021459919197610467,8.1
4123.00647067363,0.68651277,0.0021017756239269563,8.1
4124.006472243039,0.71485627,0.0020661151992179094,8.1
4125.006473812448,0.7056147,0.0021978570338165126,6.300000000000001
4126.006475381857,0.7012482,0.0021868873373919583,8.1
4127.006476951266,0.73621774,0.0021731387290017273,8.1
4128.006478520675,0.7270541,0.0022432241374728506,6.5
4129.006480090085,0.72326785,0.0022261262457021233,6.5
4130.006481659493,0.70229185,0.0022511433669389794,6.5
4131.006483228903,0.71998394,0.0022564025743292914,6.5
4132.006484798311,0.7028577,0.00224393139576671,7.300000000000001
4133.006486367721,0.72281486,0.002278455071336354,7.300000000000001
4134.006487937129,0.7423231,0.0022974619288545985,7.300000000000001
4135.006489506539,0.74285024,0.002037396064619146,7.300000000000001
4136.006491075947,0.76191187,0.0020275053415308845,7.300000000000001
4137.006492645357,0.76940536,0.0020805446407515813,7.300000000000001
4138.0064942147665,0.78406334,0.0019997817579051193,7.300000000000001
4139.006495784175,0.7793862,0.0020461112700840283,9.700000000000001
4140.006497353585,0.7844937,0.002038461393580562,8.9
4141.006498922993,0.7787784,0.0020332359346373805,8.9
4142.006500492403,0.7767675,0.002039802594815287,8.9
4143.006502061811,0.79537964,0.002044632467747823,8.9
4144.006503631221,0.7711539,0.002001583028355337,8.0
4145.006505200629,0.76944965,0.0017238295959561398,10.9
4146.006506770039,0.75409377,0.0017938915051353877,9.8
4147.0065083394475,0.7310683,0.002164809366076279,10.9
4148.006509908857,0.6849262,0.002273933188620242,11.3
4149.006511478266,0.692842,0.002315290023807792,11.3
4150.006513047675,0.6856639,0.002291174293893947,11.3
4151.006514617084,0.68782514,0.0023063372983841168,11.3
4152.006516186493,0.6809084,0.002335733978848403,11.3
4153.006517755902,0.6850841,0.0023285963295504833,11.3
4154.006519325311,0.7030596,0.0023574038262551248,6.9
4155.006520894721,0.7029391,0.0023953318176199476,11.3
4156.006522464129,0.76224506,0.0023457344862460416,6.9
4157.006524033539,0.7716827,0.0019268829112402777,10.700000000000001
4158.0065256029475,0.7594352,0.0017594477098108253,10.5
4159.006527172357,0.77281934,0.0016775835910484344,10.9
4160.006528741766,0.7721057,0.0017113819761638363,10.9
4161.006530311175,0.78034586,0.0016842178849079943,10.9
4162.006531880584,0.78808236,0.0016362594710750567,0.30000000000000004
4163.006533449993,0.7589142,0.0016514201835845662,0.30000000000000004
4164.006535019402,0.7764196,0.0016322543165097603,10.0
4165.006536588811,0.7493408,0.0015693044651514214,7.7
4166.00653815822,0.7488454,0.0016888365759058729,6.0
4167.006539727629,0.76510805,0.0016996879579991816,6.0
4168.006541297038,0.35502023,0.039332032187111614,0.1
4169.0065428664475,0.40759528,0.04676759237596821,0.6000000000000001
4170.006544435856,0.31017724,0.04754584892620843,0.6000000000000001
4171.006546005266,0.32434434,0.050546506047859034,0.8
4172.006547574675,0.31678885,0.052636119582356145,0.8
4173.006549144084,0.38494667,0.08872562379356112,0.8
4174.006550713493,0.4999674,0.09330570490259495,0.8
4175.006552282902,0.30803987,0.09351455639644114,0.8
4176.006553852311,0.37171856,0.09362491590959487,0.8
4177.00655542172,0.39409664,0.09374530814675448,0.8
4178.006556991129,0.48588336,0.08489709972849291,0.8
4179.006558560538,0.33315462,0.08133352001595215,1.8
4180.0065601299475,0.22374628,0.08086860245660157,1.8
4181.006561699356,0.48294446,0.0790904388823173,1.8
4182.006563268766,0.3453387,0.07768647262828055,1.7000000000000002
4183.006564838174,0.28383163,0.03098768519392214,4.1000000000000005
4184.006566407584,0.2925253,0.045475985315300255,1.6
4185.006567976992,0.20845427,0.0470352011902678,1.7000000000000002
4186.006569546402,0.057440564,0.050491719576645736,1.0
4187.006571115811,0.022185745,0.050932909420411586,1.8
4188.00657268522,0.022908445,0.050943595932789056,1.8
4189.006574254629,0.099038295,0.050936781097312096,1.8
4190.006575824038,0.06562201,0.05097749298746036,1.8
4191.0065773934475,0.12473297,0.05104086269646285,1.0
4192.006578962856,0.37535554,0.05115708671626366,1.0
4193.006580532266,0.15516874,0.05151721012522492,1.8
4194.006582101674,0.486071,0.02813024613186871,0.9
4195.006583671084,0.33399287,0.02639214279062195,10.100000000000001
4196.006585240492,0.4240002,0.018929097639917316,5.1000000000000005
4197.006586809902,0.4357544,0.018095064497175274,3.7
4198.00658837931,0.3109326,0.018111945970507148,3.7
4199.00658994872,0.3624226,0.018134713747657828,3.7
4200.0065915181285,0.46140125,0.027990287972517455,2.1
4201.006593087538,0.41231167,0.05768113155314824,1.0
4202.006594656947,0.47735032,0.0978087603984024,2.6
4203.006596226356,0.26401764,0.10596274622454113,2.6
4204.006597795766,0.27456245,0.10577574893743812,2.6
4205.006599365174,0.34206688,0.10533805289717224,2.6
4206.006600934584,0.29981253,0.10536017881348803,2.6
4207.006602503992,0.3198883,0.10522506991567049,2.6
4208.006604073402,0.44004753,0.10522799968652582,2.6
4209.00660564281,0.4644057,0.1051988910567835,3.1
4210.00660721222,0.47484857,0.1100805347735518,3.0
4211.0066087816285,0.3893133,0.09803510525387714,1.9000000000000001
4212.006610351038,0.3519041,0.05908557964541029,1.6
4213.006611920447,0.4430346,0.042170927402124116,1.3
4214.006613489856,0.31128338,0.04213028611962764,1.4000000000000001
4215.006615059265,0.457315,0.04374179075527148,1.4000000000000001
4216.006616628674,0.48819286,0.043830568421637836,1.5
4217.006618198083,0.6045827,0.043859585693042706,1.4000000000000001
4218.006619767492,0.46190077,0.044195429215457174,1.4000000000000001
4219.006621336901,0.45542768,0.044161334671967443,1.4000000000000001
4220.00662290631,0.47207305,0.06332478939352443,2.6
4221.00662447572,0.38734248,0.06634328809676293,2.6
4222.0066260451285,0.3756797,0.0691922397985768,2.7
4223.006627614538,0.3745828,0.06907157608856167,2.7
4224.006629183947,0.24047008,0.06947646446939655,2.7
4225.006630753356,0.30238804,0.06867429751859422,2.7
4226.006632322765,0.30079365,0.06862848678091499,2.7
4227.006633892174,0.3752054,0.07308079303950747,3.2
4228.006635461583,0.4609186,0.08417874376563803,2.1
4229.006637030992,0.28433153,0.09965342607189745,2.1
4230.006638600401,0.24202678,0.08138366815545084,2.1
4231.00664016981,0.33563146,0.0788174538343327,2.1
4232.006641739219,0.040169064,0.07592319032574102,2.1
4233.006643308629,0.16802782,0.076042314122575,2.1
4234.006644878037,0.12655696,0.07584917206503529,2.2
4235.006646447447,0.19280726,0.07579356344861732,2.2
4236.006648016855,0.14821374,0.07572129481852892,2.2
4237.006649586265,0.5287253,0.07165305716106157,1.0
4238.006651155674,0.36224735,0.05752958838905806,0.7000000000000001
4239.006652725083,0.31593025,0.022581664575425854,4.9
4240.006654294492,0.25704122,0.01960106204060447,3.0
4241.006655863901,0.38285932,0.053738435522076314,1.8
4242.0066574333105,0.2918315,0.057254901984893435,1.5
4243.006659002719,0.024251945,0.05767270347941101,2.1
4244.006660572129,0.036091093,0.05760405415724409,2.1
4245.006662141537,0.09359589,0.05751380408866246,2.1
4246.006663710947,0.33763155,0.06350859270724925,1.5
4247.006665280355,0.42861375,0.08696277738318037,1.9000000000000001
4248.006666849765,0.41669944,0.09277819618723322,0.8
4249.006668419173,0.14664054,0.0940008011352183,1.0
4250.006669988583,0.3372843,0.09337252928807822,1.0
4251.0066715579915,0.40917346,0.07839211540602727,1.0
4252.006673127401,0.41284227,0.07578167017818738,0.9
4253.0066746968105,0.14800732,0.075245678666493,0.9
4254.006676266219,0.34106764,0.0751139003814673,0.9
4255.006677835629,0.42512316,0.07506431925133288,0.9
4256.006679405037,0.4770407,0.07002418217709008,1.0
4257.006680974447,0.37867773,0.03667883292207521,1.0
4258.006682543855,0.3886963,0.017315072009764596,4.4
4259.006684113265,0.50927603,0.01011026207803627,4.4
4260.006685682673,0.38376203,0.04006849161956561,0.2
4261.006687252083,0.34214947,0.07058850915832382,2.2
4262.0066888214915,0.30938718,0.08740168828942484,2.2
4263.006690390901,0.36847278,0.08751521057947174,2.2
4264.00669196031,0.49538174,0.08746161806295677,2.2
4265.006693529719,0.44532737,0.08743879625945133,2.2
4266.006695099128,0.44713598,0.08740388419499288,2.2
4267.006696668537,0.46351752,0.08815738982703046,2.2
4268.006698237946,0.6715809,0.10121750893751959,2.1
4269.006699807355,0.38942632,0.10371948695331888,2.2
4270.006701376765,0.4162398,0.10123994715103313,1.4000000000000001
4271.006702946173,0.22716562,0.09704256879676715,1.9000000000000001
4272.006704515583,0.5237337,0.08503475652417537,2.9000000000000004
4273.0067060849915,0.3700064,0.09086066899878992,2.0
4274.006707654401,0.57279,0.09086894913438687,2.0
4275.00670922381,0.43294573,0.09086278771477302,2.0
4276.006710793219,0.58944327,0.09785536929261848,1.9000000000000001
4277.006712362628,0.43885636,0.09731010803512771,1.9000000000000001
4278.006713932037,0.5569979,0.0838988229334805,2.1
4279.006715501446,0.49793756,0.08036015006038408,2.1
4280.006717070855,0.33919472,0.07452709057926934,1.3
4281.006718640264,0.030294677,0.09103369657675464,2.5
4282.006720209673,0.32874888,0.09301112707953328,2.5
4283.006721779082,0.4682257,0.08780594448054992,2.7
4284.0067233484915,0.4147908,0.0878586471734937,2.7
4285.0067249179,0.5749675,0.08794357847581134,2.7
4286.00672648731,0.06159826,0.08014684634593615,2.6
4287.006728056719,0.09533016,0.08026357074723035,2.6
4288.006729626128,0.082907274,0.08027469277865498,2.6
4289.006731195537,0.3773378,0.08037517975692683,2.8000000000000003
4290.006732764946,0.10374637,0.08024501137753863,2.8000000000000003
4291.006734334355,0.50480294,0.03372501165436388,1.3
4292.006735903764,0.487885,0.018519186005237734,5.6000000000000005
4293.006737473173,0.3859544,0.0190591343499388,5.0
4294.006739042582,0.44400594,0.03328299162766113,10.200000000000001
4295.0067406119915,0.4759486,0.06243586407115149,1.1
4296.0067421814,0.44624415,0.06243091826896748,1.0
4297.00674375081,0.46395665,0.06200471004941218,1.8
4298.006745320218,0.52337986,0.06167233972700806,1.0
4299.006746889628,0.46924338,0.06143463369433681,1.0
4300.006748459036,0.35953692,0.061126108817757985,1.7000000000000002
4301.006750028446,0.367617,0.0610177844874843,1.7000000000000002
4302.006751597854,0.47267684,0.06082664130200723,1.7000000000000002
4303.006753167264,0.5775596,0.059908063858758256,1.8
4304.006754736673,0.52012706,0.05314069299824346,1.0
4305.006756306082,0.44697365,0.005927419580369827,2.7
4306.0067578754915,0.30002192,0.004946067591557969,2.7
4307.0067594449,0.28945726,0.004847880765052264,2.7
4308.00676101431,0.42323142,0.004924089143937152,0.7000000000000001
4309.006762583718,0.3013561,0.0052136939049795,2.7
4310.006764153128,0.24394697,0.005318379882785185,2.7
4311.006765722536,0.19027516,0.005438895678985574,2.9000000000000004
4312.006767291946,0.20756292,0.005632071911118095,2.7
4313.006768861354,0.29480532,0.013067467446246818,0.5
4314.006770430764,0.5056148,0.07454295389801971,2.2
4315.0067720001725,0.20505483,0.10775371162885633,1.8
4316.006773569582,0.26174298,0.10783646328950182,1.8
4317.006775138991,0.29510525,0.10790746782339997,1.8
4318.0067767084,0.25761276,0.10805061200452702,1.8
4319.00677827781,0.27542755,0.10811389302592436,1.9000000000000001
4320.006779847218,0.29707444,0.10824530442203621,1.9000000000000001
4321.006781416628,0.4576164,0.11837689641861515,1.9000000000000001
4322.006782986036,0.35470176,0.14339505771617614,1.9000000000000001
4323.006784555446,0.409359,0.21533163825398619,1.6
4324.006786124854,0.26310676,0.21618132953143465,1.6
4325.006787694264,0.7148486,0.21365717917178895,0.1
4326.0067892636725,0.5144579,0.21992504291962073,0.1
4327.006790833082,0.6155812,0.22592761606212786,0.1
4328.006792402491,0.4147828,0.23100938531028647,1.5
4329.0067939719,0.419256,0.23352198543700103,1.5
4330.006795541309,0.7662531,0.2351978633817448,1.5
4331.006797110718,0.8117861,0.23111317793137243,1.5
4332.006798680127,0.83288735,0.2333143120787178,3.1
4333.006800249536,0.7581383,0.21746251988356058,3.6
4334.006801818945,0.66300297,0.22504777012860736,3.1
4335.0068033883545,0.4765038,0.22891806228831743,3.9000000000000004
4336.006804957764,0.37666756,0.23345546603625603,3.9000000000000004
4337.006806527173,0.24303834,0.2306518519432659,3.9000000000000004
4338.006808096582,0.40287203,0.2307979222941344,3.8000000000000003
4339.006809665991,0.5277012,0.22849733428293262,3.8000000000000003
4340.0068112354,0.6621121,0.22673943529384005,3.8000000000000003
4341.006812804809,0.64041936,0.22615208567906098,3.8000000000000003
4342.006814374218,0.48302504,0.21044700571680292,3.8000000000000003
4343.006815943627,0.3801451,0.16411732042990784,1.8
4344.006817513036,0.24110201,0.13430278148811595,0.7000000000000001
4345.006819082445,0.2883192,0.1070382846926636,2.3000000000000003
4346.0068206518545,0.28496167,0.08467414555212044,2.3000000000000003
4347.006822221263,0.3317995,0.09029959194102093,0.9
4348.006823790673,0.40300018,0.07538125056176649,0.9
4349.006825360081,0.43571752,0.0771865438795013,0.7000000000000001
4350.006826929491,0.40662754,0.09736543654177478,0.7000000000000001
4351.006828498899,0.6559543,0.09785031826465894,0.7000000000000001
4352.006830068309,0.57373744,0.1005014353649466,0.8
4353.006831637718,0.28902537,0.1672866815786398,1.6
4354.006833207127,0.33962753,0.17061315758290413,1.6
4355.006834776536,0.45163122,0.17984892432918004,1.6
4356.006836345945,0.5488341,0.17799187722449267,1.6
4357.0068379153545,0.6972702,0.1730384065718541,1.7000000000000002
4358.006839484763,0.67497766,0.17550423279914415,1.7000000000000002
4359.006841054173,0.6357182,0.1756897255682416,1.7000000000000002
4360.006842623581,0.31802028,0.1663070039719303,1.7000000000000002
4361.006844192991,0.3774046,0.16641935198562907,1.7000000000000002
4362.006845762399,0.25540426,0.16427093521345917,2.1
4363.006847331809,0.054905266,0.10207855645308686,1.7000000000000002
4364.006848901217,0.054958783,0.09943636996101504,2.6
4365.006850470627,0.035850473,0.08482355872106954,5.1000000000000005
4366.0068520400355,0.025498813,0.08914779037553512,5.1000000000000005
4367.006853609445,0.01231591,0.08891029711560491,5.1000000000000005
4368.0068551788545,0.007115861,0.08841048265743358,2.6
4369.006856748263,0.0032541272,0.09475980917173821,4.9
4370.006858317673,0.011253051,0.11370655818718022,3.7
4371.006859887081,0.113820724,0.12943219488428528,3.7
4372.006861456491,0.04215208,0.1292741276165884,3.7
4373.006863025899,0.24017942,0.12561842721317032,1.7000000000000002
4374.006864595309,0.5212631,0.12395121904345188,1.7000000000000002
4375.006866164717,0.570532,0.11963794767532586,1.7000000000000002
4376.006867734127,0.52112305,0.11532940711972953,0.1
4377.0068693035355,0.4816542,0.1119339997423427,0.1
4378.006870872945,0.7262534,0.10812770347087604,1.7000000000000002
4379.006872442354,0.7721339,0.09689512668454357,1.3
4380.006874011763,0.48771456,0.06255229432628649,1.6
4381.006875581172,0.43972436,0.008626635615074128,10.600000000000001
4382.006877150581,0.5380998,0.006896844701218658,15.0
4383.00687871999,0.49284092,0.006916720924509634,15.0
4384.006880289399,0.404732,0.006775588557568375,15.0
4385.006881858809,0.48263666,0.006703013456494895,15.0
4386.006883428217,0.5552392,0.006289364823903003,12.700000000000001
4387.006884997627,0.49161622,0.004571469263739782,12.8
4388.0068865670355,0.4426692,0.004288980545701922,12.9
4389.006888136445,0.43989545,0.0036237897950353376,12.5
4390.006889705854,0.4175233,0.0033099942405713316,12.5
4391.006891275263,0.375906,0.0027313166707668922,10.100000000000001
4392.006892844672,0.41045347,0.00271364550303698,10.100000000000001
4393.006894414081,0.3826059,0.002054077290175724,14.0
4394.00689598349,0.27744752,0.002060967194042196,14.0
4395.006897552899,0.2332301,0.0020377858886917208,14.0
4396.006899122308,0.50477225,0.005587876073982308,3.6
4397.006900691717,0.4441034,0.008535835411765022,1.8
4398.006902261126,0.4271049,0.011633525426996973,8.8
4399.0069038305355,0.58303225,0.011790291378612656,8.700000000000001
4400.006905399944,0.6511003,0.012112281458031969,8.700000000000001
4401.006906969354,0.6347714,0.01304901489655247,4.2
4402.006908538763,0.6013481,0.013825148367167195,4.2
4403.006910108172,0.60885656,0.023112158797924467,4.2
4404.006911677581,0.49523047,0.029812553302269135,3.2
4405.00691324699,0.36969772,0.03333866157468596,3.4000000000000004
4406.006914816399,0.27517447,0.03477605838307665,3.7
4407.006916385808,0.28582078,0.03733583099290585,3.6
4408.006917955217,0.18910094,0.04088894289410282,3.6
4409.006919524626,0.27020085,0.042395322127235284,2.7
4410.0069210940355,0.15196162,0.04261858607767197,3.7
4411.006922663444,0.2299434,0.04246726191846263,3.7
4412.006924232854,0.21827708,0.04224521518549402,3.7
4413.006925802262,0.54813415,0.03792851761807585,3.7
4414.006927371672,0.5860311,0.033016646700341115,2.7
4415.00692894108,0.6013815,0.0294626655119476,2.7
4416.00693051049,0.51680297,0.027281663434838208,3.8000000000000003
4417.006932079898,0.36598775,0.02416023279569639,1.9000000000000001
4418.006933649308,0.391409,0.015792519368686364,2.0
4419.006935218717,0.22405131,0.013205892127249066,3.2
4420.006936788126,0.2886549,0.015187083702066779,4.5
4421.006938357536,0.33491063,0.023372928013792323,2.6
4422.006939926944,0.36246464,0.024461233845821544,2.6
4423.006941496354,0.35986966,0.025286399723427142,2.6
4424.006943065762,0.27888218,0.025317884573702813,2.6
4425.006944635172,0.2304958,0.027038213449922636,2.5
4426.00694620458,0.5219421,0.027029855488131315,2.5
4427.00694777399,0.4432035,0.025758572212858464,2.5
4428.006949343398,0.4369915,0.025614962958830412,2.5
4429.006950912808,0.5354157,0.024869539734050743,2.5
4430.006952482217,0.29416144,0.031026387177398914,2.0
4431.006954051626,0.3151461,0.02590173423131964,2.2
4432.006955621035,0.30222967,0.028141917913393846,4.7
4433.006957190444,0.37019733,0.028338206444751865,4.7
4434.006958759854,0.46441147,0.029327351708831443,4.7
4435.006960329262,0.25738195,0.02922697287567596,4.7
4436.006961898672,0.19296363,0.029686196386247945,4.6000000000000005
4437.00696346808,0.22341202,0.03084277184875876,4.6000000000000005
4438.00696503749,0.21280791,0.03090551830129867,4.6000000000000005
4439.0069666068985,0.29763162,0.03070618297412804,4.6000000000000005
4440.006968176308,0.2430603,0.022928329935924665,4.6000000000000005
4441.006969745717,0.24563277,0.02231396991400123,4.6000000000000005
4442.006971315126,0.3205647,0.018031725721372363,3.8000000000000003
4443.006972884535,0.27106133,0.016552052519011026,3.7
4444.006974453944,0.32391793,0.014690720807081213,6.2
4445.006976023353,0.48451823,0.011447591366418177,6.2
4446.006977592762,0.44298676,0.010133071841509593,6.2
4447.006979162171,0.6287144,0.005748006401341984,6.2
4448.00698073158,0.4703771,0.005486148774745487,6.5
4449.006982300989,0.34842843,0.005143499473799733,6.9
4450.0069838703985,0.21484627,0.005917484945032002,3.2
4451.006985439808,0.5907454,0.007241478465358282,2.4000000000000004
4452.006987009217,0.45975915,0.009253691127991953,2.4000000000000004
4453.006988578626,0.39540002,0.009752996046707851,2.2
4454.006990148035,0.37999406,0.009818641340208505,2.3000000000000003
4455.006991717444,0.4027518,0.011870855222115931,2.2
4456.006993286853,0.3428181,0.013063958139769334,2.2
4457.006994856262,0.37492955,0.023626996489777723,5.4
4458.006996425671,0.2204757,0.02572034365602472,4.0
4459.00699799508,0.11584294,0.027883059609980027,4.800000000000001
4460.006999564489,0.26699144,0.02754750930135365,4.9
4461.0070011338985,0.26538393,0.027176950695691055,4.9
4462.007002703307,0.3099255,0.02960004844161979,3.9000000000000004
4463.007004272717,0.16381086,0.02993563806761184,3.9000000000000004
4464.007005842125,0.27462658,0.03334694096467503,3.9000000000000004
4465.007007411535,0.25735334,0.033809040436715794,3.9000000000000004
4466.007008980943,0.28824288,0.03338750600105676,3.9000000000000004
4467.007010550353,0.20366879,0.027165454232043793,3.7
4468.007012119762,0.45956525,0.02882035097586692,2.5
4469.007013689171,0.39121038,0.02726453439976826,4.6000000000000005
4470.00701525858,0.35718623,0.02731137725331246,6.2
4471.007016827989,0.5984135,0.028035646992616927,6.2
4472.0070183973985,0.54443,0.02809116803180343,6.2
4473.007019966807,0.39362735,0.027567502856127434,6.2
4474.007021536217,0.6031735,0.023405871009558963,5.6000000000000005
4475.007023105625,0.6720633,0.021723358010909435,5.6000000000000005
4476.007024675035,0.6760483,0.021709136524373087,5.6000000000000005
4477.007026244443,0.47841963,0.021598753385544258,5.6000000000000005
4478.007027813853,0.60765415,0.016484409396714896,3.9000000000000004
4479.007029383261,0.46083272,0.015559601058060687,3.9000000000000004
4480.007030952671,0.5097481,0.015680543488463664,3.9000000000000004
4481.0070325220795,0.38651013,0.01911085663332588,3.9000000000000004
4482.007034091489,0.6543312,0.016664081157142685,3.9000000000000004
4483.007035660898,0.6464304,0.016923484422923483,3.9000000000000004
4484.007037230307,0.5813455,0.01677671019890749,3.7
4485.007038799717,0.55816966,0.017779999433716415,3.7
4486.007040369125,0.42682838,0.08255721257203186,1.9000000000000001
4487.007041938535,0.44194722,0.08258525641981299,1.9000000000000001
4488.007043507943,0.49379537,0.08259536053252914,1.9000000000000001
4489.007045077353,0.4972504,0.08262205700643437,1.9000000000000001
4490.007046646761,0.5173195,0.08274625294329936,2.2
4491.007048216171,0.51228327,0.08237700656934445,1.6
4492.0070497855795,0.6950682,0.08190028635267294,1.8
4493.007051354989,0.77434987,0.08188079150837808,1.6
4494.007052924398,0.7251695,0.0818948017222644,1.6
4495.007054493807,0.85907906,0.08167619984528551,2.0
4496.007056063216,0.9255794,0.012612726731588478,2.3000000000000003
4497.007057632625,0.91125965,0.0125395614631096,2.3000000000000003
4498.007059202034,0.8725812,0.01253601113624218,0.1
4499.007060771443,0.8396831,0.012553913071880111,2.3000000000000003
4500.007062340853,0.65970635,0.011656620397957864,1.7000000000000002
4501.007063910261,0.8791973,0.005397289465282688,2.2
4502.007065479671,0.84124804,0.004987945686426768,3.0
4503.0070670490795,0.9334556,0.08257161763758843,1.7000000000000002
4504.007068618489,0.928357,0.08343149802738346,1.7000000000000002
4505.007070187898,0.74747455,0.0835844396181512,1.6
4506.007071757307,0.6082619,0.08357638928654096,1.7000000000000002
4507.007073326716,0.515415,0.08355691378623624,1.7000000000000002
4508.007074896125,0.5108915,0.08353810158466494,1.6
4509.007076465534,0.5086781,0.08348725982033244,1.7000000000000002
4510.007078034943,0.47821638,0.08346149762967751,1.6
4511.007079604352,0.6747383,0.08387783325376284,1.5
4512.007081173761,0.48299807,0.08662357482702834,1.9000000000000001
4513.00708274317,0.49108064,0.027970698085251593,3.6
4514.0070843125795,0.3893509,0.025390154220116284,2.1
4515.007085881988,0.37615997,0.027181935242105774,2.1
4516.007087451398,0.4471326,0.027276122406728262,2.1
4517.007089020807,0.46900186,0.027296515134562115,2.1
4518.007090590216,0.23767398,0.0276622229649302,2.1
4519.007092159625,0.25988162,0.029990898483036436,2.1
4520.007093729034,0.30123258,0.035832113594118885,3.5
4521.007095298443,0.16823159,0.03472503787603446,4.5
4522.007096867852,0.37645802,0.028066689407480017,4.7
4523.007098437261,0.23132242,0.032912643291973326,5.800000000000001
4524.00710000667,0.23039305,0.0328534891622412,5.800000000000001
4525.00710157608,0.32846436,0.031425495812667625,5.800000000000001
4526.007103145488,0.33435485,0.03153641884175696,5.800000000000001
4527.007104714898,0.3005748,0.03203882736714402,5.800000000000001
4528.007106284306,0.40235844,0.03175092611712124,5.800000000000001
4529.007107853716,0.5280607,0.029671013695837745,5.800000000000001
4530.007109423124,0.45502985,0.023635414265418864,5.800000000000001
4531.007110992534,0.55599105,0.023592768353407477,5.800000000000001
4532.007112561942,0.36752954,0.022268887510414045,5.5
4533.007114131352,0.41532853,0.012355756206156155,9.9
4534.0071157007615,0.42128518,0.012366499097051797,9.9
4535.00711727017,0.54809576,0.011805232197740732,8.5
4536.00711883958,0.4370959,0.011304509115551998,6.6000000000000005
4537.007120408988,0.56172335,0.00996513948552019,5.7
4538.007121978398,0.52252376,0.010003489013174629,3.6
4539.007123547806,0.53347045,0.010912317807852628,3.6
4540.007125117216,0.5167928,0.007378662409483852,3.6
4541.007126686624,0.61542,0.007562279147966134,3.6
4542.007128256034,0.55653447,0.0075487151490438754,3.0
4543.0071298254425,0.55356026,0.007515168426856595,3.0
4544.007131394852,0.33172473,0.00738882634155019,15.0
4545.007132964261,0.5577637,0.00669821314426844,15.0
4546.00713453367,0.5152532,0.0070215728339415575,15.0
4547.007136103079,0.569258,0.007223623414535464,8.0
4548.007137672488,0.49137044,0.007252808480719902,15.0
4549.007139241897,0.57437676,0.005113151453463913,15.0
4550.007140811306,0.4862755,0.004695402749261096,15.0
4551.007142380716,0.57866997,0.004401590276973199,8.8
4552.007143950124,0.459366,0.004967737003470277,11.8
4553.007145519534,0.40934005,0.005561043522586387,8.8
4554.0071470889425,0.4803231,0.005924557032096239,8.8
4555.007148658352,0.47024927,0.005991773186455427,8.8
4556.007150227761,0.43369645,0.005636371859060615,7.7
4557.00715179717,0.3947193,0.005126840983491032,7.7
4558.007153366579,0.48999265,0.004914925107573411,8.3
4559.007154935988,0.5454425,0.005156335224287958,7.300000000000001
4560.007156505397,0.5316997,0.005788555136773103,7.300000000000001
4561.007158074806,0.53731596,0.00872780634334568,7.6000000000000005
4562.007159644215,0.50412905,0.009172075576181788,9.700000000000001
4563.007161213624,0.59150416,0.011200107576335537,9.700000000000001
4564.007162783033,0.5705406,0.0113750254737782,9.1
4565.0071643524425,0.5450688,0.011468749562427235,9.200000000000001
4566.007165921852,0.544546,0.011571192031650591,6.4
4567.007167491261,0.55746347,0.011591702436275421,9.3
4568.00716906067,0.6456587,0.011763867911633315,9.3
4569.007170630079,0.6664323,0.011751127773422871,9.700000000000001
4570.007172199488,0.5332417,0.012339702348020301,9.3
4571.007173768897,0.60818064,0.010496259679252815,9.3
4572.007175338306,0.6141218,0.009971738783866145,10.700000000000001
4573.007176907715,0.5635965,0.007380223761467751,8.3
4574.007178477124,0.46857873,0.00702895699936012,10.700000000000001
4575.007180046533,0.5184179,0.007531045525051491,8.3
4576.0071816159425,0.5426598,0.007930733194477423,8.5
4577.007183185351,0.6236283,0.009979133615565681,8.5
4578.007184754761,0.6974913,0.01007632306023855,8.5
4579.007186324169,0.4984917,0.010684516304969716,9.600000000000001
4580.007187893579,0.59002304,0.00968198573789933,9.600000000000001
4581.007189462987,0.6300306,0.009784999516496147,8.5
4582.007191032397,0.48247743,0.009884706916660114,8.5
4583.007192601806,0.33798262,0.010915193721414952,8.6
4584.007194171215,0.35614264,0.01083581746810877,8.6
4585.007195740624,0.3815541,0.010393194257615134,9.5
4586.007197310033,0.40152094,0.009922954593678937,9.5
4587.0071988794425,0.49244946,0.007886682995780268,8.700000000000001
4588.007200448851,0.5159072,0.007543270584539339,8.700000000000001
4589.007202018261,0.600068,0.006631646183012704,8.3
4590.007203587669,0.6104381,0.006657481772527759,8.3
4591.007205157079,0.558874,0.006655159286927428,8.3
4592.007206726487,0.6493834,0.006447536063166649,12.5
4593.007208295897,0.43336514,0.004229661611617823,14.8
4594.007209865305,0.4911395,0.004244422299788776,14.8
4595.007211434715,0.5265807,0.0041212752810669976,14.8
4596.0072130041235,0.5448082,0.004145536771793696,14.8
4597.007214573533,0.5218945,0.003909866085330009,14.8
4598.007216142942,0.45593485,0.003790499724412532,14.8
4599.007217712351,0.3404548,0.003626225888709456,14.8
4600.007219281761,0.3016032,0.003518607609796284,14.8
4601.007220851169,0.20200771,0.0031111085702342283,14.9
4602.007222420579,0.21397544,0.002839970958664807,14.8
4603.007223989987,0.21075663,0.0027820661529553868,13.3
4604.007225559397,0.23017922,0.0023775109689346337,15.0
4605.007227128805,0.23791946,0.0024358314419473687,15.0
4606.007228698215,0.3391338,0.07461152039868665,0.1
4607.0072302676235,0.19358599,0.10062244149192508,2.1
4608.007231837033,0.14821728,0.10065725340350061,2.0
4609.007233406442,0.16936024,0.10071011148230621,2.0
4610.007234975851,0.25576615,0.10076855891669231,1.9000000000000001
4611.00723654526,0.18777826,0.1007969286657578,1.9000000000000001
4612.007238114669,0.32874516,0.1008246398826308,1.9000000000000001
4613.007239684078,0.53344625,0.10085624587088914,2.1
4614.007241253487,0.7177146,0.10087966648271902,2.1
4615.007242822896,0.6018496,0.10090609280340769,2.1
4616.007244392305,0.618282,0.06724570741350627,2.5
4617.007245961715,0.6637191,0.005741587855336143,1.5
4618.0072475311235,0.57451576,0.0052946074178686605,1.5
4619.007249100533,0.7892617,0.03154068297392412,0.4
4620.007250669942,0.77774125,0.059395122769311595,1.5
4621.007252239351,0.54280984,0.05971191293033968,1.2000000000000002
4622.00725380876,0.59295356,0.05980096611367594,1.2000000000000002
4623.007255378169,0.45819616,0.05980730851493351,1.2000000000000002
4624.007256947578,0.3094171,0.059776680910947864,1.2000000000000002
4625.007258516987,0.59206784,0.10517241495554923,1.8
4626.007260086396,0.6513971,0.1122583577648982,1.8
4627.007261655805,0.76527053,0.11228238318403834,1.8
4628.007263225214,0.8325109,0.11290431223801356,2.3000000000000003
4629.007264794624,0.8364894,0.11022848466026358,2.3000000000000003
4630.007266364032,0.5991481,0.12132852070971316,2.0
4631.007267933442,0.5083367,0.12127394988472172,2.0
4632.007269502851,0.47460914,0.12125495434569745,2.0
4633.00727107226,0.7100293,0.12130252909214273,2.0
4634.007272641669,0.47060162,0.12133087804588297,2.0
4635.007274211078,0.48600653,0.08516902952291128,1.5
4636.007275780487,0.5623284,0.07548839558830449,1.5
4637.007277349896,0.67926896,0.07541384786798522,1.5
4638.0072789193055,0.557931,0.07436435170881255,1.5
4639.007280488714,0.5877688,0.07049178673531648,1.2000000000000002
4640.007282058124,0.36509392,0.12494123939305814,0.1
4641.007283627532,0.43441418,0.2895446363815087,0.1
4642.007285196942,0.37708035,0.31442746378747133,0.1
4643.00728676635,0.16400187,0.31432596745264246,0.1
4644.00728833576,0.32488105,0.3142957107660424,0.1
4645.007289905168,0.26123083,0.3142894294420092,0.1
4646.007291474578,0.44482628,0.31425660412739487,0.1
4647.0072930439865,0.460002,0.31422036379660306,0.1
4648.007294613396,0.5640048,0.3142088773130817,0.1
4649.0072961828055,0.60956985,0.314460656915217,0.1
4650.007297752214,0.35953504,0.29765775371568626,0.1
4651.007299321624,0.2146085,0.14040258034157854,1.9000000000000001
4652.007300891032,0.26407284,0.058523090315678594,1.3
4653.007302460442,0.2122425,0.05802462683558643,1.4000000000000001
4654.00730402985,0.22668436,0.05804594744307804,1.4000000000000001
4655.00730559926,0.14378671,0.0595000019226223,1.5
4656.007307168668,0.45616835,0.060213623440524375,1.5
4657.007308738078,0.02632286,0.08563416937764184,1.3
4658.0073103074865,0.043923754,0.08561355780398949,1.3
4659.007311876896,0.057016395,0.08192607307066284,1.3
4660.007313446305,0.09359923,0.06322011199001303,1.2000000000000002
4661.007315015714,0.1031454,0.06315384248767306,1.2000000000000002
4662.007316585123,0.16709219,0.06312784208394424,1.2000000000000002
4663.007318154532,0.30219617,0.06307937835574223,1.2000000000000002
4664.007319723941,0.28980538,0.0630374633328386,1.2000000000000002
4665.00732129335,0.2166958,0.061714079969126784,1.3
4666.00732286276,0.3011582,0.061025869242285355,1.4000000000000001
4667.007324432168,0.26860714,0.00396247293525656,14.100000000000001
4668.007326001578,0.22618668,0.003913953002272782,14.100000000000001
4669.0073275709865,0.27433643,0.0038806911078183206,14.100000000000001
4670.007329140396,0.21665725,0.0038579955481196277,14.100000000000001
4671.007330709805,0.20975913,0.0035248158691866954,14.200000000000001
4672.007332279214,0.20417401,0.0033985337167037446,12.5
4673.007333848623,0.19245505,0.00339752587586688,12.5
4674.007335418032,0.21525706,0.003380415492694269,12.5
4675.007336987441,0.19941314,0.0025769185964194924,14.3
4676.00733855685,0.19975145,0.0024467402358921927,13.700000000000001
4677.007340126259,0.20961593,0.002215186103299505,14.700000000000001
4678.007341695668,0.20535183,0.0021359231677196295,13.700000000000001
4679.007343265077,0.19494838,0.00199504905315868,13.700000000000001
4680.0073448344865,0.20926464,0.0019873933668247234,14.8
4681.007346403895,0.2202414,0.002125709952894387,14.8
4682.007347973305,0.1879748,0.0022274129476919724,14.600000000000001
4683.007349542714,0.18529713,0.0022067904992791707,14.600000000000001
4684.007351112123,0.18161707,0.002234411844428157,13.4
4685.007352681532,0.1884714,0.0019780737327686035,14.600000000000001
4686.007354250941,0.1892076,0.0020514587214036013,13.4
4687.00735582035,0.20773786,0.0022226632721643025,14.600000000000001
4688.007357389759,0.20436242,0.002252680086289938,14.600000000000001
4689.007358959168,0.17265236,0.0025904050808882475,12.9
4690.007360528577,0.19307157,0.0027218439733385598,15.0
4691.0073620979865,0.17551409,0.0026417764736159626,15.0
4692.007363667395,0.18029281,0.0025254971997829196,12.100000000000001
4693.007365236805,0.18984333,0.0027184604419451435,14.9
4694.007366806213,0.2727718,0.0028403640270216217,12.200000000000001
4695.007368375623,0.21770486,0.0028495988502419945,12.200000000000001
4696.007369945031,0.19916281,0.0027714562684140664,12.200000000000001
4697.007371514441,0.19574039,0.0026459350971938505,12.200000000000001
4698.00737308385,0.1888714,0.003002512823180785,12.200000000000001
4699.007374653259,0.20237364,0.002770704589450401,11.100000000000001
4700.007376222668,0.18059424,0.00336942301124701,13.700000000000001
4701.007377792077,0.20067574,0.0033513210070757653,13.700000000000001
4702.0073793614865,0.18406323,0.003675015260214767,13.600000000000001
4703.007380930895,0.19003299,0.0037323317066584962,11.0
4704.007382500305,0.21080062,0.003640623815889291,11.0
4705.007384069713,0.1949006,0.0036762928268902584,11.0
4706.007385639123,0.19625796,0.003627686086244025,11.0
4707.007387208531,0.20140618,0.003655214913702952,11.0
4708.007388777941,0.18886733,0.0037952093619496624,13.5
4709.007390347349,0.17239538,0.003917379269364169,13.5
4710.007391916759,0.20355342,0.0033235598795332126,14.9
4711.0073934861675,0.18358605,0.0033414926774163463,14.9
4712.007395055577,0.1811496,0.0030619218265625315,12.600000000000001
4713.007396624986,0.1542423,0.003263523305158587,14.9
4714.007398194395,0.15630794,0.0032482423350869423,14.9
4715.007399763805,0.15101752,0.003208427838944688,14.9
4716.007401333213,0.13964342,0.0032487223894815567,14.9
4717.007402902623,0.1792466,0.003375662816568582,13.100000000000001
4718.007404472031,0.20122936,0.002896831039842013,13.100000000000001
4719.007406041441,0.27677634,0.00881168568848776,5.300000000000001
4720.007407610849,0.4701391,0.009141762062749942,4.1000000000000005
4721.007409180259,0.5621142,0.009210309188772779,4.4
4722.0074107496675,0.577537,0.0092898991392124,4.4
4723.007412319077,0.4732584,0.012490716024283305,3.9000000000000004
4724.007413888486,0.5476459,0.01641667391655337,3.9000000000000004
4725.007415457895,0.48403654,0.0167816332820071,3.9000000000000004
4726.007417027304,0.30044568,0.01699255990444591,3.9000000000000004
4727.007418596713,0.45395088,0.023967067737302374,2.7
4728.007420166122,0.448099,0.028130798169844987,3.0
4729.007421735531,0.593428,0.02774279013295941,3.0
4730.00742330494,0.393108,0.029277819554675594,3.0
4731.007424874349,0.23927534,0.030093177816777544,5.2
4732.007426443759,0.13342755,0.03128232392475199,3.0
4733.007428013168,0.2037091,0.03016213362234111,3.1
4734.007429582577,0.47473925,0.02830195951327889,3.1
4735.007431151986,0.32488593,0.031655520062461605,2.8000000000000003
4736.007432721395,0.20476465,0.03351172466625889,2.8000000000000003
4737.007434290804,0.1795528,0.029421297572693024,3.6
4738.007435860213,0.2267667,0.02804307489275804,5.1000000000000005
4739.007437429622,0.20724493,0.02726972680264473,5.1000000000000005
4740.007438999031,0.25015652,0.027258971448745742,3.9000000000000004
4741.00744056844,0.109592415,0.029950596087772258,3.9000000000000004
4742.0074421378495,0.09502306,0.02916416426396449,3.9000000000000004
4743.007443707258,0.05203186,0.035750229733558035,3.9000000000000004
4744.007445276668,0.03709402,0.03635583733215703,3.9000000000000004
4745.007446846076,0.023511948,0.03511421437146663,3.9000000000000004
4746.007448415486,0.04989918,0.033438401291502565,3.9000000000000004
4747.007449984894,0.07643741,0.03322135437067219,3.9000000000000004
4748.007451554304,0.040171914,0.03459988148406726,4.5
4749.007453123713,0.12765142,0.034851950603870044,4.9
4750.007454693122,0.08238012,0.034249246459051065,4.9
4751.007456262531,0.34506232,0.06614202715011873,2.5
4752.00745783194,0.6595607,0.07669539358957893,1.3
4753.0074594013495,0.5960285,0.07387610805850518,1.3
4754.007460970758,0.7399243,0.07357929909895841,1.3
4755.007462540168,0.5374635,0.07276062755006368,1.4000000000000001
4756.007464109576,0.39157304,0.0726980021990287,1.4000000000000001
4757.007465678986,0.46320856,0.07271454072812597,1.4000000000000001
4758.007467248394,0.53066593,0.07112059648146009,1.3
4759.007468817804,0.6233081,0.07097779925174913,1.3
4760.007470387212,0.24898155,0.07063489851886465,1.6
4761.007471956622,0.5966281,0.07640211797747763,1.1
4762.0074735260305,0.5922464,0.06644347105259864,1.7000000000000002
4763.00747509544,0.5764007,0.06643378495613385,1.7000000000000002
4764.0074766648495,0.5806659,0.06642955203296551,1.7000000000000002
4765.007478234258,0.3975956,0.06642256794014066,1.7000000000000002
4766.007479803668,0.2709206,0.06644470908940604,1.7000000000000002
4767.007481373076,0.29568547,0.06661746504316199,1.6
4768.007482942486,0.2548454,0.06659335033115338,1.6
4769.007484511894,0.30480915,0.06659516751623909,1.3
4770.007486081304,0.25684538,0.06656823616374119,1.3
4771.007487650712,0.41810486,0.007941671635823861,2.8000000000000003
4772.007489220122,0.32543975,0.00801110727099098,2.8000000000000003
4773.0074907895305,0.39967832,0.021054129074827073,2.6
4774.00749235894,0.48146933,0.021152980557346653,2.6
4775.007493928349,0.5965129,0.06072393041706141,1.8
4776.007495497758,0.38580284,0.07674609120619227,1.4000000000000001
4777.007497067167,0.62208885,0.07653944375816683,1.4000000000000001
4778.007498636576,0.72414976,0.07656576125705596,1.4000000000000001
4779.007500205985,0.6315652,0.07658223470316033,1.4000000000000001
4780.007501775394,0.6843827,0.07659881844663728,1.4000000000000001
4781.007503344804,0.6623553,0.07658155301075299,1.4000000000000001
4782.007504914212,0.57364815,0.07655249617535563,1.4000000000000001
4783.007506483622,0.51493686,0.0740405739367573,1.3
4784.0075080530305,0.46520662,0.07400810564725022,1.4000000000000001
4785.00750962244,0.38257942,0.046691986354540055,12.9
4786.007511191849,0.29238242,0.04495265216470703,1.6
4787.007512761258,0.37680104,0.0609999054452197,1.3
4788.007514330667,0.4093675,0.06119498280374136,1.1
4789.007515900076,0.3213444,0.06118086588512513,1.1
4790.007517469485,0.38483268,0.06140669092667901,1.3
4791.007519038894,0.5128886,0.062486663667434064,1.1
4792.007520608303,0.58046794,0.06556190539992304,1.6
4793.007522177712,0.634658,0.06612057922112537,1.6
4794.007523747121,0.64254576,0.06610373922985611,0.9
4795.0075253165305,0.6340767,0.06640581041098881,1.1
4796.007526885939,0.733602,0.04991366362129824,5.9
4797.007528455349,0.29000494,0.029794569493804324,6.800000000000001
4798.007530024758,0.13503893,0.030427709475755012,5.2
4799.007531594167,0.15174955,0.030574126364351858,5.2
4800.007533163576,0.14869435,0.030379975907286062,5.2
4801.007534732985,0.19371024,0.03063033500971312,5.2
4802.007536302394,0.27091622,0.023241508865255757,3.5
4803.007537871803,0.31872973,0.021523251111312203,3.5
4804.007539441212,0.45379916,0.02152072522789532,3.5
4805.007541010621,0.33741936,0.020420536778418444,3.7
4806.0075425800305,0.39569408,0.01720910669956779,3.4000000000000004
4807.007544149439,0.37144428,0.01668995920858939,3.4000000000000004
4808.007545718849,0.32629767,0.01475034470917561,3.6
4809.007547288257,0.34814304,0.015664308778555812,4.0
4810.007548857667,0.17679359,0.02271400731868869,3.8000000000000003
4811.007550427075,0.3148853,0.02523489921446617,4.1000000000000005
4812.007551996485,0.3506119,0.029364439604616592,4.1000000000000005
4813.007553565893,0.27769628,0.031460887039544146,2.6
4814.007555135303,0.2039132,0.03168879932602894,2.6
4815.007556704712,0.26324043,0.031739161048573605,2.6
4816.007558274121,0.30010566,0.031409037582612424,2.6
4817.0075598435305,0.7978113,0.06754954829805089,1.3
4818.007561412939,0.8515883,0.06763128726626563,1.3
4819.007562982349,0.6194811,0.06739042205391173,1.3
4820.007564551757,0.6081162,0.06523536491236162,1.3
4821.007566121167,0.38792002,0.06314791180689161,1.5
4822.007567690575,0.46620148,0.06131270220459944,1.3
4823.007569259985,0.55130196,0.06029040475607931,1.6
4824.007570829393,0.7156299,0.06021143717089919,1.6
4825.007572398803,0.5850339,0.06027645265081769,1.4000000000000001
4826.007573968212,0.40889612,0.060268400479664,1.6
4827.007575537621,0.61307085,0.006910623085637537,2.4000000000000004
4828.00757710703,0.56237406,0.006726256015417826,2.2
4829.007578676439,0.7419527,0.00668288258164172,2.2
4830.007580245849,0.7160082,0.0073278587545858925,2.2
4831.007581815257,0.6898427,0.008348272441015882,2.2
4832.007583384667,0.83206457,0.01717668571917598,2.2
4833.007584954075,0.7271475,0.01709410035521737,2.2
4834.007586523485,0.7871356,0.016835008248583295,2.4000000000000004
4835.0075880928935,0.68398523,0.01656510038260042,7.9
4836.007589662303,0.8322877,0.016710965418626347,5.0
4837.007591231712,0.585093,0.01671869220837229,2.4000000000000004
4838.007592801121,0.63298106,0.016502272686954547,2.4000000000000004
4839.00759437053,0.75737834,0.016859634072242252,2.4000000000000004
4840.007595939939,0.770181,0.01676645370316122,2.4000000000000004
4841.007597509348,0.75419503,0.01629120426747599,3.7
4842.007599078757,0.64670813,0.006199291071886171,3.4000000000000004
4843.007600648166,0.71964735,0.00613451864345092,3.2
4844.007602217575,0.6623722,0.006018518274662555,3.2
4845.007603786984,0.68928134,0.00796897828508241,2.3000000000000003
4846.0076053563935,0.77860075,0.009353644090977296,3.2
4847.007606925803,0.8974964,0.011655185825216643,1.5
4848.007608495212,0.69612044,0.05264989406804079,1.6
4849.007610064621,0.6679313,0.05960982948124662,1.6
4850.00761163403,0.52465796,0.05956012522756803,1.6
4851.007613203439,0.35099974,0.05954513483419719,1.6
4852.007614772848,0.34893775,0.05952810673477441,1.6
4853.007616342257,0.2279149,0.05951084669140266,1.6
4854.007617911666,0.39925256,0.05951840924810784,1.6
4855.007619481075,0.49904078,0.05929295644175934,1.6
4856.007621050484,0.43641812,0.05902522625722067,1.8
4857.0076226198935,0.2549169,0.05864727691843124,1.3
4858.007624189302,0.25085858,0.028976095453720135,0.2
4859.007625758712,0.4838046,0.060861063205288946,2.3000000000000003
4860.00762732812,0.31417543,0.07431353535572789,2.1
4861.00762889753,0.55585855,0.07691490572745303,2.0
4862.007630466938,0.6200904,0.07693122533213136,2.0
4863.007632036348,0.5763389,0.07694550218165791,2.0
4864.007633605757,0.7056005,0.07691716009981883,2.0
4865.007635175166,0.7279574,0.07690756872344129,2.0
4866.007636744575,0.74070406,0.07690790501175025,2.0
4867.007638313984,0.81379384,0.07688498432027725,2.0
4868.0076398833935,0.629655,0.07665630654611379,2.0
4869.007641452802,0.6427278,0.047391124294397485,1.7000000000000002
4870.007643022212,0.5736421,0.020560837311082252,6.6000000000000005
4871.00764459162,0.3733373,0.004464796709708075,15.0
4872.00764616103,0.43059126,0.003954490024448025,15.0
4873.007647730438,0.49727008,0.003627487518483403,14.100000000000001
4874.007649299848,0.23634738,0.0037913566988901602,14.100000000000001
4875.007650869256,0.28117502,0.0038082228962057333,14.100000000000001
4876.007652438666,0.19664265,0.003699129914663018,9.8
4877.0076540080745,0.20759095,0.003698194301395693,13.8
4878.007655577484,0.17952879,0.003399296673840332,10.600000000000001
4879.0076571468935,0.22011383,0.002852746463109083,10.600000000000001
4880.007658716302,0.19187878,0.0029121258248396057,13.8
4881.007660285712,0.22234935,0.003020386577392354,13.8
4882.00766185512,0.19930159,0.0032628427520928786,14.100000000000001
4883.00766342453,0.18685998,0.0034542191186898103,14.100000000000001
4884.007664993938,0.19595648,0.003368862402450287,13.8
4885.007666563348,0.17855492,0.0033622776652660396,14.100000000000001
4886.007668132756,0.17980796,0.0033574402796967386,14.100000000000001
4887.007669702166,0.174669,0.0033920402582404323,10.600000000000001
4888.0076712715745,0.17924862,0.0034692958367704588,14.100000000000001
4889.007672840984,0.18096551,0.0036341899752581593,14.100000000000001
4890.007674410393,0.18451555,0.0036309141565064435,13.5
4891.007675979802,0.17362292,0.0036500029969130147,14.0
4892.007677549211,0.17471588,0.0034325294539386225,14.200000000000001
4893.00767911862,0.18532702,0.0031789595868223215,14.200000000000001
4894.007680688029,0.19105978,0.0029341370218715105,12.100000000000001
4895.007682257438,0.221695,0.0029835763972139266,12.100000000000001
4896.007683826848,0.19338357,0.0033234414716987117,13.700000000000001
4897.007685396256,0.21107459,0.003184317475600585,13.700000000000001
4898.007686965666,0.20580797,0.09138070180741677,1.9000000000000001
4899.0076885350745,0.1966625,0.10070054358809062,1.7000000000000002
4900.007690104484,0.25402865,0.11569223320970454,2.2
4901.007691673893,0.39193797,0.12202245280615287,1.6
4902.007693243302,0.45285353,0.12213155109364182,1.6
4903.007694812711,0.5315655,0.12217165541514349,1.6
4904.00769638212,0.69899714,0.12222627896849383,1.6
4905.007697951529,0.8896732,0.12230386569919012,1.6
4906.007699520938,0.8452187,0.12234027464547378,1.6
4907.007701090347,0.91805214,0.12235881353388908,1.6
4908.007702659756,0.8963202,0.08163265404365272,1.5
4909.007704229165,0.8682461,0.06986245045576998,2.5
4910.0077057985745,0.860415,0.04032418894295719,1.0
4911.007707367983,0.93657845,0.010409515725517548,1.7000000000000002
4912.007708937393,0.88759565,0.00923317041776994,2.8000000000000003
4913.007710506802,0.8145914,0.008564260753658287,1.7000000000000002
4914.007712076211,0.8307264,0.007799142527108004,2.6
4915.00771364562,0.7831317,0.00655829938123877,1.9000000000000001
4916.007715215029,0.7399434,0.006149287488159548,2.2
4917.007716784438,0.70147836,0.006705850136096109,1.4000000000000001
4918.007718353847,0.69023913,0.006476602738264607,1.4000000000000001
4919.007719923256,0.91826975,0.007272164437666395,8.3
4920.007721492665,0.8530075,0.007072595109675168,1.6
4921.007723062075,0.6922131,0.005593342869137769,1.4000000000000001
4922.007724631483,0.57758623,0.0052792312806681264,8.3
4923.007726200893,0.52509695,0.005280985227390788,8.3
4924.007727770301,0.65423197,0.005305319565151034,6.7
4925.007729339711,0.6883986,0.005298347311072261,1.6
4926.007730909119,0.44856182,0.0054463347900834055,1.6
4927.007732478529,0.8019209,0.005789921109616285,7.300000000000001
4928.007734047937,0.44732946,0.00604322626083337,6.7
4929.007735617347,0.48698637,0.0051693532552083326,9.5
4930.0077371867565,0.7496141,0.00529028302701233,3.6
4931.007738756165,0.75628763,0.028122713622570576,2.4000000000000004
4932.007740325575,0.81126153,0.07154772886926114,1.6
4933.007741894983,0.8167698,0.07155928442717206,1.6
4934.007743464393,0.7650151,0.07178656739819399,1.8
4935.007745033801,0.66565573,0.07177645577731658,1.4000000000000001
4936.007746603211,0.70802677,0.07178772645859911,1.8
4937.007748172619,0.51666313,0.07170291326829972,1.8
4938.007749742029,0.53357327,0.07167704922993717,1.8
4939.0077513114375,0.50322086,0.07165263036336386,1.8
4940.007752880847,0.5126706,0.07161473939215542,1.8
4941.007754450256,0.4238801,0.06581809682434786,1.8
4942.007756019665,0.44161475,0.007915296328013981,2.3000000000000003
4943.007757589074,0.34251332,0.007798129943646505,1.8
4944.007759158483,0.38076788,0.013878286489570955,5.9
4945.007760727893,0.43522143,0.02775633097904617,4.800000000000001
4946.007762297301,0.38296053,0.02932600910659465,5.0
4947.007763866711,0.44492117,0.03042856418913147,5.1000000000000005
4948.007765436119,0.314975,0.03047963546964446,6.2
4949.007767005529,0.37905598,0.030467238569795267,5.2
4950.0077685749375,0.31267482,0.030454286626487775,5.2
4951.007770144347,0.2737006,0.030452506157111463,5.2
4952.007771713756,0.3821071,0.030335891194885275,5.2
4953.007773283165,0.50279605,0.030364861324045728,5.2
4954.007774852574,0.4331571,0.027541493390798834,5.2
4955.007776421983,0.72237605,0.13059864338752158,2.7
4956.007777991392,0.32359955,0.13549751028933377,2.5
4957.007779560801,0.36627674,0.1360263179517192,2.6
4958.00778113021,0.34071866,0.13944507642905254,2.6
4959.007782699619,0.07500035,0.15152652069617442,2.6
4960.007784269028,0.14837837,0.15153178712661788,2.6
4961.0077858384375,0.28536853,0.15160452227124713,2.6
4962.007787407847,0.36904377,0.15170310957116706,2.6
4963.007788977256,0.34616557,0.15183779585227453,2.6
4964.007790546665,0.13377993,0.15196551386581975,2.6
4965.007792116074,0.5891163,0.07999505025845376,0.6000000000000001
4966.007793685483,0.5849927,0.07076403963482235,0.8
4967.007795254892,0.51274097,0.06920831855757202,0.8
4968.007796824301,0.5476804,0.062295331292661425,0.1
4969.00779839371,0.49692404,0.01673700757965887,10.700000000000001
4970.007799963119,0.48512572,0.016845095964336594,10.700000000000001
4971.007801532528,0.4535433,0.01628648487702583,10.700000000000001
4972.0078031019375,0.4036706,0.015707796292424286,8.9
4973.007804671346,0.52412564,0.014830024092080417,8.9
4974.007806240756,0.5604382,0.013669346118019194,8.9
4975.007807810164,0.41897368,0.009340718347008196,8.9
4976.007809379574,0.5735862,0.014252524152681275,2.8000000000000003
4977.007810948982,0.48652253,0.020359337063553504,2.9000000000000004
4978.007812518392,0.6045273,0.025948289621600434,3.0
4979.007814087801,0.5491676,0.03383546945510234,3.0
4980.00781565721,0.3992525,0.03532845441187095,3.0
4981.007817226619,0.33322698,0.035666769621425086,3.0
4982.007818796028,0.33964255,0.037248845207767216,3.0
4983.0078203654375,0.36723885,0.037203881482448915,3.0
4984.007821934846,0.23165902,0.03718748029265164,3.0
4985.007823504256,0.42562044,0.036818089081657616,3.0
4986.007825073664,0.535278,0.03516126569399053,3.0
4987.007826643074,0.63876045,0.0319766086003241,3.1
4988.007828212482,0.6462573,0.027388514505625784,4.6000000000000005
4989.007829781892,0.45455584,0.017178882785254927,4.800000000000001
4990.0078313513,0.401214,0.01374876003019759,4.800000000000001
4991.00783292071,0.41815606,0.01293887518971573,5.2
4992.0078344901185,0.39674404,0.006945586345934236,10.100000000000001
4993.007836059528,0.3197914,0.0075629697470045625,2.2
4994.007837628937,0.36286023,0.007638542609518078,4.7
4995.007839198346,0.22174452,0.008545653856757525,1.8
4996.007840767756,0.2761842,0.011811886286319203,1.8
4997.007842337164,0.47901323,0.012220022086298644,1.8
4998.007843906574,0.52691925,0.012418045330163647,1.8
4999.007845475982,0.5113114,0.011544589232130418,1.8
5000.007847045392,0.5494816,0.011577295232648246,1.9000000000000001
5001.0078486148,0.5375486,0.01149350843401311,1.8
5002.00785018421,0.51503235,0.01152526904172565,9.1
5003.0078517536185,0.5471846,0.011112992843902816,9.1
5004.007853323028,0.52561176,0.024489862525088717,5.4
5005.007854892437,0.61389434,0.030473677100848452,4.7
5006.007856461846,0.608433,0.029301487646542734,4.6000000000000005
5007.007858031255,0.59829944,0.02979538103855285,4.800000000000001
5008.007859600664,0.67360586,0.030269587361773254,4.800000000000001
5009.007861170073,0.7086578,0.030262438066955433,4.800000000000001
5010.007862739482,0.5641967,0.030577096243745796,4.800000000000001
5011.007864308892,0.70984465,0.032232941496493035,5.4
5012.0078658783,0.36042836,0.033432717367915143,5.4
5013.00786744771,0.41618285,0.03360621525365597,4.6000000000000005
5014.0078690171185,0.27856186,0.025587301263980494,3.2
5015.007870586528,0.27568752,0.017648990916786778,4.2
5016.007872155937,0.34712598,0.017584585371573036,4.2
5017.007873725346,0.2825546,0.016330832708318636,3.2
5018.007875294755,0.41939238,0.01772148287904752,4.1000000000000005
5019.007876864164,0.611974,0.02711156343056436,3.2
5020.007878433573,0.5108552,0.029871635626803693,5.5
5021.007880002982,0.6458509,0.030073130441143354,5.5
5022.007881572391,0.76230884,0.032007583896831705,1.5
5023.0078831418,0.41199237,0.032670302745743895,1.5
5024.007884711209,0.38843873,0.03276499041366615,1.5
5025.007886280619,0.5355564,0.03275549502180186,1.5
5026.007887850027,0.3985335,0.032789016076574994,1.5
5027.007889419437,0.44038096,0.03296578601492544,1.5
5028.007890988846,0.26805112,0.033043451813151145,5.300000000000001
5029.007892558255,0.44007102,0.02889535225822018,4.4
5030.007894127664,0.39233062,0.028682486515119072,4.4
5031.007895697073,0.63137984,0.03186110852161772,3.8000000000000003
5032.007897266482,0.2770372,0.03366308542631301,3.2
5033.007898835891,0.3165554,0.039003899160199265,5.5
5034.0079004053005,0.19515483,0.04122971319937192,5.5
5035.007901974709,0.030997233,0.043587197159205206,4.0
5036.007903544119,0.057899855,0.04418951578262959,6.5
5037.007905113527,0.046238452,0.045731403382848645,6.5
5038.007906682937,0.14834222,0.04544115170725621,6.5
5039.007908252345,0.06856896,0.046775345739747856,5.2
5040.007909821755,0.0851535,0.04649860833891206,5.2
5041.007911391163,0.12598005,0.043168794668978404,5.2
5042.007912960573,0.23619184,0.04420554709163363,5.2
5043.0079145299815,0.088135816,0.039041381083116077,6.4
5044.007916099391,0.19614317,0.04054696681038473,6.4
5045.0079176688005,0.0942001,0.038055123585156544,6.4
5046.007919238209,0.2765851,0.03741032306316496,6.4
5047.007920807619,0.30732837,0.035333123623080755,2.4000000000000004
5048.007922377027,0.35521203,0.03439001262320004,3.9000000000000004
5049.007923946437,0.4673653,0.02998151193221198,3.9000000000000004
5050.007925515845,0.4294898,0.029624918668874175,4.1000000000000005
5051.007927085255,0.3521075,0.030579393847844836,3.6
5052.007928654663,0.4016189,0.023025924842124974,2.4000000000000004
5053.007930224073,0.4436329,0.023158201509461088,4.5
5054.0079317934815,0.58859855,0.015115459773765582,4.4
5055.007933362891,0.54658014,0.014968866067021872,4.4
5056.0079349323,0.5932467,0.014740617466903055,4.5
5057.007936501709,0.58324426,0.014700350993701941,4.5
5058.007938071118,0.62192655,0.014705656616933798,4.5
5059.007939640527,0.55002314,0.014686597110463214,4.5
5060.007941209936,0.43439883,0.01049445702192067,3.3000000000000003
5061.007942779345,0.60272694,0.0065897911474283736,3.3000000000000003
5062.007944348755,0.3038009,0.006196704930426495,4.0
5063.007945918163,0.51181567,0.004183701036329241,3.3000000000000003
5064.007947487573,0.40966418,0.0040165790242427035,3.3000000000000003
5065.0079490569815,0.32604066,0.003943594933594426,10.0
5066.007950626391,0.24462005,0.00394342148634443,3.0
5067.0079521958,0.31693563,0.003923496504052815,5.9
5068.007953765209,0.2496605,0.0038257630005520946,3.1
5069.007955334618,0.20777735,0.003761467463809929,5.9
5070.007956904027,0.24028067,0.0014814771983467131,4.2
5071.007958473436,0.22014748,0.0014665886446073128,13.3
5072.007960042845,0.22091265,0.0014339633242856924,6.5
5073.007961612254,0.2150998,0.0014610979800809523,7.5
5074.007963181663,0.21224405,0.0014729724373999187,7.5
5075.007964751072,0.21922721,0.0014643199843447732,7.5
5076.0079663204815,0.20980795,0.0014263755608997866,9.1
5077.007967889891,0.22167094,0.00143504970112019,7.5
5078.0079694593,0.2146759,0.0014690529220441227,7.5
5079.007971028709,0.21568143,0.0014340888262412844,7.5
5080.007972598118,0.21864031,0.0014271781045322647,6.7
5081.007974167527,0.22030285,0.0013278320235264218,7.4
5082.007975736936,0.22027192,0.0013005415275651362,14.9
5083.007977306345,0.22518118,0.0012985744560471478,12.0
5084.007978875754,0.22697778,0.0013403445590438872,14.9
5085.007980445163,0.24047704,0.0013264577965368947,14.9
5086.007982014572,0.27285537,0.0019278324176465033,5.0
5087.0079835839815,0.20619273,0.0023720878876661022,2.8000000000000003
5088.00798515339,0.23858576,0.0030107625034627144,4.2
5089.0079867228,0.26996106,0.0032922840530307477,4.2
5090.007988292208,0.33395302,0.003409774352368208,4.2
5091.007989861618,0.28376415,0.003423167721138404,4.2
5092.007991431026,0.411471,0.0035441560856013226,4.2
5093.007993000436,0.4132817,0.022784076057168996,2.8000000000000003
5094.007994569845,0.51690507,0.02908657312102867,3.5
5095.007996139254,0.402312,0.029360675608705082,3.5
5096.007997708663,0.42134297,0.029530450821611834,3.3000000000000003
5097.007999278072,0.7429803,0.09984966217599966,2.3000000000000003
5098.0080008474815,0.7173548,0.10857362596600904,2.3000000000000003
5099.00800241689,0.78621024,0.11383262783071363,2.3000000000000003
5100.0080039863,0.68243665,0.11771876259775761,2.3000000000000003
5101.008005555708,0.71500146,0.12320771200067514,1.1
5102.008007125118,0.6061396,0.12489047549558083,1.1
5103.008008694526,0.6597411,0.12301615393378253,1.1
5104.008010263936,0.5893555,0.12187063613209527,1.1
5105.008011833344,0.6872171,0.12191139126156278,1.1
5106.008013402754,0.50637543,0.12196520077510184,1.1
5107.0080149721625,0.72398746,0.07639477643550804,1.0
5108.008016541572,0.7140053,0.0628786295688194,1.0
5109.008018110981,0.66015095,0.05301079070860617,1.1
5110.00801968039,0.86491853,0.04859263524804117,0.5
5111.0080212498,0.8543806,0.07982906252007375,1.7000000000000002
5112.008022819208,0.8388338,0.07796540813125036,1.7000000000000002
5113.008024388618,0.66197264,0.07880688121694839,1.7000000000000002
5114.008025958026,0.7242568,0.0790788835181662,1.7000000000000002
5115.008027527436,0.8024397,0.0793726599449848,1.7000000000000002
5116.008029096844,0.8059768,0.07958716193223957,1.6
5117.008030666254,0.8212179,0.08016456410283121,1.2000000000000002
5118.0080322356625,0.8008227,0.08349075834433296,1.8
5119.008033805072,0.74542737,0.08439304680620942,1.8
5120.008035374481,0.23128109,0.08140100186317327,1.8
5121.00803694389,0.07896365,0.040281841615415766,4.4
5122.008038513299,0.1540118,0.040027505092052273,4.4
5123.008040082708,0.087042116,0.038039775029844305,4.4
5124.008041652117,0.14460959,0.037231279483208826,4.4
5125.008043221526,0.21253507,0.03751757181206163,4.4
5126.008044790935,0.17807421,0.036876959538909015,4.4
5127.008046360344,0.36373216,0.03538696997935601,4.4
5128.008047929754,0.44248775,0.02625399223382736,5.300000000000001
5129.008049499163,0.42675436,0.022873374847971008,5.800000000000001
5130.008051068572,0.45500216,0.020036779401744784,5.5
5131.008052637981,0.4190489,0.013580152773564919,6.4
5132.00805420739,0.6292537,0.009800994291837423,6.4
5133.008055776799,0.5562125,0.009791222055504426,6.4
5134.008057346208,0.5089669,0.009589750085027328,6.4
5135.008058915617,0.72391605,0.003368904752448499,14.200000000000001
5136.008060485026,0.6325599,0.004753466198496756,3.8000000000000003
5137.008062054435,0.54499614,0.005505229669972907,9.700000000000001
5138.0080636238445,0.5491586,0.0056263059565905766,9.700000000000001
5139.008065193253,0.5011274,0.006047577537966443,11.0
5140.008066762663,0.47850043,0.006141594567584403,8.3
5141.008068332071,0.52723306,0.006486196033997762,8.3
5142.008069901481,0.47200987,0.009129794406413417,5.7
5143.00807147089,0.6153661,0.010341388787827812,3.1
5144.008073040299,0.6756302,0.010723772843972119,10.9
5145.008074609708,0.60780567,0.010791136577580565,10.9
5146.008076179117,0.57317936,0.010463344252348142,10.9
5147.008077748526,0.58248067,0.010249584839831427,6.6000000000000005
5148.008079317935,0.516861,0.016991899108339904,10.9
5149.0080808873445,0.55909336,0.017201856185911604,15.0
5150.008082456753,0.47030368,0.017199189674038464,12.700000000000001
5151.008084026163,0.53308195,0.017091071750535716,15.0
5152.008085595571,0.42557296,0.018485080938252123,12.700000000000001
5153.008087164981,0.6121945,0.028676701980951933,14.600000000000001
5154.008088734389,0.31158453,0.028672225959888078,12.4
5155.008090303799,0.40169924,0.028678179837537725,12.4
5156.008091873207,0.3789933,0.028902732253363705,12.4
5157.008093442617,0.44469738,0.028848007052470266,12.4
5158.0080950120255,0.39737996,0.0254436568531221,12.4
5159.008096581435,0.30901077,0.025226697933098407,12.3
5160.0080981508445,0.2835313,0.025213909889750648,12.4
5161.008099720253,0.24980992,0.02520981158680343,12.3
5162.008101289663,0.2660565,0.023671785991694477,12.4
5163.008102859071,0.3813176,0.011885112142149188,10.0
5164.008104428481,0.76403254,0.07391073984397788,2.1
5165.008105997889,0.9039558,0.08308393499117776,1.8
5166.008107567299,0.7320001,0.0857952003702087,1.8
5167.008109136707,0.7964261,0.08579120839429738,1.8
5168.008110706117,0.737738,0.08577811903885282,1.8
5169.0081122755255,0.7532208,0.08576167337077044,1.8
5170.008113844935,0.7001369,0.08575668973297061,1.8
5171.008115414344,0.78017336,0.08575968711974381,1.8
5172.008116983753,0.7703868,0.08565070574704256,1.8
5173.008118553162,0.5434357,0.08516022721225273,1.8
5174.008120122571,0.2469352,0.043961312699261845,1.3
5175.00812169198,0.31577662,0.022133090670143834,4.0
5176.008123261389,0.6047999,0.0030754851181158884,11.0
5177.008124830799,0.2614392,0.0028696803818919303,11.0
5178.008126400207,0.22511907,0.0027549597078965135,15.0
5179.008127969617,0.25435835,0.08430157998889554,1.8
5180.0081295390255,0.25797796,0.08451409754369746,1.7000000000000002
5181.008131108435,0.42280108,0.08466832850092716,1.6
5182.008132677844,0.39657184,0.08629103797137534,1.7000000000000002
5183.008134247253,0.47675186,0.08633702897437427,1.7000000000000002
5184.008135816662,0.67654896,0.08639459367774065,1.7000000000000002
5185.008137386071,0.8344556,0.08644501851986652,1.7000000000000002
5186.00813895548,0.82761115,0.08650343123258639,1.7000000000000002
5187.008140524889,0.8152733,0.08652898336233228,1.7000000000000002
5188.008142094298,0.88995856,0.08655053924604604,1.7000000000000002
5189.008143663707,0.92318356,0.0194834749928839,2.2
5190.008145233116,0.9427211,0.018901018767487437,2.2
5191.0081468025255,0.9745462,0.020895612136341453,4.3
5192.008148371934,0.9798478,0.013032519871629894,3.6
5193.008149941344,0.9614985,0.016091736345604027,3.6
5194.008151510753,0.9608299,0.02070330788663191,4.5
5195.008153080162,0.9758714,0.02675590954660602,3.3000000000000003
5196.008154649571,0.97024477,0.02682157440006205,4.0
5197.00815621898,0.95610774,0.026892372241737534,4.0
5198.008157788389,0.9804232,0.026986500727377512,4.0
5199.008159357798,0.9603142,0.026911821983190386,3.3000000000000003
5200.008160927207,0.9163506,0.02669961952017743,4.0
5201.008162496616,0.9276068,0.024808000002653843,4.0
5202.0081640660255,0.9313472,0.024393037444174086,4.0
5203.008165635434,0.93109614,0.022524901249625164,2.5
5204.008167204844,0.9566636,0.018373397322450507,3.5
5205.008168774252,0.98379666,0.007214963579438895,10.8
5206.008170343662,0.98570967,0.00731614643596112,7.300000000000001
5207.00817191307,0.98013854,0.0076532281140799276,2.0
5208.00817348248,0.9412341,0.008659081640131796,1.4000000000000001
5209.008175051889,0.9766517,0.011424892205369625,1.4000000000000001
5210.008176621298,0.94958305,0.012005467547728946,2.0
5211.008178190707,0.93788695,0.013412651441183483,1.4000000000000001
5212.008179760116,0.96117187,0.014520809712786199,1.4000000000000001
5213.0081813295255,0.91316116,0.02006460461385378,9.8
5214.008182898934,0.9169805,0.020556795235376443,9.8
5215.008184468344,0.9248297,0.020222243956779552,9.8
5216.008186037752,0.96203583,0.02035709714725768,9.8
5217.008187607162,0.95544475,0.020260603886849787,9.8
5218.00818917657,0.9655127,0.01978186562255447,6.1000000000000005
5219.00819074598,0.93025297,0.01840596997372032,9.700000000000001
5220.008192315388,0.9427188,0.018052586476749306,9.700000000000001
5221.008193884798,0.9575467,0.01702397982952439,4.800000000000001
5222.0081954542065,0.9512548,0.01602585406208494,4.800000000000001
5223.008197023616,0.9281325,0.007659487758443762,2.5
5224.008198593025,0.8996054,0.006117902846899581,2.7
5225.008200162434,0.95161563,0.006221050466141686,10.4
5226.008201731844,0.9455957,0.005502766825593071,3.4000000000000004
5227.008203301252,0.8988336,0.058735564848520314,1.2000000000000002
5228.008204870662,0.84363484,0.05873369476096322,1.2000000000000002
5229.00820644007,0.71107024,0.058697564661139234,1.2000000000000002
5230.00820800948,0.35490376,0.058673787679185734,1.2000000000000002
5231.008209578888,0.24003801,0.05865571654113942,1.2000000000000002
5232.008211148298,0.3660579,0.058637503677438765,1.2000000000000002
5233.008212717707,0.4259341,0.05861488798360645,1.2000000000000002
5234.008214287116,0.41966656,0.05857752206093911,1.3
5235.008215856525,0.39308855,0.058533998047817754,1.2000000000000002
5236.008217425934,0.21742041,0.05845243742311862,1.2000000000000002
5237.008218995343,0.4374472,0.0020809582733337766,4.7
5238.008220564752,0.21733621,0.0017604030595253007,9.700000000000001
5239.008222134161,0.2431655,0.001730554365735588,9.700000000000001
5240.00822370357,0.2421529,0.0017233336016088186,9.700000000000001
5241.008225272979,0.21934451,0.0024345776030208913,14.200000000000001
5242.0082268423885,0.26323703,0.002944760547364549,14.200000000000001
5243.008228411798,0.21052203,0.003082861262402974,14.200000000000001
5244.008229981207,0.19082557,0.003129048934883117,14.200000000000001
5245.008231550616,0.18501978,0.0045997764517631224,14.200000000000001
5246.008233120025,0.25553793,0.004659173673009309,14.200000000000001
5247.008234689434,0.2294987,0.004851662369088543,14.200000000000001
5248.008236258843,0.23420493,0.0050283478715055455,13.9
5249.008237828252,0.28987163,0.0050513824153770575,14.100000000000001
5250.008239397661,0.29932815,0.005155215181465944,13.9
5251.00824096707,0.28665885,0.004868274904203355,13.9
5252.008242536479,0.2453349,0.004579795524921065,14.0
5253.0082441058885,0.2285616,0.004480989876374894,14.0
5254.008245675297,0.20756006,0.004510490969821766,14.0
5255.008247244707,0.20386058,0.0029732783911018234,9.9
5256.008248814115,0.21628208,0.002949449010792609,9.9
5257.008250383525,0.24433574,0.002843924082352651,9.9
5258.008251952933,0.28103408,0.0024500033031528757,14.600000000000001
5259.008253522343,0.30078202,0.0024286485866545074,14.600000000000001
5260.008255091752,0.29731816,0.0021849541601502214,5.1000000000000005
5261.008256661161,0.29859337,0.0021594031182911684,5.1000000000000005
5262.00825823057,0.28717124,0.0021736699681987816,13.700000000000001
5263.008259799979,0.31341252,0.00226634962190885,4.800000000000001
5264.0082613693885,0.33146596,0.002238805804682904,5.0
5265.008262938797,0.4151765,0.0024297211165613393,14.3
5266.008264508207,0.3384908,0.0024024960614660836,14.3
5267.008266077615,0.2606104,0.0025501491511038528,14.8
5268.008267647025,0.27619275,0.002589018965253347,14.8
5269.008269216433,0.30719262,0.0026845116074237212,14.8
5270.008270785843,0.41174123,0.002745403457577339,14.8
5271.008272355251,0.44116685,0.002820400613289939,14.8
5272.008273924661,0.3814043,0.0028235173239544386,14.8
5273.0082754940695,0.33182904,0.002807157899465409,14.8
5274.008277063479,0.38806185,0.0028587721664389163,12.9
5275.0082786328885,0.36152193,0.002735664333369989,14.8
5276.008280202297,0.33257794,0.002677288228680942,14.8
5277.008281771707,0.25134778,0.0024824895477570546,13.3
5278.008283341115,0.38267523,0.002812693221995629,13.3
5279.008284910525,0.1944373,0.00393474165318226,10.3
5280.008286479933,0.17468949,0.004545640142955092,11.600000000000001
5281.008288049343,0.28972313,0.004624105580014597,9.700000000000001
5282.008289618751,0.29016793,0.004648669941307386,14.200000000000001
5283.008291188161,0.258481,0.004690293131350732,14.200000000000001
5284.0082927575695,0.24325055,0.005403002872145702,12.100000000000001
5285.008294326979,0.23819095,0.005827612086706863,12.100000000000001
5286.008295896388,0.29938024,0.006007660329356941,11.700000000000001
5287.008297465797,0.37693384,0.006044545515603864,11.700000000000001
5288.008299035206,0.3136863,0.00587906795017017,11.700000000000001
5289.008300604615,0.3101858,0.005154590815190021,14.3
5290.008302174024,0.25427935,0.004817420210058023,12.8
5291.008303743433,0.35372266,0.004781620154803394,12.9
5292.008305312843,0.22905302,0.004791829526180135,14.3
5293.008306882251,0.29406124,0.004730947330969336,14.200000000000001
5294.008308451661,0.28330043,0.004190406737106538,14.9
5295.0083100210695,0.26935247,0.0038222469769358712,11.9
5296.008311590479,0.24604286,0.003600981432088794,11.9
5297.008313159888,0.24043056,0.0035426895103690416,14.9
5298.008314729297,0.287289,0.00356734570602456,14.9
5299.008316298706,0.25714353,0.0044347551839753335,14.9
5300.008317868115,0.36347073,0.004431611554954754,14.9
5301.008319437524,0.2582443,0.004711701165125106,14.9
5302.008321006933,0.5428305,0.005324583376053763,12.8
5303.008322576342,0.38788778,0.005344687099976451,14.700000000000001
5304.008324145751,0.32744354,0.005049946323143427,14.8
5305.00832571516,0.2245832,0.004883085236718639,14.8
5306.0083272845695,0.5027296,0.005283677213237966,10.3
5307.008328853978,0.49794555,0.013312170158723106,4.7
5308.008330423388,0.45303038,0.015109457462018153,4.7
5309.008331992797,0.48162368,0.0174073083479793,5.4
5310.008333562206,0.4847349,0.017540515256462694,5.4
5311.008335131615,0.5606186,0.024804935733190852,5.5
5312.008336701024,0.5359041,0.025374131543309437,5.5
5313.008338270433,0.25475892,0.025952513175503008,3.9000000000000004
5314.008339839842,0.25395417,0.03068749103646007,3.9000000000000004
5315.008341409251,0.12454603,0.03266660242633106,3.9000000000000004
5316.00834297866,0.078665614,0.03640190717787496,5.5
5317.0083445480695,0.111314826,0.03476174547937945,4.2
5318.008346117478,0.20442052,0.03496015397985876,5.5
5319.008347686888,0.10592451,0.03385894539199509,4.0
5320.008349256296,0.1510414,0.033764280243275546,4.0
5321.008350825706,0.27065966,0.028951140726815292,4.1000000000000005
5322.008352395114,0.16803987,0.033066249786969246,4.1000000000000005
5323.008353964524,0.2137592,0.032619804135726106,4.1000000000000005
5324.008355533933,0.11556236,0.028233875552491624,4.1000000000000005
5325.008357103342,0.27151942,0.025930785976103713,3.2
5326.0083586727515,0.29667798,0.023850152622122704,4.4
5327.00836024216,0.37271228,0.024745596710773123,3.6
5328.00836181157,0.33833084,0.02443919121596369,3.4000000000000004
5329.008363380978,0.3906142,0.02491596195885104,2.9000000000000004
5330.008364950388,0.21770157,0.024989725865378995,2.9000000000000004
5331.008366519796,0.44409502,0.024945582819431114,2.5
5332.008368089206,0.3441823,0.01826812386183062,2.4000000000000004
5333.008369658614,0.5695701,0.01835443459458478,2.4000000000000004
5334.008371228024,0.45374224,0.018428099469862715,2.4000000000000004
5335.0083727974325,0.46873838,0.018443640743159788,2.4000000000000004
5336.008374366842,0.52156174,0.013482490002403875,2.4000000000000004
5337.008375936251,0.36470908,0.01036845723235705,3.0
5338.00837750566,0.40627182,0.007617311035221755,2.8000000000000003
5339.008379075069,0.4531854,0.005256602575031281,13.8
5340.008380644478,0.29129803,0.004662529234754291,13.8
5341.008382213888,0.1795871,0.004071943355549388,13.600000000000001
5342.008383783296,0.22444458,0.00413837047504174,13.8
5343.008385352706,0.22892821,0.003656130774365613,15.0
5344.008386922114,0.4264484,0.009100679054396628,4.5
5345.008388491524,0.5408691,0.010340360967529568,5.0
5346.0083900609325,0.5909979,0.01031148316409161,5.0
5347.008391630342,0.6727231,0.018041761155472576,2.9000000000000004
5348.008393199751,0.5919545,0.019829038032462123,2.9000000000000004
5349.00839476916,0.6311929,0.02369559894351617,4.6000000000000005
5350.008396338569,0.5977286,0.025999171096145444,4.6000000000000005
5351.008397907978,0.50022835,0.026392884345726994,4.6000000000000005
5352.008399477387,0.5249819,0.02652475735217948,4.6000000000000005
5353.008401046796,0.4232669,0.026535606013893764,4.6000000000000005
5354.008402616205,0.42540327,0.025187380097463193,2.3000000000000003
5355.008404185614,0.34905323,0.032309685822862304,2.4000000000000004
5356.008405755023,0.099620536,0.03416801427272403,2.4000000000000004
5357.0084073244325,0.20299949,0.031026962198053232,2.4000000000000004
5358.008408893842,0.18083559,0.0299424972020455,3.6
5359.008410463251,0.43806162,0.02703283893492694,2.0
5360.00841203266,0.39773992,0.02496600778927427,2.0
5361.008413602069,0.48592204,0.024599147176996745,2.0
5362.008415171478,0.503934,0.025023937177698526,3.8000000000000003
5363.008416740887,0.56482893,0.025371084061107062,2.1
5364.008418310296,0.416235,0.025333545405376773,2.1
5365.008419879705,0.38105875,0.014374428941499548,5.5
5366.008421449114,0.47237927,0.010576192922901878,9.3
5367.008423018523,0.4620444,0.01003704790843195,2.2
5368.0084245879325,0.38158238,0.013819908846457545,2.5
5369.008426157341,0.40249646,0.016110002821679913,2.5
5370.008427726751,0.51868355,0.016051022157760317,2.5
5371.008429296159,0.43311343,0.016421796274333062,2.5
5372.008430865569,0.25765193,0.015643210271272145,2.5
5373.008432434977,0.3406821,0.015349549493222026,2.1
5374.008434004387,0.41824827,0.016454485586810647,2.1
5375.008435573796,0.38203225,0.016489516124560157,2.1
5376.008437143205,0.4030298,0.021870942151054215,2.2
5377.008438712614,0.5303206,0.022271517738934238,3.4000000000000004
5378.008440282023,0.6154672,0.020403692470741603,6.800000000000001
5379.0084418514325,0.6359369,0.018648183908846497,2.4000000000000004
5380.008443420841,0.6645649,0.018640060894703107,2.4000000000000004
5381.008444990251,0.57141453,0.01820702268712311,3.4000000000000004
5382.008446559659,0.5818894,0.018894283555729707,3.4000000000000004
5383.008448129069,0.5151887,0.02184288222021191,2.5
5384.008449698477,0.70029,0.02257813572930802,3.7
5385.008451267887,0.49814126,0.02311326184852,3.4000000000000004
5386.008452837295,0.47171277,0.01736332609934514,2.9000000000000004
5387.008454406705,0.5125842,0.016832175515587446,5.1000000000000005
5388.0084559761135,0.39184412,0.017269122282029405,5.1000000000000005
5389.008457545523,0.35842127,0.021117795292521592,5.1000000000000005
5390.0084591149325,0.26736158,0.02222424437972643,1.8
5391.008460684341,0.19021934,0.02269803033502019,1.8
5392.008462253751,0.23975433,0.022212246054802362,1.8
5393.008463823159,0.250676,0.01920440794478083,1.6
5394.008465392569,0.40552467,0.02443020393474431,2.3000000000000003
5395.008466961977,0.4060003,0.03314828747313591,4.5
5396.008468531387,0.3609498,0.0382332115570219,3.9000000000000004
5397.008470100795,0.3507446,0.03818283282893471,3.9000000000000004
5398.008471670205,0.3868742,0.03782429005382911,3.9000000000000004
5399.0084732396135,0.63553476,0.03574422303604879,3.8000000000000003
5400.008474809023,0.61915374,0.03526486530946769,3.9000000000000004
5401.008476378432,0.5644752,0.03527773128949167,3.9000000000000004
5402.008477947841,0.6474838,0.03729327802407657,4.3
5403.00847951725,0.5338254,0.03837545969637613,4.3
5404.008481086659,0.6932627,0.03433115348275944,4.1000000000000005
5405.008482656068,0.61168575,0.025526180081209097,4.3
5406.008484225477,0.61959213,0.021961326015831815,3.7
5407.008485794887,0.5846196,0.022085234353937635,4.3
5408.008487364295,0.46463472,0.026560029645841886,3.7
5409.008488933705,0.4369505,0.030582065850696175,5.5
5410.0084905031135,0.36908224,0.03059771431299972,5.5
5411.008492072523,0.4557945,0.030421169952295813,5.5
5412.008493641932,0.60466623,0.02791552557854537,5.5
5413.008495211341,0.70503783,0.0263382972354129,5.5
5414.00849678075,0.5909793,0.026369937232522227,5.5
5415.008498350159,0.8273006,0.08822221419410978,1.7000000000000002
5416.008499919568,0.5709647,0.11134379073185234,1.5
5417.008501488977,0.47946122,0.11601409463181588,1.7000000000000002
5418.008503058386,0.49247766,0.11581613037283588,1.7000000000000002
5419.008504627795,0.58120054,0.11593964267456508,1.7000000000000002
5420.008506197204,0.6584193,0.11832835648238992,1.8
5421.008507766614,0.6432557,0.11846478200599192,1.8
5422.008509336022,0.6502331,0.11846622299031678,1.8
5423.008510905432,0.73013085,0.11885298593472728,1.8
5424.008512474841,0.6290277,0.1455143544758307,1.2000000000000002
5425.00851404425,0.6854389,0.12257514832477674,1.1
5426.008515613659,0.7657147,0.10163309268772312,1.1
5427.008517183068,0.814293,0.09627869779597763,1.1
5428.008518752477,0.7657424,0.09555951400111587,1.1
5429.008520321886,0.73966545,0.09432111966017995,1.1
5430.0085218912955,0.77083516,0.09114357529120967,1.0
5431.008523460704,0.85234404,0.0909742549587462,1.0
5432.008525030114,0.84566134,0.09085655585592889,1.0
5433.008526599522,0.7151922,0.09013766740049668,0.9
5434.008528168932,0.6744555,0.029848596128305923,2.5
5435.00852973834,0.7338463,0.011826650492730519,3.8000000000000003
5436.00853130775,0.6331057,0.011440919600686114,2.5
5437.008532877158,0.61196536,0.011320540328102455,2.5
5438.008534446568,0.5761902,0.008898702245937938,2.5
5439.0085360159765,0.40997675,0.007069262698060189,2.5
5440.008537585386,0.48930237,0.006356810036865331,2.5
5441.0085391547955,0.60068166,0.0065698453113128535,13.8
5442.008540724204,0.73310995,0.006510305236163396,13.8
5443.008542293614,0.68371737,0.006711357206217327,3.6
5444.008543863022,0.64597416,0.006842638024488018,3.5
5445.008545432432,0.66147405,0.007215914834849098,9.700000000000001
5446.00854700184,0.71108824,0.007809845691185579,13.700000000000001
5447.00854857125,0.81017745,0.007936441187543674,3.1
5448.008550140658,0.9215099,0.012337763669321765,3.1
5449.008551710068,0.8647998,0.05829465646884746,2.6
5450.0085532794765,0.8190167,0.05828517679904658,2.6
5451.008554848886,0.72956,0.058181057018062296,2.6
5452.008556418295,0.70207465,0.05815774100353095,2.6
5453.008557987704,0.47459206,0.05810938799881333,2.6
5454.008559557113,0.4849577,0.05802448902716688,2.6
5455.008561126522,0.43721268,0.05790356951853376,2.6
5456.008562695932,0.3360271,0.057779593219498215,2.6
5457.00856426534,0.3526587,0.05768201696961305,2.6
5458.00856583475,0.42156723,0.056689380090739074,2.5
5459.008567404158,0.33636793,0.004472243939580408,15.0
5460.008568973568,0.28492537,0.004245919244799438,15.0
5461.0085705429765,0.30182695,0.00439295661728165,14.700000000000001
5462.008572112386,0.32714292,0.004309992588891629,14.700000000000001
5463.008573681795,0.3755105,0.004579690926988283,14.100000000000001
5464.008575251204,0.32760674,0.004588842568442169,14.700000000000001
5465.008576820613,0.728671,0.007483621306081284,14.700000000000001
5466.008578390022,0.5845092,0.009301823658773741,1.3
5467.008579959431,0.48648116,0.009534617633743263,1.6
5468.00858152884,0.70252514,0.010429056842615208,1.6
5469.008583098249,0.5432058,0.016307606424190945,4.7
5470.008584667658,0.32394606,0.01900137504566193,1.7000000000000002
5471.008586237067,0.47910714,0.018950883774833505,1.7000000000000002
5472.0085878064765,0.38781223,0.020118483166501545,1.5
5473.008589375886,0.47681928,0.020083281959074207,1.5
5474.008590945295,0.53812295,0.020916290722708203,1.5
5475.008592514704,0.5000073,0.020066859018113926,1.8
5476.008594084113,0.5168723,0.020228097507742532,1.8
5477.008595653522,0.6110071,0.02531985204713694,3.2
5478.008597222931,0.7853099,0.034575268986005096,4.1000000000000005
5479.00859879234,0.5956245,0.04364818199370644,4.5
5480.008600361749,0.6227815,0.04516315643886378,4.5
5481.008601931158,0.5138101,0.07698287817503725,0.8
5482.008603500567,0.5340898,0.07880312528689246,1.2000000000000002
5483.0086050699765,0.5563983,0.08954110110096831,1.2000000000000002
5484.008606639385,0.5421541,0.17646681274986784,1.2000000000000002
5485.008608208795,0.61862344,0.23145628375579402,1.2000000000000002
5486.008609778203,0.392346,0.23899042612021268,1.2000000000000002
5487.008611347613,0.4250612,0.24389609062959566,1.2000000000000002
5488.008612917021,0.19355293,0.24477663504924782,1.2000000000000002
5489.008614486431,0.40813974,0.2437436230539558,1.2000000000000002
5490.00861605584,0.43208385,0.24357644608196943,1.2000000000000002
5491.008617625249,0.36754158,0.23616458743299282,1.6
5492.008619194658,0.7024377,0.23575819552785118,1.6
5493.008620764067,0.707882,0.23234029795929018,1.5
5494.0086223334765,0.73503506,0.1762406311007904,1.6
5495.008623902885,0.66107786,0.0913785604555135,2.6
5496.008625472295,0.5391607,0.07534999171418308,1.3
5497.008627041703,0.20401911,0.06144143456570189,3.1
5498.008628611113,0.17229006,0.05478582662038225,2.7
5499.008630180521,0.2520907,0.05236235144068691,2.7
5500.008631749931,0.30623513,0.05145492586525359,2.7
5501.008633319339,0.31816033,0.05430182788234943,2.7
5502.008634888749,0.12277287,0.10258074878137265,2.3000000000000003
5503.0086364581575,0.45238551,0.10492685973025384,2.3000000000000003
5504.008638027567,0.45451486,0.1045517732734666,2.1
5505.008639596976,0.4978138,0.104660152458213,2.1
5506.008641166385,0.4874876,0.09995838646956708,2.5
5507.008642735795,0.48453152,0.09641665606423126,2.4000000000000004
5508.008644305203,0.5857353,0.09661867413005747,2.4000000000000004
5509.008645874613,0.27070352,0.10087382731915606,2.4000000000000004
5510.008647444021,0.3841756,0.10132021310896867,2.4000000000000004
5511.008649013431,0.5960913,0.09912023102654527,2.0
5512.008650582839,0.32312834,0.04725689294827233,2.9000000000000004
5513.008652152249,0.15306531,0.042471398085851854,2.4000000000000004
5514.0086537216575,0.44337222,0.04612567336223429,1.2000000000000002
5515.008655291067,0.49297395,0.05222442212041117,1.2000000000000002
5516.008656860476,0.40024805,0.05171786427866753,5.1000000000000005
5517.008658429885,0.3144875,0.05114215991226473,5.1000000000000005
5518.008659999294,0.14332792,0.05171948499257086,5.1000000000000005
5519.008661568703,0.06935968,0.043525037995004255,5.1000000000000005
5520.008663138112,0.09629927,0.04769118970264573,1.2000000000000002
5521.008664707521,0.05827677,0.05168588570885628,0.7000000000000001
5522.008666276931,0.16012686,0.05120967290834591,5.0
5523.008667846339,0.14804633,0.0510285985823715,5.0
5524.008669415749,0.17354918,0.047288451736168496,5.0
5525.008670985158,0.21565327,0.03998280792938581,10.100000000000001
5526.008672554567,0.26503605,0.04636657973497085,2.7
5527.008674123976,0.37344044,0.04631906622910758,2.7
5528.008675693385,0.52423644,0.04507630045774612,2.7
5529.008677262794,0.41026458,0.045857282166186814,2.7
5530.008678832203,0.34596017,0.042866839666062174,2.1
5531.008680401612,0.41484776,0.037520121679368794,2.1
5532.008681971021,0.5843024,0.03865299323687361,2.0
5533.00868354043,0.6674597,0.03872607201795806,2.1
5534.0086851098395,0.5901162,0.038022061724433974,1.4000000000000001
5535.008686679248,0.45223883,0.04099550478927577,2.1
5536.008688248658,0.6468241,0.034082038073071634,5.5
5537.008689818066,0.4131913,0.034103325529129466,5.5
5538.008691387476,0.34726083,0.03537989706022481,4.1000000000000005
5539.008692956885,0.55688393,0.034124617157697136,5.4
5540.008694526294,0.53383726,0.03218351169339116,5.4
5541.008696095703,0.52837825,0.033875691295728594,3.4000000000000004
5542.008697665112,0.56376094,0.03991272152146684,5.4
5543.008699234521,0.36480558,0.04059176228721127,4.7
5544.00870080393,0.4626143,0.041573525971196054,2.0
5545.0087023733395,0.5538115,0.03913065406059251,2.7
5546.008703942748,0.5019682,0.03949931021128749,2.2
5547.008705512158,0.44772813,0.04128928675373455,2.1
5548.008707081566,0.4712501,0.04137951783203513,2.7
5549.008708650976,0.37861344,0.050482560199994635,2.2
5550.008710220384,0.2929444,0.05153379858941827,2.2
5551.008711789794,0.37304983,0.05185925803948571,2.2
5552.008713359202,0.34198174,0.04762384588204587,2.2
5553.008714928612,0.34672478,0.04704786414986691,2.2
5554.0087164980205,0.21053223,0.049237972754091204,2.2
5555.00871806743,0.12659894,0.04921231451251569,3.8000000000000003
5556.0087196368395,0.13203488,0.05313965660124367,2.2
5557.008721206248,0.08587631,0.05325416844767668,2.8000000000000003
5558.008722775658,0.0772327,0.05273836931825574,2.2
5559.008724345066,0.18453027,0.04451868215028116,1.7000000000000002
5560.008725914476,0.08130519,0.04688073286345572,5.2
5561.008727483884,0.047194984,0.04726884770658257,1.7000000000000002
5562.008729053294,0.121201,0.05372393525291341,1.7000000000000002
5563.008730622702,0.1243765,0.05301760766557271,1.7000000000000002
5564.008732192112,0.13284591,0.05028169161348737,1.7000000000000002
5565.0087337615205,0.179381,0.05016955138202831,1.7000000000000002
5566.00873533093,0.059701316,0.046754802934784595,0.9
5567.008736900339,0.21995649,0.04756866583260056,0.8
5568.008738469748,0.123745985,0.051330917845944436,1.2000000000000002
5569.008740039157,0.21227194,0.052313694731048035,1.7000000000000002
5570.008741608566,0.121166535,0.04894521810887266,1.7000000000000002
5571.008743177975,0.1918602,0.047791135382398445,1.7000000000000002
5572.008744747384,0.210479,0.04114070875791178,1.9000000000000001
5573.008746316794,0.28022823,0.046991297929834065,1.9000000000000001
5574.008747886202,0.14331923,0.04842225715345724,1.4000000000000001
5575.008749455612,0.08960977,0.04877792311042643,1.4000000000000001
5576.0087510250205,0.15709397,0.05048586453905944,1.2000000000000002
5577.00875259443,0.17285173,0.04922441449675124,1.2000000000000002
5578.008754163839,0.07477625,0.04783964388423521,1.5
5579.008755733248,0.057194047,0.04829374432374957,2.5
5580.008757302657,0.10363549,0.051206353197850406,1.5
5581.008758872066,0.06635434,0.054794318462490096,6.2
5582.008760441475,0.050596062,0.05382641994194798,6.2
5583.008762010884,0.06119503,0.05014012312194733,5.300000000000001
5584.008763580293,0.067360334,0.0500489922497015,6.2
5585.008765149702,0.11486717,0.05120608179923693,1.6
5586.008766719111,0.13227583,0.050277122094912294,1.6
5587.0087682885205,0.07474201,0.051986135993128076,2.0
5588.00876985793,0.18499154,0.04999379614455293,4.5
5589.008771427339,0.1213615,0.051700695689379614,4.1000000000000005
5590.008772996748,0.3106402,0.05164756880611848,2.0
5591.008774566157,0.22028923,0.05765962817003432,1.5
5592.008776135566,0.6066535,0.07227788015486446,1.8
5593.008777704975,0.09120482,0.07369066486731574,1.8
5594.008779274384,0.309346,0.07242321769359585,1.8
5595.008780843793,0.3132372,0.07151907553292149,1.8
5596.008782413202,0.18036218,0.07264858721145097,1.8
5597.008783982611,0.23232813,0.07043833780781543,1.9000000000000001
5598.0087855520205,0.5400814,0.07005032697537007,1.9000000000000001
5599.008787121429,0.8020866,0.073933224921211,2.8000000000000003
5600.008788690839,0.68319786,0.07334543606429084,2.8000000000000003
5601.008790260247,0.41150382,0.06522008531727191,2.8000000000000003
5602.008791829657,0.3278128,0.049552612686240345,3.6
5603.008793399065,0.15858155,0.047534100779744404,1.4000000000000001
5604.008794968475,0.31312656,0.04791049183467058,1.4000000000000001
5605.008796537884,0.14436781,0.05758510114789895,9.700000000000001
5606.008798107293,0.253415,0.0555913920966698,1.2000000000000002
5607.008799676702,0.18729134,0.05511712513538117,1.2000000000000002
5608.008801246111,0.19890684,0.057293466495821135,1.2000000000000002
5609.0088028155205,0.42339674,0.05025893319799365,6.2
5610.008804384929,0.27863318,0.04798049488531278,6.2
5611.008805954339,0.34706423,0.05428042227612811,9.200000000000001
5612.008807523747,0.21555392,0.054246002586516184,9.200000000000001
5613.008809093157,0.2718646,0.052932625189384325,9.200000000000001
5614.008810662565,0.22701694,0.05330744720374867,9.200000000000001
5615.008812231975,0.43222612,0.04395337172648231,5.5
5616.008813801383,0.5739732,0.04695104558077365,0.7000000000000001
5617.008815370793,0.15003899,0.053548854882537605,1.8
5618.0088169402015,0.24452586,0.05264060826665055,2.0
5619.008818509611,0.2212952,0.05087502732994444,2.0
5620.00882007902,0.17880125,0.05196733358857802,2.0
5621.008821648429,0.19004902,0.04676931727175582,2.0
5622.008823217839,0.2812081,0.045377552578045835,0.8
5623.008824787247,0.11981172,0.053980100761604886,0.8
5624.008826356657,0.03407875,0.055270379244447276,0.8
5625.008827926065,0.21845971,0.05461946413377575,1.1
5626.008829495475,0.1393191,0.05212952921301579,3.0
5627.008831064883,0.15837629,0.047883437517629975,3.1
5628.008832634293,0.104533285,0.046120857577783954,3.1
5629.008834203702,0.20186272,0.050185487357499586,2.5
5630.008835773111,0.14522587,0.04962176542813955,2.5
5631.00883734252,0.3414952,0.04849533387033073,5.0
5632.008838911929,0.2247148,0.048488397409786936,5.0
5633.008840481338,0.43666315,0.0417981229155389,2.4000000000000004
5634.008842050747,0.31406057,0.03960311668634804,1.9000000000000001
5635.008843620156,0.2426489,0.047064140358429624,1.7000000000000002
5636.008845189565,0.23753448,0.04681359908841383,0.7000000000000001
5637.008846758974,0.083159596,0.04764929999461867,4.7
5638.0088483283835,0.25050303,0.04887732856330732,4.7
5639.008849897793,0.10102713,0.04589984721594628,1.3
5640.008851467202,0.34315228,0.04933155235483388,1.7000000000000002
5641.008853036611,0.27994826,0.05576573054373824,1.7000000000000002
5642.00885460602,0.41694155,0.05966379733363682,1.7000000000000002
5643.008856175429,0.30698416,0.05765911321319283,1.7000000000000002
5644.008857744838,0.19341166,0.05926958965536939,3.5
5645.008859314247,0.22595772,0.05301930902594628,3.5
5646.008860883656,0.23284465,0.055481364004259806,3.5
5647.008862453065,0.20859505,0.054282982776004435,1.6
5648.008864022474,0.14035432,0.05483839560259571,3.5
5649.0088655918835,0.21823585,0.055511644356284646,1.6
5650.008867161292,0.35424176,0.052959374649485205,3.3000000000000003
5651.008868730702,0.2873085,0.04777588226248688,1.6
5652.00887030011,0.49687734,0.043826912304099255,8.3
5653.00887186952,0.5674832,0.04544964773738172,4.9
5654.008873438929,0.5430148,0.046954820241586974,3.3000000000000003
5655.008875008338,0.38955292,0.04718752568990748,3.3000000000000003
5656.008876577747,0.49300063,0.042442161114688265,2.1
5657.008878147156,0.5343628,0.043301902336515936,2.1
5658.008879716565,0.34410086,0.04268500243924113,1.7000000000000002
5659.008881285974,0.54075617,0.04163400320205237,4.0
5660.0088828553835,0.39618936,0.04940248533894911,1.7000000000000002
5661.008884424792,0.3344976,0.04939012074637742,2.7
5662.008885994202,0.5011563,0.04887204766585051,2.5
5663.00888756361,0.49427703,0.049309231735850216,2.7
5664.00888913302,0.5330583,0.046959630985347015,2.7
5665.008890702428,0.42830485,0.055135741748764185,3.0
5666.008892271838,0.38272485,0.05828049400793438,2.8000000000000003
5667.008893841246,0.3759491,0.05738536427183507,2.8000000000000003
5668.008895410656,0.40446618,0.05628172534291019,2.8000000000000003
5669.0088969800645,0.18848836,0.057965987136198084,3.0
5670.008898549474,0.50801104,0.05120292680814421,2.9000000000000004
5671.0089001188835,0.5431165,0.05033214771947288,2.7
5672.008901688292,0.50080985,0.05860381146951334,2.7
5673.008903257702,0.64882565,0.057589518394617324,2.7
5674.00890482711,0.6125723,0.057818900185168165,2.7
5675.00890639652,0.7824002,0.05017792883228518,4.0
5676.008907965928,0.6364999,0.04934728545066774,1.4000000000000001
5677.008909535338,0.75881344,0.04987840706459532,1.4000000000000001
5678.008911104746,0.569994,0.0577511236026056,1.4000000000000001
5679.008912674156,0.32927144,0.057712368988829414,1.4000000000000001
5680.0089142435645,0.4774722,0.05710932949225407,1.4000000000000001
5681.008915812974,0.22884658,0.056648201555234215,1.4000000000000001
5682.008917382383,0.22882211,0.049894711149924484,1.4000000000000001
5683.008918951792,0.41516566,0.05067069247459858,1.4000000000000001
5684.008920521201,0.13848716,0.05440295529307879,1.7000000000000002
5685.00892209061,0.103921,0.05442044273283525,1.7000000000000002
5686.008923660019,0.08580573,0.053876178306702,1.7000000000000002
5687.008925229428,0.15397319,0.05304595437038782,1.7000000000000002
5688.008926798838,0.306566,0.04627242767846223,1.7000000000000002
5689.008928368246,0.120934114,0.04689583939772197,1.7000000000000002
5690.008929937656,0.2803972,0.04931727172059361,1.7000000000000002
5691.0089315070645,0.3742088,0.049936747090177064,1.7000000000000002
5692.008933076474,0.20432068,0.05010260123190894,1.4000000000000001
5693.008934645883,0.20110776,0.049351064865468,2.5
5694.008936215292,0.12883097,0.05185934686926748,1.4000000000000001
5695.008937784701,0.2017498,0.05540597187323624,1.4000000000000001
5696.00893935411,0.41366342,0.05505425083548203,4.3
5697.008940923519,0.22024968,0.05681083274250195,2.5
5698.008942492928,0.15814802,0.06621977081193092,3.4000000000000004
5699.008944062337,0.06345184,0.06493302889001953,3.4000000000000004
5700.008945631746,0.22016335,0.06466615668813551,2.0
5701.008947201155,0.070309296,0.06587254366504078,2.0
5702.0089487705645,0.08839697,0.06799643944741002,2.0
5703.008950339973,0.07255201,0.083017467231514,3.1
5704.008951909383,0.06904513,0.09126522159103831,3.1
5705.008953478792,0.055455465,0.10480977343613952,3.1
5706.008955048201,0.08430736,0.10410710350769677,3.1
5707.00895661761,0.11574059,0.10270597653083804,3.1
5708.008958187019,0.36869696,0.0961509412645851,3.0
5709.008959756428,0.15521866,0.09531051305033063,3.0
5710.008961325837,0.2548454,0.09403545315116048,2.4000000000000004
5711.008962895246,0.4949813,0.09290333086945463,2.5
5712.008964464655,0.85100394,0.09034277226734792,2.5
5713.0089660340645,0.82079196,0.07724506284506615,2.9000000000000004
5714.008967603473,0.9271961,0.061350671440468414,3.4000000000000004
5715.008969172883,0.9646278,0.02593243838942144,2.9000000000000004
5716.008970742291,0.9480459,0.025257539135194722,9.0
5717.008972311701,0.9524853,0.028095344193704304,9.1
5718.008973881109,0.9505065,0.03340193320555756,8.3
5719.008975450519,0.9395778,0.033817267658233945,10.100000000000001
5720.008977019928,0.8014764,0.04519730116999658,5.6000000000000005
5721.008978589337,0.82849246,0.04624236732184071,10.100000000000001
5722.008980158746,0.6509439,0.04977911650041279,5.6000000000000005
5723.008981728155,0.5824466,0.051293753078958254,6.0
5724.008983297565,0.5860519,0.053828537407123046,10.5
5725.008984866973,0.66987115,0.054387038445271735,10.5
5726.008986436383,0.72365534,0.05732784162851656,2.7
5727.008988005791,0.54857177,0.05925211050188856,10.9
5728.008989575201,0.5435592,0.05675705940369303,10.9
5729.008991144609,0.6946099,0.057042374141266415,10.9
5730.008992714019,0.6916157,0.04895083713789275,9.600000000000001
5731.0089942834275,0.6344683,0.04987718597965643,9.600000000000001
5732.008995852837,0.69042313,0.04871902254507184,9.600000000000001
5733.008997422246,0.46708143,0.04971697504014384,2.1
5734.008998991655,0.4323885,0.055404174821178945,11.0
5735.009000561064,0.29259786,0.057015770779625635,9.4
5736.009002130473,0.49841046,0.05477268350854422,9.5
5737.009003699883,0.7000603,0.07964388361046143,2.6
5738.009005269291,0.7006517,0.08209464380211394,9.4
5739.009006838701,0.8385358,0.09264747292280795,2.6
5740.009008408109,0.75706005,0.09395307057235378,2.6
5741.009009977519,0.5210776,0.0935082258073854,2.6
5742.0090115469275,0.6681657,0.09223864928449847,1.1
5743.009013116337,0.39683536,0.09895254431161186,2.6
5744.009014685746,0.3886096,0.10330474091775231,2.0
5745.009016255155,0.32944348,0.1024985011381359,2.0
5746.009017824564,0.17275281,0.1026295279772439,2.0
5747.009019393973,0.23249407,0.08270377100601044,2.1
5748.009020963382,0.34302053,0.07976709376589752,2.0
5749.009022532791,0.57566994,0.06637631317378967,2.0
5750.0090241022,0.6257742,0.06451224287368564,2.1
5751.009025671609,0.7733151,0.0635192438094332,2.2
5752.009027241018,0.7020594,0.06632188074529327,1.8
5753.0090288104275,0.85994697,0.05208030990621379,2.2
5754.009030379837,0.8035003,0.029625774644112417,2.2
5755.009031949246,0.8056971,0.028133754335135708,2.0
5756.009033518655,0.69296765,0.026190910677703235,2.0
5757.009035088064,0.5702587,0.026573507611514197,2.0
5758.009036657473,0.65075153,0.02697930482735584,2.0
5759.009038226882,0.5347423,0.027290916621117076,2.0
5760.009039796291,0.35819623,0.030880597312099443,2.2
5761.0090413657,0.62930965,0.031832439743757115,2.2
5762.009042935109,0.43431166,0.02590119173030946,4.9
5763.009044504518,0.53812355,0.02860915699709244,4.9
5764.0090460739275,0.22418669,0.03609795149300382,1.5
5765.009047643336,0.14788294,0.03616979654648285,3.9000000000000004
5766.009049212746,0.19640614,0.03782668047294202,1.5
5767.009050782154,0.23099598,0.04346472421385694,10.4
5768.009052351564,0.5144837,0.04341778746346352,10.4
5769.009053920972,0.7126463,0.04625402633214476,10.4
5770.009055490382,0.7966306,0.045620622138329195,10.4
5771.009057059791,0.70897526,0.04745201829362298,1.6
5772.0090586292,0.7770385,0.04685605219775144,1.6
5773.009060198609,0.7247193,0.04677596419487193,1.6
5774.009061768018,0.79055893,0.04351592701096611,1.6
5775.0090633374275,0.5714731,0.04509547518164938,1.6
5776.009064906836,0.69981116,0.044543730437112086,10.8
5777.009066476246,0.7600396,0.03862509296250743,1.6
5778.009068045654,0.81994164,0.040003459896876745,1.9000000000000001
5779.009069615064,0.8812852,0.036469600789050156,1.9000000000000001
5780.009071184472,0.9000089,0.037772844327831075,5.800000000000001
5781.009072753882,0.9468099,0.03598068100885349,5.800000000000001
5782.00907432329,0.9095592,0.03846796092530879,6.0
5783.0090758927,0.7697616,0.04377349442054627,2.3000000000000003
5784.0090774621085,0.9171136,0.04324401500797188,2.3000000000000003
5785.009079031518,0.95085734,0.041515705503565134,2.4000000000000004
5786.0090806009275,0.9587856,0.0404773415293733,2.4000000000000004
5787.009082170336,0.8961519,0.04079511621779383,2.3000000000000003
5788.009083739746,0.8069053,0.03926413371551751,2.3000000000000003
5789.009085309154,0.7219701,0.03919774609985991,2.3000000000000003
5790.009086878564,0.72444403,0.039159988962993816,2.3000000000000003
5791.009088447972,0.46179995,0.03739691468917159,2.3000000000000003
5792.009090017382,0.7010555,0.036972390438218,2.3000000000000003
5793.00909158679,0.66685086,0.03130115651953707,3.0
5794.0090931562,0.74308646,0.030484334951536744,2.7
5795.0090947256085,0.63298666,0.036296934484045036,2.7
5796.009096295018,0.7054817,0.03644403219394296,2.7
5797.009097864427,0.5962944,0.039318487444460926,2.7
5798.009099433836,0.6982283,0.0395212790312991,2.7
5799.009101003245,0.4884016,0.04111047812698357,2.7
5800.009102572654,0.8062374,0.03878199305922768,4.9
5801.009104142063,0.62380314,0.041408622453071135,2.7
5802.009105711472,0.74948794,0.04099024366527087,2.6
5803.009107280882,0.69064903,0.03992989319685007,5.1000000000000005
5804.00910885029,0.75254726,0.04487577275870085,2.6
5805.0091104197,0.6752003,0.040377357608538764,2.0
5806.0091119891085,0.6837845,0.05049765048558352,1.9000000000000001
5807.009113558518,0.58729565,0.04894671346314101,3.1
5808.009115127927,0.27889684,0.04885938362535209,2.7
5809.009116697336,0.5635612,0.0523096545682192,1.9000000000000001
5810.009118266745,0.5549691,0.051759806790923686,1.9000000000000001
5811.009119836154,0.30220833,0.051650401300457886,1.9000000000000001
5812.009121405563,0.6499651,0.05063289241673217,1.9000000000000001
5813.009122974972,0.6106455,0.052344525256779656,3.6
5814.009124544381,0.9240177,0.04870162136130221,3.1
5815.00912611379,0.88685423,0.05803164053135707,2.1
5816.009127683199,0.91378754,0.04974045793087227,4.4
5817.009129252609,0.93713266,0.04885192641487905,4.4
5818.009130822017,0.9496986,0.051497768327533194,3.1
5819.009132391427,0.9669726,0.046716223661438724,2.4000000000000004
5820.009133960836,0.927056,0.047750640027679966,2.4000000000000004
5821.009135530245,0.9214501,0.04623981814116458,2.4000000000000004
5822.009137099654,0.8681167,0.04798682680164672,2.0
5823.009138669063,0.90788805,0.05052129437708777,2.4000000000000004
5824.009140238472,0.70413923,0.048889808562896674,2.0
5825.009141807881,0.71410346,0.04580117228976613,2.4000000000000004
5826.0091433772905,0.6865827,0.04576413316589269,2.4000000000000004
5827.009144946699,0.6991561,0.04651112642280051,2.4000000000000004
5828.009146516109,0.7536263,0.04498623666144927,2.4000000000000004
5829.009148085517,0.7894981,0.04530849644005419,2.4000000000000004
5830.009149654927,0.77229196,0.0464676354307027,2.4000000000000004
5831.009151224335,0.81210595,0.04757402021666981,1.9000000000000001
5832.009152793745,0.7628952,0.05290287860856059,2.4000000000000004
5833.009154363153,0.87311393,0.04716860844300529,2.4000000000000004
5834.009155932563,0.8197763,0.0481064352962367,2.4000000000000004
5835.009157501972,0.85499966,0.04408776892150714,1.8
5836.009159071381,0.7964804,0.045304076765493535,1.9000000000000001
5837.0091606407905,0.5539786,0.04579444110884369,1.9000000000000001
5838.009162210199,0.7810686,0.04430388031223102,1.9000000000000001
5839.009163779609,0.8112998,0.04464438340764769,1.9000000000000001
5840.009165349017,0.8342368,0.04324052485721479,2.7
5841.009166918427,0.7774539,0.04735088902170094,2.7
5842.009168487835,0.82960767,0.03922543006326078,2.7
5843.009170057245,0.78575486,0.04242125059224937,2.7
5844.009171626653,0.7927718,0.04592652349065903,2.0
5845.009173196063,0.89707464,0.04221932259420208,2.8000000000000003
5846.0091747654715,0.8844367,0.043139839094418715,2.1
5847.009176334881,0.90699655,0.04211725425473992,2.0
5848.00917790429,0.72618586,0.04259883528876032,2.0
5849.009179473699,0.7078809,0.04338769957956571,2.7
5850.009181043108,0.66137123,0.044380114947773185,2.7
5851.009182612517,0.6097203,0.04203628694407057,4.0
5852.009184181927,0.5790982,0.042234421837410586,4.0
5853.009185751335,0.49824694,0.044824111366185304,2.5
5854.009187320745,0.5292707,0.040524329035737806,2.5
5855.009188890153,0.5214909,0.04272924656366943,2.5
5856.009190459563,0.4563782,0.0407333831575671,2.6
5857.0091920289715,0.6020103,0.04040987281293677,2.6
5858.009193598381,0.44505796,0.041489926107939654,2.5
5859.00919516779,0.68054706,0.043827510643183513,10.700000000000001
5860.009196737199,0.74969375,0.04738990040614114,3.4000000000000004
5861.009198306608,0.75932944,0.043987934593989045,3.4000000000000004
5862.009199876017,0.7475301,0.04936744765648337,3.2
5863.009201445426,0.91062593,0.05077772290235756,10.700000000000001
5864.009203014835,0.86892265,0.05051923082921233,10.700000000000001
5865.009204584244,0.72084504,0.05113630161635163,3.5
5866.009206153653,0.68858135,0.05311069181739476,10.700000000000001
5867.009207723062,0.75884736,0.05343282279069616,10.700000000000001
5868.0092092924715,0.7869446,0.05355769007896063,3.2
5869.009210861881,0.89739114,0.05033928291203113,3.2
5870.00921243129,0.86754763,0.04885481527397016,10.0
5871.009214000699,0.67413896,0.05132493007429751,10.0
5872.009215570108,0.5929596,0.05259178711807514,10.0
5873.009217139517,0.52011794,0.04706909123196877,3.4000000000000004
5874.009218708926,0.4726389,0.047111140012456004,3.4000000000000004
5875.009220278335,0.7932682,0.046683942252159105,3.4000000000000004
5876.009221847744,0.8502676,0.044071405009360506,3.4000000000000004
5877.009223417153,0.76595265,0.04491983034655217,3.3000000000000003
5878.009224986562,0.3099055,0.04573059432596085,3.3000000000000003
5879.0092265559715,0.38973927,0.048546164844770166,3.3000000000000003
5880.00922812538,0.6353609,0.054551967666655966,3.1
5881.00922969479,0.7182967,0.05199905860241353,3.1
5882.009231264198,0.598033,0.0511066365282423,3.2
5883.009232833608,0.6615801,0.05058136454081724,3.1
5884.009234403016,0.6636122,0.05071859913232654,3.1
5885.009235972426,0.66905034,0.049415355912464015,3.1
5886.009237541835,0.6262602,0.04932695775553564,3.1
5887.009239111244,0.44359815,0.0498863432430158,3.1
5888.009240680653,0.45074415,0.05036094110733808,10.700000000000001
5889.009242250062,0.43011504,0.05378949198123615,1.9000000000000001
5890.0092438194715,0.32059374,0.04432674677964805,2.4000000000000004
5891.00924538888,0.5382731,0.04496137870026631,1.9000000000000001
5892.00924695829,0.42909297,0.04078761987221367,1.0
5893.009248527698,0.5721173,0.04074875530641468,1.9000000000000001
5894.009250097108,0.29693034,0.04264463856971451,1.9000000000000001
5895.009251666516,0.50536615,0.04286040506730824,4.4
5896.009253235926,0.59415185,0.04436455175373164,9.600000000000001
5897.009254805334,0.503928,0.043486083205013994,9.600000000000001
5898.009256374744,0.50673383,0.050681028821535565,1.4000000000000001
5899.0092579441525,0.5774327,0.046182761101867836,2.0
5900.009259513562,0.47288686,0.0486810816784273,2.0
5901.0092610829715,0.69342023,0.05185676151050768,2.0
5902.00926265238,0.5969952,0.05105459139276157,2.0
5903.00926422179,0.49379554,0.05099405451129012,3.7
5904.009265791198,0.29067805,0.05004827037390059,3.7
5905.009267360608,0.30886897,0.04995581282293014,3.7
5906.009268930016,0.78482676,0.04940948477394473,3.7
5907.009270499426,0.79076487,0.04991659867075693,3.7
5908.009272068834,0.6793911,0.04011940979984986,2.9000000000000004
5909.009273638244,0.7124699,0.0407320024812803,3.7
5910.0092752076525,0.880642,0.037506799901845946,3.7
5911.009276777062,0.8002497,0.03910228382066556,3.3000000000000003
5912.009278346471,0.7439301,0.03829124826521445,3.7
5913.00927991588,0.7385232,0.03826752213026115,3.3000000000000003
5914.009281485289,0.7151206,0.03906988004904218,2.8000000000000003
5915.009283054698,0.8440607,0.03796022939998855,3.9000000000000004
5916.009284624107,0.8419743,0.03836449889610577,3.9000000000000004
5917.009286193516,0.80799437,0.036426091986795577,3.3000000000000003
5918.009287762926,0.6419499,0.03678656131275766,2.9000000000000004
5919.009289332334,0.72753924,0.03483936693551428,2.3000000000000003
5920.009290901744,0.5367406,0.03554920934527173,2.3000000000000003
5921.009292471153,0.6025863,0.03154459407378107,3.4000000000000004
5922.009294040562,0.69676584,0.0320540330457585,1.9000000000000001
5923.009295609971,0.6809613,0.03219868300122696,3.4000000000000004
5924.00929717938,0.83454525,0.03683466355852902,1.9000000000000001
5925.009298748789,0.77564925,0.03902366544241363,1.9000000000000001
5926.009300318198,0.64468646,0.03976470097691345,2.1
5927.009301887607,0.6504351,0.040200646038216,4.4
5928.009303457016,0.7547714,0.03963428856986855,4.4
5929.009305026425,0.64367485,0.04022932861835768,4.4
5930.0093065958345,0.8013817,0.04140513467407267,2.9000000000000004
5931.009308165243,0.74479103,0.039614723241453265,2.9000000000000004
5932.009309734653,0.6503858,0.04117411651735099,2.3000000000000003
5933.009311304061,0.55019563,0.04188402137336535,2.2
5934.009312873471,0.3323707,0.04303677292321487,3.1
5935.00931444288,0.7919483,0.04073372308161922,2.5
5936.009316012289,0.64078164,0.04362471184455959,1.9000000000000001
5937.009317581698,0.8734858,0.043162142680610575,1.9000000000000001
5938.009319151107,0.8043543,0.043459263465197615,1.9000000000000001
5939.009320720516,0.8717876,0.04351515361723009,1.9000000000000001
5940.009322289925,0.84615207,0.04145474359901341,1.9000000000000001
5941.0093238593345,0.91684365,0.041268656716476455,1.9000000000000001
5942.009325428743,0.91693324,0.04044272016349142,10.200000000000001
5943.009326998153,0.9322487,0.04468794826508055,11.600000000000001
5944.009328567561,0.92619884,0.03944401886448081,11.0
5945.009330136971,0.90714586,0.0400599682647531,11.0
5946.009331706379,0.8644628,0.041714847060471995,11.0
5947.009333275789,0.8163336,0.041871572266022956,11.0
5948.009334845197,0.8471827,0.0416734052959442,5.2
5949.009336414607,0.67694676,0.040102800190664346,5.2
5950.0093379840155,0.723249,0.04158341233612996,9.9
5951.009339553425,0.752992,0.042960729965403247,9.9
5952.0093411228345,0.78088266,0.04570589250195048,3.0
5953.009342692243,0.8236116,0.040970659000443034,5.300000000000001
5954.009344261653,0.7979963,0.0396225805679512,9.4
5955.009345831061,0.5489159,0.04617795150311952,9.4
5956.009347400471,0.6282889,0.05923018997047592,3.1
5957.009348969879,0.5360819,0.061186986745947636,3.1
5958.009350539289,0.44142276,0.061319468629151296,3.1
5959.009352108697,0.40907496,0.06327672459205327,2.9000000000000004
5960.009353678107,0.5343072,0.06384700852021881,2.9000000000000004
5961.0093552475155,0.39868638,0.06240377771491483,2.9000000000000004
5962.009356816925,0.6566461,0.059367527004492035,2.9000000000000004
5963.009358386334,0.5468789,0.06068111755951136,3.0
5964.009359955743,0.60440445,0.0608113703251531,3.0
5965.009361525152,0.41741183,0.05619589187351951,3.0
5966.009363094561,0.5123783,0.036065318168968546,3.0
5967.009364663971,0.41882867,0.033446319332160475,3.1
5968.009366233379,0.33382708,0.03253264343101046,2.7
5969.009367802789,0.35656264,0.028067607569820404,3.1
5970.009369372197,0.34484822,0.02431362323825052,2.6
5971.009370941607,0.53171366,0.03915645499136167,2.7
5972.0093725110155,0.539154,0.039220388636015784,2.7
5973.009374080425,0.78630465,0.0366051744221444,2.7
5974.009375649834,0.47774923,0.041381560730016115,2.7
5975.009377219243,0.49168292,0.04174345239359718,1.4000000000000001
5976.009378788652,0.57045406,0.04110610734072744,1.4000000000000001
5977.009380358061,0.3658447,0.04087203277755863,1.4000000000000001
5978.00938192747,0.8115423,0.0408406432254322,1.4000000000000001
5979.009383496879,0.7805481,0.04114160756641395,1.4000000000000001
5980.009385066288,0.816385,0.0411949602081691,1.4000000000000001
5981.009386635697,0.79515946,0.02745035746710198,1.9000000000000001
5982.009388205106,0.803758,0.02666845039159523,1.9000000000000001
5983.0093897745155,0.7621335,0.028443296459619467,1.3
5984.009391343925,0.8059334,0.02091967080718667,1.9000000000000001
5985.009392913334,0.7974123,0.023496993909622097,7.1000000000000005
5986.009394482743,0.7146487,0.026763599481578648,6.300000000000001
5987.009396052152,0.7807995,0.037395222320678954,4.5
5988.009397621561,0.79868025,0.04211273291701133,4.5
5989.00939919097,0.77269524,0.04264063813883508,4.5
5990.009400760379,0.73170704,0.04358412218587522,4.5
5991.009402329788,0.78350097,0.043637308851377385,4.5
5992.009403899197,0.81106377,0.045824405988247635,4.5
5993.009405468606,0.6567673,0.049174232497912945,1.3
5994.0094070380155,0.80297184,0.049537847983075776,1.3
5995.009408607424,0.78598464,0.04770289763444761,1.3
5996.009410176834,0.81956434,0.045887782968488035,1.3
5997.009411746242,0.7960663,0.04274660418862642,1.3
5998.009413315652,0.7665541,0.042540538783897075,3.3000000000000003
5999.00941488506,0.2372593,0.04409658619861818,2.6
6000.00941645447,0.7535673,0.04553068099229757,1.5
6001.009418023879,0.41670868,0.046272226673452814,1.5
6002.009419593288,0.21504842,0.0475466092762548,1.5
6003.009421162697,0.745095,0.04291358282451759,11.0
6004.009422732106,0.8448639,0.04440682326011405,1.5
6005.0094243015155,0.8248502,0.04929938737910071,10.4
6006.009425870924,0.73693514,0.04959356545324735,0.8
6007.009427440334,0.7557736,0.04651830836893734,4.7
6008.009429009742,0.5659078,0.0446882555370065,9.4
6009.009430579152,0.4361565,0.04391749490228018,10.200000000000001
6010.00943214856,0.38378206,0.04228809598491807,10.200000000000001
6011.00943371797,0.39004925,0.04182552115316707,10.200000000000001
6012.009435287378,0.8652463,0.03824638156219919,9.5
6013.009436856788,0.5707804,0.03917924164125058,9.5
6014.0094384261965,0.80985737,0.03700454080616472,3.1
6015.009439995606,0.5096533,0.04256570097026808,6.2
6016.009441565015,0.5620518,0.0422892098791682,1.4000000000000001
6017.009443134424,0.5573355,0.04274207522083671,6.2
6018.009444703834,0.6877135,0.04118569533258887,6.2
6019.009446273242,0.6622179,0.0415355641018849,5.800000000000001
6020.009447842652,0.53250104,0.04464797066766761,1.5
6021.00944941206,0.7032499,0.04571982289093017,1.5
6022.00945098147,0.543726,0.046245103495130016,1.5
6023.009452550878,0.42191976,0.050860893672600375,1.9000000000000001
6024.009454120288,0.7768337,0.051460044719241704,1.9000000000000001
6025.009455689697,0.92588717,0.041636580136495654,1.6
6026.009457259106,0.8940728,0.04176207314857882,1.5
6027.009458828515,0.90671444,0.041442029175473134,4.2
6028.009460397924,0.8327179,0.04092552405900193,4.2
6029.009461967333,0.83752394,0.03965697052553768,4.2
6030.009463536742,0.8968299,0.03942439741846354,4.2
6031.009465106151,0.90256435,0.040163689145109635,4.3
6032.00946667556,0.67370856,0.043032791623293716,4.3
6033.00946824497,0.51647305,0.03856506971083978,1.4000000000000001
6034.0094698143785,0.34073004,0.03750138745992535,1.4000000000000001
6035.009471383788,0.4979219,0.046375833108588685,4.7
6036.009472953197,0.4787984,0.04723228351171381,1.3
6037.009474522606,0.6993718,0.04587891653848974,1.3
6038.009476092015,0.6634313,0.04776606450043469,1.3
6039.009477661424,0.6255043,0.047866411019706186,1.3
6040.009479230833,0.8542553,0.04507699068390267,5.0
6041.009480800242,0.90858567,0.0440283717019661,4.4
6042.009482369651,0.89224327,0.040617349953961546,1.6
6043.00948393906,0.8668104,0.050037738780671505,1.3
6044.009485508469,0.8363494,0.049842178149392485,11.5
6045.0094870778785,0.61730415,0.04173794579230088,7.4
6046.009488647287,0.7730338,0.04259170091999857,7.800000000000001
6047.009490216697,0.8545319,0.04221026618886534,7.800000000000001
6048.009491786105,0.8004129,0.04359788285588911,7.300000000000001
6049.009493355515,0.27088442,0.0469185757859314,7.800000000000001
6050.009494924924,0.447824,0.04711474805108205,7.800000000000001
6051.009496494333,0.38251913,0.04671440790154336,7.800000000000001
6052.009498063742,0.28013495,0.04724877147544188,7.800000000000001
6053.009499633151,0.18475458,0.03572548988365246,2.6
6054.00950120256,0.38255545,0.04748967919970454,7.800000000000001
6055.009502771969,0.48047674,0.05016767758816209,7.800000000000001
6056.0095043413785,0.30400136,0.050622174692525605,1.5
6057.009505910787,0.29111072,0.05478750481737787,1.5
6058.009507480197,0.5333551,0.053316338943810666,4.4
6059.009509049605,0.5939783,0.05126996990535595,4.4
6060.009510619015,0.523713,0.05295638147305075,4.4
6061.009512188423,0.6568968,0.05631740031921689,2.1
6062.009513757833,0.6727914,0.05773412077819962,2.1
6063.009515327241,0.756944,0.05957672252379374,4.9
6064.009516896651,0.40970424,0.053862681759251976,0.9
6065.0095184660595,0.68252003,0.06920865979566346,4.4
6066.009520035469,0.6613604,0.06883475443931591,2.1
6067.0095216048785,0.835854,0.06552536969804125,2.1
6068.009523174287,0.8305546,0.06798655376273846,2.1
6069.009524743697,0.9097729,0.07148532921135763,2.1
6070.009526313105,0.7726258,0.072041253142677,2.1
6071.009527882515,0.8572566,0.07044983967038775,2.1
6072.009529451923,0.9278694,0.06984684732126951,2.1
6073.009531021333,0.8045478,0.06921421802862011,3.4000000000000004
6074.009532590741,0.92974055,0.0678576815900135,2.1
6075.009534160151,0.30301386,0.05108781547456854,3.4000000000000004
6076.0095357295595,0.79440176,0.05632967095905196,3.3000000000000003
6077.009537298969,0.76855224,0.056244457741549896,3.3000000000000003
6078.009538868378,0.873952,0.05802383477450176,3.3000000000000003
6079.009540437787,0.7793666,0.057995880752677025,3.1
6080.009542007196,0.63676256,0.05627734718605201,3.1
6081.009543576605,0.29132247,0.0597297966452015,3.5
6082.009545146014,0.33078563,0.07518662965317952,3.3000000000000003
6083.009546715423,0.27922377,0.07724691368355432,2.8000000000000003
6084.009548284833,0.31790686,0.0768767657532278,2.8000000000000003
6085.009549854241,0.34870356,0.0765247315230491,2.8000000000000003
6086.009551423651,0.456604,0.07623491892724191,2.3000000000000003
6087.0095529930595,0.31330758,0.07997218177814082,2.3000000000000003
6088.009554562469,0.4327263,0.07610604493812907,2.5
6089.009556131878,0.09647877,0.07443696780461015,2.7
6090.009557701287,0.5694679,0.07437409858307623,2.7
6091.009559270696,0.74016804,0.07097880995807827,4.3
6092.009560840105,0.9065479,0.057622904119692196,2.4000000000000004
6093.009562409514,0.4862659,0.05755924164646993,4.3
6094.009563978923,0.6487341,0.06125962030590938,2.6
6095.009565548332,0.7392077,0.06193643298623847,2.6
6096.009567117741,0.8404389,0.057959959979723114,4.6000000000000005
6097.00956868715,0.87751865,0.06523713866711749,3.5
6098.0095702565595,0.95628655,0.07096430187092598,2.0
6099.009571825969,0.90232015,0.11351679072524112,2.0
6100.009573395378,0.6112521,0.11354135583198659,2.0
6101.009574964787,0.40904376,0.11367207514244808,2.0
6102.009576534196,0.49805054,0.11179544298022215,2.1
6103.009578103605,0.3772574,0.11458342469750271,2.1
6104.009579673014,0.45070058,0.11264302509235527,2.1
6105.009581242423,0.5714897,0.11227363466013436,2.1
6106.009582811832,0.5989426,0.11311591863120635,2.1
6107.009584381241,0.25276968,0.106486497755694,2.6
6108.00958595065,0.3813359,0.10312257407654155,2.6
6109.0095875200595,0.20709527,0.05184857839521017,3.5
6110.009589089468,0.33661333,0.05312979051145133,1.3
6111.009590658878,0.8874135,0.05346470402189694,1.3
6112.009592228286,0.7584907,0.0534219389374385,1.3
6113.009593797696,0.8970834,0.054230856980542044,11.0
6114.009595367104,0.6098224,0.055741527572458524,11.0
6115.009596936514,0.5761359,0.05533352343049526,11.0
6116.009598505923,0.14864704,0.059636303935802465,11.0
6117.009600075332,0.24937451,0.06076407561062463,11.0
6118.009601644741,0.57498807,0.06473175753368987,11.0
6119.00960321415,0.62481004,0.0644833650009479,11.0
6120.00960478356,0.7951739,0.06586403815257856,11.0
6121.009606352968,0.88617593,0.06928993849778954,11.0
6122.009607922378,0.8865262,0.097701262104283,2.0
6123.009609491786,0.81057614,0.11540292679453851,3.5
6124.009611061196,0.6965124,0.12718767677703946,3.4000000000000004
6125.009612630604,0.68579036,0.137444781055046,3.4000000000000004
6126.009614200014,0.6428336,0.1381771859831369,3.4000000000000004
6127.009615769422,0.56708753,0.1377435122160735,3.4000000000000004
6128.009617338832,0.44133118,0.1353986445973559,3.4000000000000004
6129.009618908241,0.4807976,0.13452409051421907,3.4000000000000004
6130.00962047765,0.7224138,0.13345753038765323,3.4000000000000004
6131.009622047059,0.76087946,0.1312467318769707,3.3000000000000003
6132.009623616468,0.8687583,0.11148272562895131,3.3000000000000003
6133.009625185878,0.8657689,0.08632528234179902,2.2
6134.009626755286,0.7326722,0.0653943692273984,2.2
6135.009628324696,0.75523186,0.04513495759838157,2.0
6136.009629894104,0.89027476,0.034947495287972544,2.5
6137.009631463514,0.80652076,0.034122026532447815,2.3000000000000003
6138.0096330329225,0.88687396,0.034077124548647794,2.3000000000000003
6139.009634602332,0.66700894,0.040174374804825615,2.4000000000000004
6140.009636171741,0.69125503,0.04447067724988258,2.1
6141.00963774115,0.72899055,0.044362137602275586,1.5
6142.009639310559,0.7556322,0.0442065368674237,2.4000000000000004
6143.009640879968,0.8662073,0.04413977990449453,2.1
6144.009642449377,0.78384155,0.044150073874123424,2.1
6145.009644018786,0.81375486,0.03768214075160876,1.8
6146.009645588195,0.8008333,0.035263186033206016,1.7000000000000002
6147.009647157604,0.7693021,0.03639939490360003,1.8
6148.009648727013,0.69477165,0.03639129718823972,1.8
6149.0096502964225,0.85726595,0.029005718606933517,5.7
6150.009651865832,0.8922083,0.038416910197290405,2.9000000000000004
6151.009653435241,0.9387061,0.038654849489976745,3.2
6152.00965500465,0.91418856,0.038863212115056674,2.9000000000000004
6153.009656574059,0.96545935,0.03884626159802854,2.9000000000000004
6154.009658143468,0.97590774,0.04885523619765879,1.7000000000000002
6155.009659712877,0.9735218,0.05083590467351667,1.7000000000000002
6156.009661282286,0.940955,0.05498062880686998,2.8000000000000003
6157.009662851695,0.95062137,0.05425735632775835,2.8000000000000003
6158.009664421104,0.930981,0.05430556488156741,2.8000000000000003
6159.009665990513,0.792145,0.05435085107574961,2.8000000000000003
6160.0096675599225,0.89144844,0.0424815433404497,2.8000000000000003
6161.009669129331,0.78872204,0.04293300037630897,2.8000000000000003
6162.009670698741,0.89237946,0.04274480162478327,2.8000000000000003
6163.009672268149,0.82143164,0.042721104520796874,2.8000000000000003
6164.009673837559,0.45572147,0.030668367729559914,2.6
6165.009675406968,0.48102733,0.03330570876017364,2.6
6166.009676976377,0.57099587,0.024529222433911927,5.6000000000000005
6167.009678545786,0.51731455,0.024661970680076747,5.6000000000000005
6168.009680115195,0.35592288,0.03563002020258831,3.6
6169.009681684604,0.7494714,0.03838990355140635,5.6000000000000005
6170.009683254013,0.7187799,0.03953437854882035,5.6000000000000005
6171.0096848234225,0.70360833,0.03933530115880622,4.4
6172.009686392831,0.81216633,0.03958094470648245,4.4
6173.009687962241,0.8845415,0.03974290491055103,4.4
6174.009689531649,0.8120548,0.03980650009475803,4.4
6175.009691101059,0.91413987,0.04090716599227133,2.1
6176.009692670467,0.9642861,0.047123547958379836,4.4
6177.009694239877,0.9096762,0.06926447057285635,3.4000000000000004
6178.009695809285,0.8736014,0.06742381851438616,1.9000000000000001
6179.009697378695,0.5977037,0.06648508807085901,1.9000000000000001
6180.0096989481035,0.8959545,0.06755120141190427,2.0
6181.009700517513,0.6757385,0.07111428736937843,2.0
6182.0097020869225,0.72561663,0.07127062091846344,2.0
6183.009703656331,0.27323127,0.0712101801627167,2.0
6184.009705225741,0.41040248,0.07110917766004457,2.0
6185.009706795149,0.6293496,0.06845457894346302,2.0
6186.009708364559,0.61208993,0.06524043420634722,2.3000000000000003
6187.009709933967,0.44533908,0.04066798975155652,1.3
6188.009711503377,0.38148928,0.034997862666673714,2.3000000000000003
6189.009713072785,0.19484256,0.03367835769128374,1.3
6190.009714642195,0.36054865,0.03371241868247449,2.3000000000000003
6191.0097162116035,0.3206578,0.056703547190450634,1.9000000000000001
6192.009717781013,0.28719348,0.056252867986720544,1.7000000000000002
6193.009719350422,0.27844325,0.05615079856515153,1.7000000000000002
6194.009720919831,0.2784306,0.05641155747371517,1.7000000000000002
6195.00972248924,0.5115415,0.060877860339804565,1.2000000000000002
6196.009724058649,0.51698416,0.060205696286640076,1.2000000000000002
6197.009725628058,0.53731835,0.06019819724170179,1.2000000000000002
6198.009727197467,0.5043926,0.06019930575388594,1.2000000000000002
6199.009728766877,0.5498102,0.060192096666167816,1.2000000000000002
6200.009730336285,0.23017997,0.05806849292417833,1.2000000000000002
6201.009731905695,0.20943795,0.027497023007233744,5.1000000000000005
6202.0097334751035,0.22996376,0.02745404604246703,5.1000000000000005
6203.009735044513,0.28983483,0.027483614397512842,5.1000000000000005
6204.009736613922,0.087267004,0.026879661666562926,5.300000000000001
6205.009738183331,0.15927958,0.009768016407868365,3.7
6206.00973975274,0.33986917,0.004283012260979753,1.7000000000000002
6207.009741322149,0.15567425,0.004200432943325262,10.700000000000001
6208.009742891558,0.14516822,0.003925302277468668,4.7
6209.009744460967,0.13315538,0.0038384753549947073,11.0
6210.009746030376,0.11992455,0.0037180740639518395,4.800000000000001
6211.009747599785,0.14244016,0.003654507608612367,4.800000000000001
6212.009749169194,0.13883093,0.0034314633281026913,10.9
6213.0097507386035,0.17389992,0.003154825933836269,10.9
6214.009752308012,0.17241488,0.0031564134886860377,10.9
6215.009753877422,0.1939369,0.003057857015617688,5.6000000000000005
6216.009755446831,0.18917252,0.0023561837506770296,8.9
6217.00975701624,0.18672206,0.001990118836791935,10.700000000000001
6218.009758585649,0.35900876,0.005228394362157847,3.3000000000000003
6219.009760155058,0.6424066,0.04067431614105709,1.1
6220.009761724467,0.5675449,0.05943376070539927,1.3
6221.009763293876,0.73286414,0.06456543643214356,1.2000000000000002
6222.009764863285,0.59600455,0.06500933003811028,2.2
6223.009766432694,0.43021283,0.06521555423178466,2.2
6224.009768002104,0.3649164,0.06530189537901523,2.2
6225.009769571512,0.43765336,0.06537741344661836,2.2
6226.009771140922,0.61828995,0.06543080256611924,2.2
6227.00977271033,0.6057222,0.06557383092851828,2.2
6228.00977427974,0.26630768,0.06613225513744955,2.3000000000000003
6229.009775849148,0.33404908,0.05284979677505044,1.9000000000000001
6230.009777418558,0.3195037,0.032999458572534196,1.6
6231.009778987967,0.46367252,0.021374012142771688,1.6
6232.009780557376,0.35152414,0.020284876144172098,1.6
6233.0097821267855,0.44042957,0.02373019092017963,1.5
6234.009783696194,0.7507133,0.03206052829953912,1.5
6235.009785265604,0.81596625,0.03246947887068619,1.5
6236.009786835012,0.8560516,0.03252583369504695,1.5
6237.009788404422,0.8118856,0.032471117427584816,1.5
6238.00978997383,0.79224354,0.037904553159987565,1.5
6239.00979154324,0.6411538,0.03973577128601005,1.5
6240.009793112648,0.8282702,0.037680062879685165,1.5
6241.009794682058,0.80542976,0.03763140079917434,1.3
6242.0097962514665,0.81596375,0.03767299687822251,1.3
6243.009797820876,0.7663221,0.035106561521924075,1.3
6244.009799390285,0.7643288,0.03345643325340214,1.5
6245.009800959694,0.8584501,0.03427556112797635,1.5
6246.009802529103,0.78308326,0.038135016906115114,2.2
6247.009804098512,0.6250103,0.03916488577746549,2.2
6248.009805667922,0.44051445,0.032282273570446995,2.2
6249.00980723733,0.34938797,0.02960809238727679,2.2
6250.00980880674,0.28408486,0.02940036990081753,2.2
6251.009810376148,0.38720462,0.03150665583407027,2.2
6252.009811945558,0.42765325,0.03492375877987284,1.5
6253.0098135149665,0.39829108,0.065913889584982,2.1
6254.009815084376,0.4832109,0.06337529997943163,1.7000000000000002
6255.009816653785,0.45184112,0.06270872824763296,1.7000000000000002
6256.009818223194,0.25722232,0.060432365058524264,1.7000000000000002
6257.009819792603,0.36424753,0.06217826543356339,1.8
6258.009821362012,0.6917862,0.06333838494769531,1.8
6259.009822931421,0.80645007,0.06339645196940764,1.8
6260.00982450083,0.8408182,0.06341622143870021,1.8
6261.009826070239,0.87174565,0.0624282170608346,1.8
6262.009827639648,0.3237242,0.06432314370618289,1.8
6263.009829209057,0.91132605,0.03237942139650294,1.8
6264.0098307784665,0.93020046,0.03231778075982447,1.8
6265.009832347876,0.9422078,0.03240932749182015,1.8
6266.009833917285,0.9356822,0.03896556792030933,1.4000000000000001
6267.009835486694,0.90291,0.0355576905950673,1.4000000000000001
6268.009837056103,0.91064095,0.03371656590955424,1.9000000000000001
6269.009838625512,0.909112,0.03375733960332772,1.7000000000000002
6270.009840194921,0.90222806,0.033831055319972186,1.7000000000000002
6271.00984176433,0.62896436,0.03382156778269302,1.7000000000000002
6272.009843333739,0.7903797,0.025829120340894383,1.4000000000000001
6273.009844903148,0.82183605,0.02539884089636317,1.8
6274.009846472557,0.7541401,0.028027278041084937,2.4000000000000004
6275.0098480419665,0.793079,0.027944579401117626,2.0
6276.009849611375,0.65249056,0.017863758553621708,6.5
6277.009851180785,0.82733536,0.029604524064751517,2.5
6278.009852750193,0.93203646,0.03100982600577242,1.1
6279.009854319603,0.89598435,0.03199617819581895,2.5
6280.009855889012,0.9499667,0.03214695251025727,1.9000000000000001
6281.009857458421,0.93599355,0.032262565605410604,2.0
6282.00985902783,0.9389495,0.03235094596230196,2.0
6283.009860597239,0.85847557,0.03218579100472148,1.9000000000000001
6284.009862166648,0.90880096,0.029837099431887188,1.9000000000000001
6285.009863736057,0.83574873,0.04039252669172582,1.9000000000000001
6286.0098653054665,0.7786507,0.04128881109969998,1.9000000000000001
6287.009866874875,0.904615,0.0339133798925988,1.9000000000000001
6288.009868444285,0.91362554,0.032662828723875256,1.9000000000000001
6289.009870013693,0.9142063,0.0317558725173578,1.8
6290.009871583103,0.85657984,0.031668865522974876,1.8
6291.009873152511,0.82172567,0.031480797349155744,1.8
6292.009874721921,0.7842573,0.03184184540539925,1.8
6293.009876291329,0.68237174,0.03226483600129209,1.8
6294.009877860739,0.66150814,0.03238015684310893,1.8
6295.0098794301475,0.6755817,0.017558427451168594,6.1000000000000005
6296.009880999557,0.7773162,0.021177151449435248,1.4000000000000001
6297.0098825689665,0.9148314,0.028564137850953273,2.8000000000000003
6298.009884138375,0.89194924,0.028549730188611164,1.4000000000000001
6299.009885707785,0.9509038,0.02865221828491871,1.4000000000000001
6300.009887277193,0.8384509,0.033519316758087433,1.4000000000000001
6301.009888846603,0.8844217,0.03505604484083947,1.4000000000000001
6302.009890416011,0.8581229,0.034674878731451114,1.4000000000000001
6303.009891985421,0.6922029,0.034419468823710164,1.4000000000000001
6304.009893554829,0.90141445,0.03876900133481502,1.6
6305.009895124239,0.6345829,0.03915997347562125,2.9000000000000004
6306.0098966936475,0.58606595,0.035959854153545606,1.3
6307.009898263057,0.5698281,0.03088739841157517,1.0
6308.009899832466,0.6357866,0.0478249922432685,1.3
6309.009901401875,0.62485355,0.06179243913024368,1.3
6310.009902971284,0.64851636,0.0593652962956822,1.3
6311.009904540693,0.642836,0.062183159666791304,1.3
6312.009906110102,0.24063292,0.06470251543657049,1.1
6313.009907679511,0.111205265,0.06504194485215113,1.1
6314.009909248921,0.11433812,0.06253698324531462,1.2000000000000002
6315.009910818329,0.2352975,0.06230074047007151,1.2000000000000002
6316.009912387739,0.33161095,0.0651335689546268,1.2000000000000002
6317.009913957148,0.6906388,0.064749152176946,2.0
6318.009915526557,0.9111558,0.053226991310913845,2.7
6319.009917095966,0.94101924,0.03616692814136645,2.8000000000000003
6320.009918665375,0.7579086,0.035844437090602595,2.0
6321.009920234784,0.8315835,0.028803081122403616,2.0
6322.009921804193,0.83789253,0.02268790738402845,2.0
6323.009923373602,0.83596355,0.0214552548654719,1.8
6324.009924943011,0.6891667,0.02123550353180102,1.8
6325.00992651242,0.27152485,0.021046585278398082,1.8
6326.0099280818295,0.47100452,0.008905946283652722,5.4
6327.009929651238,0.6952752,0.02830016605081115,2.1
6328.009931220648,0.82525134,0.02985579421930227,1.5
6329.009932790056,0.8553415,0.03023860151514359,2.9000000000000004
6330.009934359466,0.8883305,0.030381755072997174,2.9000000000000004
6331.009935928875,0.79943264,0.03338523715871636,3.3000000000000003
6332.009937498284,0.8832236,0.03844122692036756,1.7000000000000002
6333.009939067693,0.8878756,0.03848000256904051,1.7000000000000002
6334.009940637102,0.9073422,0.03854346437508902,1.7000000000000002
6335.009942206511,0.9564982,0.050214723339725625,1.5
6336.00994377592,0.9786839,0.05087238713066124,1.5
6337.0099453453295,0.97434175,0.043237033144834076,1.5
6338.009946914738,0.90631676,0.04235640109708165,1.8
6339.009948484148,0.9555514,0.04511089694085915,1.8
6340.009950053556,0.94924104,0.04528477215499762,1.8
6341.009951622966,0.8947325,0.043199736289584297,1.8
6342.009953192374,0.9135119,0.042066703249942536,2.7
6343.009954761784,0.9372292,0.044589506485823334,1.6
6344.009956331192,0.83711666,0.04476826905006601,1.6
6345.009957900602,0.89398205,0.040419445849490324,1.1
6346.009959470011,0.7435093,0.04100171408839681,1.4000000000000001
6347.00996103942,0.86506796,0.041113148436226175,1.1
6348.0099626088295,0.67050785,0.04557273061649895,1.1
6349.009964178238,0.8880275,0.04280074298190896,1.5
6350.009965747648,0.881182,0.04262908740628833,1.5
6351.009967317056,0.9069116,0.04260719522604876,1.5
6352.009968886466,0.83659744,0.03944462425259537,1.5
6353.009970455874,0.9193361,0.03656351825299688,1.5
6354.009972025284,0.86892605,0.036363264734891966,1.5
6355.009973594692,0.8647872,0.026802536690582312,3.4000000000000004
6356.009975164102,0.6799127,0.034398055954849724,4.5
6357.0099767335105,0.71269715,0.03427682613207485,4.5
6358.00997830292,0.88399714,0.027981455354054524,4.5
6359.009979872329,0.8995483,0.027739926517796495,4.3
6360.009981441738,0.68793356,0.03708130648532936,1.5
6361.009983011147,0.80719066,0.037499427459275966,2.6
6362.009984580556,0.84805596,0.03748371735635802,2.6
6363.009986149966,0.8775416,0.03753916776790866,2.6
6364.009987719374,0.9158597,0.03748599027567246,2.6
6365.009989288784,0.8105783,0.03662787382645595,2.6
6366.009990858192,0.9053196,0.043132789766307675,2.8000000000000003
6367.009992427602,0.90364844,0.04379743274415572,2.6
6368.0099939970105,0.9254996,0.04371184156174625,2.8000000000000003
6369.00999556642,0.70586675,0.04380795040466633,2.8000000000000003
6370.009997135829,0.9514079,0.036336273203549506,2.4000000000000004
6371.009998705238,0.94459635,0.03601779078689133,2.4000000000000004
6372.010000274647,0.9723246,0.03611795657627598,2.3000000000000003
6373.010001844056,0.96928596,0.03617095878812528,2.3000000000000003
6374.010003413465,0.91389734,0.0430646668731553,2.3000000000000003
6375.010004982874,0.49603164,0.04312699034418423,2.3000000000000003
6376.010006552283,0.9479013,0.027924219790658778,5.6000000000000005
6377.010008121692,0.952598,0.026834661998816213,5.6000000000000005
6378.010009691101,0.92909104,0.026938716028281972,5.6000000000000005
6379.0100112605105,0.9258121,0.026805113841307175,5.6000000000000005
6380.01001282992,0.93476707,0.02660488159143166,5.6000000000000005
6381.010014399329,0.9426971,0.02649347659735306,5.6000000000000005
6382.010015968738,0.83400637,0.035756875813636034,1.6
6383.010017538147,0.7973157,0.03616590173318583,1.2000000000000002
6384.010019107556,0.95472604,0.028030076011459345,2.9000000000000004
6385.010020676965,0.96008945,0.028081828764449986,5.9
6386.010022246374,0.76125854,0.04075411659935747,1.3
6387.010023815783,0.8642586,0.040833133568987344,1.3
6388.010025385192,0.8872623,0.040749401529479826,1.3
6389.010026954601,0.9039836,0.041075387610523366,1.3
6390.0100285240105,0.9859772,0.04386035918994168,1.3
6391.010030093419,0.94841874,0.04384049146971798,1.3
6392.010031662829,0.95449156,0.03664857379661757,1.3
6393.010033232237,0.98291796,0.036343344697609824,1.3
6394.010034801647,0.98537713,0.03607175664692117,1.3
6395.010036371055,0.95751,0.03692947082345189,1.3
6396.010037940465,0.89183444,0.021889712797225798,5.7
6397.010039509874,0.961397,0.021861639724247796,7.5
6398.010041079283,0.9589523,0.030134969361591792,2.0
6399.010042648692,0.8816379,0.03251008311728797,2.0
6400.010044218101,0.8898264,0.0621053113338119,2.0
6401.0100457875105,0.930314,0.06265972864571177,2.0
6402.010047356919,0.8741788,0.06830056894256227,1.8
6403.010048926329,0.73039997,0.06831420571597802,2.4000000000000004
6404.010050495737,0.5279936,0.06823661336015001,1.8
6405.010052065147,0.5493377,0.06761876385806043,1.8
6406.010053634555,0.40808138,0.07011589173205988,1.8
6407.010055203965,0.519391,0.07589067368891798,2.4000000000000004
6408.010056773373,0.49874336,0.07344701387554722,1.6
6409.010058342783,0.39405638,0.07768070129528501,1.6
6410.0100599121915,0.54914045,0.05795714859300258,1.6
6411.010061481601,0.5978209,0.057368689474109204,2.4000000000000004
6412.010063051011,0.602667,0.051201565495852974,2.4000000000000004
6413.010064620419,0.5336446,0.05115272914211094,2.4000000000000004
6414.010066189829,0.4758016,0.05119049473320579,2.4000000000000004
6415.010067759237,0.5278786,0.051326103420588624,2.4000000000000004
6416.010069328647,0.5378767,0.04783789843629721,2.4000000000000004
6417.010070898055,0.6237631,0.03795702315604443,2.2
6418.010072467465,0.6120952,0.037148198546092484,2.2
6419.010074036873,0.42761123,0.023820966768382672,2.5
6420.010075606283,0.48521906,0.014557270903835384,5.800000000000001
6421.010077175692,0.2504395,0.014661090479460551,5.800000000000001
6422.010078745101,0.762292,0.013023218233878473,5.800000000000001
6423.01008031451,0.66667277,0.012853063604073739,5.800000000000001
6424.010081883919,0.48180464,0.012961037685738329,5.800000000000001
6425.010083453328,0.55974305,0.012924866585319382,5.800000000000001
6426.010085022737,0.40631598,0.013233264793043105,5.800000000000001
6427.010086592146,0.40869176,0.013579970582695373,5.800000000000001
6428.010088161555,0.59984475,0.013693737033779099,5.6000000000000005
6429.010089730965,0.8476653,0.028929773495147155,5.6000000000000005
6430.0100913003735,0.91840655,0.02960921244402331,5.6000000000000005
6431.010092869783,0.8556139,0.029666293757111006,3.0
6432.010094439192,0.8700824,0.02914732115925105,3.0
6433.010096008601,0.86521375,0.0290931711531394,5.6000000000000005
6434.01009757801,0.8893208,0.02923430989870986,5.6000000000000005
6435.010099147419,0.9413553,0.029270320519909774,3.1
6436.010100716828,0.88378257,0.03728776449047676,1.7000000000000002
6437.010102286237,0.9198491,0.037859378034553234,1.7000000000000002
6438.010103855646,0.8871752,0.03781099214242496,1.7000000000000002
6439.010105425055,0.87651783,0.027866536955775876,1.7000000000000002
6440.010106994464,0.88942635,0.027181840799470187,1.7000000000000002
6441.0101085638735,0.88600504,0.027190691439612866,1.7000000000000002
6442.010110133282,0.90138793,0.02724798351501317,1.7000000000000002
6443.010111702692,0.9153566,0.027267487720377268,1.7000000000000002
6444.0101132721,0.74295276,0.037591554100242286,1.4000000000000001
6445.01011484151,0.64995086,0.03780931838016455,1.8
6446.010116410919,0.9495558,0.029845169816741794,5.5
6447.010117980328,0.92665774,0.02896356665773051,6.6000000000000005
6448.010119549737,0.95041585,0.028952392229393685,6.6000000000000005
6449.010121119146,0.8707059,0.03668754798252674,1.3
6450.010122688555,0.91374314,0.03657881833635128,1.3
6451.010124257964,0.93584496,0.0365403768477237,1.3
6452.0101258273735,0.963123,0.04627745308119287,1.3
6453.010127396782,0.8952938,0.0475055286080009,1.3
6454.010128966192,0.88583326,0.03979679803909883,5.6000000000000005
6455.0101305356,0.8256171,0.03944459051167034,5.6000000000000005
6456.01013210501,0.9145708,0.042549398213724623,5.6000000000000005
6457.010133674418,0.91102725,0.04260108675810557,5.300000000000001
6458.010135243828,0.94258904,0.04253994279773305,5.300000000000001
6459.010136813236,0.8975468,0.03605242496858869,2.0
6460.010138382646,0.97008204,0.03821894858338774,2.0
6461.0101399520545,0.9833333,0.038141186647307534,2.0
6462.010141521464,0.9525197,0.02537412328574671,10.9
6463.0101430908735,0.98685515,0.022823498202904267,5.800000000000001
6464.010144660282,0.9745969,0.024042249679912895,11.200000000000001
6465.010146229692,0.98334205,0.024174815777500715,11.200000000000001
6466.0101477991,0.96032006,0.018196801983485875,5.6000000000000005
6467.01014936851,0.9794938,0.018483946879022727,5.6000000000000005
6468.010150937918,0.98710144,0.02652333774344312,5.6000000000000005
6469.010152507328,0.89907086,0.04341736293425544,1.7000000000000002
6470.010154076736,0.87586933,0.041715537507829074,1.7000000000000002
6471.010155646146,0.6495817,0.04238425995667122,1.7000000000000002
6472.0101572155545,0.6159686,0.047651175292532856,2.7
6473.010158784964,0.5074418,0.056586926947935025,3.0
6474.010160354373,0.3953588,0.06341520652302318,2.7
6475.010161923782,0.41382948,0.06360686125530925,2.7
6476.010163493191,0.37870914,0.06365049765619255,2.7
6477.0101650626,0.20641315,0.07126544184904743,2.7
6478.01016663201,0.16899636,0.07082605660552077,2.7
6479.010168201418,0.098229334,0.06228184895388424,2.7
6480.010169770828,0.13689058,0.062329999783973786,2.7
6481.010171340236,0.38015246,0.06191442078674471,2.7
6482.010172909646,0.28973395,0.057922566274302714,2.7
6483.0101744790545,0.2957775,0.04922684841835631,2.7
6484.010176048464,0.68493795,0.03920709418231718,2.8000000000000003
6485.010177617873,0.7995575,0.03911089513257419,2.7
6486.010179187282,0.9090521,0.047206686755275985,2.7
6487.010180756691,0.927186,0.041479137564719736,15.0
6488.0101823261,0.92056227,0.04470580192039233,3.2
6489.010183895509,0.93283933,0.04753403915860503,4.3
6490.010185464918,0.93236613,0.047305833488200506,6.2
6491.010187034327,0.8225213,0.048036690439798815,12.9
6492.010188603736,0.7416486,0.0486470547378411,12.9
6493.010190173145,0.871022,0.04867012546747007,12.9
6494.0101917425545,0.822031,0.055738920530710674,6.300000000000001
6495.010193311964,0.7411319,0.06538484744917876,1.7000000000000002
6496.010194881373,0.48627153,0.05980876402342085,2.1
6497.010196450782,0.6691643,0.05575219446222214,2.3000000000000003
6498.010198020191,0.6410617,0.05349646300854977,2.3000000000000003
6499.0101995896,0.5880788,0.0544956838124548,2.0
6500.010201159009,0.7834241,0.05447517699579492,2.0
6501.010202728418,0.77371556,0.05468643527572993,2.0
6502.010204297827,0.8265015,0.054156525629289284,2.0
6503.010205867236,0.9466214,0.05419236243955904,2.0
6504.010207436645,0.9071801,0.05695974076347453,3.7
6505.0102090060545,0.8772465,0.04763798565837035,5.300000000000001
6506.010210575463,0.90153897,0.0475720299072302,5.300000000000001
6507.010212144873,0.90007025,0.048124269844674133,3.7
6508.010213714281,0.86160296,0.0446008734378607,5.9
6509.010215283691,0.8467025,0.040415446274736866,5.9
6510.010216853099,0.8553298,0.05869391386080437,2.4000000000000004
6511.010218422509,0.87026465,0.06506306753422018,14.9
6512.010219991918,0.8451435,0.06534190812171943,14.9
6513.010221561327,0.8422724,0.0653903635996806,14.9
6514.010223130736,0.59516287,0.06075772300730284,5.0
6515.010224700145,0.5810509,0.05941476544146635,9.200000000000001
6516.010226269555,0.5820549,0.06000113319293709,3.6
6517.010227838963,0.6615747,0.06667836017009243,3.6
6518.010229408373,0.7308209,0.07291369526926943,3.6
6519.010230977781,0.41972983,0.07327700777995609,3.6
6520.010232547191,0.73682886,0.06046969607228535,1.9000000000000001
6521.010234116599,0.5495553,0.05683670415801219,3.6
6522.010235686009,0.72426564,0.059543979442024005,1.9000000000000001
6523.010237255417,0.82090867,0.05980971639793349,1.9000000000000001
6524.010238824827,0.82734746,0.058636133796220076,2.8000000000000003
6525.010240394236,0.5531185,0.062127360195583625,2.1
6526.010241963645,0.6473084,0.06307658558365477,2.1
6527.010243533054,0.79077387,0.055510700798645105,2.1
6528.010245102463,0.57929343,0.05434685427245522,2.1
6529.010246671873,0.7295214,0.0572769070634352,2.1
6530.010248241281,0.8026817,0.05791318586439276,2.1
6531.010249810691,0.6822195,0.07910909818505553,2.1
6532.010251380099,0.8719095,0.1027339449844739,3.2
6533.010252949509,0.7450035,0.10682512308583104,3.2
6534.0102545189175,0.7671345,0.10542453809775634,3.2
6535.010256088327,0.8038966,0.1032653005091124,3.2
6536.010257657736,0.703968,0.1023824301493159,3.2
6537.010259227145,0.6368844,0.10213074043304463,3.2
6538.010260796554,0.4536715,0.09843917023046882,3.2
6539.010262365963,0.45784426,0.09624081416441928,3.2
6540.010263935372,0.15989526,0.09539638244585662,3.2
6541.010265504781,0.22829676,0.07538734634141721,3.4000000000000004
6542.01026707419,0.22336136,0.030525807118567286,3.8000000000000003
6543.010268643599,0.12337726,0.0028046247524977797,9.700000000000001
6544.010270213009,0.14336394,0.0026467552824686307,9.700000000000001
6545.0102717824175,0.14784533,0.002535452100730269,1.0
6546.010273351827,0.16334413,0.002606203005365237,9.700000000000001
6547.010274921236,0.16383077,0.002565717379201315,9.5
6548.010276490645,0.14647435,0.00263974979863476,8.8
6549.010278060054,0.22640646,0.002167996576410822,8.8
6550.010279629463,0.2118711,0.002224814109982857,9.700000000000001
6551.010281198872,0.19177851,0.0021704461165630586,9.700000000000001
6552.010282768281,0.16669081,0.0022155086841586973,9.5
6553.01028433769,0.39567405,0.020941720011254213,2.5
6554.010285907099,0.4564908,0.05032123007689895,1.6
6555.010287476508,0.5511229,0.05136866606509685,1.3
6556.0102890459175,0.60152423,0.0557338030289677,1.3
6557.010290615326,0.6241671,0.05901757079531461,1.3
6558.010292184736,0.43898317,0.06157612354191074,1.3
6559.010293754144,0.3916927,0.06432206409260174,1.3
6560.010295323554,0.31792158,0.06840595382486415,1.2000000000000002
6561.010296892963,0.51267517,0.0684494693267786,1.2000000000000002
6562.010298462372,0.5717767,0.06894066528765723,1.2000000000000002
6563.010300031781,0.62300086,0.06578222624626673,1.2000000000000002
6564.01030160119,0.62891287,0.049816043058573234,1.2000000000000002
6565.010303170599,0.6507658,0.05380622849929809,2.4000000000000004
6566.010304740008,0.62327015,0.06115844217625169,2.0
6567.0103063094175,0.79222816,0.05972802405012368,2.7
6568.010307878826,0.6085361,0.06533153762449703,2.8000000000000003
6569.010309448236,0.6196356,0.07662528499350856,2.8000000000000003
6570.010311017644,0.45801875,0.08862641707851965,1.2000000000000002
6571.010312587054,0.13664739,0.09463631973554822,1.2000000000000002
6572.010314156462,0.19581363,0.0958609958650798,1.2000000000000002
6573.010315725872,0.11246609,0.09702414157030219,1.2000000000000002
6574.01031729528,0.059456024,0.0980647589468016,1.3
6575.01031886469,0.07435507,0.09857961004340074,1.3
6576.0103204340985,0.061093714,0.10982847298985694,1.1
6577.010322003508,0.10550974,0.1145438029825482,1.1
6578.0103235729175,0.16640198,0.12979005058355322,1.1
6579.010325142326,0.16893771,0.12834771240556225,1.1
6580.010326711736,0.16994843,0.13152491200054373,1.1
6581.010328281144,0.14720054,0.12768145860718794,1.1
6582.010329850554,0.12609653,0.1268020662991056,1.1
6583.010331419962,0.2670095,0.15000956980146543,1.1
6584.010332989372,0.11758863,0.15583069452236617,1.8
6585.01033455878,0.11375489,0.15963152379053192,2.0
6586.01033612819,0.26868856,0.14842601709231878,2.0
6587.0103376975985,0.43439537,0.15230603916760846,2.0
6588.010339267008,0.71346784,0.13946837074388593,2.0
6589.010340836417,0.6100957,0.13772057116976522,2.0
6590.010342405826,0.6517635,0.1259835994280512,1.6
6591.010343975235,0.66627264,0.128473434372022,1.6
6592.010345544644,0.5608637,0.13321080539841695,2.0
6593.010347114053,0.5172065,0.10707674488395603,2.0
6594.010348683462,0.6410718,0.09729162682335259,4.0
6595.010350252872,0.49138355,0.0943578388766068,3.2
6596.01035182228,0.64824075,0.09485219353113895,3.9000000000000004
6597.01035339169,0.5315863,0.08134044217220698,3.1
6598.0103549610985,0.7331004,0.07478071393473637,1.4000000000000001
6599.010356530508,0.6071494,0.0674539990049263,4.4
6600.010358099917,0.86299336,0.06567847549332585,4.4
6601.010359669326,0.8930376,0.06032169659879686,5.2
6602.010361238735,0.86785066,0.052943727154130614,2.8000000000000003
6603.010362808144,0.8846848,0.05356133077801794,5.2
6604.010364377553,0.53140664,0.058458572413531806,5.2
6605.010365946962,0.8173093,0.05201977948973193,2.6
6606.010367516371,0.81908345,0.05342931765273429,2.6
6607.01036908578,0.82530737,0.05636683016528457,2.6
6608.010370655189,0.62135905,0.06365197086650103,2.6
6609.0103722245985,0.5791094,0.06541251267799918,3.0
6610.010373794008,0.6361712,0.06539660134904077,3.0
6611.010375363417,0.7801763,0.06524101346960859,3.0
6612.010376932826,0.73911965,0.061344435989087225,3.0
6613.010378502235,0.7963426,0.05708273701321,3.0
6614.010380071644,0.8177305,0.0506687654287507,3.0
6615.010381641053,0.920866,0.045471328232272915,3.0
6616.010383210462,0.8294986,0.04169152252800178,2.8000000000000003
6617.010384779871,0.6441384,0.037980248445285976,3.0
6618.01038634928,0.72483784,0.023702517981805366,3.0
6619.010387918689,0.8594137,0.017555515524090265,5.2
6620.010389488099,0.7880383,0.021734870560850075,2.7
6621.010391057507,0.6292303,0.02780438801460937,2.7
6622.010392626917,0.4967576,0.029093895215348477,2.7
6623.010394196325,0.8207608,0.029605002053697198,2.7
6624.010395765735,0.53887194,0.030056264386349247,2.7
6625.010397335143,0.90062445,0.03574115673330048,2.4000000000000004
6626.010398904553,0.8955665,0.0366288282042357,2.4000000000000004
6627.010400473962,0.9171522,0.03603440077412185,2.6
6628.010402043371,0.9252846,0.03853773049382874,2.6
6629.0104036127805,0.8364623,0.03877283836409285,2.6
6630.010405182189,0.8229162,0.03658922654471485,4.3
6631.010406751599,0.79641116,0.03632636111964695,4.7
6632.010408321007,0.7117336,0.035840225152028525,4.3
6633.010409890417,0.38076767,0.0358582888400716,4.6000000000000005
6634.010411459825,0.7479782,0.03719104063301113,1.4000000000000001
6635.010413029235,0.75047874,0.030919854999031028,1.4000000000000001
6636.010414598643,0.8693,0.02932724729122866,1.4000000000000001
6637.010416168053,0.82056755,0.03675103458345523,1.4000000000000001
6638.0104177374615,0.88185316,0.03564193618424046,1.9000000000000001
6639.010419306871,0.64499134,0.04601128142397945,1.9000000000000001
6640.01042087628,0.5870674,0.052722826965242324,2.1
6641.010422445689,0.7114305,0.05151453366991288,2.7
6642.010424015098,0.61275965,0.05895795636623281,2.7
6643.010425584507,0.626126,0.062393883973210766,1.8
6644.010427153917,0.6091789,0.0636867585668315,1.8
6645.010428723325,0.6677797,0.0642972817729788,1.8
6646.010430292735,0.53365225,0.06454869465783761,1.8
6647.010431862143,0.3641571,0.06238241138578901,2.7
6648.010433431553,0.6007112,0.06130190754083107,2.7
6649.0104350009615,0.7299447,0.059813457645840534,1.9000000000000001
6650.010436570371,0.89919895,0.05653035130244579,1.9000000000000001
6651.01043813978,0.95042396,0.06185938760212041,2.9000000000000004
6652.010439709189,0.9345639,0.059584350735759364,2.2
6653.010441278598,0.8317147,0.05890930976188501,2.2
6654.010442848007,0.8253139,0.059776848691179024,2.2
6655.010444417416,0.672699,0.06770215718156203,2.2
6656.010445986825,0.8496846,0.06783059421117515,2.2
6657.010447556234,0.86652064,0.06612665669587543,2.2
6658.010449125643,0.74176455,0.06634368631544482,2.2
6659.010450695052,0.6931169,0.061192634793426445,2.2
6660.0104522644615,0.61810607,0.062268638063650725,1.5
6661.010453833871,0.7291549,0.056064573353535374,1.5
6662.01045540328,0.6829994,0.05120311929663776,0.9
6663.010456972689,0.69739544,0.04846024140522317,0.7000000000000001
6664.010458542098,0.8581304,0.04435031131074651,0.7000000000000001
6665.010460111507,0.8123153,0.029191478841529755,2.7
6666.010461680916,0.77249724,0.03435625142204428,5.5
6667.010463250325,0.8737809,0.034656509830176076,0.7000000000000001
6668.010464819734,0.87780255,0.034999993779693914,2.5
6669.010466389143,0.85011685,0.036155569583020165,0.7000000000000001
6670.010467958552,0.824266,0.02975486757213168,6.1000000000000005
6671.0104695279615,0.72964126,0.029283464703489095,5.5
6672.01047109737,0.7685827,0.04395246011431215,5.5
6673.01047266678,0.7265202,0.046451420439217815,6.0
6674.010474236188,0.521905,0.05219745058735207,6.0
6675.010475805598,0.47069404,0.060025330143568235,1.8
6676.010477375007,0.6026863,0.06559069356342506,1.8
6677.010478944416,0.6437049,0.06973376028948323,1.8
6678.010480513825,0.7094404,0.06995971262429501,1.8
6679.010482083234,0.8071161,0.06964487962770369,1.8
6680.010483652643,0.736987,0.06964908954969637,1.8
6681.010485222052,0.8008625,0.06955443159401996,1.8
6682.0104867914615,0.7931592,0.061345344584348246,1.8
6683.01048836087,0.8282803,0.06309541501537413,1.9000000000000001
6684.01048993028,0.8813124,0.060452970554248135,1.9000000000000001
6685.010491499688,0.93176275,0.0550170904759983,5.9
6686.010493069098,0.8976614,0.044458304918255684,2.8000000000000003
6687.010494638506,0.71069264,0.07165560047729196,3.0
6688.010496207916,0.8329947,0.0879990799545732,5.7
6689.010497777324,0.7526516,0.08779148629633111,5.7
6690.010499346734,0.75853133,0.08826650520368001,3.5
6691.0105009161425,0.6937229,0.0883861789830702,3.5
6692.010502485552,0.6258824,0.08920705088630766,3.5
6693.0105040549615,0.5937426,0.0870453151502603,9.1
6694.01050562437,0.735909,0.08603144870018226,9.1
6695.01050719378,0.80513144,0.08583882731108743,5.7
6696.010508763188,0.66698396,0.08646789535374813,3.5
6697.010510332598,0.72314364,0.06163218145227051,13.200000000000001
6698.010511902006,0.86489964,0.03774851506893567,5.9
6699.010513471416,0.7949181,0.03797309742350504,5.5
6700.010515040824,0.7895364,0.04317156905940581,5.4
6701.010516610234,0.7693394,0.046721746158293394,5.300000000000001
6702.0105181796425,0.87163407,0.04904986625553241,5.300000000000001
6703.010519749052,0.6918587,0.053769063819757046,3.1
6704.010521318461,0.83374906,0.05531747018524741,5.300000000000001
6705.01052288787,0.6189316,0.059694512628832866,5.300000000000001
6706.010524457279,0.60414356,0.059212460534467194,5.7
6707.010526026688,0.53632253,0.09274202510545666,8.1
6708.010527596097,0.6564019,0.09082019843036818,8.1
6709.010529165506,0.5682734,0.09230189891068633,9.600000000000001
6710.010530734916,0.5126996,0.08961207807364784,9.600000000000001
6711.010532304324,0.4931772,0.08825718123320879,11.0
6712.010533873734,0.3753565,0.08629589617651628,2.8000000000000003
6713.0105354431425,0.5626474,0.0848508715981257,6.0
6714.010537012552,0.5030171,0.08799814948666004,5.6000000000000005
6715.010538581961,0.5918126,0.08805191730236477,5.6000000000000005
6716.01054015137,0.39498994,0.0886388842923464,4.800000000000001
6717.010541720779,0.4284308,0.05488408811357872,4.800000000000001
6718.010543290188,0.6003438,0.05496418523867474,4.800000000000001
6719.010544859597,0.5667756,0.052560070043830724,4.800000000000001
6720.010546429006,0.60632145,0.052602134863704,4.800000000000001
6721.010547998415,0.4886748,0.051909135123900295,4.800000000000001
6722.0105495678245,0.86252236,0.05177735008527862,4.800000000000001
6723.010551137233,0.78789055,0.05080169112503784,4.9
6724.010552706643,0.58443785,0.042689114642322834,4.9
6725.010554276051,0.69241345,0.05091539007166659,2.5
6726.010555845461,0.47912434,0.08471479837022322,2.0
6727.01055741487,0.5336206,0.08439366879257378,2.0
6728.010558984279,0.6039438,0.08551135121623143,2.0
6729.010560553688,0.46873277,0.08797299765129843,2.0
6730.010562123097,0.45132402,0.11182282128672927,2.0
6731.010563692506,0.40042782,0.1152906216063776,2.0
6732.010565261915,0.1259213,0.11887329051238356,1.7000000000000002
6733.0105668313245,0.23422794,0.11787920230967512,1.7000000000000002
6734.010568400733,0.14541845,0.11833354184382135,1.7000000000000002
6735.010569970143,0.18697935,0.11226573174003575,1.7000000000000002
6736.010571539551,0.2883228,0.08847774354573111,2.9000000000000004
6737.010573108961,0.47781947,0.08745804135086487,1.6
6738.010574678369,0.5261598,0.0865452977584949,1.6
6739.010576247779,0.3951782,0.08384276234612095,2.7
6740.010577817187,0.4088006,0.04727116764204166,2.6
6741.010579386597,0.26480332,0.03810921902674623,2.1
6742.010580956006,0.51323164,0.023832326355818802,3.5
6743.010582525415,0.4839343,0.026134350829943566,5.2
6744.0105840948245,0.4460553,0.02440789340662256,4.5
6745.010585664233,0.54053855,0.02217863002901498,4.5
6746.010587233643,0.47427866,0.023551013745529426,5.4
6747.010588803051,0.6424374,0.022666960636903783,4.4
6748.010590372461,0.627056,0.02267733340210057,4.1000000000000005
6749.010591941869,0.74443316,0.023576704059536553,4.1000000000000005
6750.010593511279,0.6757002,0.023392493542604635,4.1000000000000005
6751.010595080687,0.6252253,0.023686922317524065,4.1000000000000005
6752.010596650097,0.6697536,0.02350456518621221,4.1000000000000005
6753.0105982195055,0.70056254,0.02397374760838831,4.800000000000001
6754.010599788915,0.57075447,0.023581582675694112,5.1000000000000005
6755.010601358324,0.15850453,0.0298895084227514,5.1000000000000005
6756.010602927733,0.1078153,0.03004586227208637,5.0
6757.010604497142,0.2018671,0.02995864475942242,5.0
6758.010606066551,0.15641552,0.031363190211885814,5.9
6759.010607635961,0.2782431,0.0318784497679819,5.5
6760.010609205369,0.22348218,0.032270820613048055,5.0
6761.010610774779,0.09411087,0.032097760343434666,5.9
6762.010612344187,0.321769,0.03186165145660252,5.9
6763.010613913597,0.7570253,0.029069753792720192,5.9
6764.0106154830055,0.5077683,0.031150653182406965,5.5
6765.010617052415,0.5300912,0.025319227842411626,1.6
6766.010618621824,0.6295777,0.024292319478892512,6.9
6767.010620191233,0.7413809,0.02401431287089915,6.2
6768.010621760642,0.7598007,0.024183839094372266,2.6
6769.010623330051,0.7840861,0.024131445146648788,4.4
6770.01062489946,0.8508101,0.024426439827400226,4.4
6771.010626468869,0.8476982,0.02406152132991918,7.4
6772.010628038278,0.7968758,0.02426237549638409,7.4
6773.010629607687,0.6619673,0.02405436207517645,7.4
6774.010631177096,0.78371555,0.023370290121865585,2.2
6775.0106327465055,0.7468488,0.025641119863674417,4.9
6776.010634315915,0.8038656,0.02630763860128673,4.9
6777.010635885324,0.8677352,0.025437490350628037,4.9
6778.010637454733,0.88727456,0.022770434347140607,4.9
6779.010639024142,0.85069567,0.02229555355938789,4.9
6780.010640593551,0.84559906,0.02139707600853391,4.9
6781.01064216296,0.9045167,0.022544682432245156,4.800000000000001
6782.010643732369,0.9320079,0.02327839241795324,2.1
6783.010645301778,0.9259212,0.040262888619520563,4.9
6784.010646871187,0.9566361,0.04002753738195538,4.4
6785.010648440596,0.71304303,0.03874003228133455,4.3
6786.0106500100055,0.8697725,0.038736032562338325,7.2
6787.010651579414,0.8473759,0.03941671820714352,6.0
6788.010653148824,0.878463,0.039486485650171585,6.0
6789.010654718232,0.8387401,0.039297381571677524,4.3
6790.010656287642,0.94392407,0.039233198834885304,4.3
6791.010657857051,0.92291737,0.03974449451434386,4.3
6792.01065942646,0.91949266,0.04010174489901613,4.3
6793.010660995869,0.6680147,0.025960202134289578,3.7
6794.010662565278,0.96621776,0.02427820130916454,3.7
6795.010664134687,0.93502265,0.025361092687451223,3.7
6796.010665704096,0.9773129,0.024612869177717368,3.7
6797.0106672735055,0.9420757,0.023923892129800832,4.0
6798.010668842914,0.8939165,0.02379748685150906,4.0
6799.010670412324,0.96215665,0.023084431603842652,4.0
6800.010671981732,0.9778546,0.025247626332145997,2.0
6801.010673551142,0.978235,0.024002901776067693,3.8000000000000003
6802.01067512055,0.8827889,0.025014159229357114,1.7000000000000002
6803.01067668996,0.7026064,0.023128602659176357,2.1
6804.010678259368,0.8078171,0.024393258856542702,4.6000000000000005
6805.010679828778,0.7902247,0.02375078338960553,2.1
6806.0106813981865,0.81850433,0.024030974883374554,2.1
6807.010682967596,0.76917326,0.023780567591462964,1.6
6808.010684537006,0.7675222,0.02350524575428505,1.6
6809.010686106414,0.53117675,0.027262673819230268,1.3
6810.010687675824,0.7387975,0.025955945329971312,5.4
6811.010689245232,0.5917056,0.026598027695674275,3.3000000000000003
6812.010690814642,0.5770829,0.025374150599081043,3.3000000000000003
6813.01069238405,0.70714617,0.024849869151219443,3.3000000000000003
6814.01069395346,0.8233633,0.023687695350905445,3.3000000000000003
6815.010695522868,0.9022282,0.02316104733405038,3.2
6816.010697092278,0.8557819,0.022427943004409243,3.2
6817.010698661687,0.8528718,0.022153743414673077,3.2
6818.010700231096,0.8647516,0.022080389230758564,3.2
6819.010701800505,0.8278524,0.020226827062253382,4.800000000000001
6820.010703369914,0.74439186,0.02041716280150348,5.1000000000000005
6821.010704939323,0.72708213,0.020574786112344104,5.5
6822.010706508732,0.78726006,0.021626746998736658,2.6
6823.010708078141,0.7212836,0.023825544733220915,6.0
6824.01070964755,0.22066313,0.02538124217491236,2.5
6825.01071121696,0.13936532,0.026089672215621706,2.5
6826.0107127863685,0.11076464,0.026829971178381307,2.4000000000000004
6827.010714355778,0.20223986,0.0272759526324164,5.2
6828.010715925187,0.36496013,0.028291708927813422,5.2
6829.010717494596,0.5285195,0.027845724051635014,1.9000000000000001
6830.010719064005,0.45140487,0.03281864513716531,1.9000000000000001
6831.010720633414,0.5765146,0.03725318788184661,1.9000000000000001
6832.010722202823,0.7545768,0.036042203980894444,1.9000000000000001
6833.010723772232,0.6669698,0.034907712293520715,1.9000000000000001
6834.010725341641,0.7605495,0.0339864687921098,1.9000000000000001
6835.01072691105,0.77064365,0.033701318897183245,1.9000000000000001
6836.010728480459,0.6631487,0.03377952347062222,1.9000000000000001
6837.0107300498685,0.52711993,0.034898108858820574,1.9000000000000001
6838.010731619277,0.74664694,0.03428490633210608,3.3000000000000003
6839.010733188687,0.7678538,0.033191835689384074,3.0
6840.010734758095,0.8287367,0.027546598082662084,5.9
6841.010736327505,0.8343664,0.019791010970175292,5.7
6842.010737896914,0.8482964,0.019860152461896288,5.7
6843.010739466323,0.7632713,0.019082392695401792,5.7
6844.010741035732,0.8759773,0.019519685652203474,5.2
6845.010742605141,0.84457487,0.019386677197278775,5.2
6846.01074417455,0.8935155,0.019286608396731696,5.5
6847.010745743959,0.8129866,0.01738137474552659,5.4
6848.0107473133685,0.85097003,0.021096462285985298,5.4
6849.010748882777,0.74081314,0.02146528979301892,4.5
6850.010750452187,0.71472305,0.022343008520855443,4.5
6851.010752021595,0.59793985,0.02271172688711515,4.5
6852.010753591005,0.76081735,0.025497261069394175,4.5
6853.010755160413,0.76867634,0.02532682891847417,4.5
6854.010756729823,0.87238437,0.024375259283271805,4.5
6855.010758299231,0.9034719,0.024669843119038724,4.6000000000000005
6856.010759868641,0.8896358,0.024644473110785128,4.6000000000000005
6857.01076143805,0.86926097,0.024168134554622377,4.6000000000000005
6858.010763007459,0.8680706,0.0214000804624737,4.7
6859.0107645768685,0.87128174,0.020689886211211723,4.7
6860.010766146277,0.84372604,0.01977979169985195,4.7
6861.010767715687,0.71695924,0.018777282676603915,4.7
6862.010769285095,0.6977434,0.02219671705583056,2.6
6863.010770854505,0.7426554,0.023942880726959596,2.1
6864.010772423913,0.656579,0.02816047281027978,2.1
6865.010773993323,0.7685641,0.02956958033095442,2.1
6866.010775562731,0.7389944,0.032674081644796876,5.300000000000001
6867.010777132141,0.5953502,0.033590976804988355,5.300000000000001
6868.0107787015495,0.5381701,0.03373995239113263,4.800000000000001
6869.010780270959,0.5759629,0.03403327363140396,5.300000000000001
6870.010781840368,0.6212993,0.03421216594288057,5.300000000000001
6871.010783409777,0.6362645,0.03438486980969675,5.300000000000001
6872.010784979186,0.6392976,0.029999833178638535,4.9
6873.010786548595,0.34102115,0.030238291026807775,2.2
6874.010788118005,0.5824895,0.02682566268041136,5.0
6875.010789687413,0.51417637,0.024439391568769345,2.7
6876.010791256823,0.6586027,0.022830222668639287,2.7
6877.010792826231,0.5351031,0.0215872967472165,1.6
6878.010794395641,0.5777423,0.02118371184475556,1.6
6879.0107959650495,0.7751089,0.020997797894847403,5.1000000000000005
6880.010797534459,0.5778409,0.02111736956136915,1.6
6881.010799103868,0.4878224,0.020872156283659658,2.7
6882.010800673277,0.6492774,0.020910347819937874,3.5
6883.010802242686,0.69261533,0.018632528902333738,5.2
6884.010803812095,0.7499946,0.01877879288365922,2.1
6885.010805381504,0.54259926,0.01928120026146513,2.1
6886.010806950913,0.6719578,0.016512410312224026,2.3000000000000003
6887.010808520322,0.6279101,0.02205442494711065,2.3000000000000003
6888.010810089731,0.43525505,0.022719533508450705,2.3000000000000003
6889.01081165914,0.58050334,0.022633119959544888,1.7000000000000002
6890.0108132285495,0.53891784,0.02330998107198892,1.7000000000000002
6891.010814797959,0.3213574,0.024937123937031177,5.1000000000000005
6892.010816367368,0.65650165,0.027233529561072747,2.2
6893.010817936777,0.5562944,0.028672952759799974,2.6
6894.010819506186,0.4744955,0.03259112570882575,2.1
6895.010821075595,0.8007671,0.03760083217957525,2.1
6896.010822645004,0.71889615,0.03706127359232151,2.1
6897.010824214413,0.6822373,0.034423510294997794,2.5
6898.010825783822,0.7298861,0.03445923849541184,1.7000000000000002
6899.010827353231,0.8322725,0.03455046070050459,1.7000000000000002
6900.01082892264,0.76190114,0.036140031849525356,1.7000000000000002
6901.0108304920495,0.6587378,0.03688529277306921,1.7000000000000002
6902.010832061458,0.80393684,0.03762780863041794,1.7000000000000002
6903.010833630868,0.7276894,0.03740890957369645,4.3
6904.010835200276,0.49836212,0.03346992316736699,4.3
6905.010836769686,0.57975054,0.027148344058141215,4.3
6906.010838339094,0.65073156,0.02797493533844259,4.4
6907.010839908504,0.31204966,0.027613325823376327,4.4
6908.010841477913,0.32711905,0.02658971001664919,4.4
6909.010843047322,0.27840695,0.026979197282161735,4.2
6910.010844616731,0.22328345,0.023727912211952286,4.6000000000000005
6911.01084618614,0.067067415,0.022043304242017055,4.6000000000000005
6912.01084775555,0.07700437,0.017367064165419503,4.3
6913.010849324958,0.029646583,0.014902809130439012,4.3
6914.010850894368,0.02921012,0.01489984319077029,4.3
6915.010852463776,0.02667976,0.015311688378719292,4.3
6916.010854033186,0.07945091,0.013086318768517971,4.3
6917.010855602594,0.19631743,0.012903814974158384,4.3
6918.010857172004,0.059921958,0.012920844421903038,4.3
6919.010858741412,0.08897323,0.010938605810478893,4.3
6920.010860310822,0.08151233,0.010667780122301048,2.9000000000000004
6921.010861880231,0.09067311,0.006860452271598975,5.2
6922.01086344964,0.17609741,0.008801858861248575,5.4
6923.01086501905,0.3923314,0.010010059564791979,3.8000000000000003
6924.010866588458,0.47766384,0.010311023454855303,5.4
6925.010868157868,0.38836735,0.009796401933948295,3.8000000000000003
6926.010869727276,0.26625267,0.009961293063344073,3.8000000000000003
6927.010871296686,0.1590781,0.00985185446551648,3.8000000000000003
6928.010872866094,0.37538877,0.011437488875013242,10.100000000000001
6929.010874435504,0.14205855,0.011680215776772519,10.100000000000001
6930.0108760049125,0.3727038,0.012159509698303317,10.100000000000001
6931.010877574322,0.34736583,0.01504343863623965,2.2
6932.010879143731,0.4632728,0.01455268420913674,2.2
6933.01088071314,0.76766,0.013998200245621895,2.2
6934.010882282549,0.7080585,0.01377510932471874,2.2
6935.010883851958,0.7547163,0.014323876860153835,2.2
6936.010885421367,0.6270921,0.015994994556887358,2.2
6937.010886990776,0.58822215,0.015999205273848956,2.2
6938.010888560185,0.5923103,0.01752459464711361,2.9000000000000004
6939.010890129594,0.5832479,0.02198040584580442,1.8
6940.010891699004,0.5675494,0.023442745453819216,3.2
6941.0108932684125,0.6870751,0.03134882587256765,4.2
6942.010894837822,0.58086604,0.034794386924942404,4.7
6943.010896407231,0.5909288,0.035057170300501754,4.7
6944.01089797664,0.5021181,0.035210464590786236,4.7
6945.010899546049,0.40901718,0.035053753858372984,4.7
6946.010901115458,0.8097932,0.0344147896195657,4.6000000000000005
6947.010902684867,0.5472788,0.034863217317084375,4.6000000000000005
6948.010904254276,0.5590406,0.03378740210492721,4.2
6949.010905823685,0.6010105,0.030981990872588672,4.5
6950.010907393094,0.67820644,0.029967589641146986,4.5
6951.010908962503,0.66437,0.019749501696167085,4.9
6952.0109105319125,0.50208795,0.012362986161051689,2.4000000000000004
6953.010912101321,0.63219213,0.011538806588480905,2.8000000000000003
6954.010913670731,0.5521533,0.011346990143867496,2.8000000000000003
6955.010915240139,0.69552666,0.011804394411895684,2.8000000000000003
6956.010916809549,0.60171014,0.01240337588403558,2.4000000000000004
6957.010918378958,0.7065163,0.012146064040423685,2.4000000000000004
6958.010919948367,0.77420324,0.012728052114758297,2.7
6959.010921517776,0.7019929,0.013449333909633406,2.7
6960.010923087185,0.76334333,0.03138770667723662,6.0
6961.010924656594,0.6599493,0.05025049293211469,2.0
6962.010926226003,0.67392427,0.05056484409016509,2.0
6963.0109277954125,0.6711577,0.05070587521691851,2.0
6964.010929364821,0.47244367,0.05213531591209455,2.3000000000000003
6965.010930934231,0.50937164,0.05280854137651299,2.3000000000000003
6966.010932503639,0.38031274,0.08046187432922085,2.6
6967.010934073049,0.29347542,0.08852004019159286,2.8000000000000003
6968.010935642457,0.47531155,0.09326999184290692,2.8000000000000003
6969.010937211867,0.3801556,0.09340726869580508,2.8000000000000003
6970.010938781275,0.40795782,0.0891812075493145,2.8000000000000003
6971.010940350685,0.48609057,0.08151936620323556,2.7
6972.0109419200935,0.6364046,0.08209314987449254,2.7
6973.010943489503,0.75214803,0.08387559532913016,2.8000000000000003
6974.0109450589125,0.8098686,0.08367088805948654,2.8000000000000003
6975.010946628321,0.9234508,0.08823891639807521,2.8000000000000003
6976.010948197731,0.7505074,0.0658059173424404,2.4000000000000004
6977.010949767139,0.8426231,0.05483300554952009,3.2
6978.010951336549,0.5563773,0.04661917122604658,3.2
6979.010952905957,0.48490226,0.051576032144040586,3.2
6980.010954475367,0.47198159,0.05190013347142326,3.7
6981.010956044775,0.74834806,0.055289402790822804,3.7
6982.010957614185,0.6191357,0.05445799068703707,1.3
6983.0109591835935,0.29030105,0.05229839244366793,11.700000000000001
6984.010960753003,0.3650406,0.05214983523998344,3.6
6985.010962322412,0.70298547,0.04358296452787305,3.6
6986.010963891821,0.7002573,0.04551662628718962,3.6
6987.01096546123,0.39331776,0.04618372448879922,3.6
6988.010967030639,0.4679135,0.0508249536955389,3.6
6989.010968600049,0.35905567,0.04974342411260244,9.1
6990.010970169457,0.6455246,0.05029705339058856,9.1
6991.010971738867,0.45258632,0.04541393997314178,3.5
6992.010973308275,0.65915024,0.04606708390667792,3.5
6993.010974877685,0.43600094,0.0468824273996302,3.5
6994.0109764470935,0.598649,0.05431582582202108,3.5
6995.010978016503,0.7164319,0.05851218825527843,3.5
6996.010979585912,0.56811464,0.05790020812815989,3.5
6997.010981155321,0.7396316,0.057642637590659275,3.5
6998.01098272473,0.8060361,0.05520847523795703,3.7
6999.010984294139,0.7780611,0.05204632354598098,3.5
7000.010985863548,0.866605,0.05393206025813132,3.5
7001.010987432957,0.7975756,0.057418753029350934,3.7
7002.010989002366,0.8377894,0.058424758266275176,3.7
7003.010990571775,0.77836245,0.06007243190167426,3.7
7004.010992141184,0.774924,0.05413854127852035,5.6000000000000005
7005.0109937105935,0.6075976,0.04949408296486997,3.5
7006.010995280003,0.6706754,0.046969956381643266,3.0
7007.010996849412,0.7980114,0.046571214385583246,3.6
7008.010998418821,0.81344163,0.045578995793346525,3.6
7009.01099998823,0.7081185,0.04504235167879762,3.6
7010.011001557639,0.591253,0.04419612379757959,1.6
7011.011003127048,0.82981616,0.0381869699868545,8.6
7012.011004696457,0.9342122,0.037777965740484906,8.6
7013.011006265866,0.9086724,0.036444188590850454,3.3000000000000003
7014.011007835275,0.5293012,0.0376821728117323,3.3000000000000003
7015.011009404684,0.8725104,0.03873511410959476,3.3000000000000003
7016.011010974094,0.8324025,0.03774249906678926,3.3000000000000003
7017.011012543502,0.901232,0.04222899517714095,3.3000000000000003
7018.011014112912,0.76349354,0.04172474627265322,3.4000000000000004
7019.01101568232,0.8312413,0.04355075412094634,3.4000000000000004
7020.01101725173,0.7859377,0.042816503482289534,3.9000000000000004
7021.011018821138,0.8398213,0.04505692093183724,7.6000000000000005
7022.011020390548,0.54689485,0.04816720139485498,3.4000000000000004
7023.011021959957,0.88942987,0.04621006376804856,3.7
7024.011023529366,0.8513949,0.04725405657478845,1.5
7025.0110250987755,0.8356381,0.04681238006553349,3.8000000000000003
7026.011026668184,0.56697834,0.047667254205954655,3.8000000000000003
7027.011028237594,0.49793434,0.049651590518067,3.8000000000000003
7028.011029807002,0.45755136,0.051747718004699024,3.8000000000000003
7029.011031376412,0.54798895,0.05538227374807654,3.5
7030.01103294582,0.7735601,0.055689860663301345,1.4000000000000001
7031.01103451523,0.7019175,0.054267264638314834,11.8
7032.011036084638,0.68983454,0.05153027166874266,11.8
7033.011037654048,0.67377394,0.05516026557501234,11.8
7034.0110392234565,0.5442647,0.05401163737361997,4.4
7035.011040792866,0.6027594,0.0606123147734482,3.0
7036.011042362275,0.80207306,0.061641268160569834,3.8000000000000003
7037.011043931684,0.6291975,0.05838167480894181,3.8000000000000003
7038.011045501093,0.6236523,0.057567237818644146,3.8000000000000003
7039.011047070502,0.4162926,0.05671634801502034,3.8000000000000003
7040.011048639912,0.6844976,0.05945522585600685,3.8000000000000003
7041.01105020932,0.7193241,0.07141997825416907,2.8000000000000003
7042.01105177873,0.83821034,0.07125994600388662,2.2
7043.011053348138,0.66625524,0.07098323063718845,1.6
7044.011054917548,0.4666987,0.07079253572067752,1.6
7045.0110564869565,0.7694686,0.0651183216738103,12.0
7046.011058056366,0.5213249,0.06638548748518369,3.3000000000000003
7047.011059625775,0.9155611,0.06647548161241985,1.6
7048.011061195184,0.79046875,0.06551072881635388,1.6
7049.011062764593,0.74700963,0.06504458335011404,12.100000000000001
7050.011064334002,0.810654,0.06119878224079243,12.100000000000001
7051.011065903411,0.88734835,0.04817042639469114,3.6
7052.01106747282,0.9189092,0.04878376698858582,3.6
7053.011069042229,0.69607633,0.04549209122912541,3.6
7054.011070611638,0.44830406,0.0452112694157716,3.5
7055.011072181048,0.49984378,0.04496093344424072,3.5
7056.0110737504565,0.48370445,0.05429311235621251,3.6
7057.011075319866,0.4214163,0.056521540908857554,5.9
7058.011076889275,0.63521737,0.06503976851056906,4.6000000000000005
7059.011078458684,0.65444595,0.0681846994954111,4.5
7060.011080028093,0.48191577,0.06915368020940767,4.4
7061.011081597502,0.45396894,0.07097955747222785,4.5
7062.011083166911,0.67302346,0.0744512854143276,4.5
7063.01108473632,0.5998284,0.07868529842202025,4.5
7064.011086305729,0.75964594,0.078544440408445,4.5
7065.011087875138,0.25165373,0.08278068852354885,4.5
7066.011089444547,0.6190322,0.07506353518418585,1.7000000000000002
7067.0110910139565,0.6333175,0.07327198609670062,4.3
7068.011092583365,0.43514264,0.06569912804353825,1.7000000000000002
7069.011094152775,0.5543259,0.05924151522299926,3.9000000000000004
7070.011095722183,0.56023115,0.05818589378139957,3.9000000000000004
7071.011097291593,0.35290647,0.054619061566398404,3.8000000000000003
7072.011098861002,0.33974928,0.05327468145825661,3.7
7073.011100430411,0.519473,0.050434188214829694,3.7
7074.01110199982,0.3059222,0.055265362347158474,4.0
7075.011103569229,0.246632,0.05219011860647526,4.0
7076.011105138638,0.29172987,0.05239440360290865,4.0
7077.011106708047,0.3166979,0.05140379719959517,2.4000000000000004
7078.0111082774565,0.39998835,0.05255269120462642,2.8000000000000003
7079.011109846865,0.42783105,0.05461411878496766,8.8
7080.011111416275,0.57183015,0.05986006692078327,2.3000000000000003
7081.011112985683,0.8765489,0.06133063162763811,4.1000000000000005
7082.011114555093,0.79261243,0.0609230215793458,4.1000000000000005
7083.011116124501,0.7246235,0.05764914295137502,4.1000000000000005
7084.011117693911,0.6984279,0.05199408684378973,10.9
7085.011119263319,0.69628567,0.05287174542858458,10.9
7086.011120832729,0.7186311,0.05285988894388826,1.2000000000000002
7087.0111224021375,0.3902211,0.060376360264654615,0.9
7088.011123971547,0.61506873,0.05952949031250863,0.9
7089.0111255409565,0.22795534,0.05877580226843658,0.9
7090.011127110365,0.21706367,0.05392348409784641,0.9
7091.011128679775,0.30043054,0.052304111226314474,8.700000000000001
7092.011130249183,0.42974895,0.056405404409068,1.5
7093.011131818593,0.4317709,0.05705795258441625,1.5
7094.011133388001,0.76964355,0.06663271854438174,1.5
7095.011134957411,0.5251771,0.06435922707950179,2.5
7096.011136526819,0.66554195,0.06438222569676029,2.5
7097.011138096229,0.57936925,0.05787165537523814,2.0
7098.0111396656375,0.7684338,0.05827470330997777,1.9000000000000001
7099.011141235047,0.67509097,0.057263175139426435,2.0
7100.011142804456,0.6824058,0.0569435109765071,2.0
7101.011144373865,0.35121852,0.05667735948912163,2.0
7102.011145943274,0.35542908,0.04887561283985724,1.2000000000000002
7103.011147512683,0.095095605,0.04875024313902809,7.1000000000000005
7104.011149082092,0.12152381,0.03434745549141255,7.1000000000000005
7105.011150651501,0.21829017,0.03371510382802445,7.1000000000000005
7106.011152220911,0.17865226,0.03209290547061988,7.1000000000000005
7107.011153790319,0.28155607,0.033017165586364014,7.1000000000000005
7108.011155359729,0.47552237,0.03421123153582752,1.5
7109.0111569291375,0.37882295,0.034335162851823024,1.5
7110.011158498547,0.275401,0.034186786424219226,2.7
7111.011160067956,0.44986138,0.03446453310065359,2.7
7112.011161637365,0.5163121,0.04535583514990059,2.7
7113.011163206774,0.6412479,0.05423605779325728,1.5
7114.011164776183,0.649968,0.05543259581548417,1.5
7115.011166345592,0.5996083,0.056494109989813426,1.5
7116.011167915001,0.8109025,0.05740713201951592,1.5
7117.01116948441,0.75704455,0.05666459696626775,1.5
7118.011171053819,0.5384537,0.06085803904442101,1.6
7119.011172623228,0.5153737,0.06237854977436561,1.6
7120.011174192638,0.4004466,0.06782799363213651,1.6
7121.011175762047,0.6139542,0.06895654290523992,1.6
7122.011177331456,0.25732857,0.06178065650000294,1.6
7123.011178900865,0.2989691,0.055458238992971226,6.4
7124.011180470274,0.49400547,0.05822989263675931,1.0
7125.011182039683,0.4074874,0.05661310284213071,1.0
7126.011183609092,0.3247873,0.06180749913040595,1.6
7127.011185178501,0.8797872,0.06158779116810882,1.6
7128.01118674791,0.32404637,0.05849177689166016,1.4000000000000001
7129.0111883173195,0.36885482,0.05818202236165372,9.200000000000001
7130.011189886728,0.46211487,0.051542218002146034,2.0
7131.011191456138,0.42662832,0.05591640909150769,2.8000000000000003
7132.011193025546,0.5166933,0.05600160419823354,2.8000000000000003
7133.011194594956,0.7178955,0.06371782656036287,2.0
7134.011196164364,0.69604826,0.06401644147371775,3.7
7135.011197733774,0.83137214,0.0734050043053181,4.3
7136.011199303182,0.60040724,0.0820137865631457,3.8000000000000003
7137.011200872592,0.12244431,0.085744042356974,3.5
7138.011202442001,0.24865597,0.10295515900966323,2.7
7139.01120401141,0.44377264,0.14013853082172562,3.1
7140.0112055808195,0.2783024,0.14468921620569197,2.6
7141.011207150228,0.32639906,0.14283940265940356,2.6
7142.011208719638,0.59590614,0.14275300695519336,2.6
7143.011210289046,0.53712285,0.13857738898265198,2.6
7144.011211858456,0.644968,0.1369238752078578,2.6
7145.011213427864,0.5155964,0.13234701236268212,2.6
7146.011214997274,0.8580515,0.12546333464632992,3.0
7147.011216566682,0.782964,0.12420174244678792,3.0
7148.011218136092,0.8142147,0.10952128254152672,2.7
7149.0112197055005,0.4388511,0.053531211364945624,2.9000000000000004
7150.01122127491,0.21025185,0.0412493481893604,5.800000000000001
7151.011222844319,0.19965823,0.04266074119943511,5.800000000000001
7152.011224413728,0.20786348,0.04497955352546882,2.9000000000000004
7153.011225983137,0.09097209,0.04669559947087712,2.9000000000000004
7154.011227552546,0.25291625,0.04745930756111305,2.9000000000000004
7155.011229121956,0.30803218,0.048371693614783794,5.9
7156.011230691364,0.09548574,0.04939684841187973,5.9
7157.011232260774,0.3361454,0.048785295785086266,5.9
7158.011233830182,0.6769945,0.05026468842000644,5.9
7159.011235399592,0.5568993,0.051237389341060195,3.0
7160.0112369690005,0.3039565,0.052255692473967025,3.0
7161.01123853841,0.47297066,0.052190491693443766,6.0
7162.011240107819,0.45978326,0.052401728563117665,6.0
7163.011241677228,0.39282134,0.0535228046466852,5.9
7164.011243246637,0.2985666,0.05423198606270159,6.0
7165.011244816046,0.3115019,0.054147767250920686,3.0
7166.011246385455,0.3685505,0.05283832045641555,5.9
7167.011247954864,0.2794736,0.05106810567358993,3.0
7168.011249524273,0.37227777,0.05011885198137167,3.0
7169.011251093682,0.21327047,0.04964707429612713,3.0
7170.011252663091,0.055479858,0.04924817107582226,3.0
7171.0112542325005,0.17324853,0.049042228629774316,3.0
7172.01125580191,0.079735145,0.04765680162029803,3.0
7173.011257371319,0.13674459,0.045470492939206776,3.0
7174.011258940728,0.057222467,0.045108004766347035,6.1000000000000005
7175.011260510137,0.07337804,0.04542478154003556,6.1000000000000005
7176.011262079546,0.028965982,0.04415769647256599,6.1000000000000005
7177.011263648955,0.036261156,0.044702644795107764,6.1000000000000005
7178.011265218364,0.054920387,0.0449053722975684,6.1000000000000005
7179.011266787773,0.10096135,0.044666477469152636,6.1000000000000005
7180.011268357182,0.11390882,0.04518160681146386,6.1000000000000005
7181.011269926591,0.12430448,0.0457572878310226,3.1
7182.0112714960005,0.1079028,0.045843273216241306,3.1
7183.011273065409,0.09066749,0.047473991239299546,3.0
7184.011274634819,0.10762631,0.047519126970469366,3.0
7185.011276204227,0.057903443,0.04662172794837697,6.300000000000001
7186.011277773637,0.27383766,0.04749517895194267,6.300000000000001
7187.011279343046,0.18903123,0.04776184413645226,6.4
7188.011280912455,0.2368962,0.04807569724746412,6.4
7189.011282481864,0.12729384,0.051031768222810685,6.300000000000001
7190.011284051273,0.1753782,0.050983837043983384,6.300000000000001
7191.011285620682,0.04648232,0.05246535237630497,6.1000000000000005
7192.011287190091,0.27994192,0.05539636419718713,6.1000000000000005
7193.0112887595005,0.11123047,0.05660731629980909,6.1000000000000005
7194.011290328909,0.10094741,0.057996805002088606,6.1000000000000005
7195.011291898319,0.18828231,0.059231408585448495,6.1000000000000005
7196.011293467727,0.2742477,0.06026802374744447,6.1000000000000005
7197.011295037137,0.14256555,0.060072936100892246,6.1000000000000005
7198.011296606545,0.2947891,0.05943731907954588,6.1000000000000005
7199.011298175955,0.12442384,0.05776100431369703,6.1000000000000005
7200.011299745363,0.26881006,0.05812141218339329,6.2
7201.011301314773,0.2774664,0.05652161690329294,6.2
7202.0113028841815,0.12223172,0.0553718060728148,6.2
7203.011304453591,0.092463836,0.054347437709594465,6.2
7204.0113060230005,0.036334686,0.05356509702869923,6.2
7205.011307592409,0.054095622,0.052938320562942225,6.2
7206.011309161819,0.05060141,0.05245280250605019,6.2
7207.011310731227,0.07027023,0.06389580288853533,6.2
7208.011312300637,0.13467476,0.07370521813784943,6.2
7209.011313870045,0.38443848,0.10003125379774137,3.1
7210.011315439455,0.15531655,0.11102593731871613,6.2
7211.011317008863,0.16798878,0.1290810174582506,1.7000000000000002
7212.011318578273,0.4372551,0.1304814279323271,1.7000000000000002
7213.0113201476815,0.23922932,0.13002709772882418,1.7000000000000002
7214.011321717091,0.3174616,0.13606096869949363,1.7000000000000002
7215.0113232865,0.21195255,0.13983370399682069,1.3
7216.011324855909,0.56783885,0.14727721501072866,1.3
7217.011326425318,0.3855245,0.16019367333934725,1.6
7218.011327994727,0.48811084,0.16392339664547256,1.4000000000000001
7219.011329564136,0.5900498,0.14962030600861095,1.4000000000000001
7220.011331133545,0.3494177,0.15428977302531294,1.4000000000000001
7221.011332702955,0.48596185,0.15722343174291217,1.4000000000000001
7222.0113342723635,0.61999637,0.1800336688280137,1.0
7223.011335841773,0.39339462,0.2128064603424481,1.0
7224.011337411182,0.57552445,0.21436908275891073,1.0
7225.011338980591,0.5527255,0.211728472009355,1.0
7226.01134055,0.51464397,0.20731314931093,1.0
7227.011342119409,0.5631111,0.20068912906963446,1.0
7228.011343688818,0.6841011,0.2284780613578283,1.0
7229.011345258227,0.624437,0.23255987808456374,3.4000000000000004
7230.011346827636,0.6830481,0.23700414942110698,3.4000000000000004
7231.011348397045,0.5930284,0.22712357584499385,3.4000000000000004
7232.011349966454,0.7895839,0.20859747952181026,3.4000000000000004
7233.0113515358635,0.79908466,0.17463328856633484,3.9000000000000004
7234.011353105272,0.7366776,0.16672207350585638,3.9000000000000004
7235.011354674682,0.7124362,0.1662730491685175,3.9000000000000004
7236.011356244091,0.8259556,0.1650008089780885,3.9000000000000004
7237.0113578135,0.7927936,0.15683514721373182,3.5
7238.011359382909,0.7040099,0.09622516390521044,2.8000000000000003
7239.011360952318,0.55557454,0.08335374446806615,2.8000000000000003
7240.011362521727,0.40208775,0.025925782785840998,7.0
7241.011364091136,0.39899525,0.009165991731844176,9.9
7242.011365660545,0.36646324,0.0045933548491272555,9.9
7243.011367229954,0.45299897,0.005120746293330745,9.9
7244.0113687993635,0.48484445,0.005152727655504099,10.3
7245.011370368772,0.47743383,0.005158692158993708,10.3
7246.011371938182,0.4417075,0.005283705310797144,9.8
7247.01137350759,0.4137246,0.005272016107006373,9.200000000000001
7248.011375077,0.5079759,0.00502057176527428,9.200000000000001
7249.011376646408,0.4438738,0.004929091211859032,9.200000000000001
7250.011378215818,0.4703969,0.004635692960023481,6.6000000000000005
7251.011379785226,0.29115322,0.0048001605878723605,6.6000000000000005
7252.011381354636,0.22750291,0.005070724091223603,6.6000000000000005
7253.011382924045,0.46998215,0.005242199759052659,10.200000000000001
7254.011384493454,0.5714484,0.007102603571938292,6.2
7255.0113860628635,0.65680534,0.00984231254048092,8.8
7256.011387632272,0.60517037,0.02198716327002597,5.9
7257.011389201682,0.43992665,0.02317562492032585,5.800000000000001
7258.01139077109,0.29730153,0.0282180514604567,5.7
7259.0113923405,0.3380331,0.02971229988777252,5.800000000000001
7260.011393909908,0.77556616,0.030046372428906933,5.800000000000001
7261.011395479318,0.32427812,0.030234925525639375,5.800000000000001
7262.011397048726,0.41540316,0.030276028636995946,5.800000000000001
7263.011398618136,0.29698092,0.030405130112835375,5.800000000000001
7264.0114001875445,0.60039645,0.03008563332509475,5.800000000000001
7265.011401756954,0.6464516,0.02934620356804148,5.800000000000001
7266.011403326363,0.8202637,0.29184973307857914,0.1
7267.011404895772,0.7481268,0.2971864084940288,0.1
7268.011406465181,0.529203,0.31492220218124156,0.1
7269.01140803459,0.25841853,0.3148405295152221,0.1
7270.011409604,0.45775962,0.31477055020561134,0.1
7271.011411173408,0.45627156,0.31510218413326074,0.1
7272.011412742818,0.5706769,0.31502911984672194,0.1
7273.011414312226,0.67417204,0.3151201829442771,0.1
7274.011415881636,0.7517294,0.31505517563089913,0.1
7275.0114174510445,0.58709764,0.3150391545655526,0.1
7276.011419020454,0.8831,0.12852118422908637,1.7000000000000002
7277.011420589863,0.7193585,0.10926751568903294,2.0
7278.011422159272,0.64986193,0.022321961139259692,5.6000000000000005
7279.011423728681,0.5248825,0.02220126916362366,5.6000000000000005
7280.01142529809,0.7465565,0.06304927040634437,1.8
7281.011426867499,0.6291084,0.06053335800311522,1.5
7282.011428436908,0.5531908,0.06053636481080822,1.5
7283.011430006317,0.45215642,0.05977801953333174,1.5
7284.011431575726,0.41391942,0.0597518973519305,1.4000000000000001
7285.011433145135,0.42052364,0.05991217683225558,1.4000000000000001
7286.0114347145445,0.5701981,0.06000555076973885,1.4000000000000001
7287.011436283954,0.69879013,0.06028520312307587,1.4000000000000001
7288.011437853363,0.652615,0.060326040669230564,1.4000000000000001
7289.011439422772,0.35439572,0.06587276524874544,1.0
7290.011440992181,0.62007326,0.05315427816438294,2.5
7291.01144256159,0.6080694,0.05336560995467795,2.5
7292.011444130999,0.55946296,0.053744963031412456,2.5
7293.011445700408,0.65399593,0.053628556527505006,2.5
7294.011447269817,0.5958888,0.05346644765444064,2.5
7295.011448839226,0.6973672,0.053158267029022745,2.5
7296.011450408635,0.60173523,0.05294666001833016,2.5
7297.0114519780445,0.708176,0.05257726998798617,2.5
7298.011453547453,0.75429815,0.05244324873056525,2.4000000000000004
7299.011455116863,0.77569175,0.045062427366225635,2.5
7300.011456686271,0.6035584,0.010820074636238283,9.9
7301.011458255681,0.5072707,0.009271249430414071,9.9
7302.01145982509,0.62872785,0.005642405208324672,9.9
7303.011461394499,0.710584,0.005527895721181261,9.600000000000001
7304.011462963908,0.71923554,0.005443252226635751,9.600000000000001
7305.011464533317,0.77161217,0.005328553492866827,9.600000000000001
7306.011466102726,0.710032,0.005261493353837584,9.600000000000001
7307.011467672135,0.5983102,0.005003014803352922,9.700000000000001
7308.011469241545,0.6734079,0.004965388660229483,9.700000000000001
7309.011470810953,0.64227104,0.004953446681392325,9.700000000000001
7310.011472380363,0.7039293,0.004596408212686423,9.700000000000001
7311.011473949771,0.70438105,0.004167616104744426,13.8
7312.011475519181,0.67375594,0.004051755327834609,13.8
7313.011477088589,0.71365684,0.00394269656366896,13.8
7314.011478657999,0.7011085,0.0038961052840412063,12.100000000000001
7315.011480227407,0.35941944,0.0038873563792559446,13.3
7316.011481796817,0.40787518,0.004116855789177005,11.3
7317.011483366226,0.30077854,0.003907596253555035,11.3
7318.011484935635,0.3171003,0.00403238347204586,11.3
7319.011486505045,0.35378352,0.004108317588884243,10.0
7320.011488074453,0.26942608,0.0045877355758599785,12.200000000000001
7321.011489643863,0.27836227,0.004625693183677408,12.200000000000001
7322.011491213271,0.304044,0.0048800673578828805,12.200000000000001
7323.011492782681,0.27537444,0.005024013453046164,14.0
7324.011494352089,0.27848628,0.004866457854393959,14.0
7325.011495921499,0.23119049,0.004758971297313705,10.600000000000001
7326.0114974909075,0.21672943,0.0047356943080656185,13.700000000000001
7327.011499060317,0.30697262,0.004932431579209399,14.9
7328.011500629726,0.32533723,0.005183690753489588,14.9
7329.011502199135,0.39583442,0.005463556222638403,12.5
7330.011503768544,0.23083292,0.005146007676973234,12.5
7331.011505337953,0.2644923,0.005339309617098439,12.5
7332.011506907362,0.27891785,0.005138171977036188,13.0
7333.011508476771,0.31754676,0.005121989235604034,12.600000000000001
7334.01151004618,0.36098194,0.005629272798881256,14.200000000000001
7335.011511615589,0.38633692,0.005661420100074317,14.200000000000001
7336.011513184999,0.40576127,0.005584014918430157,14.200000000000001
7337.0115147544075,0.38774097,0.00540993107441802,14.0
7338.011516323817,0.33315054,0.0050487073752483085,14.0
7339.011517893226,0.28577927,0.0045307583549363505,12.700000000000001
7340.011519462635,0.31251502,0.09148422483553073,1.9000000000000001
7341.011521032044,0.1900442,0.09225676466546273,1.9000000000000001
7342.011522601453,0.2741094,0.09251846195719159,1.9000000000000001
7343.011524170862,0.2345475,0.0925060997754998,1.9000000000000001
7344.011525740271,0.28445756,0.09247340611345302,1.8
7345.01152730968,0.21752797,0.09248533383226151,1.8
7346.011528879089,0.43626207,0.09248192882848963,1.8
7347.011530448498,0.54787076,0.09249242364828388,1.8
7348.0115320179075,0.6610995,0.09249988006419085,1.8
7349.011533587316,0.45561144,0.09250078486139542,1.8
7350.011535156726,0.5884321,0.014498559211953609,0.1
7351.011536726134,0.29395956,0.007760775383191501,4.1000000000000005
7352.011538295544,0.6999517,0.0029827261727971006,2.3000000000000003
7353.011539864953,0.7945845,0.00579057475302106,1.7000000000000002
7354.011541434362,0.7880402,0.005918961137104465,1.7000000000000002
7355.011543003771,0.84501827,0.006012306129660023,1.7000000000000002
7356.01154457318,0.56117564,0.006130708697695272,1.7000000000000002
7357.011546142589,0.72932786,0.006074241230655118,1.4000000000000001
7358.011547711998,0.6964818,0.006131221456690862,1.4000000000000001
7359.0115492814075,0.82515043,0.006341801761427244,1.4000000000000001
7360.011550850816,0.81236285,0.006592515948361305,1.4000000000000001
7361.011552420226,0.7888855,0.006667437098544586,1.4000000000000001
7362.011553989634,0.3647786,0.0066698277323946915,1.4000000000000001
7363.011555559044,0.5750757,0.07313151779394476,2.2
7364.011557128452,0.5082224,0.07675407908595476,2.7
7365.011558697862,0.53000975,0.07677086900507286,2.7
7366.01156026727,0.5630639,0.07676242132995048,2.7
7367.01156183668,0.29354468,0.07675593098720263,2.7
7368.011563406089,0.3874307,0.07677895623690216,2.7
7369.011564975498,0.44473392,0.07799077490480869,2.7
7370.0115665449075,0.6139204,0.0781641534917461,2.7
7371.011568114316,0.64753777,0.07817943684960661,2.7
7372.011569683726,0.36015424,0.07815856088028016,2.7
7373.011571253134,0.42572924,0.02785614115955893,3.9000000000000004
7374.011572822544,0.5640918,0.015951643182287912,3.6
7375.011574391952,0.4851652,0.016223712031839223,3.6
7376.011575961362,0.39655304,0.016376715585500176,3.6
7377.01157753077,0.5086869,0.016541655221809427,3.6
7378.01157910018,0.45247272,0.016481785055069885,10.600000000000001
7379.0115806695885,0.41354465,0.009083995705123457,10.600000000000001
7380.011582238998,0.37907535,0.008007077695153169,10.600000000000001
7381.011583808407,0.40615758,0.012140309104147505,13.4
7382.011585377816,0.45383167,0.012610639625125677,6.1000000000000005
7383.011586947225,0.59218824,0.012955016465708756,6.1000000000000005
7384.011588516634,0.4425471,0.012678894556824145,6.1000000000000005
7385.011590086044,0.46556538,0.012162157764026444,6.1000000000000005
7386.011591655452,0.40607956,0.011950155688024605,6.1000000000000005
7387.011593224862,0.62519747,0.01170443781775336,6.1000000000000005
7388.01159479427,0.65001255,0.011582467344235455,6.300000000000001
7389.01159636368,0.4393596,0.011490123862452418,6.300000000000001
7390.0115979330885,0.42429113,0.010896959619039448,6.300000000000001
7391.011599502498,0.3938732,0.0055146196926352175,8.3
7392.011601071907,0.56172484,0.004248194977613702,4.3
7393.011602641316,0.31271315,0.0032193222879516223,6.9
7394.011604210725,0.3107296,0.003520679809431014,8.6
7395.011605780134,0.27260363,0.00352385093840555,8.6
7396.011607349543,0.26212016,0.0037594656222060168,8.6
7397.011608918952,0.28544345,0.003796655592929113,13.5
7398.011610488361,0.2676016,0.003923525591613399,12.4
7399.01161205777,0.2392964,0.004058807660299967,13.5
7400.011613627179,0.22297585,0.004319349683869195,14.4
7401.0116151965885,0.19999443,0.00444247142901772,14.4
7402.011616765998,0.20018417,0.004433481744069556,11.700000000000001
7403.011618335407,0.19427042,0.004357007206938455,14.4
7404.011619904816,0.1929798,0.003964201720986606,11.700000000000001
7405.011621474225,0.20323633,0.0038001425223824813,11.700000000000001
7406.011623043634,0.38785928,0.008252019269172049,5.6000000000000005
7407.011624613043,0.547252,0.009697482393133014,5.2
7408.011626182452,0.43221,0.018567572317234042,1.9000000000000001
7409.011627751861,0.51191354,0.01857626145846617,4.4
7410.01162932127,0.32219115,0.01850197926672897,4.4
7411.011630890679,0.42683384,0.018491258857352567,2.9000000000000004
7412.011632460089,0.42400047,0.01848348869704569,2.9000000000000004
7413.011634029497,0.53295225,0.01846804195986857,4.4
7414.011635598907,0.42628834,0.018451796048912453,4.4
7415.011637168315,0.5295225,0.018450695215468525,2.8000000000000003
7416.011638737725,0.43667963,0.016874288477135315,2.8000000000000003
7417.011640307133,0.12453509,0.01622055892915548,2.8000000000000003
7418.011641876543,0.259822,0.003298875562566772,9.4
7419.011643445952,0.2677747,0.0029861931406426337,9.4
7420.011645015361,0.22954223,0.0028764578781694536,13.5
7421.0116465847705,0.23211716,0.00280927396341244,13.8
7422.011648154179,0.24160358,0.002792398500736295,11.3
7423.011649723589,0.22552498,0.002799366878004112,13.700000000000001
7424.011651292997,0.21700633,0.003122642547392199,13.700000000000001
7425.011652862407,0.2232286,0.0031417559646350355,13.700000000000001
7426.011654431815,0.23773037,0.0030615636494390674,13.700000000000001
7427.011656001225,0.20990625,0.0022848278743404287,11.8
7428.011657570633,0.21205921,0.0023799257893918143,14.9
7429.011659140043,0.20811503,0.003021360171327225,14.9
7430.0116607094515,0.21613291,0.0030636058687303893,14.9
7431.011662278861,0.25334686,0.0030032932045355246,14.9
7432.01166384827,0.2168226,0.003090772590230958,14.9
7433.011665417679,0.25405234,0.0030695018015006615,14.9
7434.011666987089,0.24925488,0.002753030253664415,7.0
7435.011668556497,0.26504353,0.0027145524785728305,7.0
7436.011670125907,0.2088812,0.002676482698339178,7.0
7437.011671695315,0.27385825,0.002661089592902458,7.0
7438.011673264725,0.20284739,0.0025566883594969826,7.0
7439.011674834133,0.225607,0.0017415105788800293,6.5
7440.011676403543,0.2172336,0.001880239888531588,10.600000000000001
7441.0116779729515,0.2344494,0.0019499371914602527,10.600000000000001
7442.011679542361,0.23711163,0.0020829722243664757,10.600000000000001
7443.01168111177,0.23178041,0.0022459070356730475,9.0
7444.011682681179,0.22373721,0.0022483259518493795,12.200000000000001
7445.011684250588,0.21892263,0.002357217534231656,11.700000000000001
7446.011685819997,0.23607273,0.0023963900038656357,11.700000000000001
7447.011687389406,0.21108957,0.002451894591680725,15.0
7448.011688958815,0.21917506,0.002481908572303559,10.4
7449.011690528224,0.22273931,0.0025335477971496806,10.4
7450.011692097633,0.23481439,0.0023931720631891473,9.200000000000001
7451.011693667043,0.23247609,0.0023116841291809325,9.200000000000001
7452.0116952364515,0.2282249,0.002093842813657931,8.4
7453.011696805861,0.24262495,0.0019579310351331594,10.700000000000001
7454.01169837527,0.24723142,0.0024661137522381956,10.700000000000001
7455.011699944679,0.1838622,0.0025415133357730847,11.0
7456.011701514088,0.2091536,0.0026066232864587376,11.0
7457.011703083497,0.17933278,0.0026037197422895363,11.0
7458.011704652906,0.18759207,0.002568392332102326,11.0
7459.011706222315,0.17346136,0.002564343207057323,11.0
7460.011707791724,0.1832441,0.0025710811402134956,11.0
7461.011709361133,0.16725843,0.002549437158583878,11.0
7462.011710930542,0.21910834,0.002568541920409567,11.0
7463.0117124999515,0.19887105,0.0027450966564559203,11.100000000000001
7464.01171406936,0.23536794,0.0023581236818696174,15.0
7465.01171563877,0.22759894,0.002255267591576782,15.0
7466.011717208178,0.2332028,0.002171267050651281,10.600000000000001
7467.011718777588,0.22520526,0.002227277806550393,10.600000000000001
7468.011720346997,0.2479099,0.0023548822536654445,15.0
7469.011721916406,0.246502,0.0024606195600998626,15.0
7470.011723485815,0.27599415,0.002812219523766012,15.0
7471.011725055224,0.35268638,0.0030971034214507366,12.5
7472.011726624633,0.3372458,0.0032465507636983536,12.5
7473.011728194042,0.3114371,0.0033948694560221367,8.5
7474.0117297634515,0.31844762,0.003364998972041166,9.3
7475.01173133286,0.2824814,0.0033142969141106656,8.5
7476.01173290227,0.26987836,0.003289772781795004,13.100000000000001
7477.011734471678,0.26112512,0.0032363731878232494,9.3
7478.011736041088,0.253792,0.0031601551743799207,13.100000000000001
7479.011737610496,0.25228435,0.0030484540934288635,10.600000000000001
7480.011739179906,0.26776263,0.002749782708207181,10.600000000000001
7481.011740749314,0.23205991,0.0024590274725497185,10.600000000000001
7482.011742318724,0.21566859,0.002214490085471247,10.600000000000001
7483.0117438881325,0.21955813,0.0017520869883600433,10.600000000000001
7484.011745457542,0.21795514,0.001706395240420835,10.600000000000001
7485.0117470269515,0.20888326,0.0017596323782865886,10.600000000000001
7486.01174859636,0.23334064,0.0018800645934536056,10.600000000000001
7487.01175016577,0.2282168,0.0019323047439790226,10.600000000000001
7488.011751735178,0.21745026,0.004084662476395892,10.600000000000001
7489.011753304588,0.32778412,0.004530442825266447,10.600000000000001
7490.011754873996,0.39080226,0.004595042124288195,10.600000000000001
7491.011756443406,0.34059763,0.005748056418124002,5.300000000000001
7492.011758012814,0.45402035,0.007511370187490088,8.700000000000001
7493.011759582224,0.3823808,0.0131805520579914,2.6
7494.0117611516325,0.45602453,0.01382975925738211,2.6
7495.011762721042,0.43718705,0.015896261054713548,8.6
7496.011764290451,0.4951509,0.023397937227616634,5.2
7497.01176585986,0.5110649,0.02358697256584637,2.7
7498.011767429269,0.5108899,0.028898359455978184,8.700000000000001
7499.011768998678,0.47593805,0.029039703103157302,8.700000000000001
7500.011770568088,0.35359055,0.02914470584736814,8.700000000000001
7501.011772137496,0.2895442,0.028944244751216434,8.700000000000001
7502.011773706906,0.26661307,0.028552017136757868,8.700000000000001
7503.011775276314,0.4873246,0.026434280353092393,8.700000000000001
7504.011776845724,0.48339775,0.0261149689550995,8.700000000000001
7505.0117784151325,0.33280262,0.024920699953932035,9.9
7506.011779984542,0.3321499,0.018066452380618932,9.9
7507.011781553951,0.26295763,0.017821658056123853,12.600000000000001
7508.01178312336,0.36318085,0.005098879679675933,8.700000000000001
7509.011784692769,0.3275128,0.0038395617735957274,6.4
7510.011786262178,0.28255716,0.0028938119771820445,7.0
7511.011787831587,0.27082247,0.0030273423887087958,6.7
7512.011789400996,0.28316656,0.003259283073311509,7.300000000000001
7513.011790970405,0.27030513,0.0031837476495354504,7.300000000000001
7514.011792539814,0.25504383,0.0031201276909946143,7.300000000000001
7515.011794109223,0.25988668,0.0031481999477496743,7.300000000000001
7516.011795678633,0.24447341,0.00308381711069697,7.300000000000001
7517.011797248042,0.25929642,0.003062529479870716,7.2
7518.011798817451,0.25141278,0.0029832458397723222,7.2
7519.01180038686,0.21883065,0.08464665319783929,1.8
7520.011801956269,0.09548728,0.08985715686765884,2.2
7521.011803525678,0.13450547,0.10056021239228297,1.4000000000000001
7522.011805095087,0.16187659,0.10165265481430238,1.4000000000000001
7523.011806664496,0.24690236,0.10165057902086591,1.4000000000000001
7524.011808233905,0.39787263,0.10173509536735591,1.4000000000000001
7525.0118098033145,0.79987377,0.10266332849059065,1.4000000000000001
7526.011811372723,0.72576886,0.10629632257135803,1.4000000000000001
7527.011812942133,0.81378955,0.10832555536289748,1.4000000000000001
7528.011814511541,0.8949034,0.10815216737089864,1.4000000000000001
7529.011816080951,0.9555539,0.06868556153909955,1.1
7530.011817650359,0.9148718,0.06185527158238348,1.4000000000000001
7531.011819219769,0.95043814,0.042539551174548,1.0
7532.011820789177,0.8992668,0.03963049035274437,1.1
7533.011822358587,0.9413875,0.03937922757310914,1.1
7534.011823927996,0.9369434,0.03879527485873006,1.1
7535.011825497405,0.96528083,0.03582969903174709,0.8
7536.0118270668145,0.77867794,0.021170220213153644,2.3000000000000003
7537.011828636223,0.59215117,0.003212912078528511,9.3
7538.011830205633,0.54885536,0.0032171199231970753,9.3
7539.011831775041,0.5359379,0.0032779036123110855,9.3
7540.011833344451,0.55595213,0.0032056125762093164,9.3
7541.011834913859,0.5407384,0.0033052750757078023,9.200000000000001
7542.011836483269,0.9257381,0.06489087548508543,2.1
7543.011838052677,0.6219999,0.0750819640380978,1.6
7544.011839622087,0.8272154,0.0805218388495175,1.1
7545.0118411914955,0.91179985,0.08276451980146922,1.1
7546.011842760905,0.8734556,0.08286249275995877,1.1
7547.011844330314,0.7554815,0.08381399129624702,1.1
7548.011845899723,0.74754506,0.08436717305840048,1.1
7549.011847469132,0.7006765,0.08439127309821191,1.1
7550.011849038541,0.8567423,0.08440551820349179,1.1
7551.011850607951,0.6597832,0.08441042441774202,1.1
7552.011852177359,0.85439116,0.05414278395048747,1.1
7553.011853746769,0.8491357,0.038797722760765894,1.1
7554.011855316177,0.855341,0.02571036467504887,1.5
7555.011856885587,0.72703314,0.019413894253748187,1.4000000000000001
7556.0118584549955,0.92076474,0.05082886050062704,1.4000000000000001
7557.011860024405,0.65417635,0.06077551009161706,1.4000000000000001
7558.011861593814,0.7134197,0.06693464814491913,1.3
7559.011863163223,0.7564074,0.10172828154928738,0.7000000000000001
7560.011864732632,0.77079344,0.1207058826778054,0.7000000000000001
7561.011866302041,0.58991176,0.12509851914830358,2.1
7562.01186787145,0.7326235,0.15413957088824926,1.1
7563.011869440859,0.6133872,0.2002037232815947,0.8
7564.011871010268,0.5781064,0.2098104751331976,0.8
7565.011872579677,0.57329637,0.21169788046243146,0.8
7566.011874149087,0.6759806,0.20646546775144478,0.8
7567.0118757184955,0.58214366,0.2035856028337772,0.8
7568.011877287905,0.5836965,0.2005166010241001,0.8
7569.011878857314,0.6362503,0.18646235953218793,0.4
7570.011880426723,0.7435226,0.1757595243996718,0.9
7571.011881996132,0.7299557,0.17290150262471876,0.8
7572.011883565541,0.83505636,0.14790046727644865,0.9
7573.01188513495,0.7789933,0.07220894245593176,1.6
7574.011886704359,0.7381853,0.031140881736311837,1.4000000000000001
7575.011888273768,0.6869676,0.003194663765230208,1.4000000000000001
7576.011889843177,0.82997346,0.008726450501060107,6.800000000000001
7577.011891412586,0.827753,0.011944920933344812,4.0
7578.0118929819955,0.75148153,0.011930155815153259,4.0
7579.011894551404,0.71837616,0.011928270374638776,4.0
7580.011896120814,0.6567536,0.011929921891807308,4.0
7581.011897690222,0.7012247,0.01194810387088394,4.0
7582.011899259632,0.67272896,0.011947748270817581,4.0
7583.011900829041,0.7012102,0.012064709134671229,4.0
7584.01190239845,0.65985745,0.011982730685751111,4.0
7585.011903967859,0.7053251,0.011979048849724507,4.0
7586.011905537268,0.597262,0.01092309789669253,5.1000000000000005
7587.011907106677,0.7736643,0.00997773119325215,3.4000000000000004
7588.011908676086,0.6738314,0.017317972852868395,2.5
7589.0119102454955,0.69904715,0.0240811093727949,2.7
7590.011911814904,0.705217,0.04042960175933538,4.800000000000001
7591.011913384314,0.5627878,0.06049068328354718,4.5
7592.011914953722,0.5481018,0.06263818791561372,4.5
7593.011916523132,0.33263507,0.0642059602229288,4.5
7594.01191809254,0.39210764,0.06454957649732462,4.5
7595.01191966195,0.2738879,0.06491259690570059,4.5
7596.011921231358,0.3607842,0.06510368502472702,4.2
7597.011922800768,0.30434638,0.06560044583067728,2.4000000000000004
7598.0119243701765,0.41398096,0.072713439891345,4.2
7599.011925939586,0.62817854,0.08602112049837134,4.2
7600.0119275089955,0.63335294,0.07984748919829707,2.9000000000000004
7601.011929078404,0.5700254,0.09178001827507094,3.9000000000000004
7602.011930647814,0.2954923,0.1289449816643799,4.4
7603.011932217222,0.1706508,0.1349293054439624,4.4
7604.011933786632,0.1416176,0.14700344330900733,4.4
7605.01193535604,0.24981701,0.14700957550012672,4.4
7606.01193692545,0.5031563,0.1468073659940321,4.4
7607.011938494858,0.62161386,0.14645875128146815,4.4
7608.011940064268,0.7203512,0.14242981432435636,4.4
7609.0119416336765,0.6194886,0.13395345541618806,1.8
7610.011943203086,0.4882247,0.13390290737060406,1.8
7611.011944772495,0.33804932,0.11779024960516239,8.4
7612.011946341904,0.27536353,0.07332224475015045,7.7
7613.011947911313,0.13865186,0.0602040070595737,7.9
7614.011949480722,0.35505947,0.005174393841228794,6.5
7615.011951050131,0.3319492,0.0027024717760823227,4.7
7616.01195261954,0.34533495,0.0026875419476117715,4.7
7617.01195418895,0.33228153,0.0026915823607326426,1.8
7618.011955758358,0.32940787,0.002626479249434593,1.8
7619.011957327768,0.3567304,0.0022626852305752915,1.8
7620.011958897177,0.3460424,0.002229364340646629,1.8
7621.011960466586,0.33912882,0.002238725097945659,1.9000000000000001
7622.011962035995,0.3213619,0.002212061469696217,1.7000000000000002
7623.011963605404,0.31640494,0.0022099028581737917,1.7000000000000002
7624.011965174813,0.32835743,0.0022299456364249844,1.7000000000000002
7625.011966744222,0.30689937,0.002085022013167037,1.9000000000000001
7626.011968313631,0.32330456,0.0020502320407603165,2.4000000000000004
7627.01196988304,0.31966445,0.0020637565078045657,2.4000000000000004
7628.011971452449,0.33000734,0.00207051310257631,3.8000000000000003
7629.0119730218585,0.31736907,0.0020137400942337705,3.8000000000000003
7630.011974591267,0.34867066,0.002152120740829054,2.3000000000000003
7631.011976160677,0.35037887,0.002110469023368869,7.300000000000001
7632.011977730086,0.40226617,0.002116693724902152,2.3000000000000003
7633.011979299495,0.32792777,0.002135416203193645,7.300000000000001
7634.011980868904,0.35246733,0.002102915952439983,7.300000000000001
7635.011982438313,0.3334367,0.0021334773554194018,9.4
7636.011984007722,0.3274694,0.002165467444439702,9.4
7637.011985577131,0.33391702,0.002155832695822604,9.4
7638.01198714654,0.3310787,0.0021505653243960865,2.5
7639.011988715949,0.4531504,0.002364888633781895,2.5
7640.0119902853585,0.3238944,0.0023037847819079747,1.9000000000000001
7641.011991854767,0.31793854,0.0023060379502210337,1.9000000000000001
7642.011993424177,0.33437183,0.0022973969424551926,1.9000000000000001
7643.011994993585,0.35892794,0.003949102292058917,1.9000000000000001
7644.011996562995,0.40113416,0.0071111801816112164,3.3000000000000003
7645.011998132403,0.5181284,0.009626922169560667,3.7
7646.011999701813,0.3227183,0.013365719098403159,3.7
7647.012001271221,0.2831851,0.017431874364585636,5.9
7648.012002840631,0.18114196,0.02480012842132468,6.9
7649.01200441004,0.17064026,0.027527839995194398,6.9
7650.012005979449,0.19520187,0.02806131758343516,6.9
7651.0120075488585,0.25369117,0.029597265881714446,6.9
7652.012009118267,0.26189718,0.030704740814027714,3.3000000000000003
7653.012010687677,0.34688148,0.033351041831214435,6.800000000000001
7654.012012257085,0.42627224,0.034056288489688426,7.0
7655.012013826495,0.24831584,0.03526369316957951,7.0
7656.012015395903,0.42226067,0.03498842492010707,1.0
7657.012016965313,0.17166573,0.0335954161253764,6.7
7658.012018534721,0.25605044,0.030119368901786542,2.6
7659.012020104131,0.31653923,0.03155847294460274,6.300000000000001
7660.0120216735395,0.23608051,0.03693683520743925,2.2
7661.012023242949,0.3233829,0.037748156573637726,6.7
7662.012024812358,0.42458743,0.04093083925229566,6.7
7663.012026381767,0.3229136,0.041946055357646714,6.7
7664.012027951176,0.36912498,0.043329396410186974,6.7
7665.012029520585,0.48274538,0.04388889084642505,5.1000000000000005
7666.012031089995,0.4059691,0.044037036647019266,5.1000000000000005
7667.012032659403,0.50905216,0.04837608552743916,5.1000000000000005
7668.012034228813,0.40022504,0.049637163535331416,5.1000000000000005
7669.012035798221,0.2720379,0.04738906922755124,5.1000000000000005
7670.012037367631,0.24486014,0.045220467145027574,5.1000000000000005
7671.0120389370395,0.17368339,0.0463240427621481,5.2
7672.012040506449,0.34046608,0.04277599730642354,7.0
7673.012042075858,0.36930105,0.03956887341406093,5.2
7674.012043645267,0.23104075,0.03703793521246207,7.0
7675.012045214676,0.23046921,0.03465930382942544,3.8000000000000003
7676.012046784085,0.23010564,0.03346732031230148,5.0
7677.012048353494,0.41508627,0.026210777666435228,7.1000000000000005
7678.012049922903,0.22484179,0.021893104436104007,5.0
7679.012051492312,0.10449378,0.021516167967419314,5.0
7680.012053061721,0.17634119,0.01646061539354854,5.300000000000001
7681.01205463113,0.5030621,0.0058266329737637875,3.2
7682.0120562005395,0.52385575,0.0072088196559476885,3.2
7683.012057769949,0.34676918,0.007384992460314018,3.2
7684.012059339358,0.37171987,0.007871604569407248,6.9
7685.012060908767,0.27176243,0.009668103386091092,3.2
7686.012062478176,0.26694366,0.009874010518545522,3.2
7687.012064047585,0.33577424,0.010125148035179334,3.2
7688.012065616994,0.45560992,0.010336479599540805,3.2
7689.012067186403,0.27865893,0.010964410010154283,3.2
7690.012068755812,0.2594014,0.010861704994175186,5.300000000000001
7691.012070325221,0.32194123,0.010556367718920575,4.3
7692.01207189463,0.31482124,0.01040107349852489,4.3
7693.0120734640395,0.53594464,0.011021572336968773,4.3
7694.012075033448,0.426095,0.016557542279827964,2.3000000000000003
7695.012076602858,0.27532127,0.022348137181562738,2.3000000000000003
7696.012078172266,0.19016863,0.0226258660805408,1.2000000000000002
7697.012079741676,0.26953605,0.022610456929929478,1.2000000000000002
7698.012081311085,0.26943165,0.022634296999191294,2.3000000000000003
7699.012082880494,0.29984638,0.02251378924923166,2.3000000000000003
7700.012084449903,0.2806449,0.022676272636726846,2.3000000000000003
7701.012086019312,0.18213019,0.02270207163784994,1.3
7702.012087588721,0.24481255,0.0250001085111694,2.5
7703.01208915813,0.30889243,0.02613766742149045,2.1
7704.0120907275395,0.22023223,0.023516847426085348,2.6
7705.012092296948,0.4076643,0.02068886698207051,2.0
7706.012093866358,0.43504107,0.021432933202235886,5.2
7707.012095435766,0.36744085,0.02153274366004348,5.2
7708.012097005176,0.22872888,0.021707982477165048,1.7000000000000002
7709.012098574584,0.3180357,0.024230760544431185,1.7000000000000002
7710.012100143994,0.33739772,0.02615681960927201,5.1000000000000005
7711.012101713402,0.33841386,0.030308459085272445,5.6000000000000005
7712.012103282812,0.36423752,0.02843437783567196,1.8
7713.012104852221,0.34942907,0.028733772802251607,5.1000000000000005
7714.01210642163,0.2616799,0.0303250808291859,5.1000000000000005
7715.01210799104,0.40170556,0.03220041849332288,5.1000000000000005
7716.012109560448,0.39184612,0.031942290227365285,5.1000000000000005
7717.012111129858,0.3647732,0.03381236773316255,5.1000000000000005
7718.012112699266,0.40310547,0.06402027009296367,2.0
7719.012114268676,0.45953092,0.0766112214008372,4.5
7720.012115838084,0.3953499,0.07990387426558367,4.2
7721.012117407494,0.41598827,0.07862409166058046,4.4
7722.0121189769025,0.34503815,0.07899217602584435,4.2
7723.012120546312,0.37093675,0.07852664379154861,4.2
7724.012122115721,0.41027078,0.07768961063251935,4.2
7725.01212368513,0.4989956,0.0760556562512429,4.5
7726.012125254539,0.4636869,0.07591574254860492,4.4
7727.012126823948,0.38072366,0.07510776492385311,4.4
7728.012128393357,0.37685886,0.051790488567021536,2.4000000000000004
7729.012129962766,0.5643246,0.028311430764597377,4.1000000000000005
7730.012131532175,0.4781071,0.013564183020843666,9.8
7731.012133101584,0.46120995,0.01212490812689718,9.8
7732.012134670994,0.58458006,0.008889263929647683,1.2000000000000002
7733.0121362404025,0.55911064,0.007985150719575508,4.1000000000000005
7734.012137809812,0.5751788,0.00803876281837295,4.1000000000000005
7735.012139379221,0.5619973,0.008068394512345894,4.1000000000000005
7736.01214094863,0.60886556,0.007495318460951821,4.1000000000000005
7737.012142518039,0.4151139,0.03677341244562903,1.0
7738.012144087448,0.64038295,0.046334369630678725,1.2000000000000002
7739.012145656857,0.69453496,0.060550432283550414,3.1
7740.012147226266,0.7483857,0.060698493006620134,3.1
7741.012148795675,0.52568185,0.060749200228639055,3.1
7742.012150365084,0.71993154,0.06072945659914404,3.1
7743.012151934493,0.6531522,0.060727288403694915,3.1
7744.0121535039025,0.79859984,0.06069033671317198,3.3000000000000003
7745.012155073311,0.81156933,0.06067616707286169,3.2
7746.012156642721,0.91062707,0.06069221595343371,3.2
7747.01215821213,0.76296794,0.04913505329588602,5.0
7748.012159781539,0.7814185,0.04062327752545823,5.0
7749.012161350948,0.5064999,0.019487591031650923,3.6
7750.012162920357,0.55747473,0.01892421896624261,5.0
7751.012164489766,0.5386532,0.018776894298113207,5.0
7752.012166059175,0.49408197,0.020552303812884,4.9
7753.012167628584,0.52947545,0.0205300440618218,4.9
7754.012169197993,0.48635706,0.02056594942906331,4.9
7755.0121707674025,0.47333267,0.02069423171072376,4.9
7756.012172336811,0.6528024,0.034500107486887845,2.1
7757.012173906221,0.74386275,0.038308390950145765,2.1
7758.012175475629,0.68387836,0.040794910807437065,2.5
7759.012177045039,0.77538836,0.04177531157413573,3.0
7760.012178614447,0.69297457,0.055353953001342576,1.5
7761.012180183857,0.7986265,0.15193214901771476,1.5
7762.012181753265,0.4974515,0.159307523424262,1.3
7763.012183322675,0.42835528,0.1766654334725514,1.2000000000000002
7764.012184892084,0.2624926,0.17738009502174035,1.2000000000000002
7765.012186461493,0.4972208,0.17768587823063045,1.2000000000000002
7766.0121880309025,0.47986266,0.17576549006733744,1.2000000000000002
7767.012189600311,0.7046325,0.17501907647946793,1.2000000000000002
7768.012191169721,0.51819664,0.1754198641785031,1.2000000000000002
7769.012192739129,0.7593221,0.17496840531622168,1.2000000000000002
7770.012194308539,0.77561384,0.17212929273130878,1.2000000000000002
7771.012195877947,0.8438627,0.09907404548304427,1.2000000000000002
7772.012197447357,0.8522155,0.08764017005532942,1.3
7773.012199016765,0.2175992,0.04210693251356162,6.1000000000000005
7774.012200586175,0.17194825,0.0392020131237592,6.1000000000000005
7775.0122021555835,0.101121314,0.042053648007217614,6.1000000000000005
7776.012203724993,0.07110838,0.04385256167224572,6.1000000000000005
7777.012205294402,0.5975087,0.1004403511978606,2.4000000000000004
7778.012206863811,0.71260816,0.1008257345942346,1.8
7779.01220843322,0.75613,0.10018261728141578,1.8
7780.012210002629,0.77280945,0.09954592908027647,1.8
7781.012211572039,0.74740005,0.0995528835739777,1.8
7782.012213141447,0.80926585,0.09821059643990429,2.3000000000000003
7783.012214710857,0.8353866,0.0969101511714357,2.3000000000000003
7784.012216280265,0.87013745,0.09672188952953534,2.3000000000000003
7785.012217849675,0.66109335,0.09490618064328514,1.7000000000000002
7786.0122194190835,0.6645359,0.09407602021773995,1.9000000000000001
7787.012220988493,0.84397876,0.024789472559633565,4.1000000000000005
7788.012222557902,0.73154926,0.013286142060573118,10.0
7789.012224127311,0.49004814,0.012017663607779595,9.9
7790.01222569672,0.73232394,0.011426023784359255,10.4
7791.012227266129,0.39768922,0.0037012858969250077,5.4
7792.012228835538,0.31873798,0.0035628146114900006,5.4
7793.012230404947,0.3839351,0.003535175917033403,8.4
7794.012231974356,0.38304856,0.003482566645918474,8.4
7795.012233543765,0.52463835,0.0034993298195444894,8.4
7796.012235113174,0.33751807,0.0036922386128612956,15.0
7797.0122366825835,0.7214624,0.04117040260689764,1.5
7798.012238251993,0.8338746,0.06250997182994443,1.5
7799.012239821402,0.48949507,0.0627072520235799,1.6
7800.012241390811,0.4671302,0.06361286203613516,1.7000000000000002
7801.01224296022,0.3729186,0.06365602233793957,1.7000000000000002
7802.012244529629,0.26607865,0.06371603998587184,1.7000000000000002
7803.012246099038,0.2888442,0.06392693389327805,1.7000000000000002
7804.012247668447,0.44435358,0.06525581965846673,1.7000000000000002
7805.012249237856,0.62170917,0.06532018792559116,1.7000000000000002
7806.012250807265,0.5637038,0.06529093805660703,1.7000000000000002
7807.012252376674,0.51574653,0.04986861695990973,3.8000000000000003
7808.012253946084,0.33452642,0.019419315126590047,1.5
7809.012255515492,0.37352788,0.018696568430749648,1.5
7810.012257084902,0.35048077,0.015231164376629183,1.6
7811.01225865431,0.5349232,0.0150066005902533,1.6
7812.01226022372,0.37162185,0.014800800369118928,1.9000000000000001
7813.012261793129,0.3435821,0.014300983633241893,1.4000000000000001
7814.012263362538,0.19148652,0.005699330281535394,6.1000000000000005
7815.012264931947,0.16817528,0.004810143889662396,6.1000000000000005
7816.012266501356,0.15935986,0.005974419146914138,13.700000000000001
7817.0122680707655,0.16179666,0.006064062467533881,13.700000000000001
7818.012269640174,0.25525907,0.006656985463056004,13.700000000000001
7819.012271209584,0.24432272,0.006910594769290994,13.200000000000001
7820.012272778992,0.31183666,0.007170417735335418,13.4
7821.012274348402,0.391085,0.007382377797733482,13.4
7822.01227591781,0.44350573,0.007940277566287844,13.4
7823.01227748722,0.43695065,0.0070510252934152615,13.3
7824.012279056628,0.43246257,0.007902514389298424,13.700000000000001
7825.012280626038,0.47325975,0.008442997720062299,13.700000000000001
7826.0122821954465,0.51878095,0.007912652592522378,13.4
7827.012283764856,0.44845393,0.007904700955267024,13.4
7828.012285334265,0.42054984,0.007600844453355828,15.0
7829.012286903674,0.40629035,0.0074023876367673245,15.0
7830.012288473084,0.4337383,0.007319811872764404,15.0
7831.012290042492,0.5637478,0.007140751577438618,15.0
7832.012291611902,0.4949224,0.009758169663171452,14.5
7833.01229318131,0.5589656,0.013353957824648986,2.4000000000000004
7834.01229475072,0.63047886,0.013216937550299065,2.4000000000000004
7835.012296320128,0.479062,0.012806216298856154,2.4000000000000004
7836.012297889538,0.5729839,0.012753817764072112,2.4000000000000004
7837.0122994589465,0.58199924,0.012736549372919214,2.5
7838.012301028356,0.56449205,0.012667935532750633,2.5
7839.012302597765,0.3992455,0.01325590114166067,2.4000000000000004
7840.012304167174,0.4861897,0.01323144878574172,2.4000000000000004
7841.012305736583,0.47081742,0.01362186363333542,2.6
7842.012307305992,0.51955175,0.01148093487015238,3.2
7843.012308875401,0.5226486,0.007070324304916566,13.8
7844.01231044481,0.48050922,0.006724354028996518,11.100000000000001
7845.012312014219,0.45208004,0.006849740370778563,11.100000000000001
7846.012313583628,0.5073468,0.06594505835126126,1.7000000000000002
7847.012315153038,0.25951833,0.06694136559019197,1.3
7848.0123167224465,0.35169473,0.06698997134620346,1.4000000000000001
7849.012318291856,0.42319372,0.0668958498123635,1.4000000000000001
7850.012319861265,0.42796752,0.06689708312615991,1.5
7851.012321430674,0.51840496,0.0668910504826762,1.4000000000000001
7852.012323000083,0.67071164,0.06691620720776197,1.5
7853.012324569492,0.71646386,0.0671651866773392,1.3
7854.012326138901,0.75246304,0.06715550594761667,1.3
7855.01232770831,0.709132,0.06714678314561828,1.3
7856.012329277719,0.8328938,0.014039744761022148,3.9000000000000004
7857.012330847128,0.6356687,0.00835823660816196,3.9000000000000004
7858.012332416537,0.6931059,0.007976901926486153,1.0
7859.0123339859465,0.49251035,0.007845822108182198,1.0
7860.012335555355,0.31771156,0.00779135277208545,1.0
7861.012337124765,0.30913195,0.009072353638783767,2.8000000000000003
7862.012338694173,0.29099694,0.009174231321980909,2.5
7863.012340263583,0.36804175,0.008937223190611672,2.7
7864.012341832992,0.5047977,0.00897120002792908,2.7
7865.012343402401,0.8283088,0.009177839657338073,2.7
7866.01234497181,0.7791039,0.009359065940438923,2.7
7867.012346541219,0.72890055,0.00924770234819197,2.7
7868.012348110628,0.83344173,0.009164722916366339,2.7
7869.012349680037,0.9372671,0.009210211441723657,2.7
7870.0123512494465,0.94586575,0.009224483380734429,2.7
7871.012352818855,0.9078765,0.007329629200269088,3.0
7872.012354388265,0.80411327,0.006975341765439735,3.0
7873.012355957673,0.6996481,0.004074244188555206,4.7
7874.012357527083,0.4974282,0.0036707063387168286,11.8
7875.012359096491,0.5152813,0.0033159067861866405,14.5
7876.012360665901,0.6747336,0.002766564242586363,14.5
7877.012362235309,0.73769563,0.002818863300361524,6.300000000000001
7878.012363804719,0.7709858,0.0029903480106901244,2.7
7879.012365374128,0.74868864,0.0029154983556984666,2.7
7880.012366943537,0.6159472,0.00288326353118529,2.8000000000000003
7881.0123685129465,0.4858828,0.002915939151906224,2.7
7882.012370082355,0.68176407,0.002861437519646196,2.4000000000000004
7883.012371651765,0.7601722,0.002873549848119362,2.4000000000000004
7884.012373221173,0.39961722,0.0027638809553660855,2.4000000000000004
7885.012374790583,0.43358457,0.0025103748659383415,2.4000000000000004
7886.012376359991,0.52151895,0.0025011897425512766,2.4000000000000004
7887.012377929401,0.42709258,0.002465056899532212,2.4000000000000004
7888.012379498809,0.43579456,0.002271528769422051,0.7000000000000001
7889.012381068219,0.8308725,0.0037374528825770605,1.2000000000000002
7890.0123826376275,0.6884965,0.005663043629635109,0.1
7891.012384207037,0.9365761,0.01120901890256695,0.1
7892.012385776446,0.9274624,0.011626028458427083,0.1
7893.012387345855,0.9399212,0.011748613032466038,0.1
7894.012388915264,0.96561575,0.011836214814867642,0.1
7895.012390484673,0.9700294,0.011977380483889973,4.7
7896.012392054083,0.9530395,0.01262178827113471,4.6000000000000005
7897.012393623491,0.9527976,0.012649766381914817,4.6000000000000005
7898.012395192901,0.9832992,0.0129416600888658,4.5
7899.012396762309,0.97142506,0.012685699371192002,3.1
7900.012398331719,0.9827115,0.012061819806357352,2.9000000000000004
7901.0123999011275,0.95485616,0.007331295569664437,5.1000000000000005
7902.012401470537,0.96971434,0.00720782953565692,5.1000000000000005
7903.012403039946,0.937087,0.008153157229495465,8.5
7904.012404609355,0.95390564,0.008078841528937888,8.5
7905.012406178764,0.93775094,0.007887123074806218,8.5
7906.012407748173,0.85210544,0.006746737376628247,8.700000000000001
7907.012409317582,0.7451136,0.006774737209749494,1.3
7908.012410886991,0.8738311,0.06888663084573282,1.1
7909.0124124564,0.7506407,0.08189460706909248,0.5
7910.012414025809,0.6608274,0.08984936450228094,0.6000000000000001
7911.012415595218,0.47571453,0.11890479013778955,1.7000000000000002
7912.012417164628,0.59443873,0.13456122927466546,1.4000000000000001
7913.012418734037,0.7168347,0.15691989037288784,0.9
7914.012420303446,0.83961225,0.18233160929611034,1.1
7915.012421872855,0.69955915,0.1835071068006,1.1
7916.012423442264,0.4711607,0.18395515788288136,1.1
7917.012425011673,0.56033826,0.1876781580172738,1.1
7918.012426581082,0.31489784,0.17371183079377295,1.2000000000000002
7919.012428150491,0.43108946,0.17052922794237857,1.1
7920.0124297199,0.38088864,0.17375672214455556,2.2
7921.0124312893095,0.6181401,0.1691514222359803,2.2
7922.012432858718,0.49627566,0.15797771983455394,2.2
7923.012434428128,0.44828412,0.13529216598306942,2.2
7924.012435997536,0.54619855,0.09655678942727115,2.0
7925.012437566946,0.28298777,0.09362469325312658,2.0
7926.012439136354,0.18863977,0.09175204830510462,2.0
7927.012440705764,0.17649537,0.08335088006069266,2.1
7928.012442275172,0.24939993,0.08240200311187305,2.1
7929.012443844582,0.26059186,0.08230934549924426,2.2
7930.012445413991,0.34222117,0.06517520812925785,2.2
7931.0124469834,0.3030584,0.004463282272463061,2.7
7932.0124485528095,0.30292952,0.003065481369648911,2.6
7933.012450122218,0.4424455,0.0028869446037945185,4.1000000000000005
7934.012451691628,0.58823013,0.0029599741894160135,4.6000000000000005
7935.012453261036,0.8140616,0.0032163100897263084,5.1000000000000005
7936.012454830446,0.77051216,0.003319105095151393,4.6000000000000005
7937.012456399854,0.7843917,0.003398315754505253,3.4000000000000004
7938.012457969264,0.5614986,0.0034526144220908732,3.4000000000000004
7939.012459538672,0.6711662,0.0034816142777313254,12.0
7940.012461108082,0.8138754,0.0034464420468486795,12.0
7941.0124626774905,0.88836896,0.004105710449925427,8.5
7942.0124642469,0.93293184,0.004170738703815625,8.5
7943.012465816309,0.9557011,0.07037230623376388,2.2
7944.012467385718,0.936009,0.07960805384110232,1.5
7945.012468955128,0.79633176,0.07965996369660516,1.6
7946.012470524536,0.7331104,0.07970448174842695,1.5
7947.012472093946,0.41924182,0.07970665007024852,1.8
7948.012473663354,0.3455979,0.07971522407219017,1.5
7949.012475232764,0.46257183,0.07969702736659118,1.5
7950.012476802172,0.35136628,0.07967057137864532,1.5
7951.012478371582,0.6010093,0.07964226597705364,1.5
7952.0124799409905,0.4601729,0.07962222346433355,1.7000000000000002
7953.0124815104,0.49593455,0.03708515472049243,8.700000000000001
7954.012483079809,0.3337994,0.005908202120069121,12.3
7955.012484649218,0.25106964,0.005136152507971486,14.600000000000001
7956.012486218627,0.2060546,0.004684661768506804,12.3
7957.012487788036,0.24478272,0.004490947961731831,14.8
7958.012489357445,0.19360612,0.004217588603151639,12.700000000000001
7959.012490926854,0.22122796,0.004238346071070542,12.100000000000001
7960.012492496263,0.21729231,0.0042772105981278025,14.5
7961.012494065672,0.23181856,0.0038931495915065315,14.5
7962.012495635082,0.17674494,0.003467333190167771,14.5
7963.0124972044905,0.18469957,0.0042380894332239875,11.3
7964.0124987739,0.5269182,0.005494312429785212,14.3
7965.012500343309,0.2601192,0.0063210090699309,14.8
7966.012501912718,0.2852092,0.006478267776266156,14.8
7967.012503482127,0.17207214,0.006701185715984916,14.8
7968.012505051536,0.20227435,0.007089450882927377,15.0
7969.012506620945,0.37221104,0.007478156308249412,15.0
7970.012508190354,0.24015479,0.007610681211863136,15.0
7971.012509759763,0.40578437,0.0077053378109087625,15.0
7972.012511329172,0.5102776,0.007884449046823467,15.0
7973.012512898581,0.31590357,0.007424540271908076,15.0
7974.0125144679905,0.30542588,0.006759447168863946,15.0
7975.012516037399,0.30379063,0.006276797924328266,13.600000000000001
7976.012517606809,0.38862368,0.006189043114546031,13.200000000000001
7977.012519176217,0.69505686,0.005981546033837829,13.600000000000001
7978.012520745627,0.46185598,0.006371543185615313,14.4
7979.012522315036,0.6664854,0.01815421678584096,2.8000000000000003
7980.012523884445,0.66884154,0.019143372462370422,2.8000000000000003
7981.012525453854,0.7435555,0.019217877469415917,2.8000000000000003
7982.012527023263,0.59194905,0.05965302814975196,2.6
7983.012528592672,0.6752735,0.07835586249246025,1.7000000000000002
7984.012530162081,0.77914786,0.0783694421554864,1.7000000000000002
7985.0125317314905,0.87419116,0.07837132896843184,1.7000000000000002
7986.012533300899,0.7780872,0.07836115894960999,1.7000000000000002
7987.012534870309,0.59394634,0.07836738146201655,1.7000000000000002
7988.012536439717,0.4864719,0.07830056808319455,1.7000000000000002
7989.012538009127,0.6538511,0.07638856543390586,1.8
7990.012539578535,0.44997182,0.07613130042472374,1.7000000000000002
7991.012541147945,0.43609068,0.07609758504399484,1.6
7992.012542717353,0.675266,0.04957015181221415,1.6
7993.012544286763,0.43861276,0.0036763473479529767,5.1000000000000005
7994.0125458561715,0.37951013,0.003389956994511307,5.1000000000000005
7995.012547425581,0.3575842,0.0032932825510309134,4.800000000000001
7996.0125489949905,0.38945794,0.0032753583858539277,4.800000000000001
7997.012550564399,0.45125815,0.0033111242397364537,4.800000000000001
7998.012552133809,0.17295781,0.0034104966508917197,4.800000000000001
7999.012553703217,0.30755135,0.0034045272747055804,4.7
8000.012555272627,0.34174824,0.003423722144854132,1.9000000000000001
8001.012556842035,0.41739708,0.003491417064015831,1.9000000000000001
8002.012558411445,0.21275231,0.003497496010839178,4.1000000000000005
8003.012559980853,0.4893318,0.0025202310902897205,1.9000000000000001
8004.012561550263,0.29964608,0.0023708274586572544,10.700000000000001
8005.0125631196715,0.29828435,0.002296573660287384,1.9000000000000001
8006.012564689081,0.2802402,0.0023148586486516436,1.9000000000000001
8007.01256625849,0.30234978,0.002295081167713094,1.9000000000000001
8008.012567827899,0.2877341,0.0020756119148599593,3.5
8009.012569397308,0.28080747,0.00209200456169649,10.100000000000001
8010.012570966717,0.45576337,0.001967433753392178,10.100000000000001
8011.012572536127,0.25680825,0.0018600412783115387,10.100000000000001
8012.012574105535,0.27044645,0.0019799885352022374,10.100000000000001
8013.012575674945,0.29071808,0.0019597041119647786,10.100000000000001
8014.012577244353,0.27256626,0.0019384915488844,10.100000000000001
8015.012578813763,0.39499196,0.0019386755547469126,12.700000000000001
8016.012580383172,0.28121516,0.001979744368088504,15.0
8017.012581952581,0.26971042,0.0019376094407812074,12.700000000000001
8018.01258352199,0.27796936,0.0019782488731355115,12.700000000000001
8019.012585091399,0.3288168,0.0019319251370877005,12.700000000000001
8020.012586660808,0.259336,0.0019130465669069151,12.700000000000001
8021.012588230217,0.7087693,0.01349514757143981,1.5
8022.012589799626,0.37846473,0.13206515595845378,1.4000000000000001
8023.012591369035,0.47033584,0.1323548571355164,1.4000000000000001
8024.012592938444,0.6737598,0.14037973376932333,1.7000000000000002
8025.0125945078535,0.7359678,0.14043007459635556,1.7000000000000002
8026.012596077262,0.68866146,0.140435280414565,1.7000000000000002
8027.012597646672,0.5379738,0.14042226506845062,1.7000000000000002
8028.012599216081,0.5421944,0.1404074546214442,1.7000000000000002
8029.01260078549,0.45986372,0.14039151797274285,1.7000000000000002
8030.012602354899,0.69997066,0.14037603865823137,1.7000000000000002
8031.012603924308,0.45063937,0.13964670489968695,1.7000000000000002
8032.012605493717,0.4377021,0.048019410355439544,1.6
8033.012607063126,0.23075615,0.047226549915950884,1.6
8034.012608632535,0.437339,0.0063328327126841956,14.600000000000001
8035.012610201944,0.1861774,0.004877568362295691,14.600000000000001
8036.0126117713535,0.19142155,0.004391446656312379,14.600000000000001
8037.012613340762,0.1843472,0.004361928027390518,14.600000000000001
8038.012614910172,0.17061569,0.00435971022688297,14.700000000000001
8039.01261647958,0.19599065,0.004349473342491268,14.700000000000001
8040.01261804899,0.2071057,0.004325856663502275,14.600000000000001
8041.012619618398,0.20047244,0.004299352962234389,11.9
8042.012621187808,0.21164063,0.003414963792776502,14.700000000000001
8043.012622757216,0.20687532,0.0030113780283308545,14.700000000000001
8044.012624326626,0.18481208,0.0029670086766471738,14.700000000000001
8045.012625896035,0.19859391,0.0029169704615526456,14.700000000000001
8046.012627465444,0.17723888,0.002974486045377594,14.600000000000001
8047.0126290348535,0.17998716,0.003012927284520566,14.600000000000001
8048.012630604262,0.20793688,0.0032494657528869824,14.600000000000001
8049.012632173672,0.26438078,0.003262852312946446,14.600000000000001
8050.01263374308,0.22707066,0.0032836468396916394,14.600000000000001
8051.01263531249,0.19736028,0.002840133490213162,14.600000000000001
8052.012636881898,0.20391104,0.002830926099507757,14.600000000000001
8053.012638451308,0.19672796,0.0027424544123216925,14.600000000000001
8054.012640020716,0.21536061,0.002401967340246206,14.600000000000001
8055.012641590126,0.2126147,0.0022977981647777134,14.600000000000001
8056.0126431595345,0.22070387,0.002156838650859455,15.0
8057.012644728944,0.22155398,0.0021535524916587545,14.600000000000001
8058.012646298353,0.2136366,0.0023286203735903605,14.600000000000001
8059.012647867762,0.23288074,0.00270246071561065,10.600000000000001
8060.012649437171,0.21348329,0.0029492217755566676,10.600000000000001
8061.01265100658,0.18811972,0.003453119040834271,14.600000000000001
8062.01265257599,0.172528,0.0038488795286486673,10.600000000000001
8063.012654145398,0.16828674,0.0043496011489596266,10.600000000000001
8064.012655714808,0.1670238,0.0048586879652741085,13.3
8065.012657284216,0.16557756,0.004962280221018461,13.3
8066.012658853626,0.19266628,0.005040954540779245,13.3
8067.0126604230345,0.3600404,0.0051207404837339465,13.9
8068.012661992444,0.300322,0.005189028966907284,13.9
8069.012663561853,0.33529937,0.005175156439039012,13.9
8070.012665131262,0.39727908,0.005428056292893479,10.5
8071.012666700671,0.3331579,0.005234270604084227,13.200000000000001
8072.01266827008,0.3078101,0.005071568869662429,13.200000000000001
8073.012669839489,0.26452118,0.0047826865691016724,13.200000000000001
8074.012671408898,0.24427222,0.004416069575112445,13.200000000000001
8075.012672978307,0.4390784,0.004537337776104668,10.9
8076.012674547716,0.31190887,0.004635148274321834,13.200000000000001
8077.012676117126,0.35064858,0.004567984811497562,10.9
8078.0126776865345,0.2964357,0.00441476593187383,13.100000000000001
8079.012679255944,0.34352118,0.004418738417582831,13.100000000000001
8080.012680825353,0.3600526,0.004099559461576693,9.3
8081.012682394762,0.29127446,0.004031061702074457,13.5
8082.012683964171,0.5398177,0.006391356739990036,15.0
8083.01268553358,0.4027045,0.006817658857764667,5.0
8084.012687102989,0.5509342,0.007946029623623297,5.4
8085.012688672398,0.57762414,0.007887358754219562,5.4
8086.012690241807,0.5124885,0.008496576125680212,5.4
8087.012691811216,0.4495196,0.014004951409397767,4.9
8088.012693380625,0.4953523,0.018583473666269612,5.300000000000001
8089.0126949500345,0.5517925,0.02597418065488709,5.300000000000001
8090.012696519443,0.6276954,0.026733654504759514,5.300000000000001
8091.012698088853,0.305817,0.026869496580096533,5.300000000000001
8092.012699658261,0.5296441,0.026414022800417238,5.300000000000001
8093.012701227671,0.52506864,0.031114403603332102,5.300000000000001
8094.01270279708,0.43471578,0.03370542435399598,5.300000000000001
8095.012704366489,0.3606554,0.036838366105176,5.300000000000001
8096.012705935898,0.2972123,0.03906059483181735,5.300000000000001
8097.012707505307,0.23169997,0.04110194728127012,5.1000000000000005
8098.012709074716,0.19410813,0.04079906485058453,5.5
8099.012710644125,0.1557538,0.04260832830147226,4.800000000000001
8100.0127122135345,0.10865455,0.0441795849359157,4.800000000000001
8101.012713782943,0.045039807,0.046196875256218684,4.800000000000001
8102.012715352353,0.114245735,0.05109688994763756,5.5
8103.012716921761,0.043400764,0.04833027076595101,4.3
8104.012718491171,0.09701345,0.04644643319292128,4.3
8105.012720060579,0.047262702,0.04407818826310123,4.7
8106.012721629989,0.15579544,0.042875664957529584,4.7
8107.012723199397,0.2496948,0.039442920905952625,3.5
8108.012724768807,0.46353665,0.037851725754214256,3.4000000000000004
8109.0127263382155,0.42515153,0.031109982883920057,2.9000000000000004
8110.012727907625,0.42523676,0.02811867956491277,3.3000000000000003
8111.012729477035,0.48543182,0.024385080082228193,2.9000000000000004
8112.012731046443,0.5740198,0.010985100914552548,5.2
8113.012732615853,0.61439586,0.010886297723619287,5.2
8114.012734185261,0.46210974,0.010646270106910138,5.2
8115.012735754671,0.59466654,0.010226741548135219,5.9
8116.012737324079,0.4033794,0.008175395919160352,2.1
8117.012738893489,0.495074,0.008092804815478872,3.3000000000000003
8118.012740462897,0.45600015,0.008016587234033949,3.3000000000000003
8119.012742032307,0.5707224,0.007324442052182101,3.1
8120.012743601716,0.42859477,0.007488152882308744,5.0
8121.012745171125,0.48184285,0.007501957484050047,3.5
8122.012746740534,0.5045361,0.010123361298484547,6.5
8123.012748309943,0.47105005,0.014636976964385666,5.0
8124.012749879352,0.55042845,0.017211290141226226,5.0
8125.012751448761,0.61320794,0.022563670504096304,6.1000000000000005
8126.01275301817,0.56234777,0.02926162197490768,5.6000000000000005
8127.012754587579,0.39360467,0.032028551605561784,5.6000000000000005
8128.012756156989,0.23740682,0.0331037441265996,5.6000000000000005
8129.0127577263975,0.2700891,0.033086799240194815,5.6000000000000005
8130.012759295807,0.3059013,0.03308465701235167,5.6000000000000005
8131.012760865216,0.2524172,0.03311268706559415,5.6000000000000005
8132.012762434625,0.3343042,0.03253112265435894,5.6000000000000005
8133.012764004034,0.47011417,0.030775617473831653,5.7
8134.012765573443,0.46524388,0.029607486831220862,5.7
8135.012767142852,0.49936897,0.02587317224012241,5.6000000000000005
8136.012768712261,0.51309896,0.016907667355933787,5.5
8137.01277028167,0.5885475,0.010622098498307316,12.5
8138.012771851079,0.48555374,0.006698383367098874,12.600000000000001
8139.012773420488,0.27887705,0.00662732209686811,12.600000000000001
8140.0127749898975,0.25760892,0.006305698178998504,12.600000000000001
8141.012776559306,0.22923994,0.006467355528240367,14.4
8142.012778128716,0.23538953,0.006037040870013152,14.4
8143.012779698125,0.30422667,0.0060369675289495585,14.4
8144.012781267534,0.33667842,0.005170976933002397,14.4
8145.012782836943,0.2797568,0.004729082382932163,14.8
8146.012784406352,0.25925338,0.004194770625793841,14.8
8147.012785975761,0.27034014,0.004264073918142024,14.8
8148.01278754517,0.23073195,0.004992748171192358,12.8
8149.012789114579,0.22769476,0.005515981914812531,11.5
8150.012790683988,0.37506607,0.005883401773245017,11.0
8151.0127922533975,0.55283624,0.010260315598319657,4.2
8152.012793822806,0.4002678,0.018622580196983443,4.2
8153.012795392216,0.4800878,0.01951677296763989,4.2
8154.012796961624,0.6262066,0.021412579775527605,4.2
8155.012798531034,0.5145417,0.02139561398570313,4.2
8156.012800100442,0.43812126,0.02336421907799208,4.2
8157.012801669852,0.39706242,0.023749517148512957,4.3
8158.01280323926,0.38544518,0.02703196448557252,4.1000000000000005
8159.01280480867,0.2973012,0.02690904488300399,4.1000000000000005
8160.012806378079,0.3468123,0.026877001614911168,4.1000000000000005
8161.012807947488,0.41879728,0.025501134158804815,4.1000000000000005
8162.0128095168975,0.29886854,0.020477513907954607,4.3
8163.012811086306,0.35144275,0.020227416384765315,4.0
8164.012812655716,0.37480605,0.020230156905164734,4.2
8165.012814225124,0.32480904,0.029870692260552525,3.4000000000000004
8166.012815794534,0.3749955,0.028739612198926123,3.4000000000000004
8167.012817363942,0.3999153,0.028471572903815592,3.4000000000000004
8168.012818933352,0.4885656,0.025241184706489405,3.4000000000000004
8169.01282050276,0.38790476,0.02567475969514905,3.4000000000000004
8170.01282207217,0.46671912,0.026632130660394552,3.4000000000000004
8171.0128236415785,0.43752754,0.026611159958873774,3.4000000000000004
8172.012825210988,0.5289326,0.026428884962272314,3.4000000000000004
8173.012826780397,0.43262398,0.02599018664415699,3.4000000000000004
8174.012828349806,0.36674118,0.024718402424313703,3.4000000000000004
8175.012829919215,0.27817842,0.01393533711004664,5.6000000000000005
8176.012831488624,0.45696694,0.013403720304416248,5.6000000000000005
8177.012833058034,0.43482226,0.017413568274356046,3.8000000000000003
8178.012834627442,0.24213567,0.019633491524661546,4.2
8179.012836196852,0.18332279,0.024820158218681786,4.2
8180.01283776626,0.32730862,0.025096483688707347,3.0
8181.01283933567,0.33852053,0.025051707242630412,3.0
8182.0128409050785,0.24819066,0.02541627731529435,4.1000000000000005
8183.012842474488,0.23933421,0.025471433106121794,4.1000000000000005
8184.012844043897,0.49067822,0.028909975918322173,1.9000000000000001
8185.012845613306,0.47984952,0.03504031701555438,1.6
8186.012847182715,0.42229924,0.035210222889238516,1.6
8187.012848752124,0.68157387,0.03408481832205655,1.3
8188.012850321533,0.6600134,0.05043966820735561,4.4
8189.012851890942,0.5068359,0.05296064173464359,2.9000000000000004
8190.012853460351,0.15372169,0.056031847650858016,2.9000000000000004
8191.01285502976,0.17877533,0.05608756708749004,2.9000000000000004
8192.012856599169,0.1842245,0.05592423315121465,2.9000000000000004
8193.012858168579,0.29871348,0.0558970362425003,2.9000000000000004
8194.012859737988,0.49771154,0.054065066094827155,2.9000000000000004
8195.012861307398,0.3840359,0.049680468347881,2.9000000000000004
8196.012862876805,0.62399906,0.04949959811182121,2.9000000000000004
8197.012864446215,0.7300287,0.0490088684697241,2.9000000000000004
8198.012866015624,0.37398022,0.030559669411247742,2.5
8199.012867585034,0.45826,0.020538607320813775,3.5
8200.012869154441,0.64493185,0.004092537974099116,4.0
8201.012870723851,0.50686365,0.0031044037172210147,2.9000000000000004
8202.01287229326,0.3827998,0.0029638999702955283,4.0
8203.01287386267,0.4297388,0.0026981202485321094,4.0
8204.012875432078,0.39905393,0.0026140356478948296,4.0
8205.012877001487,0.5843502,0.002201001632295057,4.0
8206.012878570897,0.47435963,0.002080644671630631,4.3
8207.012880140306,0.4051465,0.0019475856972786284,4.3
8208.012881709714,0.3841507,0.0018428841170251484,5.7
8209.012883279123,0.43812945,0.0018416331022930053,5.7
8210.012884848533,0.51940954,0.0017969121273677243,5.7
8211.012886417942,0.3030939,0.0020484805645746246,5.7
8212.012887987352,0.3539851,0.0021263802750355774,3.0
8213.01288955676,0.4408999,0.0021630598789109078,3.3000000000000003
8214.012891126169,0.46273524,0.0021918472495497947,3.3000000000000003
8215.012892695579,0.44995806,0.004105627452330096,4.3
8216.012894264988,0.2912161,0.004198512768520902,3.2
8217.012895834396,0.3862371,0.004556022685907071,3.2
8218.012897403805,0.45188928,0.00475057838367571,3.2
8219.012898973215,0.4669453,0.005076547004691279,3.2
8220.012900542624,0.1989781,0.0056573541887809655,4.0
8221.012902112032,0.24089885,0.008678983296138117,3.2
8222.012903681441,0.25040308,0.009748058103363405,2.7
8223.012905250851,0.4403164,0.010236229694869899,2.7
8224.01290682026,0.3663679,0.01025290349286503,2.7
8225.01290838967,0.55287045,0.009711209965721033,2.7
8226.012909959078,0.54706997,0.009684609448776001,2.7
8227.012911528487,0.6209634,0.009550340118841122,2.7
8228.012913097897,0.5610279,0.009708032277190855,2.7
8229.012914667306,0.4302176,0.009575316021925906,2.7
8230.012916236714,0.45875087,0.009258731705351197,2.7
8231.012917806123,0.4587743,0.006474979230455406,2.7
8232.012919375533,0.6034046,0.0046666158460325815,4.3
8233.012920944942,0.53848475,0.0037241820844903344,4.0
8234.01292251435,0.47558597,0.0038037340030486876,4.2
8235.01292408376,0.50606966,0.0036340236955660606,4.2
8236.012925653169,0.5317725,0.0037379260779755712,4.2
8237.012927222579,0.6560061,0.0037067297578141554,4.2
8238.012928791986,0.61916476,0.0029669729660431526,4.2
8239.012930361396,0.53683096,0.003108958735607341,4.2
8240.012931930805,0.4519304,0.004334898905698028,4.2
8241.012933500215,0.41847876,0.1720157926689713,1.6
8242.012935069624,0.42037913,0.17522352628607213,1.6
8243.012936639032,0.59184635,0.17680211099758694,1.9000000000000001
8244.012938208441,0.74032605,0.18092823785746054,2.5
8245.012939777851,0.8045712,0.1994706199238834,1.4000000000000001
8246.01294134726,0.8165505,0.21173497730642996,1.4000000000000001
8247.012942916668,0.93294877,0.21175412505233507,1.4000000000000001
8248.012944486078,0.9341507,0.2117730631766965,1.4000000000000001
8249.012946055487,0.95221645,0.21178212501062105,1.4000000000000001
8250.012947624897,0.9059003,0.2117726897807077,1.4000000000000001
8251.012949194304,0.8973991,0.12391197552073764,1.0
8252.012950763714,0.62479347,0.1301850672420341,1.0
8253.012952333123,0.7745748,0.12832023133198206,1.6
8254.012953902533,0.7769923,0.12247175902228277,1.3
8255.01295547194,0.51422966,0.09038555780787602,2.7
8256.01295704135,0.42213047,0.055876506762222576,1.6
8257.01295861076,0.53732693,0.05761607376404081,2.7
8258.01296018017,0.59365755,0.058422469210888985,3.5
8259.012961749579,0.6779246,0.06144643012583614,3.1
8260.012963318986,0.7798489,0.06178063623823092,2.3000000000000003
8261.012964888396,0.77385247,0.06197783409125162,2.3000000000000003
8262.012966457805,0.42948517,0.03368412937500928,5.9
8263.012968027215,0.29073778,0.03239054572111099,3.6
8264.012969596622,0.3235869,0.032857965630311,8.8
8265.012971166032,0.2684075,0.02955785232064117,7.4
8266.012972735442,0.33506498,0.031403911526795406,7.4
8267.012974304851,0.22968322,0.02883762484287294,7.4
8268.012975874259,0.2149648,0.031216062897965954,4.1000000000000005
8269.012977443668,0.22418456,0.025004031046607547,8.1
8270.012979013078,0.72351867,0.024436227704227573,4.5
8271.012980582487,0.26629537,0.024586001527227123,8.1
8272.012982151895,0.3763046,0.02476672061968426,5.4
8273.012983721304,0.31506988,0.024697433367676717,8.1
8274.012985290714,0.5186585,0.02352260145929518,8.5
8275.012986860123,0.7288011,0.025432754100850795,8.5
8276.012988429533,0.74153847,0.023087898045524233,2.5
8277.01298999894,0.7341274,0.02579524382346485,2.5
8278.01299156835,0.579786,0.021506817374117783,13.4
8279.01299313776,0.46436688,0.023723412763169523,4.800000000000001
8280.01299470717,0.5008005,0.023505877518113005,4.800000000000001
8281.012996276577,0.55721056,0.02416894905786589,9.9
8282.012997845986,0.6642386,0.023822332284399693,9.9
8283.012999415396,0.5626416,0.023664418109476736,9.9
8284.013000984805,0.43852335,0.023555131640387608,9.9
8285.013002554213,0.35907692,0.02076065065368436,9.9
8286.013004123623,0.4567579,0.02034075604629348,9.9
8287.013005693032,0.30659464,0.015281854657816243,9.9
8288.013007262442,0.46739846,0.014223137941731098,9.8
8289.01300883185,0.24586627,0.009540900114527441,10.0
8290.013010401259,0.23128796,0.012479953795125816,10.0
8291.013011970668,0.375856,0.00975519867531364,3.4000000000000004
8292.013013540078,0.4319419,0.009392861711044597,3.4000000000000004
8293.013015109487,0.47023273,0.00939984291964124,3.4000000000000004
8294.013016678895,0.4805193,0.00953170388194636,3.3000000000000003
8295.013018248304,0.4998733,0.009594284028921162,3.3000000000000003
8296.013019817714,0.5626054,0.009676167799726826,3.3000000000000003
8297.013021387123,0.6227701,0.009925698502454044,3.3000000000000003
8298.013022956531,0.5248033,0.00983745131317427,3.3000000000000003
8299.01302452594,0.48038352,0.009814808616416594,12.0
8300.01302609535,0.53417987,0.005929156419707589,8.200000000000001
8301.01302766476,0.4327036,0.013391425562365219,5.800000000000001
8302.013029234167,0.53005606,0.01993796211329385,6.6000000000000005
8303.013030803577,0.5644123,0.020420672300394467,3.5
8304.013032372986,0.4988507,0.021124209144893324,3.5
8305.013033942396,0.5622857,0.021383588490813888,6.2
8306.013035511804,0.553321,0.022975463566732236,6.300000000000001
8307.013037081213,0.6218956,0.024034465961445685,6.7
8308.013038650623,0.28596464,0.02501538397692864,7.1000000000000005
8309.013040220032,0.52216613,0.026598336137603113,4.1000000000000005
8310.013041789442,0.20429504,0.02655630485110265,4.1000000000000005
8311.01304335885,0.5186458,0.023600286083490733,5.2
8312.013044928259,0.2989973,0.01984253198863097,5.2
8313.013046497668,0.269597,0.01971111762683947,3.9000000000000004
8314.013048067078,0.32186958,0.019381148794028552,3.9000000000000004
8315.013049636485,0.21321945,0.01907343265040508,8.200000000000001
8316.013051205895,0.20596716,0.0170867915832995,4.3
8317.013052775304,0.24489169,0.015397754874069249,8.200000000000001
8318.013054344714,0.30470303,0.013710093816822755,8.200000000000001
8319.013055914122,0.3335826,0.010194910069067642,7.6000000000000005
8320.013057483531,0.44180885,0.010230764164956331,7.6000000000000005
8321.01305905294,0.43481243,0.01211532259150302,7.6000000000000005
8322.01306062235,0.539061,0.010312981459647827,7.6000000000000005
8323.013062191758,0.55248386,0.009543535395355254,8.9
8324.013063761167,0.56780005,0.011815761451723153,9.0
8325.013065330577,0.5525825,0.018207251566866145,4.1000000000000005
8326.013066899986,0.51844287,0.01888601337260154,13.100000000000001
8327.013068469396,0.6238735,0.019386808059383514,7.0
8328.013070038804,0.42802674,0.021260808980437633,7.0
8329.013071608213,0.39513958,0.026284939419993786,6.300000000000001
8330.013073177623,0.4195915,0.028850744810750166,8.4
8331.013074747032,0.28005514,0.02866436252997016,6.4
8332.01307631644,0.09411335,0.03100126579653215,6.4
8333.01307788585,0.13788638,0.031090110990244873,6.300000000000001
8334.013079455259,0.18793471,0.02998523367972812,6.6000000000000005
8335.013081024668,0.20919466,0.026638429946283397,8.200000000000001
8336.013082594076,0.3926968,0.026192401465886476,8.200000000000001
8337.013084163485,0.418166,0.02585617405560562,8.200000000000001
8338.013085732895,0.5205322,0.024658056153921797,8.200000000000001
8339.013087302304,0.43621042,0.01929044662678031,10.3
8340.013088871712,0.41487816,0.015038866292293045,3.6
8341.013090441122,0.28313676,0.015987766104823397,6.9
8342.013092010531,0.36191383,0.011511442764330325,5.5
8343.01309357994,0.31797627,0.011175705991400414,5.5
8344.01309514935,0.25586337,0.011129231007790617,5.5
8345.013096718758,0.29911578,0.011192501582680751,8.700000000000001
8346.013098288167,0.43483368,0.011720482661785341,8.700000000000001
8347.013099857577,0.29462546,0.01171564105327635,8.700000000000001
8348.013101426986,0.2843063,0.011212805141230582,5.5
8349.013102996394,0.37185124,0.01116095330569021,5.5
8350.013104565804,0.2801558,0.01184021264361109,5.1000000000000005
8351.013106135213,0.43187582,0.009385694620663682,14.9
8352.013107704623,0.20965725,0.007502134730874739,14.9
8353.01310927403,0.24963549,0.007659278174150143,14.9
8354.01311084344,0.49251348,0.008232965619889798,14.9
8355.01311241285,0.38165835,0.00969968177810806,11.700000000000001
8356.013113982259,0.41331887,0.010163169520766143,3.0
8357.013115551668,0.39999905,0.010198690747615462,3.0
8358.013117121076,0.3776115,0.009986109282270698,3.0
8359.013118690485,0.37798297,0.010121446489230183,3.0
8360.013120259895,0.43651843,0.009442362836913054,3.0
8361.013121829305,0.51055616,0.009037403827567089,3.0
8362.013123398712,0.53652924,0.00894108993862054,3.0
8363.013124968122,0.52333117,0.01523141824686793,2.1
8364.013126537531,0.37286186,0.01500650100260338,3.0
8365.01312810694,0.4878972,0.014448280764919176,4.1000000000000005
8366.013129676348,0.33893913,0.013833591207473888,4.1000000000000005
8367.013131245758,0.56185,0.014421735607245786,4.1000000000000005
8368.013132815167,0.5609409,0.01450262175383967,4.1000000000000005
8369.013134384577,0.45345584,0.014416333649375102,3.1
8370.013135953985,0.5453412,0.014359468559510952,3.1
8371.013137523394,0.5594645,0.014320454114485693,3.1
8372.013139092804,0.3932487,0.014412623678013589,3.1
8373.013140662213,0.5129702,0.007579397290387767,15.0
8374.013142231623,0.62746054,0.00763229485609463,15.0
8375.01314380103,0.46805492,0.007531134363990883,15.0
8376.01314537044,0.27761427,0.007708999435564534,15.0
8377.01314693985,0.28180408,0.006586686112852779,9.8
8378.013148509259,0.23515694,0.006473175336647652,15.0
8379.013150078667,0.40814862,0.008438041540696778,6.5
8380.013151648076,0.4167079,0.00884243086071695,10.600000000000001
8381.013153217486,0.482053,0.008860155270464933,10.600000000000001
8382.013154786895,0.46785584,0.008844829088208803,7.2
8383.013156356303,0.48116407,0.00874577403685305,7.2
8384.013157925712,0.42199835,0.008615302398159346,13.5
8385.013159495122,0.4662536,0.00812797154466196,7.1000000000000005
8386.013161064531,0.45794925,0.009541861156226584,7.1000000000000005
8387.013162633939,0.58179593,0.009761235812247785,11.5
8388.013164203348,0.455903,0.0098979649014812,11.5
8389.013165772758,0.4688509,0.008314333345552915,13.5
8390.013167342167,0.41018504,0.007753527439116566,9.3
8391.013168911577,0.31802353,0.011041872238362439,10.100000000000001
8392.013170480985,0.39125356,0.04581216448729029,1.6
8393.013172050394,0.50010395,0.04715573650143183,3.1
8394.013173619804,0.5438111,0.06946484144889668,1.4000000000000001
8395.013175189213,0.13848718,0.07247926390041828,1.4000000000000001
8396.01317675862,0.1543847,0.07234212873348075,1.4000000000000001
8397.01317832803,0.405537,0.07233889258834547,1.4000000000000001
8398.01317989744,0.17671148,0.07231750698407748,1.4000000000000001
8399.01318146685,0.14915282,0.07233773893604792,1.4000000000000001
8400.013183036257,0.3163509,0.07234344128330812,1.4000000000000001
8401.013184605667,0.33289084,0.0719111876312963,1.4000000000000001
8402.013186175076,0.5863061,0.056492293507939856,1.4000000000000001
8403.013187744486,0.34618556,0.055371954123989355,1.2000000000000002
8404.013189313893,0.42716226,0.021660377887101234,8.700000000000001
8405.013190883303,0.4407784,0.09638514645919327,6.6000000000000005
8406.013192452712,0.37775517,0.11794371483445591,4.5
8407.013194022122,0.5707868,0.12083584499388005,5.5
8408.013195591531,0.62816995,0.18669975178590775,4.7
8409.013197160939,0.440948,0.18952024771998627,4.800000000000001
8410.013198730348,0.69715345,0.18952027916919564,4.800000000000001
8411.013200299758,0.5852943,0.18952979630118924,4.800000000000001
8412.013201869167,0.44771013,0.18953082105265115,4.800000000000001
8413.013203438575,0.43552843,0.18951607414657395,4.800000000000001
8414.013205007985,0.46430734,0.18950810785932995,4.800000000000001
8415.013206577394,0.5099672,0.16322233953985396,4.800000000000001
8416.013208146804,0.5127291,0.18306826117887548,4.7
8417.013209716211,0.5549618,0.19168974909653552,3.4000000000000004
8418.01321128562,0.49967423,0.1284848934757732,3.5
8419.01321285503,0.17945728,0.12427138326612769,3.5
8420.01321442444,0.1353286,0.12427732768619712,3.5
8421.013215993848,0.14821908,0.1242683055438073,3.5
8422.013217563257,0.21087216,0.12429275581501685,3.5
8423.013219132667,0.34933048,0.1243105541700734,3.5
8424.013220702076,0.23940164,0.12431531384599047,3.5
8425.013222271486,0.14040431,0.1243745212678708,3.5
8426.013223840893,0.36390585,0.06335474427916399,1.8
8427.013225410303,0.43336514,0.009355115194111694,7.800000000000001
8428.013226979712,0.43797228,0.008249714771780029,13.600000000000001
8429.013228549122,0.36937118,0.00811300448881839,13.600000000000001
8430.01323011853,0.28455627,0.007934709002025248,13.600000000000001
8431.013231687939,0.21112962,0.007730918479991832,8.1
8432.013233257348,0.19483246,0.007291805277885355,8.1
8433.013234826758,0.18988171,0.006981023048275471,4.1000000000000005
8434.013236396166,0.31545216,0.007867398686667233,4.4
8435.013237965575,0.34822786,0.02301125796191065,3.2
8436.013239534985,0.2148097,0.024632058114783608,3.3000000000000003
8437.013241104394,0.34916,0.024713020326054203,3.4000000000000004
8438.013242673802,0.3697642,0.024732868489596983,3.2
8439.013244243211,0.3859193,0.02471965848565119,3.2
8440.01324581262,0.30618784,0.024898137981060355,3.5
8441.01324738203,0.41391727,0.024964722204083103,3.3000000000000003
8442.01324895144,0.43022713,0.024950311094340642,3.3000000000000003
8443.013250520848,0.34358948,0.024983453992143436,3.1
8444.013252090257,0.42487532,0.024689923037861244,3.5
8445.013253659667,0.40444338,0.01100337671966511,2.5
8446.013255229076,0.43447167,0.005851375215864576,2.5
8447.013256798484,0.43240705,0.005432417858743568,5.9
8448.013258367893,0.6026141,0.005668037819486855,11.8
8449.013259937303,0.55498165,0.005688311439764235,14.100000000000001
8450.013261506712,0.4638749,0.004917195714760131,13.0
8451.01326307612,0.4325578,0.005002418196601067,14.600000000000001
8452.01326464553,0.40964428,0.0049740752689029395,14.600000000000001
8453.013266214939,0.52824074,0.004950549204622072,14.8
8454.013267784348,0.35388318,0.004823814564082309,14.4
8455.013269353756,0.30743116,0.00480502392142318,11.100000000000001
8456.013270923166,0.33343664,0.004318492519673555,11.100000000000001
8457.013272492575,0.29637426,0.004209613601420724,11.100000000000001
8458.013274061985,0.2727652,0.004064297400672161,14.9
8459.013275631394,0.26616615,0.004211546580955919,14.9
8460.013277200802,0.25978336,0.004493802703685709,14.9
8461.013278770211,0.25657326,0.004241454501967754,12.5
8462.01328033962,0.20142071,0.0057056068148329175,12.5
8463.01328190903,0.23540972,0.005777099531334975,14.700000000000001
8464.013283478438,0.51917446,0.007140567616899559,13.600000000000001
8465.013285047848,0.6944953,0.009059384079101104,2.8000000000000003
8466.013286617257,0.62473065,0.010702223316078664,3.3000000000000003
8467.013288186667,0.5803583,0.011983660847234937,2.7
8468.013289756074,0.53770816,0.013625955141245535,3.2
8469.013291325484,0.55920845,0.013631795268577253,3.2
8470.013292894893,0.5650989,0.01360873280589251,3.2
8471.013294464303,0.63393134,0.013609203173396632,3.2
8472.01329603371,0.66291106,0.013137810247941657,2.6
8473.01329760312,0.6259573,0.013112836970326138,2.6
8474.01329917253,0.58097905,0.012442320935327933,2.6
8475.013300741939,0.5829915,0.010980704802183903,2.7
8476.013302311349,0.5347482,0.009492908041397309,2.7
8477.013303880756,0.34211984,0.007822924647639281,1.4000000000000001
8478.013305450166,0.5719984,0.00433806697349701,13.9
8479.013307019575,0.3597153,0.004352518407268731,13.9
8480.013308588985,0.33373782,0.004748561107283482,14.8
8481.013310158392,0.28848398,0.004996875068207533,12.600000000000001
8482.013311727802,0.30337268,0.005002924867391036,14.9
8483.013313297211,0.21474078,0.004890312240867214,14.9
8484.013314866621,0.22371255,0.004851247206684461,14.9
8485.013316436029,0.18250918,0.004836087312262099,14.9
