timestamp,probability,energy,frequency
19.96668234535322,0.09500531,0.032939009978949337,4.3
20.966683918465584,0.062294792,0.03138425985981791,2.8000000000000003
21.966685491577948,0.09555987,0.0314929593928635,3.6
22.966687064690312,0.078599654,0.032078448265060504,6.800000000000001
23.966688637802676,0.16565737,0.03833926006022469,3.0
24.96669021091504,0.05819178,0.037163726413439784,3.0
25.966691784027404,0.21429713,0.038532991726587716,7.0
26.966693357139768,0.09985218,0.04336927721878483,7.0
27.96669493025213,0.078551784,0.046927398754003764,7.0
28.966696503364496,0.07094522,0.04492781213507408,4.1000000000000005
29.966698076476856,0.031606343,0.041402962497744944,7.0
30.96669964958922,0.034254853,0.04121062470173565,7.0
31.966701222701584,0.07753462,0.04119841791205732,5.1000000000000005
32.966702795813944,0.0893913,0.040287446195715476,5.1000000000000005
33.966704368926315,0.15396716,0.033976305581022666,5.1000000000000005
34.96670594203867,0.2436512,0.033880358524891886,7.0
35.96670751515104,0.23027804,0.031050079784002253,6.6000000000000005
36.9667090882634,0.36947986,0.023905339480582443,6.4
37.966710661375764,0.5935617,0.015128142510757179,8.4
38.96671223448813,0.6404373,0.014539022829784051,11.4
39.96671380760049,0.56175184,0.00974105386234298,1.8
40.966715380712856,0.5725007,0.009932330537123947,1.8
41.96671695382522,0.5981479,0.009787554136947764,7.2
42.96671852693758,0.6148304,0.009723357795463867,7.2
43.96672010004995,0.7274187,0.008563074342374133,3.6
44.96672167316231,0.7616195,0.009117407812979825,7.2
45.966723246274675,0.8396868,0.008841671646994119,8.0
46.96672481938704,0.79249614,0.008512699757740973,8.0
47.9667263924994,0.8384602,0.011897297235746987,2.9000000000000004
48.96672796561177,0.8751907,0.01330443990490301,9.200000000000001
49.966729538724124,0.8615708,0.015519974838727212,8.9
50.96673111183649,0.80218613,0.016526713129868423,8.3
51.96673268494885,0.8079982,0.016717638992542725,8.8
52.966734258061216,0.7394125,0.01678188138192936,8.8
53.96673583117358,0.5456055,0.01818246734412482,8.8
54.966737404285944,0.58888274,0.019257316503804935,8.700000000000001
55.96673897739831,0.35114917,0.02405889688295154,8.700000000000001
56.96674055051067,0.2533083,0.027300274025342457,8.700000000000001
57.966742123623035,0.37003097,0.027143278557939386,8.700000000000001
58.9667436967354,0.4081713,0.02806493229987011,8.700000000000001
59.96674526984776,0.19606175,0.04335885636544118,8.200000000000001
60.96674684296013,0.30573064,0.04675912521699802,6.300000000000001
61.96674841607249,0.30672777,0.05287872902800902,9.3
62.966749989184855,0.44273794,0.05642554319653858,1.7000000000000002
63.96675156229722,0.4888331,0.059486135682459286,4.0
64.96675313540959,0.19298331,0.07058591853168336,0.8
65.96675470852193,0.30754262,0.07867382973067637,0.9
66.9667562816343,0.28123355,0.0788698082741492,0.9
67.96675785474667,0.25332975,0.08043490530107916,0.9
68.96675942785903,0.38554403,0.07998819885374296,0.9
69.96676100097139,0.5312173,0.07241252189432788,0.9
70.96676257408376,0.73996395,0.07039143476814988,0.9
71.96676414719613,0.7624378,0.0666476464257806,0.9
72.96676572030849,0.88467664,0.06431297846093523,0.9
73.96676729342084,0.8493881,0.060987399624996164,0.9
74.96676886653322,0.7101276,0.04951756146593162,1.8
75.96677043964557,0.24289973,0.03180167449602132,6.6000000000000005
76.96677201275794,0.37497663,0.028775319512783195,6.6000000000000005
77.9667735858703,0.30972555,0.02345917246614383,5.7
78.96677515898267,0.44316322,0.02314965691691993,6.7
79.96677673209503,0.7371437,0.03701857043540762,2.1
80.9667783052074,0.40097952,0.03980339590921072,2.5
81.96677987831976,0.54347664,0.03953222872947366,2.5
82.96678145143213,0.8976538,0.03879885453598801,2.5
83.96678302454448,0.79068005,0.039502950613235985,2.5
84.96678459765685,0.88042706,0.03723784530907122,2.0
85.96678617076921,0.7655089,0.0372965705080438,2.0
86.96678774388158,0.780963,0.03740292011001352,5.9
87.96678931699394,0.78598976,0.03754907651851807,2.2
88.96679089010631,0.77793455,0.039114560128763826,8.6
89.96679246321867,0.7442799,0.027195317182056998,8.6
90.96679403633102,0.63849396,0.022848977023084246,8.6
91.9667956094434,0.5670261,0.02182088203032514,9.200000000000001
92.96679718255575,0.42866582,0.02198889469811304,8.6
93.96679875566812,0.5395314,0.021079395158889406,8.6
94.96680032878048,0.31168193,0.022136908148259547,8.6
95.96680190189285,0.2894784,0.022005964147358302,8.6
96.96680347500521,0.10953235,0.02345260555921539,8.6
97.96680504811758,0.20747656,0.023313793723400478,9.1
98.96680662122994,0.18301807,0.021088635311364495,9.700000000000001
99.9668081943423,0.16217273,0.02142886527661903,9.200000000000001
100.96680976745466,0.072817266,0.021562680743410584,9.200000000000001
101.96681134056703,0.22516486,0.021068423622951693,9.200000000000001
102.96681291367939,0.37277308,0.06884793074148628,0.30000000000000004
103.96681448679176,0.8238737,0.1131819374929002,1.2000000000000002
104.96681605990412,0.9461039,0.14143176153852194,1.5
105.96681763301648,0.9752008,0.14222568117143322,1.5
106.96681920612885,0.99112064,0.14243735062091933,1.5
107.9668207792412,0.9637614,0.14257364452788007,1.5
108.96682235235357,0.9735919,0.14252198925166779,0.9
109.96682392546593,0.95013446,0.1444141125689994,0.9
110.9668254985783,0.9814244,0.14429113656325218,0.9
111.96682707169066,0.9617913,0.14437608151380865,0.9
112.96682864480303,0.91778135,0.12832781498085646,0.8
113.96683021791539,0.9316684,0.09246907568417236,1.2000000000000002
114.96683179102776,0.536756,0.03553126730946118,4.0
115.96683336414011,0.590388,0.033080896016913164,4.0
116.96683493725249,0.25441316,0.03599274072474088,3.7
117.96683651036484,0.20024201,0.035308591665692,4.4
118.96683808347721,0.20597875,0.03818587612337007,3.4000000000000004
119.96683965658957,0.21550052,0.032661024726872934,6.9
120.96684122970194,0.52322316,0.03266019918929169,6.9
121.9668428028143,0.27052075,0.036213660518736604,6.9
122.96684437592666,0.20407486,0.03606145075039827,6.9
123.96684594903903,0.10429299,0.03881134042602972,6.9
124.96684752215138,0.10259249,0.03981021536306625,6.9
125.96684909526375,0.117908105,0.039192770303804976,6.9
126.96685066837611,0.28324318,0.047432880192976035,3.5
127.96685224148848,0.5252291,0.05696538965893931,4.1000000000000005
128.96685381460082,0.6132505,0.05624780644049666,4.1000000000000005
129.96685538771322,0.41431782,0.057814936043125466,2.9000000000000004
130.96685696082557,0.44105762,0.060263133323620904,4.1000000000000005
131.96685853393794,0.39943275,0.0581383877003427,4.1000000000000005
132.9668601070503,0.5061552,0.05753154207138712,2.9000000000000004
133.96686168016265,0.4812539,0.05547423152086166,2.9000000000000004
134.96686325327502,0.6950642,0.05619485724282835,2.9000000000000004
135.9668648263874,0.3940753,0.05721584606492481,4.1000000000000005
136.96686639949974,0.2488472,0.05075381851259593,4.1000000000000005
137.9668679726121,0.4744246,0.03928174470359262,4.1000000000000005
138.96686954572448,0.2195901,0.03803184072422472,4.1000000000000005
139.96687111883685,0.1182574,0.032507910925684246,4.1000000000000005
140.9668726919492,0.29717103,0.027719104072287712,5.9
141.96687426506156,0.26562086,0.02753171809135033,5.9
142.96687583817393,0.21602744,0.02851898079671504,5.4
143.9668774112863,0.18565944,0.030306773539054307,5.9
144.96687898439865,0.1789436,0.028976558827975184,7.1000000000000005
145.96688055751102,0.28960878,0.02719343864411748,5.9
146.9668821306234,0.20788337,0.02395774973757871,9.8
147.96688370373576,0.34031096,0.028904702578882495,8.700000000000001
148.9668852768481,0.3863692,0.028944584921352358,11.0
149.96688684996047,0.28167355,0.030134482718635617,11.0
150.96688842307285,0.4775978,0.030183360074704173,11.0
151.96688999618522,0.3002849,0.0323384637290149,9.8
152.96689156929756,0.32120028,0.03465307137686934,9.8
153.96689314240993,0.2847186,0.03586347816971245,9.8
154.9668947155223,0.32698384,0.03508719092725289,9.200000000000001
155.96689628863464,0.20839752,0.03481125517646924,9.200000000000001
156.96689786174701,0.19585843,0.03216469625614439,9.200000000000001
157.96689943485939,0.079871,0.029989018376270937,9.8
158.96690100797176,0.228135,0.030559003248416393,9.200000000000001
159.9669025810841,0.18206178,0.029725666192966075,9.200000000000001
160.96690415419647,0.34813675,0.030143175047134364,9.200000000000001
161.96690572730884,0.2722733,0.028179162251849903,7.300000000000001
162.9669073004212,0.13087521,0.026249307650998272,4.2
163.96690887353355,0.13943404,0.02609701724477815,9.200000000000001
164.96691044664593,0.1108203,0.02717364182706033,4.800000000000001
165.9669120197583,0.17928398,0.02751030898848801,4.800000000000001
166.96691359287067,0.1670235,0.02793400484409753,4.800000000000001
167.966915165983,0.24154964,0.026878447830735678,4.800000000000001
168.96691673909538,0.16179216,0.026326035689612604,4.800000000000001
169.96691831220775,0.25789073,0.026129640917806944,4.800000000000001
170.9669198853201,0.40885225,0.025715685957071386,4.800000000000001
171.96692145843247,0.5947078,0.025089854797632566,8.6
172.96692303154484,0.59013575,0.022781494675394982,8.6
173.9669246046572,0.5086646,0.019327062030763,8.6
174.96692617776955,0.4754595,0.018013561550818374,8.6
175.96692775088192,0.42347357,0.019469455631947706,10.4
176.9669293239943,0.49547464,0.021184010241958966,7.6000000000000005
177.96693089710666,0.47306693,0.02020123478876656,8.8
178.966932470219,0.5072102,0.01904829008877918,7.6000000000000005
179.96693404333138,0.48314726,0.019310199349505574,7.6000000000000005
180.96693561644375,0.44968706,0.01931590051331272,7.6000000000000005
181.96693718955612,0.3553836,0.01964518472814467,7.6000000000000005
182.96693876266846,0.47717395,0.02162614841034464,11.100000000000001
183.96694033578083,0.5587389,0.02203094651439632,11.100000000000001
184.9669419088932,0.15412532,0.021577870433214748,11.100000000000001
185.96694348200555,0.14339146,0.020638403453315836,11.100000000000001
186.96694505511792,0.15188451,0.0186154358159979,10.600000000000001
187.9669466282303,0.09371716,0.017793136228097646,10.600000000000001
188.96694820134266,0.24359278,0.01758507910779454,10.600000000000001
189.966949774455,0.17954662,0.01764845702080728,2.9000000000000004
190.96695134756737,0.2583996,0.0182521560858239,2.9000000000000004
191.96695292067974,0.27806363,0.018283812248081996,2.9000000000000004
192.96695449379212,0.3585444,0.01604695927533847,2.9000000000000004
193.96695606690446,0.23116408,0.014805334370007583,5.800000000000001
194.96695764001683,0.44348472,0.013665803684249191,10.100000000000001
195.9669592131292,0.53937984,0.01162508854518217,6.5
196.96696078624157,0.6323838,0.010295454311641026,6.4
197.96696235935391,0.72828203,0.010092579289307539,6.4
198.96696393246629,0.6672955,0.010069216879563438,6.4
199.96696550557866,0.7563647,0.00869905735827387,12.5
200.96696707869103,0.7257553,0.008534594290142476,11.9
201.96696865180337,0.774748,0.008692493013978684,11.9
202.96697022491574,0.79073864,0.008301061974758136,11.9
203.9669717980281,0.76103914,0.007607997808164991,14.100000000000001
204.96697337114045,0.746602,0.008033177963778204,6.2
205.96697494425283,0.6286555,0.00847244628684691,6.2
206.9669765173652,0.62689024,0.012098931848155667,9.1
207.96697809047757,0.34920135,0.012866755733684752,9.3
208.9669796635899,0.29159096,0.014407524115273934,11.8
209.96698123670228,0.20974989,0.01470521007532925,11.8
210.96698280981465,0.28783485,0.014277408392147752,14.700000000000001
211.96698438292702,0.2521447,0.014421683625703233,9.1
212.96698595603937,0.31247005,0.015373574843679284,9.200000000000001
213.96698752915174,0.3249889,0.01654378797287329,9.8
214.9669891022641,0.634531,0.016741375594550346,9.8
215.96699067537648,0.3758381,0.017557402402576104,9.8
216.96699224848882,0.48958075,0.015325917400564833,9.8
217.9669938216012,0.3833894,0.014762969620530638,9.8
218.96699539471356,0.59355974,0.014890727346231824,9.8
219.9669969678259,0.46765342,0.015379173200150326,9.8
220.96699854093828,0.50138485,0.01528000225261565,14.600000000000001
221.96700011405065,0.40368623,0.015195480780702724,11.9
222.96700168716302,0.61732525,0.014230063000276594,8.6
223.96700326027536,0.4902354,0.013252190612789731,10.100000000000001
224.96700483338773,0.47671863,0.012749245369180045,4.1000000000000005
225.9670064065001,0.5183206,0.011495401255170528,4.1000000000000005
226.96700797961248,0.49352723,0.011487142187111178,4.1000000000000005
227.96700955272482,0.46261996,0.011387362456237097,4.1000000000000005
228.9670111258372,0.4238588,0.009159378183626646,3.1
229.96701269894956,0.4089186,0.007811831695987374,4.5
230.96701427206193,0.38954297,0.006709041754781909,4.5
231.96701584517427,0.5499223,0.005067230834339234,6.9
232.96701741828664,0.4324411,0.005034034040921452,6.9
233.96701899139902,0.92122555,0.03291654708622903,2.0
234.96702056451136,0.9009894,0.034125976501599334,2.0
235.96702213762373,0.8852458,0.03413336277063279,2.0
236.9670237107361,0.846264,0.0342183914803322,1.8
237.96702528384847,0.7958755,0.03447000989339621,2.0
238.9670268569608,0.67221737,0.04728565053584787,1.6
239.96702843007319,0.5715782,0.04788933990485306,1.8
240.96703000318556,0.46480802,0.04794804197272967,1.8
241.96703157629793,0.5990451,0.04804419918584645,1.8
242.96703314941027,0.35875207,0.04858954939705733,1.8
243.96703472252264,0.64926,0.0358228110634192,1.8
244.967036295635,0.57345116,0.03504941368954191,1.8
245.96703786874738,0.31688827,0.035753579920671165,1.8
246.96703944185973,0.68907434,0.04635714298636902,1.5
247.9670410149721,0.79507643,0.046277988072311316,1.5
248.96704258808447,0.0994929,0.03316873196540029,3.0
249.9670441611968,0.09731995,0.03263570523877461,3.0
250.96704573430918,0.08911862,0.043164753652455964,3.7
251.96704730742155,0.21812098,0.04540673755015517,3.7
252.96704888053392,0.4042202,0.04525267633611399,3.7
253.96705045364627,0.3702297,0.045358603070170145,3.7
254.96705202675864,0.61582804,0.04539650292511084,3.7
255.967053599871,0.6885281,0.04482913191812295,3.7
256.96705517298335,0.3078438,0.034158088733279975,6.5
257.96705674609575,0.35612807,0.034564608162572875,6.7
258.9670583192081,0.4956401,0.03478884503241966,6.5
259.96705989232044,0.51038307,0.03474094923295911,3.7
260.96706146543283,0.46166006,0.02061102087015356,8.8
261.9670630385452,0.4608114,0.01526607640289589,8.8
262.9670646116575,0.52075255,0.014145545924439853,7.6000000000000005
263.9670661847699,0.41876125,0.013623873144521027,9.4
264.9670677578823,0.7242748,0.015483409361006112,10.8
265.9670693309946,0.52794015,0.01698933068061743,10.8
266.967070904107,0.2875789,0.016032369417419458,13.4
267.96707247721935,0.39078566,0.015285329716649606,13.4
268.96707405033175,0.42570308,0.014772050530899129,13.4
269.9670756234441,0.31703788,0.01451637159993225,13.4
270.96707719655643,0.34275237,0.014013659259976224,13.100000000000001
271.96707876966883,0.375051,0.01419782537685238,4.6000000000000005
272.9670803427812,0.35419545,0.01434678494733625,4.6000000000000005
273.9670819158936,0.25076798,0.01578048147129024,4.4
274.9670834890059,0.26001585,0.01369615857887414,4.4
275.96708506211826,0.50261384,0.012015300866487244,5.0
276.96708663523066,0.24828856,0.012363853967243531,5.0
277.967088208343,0.17622058,0.012809938385746062,4.3
278.96708978145534,0.1739721,0.012709632781464498,4.3
279.96709135456774,0.1492418,0.01266847391326774,4.3
280.9670929276801,0.10391026,0.01237141279334518,4.3
281.9670945007924,0.26106855,0.014526267919067458,9.4
282.9670960739048,0.1736999,0.01488138058779116,9.4
283.96709764701717,0.17426227,0.015190747992633013,5.300000000000001
284.96709922012957,0.10406783,0.01713743382717472,5.800000000000001
285.9671007932419,0.107056715,0.01764082984936844,5.800000000000001
286.96710236635425,0.2541685,0.0188821250469882,10.100000000000001
287.96710393946665,0.27886128,0.018388422364846186,10.100000000000001
288.967105512579,0.49650258,0.018225474907453697,10.100000000000001
289.96710708569134,0.6445374,0.01801353515240078,10.100000000000001
290.96710865880374,0.54586107,0.018187734202717316,10.100000000000001
291.9671102319161,0.51158875,0.015839917586732435,10.100000000000001
292.9671118050285,0.634295,0.015169490922973363,10.100000000000001
293.9671133781408,0.6088595,0.013318415453562401,10.100000000000001
294.96711495125317,0.6651898,0.00995079329053133,10.100000000000001
295.96711652436557,0.5873355,0.008551085727456711,10.3
296.9671180974779,0.63391954,0.004291196188064943,7.300000000000001
297.96711967059025,0.57228625,0.0055656348738293854,6.5
298.96712124370265,0.5437129,0.00638894009313144,8.6
299.967122816815,0.5905039,0.006503148600630119,8.6
300.96712438992733,0.6133095,0.005912371523605254,14.4
301.96712596303973,0.63101983,0.00599225919002731,14.3
302.9671275361521,0.6395606,0.005976933890277251,14.3
303.9671291092645,0.6646706,0.005952728261506519,14.3
304.9671306823768,0.6833576,0.0059683486767763165,14.3
305.96713225548916,0.54768026,0.0064779487092791995,14.3
306.96713382860156,0.42959183,0.008354638677450043,6.6000000000000005
307.9671354017139,0.43348676,0.01148163038498084,9.200000000000001
308.96713697482625,0.4415795,0.011702268899670788,9.200000000000001
309.96713854793865,0.6466216,0.012148188591686988,9.3
310.967140121051,0.43318877,0.013556468432100684,9.3
311.9671416941634,0.4396729,0.015881231118920116,9.3
312.96714326727573,0.4991241,0.015918013191967444,9.3
313.9671448403881,0.2841013,0.017042142190989634,9.3
314.9671464135005,0.25547108,0.017068896143824803,9.3
315.9671479866128,0.28472856,0.01793735046687401,9.0
316.96714955972516,0.38811433,0.01812091435880536,4.2
317.96715113283756,0.27804324,0.01652845385624405,4.3
318.9671527059499,0.3009322,0.016391514129009407,4.3
319.96715427906224,0.20607877,0.01671317034578758,4.3
320.96715585217464,0.38763982,0.015685611644548375,4.3
321.967157425287,0.41915193,0.015049886149822278,5.5
322.9671589983994,0.47334558,0.015213552745411437,5.5
323.9671605715117,0.5063514,0.014049255996212201,5.5
324.96716214462407,0.30010763,0.016910616407238784,5.7
325.96716371773647,0.3499299,0.01629809353210111,5.7
326.9671652908488,0.5323422,0.016081303322263804,5.7
327.96716686396115,0.27217633,0.015980451174953652,6.7
328.96716843707355,0.26748592,0.016606295445747578,6.0
329.9671700101859,0.20093898,0.016219060943114108,5.7
330.96717158329824,0.2752237,0.016460752894143966,5.7
331.96717315641064,0.38260555,0.015210024889039313,5.7
332.967174729523,0.21306264,0.015250549956227993,5.7
333.9671763026354,0.21890485,0.015257114343665215,9.0
334.9671778757477,0.2458844,0.012082855384865577,3.0
335.96717944886007,0.6051602,0.012441836970547928,3.0
336.96718102197246,0.5229575,0.020832355062805546,12.600000000000001
337.9671825950848,0.7251192,0.024060852909928473,4.7
338.96718416819715,0.7883661,0.024487790656592918,12.3
339.96718574130955,0.8578047,0.027826165436755496,12.3
340.9671873144219,0.96974975,0.04827025452658864,2.6
341.9671888875343,0.9544233,0.04878639208335378,2.6
342.96719046064663,0.94335884,0.049170418405469145,2.6
343.967192033759,0.93236405,0.049164308278455526,2.6
344.9671936068714,0.87185,0.04973628863597165,2.6
345.9671951799837,0.8937839,0.04951397093968233,2.6
346.96719675309606,0.7650707,0.05030526562092644,2.6
347.96719832620846,0.9686937,0.0985996706908125,0.1
348.9671998993208,0.87934756,0.13366050786892864,1.3
349.96720147243315,0.7887498,0.1369991728897141,0.6000000000000001
350.96720304554555,0.7914649,0.1311718164566853,0.6000000000000001
351.9672046186579,0.85971737,0.13095891821495695,0.6000000000000001
352.9672061917703,0.5907734,0.13082099408119321,0.6000000000000001
353.96720776488263,0.5003723,0.1308340433943762,0.6000000000000001
354.967209337995,0.6407306,0.13066269719329696,0.6000000000000001
355.9672109111074,0.8062453,0.13067495619416022,0.6000000000000001
356.9672124842197,0.61550343,0.12964037864992356,0.6000000000000001
357.96721405733206,0.9254398,0.09833142500987573,0.6000000000000001
358.96721563044446,0.80463856,0.037327123584250596,0.1
359.9672172035568,0.6127242,0.007800258441894944,10.8
360.9672187766692,0.6110447,0.008180630485326981,10.8
361.96722034978154,0.598203,0.008187349519479754,10.8
362.9672219228939,0.552844,0.008205029619761994,10.8
363.9672234960063,0.44597086,0.008405960593136417,10.8
364.9672250691186,0.39237633,0.00857395276791982,10.8
365.96722664223097,0.32150596,0.008792919329853367,14.3
366.96722821534337,0.31729662,0.009652418393325453,8.4
367.9672297884557,0.34352043,0.008281527556290455,8.4
368.96723136156805,0.41323075,0.008210907491265289,8.4
369.96723293468045,0.5184358,0.007643937623329908,8.8
370.9672345077928,0.7722677,0.007247653404611725,8.4
371.9672360809052,0.5942696,0.008073066280950569,8.4
372.96723765401754,0.63827324,0.009558792757807199,8.4
373.9672392271299,0.81328297,0.01694106089605524,8.4
374.9672408002423,0.792707,0.020312109935822335,8.0
375.9672423733546,0.7377822,0.020651595424224498,8.0
376.96724394646697,0.48912054,0.021199413164740964,8.0
377.96724551957936,0.17535616,0.022726856287148645,7.9
378.9672470926917,0.3413423,0.022774725533864837,7.9
379.96724866580405,0.17218715,0.02602271340620148,7.9
380.96725023891645,0.28124407,0.026218039787905795,7.9
381.9672518120288,0.3698574,0.026466385679873895,7.9
382.9672533851412,0.22215053,0.027858176844356382,7.7
383.96725495825353,0.20358941,0.024493852232288015,7.7
384.9672565313659,0.19483438,0.022380818824667543,7.4
385.9672581044783,0.3319115,0.025703626708742586,7.4
386.9672596775906,0.4381971,0.027693093809610714,7.9
387.96726125070296,0.52787817,0.026873228058347482,7.800000000000001
388.96726282381536,0.5784898,0.02796430666403018,7.9
389.9672643969277,0.66898245,0.025681677023672408,8.0
390.9672659700401,0.75169283,0.02655849139972138,8.0
391.96726754315245,0.8676931,0.026381401429699275,8.0
392.9672691162648,0.8664274,0.026719657337268523,7.9
393.9672706893772,0.79276305,0.026346118822852062,8.1
394.96727226248953,0.5736611,0.02579720677789321,7.9
395.9672738356019,0.66560477,0.022099427325171405,8.4
396.9672754087143,0.5856668,0.018457704398008586,9.600000000000001
397.9672769818266,0.6318209,0.01762012220652713,9.600000000000001
398.96727855493896,0.72768164,0.01631988698979732,7.9
399.96728012805136,0.72417766,0.018562124997827896,7.9
400.9672817011637,0.5247378,0.02335214304128747,7.300000000000001
401.9672832742761,0.5381946,0.025506447134188995,8.5
402.96728484738844,0.5160618,0.023034686787116992,8.4
403.9672864205008,0.4853952,0.023532368779489676,8.4
404.9672879936132,0.28588378,0.023515080944384543,8.4
405.9672895667255,0.2487586,0.023508336149095192,8.4
406.96729113983787,0.22227237,0.02351036480067326,8.4
407.96729271295027,0.25566462,0.023486401129820256,8.4
408.9672942860626,0.3513031,0.0230812365334715,8.4
409.96729585917495,0.5382326,0.020252399415455476,8.4
410.96729743228735,0.65397406,0.013748036823998926,8.4
411.9672990053997,0.56258327,0.012372349545124287,6.9
412.9673005785121,0.6424946,0.0184851905609204,6.6000000000000005
413.96730215162444,0.7064103,0.0196444585730655,9.200000000000001
414.9673037247368,0.5043413,0.01998990541812537,9.200000000000001
415.9673052978492,0.25015733,0.020307777228623296,6.7
416.9673068709615,0.3491789,0.020559930090724383,6.7
417.96730844407386,0.31804156,0.0205731609707996,6.7
418.96731001718626,0.34242082,0.02070680760665265,6.7
419.9673115902986,0.2601458,0.021884252626532874,12.4
420.967313163411,0.27720279,0.022177782497683433,12.4
421.96731473652335,0.595065,0.021710385484771926,5.800000000000001
422.9673163096357,0.38974932,0.02041847388955374,8.6
423.9673178827481,0.465861,0.019689441902672206,8.6
424.96731945586043,0.39845794,0.019889064776025967,9.700000000000001
425.9673210289728,0.43066633,0.019764095687419346,9.700000000000001
426.9673226020852,0.34004036,0.02105369120872893,8.700000000000001
427.9673241751975,0.5331754,0.0211142454033892,9.700000000000001
428.96732574830986,0.37512785,0.021043394580935248,9.700000000000001
429.96732732142226,0.23493269,0.024189105977086383,10.5
430.9673288945346,0.4287716,0.03322233796121379,2.3000000000000003
431.967330467647,0.55337924,0.032271213832340946,2.3000000000000003
432.96733204075935,0.21144262,0.030134194524146573,2.3000000000000003
433.9673336138717,0.26329464,0.02966276340319702,2.3000000000000003
434.9673351869841,0.19484074,0.029288372586883788,2.3000000000000003
435.96733676009643,0.26577207,0.029137421415521097,2.4000000000000004
436.9673383332088,0.36825925,0.02802525717788268,2.4000000000000004
437.9673399063212,0.6135301,0.027973828379549502,2.5
438.9673414794335,0.4902575,0.027918176878297007,2.4000000000000004
439.9673430525459,0.56951576,0.02404051622816193,1.5
440.96734462565826,0.27318504,0.004078629555265372,10.100000000000001
441.9673461987706,0.38779786,0.003868221271668025,3.0
442.967347771883,0.86439145,0.03717394882007639,1.1
443.96734934499534,0.8968504,0.08123524914297096,1.4000000000000001
444.9673509181077,0.8857036,0.08168839869517984,1.4000000000000001
445.9673524912201,0.9248994,0.08248996226643067,1.4000000000000001
446.9673540643324,0.88659835,0.08267145152351965,1.4000000000000001
447.96735563744477,0.84032804,0.0827341406657401,1.4000000000000001
448.96735721055717,0.76699173,0.0827929149637076,1.5
449.9673587836695,0.8427557,0.08331284455364359,1.4000000000000001
450.9673603567819,0.8603895,0.08337818599452279,1.4000000000000001
451.96736192989425,0.9316846,0.08401336487995238,1.4000000000000001
452.9673635030066,0.8869273,0.07558857838054575,1.6
453.967365076119,0.41945207,0.022216754698140138,7.300000000000001
454.96736664923134,0.29127616,0.021721311819765648,7.300000000000001
455.9673682223437,0.50387436,0.018592078334857334,9.0
456.9673697954561,0.31215373,0.018854017503793098,8.9
457.9673713685684,0.27602923,0.01858150757199883,8.9
458.96737294168076,0.27557263,0.019312797749925947,8.3
459.96737451479316,0.11372536,0.01791283073017798,9.0
460.9673760879055,0.1898806,0.01901891016167381,6.9
461.9673776610179,0.11705535,0.016680238728995885,6.4
462.96737923413025,0.069709405,0.017912626629614587,6.4
463.9673808072426,0.08047532,0.019817528875819414,6.4
464.967382380355,0.05356747,0.02036857089357534,5.7
465.96738395346733,0.06769731,0.02400722936360179,5.7
466.9673855265797,0.13785286,0.024738764630304368,5.7
467.9673870996921,0.43813658,0.02756271968573559,5.7
468.9673886728044,0.37529257,0.02736292195325263,5.7
469.9673902459168,0.54660463,0.026695587204464563,5.7
470.96739181902916,0.62132984,0.025634233126422882,5.7
471.9673933921415,0.49473676,0.02512884348332006,5.7
472.9673949652539,0.4671434,0.024545673068829096,5.7
473.96739653836624,0.37478632,0.024090271220492242,7.1000000000000005
474.9673981114786,0.61261195,0.022556820202551793,7.1000000000000005
475.967399684591,0.7508857,0.018798129733099318,8.200000000000001
476.96740125770333,0.5605278,0.0182692198787191,8.200000000000001
477.9674028308157,0.6177157,0.016442522231015253,8.3
478.9674044039281,0.5636914,0.01708329352804127,8.3
479.9674059770404,0.59122646,0.017147013430740578,8.3
480.9674075501528,0.46374443,0.01717883315506195,8.3
481.96740912326516,0.30533826,0.01719117729745624,8.3
482.9674106963775,0.5389901,0.016766986959182342,8.3
483.9674122694899,0.61668026,0.015591074930448406,8.3
484.96741384260224,0.4742823,0.015600379776250572,8.3
485.9674154157146,0.5825595,0.017464714408851646,7.1000000000000005
486.967416988827,0.44478077,0.02545992942380347,9.700000000000001
487.9674185619393,0.45044544,0.025432030356186176,10.100000000000001
488.9674201350517,0.41651374,0.026099104645974692,10.100000000000001
489.96742170816407,0.49952808,0.026432031154137142,10.100000000000001
490.9674232812764,0.25799498,0.030787295594084,10.100000000000001
491.9674248543888,0.29227716,0.034286355976768254,10.100000000000001
492.96742642750115,0.44403893,0.03476242416121263,3.4000000000000004
493.9674280006135,0.705287,0.03555089647619545,3.4000000000000004
494.9674295737259,0.80606025,0.03584575725384129,3.4000000000000004
495.96743114683824,0.68212885,0.03521241665952861,3.4000000000000004
496.9674327199506,0.5935525,0.029380266180554945,3.4000000000000004
497.967434293063,0.729973,0.028655160971417872,3.4000000000000004
498.9674358661753,0.7900369,0.030145708061464615,3.3000000000000003
499.9674374392877,0.5906901,0.030327716046366037,3.4000000000000004
500.96743901240006,0.40957466,0.027104164246086297,9.9
501.9674405855124,0.67450655,0.0228215793342727,9.9
502.9674421586248,0.8228822,0.025151197142503905,9.9
503.96744373173715,0.60187876,0.03022617602341267,8.200000000000001
504.9674453048495,0.4763113,0.03125487125542636,8.5
505.9674468779619,0.09456634,0.03226656681418172,7.0
506.96744845107423,0.16586773,0.032371237727302805,8.4
507.9674500241866,0.25113174,0.03302261116086264,8.4
508.967451597299,0.30782676,0.033316447447316835,8.4
509.9674531704113,0.56398726,0.032857451064114335,8.4
510.9674547435237,0.693376,0.031936520574491964,8.4
511.96745631663606,0.6396051,0.03169696131673834,8.4
512.9674578897484,0.4812807,0.029288274645789838,7.5
513.9674594628608,0.5645671,0.022523434874908144,6.800000000000001
514.9674610359732,0.65129566,0.020576814703245985,6.800000000000001
515.9674626090855,0.7024749,0.01821080833793692,6.800000000000001
516.9674641821979,0.56657875,0.017257994956306914,4.9
517.9674657553103,0.5844872,0.014762976949118642,9.0
518.9674673284226,0.37804917,0.005500185682732262,3.4000000000000004
519.967468901535,0.37988892,0.005534850230221944,12.200000000000001
520.9674704746474,0.3420335,0.006512608009535848,8.5
521.9674720477597,0.38520896,0.007095566495483917,4.3
522.967473620872,0.2842498,0.008379204779546979,4.3
523.9674751939845,0.34761757,0.010199911363421143,4.3
524.9674767670967,0.56801355,0.01296204472676237,4.3
525.9674783402091,0.48556462,0.012940414366564875,3.3000000000000003
526.9674799133215,0.45985487,0.012821750933144622,4.3
527.9674814864338,0.4656882,0.02513389337338493,3.0
528.9674830595462,0.28653204,0.04097408893605258,3.0
529.9674846326586,0.39350998,0.0415610668466176,3.0
530.9674862057709,0.15092142,0.04140349860577438,3.2
531.9674877788833,0.59325427,0.04126910496180244,3.2
532.9674893519957,0.48502508,0.041016114844142776,3.2
533.9674909251081,0.6677536,0.04051011488498402,3.2
534.9674924982204,0.5762259,0.03984180281196119,2.4000000000000004
535.9674940713328,0.566135,0.039859945803899996,3.1
536.9674956444452,0.6925368,0.040001399363686775,3.1
537.9674972175575,0.32662755,0.034518589757952634,4.800000000000001
538.9674987906699,0.47518426,0.013595692951520385,5.4
539.9675003637823,0.44316348,0.013485948778426115,5.300000000000001
540.9675019368946,0.5493991,0.01843322632971902,5.300000000000001
541.967503510007,0.43102577,0.019726012971876525,5.300000000000001
542.9675050831194,0.46794072,0.019725539983091043,5.300000000000001
543.9675066562316,0.2555985,0.019716269074925442,5.300000000000001
544.967508229344,0.48874012,0.019437515337485393,5.300000000000001
545.9675098024564,0.32541868,0.021694295471323937,5.300000000000001
546.9675113755687,0.45118418,0.02196227054318915,11.0
547.9675129486811,0.3595623,0.02252622921590625,4.9
548.9675145217935,0.44596314,0.021622810954142493,4.6000000000000005
549.9675160949058,0.4104049,0.020514763306522025,4.9
550.9675176680182,0.5656727,0.01676968642273881,8.0
551.9675192411306,0.6211863,0.01639522954024202,8.1
552.967520814243,0.36581835,0.0165741579724165,8.1
553.9675223873553,0.40183192,0.016570621678288946,8.1
554.9675239604677,0.37578762,0.01653566618318055,8.1
555.9675255335801,0.46563113,0.013317528915056963,3.5
556.9675271066924,0.40612537,0.012974757078572966,3.5
557.9675286798048,0.45431784,0.010127379012140626,9.8
558.9675302529172,0.24289106,0.011708803479240264,8.5
559.9675318260295,0.15822908,0.01199479856676814,8.6
560.9675333991419,0.19801569,0.011835895478264401,4.800000000000001
561.9675349722543,0.15336353,0.01187769901410822,5.4
562.9675365453666,0.1049132,0.014321916440291982,13.0
563.967538118479,0.06289556,0.015429515227055206,13.0
564.9675396915914,0.07532601,0.0156968600550207,13.0
565.9675412647036,0.114976846,0.01577157661257465,13.0
566.967542837816,0.13875414,0.015339552898151651,13.0
567.9675444109284,0.29252046,0.014863079880822899,13.4
568.9675459840407,0.32735828,0.015060241248260242,12.9
569.9675475571531,0.41767362,0.01498365875192697,12.9
570.9675491302655,0.5184431,0.014393205327594296,12.9
571.9675507033778,0.50413185,0.01298638894628894,12.9
572.9675522764902,0.66381633,0.02589596302347724,3.8000000000000003
573.9675538496026,0.564392,0.026516217159167795,3.4000000000000004
574.967555422715,0.603901,0.027539588486963404,3.6
575.9675569958273,0.7190665,0.027897201566253957,3.6
576.9675585689397,0.6666745,0.02793866759017401,3.6
577.9675601420521,0.52910185,0.027907024224286557,3.6
578.9675617151644,0.5943453,0.027321038999409877,4.3
579.9675632882768,0.65896684,0.027393245977464783,3.6
580.9675648613892,0.44158915,0.027395730298534468,3.6
581.9675664345015,0.35595176,0.027468046145085016,3.6
582.9675680076139,0.5875309,0.014050427521232475,9.3
583.9675695807263,0.7503514,0.012770119623451363,9.5
584.9675711538385,0.816094,0.014578613196808407,4.1000000000000005
585.967572726951,0.76736015,0.014418736729915407,4.1000000000000005
586.9675743000633,0.62744796,0.016812379733463376,2.3000000000000003
587.9675758731756,0.54791236,0.017754529083519488,3.2
588.967577446288,0.5157621,0.018562154004929908,3.2
589.9675790194004,0.5451994,0.01850048462859548,4.800000000000001
590.9675805925127,0.1799314,0.02077632614418884,4.800000000000001
591.9675821656251,0.20152368,0.021180456006123744,3.2
592.9675837387375,0.4956817,0.023045048360823293,3.2
593.9675853118499,0.42038256,0.022475859366822795,3.2
594.9675868849622,0.3961307,0.020495781597845243,3.0
595.9675884580746,0.4398098,0.02014386634121796,3.0
596.967590031187,0.31838414,0.01880903100326444,15.0
597.9675916042993,0.6093544,0.01829294495158991,15.0
598.9675931774117,0.5012122,0.017707266407938307,15.0
599.9675947505241,0.61690557,0.017856214901399277,15.0
600.9675963236364,0.6175317,0.015337898003505334,10.100000000000001
601.9675978967488,0.7456587,0.015016857015769276,12.600000000000001
602.9675994698612,0.58340293,0.011413343115945912,12.600000000000001
603.9676010429735,0.49397928,0.013479033969620479,13.0
604.9676026160859,0.46861976,0.013372034664748454,13.0
605.9676041891983,0.54128224,0.014259305817217939,13.0
606.9676057623105,0.50678694,0.01364226579362596,14.0
607.9676073354229,0.55438066,0.014258391498845115,15.0
608.9676089085353,0.40458122,0.014695735498336493,15.0
609.9676104816476,0.4420824,0.014963335250945651,15.0
610.96761205476,0.3064698,0.014979189693179627,15.0
611.9676136278724,0.08161642,0.01587477130720343,15.0
612.9676152009848,0.26913878,0.018818916361935865,15.0
613.9676167740971,0.22990695,0.018902587886876317,3.2
614.9676183472095,0.32429537,0.018617797289948838,2.3000000000000003
615.9676199203219,0.5413383,0.01807875222443048,2.3000000000000003
616.9676214934342,0.13673532,0.02100406972056569,2.2
617.9676230665466,0.43360162,0.021100250080775266,2.2
618.967624639659,0.41939119,0.022358627082737167,2.2
619.9676262127713,0.49524,0.022450710913722072,2.2
620.9676277858837,0.2863903,0.02279595684002197,12.700000000000001
621.9676293589961,0.32003605,0.023288325478609703,12.700000000000001
622.9676309321084,0.3014621,0.02818464638423098,3.3000000000000003
623.9676325052208,0.5194898,0.02815380659826667,2.6
624.9676340783332,0.77316236,0.029034461288622925,1.9000000000000001
625.9676356514454,0.6236408,0.029319376622018386,9.3
626.9676372245578,0.69114554,0.027566323410854777,2.9000000000000004
627.9676387976702,0.328854,0.032227263034574974,8.4
628.9676403707825,0.24026054,0.031712199306619615,8.4
629.9676419438949,0.29177397,0.03135872905937471,8.4
630.9676435170073,0.19982901,0.03117818118891682,8.4
631.9676450901197,0.15342578,0.03132861565559858,8.4
632.967646663232,0.25174788,0.02526938883572737,5.5
633.9676482363444,0.058845803,0.025171504952322045,7.9
634.9676498094568,0.068651326,0.024783087826525475,7.9
635.9676513825691,0.1260776,0.02501738438606305,8.1
636.9676529556815,0.16653113,0.025187413024454153,8.1
637.9676545287939,0.067389384,0.019170291229062972,11.0
638.9676561019062,0.40140903,0.0185264831649395,8.6
639.9676576750186,0.20368214,0.018531387385669656,8.6
640.967659248131,0.52086043,0.01841670628440089,4.9
641.9676608212433,0.57708913,0.016437532154265654,8.6
642.9676623943557,0.7873139,0.015954107109652733,8.6
643.9676639674681,0.527178,0.01429153552620508,13.200000000000001
644.9676655405804,0.6727929,0.012638669523255576,8.6
645.9676671136928,0.6523868,0.011038785951252128,8.6
646.9676686868052,0.6729383,0.009598649939838588,8.6
647.9676702599174,0.6833728,0.006885954168540841,9.9
648.9676718330298,0.67742926,0.0060801672839907875,10.200000000000001
649.9676734061422,0.7191098,0.006636861777888873,10.200000000000001
650.9676749792545,0.758858,0.007009615904328773,14.100000000000001
651.9676765523669,0.70974207,0.008799520843340847,13.0
652.9676781254793,0.65064317,0.009385399608465347,13.0
653.9676796985917,0.6536596,0.009495889203115355,10.600000000000001
654.967681271704,0.5844088,0.011132484175820133,10.600000000000001
655.9676828448164,0.46347585,0.012501144438106583,12.5
656.9676844179288,0.3707256,0.017601957729598206,12.5
657.9676859910411,0.24380599,0.018926250481402833,14.4
658.9676875641535,0.31601554,0.021504267828765616,14.4
659.9676891372659,0.49390838,0.04120841877926901,1.9000000000000001
660.9676907103782,0.6021502,0.04106152428495813,1.9000000000000001
661.9676922834906,0.5891917,0.04067832813949499,1.9000000000000001
662.967693856603,0.6824585,0.04053675779006606,1.9000000000000001
663.9676954297153,0.66412455,0.040496345385000174,1.9000000000000001
664.9676970028277,0.80579084,0.040074902013900474,1.8
665.9676985759401,0.8207499,0.03975572448991667,1.8
666.9677001490523,0.83190304,0.038257485718763175,1.8
667.9677017221647,0.70970124,0.03797678101503334,1.8
668.9677032952771,0.82238925,0.036537699760258203,2.2
669.9677048683894,0.78402805,0.012132264627039748,10.4
670.9677064415018,0.74814886,0.012141494464513135,10.4
671.9677080146142,0.49162692,0.012926536473676293,10.4
672.9677095877266,0.23215765,0.015321501212881106,10.3
673.9677111608389,0.26450536,0.01696792381960328,10.3
674.9677127339513,0.23317719,0.017530604685026638,10.3
675.9677143070637,0.102118246,0.027854425496521125,7.9
676.967715880176,0.0762957,0.028173025229428977,9.200000000000001
677.9677174532884,0.10341843,0.029180818873879483,8.4
678.9677190264008,0.17754629,0.030871457410134927,9.200000000000001
679.9677205995131,0.43062145,0.03003853743099588,9.200000000000001
680.9677221726255,0.6316898,0.03013543145380592,9.200000000000001
681.9677237457379,0.71009266,0.029810880597041817,9.200000000000001
682.9677253188502,0.6913629,0.02868257327358179,8.5
683.9677268919626,0.329864,0.02774692802280045,8.5
684.967728465075,0.3408578,0.02739154788311425,8.5
685.9677300381873,0.48935163,0.01655810287671296,7.1000000000000005
686.9677316112997,0.56752855,0.014903115245377303,5.5
687.967733184412,0.47820413,0.01173005234476986,8.5
688.9677347575243,0.58460283,0.005482485212369592,9.4
689.9677363306367,0.58313286,0.01130572806874905,12.700000000000001
690.9677379037491,0.5669395,0.02071850036221647,6.300000000000001
691.9677394768615,0.41574004,0.024603335387949694,6.300000000000001
692.9677410499738,0.23316447,0.029002385379872594,10.8
693.9677426230862,0.25370654,0.030472312982066836,6.5
694.9677441961986,0.5891679,0.031089903386447657,6.5
695.9677457693109,0.5865949,0.031247702322085808,6.4
696.9677473424233,0.80844384,0.031180000974784457,6.4
697.9677489155357,0.69575065,0.031124959350483487,6.4
698.967750488648,0.6264721,0.031014679222277162,6.4
699.9677520617604,0.49734092,0.029430621961326568,2.3000000000000003
700.9677536348728,0.59373164,0.023783329762118482,10.100000000000001
701.9677552079851,0.49541903,0.019736817712412046,10.100000000000001
702.9677567810975,0.60654086,0.012456123443418251,12.3
703.9677583542099,0.59669626,0.009633528195280598,13.700000000000001
704.9677599273222,0.44727474,0.008335604671700006,13.0
705.9677615004346,0.44727176,0.009858350564684853,11.4
706.967763073547,0.36820287,0.010864030897213453,11.4
707.9677646466592,0.27842578,0.011239416417883187,11.4
708.9677662197716,0.1813412,0.011251828911768137,11.4
709.967767792884,0.19164559,0.011147246590550788,8.1
710.9677693659964,0.22737595,0.014315439812419718,10.3
711.9677709391087,0.2101184,0.018844566884900934,8.4
712.9677725122211,0.1846593,0.019188896962117147,9.9
713.9677740853335,0.18787071,0.019251942843750307,8.4
714.9677756584458,0.48770726,0.033803657057158425,3.7
715.9677772315582,0.37892848,0.03412212581640182,3.7
716.9677788046706,0.2649914,0.03387736436554075,3.4000000000000004
717.9677803777829,0.25668287,0.03405851240677965,3.4000000000000004
718.9677819508953,0.3444773,0.034131207506992445,3.4000000000000004
719.9677835240077,0.13698378,0.03548837675229932,8.3
720.96778509712,0.105528966,0.03584039600275849,3.7
721.9677866702324,0.112460256,0.03433827213594751,8.1
722.9677882433448,0.16648935,0.034717241090125694,3.5
723.9677898164571,0.16856652,0.03768108981233096,4.1000000000000005
724.9677913895695,0.08625515,0.03184382538510625,5.5
725.9677929626819,0.04368351,0.031674311420318214,5.5
726.9677945357942,0.096245065,0.032389746217694165,5.5
727.9677961089066,0.15411915,0.032379719071290884,5.5
728.967797682019,0.15575373,0.037978215239921065,5.5
729.9677992551312,0.121771805,0.03673232289604245,5.5
730.9678008282436,0.13774008,0.03631701173983157,5.5
731.967802401356,0.26648834,0.03764602787584038,3.1
732.9678039744684,0.17966394,0.03731293399535938,3.1
733.9678055475807,0.14808422,0.03437021858492566,8.4
734.9678071206931,0.36825052,0.02880285724182241,8.4
735.9678086938055,0.5465193,0.028143855523451836,8.0
736.9678102669178,0.38311172,0.027848844789700622,8.0
737.9678118400302,0.42857707,0.02960629532322197,8.0
738.9678134131426,0.90160173,0.10857027874235038,1.4000000000000001
739.9678149862549,0.8198159,0.1167513092612715,1.2000000000000002
740.9678165593673,0.78428876,0.11854818861983246,1.4000000000000001
741.9678181324797,0.8001689,0.13904736558143027,1.2000000000000002
742.967819705592,0.4904427,0.14270058651760914,1.2000000000000002
743.9678212787044,0.6550707,0.14263947780960837,1.2000000000000002
744.9678228518168,0.6248371,0.14256505714144033,1.2000000000000002
745.9678244249291,0.7040895,0.14251459918142137,1.2000000000000002
746.9678259980415,0.74948305,0.1424257326296943,1.2000000000000002
747.9678275711539,0.7341206,0.14200399957904977,1.2000000000000002
748.9678291442661,0.8501031,0.09458896557310975,0.9
749.9678307173785,0.9236964,0.08431918216151542,0.9
750.967832290491,0.9587716,0.08130522239143093,1.1
751.9678338636033,0.7740087,0.033018616649974526,1.6
752.9678354367156,0.7499452,0.006068909387692616,9.4
753.967837009828,0.64320153,0.007140986360855749,9.8
754.9678385829404,0.64941484,0.007964540165885419,9.9
755.9678401560527,0.5431069,0.009846268512551314,10.0
756.9678417291651,0.64280033,0.013838230475256195,6.1000000000000005
757.9678433022775,0.44161886,0.03258122956897094,2.3000000000000003
758.9678448753898,0.31056264,0.032907542981113466,2.3000000000000003
759.9678464485022,0.15889788,0.03392948191771302,2.3000000000000003
760.9678480216146,0.18302144,0.03406673528726151,2.3000000000000003
761.9678495947269,0.092666246,0.03462968855662445,2.4000000000000004
762.9678511678393,0.29885474,0.03480305831473411,2.4000000000000004
763.9678527409517,0.43566817,0.034666089495554636,2.4000000000000004
764.967854314064,0.28386435,0.03508848431745485,2.4000000000000004
765.9678558871764,0.40049413,0.03743820246994217,2.4000000000000004
766.9678574602888,0.25164554,0.0370402340031166,1.7000000000000002
767.967859033401,0.13643898,0.02278244197526126,7.300000000000001
768.9678606065135,0.22717185,0.02255675150434677,7.300000000000001
769.9678621796259,0.33501923,0.02174725503404282,5.4
770.9678637527383,0.27681875,0.02222500832759857,5.4
771.9678653258505,0.3602777,0.021577364213466475,5.4
772.9678668989629,0.3022505,0.021046144592554366,11.3
773.9678684720753,0.32269022,0.022113758685024593,3.5
774.9678700451876,0.36735153,0.02413804921026029,6.300000000000001
775.9678716183,0.19202799,0.01999407039304277,7.300000000000001
776.9678731914124,0.36907196,0.018334804469436267,3.3000000000000003
777.9678747645247,0.22785969,0.01791427608934276,3.3000000000000003
778.9678763376371,0.4055493,0.01865833880854288,7.2
779.9678779107495,0.35894206,0.018852665237908038,7.2
780.9678794838618,0.31516808,0.01874224461576346,3.3000000000000003
781.9678810569742,0.6746747,0.018834342374104418,3.3000000000000003
782.9678826300866,0.5208707,0.018488848837424562,7.2
783.9678842031989,0.3690717,0.017103339542357515,6.7
784.9678857763113,0.29203278,0.01444692414530718,7.5
785.9678873494237,0.3683798,0.01383662647180051,6.7
786.967888922536,0.3001655,0.01464057056142279,6.7
787.9678904956484,0.5253094,0.015960517829396198,6.7
788.9678920687608,0.5067421,0.01542045754179803,6.7
789.9678936418732,0.3644805,0.015166236799779482,6.7
790.9678952149854,0.33830443,0.014744545736362842,8.3
791.9678967880978,0.3507089,0.01485808905180706,8.3
792.9678983612102,0.3291379,0.014750041405321358,8.3
793.9678999343225,0.26238725,0.014565270066904975,8.3
794.9679015074349,0.32177803,0.028191910358186127,2.2
795.9679030805473,0.20020705,0.05353595936357135,2.2
796.9679046536596,0.5204748,0.05333789609047747,2.2
797.967906226772,0.5301533,0.0530159566247536,2.2
798.9679077998844,0.67941415,0.052853296805114955,2.2
799.9679093729967,0.7420354,0.05255551402883566,2.2
800.9679109461091,0.83862865,0.05242724039180916,2.2
801.9679125192215,0.86701554,0.052303055726095296,2.2
802.9679140923338,0.89191324,0.0523129988861328,2.2
803.9679156654462,0.8834087,0.05231337036153025,2.2
804.9679172385586,0.9130507,0.04566183083591495,2.2
805.9679188116709,0.9585767,0.004737615092015856,7.6000000000000005
806.9679203847833,0.95734715,0.0045202912808925315,7.6000000000000005
807.9679219578957,0.9541093,0.0035931481900192317,7.6000000000000005
808.9679235310081,0.9515577,0.003318852529809699,5.9
809.9679251041204,0.94643205,0.003858763843555157,13.200000000000001
810.9679266772328,0.94306684,0.0038151037172525176,13.200000000000001
811.9679282503452,0.949033,0.0032910354266307276,13.200000000000001
812.9679298234574,0.9302218,0.0029221075310345013,13.200000000000001
813.9679313965698,0.9314355,0.002913924115995968,13.200000000000001
814.9679329696822,0.9273536,0.0029278996929947435,13.200000000000001
815.9679345427945,0.90307933,0.0032190724689830775,13.200000000000001
816.9679361159069,0.90965855,0.003278521344305538,8.4
817.9679376890193,0.90615153,0.0033156828328276557,8.4
818.9679392621316,0.9344957,0.0031912819980303105,12.3
819.967940835244,0.9290515,0.0026810752363142197,15.0
820.9679424083564,0.9362426,0.0028186569615607075,7.7
821.9679439814687,0.89740527,0.0037136895694199947,8.6
822.9679455545811,0.9107103,0.003700053574319,8.6
823.9679471276935,0.92396986,0.0038592012047277712,8.6
824.9679487008058,0.92879283,0.004060174212527197,8.8
825.9679502739182,0.9472907,0.003980750360263371,8.8
826.9679518470306,0.94407386,0.004127055648666617,8.8
827.9679534201429,0.9385803,0.004334008489351855,8.8
828.9679549932553,0.92247015,0.005104376573609032,8.200000000000001
829.9679565663677,0.9473584,0.00504431411585802,8.200000000000001
830.9679581394801,0.8877376,0.005177914221258127,8.200000000000001
831.9679597125923,0.9187661,0.004596502240305876,8.200000000000001
832.9679612857047,0.845176,0.00527790797833173,8.8
833.9679628588171,0.8045153,0.005242888258172037,8.200000000000001
834.9679644319294,0.88854975,0.005795836483166412,8.8
835.9679660050418,0.89198035,0.0058139280941966204,8.8
836.9679675781542,0.90522677,0.005748605669804187,8.8
837.9679691512665,0.896003,0.0057920244634865605,7.7
838.9679707243789,0.9212328,0.005411592698082712,8.0
839.9679722974913,0.9403607,0.005483581065927284,8.8
840.9679738706036,0.96877086,0.0053670820697166305,8.8
841.967975443716,0.9768886,0.00541155972252594,8.8
842.9679770168284,0.9822526,0.004768781079534823,8.8
843.9679785899407,0.9730767,0.004710844040208149,8.8
844.9679801630531,0.9812407,0.003824567892915787,8.700000000000001
845.9679817361655,0.97727454,0.00368652234571587,8.8
846.9679833092778,0.96709466,0.004039802351908381,4.2
847.9679848823902,0.9546874,0.003750249256726095,9.9
848.9679864555026,0.95036566,0.003532997574594297,4.2
849.967988028615,0.94424295,0.0034487486917008582,2.5
850.9679896017273,0.94065607,0.0034166834979389095,13.700000000000001
851.9679911748397,0.9344014,0.0034437827531507794,13.700000000000001
852.967992747952,0.91022915,0.003546616227878758,13.700000000000001
853.9679943210643,0.94427,0.0035146509237656267,13.700000000000001
854.9679958941767,0.92062074,0.003485625819122801,13.700000000000001
855.9679974672891,0.93876123,0.0035128080878116846,10.200000000000001
856.9679990404014,0.944326,0.0030105571105909948,8.6
857.9680006135138,0.9325558,0.002992397591949795,8.6
858.9680021866262,0.94696915,0.0026702310495861146,8.6
859.9680037597385,0.9448099,0.0029401170173433072,9.5
860.9680053328509,0.92995656,0.0031594049396990215,8.9
861.9680069059633,0.9156166,0.0031762839501552316,10.8
862.9680084790756,0.9584543,0.024425522093706752,1.2000000000000002
863.968010052188,0.9261187,0.034294745560605966,1.4000000000000001
864.9680116253004,0.93224376,0.036194965718485954,1.8
865.9680131984127,0.8680876,0.03622676240021919,1.8
866.9680147715251,0.7159758,0.036286468839548,1.8
867.9680163446375,0.7439883,0.03657710127028508,1.8
868.9680179177499,0.7558119,0.03675142186881596,1.8
869.9680194908622,0.71577376,0.036756993375081384,1.8
870.9680210639746,0.78778,0.036810735397766976,1.8
871.968022637087,0.75580466,0.036885682907975184,1.8
872.9680242101992,0.46415183,0.027865856093589422,3.4000000000000004
873.9680257833116,0.52581084,0.014375405392221966,3.7
874.968027356424,0.31459385,0.008521255765116852,6.7
875.9680289295363,0.39768234,0.008438535193566543,6.7
876.9680305026487,0.27777177,0.008318188353612602,6.7
877.9680320757611,0.23808776,0.006933302826491218,12.5
878.9680336488734,0.4092683,0.005957913593054621,14.0
879.9680352219858,0.3424226,0.006266430675423204,11.0
880.9680367950982,0.25875333,0.006164102399133191,14.9
881.9680383682105,0.41230357,0.005604672653252193,10.700000000000001
882.9680399413229,0.6141925,0.004353161931144396,4.3
883.9680415144353,0.70553106,0.0043047645051794235,4.3
884.9680430875476,0.6837671,0.0043196417109815565,4.3
885.96804466066,0.65844965,0.0041501405130421765,4.0
886.9680462337724,0.69128776,0.0037766423998268767,3.2
887.9680478068848,0.6254143,0.0040524813266198355,14.9
888.9680493799971,0.620421,0.006375764630402657,4.1000000000000005
889.9680509531095,0.7112764,0.00885584214685388,12.9
890.9680525262219,0.74825454,0.010127410618397092,12.700000000000001
891.9680540993342,0.6090652,0.010686078640023734,12.700000000000001
892.9680556724466,0.689721,0.01107801483047817,12.700000000000001
893.968057245559,0.67644495,0.011849835489683623,12.700000000000001
894.9680588186712,0.6598313,0.012278819245585056,12.700000000000001
895.9680603917836,0.26945677,0.012781892252334196,12.700000000000001
896.968061964896,0.26693237,0.013643457344812858,12.700000000000001
897.9680635380083,0.14886042,0.013576823376384672,12.700000000000001
898.9680651111207,0.5084386,0.012660302111790298,12.700000000000001
899.9680666842331,0.47817904,0.010904039963385268,2.7
900.9680682573454,0.48288846,0.009839829666271917,2.7
901.9680698304578,0.54559827,0.009242084435877393,2.7
902.9680714035702,0.6672691,0.008770833284443402,5.0
903.9680729766825,0.6819331,0.008409302288621908,5.0
904.9680745497949,0.6028682,0.007752608404459944,2.5
905.9680761229073,0.58175206,0.0068503401270562795,10.9
906.9680776960196,0.6317518,0.006469449646429897,8.200000000000001
907.968079269132,0.63039273,0.007345897591038813,7.9
908.9680808422444,0.46133032,0.007330822243446139,7.9
909.9680824153568,0.5339733,0.007162063334775672,7.9
910.9680839884691,0.5184359,0.006720059999301607,7.4
911.9680855615815,0.51112795,0.007281202471577198,13.3
912.9680871346939,0.46337435,0.007306867010721961,13.3
913.9680887078061,0.6048004,0.00657035416599208,10.100000000000001
914.9680902809185,0.59971327,0.0065771617094663015,10.100000000000001
915.968091854031,0.4991622,0.006565664172528015,10.600000000000001
916.9680934271432,0.29075322,0.0052491974992915766,11.700000000000001
917.9680950002556,0.44766408,0.003819578666135258,15.0
918.968096573368,0.35185492,0.003948510306183253,15.0
919.9680981464803,0.27496004,0.003937911501497356,15.0
920.9680997195927,0.43884027,0.0038311493578844133,15.0
921.9681012927051,0.39719394,0.00345115334893602,15.0
922.9681028658174,0.42561355,0.004897594018867732,15.0
923.9681044389298,0.48049662,0.0050838320543086105,15.0
924.9681060120422,0.37989488,0.005806708655363692,15.0
925.9681075851545,0.38901287,0.0058226376481611535,15.0
926.9681091582669,0.44415128,0.005718505065545092,13.9
927.9681107313793,0.47276,0.005726724059498021,13.9
928.9681123044917,0.6670793,0.00562217308251922,15.0
929.968113877604,0.6855601,0.0056351313512998,15.0
930.9681154507164,0.59473073,0.005629735279739669,15.0
931.9681170238288,0.7215214,0.006545536163276758,9.700000000000001
932.968118596941,0.39959666,0.0064791678189091905,9.0
933.9681201700535,0.6443964,0.00766850451631549,9.0
934.9681217431659,0.6856807,0.008951814643563934,13.200000000000001
935.9681233162781,0.5893083,0.010870018487656579,13.3
936.9681248893905,0.18365069,0.017712814110293948,13.600000000000001
937.9681264625029,0.32201883,0.021986012026161968,3.7
938.9681280356152,0.30597904,0.02943112968768349,8.5
939.9681296087276,0.4414832,0.030524409694723528,8.3
940.96813118184,0.48854828,0.031615451586513,8.3
941.9681327549523,0.61735827,0.03175348181905599,8.5
942.9681343280647,0.4905185,0.03349639017671827,8.5
943.9681359011771,0.61923707,0.03733236443781285,8.200000000000001
944.9681374742894,0.23795155,0.038480975992961346,7.800000000000001
945.9681390474018,0.40290472,0.0379892062900338,7.800000000000001
946.9681406205142,0.26742548,0.035822300487491986,8.200000000000001
947.9681421936266,0.36267486,0.03602987119792935,8.3
948.9681437667389,0.49244475,0.035795783861197854,8.3
949.9681453398513,0.30075777,0.03592242099324104,6.9
950.9681469129637,0.28094366,0.035620815648143254,6.9
951.968148486076,0.26706463,0.036766389230827465,6.9
952.9681500591884,0.4588519,0.035424713388804444,8.4
953.9681516323008,0.4297705,0.03212105437987421,8.4
954.968153205413,0.45336756,0.03049468944675642,8.4
955.9681547785254,0.3531407,0.03220756117061919,8.1
956.9681563516378,0.51379573,0.03286224822311451,8.1
957.9681579247501,0.5438264,0.03139251200289892,7.5
958.9681594978625,0.30156425,0.026993020861252555,3.4000000000000004
959.9681610709749,0.26505917,0.026337791078313157,3.4000000000000004
960.9681626440872,0.16331029,0.025785238100711996,3.4000000000000004
961.9681642171996,0.38829646,0.023904077509110635,3.4000000000000004
962.968165790312,0.47222385,0.02468690471310488,9.1
963.9681673634243,0.22999139,0.023968228194676415,10.3
964.9681689365367,0.31493393,0.02824627252170609,8.1
965.9681705096491,0.56912184,0.04447105367742311,1.9000000000000001
966.9681720827615,0.5470765,0.04654697766116653,2.8000000000000003
967.9681736558738,0.298776,0.045642599758079154,1.9000000000000001
968.9681752289862,0.13328035,0.04520805611485845,1.7000000000000002
969.9681768020986,0.18224502,0.04503586186146826,2.8000000000000003
970.9681783752109,0.18405008,0.04514801357289392,2.8000000000000003
971.9681799483233,0.22228672,0.04502910977431903,1.8
972.9681815214357,0.25650093,0.04430797225539822,1.8
973.968183094548,0.39372817,0.043966269452191224,2.1
974.9681846676604,0.6369464,0.04113097894495071,1.8
975.9681862407728,0.57357335,0.02119158417947419,5.1000000000000005
976.968187813885,0.64986813,0.01895878802823562,8.9
977.9681893869974,0.6321959,0.021844055035940797,8.5
978.9681909601098,0.58620304,0.020478939715869896,8.5
979.9681925332221,0.7127037,0.02033164234876773,8.700000000000001
980.9681941063345,0.71234775,0.021301936640187393,8.6
981.9681956794469,0.5647791,0.023083809525904574,8.5
982.9681972525592,0.23017463,0.0273999760440113,9.600000000000001
983.9681988256716,0.16441077,0.029457564644867398,8.5
984.968200398784,0.30827168,0.030902436385728975,10.700000000000001
985.9682019718963,0.57886904,0.03061571666910835,10.100000000000001
986.9682035450087,0.54643244,0.027642900628943378,5.1000000000000005
987.9682051181211,0.43769145,0.02559496137691584,10.200000000000001
988.9682066912335,0.24387507,0.02633858438764316,10.200000000000001
989.9682082643458,0.58433586,0.028096423857703633,10.200000000000001
990.9682098374582,0.48975495,0.02801974582327206,10.200000000000001
991.9682114105706,0.61646557,0.03507727645752076,5.7
992.9682129836829,0.23091994,0.035714645529718585,3.2
993.9682145567953,0.3559913,0.03437846490137059,3.2
994.9682161299077,0.16539301,0.03577187412705717,3.3000000000000003
995.96821770302,0.4706229,0.04120166037801822,5.7
996.9682192761323,0.4025954,0.04314308183316406,5.7
997.9682208492447,0.23053904,0.04533336720090814,5.7
998.968222422357,0.26912084,0.046444538799095825,5.7
999.9682239954694,0.3522643,0.04665049183085544,3.0
1000.9682255685818,0.31175137,0.046904968255919076,3.0
1001.9682271416941,0.17673333,0.041977557357344104,3.4000000000000004
1002.9682287148065,0.21431243,0.04222654336042287,5.6000000000000005
1003.9682302879189,0.3022259,0.044821864627474166,5.6000000000000005
1004.9682318610312,0.17078653,0.044425303966826056,5.6000000000000005
1005.9682334341436,0.22889543,0.04461511778701427,4.0
1006.968235007256,0.117822595,0.043572236443824026,4.0
1007.9682365803684,0.30622995,0.04160407805812524,4.0
1008.9682381534807,0.3223595,0.04002882654889333,7.0
1009.9682397265931,0.40102485,0.03927457456657994,7.0
1010.9682412997055,0.55187213,0.038743078010516616,8.4
1011.9682428728178,0.7208113,0.03838466818950017,4.2
1012.9682444459302,0.7502961,0.03453133828250365,6.7
1013.9682460190426,0.77933925,0.031098409160573257,15.0
1014.9682475921549,0.7777008,0.028747686991475733,13.8
1015.9682491652673,0.62811035,0.020587538430422388,10.600000000000001
1016.9682507383797,0.48606333,0.02064993506957294,10.600000000000001
1017.9682523114919,0.08518808,0.029096543561618712,7.9
1018.9682538846043,0.34628028,0.029280050480223314,13.700000000000001
1019.9682554577167,0.0830651,0.02910851584456514,12.9
1020.968257030829,0.1716514,0.0283465380850693,12.9
1021.9682586039414,0.039187457,0.02791248079333722,8.1
1022.9682601770538,0.13163035,0.028250818094132442,8.0
1023.9682617501661,0.19633925,0.02797576946678837,8.0
1024.9682633232785,0.28385115,0.028079329193208265,12.8
1025.9682648963908,0.46501654,0.027766702227807916,12.8
1026.9682664695033,0.8119194,0.02706304920250809,5.7
1027.9682680426156,0.7964997,0.01638944584403689,11.100000000000001
1028.9682696157279,0.8509502,0.016475326275108216,10.700000000000001
1029.9682711888404,0.85273945,0.016640495876010908,10.700000000000001
1030.9682727619527,0.5361146,0.026722880167968702,3.6
1031.968274335065,0.731243,0.032283396007564226,3.6
1032.9682759081775,0.88031,0.03386002980806572,3.6
1033.9682774812898,0.9141805,0.03378775111613124,3.6
1034.968279054402,0.8634552,0.04226344265488013,3.5
1035.9682806275146,0.70910686,0.04228076698820419,3.5
1036.9682822006268,0.7770745,0.04196879727535551,3.5
1037.9682837737394,0.7700229,0.05622428883157358,3.5
1038.9682853468516,0.7787775,0.07397853089795224,3.5
1039.968286919964,0.9102313,0.07517506227281785,3.5
1040.9682884930764,0.8896018,0.0864298736283163,2.6
1041.9682900661887,0.4655382,0.10199511195099677,2.6
1042.968291639301,0.8315727,0.10448850887137295,2.6
1043.9682932124135,0.3150218,0.10503637488036517,2.6
1044.9682947855258,0.7581504,0.10210146087612927,2.6
1045.968296358638,0.7139666,0.10188531486895502,2.6
1046.9682979317506,0.73127,0.10194014545931511,2.6
1047.968299504863,0.7875097,0.0951996262039494,2.6
1048.9683010779752,0.7646085,0.08193988421183518,2.3000000000000003
1049.9683026510877,0.82395846,0.0804777671719202,2.7
1050.9683042242,0.34585875,0.0651412062026154,4.0
1051.9683057973123,0.2431302,0.029734797289127327,3.6
1052.9683073704248,0.36560994,0.015519216043595598,8.700000000000001
1053.968308943537,0.39779112,0.011829496896274626,10.8
1054.9683105166494,0.21376866,0.047556186214743536,2.4000000000000004
1055.9683120897619,0.23601732,0.04779945696339736,2.4000000000000004
1056.9683136628742,0.23796792,0.04765994079415884,2.7
1057.9683152359864,0.47760558,0.04785137767236709,2.7
1058.968316809099,0.648245,0.04783247493609964,2.7
1059.9683183822112,0.74243957,0.047850198933909724,2.7
1060.9683199553235,0.71788055,0.04769493655161796,2.7
1061.968321528436,0.8346916,0.04763311413121856,2.7
1062.9683231015483,0.8764825,0.04772329486769597,2.5
1063.9683246746606,0.7669576,0.04960116867655336,2.8000000000000003
1064.9683262477731,0.88539165,0.019632138737383908,1.7000000000000002
1065.9683278208854,0.68631136,0.019990756912177467,1.5
1066.9683293939977,0.6376129,0.02045402050437855,1.4000000000000001
1067.9683309671102,0.55455846,0.03661898092440475,1.6
1068.9683325402225,0.56224436,0.0453374207515682,3.9000000000000004
1069.9683341133348,0.718895,0.04674848619890079,3.9000000000000004
1070.9683356864473,0.7763358,0.0663189234015831,2.6
1071.9683372595596,0.8292643,0.10080934407522534,2.2
1072.9683388326719,0.7743949,0.10224291942613914,2.2
1073.9683404057844,0.91308266,0.10147744847497712,2.2
1074.9683419788967,0.78863245,0.10733602274134704,2.2
1075.9683435520092,0.92989963,0.1077293351385252,2.2
1076.9683451251215,0.90070105,0.10853505438192489,2.2
1077.9683466982337,0.8634776,0.10454122674819767,2.2
1078.9683482713463,0.90032995,0.10125527953483615,2.0
1079.9683498444585,0.8565959,0.1021635153543314,2.0
1080.9683514175708,0.927733,0.09094470916252927,1.9000000000000001
1081.9683529906833,0.82795435,0.05350346282644488,2.1
1082.9683545637956,0.83179855,0.05865527110209239,2.1
1083.968356136908,0.8853725,0.06127495292016222,2.1
1084.9683577100204,0.4545177,0.06120193486225021,2.1
1085.9683592831327,0.6332901,0.0650338733051553,11.0
1086.968360856245,0.7137836,0.06597620908270692,2.7
1087.9683624293575,0.677658,0.0778922785763888,1.6
1088.9683640024698,0.8319609,0.07827676487105423,1.7000000000000002
1089.968365575582,0.66201556,0.07710194655320177,1.9000000000000001
1090.9683671486946,0.58710426,0.0775980378448053,1.9000000000000001
1091.9683687218069,0.46723548,0.07636700368516575,1.9000000000000001
1092.9683702949192,0.5049313,0.07107595428376413,4.2
1093.9683718680317,0.65004855,0.06848989127858891,2.6
1094.968373441144,0.75454754,0.05824431772384729,1.2000000000000002
1095.9683750142563,0.6419102,0.05283604316855724,4.2
1096.9683765873688,0.779596,0.049672475105616516,1.9000000000000001
1097.968378160481,0.43958944,0.026137010429689068,7.0
1098.9683797335933,0.52011544,0.02446383593305099,7.0
1099.9683813067059,0.5493697,0.02191368781373677,7.0
1100.9683828798181,0.7506622,0.019108883369289217,7.0
1101.9683844529304,0.6698115,0.014761111311107192,10.200000000000001
1102.968386026043,0.7128321,0.01248421002430774,10.200000000000001
1103.9683875991552,0.20639993,0.012415118733366983,3.3000000000000003
1104.9683891722675,0.35153845,0.012220749040679256,3.3000000000000003
1105.96839074538,0.5009718,0.011891538994446971,3.3000000000000003
1106.9683923184923,0.4687751,0.011775225490887394,3.3000000000000003
1107.9683938916046,0.47582752,0.010587878447294386,7.2
1108.968395464717,0.6243738,0.009512773157770662,3.3000000000000003
1109.9683970378294,0.56414646,0.008275551911687625,3.3000000000000003
1110.9683986109417,0.68391305,0.007658229151477267,3.3000000000000003
1111.9684001840542,0.7155523,0.0052610327184658984,15.0
1112.9684017571665,0.8234464,0.0019291476892839426,9.600000000000001
1113.9684033302788,0.8481451,0.0015449718584354,13.4
1114.9684049033913,0.8398885,0.0452043120557193,3.9000000000000004
1115.9684064765036,0.8536886,0.05221779336597036,4.5
1116.968408049616,0.7899553,0.0559759274152819,4.5
1117.9684096227284,0.8241881,0.05601868515462397,4.4
1118.9684111958406,0.78097445,0.05602477703021546,4.4
1119.9684127689532,0.7859559,0.05607326253863021,4.5
1120.9684143420654,0.8235509,0.05607864015923455,4.5
1121.9684159151777,0.6969826,0.05659602286362923,4.4
1122.9684174882902,0.7385061,0.062155031470838555,2.4000000000000004
1123.9684190614025,0.6930042,0.06226545889787891,2.4000000000000004
1124.9684206345148,0.48558885,0.04304475070754228,2.7
1125.9684222076273,0.20287658,0.03460521205823777,2.7
1126.9684237807396,0.1596394,0.02853448157480446,2.6
1127.968425353852,0.23226504,0.028571486033024878,2.6
1128.9684269269644,0.2531755,0.029246911584936603,3.1
1129.9684285000767,0.27189374,0.032102636937532736,3.1
1130.968430073189,0.43323418,0.03251058010973118,3.1
1131.9684316463015,0.36178556,0.03175619132370223,3.1
1132.9684332194138,0.10941482,0.019496507765967452,9.1
1133.968434792526,0.13158184,0.020194375365854313,9.1
1134.9684363656386,0.16584985,0.01992155611940294,9.1
1135.9684379387509,0.23450594,0.019189285618100734,9.1
1136.9684395118632,0.20971225,0.01993464567462342,9.0
1137.9684410849757,0.24266973,0.02091121230462056,9.0
1138.968442658088,0.47416678,0.02011438463222492,9.0
1139.9684442312002,0.6407312,0.024455257400553123,9.0
1140.9684458043128,0.8559392,0.02842475106358013,2.2
1141.968447377425,0.9052937,0.02908261201032461,2.5
1142.9684489505373,0.8412877,0.0286887441791535,2.5
1143.9684505236498,0.80636084,0.02798078158234937,2.5
1144.9684520967621,0.6918137,0.02852786894217082,2.1
1145.9684536698744,0.77492356,0.028763830349206806,2.1
1146.968455242987,0.8292787,0.027954245166942806,2.1
1147.9684568160992,0.7702492,0.027195814922611892,2.4000000000000004
1148.9684583892115,0.6489779,0.02712548744340171,2.4000000000000004
1149.968459962324,0.5582595,0.01905176337813014,9.5
1150.9684615354363,0.56970406,0.011617068166567894,9.5
1151.9684631085486,0.5489301,0.009712585221508613,11.9
1152.968464681661,0.6935438,0.00928343674082658,11.9
1153.9684662547734,0.5567678,0.009229813947340267,11.9
1154.968467827886,0.60142386,0.008151083808733904,11.9
1155.9684694009982,0.58708715,0.009393515304287786,5.4
1156.9684709741105,0.64886165,0.010562889088853547,5.4
1157.968472547223,0.5602961,0.013823673400238186,4.4
1158.9684741203353,0.45575547,0.016648410681498558,3.9000000000000004
1159.9684756934475,0.33472392,0.01818854109584429,4.5
1160.96847726656,0.50186056,0.01818984730587514,4.6000000000000005
1161.9684788396723,0.32833284,0.01794407729540674,5.9
1162.9684804127846,0.57641304,0.018381174511742697,4.5
1163.9684819858971,0.36813954,0.021048571743021015,5.9
1164.9684835590094,0.40685052,0.02130908332468104,5.9
1165.9684851321217,0.43202683,0.021119956921078254,4.6000000000000005
1166.9684867052342,0.4359728,0.02078914956567702,5.9
1167.9684882783465,0.40451732,0.018838377426301546,5.9
1168.9684898514588,0.31529814,0.016572254017461825,4.800000000000001
1169.9684914245713,0.45559877,0.014899191834667798,3.8000000000000003
1170.9684929976836,0.53813136,0.014656150022121131,3.8000000000000003
1171.9684945707959,0.5348729,0.014857899664012894,3.8000000000000003
1172.9684961439084,0.39545342,0.014520559650667172,3.8000000000000003
1173.9684977170207,0.3210063,0.010386923189875425,4.1000000000000005
1174.968499290133,0.31766534,0.010205481814896255,11.8
1175.9685008632455,0.28746378,0.009098200966991321,10.600000000000001
1176.9685024363578,0.27469254,0.0099659781854745,12.9
1177.96850400947,0.34023967,0.010119974527588043,12.9
1178.9685055825826,0.27160758,0.00967594987680958,11.5
1179.9685071556949,0.36356243,0.00969023739270991,11.9
1180.9685087288071,0.2680901,0.009598862086032937,11.9
1181.9685103019197,0.23888202,0.00938645186892179,11.5
1182.968511875032,0.31529996,0.009315028722812351,11.5
1183.9685134481442,0.23216005,0.009532125201175894,11.9
1184.9685150212567,0.2366793,0.00971743865597089,8.5
1185.968516594369,0.3239219,0.009314141544275758,10.0
1186.9685181674813,0.3306968,0.008948079794045749,15.0
1187.9685197405938,0.5674284,0.009219419132572862,15.0
1188.968521313706,0.34099802,0.009375890726012847,15.0
1189.9685228868184,0.34081078,0.009286685636176881,15.0
1190.968524459931,0.4797734,0.009254541904498852,15.0
1191.9685260330432,0.5304442,0.00913751854905159,15.0
1192.9685276061557,0.59771174,0.009819891595778646,15.0
1193.968529179268,0.5529,0.009420184181831178,15.0
1194.9685307523803,0.5257446,0.00787981183954458,14.8
1195.9685323254928,0.4730361,0.008057937532960895,4.0
1196.968533898605,0.41997933,0.0068042545967726,4.4
1197.9685354717174,0.5406623,0.006299881593849135,4.4
1198.9685370448299,0.499012,0.006620672597593588,3.4000000000000004
1199.9685386179422,0.45061573,0.0071893747721855795,3.4000000000000004
1200.9685401910544,0.50735074,0.008721169759153819,3.4000000000000004
1201.968541764167,0.5157349,0.011107842877546553,3.4000000000000004
1202.9685433372792,0.40207905,0.010762544086764749,3.7
1203.9685449103915,0.33620945,0.011010223889433367,3.7
1204.968546483504,0.3012996,0.01161581844627315,3.7
1205.9685480566163,0.2215664,0.013841745576198444,6.4
1206.9685496297286,0.27038306,0.01649369853675378,7.1000000000000005
1207.9685512028411,0.2318629,0.016692122445409734,6.9
1208.9685527759534,0.2758838,0.016580020399011876,7.1000000000000005
1209.9685543490657,0.24079588,0.016455474428496916,7.1000000000000005
1210.9685559221782,0.18157084,0.015971486602784874,7.1000000000000005
1211.9685574952905,0.15850969,0.014523985102610852,7.0
1212.9685590684028,0.23333609,0.014275240345204047,7.0
1213.9685606415153,0.2913593,0.01410937545922796,7.0
1214.9685622146276,0.40681532,0.01367016964796699,7.0
1215.9685637877399,0.3156038,0.011186401809838856,6.7
1216.9685653608524,0.3365279,0.006863292168255593,4.7
1217.9685669339647,0.3573759,0.0061164189969954525,15.0
1218.968568507077,0.36870864,0.005864878064938339,15.0
1219.9685700801895,0.44021448,0.005578714891110467,15.0
1220.9685716533018,0.42434758,0.0058672035557740965,9.5
1221.968573226414,0.5340312,0.0065946217551008405,8.5
1222.9685747995266,0.5186396,0.006254081142858284,8.5
1223.9685763726388,0.49900937,0.0062000889439231205,14.9
1224.9685779457511,0.4721731,0.00601855694942603,10.9
1225.9685795188636,0.53321236,0.0061052482185215235,14.9
1226.968581091976,0.49440166,0.0072704391923761255,14.5
1227.9685826650882,0.5841939,0.009019137840045502,3.9000000000000004
1228.9685842382007,0.43163705,0.008998935824801943,3.9000000000000004
1229.968585811313,0.36450168,0.008970856832006286,4.2
1230.9685873844253,0.36971077,0.008384701094162889,3.9000000000000004
1231.9685889575378,0.6053299,0.007616246901530328,3.9000000000000004
1232.96859053065,0.5730731,0.007970838268806818,4.0
1233.9685921037626,0.6026112,0.008904594666632983,3.9000000000000004
1234.968593676875,0.54556113,0.008923331468727832,3.9000000000000004
1235.9685952499872,0.58580077,0.008879647711669455,3.9000000000000004
1236.9685968230997,0.45315132,0.007895490847909381,3.9000000000000004
1237.968598396212,0.6741399,0.007911911146369055,15.0
1238.9685999693243,0.47347072,0.008462313883398383,11.600000000000001
1239.9686015424368,0.441289,0.009206463331987356,11.600000000000001
1240.968603115549,0.36479068,0.010116040672511041,3.8000000000000003
1241.9686046886613,0.41980022,0.010984814985628245,4.2
1242.9686062617739,0.2570356,0.010735548948064296,4.2
1243.9686078348861,0.28480175,0.009965700205800777,4.2
1244.9686094079984,0.2150208,0.011481363775847814,2.5
1245.968610981111,0.20787916,0.011475436923473933,4.2
1246.9686125542232,0.256788,0.011978174741339406,4.4
1247.9686141273355,0.32361972,0.010473532838512689,4.4
1248.968615700448,0.31104916,0.010622228199529613,4.4
1249.9686172735603,0.3865797,0.010195552436604336,4.4
1250.9686188466726,0.27339846,0.009814368058722689,4.4
1251.968620419785,0.35813516,0.009472357068584873,15.0
1252.9686219928974,0.35687754,0.010946169167477336,15.0
1253.9686235660097,0.36420855,0.011275720459162876,15.0
1254.9686251391222,0.4403443,0.009725571844736984,15.0
1255.9686267122345,0.31348103,0.009771165184146965,15.0
1256.9686282853468,0.33136168,0.009314751642657174,13.700000000000001
1257.9686298584593,0.27371478,0.009303510931384047,12.600000000000001
1258.9686314315716,0.28292578,0.008620039924979103,12.600000000000001
1259.9686330046839,0.24045196,0.008384951030326944,12.600000000000001
1260.9686345777964,0.26879635,0.007673405087420694,13.600000000000001
1261.9686361509087,0.25894913,0.00801912550772305,12.4
1262.968637724021,0.37273833,0.005945101638279014,5.2
1263.9686392971334,0.35769233,0.006131897061447527,5.4
1264.9686408702457,0.5094312,0.008215166578777394,4.5
1265.968642443358,0.4785093,0.008475305919846994,4.5
1266.9686440164705,0.4237618,0.008174942061361748,4.5
1267.9686455895828,0.53058046,0.010178392038919909,4.4
1268.968647162695,0.3901563,0.011461215448029896,4.4
1269.9686487358076,0.39718682,0.012059427422770757,3.2
1270.96865030892,0.28831854,0.012363263956054506,3.9000000000000004
1271.9686518820324,0.4064172,0.012497179370049091,3.4000000000000004
1272.9686534551447,0.2708995,0.013020287356304538,3.4000000000000004
1273.968655028257,0.29986578,0.013357202063815275,3.9000000000000004
1274.9686566013695,0.25306252,0.012185151755929439,3.9000000000000004
1275.9686581744818,0.3088566,0.012230214652854732,3.9000000000000004
1276.968659747594,0.2507968,0.012226324521003843,3.9000000000000004
1277.9686613207066,0.2562636,0.010644453959487304,3.9000000000000004
1278.9686628938189,0.35622558,0.009274428228914436,2.0
1279.9686644669312,0.33233088,0.008482000754878045,3.9000000000000004
1280.9686660400437,0.27288637,0.00816311806590687,4.4
1281.968667613156,0.23359221,0.006831220070283571,7.1000000000000005
1282.9686691862682,0.25587025,0.008187232020684528,7.1000000000000005
1283.9686707593808,0.3652618,0.008905755490259237,7.1000000000000005
1284.968672332493,0.31351978,0.00907997134029666,4.0
1285.9686739056053,0.2632362,0.008868643382492871,4.0
1286.9686754787178,0.2155299,0.008942204808736871,4.0
1287.9686770518301,0.34958902,0.009386890224803516,11.200000000000001
1288.9686786249424,0.34916675,0.00936478233120364,11.200000000000001
1289.968680198055,0.3726356,0.009691454170342279,11.200000000000001
1290.9686817711672,0.30077556,0.00959657329696452,11.200000000000001
1291.9686833442795,0.42950788,0.010694736395354645,2.4000000000000004
1292.968684917392,0.37037054,0.009693687356670288,4.5
1293.9686864905043,0.40742883,0.008699727874937797,2.4000000000000004
1294.9686880636166,0.31015882,0.009119734833692054,9.4
1295.968689636729,0.30149156,0.00932340762966047,9.4
1296.9686912098414,0.21518007,0.01276098576426415,9.4
1297.9686927829537,0.20738399,0.01471481804690169,4.3
1298.9686943560662,0.14765249,0.015194711152851871,4.3
1299.9686959291785,0.32891026,0.015140096047494377,4.3
1300.9686975022908,0.19657701,0.015290436746546288,4.3
1301.9686990754033,0.21303739,0.014536021828632987,4.4
1302.9687006485156,0.29743782,0.014022708177098974,4.4
1303.9687022216278,0.36434564,0.014047240460416811,4.4
1304.9687037947403,0.3413353,0.014132154311069652,4.2
1305.9687053678526,0.3546511,0.013938297672891332,4.2
1306.968706940965,0.35494116,0.010838324726982746,4.5
1307.9687085140774,0.4082831,0.007436369380974392,2.1
1308.9687100871897,0.5248263,0.006504187156806855,3.8000000000000003
1309.968711660302,0.4695945,0.006904882885838192,2.0
1310.9687132334145,0.5091783,0.006909413683117758,2.7
1311.9687148065268,0.4958717,0.007659646093904548,2.7
1312.9687163796393,0.4496598,0.007653744716318254,2.7
1313.9687179527516,0.49276862,0.007268242278810878,3.2
1314.968719525864,0.48517954,0.009294096376541938,3.2
1315.9687210989764,0.4889709,0.009244351846465982,3.2
1316.9687226720887,0.39637375,0.010704912451924146,2.6
1317.968724245201,0.43784222,0.01070654800846435,2.6
1318.9687258183135,0.47597796,0.010763735869638826,2.6
1319.9687273914258,0.41493997,0.010285455334590453,2.6
1320.968728964538,0.45969337,0.010371656594755937,3.3000000000000003
1321.9687305376506,0.43634772,0.010251733271557317,3.0
1322.9687321107629,0.43155292,0.01028387418115984,3.0
1323.9687336838751,0.44783935,0.010721219105608144,3.0
1324.9687352569877,0.5342861,0.00827188977196785,3.0
1325.9687368301,0.50144315,0.008317825496618324,3.0
1326.9687384032122,0.606298,0.006858846327637706,3.5
1327.9687399763247,0.4772052,0.008005070171876485,3.5
1328.968741549437,0.4718069,0.008957692999307529,3.8000000000000003
1329.9687431225493,0.52689326,0.01326130993724739,3.5
1330.9687446956618,0.39913887,0.013001620074624774,3.5
1331.968746268774,0.45740262,0.01268861728046892,3.5
1332.9687478418864,0.32611087,0.012660586557166082,3.5
1333.968749414999,0.42140886,0.012370155677008068,4.3
1334.9687509881112,0.37010512,0.017613053199272137,4.5
1335.9687525612235,0.44001883,0.017908377120546864,4.3
1336.968754134336,0.43790975,0.017833724533225254,4.3
1337.9687557074483,0.45143175,0.018149053203839492,3.0
1338.9687572805606,0.43266553,0.018155601290976344,7.300000000000001
1339.968758853673,0.38189173,0.015448464311157236,7.300000000000001
1340.9687604267854,0.29784107,0.015699047245194594,7.300000000000001
1341.9687619998977,0.36832073,0.016017091482024924,5.800000000000001
1342.9687635730102,0.37194014,0.016033343041442265,5.800000000000001
1343.9687651461225,0.4467089,0.015747620996719575,5.800000000000001
1344.9687667192347,0.5954945,0.009516993004779446,5.800000000000001
1345.9687682923472,0.58086354,0.008899201021337566,5.800000000000001
1346.9687698654595,0.44433305,0.008592727214885463,5.800000000000001
1347.9687714385718,0.5165212,0.006746373732452017,5.800000000000001
1348.9687730116843,0.4966007,0.005118698064817023,10.3
1349.9687745847966,0.5373406,0.004609859635325749,10.0
1350.9687761579091,0.65445215,0.0036553623812412904,10.0
1351.9687777310214,0.637002,0.0063589181843771376,3.9000000000000004
1352.9687793041337,0.6321491,0.00650330555677801,3.2
1353.9687808772462,0.6823979,0.006626524943072862,4.2
1354.9687824503585,0.67554706,0.006646986055525694,3.4000000000000004
1355.9687840234708,0.6154958,0.006843542178992743,3.4000000000000004
1356.9687855965833,0.5119494,0.008092333501076163,5.5
1357.9687871696956,0.47396022,0.008296950737774584,13.3
1358.9687887428079,0.60973585,0.008383342845300817,13.3
1359.9687903159204,0.5984824,0.009419474113861008,5.300000000000001
1360.9687918890327,0.5547589,0.009435462591528505,5.300000000000001
1361.968793462145,0.5655788,0.0071469917299427374,5.300000000000001
1362.9687950352575,0.6122335,0.0069816406919753346,13.4
1363.9687966083698,0.5386083,0.0071492274688099,5.4
1364.968798181482,0.46647176,0.008035162440413968,5.4
1365.9687997545946,0.42723766,0.007863755847752164,11.100000000000001
1366.9688013277068,0.55498844,0.006582279410614646,4.1000000000000005
1367.9688029008191,0.5028171,0.006321037341395146,4.5
1368.9688044739316,0.5140117,0.006209967950197403,4.5
1369.968806047044,0.6058732,0.004484053193681372,4.1000000000000005
1370.9688076201562,0.6951206,0.0047578773729342735,4.0
1371.9688091932687,0.63365984,0.01435692149371894,8.6
1372.968810766381,0.7323506,0.02529401238596538,2.7
1373.9688123394933,0.7116314,0.02691551998918339,3.5
1374.9688139126058,0.64162254,0.04120695290078115,8.0
1375.968815485718,0.5306258,0.04341582014148495,8.1
1376.9688170588304,0.62224853,0.04351508704092804,8.1
1377.968818631943,0.66510177,0.04355665374664861,8.1
1378.9688202050552,0.4948458,0.0440998019524481,8.0
1379.9688217781675,0.17394578,0.044374364585252964,8.0
1380.96882335128,0.32915595,0.04503758481075621,8.1
1381.9688249243923,0.3030301,0.05245809247052519,3.0
1382.9688264975046,0.1570784,0.049439141072113,8.200000000000001
1383.968828070617,0.059250735,0.05261593702684167,3.0
1384.9688296437294,0.12581363,0.04742162976117692,3.2
1385.9688312168416,0.1561461,0.045472435060496835,3.2
1386.9688327899541,0.39330932,0.04538230846472699,3.2
1387.9688343630664,0.36142865,0.04536485232255971,3.2
1388.9688359361787,0.5380917,0.04484158672451399,3.2
1389.9688375092912,0.38810727,0.04576142887357507,3.2
1390.9688390824035,0.43821555,0.04527254800272584,3.2
1391.968840655516,0.086774245,0.033887679782532064,7.1000000000000005
1392.9688422286283,0.1874519,0.03694047956573237,6.5
1393.9688438017406,0.2781829,0.03197333391255345,6.9
1394.9688453748531,0.35782787,0.02358394679343632,7.2
1395.9688469479654,0.55463856,0.023539361452277786,7.2
1396.9688485210777,0.307436,0.023960471199619443,7.2
1397.9688500941902,0.11469378,0.026302884012326177,6.2
1398.9688516673025,0.04877308,0.02696108029955823,6.2
1399.9688532404148,0.04951936,0.025925349432921765,7.1000000000000005
1400.9688548135273,0.17011458,0.025654099083253574,7.1000000000000005
1401.9688563866396,0.16853671,0.02558097581221556,7.1000000000000005
1402.9688579597519,0.28948292,0.0176829807964867,5.5
1403.9688595328644,0.43525568,0.015628827652708312,5.5
1404.9688611059767,0.20672724,0.018322604524611145,5.5
1405.968862679089,0.13771118,0.019211024959667894,9.600000000000001
1406.9688642522015,0.106325366,0.019158004399483897,9.600000000000001
1407.9688658253137,0.1075851,0.018094175345592694,9.8
1408.968867398426,0.26627943,0.018787983333142053,13.5
1409.9688689715385,0.32868072,0.017836359502651042,5.6000000000000005
1410.9688705446508,0.23772432,0.01888105100758525,5.6000000000000005
1411.968872117763,0.13149402,0.029441011714135854,5.300000000000001
1412.9688736908756,0.09251045,0.034885753601085215,4.6000000000000005
1413.968875263988,0.06384925,0.03595827427374237,4.6000000000000005
1414.9688768371002,0.088949315,0.03625810182737615,4.6000000000000005
1415.9688784102127,0.2041431,0.036460553998190384,4.6000000000000005
1416.968879983325,0.07284621,0.03659572422442947,4.6000000000000005
1417.9688815564373,0.38030568,0.036689489872457626,4.6000000000000005
1418.9688831295498,0.20371391,0.03814600081608834,4.6000000000000005
1419.968884702662,0.6016471,0.038272360007015734,4.6000000000000005
1420.9688862757744,0.44524962,0.03775785959271762,4.6000000000000005
1421.9688878488869,0.37468255,0.031088066949952975,5.300000000000001
1422.9688894219992,0.24437027,0.024821191411425005,8.0
1423.9688909951115,0.40461132,0.02319830829070522,8.0
1424.968892568224,0.5858202,0.021362137098045797,8.8
1425.9688941413362,0.4304649,0.02047094992289542,8.8
1426.9688957144485,0.48981646,0.020126818939951042,8.8
1427.968897287561,0.35501036,0.018249521172310212,5.6000000000000005
1428.9688988606733,0.43208957,0.013891211459524721,10.200000000000001
1429.9689004337858,0.30254295,0.013376730427947363,9.600000000000001
1430.9689020068981,0.31328833,0.01327092534407027,15.0
1431.9689035800104,0.26533294,0.011486935298740201,14.4
1432.968905153123,0.2022343,0.019054006108505727,6.300000000000001
1433.9689067262352,0.104103446,0.019919130789723967,6.300000000000001
1434.9689082993475,0.09315322,0.021454458978008815,7.1000000000000005
1435.96890987246,0.104501106,0.021456221269822672,7.1000000000000005
1436.9689114455723,0.088993065,0.02147882103843239,7.1000000000000005
1437.9689130186846,0.12742588,0.021366084265266705,6.6000000000000005
1438.968914591797,0.1275622,0.02086257121697158,6.6000000000000005
1439.9689161649094,0.123800665,0.021582155058946378,6.6000000000000005
1440.9689177380217,0.039641224,0.02164342282994524,6.6000000000000005
1441.9689193111342,0.11375085,0.021696489176360044,6.6000000000000005
1442.9689208842465,0.10894147,0.01569691458167213,6.6000000000000005
1443.9689224573588,0.31879947,0.014762487096016332,4.5
1444.9689240304713,0.2910341,0.01102594133443612,6.6000000000000005
1445.9689256035836,0.29323718,0.01060370418062994,6.7
1446.9689271766958,0.37321416,0.011451566342514352,7.9
1447.9689287498084,0.2850796,0.01342415689512599,6.5
1448.9689303229206,0.33928448,0.014441620052913332,4.800000000000001
1449.968931896033,0.2875345,0.01766248767941487,8.5
1450.9689334691454,0.13554865,0.02310176606317591,5.1000000000000005
1451.9689350422577,0.14304201,0.02453981172703572,5.1000000000000005
1452.96893661537,0.12105531,0.02479885589319241,5.1000000000000005
1453.9689381884825,0.12178025,0.02469401488992225,5.1000000000000005
1454.9689397615948,0.08285613,0.024690883518429154,5.1000000000000005
1455.968941334707,0.13969168,0.024695919074303036,5.1000000000000005
1456.9689429078196,0.09640403,0.02399811819546947,5.1000000000000005
1457.968944480932,0.35318595,0.02469610129961728,8.3
1458.9689460540442,0.3571255,0.02420090095902487,8.3
1459.9689476271567,0.44906512,0.021591328958534845,7.6000000000000005
1460.968949200269,0.4627926,0.015546814520248057,4.800000000000001
1461.9689507733813,0.33473268,0.012742673804740437,7.0
1462.9689523464938,0.43158928,0.014043657332856884,4.7
1463.968953919606,0.41703308,0.0155947501509788,6.0
1464.9689554927184,0.26572317,0.019325798042856727,6.4
1465.9689570658309,0.44419804,0.01998541537515208,5.4
1466.9689586389431,0.31320933,0.024176958590760116,6.800000000000001
1467.9689602120554,0.22205825,0.02397627533675497,8.6
1468.968961785168,0.09729726,0.0240808266651121,8.6
1469.9689633582802,0.3222102,0.024999182192734296,7.300000000000001
1470.9689649313927,0.03500057,0.025481668999474332,7.300000000000001
1471.968966504505,0.09243678,0.026590142280665887,8.5
1472.9689680776173,0.09546516,0.025849312267625314,8.5
1473.9689696507298,0.21723756,0.024959125909305123,8.5
1474.9689712238421,0.183421,0.022198388947385954,6.5
1475.9689727969544,0.34972328,0.02152117677909654,6.5
1476.968974370067,0.39459917,0.016670201401102206,8.5
1477.9689759431792,0.4050797,0.013926919706128953,8.5
1478.9689775162915,0.5087794,0.013326567958069737,7.9
1479.968979089404,0.5070159,0.010306282538889709,6.300000000000001
1480.9689806625163,0.4551949,0.009026235025043695,13.100000000000001
1481.9689822356286,0.6435468,0.004881860010487259,10.4
1482.968983808741,0.65507686,0.002712500917998808,14.9
1483.9689853818534,0.5739182,0.005109763219880165,8.3
1484.9689869549657,0.5033687,0.010540317767963613,11.0
1485.9689885280782,0.6399867,0.011545058492470112,8.700000000000001
1486.9689901011905,0.556867,0.014253433640456002,6.0
1487.9689916743027,0.37467873,0.018846333454433248,5.6000000000000005
1488.9689932474153,0.37836695,0.01885125398514341,5.6000000000000005
1489.9689948205275,0.27865365,0.02037058364773293,4.5
1490.9689963936398,0.34755215,0.021611406906512788,5.6000000000000005
1491.9689979667523,0.058346797,0.02449199208583108,4.5
1492.9689995398646,0.108178645,0.024976773784674347,5.6000000000000005
1493.969001112977,0.16738442,0.02623246301996864,7.0
1494.9690026860894,0.23624651,0.024989560989640378,5.4
1495.9690042592017,0.19028792,0.024574928821080942,5.4
1496.969005832314,0.16523741,0.024048939953820216,5.4
1497.9690074054265,0.24029201,0.02091188701153794,5.4
1498.9690089785388,0.07545857,0.021330703417685,8.200000000000001
1499.969010551651,0.20600075,0.020839162444455713,5.4
1500.9690121247636,0.12896895,0.02102101950835034,9.5
1501.9690136978759,0.11637392,0.017919467091964663,4.4
1502.9690152709882,0.080078855,0.017371272294826896,4.4
1503.9690168441007,0.112563364,0.014799471966063498,4.4
1504.969018417213,0.2131534,0.014998599057365027,4.4
1505.9690199903253,0.05757463,0.017757546747731445,9.600000000000001
1506.9690215634378,0.09607528,0.017273261832370046,9.600000000000001
1507.96902313655,0.19391777,0.01823921082328973,9.600000000000001
1508.9690247096626,0.111814395,0.018149991405894766,9.600000000000001
1509.9690262827748,0.1988152,0.017155623624073055,9.600000000000001
1510.9690278558871,0.31314343,0.015409807231500419,13.3
1511.9690294289996,0.4069752,0.01580979092647889,13.200000000000001
1512.969031002112,0.09635493,0.016247073634835463,13.200000000000001
1513.9690325752242,0.081716,0.016921996787141833,13.200000000000001
1514.9690341483367,0.19647266,0.01697580845627049,9.4
1515.969035721449,0.32653132,0.015391754697182578,9.4
1516.9690372945613,0.37504137,0.016267758290043097,5.9
1517.9690388676738,0.3437571,0.01541495175460988,6.6000000000000005
1518.969040440786,0.2044507,0.015698847625941044,6.6000000000000005
1519.9690420138984,0.32984778,0.016362085471554592,6.6000000000000005
1520.969043587011,0.4149728,0.01632752979586847,6.6000000000000005
1521.9690451601232,0.64094865,0.01648750207233212,6.0
1522.9690467332355,0.47557667,0.015932858104009344,6.0
1523.969048306348,0.43028244,0.01571018937908137,6.6000000000000005
1524.9690498794603,0.25577095,0.014815221189956766,6.2
1525.9690514525726,0.31241217,0.014180262839347065,4.0
1526.969053025685,0.27651316,0.013783404687128653,14.9
1527.9690545987974,0.25442243,0.01464239871691166,12.100000000000001
1528.9690561719096,0.30956164,0.01720702445265539,8.4
1529.9690577450222,0.24027395,0.01732792277542308,14.9
1530.9690593181344,0.20125216,0.017482478885153453,14.9
1531.9690608912467,0.31854105,0.016699489991719534,15.0
1532.9690624643592,0.35895458,0.01765411891031159,9.1
1533.9690640374715,0.2840806,0.017865982365506388,9.1
1534.9690656105838,0.37035134,0.019763254438329384,9.1
1535.9690671836963,0.36296389,0.019291124860393243,9.1
1536.9690687568086,0.12552974,0.018177058186298264,9.5
1537.969070329921,0.14965236,0.016955819629245934,5.9
1538.9690719030334,0.4488941,0.013555454146213477,9.5
1539.9690734761457,0.36721984,0.012446222767157664,7.5
1540.969075049258,0.34697193,0.012221688751896725,8.9
1541.9690766223705,0.23327471,0.012118093808787013,8.9
1542.9690781954828,0.26046312,0.010681376967002639,12.700000000000001
1543.969079768595,0.27481166,0.009529749369313263,12.700000000000001
1544.9690813417076,0.5301274,0.004260770304925606,7.2
1545.9690829148199,0.42743924,0.004882369508266288,10.9
1546.9690844879322,0.49831808,0.007360665260463003,8.1
1547.9690860610447,0.44959992,0.010208392519958627,14.700000000000001
1548.969087634157,0.38220564,0.010084744885487175,14.700000000000001
1549.9690892072695,0.31157306,0.010678407164467194,14.700000000000001
1550.9690907803817,0.5657078,0.010595947508237323,14.8
1551.969092353494,0.39852175,0.01060128049137496,14.8
1552.9690939266065,0.62821317,0.01055936917541458,14.8
1553.9690954997188,0.6003989,0.010552788510091157,14.8
1554.9690970728311,0.72296876,0.011969158234896754,13.3
1555.9690986459436,0.51016515,0.01169209607247322,14.700000000000001
1556.969100219056,0.6384896,0.012251421216370375,14.3
1557.9691017921682,0.68284833,0.010801198975814993,12.9
1558.9691033652807,0.59493613,0.012257631212732623,5.7
1559.969104938393,0.72654766,0.013992993908413772,5.7
1560.9691065115053,0.78643036,0.014154348769942687,5.7
1561.9691080846178,0.80333894,0.014645532564838947,5.7
1562.96910965773,0.7042291,0.014677824807072165,5.7
1563.9691112308424,0.64404434,0.014686650888658198,5.7
1564.9691128039549,0.5730877,0.013668668879033802,5.7
1565.9691143770672,0.61227125,0.013608675231994435,15.0
1566.9691159501795,0.40504628,0.012281283457793946,5.7
1567.969117523292,0.5276082,0.011656888103536869,15.0
1568.9691190964043,0.49965727,0.010490841840972714,15.0
1569.9691206695165,0.36789712,0.008166868777122235,15.0
1570.969122242629,0.5001011,0.008570009380209622,8.3
1571.9691238157413,0.4015145,0.008432088579329011,12.700000000000001
1572.9691253888536,0.48380497,0.008726582974180098,12.8
1573.9691269619661,0.4164021,0.009357812129787483,11.3
1574.9691285350784,0.6017083,0.009512265575791233,10.0
1575.9691301081907,0.4448331,0.010264709326837844,10.0
1576.9691316813032,0.52261144,0.010982439653973915,10.0
1577.9691332544155,0.48343837,0.012878589312520655,10.0
1578.9691348275278,0.4287635,0.014037905591300467,10.0
1579.9691364006403,0.34499696,0.013570213592004866,10.0
1580.9691379737526,0.3573876,0.013472610813482506,10.0
1581.9691395468649,0.32555565,0.01320609270559505,12.100000000000001
1582.9691411199774,0.6246673,0.013044073079465188,8.0
1583.9691426930897,0.5145365,0.012591491073497009,12.100000000000001
1584.969144266202,0.74613446,0.012848017855353383,5.800000000000001
1585.9691458393145,0.7355009,0.012823787708052389,12.100000000000001
1586.9691474124268,0.6244434,0.013388551359303301,8.8
1587.9691489855393,0.6975853,0.012860410834883797,12.4
1588.9691505586516,0.71274126,0.01177800817837774,9.1
1589.9691521317638,0.752632,0.012481910457712131,9.1
1590.9691537048764,0.73091215,0.012372481792330808,9.1
1591.9691552779886,0.62742585,0.013383208106786735,9.200000000000001
1592.969156851101,0.44454667,0.013683742730586217,9.200000000000001
1593.9691584242134,0.32786918,0.013704627236993719,9.200000000000001
1594.9691599973257,0.4717489,0.013258268309515158,9.200000000000001
1595.969161570438,0.34741214,0.012651955547283007,9.200000000000001
1596.9691631435505,0.49133486,0.01093392930359383,9.200000000000001
1597.9691647166628,0.35091403,0.009388614793595108,9.3
1598.969166289775,0.313392,0.008843272062556905,5.1000000000000005
1599.9691678628876,0.30362034,0.007993234909508555,5.300000000000001
1600.969169436,0.31738535,0.008690498724897796,2.7
1601.9691710091122,0.30362272,0.006669623988197111,15.0
1602.9691725822247,0.39175436,0.006676564441127964,11.200000000000001
1603.969174155337,0.3670451,0.00663453599669544,13.3
1604.9691757284493,0.41697967,0.006812358520823164,14.9
1605.9691773015618,0.32030162,0.007115689895054863,13.200000000000001
1606.969178874674,0.3731927,0.007277805472964404,14.600000000000001
1607.9691804477864,0.4672323,0.007473845685442444,14.600000000000001
1608.9691820208989,0.4189707,0.007318240678435161,14.600000000000001
1609.9691835940112,0.4379436,0.007037224232026713,9.1
1610.9691851671234,0.3082914,0.006719331768581475,13.3
1611.969186740236,0.3694819,0.008818651992326853,13.9
1612.9691883133482,0.27706027,0.009386191573173,13.9
1613.9691898864605,0.42602432,0.010429459031963075,13.700000000000001
1614.969191459573,0.33099282,0.010623492096960284,13.700000000000001
1615.9691930326853,0.42379776,0.010907628539051325,13.700000000000001
1616.9691946057976,0.3779883,0.010889531379230552,12.700000000000001
1617.9691961789101,0.35585928,0.011207770960622025,14.100000000000001
1618.9691977520224,0.46584737,0.01134453965745268,12.700000000000001
1619.9691993251347,0.6015527,0.011298295185936284,12.700000000000001
1620.9692008982472,0.5074558,0.012385082262123166,10.700000000000001
1621.9692024713595,0.42716417,0.012601336464137983,6.0
1622.9692040444718,0.6444989,0.012553197525932997,6.0
1623.9692056175843,0.6418229,0.01250687766392673,6.0
1624.9692071906966,0.5837704,0.013631949295781015,6.0
1625.9692087638089,0.58039325,0.013927565925047982,6.0
1626.9692103369214,0.69953924,0.014487195413455278,6.0
1627.9692119100337,0.50910515,0.014861079249145396,6.0
1628.9692134831462,0.3404304,0.014733566038772693,6.0
1629.9692150562585,0.42039692,0.014815531635863707,6.800000000000001
1630.9692166293707,0.72175044,0.039268315657332624,3.3000000000000003
1631.9692182024833,0.6762145,0.03934823383100663,3.8000000000000003
1632.9692197755955,0.6547338,0.03965687927323185,4.1000000000000005
1633.9692213487078,0.685326,0.03969818169094266,4.0
1634.9692229218203,0.7351778,0.039540844921214686,4.0
1635.9692244949326,0.8115238,0.039723052968912105,4.0
1636.969226068045,0.7328503,0.03986557686729999,4.0
1637.9692276411574,0.9042237,0.03965784501215197,4.0
1638.9692292142697,0.83120334,0.040263290881009973,4.1000000000000005
1639.969230787382,0.9802192,0.04049890030920386,3.7
1640.9692323604945,0.9583101,0.02928216905734089,7.9
1641.9692339336068,0.9250774,0.03393998419461474,6.2
1642.969235506719,0.89788246,0.035750789620822024,6.5
1643.9692370798316,0.78198105,0.040477801058342124,6.4
1644.969238652944,0.78560746,0.040921500743754786,6.5
1645.9692402260562,0.8032303,0.04266943472932944,6.5
1646.9692417991687,0.7290106,0.04260749567358604,6.5
1647.969243372281,0.85341936,0.04263231399391191,6.5
1648.9692449453933,0.47431663,0.04222174294511429,6.5
1649.9692465185058,0.40705064,0.04202073490547748,6.5
1650.969248091618,0.63055223,0.034446795819740646,6.5
1651.9692496647303,0.68520135,0.02914756296918335,6.5
1652.9692512378429,0.6520839,0.02609910586578074,6.5
1653.9692528109551,0.58672494,0.0173437905500124,10.200000000000001
1654.9692543840674,0.53600705,0.015689705115070406,0.8
1655.96925595718,0.7124419,0.008645831386384844,10.4
1656.9692575302922,0.6884379,0.007762749959950592,14.600000000000001
1657.9692591034045,0.69059604,0.0075763280642710375,10.4
1658.969260676517,0.6091242,0.0072506349635893435,8.4
1659.9692622496293,0.5972985,0.007007465526589033,8.4
1660.9692638227416,0.48078856,0.007348936755821131,2.7
1661.969265395854,0.60103387,0.008017225247296695,14.200000000000001
1662.9692669689664,0.57660156,0.008793411288232678,10.4
1663.9692685420787,0.57886326,0.008886822328948373,8.4
1664.9692701151912,0.66726875,0.00890559327616455,13.9
1665.9692716883035,0.53980124,0.008957242289966798,8.4
1666.969273261416,0.6233444,0.00901076761419054,13.5
1667.9692748345283,0.47994217,0.009176029582579709,11.700000000000001
1668.9692764076406,0.52095497,0.00896921911210285,13.0
1669.969277980753,0.7188412,0.009303913046982077,10.600000000000001
1670.9692795538654,0.60151345,0.009152796073116469,10.600000000000001
1671.9692811269776,0.76386744,0.008987773142021248,10.600000000000001
1672.9692827000902,0.6517979,0.008731072398421634,10.100000000000001
1673.9692842732024,0.7651671,0.009043943535438406,11.3
1674.9692858463147,0.61142975,0.008791909445023114,11.3
1675.9692874194272,0.65497357,0.0081311652913705,11.3
1676.9692889925395,0.5888257,0.007724830750344608,11.3
1677.9692905656518,0.6125389,0.009071979741489744,14.5
1678.9692921387643,0.6693437,0.009937569618715749,14.5
1679.9692937118766,0.644498,0.011418789914656627,12.4
1680.969295284989,0.6565906,0.013043793082198997,14.700000000000001
1681.9692968581014,0.5795966,0.014280386256623387,10.5
1682.9692984312137,0.61252236,0.014588498115882564,10.5
1683.969300004326,0.67878324,0.016459213694366252,9.3
1684.9693015774385,0.73316807,0.01760171288147921,10.4
1685.9693031505508,0.87340295,0.017718522533468183,10.4
1686.969304723663,0.7682801,0.017797646776154887,10.4
1687.9693062967756,0.6649589,0.016945883834050112,10.4
1688.9693078698879,0.55748975,0.016362063754212286,10.100000000000001
1689.9693094430002,0.68696046,0.015512086349512713,10.700000000000001
1690.9693110161127,0.56381,0.014228378600360816,10.700000000000001
1691.969312589225,0.4126688,0.01335580724023317,10.0
1692.9693141623372,0.37790912,0.013004472444752299,10.0
1693.9693157354498,0.45478734,0.011279325403460445,10.0
1694.969317308562,0.5671903,0.01049972357774752,8.1
1695.9693188816743,0.5791051,0.010826938378721163,8.1
1696.9693204547868,0.6889271,0.011162299199333625,13.0
1697.9693220278991,0.49945274,0.011542622146881454,9.5
1698.9693236010114,0.63493294,0.011993537447469128,9.5
1699.969325174124,0.697911,0.01171668668977931,8.0
1700.9693267472362,0.8346214,0.011716619594919698,11.0
1701.9693283203485,0.8951922,0.012814395930370145,12.0
1702.969329893461,0.85147524,0.014220433007818464,12.3
1703.9693314665733,0.8051227,0.020367210311835655,3.0
1704.9693330396858,0.43179286,0.02160675264457502,8.1
1705.969334612798,0.34587818,0.021822300471936736,3.9000000000000004
1706.9693361859104,0.48898906,0.026445418604322243,2.2
1707.969337759023,0.23418851,0.03030132898134108,1.9000000000000001
1708.9693393321352,0.38629678,0.03182077067794992,2.2
1709.9693409052475,0.23309489,0.03196544584218085,2.2
1710.96934247836,0.4426654,0.03194127763603364,2.2
1711.9693440514723,0.2879292,0.03132089721411195,1.9000000000000001
1712.9693456245845,0.5228954,0.030978599313044128,1.9000000000000001
1713.969347197697,0.57484525,0.02684880261320232,1.8
1714.9693487708093,0.8342519,0.025437770838891774,2.0
1715.9693503439216,0.8544162,0.025337654729115207,2.0
1716.9693519170341,0.7238735,0.0201342308813865,4.800000000000001
1717.9693534901464,0.48119146,0.014139391328640687,12.700000000000001
1718.9693550632587,0.7124341,0.013791201032737076,12.700000000000001
1719.9693566363712,0.6974242,0.015018578694597657,9.8
1720.9693582094835,0.85568553,0.02460821694168373,2.3000000000000003
1721.9693597825958,0.5576381,0.036086348059539544,2.3000000000000003
1722.9693613557083,0.59766626,0.03702781856889677,2.3000000000000003
1723.9693629288206,0.34493095,0.03717488422519405,2.3000000000000003
1724.969364501933,0.39686146,0.0371735374147789,2.3000000000000003
1725.9693660750454,0.4985304,0.036989309107624095,2.3000000000000003
1726.9693676481577,0.4695768,0.03698204307920372,2.3000000000000003
1727.96936922127,0.5180642,0.036669337478609496,2.3000000000000003
1728.9693707943825,0.5020474,0.035324095014388296,2.3000000000000003
1729.9693723674948,0.5828822,0.038829523812528535,3.0
1730.969373940607,0.867205,0.08030392079287989,1.4000000000000001
1731.9693755137196,0.8451186,0.08360673689724643,1.0
1732.9693770868319,0.7299448,0.10705807841515012,0.8
1733.9693786599441,0.44586033,0.10766946264685377,0.8
1734.9693802330567,0.42691508,0.10791076433375235,0.8
1735.969381806169,0.52572733,0.10889703739515735,0.8
1736.9693833792812,0.5578866,0.10906339035784611,0.8
1737.9693849523937,0.67866844,0.10920623866687154,0.8
1738.969386525506,0.8054329,0.10932560488035004,0.8
1739.9693880986183,0.9353864,0.10824266696584513,0.8
1740.9693896717308,0.9568969,0.08058224714216744,1.0
1741.969391244843,0.8992004,0.07271151147704168,1.1
1742.9693928179554,0.5084105,0.02633588163612198,3.3000000000000003
1743.969394391068,0.16735889,0.025172498658618373,3.3000000000000003
1744.9693959641802,0.13063796,0.02392707544183048,8.700000000000001
1745.9693975372927,0.19397995,0.01932274149301486,3.3000000000000003
1746.969399110405,0.14309072,0.018128056902031,7.5
1747.9694006835173,0.3985099,0.017712953205410192,3.6
1748.9694022566298,0.38114655,0.017727956961365622,3.6
1749.969403829742,0.14111352,0.017010644588444142,3.7
1750.9694054028544,0.2517161,0.01711781892053397,3.2
1751.9694069759669,0.32153472,0.016420553109413205,3.2
1752.9694085490792,0.2847543,0.01780860700459777,9.3
1753.9694101221914,0.18860202,0.015509937192231132,10.600000000000001
1754.969411695304,0.26172686,0.016098320052305347,10.600000000000001
1755.9694132684162,0.37029928,0.016184180181930602,10.600000000000001
1756.9694148415285,0.31017733,0.016855307411811734,10.700000000000001
1757.969416414641,0.42835456,0.018418953443006373,4.0
1758.9694179877533,0.3256963,0.017879757673313446,5.4
1759.9694195608656,0.500384,0.01767606102678227,14.0
1760.9694211339781,0.36445472,0.016607956814576923,14.0
1761.9694227070904,0.328419,0.019385180230457672,15.0
1762.9694242802027,0.19456561,0.018756340689470203,3.3000000000000003
1763.9694258533152,0.12701508,0.020650353304837117,8.5
1764.9694274264275,0.15656853,0.02024443553254827,8.5
1765.9694289995398,0.33952302,0.020180982521649304,8.5
1766.9694305726523,0.32970187,0.020281586875297335,8.5
1767.9694321457646,0.36947677,0.020278936261952797,4.2
1768.9694337188769,0.39923468,0.021607325337234893,4.2
1769.9694352919894,0.4297538,0.02272891948287552,4.2
1770.9694368651017,0.48598737,0.023696095254613577,4.2
1771.969438438214,0.35513663,0.024968198115130676,4.2
1772.9694400113265,0.20609462,0.026312935766060894,4.2
1773.9694415844388,0.18675767,0.0243644683290146,4.2
1774.969443157551,0.12508726,0.024535776473074165,7.7
1775.9694447306636,0.101045564,0.024263983700567333,4.2
1776.9694463037758,0.05952326,0.02386116795413512,4.2
1777.9694478768881,0.16573364,0.022557677316286197,7.7
1778.9694494500006,0.10278736,0.021839875876844134,7.7
1779.969451023113,0.13137515,0.020651046820134286,4.800000000000001
1780.9694525962252,0.1240374,0.01911163282170871,10.9
1781.9694541693377,0.23628415,0.013837356282752367,3.9000000000000004
1782.96945574245,0.14476071,0.009862483857428125,4.800000000000001
1783.9694573155625,0.26320946,0.010012634191422152,4.800000000000001
1784.9694588886748,0.20317389,0.0150093050346658,7.5
1785.969460461787,0.43777904,0.01680942934968858,4.4
1786.9694620348996,0.43612698,0.0182880908250694,3.6
1787.969463608012,0.3109492,0.01891837856941032,3.6
1788.9694651811242,0.40672424,0.022663436009875724,3.6
1789.9694667542367,0.1161172,0.02739753045737372,3.7
1790.969468327349,0.1397359,0.027573861259868614,3.7
1791.9694699004613,0.05348881,0.028865069942873984,3.7
1792.9694714735738,0.25536653,0.0305308521534855,3.7
1793.969473046686,0.29290256,0.033558546850853195,3.7
1794.9694746197983,0.24057883,0.032056260018298546,4.0
1795.9694761929109,0.17825039,0.0320963982869133,4.0
1796.9694777660231,0.3388867,0.03118188826165346,4.0
1797.9694793391354,0.3289487,0.03064516156195413,4.0
1798.969480912248,0.59212416,0.02755204896640559,4.0
1799.9694824853602,0.41069883,0.023125749768792586,4.5
1800.9694840584725,0.2271701,0.022832366289149572,4.5
1801.969485631585,0.65651125,0.02264152816575555,4.5
1802.9694872046973,0.4549808,0.020417470992378367,7.0
1803.9694887778096,0.5238264,0.014836969702801045,3.4000000000000004
1804.9694903509221,0.6179812,0.01395272565592271,7.800000000000001
1805.9694919240344,0.55382663,0.016191062553173603,3.3000000000000003
1806.9694934971467,0.4455364,0.018588608155733866,3.3000000000000003
1807.9694950702592,0.19035786,0.02359932195464714,4.800000000000001
1808.9694966433715,0.25610286,0.02365323848677126,4.800000000000001
1809.9694982164838,0.293349,0.023935406617694915,3.1
1810.9694997895963,0.2507455,0.02683580587762728,3.1
1811.9695013627086,0.44736955,0.0255482740102859,5.800000000000001
1812.9695029358209,0.6102405,0.02777973781349033,5.800000000000001
1813.9695045089334,0.23247875,0.03263674115111714,4.9
1814.9695060820457,0.34425583,0.03557616017707614,4.9
1815.969507655158,0.61159563,0.037843930662934615,4.9
1816.9695092282705,0.5819503,0.037681554542096436,4.9
1817.9695108013827,0.65929633,0.03782713241875199,4.1000000000000005
1818.969512374495,0.88628185,0.03871498615385774,3.6
1819.9695139476075,0.6523251,0.03879017106151029,3.6
1820.9695155207198,0.27107507,0.03691041814590232,4.9
1821.969517093832,0.14296691,0.036958496084992125,4.9
1822.9695186669446,0.5267811,0.03527155482626177,7.300000000000001
1823.969520240057,0.20869261,0.030781574125588136,7.300000000000001
1824.9695218131694,0.38988703,0.02731912527089847,3.9000000000000004
1825.9695233862817,0.2738789,0.0217277052145935,10.200000000000001
1826.969524959394,0.34396797,0.020167645828956915,10.200000000000001
1827.9695265325065,0.120182924,0.014636423100692728,8.9
1828.9695281056188,0.2994585,0.012355274495092359,10.700000000000001
1829.969529678731,0.16134733,0.013825446448838303,4.0
1830.9695312518436,0.15635088,0.014368357817113802,4.0
1831.9695328249559,0.07049196,0.014567791647990904,4.0
1832.9695343980682,0.13426381,0.014259270200770469,4.0
1833.9695359711807,0.24758868,0.016592053261830206,4.7
1834.969537544293,0.071473174,0.01630269722241477,4.7
1835.9695391174052,0.1858001,0.015868507720031653,4.7
1836.9695406905178,0.1095157,0.017174608769735984,2.2
1837.96954226363,0.18962018,0.01680079195702611,2.6
1838.9695438367423,0.24269198,0.017858228350337593,3.1
1839.9695454098548,0.3157419,0.01587974961692955,4.1000000000000005
1840.9695469829671,0.22764036,0.01597374976754591,2.6
1841.9695485560794,0.54912835,0.015485524032641175,2.6
1842.969550129192,0.3941158,0.015781891520852392,2.6
1843.9695517023042,0.59743834,0.013852295490813652,2.6
1844.9695532754165,0.48185852,0.018258026832904856,8.200000000000001
1845.969554848529,0.6111519,0.019916191684233798,2.8000000000000003
1846.9695564216413,0.43193528,0.02259515561313056,3.2
1847.9695579947536,0.43739992,0.02259421049034618,3.7
1848.969559567866,0.4479998,0.022779233456542477,3.7
1849.9695611409784,0.27503356,0.022712913223903355,3.7
1850.9695627140907,0.26914743,0.02265842640484906,3.8000000000000003
1851.9695642872032,0.307764,0.022690919964441576,3.6
1852.9695658603155,0.5052128,0.022481505094178157,3.6
1853.9695674334278,0.65026313,0.022056915203608918,3.6
1854.9695690065403,0.74414474,0.019349758355262717,3.6
1855.9695705796526,0.7404719,0.020116396354447043,2.2
1856.9695721527648,0.74864334,0.016934737456173188,10.3
1857.9695737258774,0.76531583,0.016982220483778076,10.5
1858.9695752989896,0.7420738,0.01620033678729968,10.5
1859.969576872102,0.6854985,0.01724479013223654,10.5
1860.9695784452144,0.8172216,0.018034012126854803,3.1
1861.9695800183267,0.60576504,0.018392701191110635,10.4
1862.9695815914392,0.2671749,0.018946128507093183,10.5
1863.9695831645515,0.15346292,0.019602854153555463,10.5
1864.9695847376638,0.22959691,0.019766983923365945,2.9000000000000004
1865.9695863107763,0.18105437,0.01739455154120968,2.4000000000000004
1866.9695878838886,0.118381456,0.016241667252123174,2.4000000000000004
1867.969589457001,0.12146722,0.017402347812821583,2.8000000000000003
1868.9695910301134,0.14357543,0.01698167217006276,2.8000000000000003
1869.9695926032257,0.11246341,0.017987224997836802,2.8000000000000003
1870.969594176338,0.13910204,0.01721714824791073,2.8000000000000003
1871.9695957494505,0.08144277,0.017498161678338734,2.8000000000000003
1872.9695973225628,0.27864638,0.017293595878038928,5.0
1873.969598895675,0.40273327,0.017223248359285837,4.0
1874.9696004687876,0.50973535,0.01686449866328882,2.7
1875.9696020418999,0.3895844,0.01788896113675151,4.1000000000000005
1876.9696036150121,0.40681913,0.018400015491984643,4.1000000000000005
1877.9696051881247,0.43868595,0.01813107263598848,3.8000000000000003
1878.969606761237,0.42360574,0.018264430451362983,8.5
1879.9696083343492,0.6522376,0.016896180162616424,8.5
1880.9696099074617,0.61228913,0.0165763038976917,3.8000000000000003
1881.969611480574,0.6138686,0.01600164601613534,3.8000000000000003
1882.9696130536863,0.448998,0.01638659734424963,3.8000000000000003
1883.9696146267988,0.44757062,0.018289260615890337,3.1
1884.9696161999111,0.7065905,0.024004793007041978,3.1
1885.9696177730234,0.55776924,0.026631883853590634,4.6000000000000005
1886.969619346136,0.55182457,0.029254552248780537,5.800000000000001
1887.9696209192482,0.566979,0.03294614147641351,8.200000000000001
1888.9696224923605,0.63387203,0.035001362062145734,8.200000000000001
1889.969624065473,0.39646348,0.03836629802275616,8.200000000000001
1890.9696256385853,0.69663954,0.03955016584820813,8.200000000000001
1891.9696272116976,0.39639953,0.04231672477837236,8.200000000000001
1892.96962878481,0.7169379,0.042592644047196,8.200000000000001
1893.9696303579224,0.32469228,0.042598969255402054,8.200000000000001
1894.9696319310347,0.389306,0.03963336893740529,8.200000000000001
1895.9696335041472,0.30622575,0.03730480874896536,4.7
1896.9696350772595,0.16676277,0.03570999012511131,4.7
1897.9696366503717,0.0819086,0.031827759869536856,5.0
1898.9696382234843,0.12232275,0.029498921060448408,7.4
1899.9696397965965,0.066499665,0.024548099856356125,7.4
1900.9696413697088,0.10215873,0.023279516997367206,7.4
1901.9696429428213,0.09252348,0.026035490581947568,5.1000000000000005
1902.9696445159336,0.19898528,0.02575032478311212,5.7
1903.9696460890461,0.21198401,0.024365198322258606,5.5
1904.9696476621584,0.112285614,0.024256948140897776,7.5
1905.9696492352707,0.17427407,0.0243659552439552,5.5
1906.9696508083832,0.44497362,0.0232018387480841,5.800000000000001
1907.9696523814955,0.39574406,0.023181929410086444,5.2
1908.9696539546078,0.3007695,0.022948239630586224,7.6000000000000005
1909.9696555277203,0.50521535,0.022801795250624958,7.6000000000000005
1910.9696571008326,0.635879,0.021866739044921243,7.6000000000000005
1911.9696586739449,0.7657319,0.011424952686927465,7.6000000000000005
1912.9696602470574,0.7915115,0.009820524261934449,7.0
1913.9696618201697,0.8186268,0.008960446358544443,6.7
1914.969663393282,0.6474635,0.010505460270289972,3.5
1915.9696649663945,0.6266241,0.01214191569743799,3.1
1916.9696665395068,0.6640568,0.013967791547782906,2.4000000000000004
1917.969668112619,0.62379396,0.014566970321172679,2.4000000000000004
1918.9696696857316,0.7003561,0.015014907367883192,2.4000000000000004
1919.9696712588438,0.6373791,0.015272317589734026,2.4000000000000004
1920.9696728319561,0.54038125,0.015424480948972167,2.4000000000000004
1921.9696744050686,0.6802699,0.01474931886080654,2.4000000000000004
1922.969675978181,0.60760933,0.016341689588672586,2.4000000000000004
1923.9696775512932,0.61204624,0.017132360713032105,3.2
1924.9696791244057,0.64571226,0.01788335730780979,7.9
1925.969680697518,0.6046764,0.01949057229445385,4.4
1926.9696822706303,0.56165737,0.02383217870992396,3.0
1927.9696838437428,0.22508453,0.02721877963414957,7.300000000000001
1928.969685416855,0.23362225,0.027332556081688643,7.300000000000001
1929.9696869899674,0.15653981,0.030574029558792497,4.3
1930.96968856308,0.06886019,0.030503470262593285,4.3
1931.9696901361922,0.06947898,0.03284689362209729,4.3
1932.9696917093045,0.15867929,0.036242547236020106,9.8
1933.969693282417,0.19761309,0.03599702964488513,9.8
1934.9696948555293,0.09651136,0.034968879672262275,6.300000000000001
1935.9696964286416,0.21891181,0.03342808319216152,6.300000000000001
1936.969698001754,0.52336925,0.030181416075300234,6.0
1937.9696995748664,0.5689816,0.027039123833271023,6.4
1938.9697011479786,0.5340694,0.027464273990429815,6.800000000000001
1939.9697027210912,0.6193803,0.02641254019596749,6.2
1940.9697042942034,0.5115431,0.030389933238407028,6.2
1941.969705867316,0.44087973,0.027992914473550602,4.7
1942.9697074404282,0.36780974,0.025601330981069412,4.7
1943.9697090135405,0.22017276,0.02776174341305577,4.7
1944.969710586653,0.07655063,0.02946652641143484,6.4
1945.9697121597653,0.1859053,0.029848413188405733,4.7
1946.9697137328776,0.1663488,0.02945609923266086,6.4
1947.9697153059901,0.115707815,0.029985234551111087,4.6000000000000005
1948.9697168791024,0.22345,0.029586115929355304,5.7
1949.9697184522147,0.16837454,0.027185236867998713,5.7
1950.9697200253272,0.5221828,0.022648851750094907,6.300000000000001
1951.9697215984395,0.47380692,0.022480733792825416,6.300000000000001
1952.9697231715518,0.39247566,0.018673542056630126,7.5
1953.9697247446643,0.5708315,0.014923103760186442,7.800000000000001
1954.9697263177766,0.50288963,0.011167981179141017,8.6
1955.9697278908889,0.6795879,0.010228638830717009,5.0
1956.9697294640014,0.7076421,0.011279760920130607,6.300000000000001
1957.9697310371137,0.4829521,0.009198829491959536,3.3000000000000003
1958.969732610226,0.51456106,0.007666834340015957,3.1
1959.9697341833385,0.4703851,0.009348054714724564,3.1
1960.9697357564507,0.43288413,0.009350241555353652,3.1
1961.969737329563,0.56876385,0.009306741145729807,3.1
1962.9697389026755,0.461556,0.009296663903286168,3.1
1963.9697404757878,0.3807898,0.009181186046668326,3.1
1964.9697420489001,0.43453646,0.010209702645157302,8.0
1965.9697436220126,0.38053027,0.010181055400438134,8.8
1966.969745195125,0.4836668,0.009048835074120435,9.700000000000001
1967.9697467682372,0.5460294,0.016059021933594403,4.2
1968.9697483413497,0.4564949,0.023342177702827323,8.8
1969.969749914462,0.56813204,0.028709168318339858,4.6000000000000005
1970.9697514875743,0.6444527,0.028900474716181578,4.6000000000000005
1971.9697530606868,0.36029562,0.03187171639516607,8.9
1972.969754633799,0.30951485,0.03379958475426858,4.6000000000000005
1973.9697562069114,0.21094449,0.03608151941516901,8.9
1974.9697577800239,0.14379548,0.03686705067605666,8.9
1975.9697593531362,0.18150347,0.03866412851497099,4.6000000000000005
1976.9697609262485,0.13740018,0.04108665531958945,4.6000000000000005
1977.969762499361,0.060299695,0.04145467972108162,4.6000000000000005
1978.9697640724733,0.052963495,0.038439899623462746,6.9
1979.9697656455855,0.06718446,0.03847292796204275,6.9
1980.969767218698,0.038239833,0.03999436341099506,6.9
1981.9697687918103,0.03736954,0.04014654077967569,6.9
1982.9697703649229,0.03206104,0.038939661350697874,6.9
1983.9697719380351,0.08652486,0.03684813779134576,6.9
1984.9697735111474,0.15343313,0.03577647027806038,6.9
1985.96977508426,0.33595732,0.033796836673593865,6.9
1986.9697766573722,0.404151,0.0344057368744068,6.2
1987.9697782304845,0.4224591,0.03304648702618761,6.2
1988.969779803597,0.5207552,0.035049993062173594,7.0
1989.9697813767093,0.530323,0.033947087566698494,5.4
1990.9697829498216,0.5317159,0.03204348403374023,7.6000000000000005
1991.969784522934,0.49193272,0.0331221314500916,7.6000000000000005
1992.9697860960464,0.22979829,0.036088515857477424,9.4
1993.9697876691587,0.20125128,0.03922344393778463,9.4
1994.9697892422712,0.11409616,0.03946558097820268,9.4
1995.9697908153835,0.117802076,0.039505991247224564,9.4
1996.9697923884958,0.24656141,0.03631432887985187,9.4
1997.9697939616083,0.44641423,0.03450910960044732,9.4
1998.9697955347206,0.5693524,0.031922368857370265,9.4
1999.9697971078328,0.72133774,0.02837811704424477,6.6000000000000005
2000.9697986809454,0.6612362,0.02925295034231615,9.3
2001.9698002540576,0.671041,0.0243644768137942,9.3
2002.96980182717,0.73989314,0.02401628762618648,7.2
2003.9698034002824,0.70228493,0.025116827220634,5.6000000000000005
2004.9698049733947,0.7294419,0.02578079509351141,5.6000000000000005
2005.969806546507,0.70983887,0.026951479539936738,5.6000000000000005
2006.9698081196195,0.288956,0.029324709019767276,5.6000000000000005
2007.9698096927318,0.09532302,0.031771924839798904,6.800000000000001
2008.969811265844,0.15501364,0.031635150105501615,5.6000000000000005
2009.9698128389566,0.1873569,0.03315927470687159,6.800000000000001
2010.969814412069,0.17520633,0.03767335963197557,4.6000000000000005
2011.9698159851812,0.12964174,0.04300900372945276,5.7
2012.9698175582937,0.06518422,0.04381511406525228,4.800000000000001
2013.969819131406,0.14650477,0.04556594202538123,8.9
2014.9698207045183,0.13779332,0.04641315966585891,7.4
2015.9698222776308,0.13152952,0.04572772123085225,7.4
2016.969823850743,0.115463406,0.04443932283872927,7.4
2017.9698254238554,0.032346945,0.04351699391822493,5.800000000000001
2018.9698269969679,0.100901656,0.04496216132496843,7.4
2019.9698285700802,0.07355619,0.05061061827373057,6.1000000000000005
2020.9698301431927,0.12675753,0.0488047337519556,6.1000000000000005
2021.969831716305,0.0559157,0.046208600727540586,6.1000000000000005
2022.9698332894172,0.15424725,0.04567917330688559,5.9
2023.9698348625298,0.09364564,0.042243619684529395,9.0
2024.969836435642,0.06493101,0.043842178975438004,9.0
2025.9698380087543,0.16596995,0.043834380602260054,9.0
2026.9698395818668,0.19363481,0.043619381550210064,9.0
2027.9698411549791,0.4357724,0.0438833709716782,9.0
2028.9698427280914,0.34518793,0.042573409718921186,9.0
2029.969844301204,0.573538,0.03394789018892124,9.0
2030.9698458743162,0.50027645,0.03096894593835237,4.2
2031.9698474474285,0.7358171,0.02981868174055973,4.2
2032.969849020541,0.3842044,0.028391249723619078,6.300000000000001
2033.9698505936533,0.6581969,0.027657230696462625,4.2
2034.9698521667656,0.7338012,0.02428331986027228,5.300000000000001
2035.969853739878,0.49846083,0.03196905668271824,3.6
2036.9698553129904,0.3198503,0.03259272988564096,4.7
2037.9698568861027,0.21435125,0.031187322481443618,11.0
2038.9698584592152,0.22428197,0.031226887257555288,4.2
2039.9698600323275,0.09362382,0.03160894856593289,4.2
2040.9698616054397,0.096747495,0.03179079257064127,4.2
2041.9698631785523,0.37250352,0.030717629059181108,7.1000000000000005
2042.9698647516645,0.177741,0.029052399375179446,7.1000000000000005
2043.9698663247768,0.16806605,0.030095089966781872,3.4000000000000004
2044.9698678978893,0.11733268,0.02975452448534147,4.9
2045.9698694710016,0.16224535,0.025590108247186053,4.9
2046.969871044114,0.11043311,0.03338232097423088,6.7
2047.9698726172264,0.09386584,0.033855322799131664,6.7
2048.9698741903385,0.045053583,0.03352713378106209,6.7
2049.969875763451,0.10618023,0.033188387684658746,6.7
2050.9698773365635,0.15779395,0.03326543532771294,6.7
2051.9698789096756,0.24855381,0.036539971646446096,4.800000000000001
2052.969880482788,0.26724687,0.03651946101707717,6.800000000000001
2053.9698820559006,0.2908932,0.03911227437228106,6.800000000000001
2054.9698836290127,0.23984775,0.04069129626795106,6.800000000000001
2055.969885202125,0.40635478,0.04161783336745188,6.800000000000001
2056.9698867752377,0.42086154,0.0405880345901523,6.800000000000001
2057.9698883483497,0.35584888,0.04341685640786241,9.3
2058.9698899214623,0.36101443,0.04385807774378764,9.3
2059.9698914945748,0.45809874,0.04384394551826888,6.800000000000001
2060.9698930676873,0.49396545,0.043638773118739774,6.800000000000001
2061.9698946407993,0.5053453,0.040726409682509894,9.3
2062.969896213912,0.44557384,0.040461580038540834,9.3
2063.9698977870244,0.46950778,0.03585523199714587,9.3
2064.9698993601364,0.6619308,0.03344168589911773,9.3
2065.969900933249,0.63796353,0.029161190106860933,7.800000000000001
2066.9699025063614,0.6795639,0.021734543541453745,2.9000000000000004
2067.9699040794735,0.7051926,0.014832885387887592,2.9000000000000004
2068.969905652586,0.74639076,0.014585704544609985,3.9000000000000004
2069.9699072256985,0.6225345,0.0151768931990743,3.9000000000000004
2070.9699087988106,0.19820587,0.016338756826246574,3.9000000000000004
2071.969910371923,0.28519252,0.0156707251504559,3.1
2072.9699119450356,0.4268888,0.0160258383732241,3.1
2073.9699135181477,0.29962978,0.016785225380458742,3.2
2074.96991509126,0.56488043,0.016105248322143013,3.2
2075.9699166643727,0.34122857,0.01917949449870629,3.2
2076.9699182374848,0.3069143,0.01834853000784344,3.2
2077.9699198105973,0.2341209,0.018213571360710126,3.2
2078.96992138371,0.23980679,0.017798489004661404,3.2
2079.969922956822,0.22779354,0.017332158339553913,3.2
2080.9699245299344,0.3541014,0.01735513729217817,3.2
2081.969926103047,0.23509866,0.017128125504618313,3.2
2082.969927676159,0.2830136,0.01624059526965423,8.5
2083.9699292492714,0.42569605,0.01569442232670409,8.700000000000001
2084.969930822384,0.5249914,0.01539428331003076,8.700000000000001
2085.969932395496,0.4585159,0.010808716551481256,4.800000000000001
2086.9699339686085,0.42919406,0.011628512761722451,3.1
2087.969935541721,0.5392801,0.014572605596431719,3.1
2088.969937114833,0.631536,0.015849307883720406,3.1
2089.9699386879456,0.5057856,0.0177066457215844,3.1
2090.969940261058,0.5909264,0.017313524467558055,3.1
2091.96994183417,0.53550863,0.0176352951740444,3.1
2092.9699434072827,0.63148016,0.01853472084677937,3.0
2093.969944980395,0.43864608,0.019423022448353686,3.2
2094.9699465535073,0.42613223,0.02076699635958691,3.2
2095.96994812662,0.24090603,0.02338989290498843,3.2
2096.9699496997323,0.25970823,0.030417944303174654,5.5
2097.9699512728444,0.24383341,0.031952222440640686,8.8
2098.969952845957,0.23142101,0.03454855220442987,4.5
2099.9699544190694,0.16389214,0.03625762930962102,3.5
2100.9699559921814,0.25394464,0.03618183366386968,3.5
2101.969957565294,0.17299959,0.037311984608148226,5.5
2102.9699591384065,0.20094109,0.036676250918714744,4.9
2103.9699607115185,0.24565071,0.03698909459554516,4.4
2104.969962284631,0.13762875,0.03737269299392669,4.4
2105.9699638577436,0.08735751,0.0371370550842898,5.0
2106.9699654308556,0.094827026,0.03442698866840014,6.5
2107.969967003968,0.078658625,0.03347343245884634,5.800000000000001
2108.9699685770806,0.12633434,0.03309749726038427,5.800000000000001
2109.9699701501927,0.16509135,0.030252584491253124,5.800000000000001
2110.969971723305,0.12911178,0.03030168822625504,3.9000000000000004
2111.9699732964177,0.08840326,0.028849142212780857,3.9000000000000004
2112.96997486953,0.095747635,0.029029298875991674,3.9000000000000004
2113.9699764426423,0.13067247,0.02795255144036079,9.200000000000001
2114.969978015755,0.20989609,0.02676686295768491,4.0
2115.969979588867,0.24112312,0.025611608015917133,8.3
2116.9699811619794,0.26078218,0.022538241688418236,12.700000000000001
2117.969982735092,0.13795464,0.019685800420140526,12.700000000000001
2118.9699843082044,0.19227175,0.014052693984285429,13.3
2119.9699858813165,0.20097046,0.014975045704342141,15.0
2120.969987454429,0.27973282,0.014939697618629623,12.100000000000001
2121.9699890275415,0.38805476,0.016659835074171486,12.100000000000001
2122.9699906006535,0.25815022,0.017208893550368285,4.3
2123.969992173766,0.45692134,0.01834768922431463,4.3
2124.9699937468786,0.46127915,0.019137480215711752,9.1
2125.9699953199906,0.17730783,0.03319274789358178,3.6
2126.969996893103,0.3372705,0.0326391030329603,3.1
2127.9699984662157,0.29187897,0.032921734783082135,3.1
2128.9700000393277,0.16112044,0.034111334725960785,3.3000000000000003
2129.9700016124402,0.3812085,0.03387424998192801,3.3000000000000003
2130.9700031855527,0.25253525,0.033582685889053214,3.3000000000000003
2131.970004758665,0.461773,0.03260555986945482,3.2
2132.9700063317773,0.32739192,0.03217417182135107,4.2
2133.97000790489,0.37641203,0.03137314454841037,4.2
2134.970009478002,0.413496,0.03081702641859455,3.2
2135.9700110511144,0.16778189,0.013468355845541263,9.3
2136.970012624227,0.2758187,0.013824886407147092,9.3
2137.970014197339,0.23668596,0.014175419748894939,9.200000000000001
2138.9700157704515,0.27961528,0.011835002976764122,4.9
2139.970017343564,0.17877391,0.019546502436072775,4.9
2140.970018916676,0.08697008,0.02073922842142384,3.7
2141.9700204897886,0.079810254,0.022417104021542275,4.9
2142.970022062901,0.22270735,0.022947376062933934,4.9
2143.970023636013,0.24857643,0.022904680273851424,4.9
2144.9700252091257,0.37572125,0.022628687763956167,4.9
2145.970026782238,0.3167474,0.02256257142442983,7.6000000000000005
2146.97002835535,0.18452375,0.021997569652623946,3.9000000000000004
2147.9700299284627,0.28212672,0.02136366785575107,7.5
2148.9700315015752,0.59810036,0.020776788219660697,7.5
2149.9700330746873,0.41849348,0.01342936734426183,7.5
2150.9700346478,0.4333804,0.012466573457167927,13.600000000000001
2151.9700362209123,0.40651083,0.011311675143801022,14.4
2152.9700377940244,0.54804057,0.010177465934999238,14.4
2153.970039367137,0.39491025,0.010984553548462346,8.1
2154.9700409402494,0.19954272,0.011353830204865264,14.3
2155.9700425133615,0.14259133,0.011706718271164743,14.3
2156.970044086474,0.2523692,0.011277419804419039,14.3
2157.9700456595865,0.20527661,0.011515325284681181,14.3
2158.9700472326986,0.3913227,0.011348466190240583,14.3
2159.970048805811,0.2235421,0.011615535513629536,14.3
2160.9700503789236,0.33460876,0.011332462472871492,8.200000000000001
2161.9700519520356,0.34422693,0.009447190718603381,11.200000000000001
2162.970053525148,0.30396885,0.00982345250011825,9.9
2163.9700550982607,0.39982536,0.00909301565565768,14.700000000000001
2164.9700566713727,0.43239614,0.009148711343798376,14.700000000000001
2165.9700582444852,0.51156837,0.008700628527152974,14.700000000000001
2166.9700598175978,0.26305366,0.009569815985924872,14.700000000000001
2167.97006139071,0.21655254,0.009320986924476948,14.700000000000001
2168.9700629638223,0.3114907,0.009245764890100736,14.700000000000001
2169.970064536935,0.42975312,0.008553938939019647,11.600000000000001
2170.970066110047,0.46281037,0.008093040816075694,11.600000000000001
2171.9700676831594,0.33052742,0.007833862440669906,10.5
2172.970069256272,0.42247868,0.007126134378007682,10.5
2173.970070829384,0.38335943,0.007378745046608582,10.5
2174.9700724024965,0.42954972,0.007054499631079548,15.0
2175.970073975609,0.43522477,0.007287314078523081,15.0
2176.970075548721,0.4986285,0.0067621989674569285,15.0
2177.9700771218336,0.47233894,0.007447822821446658,15.0
2178.970078694946,0.6070609,0.007284974716023554,13.0
2179.970080268058,0.6437935,0.007901504404260929,14.4
2180.9700818411707,0.6358969,0.007837211764667845,14.9
2181.970083414283,0.68478346,0.007998771261984294,12.9
2182.9700849873952,0.61401,0.008001134556104902,12.9
2183.9700865605078,0.61362374,0.00749299831838099,13.100000000000001
2184.9700881336203,0.5265571,0.007168195672827857,13.100000000000001
2185.9700897067323,0.59250677,0.009081290001745927,14.100000000000001
2186.970091279845,0.47424597,0.008705918616879546,13.600000000000001
2187.9700928529574,0.6705486,0.008050903154150075,14.3
2188.9700944260694,0.41755763,0.00806699145344005,14.3
2189.970095999182,0.47669435,0.007440949285379237,13.0
2190.9700975722944,0.49855027,0.008893299957252456,14.600000000000001
2191.9700991454065,0.40257904,0.010214099645342038,15.0
2192.970100718519,0.42831337,0.019232409488556736,2.0
2193.9701022916315,0.52407664,0.02264361218809028,2.9000000000000004
2194.9701038647436,0.16174805,0.023354589043252185,2.2
2195.970105437856,0.27112517,0.02483054260234669,2.2
2196.9701070109686,0.36026976,0.02481288929973404,2.2
2197.970108584081,0.5367486,0.024811510714625583,2.2
2198.970110157193,0.4906345,0.024976134514462428,2.2
2199.9701117303057,0.54569846,0.024975001356540592,2.2
2200.970113303418,0.7036906,0.024311260310305467,2.2
2201.9701148765303,0.7215162,0.024217614603704814,2.2
2202.970116449643,0.72157687,0.01946520774493445,13.3
2203.9701180227553,0.82077616,0.02208603208653683,13.3
2204.9701195958673,0.86020416,0.024149481316223922,2.8000000000000003
2205.97012116898,0.83863914,0.024463908395305798,2.2
2206.9701227420924,0.7113518,0.02556855429376117,2.2
2207.9701243152044,0.4462482,0.0440696921565179,3.0
2208.970125888317,0.21500778,0.045114117705109494,3.0
2209.9701274614295,0.2963122,0.0465192721596484,3.0
2210.9701290345415,0.64860255,0.04714910716845309,3.0
2211.970130607654,0.6253507,0.047295828649157455,3.0
2212.9701321807665,0.7524167,0.047301680463593024,3.9000000000000004
2213.9701337538786,0.7751514,0.04532138864906857,3.0
2214.970135326991,0.6937219,0.0439651324936975,3.0
2215.9701369001036,0.42290366,0.042585966237146056,2.9000000000000004
2216.9701384732157,0.6812171,0.04191488514112991,2.9000000000000004
2217.970140046328,0.6651214,0.021637086920703447,9.1
2218.9701416194407,0.8707141,0.01915542330204608,9.1
2219.9701431925528,0.76151466,0.01540794890471421,14.8
2220.9701447656653,0.85093,0.013303449965249806,8.1
2221.970146338778,0.6684201,0.01179377774943951,8.1
2222.97014791189,0.5975686,0.009126141607121429,7.300000000000001
2223.9701494850024,0.65923476,0.0037879837693659537,7.5
2224.970151058115,0.641589,0.0033309223224698495,8.6
2225.970152631227,0.69859785,0.003179538736624904,11.4
2226.9701542043395,0.62936574,0.003152205904080191,11.4
2227.970155777452,0.58331144,0.003120160139800957,13.0
2228.970157350564,0.6390965,0.0031782942314292294,11.3
2229.9701589236765,0.61770546,0.005402063684400947,9.8
2230.970160496789,0.6175827,0.007638543139760356,8.200000000000001
2231.970162069901,0.68099445,0.008120963237128178,8.200000000000001
2232.9701636430136,0.7188377,0.010112032747342318,8.6
2233.970165216126,0.61458516,0.012540120773450437,14.5
2234.970166789238,0.59267104,0.012520298599052685,14.5
2235.9701683623507,0.6244324,0.01251306110051445,14.5
2236.970169935463,0.6150448,0.012645647117164482,14.5
2237.9701715085753,0.709649,0.012683603006272923,14.5
2238.970173081688,0.68133336,0.012638056924073476,14.5
2239.9701746548003,0.8110932,0.01184376122971656,14.5
2240.9701762279124,0.7450515,0.010948737420536215,14.5
2241.970177801025,0.65619975,0.010709870991039129,14.4
2242.9701793741374,0.73984843,0.008880524002481127,14.4
2243.9701809472494,0.66961837,0.0050006373302385,14.3
2244.970182520362,0.71783453,0.006556936754119465,14.4
2245.9701840934745,0.7163771,0.01606632246055219,2.4000000000000004
2246.9701856665865,0.70045376,0.016677048324616205,2.9000000000000004
2247.970187239699,0.5356778,0.01789358811848569,2.4000000000000004
2248.9701888128116,0.38947624,0.018472117835283613,2.9000000000000004
2249.9701903859236,0.20211545,0.018730086806070648,2.9000000000000004
2250.970191959036,0.34501913,0.018527711383206823,2.6
2251.9701935321486,0.13034807,0.018475550570140175,2.9000000000000004
2252.9701951052607,0.32173538,0.018458414537952997,2.9000000000000004
2253.970196678373,0.25556797,0.01843834207915316,2.6
2254.9701982514857,0.39416435,0.018587393034514694,2.6
2255.970199824598,0.2594092,0.012025901545112136,8.700000000000001
2256.9702013977103,0.21193764,0.011084739331165543,8.700000000000001
2257.970202970823,0.32514468,0.01042199978046364,9.1
2258.970204543935,0.3244283,0.01027321482606924,12.5
2259.9702061170474,0.4285771,0.010868538205750615,14.8
2260.97020769016,0.5980598,0.01091110630732103,4.9
2261.970209263272,0.46734023,0.011718120158591494,4.9
2262.9702108363845,0.58761907,0.011900448162919408,4.9
2263.970212409497,0.49136183,0.012622898044759438,12.5
2264.970213982609,0.3241604,0.011776829396647606,12.100000000000001
2265.9702155557216,0.44223908,0.011196827692083,12.100000000000001
2266.970217128834,0.30988076,0.013855134541068258,13.600000000000001
2267.970218701946,0.355607,0.013515382814269238,13.600000000000001
2268.9702202750586,0.38326275,0.0128430158030423,13.600000000000001
2269.970221848171,0.5557733,0.011954393143833106,6.1000000000000005
2270.970223421283,0.62418514,0.011905752289026832,7.300000000000001
2271.9702249943957,0.6833113,0.018871832139994164,7.300000000000001
2272.9702265675082,0.6039711,0.021346759400024912,7.300000000000001
2273.9702281406203,0.72656965,0.021673917807856356,4.2
2274.970229713733,0.4765379,0.024555636312296618,4.9
2275.9702312868453,0.61651397,0.0384967208599599,6.1000000000000005
2276.970232859958,0.42749107,0.03824818058623798,6.1000000000000005
2277.97023443307,0.539879,0.03900223493508328,5.0
2278.9702360061824,0.41378656,0.03903736913904189,5.0
2279.970237579295,0.30153894,0.039182696217986215,5.0
2280.970239152407,0.27177626,0.03967674276871777,5.0
2281.9702407255195,0.14592962,0.03710848995435472,5.0
2282.970242298632,0.33464563,0.03585018842699848,6.2
2283.970243871744,0.3009889,0.03540142501528548,6.2
2284.9702454448566,0.5303312,0.03351696369528121,6.2
2285.970247017969,0.44853136,0.015781350747009256,6.2
2286.970248591081,0.27704388,0.015597701022511918,10.5
2287.9702501641937,0.6862285,0.014509027465904715,10.5
2288.970251737306,0.72715145,0.01583284647907636,8.9
2289.9702533104182,0.78486544,0.019057486348491207,4.800000000000001
2290.9702548835307,0.6453664,0.01811672361302056,3.6
2291.9702564566433,0.6169652,0.017094714128605408,3.6
2292.9702580297553,0.52383375,0.016811938250869084,3.6
2293.970259602868,0.31395936,0.016992962161121443,3.6
2294.9702611759803,0.54424155,0.01702493785328364,3.6
2295.9702627490924,0.52272385,0.01690723251950741,11.8
2296.970264322205,0.5378143,0.01574479482613748,10.4
2297.9702658953174,0.44955355,0.014463001069694111,10.100000000000001
2298.9702674684295,0.44795808,0.013134853125677894,10.100000000000001
2299.970269041542,0.5597132,0.007738990228374859,8.200000000000001
2300.9702706146545,0.6145892,0.008301180130426645,12.5
2301.9702721877666,0.5721596,0.008411139641988466,10.4
2302.970273760879,0.72259444,0.00872663270663328,10.4
2303.9702753339916,0.58152825,0.008535906152298517,14.8
2304.9702769071037,0.73306847,0.008217107735532263,14.8
2305.970278480216,0.50080603,0.010189390428882623,14.600000000000001
2306.9702800533287,0.7937493,0.011172730273072416,14.600000000000001
2307.9702816264407,0.65738493,0.010958147357839449,14.600000000000001
2308.9702831995533,0.60361594,0.0114711365426808,14.9
2309.9702847726658,0.42219764,0.011255733276490359,14.4
2310.970286345778,0.35029665,0.011264534811113728,13.700000000000001
2311.9702879188903,0.29987237,0.011680427061172774,14.700000000000001
2312.970289492003,0.15944621,0.01146939726135067,13.700000000000001
2313.970291065115,0.118028365,0.011689163510434407,13.700000000000001
2314.9702926382274,0.15226807,0.012984376363323004,8.4
2315.97029421134,0.06915663,0.013414243674280598,8.4
2316.970295784452,0.13164945,0.013764197611176249,7.5
2317.9702973575645,0.1552807,0.013999977534857296,7.5
2318.970298930677,0.3442549,0.013858567164196678,10.4
2319.970300503789,0.13820879,0.013880764350311688,6.5
2320.9703020769016,0.33078226,0.013477735498312762,6.5
2321.970303650014,0.23481786,0.013121878484886879,9.600000000000001
2322.970305223126,0.269635,0.013312528212295883,8.1
2323.9703067962387,0.20831686,0.013002488416481042,8.1
2324.970308369351,0.3857911,0.0116618626022365,12.8
2325.9703099424632,0.32571948,0.009716615698288938,14.600000000000001
2326.9703115155758,0.28756356,0.007894505586505162,13.3
2327.9703130886883,0.4533368,0.0076316506940862444,13.3
2328.9703146618003,0.41462025,0.011413326506269167,9.200000000000001
2329.970316234913,0.3889901,0.012702429938966132,9.4
2330.9703178080254,0.40133393,0.01342957808613569,9.4
2331.9703193811374,0.6114285,0.013384192820569187,9.4
2332.97032095425,0.81381,0.013304251959837836,9.600000000000001
2333.9703225273624,0.6880913,0.013345784959601226,9.600000000000001
2334.9703241004745,0.7070712,0.013595270801415354,6.4
2335.970325673587,0.768897,0.013341670297927866,9.600000000000001
2336.9703272466995,0.763444,0.013302533765465597,9.3
2337.9703288198116,0.69203436,0.013522518846923907,9.3
2338.970330392924,0.7440615,0.009954326558975922,9.3
2339.9703319660366,0.7953821,0.008647613771559686,3.1
2340.9703335391487,0.785939,0.007403385183168813,3.1
2341.970335112261,0.75662297,0.008480684078873577,8.9
2342.9703366853737,0.726385,0.008510822032870196,12.9
2343.9703382584858,0.7727576,0.009017457364670188,12.9
2344.9703398315983,0.6433562,0.008785504743206007,8.1
2345.970341404711,0.5344566,0.008999108342537263,11.200000000000001
2346.970342977823,0.43123883,0.009007296183560543,8.9
2347.9703445509354,0.38877708,0.00908715990738997,10.100000000000001
2348.970346124048,0.38552517,0.009571390798403787,10.100000000000001
2349.97034769716,0.3273928,0.01014129098982413,2.7
2350.9703492702724,0.29937688,0.012634448845200425,2.9000000000000004
2351.970350843385,0.3728253,0.011980072196144081,2.9000000000000004
2352.970352416497,0.54032236,0.012369510990711515,2.9000000000000004
2353.9703539896095,0.37652206,0.013853549033706293,11.0
2354.970355562722,0.45975825,0.013710086582079943,11.0
2355.9703571358345,0.50228053,0.013590078793527187,11.0
2356.9703587089466,0.4868078,0.013482764443412619,11.0
2357.970360282059,0.5310682,0.013844854484172808,4.1000000000000005
2358.9703618551716,0.511131,0.013414792250455818,4.1000000000000005
2359.9703634282837,0.4944063,0.012706042327549433,10.600000000000001
2360.970365001396,0.5194194,0.010141454782407551,11.700000000000001
2361.9703665745087,0.43680695,0.010079104465854258,10.600000000000001
2362.970368147621,0.47750854,0.010704659264228655,4.1000000000000005
2363.9703697207333,0.55094284,0.010553490631055013,7.2
2364.970371293846,0.49157867,0.012654709540087579,7.2
2365.970372866958,0.47169906,0.014149215343557363,7.2
2366.9703744400704,0.42994025,0.015519919878992724,7.2
2367.970376013183,0.5852887,0.017075212396972614,7.2
2368.970377586295,0.20005116,0.017647495595047018,7.2
2369.9703791594075,0.20315619,0.019423275319445786,7.2
2370.97038073252,0.22751652,0.02048723345318711,6.0
2371.970382305632,0.4013316,0.02121262277849085,6.0
2372.9703838787445,0.4253997,0.023635340571671635,8.200000000000001
2373.970385451857,0.33908397,0.023586758613665736,8.200000000000001
2374.970387024969,0.26096714,0.022571983792464133,8.200000000000001
2375.9703885980816,0.24035202,0.021614458621233946,8.200000000000001
2376.970390171194,0.36418495,0.020662232312848475,8.200000000000001
2377.970391744306,0.63835734,0.01897365650466205,8.200000000000001
2378.9703933174187,0.495343,0.018824702338667263,8.200000000000001
2379.970394890531,0.5235974,0.016832614547068452,5.300000000000001
2380.9703964636433,0.42983884,0.01551014424024896,5.300000000000001
2381.970398036756,0.4743987,0.014469795053563638,5.5
2382.9703996098683,0.56331456,0.008380681780680835,15.0
2383.9704011829804,0.6106333,0.005979044372632596,2.7
2384.970402756093,0.5048207,0.010730668663252441,4.1000000000000005
2385.9704043292054,0.6146357,0.01077838567303972,3.8000000000000003
2386.9704059023175,0.5620911,0.01162967986538247,4.1000000000000005
2387.97040747543,0.47481692,0.015309023169440578,8.0
2388.9704090485425,0.43308634,0.015416347121207796,8.0
2389.9704106216545,0.5040224,0.015548737053982945,8.0
2390.970412194767,0.5723379,0.015563791624774044,8.0
2391.9704137678796,0.6618495,0.01585717810376191,8.0
2392.9704153409916,0.51623917,0.016935739497711783,4.0
2393.970416914104,0.44106185,0.01676869555836298,5.300000000000001
2394.9704184872166,0.42997786,0.014628194232506999,5.1000000000000005
2395.9704200603287,0.42086872,0.014673177446647404,5.300000000000001
2396.970421633441,0.43987912,0.014528489398188753,5.300000000000001
2397.9704232065537,0.42753893,0.010376150613969367,3.4000000000000004
2398.970424779666,0.48096347,0.009675963492098793,3.4000000000000004
2399.9704263527783,0.45879406,0.009921764681111177,5.2
2400.970427925891,0.3775129,0.010070185399103133,5.2
2401.970429499003,0.3963278,0.009604189034060137,3.8000000000000003
2402.9704310721154,0.30327842,0.008147368190186945,2.3000000000000003
2403.970432645228,0.3581042,0.00800573733837843,1.9000000000000001
2404.97043421834,0.2397484,0.007074280806190595,1.9000000000000001
2405.9704357914525,0.42143923,0.006852262366076086,9.1
2406.970437364565,0.5525816,0.005594070269783277,1.9000000000000001
2407.970438937677,0.5278607,0.007085126533263942,13.100000000000001
2408.9704405107896,0.4535615,0.008814218751367101,12.700000000000001
2409.970442083902,0.49616882,0.009311934706782663,3.3000000000000003
2410.970443657014,0.5311421,0.009198264052698885,3.3000000000000003
2411.9704452301266,0.57523966,0.011058648872933964,3.3000000000000003
2412.970446803239,0.45351535,0.010673239001781964,3.3000000000000003
2413.970448376351,0.585863,0.010612101772131986,3.3000000000000003
2414.9704499494637,0.5629574,0.010713028452963116,3.3000000000000003
2415.9704515225762,0.55893373,0.01088672439204548,3.3000000000000003
2416.9704530956883,0.6012406,0.010918520304727435,3.3000000000000003
2417.970454668801,0.5919689,0.010276611644760401,7.800000000000001
2418.9704562419133,0.5906556,0.008935618499644405,4.800000000000001
2419.9704578150254,0.61841047,0.010632536777234023,9.700000000000001
2420.970459388138,0.548251,0.012586224332551715,4.2
2421.9704609612504,0.7202019,0.022197569184524948,4.2
2422.9704625343625,0.6429391,0.026810754541688967,3.0
2423.970464107475,0.3545537,0.027525295498557287,3.0
2424.9704656805875,0.50362563,0.027598243899606714,3.0
2425.9704672536996,0.40677774,0.027680252190100223,3.0
2426.970468826812,0.3409384,0.03745782508775637,2.8000000000000003
2427.9704703999246,0.42023313,0.03737698306606651,2.8000000000000003
2428.9704719730366,0.5907191,0.037371954258037396,2.8000000000000003
2429.970473546149,0.6126746,0.036806215748432354,2.8000000000000003
2430.9704751192617,0.6576269,0.03662856675877238,2.8000000000000003
2431.9704766923737,0.49634683,0.033015196849939664,2.5
2432.9704782654862,0.36709943,0.0294017627855065,2.7
2433.9704798385987,0.3880093,0.032888881912610246,2.9000000000000004
2434.9704814117113,0.39966688,0.03327532509731425,2.3000000000000003
2435.9704829848233,0.37955007,0.03595598600320239,2.9000000000000004
2436.970484557936,0.19510207,0.028094652091112806,4.9
2437.9704861310483,0.4388269,0.02859311664916622,4.9
2438.9704877041604,0.64322025,0.02990815395847978,4.9
2439.970489277273,0.5623888,0.02985161696592267,4.9
2440.9704908503854,0.44928,0.029293807830879398,4.800000000000001
2441.9704924234975,0.87688124,0.02717865850751007,4.800000000000001
2442.97049399661,0.9248841,0.027203150456403098,4.800000000000001
2443.9704955697225,0.6609269,0.021983877943134705,5.7
2444.9704971428346,0.67388177,0.021256607975994293,4.800000000000001
2445.970498715947,0.8960034,0.016007584422028976,8.1
2446.9705002890596,0.83267254,0.011064913486501347,7.9
2447.9705018621717,0.75517976,0.009708130311528174,8.1
2448.970503435284,0.81899023,0.005797260074392608,12.5
2449.9705050083967,0.7774093,0.005882145373015549,12.3
2450.9705065815087,0.8294768,0.008691456457663215,8.1
2451.9705081546213,0.81880826,0.030264517067217393,3.7
2452.9705097277338,0.8026627,0.030580058355613057,3.7
2453.970511300846,0.45005932,0.03362993326928589,3.7
2454.9705128739583,0.26941645,0.034408640601490355,3.7
2455.970514447071,0.1113954,0.035813649795884306,3.6
2456.970516020183,0.050196875,0.036115347816672236,3.6
2457.9705175932954,0.10000597,0.03672668177354623,3.6
2458.970519166408,0.06780677,0.038460966724745776,3.6
2459.97052073952,0.15402423,0.03876470126430951,3.6
2460.9705223126325,0.15387933,0.03854680355034756,3.6
2461.970523885745,0.17344841,0.025825187007900575,7.6000000000000005
2462.970525458857,0.40466365,0.027170753802278597,3.6
2463.9705270319696,0.32045558,0.023879319244425056,6.800000000000001
2464.970528605082,0.5963359,0.023828211487308754,4.1000000000000005
2465.970530178194,0.8105961,0.02175354018821335,7.2
2466.9705317513067,0.83490777,0.021325590761758727,7.2
2467.970533324419,0.8131114,0.020451577796431333,14.600000000000001
2468.9705348975313,0.7330131,0.016879206581739126,9.600000000000001
2469.9705364706438,0.76392585,0.01783376405761019,9.5
2470.9705380437563,0.8095882,0.017491002519671933,10.100000000000001
2471.9705396168683,0.70196116,0.01706055082611471,10.100000000000001
2472.970541189981,0.5259253,0.014240473734308147,10.100000000000001
2473.9705427630934,0.4679149,0.013471111852961954,10.100000000000001
2474.9705443362054,0.5317306,0.011630671072112783,8.6
2475.970545909318,0.5535941,0.011528668248924357,8.6
2476.9705474824304,0.57249,0.012135535372771422,6.6000000000000005
2477.9705490555425,0.60934335,0.014201993420715908,6.6000000000000005
2478.970550628655,0.44888204,0.013893816768078927,6.6000000000000005
2479.9705522017675,0.7270685,0.011372129292586524,10.200000000000001
2480.9705537748796,0.61605984,0.010849230116589205,14.8
2481.970555347992,0.7696987,0.010533944651450149,14.8
2482.9705569211046,0.81294715,0.020076283480321477,4.3
2483.9705584942167,0.77978724,0.023130559086760524,4.3
2484.970560067329,0.73455256,0.03248747261128828,6.4
2485.9705616404417,0.73735374,0.03286086666635229,6.4
2486.9705632135538,0.5692913,0.03466745804748221,8.700000000000001
2487.9705647866663,0.720623,0.03431714848320772,7.4
2488.970566359779,0.7791155,0.03414601436785753,7.5
2489.970567932891,0.5467114,0.03415860601490971,7.4
2490.9705695060034,0.4158869,0.035459745434822484,8.200000000000001
2491.970571079116,0.32997757,0.03748035896456049,8.200000000000001
2492.970572652228,0.4656609,0.03335634365372954,8.200000000000001
2493.9705742253404,0.59634304,0.03201120741073804,7.300000000000001
2494.970575798453,0.45096573,0.02360618680955771,9.0
2495.970577371565,0.5530487,0.023609584192602343,9.0
2496.9705789446775,0.46232402,0.020725167783448826,6.7
2497.97058051779,0.4438468,0.019850209048472123,6.7
2498.970582090902,0.39624745,0.02010418107801949,5.800000000000001
2499.9705836640146,0.42883697,0.02108766166192865,6.7
2500.970585237127,0.6667664,0.018854736263492176,9.5
2501.970586810239,0.43953285,0.016578753720354042,12.9
2502.9705883833517,0.583445,0.017198610476912235,6.7
2503.970589956464,0.5447911,0.01676282283893921,10.3
2504.9705915295763,0.5938463,0.015518678878541449,6.7
2505.970593102689,0.48705167,0.015484853835317686,6.7
2506.9705946758013,0.70360476,0.015303313459407402,6.7
2507.9705962489134,0.49650723,0.015828866913802166,6.7
2508.970597822026,0.6309507,0.015875906881845536,6.7
2509.9705993951384,0.42050588,0.014986038242259619,6.7
2510.9706009682504,0.50694156,0.015329487985415061,6.7
2511.970602541363,0.5961545,0.013271199047057822,9.200000000000001
2512.9706041144755,0.5721394,0.013263001084749768,10.9
2513.970605687588,0.42748755,0.012741797441539372,14.5
2514.9706072607,0.2500777,0.012307909210937149,14.5
2515.9706088338125,0.2915304,0.01161420301395297,14.5
2516.970610406925,0.27574465,0.01389878120741286,14.5
2517.970611980037,0.41916817,0.015968783965996478,14.5
2518.9706135531496,0.40113536,0.01640896473393423,9.5
2519.970615126262,0.31628814,0.01692448413148628,9.5
2520.970616699374,0.5037789,0.016872703998272544,9.3
2521.9706182724867,0.42140636,0.01830932187519849,9.5
2522.9706198455992,0.64408845,0.0276387992525902,10.5
2523.9706214187113,0.6216484,0.02890976669198635,7.5
2524.970622991824,0.9006991,0.04335808537905638,3.1
2525.9706245649363,0.73092014,0.0434595835594872,3.5
2526.9706261380484,0.61189413,0.042805745453531746,3.5
2527.970627711161,0.3791055,0.04318978052566135,2.3000000000000003
2528.9706292842734,0.7210533,0.044768075497822836,3.5
2529.9706308573855,0.33738503,0.045691400600462735,3.5
2530.970632430498,0.3690104,0.04593461073239925,3.5
2531.9706340036105,0.47477362,0.04598353319809458,3.5
2532.9706355767225,0.76326776,0.04129730468608807,2.6
2533.970637149835,0.54708105,0.04084414441894455,2.6
2534.9706387229476,0.40440392,0.024939468601298247,4.3
2535.9706402960596,0.2743305,0.02482015520648449,4.3
2536.970641869172,0.28220576,0.025100085032428384,4.3
2537.9706434422847,0.34786466,0.02307822892647635,4.3
2538.9706450153967,0.32489923,0.019252246963470637,4.3
2539.970646588509,0.5058297,0.016230436665080845,11.700000000000001
2540.9706481616217,0.65371764,0.015187245658544976,10.600000000000001
2541.970649734734,0.51318187,0.013175930569526678,9.8
2542.9706513078463,0.5254925,0.011437496167929601,9.8
2543.970652880959,0.5263824,0.008775049297313153,8.0
2544.970654454071,0.65905774,0.008769285794150454,11.100000000000001
2545.9706560271834,0.62044805,0.008432100698148428,11.100000000000001
2546.970657600296,0.6981175,0.008035703880141559,11.4
2547.970659173408,0.7217226,0.007177320176396068,11.9
2548.9706607465205,0.7808225,0.007614800733286042,13.3
2549.970662319633,0.7206071,0.007738498398455904,8.1
2550.970663892745,0.76949596,0.008844445276896509,7.5
2551.9706654658576,0.723611,0.008596671885509314,7.5
2552.97066703897,0.41044626,0.010298899668381807,9.5
2553.970668612082,0.4498513,0.011148358017648885,9.5
2554.9706701851946,0.5555956,0.011094871339526281,9.5
2555.970671758307,0.48359114,0.011507845989327452,7.5
2556.970673331419,0.256255,0.012452945933362533,9.5
2557.9706749045317,0.310281,0.012586406312652938,9.5
2558.9706764776442,0.30653036,0.013331376865024827,12.4
2559.9706780507563,0.18412395,0.013013233921699303,12.4
2560.970679623869,0.32225633,0.012765707663225994,8.6
2561.9706811969813,0.20812248,0.012677673776689786,8.6
2562.9706827700934,0.3631985,0.011521385334742671,12.4
2563.970684343206,0.46595177,0.010929238162875053,12.3
2564.9706859163184,0.317496,0.011980315740819114,12.700000000000001
2565.9706874894305,0.4317387,0.011996755635635072,13.200000000000001
2566.970689062543,0.4217015,0.010645517551150818,12.9
2567.9706906356555,0.36680424,0.010906555500023654,12.700000000000001
2568.9706922087676,0.44276208,0.010003242904559333,12.8
2569.97069378188,0.44779605,0.010858156519770698,12.8
2570.9706953549926,0.53317386,0.010314866607002808,12.8
2571.9706969281046,0.27091843,0.010383698678003492,12.8
2572.970698501217,0.3754579,0.010208276785369473,12.8
2573.9707000743297,0.4287752,0.009994043839708092,12.8
2574.9707016474417,0.5703595,0.00852386690384414,11.200000000000001
2575.9707032205542,0.64577585,0.007629445498807034,10.200000000000001
2576.9707047936668,0.6672712,0.007939470967604136,11.8
2577.970706366779,0.65882665,0.007491566172949243,13.700000000000001
2578.9707079398913,0.7236667,0.006997619513390174,14.0
2579.970709513004,0.5940852,0.005507474272479214,14.0
2580.970711086116,0.6733362,0.005450381767289414,14.0
2581.9707126592284,0.7233045,0.006911439056309974,14.0
2582.970714232341,0.6999605,0.006906170610999058,14.0
2583.970715805453,0.60248435,0.006861611999437178,14.0
2584.9707173785655,0.68005234,0.006837883306636741,14.0
2585.970718951678,0.6242633,0.00680857697715559,14.0
2586.97072052479,0.596935,0.006605087567016283,14.8
2587.9707220979026,0.61811435,0.008439521852239472,14.8
2588.970723671015,0.5744706,0.008220522953106798,12.3
2589.970725244127,0.7193328,0.00835950274770867,14.8
2590.9707268172397,0.5088521,0.010830680691883018,12.3
2591.970728390352,0.47862288,0.010580879561070324,12.3
2592.9707299634647,0.39911062,0.011476274506469701,12.3
2593.9707315365767,0.35738638,0.011903279444388022,12.3
2594.9707331096893,0.35072398,0.01272165495049558,14.0
2595.970734682802,0.20903248,0.01484954179051314,10.200000000000001
2596.970736255914,0.30983526,0.015686439104714817,10.200000000000001
2597.9707378290263,0.20540741,0.015580756804653094,13.4
2598.970739402139,0.12546155,0.017665233129061,13.4
2599.970740975251,0.14156605,0.01771679312933255,13.4
2600.9707425483634,0.28977138,0.01662082867461623,13.4
2601.970744121476,0.26476002,0.016796696403389856,13.4
2602.970745694588,0.3479329,0.016306950952964992,13.3
2603.9707472677005,0.16169402,0.016629886943261823,13.3
2604.970748840813,0.2385018,0.01635440991735353,13.3
2605.970750413925,0.22560304,0.01492382762284365,13.100000000000001
2606.9707519870376,0.25106934,0.013778601261999436,7.5
2607.97075356015,0.20878874,0.012710079030728625,7.5
2608.970755133262,0.24250019,0.009899738265854035,7.5
2609.9707567063747,0.21237373,0.010267928198097053,6.6000000000000005
2610.970758279487,0.18819728,0.009901555309913983,9.3
2611.9707598525993,0.37989607,0.009070232201732843,10.4
2612.9707614257118,0.3442212,0.010389851489841088,10.4
2613.9707629988243,0.38184988,0.009584338197740065,14.100000000000001
2614.9707645719363,0.32723346,0.009388809568955188,14.4
2615.970766145049,0.33147386,0.009391276937901538,11.9
2616.9707677181614,0.2525675,0.009614583741422513,10.4
2617.9707692912734,0.16520244,0.010992408470573112,14.100000000000001
2618.970770864386,0.25523347,0.010709635154404193,14.100000000000001
2619.9707724374985,0.46385944,0.010132110726196852,13.9
2620.9707740106105,0.32828677,0.012699543975186462,13.9
2621.970775583723,0.45276952,0.012727896860047909,13.9
2622.9707771568355,0.6267335,0.01153122312721056,13.9
2623.9707787299476,0.60161257,0.011355414374624126,13.9
2624.97078030306,0.67897093,0.011443936624538523,13.9
2625.9707818761726,0.4673574,0.010837758243750833,14.200000000000001
2626.9707834492847,0.6012938,0.010726637415330533,14.200000000000001
2627.970785022397,0.56891066,0.009173605905503542,5.9
2628.9707865955097,0.5689106,0.009332491224860458,7.300000000000001
2629.9707881686218,0.49841297,0.009323686157671086,7.300000000000001
2630.9707897417343,0.5982262,0.005581485233672906,6.5
2631.970791314847,0.5055971,0.0050852900032277455,7.0
2632.970792887959,0.43665442,0.0052240463300138856,7.0
2633.9707944610714,0.37564763,0.005262125693340613,7.0
2634.970796034184,0.42815545,0.004361472282236205,4.1000000000000005
2635.970797607296,0.40888777,0.004591485856246228,4.1000000000000005
2636.9707991804084,0.47384074,0.0041322852901581235,4.1000000000000005
2637.970800753521,0.48106116,0.0041169672230405305,4.1000000000000005
2638.970802326633,0.52243286,0.0037795152116291506,3.7
2639.9708038997455,0.5636379,0.004797426545143261,3.3000000000000003
2640.970805472858,0.628416,0.005895193818650977,5.9
2641.97080704597,0.6981052,0.009890599131959074,9.8
2642.9708086190826,0.7407949,0.010304932686173055,4.9
2643.970810192195,0.6594717,0.010664977449593096,9.3
2644.970811765307,0.53759474,0.011355306298529549,4.9
2645.9708133384197,0.532963,0.01148170561325916,6.300000000000001
2646.970814911532,0.30939856,0.011836213281985593,9.4
2647.9708164846443,0.21159329,0.01193007036159183,9.4
2648.970818057757,0.15035719,0.012917774603823621,6.2
2649.9708196308693,0.31170985,0.012709499113293499,6.2
2650.9708212039814,0.3171169,0.012474014792529802,9.0
2651.970822777094,0.33755454,0.010224887818247602,11.600000000000001
2652.9708243502064,0.25200856,0.00990178140970761,8.3
2653.9708259233184,0.3246415,0.009903001038929224,6.4
2654.970827496431,0.3461245,0.009119224340250608,10.200000000000001
2655.9708290695435,0.3760583,0.008895077204465581,8.200000000000001
2656.9708306426555,0.34098503,0.008472561516937453,8.200000000000001
2657.970832215768,0.43896726,0.009596585178251411,10.600000000000001
2658.9708337888806,0.23365664,0.008680588279014755,10.600000000000001
2659.9708353619926,0.32481083,0.008843097873199491,11.600000000000001
2660.970836935105,0.18004091,0.00858788589471804,8.0
2661.9708385082176,0.2076115,0.008075923624739011,10.9
2662.9708400813297,0.17640315,0.007883352874444237,10.9
2663.970841654442,0.3236859,0.007350256566551231,11.600000000000001
2664.9708432275547,0.41201645,0.007261498787325869,11.600000000000001
2665.970844800667,0.5409411,0.007240666747130158,11.600000000000001
2666.9708463737793,0.4533848,0.007196171492533543,11.600000000000001
2667.970847946892,0.6387048,0.005388826003502614,8.0
2668.970849520004,0.6940544,0.004935573263430551,10.0
2669.9708510931164,0.7348439,0.008571429873253902,15.0
2670.970852666229,0.7384127,0.009194423214971204,14.5
2671.9708542393414,0.6442291,0.010797647211761954,14.5
2672.9708558124535,0.7268797,0.010950551626132118,14.5
2673.970857385566,0.7592475,0.012277392580140897,14.600000000000001
2674.9708589586785,0.65967935,0.012996577711856618,14.600000000000001
2675.9708605317905,0.68322617,0.013119381962180116,14.600000000000001
2676.970862104903,0.7566481,0.013208078580071643,14.600000000000001
2677.9708636780156,0.4651105,0.014541168382938724,14.600000000000001
2678.9708652511276,0.46449924,0.01537914776520224,14.600000000000001
2679.97086682424,0.6163487,0.013610775861741961,13.200000000000001
2680.9708683973527,0.57356775,0.013610838049943999,14.600000000000001
2681.9708699704647,0.6261781,0.012643638980240532,14.600000000000001
2682.9708715435772,0.6817589,0.013183122735744235,14.600000000000001
2683.9708731166897,0.45510265,0.011962429994097544,14.600000000000001
2684.970874689802,0.63937104,0.011376652448137405,14.600000000000001
2685.9708762629143,0.6265077,0.011474202322117301,14.600000000000001
2686.970877836027,0.57092524,0.012123773963532083,14.600000000000001
2687.970879409139,0.4911367,0.01136502095875978,14.600000000000001
2688.9708809822514,0.5965878,0.011317140388099708,8.700000000000001
2689.970882555364,0.4113477,0.01142281572029628,8.700000000000001
2690.970884128476,0.52222073,0.01113019931430987,8.6
2691.9708857015885,0.3519096,0.015230064640064824,8.700000000000001
2692.970887274701,0.6009594,0.01492417783885892,8.700000000000001
2693.970888847813,0.57052886,0.014938059113575422,9.3
2694.9708904209256,0.50089186,0.014789576343596667,8.700000000000001
2695.970891994038,0.68205744,0.014672763839325259,9.3
2696.97089356715,0.6889081,0.014491075051798906,12.100000000000001
2697.9708951402627,0.69678,0.014341454943594996,8.700000000000001
2698.970896713375,0.7936621,0.014815290925318822,8.9
2699.970898286487,0.8027561,0.015028964090927932,9.200000000000001
2700.9708998595997,0.7044531,0.015072612785159862,9.200000000000001
2701.9709014327123,0.73104775,0.010607185248131772,11.8
2702.9709030058243,0.6889937,0.011438501474121576,9.700000000000001
2703.970904578937,0.52306587,0.011733611276388917,8.8
2704.9709061520493,0.5346569,0.011819455735196032,9.0
2705.9709077251614,0.6636816,0.012213451686918612,9.0
2706.970909298274,0.65316904,0.012345571546518082,9.0
2707.9709108713864,0.3935046,0.011906677611258661,9.700000000000001
2708.9709124444985,0.56664467,0.009992453118965215,14.8
2709.970914017611,0.59851784,0.009596454419823678,12.9
2710.9709155907235,0.53217983,0.011612930407435567,10.0
2711.9709171638356,0.63810086,0.012053789392207664,9.5
2712.970918736948,0.6969076,0.011510965147442544,8.1
2713.9709203100606,0.59987736,0.011620831495846686,10.0
2714.9709218831727,0.5387594,0.011660597882627462,10.0
2715.970923456285,0.43258697,0.011973990037625282,8.3
2716.9709250293977,0.50201064,0.011448254024336807,9.4
2717.9709266025097,0.53898275,0.011410467956710978,9.4
2718.9709281756222,0.43200704,0.011617726154348938,10.8
2719.9709297487348,0.32710174,0.013546100404541283,9.5
2720.970931321847,0.39910173,0.01338232877400802,14.200000000000001
2721.9709328949593,0.3409471,0.02579991593059434,3.2
2722.970934468072,0.18978733,0.03207258625054511,3.5
2723.970936041184,0.28804213,0.03599631856172719,3.5
2724.9709376142964,0.46921346,0.0500400317082217,3.5
2725.970939187409,0.74434745,0.05200182621437172,2.9000000000000004
2726.970940760521,0.8680435,0.052363372455564654,2.9000000000000004
2727.9709423336335,0.6585047,0.05237060744470106,2.9000000000000004
2728.970943906746,0.7792399,0.052593930396758574,2.9000000000000004
2729.970945479858,0.95233816,0.052900766490876515,2.9000000000000004
2730.9709470529706,0.885224,0.05251918689994064,2.9000000000000004
2731.970948626083,0.9497711,0.048009670290812025,2.9000000000000004
2732.970950199195,0.957789,0.04395474935568293,2.9000000000000004
2733.9709517723077,0.91993505,0.04096461167311154,3.0
2734.97095334542,0.918076,0.02160858947656279,7.6000000000000005
2735.9709549185322,0.56762344,0.016497722456062746,7.5
2736.9709564916448,0.7713318,0.016327748397398336,9.4
2737.9709580647573,0.8237235,0.0164017620564759,9.4
2738.9709596378693,0.8377247,0.01603402912781985,7.0
2739.970961210982,0.9167933,0.013347831693692176,12.100000000000001
2740.9709627840944,0.9272729,0.03443616923218388,4.5
2741.9709643572064,0.93830687,0.04269713782201979,1.3
2742.970965930319,0.9464421,0.042892804312876745,1.3
2743.9709675034314,0.8753693,0.043456878739634296,1.3
2744.9709690765435,0.82309437,0.04465743082179852,1.1
2745.970970649656,0.7602812,0.04440509613829372,1.1
2746.9709722227685,0.7821201,0.044000498676084715,1.1
2747.9709737958806,0.83992344,0.04395414758255376,1.1
2748.970975368993,0.91384786,0.04761876131334052,2.3000000000000003
2749.9709769421056,0.7757701,0.04863169884287132,2.3000000000000003
2750.970978515218,0.6699705,0.038204937813601986,2.7
2751.97098008833,0.32019806,0.030046121257416892,7.7
2752.9709816614427,0.19206102,0.029706350422657575,7.7
2753.970983234555,0.22752139,0.029559206180659475,10.100000000000001
2754.9709848076673,0.32635492,0.02776408989881151,7.800000000000001
2755.97098638078,0.2768459,0.02776935795278515,7.800000000000001
2756.9709879538923,0.30727762,0.02826174287185415,7.800000000000001
2757.9709895270043,0.26779774,0.030410548454023276,7.800000000000001
2758.970991100117,0.5677686,0.04640192553049129,0.1
2759.9709926732294,0.53122336,0.053544760466529916,2.6
2760.9709942463414,0.58041,0.05483452833261538,1.0
2761.970995819454,0.6722033,0.06164418215196723,2.6
2762.9709973925665,0.5511695,0.06812129014404061,1.5
2763.9709989656785,0.23149905,0.07114397711784363,0.9
2764.971000538791,0.5249494,0.08484447299828873,0.5
2765.9710021119035,0.43119645,0.10270753116982198,1.4000000000000001
2766.9710036850156,0.5008565,0.11076312544343946,1.4000000000000001
2767.971005258128,0.5228336,0.12009261617269822,1.4000000000000001
2768.9710068312406,0.4640393,0.12242902796355785,1.4000000000000001
2769.9710084043527,0.32971197,0.12415259992784221,1.3
2770.971009977465,0.0917579,0.1310411479158187,1.3
2771.9710115505777,0.039466873,0.13080399637082737,1.3
2772.9710131236898,0.015587838,0.14238546504658645,1.3
2773.9710146968023,0.015602678,0.14768725567515875,1.3
2774.971016269915,0.019181047,0.14422662555201862,1.3
2775.971017843027,0.009663688,0.13518231760160115,1.3
2776.9710194161394,0.025171874,0.16780359919130552,1.4000000000000001
2777.971020989252,0.034723125,0.2163668182412096,2.0
2778.971022562364,0.06274491,0.2288328112720582,2.0
2779.9710241354765,0.07436165,0.22764670626185418,2.0
2780.971025708589,0.12491423,0.22451580879908664,1.8
2781.971027281701,0.039407957,0.22421050012150878,1.8
2782.9710288548135,0.10182768,0.2366720800205934,2.1
2783.971030427926,0.18560426,0.23423051821010482,2.1
2784.971032001038,0.41878217,0.23261142850717062,2.1
2785.9710335741506,0.7603097,0.23162773474651357,2.1
2786.971035147263,0.85783106,0.20319160361130437,2.1
2787.971036720375,0.7369588,0.1432684790575688,2.2
2788.9710382934877,0.843391,0.11279979301751229,1.4000000000000001
2789.9710398666,0.8838041,0.10988759904614008,2.2
2790.9710414397123,0.88896424,0.10799351305503926,2.4000000000000004
2791.971043012825,0.7804284,0.10470619254552944,2.2
2792.9710445859373,0.7506725,0.035316600026405076,1.9000000000000001
2793.9710461590494,0.67544806,0.011612078820316875,7.2
2794.971047732162,0.835168,0.009581751594475456,3.1
2795.9710493052744,0.76666164,0.011407350418058864,3.0
2796.9710508783864,0.5087903,0.012417533821871222,3.0
2797.971052451499,0.5702832,0.012135908127867516,3.0
2798.9710540246115,0.44116312,0.011501122018005138,2.1
2799.9710555977235,0.6464509,0.010021330550221882,2.1
2800.971057170836,0.49962443,0.010194119491661088,2.1
2801.9710587439486,0.5365515,0.010203318820045541,2.1
2802.9710603170606,0.55796456,0.01021033295800915,2.1
2803.971061890173,0.4845231,0.010207888041498326,2.1
2804.9710634632856,0.5700979,0.010193526002598567,2.1
2805.9710650363977,0.81677043,0.009869165304347399,5.300000000000001
2806.97106660951,0.91645736,0.008513783041653098,4.2
2807.9710681826227,0.8955327,0.008215122743554319,4.2
2808.971069755735,0.97029096,0.00806244570936443,5.1000000000000005
2809.9710713288473,0.96597266,0.007881225351653646,5.1000000000000005
2810.97107290196,0.9805345,0.007289969457851733,5.1000000000000005
2811.971074475072,0.9658383,0.010554282686069227,5.5
2812.9710760481844,0.9600721,0.038092798282264646,3.4000000000000004
2813.971077621297,0.9271428,0.04003257496558468,3.4000000000000004
2814.971079194409,0.8577909,0.04202643212570902,3.4000000000000004
2815.9710807675215,0.84626454,0.04879040459128372,4.1000000000000005
2816.971082340634,0.8914321,0.04904272474601674,4.1000000000000005
2817.971083913746,0.8929212,0.05204286973834952,4.1000000000000005
2818.9710854868586,0.8931566,0.05427572420171978,3.5
2819.971087059971,0.792005,0.0683894169706878,4.7
2820.971088633083,0.7170483,0.09143617120932636,3.2
2821.9710902061956,0.31321016,0.09669466281107915,3.2
2822.971091779308,0.21955529,0.10115504173670097,4.2
2823.97109335242,0.21910933,0.111627769875119,6.0
2824.9710949255327,0.2744485,0.11785119549447723,2.6
2825.9710964986452,0.043135628,0.12291859508968293,2.6
2826.9710980717573,0.039715677,0.1290579312513994,3.4000000000000004
2827.97109964487,0.022286318,0.13034755232016776,3.4000000000000004
2828.9711012179823,0.03750778,0.1304549606273757,3.4000000000000004
2829.971102791095,0.17499118,0.1245839027886687,3.4000000000000004
2830.971104364207,0.2517446,0.11258471757587402,3.4000000000000004
2831.9711059373194,0.21659507,0.10938208255676606,2.6
2832.971107510432,0.3746248,0.1007483797691527,3.4000000000000004
2833.971109083544,0.36435908,0.09600163255245583,3.4000000000000004
2834.9711106566565,0.5357867,0.09146073283706924,3.4000000000000004
2835.971112229769,0.57908666,0.08699977599041944,3.4000000000000004
2836.971113802881,0.3767928,0.08049054036685974,3.4000000000000004
2837.9711153759936,0.57951224,0.07984145661356892,3.0
2838.971116949106,0.43286788,0.08955534077395068,2.6
2839.971118522218,0.2114631,0.09416468699192723,2.6
2840.9711200953307,0.2264235,0.09301201274680557,2.4000000000000004
2841.971121668443,0.1913785,0.09904672231448985,2.4000000000000004
2842.9711232415552,0.3460841,0.10684215713971455,2.4000000000000004
2843.9711248146677,0.46332118,0.10262952821478034,3.5
2844.9711263877803,0.20700581,0.10245682125204353,3.5
2845.9711279608923,0.22705536,0.10384480051699872,3.5
2846.971129534005,0.13967085,0.10384462906525535,3.5
2847.9711311071173,0.29134294,0.10213409002286135,3.5
2848.9711326802294,0.25430945,0.0930665000157889,3.5
2849.971134253342,0.39010754,0.0896820913050117,3.5
2850.9711358264544,0.6876323,0.08997131268263864,3.5
2851.9711373995665,0.74629575,0.08588683811625213,3.5
2852.971138972679,0.5625691,0.07891568791251018,3.5
2853.9711405457915,0.6183109,0.08861999789087568,2.5
2854.9711421189036,0.5255126,0.08678354923252257,2.5
2855.971143692016,0.4610169,0.08203909762179107,1.3
2856.9711452651286,0.4654688,0.08391245487635265,1.3
2857.9711468382407,0.28360125,0.09206236546019646,2.9000000000000004
2858.971148411353,0.35891277,0.0914870586392789,2.9000000000000004
2859.9711499844657,0.5942518,0.0897689716291961,1.3
2860.9711515575777,0.728315,0.08608817657422752,2.9000000000000004
2861.9711531306903,0.7548975,0.08142151793189402,1.3
2862.9711547038028,0.6487297,0.07711160785033856,2.9000000000000004
2863.971156276915,0.65598655,0.06207548493465848,1.9000000000000001
2864.9711578500273,0.69263864,0.05943007613835923,1.9000000000000001
2865.97115942314,0.7404874,0.05594534265388292,1.9000000000000001
2866.971160996252,0.52756953,0.051425365862339006,1.9000000000000001
2867.9711625693644,0.35114503,0.037182242745569645,4.5
2868.971164142477,0.6296713,0.03782970345483843,4.6000000000000005
2869.971165715589,0.19744748,0.037118941293115,4.6000000000000005
2870.9711672887015,0.6698921,0.03671954017179729,4.6000000000000005
2871.971168861814,0.3363916,0.03757592919567748,4.6000000000000005
2872.971170434926,0.37873662,0.037591066549275035,4.6000000000000005
2873.9711720080386,0.25895816,0.036485763975059544,4.6000000000000005
2874.971173581151,0.6520111,0.05293187166111046,2.2
2875.971175154263,0.78774244,0.055810407518024525,2.2
2876.9711767273757,0.7632155,0.05929327538128217,2.3000000000000003
2877.971178300488,0.49013832,0.06477568103911976,2.4000000000000004
2878.9711798736002,0.6405202,0.0647912335086821,2.5
2879.9711814467128,0.77281934,0.06457200406743324,2.5
2880.9711830198253,0.88642025,0.0646134589191494,2.5
2881.9711845929373,0.66717464,0.06447649628132145,2.5
2882.97118616605,0.81556946,0.06381174291625345,2.5
2883.9711877391624,0.740878,0.06328228909210792,2.5
2884.9711893122744,0.8378571,0.04958213042851619,3.6
2885.971190885387,0.852911,0.04463851753297227,2.7
2886.9711924584994,0.57366294,0.03759278464388269,4.3
2887.9711940316115,0.4463492,0.027823406825334615,9.4
2888.971195604724,0.44650567,0.0296280854543527,11.3
2889.9711971778365,0.6161388,0.03157107985432701,11.3
2890.9711987509486,0.37916586,0.04042805766457178,8.700000000000001
2891.971200324061,0.66988873,0.04577642826945107,5.5
2892.9712018971736,0.4572524,0.04637754203632298,3.2
2893.9712034702857,0.5165539,0.046982940864804514,5.5
2894.971205043398,0.31229863,0.048451823978151086,3.2
2895.9712066165107,0.67739767,0.05258351464470653,3.2
2896.9712081896228,0.55139685,0.056943118882602436,3.2
2897.9712097627353,0.36728016,0.058277695768051446,5.1000000000000005
2898.971211335848,0.34077016,0.06468721888496436,5.1000000000000005
2899.97121290896,0.5544955,0.06968722816695891,7.4
2900.9712144820724,0.2720777,0.06665658732004563,5.2
2901.971216055185,0.5212553,0.06723267961037661,5.2
2902.971217628297,0.578137,0.07085021248711672,5.2
2903.9712192014094,0.6091337,0.07081235049510831,5.2
2904.971220774522,0.51790065,0.07490037066688751,5.2
2905.971222347634,0.8718369,0.07265437575851581,7.5
2906.9712239207465,0.9195223,0.0689694938032246,7.5
2907.971225493859,0.95668936,0.06531238817696461,5.300000000000001
2908.9712270669716,0.9206316,0.05751697604899948,9.9
2909.9712286400836,0.9182102,0.049926976128764566,9.9
2910.971230213196,0.80348533,0.04767930431541118,6.7
2911.9712317863086,0.5250754,0.04217794339990819,6.7
2912.9712333594207,0.49827853,0.03475537784195174,9.9
2913.971234932533,0.34393004,0.03402802247225649,6.7
2914.9712365056457,0.45394498,0.02047479777120038,8.700000000000001
2915.971238078758,0.6029806,0.01830168936686375,9.1
2916.9712396518703,0.5667239,0.014196644989064956,10.0
2917.971241224983,0.36906973,0.014174404196491543,4.6000000000000005
2918.971242798095,0.5190758,0.0127697529498049,9.1
2919.9712443712074,0.4798026,0.01744874756476685,9.5
2920.97124594432,0.5077043,0.022557474618006997,2.8000000000000003
2921.971247517432,0.36624447,0.022215461431127168,2.8000000000000003
2922.9712490905445,0.56452894,0.022577869039427573,3.0
2923.971250663657,0.28633112,0.022929442146785956,3.0
2924.971252236769,0.16661714,0.02310152486717319,3.0
2925.9712538098815,0.2671116,0.024629379553197328,9.700000000000001
2926.971255382994,0.55660784,0.024311500383290465,9.700000000000001
2927.971256956106,0.3764849,0.024317290408794778,9.700000000000001
2928.9712585292186,0.91137224,0.024780027357762156,9.700000000000001
2929.971260102331,0.8946426,0.02597730997923024,4.9
2930.971261675443,0.91802603,0.02262556096396236,9.200000000000001
2931.9712632485557,0.91313124,0.022097321242430877,7.9
2932.9712648216682,0.85495627,0.02639282101084572,5.4
2933.9712663947803,0.843919,0.028130456522842483,5.7
2934.971267967893,0.7772389,0.028467053649591793,5.7
2935.9712695410053,0.90671146,0.029249265703658094,5.7
2936.9712711141174,0.8538459,0.03187536761352143,5.7
2937.97127268723,0.8230334,0.031988874760180454,5.7
2938.9712742603424,0.5311045,0.031574072594943374,5.7
2939.9712758334545,0.4645064,0.028191373688185188,6.9
2940.971277406567,0.24753347,0.027878395383492346,5.7
2941.9712789796795,0.34434628,0.026904408418065986,5.7
2942.9712805527915,0.43282884,0.022429077363379676,7.300000000000001
2943.971282125904,0.4588439,0.01988438867971998,8.9
2944.9712836990166,0.3840356,0.019214288943631076,11.600000000000001
2945.9712852721286,0.3562879,0.0163114436254201,7.0
2946.971286845241,0.4555989,0.010452620361736584,2.6
2947.9712884183537,0.42778036,0.011792539042939853,2.9000000000000004
2948.9712899914657,0.38150808,0.016575436028566756,6.6000000000000005
2949.971291564578,0.43013224,0.017339510431333912,5.6000000000000005
2950.9712931376907,0.38890415,0.016777050645495638,2.5
2951.971294710803,0.26335806,0.0169391246144589,2.5
2952.9712962839153,0.29289934,0.01695779095000429,2.5
2953.971297857028,0.6399761,0.04604711570516326,1.3
2954.97129943014,0.48442647,0.052316510003170696,1.3
2955.9713010032524,0.7062969,0.06339897391606451,1.1
2956.971302576365,0.8250735,0.06383119151678408,1.1
2957.971304149477,0.7888534,0.06354565574428458,1.1
2958.9713057225895,0.81472427,0.062488691067374216,1.1
2959.971307295702,0.86853933,0.06228086162648263,1.1
2960.971308868814,0.9132586,0.06234570757541796,1.1
2961.9713104419266,0.9472794,0.062377554176791514,1.1
2962.971312015039,0.8438852,0.06234354935404373,1.1
2963.971313588151,0.91571933,0.04538402278257736,1.9000000000000001
2964.9713151612636,0.971782,0.04489156612762097,1.2000000000000002
2965.971316734376,0.9329416,0.06015860999158951,2.1
2966.971318307488,0.84302974,0.061860653674129726,2.1
2967.9713198806007,0.8581279,0.06181339831706554,2.1
2968.9713214537132,0.77649283,0.06267420094339675,2.0
2969.9713230268253,0.712689,0.06267133876988132,2.0
2970.971324599938,0.68705416,0.062450999042151546,2.0
2971.9713261730503,0.65961003,0.07359557968781096,2.0
2972.9713277461624,0.58454996,0.07384086180174543,2.0
2973.971329319275,0.58914846,0.07390341353968993,2.0
2974.9713308923874,0.7054696,0.06994936504653435,2.0
2975.9713324654995,0.676979,0.044483046000671225,1.8
2976.971334038612,0.55203736,0.041474852724284486,1.7000000000000002
2977.9713356117245,0.7249093,0.0414754328888672,1.7000000000000002
2978.9713371848366,0.77120876,0.04023741359177333,1.9000000000000001
2979.971338757949,0.7299476,0.04036090383546062,1.9000000000000001
2980.9713403310616,0.77376944,0.04040202454899796,1.9000000000000001
2981.9713419041736,0.555283,0.01147662075959021,7.4
2982.971343477286,0.7511925,0.04977770553435361,1.9000000000000001
2983.9713450503987,0.6138395,0.04999492393280435,1.6
2984.971346623511,0.5893105,0.05103185224404373,1.6
2985.9713481966232,0.5944961,0.05101604571947624,1.6
2986.9713497697358,0.6631707,0.05082971836858611,1.7000000000000002
2987.9713513428483,0.79904455,0.05082216867236013,1.7000000000000002
2988.9713529159603,0.6853679,0.05075882743512821,1.7000000000000002
2989.971354489073,0.75872576,0.05066110710303513,1.7000000000000002
2990.9713560621854,0.84183204,0.05062907064804035,1.7000000000000002
2991.9713576352974,0.91874254,0.050305497251816586,1.7000000000000002
2992.97135920841,0.75139445,0.012126165904183374,7.800000000000001
2993.9713607815224,0.7879741,0.01069446086926313,5.2
2994.9713623546345,0.84798676,0.0017066509110696822,12.200000000000001
2995.971363927747,0.83411646,0.001701484296568365,9.8
2996.9713655008595,0.8406001,0.0016590018191505404,11.4
2997.9713670739716,0.8409997,0.0016622506768012835,11.4
2998.971368647084,0.85025257,0.0017014182281987322,11.4
2999.9713702201966,0.7966616,0.011183808525751394,3.1
3000.9713717933087,0.7616495,0.024573153015505556,9.5
3001.971373366421,0.8129833,0.028937182240607297,9.700000000000001
3002.9713749395337,0.7141664,0.029396662253619067,9.700000000000001
3003.9713765126457,0.71834856,0.029469668074442155,9.700000000000001
3004.9713780857583,0.8151426,0.029479368740516657,9.700000000000001
3005.971379658871,0.7939283,0.029604449750498377,9.8
3006.971381231983,0.5216226,0.0328066453008798,9.600000000000001
3007.9713828050953,0.4802168,0.03608193553303584,7.6000000000000005
3008.971384378208,0.340813,0.0360824575179716,6.5
3009.97138595132,0.3637307,0.03445655352631732,7.6000000000000005
3010.9713875244324,0.5605105,0.040328603906690776,6.5
3011.971389097545,0.6030287,0.04055773795207259,6.5
3012.971390670657,0.4971746,0.04071533653377538,6.5
3013.9713922437695,0.5873771,0.04066717320779711,6.5
3014.971393816882,0.25706112,0.04250060244344829,6.5
3015.971395389994,0.24650161,0.04365561322240178,6.5
3016.9713969631066,0.1866555,0.04247092021134863,6.5
3017.971398536219,0.14373383,0.0409022586452932,5.9
3018.971400109331,0.09601595,0.04172958670285704,5.9
3019.9714016824437,0.08413206,0.04180707135597332,5.9
3020.971403255556,0.06728912,0.031239048494263077,5.5
3021.9714048286683,0.04124197,0.028352688851632755,5.5
3022.9714064017808,0.049085297,0.02800265539739829,5.5
3023.9714079748933,0.017202254,0.028574878339068764,5.5
3024.9714095480053,0.019445308,0.026316173837941378,5.5
3025.971411121118,0.028931363,0.024234691718468978,5.800000000000001
3026.9714126942304,0.036736675,0.023035622534361918,3.0
3027.9714142673424,0.04380132,0.025511910504330052,8.6
3028.971415840455,0.07745267,0.028575348426838117,5.6000000000000005
3029.9714174135675,0.047901563,0.029216008536698198,2.8000000000000003
3030.9714189866795,0.115427375,0.028440303245257523,3.8000000000000003
3031.971420559792,0.14086097,0.027558720367491418,6.4
3032.9714221329045,0.25662068,0.029195009926754126,6.4
3033.9714237060166,0.20533036,0.028638805036842768,4.6000000000000005
3034.971425279129,0.29878318,0.02817245955240011,4.6000000000000005
3035.9714268522416,0.08183223,0.030819914032575405,4.6000000000000005
3036.9714284253537,0.40858954,0.03288611451844799,6.800000000000001
3037.971429998466,0.25441667,0.03032085589438842,6.800000000000001
3038.9714315715787,0.28738454,0.028399999016900095,6.6000000000000005
3039.9714331446908,0.39555007,0.028268924601753294,6.5
3040.9714347178033,0.29735503,0.027064567434266842,6.5
3041.971436290916,0.2575609,0.02664581768300966,6.5
3042.971437864028,0.25378984,0.024458084161994326,6.5
3043.9714394371404,0.18138804,0.024672799720179432,6.5
3044.971441010253,0.25489667,0.03519590526485217,4.4
3045.971442583365,0.27670738,0.04027859928550255,3.7
3046.9714441564774,0.78909653,0.0421961195031266,4.0
3047.97144572959,0.70062006,0.04657051548344264,2.1
3048.971447302702,0.6799512,0.04911710478123472,1.2000000000000002
3049.9714488758145,0.7946029,0.052588017218328655,1.1
3050.971450448927,0.7562729,0.05719528150824771,1.2000000000000002
3051.971452022039,0.6607837,0.06361786882693234,1.2000000000000002
3052.9714535951516,0.5241089,0.06464698493786722,3.4000000000000004
3053.971455168264,0.5499197,0.06480581974662263,3.4000000000000004
3054.971456741376,0.64718425,0.07637377781490132,1.2000000000000002
3055.9714583144887,0.6349124,0.0812012154818361,1.2000000000000002
3056.971459887601,0.7671916,0.09915478434942653,1.2000000000000002
3057.9714614607133,0.600951,0.10258896720689113,1.2000000000000002
3058.971463033826,0.5591689,0.10763558135170909,2.1
3059.9714646069383,0.687664,0.10672275862688042,2.1
3060.9714661800504,0.87237865,0.10439045711567696,2.1
3061.971467753163,0.6873398,0.10057208518995493,2.1
3062.9714693262754,0.5811262,0.10025066647826536,2.1
3063.971470899388,0.60573316,0.10017418358160778,2.1
3064.9714724725,0.7867941,0.08858884748126258,2.1
3065.9714740456125,0.8502219,0.08111025789183883,2.1
3066.971475618725,0.8340684,0.054832795167140624,2.4000000000000004
3067.971477191837,0.5615969,0.04380531827446832,3.1
3068.9714787649496,0.578058,0.02118736208757677,13.4
3069.971480338062,0.8475304,0.015414691185521408,8.5
3070.971481911174,0.79888433,0.01451598149446412,8.5
3071.9714834842866,0.85888666,0.014501854097554546,8.5
3072.971485057399,0.8284228,0.012521861199574142,8.5
3073.971486630511,0.800168,0.013889339674741001,8.9
3074.9714882036237,0.81725436,0.013260638144147595,9.1
3075.9714897767362,0.71223915,0.0128340155621943,8.9
3076.9714913498483,0.7637619,0.012681233240173779,9.1
3077.971492922961,0.79398793,0.012627660048619697,9.1
3078.9714944960733,0.71871597,0.01276080312759488,8.4
3079.9714960691854,0.71568555,0.012748138901554865,8.4
3080.971497642298,0.5534704,0.013127199437994407,8.4
3081.9714992154104,0.60220826,0.013348652937035023,8.4
3082.9715007885225,0.5897577,0.014257030759607024,8.4
3083.971502361635,0.60817957,0.021683069140724442,14.100000000000001
3084.9715039347475,0.6531145,0.024033130654585705,8.200000000000001
3085.9715055078595,0.34657764,0.03109662872574494,5.1000000000000005
3086.971507080972,0.20047107,0.03278337947421194,5.1000000000000005
3087.9715086540846,0.19232488,0.03324623914598973,8.8
3088.9715102271966,0.39560735,0.03315750157790547,8.8
3089.971511800309,0.27145404,0.03434861146437828,8.700000000000001
3090.9715133734217,0.2681317,0.03665652887108779,8.4
3091.9715149465337,0.3100313,0.038677765988931585,8.4
3092.9715165196462,0.5526555,0.04210411930310323,8.8
3093.9715180927587,0.40567032,0.04042548457238,8.200000000000001
3094.971519665871,0.55792034,0.03900061222021133,8.200000000000001
3095.9715212389833,0.60567594,0.033984445333642345,8.200000000000001
3096.971522812096,0.4586905,0.032934250361868936,8.200000000000001
3097.971524385208,0.51661426,0.03454204014253614,8.200000000000001
3098.9715259583204,0.5369726,0.0350440439206759,8.200000000000001
3099.971527531433,0.72790724,0.03598721444171119,8.200000000000001
3100.971529104545,0.7619806,0.038655399904182944,8.4
3101.9715306776575,0.55126405,0.040997811773154084,5.6000000000000005
3102.97153225077,0.41080785,0.03746185125087625,3.9000000000000004
3103.971533823882,0.6093102,0.03526652673471204,3.9000000000000004
3104.9715353969946,0.47367054,0.035046959967538274,3.9000000000000004
3105.971536970107,0.26452574,0.035738396163185096,5.7
3106.971538543219,0.1812815,0.03522929739003871,5.7
3107.9715401163317,0.15682523,0.03318115037014658,5.7
3108.971541689444,0.35312003,0.03282307831251536,5.7
3109.971543262556,0.1464193,0.030823366618674086,8.700000000000001
3110.9715448356687,0.30929404,0.02520456432222869,4.4
3111.9715464087813,0.21802829,0.017134175896803928,4.9
3112.9715479818933,0.37192175,0.01606958314865294,6.2
3113.971549555006,0.4425717,0.01588344458878193,6.2
3114.9715511281183,0.52621514,0.015454490953037985,6.2
3115.9715527012304,0.5042055,0.012886039277881333,8.8
3116.971554274343,0.6227922,0.012720361105300518,6.2
3117.9715558474554,0.63861626,0.011466741746165117,6.2
3118.9715574205675,0.70195603,0.010599032976614315,6.9
3119.97155899368,0.69082546,0.009658536295613071,6.9
3120.9715605667925,0.71189123,0.006309540878355291,15.0
3121.9715621399046,0.691056,0.007226830452538549,12.0
3122.971563713017,0.68937135,0.016167183916246046,8.700000000000001
3123.9715652861296,0.69312704,0.016860168629791453,8.700000000000001
3124.9715668592416,0.70692587,0.017521798978886373,8.700000000000001
3125.971568432354,0.6621936,0.01930437868958543,8.700000000000001
3126.9715700054667,0.6827754,0.020522570186401336,12.0
3127.9715715785787,0.36711138,0.02093273084385372,8.6
3128.9715731516912,0.28702608,0.022324982366879097,8.6
3129.9715747248038,0.121972546,0.02452873586237568,7.4
3130.971576297916,0.18736795,0.035360771223934696,8.8
3131.9715778710283,0.16266103,0.036732648477691456,8.8
3132.971579444141,0.19702817,0.03476945784744197,14.9
3133.971581017253,0.19442143,0.0372745698231351,8.700000000000001
3134.9715825903654,0.14319237,0.03819887463479489,6.300000000000001
3135.971584163478,0.20499632,0.03766537834830978,7.6000000000000005
3136.97158573659,0.50650114,0.03979888103296152,3.7
3137.9715873097025,0.7485689,0.04029785413984621,8.6
3138.971588882815,0.85640514,0.04286431198568469,8.6
3139.971590455927,0.90855676,0.04258026038450628,5.300000000000001
3140.9715920290396,0.90991014,0.03494601487112895,9.4
3141.971593602152,0.81558174,0.03500898504504017,9.4
3142.9715951752646,0.8024328,0.0397267267145363,2.7
3143.9715967483767,0.75178957,0.03760649456111683,4.2
3144.971598321489,0.7526251,0.0371484240152038,4.2
3145.9715998946017,0.6142865,0.03963042378830282,2.7
3146.9716014677138,0.49507147,0.03782453396231271,2.7
3147.9716030408263,0.60704005,0.037153254597827194,2.7
3148.971604613939,0.43091965,0.03364232560204446,10.700000000000001
3149.971606187051,0.62641895,0.03242520344750176,10.700000000000001
3150.9716077601634,0.6452544,0.03153735807934454,3.0
3151.971609333276,0.7259538,0.029653182602525856,10.700000000000001
3152.971610906388,0.7448403,0.021518210873125703,8.1
3153.9716124795004,0.76152545,0.020503807814832502,6.9
3154.971614052613,0.7990822,0.019049460804370203,7.300000000000001
3155.971615625725,0.45640373,0.013698440604724318,7.300000000000001
3156.9716171988375,0.4725387,0.010890648715028503,7.1000000000000005
3157.97161877195,0.68760574,0.01218804789231623,7.7
3158.971620345062,0.60274535,0.01228990036815086,5.0
3159.9716219181746,0.6911631,0.013560978812292785,9.5
3160.971623491287,0.38763437,0.014081876233570401,9.5
3161.971625064399,0.55165195,0.014624979181444158,9.5
3162.9716266375117,0.39286634,0.018004022944279864,6.0
3163.971628210624,0.23407233,0.02537499004966136,10.3
3164.9716297837363,0.13416585,0.027482835776462263,10.3
3165.971631356849,0.17455183,0.03196361498979164,4.3
3166.9716329299613,0.17952828,0.03341981255356043,9.8
3167.9716345030733,0.13020106,0.035436011473848505,10.0
3168.971636076186,0.1877956,0.03543050911284771,10.0
3169.9716376492984,0.22524823,0.035554012656944,7.0
3170.9716392224104,0.21475364,0.03940033568858604,7.0
3171.971640795523,0.47676083,0.04633570379977923,9.8
3172.9716423686355,0.5628831,0.046391426641037924,8.5
3173.9716439417475,0.5574663,0.04300387817558601,8.5
3174.97164551486,0.6426102,0.04210506194264426,8.5
3175.9716470879725,0.72277296,0.03850482186019925,9.4
3176.9716486610846,0.61380136,0.037236637173597556,8.1
3177.971650234197,0.92241824,0.034880367147107474,8.1
3178.9716518073096,0.8631911,0.034502618043941134,9.4
3179.9716533804217,0.85114765,0.03433630393375559,8.1
3180.971654953534,0.6896772,0.029552078369001693,8.1
3181.9716565266467,0.5407069,0.016433119701203567,4.2
3182.9716580997588,0.44130456,0.012586368999711177,6.2
3183.9716596728713,0.47423527,0.012161577524283877,6.800000000000001
3184.971661245984,0.43960682,0.010780496395002627,7.5
3185.971662819096,0.5623848,0.010232667357413443,6.300000000000001
3186.9716643922084,0.38092306,0.01046849261982439,5.6000000000000005
3187.971665965321,0.5100672,0.010322985883085029,5.6000000000000005
3188.971667538433,0.68947685,0.01028179281297874,5.6000000000000005
3189.9716691115455,0.74209315,0.008661681849917923,4.3
3190.971670684658,0.7400175,0.010014056670966092,7.4
3191.97167225777,0.8047963,0.01022910669590787,8.8
3192.9716738308825,0.8001991,0.010519308594496266,10.9
3193.971675403995,0.83163124,0.009880897594246279,12.4
3194.971676977107,0.87433016,0.00951666596033235,12.4
3195.9716785502196,0.85701513,0.010978961296581997,12.5
3196.971680123332,0.86881727,0.011010707703308722,12.5
3197.971681696444,0.9101525,0.01102900699309909,12.5
3198.9716832695567,0.7728108,0.01172133600467327,14.700000000000001
3199.971684842669,0.67543936,0.011824008757008357,14.700000000000001
3200.9716864157813,0.6632979,0.011449526517339683,13.100000000000001
3201.971687988894,0.55104667,0.012100793782596363,13.100000000000001
3202.9716895620063,0.5808637,0.015748613178960993,4.4
3203.9716911351184,0.49003246,0.015513510353509903,4.4
3204.971692708231,0.5425869,0.015545750985786595,4.4
3205.9716942813434,0.55331355,0.01440322901608593,7.1000000000000005
3206.9716958544554,0.50828207,0.015570046313691315,7.1000000000000005
3207.971697427568,0.36341128,0.016046814092358783,7.1000000000000005
3208.9716990006805,0.48931003,0.01659169303799911,7.1000000000000005
3209.9717005737925,0.39081475,0.017520809049984737,4.4
3210.971702146905,0.49631172,0.017252313340701212,7.300000000000001
3211.9717037200176,0.5172828,0.01692284590403503,7.300000000000001
3212.9717052931296,0.6439747,0.013518234337187898,13.700000000000001
3213.971706866242,0.46873063,0.030457655552150877,3.4000000000000004
3214.9717084393546,0.47080788,0.032393750113609364,3.4000000000000004
3215.9717100124667,0.74949646,0.03294631055025095,3.4000000000000004
3216.971711585579,0.84879863,0.03460870131378804,3.4000000000000004
3217.9717131586917,0.8563035,0.034511023625664904,3.4000000000000004
3218.971714731804,0.6160786,0.037223339538924836,3.4000000000000004
3219.9717163049163,0.79407114,0.03719917197259423,3.4000000000000004
3220.971717878029,0.6906026,0.03758954690869675,3.4000000000000004
3221.9717194511413,0.74421597,0.039858206410443825,3.4000000000000004
3222.9717210242534,0.7587137,0.039937701227942504,3.4000000000000004
3223.971722597366,0.83542645,0.02930016462432303,9.0
3224.9717241704784,0.6352356,0.03354533257232703,8.8
3225.9717257435905,0.7354193,0.033118003363012835,4.9
3226.971727316703,0.48963976,0.03139789635179334,4.9
3227.9717288898155,0.56853396,0.03168614413013886,4.9
3228.9717304629276,0.40918422,0.028383478979026284,3.6
3229.97173203604,0.3207506,0.02820547669920649,3.6
3230.9717336091526,0.33554807,0.028270617646798352,5.5
3231.9717351822646,0.3826296,0.02464405544368731,6.2
3232.971736755377,0.31570005,0.024840552665413677,5.5
3233.9717383284897,0.17160009,0.026084965978462687,5.5
3234.9717399016017,0.17340852,0.01939338770288309,3.5
3235.9717414747142,0.2979932,0.01960936232695873,4.4
3236.9717430478267,0.1599924,0.019279563951450796,4.4
3237.971744620939,0.15904504,0.019483632470924037,4.4
3238.9717461940513,0.20484196,0.01869082051086756,6.1000000000000005
3239.971747767164,0.1314834,0.01938277644034754,6.1000000000000005
3240.971749340276,0.34176552,0.020069961179663184,6.1000000000000005
3241.9717509133884,0.15103339,0.023838656384866312,6.1000000000000005
3242.971752486501,0.33179763,0.02402766133442124,6.1000000000000005
3243.971754059613,0.4833029,0.02256531575257527,5.7
3244.9717556327255,0.48126274,0.020636568677568533,5.7
3245.971757205838,0.5486306,0.020675466414688034,5.7
3246.97175877895,0.6679292,0.02086872285276352,8.9
3247.9717603520626,0.8160916,0.02003207814449093,8.9
3248.971761925175,0.84599274,0.020067048377156036,8.9
3249.971763498287,0.60169625,0.04603027475198625,3.6
3250.9717650713997,0.701271,0.04695923861251314,3.6
3251.971766644512,0.6410074,0.08009411215662374,2.4000000000000004
3252.9717682176242,0.70995003,0.08499487653595894,2.0
3253.9717697907367,0.7568158,0.08740802581255698,2.0
3254.9717713638493,0.751089,0.08815903566531409,2.0
3255.9717729369613,0.6871576,0.08842446542632607,2.0
3256.971774510074,0.89712715,0.08830507673973731,2.0
3257.9717760831863,0.9333722,0.08841551680646796,2.0
3258.9717776562984,0.94916517,0.08843823900116399,2.0
3259.971779229411,0.96739566,0.0778615856578098,2.1
3260.9717808025234,0.9739724,0.07689361529037467,2.1
3261.9717823756355,0.98037946,0.039495680627809,2.2
3262.971783948748,0.93060297,0.026635601573826138,3.6
3263.9717855218605,0.9205155,0.017723358918734684,9.4
3264.9717870949726,0.9331756,0.0357514341746227,8.8
3265.971788668085,0.952711,0.0352702141813633,8.8
3266.9717902411976,0.92200005,0.06040980054159826,3.0
3267.9717918143097,0.8446789,0.06097735388407844,1.1
3268.971793387422,0.6935469,0.06098336952510179,1.1
3269.9717949605347,0.6164229,0.06098858879776604,1.1
3270.9717965336467,0.618684,0.06099173910662176,1.1
3271.9717981067593,0.6664496,0.06112108147822456,5.9
3272.9717996798718,0.71414024,0.062372055694612454,5.9
3273.971801252984,0.75908864,0.0676338749849312,2.5
3274.9718028260963,0.6301316,0.061444742821702376,1.2000000000000002
3275.971804399209,0.32218546,0.06148830425966198,2.5
3276.971805972321,0.16218121,0.037052677298841076,2.5
3277.9718075454334,0.3047711,0.04056941852502657,2.6
3278.971809118546,0.1844371,0.05601894775165552,2.6
3279.971810691658,0.37282375,0.05613549343106861,2.6
3280.9718122647705,0.3632457,0.056066708911217955,2.6
3281.971813837883,0.39624366,0.05974014930387322,2.6
3282.971815410995,0.6995375,0.05875194522880229,1.2000000000000002
3283.9718169841076,0.5525331,0.05241319706316723,2.3000000000000003
3284.97181855722,0.7134359,0.049897718773174754,4.3
3285.971820130332,0.7521197,0.05236318580287189,2.1
3286.9718217034447,0.81596214,0.07204293949123922,2.1
3287.971823276557,0.74805725,0.069759053031175,2.1
3288.9718248496692,0.76140636,0.05817055191147101,2.3000000000000003
3289.9718264227818,0.7470569,0.05827168189047182,2.3000000000000003
3290.9718279958943,0.8057963,0.05843375373971134,2.3000000000000003
3291.9718295690063,0.7596453,0.05434698038278986,2.4000000000000004
3292.971831142119,0.80191535,0.05390675002668252,2.3000000000000003
3293.9718327152314,0.8232741,0.05368619189534428,2.3000000000000003
3294.9718342883434,0.7922313,0.05341134608908249,2.3000000000000003
3295.971835861456,0.7949539,0.0506416913391784,2.8000000000000003
3296.9718374345684,0.3911729,0.0176453715570368,7.1000000000000005
3297.9718390076805,0.7826836,0.027693625873456227,10.0
3298.971840580793,0.75237226,0.027754670059174286,10.0
3299.9718421539055,0.7248128,0.027226614208003215,4.1000000000000005
3300.971843727018,0.52176356,0.02686962287510353,4.1000000000000005
3301.97184530013,0.51663166,0.026786158193929478,4.0
3302.9718468732426,0.4472981,0.026797813746299467,4.0
3303.971848446355,0.54436576,0.02683690242207613,3.9000000000000004
3304.971850019467,0.5478232,0.026839392561074683,3.9000000000000004
3305.9718515925797,0.6407415,0.026833083185289448,3.9000000000000004
3306.971853165692,0.34181112,0.022453557784284286,4.4
3307.9718547388043,0.48074558,0.004024007498737996,3.8000000000000003
3308.971856311917,0.41242623,0.003470829530141051,3.8000000000000003
3309.9718578850293,0.26708952,0.0032398982603219478,3.8000000000000003
3310.9718594581414,0.17718795,0.007850895902699474,3.8000000000000003
3311.971861031254,0.5839047,0.03390606542073632,2.0
3312.9718626043664,0.4867205,0.038371880512572606,0.8
3313.9718641774784,0.37784153,0.03948790844085465,0.9
3314.971865750591,0.49261874,0.048603534889048366,0.9
3315.9718673237035,0.44120103,0.08197216266104079,2.1
3316.9718688968155,0.54383886,0.08349754310899658,1.6
3317.971870469928,0.51724166,0.08445115455999037,1.6
3318.9718720430405,0.6097245,0.08650326465033285,2.6
3319.9718736161526,0.54416865,0.09506338167073866,0.9
3320.971875189265,0.34702566,0.11049472837911839,0.9
3321.9718767623776,0.5183096,0.12299271920252983,1.0
3322.9718783354897,0.32927793,0.1355535064172662,1.2000000000000002
3323.971879908602,0.31203902,0.14576113644543243,1.2000000000000002
3324.9718814817147,0.32882077,0.15443464367618007,1.2000000000000002
3325.971883054827,0.15066473,0.14242804402232015,1.2000000000000002
3326.9718846279393,0.06404274,0.14219704622171322,1.2000000000000002
3327.971886201052,0.10254361,0.14261593823929788,1.2000000000000002
3328.971887774164,0.11187164,0.14531936673529483,1.2000000000000002
3329.9718893472764,0.2967472,0.14213298006305827,1.2000000000000002
3330.971890920389,0.2836026,0.13877914194300262,1.2000000000000002
3331.971892493501,0.36967388,0.13255472479765523,1.2000000000000002
3332.9718940666135,0.39311445,0.13455007692803736,1.3
3333.971895639726,0.5307009,0.1690651042868055,0.8
3334.971897212838,0.37186375,0.16094292285092357,0.8
3335.9718987859505,0.41782075,0.15958787123077486,0.8
3336.971900359063,0.56761116,0.15903944555520658,0.8
3337.971901932175,0.56809574,0.1582048670333211,0.8
3338.9719035052876,0.58065623,0.15528739392704333,0.8
3339.9719050784,0.6656742,0.1536757766748606,0.8
3340.971906651512,0.6012719,0.1460589720687188,0.8
3341.9719082246247,0.7127034,0.13816960359993258,0.8
3342.971909797737,0.71296865,0.1227600301596832,0.9
3343.9719113708493,0.684444,0.04247461352914257,2.9000000000000004
3344.971912943962,0.25754264,0.033965868215701626,10.700000000000001
3345.9719145170743,0.26844695,0.02966330221289472,10.700000000000001
3346.9719160901864,0.20058891,0.029519605541941156,10.700000000000001
3347.971917663299,0.17111592,0.028750431693722333,10.700000000000001
3348.9719192364114,0.15023226,0.026493010107857817,10.100000000000001
3349.9719208095235,0.22349177,0.024370225844962918,9.8
3350.971922382636,0.3821109,0.023936325396803813,7.1000000000000005
3351.9719239557485,0.29053122,0.02258736712932239,6.2
3352.9719255288605,0.14498107,0.019429933115958784,11.200000000000001
3353.971927101973,0.3337323,0.017440037504690004,3.2
3354.9719286750856,0.36949173,0.01817908133617244,9.4
3355.9719302481976,0.197472,0.018442312788048875,9.4
3356.97193182131,0.09232219,0.018152646184689016,9.4
3357.9719333944226,0.23547187,0.01777486740572982,3.1
3358.9719349675347,0.19036299,0.017538587334446926,9.5
3359.971936540647,0.07648157,0.017525519529995492,9.5
3360.9719381137597,0.058185868,0.0173461889852652,9.5
3361.971939686872,0.12717563,0.017446685817192515,9.5
3362.9719412599843,0.09064996,0.016830368202011333,9.5
3363.971942833097,0.27496684,0.013131607654688566,7.4
3364.971944406209,0.42698628,0.009306228238342018,7.4
3365.9719459793214,0.32055882,0.008440729169026636,7.4
3366.971947552434,0.38147706,0.00859976425636009,13.100000000000001
3367.971949125546,0.258405,0.00879473147859837,13.100000000000001
3368.9719506986585,0.15641752,0.007904321398463197,7.5
3369.971952271771,0.16676126,0.007855808451737958,7.5
3370.971953844883,0.14844768,0.007876060018996215,5.2
3371.9719554179956,0.06001828,0.0074549138648819105,5.2
3372.971956991108,0.053229935,0.007013609267829612,5.2
3373.97195856422,0.033184983,0.005841732566167775,5.2
3374.9719601373326,0.04420117,0.0061449950293126325,5.2
3375.971961710445,0.079389066,0.006003800839267807,5.2
3376.971963283557,0.088244975,0.0055037666794365454,6.4
3377.9719648566697,0.088618785,0.005125419761880173,7.1000000000000005
3378.9719664297822,0.06529835,0.0051930197672625635,7.1000000000000005
3379.9719680028948,0.2649938,0.010685560287487203,0.1
3380.971969576007,0.18471707,0.024018917648101858,6.300000000000001
3381.9719711491193,0.44770163,0.04404990729146384,3.8000000000000003
3382.971972722232,0.4852482,0.06184958492432697,1.0
3383.971974295344,0.45861313,0.06451185119939662,1.0
3384.9719758684564,0.48184803,0.06485483289372022,1.0
3385.971977441569,0.62064326,0.06497487446261828,1.0
3386.971979014681,0.6361785,0.06501749354259644,1.0
3387.9719805877935,0.6726029,0.06512100587249797,1.0
3388.971982160906,0.6304798,0.06524396791125714,1.0
3389.971983734018,0.5627344,0.064690683545803,3.9000000000000004
3390.9719853071306,0.71938735,0.06109889674339544,1.6
3391.971986880243,0.53236145,0.04870431928005042,1.2000000000000002
3392.971988453355,0.23702775,0.022142100258987708,2.8000000000000003
3393.9719900264677,0.08311062,0.013218799787615485,3.9000000000000004
3394.97199159958,0.017921776,0.011980710250522912,2.7
3395.9719931726922,0.017115043,0.012106392087762936,3.4000000000000004
3396.9719947458047,0.03411325,0.011917148276512931,3.4000000000000004
3397.9719963189173,0.0142893195,0.011813792808625045,2.7
3398.9719978920293,0.061313145,0.011177231740587365,3.3000000000000003
3399.971999465142,0.05379226,0.010762374926767241,3.3000000000000003
3400.9720010382543,0.026460491,0.01135879221640453,3.3000000000000003
3401.9720026113664,0.06059188,0.011869626816709646,3.5
3402.972004184479,0.046773024,0.011804595654214087,3.5
3403.9720057575914,0.17402041,0.010861801775475298,3.5
3404.9720073307035,0.13079636,0.010071722903464237,3.5
3405.972008903816,0.22496256,0.00988084452290211,3.5
3406.9720104769285,0.37737077,0.010423439918493448,3.5
3407.9720120500406,0.20323332,0.010583784952050685,7.5
3408.972013623153,0.56357455,0.010935034280595923,8.3
3409.9720151962656,0.51249695,0.01266930484201622,7.5
3410.9720167693777,0.5838814,0.011661228132744412,6.7
3411.97201834249,0.69042534,0.011465788755582481,8.200000000000001
3412.9720199156027,0.6263553,0.011616499762739372,7.4
3413.9720214887147,0.82477206,0.011853080852660602,9.4
3414.9720230618273,0.64393437,0.012592900560625267,9.4
3415.9720246349398,0.7540124,0.01189117006564998,9.4
3416.972026208052,0.56684315,0.011967524755739364,9.200000000000001
3417.9720277811643,0.7314478,0.011338789489130013,7.300000000000001
3418.972029354277,0.8711653,0.011050990028667237,9.200000000000001
3419.972030927389,0.7680983,0.008901694761960956,9.700000000000001
3420.9720325005014,0.90476614,0.008965857543224357,9.700000000000001
3421.972034073614,0.80509984,0.008766271530990645,9.700000000000001
3422.972035646726,0.8065746,0.008824929849323548,8.1
3423.9720372198385,0.76749575,0.008301484117719343,8.1
3424.972038792951,0.8108224,0.007016072618392505,10.3
3425.972040366063,0.6744678,0.007084389985298464,4.800000000000001
3426.9720419391756,0.6641045,0.00608412705833376,10.5
3427.972043512288,0.6234561,0.006078768072355971,9.4
3428.9720450854,0.5097103,0.005977830365007302,4.9
3429.9720466585127,0.4658425,0.006277296485765076,4.6000000000000005
3430.972048231625,0.79510224,0.006075921317607157,4.6000000000000005
3431.9720498047373,0.49907637,0.005585563629770426,4.6000000000000005
3432.9720513778498,0.8244055,0.006016298600945861,4.0
3433.9720529509623,0.65598524,0.005898894487737411,4.0
3434.9720545240743,0.5924896,0.005813580588429619,4.0
3435.972056097187,0.4649759,0.005769995136015057,4.0
3436.9720576702994,0.6456569,0.00589625421232677,4.0
3437.9720592434114,0.49263963,0.006428345860578886,3.7
3438.972060816524,0.5380788,0.006250020115480526,3.4000000000000004
3439.9720623896364,0.41004968,0.0058334862508329114,4.1000000000000005
3440.9720639627485,0.73730975,0.005748164765512098,4.1000000000000005
3441.972065535861,0.7351501,0.005664544250469613,4.7
3442.9720671089735,0.80541056,0.004178969681455649,4.6000000000000005
3443.9720686820856,0.9045239,0.004128573721816926,5.6000000000000005
3444.972070255198,0.88920635,0.004104430904451725,4.7
3445.9720718283106,0.885552,0.003866545243028574,5.6000000000000005
3446.9720734014227,0.7887259,0.003558602955165078,5.6000000000000005
3447.972074974535,0.6373924,0.0023229964875028882,5.6000000000000005
3448.9720765476477,0.79529774,0.0022712499243496766,5.6000000000000005
3449.9720781207598,0.74843717,0.0022347691332319165,11.8
3450.9720796938723,0.7724453,0.0022411937471809897,11.8
3451.972081266985,0.8957048,0.0022641017975664137,5.2
3452.972082840097,0.8094321,0.002186338889666689,5.2
3453.9720844132094,0.8720188,0.002147282107504376,5.5
3454.972085986322,0.80082554,0.002093154577101034,5.5
3455.972087559434,0.88559705,0.0020661410119865195,5.5
3456.9720891325464,0.87339354,0.0020415025534632507,5.300000000000001
3457.972090705659,0.8389271,0.00207550271782515,5.800000000000001
3458.9720922787715,0.8914647,0.001990744007101783,5.800000000000001
3459.9720938518835,0.8665185,0.002034141372085277,6.6000000000000005
3460.972095424996,0.8189188,0.0020395482539531285,5.300000000000001
3461.9720969981086,0.78651524,0.001996621039447951,5.5
3462.9720985712206,0.7167963,0.002048362318568101,6.5
3463.972100144333,0.7051938,0.0020735346502195385,6.5
3464.9721017174456,0.6638237,0.002247943338544647,6.5
3465.9721032905577,0.7776663,0.003984468780401109,11.0
3466.97210486367,0.75133526,0.005082289892898295,5.300000000000001
3467.9721064367827,0.65956014,0.005897835066083454,5.5
3468.972108009895,0.45490327,0.005972627573248526,5.5
3469.9721095830073,0.24235524,0.007031616513931698,5.5
3470.97211115612,0.6218814,0.007062901433291845,5.5
3471.972112729232,0.49711326,0.007848401818090073,8.5
3472.9721143023444,0.56242275,0.00821382691415177,8.5
3473.972115875457,0.48180178,0.009261379063555486,8.5
3474.972117448569,0.6999871,0.01173565037089605,5.2
3475.9721190216815,0.49628082,0.01136702612570837,5.2
3476.972120594794,0.48022586,0.010953672170263992,5.2
3477.972122167906,0.42299515,0.010791758568300213,8.5
3478.9721237410185,0.2372256,0.011282376597160547,5.2
3479.972125314131,0.25531593,0.011229960414767315,8.4
3480.972126887243,0.31179646,0.011246039978683361,8.4
3481.9721284603556,0.48071364,0.010920565438729796,7.1000000000000005
3482.972130033468,0.4097292,0.010963552537619907,8.4
3483.97213160658,0.4571788,0.01096843795692773,10.0
3484.9721331796927,0.5576372,0.009112266807258464,8.200000000000001
3485.9721347528052,0.21988373,0.009244337184788147,8.200000000000001
3486.9721363259173,0.41664797,0.01093011451727886,8.200000000000001
3487.97213789903,0.37137187,0.012026237418279835,8.200000000000001
3488.9721394721423,0.42133152,0.011580977412078008,8.200000000000001
3489.9721410452544,0.22489166,0.011358158718771128,8.200000000000001
3490.972142618367,0.16200814,0.011700724927000417,8.200000000000001
3491.9721441914794,0.09723609,0.01321658494302647,8.200000000000001
3492.9721457645915,0.21374275,0.013696001118537556,7.7
3493.972147337704,0.38975197,0.014191305135761487,7.7
3494.9721489108165,0.2657051,0.014229133141428136,7.7
3495.9721504839285,0.2989862,0.014760584773378127,6.7
3496.972152057041,0.3266011,0.01401213907654586,7.6000000000000005
3497.9721536301536,0.3717666,0.01289582408548641,7.6000000000000005
3498.9721552032656,0.10040606,0.013665710229722452,7.6000000000000005
3499.972156776378,0.13532597,0.013804902095365572,7.6000000000000005
3500.9721583494907,0.043262113,0.013506288906138272,7.6000000000000005
3501.9721599226027,0.021392029,0.012628571459334386,7.4
3502.972161495715,0.03332149,0.012310824214445688,7.6000000000000005
3503.9721630688277,0.011210638,0.011130523817231123,7.7
3504.97216464194,0.047619548,0.010381086721562313,7.7
3505.9721662150523,0.13357908,0.00953890394586477,7.7
3506.972167788165,0.16821952,0.00884811128862724,7.800000000000001
3507.972169361277,0.20504986,0.008823150177551102,7.800000000000001
3508.9721709343894,0.46903187,0.007502611561209923,7.7
3509.972172507502,0.38885504,0.006993062573792589,6.4
3510.972174080614,0.2502146,0.0069817026592898564,6.4
3511.9721756537265,0.41269156,0.005553732035060386,6.4
3512.972177226839,0.51212716,0.004794718095869301,6.4
3513.972178799951,0.27335414,0.004511844677685178,5.2
3514.9721803730636,0.16465548,0.004977644671831989,9.200000000000001
3515.972181946176,0.15132087,0.005332998536591956,5.7
3516.972183519288,0.31021887,0.007117580582691142,9.0
3517.9721850924007,0.19618277,0.008053926062871461,5.4
3518.972186665513,0.13530982,0.00819997783748964,5.4
3519.972188238625,0.09172967,0.008302412115981433,5.4
3520.9721898117377,0.08976561,0.00865737956808296,8.0
3521.9721913848502,0.2068766,0.00857579079502512,9.700000000000001
3522.9721929579623,0.57292444,0.0088175194937298,6.800000000000001
3523.972194531075,0.6415783,0.008747341955524787,6.800000000000001
3524.9721961041873,0.66727155,0.008562383512920673,9.200000000000001
3525.9721976772994,0.67534596,0.008167732118349567,9.200000000000001
3526.972199250412,0.7286504,0.006624412014232192,9.8
3527.9722008235244,0.7328576,0.005426413706456431,10.700000000000001
3528.9722023966365,0.59699583,0.005276781716436552,7.300000000000001
3529.972203969749,0.63142645,0.004905679759576359,8.6
3530.9722055428615,0.74108666,0.0065600904102627745,8.6
3531.9722071159736,0.6306179,0.006889476049047808,8.6
3532.972208689086,0.580602,0.0070228325938626775,5.6000000000000005
3533.9722102621986,0.74004644,0.007384568279905951,6.300000000000001
3534.9722118353106,0.5049099,0.007589360256992346,6.300000000000001
3535.972213408423,0.6829349,0.007580383059437664,6.300000000000001
3536.9722149815357,0.70150673,0.00759703215485565,6.300000000000001
3537.972216554648,0.54732645,0.008687545754665002,8.6
3538.9722181277602,0.4283467,0.008744429864481987,8.6
3539.9722197008728,0.5606341,0.008975787083646256,8.6
3540.9722212739853,0.62959296,0.007570035730276422,4.9
3541.9722228470973,0.6519167,0.0073254691669226305,8.4
3542.97222442021,0.46791852,0.006888183761293869,5.1000000000000005
3543.9722259933224,0.54273075,0.009406364094093275,6.4
3544.9722275664344,0.49794784,0.009292201229090195,6.4
3545.972229139547,0.3567204,0.009290369134311152,6.4
3546.9722307126594,0.47834998,0.009302810955647606,9.5
3547.9722322857715,0.59439933,0.008309948566996565,9.3
3548.972233858884,0.31131113,0.00974541585929476,9.3
3549.9722354319965,0.61086994,0.009445161141125065,9.3
3550.9722370051086,0.5293335,0.009896116685753553,9.3
3551.972238578221,0.5967732,0.009876326878575682,9.3
3552.9722401513336,0.33638024,0.011223858495698751,8.8
3553.9722417244457,0.59442455,0.008953775970316826,8.8
3554.972243297558,0.69315785,0.008898148821381307,8.8
3555.9722448706707,0.3099654,0.009055260206083025,8.8
3556.9722464437828,0.20012279,0.009107138753061924,8.8
3557.9722480168953,0.21378434,0.009848886494483233,8.8
3558.972249590008,0.48682606,0.008411660426487284,9.700000000000001
3559.97225116312,0.22583947,0.00841738514212123,8.8
3560.9722527362323,0.25565213,0.009019697992174884,9.0
3561.972254309345,0.25490478,0.009009108158810075,9.0
3562.972255882457,0.5533396,0.00702646960933806,9.0
3563.9722574555694,0.3785186,0.00695200290412291,8.4
3564.972259028682,0.6202894,0.006896884284055769,9.4
3565.972260601794,0.7301509,0.00854903319426266,9.0
3566.9722621749065,0.5016651,0.008776721995370478,8.0
3567.972263748019,0.6422278,0.00905986298392036,8.4
3568.972265321131,0.5774657,0.009804665568844826,8.200000000000001
3569.9722668942436,0.695208,0.010027327257305943,8.8
3570.972268467356,0.6948791,0.008934395762280297,8.9
3571.972270040468,0.58452535,0.008937566069229061,5.5
3572.9722716135807,0.515711,0.008934566568890764,4.7
3573.972273186693,0.51615083,0.009195426555258165,4.7
3574.9722747598053,0.31078357,0.009240359715919324,8.9
3575.9722763329178,0.5509215,0.00809147786704714,8.700000000000001
3576.9722779060303,0.49289352,0.007768094924708391,8.700000000000001
3577.9722794791423,0.6966958,0.00640116381430982,8.700000000000001
3578.972281052255,0.8570654,0.005045498988369345,8.700000000000001
3579.9722826253674,0.6429891,0.004574681045273565,9.200000000000001
3580.9722841984794,0.8709624,0.0045523371323295215,9.200000000000001
3581.972285771592,0.83838886,0.0045216156802565305,5.800000000000001
3582.9722873447045,0.626507,0.00449592218102428,5.800000000000001
3583.9722889178165,0.46931723,0.003936600409644862,5.800000000000001
3584.972290490929,0.52814627,0.004265095487779263,6.800000000000001
3585.9722920640415,0.5455083,0.004181981740342284,6.800000000000001
3586.9722936371536,0.58048266,0.020951017916537574,2.8000000000000003
3587.972295210266,0.5260342,0.02262327347321633,2.7
3588.9722967833786,0.39788708,0.023159384505553285,2.8000000000000003
3589.9722983564907,0.29692134,0.023328121147433115,2.8000000000000003
3590.972299929603,0.2272829,0.02393987690549939,2.8000000000000003
3591.9723015027157,0.3163955,0.024260976711560904,2.8000000000000003
3592.9723030758278,0.31532058,0.02429523018903577,2.8000000000000003
3593.9723046489403,0.1952755,0.02438051675833356,2.8000000000000003
3594.972306222053,0.26526168,0.024367744799747248,2.8000000000000003
3595.972307795165,0.27843946,0.024225725882999368,2.8000000000000003
3596.9723093682774,0.0895269,0.012920463292210145,4.4
3597.97231094139,0.1366627,0.010122889806964882,4.4
3598.972312514502,0.039606832,0.008845772535829743,6.5
3599.9723140876144,0.035881344,0.009733142529379655,6.5
3600.972315660727,0.13405944,0.008333317369832484,6.5
3601.972317233839,0.16366717,0.0073597095604747455,6.5
3602.9723188069515,0.15720357,0.0072673182542602535,6.5
3603.972320380064,0.20134655,0.006979970479865415,5.2
3604.972321953176,0.23930186,0.007240259096574888,6.4
3605.9723235262886,0.37644252,0.007158403168062877,6.4
3606.972325099401,0.4171793,0.007416711665634028,6.6000000000000005
3607.972326672513,0.6578889,0.007253010099715162,10.0
3608.9723282456257,0.56885874,0.007270767927957001,10.0
3609.972329818738,0.5204931,0.005571651471644062,7.300000000000001
3610.9723313918503,0.4865978,0.005872988710360984,8.4
3611.972332964963,0.3639802,0.005923663356070606,8.4
3612.9723345380753,0.4600036,0.005916141006925427,8.4
3613.9723361111874,0.34280482,0.005904485681168782,7.300000000000001
3614.9723376843,0.25308627,0.005256169169911286,7.300000000000001
3615.9723392574124,0.16812235,0.005237042560235508,5.9
3616.972340830525,0.43406916,0.0047316065944909315,5.9
3617.972342403637,0.5144609,0.004060622702343,5.9
3618.9723439767495,0.73148507,0.004019823919226358,5.9
3619.972345549862,0.59633243,0.003733696270885785,5.800000000000001
3620.972347122974,0.843335,0.003321512507517568,5.800000000000001
3621.9723486960866,0.8481772,0.003386463858731336,11.3
3622.972350269199,0.8107666,0.0040530717880689505,6.2
3623.972351842311,0.88677204,0.004297512648498975,6.2
3624.9723534154236,0.8844624,0.0048086545675403635,9.200000000000001
3625.972354988536,0.7983715,0.005585500500553603,10.9
3626.972356561648,0.75776345,0.005827940055693251,9.5
3627.9723581347607,0.715505,0.006553401932590901,5.2
3628.9723597078732,0.6860419,0.00690295466610571,9.5
3629.9723612809853,0.58951384,0.00897419170729075,7.9
3630.972362854098,0.6309417,0.009326405274240992,7.9
3631.9723644272103,0.54031783,0.009598192949974922,5.6000000000000005
3632.9723660003224,0.37018904,0.009612250140808262,5.6000000000000005
3633.972367573435,0.22415097,0.010735020341354238,7.800000000000001
3634.9723691465474,0.48117444,0.010675481059836987,8.1
3635.9723707196595,0.41606957,0.010423381104380904,7.800000000000001
3636.972372292772,0.48273215,0.01078718696922953,7.800000000000001
3637.9723738658845,0.21231514,0.011095493693412513,7.800000000000001
3638.9723754389966,0.31068072,0.011556555634521504,7.800000000000001
3639.972377012109,0.1661722,0.010040686329398692,8.700000000000001
3640.9723785852216,0.37662736,0.009536440492238923,8.700000000000001
3641.9723801583336,0.27177757,0.009187752881180056,8.700000000000001
3642.972381731446,0.48937163,0.008871215205227037,8.700000000000001
3643.9723833045587,0.528113,0.007336078342858059,8.9
3644.9723848776707,0.73269784,0.0071060646443359575,8.9
3645.9723864507832,0.6975511,0.006908590965466207,5.7
3646.9723880238957,0.64925605,0.006086584271452144,8.700000000000001
3647.972389597008,0.6100166,0.0046014402819778985,6.1000000000000005
3648.9723911701203,0.6073621,0.002470097663912888,6.0
3649.972392743233,0.40016294,0.0031143748570662093,8.700000000000001
3650.972394316345,0.57356155,0.0030416239509457165,6.300000000000001
3651.9723958894574,0.6888389,0.0031207797590571506,6.300000000000001
3652.97239746257,0.79249513,0.003141515780701573,9.9
3653.972399035682,0.78075933,0.0031264002913224736,9.9
3654.9724006087945,0.5953145,0.00313906501573922,9.9
3655.972402181907,0.64983845,0.0031344289925529893,10.0
3656.972403755019,0.8731974,0.003153925144812005,9.9
3657.9724053281316,0.8230162,0.0032615532907504536,9.9
3658.972406901244,0.86951756,0.003233614328531267,9.9
3659.972408474356,0.85572493,0.0024550969555241857,6.0
3660.9724100474687,0.8711685,0.0023431452950623427,6.0
3661.972411620581,0.86134243,0.002251740593240442,6.2
3662.9724131936932,0.8467824,0.0022515090209015948,5.7
3663.9724147668057,0.78599656,0.0022257778449712817,5.7
3664.9724163399183,0.87495965,0.0021805745909471166,5.9
3665.9724179130303,0.8707358,0.0021881797825999724,6.7
3666.972419486143,0.9451219,0.0021571874988409413,6.1000000000000005
3667.9724210592553,0.8998232,0.002046103435874675,7.9
3668.9724226323674,0.9200855,0.001980898471355716,12.600000000000001
3669.97242420548,0.92897654,0.0019540277064116684,11.600000000000001
3670.9724257785924,0.89286417,0.0019120738890376716,5.300000000000001
3671.9724273517045,0.9257959,0.003278701399406867,5.4
3672.972428924817,0.9086109,0.0064352852785910086,8.9
3673.9724304979295,0.92467284,0.007345804704317315,8.700000000000001
3674.9724320710416,0.89986277,0.007821567291184817,8.700000000000001
3675.972433644154,0.68646467,0.010525856044090811,6.9
3676.9724352172666,0.7231879,0.011103280400031288,7.300000000000001
3677.9724367903787,0.21181372,0.011284671196626688,8.8
3678.972438363491,0.27951214,0.013973344324150837,7.300000000000001
3679.9724399366037,0.3005158,0.014114555769352182,7.300000000000001
3680.9724415097157,0.24886525,0.014583999014650602,7.300000000000001
3681.9724430828282,0.4098925,0.014475237680483907,7.300000000000001
3682.9724446559408,0.2056207,0.013412023588676143,7.4
3683.972446229053,0.23973258,0.012969700888209836,7.4
3684.9724478021653,0.34495327,0.012816932698655076,7.4
3685.972449375278,0.30397844,0.01082118153331398,8.3
3686.97245094839,0.42734405,0.01025731318437861,6.6000000000000005
3687.9724525215024,0.6151344,0.011139735149225942,8.5
3688.972454094615,0.5433586,0.00802746660091903,9.200000000000001
3689.972455667727,0.5745429,0.007900632452845396,8.9
3690.9724572408395,0.6835393,0.0070291726362167834,8.9
3691.972458813952,0.7452756,0.006976930854256162,8.9
3692.972460387064,0.8492103,0.006961323843746288,8.9
3693.9724619601766,0.81099486,0.006940855007851467,8.9
3694.972463533289,0.9108868,0.006704566493768814,8.9
3695.9724651064016,0.9504766,0.006512640032543724,8.9
3696.9724666795137,0.94288474,0.0064795656768429355,8.9
3697.972468252626,0.93340117,0.004346770046331952,7.5
3698.9724698257387,0.8687487,0.0032880920099694327,7.300000000000001
3699.9724713988508,0.7581111,0.00528445749441452,7.5
3700.9724729719633,0.62722975,0.005441886854248476,9.9
3701.972474545076,0.63519174,0.0052412874762599445,6.800000000000001
3702.972476118188,0.4256308,0.005813940697290372,9.8
3703.9724776913004,0.49349752,0.006186063659578401,10.100000000000001
3704.972479264413,0.4069026,0.007692118659837,10.100000000000001
3705.972480837525,0.6019202,0.01083373310419993,3.1
3706.9724824106374,0.77457,0.011125282416967593,3.4000000000000004
3707.97248398375,0.8609419,0.011736507843147672,3.1
3708.972485556862,0.81592125,0.011936321765084003,3.1
3709.9724871299745,0.81753594,0.011151379785976816,3.3000000000000003
3710.972488703087,0.78299963,0.011078604307357695,3.3000000000000003
3711.972490276199,0.75029343,0.011041211715599962,3.3000000000000003
3712.9724918493116,0.87878174,0.010718561176418565,3.3000000000000003
3713.972493422424,0.79131556,0.01051668150639446,3.3000000000000003
3714.972494995536,0.3464972,0.01017114590561499,3.3000000000000003
3715.9724965686487,0.28627887,0.006951841329670504,5.300000000000001
3716.972498141761,0.45056796,0.00648894552222125,5.300000000000001
3717.9724997148733,0.6093061,0.00531974720437221,5.300000000000001
3718.972501287986,0.677505,0.004864036409786973,5.300000000000001
3719.9725028610983,0.58498716,0.00490439025220664,6.0
3720.9725044342104,0.7160975,0.0049217888509283485,5.4
3721.972506007323,0.54371893,0.004961360327717412,5.4
3722.9725075804354,0.7416338,0.00533038810944896,5.300000000000001
3723.9725091535474,0.8979115,0.0053423917328246535,5.300000000000001
3724.97251072666,0.7546067,0.004285594502321805,6.2
3725.9725122997725,0.56733286,0.004178607028474189,6.4
3726.9725138728845,0.6616592,0.007397948289680788,5.4
3727.972515445997,0.542288,0.00769330031145422,8.4
3728.9725170191095,0.41448745,0.007880967754940698,9.700000000000001
3729.9725185922216,0.5019915,0.008800445563417027,8.200000000000001
3730.972520165334,0.37510487,0.009205230976635415,8.200000000000001
3731.9725217384466,0.45174935,0.0098365611457004,8.200000000000001
3732.9725233115587,0.39727667,0.009721105589918445,8.200000000000001
3733.972524884671,0.31392327,0.009866111781871731,8.200000000000001
3734.9725264577837,0.37568462,0.009856875369984206,8.200000000000001
3735.972528030896,0.28009412,0.009821045884711024,8.200000000000001
3736.9725296040083,0.2664293,0.008029182836207384,8.9
3737.972531177121,0.39361307,0.007856414257869003,5.9
3738.972532750233,0.53654724,0.007666143649701762,5.9
3739.9725343233454,0.7427875,0.006503532519583473,4.9
3740.972535896458,0.7442827,0.005948106850039684,7.6000000000000005
3741.97253746957,0.38161302,0.005386883729084333,8.9
3742.9725390426825,0.65770054,0.005289547354708232,7.5
3743.972540615795,0.84112924,0.004995367803609803,7.1000000000000005
3744.972542188907,0.77174884,0.004621314862749177,7.1000000000000005
3745.9725437620195,0.74880165,0.004713161139849383,5.0
3746.972545335132,0.6663674,0.005188392516306335,4.4
3747.972546908244,0.3882662,0.005036136843506359,4.4
3748.9725484813566,0.28698355,0.005039308975573464,5.2
3749.972550054469,0.1419843,0.005057623734192125,4.4
3750.972551627581,0.2992202,0.004979580246976158,5.300000000000001
3751.9725532006937,0.490927,0.0043298068545082205,5.300000000000001
3752.972554773806,0.17860095,0.005904296622813258,5.2
3753.9725563469183,0.15914322,0.005903280179454015,4.5
3754.972557920031,0.19996437,0.005942101680082847,4.5
3755.9725594931433,0.3620336,0.005782185580241784,4.800000000000001
3756.9725610662554,0.48719746,0.005255798916513676,8.4
3757.972562639368,0.57311875,0.0052732265538494175,8.4
3758.9725642124804,0.6474339,0.005303670278437114,8.4
3759.9725657855925,0.39657623,0.005433494121589483,5.7
3760.972567358705,0.5723236,0.006267759053541558,5.4
3761.9725689318175,0.5931568,0.006398721278652387,5.4
3762.9725705049295,0.5775892,0.004951898109092306,5.4
3763.972572078042,0.79348224,0.004955161835774297,5.4
3764.9725736511546,0.8854107,0.004928159052130791,5.4
3765.9725752242666,0.73613626,0.004939849792894861,5.4
3766.972576797379,0.8992193,0.004439794881368056,6.1000000000000005
3767.9725783704916,0.9118683,0.004637045438578789,6.1000000000000005
3768.9725799436037,0.8729509,0.005606336308951841,5.4
3769.972581516716,0.74568284,0.006590442414671472,4.6000000000000005
3770.9725830898287,0.87929815,0.006044173672338785,4.6000000000000005
3771.972584662941,0.89326626,0.00590508528149802,4.6000000000000005
3772.9725862360533,0.857289,0.005949640855498577,4.7
3773.972587809166,0.91892743,0.005943422948002577,4.7
3774.9725893822783,0.7817311,0.0067022655200745,4.7
3775.9725909553904,0.6858847,0.006827664592070568,4.7
3776.972592528503,0.74764544,0.007138552469378332,4.7
3777.9725941016154,0.8023587,0.007968779020699835,4.7
3778.9725956747275,0.8895522,0.00749982562740757,4.7
3779.97259724784,0.894757,0.00654555269721452,8.6
3780.9725988209525,0.9121824,0.006316375813381406,8.3
3781.9726003940646,0.9319464,0.006321711431968477,9.5
3782.972601967177,0.9254471,0.0062631844471065816,8.3
3783.9726035402896,0.9161777,0.0062254647772502555,9.5
3784.9726051134016,0.96444684,0.005408810504768116,9.5
3785.972606686514,0.97448236,0.005264802354923272,8.3
3786.9726082596267,0.94882464,0.0048739965331606626,8.3
3787.9726098327387,0.9260193,0.0029738543326696524,6.4
3788.9726114058512,0.93087375,0.0024770325720854715,6.4
3789.9726129789638,0.92712873,0.0024044775987014087,6.4
3790.972614552076,0.9090113,0.002448957227980416,6.4
3791.9726161251883,0.9402843,0.006880581962121605,4.1000000000000005
3792.972617698301,0.9409529,0.008488620280771516,4.1000000000000005
3793.972619271413,0.76918143,0.008596504043114288,4.1000000000000005
3794.9726208445254,0.45282087,0.00886917631674074,5.4
3795.972622417638,0.30491924,0.008881720415107213,5.4
3796.97262399075,0.14505501,0.009485199108222268,4.4
3797.9726255638625,0.069726124,0.009799655436344742,4.0
3798.972627136975,0.09815692,0.010188354855845832,4.0
3799.972628710087,0.06378482,0.010605346228295103,4.0
3800.9726302831996,0.050363667,0.010943353240636937,4.4
3801.972631856312,0.14079167,0.011031975026583466,4.9
3802.972633429424,0.13394341,0.01041168311979113,4.2
3803.9726350025367,0.1571942,0.010516899931301704,4.2
3804.972636575649,0.3449711,0.010633318756532789,5.0
3805.9726381487612,0.26509202,0.01062656579599654,5.0
3806.9726397218737,0.49266398,0.010112348587942173,4.2
3807.9726412949863,0.54394674,0.009894616691755115,4.2
3808.9726428680983,0.5474759,0.00948252502807289,4.2
3809.972644441211,0.5610953,0.009067017897416377,4.2
3810.9726460143233,0.64510745,0.008650480269194061,4.6000000000000005
3811.9726475874354,0.37623775,0.005888033465234457,9.8
3812.972649160548,0.45731235,0.005473435860173595,4.3
3813.9726507336604,0.4969642,0.008825085703287756,5.7
3814.9726523067725,0.38572308,0.010635761663065115,6.7
3815.972653879885,0.37239715,0.011014164852595447,6.7
3816.9726554529975,0.22145505,0.011136742280387017,6.7
3817.9726570261096,0.07224345,0.011212988915729614,6.7
3818.972658599222,0.156258,0.011339920261557702,6.7
3819.9726601723346,0.2663109,0.011330728723480447,6.7
3820.9726617454467,0.31219167,0.011358387124388344,6.800000000000001
3821.972663318559,0.41404057,0.011273483253885599,6.800000000000001
3822.9726648916717,0.4855546,0.01097970687270467,6.800000000000001
3823.9726664647837,0.5909051,0.008345556106748484,6.800000000000001
3824.9726680378963,0.5951056,0.005559656215192642,5.300000000000001
3825.9726696110088,0.48514122,0.005837650537405785,3.1
3826.972671184121,0.19384553,0.0067060250357226705,5.1000000000000005
3827.9726727572333,0.11219251,0.008273100817251912,5.1000000000000005
3828.972674330346,0.13774851,0.00825575588623023,6.0
3829.972675903458,0.07802824,0.008263510327361346,3.7
3830.9726774765704,0.04449113,0.008516800576988786,6.0
3831.972679049683,0.03232722,0.008919511932480103,3.7
3832.972680622795,0.048685182,0.00922178856957917,3.7
3833.9726821959075,0.20605452,0.009165686587450327,3.7
3834.97268376902,0.2686755,0.008952657287278478,3.7
3835.972685342132,0.34035534,0.008533433061849154,5.800000000000001
3836.9726869152446,0.31853014,0.007700136347171165,4.6000000000000005
3837.972688488357,0.3608258,0.0057363388039026715,4.9
3838.972690061469,0.61473227,0.005672870164255475,4.4
3839.9726916345817,0.4549239,0.006022969880807808,8.700000000000001
3840.972693207694,0.63668346,0.005680605327347434,5.5
3841.9726947808063,0.7327573,0.004932150993556401,6.2
3842.9726963539188,0.79601943,0.004299709262621723,4.1000000000000005
3843.9726979270313,0.7097635,0.00433015160958867,4.1000000000000005
3844.9726995001433,0.4757723,0.004333344574373379,6.300000000000001
3845.972701073256,0.72612023,0.0038136902344651476,4.1000000000000005
3846.9727026463684,0.81667864,0.003764623123205973,5.2
3847.9727042194804,0.7296315,0.0038130564127336177,5.2
3848.972705792593,0.65114576,0.004039406811372279,4.5
3849.9727073657054,0.564071,0.0036793199695699433,5.7
3850.9727089388175,0.59360605,0.0035936611939014346,5.7
3851.97271051193,0.27176753,0.004047830903537931,5.7
3852.9727120850425,0.31673914,0.005278006025768273,6.2
3853.972713658155,0.25642723,0.005443281664425833,5.800000000000001
3854.972715231267,0.3726298,0.007334761459416095,5.800000000000001
3855.9727168043796,0.46330944,0.008156754987975169,10.8
3856.972718377492,0.34228525,0.008521536478304148,10.8
3857.972719950604,0.14668687,0.009196626648919884,4.7
3858.9727215237167,0.2968676,0.009084776908325981,5.2
3859.972723096829,0.3338857,0.008975479718240337,5.2
3860.9727246699413,0.37488538,0.008957919594805774,5.2
3861.972726243054,0.6049974,0.008722603997962949,4.800000000000001
3862.9727278161663,0.7259595,0.008056416885770782,4.800000000000001
3863.9727293892784,0.7683615,0.007918790881482493,4.800000000000001
3864.972730962391,0.6221326,0.006213603726746304,4.800000000000001
3865.9727325355034,0.8658851,0.005052115553973578,4.9
3866.9727341086154,0.91283244,0.004367433568310845,5.6000000000000005
3867.972735681728,0.9119418,0.002691213654111138,4.3
3868.9727372548405,0.7677753,0.002372212500173973,6.6000000000000005
3869.9727388279525,0.7171642,0.0023491245002183977,6.6000000000000005
3870.972740401065,0.8319561,0.0023450291927202107,6.6000000000000005
3871.9727419741776,0.8326018,0.0023756128022363247,6.6000000000000005
3872.9727435472896,0.91809034,0.0023783038809334716,6.5
3873.972745120402,0.904146,0.0039881823279380516,6.5
3874.9727466935146,0.79952335,0.0042196747846038295,6.5
3875.9727482666267,0.816188,0.005478599473785878,6.5
3876.972749839739,0.8614345,0.005570588753972964,6.5
3877.9727514128517,0.8717375,0.005519242255508117,6.5
3878.972752985964,0.92176116,0.005520922703357712,6.5
3879.9727545590763,0.8986362,0.0055723407815881235,6.4
3880.972756132189,0.85927266,0.005555780030692149,6.5
3881.972757705301,0.71728843,0.005557067369875679,6.5
3882.9727592784134,0.856914,0.0055720846334289835,6.4
3883.972760851526,0.800123,0.0057872459968576085,6.4
3884.972762424638,0.8052757,0.005805337519079383,6.4
3885.9727639977505,0.67354333,0.004722683443423484,5.6000000000000005
3886.972765570863,0.58489007,0.004652326077902532,5.6000000000000005
3887.972767143975,0.75074303,0.004825723711604166,5.6000000000000005
3888.9727687170875,0.2668138,0.006644511429743909,5.6000000000000005
3889.9727702902,0.56751347,0.006782882298257104,5.6000000000000005
3890.972771863312,0.46182087,0.0068938988851207075,5.6000000000000005
3891.9727734364246,0.3594292,0.008146990854186372,5.6000000000000005
3892.972775009537,0.22789839,0.008511055320188119,5.6000000000000005
3893.972776582649,0.1350926,0.007829532190091623,4.1000000000000005
3894.9727781557617,0.25304908,0.007741658029491068,4.7
3895.9727797288742,0.13979211,0.007693031273354444,4.7
3896.9727813019863,0.21715105,0.008233037178705039,4.800000000000001
3897.972782875099,0.15969662,0.008172885755572913,5.6000000000000005
3898.9727844482113,0.36876723,0.006810283655107702,4.800000000000001
3899.9727860213234,0.2718595,0.009076452991971884,5.800000000000001
3900.972787594436,0.31714553,0.0098538981201404,5.800000000000001
3901.9727891675484,0.3933173,0.00918258913429784,5.5
3902.9727907406605,0.43932384,0.008903928745572524,5.5
3903.972792313773,0.38034278,0.008860372565867063,5.5
3904.9727938868855,0.36140108,0.008816920867035515,5.5
3905.9727954599975,0.5612762,0.008828653896377112,5.5
3906.97279703311,0.8373519,0.008299508441531059,5.5
3907.9727986062226,0.91692203,0.008244454601145567,5.5
3908.9728001793346,0.9280134,0.008206419144650047,6.0
3909.972801752447,0.866925,0.005439685030169132,6.0
3910.9728033255597,0.90955883,0.0037170632745237805,6.0
3911.9728048986717,0.93576986,0.002765790050747004,6.0
3912.972806471784,0.8642317,0.0026003767663948917,6.1000000000000005
3913.9728080448967,0.7800819,0.0024803105615513535,6.1000000000000005
3914.972809618009,0.71155983,0.0024588373597697467,6.1000000000000005
3915.9728111911213,0.8088237,0.0024148102063012897,6.1000000000000005
3916.972812764234,0.8079122,0.002396451295740476,6.1000000000000005
3917.972814337346,0.67191297,0.002447693727488245,6.1000000000000005
3918.9728159104584,0.8533717,0.002500622459652663,6.1000000000000005
3919.972817483571,0.83213705,0.0024274533105852064,5.9
3920.972819056683,0.76836324,0.0023830900418943235,5.9
3921.9728206297955,0.8597231,0.0023743379571732302,6.0
3922.972822202908,0.8638213,0.002304902907051003,6.0
3923.97282377602,0.8278682,0.005818103661823627,5.9
3924.9728253491326,0.78300935,0.006389464704837815,4.0
3925.972826922245,0.5591313,0.008343038421959716,6.800000000000001
3926.972828495357,0.7087256,0.00838857824109145,6.800000000000001
3927.9728300684696,0.74522305,0.008403701278037154,7.300000000000001
3928.972831641582,0.6551597,0.00842626874685161,7.300000000000001
3929.972833214694,0.479281,0.008739740959927187,6.800000000000001
3930.9728347878067,0.4457091,0.008771392815383033,6.800000000000001
3931.9728363609192,0.4119163,0.008789862362641742,6.800000000000001
3932.9728379340318,0.38143373,0.008791111301008776,6.800000000000001
3933.972839507144,0.52306294,0.006986420887918482,6.800000000000001
3934.9728410802563,0.59334004,0.006495424331959181,6.800000000000001
3935.972842653369,0.4667697,0.003668254669074009,5.4
3936.972844226481,0.6263519,0.0035755542498012746,5.4
3937.9728457995934,0.5611371,0.004145746178569126,6.1000000000000005
3938.972847372706,0.49181694,0.004401088776222357,6.1000000000000005
3939.972848945818,0.5393574,0.005632717970323798,6.5
3940.9728505189305,0.71089536,0.005640652889466858,5.4
3941.972852092043,0.5373235,0.005641388797004844,5.4
3942.972853665155,0.7894063,0.006112044013879434,5.6000000000000005
3943.9728552382676,0.5760925,0.006201597849772195,5.6000000000000005
3944.97285681138,0.79706246,0.006191017472629707,6.6000000000000005
3945.972858384492,0.83942497,0.006178999148385466,4.3
3946.9728599576047,0.851557,0.00621840810856649,7.9
3947.972861530717,0.9047758,0.005812933735754359,5.4
3948.9728631038292,0.9070877,0.005591994372078942,5.300000000000001
3949.9728646769418,0.9209312,0.0036641737612808823,6.5
3950.9728662500543,0.9293562,0.0044005220961038745,9.4
3951.9728678231663,0.8730029,0.005005078729940396,8.9
3952.972869396279,0.87626123,0.004730374644213828,8.9
3953.9728709693914,0.9176114,0.004672582343048711,8.9
3954.9728725425034,0.8528579,0.005384402255279582,3.9000000000000004
3955.972874115616,0.45851526,0.006370328583041444,8.9
3956.9728756887284,0.12488218,0.006841377348843159,8.9
3957.9728772618405,0.25956407,0.01760124116244045,3.6
3958.972878834953,0.47841373,0.02017611110552338,3.3000000000000003
3959.9728804080655,0.23106836,0.020432457594931872,3.6
3960.9728819811776,0.35401514,0.020276661869127074,3.6
3961.97288355429,0.28274453,0.02013194857192588,3.3000000000000003
3962.9728851274026,0.34353673,0.020060007517612232,3.6
3963.9728867005147,0.5658643,0.02004064692042091,3.6
3964.972888273627,0.727764,0.019853758346810444,3.6
3965.9728898467397,0.41169438,0.019680982965710952,3.6
3966.9728914198517,0.18317513,0.019621222967718063,3.2
3967.9728929929643,0.27999032,0.011314918781444661,2.9000000000000004
3968.972894566077,0.42449096,0.005519767091861362,7.0
3969.972896139189,0.35766658,0.004511200704170516,7.0
3970.9728977123013,0.31925148,0.004475309405282257,7.0
3971.972899285414,0.33273968,0.004484684666007263,7.0
3972.972900858526,0.321664,0.00449810265219633,7.0
3973.9729024316384,0.30128407,0.00447983426850529,7.0
3974.972904004751,0.5289843,0.004481480822707497,7.0
3975.972905577863,0.6692413,0.0039732776391444334,7.2
3976.9729071509755,0.65852076,0.0032976926692091886,6.6000000000000005
3977.972908724088,0.42858067,0.0025572938721818957,6.0
3978.9729102972,0.4469966,0.002532892425300077,6.800000000000001
3979.9729118703126,0.43476185,0.002457562607422227,6.800000000000001
3980.972913443425,0.54074377,0.0024659352884949357,6.800000000000001
3981.972915016537,0.43281353,0.0023888967349291095,6.9
3982.9729165896497,0.53669405,0.002428432626138464,6.800000000000001
3983.972918162762,0.47689956,0.0027102924173186193,6.800000000000001
3984.9729197358743,0.5534329,0.003741524395397165,6.5
3985.9729213089868,0.40635058,0.0038913842666071664,6.0
3986.9729228820993,0.26760378,0.0038918530469928122,6.0
3987.9729244552113,0.43965077,0.005575494693703038,5.800000000000001
3988.972926028324,0.46089366,0.005727816047173197,6.1000000000000005
3989.9729276014364,0.21648408,0.005978986450031922,6.1000000000000005
3990.9729291745484,0.4775881,0.006499397162722157,3.9000000000000004
3991.972930747661,0.3249748,0.007087210796506985,6.1000000000000005
3992.9729323207735,0.1718972,0.00720118112793178,6.1000000000000005
3993.9729338938855,0.114104144,0.008161312109262875,3.9000000000000004
3994.972935466998,0.08989812,0.007930549541971093,5.4
3995.9729370401105,0.16229486,0.008430125905290638,5.4
3996.9729386132226,0.11332819,0.009124146642434664,4.800000000000001
3997.972940186335,0.09939336,0.008258835828094568,4.800000000000001
3998.9729417594476,0.04913533,0.008189492517523508,4.800000000000001
3999.9729433325597,0.108966626,0.008085891134153794,4.9
4000.972944905672,0.01643842,0.007702217651539481,4.9
4001.9729464787847,0.056935932,0.007167909950512666,4.9
4002.9729480518968,0.11433625,0.007042622715557818,4.9
4003.9729496250093,0.10109827,0.005797698811114154,4.9
4004.972951198122,0.1731349,0.005564213019609832,4.9
4005.972952771234,0.13578264,0.005204460492274462,4.9
4006.9729543443464,0.103832565,0.004105681546200124,6.1000000000000005
4007.972955917459,0.2852281,0.004200261105446705,15.0
4008.9729574905714,0.21696512,0.004168221438664792,14.8
4009.9729590636834,0.287439,0.004024351869635975,15.0
4010.972960636796,0.35084486,0.004442067932087553,14.8
4011.9729622099085,0.3204482,0.004697317236583445,8.6
4012.9729637830205,0.28584465,0.004721059761521497,8.6
4013.972965356133,0.49599808,0.004718898286545776,8.6
4014.9729669292456,0.450665,0.004691456555287746,8.6
4015.9729685023576,0.28628895,0.004035035534950773,9.4
4016.97297007547,0.3832547,0.0037680411751116224,13.4
4017.9729716485826,0.3774833,0.0034945877765560737,6.0
4018.9729732216947,0.40276042,0.003688106582933639,6.0
4019.972974794807,0.38481325,0.004883236526530441,6.0
4020.9729763679197,0.5956039,0.004696680281683607,6.0
4021.972977941032,0.57210076,0.005325313068649597,8.1
4022.9729795141443,0.5328342,0.005353632916724421,7.0
4023.972981087257,0.44068903,0.005681628326756652,6.2
4024.972982660369,0.25814882,0.005669407820715974,6.2
4025.9729842334814,0.38571122,0.005685073843622473,6.2
4026.972985806594,0.17950402,0.005678888895603573,6.2
4027.972987379706,0.3135743,0.005733638884010047,6.2
4028.9729889528185,0.47025913,0.0056113231900448346,6.7
4029.972990525931,0.46121204,0.004620709137074403,5.7
4030.972992099043,0.53080827,0.004379234145412247,6.2
4031.9729936721556,0.5057594,0.0032378529251588287,6.2
4032.972995245268,0.3797811,0.003105228087614195,6.2
4033.97299681838,0.45525962,0.002422256034395916,6.2
4034.9729983914926,0.33962178,0.0024119699621684867,6.300000000000001
4035.972999964605,0.54566383,0.0023144292433737315,6.300000000000001
4036.973001537717,0.69690585,0.002303964283292075,6.300000000000001
4037.9730031108297,0.4319323,0.0021431421421242176,6.300000000000001
4038.9730046839422,0.52453125,0.0020952695312725696,6.300000000000001
4039.9730062570543,0.6365345,0.002049769217151183,6.4
4040.973007830167,0.43074307,0.002049738433903362,6.4
4041.9730094032793,0.66549784,0.002053733637994984,6.4
4042.9730109763914,0.6222712,0.0020434663137556975,6.4
4043.973012549504,0.47417963,0.0020113869834321035,6.4
4044.9730141226164,0.60996914,0.0019910393839863887,6.4
4045.9730156957285,0.37078503,0.0020919478433233316,6.4
4046.973017268841,0.3164788,0.002074204154717603,6.4
4047.9730188419535,0.52062374,0.002162443509150187,6.4
4048.9730204150655,0.3640335,0.0021886332364358003,6.6000000000000005
4049.973021988178,0.4227274,0.0021979474174447754,6.6000000000000005
4050.9730235612906,0.32313588,0.002133605755336975,6.6000000000000005
4051.9730251344026,0.19842176,0.002166480777943615,6.4
4052.973026707515,0.24303938,0.002190234671156632,6.4
4053.9730282806277,0.3159593,0.00224162011761269,6.4
4054.9730298537397,0.15616947,0.0023158259885337597,6.4
4055.9730314268522,0.38288495,0.002249034834759648,6.4
4056.9730329999647,0.37705734,0.0022929021319134622,6.4
4057.973034573077,0.30154473,0.0025520711224482017,6.4
4058.9730361461893,0.31858984,0.0027994018159102556,5.6000000000000005
4059.973037719302,0.42321646,0.002883842829878499,5.6000000000000005
4060.973039292414,0.1773714,0.0029769990538456013,5.6000000000000005
4061.9730408655264,0.2582966,0.0036323030836692264,5.6000000000000005
4062.973042438639,0.23131567,0.0044417136045740435,5.0
4063.973044011751,0.24346481,0.004422892065683716,5.6000000000000005
4064.9730455848635,0.109465204,0.004668768275983993,5.300000000000001
4065.973047157976,0.055650808,0.005022634333175071,5.0
4066.973048731088,0.074048385,0.005063867457027539,5.0
4067.9730503042006,0.03220614,0.005566877405365139,5.300000000000001
4068.973051877313,0.041752577,0.0057839199034887415,4.9
4069.973053450425,0.036324617,0.005805795282493637,4.9
4070.9730550235377,0.017709387,0.005856706709952848,4.9
4071.97305659665,0.031346906,0.005643949977133165,4.9
4072.973058169762,0.10072525,0.005053286916019931,5.300000000000001
4073.9730597428747,0.32488424,0.005064241550320573,5.0
4074.9730613159873,0.31273982,0.004807070098964098,5.800000000000001
4075.9730628890993,0.75297076,0.004443603290670072,9.200000000000001
4076.973064462212,0.6910552,0.004387157004917848,7.7
4077.9730660353243,0.6771544,0.0035095442428986156,5.4
4078.9730676084364,0.4671303,0.002862496638749664,5.9
4079.973069181549,0.3271252,0.0026876342426308424,5.9
4080.9730707546614,0.2823514,0.002504953547022641,6.2
4081.9730723277735,0.27833086,0.002146409939179748,6.2
4082.973073900886,0.12854433,0.0020499619923745166,6.0
4083.9730754739985,0.24351811,0.0019866031286014923,6.0
4084.9730770471106,0.15375362,0.00224876203866346,6.2
4085.973078620223,0.23005289,0.0022149614027898398,6.1000000000000005
4086.9730801933356,0.19543831,0.002255047168821183,6.1000000000000005
4087.973081766448,0.28068858,0.002241906825073759,6.2
4088.97308333956,0.3910978,0.002251757765467368,6.1000000000000005
4089.9730849126727,0.1724124,0.0022536978749176386,6.1000000000000005
4090.973086485785,0.12864175,0.002243987629885683,6.7
4091.9730880588972,0.13704585,0.0021689466141771954,6.7
4092.9730896320098,0.17635024,0.002191903516866572,6.7
4093.9730912051223,0.12901108,0.0022361710409621797,6.300000000000001
4094.9730927782343,0.24549308,0.001988638121267214,6.7
4095.973094351347,0.33514535,0.004491322520434424,6.7
4096.973095924459,0.24086167,0.007399204302302583,3.2
4097.973097497572,0.16774839,0.007491403022577641,3.2
4098.973099070684,0.46092728,0.0074900185405286646,3.1
4099.973100643796,0.27998716,0.007512940318599581,3.2
4100.973102216909,0.5268083,0.007522415542555717,3.2
4101.973103790021,0.4092307,0.007526142593176438,3.1
4102.973105363133,0.80581325,0.00752146355940438,3.1
4103.973106936246,0.89386106,0.0075160257025435355,3.1
4104.973108509358,0.6083793,0.007504609105623324,3.1
4105.97311008247,0.8233777,0.00633622787775614,2.6
4106.973111655583,0.4928001,0.0023948667692814595,6.1000000000000005
4107.973113228695,0.6435946,0.0032724327002088753,4.0
4108.973114801807,0.2703122,0.0033832931131263255,6.0
4109.97311637492,0.20506598,0.0033341822349759825,6.0
4110.973117948032,0.22380826,0.003302749921779531,6.0
4111.973119521144,0.08372217,0.003285525872624179,6.0
4112.973121094257,0.13747165,0.0033259369386660536,5.9
4113.973122667369,0.06686434,0.0035129249962218474,6.0
4114.973124240481,0.106720366,0.004399379807242104,5.9
4115.973125813594,0.3528098,0.004617227087173351,5.9
4116.973127386706,0.23822503,0.004611153683466789,5.9
4117.9731289598185,0.5001508,0.004045843616994371,6.6000000000000005
4118.9731305329315,0.48097938,0.003999553979228509,6.9
4119.9731321060435,0.31094947,0.0040216627153174984,6.9
4120.973133679156,0.30474156,0.004024879172227529,6.9
4121.973135252269,0.2871133,0.004037039370331778,6.800000000000001
4122.973136825381,0.16918094,0.003991302893871922,6.800000000000001
4123.973138398493,0.24252093,0.0038094758111453923,14.0
4124.973139971606,0.100734726,0.0038555768559413446,6.5
4125.973141544718,0.10615127,0.003639601724451219,5.9
4126.97314311783,0.07694633,0.0037902834873413636,6.800000000000001
4127.973144690943,0.14998055,0.003649196113851879,5.9
4128.973146264055,0.15391454,0.0036432344339836576,5.9
4129.973147837167,0.16504742,0.0036182050407536736,5.9
4130.97314941028,0.1908371,0.003618107213810276,6.5
4131.973150983392,0.5072299,0.0036282568988141007,5.800000000000001
4132.973152556504,0.4000827,0.003660089134012026,5.800000000000001
4133.973154129617,0.44532955,0.0036644040137275083,6.300000000000001
4134.973155702729,0.42658868,0.0032345091893935763,6.6000000000000005
4135.973157275841,0.27431142,0.0031862197820811356,8.8
4136.973158848954,0.2503963,0.0030345374774918775,8.8
4137.973160422066,0.19560029,0.003027386574003018,8.8
4138.973161995178,0.34616756,0.0029943161828104273,8.8
4139.973163568291,0.35815018,0.0030903553470511924,8.8
4140.973165141403,0.26207244,0.0030780816897312845,8.8
4141.973166714515,0.21655454,0.0031004200109372823,8.8
4142.973168287628,0.4036613,0.003120340712393738,7.6000000000000005
4143.97316986074,0.18593791,0.003128218613032125,7.6000000000000005
4144.973171433852,0.3562488,0.0023267943718025064,6.2
4145.973173006965,0.32518172,0.002378270069854411,6.2
4146.973174580077,0.6567227,0.0034050740716086427,6.2
4147.973176153189,0.48609313,0.0036823745976190293,5.7
4148.973177726302,0.5730095,0.0039030386066156485,5.7
4149.973179299414,0.417307,0.0038867406248253617,5.7
4150.973180872526,0.45360124,0.00392007117688096,5.7
4151.973182445639,0.3828347,0.00387289011351717,5.7
4152.973184018751,0.66440946,0.0038479219116711355,6.800000000000001
4153.9731855918635,0.5671585,0.0038551754839437455,5.7
4154.9731871649765,0.37906253,0.003955570400609412,6.5
4155.9731887380885,0.44749844,0.004048087890043414,6.0
4156.973190311201,0.42715332,0.003156280230869199,5.9
4157.973191884314,0.5611977,0.0027674828255081847,5.9
4158.973193457426,0.5160675,0.0024881878347879456,5.9
4159.973195030538,0.48225993,0.002440922141196138,6.1000000000000005
4160.973196603651,0.39098164,0.002473942874666146,6.1000000000000005
4161.973198176763,0.31386295,0.0024546939805918165,6.1000000000000005
4162.973199749875,0.4728467,0.0024290894406171254,6.2
4163.973201322988,0.31664166,0.0024221237249727663,6.2
4164.9732028961,0.3690575,0.0022555614733086858,6.1000000000000005
4165.973204469212,0.2788641,0.002355449297061358,6.1000000000000005
4166.973206042325,0.27751023,0.002363003683506428,6.2
4167.973207615437,0.3874531,0.036708663402609885,1.2000000000000002
4168.973209188549,0.23251218,0.040931801184705144,0.8
4169.973210761662,0.4843751,0.042496778185710085,1.2000000000000002
4170.973212334774,0.52492183,0.05045305487556547,0.7000000000000001
4171.973213907886,0.5741479,0.08635333175976415,2.4000000000000004
4172.973215480999,0.637712,0.09944280098191557,2.4000000000000004
4173.973217054111,0.7103633,0.11742317648056995,1.4000000000000001
4174.973218627223,0.5333851,0.12387065185650513,1.4000000000000001
4175.973220200336,0.6029788,0.12384818779557276,1.4000000000000001
4176.973221773448,0.63973504,0.12419619113932287,1.4000000000000001
4177.97322334656,0.7448605,0.11904704763720657,1.4000000000000001
4178.973224919673,0.9169088,0.1175584722879915,1.4000000000000001
4179.973226492785,0.9103999,0.11713434886338675,1.4000000000000001
4180.973228065897,0.9669884,0.11483689572535333,1.4000000000000001
4181.97322963901,0.9630722,0.09154031824847293,1.4000000000000001
4182.973231212122,0.9752297,0.07942785113013931,1.4000000000000001
4183.973232785234,0.97703665,0.07184647587143493,0.9
4184.973234358347,0.93213594,0.0627283657895956,0.9
4185.973235931459,0.70163316,0.06885520353030376,1.2000000000000002
4186.973237504571,0.5070462,0.08645082591208078,1.2000000000000002
4187.973239077684,0.75933707,0.08636303538149462,0.9
4188.9732406507965,0.4701364,0.08702053410884553,0.9
4189.9732422239085,0.17131723,0.08702636069636756,0.9
4190.9732437970215,0.5091707,0.08632772854099173,0.9
4191.973245370134,0.8846698,0.08599585622551659,0.9
4192.973246943246,0.70348954,0.0928342348016893,0.9
4193.973248516359,0.889425,0.07660095504599941,4.2
4194.973250089471,0.959258,0.07471190691001052,4.2
4195.973251662583,0.95278025,0.07008580804189198,4.2
4196.973253235696,0.9187373,0.05599531946864087,4.3
4197.973254808808,0.8880123,0.05717786154582575,4.3
4198.97325638192,0.96364105,0.05633651042638538,4.3
4199.973257955033,0.94411623,0.07104667544436517,4.3
4200.973259528145,0.80305797,0.10862642463482777,1.9000000000000001
4201.973261101257,0.67695224,0.1271060378334283,2.0
4202.97326267437,0.57167023,0.1371146747816063,2.0
4203.973264247482,0.5376746,0.13781648058195797,2.1
4204.973265820594,0.6762648,0.13968122131689303,2.1
4205.973267393707,0.18064433,0.1444788330455172,2.1
4206.973268966819,0.27675858,0.14234023926526992,2.1
4207.973270539932,0.44151857,0.14510070539903752,2.1
4208.973272113044,0.5418212,0.14619155984305696,2.1
4209.973273686156,0.716086,0.13979958156061434,2.1
4210.973275259269,0.6692956,0.11335607173457951,3.3000000000000003
4211.973276832381,0.7960582,0.09231383611425188,3.3000000000000003
4212.973278405493,0.7375439,0.06564477201890641,3.3000000000000003
4213.973279978606,0.7864375,0.0739240913641858,3.2
4214.973281551718,0.85115,0.07188979771319032,3.2
4215.97328312483,0.9077612,0.061506667040424866,2.6
4216.973284697943,0.93749326,0.060992257009864305,2.8000000000000003
4217.973286271055,0.96938646,0.055751549916692775,3.4000000000000004
4218.973287844167,0.8286223,0.0544939015992846,3.4000000000000004
4219.97328941728,0.8568692,0.06832773760407178,1.0
4220.973290990392,0.8860476,0.07452923732587642,1.0
4221.973292563504,0.84341335,0.09019882118625791,1.6
4222.973294136617,0.6105607,0.10853953961834314,0.6000000000000001
4223.973295709729,0.7022521,0.10480010684250371,1.2000000000000002
4224.9732972828415,0.8366275,0.10479810077831184,1.2000000000000002
4225.973298855954,0.6770761,0.10385836014006955,1.2000000000000002
4226.9733004290665,0.5577901,0.11283866780547827,1.2000000000000002
4227.973302002179,0.44810954,0.1369504779886466,1.2000000000000002
4228.9733035752915,0.7284622,0.14378340117020616,2.8000000000000003
4229.973305148404,0.5397796,0.15172832120356686,2.8000000000000003
4230.973306721516,0.44751865,0.1510356976087214,2.8000000000000003
4231.973308294629,0.4700743,0.14215078120915034,2.8000000000000003
4232.973309867741,0.67681,0.13079088512424894,2.8000000000000003
4233.973311440853,0.7527083,0.12898658386555698,2.0
4234.973313013966,0.7063162,0.12923165751811735,2.8000000000000003
4235.973314587078,0.67443705,0.1316639977679437,2.8000000000000003
4236.97331616019,0.7454726,0.12293450569617946,2.0
4237.973317733303,0.81795096,0.09385972300994593,3.8000000000000003
4238.973319306415,0.779924,0.0823861618810872,0.9
4239.973320879527,0.35776502,0.06035582879529798,3.8000000000000003
4240.97332245264,0.7928468,0.059398829994878374,1.1
4241.973324025752,0.74227726,0.07596953167785112,0.9
4242.973325598864,0.7038103,0.098259372833019,1.4000000000000001
4243.973327171977,0.5667469,0.09906805812449515,1.0
4244.973328745089,0.6252431,0.10641250723570927,1.0
4245.973330318201,0.9082119,0.11033443943945385,0.4
4246.973331891314,0.7797798,0.12757525276810897,2.2
4247.973333464426,0.5356062,0.13240982531342893,2.2
4248.973335037538,0.31849432,0.14950565028681279,1.7000000000000002
4249.973336610651,0.29183912,0.1477626409076333,2.2
4250.973338183763,0.64750934,0.14668406727764596,1.2000000000000002
4251.973339756875,0.7334328,0.13931533304528188,1.7000000000000002
4252.973341329988,0.7398364,0.12401059332225166,1.7000000000000002
4253.9733429031,0.71003175,0.12375603558562764,2.2
4254.973344476212,0.8654791,0.11626757612897733,1.9000000000000001
4255.973346049325,0.9643325,0.10956945959346619,1.9000000000000001
4256.973347622437,0.9915616,0.08836858387693232,2.0
4257.973349195549,0.9952651,0.08072670125265946,2.0
4258.973350768662,0.98959035,0.03775614994397215,2.0
4259.973352341774,0.9966325,0.04836476974968049,0.8
4260.9733539148865,0.9976246,0.04988285365978884,1.1
4261.9733554879995,0.9949732,0.07967399062748497,2.2
4262.9733570611115,0.9747463,0.09019713075291054,1.1
4263.973358634224,0.9774588,0.0908883709263646,0.8
4264.973360207337,0.9664215,0.09210959237924356,1.1
4265.973361780449,0.97449476,0.09205075627820845,0.7000000000000001
4266.973363353561,0.91683125,0.10142298469099495,0.7000000000000001
4267.973364926674,0.9628902,0.126826555216176,1.1
4268.973366499786,0.95201707,0.1292371004326132,0.7000000000000001
4269.973368072898,0.9395058,0.12878425561658374,2.3000000000000003
4270.973369646011,0.9448036,0.1302799800186784,2.3000000000000003
4271.973371219123,0.8412491,0.11888256316733364,2.3000000000000003
4272.973372792235,0.9146764,0.11663298040814674,2.3000000000000003
4273.973374365348,0.90800935,0.1164230086497406,2.3000000000000003
4274.97337593846,0.9129776,0.11560591427478385,2.3000000000000003
4275.973377511572,0.8194247,0.11695670452543565,2.3000000000000003
4276.973379084685,0.9336452,0.10856097151440722,2.3000000000000003
4277.973380657797,0.9838374,0.07890635516715723,0.9
4278.973382230909,0.9905398,0.0760898099741207,0.9
4279.973383804022,0.9592327,0.08531230891825368,1.8
4280.973385377134,0.96437955,0.08341513246405696,1.8
4281.973386950246,0.96387345,0.09759514981204777,0.6000000000000001
4282.973388523359,0.8423232,0.11409916882823572,1.1
4283.973390096471,0.89150196,0.12308318321643168,0.7000000000000001
4284.973391669583,0.7659865,0.1405610538416446,0.7000000000000001
4285.973393242696,0.66737366,0.14743673935516624,0.7000000000000001
4286.973394815808,0.82825977,0.15069876922504222,0.7000000000000001
4287.97339638892,0.8152373,0.15193584470175953,0.7000000000000001
4288.973397962033,0.66505474,0.15492637103267548,0.7000000000000001
4289.973399535145,0.7529462,0.15567587504089037,0.8
4290.973401108257,0.81768346,0.15608894871097076,0.8
4291.97340268137,0.9803545,0.1467216997193379,0.6000000000000001
4292.973404254482,0.95805675,0.15669069793603888,0.6000000000000001
4293.973405827594,0.7622524,0.15969232582674223,0.6000000000000001
4294.973407400707,0.8917905,0.161903621974966,0.6000000000000001
4295.9734089738195,0.88801396,0.16039689985582964,0.6000000000000001
4296.9734105469315,0.8287443,0.15740215030559856,0.6000000000000001
4297.9734121200445,0.48961154,0.15629503269618727,0.6000000000000001
4298.9734136931565,0.49911487,0.15320296447841786,1.0
4299.973415266269,0.5710889,0.14488006479498508,1.0
4300.973416839382,0.480316,0.1417820865968804,1.1
4301.973418412494,0.5524253,0.13607947822245076,1.1
4302.973419985606,0.43740413,0.11138651494226728,0.4
4303.973421558719,0.5500824,0.11661737263684961,1.4000000000000001
4304.973423131831,0.48378798,0.104334103631732,1.2000000000000002
4305.973424704943,0.4881615,0.09602182808495993,1.4000000000000001
4306.973426278056,0.7200493,0.09702634447091402,1.4000000000000001
4307.973427851168,0.77731335,0.10220619649504997,0.7000000000000001
4308.97342942428,0.7468037,0.12985298618262275,0.7000000000000001
4309.973430997393,0.5865403,0.1333021684704402,0.7000000000000001
4310.973432570505,0.3701022,0.1348430197274267,1.3
4311.973434143617,0.20038359,0.1408025414710912,1.3
4312.97343571673,0.14206663,0.17631816851388188,1.3
4313.973437289842,0.14423598,0.1649661274886618,1.3
4314.973438862954,0.0627555,0.1725701823857356,1.3
4315.973440436067,0.1165087,0.1726369484520434,1.3
4316.973442009179,0.4296993,0.17224422586457108,1.3
4317.973443582291,0.6766446,0.16919409953868417,1.6
4318.973445155404,0.90021783,0.14950117328866505,0.7000000000000001
4319.973446728516,0.97083384,0.14669674112080888,0.7000000000000001
4320.973448301628,0.95004946,0.14645764787741072,0.7000000000000001
4321.973449874741,0.8107319,0.1751120810830181,1.7000000000000002
4322.973451447853,0.73681164,0.1925036102665271,0.9
4323.973453020965,0.7385598,0.20932982124733246,2.0
4324.973454594078,0.81218815,0.20587000119639537,1.9000000000000001
4325.97345616719,0.8220257,0.20913521514671873,1.9000000000000001
4326.973457740302,0.8873325,0.21003307417695788,1.9000000000000001
4327.973459313415,0.8626339,0.2109258592266366,1.9000000000000001
4328.973460886527,0.7551563,0.2123068943604688,1.9000000000000001
4329.973462459639,0.8784965,0.21275050046905164,1.9000000000000001
4330.973464032752,0.83405334,0.21557270433814296,1.9000000000000001
4331.9734656058645,0.7364862,0.19036112463747856,1.4000000000000001
4332.9734671789765,0.41502857,0.1835410504526543,3.4000000000000004
4333.9734687520895,0.35354152,0.19132140398657516,8.9
4334.973470325202,0.13689767,0.20566187383147047,8.6
4335.973471898314,0.34558102,0.2101016925691016,8.6
4336.973473471427,0.45489728,0.2122272862582026,8.6
4337.973475044539,0.27907282,0.2173323281989824,3.9000000000000004
4338.973476617651,0.70206916,0.24624099809906239,0.9
4339.973478190764,0.6991314,0.30116658668124374,0.9
4340.973479763876,0.73190594,0.3395064482962268,0.9
4341.973481336988,0.6436122,0.3596659543017437,0.1
4342.973482910101,0.48578283,0.3501531497691284,0.1
4343.973484483213,0.46368065,0.34905187730288356,0.1
4344.973486056325,0.44765237,0.3538014605314869,0.1
4345.973487629438,0.3561288,0.35654251470811826,0.8
4346.97348920255,0.41195476,0.3576537956877807,0.1
4347.973490775662,0.60632956,0.3535136743877193,0.1
4348.973492348775,0.6667491,0.33899363141133804,0.1
4349.973493921887,0.67855966,0.2920982137034478,0.1
4350.973495494999,0.6407841,0.25101683331579133,1.1
4351.973497068112,0.5864283,0.21922017026762897,1.1
4352.973498641224,0.4621043,0.19988782440831937,1.1
4353.973500214336,0.33604535,0.18731751551891185,1.1
4354.973501787449,0.17605023,0.15874172244925944,1.1
4355.973503360561,0.17365716,0.15160497094625452,1.1
4356.973504933673,0.31922635,0.14887800463923184,1.1
4357.973506506786,0.64638597,0.14780606481976974,1.0
4358.973508079898,0.27030268,0.14896750984824894,1.0
4359.97350965301,0.49714875,0.1490354788500343,2.5
4360.973511226123,0.68318474,0.14277387327916824,3.7
4361.973512799235,0.51212454,0.14003944421117062,1.2000000000000002
4362.973514372347,0.3774449,0.12279393841129976,3.7
4363.97351594546,0.0381742,0.1072228803548955,2.6
4364.973517518572,0.010861212,0.09044600360977124,5.1000000000000005
4365.973519091685,0.011154806,0.09118821496110072,5.1000000000000005
4366.973520664797,0.02738189,0.08974219279869064,5.1000000000000005
4367.9735222379095,0.01157223,0.09111354996931113,2.5
4368.9735238110225,0.010711439,0.09041762493507305,2.5
4369.9735253841345,0.0091641005,0.11380538623834366,0.4
4370.973526957247,0.1374919,0.13349899977323984,1.2000000000000002
4371.9735285303595,0.1665105,0.13219318669510532,1.2000000000000002
4372.973530103472,0.46544504,0.12940806457134793,1.2000000000000002
4373.973531676584,0.89487594,0.1272428252243136,1.2000000000000002
4374.973533249697,0.87574726,0.12399646150716566,0.1
4375.973534822809,0.9090501,0.12212654372144913,0.1
4376.973536395921,0.9137725,0.12057150111793798,0.1
4377.973537969034,0.91518813,0.11561031766913445,0.1
4378.973539542146,0.93976957,0.11304452349532354,0.1
4379.973541115258,0.86608785,0.08226468946355732,1.5
4380.973542688371,0.28945184,0.040314413842481626,5.9
4381.973544261483,0.43605685,0.03960933889236434,9.4
4382.973545834595,0.28388765,0.044710686824415764,3.4000000000000004
4383.973547407708,0.14463612,0.04360130912513526,3.4000000000000004
4384.97354898082,0.30318487,0.04333993152941635,3.4000000000000004
4385.973550553932,0.4486032,0.043278262440701966,3.4000000000000004
4386.973552127045,0.23296733,0.042533199366826195,8.200000000000001
4387.973553700157,0.18098305,0.04428210205686029,3.7
4388.973555273269,0.18705378,0.0417599956394348,7.9
4389.973556846382,0.31508586,0.035254497131336486,7.9
4390.973558419494,0.4928113,0.03426942626042201,3.5
4391.973559992606,0.5693196,0.03361788399710781,7.9
4392.973561565719,0.59764546,0.02054880414943681,7.6000000000000005
4393.973563138831,0.5700433,0.020505072377036665,7.6000000000000005
4394.973564711943,0.5108807,0.021650539724926064,7.800000000000001
4395.973566285056,0.43843046,0.03509788472244597,5.1000000000000005
4396.973567858168,0.4622516,0.04165507419493032,2.7
4397.97356943128,0.53109074,0.039469784134098865,2.5
4398.973571004393,0.43006143,0.04234381520276778,2.5
4399.973572577505,0.72687244,0.04678929572536009,2.5
4400.973574150617,0.3521198,0.0509990955621751,5.1000000000000005
4401.97357572373,0.508941,0.052368995212358674,8.8
4402.973577296842,0.7490068,0.052349702563943154,8.8
4403.9735788699545,0.6807771,0.052596696385065644,8.8
4404.9735804430675,0.820363,0.0527321703351501,2.6
4405.9735820161795,0.8260426,0.04636088116962635,7.9
4406.973583589292,0.8818914,0.04068324288402822,8.9
4407.973585162405,0.8661517,0.03951813660902532,8.9
4408.973586735517,0.8487753,0.036924539169863185,8.9
4409.973588308629,0.90893435,0.031106774801138354,8.9
4410.973589881742,0.8366105,0.046945152916644646,2.4000000000000004
4411.973591454854,0.6014928,0.045426053215686005,2.4000000000000004
4412.973593027966,0.7136337,0.04512963988603245,2.4000000000000004
4413.973594601079,0.7760103,0.04483029691580877,2.4000000000000004
4414.973596174191,0.7930554,0.04435351543589388,2.4000000000000004
4415.973597747303,0.74885887,0.04382456005296409,2.5
4416.973599320416,0.8446343,0.04899109684511785,2.0
4417.973600893528,0.8292442,0.048572498539505626,2.0
4418.97360246664,0.69757265,0.04828246902195608,2.0
4419.973604039753,0.6408346,0.048353450185365986,1.8
4420.973605612865,0.48971888,0.026948867763967738,6.2
4421.973607185977,0.49754274,0.027223265796231372,9.5
4422.97360875909,0.3121692,0.028465554655195537,6.300000000000001
4423.973610332202,0.1548871,0.029161593396053412,8.200000000000001
4424.973611905314,0.2940713,0.029695085271490756,6.300000000000001
4425.973613478427,0.22982356,0.028454027694919844,6.300000000000001
4426.973615051539,0.1851989,0.0167565076121266,8.200000000000001
4427.973616624651,0.45049384,0.016629077066401415,8.200000000000001
4428.973618197764,0.6830654,0.01929196392696932,8.200000000000001
4429.973619770876,0.72168314,0.020013802467012946,8.200000000000001
4430.973621343988,0.6822845,0.022185345534745608,8.8
4431.973622917101,0.71744853,0.021858107874514872,8.8
4432.973624490213,0.7732742,0.024624551328721534,8.700000000000001
4433.973626063325,0.5746406,0.024831612961359887,8.700000000000001
4434.973627636438,0.69797313,0.02468667564133284,8.4
4435.97362920955,0.70058864,0.02441974734055429,8.700000000000001
4436.973630782662,0.5098189,0.02478203412362306,8.700000000000001
4437.973632355775,0.53069705,0.07962523844172265,1.2000000000000002
4438.9736339288875,0.8574305,0.08832384649888621,1.4000000000000001
4439.9736355019995,0.7050975,0.08844863306510474,1.4000000000000001
4440.9736370751125,0.8804834,0.08879457392961618,1.4000000000000001
4441.973638648225,0.6835487,0.08895722136226249,1.4000000000000001
4442.973640221337,0.8162818,0.08786504483621332,1.4000000000000001
4443.97364179445,0.6200655,0.08758291404143964,1.4000000000000001
4444.973643367562,0.87864375,0.0873428704214276,1.4000000000000001
4445.973644940674,0.803989,0.0873732880363949,1.4000000000000001
4446.973646513787,0.6719328,0.08754564618785776,1.4000000000000001
4447.973648086899,0.7462786,0.04787875013675082,1.1
4448.973649660011,0.7831622,0.027373189776757675,4.1000000000000005
4449.973651233124,0.6306833,0.03867644523682743,2.6
4450.973652806236,0.69130456,0.04422575437054014,8.0
4451.973654379348,0.5562248,0.04952972174702906,8.0
4452.973655952461,0.61117715,0.04995943560135117,8.1
4453.973657525573,0.7031896,0.05001247360093064,8.1
4454.973659098685,0.6996191,0.05036649421208161,8.0
4455.973660671798,0.72250557,0.050525406308379546,8.1
4456.97366224491,0.79332966,0.050381323157140855,8.1
4457.973663818022,0.8863565,0.047787441458306816,8.1
4458.973665391135,0.76057947,0.04873236109277821,9.3
4459.973666964247,0.7995727,0.04014750090206115,8.200000000000001
4460.973668537359,0.52700764,0.03178754718380675,8.4
4461.973670110472,0.6187908,0.02826606237840184,15.0
4462.973671683584,0.7248317,0.028516979567630347,8.4
4463.973673256696,0.75350034,0.028825100749566412,8.4
4464.973674829809,0.5906047,0.028419939740840262,8.4
4465.973676402921,0.22946662,0.0280089057150219,8.4
4466.973677976033,0.537162,0.0272106213321033,8.4
4467.973679549146,0.21861562,0.025708387145783045,8.3
4468.973681122258,0.5958883,0.023354084927509355,14.9
4469.97368269537,0.5013376,0.023336000723023827,14.9
4470.973684268483,0.5286518,0.03388713324489805,3.9000000000000004
4471.973685841595,0.48328665,0.0933499140959702,3.6
4472.9736874147075,0.80996144,0.12782851652697877,2.1
4473.97368898782,0.33795503,0.13847594614151623,1.0
4474.9736905609325,0.32182735,0.13937314914284357,1.0
4475.9736921340445,0.6205529,0.13941245560580767,1.0
4476.9736937071575,0.8121407,0.13950348146979735,1.0
4477.97369528027,0.71006745,0.13959302761845685,1.0
4478.973696853382,0.8120165,0.13965655818552708,1.0
4479.973698426495,0.8053643,0.14448061894254743,1.0
4480.973699999607,0.85251063,0.1434504035849812,1.0
4481.973701572719,0.8027397,0.11514263910159853,0.9
4482.973703145832,0.8297109,0.07528017283005656,0.9
4483.973704718944,0.31075108,0.05975575620589381,2.8000000000000003
4484.973706292056,0.3546099,0.06147869724561895,4.4
4485.973707865169,0.42780092,0.061698135597706975,3.2
4486.973709438281,0.47020867,0.06195143773773499,4.2
4487.973711011393,0.5930683,0.06225213623757629,4.2
4488.973712584506,0.67661554,0.06206640157662162,4.2
4489.973714157618,0.60408384,0.04945542691008457,2.4000000000000004
4490.97371573073,0.6987957,0.045673422416601384,2.6
4491.973717303843,0.6401641,0.03985046360879665,3.4000000000000004
4492.973718876955,0.75833625,0.038435788013552116,3.4000000000000004
4493.973720450067,0.5414485,0.02616002429499101,4.1000000000000005
4494.97372202318,0.43906945,0.013825870516106776,7.2
4495.973723596292,0.54427046,0.015090605100354528,4.1000000000000005
4496.973725169404,0.6331429,0.014332775872644515,10.100000000000001
4497.973726742517,0.60408014,0.013148824042418688,10.100000000000001
4498.973728315629,0.2927567,0.013144299175762623,8.6
4499.973729888741,0.5377802,0.0124527122796105,4.5
4500.973731461854,0.5824633,0.012213780530693361,5.800000000000001
4501.973733034966,0.67720866,0.012186012735090946,6.5
4502.973734608078,0.5517576,0.030103767035405505,2.4000000000000004
4503.973736181191,0.36165223,0.03081304788972561,1.6
4504.973737754303,0.1894821,0.03106499309871214,1.6
4505.973739327415,0.45176092,0.0298908326582284,1.6
4506.973740900528,0.70608366,0.029317053511361768,1.6
4507.97374247364,0.7021726,0.02879504897103991,1.9000000000000001
4508.9737440467525,0.5768174,0.02891688806583667,2.6
4509.973745619865,0.66522527,0.029418944103649546,2.0
4510.9737471929775,0.5284204,0.029876173611940934,2.6
4511.97374876609,0.81082195,0.03210023738608336,2.3000000000000003
4512.9737503392025,0.76255566,0.10016004487299641,1.3
4513.973751912315,0.8293365,0.12421872484567913,1.3
4514.973753485427,0.40329966,0.12538220501625044,1.3
4515.97375505854,0.43225145,0.12686016183275337,2.0
4516.973756631652,0.34376994,0.1278749674883932,1.3
4517.973758204764,0.86050403,0.12891847718141972,2.0
4518.973759777877,0.86604446,0.12909902466936707,2.0
4519.973761350989,0.94143575,0.129100470688982,1.3
4520.973762924102,0.8892999,0.1292111623519931,1.3
4521.973764497214,0.8145816,0.12934271299313577,2.0
4522.973766070326,0.9427332,0.0843907234689565,2.5
4523.973767643439,0.558365,0.04453219773758092,3.8000000000000003
4524.973769216551,0.4366239,0.04097189213058023,3.8000000000000003
4525.973770789663,0.7385809,0.03762699630811921,8.700000000000001
4526.973772362776,0.6140823,0.040098074671596505,4.3
4527.973773935888,0.6807557,0.0367916790503452,4.0
4528.973775509,0.6693552,0.036545851782277664,4.3
4529.973777082113,0.7425885,0.037975274571923366,4.2
4530.973778655225,0.23441185,0.03722784175331002,5.0
4531.973780228337,0.52153784,0.03484806787145459,4.0
4532.97378180145,0.31541088,0.03304908472633316,5.0
4533.973783374562,0.34583074,0.027770812134676272,4.1000000000000005
4534.973784947674,0.2961893,0.02849727129056646,4.1000000000000005
4535.973786520787,0.3099202,0.02648962945155906,4.1000000000000005
4536.973788093899,0.47808695,0.01559043899909075,4.9
4537.973789667011,0.45687678,0.01527905454289678,4.9
4538.973791240124,0.44905156,0.014807566207517537,5.2
4539.973792813236,0.5731515,0.011062271920874252,12.100000000000001
4540.973794386348,0.37427095,0.011575144892680684,12.100000000000001
4541.973795959461,0.4413231,0.011577310266678542,12.100000000000001
4542.973797532573,0.52971923,0.011299107465820227,12.100000000000001
4543.973799105685,0.5246708,0.011398137189827661,12.100000000000001
4544.973800678798,0.6295539,0.008768045063800993,12.100000000000001
4545.9738022519105,0.74745643,0.10550123174711816,2.0
4546.9738038250225,0.8105684,0.1224008184600664,2.2
4547.9738053981355,0.4130393,0.13116892580366907,2.2
4548.9738069712475,0.6181804,0.1311767732011497,2.2
4549.97380854436,0.5194713,0.13110063158151142,2.2
4550.973810117473,0.5563765,0.13107662260344907,2.2
4551.973811690585,0.64528936,0.13107178455531307,2.2
4552.973813263697,0.67523676,0.13106577000251046,2.2
4553.97381483681,0.7536888,0.1310837257496424,2.1
4554.973816409922,0.56821454,0.13110536105927484,2.1
4555.973817983034,0.9018614,0.07865689207477133,1.0
4556.973819556147,0.86546797,0.12078858180466907,2.2
4557.973821129259,0.8043102,0.1164699037664337,1.9000000000000001
4558.973822702371,0.5552228,0.12114061706529547,1.8
4559.973824275484,0.19482462,0.126835025138366,1.8
4560.973825848596,0.5629671,0.12682465864724243,1.8
4561.973827421708,0.22329396,0.1268178669038311,1.8
4562.973828994821,0.236179,0.12681526922880926,1.8
4563.973830567933,0.37949225,0.1267870296820839,1.8
4564.973832141045,0.48860174,0.1267511952694043,1.8
4565.973833714158,0.24315001,0.1267492502371594,1.8
4566.97383528727,0.905529,0.06156178262129879,1.6
4567.973836860382,0.88791734,0.0505497163680373,1.2000000000000002
4568.973838433495,0.68960744,0.03790423048721908,0.1
4569.973840006607,0.843488,0.0015759992475090862,5.800000000000001
4570.973841579719,0.85119027,0.0015397088884302617,5.800000000000001
4571.973843152832,0.8560093,0.0014983649586281405,5.800000000000001
4572.973844725944,0.85523206,0.0014932901054137547,5.800000000000001
4573.973846299056,0.8555118,0.001468725381202539,6.7
4574.973847872169,0.84039664,0.0014920672956748,5.1000000000000005
4575.973849445281,0.8132688,0.0014871423709733606,0.1
4576.973851018393,0.8124092,0.0015291280040554414,1.9000000000000001
4577.973852591506,0.82682014,0.0015077969139748973,1.9000000000000001
4578.973854164618,0.814458,0.0015552776385111052,1.9000000000000001
4579.97385573773,0.8193,0.001605569153850811,11.9
4580.973857310843,0.82277185,0.001608252244658807,11.9
4581.9738588839555,0.8294451,0.0016094630720454028,11.9
4582.9738604570675,0.7894729,0.0021529991312028997,6.5
4583.9738620301805,0.7125486,0.020086186855357076,7.2
4584.973863603293,0.7651386,0.020708016026052063,8.4
4585.973865176405,0.6816732,0.022172695410674466,7.4
4586.973866749518,0.7190799,0.023305321718668243,8.200000000000001
4587.97386832263,0.6591837,0.023950428779208485,8.200000000000001
4588.973869895742,0.61978924,0.02437676989749246,11.0
4589.973871468855,0.41246516,0.0289887262338195,8.3
4590.973873041967,0.26600218,0.030455129457279764,7.300000000000001
4591.973874615079,0.27127624,0.0330408594872097,8.3
4592.973876188192,0.3838471,0.03405053854911004,8.3
4593.973877761304,0.3462818,0.032223736417077105,3.1
4594.973879334416,0.55445457,0.0326406488857135,3.1
4595.973880907529,0.7496446,0.03257114671162025,7.300000000000001
4596.973882480641,0.677942,0.03390712691238156,7.300000000000001
4597.973884053753,0.5323244,0.0334678846131417,7.300000000000001
4598.973885626866,0.26812315,0.03330612205822437,7.300000000000001
4599.973887199978,0.4581307,0.029415225322802163,7.300000000000001
4600.97388877309,0.5789433,0.02814490799899268,8.6
4601.973890346203,0.5157949,0.026672197544458622,7.300000000000001
4602.973891919315,0.4003195,0.026314698909477796,6.9
4603.973893492427,0.40474105,0.020531392931441888,2.9000000000000004
4604.97389506554,0.39278543,0.01956664403529251,4.6000000000000005
4605.973896638652,0.46156037,0.01816924631988577,4.6000000000000005
4606.973898211764,0.4814772,0.014067629641552249,9.9
4607.973899784877,0.48164406,0.014943693524298056,9.9
4608.973901357989,0.38612607,0.016920701928746135,8.4
4609.973902931101,0.13000385,0.01903428774072835,7.7
4610.973904504214,0.31305346,0.019062123943218615,5.4
4611.973906077326,0.07583534,0.01921976861925042,7.300000000000001
4612.973907650438,0.19273171,0.02070640067701601,9.8
4613.973909223551,0.2721701,0.02356237696742687,9.8
4614.973910796663,0.55964243,0.024019792053286925,8.1
4615.9739123697755,0.5425521,0.025023394505998935,8.1
4616.973913942888,0.77392834,0.026986447381952983,3.2
4617.9739155160005,0.818522,0.028930518094099644,3.2
4618.973917089113,0.6958703,0.028461150719788445,3.2
4619.9739186622255,0.7160967,0.03009381820343735,3.2
4620.973920235338,0.66068697,0.03775192447944507,3.2
4621.97392180845,0.40181598,0.03854769860398859,3.2
4622.973923381563,0.10611372,0.037123424445282625,3.2
4623.973924954675,0.17202088,0.035429842731497935,3.2
4624.973926527787,0.51444376,0.04058405256845673,3.2
4625.9739281009,0.56985456,0.040172915136832014,3.2
4626.973929674012,0.47833794,0.039786434520881576,3.3000000000000003
4627.973931247124,0.35252303,0.038154920794012025,3.3000000000000003
4628.973932820237,0.41178524,0.039867652150291706,3.3000000000000003
4629.973934393349,0.2967922,0.037924522041023964,3.3000000000000003
4630.973935966461,0.10763288,0.030270973977284912,6.300000000000001
4631.973937539574,0.18771818,0.027887141055417744,5.1000000000000005
4632.973939112686,0.24801733,0.027877012122169205,4.9
4633.973940685798,0.11395632,0.02776863100956033,6.300000000000001
4634.973942258911,0.18237214,0.01857704895487557,5.5
4635.973943832023,0.2650135,0.018057084769606144,5.5
4636.973945405135,0.33542806,0.015844087905795348,5.5
4637.973946978248,0.28231862,0.016185833939707562,4.9
4638.97394855136,0.3032434,0.009824582827427184,6.2
4639.973950124472,0.33274966,0.024939985144080315,0.5
4640.973951697585,0.8651355,0.14252720200817373,0.6000000000000001
4641.973953270697,0.26281548,0.18399891831999782,0.8
4642.973954843809,0.6781484,0.1840508562069291,0.8
4643.973956416922,0.85748917,0.18404686944224363,0.8
4644.973957990034,0.7929331,0.18413603137616144,0.7000000000000001
4645.973959563146,0.8706982,0.18423469165077977,0.7000000000000001
4646.973961136259,0.85429054,0.1843477041151328,0.8
4647.973962709371,0.92462635,0.18447325241676227,0.8
4648.973964282483,0.96056604,0.18452546037802087,0.8
4649.973965855596,0.90254766,0.1838118780504067,0.8
4650.973967428708,0.8299456,0.12045582132580228,2.1
4651.9739690018205,0.7373573,0.021260791113915323,12.8
4652.973970574933,0.8755142,0.020630488482656924,12.8
4653.9739721480455,0.7572485,0.02103822820524007,12.8
4654.973973721158,0.9257374,0.09152578666378486,0.30000000000000004
4655.9739752942705,0.93351287,0.14401198408906218,1.5
4656.973976867383,0.49573323,0.15190775825514055,1.2000000000000002
4657.973978440495,0.63391656,0.1516766864420932,1.3
4658.973980013608,0.8339535,0.15161450323023576,1.3
4659.97398158672,0.7448509,0.15142959368774886,1.2000000000000002
4660.973983159832,0.41716462,0.15143846525578736,1.3
4661.973984732945,0.5920321,0.15138906725549983,1.3
4662.973986306057,0.53361785,0.1513629867824051,1.3
4663.973987879169,0.66079766,0.1512837535115379,1.3
4664.973989452282,0.8794967,0.1213385201051286,1.1
4665.973991025394,0.8607034,0.050303252714068845,1.3
4666.973992598506,0.73369193,0.010165753647289336,14.5
4667.973994171619,0.7755124,0.009722440875909438,12.3
4668.973995744731,0.7459519,0.008758893585949869,12.3
4669.973997317843,0.7082749,0.008108433988938254,11.3
4670.973998890956,0.6395539,0.0059001046033760945,11.3
4671.974000464068,0.7594958,0.0055607986161237185,11.4
4672.97400203718,0.67001045,0.00556596917590485,11.4
4673.974003610293,0.67626834,0.00557836365815106,11.4
4674.974005183405,0.6519218,0.006210397568026802,12.3
4675.974006756517,0.660546,0.006750835029060109,11.700000000000001
4676.97400832963,0.5317338,0.006229521456920284,12.100000000000001
4677.974009902742,0.62715244,0.006038709034411274,14.0
4678.974011475855,0.6228449,0.005794530376055412,14.0
4679.974013048967,0.6123098,0.005999633876517375,14.0
4680.974014622079,0.61101973,0.007112946865534024,14.3
4681.974016195192,0.65597034,0.0073958161298094014,13.600000000000001
4682.974017768304,0.6580793,0.007387749491491818,13.600000000000001
4683.974019341416,0.65734047,0.00736455667720896,13.8
4684.974020914529,0.51495826,0.006603134334644891,13.4
4685.974022487641,0.58740795,0.006336286092912834,13.8
4686.974024060753,0.47445285,0.01028760933721104,11.9
4687.974025633866,0.6644907,0.010523315865444824,11.9
4688.9740272069785,0.7760686,0.013472100988087352,12.200000000000001
4689.9740287800905,0.5723636,0.013718935275767558,12.200000000000001
4690.9740303532035,0.44116545,0.013214951176368478,14.600000000000001
4691.974031926316,0.5843692,0.013011845339523757,14.600000000000001
4692.974033499428,0.55090743,0.013482497836855066,14.600000000000001
4693.974035072541,0.41551554,0.014159603896268587,11.8
4694.974036645653,0.43502137,0.01419206426345975,12.200000000000001
4695.974038218765,0.35183674,0.01382990511081613,11.8
4696.974039791878,0.39100257,0.011243318249281072,5.1000000000000005
4697.97404136499,0.33822715,0.011520488696972994,12.200000000000001
4698.974042938102,0.391931,0.007957078461248598,12.8
4699.974044511215,0.44256604,0.008056584330787514,3.4000000000000004
4700.974046084327,0.4352578,0.007923621034245078,3.4000000000000004
4701.974047657439,0.42638862,0.010307018100374581,3.9000000000000004
4702.974049230552,0.36521575,0.009937250573290824,10.5
4703.974050803664,0.5406353,0.009034478264507179,15.0
4704.974052376776,0.44808406,0.009152439237884107,10.5
4705.974053949889,0.3274923,0.009120802194841193,10.5
4706.974055523001,0.25370094,0.00922780045878405,14.5
4707.974057096113,0.4131262,0.009089197290259818,14.5
4708.974058669226,0.3803744,0.010573743882238931,14.5
4709.974060242338,0.4047585,0.010111923943602665,10.8
4710.97406181545,0.40783906,0.010223439838762753,12.700000000000001
4711.974063388563,0.330294,0.008834825980818913,15.0
4712.974064961675,0.44388857,0.009811484389635599,14.4
4713.974066534787,0.44608945,0.009767946609736915,14.4
4714.9740681079,0.6251752,0.009634570811629077,14.4
4715.974069681012,0.48803303,0.0096549390050723,14.4
4716.974071254124,0.36082545,0.010014943124035414,12.5
4717.974072827237,0.4035342,0.009604415931383462,13.600000000000001
4718.974074400349,0.44009688,0.008314184874280305,14.5
4719.974075973461,0.34355325,0.0105590993506987,9.9
4720.974077546574,0.43249038,0.013057109978117919,6.2
4721.974079119686,0.47259602,0.016962482214625717,5.4
4722.974080692798,0.5442373,0.021595898116672042,5.4
4723.974082265911,0.3369668,0.024135870653355172,5.4
4724.9740838390235,0.24628158,0.024728587087960396,5.4
4725.9740854121355,0.2184222,0.026787244784262837,8.200000000000001
4726.9740869852485,0.3747741,0.02768451708493184,8.200000000000001
4727.974088558361,0.72198105,0.027917613592412165,8.200000000000001
4728.974090131473,0.81937355,0.038604332311200064,2.2
4729.974091704586,0.7800171,0.04028242044770052,2.2
4730.974093277698,0.5000799,0.03984433981261289,1.7000000000000002
4731.97409485081,0.47570828,0.03989363565459615,2.9000000000000004
4732.974096423923,0.56958675,0.039081970497979894,1.9000000000000001
4733.974097997035,0.40622178,0.037785590376401834,2.9000000000000004
4734.974099570147,0.70088905,0.03817377139319412,2.9000000000000004
4735.97410114326,0.59881014,0.0381473605966295,1.9000000000000001
4736.974102716372,0.49286872,0.038639987936778857,1.9000000000000001
4737.974104289484,0.37005234,0.03903436845238883,1.9000000000000001
4738.974105862597,0.09620515,0.028441204607570207,4.4
4739.974107435709,0.22406925,0.03075336903596607,4.4
4740.974109008821,0.45255533,0.031073628343877256,4.0
4741.974110581934,0.546215,0.032126929585395446,6.800000000000001
4742.974112155046,0.35817286,0.03238160823343922,4.3
4743.974113728158,0.29386163,0.03896184527865112,7.6000000000000005
4744.974115301271,0.60783356,0.04012544174964053,7.6000000000000005
4745.974116874383,0.45554635,0.041186508181378534,7.6000000000000005
4746.974118447495,0.498507,0.043943926887028445,7.9
4747.974120020608,0.4237561,0.04482290585588437,8.200000000000001
4748.97412159372,0.53241295,0.04825030449762436,6.9
4749.974123166832,0.4935034,0.045077044596467275,8.3
4750.974124739945,0.28321588,0.048076004928664345,8.700000000000001
4751.974126313057,0.21185215,0.04634019446917229,8.700000000000001
4752.974127886169,0.34703723,0.045061671968122566,8.700000000000001
4753.974129459282,0.2604532,0.03989600204593516,6.5
4754.974131032394,0.47181755,0.03811115285133184,6.5
4755.974132605506,0.6834657,0.035782648648336184,6.5
4756.974134178619,0.8540615,0.030852734342057153,5.800000000000001
4757.974135751731,0.7774098,0.029676581934168344,5.800000000000001
4758.9741373248435,0.84616864,0.024051417693269253,6.4
4759.974138897956,0.77263105,0.024625646163958053,6.4
4760.9741404710685,0.8573356,0.017558586578254334,13.100000000000001
4761.974142044181,0.828231,0.017042297481161792,13.100000000000001
4762.9741436172935,0.6439204,0.015964093420387845,13.100000000000001
4763.974145190406,0.7444911,0.014540529846689345,13.100000000000001
4764.974146763518,0.38651553,0.01416637245447003,13.100000000000001
4765.974148336631,0.70251435,0.014446481421076083,13.100000000000001
4766.974149909743,0.47866037,0.020525163939115017,10.700000000000001
4767.974151482855,0.52065825,0.01925429211985809,9.5
4768.974153055968,0.54959315,0.020205228384463602,10.700000000000001
4769.97415462908,0.43005955,0.01921479370217629,12.700000000000001
4770.974156202192,0.33691737,0.019206684766021626,9.700000000000001
4771.974157775305,0.1557793,0.03320832617497892,7.5
4772.974159348417,0.2676603,0.036324247637578196,7.9
4773.974160921529,0.49326524,0.03686286680393757,7.9
4774.974162494642,0.42742643,0.03704215351156185,7.9
4775.974164067754,0.23458236,0.03730264760360269,7.9
4776.974165640866,0.4915357,0.03480583701929053,7.6000000000000005
4777.974167213979,0.6212375,0.03481432361328099,7.6000000000000005
4778.974168787091,0.5398741,0.03393524307572718,7.9
4779.974170360203,0.6316607,0.03382151143322884,7.9
4780.974171933316,0.4725511,0.033424730705170776,7.9
4781.974173506428,0.3640212,0.018968637809249515,14.100000000000001
4782.97417507954,0.62948257,0.011880133112689609,14.100000000000001
4783.974176652653,0.66730773,0.01017443942614194,14.100000000000001
4784.974178225765,0.705256,0.009963700097644105,14.100000000000001
4785.974179798877,0.7139236,0.009574716586749512,14.5
4786.97418137199,0.7598692,0.0084890080909284,12.700000000000001
4787.974182945102,0.6775981,0.010124861113331619,12.700000000000001
4788.974184518214,0.63571703,0.011110993787824762,10.4
4789.974186091327,0.26298758,0.02989895230874892,10.4
4790.974187664439,0.4054419,0.03299328688712145,10.5
4791.974189237551,0.21048439,0.03440304905232318,10.600000000000001
4792.974190810664,0.19018476,0.03775684947862196,9.200000000000001
4793.974192383776,0.4819615,0.03862511284813919,9.200000000000001
4794.9741939568885,0.44998837,0.039112023341811096,9.200000000000001
4795.974195530001,0.25211748,0.040531065448504856,9.200000000000001
4796.9741971031135,0.28932035,0.04148574343883301,9.200000000000001
4797.974198676226,0.3507451,0.04317164075104762,8.0
4798.9742002493385,0.6996354,0.04348943333899464,8.0
4799.974201822451,0.5844556,0.035389674293772475,8.8
4800.974203395563,0.6757364,0.033718914447106944,8.0
4801.974204968676,0.7746243,0.032395758877410426,8.200000000000001
4802.974206541788,0.5552412,0.028433348901237502,8.0
4803.9742081149,0.4807644,0.027150665850027265,9.200000000000001
4804.974209688013,0.80177,0.02627439978854177,8.0
4805.974211261125,0.8154283,0.023740886428580014,8.1
4806.974212834237,0.6115149,0.0216571746337179,8.1
4807.97421440735,0.662593,0.017367710877807356,10.4
4808.974215980462,0.6475892,0.018043060001995247,9.4
4809.974217553574,0.49718013,0.02467358895593416,8.6
4810.974219126687,0.45225242,0.024206505963964366,8.6
4811.974220699799,0.43697667,0.02506323637939542,8.6
4812.974222272911,0.86933726,0.09098453714220503,1.1
4813.974223846024,0.9459996,0.1152398881631412,1.5
4814.974225419136,0.7566448,0.1471274000501512,1.0
4815.974226992248,0.8624775,0.14733462415292467,1.0
4816.974228565361,0.9280651,0.14736988039131868,1.0
4817.974230138473,0.9232802,0.14738095799446624,1.0
4818.974231711585,0.914649,0.14714565845173064,1.0
4819.974233284698,0.81285334,0.14577547162787113,1.0
4820.97423485781,0.87748957,0.14559098580563076,1.0
4821.974236430922,0.86013484,0.1454567233212579,1.0
4822.974238004035,0.91894954,0.11644647737927723,1.7000000000000002
4823.974239577147,0.95754594,0.09239978007197246,1.2000000000000002
4824.974241150259,0.45689222,0.01080424273701222,9.8
4825.974242723372,0.39734322,0.005812885541785958,10.4
4826.974244296484,0.37658742,0.004730023268301174,13.100000000000001
4827.974245869596,0.38308993,0.004659794022640895,9.200000000000001
4828.974247442709,0.41030705,0.004681136656728904,13.100000000000001
4829.974249015821,0.4612684,0.004264274891914218,9.600000000000001
4830.9742505889335,0.5342548,0.00399712853329609,9.600000000000001
4831.9742521620465,0.5660931,0.003968345029924918,9.600000000000001
4832.9742537351585,0.6053016,0.003974419140984405,9.600000000000001
4833.974255308271,0.55129004,0.00400075751273633,9.600000000000001
4834.974256881384,0.5898332,0.003975426753743255,9.600000000000001
4835.974258454496,0.6870727,0.003405569844559683,9.600000000000001
4836.974260027609,0.6806559,0.0034820621370057372,9.600000000000001
4837.974261600721,0.6870392,0.00632923201894499,14.600000000000001
4838.974263173833,0.55608636,0.009734852206792231,14.5
4839.974264746946,0.66690624,0.010329695312848507,14.5
4840.974266320058,0.6965898,0.010604642046201021,14.4
4841.97426789317,0.6964913,0.010621427134994903,14.4
4842.974269466283,0.6886204,0.010620122019383185,14.5
4843.974271039395,0.6286278,0.010647384441248013,14.5
4844.974272612507,0.6717252,0.010713245054282323,14.4
4845.97427418562,0.5212389,0.010977907781556363,8.3
4846.974275758732,0.3777805,0.011440078880831102,8.3
4847.974277331844,0.51364595,0.01049115754084185,8.5
4848.974278904957,0.35489568,0.007531121103608721,8.5
4849.974280478069,0.46359676,0.007518217179199146,8.5
4850.974282051181,0.51490414,0.007295472000610574,8.5
4851.974283624294,0.6470296,0.008327442657636436,8.5
4852.974285197406,0.42587492,0.009399600320933049,8.5
4853.974286770518,0.59452575,0.013085738997948165,9.8
4854.974288343631,0.8272422,0.013438315742033642,9.8
4855.974289916743,0.8506466,0.013328798169754906,9.8
4856.974291489855,0.8565375,0.016646507227458113,9.8
4857.974293062968,0.8744157,0.032135368229958196,2.7
4858.97429463608,0.8613715,0.12677269548941117,1.2000000000000002
4859.974296209192,0.57852334,0.16703859543578348,1.2000000000000002
4860.974297782305,0.5323671,0.16729075942964122,1.2000000000000002
4861.974299355417,0.6663612,0.1672673957158145,1.2000000000000002
4862.974300928529,0.5274844,0.16722295805132104,1.2000000000000002
4863.974302501642,0.4141256,0.16705370285713372,1.2000000000000002
4864.974304074754,0.54794806,0.1670328624291777,1.2000000000000002
4865.9743056478665,0.5287368,0.16719753869244805,1.2000000000000002
4866.974307220979,0.8586736,0.16701206102499594,1.2000000000000002
4867.9743087940915,0.8940092,0.16643517469405641,1.3
4868.9743103672035,0.932646,0.11286351639374671,1.3
4869.9743119403165,0.5861859,0.0274571124231719,9.4
4870.974313513429,0.57368326,0.02564393176410408,9.5
4871.974315086541,0.7813366,0.02560992683562215,9.0
4872.974316659654,0.8758644,0.02646151055481654,8.5
4873.974318232766,0.82959896,0.02700261982989087,8.5
4874.974319805878,0.8593677,0.02710181021360994,4.2
4875.974321378991,0.83535767,0.026306816512857066,4.2
4876.974322952103,0.87334406,0.026145202717694563,4.2
4877.974324525215,0.7240058,0.014060677395787006,8.6
4878.974326098328,0.8360819,0.013093894043858724,15.0
4879.97432767144,0.80729157,0.014515872286737959,13.700000000000001
4880.974329244552,0.781623,0.015524844806957552,9.9
4881.974330817665,0.9692861,0.016136679172992604,14.0
4882.974332390777,0.9460266,0.01602010099089032,11.5
4883.974333963889,0.9287589,0.015414463790693025,11.5
4884.974335537002,0.8996779,0.015370631162410442,11.5
4885.974337110114,0.88504213,0.015700230714859778,11.5
4886.974338683226,0.9553296,0.016555024614069005,9.1
4887.974340256339,0.96537703,0.017076569672379298,11.5
4888.974341829451,0.9435112,0.019552179315114347,6.7
4889.974343402563,0.95612854,0.018857267130512605,10.9
4890.974344975676,0.89399964,0.018110004904999016,6.2
4891.974346548788,0.85671824,0.018150530168105986,8.8
4892.9743481219,0.8260346,0.017305267462795267,8.8
4893.974349695013,0.86715126,0.01680855178511134,8.8
4894.974351268125,0.74862164,0.01807302404966873,5.1000000000000005
4895.974352841237,0.6157575,0.018545815365872274,5.300000000000001
4896.97435441435,0.51877075,0.01772513520702025,5.1000000000000005
4897.974355987462,0.2869441,0.01686168096015327,5.1000000000000005
4898.974357560574,0.4422957,0.01416677111880803,9.1
4899.974359133687,0.40202078,0.013440475350354265,9.1
4900.974360706799,0.5490057,0.01327579741420773,9.1
4901.9743622799115,0.5049028,0.012310450013327057,5.300000000000001
4902.974363853024,0.37030205,0.011690983933671193,6.4
4903.9743654261365,0.41094035,0.0118480092141845,5.300000000000001
4904.974366999249,0.38415742,0.009700593404956517,7.300000000000001
4905.9743685723615,0.3480909,0.007024338343259689,9.8
4906.974370145474,0.41768172,0.005862410104101951,7.300000000000001
4907.974371718586,0.47048944,0.006546361095173202,4.2
4908.974373291699,0.39549586,0.005907353272118887,2.3000000000000003
4909.974374864811,0.4420943,0.00588748679055184,2.3000000000000003
4910.974376437923,0.34215894,0.006004936095227453,4.2
4911.974378011036,0.34229472,0.006081327458401685,4.2
4912.974379584148,0.23247746,0.006465277546963493,3.1
4913.97438115726,0.41995835,0.0058318910227704805,13.700000000000001
4914.974382730373,0.53945625,0.005472505204188558,13.700000000000001
4915.974384303485,0.49847046,0.0056884962415588766,13.700000000000001
4916.974385876597,0.40985662,0.0064990833506493725,13.700000000000001
4917.97438744971,0.34865242,0.005747318078507554,13.700000000000001
4918.974389022822,0.5461243,0.005418748194516802,13.700000000000001
4919.974390595934,0.6394112,0.006002648638850454,10.700000000000001
4920.974392169047,0.5591618,0.006354475298059086,10.700000000000001
4921.974393742159,0.70729196,0.011906942579311113,10.4
4922.974395315271,0.61462516,0.013726162219328097,10.4
4923.974396888384,0.5296579,0.013954946199360331,10.4
4924.974398461496,0.4752167,0.01398882798483999,10.4
4925.974400034608,0.44717297,0.013901317526855177,10.4
4926.974401607721,0.56854516,0.013541796009296954,10.4
4927.974403180833,0.6969205,0.013480244180067791,10.4
4928.974404753945,0.670306,0.013474650141546165,10.5
4929.974406327058,0.6202829,0.013223103212175088,10.5
4930.97440790017,0.6945662,0.012999497963238132,10.5
4931.974409473282,0.591788,0.008351401725731598,3.6
4932.974411046395,0.70133764,0.007184640823478415,8.8
4933.974412619507,0.70743096,0.007540554849481354,8.5
4934.974414192619,0.78728145,0.012499873088483033,8.4
4935.974415765732,0.68481976,0.013429878816432466,9.700000000000001
4936.974417338844,0.47317636,0.014097294619091904,9.700000000000001
4937.9744189119565,0.29195893,0.01579775460904927,9.700000000000001
4938.9744204850695,0.24806716,0.0207010618215952,10.0
4939.9744220581815,0.27153817,0.02195558229503857,10.0
4940.974423631294,0.14806233,0.024360668590207524,10.200000000000001
4941.9744252044065,0.4344047,0.03098723591370006,3.3000000000000003
4942.974426777519,0.39355507,0.03278348231914309,3.3000000000000003
4943.974428350631,0.18948282,0.03636912198918027,8.1
4944.974429923744,0.18282248,0.03568877768119453,2.5
4945.974431496856,0.4615,0.03698580111101413,9.4
4946.974433069968,0.337284,0.03872205681955121,9.4
4947.974434643081,0.645466,0.03910858701937122,2.5
4948.974436216193,0.5469295,0.038316114973268416,2.5
4949.974437789305,0.6140408,0.03766348463022375,2.5
4950.974439362418,0.38554728,0.03621460568146066,2.5
4951.97444093553,0.15963948,0.031384998498221864,7.800000000000001
4952.974442508642,0.12173018,0.02956001458751187,7.800000000000001
4953.974444081755,0.20119782,0.026866686247015027,6.7
4954.974445654867,0.110128835,0.025930699928882778,6.7
4955.974447227979,0.24321628,0.023550135689547943,4.800000000000001
4956.974448801092,0.17110303,0.020125312420731328,13.100000000000001
4957.974450374204,0.42607132,0.017958558485312897,4.800000000000001
4958.974451947316,0.37369484,0.015238535294516431,6.5
4959.974453520429,0.4300695,0.015204245845903578,6.6000000000000005
4960.974455093541,0.36559924,0.015036061653062465,6.6000000000000005
4961.974456666653,0.34857848,0.013424850987996131,6.5
4962.974458239766,0.3724638,0.011971408538615709,6.5
4963.974459812878,0.5422062,0.00593484915291232,9.700000000000001
4964.97446138599,0.57535475,0.005721711666475523,9.700000000000001
4965.974462959103,0.6743412,0.0057120709188396325,9.5
4966.974464532215,0.63770425,0.005704491794436559,9.5
4967.974466105327,0.74754983,0.00587640704618745,9.700000000000001
4968.97446767844,0.6348024,0.004800899223103297,9.0
4969.974469251552,0.7055688,0.007922441452507197,8.0
4970.974470824664,0.64639,0.008202825359138407,12.3
4971.974472397777,0.72444564,0.018234790828926345,10.700000000000001
4972.974473970889,0.3782992,0.022289807568777423,8.9
4973.9744755440015,0.3495453,0.022663559265660157,8.9
4974.9744771171145,0.090545535,0.02535091948716226,10.100000000000001
4975.9744786902265,0.06977033,0.030789756099767578,8.700000000000001
4976.974480263339,0.117687844,0.03128226228204762,8.700000000000001
4977.974481836452,0.1378533,0.032698417352159614,8.700000000000001
4978.974483409564,0.15885979,0.03267638417257782,8.700000000000001
4979.974484982676,0.22023794,0.032393182993321834,8.700000000000001
4980.974486555789,0.45739478,0.03258457899621778,9.0
4981.974488128901,0.1854962,0.03146402143147731,8.6
4982.974489702013,0.053063154,0.030407643591710456,8.6
4983.974491275126,0.053713523,0.03024819501852632,8.6
4984.974492848238,0.06253866,0.028275739599829885,8.6
4985.97449442135,0.09267597,0.022547441367130806,11.4
4986.974495994463,0.10549377,0.02262101442768148,4.1000000000000005
4987.974497567575,0.06764103,0.020599430444031987,3.2
4988.974499140687,0.17988858,0.020333246176274147,8.1
4989.9745007138,0.16412432,0.020799540366029864,4.1000000000000005
4990.974502286912,0.381713,0.04690828148356504,4.2
4991.974503860024,0.43659315,0.04482135077963978,3.8000000000000003
4992.974505433137,0.6348509,0.04404620952738299,6.2
4993.974507006249,0.29512578,0.044206876920351856,6.2
4994.974508579362,0.6282569,0.04428250965924056,2.7
4995.974510152474,0.6726749,0.04415941800747409,2.7
4996.974511725586,0.56514734,0.04389051699925957,4.2
4997.974513298699,0.3271884,0.043849299118773104,4.2
4998.974514871811,0.382602,0.04384447099640445,6.2
4999.974516444923,0.45242354,0.043505066900238885,6.2
5000.974518018036,0.45192173,0.011912724143959394,9.3
5001.974519591148,0.38326457,0.01667908013167866,3.5
5002.97452116426,0.36144513,0.01564377859319694,5.300000000000001
5003.974522737373,0.44680068,0.029431627465909122,2.3000000000000003
5004.974524310485,0.34570247,0.02921225022062086,3.0
5005.974525883597,0.49775815,0.029180589999084273,3.0
5006.97452745671,0.41000557,0.029250428784635782,2.5
5007.974529029822,0.4304093,0.03021568162639131,1.8
5008.9745306029345,0.4586447,0.030296391565835103,2.6
5009.974532176047,0.39687842,0.03095566328492417,2.6
5010.9745337491595,0.25966918,0.03142225712817184,2.6
5011.974535322272,0.32812873,0.03474522151053565,2.6
5012.9745368953845,0.15948234,0.03539769759320153,2.6
5013.974538468497,0.3018904,0.024836942788459177,2.7
5014.974540041609,0.381165,0.024838221862578697,7.1000000000000005
5015.974541614722,0.3266745,0.024849499198337528,7.1000000000000005
5016.974543187834,0.1718223,0.02549450342504202,2.7
5017.974544760946,0.22959678,0.025230453324527394,2.7
5018.974546334059,0.5946779,0.03095122084322775,2.8000000000000003
5019.974547907171,0.53783923,0.03073205741614283,2.8000000000000003
5020.974549480283,0.38440084,0.03628130395001538,2.5
5021.974551053396,0.37833342,0.03256329200326746,3.5
5022.974552626508,0.6278041,0.0328370019121774,3.5
5023.97455419962,0.3366811,0.0331294306067478,3.5
5024.974555772733,0.5147199,0.03358170251118474,3.5
5025.974557345845,0.38461542,0.03428390252649852,3.5
5026.974558918957,0.56277364,0.034696943434056306,3.1
5027.97456049207,0.51831627,0.034748230666590184,2.6
5028.974562065182,0.5848536,0.03040520364728844,3.4000000000000004
5029.974563638294,0.6186196,0.03179904391206301,9.3
5030.974565211407,0.37955925,0.02513422259110746,8.8
5031.974566784519,0.22572485,0.02352762257199794,9.0
5032.974568357631,0.3322378,0.02283795553320314,9.0
5033.974569930744,0.25370184,0.023195520795103508,9.0
5034.974571503856,0.4176758,0.022639883384334435,9.0
5035.974573076968,0.54811585,0.021536739629894813,5.1000000000000005
5036.974574650081,0.4441485,0.02032700769529812,9.0
5037.974576223193,0.5865291,0.02106406243754694,5.1000000000000005
5038.974577796305,0.4487673,0.020406776129541716,9.600000000000001
5039.974579369418,0.3686914,0.019163444251164587,8.1
5040.97458094253,0.3840944,0.017733829337790028,15.0
5041.974582515642,0.44947255,0.017669436458348696,6.300000000000001
5042.974584088755,0.7448849,0.017425397178765636,9.8
5043.974585661867,0.3366824,0.016398930100852527,10.700000000000001
5044.9745872349795,0.5217917,0.016707606183477844,9.8
5045.974588808092,0.33832183,0.0166824850405052,9.8
5046.9745903812045,0.42159557,0.01589954596824508,9.8
5047.974591954317,0.39808416,0.013186464111640995,11.8
5048.9745935274295,0.33863172,0.012456408772949465,13.700000000000001
5049.974595100542,0.5960699,0.008813997057984578,10.0
5050.974596673654,0.58501756,0.009074571463051226,9.9
5051.974598246767,0.41219813,0.007885889290442448,9.9
5052.974599819879,0.506986,0.009163887008290877,9.600000000000001
5053.974601392991,0.6325912,0.010204953811170498,9.600000000000001
5054.974602966104,0.71151066,0.009272007900588951,9.600000000000001
5055.974604539216,0.68346894,0.009263907871410808,8.4
5056.974606112328,0.7639747,0.009236872148983385,8.4
5057.974607685441,0.45312202,0.009706656165167069,11.700000000000001
5058.974609258553,0.35060817,0.009715444558202167,11.700000000000001
5059.974610831665,0.42574555,0.01060025108828658,5.1000000000000005
5060.974612404778,0.47648388,0.010298354962913621,5.1000000000000005
5061.97461397789,0.35607162,0.010283170594764565,3.1
5062.974615551002,0.45700404,0.00776384057317682,3.6
5063.974617124115,0.54978997,0.005777552663700268,5.6000000000000005
5064.974618697227,0.6910136,0.005730796281801043,5.6000000000000005
5065.974620270339,0.6306232,0.00568043434172894,5.6000000000000005
5066.974621843452,0.62975687,0.005695204676447008,3.5
5067.974623416564,0.6445014,0.004804845511865947,3.5
5068.974624989676,0.63220567,0.004746731167887531,3.8000000000000003
5069.974626562789,0.79369974,0.0015084699465431962,9.3
5070.974628135901,0.80460715,0.0014266819224086037,0.2
5071.974629709013,0.80206364,0.0013934621534093452,12.600000000000001
5072.974631282126,0.79264617,0.0013542418378903296,12.600000000000001
5073.974632855238,0.8095196,0.0013422266096068422,12.600000000000001
5074.97463442835,0.8031115,0.0013007859568510511,12.600000000000001
5075.974636001463,0.81545097,0.0013488221932264535,12.600000000000001
5076.974637574575,0.80596286,0.0013001842238243321,12.600000000000001
5077.974639147687,0.8054259,0.0013376553184584058,12.600000000000001
5078.9746407208,0.8344272,0.0013386342742847015,11.100000000000001
5079.974642293912,0.828559,0.001343152513446108,4.2
5080.9746438670245,0.84011465,0.001363204657632361,11.100000000000001
5081.9746454401375,0.80437106,0.0015387169553561875,8.8
5082.9746470132495,0.820602,0.0015684458802018909,5.1000000000000005
5083.974648586362,0.8204973,0.0016146003346920838,8.8
5084.974650159475,0.848142,0.0016287936478761034,8.8
5085.974651732587,0.79712147,0.05455057320998955,1.8
5086.974653305699,0.8246265,0.05731995376341563,1.7000000000000002
5087.974654878812,0.7316381,0.06751856445226465,1.5
5088.974656451924,0.71769255,0.07097585331313429,1.4000000000000001
5089.974658025036,0.71816117,0.07101089298508236,1.4000000000000001
5090.974659598149,0.6776415,0.07102551861570716,1.4000000000000001
5091.974661171261,0.6225459,0.07147281931670518,1.4000000000000001
5092.974662744373,0.7564554,0.07356023021457718,1.9000000000000001
5093.974664317486,0.8477899,0.07396231501611107,2.3000000000000003
5094.974665890598,0.8430019,0.0742280495856096,2.3000000000000003
5095.97466746371,0.7452486,0.05355850988433723,1.9000000000000001
5096.974669036823,0.7601124,0.0506273743124404,1.9000000000000001
5097.974670609935,0.40322983,0.0359030621226845,8.1
5098.974672183047,0.6265324,0.028439989647644496,2.2
5099.97467375616,0.68795943,0.028363973262604175,2.2
5100.974675329272,0.74389577,0.02845761458021258,2.2
5101.974676902384,0.7778115,0.027548686833740604,2.2
5102.974678475497,0.7139913,0.021317603398722376,8.5
5103.974680048609,0.6339509,0.019862767469904636,14.9
5104.974681621721,0.6017305,0.018790686316404914,14.9
5105.974683194834,0.5444841,0.0064670852959365635,9.9
5106.974684767946,0.5317801,0.006491755214610862,15.0
5107.974686341058,0.7655524,0.006540094483526379,15.0
5108.974687914171,0.67892146,0.006528275574420045,15.0
5109.974689487283,0.5984928,0.02088623203734254,2.4000000000000004
5110.974691060395,0.34593776,0.022787230293470476,3.8000000000000003
5111.974692633508,0.40673155,0.02365792212429502,3.4000000000000004
5112.97469420662,0.3881403,0.02567367115783641,3.7
5113.974695779732,0.30805466,0.026830070746839015,3.7
5114.974697352845,0.22469768,0.027021937544254002,3.7
5115.9746989259575,0.27930436,0.028335486759010473,3.8000000000000003
5116.9747004990695,0.32932878,0.029151854474300087,3.8000000000000003
5117.9747020721825,0.5633046,0.02999025405627126,3.8000000000000003
5118.9747036452945,0.8016546,0.0310014115335672,3.6
5119.974705218407,0.8001217,0.025017247336883465,9.0
5120.97470679152,0.88364124,0.02352576245468478,9.0
5121.974708364632,0.96443164,0.07317661121111514,1.5
5122.974709937744,0.935397,0.09615995351057795,1.0
5123.974711510857,0.86266303,0.13815315525876046,1.0
5124.974713083969,0.95667374,0.13871204436278142,1.0
5125.974714657081,0.98396814,0.13846548158652258,1.0
5126.974716230194,0.7995186,0.13893180642314035,1.0
5127.974717803306,0.9592939,0.14727673840048566,1.6
5128.974719376418,0.8299236,0.16283792719974344,1.1
5129.974720949531,0.8306862,0.16498024223620172,1.1
5130.974722522643,0.76010644,0.18414251471267065,1.6
5131.974724095755,0.7893227,0.17407938355246086,1.3
5132.974725668868,0.7811215,0.16246897573523597,1.3
5133.97472724198,0.7150454,0.12876309120056267,1.2000000000000002
5134.974728815092,0.9212043,0.12814040157121181,1.2000000000000002
5135.974730388205,0.828806,0.12814081192971918,1.2000000000000002
5136.974731961317,0.77307427,0.12747418201124563,1.2000000000000002
5137.974733534429,0.88207144,0.11753133406962815,1.2000000000000002
5138.974735107542,0.85846937,0.09397255539007764,1.3
5139.974736680654,0.9180622,0.08950181916451443,1.2000000000000002
5140.974738253766,0.84026545,0.03547570374992512,2.0
5141.974739826879,0.6375115,0.007195075340801692,9.3
5142.974741399991,0.7374652,0.004591343448180481,9.0
5143.974742973103,0.716847,0.0028877809633535752,9.0
5144.974744546216,0.7815819,0.001826815774999378,14.4
5145.974746119328,0.7827868,0.0015784474890220294,9.200000000000001
5146.97474769244,0.7928334,0.0015072195513907076,9.200000000000001
5147.974749265553,0.80434555,0.0018337068866763333,3.7
5148.974750838665,0.6863539,0.0034820153700775708,10.0
5149.974752411777,0.67341894,0.006565237078036169,8.8
5150.97475398489,0.75699365,0.007603198792789571,15.0
5151.9747555580025,0.7630192,0.009599691945329196,14.0
5152.974757131115,0.7373758,0.010103361147546341,14.0
5153.9747587042275,0.5795294,0.010404983794962951,8.6
5154.97476027734,0.52574867,0.01041736831181294,8.5
5155.9747618504525,0.37259835,0.010411815377751052,8.5
5156.974763423565,0.2386292,0.010774456557627796,14.0
5157.974764996677,0.25153536,0.01086090929971434,13.600000000000001
5158.97476656979,0.27267015,0.010635996765541481,13.600000000000001
5159.974768142902,0.33498654,0.009367288323570207,13.600000000000001
5160.974769716014,0.27717093,0.008817330181422561,13.600000000000001
5161.974771289127,0.2659983,0.006620036711245977,14.5
5162.974772862239,0.35741523,0.008836806029862164,0.30000000000000004
5163.974774435351,0.8460684,0.0926341138374561,1.1
5164.974776008464,0.81023973,0.13809636493996455,1.1
5165.974777581576,0.5219027,0.14148508306033042,1.1
5166.974779154688,0.58526176,0.14148976368704755,1.1
5167.974780727801,0.5609443,0.1415095439002323,1.1
5168.974782300913,0.37542507,0.14149776621087248,1.1
5169.974783874025,0.48335984,0.1415052470347367,1.1
5170.974785447138,0.6391296,0.14162324203682178,1.1
5171.97478702025,0.7800061,0.14169468760242923,1.1
5172.974788593362,0.680524,0.14159764253649484,1.1
5173.974790166475,0.82649,0.10770587600345245,1.2000000000000002
5174.974791739587,0.28465855,0.03864106993465309,14.5
5175.974793312699,0.27459365,0.023405117649745334,10.3
5176.974794885812,0.38281414,0.02328658640378979,10.3
5177.974796458924,0.42383716,0.023166439664039015,3.0
5178.974798032036,0.42387122,0.023156804251541,3.0
5179.974799605149,0.44133386,0.02299857314609463,10.0
5180.974801178261,0.57987076,0.022194369086138283,4.9
5181.974802751373,0.75175416,0.021713279598840896,10.0
5182.974804324486,0.6598451,0.021433730503318735,10.0
5183.974805897598,0.57936853,0.019779902182643156,10.0
5184.97480747071,0.4381841,0.0030560949854679534,8.8
5185.974809043823,0.38343737,0.005072098732337955,14.8
5186.974810616935,0.5692526,0.008216127944904747,13.3
5187.9748121900475,0.60384125,0.008281656584701818,8.200000000000001
5188.9748137631605,0.70334613,0.008264243308194964,8.200000000000001
5189.9748153362725,0.7008428,0.008228556362346295,8.200000000000001
5190.974816909385,0.6355826,0.00822257327724399,8.200000000000001
5191.9748184824975,0.7490448,0.008209048562348765,8.200000000000001
5192.97482005561,0.71375227,0.008203630835173597,8.200000000000001
5193.974821628722,0.7677019,0.008210824423366011,8.200000000000001
5194.974823201835,0.5257015,0.008255121509656665,8.200000000000001
5195.974824774947,0.709979,0.007140030799041284,13.600000000000001
5196.974826348059,0.6835818,0.0025877714731933114,4.1000000000000005
5197.974827921172,0.84192437,0.0017942886952824295,7.300000000000001
5198.974829494284,0.84515655,0.0017906702808521927,7.300000000000001
5199.974831067396,0.8605031,0.001815804277947885,6.7
5200.974832640509,0.8709273,0.001798807435028004,7.300000000000001
5201.974834213621,0.8759865,0.0017546740589646811,7.300000000000001
5202.974835786733,0.8523775,0.0017264057896532244,7.4
5203.974837359846,0.84352434,0.001685022701675566,7.0
5204.974838932958,0.8259246,0.0014585963721454069,7.0
5205.97484050607,0.8522006,0.0014624297826358412,7.0
5206.974842079183,0.8307215,0.001489876176859358,7.0
5207.974843652295,0.8357115,0.001530482314681357,7.0
5208.974845225407,0.8475188,0.0015615880931015838,7.0
5209.97484679852,0.86790365,0.0015555752191192236,7.0
5210.974848371632,0.85373116,0.0017003276916670103,1.7000000000000002
5211.974849944744,0.87174004,0.0017236021292699095,10.700000000000001
5212.974851517857,0.8569514,0.0017356521196692188,7.6000000000000005
5213.974853090969,0.733388,0.004094576171925074,4.9
5214.974854664081,0.710708,0.006400500719329693,7.7
5215.974856237194,0.766299,0.006401499372632274,7.7
5216.974857810306,0.6655438,0.007331525787653865,12.4
5217.974859383418,0.66877705,0.008688132088431989,8.6
5218.974860956531,0.43720993,0.009020707339629173,8.6
5219.974862529643,0.49348965,0.00902157564955941,13.100000000000001
5220.974864102755,0.46532708,0.009006192067114562,13.100000000000001
5221.974865675868,0.38522702,0.009492068122696994,12.600000000000001
5222.97486724898,0.22347307,0.011237641962011885,4.9
5223.9748688220925,0.3344699,0.010701479327706204,8.6
5224.9748703952055,0.47002834,0.009508087284937676,11.8
5225.9748719683175,0.46764985,0.009505752320912242,11.8
5226.97487354143,0.35055333,0.008835959754788094,12.600000000000001
5227.974875114543,0.4361539,0.007512847658272623,3.3000000000000003
5228.974876687655,0.57232773,0.007099224097130065,3.3000000000000003
5229.974878260767,0.49058643,0.007089965272162303,3.3000000000000003
5230.97487983388,0.32323846,0.007083517333082752,3.3000000000000003
5231.974881406992,0.4743362,0.00641681852444381,3.5
5232.974882980104,0.6883587,0.0022425646283720665,8.0
5233.974884553217,0.7616523,0.0017060164177713434,7.1000000000000005
5234.974886126329,0.72268635,0.002116110590179724,6.800000000000001
5235.974887699441,0.7079643,0.0027345775483235235,2.0
5236.974889272554,0.702094,0.003224080384487073,2.8000000000000003
5237.974890845666,0.6537202,0.003761154472536859,2.9000000000000004
5238.974892418778,0.5653675,0.004036135305827577,2.9000000000000004
5239.974893991891,0.5626175,0.005319553551731292,2.9000000000000004
5240.974895565003,0.48244512,0.010407004530580771,4.800000000000001
5241.974897138115,0.4756289,0.011980270604889829,8.3
5242.974898711228,0.36569944,0.013515869851854916,8.3
5243.97490028434,0.4196513,0.01501924243013258,8.3
5244.974901857452,0.14336689,0.01622140772393228,9.700000000000001
5245.974903430565,0.25215247,0.01677333611989985,9.700000000000001
5246.974905003677,0.03008685,0.01966295504925697,10.0
5247.974906576789,0.09608945,0.020218585039129554,6.9
5248.974908149902,0.18940122,0.021242367950410616,10.0
5249.974909723014,0.3415567,0.02126772590664485,10.0
5250.974911296126,0.3246242,0.019409014158283628,9.600000000000001
5251.974912869239,0.3613525,0.018516057823888488,9.600000000000001
5252.974914442351,0.47870618,0.017480073372454125,9.600000000000001
5253.974916015463,0.6265895,0.016339172159718567,9.600000000000001
5254.974917588576,0.6939141,0.015158625338855432,3.6
5255.974919161688,0.73454577,0.014835850004593797,3.6
5256.9749207348,0.57759565,0.010749623199863199,11.600000000000001
5257.974922307913,0.6450995,0.00942494485499419,11.600000000000001
5258.9749238810255,0.63518196,0.006733037549469918,3.9000000000000004
5259.9749254541375,0.4782419,0.005694720848207761,2.8000000000000003
5260.9749270272505,0.5874159,0.005546466202411787,2.7
5261.974928600363,0.63209057,0.00645480049181303,2.7
5262.974930173475,0.60941875,0.00907876119085901,10.4
5263.974931746588,0.57383984,0.010780345210065573,10.4
5264.9749333197,0.36517024,0.012857319521694194,10.200000000000001
5265.974934892812,0.47089326,0.014744940791289077,3.5
5266.974936465925,0.54565746,0.016101196600114463,10.200000000000001
5267.974938039037,0.18064104,0.018415921339577458,3.5
5268.974939612149,0.22183494,0.020133334317544417,2.6
5269.974941185262,0.14259498,0.021017093495540443,2.6
5270.974942758374,0.057745375,0.021226967770908156,2.6
5271.974944331486,0.30501422,0.021049255901153165,10.100000000000001
5272.974945904599,0.38046056,0.02088834904149112,10.100000000000001
5273.974947477711,0.44825187,0.026373376557271247,4.2
5274.974949050823,0.23159815,0.025489106782247046,4.2
5275.974950623936,0.25447577,0.02420599301019631,4.2
5276.974952197048,0.28028923,0.024599401784674596,4.2
5277.97495377016,0.19870296,0.02347691089074617,4.2
5278.974955343273,0.20100516,0.02362192008703781,6.5
5279.974956916385,0.20487072,0.02386976069171637,11.600000000000001
5280.974958489497,0.35579804,0.025011327394357862,10.4
5281.97496006261,0.120810054,0.02882456089847925,4.5
5282.974961635722,0.13267955,0.028267459996185604,4.5
5283.974963208834,0.13745555,0.026330310210061412,7.4
5284.974964781947,0.23085518,0.02898349527161385,7.4
5285.974966355059,0.18086128,0.029922135153229504,7.4
5286.974967928171,0.32903603,0.03056624990397975,3.7
5287.974969501284,0.53254354,0.030750178705751554,10.4
5288.974971074396,0.51475304,0.02969601390028654,3.8000000000000003
5289.974972647508,0.46684185,0.03215221490700326,5.4
5290.974974220621,0.3971825,0.033736219682844064,9.200000000000001
5291.974975793733,0.36880454,0.0341780373286758,3.0
5292.974977366845,0.2760256,0.0342008547524047,6.0
5293.974978939958,0.2684281,0.03309060135386223,3.2
5294.9749805130705,0.13842349,0.03514007774540636,8.3
5295.9749820861825,0.16507958,0.035498878781678754,8.3
5296.9749836592955,0.19673331,0.035213409034509514,5.300000000000001
5297.974985232408,0.10840844,0.035132150496342995,8.3
5298.97498680552,0.13187467,0.03656603734370507,5.300000000000001
5299.974988378633,0.11355766,0.03533666879926901,3.2
5300.974989951745,0.09548253,0.03430740143730866,5.300000000000001
5301.974991524857,0.26965213,0.03198957125785687,8.200000000000001
5302.97499309797,0.29181787,0.03206168475114343,8.200000000000001
5303.974994671082,0.39251107,0.030229260870415737,9.9
5304.974996244194,0.4521266,0.025418711201445635,9.9
5305.974997817307,0.5262105,0.02654768251198121,9.9
5306.974999390419,0.3669022,0.03108850516499997,3.0
5307.975000963531,0.5423991,0.031532519574608515,3.0
5308.975002536644,0.26957154,0.029733197926151186,7.300000000000001
5309.975004109756,0.31710374,0.02783568878640508,2.9000000000000004
5310.975005682869,0.2239063,0.026222554248309295,10.700000000000001
5311.975007255981,0.3645892,0.02471276231265727,2.9000000000000004
5312.975008829093,0.41796115,0.02596354584499626,5.1000000000000005
5313.975010402206,0.37038755,0.026094986637069786,5.1000000000000005
5314.975011975318,0.41164508,0.027461127554972403,4.2
5315.97501354843,0.29755503,0.025205014885072874,4.2
5316.975015121543,0.45364666,0.02041332588627792,8.8
5317.975016694655,0.15401837,0.020196975021049675,8.6
5318.975018267767,0.3462998,0.021325535225987596,8.6
5319.97501984088,0.20013142,0.022902221884963422,8.6
5320.975021413992,0.4524466,0.025255193758679156,8.4
5321.975022987104,0.41252893,0.026419477527114224,8.4
5322.975024560217,0.17039807,0.025030866871462495,8.4
5323.975026133329,0.11187154,0.024907251512927393,8.4
5324.975027706441,0.2515353,0.02293613010177713,8.4
5325.975029279554,0.08342444,0.02355839952203056,8.4
5326.975030852666,0.1337544,0.022697893148434494,8.4
5327.975032425778,0.15294705,0.022272051516552357,8.8
5328.975033998891,0.1345943,0.02297668377988942,8.6
5329.975035572003,0.19101031,0.022336763342960905,8.6
5330.9750371451155,0.22352128,0.02065512123167114,4.1000000000000005
5331.9750387182285,0.5241747,0.01895944304204561,10.600000000000001
5332.9750402913405,0.5081082,0.020881400991698967,4.6000000000000005
5333.975041864453,0.29778895,0.021650468943964576,4.6000000000000005
5334.975043437566,0.6776728,0.022596038622405275,14.5
5335.975045010678,0.75928885,0.023433881320727153,10.700000000000001
5336.97504658379,0.55356646,0.025116070600419586,10.700000000000001
5337.975048156903,0.584587,0.024810078496942306,4.4
5338.975049730015,0.564733,0.023135262705689677,10.700000000000001
5339.975051303127,0.5895862,0.022169185725958176,5.9
5340.97505287624,0.571123,0.020929354951074,5.800000000000001
5341.975054449352,0.3945191,0.021350079592510972,5.800000000000001
5342.975056022464,0.4355261,0.019838308383844365,4.3
5343.975057595577,0.69016206,0.030125361520182733,2.3000000000000003
5344.975059168689,0.5460636,0.029743576797491518,2.3000000000000003
5345.975060741801,0.4932461,0.02837039494288041,2.3000000000000003
5346.975062314914,0.59474564,0.0253198911513892,2.1
5347.975063888026,0.5288255,0.02735541901067768,2.9000000000000004
5348.975065461138,0.2156708,0.030747349144487065,2.9000000000000004
5349.975067034251,0.20151849,0.03478022599621669,2.9000000000000004
5350.975068607363,0.2431947,0.04721706294267444,3.1
5351.975070180475,0.4518346,0.04808505895963124,2.7
5352.975071753588,0.6761527,0.04813693748615564,2.7
5353.9750733267,0.40505543,0.04741366085566103,3.0
5354.975074899812,0.87203246,0.057037510409349686,2.7
5355.975076472925,0.75872207,0.057028075415748995,3.0
5356.975078046037,0.8505175,0.05757583293646749,3.0
5357.975079619149,0.8076873,0.057955701431748774,3.0
5358.975081192262,0.77948946,0.05767489089854147,3.0
5359.975082765374,0.7598276,0.055480183632641324,3.0
5360.975084338486,0.84881186,0.04543638261011045,2.4000000000000004
5361.975085911599,0.8125543,0.044662442815872956,2.6
5362.975087484711,0.695318,0.045805844457704074,2.6
5363.975089057823,0.5953951,0.039910748695349954,2.6
5364.975090630936,0.24892806,0.02443146937538764,9.9
5365.975092204048,0.5562053,0.02501456790048081,9.9
5366.9750937771605,0.5976618,0.02473133470291808,9.9
5367.9750953502735,0.49457064,0.02376040391967441,9.9
5368.9750969233855,0.5932378,0.020117187237961107,11.8
5369.975098496498,0.41123772,0.021723120250877657,10.0
5370.975100069611,0.7337778,0.04106690143675261,3.3000000000000003
5371.975101642723,0.347675,0.04130348398245597,3.6
5372.975103215835,0.29174528,0.04178106051695719,3.6
5373.975104788948,0.36800998,0.042691435849015844,3.6
5374.97510636206,0.4574776,0.042951054223240095,3.6
5375.975107935172,0.2759006,0.04281652834800318,3.6
5376.975109508285,0.26383448,0.043297924034524135,3.6
5377.975111081397,0.095227964,0.044659537141950534,5.800000000000001
5378.975112654509,0.12146579,0.044847818935594634,3.4000000000000004
5379.975114227622,0.21704751,0.04396524243942086,3.4000000000000004
5380.975115800734,0.40079835,0.026704516732848276,3.4000000000000004
5381.975117373846,0.7019934,0.035045320607885684,10.4
5382.975118946959,0.3631615,0.03589510018117478,7.300000000000001
5383.975120520071,0.24266896,0.0378763781711653,7.300000000000001
5384.975122093183,0.293133,0.03948937752907629,7.300000000000001
5385.975123666296,0.32404122,0.039780077772660814,7.1000000000000005
5386.975125239408,0.49089688,0.040038724962493215,8.0
5387.97512681252,0.94817096,0.0580767411964645,2.1
5388.975128385633,0.81950325,0.05853740654166712,2.1
5389.975129958745,0.86622655,0.059314332901189586,2.1
5390.975131531857,0.7602371,0.06024179284017795,2.8000000000000003
5391.97513310497,0.90527534,0.0571797723987377,2.8000000000000003
5392.975134678082,0.89506423,0.05615615078371488,3.1
5393.975136251194,0.9571034,0.05452773796939206,3.1
5394.975137824307,0.9112475,0.05427661070084456,3.1
5395.975139397419,0.85718554,0.05390617986796412,2.8000000000000003
5396.975140970531,0.8485804,0.05289694907335343,2.8000000000000003
5397.975142543644,0.44360524,0.02819643620821512,7.7
5398.975144116756,0.27181435,0.026883548069984622,7.7
5399.975145689868,0.27465352,0.025413095402106064,7.7
5400.975147262981,0.3806996,0.028289876417382405,7.7
5401.9751488360935,0.38432708,0.024309802785894927,11.200000000000001
5402.9751504092055,0.44638136,0.021942815294242576,7.5
5403.9751519823185,0.60109425,0.020931339626287574,7.5
5404.975153555431,0.6425066,0.01917161085447275,12.100000000000001
5405.975155128543,0.72619957,0.02009715820998325,12.600000000000001
5406.975156701656,0.6459857,0.02051311185201879,12.8
5407.975158274768,0.73975545,0.021022821513555234,11.4
5408.97515984788,0.45928812,0.02142052441188145,11.4
5409.975161420993,0.47498035,0.021042182090185414,11.4
5410.975162994105,0.25169346,0.015016411558846681,12.700000000000001
5411.975164567217,0.22541697,0.01608454668052807,12.700000000000001
5412.97516614033,0.034426354,0.017074783334669254,12.700000000000001
5413.975167713442,0.1082477,0.01838859092821013,12.700000000000001
5414.975169286554,0.60391873,0.0983356824412078,1.5
5415.975170859667,0.82084215,0.11109287770693889,1.7000000000000002
5416.975172432779,0.71707743,0.11508867996580657,1.7000000000000002
5417.975174005891,0.8563232,0.11541993177312727,1.6
5418.975175579004,0.8041077,0.11551734543886952,1.6
5419.975177152116,0.65049785,0.1501703701690507,1.1
5420.975178725228,0.5784943,0.1720112729670069,0.9
5421.975180298341,0.5833064,0.17259867126321882,0.9
5422.975181871453,0.49510577,0.17911620163028064,0.9
5423.975183444565,0.37711006,0.1798374370414026,0.9
5424.975185017678,0.6631015,0.15208108603246018,0.9
5425.97518659079,0.81655765,0.14330074869713164,0.9
5426.975188163902,0.8132903,0.14012320535627604,0.9
5427.975189737015,0.80114317,0.1400596536229927,0.9
5428.975191310127,0.83456075,0.14000840399246772,0.9
5429.975192883239,0.96786153,0.0999016026592553,0.9
5430.975194456352,0.9241184,0.05636097393229245,1.7000000000000002
5431.975196029464,0.9113035,0.05417251720209624,1.7000000000000002
5432.975197602576,0.91085404,0.02343374382829343,4.3
5433.975199175689,0.9066167,0.015991678035776242,1.8
5434.975200748801,0.8815334,0.012325340065434653,1.7000000000000002
5435.9752023219135,0.9333049,0.012078404154412857,1.7000000000000002
5436.975203895026,0.9116098,0.012048249473851944,7.7
5437.9752054681385,0.8058712,0.008236787616364606,7.4
5438.9752070412505,0.8067177,0.007504504907812465,3.3000000000000003
5439.9752086143635,0.7905058,0.006341772249888897,3.3000000000000003
5440.975210187476,0.83593696,0.0069775149677730785,7.4
5441.975211760588,0.92392427,0.00706734877015972,7.4
5442.975213333701,0.95525795,0.007233983438752651,7.800000000000001
5443.975214906813,0.9505941,0.00745795526962724,7.9
5444.975216479925,0.9771838,0.008835030463535879,14.200000000000001
5445.975218053038,0.97765154,0.00991341456538803,11.600000000000001
5446.97521962615,0.9748854,0.009715542288257514,14.200000000000001
5447.975221199262,0.9810816,0.01598402366879024,5.5
5448.975222772375,0.9506642,0.05022131447701756,5.5
5449.975224345487,0.93121797,0.05077890259546896,5.5
5450.975225918599,0.85759234,0.05135292013136204,5.5
5451.975227491712,0.84222853,0.05167766041362487,5.5
5452.975229064824,0.71881485,0.05173065696245874,5.5
5453.975230637936,0.8083939,0.05187102737538063,5.5
5454.975232211049,0.74723804,0.05160324405728113,5.5
5455.975233784161,0.63596004,0.0515393615383612,5.5
5456.975235357273,0.8383477,0.05184100881884825,5.5
5457.975236930386,0.4291498,0.050174969635371304,4.9
5458.975238503498,0.18158363,0.0190018769533203,6.300000000000001
5459.97524007661,0.14205766,0.017550902040972063,6.300000000000001
5460.975241649723,0.1742211,0.016919233579030423,14.700000000000001
5461.975243222835,0.10356806,0.016214155445976146,6.300000000000001
5462.975244795947,0.3527352,0.01653547940489121,12.0
5463.97524636906,0.36629188,0.017730982417371702,9.1
5464.975247942172,0.41685075,0.035402231855120356,9.1
5465.975249515284,0.4484041,0.052664328134025516,2.6
5466.975251088397,0.5251282,0.05285681385629026,2.6
5467.975252661509,0.3915134,0.054632286723845826,2.7
5468.975254234622,0.2926666,0.0546364305764729,2.6
5469.975255807734,0.37222084,0.05553616870955195,2.6
5470.975257380846,0.44136572,0.05524550048899527,2.7
5471.975258953959,0.49145302,0.056210012872471425,2.7
5472.975260527071,0.567144,0.05649462828902544,2.7
5473.9752621001835,0.5412981,0.05661324260487471,2.7
5474.9752636732965,0.37854728,0.048338669962856184,1.8
5475.9752652464085,0.243336,0.029481392735472487,3.1
5476.975266819521,0.38675147,0.03281903567372943,8.200000000000001
5477.975268392634,0.50928456,0.030683239425096088,8.8
5478.975269965746,0.63481957,0.04648776496485221,2.0
5479.975271538858,0.8574778,0.06469370298511626,0.1
5480.975273111971,0.73232865,0.08441220093619409,0.5
5481.975274685083,0.7262785,0.09671290021555798,0.8
5482.975276258195,0.644462,0.108392517480599,0.8
5483.975277831308,0.6717522,0.12213701536855402,0.2
5484.97527940442,0.5110185,0.140201500327004,0.8
5485.975280977532,0.47715393,0.14818605080636502,1.5
5486.975282550645,0.47563055,0.15440577560929258,1.5
5487.975284123757,0.33506152,0.15757786595636467,1.5
5488.975285696869,0.5807376,0.15961933401499392,1.4000000000000001
5489.975287269982,0.6393426,0.15572245312754032,1.4000000000000001
5490.975288843094,0.45012164,0.16569687289204588,2.4000000000000004
5491.975290416206,0.6516071,0.1586408124177431,2.4000000000000004
5492.975291989319,0.5793206,0.1541198418190067,2.4000000000000004
5493.975293562431,0.3729956,0.14948562962555226,2.4000000000000004
5494.975295135543,0.2703415,0.13413706225672453,2.6
5495.975296708656,0.34013173,0.13029944324609233,4.9
5496.975298281768,0.48215586,0.13867214984963247,1.3
5497.97529985488,0.75028914,0.1350429191890713,1.3
5498.975301427993,0.9054306,0.12832416470175728,2.0
5499.975303001105,0.94175637,0.1255583405330029,2.0
5500.975304574217,0.848679,0.11795387181392453,1.7000000000000002
5501.97530614733,0.9150345,0.1456055979718119,3.3000000000000003
5502.975307720442,0.78941286,0.1448731918859607,2.7
5503.975309293554,0.9105555,0.14475434730324926,2.6
5504.975310866667,0.8255173,0.15583989600561077,2.6
5505.975312439779,0.93050647,0.1537256073597169,2.6
5506.975314012891,0.9338788,0.14388382502813296,2.6
5507.975315586004,0.95511514,0.14790455312223608,2.6
5508.9753171591165,0.94113827,0.15032995789811826,2.6
5509.9753187322285,0.80525434,0.1552155285871716,2.7
5510.9753203053415,0.7070093,0.14290405282923427,4.1000000000000005
5511.9753218784535,0.33701268,0.11675330192316856,5.5
5512.975323451566,0.31332943,0.11668332606153001,5.5
5513.975325024679,0.30807576,0.11490865671311994,5.5
5514.975326597791,0.26889813,0.10011265547992182,5.5
5515.975328170903,0.3413298,0.09881848917671061,5.5
5516.975329744016,0.16895448,0.09756731188623975,5.9
5517.975331317128,0.1745011,0.10327699376168777,5.2
5518.97533289024,0.109621406,0.1014556949658664,5.2
5519.975334463353,0.16079871,0.09843264951071588,5.4
5520.975336036465,0.17009376,0.0993840897633786,5.4
5521.975337609577,0.14663675,0.09733135265249378,5.0
5522.97533918269,0.10521586,0.10690819273032122,2.7
5523.975340755802,0.08023452,0.11055456648769954,2.7
5524.975342328914,0.2663271,0.10873221176988174,5.4
5525.975343902027,0.07244223,0.12032779470406414,2.7
5526.975345475139,0.14000131,0.12371772852018628,6.7
5527.975347048251,0.1528371,0.11503903413943513,5.300000000000001
5528.975348621364,0.222556,0.1197805407497571,5.300000000000001
5529.975350194476,0.1510916,0.12543000981124916,5.5
5530.975351767588,0.50933874,0.1237760752026194,5.5
5531.975353340701,0.59820056,0.13956305589924495,5.5
5532.975354913813,0.53852713,0.14248292406324223,5.5
5533.975356486925,0.5099467,0.1418091354603787,5.5
5534.975358060038,0.53207034,0.14392183632946223,5.5
5535.97535963315,0.49318302,0.14066742785316255,5.5
5536.975361206262,0.3749917,0.13614971532197528,5.5
5537.975362779375,0.509945,0.1392548547288513,5.6000000000000005
5538.975364352487,0.4667125,0.14358679450056705,4.800000000000001
5539.975365925599,0.5573144,0.14173638631036029,2.7
5540.975367498712,0.54427844,0.14209509783812332,2.7
5541.975369071824,0.34549797,0.13227149395543944,2.0
5542.975370644936,0.37796462,0.12576796449533537,2.0
5543.975372218049,0.3113712,0.12055759813768373,2.0
5544.9753737911615,0.41361934,0.13268534369637972,2.0
5545.9753753642735,0.5539824,0.16632741072384297,2.0
5546.9753769373865,0.6521428,0.1746831691531988,2.7
5547.975378510499,0.7404599,0.2102856496420549,2.7
5548.975380083611,0.58931184,0.22949797053423548,2.7
5549.975381656724,0.6871905,0.22815537198727062,2.7
5550.975383229836,0.53978467,0.23329501404599626,2.7
5551.975384802948,0.59920126,0.23406356637947562,2.8000000000000003
5552.975386376061,0.79592276,0.2309949778005892,2.8000000000000003
5553.975387949173,0.6892455,0.23980789601588992,2.8000000000000003
5554.975389522285,0.73630464,0.23216378865186738,2.8000000000000003
5555.975391095398,0.58123255,0.20502499873142588,2.9000000000000004
5556.97539266851,0.48756945,0.20219040722906595,3.3000000000000003
5557.975394241622,0.54356784,0.16815444465771107,4.9
5558.975395814735,0.3698613,0.13318189457069496,4.6000000000000005
5559.975397387847,0.35239327,0.14046453859595218,2.0
5560.975398960959,0.3409272,0.13134019959167292,2.7
5561.975400534072,0.4775546,0.12460026240432924,2.7
5562.975402107184,0.3361061,0.12855818082285564,2.7
5563.975403680296,0.27727166,0.11630290620531902,2.7
5564.975405253409,0.27832967,0.11643410647446843,2.7
5565.975406826521,0.25573072,0.12091088948969655,2.7
5566.975408399633,0.4259239,0.11205308587235863,2.7
5567.975409972746,0.5851799,0.11052226841029483,4.2
5568.975411545858,0.3675881,0.11096004971590011,4.2
5569.97541311897,0.2344514,0.10480937022646515,2.7
5570.975414692083,0.32658786,0.1086454848212183,2.7
5571.975416265195,0.2858561,0.10925019311555861,2.7
5572.975417838307,0.18611485,0.10616480268756891,2.7
5573.97541941142,0.16400932,0.10393807445736897,2.7
5574.975420984532,0.16552462,0.1069564546092936,2.7
5575.975422557644,0.20840758,0.1006061894088478,2.7
5576.975424130757,0.10899224,0.10253933353718604,4.4
5577.975425703869,0.38222536,0.09291594449002136,15.0
5578.9754272769815,0.25237826,0.08849647062181966,2.1
5579.975428850094,0.44236878,0.08087286251966877,2.1
5580.9754304232065,0.32299224,0.07536061092684554,15.0
5581.975431996319,0.33667716,0.07717612492354638,9.3
5582.9754335694315,0.4228214,0.07348670507328492,6.2
5583.975435142544,0.44442055,0.07170544562396884,9.3
5584.975436715656,0.26810756,0.06518987323909363,9.3
5585.975438288769,0.255403,0.07122538116197845,9.3
5586.975439861881,0.14997411,0.06623102591648702,9.3
5587.975441434993,0.123358585,0.06843037141608614,9.3
5588.975443008106,0.09428615,0.07318651778180454,9.3
5589.975444581218,0.023665816,0.0768816497536089,9.3
5590.97544615433,0.3764343,0.07607028423598683,7.800000000000001
5591.975447727443,0.50960004,0.0972264728633438,7.800000000000001
5592.975449300555,0.5443243,0.10941726592753412,3.3000000000000003
5593.975450873667,0.32054648,0.1087820210990136,1.9000000000000001
5594.97545244678,0.5151723,0.11340275360565125,1.9000000000000001
5595.975454019892,0.37231296,0.11640805445204412,4.3
5596.975455593004,0.5437514,0.11656243475831671,4.3
5597.975457166117,0.38670054,0.11923667893211111,4.3
5598.975458739229,0.38926175,0.12087920777847104,3.2
5599.975460312341,0.20124964,0.12799441935996012,4.3
5600.975461885454,0.2427524,0.12776253179375677,2.0
5601.975463458566,0.12794028,0.12976043201861903,2.7
5602.975465031678,0.09802473,0.13004172972401062,7.300000000000001
5603.975466604791,0.116696656,0.12888712229823276,3.5
5604.975468177903,0.07441309,0.1265368566524203,13.3
5605.975469751015,0.08230558,0.1386878039343958,4.800000000000001
5606.975471324128,0.0711167,0.13917452538101013,4.800000000000001
5607.97547289724,0.13356452,0.14241981331581072,5.0
5608.975474470352,0.19630854,0.14818479530067072,5.0
5609.975476043465,0.22615956,0.13878288941746164,2.0
5610.975477616577,0.28060615,0.1405512944417476,5.5
5611.975479189689,0.30638388,0.1451151198617431,5.5
5612.975480762802,0.44438985,0.14534526576655413,5.5
5613.975482335914,0.5773849,0.14576974697602857,5.5
5614.9754839090265,0.4787454,0.15051926110819522,5.5
5615.975485482139,0.4261025,0.15053284172110978,5.5
5616.9754870552515,0.48152277,0.1522585566285206,5.5
5617.975488628364,0.44630286,0.1529682476329248,4.1000000000000005
5618.9754902014765,0.28827977,0.1538211292734559,5.5
5619.975491774589,0.3459869,0.15595562038606228,2.7
5620.975493347701,0.31126478,0.16429919676116636,2.8000000000000003
5621.975494920814,0.38870615,0.14601239612458589,2.8000000000000003
5622.975496493926,0.34151047,0.1375132573278683,2.8000000000000003
5623.975498067039,0.33677956,0.14139365488323274,2.6
5624.975499640151,0.5372581,0.13994378548780567,1.3
5625.975501213263,0.1710901,0.12416172075937591,4.5
5626.975502786376,0.31713504,0.1266647867619474,5.1000000000000005
5627.975504359488,0.24018829,0.12067111620590897,5.1000000000000005
5628.9755059326,0.25617048,0.10961823566326648,5.1000000000000005
5629.975507505713,0.18873993,0.11604963643537887,6.4
5630.975509078825,0.19792579,0.10794680590575613,5.1000000000000005
5631.975510651937,0.15221974,0.10801369896675116,2.9000000000000004
5632.97551222505,0.10675928,0.11336767435448819,1.4000000000000001
5633.975513798162,0.114714354,0.11158743050038068,2.7
5634.975515371274,0.15299173,0.10687716152211607,5.5
5635.975516944387,0.12645946,0.11188632152812208,4.800000000000001
5636.975518517499,0.13222882,0.11169917387232968,2.7
5637.975520090611,0.14716545,0.11167667092040598,2.7
5638.975521663724,0.17274202,0.11509622468665336,2.7
5639.975523236836,0.5406368,0.10640566117086905,2.7
5640.975524809948,0.2862592,0.09864200149060239,2.0
5641.975526383061,0.46219116,0.09907324276063262,2.0
5642.975527956173,0.32646763,0.10505965172279783,2.6
5643.975529529285,0.5197751,0.11015697861310143,2.6
5644.975531102398,0.5512049,0.11077526851172072,1.3
5645.97553267551,0.58409435,0.10940912508821136,4.0
5646.975534248622,0.57807654,0.12093392137779196,4.0
5647.975535821735,0.47980416,0.1193085359907987,4.0
5648.975537394847,0.31373662,0.12121682424035794,4.0
5649.975538967959,0.3153589,0.13377439695368523,2.0
5650.975540541072,0.36178648,0.13823500160035287,2.0
5651.9755421141845,0.59515107,0.1377271512337783,4.0
5652.9755436872965,0.4518096,0.14135317517503912,2.0
5653.9755452604095,0.6586279,0.13746470120214918,2.0
5654.975546833522,0.46107504,0.14113982672507927,2.0
5655.975548406634,0.5483706,0.13769807318450222,2.8000000000000003
5656.975549979747,0.52453244,0.1466929019802341,4.800000000000001
5657.975551552859,0.6712796,0.1524569201868984,1.4000000000000001
5658.975553125971,0.50477386,0.14758499798796088,1.4000000000000001
5659.975554699084,0.2809636,0.14386256281174423,1.4000000000000001
5660.975556272196,0.38717812,0.1519432915207006,1.4000000000000001
5661.975557845308,0.31316537,0.15341018192737033,1.4000000000000001
5662.975559418421,0.33086646,0.15457913072426777,2.0
5663.975560991533,0.29786623,0.17291433493133448,2.7
5664.975562564645,0.3386575,0.23595361084921357,2.9000000000000004
5665.975564137758,0.41857883,0.23791145166854485,2.9000000000000004
5666.97556571087,0.24123876,0.23052101009947412,2.8000000000000003
5667.975567283982,0.51946515,0.2268527862734745,2.8000000000000003
5668.975568857095,0.20598419,0.23194970263499642,2.8000000000000003
5669.975570430207,0.2786968,0.23366315570706758,2.9000000000000004
5670.975572003319,0.41360486,0.2265850272423392,2.9000000000000004
5671.975573576432,0.38515332,0.22566660336026798,2.9000000000000004
5672.975575149544,0.41823602,0.22285450642636856,2.9000000000000004
5673.975576722656,0.39331475,0.20971140395068794,2.7
5674.975578295769,0.38154146,0.12980905293853656,2.1
5675.975579868881,0.22548407,0.13534407473782803,2.1
5676.975581441993,0.3737596,0.1252269663601521,2.1
5677.975583015106,0.27591538,0.1250417214650028,2.1
5678.975584588218,0.26397434,0.12728950204216732,2.1
5679.97558616133,0.3034213,0.13227022108198608,2.1
5680.975587734443,0.25496843,0.1327452185846224,2.1
5681.975589307555,0.14240876,0.1427431397042155,2.1
5682.975590880667,0.1362539,0.1360517691264451,1.4000000000000001
5683.97559245378,0.13052778,0.13322348490638308,5.7
5684.975594026892,0.08108944,0.13698779670074943,5.7
5685.975595600004,0.11995187,0.14193745155596685,2.1
5686.975597173117,0.11566372,0.16127576592734655,2.1
5687.9755987462295,0.29024836,0.16186277972435645,2.1
5688.9756003193415,0.25064608,0.16151258001018926,2.1
5689.9756018924545,0.5007498,0.14757174036546733,2.1
5690.975603465567,0.38532573,0.14754873757059758,2.1
5691.975605038679,0.521807,0.13727117306662928,2.2
5692.975606611792,0.8332837,0.13288059046479475,2.2
5693.975608184904,0.68510455,0.13342764196461457,2.1
5694.975609758016,0.6734272,0.13769926626291887,2.8000000000000003
5695.975611331129,0.5281888,0.12370823282673848,2.8000000000000003
5696.975612904241,0.5223657,0.09566703513777992,5.800000000000001
5697.975614477353,0.475755,0.09356288866003162,4.9
5698.975616050466,0.4493479,0.08017781142631458,5.800000000000001
5699.975617623578,0.40350267,0.08111147347740419,5.800000000000001
5700.97561919669,0.4517362,0.07811030354095805,2.8000000000000003
5701.975620769803,0.3246837,0.08249674709201979,4.9
5702.975622342915,0.3019463,0.0873597802065595,4.9
5703.975623916027,0.23942326,0.09003176183078257,4.6000000000000005
5704.97562548914,0.18118304,0.08501535562317696,2.2
5705.975627062252,0.13341121,0.09115117300473857,8.4
5706.975628635364,0.07124746,0.09225890354569882,4.800000000000001
5707.975630208477,0.10905842,0.10112311127866486,8.4
5708.975631781589,0.16180548,0.10440014803739618,8.4
5709.975633354701,0.16824394,0.10648116968777255,8.4
5710.975634927814,0.32603136,0.11516069375056966,5.6000000000000005
5711.975636500926,0.2164037,0.12680759059837365,5.6000000000000005
5712.975638074038,0.40829533,0.1269408427772802,5.6000000000000005
5713.975639647151,0.25255582,0.12530352827605284,5.6000000000000005
5714.975641220263,0.34571156,0.12327307899925449,5.6000000000000005
5715.975642793375,0.4433873,0.12071173574196702,5.6000000000000005
5716.975644366488,0.7099292,0.12024642700139905,5.0
5717.9756459396,0.5882203,0.11483943581870786,5.2
5718.975647512712,0.59796137,0.11217528341852388,5.2
5719.975649085825,0.5758909,0.11067296431459941,5.2
5720.975650658937,0.3214605,0.11777678687207725,5.2
5721.9756522320495,0.2860075,0.10233781455756684,5.2
5722.975653805162,0.4474345,0.10107029268613436,5.2
5723.9756553782745,0.5684635,0.09791462744043644,5.6000000000000005
5724.975656951387,0.7474672,0.09333338998502386,4.800000000000001
5725.9756585244995,0.6258256,0.08946464477250496,6.2
5726.975660097612,0.49509713,0.09423239087172039,4.800000000000001
5727.975661670724,0.5019739,0.0951690934634517,5.6000000000000005
5728.975663243837,0.41052845,0.09777171704230249,5.0
5729.975664816949,0.367052,0.10493583391968306,5.0
5730.975666390061,0.22785074,0.08870512132856427,7.5
5731.975667963174,0.50907296,0.08652727925748374,7.5
5732.975669536286,0.17568718,0.08462927617134763,7.5
5733.975671109398,0.3108207,0.0835633882029337,4.9
5734.975672682511,0.11648624,0.08273589355571787,7.6000000000000005
5735.975674255623,0.3370538,0.08967829244525535,7.6000000000000005
5736.975675828735,0.24504061,0.08858094523966277,7.5
5737.975677401848,0.44353634,0.09243600685768916,7.800000000000001
5738.97567897496,0.2581405,0.08880767838891333,7.300000000000001
5739.975680548072,0.3042237,0.09300064818686121,7.9
5740.975682121185,0.34025627,0.09323967561419888,5.5
5741.975683694297,0.25261608,0.09336820448897558,5.5
5742.975685267409,0.24269715,0.10799667090006998,2.3000000000000003
5743.975686840522,0.25232506,0.11035147640182032,3.3000000000000003
5744.975688413634,0.3413773,0.11161768960218867,2.3000000000000003
5745.975689986746,0.36683795,0.10735273743558477,2.3000000000000003
5746.975691559859,0.48592234,0.10580287294889087,2.3000000000000003
5747.975693132971,0.44176054,0.10377776567254599,3.3000000000000003
5748.975694706083,0.64246833,0.10328831637602112,3.3000000000000003
5749.975696279196,0.4621169,0.09302735041901523,4.9
5750.975697852308,0.6346346,0.09245484300300587,3.3000000000000003
5751.97569942542,0.4835182,0.09227975722341125,3.3000000000000003
5752.975700998533,0.15157142,0.0770986301996892,4.9
5753.975702571645,0.24011856,0.07521210460429352,4.9
5754.975704144757,0.15437947,0.07457934125330459,4.9
5755.97570571787,0.15109882,0.07344492478357693,4.9
5756.975707290982,0.21114315,0.07180893593899171,5.1000000000000005
5757.9757088640945,0.134984,0.06713897155211065,5.1000000000000005
5758.975710437207,0.19903205,0.06683184902122367,5.1000000000000005
5759.9757120103195,0.15304358,0.06408089414904501,5.1000000000000005
5760.975713583432,0.07128451,0.0625768602003557,5.1000000000000005
5761.9757151565445,0.0976919,0.06475171678463132,4.9
5762.975716729657,0.06511957,0.06224666162799113,4.9
5763.975718302769,0.02929436,0.06500775481101806,5.2
5764.975719875882,0.023774117,0.06465328748465152,5.0
5765.975721448994,0.02967228,0.06511490287250832,5.0
5766.975723022106,0.097696014,0.06604584248821649,5.0
5767.975724595219,0.04428393,0.0683610605844441,5.1000000000000005
5768.975726168331,0.049989734,0.06724531439409118,5.1000000000000005
5769.975727741443,0.05457462,0.06465679152962422,5.1000000000000005
5770.975729314556,0.13426226,0.06735053122006032,5.1000000000000005
5771.975730887668,0.038338937,0.0679171557197813,5.1000000000000005
5772.97573246078,0.08903466,0.06859370947356687,5.1000000000000005
5773.975734033893,0.048972756,0.06489675848053493,5.1000000000000005
5774.975735607005,0.08360254,0.06560747077462364,4.9
5775.975737180117,0.05541193,0.06526794403893188,4.9
5776.97573875323,0.040888164,0.06476609314764968,4.9
5777.975740326342,0.03821047,0.06186624094110342,4.9
5778.975741899454,0.0803044,0.06031434755710128,5.0
5779.975743472567,0.11627612,0.06265015335993267,5.0
5780.975745045679,0.114953265,0.05978228326647422,5.9
5781.975746618792,0.28884846,0.06373346112917974,5.800000000000001
5782.975748191904,0.5469161,0.06500898640914812,5.800000000000001
5783.975749765016,0.47506896,0.06697988269281116,5.800000000000001
5784.975751338129,0.66008735,0.06907808686541056,5.300000000000001
5785.975752911241,0.6431968,0.07267454908654544,5.300000000000001
5786.975754484353,0.7656086,0.07434817049558914,5.300000000000001
5787.975756057466,0.69075173,0.07683164135539679,5.300000000000001
5788.975757630578,0.753903,0.07917531901519372,5.2
5789.97575920369,0.56340617,0.08066180324860267,5.2
5790.975760776803,0.65994143,0.08273576165556619,5.2
5791.975762349915,0.54372585,0.0802079699489887,5.2
5792.975763923027,0.035916835,0.07814354613759361,5.2
5793.97576549614,0.032831717,0.0792210707012902,8.700000000000001
5794.9757670692525,0.096508555,0.07719250721113809,5.1000000000000005
5795.9757686423645,0.055937957,0.07613212354357213,5.1000000000000005
5796.9757702154775,0.052478697,0.07386758212320477,5.1000000000000005
5797.97577178859,0.10080811,0.07147587398545321,5.300000000000001
5798.975773361702,0.08706252,0.06961371835106571,5.300000000000001
5799.975774934815,0.07593976,0.06928717713748105,5.0
5800.975776507927,0.13392425,0.06784398958918363,5.2
5801.975778081039,0.15644895,0.06573840097563127,5.2
5802.975779654152,0.1003768,0.06620740848500087,5.0
5803.975781227264,0.18443061,0.0641958999738608,5.0
5804.975782800376,0.12867984,0.06229966124232381,5.1000000000000005
5805.975784373489,0.09290606,0.06209036308383256,5.1000000000000005
5806.975785946601,0.17866048,0.06222921369178324,5.1000000000000005
5807.975787519713,0.19908041,0.0647999007590191,5.1000000000000005
5808.975789092826,0.07956019,0.06333698099402542,5.1000000000000005
5809.975790665938,0.08429664,0.06127437093219706,5.1000000000000005
5810.97579223905,0.1578619,0.0615402050945824,5.1000000000000005
5811.975793812163,0.08069878,0.06379159019665902,5.2
5812.975795385275,0.116909206,0.06326225879437036,5.2
5813.975796958387,0.16666855,0.06348160071657828,5.2
5814.9757985315,0.27711815,0.06529387272788163,5.2
5815.975800104612,0.1616418,0.0621221738505916,5.2
5816.975801677724,0.17168088,0.06287735277596958,5.2
5817.975803250837,0.17678873,0.060086607235862094,5.2
5818.975804823949,0.17151837,0.06009448059636834,5.0
5819.975806397061,0.096202865,0.06008230528618798,5.0
5820.975807970174,0.10861947,0.06105359952461329,5.1000000000000005
5821.975809543286,0.24866275,0.05824026840439493,5.0
5822.975811116398,0.25600418,0.058251944020483185,5.1000000000000005
5823.975812689511,0.07550031,0.05634912222471424,5.0
5824.975814262623,0.040198304,0.05527523489212132,5.0
5825.975815835735,0.03091366,0.05762135834228908,5.0
5826.975817408848,0.04347447,0.056234554716453035,5.0
5827.97581898196,0.020380726,0.05776044465022275,5.0
5828.9758205550725,0.041784305,0.05822776161641094,5.0
5829.975822128185,0.06731951,0.057897196992247865,5.0
5830.9758237012975,0.063123025,0.0545183275832917,5.1000000000000005
5831.9758252744095,0.044941626,0.055754617184676794,5.1000000000000005
5832.9758268475225,0.061851908,0.05509585630917793,5.1000000000000005
5833.975828420635,0.069787934,0.056981254795603134,5.1000000000000005
5834.975829993747,0.050331905,0.05672839742812929,5.1000000000000005
5835.97583156686,0.07613462,0.05487324324766826,5.1000000000000005
5836.975833139972,0.039407887,0.05392199299875918,5.1000000000000005
5837.975834713084,0.04241688,0.053246656295929715,5.4
5838.975836286197,0.04674291,0.05241394255649928,5.300000000000001
5839.975837859309,0.19775362,0.0525049026713825,5.300000000000001
5840.975839432421,0.1121125,0.052715035834365105,5.300000000000001
5841.975841005534,0.19260782,0.05217709710255836,5.300000000000001
5842.975842578646,0.07354807,0.05179280410799941,5.2
5843.975844151758,0.09814392,0.05035603008155403,5.2
5844.975845724871,0.0421326,0.04993676929405865,5.2
5845.975847297983,0.054981574,0.048156611800782186,5.2
5846.975848871095,0.081269994,0.050356054640834064,5.2
5847.975850444208,0.11217282,0.05016259426647483,5.1000000000000005
5848.97585201732,0.075400874,0.051548263230914514,5.1000000000000005
5849.975853590432,0.032804452,0.05152317151064711,5.2
5850.975855163545,0.05011412,0.05426379798112052,5.2
5851.975856736657,0.034557696,0.05404280737910782,5.2
5852.975858309769,0.03847588,0.054301074234545006,5.2
5853.975859882882,0.022376537,0.05339619439263072,5.2
5854.975861455994,0.028123941,0.05387454381402106,5.2
5855.975863029106,0.035955895,0.05617078311487156,5.2
5856.975864602219,0.035320822,0.05486997508554172,5.2
5857.975866175331,0.08885566,0.05298970060817039,5.2
5858.975867748443,0.049345702,0.05219979645457854,5.0
5859.975869321556,0.040793363,0.05209654995566302,5.0
5860.975870894668,0.017455254,0.04985290106302802,5.0
5861.97587246778,0.023871621,0.04986589475708055,5.0
5862.975874040893,0.034023963,0.048643497599215185,5.0
5863.975875614005,0.0807698,0.04841528829989367,5.0
5864.9758771871175,0.033844173,0.04818401909421841,5.0
5865.97587876023,0.107413605,0.04624651244460664,5.1000000000000005
5866.9758803333425,0.11773583,0.045701929279467875,5.1000000000000005
5867.975881906455,0.12440543,0.046797705141822556,5.1000000000000005
5868.9758834795675,0.13347328,0.04849359663762697,5.300000000000001
5869.97588505268,0.06255932,0.052015454761796705,5.2
5870.975886625792,0.18540765,0.057583743291441204,5.2
5871.975888198905,0.33294672,0.059462049227517466,5.2
5872.975889772017,0.30194244,0.06019497764415167,5.2
5873.975891345129,0.38909563,0.06148051452111693,5.2
5874.975892918242,0.50651675,0.06113477022377142,5.2
5875.975894491354,0.39699185,0.06287620216316772,5.2
5876.975896064466,0.49143946,0.06257027303736079,5.1000000000000005
5877.975897637579,0.40312955,0.06173488134147401,5.1000000000000005
5878.975899210691,0.59754336,0.06036797326214656,8.1
5879.975900783803,0.21947263,0.05894227807340656,4.800000000000001
5880.975902356916,0.17419744,0.0555655323988956,4.800000000000001
5881.975903930028,0.010567273,0.05337133356811654,4.800000000000001
5882.97590550314,0.013619273,0.05400583001713756,4.800000000000001
5883.975907076253,0.01790152,0.052821769931793223,5.1000000000000005
5884.975908649365,0.039982263,0.05276882820395288,5.0
5885.975910222477,0.036229394,0.05180045502687704,5.1000000000000005
5886.97591179559,0.05809036,0.051458406861753465,5.0
5887.975913368702,0.08463868,0.05261559931786178,5.0
5888.975914941814,0.040478576,0.053028697956295064,5.0
5889.975916514927,0.105504386,0.05357873632240546,5.1000000000000005
5890.975918088039,0.029638484,0.05244885273890168,5.1000000000000005
5891.975919661151,0.030173803,0.0529530715024235,5.1000000000000005
5892.975921234264,0.029931908,0.052644721306433634,5.1000000000000005
5893.975922807376,0.041796163,0.05246292282329734,5.2
5894.975924380488,0.012398144,0.05156686443692149,5.2
5895.975925953601,0.02679318,0.04952439992240348,5.2
5896.975927526713,0.09619559,0.05006281533497998,5.2
5897.975929099825,0.06782434,0.04838696692853767,5.2
5898.975930672938,0.029268239,0.04826646037460905,5.2
5899.97593224605,0.06570429,0.04535592426276801,5.2
5900.9759338191625,0.08477568,0.04326192573067571,5.2
5901.9759353922755,0.10594902,0.04286251782471746,5.2
5902.9759369653875,0.08405844,0.04288929714918762,5.2
5903.9759385385,0.060537186,0.04445859342511561,5.4
5904.9759401116125,0.035779607,0.04564338984889027,5.4
5905.975941684725,0.062110905,0.04594908191646307,5.2
5906.975943257837,0.028542459,0.04786494288480441,5.2
5907.97594483095,0.01899602,0.04918897617604237,5.4
5908.975946404062,0.014154542,0.047195244292146894,5.4
5909.975947977174,0.013237462,0.04830559978018505,5.4
5910.975949550287,0.00869056,0.047389772172203644,5.4
5911.975951123399,0.012181589,0.04851769583470058,5.6000000000000005
5912.975952696511,0.015061264,0.046656632642208457,8.9
5913.975954269624,0.013613707,0.04659874303657926,5.2
5914.975955842736,0.018203447,0.04642296827298685,5.2
5915.975957415848,0.013663851,0.049603347624551666,5.2
5916.975958988961,0.017940693,0.04770618938556285,5.4
5917.975960562073,0.017064517,0.0501051855125261,5.4
5918.975962135185,0.090315595,0.05161914840069953,5.4
5919.975963708298,0.062075377,0.05385095619921992,5.4
5920.97596528141,0.05237953,0.05930373863572585,5.2
5921.975966854522,0.11299473,0.05882112479754856,5.4
5922.975968427635,0.24251659,0.06069819317758528,1.6
5923.975970000747,0.10656999,0.0602546993719844,1.6
5924.975971573859,0.21185738,0.05868246668059798,1.6
5925.975973146972,0.3550875,0.05597978160906991,1.6
5926.975974720084,0.22417618,0.05768673960549997,1.5
5927.975976293196,0.14189218,0.05624429269291898,0.8
5928.975977866309,0.25350264,0.057759392840756416,1.6
5929.975979439421,0.15604107,0.056731718326152265,1.7000000000000002
5930.975981012533,0.23052756,0.052138873633056144,1.7000000000000002
5931.975982585646,0.06717272,0.052912140649389296,3.3000000000000003
5932.975984158758,0.19616623,0.05135859907876107,3.3000000000000003
5933.97598573187,0.029475138,0.0523862830671953,3.3000000000000003
5934.975987304983,0.019252323,0.05490015998659052,3.3000000000000003
5935.975988878095,0.02131954,0.05702220330665852,3.3000000000000003
5936.9759904512075,0.014357895,0.055743306157368076,5.1000000000000005
5937.9759920243205,0.04404372,0.055382391169897544,5.1000000000000005
5938.9759935974325,0.017243454,0.05316257206483075,5.1000000000000005
5939.9759951705455,0.017532213,0.051448224805085305,5.1000000000000005
5940.975996743658,0.020304088,0.051774158015578116,5.1000000000000005
5941.97599831677,0.084938906,0.05114497327634291,5.300000000000001
5942.975999889883,0.019625196,0.05341412895502998,5.0
5943.976001462995,0.05497098,0.05348160661349451,5.2
5944.976003036107,0.08577635,0.052533529456479294,5.2
5945.97600460922,0.10035891,0.05211856933864974,5.2
5946.976006182332,0.07263253,0.05183338387795426,5.2
5947.976007755444,0.028635668,0.05146923721160698,5.2
5948.976009328557,0.056097895,0.05190038384829561,5.2
5949.976010901669,0.102973655,0.05189385300412997,5.2
5950.976012474781,0.11393531,0.05153558013774463,5.300000000000001
5951.976014047894,0.08742294,0.05018017120271943,5.300000000000001
5952.976015621006,0.041281763,0.048385237484780096,5.300000000000001
5953.976017194118,0.047404658,0.04582438314465615,5.300000000000001
5954.976018767231,0.13431114,0.046530421712820534,5.300000000000001
5955.976020340343,0.2842352,0.08026175683402138,1.8
5956.976021913455,0.2660196,0.08569338019496872,1.8
5957.976023486568,0.5204409,0.08919603760235403,2.7
5958.97602505968,0.55663186,0.0902097862067701,2.7
5959.976026632792,0.4768612,0.08923432869073583,2.7
5960.976028205905,0.4366399,0.0882980252168422,2.7
5961.976029779017,0.47204506,0.08816798189430586,2.7
5962.976031352129,0.62935233,0.08709388672848789,2.6
5963.976032925242,0.6973103,0.0864544692892904,2.6
5964.976034498354,0.6221513,0.08483841623542007,2.6
5965.976036071466,0.68399185,0.05103911407954301,2.8000000000000003
5966.976037644579,0.27355343,0.06630533488453959,0.9
5967.976039217691,0.41298676,0.06222701267101544,0.9
5968.976040790803,0.47228104,0.0601660706742105,0.7000000000000001
5969.976042363916,0.44127995,0.06353815110072276,0.7000000000000001
5970.976043937028,0.534273,0.09935678135722904,0.9
5971.9760455101405,0.5383424,0.10220065511550051,0.9
5972.976047083253,0.43763718,0.10538513539892834,0.8
5973.9760486563655,0.5379961,0.1125816566395059,0.9
5974.976050229478,0.5971274,0.11267139743754562,0.9
5975.9760518025905,0.80469877,0.1133913439306492,0.9
5976.976053375703,0.59510964,0.10295186910133505,1.0
5977.976054948815,0.5930553,0.10147395890349917,1.0
5978.976056521928,0.4999869,0.10277730498561423,1.0
5979.97605809504,0.47631454,0.1028924977043684,1.0
5980.976059668152,0.22502509,0.07135042617660563,0.8
5981.976061241265,0.27221572,0.07233090061280084,0.8
5982.976062814377,0.38060802,0.07985515310756593,0.8
5983.976064387489,0.33442968,0.0711553731016454,0.8
5984.976065960602,0.14753798,0.07597167848835973,0.8
5985.976067533714,0.38443634,0.07624230671574597,0.8
5986.976069106826,0.347404,0.09834280774907057,1.1
5987.976070679939,0.6909359,0.10179333370954927,1.1
5988.976072253051,0.82954764,0.1061641167822389,1.4000000000000001
5989.976073826163,0.8333795,0.10766467121857701,0.9
5990.976075399276,0.71136796,0.11093023010253462,0.9
5991.976076972388,0.7773688,0.1216755826961423,0.9
5992.9760785455,0.7084991,0.11475327400312861,1.0
5993.976080118613,0.36750248,0.11669426032764271,1.0
5994.976081691725,0.30202878,0.11494558719203693,1.0
5995.976083264837,0.4026522,0.1190109844289579,1.3
5996.97608483795,0.3118759,0.11375578660613421,0.8
5997.976086411062,0.27358317,0.1125465454518893,1.1
5998.976087984174,0.18830897,0.11086463030285659,1.1
5999.976089557287,0.3548673,0.11028184813277037,1.2000000000000002
6000.976091130399,0.29263115,0.11714161763448316,1.2000000000000002
6001.976092703511,0.2888031,0.11520507180106106,1.2000000000000002
6002.976094276624,0.44340894,0.115571311820118,1.2000000000000002
6003.976095849736,0.4158034,0.11480289816016144,1.2000000000000002
6004.976097422848,0.67692304,0.11494539682076675,1.2000000000000002
6005.976098995961,0.52434564,0.11554413556633898,1.3
6006.976100569073,0.5800812,0.11858920061280245,1.3
6007.9761021421855,0.69356984,0.1172079212203887,1.3
6008.976103715298,0.44362304,0.11428073806843132,1.3
6009.9761052884105,0.35087824,0.11254130351082996,1.1
6010.976106861523,0.4097704,0.10105938856732075,1.4000000000000001
6011.9761084346355,0.23418671,0.0882155599686168,1.2000000000000002
6012.976110007748,0.24181275,0.08871599237295345,1.3
6013.97611158086,0.26675665,0.09340022378447009,1.3
6014.976113153973,0.40483195,0.1262671360625134,1.4000000000000001
6015.976114727085,0.668421,0.1227548129989669,1.0
6016.976116300197,0.5372564,0.10712878834569253,1.1
6017.97611787331,0.78282136,0.1098935597747452,1.1
6018.976119446422,0.5467448,0.12253617168602571,1.1
6019.976121019534,0.5905706,0.12277422832634201,1.1
6020.976122592647,0.64453644,0.12516733558852383,1.1
6021.976124165759,0.41938698,0.12585763269955266,1.1
6022.976125738871,0.55271465,0.1745562001734671,1.3
6023.976127311984,0.4126702,0.17299200546014176,1.3
6024.976128885096,0.28311726,0.15134822250556978,1.3
6025.976130458208,0.72660035,0.15106575364001337,1.3
6026.976132031321,0.71482384,0.151780644445858,1.3
6027.976133604433,0.7854187,0.15073509827582116,1.3
6028.976135177545,0.33134052,0.14316995236306798,1.3
6029.976136750658,0.6280585,0.1578768810748482,1.3
6030.97613832377,0.61261857,0.15573846713997092,1.3
6031.976139896882,0.5409423,0.15568190762140435,1.3
6032.976141469995,0.44311777,0.09542924549433525,1.1
6033.976143043107,0.18545793,0.0953333813222859,1.1
6034.976144616219,0.44676426,0.14493276851224096,1.1
6035.976146189332,0.6301122,0.14693424575515962,1.1
6036.976147762444,0.8860041,0.1494416387792429,1.3
6037.976149335556,0.8234283,0.14963896522476156,1.3
6038.976150908669,0.7144734,0.14857787138780845,1.4000000000000001
6039.976152481781,0.27854857,0.13508534837161,1.4000000000000001
6040.976154054893,0.23121038,0.13836678595739402,1.4000000000000001
6041.976155628006,0.5202695,0.16555550434658925,1.4000000000000001
6042.976157201118,0.46715838,0.16657889911611193,1.4000000000000001
6043.9761587742305,0.4780065,0.16452499866159614,1.4000000000000001
6044.9761603473435,0.15338106,0.1298047752551813,1.0
6045.9761619204555,0.30906424,0.15283705413604984,1.0
6046.976163493568,0.33824,0.15553603567466978,1.6
6047.976165066681,0.35666412,0.1719610885462107,1.3
6048.976166639793,0.34249738,0.17247669146306968,1.3
6049.976168212905,0.33639497,0.1714204626059809,1.3
6050.976169786018,0.5156465,0.17057205308450252,2.7
6051.97617135913,0.6404333,0.14232112085875653,2.7
6052.976172932242,0.37610593,0.14489849798559817,1.4000000000000001
6053.976174505355,0.59659415,0.18321453408095692,2.7
6054.976176078467,0.5777464,0.17945866999069174,1.5
6055.976177651579,0.7719409,0.15899003404369608,1.2000000000000002
6056.976179224692,0.7654943,0.183327695800961,1.4000000000000001
6057.976180797804,0.8186782,0.1814891664265864,1.4000000000000001
6058.976182370916,0.8086309,0.18076996965302167,1.4000000000000001
6059.976183944029,0.44510534,0.19174930641413193,1.4000000000000001
6060.976185517141,0.7156005,0.21988330709512385,1.4000000000000001
6061.976187090253,0.63447046,0.21983120622896762,1.4000000000000001
6062.976188663366,0.67566127,0.21917922250477065,1.7000000000000002
6063.976190236478,0.6434103,0.2171015287731892,1.6
6064.97619180959,0.6262229,0.2425801450404276,1.6
6065.976193382703,0.79165167,0.24960488424388924,1.6
6066.976194955815,0.72021055,0.23093664402627945,1.6
6067.976196528927,0.69540787,0.22309736022135684,1.6
6068.97619810204,0.8332391,0.25827827935199643,1.3
6069.976199675152,0.7430872,0.251572339093515,1.3
6070.976201248264,0.831073,0.22820899202278755,1.7000000000000002
6071.976202821377,0.6874941,0.22991543452943558,1.7000000000000002
6072.976204394489,0.62976325,0.23605809290540547,1.7000000000000002
6073.976205967601,0.5764845,0.21555535891037672,2.0
6074.976207540714,0.7163397,0.21898385734503847,1.6
6075.976209113826,0.5996613,0.2317373775402388,1.6
6076.976210686938,0.7442806,0.23174190542296866,1.6
6077.976212260051,0.7572416,0.23721000182066668,1.6
6078.9762138331635,0.6367788,0.2387292888388286,1.7000000000000002
6079.9762154062755,0.7677764,0.2382306611916429,1.7000000000000002
6080.9762169793885,0.7439627,0.26426973208394083,3.1
6081.9762185525005,0.56750697,0.26247705360645657,3.1
6082.976220125613,0.59321874,0.26325745900685743,3.1
6083.976221698726,0.4829885,0.2628213924070265,3.1
6084.976223271838,0.2370056,0.25464815098729343,3.1
6085.97622484495,0.321459,0.25077527152804263,1.5
6086.976226418063,0.4854283,0.2493213205853136,1.5
6087.976227991175,0.24313143,0.2453099356366573,1.5
6088.976229564287,0.08600312,0.22259724203012962,2.9000000000000004
6089.9762311374,0.084271714,0.22830590502603565,2.9000000000000004
6090.976232710512,0.108653255,0.19875417151044691,1.5
6091.976234283624,0.43089104,0.20534436407815537,1.5
6092.976235856737,0.5533439,0.2215465574471235,1.5
6093.976237429849,0.6232792,0.21824443740501678,1.5
6094.976239002961,0.5066151,0.19788771831490223,1.5
6095.976240576074,0.7548461,0.17801628961878083,1.6
6096.976242149186,0.6258799,0.21592391370333117,1.3
6097.976243722299,0.7322283,0.22574057832848515,1.3
6098.976245295411,0.7712972,0.21473583961328305,1.7000000000000002
6099.976246868523,0.8831096,0.21132440527529414,1.7000000000000002
6100.976248441636,0.8075473,0.219228052687931,1.7000000000000002
6101.976250014748,0.6326388,0.21594739403150626,1.7000000000000002
6102.97625158786,0.357588,0.2480138252760271,1.8
6103.976253160973,0.31726408,0.25255790523315313,1.8
6104.976254734085,0.20553045,0.2516680347361385,1.8
6105.976256307197,0.29180068,0.25132425251330265,1.8
6106.97625788031,0.30582136,0.2210535447007275,1.8
6107.976259453422,0.5244746,0.2287726149593376,1.3
6108.976261026534,0.65943843,0.22603154582206667,1.3
6109.976262599647,0.9132269,0.22228264051743407,1.3
6110.976264172759,0.896407,0.2119088254397467,1.3
6111.976265745871,0.8843543,0.21603776165590532,1.1
6112.976267318984,0.9310674,0.1668911318633176,2.8000000000000003
6113.976268892096,0.89212304,0.1604301957016153,1.2000000000000002
6114.9762704652085,0.830745,0.16150439618454357,1.2000000000000002
6115.976272038321,0.7219303,0.19038794017263025,1.2000000000000002
6116.9762736114335,0.74873537,0.197897395680953,1.2000000000000002
6117.976275184546,0.84436774,0.17204183013687027,1.3
6118.9762767576585,0.75468683,0.173657687570458,1.3
6119.976278330771,0.72510713,0.2007032901043284,1.3
6120.976279903883,0.52881926,0.20210040655218434,1.3
6121.976281476996,0.4143252,0.20142280049409447,1.3
6122.976283050108,0.55927813,0.18290604632177754,1.3
6123.97628462322,0.34039336,0.1815156089685256,1.3
6124.976286196333,0.58259,0.17968140993383006,1.3
6125.976287769445,0.30603534,0.15046801631574538,1.4000000000000001
6126.976289342557,0.47535962,0.1398306532154547,1.8
6127.97629091567,0.7926723,0.1404241823731974,1.8
6128.976292488782,0.7209144,0.13409991619700284,1.4000000000000001
6129.976294061894,0.70777047,0.08647538772916714,4.7
6130.976295635007,0.7570107,0.08339138621894208,3.3000000000000003
6131.976297208119,0.250212,0.06805944009522459,8.9
6132.976298781231,0.37267476,0.06970555185915066,8.9
6133.976300354344,0.3412277,0.06936330704884242,8.9
6134.976301927456,0.3707082,0.06994988730676935,8.9
6135.976303500568,0.32512167,0.06737528944811746,8.9
6136.976305073681,0.22853783,0.0655715230467821,5.6000000000000005
6137.976306646793,0.29493693,0.06356910075954661,5.6000000000000005
6138.976308219905,0.5138527,0.06339869515182983,5.6000000000000005
6139.976309793018,0.2485328,0.06218616963307089,5.6000000000000005
6140.97631136613,0.17798077,0.06302927642841176,4.5
6141.976312939242,0.42689228,0.06013772561736781,4.5
6142.976314512355,0.53641766,0.06114130380922202,4.5
6143.976316085467,0.36566335,0.06114138265190872,4.5
6144.976317658579,0.43494052,0.06142321784453235,4.5
6145.976319231692,0.22016837,0.06130631755898939,9.1
6146.976320804804,0.31198177,0.06131015193128205,4.5
6147.976322377916,0.11435575,0.06019522915453216,4.5
6148.976323951029,0.14438955,0.059510155976637176,9.1
6149.976325524141,0.2762394,0.06064326699965629,5.7
6150.9763270972535,0.26678172,0.06038434114378104,4.5
6151.9763286703665,0.38152048,0.06015250957956438,5.7
6152.9763302434785,0.27677593,0.05891869557341263,5.7
6153.976331816591,0.40649018,0.05817373705039151,5.7
6154.9763333897035,0.493157,0.057463027532585954,5.6000000000000005
6155.976334962816,0.5076364,0.05819941766164473,5.6000000000000005
6156.976336535928,0.33901703,0.0579160460536863,5.6000000000000005
6157.976338109041,0.39089528,0.05706061219728306,4.7
6158.976339682153,0.28894877,0.056113020994333004,4.5
6159.976341255265,0.14787325,0.055512568946453074,4.5
6160.976342828378,0.12052584,0.05496205613639499,4.5
6161.97634440149,0.25640127,0.05441535821374253,4.5
6162.976345974602,0.17667776,0.05362231739481016,4.2
6163.976347547715,0.20429516,0.055304226513191,4.2
6164.976349120827,0.27256572,0.05638139425261653,4.2
6165.976350693939,0.14397644,0.058335144142641814,4.4
6166.976352267052,0.19649144,0.05859432772246159,4.4
6167.976353840164,0.27326688,0.05842197685009755,4.4
6168.976355413276,0.2791558,0.05651752916359524,4.3
6169.976356986389,0.2654435,0.05504123271973442,4.3
6170.976358559501,0.18972698,0.05376162231098201,4.3
6171.976360132613,0.22565478,0.053681021798954814,5.5
6172.976361705726,0.28456804,0.053358046762120276,5.6000000000000005
6173.976363278838,0.49861363,0.051739629880547894,5.5
6174.97636485195,0.3947895,0.0513173346618039,5.5
6175.976366425063,0.5990183,0.08468456191631973,3.8000000000000003
6176.976367998175,0.7858498,0.09304778635871008,2.6
6177.976369571287,0.2718451,0.09512223289591343,4.6000000000000005
6178.9763711444,0.4991567,0.11890925835264933,2.5
6179.976372717512,0.57216614,0.12040426339148462,2.6
6180.976374290624,0.5197236,0.12227712900614164,2.6
6181.976375863737,0.43211594,0.1208463597742555,2.6
6182.976377436849,0.6267344,0.12022708469422864,2.6
6183.976379009961,0.8480808,0.1196135436252721,2.6
6184.976380583074,0.9088233,0.11802498322652559,2.6
6185.976382156186,0.7950656,0.09584083413293855,2.6
6186.9763837292985,0.88404804,0.08661269464124245,1.1
6187.9763853024115,0.890357,0.0844626469455371,1.1
6188.9763868755235,0.72083795,0.04693653140920076,1.1
6189.976388448636,0.7527094,0.04842408967012926,0.9
6190.976390021749,0.23562452,0.042541058935610956,4.0
6191.976391594861,0.27833354,0.04518691077557729,1.2000000000000002
6192.976393167973,0.22033735,0.04587680008701499,1.2000000000000002
6193.976394741086,0.2627971,0.04592753333226325,1.2000000000000002
6194.976396314198,0.22512518,0.046265176553805167,1.2000000000000002
6195.97639788731,0.3065968,0.0461665715257509,2.3000000000000003
6196.976399460423,0.4418539,0.049592923483282016,2.8000000000000003
6197.976401033535,0.55614084,0.05024540859720378,1.5
6198.976402606647,0.6471578,0.048398272287463434,1.3
6199.97640417976,0.6337058,0.043086491194752684,1.1
6200.976405752872,0.59877735,0.04327419963124233,1.5
6201.976407325984,0.43718553,0.04451132578792446,1.5
6202.976408899097,0.50234133,0.043178847084938896,1.5
6203.976410472209,0.4878243,0.042548640750798346,1.5
6204.976412045321,0.7308828,0.042173695019120036,1.5
6205.976413618434,0.6566029,0.03828989986474464,1.5
6206.976415191546,0.5899366,0.033438863863587874,1.5
6207.976416764658,0.53525776,0.028647798359178623,5.2
6208.976418337771,0.48502398,0.027743509006938016,1.5
6209.976419910883,0.5513111,0.024612886696447737,5.4
6210.976421483995,0.47598538,0.023577481718337828,5.4
6211.976423057108,0.16735506,0.015751441985201474,4.0
6212.97642463022,0.4354867,0.013412090471424287,3.3000000000000003
6213.976426203332,0.34853044,0.013784391079905135,3.3000000000000003
6214.976427776445,0.28813258,0.013853607249808032,3.3000000000000003
6215.976429349557,0.19910716,0.014363082740691096,4.5
6216.976430922669,0.18951748,0.01441113530391858,4.5
6217.976432495782,0.13832133,0.013954122565409129,3.4000000000000004
6218.976434068894,0.826333,0.07160081423973426,2.2
6219.976435642006,0.8969467,0.1619398578625351,2.5
6220.976437215119,0.86794955,0.16853713907653226,2.5
6221.9764387882315,0.8971355,0.1689445195881293,2.5
6222.9764403613435,0.90346897,0.169481171404447,2.5
6223.9764419344565,0.9055999,0.17054031222457872,2.5
6224.976443507569,0.91312397,0.1713103511847727,2.5
6225.976445080681,0.89825284,0.1719296101169639,2.4000000000000004
6226.976446653794,0.92114186,0.17293746406983662,2.5
6227.976448226906,0.9300542,0.173743159857754,2.5
6228.976449800018,0.8789799,0.16018090190494522,2.5
6229.976451373131,0.31769574,0.06934083584477496,4.3
6230.976452946243,0.20457569,0.05279061644250615,4.3
6231.976454519355,0.29515898,0.054141960462504815,6.5
6232.976456092468,0.33437097,0.05484980003441724,4.2
6233.97645766558,0.3274443,0.05237890458381674,4.2
6234.976459238692,0.06934408,0.053246237882773495,4.2
6235.976460811805,0.041401003,0.05452224258806705,4.2
6236.976462384917,0.056509327,0.053828328191279654,4.1000000000000005
6237.976463958029,0.06800058,0.05553470003724364,4.1000000000000005
6238.976465531142,0.120228544,0.05795588496577009,4.1000000000000005
6239.976467104254,0.13406858,0.05768677057315627,4.1000000000000005
6240.976468677366,0.18867803,0.058070381724977096,4.1000000000000005
6241.976470250479,0.29312104,0.05710114244985543,4.1000000000000005
6242.976471823591,0.16862123,0.05664784758955574,4.2
6243.976473396703,0.7624794,0.07002533798277062,4.2
6244.976474969816,0.71530443,0.0785312052383312,4.2
6245.976476542928,0.5560547,0.08782482819269452,1.7000000000000002
6246.97647811604,0.7523024,0.08710776139650395,1.7000000000000002
6247.976479689153,0.7822183,0.08438238570532954,1.7000000000000002
6248.976481262265,0.8658648,0.08169974059129329,1.7000000000000002
6249.976482835377,0.8234282,0.08032029376485904,1.7000000000000002
6250.97648440849,0.85444546,0.09488284586805457,1.7000000000000002
6251.976485981602,0.7980193,0.1053769884508034,1.7000000000000002
6252.976487554714,0.6429004,0.137477980205407,1.7000000000000002
6253.976489127827,0.92063856,0.13216960376711037,1.7000000000000002
6254.976490700939,0.88282,0.12779366730910413,1.7000000000000002
6255.976492274052,0.9381904,0.1214816695925537,1.7000000000000002
6256.976493847164,0.9518504,0.12189251253859283,1.7000000000000002
6257.9764954202765,0.93956393,0.12220693561622144,1.7000000000000002
6258.976496993389,0.8546645,0.12343437955336356,1.7000000000000002
6259.9764985665015,0.7384193,0.12458853638117372,1.7000000000000002
6260.976500139614,0.88259906,0.11364632632632851,1.9000000000000001
6261.9765017127265,0.63708705,0.10407773306151838,5.1000000000000005
6262.976503285839,0.17112984,0.054953858617156334,4.9
6263.976504858951,0.2708198,0.05644095875001367,4.2
6264.976506432064,0.28815764,0.055802736576480834,4.2
6265.976508005176,0.42133912,0.05544610017519691,4.5
6266.976509578288,0.73378116,0.054279586252594006,5.4
6267.976511151401,0.46278724,0.0551451982623879,4.5
6268.976512724513,0.30760995,0.054717447877098466,4.5
6269.976514297625,0.5209008,0.053162922471453086,4.5
6270.976515870738,0.19834445,0.05306277413765268,4.4
6271.97651744385,0.29902637,0.0530325569110967,4.4
6272.976519016962,0.25861657,0.050962901611541746,4.4
6273.976520590075,0.3210859,0.0506948098663791,4.5
6274.976522163187,0.268562,0.049261137703204234,4.3
6275.976523736299,0.2625085,0.04894710765634242,4.3
6276.976525309412,0.23884289,0.049625934986437116,4.3
6277.976526882524,0.316722,0.051068251387602355,4.3
6278.976528455636,0.25379014,0.05068573135740925,4.3
6279.976530028749,0.19934589,0.05300422912359869,4.3
6280.976531601861,0.16748603,0.05320635303122546,5.4
6281.976533174973,0.21076077,0.05519314455074188,5.4
6282.976534748086,0.21743354,0.05572194573556255,3.4000000000000004
6283.976536321198,0.33695304,0.05769958033748633,3.4000000000000004
6284.97653789431,0.40502864,0.05872176093920066,4.6000000000000005
6285.976539467423,0.6383217,0.05922459723082853,9.1
6286.976541040535,0.6800565,0.059238459994625965,4.5
6287.976542613647,0.3433998,0.059728486090999754,4.5
6288.97654418676,0.24505892,0.059598177069568596,4.5
6289.976545759872,0.2902838,0.05781827740176964,4.5
6290.976547332984,0.28574255,0.05669556265394877,4.5
6291.976548906097,0.3065936,0.05362595003137247,4.5
6292.976550479209,0.28296253,0.05300363440582881,4.5
6293.9765520523215,0.31981954,0.04902750078354759,8.700000000000001
6294.9765536254345,0.4276989,0.048791881070976616,4.3
6295.9765551985465,0.4054179,0.04881905995708708,6.1000000000000005
6296.976556771659,0.27931437,0.04860611868139015,6.1000000000000005
6297.976558344772,0.26820529,0.05069426530309129,6.1000000000000005
6298.976559917884,0.2620559,0.05165869430048355,6.1000000000000005
6299.976561490996,0.33217365,0.054053896752374354,6.1000000000000005
6300.976563064109,0.17770988,0.055228905755254507,4.9
6301.976564637221,0.17485712,0.0579641746355827,4.9
6302.976566210333,0.20825261,0.059796714068390336,6.2
6303.976567783446,0.43331012,0.07349698280287752,6.2
6304.976569356558,0.5904357,0.07227838117162295,6.2
6305.97657092967,0.54095316,0.07028492704319857,5.0
6306.976572502783,0.8427613,0.07497845581185858,5.0
6307.976574075895,0.8450863,0.08599200700690295,1.6
6308.976575649007,0.72264737,0.0874599971363096,1.6
6309.97657722212,0.7841037,0.08589549608564889,1.6
6310.976578795232,0.82177377,0.08515712361779385,1.6
6311.976580368344,0.79987764,0.08289316896295325,1.6
6312.976581941457,0.6973773,0.08393324108884505,1.6
6313.976583514569,0.691299,0.07335498732371902,2.3000000000000003
6314.976585087681,0.6323765,0.07407001953271114,2.3000000000000003
6315.976586660794,0.6763489,0.07628369379092277,2.3000000000000003
6316.976588233906,0.61105204,0.07250087746833576,4.0
6317.976589807018,0.103547655,0.05608024997894442,4.0
6318.976591380131,0.061248224,0.05198462875954393,4.1000000000000005
6319.976592953243,0.049482744,0.05142338980661487,4.1000000000000005
6320.976594526355,0.013522535,0.04957650841528677,4.1000000000000005
6321.976596099468,0.05976835,0.04889699081893874,4.1000000000000005
6322.97659767258,0.0794339,0.043196383953990475,4.1000000000000005
6323.976599245692,0.0731483,0.046209938237718386,4.1000000000000005
6324.976600818805,0.089082904,0.04801220224781374,4.1000000000000005
6325.976602391917,0.06341011,0.048458655138149634,4.1000000000000005
6326.976603965029,0.059527926,0.048123991907864476,4.1000000000000005
6327.976605538142,0.10921198,0.05335940212832943,4.1000000000000005
6328.976607111254,0.15853289,0.05506348870464127,4.1000000000000005
6329.9766086843665,0.12173796,0.05615365250079484,8.700000000000001
6330.9766102574795,0.181334,0.05781386607188944,8.700000000000001
6331.9766118305915,0.0296208,0.060530520523683094,8.700000000000001
6332.976613403704,0.1406818,0.061304424159765246,8.700000000000001
6333.976614976817,0.13708813,0.05701672129012759,8.700000000000001
6334.976616549929,0.21136275,0.05553349275743513,8.700000000000001
6335.976618123041,0.23132896,0.055307297926836876,4.800000000000001
6336.976619696154,0.50881433,0.0539364565396488,4.3
6337.976621269266,0.40530533,0.05112750707850861,4.6000000000000005
6338.976622842378,0.4646767,0.0503228560465626,9.1
6339.976624415491,0.51563287,0.05019524485723606,5.6000000000000005
6340.976625988603,0.25920627,0.05005970093267087,4.5
6341.976627561715,0.5916652,0.05641159559050756,4.5
6342.976629134828,0.84943354,0.0689452777267314,1.5
6343.97663070794,0.6315784,0.0765381264142192,1.6
6344.976632281052,0.603547,0.08192842087526929,1.5
6345.976633854165,0.6820831,0.0798387388082374,1.5
6346.976635427277,0.67280406,0.08149650204858287,1.5
6347.976637000389,0.6416069,0.07957879436726922,1.5
6348.976638573502,0.5956698,0.08005258208216733,1.5
6349.976640146614,0.7759557,0.08021216223494249,1.5
6350.976641719726,0.7809656,0.08043509269209438,1.5
6351.976643292839,0.96091884,0.07650902286549385,0.9
6352.976644865951,0.9369003,0.06603826106883576,1.2000000000000002
6353.976646439063,0.82867414,0.05760824726521406,5.6000000000000005
6354.976648012176,0.3636639,0.05237853686415945,4.4
6355.976649585288,0.11953343,0.053487479456896456,4.5
6356.9766511584,0.15667209,0.053834896771333816,4.5
6357.976652731513,0.19386786,0.05475243766189227,4.4
6358.976654304625,0.20319039,0.05371762349640406,4.4
6359.976655877737,0.06926205,0.05359631490776656,4.6000000000000005
6360.97665745085,0.10056895,0.053206417838748285,4.6000000000000005
6361.976659023962,0.11947451,0.05429995250588539,4.6000000000000005
6362.976660597074,0.18154147,0.053744778225348774,4.6000000000000005
6363.976662170187,0.1623582,0.05381418211789623,4.6000000000000005
6364.9766637432995,0.45122477,0.05321107072268752,4.5
6365.9766653164115,0.70420414,0.06076664438720071,9.1
6366.9766668895245,0.41896617,0.05940749098022764,9.1
6367.976668462637,0.5605874,0.05947199697387951,4.6000000000000005
6368.976670035749,0.58005553,0.05971889001562617,4.6000000000000005
6369.976671608862,0.8131062,0.06043174482130494,4.6000000000000005
6370.976673181974,0.6826281,0.06152259259529554,4.6000000000000005
6371.976674755086,0.88845265,0.05966456283828129,4.4
6372.976676328199,0.9297742,0.05996349677921258,4.4
6373.976677901311,0.9138423,0.06014744823689988,4.4
6374.976679474423,0.8777981,0.0584448894917616,8.9
6375.976681047536,0.50924724,0.05178688589595198,8.9
6376.976682620648,0.5494482,0.05216915420559976,5.6000000000000005
6377.97668419376,0.48059705,0.05179493243334609,5.6000000000000005
6378.976685766873,0.33261165,0.05090960724092734,5.6000000000000005
6379.976687339985,0.2217486,0.04945892793409268,4.5
6380.976688913097,0.15034181,0.0479836062282568,9.0
6381.97669048621,0.15589936,0.046844677049321125,4.5
6382.976692059322,0.4045505,0.04885164255414368,9.0
6383.976693632434,0.3830892,0.04978369394952111,9.0
6384.976695205547,0.27359414,0.050341342226028464,4.6000000000000005
6385.976696778659,0.20741275,0.050517452261891554,4.6000000000000005
6386.976698351771,0.21622893,0.049391076171546595,4.6000000000000005
6387.976699924884,0.35180253,0.04883303674176856,5.7
6388.976701497996,0.44509435,0.05109850018503921,5.7
6389.976703071108,0.59269387,0.04978175269241528,4.6000000000000005
6390.976704644221,0.18658462,0.05097498301784402,5.7
6391.976706217333,0.20173775,0.05371006509181476,4.5
6392.976707790445,0.3753511,0.05236565573314671,4.5
6393.976709363558,0.22346541,0.05299119440244945,4.5
6394.97671093667,0.36389345,0.052183600062289705,4.5
6395.976712509782,0.3410263,0.05222728511566554,4.5
6396.976714082895,0.2800675,0.05133197980308359,4.5
6397.976715656007,0.6028246,0.05957313147721116,4.5
6398.9767172291195,0.7744779,0.0658813985308905,1.4000000000000001
6399.976718802232,0.65600705,0.08310409674934467,1.4000000000000001
6400.9767203753445,0.6722834,0.08291455659142039,1.5
6401.9767219484565,0.38602373,0.08853760155793067,1.3
6402.9767235215695,0.35278314,0.08849679708610687,1.3
6403.976725094682,0.3270794,0.08699156548168357,1.3
6404.976726667794,0.51751834,0.08577609586483055,1.3
6405.976728240907,0.7723682,0.10050846480437114,1.3
6406.976729814019,0.812885,0.11713920555402876,1.3
6407.976731387131,0.6098156,0.11424923280145248,2.2
6408.976732960244,0.7024809,0.13224102847547325,1.6
6409.976734533356,0.44059685,0.12441006790172715,1.6
6410.976736106468,0.83334285,0.12460675810538573,1.6
6411.976737679581,0.74453646,0.11999941960623463,1.2000000000000002
6412.976739252693,0.82216483,0.11964817360168936,1.2000000000000002
6413.976740825806,0.8904427,0.11979777116047995,2.3000000000000003
6414.976742398918,0.9551629,0.1209289243756801,2.3000000000000003
6415.97674397203,0.9537769,0.10907084141004153,1.1
6416.976745545143,0.97353256,0.09003968280323171,1.8
6417.976747118255,0.94497806,0.08946207023578831,1.8
6418.976748691367,0.36577874,0.05161402424947867,3.8000000000000003
6419.97675026448,0.16394009,0.047871767494986284,3.8000000000000003
6420.976751837592,0.08202411,0.04712197943264005,4.7
6421.976753410704,0.05118815,0.0495088585599541,4.3
6422.976754983817,0.04952268,0.05194807551857616,4.6000000000000005
6423.976756556929,0.08116636,0.052100342159024135,4.6000000000000005
6424.976758130041,0.18238406,0.052180796600761255,4.6000000000000005
6425.976759703154,0.069762625,0.05084560140825011,4.4
6426.976761276266,0.1895403,0.05223493000862197,4.4
6427.976762849378,0.2243304,0.050293791345786744,4.4
6428.976764422491,0.14012139,0.04938105227386277,4.4
6429.976765995603,0.12338333,0.0519003840626024,4.5
6430.976767568715,0.20474485,0.051902439117127656,4.5
6431.976769141828,0.18094008,0.05022396000326664,4.5
6432.97677071494,0.121563345,0.048393911678765715,4.5
6433.976772288052,0.100488834,0.04868732464693418,4.5
6434.976773861165,0.18857594,0.04805942586609931,4.5
6435.976775434277,0.09827668,0.04832201397632382,4.5
6436.9767770073895,0.16218826,0.04704961862072108,4.5
6437.9767785805025,0.1329659,0.04734969503982276,4.4
6438.9767801536145,0.16146769,0.04820163856891349,4.4
6439.976781726727,0.34715322,0.04605316099774052,4.4
6440.97678329984,0.44827604,0.0461212067263246,4.4
6441.976784872952,0.35068738,0.046183920081456935,4.4
6442.976786446064,0.5186785,0.04633080167200696,8.700000000000001
6443.976788019177,0.36751142,0.04557231437585945,8.700000000000001
6444.976789592289,0.14281763,0.044443841230061294,8.700000000000001
6445.976791165401,0.18210705,0.04855626705255889,4.4
6446.976792738514,0.09182526,0.04995820520250025,4.4
6447.976794311626,0.11394318,0.05098918030740121,4.4
6448.976795884738,0.10753652,0.05021755747315266,4.4
6449.976797457851,0.13130939,0.050159926344011556,4.4
6450.976799030963,0.114770524,0.04994982433196598,4.4
6451.976800604075,0.13620786,0.04986813149417763,8.700000000000001
6452.976802177188,0.12960239,0.050152090555529785,4.3
6453.9768037503,0.30393675,0.05236650352430034,4.3
6454.976805323412,0.20695554,0.052948919264086326,4.3
6455.976806896525,0.110121496,0.05100254597257979,4.3
6456.976808469637,0.28056294,0.049370843205166076,4.3
6457.976810042749,0.32076976,0.04845930919830779,4.3
6458.976811615862,0.23259255,0.04887281888659248,9.0
6459.976813188974,0.23824202,0.0475069649904751,9.0
6460.976814762086,0.2637532,0.04849414232508616,9.0
6461.976816335199,0.2384614,0.04906999200411564,4.3
6462.976817908311,0.3947793,0.04914953084062238,4.6000000000000005
6463.976819481423,0.55994767,0.04795421466336494,4.6000000000000005
6464.976821054536,0.584623,0.04884014709799262,4.4
6465.976822627648,0.72354084,0.04870057704621997,4.4
6466.97682420076,0.55009854,0.04937074090736414,4.4
6467.976825773873,0.78247356,0.049807078833462394,4.4
6468.976827346985,0.53070945,0.05203670408020023,4.5
6469.976828920097,0.75456005,0.055378117462515135,4.5
6470.97683049321,0.8146332,0.09846782128452036,0.6000000000000001
6471.9768320663225,0.89689684,0.14243153930189018,1.6
6472.9768336394345,0.8488602,0.15792826423289247,1.5
6473.9768352125475,0.8430763,0.15741176834428047,1.5
6474.9768367856595,0.7168195,0.15677449369642257,1.5
6475.976838358772,0.58205736,0.15717892675072592,1.6
6476.976839931885,0.58324367,0.16207087110753715,1.3
6477.976841504997,0.8060932,0.16317642029832743,1.3
6478.976843078109,0.8238152,0.16203805512624683,1.5
6479.976844651222,0.79701805,0.16095876112681656,1.3
6480.976846224334,0.6839175,0.13803922944161362,1.3
6481.976847797446,0.67427266,0.09097699556565743,1.3
6482.976849370559,0.771502,0.05781591705273388,1.1
6483.976850943671,0.75889903,0.05725714932906656,1.1
6484.976852516783,0.78889483,0.05699377149983369,1.3
6485.976854089896,0.6444195,0.05329826740250504,1.3
6486.976855663008,0.40009373,0.038243972827452954,5.5
6487.97685723612,0.13549832,0.03178553096934157,5.300000000000001
6488.976858809233,0.09489229,0.03280934684597922,5.5
6489.976860382345,0.060684625,0.03642482209171218,5.5
6490.976861955457,0.04388899,0.04080006188457383,5.1000000000000005
6491.97686352857,0.053998377,0.042202872105726943,5.9
6492.976865101682,0.018598028,0.045366666874036884,5.4
6493.976866674794,0.050979517,0.04725665308203607,5.4
6494.976868247907,0.062147863,0.049807477918047585,5.4
6495.976869821019,0.086001836,0.05196737695269667,5.9
6496.976871394131,0.03527599,0.05131976055999461,8.5
6497.976872967244,0.03285165,0.05214308246491927,8.5
6498.976874540356,0.062395386,0.051775342506148056,8.5
6499.976876113468,0.1865544,0.049808903558374806,5.5
6500.976877686581,0.06311328,0.04737017202626193,5.5
6501.976879259693,0.1672709,0.04631445207509182,5.5
6502.976880832805,0.23121798,0.04432960276279987,5.5
6503.976882405918,0.18872254,0.047475501081926386,10.9
6504.97688397903,0.13786323,0.04544745535087928,10.9
6505.976885552142,0.08418162,0.043384552234853865,10.9
6506.976887125255,0.19537161,0.04065777401804058,8.4
6507.9768886983675,0.056577988,0.03956705617986765,5.800000000000001
6508.9768902714795,0.10041556,0.04009412138477844,5.800000000000001
6509.9768918445925,0.05243882,0.04298003148542455,5.800000000000001
6510.976893417705,0.08436607,0.04142404119116009,5.800000000000001
6511.976894990817,0.07680451,0.045244353565591144,8.200000000000001
6512.97689656393,0.15428203,0.043331269395121975,8.200000000000001
6513.976898137042,0.13534604,0.038202847864576873,8.3
6514.976899710154,0.4521889,0.05545817794877378,2.5
6515.976901283267,0.44221,0.0927504389357255,1.3
6516.976902856379,0.6933754,0.13326800241395745,1.5
6517.976904429491,0.5014949,0.15424283410214756,2.3000000000000003
6518.976906002604,0.36669117,0.16216417484621612,2.3000000000000003
6519.976907575716,0.435096,0.17907976897800898,1.5
6520.976909148828,0.26107153,0.20457120121018674,1.8
6521.976910721941,0.10434678,0.21225406586712697,1.8
6522.976912295053,0.08950472,0.22342920681010695,1.6
6523.976913868165,0.06688357,0.2365634772798449,1.6
6524.976915441278,0.056893088,0.2468000073396938,1.6
6525.97691701439,0.0717355,0.24008629123450428,1.6
6526.976918587502,0.077264026,0.2426733321758178,1.5
6527.976920160615,0.05998831,0.2752092948363735,1.5
6528.976921733727,0.048533622,0.2834457011277995,1.5
6529.976923306839,0.14569305,0.27312298615128555,1.5
6530.976924879952,0.10785686,0.25664014914986244,1.7000000000000002
6531.976926453064,0.10897788,0.2501984594886918,1.7000000000000002
6532.976928026176,0.51760805,0.2404134803275692,1.7000000000000002
6533.976929599289,0.6489973,0.22746685538383876,1.7000000000000002
6534.976931172401,0.8148617,0.21243479530217474,1.6
6535.976932745513,0.83513147,0.20729303267021898,1.7000000000000002
6536.976934318626,0.89911926,0.18082074075862323,1.7000000000000002
6537.976935891738,0.8847559,0.09808756930000494,2.0
6538.97693746485,0.86680424,0.04403260913358594,1.9000000000000001
6539.976939037963,0.81471974,0.04392564608077119,1.9000000000000001
6540.976940611075,0.7383885,0.02892870072667596,0.1
6541.9769421841875,0.37727022,0.018137978576432068,7.1000000000000005
6542.9769437573,0.47052318,0.016440599942494725,7.1000000000000005
6543.9769453304125,0.537089,0.014570634323538003,5.1000000000000005
6544.976946903525,0.74466586,0.010746879332089329,5.1000000000000005
6545.9769484766375,0.7849435,0.009773946537086898,4.6000000000000005
6546.97695004975,0.7390687,0.009696905667178141,4.5
6547.976951622862,0.7015123,0.009584201400266865,4.5
6548.976953195975,0.71506417,0.003748510216883702,6.9
6549.976954769087,0.7265082,0.0034715662517019216,9.0
6550.976956342199,0.7844618,0.002452160839060865,9.0
6551.976957915312,0.82699436,0.002271086617274968,9.0
6552.976959488424,0.82877666,0.017815677303216773,0.30000000000000004
6553.976961061536,0.78731,0.06768725456407329,1.4000000000000001
6554.976962634649,0.84722203,0.10595989250020788,1.7000000000000002
6555.976964207761,0.7498743,0.1509383491241692,2.8000000000000003
6556.976965780873,0.68930244,0.15310790892819842,0.9
6557.976967353986,0.53437495,0.15648428330201863,0.9
6558.976968927098,0.68976843,0.15921695965297952,1.0
6559.97697050021,0.8112606,0.1611097067422577,1.0
6560.976972073323,0.8879786,0.16154445831506034,1.0
6561.976973646435,0.9460805,0.17926474886241894,2.9000000000000004
6562.976975219547,0.9015427,0.18504644509954918,2.9000000000000004
6563.97697679266,0.89890003,0.21142579278971765,1.0
6564.976978365772,0.8120389,0.24414416772330363,2.2
6565.976979938884,0.6004875,0.22825245761055574,2.7
6566.976981511997,0.5272213,0.22772816100205173,2.8000000000000003
6567.976983085109,0.618364,0.23073749471023278,2.8000000000000003
6568.976984658222,0.38380593,0.24061060258180703,1.2000000000000002
6569.976986231334,0.5159854,0.24885041587009346,1.2000000000000002
6570.976987804446,0.5322077,0.25763172273038143,1.2000000000000002
6571.976989377559,0.54372644,0.25153660299935077,1.2000000000000002
6572.976990950671,0.3307884,0.25168095300241655,1.2000000000000002
6573.976992523783,0.3050691,0.22236072065603438,1.2000000000000002
6574.976994096896,0.14951457,0.16897016496642442,1.2000000000000002
6575.976995670008,0.12505436,0.15897848495213757,1.2000000000000002
6576.97699724312,0.080358736,0.15959460877067533,1.2000000000000002
6577.976998816233,0.095992096,0.1551820659687114,1.2000000000000002
6578.977000389345,0.14009114,0.14166487362281896,1.2000000000000002
6579.9770019624575,0.17324711,0.12656490059541092,2.2
6580.9770035355705,0.28438565,0.10483038245379644,2.2
6581.9770051086825,0.48761493,0.08894007693720188,2.2
6582.977006681795,0.69356173,0.08003947342672373,2.2
6583.977008254908,0.4449751,0.08879669991247274,2.2
6584.97700982802,0.36439422,0.09635131102496627,2.3000000000000003
6585.977011401132,0.6400498,0.10601336307144274,2.0
6586.977012974245,0.7310898,0.11741633691096096,2.3000000000000003
6587.977014547357,0.7943371,0.11387154775085775,3.2
6588.977016120469,0.82965004,0.11188464238946895,2.2
6589.977017693582,0.4707176,0.11076704295886863,2.2
6590.977019266694,0.6232746,0.11306605015622043,2.2
6591.977020839806,0.48222777,0.11861890910703969,2.2
6592.977022412919,0.6133876,0.11690051064580179,2.2
6593.977023986031,0.57710946,0.1190754409357259,7.2
6594.977025559143,0.39881498,0.1175100553284026,7.6000000000000005
6595.977027132256,0.35957417,0.11204494179211848,9.3
6596.977028705368,0.14032911,0.09771209174806024,2.9000000000000004
6597.97703027848,0.2212597,0.10098150407079856,4.3
6598.977031851593,0.1705347,0.09730179126785407,4.3
6599.977033424705,0.2433371,0.103365284415261,5.1000000000000005
6600.977034997817,0.21947804,0.10546491339288715,4.3
6601.97703657093,0.21918553,0.1007126741844345,4.3
6602.977038144042,0.32874644,0.1046898286658401,9.700000000000001
6603.977039717154,0.12735155,0.09394670381024363,9.700000000000001
6604.977041290267,0.19451177,0.08755244079634071,9.700000000000001
6605.977042863379,0.123634286,0.08162099352771635,9.700000000000001
6606.977044436491,0.164842,0.08864767023888766,9.700000000000001
6607.977046009604,0.3045086,0.08787840042069028,9.700000000000001
6608.977047582716,0.3155048,0.09103006861262909,9.700000000000001
6609.977049155828,0.15868181,0.08284043179675009,9.700000000000001
6610.977050728941,0.28680363,0.07686418789340255,9.700000000000001
6611.977052302053,0.25253662,0.07473767373688255,9.700000000000001
6612.977053875165,0.22534917,0.06720285087891972,9.700000000000001
6613.977055448278,0.51484984,0.0674833897850505,9.700000000000001
6614.9770570213905,0.5817851,0.06718217251366895,9.700000000000001
6615.9770585945025,0.76962924,0.07460932480834334,6.7
6616.9770601676155,0.6405328,0.06708074140856958,6.7
6617.977061740728,0.6689894,0.06125202729957448,6.7
6618.97706331384,0.4472544,0.05851496757508336,5.2
6619.977064886953,0.6661793,0.06712514899000435,5.2
6620.977066460065,0.39333665,0.06815586760352188,5.2
6621.977068033177,0.2795279,0.07040687510330378,5.2
6622.97706960629,0.2651632,0.07347345556806635,5.2
6623.977071179402,0.324619,0.07284494783568393,12.4
6624.977072752514,0.4192418,0.07047235638409595,8.9
6625.977074325627,0.2722753,0.06674860693459876,8.9
6626.977075898739,0.21889207,0.06858484237691594,4.4
6627.977077471851,0.20561019,0.06998139201742201,7.4
6628.977079044964,0.28369185,0.07054788213388699,4.1000000000000005
6629.977080618076,0.19061163,0.06291752819708689,4.1000000000000005
6630.977082191188,0.08162881,0.06479247309239464,4.1000000000000005
6631.977083764301,0.13422239,0.06563483377337082,4.1000000000000005
6632.977085337413,0.10230179,0.06847140688291516,4.1000000000000005
6633.977086910525,0.12886716,0.07421029226714332,4.1000000000000005
6634.977088483638,0.17984363,0.07382363874187516,4.1000000000000005
6635.97709005675,0.1669721,0.06960157454575146,4.1000000000000005
6636.977091629862,0.13559532,0.07460188527839033,4.1000000000000005
6637.977093202975,0.236001,0.0738446241693477,4.1000000000000005
6638.977094776087,0.30582628,0.07938271076066589,7.4
6639.977096349199,0.1715684,0.08038457456191996,4.9
6640.977097922312,0.15172544,0.08243336876967747,11.3
6641.977099495424,0.13645348,0.08218742614352388,8.6
6642.977101068536,0.07446323,0.08593566272175858,8.6
6643.977102641649,0.11323779,0.0846173752568803,5.0
6644.977104214761,0.08116545,0.08649404645872112,5.0
6645.977105787873,0.12819651,0.08593029522200112,5.0
6646.977107360986,0.15147708,0.08278125405893191,8.6
6647.977108934098,0.2309576,0.08981635816185367,5.0
6648.97711050721,0.16780454,0.08317541883165497,5.1000000000000005
6649.977112080323,0.22397728,0.08279792017404208,5.1000000000000005
6650.9771136534355,0.1985486,0.08618565078282835,8.3
6651.9771152265475,0.28449333,0.08947164361319336,9.700000000000001
6652.9771167996605,0.1809698,0.08244045188016359,7.300000000000001
6653.977118372773,0.21347803,0.07797287345907705,4.6000000000000005
6654.977119945885,0.26316604,0.0788381882285746,9.700000000000001
6655.977121518998,0.09889855,0.08118373032220845,4.4
6656.97712309211,0.10781152,0.07799089501573445,9.4
6657.977124665222,0.16031176,0.07125565319432806,9.4
6658.977126238335,0.3426168,0.07709496621556815,4.4
6659.977127811447,0.3541462,0.07881501186007664,9.4
6660.977129384559,0.24277411,0.0715747723259217,9.200000000000001
6661.977130957672,0.22005518,0.07289085936571296,11.100000000000001
6662.977132530784,0.27427796,0.07732823007171588,10.700000000000001
6663.977134103896,0.57320106,0.07723263270250723,10.700000000000001
6664.977135677009,0.64755,0.0755631933693246,10.700000000000001
6665.977137250121,0.45934185,0.07698929836199056,10.600000000000001
6666.977138823233,0.40531287,0.07870246483821222,6.300000000000001
6667.977140396346,0.31440118,0.08809810288208737,10.8
6668.977141969458,0.20799236,0.09126309630692518,4.0
6669.97714354257,0.325086,0.09033157739427343,4.0
6670.977145115683,0.2773732,0.09566176999243935,4.0
6671.977146688795,0.23367621,0.09096922685692883,4.1000000000000005
6672.977148261907,0.101162955,0.08832653689261032,4.0
6673.97714983502,0.10284868,0.08775577710497322,4.0
6674.977151408132,0.09616914,0.08798518253320753,4.0
6675.977152981244,0.08271033,0.08841164817055165,4.0
6676.977154554357,0.1609901,0.08715020993038194,4.2
6677.977156127469,0.17885299,0.07702467190889381,4.2
6678.977157700581,0.19438474,0.07036283293207658,4.2
6679.977159273694,0.100173585,0.07097081176383495,4.2
6680.977160846806,0.11551295,0.0630036726568293,4.2
6681.977162419918,0.1093918,0.06475165295853823,4.2
6682.977163993031,0.14279395,0.06532274799754985,4.2
6683.977165566143,0.12249931,0.06681421542984671,4.2
6684.9771671392555,0.07387335,0.07204464424596266,4.2
6685.977168712368,0.092259996,0.06877904192458421,5.300000000000001
6686.9771702854805,0.03978659,0.07038000312151896,4.4
6687.977171858593,0.061956353,0.0703866816419722,4.4
6688.9771734317055,0.060723364,0.06807172175221905,8.0
6689.977175004818,0.047046144,0.06792127171165065,7.5
6690.97717657793,0.037359044,0.06813368537082176,4.0
6691.977178151043,0.040715072,0.06828706164532895,4.0
6692.977179724155,0.051178742,0.06642526214968361,4.0
6693.977181297267,0.039644483,0.06339996959284147,4.0
6694.97718287038,0.08982875,0.06013015540339428,4.1000000000000005
6695.977184443492,0.11642042,0.05928056085615718,4.1000000000000005
6696.977186016604,0.12711442,0.06351649293388452,4.0
6697.977187589717,0.10017742,0.06585205833714489,4.0
6698.977189162829,0.13988563,0.0772244417179957,4.0
6699.977190735941,0.17340782,0.07820681231308067,4.0
6700.977192309054,0.14363864,0.07877842631536619,4.0
6701.977193882166,0.10732006,0.07946182856981801,4.2
6702.977195455278,0.4399366,0.07793344702650334,4.2
6703.977197028391,0.398953,0.08172582266906415,4.1000000000000005
6704.977198601503,0.2116119,0.07982338624082798,4.1000000000000005
6705.977200174615,0.17713873,0.08056660151382311,4.1000000000000005
6706.977201747728,0.20279488,0.07573178102241218,8.9
6707.97720332084,0.35703388,0.07383626186888675,4.5
6708.977204893952,0.16652383,0.06501906996103965,14.9
6709.977206467065,0.37718174,0.06191304452416635,4.5
6710.977208040177,0.27496776,0.062308181982356284,9.4
6711.977209613289,0.20674407,0.06667400749810291,11.4
6712.977211186402,0.087428845,0.0674260737429361,9.0
6713.977212759514,0.056727786,0.06404292851543418,7.300000000000001
6714.977214332626,0.060988747,0.06482896091503414,4.0
6715.977215905739,0.07084211,0.06427878570141891,4.0
6716.977217478851,0.04658681,0.06717348389058223,11.200000000000001
6717.977219051963,0.041077435,0.06490884010958281,9.0
6718.977220625076,0.025592765,0.061279884430616056,9.8
6719.977222198188,0.023553647,0.06258859363767741,11.200000000000001
6720.9772237713005,0.02145203,0.06226891914068183,9.8
6721.9772253444135,0.045276053,0.05315879708426482,4.3
6722.9772269175255,0.02175536,0.058300842046774805,4.3
6723.977228490638,0.024206543,0.05809607993579469,4.3
6724.9772300637505,0.20319514,0.0785473493340892,4.3
6725.977231636863,0.43066597,0.0888342532708583,4.3
6726.977233209976,0.43497363,0.08548187402626095,4.3
6727.977234783088,0.30041426,0.08486596790385639,4.3
6728.9772363562,0.38305897,0.0833365632269275,4.3
6729.977237929313,0.4457394,0.08159769688694117,4.3
6730.977239502425,0.19875033,0.08285659798373092,4.3
6731.977241075537,0.49328113,0.08680849576560636,4.3
6732.97724264865,0.8156676,0.08308496568521506,4.5
6733.977244221762,0.8228082,0.12700215316330243,2.2
6734.977245794874,0.6902713,0.11750658006514929,1.8
6735.977247367987,0.45913467,0.12289098713243188,1.7000000000000002
6736.977248941099,0.6725989,0.1494892373113495,1.7000000000000002
6737.977250514211,0.4151249,0.15409280699421546,2.1
6738.977252087324,0.2685428,0.15667809563617782,1.8
6739.977253660436,0.16087845,0.1598400510980287,1.8
6740.977255233548,0.41999078,0.1601715897045038,1.8
6741.977256806661,0.6461756,0.16041282022537556,1.8
6742.977258379773,0.57717615,0.16124452247164225,1.8
6743.977259952885,0.6271166,0.13283630357433832,1.9000000000000001
6744.977261525998,0.520268,0.13215105909804487,1.9000000000000001
6745.97726309911,0.8415423,0.12392309261640445,9.0
6746.977264672222,0.5602149,0.09414846282342045,1.7000000000000002
6747.977266245335,0.36710373,0.08790288871611525,6.4
6748.977267818447,0.10049888,0.08552917059034439,6.4
6749.977269391559,0.22095023,0.08941985313190914,6.4
6750.977270964672,0.2344809,0.08974755279855197,10.0
6751.977272537784,0.37863865,0.0868353516019586,10.0
6752.977274110896,0.19507256,0.08637520030892223,10.0
6753.977275684009,0.18384127,0.08290872228515586,8.200000000000001
6754.977277257121,0.22176574,0.08004188331071786,8.1
6755.977278830233,0.23278995,0.0757581873874844,8.1
6756.977280403346,0.3342131,0.07370114895592275,8.1
6757.9772819764585,0.2702781,0.07498032647262015,8.1
6758.9772835495705,0.17377049,0.07268938490730478,1.0
6759.9772851226835,0.32998934,0.07464957370801616,1.6
6760.977286695796,0.3254163,0.07514051459167874,7.6000000000000005
6761.977288268908,0.50958216,0.0732713481949156,1.3
6762.977289842021,0.5254828,0.0732597190855135,1.3
6763.977291415133,0.36919576,0.07776759912606601,0.9
6764.977292988245,0.13633272,0.07835517290984595,1.2000000000000002
6765.977294561358,0.25009042,0.08256078082719609,1.2000000000000002
6766.97729613447,0.114306286,0.08059965642382867,1.4000000000000001
6767.977297707582,0.21368687,0.0828647386775685,1.4000000000000001
6768.977299280695,0.32227865,0.0872896276779957,1.4000000000000001
6769.977300853807,0.09671809,0.08069812800825085,11.600000000000001
6770.977302426919,0.12586732,0.07880711607184289,1.0
6771.977304000032,0.1342083,0.08081281566738448,9.4
6772.977305573144,0.204264,0.08007892497208602,9.4
6773.977307146256,0.1149922,0.07722259403068656,9.4
6774.977308719369,0.26925793,0.0770020222516475,11.600000000000001
6775.977310292481,0.16483362,0.07330845261704694,1.2000000000000002
6776.977311865593,0.31889763,0.07385402128618165,1.2000000000000002
6777.977313438706,0.14096613,0.06765902652590215,1.2000000000000002
6778.977315011818,0.09360631,0.06623597529681201,1.2000000000000002
6779.97731658493,0.22625653,0.05920408467835703,0.6000000000000001
6780.977318158043,0.08004801,0.061491773121973646,3.4000000000000004
6781.977319731155,0.10082905,0.06599009632811478,3.4000000000000004
6782.977321304267,0.17506018,0.06735032770097014,3.4000000000000004
6783.97732287738,0.16513531,0.06496852113618666,3.4000000000000004
6784.977324450492,0.2039578,0.06849811072486182,3.4000000000000004
6785.977326023604,0.19685598,0.06544665986787283,3.4000000000000004
6786.977327596717,0.24735925,0.0645191013631329,3.4000000000000004
6787.977329169829,0.2870914,0.07823853420652974,3.4000000000000004
6788.977330742941,0.39656955,0.07585439196883212,6.7
6789.977332316054,0.51966554,0.07730972130582618,6.7
6790.977333889166,0.29726106,0.07404796793495586,6.7
6791.9773354622785,0.42737976,0.07056542990917612,6.7
6792.977337035391,0.5073712,0.06998667029593947,6.7
6793.9773386085035,0.4279617,0.07189336763595584,6.7
6794.977340181616,0.39028198,0.06793221037654831,4.5
6795.9773417547285,0.58668125,0.0699116337586542,4.5
6796.977343327841,0.29192412,0.07539858630004002,1.2000000000000002
6797.977344900953,0.15553488,0.06438811185520632,6.5
6798.977346474066,0.11730851,0.06354088490210902,6.5
6799.977348047178,0.21204078,0.06577692296327456,5.7
6800.97734962029,0.31114507,0.06864018044157266,1.2000000000000002
6801.977351193403,0.06863974,0.07105770037483489,7.6000000000000005
6802.977352766515,0.16374868,0.07120882507379318,7.6000000000000005
6803.977354339627,0.11108768,0.07210390632560329,1.0
6804.97735591274,0.33475,0.0702891573562071,1.0
6805.977357485852,0.1177613,0.07709798550995306,1.0
6806.977359058964,0.3551598,0.07360159485696718,1.0
6807.977360632077,0.22640419,0.0719486790106068,1.0
6808.977362205189,0.3058643,0.07292726999473437,1.0
6809.977363778301,0.2775862,0.07327906416156016,1.0
6810.977365351414,0.2869349,0.07357416657878127,1.0
6811.977366924526,0.35764626,0.07179249522950137,1.0
6812.977368497638,0.38345212,0.07282587554688186,1.0
6813.977370070751,0.36325425,0.07126325726422601,7.9
6814.977371643863,0.1965804,0.07892297225579632,1.3
6815.977373216975,0.33360073,0.07170261444070392,7.9
6816.977374790088,0.35272947,0.06927888426311143,1.5
6817.9773763632,0.24849351,0.0696156566622951,1.5
6818.977377936312,0.21070139,0.06975877133374356,1.5
6819.977379509425,0.09583596,0.06622203238510081,4.0
6820.977381082537,0.08448595,0.06487859568962605,1.5
6821.977382655649,0.091814384,0.06879545793043229,4.5
6822.977384228762,0.20223768,0.06633349839558585,4.5
6823.977385801874,0.029771235,0.06728518383211146,4.0
6824.977387374986,0.046307355,0.0645229537826145,4.0
6825.977388948099,0.032552905,0.06624478596619593,0.8
6826.977390521211,0.047986977,0.06891660722407188,0.8
6827.9773920943235,0.019205496,0.06894635377969478,0.8
6828.977393667436,0.0868303,0.07973164399667859,0.8
6829.9773952405485,0.09354299,0.08101512342784212,2.7
6830.977396813661,0.1766208,0.0796546967126367,0.7000000000000001
6831.9773983867735,0.46982285,0.07625511968479201,0.8
6832.977399959886,0.62164783,0.07901806187773798,0.8
6833.977401532998,0.7267311,0.0757880949573038,3.5
6834.977403106111,0.83357114,0.12090105689613963,2.2
6835.977404679223,0.6482419,0.1229931163622204,2.2
6836.977406252335,0.82765394,0.16151287757980026,1.9000000000000001
6837.977407825448,0.6679906,0.16209514099510305,1.9000000000000001
6838.97740939856,0.6929569,0.1633714726380973,2.4000000000000004
6839.977410971672,0.63914174,0.1637152256742397,2.4000000000000004
6840.977412544785,0.3487249,0.16898786807943394,1.2000000000000002
6841.977414117897,0.0702277,0.17381824163428455,1.2000000000000002
6842.977415691009,0.138796,0.1751616298712276,2.9000000000000004
6843.977417264122,0.07066032,0.1864747270820586,2.9000000000000004
6844.977418837234,0.1731346,0.16473564895727102,2.9000000000000004
6845.977420410346,0.15247986,0.1660943111296231,2.9000000000000004
6846.977421983459,0.108273484,0.1298725859867834,2.2
6847.977423556571,0.18156621,0.12958982790908205,2.2
6848.977425129683,0.30001608,0.12775904538987284,3.9000000000000004
6849.977426702796,0.29514295,0.14559596098318459,2.2
6850.977428275908,0.33568782,0.141953444673791,2.2
6851.97742984902,0.3496109,0.1342481522970248,2.2
6852.977431422133,0.2400505,0.13160075181330735,2.2
6853.977432995245,0.52824414,0.1175114013425587,2.2
6854.977434568357,0.45933503,0.11429593587850963,2.2
6855.97743614147,0.7086412,0.11568306121118782,2.2
6856.977437714582,0.8301433,0.11707126863216823,2.2
6857.977439287694,0.6699721,0.11679761633862033,1.4000000000000001
6858.977440860807,0.84848046,0.11329282823727747,1.2000000000000002
6859.977442433919,0.2985783,0.08812048711322482,1.2000000000000002
6860.977444007031,0.45867422,0.08481586614577605,1.2000000000000002
6861.977445580144,0.6690727,0.0856583920943021,3.9000000000000004
6862.977447153256,0.29355958,0.09038802087858168,1.2000000000000002
6863.9774487263685,0.24475913,0.09039352286813435,1.2000000000000002
6864.9774502994815,0.057198692,0.08538873718513447,4.4
6865.9774518725935,0.06045933,0.07615385635966496,1.4000000000000001
6866.977453445706,0.029107653,0.07011090354048909,1.0
6867.977455018819,0.13243446,0.07402180782993417,1.0
6868.977456591931,0.071019985,0.07176011989387865,1.4000000000000001
6869.977458165043,0.16541575,0.07789573392999909,1.8
6870.977459738156,0.2876593,0.07608000805374483,1.8
6871.977461311268,0.18676329,0.07611796543422558,1.8
6872.97746288438,0.3130616,0.07088432908029693,1.0
6873.977464457493,0.23884466,0.07274412663487309,1.0
6874.977466030605,0.20412925,0.07465108986247156,1.0
6875.977467603717,0.06773906,0.07901696645168135,1.2000000000000002
6876.97746917683,0.15952896,0.08400571856048622,1.7000000000000002
6877.977470749942,0.115157604,0.08511924085632355,0.9
6878.977472323054,0.0477259,0.08381854526209272,0.9
6879.977473896167,0.06480221,0.08690927859300245,0.9
6880.977475469279,0.09722344,0.08879450642117362,0.9
6881.977477042391,0.16639388,0.08935216330502502,0.9
6882.977478615504,0.22784187,0.08816389343175028,0.8
6883.977480188616,0.07747268,0.08527827142836221,0.8
6884.977481761729,0.2404993,0.0868257044012293,7.4
6885.977483334841,0.17294031,0.08046063134455882,7.4
6886.977484907953,0.19070414,0.07805319827765926,7.4
6887.977486481066,0.047049217,0.07552827426062056,8.5
6888.977488054178,0.27316606,0.07275329313385588,8.5
6889.97748962729,0.03866299,0.06005791858828056,7.5
6890.977491200403,0.044927534,0.05930447215571537,3.3000000000000003
6891.977492773515,0.07476972,0.05694876261880438,11.200000000000001
6892.977494346627,0.29284823,0.06522103414069888,11.200000000000001
6893.97749591974,0.17465499,0.0696830016835123,6.4
6894.977497492852,0.32612258,0.066790390005623,6.4
6895.977499065964,0.15420175,0.07027834233177067,7.2
6896.977500639077,0.30007437,0.0698633649214788,3.5
6897.977502212189,0.29457822,0.06522213230307108,3.5
6898.977503785301,0.47113565,0.06530328988866449,3.5
6899.977505358414,0.22148874,0.06798786674350656,3.5
6900.9775069315265,0.3241369,0.06771348085804073,3.5
6901.9775085046385,0.49338567,0.09812247983729752,6.300000000000001
6902.9775100777515,0.66644657,0.09723219287109719,3.5
6903.977511650864,0.5055629,0.09131550587920192,2.4000000000000004
6904.977513223976,0.51157767,0.08958094323939922,2.4000000000000004
6905.977514797089,0.6590295,0.08689547762686993,2.4000000000000004
6906.977516370201,0.45595306,0.08595799599425323,2.4000000000000004
6907.977517943313,0.70947164,0.08587433878110022,2.4000000000000004
6908.977519516426,0.6673842,0.10602685334259443,2.4000000000000004
6909.977521089538,0.59649855,0.10643961657620747,3.7
6910.97752266265,0.52151346,0.12367976626039716,2.1
6911.977524235763,0.65145564,0.10159892275819314,2.1
6912.977525808875,0.6983509,0.09709088654984421,3.9000000000000004
6913.977527381987,0.83956337,0.09736460372299112,3.9000000000000004
6914.9775289551,0.7620155,0.09932411801822114,3.9000000000000004
6915.977530528212,0.8036762,0.10119246419002098,2.1
6916.977532101324,0.60295516,0.10090444779533046,2.1
6917.977533674437,0.55052435,0.10172962349032641,2.1
6918.977535247549,0.38640836,0.0816978440544854,2.1
6919.977536820661,0.46656346,0.07947923522620393,2.1
6920.977538393774,0.2866977,0.04505287668096623,4.2
6921.977539966886,0.11833792,0.04492092922188662,2.0
6922.977541539998,0.07560277,0.047453232562109544,2.0
6923.977543113111,0.18487488,0.04872708470491302,2.0
6924.977544686223,0.4626892,0.045252091347946964,0.9
6925.977546259335,0.4459843,0.0428310800517199,0.7000000000000001
6926.977547832448,0.14346287,0.03999578309885681,0.9
6927.97754940556,0.09140889,0.03939571766312214,1.1
6928.977550978672,0.007772309,0.03900313949821088,8.700000000000001
6929.977552551785,0.017665459,0.04003824209111746,8.3
6930.977554124897,0.010797298,0.03999372922765416,5.6000000000000005
6931.977555698009,0.029808052,0.04740566340883153,1.7000000000000002
6932.977557271122,0.023103401,0.04658195310192787,5.7
6933.977558844234,0.063980006,0.04522019437950642,5.7
6934.9775604173465,0.02237559,0.046331213130312056,5.7
6935.977561990459,0.042555876,0.0454844318469209,5.7
6936.9775635635715,0.08666309,0.04816435656139553,2.9000000000000004
6937.977565136684,0.07712949,0.04921047854414412,2.9000000000000004
6938.9775667097965,0.10416592,0.049515693073446845,2.9000000000000004
6939.977568282909,0.03537912,0.04870455165179918,2.9000000000000004
6940.977569856021,0.08352304,0.05189599546319976,2.9000000000000004
6941.977571429134,0.22923753,0.04575902076343847,2.9000000000000004
6942.977573002246,0.24439824,0.04870206707012788,0.9
6943.977574575358,0.1815405,0.05072848103710144,0.9
6944.977576148471,0.2574218,0.05048717618170792,4.800000000000001
6945.977577721583,0.14636149,0.05079519318245503,4.800000000000001
6946.977579294695,0.3151416,0.04900610240546088,4.800000000000001
6947.977580867808,0.26410618,0.047766720827857455,0.9
6948.97758244092,0.10996116,0.048159208600656436,1.3
6949.977584014032,0.11361224,0.05009768676934397,1.3
6950.977585587145,0.104706995,0.047740800394527265,6.2
6951.977587160257,0.03518731,0.05056221612211155,0.8
6952.977588733369,0.052194234,0.04799246590460339,0.8
6953.977590306482,0.019077046,0.04914027790688603,0.8
6954.977591879594,0.0421914,0.049736267399458536,0.8
6955.977593452706,0.036739036,0.05085488375913818,0.8
6956.977595025819,0.06431523,0.05250430296001919,3.3000000000000003
6957.977596598931,0.027507706,0.05281765473205501,0.7000000000000001
6958.977598172043,0.055815026,0.05895062734172259,3.3000000000000003
6959.977599745156,0.23118886,0.08996996238386419,6.2
6960.977601318268,0.34436992,0.08904756460570469,6.5
6961.97760289138,0.39370793,0.08669607516340187,7.0
6962.977604464493,0.46115023,0.08556853462470346,7.0
6963.977606037605,0.14108002,0.0834977125928453,7.0
6964.977607610717,0.18087894,0.08228178176075279,6.5
6965.97760918383,0.1466904,0.08101895352047316,6.4
6966.977610756942,0.5486764,0.12965244515839397,6.4
6967.977612330054,0.67564607,0.157636401156737,6.0
6968.977613903167,0.7351586,0.15806430493046764,1.5
6969.977615476279,0.63965327,0.1722317175540838,3.0
6970.9776170493915,0.61825544,0.21631652502229645,3.1
6971.977618622504,0.72693694,0.2558192147860176,3.3000000000000003
6972.9776201956165,0.74063313,0.2763999463531625,3.3000000000000003
6973.977621768729,0.62287563,0.30682226575783056,3.3000000000000003
6974.9776233418415,0.72442347,0.3154926032080232,3.3000000000000003
6975.977624914954,0.48108035,0.32158490699086617,3.3000000000000003
6976.977626488066,0.3544335,0.32328789347795756,3.2
6977.977628061179,0.34128007,0.3264991332677355,3.3000000000000003
6978.977629634291,0.74582934,0.3507664224913375,3.3000000000000003
6979.977631207403,0.713458,0.3683884076290117,3.3000000000000003
6980.977632780516,0.85743076,0.3659003270591965,3.5
6981.977634353628,0.87193894,0.35690551200860743,3.5
6982.97763592674,0.93486905,0.3564009820594194,7.1000000000000005
6983.977637499853,0.91477716,0.3487144446150128,7.1000000000000005
6984.977639072965,0.9430122,0.36517476434846,7.1000000000000005
6985.977640646077,0.8706477,0.3809474074379264,7.1000000000000005
6986.97764221919,0.8898994,0.386533592746558,7.1000000000000005
6987.977643792302,0.9092877,0.3911266833914776,7.1000000000000005
6988.977645365414,0.93017423,0.39233867430142133,7.1000000000000005
6989.977646938527,0.87895256,0.37996685815055253,7.1000000000000005
6990.977648511639,0.8522978,0.3822571668309821,7.1000000000000005
6991.977650084751,0.87412435,0.39075955785577976,7.1000000000000005
6992.977651657864,0.87115127,0.3930789431946969,3.5
6993.977653230976,0.75611216,0.40534089235093423,3.5
6994.977654804088,0.83579654,0.40170639246005135,3.5
6995.977656377201,0.8118398,0.4035987984154868,3.5
6996.977657950313,0.6975107,0.4419507697451462,3.5
6997.977659523425,0.7149814,0.43851475593411127,3.5
6998.977661096538,0.7899502,0.4577067747381369,3.5
6999.97766266965,0.8484631,0.4669782659407512,3.5
7000.977664242762,0.7033689,0.47759490164553214,3.5
7001.977665815875,0.89625233,0.4808739414740542,3.5
7002.977667388987,0.86102355,0.4801037684096074,3.5
7003.977668962099,0.7454323,0.47546531651953394,3.5
7004.977670535212,0.55776834,0.4645013938900016,3.5
7005.977672108324,0.48404488,0.4577647999264377,3.5
7006.9776736814365,0.39305705,0.4066330098391446,3.6
7007.9776752545495,0.58309275,0.4117649197897489,3.6
7008.9776768276615,0.3571939,0.3730029970162321,3.6
7009.977678400774,0.5714286,0.36035881256636043,3.6
7010.977679973887,0.49321365,0.35421247531297134,2.2
7011.977681546999,0.49488336,0.33618977106611425,2.2
7012.977683120111,0.53293806,0.3342139303694916,2.2
7013.977684693224,0.43380314,0.3144102234285392,2.2
7014.977686266336,0.5273284,0.3283989053345288,2.2
7015.977687839448,0.41819137,0.3180670146755651,2.2
7016.977689412561,0.340863,0.33596708266873215,2.2
7017.977690985673,0.41099918,0.3378903712652757,2.2
7018.977692558785,0.28417128,0.34897431466471496,1.1
7019.977694131898,0.45566818,0.3534724761119952,3.7
7020.97769570501,0.61528426,0.33716757564673144,3.7
7021.977697278122,0.5410441,0.3499802135668242,3.7
7022.977698851235,0.5488389,0.36596419963385407,3.7
7023.977700424347,0.8151994,0.37819875329620756,3.8000000000000003
7024.977701997459,0.8085406,0.37961041770566045,3.8000000000000003
7025.977703570572,0.8810787,0.3936621372457252,3.8000000000000003
7026.977705143684,0.8646521,0.3924986440047963,3.8000000000000003
7027.977706716796,0.8979144,0.4018151242724418,3.8000000000000003
7028.977708289909,0.92097676,0.40523075108186235,3.8000000000000003
7029.977709863021,0.9294252,0.41719595026368556,3.8000000000000003
7030.977711436133,0.9011804,0.43666568268329553,3.8000000000000003
7031.977713009246,0.95912105,0.4418080811910406,3.8000000000000003
7032.977714582358,0.92492396,0.45322034506239267,3.8000000000000003
7033.97771615547,0.9807602,0.45719957594996913,3.8000000000000003
7034.977717728583,0.91673684,0.45746977368430336,3.8000000000000003
7035.977719301695,0.9703589,0.4671908593582708,3.8000000000000003
7036.977720874807,0.94155264,0.49472785304484124,3.8000000000000003
7037.97772244792,0.95151395,0.5028469189385857,3.8000000000000003
7038.977724021032,0.9418804,0.5280317010867113,3.8000000000000003
7039.977725594144,0.92383313,0.5320156892555351,3.8000000000000003
7040.977727167257,0.85659707,0.5365796095929894,3.8000000000000003
7041.9777287403695,0.80154335,0.5552929432932013,3.8000000000000003
7042.977730313482,0.7828553,0.5351535811894405,3.9000000000000004
7043.9777318865945,0.822107,0.5512454553313489,3.8000000000000003
7044.9777334597065,0.6771882,0.5553641426377869,3.8000000000000003
7045.9777350328195,0.6219256,0.5405937161649431,3.8000000000000003
7046.977736605932,0.3326903,0.5209964922193078,3.9000000000000004
7047.977738179044,0.40785193,0.4960792305484048,3.9000000000000004
7048.977739752157,0.49276584,0.473234134521936,3.7
7049.977741325269,0.4482918,0.46116930688856805,2.4000000000000004
7050.977742898381,0.48144484,0.433404618125763,2.4000000000000004
7051.977744471494,0.39880362,0.4038811653249029,2.4000000000000004
7052.977746044606,0.36097723,0.4003345161025771,2.4000000000000004
7053.977747617718,0.24229586,0.3793486841878221,2.4000000000000004
7054.977749190831,0.33433023,0.36981038793039284,3.5
7055.977750763943,0.29396662,0.37216006719618133,2.3000000000000003
7056.977752337055,0.35741845,0.34558442979650794,2.3000000000000003
7057.977753910168,0.5628665,0.33745177064229753,2.3000000000000003
7058.97775548328,0.41048318,0.30746178088654313,2.3000000000000003
7059.977757056392,0.4703167,0.27633877452850086,2.3000000000000003
7060.977758629505,0.7053993,0.26390487057685247,2.3000000000000003
7061.977760202617,0.74613005,0.22772927768210535,2.3000000000000003
7062.977761775729,0.6716793,0.21274870923467057,3.3000000000000003
7063.977763348842,0.19984514,0.1645635564980224,2.0
7064.977764921954,0.30943203,0.15400354979505854,2.0
7065.977766495066,0.28624704,0.1539427540277678,6.300000000000001
7066.977768068179,0.27095628,0.17230407519675137,3.6
7067.977769641291,0.23968898,0.19268652545417062,3.6
7068.977771214403,0.1589219,0.21356748078046048,3.5
7069.977772787516,0.10795982,0.2417112144474002,3.5
7070.977774360628,0.16304891,0.276339302462086,3.5
7071.97777593374,0.20284337,0.30375776335207283,3.5
7072.977777506853,0.5552171,0.33265202353466655,3.5
7073.977779079965,0.79200417,0.34653047553215854,3.5
7074.977780653077,0.88032556,0.36565332112526266,3.6
7075.97778222619,0.79380894,0.37579378244957906,3.6
7076.977783799302,0.934227,0.38450272008601305,3.6
7077.9777853724145,0.8574607,0.39828808142142125,3.6
7078.977786945527,0.95587873,0.40769866438438845,3.6
7079.9777885186395,0.9558089,0.41298792467770024,3.6
7080.977790091752,0.9608216,0.41635466591344944,3.7
7081.9777916648645,0.9057542,0.41634415754642545,3.7
7082.977793237977,0.9155541,0.4134858150152902,3.7
7083.977794811089,0.9493203,0.4194356012710473,3.7
7084.977796384202,0.91354203,0.4130836160141458,7.2
7085.977797957314,0.89776284,0.41006442973385065,7.2
7086.977799530426,0.9009032,0.4106395366162304,3.6
7087.977801103539,0.8528758,0.4109822229225099,3.6
7088.977802676651,0.81813544,0.41330678598060366,3.6
7089.977804249763,0.7902223,0.4285628038366663,3.6
7090.977805822876,0.775573,0.4326375407955271,3.6
7091.977807395988,0.6935593,0.4303944904854186,3.6
7092.9778089691,0.81460905,0.438270698696449,3.6
7093.977810542213,0.4682613,0.4366143785069723,3.6
7094.977812115325,0.32825926,0.4396096607622864,3.6
7095.977813688437,0.5545983,0.441197669103201,3.6
7096.97781526155,0.5657679,0.43105246054439333,3.6
7097.977816834662,0.44063783,0.42627393701092103,3.6
7098.977818407774,0.4041688,0.4131025837093583,2.4000000000000004
7099.977819980887,0.387084,0.3869600390401734,2.4000000000000004
7100.977821553999,0.5339743,0.3765643975106135,3.6
7101.977823127111,0.65610015,0.3623848937074772,3.6
7102.977824700224,0.5221161,0.3561619678429418,3.6
7103.977826273336,0.6732056,0.3430749805608898,3.6
7104.977827846448,0.58945453,0.32832802678752865,2.4000000000000004
7105.977829419561,0.35108876,0.3168275409742616,2.4000000000000004
7106.977830992673,0.3444461,0.318289904288206,2.4000000000000004
7107.977832565785,0.4869719,0.3088756131537535,3.5
7108.977834138898,0.3722245,0.30786266643374005,2.4000000000000004
7109.97783571201,0.39403418,0.30999355762827546,2.4000000000000004
7110.977837285122,0.5247396,0.3093539549227365,2.4000000000000004
7111.977838858235,0.6341182,0.3256259148335292,3.8000000000000003
7112.977840431347,0.7483295,0.32089637300280993,3.8000000000000003
7113.9778420044595,0.8702168,0.3426474555619785,3.8000000000000003
7114.9778435775725,0.89028925,0.3483479394770501,3.9000000000000004
7115.9778451506845,0.9063143,0.35386955086771005,3.9000000000000004
7116.977846723797,0.93516326,0.3671193383111305,3.9000000000000004
7117.9778482969095,0.9323451,0.37122041779164433,3.9000000000000004
7118.977849870022,0.96174264,0.3769573095573241,3.9000000000000004
7119.977851443134,0.9549241,0.3793701338989005,7.7
7120.977853016247,0.9255204,0.3732647366779209,7.7
7121.977854589359,0.9306598,0.38334261199092423,7.7
7122.977856162471,0.9601445,0.38060311518916073,3.8000000000000003
7123.977857735584,0.969277,0.3715391605631939,3.8000000000000003
7124.977859308696,0.9483306,0.37483660305074,3.8000000000000003
7125.977860881808,0.9262282,0.3733185397944226,3.8000000000000003
7126.977862454921,0.9600967,0.3784404090442761,3.8000000000000003
7127.977864028033,0.9658301,0.40304977197680325,3.8000000000000003
7128.977865601145,0.9530141,0.4044924960737863,3.8000000000000003
7129.977867174258,0.9030733,0.4114493123656138,3.8000000000000003
7130.97786874737,0.9284796,0.42479594189094366,3.8000000000000003
7131.977870320482,0.898193,0.4310391188221471,3.8000000000000003
7132.977871893595,0.6931351,0.44057490154876755,3.8000000000000003
7133.977873466707,0.769454,0.44427970154982227,3.8000000000000003
7134.977875039819,0.5550682,0.4303971154157537,3.8000000000000003
7135.977876612932,0.45093217,0.4160556000725079,3.8000000000000003
7136.977878186044,0.2958356,0.39239640511930457,3.7
7137.977879759156,0.52142173,0.3489533873749823,3.8000000000000003
7138.977881332269,0.7569473,0.33152941417483694,3.8000000000000003
7139.977882905381,0.8989461,0.3034844555617425,3.9000000000000004
7140.977884478493,0.9148816,0.26314358862433895,3.9000000000000004
7141.977886051606,0.7866461,0.2064189841585334,3.9000000000000004
7142.977887624718,0.7331202,0.14049744499315506,4.0
7143.97788919783,0.6975265,0.09549920998915762,0.1
7144.977890770943,0.69601387,0.14333622848595765,2.6
7145.977892344055,0.7775403,0.25784368295673155,2.8000000000000003
7146.977893917167,0.64568293,0.33451779225426137,2.9000000000000004
7147.97789549028,0.53678435,0.36371562569052507,2.9000000000000004
7148.977897063392,0.29664773,0.4012607806928941,2.9000000000000004
7149.9778986365045,0.15233636,0.4305443976453439,2.9000000000000004
7150.9779002096175,0.23848039,0.4770256806799698,2.9000000000000004
7151.9779017827295,0.18990608,0.5106859886812296,2.9000000000000004
7152.977903355842,0.07713251,0.539107798794276,2.9000000000000004
7153.977904928955,0.0588575,0.5626827427943722,2.9000000000000004
7154.977906502067,0.15598644,0.5701805222296439,2.9000000000000004
7155.977908075179,0.057147197,0.556413729304292,2.9000000000000004
7156.977909648292,0.041683655,0.5510002703037925,3.3000000000000003
7157.977911221404,0.048827384,0.5696174178171372,3.0
7158.977912794516,0.027008336,0.5787262940764206,3.0
7159.977914367629,0.08993365,0.5843528026657115,3.0
7160.977915940741,0.05173782,0.5681787249095526,3.0
7161.977917513853,0.02911188,0.574707277015638,3.0
7162.977919086966,0.047964375,0.5793461061432706,3.0
7163.977920660078,0.08316323,0.578786522050496,3.0
7164.97792223319,0.100122795,0.5868889811594826,3.0
7165.977923806303,0.12850635,0.5857178788035745,3.0
7166.977925379415,0.045140825,0.5772527176020398,3.2
7167.977926952527,0.043331064,0.5630532720562686,3.2
7168.97792852564,0.04627313,0.549399802320211,3.2
7169.977930098752,0.017420696,0.5590351981839957,3.0
7170.977931671864,0.024082314,0.5657345740474519,3.0
7171.977933244977,0.021547144,0.5448120654069724,3.0
7172.977934818089,0.017242163,0.5358788516750769,3.2
7173.977936391201,0.010558023,0.5381055602641601,3.2
7174.977937964314,0.021736272,0.5338115622355825,3.0
7175.977939537426,0.03152017,0.5304797194522997,3.0
7176.977941110538,0.01542332,0.5239762115777754,3.0
7177.977942683651,0.02432711,0.5300662194899006,3.0
7178.977944256763,0.02560142,0.5391236939908909,3.0
7179.977945829875,0.10649928,0.5120854390790821,3.1
7180.977947402988,0.13932592,0.4881383763983888,3.1
7181.9779489761,0.110453375,0.48730638380424113,3.0
7182.977950549212,0.13931577,0.4956608495130741,3.0
7183.977952122325,0.10114974,0.5038268168570857,3.0
7184.9779536954375,0.06395583,0.5021737778512274,3.2
7185.9779552685495,0.22621207,0.5186269874650448,3.2
7186.9779568416625,0.35129228,0.5308736128400481,3.2
7187.977958414775,0.5084305,0.5374069294751451,3.2
7188.977959987887,0.2981668,0.5353746483426769,3.2
7189.977961561,0.3663849,0.5612689298215073,3.1
7190.977963134112,0.13257371,0.6022342269907242,3.1
7191.977964707224,0.58728075,0.6330267500977057,3.1
7192.977966280337,0.226427,0.621905447962996,3.1
7193.977967853449,0.24388477,0.610221766201259,3.1
7194.977969426561,0.24641028,0.6165152474687653,3.1
7195.977970999674,0.40001288,0.6227609156888224,3.1
7196.977972572786,0.34554055,0.6196622580218739,3.1
7197.977974145898,0.3427207,0.6055858107450439,3.1
7198.977975719011,0.58615184,0.6027369309526877,3.3000000000000003
7199.977977292123,0.45865557,0.6051618936809648,3.3000000000000003
7200.977978865236,0.35398176,0.5888896449560027,3.1
7201.977980438348,0.38529024,0.5763898488470822,3.1
7202.97798201146,0.18684506,0.5836437044482049,3.1
7203.977983584573,0.25558543,0.5892712654204881,3.1
7204.977985157685,0.31948742,0.5923502748358792,3.1
7205.977986730797,0.39539853,0.5832278027970675,3.3000000000000003
7206.97798830391,0.2955785,0.5746111910367023,3.1
7207.977989877022,0.3836408,0.5564981958442993,3.3000000000000003
7208.977991450134,0.27564052,0.5335865187821579,3.3000000000000003
7209.977993023247,0.32997686,0.49234189870517425,3.3000000000000003
7210.977994596359,0.31981418,0.45470662001385903,3.3000000000000003
7211.977996169471,0.36145064,0.40798294184640915,3.3000000000000003
7212.977997742584,0.40641755,0.37049319055271746,3.3000000000000003
7213.977999315696,0.6834791,0.3250902365510078,3.2
7214.978000888808,0.61361665,0.25342136303133717,3.5
7215.978002461921,0.6515969,0.1667143992277306,3.1
7216.978004035033,0.44739506,0.07891309811428639,0.9
7217.978005608145,0.5356107,0.07824555833689398,0.9
7218.978007181258,0.37671658,0.09356429630546104,0.9
7219.97800875437,0.52485555,0.13554285373055086,0.9
7220.9780103274825,0.50789624,0.1485273410389545,0.9
7221.978011900595,0.5231481,0.23814128177220534,1.0
7222.9780134737075,0.5876605,0.257882499901316,1.0
7223.97801504682,0.5231238,0.25922357439215526,1.0
7224.9780166199325,0.47129536,0.25915070761793,1.0
7225.978018193045,0.46358165,0.2585233683171394,0.1
7226.978019766157,0.22425511,0.2558964971601641,0.1
7227.97802133927,0.5913771,0.27865920169753355,1.0
7228.978022912382,0.39575687,0.2800924973157919,0.1
7229.978024485494,0.69309837,0.2671791848739696,1.8
7230.978026058607,0.62843055,0.2613248983792941,1.8
7231.978027631719,0.7001523,0.18168537668292656,1.8
7232.978029204831,0.529257,0.14840436144702251,1.7000000000000002
7233.978030777944,0.6917272,0.14442888239664162,1.8
7234.978032351056,0.7265328,0.14464897534232002,1.8
7235.978033924168,0.82812107,0.1446144300025802,1.8
7236.978035497281,0.8143796,0.14366837973291272,1.8
7237.978037070393,0.8252836,0.08705986715799385,1.9000000000000001
7238.978038643505,0.82289946,0.04995760556127813,4.4
7239.978040216618,0.80373937,0.13673225905456976,1.6
7240.97804178973,0.5994647,0.16630032291073643,1.7000000000000002
7241.978043362842,0.49184808,0.16713343998776323,1.6
7242.978044935955,0.71911883,0.16695031780232517,1.6
7243.978046509067,0.5536721,0.16695727277164296,1.6
7244.978048082179,0.7803342,0.1669832147556764,1.7000000000000002
7245.978049655292,0.9251544,0.16947176659123148,1.6
7246.978051228404,0.93617874,0.17042042702455443,1.8
7247.978052801516,0.7765613,0.1713514942415283,1.6
7248.978054374629,0.762264,0.17132501474649114,1.6
7249.978055947741,0.9492205,0.10642170217602626,2.0
7250.978057520853,0.7650313,0.05231714906930499,3.7
7251.978059093966,0.65211874,0.055128991955336125,3.8000000000000003
7252.978060667078,0.7985784,0.06039885777057201,8.1
7253.97806224019,0.79582816,0.06093108584867682,8.1
7254.978063813303,0.80566037,0.06040096932901745,8.1
7255.978065386415,0.7944303,0.05283040056856073,8.1
7256.9780669595275,0.7310795,0.049347818565253644,8.1
7257.9780685326405,0.65016216,0.04549448219724246,8.1
7258.9780701057525,0.4782606,0.04519245435056304,8.1
7259.978071678865,0.29116416,0.045082919354511856,8.1
7260.978073251978,0.26981765,0.03982946058982837,8.1
7261.97807482509,0.22842018,0.03107709425204617,8.0
7262.978076398202,0.41212893,0.12436713433620093,2.0
7263.978077971315,0.6674899,0.13976515381641066,1.6
7264.978079544427,0.74978817,0.14788116291537673,1.6
7265.978081117539,0.824715,0.22020628724434987,1.0
7266.978082690652,0.84620076,0.22638572056948192,1.0
7267.978084263764,0.8204938,0.24013107061811487,0.6000000000000001
7268.978085836876,0.8849062,0.24071811922962544,0.6000000000000001
7269.978087409989,0.8784459,0.24105652466996771,0.6000000000000001
7270.978088983101,0.9348126,0.24113195749182662,0.6000000000000001
7271.978090556213,0.8846065,0.24112391994989643,0.6000000000000001
7272.978092129326,0.9149856,0.20833968271021386,0.6000000000000001
7273.978093702438,0.9534885,0.19838146294240486,0.6000000000000001
7274.97809527555,0.9742245,0.21725184317224813,1.3
7275.978096848663,0.866443,0.17239206009750535,1.3
7276.978098421775,0.6560812,0.17730829950870458,1.3
7277.978099994887,0.82577914,0.15919476516489875,1.3
7278.978101568,0.8850395,0.15837002830570243,1.3
7279.978103141112,0.9031924,0.157948253790146,1.3
7280.978104714224,0.913687,0.15790321479450212,1.3
7281.978106287337,0.9430521,0.15786052558126948,1.3
7282.978107860449,0.93149894,0.15754948437377406,1.3
7283.978109433561,0.93341583,0.1575349666291004,1.3
7284.978111006674,0.8798236,0.11836169294727213,1.5
7285.978112579786,0.94486904,0.07249733363009624,1.8
7286.978114152898,0.9667982,0.01791033244939312,6.6000000000000005
7287.978115726011,0.97286826,0.01301579784088244,4.5
7288.978117299123,0.9616209,0.03879121857228521,3.5
7289.978118872235,0.9286344,0.06689964116385552,2.5
7290.978120445348,0.84494686,0.0669301092777137,2.5
7291.97812201846,0.8761926,0.06685633226204567,2.4000000000000004
7292.9781235915725,0.7792702,0.06675796730997448,2.4000000000000004
7293.9781251646855,0.82985455,0.06655583642383282,2.4000000000000004
7294.9781267377975,0.7364437,0.0663897437449945,2.4000000000000004
7295.97812831091,0.7650514,0.06660421725072531,2.8000000000000003
7296.978129884023,0.8384151,0.06686327032570771,2.3000000000000003
7297.978131457135,0.72746444,0.0679310085742001,2.3000000000000003
7298.978133030247,0.6350293,0.05716264958113542,5.0
7299.97813460336,0.33728623,0.023008449412018118,9.600000000000001
7300.978136176472,0.20007233,0.02764398947273906,9.5
7301.978137749584,0.14874366,0.029195900191499598,9.600000000000001
7302.978139322697,0.13120516,0.031277703370289435,9.600000000000001
7303.978140895809,0.2910133,0.032277507221277084,9.600000000000001
7304.978142468921,0.097692445,0.032181563478213396,9.600000000000001
7305.978144042034,0.13877867,0.031669195063129436,9.700000000000001
7306.978145615146,0.10202554,0.030676117956880508,9.700000000000001
7307.978147188258,0.17849752,0.028033874314407233,9.700000000000001
7308.978148761371,0.19536087,0.028044384175562077,9.700000000000001
7309.978150334483,0.31405383,0.025414078331352917,9.700000000000001
7310.978151907595,0.29558858,0.020008566088888697,9.700000000000001
7311.978153480708,0.18432352,0.01833569254170873,9.700000000000001
7312.97815505382,0.16608633,0.016465726146024814,13.8
7313.978156626932,0.111649394,0.015810887107851723,6.2
7314.978158200045,0.15439466,0.017065790699813416,7.6000000000000005
7315.978159773157,0.080778696,0.018500788678202297,6.9
7316.978161346269,0.10756372,0.0183699220776059,6.9
7317.978162919382,0.08736081,0.018724373974760785,6.9
7318.978164492494,0.11684229,0.018655336682161548,13.4
7319.978166065606,0.10640228,0.022005527844744167,6.1000000000000005
7320.978167638719,0.16815245,0.02209241602525193,5.7
7321.978169211831,0.23611893,0.02447318596263789,5.9
7322.978170784943,0.3181021,0.027129052315732403,5.9
7323.978172358056,0.19377677,0.026878602143849583,8.4
7324.978173931168,0.19256884,0.02624840647787655,7.1000000000000005
7325.97817550428,0.30306917,0.0255468569417108,7.1000000000000005
7326.978177077393,0.29630497,0.028007295775252305,7.1000000000000005
7327.9781786505055,0.15330549,0.031217064592617243,12.5
7328.9781802236175,0.22291948,0.033092269802257115,12.5
7329.9781817967305,0.25787994,0.030886136821460065,12.5
7330.978183369843,0.42880827,0.03125216355859778,12.5
7331.978184942955,0.29900965,0.029557177386657505,9.8
7332.978186516068,0.49130616,0.027266231932499354,9.8
7333.97818808918,0.46873218,0.029525868090795142,6.4
7334.978189662292,0.5213473,0.03006607730405832,6.4
7335.978191235405,0.5090533,0.030173182522730584,6.4
7336.978192808517,0.627436,0.027901218669456173,8.4
7337.978194381629,0.60706246,0.02394314057892214,9.200000000000001
7338.978195954742,0.6759641,0.02151425927814904,8.9
7339.978197527854,0.67142427,0.021216322969625463,8.5
7340.978199100966,0.7445692,0.02160719919296497,8.5
7341.978200674079,0.5844435,0.02530296573209402,9.1
7342.978202247191,0.633451,0.024848632420281406,9.1
7343.978203820303,0.6006893,0.02230006373433199,9.1
7344.978205393416,0.5640236,0.02193812230677929,9.0
7345.978206966528,0.6356143,0.021585199340765283,9.0
7346.97820853964,0.16362768,0.021874380983408055,9.0
7347.978210112753,0.15590452,0.02239633910219584,9.1
7348.978211685865,0.20154467,0.020945402072620405,9.1
7349.978213258977,0.30468217,0.021182531675656254,9.1
7350.97821483209,0.41277805,0.020620446169507155,9.1
7351.978216405202,0.38562042,0.017365128922820668,8.700000000000001
7352.978217978314,0.35350063,0.017903865091895742,9.8
7353.978219551427,0.33020282,0.017520600471187767,10.700000000000001
7354.978221124539,0.27083817,0.017203119228121184,9.600000000000001
7355.978222697651,0.2453002,0.017672764619278268,10.700000000000001
7356.978224270764,0.35406175,0.020175924608250972,9.700000000000001
7357.978225843876,0.17657642,0.020204373256857856,10.0
7358.978227416989,0.18853687,0.026888610815045202,11.100000000000001
7359.978228990101,0.31033325,0.029631928406813283,11.100000000000001
7360.978230563213,0.34812868,0.03215008052638396,11.100000000000001
7361.978232136326,0.32776293,0.033422245788952656,11.200000000000001
7362.978233709438,0.24916422,0.033064711417508136,11.200000000000001
7363.9782352825505,0.41786405,0.036992631279161324,11.200000000000001
7364.978236855663,0.30472362,0.0463060203048945,11.200000000000001
7365.9782384287755,0.30976823,0.047181694239379776,11.200000000000001
7366.978240001888,0.21702196,0.04657436773732782,1.9000000000000001
7367.9782415750005,0.5774407,0.04665415065962098,1.9000000000000001
7368.978243148113,0.8590665,0.0560255359901005,2.5
7369.978244721225,0.85558283,0.05963539567258428,1.9000000000000001
7370.978246294338,0.74955875,0.059082705398600444,2.7
7371.97824786745,0.78394014,0.05783774985489008,2.7
7372.978249440562,0.73287445,0.057665260636973595,2.7
7373.978251013675,0.801723,0.05673953504292139,2.7
7374.978252586787,0.5156491,0.0556822455592591,2.2
7375.978254159899,0.8527539,0.05675948673083347,7.7
7376.978255733012,0.81397176,0.05746690216765694,7.4
7377.978257306124,0.74874324,0.057691711109340425,7.5
7378.978258879236,0.431276,0.045898729619869676,7.5
7379.978260452349,0.8222852,0.0399418028232921,7.4
7380.978262025461,0.765088,0.03871799921704097,7.4
7381.978263598573,0.38022438,0.03903567861365319,7.4
7382.978265171686,0.4837707,0.03989795478652825,7.300000000000001
7383.978266744798,0.36324498,0.038244466168737286,11.200000000000001
7384.97826831791,0.44219452,0.02864835534546275,10.9
7385.978269891023,0.43375137,0.024557606633543175,8.9
7386.978271464135,0.3347332,0.02296050026785868,8.9
7387.978273037247,0.19782872,0.021999676136481006,8.9
7388.97827461036,0.17711571,0.020913361370524765,8.3
7389.978276183472,0.21416305,0.020113286099188363,2.8000000000000003
7390.978277756584,0.21060057,0.02041559752954226,2.5
7391.978279329697,0.15800112,0.021732603303086892,2.5
7392.978280902809,0.21748087,0.02419495558775922,2.5
7393.978282475921,0.13423903,0.025401789201876707,2.5
7394.978284049034,0.20219575,0.027291400954373525,8.6
7395.978285622146,0.28021294,0.029722772909701774,2.8000000000000003
7396.978287195258,0.3238805,0.029742699254357238,8.700000000000001
7397.978288768371,0.30541566,0.031470491151591166,8.700000000000001
7398.978290341483,0.63666224,0.03378193716569154,8.700000000000001
7399.9782919145955,0.45736176,0.03494155913878279,8.700000000000001
7400.9782934877085,0.47499254,0.03518826996407666,8.700000000000001
7401.9782950608205,0.47066167,0.0339458048893958,8.700000000000001
7402.978296633933,0.29173228,0.03178742983309372,8.4
7403.978298207046,0.5691265,0.030943152225976267,8.4
7404.978299780158,0.30650195,0.028742954244620908,8.5
7405.97830135327,0.65375847,0.0805521292239296,0.30000000000000004
7406.978302926383,0.83506924,0.13967480174724137,1.0
7407.978304499495,0.34361866,0.17674637606285964,1.1
7408.978306072607,0.30826703,0.1763010604812165,1.1
7409.97830764572,0.44481546,0.17603882409961874,1.1
7410.978309218832,0.42718667,0.17592636451871826,1.1
7411.978310791944,0.36669508,0.1758970366537214,1.1
7412.978312365057,0.5399124,0.17572994656124713,1.1
7413.978313938169,0.64996326,0.17552321664574727,1.1
7414.978315511281,0.30833164,0.17552456337143468,1.1
7415.978317084394,0.5431788,0.15803963018588255,1.1
7416.978318657506,0.78779715,0.11001288478238369,1.3
7417.978320230618,0.64504254,0.01443661907391605,9.600000000000001
7418.978321803731,0.5439193,0.014827074676833103,9.600000000000001
7419.978323376843,0.4579904,0.013887781496298999,10.0
7420.978324949955,0.63843757,0.014012014804488292,10.0
7421.978326523068,0.6470898,0.014182810711751532,10.0
7422.97832809618,0.6875526,0.014419494420995901,9.600000000000001
7423.978329669292,0.37756976,0.01635987019268471,10.0
7424.978331242405,0.32666993,0.017517794639754464,6.7
7425.978332815517,0.3987455,0.01544504865901142,10.0
7426.978334388629,0.49271148,0.012422572280152118,14.9
7427.978335961742,0.55418646,0.012845098961378074,14.9
7428.978337534854,0.55093944,0.012760912957151408,14.9
7429.978339107966,0.42312494,0.012724647932806624,14.4
7430.978340681079,0.43019834,0.012410720855414458,14.4
7431.978342254191,0.58756137,0.012194395244185129,14.4
7432.978343827303,0.4904284,0.011895897460940896,14.9
7433.978345400416,0.48001066,0.009049736238055986,14.9
7434.9783469735285,0.5265608,0.006534272599341592,14.8
7435.9783485466405,0.6977474,0.005132431336183402,14.8
7436.9783501197535,0.7002625,0.005071310280558032,14.8
7437.9783516928655,0.7759055,0.0037764289776509594,5.5
7438.978353265978,0.82381225,0.0018733144507339023,7.2
7439.978354839091,0.71510637,0.008057090092343688,6.300000000000001
7440.978356412203,0.6704775,0.00851974743367342,6.2
7441.978357985315,0.7477545,0.010455279879205887,5.4
7442.978359558428,0.69966984,0.01180066299689169,2.8000000000000003
7443.97836113154,0.5902283,0.01258488983276829,2.9000000000000004
7444.978362704652,0.7017691,0.013487278382914778,2.9000000000000004
7445.978364277765,0.6506532,0.013849425082064933,2.9000000000000004
7446.978365850877,0.6545931,0.013906906357775877,2.9000000000000004
7447.978367423989,0.28526732,0.014236670399689746,2.9000000000000004
7448.978368997102,0.3923878,0.017841256754486258,2.9000000000000004
7449.978370570214,0.15678549,0.016496157696976575,9.4
7450.978372143326,0.2817302,0.016360843914396257,9.4
7451.978373716439,0.31385338,0.015263979718659868,2.4000000000000004
7452.978375289551,0.5584274,0.014285822121554995,9.600000000000001
7453.978376862663,0.46951404,0.013614164262321142,9.600000000000001
7454.978378435776,0.4754517,0.012733637942717412,8.1
7455.978380008888,0.47398615,0.012417981676232537,9.600000000000001
7456.978381582,0.38006642,0.012393153283918,9.8
7457.978383155113,0.445008,0.012025007389544866,9.600000000000001
7458.978384728225,0.421852,0.005302357234685465,9.9
7459.978386301337,0.49499932,0.0036737564736975593,14.0
7460.97838787445,0.5450782,0.0032290306544059057,13.8
7461.978389447562,0.61433214,0.0030225749669601024,3.9000000000000004
7462.978391020674,0.72049314,0.01064134791354495,3.2
7463.978392593787,0.67713255,0.01355714878288342,3.4000000000000004
7464.978394166899,0.69888186,0.014259141643632353,3.3000000000000003
7465.978395740011,0.6473939,0.015502728909510597,3.4000000000000004
7466.978397313124,0.37566218,0.016787684121293032,2.8000000000000003
7467.978398886236,0.30857697,0.018066506089148608,2.8000000000000003
7468.978400459348,0.3677081,0.02010873673415337,2.8000000000000003
7469.978402032461,0.30362672,0.02085671228065607,2.8000000000000003
7470.9784036055735,0.2276704,0.022498749265383474,2.8000000000000003
7471.9784051786855,0.29265323,0.023174415684506646,2.8000000000000003
7472.9784067517985,0.1735321,0.021788064500762518,8.8
7473.978408324911,0.21251664,0.020621039751701434,8.8
7474.978409898023,0.26729786,0.02015794470590582,8.8
7475.978411471136,0.25286257,0.019170103475651533,8.8
7476.978413044248,0.16957824,0.01803801800655203,7.6000000000000005
7477.97841461736,0.49721912,0.01675985769988167,8.8
7478.978416190473,0.516591,0.014245821199628356,9.600000000000001
7479.978417763585,0.6993166,0.013455629068321406,8.9
7480.978419336697,0.6827319,0.010654445863053459,11.100000000000001
7481.97842090981,0.7254056,0.009177943268597366,11.100000000000001
7482.978422482922,0.66669095,0.006518407988183509,14.200000000000001
7483.978424056034,0.68886256,0.004573907716820691,11.100000000000001
7484.978425629147,0.6702844,0.007350291564015359,2.5
7485.978427202259,0.6679102,0.00838626253923597,2.5
7486.978428775371,0.5176284,0.008437534834379427,2.5
7487.978430348484,0.4414545,0.008635257491887156,2.7
7488.978431921596,0.29294208,0.009137284702565215,2.8000000000000003
7489.978433494708,0.34285304,0.00947790271028509,2.8000000000000003
7490.978435067821,0.28445914,0.009633756827241213,2.8000000000000003
7491.978436640933,0.36739743,0.01115369524386892,9.0
7492.978438214045,0.17009486,0.011741010264263966,9.0
7493.978439787158,0.21025698,0.011778928647408524,9.0
7494.97844136027,0.18794514,0.010260503300505326,7.800000000000001
7495.978442933382,0.26387155,0.009432884246667888,7.9
7496.978444506495,0.20888661,0.009404023785064929,7.9
7497.978446079607,0.262544,0.009231005445456464,7.9
7498.978447652719,0.5448148,0.00981389433644187,7.9
7499.978449225832,0.46319103,0.013485669692610525,2.7
7500.978450798944,0.4672203,0.016822351346440577,3.2
7501.978452372056,0.48435733,0.0219912619424034,3.2
7502.978453945169,0.6564742,0.024821057774947555,8.9
7503.978455518281,0.4842725,0.026587680362593128,8.9
7504.9784570913935,0.4465606,0.027475208803827676,3.2
7505.978458664506,0.28350732,0.028042756427134323,8.9
7506.9784602376185,0.21424983,0.028461604295811224,2.8000000000000003
7507.978461810731,0.45289642,0.030300969301193702,2.8000000000000003
7508.9784633838435,0.64252114,0.03426533917608678,8.9
7509.978464956956,0.51897043,0.034285501924469435,6.4
7510.978466530068,0.5204114,0.03481124279722076,9.700000000000001
7511.978468103181,0.41871122,0.03763118956614001,6.9
7512.978469676293,0.3027662,0.03571223340035991,6.9
7513.978471249405,0.24255908,0.03501401661337891,6.9
7514.978472822518,0.33900642,0.03442360496957005,6.9
7515.97847439563,0.3364546,0.03463504686436266,6.9
7516.978475968743,0.4365774,0.03450082989180909,6.9
7517.978477541855,0.41602573,0.03294856490448098,6.9
7518.978479114967,0.44367915,0.028507349372671346,6.9
7519.97848068808,0.5882507,0.026663755280208826,6.9
7520.978482261192,0.452073,0.0239245132429851,6.9
7521.978483834304,0.41163084,0.015324847763405489,10.700000000000001
7522.978485407417,0.31621504,0.017763958209443324,10.700000000000001
7523.978486980529,0.3277602,0.01847391986244383,8.5
7524.978488553641,0.18657818,0.018282585356882465,10.700000000000001
7525.978490126754,0.36132318,0.01779736183742368,8.5
7526.978491699866,0.15475272,0.020327432531906966,12.4
7527.978493272978,0.121992916,0.020883044949818942,6.1000000000000005
7528.978494846091,0.19472916,0.02151124375188837,6.300000000000001
7529.978496419203,0.21245505,0.021660066646607766,6.300000000000001
7530.978497992315,0.07857113,0.022394953756295154,6.300000000000001
7531.978499565428,0.07128269,0.021449875157357672,9.3
7532.97850113854,0.16389892,0.02261867318397052,9.3
7533.978502711652,0.32088116,0.02279092987756846,9.3
7534.978504284765,0.24279436,0.023872874047185463,9.3
7535.978505857877,0.22472616,0.024947465669014204,7.7
7536.978507430989,0.20907493,0.023070418531304655,7.7
7537.978509004102,0.1523306,0.024549657611306758,8.0
7538.978510577214,0.3614395,0.02482137890469659,8.0
7539.978512150326,0.24718563,0.02540773358229091,8.0
7540.978513723439,0.5130871,0.02519261088268737,8.0
7541.978515296551,0.30265084,0.02425179477323262,8.0
7542.9785168696635,0.39441076,0.02173853438539381,9.700000000000001
7543.9785184427765,0.58294946,0.02000129838545383,8.0
7544.9785200158885,0.64666915,0.019901375571708377,9.700000000000001
7545.978521589001,0.7646561,0.018303847620410638,7.9
7546.978523162114,0.7816712,0.01816223465804739,7.9
7547.978524735226,0.7425025,0.016271928531369856,7.9
7548.978526308338,0.6662343,0.016429532117562505,10.9
7549.978527881451,0.41281414,0.01669782701752989,10.9
7550.978529454563,0.39124843,0.01749087123426052,10.9
7551.978531027675,0.22420375,0.017221419436409223,10.9
7552.978532600788,0.33107087,0.017421987632780415,2.9000000000000004
7553.9785341739,0.2120998,0.018530986922565648,10.200000000000001
7554.978535747012,0.18378894,0.0177290515159303,10.200000000000001
7555.978537320125,0.32135645,0.01718023803784676,2.9000000000000004
7556.978538893237,0.28535756,0.016691925385542743,2.9000000000000004
7557.978540466349,0.28865767,0.015718632364706487,2.9000000000000004
7558.978542039462,0.3747556,0.014115435159578027,2.9000000000000004
7559.978543612574,0.88624465,0.0907457676084936,1.2000000000000002
7560.978545185686,0.7994864,0.09328383850182666,1.2000000000000002
7561.978546758799,0.84678733,0.09904228627550549,1.3
7562.978548331911,0.76250744,0.09909816457370169,1.3
7563.978549905023,0.87081873,0.09888707677032972,1.3
7564.978551478136,0.7366176,0.09882202290130203,1.3
7565.978553051248,0.782073,0.09882367324628524,1.3
7566.97855462436,0.76003504,0.09882708356270632,1.3
7567.978556197473,0.8126173,0.0988458473314665,1.3
7568.978557770585,0.7028552,0.09912110034681185,1.3
7569.978559343697,0.81625783,0.041974018847510904,0.6000000000000001
7570.97856091681,0.84857595,0.03538498632865632,1.0
7571.978562489922,0.4816199,0.011222588253710225,14.9
7572.978564063034,0.60318375,0.009090272885475198,14.9
7573.978565636147,0.641909,0.008950709311879485,14.9
7574.978567209259,0.6913928,0.008719133914466016,15.0
7575.978568782371,0.7804539,0.008704449366190378,15.0
7576.978570355484,0.6995264,0.00870442800600891,15.0
7577.9785719285965,0.7227015,0.008464634074531322,15.0
7578.9785735017085,0.701532,0.00420162279803847,8.9
7579.9785750748215,0.75959146,0.0033442015824540405,6.0
7580.978576647934,0.683896,0.011502670540041969,10.100000000000001
7581.978578221046,0.6537312,0.012389433375465055,10.100000000000001
7582.978579794159,0.6482922,0.012421055721122716,10.100000000000001
7583.978581367271,0.6084764,0.013011824821370605,10.100000000000001
7584.978582940383,0.6000671,0.013864350876812842,10.0
7585.978584513496,0.5970195,0.014725859939397113,13.4
7586.978586086608,0.5537528,0.015081119922350483,13.4
7587.97858765972,0.45498854,0.015404083130502611,13.4
7588.978589232833,0.13037497,0.015836901256668146,13.200000000000001
7589.978590805945,0.065732025,0.016267407323417592,13.4
7590.978592379057,0.11424246,0.011671776765215386,8.200000000000001
7591.97859395217,0.21934386,0.010777049554542777,8.200000000000001
7592.978595525282,0.23023127,0.010829226026444174,12.8
7593.978597098394,0.28507006,0.010392326555351427,7.5
7594.978598671507,0.25978693,0.009671969260745176,13.100000000000001
7595.978600244619,0.30121598,0.008353124340975087,6.1000000000000005
7596.978601817731,0.27619028,0.007726015277281405,11.5
7597.978603390844,0.29682127,0.0070877270978454655,4.4
7598.978604963956,0.2500814,0.006061241300247386,13.3
7599.978606537068,0.24252827,0.004815642098647125,6.0
7600.978608110181,0.21274567,0.004816941243148986,6.0
7601.978609683293,0.3044319,0.004672247343253981,6.0
7602.978611256405,0.18898606,0.004557168639391091,5.6000000000000005
7603.978612829518,0.13278872,0.004435898691155421,2.0
7604.97861440263,0.18082307,0.0035896365349087907,10.9
7605.978615975742,0.2716513,0.003936845250184133,5.4
7606.978617548855,0.3803269,0.004489414571561829,9.0
7607.978619121967,0.71463466,0.007139203381493551,14.3
7608.978620695079,0.54633415,0.010324131512387879,11.9
7609.978622268192,0.6979204,0.011476781563656172,14.3
7610.978623841304,0.3618673,0.013277381789859382,14.3
7611.9786254144165,0.20379077,0.014640398864520779,8.8
7612.978626987529,0.082828306,0.017724416611368074,13.5
7613.9786285606415,0.5683248,0.018168441229066593,13.5
7614.9786301337535,0.47920832,0.01813887668099979,13.5
7615.9786317068665,0.39518985,0.018344563323321517,13.5
7616.978633279979,0.39365432,0.01846625278854546,13.5
7617.978634853091,0.53616714,0.018565331591958074,13.5
7618.978636426204,0.5113623,0.018168940900049054,8.4
7619.978637999316,0.33790448,0.017552459794957065,8.4
7620.978639572428,0.209561,0.01625425575734398,8.4
7621.978641145541,0.34485754,0.015046436239182944,3.2
7622.978642718653,0.3996417,0.011227495709373737,9.0
7623.978644291765,0.7121692,0.010364835492928949,8.9
7624.978645864878,0.5626775,0.010390688063016735,8.9
7625.97864743799,0.7493988,0.010038373148757891,8.700000000000001
7626.978649011102,0.7296115,0.009687763870850017,8.9
7627.978650584215,0.7425203,0.009256969149683549,14.4
7628.978652157327,0.6844811,0.007506998927700548,10.0
7629.978653730439,0.72543615,0.007485629590115124,12.600000000000001
7630.978655303552,0.63161093,0.008009645104541748,10.0
7631.978656876664,0.70787084,0.00873113945246711,3.0
7632.978658449776,0.73550415,0.010417046872016243,12.100000000000001
7633.978660022889,0.6437827,0.011237100799797896,9.9
7634.978661596001,0.59124655,0.01380836305094998,9.9
7635.978663169113,0.4744301,0.015862001274453447,12.3
7636.978664742226,0.43781245,0.017072164593628404,12.3
7637.978666315338,0.38477543,0.01714786890168001,12.3
7638.97866788845,0.20214912,0.01779529077042191,15.0
7639.978669461563,0.09415787,0.018572347615251814,15.0
7640.978671034675,0.14496456,0.018348873218262552,15.0
7641.978672607787,0.13538261,0.020276392983133332,15.0
7642.9786741809,0.05480451,0.02000776928075332,15.0
7643.978675754012,0.11770931,0.01955826429773704,15.0
7644.978677327124,0.15917714,0.017855935958217457,12.600000000000001
7645.978678900237,0.37468913,0.01596475820119102,12.600000000000001
7646.978680473349,0.34389725,0.01462475796695672,12.600000000000001
7647.9786820464615,0.39727437,0.013716965942258031,12.600000000000001
7648.978683619574,0.35506663,0.01242973659616215,12.700000000000001
7649.9786851926865,0.4995148,0.01111364539634198,12.600000000000001
7650.978686765799,0.40171006,0.011164593400002906,4.800000000000001
7651.9786883389115,0.25802097,0.006073794265638602,7.1000000000000005
7652.978689912024,0.46862864,0.0039010029287990396,4.800000000000001
7653.978691485136,0.54611135,0.003660236127483883,4.800000000000001
7654.978693058249,0.670364,0.003435366646339489,7.2
7655.978694631361,0.6186794,0.008222710451834668,7.2
7656.978696204473,0.6743864,0.00957994178587683,4.0
7657.978697777586,0.65234876,0.00961529766399926,2.7
7658.978699350698,0.692177,0.009547121376612915,7.9
7659.97870092381,0.65055233,0.0095507776248215,7.9
7660.978702496923,0.6688728,0.009449062083506241,7.9
7661.978704070035,0.71491617,0.00944824120955544,7.9
7662.978705643147,0.7101236,0.009451837042482375,7.9
7663.97870721626,0.75425184,0.009457883643538277,7.9
7664.978708789372,0.7112811,0.009443623848616719,8.1
7665.978710362484,0.6645588,0.006042844171376823,2.6
7666.978711935597,0.7428526,0.003409347896063556,10.4
7667.978713508709,0.776833,0.0028132043731526786,12.0
7668.978715081821,0.7438455,0.0037317325085724725,11.9
7669.978716654934,0.6487358,0.007862658329807922,13.4
7670.978718228046,0.642662,0.009336119463477214,14.5
7671.978719801159,0.7305042,0.012212556168313193,8.6
7672.978721374271,0.66476697,0.014921319072650905,8.5
7673.978722947383,0.4528453,0.018997512525983366,8.5
7674.978724520496,0.4381802,0.01954875967717534,8.4
7675.978726093608,0.19785656,0.02136368919104997,8.5
7676.97872766672,0.1598544,0.022416560325909187,8.5
7677.978729239833,0.069776714,0.022832235656741234,8.5
7678.978730812945,0.6622322,0.024025000127740916,8.5
7679.978732386057,0.75831497,0.023315112650707456,8.5
7680.97873395917,0.68170846,0.02299286991941391,8.3
7681.978735532282,0.6221371,0.021706532204184226,9.700000000000001
7682.978737105394,0.22491816,0.020342678755579525,11.0
7683.978738678507,0.31012708,0.016692356625242346,11.0
7684.9787402516195,0.29450318,0.016371394257117363,10.9
7685.9787418247315,0.31788385,0.014492692288072748,13.200000000000001
7686.9787433978445,0.29699698,0.013437535330814829,13.200000000000001
7687.9787449709565,0.2788528,0.013590307504082539,13.200000000000001
7688.978746544069,0.30143067,0.011467561142548044,12.0
7689.978748117182,0.26927125,0.012317101818313605,8.4
7690.978749690294,0.21316782,0.014168692166922065,12.4
7691.978751263406,0.28490916,0.014640913258143288,12.4
7692.978752836519,0.3042123,0.015610973983375026,15.0
7693.978754409631,0.16350305,0.015576606986517078,15.0
7694.978755982743,0.2982635,0.015515062893871856,15.0
7695.978757555856,0.28212628,0.015271432119874676,15.0
7696.978759128968,0.2278084,0.014722017514021657,15.0
7697.97876070208,0.1956834,0.017432913299354494,15.0
7698.978762275193,0.16804382,0.018528490544318526,12.600000000000001
7699.978763848305,0.11653531,0.018419148539737397,12.600000000000001
7700.978765421417,0.122134075,0.017745930256021163,8.700000000000001
7701.97876699453,0.15465756,0.017238492857579835,8.700000000000001
7702.978768567642,0.24494335,0.01588488172592703,8.700000000000001
7703.978770140754,0.18076652,0.015856407357131976,8.700000000000001
7704.978771713867,0.2799679,0.01558668117670102,8.700000000000001
7705.978773286979,0.46316716,0.015165738030108875,8.700000000000001
7706.978774860091,0.42555526,0.015115333131896443,8.700000000000001
7707.978776433204,0.5344156,0.010867951925947911,9.200000000000001
7708.978778006316,0.6522882,0.008290741773696663,8.3
7709.978779579428,0.49569806,0.006246050773326515,8.8
7710.978781152541,0.8104517,0.001743344611488341,6.4
7711.978782725653,0.6533905,0.006013250524852952,8.0
7712.978784298765,0.6979608,0.006069665847761714,7.4
7713.978785871878,0.67892796,0.006057277735565158,8.5
7714.97878744499,0.6946346,0.006044240486184416,8.5
7715.978789018102,0.6807401,0.006039865418351528,8.5
7716.978790591215,0.7416505,0.006029300366151819,8.5
7717.978792164327,0.7313342,0.006027449841786917,8.9
7718.978793737439,0.72389674,0.00616215775895022,7.2
7719.978795310552,0.74359894,0.006200371922168155,7.2
7720.9787968836645,0.6708507,0.006193248725837636,7.2
7721.9787984567765,0.7249228,0.0022237239423710197,6.800000000000001
7722.9788000298895,0.7677122,0.00198543971428683,7.0
7723.978801603002,0.8008832,0.0019733480967547338,5.1000000000000005
7724.978803176114,0.78748494,0.0019391959590104235,5.1000000000000005
7725.978804749227,0.8164663,0.0019534494855307396,5.1000000000000005
7726.978806322339,0.67837435,0.004298508221953493,14.9
7727.978807895451,0.64649,0.004906120114152705,10.8
7728.978809468564,0.70026493,0.004902200422988771,10.8
7729.978811041676,0.68954456,0.004862473034601293,10.8
7730.978812614788,0.59323686,0.0063338123814379865,14.5
7731.978814187901,0.6806178,0.009501714997928783,14.0
7732.978815761013,0.6122931,0.010704322074734901,15.0
7733.978817334125,0.6170095,0.011935520590667815,15.0
7734.978818907238,0.5443406,0.014360825562264512,8.3
7735.97882048035,0.21845748,0.015952179252293162,8.3
7736.978822053462,0.15632081,0.017890661341684343,13.100000000000001
7737.978823626575,0.13000527,0.017783229477991408,9.1
7738.978825199687,0.06806691,0.020502169566953058,10.3
7739.978826772799,0.24294941,0.03646582601576035,3.7
7740.978828345912,0.682377,0.039146720600558786,3.7
7741.978829919024,0.7232463,0.03866138652383637,3.7
7742.978831492136,0.56335634,0.038398866153434894,3.7
7743.978833065249,0.5132407,0.03819613902412599,3.7
7744.978834638361,0.39982924,0.03765957843646029,3.7
7745.978836211473,0.35513383,0.037410555943882345,3.7
7746.978837784586,0.42163885,0.0369124459419141,3.7
7747.978839357698,0.51038885,0.03730761739220004,2.5
7748.97884093081,0.4769137,0.036120274245331624,2.5
7749.978842503923,0.15026107,0.02154258420401563,2.5
7750.978844077035,0.21237297,0.018554796614579153,5.800000000000001
7751.978845650147,0.28697467,0.01900440248239394,5.800000000000001
7752.97884722326,0.5162251,0.018942085057472004,5.800000000000001
7753.978848796372,0.41072592,0.021568534360596556,5.800000000000001
7754.9788503694845,0.43605226,0.03083088798436321,4.1000000000000005
7755.978851942597,0.3409004,0.030792830078540268,5.800000000000001
7756.9788535157095,0.3125403,0.034058194720836835,2.7
7757.978855088822,0.3912052,0.03998615725816455,3.2
7758.9788566619345,0.3505215,0.040024854853410244,4.1000000000000005
7759.978858235047,0.5868744,0.0636874542782147,2.0
7760.978859808159,0.90645224,0.138612174238598,1.5
7761.978861381272,0.7937219,0.14246956718926945,1.4000000000000001
7762.978862954384,0.7652852,0.15713210508520362,1.2000000000000002
7763.978864527496,0.456915,0.15919912745620904,1.2000000000000002
7764.978866100609,0.5280064,0.15766621432165093,1.2000000000000002
7765.978867673721,0.69976616,0.15758731792632927,1.2000000000000002
7766.978869246833,0.6494113,0.15819260325670909,1.2000000000000002
7767.978870819946,0.79858226,0.15685953779831752,1.2000000000000002
7768.978872393058,0.59680146,0.15720368518939284,1.2000000000000002
7769.97887396617,0.9270713,0.14954585477082666,1.2000000000000002
7770.978875539283,0.8549353,0.08457496927466845,1.2000000000000002
7771.978877112395,0.81480485,0.07738853202061782,1.2000000000000002
7772.978878685507,0.3628319,0.03963702571880194,3.3000000000000003
7773.97888025862,0.13876796,0.02799756769088571,3.2
7774.978881831732,0.26804084,0.028030680285471787,3.2
7775.978883404844,0.39272442,0.03725056024917282,3.8000000000000003
7776.978884977957,0.3264434,0.03119639150150233,3.8000000000000003
7777.978886551069,0.33211026,0.030605443645899278,3.8000000000000003
7778.978888124181,0.19934109,0.028489566650604616,3.8000000000000003
7779.978889697294,0.31217426,0.027513374105322726,3.4000000000000004
7780.978891270406,0.21552536,0.02669417491415352,3.4000000000000004
7781.978892843518,0.124409944,0.02673911346533022,3.4000000000000004
7782.978894416631,0.26299077,0.026635193391798817,3.4000000000000004
7783.978895989743,0.51450944,0.0260265336806716,3.4000000000000004
7784.978897562855,0.48101062,0.02662253879558109,3.4000000000000004
7785.978899135968,0.5630423,0.011034119895148532,12.0
7786.97890070908,0.42836002,0.012264797638377574,9.200000000000001
7787.978902282192,0.5236849,0.013264512925371636,9.9
7788.978903855305,0.6170898,0.013807831489764728,12.0
7789.978905428417,0.5971414,0.01385213229392775,12.9
7790.9789070015295,0.43838048,0.014154593241246275,12.0
7791.978908574642,0.47886074,0.01404302816128846,12.0
7792.9789101477545,0.5079431,0.013965933322894981,12.0
7793.978911720867,0.5535277,0.013737272121909597,12.9
7794.9789132939795,0.6789378,0.012600885069941977,12.8
7795.978914867092,0.6915689,0.015728460771779484,12.8
7796.978916440204,0.7359931,0.016372886069200596,12.8
7797.978918013317,0.5573564,0.017890661523347274,11.0
7798.978919586429,0.59551394,0.01820239877838623,11.0
7799.978921159541,0.49170008,0.019145109158922265,10.4
7800.978922732654,0.48662424,0.020801159583715357,11.8
7801.978924305766,0.6819382,0.02160134371718605,11.8
7802.978925878878,0.71131593,0.02256393116492989,11.8
7803.978927451991,0.8511818,0.02288573074552307,11.100000000000001
7804.978929025103,0.81604743,0.0233961203762411,11.200000000000001
7805.978930598215,0.5056916,0.021037973969695846,11.9
7806.978932171328,0.54051775,0.019615951044155887,11.9
7807.97893374444,0.61366177,0.017215500611992195,11.700000000000001
7808.978935317552,0.640092,0.01605357114308046,10.8
7809.978936890665,0.74476284,0.014861220959203964,11.600000000000001
7810.978938463777,0.8122719,0.011932412705396878,12.8
7811.978940036889,0.76598793,0.011595427972374448,5.800000000000001
7812.978941610002,0.80916125,0.013222652500964764,5.800000000000001
7813.978943183114,0.76703715,0.013033812146223447,5.800000000000001
7814.978944756226,0.8394613,0.012293843334002134,5.800000000000001
7815.978946329339,0.7925348,0.014801765609642957,11.700000000000001
7816.978947902451,0.43175784,0.01555637889577184,11.700000000000001
7817.978949475563,0.23630238,0.019316588709632147,14.5
7818.978951048676,0.27951333,0.020182732426647476,14.5
7819.978952621788,0.3257674,0.0205154004103366,14.5
7820.9789541949,0.7444427,0.020808740668029447,14.5
7821.978955768013,0.6619108,0.020632191733249837,14.5
7822.978957341125,0.7794999,0.019266287114108556,14.5
7823.978958914237,0.75818145,0.022156790847460812,10.8
7824.97896048735,0.7864317,0.023681763229011447,10.8
7825.978962060462,0.7767045,0.024516356378215923,14.3
7826.9789636335745,0.7865233,0.024730129120470595,11.0
7827.9789652066875,0.76352626,0.022320994386029403,11.0
7828.9789667797995,0.46013722,0.021872621164811534,11.0
7829.9789683529125,0.3915954,0.022182092258963775,11.0
7830.978969926025,0.7234716,0.022104843224990144,11.0
7831.978971499137,0.7038945,0.03459871758177175,4.800000000000001
7832.97897307225,0.80460197,0.03461380299401264,4.800000000000001
7833.978974645362,0.8379633,0.033071156338715914,4.5
7834.978976218474,0.65882635,0.0318960422776295,4.0
7835.978977791587,0.548698,0.030275731193606766,4.6000000000000005
7836.978979364699,0.5707639,0.03015627390889454,3.3000000000000003
7837.978980937811,0.5758044,0.030127489919553833,4.0
7838.978982510924,0.52584624,0.03051823770384488,3.5
7839.978984084036,0.60810006,0.03080236948174059,3.5
7840.978985657148,0.37221238,0.031176453253487856,3.5
7841.978987230261,0.44176108,0.01640452089774367,12.700000000000001
7842.978988803373,0.5359759,0.017590010653247758,13.4
7843.978990376485,0.7344283,0.01896053763451394,13.5
7844.978991949598,0.6492821,0.0193978364091817,13.5
7845.97899352271,0.6983857,0.019485670539908788,13.5
7846.978995095822,0.5810959,0.018845466024241656,13.5
7847.978996668935,0.4441721,0.019212204710014023,13.5
7848.978998242047,0.55710787,0.01934325823199255,13.9
7849.978999815159,0.74159074,0.019094204920691155,13.9
7850.979001388272,0.7012253,0.018602622841847962,12.0
7851.979002961384,0.63849884,0.01845829683734891,12.200000000000001
7852.979004534496,0.53270954,0.01676484606661277,12.200000000000001
7853.979006107609,0.44037285,0.01443728280810963,8.3
7854.979007680721,0.6793295,0.014460746972506587,12.100000000000001
7855.979009253833,0.83540106,0.01456908302727899,12.9
7856.979010826946,0.8117664,0.015059404278348856,10.100000000000001
7857.979012400058,0.6264143,0.01585153177724464,14.700000000000001
7858.97901397317,0.6557251,0.014871921335918336,14.700000000000001
7859.979015546283,0.5822435,0.01370115002939725,14.700000000000001
7860.979017119395,0.64913213,0.013580679221075882,14.700000000000001
7861.979018692507,0.6127444,0.013083005020042839,14.700000000000001
7862.97902026562,0.64336693,0.013150039701718123,14.700000000000001
7863.9790218387325,0.61413765,0.012738369781993445,14.700000000000001
7864.9790234118445,0.5172461,0.011427872928651632,14.8
7865.9790249849575,0.7262482,0.011219709433110387,14.8
7866.97902655807,0.7028015,0.011503121784838003,15.0
7867.979028131182,0.72286683,0.011159526458554838,9.3
7868.979029704295,0.80291265,0.01213452028807598,9.5
7869.979031277407,0.6558993,0.013077313021785372,15.0
7870.979032850519,0.6060529,0.012791848932496836,15.0
7871.979034423632,0.64912975,0.014133310826333264,15.0
7872.979035996744,0.58618504,0.013941939423682924,15.0
7873.979037569856,0.47076827,0.01482652084955316,11.100000000000001
7874.979039142969,0.60620195,0.015304368355060565,13.4
7875.979040716081,0.447585,0.015346717846821092,11.100000000000001
7876.979042289193,0.40577552,0.014847035610243257,13.4
7877.979043862306,0.34591696,0.015845843183108454,9.700000000000001
7878.979045435418,0.39530143,0.014998965561443043,13.8
7879.97904700853,0.51917994,0.014763124070695894,13.5
7880.979048581643,0.5466568,0.014797650076018003,14.0
7881.979050154755,0.51992184,0.01340489482451247,14.0
7882.979051727867,0.64125425,0.013222567344076052,13.5
7883.97905330098,0.6043257,0.012162802235129788,14.100000000000001
7884.979054874092,0.84654444,0.011525421936207751,14.100000000000001
7885.979056447204,0.8523056,0.011639690764794155,14.100000000000001
7886.979058020317,0.88832945,0.011720779913963968,14.0
7887.979059593429,0.8789002,0.008578105110561944,15.0
7888.979061166541,0.8293544,0.008087544899862579,13.0
7889.979062739654,0.70316756,0.00691822484408264,13.4
7890.979064312766,0.750623,0.0065725171663218295,14.200000000000001
7891.979065885878,0.81289303,0.006381425368311783,13.4
7892.979067458991,0.7860238,0.006413195454815936,13.4
7893.979069032103,0.6136468,0.00639355438144917,14.200000000000001
7894.979070605215,0.64457774,0.006393982653628407,14.3
7895.979072178328,0.63298476,0.005390297421530039,13.4
7896.97907375144,0.697697,0.004360155147552189,13.200000000000001
7897.9790753245525,0.78238356,0.002331691938532852,11.700000000000001
7898.979076897665,0.80831546,0.002527266868131367,13.600000000000001
7899.9790784707775,0.7796376,0.004181992127023892,7.800000000000001
7900.97908004389,0.78591126,0.004432742447795189,7.800000000000001
7901.9790816170025,0.8299394,0.004769593248432644,12.700000000000001
7902.979083190115,0.80372447,0.0059744307881934,12.700000000000001
7903.979084763227,0.78555995,0.006043276944335356,12.700000000000001
7904.97908633634,0.6542672,0.006440454582916334,14.8
7905.979087909452,0.37566668,0.007730472705102328,14.8
7906.979089482564,0.26607633,0.007917460924227761,14.8
7907.979091055677,0.28102311,0.04242697192736636,1.6
7908.979092628789,0.55035377,0.04379374210316075,1.6
7909.979094201901,0.31453517,0.0437941455201334,1.7000000000000002
7910.979095775014,0.40750566,0.04401692965991688,1.6
7911.979097348126,0.4507831,0.044180177206811125,1.6
7912.979098921238,0.68793434,0.04409078954912504,1.6
7913.979100494351,0.50696754,0.05169197359684525,1.9000000000000001
7914.979102067463,0.47988468,0.0554221657188432,1.9000000000000001
7915.979103640575,0.3334672,0.05558619632129152,1.9000000000000001
7916.979105213688,0.38349468,0.0558342590405986,1.9000000000000001
7917.9791067868,0.4094378,0.03798827645094354,3.3000000000000003
7918.979108359912,0.6007484,0.03855188348679107,1.2000000000000002
7919.979109933025,0.6322003,0.04087246935932039,3.0
7920.979111506137,0.63094944,0.041478980292262976,1.4000000000000001
7921.979113079249,0.7299872,0.04144806406902047,1.4000000000000001
7922.979114652362,0.58911425,0.04178633625300445,1.4000000000000001
7923.979116225474,0.067422174,0.03223159260542024,1.4000000000000001
7924.979117798586,0.10667246,0.025497258605655368,9.4
7925.979119371699,0.16648313,0.025940641497923526,9.600000000000001
7926.979120944811,0.17383419,0.026625146096157667,9.600000000000001
7927.979122517923,0.149461,0.026225261579026576,9.600000000000001
7928.979124091036,0.40490183,0.023794440283143807,12.3
7929.979125664148,0.21404076,0.02034300683999791,12.600000000000001
7930.97912723726,0.30965433,0.01873099995349374,13.5
7931.979128810373,0.25721505,0.01842941498192284,13.5
7932.979130383485,0.17265284,0.018244335756154337,13.5
7933.9791319565975,0.32262975,0.017620461276365944,13.5
7934.97913352971,0.27640727,0.018441087963773056,14.5
7935.9791351028225,0.37245175,0.016925044383173368,14.5
7936.979136675935,0.2620187,0.017046302500995394,13.4
7937.9791382490475,0.22158976,0.016675194397151736,14.5
7938.97913982216,0.18217762,0.016646747917504458,14.5
7939.979141395272,0.1052721,0.016144279652224244,14.5
7940.979142968385,0.17075829,0.01608235987651549,14.5
7941.979144541497,0.07047268,0.01711723489284642,12.8
7942.979146114609,0.11151674,0.016633331586521777,10.700000000000001
7943.979147687722,0.100131206,0.040821170875215244,5.2
7944.979149260834,0.16941075,0.040630268515655474,5.2
7945.979150833946,0.28328893,0.04144627502805394,5.2
7946.979152407059,0.32512727,0.04100807039635248,4.9
7947.979153980171,0.41212976,0.04099610896206663,5.9
7948.979155553283,0.4960221,0.04079674634405769,5.9
7949.979157126396,0.45436898,0.04051935099376785,5.9
7950.979158699508,0.52959764,0.04146953624742866,14.9
7951.97916027262,0.535343,0.04132093017850059,5.9
7952.979161845733,0.7048177,0.04147275610303733,5.800000000000001
7953.979163418845,0.62805635,0.018302221446698578,14.9
7954.979164991957,0.6042142,0.017193130839687647,14.9
7955.97916656507,0.70422035,0.016484058228768087,11.200000000000001
7956.979168138182,0.5269626,0.015327644630175078,11.200000000000001
7957.979169711294,0.5777046,0.01462633863804949,11.200000000000001
7958.979171284407,0.47233444,0.014601627648869802,11.200000000000001
7959.979172857519,0.663772,0.016109062171452644,9.8
7960.979174430631,0.30965966,0.013265086574046007,10.600000000000001
7961.979176003744,0.41665375,0.012329506382823522,9.8
7962.979177576856,0.40942818,0.01549252473689049,13.5
7963.979179149968,0.54629415,0.01870394736320547,10.9
7964.979180723081,0.4266346,0.021888777596068665,7.1000000000000005
7965.979182296193,0.66816896,0.022573813961605384,7.6000000000000005
7966.979183869305,0.49306828,0.0232849863698865,7.5
7967.979185442418,0.41416788,0.023899322378928164,7.6000000000000005
7968.97918701553,0.22518437,0.025804868876629326,7.6000000000000005
7969.9791885886425,0.42024374,0.02564935531274886,7.6000000000000005
7970.9791901617555,0.34320614,0.02612968861734247,7.6000000000000005
7971.9791917348675,0.49769682,0.02748508554161066,7.6000000000000005
7972.97919330798,0.46352762,0.02558365366484152,7.6000000000000005
7973.979194881093,0.48835307,0.023313739453148193,7.6000000000000005
7974.979196454205,0.7427371,0.021105914542069275,7.6000000000000005
7975.979198027317,0.535248,0.02117178403773581,8.5
7976.97919960043,0.5965509,0.020474708141692048,8.5
7977.979201173542,0.35000604,0.019858494577697006,8.5
7978.979202746654,0.4668787,0.017295109682428825,8.5
7979.979204319767,0.19227558,0.016530453021474687,10.600000000000001
7980.979205892879,0.3573388,0.017016988828558365,8.1
7981.979207465991,0.3621502,0.015490358692777444,8.0
7982.979209039104,0.12879294,0.017515156545529955,13.100000000000001
7983.979210612216,0.2702669,0.018774664356541116,7.2
7984.979212185328,0.28125876,0.018706894670708383,7.2
7985.979213758441,0.0817215,0.016403910531498193,7.2
7986.979215331553,0.19501656,0.016285549095632255,7.2
7987.979216904666,0.21125817,0.01610500409092062,7.2
7988.979218477778,0.4683497,0.0160155004738966,7.2
7989.97922005089,0.4475653,0.015484311502877417,7.2
7990.979221624003,0.50800425,0.014092533490539235,7.2
7991.979223197115,0.5056502,0.013185009373622955,7.2
7992.979224770227,0.6973504,0.011178057383283606,7.2
7993.97922634334,0.7509727,0.009988361773692538,6.0
7994.979227916452,0.77803445,0.009664690259792046,6.0
7995.979229489564,0.85194045,0.00998038827025671,5.800000000000001
7996.979231062677,0.7742035,0.011598701299772494,5.9
7997.979232635789,0.68347156,0.013102416132270353,5.9
7998.979234208901,0.4912439,0.013707014686998267,8.6
7999.979235782014,0.20288225,0.014912292924468634,8.6
8000.979237355126,0.15770842,0.015565637166686346,8.6
8001.979238928238,0.12120722,0.015594481475444249,8.6
8002.979240501351,0.34801137,0.015236700641703519,8.6
8003.979242074463,0.19748822,0.014022198552911654,9.1
8004.9792436475755,0.26964036,0.014406779116284062,9.1
8005.979245220688,0.22885296,0.014696047658209912,13.4
8006.9792467938005,0.3195987,0.013744425595007666,13.4
8007.9792483669125,0.32331508,0.012581052674264145,13.8
8008.9792499400255,0.3778219,0.012198963181444788,13.4
8009.979251513138,0.408533,0.011693198762405325,12.3
8010.97925308625,0.21816503,0.01165238320674216,13.700000000000001
8011.979254659363,0.14128593,0.012805931536052532,13.700000000000001
8012.979256232475,0.60231215,0.012074982870765508,13.100000000000001
8013.979257805587,0.3869453,0.01228322469516545,13.100000000000001
8014.9792593787,0.4422208,0.010874396261329394,14.4
8015.979260951812,0.46481565,0.010608671520428197,14.4
8016.979262524924,0.4851858,0.010224129532650795,14.4
8017.979264098037,0.38765174,0.009889181029409697,13.100000000000001
8018.979265671149,0.62537235,0.009540602818802197,14.3
8019.979267244261,0.48108852,0.008397616391739672,12.9
8020.979268817374,0.7287563,0.0225840884100518,0.30000000000000004
8021.979270390486,0.8528971,0.07651583999601297,1.0
8022.979271963598,0.9051293,0.09252310437431306,1.3
8023.979273536711,0.415915,0.11206186890354372,0.8
8024.979275109823,0.43048006,0.11221932745884719,0.8
8025.979276682935,0.4808241,0.11231226612698028,0.8
8026.979278256048,0.44466862,0.11231502941703625,0.8
8027.97927982916,0.53136384,0.11231750805493676,0.8
8028.979281402272,0.5162029,0.11231686019794376,0.8
8029.979282975385,0.7827118,0.11231091939107776,0.8
8030.979284548497,0.87985176,0.11049966400994671,1.3
8031.979286121609,0.8879006,0.08299152596742693,1.0
8032.979287694722,0.8509061,0.0649977202694824,0.9
8033.979289267834,0.5638928,0.015325978308349112,12.100000000000001
8034.979290840946,0.59995216,0.014308558277337076,14.700000000000001
8035.979292414059,0.45021018,0.013620915345480818,13.200000000000001
8036.979293987171,0.63432616,0.013608890738015288,9.600000000000001
8037.979295560283,0.7296642,0.013602052550497514,9.600000000000001
8038.979297133396,0.6342658,0.013655199062800234,9.600000000000001
8039.979298706508,0.7158523,0.013643939214568225,9.600000000000001
8040.9793002796205,0.81390166,0.04161626108188916,1.9000000000000001
8041.979301852733,0.9037854,0.04624514293367405,1.9000000000000001
8042.9793034258455,0.8401491,0.048632045822970704,2.0
8043.979304998958,0.7420157,0.04924451289012436,2.0
8044.9793065720705,0.9232538,0.04923585522409496,2.0
8045.979308145183,0.92197174,0.04986153450356377,2.0
8046.979309718295,0.8936445,0.04988273537816311,2.0
8047.979311291408,0.9045244,0.05025276008506213,2.0
8048.97931286452,0.8615922,0.05029888819899139,2.0
8049.979314437632,0.91457427,0.05031004587502867,2.0
8050.979316010745,0.78295064,0.03060995450973317,11.3
8051.979317583857,0.8153115,0.02192261041564833,2.0
8052.979319156969,0.773204,0.014322907280491688,14.5
8053.979320730082,0.864999,0.011706240938309432,7.7
8054.979322303194,0.88810956,0.011421181271993453,8.3
8055.979323876306,0.8946893,0.007698466936144439,7.7
8056.979325449419,0.9124209,0.007515889298734805,10.100000000000001
8057.979327022531,0.87145543,0.006564040977231088,13.600000000000001
8058.979328595643,0.94719017,0.007350318299572695,14.3
8059.979330168756,0.92731106,0.010200441185672388,14.0
8060.979331741868,0.8561421,0.01116687651695744,12.0
8061.97933331498,0.82837087,0.011718602117293947,12.0
8062.979334888093,0.522447,0.012139381874675137,12.0
8063.979336461205,0.255946,0.013467601078431646,12.0
8064.979338034317,0.26820767,0.014077097532901218,14.700000000000001
8065.97933960743,0.18358055,0.014509695973809753,13.9
8066.979341180542,0.24096183,0.015760421533758468,13.9
8067.979342753654,0.39699963,0.016268020964211864,13.9
8068.979344326767,0.39853725,0.016662627448116307,13.9
8069.979345899879,0.39882907,0.016657655813070923,13.9
8070.979347472991,0.48668298,0.01666835808205741,13.9
8071.979349046104,0.28565028,0.017482292354746184,13.4
8072.979350619216,0.26920807,0.01748656207478625,13.4
8073.979352192328,0.16382499,0.017122758845990533,13.4
8074.979353765441,0.27043173,0.017533554836814413,11.4
8075.979355338553,0.27613965,0.01739494741977762,11.4
8076.9793569116655,0.379218,0.01670443467450198,11.4
8077.9793584847785,0.24437772,0.015876009124024832,5.7
8078.9793600578905,0.29255563,0.015164168939483443,5.7
8079.979361631003,0.12808773,0.013686413017458267,14.8
8080.9793632041155,0.10345826,0.013829891074680816,14.8
8081.979364777228,0.20730254,0.023770737997712524,3.2
8082.97936635034,0.15888439,0.024573463406712345,3.9000000000000004
8083.979367923453,0.13318855,0.02565652434025198,2.9000000000000004
8084.979369496565,0.27734923,0.02794096595157183,2.9000000000000004
8085.979371069677,0.36155632,0.034968192739863076,8.0
8086.97937264279,0.6194386,0.03516300043518273,8.0
8087.979374215902,0.47218782,0.03503318862408309,8.0
8088.979375789014,0.38559422,0.036629113290161615,3.8000000000000003
8089.979377362127,0.37707368,0.04108901271264028,4.3
8090.979378935239,0.61916816,0.04213759349700959,8.9
8091.979380508351,0.79239804,0.03717940899930392,8.9
8092.979382081464,0.7566279,0.04334100075544374,8.9
8093.979383654576,0.8130305,0.04445872514805631,8.9
8094.979385227688,0.67747194,0.04365641327166849,8.9
8095.979386800801,0.7274987,0.03902724514226659,8.9
8096.979388373913,0.8340354,0.03910580924496344,8.9
8097.979389947025,0.8471233,0.04167355486203662,8.4
8098.979391520138,0.9261248,0.04116460364440394,6.300000000000001
8099.97939309325,0.90602183,0.03746574524538963,5.4
8100.979394666362,0.926764,0.03724297345496715,4.4
8101.979396239475,0.9427989,0.03742593360500084,6.7
8102.979397812587,0.7326377,0.029275498492041217,10.100000000000001
8103.979399385699,0.43151465,0.026625471016937786,8.8
8104.979400958812,0.4723513,0.02576938049666992,6.4
8105.979402531924,0.29074165,0.024508903972755784,6.4
8106.979404105036,0.5633277,0.023810892297811904,6.4
8107.979405678149,0.5106011,0.018820464536541986,7.9
8108.979407251261,0.45044357,0.017240867611676695,8.200000000000001
8109.979408824373,0.46975446,0.015466688911027836,8.200000000000001
8110.979410397486,0.5033957,0.012083322833065641,8.200000000000001
8111.979411970598,0.6035331,0.010634512242317108,8.200000000000001
8112.9794135437105,0.53742164,0.010617705829779167,8.0
8113.9794151168235,0.42565656,0.01067451766894377,5.7
8114.9794166899355,0.5220253,0.010259391017033308,5.7
8115.979418263048,0.56493765,0.013899353926195755,13.100000000000001
8116.979419836161,0.35336542,0.01391261892809579,13.100000000000001
8117.979421409273,0.49525893,0.01395970514073664,13.100000000000001
8118.979422982385,0.6481316,0.014981078926913256,13.100000000000001
8119.979424555498,0.6770321,0.014839935230685946,6.300000000000001
8120.97942612861,0.8364397,0.014655276343499783,13.100000000000001
8121.979427701722,0.8012124,0.014759350620004401,12.700000000000001
8122.979429274835,0.7957798,0.01582229290488065,6.300000000000001
8123.979430847947,0.7187689,0.015152743629963038,8.700000000000001
8124.979432421059,0.76001346,0.014117961150863906,12.4
8125.979433994172,0.739146,0.010990373225869312,3.9000000000000004
8126.979435567284,0.46321404,0.014074794334350445,8.9
8127.979437140396,0.39825806,0.014435159004172832,8.9
8128.979438713509,0.5201748,0.01300273057664377,7.7
8129.979440286621,0.37564716,0.015100785178853278,7.7
8130.979441859733,0.14664644,0.016944862135529985,7.7
8131.979443432846,0.11909397,0.01905161721028235,10.4
8132.979445005958,0.07561998,0.01897582178709744,10.9
8133.97944657907,0.13271078,0.020570893754764886,11.3
8134.979448152183,0.19566843,0.021768920813428596,11.3
8135.979449725295,0.31141946,0.022037046741032445,11.3
8136.979451298407,0.5409222,0.020492135153368052,10.8
8137.97945287152,0.2688468,0.02049751662012447,12.5
8138.979454444632,0.6541095,0.020451716538286268,10.8
8139.979456017744,0.52120155,0.019449532497759704,12.5
8140.979457590857,0.71637374,0.018348301906027428,11.200000000000001
8141.979459163969,0.7951933,0.01625092604276587,8.5
8142.979460737081,0.8029624,0.015722370605981008,8.5
8143.979462310194,0.7885691,0.014106483288166907,8.5
8144.979463883306,0.79139143,0.012971245392785713,9.200000000000001
8145.979465456419,0.9234501,0.01206231280216192,9.3
8146.979467029531,0.8979968,0.012973322027651201,9.200000000000001
8147.9794686026435,0.5698666,0.016207492376854364,9.200000000000001
8148.979470175756,0.6258304,0.025691284890899026,4.1000000000000005
8149.9794717488685,0.17964353,0.02909070808687185,6.6000000000000005
8150.979473321981,0.4548272,0.029486686455623145,6.6000000000000005
8151.9794748950935,0.54791766,0.029439989701652913,6.6000000000000005
8152.979476468206,0.21413429,0.029515350597932984,6.6000000000000005
8153.979478041318,0.49038985,0.029654842503589834,6.6000000000000005
8154.979479614431,0.599474,0.03072719872835271,5.800000000000001
8155.979481187543,0.7411439,0.030830115046098304,6.6000000000000005
8156.979482760655,0.5837094,0.030920780002809626,6.6000000000000005
8157.979484333768,0.45158193,0.03331771690306143,5.2
8158.97948590688,0.24356046,0.02770798465985971,6.0
8159.979487479992,0.14622685,0.024889800239688342,9.600000000000001
8160.979489053105,0.59779924,0.02428927029586984,5.6000000000000005
8161.979490626217,0.53260833,0.02423330515100576,5.6000000000000005
8162.979492199329,0.32687548,0.024541165991653773,6.800000000000001
8163.979493772442,0.17529541,0.02433309063583537,6.800000000000001
8164.979495345554,0.102545634,0.02783306911201318,5.4
8165.979496918666,0.04268733,0.029258147890993874,5.9
8166.979498491779,0.0916589,0.028646980450291647,5.2
8167.979500064891,0.17199907,0.023604627380363775,5.2
8168.979501638003,0.24497002,0.02264681830054264,5.2
8169.979503211116,0.5563301,0.02162679814897756,5.2
8170.979504784228,0.43800715,0.022249158385245806,5.800000000000001
8171.97950635734,0.5416182,0.022221948908174142,5.800000000000001
8172.979507930453,0.48726156,0.021702393311942524,5.800000000000001
8173.979509503565,0.567679,0.02266317348872525,5.800000000000001
8174.979511076677,0.37617806,0.016920416015194468,9.700000000000001
8175.97951264979,0.5604557,0.014909528780699776,9.4
8176.979514222902,0.29604575,0.015968475449862816,8.1
8177.979515796014,0.33096078,0.018532151509249136,9.5
8178.979517369127,0.21809651,0.018838645896402398,7.6000000000000005
8179.979518942239,0.35434538,0.018947470203146202,10.8
8180.979520515351,0.39282134,0.017990149112401738,11.0
8181.979522088464,0.57996213,0.019044272724184477,11.5
8182.979523661576,0.49808168,0.018840096352387103,11.0
8183.9795252346885,0.49634868,0.01909246750879725,11.5
8184.979526807801,0.5361371,0.06640729010829584,0.8
8185.9795283809135,0.659113,0.06678757852248189,0.8
8186.979529954026,0.5371011,0.06726016137383413,0.8
8187.9795315271385,0.68817955,0.07747763207582888,0.7000000000000001
8188.979533100251,0.74990034,0.08405915432714707,1.0
8189.979534673363,0.71909094,0.10149842326669457,1.0
8190.979536246476,0.75054026,0.10432222809509843,1.0
8191.979537819588,0.6015854,0.10642467835986497,1.0
8192.9795393927,0.5909669,0.1084719631441544,1.0
8193.979540965813,0.28479803,0.10929513299899143,1.0
8194.979542538924,0.26030922,0.08986687933017601,2.3000000000000003
8195.979544112037,0.14995253,0.08947079046130714,2.3000000000000003
8196.97954568515,0.58383906,0.08905322633746852,2.3000000000000003
8197.979547258263,0.7356252,0.07998620292564877,2.4000000000000004
8198.979548831374,0.44170585,0.0730146439016596,4.1000000000000005
8199.979550404487,0.4662219,0.045853389676278604,4.0
8200.979551977598,0.43144467,0.03879528596831594,3.6
8201.979553550711,0.43864802,0.03192747682216648,4.2
8202.979555123824,0.7321227,0.025371892828374782,4.2
8203.979556696935,0.6461884,0.01961876611113898,3.0
8204.979558270048,0.8805696,0.01466591147879227,3.0
8205.979559843161,0.8597673,0.014506225742302524,3.0
8206.979561416272,0.75754726,0.014188321064194244,3.0
8207.979562989385,0.73171896,0.013968448476545135,3.0
8208.979564562498,0.7490987,0.01384331649606917,3.0
8209.97956613561,0.9139408,0.011990354458272175,3.0
8210.979567708722,0.87256247,0.011898030533700959,2.9000000000000004
8211.979569281835,0.7722173,0.015479467720233809,2.5
8212.979570854946,0.76004875,0.011054043412990504,5.9
8213.97957242806,0.50773084,0.011168561777998071,5.9
8214.979574001172,0.6554571,0.01907011619398077,5.7
8215.979575574283,0.424386,0.02273668294662773,5.6000000000000005
8216.979577147396,0.5216889,0.25190174390899384,0.1
8217.97957872051,0.73349744,0.261787420027978,0.2
8218.97958029362,0.86535996,0.2648674399851299,0.1
8219.979581866733,0.84857184,0.2710285728601994,0.1
8220.979583439846,0.79288244,0.2711767894858891,0.1
8221.979585012958,0.8933895,0.2744586823366963,0.1
8222.97958658607,0.89666444,0.2748189894900387,2.4000000000000004
8223.979588159184,0.8844863,0.27483679596644617,2.4000000000000004
8224.979589732297,0.91722864,0.27434054643913386,2.4000000000000004
8225.979591305408,0.8531373,0.27423664085353444,0.4
8226.97959287852,0.7330164,0.11279288660135289,1.4000000000000001
8227.979594451634,0.67064035,0.08768342296795796,2.8000000000000003
8228.979596024745,0.6572106,0.07499529212093432,3.2
8229.979597597858,0.6550731,0.04887250829777176,3.3000000000000003
8230.97959917097,0.691111,0.04785751243768014,4.1000000000000005
8231.979600744082,0.6747406,0.01846585940820237,4.1000000000000005
8232.979602317195,0.7368097,0.005871522154640103,4.4
8233.979603890308,0.61333853,0.006324066556888163,4.4
8234.979605463419,0.6702397,0.008286241924907484,4.4
8235.979607036532,0.624462,0.01512532664246568,4.4
8236.979608609645,0.78460807,0.015140183775796392,4.4
8237.979610182756,0.64920634,0.014752275264905185,4.4
8238.979611755869,0.7540441,0.014738324719527102,4.4
8239.979613328982,0.7416831,0.01641900649290492,4.0
8240.979614902093,0.903543,0.12807365709236557,1.4000000000000001
8241.979616475206,0.8692797,0.13404180077669686,1.6
8242.979618048319,0.89081943,0.20516673092995844,1.4000000000000001
8243.97961962143,0.83255297,0.2117915773808529,2.8000000000000003
8244.979621194543,0.8725798,0.2176242959561814,1.3
8245.979622767656,0.82468665,0.22655352945809626,1.3
8246.979624340767,0.7420139,0.22675207049083448,1.3
8247.97962591388,0.40472716,0.22677666497284318,1.3
8248.979627486993,0.6442251,0.2267955058343827,1.3
8249.979629060104,0.81750447,0.22668839910654048,1.3
8250.979630633217,0.7129968,0.18780685905886801,2.8000000000000003
8251.97963220633,0.60028934,0.18361956064733106,5.7
8252.979633779441,0.5946876,0.09800827460707098,1.8
8253.979635352554,0.67637277,0.08295429409036364,1.5
8254.979636925667,0.51942235,0.06724743704766782,3.8000000000000003
8255.979638498779,0.19692513,0.03027639430745331,1.9000000000000001
8256.979640071891,0.20235303,0.033830494679983183,2.1
8257.979641645004,0.16809174,0.033855719107592226,2.0
8258.979643218116,0.2999292,0.03416241467176308,2.1
8259.979644791229,0.41959396,0.03483158591917154,2.1
8260.979646364342,0.48160288,0.03549790984005345,2.1
8261.979647937453,0.25959808,0.03684191356004746,2.1
8262.979649510566,0.3276498,0.03660540995933025,2.1
8263.979651083679,0.45339733,0.03694867286224431,2.1
8264.97965265679,0.70561534,0.03573998074097825,2.1
8265.979654229903,0.19581339,0.027674674640045218,5.7
8266.979655803016,0.38485405,0.021532451772346653,3.7
8267.979657376127,0.57043433,0.022396293207956122,10.600000000000001
8268.97965894924,0.5392914,0.02830301718232494,4.0
8269.979660522353,0.55470824,0.02798061831894566,9.3
8270.979662095464,0.37842673,0.02771628483666921,1.8
8271.979663668577,0.43320692,0.02832796912856,2.0
8272.97966524169,0.58808714,0.03049665597826504,8.5
8273.979666814801,0.6688657,0.029892407186761387,8.200000000000001
8274.979668387914,0.661405,0.028711146358632325,8.5
8275.979669961027,0.7779917,0.029449768982068438,8.5
8276.979671534138,0.69338506,0.02995658441258894,8.5
8277.979673107251,0.7032265,0.030471218574726695,11.200000000000001
8278.979674680364,0.52760154,0.025002411461777,11.200000000000001
8279.979676253475,0.41459808,0.025487023335513802,11.200000000000001
8280.979677826588,0.2971645,0.02489459807872116,11.200000000000001
8281.979679399701,0.5667105,0.025083352670624094,4.2
8282.979680972812,0.25673106,0.02351514265276038,4.2
8283.979682545925,0.19845499,0.023016962711001177,4.2
8284.979684119038,0.351366,0.022590837967508114,11.200000000000001
8285.97968569215,0.4872112,0.02121879844781438,11.200000000000001
8286.979687265262,0.4169619,0.020023557548712437,5.4
8287.979688838375,0.4216359,0.019661926671096588,3.3000000000000003
8288.979690411486,0.54907846,0.029091408966201226,5.4
8289.9796919846,0.77186686,0.029350726874797874,5.4
8290.979693557712,0.4324392,0.030325716409568573,5.4
8291.979695130824,0.3860262,0.028256421505438032,2.0
8292.979696703936,0.34304747,0.029560784286292562,5.300000000000001
8293.97969827705,0.48121586,0.03912620855441478,2.0
8294.97969985016,0.28932267,0.04155263084005183,2.0
8295.979701423274,0.3939863,0.04324874004296165,2.6
8296.979702996387,0.7201703,0.04963602907691459,5.300000000000001
8297.979704569498,0.5828517,0.05304789788856148,3.8000000000000003
8298.97970614261,0.33835536,0.054392373538626,6.4
8299.979707715724,0.49852142,0.06080571782928172,3.8000000000000003
8300.979709288835,0.43420646,0.06180416945911713,4.4
8301.979710861948,0.40659213,0.063497091805308,4.4
8302.97971243506,0.42065355,0.0626708252451104,4.4
8303.979714008172,0.22582841,0.057415502730954145,4.4
8304.979715581285,0.25695786,0.05633731868084309,4.4
8305.979717154398,0.4121827,0.055865636622614866,4.4
8306.979718727509,0.67217505,0.050538276097026616,4.4
8307.979720300622,0.61934364,0.04805926217901805,4.4
8308.979721873735,0.2843738,0.04134454351217611,4.4
8309.979723446846,0.3553916,0.03049585012527526,4.4
8310.979725019959,0.30956748,0.03015146367995774,4.4
8311.979726593072,0.60426337,0.030654787142075,4.6000000000000005
8312.979728166183,0.66165,0.03299800276558315,4.6000000000000005
8313.979729739296,0.5347629,0.03319087519006909,4.5
8314.979731312409,0.4023353,0.03215676950505843,4.5
8315.97973288552,0.5330926,0.030741447316381173,4.5
8316.979734458633,0.5266511,0.030358598050744073,4.5
8317.979736031746,0.3380163,0.027350008243591267,6.300000000000001
8318.979737604857,0.19111513,0.02682622471390654,3.7
8319.97973917797,0.1315484,0.02631677861849948,3.7
8320.979740751083,0.10715803,0.023708777251469162,7.0
8321.979742324194,0.14403406,0.017165295937096137,5.6000000000000005
8322.979743897307,0.07413391,0.011114496293104978,4.2
8323.97974547042,0.1292856,0.011578898136867112,3.8000000000000003
8324.979747043531,0.49590153,0.020363364716530514,4.0
8325.979748616644,0.2573151,0.022879887155428675,3.8000000000000003
8326.979750189757,0.25494802,0.02500925442869979,1.7000000000000002
8327.979751762869,0.45641375,0.027169021474897487,4.0
8328.979753335982,0.4703065,0.0295390738736657,9.600000000000001
8329.979754909094,0.7101161,0.03012329189751801,9.600000000000001
8330.979756482206,0.82294786,0.030331177328515643,9.600000000000001
8331.979758055319,0.83000195,0.03121935380587579,9.600000000000001
8332.979759628432,0.8223491,0.0330864251403521,9.600000000000001
8333.979761201543,0.85645443,0.03261118964004891,9.600000000000001
8334.979762774656,0.866026,0.02797722986844305,10.600000000000001
8335.979764347769,0.86275846,0.029194171762907648,11.100000000000001
8336.97976592088,0.44196483,0.027342546833498984,10.8
8337.979767493993,0.81377834,0.028539022598593883,11.100000000000001
8338.979769067106,0.70694774,0.02668373207869047,4.7
8339.979770640217,0.62140346,0.02635837514236939,11.100000000000001
8340.97977221333,0.3182445,0.02589531224308423,5.5
8341.979773786443,0.5023359,0.025608535554933268,4.1000000000000005
8342.979775359554,0.4274077,0.023075176127692058,5.4
8343.979776932667,0.7897752,0.022631087443864426,5.4
8344.97977850578,0.8472401,0.02324665096858132,6.7
8345.979780078891,0.8904582,0.01950711339915152,5.5
8346.979781652004,0.6873783,0.019509533910914055,5.5
8347.979783225117,0.7743659,0.01584277371054704,7.5
8348.979784798228,0.8106273,0.015388523456295933,7.5
8349.979786371341,0.805415,0.015649751576544527,6.4
8350.979787944454,0.73114425,0.01674818960823937,8.5
8351.979789517565,0.8016688,0.015659508517697457,8.5
8352.979791090678,0.7577302,0.016205286231157214,7.6000000000000005
8353.979792663791,0.44962382,0.020644531665557346,7.6000000000000005
8354.979794236902,0.51609975,0.020075701639197918,7.6000000000000005
8355.979795810015,0.5519695,0.020248388703800316,8.6
8356.979797383128,0.7600476,0.02096739398392584,3.6
8357.97979895624,0.62922657,0.019901146513843088,3.3000000000000003
8358.979800529352,0.5377119,0.021732869412285184,3.3000000000000003
8359.979802102465,0.34573528,0.021780628560983867,3.3000000000000003
8360.979803675576,0.28780514,0.020641053895305222,3.3000000000000003
8361.97980524869,0.31261268,0.022681798025510437,3.6
8362.979806821802,0.18691398,0.02399976082069902,3.1
8363.979808394914,0.35922647,0.023725129948498232,8.700000000000001
8364.979809968027,0.30557227,0.023950317037458653,8.700000000000001
8365.97981154114,0.18884364,0.025921201931343153,4.7
8366.97981311425,0.21815868,0.031555572367541765,4.1000000000000005
8367.979814687364,0.40164053,0.03213182752209591,4.1000000000000005
8368.979816260477,0.6409139,0.03100767819199153,4.1000000000000005
8369.979817833588,0.7786612,0.03143396970479831,4.1000000000000005
8370.9798194067,0.7605553,0.03174736559794215,4.1000000000000005
8371.979820979814,0.73544866,0.03142535013440192,4.1000000000000005
8372.979822552925,0.70252395,0.030790716534459413,3.7
8373.979824126038,0.5814719,0.029561086225295075,5.7
8374.97982569915,0.64301205,0.030588558457553757,5.7
8375.979827272262,0.91222537,0.0295952647576643,5.7
8376.979828845375,0.8744399,0.024113372902665377,3.3000000000000003
8377.979830418488,0.90584713,0.023459242436851123,14.3
8378.979831991599,0.8758964,0.023016791622358753,14.3
8379.979833564712,0.8457091,0.0219544530306474,5.1000000000000005
8380.979835137825,0.5488245,0.021459048727887408,7.9
8381.979836710936,0.6224554,0.021450190755321098,7.800000000000001
8382.979838284049,0.6605562,0.022672306794941362,7.800000000000001
8383.979839857162,0.47326756,0.02097552472024484,7.800000000000001
8384.979841430273,0.5165059,0.023570979001325636,7.0
8385.979843003386,0.3811834,0.023805084592168624,8.4
8386.979844576499,0.51737434,0.024750606782911105,7.300000000000001
8387.97984614961,0.5669044,0.026026329697831224,7.300000000000001
8388.979847722723,0.5485864,0.026067766361053585,7.300000000000001
8389.979849295836,0.48101485,0.025715741744675214,7.300000000000001
8390.979850868947,0.32969218,0.026322300976775192,7.300000000000001
8391.97985244206,0.7762127,0.038996440468391604,0.6000000000000001
8392.979854015173,0.8127537,0.03805515392999742,1.7000000000000002
8393.979855588284,0.697626,0.04778671347447353,0.6000000000000001
8394.979857161397,0.810045,0.0733791178228184,1.9000000000000001
8395.97985873451,0.67813796,0.07341262647027161,1.8
8396.979860307621,0.6912148,0.0732014578421959,1.8
8397.979861880734,0.6918017,0.07289979451295692,1.8
8398.979863453847,0.82444406,0.07384065582288717,1.8
8399.979865026959,0.8834636,0.07576527833670899,1.8
8400.979866600072,0.7218968,0.07608678527544681,1.8
8401.979868173185,0.7956174,0.07002645610494683,2.0
8402.979869746296,0.42911685,0.07006179887033097,2.0
8403.979871319409,0.27021942,0.06903589752005523,0.1
8404.979872892522,0.6732066,0.11433118625894012,2.3000000000000003
8405.979874465633,0.91655815,0.11616510570099647,3.8000000000000003
8406.979876038746,0.9742488,0.11676788640489404,3.8000000000000003
8407.979877611859,0.96148044,0.12025159827523196,3.8000000000000003
8408.97987918497,0.9507341,0.12012023707276374,3.8000000000000003
8409.979880758083,0.97689587,0.11896563172798064,3.8000000000000003
8410.979882331196,0.9721676,0.11906478106022594,3.8000000000000003
8411.979883904307,0.99056375,0.11936141785839258,3.9000000000000004
8412.97988547742,0.97244406,0.1192778523524538,3.9000000000000004
8413.979887050533,0.95713526,0.11629242325287578,3.9000000000000004
8414.979888623644,0.8896116,0.04490867716768587,3.7
8415.979890196757,0.701081,0.04176535419815716,7.0
8416.97989176987,0.8690007,0.04396298807808811,4.6000000000000005
8417.979893342981,0.93450963,0.03350496493702699,4.9
8418.979894916094,0.9357375,0.032025324539081405,4.4
8419.979896489207,0.9236662,0.03249740583358072,4.6000000000000005
8420.979898062318,0.8888946,0.031151217959073912,4.2
8421.979899635431,0.94412804,0.03225248438743772,3.5
8422.979901208544,0.9554926,0.034879199940024225,9.3
8423.979902781655,0.9471303,0.037495879176996434,5.4
8424.979904354768,0.9655259,0.03956378694516573,4.0
8425.979905927881,0.7816118,0.03747777513900868,4.6000000000000005
8426.979907500992,0.39503887,0.032331546598411164,6.1000000000000005
8427.979909074105,0.35022455,0.03246399663992356,6.1000000000000005
8428.979910647218,0.3949051,0.032634743491626185,6.1000000000000005
8429.97991222033,0.71956646,0.03189858637616388,6.1000000000000005
8430.979913793442,0.8804561,0.03134478759312283,4.7
8431.979915366555,0.8459994,0.029647959007531272,6.1000000000000005
8432.979916939667,0.8228326,0.02635897307149843,4.6000000000000005
8433.97991851278,0.7470064,0.02303255074818226,5.4
8434.979920085892,0.5974477,0.022126443234116347,3.4000000000000004
8435.979921659004,0.70856994,0.023192070054784443,3.4000000000000004
8436.979923232117,0.7136955,0.029733127386081273,3.6
8437.97992480523,0.78673756,0.029045736069169596,3.6
8438.97992637834,0.79365873,0.02896165912155072,3.6
8439.979927951454,0.87190974,0.03231631688317757,3.6
8440.979929524567,0.8266427,0.03406230887453329,3.6
8441.979931097678,0.84356415,0.03340633775935537,2.8000000000000003
8442.97993267079,0.8094604,0.0403134307090677,3.6
8443.979934243904,0.49053136,0.042416107121830124,3.6
8444.979935817015,0.69366246,0.041117743745847285,3.9000000000000004
8445.979937390128,0.6419134,0.04106014851633809,3.9000000000000004
8446.97993896324,0.7270795,0.040440472518256936,4.0
8447.979940536352,0.83349484,0.04070919024803757,4.0
8448.979942109465,0.7585955,0.04059612151301789,6.1000000000000005
8449.979943682578,0.81091815,0.039438954841118604,4.800000000000001
8450.979945255689,0.76686275,0.03864719359937818,4.800000000000001
8451.979946828802,0.8740394,0.03865177187226492,4.800000000000001
8452.979948401915,0.5279796,0.03204566709337417,8.700000000000001
8453.979949975026,0.60200804,0.027938208855998115,8.700000000000001
8454.979951548139,0.36457792,0.027222621140051726,7.6000000000000005
8455.979953121252,0.4216876,0.025239572439898213,7.6000000000000005
8456.979954694363,0.5515617,0.017259114863888377,5.9
8457.979956267476,0.50823754,0.017123942529593202,8.1
8458.97995784059,0.3370602,0.017741646838396023,8.1
8459.9799594137,0.4973718,0.015862540205490674,8.1
8460.979960986813,0.47355354,0.017122774435839146,8.1
8461.979962559926,0.3135619,0.017790629144015874,9.600000000000001
8462.979964133037,0.12399427,0.02036699930174909,5.800000000000001
8463.97996570615,0.14446203,0.022586620142494514,5.800000000000001
8464.979967279263,0.2634221,0.02221806209219627,10.200000000000001
8465.979968852374,0.1658109,0.02275051151906529,3.1
8466.979970425487,0.40504533,0.030242207624690015,3.0
8467.9799719986,0.28036737,0.029819434955582508,3.0
8468.979973571712,0.1497377,0.03010977751695511,3.0
8469.979975144824,0.31107792,0.031767384191398636,3.0
8470.979976717937,0.2337103,0.03132360251243935,3.0
8471.979978291049,0.20456783,0.031100939950090035,2.7
8472.979979864162,0.26742402,0.029276913499532868,2.7
8473.979981437275,0.23215114,0.028366442625171125,2.7
8474.979983010386,0.38032833,0.029436397803551024,2.7
8475.979984583499,0.14916025,0.030384346407974987,2.8000000000000003
8476.979986156612,0.34620517,0.02402880032229932,6.6000000000000005
8477.979987729723,0.23277816,0.025093857830881305,6.6000000000000005
8478.979989302836,0.20128065,0.024635545979502925,6.6000000000000005
8479.979990875949,0.07248728,0.02287493560802218,6.6000000000000005
8480.97999244906,0.14780656,0.024020925300324753,7.6000000000000005
8481.979994022173,0.047368992,0.02408850420299281,7.6000000000000005
8482.979995595286,0.11737295,0.0235846631346977,4.800000000000001
8483.979997168397,0.083946586,0.022797448889127978,7.6000000000000005
8484.97999874151,0.35135376,0.021278309048296827,3.0
