yyyy-MM-dd	HH:mm:ss.fff	gyrX	gyrY	gyrZ	accX	accY	accZ	magX	magY	magZ	Marker	Energy	Angle	Classification
2026-02-12	15:02:38.410	3.99	-2.17	-1.925	0.109312	-1.003084	0.290848	0.369	1.14	0.1215	0	147	366	2
2026-02-12	15:02:38.430	15.505	-3.045	-3.57	0.116632	-0.953796	0.327692	0.369	1.146	0.12	0	147	366	2
2026-02-12	15:02:38.450	18.97	-3.5	-3.115	0.12566	-0.9211	0.359412	0.363	1.146	0.111	0	147	366	2
2026-02-12	15:02:38.470	17.395	-2.94	-2.835	0.11834	-0.899628	0.37088	0.3675	1.1445	0.111	0	147	366	2
2026-02-12	15:02:38.490	15.505	-3.185	-3.605	0.12932	-0.93818	0.360876	0.3735	1.143	0.1035	0	147	366	2
2026-02-12	15:02:38.510	15.435	-2.17	-3.745	0.138348	-0.903044	0.392108	0.3735	1.143	0.1035	0	147	366	2
2026-02-12	15:02:38.530	10.01	-0.84	-2.905	0.128588	-0.914756	0.391132	0.3675	1.143	0.1005	0	147	366	2
2026-02-12	15:02:38.550	5.6	-0.105	-2.8	0.118096	-0.911584	0.382348	0.3675	1.1415	0.099	0	147	366	2
2026-02-12	15:02:38.570	2.94	0.28	-3.5	0.12322	-0.908168	0.390156	0.3705	1.143	0.1005	0	147	366	2
2026-02-12	15:02:38.590	-1.26	0.91	-3.955	0.127612	-0.905484	0.385764	0.3675	1.146	0.102	0	147	366	2
2026-02-12	15:02:38.610	-2.765	0.035	-3.885	0.1281	-0.940132	0.35624	0.3705	1.137	0.102	0	136	362	2
2026-02-12	15:02:38.630	0.21	-0.28	-3.325	0.130296	-0.944524	0.3599	0.372	1.146	0.108	0	136	362	2
2026-02-12	15:02:38.650	2.17	0.035	-2.625	0.141032	-0.907924	0.397476	0.357	1.143	0.1035	0	136	362	2
2026-02-12	15:02:38.670	-2.1	1.19	-1.155	0.132004	-0.911584	0.385764	0.3705	1.146	0.0975	0	136	362	2
2026-02-12	15:02:38.690	-3.78	1.05	-0.56	0.12322	-0.939156	0.35624	0.363	1.1385	0.0975	0	136	362	2
2026-02-12	15:02:38.710	1.225	-0.07	-1.05	0.122	-0.946232	0.355264	0.366	1.146	0.1125	0	136	362	2
2026-02-12	15:02:38.730	6.09	-0.525	-0.77	0.12566	-0.919392	0.37454	0.366	1.143	0.1095	0	136	362	2
2026-02-12	15:02:38.750	3.92	-0.14	-0.805	0.129564	-0.879864	0.404308	0.3675	1.1385	0.105	0	136	362	2
2026-02-12	15:02:38.770	-2.24	0.455	-1.225	0.138348	-0.904508	0.395524	0.363	1.137	0.099	0	136	362	2
2026-02-12	15:02:38.790	-5.775	1.225	-1.785	0.1342	-0.910608	0.39162	0.3615	1.137	0.102	0	136	362	2
2026-02-12	15:02:38.810	-9.345	2.03	-1.575	0.134932	-0.918172	0.38552	0.366	1.1355	0.1065	0	125	365	2
2026-02-12	15:02:38.830	-11.445	1.995	-1.75	0.1342	-0.93208	0.368196	0.3645	1.152	0.105	0	125	365	2
2026-02-12	15:02:38.850	-10.92	2.065	-1.505	0.131272	-0.914268	0.380396	0.3615	1.1445	0.1095	0	125	365	2
2026-02-12	15:02:38.870	-12.74	3.36	-0.84	0.120048	-0.913292	0.405528	0.357	1.1445	0.114	0	125	365	2
2026-02-12	15:02:38.890	-17.605	6.02	0	0.164944	-0.928908	0.44042	0.3735	1.1505	0.108	0	125	365	2
2026-02-12	15:02:38.910	-27.265	11.48	2.66	0.125904	-0.891576	0.410408	0.369	1.1325	0.1185	0	125	365	2
2026-02-12	15:02:38.930	-24.36	11.025	1.33	0.136152	-1.105564	0.267424	0.3705	1.149	0.1065	0	125	365	2
2026-02-12	15:02:38.950	-13.93	10.955	4.445	0.110776	-1.039684	0.229604	0.372	1.146	0.1125	0	125	365	2
2026-02-12	15:02:38.970	-8.47	9.415	6.58	0.060024	-0.970388	0.273036	0.3705	1.146	0.1215	0	125	365	2
2026-02-12	15:02:38.990	-19.285	4.69	8.54	0.087108	-0.943304	0.2928	0.3615	1.143	0.1215	0	125	365	2
2026-02-12	15:02:39.010	-24.29	-0.875	4.655	0.136884	-0.99064	0.366976	0.363	1.1415	0.1215	0	114	368	2
2026-02-12	15:02:39.030	-11.515	-1.435	5.005	0.175436	-0.947452	0.27816	0.369	1.1445	0.126	0	114	368	2
2026-02-12	15:02:39.050	-19.39	-2.065	7.315	0.142984	-1.033828	0.284748	0.3645	1.143	0.1245	0	114	368	2
2026-02-12	15:02:39.070	-20.51	-3.745	10.535	0.096136	-1.058716	0.302316	0.375	1.1475	0.1365	0	114	368	2
2026-02-12	15:02:39.090	-10.815	-4.97	10.325	0.12932	-0.909144	0.346724	0.378	1.146	0.1395	0	114	368	2
2026-02-12	15:02:39.110	1.015	-1.68	6.405	0.179828	-0.881572	0.365756	0.3765	1.1505	0.1335	0	114	368	2
2026-02-12	15:02:39.130	10.08	4.235	6.965	0.165432	-1.020164	0.443836	0.384	1.158	0.138	0	114	368	2
2026-02-12	15:02:39.150	24.115	11.41	9.555	0.065148	-1.062376	0.287432	0.384	1.158	0.138	0	114	368	2
2026-02-12	15:02:39.170	54.495	13.965	9.45	0.011956	-1.048224	0.145668	0.381	1.152	0.132	0	114	368	2
2026-02-12	15:02:39.190	80.01	12.04	7.56	0.021472	-0.835944	0.258884	0.3795	1.1475	0.1215	0	114	368	2
2026-02-12	15:02:39.210	62.895	7.875	7.7	0.051972	-0.832528	0.345016	0.384	1.146	0.108	0	105	364	3
2026-02-12	15:02:39.230	29.015	3.78	8.995	0.039528	-0.86864	0.31232	0.3855	1.143	0.096	0	105	364	3
2026-02-12	15:02:39.250	7.98	-1.435	8.89	0.02196	-0.872056	0.186416	0.3825	1.143	0.093	0	105	364	3
2026-02-12	15:02:39.270	6.65	-9.835	7.105	0.045628	-0.909632	0.247416	0.3795	1.1445	0.0915	0	105	364	3
2026-02-12	15:02:39.290	16.94	-12.355	5.915	0.106384	-0.95038	0.4026	0.39	1.143	0.102	0	105	364	3
2026-02-12	15:02:39.310	33.95	-9.625	2.695	0.107604	-0.938668	0.45384	0.387	1.1445	0.0945	0	105	364	3
2026-02-12	15:02:39.330	42.665	-4.375	2.345	0.105652	-0.94916	0.564128	0.393	1.149	0.0825	0	105	364	3
2026-02-12	15:02:39.350	43.47	3.5	3.325	0.108336	-0.984052	0.548512	0.3945	1.14	0.084	0	105	364	3
2026-02-12	15:02:39.370	66.01	9.31	1.785	0.108824	-0.915244	0.453108	0.3975	1.14	0.072	0	105	364	3
2026-02-12	15:02:39.390	69.335	12.215	0.84	0.096136	-0.720288	0.47336	0.3975	1.1385	0.0525	0	105	364	3
2026-02-12	15:02:37.410	-0.945	-5.775	-1.19	0.103456	-0.8662	0.409188	0.378	1.152	0.1275	0	161	559	1
2026-02-12	15:02:37.430	-15.155	-4.76	1.68	0.111508	-0.979904	0.337208	0.3795	1.146	0.1215	0	161	559	1
2026-02-12	15:02:37.450	0.91	-3.605	0.245	0.109556	-0.964532	0.325008	0.378	1.1445	0.1245	0	161	559	1
2026-02-12	15:02:37.470	10.43	-2.45	-0.56	0.11834	-0.91622	0.319884	0.381	1.1415	0.132	0	161	559	1
2026-02-12	15:02:37.490	8.68	-2.03	-1.12	0.122732	-0.900848	0.312564	0.3765	1.1415	0.1305	0	161	559	1
2026-02-12	15:02:37.510	-14.49	0.105	1.26	0.143716	-0.921588	0.383812	0.3675	1.143	0.1245	0	161	559	1
2026-02-12	15:02:37.530	-36.925	4.41	3.5	0.143228	-0.974048	0.367464	0.381	1.143	0.132	0	161	559	1
2026-02-12	15:02:37.550	-33.88	8.575	2.345	0.121024	-0.959896	0.314516	0.381	1.1445	0.135	0	161	559	1
2026-02-12	15:02:37.570	-10.815	8.785	0.14	0.044164	-1.00894	0.214232	0.3825	1.146	0.135	0	161	559	1
2026-02-12	15:02:37.590	9.135	4.76	-2.03	0.037332	-0.99064	0.20862	0.369	1.1445	0.138	0	161	559	1
2026-02-12	15:02:37.610	20.615	-0.63	-2.905	0.08295999	-0.959896	0.284504	0.3675	1.14	0.1365	0	167	489	1
2026-02-12	15:02:37.630	4.655	-2.24	-0.595	0.091256	-0.897676	0.37576	0.381	1.1445	0.1305	0	167	489	1
2026-02-12	15:02:37.650	-5.25	-1.05	-1.82	0.142008	-0.933788	0.322568	0.372	1.1385	0.1365	0	167	489	1
2026-02-12	15:02:37.670	2.135	1.05	-1.785	0.127368	-0.921588	0.361608	0.3705	1.143	0.135	0	167	489	1
2026-02-12	15:02:37.690	-3.71	1.645	-0.49	0.092476	-0.947208	0.306708	0.3735	1.143	0.1365	0	167	489	1
2026-02-12	15:02:37.710	-12.635	0.77	-1.05	0.100284	-0.93208	0.298412	0.3795	1.1415	0.1395	0	167	489	1
2026-02-12	15:02:37.730	-15.575	0.35	-1.89	0.116876	-0.98332	0.29402	0.3825	1.1445	0.138	0	167	489	1
2026-02-12	15:02:37.750	-6.86	1.19	-1.96	0.099308	-0.971364	0.27328	0.381	1.146	0.1425	0	167	489	1
2026-02-12	15:02:37.770	3.325	1.085	-3.36	0.079788	-0.943792	0.266692	0.3795	1.1415	0.138	0	167	489	1
2026-02-12	15:02:37.790	6.16	0.14	-4.445	0.09272	-0.903776	0.289384	0.3855	1.1385	0.1455	0	167	489	1
2026-02-12	15:02:37.810	-1.96	0.28	-4.935	0.116632	-0.950868	0.334036	0.378	1.146	0.1335	0	169	437	3
2026-02-12	15:02:37.830	-6.965	1.12	-3.15	0.095648	-0.976	0.317932	0.3735	1.1355	0.1365	0	169	437	3
2026-02-12	15:02:37.850	-2.94	-0.385	-3.92	0.117364	-1.020652	0.288164	0.3795	1.146	0.141	0	169	437	3
2026-02-12	15:02:37.870	1.855	2.695	-1.575	0.116388	-0.987468	0.247416	0.3795	1.146	0.141	0	169	437	3
2026-02-12	15:02:37.890	12.845	3.43	-2.135	0.127612	-0.968924	0.32818	0.378	1.1445	0.141	0	169	437	3
2026-02-12	15:02:37.910	15.365	6.755	-1.26	0.141764	-0.949404	0.369904	0.3735	1.146	0.1365	0	169	437	3
2026-02-12	15:02:37.930	2.73	8.12	0.035	0.104432	-0.894504	0.264496	0.372	1.1445	0.1335	0	169	437	3
2026-02-12	15:02:37.950	-5.81	5.425	-0.315	0.084668	-0.951844	0.202276	0.3735	1.1415	0.1335	0	169	437	3
2026-02-12	15:02:37.970	4.62	2.59	-2.03	0.089792	-1.021384	0.235948	0.3765	1.1385	0.1365	0	169	437	3
2026-02-12	15:02:37.990	18.795	0.98	-2.73	0.088572	-0.954528	0.29768	0.3735	1.137	0.1335	0	169	437	3
2026-02-12	15:02:38.010	13.755	-0.49	-4.13	0.103212	-0.859612	0.364292	0.3735	1.137	0.1335	0	165	400	3
2026-02-12	15:02:38.030	4.305	0.175	-4.795	0.114924	-0.920124	0.350384	0.378	1.14	0.1245	0	165	400	3
2026-02-12	15:02:38.050	6.02	1.75	-3.78	0.112484	-1.062864	0.308416	0.3735	1.143	0.129	0	165	400	3
2026-02-12	15:02:38.070	23.415	1.155	-2.905	0.0976	-0.962824	0.281088	0.3735	1.158	0.129	0	165	400	3
2026-02-12	15:02:38.090	27.195	-0.84	-3.92	0.128588	-0.903532	0.354532	0.372	1.146	0.1245	0	165	400	3
2026-02-12	15:02:38.110	16.66	0.175	-3.045	0.1464	-0.893284	0.389668	0.3735	1.1385	0.1185	0	165	400	3
2026-02-12	15:02:38.130	2.695	1.33	-2.1	0.123708	-0.90402	0.375028	0.3735	1.14	0.117	0	165	400	3
2026-02-12	15:02:38.150	-1.505	1.75	-2.03	0.101504	-0.928176	0.321104	0.3705	1.14	0.1125	0	165	400	3
2026-02-12	15:02:38.170	3.71	0.175	-2.03	0.096136	-0.971608	0.31354	0.369	1.1415	0.1095	0	165	400	3
2026-02-12	15:02:38.190	10.185	-1.855	-0.77	0.116632	-0.925004	0.371612	0.3675	1.1385	0.114	0	165	400	3
2026-02-12	15:02:38.210	5.495	-2.24	-0.77	0.116144	-0.890844	0.390156	0.3705	1.14	0.1125	0	157	377	2
2026-02-12	15:02:38.230	-2.8	-1.085	-0.805	0.12688	-0.910608	0.380396	0.366	1.137	0.1155	0	157	377	2
2026-02-12	15:02:38.250	-5.145	0.175	-1.225	0.095892	-0.913048	0.3294	0.3645	1.137	0.1125	0	157	377	2
2026-02-12	15:02:38.270	-3.5	-1.365	-2.205	0.092964	-0.983076	0.299388	0.369	1.143	0.114	0	157	377	2
2026-02-12	15:02:38.290	5.6	-3.57	-2.345	0.124928	-0.947696	0.343552	0.3735	1.1415	0.114	0	157	377	2
2026-02-12	15:02:38.310	4.795	-2.765	-1.54	0.129808	-0.946232	0.354776	0.3735	1.14	0.117	0	157	377	2
2026-02-12	15:02:38.330	2.52	-1.82	0.035	0.124928	-0.95282	0.359656	0.3705	1.1415	0.117	0	157	377	2
2026-02-12	15:02:38.350	-2.66	0.63	0.315	0.109556	-0.824476	0.404064	0.369	1.1445	0.1125	0	157	377	2
2026-02-12	15:02:38.370	-11.445	0.42	-0.525	0.121268	-0.94428	0.333792	0.3675	1.1445	0.111	0	157	377	2
2026-02-12	15:02:38.390	-9.065	-0.49	-0.07	0.101992	-1.019432	0.277184	0.3645	1.1415	0.1125	0	157	377	2
2026-02-12	15:02:38.410	3.99	-2.17	-1.925	0.109312	-1.003084	0.290848	0.369	1.14	0.1215	0	147	366	2
2026-02-12	15:02:38.430	15.505	-3.045	-3.57	0.116632	-0.953796	0.327692	0.369	1.146	0.12	0	147	366	2
2026-02-12	15:02:38.450	18.97	-3.5	-3.115	0.12566	-0.9211	0.359412	0.363	1.146	0.111	0	147	366	2
2026-02-12	15:02:38.470	17.395	-2.94	-2.835	0.11834	-0.899628	0.37088	0.3675	1.1445	0.111	0	147	366	2
2026-02-12	15:02:38.490	15.505	-3.185	-3.605	0.12932	-0.93818	0.360876	0.3735	1.143	0.1035	0	147	366	2
2026-02-12	15:02:38.510	15.435	-2.17	-3.745	0.138348	-0.903044	0.392108	0.3735	1.143	0.1035	0	147	366	2
2026-02-12	15:02:38.530	10.01	-0.84	-2.905	0.128588	-0.914756	0.391132	0.3675	1.143	0.1005	0	147	366	2
2026-02-12	15:02:38.550	5.6	-0.105	-2.8	0.118096	-0.911584	0.382348	0.3675	1.1415	0.099	0	147	366	2
2026-02-12	15:02:38.570	2.94	0.28	-3.5	0.12322	-0.908168	0.390156	0.3705	1.143	0.1005	0	147	366	2
2026-02-12	15:02:38.590	-1.26	0.91	-3.955	0.127612	-0.905484	0.385764	0.3675	1.146	0.102	0	147	366	2
2026-02-12	15:02:38.610	-2.765	0.035	-3.885	0.1281	-0.940132	0.35624	0.3705	1.137	0.102	0	136	362	2
2026-02-12	15:02:38.630	0.21	-0.28	-3.325	0.130296	-0.944524	0.3599	0.372	1.146	0.108	0	136	362	2
2026-02-12	15:02:38.650	2.17	0.035	-2.625	0.141032	-0.907924	0.397476	0.357	1.143	0.1035	0	136	362	2
2026-02-12	15:02:38.670	-2.1	1.19	-1.155	0.132004	-0.911584	0.385764	0.3705	1.146	0.0975	0	136	362	2
2026-02-12	15:02:38.690	-3.78	1.05	-0.56	0.12322	-0.939156	0.35624	0.363	1.1385	0.0975	0	136	362	2
2026-02-12	15:02:38.710	1.225	-0.07	-1.05	0.122	-0.946232	0.355264	0.366	1.146	0.1125	0	136	362	2
2026-02-12	15:02:38.730	6.09	-0.525	-0.77	0.12566	-0.919392	0.37454	0.366	1.143	0.1095	0	136	362	2
2026-02-12	15:02:38.750	3.92	-0.14	-0.805	0.129564	-0.879864	0.404308	0.3675	1.1385	0.105	0	136	362	2
2026-02-12	15:02:38.770	-2.24	0.455	-1.225	0.138348	-0.904508	0.395524	0.363	1.137	0.099	0	136	362	2
2026-02-12	15:02:38.790	-5.775	1.225	-1.785	0.1342	-0.910608	0.39162	0.3615	1.137	0.102	0	136	362	2
2026-02-12	15:02:38.810	-9.345	2.03	-1.575	0.134932	-0.918172	0.38552	0.366	1.1355	0.1065	0	125	365	2
2026-02-12	15:02:38.830	-11.445	1.995	-1.75	0.1342	-0.93208	0.368196	0.3645	1.152	0.105	0	125	365	2
2026-02-12	15:02:38.850	-10.92	2.065	-1.505	0.131272	-0.914268	0.380396	0.3615	1.1445	0.1095	0	125	365	2
2026-02-12	15:02:38.870	-12.74	3.36	-0.84	0.120048	-0.913292	0.405528	0.357	1.1445	0.114	0	125	365	2
2026-02-12	15:02:38.890	-17.605	6.02	0	0.164944	-0.928908	0.44042	0.3735	1.1505	0.108	0	125	365	2
2026-02-12	15:02:38.910	-27.265	11.48	2.66	0.125904	-0.891576	0.410408	0.369	1.1325	0.1185	0	125	365	2
2026-02-12	15:02:38.930	-24.36	11.025	1.33	0.136152	-1.105564	0.267424	0.3705	1.149	0.1065	0	125	365	2
2026-02-12	15:02:38.950	-13.93	10.955	4.445	0.110776	-1.039684	0.229604	0.372	1.146	0.1125	0	125	365	2
2026-02-12	15:02:38.970	-8.47	9.415	6.58	0.060024	-0.970388	0.273036	0.3705	1.146	0.1215	0	125	365	2
2026-02-12	15:02:38.990	-19.285	4.69	8.54	0.087108	-0.943304	0.2928	0.3615	1.143	0.1215	0	125	365	2
2026-02-12	15:02:39.010	-24.29	-0.875	4.655	0.136884	-0.99064	0.366976	0.363	1.1415	0.1215	0	114	368	2
2026-02-12	15:02:39.030	-11.515	-1.435	5.005	0.175436	-0.947452	0.27816	0.369	1.1445	0.126	0	114	368	2
2026-02-12	15:02:39.050	-19.39	-2.065	7.315	0.142984	-1.033828	0.284748	0.3645	1.143	0.1245	0	114	368	2
2026-02-12	15:02:39.070	-20.51	-3.745	10.535	0.096136	-1.058716	0.302316	0.375	1.1475	0.1365	0	114	368	2
2026-02-12	15:02:39.090	-10.815	-4.97	10.325	0.12932	-0.909144	0.346724	0.378	1.146	0.1395	0	114	368	2
2026-02-12	15:02:39.110	1.015	-1.68	6.405	0.179828	-0.881572	0.365756	0.3765	1.1505	0.1335	0	114	368	2
2026-02-12	15:02:39.130	10.08	4.235	6.965	0.165432	-1.020164	0.443836	0.384	1.158	0.138	0	114	368	2
2026-02-12	15:02:39.150	24.115	11.41	9.555	0.065148	-1.062376	0.287432	0.384	1.158	0.138	0	114	368	2
2026-02-12	15:02:39.170	54.495	13.965	9.45	0.011956	-1.048224	0.145668	0.381	1.152	0.132	0	114	368	2
2026-02-12	15:02:39.190	80.01	12.04	7.56	0.021472	-0.835944	0.258884	0.3795	1.1475	0.1215	0	114	368	2
2026-02-12	15:02:39.210	62.895	7.875	7.7	0.051972	-0.832528	0.345016	0.384	1.146	0.108	0	105	364	3
2026-02-12	15:02:39.230	29.015	3.78	8.995	0.039528	-0.86864	0.31232	0.3855	1.143	0.096	0	105	364	3
2026-02-12	15:02:39.250	7.98	-1.435	8.89	0.02196	-0.872056	0.186416	0.3825	1.143	0.093	0	105	364	3
2026-02-12	15:02:39.270	6.65	-9.835	7.105	0.045628	-0.909632	0.247416	0.3795	1.1445	0.0915	0	105	364	3
2026-02-12	15:02:39.290	16.94	-12.355	5.915	0.106384	-0.95038	0.4026	0.39	1.143	0.102	0	105	364	3
2026-02-12	15:02:39.310	33.95	-9.625	2.695	0.107604	-0.938668	0.45384	0.387	1.1445	0.0945	0	105	364	3
2026-02-12	15:02:39.330	42.665	-4.375	2.345	0.105652	-0.94916	0.564128	0.393	1.149	0.0825	0	105	364	3
2026-02-12	15:02:39.350	43.47	3.5	3.325	0.108336	-0.984052	0.548512	0.3945	1.14	0.084	0	105	364	3
2026-02-12	15:02:39.370	66.01	9.31	1.785	0.108824	-0.915244	0.453108	0.3975	1.14	0.072	0	105	364	3
2026-02-12	15:02:39.390	69.335	12.215	0.84	0.096136	-0.720288	0.47336	0.3975	1.1385	0.0525	0	105	364	3
2026-02-12	15:02:37.410	-0.945	-5.775	-1.19	0.103456	-0.8662	0.409188	0.378	1.152	0.1275	0	161	559	1
2026-02-12	15:02:37.430	-15.155	-4.76	1.68	0.111508	-0.979904	0.337208	0.3795	1.146	0.1215	0	161	559	1
2026-02-12	15:02:37.450	0.91	-3.605	0.245	0.109556	-0.964532	0.325008	0.378	1.1445	0.1245	0	161	559	1
2026-02-12	15:02:37.470	10.43	-2.45	-0.56	0.11834	-0.91622	0.319884	0.381	1.1415	0.132	0	161	559	1
2026-02-12	15:02:37.490	8.68	-2.03	-1.12	0.122732	-0.900848	0.312564	0.3765	1.1415	0.1305	0	161	559	1
2026-02-12	15:02:37.510	-14.49	0.105	1.26	0.143716	-0.921588	0.383812	0.3675	1.143	0.1245	0	161	559	1
2026-02-12	15:02:37.530	-36.925	4.41	3.5	0.143228	-0.974048	0.367464	0.381	1.143	0.132	0	161	559	1
2026-02-12	15:02:37.550	-33.88	8.575	2.345	0.121024	-0.959896	0.314516	0.381	1.1445	0.135	0	161	559	1
2026-02-12	15:02:37.570	-10.815	8.785	0.14	0.044164	-1.00894	0.214232	0.3825	1.146	0.135	0	161	559	1
2026-02-12	15:02:37.590	9.135	4.76	-2.03	0.037332	-0.99064	0.20862	0.369	1.1445	0.138	0	161	559	1
2026-02-12	15:02:37.610	20.615	-0.63	-2.905	0.08295999	-0.959896	0.284504	0.3675	1.14	0.1365	0	167	489	1
2026-02-12	15:02:37.630	4.655	-2.24	-0.595	0.091256	-0.897676	0.37576	0.381	1.1445	0.1305	0	167	489	1
2026-02-12	15:02:37.650	-5.25	-1.05	-1.82	0.142008	-0.933788	0.322568	0.372	1.1385	0.1365	0	167	489	1
2026-02-12	15:02:37.670	2.135	1.05	-1.785	0.127368	-0.921588	0.361608	0.3705	1.143	0.135	0	167	489	1
2026-02-12	15:02:37.690	-3.71	1.645	-0.49	0.092476	-0.947208	0.306708	0.3735	1.143	0.1365	0	167	489	1
2026-02-12	15:02:37.710	-12.635	0.77	-1.05	0.100284	-0.93208	0.298412	0.3795	1.1415	0.1395	0	167	489	1
2026-02-12	15:02:37.730	-15.575	0.35	-1.89	0.116876	-0.98332	0.29402	0.3825	1.1445	0.138	0	167	489	1
2026-02-12	15:02:37.750	-6.86	1.19	-1.96	0.099308	-0.971364	0.27328	0.381	1.146	0.1425	0	167	489	1
2026-02-12	15:02:37.770	3.325	1.085	-3.36	0.079788	-0.943792	0.266692	0.3795	1.1415	0.138	0	167	489	1
2026-02-12	15:02:37.790	6.16	0.14	-4.445	0.09272	-0.903776	0.289384	0.3855	1.1385	0.1455	0	167	489	1
2026-02-12	15:02:37.810	-1.96	0.28	-4.935	0.116632	-0.950868	0.334036	0.378	1.146	0.1335	0	169	437	3
2026-02-12	15:02:37.830	-6.965	1.12	-3.15	0.095648	-0.976	0.317932	0.3735	1.1355	0.1365	0	169	437	3
2026-02-12	15:02:37.850	-2.94	-0.385	-3.92	0.117364	-1.020652	0.288164	0.3795	1.146	0.141	0	169	437	3
2026-02-12	15:02:37.870	1.855	2.695	-1.575	0.116388	-0.987468	0.247416	0.3795	1.146	0.141	0	169	437	3
2026-02-12	15:02:37.890	12.845	3.43	-2.135	0.127612	-0.968924	0.32818	0.378	1.1445	0.141	0	169	437	3
2026-02-12	15:02:37.910	15.365	6.755	-1.26	0.141764	-0.949404	0.369904	0.3735	1.146	0.1365	0	169	437	3
2026-02-12	15:02:37.930	2.73	8.12	0.035	0.104432	-0.894504	0.264496	0.372	1.1445	0.1335	0	169	437	3
2026-02-12	15:02:37.950	-5.81	5.425	-0.315	0.084668	-0.951844	0.202276	0.3735	1.1415	0.1335	0	169	437	3
2026-02-12	15:02:37.970	4.62	2.59	-2.03	0.089792	-1.021384	0.235948	0.3765	1.1385	0.1365	0	169	437	3
2026-02-12	15:02:37.990	18.795	0.98	-2.73	0.088572	-0.954528	0.29768	0.3735	1.137	0.1335	0	169	437	3
2026-02-12	15:02:38.010	13.755	-0.49	-4.13	0.103212	-0.859612	0.364292	0.3735	1.137	0.1335	0	165	400	3
2026-02-12	15:02:38.030	4.305	0.175	-4.795	0.114924	-0.920124	0.350384	0.378	1.14	0.1245	0	165	400	3
2026-02-12	15:02:38.050	6.02	1.75	-3.78	0.112484	-1.062864	0.308416	0.3735	1.143	0.129	0	165	400	3
2026-02-12	15:02:38.070	23.415	1.155	-2.905	0.0976	-0.962824	0.281088	0.3735	1.158	0.129	0	165	400	3
2026-02-12	15:02:38.090	27.195	-0.84	-3.92	0.128588	-0.903532	0.354532	0.372	1.146	0.1245	0	165	400	3
2026-02-12	15:02:38.110	16.66	0.175	-3.045	0.1464	-0.893284	0.389668	0.3735	1.1385	0.1185	0	165	400	3
2026-02-12	15:02:38.130	2.695	1.33	-2.1	0.123708	-0.90402	0.375028	0.3735	1.14	0.117	0	165	400	3
2026-02-12	15:02:38.150	-1.505	1.75	-2.03	0.101504	-0.928176	0.321104	0.3705	1.14	0.1125	0	165	400	3
2026-02-12	15:02:38.170	3.71	0.175	-2.03	0.096136	-0.971608	0.31354	0.369	1.1415	0.1095	0	165	400	3
2026-02-12	15:02:38.190	10.185	-1.855	-0.77	0.116632	-0.925004	0.371612	0.3675	1.1385	0.114	0	165	400	3
2026-02-12	15:02:38.210	5.495	-2.24	-0.77	0.116144	-0.890844	0.390156	0.3705	1.14	0.1125	0	157	377	2
2026-02-12	15:02:38.230	-2.8	-1.085	-0.805	0.12688	-0.910608	0.380396	0.366	1.137	0.1155	0	157	377	2
2026-02-12	15:02:38.250	-5.145	0.175	-1.225	0.095892	-0.913048	0.3294	0.3645	1.137	0.1125	0	157	377	2
2026-02-12	15:02:38.270	-3.5	-1.365	-2.205	0.092964	-0.983076	0.299388	0.369	1.143	0.114	0	157	377	2
2026-02-12	15:02:38.290	5.6	-3.57	-2.345	0.124928	-0.947696	0.343552	0.3735	1.1415	0.114	0	157	377	2
2026-02-12	15:02:38.310	4.795	-2.765	-1.54	0.129808	-0.946232	0.354776	0.3735	1.14	0.117	0	157	377	2
2026-02-12	15:02:38.330	2.52	-1.82	0.035	0.124928	-0.95282	0.359656	0.3705	1.1415	0.117	0	157	377	2
2026-02-12	15:02:38.350	-2.66	0.63	0.315	0.109556	-0.824476	0.404064	0.369	1.1445	0.1125	0	157	377	2
2026-02-12	15:02:38.370	-11.445	0.42	-0.525	0.121268	-0.94428	0.333792	0.3675	1.1445	0.111	0	157	377	2
2026-02-12	15:02:38.390	-9.065	-0.49	-0.07	0.101992	-1.019432	0.277184	0.3645	1.1415	0.1125	0	157	377	2
2026-02-12	15:02:38.410	3.99	-2.17	-1.925	0.109312	-1.003084	0.290848	0.369	1.14	0.1215	0	147	366	2
2026-02-12	15:02:38.430	15.505	-3.045	-3.57	0.116632	-0.953796	0.327692	0.369	1.146	0.12	0	147	366	2
2026-02-12	15:02:38.450	18.97	-3.5	-3.115	0.12566	-0.9211	0.359412	0.363	1.146	0.111	0	147	366	2
2026-02-12	15:02:38.470	17.395	-2.94	-2.835	0.11834	-0.899628	0.37088	0.3675	1.1445	0.111	0	147	366	2
2026-02-12	15:02:38.490	15.505	-3.185	-3.605	0.12932	-0.93818	0.360876	0.3735	1.143	0.1035	0	147	366	2
2026-02-12	15:02:38.510	15.435	-2.17	-3.745	0.138348	-0.903044	0.392108	0.3735	1.143	0.1035	0	147	366	2
2026-02-12	15:02:38.530	10.01	-0.84	-2.905	0.128588	-0.914756	0.391132	0.3675	1.143	0.1005	0	147	366	2
2026-02-12	15:02:38.550	5.6	-0.105	-2.8	0.118096	-0.911584	0.382348	0.3675	1.1415	0.099	0	147	366	2
2026-02-12	15:02:38.570	2.94	0.28	-3.5	0.12322	-0.908168	0.390156	0.3705	1.143	0.1005	0	147	366	2
2026-02-12	15:02:38.590	-1.26	0.91	-3.955	0.127612	-0.905484	0.385764	0.3675	1.146	0.102	0	147	366	2
2026-02-12	15:02:58.610	116.585	-14.14	90.545	0.598044	-0.518988	0.04026	0.222	1.038	0.174	0	408	170	3
2026-02-12	15:02:58.630	142.345	-17.325	72.485	0.633424	-0.486536	0.061732	0.2385	1.0545	0.15	0	408	170	3
2026-02-12	15:02:58.650	165.83	-20.405	50.435	0.699792	-0.444568	0.082472	0.2445	1.0545	0.138	0	408	170	3
2026-02-12	15:02:58.670	176.575	-24.64	30.835	0.679784	-0.333548	0.070516	0.2505	1.0575	0.1185	0	408	170	3
2026-02-12	15:02:58.690	172.445	-37.8	8.33	0.772504	-0.274744	0.083204	0.2505	1.062	0.0975	0	408	170	3
2026-02-12	15:02:58.710	165.34	-53.55	-18.305	0.938424	-0.248636	0.131272	0.2535	1.0695	0.081	0	408	170	3
2026-02-12	15:02:58.730	154.98	-67.095	-43.435	1.044076	-0.213988	0.147132	0.2535	1.062	0.0645	0	408	170	3
2026-02-12	15:02:58.750	137.34	-81.165	-63.175	1.10898	-0.166896	0.13054	0.2475	1.0455	0.045	0	408	170	3
2026-02-12	15:02:58.770	110.915	-101.325	-85.645	1.244888	-0.140544	0.123464	0.237	1.0365	0.0345	0	408	170	3
2026-02-12	15:02:58.790	92.12	-116.935	-106.785	1.372012	-0.135176	0.162504	0.228	1.032	0.0345	0	408	170	3
2026-02-12	15:02:58.810	85.925	-121.17	-119.91	1.43838	-0.135176	0.166652	0.1965	0.999	0.033	0	397	163	3
2026-02-12	15:02:58.830	82.495	-121.205	-127.89	1.4945	-0.136884	0.132736	0.1785	0.9885	0.0375	0	397	163	3
2026-02-12	15:02:58.850	80.64	-118.65	-130.095	1.493036	-0.116632	0.094428	0.1545	0.969	0.033	0	397	163	3
2026-02-12	15:02:58.870	77.7	-112.42	-126.805	1.426912	-0.015128	0.12444	0.1485	0.9645	0.0405	0	397	163	3
2026-02-12	15:02:58.890	71.925	-100.065	-120.505	1.347856	0.00976	0.122	0.135	0.9465	0.051	0	397	163	3
2026-02-12	15:02:58.910	73.29	-84.035	-111.86	1.269044	0.033428	0.10004	0.1185	0.924	0.057	0	397	163	3
2026-02-12	15:02:58.930	69.58	-70.35	-101.255	1.22488	0.076372	0.107848	0.102	0.9105	0.0615	0	397	163	3
2026-02-12	15:02:58.950	51.73	-56.105	-89.075	1.147532	0.060268	0.123952	0.0915	0.894	0.0675	0	397	163	3
2026-02-12	15:02:58.970	35.35	-43.12	-77.7	1.075064	0.082716	0.145912	0.0825	0.879	0.075	0	397	163	3
2026-02-12	15:02:58.990	6.265	-31.115	-67.76	1.055056	0.12078	0.159332	0.0765	0.873	0.0795	0	397	163	3
2026-02-12	15:02:59.010	-33.46	-18.83	-60.375	1.087508	0.072224	0.172508	0.0765	0.873	0.0795	0	387	152	3
2026-02-12	15:02:59.030	-63.98	-7.42	-52.885	1.054568	0.0183	0.123464	0.063	0.843	0.087	0	387	152	3
2026-02-12	15:02:59.050	-83.825	-0.14	-44.31	0.959896	0.069296	0.104432	0.0645	0.8475	0.0795	0	387	152	3
2026-02-12	15:02:59.070	-116.83	3.22	-36.505	0.91622	0.066368	0.1281	0.0645	0.8265	0.0855	0	387	152	3
2026-02-12	15:02:59.090	-144.655	4.725	-24.71	0.819352	0.018544	0.21838	0.0585	0.8265	0.093	0	387	152	3
2026-02-12	15:02:59.110	-172.83	10.29	-19.145	0.775676	0.052704	0.243024	0.057	0.8265	0.1005	0	387	152	3
2026-02-12	15:02:59.130	-177.275	18.2	-16.52	0.746152	-0.03172	0.2074	0.063	0.8265	0.1005	0	387	152	3
2026-02-12	15:02:59.150	-167.615	23.695	-15.715	0.710284	-0.039772	0.18544	0.0585	0.8235	0.108	0	387	152	3
2026-02-12	15:02:59.170	-155.855	30.625	-14.735	0.656604	-0.06222	0.160308	0.054	0.8265	0.1185	0	387	152	3
2026-02-12	15:02:59.190	-149.38	34.02	-12.355	0.658312	-0.13298	0.113948	0.054	0.8235	0.1215	0	387	152	3
2026-02-12	15:02:59.210	-116.375	37.24	-9.555	0.665388	-0.2074	0.073444	0.0525	0.816	0.12	0	376	146	3
2026-02-12	15:02:59.230	-87.815	36.645	-8.47	0.691008	-0.171288	0.06832	0.0555	0.8175	0.1275	0	376	146	3
2026-02-12	15:02:59.250	-67.165	33.915	-7.07	0.73566	-0.138592	0.064172	0.045	0.8205	0.1335	0	376	146	3
2026-02-12	15:02:59.270	-57.19	30.87	-6.3	0.748836	-0.118584	0.068808	0.063	0.8175	0.1215	0	376	146	3
2026-02-12	15:02:59.290	-51.38	25.865	-7.455	0.786412	-0.12932	0.127368	0.0555	0.8175	0.12	0	376	146	3
2026-02-12	15:02:59.310	-38.08	22.4	-11.445	0.872544	-0.16592	0.230824	0.051	0.819	0.117	0	376	146	3
2026-02-12	15:02:59.330	-17.185	21.42	-16.45	0.962092	-0.146156	0.285724	0.051	0.8145	0.1155	0	376	146	3
2026-02-12	15:02:59.350	-8.96	18.76	-18.305	1.000888	-0.107848	0.275232	0.0465	0.813	0.117	0	376	146	3
2026-02-12	15:02:59.370	-16.835	12.74	-16.59	1.00284	-0.106872	0.263764	0.042	0.8145	0.1095	0	376	146	3
2026-02-12	15:02:59.390	-25.375	2.555	-14.14	1.028216	-0.119316	0.30378	0.0435	0.813	0.1065	0	376	146	3
2026-02-12	15:02:59.410	-28.84	-9.94	-11.06	1.013088	-0.118096	0.342576	0.0465	0.8085	0.1125	0	364	149	3
2026-02-12	15:02:59.430	-34.51	-25.83	-7.28	0.991128	-0.08052	0.356728	0.048	0.807	0.1125	0	364	149	3
2026-02-12	15:02:59.450	-36.19	-40.18	-5.95	1.042124	-0.177144	0.383812	0.0465	0.7995	0.1215	0	364	149	3
2026-02-12	15:02:59.470	-19.285	-51.94	-6.265	1.150948	-0.275232	0.442128	0.048	0.801	0.132	0	364	149	3
2026-02-12	15:02:59.490	10.01	-57.61	-7.49	1.246352	-0.298412	0.506788	0.042	0.801	0.1335	0	364	149	3
2026-02-12	15:02:59.510	42.07	-55.265	-7.035	1.275388	-0.269132	0.505568	0.042	0.8025	0.1395	0	364	149	3
2026-02-12	15:02:59.530	71.295	-44.905	-2.275	1.229516	-0.24766	0.481412	0.042	0.801	0.1455	0	364	149	3
2026-02-12	15:02:59.550	98.105	-29.085	6.02	1.163636	-0.238144	0.443836	0.042	0.798	0.156	0	364	149	3
2026-02-12	15:02:59.570	112.98	-11.375	17.325	1.094096	-0.19398	0.385032	0.051	0.8025	0.159	0	364	149	3
2026-02-12	15:02:59.590	108.255	4.095	29.96	1.059692	-0.163236	0.31842	0.0525	0.804	0.15	0	364	149	3
2026-02-12	15:02:59.610	94.43	16.625	39.97	1.123132	-0.157868	0.305488	0.048	0.8055	0.144	0	351	177	3
2026-02-12	15:02:59.630	78.47	34.16	49.63	1.217804	-0.14518	0.298412	0.0495	0.8115	0.141	0	351	177	3
2026-02-12	15:02:59.650	48.685	53.025	59.99	1.206092	-0.076128	0.22936	0.0495	0.8115	0.141	0	351	177	3
2026-02-12	15:02:59.670	15.75	64.295	67.48	1.189744	-0.08418	0.190076	0.057	0.8325	0.114	0	351	177	3
2026-02-12	15:02:59.690	-9.31	72.065	71.89	1.203408	-0.121268	0.210084	0.06	0.852	0.1035	0	351	177	3
2026-02-12	15:02:59.710	-27.755	79.275	77.735	1.179496	-0.15738	0.264008	0.0615	0.8565	0.099	0	351	177	3
2026-02-12	15:02:59.730	-45.395	89.635	89.25	1.057252	-0.189344	0.279136	0.0675	0.864	0.093	0	351	177	3
2026-02-12	15:02:59.750	-47.565	92.4	97.055	0.989176	-0.157868	0.22448	0.075	0.8775	0.084	0	351	177	3
2026-02-12	15:02:59.770	-44.24	88.795	99.575	0.930128	-0.125416	0.178364	0.0825	0.8955	0.066	0	351	177	3
2026-02-12	15:02:59.790	-33.635	85.54	100.765	0.812276	-0.244244	0.160552	0.093	0.909	0.057	0	351	177	3
2026-02-12	15:02:59.810	-2.24	72.8	101.115	0.754448	-0.29036	0.170556	0.105	0.927	0.0525	0	337	211	3
2026-02-12	15:02:59.830	21.49	59.5	98.14	0.7686	-0.280356	0.187392	0.117	0.9405	0.0435	0	337	211	3
2026-02-12	15:02:59.850	17.745	41.3	87.78	0.762744	-0.256444	0.20374	0.126	0.9435	0.042	0	337	211	3
2026-02-12	15:02:59.870	3.64	30.17	78.61	0.702476	-0.271328	0.205936	0.1425	0.966	0.0195	0	337	211	3
2026-02-12	15:02:59.890	-5.775	18.935	69.825	0.6405	-0.299144	0.210816	0.1695	0.981	0.0195	0	337	211	3
2026-02-12	15:02:59.910	-7.735	7.455	61.88	0.619028	-0.360388	0.252052	0.168	0.9795	0.0195	0	337	211	3
2026-02-12	15:02:59.930	-2.45	-2.59	54.705	0.650504	-0.390888	0.310856	0.171	0.987	0.015	0	337	211	3
2026-02-12	15:02:59.950	8.925	-10.535	45.885	0.732	-0.41724	0.346236	0.177	0.9975	0.0105	0	337	211	3
2026-02-12	15:02:59.970	22.47	-16.275	35.21	0.779336	-0.426512	0.332084	0.1815	1.005	0.012	0	337	211	3
2026-02-12	15:02:59.990	33.355	-21.42	25.515	0.759572	-0.452132	0.281332	0.186	1.011	0.015	0	337	211	3
2026-02-12	15:03:00.010	63.595	-34.405	9.24	0.874252	-0.488	0.261812	0.189	1.011	0.015	0	323	231	3
2026-02-12	15:03:00.030	86.66	-41.335	-1.68	0.941596	-0.447008	0.28182	0.186	1.0095	0.0105	0	323	231	3
2026-02-12	15:03:00.050	111.755	-50.89	-18.375	1.022848	-0.395036	0.305244	0.1845	1.0095	0.006	0	323	231	3
2026-02-12	15:03:00.070	125.93	-58.765	-32.165	1.081408	-0.341356	0.322568	0.1845	1.0125	0.006	0	323	231	3
2026-02-12	15:03:00.090	132.755	-64.19	-40.74	1.15534	-0.2867	0.324032	0.18	0.9885	-0.0045	0	323	231	3
2026-02-12	15:03:00.110	129.08	-67.83	-47.74	1.190232	-0.225212	0.306952	0.165	0.981	-0.0165	0	323	231	3
2026-02-12	15:03:00.130	117.39	-70.455	-51.52	1.172908	-0.186416	0.297924	0.159	0.9735	-0.021	0	323	231	3
2026-02-12	15:03:00.150	104.405	-74.585	-53.165	1.179008	-0.15372	0.265472	0.15	0.9585	-0.0285	0	323	231	3
2026-02-12	15:03:00.170	85.4	-79.45	-52.605	1.153876	-0.12078	0.233996	0.1395	0.9435	-0.0255	0	323	231	3
2026-02-12	15:03:00.190	65.45	-84.455	-49.7	1.06384	-0.13298	0.221796	0.132	0.9345	-0.021	0	323	231	3
2026-02-12	15:03:00.210	57.82	-90.545	-46.9	1.056032	-0.07905599	0.265716	0.1245	0.924	-0.0165	0	310	245	3
2026-02-12	15:03:00.230	50.855	-86.835	-47.215	1.081164	0.23546	0.401868	0.1155	0.9135	-0.0105	0	310	245	3
2026-02-12	15:03:00.250	-10.395	-79.03	-52.255	1.017968	0.484584	0.469212	0.1065	0.909	-0.009	0	310	245	3
2026-02-12	15:03:00.270	-115.955	-68.635	-49.14	1.07482	0.20252	0.371124	0.099	0.9075	-0.009	0	310	245	3
2026-02-12	15:03:00.290	-150.185	-43.54	-53.06	1.247328	-0.010736	0.28426	0.099	0.9075	-0.009	0	310	245	3
2026-02-12	15:03:00.310	-148.855	-14.455	-52.36	1.203652	-0.016104	0.111996	0.075	0.8925	0.045	0	310	245	3
2026-02-12	15:03:00.330	-146.405	7.525	-48.16	1.050176	0.02074	-0.008052	0.078	0.8925	0.0615	0	310	245	3
2026-02-12	15:03:00.350	-124.705	17.22	-44.975	1.020652	-0.04026	0.018056	0.072	0.8895	0.066	0	310	245	3
2026-02-12	15:03:00.370	-86.03	24.15	-41.685	1.023336	-0.126636	0.09394	0.069	0.8865	0.0735	0	310	245	3
2026-02-12	15:03:00.390	-41.09	29.96	-35.63	0.988932	-0.155428	0.147864	0.066	0.8835	0.075	0	310	245	3
2026-02-12	15:03:00.410	1.645	34.825	-30.03	0.949648	-0.172752	0.260348	0.06	0.879	0.0765	0	301	253	3
2026-02-12	15:03:00.430	57.085	46.69	-27.685	0.92964	-0.138836	0.43676	0.0615	0.8745	0.075	0	301	253	3
2026-02-12	15:03:00.450	100.31	63.175	-30.345	0.811788	0.07124799	0.407968	0.063	0.867	0.0615	0	301	253	3
2026-02-12	15:03:00.470	86.73	68.145	-34.195	0.640988	0.198128	0.32818	0.0645	0.858	0.045	0	301	253	3
2026-02-12	15:03:00.490	40.6	60.235	-35.175	0.581696	0.084424	0.360876	0.0645	0.8535	0.0405	0	301	253	3
2026-02-12	15:03:00.510	21.245	56.245	-32.9	0.5917	0.059048	0.366732	0.063	0.8475	0.0105	0	301	253	3
2026-02-12	15:03:00.530	2.765	54.39	-28	0.60634	0.094184	0.377468	0.066	0.8445	-0.0015	0	301	253	3
2026-02-12	15:03:00.550	-23.065	55.195	-21.28	0.651724	0.109068	0.357216	0.0645	0.837	-0.003	0	301	253	3
2026-02-12	15:03:00.570	-54.81	59.08	-12.95	0.65026	0.102236	0.291824	0.066	0.834	-0.0075	0	301	253	3
2026-02-12	15:03:00.590	-80.605	61.845	-5.95	0.680516	0.081252	0.225212	0.069	0.8385	-0.015	0	301	253	3
2026-02-12	15:03:00.610	-99.015	61.075	-1.12	0.724436	0.06954	0.154452	0.0705	0.84	-0.021	0	295	258	3
2026-02-12	15:03:00.630	-113.225	56.42	3.29	0.752984	0.059048	0.15006	0.072	0.843	-0.0255	0	295	258	3
2026-02-12	15:03:00.650	-117.46	48.685	5.11	0.819108	0.019764	0.198616	0.0765	0.846	-0.027	0	295	258	3
2026-02-12	15:03:00.670	-111.615	39.97	4.655	0.857172	-0.008296	0.260104	0.084	0.852	-0.0255	0	295	258	3
2026-02-12	15:03:00.690	-90.755	25.935	-0.595	0.905972	-0.043676	0.344528	0.087	0.8625	-0.024	0	295	258	3
2026-02-12	15:03:00.710	-56.595	9.835	-8.33	0.930616	-0.083204	0.432124	0.087	0.867	-0.0225	0	295	258	3
2026-02-12	15:03:00.730	-27.58	-5.005	-13.195	0.896212	-0.059292	0.471896	0.0915	0.876	-0.0195	0	295	258	3
2026-02-12	15:03:00.750	-0.77	-20.79	-18.2	0.853756	-0.018544	0.485316	0.0855	0.8625	-0.018	0	295	258	3
2026-02-12	15:03:00.770	24.255	-36.225	-23.345	0.830088	-0.011468	0.497028	0.084	0.867	-0.0165	0	295	258	3
2026-02-12	15:03:00.790	48.475	-49.21	-24.5	0.823012	-0.011224	0.512888	0.081	0.8655	-0.015	0	295	258	3
2026-02-12	15:03:00.810	69.3	-61.11	-23.87	0.88328	0.017324	0.551928	0.0765	0.8595	-0.0105	0	290	271	3
2026-02-12	15:03:00.830	88.165	-67.235	-25.655	0.96746	0.055144	0.610976	0.0705	0.858	-0.0045	0	290	271	3
2026-02-12	15:03:00.850	97.825	-71.225	-31.185	1.080432	0.080032	0.597312	0.0675	0.852	0.0015	0	290	271	3
2026-02-12	15:03:00.870	88.06	-76.685	-35.49	1.183156	0.047824	0.50752	0.066	0.8445	0.006	0	290	271	3
2026-02-12	15:03:00.890	60.795	-80.85	-34.23	1.197552	-0.017568	0.39406	0.057	0.834	0.012	0	290	271	3
2026-02-12	15:03:00.910	39.41	-85.015	-32.165	1.262944	-0.073444	0.34526	0.0495	0.825	0.0195	0	290	271	3
2026-02-12	15:03:00.930	39.27	-83.79	-31.85	1.362496	-0.01708	0.454816	0.0495	0.825	0.0195	0	290	271	3
2026-02-12	15:03:00.950	32.97	-70.77	-29.19	1.28832	0.011468	0.5368	0.048	0.807	0.048	0	290	271	3
2026-02-12	15:03:00.970	19.32	-52.43	-21.28	1.132404	-0.018056	0.51728	0.045	0.8055	0.066	0	290	271	3
2026-02-12	15:03:00.990	19.18	-38.29	-13.23	1.11264	-0.059536	0.427488	0.039	0.8025	0.0645	0	290	271	3
2026-02-12	15:03:01.010	21.525	-25.27	-5.425	1.118496	-0.074664	0.323056	0.0345	0.7995	0.066	0	285	303	3
2026-02-12	15:03:01.030	16.555	-13.405	2.835	1.155584	-0.093208	0.242292	0.033	0.798	0.0765	0	285	303	3
2026-02-12	15:03:01.050	7.56	-2.555	11.34	1.174128	-0.100772	0.202276	0.03	0.7965	0.0795	0	285	303	3
2026-02-12	15:03:01.070	-3.99	9.03	22.19	1.085312	-0.09882	0.19764	0.03	0.8025	0.072	0	285	303	3
2026-02-12	15:03:01.090	-14.945	18.305	33.88	0.994544	-0.078812	0.205936	0.0315	0.807	0.0735	0	285	303	3
2026-02-12	15:03:01.110	-26.285	25.305	43.925	0.91256	-0.066368	0.20862	0.033	0.8145	0.0735	0	285	303	3
2026-02-12	15:03:01.130	-41.965	30.94	56.63	0.81984	-0.080032	0.204472	0.033	0.825	0.0705	0	285	303	3
2026-02-12	15:03:01.150	-37.17	33.18	62.93	0.78568	-0.158844	0.187148	0.045	0.834	0.0705	0	285	303	3
2026-02-12	15:03:01.170	-9.8	34.65	65.275	0.797148	-0.1708	0.198616	0.0495	0.8445	0.0585	0	285	303	3
2026-02-12	15:03:01.190	8.085	35.91	65.03	0.77104	-0.12932	0.198616	0.051	0.8535	0.0555	0	285	303	3
2026-02-12	15:03:01.210	10.22	37.345	65.135	0.704916	-0.13542	0.196664	0.0555	0.867	0.0555	0	281	322	3
2026-02-12	15:03:01.230	8.505	35.98	64.505	0.664656	-0.145424	0.18666	0.06	0.87	0.051	0	281	322	3
2026-02-12	15:03:01.250	8.295	32.795	62.3	0.650504	-0.12688	0.187636	0.069	0.879	0.042	0	281	322	3
2026-02-12	15:03:01.270	5.565	28.63	58.905	0.655384	-0.091012	0.179828	0.0765	0.891	0.036	0	281	322	3
2026-02-12	15:03:01.290	-2.625	23.835	54.285	0.684908	-0.08052	0.175924	0.0855	0.8985	0.0345	0	281	322	3
2026-02-12	15:03:01.310	-15.365	18.515	49.175	0.72956	-0.091988	0.173728	0.093	0.903	0.0285	0	281	322	3
2026-02-12	15:03:01.330	-28.945	13.02	44.275	0.766648	-0.124196	0.168604	0.096	0.912	0.0225	0	281	322	3
2026-02-12	15:03:01.350	-41.44	2.485	35.7	0.81984	-0.16714	0.163236	0.099	0.9195	0.0225	0	281	322	3
2026-02-12	15:03:01.370	-39.725	-6.265	28.035	0.91134	-0.197396	0.17324	0.102	0.9315	0.0255	0	281	322	3
2026-02-12	15:03:01.390	-30.135	-13.86	18.83	0.993812	-0.228384	0.1891	0.102	0.936	0.033	0	281	322	3
2026-02-12	15:03:01.410	-15.715	-19.18	10.92	1.022848	-0.25864	0.19764	0.1065	0.9375	0.0405	0	276	313	3
2026-02-12	15:03:01.430	4.9	-24.955	4.13	1.042856	-0.267424	0.20862	0.1095	0.945	0.048	0	276	313	3
2026-02-12	15:03:01.450	31.185	-29.05	-3.22	1.07238	-0.26718	0.251076	0.1035	0.945	0.051	0	276	313	3
2026-02-12	15:03:01.470	58.625	-30.625	-9.765	1.07726	-0.228384	0.2867	0.1095	0.9405	0.048	0	276	313	3
2026-02-12	15:03:01.490	78.4	-29.995	-13.51	1.040172	-0.195688	0.280844	0.114	0.9375	0.0435	0	276	313	3
2026-02-12	15:03:01.510	90.265	-30.24	-16.065	1.00894	-0.170312	0.269376	0.1065	0.9375	0.039	0	276	313	3
2026-02-12	15:03:01.530	99.12	-30.94	-18.515	0.99674	-0.151036	0.28426	0.102	0.9375	0.0375	0	276	313	3
2026-02-12	15:03:01.550	107.205	-30.765	-21.455	0.994544	-0.11102	0.314028	0.1005	0.9315	0.0405	0	276	313	3
2026-02-12	15:03:01.570	110.075	-29.155	-25.025	1.024068	-0.066612	0.343552	0.1005	0.9315	0.0405	0	276	313	3
2026-02-12	15:03:01.590	104.475	-26.215	-28.07	1.027972	-0.0549	0.345992	0.0915	0.909	0.0255	0	276	313	3
2026-02-12	15:03:01.610	98.84	-23.835	-32.025	1.093608	-0.047092	0.361608	0.0915	0.903	0.021	0	271	294	3
2026-02-12	15:03:01.630	95.865	-20.44	-38.5	1.199992	-0.022448	0.367464	0.0885	0.894	0.015	0	271	294	3
2026-02-12	15:03:01.650	83.125	-17.08	-45.01	1.27978	0.003416	0.32574	0.081	0.885	0.0105	0	271	294	3
2026-02-12	15:03:01.670	58.24	-14.91	-49.63	1.279536	-0.018544	0.288896	0.078	0.8775	0.0015	0	271	294	3
2026-02-12	15:03:01.690	37.275	-10.22	-50.645	1.144848	-0.074908	0.294752	0.0795	0.867	-0.0015	0	271	294	3
2026-02-12	15:03:01.710	31.535	-4.725	-46.375	0.954284	-0.09394	0.334036	0.0765	0.861	0.003	0	271	294	3
2026-02-12	15:03:01.730	35.525	0.28	-36.645	0.832528	-0.097112	0.3538	0.0705	0.855	0.003	0	271	294	3
2026-02-12	15:03:01.750	46.305	3.605	-24.325	0.822768	-0.087352	0.347212	0.072	0.8475	0	0	271	294	3
2026-02-12	15:03:01.770	68.11	6.685	-7.805	0.905728	-0.046604	0.327692	0.075	0.846	-0.003	0	271	294	3
2026-02-12	15:03:01.790	78.68	9.065	0.945	0.949892	-0.033428	0.31598	0.075	0.846	-0.003	0	271	294	3
2026-02-12	15:03:01.810	84.14	11.41	6.51	1.0065	-0.040504	0.296704	0.075	0.8295	-0.0135	0	263	288	3
2026-02-12	15:03:01.830	84.56	14.42	8.05	1.057984	-0.0305	0.285236	0.0735	0.825	-0.015	0	263	288	3
2026-02-12	15:03:01.850	76.195	18.69	7.175	1.074332	-0.023912	0.284504	0.072	0.8205	-0.027	0	263	288	3
2026-02-12	15:03:01.870	60.375	24.465	6.475	1.014796	-0.03782	0.280112	0.075	0.8205	-0.0375	0	263	288	3
2026-02-12	15:03:01.890	46.48	28.56	6.405	0.96502	-0.049044	0.27084	0.0795	0.825	-0.042	0	263	288	3
2026-02-12	15:03:01.910	35.77	30.87	7.56	0.936472	-0.051728	0.2562	0.0795	0.822	-0.0465	0	263	288	3
2026-02-12	15:03:01.930	26.145	30.975	10.185	0.918416	-0.057584	0.230824	0.0825	0.8205	-0.051	0	263	288	3
2026-02-12	15:03:01.950	18.935	28.98	13.44	0.901092	-0.0793	0.205204	0.087	0.8235	-0.066	0	263	288	3
2026-02-12	15:03:01.970	17.465	25.095	16.835	0.906948	-0.097112	0.188856	0.09	0.819	-0.075	0	263	288	3
2026-02-12	15:03:01.990	22.505	17.325	19.74	0.935252	-0.10004	0.193736	0.0915	0.8145	-0.0705	0	263	288	3
2026-02-12	15:03:02.010	27.405	13.02	20.79	0.94672	-0.103212	0.217648	0.093	0.8205	-0.075	0	253	287	3
2026-02-12	15:03:02.030	33.6	9.835	20.825	0.958676	-0.114192	0.251808	0.099	0.8295	-0.0825	0	253	287	3
2026-02-12	15:03:02.050	42.035	8.575	21.07	0.942816	-0.13298	0.282796	0.099	0.8235	-0.084	0	253	287	3
2026-02-12	15:03:02.070	52.57	8.05	21.735	0.943304	-0.124684	0.27938	0.099	0.822	-0.087	0	253	287	3
2026-02-12	15:03:02.090	58.485	7.665	22.925	0.899872	-0.11834	0.226188	0.099	0.825	-0.0885	0	253	287	3
2026-02-12	15:03:02.110	62.86	4.795	24.78	0.876204	-0.12566	0.186416	0.1035	0.8205	-0.096	0	253	287	3
2026-02-12	15:03:02.130	72.1	0.175	26.355	0.871568	-0.13054	0.179828	0.108	0.8175	-0.1005	0	253	287	3
2026-02-12	15:03:02.150	86.45	-3.955	27.545	0.878888	-0.12322	0.210328	0.1065	0.8145	-0.1035	0	253	287	3
2026-02-12	15:03:02.170	101.395	-5.845	28.98	0.89792	-0.105164	0.264984	0.1095	0.813	-0.1095	0	253	287	3
2026-02-12	15:03:02.190	118.125	-2.94	31.045	0.937692	-0.081008	0.294996	0.1155	0.8115	-0.1095	0	253	287	3
2026-02-12	15:03:02.210	126.035	3.57	33.95	0.933544	-0.045384	0.26596	0.1155	0.8115	-0.1095	0	239	282	2
2026-02-12	15:03:02.230	119.175	7.49	36.995	0.932568	-0.023424	0.229604	0.1125	0.798	-0.1335	0	239	282	2
2026-02-12	15:03:02.250	104.755	9.45	38.99	0.927444	-0.000244	0.194468	0.117	0.792	-0.132	0	239	282	2
2026-02-12	15:03:02.270	86.03	9.345	39.62	0.930128	0.018056	0.186904	0.1215	0.7845	-0.1335	0	239	282	2
2026-02-12	15:03:02.290	66.395	7.875	39.34	0.924272	0.01952	0.199348	0.123	0.7815	-0.144	0	239	282	2
2026-02-12	15:03:02.310	49	5.565	38.255	0.925492	0.006344	0.221796	0.126	0.7785	-0.147	0	239	282	2
2026-02-12	15:03:02.330	35.455	2.45	35.595	0.943304	-0.00244	0.241804	0.1275	0.7785	-0.147	0	239	282	2
2026-02-12	15:03:02.350	23.38	-0.805	31.955	0.959652	-0.018544	0.241316	0.1275	0.7785	-0.1455	0	239	282	2
2026-02-12	15:03:02.370	13.23	-5.705	28.14	0.98454	-0.04758	0.230092	0.129	0.7785	-0.144	0	239	282	2
2026-02-12	15:03:02.390	8.12	-12.88	23.31	1.04798	-0.069784	0.227408	0.1305	0.7845	-0.1485	0	239	282	2
2026-02-12	15:03:02.410	12.6	-22.33	15.12	1.08702	-0.099552	0.262056	0.132	0.7875	-0.153	0	223	273	2
2026-02-12	15:03:02.430	21.665	-27.51	10.185	1.12118	-0.098332	0.275964	0.132	0.7935	-0.1455	0	223	273	2
2026-02-12	15:03:02.450	30.87	-30.695	5.6	1.134844	-0.10248	0.267424	0.1275	0.7875	-0.135	0	223	273	2
2026-02-12	15:03:02.470	39.935	-32.76	2.835	1.129232	-0.105408	0.263276	0.1245	0.7845	-0.1395	0	223	273	2
2026-02-12	15:03:02.490	49.91	-32.9	1.75	1.147776	-0.10614	0.276696	0.12	0.78	-0.141	0	223	273	2
2026-02-12	15:03:02.510	61.74	-28.315	3.325	1.127768	-0.09076799	0.301584	0.1155	0.7755	-0.1365	0	223	273	2
2026-02-12	15:03:02.530	70.245	-19.985	7.595	1.093364	-0.050752	0.289872	0.1125	0.768	-0.138	0	223	273	2
2026-02-12	15:03:02.550	66.22	-11.095	14.7	1.030168	-0.017812	0.242536	0.1125	0.7635	-0.1395	0	223	273	2
2026-02-12	15:03:02.570	54.285	-4.2	23.17	0.982344	0.006832	0.202276	0.111	0.7605	-0.138	0	223	273	2
2026-02-12	15:03:02.590	39.83	-0.595	30.135	0.966972	0.007564	0.15982	0.111	0.7545	-0.135	0	223	273	2
2026-02-12	15:03:02.610	27.755	0.14	35.35	0.973072	-0.010248	0.1403	0.114	0.7545	-0.135	0	207	264	3
2026-02-12	15:03:02.630	18.06	-0.945	38.325	0.979172	-0.017568	0.147132	0.1155	0.759	-0.1395	0	207	264	3
2026-02-12	15:03:02.650	13.125	-3.29	37.94	1.004792	-0.042944	0.154696	0.105	0.771	-0.138	0	207	264	3
2026-02-12	15:03:02.670	11.27	-4.76	36.26	1.00772	-0.073932	0.155184	0.111	0.7725	-0.1395	0	207	264	3
2026-02-12	15:03:02.690	13.72	-6.37	34.16	1.029436	-0.107604	0.156648	0.1125	0.771	-0.1395	0	207	264	3
2026-02-12	15:03:02.710	17.325	-6.58	32.83	1.024556	-0.122732	0.155916	0.111	0.7725	-0.138	0	207	264	3
2026-02-12	15:03:02.730	20.335	-6.825	33.18	1.003572	-0.13298	0.144692	0.1155	0.7755	-0.138	0	207	264	3
2026-02-12	15:03:02.750	25.795	-8.715	34.475	1.012844	-0.12566	0.134444	0.114	0.7815	-0.1395	0	207	264	3
2026-02-12	15:03:02.770	31.92	-9.31	36.61	0.9882	-0.126636	0.125172	0.1125	0.792	-0.141	0	207	264	3
2026-02-12	15:03:02.790	38.92	-9.835	40.495	0.941596	-0.121268	0.104188	0.1185	0.795	-0.1395	0	207	264	3
2026-02-12	15:03:02.810	46.13	-11.27	45.255	0.9211	-0.120292	0.07515199	0.1185	0.795	-0.141	0	191	248	3
2026-02-12	15:03:02.830	53.69	-14.49	50.68	0.920124	-0.115656	0.043432	0.114	0.795	-0.1455	0	191	248	3
2026-02-12	15:03:02.850	58.8	-18.935	54.25	0.91744	-0.134444	0.029768	0.114	0.795	-0.1455	0	191	248	3
2026-02-12	15:03:02.870	63.56	-23.135	54.635	0.920612	-0.138348	0.037332	0.1125	0.798	-0.138	0	191	248	3
2026-02-12	15:03:02.890	71.505	-26.565	51.94	0.964776	-0.15006	0.056608	0.114	0.7965	-0.138	0	191	248	3
2026-02-12	15:03:02.910	80.29	-27.685	45.99	1.035536	-0.150304	0.070028	0.1155	0.7965	-0.1335	0	191	248	3
2026-02-12	15:03:02.930	84.735	-24.92	38.395	1.038952	-0.1647	0.072956	0.1125	0.795	-0.129	0	191	248	3
2026-02-12	15:03:02.950	87.5	-21.595	31.5	1.018456	-0.182512	0.058072	0.1095	0.7905	-0.135	0	191	248	3
2026-02-12	15:03:02.970	88.76	-19.74	24.885	1.014308	-0.182024	0.04026	0.111	0.7965	-0.141	0	191	248	3
2026-02-12	15:03:02.990	88.06	-18.095	19.04	1.024312	-0.171044	0.033428	0.111	0.795	-0.1395	0	191	248	3
2026-02-12	15:03:03.010	84.49	-16.87	15.295	1.04554	-0.156892	0.029524	0.1095	0.783	-0.141	0	178	219	3
2026-02-12	15:03:03.030	78.4	-16.205	13.58	1.060424	-0.144692	0.035136	0.1065	0.777	-0.144	0	178	219	3
2026-02-12	15:03:03.050	66.15	-16.17	12.565	1.047248	-0.120292	0.056608	0.105	0.7755	-0.1425	0	178	219	3
2026-02-12	15:03:03.070	57.05	-17.605	11.165	1.07116	-0.126148	0.0671	0.1035	0.7605	-0.135	0	178	219	3
2026-02-12	15:03:03.090	48.79	-19.565	8.68	1.109956	-0.13542	0.075884	0.102	0.759	-0.135	0	178	219	3
2026-02-12	15:03:03.110	42.245	-20.86	6.23	1.13094	-0.140544	0.0854	0.102	0.7605	-0.135	0	178	219	3
2026-02-12	15:03:03.130	38.535	-21.7	3.955	1.111176	-0.132492	0.08686399	0.1005	0.765	-0.135	0	178	219	3
2026-02-12	15:03:03.150	35.7	-23.135	1.575	1.083848	-0.115412	0.091256	0.0975	0.759	-0.1335	0	178	219	3
2026-02-12	15:03:03.170	31.045	-26.285	-2.765	1.104832	-0.100528	0.083204	0.0975	0.7515	-0.1305	0	178	219	3
2026-02-12	15:03:03.190	25.06	-29.47	-9.31	1.131916	-0.11102	0.073444	0.096	0.7515	-0.129	0	178	219	3
2026-02-12	15:03:03.210	20.09	-33.32	-17.255	1.157292	-0.109068	0.060512	0.0885	0.7455	-0.123	0	167	182	2
2026-02-12	15:03:03.230	14.245	-38.64	-26.985	1.177056	-0.100528	0.064172	0.0825	0.741	-0.123	0	167	182	2
2026-02-12	15:03:03.250	9.765	-45.92	-43.155	1.258796	-0.108336	0.088572	0.0825	0.7395	-0.1185	0	167	182	2
2026-02-12	15:03:03.270	7.98	-51.73	-62.23	1.350784	-0.059292	0.0854	0.0825	0.741	-0.114	0	167	182	2
2026-02-12	15:03:03.290	-8.82	-55.825	-79.275	1.280024	0.07442	0.021716	0.066	0.726	-0.1035	0	167	182	2
2026-02-12	15:03:03.310	-33.6	-62.825	-95.165	1.241716	0.048312	0.029524	0.066	0.7185	-0.102	0	167	182	2
2026-02-12	15:03:03.330	-29.645	-65.765	-106.26	1.358348	-0.17202	0.138348	0.0615	0.7065	-0.0915	0	167	182	2
2026-02-12	15:03:03.350	14	-53.235	-105.84	1.390312	-0.288408	0.246928	0.048	0.69	-0.075	0	167	182	2
2026-02-12	15:03:03.370	69.65	-30.555	-92.505	1.307352	-0.177144	0.238388	0.042	0.672	-0.0675	0	167	182	2
2026-02-12	15:03:03.390	99.855	-8.19	-72.31	1.239032	-0.015372	0.148352	0.0405	0.6585	-0.063	0	167	182	2
2026-02-12	15:03:03.410	105.07	12.95	-52.255	1.18706	0.1159	0.04392	0.039	0.639	-0.06	0	160	152	3
2026-02-12	15:03:03.430	92.05	31.185	-33.95	1.132648	0.239364	-0.054168	0.048	0.624	-0.066	0	160	152	3
2026-02-12	15:03:03.450	53.375	45.92	-17.185	1.020896	0.338916	-0.121024	0.051	0.618	-0.0735	0	160	152	3
2026-02-12	15:03:03.470	-22.12	57.4	-0.56	0.9089	0.349652	-0.118828	0.0465	0.615	-0.0735	0	160	152	3
2026-02-12	15:03:03.490	-98.42	65.38	10.955	0.8296	0.264252	-0.04026	0.0465	0.615	-0.0735	0	160	152	3
2026-02-12	15:03:03.510	-146.755	71.82	20.72	0.781532	0.172264	0.030744	0.048	0.624	-0.1035	0	160	152	3
2026-02-12	15:03:03.530	-186.69	77.455	31.5	0.75884	0.15372	0.04758	0.054	0.633	-0.105	0	160	152	3
2026-02-12	15:03:03.550	-221.025	83.055	40.6	0.707844	0.126636	0.039528	0.063	0.6495	-0.12	0	160	152	3
2026-02-12	15:03:03.570	-237.895	87.01	47.81	0.661972	0.017812	0.04392	0.075	0.6735	-0.138	0	160	152	3
2026-02-12	15:03:03.590	-228.69	89.495	54.145	0.678808	-0.106384	0.059048	0.087	0.7005	-0.1485	0	160	152	3
2026-02-12	15:03:03.610	-198.905	92.96	58.765	0.71614	-0.194712	0.061732	0.096	0.729	-0.1545	0	159	126	3
2026-02-12	15:03:03.630	-156.31	95.515	59.255	0.743224	-0.194224	0.071004	0.1065	0.7575	-0.165	0	159	126	3
2026-02-12	15:03:03.650	-118.58	95.62	56.035	0.75152	-0.16348	0.06832	0.1155	0.783	-0.171	0	159	126	3
2026-02-12	15:03:03.670	-82.005	93.905	49.49	0.742248	-0.182756	0.124928	0.1275	0.8025	-0.1755	0	159	126	3
2026-02-12	15:03:03.690	-15.715	92.085	33.495	0.719312	-0.135176	0.183244	0.135	0.8085	-0.1815	0	159	126	3
2026-02-12	15:03:03.710	3.08	84.98	21.315	0.662216	-0.093208	0.163968	0.1605	0.8265	-0.2025	0	159	126	3
2026-02-12	15:03:03.730	6.65	71.61	7.91	0.616344	-0.074908	0.173728	0.168	0.8295	-0.2025	0	159	126	3
2026-02-12	15:03:03.750	9.87	55.02	-6.825	0.621956	-0.0488	0.247172	0.183	0.8325	-0.213	0	159	126	3
2026-02-12	15:03:03.770	15.715	39.375	-22.225	0.6344	-0.01342	0.2989	0.192	0.8295	-0.2205	0	159	126	3
2026-02-12	15:03:03.790	14.35	22.365	-35.385	0.658556	0.027572	0.30988	0.1935	0.828	-0.2235	0	159	126	3
2026-02-12	15:03:03.810	2.625	4.655	-44.625	0.689056	0.021716	0.317688	0.198	0.822	-0.2295	0	166	114	3
2026-02-12	15:03:03.830	-9.975	-12.705	-51.695	0.736392	-0.011712	0.33916	0.201	0.816	-0.2295	0	166	114	3
2026-02-12	15:03:03.850	-15.925	-28.42	-57.75	0.80276	-0.061	0.374784	0.198	0.81	-0.2265	0	166	114	3
2026-02-12	15:03:03.870	-15.085	-40.39	-61.495	0.868884	-0.0854	0.388692	0.189	0.8025	-0.219	0	166	114	3
2026-02-12	15:03:03.890	-12.915	-51.275	-62.65	0.904264	-0.079788	0.364048	0.18	0.8025	-0.2145	0	166	114	3
2026-02-12	15:03:03.910	-7.14	-59.08	-61.18	0.919392	-0.116144	0.335988	0.1785	0.804	-0.213	0	166	114	3
2026-02-12	15:03:03.930	3.675	-63.84	-58.695	0.953552	-0.14518	0.322812	0.159	0.78	-0.201	0	166	114	3
2026-02-12	15:03:03.950	18.27	-68.18	-55.195	1.027972	-0.175192	0.333792	0.153	0.777	-0.1965	0	166	114	3
2026-02-12	15:03:03.970	34.09	-71.015	-50.96	1.103124	-0.152744	0.374052	0.1425	0.7755	-0.1935	0	166	114	3
2026-02-12	15:03:03.990	48.405	-69.86	-46.095	1.1346	-0.099552	0.422852	0.132	0.768	-0.189	0	166	114	3
2026-02-12	15:03:04.010	57.855	-64.015	-39.06	1.126792	-0.043676	0.434564	0.1275	0.762	-0.1845	0	178	137	3
2026-02-12	15:03:04.030	53.375	-60.515	-34.44	1.120204	-0.0183	0.418216	0.1125	0.7485	-0.174	0	178	137	3
2026-02-12	15:03:04.050	37.8	-57.085	-29.05	1.126304	0.002684	0.410164	0.102	0.7305	-0.1635	0	178	137	3
2026-02-12	15:03:04.070	17.185	-54.635	-25.48	1.16754	0.017568	0.403088	0.1005	0.723	-0.156	0	178	137	3
2026-02-12	15:03:04.090	-4.725	-51.695	-22.19	1.199504	0.020984	0.390156	0.0915	0.7185	-0.1515	0	178	137	3
2026-02-12	15:03:04.110	-28.735	-47.915	-18.48	1.223904	-0.007564	0.369172	0.09	0.7155	-0.1515	0	178	137	3
2026-02-12	15:03:04.130	-41.16	-43.4	-15.715	1.250256	-0.04148	0.372832	0.09	0.7155	-0.1515	0	178	137	3
2026-02-12	15:03:04.150	-41.055	-38.29	-13.58	1.302228	-0.053924	0.386008	0.0825	0.7155	-0.1395	0	178	137	3
2026-02-12	15:03:04.170	-39.165	-30.73	-10.605	1.332972	-0.045872	0.371368	0.0705	0.7125	-0.123	0	178	137	3
2026-02-12	15:03:04.190	-40.46	-22.225	-5.74	1.305156	-0.050508	0.343308	0.0645	0.7125	-0.114	0	178	137	3
2026-02-12	15:03:04.210	-40.845	-14.805	0.945	1.245864	-0.066856	0.30866	0.066	0.717	-0.111	0	190	186	3
2026-02-12	15:03:04.230	-38.15	-8.855	9.17	1.181448	-0.062464	0.286944	0.072	0.726	-0.108	0	190	186	3
2026-02-12	15:03:04.250	-33.215	-3.36	18.48	1.10898	-0.06222	0.282796	0.0705	0.729	-0.105	0	190	186	3
2026-02-12	15:03:04.270	-25.2	0.98	27.265	1.072624	-0.053436	0.286456	0.066	0.735	-0.1035	0	190	186	3
2026-02-12	15:03:04.290	-16.765	4.725	33.705	1.090192	-0.037576	0.289628	0.06	0.7455	-0.1005	0	190	186	3
2026-02-12	15:03:04.310	-15.4	9.205	37.835	1.099708	-0.033428	0.257908	0.0585	0.7515	-0.1005	0	190	186	3
2026-02-12	15:03:04.330	-20.37	14.84	41.23	1.039928	-0.071736	0.217404	0.063	0.756	-0.102	0	190	186	3
2026-02-12	15:03:04.350	-20.685	16.695	41.44	1.029192	-0.08906	0.196664	0.066	0.7725	-0.108	0	190	186	3
2026-02-12	15:03:04.370	-19.18	18.515	40.88	1.01992	-0.096136	0.177388	0.0675	0.771	-0.1095	0	190	186	3
2026-02-12	15:03:04.390	-19.285	19.845	40.39	0.970144	-0.09394	0.146644	0.072	0.777	-0.1065	0	190	186	3
2026-02-12	15:03:04.410	-23.275	19.88	40.88	0.881572	-0.104676	0.111996	0.0765	0.789	-0.108	0	201	226	3
2026-02-12	15:03:04.430	-24.115	16.45	40.32	0.829356	-0.125904	0.099064	0.078	0.801	-0.114	0	201	226	3
2026-02-12	15:03:04.450	-18.515	11.69	37.45	0.839848	-0.169824	0.110044	0.078	0.804	-0.1125	0	201	226	3
2026-02-12	15:03:04.470	-6.195	9.275	34.58	0.863028	-0.22082	0.125904	0.0855	0.807	-0.1155	0	201	226	3
2026-02-12	15:03:04.490	9.1	8.47	32.795	0.849364	-0.238632	0.124196	0.0915	0.813	-0.117	0	201	226	3
2026-02-12	15:03:04.510	23.485	7.42	31.36	0.832284	-0.24156	0.10858	0.0915	0.8175	-0.114	0	201	226	3
2026-02-12	15:03:04.530	42.35	4.725	29.155	0.838628	-0.25864	0.092964	0.0915	0.825	-0.114	0	201	226	3
2026-02-12	15:03:04.550	64.4	0.07	26.845	0.876448	-0.254248	0.082228	0.0915	0.8295	-0.117	0	201	226	3
2026-02-12	15:03:04.570	80.29	-4.725	24.92	0.91866	-0.252052	0.09857599	0.09	0.831	-0.123	0	201	226	3
2026-02-12	15:03:04.590	95.935	-8.82	23.73	0.941352	-0.251564	0.125172	0.0945	0.8265	-0.1245	0	201	226	3
2026-02-12	15:03:04.610	112.49	-10.5	24.85	0.942816	-0.233264	0.15372	0.096	0.8205	-0.132	0	207	234	3
2026-02-12	15:03:04.630	126.385	-10.43	28.385	0.979416	-0.210572	0.148596	0.093	0.8175	-0.135	0	207	234	3
2026-02-12	15:03:04.650	131.11	-9.1	34.09	0.97478	-0.16836	0.111752	0.099	0.807	-0.132	0	207	234	3
2026-02-12	15:03:04.670	128.59	-10.36	38.605	0.981612	-0.142252	0.089792	0.099	0.798	-0.138	0	207	234	3
2026-02-12	15:03:04.690	126.665	-13.65	39.48	1.039684	-0.134444	0.111752	0.0975	0.7935	-0.1455	0	207	234	3
2026-02-12	15:03:04.710	127.12	-14.84	37.66	1.078724	-0.117852	0.136152	0.0975	0.792	-0.1515	0	207	234	3
2026-02-12	15:03:04.730	122.01	-13.58	35.455	1.037732	-0.096868	0.13664	0.099	0.7905	-0.156	0	207	234	3
2026-02-12	15:03:04.750	115.15	-15.61	31.01	1.060668	-0.096624	0.137616	0.102	0.7845	-0.153	0	207	234	3
2026-02-12	15:03:04.770	109.13	-17.36	22.995	1.11142	-0.087352	0.154208	0.1005	0.7725	-0.1545	0	207	234	3
2026-02-12	15:03:04.790	101.185	-17.29	15.89	1.11264	-0.087108	0.15372	0.1005	0.7605	-0.1575	0	207	234	3
2026-02-12	15:03:04.810	92.75	-17.85	10.325	1.147288	-0.080276	0.135908	0.102	0.7575	-0.1575	0	209	215	3
2026-02-12	15:03:04.830	82.915	-19.04	5.18	1.161196	-0.004148	0.075884	0.1005	0.7515	-0.1605	0	209	215	3
2026-02-12	15:03:04.850	51.73	-22.575	-1.505	1.11142	0.225456	-0.033916	0.099	0.741	-0.1575	0	209	215	3
2026-02-12	15:03:04.870	-23.415	-31.815	-12.075	1.0431	0.498248	-0.167872	0.093	0.732	-0.1545	0	209	215	3
2026-02-12	15:03:04.890	-127.54	-45.71	-24.745	0.977708	0.468724	-0.188856	0.087	0.732	-0.1515	0	209	215	3
2026-02-12	15:03:04.910	-187.88	-59.885	-38.92	1.047736	0.169824	-0.0427	0.0825	0.741	-0.1395	0	209	215	3
2026-02-12	15:03:04.930	-182.98	-60.27	-55.86	1.220488	-0.075884	0.127856	0.0765	0.75	-0.129	0	209	215	3
2026-02-12	15:03:04.950	-141.435	-45.185	-67.725	1.256844	-0.205204	0.144448	0.072	0.7545	-0.117	0	209	215	3
2026-02-12	15:03:04.970	-46.13	-22.435	-68.355	1.220244	-0.182024	0.045628	0.072	0.7575	-0.111	0	209	215	3
2026-02-12	15:03:04.990	31.045	-10.675	-64.33	1.205604	-0.07686	0.000244	0.0615	0.7575	-0.099	0	209	215	3
2026-02-12	15:03:05.010	102.725	-1.225	-58.205	1.190476	-0.027572	-0.040992	0.057	0.7515	-0.096	0	210	180	3
2026-02-12	15:03:05.030	171.885	8.68	-48.615	1.1407	0.059536	-0.032452	0.054	0.7395	-0.093	0	210	180	3
2026-02-12	15:03:05.050	213.57	16.905	-34.3	1.105564	0.208376	0.006344	0.0585	0.7215	-0.1005	0	210	180	3
2026-02-12	15:03:05.070	206.885	25.27	-19.565	1.045784	0.362096	0.047336	0.0615	0.696	-0.1095	0	210	180	3
2026-02-12	15:03:05.090	153.37	33.425	-8.645	0.946232	0.461892	0.088328	0.06	0.672	-0.1095	0	210	180	3
2026-02-12	15:03:05.110	69.755	38.64	-2.555	0.878888	0.47092	0.11102	0.063	0.657	-0.1155	0	210	180	3
2026-02-12	15:03:05.130	-18.655	43.19	0.175	0.837164	0.387472	0.131028	0.066	0.6525	-0.1215	0	210	180	3
2026-02-12	15:03:05.150	-89.6	48.195	0.665	0.836432	0.270108	0.151036	0.0705	0.651	-0.123	0	210	180	3
2026-02-12	15:03:05.170	-149.8	55.405	-0.77	0.833992	0.164456	0.142252	0.0795	0.66	-0.129	0	210	180	3
2026-02-12	15:03:05.190	-189.35	64.785	0.07	0.778848	0.030012	0.103456	0.0855	0.6705	-0.135	0	210	180	3
2026-02-12	15:03:05.210	-197.855	70.49	3.185	0.741028	-0.0854	0.055876	0.09	0.6975	-0.15	0	212	145	3
2026-02-12	15:03:05.230	-183.085	72.555	6.405	0.736148	-0.16592	0.036844	0.0945	0.7065	-0.1545	0	212	145	3
2026-02-12	15:03:05.250	-153.475	71.47	7	0.736392	-0.18056	0.044896	0.1035	0.7275	-0.1635	0	212	145	3
2026-02-12	15:03:05.270	-121.905	69.09	5.845	0.711748	-0.15372	0.06954	0.111	0.7485	-0.171	0	212	145	3
2026-02-12	15:03:05.290	-96.46	64.435	3.535	0.697596	-0.139568	0.10248	0.117	0.7635	-0.1725	0	212	145	3
2026-02-12	15:03:05.310	-73.325	58.38	-2.065	0.721508	-0.146644	0.149572	0.1245	0.771	-0.1785	0	212	145	3
2026-02-12	15:03:05.330	-55.16	52.64	-9.31	0.71858	-0.140056	0.191052	0.1365	0.777	-0.183	0	212	145	3
2026-02-12	15:03:05.350	-45.57	46.445	-16.52	0.70028	-0.127856	0.22326	0.141	0.786	-0.1875	0	212	145	3
2026-02-12	15:03:05.370	-43.75	38.92	-23.275	0.6893	-0.098332	0.242292	0.144	0.7905	-0.1935	0	212	145	3
2026-02-12	15:03:05.390	-52.465	26.145	-31.255	0.67954	-0.077104	0.234728	0.1485	0.7905	-0.1935	0	212	145	3
2026-02-12	15:03:05.410	-68.32	10.01	-36.995	0.697108	-0.127612	0.24766	0.1485	0.7905	-0.1935	0	217	126	3
2026-02-12	15:03:05.430	-76.72	-4.095	-39.48	0.724436	-0.16836	0.293776	0.15	0.7905	-0.192	0	217	126	3
2026-02-12	15:03:05.450	-73.185	-16.625	-40.775	0.75762	-0.214232	0.3477	0.1455	0.7995	-0.1935	0	217	126	3
2026-02-12	15:03:05.470	-56.175	-27.72	-41.615	0.820328	-0.232044	0.3843	0.1425	0.8025	-0.189	0	217	126	3
2026-02-12	15:03:05.490	-31.64	-37.52	-42.91	0.92232	-0.216184	0.392352	0.1455	0.798	-0.183	0	217	126	3
2026-02-12	15:03:05.510	-0.385	-44.31	-43.75	1.034072	-0.235948	0.39406	0.141	0.7965	-0.1785	0	217	126	3
2026-02-12	15:03:05.530	36.085	-46.655	-40.775	1.1041	-0.229116	0.408456	0.1335	0.7935	-0.1755	0	217	126	3
2026-02-12	15:03:05.550	69.475	-45.115	-34.405	1.128988	-0.185196	0.418704	0.126	0.7845	-0.171	0	217	126	3
2026-02-12	15:03:05.570	91.42	-40.775	-25.165	1.11874	-0.11224	0.40992	0.117	0.7755	-0.1665	0	217	126	3
2026-02-12	15:03:05.590	94.885	-37.66	-15.505	1.118008	-0.027572	0.395036	0.111	0.7635	-0.1635	0	217	126	3
2026-02-12	15:03:05.610	68.46	-33.67	-2.065	1.101416	0.03904	0.377712	0.108	0.756	-0.1605	0	223	144	3
2026-02-12	15:03:05.630	41.405	-33.04	5.495	1.164368	0.024644	0.370392	0.1065	0.7455	-0.156	0	223	144	3
2026-02-12	15:03:05.650	17.01	-32.025	11.9	1.254892	0.001708	0.376248	0.1005	0.741	-0.153	0	223	144	3
2026-02-12	15:03:05.670	-4.48	-29.855	17.22	1.308328	-0.010492	0.382104	0.0945	0.7335	-0.1515	0	223	144	3
2026-02-12	15:03:05.690	-20.58	-26.18	21.77	1.321016	-0.038064	0.38918	0.096	0.738	-0.1515	0	223	144	3
2026-02-12	15:03:05.710	-27.09	-21.77	24.5	1.343708	-0.029768	0.42212	0.0945	0.75	-0.147	0	223	144	3
2026-02-12	15:03:05.730	-30.38	-16.52	25.725	1.341512	-0.00122	0.417484	0.087	0.7485	-0.1395	0	223	144	3
2026-02-12	15:03:05.750	-36.89	-12.145	27.02	1.306864	-0.014396	0.377468	0.081	0.753	-0.135	0	223	144	3
2026-02-12	15:03:05.770	-40.18	-8.26	26.985	1.279048	-0.006588	0.426268	0.0855	0.765	-0.1335	0	223	144	3
2026-02-12	15:03:05.790	-36.4	1.225	22.26	1.336144	0.028304	0.538752	0.084	0.774	-0.1305	0	223	144	3
2026-02-12	15:03:05.810	-43.085	19.95	17.99	1.181204	0.009272	0.441884	0.0825	0.7815	-0.132	0	231	192	3
2026-02-12	15:03:05.830	-64.89	28.77	19.32	1.016016	-0.088328	0.315736	0.087	0.786	-0.1335	0	231	192	3
2026-02-12	15:03:05.850	-66.29	28.665	19.565	0.966728	-0.139324	0.244976	0.093	0.7905	-0.132	0	231	192	3
2026-02-12	15:03:05.870	-55.125	24.465	18.9	0.969168	-0.148596	0.219112	0.1005	0.801	-0.132	0	231	192	3
2026-02-12	15:03:05.890	-43.855	20.195	19.6	0.974536	-0.164944	0.23546	0.105	0.8115	-0.132	0	231	192	3
2026-02-12	15:03:05.910	-33.11	17.815	21.875	0.955016	-0.1891	0.242292	0.1065	0.8175	-0.132	0	231	192	3
2026-02-12	15:03:05.930	-18.585	15.015	24.43	0.933056	-0.205936	0.241804	0.1035	0.822	-0.1305	0	231	192	3
2026-02-12	15:03:05.950	0.63	12.495	26.635	0.903532	-0.210816	0.25132	0.1065	0.831	-0.129	0	231	192	3
2026-02-12	15:03:05.970	19.565	10.57	29.435	0.864736	-0.203008	0.268644	0.1155	0.8355	-0.1335	0	231	192	3
2026-02-12	15:03:05.990	35.245	9.275	32.515	0.82594	-0.193248	0.262544	0.12	0.834	-0.1335	0	231	192	3
2026-02-12	15:03:06.010	49.385	6.86	35.77	0.779092	-0.176412	0.25132	0.1185	0.834	-0.132	0	239	236	3
2026-02-12	15:03:06.030	58.135	4.865	35.63	0.77836	-0.161284	0.23912	0.1215	0.8355	-0.1365	0	239	236	3
2026-02-12	15:03:06.050	63.735	4.025	34.23	0.742492	-0.173728	0.212524	0.126	0.8385	-0.144	0	239	236	3
2026-02-12	15:03:06.070	66.185	3.43	32.69	0.73322	-0.19154	0.185684	0.126	0.8325	-0.15	0	239	236	3
2026-02-12	15:03:06.090	69.965	2.03	29.68	0.75518	-0.2013	0.169336	0.1275	0.8295	-0.1545	0	239	236	3
2026-02-12	15:03:06.110	72.87	1.4	24.64	0.789584	-0.203984	0.171044	0.1335	0.831	-0.156	0	239	236	3
2026-02-12	15:03:06.130	75.915	2.345	19.635	0.808616	-0.214476	0.177876	0.138	0.8265	-0.1605	0	239	236	3
2026-02-12	15:03:06.150	79.345	3.745	15.54	0.810568	-0.215452	0.178852	0.1395	0.822	-0.165	0	239	236	3
2026-02-12	15:03:06.170	81.165	4.515	11.935	0.825696	-0.213988	0.163724	0.1395	0.8175	-0.174	0	239	236	3
2026-02-12	15:03:06.190	82.215	4.62	8.96	0.859856	-0.22326	0.155672	0.141	0.8145	-0.177	0	239	236	3
2026-02-12	15:03:06.210	79.73	3.885	7.105	0.8967	-0.209108	0.1464	0.1365	0.8055	-0.174	0	243	254	3
2026-02-12	15:03:06.230	72.94	2.415	6.09	0.920368	-0.21106	0.145668	0.1395	0.792	-0.1785	0	243	254	3
2026-02-12	15:03:06.250	61.985	-1.785	7.91	0.879132	-0.215696	0.129808	0.1455	0.7875	-0.1815	0	243	254	3
2026-02-12	15:03:06.270	58.135	-10.5	8.47	0.915	-0.21594	0.121512	0.153	0.7785	-0.1905	0	243	254	3
2026-02-12	15:03:06.290	57.89	-22.75	4.725	0.999424	-0.198128	0.1464	0.1455	0.774	-0.1875	0	243	254	3
2026-02-12	15:03:06.310	59.675	-36.12	-2.94	1.138992	-0.198372	0.21716	0.141	0.7725	-0.186	0	243	254	3
2026-02-12	15:03:06.330	64.68	-44.31	-11.13	1.248548	-0.19764	0.2928	0.1425	0.771	-0.1845	0	243	254	3
2026-02-12	15:03:06.350	69.23	-47.215	-15.89	1.266116	-0.197152	0.320372	0.1365	0.7605	-0.1785	0	243	254	3
2026-02-12	15:03:06.370	75.425	-49.595	-20.895	1.321992	-0.171044	0.320128	0.1275	0.7485	-0.1725	0	243	254	3
2026-02-12	15:03:06.390	76.265	-48.93	-25.095	1.33956	-0.126148	0.304512	0.12	0.741	-0.1725	0	243	254	3
2026-02-12	15:03:06.410	65.975	-46.41	-25.585	1.355664	-0.01464	0.22936	0.1155	0.7275	-0.165	0	244	247	3
2026-02-12	15:03:06.430	25.83	-48.475	-26.635	1.297348	0.2318	0.037088	0.108	0.717	-0.159	0	244	247	3
2026-02-12	15:03:06.450	-46.795	-59.08	-32.375	1.27978	0.404308	-0.058316	0.1035	0.714	-0.1545	0	244	247	3
2026-02-12	15:03:06.470	-122.01	-73.465	-44.66	1.409832	0.154208	0.112728	0.1005	0.7125	-0.141	0	244	247	3
2026-02-12	15:03:06.490	-114.52	-65.31	-47.74	1.382016	0.052948	0.255712	0.093	0.7155	-0.1275	0	244	247	3
2026-02-12	15:03:06.510	-92.015	-50.015	-42.84	1.2017	0.081496	0.260104	0.0825	0.72	-0.1155	0	244	247	3
2026-02-12	15:03:06.530	-64.365	-36.295	-35.63	1.061156	0.144936	0.210816	0.075	0.7215	-0.1095	0	244	247	3
2026-02-12	15:03:06.550	-32.655	-24.29	-29.365	1.015772	0.181292	0.186416	0.0765	0.7215	-0.111	0	244	247	3
2026-02-12	15:03:06.570	0.98	-9.87	-24.535	0.96746	0.189344	0.154452	0.0795	0.723	-0.108	0	244	247	3
2026-02-12	15:03:06.590	21.105	5.145	-19.67	0.896944	0.300608	0.09882	0.0765	0.7215	-0.099	0	244	247	3
2026-02-12	15:03:06.610	8.4	17.605	-16.03	0.81252	0.389912	0.021472	0.075	0.717	-0.0975	0	246	231	3
2026-02-12	15:03:06.630	-28.77	25.025	-15.855	0.74908	0.42212	-0.044408	0.0795	0.714	-0.1005	0	246	231	3
2026-02-12	15:03:06.650	-75.74	28.28	-18.865	0.706868	0.344284	-0.05246	0.0795	0.714	-0.105	0	246	231	3
2026-02-12	15:03:06.670	-118.195	29.54	-23.66	0.748836	0.243512	-0.0366	0.075	0.7155	-0.108	0	246	231	3
2026-02-12	15:03:06.690	-143.92	29.575	-28.98	0.765184	0.20496	-0.020496	0.081	0.717	-0.1125	0	246	231	3
2026-02-12	15:03:06.710	-150.675	27.23	-29.855	0.710284	0.12566	0.002684	0.0855	0.7275	-0.114	0	246	231	3
2026-02-12	15:03:06.730	-139.755	21.84	-28.56	0.711748	0.010736	0.054656	0.0825	0.738	-0.114	0	246	231	3
2026-02-12	15:03:06.750	-108.955	17.43	-28.28	0.740296	-0.055632	0.11224	0.084	0.744	-0.117	0	246	231	3
2026-02-12	15:03:06.770	-68.915	14.98	-27.65	0.714676	-0.049776	0.161284	0.087	0.7485	-0.1155	0	246	231	3
2026-02-12	15:03:06.790	-33.635	11.34	-25.76	0.720776	-0.02928	0.204716	0.0885	0.753	-0.108	0	246	231	3
2026-02-12	15:03:06.810	-0.945	8.89	-24.255	0.754448	-0.03904	0.2135	0.0915	0.756	-0.1125	0	251	203	3
2026-02-12	15:03:06.830	27.37	6.685	-23.625	0.780312	-0.026108	0.19276	0.0945	0.753	-0.117	0	251	203	3
2026-02-12	15:03:06.850	45.675	3.955	-23.135	0.774212	0.004636	0.182512	0.096	0.75	-0.114	0	251	203	3
2026-02-12	15:03:06.870	51.975	1.155	-22.61	0.798856	0.000732	0.195932	0.093	0.741	-0.114	0	251	203	3
2026-02-12	15:03:06.890	49.945	0.595	-21.455	0.852292	0.008296	0.205204	0.0915	0.7275	-0.1155	0	251	203	3
2026-02-12	15:03:06.910	36.085	2.275	-17.57	0.836432	0.036356	0.172752	0.0915	0.7185	-0.123	0	251	203	3
2026-02-12	15:03:06.930	16.17	1.96	-12.635	0.831552	0.048068	0.142496	0.093	0.7185	-0.129	0	251	203	3
2026-02-12	15:03:06.950	-3.465	-0.735	-8.575	0.862052	0.032452	0.142496	0.0855	0.7125	-0.123	0	251	203	3
2026-02-12	15:03:06.970	-17.08	-2.625	-5.74	0.87718	0.007076	0.183244	0.0825	0.711	-0.1185	0	251	203	3
2026-02-12	15:03:06.990	-26.18	-3.01	-1.925	0.865712	-0.008784	0.22448	0.087	0.7185	-0.123	0	251	203	3
2026-02-12	15:03:07.010	-30.765	-3.43	3.01	0.884256	-0.01586	0.258884	0.09	0.7185	-0.1275	0	254	182	3
2026-02-12	15:03:07.030	-31.115	-2.695	7.56	0.898652	-0.028548	0.29646	0.0885	0.723	-0.1215	0	254	182	3
2026-02-12	15:03:07.050	-26.915	-1.19	10.92	0.940376	-0.025132	0.339648	0.0855	0.7275	-0.117	0	254	182	3
2026-02-12	15:03:07.070	-24.57	0.245	13.545	1.026752	-0.00732	0.311588	0.084	0.729	-0.12	0	254	182	3
2026-02-12	15:03:07.090	-39.41	-2.03	18.41	1.160464	0.055388	0.29402	0.084	0.7305	-0.12	0	254	182	3
2026-02-12	15:03:07.110	-70.63	0.14	29.12	1.280756	0.091012	0.414312	0.0825	0.7335	-0.1155	0	254	182	3
2026-02-12	15:03:07.130	-86.625	3.85	39.165	1.226832	0.086132	0.389912	0.084	0.7425	-0.1155	0	254	182	3
2026-02-12	15:03:07.150	-94.045	1.155	45.815	1.18828	0.058072	0.364292	0.087	0.7545	-0.114	0	254	182	3
2026-02-12	15:03:07.170	-90.545	-4.375	46.585	1.16632	0.001952	0.36722	0.09	0.7665	-0.1125	0	254	182	3
2026-02-12	15:03:07.190	-76.37	-10.675	43.785	1.164368	-0.04148	0.354044	0.096	0.7785	-0.111	0	254	182	3
2026-02-12	15:03:07.210	-57.575	-15.575	38.64	1.167296	-0.083936	0.34526	0.099	0.792	-0.102	0	254	188	3
2026-02-12	15:03:07.230	-36.05	-18.935	31.85	1.187548	-0.101992	0.323544	0.096	0.8025	-0.0945	0	254	188	3
2026-02-12	15:03:07.250	-16.275	-22.155	23.555	1.221708	-0.115168	0.308172	0.0945	0.81	-0.0915	0	254	188	3
2026-02-12	15:03:07.270	-0.42	-23.52	15.925	1.198284	-0.126148	0.287432	0.0945	0.8175	-0.09	0	254	188	3
2026-02-12	15:03:07.290	13.65	-24.045	11.375	1.143872	-0.117364	0.273036	0.0945	0.8205	-0.087	0	254	188	3
2026-02-12	15:03:07.310	28.595	-21.035	11.375	1.057496	-0.144692	0.284504	0.0945	0.822	-0.084	0	254	188	3
2026-02-12	15:03:07.330	47.075	-14.595	14.42	0.984296	-0.185196	0.274012	0.09	0.8205	-0.081	0	254	188	3
2026-02-12	15:03:07.350	63.805	-9.415	16.975	1.055056	-0.169336	0.257664	0.0915	0.822	-0.0795	0	254	188	3
2026-02-12	15:03:07.370	69.02	0.28	20.055	1.068964	-0.152012	0.213256	0.096	0.822	-0.0855	0	254	188	3
2026-02-12	15:03:07.390	63.98	9.765	24.78	1.0309	-0.159576	0.16348	0.096	0.8175	-0.0885	0	254	188	3
2026-02-12	15:03:07.410	57.575	15.365	28.385	1.041392	-0.162504	0.139324	0.096	0.816	-0.09	0	251	210	3
2026-02-12	15:03:07.430	48.44	20.335	30.695	1.027972	-0.170068	0.149572	0.0975	0.813	-0.0945	0	251	210	3
2026-02-12	15:03:07.450	35.385	24.955	33.845	0.956236	-0.177876	0.160308	0.1005	0.81	-0.102	0	251	210	3
2026-02-12	15:03:07.470	22.05	25.48	37.765	0.919636	-0.205448	0.145912	0.1095	0.8145	-0.105	0	251	210	3
2026-02-12	15:03:07.490	14	21.49	40.11	0.950136	-0.251076	0.143228	0.1185	0.8145	-0.105	0	251	210	3
2026-02-12	15:03:07.510	11.76	17.08	39.795	0.98454	-0.26596	0.174216	0.123	0.8175	-0.108	0	251	210	3
2026-02-12	15:03:07.530	13.23	16.135	40.495	0.935252	-0.28914	0.206912	0.1215	0.828	-0.114	0	251	210	3
2026-02-12	15:03:07.550	18.515	16.345	42.21	0.894504	-0.29768	0.214476	0.1185	0.8325	-0.1185	0	251	210	3
2026-02-12	15:03:07.570	25.375	17.36	43.855	0.881084	-0.279868	0.224968	0.1215	0.834	-0.1155	0	251	210	3
2026-02-12	15:03:07.590	28.35	19.355	45.36	0.862296	-0.255468	0.212524	0.1275	0.837	-0.12	0	251	210	3
2026-02-12	15:03:07.610	26.53	21.595	48.09	0.812032	-0.25742	0.183732	0.1365	0.843	-0.129	0	247	222	3
2026-02-12	15:03:07.630	26.74	21.945	51.52	0.771528	-0.280844	0.153964	0.138	0.849	-0.1305	0	247	222	3
2026-02-12	15:03:07.650	34.055	19.6	53.2	0.803248	-0.282796	0.136152	0.144	0.849	-0.135	0	247	222	3
2026-02-12	15:03:07.670	42.07	15.785	53.025	0.820816	-0.248148	0.121268	0.1485	0.8475	-0.1365	0	247	222	3
2026-02-12	15:03:07.690	40.285	10.815	53.165	0.811788	-0.2562	0.124196	0.156	0.8505	-0.1365	0	247	222	3
2026-02-12	15:03:07.710	42.945	3.92	52.955	0.83448	-0.277184	0.16348	0.168	0.855	-0.1395	0	247	222	3
2026-02-12	15:03:07.730	57.19	-3.01	50.645	0.884012	-0.271816	0.217892	0.171	0.855	-0.1425	0	247	222	3
2026-02-12	15:03:07.750	78.61	-9.94	43.05	0.882548	-0.26962	0.240828	0.171	0.8565	-0.1485	0	247	222	3
2026-02-12	15:03:07.770	92.19	-15.19	36.12	0.881572	-0.266936	0.250344	0.1725	0.861	-0.153	0	247	222	3
2026-02-12	15:03:07.790	105.595	-20.02	26.215	0.91866	-0.271328	0.259372	0.174	0.8565	-0.159	0	247	222	3
2026-02-12	15:03:07.810	118.475	-24.15	14.7	0.969656	-0.25498	0.259616	0.174	0.8505	-0.162	0	240	221	3
2026-02-12	15:03:07.830	122.36	-27.965	4.235	1.005036	-0.22692	0.244244	0.1755	0.84	-0.1635	0	240	221	3
2026-02-12	15:03:07.850	116.655	-32.13	-4.515	1.049444	-0.207888	0.2257	0.171	0.828	-0.1665	0	240	221	3
2026-02-12	15:03:07.870	108.01	-36.995	-13.3	1.136064	-0.177632	0.213988	0.165	0.816	-0.1635	0	240	221	3
2026-02-12	15:03:07.890	96.39	-41.23	-22.05	1.227564	-0.142252	0.211792	0.1665	0.804	-0.168	0	240	221	3
2026-02-12	15:03:07.910	80.885	-43.89	-29.155	1.297348	-0.132736	0.199592	0.1635	0.7935	-0.1695	0	240	221	3
2026-02-12	15:03:07.930	65.135	-45.71	-32.935	1.33224	-0.115656	0.16958	0.1575	0.7785	-0.1605	0	240	221	3
2026-02-12	15:03:07.950	43.82	-50.61	-38.885	1.381772	-0.073932	0.1769	0.15	0.7695	-0.1575	0	240	221	3
2026-02-12	15:03:07.970	20.405	-53.83	-46.795	1.402512	0.020252	0.187148	0.141	0.762	-0.159	0	240	221	3
2026-02-12	15:03:07.990	-9.73	-53.655	-51.485	1.366156	0.07808	0.165188	0.132	0.753	-0.153	0	240	221	3
2026-02-12	15:03:08.010	-42.455	-50.61	-52.78	1.336632	0.093452	0.16836	0.126	0.7455	-0.1425	0	234	216	3
2026-02-12	15:03:08.030	-64.435	-41.755	-49.49	1.241716	0.070516	0.188612	0.12	0.741	-0.1335	0	234	216	3
2026-02-12	15:03:08.050	-73.5	-29.75	-41.405	1.152656	0.081008	0.185684	0.1155	0.741	-0.1275	0	234	216	3
2026-02-12	15:03:08.070	-78.295	-17.815	-32.025	1.077992	0.121756	0.15128	0.117	0.738	-0.1245	0	234	216	3
2026-02-12	15:03:08.090	-83.405	-6.825	-24.08	1.018456	0.181048	0.119316	0.1155	0.7425	-0.12	0	234	216	3
2026-02-12	15:03:08.110	-89.495	2.45	-19.075	0.953308	0.203496	0.073932	0.1065	0.75	-0.117	0	234	216	3
2026-02-12	15:03:08.130	-92.015	10.22	-16.625	0.8723	0.20008	0.038552	0.1125	0.7515	-0.111	0	234	216	3
2026-02-12	15:03:08.150	-93.87	16.52	-17.115	0.795684	0.136152	0.035136	0.117	0.7545	-0.108	0	234	216	3
2026-02-12	15:03:08.170	-78.82	23.065	-21.49	0.76982	-0.022936	0.073688	0.1095	0.7575	-0.1125	0	234	216	3
2026-02-12	15:03:08.190	-61.25	25.76	-24.92	0.821304	-0.075884	0.077104	0.111	0.7635	-0.117	0	234	216	3
2026-02-12	15:03:08.210	-40.285	28.14	-26.285	0.80398	-0.149328	0.06832	0.1155	0.768	-0.114	0	230	205	3
2026-02-12	15:03:08.230	-4.06	26.285	-24.85	0.782752	-0.195688	0.09076799	0.1155	0.7635	-0.1125	0	230	205	3
2026-02-12	15:03:08.250	36.75	23.065	-19.775	0.770796	-0.168604	0.147132	0.1155	0.759	-0.123	0	230	205	3
2026-02-12	15:03:08.270	67.515	19.95	-14.28	0.776652	-0.102724	0.19154	0.114	0.759	-0.1275	0	230	205	3
2026-02-12	15:03:08.290	83.825	18.62	-8.925	0.77714	-0.044164	0.219356	0.117	0.753	-0.1305	0	230	205	3
2026-02-12	15:03:08.310	86.975	18.41	-3.255	0.7564	0.011712	0.239608	0.123	0.747	-0.1365	0	230	205	3
2026-02-12	15:03:08.330	74.97	18.2	1.715	0.757376	0.061732	0.246684	0.1275	0.7395	-0.1395	0	230	205	3
2026-02-12	15:03:08.350	45.15	19.915	5.11	0.714432	0.078324	0.223748	0.129	0.7275	-0.141	0	230	205	3
2026-02-12	15:03:08.370	5.285	20.23	6.86	0.673684	0.08174	0.18788	0.1275	0.723	-0.1425	0	230	205	3
2026-02-12	15:03:08.390	-57.715	15.26	4.235	0.666608	0.043188	0.138592	0.129	0.7215	-0.1455	0	230	205	3
2026-02-12	15:03:08.410	-88.025	10.92	-0.07	0.647088	0.000488	0.132492	0.1275	0.7275	-0.147	0	230	191	3
2026-02-12	15:03:08.430	-106.785	4.725	-4.97	0.661484	-0.027572	0.1525	0.138	0.7395	-0.1455	0	230	191	3
2026-02-12	15:03:08.450	-113.505	-0.7	-11.305	0.705404	-0.077348	0.198616	0.141	0.7485	-0.144	0	230	191	3
2026-02-12	15:03:08.470	-102.83	-4.27	-19.11	0.752496	-0.163968	0.243268	0.135	0.7575	-0.1455	0	230	191	3
2026-02-12	15:03:08.490	-76.965	-7.07	-26.075	0.779092	-0.21228	0.267912	0.1365	0.765	-0.141	0	230	191	3
2026-02-12	15:03:08.510	-47.11	-11.69	-30.66	0.822768	-0.21594	0.282552	0.132	0.7665	-0.1365	0	230	191	3
2026-02-12	15:03:08.530	-17.22	-17.08	-33.355	0.905484	-0.208132	0.312808	0.1275	0.765	-0.1365	0	230	191	3
2026-02-12	15:03:08.550	9.24	-21.63	-34.265	1.013576	-0.16592	0.348188	0.126	0.7635	-0.1335	0	230	191	3
2026-02-12	15:03:08.570	27.79	-25.13	-32.095	1.09068	-0.107848	0.371856	0.1275	0.7605	-0.129	0	230	191	3
2026-02-12	15:03:08.590	37.625	-27.825	-25.025	1.149972	-0.050996	0.37332	0.1215	0.7575	-0.1245	0	230	191	3
2026-02-12	15:03:08.610	36.995	-29.82	-16.03	1.190476	-0.001464	0.366488	0.1185	0.7455	-0.1185	0	230	190	3
2026-02-12	15:03:08.630	28.07	-31.045	-9.695	1.216584	0.005124	0.366488	0.123	0.735	-0.1185	0	230	190	3
2026-02-12	15:03:08.650	15.05	-32.83	-5.11	1.28344	0.016836	0.370636	0.1185	0.738	-0.1185	0	230	190	3
2026-02-12	15:03:08.670	-1.26	-34.125	-2.8	1.372744	0.016348	0.370392	0.1095	0.738	-0.1125	0	230	190	3
2026-02-12	15:03:08.690	-17.99	-33.285	-2.1	1.43594	-0.010004	0.37576	0.1095	0.7305	-0.105	0	230	190	3
2026-02-12	15:03:08.710	-26.985	-28.945	-1.75	1.4396	-0.063196	0.387716	0.105	0.732	-0.105	0	230	190	3
2026-02-12	15:03:08.730	-26.145	-21.175	-0.455	1.385432	-0.085888	0.41358	0.1005	0.741	-0.102	0	230	190	3
2026-02-12	15:03:08.750	-21.14	-8.505	4.305	1.27856	-0.092964	0.402356	0.1035	0.747	-0.093	0	230	190	3
2026-02-12	15:03:08.770	-16.205	5.495	12.705	1.170956	-0.101504	0.368196	0.1035	0.744	-0.093	0	230	190	3
2026-02-12	15:03:08.790	-13.335	19.495	22.54	1.09556	-0.08906	0.311344	0.1005	0.738	-0.096	0	230	190	3
2026-02-12	15:03:08.810	-16.905	35.455	34.09	1.106052	-0.063928	0.235948	0.099	0.7365	-0.0975	0	233	213	3
2026-02-12	15:03:08.830	-25.55	46.095	41.72	1.066036	-0.084424	0.18788	0.1065	0.7455	-0.096	0	233	213	3
2026-02-12	15:03:08.850	-32.55	53.375	47.845	1.036512	-0.104188	0.158112	0.117	0.759	-0.1035	0	233	213	3
2026-02-12	15:03:08.870	-40.145	57.995	52.01	1.02846	-0.122244	0.161528	0.1215	0.765	-0.114	0	233	213	3
2026-02-12	15:03:08.890	-49.595	61.32	55.125	1.008208	-0.151768	0.16226	0.1275	0.7755	-0.114	0	233	213	3
2026-02-12	15:03:08.910	-59.22	61.11	57.225	0.982832	-0.16836	0.166896	0.1365	0.786	-0.117	0	233	213	3
2026-02-12	15:03:08.930	-65.52	58.59	59.01	0.90036	-0.209352	0.167384	0.1425	0.7995	-0.123	0	233	213	3
2026-02-12	15:03:08.950	-63.98	53.76	60.62	0.818132	-0.26108	0.1891	0.15	0.8115	-0.1305	0	233	213	3
2026-02-12	15:03:08.970	-53.795	47.495	61.635	0.741516	-0.289628	0.208864	0.1575	0.8205	-0.135	0	233	213	3
2026-02-12	15:03:08.990	-40.88	39.83	61.88	0.70394	-0.311832	0.22936	0.168	0.834	-0.1335	0	233	213	3
2026-02-12	15:03:09.010	-24.955	28.49	59.64	0.762988	-0.318176	0.249124	0.18	0.843	-0.1365	0	237	233	3
2026-02-12	15:03:09.030	-6.125	19.88	54.145	0.827648	-0.3111	0.24766	0.183	0.8445	-0.1395	0	237	233	3
2026-02-12	15:03:09.050	9.835	15.925	49.49	0.797148	-0.309148	0.224236	0.1875	0.8595	-0.1425	0	237	233	3
2026-02-12	15:03:09.070	26.88	11.2	45.57	0.770552	-0.316468	0.190564	0.1935	0.876	-0.144	0	237	233	3
2026-02-12	15:03:09.090	42.63	6.65	41.86	0.7808	-0.331596	0.183976	0.1995	0.873	-0.144	0	237	233	3
2026-02-12	15:03:09.110	57.575	3.01	37.135	0.847656	-0.31964	0.20862	0.2025	0.867	-0.15	0	237	233	3
2026-02-12	15:03:09.130	64.75	3.185	33.39	0.854	-0.317444	0.212524	0.2055	0.8655	-0.15	0	237	233	3
2026-02-12	15:03:09.150	69.23	2.695	30.345	0.845216	-0.303048	0.197152	0.2145	0.87	-0.1515	0	237	233	3
2026-02-12	15:03:09.170	73.57	1.225	26.81	0.855708	-0.284504	0.18056	0.222	0.8655	-0.162	0	237	233	3
2026-02-12	15:03:09.190	76.055	-1.575	21.595	0.916464	-0.257176	0.175192	0.2235	0.8565	-0.168	0	237	233	3
2026-02-12	15:03:09.210	71.435	-2.905	15.82	0.901092	-0.235216	0.173972	0.222	0.8505	-0.1695	0	239	238	3
2026-02-12	15:03:09.230	58.765	-8.61	10.605	0.91012	-0.23302	0.167872	0.222	0.8475	-0.171	0	239	238	3
2026-02-12	15:03:09.250	48.02	-18.305	4.2	0.92964	-0.229848	0.20374	0.2175	0.8415	-0.1695	0	239	238	3
2026-02-12	15:03:09.270	44.38	-27.265	-1.4	0.965752	-0.215452	0.277672	0.2145	0.8385	-0.174	0	239	238	3
2026-02-12	15:03:09.290	44.275	-35.385	-9.275	1.044808	-0.198372	0.336232	0.21	0.8355	-0.177	0	239	238	3
2026-02-12	15:03:09.310	42.91	-43.155	-19.285	1.096536	-0.204716	0.339404	0.207	0.8295	-0.1725	0	239	238	3
2026-02-12	15:03:09.330	40.6	-52.395	-28.21	1.11508	-0.243756	0.323544	0.207	0.8235	-0.1695	0	239	238	3
2026-02-12	15:03:09.350	49.035	-63.175	-37.66	1.203164	-0.25986	0.343064	0.198	0.8175	-0.1665	0	239	238	3
2026-02-12	15:03:09.370	63.245	-70.105	-48.3	1.312232	-0.215696	0.36844	0.189	0.807	-0.159	0	239	238	3
2026-02-12	15:03:09.390	70.245	-72.415	-55.37	1.317356	-0.183244	0.32818	0.18	0.7995	-0.159	0	239	238	3
2026-02-12	15:03:09.410	68.075	-75.11	-58.24	1.337852	-0.188612	0.265228	0.1725	0.7875	-0.156	0	238	239	3
2026-02-12	15:03:09.430	69.895	-75.355	-60.13	1.373476	-0.153476	0.25132	0.1605	0.7665	-0.1485	0	238	239	3
2026-02-12	15:03:09.450	37.66	-66.64	-67.795	1.30662	0.31842	0.200568	0.15	0.759	-0.1485	0	238	239	3
2026-02-12	15:03:09.470	-22.19	-59.465	-78.33	1.253428	0.316956	0.174704	0.1425	0.7485	-0.138	0	238	239	3
2026-02-12	15:03:09.490	-57.645	-47.95	-83.405	1.196088	0.149084	0.194956	0.135	0.735	-0.123	0	238	239	3
2026-02-12	15:03:09.510	-78.96	-33.18	-81.34	1.109468	0.114924	0.235704	0.1305	0.7275	-0.117	0	238	239	3
2026-02-12	15:03:09.530	-93.52	-19.32	-77.175	1.089216	0.071492	0.248636	0.1245	0.7215	-0.1095	0	238	239	3
2026-02-12	15:03:09.550	-88.585	-4.445	-70.245	1.03456	0.066368	0.26108	0.1245	0.7215	-0.1095	0	238	239	3
2026-02-12	15:03:09.570	-70.735	6.79	-61.495	1.005768	0.129808	0.24644	0.1245	0.7215	-0.1125	0	238	239	3
2026-02-12	15:03:09.590	-58.38	13.86	-54.005	1.040904	0.185196	0.214964	0.12	0.7185	-0.108	0	238	239	3
2026-02-12	15:03:09.610	-61.425	22.75	-46.62	0.941108	0.205692	0.14396	0.12	0.717	-0.111	0	238	241	3
2026-02-12	15:03:09.630	-79.59	27.51	-39.655	0.803492	0.165188	0.083204	0.12	0.7155	-0.114	0	238	241	3
2026-02-12	15:03:09.650	-97.615	26.425	-34.055	0.7503	0.049288	0.075396	0.12	0.7125	-0.114	0	238	241	3
2026-02-12	15:03:09.670	-98.245	25.445	-26.32	0.67344	-0.063928	0.144204	0.12	0.7125	-0.114	0	238	241	3
2026-02-12	15:03:09.690	-85.47	25.13	-22.925	0.637572	-0.034648	0.197152	0.1215	0.717	-0.1125	0	238	241	3
2026-02-12	15:03:09.710	-76.965	25.13	-21.455	0.603656	-0.018788	0.225944	0.129	0.726	-0.1125	0	238	241	3
2026-02-12	15:03:09.730	-71.54	25.06	-20.86	0.579988	-0.074176	0.257664	0.1365	0.732	-0.117	0	238	241	3
2026-02-12	15:03:09.750	-48.72	25.305	-23.135	0.6405	-0.140544	0.306708	0.1425	0.732	-0.12	0	238	241	3
2026-02-12	15:03:09.770	-21.455	29.12	-25.2	0.635132	-0.127124	0.287676	0.141	0.732	-0.12	0	238	241	3
2026-02-12	15:03:09.790	-1.995	29.82	-23.66	0.608292	-0.107604	0.277184	0.1395	0.7335	-0.129	0	238	241	3
2026-02-12	15:03:09.810	6.02	25.305	-20.055	0.607072	-0.058804	0.239852	0.141	0.729	-0.138	0	239	238	3
2026-02-12	15:03:09.830	3.78	18.025	-14.07	0.606096	-0.03416	0.213012	0.1455	0.723	-0.138	0	239	238	3
2026-02-12	15:03:09.850	1.155	9.8	-7.455	0.64416	-0.009028	0.24888	0.153	0.726	-0.135	0	239	238	3
2026-02-12	15:03:09.870	8.505	4.165	-0.945	0.70882	0.036112	0.334036	0.156	0.729	-0.1335	0	239	238	3
2026-02-12	15:03:09.890	9.52	-0.49	5.565	0.714432	0.093452	0.332328	0.153	0.723	-0.135	0	239	238	3
2026-02-12	15:03:09.910	-8.925	-7.315	11.2	0.691496	0.11102	0.291092	0.1515	0.7245	-0.132	0	239	238	3
2026-02-12	15:03:09.930	-38.57	-18.025	15.785	0.739076	0.08052	0.310856	0.1515	0.7245	-0.1305	0	239	238	3
2026-02-12	15:03:09.950	-52.22	-26.775	15.155	0.78324	0.02562	0.437492	0.1485	0.7245	-0.1335	0	239	238	3
2026-02-12	15:03:09.970	-49.875	-31.15	11.83	0.828136	-0.061244	0.539972	0.147	0.7335	-0.129	0	239	238	3
2026-02-12	15:03:09.990	-51.975	-34.475	11.06	0.8723	-0.070028	0.582916	0.147	0.741	-0.1215	0	239	238	3
2026-02-12	15:03:10.010	-72.31	-38.185	8.26	1.025776	-0.023424	0.604144	0.1455	0.747	-0.12	0	243	246	3
2026-02-12	15:03:10.030	-66.885	-36.365	2.275	1.169736	-0.168848	0.58804	0.141	0.7575	-0.117	0	243	246	3
2026-02-12	15:03:10.050	-40.46	-27.23	0.385	1.276852	-0.33306	0.568032	0.1305	0.762	-0.1095	0	243	246	3
2026-02-12	15:03:10.070	-21.175	-15.925	8.12	1.280024	-0.38064	0.51972	0.126	0.759	-0.1035	0	243	246	3
2026-02-12	15:03:10.090	-10.85	-7.42	25.445	1.30418	-0.385032	0.47458	0.1275	0.762	-0.105	0	243	246	3
2026-02-12	15:03:10.110	2.45	-5.005	35.28	1.404952	-0.361608	0.496052	0.1305	0.7665	-0.1005	0	243	246	3
2026-02-12	15:03:10.130	17.325	0.175	45.5	1.453752	-0.32086	0.503616	0.1365	0.7755	-0.0915	0	243	246	3
2026-02-12	15:03:10.150	21.595	8.855	58.52	1.412272	-0.308904	0.488	0.1335	0.78	-0.09	0	243	246	3
2026-02-12	15:03:10.170	18.06	16.905	72.94	1.324676	-0.368928	0.492148	0.132	0.786	-0.093	0	243	246	3
2026-02-12	15:03:10.190	16.065	25.095	89.565	1.238544	-0.427	0.499956	0.135	0.795	-0.0945	0	243	246	3
2026-02-12	15:03:10.210	18.2	33.18	106.785	1.149972	-0.44286	0.451156	0.144	0.7995	-0.1005	0	249	282	3
2026-02-12	15:03:10.230	26.53	39.55	123.41	1.12606	-0.427	0.368684	0.156	0.807	-0.108	0	249	282	3
2026-02-12	15:03:10.250	37.73	44.345	136.115	1.138504	-0.40138	0.28426	0.165	0.8205	-0.1125	0	249	282	3
2026-02-12	15:03:10.270	48.825	48.825	143.64	1.123864	-0.40748	0.230336	0.1785	0.834	-0.1185	0	249	282	3
2026-02-12	15:03:10.290	58.205	51.87	147.21	1.106784	-0.407724	0.190808	0.1845	0.8415	-0.1215	0	249	282	3
2026-02-12	15:03:10.310	68.11	54.53	146.265	1.092632	-0.38674	0.174704	0.1845	0.8415	-0.1215	0	249	282	3
2026-02-12	15:03:10.330	70.665	55.23	141.085	1.05652	-0.351604	0.183244	0.21	0.858	-0.135	0	249	282	3
2026-02-12	15:03:10.350	68.18	55.475	134.085	0.997472	-0.340136	0.192028	0.243	0.8745	-0.1485	0	249	282	3
2026-02-12	15:03:10.370	63.105	54.88	126.175	0.9455	-0.328668	0.204716	0.255	0.879	-0.156	0	249	282	3
2026-02-12	15:03:10.390	55.615	54.145	118.125	0.885476	-0.317932	0.213256	0.27	0.8775	-0.1665	0	249	282	3
2026-02-12	15:03:10.410	47.39	52.605	110.285	0.811544	-0.297192	0.198128	0.282	0.8805	-0.1725	0	258	312	3
2026-02-12	15:03:10.430	39.305	48.79	102.2	0.738832	-0.277184	0.169092	0.2925	0.8865	-0.1785	0	258	312	3
2026-02-12	15:03:10.450	35.105	41.755	92.785	0.660508	-0.288164	0.149328	0.306	0.885	-0.183	0	258	312	3
2026-02-12	15:03:10.470	38.92	32.725	84.42	0.615368	-0.29402	0.153476	0.315	0.888	-0.189	0	258	312	3
2026-02-12	15:03:10.490	47.67	23.205	76.475	0.595848	-0.2745	0.171288	0.3255	0.8955	-0.1935	0	258	312	3
2026-02-12	15:03:10.510	57.715	13.545	64.61	0.616344	-0.244488	0.199592	0.3345	0.897	-0.1935	0	258	312	3
2026-02-12	15:03:10.530	62.685	6.125	52.5	0.640256	-0.235216	0.213012	0.339	0.894	-0.198	0	258	312	3
2026-02-12	15:03:10.550	63.805	0.49	42.42	0.654652	-0.219112	0.196664	0.348	0.888	-0.2055	0	258	312	3
2026-02-12	15:03:10.570	62.195	-5.6	31.5	0.666364	-0.201544	0.191052	0.3525	0.882	-0.2085	0	258	312	3
2026-02-12	15:03:10.590	58.275	-12.67	20.23	0.674416	-0.192516	0.200324	0.354	0.876	-0.2115	0	258	312	3
2026-02-12	15:03:10.610	54.565	-19.915	8.785	0.6893	-0.193004	0.221308	0.3555	0.8685	-0.2175	0	267	310	3
2026-02-12	15:03:10.630	51.765	-28	-3.185	0.727852	-0.171288	0.226432	0.351	0.8625	-0.2175	0	267	310	3
2026-02-12	15:03:10.650	47.74	-38.045	-18.06	0.813984	-0.163724	0.236192	0.342	0.8565	-0.2175	0	267	310	3
2026-02-12	15:03:10.670	47.635	-48.23	-34.58	0.936716	-0.193004	0.264984	0.342	0.849	-0.2205	0	267	310	3
2026-02-12	15:03:10.690	57.82	-56.875	-48.86	1.040416	-0.202032	0.315492	0.336	0.843	-0.2205	0	267	310	3
2026-02-12	15:03:10.710	75.705	-64.05	-59.535	1.123864	-0.17324	0.347944	0.3285	0.84	-0.219	0	267	310	3
2026-02-12	15:03:10.730	94.36	-73.5	-71.645	1.276364	-0.120292	0.346724	0.3195	0.8235	-0.2205	0	267	310	3
2026-02-12	15:03:10.750	93.8	-80.43	-77.49	1.35176	-0.061976	0.313784	0.3075	0.8085	-0.2205	0	267	310	3
2026-02-12	15:03:10.770	79.065	-90.65	-82.705	1.396412	-0.016836	0.266692	0.2865	0.7875	-0.2175	0	267	310	3
2026-02-12	15:03:10.790	56.14	-105.455	-89.635	1.474248	-0.011956	0.232044	0.2715	0.771	-0.2085	0	267	310	3
2026-02-12	15:03:10.810	30.345	-121.695	-98.98	1.572092	-0.031964	0.2623	0.255	0.7545	-0.204	0	274	296	3
2026-02-12	15:03:10.830	12.39	-131.915	-109.235	1.671888	-0.02318	0.350628	0.237	0.738	-0.198	0	274	296	3
2026-02-12	15:03:10.850	-6.86	-134.54	-119.525	1.706048	-0.012444	0.376004	0.2205	0.7275	-0.186	0	274	296	3
2026-02-12	15:03:10.870	-31.185	-132.3	-127.015	1.616988	-0.069784	0.3477	0.201	0.7185	-0.1725	0	274	296	3
2026-02-12	15:03:10.890	-41.825	-132.3	-131.32	1.517436	-0.09857599	0.297924	0.186	0.708	-0.1575	0	274	296	3
2026-02-12	15:03:10.910	-40.88	-133	-133.56	1.42252	-0.112484	0.288652	0.171	0.699	-0.1455	0	274	296	3
2026-02-12	15:03:10.930	-27.44	-131.46	-133.63	1.393484	-0.098088	0.30866	0.162	0.696	-0.144	0	274	296	3
2026-02-12	15:03:10.950	-28.07	-121.87	-126.385	1.2688	-0.055632	0.293776	0.162	0.696	-0.144	0	274	296	3
2026-02-12	15:03:10.970	-30.905	-113.225	-119.28	1.1956	-0.067588	0.331108	0.15	0.6765	-0.12	0	274	296	3
2026-02-12	15:03:10.990	-29.015	-102.865	-110.53	1.126304	-0.025376	0.353312	0.129	0.648	-0.087	0	274	296	3
2026-02-12	15:03:11.010	-37.45	-93.66	-101.08	1.047248	0.041968	0.325008	0.1185	0.6315	-0.0735	0	281	290	3
2026-02-12	15:03:11.030	-56.455	-86.345	-93.135	0.988932	0.04026	0.313296	0.108	0.6225	-0.063	0	281	290	3
2026-02-12	15:03:11.050	-71.995	-77.77	-87.465	0.898896	-0.0122	0.322568	0.102	0.615	-0.0555	0	281	290	3
2026-02-12	15:03:11.070	-78.68	-70.455	-83.335	0.814228	-0.050264	0.320372	0.1005	0.603	-0.0495	0	281	290	3
2026-02-12	15:03:11.090	-78.33	-63.105	-79.52	0.76738	-0.061244	0.32452	0.099	0.5955	-0.0435	0	281	290	3
2026-02-12	15:03:11.110	-78.015	-55.335	-76.965	0.737856	-0.053192	0.313784	0.105	0.5925	-0.036	0	281	290	3
2026-02-12	15:03:11.130	-82.95	-47.46	-75.145	0.756644	-0.040016	0.295484	0.1005	0.5865	-0.03	0	281	290	3
2026-02-12	15:03:11.150	-98.385	-36.155	-70.56	0.742492	-0.037332	0.248392	0.0945	0.582	-0.027	0	281	290	3
2026-02-12	15:03:11.170	-115.675	-27.23	-62.335	0.679296	-0.050508	0.224724	0.102	0.5775	-0.0315	0	281	290	3
2026-02-12	15:03:11.190	-124.705	-24.535	-54.635	0.686372	-0.048312	0.229604	0.108	0.5715	-0.0345	0	281	290	3
2026-02-12	15:03:11.210	-130.865	-21.77	-47.39	0.706868	-0.032696	0.264008	0.102	0.57	-0.03	0	288	291	3
2026-02-12	15:03:11.230	-136.535	-15.54	-38.85	0.68442	-0.002928	0.318176	0.1035	0.5715	-0.0285	0	288	291	3
2026-02-12	15:03:11.250	-140.07	-9.275	-28.14	0.6283	-0.001708	0.290848	0.105	0.5745	-0.03	0	288	291	3
2026-02-12	15:03:11.270	-138.845	-8.155	-15.19	0.602924	-0.021716	0.257176	0.105	0.5775	-0.033	0	288	291	3
2026-02-12	15:03:11.290	-121.45	-10.325	-5.25	0.676612	-0.044408	0.325252	0.108	0.5865	-0.042	0	288	291	3
2026-02-12	15:03:11.310	-88.06	-7.35	3.395	0.754448	-0.026108	0.410652	0.102	0.5895	-0.048	0	288	291	3
2026-02-12	15:03:11.330	-56.49	-2.87	15.155	0.76128	0.057828	0.422608	0.1005	0.5955	-0.045	0	288	291	3
2026-02-12	15:03:11.350	-36.82	-0.91	26.11	0.783484	0.121756	0.435052	0.1035	0.606	-0.045	0	288	291	3
2026-02-12	15:03:11.370	-1.89	4.97	35.98	0.920856	0.13908	0.492392	0.1005	0.6045	-0.0495	0	288	291	3
2026-02-12	15:03:11.390	6.44	10.045	42.525	0.981368	0.211304	0.466528	0.1035	0.6075	-0.0495	0	288	291	3
2026-02-12	15:03:11.410	-2.03	16.38	50.365	0.980148	0.210084	0.419924	0.105	0.612	-0.0495	0	293	299	3
2026-02-12	15:03:11.430	-13.58	18.445	56.035	0.985028	0.269376	0.365512	0.105	0.6225	-0.051	0	293	299	3
2026-02-12	15:03:11.450	-24.99	17.185	60.025	1.074088	0.24278	0.353312	0.1005	0.6315	-0.0555	0	293	299	3
2026-02-12	15:03:11.470	-33.11	17.01	64.61	1.100928	0.226676	0.360876	0.102	0.6375	-0.06	0	293	299	3
2026-02-12	15:03:11.490	-39.865	15.68	70.7	1.135332	0.199348	0.364048	0.099	0.6465	-0.06	0	293	299	3
2026-02-12	15:03:11.510	-40.81	14.28	76.195	1.204384	0.13786	0.37088	0.096	0.6615	-0.0615	0	293	299	3
2026-02-12	15:03:11.530	-39.025	17.045	83.335	1.203896	0.0976	0.351604	0.102	0.6765	-0.0645	0	293	299	3
2026-02-12	15:03:11.550	-33.88	20.86	91.77	1.220488	0.0488	0.325496	0.1035	0.687	-0.066	0	293	299	3
2026-02-12	15:03:11.570	-21.735	25.305	99.785	1.25172	0.014152	0.299144	0.105	0.693	-0.066	0	293	299	3
2026-02-12	15:03:11.590	-2.87	31.85	110.11	1.301008	0.056852	0.259616	0.105	0.693	-0.066	0	293	299	3
2026-02-12	15:03:11.610	6.65	38.255	116.76	1.267824	0.048068	0.249856	0.1125	0.7155	-0.0705	0	296	312	3
2026-02-12	15:03:11.630	15.33	44.24	122.29	1.252452	0.02074	0.224236	0.117	0.741	-0.078	0	296	312	3
2026-02-12	15:03:11.650	19.32	49.525	125.825	1.28222	-0.034404	0.199592	0.117	0.756	-0.0795	0	296	312	3
2026-02-12	15:03:11.670	19.635	56.91	128.24	1.247572	-0.111508	0.164212	0.126	0.771	-0.0915	0	296	312	3
2026-02-12	15:03:11.690	16.31	62.58	131.11	1.12118	-0.134688	0.13908	0.1365	0.7845	-0.0975	0	296	312	3
2026-02-12	15:03:11.710	8.47	61.075	133	1.006744	-0.158844	0.12444	0.1515	0.798	-0.1005	0	296	312	3
2026-02-12	15:03:11.730	2.695	54.565	133	0.8723	-0.219112	0.14396	0.162	0.816	-0.111	0	296	312	3
2026-02-12	15:03:11.750	10.36	43.75	131.215	0.798368	-0.311344	0.179584	0.1725	0.834	-0.1155	0	296	312	3
2026-02-12	15:03:11.770	36.785	31.605	126.035	0.782508	-0.378932	0.239852	0.183	0.84	-0.1155	0	296	312	3
2026-02-12	15:03:11.790	67.41	21.105	120.12	0.797148	-0.38796	0.307684	0.1875	0.855	-0.1245	0	296	312	3
2026-02-12	15:03:11.810	74.69	13.895	115.395	0.809348	-0.379176	0.315248	0.1965	0.8625	-0.1335	0	297	312	3
2026-02-12	15:03:11.830	64.12	6.16	111.37	0.80642	-0.399916	0.310856	0.21	0.867	-0.141	0	297	312	3
2026-02-12	15:03:11.850	57.61	-1.295	107.555	0.784216	-0.452376	0.3111	0.2205	0.8715	-0.1425	0	297	312	3
2026-02-12	15:03:11.870	61.11	-7.91	104.335	0.764208	-0.479704	0.317444	0.228	0.8805	-0.1455	0	297	312	3
2026-02-12	15:03:11.890	68.355	-11.725	102.06	0.732976	-0.47092	0.30622	0.231	0.885	-0.147	0	297	312	3
2026-02-12	15:03:11.910	68.04	-14.525	100.345	0.682956	-0.340868	0.252784	0.24	0.8865	-0.1515	0	297	312	3
2026-02-12	15:03:11.930	47.74	-20.265	92.925	0.64904	-0.239608	0.1769	0.2475	0.8895	-0.153	0	297	312	3
2026-02-12	15:03:11.950	21.77	-27.335	82.915	0.601948	-0.272548	0.14518	0.252	0.894	-0.1545	0	297	312	3
2026-02-12	15:03:11.970	3.885	-36.33	73.045	0.625616	-0.379908	0.183488	0.2565	0.9015	-0.153	0	297	312	3
2026-02-12	15:03:11.990	-4.515	-43.085	64.505	0.75884	-0.529236	0.265716	0.255	0.9075	-0.1515	0	297	312	3
2026-02-12	15:03:12.010	-8.435	-40.915	53.48	0.937448	-0.575596	0.3111	0.2595	0.906	-0.1455	0	298	300	3
2026-02-12	15:03:12.030	-35.735	-36.995	50.995	0.93574	-0.494588	0.223504	0.258	0.9135	-0.141	0	298	300	3
2026-02-12	15:03:12.050	-71.015	-37.52	50.225	0.943548	-0.502884	0.099552	0.2595	0.9255	-0.1335	0	298	300	3
2026-02-12	15:03:12.070	-84.56	-41.755	47.74	0.967216	-0.507764	0.06588	0.258	0.9345	-0.126	0	298	300	3
2026-02-12	15:03:12.090	-76.86	-44.03	44.1	0.986492	-0.499712	0.105652	0.255	0.948	-0.114	0	298	300	3
2026-02-12	15:03:12.110	-64.19	-42.56	40.285	0.998692	-0.460672	0.152744	0.255	0.9615	-0.1035	0	298	300	3
2026-02-12	15:03:12.130	-58.03	-37.975	36.61	1.039928	-0.478972	0.175436	0.258	0.9705	-0.096	0	298	300	3
2026-02-12	15:03:12.150	-51.66	-31.045	31.5	1.095804	-0.463356	0.166652	0.258	0.978	-0.0855	0	298	300	3
2026-02-12	15:03:12.170	-53.76	-22.925	23.275	1.11142	-0.400404	0.131272	0.2565	0.981	-0.0735	0	298	300	3
2026-02-12	15:03:12.190	-68.495	-15.82	10.22	1.133136	-0.343552	0.067588	0.258	0.9825	-0.069	0	298	300	3
2026-02-12	15:03:12.210	-89.67	-11.69	-8.645	1.194136	-0.346724	0.005124	0.264	1.0005	-0.0615	0	300	277	3
2026-02-12	15:03:12.230	-100.275	-6.3	-48.65	1.26514	-0.461404	0.00366	0.264	1.0005	-0.0615	0	300	277	3
2026-02-12	15:03:12.250	-93.31	-1.855	-75.425	1.265384	-0.55022	0.02928	0.2565	1.002	-0.045	0	300	277	3
2026-02-12	15:03:12.270	-76.02	2.03	-98.84	1.25782	-0.61854	0.068808	0.24	1.002	-0.027	0	300	277	3
2026-02-12	15:03:12.290	-40.46	6.265	-117.32	1.230492	-0.649772	0.095892	0.228	0.999	-0.0195	0	300	277	3
2026-02-12	15:03:12.310	11.865	9.66	-128.52	1.11508	-0.642452	0.11102	0.216	0.99	-0.015	0	300	277	3
2026-02-12	15:03:12.330	76.125	7.77	-133.735	1.007964	-0.523868	0.16714	0.207	0.9765	-0.018	0	300	277	3
2026-02-12	15:03:12.350	121.31	2.695	-134.785	0.94062	-0.3538	0.24522	0.1935	0.96	-0.03	0	300	277	3
2026-02-12	15:03:12.370	130.655	-1.89	-133.91	0.914512	-0.201056	0.29402	0.174	0.9405	-0.0405	0	300	277	3
2026-02-12	15:03:12.390	108.395	-2.31	-129.64	0.861808	-0.162016	0.283528	0.165	0.918	-0.048	0	300	277	3
2026-02-12	15:03:12.410	86.695	1.015	-126.98	0.901336	-0.155184	0.265716	0.162	0.903	-0.054	0	301	244	3
2026-02-12	15:03:12.430	59.92	14.35	-128.94	1.0248	-0.133956	0.190076	0.156	0.888	-0.0615	0	301	244	3
2026-02-12	15:03:12.450	24.99	31.15	-128.695	1.051884	-0.152256	0.102236	0.141	0.8685	-0.072	0	301	244	3
2026-02-12	15:03:12.470	-3.85	37.975	-125.72	1.184864	-0.186172	0.036844	0.126	0.84	-0.081	0	301	244	3
2026-02-12	15:03:12.490	-28.805	43.89	-117.915	1.235128	-0.242536	-0.00732	0.1215	0.819	-0.0855	0	301	244	3
2026-02-12	15:03:12.510	-35.805	45.22	-104.405	1.185108	-0.270596	0.04148	0.12	0.807	-0.093	0	301	244	3
2026-02-12	15:03:12.530	-29.96	40.915	-86.835	1.08336	-0.239852	0.121512	0.123	0.798	-0.0945	0	301	244	3
2026-02-12	15:03:12.550	-18.97	34.615	-67.55	0.986492	-0.18178	0.20496	0.1215	0.783	-0.099	0	301	244	3
2026-02-12	15:03:12.570	-4.725	29.225	-51.065	0.911828	-0.116388	0.266204	0.123	0.7725	-0.1095	0	301	244	3
2026-02-12	15:03:12.590	6.755	26.705	-39.095	0.812032	-0.058316	0.274256	0.123	0.7665	-0.111	0	301	244	3
2026-02-12	15:03:12.610	9.765	24.71	-30.87	0.711992	-0.0427	0.23302	0.123	0.765	-0.1095	0	301	217	3
2026-02-12	15:03:12.630	4.235	20.895	-27.265	0.64782	-0.066368	0.189832	0.1245	0.7665	-0.12	0	301	217	3
2026-02-12	15:03:12.650	-8.61	16.38	-27.65	0.53314	-0.10248	0.156892	0.12	0.7605	-0.114	0	301	217	3
2026-02-12	15:03:12.670	-23.485	12.6	-29.68	0.481412	-0.1037	0.135664	0.12	0.7575	-0.12	0	301	217	3
2026-02-12	15:03:12.690	-41.755	8.4	-32.9	0.4514	-0.113948	0.108824	0.1245	0.753	-0.126	0	301	217	3
2026-02-12	15:03:12.710	-54.32	3.78	-38.57	0.484584	-0.127612	0.121268	0.1215	0.7485	-0.132	0	301	217	3
2026-02-12	15:03:12.730	-57.365	2.1	-46.27	0.52704	-0.134688	0.150548	0.1215	0.744	-0.129	0	301	217	3
2026-02-12	15:03:12.750	-55.44	3.185	-53.48	0.540948	-0.131272	0.155916	0.1275	0.744	-0.123	0	301	217	3
2026-02-12	15:03:12.770	-51.24	2.66	-60.41	0.593164	-0.135908	0.172508	0.126	0.75	-0.1245	0	301	217	3
2026-02-12	15:03:12.790	-38.045	3.08	-67.76	0.681004	-0.172508	0.23424	0.123	0.7485	-0.1215	0	301	217	3
2026-02-12	15:03:12.810	-12.74	5.145	-73.465	0.744932	-0.194956	0.290848	0.1215	0.741	-0.126	0	300	201	3
2026-02-12	15:03:12.830	12.53	3.885	-74.375	0.78934	-0.155916	0.295728	0.12	0.738	-0.129	0	300	201	3
2026-02-12	15:03:12.850	24.43	-0.805	-69.72	0.859368	-0.094428	0.327448	0.123	0.72	-0.1215	0	300	201	3
2026-02-12	15:03:12.870	30.87	-5.075	-56.98	0.957456	0.002928	0.392596	0.123	0.72	-0.1215	0	300	201	3
2026-02-12	15:03:12.890	18.235	-9.1	-43.015	0.967704	0.096868	0.443104	0.117	0.7065	-0.1245	0	300	201	3
2026-02-12	15:03:12.910	2.24	-13.475	-27.475	1.009184	0.142008	0.485804	0.111	0.6915	-0.123	0	300	201	3
2026-02-12	15:03:12.930	-11.2	-16.66	-14.105	1.059936	0.179828	0.532652	0.117	0.6855	-0.117	0	300	201	3
2026-02-12	15:03:12.950	-26.81	-20.335	-1.435	1.082384	0.197396	0.54412	0.117	0.684	-0.114	0	300	201	3
2026-02-12	15:03:12.970	-46.41	-25.83	9.03	1.087996	0.205692	0.539972	0.111	0.684	-0.1125	0	300	201	3
2026-02-12	15:03:12.990	-68.355	-34.16	15.4	1.108004	0.173484	0.522404	0.1095	0.687	-0.1065	0	300	201	3
2026-02-12	15:03:13.010	-83.79	-45.115	18.025	1.122156	0.099064	0.526064	0.105	0.6975	-0.102	0	300	215	3
2026-02-12	15:03:13.030	-70.735	-55.65	14.245	1.15046	-0.007808	0.623664	0.102	0.7065	-0.099	0	300	215	3
2026-02-12	15:03:13.050	-26.845	-60.06	6.265	1.198528	-0.049288	0.75152	0.1005	0.708	-0.096	0	300	215	3
2026-02-12	15:03:13.070	21.455	-52.78	-0.105	1.216828	-0.021472	0.734684	0.087	0.7155	-0.087	0	300	215	3
2026-02-12	15:03:13.090	43.505	-39.62	-2.45	1.257088	-0.043188	0.627324	0.087	0.714	-0.075	0	300	215	3
2026-02-12	15:03:13.110	54.005	-24.01	-0.035	1.203652	-0.071736	0.5429	0.084	0.7095	-0.069	0	300	215	3
2026-02-12	15:03:13.130	65.24	-7.42	6.755	1.130208	-0.069052	0.450668	0.0855	0.7095	-0.069	0	300	215	3
2026-02-12	15:03:13.150	76.72	7.56	13.895	1.120204	-0.06344	0.3538	0.0795	0.7095	-0.0645	0	300	215	3
2026-02-12	15:03:13.170	84.42	19.775	21.245	1.196332	-0.027816	0.266448	0.0765	0.702	-0.069	0	300	215	3
2026-02-12	15:03:13.190	80.465	31.045	28.77	1.282708	0.012444	0.189344	0.0825	0.696	-0.0705	0	300	215	3
2026-02-12	15:03:13.210	62.125	43.015	38.885	1.249036	0.009272	0.137128	0.0825	0.696	-0.072	0	302	265	3
2026-02-12	15:03:13.230	40.565	52.15	49.105	1.178032	-0.026108	0.107848	0.0855	0.7005	-0.0825	0	302	265	3
2026-02-12	15:03:13.250	23.625	57.155	56.84	1.12606	-0.02318	0.134444	0.09	0.705	-0.087	0	302	265	3
2026-02-12	15:03:13.270	5.355	62.02	65.205	1.055788	-0.027328	0.183	0.0915	0.708	-0.0945	0	302	265	3
2026-02-12	15:03:13.290	-14.315	63.595	79.275	0.963556	-0.061976	0.288652	0.0915	0.714	-0.105	0	302	265	3
2026-02-12	15:03:13.310	-27.545	64.54	86.695	0.914756	-0.036356	0.358436	0.0975	0.7275	-0.114	0	302	265	3
2026-02-12	15:03:13.330	-48.72	67.445	95.76	0.879864	-0.055632	0.36234	0.1095	0.75	-0.123	0	302	265	3
2026-02-12	15:03:13.350	-71.855	69.965	105.77	0.822524	-0.091012	0.310368	0.1185	0.765	-0.1305	0	302	265	3
2026-02-12	15:03:13.370	-91.805	69.3	115.57	0.766404	-0.110044	0.23302	0.123	0.78	-0.1395	0	302	265	3
2026-02-12	15:03:13.390	-101.01	63.91	123.34	0.72468	-0.141764	0.149084	0.135	0.804	-0.144	0	302	265	3
2026-02-12	15:03:13.410	-95.445	54.53	126.595	0.706624	-0.156404	0.08662	0.156	0.831	-0.1425	0	303	297	3
2026-02-12	15:03:13.430	-79.555	42.665	125.265	0.721996	-0.172508	0.047092	0.1695	0.852	-0.144	0	303	297	3
2026-02-12	15:03:13.450	-59.71	29.715	119.735	0.744688	-0.187148	0.025376	0.1815	0.873	-0.147	0	303	297	3
2026-02-12	15:03:13.470	-44.1	16.17	110.635	0.7686	-0.192516	0.02806	0.192	0.8835	-0.1455	0	303	297	3
2026-02-12	15:03:13.490	-35.105	1.68	96.53	0.814472	-0.194224	0.056608	0.198	0.897	-0.147	0	303	297	3
2026-02-12	15:03:13.510	-17.185	-15.575	62.825	0.864736	-0.260348	0.131516	0.198	0.897	-0.147	0	303	297	3
2026-02-12	15:03:13.530	7.91	-21.98	36.4	0.884988	-0.326716	0.198616	0.207	0.9165	-0.1395	0	303	297	3
2026-02-12	15:03:13.550	41.335	-23.8	11.935	0.85766	-0.362584	0.250344	0.2175	0.9345	-0.1365	0	303	297	3
2026-02-12	15:03:13.570	69.23	-22.96	-8.785	0.8113	-0.347212	0.269864	0.2145	0.9315	-0.1395	0	303	297	3
2026-02-12	15:03:13.590	92.295	-20.51	-26.635	0.779336	-0.310612	0.278404	0.2085	0.9285	-0.144	0	303	297	3
2026-02-12	15:03:13.610	103.145	-19.355	-39.375	0.768112	-0.251808	0.259128	0.204	0.921	-0.1485	0	303	292	2
2026-02-12	15:03:13.630	100.87	-22.575	-48.125	0.788608	-0.251564	0.21716	0.1965	0.906	-0.1575	0	303	292	2
2026-02-12	15:03:13.650	100.065	-28.105	-55.615	0.825452	-0.255468	0.196664	0.192	0.888	-0.165	0	303	292	2
2026-02-12	15:03:13.670	104.055	-34.545	-60.655	0.865224	-0.245464	0.217648	0.1965	0.882	-0.165	0	303	292	2
2026-02-12	15:03:13.690	113.365	-39.935	-63.105	0.92354	-0.24278	0.274744	0.1875	0.8685	-0.171	0	303	292	2
2026-02-12	15:03:13.710	131.39	-40.67	-61.845	0.977464	-0.227652	0.360876	0.1755	0.8445	-0.165	0	303	292	2
2026-02-12	15:03:13.730	150.29	-37.065	-55.965	1.028216	-0.19642	0.417484	0.1695	0.8235	-0.165	0	303	292	2
2026-02-12	15:03:13.750	156.31	-31.955	-47.46	1.036512	-0.134688	0.428952	0.159	0.792	-0.171	0	303	292	2
2026-02-12	15:03:13.770	153.965	-25.725	-36.4	1.012844	-0.07515199	0.437492	0.153	0.7665	-0.174	0	303	292	2
2026-02-12	15:03:13.790	148.47	-20.3	-25.69	1.031632	0.002928	0.455548	0.141	0.75	-0.1755	0	303	292	2
2026-02-12	15:03:13.810	141.225	-16.765	-19.6	1.114104	0.108824	0.479216	0.1335	0.735	-0.18	0	299	281	3
2026-02-12	15:03:13.830	117.18	-17.43	-16.87	1.210972	0.183732	0.44042	0.1365	0.711	-0.1785	0	299	281	3
2026-02-12	15:03:13.850	76.265	-23.555	-14.385	1.305888	0.177144	0.419192	0.138	0.6945	-0.1755	0	299	281	3
2026-02-12	15:03:13.870	41.3	-26.95	-13.65	1.295152	0.123952	0.482876	0.138	0.684	-0.1725	0	299	281	3
2026-02-12	15:03:13.890	26.67	-25.62	-14.105	1.159488	0.080764	0.592188	0.1395	0.678	-0.1695	0	299	281	3
2026-02-12	15:03:13.910	22.61	-19.81	-14	0.980636	0.06466	0.654652	0.126	0.6795	-0.1755	0	299	281	3
2026-02-12	15:03:13.930	10.885	-7.735	-8.995	0.74298	0.027816	0.547536	0.132	0.678	-0.171	0	299	281	3
2026-02-12	15:03:13.950	9.205	-5.74	-6.16	0.695156	-0.033428	0.431636	0.129	0.6765	-0.1665	0	299	281	3
2026-02-12	15:03:13.970	26.6	-7.385	-7.455	0.70516	-0.081496	0.370392	0.126	0.675	-0.168	0	299	281	3
2026-02-12	15:03:13.990	54.11	-10.64	-10.675	0.76128	-0.099796	0.326716	0.126	0.669	-0.168	0	299	281	3
2026-02-12	15:03:14.010	81.865	-14.49	-15.61	0.878644	-0.10492	0.300608	0.1245	0.6555	-0.165	0	295	296	3
2026-02-12	15:03:14.030	104.58	-16.66	-22.12	0.990396	-0.087596	0.31842	0.12	0.6465	-0.1605	0	295	296	3
2026-02-12	15:03:14.050	117.075	-14.98	-28.07	1.02846	-0.055388	0.348432	0.117	0.6345	-0.156	0	295	296	3
2026-02-12	15:03:14.070	119.385	-11.76	-31.01	1.021384	-0.025132	0.355752	0.117	0.618	-0.1545	0	295	296	3
2026-02-12	15:03:14.090	110.215	-8.4	-30.415	0.990884	-0.007808	0.362096	0.117	0.603	-0.153	0	295	296	3
2026-02-12	15:03:14.110	93.24	-5.355	-25.165	0.942328	-0.00244	0.377468	0.117	0.594	-0.153	0	295	296	3
2026-02-12	15:03:14.130	79.31	-2.695	-16.275	0.892552	-0.021472	0.397476	0.117	0.588	-0.1455	0	295	296	3
2026-02-12	15:03:14.150	78.89	1.47	-1.82	0.870104	-0.006588	0.399916	0.117	0.588	-0.1455	0	295	296	3
2026-02-12	15:03:14.170	81.06	3.99	7.455	0.882304	0.02684	0.366244	0.1185	0.57	-0.1455	0	295	296	3
2026-02-12	15:03:14.190	73.29	6.685	16.695	0.894016	0.005124	0.323056	0.1215	0.5505	-0.1395	0	295	296	3
2026-02-12	15:03:14.210	66.815	9.1	23.8	0.902312	-0.029768	0.31964	0.123	0.549	-0.1335	0	288	321	3
2026-02-12	15:03:14.230	66.955	11.515	28.98	0.9272	-0.02318	0.354288	0.117	0.546	-0.135	0	288	321	3
2026-02-12	15:03:14.250	65.8	15.4	32.76	0.976976	0.0183	0.37088	0.114	0.54	-0.135	0	288	321	3
2026-02-12	15:03:14.270	54.67	21.245	37.94	0.953552	0.002196	0.33428	0.1155	0.54	-0.1305	0	288	321	3
2026-02-12	15:03:14.290	46.935	24.99	44.345	0.90646	-0.023668	0.302804	0.1155	0.54	-0.126	0	288	321	3
2026-02-12	15:03:14.310	50.61	24.955	49.77	0.90646	-0.017812	0.311588	0.1155	0.5385	-0.126	0	288	321	3
2026-02-12	15:03:14.330	57.715	24.815	53.55	0.921588	0.013176	0.3294	0.1185	0.546	-0.135	0	288	321	3
2026-02-12	15:03:14.350	58.24	25.48	58.275	0.90402	0.017812	0.321592	0.117	0.5445	-0.1335	0	288	321	3
2026-02-12	15:03:14.370	59.395	24.605	61.075	0.920368	0.011224	0.321836	0.117	0.549	-0.132	0	288	321	3
2026-02-12	15:03:14.390	60.13	24.08	61.915	0.92964	0.013908	0.324032	0.1155	0.5535	-0.132	0	288	321	3
2026-02-12	15:03:14.410	58.17	23.905	62.79	0.91134	0.007076	0.31598	0.1155	0.5535	-0.132	0	277	337	3
2026-02-12	15:03:14.430	54.915	22.995	63.42	0.886452	0.008296	0.306708	0.1155	0.558	-0.1305	0	277	337	3
2026-02-12	15:03:14.450	52.255	20.895	63.105	0.864492	0.005856	0.299388	0.1125	0.5625	-0.1305	0	277	337	3
2026-02-12	15:03:14.470	49.91	18.34	62.055	0.854976	-0.00244	0.288164	0.108	0.567	-0.132	0	277	337	3
2026-02-12	15:03:14.490	47.145	15.015	60.27	0.870104	-0.010004	0.268156	0.114	0.5715	-0.132	0	277	337	3
2026-02-12	15:03:14.510	44.17	11.27	57.715	0.88084	-0.028304	0.25498	0.1185	0.576	-0.129	0	277	337	3
2026-02-12	15:03:14.530	43.715	7	54.565	0.891576	-0.049776	0.253272	0.1155	0.579	-0.1275	0	277	337	3
2026-02-12	15:03:14.550	46.69	2.87	51.45	0.916464	-0.059048	0.252296	0.1095	0.5745	-0.129	0	277	337	3
2026-02-12	15:03:14.570	52.22	-3.99	46.76	0.9821	-0.06954	0.242292	0.1095	0.5805	-0.129	0	277	337	3
2026-02-12	15:03:14.590	55.51	-9.73	42.42	1.0736	-0.07808	0.23058	0.1095	0.582	-0.1305	0	277	337	3
2026-02-12	15:03:14.610	60.55	-16.87	35.315	1.222928	-0.088084	0.268156	0.1095	0.588	-0.126	0	260	338	3
2026-02-12	15:03:14.630	68.32	-16.555	28.945	1.218292	-0.125904	0.319152	0.102	0.588	-0.117	0	260	338	3
2026-02-12	15:03:14.650	78.155	-12.705	29.015	1.118984	-0.130784	0.319884	0.0945	0.585	-0.114	0	260	338	3
2026-02-12	15:03:14.670	83.265	-6.405	31.71	0.985516	-0.116144	0.271328	0.0945	0.5865	-0.1125	0	260	338	3
2026-02-12	15:03:14.690	81.935	-0.525	38.465	0.876204	-0.114192	0.226676	0.093	0.5835	-0.111	0	260	338	3
2026-02-12	15:03:14.710	81.97	3.115	45.78	0.847412	-0.097356	0.210328	0.0915	0.582	-0.108	0	260	338	3
2026-02-12	15:03:14.730	82.075	6.405	51.765	0.883036	-0.061244	0.183732	0.093	0.5835	-0.108	0	260	338	3
2026-02-12	15:03:14.750	76.405	8.995	54.985	0.94062	-0.040992	0.162016	0.0885	0.5865	-0.096	0	260	338	3
2026-02-12	15:03:14.770	65.765	10.64	55.23	0.993812	-0.053436	0.166896	0.0915	0.5835	-0.0945	0	260	338	3
2026-02-12	15:03:14.790	39.2	8.855	49.315	1.141432	-0.061732	0.183244	0.0915	0.5835	-0.0945	0	260	338	3
2026-02-12	15:03:14.810	12.285	7.21	41.58	1.2139	-0.064904	0.190076	0.0855	0.5895	-0.099	0	243	323	3
2026-02-12	15:03:14.830	-20.09	5.635	34.755	1.21146	-0.092476	0.18056	0.0825	0.597	-0.0975	0	243	323	3
2026-02-12	15:03:14.850	-50.75	2.695	29.295	1.156804	-0.138104	0.156892	0.0855	0.6045	-0.099	0	243	323	3
2026-02-12	15:03:14.870	-73.115	-1.995	23.905	1.088972	-0.174704	0.151524	0.087	0.6105	-0.102	0	243	323	3
2026-02-12	15:03:14.890	-84.7	-6.93	20.09	1.013332	-0.211792	0.151768	0.084	0.615	-0.1035	0	243	323	3
2026-02-12	15:03:14.910	-84.945	-12.39	17.43	0.97234	-0.240584	0.165188	0.0795	0.63	-0.105	0	243	323	3
2026-02-12	15:03:14.930	-77.665	-17.465	15.54	0.958188	-0.257176	0.163236	0.0795	0.642	-0.102	0	243	323	3
2026-02-12	15:03:14.950	-66.605	-21.945	13.755	0.933056	-0.280356	0.150792	0.0825	0.6465	-0.102	0	243	323	3
2026-02-12	15:03:14.970	-48.405	-26.495	11.97	0.901824	-0.30622	0.121756	0.081	0.648	-0.099	0	243	323	3
2026-02-12	15:03:14.990	-12.6	-33.46	8.75	0.904508	-0.337452	0.105408	0.084	0.6555	-0.087	0	243	323	3
2026-02-12	15:03:15.010	27.93	-39.69	5.39	0.942816	-0.352092	0.10736	0.075	0.66	-0.0885	0	228	295	3
2026-02-12	15:03:15.030	58.1	-42.315	3.36	0.96868	-0.355996	0.116876	0.066	0.66	-0.0795	0	228	295	3
2026-02-12	15:03:15.050	84.56	-42.84	1.96	0.979904	-0.330132	0.13664	0.063	0.657	-0.0705	0	228	295	3
2026-02-12	15:03:15.070	101.15	-42.07	1.4	0.982344	-0.284748	0.153964	0.06	0.657	-0.069	0	228	295	3
2026-02-12	15:03:15.090	105.245	-40.355	1.575	0.981856	-0.271084	0.16348	0.0585	0.6525	-0.057	0	228	295	3
2026-02-12	15:03:15.110	104.23	-38.15	2.45	0.968924	-0.259616	0.168604	0.06	0.642	-0.048	0	228	295	3
2026-02-12	15:03:15.130	100.31	-36.05	3.78	0.970876	-0.242536	0.174704	0.0585	0.633	-0.0465	0	228	295	3
2026-02-12	15:03:15.150	93.17	-33.495	5.285	0.977708	-0.228872	0.179828	0.0525	0.6315	-0.039	0	228	295	3
2026-02-12	15:03:15.170	83.195	-30.8	7.525	0.941596	-0.22936	0.17202	0.048	0.6315	-0.033	0	228	295	3
2026-02-12	15:03:15.190	73.745	-29.015	10.57	0.894748	-0.246196	0.158844	0.051	0.63	-0.018	0	228	295	3
2026-02-12	15:03:15.210	71.925	-27.79	9.24	1.006256	-0.219112	0.232044	0.051	0.6195	-0.0195	0	215	261	3
2026-02-12	15:03:15.230	72.73	-22.54	6.37	1.058716	-0.20984	0.244976	0.0465	0.6135	-0.0135	0	215	261	3
2026-02-12	15:03:15.250	69.65	-16.94	3.15	1.062864	-0.176168	0.205692	0.0465	0.6075	-0.006	0	215	261	3
2026-02-12	15:03:15.270	59.045	-14.77	-0.035	1.043588	-0.17202	0.17446	0.0495	0.6105	-0.0015	0	215	261	3
2026-02-12	15:03:15.290	46.585	-15.225	-2.135	1.014308	-0.186416	0.170312	0.0495	0.6105	0.0015	0	215	261	3
2026-02-12	15:03:15.310	39.76	-17.64	-3.01	1.01626	-0.18056	0.189832	0.045	0.6075	0.006	0	215	261	3
2026-02-12	15:03:15.330	41.93	-21.245	-3.955	1.09556	-0.172996	0.216916	0.042	0.612	0.0075	0	215	261	3
2026-02-12	15:03:15.350	48.685	-22.82	-3.605	1.131916	-0.143472	0.247904	0.045	0.6075	0.0105	0	215	261	3
2026-02-12	15:03:15.370	52.99	-23.275	-1.82	1.11874	-0.116876	0.2684	0.0465	0.6015	0.0165	0	215	261	3
2026-02-12	15:03:15.390	58.45	-24.185	-1.365	1.154608	-0.095648	0.280844	0.039	0.612	0.024	0	215	261	3
2026-02-12	15:03:15.410	64.155	-24.045	-2.87	1.165344	-0.072712	0.279624	0.0375	0.5985	0.024	0	203	238	3
2026-02-12	15:03:15.430	67.095	-25.445	-5.74	1.214144	-0.05368	0.287188	0.0375	0.5985	0.024	0	203	238	3
2026-02-12	15:03:15.450	72.66	-26.39	-10.85	1.3115	-0.045384	0.31232	0.036	0.5985	0.036	0	203	238	3
2026-02-12	15:03:15.470	74.165	-23.87	-17.115	1.352736	-0.02074	0.31476	0.036	0.597	0.0465	0	203	238	3
2026-02-12	15:03:15.490	65.625	-21.28	-21.98	1.36396	0.002928	0.286212	0.033	0.591	0.051	0	203	238	3
2026-02-12	15:03:15.510	49.07	-17.605	-25.76	1.323456	0.001708	0.257908	0.0315	0.579	0.06	0	203	238	3
2026-02-12	15:03:15.530	33.145	-12.425	-28.525	1.246596	0.009272	0.254736	0.036	0.57	0.066	0	203	238	3
2026-02-12	15:03:15.550	20.86	-6.09	-30.45	1.181692	0.017812	0.256444	0.039	0.564	0.066	0	203	238	3
2026-02-12	15:03:15.570	7.035	2.695	-29.82	1.0919	0.0122	0.233996	0.042	0.5625	0.0675	0	203	238	3
2026-02-12	15:03:15.590	-7.245	11.445	-26.635	1.015284	0.014396	0.187392	0.048	0.564	0.072	0	203	238	3
2026-02-12	15:03:15.610	-20.02	18.06	-22.89	1.00406	-0.002196	0.153964	0.0495	0.5565	0.0675	0	194	232	3
2026-02-12	15:03:15.630	-33.565	26.11	-19.285	1.01138	-0.010736	0.129808	0.0375	0.558	0.06	0	194	232	3
2026-02-12	15:03:15.650	-50.505	34.685	-14.875	0.977464	-0.000732	0.088328	0.042	0.5535	0.0555	0	194	232	3
2026-02-12	15:03:15.670	-67.62	38.64	-11.445	0.974292	0.032696	0.055388	0.0495	0.5445	0.048	0	194	232	3
2026-02-12	15:03:15.690	-86.03	40.915	-9.31	0.991372	0.072468	0.072468	0.0495	0.5445	0.0375	0	194	232	3
2026-02-12	15:03:15.710	-110.53	43.785	-8.365	0.973804	0.079788	0.101504	0.048	0.5475	0.0285	0	194	232	3
2026-02-12	15:03:15.730	-126.28	46.27	-8.26	0.943792	0.0244	0.133956	0.0555	0.549	0.0165	0	194	232	3
2026-02-12	15:03:15.750	-122.92	48.44	-8.715	0.925004	-0.010004	0.195688	0.066	0.5535	0.0015	0	194	232	3
2026-02-12	15:03:15.770	-108.36	50.4	-10.29	0.889868	-0.044408	0.208376	0.0645	0.5565	-0.006	0	194	232	3
2026-02-12	15:03:15.790	-86.695	49.63	-13.09	0.835456	-0.082228	0.201544	0.0585	0.558	-0.012	0	194	232	3
2026-02-12	15:03:15.810	-57.54	45.99	-16.03	0.804224	-0.099064	0.208132	0.06	0.561	-0.024	0	188	225	3
2026-02-12	15:03:15.830	-24.325	41.72	-18.41	0.77348	-0.098088	0.232532	0.0645	0.5625	-0.0375	0	188	225	3
2026-02-12	15:03:15.850	23.31	38.22	-21.945	0.708332	-0.063928	0.257908	0.078	0.561	-0.048	0	188	225	3
2026-02-12	15:03:15.870	40.775	35.35	-23.17	0.6466	-0.022204	0.244976	0.078	0.5595	-0.0495	0	188	225	3
2026-02-12	15:03:15.890	42.14	29.435	-23.8	0.629764	0.001708	0.22814	0.081	0.5565	-0.0525	0	188	225	3
2026-02-12	15:03:15.910	33.565	22.155	-25.06	0.634156	0.009272	0.224968	0.081	0.5505	-0.0555	0	188	225	3
2026-02-12	15:03:15.930	21.875	15.435	-26.495	0.656604	0.022448	0.240584	0.0825	0.54	-0.0555	0	188	225	3
2026-02-12	15:03:15.950	8.82	9.415	-28.035	0.683444	0.032208	0.253028	0.087	0.534	-0.0585	0	188	225	3
2026-02-12	15:03:15.970	-5.95	4.515	-29.575	0.706624	0.032208	0.253272	0.0855	0.531	-0.066	0	188	225	3
2026-02-12	15:03:15.990	-20.825	-2.03	-31.64	0.765672	-0.001952	0.237168	0.0915	0.5235	-0.0675	0	188	225	3
2026-02-12	15:03:16.010	-28.245	-10.255	-35.805	0.803736	-0.066124	0.250588	0.096	0.5205	-0.0675	0	186	221	3
2026-02-12	15:03:16.030	-24.885	-14.735	-37.8	0.813984	-0.08784	0.261324	0.0975	0.5235	-0.06	0	186	221	3
2026-02-12	15:03:16.050	-14.56	-20.195	-38.57	0.81618	-0.106384	0.281332	0.093	0.5205	-0.0615	0	186	221	3
2026-02-12	15:03:16.070	6.23	-27.895	-35.875	0.820816	-0.099552	0.318664	0.0945	0.504	-0.0645	0	186	221	3
2026-02-12	15:03:16.090	23.52	-34.125	-34.475	0.879864	-0.109556	0.360632	0.093	0.507	-0.0555	0	186	221	3
2026-02-12	15:03:16.110	48.3	-37.485	-35.105	0.9516	-0.107848	0.450912	0.0945	0.504	-0.0435	0	186	221	3
2026-02-12	15:03:16.130	75.495	-37.73	-35.21	1.016016	-0.06734399	0.502152	0.0945	0.495	-0.0375	0	186	221	3
2026-02-12	15:03:16.150	92.75	-37.52	-30.625	1.028704	-0.05734	0.497516	0.0945	0.492	-0.03	0	186	221	3
2026-02-12	15:03:16.170	103.6	-37.905	-23.24	1.034316	-0.011224	0.472872	0.096	0.486	-0.018	0	186	221	3
2026-02-12	15:03:16.190	99.435	-39.165	-15.785	1.075064	0.072468	0.464576	0.096	0.4725	-0.0045	0	186	221	3
2026-02-12	15:03:16.210	85.785	-37.065	-7.77	1.095804	0.095892	0.481412	0.093	0.4635	0.009	0	186	234	2
2026-02-12	15:03:16.230	70.735	-34.265	-0.14	1.115812	0.11956	0.470432	0.0915	0.462	0.0195	0	186	234	2
2026-02-12	15:03:16.250	49.665	-32.27	7.665	1.148508	0.132736	0.429196	0.099	0.4575	0.015	0	186	234	2
2026-02-12	15:03:16.270	26.6	-31.01	15.05	1.220244	0.088572	0.3721	0.093	0.4545	0.0315	0	186	234	2
2026-02-12	15:03:16.290	18.13	-29.645	19.88	1.344196	0.049532	0.366	0.0885	0.4575	0.039	0	186	234	2
2026-02-12	15:03:16.310	22.82	-24.325	22.47	1.480104	0.0366	0.395768	0.0855	0.462	0.0435	0	186	234	2
2026-02-12	15:03:16.330	30.66	-12.74	28.105	1.52378	0.012932	0.4087	0.087	0.462	0.0465	0	186	234	2
2026-02-12	15:03:16.350	40.285	2.94	40.67	1.402024	0.002684	0.37088	0.084	0.465	0.0555	0	186	234	2
2026-02-12	15:03:16.370	52.185	16.38	58.66	1.311744	-0.001708	0.315492	0.0795	0.4695	0.0585	0	186	234	2
2026-02-12	15:03:16.390	68.25	28.42	75.915	1.31394	0.014396	0.343064	0.0765	0.4755	0.0585	0	186	234	2
2026-02-12	15:03:16.410	87.99	40.915	90.79	1.29564	0.031232	0.364292	0.0705	0.486	0.06	0	190	265	3
2026-02-12	15:03:16.430	108.99	46.83	106.785	1.272216	0.057828	0.24034	0.0675	0.492	0.063	0	190	265	3
2026-02-12	15:03:16.450	118.475	53.2	111.405	1.253428	0.167384	0.193736	0.0675	0.51	0.054	0	190	265	3
2026-02-12	15:03:16.470	92.435	60.62	109.76	1.1834	0.1952	0.171288	0.0615	0.5175	0.057	0	190	265	3
2026-02-12	15:03:16.490	21.035	63.49	101.465	1.018944	0.14762	0.140544	0.0555	0.537	0.0585	0	190	265	3
2026-02-12	15:03:16.510	-22.05	60.865	91.245	0.914024	0.109068	0.103212	0.0525	0.5505	0.048	0	190	265	3
2026-02-12	15:03:16.530	-55.51	55.93	79.8	0.824232	0.039284	0.070272	0.048	0.5685	0.036	0	190	265	3
2026-02-12	15:03:16.550	-70.14	48.44	68.005	0.76738	-0.024644	0.07808	0.045	0.5865	0.03	0	190	265	3
2026-02-12	15:03:16.570	-64.505	42.035	56.98	0.698328	-0.068564	0.112484	0.0435	0.6	0.018	0	190	265	3
2026-02-12	15:03:16.590	-47.18	35.98	46.165	0.630008	-0.090524	0.11834	0.042	0.6105	0.0075	0	190	265	3
2026-02-12	15:03:16.610	-26.705	29.68	35.14	0.5917	-0.111752	0.119072	0.0435	0.6195	0.003	0	198	280	3
2026-02-12	15:03:16.630	-5.495	24.395	23.905	0.598776	-0.16592	0.111996	0.0495	0.6225	0	0	198	280	3
2026-02-12	15:03:16.650	18.025	19.635	14.56	0.576816	-0.186416	0.111752	0.0495	0.624	0	0	198	280	3
2026-02-12	15:03:16.670	43.715	12.495	8.085	0.549488	-0.154208	0.10736	0.0495	0.6345	-0.0075	0	198	280	3
2026-02-12	15:03:16.690	62.37	2.905	2.345	0.592676	-0.127124	0.102968	0.048	0.6285	-0.006	0	198	280	3
2026-02-12	15:03:16.710	80.465	-10.325	-5.355	0.650504	-0.112972	0.103212	0.048	0.6285	-0.006	0	198	280	3
2026-02-12	15:03:16.730	89.915	-18.445	-8.505	0.67222	-0.106384	0.107116	0.0465	0.6165	-0.0045	0	198	280	3
2026-02-12	15:03:16.750	97.86	-26.88	-11.305	0.708088	-0.088328	0.113704	0.042	0.6105	-0.003	0	198	280	3
2026-02-12	15:03:16.770	99.75	-34.545	-13.72	0.735416	-0.06588	0.127856	0.0465	0.6135	0.003	0	198	280	3
2026-02-12	15:03:16.790	97.055	-42.98	-15.855	0.778116	-0.06588	0.15616	0.048	0.6105	0.0105	0	198	280	3
2026-02-12	15:03:16.810	95.83	-51.03	-18.2	0.844728	-0.079788	0.196908	0.045	0.6	0.0225	0	209	265	3
2026-02-12	15:03:16.830	100.1	-57.085	-20.685	0.955992	-0.101016	0.249124	0.048	0.594	0.0375	0	209	265	3
2026-02-12	15:03:16.850	110.25	-59.15	-22.365	1.073356	-0.094916	0.29158	0.0465	0.5865	0.051	0	209	265	3
2026-02-12	15:03:16.870	116.69	-57.925	-22.05	1.167296	-0.051484	0.30744	0.045	0.579	0.0585	0	209	265	3
2026-02-12	15:03:16.890	113.12	-55.685	-21.28	1.265872	-0.006832	0.295728	0.051	0.5745	0.066	0	209	265	3
2026-02-12	15:03:16.910	88.655	-52.43	-19.075	1.336632	0.032452	0.236924	0.0465	0.5715	0.0765	0	209	265	3
2026-02-12	15:03:16.930	49.98	-51.765	-17.465	1.388116	0.0671	0.1891	0.0465	0.5685	0.0885	0	209	265	3
2026-02-12	15:03:16.950	14.35	-54.985	-19.565	1.523048	0.105164	0.205692	0.045	0.561	0.105	0	209	265	3
2026-02-12	15:03:16.970	-22.05	-56.56	-22.505	1.608448	0.075396	0.239852	0.0405	0.558	0.114	0	209	265	3
2026-02-12	15:03:16.990	-51.415	-55.09	-21.7	1.557452	-0.000244	0.27816	0.0405	0.5595	0.1215	0	209	265	3
2026-02-12	15:03:17.010	-63.665	-48.265	-15.75	1.434232	-0.074176	0.333548	0.048	0.5565	0.1275	0	221	245	3
2026-02-12	15:03:17.030	-57.085	-31.57	-5.775	1.294176	-0.050752	0.384788	0.0525	0.555	0.1365	0	221	245	3
2026-02-12	15:03:17.050	-46.69	-7.84	4.83	1.191696	0.02074	0.365268	0.051	0.5535	0.141	0	221	245	3
2026-02-12	15:03:17.070	-51.03	16.94	13.825	1.128256	0.066124	0.263276	0.051	0.552	0.141	0	221	245	3
2026-02-12	15:03:17.090	-69.58	39.62	19.39	1.077016	0.107604	0.149572	0.0525	0.5505	0.135	0	221	245	3
2026-02-12	15:03:17.110	-97.895	57.435	19.775	1.012112	0.199836	0.02318	0.042	0.5625	0.123	0	221	245	3
2026-02-12	15:03:17.130	-165.375	71.12	13.965	0.906948	0.34282	-0.15128	0.0525	0.5565	0.108	0	221	245	3
2026-02-12	15:03:17.150	-225.645	72.94	9.975	0.81984	0.3294	-0.188612	0.051	0.5595	0.09	0	221	245	3
2026-02-12	15:03:17.170	-273.21	67.795	7.77	0.813984	0.212768	-0.152012	0.045	0.564	0.0645	0	221	245	3
2026-02-12	15:03:17.190	-302.435	62.405	8.225	0.824476	0.071492	-0.058316	0.0435	0.5745	0.0465	0	221	245	3
2026-02-12	15:03:17.210	-313.74	59.955	11.27	0.820572	-0.069296	0.081496	0.048	0.5895	0.0285	0	235	227	3
2026-02-12	15:03:17.230	-299.67	61.005	13.16	0.815204	-0.227408	0.173972	0.0495	0.6015	0.009	0	235	227	3
2026-02-12	15:03:17.250	-256.13	64.19	11.515	0.790804	-0.321348	0.209108	0.0555	0.612	-0.012	0	235	227	3
2026-02-12	15:03:17.270	-194.11	66.885	6.37	0.727608	-0.319152	0.199348	0.063	0.624	-0.021	0	235	227	3
2026-02-12	15:03:17.290	-127.4	68.565	-1.575	0.662216	-0.254492	0.205692	0.066	0.63	-0.0225	0	235	227	3
2026-02-12	15:03:17.310	-68.075	68.215	-12.95	0.650992	-0.207156	0.199836	0.066	0.6375	-0.0405	0	235	227	3
2026-02-12	15:03:17.330	-19.32	66.57	-25.97	0.620492	-0.163968	0.177388	0.078	0.6495	-0.054	0	235	227	3
2026-02-12	15:03:17.350	18.06	57.085	-40.11	0.589992	-0.11346	0.191784	0.078	0.6495	-0.054	0	235	227	3
2026-02-12	15:03:17.370	16.275	47.985	-45.78	0.584136	-0.08174	0.232532	0.0825	0.642	-0.0645	0	235	227	3
2026-02-12	15:03:17.390	-2.415	37.24	-51.135	0.676124	-0.083692	0.3111	0.0885	0.6315	-0.0825	0	235	227	3
2026-02-12	15:03:17.410	-26.32	30.625	-55.965	0.796416	-0.11712	0.363316	0.0885	0.6225	-0.0945	0	249	208	3
2026-02-12	15:03:17.430	-46.97	27.965	-57.855	0.81496	-0.136884	0.372344	0.093	0.6135	-0.0975	0	249	208	3
2026-02-12	15:03:17.450	-62.895	23.45	-57.12	0.852048	-0.172264	0.371856	0.0945	0.6045	-0.1005	0	249	208	3
2026-02-12	15:03:17.470	-69.16	19.495	-55.335	0.90158	-0.252784	0.395768	0.096	0.6045	-0.1065	0	249	208	3
2026-02-12	15:03:17.490	-64.295	16.94	-51.485	0.937204	-0.307196	0.415776	0.105	0.606	-0.1095	0	249	208	3
2026-02-12	15:03:17.510	-55.825	14.07	-45.36	0.9394	-0.30256	0.436272	0.1095	0.6015	-0.1095	0	249	208	3
2026-02-12	15:03:17.530	-49.735	10.71	-39.025	0.93208	-0.292068	0.447252	0.1125	0.6075	-0.123	0	249	208	3
2026-02-12	15:03:17.550	-44.38	4.725	-31.29	0.915	-0.278404	0.446032	0.105	0.5985	-0.1215	0	249	208	3
2026-02-12	15:03:17.570	-40.32	-3.15	-24.185	0.918904	-0.255224	0.446276	0.1095	0.6015	-0.123	0	249	208	3
2026-02-12	15:03:17.590	-39.025	-9.87	-20.825	0.955992	-0.27572	0.488	0.114	0.606	-0.123	0	249	208	3
2026-02-12	15:03:17.610	-35.665	-14.91	-18.865	0.992836	-0.310368	0.51362	0.114	0.609	-0.12	0	261	217	3
2026-02-12	15:03:17.630	-29.155	-20.615	-18.375	1.034316	-0.312808	0.496052	0.117	0.606	-0.12	0	261	217	3
2026-02-12	15:03:17.650	-24.115	-26.495	-18.655	1.055056	-0.320128	0.468724	0.1125	0.606	-0.12	0	261	217	3
2026-02-12	15:03:17.670	-18.27	-33.18	-19.425	1.072624	-0.3477	0.4575	0.111	0.609	-0.117	0	261	217	3
2026-02-12	15:03:17.690	-6.37	-38.675	-19.425	1.086776	-0.345992	0.479948	0.1095	0.6045	-0.1095	0	261	217	3
2026-02-12	15:03:17.710	7.91	-40.46	-17.22	1.066036	-0.304268	0.476288	0.105	0.603	-0.1065	0	261	217	3
2026-02-12	15:03:17.730	16.73	-39.48	-11.865	1.023824	-0.274988	0.448228	0.105	0.597	-0.105	0	261	217	3
2026-02-12	15:03:17.750	19.25	-37.625	-4.935	0.993568	-0.269376	0.4148	0.1065	0.597	-0.0975	0	261	217	3
2026-02-12	15:03:17.770	22.855	-33.39	5.18	0.9882	-0.296704	0.416996	0.099	0.5955	-0.0915	0	261	217	3
2026-02-12	15:03:17.790	32.095	-27.545	11.48	1.014308	-0.32086	0.402844	0.096	0.5925	-0.084	0	261	217	3
2026-02-12	15:03:17.810	41.09	-19.74	17.22	1.002108	-0.317932	0.377468	0.096	0.591	-0.0795	0	269	258	3
2026-02-12	15:03:17.830	48.615	-12.495	22.54	1.006256	-0.33672	0.360876	0.0975	0.5895	-0.0735	0	269	258	3
2026-02-12	15:03:17.850	54.95	-5.915	26.775	1.037976	-0.373076	0.360632	0.09	0.5925	-0.069	0	269	258	3
2026-02-12	15:03:17.870	61.04	1.435	31.15	1.022848	-0.395768	0.355752	0.0885	0.597	-0.066	0	269	258	3
2026-02-12	15:03:17.890	65.73	7.805	36.54	0.984296	-0.389668	0.350384	0.0915	0.594	-0.0615	0	269	258	3
2026-02-12	15:03:17.910	67.515	12.81	42.805	0.96502	-0.361852	0.343552	0.0915	0.594	-0.066	0	269	258	3
2026-02-12	15:03:17.930	64.575	15.995	48.685	0.971364	-0.32452	0.33062	0.0945	0.597	-0.069	0	269	258	3
2026-02-12	15:03:17.950	55.23	18.025	54.425	0.945744	-0.305	0.305976	0.087	0.6015	-0.0615	0	269	258	3
2026-02-12	15:03:17.970	42.875	16.975	60.935	0.902068	-0.304024	0.268888	0.087	0.5925	-0.0615	0	269	258	3
2026-02-12	15:03:17.990	36.155	9.275	68.46	0.8662	-0.298168	0.246684	0.087	0.5925	-0.0615	0	269	258	3
2026-02-12	15:03:18.010	38.5	1.505	69.65	0.896944	-0.284748	0.26718	0.084	0.609	-0.06	0	271	297	3
2026-02-12	15:03:18.030	40.985	-3.99	69.405	0.885964	-0.311344	0.29036	0.0825	0.6315	-0.06	0	271	297	3
2026-02-12	15:03:18.050	48.825	-8.4	69.65	0.894016	-0.353068	0.306464	0.081	0.6375	-0.057	0	271	297	3
2026-02-12	15:03:18.070	64.925	-11.83	68.425	0.963068	-0.387472	0.326472	0.078	0.6375	-0.057	0	271	297	3
2026-02-12	15:03:18.090	85.68	-11.095	65.87	0.994788	-0.377956	0.330376	0.078	0.645	-0.0585	0	271	297	3
2026-02-12	15:03:18.110	100.555	-7.91	63.735	0.995764	-0.338428	0.306952	0.0735	0.657	-0.0555	0	271	297	3
2026-02-12	15:03:18.130	108.255	-4.48	63.14	0.997472	-0.311832	0.267668	0.069	0.6585	-0.054	0	271	297	3
2026-02-12	15:03:18.150	114.275	-1.19	62.23	0.995032	-0.279868	0.24156	0.0795	0.6555	-0.042	0	271	297	3
2026-02-12	15:03:18.170	115.885	1.33	61.25	0.958676	-0.217892	0.214964	0.081	0.6675	-0.0465	0	271	297	3
2026-02-12	15:03:18.190	102.795	2.065	56.385	0.952576	-0.144936	0.210572	0.078	0.6615	-0.0465	0	271	297	3
2026-02-12	15:03:18.210	79.065	1.365	47.635	0.930616	-0.145912	0.213256	0.0795	0.6645	-0.039	0	265	314	3
2026-02-12	15:03:18.230	63.595	-2.205	38.78	0.955016	-0.145668	0.233264	0.0795	0.6675	-0.036	0	265	314	3
2026-02-12	15:03:18.250	49.665	-7.315	27.685	1.0248	-0.138104	0.237412	0.0735	0.672	-0.036	0	265	314	3
2026-02-12	15:03:18.270	31.64	-12.11	16.345	1.05286	-0.15494	0.206668	0.0675	0.6765	-0.036	0	265	314	3
2026-02-12	15:03:18.290	12.845	-20.335	5.985	1.074576	-0.172508	0.181048	0.069	0.6795	-0.033	0	265	314	3
2026-02-12	15:03:18.310	-0.7	-31.15	-4.62	1.140456	-0.194956	0.1708	0.0705	0.678	-0.0315	0	265	314	3
2026-02-12	15:03:18.330	-7.665	-40.845	-12.81	1.208776	-0.208376	0.146888	0.0675	0.6735	-0.0225	0	265	314	3
2026-02-12	15:03:18.350	-8.435	-51.555	-17.29	1.239764	-0.202276	0.142252	0.066	0.6735	-0.009	0	265	314	3
2026-02-12	15:03:18.370	0.105	-62.125	-21.455	1.287832	-0.191052	0.19886	0.075	0.6675	-0.0165	0	265	314	3
2026-02-12	15:03:18.390	21.49	-68.25	-26.565	1.388116	-0.181292	0.25254	0.063	0.672	-0.0015	0	265	314	3
2026-02-12	15:03:18.410	58.24	-68.915	-29.785	1.341756	-0.183732	0.240584	0.063	0.6675	0.0075	0	255	307	3
2026-02-12	15:03:18.430	91.49	-68.74	-29.925	1.311012	-0.176168	0.266692	0.0555	0.663	0.0165	0	255	307	3
2026-02-12	15:03:18.450	131.495	-60.935	-28.875	1.301984	-0.126392	0.352092	0.0555	0.6555	0.03	0	255	307	3
2026-02-12	15:03:18.470	160.58	-45.64	-25.76	1.215852	0.013908	0.330864	0.0585	0.6495	0.039	0	255	307	3
2026-02-12	15:03:18.490	153.51	-30.24	-21.175	1.06628	0.171532	0.271328	0.0555	0.642	0.051	0	255	307	3
2026-02-12	15:03:18.510	117.32	-16.45	-18.83	0.951112	0.243024	0.225212	0.057	0.636	0.0585	0	255	307	3
2026-02-12	15:03:18.530	66.29	-4.165	-19.53	0.881816	0.24766	0.188612	0.0555	0.6255	0.063	0	255	307	3
2026-02-12	15:03:18.550	22.68	6.965	-23.59	0.881084	0.239608	0.178852	0.0525	0.615	0.066	0	255	307	3
2026-02-12	15:03:18.570	-12.495	18.9	-30.135	0.874984	0.258152	0.157868	0.0495	0.6135	0.0675	0	255	307	3
2026-02-12	15:03:18.590	-49	30.52	-34.615	0.858148	0.229116	0.155428	0.054	0.6225	0.0705	0	255	307	3
2026-02-12	15:03:18.610	-81.06	42.42	-36.435	0.821792	0.1464	0.153232	0.0675	0.609	0.0525	0	246	288	3
2026-02-12	15:03:18.630	-105.49	59.885	-35.28	0.746396	0.032452	0.159088	0.0675	0.609	0.0525	0	246	288	3
2026-02-12	15:03:18.650	-110.355	69.265	-32.97	0.680272	-0.005612	0.147864	0.0675	0.603	0.0435	0	246	288	3
2026-02-12	15:03:18.670	-114.135	75.88	-29.54	0.611708	-0.040992	0.13298	0.072	0.5955	0.027	0	246	288	3
2026-02-12	15:03:18.690	-117.425	78.085	-28.07	0.597556	-0.049532	0.119316	0.075	0.597	0.009	0	246	288	3
2026-02-12	15:03:18.710	-121.695	76.545	-30.625	0.619516	-0.05856	0.105896	0.0795	0.5985	-0.0075	0	246	288	3
2026-02-12	15:03:18.730	-128.905	73.255	-35.35	0.620004	-0.080764	0.100772	0.0825	0.597	-0.0195	0	246	288	3
2026-02-12	15:03:18.750	-132.265	67.27	-40.46	0.640744	-0.131516	0.121756	0.0825	0.6015	-0.03	0	246	288	3
2026-02-12	15:03:18.770	-130.34	60.34	-46.34	0.651968	-0.161284	0.13664	0.087	0.609	-0.0375	0	246	288	3
2026-02-12	15:03:18.790	-126.735	51.03	-53.445	0.687348	-0.194468	0.159088	0.0945	0.597	-0.051	0	246	288	3
2026-02-12	15:03:18.810	-120.75	40.32	-61.88	0.743224	-0.221308	0.19154	0.0975	0.606	-0.069	0	242	263	3
2026-02-12	15:03:18.830	-106.4	25.9	-72.17	0.772016	-0.241804	0.250344	0.1155	0.615	-0.075	0	242	263	3
2026-02-12	15:03:18.850	-82.88	9.835	-81.55	0.816912	-0.232288	0.293776	0.1125	0.6045	-0.078	0	242	263	3
2026-02-12	15:03:18.870	-59.43	-2.625	-86.1	0.811544	-0.219356	0.29402	0.1155	0.5925	-0.0855	0	242	263	3
2026-02-12	15:03:18.890	-36.785	-16.905	-87.43	0.809348	-0.211792	0.29158	0.1185	0.5865	-0.09	0	242	263	3
2026-02-12	15:03:18.910	-12.005	-30.73	-86.695	0.850828	-0.219844	0.327936	0.117	0.579	-0.09	0	242	263	3
2026-02-12	15:03:18.930	13.055	-41.825	-83.685	0.899872	-0.196176	0.376736	0.1185	0.5715	-0.09	0	242	263	3
2026-02-12	15:03:18.950	32.27	-49.385	-78.47	0.903776	-0.159088	0.39162	0.12	0.564	-0.081	0	242	263	3
2026-02-12	15:03:18.970	43.785	-56.35	-72.03	0.92842	-0.116144	0.397232	0.1185	0.5505	-0.0705	0	242	263	3
2026-02-12	15:03:18.990	49.665	-61.495	-65.765	0.951112	-0.099308	0.40748	0.1185	0.54	-0.0705	0	242	263	3
2026-02-12	15:03:19.010	55.825	-63.945	-59.71	0.9821	-0.086132	0.455304	0.12	0.5385	-0.06	0	242	251	2
2026-02-12	15:03:19.030	59.43	-63.56	-53.76	1.016016	-0.05246	0.500932	0.123	0.522	-0.048	0	242	251	2
2026-02-12	15:03:19.050	55.265	-57.05	-42.77	0.97356	-0.0488	0.54046	0.1185	0.507	-0.0345	0	242	251	2
2026-02-12	15:03:19.070	52.115	-51.765	-34.195	0.949648	-0.03538	0.523624	0.117	0.4995	-0.0255	0	242	251	2
2026-02-12	15:03:19.090	51.345	-47.285	-25.725	0.958676	-0.018056	0.506056	0.1155	0.492	-0.009	0	242	251	2
2026-02-12	15:03:19.110	54.845	-41.405	-17.955	0.975268	-0.001708	0.495076	0.1215	0.4875	0.0015	0	242	251	2
2026-02-12	15:03:19.130	56.525	-35.21	-10.045	1.00284	0.02196	0.492392	0.12	0.48	0.0105	0	242	251	2
2026-02-12	15:03:19.150	52.29	-27.405	-1.05	1.00162	0.05002	0.48068	0.117	0.4755	0.0165	0	242	251	2
2026-02-12	15:03:19.170	43.155	-19.67	6.93	0.997472	0.077348	0.471408	0.1155	0.471	0.0225	0	242	251	2
2026-02-12	15:03:19.190	31.955	-11.48	12.705	1.011868	0.107116	0.475312	0.1095	0.471	0.03	0	242	251	2
2026-02-12	15:03:19.210	15.82	-3.5	17.815	1.032852	0.12444	0.45872	0.1095	0.4755	0.0345	0	242	273	2
2026-02-12	15:03:19.230	-5.075	3.57	22.995	1.025776	0.111508	0.427488	0.1185	0.474	0.03	0	242	273	2
2026-02-12	15:03:19.250	-23.975	7.665	27.72	1.064328	0.082716	0.390888	0.102	0.48	0.03	0	242	273	2
2026-02-12	15:03:19.270	-40.145	12.075	32.235	1.16144	0.05978	0.370636	0.102	0.48	0.03	0	242	273	2
2026-02-12	15:03:19.290	-49.63	15.365	35.28	1.225124	0.061244	0.358192	0.099	0.486	0.03	0	242	273	2
2026-02-12	15:03:19.310	-62.93	18.165	38.465	1.249036	0.061488	0.31354	0.1005	0.4965	0.024	0	242	273	2
2026-02-12	15:03:19.330	-79.73	17.045	41.825	1.268312	0.03538	0.238632	0.096	0.501	0.018	0	242	273	2
2026-02-12	15:03:19.350	-95.62	9.975	43.68	1.303448	0.003416	0.197396	0.09	0.507	0.012	0	242	273	2
2026-02-12	15:03:19.370	-102.795	1.19	43.435	1.320284	-0.03904	0.23424	0.093	0.5175	0.0045	0	242	273	2
2026-02-12	15:03:19.390	-98.385	-4.165	42.455	1.234396	-0.07686	0.293288	0.09	0.5295	0	0	242	273	2
2026-02-12	15:03:19.410	-83.895	-7.805	43.015	1.098488	-0.100528	0.336964	0.087	0.537	-0.003	0	241	306	3
2026-02-12	15:03:19.430	-60.06	-11.865	43.19	1.042124	-0.083692	0.344772	0.09	0.552	0	0	241	306	3
2026-02-12	15:03:19.450	-35.91	-16.24	40.25	1.0858	-0.063196	0.32086	0.0915	0.5565	-0.0045	0	241	306	3
2026-02-12	15:03:19.470	-8.4	-17.115	35.875	1.087996	-0.13542	0.256932	0.0825	0.573	-0.003	0	241	306	3
2026-02-12	15:03:19.490	34.58	-16.8	30.905	1.0919	-0.113704	0.214476	0.0825	0.573	-0.003	0	241	306	3
2026-02-12	15:03:19.510	59.465	-14.455	26.355	1.10288	-0.065636	0.21838	0.078	0.576	0.0015	0	241	306	3
2026-02-12	15:03:19.530	71.435	-9.835	23.485	1.108736	-0.056364	0.222528	0.072	0.5805	0.012	0	241	306	3
2026-02-12	15:03:19.550	71.365	-3.15	24.64	1.045784	-0.050996	0.218624	0.0735	0.582	0.018	0	241	306	3
2026-02-12	15:03:19.570	65.03	1.435	28.91	0.981368	-0.036844	0.209596	0.075	0.5805	0.018	0	241	306	3
2026-02-12	15:03:19.590	55.65	4.725	35.14	0.917196	-0.066368	0.22082	0.072	0.585	0.018	0	241	306	3
2026-02-12	15:03:19.610	52.255	6.93	40.04	0.896212	-0.081496	0.240828	0.0735	0.5895	0.021	0	240	319	3
2026-02-12	15:03:19.630	50.96	10.5	44.555	0.870348	-0.0976	0.248148	0.0735	0.5895	0.024	0	240	319	3
2026-02-12	15:03:19.650	50.225	14.91	49.665	0.823256	-0.101504	0.241804	0.0735	0.5925	0.027	0	240	319	3
2026-02-12	15:03:19.670	48.23	18.585	53.025	0.794464	-0.106872	0.223504	0.0705	0.603	0.021	0	240	319	3
2026-02-12	15:03:19.690	43.225	23.52	55.475	0.701256	-0.140056	0.200324	0.078	0.6075	0.027	0	240	319	3
2026-02-12	15:03:19.710	39.935	23.59	56.735	0.669048	-0.157136	0.189344	0.0735	0.6165	0.0225	0	240	319	3
2026-02-12	15:03:19.730	38.36	21.21	56.21	0.679052	-0.151036	0.19764	0.069	0.624	0.018	0	240	319	3
2026-02-12	15:03:19.750	38.85	18.97	53.025	0.754936	-0.146644	0.241804	0.069	0.624	0.0165	0	240	319	3
2026-02-12	15:03:19.770	34.685	21	50.61	0.764452	-0.182756	0.280112	0.0675	0.63	0.0165	0	240	319	3
2026-02-12	15:03:19.790	26.285	24.15	50.715	0.739076	-0.198372	0.280844	0.0705	0.639	0.0165	0	240	319	3
2026-02-12	15:03:19.810	15.015	25.445	52.01	0.71492	-0.199836	0.253028	0.075	0.6465	0.015	0	236	310	3
2026-02-12	15:03:19.830	5.425	23.905	53.165	0.703696	-0.205204	0.241804	0.075	0.654	0.0105	0	236	310	3
2026-02-12	15:03:19.850	-1.435	20.405	52.325	0.746396	-0.221796	0.242292	0.0735	0.657	0.006	0	236	310	3
2026-02-12	15:03:19.870	-4.165	16.1	48.37	0.811788	-0.226432	0.245952	0.072	0.669	0.009	0	236	310	3
2026-02-12	15:03:19.890	-4.97	12.425	41.965	0.86498	-0.23912	0.259616	0.0825	0.6675	0.0105	0	236	310	3
2026-02-12	15:03:19.910	-1.89	8.82	31.185	0.9028	-0.284504	0.265716	0.0825	0.6675	0.0105	0	236	310	3
2026-02-12	15:03:19.930	1.435	4.48	23.52	0.954284	-0.301096	0.267668	0.078	0.6765	0.0075	0	236	310	3
2026-02-12	15:03:19.950	4.445	-1.47	14.525	1.02724	-0.290604	0.272304	0.0735	0.687	0.006	0	236	310	3
2026-02-12	15:03:19.970	6.51	-8.47	5.6	1.08092	-0.294996	0.271572	0.075	0.6915	0.006	0	236	310	3
2026-02-12	15:03:19.990	8.89	-17.36	0.91	1.045784	-0.316468	0.249856	0.075	0.693	0.003	0	236	310	3
2026-02-12	15:03:20.010	25.06	-36.155	-3.255	1.092632	-0.335012	0.277428	0.072	0.693	0.003	0	233	296	3
2026-02-12	15:03:20.030	44.625	-47.88	-5.495	1.169004	-0.329644	0.336232	0.072	0.6915	0.009	0	233	296	3
2026-02-12	15:03:20.050	73.85	-58.765	-6.02	1.277828	-0.287432	0.414312	0.0735	0.6915	0.0165	0	233	296	3
2026-02-12	15:03:20.070	100.135	-65.17	-4.41	1.45668	-0.23424	0.38674	0.0705	0.69	0.0225	0	233	296	3
2026-02-12	15:03:20.090	109.76	-70.49	-2.31	1.790228	-0.177876	0.282796	0.069	0.687	0.0285	0	233	296	3
2026-02-12	15:03:20.110	101.395	-53.34	-2.975	1.945656	-0.013176	0.310368	0.057	0.69	0.054	0	233	296	3
2026-02-12	15:03:20.130	62.195	-26.74	-2.73	1.688968	0.083692	0.245464	0.0585	0.684	0.057	0	233	296	3
2026-02-12	15:03:20.150	16.52	-13.44	-5.775	1.34688	0.078324	0.313296	0.06	0.678	0.0645	0	233	296	3
2026-02-12	15:03:20.170	-14.49	-3.395	-18.62	1.19194	-0.007808	0.310368	0.063	0.675	0.069	0	233	296	3
2026-02-12	15:03:20.190	-26.425	4.13	-17.64	1.057496	0.074176	0.37698	0.057	0.6705	0.075	0	233	296	3
2026-02-12	15:03:20.210	-38.85	20.44	-28.665	0.890356	0.056608	0.358436	0.057	0.669	0.075	0	233	289	3
2026-02-12	15:03:20.230	-47.425	35.735	-46.025	0.831308	0.070516	0.3416	0.0615	0.6615	0.066	0	233	289	3
2026-02-12	15:03:20.250	-62.125	51.38	-61.985	0.792268	0.065636	0.271816	0.063	0.6585	0.054	0	233	289	3
2026-02-12	15:03:20.270	-77.595	63.84	-76.055	0.769088	-0.032452	0.194956	0.0675	0.66	0.0495	0	233	289	3
2026-02-12	15:03:20.290	-87.465	73.78	-84.42	0.717848	-0.145912	0.163724	0.0615	0.648	0.0465	0	233	289	3
2026-02-12	15:03:20.310	-90.16	79.73	-88.55	0.685396	-0.238876	0.14762	0.0705	0.6315	0.0345	0	233	289	3
2026-02-12	15:03:20.330	-81.235	82.075	-90.72	0.710772	-0.345504	0.20252	0.078	0.627	0.021	0	233	289	3
2026-02-12	15:03:20.350	-80.08	82.6	-88.13	0.70272	-0.352336	0.244244	0.084	0.612	0.0045	0	233	289	3
2026-02-12	15:03:20.370	-86.1	82.075	-80.22	0.660996	-0.34038	0.257908	0.093	0.594	-0.015	0	233	289	3
2026-02-12	15:03:20.390	-90.72	79.765	-70.735	0.660996	-0.360388	0.282308	0.102	0.591	-0.0285	0	233	289	3
2026-02-12	15:03:20.410	-95.515	78.435	-58.52	0.652944	-0.384056	0.312808	0.108	0.5835	-0.0435	0	238	288	3
2026-02-12	15:03:20.430	-103.915	76.72	-42.98	0.62708	-0.398208	0.29524	0.117	0.579	-0.057	0	238	288	3
2026-02-12	15:03:20.450	-108.675	72.205	-27.86	0.615612	-0.3965	0.316224	0.1245	0.5835	-0.0735	0	238	288	3
2026-02-12	15:03:20.470	-105.7	67.27	-13.895	0.591456	-0.381372	0.353556	0.1275	0.585	-0.081	0	238	288	3
2026-02-12	15:03:20.490	-94.255	63.21	-1.785	0.576328	-0.394792	0.385276	0.1305	0.591	-0.0915	0	238	288	3
2026-02-12	15:03:20.510	-75.845	59.36	7.035	0.585112	-0.381616	0.401624	0.1365	0.5985	-0.0975	0	238	288	3
2026-02-12	15:03:20.530	-58.835	55.72	12.39	0.601948	-0.34648	0.434076	0.147	0.5985	-0.1065	0	238	288	3
2026-02-12	15:03:20.550	-36.715	51.24	14.735	0.618784	-0.273524	0.451644	0.147	0.5985	-0.1065	0	238	288	3
2026-02-12	15:03:20.570	-24.29	46.235	13.02	0.653432	-0.225944	0.48312	0.1515	0.606	-0.123	0	238	288	3
2026-02-12	15:03:20.590	-20.58	40.74	9.03	0.692472	-0.215452	0.508008	0.162	0.6165	-0.1425	0	238	288	3
2026-02-12	15:03:20.610	-19.6	35.42	4.06	0.694424	-0.207644	0.518988	0.168	0.618	-0.141	0	248	296	3
2026-02-12	15:03:20.630	-16.485	28.7	-1.19	0.66612	-0.16226	0.549976	0.174	0.621	-0.141	0	248	296	3
2026-02-12	15:03:20.650	-12.985	22.54	-6.265	0.636596	-0.120292	0.623176	0.1785	0.624	-0.147	0	248	296	3
2026-02-12	15:03:20.670	-16.03	15.015	-11.48	0.615124	-0.098088	0.666364	0.1755	0.624	-0.153	0	248	296	3
2026-02-12	15:03:20.690	-23.765	5.775	-14.63	0.634156	-0.151524	0.69906	0.1755	0.6285	-0.156	0	248	296	3
2026-02-12	15:03:20.710	-29.61	-3.815	-16.205	0.630252	-0.180316	0.732488	0.174	0.618	-0.153	0	248	296	3
2026-02-12	15:03:20.730	-28.84	-12.145	-16.8	0.650748	-0.202764	0.800076	0.1785	0.6285	-0.159	0	248	296	3
2026-02-12	15:03:20.750	-10.36	-13.265	-20.3	0.714676	-0.193248	0.963068	0.1785	0.621	-0.1575	0	248	296	3
2026-02-12	15:03:20.770	6.72	-6.09	-26.495	0.754692	-0.123952	1.054324	0.177	0.624	-0.162	0	248	296	3
2026-02-12	15:03:20.790	2.065	1.05	-32.69	0.78568	-0.153232	1.0553	0.177	0.6255	-0.1575	0	248	296	3
2026-02-12	15:03:20.810	-19.355	5.915	-35.035	0.743712	-0.240584	0.96624	0.18	0.6195	-0.1515	0	259	346	3
2026-02-12	15:03:20.830	-37.135	5.565	-32.62	0.72956	-0.430172	0.84912	0.18	0.618	-0.1545	0	259	346	3
2026-02-12	15:03:20.850	-21.525	0.35	-28.805	0.814472	-0.62586	0.78202	0.18	0.6195	-0.1545	0	259	346	3
2026-02-12	15:03:20.870	22.295	-6.86	-22.61	0.931836	-0.663436	0.752252	0.1785	0.612	-0.1545	0	259	346	3
2026-02-12	15:03:20.890	70.665	-12.145	-14.035	1.056764	-0.641476	0.80276	0.1755	0.5985	-0.1575	0	259	346	3
2026-02-12	15:03:20.910	102.62	-8.925	0.315	1.101172	-0.572912	0.859124	0.1755	0.591	-0.1575	0	259	346	3
2026-02-12	15:03:20.930	111.58	1.785	20.44	1.024068	-0.485072	0.848876	0.183	0.5895	-0.1425	0	259	346	3
2026-02-12	15:03:20.950	97.79	12.565	43.575	0.960628	-0.397964	0.792268	0.1815	0.579	-0.1545	0	259	346	3
2026-02-12	15:03:20.970	51.17	23.38	71.68	0.9272	-0.337208	0.622688	0.177	0.5745	-0.1395	0	259	346	3
2026-02-12	15:03:20.990	27.79	25.655	84.35	0.920612	-0.336476	0.527772	0.1785	0.5775	-0.1425	0	259	346	3
2026-02-12	15:03:21.010	13.3	23.975	91.875	0.932324	-0.329156	0.498248	0.183	0.5805	-0.147	0	272	437	3
2026-02-12	15:03:21.030	-4.27	22.015	97.055	0.91012	-0.36356	0.513376	0.1785	0.588	-0.15	0	272	437	3
2026-02-12	15:03:21.050	-24.045	20.09	100.59	0.855708	-0.41724	0.55998	0.1695	0.6	-0.15	0	272	437	3
2026-02-12	15:03:21.070	-42.315	19.53	103.845	0.77104	-0.462136	0.588772	0.168	0.6135	-0.15	0	272	437	3
2026-02-12	15:03:21.090	-50.75	17.78	106.785	0.709308	-0.506788	0.599996	0.1695	0.6315	-0.1485	0	272	437	3
2026-02-12	15:03:21.110	-55.055	15.435	109.305	0.657092	-0.530212	0.607316	0.1695	0.6405	-0.1455	0	272	437	3
2026-02-12	15:03:21.130	-59.605	14.035	114.485	0.601704	-0.551684	0.567056	0.177	0.6525	-0.162	0	272	437	3
2026-02-12	15:03:21.150	-59.85	11.725	120.61	0.544852	-0.549488	0.486536	0.177	0.6705	-0.1545	0	272	437	3
2026-02-12	15:03:21.170	-59.535	4.935	127.26	0.50142	-0.54656	0.40504	0.174	0.693	-0.159	0	272	437	3
2026-02-12	15:03:21.190	-65.66	-6.09	135.555	0.471164	-0.590968	0.335012	0.174	0.693	-0.159	0	272	437	3
2026-02-12	15:03:21.210	-69.125	-17.71	142.485	0.454328	-0.613172	0.294264	0.1815	0.723	-0.1575	0	283	507	3
2026-02-12	15:03:21.230	-68.39	-30.905	148.365	0.43066	-0.608048	0.262544	0.183	0.765	-0.1485	0	283	507	3
2026-02-12	15:03:21.250	-72.135	-45.57	151.9	0.401868	-0.610244	0.233752	0.177	0.789	-0.1395	0	283	507	3
2026-02-12	15:03:21.270	-85.855	-61.425	154.315	0.388204	-0.691496	0.229604	0.1845	0.813	-0.1335	0	283	507	3
2026-02-12	15:03:21.290	-85.505	-74.41	154.63	0.384056	-0.78446	0.220088	0.1905	0.834	-0.12	0	283	507	3
2026-02-12	15:03:21.310	-81.2	-85.925	154.455	0.386252	-0.807396	0.213744	0.1935	0.8595	-0.102	0	283	507	3
2026-02-12	15:03:21.330	-85.33	-97.37	153.51	0.379908	-0.814472	0.169824	0.198	0.8745	-0.093	0	283	507	3
2026-02-12	15:03:21.350	-91.98	-108.15	150.15	0.362828	-0.838628	0.135664	0.1935	0.9	-0.087	0	283	507	3
2026-02-12	15:03:21.370	-103.495	-120.05	146.055	0.357704	-0.88572	0.081496	0.1965	0.924	-0.075	0	283	507	3
2026-02-12	15:03:21.390	-100.73	-134.155	135.45	0.34404	-0.9394	0.034404	0.21	0.939	-0.036	0	283	507	3
2026-02-12	15:03:21.410	-95.935	-148.435	122.85	0.319152	-0.930372	0.001952	0.2115	0.9615	-0.0135	0	293	506	3
2026-02-12	15:03:21.430	-105.455	-158.55	109.305	0.318664	-0.950136	-0.02806	0.2235	0.9885	0.0225	0	293	506	3
2026-02-12	15:03:21.450	-91.595	-164.01	90.72	0.327204	-0.970144	-0.047824	0.2295	1.0005	0.0465	0	293	506	3
2026-02-12	15:03:21.470	-63.245	-164.08	73.08	0.345992	-0.984052	-0.024888	0.228	1.0155	0.0705	0	293	506	3
2026-02-12	15:03:21.490	-34.51	-158.095	58.765	0.378932	-0.959408	0.014396	0.2325	1.026	0.0945	0	293	506	3
2026-02-12	15:03:21.510	-26.915	-149.975	49.805	0.427244	-0.869616	0.007076	0.243	1.029	0.1125	0	293	506	3
2026-02-12	15:03:21.530	-41.02	-142.59	39.795	0.442128	-0.829112	-0.03782	0.2505	1.032	0.132	0	293	506	3
2026-02-12	15:03:21.550	-45.36	-136.43	24.78	0.482388	-0.901824	-0.07905599	0.2505	1.035	0.141	0	293	506	3
2026-02-12	15:03:21.570	-15.155	-126.595	12.11	0.490928	-1.071648	-0.050508	0.2565	1.044	0.159	0	293	506	3
2026-02-12	15:03:21.590	37.1	-116.55	1.995	0.47824	-0.738588	0.055144	0.2625	1.044	0.171	0	293	506	3
2026-02-12	15:03:21.610	21.42	-102.41	-9.24	0.520696	-0.848876	0.044896	0.2685	1.035	0.18	0	306	434	3
2026-02-12	15:03:21.630	24.115	-89.145	-16.94	0.53924	-0.835456	0.057096	0.267	1.041	0.186	0	306	434	3
2026-02-12	15:03:21.650	1.435	-80.885	-19.67	0.530456	-0.873032	0.023424	0.267	1.041	0.1935	0	306	434	3
2026-02-12	15:03:21.670	-24.43	-74.025	-27.195	0.549244	-1.019676	-0.00244	0.2595	1.0395	0.201	0	306	434	3
2026-02-12	15:03:21.690	-18.025	-63.665	-30.52	0.591944	-1.028216	-0.007808	0.2565	1.0365	0.2055	0	306	434	3
2026-02-12	15:03:21.710	-24.99	-52.115	-28.385	0.685884	-0.976244	0.16836	0.258	1.032	0.2175	0	306	434	3
2026-02-12	15:03:21.730	-23.345	-30.66	-22.75	0.775676	-1.148264	0.444568	0.2535	1.0275	0.2295	0	306	434	3
2026-02-12	15:03:21.750	-3.22	7.49	-10.5	0.736392	-0.886696	0.69906	0.2505	1.0215	0.228	0	306	434	3
2026-02-12	15:03:21.770	-16.66	47.355	-2.485	0.600484	-0.68808	0.352092	0.2505	1.0245	0.234	0	306	434	3
2026-02-12	15:03:21.790	-54.775	71.75	4.27	0.413336	-0.734684	-0.127368	0.249	1.0275	0.219	0	306	434	3
2026-02-12	15:03:21.810	-68.145	78.855	1.68	0.418216	-0.675148	-0.313296	0.2565	1.0275	0.2235	0	318	337	3
2026-02-12	15:03:21.830	-97.23	74.62	1.54	0.364536	-0.837896	-0.559004	0.2565	1.0275	0.2235	0	318	337	3
2026-02-12	15:03:21.850	-86.695	65.765	2.625	0.324764	-0.898652	-0.498248	0.249	1.0275	0.2295	0	318	337	3
2026-02-12	15:03:21.870	-89.145	59.185	2.31	0.386008	-0.734928	-0.379176	0.2415	1.023	0.2325	0	318	337	3
2026-02-12	15:03:21.890	-99.12	61.635	5.495	0.310612	-0.878888	-0.280112	0.2415	1.02	0.237	0	318	337	3
2026-02-12	15:03:21.910	-112.42	59.85	9.345	0.33062	-0.706136	-0.201544	0.2385	1.0185	0.2445	0	318	337	3
2026-02-12	15:03:21.930	-136.045	60.27	14	0.295484	-0.913292	-0.300852	0.237	1.017	0.246	0	318	337	3
2026-02-12	15:03:21.950	-120.925	59.71	18.41	0.269864	-0.94916	-0.356728	0.2355	1.014	0.261	0	318	337	3
2026-02-12	15:03:21.970	-87.15	56	20.405	0.279624	-1.016992	-0.421388	0.234	1.0095	0.276	0	318	337	3
2026-02-12	15:03:21.990	-58.695	47.32	26.005	0.282064	-1.070916	-0.342576	0.2385	1.008	0.2745	0	318	337	3
2026-02-12	15:03:22.010	-41.615	39.69	35.91	0.266448	-1.042368	-0.27206	0.2385	1.008	0.2745	0	330	226	3
2026-02-12	15:03:22.030	-32.27	35.56	38.675	0.275476	-0.987712	-0.234972	0.2385	1.0065	0.2745	0	330	226	3
2026-02-12	15:03:22.050	-28.175	30.94	41.09	0.31598	-1.047004	-0.23302	0.24	1.014	0.2745	0	330	226	3
2026-02-12	15:03:22.070	-25.48	26.11	44.555	0.318176	-1.025288	-0.251564	0.2445	1.02	0.276	0	330	226	3
2026-02-12	15:03:22.090	-14.175	20.685	45.01	0.270352	-1.071404	-0.3233	0.252	1.017	0.279	0	330	226	3
2026-02-12	15:03:22.110	16.275	14.07	43.61	0.216184	-0.986004	-0.313296	0.252	1.02	0.279	0	330	226	3
2026-02-12	15:03:22.130	29.575	7.35	41.615	0.17446	-0.83082	-0.282308	0.2535	1.029	0.2745	0	330	226	3
2026-02-12	15:03:22.150	20.58	1.54	38.85	0.184464	-0.849608	-0.319396	0.2655	1.0335	0.2685	0	330	226	3
2026-02-12	15:03:22.170	13.37	-3.675	35.98	0.18422	-0.832528	-0.233752	0.2715	1.035	0.267	0	330	226	3
2026-02-12	15:03:22.190	4.34	-4.83	33.6	0.19642	-0.820084	-0.235948	0.273	1.041	0.2625	0	330	226	3
2026-02-12	15:03:22.210	-7.245	-4.97	31.885	0.18544	-0.88816	-0.320372	0.2775	1.0455	0.2715	0	339	105	3
2026-02-12	15:03:22.230	-13.755	-6.93	31.885	0.18178	-0.925248	-0.344528	0.2865	1.047	0.2625	0	339	105	3
2026-02-12	15:03:22.250	-21.665	-13.265	37.03	0.195444	-1.041148	-0.375028	0.285	1.053	0.2625	0	339	105	3
2026-02-12	15:03:22.270	-23.24	-19.25	42.91	0.131516	-0.887672	-0.317932	0.2955	1.053	0.2715	0	339	105	3
2026-02-12	15:03:22.290	-36.54	-24.15	41.965	0.127612	-0.882792	-0.31354	0.2985	1.0545	0.2805	0	339	105	3
2026-02-12	15:03:22.310	-45.92	-27.615	39.62	0.156892	-1.087264	-0.345992	0.2985	1.059	0.285	0	339	105	3
2026-02-12	15:03:22.330	-50.12	-33.81	43.015	0.155184	-1.15656	-0.483364	0.312	1.0575	0.2925	0	339	105	3
2026-02-12	15:03:22.350	-53.2	-40.635	47.215	0.050996	-1.20658	-0.522648	0.324	1.053	0.3015	0	339	105	3
2026-02-12	15:03:22.370	-59.465	-50.015	49.77	-0.077104	-1.058716	-0.77836	0.3345	1.053	0.315	0	339	105	3
2026-02-12	15:03:22.390	-82.425	-64.05	50.575	-0.05734	-1.033096	-0.727608	0.3405	1.0545	0.3225	0	339	105	3
2026-02-12	15:03:22.410	-83.16	-68.88	43.365	0.077592	-1.057008	-0.41358	0.345	1.05	0.3255	0	344	14	3
2026-02-12	15:03:22.430	-74.235	-59.57	40.32	0.179828	-1.062864	-0.462136	0.3555	1.0545	0.351	0	344	14	3
2026-02-12	15:03:22.450	-60.935	-45.605	45.08	0.148596	-1.051884	-0.465796	0.3705	1.0425	0.3585	0	344	14	3
2026-02-12	15:03:22.470	-26.565	-33.04	42.84	-0.021472	-0.870104	-0.74786	0.3705	1.0425	0.3585	0	344	14	3
2026-02-12	15:03:22.490	6.72	-35.805	36.54	-0.07808	-0.812276	-0.725656	0.3825	1.044	0.3675	0	344	14	3
2026-02-12	15:03:22.510	50.89	-34.335	33.81	-0.103456	-0.715896	-0.503616	0.3975	1.0455	0.378	0	344	14	3
2026-02-12	15:03:22.530	78.54	-24.185	32.095	-0.147132	-0.316712	-0.44286	0.4095	1.047	0.3735	0	344	14	3
2026-02-12	15:03:22.550	67.55	-13.72	25.165	-0.130784	-0.305244	-0.292068	0.4185	1.053	0.372	0	344	14	3
2026-02-12	15:03:22.570	60.97	3.185	14.14	-0.07905599	-0.194224	-0.22814	0.42	1.062	0.366	0	344	14	3
2026-02-12	15:03:22.590	39.97	21	-1.89	-0.020252	-0.577792	-0.40504	0.426	1.0665	0.354	0	344	14	3
2026-02-12	15:03:22.610	38.57	32.935	-11.375	-0.045872	-0.745176	-0.40382	0.429	1.0665	0.351	0	347	129	3
2026-02-12	15:03:22.630	30.905	42.525	-20.16	-0.03294	-0.848388	-0.379908	0.4155	1.0695	0.3435	0	347	129	3
2026-02-12	15:03:22.650	21.105	48.58	-25.025	0.061732	-1.13704	-0.237412	0.411	1.0785	0.342	0	347	129	3
2026-02-12	15:03:22.670	90.93	68.355	-18.69	0.179584	-1.43228	-0.074908	0.411	1.071	0.339	0	347	129	3
2026-02-12	15:03:22.690	237.16	103.81	-15.785	0.265228	-1.299544	-0.10126	0.402	1.0755	0.3195	0	347	129	3
2026-02-12	15:03:22.710	288.19	125.335	-15.89	0.30622	-0.93208	-0.106384	0.3945	1.086	0.273	0	347	129	3
2026-02-12	15:03:22.730	217.98	133.28	-8.96	0.27084	-0.769576	-0.054656	0.387	1.0965	0.231	0	347	129	3
2026-02-12	15:03:22.750	155.015	138.74	-11.13	0.205448	-0.882792	-0.020984	0.375	1.1055	0.1995	0	347	129	3
2026-02-12	15:03:22.770	154.63	147.49	-22.19	0.214232	-0.758596	0.052704	0.3735	1.104	0.165	0	347	129	3
2026-02-12	15:03:22.790	150.78	160.055	-40.32	0.191052	-0.537288	0.137616	0.372	1.0995	0.1305	0	347	129	3
2026-02-12	15:03:22.810	41.93	162.435	-48.93	0.189344	-0.366	0.13908	0.3705	1.101	0.1155	0	350	195	3
2026-02-12	15:03:22.830	-82.53	162.4	-48.86	0.218624	-0.597312	0.09516	0.3645	1.0995	0.093	0	350	195	3
2026-02-12	15:03:22.850	-147.77	168.07	-45.78	0.261568	-0.738588	0.00366	0.3615	1.0995	0.099	0	350	195	3
2026-02-12	15:03:22.870	-132.405	182.595	-44.205	0.278404	-0.9638	-0.048068	0.357	1.092	0.1095	0	350	195	3
2026-02-12	15:03:22.890	30.415	207.83	-64.995	0.27084	-0.762256	0.010248	0.3555	1.092	0.12	0	350	195	3
2026-02-12	15:03:22.910	103.285	218.4	-92.995	0.31354	-0.743224	-0.067588	0.3495	1.0875	0.1065	0	350	195	3
2026-02-12	15:03:22.930	127.89	219.905	-116.55	0.4209	-0.880352	-0.162748	0.3375	1.0815	0.0765	0	350	195	3
2026-02-12	15:03:22.950	141.61	215.285	-136.255	0.515572	-1.00162	-0.221308	0.324	1.074	0.042	0	350	195	3
2026-02-12	15:03:22.970	185.815	207.48	-164.36	0.56242	-0.967704	-0.2135	0.312	1.056	0.006	0	350	195	3
2026-02-12	15:03:22.990	242.34	194.74	-200.76	0.550464	-0.808372	-0.154452	0.3015	1.029	-0.036	0	350	195	3
2026-02-12	15:03:23.010	250.075	171.29	-234.57	0.573644	-0.551928	-0.022692	0.2865	1.002	-0.0795	0	353	194	3
2026-02-12	15:03:23.030	186.41	138.285	-261.135	0.746152	-0.533872	0.091012	0.279	0.99	-0.0975	0	353	194	3
2026-02-12	15:03:23.050	117.005	108.465	-285.985	0.928176	-0.50752	0.187636	0.2715	0.945	-0.138	0	353	194	3
2026-02-12	15:03:23.070	47.495	80.325	-306.53	1.145092	-0.557296	0.231556	0.252	0.9075	-0.162	0	353	194	3
2026-02-12	15:03:23.090	3.955	60.27	-317.485	1.371036	-0.683932	0.28182	0.2415	0.867	-0.165	0	353	194	3
2026-02-12	15:03:23.110	-7.595	34.79	-318.815	1.509384	-0.822036	0.323544	0.2415	0.867	-0.165	0	353	194	3
2026-02-12	15:03:23.130	-10.71	19.39	-303.485	1.368352	-0.701012	0.304512	0.2235	0.8265	-0.1755	0	353	194	3
2026-02-12	15:03:23.150	-35.455	2.555	-279.475	1.199016	-0.549976	0.265716	0.2025	0.768	-0.183	0	353	194	3
2026-02-12	15:03:23.170	-78.715	-13.195	-250.985	1.132404	-0.44164	0.230092	0.198	0.7365	-0.18	0	353	194	3
2026-02-12	15:03:23.190	-102.55	-18.27	-221.935	1.22854	-0.57706	0.338916	0.192	0.7155	-0.186	0	353	194	3
2026-02-12	15:03:23.210	-96.25	-10.78	-193.06	1.260016	-0.528992	0.3538	0.186	0.7005	-0.1845	0	362	143	3
2026-02-12	15:03:23.230	-100.625	-2.275	-167.86	1.21146	-0.419192	0.283284	0.186	0.6945	-0.18	0	362	143	3
2026-02-12	15:03:23.250	-108.115	4.69	-147.455	1.184132	-0.399916	0.17934	0.1845	0.696	-0.1845	0	362	143	3
2026-02-12	15:03:23.270	-115.395	8.68	-130.76	1.149972	-0.39894	0.102968	0.183	0.69	-0.1905	0	362	143	3
2026-02-12	15:03:23.290	-122.325	9.24	-116.76	1.121668	-0.39284	0.070028	0.1845	0.687	-0.1785	0	362	143	3
2026-02-12	15:03:23.310	-139.16	9.45	-100.38	1.009916	-0.385276	0.060268	0.186	0.6735	-0.183	0	362	143	3
2026-02-12	15:03:23.330	-155.575	8.05	-86.485	0.893528	-0.396988	0.066612	0.186	0.678	-0.186	0	362	143	3
2026-02-12	15:03:23.350	-163.17	5.81	-76.685	0.79544	-0.402844	0.092232	0.186	0.693	-0.1875	0	362	143	3
2026-02-12	15:03:23.370	-160.58	2.065	-68.32	0.725168	-0.413092	0.147864	0.186	0.708	-0.189	0	362	143	3
2026-02-12	15:03:23.390	-146.72	-1.575	-61.53	0.673684	-0.406748	0.178364	0.1875	0.714	-0.1875	0	362	143	3
2026-02-12	15:03:23.410	-126.805	-6.3	-57.47	0.679052	-0.364536	0.27206	0.189	0.72	-0.18	0	376	66	3
2026-02-12	15:03:23.430	-107.065	-9.38	-56.525	0.699792	-0.32086	0.307196	0.1875	0.729	-0.177	0	376	66	3
2026-02-12	15:03:23.450	-92.365	-13.09	-56.14	0.69052	-0.299876	0.301096	0.1905	0.735	-0.1755	0	376	66	3
2026-02-12	15:03:23.470	-82.46	-20.09	-56.875	0.684664	-0.303292	0.327204	0.1845	0.7365	-0.18	0	376	66	3
2026-02-12	15:03:23.490	-63.84	-27.3	-60.165	0.704916	-0.310124	0.37088	0.1845	0.7425	-0.1785	0	376	66	3
2026-02-12	15:03:23.510	-37.17	-36.75	-65.275	0.765672	-0.30866	0.3965	0.1845	0.7455	-0.165	0	376	66	3
2026-02-12	15:03:23.530	0.35	-52.36	-69.65	0.914756	-0.301828	0.43066	0.168	0.732	-0.1695	0	376	66	3
2026-02-12	15:03:23.550	26.285	-60.34	-67.76	1.029924	-0.294264	0.466528	0.159	0.729	-0.159	0	376	66	3
2026-02-12	15:03:23.570	53.34	-64.75	-62.58	1.122156	-0.25254	0.517524	0.1515	0.717	-0.1485	0	376	66	3
2026-02-12	15:03:23.590	77.595	-64.26	-55.02	1.163636	-0.174216	0.575352	0.1485	0.702	-0.1425	0	376	66	3
2026-02-12	15:03:23.610	89.32	-62.16	-46.41	1.190232	-0.095892	0.558516	0.144	0.687	-0.1335	0	389	21	3
2026-02-12	15:03:23.630	84.875	-59.78	-37.835	1.217072	-0.03416	0.536312	0.1395	0.6735	-0.1245	0	389	21	3
2026-02-12	15:03:23.650	69.125	-56.455	-29.225	1.238056	-0.004148	0.521428	0.138	0.6675	-0.12	0	389	21	3
2026-02-12	15:03:23.670	51.1	-52.5	-21.98	1.270752	0.010004	0.537776	0.12	0.654	-0.12	0	389	21	3
2026-02-12	15:03:23.690	32.97	-44.17	-15.365	1.247328	0.015128	0.563152	0.1245	0.6495	-0.108	0	389	21	3
2026-02-12	15:03:23.710	12.075	-33.635	-8.33	1.21024	0.012444	0.574132	0.12	0.6375	-0.0975	0	389	21	3
2026-02-12	15:03:23.730	-8.645	-20.265	-0.175	1.16388	-0.027084	0.563152	0.1185	0.6345	-0.096	0	389	21	3
2026-02-12	15:03:23.750	-23.135	2.555	15.54	1.071404	-0.103944	0.49898	0.1185	0.6345	-0.096	0	389	21	3
2026-02-12	15:03:23.770	-21.98	16.905	27.37	1.035292	-0.086132	0.445788	0.114	0.6375	-0.096	0	389	21	3
2026-02-12	15:03:23.790	-20.93	29.925	38.955	1.006256	-0.050508	0.38552	0.117	0.648	-0.102	0	389	21	3
2026-02-12	15:03:23.810	-25.76	40.67	51.03	0.961604	-0.046604	0.329644	0.12	0.66	-0.1065	0	400	122	3
2026-02-12	15:03:23.830	-31.43	47.53	61.635	0.942816	-0.050264	0.291824	0.117	0.666	-0.111	0	400	122	3
2026-02-12	15:03:23.850	-33.425	49.84	68.635	0.97234	-0.052704	0.268644	0.1215	0.669	-0.1155	0	400	122	3
2026-02-12	15:03:23.870	-32.55	50.575	72.24	1.032608	-0.05246	0.284992	0.126	0.6705	-0.1155	0	400	122	3
2026-02-12	15:03:23.890	-32.13	51.59	73.675	1.067988	-0.060268	0.304756	0.129	0.6915	-0.1305	0	400	122	3
2026-02-12	15:03:23.910	-34.265	52.92	74.62	1.06384	-0.091988	0.307928	0.1365	0.696	-0.123	0	400	122	3
2026-02-12	15:03:23.930	-32.34	53.69	74.34	1.088484	-0.117852	0.314272	0.144	0.7155	-0.1335	0	400	122	3
2026-02-12	15:03:23.950	-30.17	55.195	73.395	1.036024	-0.125904	0.302804	0.1545	0.726	-0.135	0	400	122	3
2026-02-12	15:03:23.970	-24.85	55.37	72.59	0.94672	-0.13054	0.297924	0.159	0.738	-0.1425	0	400	122	3
2026-02-12	15:03:23.990	-14.665	53.935	70.14	0.956724	-0.10736	0.29402	0.1695	0.7515	-0.153	0	400	122	3
2026-02-12	15:03:24.010	-8.925	53.06	66.605	0.961604	-0.073444	0.26474	0.177	0.7605	-0.1575	0	404	203	3
2026-02-12	15:03:24.030	-12.285	52.22	64.435	0.878888	-0.062952	0.220576	0.1845	0.7695	-0.1665	0	404	203	3
2026-02-12	15:03:24.050	-18.06	48.02	62.09	0.817156	-0.074664	0.185684	0.1935	0.7755	-0.171	0	404	203	3
2026-02-12	15:03:24.070	-21.42	41.685	58.03	0.812276	-0.093208	0.165676	0.1995	0.78	-0.1725	0	404	203	3
2026-02-12	15:03:24.090	-21.035	34.405	52.325	0.851072	-0.09857599	0.16836	0.201	0.7815	-0.1725	0	404	203	3
2026-02-12	15:03:24.110	-19.18	29.645	46.69	0.817644	-0.099308	0.190564	0.2115	0.78	-0.1755	0	404	203	3
2026-02-12	15:03:24.130	-14.35	24.605	40.95	0.780312	-0.095648	0.190564	0.213	0.7905	-0.183	0	404	203	3
2026-02-12	15:03:24.150	-7.84	17.29	32.165	0.800808	-0.09882	0.19032	0.228	0.81	-0.1815	0	404	203	3
2026-02-12	15:03:24.170	3.22	5.565	12.495	0.880352	-0.105408	0.198616	0.231	0.804	-0.1815	0	404	203	3
2026-02-12	15:03:24.190	12.04	-2.87	-3.29	0.95526	-0.112728	0.232044	0.2235	0.8055	-0.18	0	404	203	3
2026-02-12	15:03:24.210	22.505	-9.555	-19.11	1.00772	-0.122732	0.2745	0.219	0.801	-0.183	0	398	241	3
2026-02-12	15:03:24.230	33.635	-14.63	-32.83	1.031632	-0.121268	0.280356	0.222	0.792	-0.189	0	398	241	3
2026-02-12	15:03:24.250	43.015	-20.125	-45.395	1.053592	-0.09882	0.282796	0.2205	0.7905	-0.189	0	398	241	3
2026-02-12	15:03:24.270	49.77	-24.29	-56.42	1.048956	-0.08686399	0.302804	0.213	0.789	-0.1875	0	398	241	3
2026-02-12	15:03:24.290	55.23	-28.35	-64.82	1.053104	-0.076616	0.301828	0.21	0.7845	-0.1875	0	398	241	3
2026-02-12	15:03:24.310	56.665	-33.215	-71.365	1.084824	-0.048312	0.293776	0.219	0.774	-0.186	0	398	241	3
2026-02-12	15:03:24.330	52.745	-37.415	-77.42	1.135576	-0.02562	0.298656	0.2025	0.7545	-0.183	0	398	241	3
2026-02-12	15:03:24.350	44.765	-41.02	-83.93	1.205848	-0.000976	0.301584	0.1965	0.7455	-0.1755	0	398	241	3
2026-02-12	15:03:24.370	28.98	-44.17	-89.04	1.245376	-0.000732	0.293288	0.192	0.729	-0.177	0	398	241	3
2026-02-12	15:03:24.390	1.82	-43.47	-89.46	1.13826	-0.04392	0.342332	0.192	0.729	-0.177	0	398	241	3
2026-02-12	15:03:24.410	-6.545	-36.715	-84.42	0.994544	-0.042456	0.396012	0.183	0.714	-0.1725	0	382	253	3
2026-02-12	15:03:24.430	-11.55	-27.51	-76.265	0.861808	-0.014884	0.391376	0.168	0.6915	-0.1635	0	382	253	3
2026-02-12	15:03:24.450	-24.255	-20.545	-66.15	0.77836	0.013176	0.347944	0.162	0.681	-0.1575	0	382	253	3
2026-02-12	15:03:24.470	-40.985	-16.66	-58.345	0.800808	0.02196	0.295728	0.168	0.6765	-0.1515	0	382	253	3
2026-02-12	15:03:24.490	-57.96	-14.42	-53.445	0.893772	0.00244	0.225212	0.1635	0.672	-0.1515	0	382	253	3
2026-02-12	15:03:24.510	-71.89	-11.9	-49.385	0.969412	-0.026108	0.16836	0.1545	0.6705	-0.1545	0	382	253	3
2026-02-12	15:03:24.530	-84.945	-10.15	-45.92	1.041148	-0.0488	0.169336	0.168	0.672	-0.1515	0	382	253	3
2026-02-12	15:03:24.550	-99.855	-5.565	-42.77	1.064328	-0.078324	0.1891	0.1635	0.6705	-0.1515	0	382	253	3
2026-02-12	15:03:24.570	-116.095	0.7	-39.375	1.019676	-0.091744	0.212036	0.1635	0.6735	-0.153	0	382	253	3
2026-02-12	15:03:24.590	-135.765	7.14	-31.85	0.899384	-0.122976	0.206668	0.1665	0.6765	-0.1515	0	382	253	3
2026-02-12	15:03:24.610	-150.535	9.31	-21.455	0.801296	-0.155184	0.202032	0.1695	0.687	-0.1545	0	361	258	3
2026-02-12	15:03:24.630	-152.215	8.225	-12.88	0.764208	-0.1647	0.222772	0.1725	0.7065	-0.1545	0	361	258	3
2026-02-12	15:03:24.650	-143.185	7.525	-6.58	0.752496	-0.146156	0.263276	0.1725	0.7215	-0.15	0	361	258	3
2026-02-12	15:03:24.670	-129.15	8.505	-3.64	0.745664	-0.094428	0.314516	0.1725	0.735	-0.15	0	361	258	3
2026-02-12	15:03:24.690	-123.025	10.325	-3.255	0.730048	-0.042944	0.309392	0.171	0.747	-0.147	0	361	258	3
2026-02-12	15:03:24.710	-125.685	10.815	-5.74	0.732976	-0.042456	0.272548	0.1695	0.753	-0.144	0	361	258	3
2026-02-12	15:03:24.730	-132.335	8.785	-10.99	0.749812	-0.05612	0.261324	0.1785	0.7605	-0.1395	0	361	258	3
2026-02-12	15:03:24.750	-135.135	5.145	-18.095	0.773236	-0.074908	0.277184	0.1695	0.7725	-0.141	0	361	258	3
2026-02-12	15:03:24.770	-134.715	-1.05	-24.745	0.786168	-0.097112	0.271084	0.1785	0.783	-0.1365	0	361	258	3
2026-02-12	15:03:24.790	-129.36	-10.815	-30.73	0.808372	-0.137128	0.299632	0.177	0.792	-0.129	0	361	258	3
2026-02-12	15:03:24.810	-91.07	-26.075	-40.425	0.885964	-0.187636	0.433832	0.171	0.804	-0.132	0	337	262	3
2026-02-12	15:03:24.830	-49.035	-33.915	-45.29	0.947696	-0.188856	0.506056	0.1695	0.8025	-0.1185	0	337	262	3
2026-02-12	15:03:24.850	-7.35	-40.915	-48.335	1.001376	-0.16226	0.55266	0.1635	0.8025	-0.108	0	337	262	3
2026-02-12	15:03:24.870	28.245	-45.465	-49.315	1.043588	-0.13664	0.571692	0.156	0.798	-0.108	0	337	262	3
2026-02-12	15:03:24.890	55.3	-47.705	-48.16	1.06872	-0.09516	0.55754	0.15	0.786	-0.108	0	337	262	3
2026-02-12	15:03:24.910	70.77	-48.475	-46.06	1.120448	-0.048312	0.497516	0.141	0.78	-0.099	0	337	262	3
2026-02-12	15:03:24.930	75.53	-49.175	-44.31	1.221708	0.001464	0.452132	0.135	0.78	-0.0885	0	337	262	3
2026-02-12	15:03:24.950	70.91	-45.57	-42.14	1.298812	0.039528	0.443348	0.1335	0.7695	-0.093	0	337	262	3
2026-02-12	15:03:24.970	49.21	-38.325	-35.35	1.288564	0.045384	0.435052	0.138	0.7545	-0.0765	0	337	262	3
2026-02-12	15:03:24.990	15.855	-28.945	-25.445	1.192184	0.01708	0.439932	0.117	0.741	-0.0855	0	337	262	3
2026-02-12	15:03:25.010	-15.225	-19.95	-15.015	1.110688	-0.038796	0.421388	0.126	0.738	-0.084	0	314	283	3
2026-02-12	15:03:25.030	-39.76	-7.455	1.295	1.079456	-0.069052	0.415288	0.1245	0.738	-0.078	0	314	283	3
2026-02-12	15:03:25.050	-47.425	3.675	13.125	1.060912	-0.092964	0.413092	0.123	0.7365	-0.078	0	314	283	3
2026-02-12	15:03:25.070	-48.895	14.77	25.025	1.04554	-0.102236	0.384788	0.1185	0.7365	-0.078	0	314	283	3
2026-02-12	15:03:25.090	-48.685	24.22	36.435	1.04066	-0.120536	0.339892	0.12	0.7455	-0.0795	0	314	283	3
2026-02-12	15:03:25.110	-46.165	31.395	46.34	1.060668	-0.136152	0.303292	0.126	0.7515	-0.0795	0	314	283	3
2026-02-12	15:03:25.130	-40.635	36.715	54.46	1.092388	-0.138592	0.28426	0.1305	0.762	-0.0735	0	314	283	3
2026-02-12	15:03:25.150	-32.095	41.055	60.795	1.106296	-0.138592	0.277428	0.135	0.7725	-0.072	0	314	283	3
2026-02-12	15:03:25.170	-22.12	45.185	65.59	1.097756	-0.127368	0.270108	0.1425	0.78	-0.087	0	314	283	3
2026-02-12	15:03:25.190	-12.04	48.09	69.335	1.078724	-0.136396	0.250832	0.144	0.783	-0.0855	0	314	283	3
2026-02-12	15:03:25.210	-0.385	49.175	71.715	1.092144	-0.138348	0.237412	0.1515	0.7875	-0.0945	0	294	310	3
2026-02-12	15:03:25.230	16.485	49.84	72.31	1.125572	-0.131272	0.247416	0.1545	0.8055	-0.1005	0	294	310	3
2026-02-12	15:03:25.250	28.14	52.43	73.08	1.097756	-0.111508	0.255468	0.1695	0.807	-0.102	0	294	310	3
2026-02-12	15:03:25.270	33.25	54.425	74.06	1.072624	-0.085156	0.249124	0.1845	0.8145	-0.108	0	294	310	3
2026-02-12	15:03:25.290	31.92	55.86	74.83	1.032364	-0.063196	0.230824	0.189	0.8235	-0.1155	0	294	310	3
2026-02-12	15:03:25.310	26.46	55.965	75.53	0.993324	-0.045384	0.205692	0.201	0.8265	-0.123	0	294	310	3
2026-02-12	15:03:25.330	17.78	54.215	75.215	0.942084	-0.030256	0.18666	0.2115	0.8295	-0.1305	0	294	310	3
2026-02-12	15:03:25.350	6.16	51.1	72.8	0.903532	-0.028548	0.189344	0.216	0.834	-0.1335	0	294	310	3
2026-02-12	15:03:25.370	-5.285	47.005	68.6	0.865712	-0.040748	0.201788	0.2235	0.8445	-0.1365	0	294	310	3
2026-02-12	15:03:25.390	-14.805	42.595	62.965	0.833748	-0.045872	0.203252	0.228	0.8445	-0.138	0	294	310	3
2026-02-12	15:03:25.410	-21.595	37.485	55.79	0.808372	-0.05978	0.197396	0.24	0.849	-0.141	0	274	316	3
2026-02-12	15:03:25.430	-25.34	32.13	47.635	0.776164	-0.080764	0.191052	0.246	0.8565	-0.135	0	274	316	3
2026-02-12	15:03:25.450	-22.47	23.275	33.565	0.749568	-0.097356	0.185196	0.2505	0.8595	-0.1455	0	274	316	3
2026-02-12	15:03:25.470	-14.805	16.66	21.875	0.763964	-0.10614	0.192028	0.249	0.8685	-0.141	0	274	316	3
2026-02-12	15:03:25.490	-5.845	10.325	9.03	0.769576	-0.107116	0.203496	0.255	0.8775	-0.138	0	274	316	3
2026-02-12	15:03:25.510	3.955	3.745	-4.27	0.787144	-0.10126	0.220332	0.264	0.876	-0.1395	0	274	316	3
2026-02-12	15:03:25.530	12.11	-2.59	-17.78	0.80764	-0.092232	0.248148	0.261	0.873	-0.1395	0	274	316	3
2026-02-12	15:03:25.550	18.06	-8.19	-31.325	0.824476	-0.09076799	0.253516	0.2565	0.867	-0.138	0	274	316	3
2026-02-12	15:03:25.570	21.735	-14.735	-44.625	0.86132	-0.083448	0.250344	0.255	0.8655	-0.138	0	274	316	3
2026-02-12	15:03:25.590	21.28	-22.085	-57.19	0.908656	-0.075884	0.251808	0.249	0.8625	-0.135	0	274	316	3
2026-02-12	15:03:25.610	19.39	-29.365	-68.95	0.955992	-0.08418	0.269864	0.243	0.8535	-0.135	0	257	303	3
2026-02-12	15:03:25.630	18.655	-35.98	-79.835	1.007964	-0.078568	0.292556	0.234	0.858	-0.1305	0	257	303	3
2026-02-12	15:03:25.650	17.535	-41.65	-89.39	1.043832	-0.077836	0.299144	0.2235	0.834	-0.1335	0	257	303	3
2026-02-12	15:03:25.670	36.47	-48.195	-102.025	1.137528	-0.17446	0.27572	0.2235	0.834	-0.1335	0	257	303	3
2026-02-12	15:03:25.690	61.495	-56.77	-110.915	1.23952	-0.12932	0.304756	0.2085	0.8175	-0.1275	0	257	303	3
2026-02-12	15:03:25.710	77.455	-65.52	-117.67	1.315892	-0.069296	0.36356	0.198	0.7935	-0.117	0	257	303	3
2026-02-12	15:03:25.730	76.825	-71.68	-119.245	1.324188	-0.02196	0.386252	0.189	0.7755	-0.114	0	257	303	3
2026-02-12	15:03:25.750	65.275	-77.525	-117.04	1.328092	0.003172	0.398208	0.171	0.753	-0.114	0	257	303	3
2026-02-12	15:03:25.770	50.715	-81.445	-112.21	1.315648	0.029768	0.410652	0.168	0.741	-0.114	0	257	303	3
2026-02-12	15:03:25.790	35.42	-82.845	-104.65	1.291492	0.049776	0.455304	0.1665	0.7245	-0.096	0	257	303	3
2026-02-12	15:03:25.810	17.57	-75.285	-93.835	1.162904	0.070272	0.520452	0.1545	0.702	-0.093	0	243	294	3
2026-02-12	15:03:25.830	-5.67	-59.885	-78.925	0.95648	0.062708	0.510936	0.1425	0.687	-0.081	0	243	294	3
2026-02-12	15:03:25.850	-30.205	-43.82	-62.3	0.788608	0.035624	0.425048	0.1395	0.6885	-0.078	0	243	294	3
2026-02-12	15:03:25.870	-50.085	-27.965	-48.125	0.792024	0.015616	0.314516	0.1365	0.6765	-0.0615	0	243	294	3
2026-02-12	15:03:25.890	-60.865	-15.47	-40.565	0.924516	0.019276	0.237656	0.1335	0.6765	-0.06	0	243	294	3
2026-02-12	15:03:25.910	-72.03	-5.005	-33.46	0.968192	0.014396	0.188856	0.1305	0.6735	-0.0555	0	243	294	3
2026-02-12	15:03:25.930	-85.995	4.235	-24.29	0.987468	-0.006344	0.177388	0.1275	0.6675	-0.0555	0	243	294	3
2026-02-12	15:03:25.950	-97.65	14.105	-16.03	1.006256	-0.006344	0.206668	0.129	0.663	-0.063	0	243	294	3
2026-02-12	15:03:25.970	-109.025	24.92	-9.555	1.014796	0.04514	0.26596	0.1335	0.6705	-0.0645	0	243	294	3
2026-02-12	15:03:25.990	-130.69	37.975	-3.15	0.99064	0.080764	0.313784	0.132	0.681	-0.0615	0	243	294	3
2026-02-12	15:03:26.010	-160.16	58.345	5.6	0.940376	0.047336	0.349408	0.132	0.681	-0.0615	0	233	299	3
2026-02-12	15:03:26.030	-168.21	66.045	11.375	0.899628	0.04148	0.357216	0.1365	0.693	-0.072	0	233	299	3
2026-02-12	15:03:26.050	-175.91	70.875	18.795	0.873276	0.032696	0.355752	0.1455	0.702	-0.081	0	233	299	3
2026-02-12	15:03:26.070	-181.51	73.465	26.25	0.849608	-0.005856	0.335744	0.153	0.7185	-0.0825	0	233	299	3
2026-02-12	15:03:26.090	-172.935	68.985	37.52	0.819596	-0.037332	0.33672	0.1575	0.729	-0.09	0	233	299	3
2026-02-12	15:03:26.110	-154.07	62.16	42.28	0.83326	-0.022448	0.381616	0.1575	0.744	-0.0915	0	233	299	3
2026-02-12	15:03:26.130	-129.43	56.49	43.75	0.84302	0.006344	0.409676	0.1695	0.774	-0.093	0	233	299	3
2026-02-12	15:03:26.150	-104.755	50.47	42.945	0.851072	0.026352	0.422364	0.1785	0.789	-0.0975	0	233	299	3
2026-02-12	15:03:26.170	-84.665	43.54	40.53	0.8296	0.044164	0.424804	0.1815	0.798	-0.1005	0	233	299	3
2026-02-12	15:03:26.190	-67.165	34.65	36.295	0.791048	0.053436	0.427732	0.1905	0.81	-0.0975	0	233	299	3
2026-02-12	15:03:26.210	-51.485	24.36	31.15	0.747372	0.058804	0.423828	0.1905	0.816	-0.096	0	225	310	3
2026-02-12	15:03:26.230	-38.15	13.23	23.31	0.7198	0.058804	0.420656	0.1905	0.8265	-0.099	0	225	310	3
2026-02-12	15:03:26.250	-30.205	2.905	13.825	0.712724	0.020984	0.42944	0.186	0.8325	-0.1035	0	225	310	3
2026-02-12	15:03:26.270	-19.495	-6.265	4.795	0.724924	-0.012444	0.443836	0.1905	0.84	-0.1005	0	225	310	3
2026-02-12	15:03:26.290	-6.195	-12.915	-3.99	0.746884	-0.043188	0.452864	0.198	0.843	-0.0975	0	225	310	3
2026-02-12	15:03:26.310	12.81	-19.53	-14.175	0.771772	-0.081496	0.451156	0.198	0.843	-0.0975	0	225	310	3
2026-02-12	15:03:26.330	22.68	-22.75	-18.41	0.784948	-0.07905599	0.434808	0.1905	0.834	-0.093	0	225	310	3
2026-02-12	15:03:26.350	28.525	-26.6	-21.735	0.805932	-0.076128	0.423584	0.186	0.825	-0.09	0	225	310	3
2026-02-12	15:03:26.370	31.535	-30.275	-24.43	0.842288	-0.078324	0.440908	0.1875	0.825	-0.0915	0	225	310	3
2026-02-12	15:03:26.390	30.52	-33.775	-25.795	0.868884	-0.061976	0.456524	0.1845	0.8175	-0.084	0	225	310	3
2026-02-12	15:03:26.410	26.18	-37.835	-26.215	0.905972	-0.049044	0.449692	0.183	0.8115	-0.078	0	218	331	3
2026-02-12	15:03:26.430	17.99	-43.015	-26.775	0.95892	-0.04026	0.448228	0.162	0.8025	-0.0825	0	218	331	3
2026-02-12	15:03:26.450	7.91	-47.53	-27.58	1.000644	-0.03782	0.454084	0.165	0.8055	-0.0735	0	218	331	3
2026-02-12	15:03:26.470	-1.085	-51.52	-28.315	1.057496	-0.05002	0.45384	0.168	0.795	-0.0705	0	218	331	3
2026-02-12	15:03:26.490	-8.75	-54.53	-28.35	1.098732	-0.073444	0.440664	0.162	0.798	-0.075	0	218	331	3
2026-02-12	15:03:26.510	-17.815	-57.155	-27.58	1.159	-0.0976	0.414068	0.1485	0.795	-0.0645	0	218	331	3
2026-02-12	15:03:26.530	-21.98	-58.94	-25.165	1.21756	-0.121512	0.395524	0.1455	0.7875	-0.0555	0	218	331	3
2026-02-12	15:03:26.550	-17.185	-58.66	-21.77	1.273192	-0.116876	0.398452	0.138	0.78	-0.0435	0	218	331	3
2026-02-12	15:03:26.570	-9.345	-56.525	-17.955	1.314916	-0.090036	0.420412	0.1335	0.777	-0.03	0	218	331	3
2026-02-12	15:03:26.590	-3.465	-50.68	-13.405	1.295152	-0.077348	0.43676	0.129	0.7785	-0.018	0	218	331	3
2026-02-12	15:03:26.610	0.14	-42.035	-6.58	1.21512	-0.058804	0.437248	0.126	0.78	-0.018	0	212	357	3
2026-02-12	15:03:26.630	-0.875	-31.36	1.4	1.095804	-0.03172	0.406992	0.126	0.78	-0.0195	0	212	357	3
2026-02-12	15:03:26.650	-6.545	-21.175	9.415	0.99186	-0.030256	0.336964	0.123	0.7755	-0.0135	0	212	357	3
2026-02-12	15:03:26.670	-11.865	-15.645	15.96	0.985516	-0.029036	0.262788	0.1215	0.774	-0.0045	0	212	357	3
2026-02-12	15:03:26.690	-17.815	-11.9	19.775	1.003572	-0.024156	0.235704	0.1185	0.78	-0.012	0	212	357	3
2026-02-12	15:03:26.710	-22.715	-6.265	20.86	1.013332	-0.000244	0.260592	0.123	0.783	0	0	212	357	3
2026-02-12	15:03:26.730	-48.51	2.38	20.125	1.032608	-0.002196	0.246928	0.1275	0.7845	0	0	212	357	3
2026-02-12	15:03:26.750	-76.02	7.525	18.725	1.070428	-0.116632	0.234972	0.123	0.7905	0.0015	0	212	357	3
2026-02-12	15:03:26.770	-73.885	13.195	15.715	1.102392	-0.149084	0.201544	0.1185	0.7965	0	0	212	357	3
2026-02-12	15:03:26.790	-60.655	17.08	14.595	1.117764	-0.122	0.16958	0.123	0.801	-0.0015	0	212	357	3
2026-02-12	15:03:26.810	-48.3	19.915	15.575	1.085556	-0.115656	0.153964	0.1215	0.8115	0.003	0	207	367	3
2026-02-12	15:03:26.830	-36.05	20.265	19.075	1.042124	-0.108092	0.149084	0.1155	0.8175	0.006	0	207	367	3
2026-02-12	15:03:26.850	-26.495	19.6	23.8	0.9882	-0.105896	0.153232	0.1275	0.822	0.0015	0	207	367	3
2026-02-12	15:03:26.870	-18.585	17.85	29.085	0.959896	-0.118096	0.162992	0.1275	0.816	0.0045	0	207	367	3
2026-02-12	15:03:26.890	-10.01	15.54	34.335	0.937204	-0.122732	0.161772	0.129	0.8235	0.003	0	207	367	3
2026-02-12	15:03:26.910	-1.085	12.495	37.8	0.936716	-0.10614	0.164944	0.1365	0.8295	0.0045	0	207	367	3
2026-02-12	15:03:26.930	5.74	9.31	38.675	0.952332	-0.108336	0.178364	0.123	0.831	-0.006	0	207	367	3
2026-02-12	15:03:26.950	14.455	7.945	35.385	0.943304	-0.148352	0.184952	0.135	0.837	0	0	207	367	3
2026-02-12	15:03:26.970	22.61	8.12	32.2	0.92232	-0.173972	0.177388	0.1365	0.84	-0.0045	0	207	367	3
2026-02-12	15:03:26.990	31.395	9.03	28.35	0.906948	-0.199592	0.16348	0.141	0.849	-0.0075	0	207	367	3
2026-02-12	15:03:27.010	39.935	10.605	24.71	0.861564	-0.205448	0.142008	0.1425	0.8535	-0.006	0	203	345	3
2026-02-12	15:03:27.030	45.71	11.305	21.98	0.820084	-0.1891	0.121512	0.141	0.8535	-0.0075	0	203	345	3
2026-02-12	15:03:27.050	49.385	10.045	19.075	0.786168	-0.174704	0.106628	0.141	0.8535	-0.009	0	203	345	3
2026-02-12	15:03:27.070	52.185	7.525	15.68	0.774212	-0.167872	0.113704	0.1485	0.855	-0.012	0	203	345	3
2026-02-12	15:03:27.090	52.57	4.83	12.46	0.76006	-0.159088	0.138348	0.144	0.855	-0.0135	0	203	345	3
2026-02-12	15:03:27.110	48.615	1.19	8.47	0.750544	-0.14884	0.159332	0.1425	0.855	-0.015	0	203	345	3
2026-02-12	15:03:27.130	40.39	-3.045	4.2	0.752252	-0.165188	0.173484	0.147	0.8595	-0.0255	0	203	345	3
2026-02-12	15:03:27.150	33.53	-8.4	0.14	0.712724	-0.207888	0.143472	0.153	0.846	-0.03	0	203	345	3
2026-02-12	15:03:27.170	28.245	-17.57	-6.44	0.784948	-0.173972	0.112728	0.15	0.8505	-0.03	0	203	345	3
2026-02-12	15:03:27.190	16.275	-24.815	-14.875	0.87596	-0.175924	0.109556	0.147	0.8505	-0.027	0	203	345	3
2026-02-12	15:03:27.210	1.855	-30.45	-22.68	0.932812	-0.216184	0.13054	0.1455	0.8445	-0.024	0	200	305	3
2026-02-12	15:03:27.230	-0.805	-36.12	-29.505	1.044808	-0.24278	0.181048	0.144	0.843	-0.024	0	200	305	3
2026-02-12	15:03:27.250	0	-37.975	-33.81	1.071648	-0.227408	0.205204	0.1455	0.846	-0.024	0	200	305	3
2026-02-12	15:03:27.270	2.135	-40.775	-34.335	1.08092	-0.220088	0.214476	0.1275	0.8445	-0.015	0	200	305	3
2026-02-12	15:03:27.290	7.315	-46.445	-32.55	1.138992	-0.20862	0.22326	0.1245	0.8385	-0.006	0	200	305	3
2026-02-12	15:03:27.310	15.925	-51.17	-27.685	1.168516	-0.215452	0.238632	0.126	0.8325	-0.0075	0	200	305	3
2026-02-12	15:03:27.330	34.405	-56.385	-21.945	1.195112	-0.229848	0.257664	0.12	0.8235	0.0015	0	200	305	3
2026-02-12	15:03:27.350	66.395	-61.635	-17.255	1.250988	-0.209596	0.333548	0.1215	0.828	0.0045	0	200	305	3
2026-02-12	15:03:27.370	120.155	-62.265	-12.67	1.26514	-0.12566	0.393084	0.108	0.8175	0.0105	0	200	305	3
2026-02-12	15:03:27.390	150.15	-64.925	-11.585	1.299544	-0.126392	0.402356	0.105	0.8175	0.015	0	200	305	3
2026-02-12	15:03:27.410	184.45	-67.62	-11.97	1.425204	-0.10858	0.467504	0.0945	0.813	0.0195	0	199	272	3
2026-02-12	15:03:27.430	215.005	-60.935	-10.64	1.534272	-0.0305	0.515572	0.0915	0.798	0.0165	0	199	272	3
2026-02-12	15:03:27.450	219.45	-44.1	-7.455	1.536712	0.089548	0.515084	0.0945	0.7845	0.018	0	199	272	3
2026-02-12	15:03:27.470	186.13	-22.225	-3.29	1.415444	0.149572	0.436028	0.0915	0.7815	0.021	0	199	272	3
2026-02-12	15:03:27.490	131.705	0.42	1.505	1.262456	0.119316	0.337696	0.0885	0.771	0.0165	0	199	272	3
2026-02-12	15:03:27.510	87.5	22.995	6.825	1.136308	0.094916	0.271084	0.0885	0.765	0.0135	0	199	272	3
2026-02-12	15:03:27.530	57.19	44.24	12.11	1.0492	0.103212	0.191296	0.093	0.7725	0.003	0	199	272	3
2026-02-12	15:03:27.550	30.17	62.475	19.425	0.985028	0.14762	0.119804	0.0945	0.7635	-0.003	0	199	272	3
2026-02-12	15:03:27.570	-4.445	76.72	25.375	0.943548	0.2135	0.06734399	0.09	0.7665	-0.012	0	199	272	3
2026-02-12	15:03:27.590	-77.665	88.48	29.68	0.923052	0.269376	-0.023424	0.09	0.7665	-0.012	0	199	272	3
2026-02-12	15:03:27.610	-132.195	88.97	29.82	0.927932	0.25742	-0.06832	0.1005	0.7815	-0.0255	0	201	263	3
2026-02-12	15:03:27.630	-175.315	88.2	28.84	0.973804	0.156404	-0.031476	0.111	0.7995	-0.042	0	201	263	3
2026-02-12	15:03:27.650	-216.615	92.19	32.515	0.967704	0.08052	0.087352	0.1185	0.813	-0.045	0	201	263	3
2026-02-12	15:03:27.670	-264.355	97.09	42.63	0.9089	-0.016836	0.143228	0.129	0.834	-0.0435	0	201	263	3
2026-02-12	15:03:27.690	-291.515	99.085	50.82	0.877668	-0.152256	0.14152	0.1335	0.843	-0.042	0	201	263	3
2026-02-12	15:03:27.710	-287.21	99.435	56.805	0.827648	-0.162016	0.140788	0.1485	0.8685	-0.0405	0	201	263	3
2026-02-12	15:03:27.730	-248.64	99.015	58.065	0.797636	-0.203984	0.144692	0.159	0.894	-0.03	0	201	263	3
2026-02-12	15:03:27.750	-180.005	100.87	54.46	0.747616	-0.212036	0.148108	0.1725	0.9105	-0.018	0	201	263	3
2026-02-12	15:03:27.770	-109.305	100.87	48.23	0.688812	-0.191784	0.127856	0.1785	0.927	-0.0105	0	201	263	3
2026-02-12	15:03:27.790	-39.83	96.04	35.525	0.661484	-0.195688	0.101016	0.1965	0.942	-0.003	0	201	263	3
2026-02-12	15:03:27.810	15.33	86.66	17.29	0.619272	-0.1281	0.047336	0.1995	0.951	-0.012	0	209	246	3
2026-02-12	15:03:27.830	48.195	75.145	-1.05	0.584136	-0.071492	0.062464	0.213	0.96	-0.0285	0	209	246	3
2026-02-12	15:03:27.850	60.62	62.055	-17.01	0.588772	-0.05246	0.168604	0.219	0.9525	-0.039	0	209	246	3
2026-02-12	15:03:27.870	38.71	46.445	-26.215	0.586088	-0.11224	0.167872	0.222	0.945	-0.0495	0	209	246	3
2026-02-12	15:03:27.890	10.22	28.07	-32.41	0.605852	-0.262788	0.151036	0.228	0.945	-0.0555	0	209	246	3
2026-02-12	15:03:27.910	-13.72	12.705	-37.45	0.645868	-0.36966	0.187148	0.2145	0.939	-0.063	0	209	246	3
2026-02-12	15:03:27.930	-38.15	-3.675	-44.17	0.678564	-0.28548	0.310856	0.222	0.936	-0.069	0	209	246	3
2026-02-12	15:03:27.950	-73.535	-11.935	-49.735	0.769576	-0.252052	0.526308	0.2145	0.9315	-0.0645	0	209	246	3
2026-02-12	15:03:27.970	-87.745	-4.41	-52.745	0.847168	-0.4026	0.613904	0.207	0.9255	-0.0585	0	209	246	3
2026-02-12	15:03:27.990	-76.195	5.18	-53.865	0.838384	-0.440176	0.57828	0.198	0.927	-0.045	0	209	246	3
2026-02-12	15:03:28.010	-75.88	8.575	-50.925	0.79788	-0.387472	0.51362	0.195	0.9255	-0.0405	0	220	234	3
2026-02-12	15:03:28.030	-89.88	5.25	-44.205	0.81008	-0.424316	0.537044	0.192	0.9285	-0.0315	0	220	234	3
2026-02-12	15:03:28.050	-101.465	0.455	-34.09	0.821304	-0.462136	0.576084	0.189	0.933	-0.021	0	220	234	3
2026-02-12	15:03:28.070	-102.725	-4.725	-24.71	0.822036	-0.464088	0.584868	0.183	0.9315	-0.0135	0	220	234	3
2026-02-12	15:03:28.090	-88.375	-9.485	-19.705	0.876448	-0.467016	0.575596	0.1845	0.9285	-0.009	0	220	234	3
2026-02-12	15:03:28.110	-61.81	-14.49	-21.945	1.019676	-0.483364	0.554368	0.1905	0.93	-0.006	0	220	234	3
2026-02-12	15:03:28.130	-35.525	-20.51	-29.155	1.185108	-0.499224	0.492392	0.177	0.9285	0.0135	0	220	234	3
2026-02-12	15:03:28.150	-14.84	-25.69	-36.225	1.27002	-0.521184	0.363316	0.1725	0.93	0.009	0	220	234	3
2026-02-12	15:03:28.170	8.96	-29.645	-41.44	1.211704	-0.509228	0.269132	0.18	0.9315	0.015	0	220	234	3
2026-02-12	15:03:28.190	24.325	-35.98	-41.335	1.113128	-0.470188	0.201788	0.1695	0.9195	0.0225	0	220	234	3
2026-02-12	15:03:28.210	26.46	-42.595	-37.065	1.037	-0.427976	0.164456	0.1695	0.9135	0.018	0	234	255	3
2026-02-12	15:03:28.230	36.4	-49.42	-24.22	1.021628	-0.470432	0.224236	0.1695	0.9135	0.018	0	234	255	3
2026-02-12	15:03:28.250	50.925	-49.07	-12.215	1.039684	-0.468236	0.244488	0.159	0.9075	0.027	0	234	255	3
2026-02-12	15:03:28.270	68.705	-46.235	-1.54	1.103856	-0.42334	0.249124	0.1485	0.9045	0.0345	0	234	255	3
2026-02-12	15:03:28.290	82.95	-39.2	5.6	1.148752	-0.379664	0.245708	0.1485	0.9015	0.03	0	234	255	3
2026-02-12	15:03:28.310	87.85	-29.12	12.53	1.132404	-0.338916	0.222528	0.15	0.8955	0.0255	0	234	255	3
2026-02-12	15:03:28.330	81.795	-19.705	17.64	1.088484	-0.27572	0.189832	0.144	0.894	0.027	0	234	255	3
2026-02-12	15:03:28.350	62.475	-11.865	20.16	1.011136	-0.22448	0.175924	0.144	0.8895	0.0255	0	234	255	3
2026-02-12	15:03:28.370	34.125	-6.58	21.595	0.933544	-0.193248	0.172264	0.1515	0.8955	0.03	0	234	255	3
2026-02-12	15:03:28.390	3.255	-4.69	22.19	0.875716	-0.18788	0.175436	0.15	0.8925	0.0195	0	234	255	3
2026-02-12	15:03:28.410	-20.195	-5.425	20.755	0.847412	-0.21472	0.19398	0.15	0.8955	0.021	0	247	276	3
2026-02-12	15:03:28.430	-37.24	-8.155	17.325	0.820816	-0.244488	0.217892	0.1515	0.9015	0.0255	0	247	276	3
2026-02-12	15:03:28.450	-40.215	-10.955	13.79	0.765916	-0.27938	0.244	0.1515	0.9045	0.033	0	247	276	3
2026-02-12	15:03:28.470	-29.96	-13.265	11.55	0.735904	-0.274988	0.235216	0.1515	0.9135	0.0405	0	247	276	3
2026-02-12	15:03:28.490	-14.98	-15.54	8.68	0.763476	-0.24888	0.216184	0.156	0.9195	0.0465	0	247	276	3
2026-02-12	15:03:28.510	-0.945	-15.26	6.37	0.785924	-0.274988	0.221796	0.1605	0.9225	0.045	0	247	276	3
2026-02-12	15:03:28.530	11.48	-14.035	7.525	0.754204	-0.301584	0.209108	0.162	0.9255	0.0405	0	247	276	3
2026-02-12	15:03:28.550	19.705	-15.12	10.43	0.736392	-0.267424	0.20008	0.15	0.921	0.051	0	247	276	3
2026-02-12	15:03:28.570	14.175	-17.745	11.83	0.73566	-0.214476	0.198372	0.159	0.9225	0.048	0	247	276	3
2026-02-12	15:03:28.590	1.925	-21.665	10.64	0.736148	-0.201056	0.233508	0.165	0.9225	0.054	0	247	276	3
2026-02-12	15:03:28.610	-9.73	-24.115	7.56	0.73444	-0.212768	0.247416	0.165	0.927	0.051	0	256	277	3
2026-02-12	15:03:28.630	-21.315	-25.725	2.695	0.722484	-0.250344	0.249124	0.156	0.927	0.051	0	256	277	3
2026-02-12	15:03:28.650	-35.455	-29.225	-7.805	0.787876	-0.339648	0.246928	0.156	0.9285	0.0615	0	256	277	3
2026-02-12	15:03:28.670	-31.29	-29.26	-15.89	0.842532	-0.412848	0.244244	0.156	0.927	0.0675	0	256	277	3
2026-02-12	15:03:28.690	-17.255	-27.055	-22.61	0.837896	-0.459696	0.230824	0.153	0.9195	0.0765	0	256	277	3
2026-02-12	15:03:28.710	4.9	-25.13	-26.74	0.845948	-0.475068	0.217648	0.147	0.9195	0.0735	0	256	277	3
2026-02-12	15:03:28.730	29.435	-24.08	-29.19	0.863028	-0.467748	0.216184	0.144	0.9255	0.0675	0	256	277	3
2026-02-12	15:03:28.750	49.105	-23.555	-30.205	0.92232	-0.4453	0.233508	0.1455	0.9195	0.087	0	256	277	3
2026-02-12	15:03:28.770	59.045	-22.995	-30.485	0.98454	-0.438468	0.230824	0.1395	0.9105	0.0825	0	256	277	3
2026-02-12	15:03:28.790	60.9	-22.26	-30.555	1.016748	-0.427244	0.221308	0.138	0.912	0.0825	0	256	277	3
2026-02-12	15:03:28.810	59.43	-22.995	-30.345	1.031632	-0.41724	0.207156	0.1335	0.897	0.0855	0	259	268	3
2026-02-12	15:03:28.830	60.165	-26.25	-31.395	1.12728	-0.40748	0.20862	0.1335	0.9045	0.0795	0	259	268	3
2026-02-12	15:03:28.850	61.32	-28.84	-33.915	1.214876	-0.3843	0.199836	0.135	0.897	0.0765	0	259	268	3
2026-02-12	15:03:28.870	61.39	-32.375	-33.6	1.22488	-0.371368	0.198372	0.135	0.897	0.0765	0	259	268	3
2026-02-12	15:03:28.890	74.655	-35.84	-32.795	1.287588	-0.333304	0.258884	0.129	0.885	0.0735	0	259	268	3
2026-02-12	15:03:28.910	89.705	-35.035	-31.99	1.313452	-0.27694	0.247416	0.12	0.873	0.0735	0	259	268	3
2026-02-12	15:03:28.930	93.8	-33.845	-28.14	1.261236	-0.256444	0.211548	0.1125	0.8685	0.075	0	259	268	3
2026-02-12	15:03:28.950	97.86	-34.965	-24.43	1.245132	-0.238632	0.202276	0.108	0.8655	0.075	0	259	268	3
2026-02-12	15:03:28.970	104.825	-36.19	-25.235	1.283684	-0.084668	0.192516	0.105	0.8715	0.072	0	259	268	3
2026-02-12	15:03:28.990	96.04	-32.445	-29.4	1.250012	-0.027328	0.203008	0.105	0.861	0.0705	0	259	268	3
2026-02-12	15:03:29.010	87.465	-24.325	-32.48	1.22854	-0.081496	0.234484	0.108	0.8625	0.069	0	257	256	3
2026-02-12	15:03:29.030	82.32	-11.27	-32.935	1.199748	-0.1403	0.228384	0.1035	0.858	0.069	0	257	256	3
2026-02-12	15:03:29.050	82.985	6.265	-28.28	1.148996	-0.184708	0.198616	0.105	0.843	0.0645	0	257	256	3
2026-02-12	15:03:29.070	83.37	29.785	-15.96	1.051396	-0.160552	0.139568	0.096	0.831	0.057	0	257	256	3
2026-02-12	15:03:29.090	78.05	48.335	-0.91	0.944036	-0.118096	0.07686	0.0975	0.831	0.0495	0	257	256	3
2026-02-12	15:03:29.110	66.85	56.14	10.64	0.900604	-0.060268	0.081008	0.1035	0.831	0.042	0	257	256	3
2026-02-12	15:03:29.130	50.365	61.355	19.145	0.907436	0	0.100528	0.102	0.831	0.0285	0	257	256	3
2026-02-12	15:03:29.150	20.02	67.34	25.48	0.885964	0.025132	0.153232	0.105	0.837	0.0195	0	257	256	3
2026-02-12	15:03:29.170	-19.075	73.36	29.26	0.947452	0.049532	0.28426	0.111	0.84	0.021	0	257	256	3
2026-02-12	15:03:29.190	-56.525	86.45	28.7	1.005524	0.083936	0.351848	0.1035	0.846	0.0075	0	257	256	3
2026-02-12	15:03:29.210	-85.645	103.04	22.785	0.942328	0.227408	0.24888	0.1185	0.8505	0	0	255	242	3
2026-02-12	15:03:29.230	-111.23	111.44	15.12	0.823256	0.27694	0.141276	0.126	0.861	-0.009	0	255	242	3
2026-02-12	15:03:29.250	-124.565	110.775	12.81	0.760792	0.161284	0.13542	0.129	0.861	-0.015	0	255	242	3
2026-02-12	15:03:29.270	-109.76	104.23	15.47	0.74176	0.046116	0.225212	0.144	0.8745	-0.027	0	255	242	3
2026-02-12	15:03:29.290	-81.06	88.13	23.415	0.788852	-0.0183	0.363072	0.1395	0.882	-0.0345	0	255	242	3
2026-02-12	15:03:29.310	-73.64	79.065	29.925	0.857904	-0.085644	0.378932	0.153	0.8895	-0.036	0	255	242	3
2026-02-12	15:03:29.330	-55.93	71.33	32.795	0.905484	-0.049532	0.368928	0.168	0.9015	-0.0375	0	255	242	3
2026-02-12	15:03:29.350	-37.485	65.555	32.9	0.923784	0.00488	0.338184	0.174	0.9075	-0.0435	0	255	242	3
2026-02-12	15:03:29.370	-26.32	62.335	29.54	0.920856	0.047824	0.314272	0.177	0.909	-0.051	0	255	242	3
2026-02-12	15:03:29.390	-28.525	59.185	23.66	0.91378	0.022692	0.249856	0.189	0.9165	-0.054	0	255	242	3
2026-02-12	15:03:29.410	-34.72	55.72	17.955	0.848632	-0.022692	0.19276	0.1875	0.9285	-0.0555	0	253	235	3
2026-02-12	15:03:29.430	-40.775	48.615	12.075	0.797392	0.018056	0.170068	0.195	0.9255	-0.048	0	253	235	3
2026-02-12	15:03:29.450	-50.68	40.565	3.675	0.770796	0.042944	0.14884	0.1995	0.9255	-0.0555	0	253	235	3
2026-02-12	15:03:29.470	-60.515	31.115	-5.775	0.745176	-0.020496	0.137616	0.213	0.942	-0.0585	0	253	235	3
2026-02-12	15:03:29.490	-62.195	21.945	-14.735	0.711504	-0.127612	0.1647	0.213	0.9375	-0.0585	0	253	235	3
2026-02-12	15:03:29.510	-40.705	8.54	-31.815	0.682224	-0.099064	0.235216	0.213	0.9375	-0.0585	0	253	235	3
2026-02-12	15:03:29.530	-29.47	-1.26	-45.255	0.672952	-0.073688	0.293532	0.21	0.933	-0.051	0	253	235	3
2026-02-12	15:03:29.550	-18.76	-8.645	-58.975	0.688568	-0.046604	0.396256	0.2025	0.9315	-0.0435	0	253	235	3
2026-02-12	15:03:29.570	-0.735	-9.835	-74.48	0.714188	-0.024644	0.491172	0.1965	0.9285	-0.045	0	253	235	3
2026-02-12	15:03:29.590	0.105	-16.66	-85.61	0.759328	-0.099796	0.491904	0.195	0.924	-0.048	0	253	235	3
2026-02-12	15:03:29.610	-5.355	-26.425	-91	0.803736	-0.225456	0.408212	0.18	0.9195	-0.0495	0	251	239	3
2026-02-12	15:03:29.630	-8.26	-38.29	-95.865	0.836676	-0.249856	0.33184	0.171	0.9075	-0.033	0	251	239	3
2026-02-12	15:03:29.650	-8.575	-52.465	-100.695	0.90036	-0.25376	0.284992	0.171	0.897	-0.0285	0	251	239	3
2026-02-12	15:03:29.670	-2.905	-65.835	-104.545	1.00528	-0.269864	0.27206	0.1575	0.882	-0.0345	0	251	239	3
2026-02-12	15:03:29.690	8.645	-76.86	-105	1.120936	-0.252052	0.288652	0.1485	0.864	-0.0165	0	251	239	3
2026-02-12	15:03:29.710	22.82	-85.05	-100.52	1.241228	-0.203252	0.349652	0.1365	0.8655	-0.0105	0	251	239	3
2026-02-12	15:03:29.730	33.845	-88.76	-93.835	1.351028	-0.142984	0.410652	0.1365	0.8655	-0.0105	0	251	239	3
2026-02-12	15:03:29.750	33.285	-87.115	-85.4	1.372012	-0.106384	0.443836	0.1245	0.8415	0.006	0	251	239	3
2026-02-12	15:03:29.770	24.99	-81.935	-73.815	1.325408	-0.095404	0.426024	0.108	0.8085	0.024	0	251	239	3
2026-02-12	15:03:29.790	12.425	-77.56	-60.165	1.32614	-0.083448	0.380884	0.0975	0.792	0.033	0	251	239	3
2026-02-12	15:03:29.810	-3.64	-72.38	-46.585	1.318088	-0.080276	0.35136	0.09	0.7845	0.0405	0	250	256	3
2026-02-12	15:03:29.830	-20.545	-65.52	-33.495	1.255624	-0.079544	0.332816	0.096	0.783	0.045	0	250	256	3
2026-02-12	15:03:29.850	-37.765	-59.22	-20.755	1.20048	-0.091256	0.308904	0.087	0.786	0.0525	0	250	256	3
2026-02-12	15:03:29.870	-52.01	-53.06	-8.015	1.12362	-0.115656	0.28304	0.0855	0.7695	0.057	0	250	256	3
2026-02-12	15:03:29.890	-60.69	-48.09	3.22	1.037	-0.131516	0.262056	0.078	0.777	0.084	0	250	256	3
2026-02-12	15:03:29.910	-64.155	-43.365	12.39	0.964532	-0.132736	0.263764	0.0825	0.774	0.075	0	250	256	3
2026-02-12	15:03:29.930	-55.685	-35.28	19.88	0.927444	-0.161528	0.271084	0.0855	0.78	0.0945	0	250	256	3
2026-02-12	15:03:29.950	-43.085	-29.75	22.155	0.951844	-0.190808	0.265472	0.0825	0.7845	0.099	0	250	256	3
2026-02-12	15:03:29.970	-27.3	-25.165	22.015	1.025776	-0.21106	0.26474	0.0795	0.786	0.111	0	250	256	3
2026-02-12	15:03:29.990	-15.225	-18.725	21.385	1.034316	-0.216916	0.267424	0.0795	0.7875	0.1155	0	250	256	3
2026-02-12	15:03:30.010	-4.83	-11.9	21.385	1.020652	-0.219112	0.26108	0.081	0.792	0.114	0	249	276	3
2026-02-12	15:03:30.030	3.815	-5.355	21.665	1.040904	-0.188368	0.236436	0.0825	0.807	0.126	0	249	276	3
2026-02-12	15:03:30.050	5.25	1.715	22.995	1.051152	-0.150792	0.214232	0.087	0.804	0.1215	0	249	276	3
2026-02-12	15:03:30.070	-2.765	8.295	26.355	1.014308	-0.122488	0.199104	0.081	0.801	0.1185	0	249	276	3
2026-02-12	15:03:30.090	-14.245	12.495	31.22	0.987956	-0.126392	0.195932	0.09	0.804	0.1155	0	249	276	3
2026-02-12	15:03:30.110	-20.44	15.26	35.84	1.003084	-0.135908	0.212036	0.09	0.8175	0.117	0	249	276	3
2026-02-12	15:03:30.130	-21.98	17.535	39.445	1.021872	-0.130052	0.22082	0.102	0.819	0.1215	0	249	276	3
2026-02-12	15:03:30.150	-31.08	20.79	45.675	0.958432	-0.133224	0.191052	0.099	0.8265	0.1185	0	249	276	3
2026-02-12	15:03:30.170	-36.995	19.355	48.44	0.93574	-0.149328	0.163968	0.102	0.8325	0.1155	0	249	276	3
2026-02-12	15:03:30.190	-40.635	15.47	49.035	0.906216	-0.16226	0.15372	0.1005	0.843	0.111	0	249	276	3
2026-02-12	15:03:30.210	-39.69	10.395	46.97	0.88938	-0.188612	0.158356	0.1005	0.849	0.114	0	244	280	3
2026-02-12	15:03:30.230	-31.325	5.95	43.54	0.856928	-0.223504	0.172752	0.105	0.8505	0.1185	0	244	280	3
2026-02-12	15:03:30.250	-14.77	2.31	39.305	0.83326	-0.255468	0.18666	0.108	0.864	0.1245	0	244	280	3
2026-02-12	15:03:30.270	6.37	-0.315	34.685	0.823988	-0.262544	0.190808	0.1095	0.8625	0.117	0	244	280	3
2026-02-12	15:03:30.290	27.02	-2.45	29.575	0.821548	-0.2562	0.174948	0.117	0.873	0.1215	0	244	280	3
2026-02-12	15:03:30.310	46.095	-4.62	24.675	0.802028	-0.254248	0.162016	0.114	0.876	0.126	0	244	280	3
2026-02-12	15:03:30.330	64.785	-7.14	20.195	0.83082	-0.245708	0.152744	0.1125	0.8775	0.117	0	244	280	3
2026-02-12	15:03:30.350	80.115	-9.38	15.19	0.879376	-0.217404	0.138348	0.1185	0.885	0.1155	0	244	280	3
2026-02-12	15:03:30.370	86.695	-11.095	10.08	0.945256	-0.198128	0.108092	0.12	0.885	0.1125	0	244	280	3
2026-02-12	15:03:30.390	84.595	-14.49	5.565	1.026508	-0.201788	0.066124	0.117	0.885	0.108	0	244	280	3
2026-02-12	15:03:30.410	75.39	-19.635	1.365	1.142652	-0.204228	0.06954	0.1185	0.8865	0.102	0	237	264	3
2026-02-12	15:03:30.430	58.17	-25.095	-1.12	1.292468	-0.184464	0.101016	0.1245	0.8895	0.0975	0	237	264	3
2026-02-12	15:03:30.450	39.165	-25.935	-4.2	1.383236	-0.16836	0.144936	0.1245	0.8925	0.0975	0	237	264	3
2026-02-12	15:03:30.470	21.14	-22.61	-4.235	1.405684	-0.16104	0.13542	0.1245	0.882	0.1095	0	237	264	3
2026-02-12	15:03:30.490	5.11	-19.67	-6.09	1.44814	-0.146644	0.138836	0.1215	0.8895	0.105	0	237	264	3
2026-02-12	15:03:30.510	-4.305	-14.945	-10.185	1.472052	-0.060756	0.195932	0.1275	0.888	0.108	0	237	264	3
2026-02-12	15:03:30.530	-21.945	-7.77	-19.775	1.397144	0.054168	0.182756	0.1185	0.8835	0.1185	0	237	264	3
2026-02-12	15:03:30.550	-46.2	-4.27	-29.96	1.313208	0.04148	0.106872	0.114	0.885	0.1065	0	237	264	3
2026-02-12	15:03:30.570	-20.09	6.79	-51.24	1.247572	-0.061244	0.360144	0.1095	0.8775	0.1155	0	237	264	3
2026-02-12	15:03:30.590	38.64	23.695	-69.09	1.121424	0.021472	0.652212	0.111	0.8685	0.117	0	237	264	3
2026-02-12	15:03:30.610	48.79	32.095	-71.435	1.057008	-0.031476	0.65636	0.1065	0.855	0.111	0	232	244	3
2026-02-12	15:03:30.630	26.985	40.145	-65.8	0.995032	-0.165432	0.53802	0.1005	0.849	0.1035	0	232	244	3
2026-02-12	15:03:30.650	24.92	46.41	-60.97	0.965752	-0.243756	0.417484	0.1005	0.849	0.105	0	232	244	3
2026-02-12	15:03:30.670	56.21	51.765	-52.64	0.964044	-0.241804	0.354776	0.099	0.8385	0.0885	0	232	244	3
2026-02-12	15:03:30.690	95.165	59.955	-42.525	0.969412	-0.12932	0.284016	0.0945	0.831	0.0855	0	232	244	3
2026-02-12	15:03:30.710	108.64	66.92	-31.43	0.981856	0.062708	0.166408	0.093	0.825	0.075	0	232	244	3
2026-02-12	15:03:30.730	81.865	71.995	-22.61	0.966972	0.244488	0.060024	0.0975	0.816	0.0525	0	232	244	3
2026-02-12	15:03:30.750	28.175	75.6	-15.785	0.925248	0.277916	-0.023668	0.09	0.81	0.0465	0	232	244	3
2026-02-12	15:03:30.770	-23.275	76.615	-8.995	0.873276	0.199348	-0.087596	0.093	0.798	0.03	0	232	244	3
2026-02-12	15:03:30.790	-78.645	71.855	0.28	0.782508	0.082228	-0.105164	0.093	0.798	0.03	0	232	244	3
2026-02-12	15:03:30.810	-111.195	65.94	9.94	0.754204	-0.00366	-0.027572	0.1005	0.8085	0.021	0	230	236	3
2026-02-12	15:03:30.830	-140.7	60.025	24.5	0.724192	-0.078812	0.049776	0.1095	0.825	0.009	0	230	236	3
2026-02-12	15:03:30.850	-160.65	52.115	40.53	0.710284	-0.15738	0.138104	0.111	0.828	0.0045	0	230	236	3
2026-02-12	15:03:30.870	-156.135	45.08	52.885	0.732	-0.220576	0.253272	0.1125	0.8265	0.006	0	230	236	3
2026-02-12	15:03:30.890	-126.77	43.19	61.285	0.733708	-0.233752	0.367464	0.117	0.8565	0.012	0	230	236	3
2026-02-12	15:03:30.910	-81.445	45.395	65.1	0.7381	-0.171044	0.462624	0.1245	0.8565	0.018	0	230	236	3
2026-02-12	15:03:30.930	-35.875	51.31	63	0.682712	-0.079544	0.442616	0.138	0.87	0.0195	0	230	236	3
2026-02-12	15:03:30.950	-6.055	52.115	58.24	0.584868	-0.027572	0.32452	0.1455	0.8925	0.0135	0	230	236	3
2026-02-12	15:03:30.970	12.355	44.485	52.815	0.510692	-0.034892	0.210084	0.15	0.8865	0.0045	0	230	236	3
2026-02-12	15:03:30.990	34.055	25.865	45.465	0.45628	-0.095648	0.143228	0.147	0.903	0	0	230	236	3
2026-02-12	15:03:31.010	63.49	3.99	36.155	0.492148	-0.124928	0.171288	0.1545	0.903	-0.0015	0	234	230	3
2026-02-12	15:03:31.030	79.835	-11.62	27.51	0.533872	-0.061	0.236192	0.1635	0.9075	-0.012	0	234	230	3
2026-02-12	15:03:31.050	82.565	-22.575	19.075	0.541192	-0.007808	0.310856	0.1635	0.909	-0.0225	0	234	230	3
2026-02-12	15:03:31.070	76.65	-31.605	10.465	0.582428	0.042456	0.399672	0.165	0.909	-0.024	0	234	230	3
2026-02-12	15:03:31.090	68.67	-38.29	0.455	0.648552	0.07124799	0.454084	0.168	0.9015	-0.0135	0	234	230	3
2026-02-12	15:03:31.110	59.185	-43.435	-10.045	0.762012	0.056364	0.491172	0.1605	0.9	-0.027	0	234	230	3
2026-02-12	15:03:31.130	44.555	-46.725	-19.565	0.877912	0.010248	0.51728	0.1545	0.891	-0.021	0	234	230	3
2026-02-12	15:03:31.150	22.085	-49.56	-25.095	0.974048	-0.045384	0.533872	0.156	0.8895	-0.024	0	234	230	3
2026-02-12	15:03:31.170	1.505	-51.87	-28.035	1.079944	-0.102236	0.543876	0.153	0.885	-0.0165	0	234	230	3
2026-02-12	15:03:31.190	-11.13	-52.92	-29.47	1.125084	-0.119072	0.54046	0.138	0.8805	-0.0075	0	234	230	3
2026-02-12	15:03:31.210	-17.535	-54.285	-29.19	1.139236	-0.156892	0.552172	0.1395	0.8805	0	0	243	246	3
2026-02-12	15:03:31.230	-29.785	-57.05	-26.775	1.147776	-0.101016	0.548268	0.138	0.8745	0.009	0	243	246	3
2026-02-12	15:03:31.250	-58.59	-60.97	-24.745	1.13338	-0.115656	0.515328	0.1305	0.8715	0.021	0	243	246	3
2026-02-12	15:03:31.270	-78.33	-66.045	-27.195	1.159244	-0.19398	0.492148	0.1215	0.876	0.0315	0	243	246	3
2026-02-12	15:03:31.290	-70.98	-71.26	-33.74	1.233908	-0.255468	0.493368	0.12	0.879	0.039	0	243	246	3
2026-02-12	15:03:31.310	-53.025	-73.745	-41.44	1.297104	-0.289872	0.545096	0.108	0.864	0.051	0	243	246	3
2026-02-12	15:03:31.330	-38.92	-69.09	-46.655	1.33834	-0.39162	0.64294	0.1125	0.864	0.063	0	243	246	3
2026-02-12	15:03:31.350	-23.835	-54.215	-44.38	1.330044	-0.49898	0.668316	0.108	0.861	0.078	0	243	246	3
2026-02-12	15:03:31.370	0	-35.385	-35.385	1.323944	-0.520696	0.579988	0.1035	0.858	0.0885	0	243	246	3
2026-02-12	15:03:31.390	23.905	-17.08	-22.33	1.327116	-0.503616	0.451888	0.093	0.8535	0.096	0	243	246	3
2026-02-12	15:03:31.410	45.01	0.175	-4.41	1.295396	-0.485804	0.330376	0.0975	0.846	0.0945	0	254	289	3
2026-02-12	15:03:31.430	74.62	21.665	27.65	1.174616	-0.419436	0.196176	0.0975	0.846	0.0945	0	254	289	3
2026-02-12	15:03:31.450	93.17	32.235	48.685	1.091656	-0.315248	0.129076	0.0915	0.8505	0.084	0	254	289	3
2026-02-12	15:03:31.470	98.945	39.725	66.605	1.04554	-0.186416	0.094916	0.093	0.8595	0.0705	0	254	289	3
2026-02-12	15:03:31.490	87.99	45.745	79.555	0.980148	-0.104188	0.107604	0.102	0.864	0.069	0	254	289	3
2026-02-12	15:03:31.510	65.17	48.37	88.515	0.91378	-0.057096	0.123464	0.1095	0.873	0.0495	0	254	289	3
2026-02-12	15:03:31.530	39.935	47.845	93.94	0.874008	-0.044164	0.149572	0.1095	0.8745	0.0435	0	254	289	3
2026-02-12	15:03:31.550	10.605	46.55	97.125	0.820572	-0.038552	0.203496	0.12	0.888	0.0255	0	254	289	3
2026-02-12	15:03:31.570	-25.62	45.115	99.19	0.77714	-0.08686399	0.25254	0.1335	0.909	0.0285	0	254	289	3
2026-02-12	15:03:31.590	-60.095	42.315	100.625	0.743224	-0.144936	0.276696	0.138	0.915	0.021	0	254	289	3
2026-02-12	15:03:31.610	-90.93	37.625	99.085	0.74664	-0.193736	0.301096	0.1605	0.93	0.024	0	267	319	3
2026-02-12	15:03:31.630	-124.46	32.655	96.705	0.700524	-0.255956	0.268888	0.168	0.9435	0.0255	0	267	319	3
2026-02-12	15:03:31.650	-147.875	24.78	93.38	0.658556	-0.268888	0.177388	0.1755	0.9615	0.036	0	267	319	3
2026-02-12	15:03:31.670	-147.56	15.82	85.225	0.652944	-0.258396	0.109312	0.186	0.99	0.0555	0	267	319	3
2026-02-12	15:03:31.690	-133.7	6.79	73.045	0.660752	-0.266936	0.078812	0.1965	1.008	0.069	0	267	319	3
2026-02-12	15:03:31.710	-108.92	-0.805	59.64	0.677832	-0.299876	0.06466	0.2055	1.0155	0.075	0	267	319	3
2026-02-12	15:03:31.730	-79.975	-7.49	45.71	0.71492	-0.324764	0.042212	0.213	1.023	0.0855	0	267	319	3
2026-02-12	15:03:31.750	-49.455	-13.58	30.835	0.75518	-0.352824	0.025132	0.225	1.0335	0.1005	0	267	319	3
2026-02-12	15:03:31.770	-20.3	-18.795	16.275	0.777872	-0.371368	0.01586	0.231	1.041	0.1035	0	267	319	3
2026-02-12	15:03:31.790	8.225	-24.36	2.38	0.843508	-0.397964	0.0366	0.225	1.038	0.114	0	267	319	3
2026-02-12	15:03:31.810	41.055	-28.49	-11.13	0.887672	-0.398696	0.089548	0.225	1.035	0.108	0	279	309	3
2026-02-12	15:03:31.830	71.68	-31.22	-23.205	0.931836	-0.38308	0.137372	0.222	1.038	0.1125	0	279	309	3
2026-02-12	15:03:31.850	117.845	-32.34	-37.765	0.995032	-0.376248	0.224968	0.222	1.032	0.1035	0	279	309	3
2026-02-12	15:03:31.870	148.505	-31.535	-43.715	1.034316	-0.34038	0.255956	0.216	1.032	0.093	0	279	309	3
2026-02-12	15:03:31.890	170.31	-31.08	-46.935	1.053836	-0.270596	0.255956	0.204	1.023	0.0765	0	279	309	3
2026-02-12	15:03:31.910	180.985	-33.39	-48.475	1.0736	-0.199348	0.23668	0.1995	1.0125	0.069	0	279	309	3
2026-02-12	15:03:31.930	183.12	-39.235	-51.1	1.125328	-0.132492	0.224236	0.201	1.005	0.051	0	279	309	3
2026-02-12	15:03:31.950	174.825	-47.67	-56.105	1.196576	-0.069784	0.223504	0.192	0.996	0.024	0	279	309	3
2026-02-12	15:03:31.970	154.07	-58.835	-62.755	1.276608	-0.027328	0.220088	0.174	0.9795	0.024	0	279	309	3
2026-02-12	15:03:31.990	125.195	-72.345	-73.045	1.399828	-0.019276	0.229604	0.1695	0.9735	0.009	0	279	309	3
2026-02-12	15:03:32.010	88.445	-84.735	-90.055	1.502796	-0.063684	0.332572	0.1695	0.9735	0.009	0	288	279	3
2026-02-12	15:03:32.030	83.265	-86.205	-102.375	1.56526	-0.106628	0.40626	0.1575	0.9375	0.0075	0	288	279	3
2026-02-12	15:03:32.050	77.77	-81.83	-114.17	1.449848	-0.11956	0.41846	0.129	0.9195	0.0105	0	288	279	3
2026-02-12	15:03:32.070	66.85	-73.15	-118.125	1.232688	-0.151036	0.393328	0.129	0.9195	0.0105	0	288	279	3
2026-02-12	15:03:32.090	76.23	-63.595	-113.96	1.154852	-0.170556	0.40138	0.1155	0.894	0.012	0	288	279	3
2026-02-12	15:03:32.110	96.495	-51.275	-105.63	1.113128	-0.117364	0.404064	0.0945	0.8595	0.015	0	288	279	3
2026-02-12	15:03:32.130	105.42	-38.745	-93.205	1.08702	-0.036112	0.365268	0.0885	0.852	0.018	0	288	279	3
2026-02-12	15:03:32.150	94.325	-26.215	-77.49	1.026508	0.03172	0.310612	0.075	0.8325	0.0135	0	288	279	3
2026-02-12	15:03:32.170	71.68	-14.945	-61.88	0.972828	0.07442	0.272548	0.072	0.822	0.012	0	288	279	3
2026-02-12	15:03:32.190	43.89	-5.285	-49.105	0.929396	0.125416	0.252296	0.0705	0.7965	0.015	0	288	279	3
2026-02-12	15:03:32.210	9.905	1.785	-39.62	0.924272	0.166652	0.232776	0.0675	0.801	0.015	0	294	266	3
2026-02-12	15:03:32.230	-31.325	9.03	-32.34	0.913048	0.164212	0.250344	0.075	0.78	0.0105	0	294	266	3
2026-02-12	15:03:32.250	-72.24	16.975	-25.795	0.886452	0.112484	0.258152	0.0765	0.7815	0.0135	0	294	266	3
2026-02-12	15:03:32.270	-114.625	26.32	-16.975	0.799832	0.04636	0.252296	0.075	0.792	0.0165	0	294	266	3
2026-02-12	15:03:32.290	-141.995	32.97	-8.61	0.73078	-0.016592	0.262056	0.0705	0.7875	0.012	0	294	266	3
2026-02-12	15:03:32.310	-150.325	37.345	-2.765	0.692228	-0.057584	0.270596	0.0705	0.789	0.012	0	294	266	3
2026-02-12	15:03:32.330	-150.08	40.67	2.695	0.681492	-0.099308	0.280356	0.0735	0.798	0.0135	0	294	266	3
2026-02-12	15:03:32.350	-142.38	43.225	5.635	0.694912	-0.111996	0.288164	0.0735	0.801	0.0105	0	294	266	3
2026-02-12	15:03:32.370	-130.095	45.255	6.055	0.69052	-0.11834	0.301828	0.0705	0.81	0.0075	0	294	266	3
2026-02-12	15:03:32.390	-112.105	48.055	8.225	0.669536	-0.163236	0.315492	0.072	0.825	0	0	294	266	3
2026-02-12	15:03:32.410	-86.66	49.63	10.29	0.68564	-0.145912	0.318176	0.087	0.8325	0.009	0	297	268	3
2026-02-12	15:03:32.430	-65.905	51.03	13.335	0.687836	-0.110532	0.306952	0.0795	0.8325	0.0045	0	297	268	3
2026-02-12	15:03:32.450	-49.14	50.785	16.625	0.706136	-0.08052	0.282552	0.084	0.8355	0.006	0	297	268	3
2026-02-12	15:03:32.470	-35.665	48.335	18.9	0.763964	-0.047336	0.253272	0.0915	0.8325	-0.0045	0	297	268	3
2026-02-12	15:03:32.490	-28.28	41.93	23.17	0.79422	-0.022448	0.242292	0.0885	0.837	-0.0015	0	297	268	3
2026-02-12	15:03:32.510	-24.43	35.105	25.375	0.843752	-0.001464	0.264496	0.0915	0.843	-0.009	0	297	268	3
2026-02-12	15:03:32.530	-21.875	27.685	27.02	0.871568	0.016104	0.297192	0.0945	0.8535	-0.018	0	297	268	3
2026-02-12	15:03:32.550	-20.72	20.37	28.21	0.876692	0.03294	0.339648	0.0945	0.858	-0.021	0	297	268	3
2026-02-12	15:03:32.570	-18.76	12.88	28.525	0.858392	0.039284	0.377712	0.1065	0.858	-0.0225	0	297	268	3
2026-02-12	15:03:32.590	-15.05	4.69	27.755	0.813496	0.036112	0.401136	0.1125	0.876	-0.0255	0	297	268	3
2026-02-12	15:03:32.610	-10.885	-4.445	25.41	0.776896	0.041724	0.407236	0.108	0.8835	-0.021	0	296	276	3
2026-02-12	15:03:32.630	-6.755	-14.28	20.51	0.772016	0.06344	0.41724	0.108	0.888	-0.021	0	296	276	3
2026-02-12	15:03:32.650	-5.705	-23.45	13.545	0.784704	0.084912	0.427976	0.1095	0.8835	-0.018	0	296	276	3
2026-02-12	15:03:32.670	-11.095	-31.045	5.985	0.82472	0.073688	0.406992	0.1125	0.8805	-0.018	0	296	276	3
2026-02-12	15:03:32.690	-16.52	-37.52	-2.45	0.886452	0.055632	0.383568	0.1125	0.891	-0.003	0	296	276	3
2026-02-12	15:03:32.710	-15.54	-45.395	-15.995	0.951356	0.01708	0.36722	0.1125	0.891	-0.003	0	296	276	3
2026-02-12	15:03:32.730	-14.42	-51.205	-24.185	1.018944	0.011956	0.3172	0.1065	0.888	0.006	0	296	276	3
2026-02-12	15:03:32.750	-14.245	-58.835	-31.01	1.109468	-0.054656	0.26352	0.0975	0.882	0.018	0	296	276	3
2026-02-12	15:03:32.770	-5.88	-67.48	-36.995	1.19682	-0.07442	0.26962	0.096	0.879	0.021	0	296	276	3
2026-02-12	15:03:32.790	0.945	-76.02	-41.93	1.257332	-0.055144	0.28304	0.081	0.8775	0.033	0	296	276	3
2026-02-12	15:03:32.810	6.02	-84.14	-45.15	1.34688	-0.058316	0.301828	0.0825	0.8745	0.03	0	290	292	3
2026-02-12	15:03:32.830	12.915	-88.935	-47.6	1.425936	-0.052216	0.36356	0.075	0.8685	0.045	0	290	292	3
2026-02-12	15:03:32.850	24.605	-87.29	-48.055	1.456192	-0.046604	0.465308	0.078	0.8565	0.06	0	290	292	3
2026-02-12	15:03:32.870	38.605	-77.07	-44.555	1.389092	-0.040748	0.531188	0.069	0.8565	0.0735	0	290	292	3
2026-02-12	15:03:32.890	50.26	-61.46	-36.645	1.28588	-0.044896	0.529236	0.066	0.84	0.09	0	290	292	3
2026-02-12	15:03:32.910	54.215	-39.305	-21.84	1.238544	-0.014884	0.435784	0.0525	0.8325	0.0855	0	290	292	3
2026-02-12	15:03:32.930	43.995	-18.655	-7.385	1.25904	0.015128	0.324764	0.0585	0.8325	0.0885	0	290	292	3
2026-02-12	15:03:32.950	28.98	-2.73	3.15	1.303448	0.019032	0.236924	0.0585	0.8325	0.0885	0	290	292	3
2026-02-12	15:03:32.970	11.585	14	14.56	1.241472	0.03416	0.167628	0.054	0.834	0.087	0	290	292	3
2026-02-12	15:03:32.990	-6.405	28.805	25.865	1.12728	0.040748	0.121512	0.0555	0.834	0.093	0	290	292	3
2026-02-12	15:03:33.010	-23.555	39.06	35.42	1.035536	0.035868	0.105164	0.0615	0.8445	0.087	0	284	307	3
2026-02-12	15:03:33.030	-43.015	45.99	44.24	0.941596	0.017812	0.104676	0.066	0.8415	0.0765	0	284	307	3
2026-02-12	15:03:33.050	-61.39	47.565	50.75	0.87474	-0.004148	0.119316	0.0585	0.8445	0.0735	0	284	307	3
2026-02-12	15:03:33.070	-76.16	45.465	55.405	0.828136	-0.033184	0.152988	0.072	0.858	0.069	0	284	307	3
2026-02-12	15:03:33.090	-85.295	42.56	58.66	0.770308	-0.088084	0.195688	0.0735	0.873	0.0705	0	284	307	3
2026-02-12	15:03:33.110	-85.47	39.515	60.445	0.730048	-0.130052	0.264252	0.0735	0.8805	0.0645	0	284	307	3
2026-02-12	15:03:33.130	-73.01	41.23	57.645	0.711748	-0.1647	0.34648	0.09	0.8925	0.0705	0	284	307	3
2026-02-12	15:03:33.150	-66.43	46.13	55.615	0.67222	-0.175436	0.324276	0.0945	0.9015	0.0675	0	284	307	3
2026-02-12	15:03:33.170	-64.785	49.035	53.83	0.61244	-0.15372	0.25254	0.0945	0.9165	0.063	0	284	307	3
2026-02-12	15:03:33.190	-65.905	47.74	51.695	0.564372	-0.151768	0.17324	0.0915	0.924	0.0615	0	284	307	3
2026-02-12	15:03:33.210	-64.015	42.175	48.37	0.548024	-0.171288	0.133468	0.1095	0.936	0.0645	0	279	304	3
2026-02-12	15:03:33.230	-56.35	35.14	44.8	0.552416	-0.211548	0.127612	0.117	0.933	0.0765	0	279	304	3
2026-02-12	15:03:33.250	-43.75	28.665	41.58	0.570228	-0.236436	0.13176	0.126	0.954	0.06	0	279	304	3
2026-02-12	15:03:33.270	-31.22	22.33	37.94	0.605852	-0.248392	0.130784	0.123	0.9525	0.0645	0	279	304	3
2026-02-12	15:03:33.290	-19.95	16.17	32.515	0.659044	-0.260592	0.134444	0.1275	0.966	0.063	0	279	304	3
2026-02-12	15:03:33.310	-6.405	9.66	25.095	0.71736	-0.298168	0.138104	0.132	0.9705	0.0615	0	279	304	3
2026-02-12	15:03:33.330	10.675	2.205	15.68	0.8296	-0.309148	0.155916	0.135	0.9735	0.069	0	279	304	3
2026-02-12	15:03:33.350	36.75	-7.665	-1.4	0.998692	-0.319152	0.20252	0.135	0.9735	0.069	0	279	304	3
2026-02-12	15:03:33.370	51.275	-11.655	-10.99	1.042368	-0.327204	0.220576	0.135	0.969	0.06	0	279	304	3
2026-02-12	15:03:33.390	77.14	-15.505	-19.46	1.101416	-0.357948	0.237656	0.132	0.9675	0.0495	0	279	304	3
2026-02-12	15:03:33.410	114.24	-14.77	-26.635	1.078724	-0.304024	0.31598	0.1305	0.972	0.048	0	278	285	3
2026-02-12	15:03:33.430	139.405	-10.78	-28.63	1.006988	-0.211304	0.352092	0.1365	0.951	0.036	0	278	285	3
2026-02-12	15:03:33.450	144.935	-7.98	-26.95	0.996496	-0.12688	0.35502	0.1275	0.9495	0.0315	0	278	285	3
2026-02-12	15:03:33.470	133.98	-5.285	-23.87	1.017236	-0.063928	0.346724	0.12	0.945	0.0135	0	278	285	3
2026-02-12	15:03:33.490	112.7	-4.69	-20.02	1.062132	0	0.325496	0.12	0.939	0.0015	0	278	285	3
2026-02-12	15:03:33.510	82.25	-5.075	-15.435	1.094096	0.072712	0.312564	0.1245	0.93	-0.009	0	278	285	3
2026-02-12	15:03:33.530	46.13	-6.475	-11.97	1.13338	0.138592	0.306464	0.12	0.924	-0.012	0	278	285	3
2026-02-12	15:03:33.550	-5.075	-10.01	-11.865	1.199748	0.172996	0.31964	0.114	0.921	-0.0195	0	278	285	3
2026-02-12	15:03:33.570	-52.745	-12.775	-15.68	1.255136	0.15006	0.356484	0.111	0.918	-0.015	0	278	285	3
2026-02-12	15:03:33.590	-78.645	-13.895	-23.135	1.30662	0.114924	0.386496	0.1065	0.9135	-0.009	0	278	285	3
2026-02-12	15:03:33.610	-98.245	-13.86	-31.955	1.338584	0.0549	0.38796	0.105	0.912	-0.0075	0	278	274	3
2026-02-12	15:03:33.630	-113.645	-11.515	-38.92	1.30052	-0.029768	0.385764	0.105	0.918	0.003	0	278	274	3
2026-02-12	15:03:33.650	-115.71	-4.34	-43.05	1.187304	-0.099308	0.402112	0.105	0.918	0.015	0	278	274	3
2026-02-12	15:03:33.670	-98.77	6.93	-45.43	1.068232	-0.108824	0.38918	0.102	0.915	0.024	0	278	274	3
2026-02-12	15:03:33.690	-79.625	20.51	-42.875	0.924028	-0.06954	0.335012	0.0945	0.909	0.027	0	278	274	3
2026-02-12	15:03:33.710	-69.055	32.06	-36.365	0.845948	-0.040748	0.242048	0.093	0.912	0.0315	0	278	274	3
2026-02-12	15:03:33.730	-66.255	38.745	-30.415	0.872544	-0.008784	0.15616	0.093	0.9105	0.033	0	278	274	3
2026-02-12	15:03:33.750	-71.61	43.365	-26.425	0.929152	0.029036	0.094916	0.093	0.9015	0.033	0	278	274	3
2026-02-12	15:03:33.770	-97.65	46.235	-22.68	0.959652	0.054168	0.0732	0.087	0.9105	0.0405	0	278	274	3
2026-02-12	15:03:33.790	-123.725	44.73	-21.945	0.975268	0.049532	0.086132	0.0885	0.909	0.039	0	278	274	3
2026-02-12	15:03:33.810	-152.215	41.51	-23.1	0.97356	0.018544	0.110044	0.0885	0.906	0.0435	0	277	274	3
2026-02-12	15:03:33.830	-179.375	37.905	-24.815	0.944036	-0.035868	0.134932	0.087	0.9045	0.0495	0	277	274	3
2026-02-12	15:03:33.850	-200.06	35.525	-27.02	0.895236	-0.100772	0.157868	0.0885	0.9165	0.054	0	277	274	3
2026-02-12	15:03:33.870	-209.86	34.51	-28.525	0.829112	-0.149572	0.180804	0.09	0.9165	0.06	0	277	274	3
2026-02-12	15:03:33.890	-205.135	33.705	-29.925	0.773236	-0.181292	0.192516	0.096	0.903	0.0735	0	277	274	3
2026-02-12	15:03:33.910	-189.7	32.2	-31.71	0.712236	-0.177632	0.172264	0.096	0.918	0.087	0	277	274	3
2026-02-12	15:03:33.930	-168.42	27.3	-35.14	0.69418	-0.169336	0.13542	0.0795	0.9135	0.0945	0	277	274	3
2026-02-12	15:03:33.950	-143.22	19.6	-40.845	0.693448	-0.176656	0.107116	0.0795	0.906	0.1005	0	277	274	3
2026-02-12	15:03:33.970	-113.225	10.29	-47.425	0.70516	-0.182268	0.107848	0.0795	0.906	0.108	0	277	274	3
2026-02-12	15:03:33.990	-68.635	-4.305	-59.64	0.755424	-0.152256	0.171776	0.0795	0.906	0.108	0	277	274	3
2026-02-12	15:03:34.010	-46.9	-12.495	-68.53	0.782752	-0.155916	0.195444	0.075	0.894	0.1185	0	276	263	3
2026-02-12	15:03:34.030	-31.465	-21.595	-76.405	0.809104	-0.148108	0.20374	0.072	0.8835	0.129	0	276	263	3
2026-02-12	15:03:34.050	-17.815	-32.41	-83.09	0.85522	-0.15494	0.232044	0.06	0.873	0.138	0	276	263	3
2026-02-12	15:03:34.070	0.42	-42.56	-88.375	0.893528	-0.15494	0.29646	0.0525	0.8625	0.1365	0	276	263	3
2026-02-12	15:03:34.090	23.905	-50.365	-90.16	0.901092	-0.136396	0.352824	0.048	0.8505	0.141	0	276	263	3
2026-02-12	15:03:34.110	45.535	-57.715	-88.2	0.924272	-0.110044	0.37698	0.0405	0.834	0.1575	0	276	263	3
2026-02-12	15:03:34.130	62.825	-64.4	-83.615	0.962824	-0.077592	0.399428	0.0345	0.8175	0.15	0	276	263	3
2026-02-12	15:03:34.150	75.74	-68.88	-78.33	1.00894	-0.04026	0.431148	0.0405	0.81	0.165	0	276	263	3
2026-02-12	15:03:34.170	82.39	-70.49	-72.205	1.059204	0.0122	0.45506	0.0405	0.7845	0.171	0	276	263	3
2026-02-12	15:03:34.190	71.295	-69.09	-64.12	1.1041	0.08174	0.45506	0.0315	0.789	0.183	0	276	263	3
2026-02-12	15:03:34.210	37.275	-65.065	-55.44	1.107028	0.120292	0.409432	0.03	0.777	0.186	0	272	256	2
2026-02-12	15:03:34.230	0.84	-63.665	-49.42	1.153876	0.10492	0.367952	0.027	0.762	0.195	0	272	256	2
2026-02-12	15:03:34.250	-27.965	-60.655	-45.255	1.187304	0.07076	0.36844	0.0255	0.759	0.201	0	272	256	2
2026-02-12	15:03:34.270	-47.705	-55.335	-39.235	1.15412	0.02562	0.378932	0.027	0.7545	0.2235	0	272	256	2
2026-02-12	15:03:34.290	-57.19	-49.28	-31.395	1.128744	-0.024156	0.390644	0.033	0.7365	0.216	0	272	256	2
2026-02-12	15:03:34.310	-58.17	-42.14	-22.995	1.14558	-0.0732	0.430416	0.033	0.735	0.24	0	272	256	2
2026-02-12	15:03:34.330	-48.125	-31.01	-14.735	1.150948	-0.10614	0.5124	0.0345	0.735	0.2415	0	272	256	2
2026-02-12	15:03:34.350	-35.77	-14.875	-4.13	1.077016	-0.10736	0.5551	0.0405	0.729	0.249	0	272	256	2
2026-02-12	15:03:34.370	-29.75	2.975	9.87	0.988932	-0.105652	0.477752	0.024	0.7215	0.255	0	272	256	2
2026-02-12	15:03:34.390	-27.405	18.97	24.08	0.972584	-0.08295999	0.394548	0.0405	0.7155	0.255	0	272	256	2
2026-02-12	15:03:34.410	-23.8	34.79	38.045	1.059204	-0.023912	0.341356	0.0375	0.732	0.2505	0	266	274	3
2026-02-12	15:03:34.430	-26.565	47.88	49.315	1.115568	0.010248	0.312076	0.0345	0.7335	0.2415	0	266	274	3
2026-02-12	15:03:34.450	-35.07	56.875	57.75	1.19072	0.006832	0.293044	0.0315	0.7365	0.234	0	266	274	3
2026-02-12	15:03:34.470	-39.34	64.26	63.945	1.270996	-0.005124	0.306952	0.033	0.7455	0.2205	0	266	274	3
2026-02-12	15:03:34.490	-40.11	73.08	69.755	1.30418	-0.009516	0.335012	0.036	0.747	0.216	0	266	274	3
2026-02-12	15:03:34.510	-41.65	82.425	77	1.283684	-0.006832	0.342576	0.033	0.765	0.2115	0	266	274	3
2026-02-12	15:03:34.530	-47.46	91.385	86.24	1.217072	-0.001952	0.317444	0.0405	0.7755	0.1905	0	266	274	3
2026-02-12	15:03:34.550	-52.36	96.075	95.655	1.153144	-0.0061	0.282308	0.0345	0.7845	0.1785	0	266	274	3
2026-02-12	15:03:34.570	-54.32	96.425	103.25	1.099952	-0.005124	0.26718	0.039	0.8085	0.1695	0	266	274	3
2026-02-12	15:03:34.590	-52.08	94.465	108.675	1.057984	-0.007076	0.276208	0.0375	0.819	0.156	0	266	274	3
2026-02-12	15:03:34.610	-46.515	91.77	111.825	1.012844	0	0.29158	0.0525	0.8475	0.1395	0	259	298	3
2026-02-12	15:03:34.630	-40.32	86.59	110.67	0.943304	0.006588	0.280844	0.0525	0.8475	0.1395	0	259	298	3
2026-02-12	15:03:34.650	-40.705	82.075	105.315	0.900116	-0.009272	0.261324	0.066	0.8685	0.126	0	259	298	3
2026-02-12	15:03:34.670	-40.845	76.405	96.845	0.87474	-0.023912	0.244488	0.0795	0.8895	0.1125	0	259	298	3
2026-02-12	15:03:34.690	-40.39	70.42	85.89	0.825208	-0.041724	0.2318	0.0825	0.9105	0.102	0	259	298	3
2026-02-12	15:03:34.710	-37.45	63.98	73.22	0.776164	-0.06588	0.227896	0.093	0.9135	0.102	0	259	298	3
2026-02-12	15:03:34.730	-32.165	56.945	59.045	0.74786	-0.083204	0.222772	0.1065	0.9255	0.09	0	259	298	3
2026-02-12	15:03:34.750	-26.635	49.7	43.19	0.732976	-0.093696	0.240828	0.1185	0.936	0.0795	0	259	298	3
2026-02-12	15:03:34.770	-19.04	42.91	26.6	0.758108	-0.107848	0.280844	0.1155	0.948	0.0795	0	259	298	3
2026-02-12	15:03:34.790	-12.285	38.08	9.205	0.866688	-0.096868	0.42944	0.1275	0.954	0.0735	0	259	298	3
2026-02-12	15:03:34.810	-23.275	41.685	-8.75	1.00406	-0.077348	0.537776	0.129	0.951	0.075	0	250	309	3
2026-02-12	15:03:34.830	-84.875	52.045	-24.325	1.028948	-0.067832	0.50142	0.126	0.948	0.066	0	250	309	3
2026-02-12	15:03:34.850	-152.005	56.805	-33.11	0.9394	-0.172996	0.333792	0.126	0.948	0.066	0	250	309	3
2026-02-12	15:03:34.870	-172.69	53.235	-35.805	0.85644	-0.225456	0.215452	0.123	0.9525	0.075	0	250	309	3
2026-02-12	15:03:34.890	-173.53	43.89	-39.865	0.824476	-0.238388	0.178852	0.12	0.957	0.0855	0	250	309	3
2026-02-12	15:03:34.910	-167.055	31.43	-45.92	0.843752	-0.240828	0.227408	0.12	0.945	0.0915	0	250	309	3
2026-02-12	15:03:34.930	-157.78	20.79	-56.035	0.900848	-0.280112	0.31476	0.12	0.951	0.108	0	250	309	3
2026-02-12	15:03:34.950	-148.225	13.16	-67.48	0.939888	-0.332572	0.351848	0.111	0.936	0.1125	0	250	309	3
2026-02-12	15:03:34.970	-131.39	7.875	-82.005	0.99186	-0.403332	0.348676	0.111	0.927	0.123	0	250	309	3
2026-02-12	15:03:34.990	-106.225	4.305	-99.645	1.049444	-0.51362	0.356728	0.099	0.921	0.1305	0	250	309	3
2026-02-12	15:03:35.010	-71.155	3.535	-114.275	1.03456	-0.599996	0.374052	0.0975	0.912	0.1395	0	243	314	3
2026-02-12	15:03:35.030	-26.915	5.11	-120.715	0.94794	-0.609024	0.382592	0.0825	0.9	0.1515	0	243	314	3
2026-02-12	15:03:35.050	54.6	9.135	-117.915	0.804956	-0.501908	0.365024	0.075	0.879	0.1455	0	243	314	3
2026-02-12	15:03:35.070	108.36	11.375	-112.035	0.753228	-0.359168	0.327204	0.066	0.864	0.141	0	243	314	3
2026-02-12	15:03:35.090	146.79	10.885	-107.38	0.790072	-0.219112	0.275964	0.057	0.849	0.1365	0	243	314	3
2026-02-12	15:03:35.110	158.34	9.135	-104.09	0.8479	-0.106384	0.22936	0.051	0.8295	0.123	0	243	314	3
2026-02-12	15:03:35.130	143.535	3.99	-101.29	0.906704	-0.034892	0.176412	0.0465	0.819	0.111	0	243	314	3
2026-02-12	15:03:35.150	112.21	-3.85	-100.065	0.988444	0.014152	0.15006	0.0495	0.795	0.111	0	243	314	3
2026-02-12	15:03:35.170	69.615	-11.165	-99.505	1.051152	0.0549	0.180804	0.036	0.7785	0.105	0	243	314	3
2026-02-12	15:03:35.190	14.735	-15.995	-97.895	1.072136	0.08686399	0.246196	0.0375	0.759	0.108	0	243	314	3
2026-02-12	15:03:35.210	-48.93	-19.18	-93.45	1.067988	0.06588	0.301584	0.0345	0.741	0.1035	0	238	314	3
2026-02-12	15:03:35.230	-110.67	-19.215	-84.14	1.026264	-0.011712	0.343308	0.03	0.726	0.1125	0	238	314	3
2026-02-12	15:03:35.250	-158.76	-17.78	-70.84	0.962824	-0.073932	0.373808	0.027	0.729	0.114	0	238	314	3
2026-02-12	15:03:35.270	-183.155	-16.975	-50.575	0.90646	-0.15006	0.381616	0.027	0.729	0.114	0	238	314	3
2026-02-12	15:03:35.290	-171.5	-17.745	-40.88	0.867664	-0.134688	0.36722	0.0255	0.7095	0.1215	0	238	314	3
2026-02-12	15:03:35.310	-152.18	-20.405	-34.195	0.853024	-0.149084	0.371368	0.0255	0.69	0.129	0	238	314	3
2026-02-12	15:03:35.330	-130.48	-22.575	-31.22	0.877668	-0.175924	0.39284	0.03	0.6855	0.1275	0	238	314	3
2026-02-12	15:03:35.350	-102.585	-22.54	-30.135	0.879132	-0.221064	0.416752	0.027	0.672	0.138	0	238	314	3
2026-02-12	15:03:35.370	-71.575	-22.47	-29.82	0.878644	-0.225212	0.443348	0.033	0.678	0.1335	0	238	314	3
2026-02-12	15:03:35.390	-50.47	-22.4	-28.805	0.848632	-0.228628	0.453596	0.0285	0.6735	0.135	0	238	314	3
2026-02-12	15:03:35.410	-37.94	-23.73	-27.51	0.817888	-0.223992	0.47336	0.0345	0.6675	0.141	0	235	317	3
2026-02-12	15:03:35.430	-29.33	-26.635	-25.795	0.816912	-0.221552	0.494832	0.033	0.666	0.144	0	235	317	3
2026-02-12	15:03:35.450	-20.335	-30.03	-23.625	0.831796	-0.226676	0.516304	0.0285	0.6555	0.144	0	235	317	3
2026-02-12	15:03:35.470	-6.58	-33.6	-20.02	0.851072	-0.231068	0.569496	0.03	0.6585	0.156	0	235	317	3
2026-02-12	15:03:35.490	4.445	-35.315	-15.05	0.875716	-0.22692	0.644404	0.0345	0.6555	0.159	0	235	317	3
2026-02-12	15:03:35.510	12.775	-34.335	-10.885	0.874496	-0.23058	0.670756	0.0405	0.6525	0.1635	0	235	317	3
2026-02-12	15:03:35.530	20.405	-33.74	-7.035	0.88206	-0.225944	0.643672	0.0405	0.648	0.1665	0	235	317	3
2026-02-12	15:03:35.550	29.295	-33.81	-4.585	0.934276	-0.248392	0.609512	0.042	0.645	0.1725	0	235	317	3
2026-02-12	15:03:35.570	41.475	-33.145	-2.485	0.976732	-0.251808	0.59292	0.045	0.6555	0.1815	0	235	317	3
2026-02-12	15:03:35.590	55.09	-31.43	-0.42	0.992104	-0.250344	0.58438	0.0435	0.6585	0.1815	0	235	317	3
2026-02-12	15:03:35.610	67.165	-29.155	1.75	0.999668	-0.225212	0.5673	0.033	0.6555	0.1875	0	232	344	3
2026-02-12	15:03:35.630	74.865	-26.775	3.255	1.037732	-0.21228	0.508984	0.039	0.66	0.1995	0	232	344	3
2026-02-12	15:03:35.650	77.035	-24.955	5.355	1.049688	-0.2074	0.428464	0.0435	0.6645	0.2085	0	232	344	3
2026-02-12	15:03:35.670	77.595	-24.92	7.91	1.036268	-0.21472	0.360144	0.0435	0.6675	0.2145	0	232	344	3
2026-02-12	15:03:35.690	86.135	-25.69	10.85	1.05652	-0.215452	0.34282	0.042	0.675	0.207	0	232	344	3
2026-02-12	15:03:35.710	98.105	-22.855	14.77	1.103368	-0.182756	0.330376	0.0435	0.6735	0.213	0	232	344	3
2026-02-12	15:03:35.730	101.15	-14.525	20.58	1.072624	-0.160064	0.316468	0.0465	0.6735	0.219	0	232	344	3
2026-02-12	15:03:35.750	101.57	-5.005	27.79	1.042612	-0.144692	0.284016	0.0405	0.6885	0.2175	0	232	344	3
2026-02-12	15:03:35.770	98.385	3.92	33.845	1.126304	-0.10248	0.231556	0.0495	0.696	0.2265	0	232	344	3
2026-02-12	15:03:35.790	71.995	13.825	39.69	1.192916	-0.002684	0.191052	0.039	0.7095	0.2265	0	232	344	3
2026-02-12	15:03:35.810	5.425	22.855	48.65	1.195844	0.015616	0.083692	0.054	0.7155	0.228	0	228	372	3
2026-02-12	15:03:35.830	-51.205	28.98	58.8	1.20292	-0.067832	-0.034648	0.0525	0.726	0.2265	0	228	372	3
2026-02-12	15:03:35.850	-85.61	31.185	66.535	1.2261	-0.08686399	-0.132492	0.0525	0.7305	0.2115	0	228	372	3
2026-02-12	15:03:35.870	-109.69	27.86	72.905	1.269044	-0.092964	-0.184708	0.0465	0.7455	0.213	0	228	372	3
2026-02-12	15:03:35.890	-128.625	22.575	77.91	1.211216	-0.128832	-0.15494	0.063	0.753	0.213	0	228	372	3
2026-02-12	15:03:35.910	-125.93	11.9	80.045	1.1407	-0.233508	-0.044896	0.063	0.753	0.213	0	228	372	3
2026-02-12	15:03:35.930	-98.49	7.875	75.81	1.097756	-0.305976	0.013176	0.063	0.753	0.213	0	228	372	3
2026-02-12	15:03:35.950	-55.23	6.475	67.62	1.075064	-0.355508	0.04636	0.063	0.7845	0.2055	0	228	372	3
2026-02-12	15:03:35.970	-7.35	7.35	59.115	1.028948	-0.369416	0.044652	0.072	0.7995	0.207	0	228	372	3
2026-02-12	15:03:35.990	38.99	6.93	51.52	0.992592	-0.335988	0.021472	0.069	0.804	0.2145	0	228	372	3
2026-02-12	15:03:36.010	89.215	4.62	44.31	0.971364	-0.296704	0.009272	0.0825	0.8145	0.225	0	228	348	3
2026-02-12	15:03:36.030	115.185	4.655	41.02	0.952576	-0.277916	0.001708	0.0825	0.8145	0.225	0	228	348	3
2026-02-12	15:03:36.050	145.6	5.46	37.625	0.901092	-0.245708	0.000488	0.0825	0.8325	0.2025	0	228	348	3
2026-02-12	15:03:36.070	169.05	6.65	35.07	0.882792	-0.244488	0.009272	0.087	0.8475	0.198	0	228	348	3
2026-02-12	15:03:36.090	190.68	8.54	31.675	0.977464	-0.239608	0.022448	0.0855	0.849	0.1845	0	228	348	3
2026-02-12	15:03:36.110	195.58	15.435	28.35	0.983808	-0.194224	0.013176	0.1005	0.8595	0.1695	0	228	348	3
2026-02-12	15:03:36.130	175.665	18.865	26.81	0.945012	-0.152012	0.005856	0.1005	0.8595	0.1695	0	228	348	3
2026-02-12	15:03:36.150	141.435	17.22	26.565	0.925248	-0.140544	0.007076	0.1035	0.8775	0.1395	0	228	348	3
2026-02-12	15:03:36.170	106.645	12.635	27.195	0.919392	-0.147132	0.03416	0.099	0.8775	0.132	0	228	348	3
2026-02-12	15:03:36.190	79.94	6.475	30.205	0.912072	-0.146644	0.076372	0.111	0.8895	0.114	0	228	348	3
2026-02-12	15:03:36.210	60.62	-0.63	36.68	0.892552	-0.152988	0.121756	0.1155	0.882	0.111	0	229	284	3
2026-02-12	15:03:36.230	51.66	-8.295	44.275	0.8845	-0.173484	0.143228	0.12	0.8895	0.099	0	229	284	3
2026-02-12	15:03:36.250	62.125	-16.87	53.375	0.86132	-0.230336	0.189832	0.123	0.906	0.102	0	229	284	3
2026-02-12	15:03:36.270	96.6	-25.935	66.08	0.842288	-0.24644	0.246928	0.123	0.9015	0.0945	0	229	284	3
2026-02-12	15:03:36.290	146.44	-34.545	78.015	0.887672	-0.244488	0.27206	0.123	0.912	0.0915	0	229	284	3
2026-02-12	15:03:36.310	209.65	-38.01	87.535	0.976	-0.227652	0.325984	0.144	0.9285	0.0735	0	229	284	3
2026-02-12	15:03:36.330	303.45	-29.26	91.35	1.093852	-0.136396	0.417728	0.153	0.9285	0.0555	0	229	284	3
2026-02-12	15:03:36.350	365.61	-10.395	92.4	1.075796	0.060756	0.435784	0.153	0.9285	0.0555	0	229	284	3
2026-02-12	15:03:36.370	364.7	3.605	93.59	1.019676	0.1403	0.420656	0.1605	0.9255	0.012	0	229	284	3
2026-02-12	15:03:36.390	324.695	8.54	91.525	1.008208	0.239852	0.406016	0.177	0.921	-0.0195	0	229	284	3
2026-02-12	15:03:36.410	242.445	7.315	84.98	1.003816	0.322812	0.391132	0.183	0.9135	-0.06	0	230	237	2
2026-02-12	15:03:36.430	152.565	2.87	75.775	0.983076	0.319396	0.3416	0.192	0.903	-0.0735	0	230	237	2
2026-02-12	15:03:36.450	88.27	-4.095	62.09	1.008452	0.299876	0.289384	0.2025	0.8985	-0.0975	0	230	237	2
2026-02-12	15:03:36.470	50.4	-11.235	46.095	1.080188	0.307928	0.284016	0.213	0.8985	-0.1005	0	230	237	2
2026-02-12	15:03:36.490	17.045	-18.41	30.205	1.111176	0.3294	0.304268	0.2175	0.8985	-0.1005	0	230	237	2
2026-02-12	15:03:36.510	-13.02	-23.275	14.49	1.098244	0.275964	0.334524	0.216	0.9105	-0.1065	0	230	237	2
2026-02-12	15:03:36.530	-34.125	-25.76	-2.87	1.153876	0.22326	0.34038	0.2205	0.909	-0.1035	0	230	237	2
2026-02-12	15:03:36.550	-63.98	-25.83	-36.89	1.342732	0.17934	0.332084	0.2235	0.906	-0.096	0	230	237	2
2026-02-12	15:03:36.570	-95.83	-21.28	-58.135	1.263188	0.084912	0.301096	0.2145	0.9195	-0.0945	0	230	237	2
2026-02-12	15:03:36.590	-118.02	-18.41	-73.64	1.174372	0.0061	0.280112	0.2175	0.9195	-0.0765	0	230	237	2
2026-02-12	15:03:36.610	-125.265	-17.395	-87.605	1.141188	-0.041236	0.262544	0.204	0.9225	-0.066	0	234	231	3
2026-02-12	15:03:36.630	-128.975	-13.545	-98.735	1.094828	-0.046116	0.251076	0.1935	0.936	-0.051	0	234	231	3
2026-02-12	15:03:36.650	-130.375	-10.5	-107.415	1.089948	-0.040016	0.240584	0.186	0.927	-0.0315	0	234	231	3
2026-02-12	15:03:36.670	-126.28	-7	-113.295	1.06262	-0.043188	0.23912	0.1785	0.927	-0.0195	0	234	231	3
2026-02-12	15:03:36.690	-117.74	-1.785	-115.395	0.97112	-0.048556	0.225944	0.171	0.918	0	0	234	231	3
2026-02-12	15:03:36.710	-107.52	2.8	-115.395	0.872544	-0.039284	0.205448	0.1575	0.912	0.003	0	234	231	3
2026-02-12	15:03:36.730	-103.215	6.65	-115.535	0.778848	-0.022692	0.17324	0.1455	0.9045	0.027	0	234	231	3
2026-02-12	15:03:36.750	-111.44	7.84	-117.565	0.727608	-0.030256	0.136152	0.1425	0.897	0.0255	0	234	231	3
2026-02-12	15:03:36.770	-128.94	7.91	-120.05	0.680028	-0.046116	0.11102	0.117	0.8775	0.039	0	234	231	3
2026-02-12	15:03:36.790	-145.6	6.965	-122.78	0.682224	-0.058804	0.098088	0.111	0.864	0.048	0	234	231	3
2026-02-12	15:03:36.810	-161.035	5.915	-126.525	0.707112	-0.080276	0.086376	0.1065	0.852	0.066	0	237	237	3
2026-02-12	15:03:36.830	-175.35	5.88	-129.57	0.723704	-0.106384	0.076372	0.0915	0.8325	0.066	0	237	237	3
2026-02-12	15:03:36.850	-185.815	4.935	-131.25	0.761524	-0.128832	0.063684	0.093	0.8205	0.075	0	237	237	3
2026-02-12	15:03:36.870	-193.27	3.465	-131.355	0.790072	-0.159576	0.054412	0.0765	0.792	0.087	0	237	237	3
2026-02-12	15:03:36.890	-197.925	0.455	-129.36	0.83082	-0.185196	0.054412	0.0765	0.7935	0.1005	0	237	237	3
2026-02-12	15:03:36.910	-197.54	-3.99	-125.79	0.884744	-0.21472	0.06588	0.075	0.762	0.099	0	237	237	3
2026-02-12	15:03:36.930	-191.625	-9.31	-119.595	0.934764	-0.232532	0.093208	0.0615	0.753	0.105	0	237	237	3
2026-02-12	15:03:36.950	-181.16	-14.595	-110.775	0.952576	-0.232776	0.138348	0.0645	0.7305	0.1065	0	237	237	3
2026-02-12	15:03:36.970	-164.255	-20.37	-98.315	0.966728	-0.190808	0.195688	0.0585	0.7215	0.1155	0	237	237	3
2026-02-12	15:03:36.990	-150.29	-25.97	-83.825	0.954772	-0.151768	0.199836	0.06	0.7125	0.123	0	237	237	3
2026-02-12	15:03:37.010	-140.945	-32.445	-72.905	0.94428	-0.141764	0.204228	0.0555	0.7035	0.12	0	239	229	3
2026-02-12	15:03:37.030	-125.755	-39.76	-64.155	0.945988	-0.148596	0.225944	0.0555	0.6885	0.12	0	239	229	3
2026-02-12	15:03:37.050	-108.115	-47.005	-56.28	0.93818	-0.155428	0.241316	0.054	0.6735	0.129	0	239	229	3
2026-02-12	15:03:37.070	-85.61	-53.9	-49.77	0.941108	-0.157136	0.269864	0.0615	0.6645	0.1425	0	239	229	3
2026-02-12	15:03:37.090	-60.795	-60.76	-45.22	0.93574	-0.146644	0.2806	0.0585	0.657	0.1395	0	239	229	3
2026-02-12	15:03:37.110	-39.515	-67.69	-40.845	0.916464	-0.134688	0.291336	0.051	0.654	0.1545	0	239	229	3
2026-02-12	15:03:37.130	-17.43	-74.865	-37.415	0.929152	-0.123464	0.316712	0.06	0.6405	0.1485	0	239	229	3
2026-02-12	15:03:37.150	5.215	-80.99	-35.63	0.952576	-0.101016	0.358924	0.051	0.639	0.1605	0	239	229	3
2026-02-12	15:03:37.170	27.965	-85.855	-34.265	0.978196	-0.076128	0.423096	0.0495	0.636	0.183	0	239	229	3
2026-02-12	15:03:37.190	57.295	-86.94	-32.13	1.014796	0.011956	0.53192	0.057	0.627	0.1935	0	239	229	3
2026-02-12	15:03:37.210	62.23	-82.6	-29.33	0.998692	0.084424	0.55754	0.066	0.63	0.2085	0	238	225	2
2026-02-12	15:03:37.230	52.115	-77.98	-24.955	0.97722	0.14518	0.549732	0.0675	0.6225	0.228	0	238	225	2
2026-02-12	15:03:37.250	29.645	-73.535	-20.02	0.95282	0.178364	0.510936	0.066	0.624	0.231	0	238	225	2
2026-02-12	15:03:37.270	3.43	-73.01	-16.695	1.051152	0.198372	0.452864	0.072	0.6195	0.249	0	238	225	2
2026-02-12	15:03:37.290	-18.62	-72.345	-17.29	1.16388	0.207644	0.437492	0.078	0.6165	0.2625	0	238	225	2
2026-02-12	15:03:37.310	-35.91	-70.28	-17.535	1.258552	0.187636	0.448228	0.0885	0.615	0.264	0	238	225	2
2026-02-12	15:03:37.330	-47.67	-66.535	-16.835	1.350784	0.148596	0.46726	0.0855	0.612	0.276	0	238	225	2
2026-02-12	15:03:37.350	-56.035	-58.695	-14.91	1.39812	0.094184	0.511668	0.0915	0.6075	0.285	0	238	225	2
2026-02-12	15:03:37.370	-60.2	-45.78	-11.62	1.344684	0.0488	0.568276	0.0945	0.606	0.2865	0	238	225	2
2026-02-12	15:03:37.390	-66.5	-25.62	-0.035	1.152656	-0.00244	0.560956	0.1095	0.5925	0.2925	0	238	225	2
2026-02-12	15:03:37.410	-71.05	-5.88	19.04	0.928908	-0.047092	0.478484	0.1035	0.591	0.2955	0	238	254	3
2026-02-12	15:03:37.430	-63.385	5.355	36.12	0.807884	-0.036356	0.411872	0.096	0.5865	0.294	0	238	254	3
2026-02-12	15:03:37.450	-48.825	13.65	51.45	0.75274	-0.007076	0.375516	0.102	0.585	0.2955	0	238	254	3
2026-02-12	15:03:37.470	-30.205	19.565	63.385	0.79056	0.0183	0.380884	0.0945	0.5985	0.2925	0	238	254	3
2026-02-12	15:03:37.490	-15.19	24.605	70.77	0.885476	0.044164	0.392108	0.102	0.597	0.2895	0	238	254	3
2026-02-12	15:03:37.510	-6.335	30.59	74.27	1.023824	0.02806	0.393084	0.1035	0.6075	0.2865	0	238	254	3
2026-02-12	15:03:37.530	-2.415	38.29	74.865	1.15046	0.008784	0.373076	0.09	0.618	0.2745	0	238	254	3
2026-02-12	15:03:37.550	-6.895	46.655	75.425	1.230248	-0.02562	0.324764	0.0915	0.633	0.282	0	238	254	3
2026-02-12	15:03:37.570	-15.4	54.95	74.97	1.23342	-0.057584	0.277672	0.0915	0.6315	0.27	0	238	254	3
2026-02-12	15:03:37.590	-17.185	62.72	73.92	1.192672	-0.086376	0.246196	0.087	0.651	0.261	0	238	254	3
2026-02-12	15:03:37.610	-12.285	67.935	73.22	1.157048	-0.058316	0.220332	0.084	0.6555	0.243	0	237	294	3
2026-02-12	15:03:37.630	-14.945	71.365	74.69	1.094828	-0.041236	0.19886	0.087	0.6615	0.2385	0	237	294	3
2026-02-12	15:03:37.650	-18.795	71.75	77.315	1.065792	-0.031964	0.1952	0.081	0.6675	0.2325	0	237	294	3
2026-02-12	15:03:37.670	-21.91	71.61	80.675	1.046272	-0.006588	0.213988	0.087	0.675	0.207	0	237	294	3
2026-02-12	15:03:37.690	-29.12	71.435	84.28	0.986004	0.01586	0.21838	0.084	0.6855	0.2085	0	237	294	3
2026-02-12	15:03:37.710	-40.915	68.95	86.975	0.942572	0.007808	0.218136	0.0795	0.687	0.1935	0	237	294	3
2026-02-12	15:03:37.730	-53.095	64.47	87.955	0.925004	-0.012932	0.208864	0.0735	0.6975	0.1785	0	237	294	3
2026-02-12	15:03:37.750	-62.475	58.905	86.415	0.933544	-0.02562	0.201544	0.075	0.7095	0.174	0	237	294	3
2026-02-12	15:03:37.770	-69.23	53.095	81.095	0.923296	-0.042212	0.184708	0.081	0.72	0.159	0	237	294	3
2026-02-12	15:03:37.790	-70.84	46.165	71.505	0.937448	-0.069784	0.174216	0.0915	0.729	0.156	0	237	294	3
2026-02-12	15:03:37.810	-65.485	39.76	58.59	0.968192	-0.101748	0.166896	0.087	0.7395	0.1485	0	235	309	3
2026-02-12	15:03:37.830	-51.38	33.95	36.47	0.955504	-0.127124	0.143716	0.087	0.744	0.144	0	235	309	3
2026-02-12	15:03:37.850	-37.695	29.855	21.07	0.982832	-0.134932	0.129564	0.0885	0.7455	0.135	0	235	309	3
2026-02-12	15:03:37.870	-25.025	26.355	5.845	0.990396	-0.120048	0.115168	0.093	0.7395	0.1275	0	235	309	3
2026-02-12	15:03:37.890	-17.78	22.4	-8.015	0.974292	-0.091988	0.09638	0.102	0.756	0.123	0	235	309	3
2026-02-12	15:03:37.910	-16.94	15.89	-21.035	0.95526	-0.072956	0.108824	0.0945	0.7485	0.1275	0	235	309	3
2026-02-12	15:03:37.930	-19.04	8.015	-34.125	0.967704	-0.062464	0.133712	0.0945	0.7515	0.1185	0	235	309	3
2026-02-12	15:03:37.950	-22.33	-0.49	-48.3	1.006256	-0.058072	0.149816	0.096	0.7455	0.1185	0	235	309	3
2026-02-12	15:03:37.970	-28.245	-9.87	-63.28	1.047736	-0.050508	0.150792	0.099	0.7305	0.1245	0	235	309	3
2026-02-12	15:03:37.990	-34.895	-22.61	-81.55	1.169248	-0.07564	0.16592	0.096	0.726	0.12	0	235	309	3
2026-02-12	15:03:38.010	-36.435	-31.57	-101.535	1.153144	-0.143716	0.240584	0.096	0.726	0.12	0	231	293	3
2026-02-12	15:03:38.030	-24.85	-33.215	-108.22	1.068964	-0.154208	0.2867	0.0855	0.702	0.1305	0	231	293	3
2026-02-12	15:03:38.050	-4.69	-28.98	-107.485	0.930372	-0.136152	0.305488	0.0855	0.702	0.1305	0	231	293	3
2026-02-12	15:03:38.070	9.275	-24.57	-99.33	0.855952	-0.09857599	0.27206	0.09	0.669	0.1335	0	231	293	3
2026-02-12	15:03:38.090	20.23	-24.045	-91.245	0.888404	-0.0427	0.246196	0.099	0.6585	0.1305	0	231	293	3
2026-02-12	15:03:38.110	24.045	-24.675	-84.805	0.922808	0.010492	0.231556	0.096	0.645	0.1335	0	231	293	3
2026-02-12	15:03:38.130	18.515	-26.81	-79.87	0.956236	0.056608	0.214476	0.0945	0.6375	0.138	0	231	293	3
2026-02-12	15:03:38.150	3.29	-30.065	-77.105	1.037732	0.082228	0.20252	0.093	0.6195	0.144	0	231	293	3
2026-02-12	15:03:38.170	-22.225	-31.15	-76.825	1.076528	0.07515199	0.209108	0.102	0.6225	0.1485	0	231	293	3
2026-02-12	15:03:38.190	-55.23	-29.015	-76.65	1.058228	0.040504	0.220576	0.105	0.6015	0.1515	0	231	293	3
2026-02-12	15:03:38.210	-86.03	-26.425	-76.055	1.03212	-0.011468	0.224236	0.0975	0.591	0.1545	0	225	270	3
2026-02-12	15:03:38.230	-108.395	-23.38	-74.41	0.98454	-0.052704	0.24644	0.1095	0.588	0.15	0	225	270	3
2026-02-12	15:03:38.250	-118.755	-21.525	-67.865	0.924516	-0.094428	0.2745	0.111	0.5715	0.15	0	225	270	3
2026-02-12	15:03:38.270	-110.635	-20.825	-60.025	0.871812	-0.105408	0.304024	0.111	0.5715	0.15	0	225	270	3
2026-02-12	15:03:38.290	-93.31	-20.545	-54.145	0.83692	-0.096624	0.31842	0.117	0.552	0.1485	0	225	270	3
2026-02-12	15:03:38.310	-80.08	-20.93	-48.23	0.817888	-0.07124799	0.316712	0.1185	0.546	0.141	0	225	270	3
2026-02-12	15:03:38.330	-72.555	-21.77	-42.42	0.801296	-0.068076	0.30866	0.123	0.537	0.1335	0	225	270	3
2026-02-12	15:03:38.350	-66.57	-23.135	-37.1	0.793488	-0.07076	0.319884	0.123	0.5355	0.138	0	225	270	3
2026-02-12	15:03:38.370	-58.73	-24.78	-32.2	0.796172	-0.064904	0.345992	0.1245	0.5265	0.1365	0	225	270	3
2026-02-12	15:03:38.390	-49.105	-26.25	-28	0.816912	-0.061	0.370636	0.135	0.5265	0.141	0	225	270	3
2026-02-12	15:03:38.410	-38.43	-27.405	-23.765	0.841312	-0.061	0.387228	0.132	0.513	0.1365	0	216	260	2
2026-02-12	15:03:38.430	-26.74	-28.175	-19.425	0.867908	-0.054656	0.395768	0.138	0.51	0.135	0	216	260	2
2026-02-12	15:03:38.450	-12.705	-28.21	-15.925	0.919148	-0.04026	0.40626	0.1395	0.513	0.135	0	216	260	2
2026-02-12	15:03:38.470	3.115	-26.6	-10.71	0.973316	-0.013176	0.422852	0.1395	0.513	0.135	0	216	260	2
2026-02-12	15:03:38.490	8.82	-24.745	-6.65	1.012844	0.007808	0.438224	0.135	0.519	0.1425	0	216	260	2
2026-02-12	15:03:38.510	9.8	-20.93	-1.75	1.031876	0.035624	0.45994	0.141	0.5115	0.153	0	216	260	2
2026-02-12	15:03:38.530	6.615	-15.365	3.395	1.022848	0.071492	0.45994	0.1455	0.51	0.156	0	216	260	2
2026-02-12	15:03:38.550	-5.39	-10.57	8.435	1.01626	0.09638	0.425536	0.129	0.519	0.1635	0	216	260	2
2026-02-12	15:03:38.570	-23.625	-8.61	12.67	1.048468	0.09857599	0.379908	0.1395	0.513	0.156	0	216	260	2
2026-02-12	15:03:38.590	-39.655	-8.26	15.61	1.095316	0.058072	0.357704	0.138	0.5175	0.162	0	216	260	2
2026-02-12	15:03:38.610	-47.845	-9.205	17.675	1.131672	0.025376	0.375516	0.138	0.5205	0.153	0	208	275	3
2026-02-12	15:03:38.630	-50.645	-8.75	18.55	1.143384	-0.01464	0.42334	0.1335	0.516	0.153	0	208	275	3
2026-02-12	15:03:38.650	-45.08	-5.6	18.48	1.126792	-0.042212	0.482876	0.1335	0.5265	0.156	0	208	275	3
2026-02-12	15:03:38.670	-28.805	3.885	20.055	1.091656	-0.084424	0.48312	0.1305	0.522	0.1395	0	208	275	3
2026-02-12	15:03:38.690	-12.915	16.45	26.075	1.064572	-0.093452	0.378932	0.1305	0.522	0.1395	0	208	275	3
2026-02-12	15:03:38.710	-4.9	25.83	35.175	1.062376	-0.093452	0.278892	0.1335	0.528	0.1485	0	208	275	3
2026-02-12	15:03:38.730	0.56	33.46	46.2	1.050908	-0.084912	0.213988	0.135	0.54	0.144	0	208	275	3
2026-02-12	15:03:38.750	6.825	38.185	57.015	1.057008	-0.067832	0.186416	0.1365	0.537	0.1425	0	208	275	3
2026-02-12	15:03:38.770	14	41.335	65.415	1.11874	-0.050996	0.178852	0.123	0.543	0.138	0	208	275	3
2026-02-12	15:03:38.790	15.995	44.94	71.68	1.1773	-0.036356	0.183976	0.1245	0.558	0.1215	0	208	275	3
2026-02-12	15:03:38.810	12.11	48.93	76.475	1.2139	-0.033916	0.18666	0.12	0.567	0.123	0	200	297	3
2026-02-12	15:03:38.830	1.68	53.48	81.48	1.173884	-0.058316	0.193248	0.1245	0.5835	0.12	0	200	297	3
2026-02-12	15:03:38.850	-13.195	55.405	87.115	1.129476	-0.101748	0.1769	0.1155	0.579	0.1125	0	200	297	3
2026-02-12	15:03:38.870	-14.735	55.23	93.17	1.094828	-0.329156	0.128344	0.1125	0.594	0.099	0	200	297	3
2026-02-12	15:03:38.890	38.15	53.305	94.815	1.01382	-0.438224	0.132736	0.1125	0.594	0.099	0	200	297	3
2026-02-12	15:03:38.910	77.455	48.79	92.995	0.956724	-0.339648	0.193004	0.1125	0.594	0.099	0	200	297	3
2026-02-12	15:03:38.930	78.015	47.495	92.225	0.931348	-0.272792	0.256444	0.1125	0.6345	0.084	0	200	297	3
2026-02-12	15:03:38.950	69.545	47.95	89.915	0.955016	-0.223016	0.299388	0.1125	0.648	0.0795	0	200	297	3
2026-02-12	15:03:38.970	51.835	50.05	88.445	0.936228	-0.188856	0.30988	0.102	0.657	0.072	0	200	297	3
2026-02-12	15:03:38.990	25.375	50.995	88.13	0.914024	-0.17568	0.27694	0.105	0.666	0.0735	0	200	297	3
2026-02-12	15:03:39.010	-3.255	49.42	87.43	0.914268	-0.211548	0.237656	0.1095	0.6705	0.0675	0	194	300	3
2026-02-12	15:03:39.030	-22.96	45.15	85.855	0.929396	-0.241072	0.215696	0.105	0.684	0.0555	0	194	300	3
2026-02-12	15:03:39.050	-28.735	39.025	84.385	0.933056	-0.274744	0.218136	0.1065	0.693	0.048	0	194	300	3
2026-02-12	15:03:39.070	-24.5	32.865	82.495	0.935984	-0.261568	0.227652	0.117	0.7065	0.042	0	194	300	3
2026-02-12	15:03:39.090	-16.03	26.915	78.89	0.949648	-0.260104	0.22936	0.117	0.717	0.0405	0	194	300	3
2026-02-12	15:03:39.110	0.49	18.62	71.365	0.937448	-0.247172	0.275232	0.117	0.717	0.0405	0	194	300	3
2026-02-12	15:03:39.130	11.725	14.35	65.03	0.92842	-0.216184	0.336232	0.114	0.738	0.0375	0	194	300	3
2026-02-12	15:03:39.150	21.245	11.935	56.98	0.902556	-0.161528	0.39528	0.1185	0.741	0.033	0	194	300	3
2026-02-12	15:03:39.170	27.23	11.83	48.02	0.859124	-0.116876	0.425536	0.1215	0.747	0.0315	0	194	300	3
2026-02-12	15:03:39.190	24.045	10.92	38.325	0.80764	-0.069052	0.43066	0.1275	0.753	0.03	0	194	300	3
2026-02-12	15:03:39.210	8.96	7.42	27.615	0.767868	-0.063196	0.416264	0.12	0.753	0.0195	0	190	295	3
2026-02-12	15:03:39.230	-6.86	1.68	15.435	0.751032	-0.117364	0.417728	0.126	0.756	0.027	0	190	295	3
2026-02-12	15:03:39.250	-16.275	-5.565	2.24	0.741516	-0.140056	0.415776	0.1275	0.7605	0.0255	0	190	295	3
2026-02-12	15:03:39.270	-24.01	-14.28	-12.25	0.748348	-0.16958	0.406016	0.129	0.762	0.027	0	190	295	3
2026-02-12	15:03:39.290	-27.16	-23.45	-28.315	0.803736	-0.237412	0.414556	0.117	0.7665	0.036	0	190	295	3
2026-02-12	15:03:39.310	-16.17	-33.81	-50.4	0.97478	-0.310612	0.443592	0.1185	0.7635	0.0315	0	190	295	3
2026-02-12	15:03:39.330	1.575	-40.775	-72.66	1.10532	-0.355508	0.458964	0.1215	0.7605	0.027	0	190	295	3
2026-02-12	15:03:39.350	13.195	-46.97	-88.62	1.170956	-0.36966	0.43066	0.114	0.741	0.0405	0	190	295	3
2026-02-12	15:03:39.370	23.485	-54.67	-102.69	1.252208	-0.3904	0.40382	0.12	0.726	0.0465	0	190	295	3
2026-02-12	15:03:39.390	31.85	-61.285	-113.33	1.32858	-0.366488	0.38796	0.1095	0.714	0.048	0	190	295	3
2026-02-12	15:03:39.410	34.86	-64.925	-122.01	1.383968	-0.334524	0.384056	0.1065	0.7065	0.0555	0	188	304	3
2026-02-12	15:03:39.430	31.43	-64.295	-125.93	1.354932	-0.306708	0.37698	0.105	0.687	0.0795	0	188	304	3
2026-02-12	15:03:39.450	24.185	-60.235	-123.69	1.260748	-0.277672	0.357704	0.093	0.681	0.081	0	188	304	3
2026-02-12	15:03:39.470	12.81	-54.88	-116.725	1.147776	-0.212524	0.323788	0.102	0.657	0.09	0	188	304	3
2026-02-12	15:03:39.490	-2.975	-49.595	-108.115	1.102636	-0.141276	0.27938	0.0945	0.639	0.09	0	188	304	3
2026-02-12	15:03:39.510	-27.965	-46.655	-101.325	1.086776	-0.095648	0.228872	0.1035	0.627	0.096	0	188	304	3
2026-02-12	15:03:39.530	-62.755	-45.08	-94.605	1.005036	-0.143228	0.202032	0.1035	0.627	0.096	0	188	304	3
2026-02-12	15:03:39.550	-83.475	-47.04	-91.105	0.982344	-0.143228	0.21106	0.1035	0.627	0.096	0	188	304	3
2026-02-12	15:03:39.570	-91.455	-48.3	-92.155	1.004304	-0.149816	0.230336	0.099	0.591	0.1095	0	188	304	3
2026-02-12	15:03:39.590	-97.755	-45.92	-93.73	1.018456	-0.160308	0.253272	0.105	0.5805	0.1125	0	188	304	3
2026-02-12	15:03:39.610	-103.215	-40.565	-93.1	0.995032	-0.191784	0.247416	0.1095	0.5685	0.1125	0	189	316	3
2026-02-12	15:03:39.630	-101.64	-33.075	-89.6	0.969412	-0.220576	0.240828	0.1155	0.5505	0.108	0	189	316	3
2026-02-12	15:03:39.650	-89.005	-23.24	-83.545	0.933544	-0.20984	0.23546	0.123	0.543	0.114	0	189	316	3
2026-02-12	15:03:39.670	-74.515	-12.355	-75.355	0.887428	-0.1525	0.21472	0.126	0.5295	0.111	0	189	316	3
2026-02-12	15:03:39.690	-71.365	-2.975	-64.855	0.812276	-0.110532	0.15616	0.1245	0.5175	0.114	0	189	316	3
2026-02-12	15:03:39.710	-72.485	2.1	-54.635	0.752496	-0.0854	0.1342	0.1275	0.522	0.096	0	189	316	3
2026-02-12	15:03:39.730	-74.76	5.565	-43.82	0.701012	-0.070516	0.12566	0.1275	0.507	0.1005	0	189	316	3
2026-02-12	15:03:39.750	-81.9	7.49	-27.79	0.69906	-0.024644	0.144448	0.1275	0.507	0.1005	0	189	316	3
2026-02-12	15:03:39.770	-92.505	9.975	-18.935	0.701744	-0.004636	0.216184	0.1305	0.5055	0.084	0	189	316	3
2026-02-12	15:03:39.790	-96.11	15.82	-13.3	0.74542	0.026596	0.37698	0.126	0.5055	0.0825	0	189	316	3
2026-02-12	15:03:39.810	-83.685	32.165	-13.545	0.762988	0.059536	0.456524	0.141	0.5055	0.0705	0	191	311	3
2026-02-12	15:03:39.830	-83.755	41.545	-14.63	0.77836	0.12444	0.343552	0.1395	0.501	0.054	0	191	311	3
2026-02-12	15:03:39.850	-115.92	41.125	-13.37	0.799832	0.056608	0.198128	0.1335	0.504	0.042	0	191	311	3
2026-02-12	15:03:39.870	-141.68	32.2	-14.315	0.841312	-0.044896	0.107848	0.1425	0.5055	0.036	0	191	311	3
2026-02-12	15:03:39.890	-146.055	17.57	-16.8	0.8906	-0.133224	0.07905599	0.141	0.5055	0.027	0	191	311	3
2026-02-12	15:03:39.910	-127.505	3.395	-20.965	0.933788	-0.203252	0.11956	0.1425	0.513	0.012	0	191	311	3
2026-02-12	15:03:39.930	-85.785	-10.15	-26.74	0.992592	-0.211304	0.229116	0.138	0.5175	0.003	0	191	311	3
2026-02-12	15:03:39.950	-24.045	-24.605	-29.4	0.99674	-0.195688	0.333304	0.1425	0.5145	0.003	0	191	311	3
2026-02-12	15:03:39.970	37.135	-38.5	-28.175	0.995764	-0.158112	0.444812	0.147	0.5115	0.003	0	191	311	3
2026-02-12	15:03:39.990	87.92	-45.395	-26.95	1.00894	-0.11834	0.50264	0.1485	0.5055	0.0105	0	191	311	3
2026-02-12	15:03:40.010	129.92	-49.945	-21.56	1.018212	-0.017568	0.516548	0.147	0.495	0.009	0	195	300	3
2026-02-12	15:03:40.030	154.21	-52.36	-13.615	1.068232	0.087108	0.527284	0.153	0.4965	0.0375	0	195	300	3
2026-02-12	15:03:40.050	161.245	-47.635	-7.105	1.126304	0.150548	0.53802	0.144	0.486	0.051	0	195	300	3
2026-02-12	15:03:40.070	156.975	-39.27	-3.43	1.265384	0.207888	0.532164	0.1485	0.486	0.06	0	195	300	3
2026-02-12	15:03:40.090	133.91	-29.575	-1.33	1.4457	0.283284	0.533384	0.141	0.4815	0.0795	0	195	300	3
2026-02-12	15:03:40.110	86.625	-14.385	5.005	1.541348	0.304756	0.523624	0.147	0.4815	0.0945	0	195	300	3
2026-02-12	15:03:40.130	38.15	8.225	15.785	1.50304	0.266448	0.45994	0.1425	0.4755	0.102	0	195	300	3
2026-02-12	15:03:40.150	13.825	33.32	27.86	1.447896	0.25864	0.380884	0.147	0.4755	0.1035	0	195	300	3
2026-02-12	15:03:40.170	-21.315	61.81	43.995	1.319796	0.326472	0.189588	0.1515	0.4755	0.1065	0	195	300	3
2026-02-12	15:03:40.190	-51.345	68.565	53.27	1.24196	0.316712	0.067832	0.1515	0.4755	0.1065	0	195	300	3
2026-02-12	15:03:40.210	-78.26	67.375	60.69	1.095072	0.238876	-0.009516	0.138	0.4875	0.078	0	202	304	3
2026-02-12	15:03:40.230	-97.055	61.775	68.11	0.969412	0.12078	-0.005124	0.1305	0.498	0.0615	0	202	304	3
2026-02-12	15:03:40.250	-106.12	55.65	72.24	0.931592	-0.002684	0.09028	0.129	0.5145	0.0495	0	202	304	3
2026-02-12	15:03:40.270	-106.05	55.51	72.38	0.842288	-0.034892	0.188856	0.1155	0.5265	0.0435	0	202	304	3
2026-02-12	15:03:40.290	-98.175	53.76	69.72	0.726876	-0.07124799	0.181536	0.1125	0.534	0.0225	0	202	304	3
2026-02-12	15:03:40.310	-79.345	52.08	61.39	0.721508	-0.121268	0.182268	0.1185	0.549	0.0045	0	202	304	3
2026-02-12	15:03:40.330	-62.055	53.97	51.8	0.70028	-0.161284	0.167628	0.114	0.564	0	0	202	304	3
2026-02-12	15:03:40.350	-51.31	55.825	47.74	0.611708	-0.186172	0.126636	0.1125	0.567	-0.009	0	202	304	3
2026-02-12	15:03:40.370	-43.015	53.48	45.465	0.537288	-0.182268	0.09076799	0.1125	0.5775	-0.0135	0	202	304	3
2026-02-12	15:03:40.390	-33.705	42.49	40.425	0.534116	-0.181536	0.052948	0.1125	0.588	-0.0195	0	202	304	3
2026-02-12	15:03:40.410	-25.585	32.445	35.35	0.537776	-0.196908	0.045872	0.1155	0.5955	-0.0375	0	214	296	3
2026-02-12	15:03:40.430	-14.91	20.93	29.575	0.54778	-0.22326	0.05856	0.1155	0.606	-0.0405	0	214	296	3
2026-02-12	15:03:40.450	-1.785	9.065	24.045	0.613416	-0.281088	0.0976	0.114	0.6015	-0.0435	0	214	296	3
2026-02-12	15:03:40.470	14	-0.14	21.035	0.691008	-0.3355	0.139568	0.12	0.606	-0.045	0	214	296	3
2026-02-12	15:03:40.490	26.635	-6.23	22.085	0.688812	-0.33306	0.160796	0.114	0.6105	-0.048	0	214	296	3
2026-02-12	15:03:40.510	31.64	-13.615	25.445	0.686128	-0.324276	0.1647	0.129	0.612	-0.0465	0	214	296	3
2026-02-12	15:03:40.530	33.74	-20.58	29.225	0.70638	-0.33306	0.171776	0.1095	0.6105	-0.042	0	214	296	3
2026-02-12	15:03:40.550	37.485	-26.845	31.395	0.774944	-0.330376	0.170556	0.111	0.6225	-0.042	0	214	296	3
2026-02-12	15:03:40.570	43.33	-31.64	30.905	0.812276	-0.328424	0.177388	0.111	0.6195	-0.0375	0	214	296	3
2026-02-12	15:03:40.590	54.915	-35.665	28.28	0.8662	-0.356972	0.2135	0.1095	0.6225	-0.0345	0	214	296	3
2026-02-12	15:03:40.610	68.565	-38.78	25.41	1.003816	-0.377468	0.234728	0.1065	0.6285	-0.0375	0	231	269	3
2026-02-12	15:03:40.630	77.35	-40.005	22.225	1.092876	-0.356972	0.237412	0.111	0.6165	-0.024	0	231	269	3
2026-02-12	15:03:40.650	81.305	-40.705	18.445	1.144604	-0.330376	0.267912	0.102	0.618	-0.0105	0	231	269	3
2026-02-12	15:03:40.670	88.025	-40.355	14.245	1.226832	-0.316224	0.32574	0.099	0.624	-0.003	0	231	269	3
2026-02-12	15:03:40.690	100.38	-37.31	9.555	1.300764	-0.2745	0.363316	0.102	0.6135	0.0045	0	231	269	3
2026-02-12	15:03:40.710	105.84	-35.21	7.49	1.316624	-0.214476	0.353312	0.102	0.609	0.009	0	231	269	3
2026-02-12	15:03:40.730	101.535	-36.645	7.49	1.342	-0.173484	0.348676	0.0885	0.603	0.015	0	231	269	3
2026-02-12	15:03:40.750	105.595	-38.675	6.265	1.412272	-0.159088	0.389424	0.0945	0.6075	0.0315	0	231	269	3
2026-02-12	15:03:40.770	116.55	-38.08	4.41	1.45546	-0.095404	0.435052	0.084	0.6015	0.03	0	231	269	3
2026-02-12	15:03:40.790	120.96	-36.785	3.64	1.45912	-0.02074	0.448472	0.087	0.5955	0.036	0	231	269	3
2026-02-12	15:03:40.810	114.03	-35.945	4.305	1.412028	0.001464	0.471896	0.0915	0.591	0.042	0	248	255	3
2026-02-12	15:03:40.830	113.96	-31.955	5.67	1.352004	0.015372	0.515328	0.0915	0.591	0.042	0	248	255	3
2026-02-12	15:03:40.850	117.355	-22.19	7.07	1.287588	0.083692	0.546316	0.087	0.5775	0.0675	0	248	255	3
2026-02-12	15:03:40.870	106.05	-7.07	8.505	1.18096	0.145424	0.50386	0.0885	0.582	0.075	0	248	255	3
2026-02-12	15:03:40.890	72.275	9.835	11.725	1.039928	0.155916	0.399916	0.081	0.5805	0.0825	0	248	255	3
2026-02-12	15:03:40.910	30.835	23.625	13.895	0.939156	0.13664	0.27206	0.084	0.5865	0.0795	0	248	255	3
2026-02-12	15:03:40.930	-5.495	32.06	11.305	0.897188	0.120536	0.172508	0.075	0.582	0.0825	0	248	255	3
2026-02-12	15:03:40.950	-35.42	36.365	6.685	0.874496	0.095648	0.1037	0.078	0.591	0.0675	0	248	255	3
2026-02-12	15:03:40.970	-59.815	38.5	3.36	0.863028	0.057584	0.083204	0.0855	0.597	0.063	0	248	255	3
2026-02-12	15:03:40.990	-78.155	40.425	1.89	0.811056	0.017568	0.091988	0.084	0.594	0.0585	0	248	255	3
2026-02-12	15:03:41.010	-84.7	42.56	-0.385	0.81008	-0.02684	0.188124	0.0825	0.5895	0.051	0	264	265	3
2026-02-12	15:03:41.030	-71.96	52.675	-6.405	0.793976	-0.097356	0.263764	0.0825	0.588	0.0465	0	264	265	3
2026-02-12	15:03:41.050	-26.005	64.015	-10.255	0.729072	-0.2501	0.215452	0.0825	0.603	0.0255	0	264	265	3
2026-02-12	15:03:41.070	27.405	61.565	-14.63	0.671	-0.152988	0.19032	0.099	0.6015	0.0165	0	264	265	3
2026-02-12	15:03:41.090	51.205	53.165	-20.265	0.640988	-0.077836	0.177632	0.0855	0.5955	0.012	0	264	265	3
2026-02-12	15:03:41.110	56.98	43.61	-26.775	0.60146	-0.044652	0.186904	0.0975	0.588	0.009	0	264	265	3
2026-02-12	15:03:41.130	55.965	31.78	-32.095	0.606584	-0.02562	0.21594	0.099	0.585	0	0	264	265	3
2026-02-12	15:03:41.150	49.7	17.815	-37.695	0.647576	0.026108	0.225212	0.1005	0.5715	-0.003	0	264	265	3
2026-02-12	15:03:41.170	48.125	5.005	-43.26	0.719068	-0.03782	0.244244	0.105	0.564	-0.006	0	264	265	3
2026-02-12	15:03:41.190	66.5	-5.705	-47.985	0.819108	-0.051728	0.316468	0.1035	0.5535	0	0	264	265	3
2026-02-12	15:03:41.210	67.165	-12.845	-48.335	0.879132	-0.036112	0.371124	0.099	0.5535	0	0	279	270	3
2026-02-12	15:03:41.230	53.095	-17.08	-43.435	0.87596	-0.022204	0.396256	0.1005	0.5475	0.0045	0	279	270	3
2026-02-12	15:03:41.250	38.57	-19.005	-36.82	0.841068	0.011468	0.36966	0.105	0.543	0.009	0	279	270	3
2026-02-12	15:03:41.270	37.415	-21.525	-33.18	0.845704	0.0549	0.323544	0.114	0.5295	0.0195	0	279	270	3
2026-02-12	15:03:41.290	37.03	-21.07	-29.05	0.84668	0.066368	0.332084	0.108	0.5175	0.021	0	279	270	3
2026-02-12	15:03:41.310	21.735	-19.74	-23.905	0.83082	0.094428	0.349896	0.111	0.5295	0.0225	0	279	270	3
2026-02-12	15:03:41.330	-8.96	-18.41	-20.895	0.816424	0.12566	0.377712	0.1095	0.519	0.033	0	279	270	3
2026-02-12	15:03:41.350	-44.695	-16.065	-19.6	0.8235	0.084668	0.377956	0.12	0.5115	0.0285	0	279	270	3
2026-02-12	15:03:41.370	-72.625	-15.61	-18.795	0.841068	0.033184	0.377712	0.114	0.5085	0.0345	0	279	270	3
2026-02-12	15:03:41.390	-90.16	-16.66	-19.25	0.854244	0.00854	0.374784	0.1155	0.5085	0.027	0	279	270	3
2026-02-12	15:03:41.410	-99.12	-20.125	-21.21	0.870592	0.0061	0.377712	0.1185	0.507	0.0195	0	286	278	3
2026-02-12	15:03:41.430	-101.92	-25.585	-23.94	0.898164	0.004148	0.400404	0.117	0.5115	0.015	0	286	278	3
2026-02-12	15:03:41.450	-96.11	-31.465	-26.11	0.88938	-0.026108	0.438712	0.114	0.519	0.018	0	286	278	3
2026-02-12	15:03:41.470	-85.82	-38.78	-26.39	0.886696	-0.053436	0.4392	0.114	0.519	0.018	0	286	278	3
2026-02-12	15:03:41.490	-73.955	-45.745	-25.27	0.896944	-0.112972	0.46482	0.1185	0.5115	0.024	0	286	278	3
2026-02-12	15:03:41.510	-49.42	-51.765	-23.87	0.915244	-0.117364	0.469456	0.126	0.5115	0.0225	0	286	278	3
2026-02-12	15:03:41.530	-14.42	-54.95	-20.3	0.923296	-0.122	0.50264	0.114	0.5115	0.024	0	286	278	3
2026-02-12	15:03:41.550	18.795	-53.48	-14.245	0.920612	-0.061488	0.532164	0.117	0.507	0.0255	0	286	278	3
2026-02-12	15:03:41.570	40.495	-48.055	-8.68	0.917196	-0.024156	0.54412	0.1125	0.498	0.045	0	286	278	3
2026-02-12	15:03:41.590	49.875	-40.18	-3.29	0.911584	0.017324	0.523136	0.1185	0.5055	0.0465	0	286	278	3
2026-02-12	15:03:41.610	40.775	-33.635	1.75	0.93574	0.054656	0.477264	0.111	0.5085	0.0525	0	285	302	3
2026-02-12	15:03:41.630	14.63	-28.945	6.195	0.963068	0.076616	0.421632	0.1125	0.501	0.054	0	285	302	3
2026-02-12	15:03:41.650	-11.13	-25.27	8.68	0.96502	0.061488	0.392596	0.114	0.5025	0.0615	0	285	302	3
2026-02-12	15:03:41.670	-37.03	-23.065	11.865	0.972096	0.049532	0.363804	0.1125	0.51	0.069	0	285	302	3
2026-02-12	15:03:41.690	-49	-23.625	13.265	1.00894	0.029524	0.34404	0.111	0.51	0.0645	0	285	302	3
2026-02-12	15:03:41.710	-54.18	-24.955	13.055	1.05042	-0.003904	0.350628	0.1035	0.5205	0.069	0	285	302	3
2026-02-12	15:03:41.730	-53.725	-24.465	14.91	1.053836	-0.045628	0.348676	0.108	0.5175	0.063	0	285	302	3
2026-02-12	15:03:41.750	-48.93	-23.52	17.92	1.004304	-0.064416	0.32696	0.105	0.5115	0.0615	0	285	302	3
2026-02-12	15:03:41.770	-39.655	-25.13	19.215	1.022604	-0.05612	0.308904	0.108	0.516	0.0705	0	285	302	3
2026-02-12	15:03:41.790	-27.475	-26.11	18.515	1.086044	-0.062708	0.301584	0.105	0.5265	0.0735	0	285	302	3
2026-02-12	15:03:41.810	-15.435	-25.375	18.025	1.129476	-0.056608	0.296948	0.111	0.5265	0.072	0	277	331	2
2026-02-12	15:03:41.830	-8.505	-23.135	19.18	1.117032	-0.045384	0.28426	0.105	0.528	0.072	0	277	331	2
2026-02-12	15:03:41.850	-5.67	-22.015	20.3	1.111176	-0.022936	0.277428	0.1005	0.528	0.0705	0	277	331	2
2026-02-12	15:03:41.870	-5.565	-20.055	18.06	1.151192	0.006588	0.248636	0.099	0.534	0.0735	0	277	331	2
2026-02-12	15:03:41.890	9.275	-16.695	13.44	1.176812	-0.030744	0.21716	0.096	0.5415	0.0795	0	277	331	2
2026-02-12	15:03:41.910	31.185	-13.79	6.895	1.171932	-0.006588	0.20862	0.0915	0.546	0.0765	0	277	331	2
2026-02-12	15:03:41.930	41.755	-11.165	2.38	1.170712	0.002196	0.189832	0.0915	0.5445	0.0795	0	277	331	2
2026-02-12	15:03:41.950	37.52	-10.185	-0.21	1.196088	0.000488	0.15494	0.093	0.5445	0.087	0	277	331	2
2026-02-12	15:03:41.970	14.385	-10.395	-0.28	1.18462	0.02684	0.13664	0.0885	0.5445	0.087	0	277	331	2
2026-02-12	15:03:41.990	-19.215	-12.635	1.155	1.171932	0.009516	0.125904	0.0975	0.5385	0.0975	0	277	331	2
2026-02-12	15:03:42.010	-50.575	-15.505	2.31	1.11142	-0.00366	0.153476	0.0975	0.5385	0.0975	0	266	336	3
2026-02-12	15:03:42.030	-64.61	-16.94	3.325	1.095804	-0.026596	0.16836	0.087	0.546	0.096	0	266	336	3
2026-02-12	15:03:42.050	-78.365	-18.27	4.62	1.068232	-0.070028	0.178608	0.09	0.5475	0.0945	0	266	336	3
2026-02-12	15:03:42.070	-86.065	-17.92	5.145	1.003328	-0.106384	0.177144	0.093	0.546	0.093	0	266	336	3
2026-02-12	15:03:42.090	-83.825	-19.145	2.17	1.00894	-0.144448	0.139568	0.0915	0.5415	0.0915	0	266	336	3
2026-02-12	15:03:42.110	-76.23	-20.44	-3.71	1.06506	-0.19276	0.097112	0.0915	0.5415	0.0915	0	266	336	3
2026-02-12	15:03:42.130	-70.14	-18.69	-8.365	1.08336	-0.20496	0.083692	0.09	0.5475	0.09	0	266	336	3
2026-02-12	15:03:42.150	-63.805	-13.125	-10.675	1.025776	-0.214964	0.05368	0.0915	0.552	0.0795	0	266	336	3
2026-02-12	15:03:42.170	-58.835	-9.555	-10.955	1.004548	-0.2135	0.020252	0.09	0.555	0.0855	0	266	336	3
2026-02-12	15:03:42.190	-58.065	-7.385	-10.15	0.994544	-0.220332	0.006344	0.0975	0.558	0.0795	0	266	336	3
2026-02-12	15:03:42.210	-57.925	-6.475	-7	0.960628	-0.233752	0.011224	0.09	0.5535	0.0765	0	253	309	3
2026-02-12	15:03:42.230	-51.275	-6.335	-2.94	0.92476	-0.231312	0.018544	0.1005	0.552	0.0795	0	253	309	3
2026-02-12	15:03:42.250	-36.68	-6.825	0.49	0.90158	-0.216672	0.024888	0.093	0.5565	0.0765	0	253	309	3
2026-02-12	15:03:42.270	-21.21	-8.4	2.1	0.909876	-0.202764	0.032452	0.0945	0.552	0.078	0	253	309	3
2026-02-12	15:03:42.290	-6.51	-9.135	2.8	0.902556	-0.191784	0.06222	0.0945	0.549	0.075	0	253	309	3
2026-02-12	15:03:42.310	22.05	-8.225	1.89	0.850584	-0.17568	0.076616	0.093	0.549	0.0705	0	253	309	3
2026-02-12	15:03:42.330	37.38	-8.4	2.555	0.838628	-0.09516	0.104432	0.093	0.5565	0.0825	0	253	309	3
2026-02-12	15:03:42.350	25.165	-6.825	6.79	0.816668	-0.080032	0.099796	0.087	0.555	0.078	0	253	309	3
2026-02-12	15:03:42.370	11.795	-6.23	9.1	0.773236	-0.145912	0.05124	0.087	0.5505	0.0825	0	253	309	3
2026-02-12	15:03:42.390	15.96	-9.485	10.815	0.763964	-0.097844	0.069296	0.0915	0.5535	0.081	0	253	309	3
2026-02-12	15:03:42.410	5.705	-12.775	13.755	0.792512	-0.139812	0.058316	0.084	0.552	0.0795	0	242	258	3
2026-02-12	15:03:42.430	3.57	-18.13	12.005	0.874496	-0.153964	0.069052	0.0915	0.5625	0.0885	0	242	258	3
2026-02-12	15:03:42.450	4.97	-21.7	9.94	0.926468	-0.163236	0.072956	0.096	0.5655	0.096	0	242	258	3
2026-02-12	15:03:42.470	9.17	-23.415	8.12	0.928176	-0.210084	0.050508	0.0825	0.5595	0.0945	0	242	258	3
2026-02-12	15:03:42.490	24.115	-27.265	4.9	1.00528	-0.220088	0.050752	0.0885	0.5595	0.0915	0	242	258	3
2026-02-12	15:03:42.510	48.825	-29.54	-1.435	1.136064	-0.182024	0.065392	0.093	0.567	0.0915	0	242	258	3
2026-02-12	15:03:42.530	64.47	-27.93	-5.845	1.209264	-0.179096	0.064416	0.0915	0.5745	0.096	0	242	258	3
2026-02-12	15:03:42.550	75.145	-27.02	-10.71	1.280268	-0.153964	0.082472	0.081	0.558	0.12	0	242	258	3
2026-02-12	15:03:42.570	88.76	-23.66	-17.115	1.400072	-0.156404	0.103944	0.078	0.5565	0.126	0	242	258	3
2026-02-12	15:03:42.590	95.55	-17.01	-20.335	1.446676	-0.116144	0.06734399	0.096	0.549	0.129	0	242	258	3
2026-02-12	15:03:42.610	91.105	-10.43	-21.945	1.42984	-0.073444	0.062952	0.0885	0.5565	0.1365	0	233	206	3
2026-02-12	15:03:42.630	78.015	-7.28	-22.82	1.479372	-0.013664	0.02318	0.081	0.5505	0.135	0	233	206	3
2026-02-12	15:03:42.650	55.335	-3.22	-21.35	1.456924	0.029524	0.000244	0.0855	0.543	0.144	0	233	206	3
2026-02-12	15:03:42.670	25.41	0.105	-19.18	1.368352	0.037576	0.044164	0.09	0.549	0.141	0	233	206	3
2026-02-12	15:03:42.690	0.105	2.59	-17.465	1.263432	0.11956	0.02684	0.087	0.54	0.1455	0	233	206	3
2026-02-12	15:03:42.710	-19.95	10.185	-15.015	1.142164	0.07124799	0.02074	0.0855	0.5355	0.141	0	233	206	3
2026-02-12	15:03:42.730	-21.14	20.23	-10.92	0.979416	0.158112	0.002928	0.084	0.531	0.1365	0	233	206	3
2026-02-12	15:03:42.750	-29.855	28.105	-7.735	0.905728	0.234972	-0.035624	0.084	0.531	0.1365	0	233	206	3
2026-02-12	15:03:42.770	-52.115	33.005	-7.98	0.929396	0.281088	-0.040992	0.0885	0.531	0.1365	0	233	206	3
2026-02-12	15:03:42.790	-79.695	39.97	-7.385	0.934276	0.211792	-0.048556	0.0795	0.528	0.12	0	233	206	3
2026-02-12	15:03:42.810	-94.92	47.46	-5.53	0.936228	0.168116	-0.073688	0.0915	0.537	0.117	0	229	159	3
2026-02-12	15:03:42.830	-107.24	52.78	-4.095	0.9577	0.227652	-0.102724	0.09	0.5385	0.1065	0	229	159	3
2026-02-12	15:03:42.850	-131.215	56.875	-2.905	0.981124	0.258396	-0.088816	0.093	0.54	0.099	0	229	159	3
2026-02-12	15:03:42.870	-156.52	60.41	0.595	0.984296	0.16104	-0.06832	0.093	0.54	0.084	0	229	159	3
2026-02-12	15:03:42.890	-161.525	62.265	4.48	0.921344	0.086132	-0.063684	0.0855	0.546	0.0555	0	229	159	3
2026-02-12	15:03:42.910	-143.99	58.205	3.255	0.871324	0.088816	-0.068808	0.0915	0.546	0.048	0	229	159	3
2026-02-12	15:03:42.930	-110.81	52.185	-1.365	0.84424	0.006588	-0.033916	0.093	0.549	0.0375	0	229	159	3
2026-02-12	15:03:42.950	-43.89	42.91	-6.545	0.732244	-0.006588	0.026352	0.0885	0.552	0.036	0	229	159	3
2026-02-12	15:03:42.970	-12.67	35.245	-10.29	0.677344	0.031964	0.057828	0.093	0.552	0.015	0	229	159	3
2026-02-12	15:03:42.990	9.835	27.51	-16.73	0.665876	-0.003904	0.073688	0.099	0.561	0.0105	0	229	159	3
2026-02-12	15:03:43.010	35.49	20.16	-23.205	0.6954	-0.064416	0.09467199	0.0975	0.555	0.006	0	229	116	3
2026-02-12	15:03:43.030	60.935	14.42	-27.51	0.692716	-0.091988	0.116876	0.1065	0.5505	0	0	229	116	3
2026-02-12	15:03:43.050	77.805	9.205	-29.4	0.698084	-0.0854	0.120292	0.105	0.5415	0.009	0	229	116	3
2026-02-12	15:03:43.070	85.33	4.305	-29.855	0.716628	-0.089304	0.108092	0.1065	0.5385	0.0075	0	229	116	3
2026-02-12	15:03:43.090	86.87	-0.385	-29.47	0.741516	-0.092964	0.110532	0.1035	0.5295	0.009	0	229	116	3
2026-02-12	15:03:43.110	90.125	-4.865	-28.7	0.791536	-0.104676	0.1403	0.1095	0.5205	0.009	0	229	116	3
2026-02-12	15:03:43.130	94.045	-6.755	-26.53	0.811544	-0.081496	0.142252	0.1095	0.5175	0.012	0	229	116	3
2026-02-12	15:03:43.150	85.05	-10.57	-22.295	0.817888	-0.03294	0.13298	0.114	0.5115	0.024	0	229	116	3
2026-02-12	15:03:43.170	68.81	-15.085	-17.85	0.831796	-0.027816	0.171288	0.1185	0.507	0.033	0	229	116	3
2026-02-12	15:03:43.190	58.065	-16.8	-13.755	0.842044	-0.034404	0.225944	0.1185	0.5025	0.0405	0	229	116	3
2026-02-12	15:03:43.210	50.365	-18.13	-10.43	0.899872	-0.028304	0.270352	0.1125	0.4995	0.0375	0	231	94	3
2026-02-12	15:03:43.230	44.555	-17.01	-8.505	0.984296	-0.019032	0.307196	0.12	0.495	0.051	0	231	94	3
2026-02-12	15:03:43.250	40.075	-14.035	-6.16	1.04066	-0.004636	0.319396	0.12	0.495	0.069	0	231	94	3
2026-02-12	15:03:43.270	30.17	-12.04	-1.47	1.061156	0.015616	0.293776	0.1215	0.4905	0.066	0	231	94	3
2026-02-12	15:03:43.290	18.06	-11.025	3.745	1.069208	0.01342	0.286456	0.114	0.489	0.0615	0	231	94	3
2026-02-12	15:03:43.310	11.62	-10.57	8.68	1.105808	0.02806	0.301096	0.114	0.498	0.0615	0	231	94	3
2026-02-12	15:03:43.330	6.23	-10.5	12.355	1.145824	0.061244	0.325496	0.1245	0.489	0.0675	0	231	94	3
2026-02-12	15:03:43.350	-3.745	-9.17	16.625	1.191452	0.060756	0.329644	0.12	0.489	0.066	0	231	94	3
2026-02-12	15:03:43.370	37.31	9.38	19.11	1.183156	-0.199592	0.276452	0.117	0.489	0.066	0	231	94	3
2026-02-12	15:03:43.390	130.865	4.025	17.64	1.218292	-0.033184	0.276696	0.117	0.489	0.066	0	231	94	3
2026-02-12	15:03:43.410	132.23	-2.065	21.14	1.265872	0.139324	0.30744	0.1155	0.4875	0.075	0	234	108	3
2026-02-12	15:03:43.430	95.725	-1.365	26.845	1.324676	0.112728	0.307684	0.1155	0.4935	0.09	0	234	108	3
2026-02-12	15:03:43.450	59.99	1.19	29.785	1.338096	0.137372	0.315248	0.1155	0.498	0.096	0	234	108	3
2026-02-12	15:03:43.470	27.685	7.91	32.83	1.269044	0.153232	0.339648	0.111	0.4995	0.093	0	234	108	3
2026-02-12	15:03:43.490	7.385	18.41	34.195	1.210484	0.119072	0.341356	0.1095	0.5055	0.102	0	234	108	3
2026-02-12	15:03:43.510	-5.6	30.31	36.295	1.147532	0.062708	0.301584	0.1005	0.516	0.096	0	234	108	3
2026-02-12	15:03:43.530	-17.85	40.11	40.425	1.105564	-0.005368	0.238388	0.1005	0.5175	0.0945	0	234	108	3
2026-02-12	15:03:43.550	-21.805	47.075	43.19	1.118984	-0.0671	0.187148	0.0975	0.525	0.0885	0	234	108	3
2026-02-12	15:03:43.570	-19.845	52.465	44.345	1.09434	-0.09394	0.149572	0.0975	0.5235	0.084	0	234	108	3
2026-02-12	15:03:43.590	-10.08	57.12	43.505	1.081164	-0.116144	0.14396	0.099	0.522	0.0795	0	234	108	3
2026-02-12	15:03:43.610	-0.665	59.185	41.65	1.051152	-0.136884	0.14518	0.093	0.54	0.0615	0	237	145	3
2026-02-12	15:03:43.630	11.97	58.45	39.025	1.00772	-0.116388	0.19276	0.0915	0.5505	0.057	0	237	145	3
2026-02-12	15:03:43.650	7.49	56.35	39.165	0.949648	-0.118828	0.2135	0.0885	0.5535	0.0465	0	237	145	3
2026-02-12	15:03:43.670	-1.19	52.745	40.11	0.892796	-0.140056	0.236436	0.087	0.5535	0.033	0	237	145	3
2026-02-12	15:03:43.690	-5.81	46.725	41.79	0.82838	-0.139324	0.258396	0.093	0.567	0.03	0	237	145	3
2026-02-12	15:03:43.710	-10.08	39.445	44.24	0.754692	-0.142496	0.268888	0.093	0.576	0.024	0	237	145	3
2026-02-12	15:03:43.730	-5.565	33.18	45.885	0.716628	-0.195932	0.255956	0.09	0.576	0.018	0	237	145	3
2026-02-12	15:03:43.750	13.475	26.81	45.115	0.709064	-0.192028	0.260104	0.0975	0.588	0.018	0	237	145	3
2026-02-12	15:03:43.770	28.315	19.285	43.155	0.758108	-0.170556	0.269376	0.0975	0.588	0.0195	0	237	145	3
2026-02-12	15:03:43.790	32.41	14.35	40.81	0.752008	-0.1586	0.259128	0.0975	0.5895	0.0165	0	237	145	3
2026-02-12	15:03:43.810	29.995	9.8	38.15	0.725168	-0.156892	0.255224	0.0975	0.591	0.0135	0	238	177	3
2026-02-12	15:03:43.830	24.885	7.525	36.785	0.712968	-0.161772	0.250832	0.0855	0.606	0.0075	0	238	177	3
2026-02-12	15:03:43.850	19.425	6.44	34.86	0.721996	-0.161772	0.250344	0.0855	0.6045	0.012	0	238	177	3
2026-02-12	15:03:43.870	11.655	6.895	33.215	0.708576	-0.157136	0.238144	0.078	0.615	0.009	0	238	177	3
2026-02-12	15:03:43.890	1.015	6.755	32.375	0.693448	-0.154208	0.207888	0.081	0.609	0.009	0	238	177	3
2026-02-12	15:03:43.910	-10.01	2.765	29.645	0.72712	-0.14762	0.189588	0.0915	0.6195	0.009	0	238	177	3
2026-02-12	15:03:43.930	-19.285	-4.515	23.24	0.802272	-0.179584	0.205692	0.084	0.621	0.009	0	238	177	3
2026-02-12	15:03:43.950	-23.065	-12.985	13.93	0.90768	-0.234972	0.237656	0.081	0.6315	0.0105	0	238	177	3
2026-02-12	15:03:43.970	-21.84	-20.125	4.655	0.947696	-0.27084	0.266692	0.0765	0.624	0.015	0	238	177	3
2026-02-12	15:03:43.990	-14.245	-28.42	-4.48	1.019432	-0.300608	0.2806	0.075	0.627	0.0105	0	238	177	3
2026-02-12	15:03:44.010	10.815	-39.655	-16.8	1.163392	-0.2806	0.327692	0.075	0.627	0.0105	0	238	200	3
2026-02-12	15:03:44.030	21.98	-45.675	-21.21	1.22976	-0.218136	0.3538	0.075	0.627	0.0105	0	238	200	3
2026-02-12	15:03:44.050	26.39	-51.695	-25.83	1.303692	-0.155916	0.365268	0.075	0.6255	0.033	0	238	200	3
2026-02-12	15:03:44.070	28.455	-57.12	-27.965	1.34688	-0.16104	0.331596	0.0795	0.6255	0.036	0	238	200	3
2026-02-12	15:03:44.090	32.305	-64.225	-28.84	1.355176	-0.159576	0.300364	0.069	0.612	0.0465	0	238	200	3
2026-02-12	15:03:44.110	36.855	-71.82	-30.59	1.351516	-0.136884	0.308416	0.0735	0.6195	0.06	0	238	200	3
2026-02-12	15:03:44.130	43.855	-77.56	-34.93	1.380308	-0.104188	0.338672	0.075	0.6045	0.063	0	238	200	3
2026-02-12	15:03:44.150	48.545	-80.5	-40.67	1.397388	-0.063196	0.382592	0.075	0.5985	0.0855	0	238	200	3
2026-02-12	15:03:44.170	45.465	-76.79	-44.415	1.313208	-0.072956	0.396744	0.0735	0.6	0.0945	0	238	200	3
2026-02-12	15:03:44.190	45.045	-67.305	-46.515	1.333216	0.104188	0.594872	0.075	0.588	0.1125	0	238	200	3
2026-02-12	15:03:44.210	58.73	-54.635	-47.46	1.233176	-0.148596	0.341112	0.0735	0.5835	0.117	0	239	223	3
2026-02-12	15:03:44.230	58.065	-19.635	-44.205	1.164856	-0.02074	0.285236	0.0735	0.579	0.123	0	239	223	3
2026-02-12	15:03:44.250	36.435	3.115	-37.625	1.138016	0.012688	0.183732	0.069	0.57	0.1365	0	239	223	3
2026-02-12	15:03:44.270	8.61	21.63	-31.115	1.101904	0.02684	0.060024	0.0735	0.576	0.1425	0	239	223	3
2026-02-12	15:03:44.290	-19.145	34.09	-26.355	1.051152	0.093208	-0.0183	0.081	0.5595	0.132	0	239	223	3
2026-02-12	15:03:44.310	-56.14	39.375	-23.065	0.995032	0.2013	-0.0671	0.0705	0.5565	0.135	0	239	223	3
2026-02-12	15:03:44.330	-111.23	40.005	-19.635	0.945256	0.261324	-0.054168	0.0765	0.552	0.1185	0	239	223	3
2026-02-12	15:03:44.350	-174.58	39.69	-14.49	0.883768	0.188612	-0.030988	0.0795	0.5535	0.108	0	239	223	3
2026-02-12	15:03:44.370	-202.65	40.74	-9.415	0.835212	-0.0122	0.033916	0.0735	0.5535	0.099	0	239	223	3
2026-02-12	15:03:44.390	-207.83	42.385	-5.39	0.755912	0.033672	0.147132	0.0735	0.5565	0.084	0	239	223	3
2026-02-12	15:03:44.410	-218.855	45.29	0.735	0.68198	-0.029524	0.192272	0.0795	0.5535	0.0615	0	242	232	3
2026-02-12	15:03:44.430	-214.935	48.055	11.445	0.614392	-0.136884	0.178608	0.0825	0.558	0.054	0	242	232	3
2026-02-12	15:03:44.450	-188.615	47.67	20.23	0.58072	-0.186416	0.152988	0.0855	0.564	0.048	0	242	232	3
2026-02-12	15:03:44.470	-147.35	48.3	22.505	0.594872	-0.208132	0.138348	0.0795	0.5835	0.0165	0	242	232	3
2026-02-12	15:03:44.490	-94.605	47.53	19.635	0.601948	-0.147376	0.11956	0.09	0.585	0.006	0	242	232	3
2026-02-12	15:03:44.510	-51.975	45.255	15.645	0.596336	-0.09272	0.111508	0.0915	0.6015	0	0	242	232	3
2026-02-12	15:03:44.530	-27.895	39.48	11.9	0.653432	-0.085888	0.11224	0.093	0.6015	-0.0105	0	242	232	3
2026-02-12	15:03:44.550	-12.495	38.955	7.665	0.727608	-0.138348	0.13542	0.0855	0.597	-0.0195	0	242	232	3
2026-02-12	15:03:44.570	3.36	40.88	4.445	0.750544	-0.117608	0.131028	0.0855	0.6	-0.021	0	242	232	3
2026-02-12	15:03:44.590	12.005	41.265	0.7	0.770064	-0.081496	0.127612	0.0945	0.6045	-0.0285	0	242	232	3
2026-02-12	15:03:44.610	10.08	39.55	-5.005	0.788364	-0.050264	0.119316	0.0915	0.6	-0.0285	0	248	218	3
2026-02-12	15:03:44.630	0.105	34.965	-12.32	0.809592	-0.018056	0.122488	0.1005	0.5955	-0.0375	0	248	218	3
2026-02-12	15:03:44.650	-16.835	25.025	-24.22	0.82716	-0.015372	0.151768	0.1005	0.5955	-0.0375	0	248	218	3
2026-02-12	15:03:44.670	-31.64	12.775	-37.45	0.823256	-0.033916	0.189832	0.1005	0.5955	-0.0375	0	248	218	3
2026-02-12	15:03:44.690	-41.58	-0.175	-48.125	0.855708	-0.065392	0.227408	0.1035	0.5925	-0.045	0	248	218	3
2026-02-12	15:03:44.710	-46.97	-14	-58.38	0.9028	-0.102724	0.27084	0.1095	0.5925	-0.054	0	248	218	3
2026-02-12	15:03:44.730	-44.065	-27.195	-68.565	0.92598	-0.150304	0.342088	0.1035	0.5835	-0.0465	0	248	218	3
2026-02-12	15:03:44.750	-25.515	-38.01	-75.425	0.959652	-0.21228	0.401868	0.1155	0.5745	-0.048	0	248	218	3
2026-02-12	15:03:44.770	3.115	-47.18	-77.525	0.986736	-0.220576	0.424316	0.1215	0.57	-0.0435	0	248	218	3
2026-02-12	15:03:44.790	33.74	-55.86	-76.615	1.011868	-0.2013	0.421632	0.114	0.5565	-0.036	0	248	218	3
2026-02-12	15:03:44.810	63.385	-62.615	-72.73	1.026752	-0.173484	0.423584	0.111	0.5505	-0.03	0	252	207	3
2026-02-12	15:03:44.830	86.625	-68.46	-66.85	1.057008	-0.10126	0.430904	0.117	0.537	-0.012	0	252	207	3
2026-02-12	15:03:44.850	98.385	-72.31	-60.515	1.108004	-0.069296	0.45018	0.117	0.5175	-0.012	0	252	207	3
2026-02-12	15:03:44.870	98.56	-72.765	-50.26	1.196088	-0.040504	0.46238	0.117	0.5175	-0.012	0	252	207	3
2026-02-12	15:03:44.890	83.265	-72.415	-43.75	1.257088	-0.018544	0.427	0.1275	0.5025	0.015	0	252	207	3
2026-02-12	15:03:44.910	60.865	-71.015	-38.15	1.306376	-0.030744	0.388448	0.1185	0.483	0.0375	0	252	207	3
2026-02-12	15:03:44.930	43.26	-69.23	-33.635	1.397144	-0.048068	0.375028	0.12	0.486	0.0495	0	252	207	3
2026-02-12	15:03:44.950	33.67	-64.61	-29.26	1.484252	-0.054412	0.401624	0.1155	0.477	0.0615	0	252	207	3
2026-02-12	15:03:44.970	26.565	-53.235	-21.665	1.457412	-0.067588	0.444324	0.12	0.477	0.0705	0	252	207	3
2026-02-12	15:03:44.990	22.68	-37.52	-10.325	1.362984	-0.088816	0.465796	0.123	0.462	0.087	0	252	207	3
2026-02-12	15:03:45.010	23.135	-19.32	3.57	1.241716	-0.101748	0.454572	0.126	0.4695	0.096	0	254	227	3
2026-02-12	15:03:45.030	25.41	-1.015	18.9	1.152168	-0.090036	0.421388	0.12	0.4665	0.096	0	254	227	3
2026-02-12	15:03:45.050	27.86	15.47	33.67	1.108736	-0.059536	0.366244	0.1155	0.4725	0.0945	0	254	227	3
2026-02-12	15:03:45.070	20.51	33.425	49.7	1.101172	-0.01342	0.289872	0.1155	0.4695	0.099	0	254	227	3
2026-02-12	15:03:45.090	2.8	48.23	61.39	1.129232	0.006832	0.233508	0.1155	0.4695	0.099	0	254	227	3
2026-02-12	15:03:45.110	-19.81	57.995	68.285	1.097756	0	0.194468	0.102	0.4815	0.093	0	254	227	3
2026-02-12	15:03:45.130	-42.42	64.33	73.535	1.042368	-0.027816	0.17202	0.1035	0.4965	0.0795	0	254	227	3
2026-02-12	15:03:45.150	-59.78	66.78	77.245	1.02724	-0.057584	0.151768	0.096	0.5025	0.066	0	254	227	3
2026-02-12	15:03:45.170	-74.655	67.69	80.43	0.994056	-0.086132	0.135664	0.102	0.5205	0.06	0	254	227	3
2026-02-12	15:03:45.190	-84.315	66.92	82.74	0.984784	-0.112728	0.132736	0.087	0.5265	0.0375	0	254	227	3
2026-02-12	15:03:45.210	-92.05	64.715	84.595	0.959408	-0.129564	0.126148	0.084	0.543	0.024	0	256	255	3
2026-02-12	15:03:45.230	-96.46	60.865	85.47	0.883036	-0.1586	0.127856	0.087	0.558	0.0045	0	256	255	3
2026-02-12	15:03:45.250	-92.33	55.86	86.24	0.810568	-0.189344	0.138836	0.0855	0.5685	0.006	0	256	255	3
2026-02-12	15:03:45.270	-80.29	49.945	85.575	0.798368	-0.19276	0.137372	0.0825	0.585	-0.0105	0	256	255	3
2026-02-12	15:03:45.290	-62.965	42.77	83.16	0.773236	-0.187148	0.119072	0.0855	0.6045	-0.0135	0	256	255	3
2026-02-12	15:03:45.310	-42.63	34.825	79.38	0.745664	-0.19642	0.100284	0.0855	0.6045	-0.0135	0	256	255	3
2026-02-12	15:03:45.330	-20.685	28.21	74.97	0.762012	-0.205204	0.08174	0.084	0.6315	-0.0255	0	256	255	3
2026-02-12	15:03:45.350	1.785	21.7	68.985	0.78446	-0.196908	0.056608	0.0855	0.6405	-0.0315	0	256	255	3
2026-02-12	15:03:45.370	22.435	15.785	60.725	0.77958	-0.212524	0.047336	0.078	0.657	-0.0435	0	256	255	3
2026-02-12	15:03:45.390	43.085	11.305	52.185	0.78934	-0.230336	0.057828	0.0855	0.6585	-0.0525	0	256	255	3
2026-02-12	15:03:45.410	60.865	8.225	44.45	0.795928	-0.225456	0.065636	0.078	0.6615	-0.0465	0	255	254	3
2026-02-12	15:03:45.430	73.01	6.3	37.31	0.78934	-0.221064	0.06588	0.0795	0.672	-0.048	0	255	254	3
2026-02-12	15:03:45.450	78.855	4.2	30.59	0.785192	-0.223504	0.067832	0.0825	0.681	-0.0495	0	255	254	3
2026-02-12	15:03:45.470	80.01	0.945	24.43	0.800808	-0.218868	0.077592	0.0795	0.6735	-0.0435	0	255	254	3
2026-02-12	15:03:45.490	76.895	-4.305	17.535	0.81618	-0.205692	0.079544	0.078	0.663	-0.051	0	255	254	3
2026-02-12	15:03:45.510	67.445	-16.52	5.985	0.849364	-0.21472	0.11346	0.078	0.663	-0.051	0	255	254	3
2026-02-12	15:03:45.530	63.98	-26.67	-3.92	0.927444	-0.242292	0.189832	0.0765	0.6525	-0.0435	0	255	254	3
2026-02-12	15:03:45.550	65.695	-34.3	-14.455	1.000156	-0.275964	0.259616	0.0795	0.6555	-0.048	0	255	254	3
2026-02-12	15:03:45.570	70.455	-39.235	-23.345	1.027728	-0.280844	0.287432	0.0675	0.6405	-0.039	0	255	254	3
2026-02-12	15:03:45.590	76.895	-45.535	-31.325	1.080676	-0.27328	0.297436	0.069	0.639	-0.0315	0	255	254	3
2026-02-12	15:03:45.610	88.41	-51.975	-38.395	1.16754	-0.263276	0.336232	0.0675	0.633	-0.018	0	253	232	3
2026-02-12	15:03:45.630	101.78	-56.35	-45.57	1.228052	-0.229116	0.34038	0.063	0.63	-0.015	0	253	232	3
2026-02-12	15:03:45.650	105.735	-63.245	-49.455	1.255136	-0.183976	0.319152	0.0555	0.606	-0.006	0	253	232	3
2026-02-12	15:03:45.670	101.36	-72.205	-52.675	1.281488	-0.145912	0.33306	0.054	0.5925	0.006	0	253	232	3
2026-02-12	15:03:45.690	95.445	-82.145	-58.1	1.314672	-0.101504	0.3538	0.0555	0.591	0.0195	0	253	232	3
2026-02-12	15:03:45.710	87.36	-94.115	-66.605	1.350296	-0.0793	0.409432	0.057	0.5715	0.0375	0	253	232	3
2026-02-12	15:03:45.730	79.73	-102.305	-72.31	1.365668	-0.099796	0.463112	0.057	0.5715	0.0375	0	253	232	3
2026-02-12	15:03:45.750	81.76	-101.92	-71.19	1.343464	-0.114192	0.51972	0.054	0.543	0.078	0	253	232	3
2026-02-12	15:03:45.770	99.33	-90.44	-65.485	1.292712	-0.09076799	0.607316	0.051	0.5325	0.0975	0	253	232	3
2026-02-12	15:03:45.790	122.15	-67.655	-54.95	1.215852	-0.024156	0.626836	0.06	0.5235	0.1095	0	253	232	3
2026-02-12	15:03:45.810	128.66	-40.635	-39.76	1.1285	0.070272	0.553392	0.063	0.5145	0.1215	0	252	231	3
2026-02-12	15:03:45.830	110.005	-14.315	-25.235	1.113372	0.175192	0.432368	0.0645	0.5085	0.1455	0	252	231	3
2026-02-12	15:03:45.850	66.885	9.765	-16.45	1.126792	0.254248	0.304512	0.072	0.498	0.147	0	252	231	3
2026-02-12	15:03:45.870	11.795	31.43	-12.04	1.105808	0.2867	0.179828	0.06	0.5085	0.156	0	252	231	3
2026-02-12	15:03:45.890	-48.16	47.74	-9.8	1.037488	0.323056	0.045384	0.06	0.4935	0.1515	0	252	231	3
2026-02-12	15:03:45.910	-115.045	56.805	-8.925	0.924028	0.35502	-0.064904	0.0705	0.4995	0.129	0	252	231	3
2026-02-12	15:03:45.930	-197.295	57.26	-8.015	0.854976	0.287188	-0.124196	0.0645	0.5025	0.12	0	252	231	3
2026-02-12	15:03:45.950	-265.195	54.39	-3.815	0.822036	0.1403	-0.075884	0.066	0.5025	0.0915	0	252	231	3
2026-02-12	15:03:45.970	-304.675	55.72	3.185	0.83814	-0.016104	0.085644	0.072	0.5085	0.0735	0	252	231	3
2026-02-12	15:03:45.990	-330.75	62.79	16.625	0.82472	-0.13542	0.176412	0.075	0.5115	0.042	0	252	231	3
2026-02-12	15:03:46.010	-323.295	67.06	26.635	0.805932	-0.184464	0.185196	0.0735	0.525	0.015	0	254	242	3
2026-02-12	15:03:46.030	-288.365	71.33	29.435	0.789096	-0.218136	0.14518	0.078	0.537	-0.012	0	254	242	3
2026-02-12	15:03:46.050	-236.635	75.985	31.745	0.704184	-0.219356	0.116876	0.066	0.5595	-0.0375	0	254	242	3
2026-02-12	15:03:46.070	-174.51	77.245	31.64	0.671976	-0.196176	0.100528	0.075	0.585	-0.0525	0	254	242	3
2026-02-12	15:03:46.090	-114.8	76.685	28	0.644892	-0.133468	0.07686	0.087	0.5985	-0.063	0	254	242	3
2026-02-12	15:03:46.110	-72.66	73.255	21.49	0.647576	-0.092964	0.064172	0.087	0.615	-0.084	0	254	242	3
2026-02-12	15:03:46.130	-42.42	69.265	14.07	0.640988	-0.091744	0.063196	0.0945	0.6225	-0.1035	0	254	242	3
2026-02-12	15:03:46.150	-11.865	61.67	2.485	0.635376	-0.076128	0.08662	0.1065	0.63	-0.105	0	254	242	3
2026-02-12	15:03:46.170	-2.345	54.67	-6.265	0.641232	-0.058804	0.103212	0.1095	0.63	-0.1155	0	254	242	3
2026-02-12	15:03:46.190	-1.82	45.78	-16.8	0.670268	-0.052948	0.141764	0.1065	0.627	-0.1245	0	254	242	3
2026-02-12	15:03:46.210	-3.605	36.645	-29.015	0.679296	-0.064172	0.188856	0.1215	0.6255	-0.1365	0	260	232	3
2026-02-12	15:03:46.230	-4.375	25.935	-41.3	0.677588	-0.063928	0.218868	0.1185	0.6315	-0.138	0	260	232	3
2026-02-12	15:03:46.250	-4.515	12.18	-53.83	0.692228	-0.07198	0.240584	0.12	0.6255	-0.1365	0	260	232	3
2026-02-12	15:03:46.270	-3.57	-4.655	-66.57	0.72102	-0.083448	0.2684	0.135	0.609	-0.1365	0	260	232	3
2026-02-12	15:03:46.290	1.365	-23.205	-78.645	0.776896	-0.096868	0.309148	0.1245	0.615	-0.1395	0	260	232	3
2026-02-12	15:03:46.310	12.355	-40.67	-88.48	0.813496	-0.104432	0.365268	0.1275	0.588	-0.1485	0	260	232	3
2026-02-12	15:03:46.330	27.37	-55.65	-94.01	0.843996	-0.094916	0.428708	0.135	0.5865	-0.123	0	260	232	3
2026-02-12	15:03:46.350	59.675	-68.04	-95.865	0.876692	-0.095892	0.47214	0.135	0.57	-0.1215	0	260	232	3
2026-02-12	15:03:46.370	97.02	-75.285	-92.96	0.89182	-0.032696	0.497272	0.1305	0.546	-0.117	0	260	232	3
2026-02-12	15:03:46.390	110.74	-78.82	-86.38	0.895236	0.02928	0.487512	0.132	0.5355	-0.102	0	260	232	3
2026-02-12	15:03:46.410	109.06	-80.99	-78.68	0.920124	0.077348	0.46848	0.1215	0.5085	-0.087	0	265	227	3
2026-02-12	15:03:46.430	94.325	-81.585	-71.26	0.96868	0.132492	0.44896	0.1215	0.4995	-0.063	0	265	227	3
2026-02-12	15:03:46.450	69.37	-81.305	-64.295	1.035292	0.181536	0.42578	0.123	0.48	-0.057	0	265	227	3
2026-02-12	15:03:46.470	35	-79.765	-57.505	1.103612	0.205692	0.40504	0.126	0.459	-0.0315	0	265	227	3
2026-02-12	15:03:46.490	-3.57	-74.025	-50.015	1.095316	0.193248	0.379664	0.1215	0.45	-0.0255	0	265	227	3
2026-02-12	15:03:46.510	-37.59	-68.11	-42	1.08336	0.12932	0.3416	0.123	0.4575	-0.0195	0	265	227	3
2026-02-12	15:03:46.530	-58.38	-63.7	-35.035	1.100196	0.065392	0.355508	0.135	0.4455	-0.0045	0	265	227	3
2026-02-12	15:03:46.550	-69.3	-57.19	-26.81	1.093364	0.000244	0.393328	0.1365	0.4515	-0.006	0	265	227	3
2026-02-12	15:03:46.570	-71.715	-47.565	-15.19	1.118008	-0.061	0.431148	0.135	0.4455	-0.0045	0	265	227	3
2026-02-12	15:03:46.590	-69.265	-34.475	-3.22	1.143872	-0.104188	0.453108	0.1245	0.447	-0.009	0	265	227	3
2026-02-12	15:03:46.610	-64.4	-22.225	6.3	1.194624	-0.111752	0.470188	0.132	0.456	-0.0045	0	269	250	3
2026-02-12	15:03:46.630	-60.445	-8.155	15.4	1.202188	-0.07564	0.493124	0.1305	0.462	-0.012	0	269	250	3
2026-02-12	15:03:46.650	-68.705	7.14	26.67	1.128012	-0.039284	0.441152	0.1245	0.4575	-0.0135	0	269	250	3
2026-02-12	15:03:46.670	-82.53	20.37	39.095	1.049688	-0.0244	0.356972	0.114	0.4725	-0.0255	0	269	250	3
2026-02-12	15:03:46.690	-95.27	28.805	49	1.030168	-0.003172	0.290116	0.1185	0.4695	-0.0345	0	269	250	3
2026-02-12	15:03:46.710	-109.76	32.305	57.225	1.050176	-0.007808	0.257664	0.117	0.489	-0.0345	0	269	250	3
2026-02-12	15:03:46.730	-122.045	32.69	63.21	1.063352	-0.033184	0.256932	0.1065	0.4995	-0.051	0	269	250	3
2026-02-12	15:03:46.750	-125.895	31.745	67.655	1.050908	-0.100284	0.265716	0.1215	0.522	-0.063	0	269	250	3
2026-02-12	15:03:46.770	-114.1	30.17	70.91	1.05408	-0.17568	0.275964	0.108	0.537	-0.072	0	269	250	3
2026-02-12	15:03:46.790	-66.29	30.485	73.29	1.079456	-0.246928	0.33794	0.1185	0.5535	-0.087	0	269	250	3
2026-02-12	15:03:46.810	-23.275	33.635	73.255	1.100196	-0.229116	0.351116	0.114	0.567	-0.0915	0	270	282	3
2026-02-12	15:03:46.830	14.91	37.555	72.695	1.11874	-0.178364	0.341844	0.1185	0.5955	-0.102	0	270	282	3
2026-02-12	15:03:46.850	44.1	41.825	71.575	1.133868	-0.13786	0.324032	0.117	0.5955	-0.099	0	270	282	3
2026-02-12	15:03:46.870	69.44	46.025	70.7	1.116788	-0.084668	0.314028	0.1215	0.603	-0.105	0	270	282	3
2026-02-12	15:03:46.890	85.435	50.505	70.14	1.086288	-0.021228	0.314516	0.12	0.6	-0.1005	0	270	282	3
2026-02-12	15:03:46.910	85.47	54.81	70.42	1.045296	0.044408	0.302804	0.117	0.615	-0.1065	0	270	282	3
2026-02-12	15:03:46.930	69.265	57.225	71.19	1.024556	0.0854	0.28914	0.126	0.618	-0.1155	0	270	282	3
2026-02-12	15:03:46.950	43.435	58.135	71.75	0.983564	0.095648	0.276208	0.1335	0.612	-0.1215	0	270	282	3
2026-02-12	15:03:46.970	17.325	56.665	71.05	0.962092	0.09272	0.273524	0.132	0.621	-0.1335	0	270	282	3
2026-02-12	15:03:46.990	-10.92	53.62	66.885	0.919636	0.077592	0.274012	0.144	0.627	-0.1335	0	270	282	3
2026-02-12	15:03:47.010	-36.855	49.7	60.48	0.8601	0.06466	0.271328	0.144	0.627	-0.1335	0	266	302	3
2026-02-12	15:03:47.030	-54.95	45.15	53.025	0.823744	0.036112	0.256444	0.1485	0.657	-0.1395	0	266	302	3
2026-02-12	15:03:47.050	-68.39	40.32	44.94	0.77592	0.000488	0.243756	0.147	0.66	-0.1455	0	266	302	3
2026-02-12	15:03:47.070	-73.71	33.985	35.14	0.774944	-0.03294	0.234728	0.1545	0.6735	-0.1545	0	266	302	3
2026-02-12	15:03:47.090	-73.325	27.405	24.535	0.765672	-0.05246	0.22814	0.1485	0.6765	-0.1515	0	266	302	3
2026-02-12	15:03:47.110	-67.165	20.09	12.74	0.74908	-0.066368	0.2318	0.1605	0.7035	-0.156	0	266	302	3
2026-02-12	15:03:47.130	-56	11.725	-0.98	0.781532	-0.083204	0.231312	0.171	0.705	-0.1695	0	266	302	3
2026-02-12	15:03:47.150	-41.335	2.975	-17.15	0.856196	-0.092964	0.23668	0.168	0.7095	-0.165	0	266	302	3
2026-02-12	15:03:47.170	-25.445	-4.69	-34.475	0.92232	-0.099308	0.248636	0.1695	0.72	-0.1635	0	266	302	3
2026-02-12	15:03:47.190	-14.105	-10.85	-50.715	0.945012	-0.082228	0.244732	0.168	0.7095	-0.1605	0	266	302	3
2026-02-12	15:03:47.210	-9.8	-19.215	-69.93	0.98576	-0.062708	0.237412	0.168	0.7125	-0.156	0	258	304	3
2026-02-12	15:03:47.230	-9.1	-29.12	-89.11	1.089216	-0.047336	0.239852	0.168	0.7125	-0.156	0	258	304	3
2026-02-12	15:03:47.250	-11.305	-37.87	-105.91	1.244644	-0.036112	0.255712	0.156	0.69	-0.1515	0	258	304	3
2026-02-12	15:03:47.270	-18.69	-43.015	-120.505	1.32736	-0.032696	0.254736	0.1575	0.687	-0.1575	0	258	304	3
2026-02-12	15:03:47.290	-30.975	-47.74	-131.53	1.392264	-0.049288	0.231068	0.1515	0.6735	-0.15	0	258	304	3
2026-02-12	15:03:47.310	-44.625	-53.025	-140.49	1.464976	-0.064904	0.206668	0.1485	0.648	-0.135	0	258	304	3
2026-02-12	15:03:47.330	-57.33	-56.315	-145.39	1.449116	-0.103212	0.24278	0.1455	0.6495	-0.138	0	258	304	3
2026-02-12	15:03:47.350	-65.31	-51.94	-140.35	1.235128	-0.125172	0.308904	0.144	0.63	-0.126	0	258	304	3
2026-02-12	15:03:47.370	-63.49	-43.61	-126.7	0.99308	-0.12932	0.339892	0.1395	0.618	-0.1185	0	258	304	3
2026-02-12	15:03:47.390	-53.095	-36.015	-109.165	0.842044	-0.09516	0.337208	0.144	0.6165	-0.126	0	258	304	3
2026-02-12	15:03:47.410	-39.97	-30.38	-93.065	0.813984	-0.046604	0.298656	0.1545	0.597	-0.117	0	250	295	3
2026-02-12	15:03:47.430	-32.69	-22.995	-73.64	0.937936	-0.01586	0.230092	0.1545	0.597	-0.117	0	250	295	3
2026-02-12	15:03:47.450	-36.47	-17.78	-63.14	1.016748	-0.02074	0.174948	0.1545	0.597	-0.117	0	250	295	3
2026-02-12	15:03:47.470	-45.045	-14.385	-54.565	1.102148	-0.0244	0.146888	0.1455	0.5775	-0.102	0	250	295	3
2026-02-12	15:03:47.490	-63.665	-9.695	-47.39	1.128256	-0.035868	0.154452	0.1545	0.5835	-0.1035	0	250	295	3
2026-02-12	15:03:47.510	-88.165	-2.695	-40.6	1.087996	-0.051484	0.166896	0.144	0.5775	-0.1095	0	250	295	3
2026-02-12	15:03:47.530	-110.67	3.885	-33.88	1.0126	-0.04758	0.180804	0.1545	0.576	-0.114	0	250	295	3
2026-02-12	15:03:47.550	-130.235	8.925	-27.405	0.931592	-0.040016	0.216428	0.15	0.5835	-0.111	0	250	295	3
2026-02-12	15:03:47.570	-144.76	13.16	-20.335	0.848876	-0.051484	0.252052	0.147	0.588	-0.12	0	250	295	3
2026-02-12	15:03:47.590	-153.23	15.435	-13.825	0.790804	-0.06954	0.252052	0.159	0.6	-0.1245	0	250	295	3
2026-02-12	15:03:47.610	-157.5	15.085	-8.295	0.763964	-0.089548	0.233996	0.144	0.6045	-0.1335	0	242	282	3
2026-02-12	15:03:47.630	-152.215	13.58	-4.34	0.746152	-0.105164	0.261812	0.1545	0.618	-0.138	0	242	282	3
2026-02-12	15:03:47.650	-135.59	13.65	-4.2	0.737124	-0.077592	0.311344	0.1545	0.618	-0.138	0	242	282	3
2026-02-12	15:03:47.670	-125.3	14.28	-6.16	0.714676	-0.048068	0.300608	0.1635	0.651	-0.1485	0	242	282	3
2026-02-12	15:03:47.690	-120.855	12.81	-9.275	0.694912	-0.054168	0.293776	0.162	0.6615	-0.1515	0	242	282	3
2026-02-12	15:03:47.710	-115.57	9.345	-12.88	0.679296	-0.061732	0.305	0.174	0.6705	-0.153	0	242	282	3
2026-02-12	15:03:47.730	-105.875	3.395	-16.415	0.69662	-0.074176	0.320616	0.162	0.6795	-0.1425	0	242	282	3
2026-02-12	15:03:47.750	-92.05	-4.76	-19.67	0.760304	-0.091988	0.3477	0.1695	0.6825	-0.1515	0	242	282	3
2026-02-12	15:03:47.770	-70.665	-13.125	-21.875	0.844484	-0.11712	0.399672	0.1635	0.6915	-0.147	0	242	282	3
2026-02-12	15:03:47.790	-40.145	-19.53	-22.015	0.923296	-0.118584	0.4514	0.168	0.702	-0.1485	0	242	282	3
2026-02-12	15:03:47.810	-6.58	-22.54	-19.74	0.956724	-0.0854	0.495564	0.1665	0.7035	-0.141	0	234	276	3
2026-02-12	15:03:47.830	22.4	-22.96	-16.345	0.991128	-0.025376	0.499468	0.162	0.702	-0.1485	0	234	276	3
2026-02-12	15:03:47.850	34.895	-20.615	-13.09	1.01626	0.069052	0.483608	0.165	0.6975	-0.1425	0	234	276	3
2026-02-12	15:03:47.870	19.39	-18.41	-10.745	1.014796	0.131272	0.426756	0.162	0.6885	-0.1425	0	234	276	3
2026-02-12	15:03:47.890	-10.43	-19.915	-10.71	1.047736	0.12444	0.355752	0.159	0.6795	-0.1425	0	234	276	3
2026-02-12	15:03:47.910	-35.14	-24.71	-14.42	1.18584	0.079544	0.362584	0.153	0.693	-0.1305	0	234	276	3
2026-02-12	15:03:47.930	-46.725	-27.51	-19.845	1.336876	0.033672	0.42944	0.153	0.687	-0.126	0	234	276	3
2026-02-12	15:03:47.950	-57.19	-23.835	-21	1.357372	-0.009028	0.475556	0.153	0.69	-0.12	0	234	276	3
2026-02-12	15:03:47.970	-67.165	-14.525	-16.17	1.20536	-0.069052	0.464332	0.1485	0.6885	-0.123	0	234	276	3
2026-02-12	15:03:47.990	-67.55	-6.23	-6.51	1.068476	-0.1281	0.4148	0.1485	0.696	-0.12	0	234	276	3
2026-02-12	15:03:48.010	-48.23	1.715	10.71	0.99918	-0.143228	0.379664	0.1485	0.696	-0.12	0	229	293	3
2026-02-12	15:03:48.030	-25.97	4.69	21.7	1.014064	-0.108092	0.36966	0.15	0.7005	-0.114	0	229	293	3
2026-02-12	15:03:48.050	1.785	8.855	35.875	1.008452	-0.05002	0.372588	0.1515	0.702	-0.12	0	229	293	3
2026-02-12	15:03:48.070	29.68	15.12	53.62	1.009428	0.041724	0.403332	0.1545	0.7095	-0.117	0	229	293	3
2026-02-12	15:03:48.090	36.05	21.14	59.115	1.03578	0.054656	0.406504	0.153	0.714	-0.123	0	229	293	3
2026-02-12	15:03:48.110	35.175	27.685	61.005	1.0614	0.057096	0.396012	0.1515	0.72	-0.129	0	229	293	3
2026-02-12	15:03:48.130	27.79	32.62	61.705	1.099464	0.034404	0.375516	0.165	0.7185	-0.129	0	229	293	3
2026-02-12	15:03:48.150	16.8	38.29	61.985	1.06872	0.017568	0.362096	0.168	0.7275	-0.1275	0	229	293	3
2026-02-12	15:03:48.170	11.935	43.75	61.075	1.008452	0.0183	0.356972	0.1725	0.729	-0.132	0	229	293	3
2026-02-12	15:03:48.190	12.705	47.635	58.905	0.954528	0.036356	0.345016	0.1815	0.7335	-0.1365	0	229	293	3
2026-02-12	15:03:48.210	11.83	50.015	56.63	0.910608	0.039772	0.324276	0.183	0.7425	-0.1395	0	224	318	3
2026-02-12	15:03:48.230	9.94	50.855	54.775	0.88328	0.032452	0.29768	0.18	0.744	-0.153	0	224	318	3
2026-02-12	15:03:48.250	6.79	50.47	52.92	0.845948	0.030256	0.283528	0.195	0.741	-0.1515	0	224	318	3
2026-02-12	15:03:48.270	0.175	48.65	49.455	0.8235	0.033672	0.270108	0.21	0.7635	-0.165	0	224	318	3
2026-02-12	15:03:48.290	-10.29	45.78	43.155	0.8235	0.0305	0.265228	0.21	0.7635	-0.165	0	224	318	3
2026-02-12	15:03:48.310	-21.07	43.085	36.75	0.833016	0.016836	0.257908	0.21	0.7635	-0.165	0	224	318	3
2026-02-12	15:03:48.330	-29.435	39.235	28.735	0.864492	0.001464	0.254248	0.225	0.768	-0.1665	0	224	318	3
2026-02-12	15:03:48.350	-37.485	36.4	19.53	0.844728	-0.0122	0.244244	0.228	0.777	-0.1755	0	224	318	3
2026-02-12	15:03:48.370	-42.595	33.25	9.275	0.830332	-0.020252	0.23668	0.2295	0.7845	-0.174	0	224	318	3
2026-02-12	15:03:48.390	-46.515	29.505	-1.155	0.849608	-0.031476	0.222772	0.2355	0.7875	-0.1785	0	224	318	3
2026-02-12	15:03:48.410	-50.645	25.69	-11.305	0.8662	-0.039528	0.196176	0.2355	0.7815	-0.18	0	218	330	3
2026-02-12	15:03:48.430	-56.595	20.3	-21.56	0.887916	-0.048556	0.162016	0.243	0.7965	-0.1755	0	218	330	3
2026-02-12	15:03:48.450	-64.155	12.74	-31.535	0.925248	-0.061976	0.128588	0.2475	0.798	-0.1755	0	218	330	3
2026-02-12	15:03:48.470	-72.065	2.555	-40.74	0.97234	-0.074908	0.111752	0.237	0.801	-0.171	0	218	330	3
2026-02-12	15:03:48.490	-80.43	-10.955	-53.935	1.000644	-0.084668	0.149328	0.2415	0.8055	-0.168	0	218	330	3
2026-02-12	15:03:48.510	-80.57	-24.01	-69.23	1.048712	-0.116144	0.200812	0.2355	0.807	-0.1665	0	218	330	3
2026-02-12	15:03:48.530	-68.11	-33.075	-82.95	1.126304	-0.137372	0.268888	0.2295	0.8085	-0.165	0	218	330	3
2026-02-12	15:03:48.550	-52.395	-37.87	-94.535	1.128256	-0.129076	0.317932	0.2355	0.813	-0.1515	0	218	330	3
2026-02-12	15:03:48.570	-38.535	-42.7	-103.25	1.145092	-0.13054	0.31964	0.2175	0.7995	-0.147	0	218	330	3
2026-02-12	15:03:48.590	-23.17	-47.88	-110.04	1.186084	-0.132492	0.291336	0.21	0.8085	-0.1335	0	218	330	3
2026-02-12	15:03:48.610	-7.28	-54.775	-114.94	1.313208	-0.138104	0.282308	0.2055	0.7875	-0.1395	0	211	319	3
2026-02-12	15:03:48.630	10.395	-57.575	-114.625	1.29564	-0.136396	0.316468	0.183	0.774	-0.1335	0	211	319	3
2026-02-12	15:03:48.650	26.88	-54.985	-105.805	1.134844	-0.11102	0.36112	0.165	0.768	-0.126	0	211	319	3
2026-02-12	15:03:48.670	42.385	-48.72	-91.35	0.960872	-0.067832	0.387716	0.1695	0.7515	-0.1185	0	211	319	3
2026-02-12	15:03:48.690	48.72	-41.09	-72.695	0.802028	-0.011224	0.365512	0.1635	0.735	-0.12	0	211	319	3
2026-02-12	15:03:48.710	42.28	-33.25	-47.88	0.84546	0.08174	0.350628	0.1545	0.723	-0.1125	0	211	319	3
2026-02-12	15:03:48.730	24.045	-24.535	-35.665	0.904508	0.132736	0.329888	0.1515	0.7125	-0.1095	0	211	319	3
2026-02-12	15:03:48.750	-8.47	-16.1	-23.52	0.93086	0.168604	0.250588	0.15	0.702	-0.1065	0	211	319	3
2026-02-12	15:03:48.770	-53.445	-10.85	-13.86	0.961116	0.167628	0.159332	0.156	0.711	-0.1065	0	211	319	3
2026-02-12	15:03:48.790	-99.995	-6.72	-7.595	0.942572	0.107116	0.111508	0.15	0.705	-0.105	0	211	319	3
2026-02-12	15:03:48.810	-138.775	-4.76	-3.08	0.901336	0.066856	0.121512	0.1395	0.705	-0.096	0	206	306	3
2026-02-12	15:03:48.830	-166.74	-4.865	0.525	0.850584	0.033184	0.164456	0.15	0.726	-0.093	0	206	306	3
2026-02-12	15:03:48.850	-189.77	-5.915	3.395	0.816912	0.000976	0.205936	0.1395	0.7275	-0.102	0	206	306	3
2026-02-12	15:03:48.870	-205.87	-7.875	5.04	0.838628	-0.058072	0.232776	0.147	0.7455	-0.0915	0	206	306	3
2026-02-12	15:03:48.890	-208.005	-10.71	3.01	0.900116	-0.125416	0.2806	0.144	0.7635	-0.0825	0	206	306	3
2026-02-12	15:03:48.910	-188.09	-12.425	-4.795	0.941108	-0.204472	0.335012	0.1425	0.7755	-0.0795	0	206	306	3
2026-02-12	15:03:48.930	-151.655	-14.49	-13.965	0.94062	-0.243268	0.365268	0.1425	0.7755	-0.0795	0	206	306	3
2026-02-12	15:03:48.950	-109.83	-17.325	-23.275	0.902556	-0.22326	0.399672	0.141	0.789	-0.066	0	206	306	3
2026-02-12	15:03:48.970	-65.695	-19.985	-32.2	0.820084	-0.171044	0.444324	0.1395	0.8025	-0.0525	0	206	306	3
2026-02-12	15:03:48.990	-21.84	-22.33	-37.52	0.735172	-0.144448	0.460672	0.1395	0.795	-0.051	0	206	306	3
2026-02-12	15:03:49.010	16.765	-25.83	-38.08	0.67344	-0.110288	0.466772	0.129	0.8055	-0.045	0	202	298	3
2026-02-12	15:03:49.030	48.055	-31.99	-36.12	0.679784	-0.073932	0.46238	0.1335	0.7935	-0.036	0	202	298	3
2026-02-12	15:03:49.050	73.395	-38.885	-34.335	0.765428	-0.051728	0.467992	0.123	0.7905	-0.036	0	202	298	3
2026-02-12	15:03:49.070	94.185	-43.47	-32.445	0.89304	-0.040504	0.4758	0.1215	0.777	-0.03	0	202	298	3
2026-02-12	15:03:49.090	111.72	-44.835	-30.835	1.05896	0.002684	0.490684	0.117	0.7755	-0.033	0	202	298	3
2026-02-12	15:03:49.110	116.62	-40.74	-28.455	1.19316	0.069784	0.481168	0.114	0.7605	-0.0285	0	202	298	3
2026-02-12	15:03:49.130	97.51	-31.255	-24.045	1.314184	0.089792	0.4392	0.114	0.744	-0.027	0	202	298	3
2026-02-12	15:03:49.150	73.01	-16.205	-19.355	1.33224	0.05002	0.42944	0.1125	0.7395	-0.027	0	202	298	3
2026-02-12	15:03:49.170	57.505	-3.395	-11.935	1.307352	0.000244	0.39406	0.111	0.726	-0.03	0	202	298	3
2026-02-12	15:03:49.190	46.795	6.825	-0.98	1.341024	-0.042212	0.380884	0.111	0.7185	-0.033	0	202	298	3
2026-02-12	15:03:49.210	44.415	20.685	11.375	1.311256	-0.02562	0.415532	0.114	0.7215	-0.0255	0	202	310	3
2026-02-12	15:03:49.230	38.395	35.035	25.165	1.228784	0.021228	0.396744	0.108	0.7155	-0.0165	0	202	310	3
2026-02-12	15:03:49.250	21.945	48.265	39.655	1.13338	0.032696	0.338916	0.117	0.7155	-0.0255	0	202	310	3
2026-02-12	15:03:49.270	2.73	59.395	53.13	1.030412	0.05368	0.305244	0.1185	0.711	-0.0315	0	202	310	3
2026-02-12	15:03:49.290	-18.025	66.5	65.1	0.964776	0.054168	0.275476	0.123	0.72	-0.0315	0	202	310	3
2026-02-12	15:03:49.310	-40.495	69.51	75.075	0.939156	0.040748	0.252784	0.1275	0.732	-0.048	0	202	310	3
2026-02-12	15:03:49.330	-61.285	69.265	83.37	0.95282	-0.000488	0.237168	0.1365	0.747	-0.054	0	202	310	3
2026-02-12	15:03:49.350	-78.47	65.555	91.91	1.018212	-0.068076	0.22936	0.1425	0.756	-0.066	0	202	310	3
2026-02-12	15:03:49.370	-79.66	61.11	94.01	1.056764	-0.121756	0.21594	0.15	0.774	-0.066	0	202	310	3
2026-02-12	15:03:49.390	-70.49	55.65	92.365	1.10898	-0.177632	0.215452	0.159	0.795	-0.072	0	202	310	3
2026-02-12	15:03:49.410	-46.935	52.115	88.025	1.168272	-0.218136	0.2379	0.1605	0.7995	-0.0765	0	203	325	3
2026-02-12	15:03:49.430	-14.84	51.625	82.215	1.178276	-0.189832	0.239608	0.165	0.8115	-0.0735	0	203	325	3
2026-02-12	15:03:49.450	8.645	53.27	76.405	1.09922	-0.147864	0.20252	0.174	0.8295	-0.087	0	203	325	3
2026-02-12	15:03:49.470	24.01	53.165	71.855	1.016748	-0.121024	0.165188	0.1875	0.837	-0.093	0	203	325	3
2026-02-12	15:03:49.490	32.235	51.205	68.39	0.953064	-0.100528	0.132004	0.189	0.849	-0.1005	0	203	325	3
2026-02-12	15:03:49.510	34.825	47.565	65.94	0.924516	-0.07515199	0.124196	0.198	0.8475	-0.105	0	203	325	3
2026-02-12	15:03:49.530	31.78	43.155	63.735	0.899628	-0.05002	0.12932	0.21	0.858	-0.1125	0	203	325	3
2026-02-12	15:03:49.550	21.875	37.625	60.515	0.865956	-0.036112	0.14274	0.216	0.852	-0.114	0	203	325	3
2026-02-12	15:03:49.570	9.135	32.375	56.77	0.82594	-0.04514	0.142496	0.216	0.852	-0.114	0	203	325	3
2026-02-12	15:03:49.590	0.805	27.37	51.87	0.796416	-0.055632	0.142496	0.2235	0.861	-0.123	0	203	325	3
2026-02-12	15:03:49.610	-4.235	21.385	44.1	0.808372	-0.06588	0.149084	0.2325	0.87	-0.132	0	205	317	3
2026-02-12	15:03:49.630	-5.775	15.855	33.705	0.814472	-0.076616	0.162748	0.237	0.8715	-0.1365	0	205	317	3
2026-02-12	15:03:49.650	-5.11	11.06	21.84	0.816668	-0.08295999	0.16836	0.2295	0.8715	-0.1305	0	205	317	3
2026-02-12	15:03:49.670	-1.68	4.935	7.21	0.858148	-0.0793	0.171044	0.2415	0.876	-0.1365	0	205	317	3
2026-02-12	15:03:49.690	2.94	-1.645	-10.71	0.920856	-0.087596	0.182268	0.2385	0.8745	-0.132	0	205	317	3
2026-02-12	15:03:49.710	6.965	-8.19	-30.59	0.999424	-0.089792	0.200568	0.243	0.873	-0.1335	0	205	317	3
2026-02-12	15:03:49.730	9.275	-14.035	-50.4	1.074332	-0.086132	0.213012	0.2325	0.8775	-0.1305	0	205	317	3
2026-02-12	15:03:49.750	9.31	-18.025	-67.865	1.085068	-0.08174	0.218136	0.2295	0.87	-0.1335	0	205	317	3
2026-02-12	15:03:49.770	9.345	-22.4	-84.595	1.056764	-0.071004	0.23302	0.225	0.8535	-0.132	0	205	317	3
2026-02-12	15:03:49.790	10.92	-26.635	-96.81	1.062376	-0.056852	0.255956	0.2175	0.846	-0.1305	0	205	317	3
2026-02-12	15:03:49.810	10.15	-29.155	-102.69	1.05408	-0.038796	0.268156	0.2055	0.8325	-0.129	0	205	291	3
2026-02-12	15:03:49.830	6.37	-32.76	-105.84	1.057984	-0.016836	0.262056	0.1995	0.825	-0.129	0	205	291	3
2026-02-12	15:03:49.850	-0.105	-39.27	-108.255	1.134112	0.000488	0.24888	0.1935	0.8085	-0.126	0	205	291	3
2026-02-12	15:03:49.870	-9.205	-46.865	-111.3	1.224392	-0.00244	0.262056	0.183	0.8055	-0.12	0	205	291	3
2026-02-12	15:03:49.890	-17.99	-51.59	-112.63	1.219268	-0.02074	0.310612	0.1725	0.7905	-0.117	0	205	291	3
2026-02-12	15:03:49.910	-21.49	-52.885	-110.88	1.125816	-0.04148	0.356972	0.1575	0.777	-0.1065	0	205	291	3
2026-02-12	15:03:49.930	-18.97	-50.96	-106.645	1.010404	-0.028304	0.388692	0.1605	0.7695	-0.108	0	205	291	3
2026-02-12	15:03:49.950	-17.955	-46.76	-100.205	0.896212	-0.018056	0.381616	0.1515	0.7605	-0.1005	0	205	291	3
2026-02-12	15:03:49.970	-20.265	-44.59	-92.82	0.860344	-0.007076	0.360632	0.135	0.7455	-0.0945	0	205	291	3
2026-02-12	15:03:49.990	-23.625	-42.28	-84.525	0.925492	-0.011224	0.34526	0.135	0.738	-0.0915	0	205	291	3
2026-02-12	15:03:50.010	-24.36	-39.76	-79.1	0.996252	-0.021472	0.325252	0.1305	0.729	-0.084	0	203	274	3
2026-02-12	15:03:50.030	-25.97	-36.435	-73.325	1.068232	-0.008296	0.294996	0.1275	0.7155	-0.072	0	203	274	3
2026-02-12	15:03:50.050	-35	-30.66	-66.255	1.078236	-0.00732	0.264984	0.129	0.711	-0.0675	0	203	274	3
2026-02-12	15:03:50.070	-49.7	-23.625	-57.96	1.031388	-0.006344	0.249368	0.126	0.702	-0.0675	0	203	274	3
2026-02-12	15:03:50.090	-67.76	-16.835	-47.985	0.964532	0.00244	0.249368	0.12	0.6975	-0.0585	0	203	274	3
2026-02-12	15:03:50.110	-87.78	-10.29	-36.925	0.883036	0.003172	0.272548	0.1125	0.696	-0.0585	0	203	274	3
2026-02-12	15:03:50.130	-103.565	-5.18	-25.62	0.845704	-0.002928	0.29646	0.111	0.696	-0.0675	0	203	274	3
2026-02-12	15:03:50.150	-115.185	-1.575	-15.33	0.8296	0.004392	0.305	0.12	0.7005	-0.057	0	203	274	3
2026-02-12	15:03:50.170	-128.03	1.54	-5.635	0.807884	0.001952	0.307684	0.1125	0.702	-0.051	0	203	274	3
2026-02-12	15:03:50.190	-138.635	4.305	3.22	0.79544	-0.000976	0.303536	0.114	0.702	-0.0555	0	203	274	3
2026-02-12	15:03:50.210	-144.025	5.74	8.575	0.793976	-0.00366	0.300608	0.114	0.702	-0.0555	0	198	274	3
2026-02-12	15:03:50.230	-144.725	5.11	10.465	0.79544	-0.019764	0.312808	0.117	0.7185	-0.0495	0	198	274	3
2026-02-12	15:03:50.250	-138.985	2.345	10.745	0.803492	-0.054168	0.32086	0.1155	0.7425	-0.0495	0	198	274	3
2026-02-12	15:03:50.270	-122.92	-2.625	10.955	0.814228	-0.091744	0.354288	0.1125	0.7515	-0.0555	0	198	274	3
2026-02-12	15:03:50.290	-94.325	-7.63	11.2	0.815448	-0.108824	0.416996	0.1155	0.7635	-0.0375	0	198	274	3
2026-02-12	15:03:50.310	-59.29	-12.215	11.76	0.837408	-0.073688	0.463112	0.1155	0.7635	-0.0375	0	198	274	3
2026-02-12	15:03:50.330	-25.76	-15.26	12.705	0.858636	-0.040504	0.482876	0.105	0.768	-0.033	0	198	274	3
2026-02-12	15:03:50.350	1.96	-16.38	13.685	0.855708	0.00732	0.490928	0.1185	0.7725	-0.0405	0	198	274	3
2026-02-12	15:03:50.370	19.985	-16.695	13.895	0.880596	0.06588	0.485804	0.114	0.7665	-0.033	0	198	274	3
2026-02-12	15:03:50.390	22.26	-15.715	12.425	0.901824	0.132248	0.480192	0.1095	0.7725	-0.039	0	198	274	3
2026-02-12	15:03:50.410	-0.49	-13.825	9.24	0.924028	0.155916	0.420168	0.114	0.7725	-0.0345	0	192	288	3
2026-02-12	15:03:50.430	-33.88	-14.07	5.46	0.970876	0.111264	0.335744	0.1155	0.7755	-0.033	0	192	288	3
2026-02-12	15:03:50.450	-51.1	-16.625	1.645	1.036268	0.061488	0.30622	0.1125	0.78	-0.0285	0	192	288	3
2026-02-12	15:03:50.470	-62.02	-19.74	-1.925	1.093364	0.027328	0.320616	0.111	0.78	-0.027	0	192	288	3
2026-02-12	15:03:50.490	-68.53	-22.96	-4.725	1.153144	-0.016592	0.343552	0.114	0.78	-0.0285	0	192	288	3
2026-02-12	15:03:50.510	-68.95	-23.45	-6.545	1.174616	-0.057828	0.377956	0.111	0.786	-0.0195	0	192	288	3
2026-02-12	15:03:50.530	-62.615	-21.49	-6.51	1.14558	-0.092964	0.3843	0.108	0.7905	-0.003	0	192	288	3
2026-02-12	15:03:50.550	-52.255	-20.02	-5.18	1.147532	-0.112972	0.383568	0.102	0.7845	-0.0075	0	192	288	3
2026-02-12	15:03:50.570	-39.655	-15.47	-1.61	1.0858	-0.118584	0.401136	0.105	0.7905	-0.009	0	192	288	3
2026-02-12	15:03:50.590	-26.845	-10.115	4.655	1.033584	-0.09394	0.395524	0.108	0.789	-0.0045	0	192	288	3
2026-02-12	15:03:50.610	-18.165	-3.815	12.95	0.999668	-0.081252	0.358924	0.105	0.789	0.003	0	187	311	3
2026-02-12	15:03:50.630	-9.31	4.76	26.425	1.018212	-0.061976	0.302316	0.105	0.795	0.0045	0	187	311	3
2026-02-12	15:03:50.650	-4.9	10.465	34.685	1.037976	-0.064416	0.276452	0.102	0.798	0.0015	0	187	311	3
2026-02-12	15:03:50.670	0.98	15.54	41.51	1.082384	-0.064904	0.252296	0.1065	0.804	0.0015	0	187	311	3
2026-02-12	15:03:50.690	4.83	20.405	47.075	1.118252	-0.065148	0.230336	0.114	0.807	0.003	0	187	311	3
2026-02-12	15:03:50.710	5.81	25.41	51.45	1.156072	-0.072712	0.216428	0.111	0.8175	-0.003	0	187	311	3
2026-02-12	15:03:50.730	6.93	30.135	54.11	1.164124	-0.073688	0.219112	0.123	0.8145	-0.003	0	187	311	3
2026-02-12	15:03:50.750	6.265	34.755	56.035	1.124596	-0.071736	0.221796	0.1125	0.8325	-0.012	0	187	311	3
2026-02-12	15:03:50.770	3.78	37.66	58.905	1.078724	-0.074908	0.215696	0.1185	0.834	-0.024	0	187	311	3
2026-02-12	15:03:50.790	1.4	38.64	62.44	1.062376	-0.070272	0.21716	0.1275	0.8385	-0.0165	0	187	311	3
2026-02-12	15:03:50.810	-3.01	38.43	64.855	1.058472	-0.053192	0.227896	0.1245	0.8505	-0.027	0	182	322	3
2026-02-12	15:03:50.830	-7.665	40.11	67.9	0.998692	-0.137372	0.219844	0.144	0.8535	-0.033	0	182	322	3
2026-02-12	15:03:50.850	14.77	41.545	69.825	0.941352	-0.216672	0.19764	0.144	0.8535	-0.033	0	182	322	3
2026-02-12	15:03:50.870	36.33	40.46	69.825	0.893772	-0.194224	0.171532	0.1575	0.87	-0.039	0	182	322	3
2026-02-12	15:03:50.890	42.21	36.435	68.6	0.85766	-0.175436	0.14762	0.171	0.891	-0.0495	0	182	322	3
2026-02-12	15:03:50.910	39.06	29.435	64.995	0.81008	-0.172752	0.140056	0.171	0.8955	-0.054	0	182	322	3
2026-02-12	15:03:50.930	31.815	17.99	59.465	0.787876	-0.148596	0.16592	0.1785	0.8985	-0.06	0	182	322	3
2026-02-12	15:03:50.950	19.81	5.005	50.435	0.803004	-0.120536	0.223016	0.1845	0.9	-0.066	0	182	322	3
2026-02-12	15:03:50.970	0.91	-6.475	37.94	0.812764	-0.105652	0.297192	0.1905	0.903	-0.0705	0	182	322	3
2026-02-12	15:03:50.990	-21.175	-14.945	24.535	0.815448	-0.148108	0.333792	0.1905	0.9015	-0.0675	0	182	322	3
2026-02-12	15:03:51.010	-36.295	-22.12	10.43	0.82106	-0.196908	0.327692	0.195	0.909	-0.072	0	178	312	3
2026-02-12	15:03:51.030	-42.525	-27.405	-3.955	0.849364	-0.234972	0.319152	0.192	0.912	-0.06	0	178	312	3
2026-02-12	15:03:51.050	-35.98	-29.855	-20.16	0.912804	-0.271572	0.311344	0.192	0.9225	-0.057	0	178	312	3
2026-02-12	15:03:51.070	-20.685	-30.66	-33.39	1.002352	-0.28548	0.28548	0.1875	0.9225	-0.054	0	178	312	3
2026-02-12	15:03:51.090	-7.315	-29.75	-40.46	1.012844	-0.26108	0.267668	0.177	0.9195	-0.045	0	178	312	3
2026-02-12	15:03:51.110	2.31	-29.715	-44.45	1.005768	-0.223992	0.253272	0.171	0.915	-0.039	0	178	312	3
2026-02-12	15:03:51.130	10.78	-31.22	-47.67	1.052372	-0.1891	0.249856	0.171	0.912	-0.039	0	178	312	3
2026-02-12	15:03:51.150	17.395	-33.075	-51.8	1.153632	-0.141276	0.282064	0.162	0.9075	-0.024	0	178	312	3
2026-02-12	15:03:51.170	13.79	-31.255	-53.41	1.146068	-0.112484	0.307196	0.1635	0.9	-0.024	0	178	312	3
2026-02-12	15:03:51.190	3.36	-29.785	-51.975	1.136552	-0.111752	0.293044	0.153	0.894	-0.0345	0	178	312	3
2026-02-12	15:03:51.210	1.05	-33.005	-53.9	1.262456	-0.09516	0.305732	0.153	0.879	-0.0225	0	175	299	3
2026-02-12	15:03:51.230	0	-33.425	-56.385	1.337608	-0.07076	0.346724	0.135	0.879	-0.03	0	175	299	3
2026-02-12	15:03:51.250	-6.86	-31.01	-57.54	1.318576	-0.09028	0.355508	0.135	0.876	-0.0165	0	175	299	3
2026-02-12	15:03:51.270	-5.04	-29.155	-62.93	1.34932	-0.09467199	0.330132	0.1215	0.867	-0.015	0	175	299	3
2026-02-12	15:03:51.290	-4.69	-27.405	-70.49	1.464976	-0.054656	0.348676	0.12	0.8565	-0.009	0	175	299	3
2026-02-12	15:03:51.310	-7.875	-21.035	-78.085	1.442528	-0.006832	0.407724	0.1125	0.846	-0.003	0	175	299	3
2026-02-12	15:03:51.330	-13.055	-9.59	-80.675	1.350296	-0.118584	0.319396	0.1065	0.846	-0.003	0	175	299	3
2026-02-12	15:03:51.350	-18.795	6.44	-77.14	1.184864	-0.055632	0.286212	0.1035	0.8355	0	0	175	299	3
2026-02-12	15:03:51.370	-30.87	21.63	-66.08	1.017724	-0.049776	0.210816	0.099	0.8235	0.0015	0	175	299	3
2026-02-12	15:03:51.390	-47.11	32.62	-52.885	0.9089	0.014396	0.163236	0.099	0.8205	-0.009	0	175	299	3
2026-02-12	15:03:51.410	-70.07	38.395	-39.83	0.876692	0.06832	0.137128	0.0945	0.8085	0	0	175	293	3
2026-02-12	15:03:51.430	-94.78	41.825	-28.455	0.870592	0.064172	0.129808	0.093	0.813	0	0	175	293	3
2026-02-12	15:03:51.450	-118.055	45.185	-18.76	0.839116	0.063684	0.1403	0.0915	0.8115	0	0	175	293	3
2026-02-12	15:03:51.470	-146.545	49.63	-10.01	0.785192	0.028548	0.158356	0.096	0.816	-0.0015	0	175	293	3
2026-02-12	15:03:51.490	-168.91	52.08	-5.11	0.73322	-0.027572	0.167872	0.096	0.816	-0.0015	0	175	293	3
2026-02-12	15:03:51.510	-180.32	51.555	-2.8	0.709308	-0.077836	0.179096	0.0945	0.825	-0.0015	0	175	293	3
2026-02-12	15:03:51.530	-180.145	50.33	-2.8	0.7259	-0.117608	0.200324	0.099	0.8385	0.0045	0	175	293	3
2026-02-12	15:03:51.550	-169.435	50.05	-3.43	0.715896	-0.139812	0.197884	0.105	0.8445	0.012	0	175	293	3
2026-02-12	15:03:51.570	-154.105	49.525	-3.465	0.656604	-0.130296	0.18544	0.1005	0.8625	0.012	0	175	293	3
2026-02-12	15:03:51.590	-138.46	45.605	-4.76	0.621956	-0.10614	0.1464	0.1035	0.864	0.0105	0	175	293	3
2026-02-12	15:03:51.610	-127.645	35.98	-8.995	0.64782	-0.100772	0.124928	0.099	0.8655	0.018	0	179	281	3
2026-02-12	15:03:51.630	-117.74	23.345	-15.295	0.660752	-0.125416	0.1525	0.102	0.8685	0.012	0	179	281	3
2026-02-12	15:03:51.650	-100.38	10.71	-22.715	0.681004	-0.15738	0.207156	0.1035	0.876	0.0285	0	179	281	3
2026-02-12	15:03:51.670	-74.585	-0.525	-31.115	0.720532	-0.168604	0.259128	0.1035	0.879	0.03	0	179	281	3
2026-02-12	15:03:51.690	-47.46	-13.125	-42.42	0.755424	-0.170556	0.282064	0.093	0.8745	0.0345	0	179	281	3
2026-02-12	15:03:51.710	-21.35	-24.85	-53.865	0.793488	-0.190808	0.333304	0.0945	0.8685	0.039	0	179	281	3
2026-02-12	15:03:51.730	8.47	-32.165	-62.16	0.835944	-0.212524	0.353068	0.0915	0.858	0.0465	0	179	281	3
2026-02-12	15:03:51.750	38.045	-39.55	-66.815	0.884988	-0.210572	0.34648	0.0855	0.8505	0.051	0	179	281	3
2026-02-12	15:03:51.770	63.56	-47.25	-68.88	0.957212	-0.20008	0.35624	0.084	0.8475	0.054	0	179	281	3
2026-02-12	15:03:51.790	84.77	-53.69	-68.005	1.005524	-0.157868	0.38552	0.0855	0.84	0.054	0	179	281	3
2026-02-12	15:03:51.810	102.48	-57.96	-64.75	1.035536	-0.108824	0.420656	0.075	0.8295	0.054	0	186	270	3
2026-02-12	15:03:51.830	117.25	-58.205	-59.955	1.068964	-0.075396	0.458232	0.075	0.8115	0.066	0	186	270	3
2026-02-12	15:03:51.850	126.35	-55.16	-53.375	1.092388	-0.017568	0.463356	0.0705	0.801	0.0615	0	186	270	3
2026-02-12	15:03:51.870	120.995	-51.1	-46.69	1.116544	0.050264	0.443592	0.0645	0.7905	0.0705	0	186	270	3
2026-02-12	15:03:51.890	101.465	-46.55	-40.705	1.159244	0.088328	0.42334	0.0615	0.7845	0.0735	0	186	270	3
2026-02-12	15:03:51.910	60.9	-40.18	-33.74	1.182912	0.121756	0.39894	0.0615	0.774	0.078	0	186	270	3
2026-02-12	15:03:51.930	37.485	-37.835	-32.165	1.245376	0.113704	0.407968	0.0585	0.7695	0.0855	0	186	270	3
2026-02-12	15:03:51.950	20.02	-35.84	-32.515	1.311988	0.084668	0.421632	0.057	0.759	0.093	0	186	270	3
2026-02-12	15:03:51.970	5.18	-32.515	-32.165	1.382748	0.02074	0.435052	0.054	0.7515	0.0945	0	186	270	3
2026-02-12	15:03:51.990	2.38	-25.025	-30.135	1.429108	-0.069052	0.446764	0.051	0.75	0.0975	0	186	270	3
2026-02-12	15:03:52.010	17.99	-13.335	-23.415	1.388116	-0.126392	0.471652	0.048	0.75	0.0975	0	194	282	3
2026-02-12	15:03:52.030	44.555	0.595	-11.375	1.305156	-0.10492	0.485316	0.0435	0.75	0.111	0	194	282	3
2026-02-12	15:03:52.050	68.18	15.68	5.005	1.220488	-0.063684	0.448472	0.048	0.732	0.108	0	194	282	3
2026-02-12	15:03:52.070	87.255	30.59	23.345	1.167052	-0.019276	0.380884	0.045	0.747	0.105	0	194	282	3
2026-02-12	15:03:52.090	96.74	44.8	39.585	1.11386	0.044408	0.311832	0.048	0.747	0.0975	0	194	282	3
2026-02-12	15:03:52.110	85.155	61.215	55.58	1.052616	0.059292	0.22204	0.0465	0.7515	0.087	0	194	282	3
2026-02-12	15:03:52.130	58.52	72.905	67.62	1.00894	0.053192	0.128344	0.0465	0.7515	0.087	0	194	282	3
2026-02-12	15:03:52.150	29.785	76.335	73.36	0.95892	0.03904	0.112484	0.0525	0.765	0.0705	0	194	282	3
2026-02-12	15:03:52.170	3.99	75.495	77.035	0.928908	-0.000488	0.122976	0.0615	0.786	0.0495	0	194	282	3
2026-02-12	15:03:52.190	-14.665	73.815	80.815	0.927444	-0.059536	0.143716	0.066	0.801	0.039	0	194	282	3
2026-02-12	15:03:52.210	-18.585	74.235	86.1	0.925736	-0.143716	0.18666	0.069	0.81	0.036	0	203	301	3
2026-02-12	15:03:52.230	-10.57	75.67	91.735	0.937936	-0.135664	0.23058	0.0705	0.8175	0.0195	0	203	301	3
2026-02-12	15:03:52.250	-11.06	78.295	97.37	0.945988	-0.13542	0.222772	0.087	0.8325	0.0285	0	203	301	3
2026-02-12	15:03:52.270	-16.975	80.185	104.545	0.932324	-0.17324	0.185196	0.0885	0.8475	0.015	0	203	301	3
2026-02-12	15:03:52.290	-23.345	78.715	111.685	0.89792	-0.203496	0.136152	0.096	0.864	0	0	203	301	3
2026-02-12	15:03:52.310	-24.22	73.36	117.425	0.865712	-0.201788	0.103456	0.114	0.888	-0.003	0	203	301	3
2026-02-12	15:03:52.330	-20.09	64.575	121.765	0.818864	-0.182268	0.088816	0.132	0.897	-0.0165	0	203	301	3
2026-02-12	15:03:52.350	-14.665	54.285	122.85	0.80154	-0.175436	0.0793	0.1455	0.9165	-0.0195	0	203	301	3
2026-02-12	15:03:52.370	-8.645	46.235	121.205	0.780312	-0.192516	0.081496	0.165	0.945	-0.0225	0	203	301	3
2026-02-12	15:03:52.390	2.03	37.87	116.865	0.773236	-0.225456	0.091988	0.1695	0.9585	-0.027	0	203	301	3
2026-02-12	15:03:52.410	19.74	30.275	110.355	0.790804	-0.277428	0.103944	0.1695	0.963	-0.0315	0	211	294	3
2026-02-12	15:03:52.430	41.755	23.135	103.355	0.813008	-0.317688	0.125416	0.201	0.9705	-0.03	0	211	294	3
2026-02-12	15:03:52.450	73.745	17.185	96.495	0.852536	-0.392108	0.157868	0.213	0.984	-0.045	0	211	294	3
2026-02-12	15:03:52.470	115.71	14.84	90.58	0.874008	-0.420168	0.199592	0.222	0.9885	-0.0465	0	211	294	3
2026-02-12	15:03:52.490	159.04	14.35	85.575	0.872056	-0.388448	0.23668	0.2355	0.99	-0.063	0	211	294	3
2026-02-12	15:03:52.510	194.355	12.95	79.485	0.887672	-0.314516	0.263276	0.249	0.993	-0.0765	0	211	294	3
2026-02-12	15:03:52.530	212.45	9.59	72.1	0.9089	-0.241316	0.297192	0.2565	0.981	-0.102	0	211	294	3
2026-02-12	15:03:52.550	204.435	0.98	61.53	0.883036	-0.09467199	0.361852	0.2685	0.972	-0.1245	0	211	294	3
2026-02-12	15:03:52.570	179.235	-8.19	54.67	0.85278	0.009028	0.415532	0.2745	0.9585	-0.144	0	211	294	3
2026-02-12	15:03:52.590	142.24	-22.26	45.885	0.880352	0.102724	0.465308	0.282	0.939	-0.1665	0	211	294	3
2026-02-12	15:03:52.610	93.555	-41.615	34.51	0.949892	0.144936	0.510448	0.282	0.927	-0.174	0	218	277	3
2026-02-12	15:03:52.630	41.58	-65.24	21.35	1.027972	0.118096	0.541192	0.2805	0.9225	-0.18	0	218	277	3
2026-02-12	15:03:52.650	2.555	-91.245	7	1.148996	0.027816	0.574864	0.276	0.918	-0.1905	0	218	277	3
2026-02-12	15:03:52.670	-6.3	-112.56	-9.835	1.323456	-0.06954	0.660264	0.2685	0.9165	-0.1725	0	218	277	3
2026-02-12	15:03:52.690	9.24	-124.25	-25.2	1.384944	-0.121024	0.66856	0.252	0.9195	-0.1695	0	218	277	3
2026-02-12	15:03:52.710	30.625	-127.26	-35.21	1.350296	-0.083448	0.63806	0.243	0.9195	-0.162	0	218	277	3
2026-02-12	15:03:52.730	48.895	-121.975	-42.91	1.28222	-0.003904	0.624884	0.2235	0.9135	-0.15	0	218	277	3
2026-02-12	15:03:52.750	50.19	-104.265	-50.4	1.12606	0.066368	0.560224	0.21	0.9105	-0.135	0	218	277	3
2026-02-12	15:03:52.770	25.13	-81.725	-57.47	1.01504	0.121024	0.412604	0.21	0.9105	-0.135	0	218	277	3
2026-02-12	15:03:52.790	-12.005	-66.15	-69.58	0.973316	0.161528	0.262056	0.189	0.8925	-0.126	0	218	277	3
2026-02-12	15:03:52.810	-54.81	-51.835	-81.585	0.930616	0.10614	0.161284	0.1665	0.873	-0.111	0	225	290	3
2026-02-12	15:03:52.830	-97.58	-40.39	-91.385	0.915	0.065392	0.105408	0.1575	0.8715	-0.099	0	225	290	3
2026-02-12	15:03:52.850	-138.915	-31.92	-98.28	0.908656	0.003904	0.089304	0.1485	0.8715	-0.093	0	225	290	3
2026-02-12	15:03:52.870	-177.52	-24.43	-102.025	0.9028	-0.049532	0.106628	0.138	0.864	-0.084	0	225	290	3
2026-02-12	15:03:52.890	-213.465	-16.38	-101.955	0.900604	-0.101992	0.134932	0.1275	0.87	-0.0675	0	225	290	3
2026-02-12	15:03:52.910	-237.65	-7.665	-97.23	0.870592	-0.1769	0.156648	0.1215	0.864	-0.057	0	225	290	3
2026-02-12	15:03:52.930	-243.95	0.21	-90.58	0.829844	-0.2196	0.182512	0.123	0.87	-0.036	0	225	290	3
2026-02-12	15:03:52.950	-232.68	5.985	-83.23	0.812764	-0.246684	0.212768	0.1095	0.876	-0.024	0	225	290	3
2026-02-12	15:03:52.970	-199.57	12.18	-74.165	0.778848	-0.232044	0.24888	0.096	0.876	-0.0105	0	225	290	3
2026-02-12	15:03:52.990	-152.635	17.325	-66.92	0.73078	-0.20252	0.254004	0.093	0.8745	0.0015	0	225	290	3
2026-02-12	15:03:53.010	-108.535	18.83	-62.685	0.684664	-0.19886	0.214964	0.087	0.8715	0.024	0	233	302	3
2026-02-12	15:03:53.030	-68.075	15.89	-59.08	0.661728	-0.192272	0.186904	0.087	0.8685	0.03	0	233	302	3
2026-02-12	15:03:53.050	-33.67	10.5	-57.085	0.70638	-0.203496	0.198616	0.0855	0.8655	0.0255	0	233	302	3
2026-02-12	15:03:53.070	0.77	6.65	-56.175	0.751032	-0.208376	0.230824	0.0795	0.864	0.0255	0	233	302	3
2026-02-12	15:03:53.090	28.735	4.55	-53.76	0.7625	-0.171776	0.244244	0.081	0.8505	0.0225	0	233	302	3
2026-02-12	15:03:53.110	42.49	1.61	-49.42	0.7869	-0.130296	0.243512	0.078	0.8415	0.024	0	233	302	3
2026-02-12	15:03:53.130	45.255	-1.82	-45.465	0.8601	-0.082228	0.24766	0.084	0.828	0.0195	0	233	302	3
2026-02-12	15:03:53.150	43.995	-3.36	-42.735	0.91622	-0.050508	0.288896	0.084	0.8265	0.0225	0	233	302	3
2026-02-12	15:03:53.170	36.575	-2.485	-37.345	0.9028	-0.009272	0.304756	0.0765	0.816	0.0135	0	233	302	3
2026-02-12	15:03:53.190	11.69	-5.67	-26.285	0.965264	0.036356	0.313296	0.069	0.8055	0.0105	0	233	302	3
2026-02-12	15:03:53.210	-4.865	-7.175	-20.51	1.02236	0.062708	0.36478	0.0675	0.801	0.015	0	239	298	3
2026-02-12	15:03:53.230	-21.035	-6.79	-15.12	1.02968	0.089792	0.4026	0.066	0.795	0.018	0	239	298	3
2026-02-12	15:03:53.250	-40.145	-7.07	-8.54	0.998936	0.083936	0.384544	0.063	0.798	0.0225	0	239	298	3
2026-02-12	15:03:53.270	-58.52	-8.225	-1.365	0.937448	0.052216	0.351604	0.0615	0.801	0.027	0	239	298	3
2026-02-12	15:03:53.290	-64.61	-12.355	3.43	0.93696	0.018788	0.35746	0.063	0.7995	0.0255	0	239	298	3
2026-02-12	15:03:53.310	-59.71	-16.135	6.3	0.908656	0.009272	0.397476	0.0645	0.807	0.0255	0	239	298	3
2026-02-12	15:03:53.330	-49	-19.215	8.54	0.876692	0.003904	0.411384	0.063	0.8055	0.0345	0	239	298	3
2026-02-12	15:03:53.350	-35.105	-22.54	9.905	0.860832	0.00244	0.414556	0.069	0.801	0.042	0	239	298	3
2026-02-12	15:03:53.370	-18.935	-25.62	8.19	0.888648	0.028304	0.429928	0.0645	0.807	0.042	0	239	298	3
2026-02-12	15:03:53.390	-6.37	-27.895	2.52	0.911828	0.052948	0.429928	0.0615	0.816	0.0465	0	239	298	3
2026-02-12	15:03:53.410	-3.885	-29.995	-3.115	0.9516	0.050508	0.407236	0.0615	0.816	0.0465	0	241	301	3
2026-02-12	15:03:53.430	-5.075	-31.675	-7.105	1.0004	0.043676	0.395524	0.06	0.8175	0.0555	0	241	301	3
2026-02-12	15:03:53.450	-3.675	-32.165	-10.99	1.046272	0.040504	0.404308	0.063	0.813	0.0645	0	241	301	3
2026-02-12	15:03:53.470	-3.22	-30.765	-13.615	1.049444	0.039284	0.399672	0.0615	0.807	0.0675	0	241	301	3
2026-02-12	15:03:53.490	-2.59	-29.61	-14.14	1.090924	0.026352	0.3721	0.0585	0.8055	0.069	0	241	301	3
2026-02-12	15:03:53.510	-0.28	-29.26	-12.985	1.167296	0.022204	0.345992	0.0615	0.804	0.069	0	241	301	3
2026-02-12	15:03:53.530	1.82	-29.33	-9.66	1.234396	0.027816	0.343796	0.06	0.804	0.078	0	241	301	3
2026-02-12	15:03:53.550	2.275	-29.12	-5.39	1.315892	0.049532	0.3599	0.0555	0.8025	0.0855	0	241	301	3
2026-02-12	15:03:53.570	0.735	-28.525	-1.47	1.413004	0.05734	0.379908	0.06	0.807	0.084	0	241	301	3
2026-02-12	15:03:53.590	-0.805	-26.775	1.47	1.483764	0.056852	0.3965	0.063	0.8025	0.09	0	241	301	3
2026-02-12	15:03:53.610	0.665	-21.665	6.685	1.406904	0.019764	0.4331	0.057	0.801	0.096	0	239	316	3
2026-02-12	15:03:53.630	12.705	-15.155	13.545	1.247328	0.002684	0.465064	0.0555	0.801	0.0975	0	239	316	3
2026-02-12	15:03:53.650	29.89	-9.17	19.53	1.141432	0.0305	0.4392	0.054	0.8055	0.102	0	239	316	3
2026-02-12	15:03:53.670	43.19	-4.2	25.2	1.14192	0.03782	0.362584	0.057	0.8115	0.1035	0	239	316	3
2026-02-12	15:03:53.690	49.105	1.295	30.59	1.155584	0.009272	0.266204	0.0615	0.819	0.1005	0	239	316	3
2026-02-12	15:03:53.710	45.78	5.67	35.665	1.083116	-0.002684	0.199592	0.0645	0.822	0.096	0	239	316	3
2026-02-12	15:03:53.730	42.35	6.055	36.995	1.05286	-0.046848	0.180804	0.0615	0.8295	0.1005	0	239	316	3
2026-02-12	15:03:53.750	45.78	5.67	36.925	1.058472	-0.084912	0.189344	0.0735	0.8235	0.0945	0	239	316	3
2026-02-12	15:03:53.770	51.38	8.155	38.43	1.020896	-0.074908	0.183	0.069	0.8385	0.099	0	239	316	3
2026-02-12	15:03:53.790	62.02	11.865	38.255	0.957944	-0.061244	0.16348	0.066	0.8385	0.09	0	239	316	3
2026-02-12	15:03:53.810	64.435	15.82	38.22	0.894016	-0.05002	0.154208	0.0735	0.8415	0.09	0	236	326	3
2026-02-12	15:03:53.830	52.01	21.035	40.705	0.766892	-0.108336	0.123464	0.0855	0.8505	0.087	0	236	326	3
2026-02-12	15:03:53.850	47.075	21.105	43.68	0.707844	-0.11224	0.118584	0.0825	0.8565	0.081	0	236	326	3
2026-02-12	15:03:53.870	46.27	21	47.915	0.674172	-0.106384	0.122976	0.0855	0.867	0.0705	0	236	326	3
2026-02-12	15:03:53.890	49.595	20.23	52.36	0.690032	-0.088572	0.129076	0.087	0.873	0.069	0	236	326	3
2026-02-12	15:03:53.910	50.96	20.825	54.355	0.7198	-0.079544	0.127612	0.0915	0.876	0.063	0	236	326	3
2026-02-12	15:03:53.930	45.99	23.17	57.47	0.703452	-0.094184	0.113704	0.099	0.8775	0.057	0	236	326	3
2026-02-12	15:03:53.950	41.65	23.415	60.34	0.737368	-0.104188	0.085888	0.1065	0.885	0.051	0	236	326	3
2026-02-12	15:03:53.970	37.205	23.52	62.3	0.779092	-0.111264	0.0671	0.1095	0.891	0.039	0	236	326	3
2026-02-12	15:03:53.990	32.445	23.765	63.105	0.779824	-0.101992	0.050752	0.1095	0.9015	0.048	0	236	326	3
2026-02-12	15:03:54.010	27.965	22.505	63.91	0.793244	-0.10004	0.036356	0.1155	0.912	0.03	0	233	308	3
2026-02-12	15:03:54.030	23.345	17.01	62.09	0.854976	-0.092232	0.035624	0.123	0.9225	0.0285	0	233	308	3
2026-02-12	15:03:54.050	19.355	10.43	57.12	0.892796	-0.0976	0.053192	0.123	0.9225	0.0285	0	233	308	3
2026-02-12	15:03:54.070	20.475	3.255	50.82	0.956236	-0.100284	0.070272	0.132	0.9285	0.0225	0	233	308	3
2026-02-12	15:03:54.090	23.17	-4.55	42.14	1.018212	-0.104676	0.10126	0.1455	0.9435	0.018	0	233	308	3
2026-02-12	15:03:54.110	28.28	-11.62	31.045	1.060424	-0.11346	0.139324	0.156	0.948	0.0195	0	233	308	3
2026-02-12	15:03:54.130	38.675	-18.62	17.78	1.159976	-0.13786	0.177632	0.159	0.9465	0.018	0	233	308	3
2026-02-12	15:03:54.150	49.315	-22.82	4.62	1.241228	-0.142252	0.191296	0.156	0.948	0.015	0	233	308	3
2026-02-12	15:03:54.170	55.79	-25.13	-4.97	1.268068	-0.119316	0.169336	0.1485	0.945	0.0165	0	233	308	3
2026-02-12	15:03:54.190	58.205	-27.895	-13.65	1.315648	-0.090524	0.13542	0.1575	0.948	0.0135	0	233	308	3
2026-02-12	15:03:54.210	53.655	-31.71	-20.895	1.379332	-0.063196	0.077348	0.1425	0.942	0.012	0	232	267	3
2026-02-12	15:03:54.230	39.83	-38.045	-26.775	1.399584	-0.042944	0.02806	0.141	0.9405	0.0165	0	232	267	3
2026-02-12	15:03:54.250	29.19	-50.295	-34.895	1.422276	-0.086376	0.0549	0.153	0.93	0.006	0	232	267	3
2026-02-12	15:03:54.270	35.805	-59.955	-41.475	1.402512	-0.122244	0.1403	0.1425	0.9225	0.015	0	232	267	3
2026-02-12	15:03:54.290	52.99	-63.56	-43.05	1.319308	-0.126148	0.198128	0.1305	0.915	0.0225	0	232	267	3
2026-02-12	15:03:54.310	73.08	-64.75	-42.21	1.203896	0.01342	0.203496	0.126	0.9105	0.0225	0	232	267	3
2026-02-12	15:03:54.330	64.785	-67.585	-44.66	1.03944	0.30866	0.124196	0.117	0.9075	0.027	0	232	267	3
2026-02-12	15:03:54.350	45.85	-69.825	-48.895	0.97844	0.20008	0.163236	0.1125	0.9015	0.0315	0	232	267	3
2026-02-12	15:03:54.370	64.82	-66.115	-50.61	1.019188	0.02562	0.2745	0.114	0.8955	0.036	0	232	267	3
2026-02-12	15:03:54.390	87.885	-50.225	-50.085	1.021628	0.07124799	0.314516	0.0975	0.8835	0.033	0	232	267	3
2026-02-12	15:03:54.410	82.425	-27.615	-50.19	1.035536	0.168604	0.269132	0.0945	0.8835	0.0465	0	232	228	3
2026-02-12	15:03:54.430	48.125	-2.1	-51.415	1.00894	0.233264	0.15372	0.0945	0.87	0.0435	0	232	228	3
2026-02-12	15:03:54.450	-4.375	21.105	-53.725	0.968436	0.246684	0.00488	0.0855	0.8565	0.0435	0	232	228	3
2026-02-12	15:03:54.470	-66.92	43.855	-58.625	0.907924	0.098332	-0.117364	0.09	0.8505	0.045	0	232	228	3
2026-02-12	15:03:54.490	-85.645	51.94	-56.42	0.865224	0.05856	-0.12932	0.084	0.846	0.042	0	232	228	3
2026-02-12	15:03:54.510	-104.93	55.72	-50.54	0.83082	0.076128	-0.091256	0.084	0.843	0.0345	0	232	228	3
2026-02-12	15:03:54.530	-134.855	57.505	-42.84	0.792756	0.054168	-0.045628	0.087	0.84	0.027	0	232	228	3
2026-02-12	15:03:54.550	-161.56	57.05	-33.495	0.766648	-0.02074	0.00122	0.0825	0.8385	0.0255	0	232	228	3
2026-02-12	15:03:54.570	-177.66	55.16	-23.485	0.774456	-0.065148	0.061976	0.081	0.8445	0.0315	0	232	228	3
2026-02-12	15:03:54.590	-186.725	52.99	-13.58	0.784216	-0.099308	0.121756	0.084	0.8475	0.036	0	232	228	3
2026-02-12	15:03:54.610	-195.86	51.205	-3.64	0.738832	-0.114924	0.152988	0.087	0.849	0.033	0	235	194	3
2026-02-12	15:03:54.630	-203.245	47.635	4.83	0.670024	-0.102724	0.161772	0.0855	0.855	0.033	0	235	194	3
2026-02-12	15:03:54.650	-202.79	41.58	7.945	0.670268	-0.119804	0.19154	0.096	0.852	0.0405	0	235	194	3
2026-02-12	15:03:54.670	-178.22	35.21	6.44	0.669048	-0.134932	0.190564	0.0855	0.867	0.0495	0	235	194	3
2026-02-12	15:03:54.690	-141.365	27.615	2.835	0.630984	-0.1403	0.161772	0.0855	0.867	0.0495	0	235	194	3
2026-02-12	15:03:54.710	-101.255	19.95	-2.66	0.667584	-0.167872	0.186904	0.0915	0.873	0.06	0	235	194	3
2026-02-12	15:03:54.730	-54.81	12.88	-9.205	0.75152	-0.206424	0.197396	0.0945	0.882	0.0705	0	235	194	3
2026-02-12	15:03:54.750	-6.93	7.105	-14.77	0.801052	-0.218136	0.195688	0.0915	0.8805	0.075	0	235	194	3
2026-02-12	15:03:54.770	38.325	0.14	-17.57	0.82106	-0.195444	0.204472	0.093	0.876	0.0765	0	235	194	3
2026-02-12	15:03:54.790	78.26	-8.19	-19.005	0.882792	-0.161772	0.229604	0.0945	0.873	0.069	0	235	194	3
2026-02-12	15:03:54.810	111.23	-14.63	-19.565	0.955748	-0.106384	0.271084	0.0975	0.87	0.066	0	238	172	3
2026-02-12	15:03:54.830	131.39	-18.935	-18.69	1.0004	-0.039528	0.315492	0.093	0.876	0.0645	0	238	172	3
2026-02-12	15:03:54.850	134.575	-20.51	-15.155	1.009916	0.023668	0.352336	0.0915	0.87	0.051	0	238	172	3
2026-02-12	15:03:54.870	125.335	-20.79	-9.03	0.992348	0.09516	0.40138	0.0915	0.8625	0.042	0	238	172	3
2026-02-12	15:03:54.890	94.64	-24.885	0.035	0.9943	0.192516	0.442616	0.087	0.855	0.039	0	238	172	3
2026-02-12	15:03:54.910	48.44	-24.045	8.015	0.948184	0.236192	0.460916	0.081	0.849	0.0405	0	238	172	3
2026-02-12	15:03:54.930	9.695	-21.805	13.615	0.939156	0.22692	0.443592	0.081	0.8445	0.0405	0	238	172	3
2026-02-12	15:03:54.950	-19.355	-20.335	15.47	1.012356	0.191784	0.40382	0.0885	0.8445	0.0405	0	238	172	3
2026-02-12	15:03:54.970	-44.38	-18.025	16.415	0.997716	0.147376	0.328424	0.0885	0.8475	0.042	0	238	172	3
2026-02-12	15:03:54.990	-69.545	-19.53	16.275	1.040172	0.097844	0.25986	0.084	0.855	0.051	0	238	172	3
2026-02-12	15:03:55.010	-87.605	-21.735	13.58	1.089948	0.02684	0.226676	0.0855	0.858	0.06	0	242	182	3
2026-02-12	15:03:55.030	-89.95	-21.28	10.325	1.129232	-0.03416	0.269376	0.0975	0.855	0.06	0	242	182	3
2026-02-12	15:03:55.050	-79.275	-20.685	5.81	1.228296	-0.036112	0.31354	0.093	0.8655	0.072	0	242	182	3
2026-02-12	15:03:55.070	-75.32	-18.97	1.82	1.286612	-0.047092	0.296948	0.0945	0.867	0.072	0	242	182	3
2026-02-12	15:03:55.090	-78.26	-20.055	-0.7	1.348588	-0.072956	0.270596	0.0915	0.8655	0.0885	0	242	182	3
2026-02-12	15:03:55.110	-73.885	-26.145	-6.51	1.372256	-0.131028	0.311832	0.09	0.8685	0.0975	0	242	182	3
2026-02-12	15:03:55.130	-61.95	-28.49	-9.205	1.263188	-0.142008	0.35868	0.087	0.8685	0.105	0	242	182	3
2026-02-12	15:03:55.150	-44.695	-30.38	-10.535	1.159976	-0.134688	0.387228	0.0885	0.864	0.114	0	242	182	3
2026-02-12	15:03:55.170	-24.325	-31.675	-10.71	1.120204	-0.14152	0.38186	0.0915	0.8655	0.123	0	242	182	3
2026-02-12	15:03:55.190	-0.805	-31.92	-9.415	1.136552	-0.162016	0.351848	0.09	0.8685	0.1305	0	242	182	3
2026-02-12	15:03:55.210	24.92	-29.4	-5.845	1.153876	-0.155672	0.325008	0.087	0.8655	0.135	0	245	211	3
2026-02-12	15:03:55.230	43.995	-23.59	-0.7	1.159732	-0.112972	0.283772	0.084	0.8625	0.1395	0	245	211	3
2026-02-12	15:03:55.250	52.43	-16.345	3.815	1.1834	-0.080764	0.250344	0.093	0.8625	0.1425	0	245	211	3
2026-02-12	15:03:55.270	48.37	-7.035	7.91	1.148264	-0.077836	0.216916	0.0885	0.867	0.1425	0	245	211	3
2026-02-12	15:03:55.290	40.32	2.415	13.125	1.067012	-0.07564	0.162992	0.09	0.867	0.1395	0	245	211	3
2026-02-12	15:03:55.310	43.995	10.08	17.535	0.969656	-0.065148	0.101748	0.0945	0.8715	0.135	0	245	211	3
2026-02-12	15:03:55.330	47.46	14.665	23.765	0.823256	-0.057096	0.08906	0.0945	0.8715	0.135	0	245	211	3
2026-02-12	15:03:55.350	41.615	15.015	28.07	0.714676	-0.038064	0.074176	0.096	0.876	0.126	0	245	211	3
2026-02-12	15:03:55.370	42.28	11.2	27.72	0.682956	-0.003172	0.144692	0.093	0.8865	0.117	0	245	211	3
2026-02-12	15:03:55.390	43.47	9.38	25.655	0.636596	-0.016592	0.172996	0.093	0.894	0.114	0	245	211	3
2026-02-12	15:03:55.410	24.535	5.215	24.15	0.622444	0.023912	0.229848	0.096	0.894	0.1125	0	247	234	3
2026-02-12	15:03:55.430	-6.265	-2.45	17.29	0.765916	-0.088816	0.242292	0.1005	0.8955	0.1095	0	247	234	3
2026-02-12	15:03:55.450	-6.93	-5.95	6.02	0.85156	-0.196908	0.303048	0.105	0.897	0.1065	0	247	234	3
2026-02-12	15:03:55.470	2.94	-4.375	-1.925	0.853756	-0.23302	0.321592	0.099	0.894	0.1065	0	247	234	3
2026-02-12	15:03:55.490	11.935	-0.595	-8.54	0.855952	-0.294508	0.271084	0.099	0.894	0.12	0	247	234	3
2026-02-12	15:03:55.510	26.18	3.605	-13.545	0.89548	-0.346236	0.196664	0.102	0.8985	0.111	0	247	234	3
2026-02-12	15:03:55.530	50.75	9.52	-12.74	0.915732	-0.321836	0.11956	0.102	0.897	0.1155	0	247	234	3
2026-02-12	15:03:55.550	72.205	12.74	-6.405	0.903288	-0.270352	0.0732	0.102	0.897	0.1065	0	247	234	3
2026-02-12	15:03:55.570	88.06	12.95	1.435	0.919636	-0.238144	0.055876	0.1035	0.8955	0.096	0	247	234	3
2026-02-12	15:03:55.590	100.975	13.265	10.255	0.947696	-0.193004	0.064904	0.1035	0.8955	0.087	0	247	234	3
2026-02-12	15:03:55.610	110.565	14.035	19.005	1.014064	-0.138104	0.101748	0.1005	0.894	0.0795	0	248	236	3
2026-02-12	15:03:55.630	106.89	17.22	28.595	1.002596	-0.098332	0.126392	0.1005	0.8925	0.066	0	248	236	3
2026-02-12	15:03:55.650	92.505	18.725	38.57	1.026508	-0.09882	0.128588	0.1035	0.897	0.0525	0	248	236	3
2026-02-12	15:03:55.670	82.565	17.255	45.43	1.141432	-0.11102	0.141276	0.105	0.9	0.051	0	248	236	3
2026-02-12	15:03:55.690	77.385	15.82	50.645	1.267092	-0.126636	0.141276	0.1065	0.9015	0.045	0	248	236	3
2026-02-12	15:03:55.710	71.89	14.105	56.91	1.332972	-0.133956	0.11834	0.1155	0.9105	0.033	0	248	236	3
2026-02-12	15:03:55.730	69.72	10.78	64.4	1.362252	-0.147864	0.100528	0.1155	0.909	0.027	0	248	236	3
2026-02-12	15:03:55.750	49.35	-0.525	70.665	1.406416	0.215208	0.008784	0.1215	0.9105	0.0225	0	248	236	3
2026-02-12	15:03:55.770	-3.71	-9.31	70.735	1.369572	0.363072	-0.045384	0.132	0.9195	0.012	0	248	236	3
2026-02-12	15:03:55.790	-62.3	-21.735	67.97	1.360788	0.313784	-0.042944	0.144	0.9345	0.0135	0	248	236	3
2026-02-12	15:03:55.810	-94.08	-31.815	59.605	1.371036	0.19642	0.022692	0.144	0.942	0.0255	0	248	217	3
2026-02-12	15:03:55.830	-95.095	-35.945	45.22	1.41276	0.107604	0.085644	0.153	0.951	0.0315	0	248	217	3
2026-02-12	15:03:55.850	-91.35	-33.74	28	1.358104	0.122	0.08686399	0.159	0.966	0.0465	0	248	217	3
2026-02-12	15:03:55.870	-90.16	-29.89	10.395	1.23586	0.137372	0.053924	0.153	0.969	0.063	0	248	217	3
2026-02-12	15:03:55.890	-79.485	-26.04	-8.68	1.13582	0.08906	0.040992	0.1485	0.966	0.072	0	248	217	3
2026-02-12	15:03:55.910	-43.82	-18.725	-28.945	1.075308	0.009272	0.085156	0.1575	0.9705	0.084	0	248	217	3
2026-02-12	15:03:55.930	9.275	-6.475	-44.31	1.02358	-0.000976	0.111752	0.156	0.9675	0.084	0	248	217	3
2026-02-12	15:03:55.950	59.605	9.38	-54.39	0.924272	0.091256	0.066368	0.153	0.9705	0.09	0	248	217	3
2026-02-12	15:03:55.970	85.925	20.86	-60.445	0.809592	0.19032	0.006344	0.153	0.9705	0.09	0	248	217	3
2026-02-12	15:03:55.990	79.31	23.765	-64.855	0.784216	0.263276	-0.016592	0.138	0.9585	0.0765	0	248	217	3
2026-02-12	15:03:56.010	56.35	23.205	-71.4	0.852292	0.266204	0.000244	0.1215	0.939	0.0555	0	250	183	3
2026-02-12	15:03:56.030	22.155	24.36	-76.545	0.904264	0.240584	0.017568	0.1185	0.9225	0.0495	0	250	183	3
2026-02-12	15:03:56.050	-22.015	26.985	-76.65	0.87962	0.236924	0.020008	0.1155	0.909	0.045	0	250	183	3
2026-02-12	15:03:56.070	-73.745	25.935	-75.88	0.887184	0.218136	0.00976	0.114	0.9015	0.045	0	250	183	3
2026-02-12	15:03:56.090	-118.37	24.535	-75.25	0.89182	0.08906	0.023912	0.1155	0.9	0.051	0	250	183	3
2026-02-12	15:03:56.110	-143.815	25.41	-72.765	0.801052	-0.005612	0.069296	0.099	0.9	0.042	0	250	183	3
2026-02-12	15:03:56.130	-152.075	24.885	-68.075	0.731268	-0.056852	0.1037	0.1035	0.891	0.0585	0	250	183	3
2026-02-12	15:03:56.150	-149.59	22.715	-65.205	0.742248	-0.081008	0.11102	0.096	0.888	0.0735	0	250	183	3
2026-02-12	15:03:56.170	-137.305	19.845	-64.96	0.781776	-0.117364	0.1098	0.0885	0.882	0.075	0	250	183	3
2026-02-12	15:03:56.190	-118.44	16.24	-64.61	0.77592	-0.151768	0.101992	0.0855	0.876	0.078	0	250	183	3
2026-02-12	15:03:56.210	-97.895	11.655	-63.42	0.782508	-0.153232	0.089548	0.078	0.8655	0.084	0	252	148	3
2026-02-12	15:03:56.230	-76.65	4.305	-63.455	0.863028	-0.155428	0.08662	0.072	0.8595	0.0915	0	252	148	3
2026-02-12	15:03:56.250	-51.66	-1.365	-64.54	0.91256	-0.183	0.149328	0.0705	0.8535	0.0945	0	252	148	3
2026-02-12	15:03:56.270	-18.305	-1.855	-63.245	0.892552	-0.19642	0.208376	0.066	0.849	0.0975	0	252	148	3
2026-02-12	15:03:56.290	10.99	-2.765	-58.135	0.857904	-0.155916	0.200324	0.063	0.8415	0.102	0	252	148	3
2026-02-12	15:03:56.310	25.9	-6.545	-50.715	0.8235	-0.129076	0.179096	0.0645	0.834	0.1065	0	252	148	3
2026-02-12	15:03:56.330	33.215	-12.425	-42.525	0.80764	-0.13054	0.174948	0.054	0.825	0.102	0	252	148	3
2026-02-12	15:03:56.350	44.1	-18.305	-33.845	0.8174	-0.126636	0.22326	0.057	0.825	0.105	0	252	148	3
2026-02-12	15:03:56.370	60.865	-19.775	-24.29	0.815448	-0.095648	0.302316	0.054	0.8115	0.1035	0	252	148	3
2026-02-12	15:03:56.390	70.56	-18.935	-9.625	0.838628	0.018056	0.325984	0.0555	0.81	0.096	0	252	148	3
2026-02-12	15:03:56.410	60.235	-18.55	-1.995	0.900848	0.054656	0.357948	0.0525	0.8055	0.096	0	253	134	3
2026-02-12	15:03:56.430	45.465	-16.065	3.465	0.943548	0.085888	0.382592	0.048	0.8025	0.0975	0	253	134	3
2026-02-12	15:03:56.450	24.395	-14.105	8.61	0.973804	0.122244	0.367464	0.0525	0.804	0.1005	0	253	134	3
2026-02-12	15:03:56.470	-1.785	-14.945	13.72	1.047004	0.13786	0.346724	0.0555	0.804	0.102	0	253	134	3
2026-02-12	15:03:56.490	-26.04	-16.87	17.29	1.128012	0.11956	0.356484	0.057	0.804	0.105	0	253	134	3
2026-02-12	15:03:56.510	-41.615	-17.535	20.58	1.196332	0.10736	0.404796	0.057	0.81	0.1125	0	253	134	3
2026-02-12	15:03:56.530	-47.74	-17.605	23.45	1.24684	0.093452	0.437492	0.0555	0.8145	0.117	0	253	134	3
2026-02-12	15:03:56.550	-47.11	-16.485	27.3	1.242692	0.064172	0.449204	0.054	0.8145	0.1125	0	253	134	3
2026-02-12	15:03:56.570	-39.2	-17.43	29.435	1.290516	0.05124	0.459452	0.051	0.8235	0.1185	0	253	134	3
2026-02-12	15:03:56.590	-21.42	-18.13	28.42	1.431548	0.048556	0.501664	0.0555	0.8205	0.1335	0	253	134	3
2026-02-12	15:03:56.610	-0.63	-13.16	27.125	1.569164	0.05978	0.55754	0.0555	0.8205	0.1335	0	254	159	3
2026-02-12	15:03:56.630	9.625	-0.525	29.54	1.502064	0.088328	0.547048	0.06	0.825	0.1335	0	254	159	3
2026-02-12	15:03:56.650	10.29	14.245	36.085	1.362984	0.097844	0.470676	0.063	0.8295	0.1335	0	254	159	3
2026-02-12	15:03:56.670	1.61	25.235	44.87	1.246596	0.092476	0.360632	0.063	0.8385	0.1305	0	254	159	3
2026-02-12	15:03:56.690	-8.785	31.64	53.13	1.158268	0.061732	0.269132	0.069	0.8505	0.129	0	254	159	3
2026-02-12	15:03:56.710	-15.05	32.76	59.465	1.13582	0.0305	0.216672	0.069	0.8565	0.126	0	254	159	3
2026-02-12	15:03:56.730	-15.47	32.095	65.73	1.151924	0.00244	0.202276	0.0705	0.8655	0.117	0	254	159	3
2026-02-12	15:03:56.750	-13.3	32.55	71.26	1.124352	-0.011712	0.208132	0.0735	0.87	0.114	0	254	159	3
2026-02-12	15:03:56.770	-8.82	32.55	73.08	1.13216	-0.05734	0.244976	0.0885	0.882	0.1185	0	254	159	3
2026-02-12	15:03:56.790	-7.245	35.665	75.005	1.0919	-0.05856	0.262544	0.0825	0.903	0.1005	0	254	159	3
2026-02-12	15:03:56.810	-9.59	37.73	73.5	1.03578	-0.061488	0.252784	0.0975	0.8985	0.108	0	256	205	3
2026-02-12	15:03:56.830	-7.595	37.275	68.74	0.91134	-0.072956	0.206912	0.1005	0.9105	0.1005	0	256	205	3
2026-02-12	15:03:56.850	-2.87	33.95	62.72	0.820084	-0.092964	0.16836	0.1065	0.93	0.0855	0	256	205	3
2026-02-12	15:03:56.870	4.725	29.61	55.93	0.724924	-0.122488	0.132248	0.114	0.942	0.081	0	256	205	3
2026-02-12	15:03:56.890	13.405	23.695	49.56	0.640012	-0.1403	0.106872	0.123	0.9495	0.081	0	256	205	3
2026-02-12	15:03:56.910	22.47	18.025	45.605	0.565592	-0.162016	0.092232	0.1305	0.96	0.0765	0	256	205	3
2026-02-12	15:03:56.930	34.685	12.495	43.68	0.511424	-0.174704	0.081252	0.1335	0.9645	0.069	0	256	205	3
2026-02-12	15:03:56.950	50.54	6.72	42.105	0.490684	-0.18422	0.073932	0.135	0.9645	0.0615	0	256	205	3
2026-02-12	15:03:56.970	68.285	1.68	40.635	0.496052	-0.198616	0.087352	0.138	0.969	0.0585	0	256	205	3
2026-02-12	15:03:56.990	88.13	-1.575	40.075	0.517036	-0.207888	0.10126	0.153	0.972	0.0585	0	256	205	3
2026-02-12	15:03:57.010	105.49	-3.85	40.25	0.583892	-0.172752	0.105896	0.1485	0.972	0.045	0	259	228	3
2026-02-12	15:03:57.030	114.66	-4.55	36.785	0.697108	-0.12322	0.111264	0.159	0.969	0.0375	0	259	228	3
2026-02-12	15:03:57.050	107.415	-4.48	32.445	0.7198	-0.103944	0.113704	0.159	0.9705	0.027	0	259	228	3
2026-02-12	15:03:57.070	92.855	-6.195	26.915	0.7259	-0.10736	0.11956	0.159	0.972	0.0105	0	259	228	3
2026-02-12	15:03:57.090	77.35	-10.36	19.74	0.769332	-0.131028	0.139812	0.1635	0.9705	0.003	0	259	228	3
2026-02-12	15:03:57.110	65.345	-17.36	9.94	0.901092	-0.162504	0.16592	0.1695	0.969	-0.003	0	259	228	3
2026-02-12	15:03:57.130	56.28	-24.465	-1.785	1.054324	-0.192516	0.18666	0.1695	0.969	-0.012	0	259	228	3
2026-02-12	15:03:57.150	46.62	-27.895	-9.45	1.093364	-0.213256	0.198372	0.1695	0.969	-0.0165	0	259	228	3
2026-02-12	15:03:57.170	40.81	-32.76	-13.65	1.08336	-0.23424	0.203252	0.168	0.96	-0.0135	0	259	228	3
2026-02-12	15:03:57.190	40.285	-39.025	-14.21	1.101416	-0.237412	0.21716	0.165	0.951	-0.009	0	259	228	3
2026-02-12	15:03:57.210	47.18	-43.12	-13.23	1.135332	-0.22692	0.250344	0.159	0.9495	-0.018	0	262	223	3
2026-02-12	15:03:57.230	62.79	-45.22	-5.285	1.15778	-0.184952	0.264496	0.159	0.9525	-0.0165	0	262	223	3
2026-02-12	15:03:57.250	77.945	-46.445	6.93	1.162416	-0.13786	0.250588	0.159	0.9525	-0.0165	0	262	223	3
2026-02-12	15:03:57.270	87.745	-47.39	18.235	1.164124	-0.083936	0.23546	0.1515	0.9435	-0.021	0	262	223	3
2026-02-12	15:03:57.290	92.61	-50.96	27.335	1.222684	-0.043188	0.240584	0.144	0.936	-0.0225	0	262	223	3
2026-02-12	15:03:57.310	99.085	-54.915	30.1	1.363716	-0.016592	0.303048	0.1455	0.9345	-0.0195	0	262	223	3
2026-02-12	15:03:57.330	113.505	-55.72	24.64	1.59942	0.030256	0.411628	0.1455	0.9315	-0.024	0	262	223	3
2026-02-12	15:03:57.350	110.04	-50.645	16.17	1.701656	0.110776	0.430172	0.1455	0.9255	-0.03	0	262	223	3
2026-02-12	15:03:57.370	75.565	-41.895	10.43	1.623576	0.072712	0.382836	0.1455	0.9225	-0.03	0	262	223	3
2026-02-12	15:03:57.390	40.74	-33.845	4.655	1.516216	-0.015128	0.317932	0.144	0.924	-0.0255	0	262	223	3
2026-02-12	15:03:57.410	23.59	-23.87	0.98	1.363472	-0.021472	0.294264	0.1365	0.9195	-0.0345	0	266	219	3
2026-02-12	15:03:57.430	15.89	-9.975	1.96	1.178764	0.050264	0.326472	0.132	0.9255	-0.03	0	266	219	3
2026-02-12	15:03:57.450	-0.98	9.905	7.875	0.986492	0.1098	0.295484	0.138	0.924	-0.033	0	266	219	3
2026-02-12	15:03:57.470	-22.855	27.86	13.16	0.910852	0.153964	0.234484	0.1395	0.924	-0.0345	0	266	219	3
2026-02-12	15:03:57.490	-46.69	40.635	12.11	0.9516	0.168116	0.166652	0.1425	0.9225	-0.036	0	266	219	3
2026-02-12	15:03:57.510	-81.83	52.325	6.755	0.995764	0.142008	0.093696	0.144	0.927	-0.036	0	266	219	3
2026-02-12	15:03:57.530	-121.695	63.7	1.19	0.976	0.088816	0.033672	0.1485	0.933	-0.0405	0	266	219	3
2026-02-12	15:03:57.550	-158.375	72.415	-3.5	0.950624	0.0305	-0.0183	0.1515	0.9405	-0.039	0	266	219	3
2026-02-12	15:03:57.570	-186.585	77.735	-7.07	0.91988	-0.03172	-0.047336	0.159	0.9465	-0.033	0	266	219	3
2026-02-12	15:03:57.590	-204.645	79.205	-9.45	0.888404	-0.06954	-0.0366	0.165	0.9555	-0.024	0	266	219	3
2026-02-12	15:03:57.610	-215.845	78.435	-10.22	0.863028	-0.116144	0.005856	0.165	0.966	-0.0165	0	271	219	3
2026-02-12	15:03:57.630	-215.6	76.09	-10.92	0.840824	-0.159332	0.068808	0.171	0.9705	-0.012	0	271	219	3
2026-02-12	15:03:57.650	-202.125	73.92	-12.81	0.808372	-0.190564	0.137128	0.171	0.9855	0.0045	0	271	219	3
2026-02-12	15:03:57.670	-163.94	71.295	-20.09	0.72956	-0.195688	0.215452	0.177	0.987	0.021	0	271	219	3
2026-02-12	15:03:57.690	-136.01	68.845	-28.35	0.677832	-0.177144	0.211792	0.177	0.996	0.0315	0	271	219	3
2026-02-12	15:03:57.710	-114.345	64.26	-38.15	0.624152	-0.14396	0.182024	0.1725	1.005	0.042	0	271	219	3
2026-02-12	15:03:57.730	-98.805	56.175	-48.79	0.58804	-0.124684	0.141764	0.1665	0.999	0.0435	0	271	219	3
2026-02-12	15:03:57.750	-87.255	46.83	-59.15	0.554856	-0.126148	0.117608	0.162	0.999	0.0525	0	271	219	3
2026-02-12	15:03:57.770	-79.8	36.435	-67.445	0.519476	-0.127368	0.095404	0.156	0.999	0.0585	0	271	219	3
2026-02-12	15:03:57.790	-74.83	24.325	-74.025	0.5246	-0.131028	0.10614	0.1485	0.99	0.06	0	271	219	3
2026-02-12	15:03:57.810	-67.165	13.23	-79.555	0.5795	-0.13786	0.138348	0.1425	0.987	0.0615	0	276	205	3
2026-02-12	15:03:57.830	-55.3	4.76	-84.175	0.654164	-0.151768	0.154696	0.141	0.9885	0.06	0	276	205	3
2026-02-12	15:03:57.850	-40.74	-2.765	-87.01	0.719556	-0.154452	0.160552	0.138	0.975	0.0675	0	276	205	3
2026-02-12	15:03:57.870	-21.385	-11.935	-87.57	0.787144	-0.156404	0.171776	0.117	0.9645	0.072	0	276	205	3
2026-02-12	15:03:57.890	0.77	-20.72	-85.96	0.860588	-0.154696	0.212524	0.117	0.9645	0.072	0	276	205	3
2026-02-12	15:03:57.910	20.02	-26.005	-82.845	0.887428	-0.131028	0.246196	0.1065	0.9465	0.081	0	276	205	3
2026-02-12	15:03:57.930	36.4	-32.62	-79.275	0.925248	-0.1037	0.264984	0.096	0.9255	0.0885	0	276	205	3
2026-02-12	15:03:57.950	49.07	-40.285	-75.425	0.976488	-0.091012	0.29646	0.0885	0.9135	0.084	0	276	205	3
2026-02-12	15:03:57.970	58.415	-47.67	-70.175	1.029192	-0.068076	0.336964	0.078	0.8985	0.084	0	276	205	3
2026-02-12	15:03:57.990	65.73	-53.305	-65.8	1.080188	-0.039528	0.38674	0.072	0.8925	0.0825	0	276	205	3
2026-02-12	15:03:58.010	70.21	-55.51	-60.235	1.103856	-0.012932	0.45384	0.0615	0.882	0.0855	0	281	197	3
2026-02-12	15:03:58.030	69.58	-51.905	-53.095	1.082384	0.025864	0.506788	0.06	0.867	0.093	0	281	197	3
2026-02-12	15:03:58.050	60.06	-44.66	-45.255	1.059936	0.07124799	0.51484	0.0675	0.861	0.099	0	281	197	3
2026-02-12	15:03:58.070	37.52	-36.925	-37.205	1.076528	0.110044	0.462868	0.0585	0.8505	0.0975	0	281	197	3
2026-02-12	15:03:58.090	-3.955	-28.63	-28.28	1.159488	0.113216	0.371612	0.054	0.846	0.1035	0	281	197	3
2026-02-12	15:03:58.110	-45.745	-21.56	-19.74	1.237324	0.07198	0.27206	0.054	0.8445	0.1065	0	281	197	3
2026-02-12	15:03:58.130	-65.345	-17.675	-13.02	1.317356	0.022448	0.22936	0.048	0.843	0.108	0	281	197	3
2026-02-12	15:03:58.150	-74.83	-14	-6.895	1.375672	0.0061	0.261812	0.0465	0.837	0.114	0	281	197	3
2026-02-12	15:03:58.170	-88.2	-7.105	0.98	1.294908	0.00488	0.321836	0.0495	0.8325	0.12	0	281	197	3
2026-02-12	15:03:58.190	-110.425	1.33	10.255	1.116788	-0.006588	0.353312	0.0495	0.837	0.1275	0	281	197	3
2026-02-12	15:03:58.210	-131.215	8.61	20.615	0.914756	-0.03904	0.357216	0.048	0.843	0.138	0	283	214	3
2026-02-12	15:03:58.230	-142.135	12.74	31.115	0.771528	-0.063928	0.349652	0.0465	0.846	0.1455	0	283	214	3
2026-02-12	15:03:58.250	-144.76	13.23	39.235	0.715164	-0.080276	0.334036	0.051	0.852	0.1485	0	283	214	3
2026-02-12	15:03:58.270	-143.92	10.815	44.45	0.711504	-0.109068	0.314028	0.0555	0.8565	0.1455	0	283	214	3
2026-02-12	15:03:58.290	-135.17	6.405	46.55	0.749812	-0.166652	0.299144	0.06	0.8505	0.156	0	283	214	3
2026-02-12	15:03:58.310	-94.01	-1.19	43.19	0.894748	-0.2501	0.285968	0.06	0.87	0.1605	0	283	214	3
2026-02-12	15:03:58.330	-50.225	-4.095	37.905	0.989664	-0.292556	0.287432	0.063	0.8745	0.168	0	283	214	3
2026-02-12	15:03:58.350	0.7	-4.095	31.92	1.074332	-0.31354	0.285724	0.0675	0.8775	0.1755	0	283	214	3
2026-02-12	15:03:58.370	52.43	-2.1	26.215	1.127036	-0.276208	0.295728	0.0705	0.879	0.1695	0	283	214	3
2026-02-12	15:03:58.390	95.235	2.38	21.91	1.131672	-0.218136	0.285968	0.0735	0.8835	0.162	0	283	214	3
2026-02-12	15:03:58.410	126.07	7.315	20.195	1.12972	-0.158112	0.26474	0.075	0.8895	0.159	0	283	241	3
2026-02-12	15:03:58.430	142.8	11.305	20.86	1.136552	-0.096624	0.262056	0.078	0.8925	0.1515	0	283	241	3
2026-02-12	15:03:58.450	146.685	15.715	23.765	1.131184	-0.030256	0.26474	0.0765	0.894	0.1395	0	283	241	3
2026-02-12	15:03:58.470	137.41	20.895	30.065	1.08824	0.036112	0.270596	0.0765	0.897	0.1335	0	283	241	3
2026-02-12	15:03:58.490	121.03	26.565	37.345	1.0553	0.08662	0.273524	0.084	0.9015	0.1185	0	283	241	3
2026-02-12	15:03:58.510	88.69	34.405	45.465	1.009184	0.155428	0.300852	0.0825	0.9045	0.0945	0	283	241	3
2026-02-12	15:03:58.530	36.19	41.09	51.03	0.9516	0.1647	0.313052	0.0825	0.9045	0.0945	0	283	241	3
2026-02-12	15:03:58.550	-14.665	44.73	52.605	0.90768	0.112484	0.282064	0.093	0.912	0.084	0	283	241	3
2026-02-12	15:03:58.570	-56.84	44.345	51.94	0.88328	0.059292	0.254004	0.108	0.924	0.0705	0	283	241	3
2026-02-12	15:03:58.590	-84.385	41.125	50.26	0.874984	0.015128	0.242292	0.114	0.933	0.066	0	283	241	3
2026-02-12	15:03:58.610	-93.8	37.94	47.495	0.86254	-0.01098	0.236924	0.1245	0.945	0.066	0	281	260	3
2026-02-12	15:03:58.630	-91.875	35.21	40.845	0.856196	-0.033184	0.225944	0.129	0.9555	0.0675	0	281	260	3
2026-02-12	15:03:58.650	-86.17	31.115	31.01	0.882548	-0.078568	0.224724	0.132	0.9585	0.069	0	281	260	3
2026-02-12	15:03:58.670	-73.99	26.775	19.04	0.92476	-0.117608	0.243756	0.1365	0.96	0.0735	0	281	260	3
2026-02-12	15:03:58.690	-52.99	22.89	5.39	0.974048	-0.131028	0.269132	0.135	0.9585	0.078	0	281	260	3
2026-02-12	15:03:58.710	-32.585	19.775	-7.105	0.984052	-0.117852	0.252784	0.1335	0.969	0.0795	0	281	260	3
2026-02-12	15:03:58.730	-15.645	12.355	-21.14	1.009916	-0.087352	0.227408	0.132	0.9735	0.0795	0	281	260	3
2026-02-12	15:03:58.750	-5.6	2.905	-34.895	1.031632	-0.066368	0.259616	0.129	0.966	0.081	0	281	260	3
2026-02-12	15:03:58.770	2.45	-3.92	-44.135	1.025044	-0.044164	0.3172	0.1305	0.9585	0.0795	0	281	260	3
2026-02-12	15:03:58.790	13.09	-8.785	-52.64	1.031876	-0.011712	0.3782	0.1275	0.9525	0.0765	0	281	260	3
2026-02-12	15:03:58.810	18.9	-12.04	-60.095	1.025044	0.018544	0.386008	0.1155	0.9465	0.081	0	274	269	3
2026-02-12	15:03:58.830	15.33	-17.01	-67.55	1.077992	0.025864	0.338672	0.111	0.939	0.084	0	274	269	3
2026-02-12	15:03:58.850	12.18	-24.745	-78.925	1.241472	0.00244	0.356972	0.1095	0.93	0.0795	0	274	269	3
2026-02-12	15:03:58.870	15.89	-26.075	-88.795	1.24806	-0.012932	0.432124	0.102	0.924	0.081	0	274	269	3
2026-02-12	15:03:58.890	22.05	-20.3	-91.035	1.103612	-0.001464	0.456524	0.0945	0.915	0.087	0	274	269	3
2026-02-12	15:03:58.910	20.895	-11.375	-86.8	0.938912	0.035136	0.406748	0.093	0.9105	0.09	0	274	269	3
2026-02-12	15:03:58.930	9.555	-3.115	-79.135	0.843508	0.084424	0.365756	0.09	0.8805	0.0825	0	274	269	3
2026-02-12	15:03:58.950	-23.485	10.92	-69.86	0.7808	0.145912	0.289872	0.0735	0.8835	0.078	0	274	269	3
2026-02-12	15:03:58.970	-58.94	18.9	-62.825	0.777628	0.138836	0.195688	0.075	0.873	0.0795	0	274	269	3
2026-02-12	15:03:58.990	-90.44	22.855	-57.47	0.849364	0.115168	0.11834	0.069	0.861	0.078	0	274	269	3
2026-02-12	15:03:59.010	-113.89	24.57	-54.11	0.960628	0.084668	0.091256	0.0615	0.8475	0.081	0	264	278	3
2026-02-12	15:03:59.030	-140.49	26.32	-48.72	1.087508	0.048312	0.102724	0.06	0.834	0.084	0	264	278	3
2026-02-12	15:03:59.050	-168.21	29.505	-42.21	1.18218	0.021472	0.145424	0.057	0.831	0.087	0	264	278	3
2026-02-12	15:03:59.070	-196.77	35.595	-32.34	1.169248	-0.013176	0.185196	0.057	0.831	0.0915	0	264	278	3
2026-02-12	15:03:59.090	-217.42	40.53	-18.795	1.091168	-0.047336	0.237412	0.0555	0.831	0.0945	0	264	278	3
2026-02-12	15:03:59.110	-221.375	44.52	-7.07	1.030412	-0.052704	0.331108	0.0525	0.828	0.0975	0	264	278	3
2026-02-12	15:03:59.130	-211.925	49.63	2.24	0.947696	-0.05124	0.381616	0.0525	0.8295	0.0975	0	264	278	3
2026-02-12	15:03:59.150	-194.04	52.36	11.865	0.833016	-0.03172	0.361364	0.057	0.837	0.1065	0	264	278	3
2026-02-12	15:03:59.170	-169.75	51.135	16.17	0.737124	-0.008784	0.337696	0.057	0.837	0.1065	0	264	278	3
2026-02-12	15:03:59.190	-143.92	48.3	11.795	0.696132	0.04148	0.368684	0.0585	0.84	0.1035	0	264	278	3
2026-02-12	15:03:59.210	-123.9	46.69	3.045	0.648064	0.06954	0.378932	0.06	0.846	0.105	0	254	280	3
2026-02-12	15:03:59.230	-116.865	41.405	-8.295	0.620004	0.11468	0.332572	0.0615	0.8475	0.105	0	254	280	3
2026-02-12	15:03:59.250	-128.38	31.92	-21.245	0.593164	0.112972	0.267424	0.063	0.849	0.1065	0	254	280	3
2026-02-12	15:03:59.270	-139.405	18.795	-35.56	0.592188	0.078324	0.255468	0.063	0.8475	0.108	0	254	280	3
2026-02-12	15:03:59.290	-139.055	4.025	-52.045	0.620736	0.024888	0.277916	0.057	0.8415	0.1125	0	254	280	3
2026-02-12	15:03:59.310	-126.21	-10.815	-67.41	0.647332	-0.024644	0.311344	0.054	0.834	0.126	0	254	280	3
2026-02-12	15:03:59.330	-105.49	-26.67	-81.2	0.682224	-0.069784	0.345992	0.051	0.8235	0.1365	0	254	280	3
2026-02-12	15:03:59.350	-76.405	-43.855	-93.17	0.733708	-0.10736	0.384788	0.0465	0.816	0.1365	0	254	280	3
2026-02-12	15:03:59.370	-30.205	-63.28	-104.72	0.842776	-0.138592	0.458476	0.0435	0.81	0.1425	0	254	280	3
2026-02-12	15:03:59.390	15.68	-77.665	-114.52	0.974292	-0.113216	0.528992	0.0405	0.792	0.156	0	254	280	3
2026-02-12	15:03:59.410	42.105	-82.845	-118.615	1.018456	-0.066368	0.528016	0.036	0.7665	0.1695	0	245	288	3
2026-02-12	15:03:59.430	53.34	-86.17	-119.07	1.03456	-0.030256	0.488244	0.036	0.753	0.1815	0	245	288	3
2026-02-12	15:03:59.450	51.765	-89.635	-117.46	1.081652	-0.011956	0.421388	0.033	0.732	0.201	0	245	288	3
2026-02-12	15:03:59.470	34.475	-94.185	-115.08	1.231468	0.022692	0.410896	0.027	0.711	0.2145	0	245	288	3
2026-02-12	15:03:59.490	-1.715	-91.805	-110.18	1.257332	0.02562	0.427	0.0315	0.699	0.2295	0	245	288	3
2026-02-12	15:03:59.510	-51.03	-87.325	-99.19	1.308572	-0.05002	0.422852	0.0375	0.6825	0.2385	0	245	288	3
2026-02-12	15:03:59.530	-79.8	-78.26	-87.92	1.380796	-0.19032	0.46604	0.0435	0.666	0.246	0	245	288	3
2026-02-12	15:03:59.550	-73.605	-62.125	-72.975	1.357616	-0.302072	0.519476	0.0495	0.6525	0.2685	0	245	288	3
2026-02-12	15:03:59.570	-57.295	-43.015	-50.19	1.29198	-0.367952	0.509228	0.054	0.648	0.282	0	245	288	3
2026-02-12	15:03:59.590	-30.275	-12.39	-7.385	1.139968	-0.314272	0.409188	0.051	0.6345	0.273	0	245	288	3
2026-02-12	15:03:59.610	-19.215	3.395	19.635	1.030412	-0.18056	0.335988	0.054	0.6285	0.276	0	241	311	3
2026-02-12	15:03:59.630	-13.37	14.315	42.105	0.984052	-0.110288	0.290604	0.057	0.63	0.279	0	241	311	3
2026-02-12	15:03:59.650	-12.705	22.225	60.305	0.974048	-0.101016	0.264008	0.057	0.636	0.276	0	241	311	3
2026-02-12	15:03:59.670	-12.985	27.37	73.71	1.010404	-0.075884	0.262056	0.0555	0.639	0.273	0	241	311	3
2026-02-12	15:03:59.690	-14.14	32.165	82.11	1.058228	-0.058804	0.288408	0.048	0.651	0.2685	0	241	311	3
2026-02-12	15:03:59.710	-24.115	37.555	88.515	1.0919	-0.079788	0.295484	0.042	0.6675	0.261	0	241	311	3
2026-02-12	15:03:59.730	-37.1	41.615	94.325	1.128012	-0.140788	0.292556	0.0435	0.684	0.2535	0	241	311	3
2026-02-12	15:03:59.750	-42.84	45.01	100.24	1.14192	-0.19886	0.29402	0.042	0.696	0.249	0	241	311	3
2026-02-12	15:03:59.770	-34.44	48.055	106.575	1.113372	-0.22936	0.2928	0.0375	0.702	0.249	0	241	311	3
2026-02-12	15:03:59.790	-12.985	51.73	114.45	1.039196	-0.18544	0.285236	0.048	0.7185	0.237	0	241	311	3
2026-02-12	15:03:59.810	12.81	54.53	120.33	1.02968	-0.11224	0.295972	0.0465	0.7365	0.2325	0	238	330	3
2026-02-12	15:03:59.830	26.635	58.135	122.43	1.062132	-0.02318	0.305976	0.045	0.762	0.222	0	238	330	3
2026-02-12	15:03:59.850	24.36	63.665	123.2	1.031388	0.021228	0.27206	0.0495	0.7815	0.21	0	238	330	3
2026-02-12	15:03:59.870	7	66.535	122.605	0.982344	0.02562	0.217404	0.057	0.8055	0.198	0	238	330	3
2026-02-12	15:03:59.890	-14.175	66.535	120.05	0.969656	-0.014152	0.171776	0.063	0.825	0.1875	0	238	330	3
2026-02-12	15:03:59.910	-36.435	63.595	114.975	0.975268	-0.024156	0.1403	0.069	0.84	0.1755	0	238	330	3
2026-02-12	15:03:59.930	-65.03	58.625	109.305	0.950624	-0.050264	0.125416	0.0675	0.858	0.171	0	238	330	3
2026-02-12	15:03:59.950	-93.87	50.925	102.48	0.948672	-0.080276	0.133712	0.072	0.8745	0.1695	0	238	330	3
2026-02-12	15:03:59.970	-112.14	43.785	93.485	0.93818	-0.124928	0.1464	0.087	0.8895	0.1695	0	238	330	3
2026-02-12	15:03:59.990	-115.605	36.89	82.46	0.917684	-0.153232	0.158356	0.0915	0.9	0.1725	0	238	330	3
2026-02-12	15:04:00.010	-106.68	25.83	62.37	0.898164	-0.194468	0.178608	0.0945	0.909	0.177	0	235	326	2
2026-02-12	15:04:00.030	-97.58	19.67	47.53	0.876204	-0.245464	0.192028	0.1035	0.9225	0.1785	0	235	326	2
2026-02-12	15:04:00.050	-87.605	13.37	33.285	0.857416	-0.277184	0.188124	0.1095	0.9285	0.1785	0	235	326	2
2026-02-12	15:04:00.070	-73.675	7.14	19.67	0.827892	-0.30256	0.20496	0.1095	0.9345	0.183	0	235	326	2
2026-02-12	15:04:00.090	-56.35	1.225	6.44	0.791536	-0.291824	0.219112	0.114	0.939	0.192	0	235	326	2
2026-02-12	15:04:00.110	-43.26	-6.265	-6.86	0.790804	-0.296216	0.244244	0.1125	0.936	0.1935	0	235	326	2
2026-02-12	15:04:00.130	-38.29	-13.65	-20.44	0.833504	-0.330376	0.308416	0.1095	0.933	0.195	0	235	326	2
2026-02-12	15:04:00.150	-39.655	-17.955	-33.145	0.869128	-0.377468	0.369904	0.117	0.9255	0.2085	0	235	326	2
2026-02-12	15:04:00.170	-37.31	-20.37	-45.5	0.91744	-0.4392	0.409188	0.1155	0.9225	0.2145	0	235	326	2
2026-02-12	15:04:00.190	-31.85	-20.755	-56.7	0.937692	-0.480924	0.394304	0.108	0.9195	0.216	0	235	326	2
2026-02-12	15:04:00.210	-27.23	-21.245	-65.17	0.903532	-0.499956	0.332816	0.1065	0.9165	0.2175	0	232	307	2
2026-02-12	15:04:00.230	-21.49	-30.17	-75.11	0.868884	-0.487512	0.204716	0.111	0.9015	0.222	0	232	307	2
2026-02-12	15:04:00.250	-17.115	-43.855	-85.645	0.969168	-0.484828	0.157868	0.1035	0.894	0.2295	0	232	307	2
2026-02-12	15:04:00.270	-9.24	-59.255	-100.8	1.151436	-0.507032	0.183	0.093	0.8805	0.2385	0	232	307	2
2026-02-12	15:04:00.290	5.495	-71.4	-119.14	1.387384	-0.563884	0.284016	0.087	0.864	0.2475	0	232	307	2
2026-02-12	15:04:00.310	31.605	-73.115	-137.235	1.531832	-0.650016	0.3904	0.084	0.8505	0.258	0	232	307	2
2026-02-12	15:04:00.330	69.475	-64.96	-151.27	1.47376	-0.676124	0.473116	0.084	0.84	0.264	0	232	307	2
2026-02-12	15:04:00.350	110.705	-53.865	-157.395	1.303448	-0.6161	0.44896	0.0795	0.816	0.27	0	232	307	2
2026-02-12	15:04:00.370	140.98	-44.66	-154.28	1.139724	-0.549244	0.335256	0.0705	0.795	0.276	0	232	307	2
2026-02-12	15:04:00.390	164.325	-38.815	-142.73	1.014552	-0.46848	0.213256	0.066	0.786	0.2775	0	232	307	2
2026-02-12	15:04:00.410	182.56	-36.015	-126.63	0.93696	-0.427244	0.101016	0.066	0.774	0.2775	0	232	294	3
2026-02-12	15:04:00.430	200.48	-33.46	-105.98	0.989908	-0.131516	0.228628	0.0645	0.7695	0.279	0	232	294	3
2026-02-12	15:04:00.450	206.115	-26.845	-88.27	1.075064	-0.137616	0.164456	0.0645	0.7695	0.279	0	232	294	3
2026-02-12	15:04:00.470	180.74	-15.015	-75.67	1.06262	-0.014884	0.162016	0.0585	0.762	0.273	0	232	294	3
2026-02-12	15:04:00.490	133.455	-3.815	-63.245	1.058472	0.027816	0.14152	0.054	0.75	0.2715	0	232	294	3
2026-02-12	15:04:00.510	74.55	6.895	-52.605	1.032364	0.024644	0.125416	0.054	0.744	0.273	0	232	294	3
2026-02-12	15:04:00.530	17.605	16.695	-43.295	1.002108	0.027084	0.15494	0.0495	0.7395	0.2715	0	232	294	3
2026-02-12	15:04:00.550	-28.315	25.655	-34.79	0.999668	0.040504	0.208376	0.045	0.738	0.2685	0	232	294	3
2026-02-12	15:04:00.570	-70.14	34.58	-24.22	0.972828	0.012444	0.225456	0.048	0.735	0.264	0	232	294	3
2026-02-12	15:04:00.590	-105.98	41.86	-12.32	0.924028	-0.02196	0.225212	0.048	0.729	0.258	0	232	294	3
2026-02-12	15:04:00.610	-127.05	47.11	-1.26	0.904264	-0.069784	0.24644	0.0405	0.723	0.2475	0	235	282	3
2026-02-12	15:04:00.630	-134.47	52.78	7.84	0.896944	-0.10858	0.259372	0.0345	0.72	0.237	0	235	282	3
2026-02-12	15:04:00.650	-125.3	58.625	16.765	0.845948	-0.141276	0.23058	0.03	0.72	0.2355	0	235	282	3
2026-02-12	15:04:00.670	-95.095	61.04	22.015	0.826184	-0.09638	0.21838	0.0315	0.7215	0.231	0	235	282	3
2026-02-12	15:04:00.690	-68.215	62.09	23.38	0.82472	-0.030012	0.227896	0.039	0.7215	0.2205	0	235	282	3
2026-02-12	15:04:00.710	-49.245	62.65	24.01	0.794464	0.000732	0.221308	0.0375	0.717	0.2085	0	235	282	3
2026-02-12	15:04:00.730	-34.825	60.585	23.905	0.76372	0.027816	0.22204	0.027	0.7155	0.1965	0	235	282	3
2026-02-12	15:04:00.750	-27.545	56.56	23.45	0.754936	0.031232	0.22936	0.027	0.7215	0.186	0	235	282	3
2026-02-12	15:04:00.770	-24.01	52.115	22.47	0.767624	0.023912	0.261324	0.0255	0.7245	0.1785	0	235	282	3
2026-02-12	15:04:00.790	-20.72	49.035	19.985	0.798856	0.027328	0.285968	0.024	0.7305	0.1725	0	235	282	3
2026-02-12	15:04:00.810	-18.445	46.515	16.52	0.805688	0.04148	0.280356	0.027	0.735	0.1665	0	240	269	3
2026-02-12	15:04:00.830	-22.505	41.965	14.035	0.799832	0.024888	0.25864	0.0285	0.738	0.156	0	240	269	3
2026-02-12	15:04:00.850	-30.8	35.98	12.355	0.787144	-0.045384	0.248636	0.0285	0.7395	0.1515	0	240	269	3
2026-02-12	15:04:00.870	-21.49	24.255	6.825	0.814228	-0.073444	0.242048	0.0285	0.738	0.147	0	240	269	3
2026-02-12	15:04:00.890	-8.155	15.645	1.75	0.821792	-0.065148	0.251076	0.0285	0.741	0.141	0	240	269	3
2026-02-12	15:04:00.910	5.88	7.07	-3.325	0.815448	-0.053192	0.274988	0.03	0.744	0.1365	0	240	269	3
2026-02-12	15:04:00.930	19.18	-1.96	-8.225	0.828868	-0.042212	0.296704	0.0315	0.744	0.1335	0	240	269	3
2026-02-12	15:04:00.950	29.295	-10.675	-12.39	0.831064	-0.028304	0.325496	0.03	0.741	0.132	0	240	269	3
2026-02-12	15:04:00.970	36.89	-18.55	-15.89	0.837652	-0.030988	0.369172	0.03	0.7365	0.1335	0	240	269	3
2026-02-12	15:04:00.990	45.815	-25.06	-19.39	0.870836	-0.020008	0.409676	0.0285	0.7395	0.1365	0	240	269	3
2026-02-12	15:04:01.010	53.83	-28.28	-21.805	0.87962	-0.008784	0.438468	0.0285	0.7365	0.1425	0	242	265	3
2026-02-12	15:04:01.030	58.8	-28.945	-23.625	0.897432	0.018544	0.449936	0.0285	0.7335	0.144	0	242	265	3
2026-02-12	15:04:01.050	59.43	-29.365	-26.355	0.926712	0.04758	0.44164	0.0345	0.7335	0.147	0	242	265	3
2026-02-12	15:04:01.070	51.45	-32.2	-29.645	1.015772	0.054656	0.399184	0.042	0.7275	0.153	0	242	265	3
2026-02-12	15:04:01.090	36.96	-36.505	-29.05	1.09678	0.05002	0.348432	0.042	0.7275	0.153	0	242	265	3
2026-02-12	15:04:01.110	26.565	-41.58	-24.99	1.155096	0.055144	0.327204	0.0345	0.72	0.156	0	242	265	3
2026-02-12	15:04:01.130	19.95	-46.69	-21.315	1.21878	0.083204	0.33672	0.027	0.7125	0.165	0	242	265	3
2026-02-12	15:04:01.150	10.955	-52.535	-18.69	1.275144	0.059048	0.33916	0.03	0.7125	0.171	0	242	265	3
2026-02-12	15:04:01.170	1.68	-59.605	-11.13	1.247084	-0.003172	0.327204	0.033	0.711	0.18	0	242	265	3
2026-02-12	15:04:01.190	-6.02	-67.76	1.085	1.150948	-0.03294	0.323788	0.033	0.7095	0.186	0	242	265	3
2026-02-12	15:04:01.210	-10.71	-78.085	15.085	1.084092	-0.04392	0.320616	0.0345	0.708	0.192	0	242	278	3
2026-02-12	15:04:01.230	-22.19	-88.725	24.71	1.108736	0.037088	0.393816	0.039	0.708	0.2115	0	242	278	3
2026-02-12	15:04:01.250	-57.015	-95.2	29.645	1.205604	-0.186416	0.422852	0.0375	0.7125	0.2265	0	242	278	3
2026-02-12	15:04:01.270	-33.18	-86.415	23.065	1.240008	-0.340868	0.397476	0.036	0.7155	0.237	0	242	278	3
2026-02-12	15:04:01.290	48.265	-71.085	13.195	1.277828	-0.215208	0.271084	0.0375	0.7185	0.2445	0	242	278	3
2026-02-12	15:04:01.310	138.6	-53.48	0.35	1.26636	-0.06588	0.110044	0.0465	0.7215	0.2535	0	242	278	3
2026-02-12	15:04:01.330	180.075	-38.22	-8.26	1.06994	0.074908	0.040748	0.0585	0.729	0.2655	0	242	278	3
2026-02-12	15:04:01.350	185.36	-27.685	-7.42	0.883768	0.110776	-0.000732	0.0615	0.7365	0.2715	0	242	278	3
2026-02-12	15:04:01.370	178.64	-20.895	-2.625	0.745664	0.008052	-0.00244	0.0585	0.7485	0.2715	0	242	278	3
2026-02-12	15:04:01.390	180.46	-18.095	6.055	0.765672	0.034892	0.089304	0.06	0.7545	0.27	0	242	278	3
2026-02-12	15:04:01.410	165.34	-11.27	13.3	0.749812	0.05734	0.180804	0.0615	0.762	0.27	0	242	287	3
2026-02-12	15:04:01.430	156.205	-3.045	15.96	0.78446	0.063196	0.238876	0.057	0.7725	0.264	0	242	287	3
2026-02-12	15:04:01.450	145.355	7.63	18.375	0.782996	0.13664	0.268156	0.0585	0.783	0.2565	0	242	287	3
2026-02-12	15:04:01.470	112.07	19.11	20.195	0.78934	0.115656	0.277916	0.063	0.795	0.2475	0	242	287	3
2026-02-12	15:04:01.490	65.065	29.505	21.385	0.796904	0.081252	0.274744	0.066	0.798	0.243	0	242	287	3
2026-02-12	15:04:01.510	-16.975	43.435	25.34	0.76982	-0.012444	0.22692	0.06	0.807	0.237	0	242	287	3
2026-02-12	15:04:01.530	-65.17	48.93	29.365	0.787388	-0.077836	0.16348	0.0615	0.8055	0.2325	0	242	287	3
2026-02-12	15:04:01.550	-93.625	52.395	31.955	0.805444	-0.122976	0.108336	0.06	0.807	0.225	0	242	287	3
2026-02-12	15:04:01.570	-100.975	54.775	33.18	0.839848	-0.144448	0.08418	0.06	0.804	0.2205	0	242	287	3
2026-02-12	15:04:01.590	-97.3	56.665	33.915	0.871324	-0.171044	0.083936	0.063	0.8085	0.213	0	242	287	3
2026-02-12	15:04:01.610	-87.465	58.17	35.385	0.881084	-0.192028	0.086376	0.0645	0.8145	0.2085	0	241	276	3
2026-02-12	15:04:01.630	-72.275	57.365	36.12	0.934276	-0.189832	0.084424	0.0615	0.816	0.2055	0	241	276	3
2026-02-12	15:04:01.650	-57.47	54.985	35.665	0.997228	-0.170068	0.083204	0.063	0.822	0.2025	0	241	276	3
2026-02-12	15:04:01.670	-50.715	51.975	35.21	1.020164	-0.1525	0.0854	0.069	0.8235	0.195	0	241	276	3
2026-02-12	15:04:01.690	-49.035	46.9	34.37	1.029192	-0.143228	0.115656	0.072	0.825	0.189	0	241	276	3
2026-02-12	15:04:01.710	-44.975	39.9	31.5	1.059448	-0.138104	0.16714	0.0735	0.8295	0.186	0	241	276	3
2026-02-12	15:04:01.730	-40.985	34.09	27.58	1.088728	-0.132492	0.216916	0.0735	0.8295	0.186	0	241	276	3
2026-02-12	15:04:01.750	-37.31	29.925	23.87	1.107516	-0.140788	0.239852	0.072	0.8325	0.1815	0	241	276	3
2026-02-12	15:04:01.770	-29.365	26.67	20.65	1.102392	-0.142496	0.25498	0.0735	0.84	0.1755	0	241	276	3
2026-02-12	15:04:01.790	-15.75	23.66	18.9	1.083116	-0.132004	0.238632	0.0765	0.846	0.171	0	241	276	3
2026-02-12	15:04:01.810	2.135	22.295	17.605	1.062864	-0.112484	0.257176	0.081	0.8475	0.1665	0	240	252	3
2026-02-12	15:04:01.830	23.1	22.61	15.785	1.043832	-0.086132	0.264008	0.0825	0.8475	0.1635	0	240	252	3
2026-02-12	15:04:01.850	42.455	20.65	12.25	1.081896	-0.04148	0.28792	0.0825	0.8505	0.159	0	240	252	3
2026-02-12	15:04:01.870	55.265	19.215	6.475	1.11508	0.010736	0.329644	0.0825	0.849	0.1515	0	240	252	3
2026-02-12	15:04:01.890	54.985	17.5	0.98	1.137772	0.066856	0.34404	0.0795	0.849	0.1455	0	240	252	3
2026-02-12	15:04:01.910	40.705	13.86	-10.01	1.184132	0.100528	0.330864	0.081	0.852	0.1365	0	240	252	3
2026-02-12	15:04:01.930	8.855	7.84	-25.025	1.225612	0.077592	0.323544	0.084	0.8535	0.132	0	240	252	3
2026-02-12	15:04:01.950	-19.04	7.77	-36.785	1.158512	0.041724	0.34038	0.0825	0.849	0.1305	0	240	252	3
2026-02-12	15:04:01.970	-30.52	14.28	-43.225	1.036024	0.063196	0.372588	0.075	0.8385	0.135	0	240	252	3
2026-02-12	15:04:01.990	-40.915	24.325	-44.87	0.885964	0.04026	0.335012	0.0705	0.8325	0.1365	0	240	252	3
2026-02-12	15:04:02.010	-52.15	35.245	-41.405	0.782996	0.03904	0.273036	0.0705	0.8295	0.132	0	237	240	3
2026-02-12	15:04:02.030	-65.03	43.785	-35.91	0.782508	0.023668	0.17812	0.069	0.8205	0.129	0	237	240	3
2026-02-12	15:04:02.050	-80.22	50.365	-31.395	0.844972	0.044652	0.099552	0.069	0.8115	0.126	0	237	240	3
2026-02-12	15:04:02.070	-99.96	54.565	-28.35	0.928664	0.061976	0.03782	0.069	0.807	0.126	0	237	240	3
2026-02-12	15:04:02.090	-129.605	55.37	-25.69	0.982832	0.057096	-0.008296	0.066	0.804	0.1215	0	237	240	3
2026-02-12	15:04:02.110	-161.35	51.135	-24.255	1.036268	0.030744	-0.007564	0.063	0.8055	0.114	0	237	240	3
2026-02-12	15:04:02.130	-189.63	45.5	-23.52	1.054568	-0.023424	0.040504	0.069	0.804	0.1095	0	237	240	3
2026-02-12	15:04:02.150	-207.445	36.225	-24.99	1.042124	-0.109312	0.189832	0.0765	0.7995	0.108	0	237	240	3
2026-02-12	15:04:02.170	-198.695	31.675	-29.89	0.978684	-0.179828	0.289384	0.069	0.7965	0.1185	0	237	240	3
2026-02-12	15:04:02.190	-175.175	27.825	-36.82	0.911828	-0.2318	0.341356	0.066	0.798	0.126	0	237	240	3
2026-02-12	15:04:02.210	-147.455	23.555	-44.415	0.80886	-0.196908	0.342088	0.069	0.7965	0.1215	0	233	234	3
2026-02-12	15:04:02.230	-113.96	17.815	-52.535	0.706624	-0.217892	0.297436	0.06	0.7905	0.12	0	233	234	3
2026-02-12	15:04:02.250	-73.745	8.505	-62.23	0.648552	-0.163236	0.274744	0.054	0.78	0.1215	0	233	234	3
2026-02-12	15:04:02.270	-54.635	-1.295	-70.42	0.650748	0.01098	0.307684	0.0495	0.768	0.126	0	233	234	3
2026-02-12	15:04:02.290	-48.37	-6.895	-79.66	0.687348	-0.17568	0.282552	0.048	0.762	0.126	0	233	234	3
2026-02-12	15:04:02.310	-10.64	-11.305	-89.88	0.72102	-0.187636	0.295972	0.057	0.7515	0.129	0	233	234	3
2026-02-12	15:04:02.330	30.45	-16.87	-98.35	0.72712	-0.066612	0.238388	0.0585	0.735	0.132	0	233	234	3
2026-02-12	15:04:02.350	-2.135	-36.33	-104.475	0.813252	0.153232	0.317688	0.0555	0.7275	0.129	0	233	234	3
2026-02-12	15:04:02.370	-96.215	-46.9	-110.215	0.926468	-0.064416	0.252296	0.0555	0.7275	0.129	0	233	234	3
2026-02-12	15:04:02.390	-90.79	-50.785	-117.565	0.956236	-0.243268	0.242292	0.054	0.705	0.135	0	233	234	3
2026-02-12	15:04:02.410	-39.55	-56.91	-122.36	0.992104	-0.2013	0.293044	0.051	0.6765	0.1485	0	230	236	3
2026-02-12	15:04:02.430	-0.28	-60.935	-119.525	0.984052	-0.17812	0.356728	0.051	0.6585	0.159	0	230	236	3
2026-02-12	15:04:02.450	28.35	-64.995	-112.84	1.019432	-0.152256	0.412604	0.051	0.6345	0.168	0	230	236	3
2026-02-12	15:04:02.470	52.36	-67.97	-102.165	1.092388	-0.110532	0.464332	0.0555	0.612	0.177	0	230	236	3
2026-02-12	15:04:02.490	68.46	-65.59	-88.48	1.11264	-0.045628	0.496052	0.063	0.6	0.189	0	230	236	3
2026-02-12	15:04:02.510	71.785	-59.29	-70.91	1.087508	0.029768	0.48434	0.0615	0.594	0.1995	0	230	236	3
2026-02-12	15:04:02.530	57.505	-51.415	-52.71	1.058716	0.081252	0.462624	0.0615	0.5865	0.2085	0	230	236	3
2026-02-12	15:04:02.550	29.015	-42.105	-35.735	1.046272	0.091256	0.432368	0.069	0.5805	0.219	0	230	236	3
2026-02-12	15:04:02.570	-8.575	-32.585	-16.625	1.102148	0.101016	0.381372	0.072	0.579	0.2265	0	230	236	3
2026-02-12	15:04:02.590	-44.485	-24.815	0.035	1.158268	0.111264	0.341356	0.078	0.5745	0.2295	0	230	236	3
2026-02-12	15:04:02.610	-66.605	-18.9	12.25	1.164368	0.100284	0.336232	0.0825	0.5715	0.2295	0	228	255	3
2026-02-12	15:04:02.630	-84.91	-13.265	21.77	1.154852	0.078568	0.371856	0.084	0.573	0.228	0	228	255	3
2026-02-12	15:04:02.650	-100.03	-5.11	28.49	1.09434	0.046604	0.396744	0.0825	0.573	0.2265	0	228	255	3
2026-02-12	15:04:02.670	-110.46	1.68	33.67	1.059936	-0.002928	0.408944	0.0795	0.573	0.2235	0	228	255	3
2026-02-12	15:04:02.690	-112.49	9.415	37.835	1.03822	-0.05612	0.416996	0.078	0.573	0.2205	0	228	255	3
2026-02-12	15:04:02.710	-108.01	17.605	42.455	0.996984	-0.09272	0.405284	0.0735	0.5745	0.216	0	228	255	3
2026-02-12	15:04:02.730	-97.44	23.695	46.865	1.015284	-0.110288	0.367464	0.0765	0.579	0.207	0	228	255	3
2026-02-12	15:04:02.750	-82.005	29.12	50.365	1.047492	-0.113704	0.343308	0.078	0.5835	0.198	0	228	255	3
2026-02-12	15:04:02.770	-63.665	33.32	54.005	1.07238	-0.096868	0.328424	0.075	0.5865	0.192	0	228	255	3
2026-02-12	15:04:02.790	-39.41	37.695	59.745	1.071404	-0.07198	0.32696	0.075	0.588	0.1875	0	228	255	3
2026-02-12	15:04:02.810	-23.31	39.97	63.455	1.063352	-0.057828	0.337696	0.0675	0.5955	0.1815	0	225	284	3
2026-02-12	15:04:02.830	-9.87	41.79	66.5	1.047492	-0.042944	0.332816	0.066	0.6075	0.171	0	225	284	3
2026-02-12	15:04:02.850	-0.385	42.595	68.74	1.054324	-0.038308	0.312808	0.066	0.618	0.162	0	225	284	3
2026-02-12	15:04:02.870	7.175	41.58	69.23	1.091656	-0.037576	0.291092	0.0645	0.6345	0.1575	0	225	284	3
2026-02-12	15:04:02.890	12.635	39.865	68.145	1.125328	-0.047824	0.267424	0.066	0.6495	0.1545	0	225	284	3
2026-02-12	15:04:02.910	16.135	38.43	66.85	1.1102	-0.045384	0.257664	0.06	0.66	0.1455	0	225	284	3
2026-02-12	15:04:02.930	18.48	36.82	65.45	1.046516	-0.044896	0.241072	0.0585	0.6705	0.138	0	225	284	3
2026-02-12	15:04:02.950	20.3	34.545	63.105	0.981612	-0.044652	0.24522	0.057	0.675	0.1335	0	225	284	3
2026-02-12	15:04:02.970	22.155	32.48	60.55	0.946964	-0.045872	0.246684	0.0615	0.681	0.1305	0	225	284	3
2026-02-12	15:04:02.990	21.63	30.31	58.03	0.892796	-0.031476	0.234728	0.063	0.687	0.1275	0	225	284	3
2026-02-12	15:04:03.010	17.325	26.81	54.075	0.852536	-0.026352	0.223504	0.0585	0.6915	0.1215	0	220	303	3
2026-02-12	15:04:03.030	11.9	22.96	48.79	0.84912	-0.031476	0.21106	0.0645	0.696	0.1155	0	220	303	3
2026-02-12	15:04:03.050	6.335	19.67	42.28	0.834236	-0.039528	0.20374	0.069	0.7095	0.1095	0	220	303	3
2026-02-12	15:04:03.070	1.295	16.275	35.105	0.814716	-0.040504	0.191052	0.0645	0.717	0.108	0	220	303	3
2026-02-12	15:04:03.090	-2.24	12.18	25.865	0.81984	-0.04636	0.190564	0.0675	0.72	0.1065	0	220	303	3
2026-02-12	15:04:03.110	-2.765	8.89	14.735	0.834236	-0.057828	0.205936	0.072	0.7275	0.105	0	220	303	3
2026-02-12	15:04:03.130	-0.035	6.72	2.73	0.863516	-0.058804	0.219844	0.0735	0.726	0.105	0	220	303	3
2026-02-12	15:04:03.150	2.765	5.915	-9.765	0.903532	-0.0549	0.226188	0.0765	0.7275	0.1035	0	220	303	3
2026-02-12	15:04:03.170	0.63	6.195	-21.7	0.926712	-0.034648	0.219356	0.0735	0.729	0.099	0	220	303	3
2026-02-12	15:04:03.190	-4.9	6.79	-32.06	0.964288	-0.034648	0.208864	0.0705	0.723	0.0975	0	220	303	3
2026-02-12	15:04:03.210	-15.575	7.595	-42.945	1.033096	0.006344	0.200324	0.075	0.7215	0.0975	0	212	300	3
2026-02-12	15:04:03.230	-39.025	7.7	-51.52	1.043344	0.030988	0.17446	0.0765	0.72	0.096	0	212	300	3
2026-02-12	15:04:03.250	-63.455	4.06	-56.98	1.043832	0.022692	0.170556	0.075	0.711	0.096	0	212	300	3
2026-02-12	15:04:03.270	-80.675	-2.17	-63.63	1.0675	-0.020252	0.20008	0.0765	0.699	0.096	0	212	300	3
2026-02-12	15:04:03.290	-88.795	-8.33	-70.7	1.075064	-0.022936	0.229604	0.0735	0.687	0.099	0	212	300	3
2026-02-12	15:04:03.310	-93.38	-15.925	-80.01	1.139968	-0.04514	0.23302	0.075	0.6765	0.1005	0	212	300	3
2026-02-12	15:04:03.330	-93.205	-24.29	-90.51	1.18584	-0.09467199	0.243268	0.0795	0.669	0.0945	0	212	300	3
2026-02-12	15:04:03.350	-82.04	-30.59	-98.245	1.175836	-0.156404	0.275476	0.0765	0.657	0.096	0	212	300	3
2026-02-12	15:04:03.370	-55.335	-35.385	-101.955	1.150704	-0.163724	0.338184	0.0735	0.6435	0.1005	0	212	300	3
2026-02-12	15:04:03.390	-21.42	-34.09	-99.155	1.059692	-0.160552	0.396988	0.078	0.633	0.105	0	212	300	3
2026-02-12	15:04:03.410	15.75	-27.825	-88.375	0.96502	-0.110532	0.421876	0.081	0.618	0.1095	0	203	286	3
2026-02-12	15:04:03.430	48.125	-15.505	-67.2	0.929152	0.046848	0.35502	0.0795	0.6075	0.1095	0	203	286	3
2026-02-12	15:04:03.450	36.015	-8.61	-56.315	0.967704	0.147132	0.277428	0.078	0.6	0.1185	0	203	286	3
2026-02-12	15:04:03.470	-1.085	-2.205	-49.175	0.989908	0.18788	0.203984	0.081	0.588	0.1275	0	203	286	3
2026-02-12	15:04:03.490	-47.985	2.555	-45.255	0.990396	0.178364	0.147376	0.0825	0.582	0.1245	0	203	286	3
2026-02-12	15:04:03.510	-91.945	6.055	-43.995	0.975756	0.146644	0.129076	0.084	0.5775	0.117	0	203	286	3
2026-02-12	15:04:03.530	-128.03	10.08	-43.96	0.960872	0.109312	0.149084	0.09	0.5715	0.111	0	203	286	3
2026-02-12	15:04:03.550	-161.105	13.93	-42.875	0.939888	0.065392	0.159332	0.0975	0.564	0.108	0	203	286	3
2026-02-12	15:04:03.570	-186.27	15.54	-40.11	0.92598	0.000488	0.188612	0.1005	0.5565	0.1005	0	203	286	3
2026-02-12	15:04:03.590	-195.475	15.54	-36.225	0.909388	-0.066368	0.248392	0.1005	0.552	0.0885	0	203	286	3
2026-02-12	15:04:03.610	-185.57	15.54	-30.905	0.874008	-0.126392	0.311832	0.1005	0.549	0.0765	0	195	275	3
2026-02-12	15:04:03.630	-148.26	13.755	-26.18	0.851072	-0.14884	0.36966	0.0975	0.5445	0.063	0	195	275	3
2026-02-12	15:04:03.650	-102.69	11.13	-24.325	0.819108	-0.109068	0.41236	0.0945	0.5445	0.0555	0	195	275	3
2026-02-12	15:04:03.670	-73.115	6.72	-24.395	0.820572	-0.07124799	0.40138	0.102	0.546	0.048	0	195	275	3
2026-02-12	15:04:03.690	-50.155	1.75	-25.55	0.788364	-0.037332	0.38308	0.1095	0.549	0.045	0	195	275	3
2026-02-12	15:04:03.710	-33.88	-3.815	-27.825	0.774944	-0.007564	0.361608	0.1065	0.549	0.042	0	195	275	3
2026-02-12	15:04:03.730	-26.18	-9.975	-30.765	0.778848	0.010492	0.34282	0.1065	0.546	0.039	0	195	275	3
2026-02-12	15:04:03.750	-26.04	-16.135	-34.02	0.796904	0.017324	0.33184	0.1125	0.5445	0.0375	0	195	275	3
2026-02-12	15:04:03.770	-28.98	-21.98	-37.1	0.834724	0.015616	0.331108	0.1095	0.54	0.039	0	195	275	3
2026-02-12	15:04:03.790	-32.025	-26.845	-39.62	0.859124	0.006588	0.342088	0.108	0.537	0.0405	0	195	275	3
2026-02-12	15:04:03.810	-34.72	-30.205	-40.705	0.863516	0.008052	0.352336	0.1155	0.5325	0.042	0	188	275	3
2026-02-12	15:04:03.830	-37.135	-32.585	-40.565	0.8601	0.000732	0.35258	0.117	0.5265	0.045	0	188	275	3
2026-02-12	15:04:03.850	-39.235	-35.665	-39.165	0.875228	-0.016836	0.347944	0.1155	0.522	0.045	0	188	275	3
2026-02-12	15:04:03.870	-37.31	-38.71	-36.68	0.880352	-0.029036	0.361852	0.117	0.5145	0.045	0	188	275	3
2026-02-12	15:04:03.890	-34.055	-41.37	-34.02	0.904264	-0.03416	0.375272	0.1155	0.5115	0.0495	0	188	275	3
2026-02-12	15:04:03.910	-29.61	-43.995	-30.905	0.93086	-0.038064	0.386008	0.1215	0.516	0.0525	0	188	275	3
2026-02-12	15:04:03.930	-22.085	-46.025	-27.09	0.956724	-0.0427	0.41114	0.129	0.5085	0.051	0	188	275	3
2026-02-12	15:04:03.950	-11.515	-47.53	-23.8	0.980636	-0.01952	0.450912	0.132	0.501	0.06	0	188	275	3
2026-02-12	15:04:03.970	-2.38	-47.53	-21.385	0.999912	-0.007564	0.46238	0.132	0.5025	0.066	0	188	275	3
2026-02-12	15:04:03.990	6.02	-46.83	-19.32	1.041148	0.003172	0.474336	0.132	0.507	0.0705	0	188	275	3
2026-02-12	15:04:04.010	14.91	-45.325	-18.235	1.105808	0.035136	0.506056	0.1305	0.507	0.078	0	182	292	3
2026-02-12	15:04:04.030	21.105	-41.72	-17.255	1.15046	0.07686	0.545584	0.1305	0.501	0.087	0	182	292	3
2026-02-12	15:04:04.050	22.715	-36.26	-14.49	1.143384	0.11712	0.574864	0.129	0.4935	0.0915	0	182	292	3
2026-02-12	15:04:04.070	15.785	-25.235	-5.425	1.11874	0.144204	0.52826	0.1305	0.492	0.096	0	182	292	3
2026-02-12	15:04:04.090	6.895	-19.915	2.415	1.094096	0.126148	0.446764	0.1335	0.4905	0.1035	0	182	292	3
2026-02-12	15:04:04.110	3.395	-16.8	8.75	1.0736	0.117852	0.390888	0.1365	0.489	0.1065	0	182	292	3
2026-02-12	15:04:04.130	1.925	-18.165	10.64	1.135576	0.136152	0.36356	0.138	0.495	0.108	0	182	292	3
2026-02-12	15:04:04.150	-6.93	-19.88	9.135	1.178032	0.121024	0.36478	0.1335	0.498	0.1125	0	182	292	3
2026-02-12	15:04:04.170	-13.65	-22.995	6.09	1.235616	0.064416	0.405284	0.1305	0.495	0.1125	0	182	292	3
2026-02-12	15:04:04.190	-5.705	-23.905	2.625	1.31882	0.004636	0.488732	0.135	0.4965	0.111	0	182	292	3
2026-02-12	15:04:04.210	15.575	-19.425	1.05	1.355176	-0.041724	0.54412	0.135	0.4995	0.1155	0	178	325	3
2026-02-12	15:04:04.230	42.56	-6.825	2.24	1.283928	0.00122	0.560224	0.126	0.4935	0.1245	0	178	325	3
2026-02-12	15:04:04.250	59.535	12.39	5.915	1.204384	0.084912	0.518256	0.1305	0.4965	0.126	0	178	325	3
2026-02-12	15:04:04.270	52.045	41.545	11.305	1.181204	0.17568	0.361852	0.1335	0.504	0.1215	0	178	325	3
2026-02-12	15:04:04.290	3.185	67.095	19.985	1.157292	0.205448	0.168116	0.1275	0.5055	0.12	0	178	325	3
2026-02-12	15:04:04.310	-52.675	79.1	28.91	1.116056	0.122	0.024644	0.1245	0.5085	0.114	0	178	325	3
2026-02-12	15:04:04.330	-95.165	83.37	38.185	1.083116	0.042456	-0.029036	0.1215	0.513	0.1065	0	178	325	3
2026-02-12	15:04:04.350	-120.33	81.83	49.455	1.056032	-0.031964	-0.022204	0.1215	0.5205	0.09	0	178	325	3
2026-02-12	15:04:04.370	-137.48	76.65	61.915	1.067744	-0.068076	-0.01952	0.12	0.528	0.0705	0	178	325	3
2026-02-12	15:04:04.390	-146.09	68.88	75.95	1.104832	-0.120048	-0.01708	0.117	0.537	0.0555	0	178	325	3
2026-02-12	15:04:04.410	-141.785	61.39	89.67	1.087752	-0.143228	0.012444	0.1185	0.549	0.0405	0	177	340	3
2026-02-12	15:04:04.430	-128.1	53.41	100.345	1.028704	-0.137128	0.037088	0.1155	0.5685	0.027	0	177	340	3
2026-02-12	15:04:04.450	-112.105	42.91	106.225	0.989664	-0.165188	0.050752	0.117	0.585	0.012	0	177	340	3
2026-02-12	15:04:04.470	-103.215	32.55	110.25	0.944524	-0.20496	0.064904	0.12	0.606	0.006	0	177	340	3
2026-02-12	15:04:04.490	-90.72	18.725	113.68	0.936228	-0.24156	0.084912	0.1155	0.6315	0.0015	0	177	340	3
2026-02-12	15:04:04.510	-64.295	6.895	114.835	0.885476	-0.213988	0.099308	0.1155	0.6465	-0.0045	0	177	340	3
2026-02-12	15:04:04.530	-33.705	0.07	110.985	0.841312	-0.164212	0.056364	0.114	0.666	-0.0075	0	177	340	3
2026-02-12	15:04:04.550	-4.445	-6.65	102.55	0.788852	-0.1525	0.002684	0.114	0.6825	-0.003	0	177	340	3
2026-02-12	15:04:04.570	22.33	-14.14	92.155	0.767136	-0.1952	-0.027328	0.1155	0.69	0	0	177	340	3
2026-02-12	15:04:04.590	49.49	-22.085	80.605	0.763964	-0.222528	-0.03172	0.1185	0.7065	0	0	177	340	3
2026-02-12	15:04:04.610	75.775	-29.155	69.965	0.768112	-0.241804	-0.008052	0.1185	0.717	0	0	183	308	3
2026-02-12	15:04:04.630	100.765	-35.28	59.36	0.811788	-0.25254	-0.003172	0.1185	0.7215	0.0015	0	183	308	3
2026-02-12	15:04:04.650	122.185	-41.02	50.33	0.828868	-0.246928	0.013176	0.117	0.726	0.0015	0	183	308	3
2026-02-12	15:04:04.670	142.24	-47.215	42.875	0.856928	-0.244	0.054656	0.1125	0.7245	0.003	0	183	308	3
2026-02-12	15:04:04.690	165.725	-51.87	35.805	0.913536	-0.232044	0.113948	0.1095	0.7275	0.0075	0	183	308	3
2026-02-12	15:04:04.710	199.01	-54.32	27.265	0.915732	-0.184952	0.167384	0.1125	0.7275	0.012	0	183	308	3
2026-02-12	15:04:04.730	216.055	-56.945	22.925	0.946476	-0.162748	0.204716	0.111	0.7215	0.015	0	183	308	3
2026-02-12	15:04:04.750	229.81	-58.52	19.075	0.9882	-0.123464	0.240096	0.1095	0.714	0.021	0	183	308	3
2026-02-12	15:04:04.770	236.6	-59.22	15.75	1.00406	-0.074908	0.263032	0.1065	0.705	0.0255	0	183	308	3
2026-02-12	15:04:04.790	231.945	-60.9	12.81	1.057008	-0.002684	0.297924	0.102	0.6975	0.03	0	183	308	3
2026-02-12	15:04:04.810	212.975	-62.125	8.295	1.112884	0.063684	0.319884	0.0975	0.693	0.039	0	191	257	3
2026-02-12	15:04:04.830	178.325	-63.28	3.29	1.123376	0.106872	0.32086	0.096	0.6885	0.0525	0	191	257	3
2026-02-12	15:04:04.850	134.925	-67.515	-2.73	1.157292	0.129076	0.289384	0.0945	0.6795	0.06	0	191	257	3
2026-02-12	15:04:04.870	91.455	-73.465	-12.11	1.275144	0.15616	0.354532	0.0885	0.672	0.0675	0	191	257	3
2026-02-12	15:04:04.890	59.15	-73.92	-29.295	1.423252	0.206668	0.414068	0.0915	0.6735	0.078	0	191	257	3
2026-02-12	15:04:04.910	11.97	-73.43	-48.895	1.4396	0.1159	0.345992	0.0915	0.672	0.0855	0	191	257	3
2026-02-12	15:04:04.930	-22.26	-73.185	-62.965	1.414224	-0.038308	0.283528	0.087	0.6615	0.0975	0	191	257	3
2026-02-12	15:04:04.950	-19.005	-69.58	-68.74	1.350784	-0.112728	0.30134	0.0915	0.654	0.1095	0	191	257	3
2026-02-12	15:04:04.970	4.97	-59.885	-68.95	1.24074	-0.09076799	0.375272	0.0885	0.648	0.1155	0	191	257	3
2026-02-12	15:04:04.990	30.345	-45.395	-65.065	1.148264	-0.052216	0.405284	0.087	0.639	0.12	0	191	257	3
2026-02-12	15:04:05.010	45.43	-28.49	-58.38	1.096048	0.033916	0.360632	0.0915	0.63	0.126	0	200	233	3
2026-02-12	15:04:05.030	41.16	-12.495	-52.115	1.08946	0.090524	0.272304	0.0885	0.6225	0.1305	0	200	233	3
2026-02-12	15:04:05.050	18.305	3.045	-48.09	1.033096	0.09076799	0.19398	0.0885	0.6135	0.138	0	200	233	3
2026-02-12	15:04:05.070	-9.73	16.03	-45.605	1.00894	0.087596	0.144448	0.096	0.6045	0.141	0	200	233	3
2026-02-12	15:04:05.090	-40.39	28.14	-45.36	0.989908	0.09882	0.122488	0.096	0.5985	0.135	0	200	233	3
2026-02-12	15:04:05.110	-74.9	41.335	-45.43	0.945744	0.080764	0.089304	0.096	0.5955	0.129	0	200	233	3
2026-02-12	15:04:05.130	-103.81	54.635	-45.465	0.86986	-0.011712	0.043432	0.0975	0.5865	0.123	0	200	233	3
2026-02-12	15:04:05.150	-114.1	52.85	-43.785	0.815692	-0.077104	0.054168	0.102	0.582	0.111	0	200	233	3
2026-02-12	15:04:05.170	-119.28	47.285	-40.88	0.758108	-0.11956	0.099308	0.1035	0.579	0.099	0	200	233	3
2026-02-12	15:04:05.190	-121.17	39.41	-36.785	0.711992	-0.132736	0.172264	0.1005	0.5745	0.0825	0	200	233	3
2026-02-12	15:04:05.210	-119.63	32.515	-34.685	0.707356	-0.105408	0.261812	0.105	0.5745	0.072	0	209	230	3
2026-02-12	15:04:05.230	-116.725	30.03	-34.58	0.68686	-0.093208	0.326716	0.108	0.5745	0.069	0	209	230	3
2026-02-12	15:04:05.250	-113.015	27.93	-35.28	0.65392	-0.060756	0.334036	0.1095	0.573	0.06	0	209	230	3
2026-02-12	15:04:05.270	-109.62	24.115	-36.89	0.629032	-0.049776	0.29524	0.1155	0.5655	0.048	0	209	230	3
2026-02-12	15:04:05.290	-103.53	18.55	-39.025	0.640988	-0.06588	0.25742	0.114	0.564	0.039	0	209	230	3
2026-02-12	15:04:05.310	-94.675	12.005	-40.355	0.632692	-0.077836	0.22082	0.12	0.5655	0.03	0	209	230	3
2026-02-12	15:04:05.330	-81.305	5.425	-41.02	0.627568	-0.112484	0.21716	0.1245	0.564	0.024	0	209	230	3
2026-02-12	15:04:05.350	-50.26	-4.165	-42.735	0.737612	-0.121024	0.27084	0.1245	0.5625	0.0225	0	209	230	3
2026-02-12	15:04:05.370	-28.14	-6.72	-42.735	0.806176	-0.122976	0.296216	0.117	0.5595	0.0195	0	209	230	3
2026-02-12	15:04:05.390	-7.525	-7.77	-39.62	0.843752	-0.108092	0.310612	0.117	0.5565	0.0195	0	209	230	3
2026-02-12	15:04:05.410	10.57	-7.98	-34.195	0.865712	-0.079788	0.310856	0.1245	0.5505	0.0195	0	217	232	3
2026-02-12	15:04:05.430	23.8	-7.49	-27.265	0.899872	-0.04514	0.311832	0.126	0.5445	0.018	0	217	232	3
2026-02-12	15:04:05.450	29.82	-5.46	-18.97	0.904996	0.004392	0.3172	0.1275	0.54	0.0195	0	217	232	3
2026-02-12	15:04:05.470	26.39	-3.92	-9.73	0.899384	0.048068	0.305976	0.1305	0.5355	0.0225	0	217	232	3
2026-02-12	15:04:05.490	15.365	-5.145	-1.295	0.930372	0.082716	0.298168	0.129	0.5325	0.027	0	217	232	3
2026-02-12	15:04:05.510	0.035	-6.755	5.39	0.944768	0.106628	0.310612	0.129	0.5295	0.0285	0	217	232	3
2026-02-12	15:04:05.530	-18.305	-9.345	10.78	0.951112	0.11712	0.3233	0.132	0.528	0.03	0	217	232	3
2026-02-12	15:04:05.550	-40.25	-13.72	13.335	0.981612	0.100284	0.34526	0.129	0.534	0.0315	0	217	232	3
2026-02-12	15:04:05.570	-54.495	-18.06	12.355	0.981612	0.066124	0.383812	0.129	0.5415	0.0285	0	217	232	3
2026-02-12	15:04:05.590	-56.35	-21.98	9.485	0.992592	0.027328	0.408944	0.1245	0.5445	0.027	0	217	232	3
2026-02-12	15:04:05.610	-50.715	-26.6	5.18	1.02358	0	0.433588	0.1215	0.5505	0.0255	0	223	246	3
2026-02-12	15:04:05.630	-40.565	-30.695	0	1.044808	-0.005124	0.466528	0.12	0.5535	0.027	0	223	246	3
2026-02-12	15:04:05.650	-31.045	-32.55	-4.655	1.032364	0.017324	0.491416	0.12	0.552	0.0285	0	223	246	3
2026-02-12	15:04:05.670	-23.8	-34.51	-9.24	1.046272	0.022936	0.458232	0.123	0.5565	0.0315	0	223	246	3
2026-02-12	15:04:05.690	-21.07	-37.8	-13.72	1.102636	0.017568	0.416996	0.1215	0.561	0.036	0	223	246	3
2026-02-12	15:04:05.710	-20.895	-41.545	-18.165	1.158756	0.0122	0.385032	0.1215	0.561	0.0375	0	223	246	3
2026-02-12	15:04:05.730	-24.745	-45.605	-21.63	1.210484	0.003904	0.342088	0.1215	0.555	0.045	0	223	246	3
2026-02-12	15:04:05.750	-30.065	-49.665	-24.43	1.251476	-0.010248	0.328424	0.12	0.549	0.048	0	223	246	3
2026-02-12	15:04:05.770	-32.34	-53.865	-27.93	1.299056	-0.034404	0.371368	0.1215	0.549	0.045	0	223	246	3
2026-02-12	15:04:05.790	-29.12	-52.57	-29.82	1.2688	-0.072712	0.452864	0.1185	0.546	0.0555	0	223	246	3
2026-02-12	15:04:05.810	-18.55	-45.15	-26.635	1.181448	-0.09028	0.464332	0.123	0.543	0.066	0	224	273	3
2026-02-12	15:04:05.830	-5.95	-36.75	-20.195	1.133136	-0.087596	0.411384	0.126	0.54	0.069	0	224	273	3
2026-02-12	15:04:05.850	3.465	-28.28	-12.635	1.126304	-0.087352	0.336476	0.1245	0.5385	0.075	0	224	273	3
2026-02-12	15:04:05.870	5.95	-18.69	-3.395	1.08336	-0.093208	0.25254	0.123	0.537	0.0765	0	224	273	3
2026-02-12	15:04:05.890	5.04	-11.095	6.09	1.059448	-0.0915	0.17568	0.1185	0.5325	0.0795	0	224	273	3
2026-02-12	15:04:05.910	5.6	-6.72	13.16	1.074576	-0.089792	0.129564	0.12	0.531	0.084	0	224	273	3
2026-02-12	15:04:05.930	4.55	-2.87	18.375	1.07726	-0.09272	0.130296	0.1215	0.534	0.081	0	224	273	3
2026-02-12	15:04:05.950	0.07	0.7	23.695	1.03578	-0.110288	0.124196	0.1215	0.54	0.075	0	224	273	3
2026-02-12	15:04:05.970	-3.85	2.24	28.315	1.010892	-0.131028	0.132736	0.1185	0.5445	0.0765	0	224	273	3
2026-02-12	15:04:05.990	2.45	5.355	32.935	0.96136	-0.160064	0.184708	0.114	0.5475	0.0825	0	224	273	3
2026-02-12	15:04:06.010	11.515	9.1	36.575	0.918416	-0.14518	0.195444	0.1125	0.5475	0.0795	0	224	292	3
2026-02-12	15:04:06.030	15.68	12.005	39.97	0.865468	-0.127368	0.175192	0.1125	0.5535	0.0795	0	224	292	3
2026-02-12	15:04:06.050	17.745	12.565	41.195	0.820816	-0.129564	0.165676	0.1095	0.561	0.0795	0	224	292	3
2026-02-12	15:04:06.070	24.115	11.725	39.795	0.8296	-0.144936	0.176168	0.108	0.57	0.0765	0	224	292	3
2026-02-12	15:04:06.090	33.74	11.9	36.435	0.855952	-0.1403	0.182512	0.108	0.576	0.075	0	224	292	3
2026-02-12	15:04:06.110	39.165	14.42	32.725	0.837408	-0.128588	0.156892	0.1065	0.5775	0.0735	0	224	292	3
2026-02-12	15:04:06.130	38.5	16.555	29.12	0.802028	-0.12566	0.123952	0.1095	0.5775	0.072	0	224	292	3
2026-02-12	15:04:06.150	36.225	16.695	24.99	0.798368	-0.144448	0.102724	0.1095	0.582	0.069	0	224	292	3
2026-02-12	15:04:06.170	36.085	16.8	21.875	0.792024	-0.152988	0.101992	0.105	0.588	0.072	0	224	292	3
2026-02-12	15:04:06.190	40.495	17.22	22.19	0.772748	-0.160064	0.104188	0.1065	0.5865	0.0675	0	224	292	3
2026-02-12	15:04:06.210	52.885	14.175	25.55	0.813984	-0.17812	0.040992	0.1095	0.582	0.063	0	222	282	3
2026-02-12	15:04:06.230	66.08	8.505	26.425	0.876204	-0.1525	0.023424	0.1095	0.588	0.066	0	222	282	3
2026-02-12	15:04:06.250	76.09	1.995	25.445	0.954284	-0.178608	0.066124	0.1065	0.597	0.0675	0	222	282	3
2026-02-12	15:04:06.270	94.255	-2.24	25.69	1.053104	-0.175436	0.118584	0.105	0.597	0.069	0	222	282	3
2026-02-12	15:04:06.290	115.185	-3.85	27.72	1.183156	-0.13908	0.1464	0.108	0.5925	0.0705	0	222	282	3
2026-02-12	15:04:06.310	126.56	-2.485	31.185	1.291004	-0.115412	0.139812	0.1065	0.5985	0.0735	0	222	282	3
2026-02-12	15:04:06.330	130.445	0.21	36.365	1.349076	-0.09028	0.134932	0.105	0.6	0.078	0	222	282	3
2026-02-12	15:04:06.350	132.72	3.395	41.965	1.407148	-0.039528	0.127856	0.1065	0.6015	0.084	0	222	282	3
2026-02-12	15:04:06.370	125.72	7.245	46.515	1.436916	0.031232	0.09394	0.105	0.6075	0.087	0	222	282	3
2026-02-12	15:04:06.390	105.35	8.645	49.525	1.415932	0.118584	0.064172	0.102	0.609	0.0855	0	222	282	3
2026-02-12	15:04:06.410	51.31	2.8	45.045	1.308572	0.26352	0.081496	0.1005	0.609	0.087	0	220	251	3
2026-02-12	15:04:06.430	-11.97	-7.735	33.32	1.204628	0.261812	0.19398	0.1005	0.609	0.0885	0	220	251	3
2026-02-12	15:04:06.450	-46.375	-13.86	22.015	1.108736	0.143716	0.299876	0.1005	0.618	0.0915	0	220	251	3
2026-02-12	15:04:06.470	-56.175	-15.085	12.32	0.986736	-0.019764	0.304512	0.102	0.6255	0.093	0	220	251	3
2026-02-12	15:04:06.490	-46.27	-14.42	5.145	0.933544	-0.145912	0.256932	0.1005	0.624	0.09	0	220	251	3
2026-02-12	15:04:06.510	-18.27	-8.715	1.54	0.925736	-0.215452	0.228628	0.0975	0.627	0.09	0	220	251	3
2026-02-12	15:04:06.530	26.845	-1.4	0.56	0.923296	-0.223748	0.18666	0.0975	0.6315	0.0915	0	220	251	3
2026-02-12	15:04:06.550	78.33	4.83	-0.105	0.945744	-0.18178	0.144448	0.099	0.6285	0.096	0	220	251	3
2026-02-12	15:04:06.570	123.06	11.165	-2.275	1.000888	-0.11956	0.1403	0.102	0.627	0.0975	0	220	251	3
2026-02-12	15:04:06.590	151.655	20.51	-6.58	1.035292	-0.031964	0.181536	0.105	0.627	0.093	0	220	251	3
2026-02-12	15:04:06.610	156.975	33.495	-9.66	0.995032	0.061	0.213256	0.1005	0.627	0.0945	0	221	222	3
2026-02-12	15:04:06.630	126.14	52.92	-12.985	0.970632	0.173728	0.194712	0.093	0.6285	0.1005	0	221	222	3
2026-02-12	15:04:06.650	85.82	64.82	-16.415	0.969168	0.194224	0.185684	0.1035	0.6135	0.0885	0	221	222	3
2026-02-12	15:04:06.670	42.35	75.635	-18.235	0.918904	0.1769	0.183976	0.099	0.612	0.0855	0	221	222	3
2026-02-12	15:04:06.690	4.41	82.075	-16.975	0.882792	0.167384	0.169092	0.1005	0.609	0.0765	0	221	222	3
2026-02-12	15:04:06.710	-34.335	83.125	-14.455	0.8723	0.183976	0.147864	0.1035	0.609	0.066	0	221	222	3
2026-02-12	15:04:06.730	-77.875	81.2	-12.46	0.84912	0.18422	0.138836	0.108	0.612	0.0525	0	221	222	3
2026-02-12	15:04:06.750	-123.27	77.63	-9.975	0.818132	0.16958	0.153232	0.114	0.6105	0.0375	0	221	222	3
2026-02-12	15:04:06.770	-168.945	74.27	-8.225	0.78324	0.155672	0.168604	0.111	0.6105	0.024	0	221	222	3
2026-02-12	15:04:06.790	-201.985	69.58	-9.485	0.767136	0.089792	0.180804	0.1125	0.618	0.009	0	221	222	3
2026-02-12	15:04:06.810	-220.43	61.915	-10.955	0.755668	-0.008052	0.175436	0.117	0.63	-0.0015	0	222	206	3
2026-02-12	15:04:06.830	-215.04	52.15	-15.645	0.742492	-0.104188	0.187392	0.1185	0.6405	-0.015	0	222	206	3
2026-02-12	15:04:06.850	-196.28	43.435	-23.45	0.725412	-0.175192	0.20496	0.1185	0.645	-0.0255	0	222	206	3
2026-02-12	15:04:06.870	-167.685	38.395	-31.185	0.726144	-0.25132	0.268888	0.126	0.6495	-0.03	0	222	206	3
2026-02-12	15:04:06.890	-134.015	35.455	-39.235	0.74176	-0.27816	0.355508	0.132	0.6585	-0.0375	0	222	206	3
2026-02-12	15:04:06.910	-105.98	34.755	-45.43	0.757132	-0.360876	0.422608	0.132	0.6645	-0.0435	0	222	206	3
2026-02-12	15:04:06.930	-67.795	29.75	-50.575	0.718092	-0.32574	0.395036	0.132	0.66	-0.0465	0	222	206	3
2026-02-12	15:04:06.950	-36.435	19.495	-56.77	0.698084	-0.234728	0.361608	0.1365	0.657	-0.051	0	222	206	3
2026-02-12	15:04:06.970	-13.335	6.965	-63.77	0.716628	-0.217404	0.344528	0.1425	0.66	-0.0555	0	222	206	3
2026-02-12	15:04:06.990	9.66	-5.88	-68.495	0.734684	-0.213744	0.316224	0.144	0.657	-0.0555	0	222	206	3
2026-02-12	15:04:07.010	30.52	-21	-71.19	0.771528	-0.155428	0.312076	0.147	0.648	-0.054	0	224	207	3
2026-02-12	15:04:07.030	42.805	-35.42	-74.025	0.814472	-0.114436	0.340136	0.144	0.6315	-0.0525	0	224	207	3
2026-02-12	15:04:07.050	42	-49.7	-74.27	0.855708	-0.101748	0.373564	0.1395	0.624	-0.0495	0	224	207	3
2026-02-12	15:04:07.070	30.835	-60.935	-72.59	0.9028	-0.098332	0.37454	0.1395	0.624	-0.0495	0	224	207	3
2026-02-12	15:04:07.090	21.28	-67.725	-71.155	0.940376	-0.100772	0.371856	0.138	0.612	-0.039	0	224	207	3
2026-02-12	15:04:07.110	17.36	-72.135	-69.3	0.950136	-0.083448	0.378932	0.1335	0.5925	-0.0225	0	224	207	3
2026-02-12	15:04:07.130	18.9	-74.935	-68.18	0.976976	-0.061732	0.36966	0.1335	0.579	-0.015	0	224	207	3
2026-02-12	15:04:07.150	19.04	-78.26	-67.55	1.022848	-0.04514	0.36844	0.1335	0.573	-0.009	0	224	207	3
2026-02-12	15:04:07.170	14.42	-81.27	-66.185	1.056032	-0.049532	0.383812	0.1335	0.567	0.0045	0	224	207	3
2026-02-12	15:04:07.190	9.415	-81.235	-63.91	1.081408	-0.045872	0.406748	0.135	0.5565	0.0165	0	224	207	3
2026-02-12	15:04:07.210	9.45	-79.73	-61.635	1.1224	-0.044164	0.42578	0.129	0.546	0.03	0	226	231	3
2026-02-12	15:04:07.230	10.36	-77.21	-59.045	1.17608	-0.019764	0.423828	0.129	0.5385	0.0405	0	226	231	3
2026-02-12	15:04:07.250	7.945	-73.255	-54.74	1.208532	-0.010004	0.41724	0.1365	0.5325	0.045	0	226	231	3
2026-02-12	15:04:07.270	1.33	-66.885	-44.73	1.244156	-0.005368	0.407724	0.141	0.528	0.0465	0	226	231	3
2026-02-12	15:04:07.290	-3.01	-62.16	-36.68	1.264652	0.010492	0.40992	0.147	0.5175	0.069	0	226	231	3
2026-02-12	15:04:07.310	-9.52	-57.26	-28.805	1.2871	0.022692	0.412604	0.144	0.519	0.069	0	226	231	3
2026-02-12	15:04:07.330	-17.43	-51.275	-20.86	1.293688	0.022448	0.426756	0.141	0.5145	0.072	0	226	231	3
2026-02-12	15:04:07.350	-22.12	-44.555	-12.705	1.291736	-0.000976	0.432124	0.1395	0.5085	0.0765	0	226	231	3
2026-02-12	15:04:07.370	-22.225	-35.91	-4.305	1.235128	-0.010492	0.434808	0.135	0.51	0.0825	0	226	231	3
2026-02-12	15:04:07.390	-21.21	-26.6	4.095	1.159244	-0.008784	0.422852	0.135	0.5085	0.087	0	226	231	3
2026-02-12	15:04:07.410	-18.76	-17.605	10.99	1.107516	-0.012688	0.425292	0.138	0.507	0.0885	0	227	269	3
2026-02-12	15:04:07.430	-13.09	-7.63	16.835	1.064328	-0.027816	0.437492	0.138	0.513	0.087	0	227	269	3
2026-02-12	15:04:07.450	-3.605	3.29	22.785	1.0431	-0.03904	0.420412	0.1365	0.513	0.087	0	227	269	3
2026-02-12	15:04:07.470	4.83	17.535	30.345	1.087996	-0.018544	0.349408	0.132	0.5145	0.0885	0	227	269	3
2026-02-12	15:04:07.490	0.175	32.34	39.095	1.10654	-0.017812	0.240828	0.1305	0.519	0.0915	0	227	269	3
2026-02-12	15:04:07.510	-9.695	40.355	46.375	1.091412	-0.037332	0.163724	0.126	0.5295	0.09	0	227	269	3
2026-02-12	15:04:07.530	-17.115	44.625	53.235	1.061156	-0.061244	0.142252	0.126	0.534	0.087	0	227	269	3
2026-02-12	15:04:07.550	-18.585	45.36	58.52	1.063352	-0.0671	0.144448	0.12	0.537	0.075	0	227	269	3
2026-02-12	15:04:07.570	-18.9	46.305	62.755	1.026752	-0.068564	0.15006	0.114	0.543	0.0645	0	227	269	3
2026-02-12	15:04:07.590	-20.125	47.145	66.01	0.990396	-0.077348	0.16226	0.1125	0.5535	0.06	0	227	269	3
2026-02-12	15:04:07.610	-21.63	47.25	68.845	0.981368	-0.101748	0.164212	0.117	0.564	0.054	0	227	297	3
2026-02-12	15:04:07.630	-23.905	47.215	71.855	0.962824	-0.117608	0.166652	0.1185	0.5715	0.0465	0	227	297	3
2026-02-12	15:04:07.650	-25.095	47.215	75.67	0.887428	-0.131516	0.160064	0.117	0.5805	0.0405	0	227	297	3
2026-02-12	15:04:07.670	-22.82	45.22	79.065	0.83692	-0.139812	0.155184	0.117	0.5955	0.0315	0	227	297	3
2026-02-12	15:04:07.690	-15.05	42.245	81.62	0.820084	-0.135176	0.139324	0.1125	0.6045	0.0255	0	227	297	3
2026-02-12	15:04:07.710	-6.335	39.34	83.055	0.8052	-0.12322	0.115656	0.1125	0.6045	0.0255	0	227	297	3
2026-02-12	15:04:07.730	-0.77	36.645	83.86	0.756644	-0.127124	0.089304	0.1095	0.6375	0.012	0	227	297	3
2026-02-12	15:04:07.750	6.755	32.06	82.775	0.753472	-0.1403	0.067588	0.1095	0.6435	0.006	0	227	297	3
2026-02-12	15:04:07.770	16.695	27.335	78.995	0.766648	-0.154696	0.065392	0.114	0.654	0.0015	0	227	297	3
2026-02-12	15:04:07.790	27.23	23.38	73.745	0.77714	-0.1708	0.068076	0.1125	0.66	0.0015	0	227	297	3
2026-02-12	15:04:07.810	36.68	19.67	67.795	0.794952	-0.175924	0.065636	0.1095	0.6735	-0.0015	0	225	289	3
2026-02-12	15:04:07.830	42.875	15.61	60.865	0.799344	-0.168848	0.061976	0.114	0.6825	-0.0045	0	225	289	3
2026-02-12	15:04:07.850	46.165	11.305	52.92	0.7808	-0.16714	0.063928	0.1185	0.6855	-0.006	0	225	289	3
2026-02-12	15:04:07.870	48.755	4.69	43.89	0.789096	-0.166408	0.069052	0.123	0.693	-0.0045	0	225	289	3
2026-02-12	15:04:07.890	50.365	-3.57	34.055	0.833504	-0.178364	0.090036	0.12	0.6975	-0.006	0	225	289	3
2026-02-12	15:04:07.910	49.595	-17.045	19.425	0.845948	-0.199592	0.128588	0.1155	0.6975	-0.009	0	225	289	3
2026-02-12	15:04:07.930	52.29	-29.225	7.84	0.943792	-0.210816	0.171044	0.1155	0.6975	-0.009	0	225	289	3
2026-02-12	15:04:07.950	60.13	-39.76	-4.585	1.043832	-0.223992	0.194224	0.117	0.699	-0.006	0	225	289	3
2026-02-12	15:04:07.970	70.105	-48.86	-13.51	1.095316	-0.23668	0.199592	0.1155	0.6975	0	0	225	289	3
2026-02-12	15:04:07.990	87.185	-58.73	-20.51	1.172664	-0.225944	0.239852	0.1125	0.69	0.0105	0	225	289	3
2026-02-12	15:04:08.010	113.155	-65.835	-27.16	1.262212	-0.201056	0.305244	0.111	0.6825	0.018	0	223	258	3
2026-02-12	15:04:08.030	141.435	-69.685	-34.51	1.330044	-0.14396	0.347456	0.111	0.6795	0.0225	0	223	258	3
2026-02-12	15:04:08.050	156.765	-74.06	-40.565	1.355176	-0.07905599	0.35258	0.105	0.672	0.03	0	223	258	3
2026-02-12	15:04:08.070	160.125	-79.73	-45.255	1.398608	-0.0488	0.352336	0.099	0.657	0.045	0	223	258	3
2026-02-12	15:04:08.090	157.57	-85.365	-48.335	1.425448	-0.022692	0.364536	0.1005	0.645	0.0585	0	223	258	3
2026-02-12	15:04:08.110	148.645	-88.69	-48.37	1.410076	0.0122	0.404552	0.0945	0.639	0.066	0	223	258	3
2026-02-12	15:04:08.130	139.44	-82.705	-45.01	1.364448	0.075396	0.496296	0.09	0.6405	0.0705	0	223	258	3
2026-02-12	15:04:08.150	130.305	-66.15	-41.265	1.251964	0.122732	0.535092	0.0945	0.624	0.105	0	223	258	3
2026-02-12	15:04:08.170	105.07	-46.025	-33.6	1.106296	0.293288	0.578524	0.096	0.6195	0.1125	0	223	258	3
2026-02-12	15:04:08.190	67.795	-26.25	-23.695	1.017236	0.1769	0.353068	0.093	0.6135	0.1215	0	223	258	3
2026-02-12	15:04:08.210	31.115	-8.82	-22.225	1.020896	0.176168	0.220576	0.0915	0.6105	0.1305	0	224	245	3
2026-02-12	15:04:08.230	-2.275	5.81	-23.275	1.01748	0.218868	0.12688	0.0975	0.609	0.1365	0	224	245	3
2026-02-12	15:04:08.250	-35.7	20.055	-24.92	1.011624	0.201544	0.109556	0.099	0.606	0.1305	0	224	245	3
2026-02-12	15:04:08.270	-69.475	33.67	-23.555	0.965996	0.115168	0.072468	0.1005	0.6	0.126	0	224	245	3
2026-02-12	15:04:08.290	-116.725	45.955	-20.755	0.9394	0.114436	0.151036	0.1005	0.6	0.1185	0	224	245	3
2026-02-12	15:04:08.310	-169.365	56.595	-16.8	0.91256	0.059048	0.206668	0.0975	0.6	0.1065	0	224	245	3
2026-02-12	15:04:08.330	-201.775	65.275	-8.96	0.887428	-0.07124799	0.22448	0.099	0.5985	0.1005	0	224	245	3
2026-02-12	15:04:08.350	-194.355	70.805	-1.155	0.887916	-0.121268	0.231312	0.099	0.5985	0.1005	0	224	245	3
2026-02-12	15:04:08.370	-178.57	72.8	3.955	0.854488	-0.125904	0.222528	0.1005	0.603	0.0555	0	224	245	3
2026-02-12	15:04:08.390	-161.49	73.675	8.96	0.828136	-0.13542	0.251808	0.1035	0.6045	0.0495	0	224	245	3
2026-02-12	15:04:08.410	-138.075	74.69	11.83	0.80642	-0.11834	0.254004	0.1095	0.612	0.0375	0	227	246	3
2026-02-12	15:04:08.430	-116.9	73.185	13.65	0.740296	-0.091012	0.192028	0.1125	0.618	0.0255	0	227	246	3
2026-02-12	15:04:08.450	-99.015	67.235	14.525	0.678808	-0.099308	0.133956	0.114	0.621	0.009	0	227	246	3
2026-02-12	15:04:08.470	-78.68	58.45	13.825	0.650016	-0.110532	0.128588	0.117	0.624	-0.006	0	227	246	3
2026-02-12	15:04:08.490	-58.485	48.405	10.745	0.651236	-0.082716	0.161284	0.1185	0.6285	-0.012	0	227	246	3
2026-02-12	15:04:08.510	-44.835	40.46	6.72	0.647576	-0.072956	0.19398	0.117	0.6345	-0.018	0	227	246	3
2026-02-12	15:04:08.530	-35.595	32.935	2.135	0.636108	-0.074176	0.202276	0.1215	0.6375	-0.024	0	227	246	3
2026-02-12	15:04:08.550	-23.03	21.245	-5.88	0.662948	-0.12566	0.231312	0.1275	0.6375	-0.0255	0	227	246	3
2026-02-12	15:04:08.570	-9.1	13.615	-11.41	0.7015	-0.142496	0.235216	0.1305	0.6435	-0.036	0	227	246	3
2026-02-12	15:04:08.590	9.31	5.775	-17.255	0.731268	-0.144204	0.237168	0.135	0.6405	-0.036	0	227	246	3
2026-02-12	15:04:08.610	28.84	-0.84	-21.84	0.745664	-0.16836	0.262544	0.1305	0.639	-0.0405	0	232	245	3
2026-02-12	15:04:08.630	39.48	-7.14	-23.275	0.771528	-0.18666	0.30378	0.126	0.6375	-0.0435	0	232	245	3
2026-02-12	15:04:08.650	32.69	-12.74	-20.615	0.80154	-0.181292	0.366732	0.129	0.63	-0.0375	0	232	245	3
2026-02-12	15:04:08.670	9.94	-17.57	-15.75	0.83448	-0.168116	0.434076	0.1275	0.627	-0.0315	0	232	245	3
2026-02-12	15:04:08.690	-16.415	-20.72	-10.92	0.861564	-0.14884	0.484096	0.123	0.627	-0.0315	0	232	245	3
2026-02-12	15:04:08.710	-33.355	-20.93	-7.175	0.89426	-0.146888	0.52948	0.1245	0.627	-0.027	0	232	245	3
2026-02-12	15:04:08.730	-42.98	-19.04	-4.97	0.915976	-0.150792	0.519476	0.126	0.624	-0.0195	0	232	245	3
2026-02-12	15:04:08.750	-42.385	-17.5	-4.795	0.96746	-0.20374	0.47458	0.123	0.621	-0.0225	0	232	245	3
2026-02-12	15:04:08.770	-30.205	-17.185	-6.685	1.003328	-0.22692	0.451644	0.1185	0.6225	-0.027	0	232	245	3
2026-02-12	15:04:08.790	-18.375	-17.15	-8.26	1.01626	-0.212524	0.457744	0.126	0.636	-0.027	0	232	245	3
2026-02-12	15:04:08.810	-6.23	-18.305	-10.675	1.04798	-0.18056	0.495808	0.123	0.633	-0.024	0	236	258	3
2026-02-12	15:04:08.830	5.95	-17.85	-14.245	1.057984	-0.160796	0.54656	0.1215	0.63	-0.0165	0	236	258	3
2026-02-12	15:04:08.850	16.24	-15.61	-15.925	1.02724	-0.135176	0.54778	0.117	0.6225	-0.009	0	236	258	3
2026-02-12	15:04:08.870	20.37	-15.19	-15.505	1.057252	-0.119072	0.507032	0.1125	0.618	-0.0075	0	236	258	3
2026-02-12	15:04:08.890	13.79	-17.08	-14.7	1.12606	-0.10614	0.456768	0.12	0.618	-0.009	0	236	258	3
2026-02-12	15:04:08.910	-1.82	-20.615	-13.125	1.16754	-0.123708	0.4209	0.12	0.618	-0.0105	0	236	258	3
2026-02-12	15:04:08.930	-17.43	-26.04	-10.92	1.22122	-0.154452	0.418704	0.117	0.618	-0.009	0	236	258	3
2026-02-12	15:04:08.950	-24.255	-31.64	-9.52	1.265384	-0.182512	0.43554	0.12	0.6195	0	0	236	258	3
2026-02-12	15:04:08.970	-21.945	-36.085	-8.575	1.22488	-0.196908	0.449204	0.117	0.621	0.0045	0	236	258	3
2026-02-12	15:04:08.990	-9.975	-38.92	-8.155	1.126304	-0.230336	0.433344	0.117	0.621	0.0045	0	236	258	3
2026-02-12	15:04:09.010	11.515	-40.215	-8.155	1.07116	-0.27816	0.43188	0.111	0.6165	0.0105	0	239	295	3
2026-02-12	15:04:09.030	43.33	-39.13	-6.79	1.064816	-0.3172	0.428464	0.1125	0.6195	0.012	0	239	295	3
2026-02-12	15:04:09.050	74.2	-34.265	-2.45	1.060912	-0.2867	0.417484	0.1155	0.612	0.0195	0	239	295	3
2026-02-12	15:04:09.070	91.07	-26.39	3.85	1.024068	-0.25376	0.381128	0.114	0.6045	0.0225	0	239	295	3
2026-02-12	15:04:09.090	97.37	-19.565	10.115	0.987956	-0.234728	0.322568	0.105	0.606	0.027	0	239	295	3
2026-02-12	15:04:09.110	103.11	-12.95	16.87	0.959652	-0.238388	0.280844	0.105	0.6015	0.03	0	239	295	3
2026-02-12	15:04:09.130	109.06	-7.385	23.625	0.984052	-0.2501	0.28792	0.1065	0.603	0.036	0	239	295	3
2026-02-12	15:04:09.150	109.9	-1.855	29.75	1.008452	-0.240096	0.316956	0.102	0.6045	0.045	0	239	295	3
2026-02-12	15:04:09.170	103.075	5.075	35.49	0.979416	-0.222772	0.343308	0.0975	0.6	0.045	0	239	295	3
2026-02-12	15:04:09.190	91.035	13.86	43.155	0.922564	-0.213744	0.3111	0.0945	0.5985	0.045	0	239	295	3
2026-02-12	15:04:09.210	89.705	18.41	47.04	0.86864	-0.18788	0.288164	0.108	0.606	0.051	0	239	328	3
2026-02-12	15:04:09.230	89.95	22.505	50.26	0.82228	-0.17934	0.271572	0.0945	0.618	0.0495	0	239	328	3
2026-02-12	15:04:09.250	89.285	26.635	54.04	0.77836	-0.176168	0.260348	0.096	0.618	0.048	0	239	328	3
2026-02-12	15:04:09.270	87.01	30.205	57.925	0.74908	-0.167384	0.247904	0.096	0.621	0.048	0	239	328	3
2026-02-12	15:04:09.290	81.41	32.9	61.18	0.714432	-0.158356	0.23912	0.096	0.624	0.0495	0	239	328	3
2026-02-12	15:04:09.310	72.345	34.335	63.35	0.67954	-0.140056	0.222528	0.093	0.6345	0.0465	0	239	328	3
2026-02-12	15:04:09.330	63.455	34.405	63.735	0.666364	-0.137616	0.214476	0.093	0.6465	0.039	0	239	328	3
2026-02-12	15:04:09.350	57.645	34.265	62.545	0.656604	-0.13542	0.223992	0.0945	0.645	0.036	0	239	328	3
2026-02-12	15:04:09.370	53.83	34.755	59.605	0.684176	-0.119072	0.22936	0.09	0.6465	0.0345	0	239	328	3
2026-02-12	15:04:09.390	41.055	35.735	53.41	0.748836	-0.096624	0.198616	0.09	0.6525	0.0255	0	239	328	3
2026-02-12	15:04:09.410	22.05	35.385	46.095	0.757376	-0.117852	0.152012	0.093	0.6555	0.024	0	236	336	3
2026-02-12	15:04:09.430	9.59	29.995	39.165	0.809104	-0.138348	0.127856	0.0825	0.6585	0.0225	0	236	336	3
2026-02-12	15:04:09.450	3.01	22.645	32.06	0.863516	-0.16104	0.139568	0.0945	0.6735	0.012	0	236	336	3
2026-02-12	15:04:09.470	0.805	13.825	25.165	0.927688	-0.16104	0.159088	0.09	0.672	0.015	0	236	336	3
2026-02-12	15:04:09.490	0.7	3.045	17.395	1.010404	-0.152988	0.206668	0.084	0.675	0.021	0	236	336	3
2026-02-12	15:04:09.510	2.38	-7.595	9.38	1.08336	-0.160552	0.24644	0.0885	0.678	0.015	0	236	336	3
2026-02-12	15:04:09.530	7.84	-18.76	1.855	1.138992	-0.16714	0.268156	0.0915	0.678	0.009	0	236	336	3
2026-02-12	15:04:09.550	18.515	-30.94	-6.895	1.2322	-0.146156	0.338672	0.093	0.678	0.0135	0	236	336	3
2026-02-12	15:04:09.570	38.395	-38.465	-19.81	1.373476	-0.101016	0.469212	0.0945	0.6795	0.0195	0	236	336	3
2026-02-12	15:04:09.590	62.86	-37.345	-35.42	1.525244	-0.012444	0.527528	0.087	0.6765	0.0255	0	236	336	3
2026-02-12	15:04:09.610	53.76	-34.86	-47.32	1.516704	0.033672	0.422852	0.084	0.672	0.027	0	233	322	3
2026-02-12	15:04:09.630	25.025	-36.505	-53.795	1.48718	0.015128	0.356484	0.084	0.672	0.027	0	233	322	3
2026-02-12	15:04:09.650	11.445	-35.21	-57.575	1.451068	0.024888	0.36234	0.0765	0.645	0.0405	0	233	322	3
2026-02-12	15:04:09.670	8.295	-30.8	-58.03	1.383968	0.085156	0.394792	0.0855	0.6435	0.0495	0	233	322	3
2026-02-12	15:04:09.690	1.61	-21.455	-54.565	1.2139	0.13664	0.404552	0.084	0.639	0.0525	0	233	322	3
2026-02-12	15:04:09.710	-10.78	-10.325	-47.215	1.028704	0.141276	0.374296	0.0795	0.6315	0.054	0	233	322	3
2026-02-12	15:04:09.730	-17.885	-2.065	-40.145	0.944768	0.138836	0.324032	0.0795	0.6225	0.054	0	233	322	3
2026-02-12	15:04:09.750	-29.295	5.215	-36.26	0.94672	0.1342	0.259372	0.0885	0.612	0.0525	0	233	322	3
2026-02-12	15:04:09.770	-51.345	14.42	-33.6	0.956724	0.122244	0.18422	0.0915	0.609	0.0495	0	233	322	3
2026-02-12	15:04:09.790	-79.8	23.275	-32.305	0.948916	0.092964	0.123464	0.084	0.606	0.0465	0	233	322	3
2026-02-12	15:04:09.810	-107.275	30.555	-32.305	0.921832	0.070028	0.103212	0.084	0.6045	0.039	0	234	313	3
2026-02-12	15:04:09.830	-143.85	35.84	-33.915	0.8723	0.022692	0.082472	0.0885	0.606	0.036	0	234	313	3
2026-02-12	15:04:09.850	-167.09	34.265	-34.615	0.86498	-0.017568	0.081496	0.084	0.6075	0.0165	0	234	313	3
2026-02-12	15:04:09.870	-185.01	29.89	-35.21	0.865956	-0.07198	0.121756	0.0975	0.6135	0.0045	0	234	313	3
2026-02-12	15:04:09.890	-188.23	27.055	-36.785	0.825696	-0.121756	0.2135	0.096	0.6075	0	0	234	313	3
2026-02-12	15:04:09.910	-174.405	26.775	-41.055	0.774212	-0.155428	0.285724	0.099	0.609	-0.0105	0	234	313	3
2026-02-12	15:04:09.930	-152.565	26.53	-47.39	0.704672	-0.169336	0.30256	0.0975	0.6165	-0.0165	0	234	313	3
2026-02-12	15:04:09.950	-133.42	25.305	-52.99	0.615124	-0.162748	0.274012	0.0975	0.621	-0.021	0	234	313	3
2026-02-12	15:04:09.970	-114.485	21.14	-58.205	0.551928	-0.156892	0.224968	0.1065	0.621	-0.0315	0	234	313	3
2026-02-12	15:04:09.990	-92.715	13.405	-63.77	0.55632	-0.149084	0.183	0.114	0.618	-0.039	0	234	313	3
2026-02-12	15:04:10.010	-71.575	4.305	-68.74	0.560468	-0.135908	0.14884	0.1125	0.615	-0.0405	0	237	297	3
2026-02-12	15:04:10.030	-53.2	-9.03	-72.45	0.58438	-0.114436	0.131272	0.111	0.6105	-0.0405	0	237	297	3
2026-02-12	15:04:10.050	-39.48	-24.01	-75.95	0.675148	-0.099552	0.158356	0.1125	0.609	-0.0405	0	237	297	3
2026-02-12	15:04:10.070	-28.665	-33.32	-79.205	0.73566	-0.10126	0.182756	0.12	0.5925	-0.048	0	237	297	3
2026-02-12	15:04:10.090	-20.965	-41.405	-81.655	0.779092	-0.102968	0.198616	0.114	0.5925	-0.045	0	237	297	3
2026-02-12	15:04:10.110	-13.72	-49.595	-84.35	0.83936	-0.112728	0.221308	0.117	0.585	-0.042	0	237	297	3
2026-02-12	15:04:10.130	-3.535	-56.805	-87.185	0.910852	-0.12688	0.243268	0.12	0.57	-0.039	0	237	297	3
2026-02-12	15:04:10.150	8.435	-62.51	-88.865	0.96624	-0.127368	0.26718	0.1155	0.561	-0.03	0	237	297	3
2026-02-12	15:04:10.170	21.875	-66.22	-88.2	0.971364	-0.120536	0.293776	0.114	0.5535	-0.0165	0	237	297	3
2026-02-12	15:04:10.190	36.89	-69.405	-84.175	0.976976	-0.110532	0.315492	0.12	0.546	-0.012	0	237	297	3
2026-02-12	15:04:10.210	53.235	-72.31	-77.91	1.018212	-0.074176	0.35014	0.1245	0.531	-0.003	0	241	280	3
2026-02-12	15:04:10.230	67.34	-72.66	-70.63	1.050664	-0.038064	0.383568	0.1275	0.513	0.012	0	241	280	3
2026-02-12	15:04:10.250	79.135	-69.23	-58.52	1.1041	0.002196	0.435052	0.1305	0.5085	0.018	0	241	280	3
2026-02-12	15:04:10.270	82.425	-61.46	-43.54	1.143872	0.052216	0.457256	0.1305	0.5085	0.018	0	241	280	3
2026-02-12	15:04:10.290	70.945	-52.29	-29.085	1.123132	0.1098	0.45994	0.1275	0.483	0.066	0	241	280	3
2026-02-12	15:04:10.310	49.49	-42.385	-14.98	1.116056	0.161528	0.453108	0.135	0.4725	0.0735	0	241	280	3
2026-02-12	15:04:10.330	21.63	-33.46	-3.36	1.140456	0.2074	0.424804	0.135	0.4695	0.0795	0	241	280	3
2026-02-12	15:04:10.350	-12.215	-26.775	6.58	1.16632	0.226432	0.376004	0.1365	0.4695	0.084	0	241	280	3
2026-02-12	15:04:10.370	-42.07	-23.17	14.665	1.219268	0.185196	0.337208	0.1335	0.474	0.0795	0	241	280	3
2026-02-12	15:04:10.390	-61.04	-21.63	20.79	1.272948	0.11712	0.333792	0.1275	0.4755	0.0825	0	241	280	3
2026-02-12	15:04:10.410	-66.045	-19.705	26.145	1.36884	0.037088	0.353312	0.1275	0.474	0.081	0	244	282	3
2026-02-12	15:04:10.430	-56.245	-16.345	30.38	1.448628	-0.012932	0.39406	0.1275	0.474	0.084	0	244	282	3
2026-02-12	15:04:10.450	-39.55	-9.835	36.645	1.454484	-0.046604	0.451888	0.1275	0.48	0.0855	0	244	282	3
2026-02-12	15:04:10.470	2.87	7.175	48.755	1.310524	-0.002684	0.571692	0.1335	0.483	0.081	0	244	282	3
2026-02-12	15:04:10.490	27.72	22.015	58.065	1.212192	0.08052	0.588772	0.117	0.495	0.0795	0	244	282	3
2026-02-12	15:04:10.510	38.045	38.78	67.795	1.131428	0.119804	0.494344	0.117	0.5085	0.0705	0	244	282	3
2026-02-12	15:04:10.530	32.375	51.905	76.475	1.151924	0.103456	0.366976	0.105	0.507	0.0705	0	244	282	3
2026-02-12	15:04:10.550	21.805	63.875	84.07	1.206824	0.070516	0.25132	0.108	0.5145	0.0675	0	244	282	3
2026-02-12	15:04:10.570	8.785	72.485	89.95	1.24562	0.073688	0.162504	0.1035	0.5265	0.0585	0	244	282	3
2026-02-12	15:04:10.590	-7.7	78.75	94.57	1.223172	0.052948	0.11224	0.096	0.5385	0.0465	0	244	282	3
2026-02-12	15:04:10.610	-24.815	81.445	97.93	1.161196	0.029036	0.10248	0.096	0.552	0.0345	0	247	300	3
2026-02-12	15:04:10.630	-39.48	79.415	99.82	1.131916	-0.022204	0.110776	0.093	0.564	0.021	0	247	300	3
2026-02-12	15:04:10.650	-43.155	76.44	100.905	1.090436	-0.068564	0.134932	0.0915	0.579	0.009	0	247	300	3
2026-02-12	15:04:10.670	-31.08	75.565	99.68	0.979416	-0.084424	0.193248	0.0915	0.6	-0.0015	0	247	300	3
2026-02-12	15:04:10.690	-14.91	75.67	95.13	0.873764	-0.115412	0.238144	0.0915	0.6105	-0.0075	0	247	300	3
2026-02-12	15:04:10.710	-6.65	76.51	91.175	0.786412	-0.14396	0.253028	0.093	0.639	-0.0315	0	247	300	3
2026-02-12	15:04:10.730	-1.82	77.455	88.865	0.697352	-0.1647	0.241316	0.1035	0.651	-0.0465	0	247	300	3
2026-02-12	15:04:10.750	2.415	76.195	87.92	0.637572	-0.174216	0.205936	0.102	0.6525	-0.048	0	247	300	3
2026-02-12	15:04:10.770	7.63	72.8	87.045	0.593896	-0.174704	0.161528	0.1035	0.666	-0.0555	0	247	300	3
2026-02-12	15:04:10.790	14.455	67.62	85.61	0.568276	-0.171044	0.137128	0.1035	0.6795	-0.0675	0	247	300	3
2026-02-12	15:04:10.810	22.05	61.495	82.915	0.56486	-0.158844	0.13298	0.108	0.6885	-0.081	0	251	302	3
2026-02-12	15:04:10.830	27.09	54.95	78.54	0.575108	-0.15494	0.13054	0.1185	0.7005	-0.09	0	251	302	3
2026-02-12	15:04:10.850	30.625	48.16	71.645	0.622444	-0.160796	0.1647	0.1275	0.711	-0.099	0	251	302	3
2026-02-12	15:04:10.870	30.205	44.03	62.93	0.640012	-0.158112	0.187148	0.132	0.717	-0.1065	0	251	302	3
2026-02-12	15:04:10.890	22.4	37.8	50.785	0.639768	-0.163236	0.173972	0.1305	0.72	-0.108	0	251	302	3
2026-02-12	15:04:10.910	11.655	27.72	36.33	0.66734	-0.17568	0.171288	0.1305	0.72	-0.108	0	251	302	3
2026-02-12	15:04:10.930	6.09	17.5	22.925	0.70028	-0.184952	0.19276	0.1425	0.729	-0.126	0	251	302	3
2026-02-12	15:04:10.950	2.94	6.545	8.05	0.74786	-0.183244	0.236192	0.1455	0.735	-0.12	0	251	302	3
2026-02-12	15:04:10.970	1.435	-3.5	-6.93	0.789828	-0.188612	0.277428	0.1425	0.735	-0.123	0	251	302	3
2026-02-12	15:04:10.990	1.68	-12.635	-20.755	0.824232	-0.203252	0.304512	0.1425	0.729	-0.1275	0	251	302	3
2026-02-12	15:04:11.010	3.745	-21.91	-33.39	0.87474	-0.19886	0.31842	0.144	0.729	-0.129	0	255	287	3
2026-02-12	15:04:11.030	9.135	-29.82	-45.78	0.911584	-0.190564	0.35258	0.1425	0.729	-0.1275	0	255	287	3
2026-02-12	15:04:11.050	17.955	-35.315	-55.755	0.936716	-0.16348	0.380396	0.1395	0.72	-0.1215	0	255	287	3
2026-02-12	15:04:11.070	24.71	-39.97	-62.37	0.95282	-0.133712	0.366	0.1365	0.7095	-0.117	0	255	287	3
2026-02-12	15:04:11.090	24.185	-45.78	-65.345	0.945012	-0.10126	0.327692	0.129	0.6975	-0.114	0	255	287	3
2026-02-12	15:04:11.110	21.525	-60.585	-67.375	1.021628	-0.088816	0.296704	0.12	0.693	-0.111	0	255	287	3
2026-02-12	15:04:11.130	30.38	-71.085	-68.67	1.123864	-0.081496	0.377468	0.1155	0.6765	-0.102	0	255	287	3
2026-02-12	15:04:11.150	50.19	-73.78	-68.32	1.167784	-0.038064	0.487268	0.1125	0.669	-0.0915	0	255	287	3
2026-02-12	15:04:11.170	71.61	-75.32	-68.075	1.238788	0.035624	0.507032	0.108	0.654	-0.0765	0	255	287	3
2026-02-12	15:04:11.190	76.195	-76.965	-68.25	1.244644	0.10248	0.493368	0.1065	0.648	-0.069	0	255	287	3
2026-02-12	15:04:11.210	64.085	-79.94	-68.495	1.245132	0.106628	0.45994	0.099	0.633	-0.0555	0	258	282	3
2026-02-12	15:04:11.230	46.27	-84.175	-70.28	1.248548	0.074176	0.438468	0.096	0.618	-0.045	0	258	282	3
2026-02-12	15:04:11.250	32.34	-84.07	-72.59	1.203896	0.045872	0.437248	0.0915	0.6015	-0.0315	0	258	282	3
2026-02-12	15:04:11.270	23.94	-78.015	-75.04	1.15778	0.096136	0.503372	0.087	0.5895	-0.021	0	258	282	3
2026-02-12	15:04:11.290	11.655	-58.31	-77.77	1.061156	0.191784	0.574864	0.0885	0.5835	-0.0135	0	258	282	3
2026-02-12	15:04:11.310	-39.34	-30.695	-77.385	0.915976	0.183244	0.375028	0.087	0.573	-0.006	0	258	282	3
2026-02-12	15:04:11.330	-97.16	-11.41	-75.705	0.897432	0.104432	0.16958	0.0855	0.564	-0.0045	0	258	282	3
2026-02-12	15:04:11.350	-127.505	-2.31	-75.32	0.931104	0.060512	0.074908	0.1005	0.5505	-0.003	0	258	282	3
2026-02-12	15:04:11.370	-149.52	2.135	-73.01	0.9638	0.046848	0.031476	0.0915	0.543	-0.0105	0	258	282	3
2026-02-12	15:04:11.390	-178.955	4.06	-68.565	1.002596	0.020252	0.013908	0.096	0.549	-0.0255	0	258	282	3
2026-02-12	15:04:11.410	-210.595	4.585	-64.435	1.064816	-0.01464	0.055144	0.099	0.546	-0.024	0	261	294	3
2026-02-12	15:04:11.430	-237.44	7.84	-59.92	1.095804	-0.065392	0.141764	0.1065	0.546	-0.03	0	261	294	3
2026-02-12	15:04:11.450	-261.275	14.595	-53.095	1.030412	-0.122244	0.213988	0.111	0.552	-0.0405	0	261	294	3
2026-02-12	15:04:11.470	-278.32	21.35	-46.06	0.958188	-0.16958	0.253272	0.1125	0.5625	-0.057	0	261	294	3
2026-02-12	15:04:11.490	-285.705	28.385	-38.43	0.8662	-0.214476	0.241072	0.1185	0.5775	-0.075	0	261	294	3
2026-02-12	15:04:11.510	-281.33	32.34	-30.975	0.781044	-0.224236	0.205692	0.129	0.591	-0.084	0	261	294	3
2026-02-12	15:04:11.530	-256.375	31.71	-25.2	0.726632	-0.197152	0.165188	0.1335	0.5985	-0.0885	0	261	294	3
2026-02-12	15:04:11.550	-219.555	25.76	-24.08	0.715896	-0.185196	0.11102	0.1335	0.5985	-0.0885	0	261	294	3
2026-02-12	15:04:11.570	-184.905	16.485	-26.075	0.710772	-0.205936	0.104432	0.1365	0.6405	-0.114	0	261	294	3
2026-02-12	15:04:11.590	-144.655	5.495	-29.645	0.734196	-0.230092	0.16104	0.132	0.657	-0.12	0	261	294	3
2026-02-12	15:04:11.610	-100.555	-4.06	-34.755	0.763964	-0.217892	0.240828	0.132	0.669	-0.1185	0	262	290	3
2026-02-12	15:04:11.630	-58.38	-11.55	-40.495	0.775432	-0.194468	0.291092	0.1305	0.672	-0.123	0	262	290	3
2026-02-12	15:04:11.650	-24.99	-19.95	-46.06	0.795196	-0.164456	0.316712	0.1335	0.675	-0.1245	0	262	290	3
2026-02-12	15:04:11.670	0.63	-29.12	-50.575	0.80276	-0.140788	0.351116	0.1365	0.672	-0.1155	0	262	290	3
2026-02-12	15:04:11.690	20.475	-39.41	-53.445	0.793976	-0.110776	0.38186	0.132	0.669	-0.1155	0	262	290	3
2026-02-12	15:04:11.710	35.595	-50.715	-54.88	0.814472	-0.085156	0.398696	0.129	0.6615	-0.114	0	262	290	3
2026-02-12	15:04:11.730	46.725	-63.175	-55.23	0.892796	-0.051728	0.412848	0.126	0.648	-0.1005	0	262	290	3
2026-02-12	15:04:11.750	65.345	-78.26	-58.065	1.095804	-0.005856	0.541924	0.123	0.6405	-0.096	0	262	290	3
2026-02-12	15:04:11.770	77.875	-79.31	-58.275	1.122888	0.038796	0.605852	0.1155	0.618	-0.087	0	262	290	3
2026-02-12	15:04:11.790	76.545	-80.01	-53.445	1.176812	0.073444	0.594872	0.1215	0.6075	-0.0675	0	262	290	3
2026-02-12	15:04:11.810	63.385	-76.965	-47.88	1.232932	0.051728	0.581696	0.1125	0.591	-0.0435	0	262	290	3
2026-02-12	15:04:11.830	49.91	-70.245	-38.885	1.247572	-0.010492	0.548512	0.1065	0.5865	-0.0405	0	262	290	3
2026-02-12	15:04:11.850	48.65	-62.195	-28.77	1.305156	-0.069296	0.554612	0.1005	0.582	-0.0375	0	262	290	3
2026-02-12	15:04:11.870	64.47	-48.37	-17.5	1.3542	-0.128344	0.603168	0.099	0.5805	-0.0285	0	262	290	3
2026-02-12	15:04:11.890	89.04	-28.105	-2.1	1.330532	-0.133468	0.653188	0.096	0.576	-0.015	0	262	290	3
2026-02-12	15:04:11.910	107.415	-2.94	15.47	1.250988	-0.061488	0.615124	0.0945	0.567	-0.009	0	262	290	3
2026-02-12	15:04:11.930	101.57	21.42	31.57	1.17242	0.038552	0.507764	0.0945	0.5625	-0.0075	0	262	290	3
2026-02-12	15:04:11.950	68.285	48.055	46.9	1.07604	0.115168	0.363072	0.093	0.564	-0.0045	0	262	290	3
2026-02-12	15:04:11.970	31.535	68.005	58.625	1.0065	0.126636	0.264984	0.093	0.564	-0.003	0	262	290	3
2026-02-12	15:04:11.990	3.745	78.68	65.03	0.953796	0.135664	0.228384	0.093	0.5655	-0.024	0	262	290	3
2026-02-12	15:04:12.010	-21.105	84.98	68.075	0.95648	0.124928	0.212768	0.099	0.582	-0.024	0	263	316	3
2026-02-12	15:04:12.030	-43.82	88.97	68.18	1.021384	0.101992	0.224236	0.0945	0.5955	-0.0435	0	263	316	3
2026-02-12	15:04:12.050	-68.53	93.275	69.125	1.085312	0.0488	0.269132	0.099	0.5985	-0.051	0	263	316	3
2026-02-12	15:04:12.070	-90.16	97.44	72.03	1.144604	-0.020496	0.317932	0.111	0.612	-0.0615	0	263	316	3
2026-02-12	15:04:12.090	-104.72	102.165	76.825	1.175104	-0.077104	0.355264	0.1155	0.627	-0.0765	0	263	316	3
2026-02-12	15:04:12.110	-112.07	106.05	80.815	1.183888	-0.08686399	0.357948	0.117	0.6435	-0.093	0	263	316	3
2026-02-12	15:04:12.130	-118.265	107.59	83.755	1.171444	-0.093696	0.321592	0.132	0.6675	-0.1065	0	263	316	3
2026-02-12	15:04:12.150	-117.88	105.98	86.485	1.145092	-0.102724	0.305488	0.144	0.684	-0.123	0	263	316	3
2026-02-12	15:04:12.170	-105.63	101.08	88.585	1.058716	-0.08295999	0.278648	0.144	0.6885	-0.129	0	263	316	3
2026-02-12	15:04:12.190	-88.2	94.465	89.39	0.96868	-0.0549	0.257664	0.144	0.6885	-0.129	0	263	316	3
2026-02-12	15:04:12.210	-72.905	88.375	88.41	0.899384	-0.043432	0.244976	0.1665	0.7515	-0.1545	0	262	337	3
2026-02-12	15:04:12.230	-59.22	81.025	86.38	0.855708	-0.045872	0.229848	0.1995	0.7665	-0.1635	0	262	337	3
2026-02-12	15:04:12.250	-46.48	73.22	82.46	0.8052	-0.057096	0.206424	0.2055	0.786	-0.168	0	262	337	3
2026-02-12	15:04:12.270	-35.035	63.525	76.79	0.757864	-0.061	0.182756	0.2085	0.795	-0.1725	0	262	337	3
2026-02-12	15:04:12.290	-24.675	51.555	68.32	0.733708	-0.069052	0.170068	0.2205	0.804	-0.1785	0	262	337	3
2026-02-12	15:04:12.310	-16.17	39.76	57.54	0.690764	-0.060756	0.179096	0.2355	0.8115	-0.183	0	262	337	3
2026-02-12	15:04:12.330	-7.595	27.405	43.575	0.655872	-0.058316	0.191052	0.2445	0.8235	-0.1905	0	262	337	3
2026-02-12	15:04:12.350	1.96	14.385	26.845	0.632448	-0.05368	0.2196	0.249	0.8295	-0.192	0	262	337	3
2026-02-12	15:04:12.370	10.325	0.875	7.805	0.626348	-0.042944	0.23912	0.252	0.8295	-0.189	0	262	337	3
2026-02-12	15:04:12.390	18.76	-21.315	-25.48	0.709552	-0.058804	0.26108	0.2535	0.831	-0.189	0	262	337	3
2026-02-12	15:04:12.410	20.58	-36.61	-47.6	0.80032	-0.0793	0.253516	0.2505	0.8265	-0.195	0	260	333	3
2026-02-12	15:04:12.430	21.63	-51.73	-68.285	0.872788	-0.078568	0.244976	0.2475	0.819	-0.195	0	260	333	3
2026-02-12	15:04:12.450	23.03	-67.06	-88.025	0.943792	-0.079544	0.231312	0.2325	0.816	-0.192	0	260	333	3
2026-02-12	15:04:12.470	25.97	-83.93	-107.52	1.08458	-0.095404	0.230824	0.216	0.804	-0.1785	0	260	333	3
2026-02-12	15:04:12.490	33.32	-99.19	-126.175	1.233176	-0.114924	0.2562	0.21	0.7905	-0.1755	0	260	333	3
2026-02-12	15:04:12.510	46.34	-109.97	-140.77	1.342488	-0.133224	0.312564	0.1965	0.7695	-0.165	0	260	333	3
2026-02-12	15:04:12.530	68.18	-115.255	-151.9	1.4518	-0.121268	0.39772	0.1845	0.7515	-0.159	0	260	333	3
2026-02-12	15:04:12.550	92.365	-113.155	-157.885	1.487912	-0.087596	0.417484	0.174	0.729	-0.147	0	260	333	3
2026-02-12	15:04:12.570	97.825	-107.66	-154.945	1.373964	-0.053436	0.394792	0.162	0.702	-0.135	0	260	333	3
2026-02-12	15:04:12.590	84.63	-95.76	-137.375	1.13094	-0.053924	0.377712	0.1485	0.684	-0.129	0	260	333	3
2026-02-12	15:04:12.610	74.27	-81.235	-112.105	0.932324	-0.03904	0.366976	0.141	0.6795	-0.123	0	258	319	3
2026-02-12	15:04:12.630	68.74	-71.47	-92.68	0.920368	0.051972	0.348676	0.138	0.6285	-0.099	0	258	319	3
2026-02-12	15:04:12.650	45.955	-59.78	-76.265	0.963068	0.15006	0.3111	0.123	0.612	-0.0825	0	258	319	3
2026-02-12	15:04:12.670	5.075	-47.32	-62.51	1.015284	0.182024	0.224724	0.1245	0.6075	-0.075	0	258	319	3
2026-02-12	15:04:12.690	-43.05	-37.38	-52.29	1.068964	0.172996	0.139324	0.1215	0.5985	-0.069	0	258	319	3
2026-02-12	15:04:12.710	-91.21	-28.735	-44.45	1.100196	0.108824	0.10004	0.12	0.588	-0.0675	0	258	319	3
2026-02-12	15:04:12.730	-134.75	-21.14	-37.625	1.099952	0.050996	0.092476	0.1215	0.585	-0.0705	0	258	319	3
2026-02-12	15:04:12.750	-173.775	-15.575	-31.045	1.08214	0.010736	0.12078	0.1215	0.5865	-0.0705	0	258	319	3
2026-02-12	15:04:12.770	-210.98	-10.57	-24.185	1.042124	-0.017324	0.18178	0.117	0.5955	-0.0705	0	258	319	3
2026-02-12	15:04:12.790	-245.42	-4.445	-15.015	0.96258	-0.095404	0.216184	0.1185	0.6075	-0.0735	0	258	319	3
2026-02-12	15:04:12.810	-262.395	0.525	-3.045	0.889624	-0.201056	0.233508	0.1215	0.6165	-0.078	0	256	305	3
2026-02-12	15:04:12.830	-256.095	4.76	7.42	0.801052	-0.255956	0.255468	0.1215	0.6165	-0.078	0	256	305	3
2026-02-12	15:04:12.850	-226.8	7.455	12.81	0.798612	-0.27206	0.304268	0.1245	0.6735	-0.0885	0	256	305	3
2026-02-12	15:04:12.870	-180.775	11.13	14.035	0.818864	-0.201544	0.323544	0.12	0.69	-0.084	0	256	305	3
2026-02-12	15:04:12.890	-144.62	12.845	14.175	0.792024	-0.135176	0.267424	0.123	0.7095	-0.0945	0	256	305	3
2026-02-12	15:04:12.910	-120.995	10.535	12.845	0.790804	-0.124928	0.224724	0.1215	0.717	-0.0915	0	256	305	3
2026-02-12	15:04:12.930	-98.035	5.74	10.71	0.7686	-0.136152	0.224968	0.123	0.7275	-0.0915	0	256	305	3
2026-02-12	15:04:12.950	-70.42	-0.875	7.63	0.778604	-0.108092	0.276208	0.126	0.7305	-0.09	0	256	305	3
2026-02-12	15:04:12.970	-45.64	-6.405	3.43	0.788364	-0.064172	0.324032	0.129	0.7425	-0.087	0	256	305	3
2026-02-12	15:04:12.990	-29.715	-13.37	-0.77	0.825208	-0.040504	0.360388	0.129	0.7545	-0.087	0	256	305	3
2026-02-12	15:04:13.010	-18.305	-20.685	-3.815	0.860588	-0.045628	0.380884	0.126	0.753	-0.087	0	253	293	2
2026-02-12	15:04:13.030	5.285	-29.295	-5.39	0.900116	-0.047336	0.4392	0.126	0.75	-0.087	0	253	293	2
2026-02-12	15:04:13.050	27.09	-31.815	-7.42	0.960628	-0.010736	0.477996	0.126	0.747	-0.0705	0	253	293	2
2026-02-12	15:04:13.070	43.785	-31.22	-9.87	1.026752	0.045628	0.5063	0.1155	0.741	-0.0765	0	253	293	2
2026-02-12	15:04:13.090	50.225	-27.685	-11.235	1.072624	0.089792	0.510204	0.1215	0.744	-0.072	0	253	293	2
2026-02-12	15:04:13.110	42.07	-23.415	-10.99	1.083116	0.120536	0.459208	0.117	0.7335	-0.0705	0	253	293	2
2026-02-12	15:04:13.130	22.645	-21.175	-10.64	1.11996	0.134444	0.397232	0.117	0.729	-0.069	0	253	293	2
2026-02-12	15:04:13.150	1.505	-17.675	-10.64	1.112152	0.11224	0.360388	0.1155	0.7275	-0.063	0	253	293	2
2026-02-12	15:04:13.170	-13.895	-15.68	-9.31	1.116056	0.08174	0.330376	0.1125	0.7335	-0.063	0	253	293	2
2026-02-12	15:04:13.190	-21.21	-14.56	-8.715	1.1163	0.057828	0.354532	0.114	0.7335	-0.0645	0	253	293	2
2026-02-12	15:04:13.210	-26.32	-11.97	-7.175	1.07726	0.030256	0.382348	0.114	0.732	-0.0585	0	250	299	3
2026-02-12	15:04:13.230	-23.765	-8.575	-6.3	1.098976	-0.027328	0.410896	0.1095	0.735	-0.0555	0	250	299	3
2026-02-12	15:04:13.250	-10.22	-0.875	-5.11	1.092144	-0.078812	0.443836	0.108	0.7395	-0.0525	0	250	299	3
2026-02-12	15:04:13.270	6.58	8.505	-1.925	1.073112	-0.084668	0.430416	0.1125	0.729	-0.0585	0	250	299	3
2026-02-12	15:04:13.290	18.69	17.885	2.59	1.082384	-0.064416	0.37576	0.1125	0.735	-0.0615	0	250	299	3
2026-02-12	15:04:13.310	23.415	26.845	8.26	1.081164	-0.047092	0.32696	0.111	0.7395	-0.0585	0	250	299	3
2026-02-12	15:04:13.330	24.36	35.21	15.33	1.070428	-0.031232	0.301096	0.1095	0.7335	-0.0645	0	250	299	3
2026-02-12	15:04:13.350	24.15	42.35	22.785	1.050908	-0.015372	0.28182	0.117	0.735	-0.0675	0	250	299	3
2026-02-12	15:04:13.370	22.855	48.825	30.03	1.036756	-0.002196	0.2745	0.123	0.7365	-0.0765	0	250	299	3
2026-02-12	15:04:13.390	21.77	54.46	35.56	1.050664	0.006832	0.2928	0.12	0.7425	-0.0855	0	250	299	3
2026-02-12	15:04:13.410	18.445	60.585	39.55	1.065304	-0.000244	0.307928	0.1215	0.747	-0.09	0	244	316	3
2026-02-12	15:04:13.430	14.07	66.5	42.525	1.077992	-0.02562	0.303048	0.1305	0.7485	-0.093	0	244	316	3
2026-02-12	15:04:13.450	8.715	72.38	44.87	1.060912	-0.02806	0.2867	0.138	0.7515	-0.0975	0	244	316	3
2026-02-12	15:04:13.470	3.395	76.72	45.885	1.017724	-0.034648	0.274744	0.138	0.7515	-0.0975	0	244	316	3
2026-02-12	15:04:13.490	-2.52	78.365	46.41	0.990152	-0.033184	0.255956	0.1665	0.771	-0.1365	0	244	316	3
2026-02-12	15:04:13.510	-9.275	77.7	46.795	0.972096	-0.049044	0.228628	0.168	0.7785	-0.144	0	244	316	3
2026-02-12	15:04:13.530	-11.2	74.725	46.725	0.945988	-0.066856	0.215696	0.18	0.7755	-0.1485	0	244	316	3
2026-02-12	15:04:13.550	-9.695	70.56	45.85	0.905972	-0.060268	0.234728	0.189	0.7875	-0.153	0	244	316	3
2026-02-12	15:04:13.570	-10.605	66.045	44.38	0.87962	-0.044408	0.255468	0.198	0.7905	-0.1605	0	244	316	3
2026-02-12	15:04:13.590	-16.695	61.495	42.455	0.846436	-0.041968	0.264008	0.2085	0.7965	-0.168	0	244	316	3
2026-02-12	15:04:13.610	-25.585	57.295	40.74	0.801052	-0.044164	0.26596	0.21	0.7995	-0.171	0	234	323	3
2026-02-12	15:04:13.630	-33.74	51.73	38.29	0.78446	-0.036844	0.274256	0.2205	0.8115	-0.1785	0	234	323	3
2026-02-12	15:04:13.650	-42.84	46.27	35.315	0.743712	-0.034648	0.284016	0.234	0.819	-0.1815	0	234	323	3
2026-02-12	15:04:13.670	-55.09	35.49	29.19	0.72834	-0.046116	0.26718	0.237	0.816	-0.183	0	234	323	3
2026-02-12	15:04:13.690	-59.605	26.04	22.47	0.743224	-0.061732	0.260836	0.2415	0.8385	-0.186	0	234	323	3
2026-02-12	15:04:13.710	-57.855	15.645	13.93	0.763232	-0.088084	0.268888	0.2505	0.846	-0.183	0	234	323	3
2026-02-12	15:04:13.730	-46.9	5.39	3.605	0.7991	-0.110044	0.305732	0.255	0.858	-0.186	0	234	323	3
2026-02-12	15:04:13.750	-27.335	-3.255	-8.645	0.851804	-0.11102	0.345504	0.2595	0.8595	-0.18	0	234	323	3
2026-02-12	15:04:13.770	-7.805	-10.955	-21.595	0.893772	-0.084668	0.372832	0.252	0.8595	-0.18	0	234	323	3
2026-02-12	15:04:13.790	5.6	-17.43	-33.705	0.930372	-0.08686399	0.392352	0.252	0.8565	-0.1785	0	234	323	3
2026-02-12	15:04:13.810	17.29	-23.625	-43.855	0.953796	-0.072712	0.391132	0.249	0.852	-0.1755	0	224	319	3
2026-02-12	15:04:13.830	26.145	-31.08	-52.57	0.993568	-0.060756	0.380152	0.249	0.8505	-0.174	0	224	319	3
2026-02-12	15:04:13.850	32.34	-40.775	-60.9	1.086288	-0.036112	0.36844	0.243	0.843	-0.177	0	224	319	3
2026-02-12	15:04:13.870	40.145	-53.13	-70.84	1.24928	-0.020984	0.421388	0.2295	0.834	-0.1785	0	224	319	3
2026-02-12	15:04:13.890	45.22	-60.515	-77.245	1.378356	0.039528	0.458964	0.2235	0.8325	-0.177	0	224	319	3
2026-02-12	15:04:13.910	33.005	-60.13	-76.72	1.348344	0.08052	0.416752	0.2115	0.8085	-0.1695	0	224	319	3
2026-02-12	15:04:13.930	7.735	-58.45	-72.45	1.238544	0.067832	0.364536	0.2055	0.7995	-0.1695	0	224	319	3
2026-02-12	15:04:13.950	-14.7	-57.995	-67.025	1.15534	0.044896	0.333548	0.189	0.786	-0.1635	0	224	319	3
2026-02-12	15:04:13.970	-28.56	-55.895	-61.32	1.078236	0.05246	0.334524	0.1845	0.777	-0.1515	0	224	319	3
2026-02-12	15:04:13.990	-39.48	-52.185	-55.51	0.974048	0.047092	0.352336	0.18	0.774	-0.1515	0	224	319	3
2026-02-12	15:04:14.010	-46.9	-45.78	-49.175	0.843996	0.029524	0.360144	0.1725	0.768	-0.1455	0	214	322	3
2026-02-12	15:04:14.030	-52.92	-38.85	-45.01	0.78568	0.023424	0.31476	0.1665	0.7665	-0.138	0	214	322	3
2026-02-12	15:04:14.050	-59.675	-32.165	-46.34	0.85156	0.0122	0.260104	0.159	0.768	-0.1335	0	214	322	3
2026-02-12	15:04:14.070	-72.135	-24.22	-49.875	0.933056	0.003416	0.200812	0.1515	0.7695	-0.1275	0	214	322	3
2026-02-12	15:04:14.090	-96.215	-14.84	-52.605	0.959408	-0.029036	0.134688	0.144	0.7725	-0.1185	0	214	322	3
2026-02-12	15:04:14.110	-115.185	-8.26	-54.915	0.9882	-0.0549	0.113948	0.1425	0.7755	-0.114	0	214	322	3
2026-02-12	15:04:14.130	-128.555	-4.76	-54.81	0.976732	-0.05246	0.126392	0.1395	0.774	-0.108	0	214	322	3
2026-02-12	15:04:14.150	-144.83	-2.555	-52.71	0.948916	-0.059292	0.165188	0.1395	0.7845	-0.105	0	214	322	3
2026-02-12	15:04:14.170	-154.98	-0.07	-49.315	0.907436	-0.08052	0.248392	0.1395	0.798	-0.0975	0	214	322	3
2026-02-12	15:04:14.190	-155.89	3.115	-44.765	0.886452	-0.100528	0.303292	0.129	0.792	-0.093	0	214	322	3
2026-02-12	15:04:14.210	-153.3	6.44	-38.64	0.846192	-0.103944	0.301828	0.1305	0.7965	-0.09	0	206	319	3
2026-02-12	15:04:14.230	-150.115	8.225	-32.69	0.815204	-0.09028	0.266448	0.132	0.804	-0.084	0	206	319	3
2026-02-12	15:04:14.250	-144.795	7.35	-29.295	0.806176	-0.067588	0.233996	0.1305	0.8115	-0.078	0	206	319	3
2026-02-12	15:04:14.270	-140.7	5.18	-27.615	0.807152	-0.063684	0.223016	0.132	0.822	-0.069	0	206	319	3
2026-02-12	15:04:14.290	-137.9	2.345	-27.3	0.811544	-0.052216	0.22204	0.1335	0.8265	-0.0615	0	206	319	3
2026-02-12	15:04:14.310	-137.83	-3.745	-29.365	0.8296	-0.072956	0.219356	0.135	0.828	-0.0615	0	206	319	3
2026-02-12	15:04:14.330	-135.835	-9.1	-31.64	0.850828	-0.091256	0.251808	0.132	0.84	-0.0435	0	206	319	3
2026-02-12	15:04:14.350	-128.17	-14.595	-33.635	0.864492	-0.108092	0.2867	0.1245	0.84	-0.042	0	206	319	3
2026-02-12	15:04:14.370	-115.605	-20.265	-33.985	0.868884	-0.111996	0.312808	0.126	0.8505	-0.033	0	206	319	3
2026-02-12	15:04:14.390	-96.67	-26.67	-33.46	0.88938	-0.109312	0.35746	0.12	0.849	-0.0195	0	206	319	3
2026-02-12	15:04:14.410	-72.905	-32.13	-32.27	0.894748	-0.105164	0.397964	0.1215	0.8445	-0.012	0	199	309	3
2026-02-12	15:04:14.430	-47.565	-36.68	-29.505	0.862784	-0.091012	0.429196	0.1155	0.843	-0.0105	0	199	309	3
2026-02-12	15:04:14.450	-21.595	-40.635	-26.075	0.843508	-0.07808	0.44042	0.114	0.843	-0.006	0	199	309	3
2026-02-12	15:04:14.470	2.205	-44.45	-23.765	0.865712	-0.050752	0.444812	0.108	0.84	-0.0015	0	199	309	3
2026-02-12	15:04:14.490	20.615	-46.69	-23.38	0.894748	-0.014396	0.456036	0.099	0.834	0.003	0	199	309	3
2026-02-12	15:04:14.510	27.37	-47.845	-25.235	0.928908	0.024888	0.433344	0.1005	0.8325	0.012	0	199	309	3
2026-02-12	15:04:14.530	19.67	-49	-29.05	0.962824	0.0366	0.405528	0.102	0.834	0.015	0	199	309	3
2026-02-12	15:04:14.550	7.63	-49.735	-32.83	1.000888	0.025376	0.385764	0.1065	0.8205	0.024	0	199	309	3
2026-02-12	15:04:14.570	-3.08	-49.77	-36.68	1.044076	0.010736	0.384788	0.087	0.819	0.027	0	199	309	3
2026-02-12	15:04:14.590	-9.31	-48.265	-40.11	1.103368	0	0.410408	0.087	0.816	0.039	0	199	309	3
2026-02-12	15:04:14.610	-14.595	-44.59	-40.6	1.147532	-0.018056	0.416508	0.0915	0.8175	0.051	0	192	312	3
2026-02-12	15:04:14.630	-21.455	-39.97	-36.54	1.167296	-0.044896	0.39894	0.087	0.8055	0.0555	0	192	312	3
2026-02-12	15:04:14.650	-21.875	-36.295	-30.975	1.236348	-0.061488	0.415288	0.087	0.804	0.06	0	192	312	3
2026-02-12	15:04:14.670	-19.775	-27.965	-22.61	1.240496	-0.054656	0.434564	0.0825	0.8055	0.066	0	192	312	3
2026-02-12	15:04:14.690	-21.49	-18.13	-10.745	1.2322	-0.02928	0.408456	0.075	0.804	0.0675	0	192	312	3
2026-02-12	15:04:14.710	-29.05	-7.21	2.38	1.203652	-0.027328	0.379908	0.0795	0.798	0.0675	0	192	312	3
2026-02-12	15:04:14.730	-36.435	6.86	18.41	1.196088	-0.013176	0.36478	0.0855	0.7965	0.0675	0	192	312	3
2026-02-12	15:04:14.750	-42.91	22.995	34.545	1.180228	0.013664	0.347212	0.0855	0.7965	0.0675	0	192	312	3
2026-02-12	15:04:14.770	-52.815	37.415	48.755	1.1285	0.001464	0.302072	0.081	0.8205	0.0705	0	192	312	3
2026-02-12	15:04:14.790	-63.805	50.085	63.105	1.103856	-0.009028	0.235948	0.0915	0.825	0.066	0	192	312	3
2026-02-12	15:04:14.810	-71.785	58.8	76.685	1.128988	-0.019032	0.189588	0.0945	0.8325	0.06	0	187	325	3
2026-02-12	15:04:14.830	-75.46	64.47	88.515	1.143628	-0.028548	0.16958	0.093	0.8535	0.054	0	187	325	3
2026-02-12	15:04:14.850	-75.425	66.395	98.77	1.169248	-0.035136	0.15738	0.1095	0.8655	0.0525	0	187	325	3
2026-02-12	15:04:14.870	-70.21	64.61	106.19	1.22366	-0.033184	0.153232	0.1095	0.873	0.051	0	187	325	3
2026-02-12	15:04:14.890	-63.14	61.775	110.39	1.248548	-0.05002	0.1647	0.114	0.8955	0.0465	0	187	325	3
2026-02-12	15:04:14.910	-49.21	59.43	111.23	1.220976	-0.099064	0.19154	0.1275	0.9165	0.039	0	187	325	3
2026-02-12	15:04:14.930	-26.705	55.09	108.01	1.176568	-0.09638	0.213256	0.1425	0.9315	0.036	0	187	325	3
2026-02-12	15:04:14.950	-23.94	46.095	104.79	1.095804	-0.100528	0.155916	0.147	0.9375	0.036	0	187	325	3
2026-02-12	15:04:14.970	-36.295	35.56	104.02	1.022116	-0.10004	0.079544	0.1755	0.957	0.027	0	187	325	3
2026-02-12	15:04:14.990	-44.45	22.295	101.815	0.935252	-0.104432	0.061	0.1845	0.972	0.03	0	187	325	3
2026-02-12	15:04:15.010	-45.01	8.89	97.195	0.870592	-0.090524	0.09638	0.1995	0.9975	0.0285	0	184	321	3
2026-02-12	15:04:15.030	-39.375	-0.595	89.075	0.835456	-0.100772	0.147864	0.207	0.999	0.0375	0	184	321	3
2026-02-12	15:04:15.050	-24.01	-5.565	78.75	0.782752	-0.141276	0.15982	0.2235	1.02	0.039	0	184	321	3
2026-02-12	15:04:15.070	0.315	-9.975	66.185	0.767868	-0.174216	0.138836	0.2295	1.0275	0.042	0	184	321	3
2026-02-12	15:04:15.090	24.185	-12.88	50.085	0.76616	-0.209108	0.12444	0.2415	1.0335	0.042	0	184	321	3
2026-02-12	15:04:15.110	42.84	-14.595	34.09	0.771772	-0.256444	0.131272	0.243	1.038	0.0375	0	184	321	3
2026-02-12	15:04:15.130	56.07	-14.84	20.37	0.76128	-0.287432	0.150792	0.2445	1.0425	0.036	0	184	321	3
2026-02-12	15:04:15.150	60.69	-14.35	6.65	0.725412	-0.262056	0.154208	0.249	1.0395	0.033	0	184	321	3
2026-02-12	15:04:15.170	52.78	-15.365	-4.97	0.709796	-0.241072	0.158356	0.2505	1.038	0.03	0	184	321	3
2026-02-12	15:04:15.190	38.395	-17.15	-12.32	0.712968	-0.24644	0.183	0.264	1.0335	0.018	0	184	321	3
2026-02-12	15:04:15.210	21.91	-18.725	-17.395	0.742248	-0.268644	0.20008	0.2595	1.0275	0.012	0	184	293	3
2026-02-12	15:04:15.230	9.835	-19.845	-21.91	0.792268	-0.303292	0.218136	0.252	1.038	0.012	0	184	293	3
2026-02-12	15:04:15.250	7.42	-19.67	-25.55	0.843996	-0.344528	0.234972	0.2505	1.026	0.0135	0	184	293	3
2026-02-12	15:04:15.270	8.365	-18.795	-27.51	0.869128	-0.35014	0.252784	0.249	1.0275	0.0135	0	184	293	3
2026-02-12	15:04:15.290	6.475	-19.005	-29.015	0.912316	-0.343796	0.26962	0.2415	1.023	0.015	0	184	293	3
2026-02-12	15:04:15.310	-1.295	-19.005	-30.38	0.942084	-0.340624	0.283772	0.234	1.017	0.012	0	184	293	3
2026-02-12	15:04:15.330	-10.675	-18.585	-30.8	0.94184	-0.361608	0.303536	0.2385	1.0125	0.012	0	184	293	3
2026-02-12	15:04:15.350	-14.665	-19.11	-31.64	0.970144	-0.371124	0.319152	0.2295	1.0095	0.018	0	184	293	3
2026-02-12	15:04:15.370	-14.805	-19.81	-34.055	0.985028	-0.369172	0.33916	0.219	1.008	0.0195	0	184	293	3
2026-02-12	15:04:15.390	-14.07	-20.93	-36.33	0.96746	-0.365024	0.350628	0.219	1.008	0.0195	0	184	293	3
2026-02-12	15:04:15.410	-10.99	-23.905	-39.48	0.986736	-0.348432	0.35502	0.198	0.999	0.0285	0	187	268	3
2026-02-12	15:04:15.430	-4.27	-27.3	-44.87	1.056276	-0.34648	0.354532	0.2085	1.0065	0.027	0	187	268	3
2026-02-12	15:04:15.450	2.415	-29.645	-51.275	1.134356	-0.3294	0.334524	0.1965	0.996	0.0435	0	187	268	3
2026-02-12	15:04:15.470	2.73	-30.975	-58.03	1.186084	-0.343064	0.295972	0.195	1.0005	0.036	0	187	268	3
2026-02-12	15:04:15.490	4.725	-33.495	-66.885	1.292224	-0.295728	0.28426	0.1815	0.996	0.0435	0	187	268	3
2026-02-12	15:04:15.510	2.94	-33.775	-75.845	1.36762	-0.263032	0.272792	0.18	0.9855	0.0435	0	187	268	3
2026-02-12	15:04:15.530	-3.43	-33.39	-82.32	1.354932	-0.297436	0.227164	0.177	0.9675	0.0465	0	187	268	3
2026-02-12	15:04:15.550	-4.795	-33.495	-84.35	1.3237	-0.3111	0.207644	0.162	0.9615	0.0495	0	187	268	3
2026-02-12	15:04:15.570	2.52	-33.215	-80.92	1.280024	-0.297924	0.231312	0.15	0.963	0.051	0	187	268	3
2026-02-12	15:04:15.590	21.875	-23.765	-66.01	1.208776	-0.21716	0.310856	0.1515	0.9645	0.054	0	187	268	3
2026-02-12	15:04:15.610	31.745	-8.75	-51.065	1.12728	-0.148108	0.296948	0.1305	0.945	0.06	0	191	261	3
2026-02-12	15:04:15.630	29.68	8.12	-34.65	1.069696	-0.072468	0.229848	0.129	0.936	0.048	0	191	261	3
2026-02-12	15:04:15.650	13.37	25.095	-19.635	1.036512	-0.032208	0.143228	0.126	0.9195	0.0585	0	191	261	3
2026-02-12	15:04:15.670	-11.27	40.32	-8.12	1.038952	0.000488	0.066124	0.1215	0.921	0.045	0	191	261	3
2026-02-12	15:04:15.690	-41.72	52.955	0.14	1.051884	0.021472	0.007564	0.1185	0.9315	0.0555	0	191	261	3
2026-02-12	15:04:15.710	-71.995	63.315	6.09	1.067744	0.020496	-0.005856	0.1185	0.93	0.0435	0	191	261	3
2026-02-12	15:04:15.730	-97.09	72.31	11.865	1.06872	0.017568	-0.001464	0.123	0.9285	0.0435	0	191	261	3
2026-02-12	15:04:15.750	-117.145	78.155	16.94	1.0553	0.022204	0.056364	0.129	0.9285	0.039	0	191	261	3
2026-02-12	15:04:15.770	-138.285	80.605	23.24	1.026508	-0.001708	0.120048	0.1305	0.9345	0.0375	0	191	261	3
2026-02-12	15:04:15.790	-146.16	83.86	30.135	0.966728	-0.08295999	0.182756	0.135	0.9435	0.039	0	191	261	3
2026-02-12	15:04:15.810	-135.73	86.38	35.49	0.855464	-0.110776	0.210572	0.1395	0.9465	0.0375	0	197	251	3
2026-02-12	15:04:15.830	-120.995	85.61	37.1	0.78568	-0.096624	0.20618	0.1515	0.9675	0.045	0	197	251	3
2026-02-12	15:04:15.850	-103.215	82.495	33.04	0.751276	-0.08295999	0.210084	0.1545	0.9795	0.051	0	197	251	3
2026-02-12	15:04:15.870	-83.335	78.96	25.375	0.712236	-0.068076	0.207644	0.1635	0.9795	0.0465	0	197	251	3
2026-02-12	15:04:15.890	-66.01	74.62	15.75	0.687836	-0.044408	0.203984	0.162	0.996	0.0465	0	197	251	3
2026-02-12	15:04:15.910	-52.5	69.895	5.25	0.666364	-0.039284	0.203984	0.1755	0.99	0.045	0	197	251	3
2026-02-12	15:04:15.930	-43.575	64.295	-5.495	0.654652	-0.060512	0.216184	0.177	0.996	0.042	0	197	251	3
2026-02-12	15:04:15.950	-39.515	57.75	-15.75	0.654652	-0.07198	0.228628	0.1755	0.9945	0.0405	0	197	251	3
2026-02-12	15:04:15.970	-42.945	51.17	-24.885	0.674904	-0.072956	0.294508	0.174	0.993	0.042	0	197	251	3
2026-02-12	15:04:15.990	-37.765	49.91	-34.3	0.689056	-0.084424	0.376492	0.168	0.996	0.0435	0	197	251	3
2026-02-12	15:04:16.010	-49.98	46.2	-42.63	0.682468	-0.014152	0.405772	0.1635	1.0005	0.0405	0	204	238	3
2026-02-12	15:04:16.030	-105.28	37.45	-44.625	0.771772	0.007076	0.428708	0.1635	1.0005	0.0405	0	204	238	3
2026-02-12	15:04:16.050	-186.13	28.07	-44.205	0.850584	-0.013908	0.406748	0.1665	0.984	0.0405	0	204	238	3
2026-02-12	15:04:16.070	-259.875	19.74	-39.305	0.871812	-0.08174	0.340868	0.156	0.9825	0.06	0	204	238	3
2026-02-12	15:04:16.090	-311.92	12.18	-36.505	0.90768	-0.140056	0.288652	0.147	0.9795	0.0885	0	204	238	3
2026-02-12	15:04:16.110	-338.835	8.855	-36.925	0.908168	-0.2501	0.246928	0.1455	0.9945	0.1155	0	204	238	3
2026-02-12	15:04:16.130	-340.165	7.315	-38.325	0.869128	-0.357216	0.194468	0.1455	0.996	0.144	0	204	238	3
2026-02-12	15:04:16.150	-324.87	5.04	-40.32	0.848388	-0.457744	0.13298	0.144	0.9855	0.168	0	204	238	3
2026-02-12	15:04:16.170	-297.045	4.13	-43.155	0.854244	-0.566324	0.08686399	0.141	0.969	0.2025	0	204	238	3
2026-02-12	15:04:16.190	-256.515	5.04	-46.585	0.854	-0.662948	0.058072	0.1335	0.957	0.2265	0	204	238	3
2026-02-12	15:04:16.210	-205.03	8.19	-49.63	0.891088	-0.658556	0.05002	0.1245	0.945	0.258	0	211	234	3
2026-02-12	15:04:16.230	-142.555	18.69	-58.975	0.8967	-0.466772	0.156892	0.1215	0.939	0.2745	0	211	234	3
2026-02-12	15:04:16.250	-147.98	18.83	-58.03	0.935008	-0.549488	0.063196	0.117	0.906	0.291	0	211	234	3
2026-02-12	15:04:16.270	-160.44	19.845	-56.63	0.923052	-0.678076	-0.056608	0.1095	0.8865	0.2985	0	211	234	3
2026-02-12	15:04:16.290	-152.145	18.9	-58.835	0.93086	-0.701988	-0.111752	0.105	0.8715	0.3	0	211	234	3
2026-02-12	15:04:16.310	-135.73	16.345	-62.72	0.971364	-0.654408	-0.131028	0.0855	0.861	0.3105	0	211	234	3
2026-02-12	15:04:16.330	-117.11	14.35	-66.85	1.000888	-0.644404	-0.087108	0.0915	0.849	0.3045	0	211	234	3
2026-02-12	15:04:16.350	-98.28	12.11	-68.425	1.071404	-0.676856	-0.09076799	0.0915	0.834	0.318	0	211	234	3
2026-02-12	15:04:16.370	-68.075	11.48	-67.62	1.137772	-0.765428	-0.105164	0.0915	0.8235	0.315	0	211	234	3
2026-02-12	15:04:16.390	-17.22	10.185	-62.965	1.186816	-0.794464	-0.105164	0.0795	0.81	0.3165	0	211	234	3
2026-02-12	15:04:16.410	47.32	6.125	-55.895	1.167296	-0.689788	-0.048312	0.072	0.795	0.3165	0	220	212	3
2026-02-12	15:04:16.430	111.93	-4.06	-44.1	1.121912	-0.574864	0.016348	0.075	0.786	0.3165	0	220	212	3
2026-02-12	15:04:16.450	166.215	-15.26	-30.765	1.140212	-0.504348	0.036112	0.0735	0.7875	0.321	0	220	212	3
2026-02-12	15:04:16.470	199.36	-23.66	-18.235	1.156072	-0.442128	0.033916	0.0705	0.789	0.318	0	220	212	3
2026-02-12	15:04:16.490	224.455	-31.535	-4.305	1.181204	-0.41114	0.018544	0.075	0.7965	0.3105	0	220	212	3
2026-02-12	15:04:16.510	245.175	-37.52	9.975	1.189012	-0.365512	0.000976	0.0765	0.819	0.3135	0	220	212	3
2026-02-12	15:04:16.530	258.195	-40.88	24.395	1.162416	-0.30622	-0.0305	0.0735	0.8355	0.3075	0	220	212	3
2026-02-12	15:04:16.550	263.095	-42.945	36.26	1.152412	-0.235948	-0.065636	0.084	0.8475	0.2955	0	220	212	3
2026-02-12	15:04:16.570	262.92	-43.505	44.45	1.130208	-0.213256	-0.083936	0.0915	0.8655	0.2865	0	220	212	3
2026-02-12	15:04:16.590	266.56	-43.68	49.14	1.10654	-0.21594	-0.08174	0.0885	0.873	0.279	0	220	212	3
2026-02-12	15:04:16.610	279.475	-42.28	50.575	1.10044	-0.245464	-0.034648	0.0945	0.8955	0.2625	0	232	166	3
2026-02-12	15:04:16.630	308	-36.89	52.255	1.064328	-0.233508	0.051484	0.102	0.9165	0.2505	0	232	166	3
2026-02-12	15:04:16.650	343.945	-22.33	55.615	0.972584	-0.131028	0.10248	0.102	0.924	0.246	0	232	166	3
2026-02-12	15:04:16.670	363.72	-5.355	56.665	0.880352	-0.041236	0.084668	0.102	0.924	0.246	0	232	166	3
2026-02-12	15:04:16.690	360.815	6.72	55.09	0.813984	0.022448	0.08174	0.1245	0.963	0.144	0	232	166	3
2026-02-12	15:04:16.710	334.005	16.45	52.5	0.723704	0.080276	0.088572	0.1275	0.975	0.12	0	232	166	3
2026-02-12	15:04:16.730	287.035	22.12	47.6	0.649772	0.131516	0.084424	0.132	0.975	0.0765	0	232	166	3
2026-02-12	15:04:16.750	226.87	23.485	39.97	0.594628	0.157868	0.087352	0.1335	0.9795	0.051	0	232	166	3
2026-02-12	15:04:16.770	161.63	20.51	31.15	0.583648	0.16714	0.097112	0.147	0.9705	0.024	0	232	166	3
2026-02-12	15:04:16.790	100.625	15.05	21.98	0.616344	0.1403	0.132492	0.1515	0.9795	0	0	232	166	3
2026-02-12	15:04:16.810	46.515	10.64	15.26	0.622444	0.085156	0.159332	0.1515	0.9765	-0.0015	0	243	125	3
2026-02-12	15:04:16.830	7.98	6.405	9.59	0.645868	0.004636	0.174216	0.1515	0.9705	-0.006	0	243	125	3
2026-02-12	15:04:16.850	-13.335	1.155	3.115	0.710284	-0.071736	0.187148	0.1485	0.969	-0.0105	0	243	125	3
2026-02-12	15:04:16.870	-22.33	-6.055	-3.745	0.748836	-0.163236	0.176656	0.147	0.9705	-0.0135	0	243	125	3
2026-02-12	15:04:16.890	-16.73	-12.53	-6.16	0.766648	-0.172508	0.180316	0.153	0.9795	0	0	243	125	3
2026-02-12	15:04:16.910	-1.33	-21.84	-13.09	0.898896	-0.172996	0.207156	0.159	0.9705	0	0	243	125	3
2026-02-12	15:04:16.930	12.95	-28.035	-22.05	0.987468	-0.185928	0.302316	0.156	0.975	-0.003	0	243	125	3
2026-02-12	15:04:16.950	15.155	-28.455	-24.045	1.08336	-0.284504	0.517036	0.144	0.966	0.003	0	243	125	3
2026-02-12	15:04:16.970	5.53	-23.555	-14.595	1.269044	-0.344528	0.681492	0.1425	0.9705	0.006	0	243	125	3
2026-02-12	15:04:16.990	7.875	-7.49	-1.26	1.146312	0.084912	0.899628	0.1425	0.9615	0.0045	0	243	125	3
2026-02-12	15:04:17.010	77.07	22.855	4.795	0.742004	0.159576	1.311744	0.1425	0.9645	0	0	258	134	3
2026-02-12	15:04:17.030	109.62	39.375	46.725	0.274012	-1.202676	1.859524	0.1395	0.96	-0.003	0	258	134	3
2026-02-12	15:04:17.050	85.645	27.195	83.65	0.399428	-2.1716	2.494412	0.147	0.954	-0.015	0	258	134	3
2026-02-12	15:04:17.070	203.245	72.975	96.705	0.776652	-1.092632	1.975668	0.1605	0.9615	-0.0315	0	258	134	3
2026-02-12	15:04:17.090	121.555	140.56	113.015	1.084336	0.053436	1.2688	0.165	0.969	-0.039	0	258	134	3
2026-02-12	15:04:17.110	-188.755	192.78	162.365	1.18584	-0.355752	0.281088	0.204	0.9585	-0.1005	0	258	134	3
2026-02-12	15:04:17.130	-270.06	185.71	182.945	1.609912	-1.776808	-0.740052	0.2265	0.9945	-0.1005	0	258	134	3
2026-02-12	15:04:17.150	12.635	153.09	177.24	1.99836	-1.22854	-0.575352	0.2715	1.0335	-0.0915	0	258	134	3
2026-02-12	15:04:17.170	138.18	146.44	177.66	1.741916	-0.245708	-0.338916	0.315	1.0485	-0.102	0	258	134	3
2026-02-12	15:04:17.190	111.58	132.72	171.99	1.546716	-0.347212	-0.531432	0.3525	1.0425	-0.138	0	258	134	3
2026-02-12	15:04:17.210	115.395	110.11	155.155	1.258064	-0.224968	-0.467016	0.3945	1.0485	-0.153	0	290	217	3
2026-02-12	15:04:17.230	103.425	76.895	134.4	1.127768	-0.11712	-0.276208	0.408	1.0455	-0.1605	0	290	217	3
2026-02-12	15:04:17.250	62.16	51.345	117.845	0.887184	-0.108092	-0.171776	0.435	1.0365	-0.177	0	290	217	3
2026-02-12	15:04:17.270	14.245	29.12	108.465	0.646112	-0.063196	-0.136884	0.4545	1.032	-0.192	0	290	217	3
2026-02-12	15:04:17.290	-23.485	-17.15	81.305	0.745908	-0.06588	0.044408	0.462	1.0335	-0.198	0	290	217	3
2026-02-12	15:04:17.310	-57.12	-57.82	49.105	0.832772	-0.108824	0.307684	0.462	1.0335	-0.198	0	290	217	3
2026-02-12	15:04:17.330	-101.185	-75.285	23.73	0.915244	-0.346724	0.431636	0.501	1.0425	-0.18	0	290	217	3
2026-02-12	15:04:17.350	-78.505	-89.915	-1.61	1.084092	-0.526552	0.41358	0.4965	1.0575	-0.1695	0	290	217	3
2026-02-12	15:04:17.370	-41.16	-103.285	-24.885	1.161196	-0.345016	0.45628	0.483	1.0605	-0.162	0	290	217	3
2026-02-12	15:04:17.390	-23.485	-107.485	-42.35	1.120204	-0.166164	0.478728	0.4665	1.0635	-0.1485	0	290	217	3
2026-02-12	15:04:17.410	-32.76	-111.23	-53.795	1.055544	-0.074908	0.449448	0.441	1.0695	-0.1455	0	338	260	3
2026-02-12	15:04:17.430	-44.24	-114.31	-68.6	1.143628	-0.20252	0.509228	0.429	1.0665	-0.1365	0	338	260	3
2026-02-12	15:04:17.450	-21.595	-107.45	-85.68	1.231224	-0.329644	0.625128	0.417	1.0695	-0.126	0	338	260	3
2026-02-12	15:04:17.470	7.105	-97.125	-99.89	1.184132	-0.221064	0.612928	0.3945	1.068	-0.1155	0	338	260	3
2026-02-12	15:04:17.490	10.395	-88.515	-110.67	1.134844	-0.088572	0.524112	0.372	1.062	-0.1125	0	338	260	3
2026-02-12	15:04:17.510	-22.295	-73.43	-127.855	1.039196	-0.007564	0.39894	0.3615	1.0605	-0.1125	0	338	260	3
2026-02-12	15:04:17.530	-49.84	-64.785	-141.295	1.021872	0.011468	0.41358	0.3105	1.0455	-0.102	0	338	260	3
2026-02-12	15:04:17.550	-77.945	-54.495	-155.085	0.9943	-0.012444	0.401624	0.291	1.044	-0.087	0	338	260	3
2026-02-12	15:04:17.570	-104.405	-44.205	-165.06	0.942572	-0.016592	0.370392	0.2535	1.0305	-0.0795	0	338	260	3
2026-02-12	15:04:17.590	-122.815	-36.015	-172.935	0.95038	-0.103456	0.316712	0.2355	1.032	-0.0615	0	338	260	3
2026-02-12	15:04:17.610	-129.535	-27.545	-179.305	0.929152	-0.154208	0.275964	0.2085	1.02	-0.0465	0	383	286	3
2026-02-12	15:04:17.630	-151.62	-25.69	-180.32	0.912804	0.102968	0.373564	0.183	1.008	-0.0285	0	383	286	3
2026-02-12	15:04:17.650	-363.72	-16.94	-161.63	1.042612	0.24522	0.192272	0.168	0.996	-0.0045	0	383	286	3
2026-02-12	15:04:17.670	-350.28	32.165	-154.175	1.127768	-1.305888	0.275232	0.159	0.9975	0.015	0	383	286	3
2026-02-12	15:04:17.690	-252.315	55.65	-140.14	0.941108	-0.7015	0.473848	0.138	0.993	0.0525	0	383	286	3
2026-02-12	15:04:17.710	-176.015	65.24	-130.445	0.919636	-0.372344	0.332328	0.123	0.9825	0.075	0	383	286	3
2026-02-12	15:04:17.730	-173.39	68.985	-121.135	0.809104	-0.072468	0.189588	0.12	0.978	0.0825	0	383	286	3
2026-02-12	15:04:17.750	-185.5	63.42	-110.46	0.787632	-0.232532	0	0.087	0.936	0.1005	0	383	286	3
2026-02-12	15:04:17.770	-150.99	52.85	-103.04	0.784216	-0.317688	-0.09516	0.0795	0.924	0.1095	0	383	286	3
2026-02-12	15:04:17.790	-109.095	37.66	-98.735	0.770308	-0.299388	-0.09638	0.0705	0.912	0.111	0	383	286	3
2026-02-12	15:04:17.810	-79.1	19.355	-95.69	0.798856	-0.341356	-0.067832	0.06	0.906	0.117	0	416	296	3
2026-02-12	15:04:17.830	-56.385	2.765	-93.415	0.821304	-0.371856	-0.008296	0.06	0.888	0.1185	0	416	296	3
2026-02-12	15:04:17.850	-31.745	-11.27	-92.54	0.864248	-0.395524	0.098332	0.048	0.876	0.123	0	416	296	3
2026-02-12	15:04:17.870	0.595	-20.335	-93.03	0.955016	-0.403088	0.216184	0.045	0.8655	0.129	0	416	296	3
2026-02-12	15:04:17.890	32.865	-23.695	-91.56	1.032364	-0.366244	0.283528	0.039	0.8535	0.1305	0	416	296	3
2026-02-12	15:04:17.910	49.91	-25.445	-84.945	1.028948	-0.290604	0.292312	0.0345	0.834	0.1305	0	416	296	3
2026-02-12	15:04:17.930	53.655	-28.91	-71.295	1.044564	-0.248148	0.274988	0.036	0.828	0.129	0	416	296	3
2026-02-12	15:04:17.950	48.02	-32.97	-54.53	1.079456	-0.16958	0.280112	0.036	0.828	0.129	0	416	296	3
2026-02-12	15:04:17.970	32.41	-36.995	-38.92	1.132648	-0.097844	0.30134	0.018	0.7965	0.141	0	416	296	3
2026-02-12	15:04:17.990	21.525	-40.215	-25.305	1.242692	-0.102968	0.316468	0.015	0.789	0.1425	0	416	296	3
2026-02-12	15:04:18.010	19.6	-43.33	-12.285	1.38958	-0.110532	0.334524	0.0225	0.7965	0.1425	0	435	283	3
2026-02-12	15:04:18.030	20.685	-43.435	2.065	1.47986	-0.10248	0.366	0.0225	0.789	0.15	0	435	283	3
2026-02-12	15:04:18.050	23.415	-38.185	17.745	1.454728	-0.098332	0.428952	0.018	0.789	0.162	0	435	283	3
2026-02-12	15:04:18.070	30.555	-26.565	33.39	1.331264	-0.070028	0.532408	0.024	0.783	0.1665	0	435	283	3
2026-02-12	15:04:18.090	41.825	-9.03	48.475	1.179252	-0.00854	0.576084	0.0255	0.789	0.1665	0	435	283	3
2026-02-12	15:04:18.110	41.265	7.21	65.555	1.0614	0.056608	0.51118	0.0255	0.795	0.168	0	435	283	3
2026-02-12	15:04:18.130	26.88	17.815	80.36	1.03212	0.109312	0.417728	0.0255	0.8085	0.165	0	435	283	3
2026-02-12	15:04:18.150	-8.19	26.11	91.385	1.035292	0.107116	0.313052	0.0255	0.816	0.1605	0	435	283	3
2026-02-12	15:04:18.170	-26.74	28.315	93.17	0.99308	0.061488	0.271816	0.0315	0.846	0.1515	0	435	283	3
2026-02-12	15:04:18.190	-37.695	27.895	91.63	0.981856	0.012932	0.264252	0.0495	0.8535	0.15	0	435	283	3
2026-02-12	15:04:18.210	-37.03	28.385	87.57	1.02114	-0.05612	0.285236	0.051	0.879	0.1515	0	439	281	3
2026-02-12	15:04:18.230	-24.255	32.165	84.21	1.042368	-0.102724	0.309392	0.054	0.8925	0.156	0	439	281	3
2026-02-12	15:04:18.250	-6.545	38.36	82.845	1.02724	-0.088328	0.321104	0.0615	0.9	0.144	0	439	281	3
2026-02-12	15:04:18.270	4.725	45.29	82.6	0.985272	-0.05368	0.31964	0.069	0.9135	0.1365	0	439	281	3
2026-02-12	15:04:18.290	8.155	50.015	83.405	0.922076	-0.029768	0.305732	0.0675	0.918	0.1335	0	439	281	3
2026-02-12	15:04:18.310	11.48	52.045	82.005	0.861076	-0.005124	0.304756	0.0735	0.9255	0.129	0	439	281	3
2026-02-12	15:04:18.330	16.065	52.535	76.72	0.8296	0.013908	0.31842	0.0825	0.9405	0.12	0	439	281	3
2026-02-12	15:04:18.350	11.97	53.235	69.09	0.789828	0.008784	0.306952	0.09	0.954	0.1185	0	439	281	3
2026-02-12	15:04:18.370	-2.905	52.255	61.18	0.75762	-0.00244	0.27328	0.0945	0.9585	0.1215	0	439	281	3
2026-02-12	15:04:18.390	-23.135	48.825	53.655	0.764208	-0.022204	0.241316	0.117	0.9795	0.108	0	439	281	3
2026-02-12	15:04:18.410	-44.415	43.505	46.06	0.781044	-0.053436	0.22692	0.1155	0.9885	0.099	0	431	290	2
2026-02-12	15:04:18.430	-60.795	37.555	38.675	0.790316	-0.072712	0.254004	0.126	1.0005	0.0885	0	431	290	2
2026-02-12	15:04:18.450	-68.215	32.34	31.535	0.803004	-0.105896	0.267668	0.126	0.9975	0.102	0	431	290	2
2026-02-12	15:04:18.470	-64.75	27.51	23.625	0.82106	-0.1281	0.264496	0.1395	1.002	0.1005	0	431	290	2
2026-02-12	15:04:18.490	-58.87	23.66	15.505	0.809348	-0.142008	0.25132	0.147	1.011	0.1035	0	431	290	2
2026-02-12	15:04:18.510	-49.385	19.46	7.175	0.801296	-0.171288	0.240584	0.1485	1.026	0.102	0	431	290	2
2026-02-12	15:04:18.530	-40.425	14.805	-0.91	0.791292	-0.191784	0.260836	0.1455	1.0185	0.108	0	431	290	2
2026-02-12	15:04:18.550	-32.83	9.66	-8.47	0.807152	-0.23424	0.289872	0.1455	1.0125	0.114	0	431	290	2
2026-02-12	15:04:18.570	-17.045	2.415	-15.995	0.864248	-0.26352	0.2928	0.1485	1.014	0.1155	0	431	290	2
2026-02-12	15:04:18.590	2.66	-5.6	-23.66	0.940864	-0.267668	0.289384	0.1485	1.014	0.1155	0	431	290	2
2026-02-12	15:04:18.610	21.385	-12.53	-30.695	1.045296	-0.26596	0.305488	0.138	1.011	0.123	0	414	294	2
2026-02-12	15:04:18.630	39.305	-19.18	-37.765	1.136796	-0.239608	0.322812	0.138	1.0035	0.1155	0	414	294	2
2026-02-12	15:04:18.650	53.83	-24.29	-44.065	1.17608	-0.230336	0.3538	0.132	0.9975	0.126	0	414	294	2
2026-02-12	15:04:18.670	67.165	-28.805	-49.56	1.204872	-0.201056	0.379176	0.1245	1.0035	0.108	0	414	294	2
2026-02-12	15:04:18.690	78.155	-32.97	-55.475	1.24318	-0.16958	0.393816	0.111	0.981	0.1125	0	414	294	2
2026-02-12	15:04:18.710	79.275	-37.625	-60.83	1.266604	-0.111996	0.363316	0.1185	0.975	0.108	0	414	294	2
2026-02-12	15:04:18.730	65.17	-43.96	-65.625	1.263188	-0.073932	0.319152	0.099	0.969	0.1035	0	414	294	2
2026-02-12	15:04:18.750	49.945	-53.83	-72.205	1.278316	-0.092964	0.334768	0.0975	0.9675	0.1035	0	414	294	2
2026-02-12	15:04:18.770	47.6	-63.945	-80.15	1.328336	-0.12566	0.40382	0.0915	0.9615	0.1035	0	414	294	2
2026-02-12	15:04:18.790	64.33	-70.98	-88.235	1.303204	-0.143228	0.536312	0.087	0.9555	0.1035	0	414	294	2
2026-02-12	15:04:18.810	85.33	-67.76	-87.045	1.185352	-0.148108	0.567056	0.072	0.9255	0.114	0	391	303	3
2026-02-12	15:04:18.830	105.175	-60.025	-78.33	1.002596	-0.141032	0.54412	0.0615	0.909	0.1185	0	391	303	3
2026-02-12	15:04:18.850	123.62	-50.155	-65.03	0.84912	-0.105164	0.524112	0.0585	0.9015	0.123	0	391	303	3
2026-02-12	15:04:18.870	139.58	-40.53	-51.135	0.79178	-0.039528	0.5124	0.0495	0.8805	0.117	0	391	303	3
2026-02-12	15:04:18.890	140.945	-30.94	-39.48	0.816424	0.060024	0.476776	0.0555	0.885	0.1155	0	391	303	3
2026-02-12	15:04:18.910	120.155	-20.16	-31.22	0.863516	0.142008	0.419192	0.042	0.867	0.1035	0	391	303	3
2026-02-12	15:04:18.930	79.345	-9.52	-25.585	0.886696	0.1891	0.353068	0.0345	0.8625	0.108	0	391	303	3
2026-02-12	15:04:18.950	33.215	0.875	-22.4	0.887916	0.16714	0.29402	0.0345	0.8595	0.105	0	391	303	3
2026-02-12	15:04:18.970	-6.58	9.52	-20.265	0.871568	0.126392	0.257664	0.033	0.8565	0.102	0	391	303	3
2026-02-12	15:04:18.990	-48.79	22.085	-15.715	0.783484	0.121268	0.27694	0.0315	0.858	0.099	0	391	303	3
2026-02-12	15:04:19.010	-89.11	34.055	-8.89	0.709796	0.101748	0.283772	0.0315	0.861	0.099	0	369	322	3
2026-02-12	15:04:19.030	-119.98	39.725	-0.735	0.682224	0.063196	0.26596	0.039	0.8445	0.1005	0	369	322	3
2026-02-12	15:04:19.050	-144.865	43.4	8.505	0.685884	0.017568	0.282552	0.0375	0.852	0.0975	0	369	322	3
2026-02-12	15:04:19.070	-156.905	46.83	17.605	0.695644	-0.000976	0.324764	0.024	0.858	0.105	0	369	322	3
2026-02-12	15:04:19.090	-164.745	48.44	27.545	0.6954	-0.033184	0.346968	0.03	0.8595	0.1005	0	369	322	3
2026-02-12	15:04:19.110	-165.375	48.79	36.015	0.71248	-0.08295999	0.370148	0.0405	0.8715	0.102	0	369	322	3
2026-02-12	15:04:19.130	-152.32	49.875	41.475	0.754936	-0.125904	0.388448	0.045	0.8745	0.1065	0	369	322	3
2026-02-12	15:04:19.150	-132.86	50.26	46.41	0.75152	-0.148596	0.35136	0.042	0.8835	0.1185	0	369	322	3
2026-02-12	15:04:19.170	-109.795	47.81	50.19	0.736392	-0.160308	0.295972	0.0465	0.8805	0.114	0	369	322	3
2026-02-12	15:04:19.190	-80.36	41.755	50.505	0.755424	-0.16226	0.25986	0.048	0.8865	0.117	0	369	322	3
2026-02-12	15:04:19.210	-34.965	30.975	44.94	0.843752	-0.145424	0.267668	0.0495	0.8925	0.12	0	348	336	3
2026-02-12	15:04:19.230	3.675	21.07	37.38	0.892308	-0.09467199	0.29402	0.0495	0.8925	0.12	0	348	336	3
2026-02-12	15:04:19.250	23.835	14.28	31.57	0.916464	-0.068808	0.297436	0.066	0.918	0.1035	0	348	336	3
2026-02-12	15:04:19.270	36.61	7.49	25.76	0.925736	-0.039284	0.313052	0.069	0.927	0.108	0	348	336	3
2026-02-12	15:04:19.290	42.175	1.435	19.635	0.909876	-0.011224	0.332084	0.072	0.936	0.1095	0	348	336	3
2026-02-12	15:04:19.310	40.88	-4.2	14.56	0.880108	-0.000244	0.339404	0.0645	0.9345	0.0975	0	348	336	3
2026-02-12	15:04:19.330	35.805	-10.36	10.64	0.862296	0.004636	0.335744	0.0675	0.9435	0.0975	0	348	336	3
2026-02-12	15:04:19.350	30.8	-16.73	7.385	0.877424	-0.009516	0.334524	0.075	0.9375	0.0945	0	348	336	3
2026-02-12	15:04:19.370	28.21	-21.77	4.445	0.886696	-0.0244	0.344772	0.075	0.9435	0.093	0	348	336	3
2026-02-12	15:04:19.390	27.825	-25.2	1.96	0.878644	-0.027328	0.372344	0.0765	0.942	0.0975	0	348	336	3
2026-02-12	15:04:19.410	28.735	-28.63	-1.715	0.928664	-0.02684	0.377956	0.078	0.9375	0.1005	0	328	339	3
2026-02-12	15:04:19.430	23.03	-31.29	-8.575	0.9821	-0.014884	0.391132	0.078	0.933	0.099	0	328	339	3
2026-02-12	15:04:19.450	13.3	-33.81	-13.16	1.001864	-0.013908	0.356484	0.078	0.927	0.114	0	328	339	3
2026-02-12	15:04:19.470	0.455	-39.62	-18.13	1.046028	-0.034892	0.305488	0.072	0.9405	0.1155	0	328	339	3
2026-02-12	15:04:19.490	-10.815	-48.405	-24.745	1.100928	-0.078568	0.274012	0.066	0.9345	0.114	0	328	339	3
2026-02-12	15:04:19.510	-18.515	-59.885	-32.305	1.15534	-0.12688	0.299876	0.072	0.9375	0.129	0	328	339	3
2026-02-12	15:04:19.530	-22.33	-73.465	-40.005	1.208532	-0.18422	0.369172	0.0645	0.924	0.132	0	328	339	3
2026-02-12	15:04:19.550	-10.43	-83.72	-48.09	1.290272	-0.291092	0.46604	0.063	0.9195	0.1455	0	328	339	3
2026-02-12	15:04:19.570	20.545	-87.92	-53.13	1.339316	-0.343064	0.554856	0.069	0.9225	0.156	0	328	339	3
2026-02-12	15:04:19.590	55.51	-85.61	-52.535	1.304668	-0.316224	0.575108	0.0585	0.909	0.165	0	328	339	3
2026-02-12	15:04:19.610	86.45	-77.77	-45.535	1.2505	-0.29646	0.530456	0.051	0.906	0.1665	0	307	344	3
2026-02-12	15:04:19.630	119.21	-61.81	-27.65	1.190476	-0.291824	0.435784	0.048	0.897	0.177	0	307	344	3
2026-02-12	15:04:19.650	141.05	-42.735	-4.97	1.193404	-0.270596	0.38186	0.051	0.8925	0.186	0	307	344	3
2026-02-12	15:04:19.670	142.94	-25.55	14.315	1.206092	-0.231556	0.36112	0.0495	0.8985	0.1755	0	307	344	3
2026-02-12	15:04:19.690	128.695	-8.645	30.73	1.175592	-0.177144	0.34282	0.048	0.8985	0.168	0	307	344	3
2026-02-12	15:04:19.710	103.46	6.37	42.7	1.157292	-0.139324	0.322324	0.0465	0.903	0.1665	0	307	344	3
2026-02-12	15:04:19.730	77.98	20.405	50.4	1.131184	-0.141764	0.319396	0.0555	0.9105	0.1485	0	307	344	3
2026-02-12	15:04:19.750	53.62	33.145	55.685	1.10288	-0.131516	0.330864	0.0675	0.915	0.1425	0	307	344	3
2026-02-12	15:04:19.770	27.965	44.73	60.025	1.057008	-0.150304	0.332084	0.0675	0.93	0.135	0	307	344	3
2026-02-12	15:04:19.790	2.485	54.635	64.89	0.994056	-0.180804	0.305488	0.0735	0.933	0.123	0	307	344	3
2026-02-12	15:04:19.810	-14.735	61.565	70.875	0.929152	-0.205448	0.275232	0.078	0.948	0.111	0	290	352	3
2026-02-12	15:04:19.830	-20.755	66.185	77.07	0.868884	-0.217892	0.257176	0.0855	0.9525	0.1065	0	290	352	3
2026-02-12	15:04:19.850	-20.51	69.335	83.685	0.863516	-0.218136	0.226676	0.0945	0.9585	0.1035	0	290	352	3
2026-02-12	15:04:19.870	-19.81	71.61	92.575	0.797392	-0.213988	0.186172	0.0945	0.9585	0.1035	0	290	352	3
2026-02-12	15:04:19.890	-14.91	70.49	100.17	0.748348	-0.197152	0.15006	0.1125	0.9975	0.0915	0	290	352	3
2026-02-12	15:04:19.910	-8.89	67.69	106.33	0.722972	-0.184952	0.122244	0.132	1.002	0.0765	0	290	352	3
2026-02-12	15:04:19.930	-2.135	63.175	110.425	0.73078	-0.188612	0.116144	0.15	1.017	0.066	0	290	352	3
2026-02-12	15:04:19.950	4.795	58.38	113.05	0.737612	-0.185196	0.101504	0.159	1.029	0.063	0	290	352	3
2026-02-12	15:04:19.970	11.97	51.905	112.77	0.781288	-0.168848	0.084424	0.186	1.0425	0.051	0	290	352	3
2026-02-12	15:04:19.990	18.025	44.065	107.345	0.839116	-0.153232	0.07515199	0.1995	1.053	0.0495	0	290	352	3
2026-02-12	15:04:20.010	22.82	36.855	96.6	0.79422	-0.158356	0.078812	0.1995	1.053	0.0495	0	275	341	3
2026-02-12	15:04:20.030	25.2	31.15	89.145	0.766648	-0.15738	0.06832	0.2265	1.0695	0.024	0	275	341	3
2026-02-12	15:04:20.050	28.49	20.58	76.16	0.777628	-0.15128	0.061732	0.2355	1.074	0.0255	0	275	341	3
2026-02-12	15:04:20.070	29.33	1.225	48.51	0.828624	-0.169824	0.081252	0.246	1.0785	0.027	0	275	341	3
2026-02-12	15:04:20.090	30.975	-12.425	28.07	0.86132	-0.189588	0.101016	0.27	1.0875	0.0135	0	275	341	3
2026-02-12	15:04:20.110	34.405	-25.725	8.365	0.880596	-0.199348	0.11956	0.261	1.086	0.0075	0	275	341	3
2026-02-12	15:04:20.130	40.67	-39.83	-10.465	0.915244	-0.19398	0.133712	0.2655	1.083	0.0075	0	275	341	3
2026-02-12	15:04:20.150	47.25	-54.04	-27.895	0.948672	-0.17446	0.14274	0.273	1.083	0	0	275	341	3
2026-02-12	15:04:20.170	55.79	-69.405	-43.4	1.005768	-0.16348	0.156404	0.2625	1.083	-0.0015	0	275	341	3
2026-02-12	15:04:20.190	68.215	-84.595	-58.275	1.106052	-0.178608	0.162748	0.2445	1.068	-0.0015	0	275	341	3
2026-02-12	15:04:20.210	86.065	-97.685	-70.455	1.187548	-0.190808	0.163724	0.246	1.0605	-0.003	0	264	304	3
2026-02-12	15:04:20.230	107.24	-109.795	-78.365	1.277096	-0.1647	0.171288	0.219	1.0455	-0.003	0	264	304	3
2026-02-12	15:04:20.250	128.275	-120.925	-85.05	1.389336	-0.128588	0.202032	0.201	1.0275	-0.0105	0	264	304	3
2026-02-12	15:04:20.270	160.79	-127.225	-96.25	1.581852	-0.099308	0.285968	0.195	1.023	-0.009	0	264	304	3
2026-02-12	15:04:20.290	190.33	-126.84	-104.93	1.698728	-0.053924	0.321836	0.189	1.02	-0.009	0	264	304	3
2026-02-12	15:04:20.310	195.09	-122.325	-103.985	1.650172	-0.030744	0.341356	0.15	0.9795	-0.0135	0	264	304	3
2026-02-12	15:04:20.330	193.27	-110.985	-98.07	1.565992	-0.007564	0.388936	0.1275	0.951	-0.0315	0	264	304	3
2026-02-12	15:04:20.350	186.655	-89.705	-88.725	1.439356	0.098088	0.43554	0.12	0.921	-0.0345	0	264	304	3
2026-02-12	15:04:20.370	154.42	-64.82	-75.005	1.257088	0.22814	0.41236	0.096	0.9075	-0.0285	0	264	304	3
2026-02-12	15:04:20.390	92.785	-40.775	-58.52	1.070916	0.294508	0.332816	0.0885	0.8805	-0.0345	0	264	304	3
2026-02-12	15:04:20.410	28.735	-22.785	-44.975	1.005524	0.316956	0.2562	0.0915	0.87	-0.0315	0	258	272	3
2026-02-12	15:04:20.430	-22.085	-9.905	-36.925	0.992592	0.337696	0.210084	0.0795	0.8655	-0.0285	0	258	272	3
2026-02-12	15:04:20.450	-64.785	0.98	-32.27	0.965996	0.340624	0.183732	0.0735	0.858	-0.036	0	258	272	3
2026-02-12	15:04:20.470	-114.695	12.25	-29.26	0.920368	0.30988	0.162016	0.0735	0.8595	-0.0315	0	258	272	3
2026-02-12	15:04:20.490	-178.01	27.02	-24.92	0.82716	0.16714	0.12444	0.075	0.861	-0.027	0	258	272	3
2026-02-12	15:04:20.510	-223.965	37.87	-18.76	0.743956	0.016104	0.0915	0.075	0.861	-0.027	0	258	272	3
2026-02-12	15:04:20.530	-243.775	42.91	-12.565	0.693936	-0.079544	0.084424	0.066	0.8775	-0.0075	0	258	272	3
2026-02-12	15:04:20.550	-250.6	45.92	-7	0.667584	-0.154452	0.119804	0.0735	0.876	0	0	258	272	3
2026-02-12	15:04:20.570	-244.16	48.545	-0.875	0.653676	-0.220332	0.170312	0.072	0.891	0.006	0	258	272	3
2026-02-12	15:04:20.590	-219.8	52.01	5.075	0.642696	-0.267424	0.232288	0.078	0.8985	0.0315	0	258	272	3
2026-02-12	15:04:20.610	-179.445	56.665	7.385	0.624396	-0.257176	0.279868	0.072	0.9135	0.0315	0	260	255	3
2026-02-12	15:04:20.630	-136.675	60.34	5.46	0.621956	-0.220332	0.28304	0.078	0.9195	0.0465	0	260	255	3
2026-02-12	15:04:20.650	-100.415	62.37	1.96	0.609512	-0.183	0.271084	0.078	0.93	0.045	0	260	255	3
2026-02-12	15:04:20.670	-73.99	60.83	-1.47	0.607804	-0.134932	0.231556	0.081	0.9255	0.048	0	260	255	3
2026-02-12	15:04:20.690	-55.58	55.265	-5.18	0.61366	-0.1159	0.19032	0.084	0.9285	0.0405	0	260	255	3
2026-02-12	15:04:20.710	-37.765	41.23	-9.17	0.646844	-0.09516	0.186904	0.0885	0.9315	0.033	0	260	255	3
2026-02-12	15:04:20.730	-31.43	29.715	-11.55	0.698328	-0.082228	0.2135	0.0915	0.933	0.0315	0	260	255	3
2026-02-12	15:04:20.750	-25.795	18.76	-12.95	0.754936	-0.08052	0.261324	0.0885	0.9345	0.027	0	260	255	3
2026-02-12	15:04:20.770	-14.315	9.905	-13.44	0.817156	-0.081984	0.316224	0.087	0.9315	0.0315	0	260	255	3
2026-02-12	15:04:20.790	0.28	2.905	-13.02	0.867664	-0.071004	0.338184	0.087	0.939	0.018	0	260	255	3
2026-02-12	15:04:20.810	12.215	-3.64	-11.69	0.911096	-0.070272	0.342576	0.0885	0.93	0.03	0	267	247	3
2026-02-12	15:04:20.830	21.77	-9.275	-9.765	0.941352	-0.068076	0.343552	0.0915	0.9345	0.03	0	267	247	3
2026-02-12	15:04:20.850	29.295	-15.75	-8.575	0.98454	-0.046604	0.344284	0.0885	0.9105	0.0165	0	267	247	3
2026-02-12	15:04:20.870	33.88	-23.555	-7.595	1.064084	-0.0183	0.359656	0.0885	0.9165	0.024	0	267	247	3
2026-02-12	15:04:20.890	34.405	-29.505	-7.56	1.106784	0.013664	0.387472	0.09	0.915	0.024	0	267	247	3
2026-02-12	15:04:20.910	26.705	-34.405	-5.88	1.093608	0.045628	0.392352	0.084	0.9165	0.024	0	267	247	3
2026-02-12	15:04:20.930	10.71	-39.795	-5.11	1.111908	0.061488	0.387716	0.078	0.9195	0.0255	0	267	247	3
2026-02-12	15:04:20.950	-4.55	-44.38	-7.21	1.160464	0.04758	0.404796	0.0795	0.9135	0.0315	0	267	247	3
2026-02-12	15:04:20.970	-17.395	-47.635	-9.66	1.179008	0.008784	0.4331	0.072	0.909	0.0375	0	267	247	3
2026-02-12	15:04:20.990	-24.29	-50.05	-10.745	1.18218	-0.02684	0.42822	0.078	0.9075	0.045	0	267	247	3
2026-02-12	15:04:21.010	-23.8	-53.515	-12.18	1.223416	-0.060756	0.401136	0.0705	0.9165	0.0465	0	273	258	3
2026-02-12	15:04:21.030	-16.065	-57.19	-14.98	1.289052	-0.094916	0.407236	0.069	0.906	0.066	0	273	258	3
2026-02-12	15:04:21.050	-2.135	-57.715	-16.45	1.316136	-0.126636	0.433344	0.066	0.9075	0.072	0	273	258	3
2026-02-12	15:04:21.070	14.28	-53.375	-13.615	1.226588	-0.133956	0.44042	0.0645	0.9105	0.0885	0	273	258	3
2026-02-12	15:04:21.090	30.695	-46.41	-6.93	1.111908	-0.12444	0.418216	0.0615	0.9015	0.0915	0	273	258	3
2026-02-12	15:04:21.110	43.54	-39.48	0.805	1.037732	-0.094184	0.373076	0.0675	0.9015	0.0885	0	273	258	3
2026-02-12	15:04:21.130	50.96	-33.46	6.72	1.053592	-0.069784	0.333792	0.0675	0.9015	0.0885	0	273	258	3
2026-02-12	15:04:21.150	52.815	-28.07	7.84	1.116544	-0.062952	0.32086	0.0675	0.9015	0.0885	0	273	258	3
2026-02-12	15:04:21.170	50.085	-22.75	6.79	1.150216	-0.072468	0.320372	0.066	0.9015	0.093	0	273	258	3
2026-02-12	15:04:21.190	45.745	-15.26	4.305	1.155828	-0.089548	0.32574	0.066	0.894	0.0945	0	273	258	3
2026-02-12	15:04:21.210	39.305	-5.565	2.205	1.1285	-0.102236	0.306708	0.063	0.8985	0.096	0	275	283	3
2026-02-12	15:04:21.230	31.255	4.515	2.03	1.068964	-0.117364	0.279136	0.06	0.8925	0.084	0	275	283	3
2026-02-12	15:04:21.250	24.08	12.915	4.76	1.006988	-0.137372	0.250344	0.0645	0.8835	0.0885	0	275	283	3
2026-02-12	15:04:21.270	20.3	19.565	11.095	0.932568	-0.155184	0.232776	0.063	0.894	0.072	0	275	283	3
2026-02-12	15:04:21.290	22.995	24.15	19.11	0.865956	-0.145668	0.222528	0.0675	0.8895	0.078	0	275	283	3
2026-02-12	15:04:21.310	27.51	27.755	27.72	0.809592	-0.131516	0.213988	0.0705	0.897	0.0765	0	275	283	3
2026-02-12	15:04:21.330	30.31	31.535	36.82	0.742492	-0.125904	0.213744	0.0705	0.891	0.066	0	275	283	3
2026-02-12	15:04:21.350	32.2	35.455	50.995	0.66368	-0.116632	0.197152	0.0705	0.891	0.066	0	275	283	3
2026-02-12	15:04:21.370	31.22	36.82	59.01	0.6405	-0.11468	0.172752	0.09	0.9045	0.051	0	275	283	3
2026-02-12	15:04:21.390	30.485	36.61	64.925	0.653676	-0.112484	0.154208	0.096	0.903	0.045	0	275	283	3
2026-02-12	15:04:21.410	31.255	35.105	67.76	0.708576	-0.10858	0.140544	0.1065	0.9075	0.033	0	273	296	3
2026-02-12	15:04:21.430	32.9	33.075	66.99	0.794464	-0.094428	0.1464	0.1065	0.921	0.0255	0	273	296	3
2026-02-12	15:04:21.450	31.675	32.375	63.28	0.83082	-0.084912	0.144692	0.114	0.9345	0.0225	0	273	296	3
2026-02-12	15:04:21.470	26.18	31.99	57.855	0.8479	-0.082716	0.13176	0.1245	0.936	0.0135	0	273	296	3
2026-02-12	15:04:21.490	19.74	28.07	49.07	0.919148	-0.089548	0.129076	0.123	0.9345	0.021	0	273	296	3
2026-02-12	15:04:21.510	11.725	24.43	38.115	0.94062	-0.10248	0.135176	0.1365	0.9345	0.0045	0	273	296	3
2026-02-12	15:04:21.530	6.09	19.985	26.18	0.972584	-0.129564	0.152012	0.15	0.945	0.0045	0	273	296	3
2026-02-12	15:04:21.550	7.63	15.015	12.075	1.036024	-0.148352	0.171532	0.1425	0.9315	-0.0045	0	273	296	3
2026-02-12	15:04:21.570	15.365	11.48	-0.455	1.109224	-0.144692	0.190808	0.1425	0.9315	-0.0045	0	273	296	3
2026-02-12	15:04:21.590	20.475	9.1	-6.44	1.156072	-0.119804	0.180072	0.153	0.9375	-0.0015	0	273	296	3
2026-02-12	15:04:21.610	22.47	5.67	-9.8	1.214388	-0.115412	0.158356	0.156	0.933	-0.0045	0	269	283	3
2026-02-12	15:04:21.630	22.89	2.485	-10.185	1.259528	-0.1037	0.148596	0.153	0.933	-0.006	0	269	283	3
2026-02-12	15:04:21.650	22.155	-0.98	-7.455	1.285392	-0.09394	0.13054	0.15	0.93	-0.003	0	269	283	3
2026-02-12	15:04:21.670	17.08	-4.62	-1.96	1.262944	-0.057584	0.10492	0.156	0.927	-0.0105	0	269	283	3
2026-02-12	15:04:21.690	11.48	-12.845	1.575	1.322724	-0.0549	0.080764	0.1485	0.9225	-0.009	0	269	283	3
2026-02-12	15:04:21.710	8.435	-24.045	0.735	1.435452	-0.057828	0.099064	0.1515	0.918	-0.009	0	269	283	3
2026-02-12	15:04:21.730	8.19	-35.49	-4.655	1.567944	-0.064416	0.147864	0.162	0.9195	-0.0105	0	269	283	3
2026-02-12	15:04:21.750	11.97	-42.77	-12.11	1.565748	-0.112728	0.20374	0.144	0.9165	0.0015	0	269	283	3
2026-02-12	15:04:21.770	31.15	-47.32	-19.145	1.42374	-0.150304	0.298168	0.144	0.9165	0.0015	0	269	283	3
2026-02-12	15:04:21.790	60.76	-46.165	-20.51	1.25782	-0.12688	0.371368	0.144	0.9165	0.0015	0	269	283	3
2026-02-12	15:04:21.810	82.25	-37.975	-14.14	1.116544	-0.086376	0.375028	0.1395	0.9105	0.0075	0	263	258	3
2026-02-12	15:04:21.830	99.225	-26.285	-3.92	1.00528	-0.033428	0.366976	0.1275	0.9	0.0105	0	263	258	3
2026-02-12	15:04:21.850	110.88	-13.685	5.6	0.970388	0.034892	0.3416	0.135	0.8955	0	0	263	258	3
2026-02-12	15:04:21.870	107.59	-1.33	12.67	0.976976	0.122488	0.302316	0.1305	0.891	0	0	263	258	3
2026-02-12	15:04:21.890	80.255	12.95	16.31	0.973804	0.202276	0.254004	0.1275	0.8925	-0.0015	0	263	258	3
2026-02-12	15:04:21.910	33.145	25.935	16.555	0.966972	0.232288	0.202032	0.129	0.8805	-0.003	0	263	258	3
2026-02-12	15:04:21.930	-21.35	38.675	12.215	0.914024	0.217404	0.153476	0.1335	0.888	-0.0225	0	263	258	3
2026-02-12	15:04:21.950	-67.97	50.05	7.07	0.851316	0.178364	0.107116	0.1305	0.8865	-0.021	0	263	258	3
2026-02-12	15:04:21.970	-104.79	59.185	3.5	0.783972	0.14274	0.088328	0.144	0.8955	-0.0255	0	263	258	3
2026-02-12	15:04:21.990	-142.625	71.54	1.54	0.665876	0.085644	0.102236	0.144	0.8955	-0.0255	0	263	258	3
2026-02-12	15:04:22.010	-158.445	77.035	1.225	0.637084	0.04026	0.11834	0.1395	0.9045	-0.0195	0	260	241	3
2026-02-12	15:04:22.030	-168.035	81.27	-1.12	0.648796	-0.0061	0.148108	0.147	0.921	-0.0195	0	260	241	3
2026-02-12	15:04:22.050	-173.18	85.68	-3.64	0.649284	-0.044408	0.163724	0.1545	0.9165	-0.0015	0	260	241	3
2026-02-12	15:04:22.070	-174.965	88.655	-6.23	0.648064	-0.07905599	0.157868	0.159	0.9315	-0.003	0	260	241	3
2026-02-12	15:04:22.090	-171.78	89.74	-11.13	0.6588	-0.100528	0.151524	0.159	0.936	-0.003	0	260	241	3
2026-02-12	15:04:22.110	-164.99	89.6	-19.285	0.673928	-0.105408	0.15616	0.1725	0.948	-0.0045	0	260	241	3
2026-02-12	15:04:22.130	-156.1	88.34	-29.855	0.687592	-0.111996	0.166164	0.1665	0.951	0.006	0	260	241	3
2026-02-12	15:04:22.150	-146.37	85.435	-42.35	0.703452	-0.10858	0.182756	0.174	0.9615	0.015	0	260	241	3
2026-02-12	15:04:22.170	-136.64	80.57	-57.05	0.715408	-0.094916	0.20008	0.177	0.957	0.0135	0	260	241	3
2026-02-12	15:04:22.190	-128.485	69.405	-75.565	0.727608	-0.1098	0.195444	0.1665	0.963	0.024	0	260	241	3
2026-02-12	15:04:22.210	-114.765	54.74	-91.245	0.729072	-0.132492	0.231068	0.1665	0.963	0.024	0	260	227	3
2026-02-12	15:04:22.230	-97.195	41.51	-100.555	0.738344	-0.138592	0.248148	0.1575	0.9555	0.027	0	260	227	3
2026-02-12	15:04:22.250	-81.2	25.41	-106.785	0.770552	-0.125904	0.261568	0.15	0.9435	0.03	0	260	227	3
2026-02-12	15:04:22.270	-67.41	8.54	-110.145	0.819108	-0.133956	0.30866	0.1485	0.9345	0.0375	0	260	227	3
2026-02-12	15:04:22.290	-50.61	-5.88	-110.425	0.853512	-0.129076	0.354288	0.1305	0.927	0.0285	0	260	227	3
2026-02-12	15:04:22.310	-31.57	-18.55	-108.535	0.89304	-0.090036	0.387716	0.123	0.912	0.033	0	260	227	3
2026-02-12	15:04:22.330	-14.945	-27.86	-106.085	0.91622	-0.054656	0.401136	0.114	0.9045	0.045	0	260	227	3
2026-02-12	15:04:22.350	-6.405	-33.6	-103.285	0.918416	-0.02684	0.398208	0.1005	0.888	0.0465	0	260	227	3
2026-02-12	15:04:22.370	-7.525	-37.555	-99.89	0.931348	-0.02562	0.374784	0.0945	0.873	0.054	0	260	227	3
2026-02-12	15:04:22.390	-15.05	-39.865	-96.53	0.951356	-0.032696	0.34648	0.0825	0.8625	0.0645	0	260	227	3
2026-02-12	15:04:22.410	-31.815	-42	-92.12	0.977952	-0.02684	0.310856	0.0825	0.8505	0.0615	0	259	227	3
2026-02-12	15:04:22.430	-53.305	-42.805	-87.01	0.977952	-0.023912	0.28548	0.0825	0.8505	0.0615	0	259	227	3
2026-02-12	15:04:22.450	-70	-42.735	-81.725	0.974048	-0.019032	0.27206	0.063	0.8355	0.081	0	259	227	3
2026-02-12	15:04:22.470	-82.81	-43.82	-76.65	1.000644	-0.03538	0.28182	0.06	0.8205	0.09	0	259	227	3
2026-02-12	15:04:22.490	-93.24	-43.575	-70.455	1.001376	-0.058316	0.307196	0.054	0.81	0.096	0	259	227	3
2026-02-12	15:04:22.510	-99.505	-42.7	-62.37	0.99186	-0.08784	0.339648	0.054	0.7935	0.1065	0	259	227	3
2026-02-12	15:04:22.530	-100.205	-41.335	-52.43	0.967704	-0.1159	0.349652	0.0525	0.7905	0.1185	0	259	227	3
2026-02-12	15:04:22.550	-96.215	-40.81	-41.93	0.95648	-0.131028	0.357704	0.0465	0.789	0.12	0	259	227	3
2026-02-12	15:04:22.570	-86.17	-41.65	-32.62	0.998936	-0.138348	0.360388	0.045	0.786	0.138	0	259	227	3
2026-02-12	15:04:22.590	-68.32	-45.99	-26.18	1.200968	-0.138836	0.382104	0.033	0.7785	0.144	0	259	227	3
2026-02-12	15:04:22.610	-42	-46.795	-24.185	1.398852	-0.115656	0.512644	0.042	0.774	0.156	0	255	245	3
2026-02-12	15:04:22.630	-33.215	-27.02	-11.865	1.133624	-0.043676	0.509716	0.0375	0.7725	0.168	0	255	245	3
2026-02-12	15:04:22.650	-48.72	-13.615	-0.63	0.923296	-0.030256	0.410896	0.0375	0.762	0.1725	0	255	245	3
2026-02-12	15:04:22.670	-66.85	-3.325	9.94	0.807396	-0.019764	0.330864	0.039	0.7665	0.174	0	255	245	3
2026-02-12	15:04:22.690	-79.8	2.485	17.675	0.810812	-0.011956	0.282552	0.042	0.768	0.174	0	255	245	3
2026-02-12	15:04:22.710	-84.91	7.21	23.24	0.846436	-0.011468	0.266448	0.0375	0.768	0.1695	0	255	245	3
2026-02-12	15:04:22.730	-89.915	10.185	27.79	0.890112	-0.00976	0.252296	0.0405	0.7755	0.18	0	255	245	3
2026-02-12	15:04:22.750	-95.41	12.67	30.975	0.962336	-0.037332	0.227408	0.042	0.7725	0.1785	0	255	245	3
2026-02-12	15:04:22.770	-96.145	14.035	29.89	1.08336	-0.063684	0.227652	0.0345	0.783	0.1785	0	255	245	3
2026-02-12	15:04:22.790	-94.465	16.205	25.76	1.21512	-0.081496	0.24278	0.042	0.78	0.1845	0	255	245	3
2026-02-12	15:04:22.810	-100.905	21.56	21.595	1.272216	-0.076372	0.241072	0.045	0.783	0.183	0	250	268	3
2026-02-12	15:04:22.830	-120.89	27.86	16.905	1.206336	-0.089548	0.219844	0.0435	0.786	0.177	0	250	268	3
2026-02-12	15:04:22.850	-140.42	29.785	11.48	1.122644	-0.099552	0.210084	0.0465	0.7935	0.1875	0	250	268	3
2026-02-12	15:04:22.870	-154.21	29.26	7.805	1.051396	-0.119072	0.206668	0.045	0.7845	0.189	0	250	268	3
2026-02-12	15:04:22.890	-163.45	27.37	5.88	1.010648	-0.127856	0.216428	0.039	0.792	0.18	0	250	268	3
2026-02-12	15:04:22.910	-169.505	24.71	5.565	0.952332	-0.121756	0.217404	0.0405	0.789	0.1845	0	250	268	3
2026-02-12	15:04:22.930	-172.48	21.315	6.02	0.89914	-0.126636	0.208376	0.048	0.7815	0.1875	0	250	268	3
2026-02-12	15:04:22.950	-169.085	17.01	5.775	0.875716	-0.137372	0.190076	0.0375	0.7845	0.189	0	250	268	3
2026-02-12	15:04:22.970	-158.095	11.865	4.41	0.875472	-0.151524	0.174948	0.0435	0.7815	0.1905	0	250	268	3
2026-02-12	15:04:22.990	-138.81	6.86	1.05	0.911828	-0.162992	0.171288	0.039	0.7815	0.192	0	250	268	3
2026-02-12	15:04:23.010	-116.06	3.325	-4.55	0.939156	-0.15616	0.16714	0.0375	0.777	0.198	0	242	276	3
2026-02-12	15:04:23.030	-96.075	1.295	-11.83	0.94062	-0.150304	0.161528	0.042	0.7665	0.1995	0	242	276	3
2026-02-12	15:04:23.050	-77.945	-1.75	-22.82	0.943548	-0.146156	0.161284	0.0405	0.7695	0.1995	0	242	276	3
2026-02-12	15:04:23.070	-65.485	-4.865	-34.895	0.974048	-0.14274	0.171044	0.045	0.765	0.2025	0	242	276	3
2026-02-12	15:04:23.090	-58.24	-7.07	-45.185	1.013332	-0.127368	0.188612	0.0405	0.7545	0.204	0	242	276	3
2026-02-12	15:04:23.110	-57.19	-6.685	-53.725	0.975756	-0.11468	0.199104	0.0465	0.747	0.2145	0	242	276	3
2026-02-12	15:04:23.130	-57.89	-7.455	-60.655	0.976	-0.108336	0.207888	0.0345	0.732	0.2115	0	242	276	3
2026-02-12	15:04:23.150	-61.18	-8.05	-66.395	0.98088	-0.091744	0.213744	0.0315	0.732	0.2115	0	242	276	3
2026-02-12	15:04:23.170	-67.445	-8.54	-71.33	1.01016	-0.089792	0.223016	0.042	0.714	0.219	0	242	276	3
2026-02-12	15:04:23.190	-73.99	-9.59	-76.58	1.070672	-0.089304	0.239608	0.036	0.702	0.2205	0	242	276	3
2026-02-12	15:04:23.210	-80.955	-9.45	-82.355	1.123376	-0.08906	0.249612	0.0405	0.6885	0.2145	0	232	266	3
2026-02-12	15:04:23.230	-88.725	-8.19	-88.34	1.177544	-0.092964	0.24278	0.0315	0.6795	0.2115	0	232	266	3
2026-02-12	15:04:23.250	-98.035	-5.39	-94.01	1.205848	-0.09394	0.212768	0.033	0.654	0.2115	0	232	266	3
2026-02-12	15:04:23.270	-117.845	-0.14	-99.995	1.207556	-0.101504	0.171532	0.0435	0.6375	0.2175	0	232	266	3
2026-02-12	15:04:23.290	-134.855	3.15	-100.45	1.18096	-0.108824	0.171776	0.045	0.6165	0.2115	0	232	266	3
2026-02-12	15:04:23.310	-151.795	7.21	-98.105	1.149728	-0.110288	0.194712	0.051	0.591	0.2025	0	232	266	3
2026-02-12	15:04:23.330	-165.69	11.2	-93.17	1.114592	-0.11468	0.1891	0.048	0.5745	0.2025	0	232	266	3
2026-02-12	15:04:23.350	-174.965	15.75	-85.855	1.057984	-0.125416	0.193736	0.06	0.5595	0.1875	0	232	266	3
2026-02-12	15:04:23.370	-176.96	20.3	-76.51	0.976976	-0.143228	0.19032	0.057	0.549	0.1725	0	232	266	3
2026-02-12	15:04:23.390	-172.515	24.045	-65.8	0.903288	-0.151036	0.190564	0.0645	0.531	0.1635	0	232	266	3
2026-02-12	15:04:23.410	-162.19	26.53	-54.32	0.86254	-0.150304	0.188856	0.063	0.516	0.15	0	220	250	3
2026-02-12	15:04:23.430	-148.26	27.615	-43.155	0.869616	-0.136152	0.205448	0.0615	0.4995	0.141	0	220	250	3
2026-02-12	15:04:23.450	-133	27.86	-33.39	0.901092	-0.133224	0.212768	0.066	0.4965	0.1215	0	220	250	3
2026-02-12	15:04:23.470	-111.265	28.14	-22.155	0.92842	-0.125416	0.244732	0.069	0.498	0.114	0	220	250	3
2026-02-12	15:04:23.490	-88.025	28.595	-12.25	0.95038	-0.093696	0.265472	0.069	0.498	0.114	0	220	250	3
2026-02-12	15:04:23.510	-74.83	28.385	-5.39	0.956724	-0.063196	0.279868	0.0765	0.4995	0.0885	0	220	250	3
2026-02-12	15:04:23.530	-63.595	28.49	-0.84	0.94184	-0.042944	0.309148	0.084	0.4935	0.081	0	220	250	3
2026-02-12	15:04:23.550	-52.78	27.93	2.1	0.929152	-0.019032	0.33794	0.081	0.4965	0.069	0	220	250	3
2026-02-12	15:04:23.570	-44.485	26.145	4.165	0.916708	0.005612	0.365268	0.0765	0.504	0.06	0	220	250	3
2026-02-12	15:04:23.590	-38.99	24.78	5.67	0.875228	0.033672	0.399428	0.09	0.5055	0.054	0	220	250	3
2026-02-12	15:04:23.610	-35.77	23.275	6.335	0.840824	0.069052	0.419924	0.0795	0.5025	0.0435	0	208	243	3
2026-02-12	15:04:23.630	-36.855	21.735	6.23	0.81252	0.100528	0.432612	0.0915	0.507	0.042	0	208	243	3
2026-02-12	15:04:23.650	-42.91	19.775	5.495	0.782996	0.11346	0.421388	0.093	0.5025	0.0315	0	208	243	3
2026-02-12	15:04:23.670	-51.625	16.205	4.235	0.774944	0.123708	0.401868	0.087	0.516	0.036	0	208	243	3
2026-02-12	15:04:23.690	-59.815	10.185	0	0.783728	0.124684	0.393084	0.0915	0.516	0.027	0	208	243	3
2026-02-12	15:04:23.710	-63.21	3.185	-6.44	0.79666	0.10492	0.392108	0.0915	0.516	0.027	0	208	243	3
2026-02-12	15:04:23.730	-60.06	-2.625	-12.215	0.807152	0.088084	0.415532	0.0885	0.5175	0.015	0	208	243	3
2026-02-12	15:04:23.750	-52.185	-7.735	-18.445	0.8174	0.087108	0.444568	0.084	0.522	0.015	0	208	243	3
2026-02-12	15:04:23.770	-43.4	-13.405	-25.165	0.849364	0.083936	0.4636	0.09	0.525	0.0165	0	208	243	3
2026-02-12	15:04:23.790	-36.715	-18.235	-31.255	0.872788	0.088328	0.48556	0.0855	0.5205	0.009	0	208	243	3
2026-02-12	15:04:23.810	-29.96	-21.63	-36.54	0.871812	0.096868	0.496784	0.087	0.5205	0.018	0	198	261	2
2026-02-12	15:04:23.830	-24.92	-23.975	-39.795	0.844972	0.106384	0.485072	0.093	0.504	0.009	0	198	261	2
2026-02-12	15:04:23.850	-24.885	-25.655	-41.72	0.803492	0.105896	0.46726	0.096	0.501	0.018	0	198	261	2
2026-02-12	15:04:23.870	-28.77	-27.685	-42.49	0.778116	0.090524	0.434564	0.096	0.5055	0.0135	0	198	261	2
2026-02-12	15:04:23.890	-32.935	-29.96	-42.77	0.776164	0.06222	0.395524	0.1005	0.504	0.018	0	198	261	2
2026-02-12	15:04:23.910	-35.175	-34.16	-42.77	0.810812	0.038552	0.362828	0.108	0.492	0.0165	0	198	261	2
2026-02-12	15:04:23.930	-35.595	-36.75	-43.12	0.869616	0.02928	0.355508	0.108	0.492	0.0165	0	198	261	2
2026-02-12	15:04:23.950	-36.61	-39.515	-44.765	0.981612	0.021716	0.367708	0.1005	0.492	0.024	0	198	261	2
2026-02-12	15:04:23.970	-40.81	-39.375	-46.55	1.043344	0.000976	0.39528	0.108	0.4755	0.0315	0	198	261	2
2026-02-12	15:04:23.990	-46.655	-36.33	-45.815	1.044076	-0.034404	0.401624	0.1095	0.477	0.0225	0	198	261	2
2026-02-12	15:04:24.010	-52.185	-30.52	-40.705	0.983076	-0.07198	0.377224	0.1155	0.4725	0.033	0	190	296	2
2026-02-12	15:04:24.030	-55.44	-26.775	-34.02	0.925004	-0.099552	0.334036	0.1155	0.4725	0.033	0	190	296	2
2026-02-12	15:04:24.050	-56.105	-24.115	-22.82	0.904264	-0.131028	0.29036	0.12	0.459	0.0315	0	190	296	2
2026-02-12	15:04:24.070	-45.395	-23.45	-13.055	0.969656	-0.143228	0.29036	0.117	0.4605	0.033	0	190	296	2
2026-02-12	15:04:24.090	-26.39	-21.42	-4.34	1.0492	-0.125416	0.325496	0.117	0.4515	0.027	0	190	296	2
2026-02-12	15:04:24.110	-8.155	-14.735	7.7	1.077992	-0.09857599	0.345748	0.1095	0.459	0.0285	0	190	296	2
2026-02-12	15:04:24.130	-2.66	-5.985	20.02	1.098	-0.102724	0.330376	0.1095	0.459	0.0285	0	190	296	2
2026-02-12	15:04:24.150	-3.64	0.805	28.175	1.150704	-0.097356	0.306952	0.1095	0.459	0.0285	0	190	296	2
2026-02-12	15:04:24.170	-7.98	7.84	35.525	1.187548	-0.085888	0.287432	0.111	0.465	0.0315	0	190	296	2
2026-02-12	15:04:24.190	-14.035	14.035	42.91	1.222684	-0.0671	0.2684	0.1035	0.462	0.036	0	190	296	2
2026-02-12	15:04:24.210	-21.595	19.495	49.525	1.227808	-0.038796	0.271328	0.099	0.483	0.0285	0	185	321	3
2026-02-12	15:04:24.230	-34.335	25.585	56.245	1.180472	-0.024888	0.267424	0.099	0.4785	0.024	0	185	321	3
2026-02-12	15:04:24.250	-48.51	30.1	62.895	1.101904	-0.025376	0.248392	0.0855	0.492	0.0225	0	185	321	3
2026-02-12	15:04:24.270	-60.83	31.885	69.09	1.035292	-0.030744	0.238388	0.093	0.495	0.0105	0	185	321	3
2026-02-12	15:04:24.290	-69.055	31.185	74.165	0.987712	-0.033428	0.247904	0.087	0.5085	0.0015	0	185	321	3
2026-02-12	15:04:24.310	-73.115	29.12	77.105	0.962092	-0.039284	0.260592	0.081	0.5205	0	0	185	321	3
2026-02-12	15:04:24.330	-72.24	26.46	77.385	0.943792	-0.05856	0.269376	0.0825	0.5355	-0.012	0	185	321	3
2026-02-12	15:04:24.350	-64.47	23.59	73.5	0.941596	-0.06588	0.27084	0.0765	0.5505	-0.021	0	185	321	3
2026-02-12	15:04:24.370	-57.68	21.245	67.305	0.926468	-0.071004	0.25742	0.072	0.5655	-0.03	0	185	321	3
2026-02-12	15:04:24.390	-51.135	17.745	59.115	0.91378	-0.080276	0.244	0.0735	0.5775	-0.0345	0	185	321	3
2026-02-12	15:04:24.410	-43.925	13.65	49.035	0.9028	-0.093452	0.230336	0.0705	0.582	-0.0405	0	180	325	3
2026-02-12	15:04:24.430	-36.085	9.03	37.66	0.889624	-0.099308	0.221308	0.066	0.6	-0.0345	0	180	325	3
2026-02-12	15:04:24.450	-27.895	3.92	25.34	0.885964	-0.102968	0.217892	0.066	0.609	-0.0495	0	180	325	3
2026-02-12	15:04:24.470	-19.39	-1.295	12.775	0.877668	-0.10858	0.218136	0.072	0.618	-0.048	0	180	325	3
2026-02-12	15:04:24.490	-8.96	-6.58	0.595	0.895724	-0.11712	0.229116	0.072	0.609	-0.039	0	180	325	3
2026-02-12	15:04:24.510	2.52	-10.815	-10.78	0.91256	-0.116632	0.243512	0.066	0.612	-0.039	0	180	325	3
2026-02-12	15:04:24.530	9.66	-13.755	-20.755	0.92232	-0.096868	0.248148	0.069	0.6165	-0.0375	0	180	325	3
2026-02-12	15:04:24.550	10.045	-17.08	-32.9	0.915	-0.098088	0.238876	0.066	0.6105	-0.048	0	180	325	3
2026-02-12	15:04:24.570	9.135	-19.285	-39.375	0.91378	-0.094916	0.235216	0.063	0.606	-0.036	0	180	325	3
2026-02-12	15:04:24.590	8.435	-21.175	-45.22	0.920856	-0.099308	0.252296	0.0615	0.6015	-0.0255	0	180	325	3
2026-02-12	15:04:24.610	7.945	-21.245	-50.085	0.918904	-0.103944	0.261324	0.069	0.5985	-0.027	0	176	313	3
2026-02-12	15:04:24.630	6.265	-20.93	-53.97	0.9333	-0.110776	0.2684	0.072	0.5895	-0.0255	0	176	313	3
2026-02-12	15:04:24.650	4.62	-18.375	-56.875	0.909632	-0.124928	0.276452	0.069	0.576	-0.0255	0	176	313	3
2026-02-12	15:04:24.670	4.97	-15.225	-58.73	0.898408	-0.127124	0.284992	0.063	0.5685	-0.024	0	176	313	3
2026-02-12	15:04:24.690	3.99	-10.29	-58.905	0.863516	-0.12688	0.28304	0.066	0.5565	-0.0195	0	176	313	3
2026-02-12	15:04:24.710	-0.805	-3.885	-56.49	0.806908	-0.119316	0.26596	0.0705	0.549	-0.0165	0	176	313	3
2026-02-12	15:04:24.730	-8.925	2.45	-51.695	0.736636	-0.108824	0.243756	0.069	0.54	-0.0165	0	176	313	3
2026-02-12	15:04:24.750	-23.275	8.75	-43.26	0.677832	-0.094428	0.2135	0.078	0.54	-0.015	0	176	313	3
2026-02-12	15:04:24.770	-39.41	12.81	-34.23	0.657336	-0.09638	0.183732	0.078	0.54	-0.015	0	176	313	3
2026-02-12	15:04:24.790	-47.705	13.755	-28.35	0.691252	-0.098088	0.190076	0.078	0.528	-0.0195	0	176	313	3
2026-02-12	15:04:24.810	-60.515	13.3	-23.765	0.757132	-0.100772	0.208376	0.0795	0.516	-0.024	0	170	296	3
2026-02-12	15:04:24.830	-76.72	12.04	-21.175	0.867176	-0.124684	0.221552	0.0855	0.5205	-0.0345	0	170	296	3
2026-02-12	15:04:24.850	-89.355	11.41	-21.07	0.96258	-0.149328	0.23302	0.096	0.5235	-0.039	0	170	296	3
2026-02-12	15:04:24.870	-95.9	12.88	-22.05	1.01016	-0.181048	0.246684	0.084	0.522	-0.039	0	170	296	3
2026-02-12	15:04:24.890	-100.485	15.96	-24.185	0.998936	-0.198616	0.22692	0.0975	0.525	-0.0585	0	170	296	3
2026-02-12	15:04:24.910	-99.96	16.52	-27.755	1.019432	-0.22204	0.199836	0.1095	0.525	-0.0615	0	170	296	3
2026-02-12	15:04:24.930	-91.875	15.96	-33.705	1.09312	-0.251076	0.179096	0.1005	0.537	-0.0675	0	170	296	3
2026-02-12	15:04:24.950	-77.21	14.91	-39.305	1.13826	-0.258396	0.159576	0.102	0.5355	-0.0765	0	170	296	3
2026-02-12	15:04:24.970	-59.22	9.17	-47.6	1.250012	-0.244488	0.168604	0.1095	0.5235	-0.072	0	170	296	3
2026-02-12	15:04:24.990	-40.46	2.625	-56.945	1.395192	-0.246928	0.239852	0.108	0.5205	-0.0765	0	170	296	3
2026-02-12	15:04:25.010	-16.24	1.365	-63.42	1.472052	-0.21472	0.3538	0.111	0.516	-0.0825	0	165	280	3
2026-02-12	15:04:25.030	2.52	3.955	-65.45	1.405928	-0.13298	0.37088	0.1155	0.513	-0.0825	0	165	280	3
2026-02-12	15:04:25.050	-7.665	0.595	-57.89	1.292712	-0.091744	0.302072	0.114	0.513	-0.084	0	165	280	3
2026-02-12	15:04:25.070	-8.645	-10.115	-46.76	1.32858	-0.182756	0.35746	0.126	0.4995	-0.084	0	165	280	3
2026-02-12	15:04:25.090	37.065	-16.52	-33.425	1.327848	-0.244244	0.532408	0.1275	0.495	-0.087	0	165	280	3
2026-02-12	15:04:25.110	110.145	-13.965	-12.46	1.274168	-0.12688	0.720288	0.1275	0.4905	-0.075	0	165	280	3
2026-02-12	15:04:25.130	176.085	0.945	11.165	1.17486	0.118096	0.740296	0.126	0.4725	-0.075	0	165	280	3
2026-02-12	15:04:25.150	189.91	20.02	31.57	1.042368	0.344284	0.651968	0.12	0.465	-0.066	0	165	280	3
2026-02-12	15:04:25.170	148.33	37.065	46.55	0.913536	0.388692	0.492392	0.12	0.4575	-0.0465	0	165	280	3
2026-02-12	15:04:25.190	31.955	42.7	48.58	0.901824	0.35746	0.291092	0.114	0.45	-0.0375	0	165	280	3
2026-02-12	15:04:25.210	-37.1	39.585	42.63	0.882792	0.273524	0.195932	0.1155	0.4545	-0.042	0	167	284	3
2026-02-12	15:04:25.230	-77.7	34.02	32.935	0.894748	0.167628	0.16104	0.114	0.4605	-0.054	0	167	284	3
2026-02-12	15:04:25.250	-89.215	30.8	23.73	0.875716	0.095648	0.181536	0.111	0.4605	-0.0615	0	167	284	3
2026-02-12	15:04:25.270	-90.755	28.945	13.615	0.854976	0.064904	0.224724	0.114	0.4695	-0.0675	0	167	284	3
2026-02-12	15:04:25.290	-90.895	26.04	4.095	0.853756	-0.002684	0.24644	0.1125	0.4845	-0.0825	0	167	284	3
2026-02-12	15:04:25.310	-83.37	23.905	-3.57	0.83814	-0.102724	0.304268	0.117	0.489	-0.0945	0	167	284	3
2026-02-12	15:04:25.330	-61.46	22.225	-9.065	0.8296	-0.127368	0.38918	0.1215	0.4965	-0.096	0	167	284	3
2026-02-12	15:04:25.350	-27.125	20.51	-11.13	0.805932	-0.14274	0.425048	0.117	0.498	-0.1095	0	167	284	3
2026-02-12	15:04:25.370	6.23	16.03	-11.97	0.772504	-0.061	0.439688	0.12	0.4965	-0.114	0	167	284	3
2026-02-12	15:04:25.390	34.3	8.68	-12.985	0.748104	-0.002684	0.434808	0.1155	0.5085	-0.12	0	167	284	3
2026-02-12	15:04:25.410	50.33	-1.295	-12.215	0.733464	0.048068	0.419192	0.1155	0.5085	-0.12	0	176	301	3
2026-02-12	15:04:25.430	57.89	-9.415	-11.445	0.741028	0.078324	0.40504	0.117	0.489	-0.1125	0	176	301	3
2026-02-12	15:04:25.450	59.395	-16.8	-10.5	0.770064	0.075884	0.389668	0.1185	0.4695	-0.1035	0	176	301	3
2026-02-12	15:04:25.470	59.08	-21.945	-10.325	0.805688	0.060268	0.37332	0.1185	0.4695	-0.102	0	176	301	3
2026-02-12	15:04:25.490	59.22	-26.25	-11.34	0.83326	0.046848	0.3599	0.12	0.4755	-0.096	0	176	301	3
2026-02-12	15:04:25.510	59.745	-28.77	-12.39	0.860832	0.022448	0.3599	0.1275	0.4575	-0.0945	0	176	301	3
2026-02-12	15:04:25.530	63.21	-28.84	-13.58	0.882548	0.009272	0.385764	0.114	0.459	-0.09	0	176	301	3
2026-02-12	15:04:25.550	66.955	-25.795	-11.97	0.8357	0.019764	0.385764	0.12	0.4545	-0.078	0	176	301	3
2026-02-12	15:04:25.570	68.215	-23.17	-9.205	0.806664	0.048312	0.364048	0.12	0.441	-0.066	0	176	301	3
2026-02-12	15:04:25.590	67.97	-21.14	-7.175	0.787876	0.070028	0.345016	0.1155	0.4335	-0.063	0	176	301	3
2026-02-12	15:04:25.610	65.87	-17.535	-2.73	0.739564	0.071492	0.330132	0.123	0.423	-0.06	0	185	321	3
2026-02-12	15:04:25.630	60.2	-13.09	3.465	0.689544	0.083448	0.3294	0.114	0.42	-0.051	0	185	321	3
2026-02-12	15:04:25.650	52.01	-10.15	6.195	0.706624	0.103944	0.324276	0.102	0.4155	-0.039	0	185	321	3
2026-02-12	15:04:25.670	36.295	-8.015	7.07	0.740784	0.092232	0.30744	0.1065	0.411	-0.027	0	185	321	3
2026-02-12	15:04:25.690	17.675	-6.16	7.77	0.745176	0.0549	0.29036	0.1125	0.408	-0.0195	0	185	321	3
2026-02-12	15:04:25.710	1.295	-6.475	8.68	0.75274	0.027084	0.286456	0.1095	0.4065	-0.0225	0	185	321	3
2026-02-12	15:04:25.730	-6.37	-7.14	9.59	0.769576	0.008296	0.315736	0.111	0.42	-0.027	0	185	321	3
2026-02-12	15:04:25.750	-7.525	-6.44	10.955	0.773724	0.013664	0.328912	0.1035	0.399	-0.033	0	185	321	3
2026-02-12	15:04:25.770	-10.99	-6.58	12.915	0.770796	-0.005612	0.311344	0.099	0.396	-0.027	0	185	321	3
2026-02-12	15:04:25.790	-13.23	-8.82	15.4	0.804468	-0.033428	0.310368	0.0975	0.411	-0.033	0	185	321	3
2026-02-12	15:04:25.810	-6.755	-11.55	17.85	0.853756	-0.047336	0.371856	0.096	0.411	-0.0375	0	192	333	3
2026-02-12	15:04:25.830	11.13	-9.94	21.245	0.8967	-0.015616	0.427488	0.0885	0.408	-0.0345	0	192	333	3
2026-02-12	15:04:25.850	18.62	-7.525	23.45	0.925492	0.00366	0.42578	0.087	0.4095	-0.03	0	192	333	3
2026-02-12	15:04:25.870	20.02	-3.57	25.655	0.916952	0.018544	0.418948	0.0885	0.408	-0.033	0	192	333	3
2026-02-12	15:04:25.890	19.285	1.575	29.19	0.854244	0.033184	0.413824	0.093	0.4065	-0.0375	0	192	333	3
2026-02-12	15:04:25.910	15.715	4.76	31.71	0.878156	0.061976	0.37332	0.0945	0.4065	-0.0345	0	192	333	3
2026-02-12	15:04:25.930	5.985	5.145	29.54	1.020164	0.05612	0.349164	0.0795	0.42	-0.033	0	192	333	3
2026-02-12	15:04:25.950	-0.77	6.58	22.89	1.247816	0.038308	0.370148	0.0855	0.4125	-0.0345	0	192	333	3
2026-02-12	15:04:25.970	-11.83	11.69	18.165	1.428864	0.020252	0.347456	0.0795	0.4275	-0.0405	0	192	333	3
2026-02-12	15:04:25.990	-29.855	24.185	19.705	1.406172	-0.017324	0.297924	0.087	0.417	-0.0375	0	192	333	3
2026-02-12	15:04:26.010	-42.245	34.475	23.8	1.365668	-0.048312	0.20984	0.0795	0.4215	-0.048	0	195	340	3
2026-02-12	15:04:26.030	-65.59	36.89	32.865	1.425936	-0.040748	0.117608	0.0735	0.4155	-0.066	0	195	340	3
2026-02-12	15:04:26.050	-87.255	33.775	42.7	1.473272	-0.048556	0.133468	0.0735	0.4155	-0.066	0	195	340	3
2026-02-12	15:04:26.070	-90.16	29.54	49.42	1.45058	-0.03904	0.197152	0.081	0.4335	-0.0855	0	195	340	3
2026-02-12	15:04:26.090	-88.375	25.69	53.305	1.375672	-0.029036	0.25742	0.0825	0.4635	-0.108	0	195	340	3
2026-02-12	15:04:26.110	-85.435	22.295	53.48	1.308328	-0.031964	0.2867	0.078	0.48	-0.117	0	195	340	3
2026-02-12	15:04:26.130	-92.015	18.305	52.64	1.226832	-0.072468	0.26108	0.078	0.4875	-0.1215	0	195	340	3
2026-02-12	15:04:26.150	-103.18	13.195	52.815	1.067744	-0.127368	0.219112	0.075	0.5115	-0.135	0	195	340	3
2026-02-12	15:04:26.170	-100.31	5.46	51.31	0.927688	-0.161284	0.208376	0.075	0.522	-0.147	0	195	340	3
2026-02-12	15:04:26.190	-79.905	-3.15	45.675	0.848388	-0.161772	0.213988	0.075	0.549	-0.1515	0	195	340	3
2026-02-12	15:04:26.210	-53.34	-9.275	37.73	0.7747	-0.150548	0.220576	0.0705	0.5565	-0.15	0	198	333	3
2026-02-12	15:04:26.230	-27.125	-13.72	29.61	0.726632	-0.150304	0.218624	0.0705	0.5745	-0.156	0	198	333	3
2026-02-12	15:04:26.250	4.69	-18.76	18.34	0.733952	-0.169092	0.204716	0.0585	0.573	-0.162	0	198	333	3
2026-02-12	15:04:26.270	32.025	-22.68	6.265	0.774212	-0.17324	0.18666	0.06	0.576	-0.1575	0	198	333	3
2026-02-12	15:04:26.290	47.25	-25.2	-3.395	0.835212	-0.180072	0.168604	0.0615	0.576	-0.1485	0	198	333	3
2026-02-12	15:04:26.310	59.92	-26.845	-13.195	0.933544	-0.174704	0.16592	0.057	0.5715	-0.1425	0	198	333	3
2026-02-12	15:04:26.330	66.5	-24.5	-21.84	0.964776	-0.14884	0.1769	0.054	0.5625	-0.138	0	198	333	3
2026-02-12	15:04:26.350	66.15	-20.685	-28.98	0.98698	-0.108336	0.184708	0.0555	0.5565	-0.135	0	198	333	3
2026-02-12	15:04:26.370	57.4	-16.03	-35.14	0.986004	-0.086132	0.201056	0.048	0.549	-0.135	0	198	333	3
2026-02-12	15:04:26.390	41.965	-10.885	-39.06	0.956968	-0.0793	0.214476	0.0585	0.543	-0.126	0	198	333	3
2026-02-12	15:04:26.410	22.4	-7.315	-41.37	0.94672	-0.076616	0.215696	0.0555	0.531	-0.123	0	203	311	3
2026-02-12	15:04:26.430	1.435	-3.535	-42	0.926224	-0.089304	0.221308	0.048	0.522	-0.126	0	203	311	3
2026-02-12	15:04:26.450	-15.19	-0.21	-41.72	0.908656	-0.118096	0.221796	0.057	0.507	-0.1215	0	203	311	3
2026-02-12	15:04:26.470	-28	5.565	-38.22	0.833748	-0.147376	0.227164	0.0645	0.507	-0.1305	0	203	311	3
2026-02-12	15:04:26.490	-32.69	9.94	-33.6	0.781044	-0.151768	0.232288	0.066	0.507	-0.129	0	203	311	3
2026-02-12	15:04:26.510	-35.875	15.435	-28.21	0.711016	-0.11346	0.25376	0.0705	0.501	-0.1305	0	203	311	3
2026-02-12	15:04:26.530	-43.505	21.525	-21.84	0.638304	-0.08418	0.2257	0.075	0.4965	-0.1365	0	203	311	3
2026-02-12	15:04:26.550	-58.555	24.78	-14.84	0.596092	-0.07808	0.153476	0.0795	0.4965	-0.141	0	203	311	3
2026-02-12	15:04:26.570	-70.385	22.26	-9.73	0.623908	-0.120536	0.09516	0.084	0.498	-0.1425	0	203	311	3
2026-02-12	15:04:26.590	-72.59	13.86	-8.96	0.703208	-0.14884	0.112972	0.0795	0.495	-0.1575	0	203	311	3
2026-02-12	15:04:26.610	-60.34	3.78	-13.09	0.8052	-0.182268	0.196176	0.087	0.5085	-0.1545	0	206	285	3
2026-02-12	15:04:26.630	-27.475	-4.83	-23.03	0.987712	-0.226676	0.299144	0.087	0.513	-0.177	0	206	285	3
2026-02-12	15:04:26.650	16.835	-7.77	-36.4	1.14436	-0.241072	0.371124	0.087	0.504	-0.171	0	206	285	3
2026-02-12	15:04:26.670	54.215	-5.635	-50.365	1.157292	-0.222284	0.355508	0.0915	0.507	-0.1665	0	206	285	3
2026-02-12	15:04:26.690	79.975	-8.435	-61.775	1.186572	-0.211792	0.252296	0.0915	0.507	-0.1665	0	206	285	3
2026-02-12	15:04:26.710	102.69	-18.13	-72.8	1.386408	-0.16226	0.277428	0.102	0.4815	-0.1635	0	206	285	3
2026-02-12	15:04:26.730	124.005	-21.28	-79.73	1.431548	-0.097356	0.363804	0.114	0.447	-0.1515	0	206	285	3
2026-02-12	15:04:26.750	135.275	-21.56	-77	1.37006	0.007076	0.4209	0.117	0.4245	-0.135	0	206	285	3
2026-02-12	15:04:26.770	127.995	-23.205	-69.055	1.307352	0.080032	0.421388	0.1215	0.399	-0.1215	0	206	285	3
2026-02-12	15:04:26.790	109.165	-24.99	-56.455	1.237812	0.118584	0.455548	0.1245	0.387	-0.1185	0	206	285	3
2026-02-12	15:04:26.810	95.515	-25.585	-41.93	1.18218	0.111996	0.507764	0.1365	0.378	-0.114	0	209	274	3
2026-02-12	15:04:26.830	96.495	-26.46	-28.91	1.20902	0.116632	0.586332	0.132	0.3645	-0.093	0	209	274	3
2026-02-12	15:04:26.850	106.715	-20.44	-19.985	1.225368	0.182268	0.632448	0.1335	0.3525	-0.0825	0	209	274	3
2026-02-12	15:04:26.870	97.615	-11.13	-13.055	1.186816	0.198372	0.540216	0.1365	0.345	-0.063	0	209	274	3
2026-02-12	15:04:26.890	67.795	-1.75	-8.855	1.174128	0.125172	0.392108	0.1365	0.327	-0.057	0	209	274	3
2026-02-12	15:04:26.910	45.57	5.775	-9.695	1.14924	0.064172	0.310124	0.1365	0.324	-0.048	0	209	274	3
2026-02-12	15:04:26.930	41.86	12.005	-10.885	1.136552	0.079788	0.337696	0.135	0.3195	-0.0405	0	209	274	3
2026-02-12	15:04:26.950	38.185	21.945	-11.27	1.081652	0.12566	0.39528	0.1335	0.318	-0.039	0	209	274	3
2026-02-12	15:04:26.970	28	34.055	-8.47	0.996984	0.143472	0.422364	0.141	0.3195	-0.036	0	209	274	3
2026-02-12	15:04:26.990	17.395	44.52	-1.68	0.934764	0.136152	0.415776	0.1425	0.3195	-0.0345	0	209	274	3
2026-02-12	15:04:27.010	8.61	54.46	8.155	0.89426	0.149084	0.409432	0.1395	0.3195	-0.0345	0	214	292	3
2026-02-12	15:04:27.030	0.07	64.365	21.105	0.833748	0.166164	0.388692	0.1485	0.321	-0.048	0	214	292	3
2026-02-12	15:04:27.050	-10.185	71.435	35.175	0.80032	0.162504	0.346968	0.147	0.3255	-0.063	0	214	292	3
2026-02-12	15:04:27.070	-19.32	75.145	47.425	0.820328	0.16226	0.307928	0.1425	0.321	-0.075	0	214	292	3
2026-02-12	15:04:27.090	-28.42	77	57.61	0.855708	0.144448	0.2928	0.1365	0.336	-0.084	0	214	292	3
2026-02-12	15:04:27.110	-31.92	78.75	66.605	0.846436	0.142008	0.261812	0.1365	0.336	-0.084	0	214	292	3
2026-02-12	15:04:27.130	-19.67	74.585	65.135	0.862296	0.13908	0.245952	0.1305	0.354	-0.1035	0	214	292	3
2026-02-12	15:04:27.150	-26.11	66.36	65.8	0.931348	0.128344	0.274744	0.126	0.3735	-0.129	0	214	292	3
2026-02-12	15:04:27.170	-39.9	57.855	66.675	0.953796	0.046604	0.292556	0.1305	0.384	-0.138	0	214	292	3
2026-02-12	15:04:27.190	-30.17	49.91	66.5	0.904996	0.011468	0.381128	0.1275	0.4005	-0.1485	0	214	292	3
2026-02-12	15:04:27.210	-6.23	43.33	64.365	0.86864	0.047824	0.43798	0.12	0.4125	-0.162	0	219	316	3
2026-02-12	15:04:27.230	9.135	38.045	62.58	0.849364	0.073932	0.447984	0.1185	0.4185	-0.1665	0	219	316	3
2026-02-12	15:04:27.250	11.025	34.3	60.76	0.819596	0.073932	0.413824	0.126	0.429	-0.1695	0	219	316	3
2026-02-12	15:04:27.270	10.08	30.8	56.84	0.769576	0.074176	0.387228	0.12	0.4365	-0.1725	0	219	316	3
2026-02-12	15:04:27.290	11.725	27.44	50.75	0.739076	0.09028	0.365268	0.114	0.447	-0.174	0	219	316	3
2026-02-12	15:04:27.310	5.635	23.135	42.7	0.720044	0.115412	0.333548	0.1185	0.453	-0.183	0	219	316	3
2026-02-12	15:04:27.330	-9.275	18.83	35.28	0.72102	0.09882	0.283528	0.1185	0.453	-0.183	0	219	316	3
2026-02-12	15:04:27.350	-19.04	15.54	30.205	0.743468	0.068076	0.264252	0.114	0.465	-0.186	0	219	316	3
2026-02-12	15:04:27.370	-22.47	14.035	27.09	0.723948	0.054412	0.266692	0.108	0.48	-0.1935	0	219	316	3
2026-02-12	15:04:27.390	-22.19	12.88	26.285	0.697352	0.06222	0.271328	0.105	0.483	-0.195	0	219	316	3
2026-02-12	15:04:27.410	-20.615	10.605	26.845	0.667096	0.055632	0.284992	0.1065	0.4905	-0.1965	0	222	332	3
2026-02-12	15:04:27.430	-17.395	8.505	28.56	0.609024	0.05612	0.328424	0.1065	0.4965	-0.198	0	222	332	3
2026-02-12	15:04:27.450	-14.595	6.09	31.745	0.549976	0.06344	0.367952	0.1065	0.498	-0.198	0	222	332	3
2026-02-12	15:04:27.470	-16.31	2.87	34.405	0.53436	0.074176	0.378688	0.108	0.5115	-0.204	0	222	332	3
2026-02-12	15:04:27.490	-22.33	-0.49	34.825	0.532652	0.069296	0.371124	0.111	0.5145	-0.201	0	222	332	3
2026-02-12	15:04:27.510	-27.79	-5.46	32.13	0.562176	0.048556	0.365268	0.1095	0.516	-0.1995	0	222	332	3
2026-02-12	15:04:27.530	-34.16	-12.005	23.24	0.594384	0.036112	0.345504	0.108	0.5265	-0.2085	0	222	332	3
2026-02-12	15:04:27.550	-43.47	-20.93	9.345	0.627324	0.007564	0.32574	0.105	0.531	-0.2025	0	222	332	3
2026-02-12	15:04:27.570	-48.65	-30.065	-5.81	0.662948	-0.044408	0.333792	0.1005	0.5415	-0.195	0	222	332	3
2026-02-12	15:04:27.590	-46.235	-39.9	-22.75	0.713944	-0.117364	0.366	0.102	0.546	-0.195	0	222	332	3
2026-02-12	15:04:27.610	-30.38	-49.665	-40.355	0.804224	-0.21228	0.41602	0.099	0.546	-0.192	0	223	340	3
2026-02-12	15:04:27.630	-3.36	-59.325	-56.175	0.947452	-0.252052	0.472872	0.0975	0.543	-0.183	0	223	340	3
2026-02-12	15:04:27.650	28.035	-69.79	-70.945	1.158268	-0.257908	0.526064	0.1005	0.531	-0.174	0	223	340	3
2026-02-12	15:04:27.670	58.275	-76.055	-82.74	1.341512	-0.227652	0.5856	0.1005	0.525	-0.1695	0	223	340	3
2026-02-12	15:04:27.690	81.34	-77.35	-88.9	1.490596	-0.19032	0.61244	0.093	0.5085	-0.156	0	223	340	3
2026-02-12	15:04:27.710	88.445	-70.385	-87.08	1.459608	-0.132736	0.5795	0.0915	0.492	-0.1335	0	223	340	3
2026-02-12	15:04:27.730	75.705	-59.36	-77.455	1.27856	-0.110044	0.43066	0.1005	0.468	-0.12	0	223	340	3
2026-02-12	15:04:27.750	43.75	-59.36	-60.655	1.378844	-0.08295999	0.237168	0.099	0.453	-0.1095	0	223	340	3
2026-02-12	15:04:27.770	23.38	-58.1	-52.92	1.447652	-0.058316	0.244488	0.099	0.4365	-0.0945	0	223	340	3
2026-02-12	15:04:27.790	3.36	-53.76	-43.995	1.45058	-0.033672	0.29524	0.1035	0.423	-0.0705	0	223	340	3
2026-02-12	15:04:27.810	-16.275	-46.725	-34.055	1.39446	-0.052216	0.316712	0.108	0.417	-0.06	0	227	352	3
2026-02-12	15:04:27.830	-41.755	-39.655	-23.87	1.325408	-0.073688	0.312564	0.105	0.408	-0.054	0	227	352	3
2026-02-12	15:04:27.850	-70	-32.34	-13.02	1.21634	-0.127124	0.313296	0.1005	0.4095	-0.0525	0	227	352	3
2026-02-12	15:04:27.870	-92.12	-25.445	-1.26	1.070428	-0.164944	0.321104	0.096	0.4155	-0.0615	0	227	352	3
2026-02-12	15:04:27.890	-101.43	-20.09	11.76	0.928176	-0.179828	0.32086	0.093	0.42	-0.0675	0	227	352	3
2026-02-12	15:04:27.910	-95.305	-17.15	23.66	0.833504	-0.166896	0.308416	0.0945	0.423	-0.0615	0	227	352	3
2026-02-12	15:04:27.930	-79.59	-15.26	31.465	0.815204	-0.15128	0.301584	0.09	0.435	-0.078	0	227	352	3
2026-02-12	15:04:27.950	-56.14	-11.305	35.35	0.826672	-0.152256	0.277916	0.09	0.4485	-0.0795	0	227	352	3
2026-02-12	15:04:27.970	-35.455	-7.455	35.735	0.860832	-0.150792	0.248636	0.09	0.4485	-0.0795	0	227	352	3
2026-02-12	15:04:27.990	-22.96	-5.635	32.06	0.91744	-0.155184	0.227652	0.084	0.462	-0.084	0	227	352	3
2026-02-12	15:04:28.010	-13.16	-3.71	25.83	0.988688	-0.153476	0.223992	0.075	0.4785	-0.0855	0	234	356	3
2026-02-12	15:04:28.030	-8.75	-1.155	18.13	1.046272	-0.135664	0.22448	0.072	0.477	-0.084	0	234	356	3
2026-02-12	15:04:28.050	-10.08	3.255	9.66	1.053104	-0.117364	0.260104	0.0705	0.477	-0.087	0	234	356	3
2026-02-12	15:04:28.070	-11.935	9.73	1.89	0.99674	-0.091744	0.289384	0.0735	0.4815	-0.09	0	234	356	3
2026-02-12	15:04:28.090	-17.465	14.245	-4.235	0.970144	-0.065148	0.272548	0.0765	0.4845	-0.093	0	234	356	3
2026-02-12	15:04:28.110	-30.485	17.29	-8.12	0.950868	-0.066368	0.253272	0.072	0.492	-0.093	0	234	356	3
2026-02-12	15:04:28.130	-41.79	18.62	-10.465	0.945744	-0.08784	0.253028	0.075	0.489	-0.0975	0	234	356	3
2026-02-12	15:04:28.150	-45.325	19.425	-11.83	0.923052	-0.115656	0.25986	0.081	0.495	-0.0975	0	234	356	3
2026-02-12	15:04:28.170	-42.805	20.51	-11.375	0.87962	-0.127124	0.2562	0.0795	0.4905	-0.108	0	234	356	3
2026-02-12	15:04:28.190	-35.735	20.86	-10.395	0.8601	-0.138836	0.26474	0.081	0.495	-0.111	0	234	356	3
2026-02-12	15:04:28.210	-27.65	22.68	-8.89	0.801296	-0.137128	0.281088	0.0825	0.501	-0.1185	0	238	346	3
2026-02-12	15:04:28.230	-19.005	24.325	-5.635	0.735904	-0.11224	0.270108	0.087	0.504	-0.1215	0	238	346	3
2026-02-12	15:04:28.250	-10.78	25.48	-2.8	0.67954	-0.076372	0.2684	0.096	0.504	-0.1275	0	238	346	3
2026-02-12	15:04:28.270	-2.8	25.83	-1.995	0.646112	-0.05612	0.282796	0.1005	0.5055	-0.1335	0	238	346	3
2026-02-12	15:04:28.290	3.815	27.09	-1.995	0.624884	-0.04392	0.271084	0.1005	0.5055	-0.132	0	238	346	3
2026-02-12	15:04:28.310	6.51	26.04	-2.765	0.683688	-0.04636	0.234484	0.1005	0.504	-0.132	0	238	346	3
2026-02-12	15:04:28.330	4.375	22.855	-5.32	0.807152	-0.07686	0.213012	0.111	0.5055	-0.132	0	238	346	3
2026-02-12	15:04:28.350	4.165	19.67	-9.03	0.90646	-0.111508	0.227408	0.1125	0.5025	-0.1455	0	238	346	3
2026-02-12	15:04:28.370	12.775	17.85	-15.855	0.958188	-0.125416	0.252296	0.1005	0.4995	-0.144	0	238	346	3
2026-02-12	15:04:28.390	22.225	15.75	-29.82	1.006256	-0.090524	0.274256	0.111	0.501	-0.1455	0	238	346	3
2026-02-12	15:04:28.410	17.64	14.035	-38.5	1.066036	-0.094916	0.27572	0.1125	0.4935	-0.147	0	239	328	3
2026-02-12	15:04:28.430	8.295	11.06	-45.605	1.139724	-0.092232	0.2501	0.12	0.4815	-0.15	0	239	328	3
2026-02-12	15:04:28.450	6.405	2.205	-55.37	1.364204	-0.099308	0.278404	0.129	0.474	-0.15	0	239	328	3
2026-02-12	15:04:28.470	5.635	-2.94	-62.195	1.505724	-0.106628	0.342332	0.129	0.4695	-0.1485	0	239	328	3
2026-02-12	15:04:28.490	9.065	-4.445	-62.825	1.494988	-0.10248	0.4209	0.1335	0.4605	-0.147	0	239	328	3
2026-02-12	15:04:28.510	12.425	-2.59	-56.14	1.321992	-0.080764	0.459696	0.1485	0.4575	-0.1425	0	239	328	3
2026-02-12	15:04:28.530	20.79	-3.325	-42	1.212192	-0.069052	0.452376	0.153	0.4605	-0.141	0	239	328	3
2026-02-12	15:04:28.550	49.28	-8.68	-22.855	1.286124	-0.052216	0.495076	0.1515	0.438	-0.1485	0	239	328	3
2026-02-12	15:04:28.570	101.22	-12.005	-5.355	1.446432	0.006344	0.649772	0.1575	0.4335	-0.1395	0	239	328	3
2026-02-12	15:04:28.590	158.83	4.375	11.725	1.33346	0.244244	0.720288	0.1545	0.4275	-0.1275	0	239	328	3
2026-02-12	15:04:28.610	144.725	21.91	26.775	1.04188	0.36112	0.56608	0.1545	0.4275	-0.1275	0	239	322	3
2026-02-12	15:04:28.630	86.52	26.25	34.685	0.91134	0.291092	0.437248	0.15	0.4155	-0.1125	0	239	322	3
2026-02-12	15:04:28.650	36.155	26.145	31.885	0.826916	0.200324	0.346968	0.1425	0.399	-0.093	0	239	322	3
2026-02-12	15:04:28.670	14.665	22.19	22.47	0.761036	0.154696	0.301096	0.1425	0.3975	-0.096	0	239	322	3
2026-02-12	15:04:28.690	23.975	19.425	8.89	0.724436	0.165676	0.3355	0.141	0.402	-0.102	0	239	322	3
2026-02-12	15:04:28.710	33.005	18.375	-2.03	0.72346	0.203984	0.379176	0.1365	0.402	-0.0975	0	239	322	3
2026-02-12	15:04:28.730	19.355	19.25	-9.205	0.738344	0.146644	0.3477	0.1335	0.396	-0.0915	0	239	322	3
2026-02-12	15:04:28.750	9.17	19.845	-13.335	0.775676	0.02318	0.310612	0.132	0.39	-0.087	0	239	322	3
2026-02-12	15:04:28.770	19.6	19.845	-14.21	0.805932	-0.038308	0.310612	0.135	0.393	-0.1005	0	239	322	3
2026-02-12	15:04:28.790	40.95	20.405	-12.32	0.851804	0.009028	0.347212	0.1485	0.393	-0.0945	0	239	322	3
2026-02-12	15:04:28.810	51.135	23.1	-4.2	0.918172	0.0793	0.377468	0.147	0.3825	-0.099	0	242	336	3
2026-02-12	15:04:28.830	49.84	26.775	7.21	0.930372	0.110776	0.389912	0.1455	0.384	-0.0945	0	242	336	3
2026-02-12	15:04:28.850	50.925	27.195	15.575	0.965752	0.121268	0.404064	0.147	0.3855	-0.093	0	242	336	3
2026-02-12	15:04:28.870	54.39	26.915	22.785	1.002108	0.133468	0.427488	0.1515	0.384	-0.09	0	242	336	3
2026-02-12	15:04:28.890	53.795	27.86	30.625	0.993812	0.161284	0.430416	0.15	0.384	-0.084	0	242	336	3
2026-02-12	15:04:28.910	42.49	29.505	37.765	0.94794	0.199104	0.40382	0.1425	0.384	-0.0855	0	242	336	3
2026-02-12	15:04:28.930	23.695	30.905	41.72	0.8906	0.20252	0.370148	0.135	0.3825	-0.087	0	242	336	3
2026-02-12	15:04:28.950	2.765	30.345	43.645	0.846436	0.203252	0.335256	0.132	0.39	-0.0855	0	242	336	3
2026-02-12	15:04:28.970	-19.845	26.775	43.47	0.817888	0.181292	0.31964	0.132	0.396	-0.087	0	242	336	3
2026-02-12	15:04:28.990	-36.4	23.1	42.35	0.781044	0.140056	0.328668	0.1335	0.4005	-0.0945	0	242	336	3
2026-02-12	15:04:29.010	-42.35	19.075	39.795	0.760548	0.09882	0.329644	0.126	0.4035	-0.102	0	244	351	3
2026-02-12	15:04:29.030	-38.535	13.475	34.475	0.725656	0.05978	0.316224	0.126	0.4035	-0.102	0	244	351	3
2026-02-12	15:04:29.050	-29.785	9.135	31.5	0.700036	0.028548	0.30988	0.1275	0.417	-0.1095	0	244	351	3
2026-02-12	15:04:29.070	-16.73	4.025	29.085	0.674904	0.014152	0.304512	0.126	0.4365	-0.117	0	244	351	3
2026-02-12	15:04:29.090	-3.08	-1.89	27.335	0.659532	0.008052	0.305488	0.117	0.447	-0.1185	0	244	351	3
2026-02-12	15:04:29.110	8.015	-8.19	27.405	0.639524	0.01586	0.311832	0.1095	0.4515	-0.1185	0	244	351	3
2026-02-12	15:04:29.130	16.03	-14.245	29.82	0.626348	0.013176	0.298412	0.1065	0.45	-0.1155	0	244	351	3
2026-02-12	15:04:29.150	22.715	-19.915	33.67	0.601948	0.01098	0.289384	0.1065	0.453	-0.111	0	244	351	3
2026-02-12	15:04:29.170	28.21	-23.485	38.78	0.569496	0.023424	0.306708	0.102	0.4545	-0.1065	0	244	351	3
2026-02-12	15:04:29.190	30.135	-24.36	43.4	0.551928	0.063684	0.321104	0.096	0.453	-0.1065	0	244	351	3
2026-02-12	15:04:29.210	24.78	-23.485	46.515	0.54778	0.076128	0.30622	0.0975	0.4665	-0.0915	0	244	356	3
2026-02-12	15:04:29.230	12.845	-22.12	46.375	0.569252	0.0732	0.284016	0.0915	0.4695	-0.0945	0	244	356	3
2026-02-12	15:04:29.250	1.155	-22.47	40.425	0.64782	0.0915	0.2745	0.0915	0.4695	-0.0945	0	244	356	3
2026-02-12	15:04:29.270	-11.55	-26.18	29.435	0.74908	0.078568	0.2623	0.087	0.474	-0.09	0	244	356	3
2026-02-12	15:04:29.290	-28.28	-30.835	15.505	0.825696	0.050508	0.243756	0.0825	0.483	-0.0795	0	244	356	3
2026-02-12	15:04:29.310	-43.575	-36.085	2.45	0.875228	0.006832	0.245464	0.075	0.4905	-0.0705	0	244	356	3
2026-02-12	15:04:29.330	-47.355	-42.665	-9.765	0.920612	-0.044896	0.270352	0.072	0.4935	-0.0645	0	244	356	3
2026-02-12	15:04:29.350	-37.625	-51.1	-21.98	1.002352	-0.073932	0.317932	0.0765	0.4935	-0.066	0	244	356	3
2026-02-12	15:04:29.370	-23.905	-59.535	-31.64	1.021872	-0.086132	0.371124	0.0765	0.4935	-0.06	0	244	356	3
2026-02-12	15:04:29.390	-6.23	-68.915	-39.585	1.096048	-0.085644	0.464576	0.0735	0.486	-0.0465	0	244	356	3
2026-02-12	15:04:29.410	17.465	-75.845	-47.985	1.254648	-0.096136	0.549	0.0705	0.4815	-0.0405	0	243	351	3
2026-02-12	15:04:29.430	40.39	-75.04	-52.78	1.358348	-0.089792	0.56364	0.0735	0.48	-0.027	0	243	351	3
2026-02-12	15:04:29.450	50.26	-62.475	-51.275	1.289784	-0.064172	0.4575	0.075	0.468	-0.0135	0	243	351	3
2026-02-12	15:04:29.470	45.115	-51.065	-47.355	1.317112	-0.066368	0.2806	0.0735	0.462	-0.003	0	243	351	3
2026-02-12	15:04:29.490	37.38	-46.97	-47.635	1.481568	-0.043676	0.2257	0.075	0.45	0.0135	0	243	351	3
2026-02-12	15:04:29.510	32.585	-40.215	-48.475	1.6226	-0.029036	0.269376	0.0765	0.4395	0.027	0	243	351	3
2026-02-12	15:04:29.530	21.98	-27.65	-44.695	1.60552	-0.020252	0.305488	0.078	0.4305	0.036	0	243	351	3
2026-02-12	15:04:29.550	8.225	-13.16	-38.08	1.530124	-0.032696	0.308416	0.084	0.4215	0.0435	0	243	351	3
2026-02-12	15:04:29.570	-13.265	1.75	-28.63	1.42496	-0.049776	0.274012	0.0915	0.4155	0.0465	0	243	351	3
2026-02-12	15:04:29.590	-43.19	16.45	-13.93	1.2871	-0.074908	0.230092	0.0945	0.417	0.0435	0	243	351	3
2026-02-12	15:04:29.610	-69.755	29.12	5.215	1.140212	-0.096136	0.187636	0.096	0.42	0.0345	0	244	345	3
2026-02-12	15:04:29.630	-82.705	37.66	26.005	1.006988	-0.071736	0.18422	0.1005	0.4185	0.03	0	244	345	3
2026-02-12	15:04:29.650	-84.21	42.21	43.96	0.946476	-0.022204	0.2318	0.0915	0.42	0.0195	0	244	345	3
2026-02-12	15:04:29.670	-94.465	48.125	63.875	0.898896	0.019032	0.243512	0.0915	0.4335	0	0	244	345	3
2026-02-12	15:04:29.690	-110.145	49.91	72.695	0.897188	-0.013664	0.212524	0.084	0.4455	-0.015	0	244	345	3
2026-02-12	15:04:29.710	-121.73	49.35	76.3	0.908656	-0.057584	0.188124	0.0795	0.4665	-0.033	0	244	345	3
2026-02-12	15:04:29.730	-128.835	46.795	75.46	0.934764	-0.091256	0.170556	0.078	0.4875	-0.042	0	244	345	3
2026-02-12	15:04:29.750	-132.825	44.205	69.965	0.94916	-0.125172	0.159332	0.081	0.4995	-0.0585	0	244	345	3
2026-02-12	15:04:29.770	-132.02	42.77	60.97	0.91378	-0.153232	0.14762	0.078	0.5175	-0.078	0	244	345	3
2026-02-12	15:04:29.790	-123.025	40.53	49.28	0.880596	-0.169092	0.141032	0.0735	0.5415	-0.087	0	244	345	3
2026-02-12	15:04:29.810	-107.765	38.255	35.385	0.83814	-0.177144	0.1403	0.0795	0.558	-0.0945	0	247	329	3
2026-02-12	15:04:29.830	-87.675	35.385	21.14	0.803004	-0.184952	0.14152	0.084	0.5685	-0.1035	0	247	329	3
2026-02-12	15:04:29.850	-64.26	31.43	6.72	0.786168	-0.17812	0.17934	0.075	0.588	-0.1185	0	247	329	3
2026-02-12	15:04:29.870	-37.275	28.245	-9.975	0.752008	-0.146156	0.23912	0.0825	0.5775	-0.1305	0	247	329	3
2026-02-12	15:04:29.890	-14.455	26.25	-24.675	0.724436	-0.131272	0.271084	0.0825	0.5775	-0.1305	0	247	329	3
2026-02-12	15:04:29.910	-1.925	24.535	-32.69	0.687836	-0.10614	0.254004	0.0885	0.579	-0.132	0	247	329	3
2026-02-12	15:04:29.930	5.005	21.105	-38.115	0.690276	-0.103456	0.24522	0.0945	0.5805	-0.132	0	247	329	3
2026-02-12	15:04:29.950	10.045	19.355	-41.09	0.694912	-0.13176	0.26718	0.096	0.576	-0.1365	0	247	329	3
2026-02-12	15:04:29.970	13.405	19.74	-40.985	0.6893	-0.122488	0.291092	0.102	0.576	-0.1425	0	247	329	3
2026-02-12	15:04:29.990	12.53	20.055	-38.5	0.6893	-0.107604	0.278404	0.105	0.57	-0.144	0	247	329	3
2026-02-12	15:04:30.010	3.605	15.855	-36.925	0.808128	-0.089548	0.257908	0.108	0.5625	-0.147	0	251	304	3
2026-02-12	15:04:30.030	-1.435	12.39	-38.71	0.908168	-0.09272	0.271084	0.1125	0.5565	-0.147	0	251	304	3
2026-02-12	15:04:30.050	-6.335	9.555	-41.65	0.99674	-0.086132	0.288896	0.117	0.5505	-0.147	0	251	304	3
2026-02-12	15:04:30.070	-15.05	8.68	-43.855	1.005036	-0.09394	0.288896	0.1185	0.5445	-0.147	0	251	304	3
2026-02-12	15:04:30.090	-22.575	4.515	-48.16	1.040904	-0.140056	0.303292	0.117	0.5385	-0.15	0	251	304	3
2026-02-12	15:04:30.110	-15.05	-1.085	-54.32	1.088484	-0.171044	0.349896	0.1215	0.534	-0.1485	0	251	304	3
2026-02-12	15:04:30.130	-2.1	-6.65	-58.17	1.161684	-0.153964	0.3477	0.1245	0.5265	-0.1515	0	251	304	3
2026-02-12	15:04:30.150	15.575	-15.33	-65.52	1.3237	-0.154696	0.382104	0.1275	0.522	-0.1545	0	251	304	3
2026-02-12	15:04:30.170	37.485	-20.09	-73.22	1.393728	-0.144204	0.45994	0.135	0.51	-0.153	0	251	304	3
2026-02-12	15:04:30.190	56.28	-21.175	-77.875	1.346392	-0.088084	0.475556	0.138	0.4935	-0.15	0	251	304	3
2026-02-12	15:04:30.210	63.735	-25.585	-79.625	1.317356	-0.020252	0.436516	0.1425	0.4815	-0.1455	0	253	293	3
2026-02-12	15:04:30.230	61.53	-30.835	-78.68	1.291004	0.015128	0.412848	0.15	0.465	-0.1335	0	253	293	3
2026-02-12	15:04:30.250	62.51	-35.035	-72.52	1.278804	0.000488	0.437492	0.15	0.4485	-0.123	0	253	293	3
2026-02-12	15:04:30.270	74.76	-36.925	-61.11	1.279048	0.012444	0.535336	0.1485	0.4455	-0.123	0	253	293	3
2026-02-12	15:04:30.290	91.63	-32.83	-44.065	1.218292	0.073444	0.622444	0.159	0.4305	-0.108	0	253	293	3
2026-02-12	15:04:30.310	97.37	-17.08	-15.505	1.025776	0.263764	0.643672	0.162	0.417	-0.0945	0	253	293	3
2026-02-12	15:04:30.330	73.5	-5.285	-3.29	0.900848	0.339892	0.54778	0.162	0.4095	-0.09	0	253	293	3
2026-02-12	15:04:30.350	28.455	3.08	2.975	0.80642	0.3294	0.450424	0.159	0.3945	-0.084	0	253	293	3
2026-02-12	15:04:30.370	-16.975	9.24	3.255	0.732	0.242292	0.387472	0.156	0.3885	-0.0735	0	253	293	3
2026-02-12	15:04:30.390	-53.2	11.585	1.05	0.698328	0.17568	0.357948	0.1605	0.3945	-0.072	0	253	293	3
2026-02-12	15:04:30.410	-75.215	13.44	-1.645	0.717604	0.087352	0.35136	0.1605	0.4005	-0.081	0	255	311	3
2026-02-12	15:04:30.430	-78.19	16.415	-3.01	0.745908	-0.009516	0.35746	0.1545	0.4065	-0.09	0	255	311	3
2026-02-12	15:04:30.450	-61.25	19.18	-1.75	0.76616	-0.078324	0.377224	0.1575	0.4095	-0.099	0	255	311	3
2026-02-12	15:04:30.470	-27.895	20.86	1.19	0.831552	-0.102968	0.397964	0.162	0.4125	-0.108	0	255	311	3
2026-02-12	15:04:30.490	12.565	21.315	6.755	0.906216	-0.07515199	0.400404	0.159	0.414	-0.114	0	255	311	3
2026-02-12	15:04:30.510	48.545	21.035	16.135	0.97234	0.019764	0.41968	0.1605	0.4215	-0.1155	0	255	311	3
2026-02-12	15:04:30.530	67.725	23.45	24.01	0.951844	0.103212	0.431636	0.1605	0.4215	-0.1155	0	255	311	3
2026-02-12	15:04:30.550	65.87	23.695	28.77	0.926956	0.132248	0.415044	0.159	0.4155	-0.111	0	255	311	3
2026-02-12	15:04:30.570	51.52	22.61	32.48	0.918904	0.135908	0.395768	0.162	0.4095	-0.1065	0	255	311	3
2026-02-12	15:04:30.590	32.13	19.845	35.945	0.8845	0.11102	0.371368	0.1605	0.414	-0.105	0	255	311	3
2026-02-12	15:04:30.610	17.535	15.19	37.695	0.881572	0.09516	0.365512	0.156	0.414	-0.1035	0	257	340	3
2026-02-12	15:04:30.630	8.225	10.815	37.695	0.871324	0.069784	0.363804	0.156	0.4155	-0.102	0	257	340	3
2026-02-12	15:04:30.650	7.175	7.49	36.645	0.871812	0.042944	0.364536	0.15	0.4245	-0.1005	0	257	340	3
2026-02-12	15:04:30.670	13.965	5.495	34.615	0.866932	0.016592	0.35624	0.144	0.4305	-0.1035	0	257	340	3
2026-02-12	15:04:30.690	22.295	3.745	32.795	0.864736	0.00732	0.336476	0.144	0.4305	-0.105	0	257	340	3
2026-02-12	15:04:30.710	31.115	2.625	31.64	0.831308	0.019032	0.342088	0.1485	0.4335	-0.1065	0	257	340	3
2026-02-12	15:04:30.730	34.09	0.63	30.765	0.819352	0.05978	0.36234	0.132	0.4305	-0.108	0	257	340	3
2026-02-12	15:04:30.750	26.25	-1.295	29.33	0.829356	0.073444	0.389912	0.1335	0.4335	-0.1035	0	257	340	3
2026-02-12	15:04:30.770	18.165	-2.59	28.665	0.82716	0.068076	0.39284	0.1305	0.435	-0.099	0	257	340	3
2026-02-12	15:04:30.790	8.12	-3.395	29.19	0.792756	0.048556	0.372344	0.123	0.438	-0.1005	0	257	340	3
2026-02-12	15:04:30.810	-0.7	-4.585	30.765	0.753716	0.015372	0.354288	0.1245	0.441	-0.1005	0	255	360	3
2026-02-12	15:04:30.830	-0.42	-5.845	33.11	0.731024	-0.010004	0.35868	0.1215	0.444	-0.0945	0	255	360	3
2026-02-12	15:04:30.850	3.71	-4.935	37.975	0.678564	-0.024156	0.371124	0.111	0.4515	-0.0945	0	255	360	3
2026-02-12	15:04:30.870	10.85	-1.75	44.905	0.590236	-0.033672	0.366	0.108	0.4605	-0.099	0	255	360	3
2026-02-12	15:04:30.890	20.755	0.735	51.695	0.53436	-0.027328	0.328668	0.108	0.4665	-0.1005	0	255	360	3
2026-02-12	15:04:30.910	27.265	1.33	57.4	0.512644	-0.018056	0.284992	0.105	0.468	-0.0975	0	255	360	3
2026-02-12	15:04:30.930	29.61	-0.42	59.465	0.527528	-0.017568	0.242048	0.102	0.471	-0.0915	0	255	360	3
2026-02-12	15:04:30.950	32.725	-6.79	53.235	0.662704	-0.027816	0.2379	0.096	0.48	-0.093	0	255	360	3
2026-02-12	15:04:30.970	32.585	-9.8	45.99	0.723216	-0.03172	0.23302	0.0945	0.486	-0.0915	0	255	360	3
2026-02-12	15:04:30.990	32.76	-14.28	36.61	0.806664	-0.039772	0.230336	0.0885	0.495	-0.0825	0	255	360	3
2026-02-12	15:04:31.010	33.705	-20.44	24.115	0.9211	-0.048556	0.233996	0.087	0.498	-0.075	0	250	364	3
2026-02-12	15:04:31.030	33.635	-25.515	11.48	0.982588	-0.05124	0.281576	0.087	0.495	-0.072	0	250	364	3
2026-02-12	15:04:31.050	32.305	-29.225	1.015	0.979172	-0.065148	0.343796	0.0855	0.492	-0.066	0	250	364	3
2026-02-12	15:04:31.070	34.755	-32.48	-5.005	0.945988	-0.080764	0.382592	0.0855	0.4905	-0.06	0	250	364	3
2026-02-12	15:04:31.090	41.37	-37.38	-10.36	1.01626	-0.077592	0.432856	0.0855	0.4875	-0.054	0	250	364	3
2026-02-12	15:04:31.110	50.68	-39.2	-15.82	1.163148	-0.105652	0.51972	0.084	0.486	-0.045	0	250	364	3
2026-02-12	15:04:31.130	49.14	-33.81	-16.975	1.314184	-0.12444	0.544608	0.084	0.486	-0.0405	0	250	364	3
2026-02-12	15:04:31.150	30.17	-17.185	-11.655	1.36274	-0.162504	0.4148	0.0855	0.4785	-0.036	0	250	364	3
2026-02-12	15:04:31.170	8.75	-0.525	-1.47	1.342488	-0.202276	0.211792	0.087	0.477	-0.0315	0	250	364	3
2026-02-12	15:04:31.190	-0.875	4.34	5.88	1.459608	-0.191052	0.085644	0.0915	0.4785	-0.024	0	250	364	3
2026-02-12	15:04:31.210	-7.07	5.355	11.62	1.600152	-0.171044	0.056608	0.093	0.4785	-0.024	0	245	358	3
2026-02-12	15:04:31.230	-14.945	7.175	17.605	1.670668	-0.163968	0.10614	0.0975	0.4785	-0.0285	0	245	358	3
2026-02-12	15:04:31.250	-24.36	10.57	26.075	1.605032	-0.159576	0.158356	0.0915	0.483	-0.033	0	245	358	3
2026-02-12	15:04:31.270	-34.615	12.635	34.37	1.470832	-0.140544	0.212036	0.084	0.489	-0.036	0	245	358	3
2026-02-12	15:04:31.290	-53.13	15.085	41.475	1.293444	-0.13054	0.257176	0.09	0.4965	-0.0375	0	245	358	3
2026-02-12	15:04:31.310	-75.04	17.955	50.855	1.086288	-0.179584	0.281576	0.0885	0.504	-0.0465	0	245	358	3
2026-02-12	15:04:31.330	-86.625	19.145	62.475	0.908168	-0.175924	0.297924	0.084	0.5175	-0.0525	0	245	358	3
2026-02-12	15:04:31.350	-88.55	18.235	71.4	0.788608	-0.12932	0.289628	0.0855	0.525	-0.0525	0	245	358	3
2026-02-12	15:04:31.370	-90.02	14.63	75.355	0.704672	-0.129564	0.234972	0.084	0.5325	-0.069	0	245	358	3
2026-02-12	15:04:31.390	-84.245	6.09	72.415	0.68808	-0.160308	0.181536	0.0795	0.5565	-0.0705	0	245	358	3
2026-02-12	15:04:31.410	-72.275	-3.15	63.21	0.711748	-0.18178	0.184952	0.0765	0.588	-0.0765	0	245	339	3
2026-02-12	15:04:31.430	-63.525	-10.36	50.365	0.767136	-0.20984	0.20252	0.072	0.6015	-0.0765	0	245	339	3
2026-02-12	15:04:31.450	-60.585	-14.56	35.385	0.810568	-0.234972	0.209352	0.0615	0.6135	-0.0765	0	245	339	3
2026-02-12	15:04:31.470	-56.91	-16.275	18.165	0.841312	-0.259616	0.210328	0.063	0.627	-0.078	0	245	339	3
2026-02-12	15:04:31.490	-50.82	-15.785	-0.735	0.85034	-0.280844	0.204716	0.0705	0.636	-0.0765	0	245	339	3
2026-02-12	15:04:31.510	-43.19	-12.915	-19.39	0.837408	-0.310612	0.21716	0.0645	0.636	-0.0765	0	245	339	3
2026-02-12	15:04:31.530	-29.26	-8.4	-35.385	0.843508	-0.332572	0.233508	0.0615	0.636	-0.072	0	245	339	3
2026-02-12	15:04:31.550	-10.955	-2.31	-48.265	0.812032	-0.330864	0.246196	0.0645	0.6375	-0.0735	0	245	339	3
2026-02-12	15:04:31.570	3.045	3.85	-55.545	0.757376	-0.320372	0.235704	0.069	0.636	-0.078	0	245	339	3
2026-02-12	15:04:31.590	9.03	7.28	-56.525	0.717116	-0.297924	0.161528	0.0735	0.63	-0.069	0	245	339	3
2026-02-12	15:04:31.610	12.81	6.3	-55.265	0.72224	-0.281576	0.171532	0.0705	0.621	-0.0735	0	249	313	3
2026-02-12	15:04:31.630	22.785	6.3	-53.13	0.730292	-0.312564	0.244	0.0735	0.6075	-0.078	0	249	313	3
2026-02-12	15:04:31.650	44.31	9.485	-48.755	0.726632	-0.322812	0.295484	0.081	0.597	-0.081	0	249	313	3
2026-02-12	15:04:31.670	64.61	12.67	-44.625	0.747372	-0.24522	0.316468	0.0825	0.582	-0.078	0	249	313	3
2026-02-12	15:04:31.690	71.05	14.14	-41.65	0.796416	-0.223992	0.320372	0.0855	0.576	-0.078	0	249	313	3
2026-02-12	15:04:31.710	74.095	16.17	-39.025	0.836432	-0.213744	0.343552	0.093	0.57	-0.075	0	249	313	3
2026-02-12	15:04:31.730	59.395	18.55	-37.94	0.882304	-0.108824	0.363804	0.0945	0.5535	-0.0735	0	249	313	3
2026-02-12	15:04:31.750	24.535	23.905	-34.3	0.854244	-0.152256	0.36966	0.093	0.546	-0.075	0	249	313	3
2026-02-12	15:04:31.770	-1.925	28.945	-32.375	0.879132	-0.195444	0.37576	0.0945	0.549	-0.072	0	249	313	3
2026-02-12	15:04:31.790	-5.285	29.4	-36.505	1.084336	-0.241804	0.262056	0.117	0.5445	-0.081	0	249	313	3
2026-02-12	15:04:31.810	13.965	24.115	-47.915	1.324188	-0.278404	0.168116	0.117	0.5445	-0.081	0	253	296	3
2026-02-12	15:04:31.830	42.28	16.45	-60.97	1.52988	-0.262056	0.180316	0.1215	0.537	-0.0825	0	253	296	3
2026-02-12	15:04:31.850	57.19	3.185	-76.405	1.685796	-0.24766	0.22448	0.126	0.528	-0.0825	0	253	296	3
2026-02-12	15:04:31.870	77.945	-12.075	-91.98	1.78852	-0.314028	0.385764	0.129	0.5145	-0.0825	0	253	296	3
2026-02-12	15:04:31.890	120.785	-26.075	-98.49	1.796572	-0.347212	0.666852	0.1335	0.498	-0.078	0	253	296	3
2026-02-12	15:04:31.910	193.865	-24.78	-85.96	1.505236	-0.2928	0.944768	0.141	0.4815	-0.066	0	253	296	3
2026-02-12	15:04:31.930	267.715	-12.215	-54.6	1.12972	-0.08906	0.981124	0.15	0.462	-0.048	0	253	296	3
2026-02-12	15:04:31.950	310.835	0.07	-16.17	0.854976	0.183732	0.77836	0.15	0.4395	-0.024	0	253	296	3
2026-02-12	15:04:31.970	299.005	12.075	9.625	0.834236	0.3416	0.6222	0.1515	0.4215	-0.0015	0	253	296	3
2026-02-12	15:04:31.990	222.53	22.19	24.535	0.788364	0.404308	0.43432	0.1545	0.417	0.0105	0	253	296	3
2026-02-12	15:04:32.010	40.005	25.935	19.81	0.725168	0.222284	0.244244	0.15	0.4095	0.024	0	261	306	3
2026-02-12	15:04:32.030	-38.08	24.92	10.22	0.75762	-0.014884	0.131516	0.1455	0.411	0.0375	0	261	306	3
2026-02-12	15:04:32.050	-45.605	25.095	3.885	0.732	-0.182024	0.08174	0.144	0.4185	0.036	0	261	306	3
2026-02-12	15:04:32.070	-18.445	21.14	4.2	0.680516	-0.239852	0.049288	0.138	0.423	0.03	0	261	306	3
2026-02-12	15:04:32.090	20.055	14.875	5.425	0.701012	-0.283772	0.0732	0.135	0.4275	0.0225	0	261	306	3
2026-02-12	15:04:32.110	73.815	10.78	3.815	0.798124	-0.314272	0.143716	0.138	0.429	0.0195	0	261	306	3
2026-02-12	15:04:32.130	126.98	8.68	2.73	0.908656	-0.252052	0.205936	0.141	0.435	0.024	0	261	306	3
2026-02-12	15:04:32.150	160.265	10.57	7.77	0.950136	-0.193736	0.203496	0.1395	0.4305	0.033	0	261	306	3
2026-02-12	15:04:32.170	187.005	10.85	16.31	0.976488	-0.152012	0.203252	0.135	0.4245	0.0465	0	261	306	3
2026-02-12	15:04:32.190	218.295	11.795	22.645	1.028704	-0.034648	0.286212	0.1335	0.4245	0.0615	0	261	306	3
2026-02-12	15:04:32.210	230.055	18.41	30.135	1.03944	0.076616	0.3416	0.135	0.4245	0.0675	0	274	320	3
2026-02-12	15:04:32.230	188.545	32.655	51.66	1.047736	0.153476	0.363072	0.135	0.4245	0.0675	0	274	320	3
2026-02-12	15:04:32.250	134.365	44.205	69.755	1.026264	0.116876	0.302316	0.1275	0.426	0.0885	0	274	320	3
2026-02-12	15:04:32.270	80.22	52.08	87.01	1.043588	0.064904	0.224236	0.12	0.438	0.108	0	274	320	3
2026-02-12	15:04:32.290	35.77	57.33	101.71	1.071648	0.01464	0.17324	0.1155	0.45	0.105	0	274	320	3
2026-02-12	15:04:32.310	1.505	59.5	114.205	1.085312	-0.005124	0.12444	0.108	0.465	0.102	0	274	320	3
2026-02-12	15:04:32.330	-23.31	58.765	124.25	1.087752	-0.020984	0.091988	0.099	0.4905	0.0945	0	274	320	3
2026-02-12	15:04:32.350	-37.135	56.28	129.815	1.055056	-0.038796	0.09028	0.0855	0.507	0.0885	0	274	320	3
2026-02-12	15:04:32.370	-40.425	51.03	131.04	1.01382	-0.061732	0.091012	0.084	0.525	0.0855	0	274	320	3
2026-02-12	15:04:32.390	-37.45	42.525	128.135	0.987224	-0.081496	0.100284	0.084	0.5445	0.0735	0	274	320	3
2026-02-12	15:04:32.410	-29.96	33.32	121.485	0.932812	-0.11834	0.115412	0.0795	0.567	0.057	0	286	311	3
2026-02-12	15:04:32.430	-10.01	17.815	109.97	0.879132	-0.122732	0.141764	0.078	0.582	0.054	0	286	311	3
2026-02-12	15:04:32.450	8.295	0	94.92	0.824232	-0.095892	0.16104	0.0735	0.597	0.0495	0	286	311	3
2026-02-12	15:04:32.470	13.895	-18.2	79.345	0.888892	-0.096624	0.170312	0.069	0.6165	0.051	0	286	311	3
2026-02-12	15:04:32.490	28.98	-35.105	59.115	0.939156	-0.171532	0.249368	0.066	0.6285	0.054	0	286	311	3
2026-02-12	15:04:32.510	60.2	-44.03	42.14	0.887916	-0.213012	0.328912	0.06	0.6435	0.057	0	286	311	3
2026-02-12	15:04:32.530	89.95	-48.09	31.115	0.830576	-0.18544	0.337208	0.051	0.6495	0.0675	0	286	311	3
2026-02-12	15:04:32.550	91.245	-50.12	24.325	0.83448	-0.165188	0.315004	0.051	0.648	0.072	0	286	311	3
2026-02-12	15:04:32.570	62.86	-50.75	19.67	0.892308	-0.186904	0.301828	0.0585	0.651	0.081	0	286	311	3
2026-02-12	15:04:32.590	7.63	-51.45	17.08	1.014064	-0.198128	0.302316	0.063	0.657	0.093	0	286	311	3
2026-02-12	15:04:32.610	-53.375	-51.1	14.63	1.169248	-0.295972	0.2562	0.0615	0.6675	0.1005	0	291	288	3
2026-02-12	15:04:32.630	-86.765	-45.325	9.975	1.293444	-0.434564	0.162748	0.06	0.672	0.1035	0	291	288	3
2026-02-12	15:04:32.650	-68.075	-30.38	4.97	1.411052	-0.534848	0.0488	0.0585	0.6705	0.1035	0	291	288	3
2026-02-12	15:04:32.670	-58.45	-17.115	9.66	1.365668	-0.51606	-0.0244	0.06	0.669	0.108	0	291	288	3
2026-02-12	15:04:32.690	-53.445	-6.86	23.03	1.246108	-0.51362	-0.10004	0.066	0.672	0.117	0	291	288	3
2026-02-12	15:04:32.710	-46.2	-2.415	39.515	1.108004	-0.454328	-0.130052	0.0615	0.6795	0.1185	0	291	288	3
2026-02-12	15:04:32.730	-39.97	-4.235	55.615	0.990152	-0.372832	-0.112728	0.057	0.6885	0.117	0	291	288	3
2026-02-12	15:04:32.750	-37.03	-9.695	69.02	0.90158	-0.325496	-0.06954	0.0585	0.7005	0.1155	0	291	288	3
2026-02-12	15:04:32.770	-34.37	-15.505	78.33	0.848144	-0.307928	-0.012932	0.06	0.7065	0.1155	0	291	288	3
2026-02-12	15:04:32.790	-34.475	-20.965	83.79	0.852048	-0.320616	0.043188	0.0615	0.7155	0.123	0	291	288	3
2026-02-12	15:04:32.810	-36.68	-23.73	87.325	0.846192	-0.34526	0.096624	0.0585	0.7275	0.1275	0	293	252	3
2026-02-12	15:04:32.830	-40.215	-24.815	89.95	0.828624	-0.343552	0.111264	0.0585	0.7425	0.1275	0	293	252	3
2026-02-12	15:04:32.850	-48.37	-25.97	89.53	0.820572	-0.332572	0.088328	0.0585	0.7545	0.1245	0	293	252	3
2026-02-12	15:04:32.870	-51.73	-26.985	80.15	0.846192	-0.369416	0.018788	0.0585	0.7545	0.1245	0	293	252	3
2026-02-12	15:04:32.890	-32.2	-26.285	66.395	0.939156	-0.406992	-0.018544	0.069	0.777	0.1365	0	293	252	3
2026-02-12	15:04:32.910	6.965	-21.595	48.37	0.981124	-0.40992	-0.046604	0.078	0.801	0.153	0	293	252	3
2026-02-12	15:04:32.930	52.15	-16.415	31.325	0.91744	-0.40138	-0.068808	0.078	0.81	0.1545	0	293	252	3
2026-02-12	15:04:32.950	97.93	-12.95	16.205	0.871324	-0.388692	-0.091256	0.0825	0.8145	0.1545	0	293	252	3
2026-02-12	15:04:32.970	139.44	-11.795	1.12	0.891576	-0.381128	-0.100772	0.0855	0.813	0.156	0	293	252	3
2026-02-12	15:04:32.990	176.785	-12.6	-13.93	0.918904	-0.360632	-0.076372	0.0855	0.8175	0.153	0	293	252	3
2026-02-12	15:04:33.010	205.8	-15.435	-28.42	0.923052	-0.324032	-0.040016	0.087	0.8205	0.1425	0	292	201	3
2026-02-12	15:04:33.030	235.445	-19.46	-43.505	0.932568	-0.312076	0.010004	0.087	0.8175	0.135	0	292	201	3
2026-02-12	15:04:33.050	275.03	-24.465	-59.885	1.002596	-0.289872	0.058804	0.0795	0.8085	0.126	0	292	201	3
2026-02-12	15:04:33.070	326.235	-31.675	-77.84	1.075064	-0.221308	0.116876	0.0735	0.8025	0.12	0	292	201	3
2026-02-12	15:04:33.090	361.375	-41.195	-88.62	1.066036	-0.103944	0.170556	0.0735	0.7905	0.114	0	292	201	3
2026-02-12	15:04:33.110	359.135	-52.955	-91.56	1.079944	0.032696	0.273768	0.0705	0.7725	0.102	0	292	201	3
2026-02-12	15:04:33.130	308.91	-64.05	-89.215	1.047248	0.224724	0.411384	0.072	0.756	0.0945	0	292	201	3
2026-02-12	15:04:33.150	215.705	-71.82	-82.32	1.024556	0.249612	0.504592	0.072	0.7365	0.099	0	292	201	3
2026-02-12	15:04:33.170	143.465	-72.94	-77.665	1.062376	0.148352	0.544852	0.0585	0.7245	0.1035	0	292	201	3
2026-02-12	15:04:33.190	106.82	-65.345	-74.515	1.052616	0.064416	0.565348	0.0495	0.7095	0.1095	0	292	201	3
2026-02-12	15:04:33.210	92.225	-51.52	-67.865	1.01138	0.016348	0.54778	0.051	0.6945	0.117	0	289	167	3
2026-02-12	15:04:33.230	82.495	-35.56	-58.485	0.960872	-0.016592	0.476044	0.0615	0.6825	0.123	0	289	167	3
2026-02-12	15:04:33.250	75.74	-20.86	-48.055	0.939644	-0.048312	0.371124	0.0645	0.6765	0.126	0	289	167	3
2026-02-12	15:04:33.270	71.33	-8.89	-36.925	0.928176	-0.046116	0.288896	0.0615	0.675	0.132	0	289	167	3
2026-02-12	15:04:33.290	70.77	3.605	-21.805	0.955748	0.044652	0.194468	0.063	0.672	0.138	0	289	167	3
2026-02-12	15:04:33.310	59.99	8.33	-15.365	0.973316	0.110776	0.16348	0.063	0.6615	0.1335	0	289	167	3
2026-02-12	15:04:33.330	36.155	11.515	-10.115	0.954772	0.138836	0.188856	0.063	0.66	0.135	0	289	167	3
2026-02-12	15:04:33.350	9.17	14.875	-6.965	0.918416	0.159332	0.251564	0.0615	0.6645	0.132	0	289	167	3
2026-02-12	15:04:33.370	-22.96	17.815	-6.755	0.885232	0.215208	0.314516	0.063	0.666	0.1245	0	289	167	3
2026-02-12	15:04:33.390	-69.825	17.745	-8.295	0.885964	0.173728	0.306708	0.0615	0.6675	0.123	0	289	167	3
2026-02-12	15:04:33.410	-117.075	13.16	-8.33	0.88816	0.049776	0.322324	0.0585	0.6585	0.1245	0	286	178	3
2026-02-12	15:04:33.430	-149.73	6.37	-5.95	0.862784	-0.104188	0.341112	0.06	0.657	0.123	0	286	178	3
2026-02-12	15:04:33.450	-152.46	-3.045	-4.34	0.872544	-0.224236	0.379664	0.063	0.66	0.12	0	286	178	3
2026-02-12	15:04:33.470	-123.095	-11.06	-8.68	0.887672	-0.301584	0.449204	0.0645	0.663	0.1185	0	286	178	3
2026-02-12	15:04:33.490	-66.045	-15.26	-14.805	0.874984	-0.3355	0.510204	0.06	0.6675	0.1185	0	286	178	3
2026-02-12	15:04:33.510	46.375	-19.25	-20.895	0.883524	-0.278404	0.470188	0.0615	0.669	0.1185	0	286	178	3
2026-02-12	15:04:33.530	110.39	-20.72	-21.14	0.885476	-0.256688	0.395768	0.0645	0.6675	0.1185	0	286	178	3
2026-02-12	15:04:33.550	166.845	-21.14	-18.27	0.906216	-0.250344	0.360388	0.066	0.6615	0.1215	0	286	178	3
2026-02-12	15:04:33.570	216.545	-18.375	-13.79	0.95038	-0.197152	0.33184	0.063	0.6555	0.126	0	286	178	3
2026-02-12	15:04:33.590	238.385	-12.04	-6.72	0.953796	-0.0915	0.262544	0.0615	0.651	0.1335	0	286	178	3
2026-02-12	15:04:33.610	225.4	-5.18	1.575	0.935008	-0.016836	0.195932	0.063	0.6525	0.1395	0	283	213	3
2026-02-12	15:04:33.630	194.005	0.735	7.245	0.961116	0.041724	0.178608	0.0675	0.654	0.141	0	283	213	3
2026-02-12	15:04:33.650	159.11	8.12	10.255	0.935008	0.07564	0.164944	0.066	0.6555	0.141	0	283	213	3
2026-02-12	15:04:33.670	121.94	13.65	13.3	0.9028	0.10248	0.149816	0.0585	0.66	0.1425	0	283	213	3
2026-02-12	15:04:33.690	85.645	18.13	15.575	0.881572	0.109068	0.179096	0.0615	0.6645	0.1425	0	283	213	3
2026-02-12	15:04:33.710	44.065	22.82	18.515	0.900116	0.106872	0.206668	0.0645	0.663	0.135	0	283	213	3
2026-02-12	15:04:33.730	7.385	24.605	23.695	0.903776	0.046116	0.171532	0.063	0.663	0.129	0	283	213	3
2026-02-12	15:04:33.750	-10.01	23.87	28.63	0.931104	-0.032208	0.181536	0.0675	0.669	0.129	0	283	213	3
2026-02-12	15:04:33.770	-20.51	23.45	35.945	0.946476	-0.074664	0.227408	0.0645	0.6735	0.1245	0	283	213	3
2026-02-12	15:04:33.790	-28.84	23.24	44.905	0.9333	-0.0976	0.263032	0.0615	0.678	0.1215	0	283	213	3
2026-02-12	15:04:33.810	-37.38	22.12	54.705	0.936228	-0.107116	0.265716	0.0645	0.69	0.1185	0	277	239	2
2026-02-12	15:04:33.830	-47.075	17.92	63.14	0.981856	-0.12078	0.269864	0.069	0.699	0.111	0	277	239	2
2026-02-12	15:04:33.850	-47.39	12.285	68.915	1.035536	-0.147376	0.277428	0.069	0.705	0.1065	0	277	239	2
2026-02-12	15:04:33.870	-34.755	6.545	71.785	1.10044	-0.161284	0.267424	0.075	0.72	0.105	0	277	239	2
2026-02-12	15:04:33.890	-17.955	0.7	73.5	1.16632	-0.160064	0.241316	0.0705	0.732	0.1035	0	277	239	2
2026-02-12	15:04:33.910	0.245	-2.555	74.095	1.185352	-0.169092	0.210328	0.069	0.744	0.1035	0	277	239	2
2026-02-12	15:04:33.930	31.99	-7.42	72.835	1.2688	-0.182512	0.181292	0.0765	0.756	0.1035	0	277	239	2
2026-02-12	15:04:33.950	54.04	-6.51	71.61	1.26636	-0.174948	0.177876	0.075	0.768	0.105	0	277	239	2
2026-02-12	15:04:33.970	68.915	-2.485	72.87	1.192184	-0.134932	0.155916	0.0765	0.7755	0.102	0	277	239	2
2026-02-12	15:04:33.990	71.75	2.975	77.84	1.06994	-0.12566	0.114436	0.084	0.7845	0.0975	0	277	239	2
2026-02-12	15:04:34.010	68.775	8.12	84.91	0.9516	-0.120292	0.081252	0.09	0.804	0.09	0	269	246	3
2026-02-12	15:04:34.030	66.325	9.205	90.51	0.934764	-0.120048	0.056852	0.09	0.816	0.087	0	269	246	3
2026-02-12	15:04:34.050	62.125	7.385	92.995	0.990152	-0.110776	0.050264	0.0915	0.819	0.0885	0	269	246	3
2026-02-12	15:04:34.070	54.88	6.02	93.31	1.056764	-0.108092	0.056852	0.102	0.8265	0.0855	0	269	246	3
2026-02-12	15:04:34.090	47.46	5.25	91.735	1.10288	-0.107116	0.05978	0.1065	0.8445	0.0795	0	269	246	3
2026-02-12	15:04:34.110	40.74	4.41	87.955	1.132892	-0.10248	0.053192	0.1095	0.858	0.0735	0	269	246	3
2026-02-12	15:04:34.130	30.1	3.185	79.24	1.149484	-0.105164	0.047824	0.123	0.861	0.0705	0	269	246	3
2026-02-12	15:04:34.150	16.52	2.345	68.985	1.158756	-0.12566	0.022692	0.1305	0.8715	0.072	0	269	246	3
2026-02-12	15:04:34.170	3.78	0.84	60.725	1.135088	-0.134932	-0.001952	0.1305	0.8835	0.069	0	269	246	3
2026-02-12	15:04:34.190	-6.58	-1.295	52.675	1.057496	-0.1464	-0.01464	0.1335	0.8925	0.0675	0	269	246	3
2026-02-12	15:04:34.210	-10.57	-4.83	45.29	0.992592	-0.156648	-0.00976	0.138	0.9	0.0675	0	259	225	3
2026-02-12	15:04:34.230	-9.8	-8.715	38.22	0.97234	-0.15616	0.003416	0.1485	0.9015	0.0645	0	259	225	3
2026-02-12	15:04:34.250	-5.845	-12.18	30.555	0.965752	-0.160552	0.020984	0.153	0.906	0.0615	0	259	225	3
2026-02-12	15:04:34.270	0.595	-14.455	22.33	0.945744	-0.16714	0.032208	0.147	0.915	0.063	0	259	225	3
2026-02-12	15:04:34.290	9.45	-17.045	12.67	0.954772	-0.173728	0.034404	0.1515	0.921	0.072	0	259	225	3
2026-02-12	15:04:34.310	18.235	-18.55	1.575	0.950624	-0.177388	0.035624	0.159	0.924	0.0735	0	259	225	3
2026-02-12	15:04:34.330	23.205	-19.495	-9.485	0.921832	-0.17568	0.038064	0.1605	0.924	0.069	0	259	225	3
2026-02-12	15:04:34.350	27.16	-20.86	-22.785	0.914512	-0.184708	0.053436	0.156	0.9195	0.075	0	259	225	3
2026-02-12	15:04:34.370	31.465	-21.07	-35.07	0.927444	-0.194468	0.074908	0.1545	0.9135	0.078	0	259	225	3
2026-02-12	15:04:34.390	32.795	-20.51	-42.875	0.947208	-0.18788	0.09028	0.1515	0.912	0.072	0	259	225	3
2026-02-12	15:04:34.410	32.83	-20.125	-49.98	0.969656	-0.184464	0.138104	0.147	0.909	0.072	0	248	188	3
2026-02-12	15:04:34.430	37.135	-16.59	-57.365	0.97722	-0.169336	0.226188	0.1425	0.8985	0.0765	0	248	188	3
2026-02-12	15:04:34.450	42.07	-10.815	-63.35	0.990396	-0.150548	0.285236	0.1395	0.891	0.075	0	248	188	3
2026-02-12	15:04:34.470	41.16	-1.855	-67.725	0.975268	-0.117364	0.337452	0.1335	0.8805	0.069	0	248	188	3
2026-02-12	15:04:34.490	24.92	7.735	-70.98	0.9089	-0.050996	0.288164	0.126	0.87	0.063	0	248	188	3
2026-02-12	15:04:34.510	-16.135	11.9	-72.03	0.819352	-0.017324	0.205692	0.123	0.8625	0.057	0	248	188	3
2026-02-12	15:04:34.530	-68.46	12.355	-70.49	0.737124	-0.047336	0.15128	0.12	0.858	0.0615	0	248	188	3
2026-02-12	15:04:34.550	-111.65	11.445	-66.885	0.693204	-0.112728	0.1525	0.12	0.8505	0.069	0	248	188	3
2026-02-12	15:04:34.570	-148.645	11.41	-56.105	0.666852	-0.18788	0.216672	0.1185	0.8415	0.072	0	248	188	3
2026-02-12	15:04:34.590	-163.24	11.83	-44.695	0.662216	-0.235948	0.23912	0.114	0.8415	0.075	0	248	188	3
2026-02-12	15:04:34.610	-160.335	12.95	-35.315	0.651968	-0.283772	0.234972	0.108	0.837	0.081	0	237	165	3
2026-02-12	15:04:34.630	-141.995	14.315	-27.86	0.652456	-0.312564	0.220576	0.105	0.8265	0.087	0	237	165	3
2026-02-12	15:04:34.650	-114.555	13.86	-23.45	0.73444	-0.345992	0.219112	0.108	0.825	0.093	0	237	165	3
2026-02-12	15:04:34.670	-83.58	14.21	-23.31	0.824232	-0.378932	0.216916	0.108	0.8265	0.1005	0	237	165	3
2026-02-12	15:04:34.690	-50.925	15.785	-25.83	0.918416	-0.403332	0.215696	0.102	0.8235	0.1005	0	237	165	3
2026-02-12	15:04:34.710	-11.865	18.55	-30.905	1.026752	-0.396256	0.22448	0.105	0.8235	0.099	0	237	165	3
2026-02-12	15:04:34.730	15.785	22.12	-35.77	1.080188	-0.341356	0.203984	0.108	0.822	0.0975	0	237	165	3
2026-02-12	15:04:34.750	41.265	22.4	-43.68	1.197796	-0.336964	0.224724	0.1035	0.813	0.0915	0	237	165	3
2026-02-12	15:04:34.770	69.23	21.42	-53.235	1.326384	-0.311832	0.24034	0.102	0.8055	0.087	0	237	165	3
2026-02-12	15:04:34.790	97.16	18.375	-62.545	1.426912	-0.27938	0.278892	0.096	0.7995	0.087	0	237	165	3
2026-02-12	15:04:34.810	102.06	15.015	-58.835	1.364936	-0.192272	0.335256	0.0945	0.789	0.0825	0	229	168	2
2026-02-12	15:04:34.830	98.14	10.71	-53.76	1.32736	-0.170312	0.451644	0.093	0.78	0.078	0	229	168	2
2026-02-12	15:04:34.850	98.595	7.42	-42.77	1.308084	-0.132248	0.51484	0.0915	0.771	0.0735	0	229	168	2
2026-02-12	15:04:34.870	103.6	-1.225	-30.87	1.380552	0.010736	0.489464	0.1005	0.7635	0.0645	0	229	168	2
2026-02-12	15:04:34.890	111.615	-5.95	-21.98	1.469612	0.096868	0.524356	0.1005	0.7545	0.0645	0	229	168	2
2026-02-12	15:04:34.910	128.31	-3.745	-12.74	1.44082	0.11956	0.59414	0.096	0.741	0.06	0	229	168	2
2026-02-12	15:04:34.930	129.255	5.145	-1.715	1.282952	0.205936	0.621468	0.096	0.735	0.051	0	229	168	2
2026-02-12	15:04:34.950	97.825	20.23	7.77	1.027972	0.267912	0.558028	0.096	0.7305	0.0495	0	229	168	2
2026-02-12	15:04:34.970	44.03	31.08	16.1	0.8357	0.265472	0.443104	0.093	0.7275	0.0435	0	229	168	2
2026-02-12	15:04:34.990	-14.49	36.96	19.845	0.779824	0.189832	0.30622	0.09	0.7275	0.0405	0	229	168	2
2026-02-12	15:04:35.010	-45.395	43.715	16.31	0.737124	0.13664	0.26718	0.096	0.7305	0.0345	0	229	202	3
2026-02-12	15:04:35.030	-47.88	35.28	12.425	0.7076	0.11712	0.274256	0.0975	0.735	0.0255	0	229	202	3
2026-02-12	15:04:35.050	-47.775	28.595	7.42	0.672708	0.068564	0.269864	0.0945	0.7395	0.018	0	229	202	3
2026-02-12	15:04:35.070	-43.96	20.475	2.87	0.688568	0.008784	0.274256	0.1005	0.7455	0.015	0	229	202	3
2026-02-12	15:04:35.090	-28.665	12.635	0.315	0.75152	-0.055876	0.3233	0.102	0.75	0.0135	0	229	202	3
2026-02-12	15:04:35.110	-1.995	10.185	0.98	0.7442	-0.069784	0.379908	0.099	0.7485	0.012	0	229	202	3
2026-02-12	15:04:35.130	28.175	9.45	4.445	0.726388	-0.007808	0.410652	0.1035	0.7515	0.0135	0	229	202	3
2026-02-12	15:04:35.150	53.515	7.455	8.155	0.737368	0.041724	0.425536	0.105	0.759	0.0105	0	229	202	3
2026-02-12	15:04:35.170	75.285	5.81	9.835	0.813984	0.077836	0.472384	0.102	0.756	0.0075	0	229	202	3
2026-02-12	15:04:35.190	90.16	6.09	10.605	0.884012	0.106384	0.490928	0.105	0.747	0.006	0	229	202	3
2026-02-12	15:04:35.210	75.425	6.93	17.5	0.845216	0.153964	0.437004	0.108	0.744	0.006	0	236	250	3
2026-02-12	15:04:35.230	53.27	6.23	20.16	0.841556	0.185196	0.429196	0.1035	0.747	0.0015	0	236	250	3
2026-02-12	15:04:35.250	27.685	5.6	20.825	0.809592	0.204472	0.412116	0.1035	0.7455	-0.003	0	236	250	3
2026-02-12	15:04:35.270	0.49	3.885	20.895	0.788608	0.242536	0.380152	0.1095	0.7425	-0.0045	0	236	250	3
2026-02-12	15:04:35.290	-35.035	1.785	21.805	0.724192	0.224968	0.334036	0.111	0.7455	-0.009	0	236	250	3
2026-02-12	15:04:35.310	-64.995	0.42	23.555	0.649772	0.148596	0.278648	0.111	0.753	-0.0045	0	236	250	3
2026-02-12	15:04:35.330	-59.395	3.15	22.05	0.610244	-0.00244	0.209596	0.108	0.759	0	0	236	250	3
2026-02-12	15:04:35.350	-0.07	11.725	15.715	0.556808	-0.15494	0.176168	0.111	0.7605	-0.0015	0	236	250	3
2026-02-12	15:04:35.370	51.59	0.98	12.74	0.548268	0.007564	0.116876	0.1125	0.7665	0	0	236	250	3
2026-02-12	15:04:35.390	73.255	-3.22	8.05	0.437248	0.081496	-0.0732	0.111	0.7665	-0.0045	0	236	250	3
2026-02-12	15:04:35.410	150.92	-25.515	-8.295	0.527284	0.054168	0.035136	0.114	0.7635	-0.012	0	246	284	3
2026-02-12	15:04:35.430	183.785	-47.18	-20.02	0.748836	0.292556	0.235704	0.117	0.762	-0.0135	0	246	284	3
2026-02-12	15:04:35.450	155.435	-50.155	-24.43	0.811056	0.273524	0.216184	0.114	0.7425	-0.012	0	246	284	3
2026-02-12	15:04:35.470	124.39	-55.265	-22.785	0.90768	0.155672	0.210816	0.114	0.7365	-0.006	0	246	284	3
2026-02-12	15:04:35.490	113.75	-60.27	-18.69	1.032852	0.070516	0.265716	0.108	0.729	0	0	246	284	3
2026-02-12	15:04:35.510	115.71	-63.385	-12.67	1.17486	0.123952	0.338916	0.1035	0.72	0.006	0	246	284	3
2026-02-12	15:04:35.530	103.67	-63.035	-4.375	1.259284	0.268888	0.393328	0.1005	0.7095	0.0165	0	246	284	3
2026-02-12	15:04:35.550	67.305	-62.405	5.74	1.248548	0.363804	0.44652	0.0975	0.705	0.024	0	246	284	3
2026-02-12	15:04:35.570	12.81	-62.93	12.46	1.152168	0.376492	0.534116	0.105	0.699	0.0315	0	246	284	3
2026-02-12	15:04:35.590	-34.09	-63.28	14.875	1.21146	0.333304	0.636108	0.105	0.696	0.0405	0	246	284	3
2026-02-12	15:04:35.610	-63.035	-56.14	11.55	1.33468	0.297192	0.723948	0.0945	0.708	0.0495	0	256	297	3
2026-02-12	15:04:35.630	-99.4	-33.88	13.44	1.3298	0.15128	0.6527	0.093	0.717	0.054	0	256	297	3
2026-02-12	15:04:35.650	-125.58	-7.91	21.945	1.228296	-0.030744	0.456524	0.093	0.717	0.054	0	256	297	3
2026-02-12	15:04:35.670	-118.965	8.855	31.71	1.122156	-0.110044	0.30256	0.0975	0.72	0.063	0	256	297	3
2026-02-12	15:04:35.690	-90.44	19.775	43.575	1.032852	-0.120292	0.222772	0.093	0.7245	0.0645	0	256	297	3
2026-02-12	15:04:35.710	-50.75	24.15	54.285	1.031144	-0.084424	0.203008	0.093	0.732	0.0675	0	256	297	3
2026-02-12	15:04:35.730	-24.64	24.955	62.65	1.07238	-0.023912	0.149816	0.102	0.741	0.0615	0	256	297	3
2026-02-12	15:04:35.750	-15.54	22.54	65.31	1.155096	-0.018544	0.13054	0.1035	0.7575	0.057	0	256	297	3
2026-02-12	15:04:35.770	-7.49	20.58	61.6	1.255136	-0.068808	0.187392	0.105	0.7665	0.051	0	256	297	3
2026-02-12	15:04:35.790	-3.08	23.94	56.84	1.281	-0.108092	0.25132	0.1095	0.7755	0.0465	0	256	297	3
2026-02-12	15:04:35.810	-4.585	29.225	52.535	1.284904	-0.109556	0.274988	0.1095	0.783	0.045	0	268	308	3
2026-02-12	15:04:35.830	-18.445	32.935	47.075	1.334192	-0.10126	0.25498	0.1095	0.795	0.039	0	268	308	3
2026-02-12	15:04:35.850	-59.78	42.14	47.67	1.214388	-0.117608	0.183244	0.1125	0.8055	0.0375	0	268	308	3
2026-02-12	15:04:35.870	-84.105	44.835	53.795	1.09312	-0.091744	0.133712	0.1125	0.8055	0.0375	0	268	308	3
2026-02-12	15:04:35.890	-101.045	45.29	60.585	0.988444	-0.064904	0.104432	0.1155	0.8145	0.033	0	268	308	3
2026-02-12	15:04:35.910	-111.37	44.555	67.41	0.912072	-0.050752	0.090524	0.1245	0.8265	0.0315	0	268	308	3
2026-02-12	15:04:35.930	-115.71	41.125	72.625	0.88938	-0.054168	0.075396	0.135	0.8355	0.0315	0	268	308	3
2026-02-12	15:04:35.950	-118.23	37.24	75.32	0.865712	-0.080764	0.070272	0.1395	0.846	0.0315	0	268	308	3
2026-02-12	15:04:35.970	-113.4	35.28	75.565	0.847168	-0.121024	0.082472	0.147	0.858	0.0315	0	268	308	3
2026-02-12	15:04:35.990	-98.315	35.49	72.38	0.827892	-0.146156	0.097112	0.156	0.879	0.0345	0	268	308	3
2026-02-12	15:04:36.010	-71.61	38.71	64.19	0.810324	-0.165188	0.09882	0.1575	0.8925	0.039	0	279	297	3
2026-02-12	15:04:36.030	-56.7	41.125	57.225	0.775676	-0.169824	0.059536	0.159	0.897	0.0405	0	279	297	3
2026-02-12	15:04:36.050	-48.86	36.96	41.545	0.720776	-0.147864	-0.01342	0.1695	0.912	0.0405	0	279	297	3
2026-02-12	15:04:36.070	-43.68	27.055	20.51	0.6405	-0.232044	0.06588	0.18	0.921	0.0405	0	279	297	3
2026-02-12	15:04:36.090	-17.99	22.4	2.87	0.61366	-0.253516	0.181536	0.1755	0.9285	0.042	0	279	297	3
2026-02-12	15:04:36.110	14.91	22.33	-13.72	0.593652	-0.22204	0.23302	0.174	0.9255	0.042	0	279	297	3
2026-02-12	15:04:36.130	35.91	23.87	-27.09	0.566812	-0.161772	0.225212	0.174	0.9225	0.036	0	279	297	3
2026-02-12	15:04:36.150	38.36	22.61	-35.945	0.546804	-0.142008	0.187392	0.1785	0.918	0.036	0	279	297	3
2026-02-12	15:04:36.170	35.315	16.905	-41.86	0.561688	-0.160064	0.165188	0.18	0.9105	0.0315	0	279	297	3
2026-02-12	15:04:36.190	35.35	7.315	-47.705	0.61976	-0.170312	0.184708	0.177	0.906	0.015	0	279	297	3
2026-02-12	15:04:36.210	40.25	-2.94	-55.65	0.727852	-0.194712	0.238876	0.1755	0.9015	0.0105	0	287	267	3
2026-02-12	15:04:36.230	56.875	-12.215	-63.105	0.922564	-0.262056	0.281088	0.168	0.894	0.0075	0	287	267	3
2026-02-12	15:04:36.250	85.365	-22.925	-69.44	1.159976	-0.326472	0.349652	0.1635	0.885	0.006	0	287	267	3
2026-02-12	15:04:36.270	130.76	-29.575	-72.03	1.225856	-0.353068	0.433588	0.165	0.879	0.0075	0	287	267	3
2026-02-12	15:04:36.290	190.75	-36.435	-69.3	1.338584	-0.299632	0.4941	0.165	0.879	0.0075	0	287	267	3
2026-02-12	15:04:36.310	234.85	-39.34	-67.585	1.441064	-0.163968	0.47946	0.144	0.828	-0.003	0	287	267	3
2026-02-12	15:04:36.330	250.67	-39.34	-60.62	1.403488	-0.020984	0.49288	0.144	0.819	-0.006	0	287	267	3
2026-02-12	15:04:36.350	246.295	-38.29	-53.06	1.301252	0.060024	0.529724	0.1365	0.798	-0.012	0	287	267	3
2026-02-12	15:04:36.370	219.59	-37.135	-43.365	1.195356	0.115412	0.507032	0.1275	0.7785	-0.0165	0	287	267	3
2026-02-12	15:04:36.390	181.545	-41.125	-34.545	1.287344	0.178364	0.453596	0.1305	0.7605	-0.018	0	287	267	3
2026-02-12	15:04:36.410	135.31	-45.29	-31.255	1.462536	0.182756	0.486292	0.1275	0.744	-0.021	0	294	258	3
2026-02-12	15:04:36.430	89.495	-39.62	-25.865	1.510604	0.145912	0.571448	0.1245	0.7335	-0.0195	0	294	258	3
2026-02-12	15:04:36.450	32.13	-24.36	-13.37	1.429596	0.083936	0.567544	0.129	0.7305	-0.012	0	294	258	3
2026-02-12	15:04:36.470	0.07	0.49	-5.74	1.209264	0.147376	0.449692	0.126	0.726	-0.009	0	294	258	3
2026-02-12	15:04:36.490	-20.545	26.005	7.525	0.889136	0.144448	0.274012	0.1215	0.723	-0.0075	0	294	258	3
2026-02-12	15:04:36.510	-18.69	30.835	12.81	0.83082	0.189588	0.308172	0.1215	0.723	-0.0075	0	294	258	3
2026-02-12	15:04:36.530	-31.605	35	17.255	0.784704	0.237412	0.375516	0.1245	0.723	-0.0225	0	294	258	3
2026-02-12	15:04:36.550	-66.08	39.48	23.17	0.756156	0.215696	0.367708	0.123	0.726	-0.0225	0	294	258	3
2026-02-12	15:04:36.570	-106.295	41.44	26.25	0.759328	0.14152	0.324276	0.126	0.7335	-0.027	0	294	258	3
2026-02-12	15:04:36.590	-126.21	41.93	23.8	0.784216	0.085644	0.344284	0.132	0.744	-0.0345	0	294	258	3
2026-02-12	15:04:36.610	-127.855	43.47	16.905	0.849608	0.079544	0.405284	0.135	0.7545	-0.0375	0	303	283	3
2026-02-12	15:04:36.630	-131.915	44.905	9.73	0.820084	0.027816	0.372832	0.1335	0.762	-0.042	0	303	283	3
2026-02-12	15:04:36.650	-125.37	38.78	4.83	0.762988	-0.024888	0.332572	0.132	0.768	-0.0465	0	303	283	3
2026-02-12	15:04:36.670	-97.3	25.2	0.595	0.785192	-0.061	0.366976	0.138	0.777	-0.048	0	303	283	3
2026-02-12	15:04:36.690	-33.74	11.235	-4.305	0.828868	-0.04758	0.469212	0.1455	0.7815	-0.045	0	303	283	3
2026-02-12	15:04:36.710	31.57	-3.92	-9.1	0.771772	-0.02318	0.610732	0.1485	0.7815	-0.042	0	303	283	3
2026-02-12	15:04:36.730	67.62	-9.31	-8.365	0.693692	0.048312	0.630496	0.1485	0.783	-0.051	0	303	283	3
2026-02-12	15:04:36.750	79.24	-15.925	-8.47	0.681492	0.138592	0.56852	0.138	0.789	-0.0465	0	303	283	3
2026-02-12	15:04:36.770	68.915	-19.215	-12.775	0.664412	0.166408	0.472384	0.1395	0.7845	-0.0465	0	303	283	3
2026-02-12	15:04:36.790	50.75	-21.385	-17.92	0.66368	0.13664	0.391132	0.141	0.7755	-0.0465	0	303	283	3
2026-02-12	15:04:36.810	29.715	-23.17	-23.66	0.68564	0.12078	0.3416	0.1365	0.7725	-0.0465	0	310	318	3
2026-02-12	15:04:36.830	7.98	-24.01	-27.545	0.715408	0.037088	0.274256	0.135	0.771	-0.048	0	310	318	3
2026-02-12	15:04:36.850	0.21	-24.15	-28.595	0.7381	-0.029768	0.248636	0.1335	0.765	-0.042	0	310	318	3
2026-02-12	15:04:36.870	5.915	-22.26	-26.075	0.79178	-0.07076	0.2745	0.1245	0.765	-0.0345	0	310	318	3
2026-02-12	15:04:36.890	11.375	-14.525	-18.41	0.708576	-0.114924	0.294264	0.126	0.762	-0.0315	0	310	318	3
2026-02-12	15:04:36.910	23.66	-5.775	-1.925	0.602436	-0.133224	0.27572	0.132	0.756	-0.03	0	310	318	3
2026-02-12	15:04:36.930	42.315	-0.385	13.755	0.606096	-0.089548	0.256444	0.132	0.756	-0.03	0	310	318	3
2026-02-12	15:04:36.950	49.875	3.605	24.325	0.63074	-0.035136	0.260836	0.123	0.7515	-0.0375	0	310	318	3
2026-02-12	15:04:36.970	47.11	7.07	32.55	0.682468	0.008296	0.265716	0.1245	0.753	-0.036	0	310	318	3
2026-02-12	15:04:36.990	35.875	10.115	38.01	0.758352	0.036844	0.28792	0.126	0.75	-0.033	0	310	318	3
2026-02-12	15:04:37.010	17.78	13.16	41.16	0.884012	0.102236	0.323544	0.129	0.753	-0.036	0	312	341	3
2026-02-12	15:04:37.030	-23.905	14.98	45.605	0.95404	0.09467199	0.316224	0.1365	0.762	-0.042	0	312	341	3
2026-02-12	15:04:37.050	-62.93	13.65	50.505	0.961604	0.02074	0.319884	0.138	0.7695	-0.039	0	312	341	3
2026-02-12	15:04:37.070	-70.385	5.285	51.1	1.071892	-0.022448	0.361852	0.141	0.7815	-0.0405	0	312	341	3
2026-02-12	15:04:37.090	-50.05	-4.655	46.795	1.283684	-0.011712	0.444812	0.1455	0.7875	-0.042	0	312	341	3
2026-02-12	15:04:37.110	-24.185	-10.605	42.035	1.438136	0.015128	0.52826	0.147	0.7905	-0.03	0	312	341	3
2026-02-12	15:04:37.130	-6.16	-10.22	35.98	1.401536	0.014884	0.536068	0.1485	0.7965	-0.021	0	312	341	3
2026-02-12	15:04:37.150	0.875	-5.88	31.675	1.26392	0.020984	0.458476	0.159	0.8085	-0.0285	0	312	341	3
2026-02-12	15:04:37.170	5.6	-5.6	26.95	1.278072	0.05734	0.347212	0.156	0.813	-0.03	0	312	341	3
2026-02-12	15:04:37.190	4.795	-6.72	20.02	1.351272	0.07198	0.300852	0.1455	0.822	-0.0345	0	312	341	3
2026-02-12	15:04:37.210	-1.89	-6.615	14.805	1.382504	0.050996	0.265716	0.1515	0.8205	-0.03	0	311	350	3
2026-02-12	15:04:37.230	-12.74	-5.53	13.23	1.318576	0.0183	0.237168	0.1545	0.8205	-0.024	0	311	350	3
2026-02-12	15:04:37.250	-24.745	-4.83	12.46	1.209996	-0.031964	0.222772	0.1515	0.8235	-0.027	0	311	350	3
2026-02-12	15:04:37.270	-32.83	-5.145	13.02	1.128256	-0.077592	0.21228	0.1545	0.828	-0.0315	0	311	350	3
2026-02-12	15:04:37.290	-35.91	-6.475	14.455	1.081896	-0.098332	0.192272	0.1545	0.831	-0.0285	0	311	350	3
2026-02-12	15:04:37.310	-39.515	-6.79	16.695	0.99674	-0.111264	0.172264	0.159	0.834	-0.0255	0	311	350	3
2026-02-12	15:04:37.330	-40.74	-7.945	18.62	0.86498	-0.118096	0.157136	0.1575	0.834	-0.0225	0	311	350	3
2026-02-12	15:04:37.350	-28.875	-12.285	16.17	0.77836	-0.118584	0.183976	0.153	0.8355	-0.018	0	311	350	3
2026-02-12	15:04:37.370	-15.015	-13.93	11.76	0.783484	-0.132004	0.22326	0.159	0.8475	-0.012	0	311	350	3
2026-02-12	15:04:37.390	-3.745	-13.825	5.355	0.844484	-0.109556	0.236436	0.156	0.8505	-0.0015	0	311	350	3
2026-02-12	15:04:37.410	-1.47	-12.635	-2.345	0.872544	-0.10736	0.227896	0.156	0.852	-0.009	0	309	343	3
2026-02-12	15:04:37.430	-3.78	-11.725	-10.64	0.877912	-0.113948	0.213012	0.15	0.849	-0.003	0	309	343	3
2026-02-12	15:04:37.450	-7	-11.935	-19.705	0.895236	-0.132248	0.194956	0.1485	0.846	0.0015	0	309	343	3
2026-02-12	15:04:37.470	-9.975	-12.285	-29.155	0.912072	-0.132736	0.187148	0.1515	0.8475	-0.003	0	309	343	3
2026-02-12	15:04:37.490	-14.385	-12.11	-37.31	0.919392	-0.13176	0.187148	0.1485	0.846	-0.006	0	309	343	3
2026-02-12	15:04:37.510	-21.7	-10.99	-42.91	0.90036	-0.133712	0.1952	0.144	0.846	0.0015	0	309	343	3
2026-02-12	15:04:37.530	-35.805	-10.01	-45.255	0.892064	-0.124684	0.22204	0.141	0.8415	0.006	0	309	343	3
2026-02-12	15:04:37.550	-71.925	-7.77	-42.07	0.876936	-0.128832	0.280112	0.141	0.8355	0.003	0	309	343	3
2026-02-12	15:04:37.570	-117.25	-2.24	-33.25	0.853512	-0.135664	0.34404	0.141	0.8355	0.003	0	309	343	3
2026-02-12	15:04:37.590	-159.565	3.99	-22.05	0.82594	-0.132736	0.336232	0.1395	0.834	0.027	0	309	343	3
2026-02-12	15:04:37.610	-197.435	9.205	-9.87	0.804224	-0.172508	0.289384	0.135	0.846	0.027	0	303	321	3
2026-02-12	15:04:37.630	-209.755	12.985	-0.63	0.811544	-0.253028	0.25498	0.132	0.846	0.036	0	303	321	3
2026-02-12	15:04:37.650	-187.005	17.185	5.88	0.775676	-0.370636	0.241316	0.132	0.8475	0.048	0	303	321	3
2026-02-12	15:04:37.670	-136.675	21.175	12.04	0.742004	-0.42578	0.22448	0.132	0.852	0.054	0	303	321	3
2026-02-12	15:04:37.690	-83.79	19.635	17.185	0.882304	-0.436516	0.078812	0.138	0.8565	0.0615	0	303	321	3
2026-02-12	15:04:37.710	-35.595	15.505	20.335	1.082872	-0.492392	-0.054412	0.1485	0.855	0.0675	0	303	321	3
2026-02-12	15:04:37.730	23.485	14.63	23.03	1.071404	-0.519964	-0.027084	0.1455	0.861	0.069	0	303	321	3
2026-02-12	15:04:37.750	80.185	16.52	25.41	1.007232	-0.354776	0.1586	0.141	0.8655	0.06	0	303	321	3
2026-02-12	15:04:37.770	92.295	27.265	22.75	1.037488	-0.083204	0.255468	0.1425	0.8655	0.0525	0	303	321	3
2026-02-12	15:04:37.790	50.925	31.395	16.45	0.972584	-0.079788	0.217648	0.1425	0.8655	0.0525	0	303	321	3
2026-02-12	15:04:37.810	22.26	27.755	7.175	0.937692	-0.174948	0.253272	0.1545	0.8715	0.0315	0	295	295	3
2026-02-12	15:04:37.830	17.325	23.94	-7.455	0.91378	-0.140056	0.320372	0.156	0.8625	0.0315	0	295	295	3
2026-02-12	15:04:37.850	5.705	16.065	-25.655	0.957944	-0.094428	0.324276	0.1545	0.8625	0.027	0	295	295	3
2026-02-12	15:04:37.870	-8.33	7.455	-45.71	0.953064	-0.106872	0.375516	0.1575	0.8625	0.0225	0	295	295	3
2026-02-12	15:04:37.890	-7.035	-2.275	-65.065	0.98576	-0.160552	0.418704	0.156	0.858	0.0195	0	295	295	3
2026-02-12	15:04:37.910	14	-12.25	-81.095	1.058228	-0.19398	0.474824	0.1485	0.849	0.0195	0	295	295	3
2026-02-12	15:04:37.930	49.14	-19.285	-90.93	1.164612	-0.220332	0.462868	0.1455	0.8385	0.018	0	295	295	3
2026-02-12	15:04:37.950	102.655	-29.505	-99.82	1.479616	-0.239852	0.518744	0.144	0.8265	0.0195	0	295	295	3
2026-02-12	15:04:37.970	180.565	-32.13	-103.6	1.759728	-0.232776	0.617564	0.1365	0.807	0.024	0	295	295	3
2026-02-12	15:04:37.990	251.16	-20.3	-77.63	1.523536	0.037332	0.5978	0.132	0.7965	0.0225	0	295	295	3
2026-02-12	15:04:38.010	235.06	-9.065	-53.2	1.253916	0.196908	0.555832	0.123	0.756	0.009	0	288	287	3
2026-02-12	15:04:38.030	184.835	5.215	-29.715	0.933544	0.323544	0.505568	0.1245	0.738	0.006	0	288	287	3
2026-02-12	15:04:38.050	115.29	13.3	-10.815	0.737612	0.4026	0.472872	0.1245	0.7215	-0.0015	0	288	287	3
2026-02-12	15:04:38.070	33.775	20.895	-2.835	0.680272	0.4697	0.457012	0.123	0.723	-0.003	0	288	287	3
2026-02-12	15:04:38.090	-54.46	28.77	-0.945	0.676368	0.408944	0.352092	0.1245	0.723	-0.0075	0	288	287	3
2026-02-12	15:04:38.110	-133.21	34.23	-0.245	0.67222	0.282796	0.25132	0.123	0.7245	-0.0105	0	288	287	3
2026-02-12	15:04:38.130	-186.515	37.555	-0.14	0.761524	0.154452	0.224724	0.1185	0.7305	-0.018	0	288	287	3
2026-02-12	15:04:38.150	-211.855	42.63	0.77	0.883524	0.07076	0.253272	0.117	0.741	-0.0195	0	288	287	3
2026-02-12	15:04:38.170	-228.76	48.405	6.965	0.881572	-0.033672	0.221552	0.1215	0.753	-0.018	0	288	287	3
2026-02-12	15:04:38.190	-217.84	44.485	22.75	0.85522	-0.221552	0.214232	0.129	0.7575	-0.024	0	288	287	3
2026-02-12	15:04:38.210	-151.515	32.13	36.785	0.936228	-0.338428	0.31232	0.129	0.7575	-0.024	0	286	305	3
2026-02-12	15:04:38.230	-70.735	22.435	43.575	0.973804	-0.295728	0.404796	0.1275	0.7965	-0.015	0	286	305	3
2026-02-12	15:04:38.250	10.29	15.575	46.06	0.926224	-0.181048	0.49654	0.135	0.807	-0.0165	0	286	305	3
2026-02-12	15:04:38.270	82.04	12.355	43.26	0.86132	-0.080032	0.514352	0.141	0.807	-0.018	0	286	305	3
2026-02-12	15:04:38.290	133.21	12.635	37.835	0.812276	-0.051728	0.47824	0.1395	0.8115	-0.024	0	286	305	3
2026-02-12	15:04:38.310	155.645	12.18	32.655	0.775676	-0.026352	0.443348	0.1455	0.816	-0.0345	0	286	305	3
2026-02-12	15:04:38.330	152.39	9.52	28.945	0.744444	0.004636	0.400648	0.147	0.81	-0.0435	0	286	305	3
2026-02-12	15:04:38.350	134.155	5.005	25.13	0.734928	0.080032	0.399428	0.1455	0.807	-0.0465	0	286	305	3
2026-02-12	15:04:38.370	105.77	0	20.125	0.78202	0.114192	0.403576	0.15	0.804	-0.0465	0	286	305	3
2026-02-12	15:04:38.390	72.24	-6.895	15.47	0.871324	0.09467199	0.404796	0.1485	0.795	-0.0585	0	286	305	3
2026-02-12	15:04:38.410	34.02	-12.25	13.965	0.905728	-0.045872	0.446764	0.144	0.7905	-0.069	0	287	329	3
2026-02-12	15:04:38.430	21.105	-13.86	18.41	0.907924	-0.11346	0.460184	0.1485	0.792	-0.0615	0	287	329	3
2026-02-12	15:04:38.450	10.85	-15.015	25.515	0.90036	-0.124196	0.444812	0.144	0.786	-0.0555	0	287	329	3
2026-02-12	15:04:38.470	11.62	-15.225	30.975	0.851804	-0.1159	0.40626	0.1395	0.792	-0.06	0	287	329	3
2026-02-12	15:04:38.490	19.705	-15.015	36.155	0.776896	-0.12078	0.408944	0.1485	0.7995	-0.054	0	287	329	3
2026-02-12	15:04:38.510	21.735	-13.16	46.445	0.700036	-0.175436	0.419436	0.147	0.801	-0.057	0	287	329	3
2026-02-12	15:04:38.530	24.22	-11.375	56.35	0.631228	-0.191052	0.429684	0.15	0.8025	-0.0585	0	287	329	3
2026-02-12	15:04:38.550	32.48	-9.205	63.84	0.621468	-0.189832	0.449936	0.1515	0.8055	-0.057	0	287	329	3
2026-02-12	15:04:38.570	39.83	-3.885	72.415	0.610732	-0.211304	0.4575	0.15	0.8085	-0.0555	0	287	329	3
2026-02-12	15:04:38.590	47.775	5.075	83.3	0.556076	-0.230336	0.448716	0.153	0.8145	-0.0555	0	287	329	3
2026-02-12	15:04:38.610	58.52	12.6	94.395	0.56364	-0.261568	0.4087	0.159	0.8235	-0.0645	0	286	354	2
2026-02-12	15:04:38.630	135.59	26.25	100.03	0.599752	-0.392596	0.317688	0.1635	0.8265	-0.072	0	286	354	2
2026-02-12	15:04:38.650	145.95	20.895	95.62	0.702476	0.169824	0.471896	0.174	0.837	-0.084	0	286	354	2
2026-02-12	15:04:38.670	96.88	33.39	98.175	0.699548	-0.11956	0.4636	0.1725	0.834	-0.0945	0	286	354	2
2026-02-12	15:04:38.690	54.425	26.915	102.62	0.71248	-0.136152	0.419924	0.1875	0.843	-0.1005	0	286	354	2
2026-02-12	15:04:38.710	33.005	17.57	98.105	0.8174	-0.107848	0.470432	0.198	0.849	-0.105	0	286	354	2
2026-02-12	15:04:38.730	8.925	8.61	87.08	0.93452	-0.088328	0.544608	0.1995	0.8505	-0.111	0	286	354	2
2026-02-12	15:04:38.750	-11.095	2.135	73.43	1.022848	-0.133468	0.565104	0.2055	0.8535	-0.1155	0	286	354	2
2026-02-12	15:04:38.770	-19.285	-2.52	59.99	1.038952	-0.190076	0.526552	0.21	0.858	-0.117	0	286	354	2
2026-02-12	15:04:38.790	-17.325	-8.68	48.02	1.032852	-0.216184	0.471652	0.2145	0.864	-0.114	0	286	354	2
2026-02-12	15:04:38.810	-8.05	-16.345	34.02	1.060912	-0.208376	0.437492	0.216	0.87	-0.1095	0	283	379	2
2026-02-12	15:04:38.830	16.66	-25.9	17.395	1.164368	-0.2135	0.371612	0.213	0.8715	-0.114	0	283	379	2
2026-02-12	15:04:38.850	55.475	-35	2.345	1.314672	-0.172752	0.361608	0.213	0.8715	-0.114	0	283	379	2
2026-02-12	15:04:38.870	72.17	-37.73	-6.09	1.440088	-0.128832	0.431636	0.2175	0.8775	-0.1125	0	283	379	2
2026-02-12	15:04:38.890	64.61	-33.32	-11.935	1.501576	-0.143716	0.478728	0.213	0.8655	-0.1095	0	283	379	2
2026-02-12	15:04:38.910	41.65	-22.68	-15.085	1.388848	-0.149572	0.457988	0.204	0.864	-0.1125	0	283	379	2
2026-02-12	15:04:38.930	17.465	-13.825	-17.535	1.27856	-0.10126	0.391132	0.207	0.8565	-0.1095	0	283	379	2
2026-02-12	15:04:38.950	-9.73	-7.63	-18.725	1.205604	-0.053436	0.338916	0.2085	0.852	-0.1125	0	283	379	2
2026-02-12	15:04:38.970	-42.175	-4.27	-19.005	1.134356	-0.041968	0.295484	0.207	0.8505	-0.1125	0	283	379	2
2026-02-12	15:04:38.990	-79.415	-3.15	-18.27	1.046272	-0.07564	0.262056	0.204	0.8565	-0.108	0	283	379	2
2026-02-12	15:04:39.010	-110.6	-4.515	-16.8	0.951112	-0.112484	0.220332	0.204	0.8625	-0.1035	0	280	395	3
2026-02-12	15:04:39.030	-129.08	-7.7	-16.555	0.874008	-0.14152	0.184952	0.2055	0.8685	-0.0915	0	280	395	3
2026-02-12	15:04:39.050	-141.715	-12.705	-18.795	0.830576	-0.168848	0.143472	0.2085	0.8715	-0.084	0	280	395	3
2026-02-12	15:04:39.070	-141.68	-14.525	-22.05	0.888404	-0.163968	0.143472	0.2085	0.8715	-0.084	0	280	395	3
2026-02-12	15:04:39.090	-134.61	-10.71	-27.86	0.967216	-0.122976	0.14396	0.195	0.9045	-0.054	0	280	395	3
2026-02-12	15:04:39.110	-136.36	-4.515	-33.985	0.939888	-0.133956	0.097356	0.189	0.903	-0.0375	0	280	395	3
2026-02-12	15:04:39.130	-141.47	-0.07	-39.48	0.8967	-0.161528	0.016836	0.189	0.9195	-0.0315	0	280	395	3
2026-02-12	15:04:39.150	-148.855	-1.05	-47.985	0.94916	-0.165676	-0.04026	0.192	0.918	-0.021	0	280	395	3
2026-02-12	15:04:39.170	-159.67	-3.185	-60.305	1.01992	-0.175192	-0.048556	0.1905	0.912	-0.0105	0	280	395	3
2026-02-12	15:04:39.190	-172.9	-3.15	-73.885	1.02968	-0.193492	-0.046116	0.1845	0.9105	-0.003	0	280	395	3
2026-02-12	15:04:39.210	-183.085	-3.15	-86.59	1.006256	-0.222284	-0.049776	0.1785	0.915	0.0135	0	279	374	3
2026-02-12	15:04:39.230	-185.885	-2.905	-97.615	0.976976	-0.250588	-0.048068	0.1695	0.9105	0.0315	0	279	374	3
2026-02-12	15:04:39.250	-175.77	-1.68	-111.125	0.926712	-0.278648	-0.011224	0.1605	0.9045	0.051	0	279	374	3
2026-02-12	15:04:39.270	-152.53	1.995	-121.975	0.853024	-0.322812	0.064172	0.1575	0.903	0.0585	0	279	374	3
2026-02-12	15:04:39.290	-121.345	5.915	-127.4	0.804468	-0.34038	0.105652	0.1455	0.8775	0.081	0	279	374	3
2026-02-12	15:04:39.310	-83.685	7.91	-132.965	0.821548	-0.328424	0.106872	0.1365	0.8715	0.087	0	279	374	3
2026-02-12	15:04:39.330	-53.34	6.895	-139.72	0.853268	-0.316956	0.088328	0.132	0.858	0.0885	0	279	374	3
2026-02-12	15:04:39.350	-30.31	4.235	-145.145	0.863272	-0.361364	0.076128	0.12	0.8295	0.0945	0	279	374	3
2026-02-12	15:04:39.370	-6.405	-0.84	-146.335	0.88572	-0.412116	0.095648	0.1155	0.822	0.0915	0	279	374	3
2026-02-12	15:04:39.390	24.22	-6.51	-143.71	0.904508	-0.447984	0.143716	0.114	0.8055	0.0945	0	279	374	3
2026-02-12	15:04:39.410	65.73	-11.095	-137.515	0.996008	-0.45628	0.230092	0.108	0.7845	0.099	0	278	318	3
2026-02-12	15:04:39.430	108.185	-12.25	-126.945	1.059692	-0.402844	0.271572	0.102	0.759	0.0975	0	278	318	3
2026-02-12	15:04:39.450	123.585	-9.695	-107.975	0.99674	-0.330376	0.279136	0.1035	0.741	0.0945	0	278	318	3
2026-02-12	15:04:39.470	123.795	-5.285	-80.43	0.968924	-0.295484	0.340624	0.105	0.7365	0.0915	0	278	318	3
2026-02-12	15:04:39.490	121.205	1.4	-55.72	1.086532	-0.101016	0.538264	0.105	0.7365	0.0915	0	278	318	3
2026-02-12	15:04:39.510	40.25	8.155	-36.61	1.150948	0.274988	0.650504	0.0945	0.6945	0.0915	0	278	318	3
2026-02-12	15:04:39.530	-90.72	25.165	-13.93	1.106296	0.220332	0.529236	0.099	0.6945	0.093	0	278	318	3
2026-02-12	15:04:39.550	-172.27	36.89	-2.625	1.262212	0.06222	0.425536	0.1005	0.6945	0.0915	0	278	318	3
2026-02-12	15:04:39.570	-187.11	41.16	2.59	1.45302	-0.112728	0.410408	0.099	0.6885	0.0795	0	278	318	3
2026-02-12	15:04:39.590	-175.105	45.955	12.005	1.45668	-0.247416	0.410164	0.096	0.6885	0.078	0	278	318	3
2026-02-12	15:04:39.610	-155.015	49.455	23.765	1.334192	-0.322812	0.38186	0.096	0.6945	0.0765	0	278	282	3
2026-02-12	15:04:39.630	-118.265	49.21	35.56	1.244644	-0.340624	0.37332	0.1005	0.7065	0.069	0	278	282	3
2026-02-12	15:04:39.650	-65.275	44.835	44.065	1.277584	-0.334524	0.38186	0.1035	0.7125	0.0585	0	278	282	3
2026-02-12	15:04:39.670	-2.555	39.515	50.085	1.32126	-0.34892	0.394548	0.108	0.7185	0.0525	0	278	282	3
2026-02-12	15:04:39.690	99.19	33.215	60.235	1.328336	-0.277428	0.472628	0.1095	0.723	0.0495	0	278	282	3
2026-02-12	15:04:39.710	153.37	37.8	70.91	1.161684	-0.12932	0.441396	0.1095	0.723	0.0495	0	278	282	3
2026-02-12	15:04:39.730	177.345	40.355	83.3	0.908168	-0.052216	0.357216	0.099	0.7395	0.021	0	278	282	3
2026-02-12	15:04:39.750	199.255	35.77	94.57	0.776408	-0.084668	0.324276	0.1095	0.7485	0.0135	0	278	282	3
2026-02-12	15:04:39.770	233.8	25.655	100.1	0.916952	-0.123464	0.294264	0.1125	0.747	0.0015	0	278	282	3
2026-02-12	15:04:39.790	272.93	21.35	101.64	1.117032	-0.086376	0.287188	0.1125	0.7515	-0.006	0	278	282	3
2026-02-12	15:04:39.810	296.205	26.775	105.42	1.144848	0.03538	0.277428	0.1185	0.7545	-0.0165	0	279	285	3
2026-02-12	15:04:39.830	289.065	36.435	108.22	1.10288	0.118096	0.252296	0.123	0.756	-0.0285	0	279	285	3
2026-02-12	15:04:39.850	261.905	47.53	107.73	1.017236	0.1342	0.237168	0.12	0.756	-0.0405	0	279	285	3
2026-02-12	15:04:39.870	219.17	55.86	105.07	0.943304	0.144204	0.210084	0.123	0.7575	-0.057	0	279	285	3
2026-02-12	15:04:39.890	153.825	61.355	101.71	0.879132	0.118584	0.18056	0.129	0.7545	-0.072	0	279	285	3
2026-02-12	15:04:39.910	106.995	61.81	93.1	0.855464	0.091256	0.15006	0.1305	0.7545	-0.081	0	279	285	3
2026-02-12	15:04:39.930	74.025	61.005	92.54	0.806664	0.087596	0.16104	0.1515	0.7545	-0.108	0	279	285	3
2026-02-12	15:04:39.950	34.545	60.165	95.2	0.706136	0.080032	0.164456	0.1485	0.7545	-0.117	0	279	285	3
2026-02-12	15:04:39.970	-3.92	55.265	98.105	0.633424	0.026596	0.165432	0.1635	0.771	-0.135	0	279	285	3
2026-02-12	15:04:39.990	-28.91	46.795	99.855	0.61488	-0.05124	0.140544	0.1755	0.7755	-0.1395	0	279	285	3
2026-02-12	15:04:40.010	-29.295	34.615	99.995	0.673928	-0.116144	0.148108	0.1815	0.792	-0.1425	0	281	291	3
2026-02-12	15:04:40.030	-17.675	30.555	101.5	0.684176	-0.127612	0.190564	0.1845	0.804	-0.1425	0	281	291	3
2026-02-12	15:04:40.050	2.24	28.42	103.32	0.676368	-0.129564	0.19886	0.186	0.822	-0.147	0	281	291	3
2026-02-12	15:04:40.070	22.995	25.025	102.9	0.67832	-0.127124	0.152744	0.1905	0.828	-0.1515	0	281	291	3
2026-02-12	15:04:40.090	40.145	19.285	99.645	0.716628	-0.149084	0.117608	0.2025	0.8385	-0.156	0	281	291	3
2026-02-12	15:04:40.110	60.935	10.255	94.22	0.777872	-0.151036	0.138836	0.207	0.849	-0.1605	0	281	291	3
2026-02-12	15:04:40.130	87.15	3.675	86.765	0.813008	-0.129564	0.212524	0.207	0.849	-0.1605	0	281	291	3
2026-02-12	15:04:40.150	111.685	1.925	80.605	0.85644	-0.104432	0.241804	0.2325	0.858	-0.1845	0	281	291	3
2026-02-12	15:04:40.170	139.895	11.97	73.465	0.895724	-0.030012	0.183976	0.2415	0.84	-0.192	0	281	291	3
2026-02-12	15:04:40.190	146.265	5.145	56.84	0.935008	0.244976	0.085644	0.243	0.8325	-0.195	0	281	291	3
2026-02-12	15:04:40.210	112.245	-6.72	47.46	0.8357	0.203252	0.081008	0.2415	0.8175	-0.204	0	283	279	3
2026-02-12	15:04:40.230	80.395	-22.575	43.82	0.833016	0.14274	0.17568	0.243	0.816	-0.21	0	283	279	3
2026-02-12	15:04:40.250	68.915	-35	39.445	0.876204	0.098332	0.284504	0.2385	0.807	-0.213	0	283	279	3
2026-02-12	15:04:40.270	65.52	-44.17	33.635	0.92598	0.162016	0.353312	0.2325	0.7965	-0.2115	0	283	279	3
2026-02-12	15:04:40.290	56.035	-56.175	21.665	1.062376	0.194712	0.396988	0.234	0.795	-0.2115	0	283	279	3
2026-02-12	15:04:40.310	49.245	-70.665	2.8	1.259284	0.125172	0.481412	0.2355	0.7875	-0.213	0	283	279	3
2026-02-12	15:04:40.330	58.73	-87.045	-31.08	1.477908	0.07808	0.521916	0.234	0.78	-0.2115	0	283	279	3
2026-02-12	15:04:40.350	51.765	-91.455	-49.14	1.388848	0.07442	0.457256	0.2115	0.7665	-0.192	0	283	279	3
2026-02-12	15:04:40.370	40.04	-94.99	-66.15	1.320528	0.110532	0.417484	0.198	0.756	-0.1785	0	283	279	3
2026-02-12	15:04:40.390	24.185	-98.63	-79.73	1.354688	0.15372	0.41114	0.1995	0.7455	-0.162	0	283	279	3
2026-02-12	15:04:40.410	5.39	-99.435	-90.195	1.409588	0.136396	0.3965	0.1815	0.7245	-0.1485	0	284	270	3
2026-02-12	15:04:40.430	-14.175	-96.425	-95.06	1.443748	0.100528	0.353556	0.165	0.723	-0.144	0	284	270	3
2026-02-12	15:04:40.450	-30.38	-89.425	-94.57	1.372012	0.072224	0.31232	0.156	0.72	-0.129	0	284	270	3
2026-02-12	15:04:40.470	-38.395	-80.605	-90.79	1.274412	0.044164	0.28792	0.1575	0.7155	-0.12	0	284	270	3
2026-02-12	15:04:40.490	-45.85	-72.205	-85.925	1.206092	0.028792	0.279136	0.15	0.708	-0.111	0	284	270	3
2026-02-12	15:04:40.510	-59.255	-63.35	-78.085	1.144604	0.002684	0.277672	0.138	0.705	-0.108	0	284	270	3
2026-02-12	15:04:40.530	-78.645	-51.695	-64.015	1.064084	-0.01586	0.2806	0.1365	0.702	-0.102	0	284	270	3
2026-02-12	15:04:40.550	-93.1	-39.515	-50.225	0.97234	-0.045384	0.283528	0.141	0.699	-0.0975	0	284	270	3
2026-02-12	15:04:40.570	-100.905	-31.045	-41.125	0.893284	-0.050996	0.275232	0.132	0.702	-0.072	0	284	270	3
2026-02-12	15:04:40.590	-108.01	-24.815	-33.74	0.8418	-0.065392	0.263276	0.1305	0.702	-0.075	0	284	270	3
2026-02-12	15:04:40.610	-114.135	-20.335	-28.385	0.8174	-0.094916	0.244488	0.126	0.7125	-0.0615	0	285	276	3
2026-02-12	15:04:40.630	-118.65	-16.94	-24.815	0.801052	-0.12322	0.203252	0.126	0.717	-0.0675	0	285	276	3
2026-02-12	15:04:40.650	-121.59	-14.49	-23.24	0.774212	-0.144448	0.168604	0.1275	0.723	-0.063	0	285	276	3
2026-02-12	15:04:40.670	-118.055	-15.295	-24.15	0.721996	-0.179584	0.16836	0.126	0.7275	-0.0555	0	285	276	3
2026-02-12	15:04:40.690	-103.915	-17.36	-27.37	0.67588	-0.215452	0.208132	0.1215	0.735	-0.0495	0	285	276	3
2026-02-12	15:04:40.710	-78.82	-18.06	-31.64	0.658068	-0.245708	0.2562	0.12	0.738	-0.0495	0	285	276	3
2026-02-12	15:04:40.730	-48.16	-16.905	-37.03	0.68442	-0.250588	0.281088	0.1155	0.7365	-0.045	0	285	276	3
2026-02-12	15:04:40.750	-13.37	-15.645	-46.34	0.793	-0.22692	0.290848	0.111	0.7365	-0.042	0	285	276	3
2026-02-12	15:04:40.770	15.33	-14.315	-56.35	0.891332	-0.231312	0.316712	0.111	0.7365	-0.042	0	285	276	3
2026-02-12	15:04:40.790	40.74	-12.005	-63.21	0.950868	-0.22814	0.33794	0.1125	0.72	-0.03	0	285	276	3
2026-02-12	15:04:40.810	60.375	-10.815	-68.355	1.069208	-0.15128	0.352824	0.1185	0.7125	-0.0345	0	285	281	3
2026-02-12	15:04:40.830	56.875	-7.385	-70.245	1.123132	-0.085644	0.341844	0.1125	0.708	-0.0285	0	285	281	3
2026-02-12	15:04:40.850	34.405	-2.1	-65.275	1.093852	-0.061244	0.330864	0.1125	0.684	-0.027	0	285	281	3
2026-02-12	15:04:40.870	13.195	4.62	-56.77	1.112396	-0.0183	0.37088	0.1095	0.6765	-0.033	0	285	281	3
2026-02-12	15:04:40.890	-15.89	16.205	-43.785	1.045052	0.082228	0.373808	0.117	0.675	-0.033	0	285	281	3
2026-02-12	15:04:40.910	-62.02	27.545	-25.06	1.04066	0.177876	0.311832	0.1215	0.672	-0.0345	0	285	281	3
2026-02-12	15:04:40.930	-111.02	31.92	-10.85	1.282464	0.277428	0.252296	0.1185	0.672	-0.036	0	285	281	3
2026-02-12	15:04:40.950	-171.675	33.635	2.1	1.446188	0.281576	0.199592	0.1185	0.6735	-0.0375	0	285	281	3
2026-02-12	15:04:40.970	-252.77	29.4	29.295	1.305644	0.087108	0.221308	0.117	0.6705	-0.0405	0	285	281	3
2026-02-12	15:04:40.990	-254.835	17.08	36.47	1.29198	-0.09394	0.344284	0.126	0.711	-0.0495	0	285	281	3
2026-02-12	15:04:41.010	-210.455	5.495	36.47	1.260748	-0.272548	0.518012	0.1245	0.735	-0.042	0	284	289	3
2026-02-12	15:04:41.030	-132.23	-2.205	34.93	1.179984	-0.407724	0.655872	0.132	0.7515	-0.0465	0	284	289	3
2026-02-12	15:04:41.050	-23.625	-5.355	33.11	1.099952	-0.443592	0.710284	0.132	0.765	-0.0525	0	284	289	3
2026-02-12	15:04:41.070	101.5	-4.375	33.32	1.043832	-0.29646	0.667096	0.1365	0.7665	-0.0495	0	284	289	3
2026-02-12	15:04:41.090	207.48	0.035	38.43	0.99186	-0.083692	0.602924	0.132	0.762	-0.0525	0	284	289	3
2026-02-12	15:04:41.110	266.91	8.96	45.29	0.960384	0.139812	0.579988	0.132	0.7575	-0.057	0	284	289	3
2026-02-12	15:04:41.130	265.09	19.18	50.33	0.945256	0.311832	0.49288	0.1335	0.75	-0.0615	0	284	289	3
2026-02-12	15:04:41.150	206.08	26.145	53.13	0.928176	0.365756	0.349408	0.138	0.735	-0.0735	0	284	289	3
2026-02-12	15:04:41.170	120.19	28.945	51.73	0.851804	0.236192	0.167384	0.1395	0.7215	-0.087	0	284	289	3
2026-02-12	15:04:41.190	74.06	24.255	47.705	0.793488	0.10736	0.08686399	0.1395	0.7185	-0.0885	0	284	289	3
2026-02-12	15:04:41.210	64.75	19.565	43.12	0.826916	0.101504	0.121756	0.138	0.7245	-0.108	0	285	310	3
2026-02-12	15:04:41.230	52.71	17.78	36.89	0.85522	0.110044	0.165188	0.144	0.732	-0.1035	0	285	310	3
2026-02-12	15:04:41.250	28.7	16.59	32.48	0.82228	0.0671	0.205448	0.1485	0.7305	-0.1095	0	285	310	3
2026-02-12	15:04:41.270	9.415	13.58	29.75	0.83448	-0.023912	0.246196	0.1425	0.7305	-0.114	0	285	310	3
2026-02-12	15:04:41.290	6.195	10.255	28.525	0.903776	-0.112484	0.27816	0.147	0.7305	-0.111	0	285	310	3
2026-02-12	15:04:41.310	16.485	8.54	27.825	0.94794	-0.155428	0.305	0.144	0.7455	-0.1155	0	285	310	3
2026-02-12	15:04:41.330	29.645	8.89	29.26	0.905972	-0.154452	0.296948	0.1455	0.7425	-0.1185	0	285	310	3
2026-02-12	15:04:41.350	38.5	7.385	34.16	0.859612	-0.145424	0.256444	0.1455	0.741	-0.12	0	285	310	3
2026-02-12	15:04:41.370	45.01	3.78	41.405	0.834724	-0.127612	0.213744	0.15	0.741	-0.123	0	285	310	3
2026-02-12	15:04:41.390	59.22	-2.975	48.3	0.884988	-0.108824	0.189344	0.156	0.7425	-0.1305	0	285	310	3
2026-02-12	15:04:41.410	77.105	-7.91	53.13	0.921588	-0.096624	0.169824	0.156	0.7425	-0.1305	0	286	320	3
2026-02-12	15:04:41.430	90.265	-11.865	55.79	0.976488	-0.10492	0.158112	0.153	0.753	-0.138	0	286	320	3
2026-02-12	15:04:41.450	100.24	-14.56	55.65	1.042368	-0.111996	0.160796	0.1485	0.7515	-0.1335	0	286	320	3
2026-02-12	15:04:41.470	104.895	-15.715	54.775	1.056032	-0.12444	0.155428	0.1455	0.7575	-0.138	0	286	320	3
2026-02-12	15:04:41.490	104.72	-16.975	55.335	1.047004	-0.142984	0.132248	0.1515	0.7485	-0.1395	0	286	320	3
2026-02-12	15:04:41.510	103.25	-18.725	56.455	1.009184	-0.136396	0.112484	0.1485	0.7425	-0.1395	0	286	320	3
2026-02-12	15:04:41.530	101.535	-21.385	56.42	0.976	-0.099308	0.103944	0.147	0.7395	-0.1335	0	286	320	3
2026-02-12	15:04:41.550	98.105	-25.165	53.9	0.984296	-0.079544	0.124928	0.144	0.741	-0.1335	0	286	320	3
2026-02-12	15:04:41.570	95.06	-28.805	50.085	1.007964	-0.087596	0.140056	0.1425	0.744	-0.132	0	286	320	3
2026-02-12	15:04:41.590	93.31	-31.885	46.2	1.041636	-0.111996	0.147132	0.147	0.7455	-0.135	0	286	320	3
2026-02-12	15:04:41.610	99.05	-36.75	37.66	1.171932	-0.141764	0.18056	0.1485	0.7485	-0.138	0	285	303	3
2026-02-12	15:04:41.630	106.225	-36.295	30.835	1.271972	-0.145912	0.218868	0.1365	0.7485	-0.1275	0	285	303	3
2026-02-12	15:04:41.650	109.725	-29.365	28.28	1.222928	-0.149084	0.20618	0.138	0.7305	-0.138	0	285	303	3
2026-02-12	15:04:41.670	110.6	-22.12	31.045	1.137528	-0.136884	0.1525	0.126	0.7275	-0.135	0	285	303	3
2026-02-12	15:04:41.690	108.955	-15.75	36.19	1.069696	-0.149572	0.087352	0.1305	0.7185	-0.1335	0	285	303	3
2026-02-12	15:04:41.710	107.1	-11.095	42.63	1.035536	-0.121024	0.06734399	0.132	0.723	-0.135	0	285	303	3
2026-02-12	15:04:41.730	101.815	-6.65	49.105	0.98332	-0.085156	0.05856	0.1335	0.7155	-0.138	0	285	303	3
2026-02-12	15:04:41.750	98.14	-2.24	55.335	0.928664	-0.055144	0.065392	0.126	0.723	-0.135	0	285	303	3
2026-02-12	15:04:41.770	96.04	-1.715	58.135	0.986004	-0.021228	0.078812	0.129	0.7185	-0.1365	0	285	303	3
2026-02-12	15:04:41.790	84.105	0	57.505	1.08214	-0.027572	0.11224	0.1305	0.7125	-0.135	0	285	303	3
2026-02-12	15:04:41.810	63.315	3.5	52.535	1.140456	-0.051972	0.117608	0.1305	0.708	-0.1365	0	279	269	3
2026-02-12	15:04:41.830	41.195	5.635	45.64	1.1346	-0.113948	0.096868	0.132	0.7035	-0.1425	0	279	269	3
2026-02-12	15:04:41.850	27.265	4.13	37.17	1.1407	-0.130052	0.085644	0.1365	0.717	-0.1425	0	279	269	3
2026-02-12	15:04:41.870	12.25	3.255	27.51	1.127524	-0.152988	0.0732	0.1275	0.711	-0.1395	0	279	269	3
2026-02-12	15:04:41.890	3.29	3.045	19.11	1.103368	-0.180804	0.050752	0.1455	0.717	-0.147	0	279	269	3
2026-02-12	15:04:41.910	0.595	1.925	12.845	1.065792	-0.177388	0.018788	0.132	0.7215	-0.147	0	279	269	3
2026-02-12	15:04:41.930	-0.175	0.805	8.925	0.977952	-0.171532	0.001708	0.1365	0.723	-0.1485	0	279	269	3
2026-02-12	15:04:41.950	3.01	-2.66	6.51	0.935252	-0.1769	0.008784	0.1395	0.7245	-0.156	0	279	269	3
2026-02-12	15:04:41.970	12.88	-6.055	4.34	0.927688	-0.194224	0.034404	0.135	0.7305	-0.1455	0	279	269	3
2026-02-12	15:04:41.990	26.915	-8.26	2.555	0.932812	-0.19154	0.053436	0.135	0.726	-0.147	0	279	269	3
2026-02-12	15:04:42.010	43.365	-10.185	0.455	0.923052	-0.188124	0.061732	0.135	0.723	-0.15	0	270	225	3
2026-02-12	15:04:42.030	52.115	-11.585	-1.575	0.932324	-0.183488	0.041724	0.135	0.723	-0.15	0	270	225	3
2026-02-12	15:04:42.050	58.94	-13.58	-5.39	0.994788	-0.17324	0.028792	0.135	0.723	-0.15	0	270	225	3
2026-02-12	15:04:42.070	59.815	-13.685	-9.1	1.01992	-0.16592	0.038796	0.12	0.7125	-0.1545	0	270	225	3
2026-02-12	15:04:42.090	59.57	-13.825	-13.02	1.060912	-0.163236	0.04758	0.1305	0.7095	-0.1545	0	270	225	3
2026-02-12	15:04:42.110	58.1	-13.02	-16.975	1.087264	-0.161528	0.05978	0.1185	0.699	-0.147	0	270	225	3
2026-02-12	15:04:42.130	55.37	-11.41	-20.37	1.097512	-0.153476	0.071492	0.123	0.6945	-0.1515	0	270	225	3
2026-02-12	15:04:42.150	52.29	-9.975	-23.205	1.115324	-0.149816	0.080764	0.1275	0.684	-0.15	0	270	225	3
2026-02-12	15:04:42.170	47.915	-7.84	-24.605	1.095804	-0.144204	0.09516	0.1155	0.6765	-0.1485	0	270	225	3
2026-02-12	15:04:42.190	44.24	-6.405	-24.955	1.089948	-0.139568	0.120536	0.117	0.6735	-0.144	0	270	225	3
2026-02-12	15:04:42.210	44.59	-3.255	-24.745	1.109956	-0.130296	0.171776	0.12	0.666	-0.144	0	258	182	3
2026-02-12	15:04:42.230	46.165	3.045	-22.96	1.142652	-0.1037	0.190564	0.117	0.657	-0.1455	0	258	182	3
2026-02-12	15:04:42.250	42.595	19.705	-16.625	1.185108	-0.027328	0.249856	0.114	0.651	-0.1425	0	258	182	3
2026-02-12	15:04:42.270	26.915	32.2	-12.845	1.209996	0.054412	0.19154	0.1245	0.6315	-0.144	0	258	182	3
2026-02-12	15:04:42.290	-9.94	38.71	-8.61	1.146068	0.074176	0.135176	0.129	0.636	-0.147	0	258	182	3
2026-02-12	15:04:42.310	-48.055	39.795	-3.99	1.04188	0.028792	0.111508	0.1365	0.636	-0.1515	0	258	182	3
2026-02-12	15:04:42.330	-68.705	36.05	-1.085	0.990884	-0.01098	0.158356	0.129	0.6345	-0.162	0	258	182	3
2026-02-12	15:04:42.350	-68.215	33.95	-1.47	0.955016	-0.009028	0.26596	0.132	0.6375	-0.1695	0	258	182	3
2026-02-12	15:04:42.370	-54.565	33.88	-4.725	0.926224	-0.009516	0.340868	0.1395	0.654	-0.1785	0	258	182	3
2026-02-12	15:04:42.390	-41.37	32.445	-7.385	0.879864	-0.019032	0.35258	0.1455	0.651	-0.186	0	258	182	3
2026-02-12	15:04:42.410	-28.735	28.35	-9.275	0.839604	-0.049288	0.341356	0.144	0.654	-0.1845	0	244	162	3
2026-02-12	15:04:42.430	-8.365	22.925	-13.265	0.83448	-0.059048	0.372832	0.1455	0.6585	-0.1845	0	244	162	3
2026-02-12	15:04:42.450	28.42	16.625	-21.455	0.853268	-0.028304	0.404796	0.1485	0.66	-0.1875	0	244	162	3
2026-02-12	15:04:42.470	54.775	10.5	-30.275	0.86864	0.066368	0.408212	0.1515	0.6585	-0.189	0	244	162	3
2026-02-12	15:04:42.490	59.675	4.34	-38.045	0.891332	0.09516	0.388692	0.1545	0.6465	-0.195	0	244	162	3
2026-02-12	15:04:42.510	57.715	-2.415	-45.36	0.93086	0.10736	0.404308	0.153	0.6315	-0.1965	0	244	162	3
2026-02-12	15:04:42.530	53.27	-6.79	-51.625	0.933056	0.1281	0.427732	0.1575	0.624	-0.195	0	244	162	3
2026-02-12	15:04:42.550	44.73	-9.065	-56.28	0.9394	0.149328	0.439932	0.162	0.606	-0.195	0	244	162	3
2026-02-12	15:04:42.570	31.115	-8.155	-59.605	0.913292	0.163236	0.460672	0.1605	0.594	-0.1935	0	244	162	3
2026-02-12	15:04:42.590	14.945	-3.78	-61.32	0.844728	0.156404	0.449936	0.1605	0.591	-0.195	0	244	162	3
2026-02-12	15:04:42.610	-1.995	-0.735	-60.41	0.800808	0.13298	0.411628	0.1515	0.579	-0.1875	0	232	181	3
2026-02-12	15:04:42.630	-15.155	2.38	-58.1	0.73688	0.104676	0.384056	0.153	0.576	-0.186	0	232	181	3
2026-02-12	15:04:42.650	-22.995	5.67	-54.04	0.662948	0.070272	0.35014	0.162	0.5715	-0.192	0	232	181	3
2026-02-12	15:04:42.670	-34.09	8.435	-43.295	0.560224	0.043676	0.281576	0.168	0.57	-0.198	0	232	181	3
2026-02-12	15:04:42.690	-46.13	8.68	-31.325	0.484828	0.02684	0.227896	0.168	0.57	-0.198	0	232	181	3
2026-02-12	15:04:42.710	-53.48	6.195	-22.225	0.448716	0.004148	0.230336	0.1695	0.57	-0.204	0	232	181	3
2026-02-12	15:04:42.730	-57.68	3.325	-13.09	0.429196	-0.034892	0.26108	0.1815	0.57	-0.2115	0	232	181	3
2026-02-12	15:04:42.750	-55.965	-0.14	-3.08	0.441884	-0.085644	0.267424	0.1785	0.5715	-0.2055	0	232	181	3
2026-02-12	15:04:42.770	-46.025	-6.125	5.39	0.507032	-0.091012	0.312564	0.1725	0.588	-0.2085	0	232	181	3
2026-02-12	15:04:42.790	-32.865	-10.185	12.005	0.555832	-0.066856	0.364292	0.18	0.588	-0.201	0	232	181	3
2026-02-12	15:04:42.810	-26.565	-12.88	17.955	0.584136	-0.043432	0.396256	0.1785	0.5805	-0.21	0	226	221	2
2026-02-12	15:04:42.830	-24.64	-14.595	23.24	0.609268	-0.045872	0.407724	0.1725	0.5925	-0.2055	0	226	221	2
2026-02-12	15:04:42.850	-20.37	-15.89	26.775	0.59658	-0.068076	0.390644	0.1725	0.5985	-0.2055	0	226	221	2
2026-02-12	15:04:42.870	-14.7	-18.865	29.435	0.593652	-0.068564	0.341112	0.174	0.606	-0.21	0	226	221	2
2026-02-12	15:04:42.890	-6.265	-25.935	29.54	0.688568	-0.042456	0.349652	0.174	0.6075	-0.2145	0	226	221	2
2026-02-12	15:04:42.910	-3.325	-29.855	28.42	0.7259	-0.033672	0.371856	0.1575	0.609	-0.2115	0	226	221	2
2026-02-12	15:04:42.930	-2.765	-34.265	27.3	0.767624	-0.022692	0.389424	0.1605	0.6195	-0.21	0	226	221	2
2026-02-12	15:04:42.950	0.735	-41.09	24.01	0.957212	-0.019764	0.404064	0.165	0.6225	-0.204	0	226	221	2
2026-02-12	15:04:42.970	10.43	-48.615	16.135	1.218536	-0.026108	0.40748	0.159	0.615	-0.198	0	226	221	2
2026-02-12	15:04:42.990	19.005	-53.41	9.87	1.475712	-0.096136	0.465308	0.1515	0.6225	-0.198	0	226	221	2
2026-02-12	15:04:43.010	34.475	-53.585	8.155	1.63236	-0.220576	0.580232	0.1455	0.618	-0.1935	0	225	263	2
2026-02-12	15:04:43.030	52.22	-49.315	10.325	1.679208	-0.281576	0.676124	0.147	0.6165	-0.1755	0	225	263	2
2026-02-12	15:04:43.050	82.25	-45.15	10.745	1.813408	-0.262544	0.69784	0.135	0.6105	-0.174	0	225	263	2
2026-02-12	15:04:43.070	107.52	-33.635	13.405	1.857572	-0.222772	0.629764	0.1395	0.606	-0.1725	0	225	263	2
2026-02-12	15:04:43.090	118.44	-8.785	26.775	1.673352	-0.238144	0.54412	0.1365	0.6	-0.168	0	225	263	2
2026-02-12	15:04:43.110	132.79	15.19	45.325	1.457412	-0.264008	0.458232	0.1305	0.597	-0.1665	0	225	263	2
2026-02-12	15:04:43.130	143.99	31.745	62.335	1.302472	-0.21106	0.388448	0.1305	0.5835	-0.1635	0	225	263	2
2026-02-12	15:04:43.150	144.935	45.745	77.525	1.183888	-0.127856	0.325008	0.135	0.576	-0.1575	0	225	263	2
2026-02-12	15:04:43.170	132.93	58.59	89.635	1.0675	-0.061732	0.28792	0.1305	0.585	-0.1665	0	225	263	2
2026-02-12	15:04:43.190	113.785	69.685	98.35	0.97356	-0.036844	0.266936	0.1245	0.576	-0.1755	0	225	263	2
2026-02-12	15:04:43.210	94.43	77.945	102.13	0.903044	-0.011224	0.265716	0.1305	0.585	-0.174	0	233	308	3
2026-02-12	15:04:43.230	67.725	85.12	103.565	0.853024	0.00366	0.273524	0.1365	0.5805	-0.192	0	233	308	3
2026-02-12	15:04:43.250	32.025	91.21	105.945	0.812764	-0.0061	0.267912	0.138	0.591	-0.1995	0	233	308	3
2026-02-12	15:04:43.270	-2.8	94.71	106.96	0.793732	-0.013908	0.24522	0.1515	0.5955	-0.207	0	233	308	3
2026-02-12	15:04:43.290	-33.81	95.83	105.175	0.777628	-0.025376	0.226188	0.1635	0.606	-0.216	0	233	308	3
2026-02-12	15:04:43.310	-65.625	94.78	98.875	0.730536	-0.082228	0.22082	0.1755	0.618	-0.2265	0	233	308	3
2026-02-12	15:04:43.330	-81.795	91.77	88.865	0.708088	-0.163968	0.206668	0.1755	0.618	-0.2265	0	233	308	3
2026-02-12	15:04:43.350	-80.5	87.43	77.63	0.74176	-0.207644	0.19398	0.21	0.675	-0.267	0	233	308	3
2026-02-12	15:04:43.370	-73.71	83.79	62.23	0.722484	-0.24522	0.18544	0.216	0.7005	-0.273	0	233	308	3
2026-02-12	15:04:43.390	-58.17	79.38	44.73	0.714188	-0.2928	0.195688	0.234	0.717	-0.2715	0	233	308	3
2026-02-12	15:04:43.410	-34.545	75.04	27.09	0.75884	-0.283528	0.232044	0.2505	0.744	-0.285	0	246	328	3
2026-02-12	15:04:43.430	-15.645	73.675	14	0.757864	-0.232044	0.203008	0.264	0.744	-0.2925	0	246	328	3
2026-02-12	15:04:43.450	-8.68	71.155	6.125	0.723704	-0.17446	0.151036	0.273	0.747	-0.2955	0	246	328	3
2026-02-12	15:04:43.470	-13.58	64.085	3.08	0.685396	-0.137616	0.123464	0.291	0.75	-0.3045	0	246	328	3
2026-02-12	15:04:43.490	-18.515	52.08	1.89	0.711016	-0.122	0.149572	0.294	0.753	-0.309	0	246	328	3
2026-02-12	15:04:43.510	-14.805	38.325	-1.785	0.778604	-0.120292	0.236924	0.3045	0.7575	-0.312	0	246	328	3
2026-02-12	15:04:43.530	0.035	19.075	-10.15	0.881084	-0.089548	0.291092	0.3135	0.759	-0.312	0	246	328	3
2026-02-12	15:04:43.550	6.335	-1.365	-23.03	1.06506	-0.083204	0.263764	0.318	0.7545	-0.309	0	246	328	3
2026-02-12	15:04:43.570	4.305	-24.115	-40.67	1.19438	-0.118584	0.281576	0.324	0.762	-0.324	0	246	328	3
2026-02-12	15:04:43.590	9.03	-44.38	-58.66	1.19316	-0.196908	0.40016	0.318	0.753	-0.315	0	246	328	3
2026-02-12	15:04:43.610	34.755	-61.25	-75.6	1.066036	-0.213744	0.563152	0.3165	0.7425	-0.3135	0	258	322	3
2026-02-12	15:04:43.630	65.415	-75.005	-87.57	0.973316	-0.169092	0.63074	0.306	0.7335	-0.306	0	258	322	3
2026-02-12	15:04:43.650	92.89	-94.15	-99.26	1.200968	-0.16348	0.633424	0.2895	0.7305	-0.306	0	258	322	3
2026-02-12	15:04:43.670	106.785	-108.815	-111.93	1.441552	-0.155428	0.643428	0.2595	0.705	-0.2955	0	258	322	3
2026-02-12	15:04:43.690	121.065	-115.465	-120.4	1.480592	-0.174704	0.652944	0.264	0.681	-0.285	0	258	322	3
2026-02-12	15:04:43.710	157.115	-114.87	-122.955	1.412516	-0.2013	0.660752	0.255	0.6645	-0.282	0	258	322	3
2026-02-12	15:04:43.730	202.09	-105.35	-113.785	1.258308	-0.160796	0.684176	0.2385	0.6315	-0.273	0	258	322	3
2026-02-12	15:04:43.750	211.96	-88.48	-92.96	1.087264	0.022448	0.701988	0.231	0.6165	-0.2685	0	258	322	3
2026-02-12	15:04:43.770	185.605	-71.015	-72.1	0.948428	0.073444	0.67588	0.204	0.5385	-0.228	0	258	322	3
2026-02-12	15:04:43.790	149.1	-56.455	-51.24	0.826184	0.138836	0.603168	0.2025	0.51	-0.213	0	258	322	3
2026-02-12	15:04:43.810	108.745	-48.335	-33.6	0.805444	0.22204	0.522892	0.1965	0.4875	-0.195	0	269	338	3
2026-02-12	15:04:43.830	69.02	-40.74	-22.12	0.805688	0.20984	0.481656	0.1965	0.4725	-0.183	0	269	338	3
2026-02-12	15:04:43.850	36.155	-34.265	-15.085	0.826184	0.14152	0.474092	0.1935	0.4665	-0.1815	0	269	338	3
2026-02-12	15:04:43.870	8.47	-29.155	-9.065	0.832772	0.052704	0.44042	0.1815	0.4485	-0.171	0	269	338	3
2026-02-12	15:04:43.890	-3.5	-27.93	-5.495	0.870104	-0.04514	0.418216	0.18	0.4575	-0.1695	0	269	338	3
2026-02-12	15:04:43.910	3.255	-28.98	-4.48	0.930128	-0.127612	0.433588	0.1815	0.4575	-0.1695	0	269	338	3
2026-02-12	15:04:43.930	20.93	-29.12	-4.305	0.970144	-0.179584	0.472384	0.183	0.456	-0.165	0	269	338	3
2026-02-12	15:04:43.950	57.575	-26.845	-2.87	0.980392	-0.205692	0.51362	0.1845	0.4545	-0.162	0	269	338	3
2026-02-12	15:04:43.970	100.66	-22.75	-0.665	0.926224	-0.188612	0.561444	0.1845	0.4545	-0.162	0	269	338	3
2026-02-12	15:04:43.990	131.88	-17.395	1.085	0.883524	-0.146888	0.580476	0.1725	0.438	-0.138	0	269	338	3
2026-02-12	15:04:44.010	153.825	-10.045	5.11	0.86986	-0.127368	0.547292	0.1845	0.4305	-0.132	0	278	376	3
2026-02-12	15:04:44.030	167.685	-1.715	10.885	0.926956	-0.10858	0.478972	0.174	0.417	-0.12	0	278	376	3
2026-02-12	15:04:44.050	167.3	9.975	17.5	0.960628	-0.088572	0.38064	0.1695	0.4095	-0.0885	0	278	376	3
2026-02-12	15:04:44.070	155.435	21.49	24.71	0.994544	-0.068808	0.277184	0.1665	0.4035	-0.093	0	278	376	3
2026-02-12	15:04:44.090	138.215	32.41	31.675	1.023824	-0.060756	0.187148	0.168	0.39	-0.09	0	278	376	3
2026-02-12	15:04:44.110	122.08	41.86	38.43	1.052128	-0.039772	0.120292	0.162	0.3915	-0.069	0	278	376	3
2026-02-12	15:04:44.130	106.47	49.91	45.99	1.056032	-0.009516	0.08906	0.1635	0.384	-0.0675	0	278	376	3
2026-02-12	15:04:44.150	87.64	56	54.425	1.045296	0.016104	0.09076799	0.162	0.384	-0.0675	0	278	376	3
2026-02-12	15:04:44.170	57.12	61.39	66.955	1.027484	0.028304	0.149572	0.162	0.3855	-0.0675	0	278	376	3
2026-02-12	15:04:44.190	39.62	65.52	73.29	1.074332	0.136152	0.2562	0.1545	0.381	-0.0735	0	278	376	3
2026-02-12	15:04:44.210	6.195	72.135	78.155	1.095072	0.217892	0.307928	0.1485	0.3975	-0.0735	0	282	396	3
2026-02-12	15:04:44.230	-45.08	78.995	86.17	0.993324	0.155672	0.268156	0.15	0.399	-0.0915	0	282	396	3
2026-02-12	15:04:44.250	-93.66	77.735	96.985	0.904996	0.019764	0.219112	0.1455	0.408	-0.1035	0	282	396	3
2026-02-12	15:04:44.270	-126.91	67.445	106.68	0.881328	-0.072956	0.202764	0.1395	0.438	-0.1185	0	282	396	3
2026-02-12	15:04:44.290	-142.275	52.78	111.895	0.910364	-0.135908	0.20862	0.144	0.462	-0.141	0	282	396	3
2026-02-12	15:04:44.310	-140.98	38.64	113.085	0.928664	-0.17202	0.210328	0.1305	0.4905	-0.159	0	282	396	3
2026-02-12	15:04:44.330	-125.37	25.375	110.53	0.930128	-0.182268	0.179584	0.1425	0.5175	-0.171	0	282	396	3
2026-02-12	15:04:44.350	-101.64	11.41	103.915	0.930128	-0.19032	0.121268	0.135	0.549	-0.1815	0	282	396	3
2026-02-12	15:04:44.370	-62.895	-8.855	87.815	1.017724	-0.212768	0.068808	0.138	0.5565	-0.1845	0	282	396	3
2026-02-12	15:04:44.390	-15.96	-27.615	65.1	1.10044	-0.292068	0.083204	0.141	0.564	-0.189	0	282	396	3
2026-02-12	15:04:44.410	29.575	-35.98	49.42	1.060424	-0.337208	0.142008	0.12	0.6165	-0.1905	0	282	377	3
2026-02-12	15:04:44.430	77.875	-40.6	40.425	1.008696	-0.323056	0.1769	0.117	0.6135	-0.183	0	282	377	3
2026-02-12	15:04:44.450	115.36	-41.615	36.505	0.957944	-0.282552	0.183976	0.114	0.606	-0.1845	0	282	377	3
2026-02-12	15:04:44.470	141.085	-39.62	37.205	0.905484	-0.25986	0.182024	0.117	0.6105	-0.1725	0	282	377	3
2026-02-12	15:04:44.490	164.08	-36.225	39.515	0.915488	-0.241072	0.187636	0.1035	0.6045	-0.159	0	282	377	3
2026-02-12	15:04:44.510	185.43	-31.745	39.865	0.996984	-0.20862	0.172508	0.099	0.594	-0.153	0	282	377	3
2026-02-12	15:04:44.530	196.175	-25.48	38.605	1.052372	-0.176412	0.153232	0.096	0.579	-0.1395	0	282	377	3
2026-02-12	15:04:44.550	196.805	-20.02	36.925	1.10654	-0.144692	0.137616	0.0945	0.5685	-0.1365	0	282	377	3
2026-02-12	15:04:44.570	185.08	-16.135	33.6	1.168028	-0.114924	0.134688	0.0915	0.561	-0.1305	0	282	377	3
2026-02-12	15:04:44.590	155.05	-11.97	27.65	1.196088	-0.087596	0.139324	0.09	0.5535	-0.126	0	282	377	3
2026-02-12	15:04:44.610	119.77	-8.785	21.245	1.200236	-0.058316	0.158844	0.09	0.5535	-0.126	0	278	333	3
2026-02-12	15:04:44.630	88.865	-5.635	18.445	1.162172	-0.046604	0.182024	0.0855	0.5325	-0.102	0	278	333	3
2026-02-12	15:04:44.650	58.59	-4.41	18.55	1.116056	-0.055388	0.190076	0.0795	0.531	-0.0915	0	278	333	3
2026-02-12	15:04:44.670	36.995	-3.78	20.195	1.035292	-0.064172	0.192516	0.087	0.534	-0.0825	0	278	333	3
2026-02-12	15:04:44.690	23.17	-4.9	22.505	0.977708	-0.064172	0.204228	0.0735	0.531	-0.084	0	278	333	3
2026-02-12	15:04:44.710	12.11	-7.175	24.29	0.93208	-0.075884	0.217648	0.0735	0.5325	-0.084	0	278	333	3
2026-02-12	15:04:44.730	4.97	-9.695	25.445	0.880352	-0.102968	0.227652	0.078	0.5325	-0.0795	0	278	333	3
2026-02-12	15:04:44.750	2.94	-12.74	25.235	0.855464	-0.130296	0.226676	0.072	0.528	-0.081	0	278	333	3
2026-02-12	15:04:44.770	8.295	-15.645	22.155	0.87718	-0.15128	0.219112	0.078	0.549	-0.087	0	278	333	3
2026-02-12	15:04:44.790	18.13	-17.745	16.03	0.922076	-0.162748	0.215452	0.0735	0.5445	-0.081	0	278	333	3
2026-02-12	15:04:44.810	33.25	-16.765	5.145	0.927932	-0.162016	0.209108	0.069	0.5415	-0.0765	0	270	290	3
2026-02-12	15:04:44.830	40.74	-15.26	-2.17	0.917684	-0.143716	0.20984	0.066	0.5445	-0.0675	0	270	290	3
2026-02-12	15:04:44.850	47.81	-11.97	-9.66	0.914512	-0.116144	0.272304	0.072	0.5445	-0.066	0	270	290	3
2026-02-12	15:04:44.870	57.645	-2.765	-18.62	0.938668	-0.046116	0.360144	0.063	0.531	-0.0615	0	270	290	3
2026-02-12	15:04:44.890	51.695	11.725	-28.77	0.908412	0.088328	0.362584	0.066	0.5355	-0.063	0	270	290	3
2026-02-12	15:04:44.910	3.815	21.175	-37.8	0.820816	0.155916	0.260104	0.0705	0.5235	-0.054	0	270	290	3
2026-02-12	15:04:44.930	-67.585	24.5	-44.52	0.744444	0.09857599	0.13542	0.072	0.5235	-0.0615	0	270	290	3
2026-02-12	15:04:44.950	-126.84	23.485	-50.12	0.690276	-0.016836	0.048068	0.075	0.5235	-0.069	0	270	290	3
2026-02-12	15:04:44.970	-158.41	20.23	-53.375	0.654408	-0.088084	0.040016	0.087	0.5145	-0.09	0	270	290	3
2026-02-12	15:04:44.990	-172.97	16.17	-53.06	0.646844	-0.125172	0.098088	0.0885	0.522	-0.093	0	270	290	3
2026-02-12	15:04:45.010	-176.68	14.805	-50.365	0.685884	-0.167872	0.16348	0.0915	0.5295	-0.099	0	260	262	3
2026-02-12	15:04:45.030	-166.425	14.315	-47.11	0.744688	-0.19886	0.195444	0.0945	0.5385	-0.105	0	260	262	3
2026-02-12	15:04:45.050	-147.805	13.72	-46.095	0.796172	-0.251564	0.225212	0.1065	0.54	-0.126	0	260	262	3
2026-02-12	15:04:45.070	-118.02	15.68	-45.465	0.805444	-0.279624	0.277916	0.1005	0.555	-0.1335	0	260	262	3
2026-02-12	15:04:45.090	-82.46	17.57	-46.06	0.844728	-0.2257	0.305976	0.114	0.555	-0.135	0	260	262	3
2026-02-12	15:04:45.110	-66.605	18.725	-48.16	0.866688	-0.15372	0.276696	0.12	0.5595	-0.15	0	260	262	3
2026-02-12	15:04:45.130	-63.91	18.69	-50.925	0.869372	-0.143472	0.256444	0.123	0.5595	-0.1575	0	260	262	3
2026-02-12	15:04:45.150	-59.815	15.085	-55.615	0.937692	-0.1464	0.242048	0.1275	0.5595	-0.165	0	260	262	3
2026-02-12	15:04:45.170	-55.895	9.8	-62.65	1.066768	-0.148352	0.221552	0.132	0.561	-0.1575	0	260	262	3
2026-02-12	15:04:45.190	-54.495	3.115	-71.085	1.19438	-0.165676	0.16836	0.141	0.564	-0.168	0	260	262	3
2026-02-12	15:04:45.210	-52.045	-7.07	-81.48	1.393484	-0.21472	0.158844	0.144	0.555	-0.165	0	250	247	2
2026-02-12	15:04:45.230	-36.645	-18.165	-95.165	1.601372	-0.24888	0.24522	0.144	0.555	-0.165	0	250	247	2
2026-02-12	15:04:45.250	-23.38	-23.625	-101.85	1.549644	-0.2257	0.314272	0.144	0.555	-0.165	0	250	247	2
2026-02-12	15:04:45.270	-14.77	-29.225	-101.85	1.497184	-0.2196	0.3843	0.15	0.531	-0.1665	0	250	247	2
2026-02-12	15:04:45.290	7.98	-35.175	-99.085	1.518656	-0.239852	0.491172	0.162	0.5145	-0.1695	0	250	247	2
2026-02-12	15:04:45.310	43.26	-34.055	-89.075	1.427888	-0.307684	0.646112	0.1725	0.5085	-0.168	0	250	247	2
2026-02-12	15:04:45.330	93.03	-26.845	-66.885	1.172176	-0.236924	0.712236	0.165	0.486	-0.153	0	250	247	2
2026-02-12	15:04:45.350	140.525	-23.17	-41.825	1.007476	-0.065636	0.708576	0.1665	0.474	-0.1485	0	250	247	2
2026-02-12	15:04:45.370	165.865	-13.51	-19.95	0.909876	0.1464	0.67466	0.171	0.4575	-0.138	0	250	247	2
2026-02-12	15:04:45.390	138.845	1.47	-3.08	0.762988	0.317688	0.597068	0.174	0.438	-0.12	0	250	247	2
2026-02-12	15:04:45.410	63.56	10.185	8.4	0.715408	0.345748	0.44896	0.1635	0.423	-0.117	0	246	259	3
2026-02-12	15:04:45.430	-16.1	14.91	8.645	0.751032	0.23668	0.309636	0.1665	0.426	-0.108	0	246	259	3
2026-02-12	15:04:45.450	-86.975	12.53	2.66	0.778116	0.045872	0.18788	0.1665	0.426	-0.108	0	246	259	3
2026-02-12	15:04:45.470	-93.835	5.915	-2.205	0.823012	-0.07515199	0.183976	0.1695	0.4275	-0.1335	0	246	259	3
2026-02-12	15:04:45.490	-76.02	1.365	-7.77	0.86376	-0.192272	0.224968	0.171	0.444	-0.135	0	246	259	3
2026-02-12	15:04:45.510	-35	-2.52	-10.5	0.896212	-0.271084	0.311588	0.168	0.4425	-0.141	0	246	259	3
2026-02-12	15:04:45.530	22.96	-4.62	-9.975	0.899872	-0.311588	0.454328	0.1695	0.459	-0.141	0	246	259	3
2026-02-12	15:04:45.550	87.01	-3.605	-6.3	0.877912	-0.244244	0.61732	0.1665	0.4515	-0.1455	0	246	259	3
2026-02-12	15:04:45.570	138.775	-0.805	0.105	0.841312	-0.133224	0.691008	0.168	0.435	-0.132	0	246	259	3
2026-02-12	15:04:45.590	177.835	2.87	12.215	0.76616	-0.086132	0.626348	0.1635	0.4335	-0.12	0	246	259	3
2026-02-12	15:04:45.610	211.68	7.315	22.05	0.690276	-0.02684	0.511912	0.174	0.4155	-0.1095	0	249	294	3
2026-02-12	15:04:45.630	232.33	12.18	29.61	0.658068	0.031476	0.426756	0.1665	0.408	-0.093	0	249	294	3
2026-02-12	15:04:45.650	219.345	22.05	38.08	0.637816	0.091744	0.369904	0.168	0.3945	-0.069	0	249	294	3
2026-02-12	15:04:45.670	169.82	34.02	44.695	0.610976	0.171532	0.316956	0.168	0.3945	-0.069	0	249	294	3
2026-02-12	15:04:45.690	110.81	42.735	48.545	0.586088	0.17202	0.284992	0.1665	0.3765	-0.0405	0	249	294	3
2026-02-12	15:04:45.710	52.57	49.105	51.17	0.568276	0.125904	0.221308	0.147	0.387	-0.024	0	249	294	3
2026-02-12	15:04:45.730	3.815	50.26	53.725	0.59414	0.072956	0.141032	0.156	0.3885	-0.027	0	249	294	3
2026-02-12	15:04:45.750	-20.65	46.935	53.97	0.764208	0.038552	0.132248	0.1515	0.3915	-0.033	0	249	294	3
2026-02-12	15:04:45.770	-22.645	43.295	50.12	0.93086	0.07905599	0.20984	0.147	0.402	-0.0345	0	249	294	3
2026-02-12	15:04:45.790	-49.14	37.59	56.245	1.003084	0.027572	0.228384	0.15	0.417	-0.048	0	249	294	3
2026-02-12	15:04:45.810	-65.8	34.23	66.15	1.034072	-0.106628	0.244732	0.1395	0.42	-0.063	0	256	325	3
2026-02-12	15:04:45.830	-55.23	29.12	73.78	1.083848	-0.157624	0.293044	0.1365	0.435	-0.066	0	256	325	3
2026-02-12	15:04:45.850	-31.745	23.87	79.975	1.100196	-0.15494	0.331352	0.135	0.4485	-0.078	0	256	325	3
2026-02-12	15:04:45.870	1.225	16.905	87.535	1.025044	-0.149572	0.397964	0.1335	0.459	-0.0795	0	256	325	3
2026-02-12	15:04:45.890	44.59	8.61	91.595	0.978196	-0.120048	0.475556	0.1335	0.459	-0.0795	0	256	325	3
2026-02-12	15:04:45.910	78.365	3.185	89.04	1.045052	-0.0671	0.435052	0.1305	0.489	-0.0765	0	256	325	3
2026-02-12	15:04:45.930	101.395	-3.395	77.63	1.265872	-0.032452	0.418948	0.1185	0.4875	-0.0825	0	256	325	3
2026-02-12	15:04:45.950	110.425	-4.795	62.02	1.460096	0.017812	0.3904	0.105	0.498	-0.0705	0	256	325	3
2026-02-12	15:04:45.970	86.94	1.785	52.15	1.319308	0.040992	0.299144	0.105	0.5025	-0.066	0	256	325	3
2026-02-12	15:04:45.990	53.76	7.175	45.395	1.088972	-0.01708	0.192028	0.105	0.504	-0.0555	0	256	325	3
2026-02-12	15:04:46.010	32.095	0.77	36.295	1.12606	-0.05978	0.116876	0.105	0.504	-0.0555	0	265	335	3
2026-02-12	15:04:46.030	28.805	-5.67	28.14	1.288564	-0.066856	0.154696	0.1005	0.5115	-0.051	0	265	335	3
2026-02-12	15:04:46.050	24.08	-6.125	21.035	1.35542	-0.06588	0.19764	0.0975	0.507	-0.0495	0	265	335	3
2026-02-12	15:04:46.070	13.055	-2.485	20.16	1.232444	-0.064904	0.186416	0.0975	0.5115	-0.0435	0	265	335	3
2026-02-12	15:04:46.090	4.445	-3.99	16.17	1.121668	-0.096624	0.173972	0.0975	0.513	-0.051	0	265	335	3
2026-02-12	15:04:46.110	3.36	-5.705	12.215	1.108492	-0.125904	0.212524	0.093	0.513	-0.0375	0	265	335	3
2026-02-12	15:04:46.130	3.745	-5.215	10.325	1.110932	-0.14762	0.25376	0.096	0.525	-0.051	0	265	335	3
2026-02-12	15:04:46.150	4.41	-2.765	11.865	1.114836	-0.099552	0.26596	0.093	0.5295	-0.0315	0	265	335	3
2026-02-12	15:04:46.170	-4.41	2.24	15.82	1.040416	-0.052216	0.225212	0.09	0.525	-0.0405	0	265	335	3
2026-02-12	15:04:46.190	-21.035	6.825	20.37	0.955992	-0.040504	0.18788	0.0855	0.531	-0.045	0	265	335	3
2026-02-12	15:04:46.210	-35.91	10.045	24.22	0.891576	-0.049288	0.183732	0.096	0.534	-0.045	0	271	325	3
2026-02-12	15:04:46.230	-43.26	12.81	26.67	0.857172	-0.040504	0.19642	0.084	0.543	-0.048	0	271	325	3
2026-02-12	15:04:46.250	-47.39	15.855	27.125	0.832772	-0.022692	0.190564	0.0885	0.549	-0.0525	0	271	325	3
2026-02-12	15:04:46.270	-51.24	18.445	24.955	0.79544	-0.011712	0.184464	0.087	0.546	-0.054	0	271	325	3
2026-02-12	15:04:46.290	-65.87	15.575	19.285	0.79666	-0.033672	0.1708	0.084	0.5685	-0.066	0	271	325	3
2026-02-12	15:04:46.310	-82.11	11.515	10.255	0.809836	-0.107848	0.155916	0.084	0.5685	-0.066	0	271	325	3
2026-02-12	15:04:46.330	-91.805	6.825	-0.525	0.864736	-0.13298	0.172996	0.0855	0.573	-0.072	0	271	325	3
2026-02-12	15:04:46.350	-98.735	2.31	-13.23	0.946964	-0.204472	0.209596	0.0855	0.5805	-0.072	0	271	325	3
2026-02-12	15:04:46.370	-94.43	3.08	-24.22	0.969168	-0.312564	0.267668	0.0885	0.582	-0.072	0	271	325	3
2026-02-12	15:04:46.390	-71.295	5.46	-31.5	0.955504	-0.364292	0.274744	0.0975	0.5925	-0.0825	0	271	325	3
2026-02-12	15:04:46.410	-46.095	4.76	-36.435	0.99308	-0.336232	0.278404	0.093	0.5895	-0.0795	0	273	302	3
2026-02-12	15:04:46.430	-36.925	3.535	-39.095	1.001132	-0.338672	0.300364	0.0945	0.5865	-0.084	0	273	302	3
2026-02-12	15:04:46.450	-33.075	2.1	-39.305	0.950624	-0.37332	0.337696	0.1005	0.5865	-0.0825	0	273	302	3
2026-02-12	15:04:46.470	-29.68	1.365	-37.485	0.886696	-0.377712	0.382104	0.0945	0.5805	-0.087	0	273	302	3
2026-02-12	15:04:46.490	-18.69	3.78	-36.925	0.817644	-0.348432	0.400404	0.102	0.573	-0.0885	0	273	302	3
2026-02-12	15:04:46.510	-4.515	9.8	-37.135	0.723704	-0.283284	0.392596	0.105	0.5775	-0.09	0	273	302	3
2026-02-12	15:04:46.530	-3.22	14.595	-36.05	0.640012	-0.236192	0.385764	0.105	0.5775	-0.09	0	273	302	3
2026-02-12	15:04:46.550	-14.42	16.03	-32.48	0.597068	-0.222772	0.35746	0.114	0.564	-0.09	0	273	302	3
2026-02-12	15:04:46.570	-39.375	15.75	-28.63	0.613172	-0.18666	0.422608	0.117	0.57	-0.087	0	273	302	3
2026-02-12	15:04:46.590	-59.29	14.14	-28.07	0.696132	-0.285236	0.436272	0.1125	0.564	-0.0945	0	273	302	3
2026-02-12	15:04:46.610	-44.205	12.635	-29.61	0.775188	-0.36234	0.41358	0.1185	0.558	-0.102	0	271	291	3
2026-02-12	15:04:46.630	-13.23	10.745	-33.565	0.860832	-0.372588	0.379908	0.1245	0.561	-0.1095	0	271	291	3
2026-02-12	15:04:46.650	13.51	8.435	-40.6	0.980636	-0.345748	0.3843	0.1215	0.564	-0.108	0	271	291	3
2026-02-12	15:04:46.670	30.38	8.575	-48.965	1.074088	-0.298656	0.396744	0.123	0.5535	-0.1065	0	271	291	3
2026-02-12	15:04:46.690	37.38	11.375	-56.91	1.123132	-0.232532	0.398452	0.1335	0.5415	-0.108	0	271	291	3
2026-02-12	15:04:46.710	25.97	16.065	-61.635	1.08092	-0.163968	0.334036	0.1365	0.54	-0.1035	0	271	291	3
2026-02-12	15:04:46.730	-16.94	9.905	-67.06	1.219512	-0.169824	0.204472	0.144	0.5265	-0.1065	0	271	291	3
2026-02-12	15:04:46.750	-34.055	1.505	-71.89	1.345904	-0.198128	0.276696	0.1455	0.51	-0.111	0	271	291	3
2026-02-12	15:04:46.770	-39.62	-1.33	-74.515	1.375184	-0.16226	0.408212	0.147	0.5085	-0.114	0	271	291	3
2026-02-12	15:04:46.790	-53.165	1.995	-72.485	1.269776	-0.083448	0.464088	0.1545	0.498	-0.114	0	271	291	3
2026-02-12	15:04:46.810	-84.77	6.335	-66.815	1.084092	-0.060024	0.371368	0.1725	0.504	-0.1215	0	269	301	3
2026-02-12	15:04:46.830	-111.65	4.655	-58.765	1.014552	-0.132248	0.29646	0.1695	0.498	-0.114	0	269	301	3
2026-02-12	15:04:46.850	-111.09	-3.255	-54.95	1.192916	-0.2196	0.364292	0.1575	0.498	-0.132	0	269	301	3
2026-02-12	15:04:46.870	-82.145	-6.16	-51.8	1.25904	-0.250832	0.472628	0.1845	0.51	-0.1365	0	269	301	3
2026-02-12	15:04:46.890	-44.485	-5.11	-42.07	1.200724	-0.229116	0.518988	0.1755	0.51	-0.1455	0	269	301	3
2026-02-12	15:04:46.910	-3.045	-3.08	-28.525	1.117276	-0.185928	0.558516	0.18	0.504	-0.1545	0	269	301	3
2026-02-12	15:04:46.930	43.47	0.455	-15.4	1.003328	-0.110532	0.56852	0.1785	0.5025	-0.15	0	269	301	3
2026-02-12	15:04:46.950	99.54	4.725	-0.595	0.931348	0.104432	0.598044	0.189	0.4935	-0.1455	0	269	301	3
2026-02-12	15:04:46.970	98.77	11.375	7.175	0.851072	0.236924	0.621712	0.186	0.489	-0.15	0	269	301	3
2026-02-12	15:04:46.990	66.43	17.57	10.605	0.765916	0.29768	0.617076	0.186	0.48	-0.129	0	269	301	3
2026-02-12	15:04:47.010	22.505	20.93	8.05	0.74542	0.230824	0.575352	0.177	0.483	-0.1335	0	267	327	3
2026-02-12	15:04:47.030	-5.81	22.82	4.235	0.76494	0.1586	0.504836	0.189	0.4755	-0.1395	0	267	327	3
2026-02-12	15:04:47.050	-16.31	23.03	2.485	0.797148	0.112484	0.433344	0.198	0.4665	-0.138	0	267	327	3
2026-02-12	15:04:47.070	-18.76	22.75	2.975	0.761524	0.06344	0.370636	0.189	0.4755	-0.144	0	267	327	3
2026-02-12	15:04:47.090	-12.425	19.425	3.815	0.746884	0.013664	0.335744	0.189	0.4725	-0.141	0	267	327	3
2026-02-12	15:04:47.110	3.465	13.51	4.165	0.768112	-0.015616	0.327936	0.1875	0.4785	-0.147	0	267	327	3
2026-02-12	15:04:47.130	25.235	6.825	3.745	0.78446	-0.022448	0.332084	0.186	0.477	-0.1545	0	267	327	3
2026-02-12	15:04:47.150	47.32	-2.065	4.34	0.773724	-0.026352	0.339648	0.1815	0.4875	-0.147	0	267	327	3
2026-02-12	15:04:47.170	58.625	-10.64	6.545	0.749812	-0.048068	0.354044	0.1785	0.4785	-0.15	0	267	327	3
2026-02-12	15:04:47.190	63.945	-15.89	9.03	0.755912	-0.074908	0.35868	0.1905	0.474	-0.15	0	267	327	3
2026-02-12	15:04:47.210	69.055	-20.125	12.565	0.771528	-0.078812	0.361608	0.1905	0.4695	-0.138	0	266	360	3
2026-02-12	15:04:47.230	75.18	-23.205	17.115	0.763964	-0.037576	0.357948	0.183	0.465	-0.129	0	266	360	3
2026-02-12	15:04:47.250	79.38	-25.9	21.805	0.799344	-0.01952	0.366	0.1755	0.45	-0.1185	0	266	360	3
2026-02-12	15:04:47.270	85.505	-24.71	26.705	0.814228	-0.011956	0.369172	0.171	0.459	-0.1125	0	266	360	3
2026-02-12	15:04:47.290	91.14	-21	32.34	0.804468	0.038552	0.37576	0.1635	0.456	-0.1035	0	266	360	3
2026-02-12	15:04:47.310	90.37	-14.735	36.155	0.743468	0.09467199	0.365512	0.1635	0.45	-0.0975	0	266	360	3
2026-02-12	15:04:47.330	87.22	-8.75	37.345	0.71614	0.162748	0.373076	0.1605	0.456	-0.0855	0	266	360	3
2026-02-12	15:04:47.350	79.275	-1.155	39.165	0.706624	0.210816	0.393328	0.1575	0.4485	-0.072	0	266	360	3
2026-02-12	15:04:47.370	61.11	13.475	44.205	0.661484	0.218624	0.321348	0.1545	0.4455	-0.0675	0	266	360	3
2026-02-12	15:04:47.390	48.265	19.355	42.77	0.668072	0.23058	0.276452	0.141	0.4485	-0.069	0	266	360	3
2026-02-12	15:04:47.410	19.705	22.015	39.515	0.732244	0.187148	0.27938	0.1455	0.4515	-0.06	0	264	376	3
2026-02-12	15:04:47.430	-11.2	24.43	39.375	0.828136	0.072712	0.294508	0.141	0.453	-0.066	0	264	376	3
2026-02-12	15:04:47.450	-17.535	27.545	41.125	0.867176	0.048312	0.305	0.1365	0.459	-0.063	0	264	376	3
2026-02-12	15:04:47.470	-23.975	32.025	48.37	0.82106	0.128588	0.288896	0.138	0.465	-0.0705	0	264	376	3
2026-02-12	15:04:47.490	-44.8	31.78	57.155	0.82716	0.068808	0.223992	0.141	0.471	-0.072	0	264	376	3
2026-02-12	15:04:47.510	-61.285	24.255	59.29	0.86132	0.083204	0.234484	0.138	0.4785	-0.084	0	264	376	3
2026-02-12	15:04:47.530	-66.36	16.03	54.6	0.90036	0.105408	0.32574	0.135	0.495	-0.081	0	264	376	3
2026-02-12	15:04:47.550	-63.035	7.455	46.48	0.9455	0.126148	0.420168	0.1305	0.51	-0.087	0	264	376	3
2026-02-12	15:04:47.570	-70.21	-4.62	33.985	0.9821	0.122244	0.499712	0.132	0.5175	-0.0915	0	264	376	3
2026-02-12	15:04:47.590	-69.09	-18.725	18.655	1.037	-0.059292	0.525332	0.132	0.5175	-0.0915	0	264	376	3
2026-02-12	15:04:47.610	-45.815	-26.915	7.945	0.998936	-0.076616	0.559736	0.1245	0.528	-0.1005	0	259	377	3
2026-02-12	15:04:47.630	-12.075	-33.425	-5.425	1.093364	-0.00244	0.601704	0.1215	0.546	-0.084	0	259	377	3
2026-02-12	15:04:47.650	8.54	-33.495	-16.1	1.22366	-0.000244	0.566812	0.1275	0.549	-0.0885	0	259	377	3
2026-02-12	15:04:47.670	15.19	-26.215	-25.13	1.240984	-0.08174	0.427488	0.12	0.537	-0.078	0	259	377	3
2026-02-12	15:04:47.690	15.855	-17.955	-29.365	1.138748	-0.122244	0.23302	0.1215	0.5265	-0.0675	0	259	377	3
2026-02-12	15:04:47.710	17.99	-22.26	-28.875	1.247572	-0.119316	0.111264	0.12	0.5355	-0.066	0	259	377	3
2026-02-12	15:04:47.730	19.81	-30.835	-32.34	1.469856	-0.100284	0.1159	0.1125	0.5325	-0.072	0	259	377	3
2026-02-12	15:04:47.750	11.165	-30.205	-31.71	1.457656	-0.084668	0.197884	0.1215	0.5205	-0.0645	0	259	377	3
2026-02-12	15:04:47.770	0.21	-26.985	-30.695	1.358348	-0.071736	0.266936	0.114	0.522	-0.0615	0	259	377	3
2026-02-12	15:04:47.790	-23.17	-23.17	-28.7	1.294664	-0.083936	0.291336	0.114	0.5205	-0.057	0	259	377	3
2026-02-12	15:04:47.810	-57.855	-16.485	-23.205	1.12972	-0.126392	0.288164	0.1125	0.5175	-0.0525	0	256	372	3
2026-02-12	15:04:47.830	-86.555	-14	-14.98	0.981856	-0.131272	0.244732	0.1125	0.516	-0.048	0	256	372	3
2026-02-12	15:04:47.850	-112.42	-14.56	-5.915	0.85888	-0.135176	0.200812	0.114	0.5175	-0.057	0	256	372	3
2026-02-12	15:04:47.870	-126.91	-17.5	0.175	0.798368	-0.156648	0.176412	0.114	0.5205	-0.0585	0	256	372	3
2026-02-12	15:04:47.890	-126.98	-20.825	2.66	0.801052	-0.191296	0.169824	0.1155	0.522	-0.0615	0	256	372	3
2026-02-12	15:04:47.910	-116.06	-23.765	2.625	0.857172	-0.214232	0.172752	0.1125	0.5415	-0.0675	0	256	372	3
2026-02-12	15:04:47.930	-99.155	-23.87	1.155	0.880352	-0.231068	0.1708	0.1125	0.549	-0.0705	0	256	372	3
2026-02-12	15:04:47.950	-76.195	-22.225	-1.12	0.923052	-0.25254	0.168848	0.1065	0.555	-0.063	0	256	372	3
2026-02-12	15:04:47.970	-48.055	-19.67	-4.515	1.004792	-0.263276	0.160796	0.114	0.5625	-0.0645	0	256	372	3
2026-02-12	15:04:47.990	-25.2	-15.365	-7.49	1.036512	-0.239608	0.1464	0.1125	0.564	-0.066	0	256	372	3
2026-02-12	15:04:48.010	-2.485	-10.885	-10.99	1.058228	-0.229116	0.15372	0.1035	0.573	-0.0615	0	254	351	3
2026-02-12	15:04:48.030	13.195	-6.3	-14.175	1.02114	-0.198372	0.198372	0.1005	0.5655	-0.0615	0	254	351	3
2026-02-12	15:04:48.050	21.35	-0.49	-15.12	0.97478	-0.15006	0.214964	0.0975	0.5595	-0.0615	0	254	351	3
2026-02-12	15:04:48.070	15.89	5.355	-14.175	0.946964	-0.11712	0.204228	0.1215	0.5595	-0.0585	0	254	351	3
2026-02-12	15:04:48.090	2.45	9.415	-13.195	0.978928	-0.103944	0.209108	0.1065	0.555	-0.054	0	254	351	3
2026-02-12	15:04:48.110	-9.59	12.25	-13.3	1.027728	-0.09028	0.255224	0.108	0.5535	-0.069	0	254	351	3
2026-02-12	15:04:48.130	-21.665	19.845	-11.69	0.97966	-0.08174	0.27572	0.1185	0.552	-0.063	0	254	351	3
2026-02-12	15:04:48.150	-32.165	27.685	-6.755	0.911584	-0.083936	0.24522	0.1125	0.561	-0.0645	0	254	351	3
2026-02-12	15:04:48.170	-43.19	33.495	0.105	0.864492	-0.06588	0.199836	0.1185	0.555	-0.0705	0	254	351	3
2026-02-12	15:04:48.190	-52.99	39.06	7.805	0.775432	-0.07905599	0.181292	0.129	0.555	-0.0735	0	254	351	3
2026-02-12	15:04:48.210	-57.68	43.33	16.625	0.705404	-0.086132	0.175436	0.114	0.567	-0.087	0	251	318	3
2026-02-12	15:04:48.230	-58.03	45.185	23.73	0.671732	-0.099064	0.209352	0.114	0.567	-0.087	0	251	318	3
2026-02-12	15:04:48.250	-54.915	47.6	27.475	0.635864	-0.084668	0.213012	0.123	0.5715	-0.0945	0	251	318	3
2026-02-12	15:04:48.270	-55.335	47.985	27.545	0.674416	-0.078324	0.179828	0.132	0.576	-0.1035	0	251	318	3
2026-02-12	15:04:48.290	-63.07	44.835	21.21	0.771528	-0.082228	0.169336	0.1305	0.5835	-0.114	0	251	318	3
2026-02-12	15:04:48.310	-77.875	38.255	9.8	0.8601	-0.13298	0.205936	0.1425	0.597	-0.1215	0	251	318	3
2026-02-12	15:04:48.330	-91.945	31.15	-4.585	0.89792	-0.197884	0.257908	0.1455	0.6075	-0.123	0	251	318	3
2026-02-12	15:04:48.350	-94.43	22.785	-22.19	0.934764	-0.25986	0.321836	0.147	0.606	-0.126	0	251	318	3
2026-02-12	15:04:48.370	-89.565	13.3	-42.42	0.984784	-0.351116	0.389424	0.153	0.618	-0.1335	0	251	318	3
2026-02-12	15:04:48.390	-81.83	5.845	-60.725	1.03334	-0.445056	0.408456	0.156	0.621	-0.1425	0	251	318	3
2026-02-12	15:04:48.410	-67.34	-0.21	-72.87	1.02724	-0.528504	0.355752	0.153	0.621	-0.1455	0	247	293	3
2026-02-12	15:04:48.430	-44.73	-13.72	-79.205	1.013088	-0.513864	0.256932	0.1425	0.618	-0.1365	0	247	293	3
2026-02-12	15:04:48.450	-12.635	-35.28	-84.84	1.131672	-0.538264	0.255956	0.1485	0.6105	-0.138	0	247	293	3
2026-02-12	15:04:48.470	48.79	-52.465	-91.07	1.38104	-0.625372	0.514352	0.1575	0.5985	-0.1335	0	247	293	3
2026-02-12	15:04:48.490	148.575	-52.675	-95.06	1.551108	-0.602192	0.864004	0.1605	0.5925	-0.126	0	247	293	3
2026-02-12	15:04:48.510	232.995	-42.175	-89.635	1.4579	-0.27938	0.743956	0.1575	0.576	-0.1275	0	247	293	3
2026-02-12	15:04:48.530	260.19	-30.275	-75.915	1.376648	-0.276452	0.748592	0.15	0.5445	-0.105	0	247	293	3
2026-02-12	15:04:48.550	276.85	-11.48	-50.925	1.220488	-0.212524	0.833016	0.1575	0.507	-0.0885	0	247	293	3
2026-02-12	15:04:48.570	262.885	7.385	-27.3	1.16022	-0.097844	0.874496	0.1545	0.483	-0.078	0	247	293	3
2026-02-12	15:04:48.590	232.33	35.56	-2.205	1.06506	-0.039772	0.72346	0.156	0.4695	-0.0525	0	247	293	3
2026-02-12	15:04:48.610	181.51	60.865	18.375	0.995276	0.08418	0.522892	0.1575	0.4575	-0.042	0	247	305	3
2026-02-12	15:04:48.630	109.9	81.445	35.315	1.01016	0.097356	0.357948	0.1515	0.447	-0.039	0	247	305	3
2026-02-12	15:04:48.650	13.44	102.27	59.22	0.997472	0.019032	0.27084	0.156	0.4485	-0.0375	0	247	305	3
2026-02-12	15:04:48.670	-44.03	105.21	77	1.028216	-0.023668	0.266692	0.156	0.4575	-0.0495	0	247	305	3
2026-02-12	15:04:48.690	-83.44	105.91	93.765	1.08946	-0.030744	0.306952	0.159	0.4755	-0.0705	0	247	305	3
2026-02-12	15:04:48.710	-109.165	105	106.47	1.171688	-0.013664	0.269864	0.162	0.4845	-0.0795	0	247	305	3
2026-02-12	15:04:48.730	-135.1	101.22	118.16	1.110444	-0.049288	0.189344	0.1515	0.498	-0.0975	0	247	305	3
2026-02-12	15:04:48.750	-155.96	91.315	128.1	0.948672	-0.109556	0.128344	0.1545	0.5145	-0.123	0	247	305	3
2026-02-12	15:04:48.770	-160.02	72.205	133.91	0.848876	-0.142008	0.089548	0.156	0.5475	-0.138	0	247	305	3
2026-02-12	15:04:48.790	-148.54	49.98	133.7	0.784216	-0.118584	0.07515199	0.1485	0.582	-0.1575	0	247	305	3
2026-02-12	15:04:48.810	-121.275	29.75	125.93	0.76738	-0.120536	0.067588	0.15	0.6075	-0.1725	0	252	333	3
2026-02-12	15:04:48.830	-83.37	12.565	113.435	0.701012	-0.102724	0.024156	0.153	0.642	-0.177	0	252	333	3
2026-02-12	15:04:48.850	-11.865	-4.025	94.01	0.71126	-0.266692	0.085644	0.1605	0.672	-0.1695	0	252	333	3
2026-02-12	15:04:48.870	74.585	-16.66	76.265	0.756644	-0.418704	0.169336	0.1605	0.672	-0.1695	0	252	333	3
2026-02-12	15:04:48.890	131.145	-25.2	63.805	0.782264	-0.329644	0.18666	0.159	0.681	-0.1695	0	252	333	3
2026-02-12	15:04:48.910	173.25	-32.095	48.125	0.780312	-0.144204	0.227652	0.1485	0.687	-0.1695	0	252	333	3
2026-02-12	15:04:48.930	196.49	-37.485	35.665	0.771284	-0.039284	0.30744	0.138	0.684	-0.1695	0	252	333	3
2026-02-12	15:04:48.950	197.435	-41.965	30.695	0.78446	-0.022936	0.423096	0.141	0.6675	-0.1665	0	252	333	3
2026-02-12	15:04:48.970	154.7	-45.99	35.035	0.788364	0.027816	0.496784	0.138	0.6555	-0.1605	0	252	333	3
2026-02-12	15:04:48.990	77.14	-49.665	42.56	0.748836	0.014396	0.498736	0.1275	0.6375	-0.15	0	252	333	3
2026-02-12	15:04:49.010	10.85	-54.53	44.695	0.743224	-0.005368	0.515328	0.1275	0.633	-0.1485	0	259	335	3
2026-02-12	15:04:49.030	-23.24	-58.52	39.9	0.755912	0.0366	0.388936	0.1125	0.639	-0.141	0	259	335	3
2026-02-12	15:04:49.050	-26.985	-63	29.855	0.709308	-0.012444	0.207888	0.1185	0.6555	-0.1275	0	259	335	3
2026-02-12	15:04:49.070	9.38	-66.815	19.985	0.71004	-0.2623	0.212524	0.108	0.651	-0.1275	0	259	335	3
2026-02-12	15:04:49.090	47.005	-68.6	17.92	0.77104	-0.38674	0.342332	0.1005	0.6555	-0.114	0	259	335	3
2026-02-12	15:04:49.110	71.225	-64.155	18.13	0.804712	-0.367952	0.427732	0.09	0.6585	-0.096	0	259	335	3
2026-02-12	15:04:49.130	98.385	-55.72	18.27	0.772504	-0.284992	0.4453	0.0825	0.6555	-0.0855	0	259	335	3
2026-02-12	15:04:49.150	120.19	-47.915	19.915	0.732732	-0.167384	0.441396	0.0795	0.6555	-0.0795	0	259	335	3
2026-02-12	15:04:49.170	120.925	-42.035	24.325	0.70272	-0.07124799	0.441152	0.0825	0.6435	-0.0705	0	259	335	3
2026-02-12	15:04:49.190	104.93	-37.59	27.825	0.690276	-0.024156	0.453108	0.081	0.6435	-0.063	0	259	335	3
2026-02-12	15:04:49.210	77.315	-36.225	28.21	0.71858	-0.00488	0.457744	0.0795	0.6345	-0.0555	0	266	335	3
2026-02-12	15:04:49.230	39.48	-37.03	26.495	0.736392	-0.046116	0.437492	0.0705	0.6435	-0.0465	0	266	335	3
2026-02-12	15:04:49.250	9.555	-40.6	24.22	0.750788	-0.120292	0.403088	0.0645	0.6405	-0.0435	0	266	335	3
2026-02-12	15:04:49.270	5.95	-45.15	17.85	0.833016	-0.133956	0.464576	0.066	0.6465	-0.036	0	266	335	3
2026-02-12	15:04:49.290	29.085	-44.835	3.745	0.919148	-0.14274	0.479948	0.063	0.6495	-0.0285	0	266	335	3
2026-02-12	15:04:49.310	47.25	-43.155	-3.29	0.907192	-0.142252	0.436028	0.0615	0.645	-0.021	0	266	335	3
2026-02-12	15:04:49.330	61.635	-45.85	-11.095	0.969412	-0.133224	0.398452	0.054	0.639	-0.0045	0	266	335	3
2026-02-12	15:04:49.350	73.43	-49.7	-23.24	1.10166	-0.123708	0.399672	0.048	0.6345	0.0015	0	266	335	3
2026-02-12	15:04:49.370	76.37	-49.07	-35.245	1.16998	-0.093696	0.382348	0.048	0.6315	0	0	266	335	3
2026-02-12	15:04:49.390	69.755	-43.505	-43.96	1.160464	-0.036844	0.3233	0.051	0.636	0.015	0	266	335	3
2026-02-12	15:04:49.410	53.095	-39.095	-53.305	1.247328	0.00976	0.238632	0.0585	0.6135	0.0255	0	270	344	3
2026-02-12	15:04:49.430	23.94	-40.145	-69.3	1.469612	0.00854	0.193736	0.057	0.6105	0.0285	0	270	344	3
2026-02-12	15:04:49.450	-8.75	-41.615	-88.48	1.723128	-0.076616	0.22326	0.0465	0.6105	0.0495	0	270	344	3
2026-02-12	15:04:49.470	-41.545	-33.355	-99.435	1.752408	-0.163724	0.223016	0.0615	0.594	0.0465	0	270	344	3
2026-02-12	15:04:49.490	-81.27	-17.29	-96.53	1.45302	-0.19154	0.132248	0.051	0.582	0.0555	0	270	344	3
2026-02-12	15:04:49.510	-131.6	-9.835	-82.495	1.219024	-0.130296	0.030744	0.051	0.582	0.0555	0	270	344	3
2026-02-12	15:04:49.530	-172.445	-9.765	-64.645	1.139724	-0.15006	0.010736	0.06	0.57	0.0525	0	270	344	3
2026-02-12	15:04:49.550	-190.89	-12.635	-47.6	1.12728	-0.157868	0.059292	0.069	0.558	0.045	0	270	344	3
2026-02-12	15:04:49.570	-190.26	-13.44	-33.39	1.05286	-0.12444	0.1098	0.0735	0.5535	0.039	0	270	344	3
2026-02-12	15:04:49.590	-169.26	-12.565	-25.55	0.980636	-0.110532	0.166896	0.078	0.552	0.039	0	270	344	3
2026-02-12	15:04:49.610	-145.53	-10.885	-22.855	0.936472	-0.145912	0.198616	0.0795	0.555	0.024	0	273	338	3
2026-02-12	15:04:49.630	-118.09	-6.3	-24.29	0.892796	-0.1891	0.253516	0.0795	0.5595	0.0285	0	273	338	3
2026-02-12	15:04:49.650	-87.57	0.91	-28.98	0.87596	-0.188124	0.273768	0.075	0.5685	0.0195	0	273	338	3
2026-02-12	15:04:49.670	-64.54	8.54	-34.79	0.837408	-0.204472	0.21838	0.075	0.5655	0.009	0	273	338	3
2026-02-12	15:04:49.690	-47.67	12.95	-40.6	0.776896	-0.238144	0.121756	0.078	0.555	0.0105	0	273	338	3
2026-02-12	15:04:49.710	-29.785	11.41	-50.085	0.770064	-0.260836	0.07564	0.0765	0.564	0.006	0	273	338	3
2026-02-12	15:04:49.730	-7.77	9.345	-61.81	0.851316	-0.26596	0.09857599	0.0795	0.5565	0.003	0	273	338	3
2026-02-12	15:04:49.750	13.475	11.795	-69.72	0.946964	-0.222772	0.13054	0.0885	0.5445	-0.0015	0	273	338	3
2026-02-12	15:04:49.770	29.26	16.1	-76.58	1.059448	-0.164944	0.15006	0.0945	0.5295	0.0015	0	273	338	3
2026-02-12	15:04:49.790	27.44	22.575	-79.94	1.09312	-0.109556	0.155428	0.0915	0.513	0.003	0	273	338	3
2026-02-12	15:04:49.810	6.055	31.08	-75.32	1.012356	-0.099796	0.152744	0.0915	0.507	0	0	275	309	3
2026-02-12	15:04:49.830	-24.815	37.52	-65.275	0.962824	-0.069784	0.14152	0.099	0.501	-0.006	0	275	309	3
2026-02-12	15:04:49.850	-62.755	42.98	-52.325	0.931592	-0.021472	0.1464	0.105	0.504	-0.006	0	275	309	3
2026-02-12	15:04:49.870	-102.515	48.72	-36.505	0.890356	0.002928	0.160308	0.1185	0.492	-0.0195	0	275	309	3
2026-02-12	15:04:49.890	-135.695	53.55	-17.99	0.839116	-0.00366	0.164944	0.1215	0.4935	-0.027	0	275	309	3
2026-02-12	15:04:49.910	-160.405	57.015	0.875	0.78568	-0.002928	0.151524	0.129	0.4965	-0.0345	0	275	309	3
2026-02-12	15:04:49.930	-190.54	52.955	21.28	0.822768	0.028304	0.165188	0.126	0.5025	-0.0585	0	275	309	3
2026-02-12	15:04:49.950	-229.565	47.635	27.545	0.874008	0.114924	0.199836	0.129	0.5175	-0.075	0	275	309	3
2026-02-12	15:04:49.970	-268.835	44.695	27.37	0.88694	-0.0183	0.166164	0.132	0.546	-0.0975	0	275	309	3
2026-02-12	15:04:49.990	-265.755	38.395	14.385	0.904996	-0.177144	0.158844	0.1365	0.573	-0.114	0	275	309	3
2026-02-12	15:04:50.010	-221.515	31.36	-8.225	0.922808	-0.324032	0.179584	0.1395	0.591	-0.129	0	274	272	3
2026-02-12	15:04:50.030	-156.94	23.94	-33.215	0.953552	-0.455792	0.231068	0.1395	0.594	-0.135	0	274	272	3
2026-02-12	15:04:50.050	-83.44	17.01	-56.91	1.04188	-0.463112	0.30622	0.1605	0.627	-0.144	0	274	272	3
2026-02-12	15:04:50.070	-23.625	9.135	-78.155	1.181692	-0.3721	0.311344	0.1545	0.624	-0.1455	0	274	272	3
2026-02-12	15:04:50.090	15.015	2.8	-95.795	1.203652	-0.25864	0.338428	0.156	0.621	-0.147	0	274	272	3
2026-02-12	15:04:50.110	39.83	-3.92	-107.52	1.137528	-0.199592	0.412116	0.1605	0.6075	-0.1485	0	274	272	3
2026-02-12	15:04:50.130	65.87	-10.36	-110.775	1.001864	-0.109312	0.442616	0.156	0.5925	-0.141	0	274	272	3
2026-02-12	15:04:50.150	67.62	-26.845	-109.655	1.099952	0.037088	0.358924	0.156	0.5925	-0.141	0	274	272	3
2026-02-12	15:04:50.170	51.52	-42.525	-110.88	1.276852	-0.049776	0.39528	0.165	0.561	-0.138	0	274	272	3
2026-02-12	15:04:50.190	62.58	-50.54	-106.75	1.400072	-0.179096	0.591944	0.1725	0.525	-0.129	0	274	272	3
2026-02-12	15:04:50.210	88.725	-48.44	-89.81	1.351516	-0.1464	0.74664	0.177	0.516	-0.117	0	271	260	3
2026-02-12	15:04:50.230	99.19	-40.425	-65.45	1.180472	0.01708	0.776408	0.183	0.501	-0.1035	0	271	260	3
2026-02-12	15:04:50.250	80.465	-28.105	-37.38	1.001132	0.094184	0.760304	0.183	0.4905	-0.099	0	271	260	3
2026-02-12	15:04:50.270	57.295	-12.53	-9.52	0.854488	0.07198	0.72224	0.183	0.474	-0.096	0	271	260	3
2026-02-12	15:04:50.290	39.025	2.275	13.86	0.745664	0.080032	0.670024	0.174	0.4695	-0.093	0	271	260	3
2026-02-12	15:04:50.310	15.225	14.035	33.6	0.673928	0.119804	0.63684	0.1875	0.4635	-0.0855	0	271	260	3
2026-02-12	15:04:50.330	-26.39	22.015	49.595	0.686128	0.179096	0.594872	0.183	0.4605	-0.0915	0	271	260	3
2026-02-12	15:04:50.350	-87.885	28.665	62.09	0.770552	0.138348	0.573156	0.1785	0.468	-0.09	0	271	260	3
2026-02-12	15:04:50.370	-140.14	35.77	71.33	0.809348	0.014396	0.523868	0.171	0.486	-0.099	0	271	260	3
2026-02-12	15:04:50.390	-148.33	35.805	77.735	0.837896	-0.150548	0.425292	0.168	0.5145	-0.1125	0	271	260	3
2026-02-12	15:04:50.410	-126.35	30.625	82.67	0.866688	-0.263276	0.379908	0.1695	0.5325	-0.1275	0	271	298	3
2026-02-12	15:04:50.430	-89.74	22.54	85.89	0.86742	-0.286456	0.386984	0.168	0.5535	-0.1395	0	271	298	3
2026-02-12	15:04:50.450	-52.78	13.825	87.5	0.846192	-0.301828	0.42822	0.1665	0.573	-0.1395	0	271	298	3
2026-02-12	15:04:50.470	-17.675	6.02	88.865	0.798368	-0.304268	0.457988	0.1635	0.5835	-0.1365	0	271	298	3
2026-02-12	15:04:50.490	15.225	-0.875	90.335	0.779092	-0.289872	0.4758	0.1545	0.591	-0.1485	0	271	298	3
2026-02-12	15:04:50.510	43.155	-4.2	89.39	0.764452	-0.220576	0.46116	0.147	0.603	-0.15	0	271	298	3
2026-02-12	15:04:50.530	56.595	-4.97	87.64	0.734928	-0.147376	0.391376	0.1455	0.615	-0.1395	0	271	298	3
2026-02-12	15:04:50.550	59.78	-5.985	85.155	0.705648	-0.125416	0.306464	0.141	0.621	-0.1395	0	271	298	3
2026-02-12	15:04:50.570	59.64	-8.085	79.415	0.691008	-0.168604	0.228872	0.135	0.624	-0.138	0	271	298	3
2026-02-12	15:04:50.590	62.79	-8.505	76.93	0.72346	-0.215208	0.187148	0.1335	0.63	-0.1335	0	271	298	3
2026-02-12	15:04:50.610	70.98	-7.035	76.72	0.737368	-0.227408	0.14762	0.132	0.642	-0.1275	0	273	344	3
2026-02-12	15:04:50.630	76.475	-4.97	78.435	0.720044	-0.17934	0.110776	0.135	0.6495	-0.1245	0	273	344	3
2026-02-12	15:04:50.650	76.965	-4.235	80.605	0.710772	-0.17446	0.08784	0.1305	0.651	-0.126	0	273	344	3
2026-02-12	15:04:50.670	79.59	-4.655	81.725	0.738344	-0.159332	0.070272	0.123	0.6495	-0.123	0	273	344	3
2026-02-12	15:04:50.690	81.27	-6.125	82.18	0.768356	-0.143472	0.063684	0.1215	0.651	-0.1185	0	273	344	3
2026-02-12	15:04:50.710	78.435	-9.345	82.915	0.771772	-0.101504	0.066612	0.132	0.657	-0.1125	0	273	344	3
2026-02-12	15:04:50.730	68.81	-14.455	82.425	0.77104	-0.081008	0.08052	0.1335	0.663	-0.1185	0	273	344	3
2026-02-12	15:04:50.750	55.475	-20.475	78.715	0.80154	-0.07515199	0.096136	0.1305	0.663	-0.1095	0	273	344	3
2026-02-12	15:04:50.770	42.91	-29.855	68.565	0.918172	-0.111752	0.137128	0.1185	0.6675	-0.1065	0	273	344	3
2026-02-12	15:04:50.790	42.035	-38.57	54.915	1.025288	-0.164212	0.161528	0.1185	0.6675	-0.1065	0	273	344	3
2026-02-12	15:04:50.810	44.31	-47.6	41.195	1.156072	-0.165432	0.189588	0.114	0.6795	-0.096	0	275	347	3
2026-02-12	15:04:50.830	46.795	-56.35	23.73	1.303204	-0.206668	0.25376	0.111	0.687	-0.084	0	275	347	3
2026-02-12	15:04:50.850	61.74	-59.675	6.685	1.38958	-0.246196	0.386496	0.1095	0.684	-0.078	0	275	347	3
2026-02-12	15:04:50.870	82.6	-56.91	-5.705	1.440576	-0.188368	0.44652	0.1035	0.6855	-0.0705	0	275	347	3
2026-02-12	15:04:50.890	91	-51.1	-15.295	1.470588	-0.121756	0.409188	0.0975	0.6795	-0.0615	0	275	347	3
2026-02-12	15:04:50.910	89.565	-45.745	-22.05	1.47498	-0.105652	0.325496	0.0945	0.672	-0.0555	0	275	347	3
2026-02-12	15:04:50.930	86.905	-40.915	-26.32	1.455216	-0.139568	0.267668	0.1035	0.678	-0.0405	0	275	347	3
2026-02-12	15:04:50.950	88.83	-35.77	-27.335	1.371036	-0.152744	0.224724	0.0885	0.6615	-0.036	0	275	347	3
2026-02-12	15:04:50.970	90.475	-33.145	-25.795	1.260748	-0.114436	0.194468	0.0885	0.6555	-0.0315	0	275	347	3
2026-02-12	15:04:50.990	86.205	-33.705	-22.015	1.136796	-0.059292	0.208376	0.0945	0.6405	-0.0375	0	275	347	3
2026-02-12	15:04:51.010	78.785	-35.56	-17.395	1.032364	-0.026596	0.314028	0.093	0.633	-0.0255	0	278	328	3
2026-02-12	15:04:51.030	78.855	-35.805	-14.525	0.962092	-0.006832	0.403332	0.0885	0.621	-0.012	0	278	328	3
2026-02-12	15:04:51.050	73.85	-36.575	-12.74	0.909144	0.030256	0.443348	0.084	0.6165	-0.006	0	278	328	3
2026-02-12	15:04:51.070	51.03	-36.995	-13.3	0.86498	0.037576	0.469944	0.084	0.612	-0.0015	0	278	328	3
2026-02-12	15:04:51.090	12.285	-36.085	-13.51	0.80642	-0.010492	0.46116	0.0885	0.6105	0	0	278	328	3
2026-02-12	15:04:51.110	-16.17	-34.965	-16.765	0.769332	-0.090524	0.421876	0.0915	0.612	0.0015	0	278	328	3
2026-02-12	15:04:51.130	-26.6	-35.315	-24.045	0.787876	-0.133224	0.386008	0.084	0.6045	0.0135	0	278	328	3
2026-02-12	15:04:51.150	-31.64	-35.175	-31.78	0.831064	-0.166408	0.371124	0.081	0.5955	0.0135	0	278	328	3
2026-02-12	15:04:51.170	-36.505	-30.87	-38.5	0.83326	-0.22082	0.338916	0.0855	0.6045	0.0255	0	278	328	3
2026-02-12	15:04:51.190	-29.505	-24.955	-44.45	0.8113	-0.276208	0.315248	0.0885	0.6015	0.0225	0	278	328	3
2026-02-12	15:04:51.210	-12.845	-13.265	-50.12	0.73932	-0.234484	0.377224	0.0885	0.594	0.0255	0	281	318	3
2026-02-12	15:04:51.230	-17.395	-4.375	-48.79	0.686128	-0.240584	0.365268	0.081	0.5895	0.0285	0	281	318	3
2026-02-12	15:04:51.250	-15.75	3.885	-43.4	0.61244	-0.275232	0.319396	0.0825	0.582	0.0285	0	281	318	3
2026-02-12	15:04:51.270	-13.58	7.595	-35.735	0.576572	-0.209352	0.301096	0.093	0.573	0.0285	0	281	318	3
2026-02-12	15:04:51.290	-30.31	8.19	-26.81	0.626592	-0.22814	0.282796	0.093	0.57	0.033	0	281	318	3
2026-02-12	15:04:51.310	-46.41	7.385	-19.04	0.729804	-0.245708	0.287432	0.0915	0.57	0.0285	0	281	318	3
2026-02-12	15:04:51.330	-55.79	6.965	-14.455	0.817888	-0.2684	0.294508	0.093	0.57	0.024	0	281	318	3
2026-02-12	15:04:51.350	-54.6	9.135	-12.215	0.879864	-0.298168	0.306708	0.1035	0.5715	0.0285	0	281	318	3
2026-02-12	15:04:51.370	-46.095	11.55	-11.445	0.91622	-0.307684	0.303292	0.1005	0.579	0.0285	0	281	318	3
2026-02-12	15:04:51.390	-33.32	12.39	-13.44	0.987224	-0.34892	0.29768	0.0975	0.588	0.024	0	281	318	3
2026-02-12	15:04:51.410	-0.77	14.245	-16.415	1.05286	-0.386984	0.332328	0.099	0.582	0.021	0	283	320	3
2026-02-12	15:04:51.430	45.955	18.725	-16.03	1.098244	-0.365268	0.398208	0.099	0.582	0.021	0	283	320	3
2026-02-12	15:04:51.450	89.04	18.585	-17.29	1.29808	-0.30134	0.360876	0.102	0.5775	0.0225	0	283	320	3
2026-02-12	15:04:51.470	116.865	15.575	-20.23	1.490596	-0.205936	0.29768	0.1065	0.567	0.0255	0	283	320	3
2026-02-12	15:04:51.490	118.265	13.65	-17.15	1.57746	-0.103212	0.336232	0.1095	0.561	0.027	0	283	320	3
2026-02-12	15:04:51.510	97.93	14.315	-11.585	1.586	0.020984	0.368928	0.1125	0.5535	0.0345	0	283	320	3
2026-02-12	15:04:51.530	51.205	13.86	-2.765	1.497428	0.01464	0.362096	0.114	0.549	0.0405	0	283	320	3
2026-02-12	15:04:51.550	22.47	12.985	8.715	1.358348	-0.077104	0.401136	0.117	0.5535	0.0375	0	283	320	3
2026-02-12	15:04:51.570	28.945	7.63	21.21	1.317844	-0.143228	0.443592	0.111	0.552	0.0345	0	283	320	3
2026-02-12	15:04:51.590	54.565	3.885	31.29	1.281488	-0.132248	0.475556	0.1185	0.5565	0.033	0	283	320	3
2026-02-12	15:04:51.610	77.49	4.62	40.285	1.284172	-0.08052	0.504592	0.1155	0.552	0.042	0	284	326	3
2026-02-12	15:04:51.630	95.585	15.015	49.49	1.096048	-0.072224	0.414556	0.114	0.561	0.039	0	284	326	3
2026-02-12	15:04:51.650	111.93	23.765	55.195	0.894016	-0.030988	0.312564	0.111	0.5595	0.039	0	284	326	3
2026-02-12	15:04:51.670	112.07	26.495	55.755	0.800076	0.006832	0.241072	0.105	0.561	0.0405	0	284	326	3
2026-02-12	15:04:51.690	95.55	26.005	54.705	0.733952	0.029768	0.193492	0.102	0.57	0.039	0	284	326	3
2026-02-12	15:04:51.710	73.605	21.875	52.85	0.731024	-0.0061	0.170556	0.1035	0.5715	0.045	0	284	326	3
2026-02-12	15:04:51.730	59.955	15.61	50.33	0.743224	-0.037088	0.163236	0.1005	0.5745	0.0435	0	284	326	3
2026-02-12	15:04:51.750	54.635	8.295	47.95	0.712968	-0.055144	0.140788	0.099	0.5835	0.036	0	284	326	3
2026-02-12	15:04:51.770	53.235	-1.33	44.065	0.694424	-0.070028	0.11956	0.102	0.588	0.0375	0	284	326	3
2026-02-12	15:04:51.790	53.725	-12.6	37.765	0.753228	-0.108336	0.119072	0.096	0.5925	0.0465	0	284	326	3
2026-02-12	15:04:51.810	59.57	-21.735	29.855	0.868884	-0.16226	0.140544	0.0945	0.591	0.0525	0	287	327	3
2026-02-12	15:04:51.830	69.615	-25.865	22.155	0.914024	-0.187392	0.145424	0.09	0.5955	0.0555	0	287	327	3
2026-02-12	15:04:51.850	82.355	-30.835	12.565	0.876936	-0.21228	0.108092	0.0915	0.594	0.06	0	287	327	3
2026-02-12	15:04:51.870	95.06	-36.505	5.915	0.941352	-0.23668	0.092964	0.087	0.5925	0.0675	0	287	327	3
2026-02-12	15:04:51.890	118.3	-40.04	-1.33	1.051396	-0.245464	0.107116	0.087	0.5925	0.0735	0	287	327	3
2026-02-12	15:04:51.910	141.96	-37.94	-5.46	1.071892	-0.212036	0.093208	0.087	0.594	0.0855	0	287	327	3
2026-02-12	15:04:51.930	154.42	-34.65	-5.18	1.053836	-0.1952	0.068564	0.0855	0.5895	0.099	0	287	327	3
2026-02-12	15:04:51.950	163.835	-31.57	-2.625	1.045784	-0.193736	0.064416	0.0915	0.5865	0.1095	0	287	327	3
2026-02-12	15:04:51.970	174.16	-27.475	1.26	1.06262	-0.182024	0.07808	0.0915	0.585	0.12	0	287	327	3
2026-02-12	15:04:51.990	182.98	-20.895	7.735	1.045784	-0.152988	0.105164	0.09	0.5835	0.123	0	287	327	3
2026-02-12	15:04:52.010	181.755	-12.95	19.215	1.009184	-0.08662	0.100528	0.09	0.5835	0.123	0	288	302	3
2026-02-12	15:04:52.030	172.97	-10.01	25.9	1.034804	-0.053924	0.104432	0.0945	0.582	0.141	0	288	302	3
2026-02-12	15:04:52.050	153.055	-5.075	35.315	1.108492	-0.01586	0.132004	0.084	0.594	0.1425	0	288	302	3
2026-02-12	15:04:52.070	125.44	1.33	43.89	1.106052	0.016592	0.15494	0.084	0.594	0.1425	0	288	302	3
2026-02-12	15:04:52.090	93.975	5.705	51.345	1.027972	0.020496	0.158112	0.0825	0.6	0.15	0	288	302	3
2026-02-12	15:04:52.110	63.805	6.44	57.295	0.983808	0.0122	0.160796	0.0795	0.6105	0.165	0	288	302	3
2026-02-12	15:04:52.130	41.37	3.675	60.06	1.021872	-0.004148	0.160796	0.0795	0.621	0.171	0	288	302	3
2026-02-12	15:04:52.150	22.575	0.385	59.885	1.03456	-0.027572	0.174948	0.081	0.6285	0.171	0	288	302	3
2026-02-12	15:04:52.170	8.435	-3.36	58.59	1.03822	-0.065148	0.175436	0.0825	0.636	0.168	0	288	302	3
2026-02-12	15:04:52.190	2.52	-7.28	55.265	1.031388	-0.101504	0.182512	0.0825	0.6435	0.1665	0	288	302	3
2026-02-12	15:04:52.210	6.195	-9.1	49.49	1.006744	-0.130052	0.199104	0.084	0.6465	0.168	0	285	263	3
2026-02-12	15:04:52.230	16.135	-9.835	42.455	1.00772	-0.140544	0.203008	0.0825	0.6525	0.171	0	285	263	3
2026-02-12	15:04:52.250	25.445	-9.73	34.615	1.025532	-0.141276	0.192028	0.0885	0.6645	0.1755	0	285	263	3
2026-02-12	15:04:52.270	33.04	-7.385	26.145	0.994788	-0.140544	0.155916	0.0795	0.666	0.1755	0	285	263	3
2026-02-12	15:04:52.290	37.52	-5.53	20.685	0.94916	-0.147864	0.12566	0.0795	0.6705	0.1785	0	285	263	3
2026-02-12	15:04:52.310	40.775	-5.145	18.55	0.915732	-0.16714	0.129808	0.078	0.675	0.183	0	285	263	3
2026-02-12	15:04:52.330	51.695	-4.34	17.815	0.925248	-0.221308	0.16714	0.0765	0.6795	0.1845	0	285	263	3
2026-02-12	15:04:52.350	73.395	-1.225	18.9	0.981612	-0.262788	0.211548	0.0795	0.681	0.1875	0	285	263	3
2026-02-12	15:04:52.370	95.97	5.67	21.7	0.999668	-0.229848	0.223992	0.0825	0.687	0.1875	0	285	263	3
2026-02-12	15:04:52.390	109.76	12.845	25.795	1.011624	-0.187636	0.20984	0.0825	0.696	0.189	0	285	263	3
2026-02-12	15:04:52.410	112.875	18.025	29.015	1.046516	-0.167628	0.19032	0.078	0.6975	0.189	0	276	232	3
2026-02-12	15:04:52.430	110.775	22.015	29.925	1.114348	-0.170068	0.197152	0.0765	0.699	0.186	0	276	232	3
2026-02-12	15:04:52.450	103.6	25.655	29.715	1.163636	-0.151768	0.20984	0.0915	0.7095	0.1815	0	276	232	3
2026-02-12	15:04:52.470	84.315	29.05	30.415	1.132892	-0.130784	0.210328	0.0825	0.708	0.1755	0	276	232	3
2026-02-12	15:04:52.490	45.08	29.155	30.8	1.102636	-0.154208	0.205692	0.0825	0.717	0.1695	0	276	232	3
2026-02-12	15:04:52.510	24.885	27.195	30.345	1.085556	-0.183	0.21472	0.084	0.7185	0.1635	0	276	232	3
2026-02-12	15:04:52.530	8.785	22.855	29.365	1.12484	-0.190564	0.221796	0.0795	0.723	0.1575	0	276	232	3
2026-02-12	15:04:52.550	-4.62	18.55	28.28	1.121912	-0.199348	0.221064	0.075	0.7275	0.1575	0	276	232	3
2026-02-12	15:04:52.570	-14.875	15.26	28.105	1.021872	-0.226188	0.21594	0.0765	0.729	0.159	0	276	232	3
2026-02-12	15:04:52.590	-16.275	10.08	27.93	0.937692	-0.247172	0.206424	0.0795	0.7335	0.1575	0	276	232	3
2026-02-12	15:04:52.610	-11.515	4.76	27.545	0.868396	-0.261324	0.194468	0.081	0.7395	0.156	0	262	216	3
2026-02-12	15:04:52.630	-1.82	-1.575	26.635	0.838628	-0.276696	0.188124	0.081	0.7395	0.1545	0	262	216	3
2026-02-12	15:04:52.650	14.175	-7.665	25.095	0.83204	-0.302316	0.188124	0.0795	0.738	0.1545	0	262	216	3
2026-02-12	15:04:52.670	36.89	-12.495	23.31	0.824964	-0.307684	0.17812	0.0855	0.75	0.162	0	262	216	3
2026-02-12	15:04:52.690	69.545	-17.43	19.53	0.828624	-0.302316	0.164212	0.078	0.7605	0.162	0	262	216	3
2026-02-12	15:04:52.710	98.91	-21.14	14.84	0.840336	-0.26596	0.1647	0.078	0.7605	0.162	0	262	216	3
2026-02-12	15:04:52.730	112.245	-23.8	10.675	0.881572	-0.242048	0.166164	0.0825	0.762	0.165	0	262	216	3
2026-02-12	15:04:52.750	120.26	-25.41	6.09	0.890112	-0.222284	0.177632	0.084	0.7665	0.1665	0	262	216	3
2026-02-12	15:04:52.770	123.445	-27.02	1.75	0.887428	-0.195932	0.19154	0.0825	0.7635	0.162	0	262	216	3
2026-02-12	15:04:52.790	121.38	-29.015	-3.185	0.91012	-0.164212	0.20252	0.084	0.7605	0.165	0	262	216	3
2026-02-12	15:04:52.810	114.415	-30.835	-8.61	0.930616	-0.14762	0.223016	0.081	0.768	0.165	0	246	209	3
2026-02-12	15:04:52.830	105.315	-31.815	-13.545	0.924272	-0.143716	0.244488	0.078	0.7695	0.162	0	246	209	3
2026-02-12	15:04:52.850	98.945	-33.39	-18.725	0.96502	-0.137128	0.260592	0.0825	0.7635	0.165	0	246	209	3
2026-02-12	15:04:52.870	93.695	-33.25	-24.22	1.017968	-0.129564	0.2806	0.0855	0.7635	0.165	0	246	209	3
2026-02-12	15:04:52.890	87.465	-29.715	-27.055	1.0065	-0.121268	0.286212	0.087	0.7635	0.1755	0	246	209	3
2026-02-12	15:04:52.910	79.38	-24.955	-28.07	1.086044	-0.076128	0.272548	0.0825	0.7575	0.1725	0	246	209	3
2026-02-12	15:04:52.930	62.58	-19.215	-30.1	1.158756	-0.0122	0.249368	0.0825	0.756	0.1755	0	246	209	3
2026-02-12	15:04:52.950	41.37	-14.805	-30.45	1.175592	-0.02074	0.254248	0.084	0.75	0.1815	0	246	209	3
2026-02-12	15:04:52.970	26.6	-11.34	-29.505	1.197796	-0.036356	0.28548	0.0825	0.744	0.183	0	246	209	3
2026-02-12	15:04:52.990	20.72	-7.21	-27.37	1.2139	-0.0122	0.339648	0.0825	0.7425	0.1845	0	246	209	3
2026-02-12	15:04:53.010	15.925	-2.73	-23.975	1.204872	0.02196	0.382592	0.084	0.7425	0.1845	0	230	214	3
2026-02-12	15:04:53.030	9.205	0.63	-18.235	1.1773	0.028548	0.42212	0.081	0.738	0.1845	0	230	214	3
2026-02-12	15:04:53.050	10.15	3.29	-12.355	1.165344	0.020252	0.466528	0.0765	0.7305	0.183	0	230	214	3
2026-02-12	15:04:53.070	20.72	8.505	-6.965	1.09434	0.037576	0.511668	0.078	0.726	0.1785	0	230	214	3
2026-02-12	15:04:53.090	30.345	17.57	-0.56	0.970876	0.08418	0.494832	0.0825	0.7245	0.177	0	230	214	3
2026-02-12	15:04:53.110	24.99	26.145	5.53	0.867664	0.10126	0.405772	0.0795	0.723	0.1815	0	230	214	3
2026-02-12	15:04:53.130	3.99	33.565	8.785	0.790804	0.060512	0.282308	0.0855	0.7215	0.1785	0	230	214	3
2026-02-12	15:04:53.150	-8.05	34.965	7.7	0.789828	0.031232	0.225944	0.0795	0.7275	0.1755	0	230	214	3
2026-02-12	15:04:53.170	-17.36	35.315	6.615	0.794708	0.005368	0.177632	0.0735	0.732	0.1635	0	230	214	3
2026-02-12	15:04:53.190	-22.435	34.545	5.04	0.815692	-0.026108	0.162504	0.0735	0.7305	0.1575	0	230	214	3
2026-02-12	15:04:53.210	-19.88	32.445	2.03	0.87474	-0.050996	0.17812	0.0735	0.7305	0.1545	0	217	234	3
2026-02-12	15:04:53.230	-14.385	30.765	-0.805	0.929396	-0.060024	0.210084	0.0705	0.732	0.141	0	217	234	3
2026-02-12	15:04:53.250	-12.145	30.695	-1.05	0.931836	-0.068076	0.228628	0.0735	0.732	0.141	0	217	234	3
2026-02-12	15:04:53.270	-10.325	29.505	0.595	0.904508	-0.081252	0.260592	0.075	0.732	0.1425	0	217	234	3
2026-02-12	15:04:53.290	-3.605	27.755	2.59	0.865712	-0.059536	0.306952	0.0705	0.7335	0.1365	0	217	234	3
2026-02-12	15:04:53.310	0.525	25.585	4.83	0.85278	-0.030744	0.323788	0.066	0.7335	0.1335	0	217	234	3
2026-02-12	15:04:53.330	0.175	21.14	8.61	0.83448	-0.042944	0.2867	0.069	0.7245	0.135	0	217	234	3
2026-02-12	15:04:53.350	4.655	13.685	12.005	0.819108	-0.061	0.272792	0.069	0.7245	0.135	0	217	234	3
2026-02-12	15:04:53.370	13.685	6.86	12.32	0.840824	-0.05856	0.283284	0.069	0.7275	0.1275	0	217	234	3
2026-02-12	15:04:53.390	22.4	1.575	12.32	0.832772	-0.071492	0.27206	0.069	0.732	0.12	0	217	234	3
2026-02-12	15:04:53.410	31.465	-4.375	12.39	0.81618	-0.071004	0.258884	0.069	0.7335	0.12	0	208	252	3
2026-02-12	15:04:53.430	39.97	-11.34	10.36	0.872788	-0.059536	0.294752	0.0675	0.735	0.1215	0	208	252	3
2026-02-12	15:04:53.450	46.34	-15.785	6.125	0.899628	-0.050752	0.31354	0.0645	0.7395	0.12	0	208	252	3
2026-02-12	15:04:53.470	50.96	-20.545	1.33	0.89304	-0.022692	0.319152	0.066	0.744	0.12	0	208	252	3
2026-02-12	15:04:53.490	52.185	-25.935	-3.815	0.901824	-0.060268	0.330864	0.0675	0.741	0.1215	0	208	252	3
2026-02-12	15:04:53.510	63.455	-30.065	-9.415	0.89914	-0.071492	0.368928	0.066	0.738	0.1245	0	208	252	3
2026-02-12	15:04:53.530	81.06	-33.6	-13.685	0.904996	-0.0427	0.405528	0.0675	0.7395	0.1275	0	208	252	3
2026-02-12	15:04:53.550	102.27	-35.77	-16.94	0.914268	-0.03172	0.431392	0.0675	0.7365	0.1275	0	208	252	3
2026-02-12	15:04:53.570	121.31	-36.295	-17.08	0.921832	-0.012444	0.454084	0.066	0.732	0.135	0	208	252	3
2026-02-12	15:04:53.590	132.58	-34.37	-14.63	0.935496	0.015372	0.462624	0.0675	0.729	0.141	0	208	252	3
2026-02-12	15:04:53.610	136.85	-30.765	-11.27	0.965752	0.033428	0.452132	0.0675	0.7275	0.1455	0	199	270	3
2026-02-12	15:04:53.630	132.02	-25.76	-7.105	0.97966	0.054656	0.428952	0.063	0.726	0.1485	0	199	270	3
2026-02-12	15:04:53.650	120.47	-20.755	-2.03	0.971852	0.057584	0.400404	0.063	0.726	0.1485	0	199	270	3
2026-02-12	15:04:53.670	106.435	-16.17	3.535	0.971852	0.052216	0.37698	0.0675	0.7275	0.153	0	199	270	3
2026-02-12	15:04:53.690	95.445	-12.285	8.54	0.978196	0.046116	0.373076	0.0675	0.729	0.153	0	199	270	3
2026-02-12	15:04:53.710	86.765	-9.205	12.425	0.970144	0.047824	0.3843	0.06	0.7305	0.15	0	199	270	3
2026-02-12	15:04:53.730	76.58	-6.475	15.995	0.95282	0.029036	0.392596	0.0555	0.7335	0.1515	0	199	270	3
2026-02-12	15:04:53.750	68.53	-3.535	19.565	0.94062	-0.001708	0.3782	0.0585	0.7365	0.1515	0	199	270	3
2026-02-12	15:04:53.770	65.905	-0.805	24.08	0.995032	-0.021228	0.344528	0.0555	0.7335	0.1485	0	199	270	3
2026-02-12	15:04:53.790	65.485	2.17	26.425	1.04676	-0.0244	0.32818	0.063	0.738	0.1515	0	199	270	3
2026-02-12	15:04:53.810	61.005	6.37	30.135	1.056764	-0.034404	0.279624	0.066	0.7425	0.1455	0	191	293	3
2026-02-12	15:04:53.830	53.515	9.17	35.315	1.066768	-0.044164	0.216916	0.0615	0.747	0.1395	0	191	293	3
2026-02-12	15:04:53.850	44.555	9.415	40.635	1.086044	-0.060268	0.178364	0.066	0.75	0.1395	0	191	293	3
2026-02-12	15:04:53.870	39.725	8.295	44.695	1.133868	-0.072712	0.186172	0.072	0.759	0.138	0	191	293	3
2026-02-12	15:04:53.890	39.445	8.925	48.475	1.194136	-0.069296	0.197884	0.0675	0.768	0.132	0	191	293	3
2026-02-12	15:04:53.910	36.4	12.565	54.215	1.195112	-0.062952	0.192028	0.066	0.771	0.1305	0	191	293	3
2026-02-12	15:04:53.930	33.11	17.57	61.145	1.15412	-0.062952	0.187148	0.0675	0.7815	0.1305	0	191	293	3
2026-02-12	15:04:53.950	34.09	22.295	67.76	1.132892	-0.057584	0.178852	0.066	0.7935	0.1215	0	191	293	3
2026-02-12	15:04:53.970	39.48	28.63	74.165	1.074332	-0.0488	0.141276	0.0645	0.7965	0.1185	0	191	293	3
2026-02-12	15:04:53.990	50.015	33.81	78.96	0.997716	-0.006344	0.112484	0.0645	0.7965	0.1185	0	191	293	3
2026-02-12	15:04:54.010	53.725	35	81.585	0.994788	0.019032	0.1159	0.0735	0.813	0.1095	0	183	300	3
2026-02-12	15:04:54.030	34.335	37.45	86.555	0.986492	0.002196	0.09394	0.081	0.8355	0.0975	0	183	300	3
2026-02-12	15:04:54.050	10.78	37.24	88.655	1.008696	0.027572	0.128832	0.0885	0.8505	0.0855	0	183	300	3
2026-02-12	15:04:54.070	-17.43	35.14	88.41	1.069696	-0.003172	0.126636	0.099	0.8625	0.078	0	183	300	3
2026-02-12	15:04:54.090	-35.735	32.48	84.21	1.136552	-0.048556	0.113948	0.1005	0.873	0.0795	0	183	300	3
2026-02-12	15:04:54.110	-45.745	31.045	78.05	1.15534	-0.07564	0.103944	0.108	0.8865	0.0735	0	183	300	3
2026-02-12	15:04:54.130	-53.445	30.94	72.73	1.114836	-0.118584	0.091256	0.12	0.8955	0.066	0	183	300	3
2026-02-12	15:04:54.150	-54.67	29.47	67.2	1.11142	-0.144692	0.078568	0.1245	0.906	0.0645	0	183	300	3
2026-02-12	15:04:54.170	-47.845	28.035	60.48	1.06994	-0.152256	0.065392	0.123	0.921	0.0675	0	183	300	3
2026-02-12	15:04:54.190	-33.81	24.22	53.13	0.954528	-0.12932	0.050996	0.1215	0.9285	0.069	0	183	300	3
2026-02-12	15:04:54.210	-21.455	17.01	46.2	0.860588	-0.111752	0.045384	0.132	0.933	0.066	0	177	277	3
2026-02-12	15:04:54.230	-15.4	8.715	38.255	0.822036	-0.1098	0.063196	0.144	0.942	0.0675	0	177	277	3
2026-02-12	15:04:54.250	-11.27	0.07	27.79	0.7869	-0.112484	0.083936	0.1455	0.948	0.0705	0	177	277	3
2026-02-12	15:04:54.270	-7.105	-8.995	14.91	0.781044	-0.126148	0.105408	0.1515	0.948	0.069	0	177	277	3
2026-02-12	15:04:54.290	-2.38	-17.08	-0.035	0.795684	-0.155672	0.128832	0.1545	0.954	0.0735	0	177	277	3
2026-02-12	15:04:54.310	3.71	-23.59	-15.54	0.807152	-0.184952	0.136884	0.1545	0.9585	0.0735	0	177	277	3
2026-02-12	15:04:54.330	11.06	-29.575	-31.08	0.822524	-0.198372	0.124684	0.15	0.9555	0.0735	0	177	277	3
2026-02-12	15:04:54.350	19.915	-35.245	-45.85	0.867176	-0.204472	0.114436	0.144	0.948	0.078	0	177	277	3
2026-02-12	15:04:54.370	28.49	-40.04	-58.94	0.916464	-0.209108	0.123464	0.1395	0.9465	0.0795	0	177	277	3
2026-02-12	15:04:54.390	40.355	-43.4	-69.615	0.961604	-0.224724	0.1464	0.135	0.9405	0.084	0	177	277	3
2026-02-12	15:04:54.410	65.66	-44.135	-79.415	1.031388	-0.228628	0.183732	0.135	0.9315	0.0885	0	173	239	3
2026-02-12	15:04:54.430	79.87	-41.37	-79.94	1.017724	-0.201056	0.193736	0.1245	0.9225	0.0855	0	173	239	3
2026-02-12	15:04:54.450	87.29	-37.94	-76.16	0.984784	-0.179828	0.192028	0.111	0.903	0.084	0	173	239	3
2026-02-12	15:04:54.470	90.335	-34.23	-69.44	1.014308	-0.176412	0.162504	0.108	0.891	0.081	0	173	239	3
2026-02-12	15:04:54.490	111.825	-16.31	-62.23	0.965752	-0.294264	0.122	0.1035	0.882	0.0765	0	173	239	3
2026-02-12	15:04:54.510	155.75	-20.405	-51.24	0.97844	-0.220576	0.125904	0.099	0.867	0.0705	0	173	239	3
2026-02-12	15:04:54.530	159.39	-23.345	-37.975	0.955016	-0.05612	0.162016	0.0945	0.861	0.066	0	173	239	3
2026-02-12	15:04:54.550	132.125	-21.805	-25.025	0.88816	0.011712	0.20984	0.0915	0.855	0.0645	0	173	239	3
2026-02-12	15:04:54.570	93.135	-17.465	-14.77	0.82594	0.050264	0.258884	0.0855	0.852	0.06	0	173	239	3
2026-02-12	15:04:54.590	54.285	-10.535	-8.61	0.770064	0.073932	0.276208	0.084	0.846	0.0525	0	173	239	3
2026-02-12	15:04:54.610	1.19	-5.53	-5.075	0.732488	0.093452	0.279868	0.0885	0.84	0.051	0	171	210	2
2026-02-12	15:04:54.630	-50.96	-1.68	-4.165	0.671976	0.044896	0.277916	0.0915	0.8415	0.0525	0	171	210	2
2026-02-12	15:04:54.650	-86.8	0.42	-4.165	0.640988	0.04148	0.27938	0.0915	0.84	0.0525	0	171	210	2
2026-02-12	15:04:54.670	-115.955	0.875	-6.615	0.693936	0.021472	0.227408	0.0915	0.843	0.054	0	171	210	2
2026-02-12	15:04:54.690	-142.66	-0.315	-9.94	0.757376	-0.0366	0.1525	0.087	0.8505	0.06	0	171	210	2
2026-02-12	15:04:54.710	-163.52	-3.465	-11.34	0.798856	-0.111264	0.077104	0.081	0.852	0.072	0	171	210	2
2026-02-12	15:04:54.730	-173.04	-7.98	-12.285	0.811544	-0.16836	0.045872	0.0855	0.849	0.0855	0	171	210	2
2026-02-12	15:04:54.750	-166.635	-14	-16.275	0.844728	-0.190076	0.088572	0.09	0.849	0.0945	0	171	210	2
2026-02-12	15:04:54.770	-142.345	-18.095	-24.465	0.914024	-0.2379	0.188124	0.0885	0.846	0.108	0	171	210	2
2026-02-12	15:04:54.790	-106.12	-17.255	-33.565	0.924028	-0.27938	0.237656	0.087	0.84	0.1215	0	171	210	2
2026-02-12	15:04:54.810	-65.38	-21.7	-44.485	1.117032	-0.320372	0.23058	0.0855	0.84	0.1275	0	171	198	2
2026-02-12	15:04:54.830	-4.41	-27.23	-61.565	1.35908	-0.375028	0.291336	0.0855	0.8355	0.1305	0	171	198	2
2026-02-12	15:04:54.850	65.52	-26.81	-72.625	1.499136	-0.351848	0.377956	0.084	0.825	0.141	0	171	198	2
2026-02-12	15:04:54.870	117.81	-23.345	-72.24	1.61162	-0.21106	0.383812	0.0765	0.8145	0.141	0	171	198	2
2026-02-12	15:04:54.890	143.01	-18.27	-64.05	1.690188	-0.077592	0.318664	0.072	0.8055	0.135	0	171	198	2
2026-02-12	15:04:54.910	150.745	-12.985	-44.975	1.7019	-0.042212	0.35868	0.072	0.7965	0.1305	0	171	198	2
2026-02-12	15:04:54.930	169.015	4.305	-24.01	1.595516	0.10858	0.552416	0.072	0.783	0.1275	0	171	198	2
2026-02-12	15:04:54.950	162.33	24.815	0.84	1.44204	0.293776	0.60146	0.0705	0.777	0.1275	0	171	198	2
2026-02-12	15:04:54.970	115.71	42.49	26.425	1.232932	0.471896	0.592188	0.072	0.7785	0.117	0	171	198	2
2026-02-12	15:04:54.990	39.375	56.245	43.855	1.064328	0.493856	0.526308	0.0735	0.7815	0.1005	0	171	198	2
2026-02-12	15:04:55.010	-30.555	61.6	49.735	1.013332	0.4148	0.434076	0.0735	0.786	0.093	0	179	211	3
2026-02-12	15:04:55.030	-79.59	61.81	47.495	0.994056	0.304024	0.349896	0.081	0.792	0.087	0	179	211	3
2026-02-12	15:04:55.050	-118.93	56.455	41.195	0.998692	0.079788	0.280356	0.0855	0.8055	0.081	0	179	211	3
2026-02-12	15:04:55.070	-117.005	53.935	36.89	0.969412	-0.064904	0.2623	0.087	0.819	0.0735	0	179	211	3
2026-02-12	15:04:55.090	-91.245	51.73	33.46	0.922076	-0.146156	0.254004	0.09	0.8235	0.0675	0	179	211	3
2026-02-12	15:04:55.110	-51.31	49.105	30.17	0.874008	-0.179828	0.228384	0.087	0.8235	0.0645	0	179	211	3
2026-02-12	15:04:55.130	-9.45	45.29	28.35	0.848144	-0.172508	0.260592	0.084	0.8325	0.0585	0	179	211	3
2026-02-12	15:04:55.150	35.245	43.225	25.27	0.855464	-0.132004	0.311832	0.0915	0.84	0.0525	0	179	211	3
2026-02-12	15:04:55.170	71.26	41.615	23.415	0.815448	-0.05246	0.320372	0.1005	0.834	0.045	0	179	211	3
2026-02-12	15:04:55.190	90.65	39.375	21.455	0.741272	0.005612	0.28914	0.0975	0.8325	0.033	0	179	211	3
2026-02-12	15:04:55.210	94.92	33.04	19.285	0.702476	0.030012	0.255468	0.0945	0.837	0.0255	0	193	242	3
2026-02-12	15:04:55.230	84.21	24.395	17.08	0.735416	0.060268	0.251076	0.1005	0.834	0.0195	0	193	242	3
2026-02-12	15:04:55.250	52.745	15.47	18.2	0.758352	0.032452	0.238144	0.1065	0.834	0.006	0	193	242	3
2026-02-12	15:04:55.270	25.515	6.44	20.3	0.814716	-0.015128	0.204472	0.108	0.837	-0.0015	0	193	242	3
2026-02-12	15:04:55.290	14.595	-0.49	21.77	0.8601	-0.041236	0.203984	0.1155	0.837	0	0	193	242	3
2026-02-12	15:04:55.310	13.475	-4.305	22.435	0.89182	-0.065636	0.21716	0.1125	0.8385	-0.003	0	193	242	3
2026-02-12	15:04:55.330	21.455	-5.6	23.555	0.86742	-0.087108	0.213012	0.111	0.8415	-0.003	0	193	242	3
2026-02-12	15:04:55.350	32.62	-7.21	26.425	0.79178	-0.085156	0.193004	0.12	0.837	0	0	193	242	3
2026-02-12	15:04:55.370	41.02	-10.395	30.59	0.738588	-0.06832	0.185928	0.123	0.8385	-0.0015	0	193	242	3
2026-02-12	15:04:55.390	46.13	-13.51	35.105	0.693692	-0.04514	0.194712	0.12	0.846	-0.0075	0	193	242	3
2026-02-12	15:04:55.410	48.685	-16.8	39.55	0.672708	-0.034892	0.203252	0.1155	0.8535	-0.0045	0	209	260	3
2026-02-12	15:04:55.430	46.76	-20.86	44.415	0.673196	-0.029524	0.208376	0.123	0.855	-0.0045	0	209	260	3
2026-02-12	15:04:55.450	45.43	-23.625	48.615	0.665388	-0.091988	0.218868	0.123	0.8565	-0.0075	0	209	260	3
2026-02-12	15:04:55.470	65.31	-24.43	50.68	0.667828	-0.011468	0.266448	0.1185	0.8595	-0.0075	0	209	260	3
2026-02-12	15:04:55.490	84.735	-19.95	52.57	0.668072	0.003416	0.276208	0.126	0.8625	-0.0045	0	209	260	3
2026-02-12	15:04:55.510	108.045	-15.505	50.715	0.69784	0.013664	0.240096	0.1335	0.8625	-0.0075	0	209	260	3
2026-02-12	15:04:55.530	109.585	-16.555	44.835	0.7625	0.192272	0.255712	0.138	0.8685	-0.012	0	209	260	3
2026-02-12	15:04:55.550	89.775	-18.165	37.66	0.865224	0.110532	0.269376	0.147	0.8745	-0.0135	0	209	260	3
2026-02-12	15:04:55.570	82.6	-19.46	29.015	0.923296	0.140544	0.290848	0.1485	0.8715	-0.018	0	209	260	3
2026-02-12	15:04:55.590	64.96	-21.42	22.89	0.969412	0.16348	0.290604	0.147	0.8685	-0.0255	0	209	260	3
2026-02-12	15:04:55.610	32.515	-25.305	17.71	1.05286	0.15616	0.285724	0.1455	0.864	-0.0255	0	221	263	3
2026-02-12	15:04:55.630	1.54	-29.54	10.605	1.143628	0.106384	0.315248	0.1425	0.8625	-0.024	0	221	263	3
2026-02-12	15:04:55.650	-17.395	-31.01	5.425	1.1529	0.055388	0.377468	0.1425	0.8685	-0.0195	0	221	263	3
2026-02-12	15:04:55.670	-19.775	-29.715	3.325	1.10288	0.033184	0.427976	0.147	0.8715	-0.012	0	221	263	3
2026-02-12	15:04:55.690	-7.07	-30.625	-1.015	1.17608	0.034648	0.377224	0.15	0.8685	-0.012	0	221	263	3
2026-02-12	15:04:55.710	0.42	-29.75	-7.105	1.254648	0.034404	0.367952	0.147	0.87	-0.009	0	221	263	3
2026-02-12	15:04:55.730	0.28	-27.09	-13.65	1.365424	0.030744	0.348676	0.141	0.8745	0	0	221	263	3
2026-02-12	15:04:55.750	-10.535	-19.985	-18.13	1.35298	-0.035868	0.283528	0.1365	0.873	0.006	0	221	263	3
2026-02-12	15:04:55.770	-16.485	-11.305	-20.86	1.27124	-0.087596	0.204716	0.1335	0.8685	0.0075	0	221	263	3
2026-02-12	15:04:55.790	-15.925	-7.455	-24.22	1.314184	-0.094916	0.152012	0.129	0.8655	0.0075	0	221	263	3
2026-02-12	15:04:55.810	-20.965	-4.62	-28.49	1.39202	-0.08784	0.153964	0.129	0.867	0.009	0	230	267	3
2026-02-12	15:04:55.830	-34.58	0.49	-29.19	1.358836	-0.094428	0.168604	0.132	0.867	0.012	0	230	267	3
2026-02-12	15:04:55.850	-50.435	4.83	-26.32	1.246352	-0.100772	0.16836	0.1275	0.8625	0.0165	0	230	267	3
2026-02-12	15:04:55.870	-62.055	6.125	-22.785	1.145336	-0.105896	0.181048	0.1215	0.861	0.021	0	230	267	3
2026-02-12	15:04:55.890	-73.955	6.965	-18.62	1.065304	-0.104188	0.213744	0.117	0.8625	0.0225	0	230	267	3
2026-02-12	15:04:55.910	-90.65	8.435	-12.075	0.96502	-0.127612	0.20008	0.117	0.864	0.0225	0	230	267	3
2026-02-12	15:04:55.930	-102.48	6.51	-5.25	0.89548	-0.151524	0.168848	0.1155	0.8655	0.027	0	230	267	3
2026-02-12	15:04:55.950	-104.65	2.17	-0.945	0.88206	-0.17324	0.15128	0.117	0.87	0.036	0	230	267	3
2026-02-12	15:04:55.970	-97.545	-1.295	1.435	0.863028	-0.209596	0.158356	0.12	0.8745	0.0375	0	230	267	3
2026-02-12	15:04:55.990	-79.03	-3.675	2.38	0.863516	-0.23912	0.191784	0.1155	0.8775	0.0465	0	230	267	3
2026-02-12	15:04:56.010	-47.285	-3.78	0.875	0.906948	-0.246684	0.227408	0.1155	0.882	0.057	0	237	263	3
2026-02-12	15:04:56.030	-13.545	0	-2.205	0.950868	-0.21228	0.251564	0.1155	0.8775	0.06	0	237	263	3
2026-02-12	15:04:56.050	6.825	7	-4.375	0.964044	-0.183	0.233752	0.114	0.8775	0.0615	0	237	263	3
2026-02-12	15:04:56.070	12.425	15.435	-4.375	0.923296	-0.160796	0.18666	0.1155	0.882	0.06	0	237	263	3
2026-02-12	15:04:56.090	6.055	22.645	-3.185	0.868152	-0.13176	0.14396	0.12	0.876	0.0585	0	237	263	3
2026-02-12	15:04:56.110	-10.115	30.275	-2.24	0.796172	-0.084424	0.126636	0.126	0.873	0.057	0	237	263	3
2026-02-12	15:04:56.130	-30.1	37.135	-1.19	0.75884	-0.042456	0.133224	0.126	0.873	0.057	0	237	263	3
2026-02-12	15:04:56.150	-58.065	42.315	1.89	0.759572	-0.02318	0.148352	0.123	0.879	0.048	0	237	263	3
2026-02-12	15:04:56.170	-93.275	49.525	5.775	0.789584	-0.136396	0.134444	0.1185	0.8805	0.0435	0	237	263	3
2026-02-12	15:04:56.190	-101.115	54.775	7.98	0.794708	-0.124928	0.109312	0.1215	0.882	0.042	0	237	263	3
2026-02-12	15:04:56.210	-99.89	57.715	8.33	0.80276	-0.11468	0.06588	0.126	0.891	0.045	0	241	248	3
2026-02-12	15:04:56.230	-83.755	57.295	6.16	0.840824	-0.14518	0.027084	0.126	0.894	0.0495	0	241	248	3
2026-02-12	15:04:56.250	-64.085	52.185	0.84	0.884988	-0.120292	0.037088	0.132	0.894	0.045	0	241	248	3
2026-02-12	15:04:56.270	-57.54	45.57	-5.46	0.880108	-0.122488	0.06954	0.135	0.897	0.0435	0	241	248	3
2026-02-12	15:04:56.290	-57.295	34.335	-14.35	0.89304	-0.13542	0.102968	0.1365	0.9	0.0435	0	241	248	3
2026-02-12	15:04:56.310	-62.16	18.165	-26.32	0.983564	-0.159332	0.155672	0.1395	0.9	0.051	0	241	248	3
2026-02-12	15:04:56.330	-70.98	-3.255	-47.11	1.026752	-0.189344	0.305244	0.138	0.897	0.0555	0	241	248	3
2026-02-12	15:04:56.350	-71.645	-11.795	-62.23	0.94306	-0.159576	0.39528	0.1395	0.888	0.0555	0	241	248	3
2026-02-12	15:04:56.370	-74.515	-16.73	-73.885	0.84058	-0.129564	0.397232	0.135	0.885	0.0585	0	241	248	3
2026-02-12	15:04:56.390	-80.465	-24.5	-83.685	0.900116	-0.112972	0.30988	0.1305	0.8805	0.0645	0	241	248	3
2026-02-12	15:04:56.410	-82.705	-36.05	-94.395	1.053348	-0.137616	0.25498	0.1215	0.876	0.0735	0	241	229	3
2026-02-12	15:04:56.430	-64.19	-46.76	-104.02	1.213168	-0.200568	0.272792	0.111	0.867	0.087	0	241	229	3
2026-02-12	15:04:56.450	-21.735	-56.77	-110.53	1.381284	-0.21228	0.340624	0.1065	0.8535	0.099	0	241	229	3
2026-02-12	15:04:56.470	27.86	-61.985	-112.175	1.477664	-0.220332	0.396988	0.1005	0.834	0.108	0	241	229	3
2026-02-12	15:04:56.490	76.335	-61.845	-106.295	1.469368	-0.227408	0.476044	0.093	0.8205	0.117	0	241	229	3
2026-02-12	15:04:56.510	129.115	-53.025	-91.735	1.348832	-0.217648	0.589748	0.0885	0.804	0.12	0	241	229	3
2026-02-12	15:04:56.530	196.735	-35.105	-64.82	1.230736	-0.058316	0.658068	0.087	0.789	0.1215	0	241	229	3
2026-02-12	15:04:56.550	230.02	-15.155	-36.645	1.216584	0.209596	0.655872	0.0855	0.7875	0.1245	0	241	229	3
2026-02-12	15:04:56.570	192.675	1.4	-16.555	1.224636	0.387472	0.596336	0.081	0.7725	0.1125	0	241	229	3
2026-02-12	15:04:56.590	109.9	15.505	-1.575	1.192428	0.47214	0.508252	0.078	0.768	0.108	0	241	229	3
2026-02-12	15:04:56.610	19.46	27.51	8.33	1.10288	0.392352	0.393328	0.081	0.7605	0.1005	0	241	239	3
2026-02-12	15:04:56.630	-50.33	35.49	13.23	0.995276	0.286212	0.30988	0.084	0.7575	0.0945	0	241	239	3
2026-02-12	15:04:56.650	-102.62	41.475	16.45	0.91012	0.174704	0.27572	0.0855	0.7635	0.0945	0	241	239	3
2026-02-12	15:04:56.670	-133.245	47.705	19.11	0.834724	0.08662	0.266692	0.084	0.771	0.096	0	241	239	3
2026-02-12	15:04:56.690	-150.745	50.75	22.05	0.802516	0.0183	0.25864	0.0825	0.774	0.0885	0	241	239	3
2026-02-12	15:04:56.710	-156.345	50.75	25.62	0.791536	-0.05002	0.243512	0.0855	0.78	0.084	0	241	239	3
2026-02-12	15:04:56.730	-151.655	48.72	29.47	0.763964	-0.124928	0.245464	0.087	0.7875	0.084	0	241	239	3
2026-02-12	15:04:56.750	-128.135	43.47	33.53	0.744932	-0.181292	0.288652	0.09	0.786	0.0825	0	241	239	3
2026-02-12	15:04:56.770	-89.985	36.785	35.07	0.728096	-0.210328	0.319396	0.09	0.786	0.0825	0	241	239	3
2026-02-12	15:04:56.790	-53.48	29.505	34.685	0.705404	-0.19886	0.356484	0.0885	0.801	0.0735	0	241	239	3
2026-02-12	15:04:56.810	-14.14	21.805	33.88	0.71004	-0.187636	0.392352	0.093	0.8085	0.0735	0	244	269	3
2026-02-12	15:04:56.830	20.16	13.79	35.14	0.732	-0.146888	0.424804	0.093	0.822	0.0705	0	244	269	3
2026-02-12	15:04:56.850	53.865	7.84	38.535	0.774212	-0.126148	0.44286	0.0945	0.8235	0.0675	0	244	269	3
2026-02-12	15:04:56.870	90.37	5.32	41.65	0.809348	-0.082472	0.430904	0.099	0.8265	0.066	0	244	269	3
2026-02-12	15:04:56.890	116.935	5.46	45.675	0.831552	-0.015372	0.395768	0.099	0.8325	0.0585	0	244	269	3
2026-02-12	15:04:56.910	123.48	6.965	51.8	0.808616	0.035136	0.356728	0.1005	0.8385	0.054	0	244	269	3
2026-02-12	15:04:56.930	115.92	8.995	57.155	0.761768	0.069784	0.342332	0.1065	0.8415	0.048	0	244	269	3
2026-02-12	15:04:56.950	97.335	12.25	61.985	0.672464	0.100772	0.316712	0.1095	0.8415	0.036	0	244	269	3
2026-02-12	15:04:56.970	49.105	14.98	70.035	0.54656	0.1281	0.244488	0.1095	0.8445	0.0285	0	244	269	3
2026-02-12	15:04:56.990	16.695	13.58	73.08	0.499956	0.0915	0.193492	0.1215	0.8535	0.021	0	244	269	3
2026-02-12	15:04:57.010	-6.195	7.595	72.555	0.472872	0.060268	0.158112	0.1215	0.867	0.0165	0	250	295	3
2026-02-12	15:04:57.030	-24.71	-1.33	70.42	0.45384	0.01342	0.109312	0.123	0.8685	0.018	0	250	295	3
2026-02-12	15:04:57.050	-39.69	-15.54	65.975	0.464576	-0.04636	0.03294	0.1365	0.876	0.0225	0	250	295	3
2026-02-12	15:04:57.070	-45.885	-38.22	54.075	0.59902	-0.08784	-0.00732	0.1395	0.8895	0.0255	0	250	295	3
2026-02-12	15:04:57.090	-45.43	-63.525	34.825	0.814716	-0.139812	0.057584	0.1395	0.8955	0.03	0	250	295	3
2026-02-12	15:04:57.110	-23.59	-80.22	9.73	1.06262	-0.251564	0.295728	0.1455	0.9	0.0405	0	250	295	3
2026-02-12	15:04:57.130	42.77	-78.82	-18.935	1.256112	-0.348676	0.599752	0.1395	0.909	0.057	0	250	295	3
2026-02-12	15:04:57.150	111.265	-66.99	-41.615	1.260748	-0.244	0.668804	0.138	0.9075	0.0645	0	250	295	3
2026-02-12	15:04:57.170	129.92	-57.4	-53.06	1.193404	-0.069052	0.539728	0.1395	0.8985	0.0645	0	250	295	3
2026-02-12	15:04:57.190	115.64	-53.585	-57.4	1.309792	-0.057096	0.45628	0.1395	0.8925	0.066	0	250	295	3
2026-02-12	15:04:57.210	112.805	-46.62	-52.57	1.41276	-0.08052	0.42456	0.1335	0.8685	0.054	0	257	304	3
2026-02-12	15:04:57.230	112.035	-34.615	-40.005	1.46156	-0.037088	0.393328	0.1245	0.864	0.0645	0	257	304	3
2026-02-12	15:04:57.250	97.58	-18.9	-22.155	1.4457	0.026108	0.316224	0.1215	0.861	0.063	0	257	304	3
2026-02-12	15:04:57.270	66.395	-5.11	-3.29	1.43594	0.02684	0.154452	0.12	0.8535	0.054	0	257	304	3
2026-02-12	15:04:57.290	38.15	1.295	10.955	1.536468	0.019276	0.054168	0.1185	0.849	0.048	0	257	304	3
2026-02-12	15:04:57.310	22.12	8.085	20.93	1.52378	-0.0061	0.05978	0.1155	0.8505	0.0465	0	257	304	3
2026-02-12	15:04:57.330	6.23	15.05	30.03	1.40178	-0.00366	0.099308	0.114	0.855	0.048	0	257	304	3
2026-02-12	15:04:57.350	-14	18.9	35.56	1.309304	-0.005856	0.14152	0.117	0.8595	0.0465	0	257	304	3
2026-02-12	15:04:57.370	-38.045	21.315	38.5	1.226588	-0.02562	0.190564	0.126	0.864	0.039	0	257	304	3
2026-02-12	15:04:57.390	-73.15	22.89	42.7	1.104588	-0.094428	0.227896	0.1305	0.867	0.039	0	257	304	3
2026-02-12	15:04:57.410	-103.25	23.345	48.685	0.9455	-0.147864	0.253028	0.1305	0.867	0.039	0	269	301	3
2026-02-12	15:04:57.430	-113.61	22.33	52.5	0.837164	-0.162748	0.253516	0.1335	0.8955	0.063	0	269	301	3
2026-02-12	15:04:57.450	-110.74	19.39	52.5	0.800564	-0.157136	0.229604	0.1455	0.8955	0.054	0	269	301	3
2026-02-12	15:04:57.470	-103.25	15.575	49.14	0.802028	-0.157624	0.182024	0.147	0.9	0.0585	0	269	301	3
2026-02-12	15:04:57.490	-92.26	11.165	43.4	0.802272	-0.176412	0.136884	0.147	0.9105	0.066	0	269	301	3
2026-02-12	15:04:57.510	-74.445	6.265	35.42	0.800076	-0.20008	0.107116	0.144	0.9225	0.069	0	269	301	3
2026-02-12	15:04:57.530	-46.515	1.925	24.29	0.845704	-0.22814	0.09857599	0.1485	0.9285	0.078	0	269	301	3
2026-02-12	15:04:57.550	-10.5	0.385	9.345	0.897188	-0.238388	0.109068	0.153	0.9345	0.0825	0	269	301	3
2026-02-12	15:04:57.570	17.71	-1.015	-4.97	0.910364	-0.228384	0.108092	0.156	0.9375	0.081	0	269	301	3
2026-02-12	15:04:57.590	30.87	-3.955	-16.17	0.921344	-0.227896	0.096136	0.1575	0.939	0.084	0	269	301	3
2026-02-12	15:04:57.610	40.74	-8.47	-31.745	0.945256	-0.207888	0.091012	0.1575	0.9405	0.0855	0	280	282	3
2026-02-12	15:04:57.630	42.875	-11.375	-40.635	0.987468	-0.183976	0.096624	0.1485	0.9375	0.0735	0	280	282	3
2026-02-12	15:04:57.650	37.415	-14.63	-47.635	1.034804	-0.16592	0.102236	0.1515	0.9195	0.0765	0	280	282	3
2026-02-12	15:04:57.670	23.03	-18.69	-52.395	1.058228	-0.16714	0.115168	0.141	0.918	0.0765	0	280	282	3
2026-02-12	15:04:57.690	9.24	-23.485	-55.93	1.084824	-0.193004	0.151768	0.1395	0.9165	0.0735	0	280	282	3
2026-02-12	15:04:57.710	3.22	-26.705	-58.555	1.097756	-0.207644	0.190564	0.1365	0.909	0.0735	0	280	282	3
2026-02-12	15:04:57.730	2.45	-28.315	-59.15	1.084092	-0.205692	0.224968	0.132	0.897	0.075	0	280	282	3
2026-02-12	15:04:57.750	5.355	-28.14	-58.415	1.052128	-0.204472	0.259616	0.129	0.8865	0.0765	0	280	282	3
2026-02-12	15:04:57.770	11.725	-26.775	-56.98	1.012844	-0.228628	0.29646	0.12	0.876	0.0825	0	280	282	3
2026-02-12	15:04:57.790	26.6	-21.7	-53.235	0.953064	-0.271816	0.372344	0.111	0.8715	0.0825	0	280	282	3
2026-02-12	15:04:57.810	50.785	-5.005	-42	0.798368	-0.222772	0.43188	0.111	0.867	0.087	0	286	255	3
2026-02-12	15:04:57.830	47.95	13.86	-25.305	0.593652	-0.106628	0.370636	0.114	0.8625	0.0945	0	286	255	3
2026-02-12	15:04:57.850	17.255	26.635	-10.36	0.459696	-0.057584	0.310612	0.1065	0.852	0.084	0	286	255	3
2026-02-12	15:04:57.870	-19.88	37.275	3.675	0.384544	-0.05368	0.256444	0.0975	0.8535	0.069	0	286	255	3
2026-02-12	15:04:57.890	-55.545	45.22	18.62	0.375272	-0.061976	0.179096	0.1125	0.8535	0.069	0	286	255	3
2026-02-12	15:04:57.910	-79.345	52.675	31.78	0.426512	-0.07515199	0.109068	0.1125	0.855	0.066	0	286	255	3
2026-02-12	15:04:57.930	-91.91	53.935	41.265	0.538264	-0.100528	0.053436	0.114	0.861	0.063	0	286	255	3
2026-02-12	15:04:57.950	-89.845	45.535	47.005	0.719068	-0.114924	0.07564	0.117	0.8685	0.0615	0	286	255	3
2026-02-12	15:04:57.970	-69.405	35.77	42.84	1.01992	-0.122	0.238876	0.1185	0.8715	0.06	0	286	255	3
2026-02-12	15:04:57.990	-50.33	38.36	34.37	1.288564	-0.080276	0.328912	0.123	0.8775	0.063	0	286	255	3
2026-02-12	15:04:58.010	-61.88	48.825	27.51	1.420568	-0.047092	0.326228	0.129	0.8835	0.066	0	290	241	3
2026-02-12	15:04:58.030	-89.985	54.88	13.72	1.344196	-0.145912	0.229116	0.1335	0.8865	0.069	0	290	241	3
2026-02-12	15:04:58.050	-97.055	44.065	-8.05	1.394216	-0.20618	0.222528	0.15	0.897	0.06	0	290	241	3
2026-02-12	15:04:58.070	-87.045	35.98	-26.25	1.34932	-0.2074	0.345992	0.1335	0.891	0.0645	0	290	241	3
2026-02-12	15:04:58.090	-73.01	25.865	-37.835	1.247572	-0.148352	0.401868	0.147	0.8955	0.072	0	290	241	3
2026-02-12	15:04:58.110	-68.39	11.9	-45.36	1.186572	-0.12322	0.365512	0.1425	0.894	0.0585	0	290	241	3
2026-02-12	15:04:58.130	-52.045	-7.245	-52.92	1.272216	-0.16592	0.323544	0.138	0.8865	0.06	0	290	241	3
2026-02-12	15:04:58.150	-6.545	-29.68	-64.68	1.515728	-0.199836	0.426268	0.132	0.8805	0.0675	0	290	241	3
2026-02-12	15:04:58.170	59.535	-41.125	-70.945	1.581852	-0.227408	0.569496	0.1245	0.8775	0.0735	0	290	241	3
2026-02-12	15:04:58.190	126.07	-41.58	-65.205	1.403	-0.0427	0.694424	0.1215	0.8655	0.0765	0	290	241	3
2026-02-12	15:04:58.210	146.965	-34.965	-53.935	1.158024	0.153964	0.708576	0.123	0.852	0.0765	0	294	248	3
2026-02-12	15:04:58.230	120.96	-24.535	-41.3	0.930616	0.230092	0.625372	0.12	0.8415	0.0705	0	294	248	3
2026-02-12	15:04:58.250	45.815	-11.375	-31.955	0.778848	0.168848	0.48068	0.1185	0.837	0.069	0	294	248	3
2026-02-12	15:04:58.270	11.48	-5.495	-30.135	0.753228	0.051728	0.409432	0.108	0.8295	0.072	0	294	248	3
2026-02-12	15:04:58.290	-4.76	-0.035	-29.54	0.740296	0.03172	0.381372	0.099	0.825	0.0645	0	294	248	3
2026-02-12	15:04:58.310	-17.08	4.69	-28.525	0.727364	0.002196	0.315248	0.1095	0.8175	0.0645	0	294	248	3
2026-02-12	15:04:58.330	-26.635	6.16	-28.49	0.737612	-0.046116	0.27084	0.0975	0.813	0.063	0	294	248	3
2026-02-12	15:04:58.350	-23.345	6.09	-29.68	0.76006	-0.114924	0.28182	0.099	0.813	0.0615	0	294	248	3
2026-02-12	15:04:58.370	-6.125	5.39	-28.91	0.757864	-0.129076	0.310856	0.099	0.81	0.0615	0	294	248	3
2026-02-12	15:04:58.390	14.42	1.61	-27.195	0.809836	-0.09394	0.347944	0.0915	0.81	0.06	0	294	248	3
2026-02-12	15:04:58.410	29.085	-0.07	-24.64	0.836676	-0.084424	0.374296	0.0915	0.8055	0.0555	0	300	281	2
2026-02-12	15:04:58.430	40.705	-0.595	-19.81	0.800808	-0.068808	0.40992	0.096	0.7965	0.0525	0	300	281	2
2026-02-12	15:04:58.450	55.895	-1.645	-12.67	0.77348	-0.043432	0.436028	0.093	0.801	0.0555	0	300	281	2
2026-02-12	15:04:58.470	66.045	-2.1	-2.835	0.738832	-0.013176	0.415044	0.0915	0.807	0.06	0	300	281	2
2026-02-12	15:04:58.490	65.73	-2.59	6.16	0.728096	0.017812	0.376004	0.0855	0.7965	0.0615	0	300	281	2
2026-02-12	15:04:58.510	55.965	-2.975	14.42	0.72468	0.016104	0.340868	0.0885	0.7935	0.0465	0	300	281	2
2026-02-12	15:04:58.530	41.825	-2.835	21.315	0.704428	0.003904	0.322324	0.0945	0.792	0.0435	0	300	281	2
2026-02-12	15:04:58.550	30.275	-2.905	27.09	0.66978	-0.006832	0.326472	0.0885	0.795	0.042	0	300	281	2
2026-02-12	15:04:58.570	25.165	-1.085	31.675	0.623664	-0.000976	0.355752	0.0945	0.7965	0.042	0	300	281	2
2026-02-12	15:04:58.590	22.085	3.15	36.295	0.566812	-0.00366	0.370392	0.096	0.7965	0.0435	0	300	281	2
2026-02-12	15:04:58.610	19.6	8.4	41.09	0.527284	-0.007076	0.353556	0.0945	0.801	0.042	0	304	311	2
2026-02-12	15:04:58.630	17.465	13.3	45.465	0.504836	-0.028304	0.292068	0.1005	0.8055	0.039	0	304	311	2
2026-02-12	15:04:58.650	15.47	13.65	48.895	0.556564	-0.043188	0.202032	0.105	0.8115	0.036	0	304	311	2
2026-02-12	15:04:58.670	17.5	6.825	47.775	0.738832	-0.05612	0.148352	0.105	0.819	0.036	0	304	311	2
2026-02-12	15:04:58.690	25.865	0.245	44.59	0.849364	-0.077348	0.170068	0.105	0.819	0.036	0	304	311	2
2026-02-12	15:04:58.710	36.19	-5.285	42.105	0.92476	-0.060756	0.188368	0.111	0.837	0.0375	0	304	311	2
2026-02-12	15:04:58.730	45.92	-12.565	36.295	1.07726	-0.038796	0.248392	0.114	0.837	0.0315	0	304	311	2
2026-02-12	15:04:58.750	46.97	-16.17	29.085	1.170224	-0.012688	0.324276	0.1245	0.84	0.0315	0	304	311	2
2026-02-12	15:04:58.770	41.825	-17.92	23.17	1.17242	-0.021472	0.36356	0.1245	0.8415	0.0405	0	304	311	2
2026-02-12	15:04:58.790	38.01	-23.555	17.64	1.280756	-0.044164	0.4209	0.123	0.837	0.0345	0	304	311	2
2026-02-12	15:04:58.810	44.135	-24.185	13.3	1.351516	-0.081008	0.476288	0.1215	0.837	0.033	0	306	325	3
2026-02-12	15:04:58.830	59.5	-20.475	13.23	1.388848	-0.06734399	0.514108	0.1215	0.84	0.036	0	306	325	3
2026-02-12	15:04:58.850	73.955	-11.34	15.155	1.429352	-0.061	0.453108	0.123	0.8445	0.03	0	306	325	3
2026-02-12	15:04:58.870	75.775	0.105	19.18	1.4884	-0.05368	0.298168	0.1245	0.8445	0.024	0	306	325	3
2026-02-12	15:04:58.890	55.93	10.71	25.34	1.602836	-0.032208	0.111508	0.126	0.84	0.024	0	306	325	3
2026-02-12	15:04:58.910	43.75	17.22	26.67	1.623088	-0.023912	0.081252	0.129	0.8415	0.0255	0	306	325	3
2026-02-12	15:04:58.930	27.02	25.48	30.765	1.5006	0.019764	0.096136	0.126	0.8415	0.015	0	306	325	3
2026-02-12	15:04:58.950	-2.87	33.88	37.59	1.311988	0.06344	0.121024	0.1335	0.849	0.0015	0	306	325	3
2026-02-12	15:04:58.970	-37.66	38.92	45.78	1.142408	0.048312	0.136884	0.1365	0.8445	0.0015	0	306	325	3
2026-02-12	15:04:58.990	-67.62	38.185	54.915	1.002596	0.016104	0.160308	0.1365	0.855	-0.0045	0	306	325	3
2026-02-12	15:04:59.010	-89.495	33.495	64.26	0.896212	-0.01952	0.196664	0.141	0.858	-0.003	0	308	321	3
2026-02-12	15:04:59.030	-101.43	27.335	71.54	0.827648	-0.048556	0.230824	0.15	0.867	-0.0015	0	308	321	3
2026-02-12	15:04:59.050	-104.65	21.385	74.655	0.813496	-0.083936	0.252784	0.1545	0.8805	0	0	308	321	3
2026-02-12	15:04:59.070	-98.105	17.955	72.94	0.82716	-0.115656	0.254004	0.1605	0.8955	0.003	0	308	321	3
2026-02-12	15:04:59.090	-82.32	15.47	65.73	0.841312	-0.15128	0.210572	0.162	0.9105	0.009	0	308	321	3
2026-02-12	15:04:59.110	-64.54	10.92	53.725	0.888404	-0.17324	0.142008	0.1605	0.918	0.0135	0	308	321	3
2026-02-12	15:04:59.130	-45.78	6.195	39.655	0.96624	-0.188856	0.121024	0.183	0.939	0.0195	0	308	321	3
2026-02-12	15:04:59.150	-31.43	3.64	25.06	0.984296	-0.168116	0.118828	0.186	0.945	0.0255	0	308	321	3
2026-02-12	15:04:59.170	-29.68	1.75	12.075	0.947452	-0.163968	0.1342	0.1905	0.9615	0.0345	0	308	321	3
2026-02-12	15:04:59.190	-28.315	-0.21	0.175	0.92354	-0.158844	0.155916	0.192	0.9555	0.0345	0	308	321	3
2026-02-12	15:04:59.210	-24.815	-1.61	-11.585	0.932568	-0.14396	0.186172	0.1845	0.9555	0.0315	0	309	300	3
2026-02-12	15:04:59.230	-24.85	-0.875	-22.575	0.931104	-0.131516	0.224724	0.1845	0.954	0.033	0	309	300	3
2026-02-12	15:04:59.250	-30.345	0.665	-31.71	0.947208	-0.135908	0.2379	0.1875	0.954	0.0345	0	309	300	3
2026-02-12	15:04:59.270	-39.76	3.325	-38.64	0.951356	-0.153964	0.241804	0.18	0.954	0.036	0	309	300	3
2026-02-12	15:04:59.290	-51.975	7.63	-41.895	0.914024	-0.16836	0.216184	0.177	0.948	0.0435	0	309	300	3
2026-02-12	15:04:59.310	-74.235	12.39	-40.145	0.808616	-0.180804	0.181048	0.1845	0.945	0.048	0	309	300	3
2026-02-12	15:04:59.330	-77.035	12.81	-37.66	0.76982	-0.229604	0.188124	0.1845	0.945	0.048	0	309	300	3
2026-02-12	15:04:59.350	-46.165	13.02	-35.735	0.810324	-0.316956	0.210084	0.171	0.942	0.057	0	309	300	3
2026-02-12	15:04:59.370	15.645	15.015	-33.915	0.805444	-0.367708	0.232776	0.1665	0.9375	0.057	0	309	300	3
2026-02-12	15:04:59.390	75.355	15.715	-30.8	0.813008	-0.305	0.259128	0.1605	0.9285	0.06	0	309	300	3
2026-02-12	15:04:59.410	117.25	13.58	-28.665	0.855952	-0.197396	0.311588	0.156	0.9255	0.0525	0	307	275	2
2026-02-12	15:04:59.430	133.315	13.02	-28.665	0.838872	-0.08052	0.331596	0.165	0.912	0.0405	0	307	275	2
2026-02-12	15:04:59.450	121.8	12.075	-31.22	0.802028	0.015372	0.302804	0.162	0.909	0.0285	0	307	275	2
2026-02-12	15:04:59.470	86.905	8.75	-35.735	0.761524	0.057096	0.259616	0.159	0.9075	0.015	0	307	275	2
2026-02-12	15:04:59.490	41.965	1.82	-43.96	0.7564	0.028548	0.22326	0.156	0.9015	0.0105	0	307	275	2
2026-02-12	15:04:59.510	3.535	-7	-56.875	0.773968	-0.040992	0.231312	0.153	0.8865	0.0075	0	307	275	2
2026-02-12	15:04:59.530	-29.435	-20.23	-79.03	0.86986	-0.133224	0.33184	0.153	0.882	0.0105	0	307	275	2
2026-02-12	15:04:59.550	-28.77	-23.17	-94.395	0.942816	-0.192516	0.428952	0.1425	0.87	0.0195	0	307	275	2
2026-02-12	15:04:59.570	-15.61	-21.07	-107.94	0.998692	-0.195932	0.477264	0.132	0.861	0.021	0	307	275	2
2026-02-12	15:04:59.590	-1.505	-16.135	-117.985	1.029436	-0.202032	0.450424	0.129	0.8445	0.0315	0	307	275	2
2026-02-12	15:04:59.610	9.8	-12.6	-121.975	1.036268	-0.17812	0.385032	0.1245	0.8325	0.0285	0	300	265	3
2026-02-12	15:04:59.630	12.425	-16.87	-123.69	1.215852	-0.116876	0.291092	0.12	0.8145	0.0315	0	300	265	3
2026-02-12	15:04:59.650	19.495	-27.65	-129.255	1.581852	-0.087596	0.36234	0.111	0.8025	0.033	0	300	265	3
2026-02-12	15:04:59.670	20.895	-27.405	-127.47	1.714832	-0.03416	0.46848	0.111	0.7905	0.0315	0	300	265	3
2026-02-12	15:04:59.690	-8.435	-15.855	-113.12	1.462048	0.020984	0.433588	0.105	0.7695	0.033	0	300	265	3
2026-02-12	15:04:59.710	-53.165	-7.385	-92.47	1.241472	0.0244	0.322812	0.1005	0.7515	0.0405	0	300	265	3
2026-02-12	15:04:59.730	-83.3	-10.78	-66.99	1.347124	0.01342	0.328424	0.1005	0.735	0.045	0	300	265	3
2026-02-12	15:04:59.750	-73.43	-11.935	-46.095	1.59942	0.042456	0.602436	0.099	0.7275	0.045	0	300	265	3
2026-02-12	15:04:59.770	-59.43	4.235	-23.66	1.44692	0.177876	0.726632	0.0855	0.723	0.057	0	300	265	3
2026-02-12	15:04:59.790	-65.38	19.88	1.925	1.130452	0.229604	0.658556	0.0885	0.7245	0.0525	0	300	265	3
2026-02-12	15:04:59.810	-68.46	33.11	23.45	0.87352	0.15006	0.625616	0.0885	0.7185	0.0435	0	295	284	3
2026-02-12	15:04:59.830	-56.665	40.985	42.21	0.703696	0.059048	0.594872	0.1005	0.726	0.0375	0	295	284	3
2026-02-12	15:04:59.850	-40.705	42.735	53.55	0.654896	0.062952	0.554368	0.102	0.7365	0.0345	0	295	284	3
2026-02-12	15:04:59.870	-33.565	44.345	61.285	0.640012	0.061732	0.50752	0.093	0.7485	0.0285	0	295	284	3
2026-02-12	15:04:59.890	-30.31	45.185	65.345	0.5978	0.054412	0.445056	0.099	0.7545	0.0225	0	295	284	3
2026-02-12	15:04:59.910	-27.72	44.1	63.595	0.610976	0.048556	0.376736	0.1065	0.7605	0.0135	0	295	284	3
2026-02-12	15:04:59.930	-18.865	42.14	57.435	0.637328	0.01586	0.319152	0.108	0.7695	0.0105	0	295	284	3
2026-02-12	15:04:59.950	2.205	35.77	48.825	0.641964	-0.014152	0.260592	0.1095	0.777	0.0105	0	295	284	3
2026-02-12	15:04:59.970	20.72	26.25	41.79	0.739076	-0.034648	0.268156	0.1095	0.777	0.0105	0	295	284	3
2026-02-12	15:04:59.990	41.37	17.36	33.95	0.810812	0.005612	0.339404	0.117	0.792	-0.0195	0	295	284	3
2026-02-12	15:05:00.010	59.745	13.755	30.17	0.823744	0.013176	0.4453	0.12	0.7995	-0.0225	0	294	325	3
2026-02-12	15:05:00.030	86.345	12.18	28.805	0.852048	0.067832	0.529236	0.1155	0.7935	-0.0255	0	294	325	3
2026-02-12	15:05:00.050	104.825	11.34	30.94	0.86742	0.122488	0.5734	0.12	0.8025	-0.0315	0	294	325	3
2026-02-12	15:05:00.070	109.62	12.915	35.49	0.852536	0.165676	0.57462	0.1305	0.786	-0.036	0	294	325	3
2026-02-12	15:05:00.090	101.255	14.7	40.635	0.853024	0.214476	0.529724	0.1245	0.7905	-0.045	0	294	325	3
2026-02-12	15:05:00.110	78.225	14.35	44.87	0.869372	0.248148	0.460672	0.1245	0.789	-0.0435	0	294	325	3
2026-02-12	15:05:00.130	46.62	12.53	47.355	0.84058	0.2379	0.402112	0.129	0.795	-0.048	0	294	325	3
2026-02-12	15:05:00.150	17.745	7.77	46.865	0.82106	0.190808	0.349652	0.1335	0.798	-0.057	0	294	325	3
2026-02-12	15:05:00.170	-9.415	-3.08	41.16	0.801296	0.132492	0.334036	0.135	0.7965	-0.063	0	294	325	3
2026-02-12	15:05:00.190	-13.02	-9.24	35.665	0.794952	0.090524	0.358192	0.1365	0.8115	-0.063	0	294	325	3
2026-02-12	15:05:00.210	-5.355	-14.7	29.085	0.809348	0.062708	0.384788	0.144	0.807	-0.0645	0	294	362	3
2026-02-12	15:05:00.230	7.98	-18.48	24.15	0.775676	0.039772	0.412848	0.1455	0.822	-0.057	0	294	362	3
2026-02-12	15:05:00.250	28.105	-20.895	20.65	0.735416	0.036112	0.454084	0.1365	0.8175	-0.057	0	294	362	3
2026-02-12	15:05:00.270	47.53	-23.485	16.59	0.74176	0.080032	0.470432	0.1365	0.8115	-0.057	0	294	362	3
2026-02-12	15:05:00.290	57.96	-25.2	12.915	0.730292	0.100772	0.477264	0.1365	0.822	-0.06	0	294	362	3
2026-02-12	15:05:00.310	62.65	-25.48	10.29	0.694668	0.104188	0.485316	0.1455	0.819	-0.0525	0	294	362	3
2026-02-12	15:05:00.330	63.98	-24.955	8.89	0.682956	0.109068	0.476288	0.141	0.816	-0.0555	0	294	362	3
2026-02-12	15:05:00.350	61.915	-21.385	9.17	0.693204	0.114436	0.471896	0.1395	0.8115	-0.0585	0	294	362	3
2026-02-12	15:05:00.370	51.38	-11.025	12.04	0.680028	0.117852	0.439688	0.1425	0.8085	-0.0555	0	294	362	3
2026-02-12	15:05:00.390	32.2	0.455	16.485	0.6527	0.099552	0.36234	0.1425	0.807	-0.054	0	294	362	3
2026-02-12	15:05:00.410	14.945	7.42	19.775	0.633912	0.076128	0.29646	0.141	0.798	-0.0495	0	291	387	3
2026-02-12	15:05:00.430	-0.735	10.92	22.47	0.616832	0.05368	0.244488	0.1545	0.8115	-0.0615	0	291	387	3
2026-02-12	15:05:00.450	-13.755	11.34	24.605	0.610732	0.029768	0.236192	0.1515	0.8145	-0.0585	0	291	387	3
2026-02-12	15:05:00.470	-24.675	7.63	24.675	0.665388	-0.00854	0.24888	0.147	0.819	-0.0585	0	291	387	3
2026-02-12	15:05:00.490	-36.015	1.155	22.19	0.764696	0.00244	0.309148	0.153	0.825	-0.0615	0	291	387	3
2026-02-12	15:05:00.510	-49.875	-3.64	16.905	0.831552	-0.019276	0.366976	0.1545	0.825	-0.06	0	291	387	3
2026-02-12	15:05:00.530	-57.89	-9.73	11.9	0.857904	-0.05246	0.408456	0.153	0.8355	-0.051	0	291	387	3
2026-02-12	15:05:00.550	-52.01	-19.075	3.955	0.917928	-0.087596	0.42212	0.1515	0.8355	-0.051	0	291	387	3
2026-02-12	15:05:00.570	-33.88	-29.96	-2.94	0.980392	-0.107604	0.403088	0.153	0.837	-0.0465	0	291	387	3
2026-02-12	15:05:00.590	9.345	-48.685	-12.635	1.188036	-0.111264	0.415288	0.156	0.8385	-0.042	0	291	387	3
2026-02-12	15:05:00.610	38.85	-58.345	-19.81	1.363228	-0.09857599	0.464332	0.156	0.8385	-0.042	0	285	395	3
2026-02-12	15:05:00.630	64.12	-60.48	-23.94	1.486692	-0.084424	0.482632	0.1545	0.834	-0.0315	0	285	395	3
2026-02-12	15:05:00.650	70.07	-52.78	-21.28	1.382016	-0.054412	0.447008	0.15	0.831	-0.0225	0	285	395	3
2026-02-12	15:05:00.670	57.61	-44.275	-15.26	1.280268	-0.064416	0.371124	0.153	0.819	-0.012	0	285	395	3
2026-02-12	15:05:00.690	44.065	-39.585	-10.675	1.314916	-0.0854	0.32574	0.1425	0.825	-0.0225	0	285	395	3
2026-02-12	15:05:00.710	39.235	-34.09	-7.35	1.392508	-0.083204	0.355508	0.1335	0.8205	-0.012	0	285	395	3
2026-02-12	15:05:00.730	33.11	-25.83	-1.785	1.377868	-0.065148	0.372832	0.126	0.804	-0.0105	0	285	395	3
2026-02-12	15:05:00.750	18.865	-17.29	4.62	1.31638	-0.085156	0.352824	0.1425	0.8025	-0.012	0	285	395	3
2026-02-12	15:05:00.770	6.23	-10.955	9.835	1.269044	-0.133224	0.323056	0.138	0.8085	-0.0105	0	285	395	3
2026-02-12	15:05:00.790	-1.855	-5.95	15.225	1.279292	-0.160308	0.304024	0.1335	0.816	-0.0075	0	285	395	3
2026-02-12	15:05:00.810	-12.215	5.425	28.035	1.138504	-0.130296	0.285968	0.132	0.819	-0.0045	0	280	393	3
2026-02-12	15:05:00.830	-16.205	12.53	38.15	1.02236	-0.10004	0.281088	0.1395	0.8175	-0.015	0	280	393	3
2026-02-12	15:05:00.850	-19.495	18.235	47.565	0.934764	-0.073444	0.270108	0.141	0.8265	-0.012	0	280	393	3
2026-02-12	15:05:00.870	-25.34	21.805	56.35	0.880108	-0.086132	0.242048	0.1515	0.834	-0.0135	0	280	393	3
2026-02-12	15:05:00.890	-28.945	23.24	63.7	0.852292	-0.112484	0.22814	0.141	0.84	-0.009	0	280	393	3
2026-02-12	15:05:00.910	-19.355	24.78	67.655	0.851804	-0.11834	0.268888	0.153	0.8445	-0.021	0	280	393	3
2026-02-12	15:05:00.930	3.045	28.98	66.15	0.853268	-0.07564	0.335256	0.1665	0.858	-0.018	0	280	393	3
2026-02-12	15:05:00.950	19.39	34.58	62.16	0.820328	-0.049288	0.3477	0.165	0.8685	-0.0135	0	280	393	3
2026-02-12	15:05:00.970	23.625	37.905	56.875	0.803004	-0.051972	0.34404	0.171	0.87	-0.018	0	280	393	3
2026-02-12	15:05:00.990	27.195	38.71	47.39	0.83692	-0.052704	0.370636	0.177	0.876	-0.027	0	280	393	3
2026-02-12	15:05:01.010	31.99	42.105	29.05	0.798368	-0.035868	0.445056	0.18	0.8775	-0.033	0	277	382	3
2026-02-12	15:05:01.030	25.83	51.905	14.77	0.640012	-0.028304	0.45872	0.1815	0.8775	-0.036	0	277	382	3
2026-02-12	15:05:01.050	10.92	60.06	6.86	0.582916	-0.048312	0.383324	0.195	0.8835	-0.0555	0	277	382	3
2026-02-12	15:05:01.070	-6.475	62.265	-1.505	0.658556	-0.08052	0.29036	0.2085	0.8895	-0.066	0	277	382	3
2026-02-12	15:05:01.090	-22.435	59.36	-11.375	0.799832	-0.122244	0.259128	0.2085	0.8835	-0.078	0	277	382	3
2026-02-12	15:05:01.110	-29.12	57.995	-19.075	0.87718	-0.164944	0.279624	0.213	0.885	-0.066	0	277	382	3
2026-02-12	15:05:01.130	-26.915	58.205	-20.545	0.90646	-0.192028	0.261812	0.2175	0.8835	-0.0825	0	277	382	3
2026-02-12	15:05:01.150	-19.04	57.295	-19.075	0.931836	-0.166408	0.274744	0.222	0.8835	-0.084	0	277	382	3
2026-02-12	15:05:01.170	-19.18	52.745	-18.585	0.94916	-0.101992	0.312808	0.2235	0.891	-0.0855	0	277	382	3
2026-02-12	15:05:01.190	-36.505	47.04	-15.05	0.968924	-0.091256	0.326228	0.228	0.888	-0.0915	0	277	382	3
2026-02-12	15:05:01.210	-61.565	39.935	-11.34	0.976244	-0.115412	0.332572	0.231	0.8895	-0.0945	0	273	369	3
2026-02-12	15:05:01.230	-91.105	27.825	-6.195	0.87474	-0.162504	0.373076	0.2295	0.8925	-0.09	0	273	369	3
2026-02-12	15:05:01.250	-90.37	20.265	-7.035	0.8174	-0.192516	0.405284	0.2295	0.8925	-0.09	0	273	369	3
2026-02-12	15:05:01.270	-80.71	11.69	-12.53	0.821792	-0.215208	0.349164	0.246	0.8985	-0.081	0	273	369	3
2026-02-12	15:05:01.290	-69.335	-3.99	-22.33	0.93696	-0.26718	0.26596	0.24	0.921	-0.078	0	273	369	3
2026-02-12	15:05:01.310	-52.255	-22.96	-34.965	1.014796	-0.337208	0.24644	0.24	0.918	-0.063	0	273	369	3
2026-02-12	15:05:01.330	-10.36	-41.44	-51.17	1.064572	-0.414068	0.329888	0.2355	0.921	-0.0585	0	273	369	3
2026-02-12	15:05:01.350	56.805	-55.58	-66.99	1.024068	-0.44774	0.419436	0.2325	0.9135	-0.066	0	273	369	3
2026-02-12	15:05:01.370	126.63	-68.075	-77.175	0.99918	-0.396256	0.47946	0.2175	0.9015	-0.063	0	273	369	3
2026-02-12	15:05:01.390	192.64	-78.89	-83.615	1.103124	-0.374052	0.507276	0.207	0.891	-0.063	0	273	369	3
2026-02-12	15:05:01.410	254.59	-87.08	-86.625	1.26636	-0.314272	0.568276	0.2025	0.876	-0.0645	0	267	363	3
2026-02-12	15:05:01.430	309.995	-87.115	-83.65	1.387384	-0.191784	0.694424	0.189	0.849	-0.069	0	267	363	3
2026-02-12	15:05:01.450	325.5	-69.755	-61.285	1.282708	0.069296	0.713212	0.18	0.837	-0.072	0	267	363	3
2026-02-12	15:05:01.470	283.92	-51.31	-39.06	1.141188	0.199836	0.65758	0.1665	0.7725	-0.0825	0	267	363	3
2026-02-12	15:05:01.490	234.57	-32.06	-20.23	1.049444	0.231068	0.6161	0.162	0.7485	-0.0945	0	267	363	3
2026-02-12	15:05:01.510	180.985	-14.42	-3.745	0.952576	0.272792	0.573644	0.1575	0.708	-0.09	0	267	363	3
2026-02-12	15:05:01.530	127.505	0.245	11.515	0.833504	0.228384	0.474336	0.1545	0.7035	-0.093	0	267	363	3
2026-02-12	15:05:01.550	88.34	9.415	22.155	0.752252	0.183976	0.384544	0.144	0.699	-0.0975	0	267	363	3
2026-02-12	15:05:01.570	65.87	14.42	25.655	0.765916	0.075884	0.364292	0.1515	0.6945	-0.0885	0	267	363	3
2026-02-12	15:05:01.590	61.81	18.655	26.215	0.811544	-0.018056	0.407236	0.159	0.6945	-0.1035	0	267	363	3
2026-02-12	15:05:01.610	71.715	23.1	24.255	0.913048	-0.044896	0.45628	0.1515	0.6975	-0.105	0	263	380	3
2026-02-12	15:05:01.630	76.405	29.61	23.59	0.960384	-0.044896	0.44896	0.156	0.6945	-0.1125	0	263	380	3
2026-02-12	15:05:01.650	74.76	33.95	27.265	0.970388	-0.048556	0.419436	0.162	0.69	-0.117	0	263	380	3
2026-02-12	15:05:01.670	81.69	35.805	31.78	0.992592	-0.035136	0.423584	0.165	0.69	-0.114	0	263	380	3
2026-02-12	15:05:01.690	95.095	36.4	36.26	1.029436	-0.007808	0.404308	0.174	0.6825	-0.1245	0	263	380	3
2026-02-12	15:05:01.710	97.58	38.115	42.455	1.016992	0.006588	0.348432	0.1725	0.681	-0.132	0	263	380	3
2026-02-12	15:05:01.730	93.59	40.215	49.91	0.984784	-0.012932	0.310856	0.1725	0.666	-0.132	0	263	380	3
2026-02-12	15:05:01.750	91.07	42.63	55.265	0.967948	-0.015128	0.254736	0.171	0.6645	-0.1425	0	263	380	3
2026-02-12	15:05:01.770	79.73	44.625	60.27	0.949648	-0.0244	0.181536	0.1845	0.66	-0.1485	0	263	380	3
2026-02-12	15:05:01.790	58.625	45.815	66.115	0.897188	-0.038796	0.099796	0.1815	0.669	-0.1605	0	263	380	3
2026-02-12	15:05:01.810	34.615	42.665	71.82	0.857904	-0.01098	0.015128	0.1965	0.6735	-0.1605	0	260	393	3
2026-02-12	15:05:01.830	8.015	33.88	73.465	0.850096	0.051728	-0.013908	0.1935	0.666	-0.165	0	260	393	3
2026-02-12	15:05:01.850	-14.7	24.885	72.17	0.859124	0.078324	0.041724	0.1905	0.6705	-0.1665	0	260	393	3
2026-02-12	15:05:01.870	-30.835	15.33	68.11	0.874252	0.051728	0.092476	0.189	0.6765	-0.168	0	260	393	3
2026-02-12	15:05:01.890	-35.63	8.155	64.995	0.887428	0.005124	0.121512	0.189	0.6765	-0.168	0	260	393	3
2026-02-12	15:05:01.910	-34.475	2.975	63.28	0.914512	-0.037332	0.121756	0.1965	0.699	-0.18	0	260	393	3
2026-02-12	15:05:01.930	-26.915	-1.645	61.705	0.930128	-0.06222	0.117852	0.2055	0.708	-0.18	0	260	393	3
2026-02-12	15:05:01.950	-10.745	-6.545	59.71	0.914756	-0.058316	0.113216	0.198	0.72	-0.183	0	260	393	3
2026-02-12	15:05:01.970	13.37	-12.565	57.505	0.921344	-0.045872	0.122976	0.1905	0.729	-0.183	0	260	393	3
2026-02-12	15:05:01.990	37.065	-19.635	55.58	0.956236	-0.047824	0.128832	0.2025	0.7305	-0.1755	0	260	393	3
2026-02-12	15:05:02.010	68.11	-29.82	50.96	1.076772	-0.084912	0.15006	0.2025	0.7305	-0.1755	0	257	369	3
2026-02-12	15:05:02.030	92.54	-34.545	45.955	1.189012	-0.09638	0.211304	0.192	0.7155	-0.186	0	257	369	3
2026-02-12	15:05:02.050	125.475	-33.565	39.865	1.231224	-0.06222	0.314028	0.1965	0.7215	-0.18	0	257	369	3
2026-02-12	15:05:02.070	132.685	-29.89	38.745	1.167296	0.032696	0.336232	0.1935	0.7185	-0.18	0	257	369	3
2026-02-12	15:05:02.090	105.035	-29.575	35.245	1.159976	0.033428	0.358436	0.1905	0.7155	-0.18	0	257	369	3
2026-02-12	15:05:02.110	86.24	-25.41	32.2	1.056764	0.046116	0.373808	0.177	0.6975	-0.171	0	257	369	3
2026-02-12	15:05:02.130	68.145	-20.37	32.2	0.953796	0.03782	0.354532	0.171	0.6915	-0.1785	0	257	369	3
2026-02-12	15:05:02.150	49.98	-15.645	33.81	0.894504	0.017324	0.292556	0.174	0.6855	-0.18	0	257	369	3
2026-02-12	15:05:02.170	35.7	-12.88	34.895	0.857416	-0.023668	0.231068	0.1665	0.684	-0.1725	0	257	369	3
2026-02-12	15:05:02.190	29.225	-11.97	34.23	0.864492	-0.055876	0.20008	0.162	0.6885	-0.1785	0	257	369	3
2026-02-12	15:05:02.210	24.99	-11.585	32.06	0.89914	-0.085644	0.189344	0.162	0.678	-0.168	0	253	331	3
2026-02-12	15:05:02.230	20.895	-11.445	29.4	0.954528	-0.105896	0.173972	0.159	0.6765	-0.1665	0	253	331	3
2026-02-12	15:05:02.250	16.135	-12.215	26.285	1.037488	-0.109556	0.15006	0.1605	0.6945	-0.171	0	253	331	3
2026-02-12	15:05:02.270	14.035	-13.23	22.75	1.117032	-0.137128	0.133224	0.153	0.693	-0.1725	0	253	331	3
2026-02-12	15:05:02.290	17.36	-12.705	20.335	1.19438	-0.15128	0.140788	0.1515	0.6915	-0.1725	0	253	331	3
2026-02-12	15:05:02.310	20.37	-9.625	21.385	1.173884	-0.15128	0.144936	0.1515	0.69	-0.174	0	253	331	3
2026-02-12	15:05:02.330	22.33	-6.58	25.375	1.067744	-0.134444	0.139568	0.15	0.693	-0.1725	0	253	331	3
2026-02-12	15:05:02.350	27.09	-6.3	28.455	1.02846	-0.113704	0.128344	0.165	0.7005	-0.1575	0	253	331	3
2026-02-12	15:05:02.370	31.43	-6.335	29.295	1.008696	-0.115168	0.128344	0.153	0.6945	-0.162	0	253	331	3
2026-02-12	15:05:02.390	32.025	-6.825	28.665	1.020896	-0.123464	0.13176	0.159	0.699	-0.1575	0	253	331	3
2026-02-12	15:05:02.410	30.45	-6.055	27.055	0.998448	-0.144936	0.123952	0.147	0.702	-0.1575	0	246	294	3
2026-02-12	15:05:02.430	30.73	-5.705	24.185	0.972584	-0.144448	0.118584	0.15	0.702	-0.156	0	246	294	3
2026-02-12	15:05:02.450	30.135	-5.6	18.97	0.984784	-0.119072	0.151036	0.147	0.7005	-0.1605	0	246	294	3
2026-02-12	15:05:02.470	27.195	-2.45	11.795	1.013576	-0.096624	0.169824	0.15	0.6945	-0.165	0	246	294	3
2026-02-12	15:05:02.490	21.035	3.255	5.32	0.99064	-0.095892	0.14396	0.1545	0.6915	-0.162	0	246	294	3
2026-02-12	15:05:02.510	1.96	8.295	-1.96	0.932568	-0.1037	0.111508	0.1545	0.6915	-0.162	0	246	294	3
2026-02-12	15:05:02.530	-12.39	9.59	-6.58	0.899872	-0.11224	0.128832	0.1545	0.6915	-0.162	0	246	294	3
2026-02-12	15:05:02.550	-21.98	10.15	-11.13	0.87596	-0.115656	0.17934	0.1515	0.7005	-0.1635	0	246	294	3
2026-02-12	15:05:02.570	-23.135	13.475	-13.755	0.793976	-0.117608	0.245708	0.1455	0.6975	-0.165	0	246	294	3
2026-02-12	15:05:02.590	-17.955	17.92	-13.44	0.70394	-0.098088	0.248148	0.1545	0.7005	-0.1725	0	246	294	3
2026-02-12	15:05:02.610	-11.935	19.565	-12.81	0.670756	-0.102968	0.223504	0.1545	0.708	-0.168	0	238	260	3
2026-02-12	15:05:02.630	2.765	21.525	-12.495	0.68442	-0.213988	0.167872	0.1425	0.699	-0.1665	0	238	260	3
2026-02-12	15:05:02.650	65.275	27.685	-14.07	0.686616	-0.345504	0.148352	0.159	0.7035	-0.171	0	238	260	3
2026-02-12	15:05:02.670	133.21	26.53	-16.415	0.676368	-0.20496	0.154696	0.156	0.6975	-0.174	0	238	260	3
2026-02-12	15:05:02.690	155.96	18.375	-16.73	0.728096	-0.044896	0.175436	0.1635	0.672	-0.186	0	238	260	3
2026-02-12	15:05:02.710	144.585	13.755	-17.36	0.753472	-0.010248	0.19764	0.171	0.6585	-0.183	0	238	260	3
2026-02-12	15:05:02.730	115.5	1.785	-22.89	0.850096	0.10004	0.250588	0.171	0.6585	-0.183	0	238	260	3
2026-02-12	15:05:02.750	83.79	-7.91	-31.08	0.95038	0.143716	0.319152	0.1665	0.627	-0.177	0	238	260	3
2026-02-12	15:05:02.770	41.615	-14.175	-40.11	1.01138	0.154452	0.39284	0.1665	0.612	-0.174	0	238	260	3
2026-02-12	15:05:02.790	-4.445	-18.2	-50.085	1.058716	0.088084	0.398696	0.1755	0.6	-0.1665	0	238	260	3
2026-02-12	15:05:02.810	-37.31	-18.795	-59.675	1.08092	-0.014884	0.345016	0.1725	0.5985	-0.174	0	229	240	2
2026-02-12	15:05:02.830	-45.15	-20.265	-68.355	1.124352	-0.096136	0.258152	0.171	0.594	-0.1695	0	229	240	2
2026-02-12	15:05:02.850	-32.2	-29.155	-76.475	1.294176	-0.135176	0.218136	0.168	0.5925	-0.1785	0	229	240	2
2026-02-12	15:05:02.870	-7.35	-37.94	-82.04	1.464244	-0.139568	0.307196	0.162	0.585	-0.1695	0	229	240	2
2026-02-12	15:05:02.890	17.99	-37.835	-82.845	1.439844	-0.0366	0.446764	0.1725	0.582	-0.1635	0	229	240	2
2026-02-12	15:05:02.910	26.075	-31.465	-78.155	1.287832	0.049532	0.449204	0.1665	0.5625	-0.159	0	229	240	2
2026-02-12	15:05:02.930	14.105	-30.065	-69.09	1.291248	0.050508	0.405772	0.174	0.5535	-0.159	0	229	240	2
2026-02-12	15:05:02.950	6.405	-30.8	-59.395	1.414956	0.01098	0.514352	0.174	0.5535	-0.159	0	229	240	2
2026-02-12	15:05:02.970	20.755	-21.91	-50.225	1.395436	0.097112	0.669048	0.1695	0.54	-0.144	0	229	240	2
2026-02-12	15:05:02.990	24.885	-3.5	-36.75	1.218048	0.221064	0.630984	0.1725	0.534	-0.147	0	229	240	2
2026-02-12	15:05:03.010	-4.235	12.775	-17.71	1.013088	0.235948	0.484096	0.171	0.5205	-0.138	0	225	249	3
2026-02-12	15:05:03.030	-38.115	23.275	-0.21	0.890356	0.179584	0.395036	0.159	0.513	-0.1485	0	225	249	3
2026-02-12	15:05:03.050	-52.57	26.845	10.815	0.8418	0.155428	0.378444	0.174	0.5205	-0.153	0	225	249	3
2026-02-12	15:05:03.070	-62.615	27.72	17.43	0.793732	0.176412	0.410164	0.1725	0.5235	-0.162	0	225	249	3
2026-02-12	15:05:03.090	-73.01	30.66	19.915	0.751032	0.173972	0.44774	0.1815	0.54	-0.162	0	225	249	3
2026-02-12	15:05:03.110	-85.365	33.81	20.09	0.708332	0.10736	0.435052	0.18	0.543	-0.165	0	225	249	3
2026-02-12	15:05:03.130	-89.32	33.95	19.74	0.68442	0.013908	0.401136	0.1785	0.564	-0.177	0	225	249	3
2026-02-12	15:05:03.150	-58.205	31.395	17.465	0.743468	-0.060024	0.447252	0.1785	0.564	-0.177	0	225	249	3
2026-02-12	15:05:03.170	-28	29.68	17.185	0.76982	-0.049288	0.443836	0.1785	0.564	-0.177	0	225	249	3
2026-02-12	15:05:03.190	-2.8	25.97	19.6	0.79544	-0.031964	0.432612	0.183	0.5895	-0.198	0	225	249	3
2026-02-12	15:05:03.210	20.475	21.28	22.68	0.818864	-0.013176	0.416264	0.192	0.5925	-0.2025	0	227	286	3
2026-02-12	15:05:03.230	44.135	15.89	26.67	0.853512	-0.010248	0.40016	0.1815	0.585	-0.2055	0	227	286	3
2026-02-12	15:05:03.250	65.17	11.27	32.655	0.845948	0.025376	0.407968	0.1905	0.591	-0.2055	0	227	286	3
2026-02-12	15:05:03.270	78.155	8.54	40.565	0.805688	0.047824	0.414556	0.198	0.5985	-0.2055	0	227	286	3
2026-02-12	15:05:03.290	85.47	6.895	47.6	0.772504	0.072468	0.42456	0.195	0.5865	-0.207	0	227	286	3
2026-02-12	15:05:03.310	87.29	6.79	52.325	0.755912	0.106872	0.419436	0.192	0.585	-0.2085	0	227	286	3
2026-02-12	15:05:03.330	80.745	7.595	54.705	0.76006	0.107604	0.389912	0.195	0.5715	-0.2085	0	227	286	3
2026-02-12	15:05:03.350	69.58	8.225	55.44	0.763476	0.072956	0.360632	0.198	0.5835	-0.2025	0	227	286	3
2026-02-12	15:05:03.370	58.695	9.45	54.04	0.774944	0.050508	0.361852	0.198	0.5835	-0.2025	0	227	286	3
2026-02-12	15:05:03.390	54.355	12.32	53.865	0.743956	0.0488	0.339648	0.1935	0.5835	-0.207	0	227	286	3
2026-02-12	15:05:03.410	48.405	13.965	55.265	0.701744	0.038308	0.29402	0.1815	0.585	-0.213	0	230	323	3
2026-02-12	15:05:03.430	44.38	12.845	55.58	0.686372	0.023668	0.269376	0.1875	0.579	-0.204	0	230	323	3
2026-02-12	15:05:03.450	43.68	10.605	55.16	0.671488	0.009028	0.279624	0.183	0.579	-0.2115	0	230	323	3
2026-02-12	15:05:03.470	43.4	9.24	55.475	0.636108	0.011224	0.286456	0.1815	0.5805	-0.2115	0	230	323	3
2026-02-12	15:05:03.490	41.3	7.315	55.685	0.59902	0.01952	0.274012	0.192	0.6	-0.2085	0	230	323	3
2026-02-12	15:05:03.510	35.14	3.255	54.67	0.582184	0.00366	0.241804	0.177	0.591	-0.207	0	230	323	3
2026-02-12	15:05:03.530	27.72	-4.34	51.555	0.610244	-0.037088	0.218868	0.1785	0.594	-0.2085	0	230	323	3
2026-02-12	15:05:03.550	25.48	-14.105	46.095	0.676368	-0.08662	0.2196	0.1815	0.597	-0.2025	0	230	323	3
2026-02-12	15:05:03.570	34.405	-26.985	36.54	0.79666	-0.12932	0.241316	0.1875	0.609	-0.2085	0	230	323	3
2026-02-12	15:05:03.590	50.26	-38.185	26.88	0.873764	-0.162992	0.2745	0.1875	0.609	-0.2085	0	230	323	3
2026-02-12	15:05:03.610	69.3	-44.905	20.16	0.915	-0.188856	0.315004	0.1755	0.6135	-0.1875	0	232	340	2
2026-02-12	15:05:03.630	92.225	-50.575	14.21	0.987224	-0.165432	0.338184	0.162	0.6015	-0.189	0	232	340	2
2026-02-12	15:05:03.650	115.605	-58.24	4.725	1.208776	-0.143716	0.403332	0.159	0.591	-0.18	0	232	340	2
2026-02-12	15:05:03.670	145.18	-57.89	-6.51	1.426912	-0.164944	0.463844	0.15	0.5805	-0.165	0	232	340	2
2026-02-12	15:05:03.690	169.225	-53.69	-11.83	1.658224	-0.127124	0.45628	0.144	0.573	-0.1605	0	232	340	2
2026-02-12	15:05:03.710	169.225	-46.025	-9.59	1.809016	-0.070516	0.3782	0.144	0.549	-0.138	0	232	340	2
2026-02-12	15:05:03.730	136.675	-30.87	-0.875	1.655296	-0.02318	0.306708	0.135	0.534	-0.126	0	232	340	2
2026-02-12	15:05:03.750	95.935	-16.135	9.765	1.428376	-0.011224	0.276696	0.126	0.528	-0.117	0	232	340	2
2026-02-12	15:05:03.770	68.88	-6.615	19.95	1.308084	-0.010004	0.288164	0.132	0.522	-0.1155	0	232	340	2
2026-02-12	15:05:03.790	52.15	3.675	33.495	1.248792	0.048556	0.285968	0.132	0.519	-0.1035	0	232	340	2
2026-02-12	15:05:03.810	32.655	10.64	41.055	1.213412	0.06466	0.265716	0.126	0.513	-0.1095	0	236	340	3
2026-02-12	15:05:03.830	2.415	17.955	46.2	1.159488	-0.004148	0.22692	0.1155	0.522	-0.1095	0	236	340	3
2026-02-12	15:05:03.850	-25.235	22.925	49.42	1.10776	-0.083448	0.193492	0.117	0.525	-0.108	0	236	340	3
2026-02-12	15:05:03.870	-43.015	26.25	52.745	1.044076	-0.141764	0.168604	0.1215	0.5445	-0.1215	0	236	340	3
2026-02-12	15:05:03.890	-50.26	27.3	58.17	1.003816	-0.174216	0.14762	0.1215	0.5475	-0.123	0	236	340	3
2026-02-12	15:05:03.910	-46.025	26.6	62.895	1.011136	-0.163236	0.159576	0.126	0.561	-0.1275	0	236	340	3
2026-02-12	15:05:03.930	-38.185	26.32	66.15	0.98698	-0.139568	0.166164	0.1185	0.576	-0.129	0	236	340	3
2026-02-12	15:05:03.950	-31.115	25.585	68.355	0.940864	-0.132004	0.166164	0.1245	0.5895	-0.1365	0	236	340	3
2026-02-12	15:05:03.970	-23.24	22.925	68.04	0.926956	-0.140544	0.1769	0.1245	0.5985	-0.1485	0	236	340	3
2026-02-12	15:05:03.990	-17.36	19.145	64.68	0.917196	-0.157136	0.190076	0.1155	0.6015	-0.141	0	236	340	3
2026-02-12	15:05:04.010	-15.715	11.97	55.125	0.939644	-0.174704	0.214476	0.1155	0.6015	-0.141	0	242	325	3
2026-02-12	15:05:04.030	-16.695	7.175	45.045	0.949648	-0.188612	0.22326	0.1125	0.63	-0.1485	0	242	325	3
2026-02-12	15:05:04.050	-13.825	2.625	32.235	0.986248	-0.205692	0.212036	0.1215	0.639	-0.147	0	242	325	3
2026-02-12	15:05:04.070	-5.915	-0.98	17.5	1.013332	-0.226676	0.204716	0.1245	0.636	-0.153	0	242	325	3
2026-02-12	15:05:04.090	5.215	-2.835	2.8	1.01504	-0.247172	0.187636	0.1185	0.6495	-0.1635	0	242	325	3
2026-02-12	15:05:04.110	17.71	-4.165	-9.905	0.99308	-0.254492	0.187392	0.117	0.654	-0.153	0	242	325	3
2026-02-12	15:05:04.130	28.525	-5.39	-19.39	0.942328	-0.243268	0.19398	0.12	0.6555	-0.1455	0	242	325	3
2026-02-12	15:05:04.150	37.275	-6.79	-25.76	0.898164	-0.244	0.204228	0.1185	0.645	-0.159	0	242	325	3
2026-02-12	15:05:04.170	48.58	-8.96	-29.61	0.911096	-0.24034	0.216184	0.12	0.6435	-0.153	0	242	325	3
2026-02-12	15:05:04.190	64.47	-11.655	-32.585	0.95282	-0.231068	0.252052	0.12	0.639	-0.1515	0	242	325	3
2026-02-12	15:05:04.210	90.615	-12.915	-36.26	1.043832	-0.221552	0.302072	0.1215	0.615	-0.1485	0	245	300	3
2026-02-12	15:05:04.230	115.185	-9.835	-36.68	1.090192	-0.187148	0.325496	0.1125	0.6135	-0.15	0	245	300	3
2026-02-12	15:05:04.250	125.79	-5.74	-33.39	1.072624	-0.127612	0.311344	0.1185	0.594	-0.1425	0	245	300	3
2026-02-12	15:05:04.270	122.885	-3.255	-28.035	1.041148	-0.056608	0.278404	0.1185	0.5895	-0.129	0	245	300	3
2026-02-12	15:05:04.290	112.42	-4.095	-23.135	1.067988	-0.005856	0.280356	0.1275	0.5775	-0.138	0	245	300	3
2026-02-12	15:05:04.310	97.755	-4.97	-18.2	1.079456	0.033916	0.3233	0.1275	0.555	-0.129	0	245	300	3
2026-02-12	15:05:04.330	80.955	-5.005	-12.04	1.086532	0.087108	0.376248	0.1245	0.5385	-0.1245	0	245	300	3
2026-02-12	15:05:04.350	59.08	-5.425	-8.225	1.101904	0.143716	0.391864	0.12	0.537	-0.1155	0	245	300	3
2026-02-12	15:05:04.370	30.695	-6.44	-7.98	1.075308	0.133956	0.390156	0.126	0.5265	-0.126	0	245	300	3
2026-02-12	15:05:04.390	7.945	-8.68	-10.78	1.015772	0.07124799	0.378444	0.1185	0.5235	-0.1215	0	245	300	3
2026-02-12	15:05:04.410	-1.47	-14.245	-15.82	1.0126	-0.002684	0.393816	0.1245	0.5235	-0.114	0	244	287	3
2026-02-12	15:05:04.430	16.275	-15.33	-24.955	0.92598	-0.054656	0.444568	0.1185	0.5205	-0.1125	0	244	287	3
2026-02-12	15:05:04.450	36.05	-14.63	-30.415	0.879864	-0.04758	0.407724	0.132	0.516	-0.1185	0	244	287	3
2026-02-12	15:05:04.470	50.68	-13.405	-35.175	0.8479	-0.045872	0.344772	0.1215	0.5025	-0.1035	0	244	287	3
2026-02-12	15:05:04.490	65.66	-13.195	-39.27	0.84058	-0.038308	0.332572	0.1215	0.504	-0.1095	0	244	287	3
2026-02-12	15:05:04.510	83.37	-12.145	-42.63	0.847168	-0.013664	0.348676	0.126	0.4935	-0.1005	0	244	287	3
2026-02-12	15:05:04.530	93.45	-9.835	-44.24	0.870348	0.049532	0.345016	0.1305	0.4785	-0.096	0	244	287	3
2026-02-12	15:05:04.550	89.95	-7.35	-44.625	0.908412	0.088816	0.332816	0.126	0.471	-0.0765	0	244	287	3
2026-02-12	15:05:04.570	81.55	-3.99	-45.01	0.975512	0.09467199	0.369416	0.138	0.4545	-0.078	0	244	287	3
2026-02-12	15:05:04.590	68.915	3.15	-42.21	1.0126	0.087352	0.370392	0.141	0.4455	-0.0675	0	244	287	3
2026-02-12	15:05:04.610	48.09	11.62	-33.985	1.019676	0.085156	0.295728	0.147	0.4365	-0.0585	0	240	293	3
2026-02-12	15:05:04.630	22.05	17.745	-22.155	1.012112	0.055388	0.231068	0.15	0.4275	-0.063	0	240	293	3
2026-02-12	15:05:04.650	2.38	22.05	-2.345	0.955504	0.027572	0.23668	0.15	0.4275	-0.063	0	240	293	3
2026-02-12	15:05:04.670	2.17	22.715	9.975	0.917196	0.071492	0.280356	0.1515	0.4275	-0.0705	0	240	293	3
2026-02-12	15:05:04.690	-1.855	23.24	17.71	0.869128	0.187148	0.297192	0.153	0.423	-0.0705	0	240	293	3
2026-02-12	15:05:04.710	-17.29	21.42	21.28	0.83936	0.237412	0.283772	0.153	0.423	-0.078	0	240	293	3
2026-02-12	15:05:04.730	-41.055	19.18	22.505	0.82228	0.20374	0.273768	0.156	0.432	-0.0795	0	240	293	3
2026-02-12	15:05:04.750	-54.18	19.67	23.03	0.806664	0.074908	0.273036	0.15	0.4395	-0.087	0	240	293	3
2026-02-12	15:05:04.770	-49.385	17.045	23.73	0.824964	0.00366	0.266448	0.1545	0.438	-0.087	0	240	293	3
2026-02-12	15:05:04.790	-32.515	13.475	23.94	0.842776	0.017568	0.25132	0.1575	0.456	-0.096	0	240	293	3
2026-02-12	15:05:04.810	-10.5	9.94	24.78	0.817888	0.049288	0.238876	0.1605	0.456	-0.1035	0	233	301	3
2026-02-12	15:05:04.830	14.525	4.515	25.55	0.829844	0.044652	0.258396	0.1425	0.4635	-0.102	0	233	301	3
2026-02-12	15:05:04.850	53.13	0.42	25.095	0.887672	0.03416	0.336232	0.141	0.4665	-0.102	0	233	301	3
2026-02-12	15:05:04.870	91.77	2.17	24.01	0.93452	0.06734399	0.387716	0.1395	0.4605	-0.0975	0	233	301	3
2026-02-12	15:05:04.890	107.73	6.51	22.155	0.952332	0.160796	0.388692	0.138	0.456	-0.093	0	233	301	3
2026-02-12	15:05:04.910	105.385	12.005	19.53	0.993568	0.185684	0.39162	0.141	0.45	-0.09	0	233	301	3
2026-02-12	15:05:04.930	92.645	17.01	18.13	1.037	0.222284	0.337452	0.141	0.459	-0.081	0	233	301	3
2026-02-12	15:05:04.950	67.935	20.335	19.565	1.011136	0.251808	0.292556	0.144	0.4455	-0.072	0	233	301	3
2026-02-12	15:05:04.970	45.22	20.58	21.315	0.968436	0.258884	0.30744	0.1305	0.4455	-0.072	0	233	301	3
2026-02-12	15:05:04.990	28.035	18.375	21.77	0.9455	0.250832	0.361608	0.1455	0.444	-0.0705	0	233	301	3
2026-02-12	15:05:05.010	12.46	15.4	21.735	0.936716	0.210816	0.398696	0.135	0.453	-0.072	0	224	308	3
2026-02-12	15:05:05.030	2.835	13.37	21.07	0.894992	0.145912	0.42212	0.15	0.4485	-0.072	0	224	308	3
2026-02-12	15:05:05.050	4.27	11.13	19.985	0.844728	0.0793	0.437248	0.1365	0.4515	-0.0765	0	224	308	3
2026-02-12	15:05:05.070	29.155	12.565	16.275	0.828136	0.014152	0.408944	0.1395	0.4575	-0.075	0	224	308	3
2026-02-12	15:05:05.090	62.965	14.42	13.755	0.793732	-0.036844	0.3904	0.135	0.4575	-0.0735	0	224	308	3
2026-02-12	15:05:05.110	96.215	6.37	12.53	0.824476	0.045628	0.400892	0.1305	0.4575	-0.072	0	224	308	3
2026-02-12	15:05:05.130	107.135	3.01	11.9	0.83692	0.120536	0.402844	0.132	0.456	-0.06	0	224	308	3
2026-02-12	15:05:05.150	98.14	1.75	12.88	0.821304	0.154208	0.384788	0.1305	0.4485	-0.0645	0	224	308	3
2026-02-12	15:05:05.170	81.41	0.455	14.42	0.798368	0.160308	0.365024	0.1335	0.444	-0.0585	0	224	308	3
2026-02-12	15:05:05.190	63.315	-0.735	16.625	0.772992	0.169824	0.357216	0.129	0.441	-0.054	0	224	308	3
2026-02-12	15:05:05.210	44.24	-2.1	19.53	0.762744	0.172508	0.366488	0.1335	0.4305	-0.0435	0	215	320	3
2026-02-12	15:05:05.230	24.675	-4.69	22.505	0.774456	0.159576	0.386984	0.1365	0.4335	-0.0315	0	215	320	3
2026-02-12	15:05:05.250	4.235	-5.11	24.395	0.77714	0.123952	0.388936	0.126	0.438	-0.033	0	215	320	3
2026-02-12	15:05:05.270	-8.33	-6.335	24.92	0.775432	0.07808	0.368928	0.126	0.441	-0.0375	0	215	320	3
2026-02-12	15:05:05.290	-5.425	-7.735	28.385	0.746152	0.003172	0.38064	0.126	0.441	-0.0375	0	215	320	3
2026-02-12	15:05:05.310	3.57	-7.77	30.485	0.703452	0.00122	0.399184	0.126	0.441	-0.0375	0	215	320	3
2026-02-12	15:05:05.330	11.9	-7.175	32.27	0.65514	0.010492	0.401868	0.123	0.462	-0.033	0	215	320	3
2026-02-12	15:05:05.350	20.755	-5.075	35.665	0.587552	-0.001952	0.365756	0.1215	0.4605	-0.0315	0	215	320	3
2026-02-12	15:05:05.370	26.635	-5.39	39.69	0.549976	0.000732	0.360144	0.1185	0.4635	-0.033	0	215	320	3
2026-02-12	15:05:05.390	23.31	-7.49	40.215	0.607804	0.0488	0.378932	0.111	0.468	-0.018	0	215	320	3
2026-02-12	15:05:05.410	12.11	-8.645	37.31	0.652456	0.05368	0.366976	0.1095	0.465	-0.0195	0	206	335	3
2026-02-12	15:05:05.430	10.255	-10.43	35.525	0.684664	-0.004148	0.314028	0.105	0.483	-0.03	0	206	335	3
2026-02-12	15:05:05.450	19.985	-14.56	32.725	0.762744	-0.042944	0.262544	0.1035	0.486	-0.0255	0	206	335	3
2026-02-12	15:05:05.470	24.29	-19.25	29.435	0.840092	-0.066368	0.243756	0.102	0.486	-0.015	0	206	335	3
2026-02-12	15:05:05.490	33.425	-25.305	25.06	0.943792	-0.126636	0.256688	0.105	0.4935	-0.015	0	206	335	3
2026-02-12	15:05:05.510	62.86	-31.01	18.935	1.097756	-0.12444	0.322324	0.105	0.4935	-0.015	0	206	335	3
2026-02-12	15:05:05.530	88.725	-30.73	14.63	1.198772	-0.064416	0.357948	0.105	0.4935	-0.015	0	206	335	3
2026-02-12	15:05:05.550	104.265	-29.19	11.34	1.298812	0.021716	0.353312	0.1005	0.4995	0	0	206	335	3
2026-02-12	15:05:05.570	108.605	-26.74	8.96	1.456436	0.050752	0.366732	0.099	0.495	0.0255	0	206	335	3
2026-02-12	15:05:05.590	104.16	-17.5	11.34	1.59454	0.069052	0.387716	0.0945	0.498	0.0285	0	206	335	3
2026-02-12	15:05:05.610	80.85	0.28	20.265	1.560136	0.108092	0.311344	0.0885	0.489	0.0315	0	200	343	3
2026-02-12	15:05:05.630	45.535	16.94	32.235	1.423496	0.135908	0.242048	0.087	0.495	0.039	0	200	343	3
2026-02-12	15:05:05.650	10.955	26.88	39.97	1.384212	0.129564	0.193492	0.093	0.4965	0.042	0	200	343	3
2026-02-12	15:05:05.670	-17.115	32.655	43.085	1.410564	0.11346	0.208132	0.087	0.504	0.0435	0	200	343	3
2026-02-12	15:05:05.690	-48.58	39.165	44.94	1.372256	0.074176	0.210084	0.0855	0.513	0.0375	0	200	343	3
2026-02-12	15:05:05.710	-87.535	44.065	46.34	1.253428	0.000244	0.190564	0.096	0.522	0.021	0	200	343	3
2026-02-12	15:05:05.730	-101.57	43.82	45.71	1.147776	-0.035868	0.157624	0.0915	0.5295	0.0135	0	200	343	3
2026-02-12	15:05:05.750	-108.115	40.67	45.36	1.0553	-0.077348	0.119804	0.087	0.5385	0.006	0	200	343	3
2026-02-12	15:05:05.770	-107.625	36.26	46.165	0.957212	-0.091988	0.105652	0.0825	0.552	-0.0075	0	200	343	3
2026-02-12	15:05:05.790	-103.145	30.24	47.285	0.869128	-0.097112	0.111264	0.084	0.5625	-0.003	0	200	343	3
2026-02-12	15:05:05.810	-94.92	23.625	46.48	0.803004	-0.100528	0.12566	0.09	0.5745	-0.024	0	201	333	3
2026-02-12	15:05:05.830	-86.17	15.715	42.63	0.777872	-0.09638	0.148108	0.084	0.5775	-0.03	0	201	333	3
2026-02-12	15:05:05.850	-80.885	7.665	35.175	0.784216	-0.109556	0.149572	0.078	0.5955	-0.0405	0	201	333	3
2026-02-12	15:05:05.870	-68.705	-0.105	23.555	0.800564	-0.1403	0.168848	0.084	0.6	-0.048	0	201	333	3
2026-02-12	15:05:05.890	-47.635	-5.53	8.96	0.834236	-0.169092	0.21838	0.081	0.6195	-0.0375	0	201	333	3
2026-02-12	15:05:05.910	-24.885	-7.875	-6.755	0.880596	-0.170556	0.248392	0.075	0.615	-0.0435	0	201	333	3
2026-02-12	15:05:05.930	-5.565	-9.975	-29.68	0.977952	-0.173972	0.238144	0.075	0.615	-0.0435	0	201	333	3
2026-02-12	15:05:05.950	3.5	-10.01	-42.7	1.014552	-0.174948	0.22692	0.0855	0.615	-0.0405	0	201	333	3
2026-02-12	15:05:05.970	9.52	-9.415	-51.94	1.015528	-0.160064	0.224724	0.0975	0.615	-0.039	0	201	333	3
2026-02-12	15:05:05.990	10.85	-9.625	-57.435	1.013088	-0.138348	0.221064	0.0885	0.6075	-0.033	0	201	333	3
2026-02-12	15:05:06.010	4.9	-10.325	-59.465	0.991616	-0.111996	0.221308	0.09	0.606	-0.036	0	207	306	3
2026-02-12	15:05:06.030	-6.265	-11.83	-59.22	0.987468	-0.085888	0.216184	0.0885	0.5865	-0.036	0	207	306	3
2026-02-12	15:05:06.050	-20.265	-14.525	-58.31	0.99796	-0.074176	0.216916	0.081	0.588	-0.0315	0	207	306	3
2026-02-12	15:05:06.070	-36.575	-16.73	-57.19	0.998204	-0.077592	0.219356	0.093	0.5745	-0.0345	0	207	306	3
2026-02-12	15:05:06.090	-50.085	-18.13	-55.965	0.98454	-0.111264	0.22204	0.0945	0.564	-0.0285	0	207	306	3
2026-02-12	15:05:06.110	-57.645	-19.53	-55.3	0.996008	-0.13786	0.22204	0.0945	0.5715	-0.0315	0	207	306	3
2026-02-12	15:05:06.130	-62.405	-19.075	-54.39	0.961116	-0.17568	0.229848	0.0945	0.561	-0.0345	0	207	306	3
2026-02-12	15:05:06.150	-60.55	-16.31	-51.73	0.866688	-0.203984	0.232044	0.096	0.558	-0.0315	0	207	306	3
2026-02-12	15:05:06.170	-51.625	-13.055	-47.81	0.778116	-0.220088	0.22204	0.102	0.5565	-0.03	0	207	306	3
2026-02-12	15:05:06.190	-35.735	-10.535	-43.61	0.732	-0.215452	0.216184	0.108	0.558	-0.0315	0	207	306	3
2026-02-12	15:05:06.210	-18.97	-8.925	-39.865	0.720044	-0.192272	0.22204	0.099	0.54	-0.0375	0	211	280	3
2026-02-12	15:05:06.230	-8.47	-6.335	-36.575	0.707356	-0.166164	0.232288	0.108	0.5355	-0.039	0	211	280	3
2026-02-12	15:05:06.250	-2.975	-3.465	-32.62	0.688812	-0.14396	0.231068	0.102	0.5445	-0.036	0	211	280	3
2026-02-12	15:05:06.270	0.245	-1.015	-29.75	0.697596	-0.126636	0.218868	0.1065	0.5385	-0.033	0	211	280	3
2026-02-12	15:05:06.290	1.47	0.7	-29.015	0.748836	-0.111264	0.213744	0.1125	0.5355	-0.033	0	211	280	3
2026-02-12	15:05:06.310	-1.645	1.75	-30.38	0.83326	-0.105652	0.217404	0.1215	0.5265	-0.027	0	211	280	3
2026-02-12	15:05:06.330	-9.415	2.345	-32.55	0.930616	-0.100772	0.224236	0.1215	0.5265	-0.0345	0	211	280	3
2026-02-12	15:05:06.350	-17.85	3.29	-37.555	1.084824	-0.098332	0.280112	0.114	0.516	-0.033	0	211	280	3
2026-02-12	15:05:06.370	-23.8	7.945	-39.48	1.070916	-0.083448	0.315736	0.1185	0.513	-0.036	0	211	280	3
2026-02-12	15:05:06.390	-29.015	12.775	-39.095	1.033828	-0.052948	0.315736	0.1275	0.5085	-0.039	0	211	280	3
2026-02-12	15:05:06.410	-37.94	9.695	-40.075	1.169492	-0.029524	0.236192	0.1305	0.507	-0.039	0	213	264	3
2026-02-12	15:05:06.430	-47.6	-1.365	-45.815	1.430328	-0.068808	0.271572	0.129	0.498	-0.042	0	213	264	3
2026-02-12	15:05:06.450	-45.955	-7.175	-50.855	1.598444	-0.086376	0.40138	0.1365	0.5055	-0.042	0	213	264	3
2026-02-12	15:05:06.470	-44.17	-4.83	-50.68	1.477908	-0.059048	0.49044	0.1305	0.4995	-0.042	0	213	264	3
2026-02-12	15:05:06.490	-39.62	0.105	-46.97	1.219268	-0.018544	0.538264	0.1485	0.495	-0.045	0	213	264	3
2026-02-12	15:05:06.510	-29.82	-1.925	-39.69	1.113128	-0.021228	0.477996	0.1485	0.495	-0.0555	0	213	264	3
2026-02-12	15:05:06.530	-3.675	-15.435	-33.285	1.36274	-0.077104	0.517768	0.15	0.492	-0.0525	0	213	264	3
2026-02-12	15:05:06.550	54.25	-15.33	-30.17	1.543788	-0.081252	0.735172	0.1545	0.489	-0.0555	0	213	264	3
2026-02-12	15:05:06.570	126.245	5.25	-10.15	1.301252	0.161772	0.698084	0.1545	0.489	-0.0555	0	213	264	3
2026-02-12	15:05:06.590	117.81	21.84	9.24	1.0675	0.258884	0.565836	0.1575	0.4725	-0.045	0	213	264	3
2026-02-12	15:05:06.610	83.755	34.545	23.835	0.916464	0.307196	0.476532	0.1575	0.4575	-0.0315	0	216	275	3
2026-02-12	15:05:06.630	45.29	42.84	32.13	0.852048	0.322812	0.406016	0.1545	0.459	-0.03	0	216	275	3
2026-02-12	15:05:06.650	6.055	46.41	35.175	0.770796	0.458232	0.344284	0.162	0.4575	-0.0315	0	216	275	3
2026-02-12	15:05:06.670	-58.52	45.15	34.895	0.619272	0.612928	0.266204	0.1665	0.4635	-0.0345	0	216	275	3
2026-02-12	15:05:06.690	-137.27	38.045	31.325	0.549732	0.558516	0.244244	0.1575	0.471	-0.048	0	216	275	3
2026-02-12	15:05:06.710	-192.395	28.525	25.515	0.59658	0.30378	0.246196	0.156	0.48	-0.0585	0	216	275	3
2026-02-12	15:05:06.730	-208.95	21.28	19.915	0.666852	0.07564	0.261812	0.1605	0.4965	-0.075	0	216	275	3
2026-02-12	15:05:06.750	-191.135	16.695	16.8	0.744444	-0.155672	0.267912	0.156	0.5115	-0.09	0	216	275	3
2026-02-12	15:05:06.770	-119.805	11.585	14.665	0.853268	-0.339892	0.27694	0.147	0.5385	-0.108	0	216	275	3
2026-02-12	15:05:06.790	-9.765	5.775	14.49	0.924516	-0.395036	0.270108	0.156	0.5475	-0.111	0	216	275	3
2026-02-12	15:05:06.810	84.385	0.14	14.665	0.91012	-0.265228	0.30134	0.159	0.5535	-0.111	0	225	303	3
2026-02-12	15:05:06.830	158.935	-3.185	14.07	0.853024	-0.172752	0.323544	0.153	0.5505	-0.108	0	225	303	3
2026-02-12	15:05:06.850	220.92	-6.02	13.44	0.811056	-0.069784	0.324764	0.1515	0.54	-0.1035	0	225	303	3
2026-02-12	15:05:06.870	256.095	-9.24	14.035	0.792756	0.062952	0.326228	0.159	0.525	-0.0945	0	225	303	3
2026-02-12	15:05:06.890	256.865	-11.27	16.835	0.802028	0.147376	0.351116	0.156	0.5115	-0.084	0	225	303	3
2026-02-12	15:05:06.910	230.545	-10.885	20.055	0.82594	0.183	0.37576	0.156	0.495	-0.066	0	225	303	3
2026-02-12	15:05:06.930	181.72	-9.415	22.75	0.815204	0.213744	0.366244	0.1515	0.4875	-0.0405	0	225	303	3
2026-02-12	15:05:06.950	118.475	-9.31	24.92	0.795196	0.203252	0.330864	0.1485	0.477	-0.03	0	225	303	3
2026-02-12	15:05:06.970	59.395	-9.52	26.705	0.796416	0.129564	0.290604	0.147	0.4755	-0.0255	0	225	303	3
2026-02-12	15:05:06.990	16.8	-8.365	31.43	0.760548	0.033916	0.27572	0.1395	0.4725	-0.0105	0	225	303	3
2026-02-12	15:05:07.010	8.855	-6.265	38.92	0.684664	-0.005612	0.28548	0.1395	0.4755	-0.0105	0	236	321	3
2026-02-12	15:05:07.030	16.485	-3.045	46.865	0.633912	-0.018056	0.334036	0.1365	0.4845	-0.0045	0	236	321	3
2026-02-12	15:05:07.050	36.575	3.29	52.99	0.606096	-0.00488	0.367464	0.135	0.492	0.003	0	236	321	3
2026-02-12	15:05:07.070	50.575	9.87	59.675	0.583892	0.023912	0.349652	0.138	0.4905	-0.006	0	236	321	3
2026-02-12	15:05:07.090	51.8	16.52	65.8	0.557784	0.025376	0.292312	0.135	0.5025	0	0	236	321	3
2026-02-12	15:05:07.110	50.855	18.41	70.21	0.594628	0.005612	0.23424	0.1275	0.513	0.003	0	236	321	3
2026-02-12	15:05:07.130	53.83	17.255	72.275	0.665388	0.006832	0.238388	0.117	0.5205	0	0	236	321	3
2026-02-12	15:05:07.150	57.96	16.03	72.905	0.719068	0.0122	0.246928	0.12	0.519	0.0045	0	236	321	3
2026-02-12	15:05:07.170	54.285	13.86	72.59	0.737856	0.029036	0.20862	0.1155	0.5355	0.0045	0	236	321	3
2026-02-12	15:05:07.190	40.355	5.53	69.055	0.79178	0.064904	0.135664	0.117	0.537	0	0	236	321	3
2026-02-12	15:05:07.210	8.925	-15.61	51.625	1.016992	0.050264	0.176656	0.117	0.537	0	0	246	324	3
2026-02-12	15:05:07.230	15.575	-20.51	35.35	1.273924	-0.0488	0.346724	0.111	0.549	0.006	0	246	324	3
2026-02-12	15:05:07.250	42.875	-20.51	16.415	1.540128	-0.053192	0.404308	0.1065	0.5655	0.0135	0	246	324	3
2026-02-12	15:05:07.270	46.76	-16.905	2.555	1.60918	-0.050508	0.383324	0.1065	0.57	0.0135	0	246	324	3
2026-02-12	15:05:07.290	44.94	-13.23	-5.25	1.658468	-0.107604	0.329156	0.1155	0.5655	0.0285	0	246	324	3
2026-02-12	15:05:07.310	49.84	-9.415	-9.1	1.685308	-0.101748	0.264984	0.1035	0.558	0.03	0	246	324	3
2026-02-12	15:05:07.330	51.555	-2.38	-3.92	1.56038	-0.049044	0.227164	0.1065	0.5595	0.03	0	246	324	3
2026-02-12	15:05:07.350	42.945	7.105	7.07	1.346148	0.02806	0.175436	0.099	0.561	0.0375	0	246	324	3
2026-02-12	15:05:07.370	23.8	9.38	18.585	1.293444	0.094428	0.111264	0.1065	0.561	0.0375	0	246	324	3
2026-02-12	15:05:07.390	-2.38	10.15	27.02	1.242204	0.123464	0.075396	0.1095	0.564	0.036	0	246	324	3
2026-02-12	15:05:07.410	-40.81	11.06	33.355	1.114836	0.068808	0.083692	0.1035	0.567	0.0435	0	256	314	3
2026-02-12	15:05:07.430	-75.985	7.875	36.575	1.048712	0.008052	0.111752	0.0975	0.5685	0.0405	0	256	314	3
2026-02-12	15:05:07.450	-97.93	4.62	36.225	1.009428	-0.033672	0.130296	0.0975	0.579	0.0345	0	256	314	3
2026-02-12	15:05:07.470	-117.005	1.26	34.09	0.992348	-0.077592	0.144204	0.099	0.591	0.0285	0	256	314	3
2026-02-12	15:05:07.490	-131.67	-1.435	30.345	0.96868	-0.128832	0.1525	0.093	0.594	0.0255	0	256	314	3
2026-02-12	15:05:07.510	-134.295	-2.835	25.795	0.941352	-0.169824	0.16104	0.105	0.603	0.0255	0	256	314	3
2026-02-12	15:05:07.530	-122.465	-2.87	20.72	0.893528	-0.171532	0.155672	0.111	0.618	0.012	0	256	314	3
2026-02-12	15:05:07.550	-101.885	-3.43	14.35	0.857416	-0.153964	0.129564	0.096	0.624	0.0105	0	256	314	3
2026-02-12	15:05:07.570	-80.185	-5.53	5.04	0.873276	-0.153964	0.116144	0.0945	0.6225	0.0075	0	256	314	3
2026-02-12	15:05:07.590	-59.5	-8.225	-6.265	0.926712	-0.170068	0.11468	0.093	0.6345	0.012	0	256	314	3
2026-02-12	15:05:07.610	-41.23	-10.185	-18.34	0.974048	-0.163724	0.12566	0.102	0.6315	0.0105	0	266	287	3
2026-02-12	15:05:07.630	-29.12	-12.67	-35	1.01504	-0.164456	0.132004	0.093	0.642	0.009	0	266	287	3
2026-02-12	15:05:07.650	-26.74	-13.93	-45.885	1.01992	-0.151036	0.148352	0.099	0.636	0.0135	0	266	287	3
2026-02-12	15:05:07.670	-29.295	-15.12	-55.685	1.037244	-0.136396	0.160552	0.102	0.6255	0.018	0	266	287	3
2026-02-12	15:05:07.690	-38.185	-15.89	-62.3	1.034072	-0.148596	0.155672	0.0975	0.621	0.018	0	266	287	3
2026-02-12	15:05:07.710	-47.46	-17.465	-66.08	1.033096	-0.158112	0.167384	0.096	0.621	0.0195	0	266	287	3
2026-02-12	15:05:07.730	-52.99	-19.39	-68.845	1.037976	-0.16714	0.1952	0.099	0.603	0.0165	0	266	287	3
2026-02-12	15:05:07.750	-55.23	-19.81	-70.315	1.032852	-0.182756	0.219356	0.0975	0.6015	0.027	0	266	287	3
2026-02-12	15:05:07.770	-54.53	-18.76	-69.755	1.022848	-0.199592	0.22814	0.108	0.591	0.024	0	266	287	3
2026-02-12	15:05:07.790	-49.735	-16.94	-67.69	1.025776	-0.215696	0.228628	0.102	0.588	0.0285	0	266	287	3
2026-02-12	15:05:07.810	-42.175	-14.245	-64.4	1.036024	-0.216428	0.234972	0.1065	0.5805	0.0225	0	269	255	3
2026-02-12	15:05:07.830	-35.21	-10.255	-60.165	1.026264	-0.206912	0.229604	0.114	0.567	0.027	0	269	255	3
2026-02-12	15:05:07.850	-30.66	-1.435	-50.61	0.94672	-0.204472	0.208864	0.114	0.567	0.027	0	269	255	3
2026-02-12	15:05:07.870	-30.485	3.36	-42.805	0.908412	-0.182756	0.184464	0.1095	0.561	0.024	0	269	255	3
2026-02-12	15:05:07.890	-33.425	6.615	-35.525	0.890112	-0.158112	0.177144	0.1095	0.552	0.018	0	269	255	3
2026-02-12	15:05:07.910	-40.39	10.255	-28.63	0.831064	-0.147864	0.18422	0.117	0.5505	0.0195	0	269	255	3
2026-02-12	15:05:07.930	-46.27	13.58	-22.19	0.792756	-0.165188	0.198128	0.12	0.552	0.024	0	269	255	3
2026-02-12	15:05:07.950	-45.465	16.52	-17.605	0.783484	-0.17934	0.210816	0.123	0.549	0.0165	0	269	255	3
2026-02-12	15:05:07.970	-41.475	19.32	-14.945	0.788364	-0.172752	0.220088	0.1305	0.5505	0.0075	0	269	255	3
2026-02-12	15:05:07.990	-39.585	22.365	-13.02	0.769088	-0.167628	0.215696	0.117	0.5445	0.003	0	269	255	3
2026-02-12	15:05:08.010	-37.94	25.305	-10.99	0.742248	-0.165676	0.210084	0.117	0.5445	0.003	0	267	234	3
2026-02-12	15:05:08.030	-36.61	25.9	-10.15	0.744932	-0.159332	0.194956	0.129	0.555	0.0045	0	267	234	3
2026-02-12	15:05:08.050	-29.19	21.28	-11.69	0.890844	-0.163968	0.180804	0.1305	0.5475	-0.006	0	267	234	3
2026-02-12	15:05:08.070	-17.01	14.665	-16.765	1.032364	-0.1708	0.21838	0.135	0.5535	-0.0105	0	267	234	3
2026-02-12	15:05:08.090	-5.32	11.655	-20.895	1.081408	-0.157868	0.277428	0.1365	0.558	-0.0165	0	267	234	3
2026-02-12	15:05:08.110	8.435	10.465	-25.13	1.133624	-0.139812	0.35868	0.1335	0.5505	-0.015	0	267	234	3
2026-02-12	15:05:08.130	25.095	13.335	-30.87	1.159	-0.08784	0.399672	0.141	0.546	-0.015	0	267	234	3
2026-02-12	15:05:08.150	29.47	16.59	-35.805	1.129232	-0.0427	0.384544	0.1485	0.5475	-0.018	0	267	234	3
2026-02-12	15:05:08.170	22.645	18.9	-38.78	1.10044	-0.040748	0.354776	0.144	0.5325	-0.0105	0	267	234	3
2026-02-12	15:05:08.190	14.105	17.57	-39.375	1.134844	-0.045872	0.314272	0.147	0.5295	-0.015	0	267	234	3
2026-02-12	15:05:08.210	6.055	14.35	-39.585	1.188524	-0.021228	0.311344	0.156	0.5265	-0.018	0	260	230	3
2026-02-12	15:05:08.230	-5.18	12.6	-37.345	1.193892	0.013664	0.304756	0.1485	0.5145	-0.0135	0	260	230	3
2026-02-12	15:05:08.250	-17.745	10.185	-33.845	1.21634	0.043188	0.310368	0.1575	0.519	-0.021	0	260	230	3
2026-02-12	15:05:08.270	-41.125	6.685	-24.815	1.117276	-0.000976	0.310856	0.156	0.5085	-0.0285	0	260	230	3
2026-02-12	15:05:08.290	-41.475	1.715	-16.345	1.067744	-0.056852	0.35746	0.1575	0.5085	-0.0285	0	260	230	3
2026-02-12	15:05:08.310	-21.35	-4.27	-9.24	1.066524	-0.028304	0.460916	0.165	0.507	-0.033	0	260	230	3
2026-02-12	15:05:08.330	3.64	-6.405	-1.05	1.056032	-0.01586	0.553636	0.1695	0.504	-0.0315	0	260	230	3
2026-02-12	15:05:08.350	37.625	-4.305	8.085	1.011868	0.000732	0.537776	0.168	0.504	-0.027	0	260	230	3
2026-02-12	15:05:08.370	72.87	-2.555	17.29	0.944524	0.108824	0.473116	0.1635	0.513	-0.027	0	260	230	3
2026-02-12	15:05:08.390	91.91	-1.75	23.24	0.936716	0.220576	0.45506	0.1665	0.5085	-0.033	0	260	230	3
2026-02-12	15:05:08.410	93.52	1.61	24.465	0.967216	0.342576	0.468968	0.165	0.5085	-0.0255	0	251	249	3
2026-02-12	15:05:08.430	76.72	8.89	22.19	0.958676	0.401868	0.429196	0.1635	0.498	-0.015	0	251	249	3
2026-02-12	15:05:08.450	47.075	16.345	20.125	0.93452	0.33794	0.347456	0.1635	0.504	-0.0165	0	251	249	3
2026-02-12	15:05:08.470	21.49	21.91	19.355	0.913292	0.184952	0.264252	0.1695	0.507	-0.0195	0	251	249	3
2026-02-12	15:05:08.490	62.58	27.195	22.015	0.912072	-0.153476	0.188856	0.1695	0.507	-0.0195	0	251	249	3
2026-02-12	15:05:08.510	123.025	28.385	24.045	0.896456	-0.100284	0.213012	0.1605	0.5055	-0.0165	0	251	249	3
2026-02-12	15:05:08.530	147.385	28.735	28.42	0.803492	0.067832	0.223748	0.1545	0.5055	-0.009	0	251	249	3
2026-02-12	15:05:08.550	131.985	27.09	33.635	0.756888	0.209108	0.243268	0.1575	0.5025	-0.0015	0	251	249	3
2026-02-12	15:05:08.570	97.65	22.085	35.385	0.744444	0.285724	0.204716	0.1575	0.4965	-0.0015	0	251	249	3
2026-02-12	15:05:08.590	55.475	12.88	36.47	0.700768	0.2928	0.1708	0.159	0.4965	0.0045	0	251	249	3
2026-02-12	15:05:08.610	15.89	1.785	34.615	0.704916	0.271816	0.200568	0.15	0.5025	0.0045	0	245	275	3
2026-02-12	15:05:08.630	-1.715	-9.73	32.06	0.771284	0.222528	0.281088	0.1485	0.5055	0.0075	0	245	275	3
2026-02-12	15:05:08.650	-4.235	-20.86	34.545	0.8296	0.2074	0.307196	0.147	0.5025	0.006	0	245	275	3
2026-02-12	15:05:08.670	1.015	-20.23	30.345	0.871812	0.267912	0.30134	0.1455	0.5085	0.0105	0	245	275	3
2026-02-12	15:05:08.690	12.46	-12.005	24.78	0.823988	0.125904	0.234484	0.144	0.519	0.0105	0	245	275	3
2026-02-12	15:05:08.710	43.715	-0.525	9.45	0.781776	-0.02928	0.191052	0.141	0.522	0.0135	0	245	275	3
2026-02-12	15:05:08.730	70.875	-5.075	16.38	0.743468	0.057828	0.216184	0.1365	0.522	0.021	0	245	275	3
2026-02-12	15:05:08.750	71.61	-4.095	27.44	0.608292	0.157624	0.247416	0.135	0.519	0.0285	0	245	275	3
2026-02-12	15:05:08.770	48.37	-3.85	34.125	0.599264	0.15128	0.262788	0.132	0.5205	0.03	0	245	275	3
2026-02-12	15:05:08.790	19.6	-4.165	38.955	0.645136	0.105652	0.275476	0.1275	0.5205	0.03	0	245	275	3
2026-02-12	15:05:08.810	-2.765	-4.305	41.405	0.701988	0.054412	0.276696	0.129	0.5145	0.03	0	240	286	2
2026-02-12	15:05:08.830	-12.425	-3.745	43.26	0.758352	0.039284	0.282552	0.129	0.5355	0.039	0	240	286	2
2026-02-12	15:05:08.850	-19.635	-3.045	43.68	0.804712	0.02318	0.262056	0.1305	0.5325	0.0435	0	240	286	2
2026-02-12	15:05:08.870	-21.665	-4.34	40.705	0.821792	-0.02806	0.22936	0.126	0.5505	0.03	0	240	286	2
2026-02-12	15:05:08.890	-13.895	-9.94	33.775	0.901092	-0.062708	0.241316	0.132	0.546	0.0405	0	240	286	2
2026-02-12	15:05:08.910	16.835	-18.13	17.325	1.119472	-0.07198	0.304756	0.12	0.5625	0.036	0	240	286	2
2026-02-12	15:05:08.930	30.38	-18.655	11.235	1.12606	-0.059292	0.306952	0.123	0.567	0.042	0	240	286	2
2026-02-12	15:05:08.950	36.54	-20.44	10.115	1.075552	-0.054656	0.305732	0.12	0.573	0.048	0	240	286	2
2026-02-12	15:05:08.970	45.325	-22.855	11.235	1.050176	-0.033916	0.327692	0.117	0.573	0.051	0	240	286	2
2026-02-12	15:05:08.990	51.065	-24.36	13.335	1.075064	-0.001464	0.350384	0.1215	0.5715	0.0555	0	240	286	2
2026-02-12	15:05:09.010	53.13	-25.13	12.53	1.16632	0.014396	0.372588	0.123	0.5715	0.0585	0	237	286	2
2026-02-12	15:05:09.030	56.105	-22.575	7.665	1.22488	0.057096	0.366732	0.1155	0.576	0.0765	0	237	286	2
2026-02-12	15:05:09.050	55.895	-19.075	2.135	1.275388	0.03538	0.333304	0.1125	0.579	0.075	0	237	286	2
2026-02-12	15:05:09.070	54.95	-14.7	-3.22	1.385432	-0.07808	0.288164	0.117	0.5745	0.0855	0	237	286	2
2026-02-12	15:05:09.090	47.145	-7.455	-7.77	1.512556	-0.138592	0.24766	0.111	0.5745	0.0855	0	237	286	2
2026-02-12	15:05:09.110	33.32	2.765	-10.815	1.53964	-0.167872	0.185684	0.12	0.5655	0.0915	0	237	286	2
2026-02-12	15:05:09.130	6.65	21	-6.125	1.405196	-0.142008	0.069296	0.1155	0.582	0.0885	0	237	286	2
2026-02-12	15:05:09.150	-10.78	28.28	0.49	1.331996	-0.09882	0.019276	0.117	0.579	0.09	0	237	286	2
2026-02-12	15:05:09.170	-36.05	32.41	10.22	1.27246	-0.05978	0.002684	0.117	0.5775	0.087	0	237	286	2
2026-02-12	15:05:09.190	-63.665	36.26	22.995	1.156072	-0.049044	0.01098	0.117	0.579	0.0765	0	237	286	2
2026-02-12	15:05:09.210	-88.48	37.38	37.905	0.996984	-0.022692	0.02928	0.1155	0.579	0.0705	0	237	279	3
2026-02-12	15:05:09.230	-109.41	34.23	50.61	0.90646	-0.005612	0.07442	0.1095	0.579	0.069	0	237	279	3
2026-02-12	15:05:09.250	-125.685	28.49	59.325	0.901824	-0.02928	0.139324	0.123	0.6015	0.057	0	237	279	3
2026-02-12	15:05:09.270	-138.95	23.975	64.295	0.931348	-0.066368	0.179584	0.108	0.5985	0.051	0	237	279	3
2026-02-12	15:05:09.290	-147.595	22.085	65.59	0.934764	-0.09638	0.188124	0.114	0.618	0.039	0	237	279	3
2026-02-12	15:05:09.310	-148.505	20.475	63.035	0.953308	-0.142496	0.181536	0.1065	0.63	0.0405	0	237	279	3
2026-02-12	15:05:09.330	-138.355	20.125	54.285	0.94672	-0.179828	0.129564	0.1125	0.639	0.033	0	237	279	3
2026-02-12	15:05:09.350	-121.135	19.705	41.58	0.928664	-0.194468	0.06222	0.1155	0.6525	0.03	0	237	279	3
2026-02-12	15:05:09.370	-98.07	18.375	28.14	0.919148	-0.210572	0.031232	0.1185	0.672	0.027	0	237	279	3
2026-02-12	15:05:09.390	-68.04	17.325	13.685	0.90036	-0.21594	0.034892	0.1185	0.6795	0.0195	0	237	279	3
2026-02-12	15:05:09.410	-39.9	16.345	0.105	0.853512	-0.188856	0.06466	0.1155	0.681	0.0165	0	239	254	3
2026-02-12	15:05:09.430	-20.58	14.91	-11.55	0.812276	-0.160064	0.101992	0.1125	0.6825	0.018	0	239	254	3
2026-02-12	15:05:09.450	-8.19	14.245	-21.525	0.770552	-0.142496	0.15494	0.114	0.6855	0.0165	0	239	254	3
2026-02-12	15:05:09.470	-3.045	13.895	-29.365	0.726876	-0.134444	0.2074	0.1185	0.684	0.0225	0	239	254	3
2026-02-12	15:05:09.490	-2.24	13.93	-35.42	0.698084	-0.121024	0.240096	0.123	0.681	0.0075	0	239	254	3
2026-02-12	15:05:09.510	-4.655	12.81	-41.475	0.733952	-0.10736	0.247416	0.108	0.672	0.0135	0	239	254	3
2026-02-12	15:05:09.530	-12.39	12.425	-48.055	0.792268	-0.116144	0.244244	0.108	0.672	0.0105	0	239	254	3
2026-02-12	15:05:09.550	-26.95	15.085	-54.355	0.794464	-0.144204	0.203008	0.117	0.6675	0.0135	0	239	254	3
2026-02-12	15:05:09.570	-34.125	15.715	-54.565	0.76982	-0.149816	0.165432	0.1215	0.663	0.009	0	239	254	3
2026-02-12	15:05:09.590	-36.295	12.075	-56.105	0.821792	-0.165432	0.186904	0.123	0.6555	0.0075	0	239	254	3
2026-02-12	15:05:09.610	-32.41	9.1	-59.01	0.882792	-0.187636	0.255468	0.123	0.648	0.006	0	241	226	3
2026-02-12	15:05:09.630	-20.86	7.455	-61.67	0.952576	-0.19154	0.302804	0.1215	0.636	0.0015	0	241	226	3
2026-02-12	15:05:09.650	-7.77	7.455	-65.17	1.01626	-0.179584	0.298412	0.1245	0.63	0.0045	0	241	226	3
2026-02-12	15:05:09.670	1.295	8.4	-68.95	1.0248	-0.170556	0.264984	0.1305	0.6315	0.0075	0	241	226	3
2026-02-12	15:05:09.690	6.3	9.17	-71.54	1.015284	-0.174948	0.2257	0.129	0.627	0.0075	0	241	226	3
2026-02-12	15:05:09.710	11.515	7.42	-73.43	1.081164	-0.166408	0.217648	0.132	0.6195	0.0045	0	241	226	3
2026-02-12	15:05:09.730	19.775	3.745	-76.965	1.223904	-0.172264	0.230336	0.1335	0.5985	0.006	0	241	226	3
2026-02-12	15:05:09.750	32.27	-2.17	-81.585	1.459364	-0.17324	0.289628	0.1365	0.6	0.006	0	241	226	3
2026-02-12	15:05:09.770	44.45	-2.835	-82.81	1.544764	-0.090036	0.31964	0.1365	0.6	0.006	0	241	226	3
2026-02-12	15:05:09.790	32.585	-3.045	-78.47	1.414224	-0.028792	0.334036	0.141	0.5835	0.009	0	241	226	3
2026-02-12	15:05:09.810	14	-1.47	-72.835	1.280268	0.0366	0.388692	0.147	0.5625	0.0075	0	242	218	3
2026-02-12	15:05:09.830	-7.665	-3.92	-67.34	1.275144	0.07124799	0.385032	0.1515	0.552	0.006	0	242	218	3
2026-02-12	15:05:09.850	-31.955	-9.205	-61.565	1.324188	0.010736	0.42822	0.1545	0.54	0.0105	0	242	218	3
2026-02-12	15:05:09.870	-38.85	-9.8	-54.705	1.271972	-0.051972	0.499712	0.1545	0.5325	0.0105	0	242	218	3
2026-02-12	15:05:09.890	-21.84	-7.35	-45.465	1.167296	-0.022936	0.557052	0.1545	0.534	0.009	0	242	218	3
2026-02-12	15:05:09.910	-1.505	0.28	-34.86	1.020896	0.034404	0.537532	0.165	0.5235	0.009	0	242	218	3
2026-02-12	15:05:09.930	6.72	8.12	-22.505	0.907192	0.04514	0.451156	0.165	0.519	0.0135	0	242	218	3
2026-02-12	15:05:09.950	10.15	11.375	-11.9	0.879864	0.023912	0.384788	0.1605	0.5175	0.012	0	242	218	3
2026-02-12	15:05:09.970	18.41	12.6	-3.605	0.906216	0.046604	0.394792	0.1695	0.522	0.0105	0	242	218	3
2026-02-12	15:05:09.990	21.28	17.115	1.33	0.902312	0.119804	0.44042	0.168	0.519	0.0075	0	242	218	3
2026-02-12	15:05:10.010	8.715	22.61	3.15	0.834724	0.162748	0.429196	0.1695	0.5115	0.0045	0	243	240	3
2026-02-12	15:05:10.030	-9.415	25.445	3.99	0.764696	0.140544	0.394304	0.171	0.507	0.0015	0	243	240	3
2026-02-12	15:05:10.050	-21.245	24.045	4.62	0.70028	0.117852	0.37454	0.1695	0.5115	0	0	243	240	3
2026-02-12	15:05:10.070	-25.48	19.145	5.11	0.687592	0.104432	0.388692	0.174	0.5175	-0.0045	0	243	240	3
2026-02-12	15:05:10.090	-21.945	14.91	5.81	0.71614	0.070516	0.425048	0.1785	0.5205	-0.009	0	243	240	3
2026-02-12	15:05:10.110	-10.255	12.11	8.61	0.73078	0.059048	0.418948	0.1695	0.516	-0.015	0	243	240	3
2026-02-12	15:05:10.130	2.415	9.695	12.88	0.705648	0.065148	0.391376	0.1725	0.519	-0.021	0	243	240	3
2026-02-12	15:05:10.150	17.255	5.95	16.765	0.713944	0.058804	0.34892	0.1755	0.516	-0.012	0	243	240	3
2026-02-12	15:05:10.170	34.475	1.96	19.915	0.744444	0.066612	0.330376	0.1755	0.51	-0.0135	0	243	240	3
2026-02-12	15:05:10.190	59.605	0.385	23.8	0.774212	0.107604	0.345992	0.1695	0.519	-0.012	0	243	240	3
2026-02-12	15:05:10.210	63.49	2.065	27.055	0.747128	0.150792	0.336476	0.1725	0.519	-0.009	0	246	278	3
2026-02-12	15:05:10.230	54.425	3.465	30.695	0.726144	0.133224	0.287188	0.171	0.5235	-0.003	0	246	278	3
2026-02-12	15:05:10.250	44.87	3.08	33.285	0.722728	0.119316	0.25986	0.162	0.525	0.0015	0	246	278	3
2026-02-12	15:05:10.270	39.41	1.155	34.65	0.761036	0.130784	0.282064	0.1545	0.5265	0.003	0	246	278	3
2026-02-12	15:05:10.290	36.75	1.75	36.61	0.781044	0.131028	0.31964	0.1515	0.5295	0.003	0	246	278	3
2026-02-12	15:05:10.310	32.13	5.845	41.72	0.688568	0.147864	0.313784	0.153	0.528	0.003	0	246	278	3
2026-02-12	15:05:10.330	20.475	9.275	47.67	0.5612	0.193248	0.283772	0.15	0.534	0.0075	0	246	278	3
2026-02-12	15:05:10.350	2.275	9.87	50.68	0.463356	0.216672	0.272548	0.144	0.5355	0.012	0	246	278	3
2026-02-12	15:05:10.370	-15.82	6.755	50.225	0.457256	0.199592	0.25864	0.1515	0.5445	0.0045	0	246	278	3
2026-02-12	15:05:10.390	-28.595	0.735	44.835	0.559248	0.165676	0.25864	0.1485	0.555	0.009	0	246	278	3
2026-02-12	15:05:10.410	-22.225	-4.375	33.145	0.745176	0.064172	0.272304	0.1485	0.555	0.009	0	248	303	3
2026-02-12	15:05:10.430	-7.245	-3.36	27.02	0.802272	0.035624	0.240584	0.141	0.5655	0.0075	0	248	303	3
2026-02-12	15:05:10.450	1.4	-2.065	24.955	0.818864	-0.017812	0.179096	0.138	0.576	0.0105	0	248	303	3
2026-02-12	15:05:10.470	18.025	-6.335	23.31	0.937936	-0.11468	0.15616	0.1425	0.5775	0.015	0	248	303	3
2026-02-12	15:05:10.490	44.205	-12.88	21	1.058716	-0.122976	0.192272	0.141	0.585	0.0165	0	248	303	3
2026-02-12	15:05:10.510	71.75	-17.745	19.53	1.133624	-0.089792	0.235216	0.1365	0.5865	0.0195	0	248	303	3
2026-02-12	15:05:10.530	97.02	-25.97	17.745	1.26636	-0.041968	0.272304	0.1365	0.5865	0.021	0	248	303	3
2026-02-12	15:05:10.550	115.605	-34.86	14.665	1.390312	-0.001464	0.330132	0.132	0.588	0.0315	0	248	303	3
2026-02-12	15:05:10.570	123.375	-42.105	11.515	1.492792	0.033672	0.410652	0.1275	0.5865	0.0435	0	248	303	3
2026-02-12	15:05:10.590	123.41	-43.645	8.575	1.497428	0.039772	0.52094	0.132	0.582	0.054	0	248	303	3
2026-02-12	15:05:10.610	115.92	-35.245	9.975	1.338828	0.044164	0.487512	0.132	0.579	0.0645	0	250	309	3
2026-02-12	15:05:10.630	90.125	-30.66	15.54	1.30906	0.054656	0.356972	0.132	0.5775	0.0735	0	250	309	3
2026-02-12	15:05:10.650	64.015	-27.055	16.66	1.38104	0.04148	0.297436	0.1275	0.5775	0.087	0	250	309	3
2026-02-12	15:05:10.670	42.385	-19.46	18.235	1.34078	0.013176	0.24522	0.123	0.5835	0.093	0	250	309	3
2026-02-12	15:05:10.690	27.755	-11.9	20.405	1.22366	0.007076	0.218868	0.123	0.591	0.0945	0	250	309	3
2026-02-12	15:05:10.710	17.01	-6.405	21.315	1.162904	-0.00732	0.201788	0.126	0.597	0.1005	0	250	309	3
2026-02-12	15:05:10.730	5.635	-1.61	22.47	1.134844	-0.027816	0.189588	0.1275	0.597	0.1035	0	250	309	3
2026-02-12	15:05:10.750	-6.51	2.835	24.115	1.110444	-0.055388	0.188124	0.1275	0.594	0.1005	0	250	309	3
2026-02-12	15:05:10.770	-17.01	6.37	27.125	1.073356	-0.084668	0.19032	0.114	0.5955	0.1035	0	250	309	3
2026-02-12	15:05:10.790	-23.065	8.995	31.535	1.03578	-0.091256	0.194712	0.1245	0.5985	0.099	0	250	309	3
2026-02-12	15:05:10.810	-24.185	12.145	35.98	0.99186	-0.082472	0.218136	0.114	0.609	0.0975	0	254	306	3
2026-02-12	15:05:10.830	-20.685	15.785	39.725	0.990152	-0.085156	0.256444	0.117	0.6105	0.1035	0	254	306	3
2026-02-12	15:05:10.850	-17.15	19.25	40.005	1.021384	-0.081252	0.27694	0.114	0.6135	0.099	0	254	306	3
2026-02-12	15:05:10.870	-16.485	23.765	38.01	1.00894	-0.07442	0.26108	0.114	0.6255	0.0975	0	254	306	3
2026-02-12	15:05:10.890	-19.18	27.965	34.65	0.96868	-0.0793	0.218624	0.1155	0.633	0.096	0	254	306	3
2026-02-12	15:05:10.910	-22.295	30.485	29.12	0.931592	-0.081984	0.197152	0.114	0.633	0.087	0	254	306	3
2026-02-12	15:05:10.930	-26.145	32.795	22.015	0.869128	-0.093452	0.185928	0.111	0.6375	0.081	0	254	306	3
2026-02-12	15:05:10.950	-29.61	34.335	15.225	0.818376	-0.105896	0.177876	0.108	0.6405	0.078	0	254	306	3
2026-02-12	15:05:10.970	-30.205	34.58	8.435	0.808616	-0.115656	0.180316	0.108	0.6375	0.0735	0	254	306	3
2026-02-12	15:05:10.990	-24.535	34.51	1.365	0.835944	-0.124196	0.197884	0.1155	0.6465	0.0735	0	254	306	3
2026-02-12	15:05:11.010	-18.165	35.805	-4.55	0.834236	-0.109068	0.214232	0.1125	0.639	0.06	0	256	292	3
2026-02-12	15:05:11.030	-16.52	37.73	-8.225	0.80886	-0.097112	0.204716	0.114	0.6495	0.069	0	256	292	3
2026-02-12	15:05:11.050	-17.045	39.375	-11.375	0.799344	-0.085888	0.221796	0.114	0.6495	0.069	0	256	292	3
2026-02-12	15:05:11.070	-16.94	41.475	-12.635	0.79788	-0.054656	0.237412	0.1125	0.645	0.0585	0	256	292	3
2026-02-12	15:05:11.090	-24.15	43.75	-11.515	0.777628	-0.028304	0.214964	0.1155	0.645	0.0465	0	256	292	3
2026-02-12	15:05:11.110	-37.555	43.505	-8.015	0.793	-0.024156	0.183976	0.12	0.6435	0.0435	0	256	292	3
2026-02-12	15:05:11.130	-50.435	40.425	-4.97	0.811788	-0.037088	0.197396	0.12	0.6405	0.0375	0	256	292	3
2026-02-12	15:05:11.150	-56.42	36.715	-2.66	0.797636	-0.051484	0.240096	0.1245	0.6435	0.0255	0	256	292	3
2026-02-12	15:05:11.170	-53.97	32.55	-1.82	0.783972	-0.042456	0.276696	0.1275	0.645	0.021	0	256	292	3
2026-02-12	15:05:11.190	-48.79	26.95	-5.53	0.811788	-0.030988	0.290604	0.129	0.6435	0.027	0	256	292	3
2026-02-12	15:05:11.210	-44.87	22.26	-14.56	0.818864	-0.034404	0.305	0.1275	0.651	0.018	0	254	276	3
2026-02-12	15:05:11.230	-40.355	18.27	-27.335	0.822524	-0.042456	0.3233	0.1275	0.6435	0.0135	0	254	276	3
2026-02-12	15:05:11.250	-42.28	14.105	-44.1	0.8174	-0.050264	0.306708	0.1335	0.651	0.012	0	254	276	3
2026-02-12	15:05:11.270	-50.785	7.385	-60.515	0.881816	-0.089304	0.244976	0.1335	0.6465	0.009	0	254	276	3
2026-02-12	15:05:11.290	-53.2	-4.095	-74.375	1.05164	-0.138348	0.203496	0.1365	0.642	0.0045	0	254	276	3
2026-02-12	15:05:11.310	-46.235	-19.215	-88.83	1.280024	-0.191052	0.265716	0.138	0.6405	0.009	0	254	276	3
2026-02-12	15:05:11.330	-29.89	-30.835	-100.835	1.462048	-0.178852	0.395524	0.138	0.633	0.0135	0	254	276	3
2026-02-12	15:05:11.350	-15.365	-34.51	-106.505	1.411784	-0.155916	0.492636	0.1395	0.6165	0.0195	0	254	276	3
2026-02-12	15:05:11.370	-5.25	-33.635	-105.105	1.230248	-0.0976	0.490684	0.1395	0.6	0.0255	0	254	276	3
2026-02-12	15:05:11.390	1.89	-38.325	-99.365	1.240496	-0.07808	0.420412	0.141	0.591	0.027	0	254	276	3
2026-02-12	15:05:11.410	15.68	-46.515	-91.21	1.415688	-0.106872	0.453596	0.1455	0.5865	0.0285	0	250	273	3
2026-02-12	15:05:11.430	36.295	-46.06	-79.835	1.42374	-0.105164	0.559004	0.1485	0.573	0.03	0	250	273	3
2026-02-12	15:05:11.450	50.12	-39.55	-60.795	1.270264	-0.028792	0.606584	0.15	0.5655	0.045	0	250	273	3
2026-02-12	15:05:11.470	54.11	-22.47	-33.075	0.998204	0.123464	0.555344	0.156	0.555	0.051	0	250	273	3
2026-02-12	15:05:11.490	35.21	-13.405	-18.2	0.873764	0.194224	0.488732	0.153	0.552	0.0585	0	250	273	3
2026-02-12	15:05:11.510	1.365	-8.05	-8.68	0.837164	0.219356	0.419436	0.1515	0.546	0.0645	0	250	273	3
2026-02-12	15:05:11.530	-36.225	-5.215	-5.075	0.847412	0.201544	0.385032	0.1515	0.543	0.063	0	250	273	3
2026-02-12	15:05:11.550	-67.48	-2.765	-4.795	0.83326	0.165676	0.388448	0.1485	0.5385	0.057	0	250	273	3
2026-02-12	15:05:11.570	-93.415	-1.785	-5.6	0.808128	0.106384	0.398452	0.1485	0.5415	0.0555	0	250	273	3
2026-02-12	15:05:11.590	-107.17	-1.4	-7.84	0.791292	0.007564	0.410164	0.1515	0.5445	0.0585	0	250	273	3
2026-02-12	15:05:11.610	-100.765	-2.8	-10.535	0.79178	-0.086132	0.427488	0.1545	0.543	0.057	0	247	297	3
2026-02-12	15:05:11.630	-72.94	-5.67	-13.055	0.80886	-0.1281	0.47946	0.156	0.549	0.048	0	247	297	3
2026-02-12	15:05:11.650	-30.765	-7.28	-14.525	0.800564	-0.144936	0.52704	0.1635	0.54	0.0345	0	247	297	3
2026-02-12	15:05:11.670	14.28	-9.695	-13.58	0.800808	-0.099064	0.55998	0.159	0.5415	0.0435	0	247	297	3
2026-02-12	15:05:11.690	69.545	-10.885	-9.415	0.812764	-0.046116	0.579012	0.159	0.5415	0.0435	0	247	297	3
2026-02-12	15:05:11.710	100.695	-10.08	-4.865	0.828136	0.023668	0.58194	0.159	0.537	0.0435	0	247	297	3
2026-02-12	15:05:11.730	116.235	-6.965	1.4	0.819108	0.085888	0.565104	0.1635	0.5325	0.051	0	247	297	3
2026-02-12	15:05:11.750	113.295	-1.085	9.52	0.764208	0.13054	0.522892	0.162	0.528	0.063	0	247	297	3
2026-02-12	15:05:11.770	99.085	3.99	16.73	0.743956	0.157624	0.474336	0.1575	0.525	0.072	0	247	297	3
2026-02-12	15:05:11.790	81.13	7.84	20.615	0.761524	0.165432	0.45018	0.1605	0.528	0.0765	0	247	297	3
2026-02-12	15:05:11.810	61.11	12.775	23.135	0.74786	0.145912	0.445056	0.1515	0.5265	0.0825	0	247	338	3
2026-02-12	15:05:11.830	42.175	18.375	25.865	0.692228	0.110776	0.424316	0.144	0.5235	0.09	0	247	338	3
2026-02-12	15:05:11.850	26.25	21.105	28.945	0.697352	0.040016	0.354532	0.1485	0.534	0.084	0	247	338	3
2026-02-12	15:05:11.870	20.265	19.285	30.555	0.759572	-0.019032	0.325496	0.147	0.531	0.09	0	247	338	3
2026-02-12	15:05:11.890	25.83	19.075	33.005	0.746396	-0.052216	0.343308	0.1455	0.54	0.0765	0	247	338	3
2026-02-12	15:05:11.910	34.3	19.6	38.5	0.685152	-0.064904	0.311344	0.1425	0.5355	0.078	0	247	338	3
2026-02-12	15:05:11.930	36.435	18.2	44.03	0.650016	-0.066368	0.273524	0.1395	0.5355	0.0795	0	247	338	3
2026-02-12	15:05:11.950	35.07	15.645	49.28	0.606828	-0.062952	0.249124	0.1365	0.54	0.0765	0	247	338	3
2026-02-12	15:05:11.970	30.73	11.69	54.565	0.5734	-0.063684	0.223748	0.135	0.5445	0.0795	0	247	338	3
2026-02-12	15:05:11.990	26.39	4.48	58.555	0.627324	-0.07076	0.210572	0.1305	0.549	0.081	0	247	338	3
2026-02-12	15:05:12.010	25.935	-3.08	60.865	0.6954	-0.094916	0.229604	0.1245	0.5565	0.0825	0	246	368	3
2026-02-12	15:05:12.030	32.9	-9.765	63.77	0.734196	-0.132248	0.265472	0.1155	0.5625	0.09	0	246	368	3
2026-02-12	15:05:12.050	48.405	-17.955	66.045	0.837408	-0.166408	0.278892	0.1095	0.561	0.09	0	246	368	3
2026-02-12	15:05:12.070	68.46	-25.48	65.59	0.948672	-0.183	0.292556	0.1155	0.5745	0.102	0	246	368	3
2026-02-12	15:05:12.090	89.075	-31.255	63.875	1.057984	-0.182756	0.280844	0.108	0.5865	0.105	0	246	368	3
2026-02-12	15:05:12.110	121.415	-40.075	52.99	1.369816	-0.1952	0.327204	0.1095	0.588	0.108	0	246	368	3
2026-02-12	15:05:12.130	133.525	-41.475	45.115	1.573068	-0.197396	0.358436	0.1065	0.594	0.1215	0	246	368	3
2026-02-12	15:05:12.150	138.04	-36.96	39.34	1.675304	-0.22448	0.371124	0.1035	0.603	0.1395	0	246	368	3
2026-02-12	15:05:12.170	141.155	-26.075	36.26	1.642364	-0.240828	0.34282	0.0975	0.612	0.1425	0	246	368	3
2026-02-12	15:05:12.190	141.82	-14.315	37.205	1.592832	-0.230824	0.272792	0.0885	0.6105	0.1515	0	246	368	3
2026-02-12	15:05:12.210	139.475	-3.745	40.215	1.575508	-0.233996	0.202276	0.09	0.6105	0.159	0	248	368	3
2026-02-12	15:05:12.230	141.54	5.67	43.05	1.600884	-0.21716	0.170068	0.09	0.6165	0.159	0	248	368	3
2026-02-12	15:05:12.250	139.545	16.87	46.2	1.53842	-0.157136	0.13786	0.0825	0.621	0.1605	0	248	368	3
2026-02-12	15:05:12.270	122.64	27.895	49.455	1.419348	-0.100528	0.1037	0.0795	0.627	0.162	0	248	368	3
2026-02-12	15:05:12.290	91.455	36.505	52.255	1.285148	-0.064416	0.099064	0.09	0.639	0.165	0	248	368	3
2026-02-12	15:05:12.310	52.22	42.315	55.51	1.141432	-0.053436	0.104432	0.0795	0.642	0.1605	0	248	368	3
2026-02-12	15:05:12.330	-4.2	47.11	62.79	0.94672	-0.055388	0.1159	0.0795	0.642	0.1605	0	248	368	3
2026-02-12	15:05:12.350	-37.1	46.935	68.705	0.844972	-0.073688	0.110288	0.0735	0.6495	0.156	0	248	368	3
2026-02-12	15:05:12.370	-66.815	42.105	73.815	0.784216	-0.091256	0.103212	0.0705	0.663	0.1455	0	248	368	3
2026-02-12	15:05:12.390	-89.705	34.16	76.65	0.769576	-0.145912	0.094428	0.072	0.6795	0.1335	0	248	368	3
2026-02-12	15:05:12.410	-95.13	25.83	75.39	0.786412	-0.223016	0.080764	0.072	0.69	0.1245	0	255	340	3
2026-02-12	15:05:12.430	-74.97	17.115	68.005	0.842776	-0.300608	0.072956	0.0735	0.6945	0.1245	0	255	340	3
2026-02-12	15:05:12.450	-34.3	11.235	55.055	0.863272	-0.34526	0.07686	0.0735	0.7035	0.129	0	255	340	3
2026-02-12	15:05:12.470	3.78	4.41	39.97	0.875472	-0.328668	0.084424	0.072	0.708	0.126	0	255	340	3
2026-02-12	15:05:12.490	27.125	-1.75	24.36	0.881816	-0.339648	0.072224	0.0705	0.7095	0.1245	0	255	340	3
2026-02-12	15:05:12.510	44.555	-8.155	8.68	0.894504	-0.33184	0.061488	0.0705	0.7185	0.126	0	255	340	3
2026-02-12	15:05:12.530	57.925	-16.17	-8.19	0.925492	-0.297924	0.073688	0.0765	0.72	0.1215	0	255	340	3
2026-02-12	15:05:12.550	56.28	-23.31	-19.635	0.947696	-0.27694	0.09394	0.0735	0.7215	0.126	0	255	340	3
2026-02-12	15:05:12.570	46.865	-28.035	-24.64	0.94794	-0.279868	0.117852	0.069	0.7185	0.1335	0	255	340	3
2026-02-12	15:05:12.590	39.13	-31.15	-26.425	0.926956	-0.28426	0.135664	0.069	0.714	0.138	0	255	340	3
2026-02-12	15:05:12.610	34.475	-33.88	-25.55	0.901336	-0.28426	0.144448	0.066	0.7095	0.1395	0	265	292	3
2026-02-12	15:05:12.630	35.56	-36.96	-24.185	0.888648	-0.301096	0.172264	0.066	0.699	0.144	0	265	292	3
2026-02-12	15:05:12.650	44.24	-40.04	-23.135	0.931348	-0.334524	0.21228	0.0675	0.696	0.1515	0	265	292	3
2026-02-12	15:05:12.670	59.99	-41.44	-22.68	0.976244	-0.358924	0.249612	0.0675	0.6945	0.156	0	265	292	3
2026-02-12	15:05:12.690	75.39	-39.9	-22.155	0.987468	-0.331352	0.266448	0.0705	0.6915	0.165	0	265	292	3
2026-02-12	15:05:12.710	84.035	-38.64	-21.77	1.007964	-0.311832	0.238388	0.0705	0.6915	0.171	0	265	292	3
2026-02-12	15:05:12.730	89.215	-38.465	-21.98	1.029192	-0.30866	0.213012	0.0675	0.6885	0.1725	0	265	292	3
2026-02-12	15:05:12.750	99.575	-39.235	-21.315	1.02114	-0.305732	0.229848	0.072	0.6855	0.183	0	265	292	3
2026-02-12	15:05:12.770	114.275	-40.67	-21.945	1.079944	-0.28548	0.262788	0.0735	0.684	0.192	0	265	292	3
2026-02-12	15:05:12.790	130.2	-40.495	-23.17	1.150216	-0.25132	0.32574	0.0705	0.6825	0.201	0	265	292	3
2026-02-12	15:05:12.810	148.54	-36.54	-23.065	1.142408	-0.204228	0.363072	0.0675	0.684	0.204	0	270	253	3
2026-02-12	15:05:12.830	155.295	-33.18	-19.88	1.070672	-0.123952	0.34892	0.0705	0.6885	0.2145	0	270	253	3
2026-02-12	15:05:12.850	150.745	-32.025	-16.975	1.02846	-0.0915	0.318908	0.0705	0.69	0.222	0	270	253	3
2026-02-12	15:05:12.870	145.145	-33.705	-16.275	1.080188	-0.091988	0.338184	0.066	0.687	0.2265	0	270	253	3
2026-02-12	15:05:12.890	147.63	-32.795	-18.06	1.143628	-0.088816	0.40382	0.066	0.687	0.2325	0	270	253	3
2026-02-12	15:05:12.910	150.08	-27.02	-19.18	1.13582	-0.06466	0.430416	0.0705	0.6885	0.237	0	270	253	3
2026-02-12	15:05:12.930	145.845	-19.04	-18.41	1.067988	-0.039772	0.415288	0.072	0.6885	0.237	0	270	253	3
2026-02-12	15:05:12.950	137.41	-10.43	-16.73	0.995764	-0.043676	0.373564	0.078	0.699	0.2355	0	270	253	3
2026-02-12	15:05:12.970	126.21	2.345	-11.69	0.908656	-0.051972	0.300364	0.0795	0.69	0.246	0	270	253	3
2026-02-12	15:05:12.990	122.57	8.855	-7.77	0.91378	-0.055388	0.262056	0.078	0.696	0.246	0	270	253	3
2026-02-12	15:05:13.010	121.975	14.665	-3.36	0.953552	-0.040748	0.245708	0.0765	0.702	0.249	0	270	246	3
2026-02-12	15:05:13.030	118.965	22.61	1.54	0.935496	-0.020496	0.228384	0.078	0.705	0.246	0	270	246	3
2026-02-12	15:05:13.050	111.58	28.945	6.405	0.942816	-0.0122	0.196664	0.075	0.7095	0.24	0	270	246	3
2026-02-12	15:05:13.070	102.13	33.25	8.68	0.981612	-0.027084	0.163724	0.075	0.717	0.2385	0	270	246	3
2026-02-12	15:05:13.090	92.225	36.54	10.01	0.99064	-0.035868	0.155916	0.072	0.7215	0.234	0	270	246	3
2026-02-12	15:05:13.110	82.495	37.905	12.145	1.037	-0.058316	0.139812	0.066	0.7245	0.228	0	270	246	3
2026-02-12	15:05:13.130	74.62	38.99	14.735	1.072868	-0.06832	0.146644	0.0675	0.729	0.228	0	270	246	3
2026-02-12	15:05:13.150	66.85	41.265	18.655	1.03944	-0.077348	0.156404	0.06	0.7275	0.216	0	270	246	3
2026-02-12	15:05:13.170	61.95	43.365	26.565	0.982344	-0.079544	0.163724	0.063	0.732	0.213	0	270	246	3
2026-02-12	15:05:13.190	58.345	43.085	35.98	0.955748	-0.07076	0.143228	0.0645	0.735	0.2085	0	270	246	3
2026-02-12	15:05:13.210	55.265	40.635	42.84	0.95282	-0.069296	0.133224	0.063	0.7395	0.1995	0	266	247	3
2026-02-12	15:05:13.230	52.745	36.505	48.055	0.941596	-0.072224	0.122	0.0615	0.75	0.1965	0	266	247	3
2026-02-12	15:05:13.250	49.07	30.625	51.52	0.934764	-0.087108	0.101016	0.066	0.759	0.1935	0	266	247	3
2026-02-12	15:05:13.270	45.15	23.345	53.235	0.910364	-0.109556	0.09638	0.0675	0.765	0.1875	0	266	247	3
2026-02-12	15:05:13.290	48.755	15.75	53.27	0.905728	-0.134932	0.115412	0.066	0.777	0.1845	0	266	247	3
2026-02-12	15:05:13.310	57.47	8.68	52.045	0.908412	-0.149572	0.11468	0.0645	0.7875	0.1875	0	266	247	3
2026-02-12	15:05:13.330	70.175	0.665	49.385	0.942816	-0.17324	0.126148	0.063	0.7905	0.1845	0	266	247	3
2026-02-12	15:05:13.350	94.045	-5.11	45.465	0.950868	-0.203496	0.174216	0.06	0.789	0.18	0	266	247	3
2026-02-12	15:05:13.370	129.29	-6.965	42.525	0.978196	-0.172508	0.21472	0.069	0.798	0.1785	0	266	247	3
2026-02-12	15:05:13.390	166.005	-1.505	41.23	0.95404	-0.122976	0.159332	0.0795	0.813	0.177	0	266	247	3
2026-02-12	15:05:13.410	176.785	1.365	42.105	0.948184	-0.10126	0.110776	0.078	0.822	0.1695	0	256	236	3
2026-02-12	15:05:13.430	176.19	1.33	43.33	0.973072	-0.0671	0.088572	0.0765	0.8295	0.162	0	256	236	3
2026-02-12	15:05:13.450	160.475	0.105	43.12	1.043344	-0.020496	0.114192	0.078	0.834	0.156	0	256	236	3
2026-02-12	15:05:13.470	144.165	1.785	42.21	1.060424	-0.055388	0.148596	0.084	0.8445	0.153	0	256	236	3
2026-02-12	15:05:13.490	138.39	5.46	42.385	1.0614	-0.033672	0.18178	0.0855	0.8535	0.1485	0	256	236	3
2026-02-12	15:05:13.510	131.285	9.415	42.735	1.054324	-0.005612	0.189832	0.084	0.861	0.141	0	256	236	3
2026-02-12	15:05:13.530	116.795	12.145	43.12	1.049444	-0.018544	0.181292	0.087	0.864	0.132	0	256	236	3
2026-02-12	15:05:13.550	100.52	13.58	44.03	1.031632	-0.03294	0.18178	0.09	0.8685	0.12	0	256	236	3
2026-02-12	15:05:13.570	87.01	14.42	46.375	0.997472	-0.039772	0.185928	0.09	0.873	0.1125	0	256	236	3
2026-02-12	15:05:13.590	76.3	14.7	50.365	0.959652	-0.031964	0.174948	0.09	0.888	0.1215	0	256	236	3
2026-02-12	15:05:13.610	62.65	13.265	57.26	0.936472	-0.015616	0.16348	0.09	0.888	0.1215	0	242	219	3
2026-02-12	15:05:13.630	56.455	11.865	59.29	0.956236	0.000244	0.239364	0.0975	0.8985	0.111	0	242	219	3
2026-02-12	15:05:13.650	58.24	15.785	57.505	0.97844	0.011224	0.319884	0.1065	0.909	0.1005	0	242	219	3
2026-02-12	15:05:13.670	61.04	23.695	53.515	0.987712	0.036844	0.399672	0.114	0.9135	0.093	0	242	219	3
2026-02-12	15:05:13.690	63.945	36.155	45.64	0.95892	0.101016	0.408212	0.1185	0.918	0.084	0	242	219	3
2026-02-12	15:05:13.710	37.24	39.62	39.13	0.8967	0.133956	0.28914	0.1275	0.9225	0.078	0	242	219	3
2026-02-12	15:05:13.730	-7.35	31.01	35.245	0.87352	0.057096	0.188368	0.1395	0.93	0.0765	0	242	219	3
2026-02-12	15:05:13.750	-33.46	18.935	31.115	0.83448	-0.02074	0.194224	0.1395	0.933	0.0795	0	242	219	3
2026-02-12	15:05:13.770	-30.45	6.79	25.935	0.830088	-0.015128	0.26718	0.141	0.936	0.078	0	242	219	3
2026-02-12	15:05:13.790	-17.115	-5.075	19.565	0.884012	0.003416	0.354532	0.144	0.9375	0.078	0	242	219	3
2026-02-12	15:05:13.810	1.995	-15.295	10.78	0.92354	-0.03538	0.427732	0.138	0.9405	0.0735	0	227	214	3
2026-02-12	15:05:13.830	22.995	-22.26	3.955	0.923784	-0.083692	0.387716	0.1365	0.942	0.078	0	227	214	3
2026-02-12	15:05:13.850	34.51	-27.195	-0.525	0.93696	-0.09467199	0.313784	0.1365	0.9405	0.0825	0	227	214	3
2026-02-12	15:05:13.870	42.175	-32.06	-5.95	0.96502	-0.081984	0.267668	0.1395	0.9405	0.0855	0	227	214	3
2026-02-12	15:05:13.890	43.82	-35.315	-10.465	0.990396	-0.0671	0.259128	0.1335	0.9405	0.0915	0	227	214	3
2026-02-12	15:05:13.910	40.18	-36.33	-13.86	0.994788	-0.051484	0.256932	0.1275	0.9375	0.0885	0	227	214	3
2026-02-12	15:05:13.930	33.495	-35.49	-16.625	0.992348	-0.050508	0.249856	0.1275	0.9345	0.087	0	227	214	3
2026-02-12	15:05:13.950	24.815	-34.055	-18.725	0.988688	-0.064904	0.236192	0.1275	0.927	0.0915	0	227	214	3
2026-02-12	15:05:13.970	14.07	-31.78	-19.53	0.965996	-0.081496	0.227652	0.129	0.924	0.093	0	227	214	3
2026-02-12	15:05:13.990	2.31	-29.295	-18.235	0.929396	-0.09516	0.197396	0.1245	0.9255	0.0945	0	227	214	3
2026-02-12	15:05:14.010	-8.4	-28.91	-15.785	0.920368	-0.108336	0.172752	0.1215	0.9255	0.0945	0	212	224	3
2026-02-12	15:05:14.030	-18.69	-29.435	-11.165	0.931348	-0.132004	0.163724	0.117	0.9195	0.0975	0	212	224	3
2026-02-12	15:05:14.050	-19.705	-30.1	-7.91	0.964776	-0.142008	0.17934	0.117	0.9195	0.108	0	212	224	3
2026-02-12	15:05:14.070	-15.085	-29.925	-5.53	1.003816	-0.152012	0.198128	0.1125	0.9195	0.1215	0	212	224	3
2026-02-12	15:05:14.090	-6.3	-28.315	-3.815	1.075308	-0.159576	0.206668	0.1095	0.9165	0.126	0	212	224	3
2026-02-12	15:05:14.110	1.96	-25.025	-2.38	1.108736	-0.163236	0.192516	0.108	0.9165	0.1275	0	212	224	3
2026-02-12	15:05:14.130	8.26	-21.7	-1.12	1.1041	-0.177632	0.1586	0.1065	0.9165	0.1335	0	212	224	3
2026-02-12	15:05:14.150	15.925	-20.37	-0.84	1.133868	-0.186904	0.137128	0.1095	0.9135	0.141	0	212	224	3
2026-02-12	15:05:14.170	25.795	-19.145	-1.26	1.160708	-0.184708	0.139324	0.1125	0.9165	0.141	0	212	224	3
2026-02-12	15:05:14.190	35.35	-17.255	-1.085	1.168028	-0.172508	0.161528	0.1125	0.9165	0.141	0	212	224	3
2026-02-12	15:05:14.210	39.655	-14.385	0.805	1.136796	-0.151036	0.166408	0.1125	0.915	0.1395	0	198	229	3
2026-02-12	15:05:14.230	38.57	-10.78	5.705	1.066036	-0.143228	0.165188	0.1125	0.918	0.138	0	198	229	3
2026-02-12	15:05:14.250	38.15	-7.91	11.375	1.016504	-0.135176	0.177876	0.1125	0.918	0.138	0	198	229	3
2026-02-12	15:05:14.270	38.99	-5.985	16.205	1.006744	-0.13298	0.186416	0.1125	0.9135	0.138	0	198	229	3
2026-02-12	15:05:14.290	40.32	-3.815	20.51	1.020652	-0.122244	0.192272	0.111	0.918	0.138	0	198	229	3
2026-02-12	15:05:14.310	42.21	-0.91	23.205	1.052128	-0.1159	0.207644	0.114	0.927	0.138	0	198	229	3
2026-02-12	15:05:14.330	42.63	3.535	24.535	1.055544	-0.103944	0.214964	0.117	0.9255	0.138	0	198	229	3
2026-02-12	15:05:14.350	40.88	8.365	24.955	1.053104	-0.095404	0.20618	0.1185	0.927	0.1305	0	198	229	3
2026-02-12	15:05:14.370	36.505	12.25	24.535	1.057496	-0.091988	0.183244	0.1245	0.9285	0.126	0	198	229	3
2026-02-12	15:05:14.390	30.38	15.47	23.59	1.037488	-0.089304	0.181292	0.126	0.9315	0.1185	0	198	229	3
2026-02-12	15:05:14.410	24.535	17.675	22.715	1.0248	-0.083448	0.189588	0.12	0.939	0.1125	0	184	223	3
2026-02-12	15:05:14.430	18.34	19.285	22.225	1.01992	-0.076128	0.197884	0.1245	0.942	0.117	0	184	223	3
2026-02-12	15:05:14.450	9.94	20.93	21.91	0.9882	-0.069052	0.204228	0.1335	0.9435	0.1185	0	184	223	3
2026-02-12	15:05:14.470	3.045	20.545	20.65	0.96746	-0.08686399	0.199348	0.1335	0.942	0.1155	0	184	223	3
2026-02-12	15:05:14.490	-0.805	18.69	18.445	0.959408	-0.097112	0.19032	0.135	0.945	0.1035	0	184	223	3
2026-02-12	15:05:14.510	-1.575	15.75	15.225	0.94916	-0.110532	0.185684	0.1365	0.9495	0.0945	0	184	223	3
2026-02-12	15:05:14.530	2.415	12.705	11.515	0.931348	-0.126392	0.206424	0.135	0.954	0.099	0	184	223	3
2026-02-12	15:05:14.550	11.48	10.92	7.7	0.890844	-0.11712	0.23424	0.138	0.954	0.102	0	184	223	3
2026-02-12	15:05:14.570	18.095	9.94	4.375	0.840092	-0.101504	0.243268	0.1425	0.954	0.0975	0	184	223	3
2026-02-12	15:05:14.590	22.47	9.485	1.505	0.79544	-0.09882	0.245952	0.144	0.9555	0.096	0	184	223	3
2026-02-12	15:05:14.610	27.72	9.555	-0.7	0.758108	-0.099064	0.253028	0.1455	0.9555	0.0945	0	171	217	3
2026-02-12	15:05:14.630	32.725	10.465	-2.24	0.726876	-0.09467199	0.262788	0.1455	0.954	0.093	0	171	217	3
2026-02-12	15:05:14.650	37.24	12.985	-2.73	0.681492	-0.08418	0.270108	0.1455	0.9525	0.096	0	171	217	3
2026-02-12	15:05:14.670	35.945	19.04	-0.84	0.590236	-0.026596	0.277672	0.15	0.954	0.0795	0	171	217	3
2026-02-12	15:05:14.690	15.82	23.94	0.84	0.539728	0.055144	0.274988	0.147	0.951	0.0795	0	171	217	3
2026-02-12	15:05:14.710	-18.34	27.545	2.31	0.551196	0.06344	0.27084	0.1425	0.9495	0.0765	0	171	217	3
2026-02-12	15:05:14.730	-52.815	28.595	3.43	0.616344	0.040504	0.271816	0.1425	0.951	0.0735	0	171	217	3
2026-02-12	15:05:14.750	-80.395	26.95	2.66	0.720776	-0.019276	0.309636	0.147	0.954	0.078	0	171	217	3
2026-02-12	15:05:14.770	-93.765	27.125	-0.175	0.858392	-0.136152	0.315736	0.1455	0.9555	0.0855	0	171	217	3
2026-02-12	15:05:14.790	-95.655	27.93	-5.53	0.99308	-0.182512	0.286944	0.1425	0.957	0.0885	0	171	217	3
2026-02-12	15:05:14.810	-92.925	30.065	-12.53	0.99186	-0.220088	0.25742	0.1455	0.96	0.0945	0	162	220	3
2026-02-12	15:05:14.830	-82.67	27.93	-20.965	0.992836	-0.23058	0.257908	0.1425	0.9645	0.099	0	162	220	3
2026-02-12	15:05:14.850	-71.12	22.645	-28.77	1.0126	-0.224724	0.275476	0.135	0.9675	0.105	0	162	220	3
2026-02-12	15:05:14.870	-61.88	17.15	-35.28	1.001864	-0.226188	0.30744	0.1335	0.9675	0.1095	0	162	220	3
2026-02-12	15:05:14.890	-41.965	6.685	-42.875	1.016748	-0.258884	0.279868	0.1335	0.9675	0.1095	0	162	220	3
2026-02-12	15:05:14.910	-24.22	-4.515	-47.215	1.111908	-0.283284	0.225944	0.126	0.96	0.1155	0	162	220	3
2026-02-12	15:05:14.930	0.175	-16.345	-50.54	1.198528	-0.333548	0.228628	0.114	0.942	0.1185	0	162	220	3
2026-02-12	15:05:14.950	44.24	-26.67	-51.415	1.245376	-0.342576	0.336964	0.108	0.9315	0.12	0	162	220	3
2026-02-12	15:05:14.970	95.97	-32.515	-48.895	1.22854	-0.25864	0.456036	0.108	0.933	0.1245	0	162	220	3
2026-02-12	15:05:14.990	137.025	-36.96	-41.72	1.20536	-0.169336	0.515328	0.1035	0.9285	0.12	0	162	220	3
2026-02-12	15:05:15.010	166.67	-39.585	-30.52	1.247328	-0.106628	0.495564	0.096	0.921	0.1125	0	159	235	3
2026-02-12	15:05:15.030	191.8	-40.495	-19.355	1.382016	-0.135176	0.516792	0.093	0.9135	0.108	0	159	235	3
2026-02-12	15:05:15.050	226.555	-33.215	-8.54	1.438624	-0.062708	0.5673	0.0915	0.909	0.102	0	159	235	3
2026-02-12	15:05:15.070	239.995	-17.43	5.18	1.34078	0.11712	0.583892	0.09	0.909	0.09	0	159	235	3
2026-02-12	15:05:15.090	201.495	6.44	20.86	1.108736	0.267424	0.513376	0.09	0.9075	0.081	0	159	235	3
2026-02-12	15:05:15.110	130.235	24.22	31.43	0.962336	0.301584	0.394548	0.0915	0.9015	0.0645	0	159	235	3
2026-02-12	15:05:15.130	73.57	32.655	35.07	0.908412	0.248148	0.316468	0.0945	0.9	0.0405	0	159	235	3
2026-02-12	15:05:15.150	34.72	37.66	36.715	0.88938	0.177632	0.272548	0.099	0.9045	0.033	0	159	235	3
2026-02-12	15:05:15.170	7.91	39.27	37.205	0.899384	0.140544	0.257664	0.108	0.9015	0.027	0	159	235	3
2026-02-12	15:05:15.190	-11.795	41.16	35.595	0.914024	0.06832	0.234972	0.1095	0.9075	0.021	0	159	235	3
2026-02-12	15:05:15.210	-17.675	40.705	33.705	0.931348	0.009272	0.229116	0.1155	0.918	0.0225	0	164	266	3
2026-02-12	15:05:15.230	-18.83	40.285	32.935	0.959652	-0.015616	0.256688	0.126	0.921	0.018	0	164	266	3
2026-02-12	15:05:15.250	-17.5	41.44	32.445	1.023336	-0.041236	0.2989	0.1275	0.924	0.0165	0	164	266	3
2026-02-12	15:05:15.270	-13.79	44.065	34.3	1.03822	-0.071492	0.319396	0.126	0.9285	0.0135	0	164	266	3
2026-02-12	15:05:15.290	-3.955	46.655	38.71	1.0187	-0.060512	0.311588	0.132	0.933	0.0105	0	164	266	3
2026-02-12	15:05:15.310	6.16	45.43	46.935	1.029436	-0.007076	0.267424	0.1395	0.936	0.009	0	164	266	3
2026-02-12	15:05:15.330	9.065	42.14	51.73	1.000644	0.016348	0.277184	0.147	0.939	0.0045	0	164	266	3
2026-02-12	15:05:15.350	13.44	39.83	54.915	0.957212	0.038308	0.310368	0.1545	0.948	-0.0045	0	164	266	3
2026-02-12	15:05:15.370	16.975	39.06	56.455	0.913292	0.055144	0.306464	0.159	0.954	-0.009	0	164	266	3
2026-02-12	15:05:15.390	17.325	36.925	54.67	0.920124	0.076128	0.306952	0.1725	0.9585	-0.0135	0	164	266	3
2026-02-12	15:05:15.410	12.53	34.685	49.035	0.887184	0.07076	0.30866	0.1815	0.966	-0.021	0	171	289	3
2026-02-12	15:05:15.430	5.005	32.305	43.33	0.831796	0.063196	0.305488	0.189	0.9735	-0.0225	0	171	289	3
2026-02-12	15:05:15.450	-1.855	28.63	36.96	0.78934	0.069296	0.27572	0.1965	0.9765	-0.0255	0	171	289	3
2026-02-12	15:05:15.470	-8.015	20.965	28.175	0.812276	0.079788	0.269864	0.201	0.9765	-0.0285	0	171	289	3
2026-02-12	15:05:15.490	-17.885	12.04	17.36	0.810324	0.090524	0.34648	0.207	0.9795	-0.027	0	171	289	3
2026-02-12	15:05:15.510	-53.235	5.005	10.675	0.806908	0.119316	0.447008	0.2085	0.9825	-0.027	0	171	289	3
2026-02-12	15:05:15.530	-139.055	-5.635	5.88	0.859124	0.106384	0.505568	0.2085	0.9825	-0.027	0	171	289	3
2026-02-12	15:05:15.550	-194.145	-9.31	1.89	0.896456	0.013664	0.508984	0.207	0.9885	-0.009	0	171	289	3
2026-02-12	15:05:15.570	-218.54	-6.755	-2.24	0.909388	-0.201788	0.47824	0.2055	0.999	0.0165	0	171	289	3
2026-02-12	15:05:15.590	-192.64	-0.07	-6.125	0.955748	-0.390888	0.494344	0.2055	1.011	0.0345	0	171	289	3
2026-02-12	15:05:15.610	-143.43	10.15	-5.53	0.95038	-0.489708	0.450668	0.21	1.0155	0.0555	0	178	307	3
2026-02-12	15:05:15.630	-80.325	17.85	-3.815	0.902312	-0.5124	0.421876	0.207	1.017	0.0735	0	178	307	3
2026-02-12	15:05:15.650	-30.52	20.265	-2.1	0.832772	-0.297924	0.43676	0.198	1.017	0.081	0	178	307	3
2026-02-12	15:05:15.670	-14.595	19.705	0.245	0.826672	-0.214232	0.44286	0.201	1.017	0.081	0	178	307	3
2026-02-12	15:05:15.690	-12.355	20.86	2.695	0.795684	-0.18178	0.4148	0.2055	1.017	0.084	0	178	307	3
2026-02-12	15:05:15.710	-20.51	20.055	4.13	0.756888	-0.105652	0.3843	0.204	1.014	0.0825	0	178	307	3
2026-02-12	15:05:15.730	-50.33	16.485	0.84	0.711504	-0.121268	0.354288	0.2055	1.017	0.078	0	178	307	3
2026-02-12	15:05:15.750	-77.14	10.92	-6.44	0.678564	-0.181292	0.345016	0.2055	1.0185	0.0855	0	178	307	3
2026-02-12	15:05:15.770	-89.635	5.565	-13.965	0.672464	-0.250832	0.331596	0.207	1.0185	0.0945	0	178	307	3
2026-02-12	15:05:15.790	-78.925	5.775	-23.905	0.675392	-0.442616	0.290604	0.204	1.017	0.1005	0	178	307	3
2026-02-12	15:05:15.810	-12.565	-4.935	-38.64	0.73688	-0.560712	0.37088	0.1965	1.0215	0.111	0	186	330	3
2026-02-12	15:05:15.830	53.9	-15.96	-48.055	0.766892	-0.465308	0.460184	0.1935	1.02	0.1125	0	186	330	3
2026-02-12	15:05:15.850	97.755	-23.345	-51.87	0.764208	-0.347456	0.521428	0.1905	1.0095	0.108	0	186	330	3
2026-02-12	15:05:15.870	125.51	-29.155	-53.025	0.724436	-0.226676	0.580964	0.183	1.002	0.099	0	186	330	3
2026-02-12	15:05:15.890	133.07	-31.5	-48.86	0.6161	-0.118096	0.583404	0.174	0.9975	0.0855	0	186	330	3
2026-02-12	15:05:15.910	122.43	-33.39	-42.385	0.554124	-0.038796	0.559492	0.1695	0.9915	0.069	0	186	330	3
2026-02-12	15:05:15.930	94.605	-32.83	-36.61	0.521184	0.000488	0.514108	0.165	0.981	0.06	0	186	330	3
2026-02-12	15:05:15.950	27.58	-30.345	-27.93	0.449204	-0.049044	0.374052	0.159	0.9735	0.06	0	186	330	3
2026-02-12	15:05:15.970	-14.105	-36.33	-25.935	0.504348	-0.078568	0.274744	0.1515	0.969	0.06	0	186	330	3
2026-02-12	15:05:15.990	-49.28	-42.49	-29.12	0.604632	-0.1647	0.226188	0.144	0.9615	0.063	0	186	330	3
2026-02-12	15:05:16.010	-65.31	-45.045	-32.095	0.606584	-0.284992	0.212036	0.138	0.9615	0.0645	0	194	352	2
2026-02-12	15:05:16.030	-54.81	-47.67	-33.04	0.6222	-0.339892	0.248392	0.1305	0.9585	0.0735	0	194	352	2
2026-02-12	15:05:16.050	-24.955	-48.93	-35.84	0.724924	-0.358192	0.253516	0.1275	0.9525	0.093	0	194	352	2
2026-02-12	15:05:16.070	4.48	-49.35	-41.195	0.855464	-0.342332	0.227408	0.117	0.951	0.099	0	194	352	2
2026-02-12	15:05:16.090	24.465	-51.485	-46.445	0.941596	-0.342088	0.224724	0.1065	0.9465	0.1005	0	194	352	2
2026-02-12	15:05:16.110	45.92	-55.895	-49.385	1.0248	-0.375272	0.210084	0.102	0.936	0.111	0	194	352	2
2026-02-12	15:05:16.130	82.355	-64.26	-52.36	1.250256	-0.390888	0.250832	0.096	0.927	0.1125	0	194	352	2
2026-02-12	15:05:16.150	138.215	-68.215	-55.86	1.573312	-0.400892	0.370392	0.087	0.918	0.108	0	194	352	2
2026-02-12	15:05:16.170	214.76	-54.005	-44.555	1.658712	-0.247904	0.457012	0.0825	0.9135	0.108	0	194	352	2
2026-02-12	15:05:16.190	223.895	-33.81	-20.65	1.44082	-0.132736	0.337208	0.078	0.903	0.1005	0	194	352	2
2026-02-12	15:05:16.210	194.74	-22.75	7.385	1.379088	-0.034648	0.16348	0.0735	0.894	0.0855	0	205	358	3
2026-02-12	15:05:16.230	159.46	-14.42	30.03	1.4579	0.00366	0.148108	0.0675	0.8925	0.0795	0	205	358	3
2026-02-12	15:05:16.250	133.56	-1.365	45.255	1.488888	0.051728	0.1769	0.066	0.888	0.0765	0	205	358	3
2026-02-12	15:05:16.270	88.795	10.395	60.48	1.373232	0.137372	0.203252	0.0675	0.888	0.069	0	205	358	3
2026-02-12	15:05:16.290	29.96	21.77	71.645	1.240496	0.119072	0.18544	0.0675	0.8925	0.06	0	205	358	3
2026-02-12	15:05:16.310	-19.18	28.105	77.42	1.156804	0.073444	0.18666	0.078	0.8985	0.048	0	205	358	3
2026-02-12	15:05:16.330	-61.635	30.695	78.47	1.148996	0.03172	0.203496	0.093	0.912	0.042	0	205	358	3
2026-02-12	15:05:16.350	-100.31	33.6	79.835	1.132892	-0.050264	0.189832	0.0975	0.9345	0.0465	0	205	358	3
2026-02-12	15:05:16.370	-127.015	36.19	84.21	1.04554	-0.136396	0.148352	0.1035	0.9465	0.057	0	205	358	3
2026-02-12	15:05:16.390	-123.935	35.98	86.31	0.972584	-0.15738	0.101748	0.117	0.957	0.0645	0	205	358	3
2026-02-12	15:05:16.410	-108.85	35	83.685	0.930616	-0.152012	0.083692	0.1245	0.9735	0.0675	0	221	339	3
2026-02-12	15:05:16.430	-92.855	32.83	78.12	0.947696	-0.150792	0.084912	0.1305	0.981	0.075	0	221	339	3
2026-02-12	15:05:16.450	-77.595	31.71	69.895	0.965508	-0.151524	0.08295999	0.1425	0.9915	0.081	0	221	339	3
2026-02-12	15:05:16.470	-63.56	32.165	59.745	0.951356	-0.143228	0.068076	0.153	1.0065	0.0855	0	221	339	3
2026-02-12	15:05:16.490	-52.955	32.34	47.53	0.921344	-0.131028	0.049288	0.162	1.0185	0.093	0	221	339	3
2026-02-12	15:05:16.510	-48.335	31.36	33.53	0.910364	-0.13542	0.035136	0.168	1.0215	0.0975	0	221	339	3
2026-02-12	15:05:16.530	-47.39	30.065	18.515	0.907924	-0.164456	0.036356	0.168	1.026	0.0975	0	221	339	3
2026-02-12	15:05:16.550	-48.23	28.77	4.095	0.88938	-0.173972	0.022692	0.1725	1.0305	0.0975	0	221	339	3
2026-02-12	15:05:16.570	-51.135	26.18	-9.415	0.868396	-0.17812	0.013908	0.177	1.0305	0.099	0	221	339	3
2026-02-12	15:05:16.590	-56.42	19.425	-29.085	0.825208	-0.186904	0.030256	0.177	1.0305	0.1035	0	221	339	3
2026-02-12	15:05:16.610	-59.325	13.58	-40.635	0.823012	-0.21838	0.08174	0.174	1.032	0.1095	0	235	295	3
2026-02-12	15:05:16.630	-60.41	8.365	-50.505	0.864248	-0.235704	0.127856	0.1695	1.0275	0.1155	0	235	295	3
2026-02-12	15:05:16.650	-60.48	6.65	-58.415	0.844728	-0.248636	0.14152	0.165	1.0215	0.12	0	235	295	3
2026-02-12	15:05:16.670	-57.12	5.145	-64.085	0.821304	-0.25742	0.138836	0.1545	1.011	0.1275	0	235	295	3
2026-02-12	15:05:16.690	-50.995	2.59	-67.865	0.809836	-0.257176	0.122732	0.1515	0.999	0.1305	0	235	295	3
2026-02-12	15:05:16.710	-44.38	-0.455	-69.685	0.799832	-0.243024	0.12078	0.147	0.993	0.1335	0	235	295	3
2026-02-12	15:05:16.730	-38.08	-3.395	-70.875	0.803736	-0.25498	0.148352	0.129	0.987	0.1395	0	235	295	3
2026-02-12	15:05:16.750	-29.75	-4.41	-70.84	0.771528	-0.27572	0.178364	0.12	0.978	0.1425	0	235	295	3
2026-02-12	15:05:16.770	-16.205	-4.935	-68.495	0.72834	-0.283284	0.199348	0.114	0.966	0.1455	0	235	295	3
2026-02-12	15:05:16.790	0.84	-6.09	-65.135	0.706868	-0.2623	0.198372	0.099	0.9555	0.1485	0	235	295	3
2026-02-12	15:05:16.810	27.755	-8.155	-59.08	0.755668	-0.259616	0.235948	0.09	0.948	0.1485	0	245	248	2
2026-02-12	15:05:16.830	46.9	-7.49	-55.93	0.842532	-0.261568	0.292312	0.09	0.942	0.1455	0	245	248	2
2026-02-12	15:05:16.850	62.195	-4.41	-52.43	0.907192	-0.24034	0.305	0.084	0.933	0.1455	0	245	248	2
2026-02-12	15:05:16.870	68.565	-2.73	-50.505	1.021872	-0.204228	0.291336	0.078	0.9255	0.1395	0	245	248	2
2026-02-12	15:05:16.890	67.585	-1.365	-52.36	1.154364	-0.189588	0.2928	0.075	0.9165	0.135	0	245	248	2
2026-02-12	15:05:16.910	62.02	1.19	-56.945	1.247816	-0.185196	0.279136	0.069	0.909	0.1335	0	245	248	2
2026-02-12	15:05:16.930	48.475	5.775	-60.62	1.252208	-0.187392	0.254004	0.063	0.903	0.1305	0	245	248	2
2026-02-12	15:05:16.950	25.375	12.215	-61.67	1.203896	-0.169092	0.260104	0.0585	0.8925	0.1215	0	245	248	2
2026-02-12	15:05:16.970	-5.11	17.395	-59.885	1.175348	-0.142496	0.278404	0.045	0.882	0.1155	0	245	248	2
2026-02-12	15:05:16.990	-45.15	22.855	-53.62	1.163636	-0.104432	0.2989	0.0375	0.873	0.1155	0	245	248	2
2026-02-12	15:05:17.010	-92.855	26.18	-44.59	1.291492	-0.089304	0.277184	0.039	0.8625	0.1155	0	249	225	3
2026-02-12	15:05:17.030	-127.82	27.3	-33.075	1.320772	-0.090524	0.206912	0.0405	0.8535	0.114	0	249	225	3
2026-02-12	15:05:17.050	-136.92	23.38	-22.995	1.326628	-0.134932	0.204228	0.0345	0.849	0.114	0	249	225	3
2026-02-12	15:05:17.070	-126.525	19.915	-14.595	1.286856	-0.141764	0.310612	0.027	0.8475	0.12	0	249	225	3
2026-02-12	15:05:17.090	-104.825	19.075	-7.63	1.19804	-0.057584	0.44408	0.027	0.8445	0.126	0	249	225	3
2026-02-12	15:05:17.110	-93.31	18.76	-1.785	1.113372	-0.08295999	0.410164	0.0285	0.846	0.1275	0	249	225	3
2026-02-12	15:05:17.130	-72.975	16.135	0.035	1.093852	-0.16226	0.340868	0.0315	0.843	0.132	0	249	225	3
2026-02-12	15:05:17.150	-26.25	9.275	-5.53	1.112152	-0.09028	0.421632	0.027	0.84	0.135	0	249	225	3
2026-02-12	15:05:17.170	4.97	7.21	-12.985	1.074088	-0.002196	0.513864	0.024	0.849	0.129	0	249	225	3
2026-02-12	15:05:17.190	29.33	16.31	-25.655	0.968436	0.138836	0.479948	0.024	0.8505	0.126	0	249	225	3
2026-02-12	15:05:17.210	65.975	20.86	-43.925	0.825696	0.28548	0.421876	0.0255	0.8385	0.126	0	251	232	3
2026-02-12	15:05:17.230	86.38	7.35	-60.76	0.799344	0.405528	0.42334	0.03	0.831	0.1245	0	251	232	3
2026-02-12	15:05:17.250	72.59	3.36	-62.405	0.8479	0.35868	0.406016	0.0255	0.825	0.12	0	251	232	3
2026-02-12	15:05:17.270	54.845	2.695	-58.94	0.885476	0.34038	0.358436	0.0165	0.8115	0.114	0	251	232	3
2026-02-12	15:05:17.290	40.39	4.095	-53.97	0.89914	0.2745	0.313784	0.009	0.8025	0.108	0	251	232	3
2026-02-12	15:05:17.310	35.56	4.585	-49.175	0.915	0.242292	0.332816	0.006	0.795	0.1065	0	251	232	3
2026-02-12	15:05:17.330	22.645	4.13	-42.245	0.921344	0.2562	0.3538	0.0045	0.786	0.1065	0	251	232	3
2026-02-12	15:05:17.350	-5.39	4.375	-34.72	0.8723	0.209108	0.324032	0.0045	0.78	0.1035	0	251	232	3
2026-02-12	15:05:17.370	-36.225	2.59	-28.07	0.838384	0.1464	0.288408	0.0075	0.7725	0.1035	0	251	232	3
2026-02-12	15:05:17.390	-56.665	0.84	-21.42	0.833504	0.062952	0.277428	0.006	0.7665	0.105	0	251	232	3
2026-02-12	15:05:17.410	-50.4	-0.035	-14.98	0.83204	0.027328	0.3294	0.003	0.762	0.1035	0	253	262	3
2026-02-12	15:05:17.430	-29.995	-3.29	-8.435	0.847656	0.031964	0.413092	0	0.759	0.1065	0	253	262	3
2026-02-12	15:05:17.450	7.28	-4.305	-0.56	0.831308	0.116388	0.500444	0	0.7635	0.108	0	253	262	3
2026-02-12	15:05:17.470	18.305	-3.5	2.345	0.815936	0.164456	0.535824	0.0015	0.7605	0.1065	0	253	262	3
2026-02-12	15:05:17.490	20.545	0.105	4.27	0.793244	0.192028	0.527528	0	0.7575	0.108	0	253	262	3
2026-02-12	15:05:17.510	20.93	1.575	5.425	0.804956	0.216428	0.516792	0	0.762	0.1065	0	253	262	3
2026-02-12	15:05:17.530	21.525	2.03	6.195	0.799588	0.232288	0.516304	0.0015	0.762	0.1035	0	253	262	3
2026-02-12	15:05:17.550	20.09	2.45	7.91	0.769088	0.24156	0.496296	0.003	0.759	0.102	0	253	262	3
2026-02-12	15:05:17.570	-2.52	0.49	13.09	0.7808	0.162748	0.474092	0.0015	0.762	0.1005	0	253	262	3
2026-02-12	15:05:17.590	-31.885	-1.435	18.27	0.813008	0.05612	0.443348	0	0.7665	0.1005	0	253	262	3
2026-02-12	15:05:17.610	-36.015	-2.275	20.44	0.836676	0.011224	0.414556	0	0.768	0.1065	0	254	300	3
2026-02-12	15:05:17.630	-18.62	-2.94	21.91	0.878888	0.009516	0.413092	0	0.7725	0.1065	0	254	300	3
2026-02-12	15:05:17.650	10.605	-1.26	25.445	0.90524	0.02928	0.4087	0	0.7755	0.1035	0	254	300	3
2026-02-12	15:05:17.670	23.485	1.015	31.22	0.83936	0.030256	0.385764	0	0.777	0.108	0	254	300	3
2026-02-12	15:05:17.690	24.78	-1.61	35.63	0.8479	-0.03172	0.392352	0	0.7815	0.111	0	254	300	3
2026-02-12	15:05:17.710	37.38	-3.36	38.08	0.854488	-0.078324	0.413336	0.0075	0.786	0.105	0	254	300	3
2026-02-12	15:05:17.730	60.83	-2.94	39.62	0.8723	0.005124	0.43188	0.012	0.789	0.1065	0	254	300	3
2026-02-12	15:05:17.750	66.29	-0.56	40.495	0.842532	0.077592	0.377224	0.0135	0.792	0.102	0	254	300	3
2026-02-12	15:05:17.770	55.3	2.38	42.14	0.72468	0.066856	0.323788	0.012	0.8025	0.0945	0	254	300	3
2026-02-12	15:05:17.790	49.245	0.98	44.38	0.63684	0.036112	0.318176	0.0105	0.8115	0.093	0	254	300	3
2026-02-12	15:05:17.810	50.155	-0.21	46.935	0.602192	0.009028	0.331352	0.0135	0.8145	0.0945	0	252	335	3
2026-02-12	15:05:17.830	49.35	1.925	49.56	0.5795	-0.009272	0.30256	0.0135	0.822	0.0945	0	252	335	3
2026-02-12	15:05:17.850	51.8	1.505	51.17	0.604144	-0.020008	0.230092	0.012	0.828	0.0855	0	252	335	3
2026-02-12	15:05:17.870	59.745	-1.47	51.87	0.653188	-0.014884	0.203984	0.0135	0.8295	0.0795	0	252	335	3
2026-02-12	15:05:17.890	62.72	-3.01	52.955	0.642208	0.012444	0.241804	0.018	0.8325	0.078	0	252	335	3
2026-02-12	15:05:17.910	57.68	-5.005	53.165	0.66002	0.056364	0.256688	0.027	0.8415	0.0705	0	252	335	3
2026-02-12	15:05:17.930	45.045	-8.365	51.205	0.7625	0.013664	0.240584	0.0285	0.8505	0.0675	0	252	335	3
2026-02-12	15:05:17.950	45.29	-14.875	46.97	0.974292	-0.07076	0.248148	0.0285	0.855	0.066	0	252	335	3
2026-02-12	15:05:17.970	58.835	-19.25	45.115	1.095804	-0.06734399	0.266204	0.0345	0.858	0.0645	0	252	335	3
2026-02-12	15:05:17.990	69.615	-21.315	46.62	1.115812	-0.014884	0.290848	0.039	0.8685	0.0645	0	252	335	3
2026-02-12	15:05:18.010	78.365	-26.075	48.86	1.0919	-0.009516	0.338184	0.0405	0.8745	0.0645	0	247	348	2
2026-02-12	15:05:18.030	86.24	-28.945	49.91	1.121912	-0.012688	0.38308	0.039	0.8745	0.0585	0	247	348	2
2026-02-12	15:05:18.050	99.225	-30.765	50.82	1.236348	0.01342	0.427976	0.039	0.876	0.0525	0	247	348	2
2026-02-12	15:05:18.070	105.105	-24.78	51.065	1.352736	0.050752	0.426268	0.039	0.8775	0.0495	0	247	348	2
2026-02-12	15:05:18.090	93.1	-13.685	49.91	1.491084	0.12322	0.353312	0.0375	0.8805	0.048	0	247	348	2
2026-02-12	15:05:18.110	63.175	0.175	49.14	1.381284	0.099064	0.21594	0.048	0.8835	0.045	0	247	348	2
2026-02-12	15:05:18.130	36.155	10.22	48.65	1.269776	0.07442	0.091012	0.057	0.8895	0.039	0	247	348	2
2026-02-12	15:05:18.150	9.38	12.53	48.09	1.374208	0.066124	0.048556	0.0585	0.8955	0.036	0	247	348	2
2026-02-12	15:05:18.170	-18.83	15.015	43.365	1.523292	0.027084	0.049288	0.0645	0.9045	0.033	0	247	348	2
2026-02-12	15:05:18.190	-48.195	21.105	38.115	1.597468	-0.050752	0.074176	0.069	0.915	0.033	0	247	348	2
2026-02-12	15:05:18.210	-74.025	32.165	37.835	1.423008	-0.110532	0.06954	0.069	0.918	0.033	0	245	337	3
2026-02-12	15:05:18.230	-85.96	33.74	36.855	1.273924	-0.1342	0.045872	0.072	0.9225	0.0285	0	245	337	3
2026-02-12	15:05:18.250	-96.81	31.395	34.23	1.127524	-0.141032	0.020252	0.0795	0.9315	0.0285	0	245	337	3
2026-02-12	15:05:18.270	-108.57	25.41	34.265	0.981856	-0.129076	0.010492	0.0825	0.9405	0.033	0	245	337	3
2026-02-12	15:05:18.290	-107.94	16.03	35.665	0.849608	-0.1281	0.018056	0.084	0.9435	0.039	0	245	337	3
2026-02-12	15:05:18.310	-92.365	7.35	35.245	0.784704	-0.147864	0.031964	0.084	0.9435	0.039	0	245	337	3
2026-02-12	15:05:18.330	-73.185	2.03	34.3	0.767624	-0.165676	0.046604	0.0975	0.957	0.051	0	245	337	3
2026-02-12	15:05:18.350	-51.415	-1.75	31.885	0.790072	-0.172752	0.067588	0.1035	0.972	0.066	0	245	337	3
2026-02-12	15:05:18.370	-31.57	-4.235	26.32	0.847656	-0.158112	0.077592	0.1005	0.975	0.0705	0	245	337	3
2026-02-12	15:05:18.390	-18.27	-4.76	18.095	0.882548	-0.14518	0.088084	0.1095	0.978	0.0765	0	245	337	3
2026-02-12	15:05:18.410	-12.425	-4.76	8.26	0.89304	-0.155672	0.082228	0.1125	0.987	0.0825	0	248	296	3
2026-02-12	15:05:18.430	-11.305	-6.405	-3.92	0.91988	-0.163724	0.085644	0.111	0.99	0.0825	0	248	296	3
2026-02-12	15:05:18.450	-12.495	-7.98	-18.27	0.970388	-0.177876	0.116144	0.114	0.987	0.0825	0	248	296	3
2026-02-12	15:05:18.470	-15.89	-7.875	-33.46	1.021628	-0.166164	0.16226	0.114	0.9825	0.093	0	248	296	3
2026-02-12	15:05:18.490	-26.635	-5.985	-47.775	1.052372	-0.141032	0.178608	0.1095	0.978	0.0945	0	248	296	3
2026-02-12	15:05:18.510	-54.355	-4.375	-64.54	1.030656	-0.14396	0.15982	0.108	0.978	0.087	0	248	296	3
2026-02-12	15:05:18.530	-74.795	-6.16	-72.835	1.045296	-0.173728	0.178852	0.096	0.954	0.1005	0	248	296	3
2026-02-12	15:05:18.550	-95.935	-6.37	-76.86	1.030412	-0.206912	0.205936	0.084	0.951	0.102	0	248	296	3
2026-02-12	15:05:18.570	-118.965	-6.755	-75.705	0.99674	-0.237412	0.17446	0.078	0.9435	0.108	0	248	296	3
2026-02-12	15:05:18.590	-148.715	-11.48	-71.89	1.031388	-0.260592	0.155916	0.0765	0.9345	0.1215	0	248	296	3
2026-02-12	15:05:18.610	-167.58	-11.76	-69.44	1.042856	-0.382592	0.20496	0.066	0.9225	0.141	0	251	249	3
2026-02-12	15:05:18.630	-144.375	-5.11	-64.995	1.00894	-0.471896	0.231068	0.063	0.9105	0.156	0	251	249	3
2026-02-12	15:05:18.650	-106.19	4.83	-56.735	0.873276	-0.4209	0.16104	0.057	0.9045	0.1665	0	251	249	3
2026-02-12	15:05:18.670	-78.61	11.795	-44.135	0.735172	-0.408212	0.10248	0.051	0.897	0.171	0	251	249	3
2026-02-12	15:05:18.690	-52.85	14.63	-29.47	0.656604	-0.395768	0.112972	0.0465	0.8895	0.174	0	251	249	3
2026-02-12	15:05:18.710	-24.78	15.505	-15.54	0.660508	-0.361608	0.170068	0.042	0.8805	0.18	0	251	249	3
2026-02-12	15:05:18.730	8.715	20.09	-0.315	0.721752	-0.246684	0.195932	0.042	0.8745	0.183	0	251	249	3
2026-02-12	15:05:18.750	6.755	23.135	5.355	0.7808	-0.19886	0.173972	0.0375	0.8865	0.168	0	251	249	3
2026-02-12	15:05:18.770	-6.86	23.87	5.915	0.877668	-0.198128	0.177632	0.0375	0.8835	0.165	0	251	249	3
2026-02-12	15:05:18.790	-21.35	25.48	2.87	0.92964	-0.237412	0.1891	0.039	0.885	0.1605	0	251	249	3
2026-02-12	15:05:18.810	-29.575	27.16	-0.945	0.96258	-0.255468	0.194468	0.0435	0.8805	0.156	0	253	217	3
2026-02-12	15:05:18.830	-34.825	28.21	-5.845	1.010648	-0.260348	0.207156	0.0435	0.876	0.1485	0	253	217	3
2026-02-12	15:05:18.850	-37.975	29.33	-12.46	1.083116	-0.30012	0.248148	0.0375	0.879	0.1425	0	253	217	3
2026-02-12	15:05:18.870	-34.825	32.62	-20.895	1.249036	-0.332328	0.345992	0.039	0.8745	0.147	0	253	217	3
2026-02-12	15:05:18.890	-32.27	39.445	-25.795	1.232444	-0.303292	0.353556	0.039	0.87	0.1455	0	253	217	3
2026-02-12	15:05:18.910	-38.325	39.655	-25.41	0.99796	-0.217648	0.25254	0.033	0.867	0.1395	0	253	217	3
2026-02-12	15:05:18.930	-20.405	33.18	-27.02	0.865712	-0.21472	0.202276	0.0315	0.861	0.135	0	253	217	3
2026-02-12	15:05:18.950	23.065	28.35	-28.945	0.825452	-0.160308	0.187636	0.03	0.858	0.132	0	253	217	3
2026-02-12	15:05:18.970	43.155	19.53	-30.345	0.97356	-0.122488	0.158112	0.0345	0.8475	0.123	0	253	217	3
2026-02-12	15:05:18.990	49.56	11.095	-33.355	1.17608	-0.19032	0.199836	0.0255	0.849	0.123	0	253	217	3
2026-02-12	15:05:19.010	63.315	5.005	-36.085	1.361764	-0.257664	0.310368	0.0195	0.846	0.12	0	252	208	3
2026-02-12	15:05:19.030	83.93	4.41	-37.415	1.36762	-0.186416	0.418948	0.021	0.8355	0.114	0	252	208	3
2026-02-12	15:05:19.050	89.95	7.42	-38.57	1.198284	-0.061976	0.414068	0.024	0.831	0.108	0	252	208	3
2026-02-12	15:05:19.070	78.05	7.595	-38.43	1.14192	-0.058316	0.400892	0.0195	0.8235	0.099	0	252	208	3
2026-02-12	15:05:19.090	73.045	8.05	-37.485	1.123376	-0.085644	0.449936	0.0135	0.8145	0.093	0	252	208	3
2026-02-12	15:05:19.110	73.815	6.09	-34.965	1.092632	-0.021716	0.47702	0.0135	0.807	0.0885	0	252	208	3
2026-02-12	15:05:19.130	72.73	6.58	-30.975	1.142408	0.07515199	0.49654	0.009	0.798	0.0825	0	252	208	3
2026-02-12	15:05:19.150	32.165	16.66	-18.55	1.057496	0.119072	0.428708	0.0075	0.7935	0.0795	0	252	208	3
2026-02-12	15:05:19.170	0.77	20.51	-7.455	0.974048	0.083936	0.39162	0.0105	0.792	0.081	0	252	208	3
2026-02-12	15:05:19.190	-15.05	20.895	2.38	0.9577	0.074176	0.383812	0.0105	0.7935	0.075	0	252	208	3
2026-02-12	15:05:19.210	-27.685	25.865	10.43	0.935252	0.082228	0.405528	0.009	0.792	0.072	0	251	227	3
2026-02-12	15:05:19.230	-31.01	28.42	15.96	0.894504	0.032696	0.41724	0.006	0.789	0.069	0	251	227	3
2026-02-12	15:05:19.250	-19.075	25.585	19.32	0.857416	0.021716	0.426756	0.009	0.789	0.063	0	251	227	3
2026-02-12	15:05:19.270	-0.105	25.515	21	0.787876	0.00732	0.400648	0.0165	0.7935	0.057	0	251	227	3
2026-02-12	15:05:19.290	25.13	21	19.705	0.7137	0.098332	0.384544	0.021	0.798	0.057	0	251	227	3
2026-02-12	15:05:19.310	47.04	14.245	15.155	0.642208	0.21106	0.40992	0.021	0.804	0.0525	0	251	227	3
2026-02-12	15:05:19.330	52.885	6.475	6.265	0.64904	0.255224	0.42578	0.0195	0.807	0.051	0	251	227	3
2026-02-12	15:05:19.350	48.86	0.035	-7.77	0.755912	0.178608	0.440908	0.0195	0.807	0.0465	0	251	227	3
2026-02-12	15:05:19.370	52.115	-2.695	-19.215	0.869372	0.06588	0.425048	0.0195	0.8055	0.0435	0	251	227	3
2026-02-12	15:05:19.390	59.465	-4.69	-23.275	0.957456	0.029768	0.398452	0.018	0.795	0.0315	0	251	227	3
2026-02-12	15:05:19.410	66.22	-5.775	-21.595	1.016016	0.02684	0.407968	0.018	0.7935	0.036	0	249	266	2
2026-02-12	15:05:19.430	68.845	-3.22	-15.855	1.034072	0.058072	0.441396	0.0135	0.7875	0.0345	0	249	266	2
2026-02-12	15:05:19.450	64.19	3.36	-7.455	0.996984	0.099064	0.440664	0.012	0.7785	0.03	0	249	266	2
2026-02-12	15:05:19.470	47.565	9.38	2.24	0.946964	0.123708	0.366976	0.0165	0.7755	0.03	0	249	266	2
2026-02-12	15:05:19.490	28.49	11.935	10.71	0.933056	0.1159	0.315248	0.018	0.7725	0.027	0	249	266	2
2026-02-12	15:05:19.510	15.995	12.705	17.71	0.903044	0.109068	0.321348	0.015	0.777	0.024	0	249	266	2
2026-02-12	15:05:19.530	5.6	12.6	24.115	0.878644	0.091744	0.342332	0.018	0.78	0.0195	0	249	266	2
2026-02-12	15:05:19.550	-1.68	11.095	29.33	0.863272	0.088572	0.32574	0.0255	0.7785	0.015	0	249	266	2
2026-02-12	15:05:19.570	-8.995	6.335	34.545	0.876204	0.064904	0.297924	0.0255	0.78	0.0165	0	249	266	2
2026-02-12	15:05:19.590	-6.86	1.12	38.78	0.87718	0.007076	0.339892	0.0255	0.78	0.0165	0	249	266	2
2026-02-12	15:05:19.610	11.305	-0.245	39.865	0.83082	0.043432	0.410408	0.024	0.7995	0.018	0	247	304	2
2026-02-12	15:05:19.630	23.31	-2.345	38.85	0.796904	0.080764	0.419924	0.0255	0.804	0.0165	0	247	304	2
2026-02-12	15:05:19.650	30.345	-5.635	35.98	0.75152	0.064172	0.417484	0.03	0.813	0.0135	0	247	304	2
2026-02-12	15:05:19.670	44.31	-8.12	33.985	0.704916	0.006344	0.42456	0.0345	0.8205	0.0135	0	247	304	2
2026-02-12	15:05:19.690	65.765	-8.575	35.595	0.621468	-0.0061	0.421388	0.036	0.825	0.0135	0	247	304	2
2026-02-12	15:05:19.710	86.555	-7.28	40.25	0.532896	0.010736	0.404552	0.036	0.825	0.0135	0	247	304	2
2026-02-12	15:05:19.730	92.19	-5.985	45.99	0.451156	0.058072	0.33428	0.0345	0.8265	0.012	0	247	304	2
2026-02-12	15:05:19.750	84.315	-9.135	50.54	0.444812	0.030012	0.23302	0.0375	0.8325	0.003	0	247	304	2
2026-02-12	15:05:19.770	83.055	-17.92	50.47	0.548024	-0.02562	0.19154	0.0435	0.8355	-0.0015	0	247	304	2
2026-02-12	15:05:19.790	102.025	-27.23	45.745	0.680272	-0.06954	0.276208	0.045	0.834	-0.0015	0	247	304	2
2026-02-12	15:05:19.810	123.76	-24.99	41.51	0.748836	0.003416	0.358192	0.045	0.834	-0.0015	0	243	328	2
2026-02-12	15:05:19.830	133.315	-18.655	37.765	0.818376	0.0549	0.35014	0.0495	0.8355	-0.0045	0	243	328	2
2026-02-12	15:05:19.850	122.15	-14.07	35.315	0.9211	0.051728	0.28182	0.0495	0.837	-0.0135	0	243	328	2
2026-02-12	15:05:19.870	96.285	-12.53	35.805	1.035536	0.02684	0.216184	0.0465	0.8385	-0.015	0	243	328	2
2026-02-12	15:05:19.890	72.38	-11.235	37.835	1.087264	0.002928	0.20618	0.0495	0.8385	-0.015	0	243	328	2
2026-02-12	15:05:19.910	60.795	-10.5	42.07	1.095804	0.025376	0.240584	0.057	0.837	-0.012	0	243	328	2
2026-02-12	15:05:19.930	58.065	-12.495	45.36	1.188524	0.051728	0.30988	0.0585	0.843	-0.0135	0	243	328	2
2026-02-12	15:05:19.950	57.47	-13.825	45.115	1.325408	0.07905599	0.357704	0.0585	0.8475	-0.021	0	243	328	2
2026-02-12	15:05:19.970	49.245	-13.37	41.3	1.510848	0.0732	0.39528	0.0585	0.849	-0.0225	0	243	328	2
2026-02-12	15:05:19.990	29.68	-3.01	34.93	1.610644	0.028548	0.396256	0.0615	0.8505	-0.0255	0	243	328	2
2026-02-12	15:05:20.010	0.805	14.07	32.76	1.466928	-0.021472	0.246196	0.0615	0.8535	-0.03	0	240	332	3
2026-02-12	15:05:20.030	-24.43	20.93	35.35	1.41398	-0.03294	0.103456	0.0735	0.864	-0.0285	0	240	332	3
2026-02-12	15:05:20.050	-43.015	23.625	37.065	1.386408	-0.038552	0.06588	0.0735	0.867	-0.033	0	240	332	3
2026-02-12	15:05:20.070	-51.31	25.445	39.935	1.311988	-0.024888	0.096624	0.0735	0.87	-0.033	0	240	332	3
2026-02-12	15:05:20.090	-58.66	26.74	44.975	1.194868	-0.004148	0.113948	0.0735	0.8805	-0.033	0	240	332	3
2026-02-12	15:05:20.110	-66.99	25.795	47.74	1.101172	0.014884	0.135176	0.0765	0.891	-0.0315	0	240	332	3
2026-02-12	15:05:20.130	-77.7	23.415	48.23	1.02724	-0.008052	0.155672	0.0915	0.9	-0.0285	0	240	332	3
2026-02-12	15:05:20.150	-86.625	21.105	46.585	0.971608	-0.052704	0.201056	0.1065	0.9135	-0.0255	0	240	332	3
2026-02-12	15:05:20.170	-89.215	21.21	41.825	0.931836	-0.06954	0.2318	0.1035	0.924	-0.0225	0	240	332	3
2026-02-12	15:05:20.190	-92.75	21.945	35.56	0.88084	-0.07442	0.208376	0.108	0.936	-0.0195	0	240	332	3
2026-02-12	15:05:20.210	-100.31	21.07	25.235	0.805444	-0.070516	0.153476	0.117	0.945	-0.0135	0	241	315	3
2026-02-12	15:05:20.230	-106.295	16.275	11.305	0.77958	-0.087596	0.104676	0.117	0.945	-0.0135	0	241	315	3
2026-02-12	15:05:20.250	-107.135	10.29	-2.31	0.79544	-0.115656	0.10004	0.1095	0.96	0.0075	0	241	315	3
2026-02-12	15:05:20.270	-102.935	4.445	-16.8	0.82594	-0.144448	0.124928	0.12	0.9645	0.009	0	241	315	3
2026-02-12	15:05:20.290	-97.65	-0.63	-31.29	0.875472	-0.166652	0.170556	0.12	0.966	0.0195	0	241	315	3
2026-02-12	15:05:20.310	-101.36	-3.745	-44.695	0.920856	-0.173972	0.198128	0.1185	0.969	0.0315	0	241	315	3
2026-02-12	15:05:20.330	-113.295	-4.97	-56.595	0.960628	-0.193004	0.195932	0.1125	0.9675	0.0405	0	241	315	3
2026-02-12	15:05:20.350	-125.37	-5.04	-66.885	0.99186	-0.227408	0.182756	0.1005	0.9615	0.054	0	241	315	3
2026-02-12	15:05:20.370	-134.225	-4.025	-75.18	0.998936	-0.255468	0.15982	0.093	0.9555	0.066	0	241	315	3
2026-02-12	15:05:20.390	-138.25	-1.82	-80.71	0.98576	-0.293776	0.1525	0.09	0.945	0.078	0	241	315	3
2026-02-12	15:05:20.410	-132.685	0.665	-83.58	0.975024	-0.33306	0.138836	0.081	0.9375	0.087	0	243	284	3
2026-02-12	15:05:20.430	-105.315	4.97	-83.44	0.95526	-0.367708	0.147864	0.0795	0.939	0.09	0	243	284	3
2026-02-12	15:05:20.450	-78.365	7.84	-80.815	0.92598	-0.37698	0.161284	0.072	0.9075	0.1065	0	243	284	3
2026-02-12	15:05:20.470	-50.575	9.975	-76.09	0.924272	-0.371368	0.169824	0.0525	0.9	0.1125	0	243	284	3
2026-02-12	15:05:20.490	-22.68	12.46	-69.685	0.922564	-0.358924	0.172508	0.051	0.8895	0.117	0	243	284	3
2026-02-12	15:05:20.510	0.21	15.435	-61.985	0.910608	-0.323056	0.175192	0.0495	0.882	0.114	0	243	284	3
2026-02-12	15:05:20.530	14.805	18.095	-53.585	0.881572	-0.27938	0.197396	0.0495	0.8715	0.1065	0	243	284	3
2026-02-12	15:05:20.550	23.17	21.315	-45.395	0.833504	-0.247904	0.234972	0.045	0.8625	0.105	0	243	284	3
2026-02-12	15:05:20.570	26.25	24.675	-37.31	0.80398	-0.203984	0.256444	0.0345	0.8565	0.1065	0	243	284	3
2026-02-12	15:05:20.590	22.435	27.195	-30.135	0.798124	-0.155672	0.253272	0.033	0.852	0.096	0	243	284	3
2026-02-12	15:05:20.610	7.875	30.17	-23.31	0.766648	-0.116388	0.234972	0.036	0.846	0.09	0	244	253	3
2026-02-12	15:05:20.630	-16.345	32.375	-15.925	0.77226	-0.105408	0.189832	0.0345	0.8415	0.087	0	244	253	3
2026-02-12	15:05:20.650	-37.135	32.585	-11.97	0.827648	-0.124196	0.146156	0.0315	0.84	0.0825	0	244	253	3
2026-02-12	15:05:20.670	-42.665	31.71	-12.25	0.899384	-0.14396	0.148352	0.039	0.837	0.081	0	244	253	3
2026-02-12	15:05:20.690	-37.38	28.35	-15.26	1.127768	-0.15128	0.252296	0.0315	0.84	0.0705	0	244	253	3
2026-02-12	15:05:20.710	-30.415	32.55	-19.075	1.286856	-0.108824	0.294508	0.0315	0.828	0.066	0	244	253	3
2026-02-12	15:05:20.730	-45.605	40.075	-19.04	1.17242	-0.091988	0.213744	0.033	0.828	0.0675	0	244	253	3
2026-02-12	15:05:20.750	-67.62	40.88	-17.115	0.983808	-0.152744	0.135176	0.0315	0.8235	0.069	0	244	253	3
2026-02-12	15:05:20.770	-62.545	26.04	-21.63	1.235372	-0.119316	0.195444	0.03	0.822	0.0615	0	244	253	3
2026-02-12	15:05:20.790	-47.11	15.715	-33.425	1.437648	-0.088572	0.366732	0.0315	0.8235	0.057	0	244	253	3
2026-02-12	15:05:20.810	-40.81	15.575	-42.28	1.35786	-0.077836	0.443348	0.0315	0.8205	0.0585	0	243	237	2
2026-02-12	15:05:20.830	-46.69	14.665	-45.045	1.08702	-0.061488	0.35868	0.03	0.819	0.057	0	243	237	2
2026-02-12	15:05:20.850	-53.9	-9.345	-53.025	1.246352	-0.066124	0.204472	0.027	0.819	0.057	0	243	237	2
2026-02-12	15:05:20.870	-42.455	-36.19	-69.79	1.52012	-0.1403	0.388448	0.027	0.819	0.057	0	243	237	2
2026-02-12	15:05:20.890	0.56	-40.53	-73.885	1.390068	-0.174948	0.5856	0.012	0.786	0.0705	0	243	237	2
2026-02-12	15:05:20.910	67.13	-42.56	-68.985	1.190476	-0.117608	0.659044	0.0105	0.78	0.084	0	243	237	2
2026-02-12	15:05:20.930	135.73	-39.9	-57.33	0.966972	0.012688	0.687836	0.012	0.7695	0.0825	0	243	237	2
2026-02-12	15:05:20.950	185.675	-34.265	-41.685	0.841312	0.180804	0.679296	0.009	0.7575	0.087	0	243	237	2
2026-02-12	15:05:20.970	187.285	-27.475	-28.805	0.764452	0.349164	0.62586	0.006	0.75	0.093	0	243	237	2
2026-02-12	15:05:20.990	128.135	-19.845	-17.885	0.675392	0.425048	0.504836	0.009	0.7395	0.0885	0	243	237	2
2026-02-12	15:05:21.010	49.245	-16.73	-14.56	0.6344	0.360388	0.354776	0.003	0.732	0.0855	0	244	253	3
2026-02-12	15:05:21.030	-1.925	-18.935	-18.55	0.648796	0.224724	0.259128	0	0.7305	0.087	0	244	253	3
2026-02-12	15:05:21.050	-27.265	-24.395	-25.41	0.71858	0.155672	0.27572	0.003	0.729	0.09	0	244	253	3
2026-02-12	15:05:21.070	-43.295	-22.785	-33.985	0.8479	0.088084	0.435784	0.006	0.7275	0.0945	0	244	253	3
2026-02-12	15:05:21.090	-46.62	-17.36	-35.035	0.922564	0.025376	0.471408	0.0105	0.7185	0.1035	0	244	253	3
2026-02-12	15:05:21.110	-43.12	-11.515	-29.4	0.936228	-0.057828	0.460916	0	0.714	0.102	0	244	253	3
2026-02-12	15:05:21.130	-17.43	-6.825	-20.93	0.945256	-0.09857599	0.490928	0	0.7095	0.111	0	244	253	3
2026-02-12	15:05:21.150	24.15	-2.275	-12.53	0.935252	0.003904	0.58194	0.0015	0.7095	0.108	0	244	253	3
2026-02-12	15:05:21.170	52.955	5.18	-3.08	0.888648	0.13786	0.588284	0	0.7065	0.1065	0	244	253	3
2026-02-12	15:05:21.190	51.73	10.15	7.42	0.86132	0.19642	0.488488	0	0.702	0.111	0	244	253	3
2026-02-12	15:05:21.210	33.705	12.215	17.115	0.848876	0.161528	0.424072	0.0015	0.7035	0.108	0	249	295	3
2026-02-12	15:05:21.230	23.94	13.195	24.185	0.851804	0.087596	0.402844	0	0.705	0.102	0	249	295	3
2026-02-12	15:05:21.250	30.87	13.51	29.645	0.886208	0.101748	0.416752	0	0.7065	0.099	0	249	295	3
2026-02-12	15:05:21.270	36.33	18.13	36.19	0.875472	0.12566	0.438712	0	0.7125	0.0975	0	249	295	3
2026-02-12	15:05:21.290	37.94	25.83	39.935	0.86254	0.175436	0.46116	0.0015	0.714	0.099	0	249	295	3
2026-02-12	15:05:21.310	25.83	32.795	41.16	0.864004	0.142008	0.387228	0.0045	0.7335	0.0825	0	249	295	3
2026-02-12	15:05:21.330	11.34	36.925	41.755	0.828136	0.097844	0.296216	0.003	0.7425	0.0765	0	249	295	3
2026-02-12	15:05:21.350	0.245	36.365	43.4	0.785924	0.05368	0.2501	0.0105	0.7365	0.075	0	249	295	3
2026-02-12	15:05:21.370	-9.24	32.095	47.215	0.744688	0.0305	0.212768	0.0075	0.7425	0.0735	0	249	295	3
2026-02-12	15:05:21.390	-19.985	24.255	52.5	0.720288	0.028792	0.216428	0.006	0.753	0.0675	0	249	295	3
2026-02-12	15:05:21.410	-27.405	16.765	56.63	0.681004	0.037088	0.292556	0.0105	0.7605	0.06	0	253	336	3
2026-02-12	15:05:21.430	-25.06	12.81	58.52	0.625616	0.01098	0.355508	0.0135	0.774	0.06	0	253	336	3
2026-02-12	15:05:21.450	-14.91	8.82	59.36	0.6039	-0.019276	0.367464	0.0135	0.7845	0.0615	0	253	336	3
2026-02-12	15:05:21.470	-2.1	5.11	59.465	0.610488	-0.061976	0.35258	0.0165	0.7875	0.06	0	253	336	3
2026-02-12	15:05:21.490	19.32	1.155	58.625	0.585844	-0.10126	0.305488	0.018	0.792	0.0585	0	253	336	3
2026-02-12	15:05:21.510	44.835	-3.815	56.42	0.576328	-0.110776	0.265472	0.018	0.792	0.0585	0	253	336	3
2026-02-12	15:05:21.530	68.005	-6.79	51.695	0.606584	-0.093208	0.290848	0.0345	0.831	0.0585	0	253	336	3
2026-02-12	15:05:21.550	87.36	-6.405	46.235	0.642696	-0.040748	0.290604	0.03	0.8355	0.051	0	253	336	3
2026-02-12	15:05:21.570	102.83	-3.255	39.725	0.709064	0.010004	0.23424	0.024	0.8445	0.0495	0	253	336	3
2026-02-12	15:05:21.590	115.99	-0.105	30.59	0.807152	0.017324	0.240828	0.033	0.84	0.045	0	253	336	3
2026-02-12	15:05:21.610	119.63	-0.315	21.455	0.884988	0.011224	0.326716	0.0345	0.8385	0.0435	0	254	351	3
2026-02-12	15:05:21.630	101.605	2.415	18.725	0.898896	-0.0122	0.4209	0.0315	0.84	0.0405	0	254	351	3
2026-02-12	15:05:21.650	80.745	3.815	19.705	1.044564	-0.030744	0.400648	0.0375	0.8445	0.03	0	254	351	3
2026-02-12	15:05:21.670	69.58	3.22	17.57	1.328336	0.005368	0.397476	0.0435	0.8445	0.0225	0	254	351	3
2026-02-12	15:05:21.690	63.14	8.05	16.8	1.55184	0.017324	0.3965	0.039	0.8355	0.0165	0	254	351	3
2026-02-12	15:05:21.710	47.775	9.17	24.115	2.014952	-0.037332	0.252296	0.0315	0.8325	0.0135	0	254	351	3
2026-02-12	15:05:21.730	33.6	8.19	29.505	2.185508	-0.031964	0.244976	0.039	0.8415	0.0045	0	254	351	3
2026-02-12	15:05:21.750	22.225	11.165	32.375	2.081564	0.027816	0.330132	0.051	0.8415	0.0075	0	254	351	3
2026-02-12	15:05:21.770	3.15	18.27	32.445	1.691164	0.061488	0.365756	0.054	0.8475	0.0015	0	254	351	3
2026-02-12	15:05:21.790	-23.415	20.72	32.48	1.360544	0.040504	0.353068	0.0525	0.8535	-0.009	0	254	351	3
2026-02-12	15:05:21.810	-48.93	20.37	34.685	1.091656	0.004392	0.328912	0.0555	0.8565	-0.0045	0	258	350	3
2026-02-12	15:05:21.830	-66.605	19.075	37.205	0.870348	-0.027084	0.322324	0.0585	0.8625	-0.003	0	258	350	3
2026-02-12	15:05:21.850	-75.53	19.355	39.025	0.678076	-0.041968	0.312564	0.0615	0.87	-0.0045	0	258	350	3
2026-02-12	15:05:21.870	-73.745	17.675	39.62	0.5978	-0.062708	0.269132	0.0705	0.879	0	0	258	350	3
2026-02-12	15:05:21.890	-62.265	13.3	37.415	0.628056	-0.099064	0.254004	0.0765	0.8895	0.0015	0	258	350	3
2026-02-12	15:05:21.910	-28.315	11.655	32.06	0.688812	-0.147132	0.244732	0.0765	0.9015	0.0015	0	258	350	3
2026-02-12	15:05:21.930	15.575	12.39	26.075	0.76006	-0.117852	0.229848	0.0735	0.9075	0.003	0	258	350	3
2026-02-12	15:05:21.950	32.83	12.565	20.16	0.825452	-0.054656	0.217404	0.078	0.9135	0.003	0	258	350	3
2026-02-12	15:05:21.970	28.385	14.315	12.145	0.87962	0.00366	0.250588	0.0765	0.915	-0.003	0	258	350	3
2026-02-12	15:05:21.990	13.265	17.92	0.28	0.982344	0.091744	0.345992	0.0855	0.915	-0.015	0	258	350	3
2026-02-12	15:05:22.010	-21.35	24.78	-14.735	1.08214	0.176412	0.314028	0.0825	0.9225	-0.0105	0	266	340	3
2026-02-12	15:05:22.030	-86.695	29.575	-25.375	1.024556	0.127124	0.199348	0.0855	0.9165	-0.0075	0	266	340	3
2026-02-12	15:05:22.050	-142.625	28.105	-34.405	0.956236	0.0061	0.159576	0.0885	0.9135	-0.0045	0	266	340	3
2026-02-12	15:05:22.070	-175.63	20.37	-42.595	0.965996	-0.05734	0.180804	0.0855	0.9165	0	0	266	340	3
2026-02-12	15:05:22.090	-196.35	14.14	-46.865	0.966972	-0.130296	0.212768	0.0795	0.9135	0.0075	0	266	340	3
2026-02-12	15:05:22.110	-199.465	9.065	-47.915	0.994788	-0.208376	0.234484	0.072	0.9135	0.024	0	266	340	3
2026-02-12	15:05:22.130	-178.99	2.66	-47.53	1.024312	-0.25498	0.2013	0.069	0.915	0.0345	0	266	340	3
2026-02-12	15:05:22.150	-142.31	-7.21	-49.035	1.059204	-0.283284	0.196664	0.069	0.915	0.0345	0	266	340	3
2026-02-12	15:05:22.170	-95.2	-16.205	-56.28	1.14558	-0.324032	0.24766	0.054	0.918	0.0645	0	266	340	3
2026-02-12	15:05:22.190	-31.465	-21.595	-67.305	1.271484	-0.328668	0.32574	0.0585	0.912	0.081	0	266	340	3
2026-02-12	15:05:22.210	30.625	-22.435	-78.225	1.306864	-0.246684	0.335744	0.0525	0.8955	0.084	0	275	323	3
2026-02-12	15:05:22.230	72.8	-22.05	-84.7	1.220732	-0.19886	0.299876	0.0435	0.891	0.084	0	275	323	3
2026-02-12	15:05:22.250	95.935	-26.005	-88.27	1.134112	-0.161772	0.296704	0.0345	0.8775	0.0795	0	275	323	3
2026-02-12	15:05:22.270	108.15	-30.135	-88.235	1.085068	-0.122732	0.36844	0.0315	0.8655	0.0765	0	275	323	3
2026-02-12	15:05:22.290	113.33	-31.535	-85.505	1.098976	-0.021472	0.435784	0.03	0.852	0.075	0	275	323	3
2026-02-12	15:05:22.310	92.68	-30.03	-79.73	1.081164	0.076128	0.4331	0.0225	0.831	0.075	0	275	323	3
2026-02-12	15:05:22.330	50.645	-25.935	-70.805	1.006256	0.10126	0.397476	0.0105	0.8115	0.0795	0	275	323	3
2026-02-12	15:05:22.350	-9.38	-15.82	-56.98	0.936472	0.10004	0.329644	0.0075	0.804	0.081	0	275	323	3
2026-02-12	15:05:22.370	-40.11	-7	-49.595	0.905728	0.102236	0.294996	0	0.783	0.0825	0	275	323	3
2026-02-12	15:05:22.390	-64.995	3.605	-41.58	0.851072	0.081252	0.257664	0.0045	0.783	0.084	0	275	323	3
2026-02-12	15:05:22.410	-82.18	12.495	-31.64	0.842532	0.034892	0.196176	0.003	0.78	0.087	0	280	311	3
2026-02-12	15:05:22.430	-92.645	18.9	-20.755	0.893284	0.02806	0.162016	0.006	0.7785	0.093	0	280	311	3
2026-02-12	15:05:22.450	-100.765	24.185	-10.99	0.981856	0.035136	0.173484	0.0045	0.774	0.0885	0	280	311	3
2026-02-12	15:05:22.470	-109.305	29.015	-3.5	1.090192	0.056608	0.22326	0.003	0.7725	0.0825	0	280	311	3
2026-02-12	15:05:22.490	-122.955	35.21	3.885	1.148264	0.048312	0.254004	0	0.774	0.0825	0	280	311	3
2026-02-12	15:05:22.510	-141.015	42.875	13.93	1.082872	0.009028	0.262788	0.003	0.774	0.0795	0	280	311	3
2026-02-12	15:05:22.530	-148.575	47.39	22.47	1.031632	-0.016104	0.323056	0.0075	0.7755	0.0765	0	280	311	3
2026-02-12	15:05:22.550	-138.95	54.11	25.97	0.9638	0.0122	0.449448	0.009	0.7815	0.075	0	280	311	3
2026-02-12	15:05:22.570	-137.55	64.12	24.885	0.916464	0.17812	0.537776	0.009	0.786	0.072	0	280	311	3
2026-02-12	15:05:22.590	-147.665	74.725	18.62	0.870836	0.288164	0.526064	0.0105	0.81	0.066	0	280	311	3
2026-02-12	15:05:22.610	-165.48	81.165	6.895	0.772748	0.353068	0.437248	0.0165	0.8145	0.0555	0	280	307	3
2026-02-12	15:05:22.630	-194.6	77.175	-4.62	0.685884	0.269132	0.315004	0.0195	0.8205	0.0525	0	280	307	3
2026-02-12	15:05:22.650	-217.42	65.59	-14.105	0.610732	0.123708	0.258152	0.0165	0.8295	0.051	0	280	307	3
2026-02-12	15:05:22.670	-211.085	49.07	-23.31	0.55876	-0.012444	0.262788	0.015	0.828	0.048	0	280	307	3
2026-02-12	15:05:22.690	-176.4	33.25	-34.685	0.534604	-0.077348	0.323788	0.015	0.831	0.0465	0	280	307	3
2026-02-12	15:05:22.710	-128.905	19.04	-48.09	0.564372	-0.100284	0.384544	0.018	0.8325	0.051	0	280	307	3
2026-02-12	15:05:22.730	-83.51	6.895	-61.95	0.615124	-0.103456	0.41602	0.0165	0.8265	0.057	0	280	307	3
2026-02-12	15:05:22.750	-47.04	-3.605	-74.305	0.597556	-0.105164	0.38796	0.012	0.816	0.057	0	280	307	3
2026-02-12	15:05:22.770	-11.795	-20.93	-88.095	0.632692	-0.112728	0.340868	0.0075	0.8055	0.0615	0	280	307	3
2026-02-12	15:05:22.790	19.6	-39.41	-101.5	0.742736	-0.110532	0.346724	0.006	0.8025	0.0675	0	280	307	3
2026-02-12	15:05:22.810	38.815	-51.73	-110.32	0.849364	-0.077348	0.38552	-0.003	0.756	0.081	0	278	314	3
2026-02-12	15:05:22.830	46.445	-61.53	-114.555	0.975756	-0.039528	0.421632	0	0.7545	0.087	0	278	314	3
2026-02-12	15:05:22.850	42.525	-67.585	-114.8	1.07238	-0.00854	0.443836	0.0015	0.7275	0.093	0	278	314	3
2026-02-12	15:05:22.870	27.615	-70.105	-109.97	1.094828	-0.004148	0.427732	-0.012	0.711	0.105	0	278	314	3
2026-02-12	15:05:22.890	7.105	-71.225	-100.03	1.091412	-0.02196	0.388204	-0.012	0.7035	0.111	0	278	314	3
2026-02-12	15:05:22.910	-13.09	-71.925	-87.43	1.108248	-0.042944	0.35624	-0.015	0.6825	0.123	0	278	314	3
2026-02-12	15:05:22.930	-27.09	-70.07	-73.045	1.111664	-0.084424	0.339404	-0.012	0.6615	0.1305	0	278	314	3
2026-02-12	15:05:22.950	-29.68	-67.025	-58.66	1.121912	-0.105408	0.349652	-0.0105	0.651	0.141	0	278	314	3
2026-02-12	15:05:22.970	-25.34	-63.385	-44.765	1.158756	-0.135908	0.345504	-0.0135	0.6435	0.1575	0	278	314	3
2026-02-12	15:05:22.990	-12.11	-55.895	-25.34	1.285392	-0.192028	0.391864	-0.015	0.6405	0.1635	0	278	314	3
2026-02-12	15:05:23.010	-2.03	-44.59	-11.69	1.253184	-0.20984	0.432368	0	0.621	0.177	0	275	329	3
2026-02-12	15:05:23.030	1.05	-30.73	3.605	1.127768	-0.179584	0.427488	-0.012	0.6255	0.186	0	275	329	3
2026-02-12	15:05:23.050	-6.02	-17.115	18.655	0.98088	-0.124928	0.399184	-0.003	0.624	0.1905	0	275	329	3
2026-02-12	15:05:23.070	-19.25	-6.79	32.34	0.87352	-0.076372	0.348676	-0.0015	0.6315	0.195	0	275	329	3
2026-02-12	15:05:23.090	-29.925	-0.525	44.065	0.85522	-0.060512	0.320372	0	0.6285	0.201	0	275	329	3
2026-02-12	15:05:23.110	-30.345	4.375	53.13	0.884744	-0.058072	0.329644	-0.0045	0.6345	0.201	0	275	329	3
2026-02-12	15:05:23.130	-25.025	8.68	60.62	0.912804	-0.049776	0.35624	-0.012	0.6405	0.1995	0	275	329	3
2026-02-12	15:05:23.150	-20.09	12.46	66.535	0.961116	-0.047092	0.364536	-0.0135	0.648	0.1995	0	275	329	3
2026-02-12	15:05:23.170	-13.475	16.17	69.965	1.037244	-0.07515199	0.365512	-0.009	0.6585	0.1965	0	275	329	3
2026-02-12	15:05:23.190	2.835	20.615	72.52	1.162416	-0.118828	0.369416	-0.0105	0.669	0.1905	0	275	329	3
2026-02-12	15:05:23.210	27.72	26.915	75.46	1.239032	-0.117608	0.3965	-0.015	0.678	0.192	0	271	344	3
2026-02-12	15:05:23.230	44.695	34.755	78.26	1.219756	-0.041236	0.421876	-0.021	0.708	0.1815	0	271	344	3
2026-02-12	15:05:23.250	52.36	42.945	81.55	1.178276	0.006344	0.390888	-0.0105	0.72	0.18	0	271	344	3
2026-02-12	15:05:23.270	49.665	48.23	84.63	1.151924	0.054412	0.350628	-0.0165	0.732	0.1635	0	271	344	3
2026-02-12	15:05:23.290	41.09	50.61	86.765	1.07482	0.068076	0.335744	-0.0105	0.7515	0.1515	0	271	344	3
2026-02-12	15:05:23.310	31.815	50.26	86.8	0.989176	0.099308	0.373076	-0.0075	0.7635	0.147	0	271	344	3
2026-02-12	15:05:23.330	21.35	50.75	83.44	0.94184	0.13298	0.404064	-0.0075	0.7695	0.147	0	271	344	3
2026-02-12	15:05:23.350	1.19	52.115	79.555	0.869128	0.115656	0.371856	-0.0075	0.789	0.1365	0	271	344	3
2026-02-12	15:05:23.370	-20.685	51.555	74.83	0.81008	0.077348	0.32574	-0.0045	0.81	0.1245	0	271	344	3
2026-02-12	15:05:23.390	-42.455	47.425	68.705	0.770064	0.021716	0.269376	0	0.822	0.1185	0	271	344	3
2026-02-12	15:05:23.410	-56.63	39.725	59.15	0.76128	-0.029524	0.253516	0	0.8235	0.117	0	264	353	3
2026-02-12	15:05:23.430	-51.345	32.9	47.88	0.769332	-0.055144	0.265716	0	0.8235	0.117	0	264	353	3
2026-02-12	15:05:23.450	-36.925	27.755	37.73	0.803248	-0.061732	0.276208	0.009	0.8655	0.1125	0	264	353	3
2026-02-12	15:05:23.470	-21.84	23.205	26.005	0.830088	-0.0732	0.27816	0.015	0.8595	0.105	0	264	353	3
2026-02-12	15:05:23.490	-5.53	18.515	13.685	0.885964	-0.091012	0.277672	0.0135	0.8655	0.105	0	264	353	3
2026-02-12	15:05:23.510	10.745	13.65	1.4	0.943548	-0.075396	0.282796	0.018	0.87	0.102	0	264	353	3
2026-02-12	15:05:23.530	17.955	9.555	-9.975	0.967216	-0.037576	0.277916	0.0165	0.8655	0.1005	0	264	353	3
2026-02-12	15:05:23.550	19.18	5.075	-21.49	1.006988	-0.014884	0.287432	0.015	0.8685	0.096	0	264	353	3
2026-02-12	15:05:23.570	15.785	0.665	-32.48	1.040172	-0.00244	0.281088	0.009	0.8655	0.099	0	264	353	3
2026-02-12	15:05:23.590	7	-5.46	-42.49	1.08458	0.00488	0.2684	0.006	0.8565	0.1005	0	264	353	3
2026-02-12	15:05:23.610	-1.715	-13.09	-53.235	1.135088	-0.007808	0.26474	0.009	0.8535	0.0945	0	255	351	3
2026-02-12	15:05:23.630	-5.11	-27.335	-71.295	1.252452	-0.036844	0.294996	0.012	0.8535	0.096	0	255	351	3
2026-02-12	15:05:23.650	-2.555	-34.51	-82.74	1.281976	-0.013908	0.36966	0	0.8295	0.1065	0	255	351	3
2026-02-12	15:05:23.670	0.28	-38.185	-91.63	1.225368	-0.021228	0.3904	-0.003	0.813	0.108	0	255	351	3
2026-02-12	15:05:23.690	4.095	-43.155	-97.51	1.16876	-0.02074	0.392108	-0.015	0.795	0.12	0	255	351	3
2026-02-12	15:05:23.710	12.32	-48.23	-100.66	1.11386	-0.029524	0.400648	-0.012	0.78	0.114	0	255	351	3
2026-02-12	15:05:23.730	25.55	-53.375	-101.71	1.134844	-0.009028	0.440908	-0.012	0.7605	0.1335	0	255	351	3
2026-02-12	15:05:23.750	33.635	-53.97	-102.13	1.150948	0.04148	0.465064	-0.0105	0.7515	0.1365	0	255	351	3
2026-02-12	15:05:23.770	24.01	-47.145	-99.82	1.070672	0.067588	0.4209	-0.012	0.7335	0.1455	0	255	351	3
2026-02-12	15:05:23.790	1.365	-36.89	-95.095	0.94062	0.034892	0.315248	-0.018	0.717	0.1545	0	255	351	3
2026-02-12	15:05:23.810	-16.52	-29.225	-90.58	0.86864	-0.022936	0.212036	-0.0195	0.699	0.159	0	245	345	3
2026-02-12	15:05:23.830	-22.54	-24.92	-84.385	0.89792	-0.026352	0.167872	-0.0195	0.6825	0.1635	0	245	345	3
2026-02-12	15:05:23.850	-28.105	-19.705	-76.51	0.942084	0.009516	0.177388	-0.021	0.678	0.168	0	245	345	3
2026-02-12	15:05:23.870	-43.995	-13.335	-67.69	0.94062	0.008296	0.178364	-0.024	0.6465	0.168	0	245	345	3
2026-02-12	15:05:23.890	-63.77	-7.28	-56.98	0.929884	-0.028548	0.175192	-0.0195	0.642	0.18	0	245	345	3
2026-02-12	15:05:23.910	-78.19	-3.57	-47.145	0.94428	-0.036112	0.201544	-0.012	0.621	0.1725	0	245	345	3
2026-02-12	15:05:23.930	-90.335	-0.21	-39.375	0.955992	-0.022936	0.259616	-0.009	0.618	0.174	0	245	345	3
2026-02-12	15:05:23.950	-104.09	5.075	-32.165	0.917684	-0.008052	0.31842	-0.0195	0.6015	0.1755	0	245	345	3
2026-02-12	15:05:23.970	-122.64	10.71	-24.465	0.85766	-0.0061	0.316712	-0.015	0.5955	0.1665	0	245	345	3
2026-02-12	15:05:23.990	-144.27	13.965	-16.73	0.812276	-0.034404	0.253272	-0.009	0.591	0.1605	0	245	345	3
2026-02-12	15:05:24.010	-160.72	13.86	-10.36	0.785924	-0.072468	0.20496	-0.0105	0.5895	0.159	0	235	333	3
2026-02-12	15:05:24.030	-164.29	11.2	-5.705	0.78324	-0.100528	0.186172	-0.009	0.5865	0.1485	0	235	333	3
2026-02-12	15:05:24.050	-153.23	5.705	-1.4	0.766648	-0.123464	0.181536	-0.0075	0.585	0.144	0	235	333	3
2026-02-12	15:05:24.070	-134.085	-1.96	1.855	0.733708	-0.158356	0.16836	-0.0075	0.585	0.144	0	235	333	3
2026-02-12	15:05:24.090	-111.685	-10.605	3.99	0.704428	-0.20008	0.157868	-0.009	0.576	0.1305	0	235	333	3
2026-02-12	15:05:24.110	-83.44	-20.475	7.42	0.651236	-0.23668	0.170556	-0.0075	0.5805	0.1215	0	235	333	3
2026-02-12	15:05:24.130	-45.885	-29.995	11.445	0.618052	-0.244488	0.215696	-0.015	0.5805	0.12	0	235	333	3
2026-02-12	15:05:24.150	-1.19	-36.89	14.07	0.66368	-0.177144	0.330376	-0.0075	0.5865	0.1215	0	235	333	3
2026-02-12	15:05:24.170	39.34	-37.8	13.93	0.807884	-0.091744	0.425048	-0.0105	0.5805	0.132	0	235	333	3
2026-02-12	15:05:24.190	68.53	-32.445	11.935	0.93086	0	0.449692	-0.0105	0.5835	0.132	0	235	333	3
2026-02-12	15:05:24.210	70.595	-28.98	10.255	1.00284	0.080764	0.452376	-0.0135	0.588	0.1425	0	226	318	2
2026-02-12	15:05:24.230	52.465	-28.91	9.485	1.019432	0.103944	0.463844	-0.015	0.594	0.153	0	226	318	2
2026-02-12	15:05:24.250	31.22	-32.13	6.51	1.080432	0.134688	0.487024	-0.012	0.6	0.159	0	226	318	2
2026-02-12	15:05:24.270	4.375	-35.49	-0.35	1.157292	0.183	0.5368	-0.009	0.6	0.165	0	226	318	2
2026-02-12	15:05:24.290	-10.92	-35.84	-3.325	1.205604	0.161284	0.54534	-0.0075	0.5955	0.171	0	226	318	2
2026-02-12	15:05:24.310	-17.395	-33.705	-4.48	1.250256	0.09638	0.513864	-0.009	0.594	0.174	0	226	318	2
2026-02-12	15:05:24.330	-12.215	-30.94	-5.355	1.32004	0.062464	0.488976	-0.0135	0.594	0.18	0	226	318	2
2026-02-12	15:05:24.350	-7.385	-25.235	-5.39	1.333704	0.043676	0.480192	-0.0045	0.5835	0.189	0	226	318	2
2026-02-12	15:05:24.370	-3.57	-15.855	-3.57	1.278072	0.022204	0.473116	-0.0075	0.591	0.195	0	226	318	2
2026-02-12	15:05:24.390	-2.625	-5.915	1.085	1.202676	-0.00122	0.44286	-0.006	0.5865	0.192	0	226	318	2
2026-02-12	15:05:24.410	-3.36	4.2	7.84	1.099464	-0.015372	0.40992	-0.003	0.5865	0.1965	0	221	323	3
2026-02-12	15:05:24.430	-4.83	13.055	16.555	1.006256	-0.02928	0.36112	-0.003	0.5865	0.195	0	221	323	3
2026-02-12	15:05:24.450	-6.3	19.53	26.25	0.923296	-0.03416	0.321104	-0.003	0.582	0.186	0	221	323	3
2026-02-12	15:05:24.470	-6.055	25.48	38.185	0.869128	-0.033672	0.285236	0	0.582	0.183	0	221	323	3
2026-02-12	15:05:24.490	-3.535	29.89	47.495	0.881572	-0.031232	0.254736	0	0.585	0.183	0	221	323	3
2026-02-12	15:05:24.510	-4.865	31.535	52.22	0.94428	-0.04514	0.220332	-0.009	0.6105	0.174	0	221	323	3
2026-02-12	15:05:24.530	-5.285	32.025	55.09	1.05286	-0.073932	0.20618	-0.0105	0.6135	0.171	0	221	323	3
2026-02-12	15:05:24.550	-3.78	33.565	56.735	1.119716	-0.094428	0.196176	-0.009	0.621	0.159	0	221	323	3
2026-02-12	15:05:24.570	-3.675	36.855	58.555	1.107272	-0.101504	0.18788	-0.015	0.6345	0.153	0	221	323	3
2026-02-12	15:05:24.590	-0.945	38.325	58.24	1.102636	-0.10126	0.179096	-0.0135	0.6345	0.153	0	221	323	3
2026-02-12	15:05:24.610	-1.365	39.095	56.14	1.1102	-0.096136	0.157624	-0.0045	0.6555	0.1485	0	220	332	3
2026-02-12	15:05:24.630	-6.3	39.025	53.97	1.077016	-0.102236	0.1342	-0.012	0.66	0.1395	0	220	332	3
2026-02-12	15:05:24.650	-10.5	37.555	51.87	1.043832	-0.110288	0.126392	-0.0165	0.666	0.129	0	220	332	3
2026-02-12	15:05:24.670	-11.83	35	49	1.004304	-0.102236	0.126148	-0.012	0.6735	0.1275	0	220	332	3
2026-02-12	15:05:24.690	-15.68	30.94	44.17	0.936472	-0.0976	0.125172	-0.012	0.678	0.1275	0	220	332	3
2026-02-12	15:05:24.710	-21.945	25.62	39.2	0.883036	-0.106872	0.127368	-0.012	0.678	0.1275	0	220	332	3
2026-02-12	15:05:24.730	-25.2	20.755	34.965	0.859612	-0.127124	0.127612	-0.0045	0.7035	0.1155	0	220	332	3
2026-02-12	15:05:24.750	-23.555	15.61	29.855	0.853512	-0.134932	0.133468	-0.0015	0.7095	0.0975	0	220	332	3
2026-02-12	15:05:24.770	-17.92	11.515	24.045	0.819596	-0.140788	0.129564	-0.0015	0.7125	0.1095	0	220	332	3
2026-02-12	15:05:24.790	-10.43	7.525	17.99	0.779824	-0.146644	0.117608	-0.0105	0.714	0.1005	0	220	332	3
2026-02-12	15:05:24.810	-1.365	3.045	11.13	0.7503	-0.156404	0.10614	-0.003	0.7215	0.0975	0	219	316	3
2026-02-12	15:05:24.830	9.73	-2.38	3.185	0.74298	-0.16348	0.104432	0	0.7185	0.099	0	219	316	3
2026-02-12	15:05:24.850	21.805	-8.365	-6.09	0.77104	-0.170068	0.115656	-0.0015	0.72	0.0975	0	219	316	3
2026-02-12	15:05:24.870	33.985	-13.93	-16.765	0.836432	-0.158112	0.136884	-0.0015	0.7245	0.1005	0	219	316	3
2026-02-12	15:05:24.890	43.925	-18.9	-28.49	0.962092	-0.154696	0.166164	0	0.723	0.105	0	219	316	3
2026-02-12	15:05:24.910	53.515	-21.42	-44.03	1.008452	-0.14762	0.177388	0	0.7185	0.105	0	219	316	3
2026-02-12	15:05:24.930	56.035	-24.325	-51.205	1.005524	-0.132004	0.168848	-0.006	0.702	0.105	0	219	316	3
2026-02-12	15:05:24.950	55.545	-28.49	-56.805	1.024556	-0.115656	0.181048	0	0.699	0.114	0	219	316	3
2026-02-12	15:05:24.970	56.525	-31.395	-60.62	1.056764	-0.10492	0.234484	0	0.684	0.114	0	219	316	3
2026-02-12	15:05:24.990	57.12	-33.775	-63.035	1.108736	-0.095404	0.254248	0.0045	0.672	0.1215	0	219	316	3
2026-02-12	15:05:25.010	58.59	-35.245	-63.56	1.135332	-0.096624	0.269376	-0.0075	0.6645	0.1305	0	217	284	3
2026-02-12	15:05:25.030	61.04	-35.945	-61.285	1.164856	-0.111508	0.323788	0.0015	0.6555	0.126	0	217	284	3
2026-02-12	15:05:25.050	78.015	-34.65	-57.05	1.222684	-0.088084	0.415776	0.0045	0.6495	0.129	0	217	284	3
2026-02-12	15:05:25.070	102.48	-30.66	-51.415	1.256844	0.000976	0.491172	0.0045	0.6375	0.138	0	217	284	3
2026-02-12	15:05:25.090	114.17	-26.005	-42.84	1.231224	0.115656	0.492636	0.0045	0.6255	0.144	0	217	284	3
2026-02-12	15:05:25.110	97.335	-22.015	-34.055	1.237324	0.200568	0.474336	0.0105	0.6195	0.1515	0	217	284	3
2026-02-12	15:05:25.130	58.065	-15.505	-32.095	1.190964	0.227896	0.452864	0.0135	0.6195	0.159	0	217	284	3
2026-02-12	15:05:25.150	12.74	-8.015	-31.92	1.043344	0.191296	0.389912	0.0045	0.609	0.171	0	217	284	3
2026-02-12	15:05:25.170	-26.565	-1.26	-29.925	0.906216	0.122488	0.308904	0.009	0.606	0.1725	0	217	284	3
2026-02-12	15:05:25.190	-51.87	4.235	-26.985	0.807396	0.095404	0.26352	0.009	0.5895	0.1605	0	217	284	3
2026-02-12	15:05:25.210	-68.285	9.485	-21.175	0.797148	0.07124799	0.255468	0.0105	0.585	0.159	0	217	270	3
2026-02-12	15:05:25.230	-77.28	15.365	-15.19	0.854488	0.028548	0.24156	0.0135	0.5835	0.1515	0	217	270	3
2026-02-12	15:05:25.250	-79.17	20.895	-8.225	0.91622	-0.030744	0.21716	0.0225	0.5835	0.1515	0	217	270	3
2026-02-12	15:05:25.270	-71.505	23.695	1.19	0.959164	-0.049532	0.212524	0.0195	0.582	0.144	0	217	270	3
2026-02-12	15:05:25.290	-55.3	24.885	10.36	1.001864	-0.020252	0.225944	0.015	0.5835	0.135	0	217	270	3
2026-02-12	15:05:25.310	-42.07	25.725	17.15	1.022116	0.042944	0.225212	0.015	0.582	0.129	0	217	270	3
2026-02-12	15:05:25.330	-38.99	25.13	22.47	1.018944	0.087596	0.221552	0.015	0.579	0.1275	0	217	270	3
2026-02-12	15:05:25.350	-37.1	22.96	24.85	1.02236	0.08418	0.244732	0.015	0.579	0.1275	0	217	270	3
2026-02-12	15:05:25.370	-32.235	22.19	24.255	0.98088	0.099552	0.285724	0.012	0.597	0.1215	0	217	270	3
2026-02-12	15:05:25.390	-29.12	21.805	22.54	0.894992	0.102236	0.28548	0.009	0.591	0.1155	0	217	270	3
2026-02-12	15:05:25.410	-26.39	18.97	19.53	0.846436	0.082716	0.2806	0	0.606	0.1065	0	215	271	3
2026-02-12	15:05:25.430	-20.44	15.575	16.485	0.818376	0.067588	0.256444	0.012	0.606	0.105	0	215	271	3
2026-02-12	15:05:25.450	-10.045	11.515	12.355	0.780068	0.078812	0.25132	0.0165	0.6015	0.1065	0	215	271	3
2026-02-12	15:05:25.470	-0.07	6.3	7.175	0.796172	0.050264	0.25498	0.0105	0.612	0.105	0	215	271	3
2026-02-12	15:05:25.490	10.885	1.47	1.645	0.85888	0.011956	0.263276	0.0075	0.609	0.099	0	215	271	3
2026-02-12	15:05:25.510	22.015	-1.505	-2.625	0.89426	0.001708	0.280844	0.0105	0.6075	0.096	0	215	271	3
2026-02-12	15:05:25.530	33.425	-3.71	-5.95	0.908168	0.00488	0.284992	0.0105	0.612	0.0975	0	215	271	3
2026-02-12	15:05:25.550	50.015	-7.735	-10.36	0.934276	-0.006832	0.302316	0.006	0.615	0.0975	0	215	271	3
2026-02-12	15:05:25.570	61.355	-9.87	-12.39	0.952576	0.001708	0.32696	0.015	0.615	0.099	0	215	271	3
2026-02-12	15:05:25.590	69.3	-11.2	-12.985	0.960384	0.020496	0.365268	0.018	0.603	0.1005	0	215	271	3
2026-02-12	15:05:25.610	72.73	-10.815	-12.705	0.964776	0.05246	0.394304	0.018	0.6015	0.1035	0	212	276	2
2026-02-12	15:05:25.630	68.985	-9.485	-11.2	0.935496	0.074908	0.38796	0.015	0.603	0.1185	0	212	276	2
2026-02-12	15:05:25.650	59.255	-8.645	-8.47	0.91744	0.083204	0.366488	0.018	0.5955	0.1155	0	212	276	2
2026-02-12	15:05:25.670	46.9	-7.875	-5.25	0.88816	0.078568	0.34526	0.006	0.5955	0.12	0	212	276	2
2026-02-12	15:05:25.690	37.345	-7.49	-2.24	0.888892	0.076616	0.357948	0.012	0.5925	0.1215	0	212	276	2
2026-02-12	15:05:25.710	33.46	-5.145	-0.455	0.902068	0.08662	0.39406	0.015	0.594	0.12	0	212	276	2
2026-02-12	15:05:25.730	27.16	-1.82	0.945	0.902556	0.088572	0.38064	0.018	0.5985	0.123	0	212	276	2
2026-02-12	15:05:25.750	15.575	0.945	3.115	0.897432	0.053924	0.35136	0.0195	0.6	0.1245	0	212	276	2
2026-02-12	15:05:25.770	11.725	2.03	5.075	0.893772	0.018056	0.34282	0.021	0.5985	0.1245	0	212	276	2
2026-02-12	15:05:25.790	16.695	2.38	7.28	0.887184	0.014884	0.3721	0.018	0.6015	0.1365	0	212	276	2
2026-02-12	15:05:25.810	22.12	3.15	10.395	0.87108	0.044652	0.395768	0.0165	0.6075	0.129	0	205	289	2
2026-02-12	15:05:25.830	22.995	3.815	13.93	0.864004	0.0488	0.388448	0.015	0.606	0.1335	0	205	289	2
2026-02-12	15:05:25.850	23.8	3.815	17.15	0.829356	0.033916	0.388692	0.0165	0.6105	0.1365	0	205	289	2
2026-02-12	15:05:25.870	27.265	4.2	20.475	0.768356	0.028304	0.390888	0.015	0.612	0.1395	0	205	289	2
2026-02-12	15:05:25.890	31.43	5.425	23.59	0.68686	0.03294	0.391132	0.0075	0.618	0.132	0	205	289	2
2026-02-12	15:05:25.910	34.055	8.155	26.215	0.606584	0.039284	0.401868	0.0075	0.627	0.135	0	205	289	2
2026-02-12	15:05:25.930	34.405	12.46	28.28	0.543876	0.052704	0.39772	0.012	0.6285	0.135	0	205	289	2
2026-02-12	15:05:25.950	29.89	17.15	29.295	0.510936	0.065636	0.375028	0.0165	0.6315	0.1335	0	205	289	2
2026-02-12	15:05:25.970	17.43	22.925	28.035	0.489952	0.061976	0.313052	0.015	0.6345	0.1335	0	205	289	2
2026-02-12	15:05:25.990	3.01	24.325	23.03	0.554856	0.034404	0.244244	0.015	0.6345	0.1335	0	205	289	2
2026-02-12	15:05:26.010	-3.395	21.28	15.19	0.744932	-0.010736	0.21716	0.0165	0.6555	0.1245	0	197	306	2
2026-02-12	15:05:26.030	-6.65	19.04	8.61	0.909876	-0.03782	0.198616	0.0255	0.6585	0.123	0	197	306	2
2026-02-12	15:05:26.050	-16.1	18.795	7.805	0.930372	-0.034892	0.183244	0.018	0.6525	0.12	0	197	306	2
2026-02-12	15:05:26.070	-30.94	13.825	10.64	0.970144	-0.041968	0.160552	0.0225	0.66	0.1125	0	197	306	2
2026-02-12	15:05:26.090	-39.095	2.24	12.39	1.103368	-0.058804	0.222772	0.03	0.6615	0.111	0	197	306	2
2026-02-12	15:05:26.110	-39.865	-5.355	15.855	1.11752	-0.020496	0.363072	0.0315	0.663	0.114	0	197	306	2
2026-02-12	15:05:26.130	-35.28	-9.52	24.36	1.02358	0.000488	0.461892	0.027	0.66	0.108	0	197	306	2
2026-02-12	15:05:26.150	-25.515	-14.525	32.165	0.920612	0.039284	0.505568	0.027	0.669	0.1125	0	197	306	2
2026-02-12	15:05:26.170	-17.045	-19.11	36.68	0.890844	0.027572	0.493124	0.027	0.678	0.1185	0	197	306	2
2026-02-12	15:05:26.190	0.455	-25.9	31.85	0.998204	-0.019764	0.413824	0.027	0.6795	0.1185	0	197	306	2
2026-02-12	15:05:26.210	7.91	-28.98	23.625	1.096048	-0.023668	0.331352	0.036	0.678	0.12	0	191	317	2
2026-02-12	15:05:26.230	11.41	-31.71	13.335	1.2261	-0.039528	0.287432	0.0285	0.687	0.1305	0	191	317	2
2026-02-12	15:05:26.250	17.85	-33.705	2.275	1.371036	-0.010736	0.327448	0.036	0.7035	0.129	0	191	317	2
2026-02-12	15:05:26.270	13.895	-31.325	-1.05	1.444968	0.062464	0.40626	0.0315	0.7125	0.1335	0	191	317	2
2026-02-12	15:05:26.290	0.875	-28.035	2.695	1.514508	0.103456	0.45506	0.036	0.708	0.1485	0	191	317	2
2026-02-12	15:05:26.310	-12.81	-21.91	12.04	1.414224	0.082228	0.410652	0.0345	0.699	0.153	0	191	317	2
2026-02-12	15:05:26.330	-13.195	-14.84	16.135	1.212924	0.010736	0.314272	0.03	0.7065	0.15	0	191	317	2
2026-02-12	15:05:26.350	-7.245	-11.585	16.59	1.099952	-0.042212	0.271084	0.042	0.7095	0.159	0	191	317	2
2026-02-12	15:05:26.370	-5.53	-6.93	17.71	1.015284	-0.086132	0.2745	0.0435	0.711	0.1575	0	191	317	2
2026-02-12	15:05:26.390	-2.17	-2.835	15.715	1.0614	-0.07686	0.265472	0.042	0.7095	0.1605	0	191	317	2
2026-02-12	15:05:26.410	-8.19	3.08	12.88	1.128988	-0.074664	0.21838	0.0405	0.7065	0.165	0	190	325	3
2026-02-12	15:05:26.430	-20.755	8.505	11.235	1.096292	-0.083448	0.177632	0.039	0.7185	0.1605	0	190	325	3
2026-02-12	15:05:26.450	-35.175	11.795	10.71	1.048468	-0.070028	0.140788	0.0315	0.7155	0.165	0	190	325	3
2026-02-12	15:05:26.470	-53.55	13.125	10.325	1.040416	-0.073688	0.12078	0.0405	0.7215	0.1605	0	190	325	3
2026-02-12	15:05:26.490	-72.66	13.125	8.995	1.04798	-0.089792	0.100284	0.045	0.7245	0.1575	0	190	325	3
2026-02-12	15:05:26.510	-89.88	12.46	7.7	1.010892	-0.092964	0.091988	0.0405	0.7155	0.162	0	190	325	3
2026-02-12	15:05:26.530	-103.215	10.29	5.25	0.972828	-0.10858	0.09076799	0.039	0.729	0.1575	0	190	325	3
2026-02-12	15:05:26.550	-110.005	7.315	0.98	0.93208	-0.140788	0.099308	0.042	0.7305	0.156	0	190	325	3
2026-02-12	15:05:26.570	-109.27	3.99	-5.285	0.926712	-0.177388	0.117608	0.0405	0.729	0.156	0	190	325	3
2026-02-12	15:05:26.590	-99.05	2.24	-12.845	0.897188	-0.213012	0.133956	0.039	0.7275	0.1605	0	190	325	3
2026-02-12	15:05:26.610	-77	1.82	-21.875	0.8662	-0.227896	0.11224	0.0405	0.729	0.1635	0	192	312	3
2026-02-12	15:05:26.630	-54.495	1.015	-31.045	0.867908	-0.227408	0.072224	0.0405	0.729	0.1635	0	192	312	3
2026-02-12	15:05:26.650	-38.605	-0.105	-37.625	0.884744	-0.238876	0.040016	0.039	0.708	0.162	0	192	312	3
2026-02-12	15:05:26.670	-24.36	-2.275	-42.84	0.907436	-0.238632	0.027328	0.039	0.7005	0.1545	0	192	312	3
2026-02-12	15:05:26.690	-17.745	-4.585	-46.725	0.927688	-0.217404	0.051972	0.033	0.687	0.1605	0	192	312	3
2026-02-12	15:05:26.710	-19.95	-7.805	-49.805	0.989908	-0.205936	0.086132	0.0405	0.69	0.165	0	192	312	3
2026-02-12	15:05:26.730	-28.77	-10.78	-52.045	1.038464	-0.1952	0.114924	0.042	0.681	0.1605	0	192	312	3
2026-02-12	15:05:26.750	-42.14	-12.53	-52.255	1.015528	-0.186904	0.136396	0.039	0.675	0.168	0	192	312	3
2026-02-12	15:05:26.770	-55.685	-14.735	-51.205	0.948428	-0.20252	0.153964	0.045	0.669	0.1635	0	192	312	3
2026-02-12	15:05:26.790	-63	-16.52	-49.385	0.858392	-0.223748	0.185196	0.042	0.6615	0.1665	0	192	312	3
2026-02-12	15:05:26.810	-61.285	-17.01	-45.99	0.789828	-0.232776	0.238388	0.0405	0.6525	0.165	0	195	276	3
2026-02-12	15:05:26.830	-40.915	-11.83	-39.655	0.716628	-0.236924	0.27572	0.0405	0.6495	0.1605	0	195	276	3
2026-02-12	15:05:26.850	-28.875	-8.645	-33.18	0.675392	-0.225456	0.223748	0.042	0.633	0.165	0	195	276	3
2026-02-12	15:05:26.870	-20.79	-9.765	-27.265	0.727364	-0.226188	0.195444	0.0465	0.6285	0.1695	0	195	276	3
2026-02-12	15:05:26.890	-7.28	-11.06	-23.38	0.772016	-0.246196	0.235704	0.0525	0.6195	0.1725	0	195	276	3
2026-02-12	15:05:26.910	15.365	-11.375	-21.245	0.8052	-0.221796	0.285724	0.054	0.6135	0.171	0	195	276	3
2026-02-12	15:05:26.930	42.315	-10.5	-20.72	0.852292	-0.200324	0.326228	0.0495	0.6165	0.171	0	195	276	3
2026-02-12	15:05:26.950	68.215	-8.12	-20.895	0.906216	-0.18544	0.345504	0.048	0.618	0.1695	0	195	276	3
2026-02-12	15:05:26.970	89.845	-6.195	-21.63	1.01382	-0.158112	0.391864	0.057	0.615	0.177	0	195	276	3
2026-02-12	15:05:26.990	107.415	-0.98	-25.025	1.074576	-0.128832	0.442128	0.057	0.618	0.1755	0	195	276	3
2026-02-12	15:05:27.010	110.985	7.035	-26.915	1.006744	-0.088084	0.43554	0.057	0.618	0.183	0	198	249	3
2026-02-12	15:05:27.030	116.41	35.525	-24.08	0.972096	-0.244976	0.371124	0.057	0.6135	0.1815	0	198	249	3
2026-02-12	15:05:27.050	164.675	46.165	-17.955	1.046028	-0.1891	0.289628	0.0585	0.6105	0.18	0	198	249	3
2026-02-12	15:05:27.070	170.135	43.645	-18.235	1.349808	0.111264	0.18666	0.057	0.615	0.1845	0	198	249	3
2026-02-12	15:05:27.090	137.025	38.605	-22.68	1.65554	0.211304	0.12322	0.0525	0.6105	0.18	0	198	249	3
2026-02-12	15:05:27.110	88.2	36.89	-22.26	1.660176	0.215696	0.143228	0.0585	0.612	0.18	0	198	249	3
2026-02-12	15:05:27.130	48.51	40.46	-16.45	1.402756	0.16592	0.157624	0.06	0.609	0.168	0	198	249	3
2026-02-12	15:05:27.150	31.675	34.125	-9.695	1.361032	0.233508	0.204228	0.0615	0.6045	0.168	0	198	249	3
2026-02-12	15:05:27.170	28.175	21.105	-7.07	1.360544	0.372832	0.340624	0.057	0.6045	0.1665	0	198	249	3
2026-02-12	15:05:27.190	40.005	10.535	0.14	1.461804	0.52948	0.420412	0.0585	0.6	0.1695	0	198	249	3
2026-02-12	15:05:27.210	37.59	27.545	12.145	1.136552	0.497028	0.289384	0.051	0.615	0.1665	0	204	245	3
2026-02-12	15:05:27.230	22.82	36.715	19.565	0.873764	0.374784	0.144692	0.0525	0.6135	0.1605	0	204	245	3
2026-02-12	15:05:27.250	15.12	29.085	7.63	0.759328	0.332084	0.133712	0.0555	0.6135	0.1545	0	204	245	3
2026-02-12	15:05:27.270	14.42	11.62	-11.375	0.841312	0.397964	0.18056	0.0555	0.6135	0.1545	0	204	245	3
2026-02-12	15:05:27.290	-6.93	3.71	-19.845	0.875716	0.393572	0.246928	0.0585	0.624	0.1485	0	204	245	3
2026-02-12	15:05:27.310	-45.115	0.105	-23.24	0.837408	0.32208	0.260836	0.0525	0.6105	0.1515	0	204	245	3
2026-02-12	15:05:27.330	-78.26	-7.35	-26.39	0.845948	0.238388	0.224724	0.0495	0.606	0.147	0	204	245	3
2026-02-12	15:05:27.350	-87.92	-11.515	-28.945	0.819108	0.149328	0.21838	0.057	0.5925	0.1455	0	204	245	3
2026-02-12	15:05:27.370	-80.185	-16.38	-28.175	0.78202	0.146644	0.263276	0.054	0.597	0.141	0	204	245	3
2026-02-12	15:05:27.390	-70.945	-21.665	-23.975	0.77226	0.110776	0.270352	0.0615	0.5925	0.153	0	204	245	3
2026-02-12	15:05:27.410	-65.835	-26.005	-19.11	0.743224	0.1037	0.251076	0.066	0.5925	0.1455	0	216	246	3
2026-02-12	15:05:27.430	-64.33	-33.04	-14.385	0.758108	0.13664	0.234484	0.057	0.585	0.144	0	216	246	3
2026-02-12	15:05:27.450	-61.11	-39.76	-12.285	0.826184	0.110776	0.243756	0.0555	0.5835	0.1485	0	216	246	3
2026-02-12	15:05:27.470	-44.38	-38.71	-14.7	0.865468	0.049288	0.302072	0.054	0.5835	0.153	0	216	246	3
2026-02-12	15:05:27.490	-25.865	-36.54	-14.385	0.8723	-0.013908	0.358924	0.06	0.576	0.162	0	216	246	3
2026-02-12	15:05:27.510	3.71	-34.3	-11.34	0.865224	-0.061976	0.380396	0.0675	0.5715	0.162	0	216	246	3
2026-02-12	15:05:27.530	36.26	-33.39	-5.285	0.898164	-0.015128	0.414068	0.0645	0.573	0.1725	0	216	246	3
2026-02-12	15:05:27.550	57.995	-29.96	2.1	0.94794	0.070028	0.457256	0.0615	0.576	0.1785	0	216	246	3
2026-02-12	15:05:27.570	67.06	-20.335	9.38	0.909144	0.114436	0.41724	0.0645	0.573	0.183	0	216	246	3
2026-02-12	15:05:27.590	70.84	-11.305	12.74	0.889624	0.151036	0.351604	0.0645	0.567	0.1845	0	216	246	3
2026-02-12	15:05:27.610	67.2	-5.81	16.065	0.888404	0.129076	0.299144	0.069	0.576	0.1845	0	227	255	3
2026-02-12	15:05:27.630	67.375	-1.645	16.765	0.909632	0.093696	0.305488	0.0675	0.5835	0.198	0	227	255	3
2026-02-12	15:05:27.650	69.65	1.47	18.48	0.90036	0.12932	0.36356	0.0615	0.5925	0.21	0	227	255	3
2026-02-12	15:05:27.670	44.8	8.33	20.23	0.777872	0.12932	0.338672	0.063	0.591	0.207	0	227	255	3
2026-02-12	15:05:27.690	12.74	12.6	19.915	0.725412	0.118096	0.30622	0.0645	0.591	0.2055	0	227	255	3
2026-02-12	15:05:27.710	-13.615	14.945	20.545	0.753472	0.121756	0.333304	0.06	0.597	0.201	0	227	255	3
2026-02-12	15:05:27.730	-41.195	18.2	24.535	0.746884	0.047336	0.293532	0.069	0.609	0.198	0	227	255	3
2026-02-12	15:05:27.750	-63.7	18.62	32.2	0.707356	-0.00732	0.270596	0.063	0.609	0.2055	0	227	255	3
2026-02-12	15:05:27.770	-74.13	16.8	41.37	0.671	-0.04148	0.2745	0.063	0.6165	0.204	0	227	255	3
2026-02-12	15:05:27.790	-72.8	15.575	49	0.650992	-0.050264	0.286212	0.0555	0.6225	0.192	0	227	255	3
2026-02-12	15:05:27.810	-62.44	15.085	52.5	0.695156	-0.05368	0.26718	0.06	0.6225	0.189	0	235	270	3
2026-02-12	15:05:27.830	-49.595	14.035	54.6	0.704672	-0.059292	0.21472	0.06	0.6315	0.1905	0	235	270	3
2026-02-12	15:05:27.850	-42.945	9.415	58.24	0.743224	-0.087108	0.177144	0.066	0.63	0.1875	0	235	270	3
2026-02-12	15:05:27.870	-31.535	-0.21	58.17	0.898164	-0.113704	0.168116	0.057	0.6525	0.1845	0	235	270	3
2026-02-12	15:05:27.890	2.415	-12.915	50.26	1.168516	-0.162016	0.25132	0.057	0.6525	0.1845	0	235	270	3
2026-02-12	15:05:27.910	45.43	-17.36	44.73	1.269532	-0.188856	0.3172	0.057	0.6525	0.1845	0	235	270	3
2026-02-12	15:05:27.930	84.91	-23.59	41.51	1.368352	-0.144936	0.344284	0.0525	0.6645	0.201	0	235	270	3
2026-02-12	15:05:27.950	124.075	-27.195	32.76	1.531344	-0.09028	0.386008	0.051	0.684	0.2025	0	235	270	3
2026-02-12	15:05:27.970	137.235	-18.515	29.26	1.464	-0.009516	0.366	0.057	0.693	0.2025	0	235	270	3
2026-02-12	15:05:27.990	116.235	-8.085	32.97	1.303448	0.002196	0.233264	0.063	0.69	0.204	0	235	270	3
2026-02-12	15:05:28.010	84.735	-4.06	33.74	1.298324	-0.025864	0.108336	0.06	0.6975	0.204	0	240	278	3
2026-02-12	15:05:28.030	64.925	-2.625	30.065	1.348344	-0.040504	0.102236	0.066	0.7185	0.207	0	240	278	3
2026-02-12	15:05:28.050	50.575	1.75	25.655	1.372012	-0.02196	0.135664	0.0615	0.7185	0.207	0	240	278	3
2026-02-12	15:05:28.070	25.2	11.13	24.955	1.271484	-0.029524	0.104676	0.063	0.726	0.2055	0	240	278	3
2026-02-12	15:05:28.090	-5.11	18.55	27.265	1.158512	-0.050264	0.075396	0.0645	0.7305	0.21	0	240	278	3
2026-02-12	15:05:28.110	-42.665	21.945	33.635	1.066036	-0.094184	0.052704	0.0645	0.7305	0.21	0	240	278	3
2026-02-12	15:05:28.130	-58.17	21.14	37.8	1.080676	-0.097112	0.0793	0.0555	0.7365	0.2115	0	240	278	3
2026-02-12	15:05:28.150	-68.495	20.615	43.155	1.073844	-0.098088	0.108092	0.063	0.7395	0.1965	0	240	278	3
2026-02-12	15:05:28.170	-72.38	19.81	49.35	1.049688	-0.09076799	0.133956	0.0525	0.756	0.2025	0	240	278	3
2026-02-12	15:05:28.190	-71.26	19.11	53.655	0.991128	-0.096868	0.151768	0.069	0.7515	0.198	0	240	278	3
2026-02-12	15:05:28.210	-66.675	18.305	55.93	0.959164	-0.127124	0.16104	0.06	0.7635	0.1995	0	244	267	3
2026-02-12	15:05:28.230	-59.36	17.85	56.42	0.951112	-0.128832	0.139812	0.063	0.768	0.204	0	244	267	3
2026-02-12	15:05:28.250	-52.99	17.115	54.25	0.9333	-0.114924	0.11102	0.069	0.777	0.1965	0	244	267	3
2026-02-12	15:05:28.270	-47.74	14.665	47.95	0.924028	-0.1098	0.084912	0.069	0.7755	0.1995	0	244	267	3
2026-02-12	15:05:28.290	-39.795	10.64	37.905	0.937448	-0.120048	0.06222	0.0645	0.789	0.192	0	244	267	3
2026-02-12	15:05:28.310	-27.545	5.425	20.58	0.964776	-0.130296	0.0671	0.0675	0.789	0.1905	0	244	267	3
2026-02-12	15:05:28.330	-26.215	1.715	2.52	0.925736	-0.134932	0.114436	0.0705	0.7905	0.1905	0	244	267	3
2026-02-12	15:05:28.350	-32.165	-1.54	-11.375	0.874984	-0.148108	0.1464	0.069	0.7965	0.195	0	244	267	3
2026-02-12	15:05:28.370	-34.23	-4.305	-24.395	0.829112	-0.159332	0.17934	0.063	0.783	0.2025	0	244	267	3
2026-02-12	15:05:28.390	-31.71	-6.055	-35.56	0.805444	-0.152988	0.205692	0.0705	0.783	0.198	0	244	267	3
2026-02-12	15:05:28.410	-27.195	-7.105	-44.135	0.820816	-0.150792	0.209596	0.066	0.7875	0.201	0	246	240	3
2026-02-12	15:05:28.430	-20.965	-8.085	-51.17	0.854732	-0.148108	0.200324	0.0675	0.7785	0.2115	0	246	240	3
2026-02-12	15:05:28.450	-14.735	-7.42	-57.12	0.8479	-0.147864	0.192516	0.063	0.762	0.201	0	246	240	3
2026-02-12	15:05:28.470	-8.785	-6.265	-61.6	0.863028	-0.167872	0.193736	0.06	0.7545	0.2055	0	246	240	3
2026-02-12	15:05:28.490	0.21	-3.605	-65.555	0.918416	-0.175436	0.225212	0.0615	0.7455	0.21	0	246	240	3
2026-02-12	15:05:28.510	8.295	2.66	-68.635	0.96014	-0.16226	0.2318	0.063	0.7395	0.207	0	246	240	3
2026-02-12	15:05:28.530	3.395	11.27	-67.48	0.947208	-0.124684	0.18544	0.063	0.7395	0.207	0	246	240	3
2026-02-12	15:05:28.550	-17.29	17.465	-62.335	0.89792	-0.090524	0.117608	0.063	0.7395	0.207	0	246	240	3
2026-02-12	15:05:28.570	-41.125	20.055	-55.895	0.839116	-0.068564	0.087352	0.0585	0.7095	0.207	0	246	240	3
2026-02-12	15:05:28.590	-63.455	20.615	-49.245	0.824964	-0.066612	0.094428	0.054	0.69	0.1965	0	246	240	3
2026-02-12	15:05:28.610	-78.33	20.405	-43.995	0.880108	-0.088084	0.119804	0.0525	0.687	0.1965	0	244	215	3
2026-02-12	15:05:28.630	-87.885	20.37	-40.005	0.931348	-0.107604	0.152256	0.051	0.681	0.1905	0	244	215	3
2026-02-12	15:05:28.650	-94.78	18.97	-38.01	1.008208	-0.12932	0.160796	0.0495	0.663	0.189	0	244	215	3
2026-02-12	15:05:28.670	-97.51	17.465	-39.095	1.050176	-0.154452	0.1647	0.0435	0.666	0.186	0	244	215	3
2026-02-12	15:05:28.690	-94.99	16.695	-42.49	1.043832	-0.193492	0.169092	0.045	0.666	0.18	0	244	215	3
2026-02-12	15:05:28.710	-83.37	15.68	-47.635	1.020652	-0.221796	0.177388	0.045	0.6495	0.18	0	244	215	3
2026-02-12	15:05:28.730	-63.665	13.055	-54.46	1.077992	-0.234484	0.174704	0.048	0.6435	0.171	0	244	215	3
2026-02-12	15:05:28.750	-36.61	11.165	-64.61	1.21146	-0.182756	0.18056	0.048	0.6435	0.171	0	244	215	3
2026-02-12	15:05:28.770	-35.525	15.155	-66.675	1.257088	-0.110532	0.165432	0.057	0.621	0.162	0	244	215	3
2026-02-12	15:05:28.790	-57.19	16.135	-67.095	1.3237	-0.059536	0.06832	0.054	0.615	0.1575	0	244	215	3
2026-02-12	15:05:28.810	-91.315	13.615	-67.305	1.303692	-0.092476	0.041236	0.0555	0.5955	0.1575	0	237	197	3
2026-02-12	15:05:28.830	-109.97	9.38	-66.395	1.18462	-0.150304	0.066368	0.06	0.588	0.15	0	237	197	3
2026-02-12	15:05:28.850	-112.665	1.75	-63.7	1.106784	-0.147132	0.112484	0.0555	0.5835	0.1485	0	237	197	3
2026-02-12	15:05:28.870	-103.04	-10.43	-63.77	1.211948	-0.150304	0.214476	0.0675	0.5775	0.147	0	237	197	3
2026-02-12	15:05:28.890	-81.27	-19.81	-66.85	1.251964	-0.174948	0.333304	0.066	0.561	0.1335	0	237	197	3
2026-02-12	15:05:28.910	-43.96	-29.96	-68.705	1.237568	-0.238632	0.421876	0.0705	0.5505	0.123	0	237	197	3
2026-02-12	15:05:28.930	19.74	-38.64	-69.055	1.198528	-0.303536	0.514108	0.069	0.531	0.1395	0	237	197	3
2026-02-12	15:05:28.950	127.19	-36.82	-61.53	1.082384	-0.263764	0.617564	0.081	0.5325	0.1455	0	237	197	3
2026-02-12	15:05:28.970	222.285	-26.705	-46.69	0.984784	-0.075396	0.591944	0.081	0.5325	0.1455	0	237	197	3
2026-02-12	15:05:28.990	240.905	-15.855	-30.73	0.926956	0.112728	0.532408	0.093	0.5235	0.177	0	237	197	3
2026-02-12	15:05:29.010	204.75	-4.62	-19.25	0.906948	0.285724	0.488732	0.0915	0.5205	0.1905	0	230	199	3
2026-02-12	15:05:29.030	128.905	5.04	-13.86	0.885964	0.418216	0.430172	0.09	0.5235	0.2025	0	230	199	3
2026-02-12	15:05:29.050	46.095	10.78	-12.67	0.843264	0.418216	0.360632	0.0855	0.525	0.2085	0	230	199	3
2026-02-12	15:05:29.070	-19.81	14.28	-13.23	0.831308	0.293776	0.330864	0.093	0.525	0.204	0	230	199	3
2026-02-12	15:05:29.090	-57.47	17.675	-11.375	0.846192	0.176656	0.35746	0.0945	0.522	0.207	0	230	199	3
2026-02-12	15:05:29.110	-71.54	23.24	-5.425	0.851316	0.068808	0.420656	0.093	0.5145	0.2025	0	230	199	3
2026-02-12	15:05:29.130	-63.735	29.925	2.275	0.8845	0.016104	0.477508	0.0915	0.5145	0.1935	0	230	199	3
2026-02-12	15:05:29.150	-42.945	36.96	10.535	0.920368	0.004392	0.48556	0.0915	0.513	0.1875	0	230	199	3
2026-02-12	15:05:29.170	-18.97	44.17	23.135	0.975756	0.000244	0.43066	0.0915	0.513	0.1875	0	230	199	3
2026-02-12	15:05:29.190	4.235	47.775	34.72	1.026752	-0.012932	0.376736	0.0915	0.513	0.1875	0	230	199	3
2026-02-12	15:05:29.210	28.7	47.6	41.475	1.076284	0.023424	0.410408	0.084	0.5145	0.165	0	228	233	3
2026-02-12	15:05:29.230	46.55	49.875	47.985	1.031388	0.084668	0.451888	0.081	0.5235	0.159	0	228	233	3
2026-02-12	15:05:29.250	54.88	52.325	54.285	0.950136	0.12566	0.467016	0.0795	0.534	0.15	0	228	233	3
2026-02-12	15:05:29.270	54.425	52.745	58.695	0.890112	0.149572	0.444324	0.0705	0.5385	0.159	0	228	233	3
2026-02-12	15:05:29.290	47.915	51.625	60.69	0.858636	0.135664	0.394792	0.066	0.561	0.144	0	228	233	3
2026-02-12	15:05:29.310	35.385	49.875	61.145	0.827404	0.110288	0.334768	0.06	0.558	0.144	0	228	233	3
2026-02-12	15:05:29.330	20.895	46.62	60.235	0.803492	0.081252	0.284504	0.066	0.57	0.141	0	228	233	3
2026-02-12	15:05:29.350	7.21	41.755	58.31	0.789096	0.051972	0.24644	0.066	0.5685	0.144	0	228	233	3
2026-02-12	15:05:29.370	-1.365	36.19	56.525	0.793244	0.005368	0.228384	0.051	0.5805	0.129	0	228	233	3
2026-02-12	15:05:29.390	1.015	27.475	56.945	0.795684	-0.039284	0.214476	0.051	0.5805	0.129	0	228	233	3
2026-02-12	15:05:29.410	10.85	21.77	58.94	0.787388	-0.052704	0.217648	0.0555	0.6075	0.123	0	227	275	3
2026-02-12	15:05:29.430	25.69	16.485	60.935	0.773724	-0.056364	0.23058	0.0525	0.6105	0.1215	0	227	275	3
2026-02-12	15:05:29.450	40.215	12.285	63.315	0.74664	-0.032208	0.25498	0.0465	0.618	0.1155	0	227	275	3
2026-02-12	15:05:29.470	47.635	8.575	65.1	0.731756	-0.002196	0.283772	0.0465	0.636	0.123	0	227	275	3
2026-02-12	15:05:29.490	51.24	5.565	66.885	0.721508	-0.005124	0.301584	0.0435	0.6465	0.114	0	227	275	3
2026-02-12	15:05:29.510	53.725	2.52	69.335	0.709308	-0.000244	0.292312	0.0435	0.6525	0.123	0	227	275	3
2026-02-12	15:05:29.530	53.13	-0.63	71.785	0.681004	0.012688	0.271084	0.048	0.6645	0.1215	0	227	275	3
2026-02-12	15:05:29.550	50.61	-4.795	72.625	0.641964	0.011956	0.263276	0.0405	0.6825	0.129	0	227	275	3
2026-02-12	15:05:29.570	50.575	-9.38	69.79	0.630984	0.016836	0.287432	0.039	0.6825	0.117	0	227	275	3
2026-02-12	15:05:29.590	52.57	-11.935	61.705	0.624152	0.010492	0.297192	0.0315	0.696	0.126	0	227	275	3
2026-02-12	15:05:29.610	47.635	-13.16	53.865	0.579256	-0.001952	0.242536	0.0315	0.696	0.126	0	226	295	3
2026-02-12	15:05:29.630	37.765	-18.76	46.9	0.620248	-0.027328	0.1769	0.033	0.72	0.129	0	226	295	3
2026-02-12	15:05:29.650	29.505	-28.7	36.19	0.760304	-0.047824	0.155672	0.039	0.7245	0.1395	0	226	295	3
2026-02-12	15:05:29.670	27.3	-38.01	23.485	0.884012	-0.071736	0.1952	0.033	0.7275	0.135	0	226	295	3
2026-02-12	15:05:29.690	34.44	-46.445	11.935	1.004304	-0.098332	0.2684	0.033	0.732	0.141	0	226	295	3
2026-02-12	15:05:29.710	50.645	-52.43	3.815	1.119472	-0.114192	0.355752	0.045	0.7395	0.141	0	226	295	3
2026-02-12	15:05:29.730	74.06	-56.28	-0.875	1.214388	-0.0793	0.40992	0.033	0.7335	0.156	0	226	295	3
2026-02-12	15:05:29.750	96.705	-60.865	-5.53	1.341512	-0.022448	0.49532	0.039	0.7395	0.159	0	226	295	3
2026-02-12	15:05:29.770	120.05	-59.85	-11.48	1.466928	-0.01464	0.622932	0.033	0.747	0.1725	0	226	295	3
2026-02-12	15:05:29.790	131.95	-51.24	-9.31	1.526708	0.049776	0.624396	0.036	0.7425	0.18	0	226	295	3
2026-02-12	15:05:29.810	106.925	-35.735	-1.61	1.405928	0.133224	0.494588	0.042	0.7455	0.1815	0	226	303	3
2026-02-12	15:05:29.830	53.095	-20.44	2.765	1.312232	0.214476	0.394304	0.042	0.7455	0.1815	0	226	303	3
2026-02-12	15:05:29.850	2.205	-9.8	3.08	1.29198	0.04148	0.266936	0.039	0.741	0.189	0	226	303	3
2026-02-12	15:05:29.870	-17.99	-2.8	1.89	1.275632	0.01098	0.229604	0.0435	0.744	0.189	0	226	303	3
2026-02-12	15:05:29.890	-30.8	4.795	2.205	1.226344	-0.032696	0.216672	0.048	0.75	0.1905	0	226	303	3
2026-02-12	15:05:29.910	-41.58	11.69	2.065	1.178764	-0.00976	0.226188	0.0405	0.741	0.189	0	226	303	3
2026-02-12	15:05:29.930	-65.485	18.55	1.61	1.11386	0.045384	0.226676	0.042	0.741	0.192	0	226	303	3
2026-02-12	15:05:29.950	-100.625	25.41	2.135	1.020408	0.06222	0.201056	0.0435	0.744	0.1845	0	226	303	3
2026-02-12	15:05:29.970	-137.48	27.37	3.99	0.984296	0.020984	0.180804	0.033	0.744	0.1875	0	226	303	3
2026-02-12	15:05:29.990	-167.755	26.985	7.28	0.995276	-0.033916	0.169336	0.039	0.7335	0.183	0	226	303	3
2026-02-12	15:05:30.010	-189.665	26.285	9.975	1.042856	0.072712	0.293776	0.0375	0.738	0.183	0	230	307	3
2026-02-12	15:05:30.030	-300.58	31.64	15.575	0.99552	0.123708	0.212524	0.0345	0.741	0.171	0	230	307	3
2026-02-12	15:05:30.050	-349.93	33.18	19.075	0.908168	-0.1281	0.087108	0.027	0.7335	0.18	0	230	307	3
2026-02-12	15:05:30.070	-348.145	31.01	17.815	0.878888	-0.207888	0.087596	0.0375	0.7215	0.1845	0	230	307	3
2026-02-12	15:05:30.090	-333.62	29.12	13.37	0.898652	-0.261568	0.057096	0.0315	0.7245	0.1845	0	230	307	3
2026-02-12	15:05:30.110	-302.54	30.345	7.7	0.90036	-0.366	0.019764	0.033	0.72	0.1725	0	230	307	3
2026-02-12	15:05:30.130	-253.435	32.06	1.715	0.864736	-0.41602	-0.00854	0.0345	0.717	0.177	0	230	307	3
2026-02-12	15:05:30.150	-196.91	33.32	-4.62	0.799344	-0.435784	-0.049776	0.03	0.7155	0.1755	0	230	307	3
2026-02-12	15:05:30.170	-135.8	31.92	-12.88	0.764696	-0.4575	-0.063684	0.033	0.7125	0.1635	0	230	307	3
2026-02-12	15:05:30.190	-73.15	29.505	-21.28	0.753716	-0.436272	-0.022692	0.03	0.7005	0.1635	0	230	307	3
2026-02-12	15:05:30.210	-23.38	27.3	-28.21	0.748104	-0.376004	0.006344	0.027	0.699	0.156	0	235	286	3
2026-02-12	15:05:30.230	15.085	23.205	-35.91	0.803736	-0.335988	0.048068	0.0315	0.702	0.156	0	235	286	3
2026-02-12	15:05:30.250	44.835	21.63	-43.82	0.920124	-0.320128	0.095892	0.0315	0.702	0.156	0	235	286	3
2026-02-12	15:05:30.270	64.785	23.485	-48.965	0.95404	-0.296216	0.098332	0.0345	0.69	0.144	0	235	286	3
2026-02-12	15:05:30.290	80.43	24.08	-51.135	0.923784	-0.297436	0.073932	0.0195	0.684	0.147	0	235	286	3
2026-02-12	15:05:30.310	87.045	22.085	-49.91	0.865468	-0.231556	0.07124799	0.0345	0.6765	0.1425	0	235	286	3
2026-02-12	15:05:30.330	74.2	17.815	-45.815	0.85278	-0.17568	0.150792	0.0255	0.666	0.141	0	235	286	3
2026-02-12	15:05:30.350	33.705	17.57	-39.305	0.876204	-0.010004	0.268156	0.0255	0.6615	0.1425	0	235	286	3
2026-02-12	15:05:30.370	-45.465	21.105	-30.765	0.86254	0.015372	0.228872	0.0255	0.6495	0.138	0	235	286	3
2026-02-12	15:05:30.390	-117.67	22.995	-22.47	0.803736	-0.05246	0.202764	0.033	0.6405	0.126	0	235	286	3
2026-02-12	15:05:30.410	-184.555	19.915	-12.67	0.820084	-0.05246	0.22936	0.0315	0.6345	0.12	0	241	245	2
2026-02-12	15:05:30.430	-241.43	20.475	-3.36	0.83082	-0.243024	0.204716	0.036	0.636	0.117	0	241	245	2
2026-02-12	15:05:30.450	-228.41	25.795	6.51	0.889624	-0.47092	0.130784	0.03	0.642	0.1065	0	241	245	2
2026-02-12	15:05:30.470	-171.15	29.225	8.89	0.986736	-0.527284	0.168604	0.03	0.642	0.1065	0	241	245	2
2026-02-12	15:05:30.490	-114.87	33.215	8.925	1.058228	-0.517036	0.189344	0.024	0.645	0.0885	0	241	245	2
2026-02-12	15:05:30.510	-73.675	36.33	6.475	1.132404	-0.479948	0.12322	0.0255	0.6585	0.0825	0	241	245	2
2026-02-12	15:05:30.530	-41.825	37.73	-3.85	1.268068	-0.471408	0.080276	0.021	0.654	0.0735	0	241	245	2
2026-02-12	15:05:30.550	-0.245	37.1	-21.665	1.423252	-0.5063	0.129076	0.0225	0.651	0.069	0	241	245	2
2026-02-12	15:05:30.570	55.16	37.975	-37.905	1.41154	-0.477264	0.22326	0.03	0.651	0.069	0	241	245	2
2026-02-12	15:05:30.590	100.485	39.655	-47.635	1.163636	-0.369904	0.210328	0.0255	0.642	0.0555	0	241	245	2
2026-02-12	15:05:30.610	122.815	31.22	-55.58	1.025532	-0.234972	0.210816	0.036	0.6375	0.048	0	246	215	3
2026-02-12	15:05:30.630	121.205	14.035	-63	1.07848	-0.277428	0.243024	0.0285	0.633	0.0555	0	246	215	3
2026-02-12	15:05:30.650	149.52	-4.48	-73.01	1.221464	-0.423828	0.349164	0.0435	0.621	0.057	0	246	215	3
2026-02-12	15:05:30.670	238.805	-23.765	-71.75	1.244888	-0.305	0.567544	0.0495	0.6	0.0615	0	246	215	3
2026-02-12	15:05:30.690	262.115	-27.79	-57.295	1.115324	-0.127368	0.58926	0.0375	0.582	0.0705	0	246	215	3
2026-02-12	15:05:30.710	248.78	-27.44	-41.685	0.983808	-0.032452	0.496052	0.0375	0.57	0.0825	0	246	215	3
2026-02-12	15:05:30.730	229.74	-22.225	-28.385	0.87596	-0.054168	0.443836	0.048	0.5595	0.099	0	246	215	3
2026-02-12	15:05:30.750	215.635	-14.14	-18.13	0.767868	-0.016348	0.424072	0.048	0.555	0.12	0	246	215	3
2026-02-12	15:05:30.770	186.55	-6.545	-8.785	0.679784	0.040504	0.384544	0.048	0.549	0.1275	0	246	215	3
2026-02-12	15:05:30.790	136.71	-1.995	-3.115	0.6832	0.123708	0.380884	0.0465	0.549	0.1395	0	246	215	3
2026-02-12	15:05:30.810	84.105	4.34	-3.115	0.74542	0.100284	0.353068	0.045	0.5475	0.144	0	252	217	3
2026-02-12	15:05:30.830	46.48	8.715	-5.285	0.78812	0.052216	0.271816	0.048	0.5505	0.1455	0	252	217	3
2026-02-12	15:05:30.850	22.12	8.54	-5.845	0.80032	0.019764	0.208132	0.0465	0.5565	0.15	0	252	217	3
2026-02-12	15:05:30.870	13.195	2.8	-5.11	0.86376	-0.004392	0.264252	0.0405	0.552	0.1485	0	252	217	3
2026-02-12	15:05:30.890	20.195	-0.245	-5.145	0.965264	0.074176	0.422608	0.0435	0.5505	0.1455	0	252	217	3
2026-02-12	15:05:30.910	10.745	1.89	-1.575	0.924272	0.118096	0.507764	0.051	0.5535	0.147	0	252	217	3
2026-02-12	15:05:30.930	2.31	4.865	4.865	0.882792	0.08174	0.648308	0.0405	0.552	0.153	0	252	217	3
2026-02-12	15:05:30.950	12.425	11.935	10.78	0.910364	0.100772	0.739076	0.0525	0.5505	0.15	0	252	217	3
2026-02-12	15:05:30.970	16.345	20.055	18.76	0.838628	0.141032	0.654896	0.0465	0.5535	0.1575	0	252	217	3
2026-02-12	15:05:30.990	9.975	24.29	26.18	0.733708	0.140544	0.568276	0.042	0.555	0.147	0	252	217	3
2026-02-12	15:05:31.010	5.425	25.83	30.66	0.656604	0.102724	0.476776	0.036	0.5565	0.1395	0	260	252	3
2026-02-12	15:05:31.030	7.49	25.48	31.99	0.579744	0.088084	0.35624	0.036	0.561	0.138	0	260	252	3
2026-02-12	15:05:31.050	7.42	23.555	31.08	0.499468	0.132492	0.331596	0.042	0.57	0.1395	0	260	252	3
2026-02-12	15:05:31.070	-15.47	23.87	32.76	0.3965	0.07905599	0.2989	0.0345	0.5745	0.135	0	260	252	3
2026-02-12	15:05:31.090	-42.21	21.315	33.95	0.333304	-0.019764	0.216916	0.0345	0.5805	0.132	0	260	252	3
2026-02-12	15:05:31.110	-41.23	16.45	34.16	0.36478	-0.104188	0.177876	0.033	0.585	0.123	0	260	252	3
2026-02-12	15:05:31.130	-31.15	8.855	34.16	0.433832	-0.155184	0.13054	0.033	0.594	0.123	0	260	252	3
2026-02-12	15:05:31.150	-16.8	-2.66	33.6	0.547048	-0.207888	0.148596	0.03	0.5895	0.12	0	260	252	3
2026-02-12	15:05:31.170	10.675	-11.06	33.11	0.73444	-0.210816	0.26718	0.024	0.6075	0.1185	0	260	252	3
2026-02-12	15:05:31.190	34.475	-12.88	34.475	0.920856	-0.132248	0.31476	0.0285	0.5985	0.12	0	260	252	3
2026-02-12	15:05:31.210	32.235	-13.86	38.92	1.00894	-0.05856	0.285968	0.021	0.6135	0.114	0	269	291	3
2026-02-12	15:05:31.230	20.685	-20.055	40.425	1.110444	-0.062952	0.307196	0.0135	0.609	0.1305	0	269	291	3
2026-02-12	15:05:31.250	20.44	-27.37	37.8	1.214632	-0.09467199	0.395036	0.012	0.618	0.1275	0	269	291	3
2026-02-12	15:05:31.270	32.025	-33.145	37.52	1.22366	-0.108336	0.443348	0.009	0.633	0.1365	0	269	291	3
2026-02-12	15:05:31.290	41.86	-40.04	39.69	1.172908	-0.108824	0.457744	0.012	0.6285	0.15	0	269	291	3
2026-02-12	15:05:31.310	68.88	-53.935	37.485	1.320528	-0.136884	0.483608	0.0105	0.645	0.1545	0	269	291	3
2026-02-12	15:05:31.330	95.025	-56.455	35.56	1.4274	-0.152256	0.488488	0.018	0.648	0.1635	0	269	291	3
2026-02-12	15:05:31.350	117.355	-52.15	36.575	1.459608	-0.139568	0.426512	0.0195	0.66	0.1695	0	269	291	3
2026-02-12	15:05:31.370	124.285	-42.91	40.53	1.370792	-0.122244	0.335988	0.012	0.6585	0.1815	0	269	291	3
2026-02-12	15:05:31.390	126.21	-34.16	43.365	1.321748	-0.114192	0.29158	0.012	0.6705	0.1935	0	269	291	3
2026-02-12	15:05:31.410	127.645	-22.75	44.45	1.33956	-0.056608	0.270596	0.006	0.684	0.195	0	279	314	3
2026-02-12	15:05:31.430	116.62	-10.15	44.765	1.336876	0.006832	0.2135	0.009	0.693	0.198	0	279	314	3
2026-02-12	15:05:31.450	86.87	1.645	45.99	1.254404	0.035136	0.146644	0.0165	0.705	0.207	0	279	314	3
2026-02-12	15:05:31.470	52.605	9.38	48.02	1.149728	-0.005612	0.077348	0.0045	0.72	0.2055	0	279	314	3
2026-02-12	15:05:31.490	28.49	11.41	48.09	1.12362	-0.033916	0.075884	0.0045	0.723	0.204	0	279	314	3
2026-02-12	15:05:31.510	4.025	12.32	46.375	1.150948	-0.030012	0.120536	0.009	0.7395	0.207	0	279	314	3
2026-02-12	15:05:31.530	-26.005	16.03	48.545	1.074088	-0.04514	0.140056	0.0165	0.747	0.195	0	279	314	3
2026-02-12	15:05:31.550	-45.535	16.17	51.17	1.025044	-0.06954	0.14274	0.0105	0.744	0.1965	0	279	314	3
2026-02-12	15:05:31.570	-58.52	14.56	52.325	1.00528	-0.091012	0.15982	0.0165	0.7545	0.1905	0	279	314	3
2026-02-12	15:05:31.590	-70.035	12.705	52.605	0.990152	-0.1098	0.183732	0.018	0.762	0.1995	0	279	314	3
2026-02-12	15:05:31.610	-78.75	11.55	51.345	0.975024	-0.122976	0.20496	0.0255	0.765	0.198	0	289	313	3
2026-02-12	15:05:31.630	-85.365	10.57	47.915	0.960872	-0.112972	0.21228	0.012	0.777	0.198	0	289	313	3
2026-02-12	15:05:31.650	-94.605	8.645	41.895	0.986492	-0.122488	0.179584	0.015	0.7845	0.2025	0	289	313	3
2026-02-12	15:05:31.670	-99.365	7.665	33.145	0.95282	-0.153476	0.142252	0.0285	0.789	0.198	0	289	313	3
2026-02-12	15:05:31.690	-102.935	5.88	23.205	0.918904	-0.149328	0.105408	0.018	0.789	0.198	0	289	313	3
2026-02-12	15:05:31.710	-108.185	3.5	12.6	0.908412	-0.199348	0.071492	0.024	0.795	0.2025	0	289	313	3
2026-02-12	15:05:31.730	-101.29	1.435	-2.87	0.855708	-0.25986	0.050752	0.0105	0.7875	0.201	0	289	313	3
2026-02-12	15:05:31.750	-84.245	-0.35	-12.215	0.819108	-0.299144	0.052216	0.024	0.7905	0.204	0	289	313	3
2026-02-12	15:05:31.770	-60.97	-2.45	-21.84	0.809836	-0.311344	0.06832	0.0285	0.777	0.213	0	289	313	3
2026-02-12	15:05:31.790	-35.035	-3.115	-31.255	0.794708	-0.327936	0.10126	0.0195	0.783	0.216	0	289	313	3
2026-02-12	15:05:31.810	-8.435	-2.485	-39.445	0.783728	-0.34038	0.135664	0.033	0.786	0.228	0	294	285	3
2026-02-12	15:05:31.830	13.685	-1.085	-46.375	0.7869	-0.326716	0.168604	0.0165	0.7755	0.216	0	294	285	3
2026-02-12	15:05:31.850	29.295	1.47	-52.535	0.789096	-0.307684	0.20496	0.0135	0.765	0.216	0	294	285	3
2026-02-12	15:05:31.870	33.775	4.76	-56.735	0.785924	-0.271572	0.212524	0.0165	0.7545	0.216	0	294	285	3
2026-02-12	15:05:31.890	23.415	7.56	-58.31	0.770796	-0.244976	0.201788	0.009	0.753	0.2145	0	294	285	3
2026-02-12	15:05:31.910	7.84	9.415	-57.925	0.742736	-0.24156	0.189588	0.003	0.738	0.213	0	294	285	3
2026-02-12	15:05:31.930	-3.675	9.66	-56.63	0.751032	-0.252052	0.169824	0.006	0.7275	0.204	0	294	285	3
2026-02-12	15:05:31.950	-6.79	8.33	-54.425	0.81008	-0.285236	0.181536	0.006	0.7275	0.204	0	294	285	3
2026-02-12	15:05:31.970	0.84	9.45	-51.73	0.82228	-0.303536	0.210572	0	0.705	0.207	0	294	285	3
2026-02-12	15:05:31.990	10.36	11.2	-45.29	0.804712	-0.294264	0.198372	0.012	0.699	0.2085	0	294	285	3
2026-02-12	15:05:32.010	19.705	10.01	-38.22	0.865224	-0.282064	0.193004	0.0075	0.6945	0.198	0	294	252	3
2026-02-12	15:05:32.030	35.42	8.015	-35	0.989908	-0.297436	0.25742	0.0105	0.687	0.207	0	294	252	3
2026-02-12	15:05:32.050	65.87	10.745	-33.46	1.107516	-0.314272	0.373076	-0.0015	0.681	0.198	0	294	252	3
2026-02-12	15:05:32.070	118.265	18.83	-32.97	1.21146	-0.27938	0.453352	-0.0015	0.6795	0.1965	0	294	252	3
2026-02-12	15:05:32.090	150.57	28.14	-30.135	1.1651	-0.10492	0.429196	-0.003	0.6735	0.1935	0	294	252	3
2026-02-12	15:05:32.110	144.725	29.33	-27.16	1.140944	0.02074	0.377956	0.006	0.672	0.1935	0	294	252	3
2026-02-12	15:05:32.130	110.495	23.17	-26.635	1.267824	0.01464	0.303048	-0.0045	0.6675	0.189	0	294	252	3
2026-02-12	15:05:32.150	76.965	12.705	-28.07	1.472052	0.007564	0.326716	-0.0045	0.666	0.177	0	294	252	3
2026-02-12	15:05:32.170	47.915	12.32	-28.455	1.321504	0.059536	0.409676	-0.0015	0.6675	0.177	0	294	252	3
2026-02-12	15:05:32.190	26.53	15.4	-28.665	1.1041	0.087108	0.412604	0	0.6705	0.177	0	294	252	3
2026-02-12	15:05:32.210	3.045	10.08	-28.945	1.075064	0.077348	0.32208	-0.0045	0.651	0.168	0	291	242	3
2026-02-12	15:05:32.230	-17.745	-0.63	-31.64	1.231956	0.008052	0.29158	-0.009	0.6555	0.1665	0	291	242	3
2026-02-12	15:05:32.250	-22.085	-7.875	-35.98	1.338584	-0.051484	0.382348	-0.0135	0.66	0.1785	0	291	242	3
2026-02-12	15:05:32.270	-11.55	-7.21	-36.19	1.243912	-0.057584	0.444812	0	0.6405	0.174	0	291	242	3
2026-02-12	15:05:32.290	-1.365	-3.99	-32.06	1.037976	-0.023912	0.434564	-0.0015	0.636	0.168	0	291	242	3
2026-02-12	15:05:32.310	5.25	-1.82	-27.195	0.863028	0	0.398696	0	0.6345	0.1785	0	291	242	3
2026-02-12	15:05:32.330	12.04	-3.885	-24.15	0.817644	0.021716	0.383324	-0.0015	0.6285	0.1695	0	291	242	3
2026-02-12	15:05:32.350	18.515	-5.775	-25.06	0.872788	0.044164	0.386252	0	0.6165	0.174	0	291	242	3
2026-02-12	15:05:32.370	14.21	-2.73	-27.09	0.849608	0.074176	0.351116	0.0015	0.6195	0.177	0	291	242	3
2026-02-12	15:05:32.390	-1.645	-1.225	-25.62	0.801784	0.076616	0.318908	0.0015	0.6195	0.177	0	291	242	3
2026-02-12	15:05:32.410	-16.975	-1.155	-24.185	0.789584	0.049532	0.314516	0.0075	0.615	0.1725	0	287	260	3
2026-02-12	15:05:32.430	-24.15	-1.715	-22.715	0.78812	0.039528	0.325496	0.0015	0.6	0.171	0	287	260	3
2026-02-12	15:05:32.450	-27.79	-2.31	-18.935	0.782996	0.026108	0.331352	0.006	0.597	0.1665	0	287	260	3
2026-02-12	15:05:32.470	-26.775	-3.57	-12.32	0.775676	-0.000732	0.341112	0.0105	0.597	0.177	0	287	260	3
2026-02-12	15:05:32.490	-19.775	-7.315	-5.145	0.760792	-0.002928	0.375272	0.012	0.597	0.1725	0	287	260	3
2026-02-12	15:05:32.510	-6.965	-9.905	0.35	0.746884	0.011224	0.42456	0.0045	0.597	0.171	0	287	260	3
2026-02-12	15:05:32.530	5.635	-11.41	5.95	0.700036	0.021228	0.42212	0.003	0.591	0.1695	0	287	260	3
2026-02-12	15:05:32.550	16.275	-14.14	13.3	0.63806	-0.008296	0.399428	0.0045	0.597	0.1815	0	287	260	3
2026-02-12	15:05:32.570	29.96	-19.04	19.74	0.633424	-0.048312	0.395768	0	0.5985	0.1815	0	287	260	3
2026-02-12	15:05:32.590	70.385	-23.835	25.025	0.708332	0.005612	0.450424	0	0.5985	0.1815	0	287	260	3
2026-02-12	15:05:32.610	87.535	-19.845	28.665	0.753228	0.07198	0.453352	0	0.5985	0.1815	0	282	288	3
2026-02-12	15:05:32.630	82.25	-12.39	33.53	0.710528	0.098332	0.376736	0.0015	0.615	0.1965	0	282	288	3
2026-02-12	15:05:32.650	66.535	-8.05	38.22	0.687348	0.060024	0.297192	0.0075	0.621	0.198	0	282	288	3
2026-02-12	15:05:32.670	58.38	-7.14	40.88	0.699304	0.032452	0.29524	0	0.627	0.2085	0	282	288	3
2026-02-12	15:05:32.690	58.8	-5.74	42	0.74786	0.032696	0.345748	-0.0015	0.639	0.2115	0	282	288	3
2026-02-12	15:05:32.710	57.855	0	43.54	0.773968	0.044896	0.349408	0.009	0.6585	0.2175	0	282	288	3
2026-02-12	15:05:32.730	48.65	7.35	47.81	0.758108	0.020984	0.269864	0.0015	0.663	0.2055	0	282	288	3
2026-02-12	15:05:32.750	38.43	10.22	50.855	0.779092	-0.009028	0.211548	-0.0045	0.6705	0.2055	0	282	288	3
2026-02-12	15:05:32.770	30.17	10.5	52.08	0.786412	-0.031232	0.181536	-0.0105	0.6765	0.2115	0	282	288	3
2026-02-12	15:05:32.790	22.295	6.055	52.395	0.870592	-0.033184	0.162504	-0.009	0.6885	0.213	0	282	288	3
2026-02-12	15:05:32.810	13.755	-1.225	48.055	1.00772	-0.033184	0.176412	-0.0105	0.6945	0.213	0	276	309	3
2026-02-12	15:05:32.830	10.325	-4.48	42.7	1.04432	-0.069296	0.217648	-0.012	0.7005	0.2145	0	276	309	3
2026-02-12	15:05:32.850	10.29	-7.455	41.545	1.057496	-0.111508	0.214964	-0.0105	0.714	0.207	0	276	309	3
2026-02-12	15:05:32.870	10.395	-13.93	44.415	1.054324	-0.14274	0.152012	-0.015	0.7275	0.2115	0	276	309	3
2026-02-12	15:05:32.890	13.545	-26.565	47.53	1.137528	-0.148108	0.144448	-0.003	0.7425	0.21	0	276	309	3
2026-02-12	15:05:32.910	37.66	-38.395	44.905	1.37616	-0.181536	0.313052	-0.0045	0.753	0.213	0	276	309	3
2026-02-12	15:05:32.930	84.455	-33.53	41.545	1.629188	-0.107848	0.437736	0	0.759	0.222	0	276	309	3
2026-02-12	15:05:32.950	98.245	-18.655	45.745	1.608936	0.041724	0.321104	0	0.7635	0.2265	0	276	309	3
2026-02-12	15:05:32.970	73.99	-4.095	47.95	1.489132	0.10248	0.192516	0	0.786	0.231	0	276	309	3
2026-02-12	15:05:32.990	37.695	6.825	46.865	1.377624	0.006832	0.044164	0.0075	0.7845	0.219	0	276	309	3
2026-02-12	15:05:33.010	-7.805	10.255	46.27	1.433256	-0.061244	-0.072468	0.0045	0.801	0.222	0	271	306	3
2026-02-12	15:05:33.030	-28.91	15.47	43.295	1.427644	-0.083936	-0.050996	0.006	0.804	0.2205	0	271	306	3
2026-02-12	15:05:33.050	-46.48	22.015	42.245	1.335168	-0.052216	-0.015128	0.0075	0.8085	0.219	0	271	306	3
2026-02-12	15:05:33.070	-65.94	24.99	40.6	1.24928	-0.040992	-0.006832	0.006	0.8175	0.216	0	271	306	3
2026-02-12	15:05:33.090	-84.945	25.76	37.695	1.176812	-0.081252	0.015372	0.021	0.8175	0.219	0	271	306	3
2026-02-12	15:05:33.110	-97.65	25.83	36.05	1.065548	-0.124196	0.031476	0.012	0.8325	0.2145	0	271	306	3
2026-02-12	15:05:33.130	-100.87	25.445	35.945	0.935252	-0.153476	0.05856	0.0165	0.84	0.219	0	271	306	3
2026-02-12	15:05:33.150	-97.615	24.045	35.175	0.828868	-0.158112	0.063196	0.018	0.837	0.2175	0	271	306	3
2026-02-12	15:05:33.170	-90.58	20.93	31.955	0.78324	-0.16348	0.064416	0.015	0.8355	0.2235	0	271	306	3
2026-02-12	15:05:33.190	-81.585	17.99	26.145	0.760548	-0.159576	0.06466	0.0165	0.8385	0.225	0	271	306	3
2026-02-12	15:05:33.210	-72.31	15.75	18.41	0.75274	-0.152988	0.04636	0.021	0.8385	0.219	0	270	271	3
2026-02-12	15:05:33.230	-62.86	12.39	1.925	0.831308	-0.154452	0.02318	0.021	0.8385	0.219	0	270	271	3
2026-02-12	15:05:33.250	-61.04	10.465	-12.25	0.930128	-0.188612	-0.004392	0.015	0.8415	0.222	0	270	271	3
2026-02-12	15:05:33.270	-61.53	10.15	-26.53	0.96502	-0.21838	-0.008052	0.0105	0.846	0.2265	0	270	271	3
2026-02-12	15:05:33.290	-63.98	11.585	-37.66	0.922076	-0.242292	-0.004636	0.0165	0.8415	0.2235	0	270	271	3
2026-02-12	15:05:33.310	-65.31	11.69	-46.27	0.913536	-0.24278	0.002928	0.0105	0.8295	0.2295	0	270	271	3
2026-02-12	15:05:33.330	-69.93	12.25	-51.765	0.894504	-0.234484	0.031476	0.0045	0.8265	0.2265	0	270	271	3
2026-02-12	15:05:33.350	-79.45	12.565	-54.075	0.8662	-0.22692	0.052948	0	0.8115	0.2265	0	270	271	3
2026-02-12	15:05:33.370	-87.955	12.705	-54.355	0.819596	-0.22936	0.07198	0	0.801	0.231	0	270	271	3
2026-02-12	15:05:33.390	-92.19	12.67	-53.2	0.791292	-0.248636	0.10004	0.0045	0.7845	0.2295	0	270	271	3
2026-02-12	15:05:33.410	-91.49	12.845	-51.625	0.780068	-0.269864	0.12078	-0.003	0.7605	0.237	0	271	219	3
2026-02-12	15:05:33.430	-86.275	13.265	-49.595	0.816424	-0.284016	0.123464	-0.009	0.762	0.2295	0	271	219	3
2026-02-12	15:05:33.450	-82.46	13.79	-47.145	0.86132	-0.292068	0.10492	-0.009	0.7485	0.2295	0	271	219	3
2026-02-12	15:05:33.470	-80.5	14.245	-44.765	0.847168	-0.305244	0.097112	-0.0105	0.7365	0.2295	0	271	219	3
2026-02-12	15:05:33.490	-74.55	14	-42.56	0.8113	-0.315004	0.107604	-0.0135	0.7335	0.225	0	271	219	3
2026-02-12	15:05:33.510	-64.925	13.44	-40.46	0.7991	-0.310856	0.122732	-0.0075	0.72	0.2295	0	271	219	3
2026-02-12	15:05:33.530	-54.705	12.075	-39.515	0.839116	-0.308172	0.146156	-0.024	0.7065	0.2235	0	271	219	3
2026-02-12	15:05:33.550	-45.64	10.745	-40.565	0.925492	-0.316468	0.166164	-0.0195	0.693	0.2205	0	271	219	3
2026-02-12	15:05:33.570	-36.015	10.605	-42.98	1.032852	-0.320616	0.192028	-0.015	0.696	0.225	0	271	219	3
2026-02-12	15:05:33.590	-27.16	12.005	-45.57	1.117764	-0.312564	0.20008	-0.0135	0.6825	0.2205	0	271	219	3
2026-02-12	15:05:33.610	-21.875	15.26	-48.3	1.149728	-0.302316	0.205936	-0.021	0.672	0.213	0	271	178	3
2026-02-12	15:05:33.630	-16.87	18.025	-50.89	1.170468	-0.303536	0.203496	-0.0195	0.672	0.2205	0	271	178	3
2026-02-12	15:05:33.650	-1.82	23.415	-52.815	1.176568	-0.301096	0.221308	-0.009	0.6525	0.2055	0	271	178	3
2026-02-12	15:05:33.670	15.435	27.545	-51.52	1.099708	-0.25986	0.23546	-0.0135	0.6405	0.201	0	271	178	3
2026-02-12	15:05:33.690	20.16	28.42	-46.9	1.06628	-0.168604	0.20618	-0.0195	0.63	0.1965	0	271	178	3
2026-02-12	15:05:33.710	10.92	23.065	-43.96	1.245132	-0.146156	0.227408	-0.0165	0.6315	0.1905	0	271	178	3
2026-02-12	15:05:33.730	12.705	24.185	-43.96	1.365912	-0.164456	0.339892	-0.0165	0.636	0.189	0	271	178	3
2026-02-12	15:05:33.750	18.13	25.935	-40.88	1.391044	-0.09516	0.36356	-0.0195	0.618	0.186	0	271	178	3
2026-02-12	15:05:33.770	6.615	27.37	-35.595	1.265628	-0.057828	0.356484	-0.012	0.606	0.177	0	271	178	3
2026-02-12	15:05:33.790	-4.865	27.615	-29.68	1.152656	-0.050264	0.320372	-0.024	0.5985	0.174	0	271	178	3
2026-02-12	15:05:33.810	-4.2	17.465	-28.105	1.321992	-0.0549	0.306464	-0.0225	0.5925	0.165	0	269	169	3
2026-02-12	15:05:33.830	8.12	8.855	-31.64	1.463268	-0.096136	0.407724	-0.0135	0.5955	0.162	0	269	169	3
2026-02-12	15:05:33.850	35.315	8.575	-28.49	1.369328	-0.091012	0.488488	-0.018	0.5865	0.1635	0	269	169	3
2026-02-12	15:05:33.870	72.555	9.31	-16.52	1.130208	0.11346	0.504104	-0.018	0.5865	0.1635	0	269	169	3
2026-02-12	15:05:33.890	74.305	12.39	-13.895	0.987468	0.227652	0.501176	-0.018	0.5865	0.1635	0	269	169	3
2026-02-12	15:05:33.910	49.875	15.4	-12.635	0.852292	0.262788	0.411872	-0.0045	0.576	0.1635	0	269	169	3
2026-02-12	15:05:33.930	7.14	15.54	-11.76	0.751276	0.260836	0.291092	-0.0105	0.582	0.156	0	269	169	3
2026-02-12	15:05:33.950	-29.75	11.27	-14.91	0.712236	0.190076	0.244	-0.0165	0.5775	0.165	0	269	169	3
2026-02-12	15:05:33.970	-51.275	7.455	-20.965	0.678808	0.126148	0.252296	-0.0045	0.5655	0.156	0	269	169	3
2026-02-12	15:05:33.990	-60.935	5.04	-27.16	0.67344	0.051972	0.26352	-0.009	0.5655	0.1485	0	269	169	3
2026-02-12	15:05:34.010	-58.135	2.905	-33.25	0.697352	-0.021716	0.255956	-0.009	0.5655	0.1485	0	269	195	3
2026-02-12	15:05:34.030	-46.69	1.435	-34.79	0.72224	-0.066612	0.256688	-0.0045	0.5625	0.144	0	269	195	3
2026-02-12	15:05:34.050	-20.825	-1.925	-34.16	0.766648	-0.079544	0.260592	0	0.5595	0.1365	0	269	195	3
2026-02-12	15:05:34.070	11.305	-6.51	-30.695	0.792756	0.003904	0.313784	0.006	0.552	0.1395	0	269	195	3
2026-02-12	15:05:34.090	27.755	-11.55	-25.165	0.772992	0.072224	0.338672	0.006	0.5475	0.1395	0	269	195	3
2026-02-12	15:05:34.110	33.355	-17.85	-18.655	0.765428	0.060756	0.39528	0.0075	0.543	0.141	0	269	195	3
2026-02-12	15:05:34.130	46.165	-22.505	-12.145	0.766404	0.074664	0.474336	0.006	0.543	0.1485	0	269	195	3
2026-02-12	15:05:34.150	58.94	-25.585	-6.58	0.745664	0.120048	0.470188	0.006	0.5445	0.15	0	269	195	3
2026-02-12	15:05:34.170	60.97	-29.715	-1.995	0.750056	0.11468	0.421876	0.0105	0.537	0.1605	0	269	195	3
2026-02-12	15:05:34.190	64.715	-32.865	0.7	0.76494	0.047092	0.389912	0.0165	0.5355	0.165	0	269	195	3
2026-02-12	15:05:34.210	78.61	-34.265	3.29	0.783972	0.013664	0.3904	0.003	0.54	0.1755	0	271	233	3
2026-02-12	15:05:34.230	96.88	-32.795	6.16	0.804468	0.036356	0.394792	0.006	0.531	0.1935	0	271	233	3
2026-02-12	15:05:34.250	106.4	-29.26	9.38	0.812276	0.071736	0.406748	0.009	0.543	0.207	0	271	233	3
2026-02-12	15:05:34.270	107.415	-24.535	10.325	0.805444	0.08784	0.440176	0.009	0.5385	0.2145	0	271	233	3
2026-02-12	15:05:34.290	97.65	-15.855	13.23	0.798612	0.069296	0.41968	0.015	0.5505	0.2175	0	271	233	3
2026-02-12	15:05:34.310	89.285	-10.22	15.925	0.809836	0.060268	0.409676	0.015	0.5505	0.2175	0	271	233	3
2026-02-12	15:05:34.330	85.505	-2.345	18.235	0.827892	0.064416	0.447984	0.0075	0.5625	0.231	0	271	233	3
2026-02-12	15:05:34.350	82.18	8.575	22.05	0.867176	0.076372	0.428708	0.006	0.564	0.2385	0	271	233	3
2026-02-12	15:05:34.370	65.87	20.16	30.45	0.857172	0.082716	0.309392	0.0015	0.5745	0.243	0	271	233	3
2026-02-12	15:05:34.390	43.82	26.67	40.25	0.838628	0.042944	0.198616	-0.0075	0.591	0.243	0	271	233	3
2026-02-12	15:05:34.410	30.17	27.545	48.755	0.842776	0.017568	0.174216	-0.006	0.5865	0.246	0	271	272	3
2026-02-12	15:05:34.430	24.185	27.09	57.61	0.810324	0.011224	0.193004	-0.012	0.6	0.24	0	271	272	3
2026-02-12	15:05:34.450	17.185	25.97	66.71	0.767624	0.02928	0.176168	0	0.618	0.2415	0	271	272	3
2026-02-12	15:05:34.470	7.245	21.21	73.57	0.743712	0.034648	0.152256	-0.0105	0.6195	0.237	0	271	272	3
2026-02-12	15:05:34.490	-0.07	13.3	75.915	0.760548	-0.013664	0.175436	-0.012	0.654	0.2325	0	271	272	3
2026-02-12	15:05:34.510	17.115	2.135	70.84	0.947452	-0.1281	0.254004	-0.012	0.654	0.2325	0	271	272	3
2026-02-12	15:05:34.530	40.46	-0.49	65.31	1.084336	-0.175436	0.26718	-0.0165	0.6675	0.234	0	271	272	3
2026-02-12	15:05:34.550	58.415	1.33	63	1.06384	-0.173972	0.238876	-0.012	0.693	0.24	0	271	272	3
2026-02-12	15:05:34.570	76.545	0.84	60.935	1.078968	-0.163236	0.1952	-0.015	0.708	0.2445	0	271	272	3
2026-02-12	15:05:34.590	95.97	-0.07	59.465	1.179496	-0.12566	0.193736	-0.015	0.7215	0.24	0	271	272	3
2026-02-12	15:05:34.610	106.435	3.465	58.485	1.274412	-0.085888	0.16714	-0.006	0.7275	0.2295	0	267	288	3
2026-02-12	15:05:34.630	102.515	10.535	60.83	1.307596	-0.039528	0.139812	-0.0165	0.7485	0.234	0	267	288	3
2026-02-12	15:05:34.650	94.395	15.4	61.075	1.423984	-0.025864	0.13664	-0.0165	0.7515	0.228	0	267	288	3
2026-02-12	15:05:34.670	84.455	19.6	56.56	1.670912	-0.023668	0.123708	-0.0045	0.777	0.225	0	267	288	3
2026-02-12	15:05:34.690	63.14	25.34	49.07	1.885144	-0.000976	0.103944	0	0.789	0.2145	0	267	288	3
2026-02-12	15:05:34.710	12.005	41.72	46.725	1.686528	-0.059048	0.048556	0	0.7995	0.2085	0	267	288	3
2026-02-12	15:05:34.730	-27.825	51.8	46.865	1.47498	-0.0671	0.009516	0	0.8115	0.201	0	267	288	3
2026-02-12	15:05:34.750	-55.3	55.23	48.545	1.321016	-0.055876	-0.002196	0	0.825	0.195	0	267	288	3
2026-02-12	15:05:34.770	-82.775	54.95	53.865	1.194868	-0.0671	0.002196	0	0.8265	0.1875	0	267	288	3
2026-02-12	15:05:34.790	-103.215	51.94	61.32	1.0675	-0.070516	0.00732	0.006	0.8295	0.183	0	267	288	3
2026-02-12	15:05:34.810	-113.47	46.795	67.935	0.927688	-0.081008	0.035868	0.015	0.84	0.183	0	267	270	3
2026-02-12	15:05:34.830	-115.115	39.69	71.05	0.819596	-0.092232	0.0671	0.0135	0.843	0.1785	0	267	270	3
2026-02-12	15:05:34.850	-113.68	32.235	71.05	0.7747	-0.111264	0.098332	0.009	0.861	0.1785	0	267	270	3
2026-02-12	15:05:34.870	-106.855	24.955	66.08	0.800808	-0.128832	0.110532	0.024	0.873	0.183	0	267	270	3
2026-02-12	15:05:34.890	-96.635	19.25	55.72	0.823988	-0.146644	0.113704	0.021	0.876	0.195	0	267	270	3
2026-02-12	15:05:34.910	-82.81	15.61	42.105	0.784704	-0.170556	0.107604	0.021	0.8895	0.192	0	267	270	3
2026-02-12	15:05:34.930	-53.445	8.575	14.91	0.800564	-0.202276	0.097844	0.0375	0.8985	0.195	0	267	270	3
2026-02-12	15:05:34.950	-31.92	5.53	-5.775	0.827892	-0.216428	0.117364	0.024	0.897	0.195	0	267	270	3
2026-02-12	15:05:34.970	-14.455	3.815	-25.165	0.859856	-0.225212	0.139324	0.036	0.897	0.1875	0	267	270	3
2026-02-12	15:05:34.990	-6.58	3.71	-41.965	0.872544	-0.2135	0.152744	0.0315	0.8955	0.1995	0	267	270	3
2026-02-12	15:05:35.010	-9.555	3.36	-56.385	0.89914	-0.196664	0.163236	0.027	0.891	0.1965	0	268	232	3
2026-02-12	15:05:35.030	-21.21	2.555	-69.02	0.921832	-0.185684	0.173484	0.027	0.873	0.1965	0	268	232	3
2026-02-12	15:05:35.050	-38.395	1.645	-78.68	0.919636	-0.183976	0.184464	0.0165	0.867	0.198	0	268	232	3
2026-02-12	15:05:35.070	-55.3	0.805	-85.435	0.937448	-0.19642	0.188856	0.018	0.8535	0.2025	0	268	232	3
2026-02-12	15:05:35.090	-69.02	0.56	-90.09	0.950136	-0.215452	0.20252	0.0075	0.8415	0.195	0	268	232	3
2026-02-12	15:05:35.110	-81.515	1.295	-91.875	0.961604	-0.243268	0.205448	0.0015	0.813	0.1995	0	268	232	3
2026-02-12	15:05:35.130	-90.37	3.92	-91.385	0.94428	-0.285236	0.2074	-0.0075	0.801	0.1995	0	268	232	3
2026-02-12	15:05:35.150	-84.7	10.08	-87.85	0.889136	-0.328668	0.19398	-0.0075	0.801	0.1995	0	268	232	3
2026-02-12	15:05:35.170	-76.37	12.075	-83.475	0.868884	-0.325984	0.193736	-0.0015	0.771	0.2085	0	268	232	3
2026-02-12	15:05:35.190	-72.275	12.495	-77.525	0.865224	-0.316956	0.197884	-0.006	0.7455	0.21	0	268	232	3
2026-02-12	15:05:35.210	-70.665	13.055	-71.05	0.83692	-0.306952	0.208864	-0.015	0.7305	0.2085	0	269	203	3
2026-02-12	15:05:35.230	-69.195	13.895	-64.26	0.801052	-0.304024	0.217892	-0.0165	0.726	0.21	0	269	203	3
2026-02-12	15:05:35.250	-66.955	15.085	-57.225	0.7686	-0.305	0.219844	-0.012	0.705	0.2025	0	269	203	3
2026-02-12	15:05:35.270	-63.665	16.275	-50.085	0.754692	-0.298656	0.213988	-0.024	0.702	0.198	0	269	203	3
2026-02-12	15:05:35.290	-61.985	15.785	-44.625	0.8174	-0.291092	0.213012	-0.024	0.6975	0.1965	0	269	203	3
2026-02-12	15:05:35.310	-73.43	14.105	-40.285	0.86254	-0.284748	0.1708	-0.015	0.681	0.192	0	269	203	3
2026-02-12	15:05:35.330	-123.165	8.19	-31.15	0.867908	-0.31964	0.122976	-0.015	0.675	0.1875	0	269	203	3
2026-02-12	15:05:35.350	-155.505	-1.12	-18.515	0.999668	-0.541436	0.19032	-0.021	0.6675	0.1875	0	269	203	3
2026-02-12	15:05:35.370	-112.42	2.065	-11.795	1.213412	-0.628788	0.381616	-0.021	0.6675	0.1875	0	269	203	3
2026-02-12	15:05:35.390	-67.06	19.11	-6.79	1.341268	-0.4819	0.461892	-0.015	0.6555	0.186	0	269	203	3
2026-02-12	15:05:35.410	-66.605	41.02	1.575	1.345416	-0.282308	0.282796	-0.018	0.651	0.1785	0	267	193	3
2026-02-12	15:05:35.430	-111.65	50.645	5.915	1.33834	-0.192516	0.04392	-0.0195	0.6435	0.1815	0	267	193	3
2026-02-12	15:05:35.450	-154.14	49.035	3.78	1.397144	-0.32696	-0.04514	-0.0285	0.6435	0.159	0	267	193	3
2026-02-12	15:05:35.470	-161.035	46.445	0.525	1.41032	-0.508984	0.0915	-0.018	0.648	0.1545	0	267	193	3
2026-02-12	15:05:35.490	-137.515	50.61	2.555	1.219756	-0.472384	0.269864	-0.018	0.651	0.1425	0	267	193	3
2026-02-12	15:05:35.510	-132.3	52.185	11.27	1.002352	-0.336232	0.27084	-0.0165	0.6465	0.1365	0	267	193	3
2026-02-12	15:05:35.530	-137.55	43.68	14.665	1.0065	-0.367464	0.240828	-0.0255	0.663	0.1185	0	267	193	3
2026-02-12	15:05:35.550	-113.505	32.585	9.765	1.130452	-0.515816	0.308172	-0.009	0.651	0.111	0	267	193	3
2026-02-12	15:05:35.570	-15.435	22.365	1.995	1.083116	-0.631716	0.437736	-0.0165	0.663	0.102	0	267	193	3
2026-02-12	15:05:35.590	67.48	14.525	1.085	0.949892	-0.55144	0.44652	-0.018	0.6615	0.102	0	267	193	3
2026-02-12	15:05:35.610	149.03	5.46	0.315	0.8723	-0.427732	0.444324	-0.0135	0.6495	0.093	0	267	199	3
2026-02-12	15:05:35.630	225.47	-2.975	-1.365	0.888648	-0.366976	0.456036	-0.0135	0.657	0.0915	0	267	199	3
2026-02-12	15:05:35.650	329	-0.77	-3.185	0.932812	-0.390156	0.47092	-0.0075	0.6555	0.099	0	267	199	3
2026-02-12	15:05:35.670	445.305	9.205	-4.375	0.874252	-0.155916	0.437004	-0.0135	0.648	0.093	0	267	199	3
2026-02-12	15:05:35.690	467.32	9.555	-5.18	0.741028	0.476776	0.457988	-0.0105	0.642	0.108	0	267	199	3
2026-02-12	15:05:35.710	347.83	5.845	-7.805	0.68442	0.682712	0.4392	-0.003	0.636	0.111	0	267	199	3
2026-02-12	15:05:35.730	202.02	1.995	-8.82	0.642208	0.447984	0.355264	-0.012	0.63	0.1155	0	267	199	3
2026-02-12	15:05:35.750	108.115	-8.12	-13.51	0.641964	0.286944	0.30866	-0.012	0.6345	0.114	0	267	199	3
2026-02-12	15:05:35.770	59.08	-18.9	-18.305	0.678076	0.155672	0.292556	-0.0135	0.633	0.12	0	267	199	3
2026-02-12	15:05:35.790	32.27	-31.955	-20.685	0.747372	0.08174	0.366732	-0.006	0.618	0.123	0	267	199	3
2026-02-12	15:05:35.810	32.06	-34.965	-21.21	0.786412	0.056852	0.444324	-0.006	0.627	0.129	0	269	228	3
2026-02-12	15:05:35.830	42.875	-34.405	-20.335	0.806664	0.012444	0.447008	-0.006	0.6165	0.1335	0	269	228	3
2026-02-12	15:05:35.850	53.165	-35.98	-16.03	0.820084	-0.000976	0.384056	-0.003	0.618	0.147	0	269	228	3
2026-02-12	15:05:35.870	60.165	-38.78	-10.15	0.811544	-0.002684	0.316712	-0.0105	0.606	0.153	0	269	228	3
2026-02-12	15:05:35.890	68.04	-42.875	-3.045	0.81008	0.005612	0.27694	-0.003	0.6105	0.156	0	269	228	3
2026-02-12	15:05:35.910	79.485	-47.355	4.305	0.830332	0.054412	0.300364	-0.003	0.609	0.165	0	269	228	3
2026-02-12	15:05:35.930	83.615	-48.93	11.48	0.854976	0.116876	0.342332	-0.003	0.612	0.171	0	269	228	3
2026-02-12	15:05:35.950	86.205	-45.185	15.925	0.854976	0.121024	0.372832	0.003	0.6195	0.1845	0	269	228	3
2026-02-12	15:05:35.970	87.955	-40.25	16.765	0.830332	0.111264	0.380152	-0.0045	0.6165	0.1995	0	269	228	3
2026-02-12	15:05:35.990	93.8	-30.555	10.395	0.790316	0.078568	0.33184	-0.0045	0.6225	0.21	0	269	228	3
2026-02-12	15:05:36.010	98.35	-20.16	7.35	0.792756	0.099308	0.316956	0.003	0.636	0.222	0	274	264	3
2026-02-12	15:05:36.030	100.17	-12.705	14.49	0.739808	0.099308	0.288896	-0.0015	0.642	0.2205	0	274	264	3
2026-02-12	15:05:36.050	103.005	-6.265	22.47	0.660752	0.087108	0.25742	0.0015	0.6465	0.2205	0	274	264	3
2026-02-12	15:05:36.070	103.845	-0.245	28.49	0.609756	0.104188	0.271084	0.009	0.657	0.2295	0	274	264	3
2026-02-12	15:05:36.090	89.67	4.375	40.775	0.55388	0.104432	0.255712	0.003	0.651	0.2325	0	274	264	3
2026-02-12	15:05:36.110	67.55	9.24	50.47	0.5246	0.077836	0.210816	0	0.666	0.2325	0	274	264	3
2026-02-12	15:05:36.130	51.45	10.045	56.63	0.582672	0.045384	0.159088	0.006	0.684	0.228	0	274	264	3
2026-02-12	15:05:36.150	44.87	8.645	60.41	0.670024	0.000732	0.149084	0.006	0.7005	0.231	0	274	264	3
2026-02-12	15:05:36.170	52.64	6.405	62.02	0.760792	-0.046848	0.133468	0.006	0.705	0.2295	0	274	264	3
2026-02-12	15:05:36.190	68.46	2.835	61.215	0.830088	-0.020984	0.11956	0.003	0.717	0.219	0	274	264	3
2026-02-12	15:05:36.210	77.035	-6.265	54.53	0.981368	-0.013908	0.127856	0.0135	0.729	0.228	0	278	282	3
2026-02-12	15:05:36.230	93.1	-12.845	43.26	1.13094	-0.004148	0.218136	0.018	0.744	0.213	0	278	282	3
2026-02-12	15:05:36.250	100.66	-12.635	34.125	1.17364	0.037088	0.285968	0.0165	0.762	0.228	0	278	282	3
2026-02-12	15:05:36.270	98.945	-13.195	26.46	1.25904	0.049288	0.308172	0.0255	0.7695	0.219	0	278	282	3
2026-02-12	15:05:36.290	107.66	-17.71	14.315	1.476444	0.0366	0.374784	0.021	0.78	0.2265	0	278	282	3
2026-02-12	15:05:36.310	119.63	-11.585	6.475	1.64212	0.007564	0.44896	0.0345	0.7875	0.219	0	278	282	3
2026-02-12	15:05:36.330	118.265	2.31	5.74	1.724592	0.018788	0.340136	0.03	0.7755	0.2145	0	278	282	3
2026-02-12	15:05:36.350	93.975	14.14	8.75	1.809748	0.034892	0.218136	0.027	0.7905	0.21	0	278	282	3
2026-02-12	15:05:36.370	47.04	30.065	15.365	1.728496	0.000244	0.12566	0.0285	0.7935	0.204	0	278	282	3
2026-02-12	15:05:36.390	19.25	44.73	20.825	1.53232	-0.064416	0.02806	0.024	0.795	0.189	0	278	282	3
2026-02-12	15:05:36.410	8.575	52.01	28.28	1.401536	0.01708	0.048312	0.039	0.7995	0.1935	0	283	280	3
2026-02-12	15:05:36.430	-32.48	63.735	42.28	1.19926	0.06588	0.124684	0.0345	0.7995	0.183	0	283	280	3
2026-02-12	15:05:36.450	-69.405	68.425	51.485	1.109712	0.055388	0.138836	0.0345	0.8145	0.1785	0	283	280	3
2026-02-12	15:05:36.470	-105.49	70.84	59.01	1.020164	0.011468	0.146644	0.0375	0.8235	0.156	0	283	280	3
2026-02-12	15:05:36.490	-135.625	71.4	66.22	0.94184	-0.041968	0.153964	0.045	0.8265	0.1605	0	283	280	3
2026-02-12	15:05:36.510	-156.59	71.12	72.31	0.891576	-0.084912	0.156404	0.0405	0.8385	0.1635	0	283	280	3
2026-02-12	15:05:36.530	-171.745	70	77.35	0.849608	-0.105408	0.131028	0.0555	0.852	0.1515	0	283	280	3
2026-02-12	15:05:36.550	-182.42	67.41	80.08	0.818376	-0.119804	0.090524	0.0585	0.8565	0.15	0	283	280	3
2026-02-12	15:05:36.570	-182.385	60.83	78.155	0.877912	-0.141764	0.067588	0.0585	0.8715	0.1665	0	283	280	3
2026-02-12	15:05:36.590	-169.75	54.88	72.1	0.894748	-0.162992	0.07515199	0.0705	0.8805	0.162	0	283	280	3
2026-02-12	15:05:36.610	-145.6	50.365	62.65	0.89548	-0.183976	0.09272	0.0675	0.888	0.1635	0	290	260	3
2026-02-12	15:05:36.630	-112.665	45.5	46.725	0.922564	-0.184464	0.097356	0.0765	0.9015	0.168	0	290	260	3
2026-02-12	15:05:36.650	-93.485	41.86	29.05	0.925248	-0.216916	0.088816	0.0765	0.9015	0.168	0	290	260	3
2026-02-12	15:05:36.670	-76.475	39.025	13.125	0.925736	-0.29524	0.073444	0.0825	0.9015	0.171	0	290	260	3
2026-02-12	15:05:36.690	-46.935	34.965	-5.74	0.911584	-0.298656	0.09394	0.084	0.9015	0.1695	0	290	260	3
2026-02-12	15:05:36.710	-26.6	29.435	-24.57	0.892064	-0.247172	0.155672	0.0795	0.9045	0.1725	0	290	260	3
2026-02-12	15:05:36.730	-24.745	23.065	-41.37	0.853268	-0.231556	0.218868	0.0795	0.9015	0.171	0	290	260	3
2026-02-12	15:05:36.750	-37.73	15.61	-54.88	0.832284	-0.223748	0.261812	0.081	0.8895	0.168	0	290	260	3
2026-02-12	15:05:36.770	-61.04	7.21	-66.045	0.824964	-0.220088	0.27572	0.0645	0.885	0.1695	0	290	260	3
2026-02-12	15:05:36.790	-89.425	-0.735	-75.355	0.857172	-0.269132	0.268156	0.066	0.876	0.1695	0	290	260	3
2026-02-12	15:05:36.810	-104.23	-6.825	-82.565	0.862784	-0.363316	0.253516	0.057	0.858	0.171	0	295	232	3
2026-02-12	15:05:36.830	-95.585	-12.39	-89.6	0.848632	-0.40504	0.268888	0.054	0.849	0.186	0	295	232	3
2026-02-12	15:05:36.850	-69.615	-19.215	-95.375	0.803492	-0.45994	0.292312	0.0555	0.831	0.1845	0	295	232	3
2026-02-12	15:05:36.870	-50.05	-21.91	-93.415	0.7869	-0.481168	0.302804	0.0555	0.831	0.1845	0	295	232	3
2026-02-12	15:05:36.890	-30.24	-23.1	-87.885	0.776408	-0.476044	0.30744	0.0435	0.801	0.192	0	295	232	3
2026-02-12	15:05:36.910	-10.71	-21.525	-79.065	0.759328	-0.45628	0.312564	0.033	0.7845	0.1995	0	295	232	3
2026-02-12	15:05:36.930	4.48	-17.29	-68.005	0.717116	-0.398696	0.310368	0.042	0.7695	0.204	0	295	232	3
2026-02-12	15:05:36.950	10.675	-11.48	-56.385	0.677588	-0.344528	0.300364	0.054	0.7545	0.2025	0	295	232	3
2026-02-12	15:05:36.970	11.515	-5.845	-45.92	0.683444	-0.300852	0.28304	0.045	0.7575	0.2085	0	295	232	3
2026-02-12	15:05:36.990	6.37	-0.7	-37.38	0.739076	-0.262056	0.250588	0.0315	0.7485	0.216	0	295	232	3
2026-02-12	15:05:37.010	-3.255	3.78	-31.115	0.802028	-0.238876	0.22936	0.033	0.7485	0.201	0	297	221	3
2026-02-12	15:05:37.030	-11.83	7.175	-28.56	0.881328	-0.234484	0.246196	0.033	0.7335	0.207	0	297	221	3
2026-02-12	15:05:37.050	-11.515	10.92	-29.925	0.975024	-0.247172	0.291092	0.0405	0.7365	0.2025	0	297	221	3
2026-02-12	15:05:37.070	-20.825	21.63	-30.135	0.988932	-0.188856	0.28426	0.036	0.7275	0.201	0	297	221	3
2026-02-12	15:05:37.090	-36.68	28.105	-29.085	1.0065	-0.166408	0.255712	0.033	0.7245	0.2025	0	297	221	3
2026-02-12	15:05:37.110	-45.22	34.23	-29.47	1.018944	-0.126636	0.233508	0.036	0.7185	0.2025	0	297	221	3
2026-02-12	15:05:37.130	-60.655	36.19	-29.785	1.055056	-0.066856	0.172264	0.042	0.7095	0.1875	0	297	221	3
2026-02-12	15:05:37.150	-84.175	28.77	-33.6	1.242448	-0.056852	0.158844	0.0285	0.705	0.183	0	297	221	3
2026-02-12	15:05:37.170	-105.875	22.855	-38.885	1.352248	-0.07076	0.248636	0.033	0.705	0.183	0	297	221	3
2026-02-12	15:05:37.190	-115.08	21	-45.78	1.32614	-0.101992	0.366	0.03	0.6915	0.177	0	297	221	3
2026-02-12	15:05:37.210	-116.585	18.9	-54.53	1.2261	-0.12078	0.353068	0.0345	0.6855	0.18	0	295	228	3
2026-02-12	15:05:37.230	-115.08	4.69	-64.82	1.308328	-0.216672	0.255468	0.036	0.6765	0.1785	0	295	228	3
2026-02-12	15:05:37.250	-91.735	-17.01	-77.42	1.452044	-0.370148	0.299632	0.039	0.657	0.171	0	295	228	3
2026-02-12	15:05:37.270	8.82	-38.5	-88.13	1.54452	-0.476776	0.555832	0.042	0.651	0.1665	0	295	228	3
2026-02-12	15:05:37.290	157.465	-39.83	-84.875	1.391044	-0.356484	0.820816	0.042	0.651	0.1665	0	295	228	3
2026-02-12	15:05:37.310	264.495	-23.135	-67.41	1.101904	-0.069784	0.862296	0.042	0.6105	0.186	0	295	228	3
2026-02-12	15:05:37.330	293.65	-6.93	-40.145	0.853268	0.25986	0.705892	0.0465	0.618	0.1935	0	295	228	3
2026-02-12	15:05:37.350	248.255	9.275	-17.64	0.732488	0.40138	0.561688	0.051	0.6165	0.207	0	295	228	3
2026-02-12	15:05:37.370	144.725	17.57	-6.965	0.713944	0.554124	0.43066	0.042	0.618	0.21	0	295	228	3
2026-02-12	15:05:37.390	14.84	22.435	-7.56	0.712236	0.535092	0.27694	0.0435	0.618	0.216	0	295	228	3
2026-02-12	15:05:37.410	-85.505	21.525	-11.375	0.71736	0.35136	0.157868	0.0435	0.6255	0.21	0	296	256	3
2026-02-12	15:05:37.430	-136.185	19.565	-18.655	0.706136	0.187392	0.105896	0.0465	0.612	0.2025	0	296	256	3
2026-02-12	15:05:37.450	-155.575	15.82	-20.755	0.685152	0.071736	0.088816	0.0525	0.6075	0.201	0	296	256	3
2026-02-12	15:05:37.470	-163.31	10.92	-19.915	0.681736	-0.014396	0.09394	0.0435	0.5985	0.192	0	296	256	3
2026-02-12	15:05:37.490	-153.23	2.065	-18.375	0.725168	-0.150792	0.166164	0.048	0.6045	0.183	0	296	256	3
2026-02-12	15:05:37.510	-133.28	-2.17	-16.38	0.781776	-0.240584	0.281088	0.048	0.6045	0.183	0	296	256	3
2026-02-12	15:05:37.530	-99.785	-0.735	-11.165	0.803004	-0.335744	0.411384	0.0495	0.579	0.1695	0	296	256	3
2026-02-12	15:05:37.550	-60.305	2.835	-3.36	0.760548	-0.299876	0.469456	0.048	0.5835	0.168	0	296	256	3
2026-02-12	15:05:37.570	-18.27	1.12	4.41	0.782752	-0.270108	0.466528	0.045	0.5775	0.1605	0	296	256	3
2026-02-12	15:05:37.590	15.925	-2.275	7.63	0.84546	-0.164456	0.4941	0.0525	0.573	0.1635	0	296	256	3
2026-02-12	15:05:37.610	43.61	-4.445	9.765	0.92842	-0.082472	0.505812	0.0555	0.5775	0.1605	0	302	286	3
2026-02-12	15:05:37.630	60.62	-7.49	13.125	0.976488	0.010248	0.488244	0.0495	0.582	0.162	0	302	286	3
2026-02-12	15:05:37.650	60.445	-9.94	18.41	0.978196	0.056608	0.436516	0.0465	0.576	0.1755	0	302	286	3
2026-02-12	15:05:37.670	46.865	-12.635	24.5	0.982832	0.04758	0.391376	0.0525	0.5775	0.1695	0	302	286	3
2026-02-12	15:05:37.690	26.95	-14.91	30.205	0.993324	0.017568	0.337208	0.051	0.585	0.186	0	302	286	3
2026-02-12	15:05:37.710	8.54	-22.435	31.92	1.083604	-0.027328	0.293044	0.051	0.585	0.186	0	302	286	3
2026-02-12	15:05:37.730	8.155	-27.755	29.645	1.118496	-0.057828	0.311588	0.0405	0.594	0.183	0	302	286	3
2026-02-12	15:05:37.750	17.99	-30.94	25.795	1.126792	-0.107604	0.372588	0.057	0.6045	0.183	0	302	286	3
2026-02-12	15:05:37.770	39.025	-28.63	22.505	1.111664	-0.133956	0.444812	0.0585	0.5985	0.1935	0	302	286	3
2026-02-12	15:05:37.790	64.715	-21.665	19.88	1.124108	-0.123464	0.491416	0.0525	0.606	0.207	0	302	286	3
2026-02-12	15:05:37.810	83.195	-8.89	21.28	1.093852	-0.127856	0.459696	0.0555	0.597	0.207	0	307	314	3
2026-02-12	15:05:37.830	96.985	3.85	26.04	1.125084	-0.132248	0.38918	0.051	0.612	0.216	0	307	314	3
2026-02-12	15:05:37.850	112.385	16.905	32.97	1.16388	-0.07808	0.320372	0.048	0.6225	0.2055	0	307	314	3
2026-02-12	15:05:37.870	122.36	29.505	40.355	1.180228	0.02562	0.270596	0.0465	0.6165	0.2115	0	307	314	3
2026-02-12	15:05:37.890	119.21	39.97	46.655	1.186084	0.120048	0.245708	0.045	0.6315	0.2085	0	307	314	3
2026-02-12	15:05:37.910	94.045	50.645	52.885	1.168028	0.181048	0.270596	0.0525	0.6405	0.201	0	307	314	3
2026-02-12	15:05:37.930	58.38	59.395	58.31	1.134356	0.206912	0.31964	0.0525	0.6405	0.201	0	307	314	3
2026-02-12	15:05:37.950	25.27	65.205	62.405	1.09068	0.206424	0.344528	0.0435	0.663	0.189	0	307	314	3
2026-02-12	15:05:37.970	-7.91	70.035	66.57	1.041392	0.1769	0.362096	0.0405	0.6645	0.174	0	307	314	3
2026-02-12	15:05:37.990	-40.775	72.52	70.315	0.986004	0.130784	0.366732	0.0345	0.687	0.1815	0	307	314	3
2026-02-12	15:05:38.010	-68.915	72.415	73.745	0.947696	0.086376	0.363804	0.0345	0.6915	0.153	0	308	332	3
2026-02-12	15:05:38.030	-86.1	69.44	75.25	0.91256	0.033184	0.349164	0.027	0.699	0.159	0	308	332	3
2026-02-12	15:05:38.050	-90.195	65.38	73.535	0.894016	-0.002928	0.33672	0.039	0.711	0.1365	0	308	332	3
2026-02-12	15:05:38.070	-85.085	61.495	68.635	0.86376	-0.02806	0.31598	0.036	0.7215	0.135	0	308	332	3
2026-02-12	15:05:38.090	-73.08	57.995	61.705	0.832284	-0.049288	0.298656	0.0315	0.7245	0.117	0	308	332	3
2026-02-12	15:05:38.110	-56.595	54.11	53.375	0.817888	-0.05612	0.256444	0.042	0.735	0.12	0	308	332	3
2026-02-12	15:05:38.130	-24.185	48.685	37.415	0.76494	-0.032696	0.209596	0.048	0.7485	0.1095	0	308	332	3
2026-02-12	15:05:38.150	-1.96	45.01	25.725	0.720288	-0.017568	0.215452	0.048	0.7485	0.1095	0	308	332	3
2026-02-12	15:05:38.170	4.095	34.58	15.33	0.737856	-0.000732	0.20862	0.0465	0.7545	0.0915	0	308	332	3
2026-02-12	15:05:38.190	-6.265	23.625	3.99	0.782508	-0.022692	0.218868	0.045	0.762	0.099	0	308	332	3
2026-02-12	15:05:38.210	-18.62	11.095	-7.49	0.829112	-0.055876	0.233752	0.0465	0.762	0.0885	0	304	336	3
2026-02-12	15:05:38.230	-25.725	-0.56	-19.18	0.862296	-0.063684	0.239852	0.045	0.7635	0.084	0	304	336	3
2026-02-12	15:05:38.250	-26.635	-11.655	-31.815	0.89426	-0.062464	0.250344	0.039	0.762	0.087	0	304	336	3
2026-02-12	15:05:38.270	-21.63	-21.98	-44.87	0.92842	-0.068808	0.26474	0.0465	0.7515	0.084	0	304	336	3
2026-02-12	15:05:38.290	-14.035	-31.885	-56.49	0.95892	-0.059292	0.282064	0.0495	0.75	0.081	0	304	336	3
2026-02-12	15:05:38.310	-8.68	-41.685	-66.465	1.0126	-0.054656	0.28914	0.045	0.7425	0.0915	0	304	336	3
2026-02-12	15:05:38.330	-4.97	-50.925	-75.425	1.07848	-0.049776	0.286944	0.039	0.7395	0.0915	0	304	336	3
2026-02-12	15:05:38.350	2.45	-63.14	-88.375	1.196088	-0.049288	0.3111	0.039	0.7395	0.0915	0	304	336	3
2026-02-12	15:05:38.370	10.955	-66.745	-95.165	1.242204	-0.044164	0.336964	0.0405	0.702	0.1125	0	304	336	3
2026-02-12	15:05:38.390	16.87	-68.11	-99.82	1.28344	-0.01952	0.298656	0.03	0.6975	0.129	0	304	336	3
2026-02-12	15:05:38.410	9.835	-71.435	-103.985	1.37494	0.00122	0.238632	0.03	0.69	0.1365	0	295	326	3
2026-02-12	15:05:38.430	-3.395	-71.47	-105.735	1.3847	-0.011956	0.262056	0.042	0.657	0.15	0	295	326	3
2026-02-12	15:05:38.450	-11.06	-63.175	-101.885	1.265628	-0.015128	0.31354	0.048	0.6405	0.1545	0	295	326	3
2026-02-12	15:05:38.470	-20.545	-49.14	-91.49	1.081652	0.018056	0.310612	0.042	0.63	0.168	0	295	326	3
2026-02-12	15:05:38.490	-37.695	-34.685	-77.7	0.945256	0.063928	0.266204	0.0375	0.6135	0.174	0	295	326	3
2026-02-12	15:05:38.510	-62.965	-23.205	-63.035	0.8967	0.098332	0.189344	0.0435	0.603	0.1755	0	295	326	3
2026-02-12	15:05:38.530	-91.56	-16.1	-50.4	0.947696	0.112972	0.12322	0.048	0.5925	0.171	0	295	326	3
2026-02-12	15:05:38.550	-119.98	-11.515	-39.725	1.001376	0.094916	0.10614	0.051	0.5805	0.1695	0	295	326	3
2026-02-12	15:05:38.570	-149.275	-8.75	-31.955	1.006256	0.065392	0.143472	0.051	0.5805	0.1695	0	295	326	3
2026-02-12	15:05:38.590	-172.025	-5.495	-30.1	0.98942	0.018056	0.180316	0.0555	0.576	0.1635	0	295	326	3
2026-02-12	15:05:38.610	-189.56	-0.84	-29.995	0.960628	-0.036844	0.2013	0.06	0.5625	0.1545	0	284	309	3
2026-02-12	15:05:38.630	-199.045	5.705	-30.905	0.910608	-0.084912	0.21106	0.0555	0.555	0.147	0	284	309	3
2026-02-12	15:05:38.650	-202.335	10.535	-31.605	0.854244	-0.130784	0.200568	0.063	0.5505	0.1365	0	284	309	3
2026-02-12	15:05:38.670	-196.07	12.11	-31.85	0.810324	-0.161528	0.19276	0.06	0.5505	0.129	0	284	309	3
2026-02-12	15:05:38.690	-176.82	11.025	-33.6	0.782508	-0.164456	0.185928	0.06	0.5445	0.117	0	284	309	3
2026-02-12	15:05:38.710	-151.76	6.79	-35.385	0.767868	-0.156892	0.187392	0.0705	0.5415	0.105	0	284	309	3
2026-02-12	15:05:38.730	-127.015	0.595	-36.995	0.7686	-0.139568	0.200812	0.0645	0.5385	0.0945	0	284	309	3
2026-02-12	15:05:38.750	-107.94	-6.44	-37.415	0.769088	-0.117364	0.233752	0.069	0.531	0.087	0	284	309	3
2026-02-12	15:05:38.770	-85.19	-16.765	-37.485	0.77226	-0.094184	0.269376	0.0705	0.525	0.0855	0	284	309	3
2026-02-12	15:05:38.790	-72.8	-23.59	-37.975	0.788364	-0.085888	0.292312	0.0705	0.525	0.0855	0	284	309	3
2026-02-12	15:05:38.810	-60.655	-29.155	-38.15	0.78812	-0.073688	0.321836	0.0705	0.5235	0.081	0	272	289	3
2026-02-12	15:05:38.830	-47.53	-34.02	-37.52	0.796416	-0.068564	0.34526	0.081	0.5145	0.0795	0	272	289	3
2026-02-12	15:05:38.850	-33.11	-38.815	-36.505	0.826428	-0.062464	0.362096	0.0765	0.5145	0.087	0	272	289	3
2026-02-12	15:05:38.870	-18.97	-43.995	-34.545	0.86254	-0.052704	0.373076	0.0855	0.5055	0.0915	0	272	289	3
2026-02-12	15:05:38.890	-5.25	-49.385	-32.305	0.922808	-0.034648	0.393084	0.0915	0.507	0.084	0	272	289	3
2026-02-12	15:05:38.910	9.45	-53.13	-30.555	1.003816	-0.012444	0.437248	0.0975	0.492	0.099	0	272	289	3
2026-02-12	15:05:38.930	24.01	-53.305	-28.91	1.085556	0.036112	0.491172	0.0795	0.492	0.1005	0	272	289	3
2026-02-12	15:05:38.950	27.37	-50.155	-26.075	1.1346	0.103456	0.496784	0.0885	0.489	0.1125	0	272	289	3
2026-02-12	15:05:38.970	14.77	-46.865	-23.59	1.200968	0.14396	0.473116	0.0915	0.4905	0.12	0	272	289	3
2026-02-12	15:05:38.990	-21.035	-39.41	-20.37	1.272704	0.139568	0.449936	0.0915	0.4905	0.12	0	272	289	3
2026-02-12	15:05:39.010	-44.135	-32.515	-17.115	1.255136	0.12566	0.44408	0.0825	0.4815	0.1365	0	261	286	3
2026-02-12	15:05:39.030	-63.07	-24.465	-12.32	1.216584	0.091744	0.416752	0.0975	0.477	0.1305	0	261	286	3
2026-02-12	15:05:39.050	-73.92	-16.625	-7.175	1.22122	0.059536	0.410896	0.093	0.477	0.126	0	261	286	3
2026-02-12	15:05:39.070	-79.31	-6.405	-1.82	1.19072	0.026352	0.420412	0.09	0.483	0.135	0	261	286	3
2026-02-12	15:05:39.090	-81.83	5.18	6.3	1.132648	-0.021716	0.393572	0.0975	0.4725	0.12	0	261	286	3
2026-02-12	15:05:39.110	-79.275	16.87	16.485	1.060668	-0.062952	0.345016	0.0885	0.4815	0.1185	0	261	286	3
2026-02-12	15:05:39.130	-72.45	26.285	27.44	1.020408	-0.068564	0.298168	0.093	0.4785	0.1125	0	261	286	3
2026-02-12	15:05:39.150	-62.405	33.355	37.24	1.014796	-0.059048	0.28548	0.09	0.483	0.1005	0	261	286	3
2026-02-12	15:05:39.170	-52.71	39.375	46.06	1.006988	-0.058072	0.28182	0.0915	0.4935	0.0915	0	261	286	3
2026-02-12	15:05:39.190	-40.075	45.22	55.895	1.006744	-0.054168	0.270596	0.0885	0.5025	0.0825	0	261	286	3
2026-02-12	15:05:39.210	-27.3	49.315	62.895	1.02846	-0.056608	0.263032	0.0885	0.5025	0.0825	0	251	303	3
2026-02-12	15:05:39.230	-15.925	52.115	65.24	1.074576	-0.059048	0.2745	0.078	0.5115	0.075	0	251	303	3
2026-02-12	15:05:39.250	-5.11	55.37	66.22	1.116544	-0.062708	0.278648	0.084	0.5265	0.063	0	251	303	3
2026-02-12	15:05:39.270	3.395	59.43	66.815	1.115324	-0.06344	0.266204	0.081	0.5415	0.054	0	251	303	3
2026-02-12	15:05:39.290	9.73	63.49	67.165	1.076284	-0.053436	0.252296	0.0795	0.5505	0.045	0	251	303	3
2026-02-12	15:05:39.310	13.16	65.8	66.675	1.035536	-0.028548	0.221552	0.078	0.5655	0.0375	0	251	303	3
2026-02-12	15:05:39.330	10.99	66.57	65.1	0.998936	-0.018544	0.20252	0.0765	0.5745	0.0225	0	251	303	3
2026-02-12	15:05:39.350	4.9	66.15	63.035	0.953796	-0.018788	0.19032	0.0705	0.5865	0.009	0	251	303	3
2026-02-12	15:05:39.370	-1.96	63.84	60.375	0.927932	-0.025132	0.180072	0.0735	0.5865	0.003	0	251	303	3
2026-02-12	15:05:39.390	-9.765	60.655	56.28	0.906948	-0.037332	0.174948	0.075	0.603	-0.012	0	251	303	3
2026-02-12	15:05:39.410	-20.3	54.32	49.35	0.876448	-0.070516	0.169092	0.075	0.603	-0.012	0	240	309	3
2026-02-12	15:05:39.430	-24.08	48.615	43.68	0.858392	-0.077348	0.17568	0.075	0.603	-0.012	0	240	309	3
2026-02-12	15:05:39.450	-25.27	42.7	36.505	0.83448	-0.0793	0.181292	0.084	0.621	-0.03	0	240	309	3
2026-02-12	15:05:39.470	-25.515	36.89	28.735	0.811788	-0.083692	0.179584	0.087	0.642	-0.042	0	240	309	3
2026-02-12	15:05:39.490	-25.34	30.1	19.215	0.803004	-0.089304	0.16836	0.09	0.642	-0.045	0	240	309	3
2026-02-12	15:05:39.510	-22.785	22.26	7.56	0.831796	-0.104676	0.173484	0.087	0.6435	-0.051	0	240	309	3
2026-02-12	15:05:39.530	-16.695	14.875	-4.76	0.854244	-0.1098	0.18178	0.093	0.651	-0.051	0	240	309	3
2026-02-12	15:05:39.550	-10.08	8.435	-16.975	0.861076	-0.103944	0.189344	0.093	0.651	-0.057	0	240	309	3
2026-02-12	15:05:39.570	-6.72	2.065	-28.77	0.87596	-0.08784	0.181292	0.102	0.6525	-0.0525	0	240	309	3
2026-02-12	15:05:39.590	-8.19	-4.9	-39.865	0.895724	-0.072956	0.176168	0.0975	0.645	-0.0615	0	240	309	3
2026-02-12	15:05:39.610	-12.005	-12.635	-50.61	0.925492	-0.06832	0.1769	0.096	0.6435	-0.0585	0	229	296	3
2026-02-12	15:05:39.630	-19.355	-25.97	-65.66	0.994056	-0.076128	0.178852	0.096	0.6435	-0.0585	0	229	296	3
2026-02-12	15:05:39.650	-22.155	-35.035	-75.88	1.028216	-0.077836	0.193492	0.1005	0.642	-0.0615	0	229	296	3
2026-02-12	15:05:39.670	-22.225	-43.575	-86.03	1.059692	-0.091988	0.210816	0.099	0.624	-0.0525	0	229	296	3
2026-02-12	15:05:39.690	-19.285	-52.5	-96.67	1.138748	-0.092476	0.226676	0.0975	0.615	-0.042	0	229	296	3
2026-02-12	15:05:39.710	-14.91	-59.955	-107.24	1.230736	-0.099064	0.249856	0.0975	0.6	-0.03	0	229	296	3
2026-02-12	15:05:39.730	-9.1	-64.75	-116.025	1.286612	-0.10126	0.269132	0.096	0.5955	-0.0285	0	229	296	3
2026-02-12	15:05:39.750	-2.31	-67.69	-121.87	1.342	-0.097356	0.273768	0.1065	0.579	-0.0165	0	229	296	3
2026-02-12	15:05:39.770	2.94	-68.6	-123.41	1.348588	-0.094184	0.293532	0.0915	0.5625	-0.0045	0	229	296	3
2026-02-12	15:05:39.790	7.28	-64.505	-118.86	1.262944	-0.0732	0.335256	0.099	0.54	0	0	229	296	3
2026-02-12	15:05:39.810	9.03	-57.715	-108.255	1.126548	-0.032208	0.35014	0.1095	0.5355	0.012	0	219	276	3
2026-02-12	15:05:39.830	0.21	-47.53	-88.235	0.95282	0.021472	0.353556	0.102	0.5115	0.0105	0	219	276	3
2026-02-12	15:05:39.850	-11.13	-38.5	-66.675	0.854244	0.0549	0.336964	0.102	0.5115	0.0105	0	219	276	3
2026-02-12	15:05:39.870	-20.16	-33.39	-51.485	0.86498	0.074176	0.333792	0.111	0.495	0.03	0	219	276	3
2026-02-12	15:05:39.890	-28.14	-26.88	-38.71	0.90402	0.077592	0.333548	0.1185	0.4845	0.027	0	219	276	3
2026-02-12	15:05:39.910	-33.32	-19.04	-28.49	0.95648	0.075884	0.333304	0.114	0.483	0.0345	0	219	276	3
2026-02-12	15:05:39.930	-40.145	-10.115	-20.405	1.009428	0.06734399	0.307684	0.1245	0.477	0.0285	0	219	276	3
2026-02-12	15:05:39.950	-52.675	-1.225	-13.16	1.040904	0.047336	0.267912	0.1245	0.471	0.0255	0	219	276	3
2026-02-12	15:05:39.970	-69.51	5.495	-6.335	1.037976	0.012444	0.221064	0.1245	0.477	0.03	0	219	276	3
2026-02-12	15:05:39.990	-77.84	10.255	-1.715	0.996008	-0.031232	0.246928	0.129	0.474	0.021	0	219	276	3
2026-02-12	15:05:40.010	-65.17	15.82	2.205	0.9272	-0.035136	0.318176	0.129	0.474	0.021	0	211	270	3
2026-02-12	15:05:40.030	-57.4	19.11	5.46	0.88084	-0.019276	0.345992	0.1335	0.4815	0	0	211	270	3
2026-02-12	15:05:40.050	-48.055	24.885	14.805	0.833748	-0.02074	0.352824	0.1335	0.4815	0	0	211	270	3
2026-02-12	15:05:40.070	-42.245	26.6	20.86	0.834236	-0.012932	0.347212	0.1335	0.4815	0	0	211	270	3
2026-02-12	15:05:40.090	-35.98	26.635	24.92	0.859856	0.02318	0.353312	0.129	0.4935	-0.015	0	211	270	3
2026-02-12	15:05:40.110	-32.375	26.075	27.265	0.895236	0.05002	0.356972	0.1275	0.498	-0.021	0	211	270	3
2026-02-12	15:05:40.130	-30.31	25.41	29.33	0.901824	0.055876	0.346236	0.123	0.504	-0.0225	0	211	270	3
2026-02-12	15:05:40.150	-28.455	23.835	32.095	0.896212	0.046604	0.3172	0.126	0.513	-0.027	0	211	270	3
2026-02-12	15:05:40.170	-25.27	21	35.28	0.88816	0.052216	0.302804	0.1275	0.519	-0.0285	0	211	270	3
2026-02-12	15:05:40.190	-18.655	17.115	37.31	0.889624	0.046604	0.308172	0.123	0.5205	-0.0345	0	211	270	3
2026-02-12	15:05:40.210	-5.74	12.775	39.515	0.894504	0.03782	0.310124	0.1215	0.528	-0.042	0	203	277	3
2026-02-12	15:05:40.230	13.65	8.785	41.195	0.893284	0.036356	0.323788	0.12	0.54	-0.039	0	203	277	3
2026-02-12	15:05:40.250	46.445	5.915	36.855	0.878888	0.072224	0.304268	0.1215	0.5445	-0.0435	0	203	277	3
2026-02-12	15:05:40.270	103.18	0.84	24.605	0.891088	0.151524	0.34038	0.1215	0.5445	-0.0435	0	203	277	3
2026-02-12	15:05:40.290	116.445	1.75	19.145	0.856928	0.17202	0.328912	0.12	0.546	-0.036	0	203	277	3
2026-02-12	15:05:40.310	118.65	1.19	13.37	0.82594	0.191296	0.315248	0.12	0.5385	-0.039	0	203	277	3
2026-02-12	15:05:40.330	108.57	-0.07	8.61	0.7991	0.205448	0.310368	0.1155	0.5415	-0.0225	0	203	277	3
2026-02-12	15:05:40.350	85.225	-2.275	7.665	0.766404	0.1952	0.297436	0.123	0.537	-0.0165	0	203	277	3
2026-02-12	15:05:40.370	57.33	-3.78	9.59	0.714188	0.139324	0.287188	0.114	0.522	-0.0165	0	203	277	3
2026-02-12	15:05:40.390	34.23	-4.095	14.07	0.647088	0.106384	0.27816	0.108	0.5385	-0.009	0	203	277	3
2026-02-12	15:05:40.410	13.58	-5.04	20.23	0.61	0.063928	0.247416	0.1185	0.5355	-0.0015	0	195	288	3
2026-02-12	15:05:40.430	-2.905	-7.175	24.815	0.637816	0.014884	0.2135	0.1215	0.5265	-0.009	0	195	288	3
2026-02-12	15:05:40.450	-8.225	-9.205	25.62	0.709552	-0.040992	0.211792	0.114	0.534	0	0	195	288	3
2026-02-12	15:05:40.470	2.8	-7.735	24.5	0.757132	-0.07905599	0.224724	0.111	0.5355	0	0	195	288	3
2026-02-12	15:05:40.490	15.365	-5.04	25.515	0.76128	-0.089792	0.197396	0.111	0.5355	0	0	195	288	3
2026-02-12	15:05:40.510	23.8	-6.125	26.32	0.791292	-0.09857599	0.162016	0.114	0.5565	-0.0045	0	195	288	3
2026-02-12	15:05:40.530	36.365	-10.36	23.555	0.862052	-0.090036	0.204716	0.111	0.549	0	0	195	288	3
2026-02-12	15:05:40.550	47.985	-12.81	19.95	0.883768	-0.040504	0.2745	0.1095	0.5565	0.0045	0	195	288	3
2026-02-12	15:05:40.570	51.345	-14.875	16.66	0.90524	-0.013664	0.297436	0.114	0.558	0.006	0	195	288	3
2026-02-12	15:05:40.590	46.795	-18.165	12.6	0.905728	-0.01708	0.307684	0.1065	0.561	0.009	0	195	288	3
2026-02-12	15:05:40.610	42.49	-22.05	8.435	0.893284	-0.044164	0.3416	0.1065	0.558	0.015	0	189	291	3
2026-02-12	15:05:40.630	49.945	-24.325	3.045	0.921588	-0.0427	0.412116	0.1005	0.5505	0.0165	0	189	291	3
2026-02-12	15:05:40.650	62.825	-21.63	-0.735	0.969412	-0.02562	0.416752	0.1035	0.558	0.0315	0	189	291	3
2026-02-12	15:05:40.670	63.35	-15.89	-1.015	1.053104	0.025376	0.393572	0.1065	0.5445	0.0315	0	189	291	3
2026-02-12	15:05:40.690	40.845	-2.1	-3.675	1.121424	0.087352	0.368196	0.1065	0.5445	0.0315	0	189	291	3
2026-02-12	15:05:40.710	15.54	7.35	-3.535	1.164856	0.086132	0.299388	0.1005	0.549	0.0345	0	189	291	3
2026-02-12	15:05:40.730	-12.005	14	-4.305	1.330288	0.063196	0.2074	0.1005	0.543	0.0315	0	189	291	3
2026-02-12	15:05:40.750	-42.805	20.265	-3.08	1.59576	0.03904	0.14518	0.1065	0.5415	0.039	0	189	291	3
2026-02-12	15:05:40.770	-81.62	30.94	6.685	1.662372	-0.012688	0.078568	0.114	0.552	0.027	0	189	291	3
2026-02-12	15:05:40.790	-117.145	40.88	23.73	1.59332	-0.060512	0.04026	0.1125	0.549	0.0195	0	189	291	3
2026-02-12	15:05:40.810	-137.48	41.615	40.32	1.553304	-0.08174	0.052216	0.1185	0.558	0.006	0	186	289	3
2026-02-12	15:05:40.830	-145.6	38.36	59.045	1.49328	-0.074176	0.148352	0.1185	0.5685	-0.006	0	186	289	3
2026-02-12	15:05:40.850	-137.76	35.77	74.445	1.376648	-0.043188	0.275232	0.114	0.5865	-0.012	0	186	289	3
2026-02-12	15:05:40.870	-124.04	36.225	84.315	1.170224	0.00366	0.34892	0.123	0.603	-0.018	0	186	289	3
2026-02-12	15:05:40.890	-121.765	36.155	89.565	0.932568	0.006588	0.335256	0.1185	0.612	-0.0195	0	186	289	3
2026-02-12	15:05:40.910	-129.99	32.13	88.585	0.7747	-0.129808	0.230336	0.1185	0.612	-0.0195	0	186	289	3
2026-02-12	15:05:40.930	-125.3	25.655	84.21	0.698328	-0.1647	0.1525	0.123	0.663	-0.042	0	186	289	3
2026-02-12	15:05:40.950	-113.365	16.03	72.73	0.700036	-0.147864	0.124196	0.129	0.6705	-0.0435	0	186	289	3
2026-02-12	15:05:40.970	-99.4	7.875	56	0.713944	-0.144448	0.0915	0.1185	0.6915	-0.036	0	186	289	3
2026-02-12	15:05:40.990	-80.605	0.42	36.715	0.758352	-0.172996	0.078324	0.129	0.705	-0.0465	0	186	289	3
2026-02-12	15:05:41.010	-59.745	-6.895	14.595	0.846436	-0.200324	0.063196	0.129	0.711	-0.048	0	191	275	3
2026-02-12	15:05:41.030	-40.25	-9.975	-7.98	0.868396	-0.236192	0.069784	0.1215	0.7245	-0.0525	0	191	275	3
2026-02-12	15:05:41.050	-18.305	-11.62	-30.38	0.89304	-0.26962	0.088572	0.126	0.729	-0.039	0	191	275	3
2026-02-12	15:05:41.070	6.615	-11.83	-51.205	0.94062	-0.27694	0.115168	0.1335	0.717	-0.039	0	191	275	3
2026-02-12	15:05:41.090	24.64	-11.41	-68.425	1.000888	-0.26352	0.138592	0.1065	0.7185	-0.036	0	191	275	3
2026-02-12	15:05:41.110	29.33	-9.765	-81.795	1.047492	-0.239364	0.1525	0.1245	0.705	-0.036	0	191	275	3
2026-02-12	15:05:41.130	19.25	-9.17	-88.725	1.065304	-0.203252	0.158356	0.1245	0.705	-0.036	0	191	275	3
2026-02-12	15:05:41.150	2.1	-10.115	-90.09	1.075552	-0.177632	0.170068	0.1305	0.6765	-0.0315	0	191	275	3
2026-02-12	15:05:41.170	-19.11	-11.13	-88.235	1.072624	-0.15616	0.1952	0.1245	0.666	-0.042	0	191	275	3
2026-02-12	15:05:41.190	-42.56	-9.8	-83.055	1.005524	-0.1525	0.222284	0.1215	0.663	-0.036	0	191	275	3
2026-02-12	15:05:41.210	-63.49	-7.315	-74.865	0.926224	-0.173972	0.225212	0.12	0.645	-0.033	0	199	250	3
2026-02-12	15:05:41.230	-75.81	-4.55	-65.415	0.882548	-0.209352	0.2074	0.1185	0.648	-0.0255	0	199	250	3
2026-02-12	15:05:41.250	-76.895	-1.925	-55.895	0.848144	-0.239852	0.184464	0.117	0.6465	-0.027	0	199	250	3
2026-02-12	15:05:41.270	-70.49	1.505	-45.885	0.7869	-0.2745	0.162748	0.1185	0.6435	-0.0285	0	199	250	3
2026-02-12	15:05:41.290	-56.455	4.69	-36.225	0.713944	-0.277672	0.146888	0.129	0.63	-0.033	0	199	250	3
2026-02-12	15:05:41.310	-40.74	5.985	-27.86	0.668804	-0.264496	0.140056	0.129	0.6285	-0.033	0	199	250	3
2026-02-12	15:05:41.330	-14.49	6.895	-19.635	0.642452	-0.256444	0.170068	0.129	0.6285	-0.033	0	199	250	3
2026-02-12	15:05:41.350	4.795	8.4	-17.045	0.711748	-0.245464	0.27084	0.129	0.633	-0.036	0	199	250	3
2026-02-12	15:05:41.370	31.605	16.45	-17.675	0.90524	-0.240584	0.371856	0.1245	0.633	-0.036	0	199	250	3
2026-02-12	15:05:41.390	52.71	32.725	-20.86	1.020896	-0.154696	0.38918	0.1245	0.615	-0.0285	0	199	250	3
2026-02-12	15:05:41.410	37.905	46.69	-24.955	1.053592	-0.022204	0.361852	0.138	0.618	-0.036	0	206	230	3
2026-02-12	15:05:41.430	-7.07	55.405	-31.045	1.109224	0.01708	0.247416	0.1395	0.615	-0.0435	0	206	230	3
2026-02-12	15:05:41.450	-65.555	55.895	-38.01	1.154608	-0.02196	0.13054	0.144	0.612	-0.054	0	206	230	3
2026-02-12	15:05:41.470	-110.88	51.065	-45.92	1.175348	-0.10614	0.07808	0.147	0.609	-0.0585	0	206	230	3
2026-02-12	15:05:41.490	-134.365	42.21	-52.78	1.216096	-0.183732	0.090036	0.1515	0.6165	-0.069	0	206	230	3
2026-02-12	15:05:41.510	-147.735	29.89	-60.06	1.3359	-0.209352	0.171532	0.15	0.6135	-0.069	0	206	230	3
2026-02-12	15:05:41.530	-156.065	20.51	-66.85	1.339804	-0.264252	0.293044	0.1605	0.6165	-0.0915	0	206	230	3
2026-02-12	15:05:41.550	-140	10.99	-69.93	1.20658	-0.395768	0.401136	0.1605	0.6165	-0.0915	0	206	230	3
2026-02-12	15:05:41.570	-93.555	1.4	-73.01	1.118496	-0.426512	0.510936	0.1665	0.6225	-0.096	0	206	230	3
2026-02-12	15:05:41.590	-29.645	-8.47	-72.485	1.0187	-0.388936	0.5368	0.177	0.624	-0.0975	0	206	230	3
2026-02-12	15:05:41.610	40.915	-28.14	-69.93	1.110688	-0.352824	0.502396	0.174	0.621	-0.105	0	214	229	3
2026-02-12	15:05:41.630	129.325	-47.215	-68.285	1.27246	-0.382836	0.583892	0.1755	0.6075	-0.09	0	214	229	3
2026-02-12	15:05:41.650	242.305	-49.945	-61.11	1.35542	-0.275476	0.770064	0.1665	0.591	-0.0945	0	214	229	3
2026-02-12	15:05:41.670	332.78	-39.585	-46.41	1.245376	-0.00244	0.701256	0.171	0.5655	-0.069	0	214	229	3
2026-02-12	15:05:41.690	341.985	-24.92	-25.06	1.0614	0.175924	0.585112	0.1695	0.5415	-0.045	0	214	229	3
2026-02-12	15:05:41.710	274.085	-13.93	-2.17	0.921588	0.257908	0.482144	0.162	0.5115	-0.0345	0	214	229	3
2026-02-12	15:05:41.730	174.405	-1.4	6.265	0.913536	0.302072	0.474092	0.159	0.5025	-0.0135	0	214	229	3
2026-02-12	15:05:41.750	73.5	18.865	4.41	0.869616	0.310124	0.370392	0.162	0.5025	-0.0015	0	214	229	3
2026-02-12	15:05:41.770	7.035	35.14	1.155	0.769088	0.24278	0.24278	0.162	0.5025	-0.0015	0	214	229	3
2026-02-12	15:05:41.790	-22.505	40.005	1.085	0.744932	0.155916	0.171288	0.1725	0.498	-0.0045	0	214	229	3
2026-02-12	15:05:41.810	-36.19	39.13	3.675	0.770064	0.077348	0.154696	0.1665	0.5055	-0.015	0	225	260	3
2026-02-12	15:05:41.830	-34.16	37.31	7.735	0.787388	0.02318	0.202032	0.1725	0.504	-0.009	0	225	260	3
2026-02-12	15:05:41.850	-21.315	36.715	11.515	0.820816	-0.008052	0.277916	0.174	0.498	-0.0285	0	225	260	3
2026-02-12	15:05:41.870	-4.41	36.89	17.43	0.889624	-0.038552	0.337696	0.1665	0.5025	-0.0225	0	225	260	3
2026-02-12	15:05:41.890	15.995	38.955	25.445	0.965508	-0.032452	0.426512	0.1785	0.51	-0.03	0	225	260	3
2026-02-12	15:05:41.910	37.975	45.115	32.865	0.984052	0.01708	0.497028	0.177	0.5085	-0.0315	0	225	260	3
2026-02-12	15:05:41.930	50.435	50.4	42	0.9699	0.06344	0.513864	0.1755	0.5085	-0.039	0	225	260	3
2026-02-12	15:05:41.950	51.625	55.055	50.4	0.960628	0.102236	0.473604	0.177	0.504	-0.0375	0	225	260	3
2026-02-12	15:05:41.970	38.115	56	61.705	0.974048	0.129564	0.401624	0.177	0.504	-0.0375	0	225	260	3
2026-02-12	15:05:41.990	30.1	54.005	66.885	0.941108	0.124684	0.381128	0.1815	0.5205	-0.048	0	225	260	3
2026-02-12	15:05:42.010	25.83	51.94	69.09	0.918172	0.111752	0.378444	0.183	0.5295	-0.057	0	236	296	3
2026-02-12	15:05:42.030	22.33	49.84	69.335	0.902068	0.090524	0.343796	0.1845	0.5325	-0.06	0	236	296	3
2026-02-12	15:05:42.050	14.035	45.36	69.055	0.886696	0.070028	0.28304	0.168	0.5415	-0.06	0	236	296	3
2026-02-12	15:05:42.070	5.845	39.34	67.62	0.861564	0.027816	0.23424	0.177	0.546	-0.057	0	236	296	3
2026-02-12	15:05:42.090	2.73	32.165	64.715	0.82716	0.000244	0.198616	0.1725	0.555	-0.0645	0	236	296	3
2026-02-12	15:05:42.110	6.44	24.745	60.97	0.805444	-0.011956	0.1891	0.174	0.5625	-0.066	0	236	296	3
2026-02-12	15:05:42.130	15.82	17.815	56.56	0.783484	-0.010492	0.205204	0.1755	0.573	-0.072	0	236	296	3
2026-02-12	15:05:42.150	28.035	11.41	51.975	0.771284	0.010248	0.254248	0.1725	0.579	-0.075	0	236	296	3
2026-02-12	15:05:42.170	37.625	3.815	49.175	0.765672	-0.003416	0.274988	0.165	0.5685	-0.075	0	236	296	3
2026-02-12	15:05:42.190	46.935	-3.78	52.185	0.729804	-0.03294	0.268156	0.165	0.5685	-0.075	0	236	296	3
2026-02-12	15:05:42.210	58.45	-9.205	58.555	0.654408	-0.02562	0.273524	0.1755	0.5865	-0.0705	0	244	316	2
2026-02-12	15:05:42.230	68.25	-11.55	67.515	0.608048	-0.00488	0.261324	0.1695	0.5835	-0.0765	0	244	316	2
2026-02-12	15:05:42.250	71.61	-9.975	77.455	0.542656	0.04636	0.291336	0.1665	0.591	-0.0615	0	244	316	2
2026-02-12	15:05:42.270	67.69	-3.885	82.32	0.535824	0.135176	0.31232	0.1635	0.5895	-0.0615	0	244	316	2
2026-02-12	15:05:42.290	53.2	3.99	79.73	0.57218	0.187392	0.339648	0.1605	0.603	-0.069	0	244	316	2
2026-02-12	15:05:42.310	34.195	16.555	70.56	0.565348	0.239852	0.459452	0.1605	0.5955	-0.051	0	244	316	2
2026-02-12	15:05:42.330	29.4	32.655	54.075	0.656848	0.293776	0.57828	0.15	0.612	-0.06	0	244	316	2
2026-02-12	15:05:42.350	19.11	40.775	37.205	0.774456	0.312076	0.523624	0.1695	0.6105	-0.0615	0	244	316	2
2026-02-12	15:05:42.370	-20.965	36.995	29.54	0.813496	0.240584	0.404552	0.165	0.612	-0.066	0	244	316	2
2026-02-12	15:05:42.390	-51.38	23.555	20.3	0.798612	0.05246	0.3721	0.165	0.612	-0.066	0	244	316	2
2026-02-12	15:05:42.410	-31.15	3.99	6.79	0.828136	-0.02806	0.452376	0.165	0.612	-0.066	0	248	326	2
2026-02-12	15:05:42.430	0.91	-10.29	-4.025	0.876692	0.01342	0.536312	0.183	0.6315	-0.0675	0	248	326	2
2026-02-12	15:05:42.450	14	-27.51	-16.345	0.990152	0.029768	0.571448	0.1725	0.6165	-0.075	0	248	326	2
2026-02-12	15:05:42.470	16.065	-42.035	-32.445	1.119228	-0.060512	0.60268	0.1785	0.6195	-0.078	0	248	326	2
2026-02-12	15:05:42.490	26.39	-54.74	-48.335	1.348344	-0.1525	0.610976	0.177	0.624	-0.0705	0	248	326	2
2026-02-12	15:05:42.510	34.02	-57.995	-61.705	1.480348	-0.208132	0.595604	0.1755	0.609	-0.0555	0	248	326	2
2026-02-12	15:05:42.530	33.04	-46.935	-67.9	1.346636	-0.224724	0.522648	0.1785	0.6045	-0.0555	0	248	326	2
2026-02-12	15:05:42.550	27.685	-37.625	-66.43	1.32614	-0.188612	0.40016	0.177	0.5865	-0.0495	0	248	326	2
2026-02-12	15:05:42.570	14.42	-30.31	-62.02	1.33346	-0.141276	0.288408	0.1785	0.5805	-0.048	0	248	326	2
2026-02-12	15:05:42.590	-6.3	-22.155	-54.215	1.290516	-0.119072	0.212768	0.1905	0.576	-0.0345	0	248	326	2
2026-02-12	15:05:42.610	-34.09	-13.51	-36.155	1.213168	-0.106628	0.150792	0.1905	0.576	-0.0345	0	252	345	3
2026-02-12	15:05:42.630	-50.89	-9.87	-21.735	1.136796	-0.072468	0.144204	0.186	0.549	-0.0435	0	252	345	3
2026-02-12	15:05:42.650	-72.485	-7.7	-8.995	1.074088	-0.034404	0.149816	0.183	0.5625	-0.0375	0	252	345	3
2026-02-12	15:05:42.670	-100.905	-8.05	1.505	1.05774	-0.044164	0.155184	0.189	0.558	-0.0525	0	252	345	3
2026-02-12	15:05:42.690	-130.2	-9.835	10.5	1.0675	-0.082228	0.17324	0.1875	0.5655	-0.0555	0	252	345	3
2026-02-12	15:05:42.710	-153.125	-9.45	18.935	1.043832	-0.12078	0.216428	0.189	0.573	-0.0465	0	252	345	3
2026-02-12	15:05:42.730	-161.21	-5.775	25.13	0.988444	-0.132248	0.26596	0.1905	0.591	-0.0615	0	252	345	3
2026-02-12	15:05:42.750	-159.495	-1.015	28.105	0.923296	-0.132736	0.25986	0.1875	0.603	-0.066	0	252	345	3
2026-02-12	15:05:42.770	-153.475	0.91	26.81	0.881328	-0.14884	0.210816	0.1785	0.6225	-0.0705	0	252	345	3
2026-02-12	15:05:42.790	-143.395	-1.225	20.65	0.875228	-0.18788	0.161528	0.1935	0.6285	-0.0735	0	252	345	3
2026-02-12	15:05:42.810	-115.675	-5.53	7.385	0.894504	-0.253028	0.165676	0.1905	0.6375	-0.0765	0	256	347	3
2026-02-12	15:05:42.830	-80.64	-8.715	-9.38	0.870348	-0.26474	0.200324	0.1905	0.6375	-0.0765	0	256	347	3
2026-02-12	15:05:42.850	-57.015	-8.645	-22.715	0.79544	-0.244732	0.236924	0.1785	0.663	-0.075	0	256	347	3
2026-02-12	15:05:42.870	-39.025	-7.805	-36.33	0.740052	-0.220332	0.268644	0.189	0.6585	-0.0735	0	256	347	3
2026-02-12	15:05:42.890	-18.83	-2.73	-50.155	0.671976	-0.214964	0.321104	0.183	0.663	-0.0735	0	256	347	3
2026-02-12	15:05:42.910	-1.855	-0.175	-58.695	0.637084	-0.21594	0.354044	0.186	0.651	-0.0705	0	256	347	3
2026-02-12	15:05:42.930	9.73	5.005	-61.215	0.619272	-0.194712	0.376492	0.189	0.651	-0.0645	0	256	347	3
2026-02-12	15:05:42.950	9.31	12.495	-60.725	0.631716	-0.145668	0.331352	0.177	0.6465	-0.0765	0	256	347	3
2026-02-12	15:05:42.970	-6.72	17.535	-58.695	0.71126	-0.145424	0.26962	0.183	0.639	-0.066	0	256	347	3
2026-02-12	15:05:42.990	-13.755	18.48	-56.42	0.818132	-0.13664	0.203252	0.189	0.639	-0.069	0	256	347	3
2026-02-12	15:05:43.010	-14.63	16.905	-53.935	0.902556	-0.09272	0.171288	0.186	0.633	-0.081	0	260	333	3
2026-02-12	15:05:43.030	-20.615	8.995	-48.895	1.035048	-0.044652	0.189588	0.186	0.633	-0.081	0	260	333	3
2026-02-12	15:05:43.050	-34.72	-2.45	-48.685	1.231468	-0.018056	0.29158	0.186	0.633	-0.081	0	260	333	3
2026-02-12	15:05:43.070	-42.735	-3.185	-53.06	1.29808	-0.064904	0.42822	0.2085	0.612	-0.078	0	260	333	3
2026-02-12	15:05:43.090	-40.25	2.415	-55.965	1.246108	-0.076616	0.502152	0.1965	0.6075	-0.081	0	260	333	3
2026-02-12	15:05:43.110	-42.98	8.155	-57.96	1.187304	-0.086376	0.491416	0.21	0.606	-0.081	0	260	333	3
2026-02-12	15:05:43.130	-51.87	14.98	-58.975	1.130452	-0.114924	0.408944	0.2115	0.6045	-0.084	0	260	333	3
2026-02-12	15:05:43.150	-54.565	16.555	-58.94	1.12728	-0.123464	0.315492	0.2085	0.6015	-0.087	0	260	333	3
2026-02-12	15:05:43.170	-49.525	13.65	-60.13	1.27246	-0.136884	0.33306	0.213	0.6	-0.0975	0	260	333	3
2026-02-12	15:05:43.190	-45.885	14.245	-60.27	1.471564	-0.159332	0.477996	0.2145	0.603	-0.096	0	260	333	3
2026-02-12	15:05:43.210	-38.885	24.395	-61.705	1.477908	-0.093208	0.540704	0.213	0.5835	-0.1035	0	262	325	3
2026-02-12	15:05:43.230	-43.12	32.48	-62.755	1.267336	0.027816	0.409432	0.2235	0.588	-0.0945	0	262	325	3
2026-02-12	15:05:43.250	-69.37	7.175	-63.56	1.197796	-0.103456	0.294752	0.2235	0.588	-0.0945	0	262	325	3
2026-02-12	15:05:43.270	-36.26	-17.045	-66.395	1.150704	-0.211792	0.530944	0.234	0.5925	-0.1125	0	262	325	3
2026-02-12	15:05:43.290	33.39	-36.435	-63.35	1.023824	-0.204716	0.795196	0.234	0.582	-0.1125	0	262	325	3
2026-02-12	15:05:43.310	117.11	-44.66	-55.685	0.981856	-0.053924	1.016016	0.2385	0.573	-0.102	0	262	325	3
2026-02-12	15:05:43.330	168.595	-35.035	-46.06	0.920124	0.178608	1.021628	0.2205	0.567	-0.093	0	262	325	3
2026-02-12	15:05:43.350	154.175	-17.255	-33.845	0.845704	0.287676	0.82716	0.234	0.546	-0.0915	0	262	325	3
2026-02-12	15:05:43.370	106.785	1.33	-22.435	0.804956	0.239364	0.556564	0.2205	0.5325	-0.0825	0	262	325	3
2026-02-12	15:05:43.390	62.895	16.8	-14	0.78202	0.155916	0.324276	0.2265	0.5265	-0.069	0	262	325	3
2026-02-12	15:05:43.410	31.5	26.67	-7.945	0.75396	0.08295999	0.160796	0.228	0.516	-0.069	0	266	347	3
2026-02-12	15:05:43.430	10.955	28.49	-0.7	0.727852	0.02928	0.066856	0.2325	0.51	-0.0645	0	266	347	3
2026-02-12	15:05:43.450	2.625	24.57	7.14	0.731024	-0.01952	0.022204	0.2325	0.504	-0.063	0	266	347	3
2026-02-12	15:05:43.470	9.135	19.145	15.12	0.737368	-0.066124	0.02806	0.2325	0.504	-0.063	0	266	347	3
2026-02-12	15:05:43.490	37.52	14.875	20.755	0.760792	-0.146888	0.061488	0.234	0.513	-0.0765	0	266	347	3
2026-02-12	15:05:43.510	83.615	10.08	26.04	0.823744	-0.16836	0.130052	0.2385	0.516	-0.0735	0	266	347	3
2026-02-12	15:05:43.530	125.65	8.015	29.715	0.897188	-0.05978	0.350384	0.2385	0.5115	-0.069	0	266	347	3
2026-02-12	15:05:43.550	144.69	14.7	27.405	0.985028	0.233996	0.676124	0.231	0.504	-0.0675	0	266	347	3
2026-02-12	15:05:43.570	124.25	27.93	27.475	1.002596	0.329888	0.763476	0.2295	0.495	-0.0525	0	266	347	3
2026-02-12	15:05:43.590	77.245	35.56	37.03	0.88084	0.30012	0.665388	0.231	0.489	-0.0465	0	266	347	3
2026-02-12	15:05:43.610	27.79	36.12	50.61	0.792268	0.24888	0.526552	0.2265	0.4875	-0.0525	0	274	371	3
2026-02-12	15:05:43.630	-12.705	28.385	62.055	0.749812	0.215696	0.426268	0.231	0.486	-0.0435	0	274	371	3
2026-02-12	15:05:43.650	-38.535	18.305	70.315	0.751276	0.24644	0.41114	0.2205	0.498	-0.051	0	274	371	3
2026-02-12	15:05:43.670	-49.735	11.83	75.635	0.781776	0.23058	0.42578	0.2205	0.498	-0.051	0	274	371	3
2026-02-12	15:05:43.690	-40.005	9.135	77.245	0.788608	0.145912	0.415288	0.2205	0.498	-0.051	0	274	371	3
2026-02-12	15:05:43.710	-18.62	7.42	74.2	0.803248	0.09028	0.390644	0.228	0.5265	-0.072	0	274	371	3
2026-02-12	15:05:43.730	10.465	8.19	66.85	0.765184	0.055876	0.330132	0.21	0.537	-0.0705	0	274	371	3
2026-02-12	15:05:43.750	46.795	6.965	57.82	0.732976	0.085888	0.309636	0.213	0.5415	-0.057	0	274	371	3
2026-02-12	15:05:43.770	67.06	7.385	52.955	0.657092	0.140788	0.323544	0.204	0.5445	-0.069	0	274	371	3
2026-02-12	15:05:43.790	63.14	10.01	52.99	0.550464	0.1647	0.345016	0.21	0.546	-0.063	0	274	371	3
2026-02-12	15:05:43.810	43.505	12.005	55.44	0.459208	0.13542	0.317444	0.204	0.552	-0.066	0	282	386	3
2026-02-12	15:05:43.830	22.89	10.01	56.805	0.429684	0.085156	0.275964	0.207	0.549	-0.06	0	282	386	3
2026-02-12	15:05:43.850	6.3	3.5	57.68	0.431148	-0.00732	0.251808	0.201	0.5505	-0.0555	0	282	386	3
2026-02-12	15:05:43.870	-1.47	-4.935	58.975	0.427244	-0.086376	0.235704	0.1995	0.555	-0.0615	0	282	386	3
2026-02-12	15:05:43.890	18.27	-17.36	57.435	0.488976	-0.186416	0.27328	0.1995	0.555	-0.0615	0	282	386	3
2026-02-12	15:05:43.910	49.14	-26.285	50.995	0.619272	-0.218868	0.302316	0.1935	0.567	-0.0525	0	282	386	3
2026-02-12	15:05:43.930	82.6	-34.195	40.355	0.777872	-0.246684	0.327936	0.195	0.57	-0.048	0	282	386	3
2026-02-12	15:05:43.950	111.65	-39.76	30.8	0.966728	-0.22814	0.336476	0.195	0.564	-0.0555	0	282	386	3
2026-02-12	15:05:43.970	133.735	-43.75	22.575	1.16388	-0.213012	0.333548	0.1935	0.5595	-0.042	0	282	386	3
2026-02-12	15:05:43.990	147.385	-43.33	15.575	1.243424	-0.16836	0.33916	0.189	0.558	-0.0405	0	282	386	3
2026-02-12	15:05:44.010	155.82	-43.54	11.655	1.324676	-0.0854	0.384788	0.189	0.558	-0.0405	0	289	386	3
2026-02-12	15:05:44.030	158.445	-42.42	10.535	1.464732	0.004636	0.527772	0.189	0.537	-0.009	0	289	386	3
2026-02-12	15:05:44.050	155.96	-32.9	9.205	1.591124	0.0793	0.635864	0.1845	0.5295	-0.003	0	289	386	3
2026-02-12	15:05:44.070	137.76	-20.16	14.28	1.544764	0.127612	0.55876	0.183	0.5235	0.0075	0	289	386	3
2026-02-12	15:05:44.090	93.695	-8.365	19.075	1.617232	0.089548	0.356484	0.171	0.5235	0.0135	0	289	386	3
2026-02-12	15:05:44.110	47.705	4.9	20.58	1.68238	-0.004636	0.2135	0.171	0.5235	0.0135	0	289	386	3
2026-02-12	15:05:44.130	37.45	17.08	20.825	1.555256	-0.064416	0.124196	0.1725	0.5085	0.0285	0	289	386	3
2026-02-12	15:05:44.150	39.55	25.41	25.305	1.446676	-0.010492	0.157624	0.1815	0.5145	0.0255	0	289	386	3
2026-02-12	15:05:44.170	13.51	36.33	32.06	1.330532	0.042212	0.19276	0.1785	0.5145	0.024	0	289	386	3
2026-02-12	15:05:44.190	-25.41	46.585	39.34	1.20902	0.034404	0.181536	0.165	0.5145	0.018	0	289	386	3
2026-02-12	15:05:44.210	-57.54	52.99	47.285	1.083116	0.018788	0.150304	0.1785	0.522	0.0105	0	300	376	3
2026-02-12	15:05:44.230	-83.895	54.39	55.125	0.974292	0.004392	0.122976	0.168	0.522	0.0105	0	300	376	3
2026-02-12	15:05:44.250	-106.995	51.45	62.545	0.907192	-0.039528	0.105896	0.1725	0.5325	-0.003	0	300	376	3
2026-02-12	15:05:44.270	-126.315	45.745	68.39	0.878644	-0.069296	0.110288	0.18	0.5475	-0.018	0	300	376	3
2026-02-12	15:05:44.290	-141.68	39.2	71.47	0.86742	-0.084912	0.119072	0.171	0.561	-0.021	0	300	376	3
2026-02-12	15:05:44.310	-147.63	30.31	70.105	0.867176	-0.111752	0.136152	0.171	0.561	-0.021	0	300	376	3
2026-02-12	15:05:44.330	-140.7	20.965	62.51	0.870592	-0.141764	0.14152	0.171	0.561	-0.021	0	300	376	3
2026-02-12	15:05:44.350	-125.3	14.91	50.89	0.859124	-0.176168	0.15006	0.18	0.603	-0.051	0	300	376	3
2026-02-12	15:05:44.370	-104.37	9.065	35.98	0.872056	-0.2013	0.149328	0.174	0.624	-0.063	0	300	376	3
2026-02-12	15:05:44.390	-80.955	5.355	19.04	0.877424	-0.21838	0.147132	0.174	0.63	-0.0585	0	300	376	3
2026-02-12	15:05:44.410	-57.19	3.465	1.4	0.867908	-0.227408	0.129808	0.186	0.6495	-0.0615	0	311	344	3
2026-02-12	15:05:44.430	-33.075	1.33	-16.31	0.88084	-0.210816	0.122488	0.183	0.6435	-0.057	0	311	344	3
2026-02-12	15:05:44.450	-15.26	-0.91	-33.215	0.88328	-0.193248	0.127368	0.1815	0.651	-0.06	0	311	344	3
2026-02-12	15:05:44.470	-3.955	-4.375	-48.58	0.903044	-0.189832	0.150792	0.18	0.639	-0.066	0	311	344	3
2026-02-12	15:05:44.490	-0.21	-8.015	-61.495	0.929152	-0.182268	0.191784	0.1815	0.6405	-0.0675	0	311	344	3
2026-02-12	15:05:44.510	-7.49	-12.11	-71.435	0.945012	-0.173484	0.226432	0.177	0.642	-0.0585	0	311	344	3
2026-02-12	15:05:44.530	-24.15	-18.41	-81.585	0.976732	-0.195444	0.243756	0.177	0.642	-0.0585	0	311	344	3
2026-02-12	15:05:44.550	-31.29	-22.12	-86.94	1.030412	-0.188856	0.256932	0.1905	0.621	-0.06	0	311	344	3
2026-02-12	15:05:44.570	-39.9	-23.87	-90.65	1.049932	-0.186904	0.262056	0.174	0.6075	-0.054	0	311	344	3
2026-02-12	15:05:44.590	-49.595	-24.22	-91.805	1.03334	-0.206668	0.251076	0.189	0.609	-0.054	0	311	344	3
2026-02-12	15:05:44.610	-56.35	-23.94	-90.895	1.010404	-0.236436	0.239852	0.1905	0.6015	-0.054	0	317	304	3
2026-02-12	15:05:44.630	-56.035	-22.995	-87.92	0.976732	-0.262788	0.241072	0.1815	0.5895	-0.0645	0	317	304	3
2026-02-12	15:05:44.650	-49.98	-21	-83.055	0.93452	-0.26352	0.2501	0.1905	0.588	-0.048	0	317	304	3
2026-02-12	15:05:44.670	-40.565	-17.43	-76.475	0.878888	-0.263764	0.254736	0.198	0.5745	-0.0555	0	317	304	3
2026-02-12	15:05:44.690	-29.925	-13.265	-68.985	0.834724	-0.2562	0.253272	0.1995	0.5715	-0.0495	0	317	304	3
2026-02-12	15:05:44.710	-19.985	-8.47	-61.46	0.804468	-0.244244	0.25498	0.201	0.5655	-0.0525	0	317	304	3
2026-02-12	15:05:44.730	-10.99	-0.805	-51.625	0.749812	-0.226676	0.244	0.195	0.5535	-0.0525	0	317	304	3
2026-02-12	15:05:44.750	-5.81	5.985	-42.56	0.736148	-0.190564	0.224236	0.195	0.5535	-0.0525	0	317	304	3
2026-02-12	15:05:44.770	-7.28	11.27	-36.33	0.728828	-0.1586	0.199104	0.1965	0.5535	-0.045	0	317	304	3
2026-02-12	15:05:44.790	-15.645	15.855	-30.275	0.7259	-0.12932	0.184464	0.1995	0.549	-0.054	0	317	304	3
2026-02-12	15:05:44.810	-28.945	18.795	-25.41	0.765184	-0.108092	0.183	0.204	0.5385	-0.0585	0	315	276	3
2026-02-12	15:05:44.830	-43.47	20.615	-22.96	0.815936	-0.10858	0.187392	0.222	0.5415	-0.048	0	315	276	3
2026-02-12	15:05:44.850	-53.62	20.3	-22.645	0.925004	-0.116632	0.186904	0.2115	0.5415	-0.0585	0	315	276	3
2026-02-12	15:05:44.870	-58.24	18.025	-24.955	1.06262	-0.132248	0.196908	0.216	0.5415	-0.0645	0	315	276	3
2026-02-12	15:05:44.890	-60.48	17.01	-28.28	1.148508	-0.149328	0.225944	0.2175	0.54	-0.063	0	315	276	3
2026-02-12	15:05:44.910	-59.99	16.31	-32.025	1.185352	-0.168116	0.254248	0.228	0.5505	-0.0795	0	315	276	3
2026-02-12	15:05:44.930	-56.14	13.37	-37.485	1.280268	-0.155184	0.279136	0.222	0.54	-0.0765	0	315	276	3
2026-02-12	15:05:44.950	-58.45	7.945	-47.075	1.420812	-0.12444	0.297924	0.222	0.54	-0.0765	0	315	276	3
2026-02-12	15:05:44.970	-63.35	4.165	-55.16	1.417396	-0.138836	0.34282	0.222	0.54	-0.0765	0	315	276	3
2026-02-12	15:05:44.990	-51.695	0.945	-59.36	1.338828	-0.140056	0.412116	0.228	0.549	-0.096	0	315	276	3
