yyyy-MM-dd	HH:mm:ss.fff	gyrX	gyrY	gyrZ	accX	accY	accZ	magX	magY	magZ	Marker	Energy	Angle	Classification
2026-02-12	15:28:59.210	-63.35	-101.36	-259.42	1.796572	-0.311588	0.457256	0.177	0.492	-0.276	0	373	386	3
2026-02-12	15:28:59.230	-49.07	-97.055	-257.46	1.71898	-0.339892	0.501908	0.162	0.4575	-0.2625	0	373	386	3
2026-02-12	15:28:59.250	-31.255	-90.44	-250.39	1.643096	-0.383812	0.547048	0.1605	0.4365	-0.252	0	373	386	3
2026-02-12	15:28:59.270	-10.675	-81.025	-237.79	1.527196	-0.426756	0.580232	0.1635	0.4215	-0.246	0	373	386	3
2026-02-12	15:28:59.290	11.76	-68.775	-220.465	1.390312	-0.458476	0.599752	0.1755	0.396	-0.2385	0	373	386	3
2026-02-12	15:28:59.310	33.46	-54.495	-199.92	1.338096	-0.449448	0.582184	0.1875	0.3735	-0.234	0	373	386	3
2026-02-12	15:28:59.330	63.91	-23.345	-176.645	1.22854	-0.483852	0.560956	0.1965	0.351	-0.2265	0	373	386	3
2026-02-12	15:28:59.350	129.99	-16.765	-144.655	1.045052	-0.60024	0.548268	0.2055	0.3285	-0.216	0	373	386	3
2026-02-12	15:28:59.370	182.665	-41.405	-95.55	0.69662	-0.46604	0.638792	0.2175	0.312	-0.1995	0	373	386	3
2026-02-12	15:28:59.390	150.605	-56.385	-54.81	0.584136	-0.226188	0.687836	0.228	0.2955	-0.1845	0	373	386	3
2026-02-12	15:28:59.410	30.17	-37.835	-18.41	0.589016	-0.159088	0.730536	0.2295	0.285	-0.18	0	380	389	3
2026-02-12	15:28:59.430	-34.02	-17.08	3.92	0.546072	-0.097112	0.715652	0.2295	0.285	-0.18	0	380	389	3
2026-02-12	15:28:59.450	-91.21	-1.785	22.085	0.52582	-0.055632	0.661728	0.2235	0.2625	-0.1575	0	380	389	3
2026-02-12	15:28:59.470	-142.52	13.755	36.33	0.498492	-0.19886	0.589992	0.225	0.276	-0.171	0	380	389	3
2026-02-12	15:28:59.490	-162.225	21.07	53.83	0.49776	-0.3355	0.56242	0.222	0.279	-0.177	0	380	389	3
2026-02-12	15:28:59.510	-151.34	22.61	73.745	0.55266	-0.424316	0.550952	0.2205	0.2925	-0.1905	0	380	389	3
2026-02-12	15:28:59.530	-117.915	22.085	95.165	0.65148	-0.4514	0.561932	0.216	0.306	-0.207	0	380	389	3
2026-02-12	15:28:59.550	-67.62	25.585	114.345	0.786412	-0.460428	0.595848	0.213	0.327	-0.2235	0	380	389	3
2026-02-12	15:28:59.570	-8.61	32.9	134.505	0.886696	-0.438956	0.649528	0.204	0.3495	-0.234	0	380	389	3
2026-02-12	15:28:59.590	52.15	41.825	156.87	1.003816	-0.411628	0.673928	0.1935	0.363	-0.234	0	380	389	3
2026-02-12	15:28:59.610	108.185	51.45	177.03	1.1529	-0.32818	0.690764	0.186	0.3675	-0.234	0	392	428	3
2026-02-12	15:28:59.630	168.175	69.965	200.025	1.337852	-0.1586	0.645868	0.177	0.369	-0.237	0	392	428	3
2026-02-12	15:28:59.650	190.19	82.425	209.965	1.438868	-0.075884	0.59658	0.174	0.3885	-0.2265	0	392	428	3
2026-02-12	15:28:59.670	197.4	94.605	213.08	1.503772	-0.02074	0.548756	0.1695	0.3915	-0.2235	0	392	428	3
2026-02-12	15:28:59.690	190.26	106.12	207.865	1.56892	-0.007076	0.531676	0.159	0.3885	-0.234	0	392	428	3
2026-02-12	15:28:59.710	173.985	117.67	194.18	1.64334	-0.001464	0.558272	0.156	0.396	-0.225	0	392	428	3
2026-02-12	15:28:59.730	154	131.6	177.205	1.690432	-0.017568	0.618052	0.1545	0.408	-0.219	0	392	428	3
2026-02-12	15:28:59.750	135.555	147.035	162.75	1.692628	-0.017324	0.63562	0.1545	0.411	-0.228	0	392	428	3
2026-02-12	15:28:59.770	119.735	158.41	147.7	1.741428	-0.0061	0.64294	0.1545	0.417	-0.2385	0	392	428	3
2026-02-12	15:28:59.790	100.94	169.085	131.215	1.762168	-0.003416	0.665388	0.1635	0.423	-0.2475	0	392	428	3
2026-02-12	15:28:59.810	77.35	179.69	119.07	1.713856	-0.017812	0.65758	0.18	0.4245	-0.258	0	404	477	3
2026-02-12	15:28:59.830	47.53	187.32	110.705	1.618696	0.016348	0.585844	0.198	0.4305	-0.276	0	404	477	3
2026-02-12	15:28:59.850	12.67	189.805	104.125	1.54818	0.05124	0.51728	0.2055	0.435	-0.288	0	404	477	3
2026-02-12	15:28:59.870	-20.16	189.35	100.485	1.484252	0.052704	0.48556	0.243	0.447	-0.3165	0	404	477	3
2026-02-12	15:28:59.890	-49.875	187.04	99.855	1.39324	0.032696	0.448716	0.255	0.45	-0.3315	0	404	477	3
2026-02-12	15:28:59.910	-79.975	179.585	103.53	1.286856	0.027572	0.399428	0.2865	0.456	-0.342	0	404	477	3
2026-02-12	15:28:59.930	-116.97	167.79	110.215	1.230004	-0.005368	0.355508	0.294	0.468	-0.351	0	404	477	3
2026-02-12	15:28:59.950	-140.84	166.075	119	1.17364	-0.10858	0.334768	0.3135	0.492	-0.3645	0	404	477	3
2026-02-12	15:28:59.970	-124.95	165.2	128.52	1.060424	-0.16348	0.305732	0.342	0.5145	-0.369	0	404	477	3
2026-02-12	15:28:59.990	-72.205	151.13	131.95	0.878156	0.010492	0.19886	0.3705	0.5385	-0.375	0	404	477	3
2026-02-12	15:29:12.010	-7.105	-40.81	-36.085	0.49532	-0.46482	0.392352	0.222	0.723	-0.2715	0	324	337	3
2026-02-12	15:29:12.030	-30.065	-45.115	-40.53	0.491172	-0.426268	0.365756	0.2205	0.714	-0.2715	0	324	337	3
2026-02-12	15:29:12.050	-49.035	-48.58	-45.815	0.484828	-0.423096	0.353556	0.2115	0.7095	-0.27	0	324	337	3
2026-02-12	15:29:12.070	-47.81	-50.295	-53.76	0.4697	-0.397476	0.35624	0.204	0.7155	-0.2685	0	324	337	3
2026-02-12	15:29:12.090	-33.74	-50.855	-65.065	0.474336	-0.337452	0.370636	0.1995	0.7155	-0.264	0	324	337	3
2026-02-12	15:29:12.110	-19.985	-48.405	-80.78	0.477752	-0.286456	0.35502	0.1905	0.7125	-0.2565	0	324	337	3
2026-02-12	15:29:12.130	-8.785	-46.515	-98.7	0.511424	-0.287188	0.315492	0.186	0.7125	-0.255	0	324	337	3
2026-02-12	15:29:12.150	7.77	-46.48	-118.755	0.563152	-0.242292	0.264984	0.171	0.705	-0.2355	0	324	337	3
2026-02-12	15:29:12.170	46.305	-46.165	-139.265	0.63562	-0.246196	0.281088	0.1635	0.681	-0.2475	0	324	337	3
2026-02-12	15:29:12.190	102.13	-44.065	-148.295	0.782264	-0.40016	0.377956	0.1545	0.678	-0.2415	0	324	337	3
2026-02-12	15:29:00.210	19.53	-104.475	-101.43	0.956724	0.123708	0.297192	0.39	0.519	-0.384	0	425	479	3
2026-02-12	15:29:00.230	1.4	-117.565	-112.035	1.039196	0.104432	0.316712	0.3735	0.513	-0.378	0	425	479	3
2026-02-12	15:29:00.250	-24.255	-131.46	-122.325	1.128256	0.102968	0.343796	0.3585	0.5115	-0.372	0	425	479	3
2026-02-12	15:29:00.270	-67.48	-147.105	-142.205	1.2932	0.05002	0.376736	0.3525	0.513	-0.3705	0	425	479	3
2026-02-12	15:29:00.290	-94.535	-154.805	-157.78	1.381528	0.01342	0.372344	0.312	0.51	-0.36	0	425	479	3
2026-02-12	15:29:00.310	-122.325	-161.91	-175.35	1.474736	-0.046848	0.363804	0.3	0.51	-0.354	0	425	479	3
2026-02-12	15:29:00.330	-143.885	-166.565	-193.13	1.582828	-0.14152	0.368928	0.2775	0.5175	-0.3525	0	425	479	3
2026-02-12	15:29:00.350	-151.375	-168.595	-211.155	1.713368	-0.217892	0.385032	0.252	0.5295	-0.336	0	425	479	3
2026-02-12	15:29:00.370	-150.535	-166.32	-229.495	1.824876	-0.266936	0.413336	0.2385	0.528	-0.3285	0	425	479	3
2026-02-12	15:29:00.390	-144.445	-160.265	-246.365	1.906128	-0.314516	0.441884	0.2235	0.5295	-0.318	0	425	479	3
2026-02-12	15:29:00.410	-132.195	-150.885	-259.875	1.891488	-0.349164	0.459208	0.2055	0.528	-0.309	0	434	440	3
2026-02-12	15:29:00.430	-110.075	-141.47	-269.045	1.842932	-0.397964	0.459208	0.1845	0.5145	-0.2925	0	434	440	3
2026-02-12	15:29:00.450	-72.8	-133.63	-271.985	1.843908	-0.412604	0.54778	0.177	0.4965	-0.2775	0	434	440	3
2026-02-12	15:29:00.470	-22.855	-120.47	-265.195	1.753384	-0.4026	0.615124	0.171	0.4785	-0.264	0	434	440	3
2026-02-12	15:29:00.490	22.575	-104.405	-248.045	1.657736	-0.427	0.649772	0.1665	0.468	-0.2535	0	434	440	3
2026-02-12	15:29:00.510	55.65	-89.6	-225.645	1.568432	-0.47946	0.71736	0.162	0.42	-0.2475	0	434	440	3
2026-02-12	15:29:00.530	79.38	-73.5	-194.74	1.429596	-0.41846	0.73444	0.171	0.3915	-0.228	0	434	440	3
2026-02-12	15:29:00.550	73.465	-70.7	-160.58	1.210972	-0.226676	0.69418	0.18	0.3645	-0.21	0	434	440	3
2026-02-12	15:29:00.570	32.165	-74.375	-129.885	1.008208	-0.242048	0.718092	0.183	0.339	-0.2115	0	434	440	3
2026-02-12	15:29:00.590	4.305	-74.935	-98.805	0.823256	-0.30012	0.750544	0.186	0.3285	-0.2025	0	434	440	3
2026-02-12	15:29:00.610	3.045	-73.99	-71.295	0.721996	-0.192516	0.79666	0.1905	0.318	-0.186	0	444	435	3
2026-02-12	15:29:00.630	-11.62	-63.63	-51.905	0.681248	-0.123952	0.787876	0.1875	0.312	-0.18	0	444	435	3
2026-02-12	15:29:00.650	-38.255	-48.16	-36.645	0.639036	-0.13298	0.735172	0.1875	0.306	-0.177	0	444	435	3
2026-02-12	15:29:00.670	-63.315	-32.83	-21.49	0.620004	-0.21716	0.686616	0.195	0.3045	-0.18	0	444	435	3
2026-02-12	15:29:00.690	-87.045	-11.41	2.135	0.624152	-0.323056	0.637328	0.1995	0.303	-0.1845	0	444	435	3
2026-02-12	15:29:00.710	-87.325	2.275	20.93	0.660508	-0.425048	0.582672	0.1995	0.303	-0.1845	0	444	435	3
2026-02-12	15:29:00.730	-65.205	15.505	43.365	0.699304	-0.491416	0.549	0.1935	0.3285	-0.183	0	444	435	3
2026-02-12	15:29:00.750	-27.44	27.23	68.355	0.753228	-0.489708	0.513864	0.1845	0.3405	-0.2055	0	444	435	3
2026-02-12	15:29:00.770	17.71	37.765	92.26	0.829356	-0.442372	0.489952	0.183	0.3465	-0.1995	0	444	435	3
2026-02-12	15:29:00.790	60.865	48.37	113.12	0.915732	-0.366	0.506544	0.1815	0.3525	-0.2055	0	444	435	3
2026-02-12	15:29:00.810	98.56	62.685	131.145	1.00528	-0.294264	0.52338	0.177	0.3525	-0.2055	0	453	469	3
2026-02-12	15:29:00.830	129.5	77.385	145.635	1.103856	-0.180072	0.542656	0.168	0.3555	-0.207	0	453	469	3
2026-02-12	15:29:00.850	144.06	91.63	155.085	1.206092	-0.087108	0.58194	0.1635	0.3645	-0.2055	0	453	469	3
2026-02-12	15:29:00.870	145.39	108.85	160.825	1.352248	-0.0427	0.718336	0.1605	0.3705	-0.204	0	453	469	3
2026-02-12	15:29:00.890	143.815	132.44	169.26	1.466684	0.044652	0.8296	0.159	0.3765	-0.2055	0	453	469	3
2026-02-12	15:29:00.910	102.2	157.045	183.645	1.560624	0.237656	0.786656	0.162	0.384	-0.204	0	453	469	3
2026-02-12	15:29:00.930	39.62	167.02	187.46	1.632604	0.235704	0.71736	0.165	0.39	-0.222	0	453	469	3
2026-02-12	15:29:00.950	-22.33	169.33	189.875	1.65554	0.174704	0.684664	0.168	0.408	-0.237	0	453	469	3
2026-02-12	15:29:00.970	-66.745	167.265	191.345	1.59698	0.097844	0.635132	0.18	0.4305	-0.261	0	453	469	3
2026-02-12	15:29:00.990	-97.545	155.82	190.19	1.52622	0.013664	0.546804	0.1845	0.4515	-0.279	0	453	469	3
2026-02-12	15:29:01.010	-121.555	138.04	185.78	1.46522	-0.0854	0.482876	0.1995	0.486	-0.2895	0	459	513	3
2026-02-12	15:29:01.030	-132.72	120.995	180.04	1.38958	-0.17324	0.476044	0.2025	0.4965	-0.2985	0	459	513	3
2026-02-12	15:29:01.050	-129.36	104.79	171.325	1.331752	-0.221796	0.445056	0.2175	0.5265	-0.315	0	459	513	3
2026-02-12	15:29:01.070	-129.85	91.735	160.72	1.29442	-0.220576	0.416996	0.234	0.558	-0.327	0	459	513	3
2026-02-12	15:29:01.090	-129.395	86.765	147.875	1.213412	-0.278648	0.407724	0.246	0.585	-0.3315	0	459	513	3
2026-02-12	15:29:01.110	-102.06	79.87	133	1.116788	-0.327936	0.389668	0.2505	0.6	-0.3315	0	459	513	3
2026-02-12	15:29:01.130	-65.555	71.715	118.72	1.055056	-0.329156	0.32696	0.2505	0.6	-0.3315	0	459	513	3
2026-02-12	15:29:01.150	-42.175	67.445	107.38	1.017236	-0.345504	0.293776	0.2925	0.6675	-0.3345	0	459	513	3
2026-02-12	15:29:01.170	-15.435	64.75	98.595	0.971364	-0.382592	0.326472	0.315	0.681	-0.345	0	459	513	3
2026-02-12	15:29:01.190	17.71	64.61	94.535	0.927444	-0.389912	0.391864	0.333	0.687	-0.3465	0	459	513	3
2026-02-12	15:28:59.210	-63.35	-101.36	-259.42	1.796572	-0.311588	0.457256	0.177	0.492	-0.276	0	373	386	3
2026-02-12	15:28:59.230	-49.07	-97.055	-257.46	1.71898	-0.339892	0.501908	0.162	0.4575	-0.2625	0	373	386	3
2026-02-12	15:28:59.250	-31.255	-90.44	-250.39	1.643096	-0.383812	0.547048	0.1605	0.4365	-0.252	0	373	386	3
2026-02-12	15:28:59.270	-10.675	-81.025	-237.79	1.527196	-0.426756	0.580232	0.1635	0.4215	-0.246	0	373	386	3
2026-02-12	15:28:59.290	11.76	-68.775	-220.465	1.390312	-0.458476	0.599752	0.1755	0.396	-0.2385	0	373	386	3
2026-02-12	15:28:59.310	33.46	-54.495	-199.92	1.338096	-0.449448	0.582184	0.1875	0.3735	-0.234	0	373	386	3
2026-02-12	15:28:59.330	63.91	-23.345	-176.645	1.22854	-0.483852	0.560956	0.1965	0.351	-0.2265	0	373	386	3
2026-02-12	15:28:59.350	129.99	-16.765	-144.655	1.045052	-0.60024	0.548268	0.2055	0.3285	-0.216	0	373	386	3
2026-02-12	15:28:59.370	182.665	-41.405	-95.55	0.69662	-0.46604	0.638792	0.2175	0.312	-0.1995	0	373	386	3
2026-02-12	15:28:59.390	150.605	-56.385	-54.81	0.584136	-0.226188	0.687836	0.228	0.2955	-0.1845	0	373	386	3
2026-02-12	15:28:59.410	30.17	-37.835	-18.41	0.589016	-0.159088	0.730536	0.2295	0.285	-0.18	0	380	389	3
2026-02-12	15:28:59.430	-34.02	-17.08	3.92	0.546072	-0.097112	0.715652	0.2295	0.285	-0.18	0	380	389	3
2026-02-12	15:28:59.450	-91.21	-1.785	22.085	0.52582	-0.055632	0.661728	0.2235	0.2625	-0.1575	0	380	389	3
2026-02-12	15:28:59.470	-142.52	13.755	36.33	0.498492	-0.19886	0.589992	0.225	0.276	-0.171	0	380	389	3
2026-02-12	15:28:59.490	-162.225	21.07	53.83	0.49776	-0.3355	0.56242	0.222	0.279	-0.177	0	380	389	3
2026-02-12	15:28:59.510	-151.34	22.61	73.745	0.55266	-0.424316	0.550952	0.2205	0.2925	-0.1905	0	380	389	3
2026-02-12	15:28:59.530	-117.915	22.085	95.165	0.65148	-0.4514	0.561932	0.216	0.306	-0.207	0	380	389	3
2026-02-12	15:28:59.550	-67.62	25.585	114.345	0.786412	-0.460428	0.595848	0.213	0.327	-0.2235	0	380	389	3
2026-02-12	15:28:59.570	-8.61	32.9	134.505	0.886696	-0.438956	0.649528	0.204	0.3495	-0.234	0	380	389	3
2026-02-12	15:28:59.590	52.15	41.825	156.87	1.003816	-0.411628	0.673928	0.1935	0.363	-0.234	0	380	389	3
2026-02-12	15:28:59.610	108.185	51.45	177.03	1.1529	-0.32818	0.690764	0.186	0.3675	-0.234	0	392	428	3
2026-02-12	15:28:59.630	168.175	69.965	200.025	1.337852	-0.1586	0.645868	0.177	0.369	-0.237	0	392	428	3
2026-02-12	15:28:59.650	190.19	82.425	209.965	1.438868	-0.075884	0.59658	0.174	0.3885	-0.2265	0	392	428	3
2026-02-12	15:28:59.670	197.4	94.605	213.08	1.503772	-0.02074	0.548756	0.1695	0.3915	-0.2235	0	392	428	3
2026-02-12	15:28:59.690	190.26	106.12	207.865	1.56892	-0.007076	0.531676	0.159	0.3885	-0.234	0	392	428	3
2026-02-12	15:28:59.710	173.985	117.67	194.18	1.64334	-0.001464	0.558272	0.156	0.396	-0.225	0	392	428	3
2026-02-12	15:28:59.730	154	131.6	177.205	1.690432	-0.017568	0.618052	0.1545	0.408	-0.219	0	392	428	3
2026-02-12	15:28:59.750	135.555	147.035	162.75	1.692628	-0.017324	0.63562	0.1545	0.411	-0.228	0	392	428	3
2026-02-12	15:28:59.770	119.735	158.41	147.7	1.741428	-0.0061	0.64294	0.1545	0.417	-0.2385	0	392	428	3
2026-02-12	15:28:59.790	100.94	169.085	131.215	1.762168	-0.003416	0.665388	0.1635	0.423	-0.2475	0	392	428	3
2026-02-12	15:28:59.810	77.35	179.69	119.07	1.713856	-0.017812	0.65758	0.18	0.4245	-0.258	0	404	477	3
2026-02-12	15:28:59.830	47.53	187.32	110.705	1.618696	0.016348	0.585844	0.198	0.4305	-0.276	0	404	477	3
2026-02-12	15:28:59.850	12.67	189.805	104.125	1.54818	0.05124	0.51728	0.2055	0.435	-0.288	0	404	477	3
2026-02-12	15:28:59.870	-20.16	189.35	100.485	1.484252	0.052704	0.48556	0.243	0.447	-0.3165	0	404	477	3
2026-02-12	15:28:59.890	-49.875	187.04	99.855	1.39324	0.032696	0.448716	0.255	0.45	-0.3315	0	404	477	3
2026-02-12	15:28:59.910	-79.975	179.585	103.53	1.286856	0.027572	0.399428	0.2865	0.456	-0.342	0	404	477	3
2026-02-12	15:28:59.930	-116.97	167.79	110.215	1.230004	-0.005368	0.355508	0.294	0.468	-0.351	0	404	477	3
2026-02-12	15:28:59.950	-140.84	166.075	119	1.17364	-0.10858	0.334768	0.3135	0.492	-0.3645	0	404	477	3
2026-02-12	15:28:59.970	-124.95	165.2	128.52	1.060424	-0.16348	0.305732	0.342	0.5145	-0.369	0	404	477	3
2026-02-12	15:28:59.990	-72.205	151.13	131.95	0.878156	0.010492	0.19886	0.3705	0.5385	-0.375	0	404	477	3
2026-02-12	15:29:12.010	-7.105	-40.81	-36.085	0.49532	-0.46482	0.392352	0.222	0.723	-0.2715	0	324	337	3
2026-02-12	15:29:12.030	-30.065	-45.115	-40.53	0.491172	-0.426268	0.365756	0.2205	0.714	-0.2715	0	324	337	3
2026-02-12	15:29:12.050	-49.035	-48.58	-45.815	0.484828	-0.423096	0.353556	0.2115	0.7095	-0.27	0	324	337	3
2026-02-12	15:29:12.070	-47.81	-50.295	-53.76	0.4697	-0.397476	0.35624	0.204	0.7155	-0.2685	0	324	337	3
2026-02-12	15:29:12.090	-33.74	-50.855	-65.065	0.474336	-0.337452	0.370636	0.1995	0.7155	-0.264	0	324	337	3
2026-02-12	15:29:12.110	-19.985	-48.405	-80.78	0.477752	-0.286456	0.35502	0.1905	0.7125	-0.2565	0	324	337	3
2026-02-12	15:29:12.130	-8.785	-46.515	-98.7	0.511424	-0.287188	0.315492	0.186	0.7125	-0.255	0	324	337	3
2026-02-12	15:29:12.150	7.77	-46.48	-118.755	0.563152	-0.242292	0.264984	0.171	0.705	-0.2355	0	324	337	3
2026-02-12	15:29:12.170	46.305	-46.165	-139.265	0.63562	-0.246196	0.281088	0.1635	0.681	-0.2475	0	324	337	3
2026-02-12	15:29:12.190	102.13	-44.065	-148.295	0.782264	-0.40016	0.377956	0.1545	0.678	-0.2415	0	324	337	3
2026-02-12	15:29:00.210	19.53	-104.475	-101.43	0.956724	0.123708	0.297192	0.39	0.519	-0.384	0	425	479	3
2026-02-12	15:29:00.230	1.4	-117.565	-112.035	1.039196	0.104432	0.316712	0.3735	0.513	-0.378	0	425	479	3
2026-02-12	15:29:00.250	-24.255	-131.46	-122.325	1.128256	0.102968	0.343796	0.3585	0.5115	-0.372	0	425	479	3
2026-02-12	15:29:00.270	-67.48	-147.105	-142.205	1.2932	0.05002	0.376736	0.3525	0.513	-0.3705	0	425	479	3
2026-02-12	15:29:00.290	-94.535	-154.805	-157.78	1.381528	0.01342	0.372344	0.312	0.51	-0.36	0	425	479	3
2026-02-12	15:29:00.310	-122.325	-161.91	-175.35	1.474736	-0.046848	0.363804	0.3	0.51	-0.354	0	425	479	3
2026-02-12	15:29:00.330	-143.885	-166.565	-193.13	1.582828	-0.14152	0.368928	0.2775	0.5175	-0.3525	0	425	479	3
2026-02-12	15:29:00.350	-151.375	-168.595	-211.155	1.713368	-0.217892	0.385032	0.252	0.5295	-0.336	0	425	479	3
2026-02-12	15:29:00.370	-150.535	-166.32	-229.495	1.824876	-0.266936	0.413336	0.2385	0.528	-0.3285	0	425	479	3
2026-02-12	15:29:00.390	-144.445	-160.265	-246.365	1.906128	-0.314516	0.441884	0.2235	0.5295	-0.318	0	425	479	3
2026-02-12	15:29:00.410	-132.195	-150.885	-259.875	1.891488	-0.349164	0.459208	0.2055	0.528	-0.309	0	434	440	3
2026-02-12	15:29:00.430	-110.075	-141.47	-269.045	1.842932	-0.397964	0.459208	0.1845	0.5145	-0.2925	0	434	440	3
2026-02-12	15:29:00.450	-72.8	-133.63	-271.985	1.843908	-0.412604	0.54778	0.177	0.4965	-0.2775	0	434	440	3
2026-02-12	15:29:00.470	-22.855	-120.47	-265.195	1.753384	-0.4026	0.615124	0.171	0.4785	-0.264	0	434	440	3
2026-02-12	15:29:00.490	22.575	-104.405	-248.045	1.657736	-0.427	0.649772	0.1665	0.468	-0.2535	0	434	440	3
2026-02-12	15:29:00.510	55.65	-89.6	-225.645	1.568432	-0.47946	0.71736	0.162	0.42	-0.2475	0	434	440	3
2026-02-12	15:29:00.530	79.38	-73.5	-194.74	1.429596	-0.41846	0.73444	0.171	0.3915	-0.228	0	434	440	3
2026-02-12	15:29:00.550	73.465	-70.7	-160.58	1.210972	-0.226676	0.69418	0.18	0.3645	-0.21	0	434	440	3
2026-02-12	15:29:00.570	32.165	-74.375	-129.885	1.008208	-0.242048	0.718092	0.183	0.339	-0.2115	0	434	440	3
2026-02-12	15:29:00.590	4.305	-74.935	-98.805	0.823256	-0.30012	0.750544	0.186	0.3285	-0.2025	0	434	440	3
2026-02-12	15:29:00.610	3.045	-73.99	-71.295	0.721996	-0.192516	0.79666	0.1905	0.318	-0.186	0	444	435	3
2026-02-12	15:29:00.630	-11.62	-63.63	-51.905	0.681248	-0.123952	0.787876	0.1875	0.312	-0.18	0	444	435	3
2026-02-12	15:29:00.650	-38.255	-48.16	-36.645	0.639036	-0.13298	0.735172	0.1875	0.306	-0.177	0	444	435	3
2026-02-12	15:29:00.670	-63.315	-32.83	-21.49	0.620004	-0.21716	0.686616	0.195	0.3045	-0.18	0	444	435	3
2026-02-12	15:29:00.690	-87.045	-11.41	2.135	0.624152	-0.323056	0.637328	0.1995	0.303	-0.1845	0	444	435	3
2026-02-12	15:29:00.710	-87.325	2.275	20.93	0.660508	-0.425048	0.582672	0.1995	0.303	-0.1845	0	444	435	3
2026-02-12	15:29:00.730	-65.205	15.505	43.365	0.699304	-0.491416	0.549	0.1935	0.3285	-0.183	0	444	435	3
2026-02-12	15:29:00.750	-27.44	27.23	68.355	0.753228	-0.489708	0.513864	0.1845	0.3405	-0.2055	0	444	435	3
2026-02-12	15:29:00.770	17.71	37.765	92.26	0.829356	-0.442372	0.489952	0.183	0.3465	-0.1995	0	444	435	3
2026-02-12	15:29:00.790	60.865	48.37	113.12	0.915732	-0.366	0.506544	0.1815	0.3525	-0.2055	0	444	435	3
2026-02-12	15:29:00.810	98.56	62.685	131.145	1.00528	-0.294264	0.52338	0.177	0.3525	-0.2055	0	453	469	3
2026-02-12	15:29:00.830	129.5	77.385	145.635	1.103856	-0.180072	0.542656	0.168	0.3555	-0.207	0	453	469	3
2026-02-12	15:29:00.850	144.06	91.63	155.085	1.206092	-0.087108	0.58194	0.1635	0.3645	-0.2055	0	453	469	3
2026-02-12	15:29:00.870	145.39	108.85	160.825	1.352248	-0.0427	0.718336	0.1605	0.3705	-0.204	0	453	469	3
2026-02-12	15:29:00.890	143.815	132.44	169.26	1.466684	0.044652	0.8296	0.159	0.3765	-0.2055	0	453	469	3
2026-02-12	15:29:00.910	102.2	157.045	183.645	1.560624	0.237656	0.786656	0.162	0.384	-0.204	0	453	469	3
2026-02-12	15:29:00.930	39.62	167.02	187.46	1.632604	0.235704	0.71736	0.165	0.39	-0.222	0	453	469	3
2026-02-12	15:29:00.950	-22.33	169.33	189.875	1.65554	0.174704	0.684664	0.168	0.408	-0.237	0	453	469	3
2026-02-12	15:29:00.970	-66.745	167.265	191.345	1.59698	0.097844	0.635132	0.18	0.4305	-0.261	0	453	469	3
2026-02-12	15:29:00.990	-97.545	155.82	190.19	1.52622	0.013664	0.546804	0.1845	0.4515	-0.279	0	453	469	3
2026-02-12	15:29:01.010	-121.555	138.04	185.78	1.46522	-0.0854	0.482876	0.1995	0.486	-0.2895	0	459	513	3
2026-02-12	15:29:01.030	-132.72	120.995	180.04	1.38958	-0.17324	0.476044	0.2025	0.4965	-0.2985	0	459	513	3
2026-02-12	15:29:01.050	-129.36	104.79	171.325	1.331752	-0.221796	0.445056	0.2175	0.5265	-0.315	0	459	513	3
2026-02-12	15:29:01.070	-129.85	91.735	160.72	1.29442	-0.220576	0.416996	0.234	0.558	-0.327	0	459	513	3
2026-02-12	15:29:01.090	-129.395	86.765	147.875	1.213412	-0.278648	0.407724	0.246	0.585	-0.3315	0	459	513	3
2026-02-12	15:29:01.110	-102.06	79.87	133	1.116788	-0.327936	0.389668	0.2505	0.6	-0.3315	0	459	513	3
2026-02-12	15:29:01.130	-65.555	71.715	118.72	1.055056	-0.329156	0.32696	0.2505	0.6	-0.3315	0	459	513	3
2026-02-12	15:29:01.150	-42.175	67.445	107.38	1.017236	-0.345504	0.293776	0.2925	0.6675	-0.3345	0	459	513	3
2026-02-12	15:29:01.170	-15.435	64.75	98.595	0.971364	-0.382592	0.326472	0.315	0.681	-0.345	0	459	513	3
2026-02-12	15:29:01.190	17.71	64.61	94.535	0.927444	-0.389912	0.391864	0.333	0.687	-0.3465	0	459	513	3
2026-02-12	15:28:59.210	-63.35	-101.36	-259.42	1.796572	-0.311588	0.457256	0.177	0.492	-0.276	0	373	386	3
2026-02-12	15:28:59.230	-49.07	-97.055	-257.46	1.71898	-0.339892	0.501908	0.162	0.4575	-0.2625	0	373	386	3
2026-02-12	15:28:59.250	-31.255	-90.44	-250.39	1.643096	-0.383812	0.547048	0.1605	0.4365	-0.252	0	373	386	3
2026-02-12	15:28:59.270	-10.675	-81.025	-237.79	1.527196	-0.426756	0.580232	0.1635	0.4215	-0.246	0	373	386	3
2026-02-12	15:28:59.290	11.76	-68.775	-220.465	1.390312	-0.458476	0.599752	0.1755	0.396	-0.2385	0	373	386	3
2026-02-12	15:28:59.310	33.46	-54.495	-199.92	1.338096	-0.449448	0.582184	0.1875	0.3735	-0.234	0	373	386	3
2026-02-12	15:28:59.330	63.91	-23.345	-176.645	1.22854	-0.483852	0.560956	0.1965	0.351	-0.2265	0	373	386	3
2026-02-12	15:28:59.350	129.99	-16.765	-144.655	1.045052	-0.60024	0.548268	0.2055	0.3285	-0.216	0	373	386	3
2026-02-12	15:28:59.370	182.665	-41.405	-95.55	0.69662	-0.46604	0.638792	0.2175	0.312	-0.1995	0	373	386	3
2026-02-12	15:28:59.390	150.605	-56.385	-54.81	0.584136	-0.226188	0.687836	0.228	0.2955	-0.1845	0	373	386	3
2026-02-12	15:28:59.410	30.17	-37.835	-18.41	0.589016	-0.159088	0.730536	0.2295	0.285	-0.18	0	380	389	3
2026-02-12	15:28:59.430	-34.02	-17.08	3.92	0.546072	-0.097112	0.715652	0.2295	0.285	-0.18	0	380	389	3
2026-02-12	15:28:59.450	-91.21	-1.785	22.085	0.52582	-0.055632	0.661728	0.2235	0.2625	-0.1575	0	380	389	3
2026-02-12	15:28:59.470	-142.52	13.755	36.33	0.498492	-0.19886	0.589992	0.225	0.276	-0.171	0	380	389	3
2026-02-12	15:28:59.490	-162.225	21.07	53.83	0.49776	-0.3355	0.56242	0.222	0.279	-0.177	0	380	389	3
2026-02-12	15:28:59.510	-151.34	22.61	73.745	0.55266	-0.424316	0.550952	0.2205	0.2925	-0.1905	0	380	389	3
2026-02-12	15:28:59.530	-117.915	22.085	95.165	0.65148	-0.4514	0.561932	0.216	0.306	-0.207	0	380	389	3
2026-02-12	15:28:59.550	-67.62	25.585	114.345	0.786412	-0.460428	0.595848	0.213	0.327	-0.2235	0	380	389	3
2026-02-12	15:28:59.570	-8.61	32.9	134.505	0.886696	-0.438956	0.649528	0.204	0.3495	-0.234	0	380	389	3
2026-02-12	15:28:59.590	52.15	41.825	156.87	1.003816	-0.411628	0.673928	0.1935	0.363	-0.234	0	380	389	3
2026-02-12	15:28:59.610	108.185	51.45	177.03	1.1529	-0.32818	0.690764	0.186	0.3675	-0.234	0	392	428	3
2026-02-12	15:28:59.630	168.175	69.965	200.025	1.337852	-0.1586	0.645868	0.177	0.369	-0.237	0	392	428	3
2026-02-12	15:28:59.650	190.19	82.425	209.965	1.438868	-0.075884	0.59658	0.174	0.3885	-0.2265	0	392	428	3
2026-02-12	15:28:59.670	197.4	94.605	213.08	1.503772	-0.02074	0.548756	0.1695	0.3915	-0.2235	0	392	428	3
2026-02-12	15:28:59.690	190.26	106.12	207.865	1.56892	-0.007076	0.531676	0.159	0.3885	-0.234	0	392	428	3
2026-02-12	15:28:59.710	173.985	117.67	194.18	1.64334	-0.001464	0.558272	0.156	0.396	-0.225	0	392	428	3
2026-02-12	15:28:59.730	154	131.6	177.205	1.690432	-0.017568	0.618052	0.1545	0.408	-0.219	0	392	428	3
2026-02-12	15:28:59.750	135.555	147.035	162.75	1.692628	-0.017324	0.63562	0.1545	0.411	-0.228	0	392	428	3
2026-02-12	15:28:59.770	119.735	158.41	147.7	1.741428	-0.0061	0.64294	0.1545	0.417	-0.2385	0	392	428	3
2026-02-12	15:28:59.790	100.94	169.085	131.215	1.762168	-0.003416	0.665388	0.1635	0.423	-0.2475	0	392	428	3
2026-02-12	15:28:59.810	77.35	179.69	119.07	1.713856	-0.017812	0.65758	0.18	0.4245	-0.258	0	404	477	3
2026-02-12	15:28:59.830	47.53	187.32	110.705	1.618696	0.016348	0.585844	0.198	0.4305	-0.276	0	404	477	3
2026-02-12	15:28:59.850	12.67	189.805	104.125	1.54818	0.05124	0.51728	0.2055	0.435	-0.288	0	404	477	3
2026-02-12	15:28:59.870	-20.16	189.35	100.485	1.484252	0.052704	0.48556	0.243	0.447	-0.3165	0	404	477	3
2026-02-12	15:28:59.890	-49.875	187.04	99.855	1.39324	0.032696	0.448716	0.255	0.45	-0.3315	0	404	477	3
2026-02-12	15:28:59.910	-79.975	179.585	103.53	1.286856	0.027572	0.399428	0.2865	0.456	-0.342	0	404	477	3
2026-02-12	15:28:59.930	-116.97	167.79	110.215	1.230004	-0.005368	0.355508	0.294	0.468	-0.351	0	404	477	3
2026-02-12	15:28:59.950	-140.84	166.075	119	1.17364	-0.10858	0.334768	0.3135	0.492	-0.3645	0	404	477	3
2026-02-12	15:28:59.970	-124.95	165.2	128.52	1.060424	-0.16348	0.305732	0.342	0.5145	-0.369	0	404	477	3
2026-02-12	15:28:59.990	-72.205	151.13	131.95	0.878156	0.010492	0.19886	0.3705	0.5385	-0.375	0	404	477	3
2026-02-12	15:29:12.010	-7.105	-40.81	-36.085	0.49532	-0.46482	0.392352	0.222	0.723	-0.2715	0	324	337	3
2026-02-12	15:29:12.030	-30.065	-45.115	-40.53	0.491172	-0.426268	0.365756	0.2205	0.714	-0.2715	0	324	337	3
2026-02-12	15:29:12.050	-49.035	-48.58	-45.815	0.484828	-0.423096	0.353556	0.2115	0.7095	-0.27	0	324	337	3
2026-02-12	15:29:12.070	-47.81	-50.295	-53.76	0.4697	-0.397476	0.35624	0.204	0.7155	-0.2685	0	324	337	3
2026-02-12	15:29:12.090	-33.74	-50.855	-65.065	0.474336	-0.337452	0.370636	0.1995	0.7155	-0.264	0	324	337	3
2026-02-12	15:29:12.110	-19.985	-48.405	-80.78	0.477752	-0.286456	0.35502	0.1905	0.7125	-0.2565	0	324	337	3
2026-02-12	15:29:12.130	-8.785	-46.515	-98.7	0.511424	-0.287188	0.315492	0.186	0.7125	-0.255	0	324	337	3
2026-02-12	15:29:12.150	7.77	-46.48	-118.755	0.563152	-0.242292	0.264984	0.171	0.705	-0.2355	0	324	337	3
2026-02-12	15:29:12.170	46.305	-46.165	-139.265	0.63562	-0.246196	0.281088	0.1635	0.681	-0.2475	0	324	337	3
2026-02-12	15:29:12.190	102.13	-44.065	-148.295	0.782264	-0.40016	0.377956	0.1545	0.678	-0.2415	0	324	337	3
2026-02-12	15:29:00.210	19.53	-104.475	-101.43	0.956724	0.123708	0.297192	0.39	0.519	-0.384	0	425	479	3
2026-02-12	15:29:00.230	1.4	-117.565	-112.035	1.039196	0.104432	0.316712	0.3735	0.513	-0.378	0	425	479	3
2026-02-12	15:29:00.250	-24.255	-131.46	-122.325	1.128256	0.102968	0.343796	0.3585	0.5115	-0.372	0	425	479	3
2026-02-12	15:29:00.270	-67.48	-147.105	-142.205	1.2932	0.05002	0.376736	0.3525	0.513	-0.3705	0	425	479	3
2026-02-12	15:29:00.290	-94.535	-154.805	-157.78	1.381528	0.01342	0.372344	0.312	0.51	-0.36	0	425	479	3
2026-02-12	15:29:00.310	-122.325	-161.91	-175.35	1.474736	-0.046848	0.363804	0.3	0.51	-0.354	0	425	479	3
2026-02-12	15:29:00.330	-143.885	-166.565	-193.13	1.582828	-0.14152	0.368928	0.2775	0.5175	-0.3525	0	425	479	3
2026-02-12	15:29:00.350	-151.375	-168.595	-211.155	1.713368	-0.217892	0.385032	0.252	0.5295	-0.336	0	425	479	3
2026-02-12	15:29:00.370	-150.535	-166.32	-229.495	1.824876	-0.266936	0.413336	0.2385	0.528	-0.3285	0	425	479	3
2026-02-12	15:29:00.390	-144.445	-160.265	-246.365	1.906128	-0.314516	0.441884	0.2235	0.5295	-0.318	0	425	479	3
2026-02-12	15:29:00.410	-132.195	-150.885	-259.875	1.891488	-0.349164	0.459208	0.2055	0.528	-0.309	0	434	440	3
2026-02-12	15:29:00.430	-110.075	-141.47	-269.045	1.842932	-0.397964	0.459208	0.1845	0.5145	-0.2925	0	434	440	3
2026-02-12	15:29:00.450	-72.8	-133.63	-271.985	1.843908	-0.412604	0.54778	0.177	0.4965	-0.2775	0	434	440	3
2026-02-12	15:29:00.470	-22.855	-120.47	-265.195	1.753384	-0.4026	0.615124	0.171	0.4785	-0.264	0	434	440	3
2026-02-12	15:29:00.490	22.575	-104.405	-248.045	1.657736	-0.427	0.649772	0.1665	0.468	-0.2535	0	434	440	3
2026-02-12	15:29:00.510	55.65	-89.6	-225.645	1.568432	-0.47946	0.71736	0.162	0.42	-0.2475	0	434	440	3
2026-02-12	15:29:00.530	79.38	-73.5	-194.74	1.429596	-0.41846	0.73444	0.171	0.3915	-0.228	0	434	440	3
2026-02-12	15:29:00.550	73.465	-70.7	-160.58	1.210972	-0.226676	0.69418	0.18	0.3645	-0.21	0	434	440	3
2026-02-12	15:29:00.570	32.165	-74.375	-129.885	1.008208	-0.242048	0.718092	0.183	0.339	-0.2115	0	434	440	3
2026-02-12	15:29:00.590	4.305	-74.935	-98.805	0.823256	-0.30012	0.750544	0.186	0.3285	-0.2025	0	434	440	3
2026-02-12	15:29:00.610	3.045	-73.99	-71.295	0.721996	-0.192516	0.79666	0.1905	0.318	-0.186	0	444	435	3
2026-02-12	15:29:00.630	-11.62	-63.63	-51.905	0.681248	-0.123952	0.787876	0.1875	0.312	-0.18	0	444	435	3
2026-02-12	15:29:00.650	-38.255	-48.16	-36.645	0.639036	-0.13298	0.735172	0.1875	0.306	-0.177	0	444	435	3
2026-02-12	15:29:00.670	-63.315	-32.83	-21.49	0.620004	-0.21716	0.686616	0.195	0.3045	-0.18	0	444	435	3
2026-02-12	15:29:00.690	-87.045	-11.41	2.135	0.624152	-0.323056	0.637328	0.1995	0.303	-0.1845	0	444	435	3
2026-02-12	15:29:00.710	-87.325	2.275	20.93	0.660508	-0.425048	0.582672	0.1995	0.303	-0.1845	0	444	435	3
2026-02-12	15:29:00.730	-65.205	15.505	43.365	0.699304	-0.491416	0.549	0.1935	0.3285	-0.183	0	444	435	3
2026-02-12	15:29:00.750	-27.44	27.23	68.355	0.753228	-0.489708	0.513864	0.1845	0.3405	-0.2055	0	444	435	3
2026-02-12	15:29:00.770	17.71	37.765	92.26	0.829356	-0.442372	0.489952	0.183	0.3465	-0.1995	0	444	435	3
2026-02-12	15:29:00.790	60.865	48.37	113.12	0.915732	-0.366	0.506544	0.1815	0.3525	-0.2055	0	444	435	3
2026-02-12	15:29:00.810	98.56	62.685	131.145	1.00528	-0.294264	0.52338	0.177	0.3525	-0.2055	0	453	469	3
2026-02-12	15:29:00.830	129.5	77.385	145.635	1.103856	-0.180072	0.542656	0.168	0.3555	-0.207	0	453	469	3
2026-02-12	15:29:00.850	144.06	91.63	155.085	1.206092	-0.087108	0.58194	0.1635	0.3645	-0.2055	0	453	469	3
2026-02-12	15:29:00.870	145.39	108.85	160.825	1.352248	-0.0427	0.718336	0.1605	0.3705	-0.204	0	453	469	3
2026-02-12	15:29:00.890	143.815	132.44	169.26	1.466684	0.044652	0.8296	0.159	0.3765	-0.2055	0	453	469	3
2026-02-12	15:29:00.910	102.2	157.045	183.645	1.560624	0.237656	0.786656	0.162	0.384	-0.204	0	453	469	3
2026-02-12	15:29:00.930	39.62	167.02	187.46	1.632604	0.235704	0.71736	0.165	0.39	-0.222	0	453	469	3
2026-02-12	15:29:00.950	-22.33	169.33	189.875	1.65554	0.174704	0.684664	0.168	0.408	-0.237	0	453	469	3
2026-02-12	15:29:00.970	-66.745	167.265	191.345	1.59698	0.097844	0.635132	0.18	0.4305	-0.261	0	453	469	3
2026-02-12	15:29:00.990	-97.545	155.82	190.19	1.52622	0.013664	0.546804	0.1845	0.4515	-0.279	0	453	469	3
2026-02-12	15:29:01.010	-121.555	138.04	185.78	1.46522	-0.0854	0.482876	0.1995	0.486	-0.2895	0	459	513	3
2026-02-12	15:29:01.030	-132.72	120.995	180.04	1.38958	-0.17324	0.476044	0.2025	0.4965	-0.2985	0	459	513	3
2026-02-12	15:29:01.050	-129.36	104.79	171.325	1.331752	-0.221796	0.445056	0.2175	0.5265	-0.315	0	459	513	3
2026-02-12	15:29:01.070	-129.85	91.735	160.72	1.29442	-0.220576	0.416996	0.234	0.558	-0.327	0	459	513	3
2026-02-12	15:29:01.090	-129.395	86.765	147.875	1.213412	-0.278648	0.407724	0.246	0.585	-0.3315	0	459	513	3
2026-02-12	15:29:01.110	-102.06	79.87	133	1.116788	-0.327936	0.389668	0.2505	0.6	-0.3315	0	459	513	3
2026-02-12	15:29:01.130	-65.555	71.715	118.72	1.055056	-0.329156	0.32696	0.2505	0.6	-0.3315	0	459	513	3
2026-02-12	15:29:01.150	-42.175	67.445	107.38	1.017236	-0.345504	0.293776	0.2925	0.6675	-0.3345	0	459	513	3
2026-02-12	15:29:01.170	-15.435	64.75	98.595	0.971364	-0.382592	0.326472	0.315	0.681	-0.345	0	459	513	3
2026-02-12	15:29:01.190	17.71	64.61	94.535	0.927444	-0.389912	0.391864	0.333	0.687	-0.3465	0	459	513	3
2026-02-12	15:28:59.210	-63.35	-101.36	-259.42	1.796572	-0.311588	0.457256	0.177	0.492	-0.276	0	373	386	3
2026-02-12	15:28:59.230	-49.07	-97.055	-257.46	1.71898	-0.339892	0.501908	0.162	0.4575	-0.2625	0	373	386	3
2026-02-12	15:28:59.250	-31.255	-90.44	-250.39	1.643096	-0.383812	0.547048	0.1605	0.4365	-0.252	0	373	386	3
2026-02-12	15:28:59.270	-10.675	-81.025	-237.79	1.527196	-0.426756	0.580232	0.1635	0.4215	-0.246	0	373	386	3
2026-02-12	15:28:59.290	11.76	-68.775	-220.465	1.390312	-0.458476	0.599752	0.1755	0.396	-0.2385	0	373	386	3
2026-02-12	15:28:59.310	33.46	-54.495	-199.92	1.338096	-0.449448	0.582184	0.1875	0.3735	-0.234	0	373	386	3
2026-02-12	15:28:59.330	63.91	-23.345	-176.645	1.22854	-0.483852	0.560956	0.1965	0.351	-0.2265	0	373	386	3
2026-02-12	15:28:59.350	129.99	-16.765	-144.655	1.045052	-0.60024	0.548268	0.2055	0.3285	-0.216	0	373	386	3
2026-02-12	15:28:59.370	182.665	-41.405	-95.55	0.69662	-0.46604	0.638792	0.2175	0.312	-0.1995	0	373	386	3
2026-02-12	15:28:59.390	150.605	-56.385	-54.81	0.584136	-0.226188	0.687836	0.228	0.2955	-0.1845	0	373	386	3
2026-02-12	15:28:59.410	30.17	-37.835	-18.41	0.589016	-0.159088	0.730536	0.2295	0.285	-0.18	0	380	389	3
2026-02-12	15:28:59.430	-34.02	-17.08	3.92	0.546072	-0.097112	0.715652	0.2295	0.285	-0.18	0	380	389	3
2026-02-12	15:28:59.450	-91.21	-1.785	22.085	0.52582	-0.055632	0.661728	0.2235	0.2625	-0.1575	0	380	389	3
2026-02-12	15:28:59.470	-142.52	13.755	36.33	0.498492	-0.19886	0.589992	0.225	0.276	-0.171	0	380	389	3
2026-02-12	15:28:59.490	-162.225	21.07	53.83	0.49776	-0.3355	0.56242	0.222	0.279	-0.177	0	380	389	3
2026-02-12	15:28:59.510	-151.34	22.61	73.745	0.55266	-0.424316	0.550952	0.2205	0.2925	-0.1905	0	380	389	3
2026-02-12	15:28:59.530	-117.915	22.085	95.165	0.65148	-0.4514	0.561932	0.216	0.306	-0.207	0	380	389	3
2026-02-12	15:28:59.550	-67.62	25.585	114.345	0.786412	-0.460428	0.595848	0.213	0.327	-0.2235	0	380	389	3
2026-02-12	15:28:59.570	-8.61	32.9	134.505	0.886696	-0.438956	0.649528	0.204	0.3495	-0.234	0	380	389	3
2026-02-12	15:28:59.590	52.15	41.825	156.87	1.003816	-0.411628	0.673928	0.1935	0.363	-0.234	0	380	389	3
2026-02-12	15:28:59.610	108.185	51.45	177.03	1.1529	-0.32818	0.690764	0.186	0.3675	-0.234	0	392	428	3
2026-02-12	15:28:59.630	168.175	69.965	200.025	1.337852	-0.1586	0.645868	0.177	0.369	-0.237	0	392	428	3
2026-02-12	15:28:59.650	190.19	82.425	209.965	1.438868	-0.075884	0.59658	0.174	0.3885	-0.2265	0	392	428	3
2026-02-12	15:28:59.670	197.4	94.605	213.08	1.503772	-0.02074	0.548756	0.1695	0.3915	-0.2235	0	392	428	3
2026-02-12	15:28:59.690	190.26	106.12	207.865	1.56892	-0.007076	0.531676	0.159	0.3885	-0.234	0	392	428	3
2026-02-12	15:28:59.710	173.985	117.67	194.18	1.64334	-0.001464	0.558272	0.156	0.396	-0.225	0	392	428	3
2026-02-12	15:28:59.730	154	131.6	177.205	1.690432	-0.017568	0.618052	0.1545	0.408	-0.219	0	392	428	3
2026-02-12	15:28:59.750	135.555	147.035	162.75	1.692628	-0.017324	0.63562	0.1545	0.411	-0.228	0	392	428	3
2026-02-12	15:28:59.770	119.735	158.41	147.7	1.741428	-0.0061	0.64294	0.1545	0.417	-0.2385	0	392	428	3
2026-02-12	15:28:59.790	100.94	169.085	131.215	1.762168	-0.003416	0.665388	0.1635	0.423	-0.2475	0	392	428	3
2026-02-12	15:28:59.810	77.35	179.69	119.07	1.713856	-0.017812	0.65758	0.18	0.4245	-0.258	0	404	477	3
2026-02-12	15:28:59.830	47.53	187.32	110.705	1.618696	0.016348	0.585844	0.198	0.4305	-0.276	0	404	477	3
2026-02-12	15:28:59.850	12.67	189.805	104.125	1.54818	0.05124	0.51728	0.2055	0.435	-0.288	0	404	477	3
2026-02-12	15:28:59.870	-20.16	189.35	100.485	1.484252	0.052704	0.48556	0.243	0.447	-0.3165	0	404	477	3
2026-02-12	15:28:59.890	-49.875	187.04	99.855	1.39324	0.032696	0.448716	0.255	0.45	-0.3315	0	404	477	3
2026-02-12	15:28:59.910	-79.975	179.585	103.53	1.286856	0.027572	0.399428	0.2865	0.456	-0.342	0	404	477	3
2026-02-12	15:28:59.930	-116.97	167.79	110.215	1.230004	-0.005368	0.355508	0.294	0.468	-0.351	0	404	477	3
2026-02-12	15:28:59.950	-140.84	166.075	119	1.17364	-0.10858	0.334768	0.3135	0.492	-0.3645	0	404	477	3
2026-02-12	15:28:59.970	-124.95	165.2	128.52	1.060424	-0.16348	0.305732	0.342	0.5145	-0.369	0	404	477	3
2026-02-12	15:28:59.990	-72.205	151.13	131.95	0.878156	0.010492	0.19886	0.3705	0.5385	-0.375	0	404	477	3
2026-02-12	15:29:12.010	-7.105	-40.81	-36.085	0.49532	-0.46482	0.392352	0.222	0.723	-0.2715	0	324	337	3
2026-02-12	15:29:12.030	-30.065	-45.115	-40.53	0.491172	-0.426268	0.365756	0.2205	0.714	-0.2715	0	324	337	3
2026-02-12	15:29:12.050	-49.035	-48.58	-45.815	0.484828	-0.423096	0.353556	0.2115	0.7095	-0.27	0	324	337	3
2026-02-12	15:29:12.070	-47.81	-50.295	-53.76	0.4697	-0.397476	0.35624	0.204	0.7155	-0.2685	0	324	337	3
2026-02-12	15:29:12.090	-33.74	-50.855	-65.065	0.474336	-0.337452	0.370636	0.1995	0.7155	-0.264	0	324	337	3
2026-02-12	15:29:12.110	-19.985	-48.405	-80.78	0.477752	-0.286456	0.35502	0.1905	0.7125	-0.2565	0	324	337	3
2026-02-12	15:29:12.130	-8.785	-46.515	-98.7	0.511424	-0.287188	0.315492	0.186	0.7125	-0.255	0	324	337	3
2026-02-12	15:29:12.150	7.77	-46.48	-118.755	0.563152	-0.242292	0.264984	0.171	0.705	-0.2355	0	324	337	3
2026-02-12	15:29:12.170	46.305	-46.165	-139.265	0.63562	-0.246196	0.281088	0.1635	0.681	-0.2475	0	324	337	3
2026-02-12	15:29:12.190	102.13	-44.065	-148.295	0.782264	-0.40016	0.377956	0.1545	0.678	-0.2415	0	324	337	3
2026-02-12	15:29:00.210	19.53	-104.475	-101.43	0.956724	0.123708	0.297192	0.39	0.519	-0.384	0	425	479	3
2026-02-12	15:29:00.230	1.4	-117.565	-112.035	1.039196	0.104432	0.316712	0.3735	0.513	-0.378	0	425	479	3
2026-02-12	15:29:00.250	-24.255	-131.46	-122.325	1.128256	0.102968	0.343796	0.3585	0.5115	-0.372	0	425	479	3
2026-02-12	15:29:00.270	-67.48	-147.105	-142.205	1.2932	0.05002	0.376736	0.3525	0.513	-0.3705	0	425	479	3
2026-02-12	15:29:00.290	-94.535	-154.805	-157.78	1.381528	0.01342	0.372344	0.312	0.51	-0.36	0	425	479	3
2026-02-12	15:29:00.310	-122.325	-161.91	-175.35	1.474736	-0.046848	0.363804	0.3	0.51	-0.354	0	425	479	3
2026-02-12	15:29:00.330	-143.885	-166.565	-193.13	1.582828	-0.14152	0.368928	0.2775	0.5175	-0.3525	0	425	479	3
2026-02-12	15:29:00.350	-151.375	-168.595	-211.155	1.713368	-0.217892	0.385032	0.252	0.5295	-0.336	0	425	479	3
2026-02-12	15:29:00.370	-150.535	-166.32	-229.495	1.824876	-0.266936	0.413336	0.2385	0.528	-0.3285	0	425	479	3
2026-02-12	15:29:00.390	-144.445	-160.265	-246.365	1.906128	-0.314516	0.441884	0.2235	0.5295	-0.318	0	425	479	3
2026-02-12	15:29:00.410	-132.195	-150.885	-259.875	1.891488	-0.349164	0.459208	0.2055	0.528	-0.309	0	434	440	3
2026-02-12	15:29:00.430	-110.075	-141.47	-269.045	1.842932	-0.397964	0.459208	0.1845	0.5145	-0.2925	0	434	440	3
2026-02-12	15:29:00.450	-72.8	-133.63	-271.985	1.843908	-0.412604	0.54778	0.177	0.4965	-0.2775	0	434	440	3
2026-02-12	15:29:00.470	-22.855	-120.47	-265.195	1.753384	-0.4026	0.615124	0.171	0.4785	-0.264	0	434	440	3
2026-02-12	15:29:00.490	22.575	-104.405	-248.045	1.657736	-0.427	0.649772	0.1665	0.468	-0.2535	0	434	440	3
2026-02-12	15:29:00.510	55.65	-89.6	-225.645	1.568432	-0.47946	0.71736	0.162	0.42	-0.2475	0	434	440	3
2026-02-12	15:29:00.530	79.38	-73.5	-194.74	1.429596	-0.41846	0.73444	0.171	0.3915	-0.228	0	434	440	3
2026-02-12	15:29:00.550	73.465	-70.7	-160.58	1.210972	-0.226676	0.69418	0.18	0.3645	-0.21	0	434	440	3
2026-02-12	15:29:00.570	32.165	-74.375	-129.885	1.008208	-0.242048	0.718092	0.183	0.339	-0.2115	0	434	440	3
2026-02-12	15:29:00.590	4.305	-74.935	-98.805	0.823256	-0.30012	0.750544	0.186	0.3285	-0.2025	0	434	440	3
2026-02-12	15:29:00.610	3.045	-73.99	-71.295	0.721996	-0.192516	0.79666	0.1905	0.318	-0.186	0	444	435	3
2026-02-12	15:29:00.630	-11.62	-63.63	-51.905	0.681248	-0.123952	0.787876	0.1875	0.312	-0.18	0	444	435	3
2026-02-12	15:29:00.650	-38.255	-48.16	-36.645	0.639036	-0.13298	0.735172	0.1875	0.306	-0.177	0	444	435	3
2026-02-12	15:29:00.670	-63.315	-32.83	-21.49	0.620004	-0.21716	0.686616	0.195	0.3045	-0.18	0	444	435	3
2026-02-12	15:29:00.690	-87.045	-11.41	2.135	0.624152	-0.323056	0.637328	0.1995	0.303	-0.1845	0	444	435	3
2026-02-12	15:29:00.710	-87.325	2.275	20.93	0.660508	-0.425048	0.582672	0.1995	0.303	-0.1845	0	444	435	3
2026-02-12	15:29:00.730	-65.205	15.505	43.365	0.699304	-0.491416	0.549	0.1935	0.3285	-0.183	0	444	435	3
2026-02-12	15:29:00.750	-27.44	27.23	68.355	0.753228	-0.489708	0.513864	0.1845	0.3405	-0.2055	0	444	435	3
2026-02-12	15:29:00.770	17.71	37.765	92.26	0.829356	-0.442372	0.489952	0.183	0.3465	-0.1995	0	444	435	3
2026-02-12	15:29:00.790	60.865	48.37	113.12	0.915732	-0.366	0.506544	0.1815	0.3525	-0.2055	0	444	435	3
2026-02-12	15:29:00.810	98.56	62.685	131.145	1.00528	-0.294264	0.52338	0.177	0.3525	-0.2055	0	453	469	3
2026-02-12	15:29:00.830	129.5	77.385	145.635	1.103856	-0.180072	0.542656	0.168	0.3555	-0.207	0	453	469	3
2026-02-12	15:29:00.850	144.06	91.63	155.085	1.206092	-0.087108	0.58194	0.1635	0.3645	-0.2055	0	453	469	3
2026-02-12	15:29:00.870	145.39	108.85	160.825	1.352248	-0.0427	0.718336	0.1605	0.3705	-0.204	0	453	469	3
2026-02-12	15:29:00.890	143.815	132.44	169.26	1.466684	0.044652	0.8296	0.159	0.3765	-0.2055	0	453	469	3
2026-02-12	15:29:00.910	102.2	157.045	183.645	1.560624	0.237656	0.786656	0.162	0.384	-0.204	0	453	469	3
2026-02-12	15:29:00.930	39.62	167.02	187.46	1.632604	0.235704	0.71736	0.165	0.39	-0.222	0	453	469	3
2026-02-12	15:29:00.950	-22.33	169.33	189.875	1.65554	0.174704	0.684664	0.168	0.408	-0.237	0	453	469	3
2026-02-12	15:29:00.970	-66.745	167.265	191.345	1.59698	0.097844	0.635132	0.18	0.4305	-0.261	0	453	469	3
2026-02-12	15:29:00.990	-97.545	155.82	190.19	1.52622	0.013664	0.546804	0.1845	0.4515	-0.279	0	453	469	3
2026-02-12	15:29:27.010	77.735	-30.94	24.675	1.209508	-0.498492	0.406992	0.057	0.426	0.051	0	390	281	2
2026-02-12	15:29:27.030	105.665	-22.96	31.185	1.34932	-0.45262	0.3477	0.051	0.4335	0.0555	0	390	281	2
2026-02-12	15:29:27.050	116.235	-15.05	33.46	1.466684	-0.3904	0.314272	0.051	0.438	0.06	0	390	281	2
2026-02-12	15:29:27.070	104.825	-2.8	36.4	1.44814	-0.37332	0.283528	0.0525	0.441	0.0675	0	390	281	2
2026-02-12	15:29:27.090	88.06	8.925	42.21	1.303936	-0.34892	0.247416	0.051	0.453	0.0765	0	390	281	2
2026-02-12	15:29:27.110	64.925	16.205	53.865	1.139236	-0.287676	0.24034	0.0495	0.462	0.0795	0	390	281	2
2026-02-12	15:29:27.130	49.98	17.325	63.665	1.035292	-0.269376	0.220332	0.0495	0.4695	0.078	0	390	281	2
2026-02-12	15:29:27.150	38.78	14.175	74.34	0.944036	-0.256932	0.200568	0.0465	0.4815	0.078	0	390	281	2
2026-02-12	15:29:27.170	30.065	8.33	86.45	0.847412	-0.254492	0.159332	0.042	0.4875	0.072	0	390	281	2
2026-02-12	15:29:27.190	27.02	1.54	97.51	0.813496	-0.242048	0.122976	0.0405	0.5025	0.0705	0	390	281	2
2026-02-12	15:29:27.210	29.33	-2.31	104.44	0.881572	-0.241804	0.095648	0.042	0.519	0.0765	0	372	306	3
2026-02-12	15:29:27.230	32.55	-4.305	107.87	0.97234	-0.226676	0.078324	0.045	0.5295	0.0795	0	372	306	3
2026-02-12	15:29:27.250	32.515	-2.415	110.005	0.9699	-0.217892	0.072224	0.0435	0.543	0.0795	0	372	306	3
2026-02-12	15:29:27.270	34.335	0.105	108.71	0.931348	-0.216184	0.056608	0.042	0.561	0.0795	0	372	306	3
2026-02-12	15:29:27.290	40.11	1.05	102.34	0.91866	-0.231068	0.045872	0.0435	0.582	0.078	0	372	306	3
2026-02-12	15:29:27.310	47.39	3.01	92.96	0.932568	-0.258396	0.0488	0.048	0.6	0.0795	0	372	306	3
2026-02-12	15:29:27.330	55.265	9.52	78.715	0.903532	-0.243512	0.050508	0.051	0.6105	0.084	0	372	306	3
2026-02-12	15:29:27.350	57.015	12.565	67.48	0.953308	-0.215208	0.035136	0.051	0.618	0.081	0	372	306	3
2026-02-12	15:29:27.370	54.845	13.44	54.04	1.017968	-0.179828	0.018544	0.057	0.633	0.081	0	372	306	3
2026-02-12	15:29:27.390	50.575	12.74	38.605	1.07726	-0.182756	0.02074	0.0645	0.6435	0.0765	0	372	306	3
2026-02-12	15:29:27.410	48.37	11.305	23.065	1.136308	-0.202764	0.037332	0.063	0.648	0.0705	0	350	287	3
2026-02-12	15:29:27.430	48.93	9.625	7.77	1.228296	-0.21472	0.073444	0.063	0.6525	0.0735	0	350	287	3
2026-02-12	15:29:27.450	49.455	9.45	-5.075	1.308572	-0.215696	0.108336	0.063	0.657	0.072	0	350	287	3
2026-02-12	15:29:27.470	47.775	10.64	-14	1.281732	-0.187148	0.106628	0.063	0.6585	0.063	0	350	287	3
2026-02-12	15:29:27.490	41.37	8.995	-23.17	1.256112	-0.1464	0.083692	0.0615	0.6555	0.06	0	350	287	3
2026-02-12	15:29:27.510	31.01	4.62	-32.305	1.171932	-0.110288	0.102724	0.06	0.654	0.0645	0	350	287	3
2026-02-12	15:29:27.530	20.86	-1.085	-37.205	0.999424	-0.1098	0.202276	0.0645	0.657	0.0675	0	350	287	3
2026-02-12	15:29:27.550	19.95	-5.215	-35.175	0.870836	-0.08174	0.26962	0.063	0.651	0.063	0	350	287	3
2026-02-12	15:29:27.570	22.295	-8.61	-30.275	0.815448	-0.04636	0.287676	0.06	0.639	0.06	0	350	287	3
2026-02-12	15:29:27.590	27.65	-11.795	-25.62	0.887428	-0.046848	0.305244	0.0585	0.633	0.0585	0	350	287	3
2026-02-12	15:29:27.610	36.295	-9.975	-21.735	0.96868	-0.065636	0.322568	0.0585	0.6315	0.0615	0	329	248	3
2026-02-12	15:29:27.630	45.85	-5.11	-15.785	1.00528	-0.07905599	0.302316	0.0555	0.627	0.0675	0	329	248	3
2026-02-12	15:29:27.650	50.19	-1.75	-9.59	1.018212	-0.034404	0.27694	0.0585	0.6285	0.0645	0	329	248	3
2026-02-12	15:29:27.670	46.655	2.24	-7.63	1.016504	0.019276	0.26352	0.0615	0.6285	0.066	0	329	248	3
2026-02-12	15:29:27.690	41.79	6.79	-9.59	0.97478	0.071492	0.270352	0.0615	0.6285	0.066	0	329	248	3
2026-02-12	15:29:27.710	21.56	8.26	-10.36	0.922808	0.05734	0.290848	0.0645	0.6285	0.0585	0	329	248	3
2026-02-12	15:29:27.730	-14.315	5.74	-11.62	0.924516	-0.029524	0.305244	0.063	0.6255	0.06	0	329	248	3
2026-02-12	15:29:27.750	-52.85	-0.385	-16.205	0.965508	-0.149328	0.345748	0.0615	0.624	0.063	0	329	248	3
2026-02-12	15:29:27.770	-55.125	-2.52	-18.9	0.88938	-0.15738	0.381372	0.06	0.621	0.0615	0	329	248	3
2026-02-12	15:29:27.790	-49.42	-2.975	-20.545	0.837164	-0.188368	0.39528	0.0585	0.621	0.0585	0	329	248	3
2026-02-12	15:29:27.810	-35.7	-1.225	-20.965	0.807884	-0.200324	0.409676	0.057	0.6195	0.0645	0	311	231	3
2026-02-12	15:29:27.830	-22.82	2.555	-20.895	0.782264	-0.168848	0.391132	0.057	0.6105	0.0705	0	311	231	3
2026-02-12	15:29:27.850	-16.905	6.02	-22.05	0.776164	-0.137616	0.340136	0.0585	0.6045	0.066	0	311	231	3
2026-02-12	15:29:27.870	-16.485	8.365	-23.555	0.776408	-0.124928	0.303048	0.0585	0.6	0.0645	0	311	231	3
2026-02-12	15:29:27.890	-23.17	8.575	-25.34	0.773968	-0.12078	0.279868	0.06	0.5955	0.0645	0	311	231	3
2026-02-12	15:29:27.910	-35.63	6.93	-28.455	0.793488	-0.131028	0.288164	0.057	0.5925	0.0645	0	311	231	3
2026-02-12	15:29:27.930	-48.825	5.705	-31.92	0.811788	-0.16714	0.322568	0.0555	0.591	0.0615	0	311	231	3
2026-02-12	15:29:27.950	-60.34	3.745	-34.65	0.804468	-0.18666	0.339404	0.0585	0.591	0.06	0	311	231	3
2026-02-12	15:29:27.970	-70.525	-0.28	-39.445	0.781532	-0.239364	0.352092	0.0585	0.591	0.06	0	311	231	3
2026-02-12	15:29:27.990	-73.045	-1.19	-41.79	0.768356	-0.344284	0.39406	0.0555	0.5835	0.0615	0	311	231	3
2026-02-12	15:29:28.010	-65.59	3.85	-37.45	0.685396	-0.418704	0.461892	0.051	0.57	0.063	0	294	243	3
2026-02-12	15:29:28.030	-50.33	11.585	-27.615	0.586576	-0.42334	0.467504	0.054	0.5625	0.0645	0	294	243	3
2026-02-12	15:29:28.050	-41.545	12.95	-17.045	0.535092	-0.387472	0.3843	0.0585	0.5595	0.0675	0	294	243	3
2026-02-12	15:29:28.070	-45.5	8.155	-10.71	0.541436	-0.389912	0.316468	0.06	0.549	0.066	0	294	243	3
2026-02-12	15:29:28.090	-48.265	0.595	-8.82	0.593896	-0.401868	0.27816	0.0645	0.546	0.0645	0	294	243	3
2026-02-12	15:29:28.110	-34.51	-8.89	-9.45	0.706624	-0.43188	0.275232	0.057	0.5475	0.06	0	294	243	3
2026-02-12	15:29:28.130	-12.6	-21.735	-16.87	0.94306	-0.472628	0.32818	0.054	0.543	0.057	0	294	243	3
2026-02-12	15:29:28.150	15.12	-31.57	-33.355	1.254892	-0.5917	0.498004	0.06	0.54	0.0705	0	294	243	3
2026-02-12	15:29:28.170	42.945	-31.815	-42.105	1.516704	-0.667828	0.654164	0.0615	0.5385	0.0825	0	294	243	3
2026-02-12	15:29:28.190	40.25	-19.88	-37.24	1.377868	-0.607316	0.592432	0.0615	0.531	0.084	0	294	243	3
2026-02-12	15:29:28.210	24.115	-9.135	-28.665	1.18218	-0.515328	0.459696	0.066	0.5265	0.084	0	282	272	3
2026-02-12	15:29:28.230	14.805	-5.775	-13.65	1.089948	-0.48312	0.385276	0.069	0.5325	0.0855	0	282	272	3
2026-02-12	15:29:28.250	22.12	-6.265	2.905	1.047004	-0.457256	0.369172	0.0675	0.531	0.0855	0	282	272	3
2026-02-12	15:29:28.270	35.7	-8.89	19.25	1.01992	-0.438468	0.373564	0.066	0.5295	0.0855	0	282	272	3
2026-02-12	15:29:28.290	50.015	-12.18	32.62	1.013576	-0.410408	0.387228	0.069	0.534	0.09	0	282	272	3
2026-02-12	15:29:28.310	56.28	-12.95	43.855	0.977708	-0.393816	0.369904	0.0705	0.5355	0.096	0	282	272	3
2026-02-12	15:29:28.330	54.95	-12.705	54.985	0.901824	-0.364536	0.309392	0.066	0.54	0.096	0	282	272	3
2026-02-12	15:29:28.350	53.41	-13.16	63.91	0.850828	-0.350384	0.251808	0.0675	0.5535	0.096	0	282	272	3
2026-02-12	15:29:28.370	58.31	-13.265	70.14	0.826916	-0.344284	0.22448	0.069	0.5625	0.099	0	282	272	3
2026-02-12	15:29:28.390	77.875	-12.81	75.425	0.891332	-0.351848	0.22082	0.072	0.5655	0.1035	0	282	272	3
2026-02-12	15:29:28.410	94.535	-10.64	75.355	0.97356	-0.342576	0.221064	0.078	0.585	0.1065	0	275	303	3
2026-02-12	15:29:28.430	109.76	-5.95	72.485	1.036512	-0.310856	0.218136	0.0795	0.6075	0.114	0	275	303	3
2026-02-12	15:29:28.450	114.38	0.875	67.865	1.024312	-0.261812	0.201788	0.0855	0.6195	0.1125	0	275	303	3
2026-02-12	15:29:28.470	106.995	7.385	61.285	0.987468	-0.225456	0.191296	0.0915	0.6375	0.1065	0	275	303	3
2026-02-12	15:29:28.490	94.5	12.985	53.165	1.007232	-0.205936	0.194224	0.084	0.651	0.1065	0	275	303	3
2026-02-12	15:29:28.510	75.67	20.3	46.445	0.944768	-0.154208	0.19398	0.087	0.6585	0.1035	0	275	303	3
2026-02-12	15:29:28.530	47.425	26.285	41.86	0.861564	-0.120292	0.17324	0.096	0.666	0.0975	0	275	303	3
2026-02-12	15:29:28.550	17.255	27.51	36.4	0.875228	-0.11834	0.150304	0.096	0.6735	0.093	0	275	303	3
2026-02-12	15:29:28.570	-6.125	26.18	28.84	0.948184	-0.163236	0.149572	0.093	0.6795	0.09	0	275	303	3
2026-02-12	15:29:28.590	-19.25	24.22	22.61	0.95404	-0.201544	0.16592	0.096	0.6825	0.087	0	275	303	3
2026-02-12	15:29:28.610	-25.655	19.25	16.065	1.009672	-0.219112	0.153232	0.096	0.6825	0.087	0	269	309	3
2026-02-12	15:29:28.630	-22.295	14.84	10.605	1.071892	-0.234484	0.15738	0.0975	0.69	0.0855	0	269	309	3
2026-02-12	15:29:28.650	-12.25	9.485	3.395	1.189256	-0.259616	0.177388	0.1005	0.696	0.0825	0	269	309	3
2026-02-12	15:29:28.670	1.785	6.615	-4.69	1.30296	-0.25498	0.210328	0.1005	0.693	0.0795	0	269	309	3
2026-02-12	15:29:28.690	9.24	5.775	-12.005	1.339804	-0.21838	0.241072	0.0975	0.6975	0.072	0	269	309	3
2026-02-12	15:29:28.710	7.7	5.985	-17.99	1.275632	-0.214476	0.249612	0.099	0.6975	0.069	0	269	309	3
2026-02-12	15:29:28.730	7.735	3.22	-22.4	1.192184	-0.201788	0.259616	0.096	0.693	0.072	0	269	309	3
2026-02-12	15:29:28.750	10.325	-0.035	-23.17	1.054812	-0.186172	0.316224	0.0945	0.69	0.066	0	269	309	3
2026-02-12	15:29:28.770	14.7	-1.785	-19.32	0.913292	-0.15738	0.369172	0.096	0.69	0.0615	0	269	309	3
2026-02-12	15:29:28.790	20.475	-3.57	-12.985	0.804468	-0.111508	0.382836	0.0915	0.6885	0.063	0	269	309	3
2026-02-12	15:29:28.810	25.095	-7.56	-8.225	0.780556	-0.05734	0.371124	0.0885	0.6885	0.0675	0	264	295	3
2026-02-12	15:29:28.830	25.795	-11.515	-9.205	0.846436	-0.017568	0.361364	0.0915	0.69	0.063	0	264	295	3
2026-02-12	15:29:28.850	17.255	-11.655	-13.09	0.895968	-0.019032	0.33916	0.0915	0.687	0.0615	0	264	295	3
2026-02-12	15:29:28.870	4.2	-9.905	-17.43	0.921344	-0.026596	0.307928	0.087	0.69	0.063	0	264	295	3
2026-02-12	15:29:28.890	-8.505	-8.26	-22.26	0.916708	-0.00854	0.286456	0.09	0.6945	0.063	0	264	295	3
2026-02-12	15:29:28.910	-19.705	-6.16	-28.63	0.909144	-0.01098	0.315004	0.09	0.69	0.0615	0	264	295	3
2026-02-12	15:29:28.930	-24.955	-3.15	-34.335	0.899872	-0.05368	0.366	0.09	0.681	0.0585	0	264	295	3
2026-02-12	15:29:28.950	-24.29	-1.155	-37.765	0.885964	-0.087596	0.413092	0.09	0.6795	0.057	0	264	295	3
2026-02-12	15:29:28.970	-22.54	-0.14	-38.815	0.874252	-0.1159	0.416752	0.084	0.6705	0.0615	0	264	295	3
2026-02-12	15:29:28.990	-17.745	-0.595	-38.675	0.869372	-0.138348	0.39772	0.0825	0.6645	0.0645	0	264	295	3
2026-02-12	15:29:29.010	-9.695	-2.31	-37.94	0.868884	-0.145668	0.374296	0.087	0.6705	0.063	0	258	291	3
2026-02-12	15:29:29.030	4.235	-5.425	-36.12	0.877912	-0.127856	0.367952	0.084	0.672	0.0675	0	258	291	3
2026-02-12	15:29:29.050	9.1	-6.37	-34.65	0.84668	-0.122244	0.366488	0.0795	0.66	0.063	0	258	291	3
2026-02-12	15:29:29.070	9.275	-8.505	-33.775	0.82594	-0.123952	0.360388	0.075	0.6465	0.0615	0	258	291	3
2026-02-12	15:29:29.090	5.11	-11.76	-34.125	0.8357	-0.121756	0.372588	0.0735	0.645	0.069	0	258	291	3
2026-02-12	15:29:29.110	-0.385	-14.315	-36.015	0.85156	-0.127368	0.383324	0.0735	0.642	0.069	0	258	291	3
2026-02-12	15:29:29.130	-7.245	-15.925	-37.625	0.842288	-0.132736	0.378688	0.081	0.6375	0.063	0	258	291	3
2026-02-12	15:29:29.150	-12.075	-17.57	-39.165	0.855952	-0.15616	0.366976	0.084	0.6345	0.0645	0	258	291	3
2026-02-12	15:29:29.170	-11.165	-18.27	-40.74	0.869128	-0.177388	0.39406	0.078	0.63	0.069	0	258	291	3
2026-02-12	15:29:29.190	-9.135	-16.765	-40.565	0.861564	-0.20374	0.418948	0.0795	0.624	0.0735	0	258	291	3
2026-02-12	15:29:29.210	-11.025	-15.505	-38.5	0.823988	-0.194224	0.421388	0.075	0.618	0.0765	0	251	303	3
2026-02-12	15:29:29.230	-16.31	-15.12	-36.855	0.799832	-0.18544	0.417728	0.066	0.615	0.078	0	251	303	3
2026-02-12	15:29:29.250	-26.495	-15.015	-35.98	0.760792	-0.189588	0.415532	0.0705	0.609	0.0735	0	251	303	3
2026-02-12	15:29:29.270	-33.6	-14.875	-36.085	0.742004	-0.205692	0.395036	0.0705	0.606	0.078	0	251	303	3
2026-02-12	15:29:29.290	-39.795	-14.805	-35.805	0.728096	-0.216916	0.376492	0.069	0.5955	0.0855	0	251	303	3
2026-02-12	15:29:29.310	-47.67	-14.91	-35.28	0.703696	-0.23302	0.347212	0.0735	0.588	0.0855	0	251	303	3
2026-02-12	15:29:29.330	-55.055	-15.4	-33.88	0.681004	-0.252052	0.328912	0.0765	0.585	0.0825	0	251	303	3
2026-02-12	15:29:29.350	-57.995	-17.29	-31.185	0.67222	-0.2745	0.313052	0.0705	0.5775	0.084	0	251	303	3
2026-02-12	15:29:29.370	-56.875	-20.475	-26.565	0.681004	-0.310856	0.301828	0.069	0.57	0.087	0	251	303	3
2026-02-12	15:29:29.390	-48.02	-25.13	-19.845	0.740296	-0.355264	0.302804	0.069	0.567	0.0885	0	251	303	3
2026-02-12	15:29:29.410	-26.145	-33.67	-17.045	0.965996	-0.417972	0.380152	0.069	0.5655	0.0915	0	242	323	3
2026-02-12	15:29:29.430	22.82	-35.7	-22.19	1.37982	-0.616344	0.648796	0.069	0.5655	0.0945	0	242	323	3
2026-02-12	15:29:29.450	78.61	-17.045	-9.1	1.628944	-0.556076	0.731268	0.0675	0.552	0.0945	0	242	323	3
2026-02-12	15:29:29.470	73.815	5.04	16.66	1.509872	-0.368928	0.486292	0.0675	0.555	0.0975	0	242	323	3
2026-02-12	15:29:29.490	40.145	16.555	31.745	1.374452	-0.299632	0.35136	0.063	0.5625	0.1005	0	242	323	3
2026-02-12	15:29:29.510	16.625	20.86	48.02	1.28954	-0.275232	0.341356	0.06	0.5685	0.093	0	242	323	3
2026-02-12	15:29:29.530	4.55	20.86	65.52	1.217316	-0.277916	0.376736	0.063	0.573	0.09	0	242	323	3
2026-02-12	15:29:29.550	1.82	19.355	83.51	1.118252	-0.254248	0.399916	0.063	0.582	0.087	0	242	323	3
2026-02-12	15:29:29.570	0.385	15.785	98.595	1.029192	-0.212036	0.393328	0.063	0.5925	0.0825	0	242	323	3
2026-02-12	15:29:29.590	-7.7	12.53	109.235	0.959896	-0.215208	0.364292	0.066	0.6075	0.078	0	242	323	3
2026-02-12	15:29:29.610	-13.475	9.31	117.11	0.908168	-0.248148	0.327692	0.066	0.624	0.0765	0	236	345	3
2026-02-12	15:29:29.630	-9.765	6.93	122.255	0.914024	-0.26962	0.300608	0.066	0.636	0.078	0	236	345	3
2026-02-12	15:29:29.650	1.225	6.23	123.97	0.920856	-0.25742	0.279136	0.0705	0.642	0.075	0	236	345	3
2026-02-12	15:29:29.670	16.52	8.26	120.47	0.854732	-0.22448	0.214476	0.084	0.6675	0.078	0	236	345	3
2026-02-12	15:29:29.690	23.03	8.995	114.38	0.803004	-0.214232	0.172264	0.0825	0.681	0.072	0	236	345	3
2026-02-12	15:29:29.710	29.33	9.24	105.42	0.779824	-0.208132	0.149572	0.084	0.7035	0.069	0	236	345	3
2026-02-12	15:29:29.730	36.89	10.15	94.325	0.773724	-0.208376	0.144448	0.0915	0.717	0.063	0	236	345	3
2026-02-12	15:29:29.750	44.66	12.6	83.405	0.755668	-0.193492	0.150304	0.093	0.732	0.054	0	236	345	3
2026-02-12	15:29:29.770	47.6	14.98	73.465	0.736148	-0.161284	0.151036	0.099	0.747	0.057	0	236	345	3
2026-02-12	15:29:29.790	45.15	15.4	61.215	0.8052	-0.151524	0.158844	0.105	0.7545	0.0555	0	236	345	3
2026-02-12	15:29:29.810	42.455	15.505	45.955	0.91988	-0.159088	0.183732	0.108	0.7605	0.048	0	233	348	3
2026-02-12	15:29:29.830	36.785	16.135	31.465	1.009672	-0.1464	0.190808	0.114	0.7605	0.0405	0	233	348	3
2026-02-12	15:29:29.850	26.18	14.175	18.41	1.105076	-0.121512	0.193248	0.114	0.7665	0.033	0	233	348	3
2026-02-12	15:29:29.870	11.165	10.85	3.955	1.169492	-0.110532	0.187392	0.114	0.771	0.0315	0	233	348	3
2026-02-12	15:29:29.890	-6.195	3.57	-25.34	1.352004	-0.153232	0.216672	0.114	0.771	0.0315	0	233	348	3
2026-02-12	15:29:29.910	-15.435	1.995	-42.805	1.351272	-0.188368	0.241316	0.1095	0.7695	0.0285	0	233	348	3
2026-02-12	15:29:29.930	-17.675	0.21	-55.475	1.271972	-0.213988	0.251076	0.105	0.7665	0.0315	0	233	348	3
2026-02-12	15:29:29.950	-15.925	-1.4	-59.57	1.133136	-0.204228	0.287676	0.102	0.759	0.0315	0	233	348	3
2026-02-12	15:29:29.970	-10.15	-0.98	-55.405	1.00162	-0.187148	0.349408	0.102	0.7545	0.027	0	233	348	3
2026-02-12	15:29:29.990	-4.2	-1.19	-48.44	0.900848	-0.05246	0.332816	0.0975	0.7455	0.024	0	233	348	3
2026-02-12	15:29:30.010	-11.76	-8.505	-43.715	0.855464	0.019764	0.311344	0.093	0.7365	0.0225	0	231	329	3
2026-02-12	15:29:30.030	-16.625	-12.32	-42.07	0.895724	-0.035624	0.33306	0.087	0.7305	0.027	0	231	329	3
2026-02-12	15:29:30.050	-16.38	-14.665	-42.245	0.988688	-0.061488	0.37332	0.0885	0.726	0.033	0	231	329	3
2026-02-12	15:29:30.070	-18.48	-9.59	-44.59	1.027728	-0.05124	0.375272	0.0945	0.726	0.033	0	231	329	3
2026-02-12	15:29:30.090	-37.03	0.595	-49.77	1.007232	-0.05002	0.288652	0.084	0.7185	0.036	0	231	329	3
2026-02-12	15:29:30.110	-54.25	9.8	-55.895	0.994544	-0.073688	0.222284	0.0795	0.7125	0.0345	0	231	329	3
2026-02-12	15:29:30.130	-60.865	15.015	-59.85	0.995276	-0.085644	0.203252	0.0735	0.7035	0.0345	0	231	329	3
2026-02-12	15:29:30.150	-65.555	17.99	-62.65	0.998204	-0.106872	0.219356	0.069	0.7005	0.036	0	231	329	3
2026-02-12	15:29:30.170	-71.785	18.9	-63.7	0.990884	-0.148352	0.241316	0.0645	0.6915	0.0375	0	231	329	3
2026-02-12	15:29:30.190	-72.73	17.78	-62.825	0.98576	-0.178608	0.274744	0.0615	0.678	0.0375	0	231	329	3
2026-02-12	15:29:30.210	-67.2	16.135	-60.76	0.963556	-0.1708	0.292556	0.0615	0.672	0.039	0	229	312	3
2026-02-12	15:29:30.230	-62.615	14.35	-59.325	0.946476	-0.155916	0.300364	0.0585	0.663	0.036	0	229	312	3
2026-02-12	15:29:30.250	-62.3	12.425	-59.71	0.915732	-0.154452	0.3172	0.054	0.654	0.039	0	229	312	3
2026-02-12	15:29:30.270	-64.33	10.815	-61.11	0.889624	-0.177632	0.327692	0.051	0.645	0.0435	0	229	312	3
2026-02-12	15:29:30.290	-66.115	8.785	-62.72	0.864492	-0.192028	0.317932	0.0525	0.639	0.0435	0	229	312	3
2026-02-12	15:29:30.310	-68.985	5.075	-65.835	0.831552	-0.225456	0.289384	0.054	0.627	0.0495	0	229	312	3
2026-02-12	15:29:30.330	-66.85	1.295	-68.25	0.832284	-0.247904	0.29768	0.0465	0.6195	0.0465	0	229	312	3
2026-02-12	15:29:30.350	-61.985	-1.575	-70.525	0.84058	-0.27694	0.330132	0.042	0.606	0.0435	0	229	312	3
2026-02-12	15:29:30.370	-57.33	-2.59	-71.225	0.831552	-0.28792	0.34892	0.0435	0.594	0.042	0	229	312	3
2026-02-12	15:29:30.390	-53.095	-2.59	-69.79	0.798124	-0.279624	0.358924	0.042	0.5865	0.042	0	229	312	3
2026-02-12	15:29:30.410	-50.855	-2.975	-67.235	0.766404	-0.275232	0.355996	0.0495	0.5805	0.045	0	225	303	3
2026-02-12	15:29:30.430	-52.29	-3.92	-65.345	0.755668	-0.277428	0.343552	0.054	0.567	0.045	0	225	303	3
2026-02-12	15:29:30.450	-55.335	-5.46	-63.98	0.762256	-0.290848	0.348676	0.048	0.5565	0.045	0	225	303	3
2026-02-12	15:29:30.470	-58.38	-7.105	-61.355	0.780068	-0.324764	0.370392	0.042	0.5505	0.042	0	225	303	3
2026-02-12	15:29:30.490	-60.76	-8.505	-55.685	0.773968	-0.327692	0.379664	0.042	0.5445	0.042	0	225	303	3
2026-02-12	15:29:30.510	-60.06	-9.415	-46.76	0.750544	-0.341844	0.37942	0.045	0.537	0.0465	0	225	303	3
2026-02-12	15:29:30.530	-58.31	-13.195	-29.015	0.721264	-0.34282	0.33916	0.045	0.537	0.0465	0	225	303	3
2026-02-12	15:29:30.550	-59.71	-21.07	-18.9	0.775432	-0.335988	0.29524	0.0465	0.5295	0.0465	0	225	303	3
2026-02-12	15:29:30.570	-56.84	-33.11	-14.84	0.966972	-0.396012	0.323056	0.051	0.5145	0.048	0	225	303	3
2026-02-12	15:29:30.590	-37.835	-41.895	-15.995	1.211948	-0.509472	0.452864	0.048	0.513	0.0525	0	225	303	3
2026-02-12	15:29:30.610	-0.525	-39.34	-15.995	1.345416	-0.608048	0.577548	0.048	0.516	0.0585	0	219	309	3
2026-02-12	15:29:30.630	42.35	-30.135	-9.065	1.329556	-0.608292	0.579744	0.051	0.51	0.0645	0	219	309	3
2026-02-12	15:29:30.650	79.065	-18.69	0.28	1.253916	-0.5429	0.475312	0.0465	0.5085	0.0675	0	219	309	3
2026-02-12	15:29:30.670	103.075	-8.785	11.55	1.20414	-0.422608	0.373076	0.048	0.5085	0.072	0	219	309	3
2026-02-12	15:29:30.690	112.35	-0.105	23.38	1.177788	-0.358436	0.343308	0.0525	0.5115	0.0735	0	219	309	3
2026-02-12	15:29:30.710	110.74	8.26	36.89	1.12484	-0.307684	0.35136	0.051	0.519	0.0735	0	219	309	3
2026-02-12	15:29:30.730	87.15	16.45	55.23	1.002352	-0.215696	0.346968	0.051	0.5265	0.0765	0	219	309	3
2026-02-12	15:29:30.750	46.865	19.6	71.19	0.915244	-0.144448	0.319396	0.048	0.534	0.078	0	219	309	3
2026-02-12	15:29:30.770	11.305	19.635	80.605	0.908168	-0.158112	0.293776	0.0465	0.5475	0.0765	0	219	309	3
2026-02-12	15:29:30.790	-15.05	17.605	87.29	0.947452	-0.167384	0.280844	0.051	0.558	0.072	0	219	309	3
2026-02-12	15:29:30.810	-35.07	15.645	91.49	0.941352	-0.184708	0.266936	0.0465	0.573	0.0675	0	215	324	3
2026-02-12	15:29:30.830	-47.845	14.49	93.695	0.914512	-0.210328	0.23546	0.0465	0.588	0.066	0	215	324	3
2026-02-12	15:29:30.850	-50.33	12.845	93.205	0.93452	-0.233996	0.205936	0.0495	0.594	0.0675	0	215	324	3
2026-02-12	15:29:30.870	-45.255	10.465	90.405	0.93696	-0.242536	0.183	0.0465	0.606	0.0615	0	215	324	3
2026-02-12	15:29:30.890	-34.825	9.03	85.575	0.914268	-0.252052	0.16592	0.0495	0.624	0.06	0	215	324	3
2026-02-12	15:29:30.910	-19.04	7.7	77.875	0.937692	-0.261812	0.162504	0.0555	0.639	0.0645	0	215	324	3
2026-02-12	15:29:30.930	0	8.225	68.25	0.963068	-0.262788	0.16348	0.0555	0.6465	0.066	0	215	324	3
2026-02-12	15:29:30.950	27.335	11.585	55.02	0.898652	-0.24644	0.16226	0.06	0.645	0.0585	0	215	324	3
2026-02-12	15:29:30.970	42.91	11.515	44.94	0.95404	-0.220576	0.16348	0.063	0.657	0.063	0	215	324	3
2026-02-12	15:29:30.990	52.43	12.915	33.845	1.025776	-0.21472	0.166408	0.063	0.669	0.066	0	215	324	3
2026-02-12	15:29:31.010	56.735	14.245	24.71	1.074576	-0.179828	0.164944	0.0585	0.672	0.06	0	213	323	3
2026-02-12	15:29:31.030	50.995	14.07	16.485	1.10166	-0.141032	0.151768	0.0615	0.6765	0.0525	0	213	323	3
2026-02-12	15:29:31.050	38.29	12.005	7.28	1.144116	-0.128588	0.147376	0.066	0.6795	0.045	0	213	323	3
2026-02-12	15:29:31.070	24.08	9.03	-3.465	1.22366	-0.136396	0.160064	0.0675	0.6825	0.0435	0	213	323	3
2026-02-12	15:29:31.090	8.925	8.19	-13.65	1.23952	-0.142496	0.175436	0.0675	0.684	0.0435	0	213	323	3
2026-02-12	15:29:31.110	-3.92	5.285	-21.63	1.283196	-0.147864	0.17934	0.0615	0.6795	0.0405	0	213	323	3
2026-02-12	15:29:31.130	-12.04	1.26	-29.89	1.27978	-0.16226	0.208864	0.06	0.6795	0.0375	0	213	323	3
2026-02-12	15:29:31.150	-15.75	-0.175	-32.375	1.083604	-0.212768	0.233264	0.057	0.6765	0.0435	0	213	323	3
2026-02-12	15:29:31.170	1.505	-7.875	-25.69	0.883036	-0.22692	0.288896	0.057	0.6765	0.0435	0	213	323	3
2026-02-12	15:29:31.190	21.875	-9.905	-18.13	0.839604	-0.228872	0.345992	0.0585	0.6705	0.0435	0	213	323	3
2026-02-12	15:29:31.210	47.495	-7.525	-10.395	0.844484	-0.1891	0.382104	0.06	0.663	0.0435	0	210	303	3
2026-02-12	15:29:31.230	66.85	-3.5	-4.9	0.864248	-0.123708	0.357948	0.0555	0.6645	0.042	0	210	303	3
2026-02-12	15:29:31.250	72.415	-0.105	-3.605	0.908168	-0.082228	0.318908	0.051	0.666	0.0405	0	210	303	3
2026-02-12	15:29:31.270	60.97	3.605	-7.21	0.963556	-0.056364	0.303292	0.054	0.6615	0.0375	0	210	303	3
2026-02-12	15:29:31.290	36.995	8.05	-13.545	0.984784	-0.031232	0.285968	0.057	0.6615	0.0345	0	210	303	3
2026-02-12	15:29:31.310	4.41	11.445	-20.51	0.984784	-0.0061	0.26474	0.0555	0.6555	0.033	0	210	303	3
2026-02-12	15:29:31.330	-30.275	14.945	-26.775	0.974292	-0.026352	0.27572	0.0525	0.6465	0.033	0	210	303	3
2026-02-12	15:29:31.350	-54.18	18.445	-29.995	0.93208	-0.064416	0.317688	0.048	0.6465	0.0345	0	210	303	3
2026-02-12	15:29:31.370	-69.86	19.18	-30.555	0.89792	-0.106384	0.333792	0.051	0.6465	0.03	0	210	303	3
2026-02-12	15:29:31.390	-71.995	17.64	-29.05	0.879376	-0.152744	0.33062	0.0495	0.645	0.03	0	210	303	3
2026-02-12	15:29:31.410	-62.37	15.82	-27.265	0.874008	-0.16226	0.319884	0.0495	0.6435	0.0285	0	208	290	3
2026-02-12	15:29:31.430	-51.03	14.07	-26.18	0.879376	-0.161284	0.304756	0.051	0.639	0.024	0	208	290	3
2026-02-12	15:29:31.450	-43.785	12.495	-26.46	0.883768	-0.152012	0.288408	0.051	0.63	0.021	0	208	290	3
2026-02-12	15:29:31.470	-42.455	10.85	-28.56	0.87108	-0.14396	0.288896	0.0465	0.627	0.024	0	208	290	3
2026-02-12	15:29:31.490	-44.275	8.295	-32.2	0.869128	-0.148352	0.290848	0.0465	0.624	0.0255	0	208	290	3
2026-02-12	15:29:31.510	-46.235	5.32	-36.47	0.885232	-0.167628	0.309392	0.045	0.6195	0.024	0	208	290	3
2026-02-12	15:29:31.530	-46.375	2.835	-39.97	0.874984	-0.180804	0.308904	0.0405	0.612	0.0225	0	208	290	3
2026-02-12	15:29:31.550	-44.205	0	-42.035	0.846924	-0.197396	0.310368	0.042	0.609	0.024	0	208	290	3
2026-02-12	15:29:31.570	-41.3	-3.43	-43.54	0.826428	-0.213744	0.31354	0.051	0.6075	0.0285	0	208	290	3
2026-02-12	15:29:31.590	-35.98	-9.065	-46.06	0.811788	-0.227896	0.338428	0.048	0.597	0.0225	0	208	290	3
2026-02-12	15:29:31.610	-33.215	-11.795	-47.845	0.787144	-0.216916	0.344284	0.0435	0.594	0.027	0	204	288	3
2026-02-12	15:29:31.630	-32.585	-13.93	-50.015	0.777628	-0.221308	0.339648	0.0375	0.5865	0.0315	0	204	288	3
2026-02-12	15:29:31.650	-32.9	-15.435	-52.325	0.766892	-0.219844	0.336232	0.0405	0.5775	0.027	0	204	288	3
2026-02-12	15:29:31.670	-34.23	-16.17	-54.11	0.74176	-0.2379	0.338672	0.042	0.5655	0.0285	0	204	288	3
2026-02-12	15:29:31.690	-34.755	-16.975	-54.915	0.723216	-0.27084	0.349652	0.0435	0.558	0.039	0	204	288	3
2026-02-12	15:29:31.710	-33.95	-17.325	-53.83	0.695644	-0.310856	0.361608	0.0435	0.5535	0.0405	0	204	288	3
2026-02-12	15:29:31.730	-31.15	-17.675	-51.17	0.688812	-0.331596	0.374296	0.0405	0.543	0.0405	0	204	288	3
2026-02-12	15:29:31.750	-27.44	-18.095	-47.67	0.6954	-0.331108	0.363316	0.042	0.537	0.0405	0	204	288	3
2026-02-12	15:29:31.770	-24.43	-19.88	-42.945	0.7198	-0.347944	0.32574	0.045	0.5385	0.0375	0	204	288	3
2026-02-12	15:29:31.790	-18.935	-25.48	-39.515	0.862784	-0.37088	0.328424	0.042	0.5325	0.0435	0	204	288	3
2026-02-12	15:29:31.810	4.235	-32.375	-41.58	1.21146	-0.474824	0.484828	0.048	0.528	0.0495	0	199	298	3
2026-02-12	15:29:31.830	28.35	-28	-40.565	1.390068	-0.531432	0.615856	0.045	0.5175	0.0495	0	199	298	3
2026-02-12	15:29:31.850	44.135	-16.94	-30.485	1.390556	-0.51118	0.581452	0.045	0.5025	0.054	0	199	298	3
2026-02-12	15:29:31.870	53.095	-4.935	-19.215	1.314428	-0.415532	0.441396	0.0465	0.498	0.06	0	199	298	3
2026-02-12	15:29:31.890	52.78	2.555	-7.91	1.278072	-0.349408	0.358924	0.0465	0.4965	0.0645	0	199	298	3
2026-02-12	15:29:31.910	48.335	8.435	4.48	1.262212	-0.337696	0.359656	0.048	0.495	0.066	0	199	298	3
2026-02-12	15:29:31.930	40.6	12.32	18.27	1.208288	-0.3233	0.388936	0.048	0.498	0.0645	0	199	298	3
2026-02-12	15:29:31.950	28.455	14.035	32.725	1.130696	-0.272304	0.397964	0.045	0.504	0.063	0	199	298	3
2026-02-12	15:29:31.970	10.605	15.085	45.43	1.05896	-0.232776	0.37332	0.042	0.507	0.0615	0	199	298	3
2026-02-12	15:29:31.990	-8.33	16.59	56.525	0.981368	-0.215452	0.335012	0.045	0.516	0.0615	0	199	298	3
2026-02-12	15:29:32.010	-31.78	15.68	71.505	0.873764	-0.23302	0.268644	0.045	0.522	0.0585	0	197	318	3
2026-02-12	15:29:32.030	-34.895	13.58	80.045	0.847412	-0.2562	0.241316	0.0435	0.534	0.057	0	197	318	3
2026-02-12	15:29:32.050	-26.425	13.51	87.43	0.875228	-0.271572	0.244488	0.042	0.543	0.057	0	197	318	3
2026-02-12	15:29:32.070	-11.9	16.345	93.87	0.966728	-0.249124	0.24522	0.0405	0.555	0.054	0	197	318	3
2026-02-12	15:29:32.090	-1.26	21.875	99.225	1.033828	-0.19764	0.20862	0.0405	0.5685	0.048	0	197	318	3
2026-02-12	15:29:32.110	2.065	26.81	102.445	1.096536	-0.1708	0.174216	0.0465	0.579	0.0495	0	197	318	3
2026-02-12	15:29:32.130	1.05	31.57	104.37	1.126304	-0.146156	0.162016	0.051	0.597	0.045	0	197	318	3
2026-02-12	15:29:32.150	-4.83	36.19	104.51	1.148752	-0.11956	0.171044	0.051	0.612	0.0435	0	197	318	3
2026-02-12	15:29:32.170	-15.295	40.005	100.765	1.19438	-0.096624	0.175924	0.0465	0.6225	0.0405	0	197	318	3
2026-02-12	15:29:32.190	-29.61	43.33	93.555	1.226344	-0.09857599	0.19032	0.0435	0.633	0.0345	0	197	318	3
2026-02-12	15:29:32.210	-39.725	47.075	83.93	1.260504	-0.141276	0.228872	0.0555	0.651	0.039	0	197	325	3
2026-02-12	15:29:32.230	-41.86	54.46	69.09	1.268068	-0.155428	0.262544	0.048	0.6585	0.024	0	197	325	3
2026-02-12	15:29:32.250	-41.65	59.325	58.765	1.192916	-0.122244	0.253516	0.0555	0.6675	0.021	0	197	325	3
2026-02-12	15:29:32.270	-41.37	60.865	44.38	1.198284	-0.090524	0.221796	0.06	0.6855	0.015	0	197	325	3
2026-02-12	15:29:32.290	-45.185	61.635	26.705	1.146312	-0.051484	0.205936	0.0615	0.6975	0.0075	0	197	325	3
2026-02-12	15:29:32.310	-51.94	60.97	8.645	1.04188	-0.011224	0.207156	0.066	0.6975	0.0015	0	197	325	3
2026-02-12	15:29:32.330	-59.85	58.87	-8.715	0.96746	-0.022448	0.200812	0.069	0.7005	-0.0045	0	197	325	3
2026-02-12	15:29:32.350	-65.625	55.825	-25.97	0.946232	-0.06466	0.207888	0.0735	0.699	-0.0075	0	197	325	3
2026-02-12	15:29:32.370	-66.325	53.62	-40.88	0.894016	-0.112972	0.213256	0.0735	0.6945	-0.012	0	197	325	3
2026-02-12	15:29:32.390	-60.83	51.38	-51.03	0.81374	-0.128832	0.218624	0.069	0.696	-0.018	0	197	325	3
2026-02-12	15:29:32.410	-49.315	48.72	-58.1	0.75152	-0.102236	0.235704	0.0675	0.687	-0.009	0	199	312	3
2026-02-12	15:29:32.430	-40.425	45.64	-66.605	0.690032	-0.072224	0.243024	0.0615	0.6885	-0.027	0	199	312	3
2026-02-12	15:29:32.450	-46.235	38.255	-82.25	0.715652	-0.12566	0.205204	0.0615	0.6885	-0.027	0	199	312	3
2026-02-12	15:29:32.470	-53.515	34.265	-95.795	0.748592	-0.130784	0.190808	0.0555	0.6705	-0.033	0	199	312	3
2026-02-12	15:29:32.490	-65.03	30.415	-110.145	0.7869	-0.132736	0.184708	0.0495	0.648	-0.042	0	199	312	3
2026-02-12	15:29:32.510	-76.58	26.915	-124.915	0.825696	-0.16226	0.189588	0.048	0.636	-0.042	0	199	312	3
2026-02-12	15:29:32.530	-80.465	24.745	-138.74	0.86376	-0.204716	0.208864	0.048	0.6225	-0.0405	0	199	312	3
2026-02-12	15:29:32.550	-78.505	22.855	-149.135	0.895236	-0.233508	0.228628	0.0525	0.6045	-0.042	0	199	312	3
2026-02-12	15:29:32.570	-75.915	21.735	-155.435	0.911584	-0.253028	0.2562	0.0525	0.5835	-0.0495	0	199	312	3
2026-02-12	15:29:32.590	-72.485	19.985	-158.41	0.927688	-0.260836	0.274744	0.0465	0.5655	-0.0555	0	199	312	3
2026-02-12	15:29:32.610	-66.71	17.185	-157.955	0.95648	-0.280112	0.2806	0.0435	0.5595	-0.0585	0	201	291	3
2026-02-12	15:29:32.630	-58.135	13.23	-154.455	0.982588	-0.278892	0.296704	0.0405	0.534	-0.054	0	201	291	3
2026-02-12	15:29:32.650	-46.62	6.405	-148.855	1.040904	-0.294752	0.336476	0.042	0.516	-0.0615	0	201	291	3
2026-02-12	15:29:32.670	-32.935	1.12	-140.805	1.044564	-0.274256	0.411628	0.051	0.495	-0.069	0	201	291	3
2026-02-12	15:29:32.690	-33.95	-7.7	-133.245	1.029924	-0.263276	0.41114	0.0585	0.465	-0.072	0	201	291	3
2026-02-12	15:29:32.710	-43.54	-15.785	-125.825	1.00894	-0.32086	0.374052	0.0585	0.45	-0.0675	0	201	291	3
2026-02-12	15:29:32.730	-49.105	-22.12	-117.53	0.964776	-0.326472	0.363316	0.063	0.4335	-0.0675	0	201	291	3
2026-02-12	15:29:32.750	-55.475	-28	-109.76	0.93818	-0.324032	0.370148	0.069	0.4185	-0.066	0	201	291	3
2026-02-12	15:29:32.770	-61.425	-32.27	-102.27	0.904508	-0.342576	0.375272	0.078	0.4065	-0.0645	0	201	291	3
2026-02-12	15:29:32.790	-59.395	-37.135	-94.99	0.92842	-0.376004	0.379664	0.081	0.3915	-0.0615	0	201	291	3
2026-02-12	15:29:32.810	-47.775	-41.09	-87.255	0.974048	-0.412604	0.408944	0.087	0.3765	-0.06	0	202	285	3
2026-02-12	15:29:32.830	-35.84	-41.93	-78.12	0.962092	-0.43188	0.452376	0.0915	0.372	-0.0615	0	202	285	3
2026-02-12	15:29:32.850	-28.42	-41.965	-68.18	0.924272	-0.44042	0.494588	0.0915	0.3765	-0.069	0	202	285	3
2026-02-12	15:29:32.870	-19.775	-42.385	-52.57	0.911096	-0.47702	0.529724	0.09	0.366	-0.0525	0	202	285	3
2026-02-12	15:29:32.890	-14.035	-40.145	-39.97	0.8845	-0.477264	0.545584	0.0975	0.36	-0.048	0	202	285	3
2026-02-12	15:29:32.910	-10.64	-36.155	-25.48	0.833504	-0.478972	0.559736	0.102	0.3525	-0.0435	0	202	285	3
2026-02-12	15:29:32.930	-8.295	-30.73	-9.205	0.725656	-0.473848	0.547292	0.0975	0.3465	-0.0345	0	202	285	3
2026-02-12	15:29:32.950	-4.655	-27.755	7.245	0.648308	-0.463356	0.50752	0.1005	0.342	-0.0315	0	202	285	3
2026-02-12	15:29:32.970	-1.015	-26.425	22.785	0.600972	-0.447496	0.453108	0.105	0.3435	-0.0375	0	202	285	3
2026-02-12	15:29:32.990	4.9	-25.585	37.415	0.591212	-0.433588	0.394304	0.102	0.3465	-0.033	0	202	285	3
2026-02-12	15:29:33.010	15.82	-26.67	50.05	0.663436	-0.424316	0.33184	0.0945	0.3555	-0.0285	0	202	306	3
2026-02-12	15:29:33.030	36.19	-31.08	56.875	0.980636	-0.500444	0.3538	0.0945	0.3645	-0.0315	0	202	306	3
2026-02-12	15:29:33.050	84.665	-28.7	56.63	1.387872	-0.598044	0.497028	0.0855	0.363	-0.024	0	202	306	3
2026-02-12	15:29:33.070	124.355	-19.005	60.9	1.730204	-0.488244	0.577304	0.084	0.369	-0.015	0	202	306	3
2026-02-12	15:29:33.090	99.715	9.345	80.92	1.558428	-0.366488	0.399184	0.084	0.369	-0.015	0	202	306	3
2026-02-12	15:29:33.110	80.255	17.885	92.715	1.422276	-0.335744	0.299876	0.075	0.378	-0.0015	0	202	306	3
2026-02-12	15:29:33.130	75.355	21.385	104.545	1.373964	-0.299876	0.28792	0.0675	0.4005	0.009	0	202	306	3
2026-02-12	15:29:33.150	75.04	24.71	116.69	1.32248	-0.265716	0.309148	0.0645	0.4155	0.009	0	202	306	3
2026-02-12	15:29:33.170	75.25	26.635	127.855	1.25904	-0.232044	0.314272	0.06	0.426	0.0135	0	202	306	3
2026-02-12	15:29:33.190	69.79	27.16	137.795	1.209508	-0.186416	0.284504	0.054	0.444	0.0105	0	202	306	3
2026-02-12	15:29:33.210	54.355	27.055	146.265	1.167296	-0.177632	0.239852	0.051	0.459	0.0045	0	207	334	3
2026-02-12	15:29:33.230	35.455	26.005	153.405	1.121424	-0.18422	0.190076	0.0435	0.48	0.0015	0	207	334	3
2026-02-12	15:29:33.250	22.225	23.1	158.13	1.11142	-0.19276	0.149816	0.0345	0.4935	0.0015	0	207	334	3
2026-02-12	15:29:33.270	15.435	20.545	160.02	1.085312	-0.192516	0.107604	0.0405	0.513	0.0045	0	207	334	3
2026-02-12	15:29:33.290	13.895	16.905	158.795	1.082628	-0.18422	0.06222	0.039	0.5295	0.006	0	207	334	3
2026-02-12	15:29:33.310	15.855	14.875	152.355	1.108492	-0.162992	0.048312	0.0405	0.555	0.003	0	207	334	3
2026-02-12	15:29:33.330	14.735	16.8	142.87	1.037	-0.165676	0.055388	0.045	0.588	0	0	207	334	3
2026-02-12	15:29:33.350	15.155	19.075	132.02	0.94428	-0.191052	0.057584	0.0435	0.603	-0.0015	0	207	334	3
2026-02-12	15:29:33.370	19.04	20.825	120.05	0.884256	-0.21838	0.060756	0.045	0.624	0	0	207	334	3
2026-02-12	15:29:33.390	25.445	21.665	105.77	0.869372	-0.213988	0.058072	0.0525	0.645	0	0	207	334	3
2026-02-12	15:29:33.410	29.015	22.645	88.305	0.877668	-0.20252	0.06344	0.0555	0.663	-0.009	0	215	330	3
2026-02-12	15:29:33.430	26.81	23.52	69.405	0.88572	-0.188124	0.0488	0.057	0.672	-0.0105	0	215	330	3
2026-02-12	15:29:33.450	18.83	22.925	51.87	0.849608	-0.164944	0.008052	0.057	0.675	-0.0075	0	215	330	3
2026-02-12	15:29:33.470	11.55	16.485	30.835	0.87474	-0.164212	-0.017568	0.057	0.6765	-0.012	0	215	330	3
2026-02-12	15:29:33.490	8.785	6.265	4.41	0.962824	-0.201544	-0.00732	0.066	0.687	-0.0165	0	215	330	3
2026-02-12	15:29:33.510	13.51	-6.755	-36.26	1.080676	-0.268156	0.057828	0.0645	0.6825	-0.024	0	215	330	3
2026-02-12	15:29:33.530	21.77	-14.98	-56.42	1.109224	-0.287188	0.082716	0.0645	0.684	-0.024	0	215	330	3
2026-02-12	15:29:33.550	37.66	-26.11	-71.75	1.118252	-0.29524	0.13786	0.06	0.681	-0.0255	0	215	330	3
2026-02-12	15:29:33.570	60.2	-35.7	-81.165	1.05042	-0.331108	0.204716	0.0495	0.6645	-0.021	0	215	330	3
2026-02-12	15:29:33.590	95.865	-41.51	-81.515	1.00894	-0.3843	0.334768	0.045	0.645	-0.0135	0	215	330	3
2026-02-12	15:29:33.610	147.175	-39.235	-72.205	0.998204	-0.388448	0.442372	0.0525	0.6375	-0.0165	0	223	292	3
2026-02-12	15:29:33.630	193.445	-33.74	-53.62	0.948916	-0.292068	0.45994	0.0495	0.624	-0.018	0	223	292	3
2026-02-12	15:29:33.650	217.84	-31.185	-32.34	0.915732	-0.173728	0.428464	0.0405	0.615	-0.015	0	223	292	3
2026-02-12	15:29:33.670	218.68	-28.35	-15.12	0.953552	-0.084912	0.410408	0.0405	0.6165	-0.0165	0	223	292	3
2026-02-12	15:29:33.690	190.505	-25.06	-3.92	1.002352	-0.015616	0.433344	0.0435	0.612	-0.012	0	223	292	3
2026-02-12	15:29:33.710	138.88	-22.68	1.085	1.023824	0.036844	0.435052	0.0435	0.6015	-0.012	0	223	292	3
2026-02-12	15:29:33.730	42.42	-24.92	-1.4	1.011624	0.15372	0.399672	0.0435	0.6015	-0.012	0	223	292	3
2026-02-12	15:29:33.750	-16.87	-26.915	-8.82	0.970388	0.105408	0.411872	0.0405	0.5985	-0.009	0	223	292	3
2026-02-12	15:29:33.770	-46.375	-23.555	-15.82	0.924272	0.061732	0.545828	0.036	0.5955	-0.0045	0	223	292	3
2026-02-12	15:29:33.790	-58.555	-17.465	-23.555	0.839116	0.029036	0.599264	0.0315	0.594	-0.0015	0	223	292	3
2026-02-12	15:29:33.810	-70.385	-13.44	-30.73	0.795928	-0.025376	0.573644	0.033	0.5955	0.0015	0	231	275	3
2026-02-12	15:29:33.830	-77.49	-9.695	-37.205	0.793976	-0.1037	0.521184	0.0345	0.5925	0.006	0	231	275	3
2026-02-12	15:29:33.850	-71.26	-6.3	-42.175	0.815204	-0.1525	0.471652	0.033	0.585	0.0045	0	231	275	3
2026-02-12	15:29:33.870	-55.09	-2.31	-45.15	0.806908	-0.167872	0.427732	0.033	0.585	0.0015	0	231	275	3
2026-02-12	15:29:33.890	-39.095	0.525	-46.025	0.786656	-0.157136	0.374784	0.0315	0.573	0.006	0	231	275	3
2026-02-12	15:29:33.910	-28.21	0	-45.78	0.77836	-0.14762	0.337696	0.0375	0.567	0.009	0	231	275	3
2026-02-12	15:29:33.930	-19.32	-4.41	-45.605	0.766404	-0.143716	0.33184	0.036	0.564	0.0105	0	231	275	3
2026-02-12	15:29:33.950	-13.86	-10.535	-46.9	0.76494	-0.136396	0.339648	0.036	0.564	0.0105	0	231	275	3
2026-02-12	15:29:33.970	-12.705	-15.015	-48.615	0.748104	-0.142252	0.357948	0.0345	0.5535	0.009	0	231	275	3
2026-02-12	15:29:33.990	-14	-18.165	-49.875	0.740296	-0.160796	0.38552	0.0345	0.543	0.009	0	231	275	3
2026-02-12	15:29:34.010	-15.61	-19.285	-51.275	0.741272	-0.18788	0.402844	0.0345	0.54	0.0105	0	237	294	3
2026-02-12	15:29:34.030	-18.305	-21.105	-52.85	0.764452	-0.220576	0.377956	0.033	0.528	0.0105	0	237	294	3
2026-02-12	15:29:34.050	-22.085	-25.13	-54.39	0.786412	-0.242292	0.34404	0.0375	0.513	0.0165	0	237	294	3
2026-02-12	15:29:34.070	-26.075	-30.17	-56.105	0.786656	-0.268156	0.330864	0.039	0.4995	0.024	0	237	294	3
2026-02-12	15:29:34.090	-22.75	-36.26	-57.96	0.80886	-0.314516	0.345992	0.0345	0.489	0.027	0	237	294	3
2026-02-12	15:29:34.110	-10.99	-41.44	-60.025	0.838628	-0.353068	0.3782	0.039	0.489	0.0315	0	237	294	3
2026-02-12	15:29:34.130	1.785	-44.66	-60.27	0.859368	-0.362096	0.391376	0.033	0.492	0.0345	0	237	294	3
2026-02-12	15:29:34.150	15.435	-50.785	-59.255	0.930128	-0.336476	0.374296	0.033	0.4815	0.027	0	237	294	3
2026-02-12	15:29:34.170	22.12	-56.28	-59.185	1.016016	-0.334524	0.344772	0.036	0.4725	0.042	0	237	294	3
2026-02-12	15:29:34.190	38.675	-63.315	-61.46	1.202188	-0.386008	0.422364	0.0405	0.4605	0.06	0	237	294	3
2026-02-12	15:29:34.210	68.67	-59.745	-62.265	1.410564	-0.50386	0.626592	0.0465	0.453	0.066	0	240	322	3
2026-02-12	15:29:34.230	100.17	-43.19	-50.75	1.34688	-0.495808	0.629276	0.0525	0.4425	0.075	0	240	322	3
2026-02-12	15:29:34.250	113.89	-29.4	-30.24	1.197552	-0.421144	0.488976	0.0525	0.4365	0.0855	0	240	322	3
2026-02-12	15:29:34.270	120.33	-18.725	-11.165	1.160464	-0.370148	0.409432	0.0585	0.4395	0.0945	0	240	322	3
2026-02-12	15:29:34.290	130.515	-6.93	7.91	1.16388	-0.37454	0.395524	0.063	0.4425	0.1005	0	240	322	3
2026-02-12	15:29:34.310	142.135	4.69	33.11	1.11996	-0.296216	0.388692	0.06	0.4425	0.108	0	240	322	3
2026-02-12	15:29:34.330	136.64	14.91	57.505	1.077016	-0.195688	0.387228	0.06	0.447	0.117	0	240	322	3
2026-02-12	15:29:34.350	114.065	23.31	74.375	1.0858	-0.080032	0.386252	0.0495	0.4575	0.1215	0	240	322	3
2026-02-12	15:29:34.370	40.88	35.945	88.9	1.069208	-0.03538	0.340624	0.0495	0.4575	0.1215	0	240	322	3
2026-02-12	15:29:34.390	-11.13	40.11	95.515	1.032608	-0.05002	0.301584	0.048	0.4755	0.117	0	240	322	3
2026-02-12	15:29:34.410	-52.99	40.355	100.765	1.016748	-0.105896	0.285724	0.0465	0.5025	0.1095	0	241	348	3
2026-02-12	15:29:34.430	-77.49	38.255	105.21	1.025044	-0.157868	0.277184	0.0405	0.5175	0.1035	0	241	348	3
2026-02-12	15:29:34.450	-90.3	36.19	109.13	1.036512	-0.19642	0.252784	0.0345	0.531	0.099	0	241	348	3
2026-02-12	15:29:34.470	-95.165	36.435	111.93	1.057496	-0.229116	0.22082	0.033	0.543	0.093	0	241	348	3
2026-02-12	15:29:34.490	-93.065	36.855	112.595	1.126548	-0.238388	0.177144	0.033	0.561	0.0825	0	241	348	3
2026-02-12	15:29:34.510	-88.83	37.66	112.35	1.1163	-0.229604	0.134688	0.0315	0.5745	0.0765	0	241	348	3
2026-02-12	15:29:34.530	-83.825	37.52	111.65	1.037244	-0.218624	0.096624	0.033	0.585	0.0795	0	241	348	3
2026-02-12	15:29:34.550	-73.675	34.37	108.71	0.995276	-0.21594	0.078568	0.0315	0.5955	0.0795	0	241	348	3
2026-02-12	15:29:34.570	-55.51	29.05	101.815	0.98454	-0.220088	0.071736	0.033	0.6105	0.072	0	241	348	3
2026-02-12	15:29:34.590	-38.115	24.15	92.015	0.985028	-0.219112	0.072712	0.036	0.627	0.069	0	241	348	3
2026-02-12	15:29:34.610	-24.64	20.755	82.635	0.951356	-0.21472	0.068564	0.033	0.648	0.0645	0	241	347	3
2026-02-12	15:29:34.630	-10.325	17.15	71.82	0.9333	-0.217892	0.068808	0.036	0.66	0.0645	0	241	347	3
2026-02-12	15:29:34.650	4.165	14.21	59.955	0.929396	-0.220088	0.055388	0.0435	0.6765	0.06	0	241	347	3
2026-02-12	15:29:34.670	16.94	10.815	47.915	0.915732	-0.208376	0.052948	0.045	0.6855	0.0525	0	241	347	3
2026-02-12	15:29:34.690	30.31	6.09	34.65	0.914268	-0.211548	0.077104	0.045	0.6855	0.0525	0	241	347	3
2026-02-12	15:29:34.710	44.485	2.66	19.81	0.975512	-0.20984	0.121512	0.0435	0.684	0.0555	0	241	347	3
2026-02-12	15:29:34.730	56.875	1.155	1.995	1.11508	-0.196664	0.131516	0.051	0.699	0.054	0	241	347	3
2026-02-12	15:29:34.750	66.22	0.77	-17.255	1.175348	-0.19886	0.132492	0.0465	0.7005	0.048	0	241	347	3
2026-02-12	15:29:34.770	67.095	-2.065	-32.76	1.111176	-0.155672	0.12444	0.0405	0.693	0.039	0	241	347	3
2026-02-12	15:29:34.790	64.645	-11.27	-50.365	1.002108	-0.136884	0.205936	0.048	0.6855	0.042	0	241	347	3
2026-02-12	15:29:34.810	67.69	-16.52	-57.4	0.94184	-0.12932	0.260104	0.0405	0.684	0.0375	0	238	313	3
2026-02-12	15:29:34.830	71.365	-21.84	-59.92	0.890844	-0.1281	0.27938	0.0375	0.678	0.036	0	238	313	3
2026-02-12	15:29:34.850	75.565	-29.68	-60.935	0.917928	-0.15372	0.2989	0.033	0.6675	0.0375	0	238	313	3
2026-02-12	15:29:34.870	85.995	-35.945	-61.915	0.9821	-0.186416	0.353312	0.0285	0.663	0.0435	0	238	313	3
2026-02-12	15:29:34.890	102.445	-38.465	-62.79	1.00284	-0.14884	0.408456	0.033	0.6495	0.0465	0	238	313	3
2026-02-12	15:29:34.910	113.75	-37.24	-64.435	0.98942	-0.07198	0.41968	0.024	0.6375	0.0435	0	238	313	3
2026-02-12	15:29:34.930	110.32	-34.44	-66.115	0.96746	-0.014396	0.386496	0.0165	0.636	0.048	0	238	313	3
2026-02-12	15:29:34.950	88.97	-31.85	-67.165	0.964044	0.007808	0.346968	0.0345	0.6285	0.051	0	238	313	3
2026-02-12	15:29:34.970	56.07	-28.91	-69.125	0.959652	0.001464	0.3233	0.024	0.6255	0.0465	0	238	313	3
2026-02-12	15:29:34.990	21.42	-25.375	-70.315	0.942328	-0.017812	0.325252	0.018	0.6075	0.0585	0	238	313	3
2026-02-12	15:29:35.010	-17.255	-19.11	-66.85	0.92232	-0.075396	0.308416	0.018	0.6075	0.0585	0	233	284	3
2026-02-12	15:29:35.030	-29.085	-17.395	-61.39	0.92964	-0.09882	0.291824	0.0195	0.5925	0.0615	0	233	284	3
2026-02-12	15:29:35.050	-31.395	-16.625	-56.175	0.956236	-0.128588	0.287432	0.012	0.5775	0.0675	0	233	284	3
2026-02-12	15:29:35.070	-25.06	-15.015	-50.155	0.977952	-0.143472	0.287188	0.0075	0.5715	0.0675	0	233	284	3
2026-02-12	15:29:35.090	-18.9	-13.825	-42.945	0.976488	-0.14274	0.273768	0.0135	0.561	0.0675	0	233	284	3
2026-02-12	15:29:35.110	-15.68	-14.98	-35.84	0.991128	-0.13786	0.269864	0.0165	0.555	0.069	0	233	284	3
2026-02-12	15:29:35.130	-15.89	-16.59	-29.54	0.959164	-0.131028	0.28426	0.0195	0.5505	0.0705	0	233	284	3
2026-02-12	15:29:35.150	-18.97	-18.515	-24.29	0.941108	-0.128832	0.284748	0.0195	0.549	0.072	0	233	284	3
2026-02-12	15:29:35.170	-23.94	-21.07	-20.93	0.95648	-0.14762	0.291336	0.012	0.537	0.075	0	233	284	3
2026-02-12	15:29:35.190	-26.53	-22.155	-17.71	0.98576	-0.175924	0.320372	0.0165	0.5445	0.078	0	233	284	3
2026-02-12	15:29:35.210	-24.885	-20.51	-13.44	0.940864	-0.175436	0.332572	0.009	0.5355	0.087	0	225	277	3
2026-02-12	15:29:35.230	-23.415	-17.99	-9.59	0.8784	-0.1525	0.312076	0.015	0.531	0.0855	0	225	277	3
2026-02-12	15:29:35.250	-24.85	-15.715	-7.105	0.829356	-0.153964	0.303292	0.0195	0.5265	0.0885	0	225	277	3
2026-02-12	15:29:35.270	-27.195	-14	-5.215	0.785436	-0.155184	0.300608	0.015	0.525	0.0945	0	225	277	3
2026-02-12	15:29:35.290	-30.975	-12.285	-4.235	0.727608	-0.140056	0.3172	0.0165	0.522	0.0975	0	225	277	3
2026-02-12	15:29:35.310	-36.68	-8.12	-3.29	0.642208	-0.134688	0.351116	0.021	0.5175	0.096	0	225	277	3
2026-02-12	15:29:35.330	-42.91	-5.18	-3.01	0.56974	-0.105896	0.324764	0.021	0.5175	0.093	0	225	277	3
2026-02-12	15:29:35.350	-49.525	-5.04	-5.11	0.523136	-0.126148	0.29768	0.0195	0.5205	0.093	0	225	277	3
2026-02-12	15:29:35.370	-58.905	-5.32	-5.32	0.473604	-0.15982	0.273036	0.015	0.5205	0.099	0	225	277	3
2026-02-12	15:29:35.390	-72.485	-8.82	-4.305	0.48678	-0.21106	0.242536	0.03	0.513	0.1005	0	225	277	3
2026-02-12	15:29:35.410	-77.28	-16.205	-2.555	0.624152	-0.35014	0.259616	0.009	0.513	0.0975	0	216	283	3
2026-02-12	15:29:35.430	-52.99	-32.97	0.56	0.93086	-0.397964	0.34648	0.021	0.501	0.0975	0	216	283	3
2026-02-12	15:29:35.450	-33.18	-43.435	-8.61	1.324676	-0.555344	0.572424	0.0195	0.5055	0.102	0	216	283	3
2026-02-12	15:29:35.470	10.255	-35.14	-13.755	1.6958	-0.806176	0.750788	0.021	0.507	0.1095	0	216	283	3
2026-02-12	15:29:35.490	50.82	-13.895	-2.765	1.6836	-0.75762	0.607316	0.021	0.5025	0.117	0	216	283	3
2026-02-12	15:29:35.510	74.27	5.67	4.375	1.620648	-0.574864	0.420412	0.0165	0.5025	0.1185	0	216	283	3
2026-02-12	15:29:35.530	71.75	22.61	10.92	1.608692	-0.45262	0.342576	0.0195	0.51	0.117	0	216	283	3
2026-02-12	15:29:35.550	47.81	36.365	24.115	1.461804	-0.391864	0.315736	0.024	0.513	0.117	0	216	283	3
2026-02-12	15:29:35.570	19.565	42.21	43.47	1.244888	-0.339404	0.29402	0.015	0.513	0.1155	0	216	283	3
2026-02-12	15:29:35.590	-1.575	41.16	64.4	1.040416	-0.276452	0.289384	0.012	0.5175	0.111	0	216	283	3
2026-02-12	15:29:35.610	-12.145	33.985	83.51	0.952576	-0.21716	0.264496	0.015	0.525	0.1035	0	214	301	3
2026-02-12	15:29:35.630	-22.19	27.335	99.68	0.890356	-0.188856	0.227896	0.012	0.5355	0.0915	0	214	301	3
2026-02-12	15:29:35.650	-34.79	18.165	120.015	0.808616	-0.20618	0.15128	0.0105	0.5565	0.0915	0	214	301	3
2026-02-12	15:29:35.670	-33.81	11.34	127.61	0.810324	-0.202032	0.115168	0.0075	0.5685	0.0915	0	214	301	3
2026-02-12	15:29:35.690	-29.855	5.915	128.625	0.861076	-0.197396	0.098088	0.006	0.5895	0.0945	0	214	301	3
2026-02-12	15:29:35.710	-27.58	3.325	124.915	0.865956	-0.192028	0.08052	0.0075	0.6135	0.0915	0	214	301	3
2026-02-12	15:29:35.730	-26.005	1.89	118.615	0.81374	-0.205204	0.065636	0.015	0.6315	0.0915	0	214	301	3
2026-02-12	15:29:35.750	-19.355	0.315	109.55	0.805688	-0.217404	0.050996	0.018	0.6435	0.0975	0	214	301	3
2026-02-12	15:29:35.770	-6.93	-0.56	96.32	0.857416	-0.220576	0.055632	0.015	0.654	0.102	0	214	301	3
2026-02-12	15:29:35.790	7.385	1.47	81.025	0.86498	-0.237168	0.056852	0.0195	0.666	0.1005	0	214	301	3
2026-02-12	15:29:35.810	24.535	2.66	65.17	0.91744	-0.266692	0.074908	0.0225	0.6825	0.096	0	219	300	3
2026-02-12	15:29:35.830	43.365	3.29	48.965	1.011868	-0.268156	0.101016	0.0225	0.6945	0.0975	0	219	300	3
2026-02-12	15:29:35.850	62.265	6.44	30.345	1.058716	-0.2196	0.105408	0.0285	0.6975	0.0915	0	219	300	3
2026-02-12	15:29:35.870	69.37	7.525	9.835	1.101904	-0.173972	0.0915	0.0255	0.702	0.087	0	219	300	3
2026-02-12	15:29:35.890	65.625	4.69	-11.48	1.215364	-0.188124	0.13176	0.0195	0.7095	0.0825	0	219	300	3
2026-02-12	15:29:35.910	57.785	4.9	-31.535	1.225368	-0.22448	0.205692	0.0225	0.714	0.075	0	219	300	3
2026-02-12	15:29:35.930	51.8	6.825	-44.345	1.116056	-0.218136	0.244976	0.027	0.711	0.0705	0	219	300	3
2026-02-12	15:29:35.950	48.055	1.925	-56	1.115812	-0.16714	0.2379	0.021	0.7005	0.0705	0	219	300	3
2026-02-12	15:29:35.970	38.255	-1.61	-64.19	1.037732	-0.191296	0.224236	0.0165	0.6945	0.0705	0	219	300	3
2026-02-12	15:29:35.990	35.21	-6.755	-64.61	0.95404	-0.239852	0.28426	0.018	0.693	0.063	0	219	300	3
2026-02-12	15:29:36.010	49.945	-7.77	-56.805	0.974536	-0.253516	0.470188	0.018	0.693	0.063	0	226	278	3
2026-02-12	15:29:36.030	63.035	1.505	-49.595	0.981368	-0.212036	0.471164	0.0045	0.6795	0.06	0	226	278	3
2026-02-12	15:29:36.050	69.3	13.125	-39.97	0.890112	-0.089792	0.367708	0.006	0.6675	0.0615	0	226	278	3
2026-02-12	15:29:36.070	49.175	19.985	-32.97	0.89182	-0.032696	0.278404	0.0045	0.6585	0.063	0	226	278	3
2026-02-12	15:29:36.090	15.05	20.37	-34.3	0.94672	-0.048068	0.248636	0.009	0.651	0.0555	0	226	278	3
2026-02-12	15:29:36.110	-27.195	19.985	-38.045	0.962336	-0.051728	0.22814	0.0075	0.642	0.0435	0	226	278	3
2026-02-12	15:29:36.130	-67.34	20.755	-41.79	0.957212	-0.076128	0.220088	0.003	0.636	0.039	0	226	278	3
2026-02-12	15:29:36.150	-94.15	19.95	-44.03	0.956968	-0.10004	0.246928	0.0015	0.63	0.0405	0	226	278	3
2026-02-12	15:29:36.170	-111.755	16.87	-45.22	0.961604	-0.14762	0.273524	0	0.624	0.039	0	226	278	3
2026-02-12	15:29:36.190	-117.705	14.035	-45.255	0.955992	-0.205936	0.293044	0	0.621	0.0345	0	226	278	3
2026-02-12	15:29:36.210	-109.27	11.515	-44.38	0.94184	-0.2379	0.303536	-0.0075	0.612	0.0345	0	230	263	3
2026-02-12	15:29:36.230	-91.525	9.695	-42.455	0.928664	-0.244244	0.315248	0.0045	0.6	0.03	0	230	263	3
2026-02-12	15:29:36.250	-70.77	8.26	-40.32	0.897188	-0.216916	0.292068	-0.0015	0.5955	0.0285	0	230	263	3
2026-02-12	15:29:36.270	-52.29	6.09	-39.515	0.873764	-0.1891	0.260104	0.003	0.5955	0.03	0	230	263	3
2026-02-12	15:29:36.290	-33.285	1.505	-42.245	0.889136	-0.196908	0.239852	0.003	0.5955	0.03	0	230	263	3
2026-02-12	15:29:36.310	-27.16	-1.54	-45.185	0.89426	-0.211548	0.239852	0.0015	0.582	0.03	0	230	263	3
2026-02-12	15:29:36.330	-23.555	-4.97	-48.44	0.89914	-0.209596	0.255224	-0.0015	0.5685	0.027	0	230	263	3
2026-02-12	15:29:36.350	-23.485	-7.21	-51.66	0.877668	-0.20496	0.274256	-0.006	0.558	0.0285	0	230	263	3
2026-02-12	15:29:36.370	-26.6	-9.975	-54.915	0.86986	-0.210084	0.298168	-0.006	0.5475	0.0285	0	230	263	3
2026-02-12	15:29:36.390	-36.26	-12.635	-57.925	0.887184	-0.218624	0.334768	-0.006	0.546	0.027	0	230	263	3
2026-02-12	15:29:36.410	-52.395	-13.685	-60.165	0.907192	-0.226432	0.3538	-0.0075	0.5325	0.033	0	230	262	3
2026-02-12	15:29:36.430	-69.685	-14.98	-62.02	0.903044	-0.218136	0.359656	-0.006	0.5265	0.0405	0	230	262	3
2026-02-12	15:29:36.450	-87.605	-17.01	-63.35	0.898896	-0.231068	0.35624	-0.0045	0.5205	0.027	0	230	262	3
2026-02-12	15:29:36.470	-101.92	-17.605	-64.89	0.891576	-0.288164	0.346724	0	0.51	0.0345	0	230	262	3
2026-02-12	15:29:36.490	-105.735	-17.01	-64.855	0.863272	-0.368196	0.339648	0.003	0.4935	0.039	0	230	262	3
2026-02-12	15:29:36.510	-98.455	-15.015	-61.6	0.79788	-0.428952	0.340868	0.0015	0.486	0.039	0	230	262	3
2026-02-12	15:29:36.530	-84.77	-13.44	-56.175	0.718336	-0.456524	0.350384	0.0045	0.468	0.036	0	230	262	3
2026-02-12	15:29:36.550	-72.275	-13.72	-50.68	0.685396	-0.448228	0.352336	0.009	0.4545	0.033	0	230	262	3
2026-02-12	15:29:36.570	-63.315	-11.06	-44.52	0.676856	-0.445788	0.34404	0.009	0.447	0.033	0	230	262	3
2026-02-12	15:29:36.590	-63.21	-9.135	-36.61	0.657336	-0.388204	0.260836	0.006	0.441	0.0345	0	230	262	3
2026-02-12	15:29:36.610	-77.35	-13.3	-29.435	0.6588	-0.359412	0.17202	0.0015	0.438	0.0375	0	225	272	3
2026-02-12	15:29:36.630	-90.685	-23.275	-23.275	0.716384	-0.4209	0.166408	0.015	0.4395	0.024	0	225	272	3
2026-02-12	15:29:36.650	-80.78	-35.07	-20.475	0.929152	-0.55754	0.288408	0.0165	0.438	0.024	0	225	272	3
2026-02-12	15:29:36.670	-26.39	-35.245	-24.43	1.322724	-0.773968	0.518012	0.0135	0.4245	0.03	0	225	272	3
2026-02-12	15:29:36.690	52.955	-18.83	-27.685	1.580876	-0.7625	0.600972	0.0195	0.42	0.0255	0	225	272	3
2026-02-12	15:29:36.710	129.535	10.29	-13.755	1.630652	-0.6466	0.347944	0.015	0.417	0.039	0	225	272	3
2026-02-12	15:29:36.730	153.37	21.245	-2.87	1.520852	-0.483852	0.133712	0.0165	0.417	0.039	0	225	272	3
2026-02-12	15:29:36.750	150.605	25.725	13.195	1.394216	-0.421632	0.08295999	0.0195	0.423	0.0375	0	225	272	3
2026-02-12	15:29:36.770	142.45	27.23	33.495	1.233664	-0.357704	0.153232	0.015	0.426	0.039	0	225	272	3
2026-02-12	15:29:36.790	130.655	23.835	59.255	1.057984	-0.269132	0.229848	0.012	0.4305	0.042	0	225	272	3
2026-02-12	15:29:36.810	120.295	17.57	84.595	0.917684	-0.16592	0.290604	0.0135	0.4365	0.0405	0	223	282	3
2026-02-12	15:29:36.830	104.265	10.255	103.565	0.859124	-0.129076	0.325496	0.015	0.4515	0.048	0	223	282	3
2026-02-12	15:29:36.850	89.53	6.335	117.39	0.846192	-0.182756	0.300608	0.0015	0.456	0.0465	0	223	282	3
2026-02-12	15:29:36.870	79.905	3.85	126.735	0.86132	-0.192516	0.25742	0.0015	0.486	0.0585	0	223	282	3
2026-02-12	15:29:36.890	68.285	3.85	131.005	0.94062	-0.205936	0.221064	0.0105	0.5085	0.054	0	223	282	3
2026-02-12	15:29:36.910	52.92	7.14	130.76	0.940376	-0.189832	0.173972	0.0045	0.519	0.054	0	223	282	3
2026-02-12	15:29:36.930	26.04	11.62	123.06	0.870348	-0.201056	0.08686399	0.0045	0.519	0.054	0	223	282	3
2026-02-12	15:29:36.950	14.875	10.99	112.49	0.936228	-0.234728	0.057828	0.0045	0.5475	0.051	0	223	282	3
2026-02-12	15:29:36.970	13.93	11.62	99.05	1.022116	-0.254248	0.070028	0.0045	0.588	0.048	0	223	282	3
2026-02-12	15:29:36.990	16.59	17.08	87.78	0.982344	-0.246928	0.089548	0.0075	0.6075	0.0435	0	223	282	3
2026-02-12	15:29:37.010	23.17	22.785	77.49	0.952576	-0.241316	0.099064	0.009	0.6195	0.0405	0	224	279	3
2026-02-12	15:29:37.030	31.815	26.705	66.36	0.986492	-0.24156	0.122244	0.009	0.624	0.0405	0	224	279	3
2026-02-12	15:29:37.050	43.785	29.855	57.505	1.084336	-0.260348	0.147132	0.0075	0.636	0.0345	0	224	279	3
2026-02-12	15:29:37.070	52.045	33.425	50.715	1.14558	-0.189344	0.126636	0.012	0.651	0.0315	0	224	279	3
2026-02-12	15:29:37.090	41.65	33.46	44.205	1.13094	-0.115412	0.081252	0.0075	0.654	0.027	0	224	279	3
2026-02-12	15:29:37.110	19.775	30.24	35.98	1.152168	-0.124684	0.108092	0.015	0.666	0.0255	0	224	279	3
2026-02-12	15:29:37.130	-0.49	30.38	25.76	1.182424	-0.121512	0.178608	0.015	0.6705	0.0165	0	224	279	3
2026-02-12	15:29:37.150	-24.92	30.135	15.54	1.111176	-0.099552	0.16836	0.021	0.6735	0.015	0	224	279	3
2026-02-12	15:29:37.170	-46.935	22.68	5.53	1.075308	-0.127124	0.153476	0.024	0.6765	0.0045	0	224	279	3
2026-02-12	15:29:37.190	-59.5	13.335	-4.76	0.990884	-0.182268	0.202764	0.0225	0.6735	0.003	0	224	279	3
2026-02-12	15:29:37.210	-58.59	5.495	-13.72	0.878156	-0.154696	0.281332	0.0225	0.678	0.003	0	226	259	3
2026-02-12	15:29:37.230	-49.49	0.21	-21.42	0.770552	-0.148352	0.346724	0.0225	0.681	0.0015	0	226	259	3
2026-02-12	15:29:37.250	-28	-4.2	-25.515	0.71126	-0.186172	0.377468	0.024	0.678	0.006	0	226	259	3
2026-02-12	15:29:37.270	-0.84	-7.77	-27.755	0.704916	-0.203984	0.388448	0.0165	0.6705	0.0105	0	226	259	3
2026-02-12	15:29:37.290	24.01	-8.225	-30.31	0.775432	-0.209596	0.380152	0.024	0.6735	0.015	0	226	259	3
2026-02-12	15:29:37.310	41.44	-5.215	-33.53	0.846436	-0.182268	0.346724	0.021	0.6675	0.012	0	226	259	3
2026-02-12	15:29:37.330	46.375	-1.96	-38.465	0.887672	-0.122732	0.30012	0.0165	0.6645	0.0105	0	226	259	3
2026-02-12	15:29:37.350	37.905	-1.575	-50.47	0.982832	-0.071736	0.241072	0.015	0.651	0.009	0	226	259	3
2026-02-12	15:29:37.370	26.565	-3.605	-59.01	1.026752	-0.056364	0.231312	0.015	0.642	0.006	0	226	259	3
2026-02-12	15:29:37.390	14.105	-2.205	-65.485	1.032852	-0.07515199	0.334524	0.012	0.6315	0.003	0	226	259	3
2026-02-12	15:29:37.410	3.955	5.425	-69.37	1.003328	-0.084424	0.416264	0.009	0.6255	0.003	0	227	249	3
2026-02-12	15:29:37.430	-10.78	7.63	-72.66	0.976488	-0.07198	0.443348	0.012	0.612	0.003	0	227	249	3
2026-02-12	15:29:37.450	-31.01	7.035	-75.53	0.96502	-0.088572	0.42944	0.015	0.6045	0.0045	0	227	249	3
2026-02-12	15:29:37.470	-48.055	3.955	-77.945	0.975024	-0.106872	0.405284	0.009	0.591	-0.0015	0	227	249	3
2026-02-12	15:29:37.490	-58.45	0.945	-80.64	0.99064	-0.141764	0.401624	0.012	0.588	-0.0015	0	227	249	3
2026-02-12	15:29:37.510	-63.28	0.42	-82.075	0.95526	-0.15982	0.39284	0.012	0.576	0.0045	0	227	249	3
2026-02-12	15:29:37.530	-64.575	-0.735	-82.355	0.948672	-0.182268	0.39284	0.0045	0.558	0.0045	0	227	249	3
2026-02-12	15:29:37.550	-60.55	-2.205	-82.845	1.000156	-0.209108	0.40016	0.015	0.5505	0.0045	0	227	249	3
2026-02-12	15:29:37.570	-50.435	-3.15	-82.88	1.006988	-0.224236	0.403576	0.015	0.5505	0.0045	0	227	249	3
2026-02-12	15:29:37.590	-45.395	-3.955	-81.83	0.969656	-0.226676	0.401624	0.0135	0.531	0.0015	0	227	249	3
2026-02-12	15:29:37.610	-41.3	-4.97	-79.695	0.924272	-0.231312	0.386252	0.012	0.51	-0.0045	0	226	263	3
2026-02-12	15:29:37.630	-39.34	-7.035	-77.14	0.882548	-0.219844	0.358192	0.0165	0.4965	-0.006	0	226	263	3
2026-02-12	15:29:37.650	-40.11	-10.01	-76.055	0.86376	-0.214476	0.347212	0.018	0.4785	-0.0015	0	226	263	3
2026-02-12	15:29:37.670	-41.86	-12.845	-75.53	0.837896	-0.24766	0.349896	0.0165	0.4725	-0.0015	0	226	263	3
2026-02-12	15:29:37.690	-42.455	-15.75	-73.43	0.792268	-0.269376	0.349164	0.012	0.4575	-0.009	0	226	263	3
2026-02-12	15:29:37.710	-41.65	-19.18	-70.28	0.749812	-0.289628	0.340136	0.021	0.4575	0.003	0	226	263	3
2026-02-12	15:29:37.730	-39.095	-21.21	-66.885	0.689788	-0.303536	0.351604	0.0255	0.441	0.0105	0	226	263	3
2026-02-12	15:29:37.750	-34.335	-23.205	-63.665	0.653432	-0.33916	0.365756	0.027	0.4365	0.0015	0	226	263	3
2026-02-12	15:29:37.770	-23.765	-26.88	-58.765	0.676368	-0.403088	0.372832	0.03	0.423	0.0105	0	226	263	3
2026-02-12	15:29:37.790	-6.79	-29.715	-49.56	0.70516	-0.452864	0.391132	0.036	0.414	0.0135	0	226	263	3
2026-02-12	15:29:37.810	11.515	-32.305	-37.24	0.737368	-0.4819	0.408944	0.0405	0.4095	0.0165	0	223	290	3
2026-02-12	15:29:37.830	36.82	-35.735	-24.57	0.892308	-0.510692	0.438468	0.039	0.405	0.0165	0	223	290	3
2026-02-12	15:29:37.850	73.885	-38.01	-16.485	1.150704	-0.540948	0.546072	0.042	0.3945	0.024	0	223	290	3
2026-02-12	15:29:37.870	116.235	-33.355	-9.485	1.403976	-0.569252	0.654408	0.045	0.393	0.0315	0	223	290	3
2026-02-12	15:29:37.890	146.65	-19.565	8.855	1.478396	-0.498736	0.674172	0.048	0.387	0.042	0	223	290	3
2026-02-12	15:29:37.910	148.82	-1.225	27.16	1.323212	-0.377468	0.540704	0.0465	0.39	0.0585	0	223	290	3
2026-02-12	15:29:37.930	130.13	11.235	40.915	1.27734	-0.268888	0.423096	0.0465	0.405	0.066	0	223	290	3
2026-02-12	15:29:37.950	99.715	22.19	50.295	1.2383	-0.20496	0.369904	0.0465	0.402	0.0675	0	223	290	3
2026-02-12	15:29:37.970	69.02	29.015	59.36	1.1712	-0.173972	0.35502	0.0405	0.4125	0.0705	0	223	290	3
2026-02-12	15:29:37.990	30.24	32.165	75.495	1.04188	-0.147132	0.354288	0.0345	0.426	0.063	0	223	290	3
2026-02-12	15:29:38.010	5.04	32.095	85.575	0.943304	-0.127124	0.339404	0.0285	0.4365	0.0615	0	222	324	3
2026-02-12	15:29:38.030	-20.755	29.575	94.395	0.90158	-0.142984	0.308172	0.021	0.453	0.0585	0	222	324	3
2026-02-12	15:29:38.050	-36.295	26.425	101.885	0.98454	-0.17324	0.312564	0.018	0.468	0.057	0	222	324	3
2026-02-12	15:29:38.070	-47.25	24.675	110.11	1.025288	-0.156892	0.27206	0.018	0.483	0.0525	0	222	324	3
2026-02-12	15:29:38.090	-61.88	22.68	119.49	0.95892	-0.164944	0.199592	0.0195	0.4905	0.048	0	222	324	3
2026-02-12	15:29:38.110	-68.74	18.13	125.265	0.9394	-0.182512	0.144936	0.015	0.495	0.045	0	222	324	3
2026-02-12	15:29:38.130	-66.5	14.175	125.615	0.996008	-0.208864	0.142984	0.015	0.5235	0.042	0	222	324	3
2026-02-12	15:29:38.150	-55.965	12.775	122.99	1.058472	-0.220088	0.159576	0.015	0.5415	0.033	0	222	324	3
2026-02-12	15:29:38.170	-43.75	14.595	120.155	1.00284	-0.227652	0.162504	0.0075	0.558	0.0345	0	222	324	3
2026-02-12	15:29:38.190	-27.44	15.68	114.135	0.971364	-0.230336	0.156404	0.0195	0.585	0.0375	0	222	324	3
2026-02-12	15:29:38.210	0.21	17.01	97.545	1.060668	-0.233752	0.12322	0.0195	0.585	0.0375	0	222	339	3
2026-02-12	15:29:38.230	12.39	17.465	84.455	1.11386	-0.214476	0.101992	0.018	0.603	0.0315	0	222	339	3
2026-02-12	15:29:38.250	19.25	16.73	72.415	1.098976	-0.191784	0.11102	0.0255	0.6285	0.0255	0	222	339	3
2026-02-12	15:29:38.270	21.595	14.56	62.16	1.01016	-0.161284	0.134444	0.0285	0.639	0.0255	0	222	339	3
2026-02-12	15:29:38.290	22.015	10.08	52.465	0.959652	-0.14884	0.145668	0.027	0.6495	0.0255	0	222	339	3
2026-02-12	15:29:38.310	23.275	4.69	40.95	0.996252	-0.138104	0.15982	0.0315	0.6555	0.0255	0	222	339	3
2026-02-12	15:29:38.330	20.79	1.295	26.6	1.01016	-0.125172	0.150304	0.0285	0.669	0.027	0	222	339	3
2026-02-12	15:29:38.350	15.855	-3.815	8.295	1.060668	-0.153476	0.159332	0.0225	0.6675	0.0075	0	222	339	3
2026-02-12	15:29:38.370	16.38	-8.89	-11.795	1.079944	-0.19642	0.179584	0.0255	0.6645	0.024	0	222	339	3
2026-02-12	15:29:38.390	20.895	-12.075	-29.05	1.021384	-0.237412	0.209352	0.0285	0.6735	0.0195	0	222	339	3
2026-02-12	15:29:38.410	38.185	-12.74	-40.11	0.952088	-0.258884	0.295972	0.03	0.666	0.021	0	221	320	2
2026-02-12	15:29:38.430	66.325	-6.895	-39.55	0.866932	-0.227164	0.357948	0.0285	0.6585	0.021	0	221	320	2
2026-02-12	15:29:38.450	82.635	-3.535	-34.51	0.831552	-0.12566	0.335744	0.027	0.645	0.021	0	221	320	2
2026-02-12	15:29:38.470	82.215	-2.695	-31.15	0.8845	-0.092232	0.330864	0.0225	0.6405	0.0195	0	221	320	2
2026-02-12	15:29:38.490	71.575	0.63	-30.31	0.942084	-0.08052	0.341112	0.0225	0.639	0.0195	0	221	320	2
2026-02-12	15:29:38.510	53.585	3.115	-32.2	0.99064	-0.050508	0.3294	0.027	0.6375	0.021	0	221	320	2
2026-02-12	15:29:38.530	24.22	4.025	-36.645	1.034072	-0.0244	0.30744	0.0195	0.63	0.018	0	221	320	2
2026-02-12	15:29:38.550	-13.37	5.775	-43.435	1.079944	-0.04026	0.299876	0.021	0.624	0.012	0	221	320	2
2026-02-12	15:29:38.570	-45.57	10.5	-49.77	1.075796	-0.08784	0.304756	0.018	0.6255	0.0135	0	221	320	2
2026-02-12	15:29:38.590	-65.975	15.47	-52.85	1.025044	-0.104188	0.31598	0.0255	0.6135	0.0105	0	221	320	2
2026-02-12	15:29:38.610	-79.625	17.85	-53.2	0.976	-0.128344	0.327692	0.018	0.606	0.0015	0	219	299	3
2026-02-12	15:29:38.630	-83.37	17.115	-52.36	0.944768	-0.164944	0.335256	0.0195	0.5925	0.009	0	219	299	3
2026-02-12	15:29:38.650	-77.035	15.925	-52.15	0.928908	-0.17812	0.33916	0.0195	0.5865	0.0015	0	219	299	3
2026-02-12	15:29:38.670	-70.105	16.17	-51.765	0.909632	-0.176168	0.342576	0.021	0.5745	-0.003	0	219	299	3
2026-02-12	15:29:38.690	-64.89	16.24	-51.695	0.890356	-0.167628	0.316224	0.018	0.564	-0.0045	0	219	299	3
2026-02-12	15:29:38.710	-62.79	15.435	-53.55	0.89792	-0.173484	0.310856	0.015	0.5595	-0.006	0	219	299	3
2026-02-12	15:29:38.730	-61.67	15.435	-57.015	0.908656	-0.199592	0.31232	0.0165	0.558	-0.0075	0	219	299	3
2026-02-12	15:29:38.750	-60.76	15.855	-59.92	0.892064	-0.183976	0.305488	0.021	0.5505	-0.006	0	219	299	3
2026-02-12	15:29:38.770	-60.9	14.665	-62.615	0.878888	-0.169336	0.304756	0.018	0.543	-0.0045	0	219	299	3
2026-02-12	15:29:38.790	-64.995	12.005	-65.94	0.92598	-0.227164	0.335988	0.018	0.537	-0.0075	0	219	299	3
2026-02-12	15:29:38.810	-66.115	11.375	-68.075	0.92232	-0.30256	0.366732	0.027	0.525	-0.0225	0	214	293	3
2026-02-12	15:29:38.830	-64.155	10.64	-67.9	0.908412	-0.30256	0.355508	0.0255	0.507	-0.0225	0	214	293	3
2026-02-12	15:29:38.850	-66.22	7.945	-66.29	0.877424	-0.276452	0.320128	0.0255	0.507	-0.0225	0	214	293	3
2026-02-12	15:29:38.870	-76.37	4.865	-66.325	0.84668	-0.268644	0.307684	0.0255	0.4965	-0.0225	0	214	293	3
2026-02-12	15:29:38.890	-89.915	1.19	-66.92	0.807152	-0.277184	0.30744	0.0315	0.486	-0.0225	0	214	293	3
2026-02-12	15:29:38.910	-101.535	-3.955	-67.795	0.772748	-0.294264	0.308904	0.0345	0.477	-0.027	0	214	293	3
2026-02-12	15:29:38.930	-109.48	-8.855	-69.125	0.75274	-0.31598	0.318664	0.0315	0.4695	-0.0315	0	214	293	3
2026-02-12	15:29:38.950	-110.845	-11.725	-70.805	0.725656	-0.341844	0.348188	0.0345	0.4665	-0.036	0	214	293	3
2026-02-12	15:29:38.970	-108.08	-13.44	-71.4	0.712236	-0.405772	0.368196	0.033	0.4575	-0.0375	0	214	293	3
2026-02-12	15:29:38.990	-104.58	-13.93	-68.635	0.723216	-0.487756	0.380884	0.042	0.444	-0.054	0	214	293	3
2026-02-12	15:29:39.010	-94.185	-13.58	-62.23	0.725168	-0.548024	0.366	0.0405	0.438	-0.0435	0	206	300	3
2026-02-12	15:29:39.030	-73.22	-13.44	-53.69	0.762256	-0.587308	0.364048	0.045	0.4335	-0.054	0	206	300	3
2026-02-12	15:29:39.050	-34.825	-15.435	-40.005	0.868396	-0.600728	0.377468	0.048	0.4215	-0.0435	0	206	300	3
2026-02-12	15:29:39.070	3.08	-20.02	-26.635	0.997716	-0.577548	0.392596	0.0495	0.4185	-0.0405	0	206	300	3
2026-02-12	15:29:39.090	34.895	-22.47	-20.965	1.196576	-0.615612	0.476288	0.051	0.414	-0.0375	0	206	300	3
2026-02-12	15:29:39.110	68.67	-18.13	-14.875	1.360544	-0.633912	0.55998	0.0525	0.414	-0.033	0	206	300	3
2026-02-12	15:29:39.130	91.805	-6.09	-2.17	1.32248	-0.534604	0.505568	0.054	0.4125	-0.0315	0	206	300	3
2026-02-12	15:29:39.150	95.83	3.675	14	1.182424	-0.39284	0.374296	0.0555	0.411	-0.0345	0	206	300	3
2026-02-12	15:29:39.170	86.31	9.38	27.615	1.108248	-0.30866	0.301828	0.054	0.408	-0.0255	0	206	300	3
2026-02-12	15:29:39.190	75.565	11.305	37.975	1.111664	-0.279868	0.320372	0.057	0.4035	-0.027	0	206	300	3
2026-02-12	15:29:39.210	59.5	12.215	46.62	1.087508	-0.268156	0.351604	0.054	0.411	-0.0165	0	202	315	3
2026-02-12	15:29:39.230	42.805	11.865	55.09	1.06384	-0.24156	0.350384	0.0525	0.423	-0.0165	0	202	315	3
2026-02-12	15:29:39.250	25.305	12.95	62.755	0.985516	-0.204716	0.304512	0.045	0.4335	-0.024	0	202	315	3
2026-02-12	15:29:39.270	-1.015	12.845	71.89	0.848144	-0.191296	0.22692	0.042	0.4305	-0.021	0	202	315	3
2026-02-12	15:29:39.290	-13.09	9.975	75.88	0.819352	-0.211792	0.204472	0.045	0.441	-0.024	0	202	315	3
2026-02-12	15:29:39.310	-15.61	6.825	77.98	0.88328	-0.21838	0.196908	0.0435	0.459	-0.0225	0	202	315	3
2026-02-12	15:29:39.330	-15.575	5.95	79.03	0.891332	-0.209596	0.175924	0.039	0.471	-0.0225	0	202	315	3
2026-02-12	15:29:39.350	-14.735	4.69	79.31	0.871568	-0.210816	0.138592	0.0405	0.4845	-0.0255	0	202	315	3
2026-02-12	15:29:39.370	-9.485	1.225	77.525	0.851316	-0.225456	0.121024	0.0405	0.4935	-0.024	0	202	315	3
2026-02-12	15:29:39.390	3.29	-3.01	71.82	0.908168	-0.243268	0.132004	0.0345	0.501	-0.0195	0	202	315	3
2026-02-12	15:29:39.410	21.98	-4.585	63.315	0.94794	-0.26596	0.1586	0.0375	0.5145	-0.0255	0	201	322	3
2026-02-12	15:29:39.430	43.47	-2.205	55.16	0.954772	-0.276696	0.174704	0.0315	0.5265	-0.0285	0	201	322	3
2026-02-12	15:29:39.450	64.225	-0.21	47.565	0.998692	-0.249368	0.181536	0.036	0.5325	-0.0345	0	201	322	3
2026-02-12	15:29:39.470	78.68	2.66	39.41	1.039928	-0.227408	0.185684	0.045	0.534	-0.0285	0	201	322	3
2026-02-12	15:29:39.490	90.405	7.35	31.15	1.07482	-0.16714	0.176168	0.045	0.534	-0.0285	0	201	322	3
2026-02-12	15:29:39.510	84.63	8.295	25.655	1.100928	-0.112972	0.166164	0.0435	0.54	-0.0285	0	201	322	3
2026-02-12	15:29:39.530	65.94	7.525	17.22	1.147532	-0.088816	0.174948	0.042	0.543	-0.0255	0	201	322	3
2026-02-12	15:29:39.550	42.98	7.035	7.035	1.145824	-0.099064	0.217404	0.036	0.543	-0.024	0	201	322	3
2026-02-12	15:29:39.570	22.085	4.515	-2.45	1.15412	-0.100772	0.23668	0.0315	0.5445	-0.0255	0	201	322	3
2026-02-12	15:29:39.590	3.885	1.435	-12.845	1.132404	-0.128344	0.232532	0.0465	0.5475	-0.0285	0	201	322	3
2026-02-12	15:29:39.610	-6.755	0.28	-17.535	1.034072	-0.164456	0.267668	0.045	0.543	-0.0345	0	201	306	3
2026-02-12	15:29:39.630	-5.915	-2.135	-16.345	0.972828	-0.1403	0.313784	0.0465	0.54	-0.033	0	201	306	3
2026-02-12	15:29:39.650	-2.485	-5.915	-12.67	0.937692	-0.070272	0.332816	0.0435	0.5385	-0.036	0	201	306	3
2026-02-12	15:29:39.670	0.105	-10.045	-10.045	0.898408	-0.051484	0.35136	0.042	0.5355	-0.033	0	201	306	3
2026-02-12	15:29:39.690	7.07	-12.25	-8.085	0.932812	-0.0549	0.385276	0.036	0.537	-0.0225	0	201	306	3
2026-02-12	15:29:39.710	12.775	-8.435	-8.4	0.964532	-0.043676	0.392352	0.039	0.5385	-0.027	0	201	306	3
2026-02-12	15:29:39.730	11.41	-2.38	-10.255	0.96624	-0.071492	0.366488	0.039	0.534	-0.033	0	201	306	3
2026-02-12	15:29:39.750	10.045	3.08	-12.705	0.976244	-0.110044	0.33672	0.039	0.534	-0.03	0	201	306	3
2026-02-12	15:29:39.770	10.395	7.035	-15.33	0.967704	-0.117852	0.316468	0.045	0.5295	-0.0285	0	201	306	3
2026-02-12	15:29:39.790	11.27	9.03	-17.885	0.945256	-0.11468	0.311832	0.048	0.522	-0.033	0	201	306	3
2026-02-12	15:29:39.810	12.67	9.135	-20.195	0.941108	-0.100528	0.314272	0.0375	0.5175	-0.033	0	200	294	3
2026-02-12	15:29:39.830	9.765	8.645	-21.14	0.905728	-0.088084	0.33062	0.0345	0.516	-0.0375	0	200	294	3
2026-02-12	15:29:39.850	2.87	6.93	-21.315	0.866444	-0.073932	0.348676	0.0405	0.5175	-0.03	0	200	294	3
2026-02-12	15:29:39.870	-6.72	3.255	-22.925	0.871812	-0.080032	0.360632	0.0435	0.5145	-0.0345	0	200	294	3
2026-02-12	15:29:39.890	-17.92	0.315	-26.425	0.891088	-0.105164	0.379664	0.048	0.516	-0.0345	0	200	294	3
2026-02-12	15:29:39.910	-30.905	-0.42	-29.925	0.872056	-0.152012	0.381128	0.0465	0.5055	-0.039	0	200	294	3
2026-02-12	15:29:39.930	-33.495	0.385	-31.605	0.864492	-0.150304	0.368928	0.048	0.5025	-0.0375	0	200	294	3
2026-02-12	15:29:39.950	-34.23	0.385	-34.51	0.8662	-0.165432	0.363316	0.0465	0.4965	-0.033	0	200	294	3
2026-02-12	15:29:39.970	-33.32	-0.595	-37.135	0.861808	-0.180316	0.366244	0.0465	0.489	-0.03	0	200	294	3
2026-02-12	15:29:39.990	-31.745	-3.605	-39.655	0.867908	-0.214964	0.365268	0.0495	0.4845	-0.0375	0	200	294	3
2026-02-12	15:29:40.010	-28.315	-7.385	-42	0.896456	-0.266692	0.389668	0.051	0.4845	-0.0435	0	197	298	3
2026-02-12	15:29:40.030	-22.19	-10.045	-42.42	0.909144	-0.307196	0.42212	0.0465	0.483	-0.036	0	197	298	3
2026-02-12	15:29:40.050	-14.21	-12.915	-40.845	0.899384	-0.302804	0.434808	0.048	0.477	-0.045	0	197	298	3
2026-02-12	15:29:40.070	-8.015	-15.4	-38.01	0.865712	-0.291824	0.427488	0.051	0.465	-0.036	0	197	298	3
2026-02-12	15:29:40.090	-4.165	-18.97	-34.65	0.821304	-0.301096	0.42334	0.054	0.4635	-0.0345	0	197	298	3
2026-02-12	15:29:40.110	-2.17	-23.485	-30.52	0.756644	-0.32086	0.442128	0.066	0.459	-0.0285	0	197	298	3
2026-02-12	15:29:40.130	0.49	-29.925	-23.17	0.705404	-0.365268	0.467748	0.066	0.459	-0.0285	0	197	298	3
2026-02-12	15:29:40.150	5.075	-34.23	-19.775	0.687104	-0.376248	0.459696	0.057	0.45	-0.024	0	197	298	3
2026-02-12	15:29:40.170	10.99	-37.135	-17.01	0.647332	-0.382348	0.44896	0.0525	0.444	-0.0135	0	197	298	3
2026-02-12	15:29:40.190	19.53	-38.15	-14.245	0.588528	-0.39284	0.450668	0.06	0.4425	-0.003	0	197	298	3
2026-02-12	15:29:40.210	29.645	-37.73	-10.15	0.559248	-0.427976	0.459696	0.063	0.4395	0.0015	0	194	318	2
2026-02-12	15:29:40.230	40.005	-34.09	-3.395	0.548268	-0.467504	0.468724	0.054	0.438	-0.0045	0	194	318	2
2026-02-12	15:29:40.250	49.14	-28.245	9.275	0.527528	-0.460916	0.400892	0.054	0.435	0.0045	0	194	318	2
2026-02-12	15:29:40.270	56.49	-31.675	20.3	0.694424	-0.421144	0.268888	0.0645	0.4335	0.0105	0	194	318	2
2026-02-12	15:29:40.290	68.285	-41.86	13.65	1.025288	-0.494832	0.38186	0.0555	0.441	0.0075	0	194	318	2
2026-02-12	15:29:40.310	92.89	-38.92	1.82	1.330776	-0.677832	0.611708	0.0615	0.4455	0.024	0	194	318	2
2026-02-12	15:29:40.330	118.79	-23.94	5.705	1.597956	-0.639768	0.524112	0.0615	0.4425	0.0375	0	194	318	2
2026-02-12	15:29:40.350	108.675	-4.13	11.095	1.595028	-0.50142	0.26108	0.063	0.447	0.0405	0	194	318	2
2026-02-12	15:29:40.370	84.56	12.985	10.71	1.510116	-0.446764	0.177876	0.066	0.4515	0.0465	0	194	318	2
2026-02-12	15:29:40.390	59.08	23.31	19.74	1.364692	-0.434564	0.180316	0.0615	0.4515	0.0465	0	194	318	2
2026-02-12	15:29:40.410	42.455	28.63	36.505	1.152168	-0.38674	0.178852	0.057	0.4515	0.042	0	195	341	3
2026-02-12	15:29:40.430	34.16	29.085	56.77	0.932324	-0.303292	0.187636	0.0585	0.453	0.039	0	195	341	3
2026-02-12	15:29:40.450	28.91	26.25	73.955	0.826916	-0.22448	0.216428	0.066	0.4605	0.048	0	195	341	3
2026-02-12	15:29:40.470	17.36	23.66	86.94	0.811544	-0.199104	0.2013	0.054	0.477	0.045	0	195	341	3
2026-02-12	15:29:40.490	-0.315	21.245	97.44	0.806176	-0.210816	0.151524	0.057	0.4785	0.048	0	195	341	3
2026-02-12	15:29:40.510	-10.78	17.15	104.86	0.835456	-0.22204	0.108092	0.0465	0.492	0.0375	0	195	341	3
2026-02-12	15:29:40.530	-11.13	11.375	107.1	0.920856	-0.22936	0.086376	0.0585	0.504	0.0375	0	195	341	3
2026-02-12	15:29:40.550	-8.75	7.14	99.89	1.072624	-0.22692	0.089792	0.051	0.519	0.045	0	195	341	3
2026-02-12	15:29:40.570	-11.27	9.415	94.045	1.02358	-0.251808	0.09028	0.0495	0.531	0.0405	0	195	341	3
2026-02-12	15:29:40.590	-2.24	9.52	86.205	0.99674	-0.27572	0.099552	0.0495	0.555	0.036	0	195	341	3
2026-02-12	15:29:40.610	19.775	9.485	74.41	1.037732	-0.299144	0.12322	0.0525	0.5685	0.0375	0	202	336	3
2026-02-12	15:29:40.630	45.99	12.88	61.985	1.07848	-0.303292	0.134444	0.0555	0.5715	0.0405	0	202	336	3
2026-02-12	15:29:40.650	64.61	17.465	51.87	1.131916	-0.234972	0.110044	0.0585	0.579	0.0315	0	202	336	3
2026-02-12	15:29:40.670	67.06	21.245	43.68	1.133624	-0.155428	0.06734399	0.054	0.5925	0.042	0	202	336	3
2026-02-12	15:29:40.690	59.325	20.125	34.335	1.137284	-0.11224	0.03782	0.0495	0.5985	0.027	0	202	336	3
2026-02-12	15:29:40.710	50.435	15.225	23.835	1.1407	-0.131272	0.084424	0.0585	0.6045	0.0285	0	202	336	3
2026-02-12	15:29:40.730	46.375	11.41	15.715	1.107272	-0.156892	0.199836	0.063	0.609	0.0345	0	202	336	3
2026-02-12	15:29:40.750	45.92	10.92	10.22	1.101904	-0.136396	0.260592	0.0465	0.6075	0.0195	0	202	336	3
2026-02-12	15:29:40.770	37.765	8.75	-2.135	1.0736	-0.117608	0.247172	0.0465	0.6075	0.0195	0	202	336	3
2026-02-12	15:29:40.790	33.915	5.215	-8.96	1.008208	-0.194712	0.258884	0.048	0.6105	0.021	0	202	336	3
2026-02-12	15:29:40.810	42.35	0.385	-10.22	0.955504	-0.229116	0.301584	0.054	0.612	0.0225	0	210	304	3
2026-02-12	15:29:40.830	52.85	-1.295	-6.44	0.907192	-0.20862	0.347456	0.057	0.609	0.0195	0	210	304	3
2026-02-12	15:29:40.850	60.9	-0.28	-1.295	0.871324	-0.155428	0.357216	0.057	0.6105	0.018	0	210	304	3
2026-02-12	15:29:40.870	63.63	1.015	2.1	0.852048	-0.085156	0.354532	0.0525	0.609	0.0225	0	210	304	3
2026-02-12	15:29:40.890	60.305	1.575	2.065	0.86986	-0.066612	0.341356	0.057	0.6015	0.0195	0	210	304	3
2026-02-12	15:29:40.910	55.405	2.485	0.84	0.876692	-0.061244	0.316224	0.0555	0.609	0.015	0	210	304	3
2026-02-12	15:29:40.930	40.985	1.96	-2.38	0.874984	-0.04758	0.292556	0.057	0.6105	0.0105	0	210	304	3
2026-02-12	15:29:40.950	17.01	0.735	-8.61	0.877424	-0.062952	0.287676	0.054	0.6045	0.0255	0	210	304	3
2026-02-12	15:29:40.970	-10.01	-0.77	-18.48	0.888404	-0.097356	0.308416	0.0525	0.606	0.018	0	210	304	3
2026-02-12	15:29:40.990	-23.625	-2.065	-27.37	0.890112	-0.126636	0.345504	0.0555	0.603	0.0165	0	210	304	3
2026-02-12	15:29:41.010	-25.235	-2.835	-31.43	0.877912	-0.141032	0.370392	0.0555	0.6	0.0135	0	217	282	3
2026-02-12	15:29:41.030	-22.435	-4.76	-34.055	0.86254	-0.133956	0.37698	0.0525	0.5925	0.0135	0	217	282	3
2026-02-12	15:29:41.050	-19.39	-8.365	-37.73	0.868884	-0.142496	0.3782	0.054	0.585	0.0195	0	217	282	3
2026-02-12	15:29:41.070	-16.17	-12.705	-42.28	0.885232	-0.168848	0.38674	0.0555	0.5865	0.0225	0	217	282	3
2026-02-12	15:29:41.090	-11.41	-17.045	-46.305	0.907436	-0.172508	0.397476	0.0615	0.582	0.021	0	217	282	3
2026-02-12	15:29:41.110	-6.825	-20.125	-49.665	0.888892	-0.164456	0.391864	0.0525	0.573	0.021	0	217	282	3
2026-02-12	15:29:41.130	-3.115	-22.47	-52.22	0.883768	-0.174704	0.376248	0.057	0.5655	0.03	0	217	282	3
2026-02-12	15:29:41.150	0.56	-25.025	-53.9	0.899628	-0.205692	0.383568	0.051	0.561	0.0315	0	217	282	3
2026-02-12	15:29:41.170	2.975	-27.055	-54.46	0.911828	-0.220576	0.41358	0.051	0.555	0.024	0	217	282	3
2026-02-12	15:29:41.190	2.415	-28.595	-53.34	0.89914	-0.217404	0.421632	0.0525	0.543	0.0405	0	217	282	3
2026-02-12	15:29:41.210	0.14	-29.855	-52.64	0.90402	-0.221308	0.41358	0.051	0.5355	0.0435	0	219	286	3
2026-02-12	15:29:41.230	-0.175	-29.75	-52.115	0.897188	-0.224968	0.427	0.048	0.525	0.051	0	219	286	3
2026-02-12	15:29:41.250	2.345	-27.615	-50.645	0.884012	-0.223504	0.452376	0.0525	0.5175	0.054	0	219	286	3
2026-02-12	15:29:41.270	2.695	-24.325	-47.95	0.858148	-0.211792	0.448228	0.06	0.5145	0.0525	0	219	286	3
2026-02-12	15:29:41.290	-1.505	-20.755	-44.87	0.840336	-0.209596	0.43066	0.0525	0.504	0.057	0	219	286	3
2026-02-12	15:29:41.310	-8.435	-18.13	-42.525	0.822524	-0.211304	0.424316	0.063	0.4935	0.051	0	219	286	3
2026-02-12	15:29:41.330	-17.22	-16.835	-40.74	0.815204	-0.214232	0.417484	0.057	0.495	0.0645	0	219	286	3
2026-02-12	15:29:41.350	-24.955	-16.59	-38.885	0.795684	-0.223016	0.408212	0.057	0.4875	0.0615	0	219	286	3
2026-02-12	15:29:41.370	-29.12	-16.94	-36.4	0.764696	-0.244732	0.417972	0.066	0.486	0.0675	0	219	286	3
2026-02-12	15:29:41.390	-31.325	-17.815	-32.69	0.7381	-0.272548	0.416752	0.0705	0.48	0.066	0	219	286	3
2026-02-12	15:29:41.410	-31.99	-19.985	-28.805	0.732976	-0.272304	0.380396	0.0705	0.48	0.066	0	216	310	3
2026-02-12	15:29:41.430	-30.73	-24.325	-26.88	0.770796	-0.308172	0.361852	0.066	0.4755	0.069	0	216	310	3
2026-02-12	15:29:41.450	-21	-29.12	-25.34	0.851804	-0.3721	0.389424	0.0645	0.465	0.072	0	216	310	3
2026-02-12	15:29:41.470	-1.295	-33.11	-23.24	0.957212	-0.420168	0.43066	0.072	0.4575	0.0735	0	216	310	3
2026-02-12	15:29:41.490	24.15	-34.685	-20.055	1.038464	-0.455304	0.484096	0.078	0.4575	0.078	0	216	310	3
2026-02-12	15:29:41.510	50.365	-32.76	-14.035	1.057008	-0.454572	0.497516	0.0735	0.45	0.081	0	216	310	3
2026-02-12	15:29:41.530	73.815	-29.925	-5.53	1.071648	-0.418216	0.474092	0.072	0.45	0.0915	0	216	310	3
2026-02-12	15:29:41.550	94.885	-25.515	2.975	1.113372	-0.386008	0.44408	0.0765	0.447	0.0975	0	216	310	3
2026-02-12	15:29:41.570	113.015	-18.375	9.73	1.16388	-0.37942	0.443104	0.075	0.456	0.102	0	216	310	3
2026-02-12	15:29:41.590	124.845	-9.765	15.89	1.22976	-0.356972	0.45018	0.084	0.465	0.111	0	216	310	3
2026-02-12	15:29:41.610	121.275	3.43	21.805	1.259284	-0.299144	0.42944	0.084	0.4635	0.1155	0	211	340	3
2026-02-12	15:29:41.630	100.8	17.185	27.475	1.212924	-0.219356	0.378444	0.0825	0.471	0.117	0	211	340	3
2026-02-12	15:29:41.650	69.545	25.445	34.055	1.12118	-0.180804	0.3355	0.0795	0.486	0.1185	0	211	340	3
2026-02-12	15:29:41.670	33.285	29.505	43.435	1.025288	-0.17324	0.288896	0.0765	0.498	0.1155	0	211	340	3
2026-02-12	15:29:41.690	5.18	29.75	55.265	0.973316	-0.176168	0.25132	0.072	0.504	0.114	0	211	340	3
2026-02-12	15:29:41.710	-14.245	26.04	68.775	0.953064	-0.179584	0.21716	0.069	0.504	0.114	0	211	340	3
2026-02-12	15:29:41.730	-29.365	20.51	82.95	0.933544	-0.18544	0.187392	0.066	0.5205	0.1095	0	211	340	3
2026-02-12	15:29:41.750	-35.035	15.26	95.97	0.972096	-0.193004	0.174704	0.072	0.5205	0.114	0	211	340	3
2026-02-12	15:29:41.770	-34.475	11.41	106.4	1.032852	-0.177144	0.161284	0.063	0.5385	0.1065	0	211	340	3
2026-02-12	15:29:41.790	-35.91	10.675	114.24	1.022848	-0.160552	0.136152	0.0675	0.5475	0.0975	0	211	340	3
2026-02-12	15:29:41.810	-38.115	8.925	117.285	0.996984	-0.179584	0.113948	0.069	0.558	0.1035	0	207	354	3
2026-02-12	15:29:41.830	-29.89	7.105	114.485	0.942328	-0.21228	0.122732	0.069	0.588	0.1005	0	207	354	3
2026-02-12	15:29:41.850	-16.87	7.455	106.54	0.961604	-0.2074	0.136396	0.066	0.603	0.1065	0	207	354	3
2026-02-12	15:29:41.870	-3.57	10.885	93.03	1.045784	-0.225212	0.136152	0.066	0.6195	0.108	0	207	354	3
2026-02-12	15:29:41.890	8.085	15.61	78.82	1.100928	-0.210572	0.110532	0.0735	0.624	0.1005	0	207	354	3
2026-02-12	15:29:41.910	14.805	19.635	66.255	1.116056	-0.175436	0.10248	0.078	0.63	0.1005	0	207	354	3
2026-02-12	15:29:41.930	13.51	23.065	52.64	1.140212	-0.138836	0.100284	0.0765	0.6465	0.099	0	207	354	3
2026-02-12	15:29:41.950	7.07	24.955	35.49	1.183888	-0.118096	0.081008	0.0825	0.6525	0.0975	0	207	354	3
2026-02-12	15:29:41.970	-5.04	24.185	17.5	1.16876	-0.118584	0.07442	0.0795	0.6585	0.093	0	207	354	3
2026-02-12	15:29:41.990	-15.995	19.145	1.785	1.124352	-0.135176	0.10004	0.075	0.666	0.084	0	207	354	3
2026-02-12	15:29:42.010	-18.76	11.9	-10.92	1.032364	-0.180316	0.169824	0.081	0.666	0.0855	0	203	332	3
2026-02-12	15:29:42.030	-9.065	7	-18.305	0.92476	-0.220576	0.259128	0.069	0.654	0.087	0	203	332	3
2026-02-12	15:29:42.050	23.94	2.24	-21.945	0.86132	-0.231068	0.328912	0.069	0.654	0.087	0	203	332	3
2026-02-12	15:29:42.070	50.365	-1.33	-21.315	0.825452	-0.220088	0.339648	0.075	0.657	0.081	0	203	332	3
2026-02-12	15:29:42.090	76.02	-4.445	-20.195	0.832772	-0.175436	0.35502	0.078	0.6585	0.075	0	203	332	3
2026-02-12	15:29:42.110	96.74	-4.865	-20.65	0.896456	-0.139324	0.358924	0.072	0.654	0.078	0	203	332	3
2026-02-12	15:29:42.130	103.425	-1.33	-21.77	0.928664	-0.077104	0.335012	0.069	0.6525	0.081	0	203	332	3
2026-02-12	15:29:42.150	88.83	2.975	-25.095	0.967948	-0.033916	0.310612	0.075	0.648	0.081	0	203	332	3
2026-02-12	15:29:42.170	59.115	7.21	-31.185	1.0065	0.010248	0.298412	0.066	0.6525	0.0705	0	203	332	3
2026-02-12	15:29:42.190	19.04	9.975	-38.185	1.014552	0.04636	0.296704	0.069	0.645	0.075	0	203	332	3
2026-02-12	15:29:42.210	-24.01	11.06	-44.38	1.00284	0.038552	0.302804	0.075	0.6375	0.0555	0	201	303	3
2026-02-12	15:29:42.230	-57.19	11.41	-47.845	0.985028	-0.017812	0.317688	0.0585	0.6315	0.0645	0	201	303	3
2026-02-12	15:29:42.250	-77.35	12.53	-47.985	0.9638	-0.080764	0.366976	0.0795	0.6345	0.063	0	201	303	3
2026-02-12	15:29:42.270	-80.36	15.995	-45.045	0.931104	-0.112728	0.370636	0.069	0.627	0.0645	0	201	303	3
2026-02-12	15:29:42.290	-76.09	18.095	-42.385	0.918904	-0.127368	0.319396	0.06	0.612	0.0675	0	201	303	3
2026-02-12	15:29:42.310	-69.58	19.25	-40.74	0.907924	-0.124928	0.26718	0.063	0.6045	0.063	0	201	303	3
2026-02-12	15:29:42.330	-61.88	19.285	-40.53	0.916952	-0.133224	0.262056	0.0645	0.606	0.057	0	201	303	3
2026-02-12	15:29:42.350	-56.245	19.915	-41.09	0.931104	-0.139568	0.283772	0.0525	0.6	0.057	0	201	303	3
2026-02-12	15:29:42.370	-56.665	20.965	-41.86	0.918172	-0.137372	0.2989	0.063	0.594	0.057	0	201	303	3
2026-02-12	15:29:42.390	-61.25	20.475	-43.61	0.914756	-0.13786	0.298656	0.0615	0.585	0.048	0	201	303	3
2026-02-12	15:29:42.410	-66.22	18.375	-47.25	0.914024	-0.155184	0.312808	0.0705	0.576	0.054	0	197	291	3
2026-02-12	15:29:42.430	-67.585	16.24	-50.645	0.898652	-0.182512	0.333548	0.057	0.573	0.045	0	197	291	3
2026-02-12	15:29:42.450	-64.155	13.685	-52.92	0.907924	-0.193004	0.329888	0.06	0.567	0.048	0	197	291	3
2026-02-12	15:29:42.470	-58.625	9.73	-54.985	0.888648	-0.188856	0.328668	0.0615	0.552	0.048	0	197	291	3
2026-02-12	15:29:42.490	-57.365	6.125	-56.42	0.881572	-0.205448	0.345748	0.0615	0.5475	0.042	0	197	291	3
2026-02-12	15:29:42.510	-57.96	2.24	-57.75	0.893284	-0.241072	0.38186	0.0585	0.5355	0.036	0	197	291	3
2026-02-12	15:29:42.530	-56.945	-0.595	-57.33	0.896456	-0.263764	0.414556	0.0615	0.5265	0.033	0	197	291	3
2026-02-12	15:29:42.550	-58.52	-4.06	-55.335	0.90524	-0.268644	0.41602	0.0675	0.5265	0.0315	0	197	291	3
2026-02-12	15:29:42.570	-65.695	-7.455	-53.55	0.909876	-0.286944	0.417972	0.0555	0.519	0.0315	0	197	291	3
2026-02-12	15:29:42.590	-72.345	-10.255	-52.605	0.891088	-0.305976	0.407724	0.0585	0.5145	0.042	0	197	291	3
2026-02-12	15:29:42.610	-83.545	-15.715	-53.34	0.8845	-0.34404	0.404552	0.063	0.504	0.0345	0	192	296	3
2026-02-12	15:29:42.630	-92.995	-12.915	-59.85	0.929152	-0.398696	0.504104	0.063	0.4845	0.0405	0	192	296	3
2026-02-12	15:29:42.650	-95.34	-1.4	-68.355	0.8784	-0.390644	0.421144	0.0615	0.4935	0.039	0	192	296	3
2026-02-12	15:29:42.670	-116.41	1.96	-72.17	0.68808	-0.324276	0.220332	0.075	0.4755	0.0375	0	192	296	3
2026-02-12	15:29:42.690	-156.135	-10.325	-81.515	0.514352	-0.478972	0.155428	0.075	0.4755	0.0375	0	192	296	3
2026-02-12	15:29:42.710	-138.39	-19.775	-79.94	0.476532	-0.714188	0.30744	0.0765	0.456	0.03	0	192	296	3
2026-02-12	15:29:42.730	-79.485	-26.075	-67.34	0.53558	-0.830332	0.475068	0.0825	0.435	0.0225	0	192	296	3
2026-02-12	15:29:42.750	-6.86	-28.56	-46.935	0.588284	-0.697108	0.544608	0.084	0.429	0.0195	0	192	296	3
2026-02-12	15:29:42.770	40.25	-30.59	-22.435	0.624884	-0.561932	0.521916	0.0825	0.426	0.0165	0	192	296	3
2026-02-12	15:29:42.790	70.455	-33.53	1.82	0.758108	-0.487024	0.455548	0.084	0.4245	0.027	0	192	296	3
2026-02-12	15:29:42.810	99.05	-33.215	19.04	1.075064	-0.5002	0.466528	0.087	0.414	0.0345	0	190	315	3
2026-02-12	15:29:42.830	125.58	-27.545	28.14	1.519876	-0.464088	0.497028	0.0855	0.4245	0.042	0	190	315	3
2026-02-12	15:29:42.850	113.26	-17.01	39.935	1.76534	-0.344284	0.462624	0.09	0.4245	0.0555	0	190	315	3
2026-02-12	15:29:42.870	67.445	0.84	50.365	1.71898	-0.333304	0.36478	0.0855	0.4245	0.0615	0	190	315	3
2026-02-12	15:29:42.890	25.69	11.585	55.895	1.58356	-0.268644	0.270596	0.0885	0.4425	0.057	0	190	315	3
2026-02-12	15:29:42.910	-13.02	14.595	65.765	1.367376	-0.235704	0.247172	0.081	0.4455	0.063	0	190	315	3
2026-02-12	15:29:42.930	-32.69	12.355	79.345	1.159488	-0.239364	0.25986	0.0735	0.4605	0.0645	0	190	315	3
2026-02-12	15:29:42.950	-31.815	7.35	93.135	0.981124	-0.2135	0.28914	0.072	0.4755	0.0615	0	190	315	3
2026-02-12	15:29:42.970	-20.65	2.8	103.46	0.83082	-0.181536	0.293288	0.0735	0.4785	0.0645	0	190	315	3
2026-02-12	15:29:42.990	-8.295	-1.155	108.78	0.742492	-0.193004	0.257664	0.0705	0.495	0.0585	0	190	315	3
2026-02-12	15:29:43.010	3.85	-4.235	109.445	0.698328	-0.209596	0.202032	0.0705	0.507	0.057	0	195	332	3
2026-02-12	15:29:43.030	15.96	-5.845	106.085	0.675636	-0.219112	0.155672	0.0735	0.5265	0.0675	0	195	332	3
2026-02-12	15:29:43.050	28	-6.23	98.665	0.686372	-0.222284	0.11346	0.066	0.531	0.06	0	195	332	3
2026-02-12	15:29:43.070	39.2	-4.27	88.55	0.699548	-0.220576	0.089548	0.0555	0.549	0.0645	0	195	332	3
2026-02-12	15:29:43.090	44.8	-1.89	75.81	0.715652	-0.199104	0.079544	0.063	0.558	0.0585	0	195	332	3
2026-02-12	15:29:43.110	45.815	1.365	52.57	0.805688	-0.211548	0.096136	0.0615	0.579	0.069	0	195	332	3
2026-02-12	15:29:43.130	49.28	2.94	38.36	0.859124	-0.201788	0.098088	0.0645	0.5835	0.0675	0	195	332	3
2026-02-12	15:29:43.150	52.99	1.925	23.905	0.966728	-0.181292	0.117364	0.063	0.591	0.0675	0	195	332	3
2026-02-12	15:29:43.170	52.15	1.435	7.595	1.081408	-0.154452	0.149084	0.063	0.5925	0.069	0	195	332	3
2026-02-12	15:29:43.190	46.725	1.61	-12.53	1.220732	-0.16958	0.175436	0.066	0.591	0.0675	0	195	332	3
2026-02-12	15:29:43.210	38.92	2.555	-31.08	1.28344	-0.190076	0.199104	0.0645	0.603	0.0615	0	207	324	3
2026-02-12	15:29:43.230	28.21	-0.455	-44.765	1.3115	-0.194468	0.20618	0.06	0.597	0.0645	0	207	324	3
2026-02-12	15:29:43.250	19.6	-4.27	-54.6	1.213656	-0.221552	0.2196	0.0645	0.597	0.057	0	207	324	3
2026-02-12	15:29:43.270	18.76	-9.555	-54.6	1.059448	-0.244488	0.270108	0.0675	0.5835	0.0585	0	207	324	3
2026-02-12	15:29:43.290	30.45	-17.045	-46.97	0.997228	-0.227408	0.33916	0.0645	0.579	0.069	0	207	324	3
2026-02-12	15:29:43.310	51.03	-21.42	-34.755	0.989176	-0.195688	0.429928	0.0585	0.573	0.0675	0	207	324	3
2026-02-12	15:29:43.330	82.215	-17.01	-14.28	0.96258	-0.028548	0.449448	0.0585	0.5685	0.0675	0	207	324	3
2026-02-12	15:29:43.350	80.885	-11.095	-5.425	0.948184	0.097356	0.385276	0.063	0.5685	0.0705	0	207	324	3
2026-02-12	15:29:43.370	48.895	-3.115	-3.92	0.964044	0.159088	0.288164	0.0675	0.5655	0.0735	0	207	324	3
2026-02-12	15:29:43.390	-1.925	5.39	-9.205	1.011624	0.164212	0.212524	0.069	0.561	0.075	0	207	324	3
2026-02-12	15:29:43.410	-49.035	14.525	-16.31	1.008452	0.120536	0.17446	0.057	0.5595	0.0705	0	220	303	3
2026-02-12	15:29:43.430	-85.715	20.265	-20.405	0.976732	0.069296	0.16226	0.057	0.561	0.0735	0	220	303	3
2026-02-12	15:29:43.450	-110.635	23.03	-22.68	0.948916	0.00244	0.19642	0.0645	0.558	0.0705	0	220	303	3
2026-02-12	15:29:43.470	-120.68	23.485	-24.675	0.943304	-0.0976	0.24156	0.0705	0.546	0.0645	0	220	303	3
2026-02-12	15:29:43.490	-112.84	23.66	-25.865	0.945988	-0.175192	0.27694	0.0615	0.552	0.063	0	220	303	3
2026-02-12	15:29:43.510	-92.47	24.115	-27.16	0.948428	-0.214964	0.290604	0.0735	0.5475	0.063	0	220	303	3
2026-02-12	15:29:43.530	-61.39	25.375	-29.4	0.955748	-0.214476	0.298168	0.0615	0.5445	0.0525	0	220	303	3
2026-02-12	15:29:43.550	-35.35	25.97	-32.55	0.946476	-0.196908	0.284016	0.063	0.537	0.051	0	220	303	3
2026-02-12	15:29:43.570	-21.105	25.62	-35.245	0.92354	-0.186904	0.27084	0.0615	0.528	0.045	0	220	303	3
2026-02-12	15:29:43.590	-13.405	24.325	-37.065	0.908168	-0.188368	0.29158	0.057	0.5235	0.0405	0	220	303	3
2026-02-12	15:29:43.610	-11.585	22.05	-38.465	0.882304	-0.174948	0.311588	0.057	0.5205	0.0405	0	230	288	3
2026-02-12	15:29:43.630	-15.155	19.53	-39.62	0.859124	-0.16714	0.328424	0.06	0.5145	0.033	0	230	288	3
2026-02-12	15:29:43.650	-20.195	15.89	-41.125	0.86376	-0.1525	0.342088	0.06	0.5145	0.0285	0	230	288	3
2026-02-12	15:29:43.670	-26.67	12.04	-44.1	0.88816	-0.145668	0.3477	0.063	0.507	0.0255	0	230	288	3
2026-02-12	15:29:43.690	-33.46	10.08	-47.845	0.899872	-0.170312	0.355996	0.063	0.501	0.027	0	230	288	3
2026-02-12	15:29:43.710	-39.515	9.1	-50.75	0.897188	-0.187392	0.360388	0.063	0.486	0.024	0	230	288	3
2026-02-12	15:29:43.730	-47.74	6.895	-53.165	0.890356	-0.188856	0.355264	0.0705	0.486	0.0195	0	230	288	3
2026-02-12	15:29:43.750	-65.975	2.38	-55.51	0.872056	-0.232044	0.371124	0.075	0.4815	0.0195	0	230	288	3
2026-02-12	15:29:43.770	-74.375	-0.49	-55.825	0.850828	-0.269864	0.402844	0.0765	0.4725	0.015	0	230	288	3
2026-02-12	15:29:43.790	-78.12	-2.205	-53.935	0.824232	-0.307196	0.41846	0.084	0.4635	0.0075	0	230	288	3
2026-02-12	15:29:43.810	-74.27	-4.06	-50.225	0.812032	-0.330132	0.409676	0.087	0.459	0.006	0	234	289	2
2026-02-12	15:29:43.830	-66.08	-6.79	-46.62	0.81374	-0.341356	0.396256	0.0855	0.4575	0.009	0	234	289	2
2026-02-12	15:29:43.850	-56.07	-9.38	-43.365	0.821304	-0.348432	0.382104	0.0825	0.444	0.009	0	234	289	2
2026-02-12	15:29:43.870	-44.38	-12.285	-41.02	0.85522	-0.353556	0.382104	0.075	0.438	0.0075	0	234	289	2
2026-02-12	15:29:43.890	-33.075	-14.175	-39.025	0.925736	-0.366244	0.413092	0.0795	0.435	0.006	0	234	289	2
2026-02-12	15:29:43.910	-24.92	-14.315	-36.12	0.964776	-0.359168	0.434808	0.09	0.426	0.003	0	234	289	2
2026-02-12	15:29:43.930	-20.615	-13.405	-32.025	0.944036	-0.3477	0.441152	0.0915	0.426	0.0045	0	234	289	2
2026-02-12	15:29:43.950	-19.46	-12.11	-22.785	0.852048	-0.339404	0.413092	0.0885	0.4275	0.006	0	234	289	2
2026-02-12	15:29:43.970	-16.835	-13.16	-11.025	0.791536	-0.330864	0.351604	0.0885	0.4275	0.006	0	234	289	2
2026-02-12	15:29:43.990	-9.485	-17.815	-3.43	0.84302	-0.352092	0.325008	0.09	0.4215	0.009	0	234	289	2
2026-02-12	15:29:44.010	-3.745	-21.84	1.785	0.9821	-0.40138	0.330864	0.0915	0.414	0.012	0	232	305	3
2026-02-12	15:29:44.030	0.595	-22.575	5.88	1.099952	-0.420656	0.328668	0.0915	0.4125	0.0105	0	232	305	3
2026-02-12	15:29:44.050	4.235	-20.195	9.31	1.162172	-0.417972	0.30622	0.09	0.417	0.0075	0	232	305	3
2026-02-12	15:29:44.070	4.97	-16.87	12.005	1.158268	-0.40504	0.266936	0.0975	0.4065	0.012	0	232	305	3
2026-02-12	15:29:44.090	3.29	-13.79	14.84	1.090192	-0.403576	0.224968	0.087	0.4125	0.0195	0	232	305	3
2026-02-12	15:29:44.110	7.63	-13.055	19.005	1.069696	-0.41724	0.217892	0.096	0.42	0.021	0	232	305	3
2026-02-12	15:29:44.130	15.4	-12.845	24.745	1.033828	-0.38918	0.217648	0.0915	0.4215	0.021	0	232	305	3
2026-02-12	15:29:44.150	20.685	-13.335	32.725	0.945988	-0.36356	0.203984	0.0825	0.423	0.03	0	232	305	3
2026-02-12	15:29:44.170	33.075	-17.22	43.085	0.884256	-0.34892	0.191052	0.0885	0.4335	0.0255	0	232	305	3
2026-02-12	15:29:44.190	52.325	-20.195	51.31	0.915244	-0.335988	0.19154	0.0825	0.4365	0.0285	0	232	305	3
2026-02-12	15:29:44.210	67.935	-20.405	55.02	1.014552	-0.299144	0.181292	0.078	0.441	0.036	0	227	315	3
2026-02-12	15:29:44.230	73.01	-16.555	58.485	0.972828	-0.253516	0.156892	0.0795	0.4455	0.0435	0	227	315	3
2026-02-12	15:29:44.250	72.1	-13.965	61.215	0.919148	-0.23546	0.126148	0.0795	0.4515	0.0465	0	227	315	3
2026-02-12	15:29:44.270	72.835	-13.545	59.675	0.9394	-0.222772	0.129076	0.0825	0.4695	0.0555	0	227	315	3
2026-02-12	15:29:44.290	71.54	-11.235	54.67	1.035048	-0.208376	0.15006	0.078	0.474	0.0555	0	227	315	3
2026-02-12	15:29:44.310	64.12	-6.51	49.665	1.060668	-0.196908	0.157624	0.0735	0.4785	0.0615	0	227	315	3
2026-02-12	15:29:44.330	53.69	-1.82	47.075	1.003816	-0.184952	0.148108	0.0795	0.489	0.06	0	227	315	3
2026-02-12	15:29:44.350	47.775	0	44.59	0.946232	-0.186416	0.132736	0.0675	0.492	0.075	0	227	315	3
2026-02-12	15:29:44.370	47.25	-0.07	40.25	0.949404	-0.185684	0.138592	0.0735	0.501	0.0645	0	227	315	3
2026-02-12	15:29:44.390	49.14	-0.105	30.52	1.073356	-0.163724	0.163236	0.0735	0.5055	0.0675	0	227	315	3
2026-02-12	15:29:44.410	47.88	0.105	19.67	1.196332	-0.146644	0.162504	0.069	0.507	0.0675	0	220	300	3
2026-02-12	15:29:44.430	42.175	0.14	6.86	1.291248	-0.122488	0.149572	0.0675	0.513	0.066	0	220	300	3
2026-02-12	15:29:44.450	31.15	-0.91	-7.875	1.32248	-0.103944	0.130052	0.0675	0.516	0.0675	0	220	300	3
2026-02-12	15:29:44.470	15.225	-1.015	-18.375	1.17486	-0.09857599	0.139812	0.063	0.5145	0.069	0	220	300	3
2026-02-12	15:29:44.490	4.585	-3.605	-20.93	1.031144	-0.11346	0.190564	0.0585	0.5145	0.0645	0	220	300	3
2026-02-12	15:29:44.510	5.355	-6.055	-16.03	0.951356	-0.1281	0.25254	0.072	0.5085	0.0795	0	220	300	3
2026-02-12	15:29:44.530	18.62	-8.575	-6.685	0.91622	-0.092476	0.321348	0.0645	0.5175	0.072	0	220	300	3
2026-02-12	15:29:44.550	39.025	-9.555	3.92	0.946964	-0.070516	0.371368	0.075	0.5055	0.072	0	220	300	3
2026-02-12	15:29:44.570	56.805	-5.6	15.47	0.980636	-0.063928	0.354044	0.0705	0.501	0.078	0	220	300	3
2026-02-12	15:29:44.590	66.325	2.975	24.85	1.00772	-0.020252	0.288164	0.0675	0.4995	0.0825	0	220	300	3
2026-02-12	15:29:44.610	43.26	15.68	27.72	0.984296	0.163724	0.18544	0.063	0.5085	0.078	0	214	275	3
2026-02-12	15:29:44.630	3.64	22.085	20.615	0.956724	0.197396	0.162748	0.0675	0.5205	0.072	0	214	275	3
2026-02-12	15:29:44.650	-34.615	26.74	12.215	0.949648	0.1281	0.173484	0.0705	0.5175	0.0705	0	214	275	3
2026-02-12	15:29:44.670	-61.18	29.12	6.195	0.943792	0.042944	0.20008	0.0645	0.5115	0.072	0	214	275	3
2026-02-12	15:29:44.690	-78.855	28.735	1.61	0.957456	-0.02928	0.217892	0.069	0.522	0.0615	0	214	275	3
2026-02-12	15:29:44.710	-85.085	26.74	-1.995	0.962336	-0.10248	0.22814	0.0645	0.513	0.0615	0	214	275	3
2026-02-12	15:29:44.730	-76.58	24.5	-4.76	0.95648	-0.132736	0.250344	0.0645	0.516	0.0465	0	214	275	3
2026-02-12	15:29:44.750	-55.79	23.275	-7	0.947208	-0.1525	0.28182	0.069	0.5205	0.0495	0	214	275	3
2026-02-12	15:29:44.770	-33.6	22.12	-8.575	0.945744	-0.149572	0.28304	0.0645	0.519	0.0435	0	214	275	3
2026-02-12	15:29:44.790	-14.63	21.35	-8.855	0.93574	-0.177144	0.269376	0.066	0.5175	0.0375	0	214	275	3
2026-02-12	15:29:44.810	2.73	19.495	-9.135	0.924516	-0.171776	0.271328	0.066	0.5115	0.0315	0	209	259	2
2026-02-12	15:29:44.830	9.905	16.8	-11.585	0.921588	-0.133224	0.28426	0.066	0.5115	0.0255	0	209	259	2
2026-02-12	15:29:44.850	8.05	14.49	-15.435	0.90768	-0.133712	0.301584	0.066	0.513	0.024	0	209	259	2
2026-02-12	15:29:44.870	5.565	11.935	-19.355	0.900604	-0.150792	0.31232	0.066	0.5085	0.027	0	209	259	2
2026-02-12	15:29:44.890	2.065	9.555	-22.995	0.885476	-0.168116	0.320616	0.0645	0.5055	0.027	0	209	259	2
2026-02-12	15:29:44.910	-3.605	6.685	-26.88	0.868152	-0.183	0.318908	0.069	0.5055	0.0255	0	209	259	2
2026-02-12	15:29:44.930	-9.415	3.5	-30.765	0.849608	-0.20374	0.336476	0.063	0.4995	0.0195	0	209	259	2
2026-02-12	15:29:44.950	-13.055	0.525	-33.39	0.831308	-0.210572	0.365756	0.063	0.4995	0.027	0	209	259	2
2026-02-12	15:29:44.970	-14.56	-2.345	-35.28	0.837652	-0.207888	0.384056	0.0645	0.4845	0.021	0	209	259	2
2026-02-12	15:29:44.990	-15.435	-4.585	-36.365	0.848388	-0.224236	0.383568	0.0645	0.489	0.027	0	209	259	2
2026-02-12	15:29:45.010	-16.03	-5.81	-36.61	0.846192	-0.278404	0.393572	0.0705	0.4815	0.021	0	203	259	2
2026-02-12	15:29:45.030	-14.805	-6.37	-33.74	0.828136	-0.31232	0.417728	0.0645	0.4725	0.021	0	203	259	2
2026-02-12	15:29:45.050	-15.05	-6.16	-30.87	0.81374	-0.293776	0.422608	0.069	0.474	0.0225	0	203	259	2
2026-02-12	15:29:45.070	-17.255	-5.145	-28.525	0.798856	-0.28914	0.424316	0.072	0.4725	0.024	0	203	259	2
2026-02-12	15:29:45.090	-20.72	-4.13	-27.02	0.78568	-0.280356	0.412116	0.0675	0.4665	0.0225	0	203	259	2
2026-02-12	15:29:45.110	-26.985	-3.64	-25.76	0.764452	-0.29036	0.39284	0.0675	0.4635	0.021	0	203	259	2
2026-02-12	15:29:45.130	-34.09	-4.375	-24.465	0.763964	-0.342576	0.382592	0.0735	0.459	0.0195	0	203	259	2
2026-02-12	15:29:45.150	-39.48	-5.32	-23.765	0.765672	-0.371124	0.397232	0.0735	0.456	0.021	0	203	259	2
2026-02-12	15:29:45.170	-41.895	-5.355	-21.875	0.77714	-0.4148	0.39162	0.078	0.447	0.0165	0	203	259	2
2026-02-12	15:29:45.190	-37.765	-7.21	-17.36	0.79178	-0.435784	0.366488	0.066	0.4455	0.0195	0	203	259	2
2026-02-12	15:29:45.210	-29.925	-10.535	-11.76	0.815204	-0.471896	0.358924	0.0795	0.4365	0.018	0	197	279	2
2026-02-12	15:29:45.230	-16.87	-14.035	-4.13	0.84424	-0.499468	0.375272	0.069	0.441	0.0225	0	197	279	2
2026-02-12	15:29:45.250	13.02	-19.215	8.995	0.937204	-0.53314	0.4148	0.069	0.441	0.0225	0	197	279	2
2026-02-12	15:29:45.270	31.36	-22.715	17.29	1.018456	-0.51606	0.409432	0.072	0.444	0.024	0	197	279	2
2026-02-12	15:29:45.290	40.985	-25.48	23.275	1.067256	-0.500688	0.400404	0.0735	0.4485	0.0285	0	197	279	2
2026-02-12	15:29:45.310	48.685	-27.055	26.845	1.114592	-0.489952	0.393816	0.069	0.4515	0.0345	0	197	279	2
2026-02-12	15:29:45.330	55.545	-25.9	27.58	1.15168	-0.494588	0.386984	0.069	0.453	0.0405	0	197	279	2
2026-02-12	15:29:45.350	63.07	-22.085	26.145	1.17242	-0.49166	0.379176	0.075	0.459	0.042	0	197	279	2
2026-02-12	15:29:45.370	68.32	-16.835	24.325	1.154608	-0.46848	0.34892	0.069	0.459	0.0465	0	197	279	2
2026-02-12	15:29:45.390	69.055	-11.585	23.905	1.097512	-0.426756	0.304756	0.0645	0.468	0.051	0	197	279	2
2026-02-12	15:29:45.410	65.135	-7.665	25.235	1.012112	-0.38064	0.266692	0.066	0.4725	0.0585	0	194	305	3
2026-02-12	15:29:45.430	59.325	-5.845	28.42	0.916952	-0.350384	0.245952	0.06	0.474	0.0495	0	194	305	3
2026-02-12	15:29:45.450	54.775	-5.95	34.16	0.882792	-0.321104	0.240828	0.0675	0.4755	0.063	0	194	305	3
2026-02-12	15:29:45.470	50.715	-5.32	40.11	0.896212	-0.271084	0.22448	0.0645	0.4815	0.0615	0	194	305	3
2026-02-12	15:29:45.490	41.58	-3.5	45.115	0.849364	-0.23302	0.17934	0.06	0.492	0.066	0	194	305	3
2026-02-12	15:29:45.510	31.08	-3.465	48.335	0.827648	-0.217648	0.140544	0.06	0.4965	0.069	0	194	305	3
2026-02-12	15:29:45.530	22.54	-3.78	47.95	0.84912	-0.213256	0.135908	0.063	0.498	0.066	0	194	305	3
2026-02-12	15:29:45.550	19.635	-3.36	42.21	0.955748	-0.229848	0.16348	0.06	0.5145	0.0525	0	194	305	3
2026-02-12	15:29:45.570	20.475	1.995	34.335	0.979416	-0.249612	0.19032	0.06	0.516	0.063	0	194	305	3
2026-02-12	15:29:45.590	23.59	9.065	28.42	0.962824	-0.264008	0.183	0.0585	0.5265	0.0675	0	194	305	3
2026-02-12	15:29:45.610	28.525	13.3	22.47	1.03456	-0.243024	0.148596	0.0645	0.531	0.0585	0	193	312	3
2026-02-12	15:29:45.630	29.33	15.96	15.05	1.140212	-0.198128	0.120292	0.057	0.534	0.063	0	193	312	3
2026-02-12	15:29:45.650	23.695	17.885	4.795	1.246352	-0.1647	0.128832	0.057	0.534	0.0525	0	193	312	3
2026-02-12	15:29:45.670	5.67	22.225	-8.925	1.278316	-0.183732	0.188612	0.0555	0.5505	0.0615	0	193	312	3
2026-02-12	15:29:45.690	-2.975	24.395	-10.36	1.19438	-0.201056	0.21228	0.0555	0.543	0.0555	0	193	312	3
2026-02-12	15:29:45.710	-6.86	24.815	-9.1	1.100196	-0.172264	0.214964	0.0555	0.537	0.0465	0	193	312	3
2026-02-12	15:29:45.730	-13.475	23.1	-4.585	0.985516	-0.148596	0.196908	0.06	0.534	0.042	0	193	312	3
2026-02-12	15:29:45.750	-17.745	17.08	1.645	0.941352	-0.15006	0.190808	0.0645	0.531	0.0435	0	193	312	3
2026-02-12	15:29:45.770	-15.155	8.54	8.19	0.937204	-0.141276	0.218136	0.0585	0.5385	0.0435	0	193	312	3
2026-02-12	15:29:45.790	-7.665	0.77	15.68	0.919636	-0.126148	0.257908	0.0465	0.5355	0.0375	0	193	312	3
2026-02-12	15:29:45.810	1.82	-5.67	20.65	0.938912	-0.127856	0.298656	0.051	0.54	0.033	0	193	297	3
2026-02-12	15:29:45.830	14.77	-6.615	22.715	0.977464	-0.133468	0.355264	0.0495	0.5445	0.033	0	193	297	3
2026-02-12	15:29:45.850	26.355	-1.715	23.87	0.977708	-0.102724	0.376004	0.0585	0.5505	0.039	0	193	297	3
2026-02-12	15:29:45.870	28.035	5.88	22.89	0.936716	-0.035624	0.35258	0.0495	0.555	0.0375	0	193	297	3
2026-02-12	15:29:45.890	8.645	13.3	14.035	0.886452	0.03904	0.28914	0.051	0.5535	0.0345	0	193	297	3
2026-02-12	15:29:45.910	-13.09	14.875	6.16	0.883768	0.002196	0.276696	0.051	0.558	0.033	0	193	297	3
2026-02-12	15:29:45.930	-30.66	15.505	-0.14	0.900116	-0.05124	0.291092	0.0555	0.5595	0.0315	0	193	297	3
2026-02-12	15:29:45.950	-40.635	16.1	-4.83	0.907924	-0.087596	0.301828	0.054	0.558	0.027	0	193	297	3
2026-02-12	15:29:45.970	-43.785	16.625	-9.38	0.911584	-0.081252	0.299876	0.051	0.558	0.0255	0	193	297	3
2026-02-12	15:29:45.990	-44.065	15.75	-15.015	0.901336	-0.061732	0.280356	0.057	0.5595	0.0225	0	193	297	3
2026-02-12	15:29:46.010	-40.705	12.81	-22.225	0.906948	-0.094916	0.291336	0.057	0.5595	0.0225	0	193	284	3
2026-02-12	15:29:46.030	-36.295	11.025	-26.075	0.919148	-0.13054	0.30866	0.054	0.5535	0.015	0	193	284	3
2026-02-12	15:29:46.050	-31.325	8.82	-31.5	0.933544	-0.159576	0.341356	0.057	0.552	0.0105	0	193	284	3
2026-02-12	15:29:46.070	-27.685	7.455	-37.03	0.935984	-0.178852	0.367952	0.054	0.555	0.0135	0	193	284	3
2026-02-12	15:29:46.090	-22.19	5.565	-42.945	0.91622	-0.173728	0.367952	0.0525	0.5445	0.012	0	193	284	3
2026-02-12	15:29:46.110	-14.595	2.485	-47.355	0.893528	-0.172264	0.344284	0.054	0.5385	0.0105	0	193	284	3
2026-02-12	15:29:46.130	-7	-0.49	-49.385	0.8906	-0.184464	0.338672	0.0495	0.5295	0.0135	0	193	284	3
2026-02-12	15:29:46.150	-0.875	-3.22	-51.485	0.8967	-0.181292	0.350384	0.0495	0.5235	0.0135	0	193	284	3
2026-02-12	15:29:46.170	2.065	-5.95	-53.865	0.930372	-0.179828	0.362096	0.057	0.5235	0.0105	0	193	284	3
2026-02-12	15:29:46.190	0.525	-8.54	-56.595	0.955016	-0.153964	0.367708	0.0585	0.51	0.009	0	193	284	3
2026-02-12	15:29:46.210	-4.725	-9.94	-59.22	0.935008	-0.149328	0.354288	0.0555	0.5115	0.018	0	191	285	3
2026-02-12	15:29:46.230	-11.55	-11.69	-61.075	0.914268	-0.161772	0.34526	0.0585	0.504	0.015	0	191	285	3
2026-02-12	15:29:46.250	-19.11	-13.72	-62.615	0.91012	-0.17568	0.351848	0.057	0.4905	0.021	0	191	285	3
2026-02-12	15:29:46.270	-24.36	-15.61	-63.7	0.91378	-0.2013	0.365024	0.063	0.4785	0.0105	0	191	285	3
2026-02-12	15:29:46.290	-25.165	-17.255	-63.84	0.925736	-0.221308	0.368684	0.0645	0.4785	0.0255	0	191	285	3
2026-02-12	15:29:46.310	-26.6	-20.37	-61.74	0.900604	-0.2379	0.36478	0.0645	0.4665	0.0195	0	191	285	3
2026-02-12	15:29:46.330	-30.345	-22.225	-59.885	0.887184	-0.253028	0.377468	0.066	0.459	0.021	0	191	285	3
2026-02-12	15:29:46.350	-33.075	-23.52	-56.875	0.853756	-0.27328	0.382836	0.0705	0.4455	0.021	0	191	285	3
2026-02-12	15:29:46.370	-35.91	-25.305	-52.15	0.792512	-0.289384	0.393328	0.072	0.435	0.0255	0	191	285	3
2026-02-12	15:29:46.390	-35.91	-27.44	-45.5	0.694424	-0.312564	0.397964	0.0705	0.432	0.03	0	191	285	3
2026-02-12	15:29:46.410	-27.825	-30.73	-38.29	0.62708	-0.33184	0.400648	0.0705	0.4185	0.036	0	186	300	3
2026-02-12	15:29:46.430	-9.135	-33.32	-30.87	0.594384	-0.371124	0.420412	0.069	0.42	0.0315	0	186	300	3
2026-02-12	15:29:46.450	14.77	-34.23	-21.56	0.583892	-0.415288	0.439932	0.069	0.4185	0.039	0	186	300	3
2026-02-12	15:29:46.470	39.06	-37.31	-12.145	0.721264	-0.457988	0.44042	0.0795	0.4125	0.045	0	186	300	3
2026-02-12	15:29:46.490	63.7	-41.335	-6.965	0.996252	-0.497516	0.509228	0.078	0.423	0.051	0	186	300	3
2026-02-12	15:29:46.510	87.43	-39.34	-6.37	1.339072	-0.548756	0.650504	0.0825	0.411	0.0585	0	186	300	3
2026-02-12	15:29:46.530	100.94	-12.775	4.2	1.502552	-0.444568	0.565348	0.0825	0.411	0.0585	0	186	300	3
2026-02-12	15:29:46.550	74.06	8.4	16.835	1.335168	-0.393084	0.370148	0.078	0.417	0.0705	0	186	300	3
2026-02-12	15:29:46.570	49.455	20.195	25.165	1.254892	-0.350872	0.264496	0.0735	0.42	0.0825	0	186	300	3
2026-02-12	15:29:46.590	27.545	27.58	34.475	1.188524	-0.34282	0.244244	0.072	0.4155	0.0825	0	186	300	3
2026-02-12	15:29:46.610	6.86	31.605	45.57	1.103124	-0.343064	0.25498	0.069	0.4305	0.0855	0	183	323	3
2026-02-12	15:29:46.630	-4.97	32.06	57.96	1.006012	-0.33306	0.248148	0.0705	0.4275	0.0735	0	183	323	3
2026-02-12	15:29:46.650	-6.09	30.17	70.7	0.933056	-0.29646	0.241804	0.063	0.4515	0.072	0	183	323	3
2026-02-12	15:29:46.670	-6.055	28.175	82.25	0.916708	-0.280112	0.235948	0.06	0.444	0.0705	0	183	323	3
2026-02-12	15:29:46.690	-5.95	26.11	92.54	0.93086	-0.264496	0.221064	0.057	0.4635	0.066	0	183	323	3
2026-02-12	15:29:46.710	-8.435	23.765	101.745	0.917196	-0.247172	0.188612	0.0615	0.4725	0.06	0	183	323	3
2026-02-12	15:29:46.730	-7.84	18.795	107.1	0.997716	-0.24766	0.152012	0.06	0.504	0.0615	0	183	323	3
2026-02-12	15:29:46.750	-5.32	14.77	106.54	1.04676	-0.236924	0.108092	0.057	0.513	0.0585	0	183	323	3
2026-02-12	15:29:46.770	-6.265	12.25	104.405	0.998936	-0.229848	0.076372	0.051	0.5295	0.06	0	183	323	3
2026-02-12	15:29:46.790	-3.85	8.82	99.96	0.973804	-0.240828	0.073688	0.0495	0.5475	0.054	0	183	323	3
2026-02-12	15:29:46.810	7.525	7.385	91.91	1.000888	-0.260836	0.103944	0.051	0.5565	0.045	0	183	329	3
2026-02-12	15:29:46.830	25.865	9.625	81.935	1.038952	-0.273768	0.138348	0.0465	0.5685	0.051	0	183	329	3
2026-02-12	15:29:46.850	42.14	14.525	72.415	1.0431	-0.241072	0.159332	0.0465	0.5835	0.048	0	183	329	3
2026-02-12	15:29:46.870	51.555	19.425	63.455	1.047736	-0.23546	0.148108	0.0405	0.591	0.057	0	183	329	3
2026-02-12	15:29:46.890	57.295	23.31	55.09	1.033096	-0.197396	0.117608	0.057	0.5985	0.039	0	183	329	3
2026-02-12	15:29:46.910	54.6	24.08	46.795	1.06994	-0.149084	0.087108	0.051	0.6225	0.036	0	183	329	3
2026-02-12	15:29:46.930	44.555	22.085	37.065	1.131672	-0.121024	0.09882	0.0615	0.624	0.039	0	183	329	3
2026-02-12	15:29:46.950	22.96	20.09	22.295	1.107028	-0.118096	0.168604	0.066	0.633	0.03	0	183	329	3
2026-02-12	15:29:46.970	10.15	16.345	12.11	1.084336	-0.140788	0.19886	0.0615	0.636	0.027	0	183	329	3
2026-02-12	15:29:46.990	1.82	10.815	0.28	1.067012	-0.158844	0.22082	0.0585	0.6375	0.0225	0	183	329	3
2026-02-12	15:29:47.010	-1.785	4.445	-12.355	1.052128	-0.190808	0.253272	0.0555	0.6315	0.0165	0	185	306	3
2026-02-12	15:29:47.030	2.905	0.28	-22.085	0.969412	-0.232776	0.301096	0.051	0.6285	0.0135	0	185	306	3
2026-02-12	15:29:47.050	18.13	-2.87	-27.02	0.87962	-0.24888	0.339648	0.057	0.6315	0.0255	0	185	306	3
2026-02-12	15:29:47.070	42.595	-4.97	-28.315	0.833016	-0.26718	0.37454	0.0585	0.6315	0.018	0	185	306	3
2026-02-12	15:29:47.090	71.295	-5.145	-25.865	0.81984	-0.254492	0.412604	0.0555	0.6285	0.0225	0	185	306	3
2026-02-12	15:29:47.110	94.535	-3.15	-20.23	0.827404	-0.205448	0.429196	0.0525	0.6255	0.015	0	185	306	3
2026-02-12	15:29:47.130	103.88	0.07	-13.895	0.822036	-0.142496	0.418948	0.0585	0.624	0.0225	0	185	306	3
2026-02-12	15:29:47.150	96.145	2.03	-10.15	0.850828	-0.081984	0.396012	0.06	0.624	0.012	0	185	306	3
2026-02-12	15:29:47.170	61.285	2.975	-10.395	0.9211	-0.01708	0.34526	0.06	0.624	0.012	0	185	306	3
2026-02-12	15:29:47.190	28.525	2.45	-14.56	0.976976	0.006588	0.338672	0.057	0.6195	0.012	0	185	306	3
2026-02-12	15:29:47.210	-5.215	3.57	-20.58	0.993324	-0.0183	0.360144	0.057	0.6105	0.009	0	186	288	3
2026-02-12	15:29:47.230	-28.84	6.16	-25.165	0.98576	-0.069052	0.383568	0.06	0.606	0.0075	0	186	288	3
2026-02-12	15:29:47.250	-43.68	6.755	-28.21	0.969412	-0.099796	0.385276	0.0525	0.615	0	0	186	288	3
2026-02-12	15:29:47.270	-54.985	5.985	-30.45	0.939156	-0.129076	0.385276	0.0555	0.6165	0.009	0	186	288	3
2026-02-12	15:29:47.290	-58.975	3.5	-32.585	0.925004	-0.1647	0.37942	0.0495	0.6105	0.0075	0	186	288	3
2026-02-12	15:29:47.310	-55.055	0.7	-34.755	0.906948	-0.170556	0.387472	0.0525	0.5985	0.0045	0	186	288	3
2026-02-12	15:29:47.330	-45.78	-1.295	-36.54	0.894016	-0.18666	0.395036	0.0495	0.6045	0	0	186	288	3
2026-02-12	15:29:47.350	-34.51	-3.045	-37.73	0.88084	-0.170312	0.381616	0.048	0.588	0.0075	0	186	288	3
2026-02-12	15:29:47.370	-25.06	-5.6	-40.67	0.8662	-0.166408	0.355264	0.051	0.591	0.0135	0	186	288	3
2026-02-12	15:29:47.390	-19.46	-8.295	-44.485	0.854732	-0.170556	0.33672	0.048	0.5835	0.006	0	186	288	3
2026-02-12	15:29:47.410	-15.995	-10.395	-47.425	0.868396	-0.170068	0.346236	0.048	0.579	0.0045	0	186	293	3
2026-02-12	15:29:47.430	-13.65	-12.075	-50.47	0.892064	-0.16104	0.35136	0.045	0.57	0.009	0	186	293	3
2026-02-12	15:29:47.450	-13.685	-13.195	-53.34	0.907924	-0.162016	0.346236	0.0405	0.561	0.009	0	186	293	3
2026-02-12	15:29:47.470	-14.875	-14.14	-55.23	0.909632	-0.168604	0.342088	0.0495	0.552	0.0135	0	186	293	3
2026-02-12	15:29:47.490	-16.24	-15.435	-56.21	0.912804	-0.186172	0.346968	0.0435	0.552	0.018	0	186	293	3
2026-02-12	15:29:47.510	-17.15	-16.905	-55.895	0.931592	-0.210572	0.36234	0.051	0.546	0.027	0	186	293	3
2026-02-12	15:29:47.530	-18.725	-18.235	-54.25	0.932324	-0.201544	0.371124	0.054	0.5325	0.021	0	186	293	3
2026-02-12	15:29:47.550	-22.855	-19.635	-51.625	0.905972	-0.207644	0.363804	0.0585	0.5265	0.018	0	186	293	3
2026-02-12	15:29:47.570	-24.955	-21.595	-48.3	0.8723	-0.224724	0.35868	0.0525	0.516	0.027	0	186	293	3
2026-02-12	15:29:47.590	-22.26	-25.025	-42.175	0.825208	-0.233264	0.354532	0.054	0.516	0.0285	0	186	293	3
2026-02-12	15:29:47.610	-20.86	-26.6	-38.745	0.796416	-0.235948	0.356972	0.0555	0.51	0.03	0	183	310	3
2026-02-12	15:29:47.630	-19.81	-28.14	-36.75	0.774456	-0.239364	0.36234	0.057	0.5025	0.0345	0	183	310	3
2026-02-12	15:29:47.650	-18.515	-29.05	-36.295	0.752496	-0.249368	0.380884	0.057	0.5025	0.039	0	183	310	3
2026-02-12	15:29:47.670	-17.045	-27.755	-35.63	0.684664	-0.24522	0.422608	0.0465	0.492	0.039	0	183	310	3
2026-02-12	15:29:47.690	-15.785	-25.795	-35.315	0.649284	-0.25254	0.448716	0.0555	0.4845	0.0435	0	183	310	3
2026-02-12	15:29:47.710	-15.365	-24.535	-37.38	0.659776	-0.260348	0.452864	0.0465	0.4875	0.0465	0	183	310	3
2026-02-12	15:29:47.730	-17.57	-22.75	-39.27	0.689788	-0.282064	0.446764	0.0585	0.474	0.0435	0	183	310	3
2026-02-12	15:29:47.750	-21.665	-21.63	-38.43	0.717604	-0.292556	0.401136	0.066	0.4695	0.06	0	183	310	3
2026-02-12	15:29:47.770	-18.725	-25.585	-37.555	0.93086	-0.348188	0.36966	0.0675	0.468	0.0495	0	183	310	3
2026-02-12	15:29:47.790	8.05	-29.365	-40.6	1.242936	-0.457256	0.549244	0.0585	0.4515	0.057	0	183	310	3
2026-02-12	15:29:47.810	59.185	-10.815	-27.475	1.391288	-0.489464	0.747372	0.0585	0.4515	0.057	0	179	332	3
2026-02-12	15:29:47.830	79.975	5.845	-5.565	1.285148	-0.400892	0.59414	0.063	0.447	0.0615	0	179	332	3
2026-02-12	15:29:47.850	88.095	15.54	13.44	1.198772	-0.270596	0.44896	0.0675	0.444	0.0675	0	179	332	3
2026-02-12	15:29:47.870	78.12	18.795	29.82	1.201456	-0.205692	0.404796	0.0675	0.4455	0.0675	0	179	332	3
2026-02-12	15:29:47.890	63.455	19.46	42.56	1.231224	-0.168848	0.410896	0.06	0.456	0.078	0	179	332	3
2026-02-12	15:29:47.910	44.17	19.04	53.27	1.2017	-0.142984	0.438468	0.0645	0.462	0.0705	0	179	332	3
2026-02-12	15:29:47.930	20.58	20.09	62.37	1.111176	-0.12566	0.427488	0.063	0.474	0.06	0	179	332	3
2026-02-12	15:29:47.950	-7.805	19.425	68.915	1.006988	-0.116876	0.383324	0.0585	0.4695	0.066	0	179	332	3
2026-02-12	15:29:47.970	-37.135	16.555	73.955	0.904752	-0.147132	0.325496	0.0555	0.483	0.072	0	179	332	3
2026-02-12	15:29:47.990	-56.14	10.71	78.575	0.83448	-0.190076	0.276452	0.0585	0.5025	0.06	0	179	332	3
2026-02-12	15:29:48.010	-55.02	3.255	82.74	0.817644	-0.241072	0.252052	0.0555	0.5145	0.0585	0	177	358	3
2026-02-12	15:29:48.030	-36.61	-2.66	83.615	0.863028	-0.269864	0.237656	0.051	0.525	0.0555	0	177	358	3
2026-02-12	15:29:48.050	-15.33	-3.815	81.13	0.923296	-0.281088	0.226676	0.051	0.5355	0.051	0	177	358	3
2026-02-12	15:29:48.070	5.74	-2.345	77.35	0.958432	-0.27328	0.201788	0.0555	0.537	0.0495	0	177	358	3
2026-02-12	15:29:48.090	23.59	0.245	72.45	0.941596	-0.255712	0.174216	0.0525	0.561	0.06	0	177	358	3
2026-02-12	15:29:48.110	41.265	2.03	64.995	0.935008	-0.25498	0.16226	0.054	0.57	0.063	0	177	358	3
2026-02-12	15:29:48.130	59.955	3.955	55.93	0.95404	-0.246684	0.176168	0.048	0.582	0.042	0	177	358	3
2026-02-12	15:29:48.150	72.065	7.665	47.985	0.94428	-0.2074	0.19764	0.054	0.588	0.06	0	177	358	3
2026-02-12	15:29:48.170	75.25	12.005	42.665	0.929396	-0.174216	0.191052	0.051	0.5985	0.0555	0	177	358	3
2026-02-12	15:29:48.190	72.94	14.875	37.975	0.940376	-0.14274	0.188368	0.0465	0.6135	0.051	0	177	358	3
2026-02-12	15:29:48.210	64.505	17.22	32.34	0.980636	-0.12322	0.183	0.057	0.615	0.045	0	177	360	3
2026-02-12	15:29:48.230	38.29	16.31	23.135	1.08092	-0.08052	0.155428	0.054	0.621	0.0435	0	177	360	3
2026-02-12	15:29:48.250	14.42	13.09	15.05	1.138992	-0.090036	0.158112	0.054	0.621	0.0405	0	177	360	3
2026-02-12	15:29:48.270	-5.18	8.505	5.18	1.20048	-0.12566	0.177388	0.0585	0.624	0.0405	0	177	360	3
2026-02-12	15:29:48.290	-19.425	4.445	-4.515	1.200724	-0.135908	0.192516	0.063	0.627	0.0435	0	177	360	3
2026-02-12	15:29:48.310	-29.12	-0.84	-12.32	1.141432	-0.150548	0.210328	0.051	0.627	0.027	0	177	360	3
2026-02-12	15:29:48.330	-29.33	-7.07	-18.06	1.016992	-0.154208	0.238388	0.0555	0.621	0.036	0	177	360	3
2026-02-12	15:29:48.350	-17.535	-13.37	-21.735	0.929152	-0.196908	0.28304	0.057	0.6195	0.0315	0	177	360	3
2026-02-12	15:29:48.370	11.235	-15.505	-21.14	0.885476	-0.256444	0.331596	0.0555	0.6225	0.0435	0	177	360	3
2026-02-12	15:29:48.390	44.94	-15.155	-17.045	0.84912	-0.215452	0.340868	0.057	0.6195	0.0345	0	177	360	3
2026-02-12	15:29:48.410	73.815	-15.015	-11.2	0.853024	-0.181536	0.319152	0.054	0.618	0.0435	0	179	337	3
2026-02-12	15:29:48.430	93.17	-14.56	-4.62	0.875472	-0.103212	0.29158	0.051	0.612	0.0375	0	179	337	3
2026-02-12	15:29:48.450	93.03	-11.55	1.82	0.905972	0.015372	0.260836	0.051	0.612	0.0375	0	179	337	3
2026-02-12	15:29:48.470	75.635	-7.245	1.4	0.959408	0.082228	0.278648	0.045	0.615	0.0345	0	179	337	3
2026-02-12	15:29:48.490	44.73	-0.945	-1.715	1.013332	0.106384	0.285724	0.042	0.6165	0.0345	0	179	337	3
2026-02-12	15:29:48.510	3.85	5.11	-4.865	1.014064	0.110776	0.284016	0.045	0.6165	0.0375	0	179	337	3
2026-02-12	15:29:48.530	-36.645	10.325	-8.47	0.989908	0.069052	0.305976	0.0495	0.615	0.0345	0	179	337	3
2026-02-12	15:29:48.550	-62.02	15.54	-11.9	0.991128	0.029036	0.360144	0.0585	0.6135	0.045	0	179	337	3
2026-02-12	15:29:48.570	-77.49	21.77	-14.875	0.997716	0.011956	0.388448	0.045	0.6075	0.036	0	179	337	3
2026-02-12	15:29:48.590	-92.4	26.075	-17.15	0.989664	-0.008784	0.344772	0.0465	0.615	0.03	0	179	337	3
2026-02-12	15:29:48.610	-102.375	26.74	-19.88	1.001376	-0.045384	0.30622	0.0405	0.612	0.0375	0	180	316	3
2026-02-12	15:29:48.630	-103.74	25.27	-23.38	0.99552	-0.087596	0.30866	0.0435	0.606	0.0225	0	180	316	3
2026-02-12	15:29:48.650	-95.83	22.855	-26.565	0.968436	-0.119804	0.324764	0.051	0.603	0.0285	0	180	316	3
2026-02-12	15:29:48.670	-82.25	21.245	-28.42	0.953796	-0.152012	0.334768	0.045	0.5985	0.0255	0	180	316	3
2026-02-12	15:29:48.690	-69.475	20.65	-28.49	0.932812	-0.14152	0.344284	0.0435	0.594	0.0255	0	180	316	3
2026-02-12	15:29:48.710	-60.725	19.6	-29.225	0.91866	-0.124928	0.33062	0.048	0.594	0.027	0	180	316	3
2026-02-12	15:29:48.730	-55.335	17.57	-31.605	0.92354	-0.127368	0.304512	0.0495	0.5865	0.0225	0	180	316	3
2026-02-12	15:29:48.750	-51.205	14.315	-34.755	0.93818	-0.138836	0.295484	0.0405	0.5865	0.021	0	180	316	3
2026-02-12	15:29:48.770	-49	11.13	-37.8	0.932568	-0.146888	0.31232	0.042	0.579	0.018	0	180	316	3
2026-02-12	15:29:48.790	-50.015	7.98	-40.88	0.911096	-0.146156	0.325008	0.036	0.5745	0.0165	0	180	316	3
2026-02-12	15:29:48.810	-52.15	4.515	-44.415	0.889136	-0.1586	0.32818	0.048	0.5655	0.018	0	179	310	3
2026-02-12	15:29:48.830	-52.5	0.525	-48.09	0.873764	-0.173972	0.332328	0.0525	0.555	0.018	0	179	310	3
2026-02-12	15:29:48.850	-51.345	-3.5	-52.255	0.86132	-0.19154	0.34404	0.039	0.558	0.012	0	179	310	3
2026-02-12	15:29:48.870	-46.2	-7.735	-58.03	0.831308	-0.216672	0.356972	0.0465	0.549	0.0195	0	179	310	3
2026-02-12	15:29:48.890	-43.19	-9.695	-60.865	0.8113	-0.227652	0.360144	0.0495	0.5385	0.018	0	179	310	3
2026-02-12	15:29:48.910	-42.175	-11.865	-63.42	0.80764	-0.22936	0.349652	0.048	0.5265	0.018	0	179	310	3
2026-02-12	15:29:48.930	-42	-14.98	-66.29	0.820084	-0.241072	0.339892	0.0435	0.5265	0.0195	0	179	310	3
2026-02-12	15:29:48.950	-41.545	-18.34	-68.6	0.804468	-0.266448	0.34404	0.0525	0.5115	0.0195	0	179	310	3
2026-02-12	15:29:48.970	-39.83	-21.175	-68.81	0.75884	-0.295728	0.373076	0.0435	0.51	0.0225	0	179	310	3
2026-02-12	15:29:48.990	-32.2	-23.31	-66.22	0.7076	-0.33184	0.39528	0.0495	0.498	0.0195	0	179	310	3
2026-02-12	15:29:49.010	-18.865	-27.265	-62.3	0.679784	-0.351116	0.412116	0.0495	0.486	0.0225	0	176	315	3
2026-02-12	15:29:49.030	-2.66	-30.205	-56	0.659044	-0.364048	0.416752	0.0465	0.4755	0.018	0	176	315	3
2026-02-12	15:29:49.050	15.015	-33.6	-46.62	0.64416	-0.354776	0.42944	0.0555	0.4605	0.0285	0	176	315	3
2026-02-12	15:29:49.070	39.34	-40.32	-34.51	0.830088	-0.363072	0.411872	0.054	0.468	0.027	0	176	315	3
2026-02-12	15:29:49.090	85.295	-43.12	-30.94	1.287588	-0.500688	0.641476	0.054	0.468	0.027	0	176	315	3
2026-02-12	15:29:49.110	126	-31.15	-24.325	1.536956	-0.473848	0.751032	0.057	0.4575	0.042	0	176	315	3
2026-02-12	15:29:49.130	136.36	-10.325	-10.22	1.500112	-0.362096	0.644892	0.06	0.4485	0.0585	0	176	315	3
2026-02-12	15:29:49.150	112.35	9.205	1.19	1.237812	-0.279136	0.420412	0.0645	0.4485	0.0735	0	176	315	3
2026-02-12	15:29:49.170	83.125	16.625	7.595	1.19194	-0.247172	0.335256	0.06	0.45	0.066	0	176	315	3
2026-02-12	15:29:49.190	60.585	24.15	15.505	1.180472	-0.233508	0.360388	0.063	0.45	0.069	0	176	315	3
2026-02-12	15:29:49.210	37.87	30.065	27.195	1.117276	-0.18788	0.394304	0.057	0.4635	0.0735	0	176	335	3
2026-02-12	15:29:49.230	6.44	33.005	39.97	1.035536	-0.164456	0.385276	0.06	0.4695	0.075	0	176	335	3
2026-02-12	15:29:49.250	-23.065	34.02	53.34	0.9272	-0.149328	0.335012	0.0585	0.4725	0.0645	0	176	335	3
2026-02-12	15:29:49.270	-47.285	31.5	66.01	0.844728	-0.162504	0.298412	0.0555	0.477	0.051	0	176	335	3
2026-02-12	15:29:49.290	-66.395	24.395	80.535	0.806908	-0.202276	0.258396	0.048	0.48	0.054	0	176	335	3
2026-02-12	15:29:49.310	-71.54	15.89	93.205	0.831796	-0.229604	0.230824	0.045	0.4935	0.051	0	176	335	3
2026-02-12	15:29:49.330	-64.505	11.41	99.47	0.888648	-0.25254	0.212524	0.0465	0.51	0.0375	0	176	335	3
2026-02-12	15:29:49.350	-51.905	8.925	101.36	0.931104	-0.271572	0.188368	0.0495	0.513	0.0285	0	176	335	3
2026-02-12	15:29:49.370	-36.225	7.49	99.89	0.942328	-0.284748	0.171776	0.0435	0.534	0.045	0	176	335	3
2026-02-12	15:29:49.390	-17.36	7.98	95.515	0.926956	-0.307684	0.160796	0.039	0.543	0.0315	0	176	335	3
2026-02-12	15:29:49.410	10.08	8.26	86.94	0.968924	-0.33184	0.167872	0.0465	0.5625	0.0465	0	178	349	3
2026-02-12	15:29:49.430	42.35	9.835	75.145	1.024068	-0.334768	0.182512	0.0375	0.57	0.039	0	178	349	3
2026-02-12	15:29:49.450	69.79	12.81	62.23	1.03822	-0.290848	0.199836	0.0405	0.5925	0.039	0	178	349	3
2026-02-12	15:29:49.470	84.665	16.17	48.965	1.06384	-0.25742	0.190076	0.048	0.6	0.0345	0	178	349	3
2026-02-12	15:29:49.490	91.63	18.34	35.56	1.108004	-0.219112	0.191296	0.0435	0.606	0.03	0	178	349	3
2026-02-12	15:29:49.510	78.295	22.47	22.855	1.03578	-0.126392	0.183976	0.045	0.606	0.027	0	178	349	3
2026-02-12	15:29:49.530	51.975	20.23	17.57	1.018456	-0.091988	0.183	0.0435	0.609	0.021	0	178	349	3
2026-02-12	15:29:49.550	23.1	16.59	11.795	1.011136	-0.09272	0.205448	0.042	0.6135	0.0165	0	178	349	3
2026-02-12	15:29:49.570	-1.33	10.01	5.915	1.037976	-0.12932	0.238388	0.045	0.618	0.0225	0	178	349	3
2026-02-12	15:29:49.590	-16.59	2.275	1.33	1.0797	-0.178608	0.275476	0.045	0.6195	0.015	0	178	349	3
2026-02-12	15:29:49.610	-18.2	-4.025	-1.225	1.0797	-0.23058	0.310124	0.048	0.6225	0.0195	0	182	338	3
2026-02-12	15:29:49.630	-6.895	-8.4	-1.96	1.031876	-0.251076	0.340136	0.039	0.6225	0.0135	0	182	338	3
2026-02-12	15:29:49.650	11.445	-11.41	-1.4	1.01138	-0.242292	0.37698	0.0495	0.621	0.015	0	182	338	3
2026-02-12	15:29:49.670	32.865	-10.01	1.54	0.957212	-0.236192	0.397964	0.045	0.621	0.012	0	182	338	3
2026-02-12	15:29:49.690	55.16	-6.405	6.44	0.892064	-0.199592	0.41236	0.0465	0.6105	0.015	0	182	338	3
2026-02-12	15:29:49.710	69.37	-2.555	11.095	0.844484	-0.150304	0.405528	0.048	0.6165	0.018	0	182	338	3
2026-02-12	15:29:49.730	60.41	1.225	13.055	0.821792	-0.056364	0.361364	0.048	0.6165	0.018	0	182	338	3
2026-02-12	15:29:49.750	35.595	2.975	10.465	0.811788	-0.025864	0.324032	0.045	0.618	0.015	0	182	338	3
2026-02-12	15:29:49.770	6.65	3.57	4.76	0.838872	-0.01952	0.296704	0.042	0.621	0.012	0	182	338	3
2026-02-12	15:29:49.790	-17.815	4.935	-3.115	0.886208	-0.04026	0.287188	0.045	0.627	0.0165	0	182	338	3
2026-02-12	15:29:49.810	-33.425	6.335	-11.55	0.945744	-0.077836	0.305976	0.051	0.627	0.009	0	183	324	3
2026-02-12	15:29:49.830	-41.86	9.275	-18.515	0.994056	-0.11956	0.335988	0.0465	0.6225	0.009	0	183	324	3
2026-02-12	15:29:49.850	-44.87	12.32	-22.96	1.02114	-0.145668	0.357948	0.036	0.621	0.018	0	183	324	3
2026-02-12	15:29:49.870	-45.535	14.385	-25.795	1.015528	-0.148596	0.368196	0.042	0.6195	0.012	0	183	324	3
2026-02-12	15:29:49.890	-46.41	15.225	-27.79	0.99674	-0.144692	0.372832	0.0435	0.6135	0.006	0	183	324	3
2026-02-12	15:29:49.910	-46.9	14.665	-29.05	0.972096	-0.145668	0.385276	0.0525	0.615	0.0135	0	183	324	3
2026-02-12	15:29:49.930	-46.375	12.53	-29.54	0.935008	-0.134688	0.3782	0.0435	0.6105	0.0045	0	183	324	3
2026-02-12	15:29:49.950	-45.535	9.485	-30.87	0.913048	-0.122976	0.356728	0.042	0.6015	0.0045	0	183	324	3
2026-02-12	15:29:49.970	-46.725	7.105	-33.18	0.88938	-0.121512	0.32818	0.042	0.594	0.0045	0	183	324	3
2026-02-12	15:29:49.990	-49.105	4.935	-36.155	0.87962	-0.139812	0.304756	0.051	0.594	0.0045	0	183	324	3
2026-02-12	15:29:50.010	-50.715	2.45	-40.18	0.884988	-0.142984	0.29646	0.039	0.5955	-0.003	0	183	321	3
2026-02-12	15:29:50.030	-51.38	0.315	-45.43	0.886696	-0.157624	0.29646	0.045	0.597	0.003	0	183	321	3
2026-02-12	15:29:50.050	-49.56	-1.295	-51.205	0.886696	-0.16714	0.304512	0.027	0.5835	0.009	0	183	321	3
2026-02-12	15:29:50.070	-46.095	-3.185	-56.665	0.881328	-0.181292	0.304756	0.0345	0.579	0.003	0	183	321	3
2026-02-12	15:29:50.090	-42.07	-5.425	-61.705	0.879132	-0.183	0.31232	0.0435	0.567	0.0045	0	183	321	3
2026-02-12	15:29:50.110	-37.835	-8.19	-66.605	0.881084	-0.183976	0.313052	0.0375	0.5565	0.006	0	183	321	3
2026-02-12	15:29:50.130	-33.88	-10.99	-70.98	0.884744	-0.191052	0.321348	0.033	0.549	0.018	0	183	321	3
2026-02-12	15:29:50.150	-28.91	-14.735	-74.795	0.882548	-0.227652	0.345016	0.042	0.5385	0.0135	0	183	321	3
2026-02-12	15:29:50.170	-26.74	-17.255	-76.37	0.8906	-0.230336	0.357216	0.039	0.5265	0.015	0	183	321	3
2026-02-12	15:29:50.190	-25.97	-19.53	-77.56	0.904264	-0.23302	0.358192	0.036	0.516	0.0165	0	183	321	3
2026-02-12	15:29:50.210	-26.95	-21.105	-78.155	0.89426	-0.23912	0.366488	0.048	0.507	0.0135	0	178	324	3
2026-02-12	15:29:50.230	-29.33	-22.015	-77.665	0.878644	-0.258884	0.36478	0.042	0.4905	0.009	0	178	324	3
2026-02-12	15:29:50.250	-31.535	-22.61	-74.41	0.842044	-0.286212	0.36722	0.0375	0.489	0.0195	0	178	324	3
2026-02-12	15:29:50.270	-34.72	-23.38	-68.915	0.771528	-0.296216	0.366976	0.0555	0.4695	0.015	0	178	324	3
2026-02-12	15:29:50.290	-35.105	-25.445	-61.845	0.721264	-0.320128	0.369172	0.048	0.471	0.027	0	178	324	3
2026-02-12	15:29:50.310	-29.645	-28.455	-53.9	0.68808	-0.334036	0.375516	0.048	0.4575	0.0195	0	178	324	3
2026-02-12	15:29:50.330	-19.88	-31.15	-43.925	0.655384	-0.350384	0.379176	0.0525	0.45	0.027	0	178	324	3
2026-02-12	15:29:50.350	-7.665	-34.615	-31.535	0.640988	-0.353312	0.357216	0.0525	0.441	0.0345	0	178	324	3
2026-02-12	15:29:50.370	28.21	-45.29	-16.835	0.918904	-0.40626	0.398696	0.0525	0.441	0.0345	0	178	324	3
2026-02-12	15:29:50.390	70.98	-47.46	-12.88	1.199748	-0.447008	0.524112	0.0525	0.441	0.0345	0	178	324	3
2026-02-12	15:29:50.410	112.175	-42.42	-6.51	1.387628	-0.42334	0.598776	0.0645	0.4395	0.0465	0	173	333	2
2026-02-12	15:29:50.430	134.26	-28.735	1.155	1.377624	-0.388692	0.575352	0.0555	0.4335	0.0615	0	173	333	2
2026-02-12	15:29:50.450	143.185	-13.93	5.005	1.333704	-0.362584	0.462624	0.0585	0.426	0.072	0	173	333	2
2026-02-12	15:29:50.470	149.275	-3.955	3.185	1.391776	-0.30744	0.417728	0.0585	0.438	0.072	0	173	333	2
2026-02-12	15:29:50.490	142.205	8.47	2.205	1.394216	-0.258396	0.412604	0.066	0.435	0.084	0	173	333	2
2026-02-12	15:29:50.510	122.01	20.58	7.7	1.281	-0.216916	0.415044	0.063	0.4485	0.09	0	173	333	2
2026-02-12	15:29:50.530	90.125	28.91	18.13	1.119472	-0.174948	0.396012	0.0615	0.441	0.096	0	173	333	2
2026-02-12	15:29:50.550	53.375	33.18	32.655	0.948428	-0.122976	0.372832	0.057	0.4515	0.09	0	173	333	2
2026-02-12	15:29:50.570	10.78	33.145	53.9	0.813984	-0.118584	0.342088	0.06	0.456	0.09	0	173	333	2
2026-02-12	15:29:50.590	-13.895	28.875	74.9	0.778604	-0.129808	0.293532	0.057	0.465	0.084	0	173	333	2
2026-02-12	15:29:50.610	-26.075	23.03	89.67	0.801296	-0.148108	0.246196	0.054	0.474	0.078	0	171	350	3
2026-02-12	15:29:50.630	-33.67	18.41	101.22	0.857416	-0.183488	0.201544	0.051	0.4845	0.072	0	171	350	3
2026-02-12	15:29:50.650	-32.2	17.745	108.43	0.943304	-0.210328	0.170556	0.0495	0.4995	0.0765	0	171	350	3
2026-02-12	15:29:50.670	-25.48	19.67	110.95	1.006744	-0.203252	0.152256	0.0495	0.51	0.0705	0	171	350	3
2026-02-12	15:29:50.690	-18.76	24.535	109.48	1.022116	-0.21472	0.1525	0.0435	0.5325	0.066	0	171	350	3
2026-02-12	15:29:50.710	-6.93	28.595	103.04	1.063596	-0.237168	0.168604	0.0435	0.5475	0.057	0	171	350	3
2026-02-12	15:29:50.730	9.135	34.3	92.75	1.138992	-0.25254	0.197396	0.042	0.561	0.066	0	171	350	3
2026-02-12	15:29:50.750	19.25	43.925	83.65	1.15046	-0.211792	0.190076	0.045	0.57	0.048	0	171	350	3
2026-02-12	15:29:50.770	12.355	50.4	75.39	1.141676	-0.125416	0.13542	0.0405	0.579	0.051	0	171	350	3
2026-02-12	15:29:50.790	-20.965	51.8	60.445	1.080676	-0.10004	0.06954	0.039	0.5925	0.036	0	171	350	3
2026-02-12	15:29:50.810	-37.45	46.375	49.525	1.101416	-0.102724	0.079544	0.039	0.5925	0.036	0	174	346	3
2026-02-12	15:29:50.830	-51.59	40.6	38.08	1.11752	-0.113704	0.111264	0.0495	0.612	0.03	0	174	346	3
2026-02-12	15:29:50.850	-63.175	34.37	26.775	1.126548	-0.139812	0.13176	0.0435	0.6135	0.027	0	174	346	3
2026-02-12	15:29:50.870	-69.405	25.69	14.35	1.132648	-0.172996	0.136152	0.0555	0.6165	0.015	0	174	346	3
2026-02-12	15:29:50.890	-65.31	15.505	1.47	1.120692	-0.232776	0.166164	0.0435	0.6165	0.0195	0	174	346	3
2026-02-12	15:29:50.910	-46.2	7.175	-6.79	1.02358	-0.279136	0.22082	0.054	0.624	0.0135	0	174	346	3
2026-02-12	15:29:50.930	-17.22	0.455	-7.945	0.901336	-0.260836	0.266448	0.0495	0.627	0.0195	0	174	346	3
2026-02-12	15:29:50.950	13.125	-6.44	-5.11	0.8174	-0.203008	0.26962	0.048	0.6255	0.015	0	174	346	3
2026-02-12	15:29:50.970	41.3	-14	-1.68	0.779824	-0.13176	0.303048	0.0495	0.618	0.0135	0	174	346	3
2026-02-12	15:29:50.990	66.57	-17.325	0	0.821548	-0.093208	0.369904	0.0555	0.618	0.024	0	174	346	3
2026-02-12	15:29:51.010	85.82	-11.095	-0.805	0.892064	-0.021716	0.360388	0.0555	0.618	0.024	0	178	319	3
2026-02-12	15:29:51.030	72.205	-6.72	-5.495	0.946964	0.02318	0.288652	0.0435	0.615	0.0195	0	178	319	3
2026-02-12	15:29:51.050	41.755	-3.395	-14.245	0.991128	0.033428	0.226188	0.0435	0.6225	0.027	0	178	319	3
2026-02-12	15:29:51.070	8.82	-0.665	-24.465	1.003084	0.040992	0.206912	0.042	0.6195	0.0285	0	178	319	3
2026-02-12	15:29:51.090	-17.5	1.015	-32.9	0.975268	0.015372	0.217892	0.045	0.615	0.0225	0	178	319	3
2026-02-12	15:29:51.110	-30.905	1.33	-37.94	0.938424	-0.024888	0.266692	0.0555	0.612	0.03	0	178	319	3
2026-02-12	15:29:51.130	-36.26	-0.28	-39.97	0.92842	-0.09028	0.323056	0.045	0.6	0.021	0	178	319	3
2026-02-12	15:29:51.150	-31.99	-1.925	-39.795	0.914756	-0.12322	0.366	0.048	0.6	0.021	0	178	319	3
2026-02-12	15:29:51.170	-22.365	-2.94	-39.515	0.900604	-0.10004	0.376248	0.0525	0.588	0.0255	0	178	319	3
2026-02-12	15:29:51.190	-16.31	-3.43	-40.18	0.892308	-0.102236	0.358924	0.0435	0.585	0.021	0	178	319	3
2026-02-12	15:29:51.210	-14.14	-3.675	-41.685	0.88572	-0.0976	0.323056	0.0465	0.5775	0.0225	0	182	298	3
2026-02-12	15:29:51.230	-17.325	-3.71	-45.01	0.914268	-0.102724	0.300608	0.0465	0.5775	0.0225	0	182	298	3
2026-02-12	15:29:51.250	-23.17	-2.8	-48.615	0.939644	-0.1159	0.310124	0.033	0.57	0.018	0	182	298	3
2026-02-12	15:29:51.270	-28.175	-1.12	-51.485	0.941352	-0.134688	0.32574	0.048	0.555	0.0195	0	182	298	3
2026-02-12	15:29:51.290	-30.24	-0.455	-53.655	0.941596	-0.149816	0.338428	0.0405	0.5475	0.021	0	182	298	3
2026-02-12	15:29:51.310	-29.995	-0.595	-55.125	0.938668	-0.163724	0.345748	0.0465	0.5475	0.024	0	182	298	3
2026-02-12	15:29:51.330	-28.49	-1.855	-56.595	0.95404	-0.17568	0.352092	0.039	0.546	0.0195	0	182	298	3
2026-02-12	15:29:51.350	-27.3	-3.36	-58.415	0.962336	-0.188612	0.367952	0.0405	0.531	0.0195	0	182	298	3
2026-02-12	15:29:51.370	-27.51	-4.375	-58.905	0.964532	-0.215696	0.370148	0.0435	0.522	0.024	0	182	298	3
2026-02-12	15:29:51.390	-29.435	-7.14	-58.555	0.959896	-0.209596	0.380884	0.048	0.5115	0.0225	0	182	298	3
2026-02-12	15:29:51.410	-34.23	-10.395	-60.025	0.953308	-0.20984	0.390888	0.051	0.4965	0.027	0	183	295	3
2026-02-12	15:29:51.430	-45.01	-16.975	-67.165	0.978684	-0.268644	0.33794	0.048	0.504	0.027	0	183	295	3
2026-02-12	15:29:51.450	-54.53	-26.215	-72.73	1.06628	-0.26352	0.287676	0.048	0.504	0.027	0	183	295	3
2026-02-12	15:29:51.470	-73.08	-29.47	-76.615	1.020652	-0.287432	0.303292	0.0525	0.4785	0.024	0	183	295	3
2026-02-12	15:29:51.490	-82.285	-26.95	-75.285	0.922808	-0.308172	0.3416	0.0525	0.4695	0.0285	0	183	295	3
2026-02-12	15:29:51.510	-81.83	-24.08	-70.14	0.795684	-0.316224	0.338916	0.0495	0.4575	0.0285	0	183	295	3
2026-02-12	15:29:51.530	-77	-24.43	-63.455	0.656604	-0.346236	0.331108	0.0585	0.4485	0.027	0	183	295	3
2026-02-12	15:29:51.550	-62.895	-30.555	-56.455	0.54778	-0.404796	0.369416	0.0675	0.429	0.036	0	183	295	3
2026-02-12	15:29:51.570	-39.48	-37.1	-47.95	0.500444	-0.488	0.444568	0.066	0.423	0.018	0	183	295	3
2026-02-12	15:29:51.590	-6.86	-37.31	-35.35	0.488244	-0.54046	0.523868	0.057	0.4215	0.0405	0	183	295	3
2026-02-12	15:29:51.610	27.44	-33.11	-17.29	0.46726	-0.492636	0.526552	0.069	0.4185	0.045	0	183	307	3
2026-02-12	15:29:51.630	51.31	-30.31	2.03	0.533872	-0.416996	0.451644	0.069	0.417	0.054	0	183	307	3
2026-02-12	15:29:51.650	87.29	-32.165	14.665	1.152412	-0.489952	0.457012	0.069	0.417	0.054	0	183	307	3
2026-02-12	15:29:51.670	131.25	-29.575	10.255	1.732156	-0.467748	0.59048	0.072	0.417	0.0585	0	183	307	3
2026-02-12	15:29:51.690	131.46	-8.61	18.06	1.88002	-0.340136	0.669048	0.072	0.4155	0.0645	0	183	307	3
2026-02-12	15:29:51.710	86.625	20.895	32.97	1.50182	-0.321592	0.449936	0.0705	0.4185	0.072	0	183	307	3
2026-02-12	15:29:51.730	60.935	27.09	34.65	1.45302	-0.231556	0.323788	0.072	0.4305	0.0795	0	183	307	3
2026-02-12	15:29:51.750	28.28	34.545	40.005	1.356396	-0.229116	0.305976	0.0705	0.435	0.081	0	183	307	3
2026-02-12	15:29:51.770	-1.085	39.585	52.535	1.201456	-0.242536	0.311588	0.063	0.4455	0.069	0	183	307	3
2026-02-12	15:29:51.790	-15.75	39.655	69.37	1.027728	-0.235704	0.30256	0.063	0.4425	0.0675	0	183	307	3
2026-02-12	15:29:51.810	-18.06	37.1	85.96	0.925004	-0.178608	0.282064	0.0555	0.4545	0.0585	0	188	330	3
2026-02-12	15:29:51.830	-22.05	35.35	100.66	0.854	-0.156892	0.241072	0.0585	0.4635	0.0555	0	188	330	3
2026-02-12	15:29:51.850	-28.14	31.815	116.095	0.856928	-0.178364	0.178852	0.0525	0.4785	0.0495	0	188	330	3
2026-02-12	15:29:51.870	-27.23	26.495	126.07	0.956236	-0.179096	0.139568	0.0525	0.4935	0.0495	0	188	330	3
2026-02-12	15:29:51.890	-26.985	24.78	130.13	0.92964	-0.163968	0.112972	0.054	0.5085	0.051	0	188	330	3
2026-02-12	15:29:51.910	-27.405	22.505	130.095	0.877424	-0.179584	0.097844	0.0555	0.531	0.045	0	188	330	3
2026-02-12	15:29:51.930	-22.435	18.725	123.97	0.913292	-0.216916	0.113704	0.0465	0.5505	0.036	0	188	330	3
2026-02-12	15:29:51.950	-11.34	17.325	112.91	1.006988	-0.251564	0.152012	0.0465	0.57	0.0405	0	188	330	3
2026-02-12	15:29:51.970	3.815	20.615	100.03	1.047492	-0.249124	0.175192	0.0435	0.579	0.036	0	188	330	3
2026-02-12	15:29:51.990	16.835	25.9	85.995	1.024312	-0.222528	0.157624	0.0465	0.597	0.042	0	188	330	3
2026-02-12	15:29:52.010	22.96	27.65	70.35	1.051884	-0.199104	0.12688	0.0555	0.6015	0.0315	0	198	333	3
2026-02-12	15:29:52.030	23.17	26.32	53.97	1.128744	-0.169824	0.099064	0.048	0.6195	0.027	0	198	333	3
2026-02-12	15:29:52.050	15.995	24.745	38.78	1.099708	-0.127368	0.096868	0.051	0.6255	0.024	0	198	333	3
2026-02-12	15:29:52.070	-1.365	17.745	18.62	1.02358	-0.13542	0.154208	0.0615	0.6345	0.018	0	198	333	3
2026-02-12	15:29:52.090	-5.425	11.13	5.53	1.00772	-0.148596	0.186416	0.0615	0.636	0.0135	0	198	333	3
2026-02-12	15:29:52.110	-5.11	1.855	-7.035	0.991372	-0.165432	0.2013	0.063	0.6375	0.0105	0	198	333	3
2026-02-12	15:29:52.130	0.315	-9.31	-19.565	0.969168	-0.209352	0.218868	0.0555	0.6375	0.018	0	198	333	3
2026-02-12	15:29:52.150	16.52	-20.86	-33.285	0.9882	-0.256932	0.268888	0.057	0.6285	0.018	0	198	333	3
2026-02-12	15:29:52.170	42.35	-27.685	-45.29	1.00894	-0.299632	0.349652	0.063	0.6345	0.0195	0	198	333	3
2026-02-12	15:29:52.190	77.49	-25.935	-49.595	0.984296	-0.316956	0.4209	0.054	0.6285	0.0255	0	198	333	3
2026-02-12	15:29:52.210	114.94	-18.375	-45.115	0.908656	-0.2623	0.429196	0.054	0.6225	0.027	0	206	311	3
2026-02-12	15:29:52.230	136.605	-10.15	-35.91	0.83814	-0.144692	0.377956	0.0525	0.6	0.0315	0	206	311	3
2026-02-12	15:29:52.250	130.76	-3.57	-29.155	0.840092	-0.034404	0.329888	0.048	0.6105	0.0285	0	206	311	3
2026-02-12	15:29:52.270	98.105	1.225	-28.175	0.882548	0.034892	0.300364	0.051	0.6	0.033	0	206	311	3
2026-02-12	15:29:52.290	23.205	2.975	-34.125	0.962824	0.083448	0.273524	0.051	0.6	0.033	0	206	311	3
2026-02-12	15:29:52.310	-27.125	4.025	-40.39	1.026752	0.05246	0.289384	0.0495	0.5955	0.027	0	206	311	3
2026-02-12	15:29:52.330	-66.57	6.965	-44.835	1.047248	0.009272	0.294264	0.048	0.591	0.0225	0	206	311	3
2026-02-12	15:29:52.350	-96.635	8.435	-47.985	1.038952	-0.03782	0.302316	0.039	0.585	0.021	0	206	311	3
2026-02-12	15:29:52.370	-119.035	8.855	-50.26	1.00772	-0.11102	0.299876	0.051	0.576	0.021	0	206	311	3
2026-02-12	15:29:52.390	-126.525	8.54	-50.225	0.975756	-0.179584	0.314516	0.0435	0.564	0.0255	0	206	311	3
2026-02-12	15:29:52.410	-118.72	8.225	-48.72	0.931348	-0.215696	0.340136	0.054	0.561	0.018	0	211	297	2
2026-02-12	15:29:52.430	-99.4	7.21	-46.41	0.898408	-0.225944	0.341112	0.048	0.5475	0.0165	0	211	297	2
2026-02-12	15:29:52.450	-76.02	5.46	-45.92	0.89304	-0.218624	0.319396	0.0525	0.552	0.015	0	211	297	2
2026-02-12	15:29:52.470	-55.16	3.535	-46.97	0.893284	-0.215208	0.292556	0.0405	0.5415	0.015	0	211	297	2
2026-02-12	15:29:52.490	-37.765	1.575	-48.86	0.878644	-0.186904	0.282308	0.051	0.534	0.0165	0	211	297	2
2026-02-12	15:29:52.510	-29.505	0.455	-51.485	0.866688	-0.161284	0.274744	0.0495	0.531	0.0135	0	211	297	2
2026-02-12	15:29:52.530	-30.03	-1.12	-53.55	0.849608	-0.147376	0.265716	0.048	0.5295	0.012	0	211	297	2
2026-02-12	15:29:52.550	-36.085	-4.27	-56.945	0.875716	-0.16592	0.280356	0.0495	0.519	0.015	0	211	297	2
2026-02-12	15:29:52.570	-40.74	-7.14	-61.46	0.939644	-0.223016	0.323056	0.048	0.5055	0.009	0	211	297	2
2026-02-12	15:29:52.590	-38.465	-8.855	-64.96	1.002596	-0.26108	0.38186	0.057	0.501	0.0135	0	211	297	2
2026-02-12	15:29:52.610	-33.11	-8.61	-65.835	0.994544	-0.254492	0.400892	0.0495	0.486	0.012	0	212	295	3
2026-02-12	15:29:52.630	-27.37	-9.03	-64.995	0.963068	-0.25498	0.3904	0.0525	0.486	0.015	0	212	295	3
2026-02-12	15:29:52.650	-23.94	-10.43	-63.245	0.936472	-0.246684	0.37698	0.0555	0.4815	0.012	0	212	295	3
2026-02-12	15:29:52.670	-25.27	-12.425	-61.145	0.8967	-0.235704	0.38552	0.066	0.4695	0.0075	0	212	295	3
2026-02-12	15:29:52.690	-32.445	-15.26	-59.465	0.873764	-0.226676	0.396256	0.063	0.453	0.0165	0	212	295	3
2026-02-12	15:29:52.710	-45.64	-18.025	-56.945	0.804712	-0.24644	0.399428	0.069	0.447	0.0135	0	212	295	3
2026-02-12	15:29:52.730	-49.14	-19.495	-55.895	0.753228	-0.274256	0.404308	0.069	0.441	0.0105	0	212	295	3
2026-02-12	15:29:52.750	-50.82	-20.055	-53.935	0.700036	-0.316956	0.411384	0.069	0.435	0.0075	0	212	295	3
2026-02-12	15:29:52.770	-50.54	-20.58	-49.77	0.659776	-0.364048	0.404308	0.069	0.4245	0.018	0	212	295	3
2026-02-12	15:29:52.790	-45.29	-21.595	-43.05	0.634156	-0.39772	0.391864	0.0705	0.4185	0.0195	0	212	295	3
2026-02-12	15:29:52.810	-34.23	-23.87	-33.985	0.654408	-0.42944	0.3721	0.075	0.414	0.0135	0	209	307	3
2026-02-12	15:29:52.830	-12.04	-32.2	-25.34	0.854976	-0.455304	0.3538	0.0735	0.414	0.0165	0	209	307	3
2026-02-12	15:29:52.850	27.37	-39.655	-24.465	1.208532	-0.570716	0.52582	0.075	0.405	0.024	0	209	307	3
2026-02-12	15:29:52.870	77.105	-30.87	-18.9	1.400804	-0.614148	0.709552	0.0765	0.408	0.0285	0	209	307	3
2026-02-12	15:29:52.890	106.75	-13.37	-1.47	1.309792	-0.495808	0.638304	0.0765	0.4035	0.042	0	209	307	3
2026-02-12	15:29:52.910	111.125	1.785	15.295	1.188036	-0.388204	0.45872	0.0885	0.4065	0.036	0	209	307	3
2026-02-12	15:29:52.930	96.04	14.035	31.57	1.14802	-0.271328	0.359168	0.0885	0.4065	0.036	0	209	307	3
2026-02-12	15:29:52.950	76.895	18.13	40.39	1.181448	-0.244976	0.379176	0.087	0.405	0.045	0	209	307	3
2026-02-12	15:29:52.970	54.425	21.84	47.845	1.15778	-0.244	0.400648	0.087	0.405	0.0555	0	209	307	3
2026-02-12	15:29:52.990	35.735	25.41	56.28	1.09434	-0.23546	0.377956	0.072	0.4275	0.057	0	209	307	3
2026-02-12	15:29:53.010	18.34	27.44	64.26	1.0248	-0.216672	0.323544	0.0735	0.435	0.0585	0	206	331	3
2026-02-12	15:29:53.030	-0.175	28.385	72.59	0.939644	-0.223748	0.263276	0.0705	0.429	0.051	0	206	331	3
2026-02-12	15:29:53.050	-11.095	26.285	80.535	0.891332	-0.245952	0.215696	0.0585	0.444	0.0525	0	206	331	3
2026-02-12	15:29:53.070	-8.05	23.135	87.08	0.955992	-0.26108	0.203008	0.066	0.465	0.0435	0	206	331	3
2026-02-12	15:29:53.090	1.26	21.91	91.84	1.023336	-0.2257	0.190076	0.0615	0.4665	0.0435	0	206	331	3
2026-02-12	15:29:53.110	4.025	23.205	95.83	0.994788	-0.202276	0.158112	0.057	0.48	0.0435	0	206	331	3
2026-02-12	15:29:53.130	6.685	22.19	97.265	0.966728	-0.203008	0.117608	0.0525	0.498	0.036	0	206	331	3
2026-02-12	15:29:53.150	14.875	19.775	93.66	1.051152	-0.214964	0.121512	0.057	0.5115	0.0345	0	206	331	3
2026-02-12	15:29:53.170	19.215	22.33	87.01	1.090192	-0.198372	0.12932	0.057	0.537	0.0285	0	206	331	3
2026-02-12	15:29:53.190	16.66	27.545	80.605	1.016016	-0.191052	0.111752	0.0525	0.549	0.0255	0	206	331	3
2026-02-12	15:29:53.210	14.7	29.26	73.745	0.984052	-0.192272	0.091012	0.0525	0.5565	0.03	0	205	338	3
2026-02-12	15:29:53.230	15.225	28.455	65.17	1.017236	-0.188124	0.086132	0.054	0.561	0.027	0	205	338	3
2026-02-12	15:29:53.250	15.89	28.385	55.545	1.042856	-0.178364	0.111996	0.0495	0.576	0.009	0	205	338	3
2026-02-12	15:29:53.270	14.035	29.505	46.305	1.024068	-0.1708	0.121756	0.0495	0.579	0.012	0	205	338	3
2026-02-12	15:29:53.290	9.38	28.805	38.395	1.022848	-0.153476	0.1098	0.0525	0.5835	0.0165	0	205	338	3
2026-02-12	15:29:53.310	4.27	26.18	28.84	1.05408	-0.15738	0.108092	0.054	0.5925	0.0075	0	205	338	3
2026-02-12	15:29:53.330	3.15	23.38	17.29	1.108248	-0.199104	0.147864	0.054	0.603	0.0105	0	205	338	3
2026-02-12	15:29:53.350	15.89	23.555	2.59	1.165588	-0.234728	0.251564	0.048	0.609	0	0	205	338	3
2026-02-12	15:29:53.370	30.8	28.21	-4.2	1.147532	-0.236436	0.29158	0.0525	0.606	-0.0045	0	205	338	3
2026-02-12	15:29:53.390	47.565	32.2	-10.395	1.120448	-0.19764	0.304268	0.0525	0.603	-0.012	0	205	338	3
2026-02-12	15:29:53.410	60.9	34.79	-15.225	1.087996	-0.176168	0.315248	0.0495	0.603	-0.015	0	205	316	3
2026-02-12	15:29:53.430	65.52	35.77	-17.325	1.042368	-0.142984	0.354532	0.051	0.5955	-0.0225	0	205	316	3
2026-02-12	15:29:53.450	61.04	39.375	-17.325	0.965508	-0.101748	0.424072	0.057	0.591	-0.0255	0	205	316	3
2026-02-12	15:29:53.470	51.975	41.475	-16.59	0.869372	-0.03172	0.467504	0.0495	0.594	-0.027	0	205	316	3
2026-02-12	15:29:53.490	34.405	36.75	-15.505	0.801052	0.08052	0.480192	0.0525	0.582	-0.0405	0	205	316	3
2026-02-12	15:29:53.510	1.19	28.735	-16.695	0.756156	0.149328	0.457256	0.0525	0.582	-0.0465	0	205	316	3
2026-02-12	15:29:53.530	-35.77	21.7	-20.44	0.756644	0.127124	0.456524	0.057	0.579	-0.042	0	205	316	3
2026-02-12	15:29:53.550	-61.11	21	-24.36	0.765428	0.088816	0.503616	0.06	0.5865	-0.057	0	205	316	3
2026-02-12	15:29:53.570	-84.56	26.6	-34.125	0.781776	0.0854	0.484584	0.06	0.5865	-0.057	0	205	316	3
2026-02-12	15:29:53.590	-108.78	30.38	-43.89	0.781532	0.0488	0.4026	0.06	0.5805	-0.06	0	205	316	3
2026-02-12	15:29:53.610	-131.215	32.655	-54.25	0.761036	-0.018544	0.335744	0.06	0.576	-0.0645	0	205	304	3
2026-02-12	15:29:53.630	-139.72	33.11	-63.98	0.742492	-0.10126	0.312076	0.066	0.567	-0.0675	0	205	304	3
2026-02-12	15:29:53.650	-131.985	30.695	-73.57	0.7686	-0.164212	0.325252	0.063	0.5745	-0.066	0	205	304	3
2026-02-12	15:29:53.670	-117.67	26.425	-82.95	0.790072	-0.219844	0.352336	0.06	0.5625	-0.0765	0	205	304	3
2026-02-12	15:29:53.690	-104.93	20.195	-90.86	0.813252	-0.276452	0.387716	0.069	0.555	-0.075	0	205	304	3
2026-02-12	15:29:53.710	-93.59	13.44	-96.145	0.83692	-0.322324	0.43798	0.069	0.552	-0.0765	0	205	304	3
2026-02-12	15:29:53.730	-78.925	8.19	-100.415	0.823988	-0.332572	0.48678	0.06	0.5415	-0.084	0	205	304	3
2026-02-12	15:29:53.750	-61.355	3.745	-104.44	0.825452	-0.332572	0.51606	0.069	0.5355	-0.0855	0	205	304	3
2026-02-12	15:29:53.770	-45.605	-2.24	-108.01	0.82106	-0.3111	0.498492	0.069	0.516	-0.0795	0	205	304	3
2026-02-12	15:29:53.790	-38.08	-8.82	-108.57	0.82716	-0.342332	0.468968	0.0735	0.5025	-0.0825	0	205	304	3
2026-02-12	15:29:53.810	-33.355	-13.79	-105.77	0.8662	-0.3843	0.461648	0.0765	0.4845	-0.087	0	206	318	3
2026-02-12	15:29:53.830	-27.09	-17.08	-101.325	0.915488	-0.436272	0.484584	0.0765	0.4815	-0.087	0	206	318	3
2026-02-12	15:29:53.850	-19.495	-18.375	-94.92	0.986248	-0.456036	0.499956	0.0765	0.468	-0.087	0	206	318	3
2026-02-12	15:29:53.870	-15.68	-17.955	-87.255	1.002108	-0.441396	0.487756	0.0855	0.453	-0.078	0	206	318	3
2026-02-12	15:29:53.890	-17.08	-17.885	-78.085	0.9699	-0.421388	0.454328	0.0855	0.4485	-0.084	0	206	318	3
2026-02-12	15:29:53.910	-20.65	-19.11	-68.915	0.943548	-0.427732	0.443104	0.0885	0.4335	-0.0855	0	206	318	3
2026-02-12	15:29:53.930	-23.485	-21.035	-60.06	0.908656	-0.438468	0.458964	0.0885	0.4185	-0.0795	0	206	318	3
2026-02-12	15:29:53.950	-26.67	-23.205	-50.855	0.848388	-0.455792	0.495076	0.096	0.411	-0.081	0	206	318	3
2026-02-12	15:29:53.970	-24.325	-25.2	-41.79	0.783728	-0.484584	0.521672	0.084	0.414	-0.0675	0	206	318	3
2026-02-12	15:29:53.990	-6.335	-28.175	-27.51	0.694424	-0.473848	0.489952	0.096	0.408	-0.072	0	206	318	3
2026-02-12	15:29:54.010	10.08	-29.33	-17.675	0.609024	-0.4697	0.471652	0.093	0.405	-0.0735	0	209	348	3
2026-02-12	15:29:54.030	30.905	-30.905	-7.315	0.548512	-0.493856	0.463356	0.0855	0.4005	-0.0735	0	209	348	3
2026-02-12	15:29:54.050	53.55	-34.055	2.31	0.555344	-0.490684	0.452864	0.0795	0.399	-0.0735	0	209	348	3
2026-02-12	15:29:54.070	68.005	-36.295	12.775	0.574376	-0.459208	0.414068	0.084	0.405	-0.0555	0	209	348	3
2026-02-12	15:29:54.090	80.955	-38.78	24.01	0.569984	-0.355264	0.316712	0.09	0.4005	-0.045	0	209	348	3
2026-02-12	15:29:54.110	94.29	-43.715	34.265	0.608048	-0.282064	0.262056	0.0825	0.3975	-0.036	0	209	348	3
2026-02-12	15:29:54.130	98.77	-49.945	41.965	0.939888	-0.419924	0.323788	0.0795	0.405	-0.0285	0	209	348	3
2026-02-12	15:29:54.150	112.56	-47.985	44.555	1.335412	-0.595604	0.512156	0.0765	0.408	-0.0135	0	209	348	3
2026-02-12	15:29:54.170	130.515	-32.13	49.665	1.544276	-0.557052	0.640012	0.084	0.408	0.0015	0	209	348	3
2026-02-12	15:29:54.190	117.67	-11.725	59.99	1.477664	-0.42212	0.5124	0.069	0.4095	-0.003	0	209	348	3
2026-02-12	15:29:54.210	84.14	6.93	69.195	1.375916	-0.335988	0.31354	0.063	0.4245	0.003	0	214	378	3
2026-02-12	15:29:54.230	61.915	12.04	77.14	1.318576	-0.349896	0.290116	0.06	0.4395	0.009	0	214	378	3
2026-02-12	15:29:54.250	46.865	14.14	85.855	1.283196	-0.341356	0.300852	0.057	0.444	0.0135	0	214	378	3
2026-02-12	15:29:54.270	41.335	15.155	94.29	1.236348	-0.2623	0.288896	0.051	0.45	0.0165	0	214	378	3
2026-02-12	15:29:54.290	39.9	14.84	101.255	1.1529	-0.168848	0.260836	0.06	0.459	0.0105	0	214	378	3
2026-02-12	15:29:54.310	29.54	14.21	110.32	1.065548	-0.216184	0.235704	0.0465	0.4815	0.0075	0	214	378	3
2026-02-12	15:29:54.330	16.205	11.41	119.7	0.993812	-0.278404	0.21472	0.0405	0.4935	0.006	0	214	378	3
2026-02-12	15:29:54.350	7.7	7.805	125.895	0.95648	-0.289628	0.206424	0.0525	0.513	0.0165	0	214	378	3
2026-02-12	15:29:54.370	7.84	4.375	127.4	1.009184	-0.270596	0.198128	0.0375	0.525	0.0045	0	214	378	3
2026-02-12	15:29:54.390	13.86	3.71	123.62	1.09312	-0.249612	0.183732	0.039	0.543	0.0045	0	214	378	3
2026-02-12	15:29:54.410	21.14	7.49	117.32	1.018212	-0.237656	0.145668	0.0375	0.576	0.0075	0	223	384	3
2026-02-12	15:29:54.430	29.96	8.89	108.045	0.930616	-0.216184	0.11224	0.0375	0.5865	0.006	0	223	384	3
2026-02-12	15:29:54.450	33.705	8.68	98.14	0.87108	-0.203252	0.0976	0.039	0.6045	0.0045	0	223	384	3
2026-02-12	15:29:54.470	34.86	7.84	87.675	0.818864	-0.190076	0.096136	0.0405	0.6135	0.0045	0	223	384	3
2026-02-12	15:29:54.490	35.035	6.685	76.825	0.790804	-0.1891	0.09638	0.045	0.636	0	0	223	384	3
2026-02-12	15:29:54.510	37.205	4.305	64.82	0.81008	-0.177632	0.100528	0.0435	0.6345	0	0	223	384	3
2026-02-12	15:29:54.530	41.545	2.59	52.185	0.80642	-0.149328	0.107604	0.0525	0.648	-0.009	0	223	384	3
2026-02-12	15:29:54.550	45.675	0.595	39.27	0.831552	-0.14152	0.10248	0.0525	0.6555	-0.0075	0	223	384	3
2026-02-12	15:29:54.570	44.17	-2.135	27.65	0.87596	-0.16836	0.104676	0.051	0.666	-0.006	0	223	384	3
2026-02-12	15:29:54.590	38.605	-7.84	14.84	0.98576	-0.211304	0.124928	0.0525	0.6735	-0.006	0	223	384	3
2026-02-12	15:29:54.610	36.26	-13.79	-3.43	1.189012	-0.236924	0.182268	0.0645	0.672	-0.009	0	232	354	3
2026-02-12	15:29:54.630	34.545	-13.545	-30.66	1.30296	-0.27084	0.215696	0.0555	0.6735	-0.0075	0	232	354	3
2026-02-12	15:29:54.650	34.51	-14.84	-44.52	1.278316	-0.221552	0.205448	0.0555	0.669	-0.0105	0	232	354	3
2026-02-12	15:29:54.670	33.11	-17.99	-53.76	1.16266	-0.222284	0.21716	0.051	0.657	-0.0105	0	232	354	3
2026-02-12	15:29:54.690	41.545	-19.915	-55.685	1.039928	-0.273524	0.36234	0.048	0.651	-0.009	0	232	354	3
2026-02-12	15:29:54.710	69.055	-12.145	-46.62	0.909876	-0.321348	0.546072	0.0465	0.657	-0.0045	0	232	354	3
2026-02-12	15:29:54.730	99.05	-3.745	-30.59	0.773968	-0.240096	0.563396	0.0465	0.6405	-0.0075	0	232	354	3
2026-02-12	15:29:54.750	110.775	-0.42	-16.345	0.717848	-0.128832	0.500932	0.045	0.627	-0.012	0	232	354	3
2026-02-12	15:29:54.770	110.6	-1.12	-8.295	0.759084	-0.101016	0.46604	0.0465	0.6255	-0.015	0	232	354	3
2026-02-12	15:29:54.790	109.06	-4.935	-3.745	0.814716	-0.051972	0.46726	0.039	0.615	-0.0105	0	232	354	3
2026-02-12	15:29:54.810	89.6	-7.49	-4.235	0.841312	0.033428	0.501664	0.042	0.6255	-0.0135	0	240	324	3
2026-02-12	15:29:54.830	47.495	-6.3	-11.795	0.885232	0.042944	0.517036	0.0435	0.6225	-0.0255	0	240	324	3
2026-02-12	15:29:54.850	-24.045	-2.135	-28.595	0.886208	0.05856	0.544608	0.0435	0.6225	-0.0255	0	240	324	3
2026-02-12	15:29:54.870	-58.905	-2.765	-38.64	0.9211	-0.010736	0.474336	0.0435	0.6135	-0.018	0	240	324	3
2026-02-12	15:29:54.890	-79.835	-5.6	-47.04	0.925736	-0.090036	0.44896	0.039	0.603	-0.015	0	240	324	3
2026-02-12	15:29:54.910	-85.75	-8.54	-53.06	0.91378	-0.155672	0.457256	0.036	0.6015	-0.018	0	240	324	3
2026-02-12	15:29:54.930	-77.28	-8.645	-56.455	0.894748	-0.190564	0.45872	0.036	0.6105	-0.0015	0	240	324	3
2026-02-12	15:29:54.950	-59.08	-8.295	-57.575	0.882548	-0.200812	0.438956	0.036	0.594	-0.0105	0	240	324	3
2026-02-12	15:29:54.970	-37.275	-7.42	-57.995	0.896212	-0.203984	0.412848	0.036	0.5805	-0.015	0	240	324	3
2026-02-12	15:29:54.990	-18.62	-6.405	-58.135	0.912804	-0.197884	0.387228	0.042	0.5775	-0.006	0	240	324	3
2026-02-12	15:29:55.010	-9.73	-5.355	-57.4	0.891088	-0.173728	0.360876	0.036	0.5715	-0.006	0	245	328	3
2026-02-12	15:29:55.030	-9.835	-5.95	-56.77	0.868152	-0.158112	0.341356	0.03	0.564	-0.003	0	245	328	3
2026-02-12	15:29:55.050	-15.855	-8.89	-56	0.845948	-0.155916	0.342088	0.0405	0.555	-0.006	0	245	328	3
2026-02-12	15:29:55.070	-22.155	-13.02	-54.705	0.838628	-0.157868	0.342576	0.036	0.5475	-0.003	0	245	328	3
2026-02-12	15:29:55.090	-26.145	-17.045	-53.69	0.828868	-0.16226	0.340624	0.033	0.5355	-0.0045	0	245	328	3
2026-02-12	15:29:55.110	-26.39	-20.615	-53.375	0.848144	-0.188856	0.343552	0.03	0.525	-0.003	0	245	328	3
2026-02-12	15:29:55.130	-21.14	-24.045	-52.99	0.881328	-0.20984	0.355752	0.0285	0.5205	0.0045	0	245	328	3
2026-02-12	15:29:55.150	-14.42	-26.075	-51.975	0.891576	-0.216184	0.360144	0.027	0.507	0	0	245	328	3
2026-02-12	15:29:55.170	-7.77	-27.335	-50.785	0.884012	-0.216672	0.36112	0.039	0.5055	0.0015	0	245	328	3
2026-02-12	15:29:55.190	-3.08	-28.105	-49.805	0.872544	-0.201544	0.35502	0.0435	0.489	0.0165	0	245	328	3
2026-02-12	15:29:55.210	-1.855	-29.05	-48.755	0.86498	-0.191052	0.341844	0.0345	0.4875	0.015	0	244	344	2
2026-02-12	15:29:55.230	-3.01	-30.52	-47.67	0.864004	-0.191052	0.335256	0.042	0.4845	0.0105	0	244	344	2
2026-02-12	15:29:55.250	-6.37	-32.83	-47.355	0.87108	-0.195444	0.337208	0.033	0.4755	0.018	0	244	344	2
2026-02-12	15:29:55.270	-11.935	-36.89	-48.79	0.903532	-0.217404	0.363072	0.0435	0.4785	0.024	0	244	344	2
2026-02-12	15:29:55.290	-13.825	-38.325	-49.21	0.868396	-0.23302	0.374296	0.042	0.468	0.0315	0	244	344	2
2026-02-12	15:29:55.310	-13.16	-40.04	-47.32	0.826184	-0.259372	0.362828	0.045	0.45	0.042	0	244	344	2
2026-02-12	15:29:55.330	-7.385	-41.86	-43.47	0.834236	-0.292556	0.3843	0.051	0.4425	0.042	0	244	344	2
2026-02-12	15:29:55.350	5.53	-41.3	-38.22	0.882548	-0.30134	0.456768	0.0525	0.4425	0.039	0	244	344	2
2026-02-12	15:29:55.370	15.12	-39.48	-30.555	0.935984	-0.270108	0.477996	0.0525	0.4305	0.0495	0	244	344	2
2026-02-12	15:29:55.390	20.615	-37.66	-22.68	1.057496	-0.291092	0.493612	0.0585	0.4275	0.063	0	244	344	2
2026-02-12	15:29:55.410	39.585	-33.845	-15.82	1.254892	-0.365756	0.587796	0.0525	0.4215	0.0675	0	237	360	2
2026-02-12	15:29:55.430	64.54	-22.33	-4.48	1.30906	-0.373076	0.651724	0.0495	0.426	0.069	0	237	360	2
2026-02-12	15:29:55.450	73.395	-7.315	11.48	1.217072	-0.30378	0.57096	0.0615	0.42	0.081	0	237	360	2
2026-02-12	15:29:55.470	68.04	1.54	26.11	1.175836	-0.237656	0.469456	0.06	0.429	0.072	0	237	360	2
2026-02-12	15:29:55.490	55.44	11.83	41.615	1.120204	-0.186172	0.448472	0.06	0.429	0.072	0	237	360	2
2026-02-12	15:29:55.510	52.185	17.955	50.26	1.125328	-0.184464	0.466772	0.0495	0.435	0.0735	0	237	360	2
2026-02-12	15:29:55.530	47.075	23.59	55.825	1.191696	-0.18178	0.465552	0.042	0.45	0.078	0	237	360	2
2026-02-12	15:29:55.550	33.95	29.4	59.115	1.220976	-0.171532	0.423828	0.0465	0.4605	0.0825	0	237	360	2
2026-02-12	15:29:55.570	12.075	33.775	62.405	1.178276	-0.149328	0.33916	0.048	0.465	0.0825	0	237	360	2
2026-02-12	15:29:55.590	-14.14	34.65	66.115	1.120692	-0.15738	0.255468	0.0435	0.4665	0.072	0	237	360	2
2026-02-12	15:29:55.610	-35.91	32.55	71.645	1.079212	-0.169824	0.193736	0.0435	0.4785	0.0675	0	228	378	3
2026-02-12	15:29:55.630	-50.015	29.155	78.96	1.056032	-0.18056	0.150548	0.039	0.4905	0.0555	0	228	378	3
2026-02-12	15:29:55.650	-54.18	26.215	86.45	1.11874	-0.185928	0.143716	0.03	0.498	0.0555	0	228	378	3
2026-02-12	15:29:55.670	-55.755	26.145	93.065	1.17364	-0.156648	0.12932	0.03	0.504	0.0465	0	228	378	3
2026-02-12	15:29:55.690	-67.76	25.865	101.15	1.129232	-0.132004	0.070516	0.033	0.5265	0.0405	0	228	378	3
2026-02-12	15:29:55.710	-82.705	23.66	106.33	1.06506	-0.133712	0.0122	0.03	0.5385	0.036	0	228	378	3
2026-02-12	15:29:55.730	-88.69	21.105	107.66	0.99796	-0.1525	-0.010004	0.0255	0.558	0.0315	0	228	378	3
2026-02-12	15:29:55.750	-90.615	19.04	106.89	0.945744	-0.165432	-0.017812	0.0255	0.573	0.0285	0	228	378	3
2026-02-12	15:29:55.770	-87.885	18.2	104.23	0.898408	-0.176656	-0.0122	0.03	0.5805	0.027	0	228	378	3
2026-02-12	15:29:55.790	-78.12	18.2	99.68	0.855464	-0.193248	-0.00488	0.033	0.5985	0.0255	0	228	378	3
2026-02-12	15:29:55.810	-62.09	19.53	93.555	0.798856	-0.212524	0.010492	0.03	0.6105	0.0285	0	221	364	3
2026-02-12	15:29:55.830	-42.175	20.965	87.08	0.782996	-0.218136	0.016836	0.0345	0.627	0.0255	0	221	364	3
2026-02-12	15:29:55.850	-24.535	21.875	81.06	0.74298	-0.194224	0.00732	0.0315	0.642	0.0195	0	221	364	3
2026-02-12	15:29:55.870	-10.92	20.44	74.585	0.693692	-0.185684	0.001708	0.0345	0.645	0.021	0	221	364	3
2026-02-12	15:29:55.890	5.46	16.485	65.17	0.714188	-0.201056	0.02562	0.0345	0.6645	0.0195	0	221	364	3
2026-02-12	15:29:55.910	40.67	12.915	43.645	0.911828	-0.245464	0.163236	0.039	0.6705	0.012	0	221	364	3
2026-02-12	15:29:55.930	70.49	16.66	22.96	1.020896	-0.2318	0.213744	0.039	0.678	0.0075	0	221	364	3
2026-02-12	15:29:55.950	87.955	17.115	-0.28	0.997228	-0.169824	0.179096	0.042	0.684	0.003	0	221	364	3
2026-02-12	15:29:55.970	86.31	7.805	-25.76	0.98454	-0.177388	0.159088	0.0465	0.681	-0.0045	0	221	364	3
2026-02-12	15:29:55.990	82.425	-8.61	-51.275	0.983808	-0.21594	0.201788	0.048	0.678	-0.0105	0	221	364	3
2026-02-12	15:29:56.010	84.175	-27.02	-69.475	0.940132	-0.21106	0.329644	0.0465	0.6705	-0.0105	0	217	317	3
2026-02-12	15:29:56.030	95.76	-42.245	-77.84	0.970632	-0.252784	0.571692	0.03	0.66	-0.0105	0	217	317	3
2026-02-12	15:29:56.050	120.855	-44.765	-76.58	0.991372	-0.258396	0.756888	0.0285	0.6435	-0.0045	0	217	317	3
2026-02-12	15:29:56.070	141.995	-42.595	-68.075	0.936716	-0.176168	0.73078	0.0315	0.6345	-0.0075	0	217	317	3
2026-02-12	15:29:56.090	144.48	-38.465	-59.29	0.913292	-0.174216	0.604876	0.0375	0.621	0.003	0	217	317	3
2026-02-12	15:29:56.110	133.595	-34.65	-55.79	0.916952	-0.111752	0.463844	0.03	0.6165	0	0	217	317	3
2026-02-12	15:29:56.130	91.805	-26.285	-60.62	0.94916	0.00732	0.370636	0.03	0.6165	0	0	217	317	3
2026-02-12	15:29:56.150	54.81	-17.535	-64.295	0.952088	0.039772	0.365024	0.0285	0.597	0	0	217	317	3
2026-02-12	15:29:56.170	17.395	-8.995	-64.89	0.942328	0.059536	0.39894	0.027	0.5715	0.0015	0	217	317	3
2026-02-12	15:29:56.190	-26.705	-2.835	-64.995	0.949404	0.034404	0.427488	0.0255	0.5655	0.003	0	217	317	3
2026-02-12	15:29:56.210	-67.655	0.7	-64.68	0.9699	-0.050264	0.432856	0.0225	0.564	0.0015	0	217	298	3
2026-02-12	15:29:56.230	-92.505	1.155	-63.035	1.00284	-0.121512	0.423096	0.0255	0.5445	0	0	217	298	3
2026-02-12	15:29:56.250	-103.04	1.19	-59.395	1.0004	-0.166652	0.398208	0.0255	0.543	0.003	0	217	298	3
2026-02-12	15:29:56.270	-102.585	2.24	-53.165	0.971364	-0.206668	0.372344	0.024	0.528	0.0045	0	217	298	3
2026-02-12	15:29:56.290	-91.805	3.325	-45.57	0.940864	-0.215696	0.361364	0.0165	0.531	0	0	217	298	3
2026-02-12	15:29:56.310	-77.35	4.445	-38.605	0.907192	-0.213256	0.350628	0.012	0.531	-0.0075	0	217	298	3
2026-02-12	15:29:56.330	-60.305	4.305	-31.15	0.876692	-0.203496	0.3538	0.0225	0.5085	0.003	0	217	298	3
2026-02-12	15:29:56.350	-47.39	2.59	-24.745	0.849608	-0.180316	0.344528	0.024	0.504	-0.003	0	217	298	3
2026-02-12	15:29:56.370	-42.035	-0.21	-22.505	0.865468	-0.161284	0.330864	0.024	0.4995	-0.0075	0	217	298	3
2026-02-12	15:29:56.390	-39.515	-2.45	-23.065	0.902068	-0.164944	0.346236	0.0195	0.501	-0.0075	0	217	298	3
2026-02-12	15:29:56.410	-37.135	-3.675	-24.955	0.94428	-0.166408	0.364292	0.0225	0.498	-0.009	0	216	310	3
2026-02-12	15:29:56.430	-36.68	-4.69	-27.685	0.956236	-0.150304	0.366	0.0285	0.495	-0.009	0	216	310	3
2026-02-12	15:29:56.450	-41.265	-5.005	-29.925	0.9272	-0.165188	0.356972	0.0285	0.5055	-0.0075	0	216	310	3
2026-02-12	15:29:56.470	-46.06	-6.545	-31.99	0.91988	-0.196908	0.372588	0.03	0.486	-0.0075	0	216	310	3
2026-02-12	15:29:56.490	-46.865	-7.98	-33.18	0.914756	-0.238876	0.413092	0.018	0.4905	-0.009	0	216	310	3
2026-02-12	15:29:56.510	-42.42	-8.855	-32.62	0.88816	-0.232044	0.440908	0.0345	0.489	-0.006	0	216	310	3
2026-02-12	15:29:56.530	-37.73	-9.66	-31.255	0.843752	-0.216184	0.4392	0.027	0.483	-0.009	0	216	310	3
2026-02-12	15:29:56.550	-34.545	-11.865	-30.03	0.770308	-0.263276	0.461892	0.0315	0.4695	-0.0105	0	216	310	3
2026-02-12	15:29:56.570	-37.8	-14.56	-29.925	0.758108	-0.320128	0.471408	0.033	0.4695	-0.0105	0	216	310	3
2026-02-12	15:29:56.590	-42.63	-16.94	-29.995	0.724192	-0.326228	0.4514	0.036	0.462	-0.0075	0	216	310	3
2026-02-12	15:29:56.610	-51.24	-22.015	-30.66	0.67832	-0.3294	0.394548	0.0345	0.456	0	0	212	332	3
2026-02-12	15:29:56.630	-57.33	-30.1	-32.76	0.644404	-0.387472	0.395768	0.033	0.4515	0	0	212	332	3
2026-02-12	15:29:56.650	-48.335	-34.825	-30.94	0.590724	-0.501908	0.429684	0.0345	0.4485	-0.0015	0	212	332	3
2026-02-12	15:29:56.670	-16.555	-36.96	-19.565	0.557052	-0.579988	0.43432	0.0405	0.45	-0.003	0	212	332	3
2026-02-12	15:29:56.690	30.415	-39.515	-4.165	0.655384	-0.586088	0.377956	0.042	0.447	0.0015	0	212	332	3
2026-02-12	15:29:56.710	84.7	-42.84	5.32	0.94916	-0.61122	0.394304	0.033	0.444	0.009	0	212	332	3
2026-02-12	15:29:56.730	145.915	-39.025	8.365	1.27978	-0.635864	0.536556	0.036	0.4425	0.0225	0	212	332	3
2026-02-12	15:29:56.750	199.255	-23.975	13.055	1.536224	-0.55022	0.589992	0.0435	0.447	0.03	0	212	332	3
2026-02-12	15:29:56.770	200.165	1.68	22.96	1.56648	-0.377956	0.425048	0.0435	0.447	0.03	0	212	332	3
2026-02-12	15:29:56.790	170.065	14.455	20.615	1.517192	-0.297436	0.381616	0.039	0.4485	0.0405	0	212	332	3
2026-02-12	15:29:56.810	124.775	26.285	21.735	1.381772	-0.250588	0.398452	0.0315	0.4545	0.0495	0	210	357	3
2026-02-12	15:29:56.830	69.72	36.295	31.57	1.165344	-0.218624	0.394304	0.027	0.4635	0.0525	0	210	357	3
2026-02-12	15:29:56.850	21.21	41.58	47.915	0.954528	-0.177632	0.350384	0.027	0.468	0.0555	0	210	357	3
2026-02-12	15:29:56.870	-12.25	41.3	67.06	0.82228	-0.141032	0.277672	0.033	0.462	0.051	0	210	357	3
2026-02-12	15:29:56.890	-35.07	35.91	84.805	0.762744	-0.114192	0.212036	0.027	0.4815	0.0405	0	210	357	3
2026-02-12	15:29:56.910	-52.85	27.125	99.19	0.759084	-0.1342	0.16104	0.0315	0.495	0.039	0	210	357	3
2026-02-12	15:29:56.930	-57.365	18.235	110.74	0.84058	-0.173972	0.142252	0.0225	0.4995	0.033	0	210	357	3
2026-02-12	15:29:56.950	-55.195	12.39	118.23	0.914512	-0.178608	0.122732	0.018	0.5145	0.0195	0	210	357	3
2026-02-12	15:29:56.970	-51.345	9.52	118.965	0.949404	-0.200324	0.124196	0.018	0.534	0.0315	0	210	357	3
2026-02-12	15:29:56.990	-41.79	8.33	112.42	0.990396	-0.238876	0.156648	0.018	0.5535	0.024	0	210	357	3
2026-02-12	15:29:57.010	-26.355	10.85	101.5	1.018456	-0.284748	0.186904	0.0165	0.5805	0.0195	0	214	364	3
2026-02-12	15:29:57.030	-5.6	15.89	87.465	1.075308	-0.293776	0.204228	0.0165	0.591	0.021	0	214	364	3
2026-02-12	15:29:57.050	12.6	23.59	72.975	1.090924	-0.276452	0.192028	0.018	0.609	0.0165	0	214	364	3
2026-02-12	15:29:57.070	21.84	28.98	59.605	1.082628	-0.2013	0.15006	0.015	0.621	0.012	0	214	364	3
2026-02-12	15:29:57.090	23.625	30.45	45.955	1.054568	-0.139324	0.104432	0.0195	0.6255	0.0165	0	214	364	3
2026-02-12	15:29:57.110	19.705	27.51	30.065	1.056764	-0.109068	0.096136	0.024	0.63	0.0075	0	214	364	3
2026-02-12	15:29:57.130	14.91	24.15	13.545	1.056764	-0.135908	0.151524	0.0225	0.636	0.0015	0	214	364	3
2026-02-12	15:29:57.150	10.08	20.23	-0.84	1.05286	-0.14762	0.198616	0.0225	0.642	-0.003	0	214	364	3
2026-02-12	15:29:57.170	3.675	15.295	-13.86	1.007964	-0.160796	0.234972	0.027	0.633	0	0	214	364	3
2026-02-12	15:29:57.190	-1.225	5.39	-30.38	0.922808	-0.187392	0.260104	0.0135	0.6405	-0.0075	0	214	364	3
2026-02-12	15:29:57.210	4.97	-1.26	-39.2	0.912804	-0.219356	0.287188	0.015	0.636	-0.0075	0	219	342	3
2026-02-12	15:29:57.230	19.25	-5.565	-43.96	0.906216	-0.230824	0.311832	0.018	0.627	-0.0105	0	219	342	3
2026-02-12	15:29:57.250	36.54	-7.945	-44.24	0.902312	-0.219844	0.335744	0.021	0.6225	-0.0075	0	219	342	3
2026-02-12	15:29:57.270	52.5	-7.84	-41.23	0.881816	-0.190076	0.351604	0.018	0.618	-0.003	0	219	342	3
2026-02-12	15:29:57.290	64.12	-6.44	-37.59	0.889624	-0.158844	0.361608	0.015	0.615	-0.003	0	219	342	3
2026-02-12	15:29:57.310	70.07	-3.36	-34.51	0.926956	-0.115168	0.361608	0.009	0.609	-0.006	0	219	342	3
2026-02-12	15:29:57.330	64.785	0.735	-33.005	0.947452	-0.057584	0.337696	0.006	0.597	-0.0135	0	219	342	3
2026-02-12	15:29:57.350	44.485	3.675	-33.635	0.966972	-0.020984	0.304756	0.0165	0.6015	-0.018	0	219	342	3
2026-02-12	15:29:57.370	12.495	4.375	-36.26	1.001864	0.009272	0.282308	0.0165	0.585	-0.0075	0	219	342	3
2026-02-12	15:29:57.390	-23.31	5.005	-40.39	1.015284	-0.008296	0.283284	0.0135	0.5895	-0.0135	0	219	342	3
2026-02-12	15:29:57.410	-62.055	8.155	-43.715	0.996008	-0.05612	0.32574	0.0135	0.5895	-0.0135	0	221	318	3
2026-02-12	15:29:57.430	-78.155	10.57	-44.415	0.972096	-0.080764	0.354044	0.015	0.576	-0.0105	0	221	318	3
2026-02-12	15:29:57.450	-85.82	12.81	-45.78	0.964044	-0.092964	0.368928	0.0135	0.561	-0.0135	0	221	318	3
2026-02-12	15:29:57.470	-88.34	15.96	-47.88	0.930616	-0.097356	0.366244	0.006	0.5535	-0.021	0	221	318	3
2026-02-12	15:29:57.490	-89.32	18.69	-50.505	0.903044	-0.112484	0.332816	0.006	0.5445	-0.024	0	221	318	3
2026-02-12	15:29:57.510	-87.22	20.615	-53.375	0.895968	-0.121268	0.300608	0.0105	0.5415	-0.0255	0	221	318	3
2026-02-12	15:29:57.530	-82.81	22.12	-56.35	0.884012	-0.122976	0.294996	0.015	0.5475	-0.024	0	221	318	3
2026-02-12	15:29:57.550	-77.35	23.275	-59.57	0.879864	-0.126392	0.298412	0.0105	0.5325	-0.033	0	221	318	3
2026-02-12	15:29:57.570	-73.01	24.325	-61.355	0.876692	-0.14396	0.30378	0.0105	0.5265	-0.0315	0	221	318	3
2026-02-12	15:29:57.590	-69.79	23.135	-61.145	0.869372	-0.164456	0.306952	0.018	0.519	-0.0435	0	221	318	3
2026-02-12	15:29:57.610	-71.225	17.815	-60.165	0.904752	-0.187392	0.342576	0.018	0.5025	-0.054	0	220	310	3
2026-02-12	15:29:57.630	-72.765	13.405	-60.34	0.927444	-0.212524	0.388936	0.0195	0.4995	-0.0525	0	220	310	3
2026-02-12	15:29:57.650	-72.24	11.305	-60.235	0.914756	-0.22326	0.406504	0.021	0.4935	-0.0555	0	220	310	3
2026-02-12	15:29:57.670	-73.535	8.505	-59.885	0.892796	-0.219844	0.394304	0.0165	0.486	-0.06	0	220	310	3
2026-02-12	15:29:57.690	-83.055	3.115	-61.915	0.801296	-0.196664	0.460184	0.0195	0.4785	-0.06	0	220	310	3
2026-02-12	15:29:57.710	-101.5	-3.045	-66.71	0.73322	-0.306464	0.651724	0.0285	0.471	-0.066	0	220	310	3
2026-02-12	15:29:57.730	-97.86	-5.705	-69.44	0.7625	-0.406016	0.785192	0.03	0.4665	-0.0735	0	220	310	3
2026-02-12	15:29:57.750	-79.765	-1.75	-70.525	0.7991	-0.432124	0.769332	0.0225	0.462	-0.0705	0	220	310	3
2026-02-12	15:29:57.770	-67.935	2.94	-71.715	0.824964	-0.347212	0.650504	0.0375	0.4605	-0.0705	0	220	310	3
2026-02-12	15:29:57.790	-75.6	3.71	-75.53	0.869128	-0.355264	0.51972	0.03	0.4425	-0.078	0	220	310	3
2026-02-12	15:29:57.810	-88.585	6.09	-77.875	0.878644	-0.480924	0.4331	0.0375	0.441	-0.075	0	215	326	3
2026-02-12	15:29:57.830	-75.775	14.42	-64.365	0.770552	-0.694668	0.37332	0.0375	0.4305	-0.078	0	215	326	3
2026-02-12	15:29:57.850	-51.695	14.665	-44.975	0.673928	-0.71614	0.329644	0.042	0.423	-0.09	0	215	326	3
2026-02-12	15:29:57.870	-34.09	11.48	-22.05	0.586332	-0.67466	0.296216	0.051	0.4155	-0.102	0	215	326	3
2026-02-12	15:29:57.890	-20.16	5.285	1.19	0.54412	-0.611464	0.270596	0.054	0.411	-0.105	0	215	326	3
2026-02-12	15:29:57.910	0.28	-3.08	20.3	0.65026	-0.529724	0.2562	0.051	0.4125	-0.1065	0	215	326	3
2026-02-12	15:29:57.930	25.865	-8.33	31.64	0.836432	-0.47458	0.272792	0.0465	0.42	-0.1035	0	215	326	3
2026-02-12	15:29:57.950	48.195	-10.045	36.12	1.069208	-0.454084	0.315004	0.0435	0.4245	-0.1005	0	215	326	3
2026-02-12	15:29:57.970	53.27	-8.12	39.34	1.235616	-0.441884	0.3355	0.048	0.4155	-0.0975	0	215	326	3
2026-02-12	15:29:57.990	44.485	-5.46	44.31	1.312476	-0.446764	0.315736	0.0465	0.4275	-0.09	0	215	326	3
2026-02-12	15:29:58.010	31.85	-7.945	48.475	1.378112	-0.454572	0.270352	0.0465	0.4275	-0.09	0	214	350	3
2026-02-12	15:29:58.030	28.315	-8.645	49.805	1.380064	-0.453596	0.2562	0.042	0.438	-0.087	0	214	350	3
2026-02-12	15:29:58.050	28.805	-8.12	52.78	1.3176	-0.410408	0.251564	0.042	0.438	-0.087	0	214	350	3
2026-02-12	15:29:58.070	35.245	-6.335	57.12	1.192428	-0.364048	0.226676	0.036	0.444	-0.0855	0	214	350	3
2026-02-12	15:29:58.090	41.93	-7.84	61.705	1.08702	-0.30622	0.185684	0.03	0.4545	-0.078	0	214	350	3
2026-02-12	15:29:58.110	44.8	-11.13	67.62	0.982832	-0.286456	0.176412	0.0315	0.462	-0.0735	0	214	350	3
2026-02-12	15:29:58.130	48.055	-14.595	74.795	0.915732	-0.280844	0.19276	0.0285	0.4695	-0.0705	0	214	350	3
2026-02-12	15:29:58.150	52.01	-17.64	81.9	0.887672	-0.271084	0.221308	0.0255	0.4755	-0.066	0	214	350	3
2026-02-12	15:29:58.170	56.525	-19.705	89.635	0.859612	-0.249368	0.226676	0.0165	0.4845	-0.072	0	214	350	3
2026-02-12	15:29:58.190	60.865	-22.575	97.335	0.8052	-0.223748	0.215452	0.009	0.501	-0.0615	0	214	350	3
2026-02-12	15:29:58.210	67.025	-25.62	102.27	0.79178	-0.217892	0.21472	0.006	0.507	-0.0555	0	217	351	3
2026-02-12	15:29:58.230	77.175	-26.04	104.475	0.807884	-0.23058	0.238388	0.0075	0.525	-0.057	0	217	351	3
2026-02-12	15:29:58.250	91.665	-22.89	105.665	0.859856	-0.196176	0.253272	0.003	0.543	-0.0495	0	217	351	3
2026-02-12	15:29:58.270	95.655	-19.74	103.25	0.908656	-0.155916	0.24156	0.0015	0.555	-0.045	0	217	351	3
2026-02-12	15:29:58.290	92.61	-17.045	95.13	0.95404	-0.162992	0.253516	0.003	0.5745	-0.036	0	217	351	3
2026-02-12	15:29:58.310	89.635	-14.7	84.385	1.030656	-0.164212	0.264496	0.006	0.5865	-0.0315	0	217	351	3
2026-02-12	15:29:58.330	83.3	-14.91	71.19	1.159976	-0.120292	0.260836	0.006	0.5925	-0.03	0	217	351	3
2026-02-12	15:29:58.350	68.32	-16.24	51.94	1.268312	-0.091012	0.27572	0.009	0.603	-0.027	0	217	351	3
2026-02-12	15:29:58.370	47.95	-14.665	30.38	1.265384	-0.150304	0.31964	0.012	0.612	-0.027	0	217	351	3
2026-02-12	15:29:58.390	39.585	-13.055	9.135	1.303204	-0.207156	0.40626	0.009	0.612	-0.024	0	217	351	3
2026-02-12	15:29:58.410	25.585	-9.625	-7.875	1.228296	-0.171776	0.424316	0.003	0.615	-0.0195	0	222	335	3
2026-02-12	15:29:58.430	1.365	-8.225	-16.52	1.02114	-0.200812	0.404552	0.003	0.6195	-0.0255	0	222	335	3
2026-02-12	15:29:58.450	-0.07	-7.805	-15.995	0.826428	-0.200812	0.397232	0.0075	0.615	-0.0285	0	222	335	3
2026-02-12	15:29:58.470	32.2	-8.365	-7.35	0.751276	-0.182268	0.393084	-0.0015	0.612	-0.0285	0	222	335	3
2026-02-12	15:29:58.490	61.39	-5.985	0.245	0.766648	-0.158356	0.39284	0.003	0.606	-0.027	0	222	335	3
2026-02-12	15:29:58.510	82.915	-4.795	7.91	0.7869	-0.088328	0.381128	0.0045	0.6015	-0.0195	0	222	335	3
2026-02-12	15:29:58.530	86.66	-4.725	9.94	0.838384	-0.01464	0.356484	0	0.606	-0.012	0	222	335	3
2026-02-12	15:29:58.550	70.735	-5.46	4.725	0.92598	0.018544	0.330132	0.0015	0.603	-0.015	0	222	335	3
2026-02-12	15:29:58.570	41.195	-4.83	-5.18	0.988444	0.012932	0.301096	0.0015	0.6	-0.0195	0	222	335	3
2026-02-12	15:29:58.590	10.325	-1.295	-16.205	1.027484	-0.105896	0.293776	-0.0015	0.603	-0.0225	0	222	335	3
2026-02-12	15:29:58.610	2.065	3.85	-20.755	0.976732	-0.144204	0.337696	0	0.603	-0.0315	0	226	327	3
2026-02-12	15:29:58.630	1.505	7.56	-23.765	0.956724	-0.113948	0.412604	0.003	0.5985	-0.0135	0	226	327	3
2026-02-12	15:29:58.650	-7.385	12.53	-27.685	0.909876	-0.122244	0.444812	0.0075	0.597	-0.0255	0	226	327	3
2026-02-12	15:29:58.670	-11.655	15.085	-30.66	0.880596	-0.131272	0.427732	0.003	0.591	-0.0255	0	226	327	3
2026-02-12	15:29:58.690	-6.72	14	-32.97	0.874008	-0.08295999	0.378444	0.003	0.591	-0.0255	0	226	327	3
2026-02-12	15:29:58.710	-6.685	11.27	-37.03	0.87108	-0.050508	0.3538	0.0015	0.5865	-0.0255	0	226	327	3
2026-02-12	15:29:58.730	-19.39	8.855	-42.665	0.87596	-0.053192	0.335988	0	0.573	-0.0315	0	226	327	3
2026-02-12	15:29:58.750	-38.22	7.665	-48.475	0.876448	-0.0854	0.321836	0	0.5685	-0.0375	0	226	327	3
2026-02-12	15:29:58.770	-53.76	6.685	-53.41	0.864736	-0.103944	0.314028	0.0015	0.5625	-0.0375	0	226	327	3
2026-02-12	15:29:58.790	-65.835	5.075	-58.065	0.874252	-0.128832	0.305	0.003	0.5505	-0.036	0	226	327	3
2026-02-12	15:29:58.810	-71.155	3.395	-62.58	0.880352	-0.164944	0.315492	0.0045	0.5475	-0.036	0	227	331	2
2026-02-12	15:29:58.830	-66.535	1.75	-64.435	0.884012	-0.202276	0.334036	0.0045	0.5445	-0.045	0	227	331	2
2026-02-12	15:29:58.850	-53.305	-1.155	-64.54	0.90158	-0.20252	0.355264	0.003	0.5325	-0.036	0	227	331	2
2026-02-12	15:29:58.870	-42.98	-5.285	-65.555	0.922808	-0.191052	0.378932	-0.0045	0.5295	-0.042	0	227	331	2
2026-02-12	15:29:58.890	-43.715	-9.52	-67.9	0.9577	-0.216672	0.402844	0.009	0.5175	-0.042	0	227	331	2
2026-02-12	15:29:58.910	-45.815	-13.195	-69.3	0.985516	-0.242536	0.417484	0.006	0.504	-0.0405	0	227	331	2
2026-02-12	15:29:58.930	-47.985	-15.89	-69.545	0.986736	-0.250588	0.427	0.0075	0.4905	-0.0375	0	227	331	2
2026-02-12	15:29:58.950	-50.505	-18.27	-70.595	0.975024	-0.271816	0.43066	0.012	0.486	-0.033	0	227	331	2
2026-02-12	15:29:58.970	-50.855	-19.915	-71.575	0.947208	-0.293776	0.431148	0.009	0.4755	-0.0345	0	227	331	2
2026-02-12	15:29:58.990	-49.875	-20.86	-71.26	0.918904	-0.318664	0.42822	0.0105	0.459	-0.0345	0	227	331	2
2026-02-12	15:29:59.010	-46.69	-20.72	-70.35	0.872544	-0.328912	0.410164	0.015	0.4515	-0.0315	0	225	340	3
2026-02-12	15:29:59.030	-45.36	-23.485	-68.74	0.783728	-0.311832	0.347456	0.0135	0.4425	-0.0315	0	225	340	3
2026-02-12	15:29:59.050	-51.345	-32.305	-69.3	0.682712	-0.295728	0.2562	0.021	0.4395	-0.033	0	225	340	3
2026-02-12	15:29:59.070	-56.455	-43.435	-75.635	0.662948	-0.390156	0.293532	0.018	0.432	-0.0285	0	225	340	3
2026-02-12	15:29:59.090	-38.78	-44.905	-82.74	0.67588	-0.55876	0.406748	0.021	0.4155	-0.0225	0	225	340	3
2026-02-12	15:29:59.110	27.72	-40.95	-77.805	0.658068	-0.634644	0.525088	0.018	0.4065	-0.0195	0	225	340	3
2026-02-12	15:29:59.130	71.68	-34.93	-65.87	0.64294	-0.594628	0.489708	0.0255	0.3945	-0.0105	0	225	340	3
2026-02-12	15:29:59.150	110.495	-30.065	-50.33	0.74786	-0.528504	0.47458	0.0345	0.3765	-0.0015	0	225	340	3
2026-02-12	15:29:59.170	143.99	-23.695	-35.14	0.977708	-0.49288	0.5429	0.036	0.3735	0.0075	0	225	340	3
2026-02-12	15:29:59.190	171.92	-12.565	-21.91	1.285148	-0.488976	0.632204	0.045	0.369	0.0225	0	225	340	3
2026-02-12	15:29:59.210	187.67	-0.07	-1.54	1.498404	-0.340624	0.672464	0.0465	0.3615	0.033	0	221	357	3
2026-02-12	15:29:59.230	153.16	12.95	22.505	1.50548	-0.199104	0.579988	0.039	0.363	0.036	0	221	357	3
2026-02-12	15:29:59.250	99.26	22.33	36.89	1.491328	-0.110288	0.485804	0.042	0.369	0.0465	0	221	357	3
2026-02-12	15:29:59.270	46.2	28.455	46.9	1.447652	-0.057828	0.4514	0.0435	0.3735	0.0555	0	221	357	3
2026-02-12	15:29:59.290	-5.775	33.74	58.52	1.302472	-0.089548	0.417728	0.0375	0.381	0.054	0	221	357	3
2026-02-12	15:29:59.310	-44.345	33.95	71.855	1.077504	-0.10126	0.397476	0.042	0.381	0.0585	0	221	357	3
2026-02-12	15:29:59.330	-79.52	27.86	92.435	0.889624	-0.133712	0.354776	0.042	0.381	0.0585	0	221	357	3
2026-02-12	15:29:59.350	-88.48	19.11	105.175	0.853756	-0.160796	0.327448	0.0315	0.4035	0.0435	0	221	357	3
2026-02-12	15:29:59.370	-93.835	11.655	117.18	0.866932	-0.193004	0.290848	0.018	0.4335	0.03	0	221	357	3
2026-02-12	15:29:59.390	-97.685	6.195	129.08	0.85278	-0.224724	0.24034	0.0105	0.45	0.0225	0	221	357	3
2026-02-12	15:29:59.410	-90.65	3.465	136.605	0.86742	-0.246684	0.197396	0.0075	0.468	0.015	0	221	378	3
2026-02-12	15:29:59.430	-73.08	1.89	138.25	0.907192	-0.242292	0.160796	0.003	0.4905	0.012	0	221	378	3
2026-02-12	15:29:59.450	-55.545	0.805	134.82	0.936228	-0.227896	0.124196	-0.0045	0.5055	0.0105	0	221	378	3
2026-02-12	15:29:59.470	-37.975	2.205	128.24	0.932568	-0.244732	0.110532	0	0.528	0.0165	0	221	378	3
2026-02-12	15:29:59.490	-15.68	4.165	118.685	0.976732	-0.24766	0.11346	0.0015	0.5385	0.012	0	221	378	3
2026-02-12	15:29:59.510	6.93	9.59	106.12	1.020652	-0.240584	0.121756	-0.0045	0.558	0.0225	0	221	378	3
2026-02-12	15:29:59.530	25.725	17.675	86.66	1.05652	-0.200812	0.095404	0.0135	0.5895	0.0135	0	221	378	3
2026-02-12	15:29:59.550	29.085	21.455	64.645	1.126548	-0.149328	0.070028	0.0105	0.5955	0.012	0	221	378	3
2026-02-12	15:29:59.570	23.38	20.195	44.765	1.194136	-0.128344	0.082228	0.003	0.603	0.0075	0	221	378	3
2026-02-12	15:29:59.590	14.21	18.97	24.185	1.186328	-0.134444	0.119316	0	0.615	0	0	221	378	3
2026-02-12	15:29:59.610	5.775	15.925	5.145	1.179984	-0.164212	0.156648	0.006	0.6255	0	0	225	368	3
2026-02-12	15:29:59.630	3.85	10.745	-12.46	1.1712	-0.194956	0.190564	0.0045	0.621	0	0	225	368	3
2026-02-12	15:29:59.650	6.65	4.935	-24.08	1.026996	-0.211792	0.223016	0	0.615	-0.0015	0	225	368	3
2026-02-12	15:29:59.670	21.14	-2.135	-28	0.916464	-0.256688	0.309392	0.0015	0.6135	-0.0015	0	225	368	3
2026-02-12	15:29:59.690	52.43	-4.41	-25.235	0.848876	-0.280844	0.39162	0.0045	0.615	0.0015	0	225	368	3
2026-02-12	15:29:59.710	92.33	-2.8	-18.69	0.828868	-0.261324	0.398208	-0.0015	0.6135	-0.003	0	225	368	3
2026-02-12	15:29:59.730	125.3	-0.175	-11.095	0.837652	-0.18422	0.376248	0.003	0.6045	0	0	225	368	3
2026-02-12	15:29:59.750	139.545	3.43	-5.53	0.889624	-0.008784	0.3355	-0.003	0.6075	-0.0045	0	225	368	3
2026-02-12	15:29:59.770	112.595	5.25	-11.06	0.92964	0.061488	0.32818	0	0.6015	-0.0105	0	225	368	3
2026-02-12	15:29:59.790	64.015	6.055	-22.05	0.961116	0.098088	0.305976	0.0045	0.5925	-0.0135	0	225	368	3
2026-02-12	15:29:59.810	6.65	6.055	-35.315	0.992348	0.095648	0.288408	0.0045	0.5835	-0.009	0	229	340	3
2026-02-12	15:29:59.830	-42.98	8.05	-46.62	0.983076	0.025864	0.27084	0.0015	0.579	-0.0135	0	229	340	3
2026-02-12	15:29:59.850	-71.715	9.52	-52.815	0.946476	-0.04026	0.297436	0.003	0.576	-0.0165	0	229	340	3
2026-02-12	15:29:59.870	-84.7	9.345	-55.055	0.925248	-0.124684	0.329888	0.009	0.5685	-0.012	0	229	340	3
2026-02-12	15:29:59.890	-81.305	7.63	-54.39	0.91012	-0.198372	0.360144	0.0105	0.5655	-0.012	0	229	340	3
2026-02-12	15:29:59.910	-60.27	5.215	-52.15	0.915	-0.225456	0.393816	0	0.5595	-0.015	0	229	340	3
2026-02-12	15:29:59.930	-32.2	3.22	-50.855	0.929152	-0.196908	0.419192	0.009	0.5535	-0.0165	0	229	340	3
2026-02-12	15:29:59.950	-11.62	2.765	-50.225	0.889624	-0.16348	0.40748	-0.0015	0.549	-0.0195	0	229	340	3
2026-02-12	15:29:59.970	-4.375	1.33	-49.91	0.8479	-0.13176	0.347944	-0.0015	0.549	-0.0195	0	229	340	3
2026-02-12	15:29:59.990	-8.855	-1.75	-52.01	0.839848	-0.112972	0.32086	0	0.5385	-0.015	0	229	340	3
2026-02-12	15:30:00.010	-18.55	-4.725	-55.86	0.847412	-0.12444	0.328668	0.0045	0.5205	-0.018	0	231	324	2
2026-02-12	15:30:00.030	-25.795	-6.79	-59.395	0.851072	-0.152988	0.343796	0.003	0.513	-0.024	0	231	324	2
2026-02-12	15:30:00.050	-27.895	-7.805	-61.285	0.840824	-0.16226	0.339404	0.0045	0.504	-0.0195	0	231	324	2
2026-02-12	15:30:00.070	-25.725	-10.745	-63.49	0.851316	-0.175436	0.329156	0.006	0.4905	-0.015	0	231	324	2
2026-02-12	15:30:00.090	-22.365	-13.615	-66.465	0.857416	-0.178608	0.314272	0.0135	0.4815	-0.015	0	231	324	2
2026-02-12	15:30:00.110	-20.02	-16.975	-69.615	0.869372	-0.185684	0.315248	0.024	0.477	-0.0165	0	231	324	2
2026-02-12	15:30:00.130	-17.745	-20.615	-72.275	0.880596	-0.190808	0.326716	0.006	0.4635	-0.0195	0	231	324	2
2026-02-12	15:30:00.150	-16.345	-24.01	-74.445	0.884256	-0.180072	0.345992	0.015	0.462	-0.012	0	231	324	2
2026-02-12	15:30:00.170	-17.64	-27.965	-76.335	0.874008	-0.188124	0.346724	0.0165	0.4455	-0.015	0	231	324	2
2026-02-12	15:30:00.190	-18.165	-32.2	-77.7	0.876936	-0.196908	0.35502	0.0135	0.4335	-0.009	0	231	324	2
2026-02-12	15:30:00.210	-15.68	-35.315	-78.505	0.886208	-0.21472	0.361852	0.015	0.42	-0.0015	0	228	323	2
2026-02-12	15:30:00.230	-12.32	-37.87	-78.225	0.882792	-0.241072	0.380152	0.0225	0.4035	0	0	228	323	2
2026-02-12	15:30:00.250	-5.95	-39.375	-75.88	0.86986	-0.25986	0.403576	0.024	0.3855	0.003	0	228	323	2
2026-02-12	15:30:00.270	6.3	-40.425	-71.785	0.88206	-0.275232	0.419192	0.0285	0.384	0.009	0	228	323	2
2026-02-12	15:30:00.290	18.97	-41.09	-66.395	0.909632	-0.2745	0.429196	0.036	0.375	0.012	0	228	323	2
2026-02-12	15:30:00.310	27.93	-41.265	-59.395	0.944524	-0.266204	0.430416	0.0405	0.366	0.015	0	228	323	2
2026-02-12	15:30:00.330	36.225	-42.49	-50.89	1.02724	-0.284016	0.444324	0.0465	0.3675	0.0285	0	228	323	2
2026-02-12	15:30:00.350	51.695	-43.05	-43.645	1.197796	-0.3416	0.528016	0.048	0.351	0.033	0	228	323	2
2026-02-12	15:30:00.370	81.095	-38.71	-36.47	1.436672	-0.445056	0.713944	0.0645	0.348	0.051	0	228	323	2
2026-02-12	15:30:00.390	124.145	-11.655	-5.67	1.288808	-0.401624	0.768112	0.0555	0.3465	0.0525	0	228	323	2
2026-02-12	15:30:00.410	122.045	2.94	23.17	1.0065	-0.25742	0.599996	0.0525	0.3435	0.0675	0	222	338	3
2026-02-12	15:30:00.430	105.035	9.975	45.885	0.884012	-0.170312	0.486536	0.0585	0.3525	0.084	0	222	338	3
2026-02-12	15:30:00.450	90.16	13.825	61.635	0.897188	-0.142252	0.437004	0.0615	0.36	0.0915	0	222	338	3
2026-02-12	15:30:00.470	80.255	17.08	73.08	0.949648	-0.144448	0.40504	0.051	0.3615	0.0975	0	222	338	3
2026-02-12	15:30:00.490	72.45	20.755	79.94	1.006744	-0.120292	0.391864	0.048	0.378	0.1005	0	222	338	3
2026-02-12	15:30:00.510	60.9	27.09	81.935	1.056764	-0.127368	0.3843	0.0465	0.393	0.102	0	222	338	3
2026-02-12	15:30:00.530	48.195	35.455	80.5	1.145336	-0.13542	0.372344	0.0435	0.396	0.1005	0	222	338	3
2026-02-12	15:30:00.550	29.995	45.64	77.91	1.201944	-0.083204	0.346968	0.039	0.411	0.096	0	222	338	3
2026-02-12	15:30:00.570	-10.045	55.195	79.345	1.08336	-0.069296	0.267424	0.0315	0.4305	0.0915	0	222	338	3
2026-02-12	15:30:00.590	-50.995	54.495	83.615	0.996252	-0.119804	0.214476	0.0255	0.4425	0.084	0	222	338	3
2026-02-12	15:30:00.610	-67.69	46.62	87.99	1.04798	-0.179828	0.227652	0.0255	0.4425	0.084	0	215	363	3
2026-02-12	15:30:00.630	-70.385	43.33	91.455	1.164368	-0.174704	0.225456	0.015	0.459	0.0675	0	215	363	3
2026-02-12	15:30:00.650	-84.175	42.07	98.35	1.158512	-0.141032	0.182756	0.006	0.483	0.0495	0	215	363	3
2026-02-12	15:30:00.670	-101.64	40.88	105.455	1.111908	-0.16226	0.110288	0.006	0.4965	0.0465	0	215	363	3
2026-02-12	15:30:00.690	-108.64	35.455	109.725	1.06384	-0.172752	0.05124	0.0075	0.513	0.042	0	215	363	3
2026-02-12	15:30:00.710	-107.8	28.595	111.265	1.030412	-0.179828	0.0122	0.0105	0.5295	0.036	0	215	363	3
2026-02-12	15:30:00.730	-102.62	21.14	110.25	1.02236	-0.195932	-0.005124	0.0075	0.5475	0.0345	0	215	363	3
2026-02-12	15:30:00.750	-92.54	14.455	106.75	1.00284	-0.204228	0.010004	0.003	0.5565	0.036	0	215	363	3
2026-02-12	15:30:00.770	-75.845	11.165	100.415	0.993568	-0.222772	0.041236	0.0045	0.579	0.0255	0	215	363	3
2026-02-12	15:30:00.790	-53.55	11.375	93.1	0.945012	-0.243268	0.059048	0.009	0.6	0.018	0	215	363	3
2026-02-12	15:30:00.810	-25.34	10.815	84.945	0.881572	-0.224236	0.049532	0.006	0.603	0.0375	0	210	354	3
2026-02-12	15:30:00.830	-1.435	6.685	76.545	0.865468	-0.211792	0.052704	0.009	0.618	0.0315	0	210	354	3
2026-02-12	15:30:00.850	18.655	2.835	66.185	0.937692	-0.211548	0.098088	0.0225	0.6405	0.027	0	210	354	3
2026-02-12	15:30:00.870	43.19	3.815	52.08	1.01016	-0.220332	0.166896	0.0255	0.6495	0.027	0	210	354	3
2026-02-12	15:30:00.890	67.97	6.44	35.945	1.042124	-0.185928	0.188368	0.021	0.6555	0.027	0	210	354	3
2026-02-12	15:30:00.910	81.445	5.565	17.395	1.04432	-0.131272	0.177388	0.0225	0.663	0.0255	0	210	354	3
2026-02-12	15:30:00.930	83.58	0	-2.765	1.036268	-0.132492	0.194956	0.0255	0.6675	0.0195	0	210	354	3
2026-02-12	15:30:00.950	83.195	-7.385	-20.825	0.991128	-0.16104	0.252296	0.0225	0.6645	0.015	0	210	354	3
2026-02-12	15:30:00.970	86.765	-16.1	-33.495	0.959652	-0.17446	0.345748	0.015	0.6585	0.0165	0	210	354	3
2026-02-12	15:30:00.990	96.425	-21.455	-39.55	0.932324	-0.180804	0.464332	0.021	0.663	0.018	0	210	354	3
2026-02-12	15:30:01.010	110.915	-21.98	-39.9	0.918416	-0.157868	0.570228	0.018	0.651	0.018	0	206	319	3
2026-02-12	15:30:01.030	128.1	-13.44	-36.33	0.90158	-0.072468	0.589016	0.027	0.654	0.0225	0	206	319	3
2026-02-12	15:30:01.050	124.18	-9.66	-36.26	0.9211	-0.003416	0.528992	0.0195	0.648	0.0165	0	206	319	3
2026-02-12	15:30:01.070	96.88	-7.91	-40.075	0.95282	0.048068	0.455304	0.0135	0.6435	0.009	0	206	319	3
2026-02-12	15:30:01.090	52.22	-3.85	-45.955	0.97478	0.07564	0.47946	0.0135	0.6345	0.012	0	206	319	3
2026-02-12	15:30:01.110	11.935	9.765	-52.465	0.959896	0.080032	0.561444	0.012	0.624	0.0135	0	206	319	3
2026-02-12	15:30:01.130	-16.835	23.275	-58.555	0.942328	0.122488	0.539728	0.015	0.621	0.009	0	206	319	3
2026-02-12	15:30:01.150	-53.2	28.84	-67.235	0.9699	0.152988	0.476532	0.0165	0.609	0.0075	0	206	319	3
2026-02-12	15:30:01.170	-96.075	32.2	-77.35	0.972828	0.068564	0.415532	0.0135	0.5985	0.003	0	206	319	3
2026-02-12	15:30:01.190	-122.71	32.13	-84.28	0.936472	-0.021228	0.371612	0.0135	0.5955	-0.0015	0	206	319	3
2026-02-12	15:30:01.210	-134.365	29.575	-87.78	0.911096	-0.107848	0.347212	0.018	0.5865	-0.0075	0	204	310	3
2026-02-12	15:30:01.230	-133.805	25.34	-89.95	0.901824	-0.177876	0.355996	0.015	0.5655	-0.0165	0	204	310	3
2026-02-12	15:30:01.250	-123.725	23.8	-88.165	0.897188	-0.27694	0.387716	0.015	0.5655	-0.0165	0	204	310	3
2026-02-12	15:30:01.270	-110.74	23.485	-83.265	0.882792	-0.305732	0.392108	0.018	0.546	-0.021	0	204	310	3
2026-02-12	15:30:01.290	-91.84	22.015	-79.03	0.890112	-0.299388	0.39284	0.018	0.5235	-0.0285	0	204	310	3
2026-02-12	15:30:01.310	-71.225	18.97	-77.49	0.880108	-0.281576	0.388204	0.0135	0.5145	-0.03	0	204	310	3
2026-02-12	15:30:01.330	-54.95	13.825	-77	0.863028	-0.272548	0.370392	0.015	0.5025	-0.0315	0	204	310	3
2026-02-12	15:30:01.350	-43.155	6.09	-76.475	0.852536	-0.264496	0.349652	0.018	0.4935	-0.036	0	204	310	3
2026-02-12	15:30:01.370	-35.315	-3.605	-75.46	0.864492	-0.269376	0.336964	0.0195	0.4785	-0.0405	0	204	310	3
2026-02-12	15:30:01.390	-31.22	-14.175	-73.605	0.858636	-0.277428	0.348432	0.021	0.4665	-0.0375	0	204	310	3
2026-02-12	15:30:01.410	-26.95	-22.4	-70	0.818864	-0.286944	0.37454	0.024	0.465	-0.036	0	204	326	3
2026-02-12	15:30:01.430	-19.32	-28.245	-65.345	0.795196	-0.274012	0.406504	0.018	0.4635	-0.0345	0	204	326	3
2026-02-12	15:30:01.450	-7.665	-30.73	-59.815	0.783484	-0.30744	0.449204	0.024	0.45	-0.039	0	204	326	3
2026-02-12	15:30:01.470	4.235	-29.61	-52.465	0.750788	-0.342332	0.466528	0.024	0.4395	-0.0315	0	204	326	3
2026-02-12	15:30:01.490	8.12	-27.335	-44.975	0.703452	-0.342332	0.451888	0.0255	0.426	-0.027	0	204	326	3
2026-02-12	15:30:01.510	4.83	-24.185	-37.38	0.626104	-0.317444	0.423584	0.03	0.4185	-0.024	0	204	326	3
2026-02-12	15:30:01.530	1.47	-24.465	-31.955	0.621224	-0.3294	0.40382	0.0345	0.4185	-0.0105	0	204	326	3
2026-02-12	15:30:01.550	1.365	-26.95	-27.79	0.67832	-0.353556	0.40016	0.0345	0.4095	-0.0045	0	204	326	3
2026-02-12	15:30:01.570	-0.56	-31.08	-25.06	0.812764	-0.375516	0.391132	0.03	0.405	-0.0015	0	204	326	3
2026-02-12	15:30:01.590	1.96	-36.995	-25.935	1.042368	-0.434808	0.445056	0.033	0.408	-0.0015	0	204	326	3
2026-02-12	15:30:01.610	14.665	-37.905	-29.785	1.30052	-0.481412	0.601948	0.039	0.405	-0.0045	0	203	350	3
2026-02-12	15:30:01.630	22.4	-30.065	-26.46	1.380796	-0.487268	0.682468	0.0345	0.3945	0.0045	0	203	350	3
2026-02-12	15:30:01.650	20.965	-20.055	-12.67	1.260504	-0.467504	0.610732	0.0405	0.3945	0.0195	0	203	350	3
2026-02-12	15:30:01.670	27.475	-11.48	8.645	1.146068	-0.397232	0.453108	0.0375	0.3885	0.0195	0	203	350	3
2026-02-12	15:30:01.690	35.455	-9.31	23.66	1.147532	-0.38064	0.410896	0.0345	0.39	0.024	0	203	350	3
2026-02-12	15:30:01.710	49.07	-6.685	38.92	1.128744	-0.360632	0.416996	0.0315	0.3975	0.027	0	203	350	3
2026-02-12	15:30:01.730	59.29	-3.29	55.475	1.053104	-0.316712	0.407724	0.036	0.399	0.027	0	203	350	3
2026-02-12	15:30:01.750	59.29	0.07	70.98	1.0004	-0.27206	0.377224	0.033	0.4005	0.03	0	203	350	3
2026-02-12	15:30:01.770	54.11	4.235	83.965	0.976	-0.239608	0.36112	0.0255	0.411	0.0375	0	203	350	3
2026-02-12	15:30:01.790	46.13	8.68	97.265	0.924516	-0.21838	0.328668	0.018	0.426	0.045	0	203	350	3
2026-02-12	15:30:01.810	40.845	10.85	109.9	0.884012	-0.210328	0.295728	0.0105	0.441	0.0465	0	205	375	3
2026-02-12	15:30:01.830	40.74	10.22	118.895	0.874008	-0.193492	0.273036	0.0105	0.4485	0.0465	0	205	375	3
2026-02-12	15:30:01.850	43.855	9.345	123.06	0.925736	-0.191296	0.265716	0.0165	0.468	0.051	0	205	375	3
2026-02-12	15:30:01.870	47.25	10.395	123.165	1.011868	-0.166408	0.269376	0.003	0.4905	0.042	0	205	375	3
2026-02-12	15:30:01.890	38.5	15.12	118.65	0.983808	-0.145912	0.243756	0.003	0.4905	0.042	0	205	375	3
2026-02-12	15:30:01.910	30.38	17.29	112.385	0.924516	-0.155184	0.225944	0.0015	0.5145	0.042	0	205	375	3
2026-02-12	15:30:01.930	24.29	17.535	103.18	0.920612	-0.168848	0.213256	0.0015	0.543	0.039	0	205	375	3
2026-02-12	15:30:01.950	21.49	17.64	91.735	0.981124	-0.184952	0.224236	0	0.564	0.0405	0	205	375	3
2026-02-12	15:30:01.970	20.37	18.655	80.15	1.028216	-0.184708	0.242292	0.0015	0.582	0.0375	0	205	375	3
2026-02-12	15:30:01.990	17.36	19.635	68.355	1.042856	-0.172996	0.240096	0.003	0.591	0.033	0	205	375	3
2026-02-12	15:30:02.010	10.325	18.865	55.055	1.045296	-0.165676	0.207156	0.003	0.5985	0.036	0	206	379	3
2026-02-12	15:30:02.030	6.615	16.17	48.265	1.020652	-0.153232	0.199836	0.0015	0.6045	0.03	0	206	379	3
2026-02-12	15:30:02.050	2.835	12.32	38.92	0.971852	-0.144448	0.213988	0	0.612	0.0255	0	206	379	3
2026-02-12	15:30:02.070	1.505	8.05	28.42	0.95404	-0.157136	0.236436	0.003	0.6225	0.0225	0	206	379	3
2026-02-12	15:30:02.090	5.74	0.665	13.86	0.981124	-0.18666	0.234484	0.006	0.633	0.027	0	206	379	3
2026-02-12	15:30:02.110	17.325	-8.855	-1.995	1.006744	-0.222528	0.245708	0.0045	0.6345	0.0315	0	206	379	3
2026-02-12	15:30:02.130	32.83	-17.29	-15.47	1.033584	-0.233264	0.274256	0.003	0.633	0.0345	0	206	379	3
2026-02-12	15:30:02.150	49.455	-22.4	-27.265	1.061156	-0.22814	0.347944	0.0015	0.6285	0.0285	0	206	379	3
2026-02-12	15:30:02.170	64.96	-21.98	-34.65	1.048956	-0.213256	0.379664	0.0015	0.6225	0.0285	0	206	379	3
2026-02-12	15:30:02.190	76.405	-20.3	-39.34	1.043832	-0.153232	0.370392	0	0.618	0.0315	0	206	379	3
2026-02-12	15:30:02.210	76.44	-17.325	-41.65	0.990884	-0.112728	0.346968	-0.003	0.6165	0.0345	0	206	361	3
2026-02-12	15:30:02.230	66.815	-16.485	-41.86	0.932812	-0.08784	0.328668	0.0015	0.6045	0.0375	0	206	361	3
2026-02-12	15:30:02.250	50.295	-17.115	-40.845	0.906216	-0.08174	0.334524	0.0015	0.5985	0.039	0	206	361	3
2026-02-12	15:30:02.270	33.425	-15.645	-38.85	0.904508	-0.077592	0.353068	-0.0015	0.597	0.0405	0	206	361	3
2026-02-12	15:30:02.290	16.765	-13.65	-36.855	0.931592	-0.055632	0.350872	-0.003	0.594	0.0375	0	206	361	3
2026-02-12	15:30:02.310	-9.87	-8.505	-36.05	0.982344	-0.0671	0.333792	-0.003	0.5775	0.042	0	206	361	3
2026-02-12	15:30:02.330	-22.365	-4.97	-37.205	1.01016	-0.081496	0.328424	-0.003	0.573	0.0405	0	206	361	3
2026-02-12	15:30:02.350	-31.99	-0.875	-39.235	1.040416	-0.100772	0.350384	-0.003	0.564	0.0405	0	206	361	3
2026-02-12	15:30:02.370	-39.69	4.13	-41.895	1.050664	-0.099064	0.389912	-0.0045	0.561	0.0435	0	206	361	3
2026-02-12	15:30:02.390	-49.28	9.205	-45.01	1.030412	-0.111264	0.39406	-0.006	0.555	0.039	0	206	361	3
2026-02-12	15:30:02.410	-60.935	13.265	-46.41	0.952576	-0.116632	0.358924	-0.003	0.54	0.036	0	201	346	3
2026-02-12	15:30:02.430	-68.74	13.79	-46.55	0.88816	-0.123952	0.314028	-0.0045	0.5355	0.0375	0	201	346	3
2026-02-12	15:30:02.450	-72.555	11.515	-46.27	0.8601	-0.134444	0.294264	-0.0045	0.5325	0.033	0	201	346	3
2026-02-12	15:30:02.470	-72.87	8.995	-45.64	0.85156	-0.159332	0.296948	-0.006	0.522	0.0255	0	201	346	3
2026-02-12	15:30:02.490	-69.37	6.615	-45.08	0.873764	-0.16592	0.291824	-0.0105	0.5175	0.021	0	201	346	3
2026-02-12	15:30:02.510	-64.225	4.305	-45.36	0.89792	-0.173728	0.284992	-0.012	0.5085	0.0225	0	201	346	3
2026-02-12	15:30:02.530	-59.22	2.135	-46.585	0.892796	-0.182024	0.278648	-0.012	0.5085	0.0225	0	201	346	3
2026-02-12	15:30:02.550	-53.585	0.105	-48.37	0.892064	-0.194956	0.27938	-0.006	0.4995	0.0165	0	201	346	3
2026-02-12	15:30:02.570	-45.255	-2.03	-49.595	0.897676	-0.208864	0.294996	-0.003	0.486	0.012	0	201	346	3
2026-02-12	15:30:02.590	-36.68	-4.445	-49.84	0.890356	-0.222772	0.324764	-0.0015	0.477	0.0075	0	201	346	3
2026-02-12	15:30:02.610	-27.93	-6.335	-49	0.896944	-0.256688	0.360388	0.0045	0.471	0.006	0	194	338	2
2026-02-12	15:30:02.630	-18.27	-8.295	-47.215	0.898896	-0.255956	0.382836	0.006	0.459	0.0135	0	194	338	2
2026-02-12	15:30:02.650	-12.88	-10.43	-45.5	0.879864	-0.220088	0.38308	0.009	0.4515	0.0105	0	194	338	2
2026-02-12	15:30:02.670	-14.035	-12.88	-44.345	0.862784	-0.205936	0.37698	0.0105	0.4515	0.0105	0	194	338	2
2026-02-12	15:30:02.690	-18.935	-14.63	-43.05	0.813984	-0.219844	0.385276	0.012	0.4425	0.0135	0	194	338	2
2026-02-12	15:30:02.710	-25.445	-15.925	-40.81	0.7442	-0.232288	0.385032	0.0165	0.435	0.0135	0	194	338	2
2026-02-12	15:30:02.730	-36.4	-18.165	-37.975	0.657092	-0.238876	0.365756	0.0165	0.432	0.0135	0	194	338	2
2026-02-12	15:30:02.750	-43.68	-22.26	-36.47	0.568276	-0.272548	0.31964	0.0135	0.423	0.015	0	194	338	2
2026-02-12	15:30:02.770	-46.865	-33.005	-38.99	0.5612	-0.299144	0.229848	0.012	0.4125	0.015	0	194	338	2
2026-02-12	15:30:02.790	-52.885	-43.155	-47.88	0.599996	-0.401624	0.311832	0.0135	0.4095	0.0165	0	194	338	2
2026-02-12	15:30:02.810	-42.105	-34.755	-50.505	0.570472	-0.526308	0.427	0.015	0.4005	0.024	0	187	337	2
2026-02-12	15:30:02.830	-12.04	-28.385	-38.64	0.514108	-0.493368	0.388448	0.0195	0.393	0.03	0	187	337	2
2026-02-12	15:30:02.850	20.09	-32.235	-24.045	0.678808	-0.466528	0.299632	0.021	0.3885	0.03	0	187	337	2
2026-02-12	15:30:02.870	70.21	-34.895	-18.235	1.087752	-0.587552	0.444324	0.021	0.381	0.0345	0	187	337	2
2026-02-12	15:30:02.890	141.54	-25.97	-10.08	1.47132	-0.632936	0.629276	0.0225	0.378	0.0465	0	187	337	2
2026-02-12	15:30:02.910	184.975	-15.61	8.05	1.734352	-0.426756	0.605608	0.0225	0.381	0.0525	0	187	337	2
2026-02-12	15:30:02.930	163.695	0.7	29.33	1.61162	-0.332328	0.42212	0.0285	0.3885	0.066	0	187	337	2
2026-02-12	15:30:02.950	124.005	11.725	38.5	1.532564	-0.200812	0.415776	0.0285	0.381	0.0735	0	187	337	2
2026-02-12	15:30:02.970	81.865	18.795	45.045	1.40788	-0.159576	0.454084	0.0195	0.3915	0.0765	0	187	337	2
2026-02-12	15:30:02.990	34.195	21.84	56	1.2383	-0.164944	0.441152	0.012	0.408	0.0825	0	187	337	2
2026-02-12	15:30:03.010	2.31	19.81	69.16	1.077016	-0.15006	0.3965	0.012	0.4155	0.0825	0	185	347	3
2026-02-12	15:30:03.030	-18.62	14.07	79.975	0.975756	-0.171532	0.35136	0.006	0.426	0.0765	0	185	347	3
2026-02-12	15:30:03.050	-31.22	8.19	87.36	0.97234	-0.225456	0.313784	0.003	0.438	0.072	0	185	347	3
2026-02-12	15:30:03.070	-35.035	4.725	93.66	0.995764	-0.241072	0.249612	0.006	0.447	0.069	0	185	347	3
2026-02-12	15:30:03.090	-33.215	5.985	99.33	0.950136	-0.23302	0.186904	0.003	0.459	0.063	0	185	347	3
2026-02-12	15:30:03.110	-25.13	8.085	100.94	0.910364	-0.231312	0.131272	-0.006	0.4725	0.063	0	185	347	3
2026-02-12	15:30:03.130	-13.125	9.975	98.875	0.92476	-0.232288	0.09394	-0.012	0.48	0.0675	0	185	347	3
2026-02-12	15:30:03.150	-2.8	14.175	94.71	0.88816	-0.213988	0.07076	-0.006	0.5055	0.0525	0	185	347	3
2026-02-12	15:30:03.170	5.985	17.885	89.32	0.851316	-0.182512	0.05978	-0.006	0.5055	0.0525	0	185	347	3
2026-02-12	15:30:03.190	11.69	19.81	83.055	0.84302	-0.171776	0.053436	-0.0075	0.5235	0.051	0	185	347	3
2026-02-12	15:30:03.210	14.49	20.51	74.41	0.91988	-0.156404	0.052704	-0.0075	0.552	0.048	0	190	347	3
2026-02-12	15:30:03.230	11.305	22.645	64.26	0.940376	-0.142008	0.055144	-0.006	0.5655	0.045	0	190	347	3
2026-02-12	15:30:03.250	5.88	23.8	53.97	0.955504	-0.147132	0.060512	-0.006	0.576	0.039	0	190	347	3
2026-02-12	15:30:03.270	0.42	22.365	42	0.98942	-0.144448	0.059292	-0.009	0.5865	0.027	0	190	347	3
2026-02-12	15:30:03.290	-6.125	19.18	25.83	1.101416	-0.145424	0.075884	-0.0105	0.5925	0.0225	0	190	347	3
2026-02-12	15:30:03.310	-13.195	17.64	6.335	1.193648	-0.174704	0.119072	-0.0075	0.5955	0.0255	0	190	347	3
2026-02-12	15:30:03.330	-19.705	20.37	-8.925	1.11996	-0.208376	0.148108	-0.006	0.5955	0.0195	0	190	347	3
2026-02-12	15:30:03.350	-20.65	19.005	-19.635	1.023824	-0.222284	0.127368	-0.0075	0.594	0.0135	0	190	347	3
2026-02-12	15:30:03.370	-10.22	10.92	-28.49	0.925736	-0.229848	0.138836	-0.0135	0.5895	0.009	0	190	347	3
2026-02-12	15:30:03.390	12.25	1.015	-31.01	0.862052	-0.264496	0.213988	-0.0105	0.5865	0.0075	0	190	347	3
2026-02-12	15:30:03.410	43.96	-4.83	-30.24	0.930372	-0.274012	0.325496	-0.012	0.579	0.0075	0	198	317	3
2026-02-12	15:30:03.430	85.75	-0.28	-27.755	1.027484	-0.287188	0.459208	-0.0135	0.573	0.0075	0	198	317	3
2026-02-12	15:30:03.450	128.45	10.535	-22.47	1.038708	-0.202032	0.46726	-0.012	0.567	0.006	0	198	317	3
2026-02-12	15:30:03.470	146.895	18.375	-15.26	1.011136	-0.136396	0.397476	-0.0135	0.5595	0.0015	0	198	317	3
2026-02-12	15:30:03.490	132.86	21.875	-10.08	0.983564	-0.084668	0.321104	-0.015	0.558	0.0015	0	198	317	3
2026-02-12	15:30:03.510	91.28	20.055	-10.045	0.944524	0.007564	0.307928	-0.0135	0.5565	-0.0045	0	198	317	3
2026-02-12	15:30:03.530	35.735	16.205	-12.6	0.911584	0.072468	0.322568	-0.0105	0.549	-0.0105	0	198	317	3
2026-02-12	15:30:03.550	-15.295	11.48	-14.49	0.901824	0.074664	0.37088	-0.0075	0.5505	-0.0135	0	198	317	3
2026-02-12	15:30:03.570	-53.41	6.58	-14.245	0.8845	0	0.410652	-0.0075	0.558	-0.018	0	198	317	3
2026-02-12	15:30:03.590	-72.94	0.175	-13.23	0.900116	-0.103944	0.463844	-0.015	0.5475	-0.0105	0	198	317	3
2026-02-12	15:30:03.610	-68.11	0.7	-14.14	0.935252	-0.138592	0.466284	-0.0075	0.543	-0.0135	0	206	296	3
2026-02-12	15:30:03.630	-61.285	3.815	-15.68	0.92964	-0.146888	0.410652	0	0.5415	-0.0135	0	206	296	3
2026-02-12	15:30:03.650	-56.035	6.37	-17.5	0.894504	-0.147864	0.3416	-0.006	0.543	-0.0165	0	206	296	3
2026-02-12	15:30:03.670	-48.125	6.545	-20.16	0.859368	-0.147376	0.306952	-0.009	0.5415	-0.0255	0	206	296	3
2026-02-12	15:30:03.690	-38.71	4.935	-24.15	0.853512	-0.145668	0.31842	-0.006	0.543	-0.0255	0	206	296	3
2026-02-12	15:30:03.710	-29.26	2.555	-28.98	0.88206	-0.151036	0.363072	-0.0045	0.5355	-0.027	0	206	296	3
2026-02-12	15:30:03.730	-23.38	0.385	-33.635	0.88816	-0.141764	0.379908	-0.006	0.528	-0.027	0	206	296	3
2026-02-12	15:30:03.750	-22.05	-2.31	-38.955	0.888404	-0.129808	0.35746	-0.0045	0.528	-0.024	0	206	296	3
2026-02-12	15:30:03.770	-22.05	-5.95	-45.395	0.899628	-0.143472	0.333304	-0.003	0.525	-0.0285	0	206	296	3
2026-02-12	15:30:03.790	-20.755	-10.43	-54.39	0.93086	-0.17202	0.35258	-0.003	0.5205	-0.0345	0	206	296	3
2026-02-12	15:30:03.810	-19.53	-13.475	-62.125	0.926468	-0.192028	0.366488	-0.003	0.5205	-0.0345	0	209	298	3
2026-02-12	15:30:03.830	-18.935	-17.01	-67.27	0.926224	-0.200568	0.360632	0	0.507	-0.027	0	209	298	3
2026-02-12	15:30:03.850	-17.115	-21.49	-71.575	0.905484	-0.2257	0.34892	0.0015	0.4935	-0.021	0	209	298	3
2026-02-12	15:30:03.870	-12.74	-26.495	-74.025	0.860344	-0.235704	0.356484	0	0.483	-0.018	0	209	298	3
2026-02-12	15:30:03.890	-6.265	-29.75	-74.375	0.817156	-0.247904	0.40138	0.0015	0.4725	-0.0135	0	209	298	3
2026-02-12	15:30:03.910	1.435	-28.49	-72.695	0.757376	-0.250344	0.4575	0.003	0.4605	-0.012	0	209	298	3
2026-02-12	15:30:03.930	10.36	-23.45	-69.3	0.685396	-0.249368	0.4636	0.006	0.441	-0.0105	0	209	298	3
2026-02-12	15:30:03.950	18.585	-21.77	-67.305	0.630984	-0.195444	0.4331	0.0075	0.429	-0.0075	0	209	298	3
2026-02-12	15:30:03.970	15.33	-22.015	-67.41	0.611464	-0.179584	0.414556	0.009	0.423	-0.0015	0	209	298	3
2026-02-12	15:30:03.990	9.24	-22.75	-67.375	0.62952	-0.213744	0.420656	0.0135	0.42	-0.0015	0	209	298	3
2026-02-12	15:30:04.010	7.525	-22.855	-61.355	0.661484	-0.277428	0.434564	0.0165	0.408	0.0015	0	209	317	3
2026-02-12	15:30:04.030	16.205	-27.615	-55.09	0.940132	-0.350872	0.438224	0.0225	0.3945	0.003	0	209	317	3
2026-02-12	15:30:04.050	50.015	-30.87	-56.42	1.416176	-0.470676	0.65514	0.027	0.3855	0.006	0	209	317	3
2026-02-12	15:30:04.070	83.895	-19.67	-50.61	1.721176	-0.446764	0.794952	0.0315	0.3765	0.0135	0	209	317	3
2026-02-12	15:30:04.090	75.565	2.485	-25.27	1.488156	-0.365024	0.573888	0.0345	0.369	0.0195	0	209	317	3
2026-02-12	15:30:04.110	52.64	11.69	-5.04	1.304668	-0.308172	0.340868	0.036	0.3645	0.0255	0	209	317	3
2026-02-12	15:30:04.130	31.185	13.265	13.23	1.257576	-0.30134	0.32086	0.033	0.3645	0.0285	0	209	317	3
2026-02-12	15:30:04.150	17.465	16.1	32.935	1.169736	-0.282064	0.36234	0.0375	0.366	0.0285	0	209	317	3
2026-02-12	15:30:04.170	8.575	15.295	53.48	1.040172	-0.241804	0.379908	0.036	0.369	0.0285	0	209	317	3
2026-02-12	15:30:04.190	1.47	11.655	71.68	0.925492	-0.192028	0.372588	0.03	0.378	0.0255	0	209	317	3
2026-02-12	15:30:04.210	-9.415	6.3	85.365	0.850096	-0.183976	0.345748	0.027	0.384	0.021	0	210	346	3
2026-02-12	15:30:04.230	-23.31	-1.47	99.82	0.819596	-0.2257	0.288896	0.027	0.4005	0.024	0	210	346	3
2026-02-12	15:30:04.250	-23.975	-5.25	106.05	0.856928	-0.258396	0.248392	0.0195	0.411	0.018	0	210	346	3
2026-02-12	15:30:04.270	-15.715	-7.665	109.235	0.923052	-0.268644	0.202764	0.0135	0.4305	0.0135	0	210	346	3
2026-02-12	15:30:04.290	-2.695	-8.715	109.235	0.942328	-0.2623	0.1647	0.0075	0.4485	0.018	0	210	346	3
2026-02-12	15:30:04.310	13.055	-8.82	106.05	0.949648	-0.26596	0.136884	0.0045	0.4635	0.018	0	210	346	3
2026-02-12	15:30:04.330	31.22	-7.21	100.94	0.940132	-0.267912	0.139324	0.006	0.477	0.018	0	210	346	3
2026-02-12	15:30:04.350	52.605	-2.835	95.2	0.95404	-0.261324	0.16348	0.0015	0.495	0.024	0	210	346	3
2026-02-12	15:30:04.370	69.755	3.99	90.055	0.949648	-0.209108	0.172508	0	0.5115	0.0195	0	210	346	3
2026-02-12	15:30:04.390	75.32	9.905	84.595	0.926224	-0.166164	0.154208	0	0.5235	0.018	0	210	346	3
2026-02-12	15:30:04.410	72.94	12.46	76.755	0.949892	-0.144936	0.13542	0	0.5355	0.0225	0	211	354	3
2026-02-12	15:30:04.430	63.455	13.055	64.435	1.04066	-0.139324	0.139568	0	0.5415	0.0225	0	211	354	3
2026-02-12	15:30:04.450	47.39	12.67	54.11	1.087752	-0.11346	0.14762	0	0.5415	0.0225	0	211	354	3
2026-02-12	15:30:04.470	31.395	10.255	47.74	1.09678	-0.121268	0.156404	0.0045	0.5565	0.018	0	211	354	3
2026-02-12	15:30:04.490	23.975	6.335	39.515	1.160952	-0.1464	0.189588	0.003	0.576	0.0135	0	211	354	3
2026-02-12	15:30:04.510	22.785	4.27	29.33	1.245376	-0.153964	0.228628	0.003	0.579	0.012	0	211	354	3
2026-02-12	15:30:04.530	21.245	5.495	21.14	1.226588	-0.142008	0.256688	0.0075	0.579	0.006	0	211	354	3
2026-02-12	15:30:04.550	17.29	6.265	15.12	1.208776	-0.096136	0.24766	0.006	0.585	0	0	211	354	3
2026-02-12	15:30:04.570	10.29	4.48	4.69	1.210484	-0.052704	0.221064	0.0015	0.5895	-0.0015	0	211	354	3
2026-02-12	15:30:04.590	2.24	4.235	-3.36	1.10654	-0.055876	0.227652	0.0045	0.588	0	0	211	354	3
2026-02-12	15:30:04.610	-2.415	2.205	-5.6	1.037976	-0.03416	0.259128	0.0075	0.5835	0.0015	0	213	332	3
2026-02-12	15:30:04.630	-7	1.12	-2.975	0.950136	-0.01342	0.282552	0.006	0.579	0.006	0	213	332	3
2026-02-12	15:30:04.650	-7.385	-1.26	2.135	0.890356	0.022692	0.305244	0.0075	0.5775	0.0105	0	213	332	3
2026-02-12	15:30:04.670	-3.99	-3.64	3.115	0.92842	0.050996	0.328912	0.009	0.5835	0.0075	0	213	332	3
2026-02-12	15:30:04.690	-4.34	-2.485	0.105	0.96868	0.039528	0.325252	0.006	0.5865	0.006	0	213	332	3
2026-02-12	15:30:04.710	-10.185	1.26	-4.69	0.969412	0.006588	0.292312	0.006	0.582	0.006	0	213	332	3
2026-02-12	15:30:04.730	-18.655	5.075	-11.375	0.9455	0	0.253516	0.0105	0.579	0.006	0	213	332	3
2026-02-12	15:30:04.750	-29.085	8.715	-20.58	0.904508	-0.013176	0.22936	0.0105	0.579	0.006	0	213	332	3
2026-02-12	15:30:04.770	-36.435	11.48	-31.36	0.87962	-0.036844	0.22814	0.0135	0.5775	0.003	0	213	332	3
2026-02-12	15:30:04.790	-39.97	12.6	-41.37	0.898896	-0.078568	0.245708	0.012	0.5745	0.003	0	213	332	3
2026-02-12	15:30:04.810	-43.33	13.335	-49.175	0.908412	-0.108092	0.25498	0.012	0.573	0.003	0	213	308	3
2026-02-12	15:30:04.830	-44.94	12.6	-55.02	0.915488	-0.137616	0.249124	0.018	0.5655	-0.0015	0	213	308	3
2026-02-12	15:30:04.850	-41.65	9.345	-60.48	0.931836	-0.149328	0.254248	0.018	0.558	-0.0045	0	213	308	3
2026-02-12	15:30:04.870	-32.375	3.465	-67.165	0.937692	-0.176168	0.280112	0.0165	0.5565	-0.0045	0	213	308	3
2026-02-12	15:30:04.890	-25.41	-0.105	-69.685	0.942572	-0.18178	0.30012	0.015	0.5445	-0.0045	0	213	308	3
2026-02-12	15:30:04.910	-21.455	-2.45	-69.685	0.898164	-0.183488	0.295484	0.012	0.5265	-0.0045	0	213	308	3
2026-02-12	15:30:04.930	-19.285	-5.355	-67.725	0.863516	-0.172752	0.272304	0.012	0.516	-0.0045	0	213	308	3
2026-02-12	15:30:04.950	-18.655	-9.415	-65.485	0.880352	-0.159332	0.283284	0.0165	0.504	-0.012	0	213	308	3
2026-02-12	15:30:04.970	-21.84	-12.285	-64.715	0.960872	-0.139812	0.29524	0.0165	0.4935	-0.009	0	213	308	3
2026-02-12	15:30:04.990	-28.595	-14.07	-64.715	1.02236	-0.159088	0.299388	0.021	0.489	-0.003	0	213	308	3
2026-02-12	15:30:05.010	-38.955	-15.015	-63.63	1.05896	-0.20496	0.305244	0.027	0.4815	-0.003	0	211	293	3
2026-02-12	15:30:05.030	-46.865	-16.275	-61.775	1.069452	-0.243756	0.331108	0.0285	0.4725	-0.003	0	211	293	3
2026-02-12	15:30:05.050	-47.985	-17.01	-58.905	1.03578	-0.26474	0.38308	0.027	0.456	-0.0045	0	211	293	3
2026-02-12	15:30:05.070	-44.03	-17.815	-53.62	1.011624	-0.2806	0.441152	0.024	0.45	-0.003	0	211	293	3
2026-02-12	15:30:05.090	-42.945	-17.78	-46.48	0.962092	-0.287676	0.45994	0.024	0.45	-0.003	0	211	293	3
2026-02-12	15:30:05.110	-43.33	-17.745	-40.88	0.918904	-0.314028	0.4636	0.0255	0.4455	-0.0015	0	211	293	3
2026-02-12	15:30:05.130	-42.42	-17.43	-35.875	0.888404	-0.345016	0.45628	0.0285	0.438	-0.0015	0	211	293	3
2026-02-12	15:30:05.150	-42.945	-16.38	-31.885	0.816424	-0.367464	0.467748	0.036	0.4305	-0.0015	0	211	293	3
2026-02-12	15:30:05.170	-42.14	-14.63	-26.46	0.689544	-0.40992	0.473116	0.0405	0.423	-0.0015	0	211	293	3
2026-02-12	15:30:05.190	-32.34	-16.065	-20.72	0.585112	-0.419192	0.438468	0.042	0.4185	-0.003	0	211	293	3
2026-02-12	15:30:05.210	-16.135	-20.335	-16.59	0.546804	-0.423584	0.387716	0.039	0.4125	0.0015	0	207	299	3
2026-02-12	15:30:05.230	2.765	-23.03	-12.6	0.5612	-0.474336	0.405772	0.036	0.4095	0.006	0	207	299	3
2026-02-12	15:30:05.250	24.99	-22.33	-5.145	0.590236	-0.511424	0.441396	0.039	0.4125	0.006	0	207	299	3
2026-02-12	15:30:05.270	45.815	-22.4	6.02	0.723704	-0.509716	0.439688	0.0405	0.4125	0.009	0	207	299	3
2026-02-12	15:30:05.290	75.25	-19.915	14.245	1.016016	-0.527284	0.523868	0.042	0.411	0.012	0	207	299	3
2026-02-12	15:30:05.310	108.22	-9.275	20.3	1.295884	-0.50508	0.605364	0.039	0.4125	0.021	0	207	299	3
2026-02-12	15:30:05.330	119.07	6.16	29.26	1.362984	-0.393328	0.551928	0.0375	0.411	0.0315	0	207	299	3
2026-02-12	15:30:05.350	104.09	20.825	39.235	1.318088	-0.307684	0.426268	0.0435	0.4155	0.0345	0	207	299	3
2026-02-12	15:30:05.370	80.08	30.59	40.985	1.313208	-0.233996	0.366488	0.0435	0.426	0.0345	0	207	299	3
2026-02-12	15:30:05.390	45.78	37.59	41.3	1.282464	-0.210572	0.351116	0.0375	0.4335	0.033	0	207	299	3
2026-02-12	15:30:05.410	6.475	41.335	44.45	1.202432	-0.236192	0.339404	0.036	0.4395	0.03	0	206	325	3
2026-02-12	15:30:05.430	-21.21	41.23	50.12	1.089704	-0.244488	0.31354	0.0375	0.4425	0.0255	0	206	325	3
2026-02-12	15:30:05.450	-38.15	38.85	57.19	0.976244	-0.23668	0.305976	0.0345	0.447	0.0135	0	206	325	3
2026-02-12	15:30:05.470	-48.055	35.42	64.82	0.879132	-0.229848	0.289384	0.0345	0.4575	0.0045	0	206	325	3
2026-02-12	15:30:05.490	-53.655	30.73	71.575	0.813008	-0.23668	0.268888	0.039	0.471	0	0	206	325	3
2026-02-12	15:30:05.510	-47.25	23.1	78.96	0.786412	-0.263764	0.227408	0.042	0.4785	-0.0045	0	206	325	3
2026-02-12	15:30:05.530	-32.27	18.34	81.06	0.828624	-0.284992	0.205448	0.0345	0.4905	-0.0105	0	206	325	3
2026-02-12	15:30:05.550	-10.99	15.54	80.78	0.88084	-0.281088	0.189832	0.0285	0.5085	-0.015	0	206	325	3
2026-02-12	15:30:05.570	7.245	15.61	79.8	0.847168	-0.260104	0.1708	0.033	0.519	-0.0135	0	206	325	3
2026-02-12	15:30:05.590	23.73	15.225	77.175	0.853512	-0.254492	0.159088	0.0405	0.5265	-0.0135	0	206	325	3
2026-02-12	15:30:05.610	41.65	14.875	72.625	0.905728	-0.239608	0.184952	0.042	0.5355	-0.0165	0	208	341	3
2026-02-12	15:30:05.630	54.915	16.345	67.55	0.944524	-0.214476	0.208376	0.039	0.546	-0.0195	0	208	341	3
2026-02-12	15:30:05.650	63.105	18.585	61.11	0.982588	-0.182024	0.218868	0.0405	0.5535	-0.024	0	208	341	3
2026-02-12	15:30:05.670	65.52	20.825	52.29	1.041636	-0.164944	0.231312	0.045	0.564	-0.0195	0	208	341	3
2026-02-12	15:30:05.690	62.195	23.1	43.855	1.109224	-0.13786	0.233996	0.048	0.5715	-0.0195	0	208	341	3
2026-02-12	15:30:05.710	43.4	23.38	33.6	1.13826	-0.077836	0.21472	0.048	0.573	-0.0255	0	208	341	3
2026-02-12	15:30:05.730	11.76	20.51	19.18	1.157292	-0.049776	0.227408	0.048	0.5745	-0.0255	0	208	341	3
2026-02-12	15:30:05.750	-11.515	15.995	5.005	1.19682	-0.088572	0.255956	0.051	0.5805	-0.027	0	208	341	3
2026-02-12	15:30:05.770	-28.455	12.845	-8.75	1.18096	-0.103456	0.272548	0.0495	0.5835	-0.033	0	208	341	3
2026-02-12	15:30:05.790	-40.075	10.115	-20.86	1.13948	-0.15372	0.28182	0.0465	0.582	-0.039	0	208	341	3
2026-02-12	15:30:05.810	-41.93	8.05	-28.665	1.014552	-0.162748	0.276208	0.051	0.5805	-0.042	0	211	332	3
2026-02-12	15:30:05.830	-37.135	3.185	-33.215	0.9028	-0.13786	0.248392	0.057	0.5775	-0.039	0	211	332	3
2026-02-12	15:30:05.850	-27.265	-5.285	-35.91	0.874984	-0.163724	0.241804	0.057	0.5745	-0.0375	0	211	332	3
2026-02-12	15:30:05.870	-7.21	-14.42	-35.84	0.918172	-0.202764	0.291824	0.048	0.5685	-0.0375	0	211	332	3
2026-02-12	15:30:05.890	18.655	-20.86	-33.11	0.996008	-0.19886	0.382592	0.048	0.564	-0.0315	0	211	332	3
2026-02-12	15:30:05.910	40.74	-22.33	-29.575	1.011136	-0.12688	0.409676	0.0555	0.5565	-0.03	0	211	332	3
2026-02-12	15:30:05.930	52.045	-20.405	-29.33	0.994056	-0.06466	0.38796	0.0495	0.549	-0.033	0	211	332	3
2026-02-12	15:30:05.950	43.75	-18.2	-31.99	0.950868	0.00854	0.324276	0.0465	0.549	-0.0315	0	211	332	3
2026-02-12	15:30:05.970	15.82	-17.535	-36.155	0.93086	0.012932	0.26352	0.048	0.5445	-0.0255	0	211	332	3
2026-02-12	15:30:05.990	-13.405	-15.925	-41.72	0.906216	-0.007808	0.238876	0.048	0.5385	-0.0225	0	211	332	3
2026-02-12	15:30:06.010	-35.525	-14.525	-47.39	0.878888	-0.020252	0.246684	0.051	0.5325	-0.021	0	212	317	3
2026-02-12	15:30:06.030	-52.43	-12.775	-52.675	0.874496	-0.057828	0.26962	0.0525	0.525	-0.0225	0	212	317	3
2026-02-12	15:30:06.050	-62.195	-11.095	-57.12	0.9089	-0.10004	0.277428	0.0525	0.5205	-0.021	0	212	317	3
2026-02-12	15:30:06.070	-63.84	-9.31	-60.48	0.944524	-0.143716	0.271084	0.0555	0.5115	-0.0195	0	212	317	3
2026-02-12	15:30:06.090	-59.85	-7.385	-62.79	0.959896	-0.163968	0.2623	0.0555	0.4995	-0.021	0	212	317	3
2026-02-12	15:30:06.110	-53.935	-6.545	-65.24	0.985272	-0.169824	0.255468	0.051	0.492	-0.024	0	212	317	3
2026-02-12	15:30:06.130	-47.985	-6.86	-67.55	1.007964	-0.169092	0.267424	0.0525	0.489	-0.0255	0	212	317	3
2026-02-12	15:30:06.150	-44.59	-9.065	-68.6	0.976244	-0.164212	0.275232	0.0555	0.477	-0.027	0	212	317	3
2026-02-12	15:30:06.170	-40.88	-12.81	-69.195	0.979172	-0.184952	0.28792	0.057	0.4695	-0.0225	0	212	317	3
2026-02-12	15:30:06.190	-31.885	-15.715	-67.165	0.993568	-0.224968	0.335012	0.057	0.4635	-0.018	0	212	317	3
2026-02-12	15:30:06.210	-24.185	-16.73	-62.37	0.976244	-0.221552	0.353312	0.0615	0.456	-0.018	0	210	307	3
2026-02-12	15:30:06.230	-21.315	-17.64	-57.89	1.00406	-0.229848	0.3599	0.066	0.4485	-0.024	0	210	307	3
2026-02-12	15:30:06.250	-16.695	-15.365	-52.745	1.046272	-0.275476	0.375028	0.0675	0.435	-0.021	0	210	307	3
2026-02-12	15:30:06.270	-10.64	-10.535	-44.905	1.012844	-0.255468	0.376248	0.069	0.426	-0.0135	0	210	307	3
2026-02-12	15:30:06.290	-9.03	-6.51	-36.61	0.976732	-0.227652	0.358436	0.0675	0.4245	-0.024	0	210	307	3
2026-02-12	15:30:06.310	-12.18	-3.57	-29.26	0.949404	-0.21594	0.34892	0.069	0.4215	-0.024	0	210	307	3
2026-02-12	15:30:06.330	-19.95	-2.555	-23.555	0.916464	-0.191296	0.34648	0.0765	0.4155	-0.015	0	210	307	3
2026-02-12	15:30:06.350	-39.69	-4.095	-19.005	0.855952	-0.161284	0.360144	0.078	0.417	-0.018	0	210	307	3
2026-02-12	15:30:06.370	-62.545	-6.545	-15.68	0.771772	-0.208132	0.37332	0.075	0.414	-0.024	0	210	307	3
2026-02-12	15:30:06.390	-73.115	-8.785	-13.055	0.7015	-0.273524	0.386984	0.0795	0.4095	-0.03	0	210	307	3
2026-02-12	15:30:06.410	-73.885	-9.625	-9.135	0.582916	-0.285968	0.401624	0.084	0.4095	-0.0285	0	204	308	3
2026-02-12	15:30:06.430	-68.81	-10.78	-4.9	0.448472	-0.361364	0.409188	0.0795	0.414	-0.027	0	204	308	3
2026-02-12	15:30:06.450	-49.525	-11.095	0.84	0.384056	-0.477752	0.444324	0.078	0.414	-0.03	0	204	308	3
2026-02-12	15:30:06.470	-13.265	-11.27	7.35	0.361608	-0.50874	0.509228	0.0795	0.405	-0.03	0	204	308	3
2026-02-12	15:30:06.490	28.455	-8.54	20.44	0.364292	-0.467992	0.534604	0.0765	0.408	-0.03	0	204	308	3
2026-02-12	15:30:06.510	55.545	-11.62	34.51	0.584868	-0.450668	0.43188	0.075	0.417	-0.0225	0	204	308	3
2026-02-12	15:30:06.530	73.85	-21.875	30.905	1.091168	-0.518744	0.512156	0.0735	0.4245	-0.015	0	204	308	3
2026-02-12	15:30:06.550	97.09	-21.77	15.295	1.527928	-0.5978	0.757376	0.072	0.429	-0.0105	0	204	308	3
2026-02-12	15:30:06.570	106.4	-2.94	20.86	1.718736	-0.559248	0.794464	0.0765	0.42	-0.0045	0	204	308	3
2026-02-12	15:30:06.590	101.885	23.975	26.18	1.5921	-0.429196	0.622444	0.0735	0.4215	-0.0045	0	204	308	3
2026-02-12	15:30:06.610	84.77	42.245	29.33	1.450092	-0.284748	0.52704	0.072	0.429	-0.009	0	202	332	3
2026-02-12	15:30:06.630	45.745	52.815	37.31	1.29076	-0.20984	0.460916	0.0705	0.4335	-0.0045	0	202	332	3
2026-02-12	15:30:06.650	5.215	55.79	48.16	1.10776	-0.21228	0.391132	0.0705	0.438	-0.006	0	202	332	3
2026-02-12	15:30:06.670	-14.84	52.78	61.985	0.951844	-0.187148	0.335988	0.0705	0.444	-0.0105	0	202	332	3
2026-02-12	15:30:06.690	-28.945	45.99	75.46	0.861076	-0.124684	0.292068	0.0705	0.45	-0.0135	0	202	332	3
2026-02-12	15:30:06.710	-50.61	38.01	85.54	0.819108	-0.133956	0.245708	0.0645	0.462	-0.0225	0	202	332	3
2026-02-12	15:30:06.730	-70.595	28.595	92.925	0.792756	-0.173484	0.213256	0.063	0.477	-0.0315	0	202	332	3
2026-02-12	15:30:06.750	-77.91	18.76	98.14	0.786412	-0.211792	0.20252	0.0675	0.4875	-0.036	0	202	332	3
2026-02-12	15:30:06.770	-72.135	11.97	99.085	0.829356	-0.24278	0.200812	0.0645	0.5085	-0.039	0	202	332	3
2026-02-12	15:30:06.790	-52.71	9.24	91.84	0.874984	-0.27572	0.206424	0.0615	0.5295	-0.042	0	202	332	3
2026-02-12	15:30:06.810	-36.19	10.325	84.245	0.820328	-0.293776	0.21106	0.0645	0.5355	-0.0405	0	208	357	3
2026-02-12	15:30:06.830	-15.015	11.34	74.515	0.804224	-0.314028	0.203252	0.0645	0.5415	-0.0405	0	208	357	3
2026-02-12	15:30:06.850	11.445	12.285	63	0.830088	-0.315736	0.188368	0.0645	0.558	-0.0435	0	208	357	3
2026-02-12	15:30:06.870	40.46	12.74	49.315	0.889136	-0.296704	0.182512	0.0615	0.57	-0.0465	0	208	357	3
2026-02-12	15:30:06.890	63.595	13.23	34.37	0.980392	-0.250588	0.173484	0.0615	0.5805	-0.048	0	208	357	3
2026-02-12	15:30:06.910	74.27	12.88	20.86	1.048468	-0.197152	0.1525	0.0675	0.588	-0.051	0	208	357	3
2026-02-12	15:30:06.930	72.24	10.605	8.295	1.05774	-0.1586	0.154452	0.0705	0.5835	-0.0555	0	208	357	3
2026-02-12	15:30:06.950	65.345	6.86	-3.71	1.079212	-0.163724	0.195688	0.069	0.579	-0.057	0	208	357	3
2026-02-12	15:30:06.970	60.585	3.045	-14.665	1.136064	-0.164212	0.238876	0.0675	0.579	-0.0555	0	208	357	3
2026-02-12	15:30:06.990	52.535	-0.455	-23.59	1.148996	-0.14762	0.244976	0.072	0.5775	-0.0585	0	208	357	3
2026-02-12	15:30:07.010	32.795	-5.81	-34.405	1.058472	-0.138592	0.259616	0.0675	0.57	-0.06	0	216	353	3
2026-02-12	15:30:07.030	22.61	-12.32	-39.62	1.000156	-0.157868	0.295484	0.066	0.5655	-0.0555	0	216	353	3
2026-02-12	15:30:07.050	20.16	-17.71	-42.35	0.966484	-0.170556	0.357216	0.069	0.558	-0.0585	0	216	353	3
2026-02-12	15:30:07.070	20.79	-20.475	-41.86	0.927444	-0.15616	0.376492	0.066	0.552	-0.0555	0	216	353	3
2026-02-12	15:30:07.090	17.185	-23.52	-39.27	0.875472	-0.133712	0.35136	0.066	0.5475	-0.0495	0	216	353	3
2026-02-12	15:30:07.110	12.565	-26.355	-36.4	0.843996	-0.14274	0.343796	0.066	0.54	-0.045	0	216	353	3
2026-02-12	15:30:07.130	17.185	-28.245	-34.65	0.870104	-0.152988	0.371612	0.069	0.537	-0.0405	0	216	353	3
2026-02-12	15:30:07.150	28.77	-25.55	-33.215	0.913048	-0.152744	0.400648	0.069	0.537	-0.039	0	216	353	3
2026-02-12	15:30:07.170	32.445	-21.35	-31.185	0.94184	-0.103456	0.378688	0.066	0.531	-0.042	0	216	353	3
2026-02-12	15:30:07.190	21.7	-18.13	-30.695	0.964532	-0.060512	0.35258	0.066	0.522	-0.039	0	216	353	3
2026-02-12	15:30:07.210	-2.1	-14.84	-32.34	0.973804	-0.043676	0.328668	0.0675	0.5175	-0.0345	0	222	338	3
2026-02-12	15:30:07.230	-23.38	-11.55	-34.09	0.951356	-0.049044	0.324764	0.069	0.5145	-0.0315	0	222	338	3
2026-02-12	15:30:07.250	-35.665	-8.435	-35.035	0.957212	-0.070272	0.34648	0.069	0.513	-0.027	0	222	338	3
2026-02-12	15:30:07.270	-41.3	-5.04	-34.755	0.979904	-0.094428	0.357216	0.0705	0.5085	-0.0285	0	222	338	3
2026-02-12	15:30:07.290	-43.435	-1.435	-33.285	0.965996	-0.115168	0.342576	0.069	0.501	-0.03	0	222	338	3
2026-02-12	15:30:07.310	-42.7	1.365	-31.15	0.942328	-0.125416	0.318176	0.0645	0.4995	-0.027	0	222	338	3
2026-02-12	15:30:07.330	-40.985	3.045	-28.455	0.938424	-0.124928	0.291336	0.0645	0.4965	-0.0255	0	222	338	3
2026-02-12	15:30:07.350	-41.72	3.955	-26.18	0.949892	-0.110288	0.295972	0.066	0.495	-0.027	0	222	338	3
2026-02-12	15:30:07.370	-47.425	5.74	-24.99	0.962092	-0.098332	0.309636	0.066	0.492	-0.033	0	222	338	3
2026-02-12	15:30:07.390	-57.12	7.105	-24.92	0.956724	-0.103212	0.304512	0.0675	0.4905	-0.0375	0	222	338	3
2026-02-12	15:30:07.410	-66.01	6.79	-25.97	0.942328	-0.1281	0.294752	0.072	0.4875	-0.036	0	223	330	3
2026-02-12	15:30:07.430	-69.44	3.29	-27.685	0.905972	-0.17812	0.321348	0.075	0.486	-0.039	0	223	330	3
2026-02-12	15:30:07.450	-66.255	0.315	-28.595	0.90402	-0.19764	0.347456	0.081	0.486	-0.0465	0	223	330	3
2026-02-12	15:30:07.470	-63.84	-2.45	-29.82	0.911096	-0.220332	0.36478	0.075	0.48	-0.0465	0	223	330	3
2026-02-12	15:30:07.490	-60.725	-5.53	-30.765	0.897432	-0.238144	0.371856	0.0735	0.4725	-0.0435	0	223	330	3
2026-02-12	15:30:07.510	-53.655	-9.065	-31.08	0.881572	-0.257908	0.386984	0.0765	0.474	-0.045	0	223	330	3
2026-02-12	15:30:07.530	-44.275	-12.005	-31.29	0.884012	-0.277672	0.407724	0.072	0.474	-0.048	0	223	330	3
2026-02-12	15:30:07.550	-36.82	-13.23	-31.885	0.895236	-0.28914	0.422852	0.0675	0.471	-0.048	0	223	330	3
2026-02-12	15:30:07.570	-34.825	-13.51	-32.48	0.891088	-0.282796	0.383812	0.0705	0.465	-0.0495	0	223	330	3
2026-02-12	15:30:07.590	-40.915	-15.19	-33.845	0.8967	-0.265228	0.321592	0.072	0.4605	-0.051	0	223	330	3
2026-02-12	15:30:07.610	-51.695	-16.485	-35.245	0.81008	-0.26474	0.327936	0.0795	0.462	-0.0525	0	218	331	2
2026-02-12	15:30:07.630	-60.76	-19.46	-34.475	0.647088	-0.287432	0.352092	0.0855	0.462	-0.048	0	218	331	2
2026-02-12	15:30:07.650	-61.32	-25.165	-31.92	0.55144	-0.37576	0.399916	0.081	0.4635	-0.042	0	218	331	2
2026-02-12	15:30:07.670	-49.385	-27.37	-28.14	0.548268	-0.457988	0.448716	0.0795	0.453	-0.0555	0	218	331	2
2026-02-12	15:30:07.690	-30.8	-25.935	-20.405	0.551928	-0.490196	0.497272	0.078	0.453	-0.045	0	218	331	2
2026-02-12	15:30:07.710	-7.525	-22.575	-8.505	0.541436	-0.469944	0.504348	0.0765	0.45	-0.039	0	218	331	2
2026-02-12	15:30:07.730	20.545	-20.545	4.97	0.641476	-0.469212	0.45872	0.078	0.444	-0.045	0	218	331	2
2026-02-12	15:30:07.750	50.89	-22.82	12.985	0.929152	-0.493612	0.437248	0.0825	0.441	-0.0405	0	218	331	2
2026-02-12	15:30:07.770	86.765	-22.015	11.27	1.295396	-0.549	0.551684	0.0825	0.444	-0.0285	0	218	331	2
2026-02-12	15:30:07.790	117.6	-11.375	9.135	1.59942	-0.506056	0.67588	0.0795	0.444	-0.0195	0	218	331	2
2026-02-12	15:30:07.810	109.97	9.625	15.75	1.499624	-0.410652	0.584136	0.075	0.4455	-0.0165	0	212	346	3
2026-02-12	15:30:07.830	87.43	24.01	17.08	1.351028	-0.349164	0.431148	0.069	0.4485	-0.0165	0	212	346	3
2026-02-12	15:30:07.850	57.33	30.94	15.47	1.302472	-0.29646	0.39406	0.0675	0.45	-0.0165	0	212	346	3
2026-02-12	15:30:07.870	22.295	36.505	19.775	1.18828	-0.302072	0.416508	0.0675	0.45	-0.0165	0	212	346	3
2026-02-12	15:30:07.890	1.05	38.535	29.435	1.048468	-0.319152	0.398208	0.072	0.4515	-0.021	0	212	346	3
2026-02-12	15:30:07.910	-4.655	36.925	43.19	0.904264	-0.27206	0.347212	0.0735	0.4545	-0.0285	0	212	346	3
2026-02-12	15:30:07.930	-7.28	32.585	56.455	0.807884	-0.231312	0.293044	0.0705	0.462	-0.033	0	212	346	3
2026-02-12	15:30:07.950	-10.85	25.935	67.865	0.762744	-0.233264	0.237412	0.0675	0.474	-0.033	0	212	346	3
2026-02-12	15:30:07.970	-10.43	18.06	77.245	0.74542	-0.253028	0.199592	0.063	0.483	-0.036	0	212	346	3
2026-02-12	15:30:07.990	-1.47	11.27	84.315	0.745908	-0.259616	0.183	0.063	0.4935	-0.042	0	212	346	3
2026-02-12	15:30:08.010	13.405	6.405	87.43	0.765916	-0.260836	0.168604	0.06	0.507	-0.045	0	212	363	3
2026-02-12	15:30:08.030	32.97	2.835	84.63	0.88328	-0.269376	0.18178	0.0555	0.519	-0.042	0	212	363	3
2026-02-12	15:30:08.050	51.73	3.85	78.05	0.914512	-0.277672	0.205936	0.057	0.528	-0.036	0	212	363	3
2026-02-12	15:30:08.070	73.5	10.395	67.27	0.870836	-0.257664	0.20862	0.0615	0.531	-0.0375	0	212	363	3
2026-02-12	15:30:08.090	80.15	11.795	56.035	0.928908	-0.233264	0.21594	0.0615	0.5445	-0.0405	0	212	363	3
2026-02-12	15:30:08.110	83.965	15.155	42.84	1.012356	-0.239852	0.25254	0.0585	0.552	-0.042	0	212	363	3
2026-02-12	15:30:08.130	87.045	19.775	31.745	1.07238	-0.18788	0.27572	0.0585	0.561	-0.045	0	212	363	3
2026-02-12	15:30:08.150	75.145	22.785	22.505	1.109712	-0.087352	0.242048	0.0615	0.561	-0.0465	0	212	363	3
2026-02-12	15:30:08.170	44.38	22.68	12.005	1.119716	-0.04148	0.198128	0.0615	0.5625	-0.0495	0	212	363	3
2026-02-12	15:30:08.190	7.91	18.235	-0.315	1.15778	-0.057828	0.207888	0.06	0.564	-0.0555	0	212	363	3
2026-02-12	15:30:08.210	-20.755	12.6	-13.72	1.222928	-0.093208	0.250588	0.0615	0.564	-0.0555	0	213	358	3
2026-02-12	15:30:08.230	-44.345	9.415	-23.555	1.196576	-0.127124	0.267668	0.06	0.564	-0.0555	0	213	358	3
2026-02-12	15:30:08.250	-62.755	6.23	-29.225	1.07848	-0.163236	0.26108	0.057	0.561	-0.0585	0	213	358	3
2026-02-12	15:30:08.270	-70.35	-0.91	-31.15	0.967948	-0.193004	0.242292	0.0585	0.558	-0.066	0	213	358	3
2026-02-12	15:30:08.290	-57.61	-7.245	-28.07	0.905484	-0.224724	0.233996	0.0615	0.555	-0.072	0	213	358	3
2026-02-12	15:30:08.310	-33.355	-10.325	-21.49	0.859856	-0.191296	0.233508	0.0615	0.5535	-0.0495	0	213	358	3
2026-02-12	15:30:08.330	-23.8	-13.895	-14.455	0.832772	-0.146888	0.257908	0.057	0.558	-0.0555	0	213	358	3
2026-02-12	15:30:08.350	-26.285	-16.52	-9.555	0.824964	-0.146644	0.288164	0.057	0.561	-0.0555	0	213	358	3
2026-02-12	15:30:08.370	-22.96	-17.045	-6.58	0.824232	-0.139324	0.305732	0.0555	0.5565	-0.051	0	213	358	3
2026-02-12	15:30:08.390	-19.075	-15.12	-7.14	0.845948	-0.100528	0.307928	0.051	0.552	-0.051	0	213	358	3
2026-02-12	15:30:08.410	-24.255	-13.055	-12.495	0.916464	-0.095648	0.30622	0.0555	0.549	-0.0495	0	215	337	3
2026-02-12	15:30:08.430	-35.42	-9.1	-20.405	0.945256	-0.117608	0.291092	0.0555	0.5475	-0.045	0	215	337	3
2026-02-12	15:30:08.450	-46.34	-5.775	-28.28	0.95282	-0.12322	0.26108	0.057	0.5475	-0.042	0	215	337	3
2026-02-12	15:30:08.470	-53.48	-5.39	-38.08	0.997228	-0.1342	0.259616	0.0585	0.546	-0.048	0	215	337	3
2026-02-12	15:30:08.490	-55.125	-5.145	-50.715	1.030168	-0.156892	0.3111	0.0585	0.5445	-0.051	0	215	337	3
2026-02-12	15:30:08.510	-53.095	-4.795	-61.18	1.011624	-0.177144	0.350872	0.0585	0.5445	-0.051	0	215	337	3
2026-02-12	15:30:08.530	-50.33	-5.285	-66.255	0.979416	-0.199104	0.360388	0.0555	0.5295	-0.042	0	215	337	3
2026-02-12	15:30:08.550	-42.91	-6.335	-68.25	0.940864	-0.207644	0.366	0.057	0.5265	-0.0435	0	215	337	3
2026-02-12	15:30:08.570	-33.18	-7.875	-68.67	0.926468	-0.193492	0.362584	0.06	0.519	-0.042	0	215	337	3
2026-02-12	15:30:08.590	-25.62	-8.645	-68.32	0.908168	-0.18056	0.356972	0.057	0.5055	-0.042	0	215	337	3
2026-02-12	15:30:08.610	-23.975	-10.01	-67.83	0.925492	-0.172264	0.34892	0.054	0.4995	-0.0435	0	214	321	3
2026-02-12	15:30:08.630	-25.795	-10.955	-67.165	0.96136	-0.180804	0.355508	0.057	0.495	-0.0405	0	214	321	3
2026-02-12	15:30:08.650	-29.89	-10.745	-66.43	0.971608	-0.188124	0.362096	0.057	0.486	-0.039	0	214	321	3
2026-02-12	15:30:08.670	-33.04	-10.255	-65.275	0.99796	-0.234728	0.375516	0.057	0.4755	-0.0375	0	214	321	3
2026-02-12	15:30:08.690	-37.555	-8.96	-61.25	1.039928	-0.269132	0.389912	0.0615	0.465	-0.0405	0	214	321	3
2026-02-12	15:30:08.710	-51.1	-7.42	-51.765	1.038464	-0.2745	0.389668	0.0645	0.4635	-0.045	0	214	321	3
2026-02-12	15:30:08.730	-57.155	-7.28	-44.205	1.003816	-0.287188	0.372832	0.069	0.4515	-0.039	0	214	321	3
2026-02-12	15:30:08.750	-60.165	-8.785	-36.645	0.954772	-0.296948	0.359656	0.066	0.444	-0.0435	0	214	321	3
2026-02-12	15:30:08.770	-62.895	-11.515	-29.295	0.879376	-0.311588	0.366732	0.0675	0.4455	-0.0435	0	214	321	3
2026-02-12	15:30:08.790	-64.295	-14	-22.155	0.782996	-0.333548	0.379664	0.0705	0.441	-0.045	0	214	321	3
2026-02-12	15:30:08.810	-61.32	-16.625	-15.4	0.70272	-0.380396	0.376492	0.069	0.435	-0.048	0	209	321	3
2026-02-12	15:30:08.830	-48.755	-19.67	-8.33	0.637084	-0.408212	0.348676	0.0645	0.4335	-0.048	0	209	321	3
2026-02-12	15:30:08.850	-29.855	-23.205	-0.42	0.567788	-0.395036	0.323788	0.066	0.4305	-0.045	0	209	321	3
2026-02-12	15:30:08.870	-6.615	-26.075	8.54	0.4941	-0.391864	0.306952	0.069	0.432	-0.048	0	209	321	3
2026-02-12	15:30:08.890	19.25	-28.49	19.985	0.404552	-0.389912	0.289384	0.069	0.441	-0.0435	0	209	321	3
2026-02-12	15:30:08.910	52.675	-34.825	35.245	0.466772	-0.4026	0.255224	0.0645	0.4455	-0.0345	0	209	321	3
2026-02-12	15:30:08.930	93.03	-44.17	35.42	0.93696	-0.438956	0.346968	0.0585	0.444	-0.033	0	209	321	3
2026-02-12	15:30:08.950	132.86	-39.62	18.585	1.355176	-0.465064	0.54778	0.072	0.45	-0.021	0	209	321	3
2026-02-12	15:30:08.970	145.39	-20.86	10.01	1.522316	-0.42822	0.591456	0.0585	0.4515	-0.0045	0	209	321	3
2026-02-12	15:30:08.990	127.225	0.91	9.38	1.388604	-0.431636	0.449204	0.06	0.453	0	0	209	321	3
2026-02-12	15:30:09.010	107.24	15.82	1.085	1.334436	-0.352824	0.293288	0.06	0.4545	0.006	0	205	329	3
2026-02-12	15:30:09.030	77.91	30.415	-8.225	1.240984	-0.278648	0.232044	0.051	0.4515	0.0105	0	205	329	3
2026-02-12	15:30:09.050	42.63	39.445	-10.885	1.15412	-0.265472	0.241072	0.054	0.45	0.0135	0	205	329	3
2026-02-12	15:30:09.070	9.87	42.665	-6.895	1.039928	-0.283284	0.25376	0.063	0.4515	0.0075	0	205	329	3
2026-02-12	15:30:09.090	-12.81	40.705	3.885	0.923296	-0.29524	0.273524	0.06	0.4485	0	0	205	329	3
2026-02-12	15:30:09.110	-20.02	34.685	18.27	0.838628	-0.268156	0.292068	0.0585	0.4455	-0.0015	0	205	329	3
2026-02-12	15:30:09.130	-24.465	26.495	36.575	0.820572	-0.277184	0.292312	0.0615	0.4455	-0.0015	0	205	329	3
2026-02-12	15:30:09.150	-18.9	17.675	54.6	0.887916	-0.329888	0.270352	0.0615	0.4455	-0.0015	0	205	329	3
2026-02-12	15:30:09.170	0.805	10.815	68.495	0.94428	-0.336232	0.236192	0.048	0.4665	-0.012	0	205	329	3
2026-02-12	15:30:09.190	21.28	6.79	79.52	0.952088	-0.323544	0.197396	0.0465	0.4695	-0.0105	0	205	329	3
2026-02-12	15:30:09.210	44.73	4.55	85.225	0.944524	-0.32696	0.179096	0.045	0.48	-0.0105	0	205	333	3
2026-02-12	15:30:09.230	72.45	3.92	86.485	0.940132	-0.33794	0.17812	0.0435	0.495	-0.015	0	205	333	3
2026-02-12	15:30:09.250	100.03	4.48	85.015	0.965264	-0.30744	0.203252	0.045	0.51	-0.015	0	205	333	3
2026-02-12	15:30:09.270	116.655	7.14	81.095	0.994056	-0.262788	0.222528	0.0405	0.522	-0.0105	0	205	333	3
2026-02-12	15:30:09.290	121.59	12.88	75.11	1.003084	-0.221308	0.238876	0.0345	0.531	-0.0135	0	205	333	3
2026-02-12	15:30:09.310	117.81	19.25	67.41	1.040416	-0.182512	0.261812	0.0375	0.5385	-0.018	0	205	333	3
2026-02-12	15:30:09.330	103.145	26.74	61.425	1.069452	-0.109312	0.25864	0.042	0.54	-0.0195	0	205	333	3
2026-02-12	15:30:09.350	48.23	32.48	51.45	1.080432	0.0061	0.205448	0.042	0.5415	-0.0225	0	205	333	3
2026-02-12	15:30:09.370	-0.035	30.45	39.935	1.087508	-0.001952	0.194956	0.0435	0.567	-0.0255	0	205	333	3
2026-02-12	15:30:09.390	-38.78	25.795	25.375	1.176324	-0.059292	0.207156	0.039	0.573	-0.0315	0	205	333	3
2026-02-12	15:30:09.410	-69.3	21.56	11.97	1.22976	-0.078324	0.212036	0.0375	0.576	-0.03	0	206	321	3
2026-02-12	15:30:09.430	-99.435	19.95	0.945	1.158268	-0.088816	0.207888	0.0345	0.5775	-0.0345	0	206	321	3
2026-02-12	15:30:09.450	-128.38	14.91	-12.075	1.07604	0.027084	0.129564	0.036	0.5775	-0.039	0	206	321	3
2026-02-12	15:30:09.470	-165.095	6.37	-24.85	0.970144	-0.010248	0.055632	0.036	0.582	-0.039	0	206	321	3
2026-02-12	15:30:09.490	-180.005	-2.52	-31.71	0.915	-0.067832	0.115656	0.0345	0.582	-0.039	0	206	321	3
2026-02-12	15:30:09.510	-167.685	-8.295	-33.74	0.883524	-0.197884	0.234484	0.039	0.582	-0.036	0	206	321	3
2026-02-12	15:30:09.530	-127.26	-7.63	-30.8	0.868884	-0.225944	0.323056	0.0375	0.5805	-0.033	0	206	321	3
2026-02-12	15:30:09.550	-67.375	-2.45	-27.965	0.901824	-0.159088	0.315248	0.033	0.579	-0.033	0	206	321	3
2026-02-12	15:30:09.570	-17.43	4.34	-27.44	0.984052	-0.137128	0.273036	0.033	0.579	-0.0345	0	206	321	3
2026-02-12	15:30:09.590	11.62	8.33	-29.4	1.06384	-0.072712	0.222284	0.0255	0.57	-0.027	0	206	321	3
2026-02-12	15:30:09.610	27.615	11.795	-35.14	1.089704	-0.038552	0.189832	0.027	0.5625	-0.0315	0	207	298	3
2026-02-12	15:30:09.630	30.625	13.405	-40.67	1.075308	-0.021716	0.191052	0.0285	0.5595	-0.033	0	207	298	3
2026-02-12	15:30:09.650	22.155	13.58	-46.655	1.038708	0.035868	0.20252	0.03	0.558	-0.0345	0	207	298	3
2026-02-12	15:30:09.670	-0.84	10.535	-57.085	1.026508	0.13176	0.269864	0.0315	0.552	-0.036	0	207	298	3
2026-02-12	15:30:09.690	-34.755	9.625	-69.79	1.01382	0.0122	0.30378	0.0315	0.54	-0.0375	0	207	298	3
2026-02-12	15:30:09.710	-48.23	6.37	-76.58	1.009428	-0.09076799	0.300608	0.027	0.5295	-0.039	0	207	298	3
2026-02-12	15:30:09.730	-43.015	4.83	-81.69	0.988688	-0.112484	0.27938	0.03	0.522	-0.039	0	207	298	3
2026-02-12	15:30:09.750	-39.445	3.185	-85.33	0.963068	-0.143716	0.256688	0.033	0.51	-0.042	0	207	298	3
2026-02-12	15:30:09.770	-30.38	0.63	-87.22	0.94062	-0.168604	0.24888	0.033	0.501	-0.0435	0	207	298	3
2026-02-12	15:30:09.790	-18.06	-2.73	-87.885	0.976488	-0.212036	0.238632	0.033	0.501	-0.0435	0	207	298	3
2026-02-12	15:30:09.810	-1.645	-5.11	-87.36	1.01992	-0.274744	0.267912	0.0435	0.474	-0.048	0	206	280	3
2026-02-12	15:30:09.830	20.195	-8.085	-85.085	1.036024	-0.268644	0.3111	0.045	0.4575	-0.048	0	206	280	3
2026-02-12	15:30:09.850	33.215	-10.22	-82.565	1.014552	-0.232288	0.354288	0.048	0.4515	-0.0465	0	206	280	3
2026-02-12	15:30:09.870	31.045	-10.675	-78.995	0.950868	-0.210572	0.370392	0.051	0.438	-0.0465	0	206	280	3
2026-02-12	15:30:09.890	17.85	-12.075	-73.92	0.903532	-0.189344	0.374784	0.0495	0.426	-0.0435	0	206	280	3
2026-02-12	15:30:09.910	-1.435	-13.51	-69.02	0.856928	-0.161772	0.393084	0.0525	0.414	-0.0375	0	206	280	3
2026-02-12	15:30:09.930	-24.92	-14.385	-63.665	0.779092	-0.120292	0.374052	0.0555	0.4065	-0.0345	0	206	280	3
2026-02-12	15:30:09.950	-60.27	-21.63	-62.405	0.719068	-0.129076	0.32574	0.063	0.396	-0.0345	0	206	280	3
2026-02-12	15:30:09.970	-99.645	-28.35	-68.005	0.56486	-0.217648	0.289384	0.072	0.384	-0.036	0	206	280	3
2026-02-12	15:30:09.990	-127.505	-29.96	-83.895	0.506788	-0.63684	0.345016	0.072	0.3795	-0.0375	0	206	280	3
2026-02-12	15:30:10.010	-79.835	-24.185	-85.05	0.738344	-0.93574	0.406748	0.0735	0.3735	-0.0465	0	205	279	3
2026-02-12	15:30:10.030	-3.535	-15.61	-67.165	0.81984	-1.027972	0.447496	0.078	0.354	-0.048	0	205	279	3
2026-02-12	15:30:10.050	69.51	-2.8	-30.975	0.894748	-0.937692	0.506788	0.0855	0.3525	-0.0495	0	205	279	3
2026-02-12	15:30:10.070	131.39	4.97	8.435	1.207312	-0.759816	0.668804	0.0885	0.3495	-0.045	0	205	279	3
2026-02-12	15:30:10.090	172.795	16.59	50.05	1.464732	-0.441884	0.776896	0.087	0.351	-0.0345	0	205	279	3
2026-02-12	15:30:10.110	164.325	27.195	86.905	1.515972	-0.074176	0.741028	0.0855	0.351	-0.0195	0	205	279	3
2026-02-12	15:30:10.130	96.845	35.98	112.245	1.387628	0.089792	0.591212	0.075	0.3525	-0.009	0	205	279	3
2026-02-12	15:30:10.150	11.585	42.245	121.1	1.329556	0.066368	0.455792	0.0675	0.3645	-0.009	0	205	279	3
2026-02-12	15:30:10.170	-54.075	42.35	124.495	1.296372	-0.004636	0.370148	0.06	0.3825	-0.012	0	205	279	3
2026-02-12	15:30:10.190	-100.765	34.79	127.365	1.25782	-0.118828	0.368196	0.054	0.4005	-0.0225	0	205	279	3
2026-02-12	15:30:10.210	-121.835	25.2	130.235	1.144116	-0.2135	0.382592	0.057	0.408	-0.027	0	210	306	3
2026-02-12	15:30:10.230	-120.26	19.32	133.525	1.04066	-0.274744	0.382348	0.045	0.447	-0.0435	0	210	306	3
2026-02-12	15:30:10.250	-103.67	17.43	134.855	0.968436	-0.301828	0.354288	0.0255	0.4635	-0.0495	0	210	306	3
2026-02-12	15:30:10.270	-79.52	17.885	135.31	0.937204	-0.3172	0.31476	0.03	0.4815	-0.051	0	210	306	3
2026-02-12	15:30:10.290	-51.835	17.29	133.315	0.913048	-0.255468	0.268156	0.033	0.504	-0.0525	0	210	306	3
2026-02-12	15:30:10.310	-31.57	15.4	127.645	0.919392	-0.1586	0.2928	0.0315	0.5205	-0.057	0	210	306	3
2026-02-12	15:30:10.330	-14.49	12.25	120.995	0.823744	-0.17324	0.150792	0.027	0.5445	-0.0615	0	210	306	3
2026-02-12	15:30:10.350	-5.075	8.05	107.73	0.842776	-0.203252	0.128588	0.0225	0.564	-0.0645	0	210	306	3
2026-02-12	15:30:10.370	9.87	5.495	94.885	0.837408	-0.20252	0.115656	0.03	0.5775	-0.069	0	210	306	3
2026-02-12	15:30:10.390	22.47	5.425	81.55	0.798612	-0.21472	0.11468	0.033	0.5925	-0.063	0	210	306	3
2026-02-12	15:30:10.410	37.87	6.125	64.155	0.76982	-0.227652	0.105408	0.0285	0.6015	-0.057	0	220	330	3
2026-02-12	15:30:10.430	50.575	6.825	45.185	0.814228	-0.231312	0.10736	0.0285	0.6015	-0.057	0	220	330	3
2026-02-12	15:30:10.450	58.52	7.91	28.525	0.883768	-0.233264	0.122732	0.0315	0.621	-0.0795	0	220	330	3
2026-02-12	15:30:10.470	61.215	10.325	12.775	0.886452	-0.201788	0.122	0.045	0.624	-0.0645	0	220	330	3
2026-02-12	15:30:10.490	56.175	9.415	-2.45	0.9028	-0.172996	0.114924	0.0405	0.624	-0.0705	0	220	330	3
2026-02-12	15:30:10.510	47.46	6.545	-18.165	0.914512	-0.16226	0.14274	0.0405	0.624	-0.0765	0	220	330	3
2026-02-12	15:30:10.530	37.24	1.96	-34.44	0.94428	-0.157136	0.200812	0.0405	0.618	-0.078	0	220	330	3
2026-02-12	15:30:10.550	20.58	-5.53	-50.96	1.005768	-0.193004	0.214964	0.036	0.6075	-0.0825	0	220	330	3
2026-02-12	15:30:10.570	7.77	-13.895	-67.34	1.066036	-0.239852	0.225456	0.0375	0.606	-0.0855	0	220	330	3
2026-02-12	15:30:10.590	6.37	-21.175	-81.76	1.116788	-0.277184	0.274988	0.033	0.6015	-0.0825	0	220	330	3
2026-02-12	15:30:10.610	13.965	-26.32	-92.505	1.101904	-0.295484	0.3233	0.03	0.5865	-0.0795	0	230	322	3
2026-02-12	15:30:10.630	38.64	-30.66	-99.575	1.077504	-0.321836	0.377224	0.033	0.5805	-0.0795	0	230	322	3
2026-02-12	15:30:10.650	63.07	-28.7	-96.6	1.055544	-0.311588	0.427732	0.027	0.5475	-0.06	0	230	322	3
2026-02-12	15:30:10.670	81.69	-22.61	-86.52	0.978928	-0.256932	0.43066	0.024	0.531	-0.063	0	230	322	3
2026-02-12	15:30:10.690	86.345	-17.395	-73.465	0.889136	-0.150792	0.396012	0.027	0.5115	-0.06	0	230	322	3
2026-02-12	15:30:10.710	77.56	-16.03	-62.195	0.886696	-0.067588	0.3782	0.0255	0.5025	-0.06	0	230	322	3
2026-02-12	15:30:10.730	61.11	-12.985	-53.655	0.937448	-0.00854	0.391864	0.0285	0.4935	-0.0585	0	230	322	3
2026-02-12	15:30:10.750	29.12	-8.4	-48.86	1.011868	0.064172	0.403088	0.03	0.4875	-0.051	0	230	322	3
2026-02-12	15:30:10.770	-20.825	-3.36	-48.65	1.085556	0.09076799	0.367464	0.03	0.474	-0.048	0	230	322	3
2026-02-12	15:30:10.790	-75.88	2.59	-49.77	1.090924	0.042944	0.3172	0.036	0.4665	-0.0495	0	230	322	3
2026-02-12	15:30:10.810	-115.955	7.595	-50.435	1.10532	-0.0366	0.320616	0.045	0.4605	-0.0525	0	235	311	3
2026-02-12	15:30:10.830	-141.855	11.69	-48.265	1.044076	-0.11712	0.331352	0.042	0.4575	-0.06	0	235	311	3
2026-02-12	15:30:10.850	-151.025	14.56	-39.445	0.956724	-0.195932	0.339648	0.036	0.459	-0.063	0	235	311	3
2026-02-12	15:30:10.870	-143.5	14.28	-31.395	0.898896	-0.229848	0.341356	0.039	0.459	-0.0735	0	235	311	3
2026-02-12	15:30:10.890	-122.675	13.3	-24.43	0.87718	-0.247904	0.344528	0.0405	0.453	-0.078	0	235	311	3
2026-02-12	15:30:10.910	-93.905	12.67	-19.67	0.8845	-0.25132	0.35502	0.0465	0.4545	-0.09	0	235	311	3
2026-02-12	15:30:10.930	-65.38	12.46	-17.29	0.889136	-0.240096	0.349408	0.045	0.4545	-0.093	0	235	311	3
2026-02-12	15:30:10.950	-42.49	11.55	-17.57	0.898652	-0.20984	0.3233	0.048	0.456	-0.096	0	235	311	3
2026-02-12	15:30:10.970	-30.17	10.22	-20.02	0.882304	-0.189344	0.292556	0.0465	0.4545	-0.1005	0	235	311	3
2026-02-12	15:30:10.990	-22.61	7.14	-24.325	0.896456	-0.188368	0.279136	0.0495	0.456	-0.1035	0	235	311	3
2026-02-12	15:30:11.010	-15.75	2.87	-29.75	0.941352	-0.202764	0.298412	0.0525	0.4515	-0.102	0	237	311	3
2026-02-12	15:30:11.030	-10.01	-0.14	-34.755	0.954528	-0.218136	0.336964	0.0525	0.441	-0.1035	0	237	311	3
2026-02-12	15:30:11.050	-6.93	-3.745	-36.855	0.908412	-0.214232	0.356484	0.0585	0.438	-0.1065	0	237	311	3
2026-02-12	15:30:11.070	-7.105	-9.485	-37.24	0.865224	-0.207156	0.351848	0.0585	0.438	-0.1065	0	237	311	3
2026-02-12	15:30:11.090	-9.87	-15.295	-37.66	0.842044	-0.217892	0.361364	0.0585	0.429	-0.1095	0	237	311	3
2026-02-12	15:30:11.110	-12.565	-19.81	-36.925	0.793244	-0.232044	0.377956	0.066	0.4275	-0.1065	0	237	311	3
2026-02-12	15:30:11.130	-15.05	-23.73	-34.44	0.722972	-0.261812	0.38918	0.0645	0.4245	-0.102	0	237	311	3
2026-02-12	15:30:11.150	-14.14	-26.46	-29.05	0.610244	-0.288164	0.394792	0.0645	0.4215	-0.1005	0	237	311	3
2026-02-12	15:30:11.170	-14.735	-33.81	-23.695	0.564372	-0.29646	0.383324	0.0645	0.414	-0.096	0	237	311	3
2026-02-12	15:30:11.190	-25.305	-43.05	-21.035	0.559736	-0.314516	0.35868	0.063	0.4095	-0.09	0	237	311	3
2026-02-12	15:30:11.210	-29.96	-50.155	-19.915	0.552416	-0.356972	0.361852	0.063	0.4095	-0.0885	0	233	319	3
2026-02-12	15:30:11.230	-22.96	-53.445	-17.36	0.541924	-0.431148	0.401136	0.0615	0.4095	-0.0855	0	233	319	3
2026-02-12	15:30:11.250	-1.26	-49.245	-9.94	0.531432	-0.503128	0.439444	0.054	0.4095	-0.0765	0	233	319	3
2026-02-12	15:30:11.270	41.405	-39.095	10.395	0.519232	-0.423096	0.292312	0.0525	0.4095	-0.072	0	233	319	3
2026-02-12	15:30:11.290	72.485	-44.065	10.185	0.949404	-0.449448	0.270596	0.057	0.411	-0.063	0	233	319	3
2026-02-12	15:30:11.310	134.19	-38.78	-9.135	1.515972	-0.7259	0.594384	0.0435	0.4005	-0.0525	0	233	319	3
2026-02-12	15:30:11.330	202.685	-11.2	-12.075	1.850252	-0.736148	0.736392	0.0495	0.399	-0.042	0	233	319	3
2026-02-12	15:30:11.350	217.49	15.96	2.975	1.737524	-0.56852	0.555588	0.0525	0.3975	-0.033	0	233	319	3
2026-02-12	15:30:11.370	200.655	33.81	4.48	1.68238	-0.382836	0.343064	0.0555	0.3915	-0.024	0	233	319	3
2026-02-12	15:30:11.390	161	52.08	4.13	1.568188	-0.268156	0.301096	0.0555	0.384	-0.0195	0	233	319	3
2026-02-12	15:30:11.410	109.34	66.15	12.565	1.384456	-0.224236	0.304024	0.06	0.3825	-0.0135	0	232	335	3
2026-02-12	15:30:11.430	52.815	71.995	31.57	1.10776	-0.210572	0.285968	0.0615	0.384	-0.015	0	232	335	3
2026-02-12	15:30:11.450	16.625	68.355	57.89	0.854488	-0.160064	0.265228	0.063	0.3825	-0.0225	0	232	335	3
2026-02-12	15:30:11.470	-5.635	54.04	85.33	0.735904	-0.06588	0.25254	0.054	0.3855	-0.0315	0	232	335	3
2026-02-12	15:30:11.490	-34.65	40.11	103.145	0.740052	-0.07076	0.216672	0.0435	0.3885	-0.036	0	232	335	3
2026-02-12	15:30:11.510	-57.645	27.335	113.575	0.79666	-0.113948	0.181292	0.0495	0.4215	-0.0315	0	232	335	3
2026-02-12	15:30:11.530	-74.13	18.165	121.695	0.825696	-0.157868	0.149572	0.042	0.435	-0.045	0	232	335	3
2026-02-12	15:30:11.550	-78.26	14.07	123.795	0.848876	-0.203252	0.125904	0.039	0.456	-0.0525	0	232	335	3
2026-02-12	15:30:11.570	-73.5	10.255	117.425	0.968192	-0.264008	0.130052	0.0315	0.4665	-0.051	0	232	335	3
2026-02-12	15:30:11.590	-66.43	10.92	106.82	1.0126	-0.319396	0.139812	0.027	0.486	-0.051	0	232	335	3
2026-02-12	15:30:11.610	-51.485	15.295	94.29	1.004304	-0.353556	0.148108	0.03	0.5085	-0.0555	0	238	338	3
2026-02-12	15:30:11.630	-29.4	20.335	78.085	1.03212	-0.345748	0.139812	0.0315	0.5235	-0.0585	0	238	338	3
2026-02-12	15:30:11.650	-6.72	25.725	61.6	1.059204	-0.297192	0.10492	0.0285	0.534	-0.0585	0	238	338	3
2026-02-12	15:30:11.670	9.625	29.33	46.13	1.075064	-0.203008	0.0671	0.0255	0.552	-0.0615	0	238	338	3
2026-02-12	15:30:11.690	12.845	27.72	28.77	1.029924	-0.156648	0.056364	0.024	0.561	-0.0645	0	238	338	3
2026-02-12	15:30:11.710	13.72	21.875	12.985	1.030656	-0.163236	0.102724	0.024	0.561	-0.0645	0	238	338	3
2026-02-12	15:30:11.730	17.395	16.205	1.925	1.048712	-0.160796	0.147864	0.03	0.567	-0.0735	0	238	338	3
2026-02-12	15:30:11.750	16.975	8.4	-8.33	1.043588	-0.157868	0.177144	0.033	0.5685	-0.075	0	238	338	3
2026-02-12	15:30:11.770	14.875	-2.415	-18.27	1.057984	-0.183732	0.208376	0.0255	0.5685	-0.075	0	238	338	3
2026-02-12	15:30:11.790	17.71	-12.6	-28.385	1.057252	-0.221308	0.257908	0.027	0.564	-0.0765	0	238	338	3
2026-02-12	15:30:11.810	30.8	-17.255	-35.49	1.006988	-0.279136	0.326472	0.0285	0.561	-0.0705	0	246	315	3
2026-02-12	15:30:11.830	57.855	-16.625	-36.085	0.949648	-0.290116	0.36966	0.0255	0.5535	-0.0645	0	246	315	3
2026-02-12	15:30:11.850	87.43	-13.3	-31.255	0.883524	-0.24156	0.399672	0.024	0.5475	-0.066	0	246	315	3
2026-02-12	15:30:11.870	106.75	-9.03	-23.905	0.851804	-0.181536	0.41846	0.0255	0.5445	-0.063	0	246	315	3
2026-02-12	15:30:11.890	108.885	-4.48	-17.57	0.8479	-0.111752	0.392352	0.027	0.534	-0.057	0	246	315	3
2026-02-12	15:30:11.910	79.45	-0.42	-15.295	0.88938	-0.050508	0.355996	0.03	0.528	-0.057	0	246	315	3
2026-02-12	15:30:11.930	49.42	-0.385	-18.34	0.931836	-0.0061	0.345992	0.018	0.5265	-0.06	0	246	315	3
2026-02-12	15:30:11.950	16.975	0.245	-24.045	0.945256	0.017324	0.351116	0.0315	0.5235	-0.0615	0	246	315	3
2026-02-12	15:30:11.970	-14.315	1.155	-29.575	0.96624	0.001464	0.364536	0.0255	0.5085	-0.0555	0	246	315	3
2026-02-12	15:30:11.990	-38.57	2.87	-33.74	0.976976	-0.044408	0.376004	0.027	0.5175	-0.051	0	246	315	3
2026-02-12	15:30:12.010	-53.62	3.465	-36.015	0.955992	-0.089792	0.392352	0.0255	0.5145	-0.057	0	250	298	3
2026-02-12	15:30:12.030	-62.09	2.135	-36.96	0.923296	-0.137372	0.398208	0.027	0.5115	-0.0615	0	250	298	3
2026-02-12	15:30:12.050	-61.495	-0.665	-37.485	0.912804	-0.15982	0.41114	0.0315	0.5055	-0.0585	0	250	298	3
2026-02-12	15:30:12.070	-51.975	-2.73	-37.975	0.921588	-0.171044	0.426512	0.033	0.501	-0.06	0	250	298	3
2026-02-12	15:30:12.090	-38.325	-3.535	-38.92	0.913292	-0.16836	0.427732	0.03	0.4965	-0.063	0	250	298	3
2026-02-12	15:30:12.110	-27.93	-4.375	-42.455	0.895236	-0.16348	0.396988	0.027	0.4965	-0.0645	0	250	298	3
2026-02-12	15:30:12.130	-23.66	-5.67	-46.585	0.86132	-0.174948	0.36234	0.027	0.501	-0.066	0	250	298	3
2026-02-12	15:30:12.150	-20.475	-7.56	-49.49	0.870592	-0.185684	0.353556	0.0285	0.471	-0.057	0	250	298	3
2026-02-12	15:30:12.170	-17.465	-9.66	-51.905	0.877424	-0.194224	0.36478	0.024	0.4785	-0.0555	0	250	298	3
2026-02-12	15:30:12.190	-17.815	-11.585	-53.27	0.857904	-0.197884	0.378688	0.033	0.465	-0.063	0	250	298	3
2026-02-12	15:30:12.210	-18.27	-14.525	-53.97	0.840092	-0.213744	0.38064	0.0345	0.462	-0.06	0	249	304	3
2026-02-12	15:30:12.230	-16.555	-18.025	-54.53	0.832284	-0.218868	0.38064	0.033	0.456	-0.0615	0	249	304	3
2026-02-12	15:30:12.250	-15.645	-21.98	-55.755	0.8662	-0.244	0.38064	0.033	0.447	-0.0585	0	249	304	3
2026-02-12	15:30:12.270	-15.225	-23.835	-56.595	0.879376	-0.262544	0.380152	0.036	0.4365	-0.0525	0	249	304	3
2026-02-12	15:30:12.290	-13.65	-23.8	-56.14	0.868396	-0.283284	0.383812	0.042	0.4275	-0.0525	0	249	304	3
2026-02-12	15:30:12.310	-10.745	-21.91	-54.355	0.866444	-0.310124	0.4148	0.048	0.429	-0.045	0	249	304	3
2026-02-12	15:30:12.330	-12.88	-17.29	-50.26	0.832772	-0.302804	0.418704	0.048	0.4335	-0.0375	0	249	304	3
2026-02-12	15:30:12.350	-24.99	-13.825	-45.675	0.744932	-0.29646	0.39284	0.048	0.4335	-0.0375	0	249	304	3
2026-02-12	15:30:12.370	-37.135	-12.495	-42.28	0.660752	-0.346968	0.40626	0.0525	0.4035	-0.045	0	249	304	3
2026-02-12	15:30:12.390	-41.09	-11.795	-37.94	0.62098	-0.428952	0.427244	0.051	0.396	-0.048	0	249	304	3
2026-02-12	15:30:12.410	-36.435	-12.74	-31.92	0.630008	-0.483608	0.420656	0.0555	0.3915	-0.0495	0	244	323	3
2026-02-12	15:30:12.430	-27.93	-13.545	-22.575	0.671	-0.52338	0.373564	0.054	0.384	-0.0345	0	244	323	3
2026-02-12	15:30:12.450	-12.495	-19.25	-10.255	0.7869	-0.51728	0.3111	0.054	0.384	-0.036	0	244	323	3
2026-02-12	15:30:12.470	13.79	-28.28	-2.59	1.04676	-0.551196	0.37942	0.0525	0.387	-0.0375	0	244	323	3
2026-02-12	15:30:12.490	49.875	-29.505	3.115	1.263676	-0.586088	0.551196	0.0525	0.39	-0.0345	0	244	323	3
2026-02-12	15:30:12.510	79.415	-22.54	14.525	1.366644	-0.545096	0.614392	0.054	0.387	-0.0285	0	244	323	3
2026-02-12	15:30:12.530	89.74	-13.615	28.315	1.330776	-0.472628	0.54778	0.0495	0.384	-0.0225	0	244	323	3
2026-02-12	15:30:12.550	88.375	-2.52	41.335	1.209264	-0.37088	0.44774	0.0465	0.3855	-0.0195	0	244	323	3
2026-02-12	15:30:12.570	85.19	1.575	48.16	1.2139	-0.351848	0.43554	0.0435	0.3975	0	0	244	323	3
2026-02-12	15:30:12.590	84.525	5.215	54.005	1.232444	-0.328424	0.455304	0.0375	0.411	0.006	0	244	323	3
2026-02-12	15:30:12.610	77.525	10.5	60.235	1.172176	-0.28426	0.44896	0.0405	0.4215	0	0	238	348	3
2026-02-12	15:30:12.630	66.36	15.47	66.85	1.099464	-0.24766	0.412604	0.024	0.429	-0.003	0	238	348	3
2026-02-12	15:30:12.650	51.205	21.245	74.27	1.02114	-0.207644	0.343064	0.0285	0.4335	0.0015	0	238	348	3
2026-02-12	15:30:12.670	34.195	24.955	83.23	0.916464	-0.178364	0.25986	0.03	0.4455	0.0045	0	238	348	3
2026-02-12	15:30:12.690	20.055	24.115	90.86	0.905484	-0.17568	0.216672	0.0285	0.4605	0	0	238	348	3
2026-02-12	15:30:12.710	12.74	23.45	95.97	1.025532	-0.162504	0.21106	0.027	0.4785	0	0	238	348	3
2026-02-12	15:30:12.730	0.665	25.76	101.255	1.003572	-0.120536	0.177388	0.0195	0.4875	0.0015	0	238	348	3
2026-02-12	15:30:12.750	-19.46	26.67	107.065	0.913292	-0.121756	0.132004	0.018	0.498	-0.0015	0	238	348	3
2026-02-12	15:30:12.770	-31.08	23.975	107.485	0.904752	-0.127612	0.116144	0.018	0.507	-0.0075	0	238	348	3
2026-02-12	15:30:12.790	-36.365	22.715	103.215	0.936228	-0.145668	0.134444	0.015	0.549	-0.0135	0	238	348	3
2026-02-12	15:30:12.810	-38.5	23.45	96.95	0.953308	-0.166896	0.149328	0.018	0.573	-0.015	0	235	359	3
2026-02-12	15:30:12.830	-37.695	26.32	89.285	0.954528	-0.17446	0.155184	0.0225	0.579	-0.0075	0	235	359	3
2026-02-12	15:30:12.850	-33.88	29.47	79.345	0.962824	-0.19154	0.150304	0.0225	0.6	-0.0165	0	235	359	3
2026-02-12	15:30:12.870	-27.3	31.36	68.81	0.982344	-0.18056	0.129076	0.0255	0.603	-0.021	0	235	359	3
2026-02-12	15:30:12.890	-21.98	30.275	55.265	1.04676	-0.143716	0.109312	0.0315	0.615	-0.0285	0	235	359	3
2026-02-12	15:30:12.910	-21.105	26.215	34.615	1.1468	-0.136152	0.109068	0.0315	0.627	-0.0315	0	235	359	3
2026-02-12	15:30:12.930	-23.905	23.66	10.43	1.167784	-0.16104	0.157624	0.0285	0.633	-0.0315	0	235	359	3
2026-02-12	15:30:12.950	-23.66	21.315	-13.475	1.177788	-0.200568	0.215208	0.0315	0.6345	-0.033	0	235	359	3
2026-02-12	15:30:12.970	-16.345	17.01	-38.99	1.08214	-0.210084	0.253028	0.036	0.6345	-0.036	0	235	359	3
2026-02-12	15:30:12.990	-2.975	11.34	-54.915	0.919392	-0.21594	0.293532	0.036	0.6345	-0.036	0	235	359	3
2026-02-12	15:30:13.010	15.505	4.305	-57.89	0.851804	-0.227408	0.3477	0.0345	0.624	-0.0495	0	233	340	3
2026-02-12	15:30:13.030	39.97	-2.24	-54.285	0.845216	-0.248636	0.404796	0.0285	0.612	-0.042	0	233	340	3
2026-02-12	15:30:13.050	64.365	-7.455	-47.95	0.882792	-0.2135	0.447984	0.036	0.6	-0.0555	0	233	340	3
2026-02-12	15:30:13.070	80.885	-9.8	-42.665	0.923784	-0.156404	0.475068	0.036	0.597	-0.045	0	233	340	3
2026-02-12	15:30:13.090	86.065	-8.33	-39.69	0.922808	-0.078568	0.467748	0.036	0.594	-0.048	0	233	340	3
2026-02-12	15:30:13.110	76.23	-7.455	-41.09	0.930128	-0.02074	0.434564	0.0315	0.5835	-0.0525	0	233	340	3
2026-02-12	15:30:13.130	52.57	-6.685	-46.305	0.914512	0.000976	0.396012	0.0225	0.573	-0.054	0	233	340	3
2026-02-12	15:30:13.150	19.775	-6.72	-52.71	0.877912	-0.012932	0.363316	0.021	0.564	-0.048	0	233	340	3
2026-02-12	15:30:13.170	-12.425	-7.7	-59.185	0.851072	-0.060756	0.350628	0.024	0.5535	-0.0465	0	233	340	3
2026-02-12	15:30:13.190	-31.255	-7.49	-64.12	0.827404	-0.147864	0.414068	0.027	0.549	-0.048	0	233	340	3
2026-02-12	15:30:13.210	-26.565	-6.405	-62.965	0.803248	-0.184952	0.442372	0.036	0.543	-0.0495	0	231	326	3
2026-02-12	15:30:13.230	-15.645	-6.3	-59.71	0.787144	-0.181048	0.432368	0.0255	0.5295	-0.0405	0	231	326	3
2026-02-12	15:30:13.250	-4.13	-7.945	-56.63	0.816912	-0.165676	0.407724	0.0405	0.513	-0.0495	0	231	326	3
2026-02-12	15:30:13.270	4.76	-9.66	-54.635	0.860832	-0.152256	0.402844	0.03	0.5055	-0.054	0	231	326	3
2026-02-12	15:30:13.290	8.47	-9.205	-53.27	0.876204	-0.127368	0.419436	0.033	0.519	-0.048	0	231	326	3
2026-02-12	15:30:13.310	4.55	-7.735	-52.115	0.87962	-0.113704	0.425048	0.03	0.5085	-0.048	0	231	326	3
2026-02-12	15:30:13.330	-5.705	-6.895	-51.275	0.879132	-0.119804	0.42456	0.0285	0.492	-0.045	0	231	326	3
2026-02-12	15:30:13.350	-17.325	-6.93	-50.435	0.890356	-0.134444	0.417484	0.03	0.4815	-0.042	0	231	326	3
2026-02-12	15:30:13.370	-25.445	-7.595	-49.315	0.897188	-0.149084	0.424804	0.033	0.477	-0.042	0	231	326	3
2026-02-12	15:30:13.390	-28.385	-7.525	-46.55	0.877912	-0.157624	0.43188	0.0375	0.471	-0.039	0	231	326	3
2026-02-12	15:30:13.410	-27.51	-7.28	-42.42	0.873764	-0.157868	0.419436	0.0375	0.4665	-0.036	0	227	333	3
2026-02-12	15:30:13.430	-23.52	-6.125	-39.305	0.875472	-0.1708	0.413824	0.0345	0.462	-0.0465	0	227	333	3
2026-02-12	15:30:13.450	-19.81	-6.475	-37.1	0.88084	-0.168116	0.427	0.0435	0.453	-0.045	0	227	333	3
2026-02-12	15:30:13.470	-21.805	-8.155	-36.015	0.9272	-0.209108	0.438224	0.0465	0.453	-0.0345	0	227	333	3
2026-02-12	15:30:13.490	-20.405	-10.115	-34.44	0.95648	-0.203496	0.458476	0.0495	0.4425	-0.042	0	227	333	3
2026-02-12	15:30:13.510	-21	-11.305	-32.515	0.9516	-0.19398	0.458232	0.045	0.4395	-0.045	0	227	333	3
2026-02-12	15:30:13.530	-25.725	-13.72	-30.905	0.936472	-0.172264	0.453596	0.042	0.4365	-0.0405	0	227	333	3
2026-02-12	15:30:13.550	-36.33	-16.625	-29.47	0.909144	-0.172508	0.449936	0.0405	0.432	-0.042	0	227	333	3
2026-02-12	15:30:13.570	-47.635	-18.06	-27.65	0.85888	-0.18178	0.46848	0.045	0.429	-0.0405	0	227	333	3
2026-02-12	15:30:13.590	-55.65	-19.285	-24.92	0.798612	-0.213256	0.465064	0.045	0.4275	-0.036	0	227	333	3
2026-02-12	15:30:13.610	-59.15	-22.295	-22.05	0.717604	-0.244	0.461648	0.0405	0.4275	-0.036	0	220	355	3
2026-02-12	15:30:13.630	-56.315	-24.675	-18.725	0.61488	-0.283528	0.45262	0.0405	0.4275	-0.036	0	220	355	3
2026-02-12	15:30:13.650	-47.53	-26.81	-14.14	0.53192	-0.304024	0.40138	0.048	0.4155	-0.036	0	220	355	3
2026-02-12	15:30:13.670	-32.27	-33.18	-8.61	0.528016	-0.345748	0.352336	0.0525	0.423	-0.0375	0	220	355	3
2026-02-12	15:30:13.690	-7.315	-40.705	-2.94	0.603168	-0.397232	0.31354	0.0585	0.4155	-0.0315	0	220	355	3
2026-02-12	15:30:13.710	31.64	-51.38	-0.49	0.907924	-0.449204	0.33184	0.0615	0.423	-0.0315	0	220	355	3
2026-02-12	15:30:13.730	97.545	-52.71	-7.385	1.38592	-0.569496	0.551684	0.054	0.417	-0.0225	0	220	355	3
2026-02-12	15:30:13.750	169.82	-38.01	-9.17	1.663104	-0.524112	0.717604	0.051	0.411	-0.0075	0	220	355	3
2026-02-12	15:30:13.770	198.38	-15.155	-0.77	1.59332	-0.379176	0.593408	0.051	0.414	0.0045	0	220	355	3
2026-02-12	15:30:13.790	192.885	1.295	4.165	1.443504	-0.307928	0.436516	0.0495	0.414	0.015	0	220	355	3
2026-02-12	15:30:13.810	177.695	13.65	9.03	1.38714	-0.272548	0.436272	0.054	0.4125	0.0225	0	214	380	3
2026-02-12	15:30:13.830	131.46	28.665	30.38	1.170712	-0.167628	0.44652	0.0555	0.414	0.027	0	214	380	3
2026-02-12	15:30:13.850	86.94	31.535	47.635	1.002352	-0.076128	0.424072	0.0555	0.4275	0.0345	0	214	380	3
2026-02-12	15:30:13.870	37.065	32.585	63	0.870104	-0.055388	0.379908	0.045	0.438	0.0405	0	214	380	3
2026-02-12	15:30:13.890	-7.42	32.305	76.44	0.79666	-0.072956	0.3294	0.0525	0.444	0.0285	0	214	380	3
2026-02-12	15:30:13.910	-44.87	29.295	88.445	0.80398	-0.115168	0.267912	0.048	0.4515	0.0255	0	214	380	3
2026-02-12	15:30:13.930	-69.65	24.605	100.205	0.844972	-0.161772	0.21228	0.039	0.456	0.027	0	214	380	3
2026-02-12	15:30:13.950	-79.1	19.985	110.53	0.935008	-0.192516	0.177388	0.036	0.4695	0.018	0	214	380	3
2026-02-12	15:30:13.970	-77.175	19.39	117.46	1.024556	-0.195444	0.152988	0.039	0.489	0.0105	0	214	380	3
2026-02-12	15:30:13.990	-74.305	21.455	122.045	1.020652	-0.181536	0.125172	0.0405	0.5025	0.009	0	214	380	3
2026-02-12	15:30:14.010	-69.055	23.8	121.66	0.97722	-0.192516	0.111752	0.0375	0.51	0.0075	0	213	391	3
2026-02-12	15:30:14.030	-55.965	23.73	114.555	0.990152	-0.2196	0.13054	0.033	0.528	0.0075	0	213	391	3
2026-02-12	15:30:14.050	-32.375	26.04	101.955	1.032364	-0.249124	0.15128	0.03	0.546	0.0075	0	213	391	3
2026-02-12	15:30:14.070	-11.795	31.115	90.51	1.05652	-0.247172	0.149084	0.0345	0.582	0	0	213	391	3
2026-02-12	15:30:14.090	-0.28	34.755	81.095	1.07482	-0.181292	0.099796	0.036	0.5925	-0.012	0	213	391	3
2026-02-12	15:30:14.110	-2.345	33.11	68.74	1.110444	-0.113704	0.055144	0.0405	0.6045	-0.0105	0	213	391	3
2026-02-12	15:30:14.130	-12.6	27.195	50.855	1.190964	-0.10126	0.060268	0.033	0.6225	-0.0135	0	213	391	3
2026-02-12	15:30:14.150	-23.94	22.4	29.155	1.208288	-0.130296	0.124196	0.036	0.6225	-0.015	0	213	391	3
2026-02-12	15:30:14.170	-31.535	19.425	9.275	1.166564	-0.181536	0.17934	0.0375	0.621	-0.021	0	213	391	3
2026-02-12	15:30:14.190	-30.59	14.35	-7.63	1.052128	-0.223504	0.20252	0.0405	0.6255	-0.03	0	213	391	3
2026-02-12	15:30:14.210	-21.175	6.685	-19.915	0.932812	-0.256688	0.2318	0.0375	0.627	-0.0345	0	217	367	3
2026-02-12	15:30:14.230	3.675	-0.385	-26.845	0.87108	-0.375516	0.34282	0.0405	0.6225	-0.0345	0	217	367	3
2026-02-12	15:30:14.250	71.575	0	-26.075	0.866932	-0.404308	0.441884	0.0465	0.621	-0.0345	0	217	367	3
2026-02-12	15:30:14.270	136.675	4.655	-18.34	0.874496	-0.293288	0.459208	0.0465	0.621	-0.0345	0	217	367	3
2026-02-12	15:30:14.290	166.145	10.465	-11.025	0.889624	-0.16104	0.450424	0.0405	0.612	-0.033	0	217	367	3
2026-02-12	15:30:14.310	174.055	15.925	-8.435	0.924272	-0.011468	0.428464	0.0375	0.6075	-0.0465	0	217	367	3
2026-02-12	15:30:14.330	156.485	19.635	-11.13	0.93818	0.1098	0.394548	0.039	0.5985	-0.048	0	217	367	3
2026-02-12	15:30:14.350	112	20.405	-16.59	0.919148	0.188368	0.339648	0.0405	0.6	-0.0495	0	217	367	3
2026-02-12	15:30:14.370	41.51	16.975	-25.13	0.933788	0.21472	0.315736	0.051	0.5865	-0.054	0	217	367	3
2026-02-12	15:30:14.390	-31.43	14.98	-35.105	0.953064	0.120048	0.307928	0.0495	0.5835	-0.057	0	217	367	3
2026-02-12	15:30:14.410	-78.785	13.44	-41.475	0.942572	0.029524	0.31232	0.0435	0.5805	-0.063	0	221	339	3
2026-02-12	15:30:14.430	-105.63	9.975	-44.8	0.938424	-0.04148	0.339404	0.039	0.579	-0.063	0	221	339	3
2026-02-12	15:30:14.450	-121.24	7.35	-46.34	0.915244	-0.1098	0.36478	0.0405	0.5715	-0.0645	0	221	339	3
2026-02-12	15:30:14.470	-117.985	5.775	-45.57	0.889868	-0.204716	0.394548	0.042	0.5655	-0.0675	0	221	339	3
2026-02-12	15:30:14.490	-104.37	5.005	-44.66	0.875716	-0.231068	0.388692	0.0435	0.555	-0.066	0	221	339	3
2026-02-12	15:30:14.510	-87.115	5.67	-45.395	0.844484	-0.239364	0.374296	0.045	0.5625	-0.066	0	221	339	3
2026-02-12	15:30:14.530	-70.42	5.6	-47.775	0.81618	-0.236436	0.35258	0.0435	0.5595	-0.072	0	221	339	3
2026-02-12	15:30:14.550	-55.16	3.675	-51.8	0.800808	-0.220332	0.334768	0.0405	0.5535	-0.0645	0	221	339	3
2026-02-12	15:30:14.570	-40.11	0	-56.98	0.818132	-0.199592	0.321592	0.042	0.5505	-0.069	0	221	339	3
2026-02-12	15:30:14.590	-27.335	-4.69	-62.93	0.835456	-0.171776	0.320372	0.042	0.546	-0.066	0	221	339	3
2026-02-12	15:30:14.610	-19.18	-9.625	-69.16	0.83936	-0.169092	0.317688	0.0405	0.54	-0.0675	0	224	330	2
2026-02-12	15:30:14.630	-11.97	-14.77	-75.075	0.853756	-0.183488	0.323788	0.039	0.531	-0.0705	0	224	330	2
2026-02-12	15:30:14.650	-2.94	-19.705	-80.29	0.906704	-0.200568	0.343796	0.0405	0.5235	-0.0705	0	224	330	2
2026-02-12	15:30:14.670	6.16	-23.765	-86.17	0.959164	-0.190564	0.36966	0.042	0.513	-0.0645	0	224	330	2
2026-02-12	15:30:14.690	10.535	-26.635	-91.35	0.999912	-0.191296	0.382592	0.0435	0.507	-0.0615	0	224	330	2
2026-02-12	15:30:14.710	9.695	-29.05	-94.115	1.020408	-0.19642	0.387472	0.048	0.4815	-0.0645	0	224	330	2
2026-02-12	15:30:14.730	5.6	-31.5	-94.85	1.000888	-0.205448	0.39284	0.0465	0.4635	-0.0495	0	224	330	2
2026-02-12	15:30:14.750	0.035	-34.51	-93.065	0.966972	-0.210328	0.402844	0.057	0.453	-0.0465	0	224	330	2
2026-02-12	15:30:14.770	-7.875	-36.68	-88.935	0.942084	-0.203252	0.428464	0.057	0.4395	-0.042	0	224	330	2
2026-02-12	15:30:14.790	-15.54	-35.91	-83.195	0.883524	-0.195932	0.437492	0.0555	0.426	-0.033	0	224	330	2
2026-02-12	15:30:14.810	-24.78	-36.715	-75.915	0.82838	-0.219112	0.4209	0.0615	0.4215	-0.036	0	223	335	3
2026-02-12	15:30:14.830	-43.295	-40.145	-68.46	0.761768	-0.248148	0.432124	0.0675	0.414	-0.033	0	223	335	3
2026-02-12	15:30:14.850	-73.92	-43.015	-60.305	0.705892	-0.308904	0.487512	0.0675	0.4035	-0.0315	0	223	335	3
2026-02-12	15:30:14.870	-101.255	-39.13	-49.175	0.64904	-0.36478	0.489708	0.063	0.3975	-0.0285	0	223	335	3
2026-02-12	15:30:14.890	-114.695	-33.915	-31.605	0.574864	-0.406748	0.407724	0.0645	0.396	-0.024	0	223	335	3
2026-02-12	15:30:14.910	-106.295	-31.22	-11.2	0.579988	-0.51728	0.344772	0.0645	0.396	-0.024	0	223	335	3
2026-02-12	15:30:14.930	-75.845	-35.315	5.18	0.76372	-0.583648	0.315004	0.0735	0.393	-0.0315	0	223	335	3
2026-02-12	15:30:14.950	-21.175	-40.6	12.705	1.186328	-0.741272	0.415532	0.078	0.3915	-0.03	0	223	335	3
2026-02-12	15:30:14.970	56.595	-35.385	16.555	1.608204	-0.793732	0.564372	0.072	0.396	-0.024	0	223	335	3
2026-02-12	15:30:14.990	109.83	-17.99	28.77	1.691408	-0.6283	0.624884	0.072	0.3975	-0.0165	0	223	335	3
2026-02-12	15:30:15.010	119.035	3.01	43.645	1.436672	-0.488244	0.465552	0.066	0.4095	-0.0075	0	222	352	3
2026-02-12	15:30:15.030	124.11	12.11	48.615	1.349808	-0.353556	0.368684	0.063	0.405	-0.0045	0	222	352	3
2026-02-12	15:30:15.050	120.855	19.285	55.3	1.314428	-0.310124	0.368196	0.0585	0.4035	-0.0015	0	222	352	3
2026-02-12	15:30:15.070	110.635	26.88	64.96	1.204384	-0.233508	0.388936	0.06	0.4095	0.003	0	222	352	3
2026-02-12	15:30:15.090	88.585	31.605	77.49	1.032364	-0.172264	0.377468	0.057	0.417	0.003	0	222	352	3
2026-02-12	15:30:15.110	50.75	29.925	95.97	0.842776	-0.116876	0.309148	0.051	0.423	0	0	222	352	3
2026-02-12	15:30:15.130	26.81	26.285	105.315	0.8052	-0.145668	0.25986	0.051	0.423	0	0	222	352	3
2026-02-12	15:30:15.150	11.235	21.98	112.49	0.84912	-0.172752	0.230092	0.039	0.465	0.0015	0	222	352	3
2026-02-12	15:30:15.170	3.08	19.46	118.895	0.916952	-0.178608	0.199836	0.0435	0.4695	-0.0045	0	222	352	3
2026-02-12	15:30:15.190	-2.38	17.885	124.075	0.93086	-0.169824	0.159576	0.039	0.489	-0.0105	0	222	352	3
2026-02-12	15:30:15.210	-4.41	15.575	125.09	0.936228	-0.18056	0.138104	0.0345	0.51	-0.018	0	225	364	3
2026-02-12	15:30:15.230	-0.14	13.895	121.975	0.978684	-0.20496	0.142008	0.0345	0.525	-0.0075	0	225	364	3
2026-02-12	15:30:15.250	9.415	13.65	116.445	1.034072	-0.213988	0.166652	0.03	0.531	-0.012	0	225	364	3
2026-02-12	15:30:15.270	19.355	15.925	109.655	1.009672	-0.201544	0.186172	0.027	0.5445	-0.018	0	225	364	3
2026-02-12	15:30:15.290	28.07	18.55	100.87	0.976732	-0.199348	0.199836	0.0285	0.564	-0.015	0	225	364	3
2026-02-12	15:30:15.310	34.51	21.56	85.26	1.02236	-0.183976	0.20984	0.0255	0.5835	-0.015	0	225	364	3
2026-02-12	15:30:15.330	31.325	25.76	68.81	1.053104	-0.159576	0.18422	0.0225	0.5895	-0.0195	0	225	364	3
2026-02-12	15:30:15.350	18.62	26.74	57.19	1.034316	-0.10492	0.13542	0.0285	0.6075	-0.0285	0	225	364	3
2026-02-12	15:30:15.370	2.275	23.31	42.455	1.06628	-0.082472	0.1159	0.0375	0.615	-0.036	0	225	364	3
2026-02-12	15:30:15.390	-11.2	18.445	23.415	1.138504	-0.121512	0.139324	0.036	0.6345	-0.039	0	225	364	3
2026-02-12	15:30:15.410	-19.74	14.91	4.585	1.175348	-0.162748	0.183488	0.036	0.633	-0.036	0	229	350	3
2026-02-12	15:30:15.430	-22.19	12.005	-11.27	1.169004	-0.186416	0.222284	0.042	0.633	-0.042	0	229	350	3
2026-02-12	15:30:15.450	-19.915	7.91	-26.985	1.161196	-0.195444	0.2379	0.039	0.636	-0.048	0	229	350	3
2026-02-12	15:30:15.470	-10.955	3.15	-41.37	1.159732	-0.223504	0.212524	0.039	0.633	-0.048	0	229	350	3
2026-02-12	15:30:15.490	6.09	-1.925	-52.08	1.126792	-0.225456	0.222772	0.0375	0.6255	-0.0405	0	229	350	3
2026-02-12	15:30:15.510	22.75	-3.5	-55.37	1.0004	-0.238144	0.307196	0.0345	0.6165	-0.0405	0	229	350	3
2026-02-12	15:30:15.530	50.225	-2.625	-48.23	0.870592	-0.23424	0.446032	0.0315	0.612	-0.0465	0	229	350	3
2026-02-12	15:30:15.550	80.43	3.185	-35.595	0.808616	-0.183976	0.482632	0.0315	0.612	-0.0465	0	229	350	3
2026-02-12	15:30:15.570	91.63	8.05	-25.97	0.793244	-0.0915	0.454084	0.0285	0.5895	-0.057	0	229	350	3
2026-02-12	15:30:15.590	78.33	9.66	-21.7	0.793	0.004148	0.39528	0.0285	0.5835	-0.0465	0	229	350	3
2026-02-12	15:30:15.610	44.87	5.285	-24.885	0.820328	0.083936	0.330376	0.0285	0.582	-0.051	0	232	325	3
2026-02-12	15:30:15.630	-1.19	1.96	-33.95	0.874252	0.072224	0.288896	0.0345	0.5715	-0.0465	0	232	325	3
2026-02-12	15:30:15.650	-41.615	2.45	-44.24	0.920612	0.016836	0.259128	0.024	0.5685	-0.0465	0	232	325	3
2026-02-12	15:30:15.670	-72.1	3.605	-53.515	0.948428	-0.017812	0.243756	0.0255	0.558	-0.048	0	232	325	3
2026-02-12	15:30:15.690	-97.44	5.53	-61.18	0.976976	-0.084424	0.254248	0.024	0.5595	-0.0525	0	232	325	3
2026-02-12	15:30:15.710	-110.18	8.19	-65.835	0.9699	-0.160552	0.283772	0.027	0.558	-0.057	0	232	325	3
2026-02-12	15:30:15.730	-109.445	10.15	-66.115	0.94428	-0.214964	0.313052	0.0315	0.549	-0.0555	0	232	325	3
2026-02-12	15:30:15.750	-90.58	13.79	-59.605	0.857172	-0.230092	0.314516	0.03	0.543	-0.0555	0	232	325	3
2026-02-12	15:30:15.770	-70.105	11.9	-54.845	0.855708	-0.212768	0.311588	0.027	0.5265	-0.06	0	232	325	3
2026-02-12	15:30:15.790	-48.125	6.615	-52.535	0.890844	-0.19398	0.31964	0.036	0.531	-0.0585	0	232	325	3
2026-02-12	15:30:15.810	-30.415	2.625	-49.98	0.923784	-0.208376	0.335012	0.0255	0.513	-0.0675	0	232	312	3
2026-02-12	15:30:15.830	-31.99	2.24	-46.235	0.921832	-0.173728	0.37088	0.0315	0.516	-0.066	0	232	312	3
2026-02-12	15:30:15.850	-58.065	1.995	-44.31	0.911096	-0.1403	0.39528	0.033	0.5145	-0.0615	0	232	312	3
2026-02-12	15:30:15.870	-88.095	0.245	-45.465	0.945988	-0.175192	0.434076	0.039	0.504	-0.072	0	232	312	3
2026-02-12	15:30:15.890	-109.13	1.05	-46.095	0.98454	-0.237412	0.4331	0.0285	0.4965	-0.075	0	232	312	3
2026-02-12	15:30:15.910	-124.005	5.355	-45.815	0.998692	-0.302316	0.415532	0.0315	0.498	-0.075	0	232	312	3
2026-02-12	15:30:15.930	-136.71	10.36	-45.22	0.978196	-0.370148	0.372588	0.0375	0.4965	-0.0765	0	232	312	3
2026-02-12	15:30:15.950	-135.695	14.455	-42.665	0.907436	-0.433588	0.297436	0.0405	0.495	-0.078	0	232	312	3
2026-02-12	15:30:15.970	-117.32	13.615	-40.18	0.853024	-0.456768	0.259616	0.042	0.4965	-0.078	0	232	312	3
2026-02-12	15:30:15.990	-98.245	10.535	-39.655	0.83692	-0.488244	0.27816	0.0405	0.486	-0.084	0	232	312	3
2026-02-12	15:30:16.010	-82.145	7.735	-37.975	0.752252	-0.460428	0.338428	0.0405	0.483	-0.099	0	229	313	3
2026-02-12	15:30:16.030	-98.07	1.54	-33.25	0.590968	-0.354044	0.381128	0.0405	0.4875	-0.099	0	229	313	3
2026-02-12	15:30:16.050	-195.16	-16.52	-23.94	0.449692	-0.366976	0.332328	0.045	0.483	-0.1065	0	229	313	3
2026-02-12	15:30:16.070	-311.045	-36.085	-15.505	0.389424	-0.476044	0.151524	0.0525	0.4935	-0.1035	0	229	313	3
2026-02-12	15:30:16.090	-373.59	-52.85	-14.805	0.477264	-0.707356	0.098088	0.057	0.5025	-0.102	0	229	313	3
2026-02-12	15:30:16.110	-297.885	-49.14	-12.705	0.507764	-1.470588	0.05856	0.051	0.5115	-0.108	0	229	313	3
2026-02-12	15:30:16.130	-105.49	-48.195	-0.42	0.485804	-1.393972	0.117608	0.0435	0.522	-0.1065	0	229	313	3
2026-02-12	15:30:16.150	35.42	-46.27	13.72	0.662948	-1.077504	0.107604	0.042	0.528	-0.0945	0	229	313	3
2026-02-12	15:30:16.170	124.635	-43.995	17.675	1.067988	-0.985028	0.162992	0.042	0.531	-0.09	0	229	313	3
2026-02-12	15:30:16.190	195.545	-31.815	16.275	1.426424	-0.944768	0.2806	0.042	0.531	-0.09	0	229	313	3
2026-02-12	15:30:16.210	231.735	-15.05	23.485	1.494256	-0.781532	0.243756	0.027	0.534	-0.0675	0	231	309	3
2026-02-12	15:30:16.230	221.865	-2.275	33.39	1.394216	-0.561688	0.144204	0.0285	0.531	-0.0615	0	231	309	3
2026-02-12	15:30:16.250	178.955	7.525	35.91	1.35908	-0.414312	0.06588	0.0285	0.5265	-0.066	0	231	309	3
2026-02-12	15:30:16.270	126.805	13.37	37.94	1.325896	-0.36112	0.049776	0.024	0.5265	-0.0615	0	231	309	3
2026-02-12	15:30:16.290	84.595	16.17	42.035	1.214388	-0.372344	0.078324	0.0285	0.522	-0.0585	0	231	309	3
2026-02-12	15:30:16.310	59.325	16.59	51.205	1.049932	-0.36844	0.119316	0.0225	0.5235	-0.0675	0	231	309	3
2026-02-12	15:30:16.330	47.565	15.295	62.37	0.949648	-0.313296	0.155428	0.027	0.5325	-0.0645	0	231	309	3
2026-02-12	15:30:16.350	37.345	13.3	73.745	0.88938	-0.251076	0.145912	0.027	0.54	-0.0645	0	231	309	3
2026-02-12	15:30:16.370	23.59	9.66	84.245	0.82594	-0.216916	0.119072	0.027	0.5475	-0.0735	0	231	309	3
2026-02-12	15:30:16.390	11.585	0.56	93.52	0.82716	-0.242292	0.10492	0.033	0.558	-0.0795	0	231	309	3
2026-02-12	15:30:16.410	16.59	-3.535	94.22	0.874496	-0.225944	0.114192	0.0255	0.588	-0.063	0	242	284	3
2026-02-12	15:30:16.430	20.23	-4.165	91.42	0.855708	-0.219112	0.114924	0.0345	0.591	-0.069	0	242	284	3
2026-02-12	15:30:16.450	22.82	-4.235	85.225	0.836188	-0.243512	0.111264	0.024	0.603	-0.066	0	242	284	3
2026-02-12	15:30:16.470	28.7	-4.445	75.915	0.855464	-0.276208	0.128832	0.027	0.624	-0.06	0	242	284	3
2026-02-12	15:30:16.490	40.88	-2.065	64.365	0.895724	-0.306464	0.144448	0.0405	0.63	-0.054	0	242	284	3
2026-02-12	15:30:16.510	56.07	3.535	51.905	0.910364	-0.297924	0.133712	0.0375	0.639	-0.072	0	242	284	3
2026-02-12	15:30:16.530	66.535	8.19	39.165	0.93086	-0.249368	0.08662	0.0405	0.6405	-0.066	0	242	284	3
2026-02-12	15:30:16.550	66.885	7.7	25.795	0.9821	-0.20008	0.040748	0.0405	0.645	-0.072	0	242	284	3
2026-02-12	15:30:16.570	61.215	3.675	9.03	1.090436	-0.16226	0.05734	0.0435	0.6525	-0.075	0	242	284	3
2026-02-12	15:30:16.590	50.33	2.135	-13.86	1.128744	-0.18056	0.157624	0.0435	0.651	-0.0765	0	242	284	3
2026-02-12	15:30:16.610	41.615	1.785	-34.09	1.095804	-0.208864	0.249368	0.0405	0.648	-0.081	0	255	249	3
2026-02-12	15:30:16.630	37.45	-0.945	-48.23	1.032364	-0.205204	0.274744	0.042	0.636	-0.0855	0	255	249	3
2026-02-12	15:30:16.650	32.725	-6.72	-62.3	0.97478	-0.204716	0.276452	0.042	0.63	-0.0855	0	255	249	3
2026-02-12	15:30:16.670	33.11	-13.405	-75.46	0.94184	-0.239608	0.301584	0.036	0.627	-0.078	0	255	249	3
2026-02-12	15:30:16.690	45.71	-17.885	-85.295	0.925248	-0.25498	0.346968	0.036	0.6075	-0.078	0	255	249	3
2026-02-12	15:30:16.710	67.69	-19.985	-89.6	0.910608	-0.287188	0.40138	0.033	0.603	-0.0765	0	255	249	3
2026-02-12	15:30:16.730	91.14	-19.74	-85.505	0.866688	-0.275964	0.428464	0.039	0.5895	-0.075	0	255	249	3
2026-02-12	15:30:16.750	105.035	-20.475	-76.895	0.818132	-0.216184	0.438956	0.033	0.564	-0.081	0	255	249	3
2026-02-12	15:30:16.770	109.655	-19.32	-68.39	0.826184	-0.18422	0.452132	0.0345	0.555	-0.075	0	255	249	3
2026-02-12	15:30:16.790	112.805	-11.48	-60.725	0.856928	-0.165188	0.468968	0.036	0.5445	-0.069	0	255	249	3
2026-02-12	15:30:16.810	106.96	-8.295	-52.43	0.927444	-0.08052	0.437248	0.0375	0.543	-0.069	0	265	234	3
2026-02-12	15:30:16.830	75.635	-6.825	-46.865	0.99552	0.000732	0.39284	0.0375	0.543	-0.069	0	265	234	3
2026-02-12	15:30:16.850	32.585	-4.515	-45.885	1.019432	0.011224	0.3782	0.03	0.504	-0.057	0	265	234	3
2026-02-12	15:30:16.870	-10.29	-2.275	-46.48	1.045784	-0.009028	0.380396	0.03	0.4935	-0.057	0	265	234	3
2026-02-12	15:30:16.890	-45.255	0.98	-46.165	1.057252	-0.048312	0.405284	0.027	0.4845	-0.0675	0	265	234	3
2026-02-12	15:30:16.910	-73.815	3.465	-43.225	1.022604	-0.074176	0.398208	0.0315	0.4815	-0.0705	0	265	234	3
2026-02-12	15:30:16.930	-96.81	3.745	-39.095	0.976976	-0.10126	0.366976	0.036	0.483	-0.066	0	265	234	3
2026-02-12	15:30:16.950	-111.055	2.695	-34.86	0.93086	-0.13176	0.341356	0.0345	0.4845	-0.075	0	265	234	3
2026-02-12	15:30:16.970	-113.47	1.085	-31.185	0.917928	-0.171044	0.326228	0.0375	0.474	-0.0795	0	265	234	3
2026-02-12	15:30:16.990	-108.115	0.385	-28	0.918904	-0.193004	0.322568	0.039	0.477	-0.0795	0	265	234	3
2026-02-12	15:30:17.010	-99.68	1.225	-25.095	0.914268	-0.203252	0.305732	0.039	0.4785	-0.0765	0	270	251	3
2026-02-12	15:30:17.030	-83.265	1.715	-22.47	0.915488	-0.213256	0.290116	0.0375	0.4755	-0.072	0	270	251	3
2026-02-12	15:30:17.050	-70.28	1.75	-21.49	0.908168	-0.221796	0.298412	0.0405	0.48	-0.0855	0	270	251	3
2026-02-12	15:30:17.070	-55.72	1.295	-21.105	0.900848	-0.20984	0.318176	0.0345	0.4785	-0.093	0	270	251	3
2026-02-12	15:30:17.090	-45.185	-0.175	-21.49	0.880596	-0.191052	0.334036	0.0375	0.48	-0.0885	0	270	251	3
2026-02-12	15:30:17.110	-37.625	-2.17	-22.68	0.88084	-0.186416	0.35136	0.0465	0.48	-0.0945	0	270	251	3
2026-02-12	15:30:17.130	-29.82	-3.745	-24.22	0.865712	-0.19154	0.38674	0.0435	0.4665	-0.0855	0	270	251	3
2026-02-12	15:30:17.150	-21.175	-4.095	-25.025	0.845216	-0.192272	0.41968	0.039	0.4755	-0.0975	0	270	251	3
2026-02-12	15:30:17.170	-13.37	-3.465	-24.465	0.822524	-0.180316	0.433588	0.0465	0.4665	-0.093	0	270	251	3
2026-02-12	15:30:17.190	-10.01	-3.465	-24.08	0.805444	-0.14762	0.425048	0.045	0.465	-0.0945	0	270	251	3
2026-02-12	15:30:17.210	-13.685	-4.235	-25.27	0.802028	-0.132736	0.404552	0.0405	0.4605	-0.096	0	268	280	3
2026-02-12	15:30:17.230	-23.8	-6.44	-29.995	0.823012	-0.147864	0.406748	0.039	0.462	-0.093	0	268	280	3
2026-02-12	15:30:17.250	-34.265	-7.385	-34.615	0.823256	-0.194468	0.41968	0.042	0.468	-0.0915	0	268	280	3
2026-02-12	15:30:17.270	-40.04	-7.385	-36.4	0.787388	-0.22204	0.428708	0.051	0.456	-0.096	0	268	280	3
2026-02-12	15:30:17.290	-45.885	-8.61	-37.625	0.745908	-0.252784	0.42212	0.042	0.45	-0.09	0	268	280	3
2026-02-12	15:30:17.310	-59.36	-12.32	-38.36	0.68564	-0.298168	0.42944	0.0525	0.444	-0.081	0	268	280	3
2026-02-12	15:30:17.330	-67.025	-14.42	-37.59	0.60024	-0.386984	0.455792	0.0495	0.441	-0.087	0	268	280	3
2026-02-12	15:30:17.350	-56.245	-17.045	-33.425	0.575352	-0.4697	0.48922	0.0585	0.4365	-0.09	0	268	280	3
2026-02-12	15:30:17.370	-36.89	-17.465	-26.495	0.56974	-0.56974	0.492636	0.0525	0.4425	-0.093	0	268	280	3
2026-02-12	15:30:17.390	-19.74	-20.51	-14.665	0.578768	-0.567788	0.369172	0.045	0.4335	-0.0915	0	268	280	3
2026-02-12	15:30:17.410	0.035	-33.53	-11.41	0.968924	-0.659776	0.365512	0.048	0.432	-0.087	0	261	313	2
2026-02-12	15:30:17.430	60.515	-31.535	-18.515	1.45302	-0.893528	0.639768	0.0495	0.429	-0.0825	0	261	313	2
2026-02-12	15:30:17.450	132.825	-8.085	-3.22	1.60796	-0.83204	0.741028	0.0495	0.429	-0.0825	0	261	313	2
2026-02-12	15:30:17.470	151.795	18.935	23.135	1.388848	-0.648796	0.52094	0.0495	0.429	-0.0825	0	261	313	2
2026-02-12	15:30:17.490	142.38	29.96	39.69	1.323456	-0.476288	0.403576	0.051	0.4215	-0.0675	0	261	313	2
2026-02-12	15:30:17.510	118.895	36.26	55.93	1.321016	-0.342088	0.366488	0.0525	0.423	-0.0585	0	261	313	2
2026-02-12	15:30:17.530	91.175	41.055	70.42	1.244644	-0.265716	0.358924	0.051	0.432	-0.063	0	261	313	2
2026-02-12	15:30:17.550	65.765	42.595	85.575	1.118984	-0.19154	0.358924	0.051	0.4425	-0.066	0	261	313	2
2026-02-12	15:30:17.570	39.06	40.075	100.1	1.009428	-0.112972	0.331108	0.042	0.441	-0.0645	0	261	313	2
2026-02-12	15:30:17.590	2.87	36.33	110.075	0.892064	-0.07442	0.283284	0.0495	0.459	-0.0705	0	261	313	2
2026-02-12	15:30:17.610	-37.87	29.05	116.41	0.798856	-0.102968	0.246928	0.051	0.471	-0.072	0	258	346	3
2026-02-12	15:30:17.630	-68.95	19.425	121.17	0.77592	-0.166408	0.218136	0.045	0.4845	-0.0765	0	258	346	3
2026-02-12	15:30:17.650	-80.57	12.32	123.305	0.859124	-0.226676	0.19886	0.045	0.5025	-0.081	0	258	346	3
2026-02-12	15:30:17.670	-80.185	7.56	119.455	0.947208	-0.246928	0.155672	0.0495	0.5085	-0.081	0	258	346	3
2026-02-12	15:30:17.690	-78.19	6.65	113.4	0.925492	-0.277672	0.119316	0.0375	0.552	-0.081	0	258	346	3
2026-02-12	15:30:17.710	-66.22	5.39	103.88	0.926956	-0.312564	0.114192	0.045	0.5715	-0.078	0	258	346	3
2026-02-12	15:30:17.730	-40.495	5.495	91.42	0.963312	-0.339404	0.129808	0.039	0.588	-0.0825	0	258	346	3
2026-02-12	15:30:17.750	-7.63	9.59	79.065	0.947208	-0.3294	0.135664	0.0465	0.603	-0.078	0	258	346	3
2026-02-12	15:30:17.770	25.935	14.56	67.34	0.934276	-0.290848	0.127368	0.0405	0.618	-0.078	0	258	346	3
2026-02-12	15:30:17.790	53.515	17.465	55.51	0.95648	-0.250588	0.116876	0.0495	0.6255	-0.0855	0	258	346	3
2026-02-12	15:30:17.810	76.125	19.25	45.5	0.989908	-0.236924	0.115412	0.051	0.633	-0.09	0	258	347	3
2026-02-12	15:30:17.830	93.625	18.97	37.87	1.03822	-0.183976	0.124196	0.0555	0.6285	-0.0945	0	258	347	3
2026-02-12	15:30:17.850	97.93	16.59	28.35	1.082872	-0.120048	0.155184	0.0525	0.633	-0.0945	0	258	347	3
2026-02-12	15:30:17.870	82.18	12.915	13.615	1.047492	-0.069052	0.172508	0.0525	0.636	-0.0975	0	258	347	3
2026-02-12	15:30:17.890	52.325	1.4	-6.23	1.060668	-0.044896	0.178608	0.057	0.633	-0.1005	0	258	347	3
2026-02-12	15:30:17.910	25.06	-11.445	-27.755	1.100684	-0.091744	0.22936	0.063	0.6345	-0.105	0	258	347	3
2026-02-12	15:30:17.930	7.84	-20.58	-45.955	1.02724	-0.18666	0.316712	0.0645	0.63	-0.1095	0	258	347	3
2026-02-12	15:30:17.950	6.65	-27.195	-55.125	0.90036	-0.249124	0.416996	0.054	0.624	-0.096	0	258	347	3
2026-02-12	15:30:17.970	18.445	-30.24	-56.07	0.81496	-0.257176	0.47702	0.057	0.6105	-0.093	0	258	347	3
2026-02-12	15:30:17.990	39.41	-30.975	-52.36	0.787388	-0.252296	0.482632	0.0495	0.603	-0.0885	0	258	347	3
2026-02-12	15:30:18.010	72.345	-31.5	-44.87	0.833504	-0.202032	0.486536	0.0495	0.603	-0.0885	0	258	326	3
2026-02-12	15:30:18.030	86.45	-30.8	-40.425	0.867176	-0.181048	0.462624	0.0435	0.5895	-0.09	0	258	326	3
2026-02-12	15:30:18.050	96.845	-31.5	-35.245	0.932568	-0.146888	0.43798	0.045	0.5835	-0.0735	0	258	326	3
2026-02-12	15:30:18.070	94.99	-31.815	-33.075	0.994544	-0.109556	0.439688	0.042	0.5775	-0.075	0	258	326	3
2026-02-12	15:30:18.090	77.385	-27.125	-34.335	1.004304	-0.044164	0.48434	0.0405	0.573	-0.0765	0	258	326	3
2026-02-12	15:30:18.110	53.235	-20.545	-38.57	0.965996	0.029768	0.534604	0.0405	0.573	-0.0765	0	258	326	3
2026-02-12	15:30:18.130	21.735	-17.15	-42.525	0.928908	0.005612	0.535336	0.0405	0.5535	-0.0645	0	258	326	3
2026-02-12	15:30:18.150	-8.365	-15.68	-44.485	0.88572	-0.052948	0.505812	0.048	0.54	-0.066	0	258	326	3
2026-02-12	15:30:18.170	-26.25	-15.715	-45.5	0.860832	-0.102724	0.477264	0.039	0.5385	-0.063	0	258	326	3
2026-02-12	15:30:18.190	-28.98	-16.94	-45.325	0.84424	-0.1281	0.466772	0.045	0.531	-0.0615	0	258	326	3
2026-02-12	15:30:18.210	-23.625	-18.48	-44.45	0.852048	-0.143716	0.457744	0.039	0.522	-0.0585	0	257	326	3
2026-02-12	15:30:18.230	-14.385	-17.64	-43.19	0.869372	-0.160552	0.474092	0.0405	0.5175	-0.0525	0	257	326	3
2026-02-12	15:30:18.250	-3.99	-13.405	-41.825	0.885964	-0.132248	0.472872	0.042	0.5235	-0.045	0	257	326	3
2026-02-12	15:30:18.270	-0.84	-8.19	-42.07	0.880596	-0.087108	0.448716	0.0435	0.519	-0.045	0	257	326	3
2026-02-12	15:30:18.290	-9.38	-4.06	-43.75	0.868152	-0.070516	0.421876	0.045	0.5115	-0.0465	0	257	326	3
2026-02-12	15:30:18.310	-30.24	-2.03	-47.04	0.865224	-0.081008	0.409676	0.045	0.507	-0.0465	0	257	326	3
2026-02-12	15:30:18.330	-42.14	-2.24	-48.685	0.888404	-0.111996	0.423584	0.039	0.492	-0.0525	0	257	326	3
2026-02-12	15:30:18.350	-47.67	-2.485	-49.245	0.911828	-0.138348	0.471164	0.0495	0.486	-0.051	0	257	326	3
2026-02-12	15:30:18.370	-43.575	-0.28	-48.51	0.926468	-0.139324	0.548024	0.0495	0.489	-0.057	0	257	326	3
2026-02-12	15:30:18.390	-31.045	3.815	-47.285	0.924516	-0.137616	0.612928	0.0495	0.471	-0.051	0	257	326	3
2026-02-12	15:30:18.410	-24.08	1.82	-45.71	0.894992	-0.116144	0.551928	0.051	0.474	-0.0555	0	253	351	3
2026-02-12	15:30:18.430	-42.56	-3.15	-44.275	0.931836	-0.193248	0.457988	0.057	0.4695	-0.0585	0	253	351	3
2026-02-12	15:30:18.450	-49.175	-3.255	-46.13	0.892796	-0.177632	0.431392	0.054	0.459	-0.0555	0	253	351	3
2026-02-12	15:30:18.470	-54.495	-6.965	-47.32	0.881816	-0.178364	0.442372	0.0615	0.447	-0.051	0	253	351	3
2026-02-12	15:30:18.490	-55.58	-9.275	-47.075	0.836188	-0.19154	0.443104	0.0585	0.4485	-0.057	0	253	351	3
2026-02-12	15:30:18.510	-50.505	-15.26	-45.185	0.742248	-0.216916	0.463356	0.054	0.444	-0.0645	0	253	351	3
2026-02-12	15:30:18.530	-39.06	-23.765	-41.265	0.658068	-0.284992	0.50508	0.0525	0.4395	-0.066	0	253	351	3
2026-02-12	15:30:18.550	-14.525	-29.4	-37.87	0.643916	-0.306952	0.566812	0.0615	0.435	-0.054	0	253	351	3
2026-02-12	15:30:18.570	3.92	-30.73	-35.49	0.633912	-0.2989	0.587552	0.0615	0.4245	-0.054	0	253	351	3
2026-02-12	15:30:18.590	11.725	-27.79	-33.005	0.595604	-0.345016	0.556564	0.072	0.423	-0.054	0	253	351	3
2026-02-12	15:30:18.610	27.475	-23.17	-28.21	0.570716	-0.37332	0.544852	0.0585	0.4185	-0.036	0	246	387	3
2026-02-12	15:30:18.630	38.185	-17.955	-20.615	0.609268	-0.413824	0.548512	0.063	0.408	-0.0375	0	246	387	3
2026-02-12	15:30:18.650	51.205	-11.305	-8.155	0.783728	-0.443104	0.530456	0.0675	0.4155	-0.0255	0	246	387	3
2026-02-12	15:30:18.670	77.07	-5.145	4.55	1.109956	-0.424316	0.621712	0.0645	0.405	-0.0315	0	246	387	3
2026-02-12	15:30:18.690	95.305	6.335	17.885	1.351516	-0.370636	0.67954	0.069	0.4125	-0.024	0	246	387	3
2026-02-12	15:30:18.710	93.73	16.24	33.88	1.558184	-0.267424	0.611464	0.063	0.411	-0.0195	0	246	387	3
2026-02-12	15:30:18.730	73.64	32.83	52.325	1.43472	-0.15006	0.4758	0.0585	0.4095	-0.0165	0	246	387	3
2026-02-12	15:30:18.750	51.275	37.52	62.195	1.344196	-0.093696	0.40626	0.0585	0.4095	-0.0165	0	246	387	3
2026-02-12	15:30:18.770	28.805	35.42	63.28	1.32004	-0.076616	0.423584	0.0615	0.42	-0.018	0	246	387	3
2026-02-12	15:30:18.790	-8.05	32.69	65.275	1.2261	-0.129564	0.431636	0.0615	0.438	-0.0255	0	246	387	3
2026-02-12	15:30:18.810	-43.225	29.995	70.28	1.060668	-0.186416	0.392596	0.057	0.438	-0.03	0	241	423	3
2026-02-12	15:30:18.830	-63.7	26.95	76.51	0.898652	-0.197884	0.348676	0.0555	0.4485	-0.0345	0	241	423	3
2026-02-12	15:30:18.850	-74.095	24.605	82.46	0.76006	-0.183	0.306708	0.054	0.459	-0.036	0	241	423	3
2026-02-12	15:30:18.870	-78.61	19.25	87.675	0.69784	-0.194468	0.249124	0.054	0.4755	-0.039	0	241	423	3
2026-02-12	15:30:18.890	-76.685	11.235	90.93	0.699304	-0.230336	0.197396	0.0495	0.4905	-0.0435	0	241	423	3
2026-02-12	15:30:18.910	-61.04	3.325	92.295	0.741272	-0.2684	0.149816	0.045	0.504	-0.048	0	241	423	3
2026-02-12	15:30:18.930	-34.055	-6.3	92.155	0.782752	-0.281332	0.0732	0.0465	0.513	-0.045	0	241	423	3
2026-02-12	15:30:18.950	12.285	-16.66	88.865	0.9577	-0.266204	0.064416	0.048	0.522	-0.0435	0	241	423	3
2026-02-12	15:30:18.970	36.26	-14.525	86.52	0.989908	-0.226432	0.0732	0.051	0.5505	-0.045	0	241	423	3
2026-02-12	15:30:18.990	55.09	-8.19	84.56	0.990884	-0.199104	0.097844	0.048	0.555	-0.036	0	241	423	3
2026-02-12	15:30:19.010	67.515	-0.84	82.565	1.0187	-0.16348	0.141764	0.039	0.5685	-0.0345	0	240	426	3
2026-02-12	15:30:19.030	73.395	7.49	79.835	1.042368	-0.145912	0.175192	0.0465	0.582	-0.033	0	240	426	3
2026-02-12	15:30:19.050	71.75	16.135	74.69	1.029924	-0.104188	0.18544	0.0375	0.588	-0.0345	0	240	426	3
2026-02-12	15:30:19.070	53.865	20.37	66.395	1.021628	-0.046848	0.154452	0.051	0.6075	-0.033	0	240	426	3
2026-02-12	15:30:19.090	21.84	19.39	53.2	1.021628	-0.030256	0.144204	0.0525	0.609	-0.0375	0	240	426	3
2026-02-12	15:30:19.110	-8.82	13.755	34.195	1.039928	-0.057096	0.186416	0.048	0.6075	-0.0405	0	240	426	3
2026-02-12	15:30:19.130	-28.98	7.56	10.57	1.088484	-0.115412	0.268888	0.057	0.627	-0.0405	0	240	426	3
2026-02-12	15:30:19.150	-43.05	1.715	-18.585	1.092388	-0.178852	0.313296	0.0585	0.6255	-0.0435	0	240	426	3
2026-02-12	15:30:19.170	-47.18	-3.92	-44.1	1.098732	-0.229604	0.382836	0.0615	0.624	-0.048	0	240	426	3
2026-02-12	15:30:19.190	-35.28	-1.33	-57.435	1.015528	-0.2684	0.471896	0.054	0.624	-0.0345	0	240	426	3
2026-02-12	15:30:19.210	-9.66	3.675	-61.46	0.900848	-0.245708	0.49288	0.0555	0.615	-0.033	0	242	394	3
2026-02-12	15:30:19.230	18.34	5.985	-58.17	0.80642	-0.19398	0.469944	0.051	0.603	-0.045	0	242	394	3
2026-02-12	15:30:19.250	37.555	4.41	-51.8	0.746396	-0.165432	0.461892	0.042	0.5955	-0.0345	0	242	394	3
2026-02-12	15:30:19.270	51.38	-1.715	-43.575	0.723704	-0.159332	0.493124	0.048	0.582	-0.036	0	242	394	3
2026-02-12	15:30:19.290	67.935	-9.905	-37.87	0.793976	-0.111508	0.54168	0.051	0.585	-0.036	0	242	394	3
2026-02-12	15:30:19.310	81.025	-14.665	-37.415	0.943548	-0.044652	0.562908	0.054	0.573	-0.0375	0	242	394	3
2026-02-12	15:30:19.330	73.955	-12.95	-41.755	1.051396	0.012688	0.513864	0.054	0.5745	-0.0345	0	242	394	3
2026-02-12	15:30:19.350	44.765	-9.73	-49.105	1.098	0.050996	0.47214	0.0555	0.5505	-0.0345	0	242	394	3
2026-02-12	15:30:19.370	-7.84	-2.87	-59.185	1.060424	0.01586	0.44286	0.0555	0.5505	-0.0345	0	242	394	3
2026-02-12	15:30:19.390	-49.28	2.065	-67.935	1.001132	-0.022936	0.432124	0.0555	0.5505	-0.0345	0	242	394	3
2026-02-12	15:30:19.410	-76.405	3.675	-72.38	0.942816	-0.055632	0.427976	0.051	0.531	-0.033	0	244	376	3
2026-02-12	15:30:19.430	-94.85	3.29	-71.785	0.904996	-0.140056	0.410408	0.0525	0.5265	-0.042	0	244	376	3
2026-02-12	15:30:19.450	-93.17	-0.455	-67.97	0.88206	-0.175436	0.40504	0.0555	0.513	-0.0345	0	244	376	3
2026-02-12	15:30:19.470	-80.71	-3.43	-64.68	0.876692	-0.179828	0.404796	0.054	0.51	-0.0405	0	244	376	3
2026-02-12	15:30:19.490	-67.55	-4.62	-61.67	0.871568	-0.18056	0.385032	0.0585	0.504	-0.0435	0	244	376	3
2026-02-12	15:30:19.510	-54.6	-5.32	-59.325	0.866688	-0.19032	0.354532	0.054	0.4965	-0.045	0	244	376	3
2026-02-12	15:30:19.530	-44.415	-6.09	-57.785	0.85522	-0.19764	0.329644	0.051	0.4875	-0.0375	0	244	376	3
2026-02-12	15:30:19.550	-34.545	-7.21	-56.945	0.84424	-0.210816	0.314272	0.0555	0.4815	-0.03	0	244	376	3
2026-02-12	15:30:19.570	-21.875	-9.275	-56.455	0.854	-0.20984	0.340624	0.0555	0.477	-0.03	0	244	376	3
2026-02-12	15:30:19.590	-2.415	-11.9	-56.105	0.89914	-0.20496	0.408456	0.057	0.4725	-0.0315	0	244	376	3
2026-02-12	15:30:19.610	9.765	-12.18	-55.195	0.920612	-0.19764	0.441884	0.0585	0.453	-0.0405	0	242	378	3
2026-02-12	15:30:19.630	18.34	-11.69	-53.305	0.921344	-0.190076	0.449936	0.063	0.4515	-0.036	0	242	378	3
2026-02-12	15:30:19.650	20.16	-11.41	-50.995	0.928176	-0.166896	0.450424	0.066	0.447	-0.0285	0	242	378	3
2026-02-12	15:30:19.670	15.085	-11.76	-49.07	0.947452	-0.153964	0.460428	0.0645	0.4305	-0.0225	0	242	378	3
2026-02-12	15:30:19.690	4.27	-11.62	-46.55	0.926224	-0.144692	0.443104	0.0765	0.423	-0.03	0	242	378	3
2026-02-12	15:30:19.710	-12.075	-14.875	-43.645	0.93818	-0.140788	0.378688	0.069	0.417	-0.0225	0	242	378	3
2026-02-12	15:30:19.730	-32.725	-18.34	-40.775	0.972584	-0.141032	0.363072	0.0795	0.417	-0.0225	0	242	378	3
2026-02-12	15:30:19.750	-52.325	-16.24	-35.595	0.898408	-0.161284	0.414556	0.078	0.414	-0.027	0	242	378	3
2026-02-12	15:30:19.770	-65.905	-12.67	-27.23	0.753716	-0.18056	0.439444	0.0825	0.414	-0.0225	0	242	378	3
2026-02-12	15:30:19.790	-74.27	-15.855	-15.54	0.585356	-0.2501	0.427732	0.0825	0.408	-0.024	0	242	378	3
2026-02-12	15:30:19.810	-60.025	-20.65	-5.18	0.473848	-0.363072	0.537776	0.084	0.4035	-0.027	0	237	389	3
2026-02-12	15:30:19.830	-22.19	-18.48	2.66	0.432612	-0.42212	0.622932	0.0765	0.405	-0.0315	0	237	389	3
2026-02-12	15:30:19.850	18.06	-15.54	11.13	0.421632	-0.421876	0.608048	0.0825	0.405	-0.0285	0	237	389	3
2026-02-12	15:30:19.870	42.28	-11.025	19.495	0.408456	-0.393572	0.567056	0.0795	0.4065	-0.0225	0	237	389	3
2026-02-12	15:30:19.890	48.055	-6.965	28.21	0.44042	-0.366244	0.441884	0.078	0.408	-0.0195	0	237	389	3
2026-02-12	15:30:19.910	46.48	-11.27	32.795	0.685152	-0.36844	0.292068	0.069	0.4065	-0.0075	0	237	389	3
2026-02-12	15:30:19.930	56.945	-18.13	28.56	1.044808	-0.4392	0.305	0.072	0.4155	-0.0135	0	237	389	3
2026-02-12	15:30:19.950	88.69	-23.905	17.5	1.55672	-0.475556	0.565104	0.072	0.4095	0	0	237	389	3
2026-02-12	15:30:19.970	106.015	-14.56	16.03	2.020564	-0.400404	0.778848	0.0705	0.4245	0	0	237	389	3
2026-02-12	15:30:19.990	62.65	7.385	34.265	1.672864	-0.3355	0.554612	0.066	0.42	0.0135	0	237	389	3
2026-02-12	15:30:20.010	5.88	13.895	41.79	1.486448	-0.344284	0.443348	0.066	0.42	0.0135	0	234	408	3
2026-02-12	15:30:20.030	-11.025	15.575	52.745	1.389824	-0.343796	0.43066	0.066	0.42	0.0135	0	234	408	3
2026-02-12	15:30:20.050	-21.385	15.33	69.3	1.22976	-0.306464	0.39528	0.0705	0.4485	0.015	0	234	408	3
2026-02-12	15:30:20.070	-23.415	12.81	86.94	1.07116	-0.273524	0.360388	0.0555	0.447	0.009	0	234	408	3
2026-02-12	15:30:20.090	-18.865	9.94	103.705	0.923296	-0.259372	0.301828	0.054	0.4605	0.015	0	234	408	3
2026-02-12	15:30:20.110	-13.72	6.755	118.615	0.81862	-0.260836	0.244	0.0585	0.474	0.009	0	234	408	3
2026-02-12	15:30:20.130	-3.815	3.815	129.01	0.810324	-0.277916	0.20618	0.045	0.4905	0.0015	0	234	408	3
2026-02-12	15:30:20.150	13.125	1.75	135.24	0.903288	-0.270108	0.181536	0.048	0.5055	0.0075	0	234	408	3
2026-02-12	15:30:20.170	27.79	2.415	139.79	0.902068	-0.228872	0.1464	0.045	0.528	0.0165	0	234	408	3
2026-02-12	15:30:20.190	37.24	3.08	139.65	0.891576	-0.203008	0.131272	0.0465	0.5445	0.012	0	234	408	3
2026-02-12	15:30:20.210	44.415	3.78	132.335	0.917928	-0.203008	0.15006	0.0495	0.5535	0.0165	0	237	414	3
2026-02-12	15:30:20.230	58.52	8.05	112.42	0.96624	-0.22326	0.20252	0.0495	0.5535	0.0165	0	237	414	3
2026-02-12	15:30:20.250	68.6	13.09	97.545	0.984784	-0.213256	0.22326	0.045	0.5955	0.0195	0	237	414	3
2026-02-12	15:30:20.270	74.9	17.5	80.5	1.037244	-0.193736	0.236436	0.039	0.612	0.0105	0	237	414	3
2026-02-12	15:30:20.290	72.555	21.77	63.77	1.10532	-0.159332	0.21228	0.054	0.6315	0.021	0	237	414	3
2026-02-12	15:30:20.310	58.17	23.59	47.81	1.106296	-0.089548	0.1586	0.0585	0.639	0.009	0	237	414	3
2026-02-12	15:30:20.330	34.545	19.88	30.94	1.128256	-0.076616	0.129564	0.06	0.648	-0.006	0	237	414	3
2026-02-12	15:30:20.350	13.475	12.67	12.845	1.140212	-0.096136	0.151768	0.057	0.645	0	0	237	414	3
2026-02-12	15:30:20.370	-0.77	4.655	-4.515	1.14314	-0.130052	0.22082	0.06	0.6465	-0.006	0	237	414	3
2026-02-12	15:30:20.390	-9.66	-1.54	-19.88	1.0919	-0.160796	0.316224	0.051	0.645	-0.003	0	237	414	3
2026-02-12	15:30:20.410	-8.365	-6.44	-33.74	0.968924	-0.195932	0.381372	0.057	0.645	-0.0015	0	242	392	3
2026-02-12	15:30:20.430	15.645	-12.25	-43.89	0.813252	-0.27572	0.429928	0.054	0.6405	-0.003	0	242	392	3
2026-02-12	15:30:20.450	56.665	-18.095	-45.325	0.7564	-0.366	0.45018	0.0525	0.6375	-0.0045	0	242	392	3
2026-02-12	15:30:20.470	98.98	-17.815	-41.23	0.747616	-0.316468	0.484828	0.0525	0.6255	0	0	242	392	3
2026-02-12	15:30:20.490	126.77	-14.28	-36.645	0.75396	-0.220088	0.458232	0.0555	0.6195	0.0075	0	242	392	3
2026-02-12	15:30:20.510	135.905	-12.67	-33.53	0.78812	-0.121024	0.39528	0.051	0.6225	0	0	242	392	3
2026-02-12	15:30:20.530	125.265	-12.985	-33.985	0.85034	-0.063928	0.340868	0.048	0.603	0	0	242	392	3
2026-02-12	15:30:20.550	99.505	-14.63	-38.045	0.917196	-0.037088	0.328668	0.0555	0.6	0.003	0	242	392	3
2026-02-12	15:30:20.570	67.34	-14.63	-43.12	0.968924	-0.029524	0.357216	0.0375	0.6015	0.006	0	242	392	3
2026-02-12	15:30:20.590	36.015	-12.775	-46.41	0.990152	-0.036112	0.387716	0.036	0.5895	0.0045	0	242	392	3
2026-02-12	15:30:20.610	7.49	-10.745	-46.55	0.983808	-0.061488	0.3965	0.039	0.5895	0	0	246	369	3
2026-02-12	15:30:20.630	-17.15	-9.52	-44.03	0.922076	-0.080276	0.376004	0.0495	0.57	0.006	0	246	369	3
2026-02-12	15:30:20.650	-33.355	-11.34	-37.94	0.869128	-0.127368	0.354044	0.0495	0.57	0.006	0	246	369	3
2026-02-12	15:30:20.670	-30.1	-12.635	-31.815	0.876692	-0.150548	0.38186	0.0495	0.57	0.006	0	246	369	3
2026-02-12	15:30:20.690	-19.6	-10.325	-27.615	0.891332	-0.133956	0.404064	0.045	0.57	0.015	0	246	369	3
2026-02-12	15:30:20.710	-13.965	-8.96	-24.675	0.908656	-0.108092	0.396988	0.042	0.5595	0.021	0	246	369	3
2026-02-12	15:30:20.730	-17.22	-7.77	-23.03	0.900604	-0.100528	0.369416	0.0405	0.5565	0.0135	0	246	369	3
2026-02-12	15:30:20.750	-24.325	-6.965	-22.68	0.92964	-0.120048	0.345016	0.045	0.549	0.015	0	246	369	3
2026-02-12	15:30:20.770	-22.295	10.465	-20.545	0.89914	-0.208376	0.349896	0.0465	0.5505	0.021	0	246	369	3
2026-02-12	15:30:20.790	5.915	9.485	-17.955	0.857904	-0.1891	0.329156	0.042	0.552	0.015	0	246	369	3
2026-02-12	15:30:20.810	25.76	-1.61	-18.27	0.85644	-0.084668	0.332328	0.0405	0.5445	0.015	0	246	361	2
2026-02-12	15:30:20.830	23.8	-12.46	-19.88	0.860832	-0.06222	0.362584	0.0405	0.537	0.021	0	246	361	2
2026-02-12	15:30:20.850	20.335	-22.96	-21.385	0.877668	-0.06832	0.432368	0.051	0.5415	0.0135	0	246	361	2
2026-02-12	15:30:20.870	15.365	-31.08	-21.455	0.862052	-0.033672	0.497516	0.051	0.5415	0.0135	0	246	361	2
2026-02-12	15:30:20.890	1.365	-32.375	-22.68	0.842776	-0.02562	0.493124	0.0435	0.531	0.0315	0	246	361	2
2026-02-12	15:30:20.910	-15.96	-33.88	-26.11	0.845704	-0.058804	0.483852	0.045	0.5355	0.0315	0	246	361	2
2026-02-12	15:30:20.930	-29.33	-37.415	-29.68	0.886452	-0.1281	0.480924	0.0435	0.519	0.027	0	246	361	2
2026-02-12	15:30:20.950	-37.1	-39.69	-31.5	0.908168	-0.172752	0.488976	0.0375	0.5325	0.039	0	246	361	2
2026-02-12	15:30:20.970	-38.5	-40.565	-33.005	0.9211	-0.195932	0.498248	0.045	0.5205	0.0435	0	246	361	2
2026-02-12	15:30:20.990	-34.93	-39.27	-33.81	0.915244	-0.225212	0.518988	0.0405	0.5115	0.0525	0	246	361	2
2026-02-12	15:30:21.010	-28.315	-36.225	-32.83	0.868396	-0.256932	0.558516	0.0375	0.5085	0.063	0	241	371	3
2026-02-12	15:30:21.030	-19.355	-33.18	-30.38	0.798856	-0.272304	0.595848	0.045	0.501	0.063	0	241	371	3
2026-02-12	15:30:21.050	-11.025	-32.095	-27.16	0.689056	-0.28182	0.614636	0.051	0.495	0.06	0	241	371	3
2026-02-12	15:30:21.070	-6.86	-38.08	-22.085	0.554368	-0.30256	0.593896	0.0465	0.4905	0.0735	0	241	371	3
2026-02-12	15:30:21.090	4.025	-44.835	-17.22	0.498248	-0.401868	0.6771	0.0465	0.4905	0.0735	0	241	371	3
2026-02-12	15:30:21.110	33.88	-43.61	-11.34	0.52338	-0.442372	0.717116	0.0525	0.4875	0.0795	0	241	371	3
2026-02-12	15:30:21.130	63.42	-37.695	1.155	0.492148	-0.430416	0.677832	0.0495	0.4845	0.0945	0	241	371	3
2026-02-12	15:30:21.150	85.365	-29.715	17.64	0.617564	-0.433344	0.5856	0.0555	0.4845	0.0975	0	241	371	3
2026-02-12	15:30:21.170	118.37	-22.82	18.795	1.148752	-0.428464	0.58438	0.0495	0.495	0.108	0	241	371	3
2026-02-12	15:30:21.190	152.11	-12.005	7.14	1.620892	-0.310124	0.689788	0.048	0.4995	0.099	0	241	371	3
2026-02-12	15:30:21.210	126.175	9.345	8.015	1.729472	-0.183244	0.683932	0.0525	0.5025	0.1215	0	236	405	3
2026-02-12	15:30:21.230	68.25	32.9	16.66	1.454972	-0.281332	0.515328	0.0465	0.5145	0.117	0	236	405	3
2026-02-12	15:30:21.250	42	40.46	13.825	1.37006	-0.207888	0.437492	0.06	0.5145	0.1155	0	236	405	3
2026-02-12	15:30:21.270	5.005	47.46	13.02	1.3359	-0.19642	0.421388	0.057	0.5205	0.111	0	236	405	3
2026-02-12	15:30:21.290	-43.645	53.305	21.945	1.214144	-0.235704	0.388692	0.048	0.519	0.096	0	236	405	3
2026-02-12	15:30:21.310	-77.735	52.08	37.17	1.043344	-0.238388	0.345992	0.048	0.519	0.096	0	236	405	3
2026-02-12	15:30:21.330	-95.025	48.265	52.675	0.9028	-0.206912	0.306464	0.042	0.525	0.0945	0	236	405	3
2026-02-12	15:30:21.350	-111.475	42.77	69.755	0.791536	-0.19642	0.254736	0.0375	0.5325	0.081	0	236	405	3
2026-02-12	15:30:21.370	-121.38	34.405	86.485	0.748592	-0.214232	0.205204	0.0435	0.5415	0.072	0	236	405	3
2026-02-12	15:30:21.390	-116.795	25.165	100.45	0.775432	-0.239852	0.170556	0.0405	0.552	0.0735	0	236	405	3
2026-02-12	15:30:21.410	-98.28	17.325	111.02	0.813984	-0.250588	0.147376	0.039	0.561	0.0645	0	237	434	3
2026-02-12	15:30:21.430	-72.065	11.06	116.27	0.846924	-0.250344	0.131272	0.036	0.573	0.054	0	237	434	3
2026-02-12	15:30:21.450	-44.905	5.67	115.92	0.881084	-0.26596	0.134688	0.0435	0.597	0.0555	0	237	434	3
2026-02-12	15:30:21.470	-15.19	2.03	110.95	0.920612	-0.304756	0.163724	0.042	0.6135	0.0645	0	237	434	3
2026-02-12	15:30:21.490	19.915	1.995	102.445	0.995764	-0.336476	0.20374	0.051	0.63	0.063	0	237	434	3
2026-02-12	15:30:21.510	68.39	8.225	85.68	1.087996	-0.281576	0.235704	0.051	0.63	0.063	0	237	434	3
2026-02-12	15:30:21.530	83.895	14.735	73.605	1.084092	-0.22326	0.217892	0.054	0.657	0.057	0	237	434	3
2026-02-12	15:30:21.550	85.82	18.305	62.37	1.061888	-0.138592	0.1647	0.051	0.663	0.057	0	237	434	3
2026-02-12	15:30:21.570	71.715	15.61	49.56	1.055056	-0.052948	0.127612	0.054	0.6705	0.0525	0	237	434	3
2026-02-12	15:30:21.590	45.395	9.87	32.9	1.047736	-0.048556	0.145668	0.0645	0.687	0.051	0	237	434	3
2026-02-12	15:30:21.610	20.79	2.135	16.135	1.003084	-0.079544	0.19886	0.063	0.687	0.0465	0	241	420	3
2026-02-12	15:30:21.630	2.87	-8.26	-0.63	0.99674	-0.104676	0.260348	0.063	0.687	0.0405	0	241	420	3
2026-02-12	15:30:21.650	-6.86	-16.38	-16.625	1.009916	-0.145912	0.294264	0.069	0.696	0.042	0	241	420	3
2026-02-12	15:30:21.670	-5.88	-24.08	-32.865	1.018944	-0.180316	0.293776	0.066	0.6915	0.051	0	241	420	3
2026-02-12	15:30:21.690	7.42	-32.025	-48.72	1.04798	-0.2318	0.322568	0.06	0.684	0.042	0	241	420	3
2026-02-12	15:30:21.710	37.555	-32.69	-59.325	1.024556	-0.290604	0.4514	0.057	0.681	0.0525	0	241	420	3
2026-02-12	15:30:21.730	80.71	-23.065	-57.505	0.959164	-0.263764	0.513864	0.057	0.681	0.0525	0	241	420	3
2026-02-12	15:30:21.750	108.15	-13.86	-49.7	0.875472	-0.145912	0.463112	0.054	0.6585	0.054	0	241	420	3
2026-02-12	15:30:21.770	111.72	-9.905	-43.68	0.8662	-0.03782	0.397964	0.0645	0.66	0.0585	0	241	420	3
2026-02-12	15:30:21.790	93.275	-9.835	-42.875	0.93086	0.019764	0.376248	0.0525	0.657	0.051	0	241	420	3
2026-02-12	15:30:21.810	58.695	-8.61	-43.435	0.946476	0.04758	0.349164	0.039	0.648	0.0435	0	245	388	3
2026-02-12	15:30:21.830	17.815	-7.945	-44.24	0.943304	0.090036	0.335744	0.048	0.645	0.0585	0	245	388	3
2026-02-12	15:30:21.850	-25.76	-6.44	-48.055	0.96136	0.07442	0.325008	0.0495	0.6345	0.0465	0	245	388	3
2026-02-12	15:30:21.870	-63.665	-4.305	-51.835	0.95404	0.037332	0.329888	0.0435	0.6345	0.0465	0	245	388	3
2026-02-12	15:30:21.890	-96.11	-3.185	-54.285	0.937936	-0.009516	0.33672	0.051	0.6255	0.0525	0	245	388	3
2026-02-12	15:30:21.910	-119.98	-2.695	-55.37	0.930128	-0.072712	0.326228	0.042	0.6045	0.0555	0	245	388	3
2026-02-12	15:30:21.930	-127.855	-1.155	-54.04	0.915732	-0.128588	0.313784	0.048	0.6015	0.0525	0	245	388	3
2026-02-12	15:30:21.950	-119.035	0.84	-51.765	0.885476	-0.152744	0.30012	0.048	0.6015	0.0525	0	245	388	3
2026-02-12	15:30:21.970	-104.44	1.575	-50.82	0.88206	-0.161284	0.287432	0.0435	0.582	0.0675	0	245	388	3
2026-02-12	15:30:21.990	-88.9	1.295	-51.065	0.881816	-0.157136	0.268888	0.0405	0.576	0.057	0	245	388	3
2026-02-12	15:30:22.010	-74.34	-0.14	-52.78	0.905484	-0.147376	0.240828	0.0405	0.57	0.0675	0	245	365	2
2026-02-12	15:30:22.030	-60.445	-1.54	-55.755	0.90524	-0.15128	0.242292	0.0435	0.564	0.06	0	245	365	2
2026-02-12	15:30:22.050	-46.06	-2.66	-58.835	0.904996	-0.171776	0.25864	0.0345	0.5535	0.057	0	245	365	2
2026-02-12	15:30:22.070	-31.815	-4.06	-61.04	0.915244	-0.162016	0.2928	0.0345	0.546	0.06	0	245	365	2
2026-02-12	15:30:22.090	-21.525	-4.655	-62.335	0.912316	-0.154696	0.31842	0.039	0.5355	0.0585	0	245	365	2
2026-02-12	15:30:22.110	-14.665	-4.9	-61.985	0.88206	-0.145668	0.314028	0.0375	0.5205	0.0615	0	245	365	2
2026-02-12	15:30:22.130	-13.58	-7.77	-60.725	0.89548	-0.164456	0.31476	0.0375	0.519	0.06	0	245	365	2
2026-02-12	15:30:22.150	-9.38	-1.505	-59.01	0.901092	-0.277672	0.348188	0.0375	0.519	0.06	0	245	365	2
2026-02-12	15:30:22.170	12.81	-3.815	-60.025	0.914512	-0.19154	0.387472	0.03	0.501	0.0645	0	245	365	2
2026-02-12	15:30:22.190	27.02	-6.825	-63.245	0.94062	-0.120292	0.43066	0.042	0.504	0.06	0	245	365	2
2026-02-12	15:30:22.210	28.175	-9.205	-66.78	0.912316	-0.068076	0.4392	0.048	0.483	0.063	0	240	351	2
2026-02-12	15:30:22.230	11.06	-17.08	-70.595	0.902556	-0.027328	0.438712	0.039	0.48	0.063	0	240	351	2
2026-02-12	15:30:22.250	-24.115	-26.495	-74.97	0.906216	-0.07905599	0.437004	0.0435	0.465	0.069	0	240	351	2
2026-02-12	15:30:22.270	-54.075	-35.28	-78.225	0.881084	-0.122488	0.457256	0.051	0.459	0.0735	0	240	351	2
2026-02-12	15:30:22.290	-78.925	-42.14	-79.52	0.879376	-0.183976	0.510692	0.0495	0.438	0.0705	0	240	351	2
2026-02-12	15:30:22.310	-100.695	-39.9	-76.965	0.861564	-0.29524	0.517768	0.06	0.435	0.072	0	240	351	2
2026-02-12	15:30:22.330	-107.38	-34.055	-69.51	0.80276	-0.382836	0.4819	0.057	0.4245	0.075	0	240	351	2
2026-02-12	15:30:22.350	-107.24	-32.935	-51.065	0.733708	-0.471652	0.44408	0.063	0.4065	0.0735	0	240	351	2
2026-02-12	15:30:22.370	-85.89	-31.92	-25.76	0.758108	-0.592188	0.464088	0.063	0.4065	0.0735	0	240	351	2
2026-02-12	15:30:22.390	-33.25	-27.3	-1.4	0.914268	-0.67222	0.525332	0.0735	0.399	0.0735	0	240	351	2
2026-02-12	15:30:22.410	27.02	-18.2	24.325	1.1041	-0.6405	0.557784	0.0705	0.393	0.0645	0	232	357	2
2026-02-12	15:30:22.430	70.735	-8.89	47.11	1.308084	-0.510204	0.543144	0.087	0.3945	0.078	0	232	357	2
2026-02-12	15:30:22.450	89.67	1.925	65.73	1.360056	-0.322324	0.479948	0.066	0.4035	0.084	0	232	357	2
2026-02-12	15:30:22.470	77.665	12.74	78.61	1.277584	-0.206668	0.380152	0.063	0.4155	0.081	0	232	357	2
2026-02-12	15:30:22.490	57.855	18.06	83.51	1.25782	-0.177144	0.336476	0.06	0.4245	0.096	0	232	357	2
2026-02-12	15:30:22.510	39.27	21.14	83.93	1.290272	-0.1952	0.375028	0.0585	0.4455	0.0885	0	232	357	2
2026-02-12	15:30:22.530	24.535	26.565	85.505	1.281488	-0.189588	0.428952	0.0465	0.4575	0.0915	0	232	357	2
2026-02-12	15:30:22.550	1.47	32.935	91.28	1.154608	-0.149328	0.408212	0.051	0.4725	0.084	0	232	357	2
2026-02-12	15:30:22.570	-31.57	34.3	102.165	1.00406	-0.160308	0.328912	0.0525	0.474	0.0825	0	232	357	2
2026-02-12	15:30:22.590	-51.45	28.98	115.885	0.898896	-0.185928	0.258884	0.0525	0.474	0.0825	0	232	357	2
2026-02-12	15:30:22.610	-51.275	20.825	126.525	0.88694	-0.210084	0.238876	0.0495	0.5115	0.072	0	226	374	3
2026-02-12	15:30:22.630	-38.57	13.44	135.555	0.909632	-0.216428	0.227408	0.0375	0.5325	0.0645	0	226	374	3
2026-02-12	15:30:22.650	-20.58	7.63	142.03	0.907436	-0.194468	0.199348	0.036	0.5475	0.0615	0	226	374	3
2026-02-12	15:30:22.670	-1.225	3.045	143.675	0.917684	-0.189832	0.185684	0.033	0.5715	0.0645	0	226	374	3
2026-02-12	15:30:22.690	20.02	0.735	139.93	0.94916	-0.193004	0.196176	0.042	0.5865	0.063	0	226	374	3
2026-02-12	15:30:22.710	37.73	2.52	132.02	0.93208	-0.184708	0.199104	0.0345	0.6105	0.063	0	226	374	3
2026-02-12	15:30:22.730	48.825	4.795	120.015	0.923052	-0.171532	0.218624	0.0405	0.63	0.057	0	226	374	3
2026-02-12	15:30:22.750	54.355	7.77	103.355	0.94428	-0.174216	0.232776	0.0465	0.6405	0.0615	0	226	374	3
2026-02-12	15:30:22.770	53.55	11.2	84.105	0.981612	-0.152988	0.2196	0.045	0.6555	0.0555	0	226	374	3
2026-02-12	15:30:22.790	31.395	12.355	50.015	1.00894	-0.097112	0.165188	0.054	0.681	0.0465	0	226	374	3
2026-02-12	15:30:22.810	9.66	10.5	25.06	0.98332	-0.094916	0.156648	0.054	0.693	0.048	0	223	370	3
2026-02-12	15:30:22.830	-4.76	5.425	-2.065	1.019676	-0.112484	0.171532	0.0615	0.6975	0.048	0	223	370	3
2026-02-12	15:30:22.850	-13.335	0.035	-29.19	1.045052	-0.15616	0.186904	0.0555	0.69	0.0435	0	223	370	3
2026-02-12	15:30:22.870	-15.33	-5.88	-53.305	1.070672	-0.190564	0.198372	0.054	0.6975	0.054	0	223	370	3
2026-02-12	15:30:22.890	-10.99	-12.635	-74.515	1.068476	-0.223016	0.220088	0.054	0.6855	0.0495	0	223	370	3
2026-02-12	15:30:22.910	1.435	-18.795	-88.305	0.98698	-0.264984	0.276208	0.0525	0.6795	0.054	0	223	370	3
2026-02-12	15:30:22.930	25.76	-22.96	-91.56	0.933544	-0.27938	0.37698	0.0435	0.6705	0.048	0	223	370	3
2026-02-12	15:30:22.950	59.325	-20.685	-85.68	0.928908	-0.27206	0.4148	0.033	0.6555	0.0525	0	223	370	3
2026-02-12	15:30:22.970	93.765	-13.755	-73.71	0.920124	-0.22204	0.382348	0.039	0.645	0.0555	0	223	370	3
2026-02-12	15:30:22.990	113.575	-6.475	-57.12	0.958188	-0.133468	0.333792	0.0405	0.633	0.0525	0	223	370	3
2026-02-12	15:30:23.010	106.295	1.295	-46.9	1.050664	-0.063928	0.324764	0.0405	0.633	0.0525	0	220	348	3
2026-02-12	15:30:23.030	76.125	9.52	-45.64	1.09922	0.015372	0.323788	0.0315	0.6195	0.051	0	220	348	3
2026-02-12	15:30:23.050	29.225	16.8	-48.16	1.11142	0.11468	0.271328	0.045	0.6195	0.045	0	220	348	3
2026-02-12	15:30:23.070	-36.295	19.04	-52.5	1.086532	0.140788	0.2196	0.024	0.6015	0.0345	0	220	348	3
2026-02-12	15:30:23.090	-105.84	22.015	-56.63	1.023092	0.045872	0.192272	0.033	0.6015	0.042	0	220	348	3
2026-02-12	15:30:23.110	-157.395	21.21	-57.995	0.978928	-0.040016	0.200812	0.0285	0.5865	0.042	0	220	348	3
2026-02-12	15:30:23.130	-192.115	16.87	-56.21	0.9577	-0.131028	0.213256	0.0285	0.582	0.0225	0	220	348	3
2026-02-12	15:30:23.150	-207.515	14.245	-52.15	0.937448	-0.211304	0.238876	0.033	0.5775	0.03	0	220	348	3
2026-02-12	15:30:23.170	-200.62	15.155	-46.2	0.913048	-0.260348	0.254004	0.027	0.5655	0.027	0	220	348	3
2026-02-12	15:30:23.190	-179.13	15.75	-40.04	0.894992	-0.260836	0.246684	0.027	0.558	0.027	0	220	348	3
2026-02-12	15:30:23.210	-144.375	16.205	-36.085	0.894992	-0.265472	0.22326	0.036	0.5415	0.03	0	216	325	3
2026-02-12	15:30:23.230	-105.385	16.625	-36.26	0.901336	-0.2623	0.214964	0.036	0.5415	0.03	0	216	325	3
2026-02-12	15:30:23.250	-76.23	14.77	-39.235	0.909388	-0.242292	0.228872	0.033	0.552	0.015	0	216	325	3
2026-02-12	15:30:23.270	-56.105	11.515	-43.19	0.905972	-0.246928	0.254736	0.0195	0.5355	0.012	0	216	325	3
2026-02-12	15:30:23.290	-44.695	7.21	-46.935	0.90402	-0.240828	0.286212	0.0315	0.525	0.015	0	216	325	3
2026-02-12	15:30:23.310	-46.375	1.855	-50.505	0.906704	-0.253272	0.321592	0.0375	0.5265	0.0105	0	216	325	3
2026-02-12	15:30:23.330	-51.1	-3.22	-52.85	0.912316	-0.277916	0.365024	0.036	0.519	0.0135	0	216	325	3
2026-02-12	15:30:23.350	-50.68	-6.93	-54.18	0.91012	-0.29158	0.389424	0.039	0.5115	0.003	0	216	325	3
2026-02-12	15:30:23.370	-48.475	-8.75	-54.775	0.902068	-0.303048	0.396988	0.036	0.4995	0.006	0	216	325	3
2026-02-12	15:30:23.390	-48.44	-8.925	-55.475	0.865956	-0.3233	0.390888	0.0405	0.4995	0.009	0	216	325	3
2026-02-12	15:30:23.410	-46.865	-8.61	-55.79	0.82106	-0.38064	0.393328	0.045	0.492	0.012	0	211	310	3
2026-02-12	15:30:23.430	-39.2	-8.05	-53.515	0.753228	-0.390644	0.38064	0.03	0.483	0.0075	0	211	310	3
2026-02-12	15:30:23.450	-33.075	-7.77	-51.31	0.69174	-0.377224	0.372832	0.0375	0.4755	0.0075	0	211	310	3
2026-02-12	15:30:23.470	-25.06	-9.415	-48.825	0.62098	-0.375272	0.376248	0.0405	0.4635	0.003	0	211	310	3
2026-02-12	15:30:23.490	-26.04	-14.49	-47.005	0.615124	-0.43188	0.416996	0.045	0.45	0.0045	0	211	310	3
2026-02-12	15:30:23.510	-37.485	-18.55	-42.98	0.638548	-0.5002	0.454816	0.039	0.447	0.0075	0	211	310	3
2026-02-12	15:30:23.530	-42.735	-19.705	-36.575	0.629276	-0.556808	0.493124	0.042	0.447	0.015	0	211	310	3
2026-02-12	15:30:23.550	-32.41	-19.67	-26.845	0.613904	-0.577792	0.489952	0.0495	0.438	0.0045	0	211	310	3
2026-02-12	15:30:23.570	-10.885	-22.19	-17.535	0.715408	-0.5856	0.41968	0.0435	0.438	0.0135	0	211	310	3
2026-02-12	15:30:23.590	20.475	-27.86	-12.635	0.994788	-0.63318	0.413092	0.0465	0.432	0.0105	0	211	310	3
2026-02-12	15:30:23.610	60.165	-27.09	-9.135	1.248548	-0.696376	0.512644	0.0525	0.432	0.018	0	207	317	3
2026-02-12	15:30:23.630	94.045	-14.945	6.125	1.319064	-0.62708	0.551196	0.0495	0.4305	0.033	0	207	317	3
2026-02-12	15:30:23.650	109.445	0.07	24.57	1.248792	-0.504836	0.459452	0.0465	0.438	0.0285	0	207	317	3
2026-02-12	15:30:23.670	115.325	8.89	35.035	1.233176	-0.399184	0.403332	0.042	0.4335	0.0375	0	207	317	3
2026-02-12	15:30:23.690	108.36	14.63	43.89	1.25538	-0.35258	0.38186	0.048	0.441	0.039	0	207	317	3
2026-02-12	15:30:23.710	98.49	18.62	50.225	1.287588	-0.348432	0.395768	0.0345	0.45	0.042	0	207	317	3
2026-02-12	15:30:23.730	90.125	24.185	56.28	1.274168	-0.3172	0.408456	0.042	0.456	0.039	0	207	317	3
2026-02-12	15:30:23.750	75.425	30.8	64.155	1.178276	-0.249612	0.369904	0.036	0.4695	0.0405	0	207	317	3
2026-02-12	15:30:23.770	50.19	36.155	72.59	1.05774	-0.2074	0.299144	0.0375	0.48	0.042	0	207	317	3
2026-02-12	15:30:23.790	26.635	38.395	80.78	0.961848	-0.199836	0.229604	0.03	0.489	0.0375	0	207	317	3
2026-02-12	15:30:23.810	10.255	36.54	87.92	0.917196	-0.19764	0.198616	0.039	0.4935	0.033	0	209	337	3
2026-02-12	15:30:23.830	2.03	32.34	92.645	0.965996	-0.193248	0.195444	0.0195	0.5145	0.0225	0	209	337	3
2026-02-12	15:30:23.850	-5.95	28.77	97.265	0.92232	-0.185928	0.1708	0.024	0.531	0.021	0	209	337	3
2026-02-12	15:30:23.870	-8.26	23.975	98.84	0.87718	-0.206912	0.159332	0.027	0.543	0.0165	0	209	337	3
2026-02-12	15:30:23.890	-2.1	20.44	95.515	0.905728	-0.23058	0.168116	0.027	0.5565	0.012	0	209	337	3
2026-02-12	15:30:23.910	10.22	18.935	89.88	0.955504	-0.244732	0.189832	0.027	0.564	0.0045	0	209	337	3
2026-02-12	15:30:23.930	19.88	20.72	84.21	0.923296	-0.210572	0.182024	0.033	0.5835	0.0045	0	209	337	3
2026-02-12	15:30:23.950	22.96	21.91	77.56	0.86986	-0.184708	0.155428	0.039	0.6045	0	0	209	337	3
2026-02-12	15:30:23.970	22.225	20.965	68.285	0.841556	-0.164944	0.129564	0.0345	0.6075	-0.0045	0	209	337	3
2026-02-12	15:30:23.990	17.465	18.305	56.315	0.873764	-0.14396	0.113216	0.0405	0.6135	-0.0105	0	209	337	3
2026-02-12	15:30:24.010	9.905	13.965	40.11	0.921832	-0.1464	0.131272	0.0405	0.6135	-0.0105	0	214	336	3
2026-02-12	15:30:24.030	5.985	11.235	30.765	0.929884	-0.14762	0.151768	0.039	0.6375	-0.0075	0	214	336	3
2026-02-12	15:30:24.050	1.82	7.035	18.095	0.950868	-0.158844	0.16714	0.039	0.633	-0.009	0	214	336	3
2026-02-12	15:30:24.070	1.26	-0.805	-3.08	1.034804	-0.187392	0.177388	0.0465	0.633	-0.0225	0	214	336	3
2026-02-12	15:30:24.090	6.825	-8.89	-22.33	1.10288	-0.182268	0.195688	0.042	0.63	-0.012	0	214	336	3
2026-02-12	15:30:24.110	10.99	-13.58	-39.9	1.115812	-0.211304	0.223016	0.048	0.6375	-0.012	0	214	336	3
2026-02-12	15:30:24.130	21.49	-17.605	-54.005	1.153632	-0.249368	0.28426	0.0435	0.6345	-0.018	0	214	336	3
2026-02-12	15:30:24.150	38.99	-18.515	-64.47	1.15168	-0.27328	0.319884	0.039	0.6315	-0.003	0	214	336	3
2026-02-12	15:30:24.170	56.735	-18.235	-67.97	1.048712	-0.251808	0.345504	0.0375	0.6195	-0.009	0	214	336	3
2026-02-12	15:30:24.190	73.955	-17.57	-64.295	0.944036	-0.21594	0.392352	0.0405	0.6135	-0.0045	0	214	336	3
2026-02-12	15:30:24.210	90.58	-15.33	-56.35	0.887672	-0.169336	0.437492	0.0375	0.5865	-0.0135	0	218	316	3
2026-02-12	15:30:24.230	104.72	-9.765	-46.69	0.883036	-0.130784	0.477264	0.036	0.585	-0.009	0	218	316	3
2026-02-12	15:30:24.250	107.8	-5.425	-36.54	0.865956	-0.071736	0.469212	0.0345	0.576	-0.012	0	218	316	3
2026-02-12	15:30:24.270	80.605	-6.44	-25.515	0.873032	0.016836	0.431636	0.036	0.573	-0.006	0	218	316	3
2026-02-12	15:30:24.290	26.565	-9.485	-23.38	0.92354	0.078568	0.388448	0.033	0.567	-0.006	0	218	316	3
2026-02-12	15:30:24.310	-24.43	-9.31	-28.805	0.974536	0.05124	0.361852	0.039	0.5595	-0.003	0	218	316	3
2026-02-12	15:30:24.330	-65.31	-7.665	-34.475	0.980148	0.013176	0.34404	0.0345	0.561	-0.0045	0	218	316	3
2026-02-12	15:30:24.350	-95.865	-5.18	-38.29	0.949648	-0.046848	0.351116	0.0375	0.543	-0.0015	0	218	316	3
2026-02-12	15:30:24.370	-112.315	-1.645	-40.18	0.924028	-0.107604	0.36478	0.0375	0.5505	0	0	218	316	3
2026-02-12	15:30:24.390	-115.465	0.875	-41.265	0.918904	-0.159332	0.36112	0.0405	0.54	-0.018	0	218	316	3
2026-02-12	15:30:24.410	-110.67	2.275	-42.07	0.919148	-0.194468	0.351116	0.0375	0.5445	-0.0045	0	220	309	3
2026-02-12	15:30:24.430	-101.675	2.695	-41.895	0.9211	-0.20618	0.322812	0.048	0.534	-0.006	0	220	309	3
2026-02-12	15:30:24.450	-88.165	1.4	-41.265	0.923296	-0.203252	0.305	0.0405	0.5325	-0.0105	0	220	309	3
2026-02-12	15:30:24.470	-70.84	0.28	-41.44	0.922076	-0.208864	0.316956	0.0405	0.5235	-0.0045	0	220	309	3
2026-02-12	15:30:24.490	-46.515	-0.315	-42.7	0.947452	-0.219112	0.339648	0.042	0.5175	-0.012	0	220	309	3
2026-02-12	15:30:24.510	-29.68	-1.855	-44.38	0.975756	-0.20496	0.349652	0.045	0.5115	-0.018	0	220	309	3
2026-02-12	15:30:24.530	-23.345	-3.325	-46.34	0.97478	-0.197152	0.354044	0.0435	0.5115	-0.021	0	220	309	3
2026-02-12	15:30:24.550	-17.71	-5.67	-49.455	0.987224	-0.218868	0.371612	0.048	0.5055	-0.0135	0	220	309	3
2026-02-12	15:30:24.570	-12.67	-7.245	-50.54	0.976732	-0.248148	0.37942	0.0465	0.4995	-0.018	0	220	309	3
2026-02-12	15:30:24.590	-9.415	-8.96	-48.23	0.934276	-0.248148	0.38796	0.0495	0.486	-0.015	0	220	309	3
2026-02-12	15:30:24.610	-9.905	-10.85	-43.4	0.8662	-0.233752	0.39162	0.042	0.4875	-0.0105	0	218	316	3
2026-02-12	15:30:24.630	-16.765	-14.14	-37.59	0.784948	-0.231312	0.397964	0.0525	0.471	-0.012	0	218	316	3
2026-02-12	15:30:24.650	-32.585	-21.315	-31.045	0.689788	-0.23302	0.331108	0.0465	0.4695	-0.006	0	218	316	3
2026-02-12	15:30:24.670	-60.655	-37.73	-24.255	0.501664	-0.234972	0.103944	0.0555	0.4695	-0.0075	0	218	316	3
2026-02-12	15:30:24.690	-105.28	-64.995	-19.18	0.302072	-0.207644	0.016104	0.051	0.4635	-0.009	0	218	316	3
2026-02-12	15:30:24.710	-130.76	-81.725	-38.325	0.4575	-0.504836	0.245952	0.0525	0.465	-0.003	0	218	316	3
2026-02-12	15:30:24.730	-87.255	-79.38	-48.02	0.620004	-0.737856	0.399184	0.0555	0.4575	0	0	218	316	3
2026-02-12	15:30:24.750	-14.07	-66.045	-45.78	0.630008	-0.778848	0.418948	0.048	0.4515	0.0075	0	218	316	3
2026-02-12	15:30:24.770	66.5	-52.955	-36.33	0.610732	-0.748104	0.386496	0.0495	0.4485	0.015	0	218	316	3
2026-02-12	15:30:24.790	143.115	-42.385	-17.29	0.65148	-0.701256	0.371856	0.057	0.4455	0.0345	0	218	316	3
2026-02-12	15:30:24.810	210.7	-38.255	4.13	0.977708	-0.645136	0.454572	0.06	0.432	0.0375	0	216	324	3
2026-02-12	15:30:24.830	257.145	-30.52	16.415	1.388116	-0.554612	0.593652	0.054	0.4455	0.0495	0	216	324	3
2026-02-12	15:30:24.850	264.985	-14.875	27.825	1.80438	-0.378932	0.709308	0.063	0.4485	0.0585	0	216	324	3
2026-02-12	15:30:24.870	220.045	13.51	42.315	1.866844	-0.229604	0.61	0.057	0.4515	0.0765	0	216	324	3
2026-02-12	15:30:24.890	148.505	35.49	45.78	1.712148	-0.112484	0.366488	0.054	0.462	0.075	0	216	324	3
2026-02-12	15:30:24.910	57.68	44.38	43.645	1.595272	-0.132492	0.251564	0.0495	0.4665	0.078	0	216	324	3
2026-02-12	15:30:24.930	-9.52	50.47	47.32	1.389824	-0.209108	0.242048	0.048	0.477	0.066	0	216	324	3
2026-02-12	15:30:24.950	-39.445	49.84	57.085	1.170956	-0.212524	0.259616	0.054	0.489	0.06	0	216	324	3
2026-02-12	15:30:24.970	-56.805	47.845	69.755	0.958188	-0.237168	0.23668	0.039	0.492	0.0435	0	216	324	3
2026-02-12	15:30:24.990	-54.075	39.13	82.145	0.812764	-0.246196	0.2013	0.042	0.4995	0.042	0	216	324	3
2026-02-12	15:30:25.010	-41.335	30.1	92.12	0.761036	-0.246196	0.142252	0.0375	0.5175	0.036	0	223	334	3
2026-02-12	15:30:25.030	-30.8	21.56	98.455	0.785192	-0.27328	0.066612	0.0435	0.531	0.0315	0	223	334	3
2026-02-12	15:30:25.050	-12.53	14.84	101.78	0.806664	-0.339892	-0.010492	0.0465	0.5355	0.0255	0	223	334	3
2026-02-12	15:30:25.070	21.14	7.49	101.08	0.853024	-0.33184	-0.044164	0.036	0.5565	0.0225	0	223	334	3
2026-02-12	15:30:25.090	54.355	1.61	94.5	0.965996	-0.326716	-0.027572	0.0555	0.5655	0.018	0	223	334	3
2026-02-12	15:30:25.110	76.44	1.4	86.31	0.950868	-0.288652	0.006588	0.045	0.585	0.018	0	223	334	3
2026-02-12	15:30:25.130	87.5	3.71	75.53	0.88694	-0.257176	0.042212	0.048	0.588	0.0195	0	223	334	3
2026-02-12	15:30:25.150	93.94	4.97	62.615	0.883036	-0.20862	0.064904	0.057	0.5985	0.0165	0	223	334	3
2026-02-12	15:30:25.170	92.68	5.845	50.26	0.9211	-0.187636	0.10248	0.063	0.615	0.0135	0	223	334	3
2026-02-12	15:30:25.190	84.14	7.91	36.225	0.982588	-0.164944	0.122488	0.0675	0.6195	0.0075	0	223	334	3
2026-02-12	15:30:25.210	68.25	9.485	20.58	1.078968	-0.14274	0.119072	0.0615	0.621	0	0	236	314	3
2026-02-12	15:30:25.230	42.98	8.925	4.585	1.158512	-0.119804	0.091256	0.066	0.6195	0.003	0	236	314	3
2026-02-12	15:30:25.250	11.165	5.145	-11.725	1.197308	-0.113704	0.069784	0.066	0.621	0.003	0	236	314	3
2026-02-12	15:30:25.270	-21.035	-0.42	-26.215	1.15412	-0.127612	0.092964	0.06	0.6225	0.0045	0	236	314	3
2026-02-12	15:30:25.290	-60.515	-11.095	-38.71	1.137528	-0.133468	0.13176	0.0615	0.615	0	0	236	314	3
2026-02-12	15:30:25.310	-107.8	-22.505	-47.39	1.069208	-0.177632	0.14884	0.0645	0.6075	0.0045	0	236	314	3
2026-02-12	15:30:25.330	-136.535	-34.3	-50.855	0.92842	-0.236192	0.179584	0.066	0.6075	0.009	0	236	314	3
2026-02-12	15:30:25.350	-123.375	-45.185	-47.495	0.872056	-0.410164	0.345748	0.0615	0.6	0.03	0	236	314	3
2026-02-12	15:30:25.370	-73.115	-37.205	-37.38	0.857416	-0.510448	0.392108	0.0585	0.5865	0.0255	0	236	314	3
2026-02-12	15:30:25.390	-4.41	-25.095	-23.695	0.833992	-0.453596	0.297436	0.0675	0.582	0.0375	0	236	314	3
2026-02-12	15:30:25.410	50.82	-16.625	-11.305	0.837652	-0.354288	0.199348	0.06	0.5745	0.0315	0	249	276	3
2026-02-12	15:30:25.430	87.57	-12.74	-1.89	0.941352	-0.341356	0.129076	0.072	0.591	0.0375	0	249	276	3
2026-02-12	15:30:25.450	110.88	-8.855	3.43	1.005524	-0.28914	0.12322	0.0675	0.5835	0.039	0	249	276	3
2026-02-12	15:30:25.470	116.515	-4.445	6.09	1.012356	-0.240096	0.155184	0.0615	0.579	0.0405	0	249	276	3
2026-02-12	15:30:25.490	111.79	-0.595	7.14	1.019432	-0.182024	0.206668	0.0615	0.591	0.045	0	249	276	3
2026-02-12	15:30:25.510	100.17	2.765	7.385	1.01138	-0.114192	0.253516	0.0675	0.588	0.0405	0	249	276	3
2026-02-12	15:30:25.530	76.265	5.11	9.59	0.972584	-0.07124799	0.282308	0.0555	0.5985	0.039	0	249	276	3
2026-02-12	15:30:25.550	43.4	7.525	13.195	0.937936	-0.073688	0.2745	0.0615	0.5985	0.0435	0	249	276	3
2026-02-12	15:30:25.570	12.81	6.405	15.785	0.955016	-0.09882	0.2684	0.0615	0.5985	0.0435	0	249	276	3
2026-02-12	15:30:25.590	-15.645	4.62	16.52	1.00528	-0.18178	0.288408	0.054	0.6045	0.0315	0	249	276	3
2026-02-12	15:30:25.610	-34.475	5.635	19.53	1.010404	-0.2928	0.285968	0.057	0.6015	0.039	0	256	249	3
2026-02-12	15:30:25.630	-42.665	4.095	22.33	0.997716	-0.323544	0.30622	0.054	0.6165	0.033	0	256	249	3
2026-02-12	15:30:25.650	-46.585	4.27	22.995	0.933056	-0.353556	0.329644	0.057	0.6105	0.03	0	256	249	3
2026-02-12	15:30:25.670	-51.275	2.17	23.1	0.874984	-0.367708	0.35258	0.0585	0.6045	0.0285	0	256	249	3
2026-02-12	15:30:25.690	-57.4	0.105	25.55	0.874008	-0.487024	0.375516	0.066	0.621	0.033	0	256	249	3
2026-02-12	15:30:25.710	-34.09	2.975	31.57	0.820816	-0.635132	0.411628	0.0585	0.6195	0.042	0	256	249	3
2026-02-12	15:30:25.730	-1.12	5.005	37.87	0.72956	-0.658556	0.53192	0.06	0.63	0.036	0	256	249	3
2026-02-12	15:30:25.750	11.795	6.125	44.59	0.664168	-0.663436	0.610244	0.0585	0.6345	0.036	0	256	249	3
2026-02-12	15:30:25.770	19.075	10.255	52.255	0.662948	-0.610488	0.566812	0.063	0.6315	0.0225	0	256	249	3
2026-02-12	15:30:25.790	20.965	21.14	60.13	0.667584	-0.632448	0.472872	0.063	0.6315	0.0225	0	256	249	3
2026-02-12	15:30:25.810	18.06	25.76	66.885	0.659288	-0.613172	0.429196	0.0615	0.651	0.0195	0	259	251	3
2026-02-12	15:30:25.830	-1.995	26.985	72.94	0.621468	-0.560224	0.355508	0.066	0.6615	0.015	0	259	251	3
2026-02-12	15:30:25.850	-32.375	24.71	77.7	0.569008	-0.547292	0.268156	0.075	0.6615	0.0075	0	259	251	3
2026-02-12	15:30:25.870	-68.04	17.955	81.34	0.50264	-0.514352	0.168848	0.069	0.6735	0.012	0	259	251	3
2026-02-12	15:30:25.890	-103.32	4.445	84.42	0.421632	-0.422364	0.068564	0.075	0.6945	0.0135	0	259	251	3
2026-02-12	15:30:25.910	-140.665	-14.35	86.73	0.403576	-0.567544	-0.00366	0.0765	0.7035	0.018	0	259	251	3
2026-02-12	15:30:25.930	-110.985	-26.005	91.56	0.393084	-0.821548	-0.070272	0.093	0.72	0.0315	0	259	251	3
2026-02-12	15:30:25.950	-50.19	-37.24	95.025	0.370148	-0.76128	-0.021228	0.0945	0.7245	0.0345	0	259	251	3
2026-02-12	15:30:25.970	-21.21	-46.795	96.46	0.406504	-0.814228	0.001952	0.0885	0.738	0.0435	0	259	251	3
2026-02-12	15:30:25.990	1.015	-66.535	86.45	0.69784	-0.81008	0.013664	0.1035	0.7515	0.054	0	259	251	3
2026-02-12	15:30:26.010	15.365	-79.31	64.155	0.958188	-0.877424	0.149328	0.1065	0.7605	0.066	0	263	261	3
2026-02-12	15:30:26.030	55.44	-69.615	32.97	0.96746	-0.998448	0.176656	0.1155	0.765	0.0705	0	263	261	3
2026-02-12	15:30:26.050	88.69	-60.76	0.175	1.056032	-1.051396	0.142008	0.1275	0.7785	0.0795	0	263	261	3
2026-02-12	15:30:26.070	99.82	-57.05	-20.58	1.088972	-0.970144	0.096136	0.12	0.786	0.078	0	263	261	3
2026-02-12	15:30:26.090	103.985	-55.65	-38.115	1.138016	-0.834724	0.130052	0.12	0.7785	0.084	0	263	261	3
2026-02-12	15:30:26.110	111.23	-51.555	-45.15	1.085068	-0.730292	0.239364	0.1155	0.7725	0.0735	0	263	261	3
2026-02-12	15:30:26.130	109.655	-41.405	-40.425	0.94672	-0.591212	0.348676	0.114	0.7755	0.078	0	263	261	3
2026-02-12	15:30:26.150	94.5	-27.58	-32.305	0.782996	-0.511668	0.240584	0.117	0.774	0.0705	0	263	261	3
2026-02-12	15:30:26.170	76.195	-22.12	-24.29	0.609268	-0.440664	0.040504	0.1065	0.768	0.0675	0	263	261	3
2026-02-12	15:30:26.190	52.01	-28.56	-15.015	0.558516	-0.447252	0.00488	0.105	0.7695	0.06	0	263	261	3
2026-02-12	15:30:26.210	32.27	-35.805	-1.855	0.68442	-0.449448	0.12566	0.105	0.7695	0.0615	0	272	249	3
2026-02-12	15:30:26.230	15.96	-34.3	8.925	0.736392	-0.375028	0.185928	0.1155	0.7695	0.0675	0	272	249	3
2026-02-12	15:30:26.250	-4.69	-30.765	17.745	0.734684	-0.345992	0.218136	0.117	0.7605	0.066	0	272	249	3
2026-02-12	15:30:26.270	-9.415	-26.46	25.13	0.75152	-0.38674	0.264252	0.1035	0.7665	0.066	0	272	249	3
2026-02-12	15:30:26.290	4.2	-22.26	30.275	0.783972	-0.415532	0.298168	0.117	0.765	0.075	0	272	249	3
2026-02-12	15:30:26.310	23.765	-17.605	31.605	0.887916	-0.44164	0.312564	0.108	0.7725	0.081	0	272	249	3
2026-02-12	15:30:26.330	42.315	-13.195	31.22	0.99674	-0.440664	0.293044	0.114	0.771	0.078	0	272	249	3
2026-02-12	15:30:26.350	52.815	-11.06	32.2	1.054324	-0.364048	0.232288	0.105	0.78	0.078	0	272	249	3
2026-02-12	15:30:26.370	49.175	-13.125	30.73	1.102148	-0.284016	0.188856	0.12	0.777	0.0735	0	272	249	3
2026-02-12	15:30:26.390	38.115	-15.96	22.295	1.115324	-0.26108	0.203252	0.12	0.792	0.069	0	272	249	3
2026-02-12	15:30:26.410	29.225	-18.27	2.24	1.11142	-0.274256	0.259128	0.126	0.801	0.072	0	280	234	3
2026-02-12	15:30:26.430	23.52	-20.09	-22.82	1.144116	-0.301096	0.30012	0.126	0.801	0.072	0	280	234	3
2026-02-12	15:30:26.450	17.535	-21.84	-45.815	1.18828	-0.2989	0.27572	0.1335	0.792	0.0705	0	280	234	3
2026-02-12	15:30:26.470	8.155	-24.43	-72.59	1.189012	-0.334768	0.25132	0.117	0.78	0.0735	0	280	234	3
2026-02-12	15:30:26.490	4.585	-26.46	-97.335	1.110932	-0.39772	0.236924	0.117	0.7845	0.0675	0	280	234	3
2026-02-12	15:30:26.510	14.63	-28.14	-115.255	0.996252	-0.417484	0.242536	0.105	0.774	0.0765	0	280	234	3
2026-02-12	15:30:26.530	33.705	-26.985	-124.705	0.883768	-0.410652	0.258396	0.0975	0.756	0.0735	0	280	234	3
2026-02-12	15:30:26.550	57.505	-22.68	-125.615	0.806176	-0.381128	0.27694	0.0945	0.7335	0.0795	0	280	234	3
2026-02-12	15:30:26.570	80.01	-16.555	-121.38	0.81008	-0.318176	0.243024	0.09	0.723	0.087	0	280	234	3
2026-02-12	15:30:26.590	97.44	-9.485	-117.845	0.861564	-0.255712	0.215452	0.0795	0.7095	0.0735	0	280	234	3
2026-02-12	15:30:26.610	104.055	-1.925	-116.2	0.941352	-0.221308	0.185684	0.0705	0.6945	0.0765	0	286	230	3
2026-02-12	15:30:26.630	92.505	6.125	-119.28	1.168028	0.278404	0.509472	0.0705	0.6945	0.0765	0	286	230	3
2026-02-12	15:30:26.650	54.67	11.655	-124.355	1.214388	-0.11346	0.163724	0.063	0.666	0.06	0	286	230	3
2026-02-12	15:30:26.670	1.54	18.69	-126.315	1.176812	0.078812	0.261568	0.0555	0.651	0.051	0	286	230	3
2026-02-12	15:30:26.690	-57.575	23.555	-126.105	1.161684	-0.057096	0.18666	0.057	0.6255	0.048	0	286	230	3
2026-02-12	15:30:26.710	-118.335	26.88	-124.46	1.156804	-0.07808	0.17812	0.0525	0.615	0.0495	0	286	230	3
2026-02-12	15:30:26.730	-172.97	29.82	-118.93	1.128988	-0.137372	0.158844	0.048	0.5895	0.0465	0	286	230	3
2026-02-12	15:30:26.750	-212.66	29.575	-110.46	1.093852	-0.183488	0.149328	0.051	0.576	0.0375	0	286	230	3
2026-02-12	15:30:26.770	-234.885	29.855	-98.805	1.019676	-0.251076	0.152988	0.0465	0.564	0.0375	0	286	230	3
2026-02-12	15:30:26.790	-236.495	29.96	-84.455	0.929152	-0.2806	0.138592	0.054	0.543	0.0345	0	286	230	3
2026-02-12	15:30:26.810	-226.31	27.615	-70.42	0.888892	-0.279624	0.108824	0.0495	0.5325	0.0315	0	290	229	3
2026-02-12	15:30:26.830	-203.735	22.715	-56.21	0.888648	-0.299144	0.081008	0.054	0.525	0.015	0	290	229	3
2026-02-12	15:30:26.850	-168.28	16.73	-44.835	0.88084	-0.33916	0.078568	0.054	0.525	0.015	0	290	229	3
2026-02-12	15:30:26.870	-127.015	12.39	-38.43	0.864004	-0.359168	0.10492	0.0555	0.507	0.0015	0	290	229	3
2026-02-12	15:30:26.890	-80.535	9.38	-33.355	0.84668	-0.358436	0.15128	0.0495	0.5025	-0.003	0	290	229	3
2026-02-12	15:30:26.910	-41.825	6.685	-28.77	0.836432	-0.344284	0.197152	0.063	0.495	-0.0045	0	290	229	3
2026-02-12	15:30:26.930	-9.38	5.11	-24.115	0.87474	-0.364536	0.242048	0.0615	0.495	-0.003	0	290	229	3
2026-02-12	15:30:26.950	20.65	4.9	-19.18	0.997472	-0.39162	0.343552	0.0495	0.4995	0	0	290	229	3
2026-02-12	15:30:26.970	40.635	10.395	-14.07	1.06018	-0.399916	0.40626	0.048	0.4875	-0.0015	0	290	229	3
2026-02-12	15:30:26.990	44.485	15.05	-6.615	0.970876	-0.304024	0.380396	0.06	0.4935	-0.003	0	290	229	3
2026-02-12	15:30:27.010	26.145	15.61	0.84	0.903776	-0.27084	0.355508	0.0645	0.486	-0.0165	0	290	226	3
2026-02-12	15:30:27.030	-5.32	10.08	4.62	0.812276	-0.221796	0.34038	0.054	0.4845	-0.0015	0	290	226	3
2026-02-12	15:30:27.050	-39.305	-5.355	5.18	0.66124	-0.247172	0.332084	0.054	0.489	-0.0045	0	290	226	3
2026-02-12	15:30:27.070	-57.225	-26.145	2.17	0.495564	-0.393572	0.361852	0.054	0.489	-0.0045	0	290	226	3
2026-02-12	15:30:27.090	-59.01	-37.975	-0.7	0.462868	-0.593408	0.487512	0.063	0.4845	-0.009	0	290	226	3
2026-02-12	15:30:27.110	-41.86	-40.565	0.35	0.433832	-0.670512	0.53192	0.0585	0.4875	-0.0015	0	290	226	3
2026-02-12	15:30:27.130	-15.995	-41.055	4.62	0.428708	-0.666852	0.469212	0.063	0.486	0.0105	0	290	226	3
2026-02-12	15:30:27.150	16.52	-37.835	12.04	0.458964	-0.6649	0.40626	0.057	0.4875	0.009	0	290	226	3
2026-02-12	15:30:27.170	52.465	-40.005	23.345	0.646112	-0.60146	0.390644	0.0555	0.489	0.0135	0	290	226	3
2026-02-12	15:30:27.190	89.74	-39.725	29.575	0.921832	-0.638548	0.478728	0.0675	0.4965	0.015	0	290	226	3
2026-02-12	15:30:27.210	134.785	-31.745	32.865	1.25538	-0.645624	0.62708	0.051	0.495	0.021	0	288	243	2
2026-02-12	15:30:27.230	173.355	-18.165	35.21	1.626992	-0.523136	0.677588	0.057	0.495	0.03	0	288	243	2
2026-02-12	15:30:27.250	166.775	0.91	44.45	1.697264	-0.382836	0.573888	0.0555	0.501	0.045	0	288	243	2
2026-02-12	15:30:27.270	105.735	26.635	47.53	1.557696	-0.29768	0.363072	0.0555	0.501	0.045	0	288	243	2
2026-02-12	15:30:27.290	61.705	36.225	49.7	1.408856	-0.263032	0.308172	0.051	0.513	0.0435	0	288	243	2
2026-02-12	15:30:27.310	25.095	40.005	55.755	1.252696	-0.257908	0.310612	0.0525	0.5295	0.036	0	288	243	2
2026-02-12	15:30:27.330	0.21	39.935	64.75	1.116544	-0.240584	0.326472	0.048	0.534	0.0345	0	288	243	2
2026-02-12	15:30:27.350	-14.56	36.645	75.705	1.017236	-0.214232	0.332328	0.048	0.5355	0.0285	0	288	243	2
2026-02-12	15:30:27.370	-28.63	30.45	87.36	0.91744	-0.192028	0.293044	0.054	0.549	0.0195	0	288	243	2
2026-02-12	15:30:27.390	-41.93	22.19	98.595	0.808372	-0.193248	0.235948	0.054	0.564	0.015	0	288	243	2
2026-02-12	15:30:27.410	-48.37	13.265	107.275	0.754692	-0.216184	0.190564	0.048	0.573	0.0165	0	291	277	3
2026-02-12	15:30:27.430	-42.63	5.565	111.615	0.781776	-0.23912	0.163724	0.054	0.582	0.0135	0	291	277	3
2026-02-12	15:30:27.450	-27.51	0.455	111.405	0.859856	-0.25376	0.15494	0.054	0.6075	0.0165	0	291	277	3
2026-02-12	15:30:27.470	-9.415	-0.385	107.695	0.854732	-0.246684	0.121756	0.057	0.621	0.0195	0	291	277	3
2026-02-12	15:30:27.490	8.05	-0.805	98.735	0.815448	-0.247904	0.107116	0.057	0.621	0.0195	0	291	277	3
2026-02-12	15:30:27.510	27.51	-1.295	85.12	0.84424	-0.276452	0.116388	0.054	0.642	0.0225	0	291	277	3
2026-02-12	15:30:27.530	49.385	0.7	68.215	0.92476	-0.271572	0.139324	0.0555	0.66	0.0225	0	291	277	3
2026-02-12	15:30:27.550	62.09	5.39	49.63	0.96624	-0.232776	0.150304	0.0675	0.6735	0.018	0	291	277	3
2026-02-12	15:30:27.570	63.525	9.03	31.535	0.988688	-0.193492	0.138836	0.054	0.6705	0.0225	0	291	277	3
2026-02-12	15:30:27.590	58.1	11.025	15.33	0.989664	-0.182512	0.124684	0.0675	0.6855	0.0165	0	291	277	3
2026-02-12	15:30:27.610	51.1	10.29	2.765	0.979904	-0.17324	0.12688	0.0645	0.684	0.015	0	294	289	3
2026-02-12	15:30:27.630	41.545	5.6	-8.54	1.020652	-0.152744	0.151768	0.0555	0.681	0.0195	0	294	289	3
2026-02-12	15:30:27.650	29.505	-0.035	-20.965	1.06506	-0.160308	0.203496	0.0705	0.687	0.0105	0	294	289	3
2026-02-12	15:30:27.670	22.4	-5.705	-33.005	1.077016	-0.186172	0.262788	0.0645	0.687	0.015	0	294	289	3
2026-02-12	15:30:27.690	23.485	-13.685	-47.46	1.106296	-0.206668	0.320616	0.0645	0.687	0.015	0	294	289	3
2026-02-12	15:30:27.710	32.48	-18.585	-61.915	1.120692	-0.232532	0.41724	0.0645	0.687	0.015	0	294	289	3
2026-02-12	15:30:27.730	54.425	-14.21	-73.745	1.15534	-0.159088	0.522892	0.054	0.6615	0.012	0	294	289	3
2026-02-12	15:30:27.750	78.54	-3.92	-84.07	1.10898	-0.038308	0.560712	0.0495	0.6465	0.0195	0	294	289	3
2026-02-12	15:30:27.770	76.685	3.255	-84.945	0.998692	-0.034892	0.539728	0.0405	0.639	0.018	0	294	289	3
2026-02-12	15:30:27.790	44.275	2.345	-79.485	0.928908	-0.103944	0.509716	0.042	0.6255	0.0135	0	294	289	3
2026-02-12	15:30:27.810	7.665	0.35	-73.955	0.927444	-0.128344	0.479704	0.054	0.6105	0.0075	0	296	287	3
2026-02-12	15:30:27.830	-17.185	2.03	-69.86	0.938912	-0.051728	0.46116	0.042	0.6075	0.0045	0	296	287	3
2026-02-12	15:30:27.850	-31.955	7.385	-64.295	0.910364	-0.00854	0.42822	0.0405	0.603	0.009	0	296	287	3
2026-02-12	15:30:27.870	-37.87	10.395	-58.205	0.928176	0.00366	0.404308	0.0375	0.5805	0.0135	0	296	287	3
2026-02-12	15:30:27.890	-48.055	13.23	-53.83	0.97966	-0.018544	0.378932	0.0285	0.585	0.0105	0	296	287	3
2026-02-12	15:30:27.910	-68.6	18.55	-50.75	0.980636	-0.091744	0.365512	0.0285	0.585	0.0105	0	296	287	3
2026-02-12	15:30:27.930	-78.05	21.525	-49.105	0.963068	-0.155672	0.35868	0.033	0.5625	0.003	0	296	287	3
2026-02-12	15:30:27.950	-77	23.905	-47.25	0.931592	-0.204716	0.352336	0.036	0.555	0	0	296	287	3
2026-02-12	15:30:27.970	-65.205	24.22	-44.73	0.912072	-0.216428	0.358192	0.039	0.5475	0.0045	0	296	287	3
2026-02-12	15:30:27.990	-53.515	24.395	-41.86	0.86498	-0.20252	0.348432	0.0405	0.5475	-0.006	0	296	287	3
2026-02-12	15:30:28.010	-47.775	23.24	-39.55	0.831064	-0.175436	0.326228	0.033	0.5355	-0.0105	0	293	300	3
2026-02-12	15:30:28.030	-48.16	20.545	-37.835	0.810324	-0.155428	0.291092	0.0375	0.5295	-0.0135	0	293	300	3
2026-02-12	15:30:28.050	-51.45	16.205	-36.435	0.79422	-0.141276	0.262056	0.039	0.5205	-0.012	0	293	300	3
2026-02-12	15:30:28.070	-55.195	10.57	-36.085	0.813008	-0.140788	0.249612	0.042	0.525	-0.018	0	293	300	3
2026-02-12	15:30:28.090	-59.5	6.23	-36.33	0.809836	-0.148596	0.254492	0.051	0.5235	-0.0195	0	293	300	3
2026-02-12	15:30:28.110	-61.67	1.365	-36.05	0.814228	-0.162992	0.260104	0.0465	0.5175	-0.0225	0	293	300	3
2026-02-12	15:30:28.130	-59.255	-4.13	-35.91	0.835212	-0.195932	0.261812	0.042	0.5115	-0.027	0	293	300	3
2026-02-12	15:30:28.150	-50.82	-9.205	-36.295	0.874496	-0.2318	0.289628	0.0375	0.507	-0.0195	0	293	300	3
2026-02-12	15:30:28.170	-38.465	-13.755	-37.24	0.936716	-0.254004	0.350384	0.0345	0.51	-0.0285	0	293	300	3
2026-02-12	15:30:28.190	-22.085	-14.805	-37.52	1.008452	-0.324764	0.433588	0.0465	0.4965	-0.024	0	293	300	3
2026-02-12	15:30:28.210	-0.525	-12.215	-32.795	1.006012	-0.323788	0.485072	0.036	0.4965	-0.024	0	286	315	3
2026-02-12	15:30:28.230	13.23	-12.005	-25.97	0.975512	-0.249612	0.484584	0.0375	0.4875	-0.0195	0	286	315	3
2026-02-12	15:30:28.250	13.79	-15.715	-20.825	0.93208	-0.189832	0.459208	0.054	0.486	-0.0165	0	286	315	3
2026-02-12	15:30:28.270	8.61	-22.505	-16.835	0.8845	-0.184708	0.451644	0.045	0.48	-0.018	0	286	315	3
2026-02-12	15:30:28.290	7.49	-28.875	-13.09	0.814472	-0.233264	0.49166	0.0375	0.4815	-0.0015	0	286	315	3
2026-02-12	15:30:28.310	5.705	-37.03	-7.07	0.71004	-0.258396	0.50996	0.039	0.4785	-0.0075	0	286	315	3
2026-02-12	15:30:28.330	-2.87	-49	-3.115	0.56364	-0.279136	0.497516	0.039	0.4785	-0.0075	0	286	315	3
2026-02-12	15:30:28.350	-1.225	-54.775	-3.71	0.431148	-0.329888	0.526552	0.039	0.4785	-0.0075	0	286	315	3
2026-02-12	15:30:28.370	16.695	-53.48	-3.85	0.37454	-0.388936	0.538508	0.042	0.477	0.0135	0	286	315	3
2026-02-12	15:30:28.390	37.135	-49.385	-0.56	0.385764	-0.48922	0.531432	0.042	0.471	0.03	0	286	315	3
2026-02-12	15:30:28.410	58.87	-40.46	10.045	0.484584	-0.643916	0.509472	0.039	0.4665	0.036	0	276	337	3
2026-02-12	15:30:28.430	96.6	-32.515	27.3	0.689788	-0.705892	0.4392	0.036	0.465	0.0465	0	276	337	3
2026-02-12	15:30:28.450	153.195	-28.595	38.815	1.02602	-0.737124	0.479948	0.033	0.477	0.045	0	276	337	3
2026-02-12	15:30:28.470	225.925	-20.93	44.275	1.276608	-0.6466	0.647576	0.0315	0.486	0.0585	0	276	337	3
2026-02-12	15:30:28.490	280.875	-8.47	56.14	1.453508	-0.495564	0.791292	0.03	0.4905	0.069	0	276	337	3
2026-02-12	15:30:28.510	297.185	7.35	69.3	1.467416	-0.330132	0.785924	0.03	0.5055	0.078	0	276	337	3
2026-02-12	15:30:28.530	274.295	24.185	69.86	1.40422	-0.14884	0.70882	0.03	0.522	0.084	0	276	337	3
2026-02-12	15:30:28.550	158.025	46.375	56.7	1.23708	-0.020984	0.641232	0.03	0.522	0.084	0	276	337	3
2026-02-12	15:30:28.570	68.18	56.42	47.53	1.12484	-0.06222	0.583648	0.027	0.5505	0.078	0	276	337	3
2026-02-12	15:30:28.590	2.765	60.97	46.06	0.988688	-0.13664	0.521184	0.018	0.5655	0.075	0	276	337	3
2026-02-12	15:30:28.610	-37.275	60.935	51.24	0.875472	-0.158356	0.467992	0.015	0.576	0.0705	0	271	379	3
2026-02-12	15:30:28.630	-68.04	58.52	57.785	0.809348	-0.188612	0.421632	0.009	0.585	0.054	0	271	379	3
2026-02-12	15:30:28.650	-90.65	53.795	63.84	0.79056	-0.238632	0.383812	0.0135	0.5955	0.039	0	271	379	3
2026-02-12	15:30:28.670	-97.86	46.375	70.77	0.83204	-0.292068	0.35502	0.0135	0.6045	0.039	0	271	379	3
2026-02-12	15:30:28.690	-94.29	36.785	78.89	0.85522	-0.320616	0.33184	0.0195	0.612	0.039	0	271	379	3
2026-02-12	15:30:28.710	-85.4	29.015	86.135	0.854732	-0.356484	0.303048	0.012	0.6375	0.0345	0	271	379	3
2026-02-12	15:30:28.730	-68.39	23.31	90.615	0.8723	-0.379664	0.284504	0.0195	0.648	0.039	0	271	379	3
2026-02-12	15:30:28.750	-41.335	22.33	92.785	0.8845	-0.409432	0.277672	0.0195	0.6555	0.033	0	271	379	3
2026-02-12	15:30:28.770	-10.535	25.9	93.1	0.89548	-0.434564	0.274988	0.0195	0.6645	0.027	0	271	379	3
2026-02-12	15:30:28.790	17.185	31.64	91.91	0.906216	-0.473848	0.261324	0.0225	0.7065	0.0255	0	271	379	3
2026-02-12	15:30:28.810	48.86	35.035	88.13	0.953064	-0.44286	0.257908	0.033	0.711	0.027	0	271	410	3
2026-02-12	15:30:28.830	73.115	37.17	80.115	1.017724	-0.408456	0.24888	0.042	0.726	0.0135	0	271	410	3
2026-02-12	15:30:28.850	85.645	38.675	70.875	1.024312	-0.354288	0.235704	0.039	0.738	0.0135	0	271	410	3
2026-02-12	15:30:28.870	84.105	36.225	61.04	0.987468	-0.301584	0.232532	0.051	0.7545	-0.0045	0	271	410	3
2026-02-12	15:30:28.890	72.38	28.805	49.42	0.984784	-0.268888	0.265228	0.057	0.762	-0.021	0	271	410	3
2026-02-12	15:30:28.910	54.32	18.235	35.35	1.01504	-0.2501	0.31598	0.06	0.765	-0.03	0	271	410	3
2026-02-12	15:30:28.930	28.805	5.705	22.995	1.005036	-0.235216	0.358924	0.06	0.7755	-0.033	0	271	410	3
2026-02-12	15:30:28.950	1.54	-8.155	13.405	0.976976	-0.208864	0.380396	0.063	0.7755	-0.0345	0	271	410	3
2026-02-12	15:30:28.970	-23.1	-24.22	3.395	0.91988	-0.217648	0.383568	0.066	0.777	-0.0375	0	271	410	3
2026-02-12	15:30:28.990	-33.005	-38.92	-3.745	0.900848	-0.225212	0.431148	0.066	0.777	-0.0375	0	271	410	3
2026-02-12	15:30:29.010	-29.47	-44.205	-6.51	0.898164	-0.235216	0.482388	0.0645	0.7845	-0.0315	0	271	411	3
2026-02-12	15:30:29.030	-16.31	-42.945	-5.81	0.8723	-0.215208	0.50264	0.057	0.789	-0.015	0	271	411	3
2026-02-12	15:30:29.050	-1.925	-37.94	-3.675	0.862296	-0.158112	0.487756	0.066	0.7845	-0.009	0	271	411	3
2026-02-12	15:30:29.070	5.32	-31.01	-3.185	0.879132	-0.09638	0.44774	0.06	0.7845	-0.012	0	271	411	3
2026-02-12	15:30:29.090	4.34	-24.29	-6.475	0.919392	-0.041236	0.393572	0.0735	0.786	-0.0045	0	271	411	3
2026-02-12	15:30:29.110	-4.585	-18.27	-13.195	0.94672	-0.014396	0.345016	0.0645	0.783	-0.009	0	271	411	3
2026-02-12	15:30:29.130	-18.97	-14.105	-22.47	0.985272	-0.0122	0.319884	0.066	0.7785	0	0	271	411	3
2026-02-12	15:30:29.150	-34.02	-10.115	-34.125	1.027728	-0.030012	0.359656	0.0645	0.7815	0.003	0	271	411	3
2026-02-12	15:30:29.170	-48.895	-3.57	-45.92	1.02602	-0.0549	0.39894	0.057	0.78	0.0015	0	271	411	3
2026-02-12	15:30:29.190	-71.855	5.005	-61.25	0.998692	-0.08686399	0.380884	0.0495	0.7785	0.0015	0	271	411	3
2026-02-12	15:30:29.210	-83.825	8.575	-71.855	0.994788	-0.113948	0.354532	0.051	0.762	0.0165	0	267	402	3
2026-02-12	15:30:29.230	-92.82	10.5	-81.48	0.976976	-0.130784	0.322568	0.0465	0.7605	0.033	0	267	402	3
2026-02-12	15:30:29.250	-97.09	10.115	-89.25	0.964776	-0.142008	0.298168	0.0405	0.7485	0.024	0	267	402	3
2026-02-12	15:30:29.270	-98.42	8.54	-95.62	0.950136	-0.157624	0.265228	0.0375	0.732	0.0255	0	267	402	3
2026-02-12	15:30:29.290	-96.39	6.755	-101.57	0.963556	-0.211548	0.264008	0.024	0.7185	0.0375	0	267	402	3
2026-02-12	15:30:29.310	-86.8	6.79	-105.315	0.989176	-0.283528	0.26962	0.0105	0.705	0.036	0	267	402	3
2026-02-12	15:30:29.330	-69.93	7.245	-106.4	1.007232	-0.341356	0.295484	0.012	0.684	0.0465	0	267	402	3
2026-02-12	15:30:29.350	-49.84	8.295	-103.53	0.990152	-0.348432	0.305732	0.0045	0.684	0.039	0	267	402	3
2026-02-12	15:30:29.370	-36.225	7.595	-99.365	0.974536	-0.313784	0.301096	0	0.6675	0.039	0	267	402	3
2026-02-12	15:30:29.390	-28.07	5.355	-94.29	0.953796	-0.30012	0.301584	-0.003	0.654	0.039	0	267	402	3
2026-02-12	15:30:29.410	-23.8	4.865	-87.64	1.017968	-0.343796	0.31232	-0.0075	0.6405	0.039	0	260	389	2
2026-02-12	15:30:29.430	-2.555	27.37	-77.49	0.891576	-0.481168	0.33794	-0.009	0.618	0.045	0	260	389	2
2026-02-12	15:30:29.450	46.935	12.145	-69.3	0.846924	-0.340624	0.33062	-0.0105	0.603	0.0435	0	260	389	2
2026-02-12	15:30:29.470	57.89	-3.465	-65.765	0.794464	-0.193736	0.363072	-0.0075	0.6045	0.042	0	260	389	2
2026-02-12	15:30:29.490	31.815	-15.54	-64.855	0.729804	-0.207156	0.418948	-0.015	0.5895	0.0285	0	260	389	2
2026-02-12	15:30:29.510	-7.49	-25.62	-62.93	0.704916	-0.263764	0.50752	-0.018	0.573	0.036	0	260	389	2
2026-02-12	15:30:29.530	-58.87	-32.2	-61.005	0.64782	-0.2867	0.560224	-0.021	0.5685	0.0465	0	260	389	2
2026-02-12	15:30:29.550	-102.165	-29.995	-59.92	0.57584	-0.424072	0.545096	-0.024	0.5565	0.0495	0	260	389	2
2026-02-12	15:30:29.570	-88.095	-23.38	-57.995	0.467504	-0.629032	0.535824	-0.009	0.5475	0.057	0	260	389	2
2026-02-12	15:30:29.590	-55.51	-25.515	-57.96	0.493612	-0.767868	0.841556	-0.012	0.5445	0.057	0	260	389	2
2026-02-12	15:30:29.610	-53.795	1.155	-40.285	0.456524	-0.990884	0.994544	-0.0165	0.543	0.057	0	253	387	2
2026-02-12	15:30:29.630	-51.31	29.785	3.955	0.46116	-0.968924	0.74298	-0.0165	0.543	0.057	0	253	387	2
2026-02-12	15:30:29.650	-33.075	37.94	45.885	0.546072	-0.840092	0.677832	-0.0135	0.525	0.0585	0	253	387	2
2026-02-12	15:30:29.670	-13.965	38.885	81.725	0.768112	-0.74664	0.631716	-0.012	0.525	0.0555	0	253	387	2
2026-02-12	15:30:29.690	7.84	36.89	101.43	1.065792	-0.722728	0.630008	-0.0285	0.546	0.036	0	253	387	2
2026-02-12	15:30:29.710	36.855	30.38	110.355	1.369572	-0.615612	0.764208	-0.0075	0.558	0.039	0	253	387	2
2026-02-12	15:30:29.730	40.6	34.195	115.395	1.468392	-0.579256	0.821792	-0.0165	0.585	0.03	0	253	387	2
2026-02-12	15:30:29.750	40.705	46.865	114.835	1.408124	-0.604632	0.733952	-0.018	0.603	0.0195	0	253	387	2
2026-02-12	15:30:29.770	49.77	54.11	109.06	1.379088	-0.527284	0.660752	-0.009	0.633	0.009	0	253	387	2
2026-02-12	15:30:29.790	38.85	58.415	104.335	1.304668	-0.445788	0.61854	-0.003	0.642	-0.003	0	253	387	2
2026-02-12	15:30:29.810	16.8	58.765	103.565	1.226344	-0.39528	0.58926	-0.003	0.6525	-0.009	0	253	423	3
2026-02-12	15:30:29.830	-7.7	55.895	108.29	1.060424	-0.340624	0.469212	-0.003	0.6645	-0.015	0	253	423	3
2026-02-12	15:30:29.850	-19.425	50.365	113.225	0.94062	-0.27206	0.349164	0.0135	0.6915	-0.036	0	253	423	3
2026-02-12	15:30:29.870	-31.92	40.04	116.025	0.854488	-0.234728	0.259128	0.0225	0.708	-0.0405	0	253	423	3
2026-02-12	15:30:29.890	-44.03	27.44	117.075	0.772748	-0.2257	0.19886	0.0345	0.7275	-0.048	0	253	423	3
2026-02-12	15:30:29.910	-49.525	14.245	118.02	0.703696	-0.245952	0.172996	0.0465	0.7485	-0.045	0	253	423	3
2026-02-12	15:30:29.930	-42.875	3.115	117.25	0.668072	-0.262544	0.175436	0.0525	0.774	-0.0585	0	253	423	3
2026-02-12	15:30:29.950	-27.23	-5.845	111.265	0.680516	-0.28914	0.202276	0.063	0.7785	-0.057	0	253	423	3
2026-02-12	15:30:29.970	-6.825	-10.045	100.59	0.693448	-0.311832	0.22814	0.075	0.7965	-0.0435	0	253	423	3
2026-02-12	15:30:29.990	14.385	-10.815	89.285	0.646112	-0.322324	0.244732	0.0885	0.807	-0.06	0	253	423	3
2026-02-12	15:30:30.010	38.57	-10.815	73.955	0.635864	-0.33916	0.229604	0.0885	0.807	-0.06	0	261	450	3
2026-02-12	15:30:30.030	53.06	-12.705	56.525	0.702476	-0.330132	0.222528	0.0915	0.816	-0.06	0	261	450	3
2026-02-12	15:30:30.050	65.59	-16.835	30.065	0.823012	-0.298656	0.230824	0.096	0.825	-0.0615	0	261	450	3
2026-02-12	15:30:30.070	67.76	-20.335	8.89	0.913536	-0.279868	0.232044	0.1095	0.828	-0.063	0	261	450	3
2026-02-12	15:30:30.090	61.705	-25.585	-11.305	0.978928	-0.252784	0.239608	0.1155	0.831	-0.069	0	261	450	3
2026-02-12	15:30:30.110	49.035	-31.535	-32.9	1.02968	-0.235704	0.260348	0.114	0.825	-0.0735	0	261	450	3
2026-02-12	15:30:30.130	33.005	-37.24	-54.81	1.074088	-0.243756	0.301828	0.102	0.822	-0.078	0	261	450	3
2026-02-12	15:30:30.150	15.855	-43.295	-75.705	1.091168	-0.233996	0.337452	0.096	0.8175	-0.0735	0	261	450	3
2026-02-12	15:30:30.170	-0.56	-50.785	-95.655	1.094584	-0.265716	0.371856	0.09	0.8055	-0.0645	0	261	450	3
2026-02-12	15:30:30.190	-7.875	-58.135	-111.055	1.060912	-0.308416	0.430416	0.0795	0.786	-0.063	0	261	450	3
2026-02-12	15:30:30.210	0.385	-63.105	-119.42	0.987224	-0.322568	0.49044	0.0705	0.7785	-0.057	0	271	439	3
2026-02-12	15:30:30.230	19.845	-67.305	-121.31	0.910608	-0.284504	0.49898	0.063	0.7665	-0.0525	0	271	439	3
2026-02-12	15:30:30.250	51.38	-70.525	-117.355	0.876204	-0.260592	0.520208	0.057	0.756	-0.0495	0	271	439	3
2026-02-12	15:30:30.270	83.09	-72.94	-108.64	0.858148	-0.230824	0.52826	0.057	0.756	-0.0495	0	271	439	3
2026-02-12	15:30:30.290	97.72	-76.055	-99.925	0.882304	-0.191052	0.51362	0.036	0.7095	-0.0315	0	271	439	3
2026-02-12	15:30:30.310	100.275	-77.42	-94.08	0.962824	-0.145668	0.491416	0.024	0.699	-0.021	0	271	439	3
2026-02-12	15:30:30.330	91.805	-74.515	-91.525	1.033584	-0.1037	0.462868	0.0195	0.6615	-0.0165	0	271	439	3
2026-02-12	15:30:30.350	72.17	-67.935	-90.405	1.060668	-0.063928	0.438712	0.0105	0.657	-0.012	0	271	439	3
2026-02-12	15:30:30.370	44.835	-59.78	-90.195	1.069696	-0.046848	0.409676	0.0015	0.645	0	0	271	439	3
2026-02-12	15:30:30.390	18.725	-51.1	-90.055	1.084336	-0.068076	0.411872	0.009	0.6405	0.0075	0	271	439	3
2026-02-12	15:30:30.410	-4.41	-42.21	-87.22	1.03578	-0.093452	0.425292	0.0045	0.6225	0.0135	0	278	425	3
2026-02-12	15:30:30.430	-24.78	-33.74	-81.13	0.967948	-0.11834	0.434076	0.003	0.615	0.0165	0	278	425	3
2026-02-12	15:30:30.450	-38.78	-26.11	-72.765	0.928176	-0.128344	0.414312	0	0.6015	0.021	0	278	425	3
2026-02-12	15:30:30.470	-47.705	-13.405	-60.165	0.945744	-0.103212	0.39162	-0.0045	0.594	0.024	0	278	425	3
2026-02-12	15:30:30.490	-59.395	-3.78	-51.31	0.932812	-0.075884	0.354532	0.0045	0.5685	0.0315	0	278	425	3
2026-02-12	15:30:30.510	-82.32	4.97	-43.225	0.906948	-0.0732	0.315248	-0.003	0.5655	0.024	0	278	425	3
2026-02-12	15:30:30.530	-107.065	12.775	-36.05	0.884988	-0.077836	0.300364	-0.0075	0.561	0.0225	0	278	425	3
2026-02-12	15:30:30.550	-129.08	17.535	-29.4	0.881084	-0.078324	0.273524	0.003	0.546	0.027	0	278	425	3
2026-02-12	15:30:30.570	-149.415	17.605	-23.59	0.873764	-0.107848	0.27572	-0.009	0.5445	0.0165	0	278	425	3
2026-02-12	15:30:30.590	-161.385	15.54	-17.99	0.904996	-0.144692	0.30744	0	0.54	0.021	0	278	425	3
2026-02-12	15:30:30.610	-162.82	14.07	-11.41	0.893528	-0.144692	0.334524	0	0.5415	0.015	0	279	415	3
2026-02-12	15:30:30.630	-157.99	12.18	-4.69	0.876448	-0.14884	0.33916	-0.003	0.5325	0.012	0	279	415	3
2026-02-12	15:30:30.650	-148.68	8.995	0.315	0.8784	-0.170068	0.336232	-0.0015	0.5325	0.0105	0	279	415	3
2026-02-12	15:30:30.670	-128.415	6.44	4.235	0.893284	-0.214232	0.360632	-0.0015	0.5355	0.0045	0	279	415	3
2026-02-12	15:30:30.690	-97.3	4.865	6.58	0.926224	-0.237168	0.36844	-0.003	0.54	0	0	279	415	3
2026-02-12	15:30:30.710	-69.79	2.87	6.16	0.926224	-0.21228	0.363072	0	0.543	0.0105	0	279	415	3
2026-02-12	15:30:30.730	-48.265	-0.56	3.01	0.92964	-0.210816	0.369416	0.003	0.546	0	0	279	415	3
2026-02-12	15:30:30.750	-31.045	-4.41	-1.61	0.912804	-0.22204	0.39284	-0.0015	0.546	-0.0015	0	279	415	3
2026-02-12	15:30:30.770	-17.57	-8.26	-5.81	0.882792	-0.241316	0.443592	-0.0045	0.5475	-0.0015	0	279	415	3
2026-02-12	15:30:30.790	-6.405	-12.18	-7.595	0.828624	-0.219356	0.473848	0.0045	0.5385	-0.0045	0	279	415	3
2026-02-12	15:30:30.810	-4.69	-19.425	-8.89	0.756156	-0.188612	0.443592	0.0015	0.5475	0.006	0	274	405	3
2026-02-12	15:30:30.830	-33.6	-38.745	-11.48	0.664656	-0.123708	0.375272	-0.003	0.54	0.003	0	274	405	3
2026-02-12	15:30:30.850	-128.03	-66.675	-19.005	0.53924	-0.073688	0.47092	-0.0015	0.5415	0.009	0	274	405	3
2026-02-12	15:30:30.870	-293.545	-80.115	-31.57	0.494344	-0.265716	0.645624	-0.0015	0.5385	0.015	0	274	405	3
2026-02-12	15:30:30.890	-323.4	-49.98	-31.185	0.50142	-1.342488	0.438468	-0.0015	0.534	0.0195	0	274	405	3
2026-02-12	15:30:30.910	-48.3	-19.075	-4.375	0.390888	-1.60064	0.178852	0	0.534	0.024	0	274	405	3
2026-02-12	15:30:30.930	133.175	-15.61	35.385	0.487756	-1.148508	0.128344	0.003	0.5265	0.0345	0	274	405	3
2026-02-12	15:30:30.950	206.745	-23.065	70.63	0.907436	-0.906216	0.139324	0	0.531	0.039	0	274	405	3
2026-02-12	15:30:30.970	244.93	-22.645	80.43	1.575752	-0.694668	0.249856	-0.0045	0.546	0.045	0	274	405	3
2026-02-12	15:30:30.990	254.555	-2.555	84.49	1.948828	-0.484828	0.295972	0.0045	0.5625	0.0435	0	274	405	3
2026-02-12	15:30:31.010	231.77	26.075	99.995	1.740208	-0.355996	0.343064	0.0015	0.5595	0.051	0	270	396	3
2026-02-12	15:30:31.030	189.49	40.25	93.1	1.578436	-0.24888	0.313296	0.003	0.5835	0.0315	0	270	396	3
2026-02-12	15:30:31.050	117.88	44.975	81.06	1.494988	-0.237412	0.265716	0.003	0.594	0.027	0	270	396	3
2026-02-12	15:30:31.070	45.815	46.62	77.07	1.342488	-0.311588	0.265472	0.0015	0.5985	0.0195	0	270	396	3
2026-02-12	15:30:31.090	1.855	44.695	79.03	1.170956	-0.33306	0.23546	0.0045	0.612	0.0075	0	270	396	3
2026-02-12	15:30:31.110	-28.07	37.065	87.605	0.876204	-0.286212	0.112484	0.009	0.6225	0.0015	0	270	396	3
2026-02-12	15:30:31.130	-37.485	25.445	91.42	0.7625	-0.250588	0.032696	0.009	0.645	-0.003	0	270	396	3
2026-02-12	15:30:31.150	-43.225	11.27	93.695	0.696376	-0.242048	-0.007808	0.021	0.666	-0.006	0	270	396	3
2026-02-12	15:30:31.170	-43.26	-4.41	93.52	0.6832	-0.24644	-0.01464	0.03	0.6705	-0.0075	0	270	396	3
2026-02-12	15:30:31.190	-34.475	-18.34	89.005	0.715408	-0.262544	0.00854	0.0315	0.6825	-0.003	0	270	396	3
2026-02-12	15:30:31.210	-17.22	-26.775	80.815	0.76738	-0.277672	0.042944	0.033	0.699	-0.0015	0	277	369	3
2026-02-12	15:30:31.230	4.69	-30.555	70.91	0.78202	-0.294264	0.061732	0.045	0.702	-0.003	0	277	369	3
2026-02-12	15:30:31.250	29.75	-32.025	59.01	0.781044	-0.30744	0.073688	0.033	0.7245	0.003	0	277	369	3
2026-02-12	15:30:31.270	57.715	-31.29	45.255	0.782264	-0.30988	0.078568	0.039	0.7275	0.0045	0	277	369	3
2026-02-12	15:30:31.290	86.17	-30.1	29.995	0.846436	-0.323788	0.087108	0.0465	0.738	0.0075	0	277	369	3
2026-02-12	15:30:31.310	127.82	-24.955	11.165	0.999424	-0.376248	0.126636	0.045	0.7425	0.009	0	277	369	3
2026-02-12	15:30:31.330	172.235	-14.805	-1.82	1.091412	-0.34892	0.155428	0.0435	0.741	0.0075	0	277	369	3
2026-02-12	15:30:31.350	190.645	-8.085	-7.455	1.095804	-0.223748	0.130296	0.048	0.7305	-0.003	0	277	369	3
2026-02-12	15:30:31.370	178.605	-8.96	-12.635	1.112396	-0.0793	0.09467199	0.048	0.7245	-0.0195	0	277	369	3
2026-02-12	15:30:31.390	144.865	-15.295	-21.84	1.145336	-0.034892	0.111752	0.0435	0.717	-0.0285	0	277	369	3
2026-02-12	15:30:31.410	107.205	-21.07	-29.715	1.153876	-0.051728	0.212768	0.048	0.714	-0.0315	0	287	320	3
2026-02-12	15:30:31.430	72.975	-26.215	-35.105	1.140456	-0.072468	0.301828	0.0435	0.708	-0.033	0	287	320	3
2026-02-12	15:30:31.450	42.175	-34.23	-41.09	1.110688	-0.075396	0.340624	0.042	0.702	-0.0375	0	287	320	3
2026-02-12	15:30:31.470	15.05	-44.52	-49.175	1.08824	-0.092232	0.349408	0.0375	0.69	-0.027	0	287	320	3
2026-02-12	15:30:31.490	2.625	-50.89	-56.385	1.094096	-0.19032	0.418948	0.033	0.687	-0.0255	0	287	320	3
2026-02-12	15:30:31.510	13.265	-49.84	-57.435	1.070428	-0.244	0.474824	0.033	0.681	-0.021	0	287	320	3
2026-02-12	15:30:31.530	38.36	-42.42	-51.24	0.969168	-0.222772	0.441396	0.0375	0.678	-0.0195	0	287	320	3
2026-02-12	15:30:31.550	58.45	-36.015	-42.595	0.900848	-0.131028	0.389424	0.0375	0.678	-0.0195	0	287	320	3
2026-02-12	15:30:31.570	60.06	-32.13	-37.59	0.905972	-0.069296	0.355508	0.0225	0.6555	-0.006	0	287	320	3
2026-02-12	15:30:31.590	52.43	-27.3	-34.825	0.941108	-0.028548	0.335256	0.0135	0.6465	-0.006	0	287	320	3
2026-02-12	15:30:31.610	34.79	-21.91	-34.3	0.969168	0.016348	0.297924	0.0195	0.6435	0	0	296	287	3
2026-02-12	15:30:31.630	7.875	-18.025	-35.175	0.985028	0.039284	0.274744	0.012	0.6375	0.0015	0	296	287	3
2026-02-12	15:30:31.650	-21.07	-14.56	-36.855	0.991128	0.013664	0.288164	0.009	0.6285	0.003	0	296	287	3
2026-02-12	15:30:31.670	-44.205	-11.165	-38.255	1.011624	-0.020984	0.346724	0.015	0.6255	0.0015	0	296	287	3
2026-02-12	15:30:31.690	-60.97	-4.55	-38.01	1.01138	-0.046604	0.39284	0.0135	0.615	0.0015	0	296	287	3
2026-02-12	15:30:31.710	-75.18	2.24	-35.7	0.958188	-0.028792	0.367708	0.006	0.615	0.009	0	296	287	3
2026-02-12	15:30:31.730	-88.445	6.475	-33.67	0.926224	-0.013908	0.306708	0.0045	0.6135	0.0105	0	296	287	3
2026-02-12	15:30:31.750	-99.785	9.905	-32.025	0.903044	-0.025376	0.232288	0.009	0.6105	0.0045	0	296	287	3
2026-02-12	15:30:31.770	-103.285	11.305	-30.38	0.901336	-0.032208	0.20618	0.012	0.603	0.012	0	296	287	3
2026-02-12	15:30:31.790	-104.405	12.565	-29.015	0.897432	-0.046604	0.198372	0.009	0.594	0.009	0	296	287	3
2026-02-12	15:30:31.810	-103.075	12.88	-28.525	0.907192	-0.069784	0.195932	0.015	0.5895	0.0105	0	300	280	3
2026-02-12	15:30:31.830	-96.915	12.705	-28.735	0.95526	-0.100772	0.212036	0.0015	0.5895	0.0015	0	300	280	3
2026-02-12	15:30:31.850	-86.905	13.615	-29.19	0.97478	-0.115168	0.228384	0.0045	0.582	0.0045	0	300	280	3
2026-02-12	15:30:31.870	-76.405	14.035	-29.645	0.97112	-0.127368	0.222528	0.0165	0.585	0.015	0	300	280	3
2026-02-12	15:30:31.890	-66.01	12.705	-30.03	0.9516	-0.142252	0.214476	0.012	0.573	0	0	300	280	3
2026-02-12	15:30:31.910	-55.195	10.535	-29.785	0.9333	-0.15494	0.245464	0.012	0.5715	0.0015	0	300	280	3
2026-02-12	15:30:31.930	-43.645	8.715	-28.455	0.932568	-0.173728	0.288164	0.006	0.57	0	0	300	280	3
2026-02-12	15:30:31.950	-28.595	8.68	-25.655	0.904752	-0.164456	0.317688	0.0015	0.564	0	0	300	280	3
2026-02-12	15:30:31.970	-21.315	7.77	-22.645	0.848388	-0.146888	0.295728	0.0015	0.5565	0	0	300	280	3
2026-02-12	15:30:31.990	-26.285	4.13	-21.63	0.826916	-0.160064	0.27938	0.009	0.552	-0.0015	0	300	280	3
2026-02-12	15:30:32.010	-35.21	-1.785	-23.275	0.865468	-0.182756	0.303536	0.009	0.555	-0.006	0	296	281	3
2026-02-12	15:30:32.030	-41.615	-5.88	-25.62	0.908168	-0.246196	0.376248	0.0045	0.5505	-0.0015	0	296	281	3
2026-02-12	15:30:32.050	-39.025	-6.825	-25.375	0.931104	-0.303292	0.423828	0.015	0.546	-0.0015	0	296	281	3
2026-02-12	15:30:32.070	-34.055	-7.315	-22.82	0.92964	-0.314272	0.433588	0.009	0.5505	-0.0105	0	296	281	3
2026-02-12	15:30:32.090	-37.31	-8.05	-19.32	0.930372	-0.333304	0.428708	0.0075	0.5415	0.003	0	296	281	3
2026-02-12	15:30:32.110	-43.19	-8.645	-16.59	0.915488	-0.366976	0.433344	0.015	0.54	0	0	296	281	3
2026-02-12	15:30:32.130	-43.365	-9.1	-14.42	0.898896	-0.414068	0.456768	0.009	0.5385	0.0075	0	296	281	3
2026-02-12	15:30:32.150	-40.075	-9.275	-11.34	0.901824	-0.436272	0.467504	0.0045	0.534	0.012	0	296	281	3
2026-02-12	15:30:32.170	-38.955	-8.575	-5.88	0.817644	-0.423828	0.447252	0.006	0.5325	0.009	0	296	281	3
2026-02-12	15:30:32.190	-38.675	-10.15	0.07	0.710772	-0.428952	0.426756	0.006	0.5325	0.009	0	296	281	3
2026-02-12	15:30:32.210	-32.725	-13.37	5.46	0.623664	-0.438468	0.430172	0.0135	0.534	0.0045	0	287	294	3
2026-02-12	15:30:32.230	-21.49	-16.45	13.3	0.510936	-0.433832	0.445788	0.006	0.534	0.0045	0	287	294	3
2026-02-12	15:30:32.250	-4.445	-19.985	23.17	0.428952	-0.433832	0.4453	0.012	0.5385	0.012	0	287	294	3
2026-02-12	15:30:32.270	14.07	-24.71	34.3	0.400404	-0.442372	0.373564	0.012	0.5385	0.018	0	287	294	3
2026-02-12	15:30:32.290	38.745	-33.74	39.41	0.62464	-0.49654	0.32452	0.0105	0.5445	0.0195	0	287	294	3
2026-02-12	15:30:32.310	79.975	-38.85	34.09	0.950624	-0.590968	0.428952	0.012	0.546	0.024	0	287	294	3
2026-02-12	15:30:32.330	128.905	-33.635	26.04	1.206092	-0.632936	0.580964	0.0105	0.5475	0.024	0	287	294	3
2026-02-12	15:30:32.350	174.44	-17.675	20.895	1.456924	-0.615612	0.611464	0.009	0.5505	0.0255	0	287	294	3
2026-02-12	15:30:32.370	196.42	1.96	18.235	1.52378	-0.505568	0.469944	0.0075	0.555	0.0315	0	287	294	3
2026-02-12	15:30:32.390	173.81	28.105	7.49	1.498892	-0.334768	0.327692	0.0075	0.5595	0.036	0	287	294	3
2026-02-12	15:30:32.410	135.03	42.245	1.575	1.424228	-0.268644	0.31354	0.0195	0.564	0.0255	0	279	320	3
2026-02-12	15:30:32.430	86.59	51.03	3.99	1.289052	-0.223748	0.325252	0.0105	0.561	0.018	0	279	320	3
2026-02-12	15:30:32.450	32.725	54.67	13.72	1.108004	-0.186172	0.32452	0.015	0.5565	0.015	0	279	320	3
2026-02-12	15:30:32.470	-20.335	51.87	29.855	0.937936	-0.152988	0.300364	0.015	0.567	0.0045	0	279	320	3
2026-02-12	15:30:32.490	-64.82	45.675	48.545	0.793488	-0.1464	0.257176	0.0135	0.564	0	0	279	320	3
2026-02-12	15:30:32.510	-96.6	34.055	66.115	0.71858	-0.167872	0.233508	0.018	0.5805	-0.0105	0	279	320	3
2026-02-12	15:30:32.530	-115.185	19.005	81.55	0.719556	-0.209108	0.2013	0.0075	0.588	-0.0105	0	279	320	3
2026-02-12	15:30:32.550	-116.2	6.965	93.485	0.783972	-0.248392	0.188856	0.0165	0.591	-0.0135	0	279	320	3
2026-02-12	15:30:32.570	-102.41	0	99.47	0.856684	-0.281576	0.169092	0.024	0.6015	-0.015	0	279	320	3
2026-02-12	15:30:32.590	-74.585	-4.69	99.995	0.854976	-0.296216	0.130784	0.021	0.6225	-0.0075	0	279	320	3
2026-02-12	15:30:32.610	-40.775	-8.61	93.835	0.845216	-0.309636	0.105896	0.0195	0.6345	-0.0045	0	276	335	3
2026-02-12	15:30:32.630	-6.02	-11.83	81.2	0.905484	-0.335744	0.123952	0.0225	0.6615	0	0	276	335	3
2026-02-12	15:30:32.650	34.72	-11.13	64.12	0.93818	-0.362828	0.164456	0.0345	0.6765	-0.006	0	276	335	3
2026-02-12	15:30:32.670	72.695	-7.42	46.27	0.948184	-0.331352	0.194468	0.036	0.6915	0.0015	0	276	335	3
2026-02-12	15:30:32.690	99.33	-3.22	27.51	1.0004	-0.300364	0.189832	0.027	0.6855	0	0	276	335	3
2026-02-12	15:30:32.710	115.955	0.875	8.96	1.062132	-0.252296	0.191784	0.033	0.6915	-0.0075	0	276	335	3
2026-02-12	15:30:32.730	120.54	4.48	-4.725	1.044808	-0.18422	0.203252	0.036	0.693	-0.0015	0	276	335	3
2026-02-12	15:30:32.750	111.79	4.34	-15.295	1.01382	-0.11712	0.207156	0.0315	0.6915	-0.0075	0	276	335	3
2026-02-12	15:30:32.770	92.33	1.575	-25.27	0.98332	-0.080276	0.212036	0.0285	0.6885	-0.018	0	276	335	3
2026-02-12	15:30:32.790	75.075	-0.49	-33.95	0.961848	-0.104188	0.253516	0.027	0.681	-0.0195	0	276	335	3
2026-02-12	15:30:32.810	59.43	-9.065	-42	1.003572	-0.111996	0.341356	0.0255	0.6765	-0.0195	0	275	324	3
2026-02-12	15:30:32.830	42.945	-17.745	-46.83	1.068964	-0.115168	0.405528	0.0255	0.6765	-0.0195	0	275	324	3
2026-02-12	15:30:32.850	30.415	-25.06	-50.96	1.128256	-0.127124	0.44652	0.015	0.6555	-0.021	0	275	324	3
2026-02-12	15:30:32.870	27.86	-28.77	-55.125	1.18828	-0.128832	0.487756	0.006	0.6465	-0.018	0	275	324	3
2026-02-12	15:30:32.890	27.51	-28.105	-57.61	1.159732	-0.136152	0.498248	0.021	0.63	-0.021	0	275	324	3
2026-02-12	15:30:32.910	25.48	-23.765	-56.28	1.035536	-0.123952	0.493124	0.012	0.6315	-0.0195	0	275	324	3
2026-02-12	15:30:32.930	24.885	-20.125	-53.83	0.957212	-0.101016	0.488732	0.012	0.621	-0.0135	0	275	324	3
2026-02-12	15:30:32.950	21.84	-14.28	-50.225	0.87352	-0.093452	0.487512	0.0135	0.6105	-0.0105	0	275	324	3
2026-02-12	15:30:32.970	12.495	-8.75	-45.815	0.790072	-0.075884	0.449692	0.009	0.6015	-0.0075	0	275	324	3
2026-02-12	15:30:32.990	-2.8	-6.755	-43.54	0.785924	-0.061	0.410652	0.0105	0.594	-0.009	0	275	324	3
2026-02-12	15:30:33.010	-17.92	-4.445	-44.59	0.846924	-0.074908	0.385276	0.012	0.5925	-0.0075	0	272	319	3
2026-02-12	15:30:33.030	-32.305	1.575	-46.76	0.939644	-0.093452	0.386984	0.0105	0.5895	-0.003	0	272	319	3
2026-02-12	15:30:33.050	-40.74	7.42	-46.025	0.945012	-0.103456	0.386252	0.006	0.57	-0.003	0	272	319	3
2026-02-12	15:30:33.070	-50.295	12.32	-44.205	0.943548	-0.106384	0.369904	0.0015	0.5715	-0.006	0	272	319	3
2026-02-12	15:30:33.090	-62.02	15.855	-40.915	0.916708	-0.100528	0.341356	0.0075	0.5625	-0.0105	0	272	319	3
2026-02-12	15:30:33.110	-74.795	16.66	-36.96	0.906704	-0.082228	0.316956	0.006	0.555	-0.009	0	272	319	3
2026-02-12	15:30:33.130	-87.43	15.925	-32.83	0.88328	-0.0793	0.298168	0.006	0.555	-0.015	0	272	319	3
2026-02-12	15:30:33.150	-95.165	14.525	-27.965	0.882792	-0.082716	0.300364	0.0075	0.5475	-0.021	0	272	319	3
2026-02-12	15:30:33.170	-99.4	12.845	-23.065	0.860588	-0.062708	0.282064	0.0045	0.546	-0.018	0	272	319	3
2026-02-12	15:30:33.190	-107.87	10.185	-19.67	0.8296	-0.012932	0.239608	0.006	0.543	-0.0165	0	272	319	3
2026-02-12	15:30:33.210	-124.6	6.23	-20.65	0.8479	0.031232	0.208132	0.0105	0.543	-0.0165	0	267	326	3
2026-02-12	15:30:33.230	-145.25	3.115	-26.355	0.90036	-0.02318	0.199592	0.006	0.5415	-0.024	0	267	326	3
2026-02-12	15:30:33.250	-150.43	-0.14	-30.73	0.943548	-0.118096	0.216672	0.003	0.5415	-0.03	0	267	326	3
2026-02-12	15:30:33.270	-137.725	-2.94	-32.55	0.93574	-0.190076	0.239608	0.0135	0.5295	-0.0165	0	267	326	3
2026-02-12	15:30:33.290	-110.39	-4.76	-33.705	0.92232	-0.281576	0.277428	0.0015	0.5385	-0.027	0	267	326	3
2026-02-12	15:30:33.310	-66.15	-6.685	-32.76	0.926224	-0.306708	0.32208	0.0075	0.534	-0.0285	0	267	326	3
2026-02-12	15:30:33.330	-21.7	-10.815	-30.835	0.91744	-0.274256	0.351848	0.006	0.5295	-0.024	0	267	326	3
2026-02-12	15:30:33.350	16.205	-14.14	-26.985	0.883524	-0.295728	0.369904	0.0015	0.5265	-0.0285	0	267	326	3
2026-02-12	15:30:33.370	42.21	-19.95	-21.945	0.852292	-0.239852	0.385276	0	0.5205	-0.0225	0	267	326	3
2026-02-12	15:30:33.390	46.97	-25.06	-18.27	0.815692	-0.204472	0.420412	0.0015	0.5235	-0.021	0	267	326	3
2026-02-12	15:30:33.410	37.03	-28.14	-16.765	0.757132	-0.133712	0.45018	0.003	0.5175	-0.0135	0	259	328	2
2026-02-12	15:30:33.430	9.695	-30.52	-21.175	0.715896	-0.027572	0.431148	0	0.5055	-0.0105	0	259	328	2
2026-02-12	15:30:33.450	-43.505	-31.955	-32.235	0.633912	-0.035868	0.339648	0	0.5055	-0.012	0	259	328	2
2026-02-12	15:30:33.470	-96.495	-36.785	-41.335	0.56852	-0.160796	0.261812	0	0.5055	-0.012	0	259	328	2
2026-02-12	15:30:33.490	-114.135	-40.46	-45.71	0.541924	-0.355996	0.290604	0.0105	0.4965	0	0	259	328	2
2026-02-12	15:30:33.510	-92.96	-42.28	-48.65	0.552904	-0.525576	0.347944	0.0075	0.483	0.003	0	259	328	2
2026-02-12	15:30:33.530	-42.175	-40.81	-47.04	0.541924	-0.581696	0.379908	0.0045	0.48	0.0105	0	259	328	2
2026-02-12	15:30:33.550	13.44	-39.515	-42.035	0.61854	-0.51118	0.327692	0.012	0.4725	0.0135	0	259	328	2
2026-02-12	15:30:33.570	65.695	-45.57	-45.36	1.049444	-0.561932	0.333792	0.0105	0.468	0.024	0	259	328	2
2026-02-12	15:30:33.590	132.3	-43.61	-53.27	1.494012	-0.716628	0.551684	0.009	0.4575	0.039	0	259	328	2
2026-02-12	15:30:33.610	191.555	-24.115	-46.375	1.731912	-0.73688	0.717604	0.012	0.45	0.042	0	252	335	3
2026-02-12	15:30:33.630	208.74	-2.205	-21.7	1.6531	-0.590724	0.576328	0.0135	0.444	0.0495	0	252	335	3
2026-02-12	15:30:33.650	191.625	14.21	-2.38	1.52378	-0.446276	0.374784	0.0135	0.4455	0.06	0	252	335	3
2026-02-12	15:30:33.670	152.495	33.005	32.375	1.48718	-0.355264	0.314516	0.018	0.447	0.0675	0	252	335	3
2026-02-12	15:30:33.690	123.515	42.49	56.245	1.376892	-0.27938	0.314516	0.0105	0.453	0.0675	0	252	335	3
2026-02-12	15:30:33.710	92.505	45.885	77.945	1.184376	-0.17568	0.321104	0.012	0.459	0.0615	0	252	335	3
2026-02-12	15:30:33.730	57.12	42.56	95.585	1.043832	-0.121512	0.305488	0.009	0.4785	0.0585	0	252	335	3
2026-02-12	15:30:33.750	23.135	38.745	107.45	0.932568	-0.129808	0.27694	0.0075	0.4935	0.06	0	252	335	3
2026-02-12	15:30:33.770	-7.14	33.25	115.605	0.84302	-0.150304	0.249856	0.0105	0.5025	0.06	0	252	335	3
2026-02-12	15:30:33.790	-29.75	27.265	120.855	0.807152	-0.188368	0.220576	0.0105	0.528	0.042	0	252	335	3
2026-02-12	15:30:33.810	-39.2	21.42	123.165	0.794952	-0.228628	0.191784	0.0075	0.534	0.045	0	253	343	3
2026-02-12	15:30:33.830	-35.28	16.24	121.415	0.842288	-0.256688	0.168604	0.0015	0.5505	0.048	0	253	343	3
2026-02-12	15:30:33.850	-25.375	13.195	115.64	0.86376	-0.270108	0.133224	0	0.5745	0.048	0	253	343	3
2026-02-12	15:30:33.870	-4.34	12.355	104.44	0.84302	-0.279624	0.09882	0.0015	0.5955	0.0435	0	253	343	3
2026-02-12	15:30:33.890	24.99	12.215	88.34	0.894992	-0.2989	0.092476	0	0.6045	0.0405	0	253	343	3
2026-02-12	15:30:33.910	57.435	14.07	70.56	1.00284	-0.326228	0.126392	0.012	0.6315	0.0405	0	253	343	3
2026-02-12	15:30:33.930	86.345	21.84	54.845	0.97722	-0.297436	0.145668	0.0075	0.636	0.048	0	253	343	3
2026-02-12	15:30:33.950	104.335	29.155	41.02	1.025044	-0.277672	0.137372	0	0.6525	0.039	0	253	343	3
2026-02-12	15:30:33.970	116.76	35.805	29.19	1.089948	-0.256932	0.118828	0.006	0.6615	0.021	0	253	343	3
2026-02-12	15:30:33.990	118.335	38.99	23.59	1.117764	-0.16958	0.083448	0.0075	0.66	0.027	0	253	343	3
2026-02-12	15:30:34.010	99.96	36.225	19.425	1.124352	-0.07442	0.055632	0.003	0.6705	0.0045	0	258	328	3
2026-02-12	15:30:34.030	66.15	31.29	14.98	1.104588	-0.039772	0.05734	0.006	0.672	0.003	0	258	328	3
2026-02-12	15:30:34.050	33.95	24.535	11.165	1.08214	-0.055876	0.09638	0.0105	0.6705	-0.0015	0	258	328	3
2026-02-12	15:30:34.070	12.04	15.225	8.4	1.116056	-0.06222	0.149328	0.0105	0.6705	-0.003	0	258	328	3
2026-02-12	15:30:34.090	-13.125	2.905	0	1.1712	-0.022204	0.190564	0.009	0.6735	0	0	258	328	3
2026-02-12	15:30:34.110	-42.035	-8.785	-14	1.181936	-0.073688	0.180072	0.009	0.6735	0	0	258	328	3
2026-02-12	15:30:34.130	-52.85	-15.855	-23.555	1.15534	-0.218868	0.227652	0.003	0.672	0.0015	0	258	328	3
2026-02-12	15:30:34.150	-44.8	-18.165	-23.52	1.02114	-0.29402	0.274988	0.0105	0.663	0	0	258	328	3
2026-02-12	15:30:34.170	-28.98	-21.595	-16.135	0.895968	-0.249124	0.285968	0.0105	0.6705	0.0045	0	258	328	3
2026-02-12	15:30:34.190	-8.435	-24.57	-7.175	0.818132	-0.228384	0.259616	0.0105	0.666	0.009	0	258	328	3
2026-02-12	15:30:34.210	25.025	-26.075	1.82	0.813252	-0.22814	0.263764	0.0075	0.6645	0.0165	0	262	295	3
2026-02-12	15:30:34.230	69.825	-23.835	9.695	0.917684	-0.27084	0.293532	0.0075	0.6585	0.0105	0	262	295	3
2026-02-12	15:30:34.250	116.62	-16.38	17.885	1.010892	-0.234728	0.310368	0.009	0.66	0.012	0	262	295	3
2026-02-12	15:30:34.270	142.03	-8.645	24.535	1.02114	-0.115168	0.291092	0.0105	0.6615	0.0135	0	262	295	3
2026-02-12	15:30:34.290	128.03	-2.17	27.72	0.996496	-0.04636	0.286456	0.0135	0.6675	0.0165	0	262	295	3
2026-02-12	15:30:34.310	82.075	5.74	25.165	0.9516	0.006832	0.345992	0.015	0.675	0.021	0	262	295	3
2026-02-12	15:30:34.330	53.41	9.135	20.23	0.92232	0.069052	0.399428	0.0135	0.6765	0.003	0	262	295	3
2026-02-12	15:30:34.350	22.785	11.2	14.14	0.883524	0.10858	0.446276	0.0195	0.681	0	0	262	295	3
2026-02-12	15:30:34.370	-14.14	8.085	7.56	0.82716	0.10248	0.467992	0.0165	0.6825	-0.003	0	262	295	3
2026-02-12	15:30:34.390	-52.605	2.87	1.54	0.772992	0.052216	0.478972	0.0195	0.6885	-0.0015	0	262	295	3
2026-02-12	15:30:34.410	-79.73	-1.435	-5.005	0.758596	0.001708	0.493612	0.012	0.6855	0	0	263	279	3
2026-02-12	15:30:34.430	-93.205	-3.92	-13.16	0.784216	-0.04514	0.484828	0.018	0.684	-0.0045	0	263	279	3
2026-02-12	15:30:34.450	-92.47	-4.2	-21.735	0.823256	-0.07905599	0.436028	0.0135	0.6885	0.003	0	263	279	3
2026-02-12	15:30:34.470	-77.35	-1.015	-28.35	0.840824	-0.133224	0.412604	0.0105	0.69	0.009	0	263	279	3
2026-02-12	15:30:34.490	-55.16	3.605	-33.425	0.854976	-0.152988	0.417972	0.0135	0.6825	0.0105	0	263	279	3
2026-02-12	15:30:34.510	-36.33	8.47	-41.02	0.883036	-0.140544	0.459696	0.015	0.6765	0.0165	0	263	279	3
2026-02-12	15:30:34.530	-35.98	12.39	-49.98	0.933056	-0.130052	0.484096	0.0135	0.6765	0.0195	0	263	279	3
2026-02-12	15:30:34.550	-47.18	13.16	-57.68	0.964776	-0.128588	0.477752	0.003	0.663	0.0165	0	263	279	3
2026-02-12	15:30:34.570	-59.605	12.075	-63.875	0.96014	-0.117364	0.439444	0.0075	0.6465	0.0195	0	263	279	3
2026-02-12	15:30:34.590	-69.125	9.66	-68.985	0.953796	-0.137616	0.416752	0.009	0.6405	0.0195	0	263	279	3
2026-02-12	15:30:34.610	-74.585	7.525	-73.115	0.945988	-0.180072	0.396988	-0.0015	0.6315	0.0195	0	261	295	3
2026-02-12	15:30:34.630	-78.75	5.74	-75.39	0.942084	-0.225212	0.38064	-0.009	0.627	0.0105	0	261	295	3
2026-02-12	15:30:34.650	-79.065	3.535	-76.65	0.946476	-0.244976	0.361608	0	0.615	0.021	0	261	295	3
2026-02-12	15:30:34.670	-75.25	0.28	-77.42	0.95038	-0.260104	0.331108	-0.003	0.6075	0.018	0	261	295	3
2026-02-12	15:30:34.690	-69.125	-3.325	-77.595	0.954284	-0.289628	0.305488	-0.0045	0.5955	0.0135	0	261	295	3
2026-02-12	15:30:34.710	-64.085	-7.455	-77.84	0.96746	-0.3233	0.289872	-0.006	0.5835	0.0165	0	261	295	3
2026-02-12	15:30:34.730	-60.83	-12.705	-78.645	0.96746	-0.350872	0.329644	-0.009	0.576	0.0225	0	261	295	3
2026-02-12	15:30:34.750	-62.055	-16.1	-77.49	0.904508	-0.359168	0.347212	-0.009	0.576	0.0225	0	261	295	3
2026-02-12	15:30:34.770	-62.475	-18.795	-74.83	0.831308	-0.357216	0.35868	-0.003	0.528	0.0255	0	261	295	3
2026-02-12	15:30:34.790	-57.82	-20.895	-70.805	0.744932	-0.390156	0.368928	-0.0015	0.531	0.027	0	261	295	3
2026-02-12	15:30:34.810	-48.93	-24.85	-65.695	0.702232	-0.437248	0.377712	-0.0075	0.513	0.0345	0	256	322	3
2026-02-12	15:30:34.830	-37.87	-28.035	-59.92	0.674904	-0.495076	0.39894	0	0.507	0.03	0	256	322	3
2026-02-12	15:30:34.850	-22.4	-29.47	-51.905	0.625128	-0.511424	0.413092	-0.0045	0.4995	0.0435	0	256	322	3
2026-02-12	15:30:34.870	-2.695	-30.52	-42.07	0.59902	-0.502884	0.410164	-0.0045	0.4935	0.0405	0	256	322	3
2026-02-12	15:30:34.890	20.895	-33.775	-33.04	0.701744	-0.522892	0.402356	-0.003	0.4845	0.045	0	256	322	3
2026-02-12	15:30:34.910	50.4	-37.205	-27.93	0.941352	-0.571692	0.465064	0	0.4785	0.054	0	256	322	3
2026-02-12	15:30:34.930	84.07	-33.985	-21.315	1.083604	-0.597068	0.543144	0.006	0.477	0.0615	0	256	322	3
2026-02-12	15:30:34.950	131.67	-21.56	-0.525	1.199748	-0.541436	0.525088	0.012	0.4785	0.066	0	256	322	3
2026-02-12	15:30:34.970	146.79	-11.48	16.87	1.164368	-0.442128	0.431636	0.0105	0.4755	0.0795	0	256	322	3
2026-02-12	15:30:34.990	150.99	-4.795	29.05	1.178276	-0.364292	0.382104	0.0075	0.474	0.0915	0	256	322	3
2026-02-12	15:30:35.010	147.385	1.225	38.36	1.23708	-0.346724	0.39284	0.0075	0.48	0.0975	0	251	346	3
2026-02-12	15:30:35.030	136.185	7.42	46.025	1.268312	-0.322324	0.421632	0.006	0.5025	0.087	0	251	346	3
2026-02-12	15:30:35.050	115.15	13.615	52.92	1.243912	-0.266204	0.419192	-0.0045	0.5085	0.0915	0	251	346	3
2026-02-12	15:30:35.070	82.6	19.67	59.885	1.149972	-0.205204	0.384056	0	0.522	0.093	0	251	346	3
2026-02-12	15:30:35.090	45.57	24.71	68.18	1.010404	-0.178364	0.335012	0	0.5265	0.0975	0	251	346	3
2026-02-12	15:30:35.110	13.475	25.935	77.665	0.890844	-0.169336	0.29036	-0.0015	0.534	0.0975	0	251	346	3
2026-02-12	15:30:35.130	-11.48	22.785	87.08	0.825208	-0.188856	0.262056	-0.0015	0.5475	0.093	0	251	346	3
2026-02-12	15:30:35.150	-27.37	16.625	96.355	0.80886	-0.221308	0.238144	0	0.5655	0.093	0	251	346	3
2026-02-12	15:30:35.170	-26.845	12.11	102.095	0.868396	-0.24766	0.212524	-0.0015	0.5745	0.096	0	251	346	3
2026-02-12	15:30:35.190	-16.905	10.64	103.6	0.8906	-0.249612	0.177876	0	0.612	0.096	0	251	346	3
2026-02-12	15:30:35.210	-4.9	11.025	103.18	0.857416	-0.235216	0.157868	0.003	0.6225	0.0945	0	248	359	3
2026-02-12	15:30:35.230	6.895	10.99	97.755	0.860344	-0.22692	0.14762	0.0105	0.639	0.0885	0	248	359	3
2026-02-12	15:30:35.250	23.555	9.94	86.415	0.975756	-0.257176	0.17202	0.0165	0.6555	0.0915	0	248	359	3
2026-02-12	15:30:35.270	44.31	11.725	72.73	1.038464	-0.271816	0.21228	0.0165	0.6735	0.0885	0	248	359	3
2026-02-12	15:30:35.290	60.62	16.59	60.025	1.055544	-0.251564	0.24156	0.018	0.6795	0.0855	0	248	359	3
2026-02-12	15:30:35.310	68.215	20.93	49.945	1.123376	-0.214232	0.224968	0.0195	0.6885	0.084	0	248	359	3
2026-02-12	15:30:35.330	66.85	23.485	41.3	1.164368	-0.125904	0.166896	0.024	0.693	0.0795	0	248	359	3
2026-02-12	15:30:35.350	49.805	22.05	32.865	1.189256	-0.069296	0.124928	0.0255	0.7035	0.0705	0	248	359	3
2026-02-12	15:30:35.370	16.835	17.22	21.63	1.205848	-0.091256	0.157136	0.024	0.7125	0.0675	0	248	359	3
2026-02-12	15:30:35.390	-12.075	11.305	14.35	1.188036	-0.138104	0.202032	0.024	0.7125	0.0675	0	248	359	3
2026-02-12	15:30:35.410	-24.64	4.445	11.2	1.154364	-0.130296	0.202276	0.039	0.729	0.051	0	245	345	3
2026-02-12	15:30:35.430	-34.545	-4.13	7.175	1.090924	-0.080764	0.184708	0.039	0.723	0.0495	0	245	345	3
2026-02-12	15:30:35.450	-43.4	-15.19	-1.26	1.066524	-0.042212	0.194468	0.0345	0.726	0.048	0	245	345	3
2026-02-12	15:30:35.470	-46.97	-24.57	-13.265	1.0614	-0.037332	0.242292	0.033	0.729	0.0585	0	245	345	3
2026-02-12	15:30:35.490	-40.11	-28.21	-22.61	0.991616	-0.06344	0.297924	0.03	0.7275	0.069	0	245	345	3
2026-02-12	15:30:35.510	-22.995	-26.565	-27.055	0.922076	-0.041724	0.339648	0.033	0.729	0.0705	0	245	345	3
2026-02-12	15:30:35.530	-9.205	-21.105	-30.625	0.8906	0.026596	0.2989	0.036	0.7215	0.075	0	245	345	3
2026-02-12	15:30:35.550	-7.875	-15.365	-35.805	0.926224	0.070028	0.222772	0.0345	0.7095	0.078	0	245	345	3
2026-02-12	15:30:35.570	-16.31	-9.205	-40.985	1.003328	0.05246	0.17568	0.0345	0.705	0.0795	0	245	345	3
2026-02-12	15:30:35.590	-29.505	0.14	-45.71	1.133868	0.056852	0.136884	0.0375	0.705	0.0795	0	245	345	3
2026-02-12	15:30:35.610	-42.84	5.915	-47.635	1.091656	0.107604	0.117608	0.024	0.6915	0.084	0	243	316	3
2026-02-12	15:30:35.630	-57.33	7.665	-52.71	1.051396	0.12688	0.14274	0.021	0.6855	0.084	0	243	316	3
2026-02-12	15:30:35.650	-71.26	8.645	-59.71	1.027728	0.10126	0.184708	0.0225	0.675	0.0885	0	243	316	3
2026-02-12	15:30:35.670	-84.7	10.01	-65.03	1.015284	0.034404	0.215696	0.0225	0.6615	0.0915	0	243	316	3
2026-02-12	15:30:35.690	-94.5	12.95	-68.18	1.014796	-0.02928	0.241804	0.024	0.657	0.0885	0	243	316	3
2026-02-12	15:30:35.710	-101.465	17.465	-70.21	0.998936	-0.043432	0.223748	0.018	0.6405	0.102	0	243	316	3
2026-02-12	15:30:35.730	-109.34	21.63	-71.47	0.956724	-0.037088	0.165676	0.0135	0.6345	0.096	0	243	316	3
2026-02-12	15:30:35.750	-112.805	23.8	-72.03	0.953796	-0.077836	0.121268	0.0075	0.6225	0.09	0	243	316	3
2026-02-12	15:30:35.770	-104.79	25.095	-72.345	0.993324	-0.1464	0.128832	0.0075	0.6105	0.0915	0	243	316	3
2026-02-12	15:30:35.790	-82.355	27.825	-70.245	1.037976	-0.203252	0.177632	0.012	0.597	0.0915	0	243	316	3
2026-02-12	15:30:35.810	-55.965	29.925	-67.095	1.060912	-0.250832	0.220088	0.015	0.5925	0.0885	0	239	287	3
2026-02-12	15:30:35.830	-27.685	29.61	-65.17	1.066524	-0.2745	0.296704	0	0.579	0.0825	0	239	287	3
2026-02-12	15:30:35.850	3.22	29.645	-63	1.0004	-0.267668	0.381616	0.009	0.5655	0.078	0	239	287	3
2026-02-12	15:30:35.870	27.93	28.595	-61.075	0.926712	-0.2257	0.406504	0	0.5565	0.0795	0	239	287	3
2026-02-12	15:30:35.890	32.655	25.62	-59.08	0.858392	-0.164212	0.410896	0.0045	0.54	0.063	0	239	287	3
2026-02-12	15:30:35.910	17.885	21.28	-59.29	0.80276	-0.122	0.391376	0.0015	0.531	0.063	0	239	287	3
2026-02-12	15:30:35.930	-5.635	12.6	-62.545	0.808372	-0.132736	0.405528	0.003	0.531	0.06	0	239	287	3
2026-02-12	15:30:35.950	-29.015	4.34	-64.995	0.820328	-0.166408	0.428708	0.0045	0.5265	0.06	0	239	287	3
2026-02-12	15:30:35.970	-46.06	-1.435	-64.61	0.809592	-0.216184	0.440176	0.0015	0.513	0.0585	0	239	287	3
2026-02-12	15:30:35.990	-55.72	-4.935	-61.635	0.797636	-0.284504	0.443836	0.0045	0.498	0.0555	0	239	287	3
2026-02-12	15:30:36.010	-59.465	-8.015	-55.755	0.775432	-0.336232	0.424804	0.009	0.495	0.0555	0	235	276	2
2026-02-12	15:30:36.030	-57.96	-10.99	-49.175	0.752252	-0.363316	0.396012	0.009	0.495	0.0555	0	235	276	2
2026-02-12	15:30:36.050	-48.265	-11.62	-41.755	0.693936	-0.385276	0.393328	0.0135	0.4665	0.0525	0	235	276	2
2026-02-12	15:30:36.070	-34.72	-12.95	-32.305	0.646356	-0.414556	0.397964	0.0015	0.462	0.0585	0	235	276	2
2026-02-12	15:30:36.090	-22.085	-15.715	-23.45	0.632204	-0.433344	0.407236	0.0135	0.459	0.0555	0	235	276	2
2026-02-12	15:30:36.110	-12.005	-18.235	-15.505	0.64416	-0.437492	0.413092	0.003	0.456	0.063	0	235	276	2
2026-02-12	15:30:36.130	-3.99	-19.775	-7.63	0.662216	-0.439688	0.407236	0.0105	0.45	0.063	0	235	276	2
2026-02-12	15:30:36.150	5.775	-21.7	2.555	0.652212	-0.4331	0.368196	0.0105	0.447	0.069	0	235	276	2
2026-02-12	15:30:36.170	20.58	-27.195	12.565	0.763964	-0.433344	0.300852	0.012	0.45	0.081	0	235	276	2
2026-02-12	15:30:36.190	47.04	-34.79	17.395	1.099464	-0.498492	0.355264	0.015	0.4545	0.0825	0	235	276	2
2026-02-12	15:30:36.210	97.545	-34.16	21.63	1.444236	-0.585844	0.5551	0.018	0.459	0.0825	0	233	293	3
2026-02-12	15:30:36.230	152.39	-10.255	45.395	1.556964	-0.475312	0.613416	0.018	0.4665	0.087	0	233	293	3
2026-02-12	15:30:36.250	159.005	8.4	61.25	1.42008	-0.351116	0.475312	0.018	0.4755	0.1005	0	233	293	3
2026-02-12	15:30:36.270	153.615	19.845	70.14	1.38348	-0.250832	0.382592	0.0195	0.4935	0.102	0	233	293	3
2026-02-12	15:30:36.290	135.415	30.065	76.3	1.31638	-0.194712	0.33428	0.0135	0.5205	0.1125	0	233	293	3
2026-02-12	15:30:36.310	108.325	36.505	81.9	1.215852	-0.142496	0.320128	0.012	0.5205	0.0975	0	233	293	3
2026-02-12	15:30:36.330	73.71	39.62	87.255	1.10776	-0.11102	0.314516	0.0075	0.5475	0.0975	0	233	293	3
2026-02-12	15:30:36.350	35.875	41.3	93.275	1.0065	-0.107116	0.307196	0.009	0.5535	0.093	0	233	293	3
2026-02-12	15:30:36.370	1.82	40.075	99.855	0.921832	-0.096136	0.29036	0.015	0.5685	0.084	0	233	293	3
2026-02-12	15:30:36.390	-29.365	35.175	106.085	0.869616	-0.115168	0.26474	0.015	0.588	0.078	0	233	293	3
2026-02-12	15:30:36.410	-51.59	27.09	111.79	0.848876	-0.147864	0.241072	0.012	0.6015	0.075	0	235	317	3
2026-02-12	15:30:36.430	-60.06	16.695	115.71	0.88572	-0.1952	0.2135	0.0135	0.6165	0.069	0	235	317	3
2026-02-12	15:30:36.450	-53.27	9.135	114.205	0.9516	-0.23912	0.195444	0.0165	0.63	0.066	0	235	317	3
2026-02-12	15:30:36.470	-40.67	6.58	109.2	0.967216	-0.262056	0.183	0.0315	0.66	0.0675	0	235	317	3
2026-02-12	15:30:36.490	-23.275	5.005	102.06	0.940132	-0.275964	0.166896	0.0405	0.675	0.0705	0	235	317	3
2026-02-12	15:30:36.510	-1.12	4.165	92.855	0.916952	-0.2928	0.164456	0.0345	0.687	0.066	0	235	317	3
2026-02-12	15:30:36.530	25.06	4.235	81.795	0.889136	-0.304512	0.167384	0.0465	0.7125	0.06	0	235	317	3
2026-02-12	15:30:36.550	51.24	5.635	70.77	0.886696	-0.280112	0.16836	0.051	0.711	0.0675	0	235	317	3
2026-02-12	15:30:36.570	71.645	5.635	58.03	0.959164	-0.244244	0.173484	0.057	0.7155	0.06	0	235	317	3
2026-02-12	15:30:36.590	84.455	6.51	44.065	1.0126	-0.212768	0.178852	0.0585	0.7245	0.0525	0	235	317	3
2026-02-12	15:30:36.610	86.59	8.155	32.2	1.02236	-0.155184	0.157136	0.0615	0.735	0.0465	0	239	320	3
2026-02-12	15:30:36.630	74.235	6.86	21.525	1.007964	-0.089548	0.131272	0.066	0.741	0.0375	0	239	320	3
2026-02-12	15:30:36.650	35.91	-1.225	1.925	1.036268	-0.086132	0.152988	0.063	0.7395	0.0345	0	239	320	3
2026-02-12	15:30:36.670	14.14	-6.65	-10.08	1.024068	-0.158112	0.224724	0.063	0.7395	0.0345	0	239	320	3
2026-02-12	15:30:36.690	5.495	-10.78	-17.36	0.987712	-0.192516	0.293532	0.072	0.735	0.0255	0	239	320	3
2026-02-12	15:30:36.710	9.59	-15.015	-22.015	1.005768	-0.199592	0.332084	0.066	0.7425	0.0255	0	239	320	3
2026-02-12	15:30:36.730	20.16	-19.04	-24.535	1.048468	-0.227896	0.337452	0.057	0.738	0.0285	0	239	320	3
2026-02-12	15:30:36.750	36.715	-23.8	-25.41	1.078236	-0.235948	0.344772	0.0615	0.7275	0.0285	0	239	320	3
2026-02-12	15:30:36.770	57.855	-29.085	-27.02	1.115812	-0.229116	0.388936	0.0645	0.7245	0.0255	0	239	320	3
2026-02-12	15:30:36.790	78.82	-29.89	-28.875	1.10532	-0.191296	0.443348	0.066	0.7185	0.027	0	239	320	3
2026-02-12	15:30:36.810	92.82	-26.18	-29.575	1.048468	-0.143472	0.47336	0.06	0.7155	0.027	0	239	308	3
2026-02-12	15:30:36.830	94.675	-20.02	-28.455	0.982588	-0.078812	0.451156	0.0585	0.7185	0.0195	0	239	308	3
2026-02-12	15:30:36.850	76.09	-15.575	-28.07	0.922564	-0.01464	0.397232	0.0615	0.7155	0.0195	0	239	308	3
2026-02-12	15:30:36.870	21.385	-11.83	-34.335	0.886208	0.021716	0.3294	0.0645	0.7095	0.0225	0	239	308	3
2026-02-12	15:30:36.890	-13.16	-9.45	-40.705	0.924028	-0.01464	0.315004	0.054	0.702	0.009	0	239	308	3
2026-02-12	15:30:36.910	-34.44	-5.705	-45.605	0.96624	-0.050264	0.319396	0.057	0.6945	0.027	0	239	308	3
2026-02-12	15:30:36.930	-48.405	-0.245	-47.6	0.97234	-0.08418	0.331352	0.0495	0.6915	0.0225	0	239	308	3
2026-02-12	15:30:36.950	-59.535	4.935	-47.39	0.944036	-0.091744	0.325984	0.0375	0.678	0.0225	0	239	308	3
2026-02-12	15:30:36.970	-68.145	8.47	-46.76	0.9333	-0.110288	0.3233	0.048	0.672	0.0315	0	239	308	3
2026-02-12	15:30:36.990	-73.395	11.62	-45.465	0.925248	-0.131028	0.334524	0.045	0.6705	0.033	0	239	308	3
2026-02-12	15:30:37.010	-77.63	14.105	-43.61	0.922564	-0.138348	0.342088	0.045	0.6645	0.0315	0	236	305	3
2026-02-12	15:30:37.030	-83.79	16.905	-40.985	0.88694	-0.143716	0.329888	0.045	0.657	0.0285	0	236	305	3
2026-02-12	15:30:37.050	-90.72	18.235	-38.01	0.85644	-0.142252	0.304268	0.039	0.654	0.0225	0	236	305	3
2026-02-12	15:30:37.070	-95.655	17.92	-35.525	0.858636	-0.150304	0.28182	0.0345	0.6495	0.021	0	236	305	3
2026-02-12	15:30:37.090	-92.855	17.045	-34.44	0.904752	-0.172996	0.292068	0.033	0.645	0.027	0	236	305	3
2026-02-12	15:30:37.110	-84.945	16.975	-33.985	0.918904	-0.182024	0.289384	0.042	0.6375	0.027	0	236	305	3
2026-02-12	15:30:37.130	-75.81	16.065	-33.46	0.91744	-0.182512	0.277184	0.039	0.6315	0.03	0	236	305	3
2026-02-12	15:30:37.150	-65.625	15.085	-33.285	0.899872	-0.178608	0.29036	0.036	0.621	0.0315	0	236	305	3
2026-02-12	15:30:37.170	-56.14	13.615	-33.985	0.899384	-0.165432	0.321104	0.0315	0.63	0.0225	0	236	305	3
2026-02-12	15:30:37.190	-50.365	12.11	-35.28	0.887672	-0.152744	0.332328	0.0345	0.624	0.0255	0	236	305	3
2026-02-12	15:30:37.210	-48.02	9.87	-37.73	0.89304	-0.149084	0.350628	0.036	0.615	0.027	0	229	310	3
2026-02-12	15:30:37.230	-46.025	7.805	-41.16	0.914268	-0.151524	0.40504	0.033	0.606	0.0255	0	229	310	3
2026-02-12	15:30:37.250	-43.4	4.235	-46.795	0.91378	-0.153476	0.451644	0.033	0.6	0.027	0	229	310	3
2026-02-12	15:30:37.270	-38.92	0.42	-53.375	0.910852	-0.18666	0.504592	0.0345	0.594	0.0255	0	229	310	3
2026-02-12	15:30:37.290	-24.675	-3.255	-63.21	0.897188	-0.188856	0.531432	0.036	0.5895	0.0225	0	229	310	3
2026-02-12	15:30:37.310	-23.45	-5.81	-68.39	0.870104	-0.153476	0.495808	0.036	0.5895	0.0225	0	229	310	3
2026-02-12	15:30:37.330	-32.025	-10.185	-73.29	0.859856	-0.136152	0.450668	0.033	0.567	0.0315	0	229	310	3
2026-02-12	15:30:37.350	-44.975	-16.905	-78.365	0.84424	-0.119072	0.425048	0.0345	0.5475	0.0255	0	229	310	3
2026-02-12	15:30:37.370	-64.995	-23.275	-81.2	0.796904	-0.172752	0.454328	0.0345	0.5505	0.03	0	229	310	3
2026-02-12	15:30:37.390	-82.075	-26.635	-79.59	0.734684	-0.2562	0.485072	0.042	0.5385	0.036	0	229	310	3
2026-02-12	15:30:37.410	-91.63	-30.17	-75.04	0.694668	-0.292556	0.473848	0.0375	0.534	0.036	0	219	326	3
2026-02-12	15:30:37.430	-102.655	-34.44	-69.475	0.643184	-0.290604	0.40992	0.033	0.522	0.0405	0	219	326	3
2026-02-12	15:30:37.450	-114.8	-40.95	-63.735	0.6222	-0.334768	0.375272	0.0345	0.5055	0.0435	0	219	326	3
2026-02-12	15:30:37.470	-124.04	-44.275	-54.425	0.650748	-0.575352	0.45628	0.0375	0.495	0.048	0	219	326	3
2026-02-12	15:30:37.490	-122.325	-37.835	-30.695	0.6466	-0.889868	0.4209	0.0405	0.492	0.0525	0	219	326	3
2026-02-12	15:30:37.510	-32.585	-25.13	18.34	0.781532	-1.058228	0.262788	0.0435	0.492	0.054	0	219	326	3
2026-02-12	15:30:37.530	63.035	-24.99	39.655	1.11752	-0.988444	0.335256	0.0465	0.492	0.0465	0	219	326	3
2026-02-12	15:30:37.550	137.655	-17.15	50.68	1.417884	-0.831308	0.443348	0.0405	0.477	0.0495	0	219	326	3
2026-02-12	15:30:37.570	168.7	-0.805	64.05	1.48718	-0.647088	0.453596	0.039	0.492	0.057	0	219	326	3
2026-02-12	15:30:37.590	158.97	13.44	79.24	1.377136	-0.484096	0.33062	0.0495	0.504	0.054	0	219	326	3
2026-02-12	15:30:37.610	130.095	20.37	86.485	1.357372	-0.422608	0.253516	0.045	0.507	0.06	0	212	346	3
2026-02-12	15:30:37.630	98.14	24.57	91.98	1.381528	-0.43676	0.254248	0.0405	0.519	0.06	0	212	346	3
2026-02-12	15:30:37.650	70.735	29.295	97.405	1.329312	-0.393328	0.238388	0.0375	0.531	0.057	0	212	346	3
2026-02-12	15:30:37.670	45.815	32.305	102.34	1.233176	-0.346724	0.18056	0.039	0.5445	0.0525	0	212	346	3
2026-02-12	15:30:37.690	27.615	32.69	107.1	1.13338	-0.310124	0.110776	0.0435	0.5625	0.0435	0	212	346	3
2026-02-12	15:30:37.710	16.485	31.15	114.94	1.031876	-0.277672	0.07515199	0.0435	0.5745	0.0435	0	212	346	3
2026-02-12	15:30:37.730	9.1	27.825	123.725	0.95282	-0.248148	0.090524	0.0435	0.582	0.0435	0	212	346	3
2026-02-12	15:30:37.750	5.39	24.99	129.535	0.9089	-0.23424	0.126392	0.051	0.6195	0.027	0	212	346	3
2026-02-12	15:30:37.770	4.585	22.68	132.895	0.896212	-0.21716	0.146644	0.0555	0.633	0.0225	0	212	346	3
2026-02-12	15:30:37.790	3.535	20.23	132.965	0.906948	-0.205936	0.14274	0.0555	0.651	0.033	0	212	346	3
2026-02-12	15:30:37.810	3.22	17.185	129.115	0.938668	-0.219112	0.153232	0.0495	0.6675	0.0285	0	215	344	3
2026-02-12	15:30:37.830	8.54	15.365	121.835	0.95282	-0.2379	0.16836	0.057	0.675	0.024	0	215	344	3
2026-02-12	15:30:37.850	17.92	14.945	113.19	0.927932	-0.248148	0.177876	0.063	0.696	0.0195	0	215	344	3
2026-02-12	15:30:37.870	29.925	14.07	103.705	0.92476	-0.251808	0.172508	0.0645	0.708	0.0165	0	215	344	3
2026-02-12	15:30:37.890	44.59	13.195	91.525	0.959408	-0.258884	0.18788	0.0735	0.7185	0.012	0	215	344	3
2026-02-12	15:30:37.910	62.02	13.405	76.65	0.998936	-0.250832	0.207644	0.078	0.7275	0.009	0	215	344	3
2026-02-12	15:30:37.930	78.225	11.13	55.335	1.012844	-0.19398	0.183244	0.078	0.726	0.009	0	215	344	3
2026-02-12	15:30:37.950	66.08	5.04	43.33	0.967216	-0.108336	0.17568	0.078	0.726	0.009	0	215	344	3
2026-02-12	15:30:37.970	40.74	-3.01	28.525	0.964288	-0.09882	0.213012	0.099	0.7485	-0.0135	0	215	344	3
2026-02-12	15:30:37.990	17.71	-3.815	12.6	0.98088	-0.16958	0.247416	0.099	0.756	-0.0105	0	215	344	3
2026-02-12	15:30:38.010	15.54	-6.44	-2.555	0.959164	-0.28304	0.254248	0.0915	0.756	-0.0165	0	220	318	3
2026-02-12	15:30:38.030	33.145	-24.71	-18.235	1.05774	-0.27084	0.271328	0.09	0.7545	-0.0195	0	220	318	3
2026-02-12	15:30:38.050	48.265	-34.825	-33.18	1.134844	-0.302316	0.2684	0.0855	0.753	-0.018	0	220	318	3
2026-02-12	15:30:38.070	67.55	-40.005	-45.64	1.10044	-0.249612	0.339892	0.0825	0.75	-0.012	0	220	318	3
2026-02-12	15:30:38.090	83.265	-41.125	-54.215	0.994056	-0.180804	0.415532	0.0855	0.7455	-0.0105	0	220	318	3
2026-02-12	15:30:38.110	100.52	-37.485	-58.1	0.88816	-0.22204	0.440664	0.0825	0.7365	-0.009	0	220	318	3
2026-02-12	15:30:38.130	126.525	-38.43	-57.295	0.8418	-0.148352	0.450912	0.078	0.729	-0.0105	0	220	318	3
2026-02-12	15:30:38.150	120.82	-45.325	-56.245	0.879864	-0.003416	0.533628	0.075	0.7275	-0.0135	0	220	318	3
2026-02-12	15:30:38.170	84.42	-43.89	-58.695	0.869616	0.045628	0.52948	0.0645	0.7035	-0.018	0	220	318	3
2026-02-12	15:30:38.190	45.045	-42.385	-64.015	0.891332	0.047336	0.49044	0.0615	0.705	-0.012	0	220	318	3
2026-02-12	15:30:38.210	13.055	-41.58	-71.435	0.94794	0.038308	0.454084	0.0495	0.6825	-0.0075	0	225	303	3
2026-02-12	15:30:38.230	-12.46	-43.19	-79.66	1.001376	0.049532	0.438224	0.042	0.675	-0.012	0	225	303	3
2026-02-12	15:30:38.250	-42.07	-47.18	-88.375	1.138504	0.27938	0.66246	0.048	0.666	-0.0045	0	225	303	3
2026-02-12	15:30:38.270	-76.685	-43.61	-94.885	1.036756	-0.054412	0.454084	0.045	0.657	0.006	0	225	303	3
2026-02-12	15:30:38.290	-92.365	-39.515	-97.86	1.00284	-0.075396	0.431392	0.042	0.648	0.0165	0	225	303	3
2026-02-12	15:30:38.310	-101.955	-33.11	-98.805	0.976244	-0.1403	0.392108	0.0405	0.6315	0.0255	0	225	303	3
2026-02-12	15:30:38.330	-102.095	-27.79	-97.545	0.961848	-0.167384	0.35746	0.033	0.615	0.027	0	225	303	3
2026-02-12	15:30:38.350	-94.395	-19.845	-94.115	0.974292	-0.210816	0.323056	0.036	0.603	0.03	0	225	303	3
2026-02-12	15:30:38.370	-80.605	-11.095	-87.78	0.958676	-0.21716	0.293288	0.0375	0.597	0.0315	0	225	303	3
2026-02-12	15:30:38.390	-70.875	-5.53	-81.095	0.918904	-0.203984	0.258396	0.03	0.5715	0.0435	0	225	303	3
2026-02-12	15:30:38.410	-63.49	-3.185	-74.13	0.887916	-0.202032	0.23424	0.03	0.5595	0.036	0	227	314	3
2026-02-12	15:30:38.430	-57.19	-3.325	-67.725	0.900116	-0.20496	0.231556	0.0255	0.5445	0.0405	0	227	314	3
2026-02-12	15:30:38.450	-51.625	-4.445	-60.865	0.918172	-0.197884	0.243512	0.027	0.54	0.039	0	227	314	3
2026-02-12	15:30:38.470	-48.23	-6.09	-53.34	0.934032	-0.184708	0.261324	0.0285	0.5355	0.0405	0	227	314	3
2026-02-12	15:30:38.490	-45.675	-8.61	-44.625	0.918172	-0.191296	0.257908	0.027	0.5325	0.042	0	227	314	3
2026-02-12	15:30:38.510	-42	-12.25	-34.16	0.8601	-0.194224	0.246196	0.03	0.522	0.0405	0	227	314	3
2026-02-12	15:30:38.530	-36.575	-17.01	-24.64	0.9211	-0.183976	0.248636	0.033	0.516	0.042	0	227	314	3
2026-02-12	15:30:38.550	-30.765	-20.055	-20.475	1.02236	-0.167384	0.289384	0.03	0.5085	0.0435	0	227	314	3
2026-02-12	15:30:38.570	-33.11	-17.885	-19.67	1.05042	-0.16958	0.333792	0.0285	0.5025	0.0405	0	227	314	3
2026-02-12	15:30:38.590	-37.31	-17.605	-20.825	0.9943	-0.17202	0.320616	0.0285	0.5025	0.0405	0	227	314	3
2026-02-12	15:30:38.610	-41.265	-18.97	-23.065	0.945256	-0.193492	0.308172	0.0375	0.4995	0.0465	0	226	324	3
2026-02-12	15:30:38.630	-40.845	-20.685	-25.62	0.90402	-0.21472	0.332816	0.0285	0.4965	0.048	0	226	324	3
2026-02-12	15:30:38.650	-35.49	-21.875	-26.53	0.857904	-0.247904	0.391376	0.0405	0.4905	0.051	0	226	324	3
2026-02-12	15:30:38.670	-24.185	-22.05	-25.62	0.827404	-0.254248	0.444812	0.0375	0.4845	0.0525	0	226	324	3
2026-02-12	15:30:38.690	-8.54	-22.155	-23.59	0.806664	-0.253516	0.472384	0.039	0.483	0.0585	0	226	324	3
2026-02-12	15:30:38.710	6.615	-21.525	-20.93	0.778848	-0.246684	0.478972	0.0405	0.483	0.0615	0	226	324	3
2026-02-12	15:30:38.730	19.355	-20.195	-18.025	0.755424	-0.247416	0.486048	0.0405	0.4755	0.0645	0	226	324	3
2026-02-12	15:30:38.750	29.75	-18.55	-14.455	0.732	-0.250832	0.506056	0.039	0.4755	0.0705	0	226	324	3
2026-02-12	15:30:38.770	39.41	-15.645	-8.96	0.696132	-0.252784	0.519232	0.036	0.4725	0.0735	0	226	324	3
2026-02-12	15:30:38.790	49.21	-11.41	1.54	0.649284	-0.22326	0.50996	0.0375	0.468	0.075	0	226	324	3
2026-02-12	15:30:38.810	47.565	-8.855	8.12	0.622444	-0.205936	0.479948	0.0405	0.471	0.0855	0	222	337	3
2026-02-12	15:30:38.830	43.085	-7.875	12.46	0.658556	-0.201788	0.439444	0.045	0.468	0.0825	0	222	337	3
2026-02-12	15:30:38.850	46.13	-10.29	12.88	0.868152	-0.251564	0.41968	0.0405	0.471	0.0885	0	222	337	3
2026-02-12	15:30:38.870	71.33	-10.675	5.74	1.19926	-0.361364	0.581696	0.036	0.474	0.09	0	222	337	3
2026-02-12	15:30:38.890	111.125	0.665	2.205	1.49938	-0.387716	0.730048	0.039	0.477	0.0915	0	222	337	3
2026-02-12	15:30:38.910	130.13	20.755	8.68	1.57014	-0.282552	0.670756	0.039	0.4785	0.0945	0	222	337	3
2026-02-12	15:30:38.930	115.325	42.315	19.425	1.393972	-0.209596	0.490928	0.0345	0.48	0.0945	0	222	337	3
2026-02-12	15:30:38.950	91.175	51.24	27.475	1.285392	-0.159088	0.36112	0.0315	0.4845	0.09	0	222	337	3
2026-02-12	15:30:38.970	65.94	52.22	37.135	1.236836	-0.1464	0.333548	0.0285	0.492	0.084	0	222	337	3
2026-02-12	15:30:38.990	49.49	51.415	50.715	1.201212	-0.15738	0.346236	0.03	0.501	0.078	0	222	337	3
2026-02-12	15:30:39.010	39.83	49.455	62.44	1.136064	-0.125904	0.352336	0.027	0.5055	0.0765	0	218	362	3
2026-02-12	15:30:39.030	21.56	48.335	68.915	1.08824	-0.122732	0.32696	0.0225	0.5175	0.06	0	218	362	3
2026-02-12	15:30:39.050	-2.415	47.04	73.64	1.060668	-0.132736	0.287188	0.0195	0.531	0.057	0	218	362	3
2026-02-12	15:30:39.070	-28.665	45.535	78.75	0.993568	-0.143228	0.242536	0.0195	0.5385	0.0525	0	218	362	3
2026-02-12	15:30:39.090	-51.555	42.42	84.945	0.894748	-0.157868	0.193004	0.0255	0.5505	0.045	0	218	362	3
2026-02-12	15:30:39.110	-64.75	36.855	90.195	0.836676	-0.179584	0.161772	0.024	0.567	0.039	0	218	362	3
2026-02-12	15:30:39.130	-65.94	31.535	92.575	0.844972	-0.210572	0.153964	0.0225	0.573	0.036	0	218	362	3
2026-02-12	15:30:39.150	-59.15	27.3	92.995	0.862296	-0.227408	0.13664	0.027	0.585	0.0315	0	218	362	3
2026-02-12	15:30:39.170	-48.755	24.465	93.17	0.836676	-0.228628	0.11102	0.0285	0.606	0.0255	0	218	362	3
2026-02-12	15:30:39.190	-31.43	21.07	89.46	0.887672	-0.249124	0.103212	0.03	0.621	0.024	0	218	362	3
2026-02-12	15:30:39.210	8.225	17.85	75.495	1.010648	-0.257908	0.133468	0.0285	0.6255	0.0255	0	218	369	3
2026-02-12	15:30:39.230	28.175	20.405	65.065	1.00528	-0.2501	0.14152	0.0285	0.6255	0.0255	0	218	369	3
2026-02-12	15:30:39.250	39.445	21.315	54.74	1.018212	-0.22692	0.133712	0.036	0.651	0.009	0	218	369	3
2026-02-12	15:30:39.270	42.945	20.405	45.325	1.01748	-0.199836	0.117852	0.027	0.6585	0.0015	0	218	369	3
2026-02-12	15:30:39.290	41.23	16.59	38.22	0.988932	-0.152744	0.094184	0.036	0.663	0	0	218	369	3
2026-02-12	15:30:39.310	30.87	7.735	30.345	1.004304	-0.113216	0.082716	0.042	0.669	0	0	218	369	3
2026-02-12	15:30:39.330	18.515	-2.065	20.335	1.003816	-0.138592	0.090036	0.0405	0.675	-0.003	0	218	369	3
2026-02-12	15:30:39.350	14.105	-12.67	9.695	0.994544	-0.174704	0.11712	0.042	0.678	-0.0045	0	218	369	3
2026-02-12	15:30:39.370	19.215	-23.205	-0.665	1.0004	-0.227164	0.15006	0.039	0.6765	0.0015	0	218	369	3
2026-02-12	15:30:39.390	35.035	-33.565	-9.205	1.050908	-0.266448	0.20862	0.039	0.6795	0.0015	0	218	369	3
2026-02-12	15:30:39.410	57.47	-39.48	-14.175	1.090192	-0.2806	0.31232	0.039	0.6825	0.0015	0	218	342	3
2026-02-12	15:30:39.430	93.17	-38.605	-14.525	1.13704	-0.241804	0.374052	0.0375	0.684	0.0075	0	218	342	3
2026-02-12	15:30:39.450	117.075	-36.19	-10.43	1.12362	-0.221552	0.384788	0.0315	0.6735	0.0105	0	218	342	3
2026-02-12	15:30:39.470	142.59	-30.73	-2.345	1.09556	-0.24522	0.454084	0.0315	0.663	0.009	0	218	342	3
2026-02-12	15:30:39.490	180.39	-13.86	9.73	1.078968	-0.345016	0.513864	0.03	0.6735	0.0075	0	218	342	3
2026-02-12	15:30:39.510	239.015	12.285	26.495	0.984296	-0.305976	0.485316	0.033	0.669	0	0	218	342	3
2026-02-12	15:30:39.530	276.955	23.8	42.945	0.848632	0.061732	0.411628	0.0315	0.666	-0.009	0	218	342	3
2026-02-12	15:30:39.550	237.93	12.915	45.64	0.774944	0.346968	0.368684	0.0345	0.6675	-0.0195	0	218	342	3
2026-02-12	15:30:39.570	148.505	3.325	32.655	0.80032	0.389424	0.343064	0.042	0.669	-0.03	0	218	342	3
2026-02-12	15:30:39.590	70.98	-3.57	15.505	0.86376	0.355264	0.395036	0.0375	0.6735	-0.042	0	218	342	3
2026-02-12	15:30:39.610	11.725	-5.18	2.17	0.878888	0.3172	0.476044	0.0375	0.678	-0.0495	0	219	320	3
2026-02-12	15:30:39.630	-59.85	-6.405	-13.72	0.864492	0.294752	0.514108	0.042	0.678	-0.0525	0	219	320	3
2026-02-12	15:30:39.650	-137.095	-9.31	-28.945	0.853024	0.177632	0.433832	0.042	0.6765	-0.0525	0	219	320	3
2026-02-12	15:30:39.670	-170.17	-11.76	-34.58	0.916708	-0.001464	0.483364	0.03	0.6705	-0.024	0	219	320	3
2026-02-12	15:30:39.690	-164.675	-13.545	-34.055	0.937692	-0.10614	0.45384	0.0345	0.666	-0.0225	0	219	320	3
2026-02-12	15:30:39.710	-137.27	-14.28	-31.57	0.937204	-0.102236	0.410164	0.0315	0.669	-0.0165	0	219	320	3
2026-02-12	15:30:39.730	-107.275	-11.025	-28.84	0.947696	-0.156892	0.408944	0.03	0.6645	-0.0045	0	219	320	3
2026-02-12	15:30:39.750	-77.84	-6.58	-25.41	0.909144	-0.123952	0.377712	0.0285	0.6615	0	0	219	320	3
2026-02-12	15:30:39.770	-58.1	-1.89	-22.715	0.86132	-0.097844	0.338672	0.0255	0.6615	0.0015	0	219	320	3
2026-02-12	15:30:39.790	-46.795	0.21	-22.12	0.844728	-0.082716	0.298168	0.021	0.654	0.0015	0	219	320	3
2026-02-12	15:30:39.810	-42.7	-0.7	-23.695	0.859368	-0.07124799	0.281576	0.0225	0.6525	0	0	222	324	3
2026-02-12	15:30:39.830	-43.645	-4.06	-27.405	0.869128	-0.061244	0.285236	0.0225	0.651	0.003	0	222	324	3
2026-02-12	15:30:39.850	-36.4	-10.36	-35.175	0.866444	-0.080032	0.271816	0.0165	0.645	0.0075	0	222	324	3
2026-02-12	15:30:39.870	-15.015	-13.335	-37.73	0.878156	-0.17812	0.32452	0.0165	0.645	0.0075	0	222	324	3
2026-02-12	15:30:39.890	0.35	-15.4	-38.185	0.87474	-0.216672	0.40016	0.0195	0.6375	0.006	0	222	324	3
2026-02-12	15:30:39.910	1.47	-16.485	-38.535	0.865468	-0.23546	0.439932	0.0225	0.624	0.0105	0	222	324	3
2026-02-12	15:30:39.930	-0.385	-17.36	-38.605	0.835212	-0.224236	0.452376	0.015	0.621	0.0105	0	222	324	3
2026-02-12	15:30:39.950	-7.21	-21	-39.13	0.785924	-0.1769	0.44164	0.0135	0.6195	0.0135	0	222	324	3
2026-02-12	15:30:39.970	-16.38	-25.34	-39.69	0.76616	-0.212768	0.44164	0.0165	0.6105	0.0195	0	222	324	3
2026-02-12	15:30:39.990	-18.2	-30.8	-39.97	0.754204	-0.257176	0.447496	0.0165	0.6015	0.027	0	222	324	3
2026-02-12	15:30:40.010	-14.455	-38.115	-42.07	0.745908	-0.3111	0.465796	0.018	0.603	0.03	0	223	339	2
2026-02-12	15:30:40.030	-9.485	-41.58	-43.68	0.74176	-0.333792	0.460428	0.018	0.5955	0.0375	0	223	339	2
2026-02-12	15:30:40.050	0.175	-46.06	-45.92	0.712724	-0.346236	0.432612	0.012	0.582	0.0465	0	223	339	2
2026-02-12	15:30:40.070	12.53	-54.88	-51.555	0.70272	-0.30378	0.382104	0.006	0.5775	0.0495	0	223	339	2
2026-02-12	15:30:40.090	10.885	-62.79	-56.735	0.707844	-0.277916	0.345992	0.0105	0.57	0.0495	0	223	339	2
2026-02-12	15:30:40.110	8.61	-70.21	-59.255	0.747616	-0.30744	0.338428	0.0135	0.558	0.072	0	223	339	2
2026-02-12	15:30:40.130	21.385	-75.495	-55.755	0.82838	-0.39528	0.402112	0.006	0.5595	0.0885	0	223	339	2
2026-02-12	15:30:40.150	58.52	-76.72	-48.37	1.010404	-0.482388	0.51972	0.012	0.5535	0.0915	0	223	339	2
2026-02-12	15:30:40.170	119.91	-69.965	-39.095	1.274168	-0.550464	0.663924	0.0165	0.5415	0.1005	0	223	339	2
2026-02-12	15:30:40.190	197.4	-49.84	-20.86	1.445456	-0.518012	0.72102	0.012	0.537	0.1125	0	223	339	2
2026-02-12	15:30:40.210	249.06	-21.07	10.395	1.364936	-0.357216	0.598776	0.0135	0.534	0.1245	0	224	361	3
2026-02-12	15:30:40.230	251.615	3.325	37.45	1.21512	-0.172264	0.447252	0.0195	0.54	0.129	0	224	361	3
2026-02-12	15:30:40.250	202.79	14.63	54.67	1.15168	-0.044408	0.354044	0.024	0.5535	0.1275	0	224	361	3
2026-02-12	15:30:40.270	117.95	22.47	62.79	1.20536	0.020252	0.32452	0.0255	0.57	0.1305	0	224	361	3
2026-02-12	15:30:40.290	52.325	28.49	60.585	1.256112	0.055632	0.302072	0.024	0.582	0.135	0	224	361	3
2026-02-12	15:30:40.310	8.05	34.755	55.51	1.230004	0.025376	0.285724	0.0225	0.603	0.114	0	224	361	3
2026-02-12	15:30:40.330	-30.66	42.665	50.505	1.184864	-0.063196	0.246684	0.0195	0.603	0.114	0	224	361	3
2026-02-12	15:30:40.350	-56.91	50.785	48.86	1.076284	-0.14396	0.19764	0.015	0.6105	0.108	0	224	361	3
2026-02-12	15:30:40.370	-71.575	56.14	50.295	0.960384	-0.197884	0.16226	0.0165	0.621	0.0975	0	224	361	3
2026-02-12	15:30:40.390	-76.93	58.66	54.145	0.883036	-0.23668	0.158356	0.021	0.6225	0.0885	0	224	361	3
2026-02-12	15:30:40.410	-69.23	58.765	58.765	0.862052	-0.260836	0.173972	0.0195	0.627	0.084	0	227	376	3
2026-02-12	15:30:40.430	-52.745	58.485	62.825	0.896212	-0.262056	0.185928	0.012	0.636	0.081	0	227	376	3
2026-02-12	15:30:40.450	-36.085	58.695	65.52	0.939644	-0.24644	0.184952	0.0135	0.6495	0.075	0	227	376	3
2026-02-12	15:30:40.470	-24.15	58.8	66.815	0.957456	-0.235704	0.172264	0.0165	0.66	0.066	0	227	376	3
2026-02-12	15:30:40.490	-13.02	56.665	67.445	0.986492	-0.237656	0.146156	0.015	0.663	0.06	0	227	376	3
2026-02-12	15:30:40.510	-8.995	53.76	65.485	1.036268	-0.2257	0.138348	0.015	0.663	0.06	0	227	376	3
2026-02-12	15:30:40.530	-10.185	50.505	62.335	1.10044	-0.202764	0.130052	0.0225	0.696	0.045	0	227	376	3
2026-02-12	15:30:40.550	-17.675	47.005	58.66	1.105808	-0.179096	0.121512	0.027	0.7035	0.0315	0	227	376	3
2026-02-12	15:30:40.570	-28.63	42.91	54.635	1.063596	-0.177876	0.11102	0.03	0.7065	0.0285	0	227	376	3
2026-02-12	15:30:40.590	-37.38	35.525	49.455	1.036512	-0.183976	0.099064	0.0345	0.714	0.03	0	227	376	3
2026-02-12	15:30:40.610	-41.86	26.74	42.84	1.026508	-0.178852	0.099796	0.0375	0.723	0.0285	0	231	358	3
2026-02-12	15:30:40.630	-43.33	18.305	34.405	1.023092	-0.208864	0.106628	0.042	0.729	0.0225	0	231	358	3
2026-02-12	15:30:40.650	-37.24	11.27	25.305	1.017724	-0.244	0.135664	0.045	0.732	0.0255	0	231	358	3
2026-02-12	15:30:40.670	-23.415	6.615	15.82	0.994788	-0.268644	0.1647	0.045	0.738	0.0315	0	231	358	3
2026-02-12	15:30:40.690	-4.165	2.765	7.56	0.983564	-0.266936	0.174948	0.048	0.7395	0.03	0	231	358	3
2026-02-12	15:30:40.710	23.31	-4.97	-3.255	0.966484	-0.251808	0.196664	0.051	0.7395	0.0255	0	231	358	3
2026-02-12	15:30:40.730	45.045	-9.1	-8.575	0.959652	-0.264252	0.24034	0.0495	0.7395	0.0225	0	231	358	3
2026-02-12	15:30:40.750	72.205	-11.305	-9.625	0.936716	-0.266448	0.295484	0.051	0.741	0.0195	0	231	358	3
2026-02-12	15:30:40.770	100.24	-11.55	-8.05	0.931104	-0.20984	0.346968	0.0465	0.7395	0.0225	0	231	358	3
2026-02-12	15:30:40.790	120.12	-10.57	-7.98	0.929152	-0.147376	0.367464	0.0435	0.7335	0.0255	0	231	358	3
2026-02-12	15:30:40.810	130.97	-13.02	-12.39	1.02358	-0.1037	0.386984	0.0465	0.735	0.0195	0	233	321	3
2026-02-12	15:30:40.830	127.26	-15.96	-19.18	1.059204	-0.072956	0.399428	0.048	0.738	0.012	0	233	321	3
2026-02-12	15:30:40.850	110.425	-18.795	-22.68	1.03212	-0.04148	0.402844	0.042	0.7335	0.0045	0	233	321	3
2026-02-12	15:30:40.870	89.32	-20.16	-23.66	0.985028	-0.006832	0.46482	0.0405	0.729	0	0	233	321	3
2026-02-12	15:30:40.890	73.15	-13.265	-22.12	0.914268	0.033672	0.546316	0.0435	0.723	-0.003	0	233	321	3
2026-02-12	15:30:40.910	45.045	-7.805	-17.71	0.790804	0.130296	0.528748	0.042	0.7185	-0.003	0	233	321	3
2026-02-12	15:30:40.930	0.28	-7.35	-16.31	0.758352	0.153476	0.476288	0.042	0.72	-0.0015	0	233	321	3
2026-02-12	15:30:40.950	-32.2	-5.145	-19.74	0.820572	0.110288	0.459696	0.0375	0.714	-0.006	0	233	321	3
2026-02-12	15:30:40.970	-55.055	2.73	-25.48	0.877912	0.097844	0.44164	0.042	0.711	0.0015	0	233	321	3
2026-02-12	15:30:40.990	-84.875	12.04	-31.115	0.880596	0.081252	0.352092	0.0435	0.7095	0	0	233	321	3
2026-02-12	15:30:41.010	-116.165	18.935	-35.56	0.872056	-0.003172	0.263276	0.0405	0.7095	0	0	231	308	3
2026-02-12	15:30:41.030	-130.165	22.12	-37.625	0.88816	-0.105408	0.226432	0.039	0.708	0	0	231	308	3
2026-02-12	15:30:41.050	-126.14	22.505	-37.52	0.907924	-0.178608	0.24278	0.033	0.7005	0.006	0	231	308	3
2026-02-12	15:30:41.070	-113.54	21.84	-35.42	0.905972	-0.226676	0.288652	0.0255	0.693	0.0105	0	231	308	3
2026-02-12	15:30:41.090	-93.765	21.14	-31.5	0.906216	-0.24766	0.356972	0.0225	0.684	0.012	0	231	308	3
2026-02-12	15:30:41.110	-68.845	20.37	-27.79	0.906948	-0.211548	0.406992	0.0225	0.6795	0.0135	0	231	308	3
2026-02-12	15:30:41.130	-49.245	17.395	-25.69	0.865468	-0.166652	0.4026	0.024	0.6825	0.015	0	231	308	3
2026-02-12	15:30:41.150	-44.45	13.51	-26.11	0.872056	-0.165676	0.382592	0.024	0.6825	0.015	0	231	308	3
2026-02-12	15:30:41.170	-40.635	9.135	-28.21	0.90158	-0.184952	0.37942	0.0195	0.6765	0.0105	0	231	308	3
2026-02-12	15:30:41.190	-36.225	5.845	-29.68	0.89792	-0.202764	0.37454	0.0105	0.675	0.015	0	231	308	3
2026-02-12	15:30:41.210	-33.145	1.4	-29.96	0.876448	-0.188612	0.353068	0.012	0.669	0.012	0	229	316	3
2026-02-12	15:30:41.230	-31.325	-5.39	-31.605	0.8662	-0.18666	0.332816	0.0165	0.66	0.012	0	229	316	3
2026-02-12	15:30:41.250	-27.055	-13.195	-35.245	0.8784	-0.213256	0.33306	0.0195	0.66	0.015	0	229	316	3
2026-02-12	15:30:41.270	-18.06	-20.265	-38.815	0.881572	-0.244732	0.361852	0.0165	0.66	0.0195	0	229	316	3
2026-02-12	15:30:41.290	-8.225	-26.11	-41.09	0.861076	-0.24522	0.393328	0.012	0.651	0.021	0	229	316	3
2026-02-12	15:30:41.310	-2.66	-31.01	-43.295	0.833504	-0.2257	0.40748	0.009	0.6435	0.0225	0	229	316	3
2026-02-12	15:30:41.330	-1.085	-35.455	-46.13	0.802516	-0.216916	0.409676	0.012	0.642	0.0285	0	229	316	3
2026-02-12	15:30:41.350	1.26	-41.65	-50.05	0.748104	-0.254004	0.415044	0.0165	0.642	0.033	0	229	316	3
2026-02-12	15:30:41.370	8.575	-44.555	-49.77	0.708332	-0.299632	0.434076	0.006	0.6195	0.0405	0	229	316	3
2026-02-12	15:30:41.390	19.6	-46.025	-46.515	0.661972	-0.346236	0.45262	0.0045	0.6045	0.0525	0	229	316	3
2026-02-12	15:30:41.410	34.16	-46.2	-40.32	0.607804	-0.364292	0.460184	0.006	0.603	0.0555	0	223	332	2
2026-02-12	15:30:41.430	51.415	-45.465	-31.885	0.593652	-0.405772	0.464088	0.012	0.5985	0.0615	0	223	332	2
2026-02-12	15:30:41.450	70.945	-44.205	-20.23	0.595604	-0.420412	0.449692	0.012	0.594	0.069	0	223	332	2
2026-02-12	15:30:41.470	86.555	-45.955	-5.845	0.62098	-0.410408	0.389912	0.0105	0.5925	0.0765	0	223	332	2
2026-02-12	15:30:41.490	105.14	-52.5	5.635	0.804956	-0.427732	0.380396	0.012	0.5925	0.0795	0	223	332	2
2026-02-12	15:30:41.510	137.165	-56.035	7.91	1.145092	-0.449448	0.543388	0.0105	0.594	0.087	0	223	332	2
2026-02-12	15:30:41.530	165.585	-48.37	8.435	1.399828	-0.396012	0.704672	0.009	0.5985	0.0975	0	223	332	2
2026-02-12	15:30:41.550	153.265	-27.965	18.69	1.358104	-0.332572	0.69174	0.012	0.5985	0.1035	0	223	332	2
2026-02-12	15:30:41.570	129.675	-10.395	20.195	1.326872	-0.312076	0.568032	0.018	0.5985	0.1035	0	223	332	2
2026-02-12	15:30:41.590	111.265	-0.035	15.435	1.343708	-0.275476	0.493124	0.018	0.6225	0.105	0	223	332	2
2026-02-12	15:30:41.610	90.685	10.255	12.075	1.31516	-0.30622	0.443348	0.0285	0.627	0.099	0	219	359	3
2026-02-12	15:30:41.630	79.765	18.515	13.475	1.242692	-0.324764	0.435784	0.0195	0.6285	0.1005	0	219	359	3
2026-02-12	15:30:41.650	73.255	26.145	20.055	1.142652	-0.294264	0.417972	0.012	0.636	0.096	0	219	359	3
2026-02-12	15:30:41.670	58.52	34.195	31.185	1.009428	-0.252784	0.383324	0.015	0.6435	0.087	0	219	359	3
2026-02-12	15:30:41.690	40.005	40.425	45.43	0.884012	-0.221308	0.343308	0.018	0.648	0.0825	0	219	359	3
2026-02-12	15:30:41.710	25.55	42.455	60.655	0.781532	-0.19642	0.306464	0.0255	0.6585	0.072	0	219	359	3
2026-02-12	15:30:41.730	16.8	40.39	74.27	0.7381	-0.185928	0.276452	0.033	0.6645	0.066	0	219	359	3
2026-02-12	15:30:41.750	13.58	36.225	84.35	0.766404	-0.194468	0.24522	0.0345	0.672	0.066	0	219	359	3
2026-02-12	15:30:41.770	14.175	31.36	90.615	0.915488	-0.213256	0.182268	0.033	0.6825	0.063	0	219	359	3
2026-02-12	15:30:41.790	15.82	26.005	90.16	1.048468	-0.240096	0.110532	0.033	0.6825	0.063	0	219	359	3
2026-02-12	15:30:41.810	24.745	19.88	88.69	1.133136	-0.296948	0.14396	0.045	0.7245	0.042	0	220	380	3
2026-02-12	15:30:41.830	49.875	24.045	89.425	1.13826	-0.366732	0.231312	0.048	0.7275	0.0405	0	220	380	3
2026-02-12	15:30:41.850	88.62	30.66	88.935	1.271728	-0.298656	0.274012	0.0585	0.7425	0.0375	0	220	380	3
2026-02-12	15:30:41.870	101.92	41.615	85.295	1.328336	-0.136884	0.246196	0.066	0.7545	0.03	0	220	380	3
2026-02-12	15:30:41.890	79.59	51.8	79.835	1.313208	-0.059536	0.172264	0.075	0.762	0.018	0	220	380	3
2026-02-12	15:30:41.910	44.24	56.945	70.385	1.230492	-0.040748	0.106872	0.084	0.7755	0.006	0	220	380	3
2026-02-12	15:30:41.930	9.275	55.545	57.505	1.159488	-0.059536	0.083448	0.0885	0.7875	-0.003	0	220	380	3
2026-02-12	15:30:41.950	-26.39	50.015	43.89	1.08336	-0.091012	0.079544	0.099	0.7935	-0.009	0	220	380	3
2026-02-12	15:30:41.970	-59.64	40.53	32.865	0.961116	-0.10858	0.062464	0.102	0.795	-0.015	0	220	380	3
2026-02-12	15:30:41.990	-88.2	15.925	18.76	0.889624	-0.186904	0.088328	0.1005	0.7965	-0.0165	0	220	380	3
2026-02-12	15:30:42.010	-87.325	0.07	9.8	0.87718	-0.23912	0.120292	0.105	0.8085	-0.0015	0	223	365	3
2026-02-12	15:30:42.030	-71.855	-12.285	0.21	0.884012	-0.279868	0.16104	0.114	0.8145	0.0105	0	223	365	3
2026-02-12	15:30:42.050	-44.275	-20.265	-9.555	0.887184	-0.303536	0.195444	0.1095	0.8115	0.012	0	223	365	3
2026-02-12	15:30:42.070	-9.52	-25.935	-18.69	0.882304	-0.308416	0.204228	0.108	0.81	0.018	0	223	365	3
2026-02-12	15:30:42.090	26.81	-31.605	-26.635	0.854	-0.284748	0.200324	0.108	0.8085	0.021	0	223	365	3
2026-02-12	15:30:42.110	57.645	-35.7	-31.36	0.813008	-0.275964	0.22082	0.1035	0.8025	0.021	0	223	365	3
2026-02-12	15:30:42.130	85.925	-37.415	-33.04	0.782996	-0.249124	0.240096	0.102	0.801	0.0225	0	223	365	3
2026-02-12	15:30:42.150	113.68	-36.82	-33.04	0.825208	-0.246684	0.264252	0.099	0.7965	0.0255	0	223	365	3
2026-02-12	15:30:42.170	140.14	-33.74	-31.36	0.862784	-0.2257	0.269132	0.096	0.792	0.0165	0	223	365	3
2026-02-12	15:30:42.190	150.71	-34.23	-25.935	0.85766	-0.07905599	0.271084	0.0945	0.789	0.0105	0	223	365	3
2026-02-12	15:30:42.210	111.86	-39.69	-23.765	0.904508	0.084912	0.32086	0.0915	0.786	0.0135	0	227	329	3
2026-02-12	15:30:42.230	61.04	-41.3	-27.44	0.997228	0.082228	0.395036	0.0915	0.7695	-0.006	0	227	329	3
2026-02-12	15:30:42.250	20.545	-38.22	-29.19	1.03822	0.044408	0.446764	0.09	0.7725	-0.006	0	227	329	3
2026-02-12	15:30:42.270	-10.57	-30.765	-25.9	1.0065	0.03294	0.430416	0.0855	0.768	-0.0045	0	227	329	3
2026-02-12	15:30:42.290	-30.66	-25.55	-22.75	1.004548	0.03172	0.396744	0.0825	0.7605	0	0	227	329	3
2026-02-12	15:30:42.310	-41.125	-21.98	-20.65	0.992592	-0.016104	0.372588	0.0825	0.759	0.0075	0	227	329	3
2026-02-12	15:30:42.330	-41.545	-19.005	-18.41	0.994544	-0.088572	0.380884	0.078	0.756	0.0105	0	227	329	3
2026-02-12	15:30:42.350	-32.76	-13.58	-15.015	0.97966	-0.116632	0.401136	0.0765	0.753	0.0135	0	227	329	3
2026-02-12	15:30:42.370	-22.05	-7.105	-10.885	0.952332	-0.089304	0.381128	0.0765	0.756	0.0195	0	227	329	3
2026-02-12	15:30:42.390	-18.06	-1.68	-8.155	0.924272	-0.045872	0.344528	0.078	0.7515	0.021	0	227	329	3
2026-02-12	15:30:42.410	-23.66	1.75	-8.225	0.937692	-0.06222	0.298412	0.084	0.744	0.024	0	230	309	3
2026-02-12	15:30:42.430	-28.91	1.715	-9.275	0.962336	-0.102968	0.300608	0.084	0.744	0.024	0	230	309	3
2026-02-12	15:30:42.450	-30.765	0.42	-9.17	0.993812	-0.129076	0.31842	0.0825	0.747	0.033	0	230	309	3
2026-02-12	15:30:42.470	-30.17	-0.49	-7.105	0.983564	-0.152012	0.338428	0.081	0.744	0.0315	0	230	309	3
2026-02-12	15:30:42.490	-25.375	-2.485	-4.095	0.965264	-0.161284	0.349408	0.0765	0.741	0.0315	0	230	309	3
2026-02-12	15:30:42.510	-17.64	-5.32	-1.33	0.919392	-0.165676	0.351848	0.072	0.738	0.0345	0	230	309	3
2026-02-12	15:30:42.530	-9.31	-9.555	0.595	0.871568	-0.160064	0.346968	0.072	0.741	0.0375	0	230	309	3
2026-02-12	15:30:42.550	-0.91	-15.05	1.12	0.849364	-0.166164	0.338184	0.072	0.741	0.0435	0	230	309	3
2026-02-12	15:30:42.570	6.615	-21.63	0	0.84302	-0.172752	0.34038	0.0735	0.7395	0.0435	0	230	309	3
2026-02-12	15:30:42.590	14.525	-27.37	-1.33	0.826672	-0.19886	0.364048	0.0765	0.7395	0.0435	0	230	309	3
2026-02-12	15:30:42.610	24.36	-31.85	-2.38	0.79788	-0.204472	0.386496	0.075	0.7395	0.0495	0	228	311	3
2026-02-12	15:30:42.630	39.69	-34.58	-4.655	0.738832	-0.203496	0.407968	0.075	0.7425	0.051	0	228	311	3
2026-02-12	15:30:42.650	52.15	-33.985	-5.775	0.69296	-0.216916	0.414556	0.069	0.7455	0.0615	0	228	311	3
2026-02-12	15:30:42.670	64.015	-33.18	-6.72	0.659776	-0.21472	0.4087	0.0705	0.7425	0.0615	0	228	311	3
2026-02-12	15:30:42.690	69.545	-32.9	-7.875	0.622444	-0.213012	0.388204	0.0735	0.738	0.057	0	228	311	3
2026-02-12	15:30:42.710	70.49	-33.53	-9.555	0.612684	-0.21106	0.366	0.075	0.7395	0.0555	0	228	311	3
2026-02-12	15:30:42.730	71.715	-33.95	-12.81	0.661484	-0.25498	0.363316	0.075	0.7395	0.0585	0	228	311	3
2026-02-12	15:30:42.750	80.815	-33.985	-15.225	0.80032	-0.305732	0.382592	0.0765	0.7395	0.06	0	228	311	3
2026-02-12	15:30:42.770	97.615	-31.85	-16.45	1.005036	-0.34038	0.434564	0.075	0.738	0.06	0	228	311	3
2026-02-12	15:30:42.790	118.23	-25.725	-14.665	1.180716	-0.341356	0.495564	0.0765	0.7335	0.0525	0	228	311	3
2026-02-12	15:30:42.810	131.11	-15.33	-6.3	1.216584	-0.29646	0.503616	0.078	0.735	0.0495	0	224	326	2
2026-02-12	15:30:42.830	130.83	-5.355	3.29	1.231956	-0.263276	0.450912	0.0735	0.7335	0.051	0	224	326	2
2026-02-12	15:30:42.850	125.58	1.33	5.95	1.295396	-0.245464	0.446032	0.075	0.7335	0.0465	0	224	326	2
2026-02-12	15:30:42.870	115.255	7.28	4.585	1.321504	-0.247904	0.464332	0.0735	0.735	0.0315	0	224	326	2
2026-02-12	15:30:42.890	101.115	15.4	3.29	1.330532	-0.251564	0.467504	0.075	0.7335	0.0255	0	224	326	2
2026-02-12	15:30:42.910	81.2	24.99	2.24	1.315404	-0.22814	0.430172	0.075	0.729	0.0165	0	224	326	2
2026-02-12	15:30:42.930	47.565	35.42	3.99	1.210972	-0.189344	0.3599	0.0765	0.7275	0.006	0	224	326	2
2026-02-12	15:30:42.950	1.995	42.91	9.8	1.073356	-0.176168	0.285236	0.078	0.726	-0.003	0	224	326	2
2026-02-12	15:30:42.970	-38.185	45.955	19.04	0.938912	-0.183	0.23058	0.0825	0.7275	0.0015	0	224	326	2
2026-02-12	15:30:42.990	-61.565	42.84	29.295	0.836676	-0.194956	0.214476	0.0855	0.7305	0.003	0	224	326	2
2026-02-12	15:30:43.010	-69.37	34.335	39.515	0.800564	-0.212036	0.212524	0.084	0.7395	-0.003	0	221	345	3
2026-02-12	15:30:43.030	-67.13	25.095	47.81	0.846436	-0.252296	0.222284	0.0825	0.7485	-0.006	0	221	345	3
2026-02-12	15:30:43.050	-50.19	18.795	57.82	0.914024	-0.305976	0.214232	0.078	0.7515	-0.009	0	221	345	3
2026-02-12	15:30:43.070	-32.34	18.55	61.6	0.934276	-0.324764	0.196176	0.078	0.7515	-0.009	0	221	345	3
2026-02-12	15:30:43.090	-8.96	19.39	61.705	0.975756	-0.355996	0.175436	0.087	0.7635	-0.0015	0	221	345	3
2026-02-12	15:30:43.110	18.795	20.825	58.905	1.081652	-0.365512	0.170556	0.0975	0.7785	0.0015	0	221	345	3
2026-02-12	15:30:43.130	43.785	24.045	54.565	1.119716	-0.327448	0.166408	0.102	0.7815	-0.006	0	221	345	3
2026-02-12	15:30:43.150	57.05	29.225	51.52	1.035536	-0.27084	0.144204	0.1095	0.7875	-0.012	0	221	345	3
2026-02-12	15:30:43.170	59.15	29.54	47.74	1.003816	-0.213744	0.122488	0.114	0.7935	-0.015	0	221	345	3
2026-02-12	15:30:43.190	52.255	28.735	42.945	0.970876	-0.179828	0.096868	0.114	0.7965	-0.0285	0	221	345	3
2026-02-12	15:30:43.210	40.88	24.57	37.485	0.997228	-0.175924	0.09638	0.1215	0.7995	-0.036	0	220	340	3
2026-02-12	15:30:43.230	30.17	20.125	33.74	0.938668	-0.189588	0.107604	0.1305	0.798	-0.042	0	220	340	3
2026-02-12	15:30:43.250	22.645	13.65	31.5	0.916464	-0.191784	0.114436	0.1275	0.798	-0.0465	0	220	340	3
2026-02-12	15:30:43.270	20.265	4.62	25.375	0.923296	-0.21228	0.165676	0.1245	0.801	-0.045	0	220	340	3
2026-02-12	15:30:43.290	25.515	0.245	19.775	0.959652	-0.244	0.187636	0.1275	0.816	-0.048	0	220	340	3
2026-02-12	15:30:43.310	36.085	-4.41	14.385	1.016016	-0.25254	0.204472	0.123	0.816	-0.0495	0	220	340	3
2026-02-12	15:30:43.330	47.215	-8.61	9.485	1.064084	-0.249856	0.221308	0.126	0.8115	-0.048	0	220	340	3
2026-02-12	15:30:43.350	57.47	-10.465	5.95	1.067012	-0.236436	0.267424	0.1305	0.807	-0.048	0	220	340	3
2026-02-12	15:30:43.370	66.01	-9.52	4.27	1.03334	-0.195688	0.282308	0.129	0.813	-0.0585	0	220	340	3
2026-02-12	15:30:43.390	69.16	-10.99	3.01	1.008452	-0.12078	0.247904	0.1305	0.816	-0.0645	0	220	340	3
2026-02-12	15:30:43.410	62.44	-16.66	0.21	1.015528	-0.059048	0.2257	0.1275	0.8115	-0.069	0	218	313	3
2026-02-12	15:30:43.430	46.27	-24.185	-4.935	1.006256	-0.015128	0.252296	0.126	0.8055	-0.075	0	218	313	3
2026-02-12	15:30:43.450	25.235	-30.695	-12.075	0.94916	0.041968	0.323788	0.1245	0.8025	-0.0705	0	218	313	3
2026-02-12	15:30:43.470	-0.455	-35.315	-22.855	0.882304	0.090036	0.379664	0.123	0.801	-0.0765	0	218	313	3
2026-02-12	15:30:43.490	-18.515	-36.995	-31.325	0.849608	0.044896	0.412848	0.1245	0.8025	-0.0855	0	218	313	3
2026-02-12	15:30:43.510	-16.31	-35.525	-33.6	0.854732	-0.017324	0.43676	0.1155	0.7995	-0.0735	0	218	313	3
2026-02-12	15:30:43.530	-3.78	-31.815	-33.53	0.869616	-0.011712	0.416752	0.108	0.7935	-0.0585	0	218	313	3
2026-02-12	15:30:43.550	10.675	-26.6	-33.18	0.898652	0.0122	0.384544	0.105	0.7905	-0.0525	0	218	313	3
2026-02-12	15:30:43.570	24.64	-21.385	-32.34	0.939156	0.062708	0.352824	0.096	0.792	-0.051	0	218	313	3
2026-02-12	15:30:43.590	31.01	-17.5	-31.71	0.993568	0.104188	0.333548	0.0915	0.783	-0.0525	0	218	313	3
2026-02-12	15:30:43.610	29.505	-14.035	-31.955	1.039196	0.14396	0.345992	0.0885	0.7755	-0.054	0	214	296	3
2026-02-12	15:30:43.630	19.705	-9.87	-33.005	1.037732	0.157136	0.385764	0.0885	0.774	-0.054	0	214	296	3
2026-02-12	15:30:43.650	1.96	-5.215	-33.88	1.009184	0.180072	0.400648	0.084	0.765	-0.057	0	214	296	3
2026-02-12	15:30:43.670	-21.98	-1.05	-35.35	0.998448	0.189832	0.37576	0.078	0.759	-0.054	0	214	296	3
2026-02-12	15:30:43.690	-61.215	5.285	-37.94	0.959652	0.166652	0.324764	0.078	0.7605	-0.051	0	214	296	3
2026-02-12	15:30:43.710	-80.325	8.26	-37.275	0.938424	0.092476	0.294508	0.0795	0.753	-0.0465	0	214	296	3
2026-02-12	15:30:43.730	-89.005	9.695	-35.035	0.924516	0.063928	0.276452	0.078	0.753	-0.0435	0	214	296	3
2026-02-12	15:30:43.750	-88.445	10.71	-32.69	0.94062	-0.009272	0.277428	0.0735	0.753	-0.039	0	214	296	3
2026-02-12	15:30:43.770	-73.5	11.795	-29.085	0.981612	-0.091988	0.297924	0.0705	0.7485	-0.033	0	214	296	3
2026-02-12	15:30:43.790	-50.05	12.53	-24.115	0.989664	-0.091988	0.315004	0.063	0.7455	-0.0345	0	214	296	3
2026-02-12	15:30:43.810	-33.46	11.62	-20.23	0.98698	-0.060024	0.308416	0.0645	0.744	-0.0345	0	211	297	3
2026-02-12	15:30:43.830	-21.595	9.03	-19.005	0.99796	-0.073444	0.3233	0.066	0.744	-0.0315	0	211	297	3
2026-02-12	15:30:43.850	-9.485	6.335	-17.955	0.98942	-0.11956	0.348188	0.063	0.741	-0.03	0	211	297	3
2026-02-12	15:30:43.870	0.105	2.975	-15.015	0.955748	-0.14518	0.349408	0.066	0.741	-0.0315	0	211	297	3
2026-02-12	15:30:43.890	5.88	-1.96	-11.83	0.915	-0.152988	0.34404	0.0675	0.741	-0.033	0	211	297	3
2026-02-12	15:30:43.910	14.175	-10.5	-9.415	0.856928	-0.16714	0.35258	0.0675	0.738	-0.0345	0	211	297	3
2026-02-12	15:30:43.930	20.545	-17.36	-10.99	0.82838	-0.152256	0.353312	0.0645	0.7365	-0.033	0	211	297	3
2026-02-12	15:30:43.950	22.61	-25.13	-13.685	0.816668	-0.164212	0.35746	0.0615	0.735	-0.03	0	211	297	3
2026-02-12	15:30:43.970	21.7	-31.85	-17.045	0.77592	-0.215696	0.387472	0.0615	0.732	-0.027	0	211	297	3
2026-02-12	15:30:43.990	27.685	-35.525	-19.285	0.706136	-0.282308	0.453352	0.057	0.7275	-0.027	0	211	297	3
2026-02-12	15:30:44.010	50.05	-34.335	-19.6	0.636108	-0.35014	0.509472	0.054	0.7275	-0.0255	0	207	309	2
2026-02-12	15:30:44.030	69.545	-31.115	-18.27	0.598044	-0.350384	0.52948	0.0495	0.7215	-0.0225	0	207	309	2
2026-02-12	15:30:44.050	90.545	-25.62	-15.26	0.519964	-0.314028	0.505324	0.045	0.7125	-0.021	0	207	309	2
2026-02-12	15:30:44.070	94.01	-24.29	-13.44	0.469944	-0.305732	0.439932	0.048	0.705	-0.0195	0	207	309	2
2026-02-12	15:30:44.090	83.125	-25.55	-10.36	0.457988	-0.308416	0.394548	0.048	0.7035	-0.0165	0	207	309	2
2026-02-12	15:30:44.110	74.55	-26.075	0.77	0.516304	-0.329156	0.3721	0.045	0.705	-0.0195	0	207	309	2
2026-02-12	15:30:44.130	94.815	-29.365	15.75	0.81862	-0.33794	0.38552	0.0465	0.702	-0.018	0	207	309	2
2026-02-12	15:30:44.150	146.23	-30.24	17.535	1.319796	-0.450424	0.589748	0.0465	0.702	-0.0165	0	207	309	2
2026-02-12	15:30:44.170	212.695	-18.97	23.52	1.75558	-0.476532	0.8052	0.0435	0.705	-0.0255	0	207	309	2
2026-02-12	15:30:44.190	231.91	11.235	42.91	1.74582	-0.334036	0.698816	0.0435	0.7035	-0.03	0	207	309	2
2026-02-12	15:30:44.210	217.7	35.385	48.615	1.707268	-0.199836	0.49044	0.039	0.702	-0.0435	0	207	335	3
2026-02-12	15:30:44.230	181.16	49.77	42.28	1.6592	-0.05612	0.413336	0.0405	0.7035	-0.0675	0	207	335	3
2026-02-12	15:30:44.250	106.085	63.21	39.795	1.480592	-0.010248	0.384544	0.0465	0.699	-0.0795	0	207	335	3
2026-02-12	15:30:44.270	17.08	68.705	45.99	1.23708	-0.029768	0.333792	0.054	0.6975	-0.0945	0	207	335	3
2026-02-12	15:30:44.290	-54.215	66.22	58.485	1.006256	-0.033428	0.289628	0.0615	0.7065	-0.1065	0	207	335	3
2026-02-12	15:30:44.310	-102.13	56.42	72.345	0.855952	-0.043188	0.274012	0.0675	0.72	-0.111	0	207	335	3
2026-02-12	15:30:44.330	-141.365	36.155	91.875	0.770552	-0.162504	0.237412	0.0735	0.7365	-0.1095	0	207	335	3
2026-02-12	15:30:44.350	-139.3	25.305	104.65	0.796904	-0.235704	0.215208	0.084	0.756	-0.1095	0	207	335	3
2026-02-12	15:30:44.370	-120.225	21.525	113.75	0.836676	-0.266204	0.17812	0.0915	0.774	-0.108	0	207	335	3
2026-02-12	15:30:44.390	-93.59	19.985	117.32	0.858636	-0.276452	0.139812	0.1035	0.7905	-0.096	0	207	335	3
2026-02-12	15:30:44.410	-63.175	17.815	114.135	0.937204	-0.295972	0.1159	0.1155	0.8115	-0.084	0	216	357	3
2026-02-12	15:30:44.430	-31.745	18.655	106.47	0.988444	-0.311588	0.116632	0.123	0.828	-0.081	0	216	357	3
2026-02-12	15:30:44.450	-2.31	23.1	97.51	0.96868	-0.293044	0.105408	0.132	0.8445	-0.084	0	216	357	3
2026-02-12	15:30:44.470	22.54	25.34	85.435	1.003572	-0.26352	0.094184	0.144	0.8565	-0.087	0	216	357	3
2026-02-12	15:30:44.490	40.53	26.18	69.755	1.09312	-0.221796	0.0915	0.159	0.8655	-0.0885	0	216	357	3
2026-02-12	15:30:44.510	49.21	27.02	53.83	1.160952	-0.201056	0.098332	0.1725	0.8715	-0.096	0	216	357	3
2026-02-12	15:30:44.530	50.295	26.95	41.44	1.155828	-0.160796	0.086132	0.1755	0.8685	-0.108	0	216	357	3
2026-02-12	15:30:44.550	33.005	17.605	27.3	1.101172	-0.139568	0.057096	0.1845	0.873	-0.114	0	216	357	3
2026-02-12	15:30:44.570	24.395	7.84	16.52	1.089216	-0.177144	0.087352	0.195	0.8775	-0.123	0	216	357	3
2026-02-12	15:30:44.590	28.49	-0.7	5.845	1.05896	-0.12078	0.15128	0.192	0.879	-0.126	0	216	357	3
2026-02-12	15:30:44.610	25.795	-8.68	-6.685	1.010404	-0.038552	0.189832	0.195	0.882	-0.132	0	228	342	3
2026-02-12	15:30:44.630	23.485	-17.08	-20.44	1.0187	-0.097112	0.222772	0.1965	0.876	-0.135	0	228	342	3
2026-02-12	15:30:44.650	29.61	-25.34	-32.69	1.0553	-0.16104	0.234972	0.192	0.8715	-0.1305	0	228	342	3
2026-02-12	15:30:44.670	40.74	-31.78	-41.615	1.02236	-0.175924	0.257176	0.1905	0.867	-0.1305	0	228	342	3
2026-02-12	15:30:44.690	53.585	-36.82	-46.76	0.997472	-0.16104	0.312076	0.18	0.858	-0.1305	0	228	342	3
2026-02-12	15:30:44.710	70.525	-36.645	-46.83	0.948184	-0.203008	0.35868	0.171	0.8505	-0.135	0	228	342	3
2026-02-12	15:30:44.730	96.285	-31.675	-40.81	0.872788	-0.192516	0.359412	0.168	0.8475	-0.138	0	228	342	3
2026-02-12	15:30:44.750	117.81	-28.525	-30.975	0.805444	-0.076128	0.302804	0.162	0.84	-0.141	0	228	342	3
2026-02-12	15:30:44.770	114.73	-27.825	-26.25	0.83692	-0.003172	0.276696	0.156	0.828	-0.153	0	228	342	3
2026-02-12	15:30:44.790	98.035	-26.845	-26.775	0.901092	0.016836	0.286456	0.1485	0.8175	-0.1635	0	228	342	3
2026-02-12	15:30:44.810	77.14	-24.92	-28.07	0.945988	0.040016	0.321836	0.141	0.8115	-0.168	0	238	312	3
2026-02-12	15:30:44.830	50.925	-22.96	-29.96	0.985272	0.064904	0.345748	0.138	0.7995	-0.1725	0	238	312	3
2026-02-12	15:30:44.850	20.16	-21.7	-32.9	1.036024	0.047336	0.376492	0.1395	0.786	-0.171	0	238	312	3
2026-02-12	15:30:44.870	-6.265	-19.145	-34.51	1.050176	0.001464	0.404064	0.1365	0.7815	-0.1695	0	238	312	3
2026-02-12	15:30:44.890	-21.77	-15.47	-33.425	1.01382	-0.02196	0.437248	0.129	0.78	-0.1725	0	238	312	3
2026-02-12	15:30:44.910	-28.175	-12.145	-29.89	0.965264	-0.039772	0.438712	0.1245	0.7755	-0.1755	0	238	312	3
2026-02-12	15:30:44.930	-29.26	-9.94	-24.5	0.929396	-0.04392	0.413092	0.1215	0.768	-0.168	0	238	312	3
2026-02-12	15:30:44.950	-26.6	-8.435	-18.48	0.88572	-0.026352	0.373564	0.1155	0.768	-0.162	0	238	312	3
2026-02-12	15:30:44.970	-21.91	-6.86	-11.725	0.868884	-0.0244	0.328668	0.1095	0.7755	-0.1605	0	238	312	3
2026-02-12	15:30:44.990	-18.375	-5.775	-9.345	0.919148	-0.045384	0.329156	0.111	0.774	-0.159	0	238	312	3
2026-02-12	15:30:45.010	-14.525	-4.2	-8.085	0.95282	-0.040504	0.3477	0.1155	0.771	-0.159	0	241	302	3
2026-02-12	15:30:45.030	-14.14	-1.68	-8.015	0.941352	-0.046604	0.359656	0.1215	0.774	-0.1545	0	241	302	3
2026-02-12	15:30:45.050	-15.05	-0.315	-7.42	0.935252	-0.076616	0.364536	0.117	0.774	-0.1515	0	241	302	3
2026-02-12	15:30:45.070	-15.225	-0.175	-6.3	0.934276	-0.106872	0.35868	0.1125	0.771	-0.153	0	241	302	3
2026-02-12	15:30:45.090	-12.565	-1.82	-6.335	0.960384	-0.133468	0.36722	0.1125	0.7725	-0.1515	0	241	302	3
2026-02-12	15:30:45.110	-7.105	-3.465	-7.315	0.97966	-0.153964	0.392596	0.111	0.771	-0.1485	0	241	302	3
2026-02-12	15:30:45.130	-0.7	-5.285	-7.735	0.971608	-0.167384	0.414312	0.111	0.771	-0.1485	0	241	302	3
2026-02-12	15:30:45.150	3.57	-6.405	-6.335	0.90768	-0.177632	0.415044	0.1125	0.771	-0.1455	0	241	302	3
2026-02-12	15:30:45.170	2.73	-9.135	-4.76	0.842776	-0.162748	0.411384	0.111	0.7665	-0.147	0	241	302	3
2026-02-12	15:30:45.190	-5.32	-15.4	-5.6	0.773724	-0.17568	0.391376	0.108	0.762	-0.1515	0	241	302	3
2026-02-12	15:30:45.210	-9.1	-19.81	-6.58	0.722972	-0.210572	0.39284	0.105	0.7635	-0.147	0	240	312	3
2026-02-12	15:30:45.230	-4.795	-23.94	-6.195	0.673928	-0.246684	0.404796	0.1065	0.7665	-0.1395	0	240	312	3
2026-02-12	15:30:45.250	7.385	-27.615	-4.34	0.636596	-0.281332	0.414068	0.1035	0.765	-0.138	0	240	312	3
2026-02-12	15:30:45.270	24.745	-30.31	-0.42	0.597068	-0.293288	0.406748	0.0975	0.765	-0.138	0	240	312	3
2026-02-12	15:30:45.290	42.875	-33.355	4.725	0.574376	-0.285968	0.380396	0.093	0.765	-0.1335	0	240	312	3
2026-02-12	15:30:45.310	60.83	-39.515	8.855	0.666852	-0.292068	0.336476	0.093	0.7605	-0.1305	0	240	312	3
2026-02-12	15:30:45.330	81.55	-47.25	6.65	0.901824	-0.336476	0.398452	0.099	0.759	-0.132	0	240	312	3
2026-02-12	15:30:45.350	103.145	-46.62	1.225	1.088484	-0.392108	0.541436	0.1005	0.7545	-0.1305	0	240	312	3
2026-02-12	15:30:45.370	119.98	-37.415	2.45	1.148752	-0.384544	0.576572	0.099	0.7485	-0.132	0	240	312	3
2026-02-12	15:30:45.390	130.095	-23.73	4.235	1.156072	-0.35258	0.46726	0.093	0.744	-0.1395	0	240	312	3
2026-02-12	15:30:45.410	133.21	-11.235	-0.595	1.247572	-0.321104	0.386496	0.087	0.7335	-0.144	0	235	333	3
2026-02-12	15:30:45.430	126.665	-1.47	-8.19	1.333704	-0.282308	0.379908	0.0855	0.7215	-0.153	0	235	333	3
2026-02-12	15:30:45.450	107.66	10.465	-11.83	1.314184	-0.258884	0.37454	0.0855	0.7155	-0.1605	0	235	333	3
2026-02-12	15:30:45.470	82.285	20.86	-9.87	1.188524	-0.227896	0.332328	0.087	0.711	-0.165	0	235	333	3
2026-02-12	15:30:45.490	50.365	25.97	-4.025	1.04188	-0.191296	0.297924	0.0885	0.7035	-0.174	0	235	333	3
2026-02-12	15:30:45.510	15.785	27.93	5.985	0.906704	-0.199348	0.260592	0.0915	0.7005	-0.1815	0	235	333	3
2026-02-12	15:30:45.530	-6.965	25.13	18.13	0.829112	-0.208132	0.239608	0.0945	0.7035	-0.1845	0	235	333	3
2026-02-12	15:30:45.550	-17.115	18.76	30.065	0.829844	-0.22692	0.23302	0.099	0.702	-0.186	0	235	333	3
2026-02-12	15:30:45.570	-19.04	13.125	42.035	0.820572	-0.228384	0.207156	0.105	0.702	-0.183	0	235	333	3
2026-02-12	15:30:45.590	-16.59	8.61	52.535	0.813008	-0.2257	0.168604	0.1095	0.7125	-0.1815	0	235	333	3
2026-02-12	15:30:45.610	-4.76	4.305	61.005	0.91378	-0.250832	0.126636	0.1125	0.72	-0.186	0	231	347	3
2026-02-12	15:30:45.630	8.435	4.795	62.335	0.978684	-0.254736	0.112728	0.1155	0.726	-0.186	0	231	347	3
2026-02-12	15:30:45.650	22.995	9.24	62.615	0.980148	-0.259616	0.104432	0.1185	0.7335	-0.1845	0	231	347	3
2026-02-12	15:30:45.670	43.575	12.32	59.745	1.041636	-0.27084	0.117852	0.1245	0.741	-0.1845	0	231	347	3
2026-02-12	15:30:45.690	65.87	16.205	53.865	1.1407	-0.254492	0.12932	0.1335	0.75	-0.1905	0	231	347	3
2026-02-12	15:30:45.710	76.58	22.12	49.28	1.197064	-0.209108	0.13664	0.1395	0.7485	-0.195	0	231	347	3
2026-02-12	15:30:45.730	73.64	28.07	47.04	1.193648	-0.127612	0.10736	0.144	0.7455	-0.204	0	231	347	3
2026-02-12	15:30:45.750	53.69	29.365	43.155	1.18096	0.019276	0.053924	0.147	0.7455	-0.2175	0	231	347	3
2026-02-12	15:30:45.770	17.36	24.78	32.83	1.225368	0.074176	0.042212	0.1515	0.7425	-0.2235	0	231	347	3
2026-02-12	15:30:45.790	-17.01	18.795	23.205	1.17852	0.023912	0.060756	0.156	0.7485	-0.2235	0	231	347	3
2026-02-12	15:30:45.810	-42.84	8.4	15.33	1.12606	0.033916	0.067588	0.159	0.7545	-0.2235	0	229	328	3
2026-02-12	15:30:45.830	-73.43	-8.225	0.245	1.153632	-0.056608	0.122732	0.1605	0.753	-0.228	0	229	328	3
2026-02-12	15:30:45.850	-78.365	-15.295	-9.24	1.158024	-0.122244	0.166896	0.1605	0.756	-0.216	0	229	328	3
2026-02-12	15:30:45.870	-65.205	-19.88	-16.275	1.09678	-0.171776	0.210328	0.162	0.7635	-0.2025	0	229	328	3
2026-02-12	15:30:45.890	-32.2	-22.12	-18.34	0.973804	-0.154696	0.228628	0.1545	0.7755	-0.198	0	229	328	3
2026-02-12	15:30:45.910	10.85	-23.87	-17.01	0.892552	-0.135176	0.249368	0.1455	0.777	-0.1875	0	229	328	3
2026-02-12	15:30:45.930	55.405	-23.52	-13.265	0.862296	-0.123708	0.279624	0.15	0.771	-0.183	0	229	328	3
2026-02-12	15:30:45.950	99.155	-19.565	-7.07	0.874008	-0.144204	0.282064	0.1515	0.768	-0.192	0	229	328	3
2026-02-12	15:30:45.970	135.835	-14.665	0.42	0.887428	-0.078812	0.264496	0.147	0.7635	-0.201	0	229	328	3
2026-02-12	15:30:45.990	149.45	-12.145	5.67	0.907436	0.05368	0.245952	0.1425	0.753	-0.204	0	229	328	3
2026-02-12	15:30:46.010	126.315	-10.815	3.185	0.93696	0.205448	0.226676	0.1425	0.744	-0.207	0	228	292	3
2026-02-12	15:30:46.030	85.54	-8.715	-4.06	0.981612	0.205692	0.235216	0.147	0.735	-0.2175	0	228	292	3
2026-02-12	15:30:46.050	34.37	-3.78	-10.99	0.999424	0.155428	0.262056	0.1425	0.7275	-0.222	0	228	292	3
2026-02-12	15:30:46.070	0.805	0.21	-12.565	0.986492	0.149084	0.277916	0.1365	0.714	-0.225	0	228	292	3
2026-02-12	15:30:46.090	-27.09	4.025	-13.23	0.963312	0.133224	0.289628	0.132	0.708	-0.2235	0	228	292	3
2026-02-12	15:30:46.110	-47.11	6.265	-13.475	0.97722	0.094428	0.294508	0.138	0.708	-0.228	0	228	292	3
2026-02-12	15:30:46.130	-60.9	7.21	-11.9	0.970144	0.078812	0.270108	0.141	0.714	-0.225	0	228	292	3
2026-02-12	15:30:46.150	-72.275	7.63	-9.38	0.947452	0.083936	0.2379	0.1365	0.7185	-0.216	0	228	292	3
2026-02-12	15:30:46.170	-80.325	5.845	-8.785	0.95404	0.072712	0.214476	0.1395	0.723	-0.2145	0	228	292	3
2026-02-12	15:30:46.190	-83.545	3.57	-11.13	0.976	0.0305	0.231068	0.144	0.726	-0.2145	0	228	292	3
2026-02-12	15:30:46.210	-78.295	2.66	-13.825	0.979904	-0.041724	0.255224	0.1455	0.7365	-0.207	0	226	268	3
2026-02-12	15:30:46.230	-67.375	1.54	-15.4	0.941596	-0.061	0.22692	0.141	0.7395	-0.201	0	226	268	3
2026-02-12	15:30:46.250	-47.705	-10.255	-17.43	0.938912	-0.20496	0.12932	0.1365	0.735	-0.1995	0	226	268	3
2026-02-12	15:30:46.270	21.7	-17.465	-16.8	1.011624	-0.396988	0.142984	0.135	0.7425	-0.192	0	226	268	3
2026-02-12	15:30:46.290	112.84	-21.315	-14.98	0.992836	-0.20008	0.170068	0.1305	0.75	-0.1875	0	226	268	3
2026-02-12	15:30:46.310	157.92	-26.985	-13.51	0.9516	-0.07076	0.20496	0.1275	0.7395	-0.195	0	226	268	3
2026-02-12	15:30:46.330	169.015	-32.655	-9.835	0.946476	-0.050264	0.261812	0.126	0.7245	-0.2025	0	226	268	3
2026-02-12	15:30:46.350	164.85	-36.225	-5.81	0.945012	-0.012444	0.3111	0.1245	0.7095	-0.21	0	226	268	3
2026-02-12	15:30:46.370	142.835	-38.08	-4.165	0.921344	0.018788	0.334524	0.1245	0.693	-0.2145	0	226	268	3
2026-02-12	15:30:46.390	108.115	-40.005	-2.59	0.894504	0.023424	0.33794	0.1185	0.6795	-0.2145	0	226	268	3
2026-02-12	15:30:46.410	66.535	-42.805	-2.17	0.897188	0.006588	0.349652	0.114	0.6675	-0.2115	0	223	257	2
2026-02-12	15:30:46.430	29.19	-43.68	-3.85	0.873032	-0.045872	0.370636	0.114	0.6645	-0.213	0	223	257	2
2026-02-12	15:30:46.450	3.43	-43.505	-5.32	0.776652	-0.120048	0.366	0.1125	0.666	-0.2175	0	223	257	2
2026-02-12	15:30:46.470	-9.415	-48.825	-7.7	0.661728	-0.214232	0.355752	0.1125	0.666	-0.2175	0	223	257	2
2026-02-12	15:30:46.490	-0.245	-51.835	-9.8	0.638792	-0.26596	0.391864	0.102	0.663	-0.204	0	223	257	2
2026-02-12	15:30:46.510	21.7	-53.445	-12.915	0.65758	-0.27938	0.410408	0.0885	0.66	-0.1905	0	223	257	2
2026-02-12	15:30:46.530	46.375	-52.605	-14.875	0.654408	-0.30012	0.439932	0.084	0.6615	-0.1815	0	223	257	2
2026-02-12	15:30:46.550	69.055	-49.7	-10.045	0.592188	-0.264984	0.415044	0.0825	0.6525	-0.174	0	223	257	2
2026-02-12	15:30:46.570	88.865	-52.605	-5.46	0.787388	-0.258396	0.413824	0.081	0.639	-0.171	0	223	257	2
2026-02-12	15:30:46.590	134.575	-50.785	-14.735	1.29076	-0.401868	0.671244	0.081	0.636	-0.1665	0	223	257	2
2026-02-12	15:30:46.610	200.2	-25.27	-22.575	1.57868	-0.454816	0.801296	0.078	0.627	-0.165	0	220	269	3
2026-02-12	15:30:46.630	230.755	3.465	-11.865	1.555744	-0.256688	0.636108	0.0705	0.612	-0.1635	0	220	269	3
2026-02-12	15:30:46.650	212.345	24.255	-7	1.464488	-0.182024	0.43676	0.0675	0.594	-0.1695	0	220	269	3
2026-02-12	15:30:46.670	167.265	44.205	-10.955	1.416176	-0.073688	0.393328	0.0675	0.582	-0.174	0	220	269	3
2026-02-12	15:30:46.690	96.04	60.76	-4.655	1.272216	0.01952	0.371124	0.069	0.5745	-0.1845	0	220	269	3
2026-02-12	15:30:46.710	24.325	66.78	8.4	1.112884	0.039284	0.371368	0.075	0.5625	-0.195	0	220	269	3
2026-02-12	15:30:46.730	-32.83	68.95	22.89	0.9699	0.012444	0.354288	0.081	0.552	-0.1995	0	220	269	3
2026-02-12	15:30:46.750	-72.485	65.275	34.965	0.8967	-0.005124	0.342088	0.09	0.5535	-0.21	0	220	269	3
2026-02-12	15:30:46.770	-106.4	59.465	45.395	0.902556	-0.09028	0.298656	0.099	0.5685	-0.216	0	220	269	3
2026-02-12	15:30:46.790	-125.51	52.43	55.58	0.941596	-0.165432	0.242048	0.102	0.5835	-0.2205	0	220	269	3
2026-02-12	15:30:46.810	-129.29	48.405	64.89	0.972584	-0.215208	0.17934	0.1125	0.603	-0.228	0	222	300	3
2026-02-12	15:30:46.830	-121.8	48.16	70.665	0.992104	-0.245464	0.123952	0.1185	0.627	-0.234	0	222	300	3
2026-02-12	15:30:46.850	-106.54	47.705	72.73	1.071648	-0.26108	0.093452	0.1215	0.639	-0.2355	0	222	300	3
2026-02-12	15:30:46.870	-90.055	50.785	73.045	1.069452	-0.26474	0.071004	0.132	0.6495	-0.234	0	222	300	3
2026-02-12	15:30:46.890	-60.55	54.005	73.395	1.009428	-0.249612	0.066856	0.1395	0.6615	-0.2355	0	222	300	3
2026-02-12	15:30:46.910	-37.66	55.37	72.905	1.012844	-0.25254	0.071492	0.1425	0.6765	-0.237	0	222	300	3
2026-02-12	15:30:46.930	-14.63	56.595	73.185	1.056276	-0.222528	0.082228	0.153	0.702	-0.243	0	222	300	3
2026-02-12	15:30:46.950	1.295	58.24	72.275	1.084336	-0.177876	0.10004	0.165	0.711	-0.2475	0	222	300	3
2026-02-12	15:30:46.970	5.81	59.85	70.7	1.0736	-0.149572	0.099064	0.18	0.717	-0.252	0	222	300	3
2026-02-12	15:30:46.990	5.425	58.73	68.495	1.119228	-0.119072	0.103212	0.195	0.723	-0.258	0	222	300	3
2026-02-12	15:30:47.010	-0.525	55.93	61.67	1.247572	-0.096868	0.130052	0.2025	0.726	-0.2655	0	227	305	3
2026-02-12	15:30:47.030	-16.94	57.225	54.215	1.192916	-0.095404	0.15006	0.2055	0.7335	-0.2685	0	227	305	3
2026-02-12	15:30:47.050	-35.105	55.65	47.005	1.146068	-0.098332	0.15372	0.2205	0.7395	-0.267	0	227	305	3
2026-02-12	15:30:47.070	-52.185	46.725	35.455	1.148508	-0.082228	0.1098	0.2325	0.747	-0.2715	0	227	305	3
2026-02-12	15:30:47.090	-71.155	35.21	20.755	1.081164	-0.094428	0.06734399	0.231	0.756	-0.2775	0	227	305	3
2026-02-12	15:30:47.110	-83.44	11.795	-2.205	0.957456	-0.144936	0.153232	0.231	0.756	-0.2775	0	227	305	3
2026-02-12	15:30:47.130	-68.705	1.085	-13.09	0.90036	-0.201056	0.261324	0.2385	0.7665	-0.2655	0	227	305	3
2026-02-12	15:30:47.150	-40.215	-4.795	-17.71	0.793976	-0.200812	0.305488	0.2445	0.7785	-0.2535	0	227	305	3
2026-02-12	15:30:47.170	-9.205	-12.11	-18.935	0.747128	-0.156404	0.300608	0.243	0.7845	-0.2535	0	227	305	3
2026-02-12	15:30:47.190	19.985	-19.39	-20.72	0.77104	-0.11834	0.313296	0.2385	0.7875	-0.252	0	227	305	3
2026-02-12	15:30:47.210	49.84	-21.91	-24.92	0.841556	-0.127612	0.347456	0.2325	0.78	-0.2505	0	230	283	3
2026-02-12	15:30:47.230	80.185	-19.985	-29.435	0.899628	-0.14518	0.337696	0.234	0.7695	-0.252	0	230	283	3
2026-02-12	15:30:47.250	102.165	-19.495	-32.515	0.948672	-0.128832	0.302316	0.234	0.7605	-0.2565	0	230	283	3
2026-02-12	15:30:47.270	108.92	-20.37	-36.085	0.984052	-0.085888	0.274988	0.2265	0.7545	-0.2595	0	230	283	3
2026-02-12	15:30:47.290	99.435	-20.825	-41.965	1.00284	-0.021228	0.294264	0.219	0.7425	-0.264	0	230	283	3
2026-02-12	15:30:47.310	78.435	-16.45	-49.175	0.998692	0.012688	0.38674	0.2145	0.732	-0.2685	0	230	283	3
2026-02-12	15:30:47.330	53.025	-9.45	-52.885	0.951112	0.039284	0.43432	0.2145	0.7155	-0.273	0	230	283	3
2026-02-12	15:30:47.350	27.195	-8.33	-51.485	0.904752	0.030988	0.416752	0.2115	0.696	-0.276	0	230	283	3
2026-02-12	15:30:47.370	2.45	-10.115	-47.95	0.862052	0.022936	0.391132	0.2055	0.6885	-0.276	0	230	283	3
2026-02-12	15:30:47.390	-17.395	-14.49	-45.255	0.8723	-0.015128	0.357216	0.201	0.6855	-0.2775	0	230	283	3
2026-02-12	15:30:47.410	-26.985	-17.045	-43.33	0.886696	-0.071492	0.349164	0.1995	0.684	-0.273	0	231	272	3
2026-02-12	15:30:47.430	-27.825	-17.815	-40.95	0.880352	-0.11468	0.363072	0.195	0.681	-0.2655	0	231	272	3
2026-02-12	15:30:47.450	-23.695	-18.235	-38.465	0.875228	-0.128832	0.360632	0.1875	0.6825	-0.2655	0	231	272	3
2026-02-12	15:30:47.470	-18.27	-19.145	-37.415	0.881816	-0.144936	0.352336	0.1845	0.687	-0.2655	0	231	272	3
2026-02-12	15:30:47.490	-12.88	-20.23	-37.765	0.886696	-0.151524	0.35136	0.183	0.6795	-0.261	0	231	272	3
2026-02-12	15:30:47.510	-8.82	-21.665	-38.535	0.910852	-0.164456	0.377712	0.1785	0.6735	-0.2595	0	231	272	3
2026-02-12	15:30:47.530	10.64	-0.49	-34.895	0.883768	-0.236924	0.439688	0.177	0.6675	-0.2595	0	231	272	3
2026-02-12	15:30:47.550	40.39	-2.695	-31.36	0.885232	-0.212036	0.380396	0.174	0.6645	-0.258	0	231	272	3
2026-02-12	15:30:47.570	63.49	-7.77	-28.035	0.887184	-0.11224	0.368928	0.1695	0.6555	-0.2565	0	231	272	3
2026-02-12	15:30:47.590	62.37	-15.085	-28.91	0.915976	-0.06588	0.3965	0.171	0.651	-0.261	0	231	272	3
2026-02-12	15:30:47.610	46.725	-21.07	-30.555	0.921344	-0.084668	0.441152	0.1665	0.645	-0.2655	0	229	284	3
2026-02-12	15:30:47.630	27.51	-26.18	-30.135	0.916708	-0.090036	0.478484	0.159	0.636	-0.264	0	229	284	3
2026-02-12	15:30:47.650	6.615	-31.01	-29.505	0.9028	-0.082716	0.5002	0.156	0.6285	-0.261	0	229	284	3
2026-02-12	15:30:47.670	-14.455	-36.155	-29.785	0.879864	-0.105408	0.493124	0.1515	0.618	-0.2535	0	229	284	3
2026-02-12	15:30:47.690	-30.52	-42.28	-29.785	0.858636	-0.14762	0.493856	0.147	0.618	-0.249	0	229	284	3
2026-02-12	15:30:47.710	-38.43	-42.35	-27.65	0.836676	-0.210084	0.517768	0.1455	0.621	-0.2505	0	229	284	3
2026-02-12	15:30:47.730	-31.465	-36.995	-25.095	0.821548	-0.238632	0.538752	0.1455	0.618	-0.252	0	229	284	3
2026-02-12	15:30:47.750	-14.525	-24.605	-21.525	0.733952	-0.216916	0.507032	0.1455	0.618	-0.252	0	229	284	3
2026-02-12	15:30:47.770	-12.04	-20.44	-20.37	0.681248	-0.201056	0.468724	0.1395	0.615	-0.24	0	229	284	3
2026-02-12	15:30:47.790	-17.045	-18.655	-19.635	0.64904	-0.204716	0.430904	0.135	0.6165	-0.2325	0	229	284	3
2026-02-12	15:30:47.810	-23.765	-18.445	-18.725	0.633668	-0.199104	0.416752	0.1335	0.6225	-0.228	0	223	316	3
2026-02-12	15:30:47.830	-31.465	-19.145	-15.295	0.610732	-0.216672	0.396988	0.129	0.621	-0.2235	0	223	316	3
2026-02-12	15:30:47.850	-40.25	-24.43	-9.065	0.642452	-0.226188	0.34282	0.1275	0.615	-0.2205	0	223	316	3
2026-02-12	15:30:47.870	-39.55	-35.77	-7.7	0.88694	-0.317444	0.413092	0.126	0.6165	-0.213	0	223	316	3
2026-02-12	15:30:47.890	-11.305	-39.48	-10.15	1.18462	-0.452376	0.61488	0.1215	0.6225	-0.2085	0	223	316	3
2026-02-12	15:30:47.910	37.205	-29.225	-5.215	1.489376	-0.485072	0.751276	0.1185	0.624	-0.201	0	223	316	3
2026-02-12	15:30:47.930	62.685	-8.925	10.57	1.404708	-0.325496	0.6039	0.1185	0.6195	-0.1965	0	223	316	3
2026-02-12	15:30:47.950	53.83	9.31	28.14	1.291248	-0.264496	0.368684	0.123	0.615	-0.1995	0	223	316	3
2026-02-12	15:30:47.970	51.59	16.8	38.92	1.3298	-0.250588	0.332816	0.1245	0.612	-0.204	0	223	316	3
2026-02-12	15:30:47.990	52.36	21	46.305	1.33102	-0.2379	0.371856	0.123	0.6105	-0.204	0	223	316	3
2026-02-12	15:30:48.010	46.165	24.395	54.565	1.286612	-0.215208	0.378444	0.1215	0.6105	-0.207	0	219	354	3
2026-02-12	15:30:48.030	32.515	26.285	62.125	1.192428	-0.178608	0.35258	0.129	0.6135	-0.219	0	219	354	3
2026-02-12	15:30:48.050	12.635	26.53	69.545	1.039684	-0.158112	0.310856	0.1335	0.621	-0.2205	0	219	354	3
2026-02-12	15:30:48.070	-9.345	24.29	76.65	0.922808	-0.167628	0.283284	0.1395	0.627	-0.219	0	219	354	3
2026-02-12	15:30:48.090	-22.61	21.105	82.985	0.904996	-0.181536	0.271328	0.1425	0.633	-0.2235	0	219	354	3
2026-02-12	15:30:48.110	-26.985	18.165	87.745	0.93574	-0.16958	0.238388	0.1455	0.645	-0.225	0	219	354	3
2026-02-12	15:30:48.130	-33.775	16.695	91.315	0.88694	-0.162992	0.183	0.156	0.657	-0.222	0	219	354	3
2026-02-12	15:30:48.150	-39.06	15.225	91.595	0.880108	-0.181292	0.138836	0.1605	0.663	-0.2205	0	219	354	3
2026-02-12	15:30:48.170	-38.185	12.845	86.555	0.908656	-0.203984	0.100284	0.1635	0.678	-0.225	0	219	354	3
2026-02-12	15:30:48.190	-34.405	12.635	81.165	0.902556	-0.20496	0.088084	0.1695	0.6885	-0.2235	0	219	354	3
2026-02-12	15:30:48.210	-26.005	13.16	73.43	0.914024	-0.221552	0.088328	0.1785	0.702	-0.2235	0	219	368	3
2026-02-12	15:30:48.230	-10.745	15.015	63.175	0.981612	-0.253516	0.100284	0.1815	0.7065	-0.2235	0	219	368	3
2026-02-12	15:30:48.250	9.24	18.725	51.345	1.058472	-0.266204	0.115168	0.186	0.7095	-0.222	0	219	368	3
2026-02-12	15:30:48.270	29.61	23.38	39.41	1.142652	-0.267668	0.130296	0.195	0.7185	-0.2205	0	219	368	3
2026-02-12	15:30:48.290	43.82	27.51	31.64	1.167784	-0.230336	0.130784	0.1995	0.72	-0.225	0	219	368	3
2026-02-12	15:30:48.310	48.3	28.98	26.25	1.166076	-0.170312	0.11346	0.2025	0.7125	-0.2295	0	219	368	3
2026-02-12	15:30:48.330	43.96	26.845	19.145	1.192428	-0.131516	0.09028	0.2085	0.7125	-0.234	0	219	368	3
2026-02-12	15:30:48.350	33.25	21.875	10.29	1.177788	-0.131516	0.104676	0.2115	0.7095	-0.2385	0	219	368	3
2026-02-12	15:30:48.370	24.5	14.245	2.66	1.177544	-0.154696	0.156892	0.2145	0.705	-0.24	0	219	368	3
2026-02-12	15:30:48.390	16.345	3.22	-8.54	1.20536	-0.169092	0.221064	0.2145	0.705	-0.24	0	219	368	3
2026-02-12	15:30:48.410	13.02	-1.33	-14.84	1.117764	-0.20008	0.25498	0.2115	0.7005	-0.243	0	221	343	3
2026-02-12	15:30:48.430	16.135	-6.37	-18.2	1.001132	-0.234484	0.278648	0.2085	0.693	-0.2475	0	221	343	3
2026-02-12	15:30:48.450	29.82	-10.08	-17.675	0.897676	-0.265716	0.314028	0.2055	0.693	-0.2475	0	221	343	3
2026-02-12	15:30:48.470	55.055	-9.31	-13.02	0.82106	-0.279624	0.36356	0.2025	0.693	-0.2505	0	221	343	3
2026-02-12	15:30:48.490	84.315	-6.79	-5.81	0.778604	-0.233996	0.366488	0.2025	0.684	-0.2505	0	221	343	3
2026-02-12	15:30:48.510	104.125	-6.055	0.245	0.77958	-0.144204	0.32208	0.2025	0.672	-0.2535	0	221	343	3
2026-02-12	15:30:48.530	107.1	-6.58	3.99	0.792756	-0.071736	0.266936	0.1995	0.6615	-0.258	0	221	343	3
2026-02-12	15:30:48.550	95.34	-8.12	4.655	0.847656	-0.033184	0.271328	0.195	0.6525	-0.2595	0	221	343	3
2026-02-12	15:30:48.570	76.335	-6.93	2.345	0.901092	-0.004392	0.292068	0.1935	0.648	-0.2625	0	221	343	3
2026-02-12	15:30:48.590	40.145	-7	-4.2	0.922564	0.061	0.291092	0.201	0.648	-0.2685	0	221	343	3
2026-02-12	15:30:48.610	-4.62	-6.09	-12.985	0.935984	0.034404	0.293532	0.1965	0.6405	-0.2685	0	222	312	3
2026-02-12	15:30:48.630	-28.28	-5.32	-18.97	0.92598	-0.01342	0.331108	0.192	0.636	-0.267	0	222	312	3
2026-02-12	15:30:48.650	-40.67	-4.375	-23.52	0.911096	-0.06734399	0.3721	0.1875	0.639	-0.2625	0	222	312	3
2026-02-12	15:30:48.670	-44.695	-3.255	-26.635	0.904996	-0.116876	0.389668	0.186	0.636	-0.2625	0	222	312	3
2026-02-12	15:30:48.690	-41.895	-1.505	-27.51	0.878888	-0.143716	0.384544	0.189	0.6315	-0.2625	0	222	312	3
2026-02-12	15:30:48.710	-35.7	-0.21	-26.775	0.858148	-0.151524	0.355508	0.1875	0.636	-0.261	0	222	312	3
2026-02-12	15:30:48.730	-27.65	0.14	-25.76	0.870104	-0.140788	0.32818	0.1875	0.639	-0.261	0	222	312	3
2026-02-12	15:30:48.750	-20.65	-0.14	-25.375	0.884988	-0.122732	0.310856	0.1875	0.636	-0.2595	0	222	312	3
2026-02-12	15:30:48.770	-17.745	-0.77	-25.795	0.903044	-0.121024	0.308904	0.1845	0.6345	-0.2535	0	222	312	3
2026-02-12	15:30:48.790	-15.75	-2.065	-26.355	0.91744	-0.129564	0.324764	0.1815	0.6345	-0.2505	0	222	312	3
2026-02-12	15:30:48.810	-11.06	-4.655	-27.055	0.909388	-0.125904	0.36234	0.18	0.6375	-0.252	0	221	300	3
2026-02-12	15:30:48.830	-10.745	-6.895	-28.49	0.91744	-0.124684	0.36844	0.18	0.6345	-0.252	0	221	300	3
2026-02-12	15:30:48.850	-10.92	-9.345	-30.59	0.953064	-0.145912	0.379176	0.1845	0.63	-0.255	0	221	300	3
2026-02-12	15:30:48.870	-9.135	-11.585	-32.41	1.024312	-0.161284	0.386984	0.1845	0.627	-0.2535	0	221	300	3
2026-02-12	15:30:48.890	-9.24	-12.145	-33.04	1.061888	-0.134932	0.37942	0.1785	0.627	-0.252	0	221	300	3
2026-02-12	15:30:48.910	-18.865	-11.655	-32.69	1.0309	-0.107604	0.356484	0.1725	0.6255	-0.2475	0	221	300	3
2026-02-12	15:30:48.930	-32.34	-12.46	-31.99	0.953064	-0.129076	0.356728	0.168	0.6195	-0.2475	0	221	300	3
2026-02-12	15:30:48.950	-39.76	-15.4	-29.715	0.870592	-0.193736	0.38308	0.171	0.618	-0.246	0	221	300	3
2026-02-12	15:30:48.970	-42.56	-20.44	-26.075	0.801296	-0.218136	0.399184	0.177	0.621	-0.2415	0	221	300	3
2026-02-12	15:30:48.990	-48.37	-27.09	-23.975	0.76982	-0.240096	0.423096	0.1695	0.621	-0.243	0	221	300	3
2026-02-12	15:30:49.010	-59.15	-32.69	-24.045	0.695888	-0.277672	0.456524	0.162	0.6195	-0.2415	0	217	309	3
2026-02-12	15:30:49.030	-60.83	-34.825	-24.745	0.558272	-0.345992	0.491416	0.162	0.6195	-0.2415	0	217	309	3
2026-02-12	15:30:49.050	-43.33	-34.58	-26.915	0.508496	-0.463112	0.5063	0.1575	0.6255	-0.231	0	217	309	3
2026-02-12	15:30:49.070	-12.25	-31.535	-25.83	0.488732	-0.544852	0.503128	0.144	0.633	-0.219	0	217	309	3
2026-02-12	15:30:49.090	13.615	-28.35	-20.37	0.449448	-0.550464	0.460428	0.147	0.633	-0.219	0	217	309	3
2026-02-12	15:30:49.110	31.395	-26.32	-12.46	0.413336	-0.50386	0.40382	0.1515	0.6285	-0.2205	0	217	309	3
2026-02-12	15:30:49.130	46.34	-27.65	-5.25	0.456524	-0.473116	0.330864	0.1425	0.6255	-0.213	0	217	309	3
2026-02-12	15:30:49.150	66.955	-35.385	-5.705	0.73688	-0.525332	0.3477	0.138	0.621	-0.213	0	217	309	3
2026-02-12	15:30:49.170	104.51	-36.715	-14.805	1.12362	-0.67588	0.567544	0.1335	0.612	-0.2085	0	217	309	3
2026-02-12	15:30:49.190	148.61	-24.08	-17.5	1.42862	-0.700524	0.711748	0.1305	0.597	-0.201	0	217	309	3
2026-02-12	15:30:49.210	172.725	-3.78	-10.955	1.57258	-0.58682	0.638304	0.1305	0.588	-0.201	0	215	334	3
2026-02-12	15:30:49.230	163.1	20.125	-1.715	1.49816	-0.458964	0.421388	0.123	0.5775	-0.2025	0	215	334	3
2026-02-12	15:30:49.250	132.895	37.45	5.04	1.407148	-0.35258	0.377712	0.129	0.5625	-0.204	0	215	334	3
2026-02-12	15:30:49.270	98.455	46.9	15.435	1.32248	-0.331596	0.399916	0.132	0.5385	-0.2085	0	215	334	3
2026-02-12	15:30:49.290	64.435	51.765	30.59	1.208044	-0.287676	0.400404	0.129	0.531	-0.2145	0	215	334	3
2026-02-12	15:30:49.310	32.48	51.415	47.67	1.098732	-0.213012	0.38064	0.1305	0.534	-0.219	0	215	334	3
2026-02-12	15:30:49.330	-2.87	49.945	63.77	1.000888	-0.192028	0.335744	0.1335	0.537	-0.2205	0	215	334	3
2026-02-12	15:30:49.350	-35.14	45.22	78.4	0.914024	-0.18422	0.288896	0.1335	0.5385	-0.228	0	215	334	3
2026-02-12	15:30:49.370	-61.775	36.05	91.07	0.877424	-0.2074	0.248392	0.141	0.5475	-0.237	0	215	334	3
2026-02-12	15:30:49.390	-73.92	26.6	101.465	0.88938	-0.247416	0.21716	0.147	0.564	-0.237	0	215	334	3
2026-02-12	15:30:49.410	-68.04	20.125	107.555	0.959408	-0.276208	0.211792	0.1425	0.579	-0.234	0	220	359	3
2026-02-12	15:30:49.430	-52.045	17.115	109.025	0.992104	-0.284504	0.206424	0.141	0.5835	-0.234	0	220	359	3
2026-02-12	15:30:49.450	-19.67	16.415	105	0.962824	-0.308904	0.198372	0.15	0.6045	-0.2475	0	220	359	3
2026-02-12	15:30:49.470	7.84	17.675	98.42	0.929396	-0.315248	0.190808	0.153	0.618	-0.243	0	220	359	3
2026-02-12	15:30:49.490	35.735	19.565	88.55	0.921344	-0.304024	0.17812	0.1545	0.6375	-0.2415	0	220	359	3
2026-02-12	15:30:49.510	59.5	21.315	75.11	0.996496	-0.274256	0.19276	0.15	0.648	-0.249	0	220	359	3
2026-02-12	15:30:49.530	73.29	26.39	61.88	1.039196	-0.243024	0.2013	0.1515	0.651	-0.2535	0	220	359	3
2026-02-12	15:30:49.550	75.915	31.885	52.57	1.035536	-0.150548	0.166652	0.1575	0.6465	-0.255	0	220	359	3
2026-02-12	15:30:49.570	61.705	32.76	45.395	0.998204	-0.063928	0.119072	0.1605	0.645	-0.264	0	220	359	3
2026-02-12	15:30:49.590	34.02	28.21	37.94	0.962092	-0.028304	0.101992	0.1665	0.6495	-0.273	0	220	359	3
2026-02-12	15:30:49.610	4.2	19.565	28.945	0.952088	-0.034404	0.13176	0.171	0.651	-0.2775	0	227	356	3
2026-02-12	15:30:49.630	-22.33	9.38	19.25	0.906948	-0.064172	0.190808	0.174	0.6495	-0.279	0	227	356	3
2026-02-12	15:30:49.650	-37.31	-2.59	8.715	0.896212	-0.116876	0.229604	0.177	0.6525	-0.279	0	227	356	3
2026-02-12	15:30:49.670	-29.995	-22.19	-11.83	0.947208	-0.206424	0.299632	0.177	0.6525	-0.279	0	227	356	3
2026-02-12	15:30:49.690	-6.93	-35.14	-29.33	1.003572	-0.264496	0.331108	0.1695	0.6615	-0.2745	0	227	356	3
2026-02-12	15:30:49.710	24.745	-46.725	-45.57	1.048712	-0.32086	0.374784	0.159	0.6675	-0.2685	0	227	356	3
2026-02-12	15:30:49.730	59.115	-51.975	-53.795	1.090192	-0.356972	0.486536	0.15	0.66	-0.2655	0	227	356	3
2026-02-12	15:30:49.750	98.595	-45.465	-51.905	1.023824	-0.324764	0.5429	0.144	0.6495	-0.2625	0	227	356	3
2026-02-12	15:30:49.770	130.795	-35.28	-43.54	0.91378	-0.180804	0.495564	0.1425	0.636	-0.2595	0	227	356	3
2026-02-12	15:30:49.790	138.04	-28.525	-34.825	0.848632	-0.072712	0.39528	0.138	0.621	-0.258	0	227	356	3
2026-02-12	15:30:49.810	122.71	-26.565	-30.03	0.862296	0.006588	0.314028	0.1275	0.6045	-0.261	0	233	337	3
2026-02-12	15:30:49.830	90.475	-26.11	-29.575	0.948916	0.03294	0.29524	0.123	0.588	-0.2595	0	233	337	3
2026-02-12	15:30:49.850	52.01	-20.685	-30.835	0.983564	0.061976	0.306464	0.1245	0.5805	-0.2565	0	233	337	3
2026-02-12	15:30:49.870	-3.15	-13.02	-33.95	0.992104	0.069784	0.294996	0.114	0.567	-0.255	0	233	337	3
2026-02-12	15:30:49.890	-57.505	-5.145	-37.87	0.99064	0.05124	0.29158	0.1155	0.564	-0.2535	0	233	337	3
2026-02-12	15:30:49.910	-97.335	-0.63	-41.93	0.978684	0.07808	0.28304	0.1125	0.5625	-0.255	0	233	337	3
2026-02-12	15:30:49.930	-140.175	0.945	-47.67	0.969412	0.0854	0.252052	0.1065	0.564	-0.2565	0	233	337	3
2026-02-12	15:30:49.950	-178.955	2.065	-52.255	0.972096	0.042456	0.22692	0.108	0.573	-0.2535	0	233	337	3
2026-02-12	15:30:49.970	-205.24	6.195	-52.955	0.956724	-0.042212	0.221308	0.111	0.5865	-0.252	0	233	337	3
2026-02-12	15:30:49.990	-212.695	10.85	-51.1	0.937936	-0.125416	0.230824	0.114	0.594	-0.249	0	233	337	3
2026-02-12	15:30:50.010	-198.03	15.75	-47.915	0.941108	-0.21228	0.232044	0.1155	0.597	-0.243	0	235	325	3
2026-02-12	15:30:50.030	-175.315	17.85	-46.305	0.958676	-0.260104	0.234972	0.1185	0.615	-0.2415	0	235	325	3
2026-02-12	15:30:50.050	-133.385	19.95	-43.89	0.969412	-0.305732	0.23668	0.1185	0.6375	-0.2445	0	235	325	3
2026-02-12	15:30:50.070	-81.9	20.685	-41.3	0.944768	-0.288408	0.236924	0.117	0.6435	-0.249	0	235	325	3
2026-02-12	15:30:50.090	-15.435	17.815	-41.335	0.906948	-0.261812	0.25742	0.108	0.645	-0.2445	0	235	325	3
2026-02-12	15:30:50.110	18.165	14.14	-42.63	0.886452	-0.249612	0.302072	0.111	0.6435	-0.243	0	235	325	3
2026-02-12	15:30:50.130	31.815	8.12	-43.505	0.883036	-0.206912	0.33672	0.117	0.6345	-0.2475	0	235	325	3
2026-02-12	15:30:50.150	23.87	0.105	-45.885	0.87108	-0.15494	0.342576	0.1215	0.63	-0.2505	0	235	325	3
2026-02-12	15:30:50.170	4.69	-8.225	-49.7	0.835212	-0.136396	0.343552	0.12	0.627	-0.249	0	235	325	3
2026-02-12	15:30:50.190	-15.435	-17.08	-54.95	0.812764	-0.1647	0.356972	0.114	0.618	-0.2475	0	235	325	3
2026-02-12	15:30:50.210	-28.7	-24.92	-60.62	0.828868	-0.246196	0.412848	0.108	0.609	-0.2445	0	235	316	3
2026-02-12	15:30:50.230	-33.95	-28.49	-64.365	0.838628	-0.328668	0.472872	0.108	0.6	-0.2415	0	235	316	3
2026-02-12	15:30:50.250	-32.97	-28.42	-65.695	0.823012	-0.365268	0.490928	0.111	0.597	-0.237	0	235	316	3
2026-02-12	15:30:50.270	-28.875	-26.285	-63.98	0.773236	-0.3782	0.473848	0.111	0.5985	-0.2355	0	235	316	3
2026-02-12	15:30:50.290	-21.21	-24.64	-56.035	0.708576	-0.406748	0.45018	0.0915	0.5895	-0.2355	0	235	316	3
2026-02-12	15:30:50.310	-13.79	-23.835	-43.925	0.660996	-0.413092	0.45384	0.0915	0.5895	-0.2355	0	235	316	3
2026-02-12	15:30:50.330	-11.34	-22.995	-31.605	0.636596	-0.406016	0.451888	0.09	0.582	-0.228	0	235	316	3
2026-02-12	15:30:50.350	-10.08	-22.785	-18.445	0.673684	-0.404308	0.43798	0.087	0.576	-0.222	0	235	316	3
2026-02-12	15:30:50.370	-3.605	-24.745	-4.725	0.74176	-0.41602	0.40626	0.0825	0.579	-0.222	0	235	316	3
2026-02-12	15:30:50.390	9.065	-30.485	8.435	0.85766	-0.454084	0.378932	0.0795	0.576	-0.219	0	235	316	3
2026-02-12	15:30:50.410	34.44	-36.645	15.925	1.077748	-0.559004	0.44774	0.078	0.573	-0.216	0	233	325	2
2026-02-12	15:30:50.430	74.34	-36.33	18.76	1.319796	-0.614148	0.5612	0.0735	0.573	-0.2085	0	233	325	2
2026-02-12	15:30:50.450	113.925	-26.845	22.4	1.448384	-0.583404	0.615368	0.069	0.5685	-0.204	0	233	325	2
2026-02-12	15:30:50.470	134.225	-15.05	25.865	1.503528	-0.535336	0.525088	0.063	0.5595	-0.2025	0	233	325	2
2026-02-12	15:30:50.490	146.265	-3.675	22.68	1.518656	-0.449692	0.44164	0.0585	0.5535	-0.201	0	233	325	2
2026-02-12	15:30:50.510	131.915	15.05	22.435	1.372256	-0.375272	0.373808	0.063	0.5475	-0.2055	0	233	325	2
2026-02-12	15:30:50.530	93.59	31.36	29.435	1.159244	-0.281088	0.307928	0.06	0.54	-0.204	0	233	325	2
2026-02-12	15:30:50.550	49.665	38.535	40.95	0.972096	-0.21106	0.258396	0.0585	0.537	-0.204	0	233	325	2
2026-02-12	15:30:50.570	4.165	39.095	55.685	0.806176	-0.168116	0.232532	0.057	0.5445	-0.2115	0	233	325	2
2026-02-12	15:30:50.590	-29.365	35.07	70.385	0.709064	-0.181292	0.21472	0.06	0.5475	-0.219	0	233	325	2
2026-02-12	15:30:50.610	-47.81	26.705	82.32	0.71614	-0.211304	0.216428	0.0675	0.5565	-0.2265	0	233	344	3
2026-02-12	15:30:50.630	-53.165	18.2	90.895	0.84668	-0.235948	0.223016	0.069	0.5745	-0.2325	0	233	344	3
2026-02-12	15:30:50.650	-53.445	14.525	97.195	0.900848	-0.231068	0.205204	0.072	0.594	-0.231	0	233	344	3
2026-02-12	15:30:50.670	-50.925	12.075	99.295	0.9394	-0.251076	0.180316	0.075	0.612	-0.2295	0	233	344	3
2026-02-12	15:30:50.690	-39.165	11.445	96.6	1.030656	-0.285236	0.184708	0.075	0.618	-0.2295	0	233	344	3
2026-02-12	15:30:50.710	-18.585	15.645	92.995	1.067256	-0.310856	0.216916	0.0735	0.642	-0.2235	0	233	344	3
2026-02-12	15:30:50.730	14.91	25.13	88.935	1.047492	-0.2379	0.191784	0.087	0.657	-0.2355	0	233	344	3
2026-02-12	15:30:50.750	27.475	29.645	81.375	1.069208	-0.193248	0.160064	0.09	0.666	-0.24	0	233	344	3
2026-02-12	15:30:50.770	33.67	31.64	71.785	1.128012	-0.168848	0.10736	0.0975	0.684	-0.2445	0	233	344	3
2026-02-12	15:30:50.790	34.37	29.05	61.775	1.195112	-0.128832	0.084424	0.108	0.696	-0.2475	0	233	344	3
2026-02-12	15:30:50.810	26.53	24.43	49.175	1.225368	-0.113704	0.103212	0.114	0.7005	-0.2595	0	236	342	3
2026-02-12	15:30:50.830	15.015	21.525	37.38	1.138748	-0.139568	0.167384	0.117	0.7035	-0.27	0	236	342	3
2026-02-12	15:30:50.850	10.57	17.85	26.67	1.097268	-0.16592	0.249856	0.1245	0.7065	-0.2655	0	236	342	3
2026-02-12	15:30:50.870	10.185	16.52	18.375	1.040904	-0.151036	0.264252	0.126	0.711	-0.261	0	236	342	3
2026-02-12	15:30:50.890	5.565	12.53	8.82	1.038464	-0.118828	0.231312	0.1275	0.7095	-0.2685	0	236	342	3
2026-02-12	15:30:50.910	-2.1	6.79	-2.31	0.988688	-0.139324	0.195688	0.132	0.705	-0.273	0	236	342	3
2026-02-12	15:30:50.930	0.385	0.105	-10.465	0.939888	-0.166408	0.205448	0.1395	0.714	-0.273	0	236	342	3
2026-02-12	15:30:50.950	16.8	-6.615	-15.75	0.930616	-0.144936	0.266936	0.1395	0.714	-0.273	0	236	342	3
2026-02-12	15:30:50.970	26.145	-7	-17.01	0.914512	-0.08686399	0.28304	0.132	0.711	-0.27	0	236	342	3
2026-02-12	15:30:50.990	31.535	-6.23	-18.935	0.909388	-0.039528	0.287676	0.1245	0.7035	-0.27	0	236	342	3
2026-02-12	15:30:51.010	30.66	-4.27	-22.015	0.913292	-0.030256	0.283772	0.123	0.693	-0.2745	0	238	319	3
2026-02-12	15:30:51.030	18.515	-2.38	-26.705	0.915732	-0.016592	0.261568	0.1215	0.693	-0.279	0	238	319	3
2026-02-12	15:30:51.050	-4.41	-1.12	-33.775	0.95038	-0.026596	0.258152	0.1215	0.69	-0.279	0	238	319	3
2026-02-12	15:30:51.070	-27.23	2.275	-42.315	0.969656	-0.061732	0.252784	0.123	0.681	-0.2745	0	238	319	3
2026-02-12	15:30:51.090	-42.28	5.985	-50.26	0.968192	-0.07686	0.244976	0.12	0.6795	-0.273	0	238	319	3
2026-02-12	15:30:51.110	-49.525	8.365	-55.895	0.969412	-0.09076799	0.242536	0.12	0.6795	-0.2715	0	238	319	3
2026-02-12	15:30:51.130	-52.36	9.87	-58.415	0.972584	-0.121268	0.240096	0.123	0.6795	-0.27	0	238	319	3
2026-02-12	15:30:51.150	-52.045	9.345	-59.43	0.962092	-0.134688	0.24766	0.1155	0.6765	-0.273	0	238	319	3
2026-02-12	15:30:51.170	-50.785	6.755	-59.955	0.968924	-0.136396	0.278404	0.1185	0.6735	-0.267	0	238	319	3
2026-02-12	15:30:51.190	-49.315	4.725	-60.515	0.982832	-0.136396	0.292312	0.1155	0.6735	-0.264	0	238	319	3
2026-02-12	15:30:51.210	-49.035	3.01	-61.88	0.973072	-0.142984	0.28426	0.1095	0.6795	-0.27	0	236	297	3
2026-02-12	15:30:51.230	-49.875	1.645	-63.63	0.94794	-0.156404	0.270108	0.1065	0.675	-0.2715	0	236	297	3
2026-02-12	15:30:51.250	-49.175	-0.105	-65.275	0.93696	-0.161528	0.266204	0.1035	0.669	-0.267	0	236	297	3
2026-02-12	15:30:51.270	-47.39	-2.065	-66.92	0.94062	-0.156892	0.271328	0.105	0.666	-0.2655	0	236	297	3
2026-02-12	15:30:51.290	-46.2	-3.885	-68.915	0.945988	-0.151768	0.285968	0.1035	0.6615	-0.2655	0	236	297	3
2026-02-12	15:30:51.310	-47.11	-5.74	-72.625	0.938668	-0.140788	0.299388	0.0975	0.657	-0.267	0	236	297	3
2026-02-12	15:30:51.330	-50.155	-7.63	-77.98	0.958676	-0.157624	0.319152	0.0945	0.6555	-0.2685	0	236	297	3
2026-02-12	15:30:51.350	-49.105	-9.135	-82.11	1.00772	-0.182268	0.35258	0.096	0.6525	-0.255	0	236	297	3
2026-02-12	15:30:51.370	-48.685	-10.325	-83.895	0.9577	-0.155916	0.355996	0.0915	0.642	-0.252	0	236	297	3
2026-02-12	15:30:51.390	-58.415	-13.58	-84.35	0.908168	-0.159332	0.345016	0.087	0.633	-0.252	0	236	297	3
2026-02-12	15:30:51.410	-67.935	-17.99	-83.58	0.866444	-0.189344	0.363804	0.0765	0.621	-0.2475	0	229	287	3
2026-02-12	15:30:51.430	-76.09	-22.085	-81.34	0.8357	-0.236436	0.401624	0.072	0.6195	-0.243	0	229	287	3
2026-02-12	15:30:51.450	-80.85	-24.22	-78.54	0.799588	-0.28426	0.414312	0.072	0.618	-0.2415	0	229	287	3
2026-02-12	15:30:51.470	-81.655	-26.705	-75.81	0.747128	-0.302804	0.37454	0.0675	0.615	-0.2355	0	229	287	3
2026-02-12	15:30:51.490	-84.49	-30.38	-74.2	0.671732	-0.308904	0.314516	0.0585	0.6135	-0.228	0	229	287	3
2026-02-12	15:30:51.510	-78.925	-30.205	-74.55	0.639768	-0.268644	0.352092	0.0525	0.612	-0.225	0	229	287	3
2026-02-12	15:30:51.530	-71.47	-24.395	-79.03	0.593164	-0.254248	0.329156	0.051	0.6105	-0.2175	0	229	287	3
2026-02-12	15:30:51.550	-87.08	-24.535	-81.375	0.5734	-0.373076	0.234972	0.0495	0.6105	-0.2115	0	229	287	3
2026-02-12	15:30:51.570	-79.59	-26.565	-80.325	0.682224	-0.547048	0.217892	0.0495	0.5985	-0.207	0	229	287	3
2026-02-12	15:30:51.590	-12.075	-24.5	-71.89	0.89792	-0.794464	0.431148	0.045	0.5925	-0.204	0	229	287	3
2026-02-12	15:30:51.610	76.72	-17.08	-52.115	1.055056	-0.813984	0.5124	0.039	0.5865	-0.2025	0	220	294	2
2026-02-12	15:30:51.630	167.265	-8.155	-24.325	1.291004	-0.786412	0.567056	0.036	0.5745	-0.2025	0	220	294	2
2026-02-12	15:30:51.650	234.15	3.255	8.575	1.533052	-0.63074	0.551928	0.0345	0.558	-0.1995	0	220	294	2
2026-02-12	15:30:51.670	251.02	18.935	40.95	1.639436	-0.339404	0.42334	0.0345	0.5445	-0.198	0	220	294	2
2026-02-12	15:30:51.690	217.175	34.44	62.44	1.701412	-0.092964	0.306464	0.036	0.5295	-0.204	0	220	294	2
2026-02-12	15:30:51.710	147.875	46.13	73.64	1.64944	-0.01586	0.280112	0.0405	0.5235	-0.21	0	220	294	2
2026-02-12	15:30:51.730	66.78	50.47	84.315	1.46644	-0.01464	0.293776	0.045	0.525	-0.2145	0	220	294	2
2026-02-12	15:30:51.750	-3.36	50.435	96.95	1.23098	-0.05246	0.307196	0.045	0.525	-0.2175	0	220	294	2
2026-02-12	15:30:51.770	-53.725	47.25	111.37	1.027484	-0.056852	0.336232	0.0525	0.537	-0.222	0	220	294	2
2026-02-12	15:30:51.790	-92.085	37.8	128.835	0.903776	-0.109556	0.344284	0.051	0.555	-0.225	0	220	294	2
2026-02-12	15:30:51.810	-106.575	26.18	145.04	0.85644	-0.18422	0.304756	0.0615	0.579	-0.2325	0	219	310	3
2026-02-12	15:30:51.830	-98.175	17.325	156.45	0.854	-0.240096	0.244	0.072	0.6195	-0.2355	0	219	310	3
2026-02-12	15:30:51.850	-76.3	7.945	164.115	0.875716	-0.255224	0.184952	0.0705	0.6525	-0.231	0	219	310	3
2026-02-12	15:30:51.870	-49	0.315	166.32	0.910364	-0.257664	0.15006	0.075	0.6795	-0.231	0	219	310	3
2026-02-12	15:30:51.890	-18.795	-4.095	162.75	0.980148	-0.263764	0.132004	0.09	0.702	-0.2295	0	219	310	3
2026-02-12	15:30:51.910	11.48	-3.955	155.155	1.015284	-0.25132	0.133224	0.099	0.7275	-0.225	0	219	310	3
2026-02-12	15:30:51.930	38.885	-0.07	143.605	0.97844	-0.226676	0.138348	0.1095	0.7485	-0.228	0	219	310	3
2026-02-12	15:30:51.950	64.015	3.43	126.035	0.998448	-0.209596	0.15616	0.123	0.762	-0.231	0	219	310	3
2026-02-12	15:30:51.970	82.18	7.735	103.915	1.067744	-0.206912	0.183732	0.1275	0.7695	-0.2295	0	219	310	3
2026-02-12	15:30:51.990	90.86	14.595	80.325	1.094828	-0.186416	0.18788	0.1395	0.771	-0.2355	0	219	310	3
2026-02-12	15:30:52.010	78.33	21.805	49.07	1.062376	-0.11468	0.140056	0.147	0.7725	-0.246	0	224	310	3
2026-02-12	15:30:52.030	57.89	21.595	28.35	1.07116	-0.061976	0.115168	0.1605	0.771	-0.261	0	224	310	3
2026-02-12	15:30:52.050	30.695	18.515	6.545	1.053104	-0.052948	0.107116	0.168	0.7665	-0.2685	0	224	310	3
2026-02-12	15:30:52.070	6.055	13.265	-13.755	1.015284	-0.10126	0.124928	0.1725	0.7635	-0.27	0	224	310	3
2026-02-12	15:30:52.090	-6.125	5.565	-30.73	1.011868	-0.152988	0.15738	0.168	0.7635	-0.2745	0	224	310	3
2026-02-12	15:30:52.110	-6.685	-3.535	-45.535	1.045784	-0.1891	0.20862	0.1635	0.765	-0.273	0	224	310	3
2026-02-12	15:30:52.130	2.8	-10.675	-58.1	1.0553	-0.230336	0.253028	0.159	0.7575	-0.2685	0	224	310	3
2026-02-12	15:30:52.150	20.51	-16.17	-67.27	1.09556	-0.232776	0.299876	0.156	0.747	-0.27	0	224	310	3
2026-02-12	15:30:52.170	39.06	-18.095	-72.94	1.109468	-0.244488	0.327448	0.1575	0.744	-0.27	0	224	310	3
2026-02-12	15:30:52.190	60.795	-16.03	-71.855	1.030656	-0.241316	0.33672	0.15	0.738	-0.2625	0	224	310	3
2026-02-12	15:30:52.210	84.7	-14.315	-61.88	0.909144	-0.17324	0.323056	0.144	0.717	-0.2805	0	229	292	3
2026-02-12	15:30:52.230	91.98	-15.645	-51.94	0.85278	-0.054168	0.247904	0.144	0.717	-0.2805	0	229	292	3
2026-02-12	15:30:52.250	78.68	-18.76	-49.665	0.88206	-0.012932	0.216672	0.1365	0.6945	-0.2805	0	229	292	3
2026-02-12	15:30:52.270	50.785	-22.05	-52.01	0.926956	0.008784	0.201056	0.1275	0.6615	-0.282	0	229	292	3
2026-02-12	15:30:52.290	16.695	-25.445	-57.75	0.991372	0.00976	0.21472	0.1215	0.654	-0.279	0	229	292	3
2026-02-12	15:30:52.310	-13.86	-25.55	-64.225	1.022116	-0.022448	0.248392	0.114	0.648	-0.2775	0	229	292	3
2026-02-12	15:30:52.330	-37.485	-23.485	-69.51	1.01382	-0.030012	0.27938	0.1095	0.642	-0.279	0	229	292	3
2026-02-12	15:30:52.350	-57.715	-20.615	-73.535	0.986248	-0.050752	0.28182	0.1065	0.639	-0.2715	0	229	292	3
2026-02-12	15:30:52.370	-73.78	-17.22	-75.005	0.951356	-0.08686399	0.27938	0.099	0.63	-0.2685	0	229	292	3
2026-02-12	15:30:52.390	-80.85	-13.825	-73.185	0.920856	-0.112972	0.270352	0.0945	0.627	-0.2715	0	229	292	3
2026-02-12	15:30:52.410	-80.255	-11.865	-69.37	0.885476	-0.097844	0.2623	0.093	0.63	-0.261	0	230	275	3
2026-02-12	15:30:52.430	-75.46	-10.115	-63.07	0.874984	-0.088084	0.23302	0.093	0.6315	-0.261	0	230	275	3
2026-02-12	15:30:52.450	-68.74	-9.24	-57.155	0.908656	-0.091744	0.200324	0.087	0.63	-0.2565	0	230	275	3
2026-02-12	15:30:52.470	-61.32	-7.14	-53.095	0.94794	-0.131272	0.19764	0.084	0.6255	-0.252	0	230	275	3
2026-02-12	15:30:52.490	-50.19	-3.675	-48.51	0.979172	-0.151036	0.210328	0.084	0.6255	-0.2505	0	230	275	3
2026-02-12	15:30:52.510	-40.355	-0.35	-42.91	0.984784	-0.141276	0.222772	0.084	0.6285	-0.2505	0	230	275	3
2026-02-12	15:30:52.530	-32.97	1.4	-37.52	1.004304	-0.150792	0.244732	0.0795	0.6285	-0.246	0	230	275	3
2026-02-12	15:30:52.550	-25.76	2.8	-33.215	1.03212	-0.165432	0.2806	0.075	0.6255	-0.246	0	230	275	3
2026-02-12	15:30:52.570	-20.02	2.94	-29.505	1.05042	-0.156404	0.312808	0.0735	0.621	-0.2475	0	230	275	3
2026-02-12	15:30:52.590	-20.79	1.82	-25.865	1.032608	-0.125904	0.32086	0.072	0.6195	-0.243	0	230	275	3
2026-02-12	15:30:52.610	-27.895	-1.435	-23.065	1.03212	-0.12444	0.334768	0.075	0.618	-0.243	0	226	267	3
2026-02-12	15:30:52.630	-36.19	-4.655	-21	1.004792	-0.136152	0.372832	0.0765	0.6165	-0.2535	0	226	267	3
2026-02-12	15:30:52.650	-45.85	-8.54	-16.94	0.897676	-0.16226	0.433344	0.078	0.63	-0.2535	0	226	267	3
2026-02-12	15:30:52.670	-51.87	-10.78	-13.09	0.838384	-0.197884	0.451888	0.0765	0.6285	-0.2475	0	226	267	3
2026-02-12	15:30:52.690	-55.23	-9.45	-10.36	0.770796	-0.244732	0.437004	0.0705	0.6255	-0.2385	0	226	267	3
2026-02-12	15:30:52.710	-48.02	-7.875	-9.38	0.679784	-0.199348	0.424804	0.069	0.6285	-0.2325	0	226	267	3
2026-02-12	15:30:52.730	-40.74	-8.505	-11.585	0.62464	-0.194468	0.444324	0.072	0.63	-0.2325	0	226	267	3
2026-02-12	15:30:52.750	-33.005	-6.65	-13.895	0.579744	-0.243268	0.49166	0.072	0.6285	-0.234	0	226	267	3
2026-02-12	15:30:52.770	-23.38	-1.015	-11.83	0.52582	-0.285236	0.515572	0.0705	0.63	-0.231	0	226	267	3
2026-02-12	15:30:52.790	-20.09	4.725	-3.675	0.435784	-0.280356	0.45628	0.072	0.6345	-0.231	0	226	267	3
2026-02-12	15:30:52.810	-25.69	6.37	6.09	0.411628	-0.2806	0.391132	0.0765	0.6375	-0.231	0	220	279	3
2026-02-12	15:30:52.830	-29.33	3.99	13.86	0.525088	-0.345748	0.364292	0.0705	0.6405	-0.2295	0	220	279	3
2026-02-12	15:30:52.850	-17.71	-0.42	20.545	0.850584	-0.4209	0.35746	0.066	0.639	-0.2295	0	220	279	3
2026-02-12	15:30:52.870	23.8	-14.35	23.45	1.27978	-0.500688	0.441396	0.066	0.639	-0.2295	0	220	279	3
2026-02-12	15:30:52.890	54.74	-16.555	20.545	1.636996	-0.543632	0.589504	0.0735	0.6435	-0.231	0	220	279	3
2026-02-12	15:30:52.910	69.44	-6.37	25.375	1.716052	-0.569252	0.62708	0.0795	0.6495	-0.2265	0	220	279	3
2026-02-12	15:30:52.930	76.965	3.115	25.97	1.5921	-0.492636	0.555588	0.078	0.648	-0.222	0	220	279	3
2026-02-12	15:30:52.950	74.585	10.92	23.1	1.51036	-0.423828	0.510692	0.0765	0.642	-0.225	0	220	279	3
2026-02-12	15:30:52.970	59.64	20.195	23.87	1.392508	-0.371124	0.469212	0.0765	0.6405	-0.237	0	220	279	3
2026-02-12	15:30:52.990	39.69	27.335	31.36	1.180228	-0.29524	0.384788	0.081	0.639	-0.2445	0	220	279	3
2026-02-12	15:30:53.010	18.165	28.595	43.155	0.973316	-0.227652	0.302804	0.087	0.636	-0.2505	0	220	310	3
2026-02-12	15:30:53.030	0	25.34	56.105	0.815692	-0.190808	0.239852	0.09	0.636	-0.261	0	220	310	3
2026-02-12	15:30:53.050	-13.44	19.32	68.635	0.701988	-0.177876	0.200812	0.09	0.6345	-0.2475	0	220	310	3
2026-02-12	15:30:53.070	-26.95	8.61	80.955	0.662948	-0.213012	0.164456	0.096	0.6525	-0.246	0	220	310	3
2026-02-12	15:30:53.090	-25.62	-1.54	88.83	0.707112	-0.236192	0.154452	0.1005	0.6675	-0.249	0	220	310	3
2026-02-12	15:30:53.110	-13.93	-6.475	91.21	0.761524	-0.245952	0.162748	0.105	0.687	-0.2505	0	220	310	3
2026-02-12	15:30:53.130	0.84	-8.365	90.405	0.772992	-0.246196	0.178364	0.111	0.7005	-0.2475	0	220	310	3
2026-02-12	15:30:53.150	16.38	-8.26	85.015	0.78812	-0.26108	0.182512	0.117	0.711	-0.2445	0	220	310	3
2026-02-12	15:30:53.170	33.005	-6.545	75.075	0.809592	-0.28426	0.19886	0.117	0.7185	-0.246	0	220	310	3
2026-02-12	15:30:53.190	52.99	-3.85	61.635	0.897676	-0.308172	0.222528	0.12	0.723	-0.2445	0	220	310	3
2026-02-12	15:30:53.210	75.075	-0.42	45.745	1.010648	-0.291824	0.242292	0.1215	0.7245	-0.2445	0	226	328	3
2026-02-12	15:30:53.230	87.955	5.18	30.345	1.072624	-0.25254	0.234728	0.12	0.726	-0.246	0	226	328	3
2026-02-12	15:30:53.250	89.775	10.465	16.905	1.101416	-0.195688	0.195444	0.1305	0.7275	-0.2535	0	226	328	3
2026-02-12	15:30:53.270	80.605	12.215	6.23	1.130452	-0.128344	0.1403	0.1305	0.7185	-0.258	0	226	328	3
2026-02-12	15:30:53.290	38.115	4.34	-7.14	1.11264	-0.049044	0.10126	0.1275	0.702	-0.2685	0	226	328	3
2026-02-12	15:30:53.310	8.785	-4.34	-16.94	1.11264	-0.093452	0.169824	0.1335	0.699	-0.2715	0	226	328	3
2026-02-12	15:30:53.330	-6.545	-12.25	-23.205	1.049444	-0.1586	0.246928	0.1365	0.6945	-0.2745	0	226	328	3
2026-02-12	15:30:53.350	-7.21	-21.21	-26.425	1.009428	-0.180072	0.284504	0.132	0.6945	-0.2685	0	226	328	3
2026-02-12	15:30:53.370	0.385	-29.61	-31.185	1.05896	-0.213256	0.304512	0.129	0.693	-0.267	0	226	328	3
2026-02-12	15:30:53.390	13.755	-35.035	-36.785	1.124108	-0.238388	0.29768	0.1215	0.6855	-0.2685	0	226	328	3
2026-02-12	15:30:53.410	30.485	-38.29	-42.805	1.197308	-0.249856	0.299632	0.114	0.6825	-0.2625	0	233	319	3
2026-02-12	15:30:53.430	47.285	-35.77	-45.885	1.225856	-0.21838	0.333792	0.1125	0.675	-0.2625	0	233	319	3
2026-02-12	15:30:53.450	56.91	-26.985	-42.14	1.171932	-0.149816	0.344772	0.1125	0.669	-0.2655	0	233	319	3
2026-02-12	15:30:53.470	51.87	-16.555	-34.23	1.074576	-0.000976	0.30988	0.1095	0.657	-0.255	0	233	319	3
2026-02-12	15:30:53.490	11.025	-8.19	-25.69	0.914512	0.149084	0.222284	0.0975	0.6465	-0.2565	0	233	319	3
2026-02-12	15:30:53.510	-43.33	-5.635	-21.805	0.883768	0.145668	0.16104	0.0975	0.6465	-0.2565	0	233	319	3
2026-02-12	15:30:53.530	-74.865	-6.545	-22.155	0.945256	0.088084	0.165188	0.096	0.642	-0.2565	0	233	319	3
2026-02-12	15:30:53.550	-96.6	-5.145	-22.715	0.977464	0.068076	0.175436	0.096	0.6375	-0.252	0	233	319	3
2026-02-12	15:30:53.570	-115.78	-2.555	-25.095	0.97478	0.059536	0.182268	0.0975	0.6435	-0.246	0	233	319	3
2026-02-12	15:30:53.590	-128.135	1.61	-27.685	0.974048	-0.014396	0.18788	0.099	0.657	-0.2445	0	233	319	3
2026-02-12	15:30:53.610	-128.275	6.265	-29.05	0.982588	-0.079788	0.201544	0.0945	0.6675	-0.24	0	239	300	3
2026-02-12	15:30:53.630	-119.07	12.6	-29.925	0.9699	-0.092476	0.221552	0.093	0.6735	-0.2355	0	239	300	3
2026-02-12	15:30:53.650	-105.735	18.235	-31.185	0.9699	-0.099552	0.236436	0.0975	0.678	-0.2325	0	239	300	3
2026-02-12	15:30:53.670	-88.48	21.385	-32.55	0.986492	-0.090036	0.233996	0.0945	0.6915	-0.234	0	239	300	3
2026-02-12	15:30:53.690	-73.71	22.19	-33.25	0.963068	-0.065636	0.215696	0.0915	0.6855	-0.2355	0	239	300	3
2026-02-12	15:30:53.710	-60.48	18.83	-33.74	0.965996	-0.096868	0.196908	0.1005	0.693	-0.2355	0	239	300	3
2026-02-12	15:30:53.730	-43.785	14.28	-34.405	0.995276	-0.15494	0.223748	0.1005	0.6885	-0.228	0	239	300	3
2026-02-12	15:30:53.750	-23.73	11.935	-34.125	1.004792	-0.1952	0.266936	0.0945	0.6885	-0.228	0	239	300	3
2026-02-12	15:30:53.770	0.77	9.8	-33.04	0.96258	-0.216916	0.306464	0.087	0.6915	-0.234	0	239	300	3
2026-02-12	15:30:53.790	25.305	6.825	-31.185	0.91012	-0.226432	0.334524	0.0915	0.687	-0.2355	0	239	300	3
2026-02-12	15:30:53.810	48.93	3.115	-28.42	0.882304	-0.249368	0.360632	0.0945	0.6795	-0.237	0	239	283	3
2026-02-12	15:30:53.830	64.715	-0.735	-25.935	0.874252	-0.221064	0.388448	0.0915	0.6705	-0.231	0	239	283	3
2026-02-12	15:30:53.850	65.94	-2.52	-24.92	0.86132	-0.209352	0.42822	0.0915	0.6615	-0.234	0	239	283	3
2026-02-12	15:30:53.870	55.58	-2.1	-22.995	0.795196	-0.179584	0.439932	0.09	0.657	-0.2415	0	239	283	3
2026-02-12	15:30:53.890	33.915	-5.145	-22.015	0.728584	-0.158844	0.42822	0.0945	0.651	-0.2385	0	239	283	3
2026-02-12	15:30:53.910	6.16	-10.22	-22.225	0.678076	-0.183	0.407236	0.0915	0.639	-0.24	0	239	283	3
2026-02-12	15:30:53.930	-52.045	-24.115	-17.675	0.545096	-0.29036	0.384056	0.087	0.6345	-0.24	0	239	283	3
2026-02-12	15:30:53.950	-91.7	-37.31	-10.745	0.47946	-0.374052	0.375516	0.081	0.636	-0.2385	0	239	283	3
2026-02-12	15:30:53.970	-105.735	-46.97	-4.935	0.433832	-0.445788	0.41236	0.078	0.6435	-0.231	0	239	283	3
2026-02-12	15:30:53.990	-83.265	-49.63	-2.135	0.493124	-0.611952	0.469456	0.0735	0.654	-0.219	0	239	283	3
2026-02-12	15:30:54.010	-37.835	-44.87	6.195	0.552172	-0.724192	0.46604	0.0675	0.6615	-0.21	0	238	285	2
2026-02-12	15:30:54.030	5.6	-36.68	19.845	0.554368	-0.725168	0.37576	0.0675	0.669	-0.1995	0	238	285	2
2026-02-12	15:30:54.050	43.225	-31.36	31.955	0.657336	-0.688568	0.279868	0.063	0.6705	-0.1965	0	238	285	2
2026-02-12	15:30:54.070	82.845	-28.245	35.315	0.926224	-0.709064	0.268644	0.0585	0.6705	-0.1995	0	238	285	2
2026-02-12	15:30:54.090	132.895	-20.265	31.955	1.330044	-0.83204	0.396256	0.0615	0.672	-0.198	0	238	285	2
2026-02-12	15:30:54.110	226.17	13.72	34.335	1.730936	-1.014796	0.472628	0.0675	0.6645	-0.1965	0	238	285	2
2026-02-12	15:30:54.130	299.95	38.815	51.31	1.757532	-0.523624	0.429684	0.0735	0.648	-0.2085	0	238	285	2
2026-02-12	15:30:54.150	247.905	62.125	53.83	1.585024	-0.208376	0.399916	0.0735	0.648	-0.2085	0	238	285	2
2026-02-12	15:30:54.170	157.43	70.77	50.75	1.464732	-0.159576	0.392596	0.078	0.6255	-0.2295	0	238	285	2
2026-02-12	15:30:54.190	67.515	68.53	54.565	1.286856	-0.14518	0.383568	0.0855	0.597	-0.2505	0	238	285	2
2026-02-12	15:30:54.210	-6.65	62.3	63.49	1.072136	-0.161528	0.36234	0.096	0.597	-0.2595	0	242	304	3
2026-02-12	15:30:54.230	-58.485	56.07	75.285	0.879376	-0.156648	0.299388	0.108	0.6075	-0.2685	0	242	304	3
2026-02-12	15:30:54.250	-97.265	44.765	85.4	0.773724	-0.171288	0.226188	0.1065	0.6195	-0.273	0	242	304	3
2026-02-12	15:30:54.270	-114.66	36.47	93.905	0.744932	-0.3172	0.177144	0.111	0.639	-0.2745	0	242	304	3
2026-02-12	15:30:54.290	-83.09	25.935	101.955	0.760548	-0.424316	0.160552	0.12	0.6525	-0.273	0	242	304	3
2026-02-12	15:30:54.310	-25.935	13.44	105.49	0.803248	-0.398208	0.177632	0.1305	0.669	-0.2805	0	242	304	3
2026-02-12	15:30:54.330	16.205	6.16	104.755	0.79422	-0.358192	0.177876	0.138	0.696	-0.279	0	242	304	3
2026-02-12	15:30:54.350	49.245	-0.105	96.81	0.839604	-0.317688	0.191296	0.147	0.6975	-0.2715	0	242	304	3
2026-02-12	15:30:54.370	69.09	-2.695	83.79	0.883036	-0.254248	0.216184	0.1545	0.708	-0.279	0	242	304	3
2026-02-12	15:30:54.390	72.87	-2.52	68.95	0.922808	-0.175924	0.234728	0.165	0.714	-0.2895	0	242	304	3
2026-02-12	15:30:54.410	64.68	-1.225	50.645	0.959408	-0.13786	0.243268	0.171	0.708	-0.294	0	252	314	3
2026-02-12	15:30:54.430	52.675	-0.315	31.745	1.062864	-0.157624	0.241072	0.174	0.708	-0.2955	0	252	314	3
2026-02-12	15:30:54.450	44.17	1.365	17.115	1.114836	-0.174216	0.2379	0.1785	0.7065	-0.294	0	252	314	3
2026-02-12	15:30:54.470	34.79	3.85	7.525	1.112152	-0.163236	0.215696	0.177	0.7035	-0.2925	0	252	314	3
2026-02-12	15:30:54.490	23.975	5.74	1.155	1.11142	-0.142252	0.193736	0.171	0.699	-0.294	0	252	314	3
2026-02-12	15:30:54.510	12.95	4.97	-5.635	1.162904	-0.116144	0.182512	0.168	0.696	-0.2985	0	252	314	3
2026-02-12	15:30:54.530	0.945	2.905	-12.635	1.18096	-0.1098	0.20984	0.177	0.705	-0.2985	0	252	314	3
2026-02-12	15:30:54.550	-9.17	0.525	-20.51	1.171932	-0.118584	0.24888	0.1755	0.696	-0.3015	0	252	314	3
2026-02-12	15:30:54.570	-18.34	-4.235	-32.935	1.089948	-0.152744	0.28914	0.1785	0.696	-0.309	0	252	314	3
2026-02-12	15:30:54.590	-17.01	-8.435	-39.725	1.021628	-0.169824	0.30744	0.174	0.6945	-0.306	0	252	314	3
2026-02-12	15:30:54.610	-12.39	-11.27	-43.085	0.944036	-0.179828	0.31964	0.1695	0.6915	-0.297	0	262	306	3
2026-02-12	15:30:54.630	-5.565	-13.195	-42.665	0.865956	-0.164212	0.325008	0.1635	0.687	-0.297	0	262	306	3
2026-02-12	15:30:54.650	0.21	-14.07	-41.195	0.844972	-0.136152	0.316468	0.162	0.681	-0.2985	0	262	306	3
2026-02-12	15:30:54.670	4.235	-14.98	-42.455	0.877912	-0.113704	0.302804	0.1635	0.6765	-0.3	0	262	306	3
2026-02-12	15:30:54.690	3.5	-14.98	-46.725	0.929396	-0.096868	0.279624	0.1545	0.675	-0.2955	0	262	306	3
2026-02-12	15:30:54.710	-4.095	-14.28	-51.94	0.958188	-0.085644	0.248148	0.1485	0.6765	-0.2865	0	262	306	3
2026-02-12	15:30:54.730	-15.05	-14.035	-58.485	1.0004	-0.07686	0.210816	0.1515	0.663	-0.294	0	262	306	3
2026-02-12	15:30:54.750	-27.685	-12.915	-66.255	1.013332	-0.056852	0.210816	0.1515	0.6645	-0.2805	0	262	306	3
2026-02-12	15:30:54.770	-45.955	-8.855	-74.13	0.970876	-0.07564	0.224968	0.147	0.6555	-0.282	0	262	306	3
2026-02-12	15:30:54.790	-59.745	-4.865	-77.665	0.92842	-0.096624	0.250588	0.147	0.6555	-0.282	0	262	306	3
2026-02-12	15:30:54.810	-68.495	-1.715	-77.21	0.915732	-0.124196	0.262056	0.1395	0.6525	-0.279	0	266	294	3
2026-02-12	15:30:54.830	-70.77	1.26	-76.37	0.937204	-0.138592	0.2562	0.1305	0.6465	-0.2745	0	266	294	3
2026-02-12	15:30:54.850	-69.02	4.34	-75.53	0.958432	-0.144448	0.239608	0.1335	0.642	-0.273	0	266	294	3
2026-02-12	15:30:54.870	-68.215	7.175	-73.36	0.930128	-0.137128	0.207156	0.132	0.6405	-0.276	0	266	294	3
2026-02-12	15:30:54.890	-69.65	7.28	-70.525	0.917928	-0.152744	0.188612	0.1305	0.642	-0.276	0	266	294	3
2026-02-12	15:30:54.910	-68.845	4.795	-67.865	0.951112	-0.166164	0.22204	0.1275	0.642	-0.276	0	266	294	3
2026-02-12	15:30:54.930	-65.45	2.03	-66.01	0.970632	-0.170556	0.27938	0.12	0.639	-0.2775	0	266	294	3
2026-02-12	15:30:54.950	-63.91	-0.49	-64.925	0.957944	-0.166408	0.311344	0.1155	0.636	-0.2655	0	266	294	3
2026-02-12	15:30:54.970	-61.6	-4.375	-64.19	0.95038	-0.182024	0.33062	0.1245	0.633	-0.267	0	266	294	3
2026-02-12	15:30:54.990	-52.045	-10.675	-63.84	1.007232	-0.226188	0.381372	0.12	0.63	-0.264	0	266	294	3
2026-02-12	15:30:55.010	-41.09	-14.21	-62.16	0.999668	-0.256932	0.418948	0.1155	0.63	-0.2625	0	264	285	3
2026-02-12	15:30:55.030	-39.13	-16.905	-58.17	0.93818	-0.24644	0.40626	0.105	0.6285	-0.2625	0	264	285	3
2026-02-12	15:30:55.050	-40.985	-21.945	-54.46	0.903532	-0.243512	0.400648	0.1035	0.627	-0.2595	0	264	285	3
2026-02-12	15:30:55.070	-40.25	-27.265	-51.765	0.860832	-0.258396	0.41602	0.1065	0.6315	-0.258	0	264	285	3
2026-02-12	15:30:55.090	-35.49	-32.06	-49.98	0.825208	-0.272304	0.438468	0.0975	0.627	-0.2505	0	264	285	3
2026-02-12	15:30:55.110	-31.255	-35.49	-48.44	0.77226	-0.297192	0.430172	0.0915	0.6195	-0.2445	0	264	285	3
2026-02-12	15:30:55.130	-33.11	-39.34	-46.62	0.701988	-0.285968	0.387228	0.087	0.615	-0.24	0	264	285	3
2026-02-12	15:30:55.150	-53.83	-46.34	-44.065	0.616344	-0.245464	0.362828	0.084	0.6105	-0.237	0	264	285	3
2026-02-12	15:30:55.170	-102.2	-52.885	-37.87	0.516548	-0.232288	0.40992	0.0765	0.612	-0.2355	0	264	285	3
2026-02-12	15:30:55.190	-159.25	-54.775	-31.255	0.480192	-0.35624	0.447008	0.0765	0.618	-0.2175	0	264	285	3
2026-02-12	15:30:55.210	-161	-38.815	-16.17	0.489708	-0.729072	0.437004	0.0735	0.6225	-0.207	0	256	293	3
2026-02-12	15:30:55.230	-80.36	-28.525	0.35	0.660508	-0.921832	0.377224	0.066	0.6285	-0.1995	0	256	293	3
2026-02-12	15:30:55.250	27.09	-23.765	19.74	0.909144	-0.894992	0.338672	0.063	0.6465	-0.189	0	256	293	3
2026-02-12	15:30:55.270	117.075	-20.93	34.335	1.249768	-0.846192	0.377712	0.066	0.657	-0.1845	0	256	293	3
2026-02-12	15:30:55.290	185.5	-13.405	42.35	1.707756	-0.750544	0.477996	0.0645	0.6435	-0.186	0	256	293	3
2026-02-12	15:30:55.310	217.385	5.6	55.72	1.872212	-0.542656	0.47214	0.0645	0.627	-0.192	0	256	293	3
2026-02-12	15:30:55.330	202.79	29.19	65.87	1.704828	-0.308904	0.419192	0.066	0.6225	-0.1965	0	256	293	3
2026-02-12	15:30:55.350	156.17	45.01	68.11	1.550864	-0.155184	0.390644	0.0675	0.624	-0.1995	0	256	293	3
2026-02-12	15:30:55.370	81.27	56.805	70.805	1.387628	-0.102968	0.354532	0.072	0.6195	-0.2085	0	256	293	3
2026-02-12	15:30:55.390	3.64	64.68	78.4	1.172176	-0.126636	0.289628	0.0825	0.624	-0.2145	0	256	293	3
2026-02-12	15:30:55.410	-58.975	61.32	92.89	0.959896	-0.1769	0.219112	0.09	0.6315	-0.234	0	254	313	3
2026-02-12	15:30:55.430	-90.02	49.49	106.855	0.866932	-0.206912	0.182756	0.09	0.6315	-0.234	0	254	313	3
2026-02-12	15:30:55.450	-100.52	38.255	117.215	0.816912	-0.238632	0.156404	0.1035	0.6585	-0.2385	0	254	313	3
2026-02-12	15:30:55.470	-96.565	26.32	125.825	0.79788	-0.275964	0.133224	0.12	0.6975	-0.2415	0	254	313	3
2026-02-12	15:30:55.490	-75.11	16.31	130.34	0.800076	-0.306952	0.112972	0.1365	0.7155	-0.24	0	254	313	3
2026-02-12	15:30:55.510	-40.565	8.68	128.31	0.904508	-0.323544	0.11224	0.153	0.735	-0.237	0	254	313	3
2026-02-12	15:30:55.530	-2.765	5.915	121.905	0.958676	-0.335256	0.11956	0.162	0.7575	-0.231	0	254	313	3
2026-02-12	15:30:55.550	31.605	7.105	113.435	0.942328	-0.326228	0.119804	0.168	0.768	-0.231	0	254	313	3
2026-02-12	15:30:55.570	58.415	8.12	101.955	0.929396	-0.307196	0.117608	0.168	0.7695	-0.2325	0	254	313	3
2026-02-12	15:30:55.590	74.585	8.995	87.815	0.959896	-0.304024	0.120536	0.1755	0.786	-0.2415	0	254	313	3
2026-02-12	15:30:55.610	86.975	11.025	72.205	1.03944	-0.28426	0.135176	0.1935	0.78	-0.2445	0	259	314	3
2026-02-12	15:30:55.630	94.675	16.52	54.775	1.060424	-0.215452	0.132492	0.198	0.7815	-0.2535	0	259	314	3
2026-02-12	15:30:55.650	88.34	19.74	38.36	1.056764	-0.170068	0.106872	0.2025	0.7755	-0.264	0	259	314	3
2026-02-12	15:30:55.670	72.66	18.025	26.635	1.03944	-0.1525	0.094916	0.21	0.7635	-0.276	0	259	314	3
2026-02-12	15:30:55.690	53.76	12.565	16.345	1.003572	-0.141764	0.127124	0.2175	0.756	-0.2835	0	259	314	3
2026-02-12	15:30:55.710	38.185	5.32	6.055	0.973072	-0.16592	0.19764	0.2175	0.7515	-0.2895	0	259	314	3
2026-02-12	15:30:55.730	31.15	-1.89	-6.02	0.995764	-0.195444	0.2562	0.2175	0.747	-0.2925	0	259	314	3
2026-02-12	15:30:55.750	32.795	-8.19	-19.915	1.034804	-0.236924	0.282308	0.219	0.7455	-0.2955	0	259	314	3
2026-02-12	15:30:55.770	43.225	-13.335	-32.025	1.034072	-0.26108	0.29646	0.219	0.7485	-0.2955	0	259	314	3
2026-02-12	15:30:55.790	60.445	-17.255	-42.035	1.040904	-0.276696	0.320128	0.2145	0.7305	-0.297	0	259	314	3
2026-02-12	15:30:55.810	80.78	-18.27	-50.19	1.034804	-0.253272	0.338184	0.2235	0.72	-0.2895	0	263	292	3
2026-02-12	15:30:55.830	95.69	-18.655	-54.985	1.014796	-0.210816	0.33916	0.207	0.723	-0.3015	0	263	292	3
2026-02-12	15:30:55.850	90.51	-20.3	-56.875	0.996008	-0.136396	0.347212	0.207	0.6975	-0.297	0	263	292	3
2026-02-12	15:30:55.870	73.885	-20.405	-55.65	0.976488	-0.116876	0.366	0.201	0.6825	-0.306	0	263	292	3
2026-02-12	15:30:55.890	57.785	-19.88	-50.925	0.925736	-0.091012	0.376004	0.192	0.66	-0.3135	0	263	292	3
2026-02-12	15:30:55.910	42.455	-21.21	-45.255	0.923296	-0.068564	0.372344	0.1875	0.645	-0.3075	0	263	292	3
2026-02-12	15:30:55.930	25.655	-22.4	-40.67	0.966484	-0.06466	0.364048	0.183	0.642	-0.306	0	263	292	3
2026-02-12	15:30:55.950	7.84	-21.245	-36.645	0.99064	-0.071004	0.364536	0.1785	0.6345	-0.309	0	263	292	3
2026-02-12	15:30:55.970	-8.085	-18.83	-33.67	0.98576	-0.080276	0.359168	0.1755	0.6225	-0.309	0	263	292	3
2026-02-12	15:30:55.990	-21.245	-15.435	-32.865	0.975756	-0.079788	0.37454	0.174	0.6195	-0.3075	0	263	292	3
2026-02-12	15:30:56.010	-38.85	-9.695	-34.335	0.936228	-0.086132	0.371856	0.174	0.6195	-0.3075	0	264	282	3
2026-02-12	15:30:56.030	-49	-6.895	-36.47	0.911584	-0.09076799	0.354776	0.1725	0.6285	-0.3015	0	264	282	3
2026-02-12	15:30:56.050	-61.775	-3.08	-40.74	0.859856	-0.111264	0.327204	0.1695	0.6315	-0.306	0	264	282	3
2026-02-12	15:30:56.070	-69.37	-1.365	-45.605	0.82106	-0.123952	0.303536	0.1695	0.6315	-0.306	0	264	282	3
2026-02-12	15:30:56.090	-70.28	-1.855	-50.47	0.83326	-0.146888	0.295972	0.168	0.63	-0.303	0	264	282	3
2026-02-12	15:30:56.110	-68.565	-2.695	-55.265	0.843264	-0.167872	0.302072	0.165	0.636	-0.2955	0	264	282	3
2026-02-12	15:30:56.130	-64.05	-3.43	-59.01	0.854	-0.175436	0.30988	0.165	0.6405	-0.288	0	264	282	3
2026-02-12	15:30:56.150	-57.33	-4.515	-61.985	0.859368	-0.167628	0.3111	0.162	0.639	-0.2895	0	264	282	3
2026-02-12	15:30:56.170	-52.71	-6.475	-64.4	0.869128	-0.155916	0.303048	0.153	0.636	-0.285	0	264	282	3
2026-02-12	15:30:56.190	-51.1	-9.765	-66.605	0.881816	-0.160796	0.293288	0.15	0.633	-0.2775	0	264	282	3
2026-02-12	15:30:56.210	-49.77	-14.105	-68.635	0.892064	-0.171532	0.301828	0.15	0.6345	-0.2775	0	259	287	3
2026-02-12	15:30:56.230	-46.41	-19.075	-70.385	0.906704	-0.192028	0.3172	0.1455	0.6315	-0.282	0	259	287	3
2026-02-12	15:30:56.250	-39.83	-23.695	-70.49	0.918416	-0.209108	0.355752	0.1515	0.6345	-0.282	0	259	287	3
2026-02-12	15:30:56.270	-29.575	-28	-68.32	0.936716	-0.23058	0.384788	0.1365	0.6285	-0.2745	0	259	287	3
2026-02-12	15:30:56.290	-18.445	-31.5	-65.38	0.940376	-0.232532	0.401136	0.135	0.624	-0.264	0	259	287	3
2026-02-12	15:30:56.310	-8.82	-33.67	-62.65	0.959164	-0.24644	0.426024	0.132	0.6165	-0.2565	0	259	287	3
2026-02-12	15:30:56.330	1.435	-34.23	-57.82	0.970388	-0.261812	0.446764	0.132	0.612	-0.255	0	259	287	3
2026-02-12	15:30:56.350	7.455	-34.16	-51.905	0.965264	-0.261568	0.458232	0.1245	0.6045	-0.252	0	259	287	3
2026-02-12	15:30:56.370	8.96	-33.18	-45.745	0.943792	-0.252784	0.458964	0.1155	0.5925	-0.249	0	259	287	3
2026-02-12	15:30:56.390	6.475	-31.745	-39.165	0.902556	-0.254492	0.471896	0.114	0.588	-0.243	0	259	287	3
2026-02-12	15:30:56.410	2.905	-29.995	-32.025	0.857904	-0.27206	0.496296	0.111	0.588	-0.2415	0	249	305	3
2026-02-12	15:30:56.430	3.43	-26.81	-23.38	0.816668	-0.300364	0.530944	0.1035	0.5805	-0.2385	0	249	305	3
2026-02-12	15:30:56.450	5.565	-23.695	-13.65	0.760304	-0.30378	0.538508	0.0975	0.576	-0.2385	0	249	305	3
2026-02-12	15:30:56.470	6.125	-20.685	-2.73	0.677588	-0.30866	0.518988	0.105	0.567	-0.24	0	249	305	3
2026-02-12	15:30:56.490	15.05	-20.965	13.44	0.647332	-0.335744	0.52094	0.0975	0.573	-0.2355	0	249	305	3
2026-02-12	15:30:56.510	30.59	-18.55	21.385	0.720532	-0.344284	0.587064	0.0945	0.5715	-0.231	0	249	305	3
2026-02-12	15:30:56.530	48.16	-11.83	27.3	0.767136	-0.338184	0.613904	0.0885	0.5715	-0.225	0	249	305	3
2026-02-12	15:30:56.550	58.135	-3.15	36.505	0.762988	-0.292312	0.58438	0.0915	0.57	-0.222	0	249	305	3
2026-02-12	15:30:56.570	62.265	4.34	44.835	0.891576	-0.256932	0.510692	0.093	0.567	-0.225	0	249	305	3
2026-02-12	15:30:56.590	73.675	7	45.78	1.200724	-0.256444	0.488488	0.09	0.5685	-0.2295	0	249	305	3
2026-02-12	15:30:56.610	79.975	10.99	38.85	1.589416	-0.206424	0.568764	0.093	0.567	-0.228	0	238	341	3
2026-02-12	15:30:56.630	54.95	28.14	38.99	1.617964	-0.241072	0.591212	0.093	0.564	-0.2265	0	238	341	3
2026-02-12	15:30:56.650	34.405	45.99	41.58	1.420568	-0.30012	0.496296	0.0945	0.5685	-0.237	0	238	341	3
2026-02-12	15:30:56.670	31.5	51.94	37.625	1.37372	-0.264496	0.404796	0.108	0.573	-0.2355	0	238	341	3
2026-02-12	15:30:56.690	12.425	60.34	36.54	1.32858	-0.228628	0.333304	0.1125	0.5655	-0.2475	0	238	341	3
2026-02-12	15:30:56.710	-23.275	66.325	45.675	1.130452	-0.205936	0.252296	0.1125	0.5655	-0.2475	0	238	341	3
2026-02-12	15:30:56.730	-46.9	64.855	59.605	0.955016	-0.17934	0.227164	0.12	0.579	-0.255	0	238	341	3
2026-02-12	15:30:56.750	-62.37	59.605	75.18	0.806908	-0.145424	0.213744	0.138	0.5925	-0.2655	0	238	341	3
2026-02-12	15:30:56.770	-74.725	50.75	90.405	0.74176	-0.149816	0.19642	0.15	0.6045	-0.2715	0	238	341	3
2026-02-12	15:30:56.790	-81.585	40.53	102.83	0.750056	-0.1708	0.170068	0.1575	0.624	-0.2775	0	238	341	3
2026-02-12	15:30:56.810	-79.66	31.71	110.32	0.854488	-0.2013	0.153232	0.165	0.642	-0.2805	0	232	371	3
2026-02-12	15:30:56.830	-68.04	25.515	111.79	0.981612	-0.21106	0.138592	0.1665	0.651	-0.282	0	232	371	3
2026-02-12	15:30:56.850	-56.385	24.08	110.355	0.963068	-0.204228	0.121024	0.1755	0.666	-0.27	0	232	371	3
2026-02-12	15:30:56.870	-47.04	22.61	104.755	0.922076	-0.217892	0.09516	0.1845	0.6855	-0.282	0	232	371	3
2026-02-12	15:30:56.890	-35.63	18.9	93.905	0.912072	-0.241804	0.080032	0.1845	0.699	-0.2745	0	232	371	3
2026-02-12	15:30:56.910	-19.74	13.755	75.67	0.932324	-0.278892	0.08662	0.207	0.7125	-0.279	0	232	371	3
2026-02-12	15:30:56.930	-0.98	10.01	57.75	0.93696	-0.28426	0.114192	0.2085	0.723	-0.273	0	232	371	3
2026-02-12	15:30:56.950	18.305	7.7	43.26	0.958188	-0.246196	0.149084	0.213	0.738	-0.27	0	232	371	3
2026-02-12	15:30:56.970	33.425	6.895	28.945	0.964776	-0.211792	0.170068	0.216	0.7395	-0.273	0	232	371	3
2026-02-12	15:30:56.990	42.315	4.9	16.835	0.93574	-0.176168	0.142252	0.2175	0.7395	-0.276	0	232	371	3
2026-02-12	15:30:57.010	44.59	-2.66	5.25	0.92964	-0.150304	0.115412	0.216	0.7335	-0.2805	0	230	360	3
2026-02-12	15:30:57.030	41.405	-14.315	-8.82	0.953064	-0.1708	0.14884	0.216	0.7275	-0.291	0	230	360	3
2026-02-12	15:30:57.050	43.89	-25.095	-24.22	0.991128	-0.24522	0.250588	0.219	0.726	-0.2985	0	230	360	3
2026-02-12	15:30:57.070	61.11	-33.005	-37.31	1.05286	-0.27816	0.357704	0.2175	0.729	-0.282	0	230	360	3
2026-02-12	15:30:57.090	87.885	-37.45	-48.545	1.135332	-0.265472	0.393816	0.21	0.7095	-0.2805	0	230	360	3
2026-02-12	15:30:57.110	117.355	-40.11	-58.555	1.188768	-0.26108	0.416752	0.198	0.708	-0.2895	0	230	360	3
2026-02-12	15:30:57.130	162.47	-34.44	-62.195	1.13704	-0.270352	0.507764	0.204	0.672	-0.2835	0	230	360	3
2026-02-12	15:30:57.150	175.56	-25.76	-55.44	1.038708	-0.182512	0.521916	0.201	0.6555	-0.2895	0	230	360	3
2026-02-12	15:30:57.170	162.47	-16.695	-43.68	0.897676	-0.047336	0.485072	0.186	0.6255	-0.2925	0	230	360	3
2026-02-12	15:30:57.190	125.86	-13.93	-32.69	0.82472	0.063684	0.423096	0.171	0.603	-0.294	0	230	360	3
2026-02-12	15:30:57.210	77.945	-14.665	-26.495	0.849852	0.108336	0.373808	0.174	0.5835	-0.297	0	230	335	3
2026-02-12	15:30:57.230	25.725	-14.945	-23.8	0.898652	0.122	0.332572	0.18	0.5715	-0.297	0	230	335	3
2026-02-12	15:30:57.250	-24.99	-12.425	-21.735	0.901092	0.111508	0.274988	0.1815	0.57	-0.2985	0	230	335	3
2026-02-12	15:30:57.270	-67.41	-10.01	-19.915	0.920124	0.096868	0.239608	0.1755	0.567	-0.3015	0	230	335	3
2026-02-12	15:30:57.290	-102.27	-8.085	-19.53	0.987468	0.029768	0.235704	0.1785	0.5655	-0.2955	0	230	335	3
2026-02-12	15:30:57.310	-136.22	-6.895	-19.985	1.01626	-0.066124	0.24644	0.168	0.576	-0.294	0	230	335	3
2026-02-12	15:30:57.330	-164.255	-6.51	-21.42	1.020652	-0.168848	0.305	0.168	0.5865	-0.2865	0	230	335	3
2026-02-12	15:30:57.350	-169.96	-5.565	-24.535	0.979904	-0.183732	0.350872	0.168	0.5865	-0.2865	0	230	335	3
2026-02-12	15:30:57.370	-159.11	-4.375	-30.66	0.932812	-0.10126	0.383324	0.1665	0.6135	-0.2805	0	230	335	3
2026-02-12	15:30:57.390	-142.94	-3.815	-39.795	0.850828	-0.022448	0.359168	0.165	0.6465	-0.273	0	230	335	3
2026-02-12	15:30:57.410	-128.065	-6.475	-49.84	0.804224	-0.046116	0.306464	0.1635	0.66	-0.267	0	229	323	3
2026-02-12	15:30:57.430	-107.065	-9.905	-59.535	0.820328	-0.139568	0.291336	0.1575	0.669	-0.264	0	229	323	3
2026-02-12	15:30:57.450	-71.085	-10.745	-65.625	0.84546	-0.21106	0.332572	0.159	0.666	-0.2565	0	229	323	3
2026-02-12	15:30:57.470	-25.235	-8.785	-69.685	0.891088	-0.219844	0.358192	0.165	0.6615	-0.2475	0	229	323	3
2026-02-12	15:30:57.490	20.65	-5.425	-72.59	0.957456	-0.238144	0.361608	0.1605	0.669	-0.2565	0	229	323	3
2026-02-12	15:30:57.510	64.645	-1.365	-71.295	0.999424	-0.2562	0.36844	0.1485	0.6555	-0.2505	0	229	323	3
2026-02-12	15:30:57.530	99.505	0.42	-66.115	1.042612	-0.246684	0.37332	0.1455	0.642	-0.2565	0	229	323	3
2026-02-12	15:30:57.550	112.42	1.89	-57.68	1.052372	-0.182756	0.401868	0.15	0.6315	-0.2595	0	229	323	3
2026-02-12	15:30:57.570	90.965	3.36	-50.68	1.020896	-0.1342	0.441884	0.147	0.6105	-0.261	0	229	323	3
2026-02-12	15:30:57.590	53.83	-0.945	-45.745	0.971852	-0.107848	0.451156	0.144	0.585	-0.264	0	229	323	3
2026-02-12	15:30:57.610	12.075	-9.45	-42.315	0.923052	-0.117852	0.451156	0.141	0.576	-0.264	0	227	326	3
2026-02-12	15:30:57.630	-22.645	-17.675	-40.495	0.885964	-0.19032	0.447496	0.1335	0.5685	-0.2595	0	227	326	3
2026-02-12	15:30:57.650	-38.185	-23.31	-37.66	0.856684	-0.299144	0.455304	0.1335	0.567	-0.261	0	227	326	3
2026-02-12	15:30:57.670	-36.015	-25.69	-31.64	0.805444	-0.36112	0.459452	0.1395	0.5685	-0.267	0	227	326	3
2026-02-12	15:30:57.690	-24.675	-24.955	-22.435	0.7259	-0.393572	0.4514	0.126	0.567	-0.2565	0	227	326	3
2026-02-12	15:30:57.710	-10.08	-22.05	-11.62	0.632204	-0.382104	0.438956	0.1245	0.564	-0.2475	0	227	326	3
2026-02-12	15:30:57.730	1.82	-18.795	-0.385	0.504592	-0.372588	0.441884	0.129	0.5565	-0.2475	0	227	326	3
2026-02-12	15:30:57.750	11.83	-17.15	10.85	0.338428	-0.392352	0.481656	0.123	0.5595	-0.2415	0	227	326	3
2026-02-12	15:30:57.770	47.355	-11.76	24.605	-0.101748	-0.612684	0.71858	0.132	0.561	-0.249	0	227	326	3
2026-02-12	15:30:57.790	110.46	-6.86	28.595	-0.027328	-0.793488	0.793	0.126	0.561	-0.2415	0	227	326	3
2026-02-12	15:30:57.810	162.225	5.74	37.73	0.327692	-0.762988	0.693204	0.123	0.552	-0.24	0	227	349	3
2026-02-12	15:30:57.830	194.81	25.34	48.44	0.934764	-0.744688	0.585356	0.12	0.5415	-0.2445	0	227	349	3
2026-02-12	15:30:57.850	241.92	35.98	45.955	1.506944	-0.53192	0.642452	0.1215	0.531	-0.246	0	227	349	3
2026-02-12	15:30:57.870	252.21	37.765	37.415	2.148908	-0.182024	0.88206	0.1275	0.5115	-0.249	0	227	349	3
2026-02-12	15:30:57.890	129.955	60.725	58.205	2.283352	-0.3355	0.73932	0.129	0.501	-0.252	0	227	349	3
2026-02-12	15:30:57.910	46.55	73.08	68.005	2.073756	-0.314028	0.567056	0.1305	0.489	-0.2475	0	227	349	3
2026-02-12	15:30:57.930	1.225	80.465	80.185	1.852692	-0.150304	0.561688	0.1425	0.492	-0.261	0	227	349	3
2026-02-12	15:30:57.950	-57.68	92.54	90.79	1.611376	-0.134932	0.570228	0.147	0.4995	-0.2625	0	227	349	3
2026-02-12	15:30:57.970	-121.24	93.8	111.055	1.26026	-0.048312	0.521916	0.162	0.504	-0.2805	0	227	349	3
2026-02-12	15:30:57.990	-180.425	83.44	136.01	0.928176	-0.035868	0.399916	0.162	0.504	-0.2805	0	227	349	3
2026-02-12	15:30:58.010	-207.025	66.045	154.28	0.748348	-0.098332	0.27084	0.174	0.555	-0.2895	0	239	394	3
2026-02-12	15:30:58.030	-217.77	45.605	165.585	0.666608	-0.186172	0.178852	0.192	0.624	-0.3015	0	239	394	3
2026-02-12	15:30:58.050	-214.725	26.915	170.135	0.65514	-0.303048	0.105896	0.204	0.6645	-0.2985	0	239	394	3
2026-02-12	15:30:58.070	-187.215	12.39	169.47	0.661972	-0.395524	0.059292	0.2145	0.696	-0.2835	0	239	394	3
2026-02-12	15:30:58.090	-138.11	-0.735	162.05	0.741272	-0.447984	0.044408	0.222	0.708	-0.276	0	239	394	3
2026-02-12	15:30:58.110	-75.705	-9.275	147.175	0.872544	-0.465552	0.069296	0.231	0.7485	-0.2715	0	239	394	3
2026-02-12	15:30:58.130	-13.93	-9.1	130.165	0.851804	-0.444568	0.0976	0.243	0.7695	-0.258	0	239	394	3
2026-02-12	15:30:58.150	41.125	-6.055	110.39	0.820572	-0.412604	0.101016	0.261	0.7845	-0.264	0	239	394	3
2026-02-12	15:30:58.170	85.435	-4.655	87.395	0.855952	-0.387472	0.112484	0.258	0.7875	-0.264	0	239	394	3
2026-02-12	15:30:58.190	128.73	-2.03	59.57	0.947208	-0.328912	0.15616	0.2745	0.783	-0.2655	0	239	394	3
2026-02-12	15:30:58.210	148.925	2.415	34.09	0.932568	-0.199836	0.172996	0.273	0.7755	-0.279	0	263	405	3
2026-02-12	15:30:58.230	138.565	2.625	15.435	0.903288	-0.123464	0.1647	0.276	0.7605	-0.294	0	263	405	3
2026-02-12	15:30:58.250	115.325	-3.605	-5.775	0.948428	-0.076616	0.149572	0.285	0.7485	-0.3	0	263	405	3
2026-02-12	15:30:58.270	83.72	-14.175	-27.195	0.941352	-0.070028	0.164944	0.2865	0.735	-0.312	0	263	405	3
2026-02-12	15:30:58.290	56.14	-26.145	-46.515	0.889868	-0.08662	0.254736	0.2805	0.7245	-0.3195	0	263	405	3
2026-02-12	15:30:58.310	36.89	-40.215	-63.455	0.88206	-0.11956	0.350872	0.2805	0.72	-0.318	0	263	405	3
2026-02-12	15:30:58.330	24.99	-49.56	-77.63	0.892552	-0.1769	0.426268	0.267	0.7005	-0.318	0	263	405	3
2026-02-12	15:30:58.350	16.24	-56.525	-89.355	0.92232	-0.228872	0.438956	0.255	0.6945	-0.3195	0	263	405	3
2026-02-12	15:30:58.370	13.37	-58.765	-99.96	0.930616	-0.26108	0.436516	0.2505	0.69	-0.3075	0	263	405	3
2026-02-12	15:30:58.390	24.92	-58.52	-108.01	0.948428	-0.276208	0.437492	0.234	0.681	-0.306	0	263	405	3
2026-02-12	15:30:58.410	67.725	-52.535	-113.015	1.01748	-0.227164	0.454572	0.2265	0.6675	-0.3	0	286	382	3
2026-02-12	15:30:58.430	95.83	-47.39	-110.32	1.034316	-0.168604	0.444568	0.2115	0.651	-0.2955	0	286	382	3
2026-02-12	15:30:58.450	103.67	-44.275	-105.77	1.022848	-0.096868	0.448472	0.1965	0.6225	-0.3	0	286	382	3
2026-02-12	15:30:58.470	90.965	-42	-100.695	1.004792	-0.054412	0.455304	0.1905	0.6	-0.303	0	286	382	3
2026-02-12	15:30:58.490	71.61	-40.635	-94.605	0.966484	-0.015372	0.455792	0.177	0.579	-0.294	0	286	382	3
2026-02-12	15:30:58.510	49.385	-40.04	-87.815	0.932324	0.025376	0.457256	0.1695	0.5685	-0.2925	0	286	382	3
2026-02-12	15:30:58.530	20.44	-39.2	-82.705	0.93574	0.05124	0.461648	0.162	0.5625	-0.288	0	286	382	3
2026-02-12	15:30:58.550	-11.41	-36.33	-79.94	0.962336	0.028304	0.462136	0.1755	0.5385	-0.2865	0	286	382	3
2026-02-12	15:30:58.570	-39.62	-32.06	-77.77	0.998692	-0.003904	0.440664	0.1635	0.5445	-0.279	0	286	382	3
2026-02-12	15:30:58.590	-66.99	-27.055	-75.845	0.990884	-0.038308	0.411872	0.165	0.5385	-0.282	0	286	382	3
2026-02-12	15:30:58.610	-94.08	-21.315	-72.59	0.962824	-0.093452	0.38064	0.165	0.5385	-0.2775	0	301	369	3
2026-02-12	15:30:58.630	-105.595	-17.255	-68.495	0.932324	-0.138104	0.37942	0.165	0.5385	-0.2775	0	301	369	3
2026-02-12	15:30:58.650	-104.895	-13.545	-64.12	0.888892	-0.172264	0.401624	0.156	0.5355	-0.273	0	301	369	3
2026-02-12	15:30:58.670	-95.27	-10.36	-58.415	0.881328	-0.199104	0.414556	0.15	0.54	-0.2685	0	301	369	3
2026-02-12	15:30:58.690	-81.235	-9.905	-52.325	0.908168	-0.197884	0.403332	0.1515	0.5505	-0.267	0	301	369	3
2026-02-12	15:30:58.710	-70.63	-11.025	-45.535	0.92354	-0.206668	0.38918	0.1515	0.5535	-0.264	0	301	369	3
2026-02-12	15:30:58.730	-55.475	-12.075	-35.525	0.941596	-0.22814	0.40748	0.1545	0.552	-0.2625	0	301	369	3
2026-02-12	15:30:58.750	-35.91	-13.615	-23.87	0.924272	-0.162504	0.427732	0.1545	0.555	-0.267	0	301	369	3
2026-02-12	15:30:58.770	-27.055	-15.995	-15.33	0.948428	-0.11468	0.419924	0.1545	0.549	-0.2655	0	301	369	3
2026-02-12	15:30:58.790	-27.965	-18.48	-11.83	0.962092	-0.095892	0.402844	0.1545	0.546	-0.2595	0	301	369	3
2026-02-12	15:30:58.810	-33.95	-21.105	-12.04	0.94428	-0.13908	0.382104	0.1455	0.5535	-0.2595	0	305	374	3
2026-02-12	15:30:58.830	-31.22	-24.99	-14.035	0.923296	-0.193736	0.416996	0.147	0.5565	-0.264	0	305	374	3
2026-02-12	15:30:58.850	-19.705	-27.545	-17.185	0.926224	-0.242048	0.49044	0.141	0.555	-0.258	0	305	374	3
2026-02-12	15:30:58.870	-9.345	-27.51	-18.445	0.885476	-0.244244	0.530944	0.135	0.5595	-0.2535	0	305	374	3
2026-02-12	15:30:58.890	-4.655	-26.355	-17.885	0.800808	-0.253516	0.541192	0.1335	0.564	-0.249	0	305	374	3
2026-02-12	15:30:58.910	-3.85	-24.36	-13.825	0.677344	-0.262788	0.552904	0.135	0.558	-0.249	0	305	374	3
2026-02-12	15:30:58.930	-1.855	-23.38	-9.065	0.575352	-0.263276	0.561688	0.135	0.555	-0.252	0	305	374	3
2026-02-12	15:30:58.950	3.815	-23.1	-5.88	0.551684	-0.281576	0.576328	0.126	0.552	-0.2415	0	305	374	3
2026-02-12	15:30:58.970	14.14	-22.505	-2.31	0.584624	-0.300852	0.573888	0.1245	0.5535	-0.2505	0	305	374	3
2026-02-12	15:30:58.990	26.74	-21.105	3.745	0.634644	-0.310856	0.560956	0.1185	0.552	-0.237	0	305	374	3
2026-02-12	15:30:59.010	41.265	-17.64	11.935	0.747372	-0.338184	0.56974	0.1125	0.5445	-0.231	0	300	394	2
2026-02-12	15:30:59.030	61.18	-10.08	23.59	0.921588	-0.3538	0.570472	0.114	0.5445	-0.2325	0	300	394	2
2026-02-12	15:30:59.050	91.91	1.855	33.565	1.210728	-0.18422	0.58804	0.117	0.5565	-0.2325	0	300	394	2
2026-02-12	15:30:59.070	77.595	11.34	39.095	1.286856	-0.162748	0.60146	0.1155	0.5475	-0.2295	0	300	394	2
2026-02-12	15:30:59.090	49.35	20.895	44.065	1.311256	-0.21838	0.576572	0.1155	0.537	-0.228	0	300	394	2
2026-02-12	15:30:59.110	31.045	28.315	45.36	1.318332	-0.21106	0.538264	0.117	0.54	-0.237	0	300	394	2
2026-02-12	15:30:59.130	6.685	35.28	44.135	1.301008	-0.199836	0.481656	0.1185	0.543	-0.2415	0	300	394	2
2026-02-12	15:30:59.150	-20.825	40.215	42.42	1.237324	-0.238632	0.44652	0.123	0.5445	-0.2415	0	300	394	2
2026-02-12	15:30:59.170	-38.675	42.175	41.51	1.153876	-0.290116	0.42456	0.1305	0.5445	-0.2475	0	300	394	2
2026-02-12	15:30:59.190	-43.715	42.735	43.12	1.080432	-0.310856	0.403088	0.1275	0.5505	-0.246	0	300	394	2
2026-02-12	15:30:59.210	-44.24	43.015	47.985	1.02114	-0.287432	0.359656	0.144	0.567	-0.2565	0	291	424	3
2026-02-12	15:30:59.230	-49.28	41.335	57.19	0.906216	-0.26352	0.300852	0.135	0.5685	-0.2625	0	291	424	3
2026-02-12	15:30:59.250	-50.4	32.795	70.14	0.796416	-0.2562	0.2379	0.1395	0.594	-0.2715	0	291	424	3
2026-02-12	15:30:59.270	-36.96	21.455	79.31	0.767136	-0.27084	0.218136	0.1395	0.594	-0.2715	0	291	424	3
2026-02-12	15:30:59.290	-13.23	15.82	82.215	0.87352	-0.284504	0.219356	0.153	0.609	-0.2715	0	291	424	3
2026-02-12	15:30:59.310	8.855	13.895	84.945	0.901092	-0.262544	0.200568	0.1635	0.6285	-0.2685	0	291	424	3
2026-02-12	15:30:59.330	23.73	14.21	86.38	0.846192	-0.255224	0.177144	0.159	0.6405	-0.2685	0	291	424	3
2026-02-12	15:30:59.350	38.675	13.475	83.37	0.857904	-0.266692	0.168848	0.1575	0.648	-0.273	0	291	424	3
2026-02-12	15:30:59.370	56.56	13.58	75.81	0.92354	-0.276208	0.195932	0.1665	0.651	-0.2745	0	291	424	3
2026-02-12	15:30:59.390	73.5	16.52	66.78	1.028704	-0.252052	0.232776	0.1725	0.6405	-0.2865	0	291	424	3
2026-02-12	15:30:59.410	80.71	22.295	58.415	1.065304	-0.208132	0.233508	0.177	0.6435	-0.2925	0	281	426	3
2026-02-12	15:30:59.430	76.58	28.07	50.4	1.05042	-0.16958	0.207888	0.174	0.6405	-0.2865	0	281	426	3
2026-02-12	15:30:59.450	64.015	30.31	41.825	1.038464	-0.146156	0.177388	0.1845	0.6495	-0.294	0	281	426	3
2026-02-12	15:30:59.470	40.67	28.245	31.535	1.017968	-0.133468	0.174216	0.1995	0.6375	-0.2985	0	281	426	3
2026-02-12	15:30:59.490	14.035	22.61	23.66	0.988688	-0.12444	0.198128	0.201	0.636	-0.3015	0	281	426	3
2026-02-12	15:30:59.510	-3.57	15.995	18.55	0.96868	-0.128588	0.218624	0.204	0.636	-0.3075	0	281	426	3
2026-02-12	15:30:59.530	-17.115	8.05	11.095	0.983808	-0.132004	0.23424	0.204	0.639	-0.3075	0	281	426	3
2026-02-12	15:30:59.550	-28.105	-0.42	0.98	0.99796	-0.158112	0.25742	0.2025	0.6405	-0.309	0	281	426	3
2026-02-12	15:30:59.570	-33.705	-9.1	-10.99	0.989664	-0.181536	0.279136	0.2025	0.6435	-0.312	0	281	426	3
2026-02-12	15:30:59.590	-33.04	-17.57	-23.59	0.965264	-0.22448	0.28792	0.21	0.6405	-0.309	0	281	426	3
2026-02-12	15:30:59.610	-24.15	-26.355	-35	0.964776	-0.243268	0.290848	0.213	0.648	-0.306	0	271	397	3
2026-02-12	15:30:59.630	-11.9	-34.86	-45.64	0.966484	-0.239852	0.314272	0.2085	0.645	-0.294	0	271	397	3
2026-02-12	15:30:59.650	0.07	-40.18	-53.55	0.940864	-0.232776	0.365756	0.1965	0.6465	-0.3	0	271	397	3
2026-02-12	15:30:59.670	15.12	-40.74	-56.77	0.904752	-0.213012	0.415532	0.183	0.6435	-0.294	0	271	397	3
2026-02-12	15:30:59.690	39.725	-34.79	-53.095	0.844972	-0.144448	0.413092	0.183	0.624	-0.2865	0	271	397	3
2026-02-12	15:30:59.710	46.725	-30.52	-49.63	0.803004	-0.081008	0.373564	0.171	0.6195	-0.2895	0	271	397	3
2026-02-12	15:30:59.730	38.535	-29.505	-48.16	0.806908	-0.034892	0.332572	0.165	0.609	-0.288	0	271	397	3
2026-02-12	15:30:59.750	19.005	-30.03	-48.72	0.875472	-0.026596	0.316712	0.1635	0.5955	-0.2805	0	271	397	3
2026-02-12	15:30:59.770	-3.22	-30.205	-52.045	0.98332	-0.032208	0.3294	0.159	0.591	-0.2775	0	271	397	3
2026-02-12	15:30:59.790	-21.945	-27.475	-56.735	1.041392	-0.059292	0.34526	0.1605	0.597	-0.2895	0	271	397	3
2026-02-12	15:30:59.810	-32.06	-22.855	-59.885	1.078236	-0.094184	0.391864	0.1515	0.585	-0.2745	0	260	369	3
2026-02-12	15:30:59.830	-35.98	-15.05	-59.78	1.05774	-0.116388	0.444812	0.1455	0.576	-0.273	0	260	369	3
2026-02-12	15:30:59.850	-38.99	-6.615	-55.72	0.981368	-0.136396	0.456768	0.1395	0.582	-0.2715	0	260	369	3
2026-02-12	15:30:59.870	-41.37	-0.665	-49.525	0.905728	-0.116876	0.4392	0.1395	0.5775	-0.276	0	260	369	3
2026-02-12	15:30:59.890	-45.92	0.21	-45.08	0.901824	-0.096624	0.423828	0.144	0.5775	-0.2655	0	260	369	3
2026-02-12	15:30:59.910	-50.575	-1.75	-43.155	0.94794	-0.106872	0.43798	0.144	0.5775	-0.2655	0	260	369	3
2026-02-12	15:30:59.930	-52.85	-1.47	-41.335	0.976976	-0.102236	0.437004	0.144	0.5775	-0.27	0	260	369	3
2026-02-12	15:30:59.950	-55.895	0.945	-39.515	0.98088	-0.103212	0.413092	0.1455	0.576	-0.27	0	260	369	3
2026-02-12	15:30:59.970	-61.075	3.71	-39.41	0.987224	-0.116876	0.3904	0.141	0.576	-0.2685	0	260	369	3
2026-02-12	15:30:59.990	-64.61	5.005	-41.09	1.001132	-0.12688	0.398452	0.1365	0.5775	-0.273	0	260	369	3
2026-02-12	15:31:00.010	-71.015	3.99	-42.42	0.994544	-0.108092	0.40138	0.1425	0.5805	-0.2775	0	246	361	3
2026-02-12	15:31:00.030	-81.515	0.945	-42.455	0.97356	-0.11834	0.40626	0.147	0.579	-0.2715	0	246	361	3
2026-02-12	15:31:00.050	-90.16	-1.4	-41.055	0.931836	-0.139812	0.403332	0.144	0.582	-0.267	0	246	361	3
2026-02-12	15:31:00.070	-94.78	-3.535	-38.15	0.88084	-0.163968	0.391132	0.138	0.591	-0.267	0	246	361	3
2026-02-12	15:31:00.090	-93.66	-5.985	-33.88	0.828136	-0.18178	0.376736	0.1395	0.597	-0.2625	0	246	361	3
2026-02-12	15:31:00.110	-81.62	-9.135	-28.035	0.777628	-0.215696	0.362584	0.1365	0.6	-0.273	0	246	361	3
2026-02-12	15:31:00.130	-65.625	-12.705	-21.665	0.71736	-0.2318	0.321104	0.1335	0.606	-0.2655	0	246	361	3
2026-02-12	15:31:00.150	-64.505	-23.94	-21.77	0.711504	-0.174704	0.205692	0.132	0.6165	-0.258	0	246	361	3
2026-02-12	15:31:00.170	-81.585	-35.91	-39.69	0.72956	-0.24034	0.269132	0.1305	0.6165	-0.258	0	246	361	3
2026-02-12	15:31:00.190	-125.09	-32.97	-54.81	0.593164	-0.351604	0.30256	0.1275	0.6135	-0.2565	0	246	361	3
2026-02-12	15:31:00.210	-165.655	-30.8	-52.885	0.508252	-0.52216	0.277184	0.1155	0.624	-0.2505	0	232	363	3
2026-02-12	15:31:00.230	-157.78	-23.135	-39.235	0.36356	-0.630984	0.25742	0.12	0.624	-0.2385	0	232	363	3
2026-02-12	15:31:00.250	-117.775	-22.61	-15.295	0.29158	-0.540704	0.262788	0.114	0.639	-0.2295	0	232	363	3
2026-02-12	15:31:00.270	-87.395	-27.895	9.87	0.441396	-0.646356	0.297192	0.1095	0.648	-0.2235	0	232	363	3
2026-02-12	15:31:00.290	-55.02	-29.19	36.995	0.637816	-0.74542	0.363804	0.1095	0.651	-0.213	0	232	363	3
2026-02-12	15:31:00.310	-3.78	-28.77	56.525	0.982344	-0.769332	0.497272	0.1035	0.663	-0.2145	0	232	363	3
2026-02-12	15:31:00.330	83.405	-14.98	62.335	1.571116	-0.672952	0.521916	0.111	0.678	-0.2115	0	232	363	3
2026-02-12	15:31:00.350	101.535	-2.275	59.78	1.730936	-0.551928	0.45994	0.1125	0.6765	-0.2115	0	232	363	3
2026-02-12	15:31:00.370	94.64	9.94	53.025	1.783884	-0.544608	0.428952	0.1125	0.675	-0.216	0	232	363	3
2026-02-12	15:31:00.390	89.425	26.25	45.465	1.670668	-0.489952	0.44042	0.1095	0.672	-0.225	0	232	363	3
2026-02-12	15:31:00.410	80.71	38.255	47.53	1.458388	-0.385032	0.437248	0.111	0.672	-0.231	0	227	365	3
2026-02-12	15:31:00.430	57.89	42.595	57.05	1.223172	-0.279624	0.371856	0.1185	0.666	-0.243	0	227	365	3
2026-02-12	15:31:00.450	25.83	40.67	71.96	0.994544	-0.234728	0.301828	0.129	0.6735	-0.2475	0	227	365	3
2026-02-12	15:31:00.470	5.67	32.025	86.555	0.86132	-0.235704	0.268156	0.135	0.681	-0.2475	0	227	365	3
2026-02-12	15:31:00.490	5.285	21.77	98	0.845216	-0.227896	0.24644	0.1485	0.6855	-0.258	0	227	365	3
2026-02-12	15:31:00.510	11.83	13.79	105.77	0.858148	-0.196176	0.214476	0.1515	0.6945	-0.2655	0	227	365	3
2026-02-12	15:31:00.530	16.205	7.875	109.55	0.836188	-0.217648	0.17812	0.1545	0.705	-0.267	0	227	365	3
2026-02-12	15:31:00.550	24.15	4.305	106.33	0.805688	-0.238876	0.158356	0.1665	0.7095	-0.264	0	227	365	3
2026-02-12	15:31:00.570	32.515	3.57	97.965	0.808616	-0.260836	0.176412	0.183	0.7215	-0.2595	0	227	365	3
2026-02-12	15:31:00.590	41.685	6.265	86.415	0.83814	-0.256444	0.228872	0.1875	0.7305	-0.2625	0	227	365	3
2026-02-12	15:31:00.610	47.985	13.055	73.01	0.847412	-0.238632	0.248392	0.1935	0.732	-0.2685	0	231	361	3
2026-02-12	15:31:00.630	50.26	20.86	57.61	0.841312	-0.197152	0.23302	0.1995	0.7335	-0.2715	0	231	361	3
2026-02-12	15:31:00.650	46.725	26.565	39.655	0.881328	-0.182756	0.211304	0.1965	0.7335	-0.2805	0	231	361	3
2026-02-12	15:31:00.670	42.035	31.99	19.565	0.959652	-0.172508	0.205204	0.2025	0.729	-0.2775	0	231	361	3
2026-02-12	15:31:00.690	30.1	35.805	-0.56	1.029192	-0.128832	0.156892	0.213	0.735	-0.279	0	231	361	3
2026-02-12	15:31:00.710	4.585	35.84	-18.41	1.0431	-0.088328	0.110044	0.219	0.7215	-0.2955	0	231	361	3
2026-02-12	15:31:00.730	-28.14	32.06	-32.34	1.017236	-0.096136	0.103212	0.2115	0.723	-0.294	0	231	361	3
2026-02-12	15:31:00.750	-56.35	21.21	-45.115	1.001132	-0.165188	0.163236	0.2235	0.726	-0.303	0	231	361	3
2026-02-12	15:31:00.770	-62.545	9.52	-54.215	1.002352	-0.2135	0.271328	0.2235	0.7275	-0.294	0	231	361	3
2026-02-12	15:31:00.790	-53.06	0	-61.075	1.057252	-0.234484	0.337452	0.2235	0.726	-0.2895	0	231	361	3
2026-02-12	15:31:00.810	-35.98	-10.85	-68.285	1.11508	-0.249124	0.36234	0.2175	0.726	-0.294	0	239	340	3
2026-02-12	15:31:00.830	-10.64	-21.42	-76.475	1.152656	-0.295972	0.395524	0.21	0.7305	-0.2955	0	239	340	3
2026-02-12	15:31:00.850	23.73	-27.685	-81.97	1.15046	-0.34526	0.46116	0.207	0.7305	-0.2895	0	239	340	3
2026-02-12	15:31:00.870	66.605	-26.845	-81.34	1.083116	-0.312808	0.50752	0.1965	0.714	-0.285	0	239	340	3
2026-02-12	15:31:00.890	100.87	-21.315	-74.795	0.960872	-0.238388	0.4758	0.1965	0.7035	-0.285	0	239	340	3
2026-02-12	15:31:00.910	111.79	-20.405	-67.62	0.819596	0.022448	0.353068	0.186	0.6795	-0.2835	0	239	340	3
2026-02-12	15:31:00.930	78.015	-27.335	-71.995	0.731512	0.21594	0.267912	0.18	0.666	-0.285	0	239	340	3
2026-02-12	15:31:00.950	19.18	-32.34	-83.16	0.818376	0.13176	0.21838	0.1755	0.642	-0.294	0	239	340	3
2026-02-12	15:31:00.970	-44.17	-31.92	-94.535	1.017236	-0.00732	0.203252	0.1575	0.6345	-0.2925	0	239	340	3
2026-02-12	15:31:00.990	-67.41	-22.61	-93.66	1.061888	-0.030256	0.20374	0.156	0.63	-0.288	0	239	340	3
2026-02-12	15:31:01.010	-78.225	-13.055	-91.14	1.11874	-0.026352	0.235216	0.1515	0.621	-0.2775	0	246	323	3
2026-02-12	15:31:01.030	-84.7	-4.97	-86.695	1.147776	-0.033184	0.225944	0.1455	0.6195	-0.273	0	246	323	3
2026-02-12	15:31:01.050	-89.6	0	-80.64	1.116788	-0.02318	0.212768	0.1455	0.6225	-0.276	0	246	323	3
2026-02-12	15:31:01.070	-95.935	0.56	-74.69	1.081408	-0.025132	0.2135	0.1485	0.6255	-0.2745	0	246	323	3
2026-02-12	15:31:01.090	-100.52	-0.385	-70.315	1.02968	-0.061244	0.249856	0.1485	0.6255	-0.273	0	246	323	3
2026-02-12	15:31:01.110	-98.455	-1.925	-66.85	0.996496	-0.077104	0.294264	0.138	0.6255	-0.267	0	246	323	3
2026-02-12	15:31:01.130	-95.55	-2.975	-63.7	0.938668	-0.060024	0.2989	0.144	0.6285	-0.267	0	246	323	3
2026-02-12	15:31:01.150	-93.66	-4.375	-61.95	0.913048	-0.055876	0.27816	0.141	0.6225	-0.2595	0	246	323	3
2026-02-12	15:31:01.170	-77.665	-3.99	-60.76	0.9394	-0.101504	0.262788	0.141	0.627	-0.2715	0	246	323	3
2026-02-12	15:31:01.190	-54.145	-2.905	-59.01	0.979172	-0.078812	0.267424	0.141	0.627	-0.2715	0	246	323	3
2026-02-12	15:31:01.210	-46.06	-2.38	-58.1	0.969412	-0.082472	0.25986	0.135	0.627	-0.2655	0	250	311	3
2026-02-12	15:31:01.230	-40.25	-2.975	-56.245	1.00772	-0.116632	0.270596	0.1275	0.6255	-0.258	0	250	311	3
2026-02-12	15:31:01.250	-30.135	-4.305	-53.13	1.050176	-0.136396	0.305	0.126	0.6225	-0.2535	0	250	311	3
2026-02-12	15:31:01.270	-17.64	-4.13	-47.18	1.055056	-0.173972	0.355264	0.126	0.621	-0.252	0	250	311	3
2026-02-12	15:31:01.290	-6.335	-4.83	-38.29	1.033828	-0.163724	0.381372	0.12	0.6135	-0.258	0	250	311	3
2026-02-12	15:31:01.310	-3.43	-6.545	-29.015	0.964044	-0.144204	0.382836	0.123	0.6105	-0.2565	0	250	311	3
2026-02-12	15:31:01.330	-7.805	-10.395	-20.685	0.882792	-0.121268	0.374296	0.1275	0.6135	-0.252	0	250	311	3
2026-02-12	15:31:01.350	-19.04	-18.165	-15.75	0.830576	-0.111264	0.392352	0.1095	0.606	-0.2505	0	250	311	3
2026-02-12	15:31:01.370	-34.02	-26.145	-13.335	0.75884	-0.132004	0.42578	0.123	0.6045	-0.2565	0	250	311	3
2026-02-12	15:31:01.390	-43.085	-34.055	-9.345	0.635132	-0.209596	0.439932	0.1155	0.612	-0.258	0	250	311	3
2026-02-12	15:31:01.410	-27.37	-39.725	-3.815	0.538996	-0.272548	0.485804	0.108	0.618	-0.246	0	248	309	3
2026-02-12	15:31:01.430	7.28	-40.46	-0.315	0.479216	-0.287188	0.55266	0.1005	0.6225	-0.2325	0	248	309	3
2026-02-12	15:31:01.450	47.845	-37.415	3.955	0.421144	-0.275964	0.555344	0.102	0.6135	-0.2265	0	248	309	3
2026-02-12	15:31:01.470	86.205	-34.475	8.61	0.45384	-0.2623	0.531432	0.105	0.609	-0.2235	0	248	309	3
2026-02-12	15:31:01.490	109.655	-32.235	11.025	0.673684	-0.33916	0.55022	0.0945	0.6075	-0.228	0	248	309	3
2026-02-12	15:31:01.510	118.3	-26.32	10.675	0.906704	-0.403576	0.560712	0.0825	0.6015	-0.2175	0	248	309	3
2026-02-12	15:31:01.530	125.44	-17.395	4.585	1.193404	-0.391376	0.592676	0.0825	0.6	-0.222	0	248	309	3
2026-02-12	15:31:01.550	137.655	-5.075	-7.245	1.63114	-0.348188	0.647332	0.0855	0.582	-0.2205	0	248	309	3
2026-02-12	15:31:01.570	122.255	18.13	-10.01	1.79096	-0.282796	0.600972	0.0855	0.57	-0.2235	0	248	309	3
2026-02-12	15:31:01.590	79.38	48.055	-4.06	1.56038	-0.236192	0.473116	0.093	0.558	-0.2175	0	248	309	3
2026-02-12	15:31:01.610	1.365	66.045	11.025	1.319064	-0.192516	0.391864	0.09	0.549	-0.2265	0	247	334	3
2026-02-12	15:31:01.630	-49.945	68.775	29.575	1.153388	-0.194956	0.379908	0.099	0.5475	-0.2355	0	247	334	3
2026-02-12	15:31:01.650	-81.795	65.065	53.62	0.996252	-0.212036	0.362828	0.114	0.5535	-0.2505	0	247	334	3
2026-02-12	15:31:01.670	-95.725	55.72	78.05	0.8967	-0.192028	0.34648	0.1215	0.567	-0.258	0	247	334	3
2026-02-12	15:31:01.690	-104.79	46.62	98.035	0.858392	-0.197152	0.312808	0.1245	0.5745	-0.261	0	247	334	3
2026-02-12	15:31:01.710	-107.275	37.695	113.295	0.870836	-0.2257	0.254248	0.138	0.6	-0.27	0	247	334	3
2026-02-12	15:31:01.730	-101.01	29.75	124.425	0.898408	-0.243024	0.210084	0.144	0.6135	-0.264	0	247	334	3
2026-02-12	15:31:01.750	-82.915	22.995	132.16	0.911096	-0.291824	0.177144	0.147	0.657	-0.261	0	247	334	3
2026-02-12	15:31:01.770	-53.025	17.36	136.115	0.937448	-0.307684	0.155184	0.1605	0.672	-0.264	0	247	334	3
2026-02-12	15:31:01.790	-21.525	13.86	135.345	0.971608	-0.299632	0.141764	0.177	0.687	-0.267	0	247	334	3
2026-02-12	15:31:01.810	18.445	13.545	127.61	1.03456	-0.283528	0.162016	0.171	0.7065	-0.261	0	249	356	3
2026-02-12	15:31:01.830	54.67	17.71	116.06	1.027484	-0.228872	0.18666	0.171	0.7065	-0.261	0	249	356	3
2026-02-12	15:31:01.850	72.38	22.05	103.88	1.012844	-0.207644	0.182756	0.186	0.7155	-0.264	0	249	356	3
2026-02-12	15:31:01.870	84.98	25.34	89.635	1.026996	-0.188612	0.173972	0.21	0.7245	-0.273	0	249	356	3
2026-02-12	15:31:01.890	89.39	27.685	76.405	1.03944	-0.15616	0.16104	0.2205	0.723	-0.2775	0	249	356	3
2026-02-12	15:31:01.910	83.195	27.72	64.575	1.051396	-0.109556	0.139568	0.2235	0.7335	-0.288	0	249	356	3
2026-02-12	15:31:01.930	66.43	24.885	52.465	1.057984	-0.071736	0.143472	0.231	0.723	-0.2985	0	249	356	3
2026-02-12	15:31:01.950	42.98	18.935	39.55	1.073356	-0.064416	0.16592	0.2355	0.7215	-0.297	0	249	356	3
2026-02-12	15:31:01.970	17.85	11.13	26.32	1.098	-0.06832	0.194712	0.243	0.717	-0.297	0	249	356	3
2026-02-12	15:31:01.990	-5.46	2.52	11.795	1.121912	-0.083448	0.22692	0.258	0.7095	-0.3045	0	249	356	3
2026-02-12	15:31:02.010	-28.35	-7.875	-6.825	1.08702	-0.143472	0.219356	0.258	0.7095	-0.3045	0	251	347	3
2026-02-12	15:31:02.030	-32.48	-18.55	-22.715	1.025288	-0.12078	0.234728	0.2535	0.7185	-0.3045	0	251	347	3
2026-02-12	15:31:02.050	-33.39	-31.465	-42.035	0.966728	-0.14274	0.269132	0.249	0.72	-0.3	0	251	347	3
2026-02-12	15:31:02.070	-19.565	-36.295	-52.08	0.96136	-0.238388	0.36966	0.2415	0.7245	-0.291	0	251	347	3
2026-02-12	15:31:02.090	15.75	-33.32	-54.425	0.939644	-0.232044	0.466772	0.234	0.7215	-0.285	0	251	347	3
2026-02-12	15:31:02.110	50.61	-25.55	-50.715	0.910608	-0.17202	0.458476	0.2295	0.717	-0.2835	0	251	347	3
2026-02-12	15:31:02.130	67.69	-19.11	-46.375	0.884256	-0.032452	0.373076	0.222	0.702	-0.288	0	251	347	3
2026-02-12	15:31:02.150	61.985	-17.605	-46.095	0.90036	0.062952	0.27084	0.2115	0.705	-0.279	0	251	347	3
2026-02-12	15:31:02.170	42.035	-17.465	-49.805	0.965264	0.093696	0.208376	0.2145	0.678	-0.282	0	251	347	3
2026-02-12	15:31:02.190	15.19	-16.835	-55.44	1.019432	0.10614	0.187148	0.2115	0.6825	-0.285	0	251	347	3
2026-02-12	15:31:02.210	-14.805	-13.965	-60.83	1.036756	0.078568	0.183244	0.2145	0.678	-0.2865	0	250	325	3
2026-02-12	15:31:02.230	-39.095	-10.92	-64.925	1.032608	0.065148	0.194468	0.198	0.672	-0.2805	0	250	325	3
2026-02-12	15:31:02.250	-77.595	-6.44	-71.12	1.036512	0.01952	0.264008	0.195	0.6705	-0.2895	0	250	325	3
2026-02-12	15:31:02.270	-99.715	-3.255	-74.76	1.048956	-0.018056	0.295484	0.1965	0.669	-0.285	0	250	325	3
2026-02-12	15:31:02.290	-115.64	0.035	-76.37	1.040904	-0.065148	0.299876	0.1905	0.6705	-0.2775	0	250	325	3
2026-02-12	15:31:02.310	-125.16	2.94	-75.985	1.005524	-0.069784	0.274012	0.1815	0.6735	-0.276	0	250	325	3
2026-02-12	15:31:02.330	-130.34	3.675	-76.93	0.985516	-0.06832	0.232532	0.186	0.6735	-0.2625	0	250	325	3
2026-02-12	15:31:02.350	-130.34	3.71	-78.4	0.97966	-0.095648	0.199592	0.183	0.6795	-0.258	0	250	325	3
2026-02-12	15:31:02.370	-121.765	3.535	-79.835	1.013088	-0.152012	0.199836	0.1815	0.684	-0.261	0	250	325	3
2026-02-12	15:31:02.390	-104.965	3.71	-80.465	1.020408	-0.190564	0.203984	0.177	0.6975	-0.252	0	250	325	3
2026-02-12	15:31:02.410	-84	2.695	-80.185	1.014552	-0.209108	0.197152	0.165	0.6945	-0.246	0	246	306	3
2026-02-12	15:31:02.430	-61.88	-1.225	-79.73	1.035292	-0.221308	0.221552	0.1695	0.6975	-0.246	0	246	306	3
2026-02-12	15:31:02.450	-31.22	-3.885	-75.74	1.067256	-0.271572	0.302072	0.1605	0.6915	-0.237	0	246	306	3
2026-02-12	15:31:02.470	7.35	-4.55	-66.5	1.116056	-0.2867	0.353556	0.1605	0.6915	-0.237	0	246	306	3
2026-02-12	15:31:02.490	32.655	-7.56	-54.985	1.08702	-0.233264	0.34892	0.1575	0.681	-0.2355	0	246	306	3
2026-02-12	15:31:02.510	43.12	-8.715	-43.26	0.985516	-0.201056	0.393084	0.15	0.666	-0.237	0	246	306	3
2026-02-12	15:31:02.530	43.26	-6.79	-33.95	0.871568	-0.154696	0.456768	0.1455	0.6615	-0.2385	0	246	306	3
2026-02-12	15:31:02.550	31.15	-8.225	-27.23	0.824964	-0.133712	0.499712	0.1455	0.651	-0.2415	0	246	306	3
2026-02-12	15:31:02.570	12.495	-10.465	-22.225	0.816424	-0.166408	0.517768	0.153	0.6495	-0.2475	0	246	306	3
2026-02-12	15:31:02.590	-11.83	-15.365	-17.115	0.7137	-0.203984	0.503372	0.15	0.6435	-0.24	0	246	306	3
2026-02-12	15:31:02.610	-42.77	-22.085	-14.245	0.585844	-0.31476	0.507764	0.144	0.639	-0.24	0	239	301	3
2026-02-12	15:31:02.630	-54.215	-24.85	-13.58	0.537532	-0.461648	0.569008	0.1425	0.6405	-0.237	0	239	301	3
2026-02-12	15:31:02.650	-32.165	-23.625	-13.475	0.550464	-0.52338	0.61976	0.141	0.645	-0.2295	0	239	301	3
2026-02-12	15:31:02.670	9.695	-17.395	-8.575	0.552416	-0.496784	0.612684	0.135	0.639	-0.225	0	239	301	3
2026-02-12	15:31:02.690	29.33	-16.52	3.85	0.63806	-0.492392	0.498248	0.132	0.6405	-0.2235	0	239	301	3
2026-02-12	15:31:02.710	34.44	-21.875	11.06	0.783728	-0.497516	0.47092	0.1275	0.645	-0.2205	0	239	301	3
2026-02-12	15:31:02.730	50.47	-24.71	10.85	0.992836	-0.53924	0.594384	0.1275	0.645	-0.2175	0	239	301	3
2026-02-12	15:31:02.750	76.895	-21.35	9.765	1.253428	-0.544364	0.726388	0.129	0.6435	-0.2175	0	239	301	3
2026-02-12	15:31:02.770	94.465	-8.05	17.535	1.3054	-0.47946	0.741516	0.1275	0.636	-0.2145	0	239	301	3
2026-02-12	15:31:02.790	92.715	9.205	31.745	1.129964	-0.420168	0.578036	0.132	0.6345	-0.222	0	239	301	3
2026-02-12	15:31:02.810	87.01	18.41	38.15	1.072868	-0.33184	0.45872	0.1305	0.6285	-0.2205	0	235	331	3
2026-02-12	15:31:02.830	74.27	26.18	40.88	1.065792	-0.308416	0.44408	0.1305	0.63	-0.2325	0	235	331	3
2026-02-12	15:31:02.850	64.365	33.285	45.85	1.088484	-0.29768	0.465064	0.126	0.6285	-0.231	0	235	331	3
2026-02-12	15:31:02.870	58.45	41.37	55.3	1.099708	-0.254492	0.44164	0.144	0.621	-0.2385	0	235	331	3
2026-02-12	15:31:02.890	33.495	50.015	72.345	1.003084	-0.167384	0.309392	0.144	0.6255	-0.2415	0	235	331	3
2026-02-12	15:31:02.910	9.8	51.03	79.625	0.968192	-0.149328	0.252784	0.153	0.627	-0.249	0	235	331	3
2026-02-12	15:31:02.930	-10.045	48.51	84.7	0.98088	-0.163724	0.242536	0.168	0.636	-0.2565	0	235	331	3
2026-02-12	15:31:02.950	-21.035	44.17	89.845	1.01626	-0.160308	0.251076	0.174	0.6435	-0.255	0	235	331	3
2026-02-12	15:31:02.970	-27.475	40.11	93.73	1.01016	-0.149572	0.243512	0.1815	0.6585	-0.264	0	235	331	3
2026-02-12	15:31:02.990	-31.885	37.1	95.48	0.971852	-0.15738	0.233508	0.186	0.6705	-0.264	0	235	331	3
2026-02-12	15:31:03.010	-31.36	34.72	94.99	0.981368	-0.18666	0.242536	0.201	0.678	-0.267	0	235	365	3
2026-02-12	15:31:03.030	-26.635	33.46	93.66	1.000644	-0.201544	0.250344	0.1995	0.693	-0.267	0	235	365	3
2026-02-12	15:31:03.050	-21.7	33.88	91.28	0.976244	-0.210328	0.241316	0.2235	0.7005	-0.27	0	235	365	3
2026-02-12	15:31:03.070	-12.565	34.65	86.31	0.969656	-0.217404	0.216672	0.219	0.708	-0.267	0	235	365	3
2026-02-12	15:31:03.090	5.25	33.145	75.39	1.062864	-0.195932	0.204472	0.237	0.726	-0.2805	0	235	365	3
2026-02-12	15:31:03.110	14.91	32.76	62.02	1.119472	-0.17324	0.165432	0.237	0.726	-0.2805	0	235	365	3
2026-02-12	15:31:03.130	13.335	30.52	50.715	1.086288	-0.135908	0.12688	0.249	0.732	-0.282	0	235	365	3
2026-02-12	15:31:03.150	7.14	23.485	38.885	1.085312	-0.12932	0.12688	0.2685	0.7365	-0.285	0	235	365	3
2026-02-12	15:31:03.170	1.225	16.135	25.9	1.099708	-0.140056	0.158844	0.276	0.735	-0.288	0	235	365	3
2026-02-12	15:31:03.190	-2.38	9.24	13.51	1.076284	-0.126392	0.192272	0.279	0.7485	-0.288	0	235	365	3
2026-02-12	15:31:03.210	-6.475	0.42	0.98	1.077748	-0.128588	0.21472	0.282	0.7365	-0.291	0	235	366	3
2026-02-12	15:31:03.230	-9.24	-10.01	-12.355	1.095316	-0.156648	0.238144	0.294	0.7545	-0.288	0	235	366	3
2026-02-12	15:31:03.250	-6.79	-20.195	-24.185	1.062376	-0.226188	0.26352	0.2805	0.7455	-0.2865	0	235	366	3
2026-02-12	15:31:03.270	6.79	-29.82	-30.485	1.005524	-0.264496	0.290604	0.2745	0.744	-0.2835	0	235	366	3
2026-02-12	15:31:03.290	32.445	-35.525	-32.375	0.975512	-0.18056	0.343064	0.2805	0.741	-0.273	0	235	366	3
2026-02-12	15:31:03.310	59.15	-32.62	-29.225	0.958188	-0.07076	0.381128	0.2655	0.7425	-0.2835	0	235	366	3
2026-02-12	15:31:03.330	62.51	-26.075	-22.995	0.9272	0.017324	0.340868	0.261	0.732	-0.285	0	235	366	3
2026-02-12	15:31:03.350	43.785	-22.54	-19.075	0.934032	0.0549	0.290116	0.2565	0.717	-0.288	0	235	366	3
2026-02-12	15:31:03.370	14.175	-20.09	-19.39	0.972096	0.08418	0.2379	0.255	0.7125	-0.291	0	235	366	3
2026-02-12	15:31:03.390	-18.655	-17.115	-24.08	1.025044	0.085888	0.192028	0.2505	0.7065	-0.2835	0	235	366	3
2026-02-12	15:31:03.410	-49.595	-13.23	-30.73	1.059204	0.046604	0.19276	0.246	0.7065	-0.2835	0	234	344	3
2026-02-12	15:31:03.430	-73.85	-4.34	-36.505	1.047004	-0.020496	0.252784	0.2445	0.7095	-0.2835	0	234	344	3
2026-02-12	15:31:03.450	-80.955	7.385	-43.54	1.047492	-0.015372	0.284748	0.234	0.72	-0.273	0	234	344	3
2026-02-12	15:31:03.470	-83.475	17.815	-52.465	1.036512	-0.018544	0.276452	0.246	0.714	-0.273	0	234	344	3
2026-02-12	15:31:03.490	-102.305	24.85	-58.975	0.987956	-0.100772	0.249612	0.2385	0.723	-0.2685	0	234	344	3
2026-02-12	15:31:03.510	-123.585	28.385	-63.84	0.94306	-0.199836	0.24156	0.2385	0.7275	-0.267	0	234	344	3
2026-02-12	15:31:03.530	-128.415	28.595	-70.595	0.911096	-0.238388	0.272792	0.2415	0.741	-0.252	0	234	344	3
2026-02-12	15:31:03.550	-114.38	27.65	-73.22	0.894016	-0.212768	0.299632	0.2415	0.747	-0.2475	0	234	344	3
2026-02-12	15:31:03.570	-96.81	25.095	-75.74	0.884256	-0.178364	0.306708	0.234	0.7515	-0.2415	0	234	344	3
2026-02-12	15:31:03.590	-84.455	21.035	-78.855	0.91012	-0.193004	0.312564	0.228	0.75	-0.24	0	234	344	3
2026-02-12	15:31:03.610	-71.925	16.59	-82.04	0.94062	-0.244244	0.34038	0.228	0.7545	-0.2385	0	230	322	3
2026-02-12	15:31:03.630	-56.14	13.51	-84.455	0.97112	-0.271816	0.390156	0.2235	0.762	-0.231	0	230	322	3
2026-02-12	15:31:03.650	-47.67	9.345	-85.505	0.971852	-0.26474	0.399672	0.2175	0.7545	-0.231	0	230	322	3
2026-02-12	15:31:03.670	-45.36	5.04	-84.595	0.959652	-0.253028	0.382592	0.2175	0.747	-0.231	0	230	322	3
2026-02-12	15:31:03.690	-41.685	0.245	-82.46	0.9272	-0.252296	0.369416	0.1965	0.747	-0.228	0	230	322	3
2026-02-12	15:31:03.710	-36.575	-4.515	-79.835	0.895968	-0.257664	0.37942	0.204	0.7425	-0.2175	0	230	322	3
2026-02-12	15:31:03.730	-33.88	-9.695	-77.28	0.870592	-0.284504	0.404064	0.1935	0.741	-0.213	0	230	322	3
2026-02-12	15:31:03.750	-30.765	-13.125	-74.725	0.84424	-0.301096	0.404552	0.1935	0.741	-0.213	0	230	322	3
2026-02-12	15:31:03.770	-31.22	-17.15	-72.45	0.812032	-0.2928	0.399184	0.1815	0.729	-0.213	0	230	322	3
2026-02-12	15:31:03.790	-38.15	-20.51	-69.405	0.720776	-0.325496	0.421388	0.1695	0.717	-0.213	0	230	322	3
2026-02-12	15:31:03.810	-45.64	-24.465	-61.775	0.539484	-0.367464	0.422852	0.1755	0.726	-0.207	0	224	316	2
2026-02-12	15:31:03.830	-68.005	-41.16	-47.635	0.266204	-0.36112	0.266692	0.165	0.708	-0.204	0	224	316	2
2026-02-12	15:31:03.850	-106.96	-78.015	-37.205	0.113216	-0.373076	0.215452	0.159	0.714	-0.1845	0	224	316	2
2026-02-12	15:31:03.870	-127.68	-99.47	-49.91	0.307684	-0.687592	0.483852	0.1515	0.7185	-0.177	0	224	316	2
2026-02-12	15:31:03.890	-81.13	-88.795	-57.47	0.74054	-1.318088	0.760304	0.1395	0.7305	-0.162	0	224	316	2
2026-02-12	15:31:03.910	40.845	-52.71	-35.28	0.973072	-1.438136	0.695888	0.1395	0.723	-0.1575	0	224	316	2
2026-02-12	15:31:03.930	168.805	-21.315	2.24	1.013576	-1.144604	0.496052	0.1215	0.7245	-0.15	0	224	316	2
2026-02-12	15:31:03.950	255.745	-3.255	45.85	1.297836	-0.816668	0.453108	0.123	0.702	-0.1575	0	224	316	2
2026-02-12	15:31:03.970	272.965	15.12	75.215	1.791692	-0.54046	0.565836	0.126	0.696	-0.165	0	224	316	2
2026-02-12	15:31:03.990	227.85	42.105	93.8	1.724836	-0.236192	0.579988	0.1305	0.681	-0.1845	0	224	316	2
2026-02-12	15:31:04.010	151.795	62.615	109.235	1.486448	-0.065392	0.491416	0.1305	0.6735	-0.195	0	227	335	3
2026-02-12	15:31:04.030	69.86	65.905	109.2	1.431548	0.002196	0.43798	0.141	0.681	-0.204	0	227	335	3
2026-02-12	15:31:04.050	-17.29	67.2	101.185	1.415444	-0.106384	0.420168	0.1545	0.6795	-0.213	0	227	335	3
2026-02-12	15:31:04.070	-86.52	66.92	98.105	1.307596	-0.211792	0.41358	0.171	0.696	-0.222	0	227	335	3
2026-02-12	15:31:04.090	-130.585	63.7	102.165	1.153632	-0.281088	0.365756	0.1845	0.7095	-0.225	0	227	335	3
2026-02-12	15:31:04.110	-146.3	59.675	110.11	1.007964	-0.301096	0.285968	0.198	0.7245	-0.2265	0	227	335	3
2026-02-12	15:31:04.130	-145.425	53.2	118.79	0.8845	-0.297192	0.201056	0.21	0.762	-0.225	0	227	335	3
2026-02-12	15:31:04.150	-132.09	42.665	126.42	0.857904	-0.303536	0.136884	0.234	0.774	-0.2085	0	227	335	3
2026-02-12	15:31:04.170	-91.56	22.75	133.595	0.843508	-0.277916	0.085156	0.2505	0.7935	-0.216	0	227	335	3
2026-02-12	15:31:04.190	-55.685	11.235	132.44	0.839604	-0.2745	0.090036	0.2655	0.816	-0.2055	0	227	335	3
2026-02-12	15:31:04.210	-14.805	3.01	125.58	0.924516	-0.294508	0.101504	0.2805	0.8385	-0.1965	0	240	355	3
2026-02-12	15:31:04.230	24.885	0.84	116.655	0.940376	-0.294264	0.099552	0.2865	0.837	-0.192	0	240	355	3
2026-02-12	15:31:04.250	60.27	2.135	105.945	0.903532	-0.262788	0.102236	0.306	0.8475	-0.1905	0	240	355	3
2026-02-12	15:31:04.270	90.02	3.64	91.21	0.920124	-0.260836	0.124928	0.312	0.8535	-0.1935	0	240	355	3
2026-02-12	15:31:04.290	118.51	6.65	74.06	0.984052	-0.308172	0.144204	0.33	0.855	-0.2145	0	240	355	3
2026-02-12	15:31:04.310	141.575	12.81	58.065	1.002108	-0.2989	0.142252	0.339	0.8415	-0.2205	0	240	355	3
2026-02-12	15:31:04.330	147.56	15.89	44.59	1.004792	-0.246684	0.104188	0.3435	0.831	-0.234	0	240	355	3
2026-02-12	15:31:04.350	135.905	13.895	30.765	1.033584	-0.191784	0.080276	0.351	0.819	-0.243	0	240	355	3
2026-02-12	15:31:04.370	110.145	8.015	10.29	1.062132	-0.14518	0.095648	0.36	0.8115	-0.258	0	240	355	3
2026-02-12	15:31:04.390	83.265	0.84	-10.185	1.03578	-0.117364	0.146156	0.36	0.8115	-0.258	0	240	355	3
2026-02-12	15:31:04.410	62.545	-7.035	-25.935	1.021628	-0.116388	0.1952	0.363	0.795	-0.2685	0	257	340	3
2026-02-12	15:31:04.430	38.255	-16.38	-42.805	1.0187	-0.134688	0.243268	0.3675	0.78	-0.2805	0	257	340	3
2026-02-12	15:31:04.450	14.595	-24.815	-59.29	0.99674	-0.178364	0.285236	0.351	0.7695	-0.282	0	257	340	3
2026-02-12	15:31:04.470	1.785	-30.625	-71.96	0.990152	-0.188124	0.335744	0.3465	0.7665	-0.2925	0	257	340	3
2026-02-12	15:31:04.490	-1.225	-33.355	-80.85	0.965508	-0.182268	0.35258	0.3435	0.759	-0.285	0	257	340	3
2026-02-12	15:31:04.510	1.785	-33.635	-85.575	0.937204	-0.203252	0.350384	0.33	0.762	-0.291	0	257	340	3
2026-02-12	15:31:04.530	9.835	-33.18	-87.325	0.929152	-0.218868	0.369416	0.3225	0.762	-0.279	0	257	340	3
2026-02-12	15:31:04.550	21.455	-31.465	-86.17	0.935984	-0.22692	0.402112	0.309	0.7515	-0.282	0	257	340	3
2026-02-12	15:31:04.570	33.915	-28.455	-82.635	0.9577	-0.20496	0.43188	0.3075	0.7335	-0.282	0	257	340	3
2026-02-12	15:31:04.590	42.56	-23.695	-75.67	0.942084	-0.143472	0.433344	0.2955	0.732	-0.279	0	257	340	3
2026-02-12	15:31:04.610	44.66	-22.015	-69.09	0.95526	-0.08295999	0.41724	0.2865	0.7215	-0.279	0	269	316	3
2026-02-12	15:31:04.630	37.485	-21	-65.135	0.961116	-0.033428	0.401624	0.273	0.705	-0.282	0	269	316	3
2026-02-12	15:31:04.650	17.745	-20.265	-63.35	0.960628	-0.005612	0.388204	0.27	0.7005	-0.2865	0	269	316	3
2026-02-12	15:31:04.670	-9.345	-20.125	-64.085	0.954284	0.00366	0.395524	0.261	0.7005	-0.2895	0	269	316	3
2026-02-12	15:31:04.690	-39.445	-20.335	-67.025	0.953064	-0.04026	0.413824	0.261	0.6885	-0.279	0	269	316	3
2026-02-12	15:31:04.710	-63.21	-19.88	-69.895	0.947696	-0.074908	0.418948	0.2535	0.6945	-0.282	0	269	316	3
2026-02-12	15:31:04.730	-80.675	-19.145	-71.575	0.941352	-0.111752	0.396988	0.2535	0.6915	-0.273	0	269	316	3
2026-02-12	15:31:04.750	-90.265	-18.865	-72.415	0.93086	-0.144204	0.36722	0.2475	0.6945	-0.276	0	269	316	3
2026-02-12	15:31:04.770	-91.07	-18.935	-72.17	0.912804	-0.180316	0.344284	0.2325	0.69	-0.255	0	269	316	3
2026-02-12	15:31:04.790	-82.635	-19.775	-69.72	0.8967	-0.208132	0.336476	0.2415	0.699	-0.258	0	269	316	3
2026-02-12	15:31:04.810	-59.22	-21.28	-61.635	0.842288	-0.227408	0.336476	0.219	0.705	-0.246	0	273	313	3
2026-02-12	15:31:04.830	-39.935	-24.43	-55.86	0.845948	-0.221308	0.323788	0.2145	0.705	-0.243	0	273	313	3
2026-02-12	15:31:04.850	-21.455	-28.28	-50.89	0.858636	-0.221064	0.33428	0.2115	0.7065	-0.2415	0	273	313	3
2026-02-12	15:31:04.870	-4.375	-31.43	-46.34	0.869616	-0.214476	0.369416	0.21	0.7065	-0.234	0	273	313	3
2026-02-12	15:31:04.890	9.1	-32.9	-41.72	0.88328	-0.191052	0.39528	0.204	0.699	-0.231	0	273	313	3
2026-02-12	15:31:04.910	17.675	-32.76	-37.31	0.9089	-0.16592	0.413336	0.207	0.6855	-0.228	0	273	313	3
2026-02-12	15:31:04.930	21.105	-31.395	-34.475	0.957944	-0.149328	0.437004	0.204	0.687	-0.2325	0	273	313	3
2026-02-12	15:31:04.950	20.195	-28.28	-32.27	0.97356	-0.133712	0.460428	0.1905	0.6885	-0.225	0	273	313	3
2026-02-12	15:31:04.970	14.805	-23.975	-28.665	0.948428	-0.124196	0.4575	0.1875	0.669	-0.231	0	273	313	3
2026-02-12	15:31:04.990	7.7	-21.175	-24.745	0.954284	-0.116632	0.447008	0.183	0.672	-0.225	0	273	313	3
2026-02-12	15:31:05.010	-5.32	-19.46	-21.77	0.983564	-0.115656	0.475068	0.1785	0.6705	-0.228	0	270	328	3
2026-02-12	15:31:05.030	-24.045	-16.73	-19.18	0.95038	-0.138592	0.50386	0.1785	0.6705	-0.228	0	270	328	3
2026-02-12	15:31:05.050	-38.22	-17.5	-15.96	0.85522	-0.163724	0.476044	0.1785	0.6705	-0.2205	0	270	328	3
2026-02-12	15:31:05.070	-60.13	-30.52	-11.97	0.733952	-0.173728	0.474824	0.1785	0.6705	-0.2145	0	270	328	3
2026-02-12	15:31:05.090	-108.78	-52.29	-9.03	0.741272	-0.305	0.63684	0.1785	0.6765	-0.2115	0	270	328	3
2026-02-12	15:31:05.110	-132.545	-53.655	-5.46	0.76616	-0.592432	0.870592	0.1695	0.6825	-0.2055	0	270	328	3
2026-02-12	15:31:05.130	-103.88	-45.01	7.805	0.726632	-0.798368	0.956236	0.1575	0.684	-0.1845	0	270	328	3
2026-02-12	15:31:05.150	-47.355	-29.26	31.78	0.644648	-0.867908	0.854488	0.168	0.6975	-0.1815	0	270	328	3
2026-02-12	15:31:05.170	14.35	-13.265	55.965	0.708088	-0.80032	0.665144	0.165	0.7065	-0.1725	0	270	328	3
2026-02-12	15:31:05.190	66.5	0.875	78.225	0.875228	-0.700768	0.529236	0.1725	0.7095	-0.165	0	270	328	3
2026-02-12	15:31:05.210	95.62	11.76	94.99	1.069696	-0.551928	0.452376	0.1755	0.711	-0.171	0	263	366	3
2026-02-12	15:31:05.230	102.69	27.65	100.38	1.3298	-0.451644	0.437492	0.198	0.7125	-0.1815	0	263	366	3
2026-02-12	15:31:05.250	91.665	49.945	100.065	1.467416	-0.343308	0.413092	0.21	0.72	-0.186	0	263	366	3
2026-02-12	15:31:05.270	55.3	67.725	98.315	1.38348	-0.222284	0.310124	0.222	0.7275	-0.1905	0	263	366	3
2026-02-12	15:31:05.290	13.3	78.26	92.89	1.304668	-0.205204	0.21594	0.2445	0.726	-0.2025	0	263	366	3
2026-02-12	15:31:05.310	-24.08	80.85	86.87	1.247572	-0.219356	0.163968	0.2595	0.7335	-0.207	0	263	366	3
2026-02-12	15:31:05.330	-51.835	79.415	83.51	1.222928	-0.282064	0.227408	0.279	0.7365	-0.2265	0	263	366	3
2026-02-12	15:31:05.350	-60.655	80.255	84.98	1.16876	-0.3294	0.31476	0.312	0.7365	-0.222	0	263	366	3
2026-02-12	15:31:05.370	-56.665	78.05	93.66	1.042368	-0.342332	0.277672	0.336	0.756	-0.222	0	263	366	3
2026-02-12	15:31:05.390	-44.205	72.555	102.305	0.947696	-0.310124	0.194224	0.372	0.756	-0.225	0	263	366	3
2026-02-12	15:31:05.410	-40.18	64.4	108.29	0.87596	-0.283528	0.11468	0.399	0.7515	-0.2115	0	261	396	3
2026-02-12	15:31:05.430	-35.595	52.43	110.705	0.850828	-0.269864	0.060512	0.432	0.738	-0.219	0	261	396	3
2026-02-12	15:31:05.450	-17.64	32.515	106.89	0.831552	-0.254736	0.037088	0.4575	0.738	-0.213	0	261	396	3
2026-02-12	15:31:05.470	-5.355	22.19	101.045	0.82472	-0.266936	0.042456	0.483	0.723	-0.207	0	261	396	3
2026-02-12	15:31:05.490	7.735	14.42	93.275	0.784948	-0.283772	0.058804	0.51	0.708	-0.201	0	261	396	3
2026-02-12	15:31:05.510	22.68	7.35	84.21	0.762988	-0.27694	0.081984	0.5145	0.693	-0.1965	0	261	396	3
2026-02-12	15:31:05.530	36.89	1.785	73.01	0.781044	-0.262788	0.121024	0.5145	0.6705	-0.1875	0	261	396	3
2026-02-12	15:31:05.550	47.355	-2.275	60.865	0.806908	-0.270352	0.139812	0.5205	0.6555	-0.183	0	261	396	3
2026-02-12	15:31:05.570	54.845	-5.81	48.965	0.817888	-0.28792	0.157624	0.522	0.6435	-0.174	0	261	396	3
2026-02-12	15:31:05.590	61.95	-10.29	34.93	0.85888	-0.273036	0.173484	0.5145	0.63	-0.168	0	261	396	3
2026-02-12	15:31:05.610	64.715	-15.295	19.67	0.899384	-0.257664	0.194712	0.507	0.618	-0.1605	0	261	379	3
2026-02-12	15:31:05.630	64.05	-21.07	3.885	0.9272	-0.227652	0.2135	0.507	0.6105	-0.156	0	261	379	3
2026-02-12	15:31:05.650	59.325	-28.035	-17.535	0.953796	-0.243268	0.262056	0.492	0.6	-0.1455	0	261	379	3
2026-02-12	15:31:05.670	60.41	-34.475	-39.655	1.001132	-0.259616	0.314028	0.492	0.6	-0.1455	0	261	379	3
2026-02-12	15:31:05.690	64.75	-39.76	-57.925	1.040904	-0.244488	0.343064	0.468	0.6015	-0.138	0	261	379	3
2026-02-12	15:31:05.710	68.81	-46.025	-76.3	1.064816	-0.243512	0.362096	0.4515	0.5955	-0.138	0	261	379	3
2026-02-12	15:31:05.730	73.08	-53.445	-92.68	1.085312	-0.230336	0.394548	0.447	0.597	-0.138	0	261	379	3
2026-02-12	15:31:05.750	74.235	-60.165	-103.915	1.080188	-0.221064	0.448716	0.432	0.588	-0.1365	0	261	379	3
2026-02-12	15:31:05.770	79.625	-62.265	-108.815	1.05652	-0.230824	0.497516	0.4215	0.591	-0.132	0	261	379	3
2026-02-12	15:31:05.790	93.59	-60.725	-106.61	0.996496	-0.210572	0.50142	0.4095	0.579	-0.132	0	261	379	3
2026-02-12	15:31:05.810	104.335	-61.355	-97.65	0.937448	-0.152256	0.485316	0.4035	0.582	-0.129	0	262	349	3
2026-02-12	15:31:05.830	106.155	-64.12	-83.685	0.898408	-0.141032	0.479216	0.399	0.5685	-0.1275	0	262	349	3
2026-02-12	15:31:05.850	106.4	-67.445	-66.395	0.891332	-0.127124	0.47458	0.3945	0.561	-0.123	0	262	349	3
2026-02-12	15:31:05.870	106.19	-65.835	-46.27	0.990396	-0.099552	0.472384	0.384	0.5595	-0.117	0	262	349	3
2026-02-12	15:31:05.890	98.665	-58.45	-29.82	1.0797	-0.053436	0.48922	0.3735	0.5565	-0.1125	0	262	349	3
2026-02-12	15:31:05.910	83.545	-50.33	-21.84	1.098976	0.033916	0.488732	0.3645	0.5535	-0.1095	0	262	349	3
2026-02-12	15:31:05.930	52.08	-38.78	-17.745	1.064572	0.089548	0.467504	0.3645	0.552	-0.1125	0	262	349	3
2026-02-12	15:31:05.950	9.625	-27.825	-17.465	1.02236	0.09028	0.447984	0.354	0.5565	-0.1035	0	262	349	3
2026-02-12	15:31:05.970	-34.93	-18.34	-18.865	0.970388	0.052948	0.421876	0.3465	0.5655	-0.09	0	262	349	3
2026-02-12	15:31:05.990	-76.09	-12.565	-21.315	0.937204	0.031476	0.38796	0.3465	0.5655	-0.096	0	262	349	3
2026-02-12	15:31:06.010	-122.465	-7.455	-23.94	0.92232	-0.026108	0.34526	0.3465	0.5655	-0.096	0	260	344	3
2026-02-12	15:31:06.030	-140.91	-4.725	-23.275	0.90158	-0.056608	0.316712	0.345	0.5865	-0.078	0	260	344	3
2026-02-12	15:31:06.050	-153.86	-2.135	-21.21	0.88694	-0.101748	0.28914	0.348	0.585	-0.0645	0	260	344	3
2026-02-12	15:31:06.070	-154.455	0.91	-18.9	0.890844	-0.143716	0.275476	0.342	0.606	-0.0645	0	260	344	3
2026-02-12	15:31:06.090	-142.52	3.5	-15.505	0.892552	-0.186904	0.256444	0.348	0.6105	-0.0525	0	260	344	3
2026-02-12	15:31:06.110	-129.255	3.85	-13.545	0.91866	-0.213256	0.260104	0.3405	0.618	-0.051	0	260	344	3
2026-02-12	15:31:06.130	-106.785	13.895	-10.5	0.944036	-0.313296	0.276208	0.3465	0.6405	-0.0375	0	260	344	3
2026-02-12	15:31:06.150	-58.415	22.715	-5.95	0.884744	-0.333548	0.293044	0.33	0.639	-0.0315	0	260	344	3
2026-02-12	15:31:06.170	-10.08	18.795	-3.955	0.898896	-0.198128	0.31598	0.339	0.648	-0.0375	0	260	344	3
2026-02-12	15:31:06.190	8.26	18.445	-6.265	0.888404	-0.105408	0.345016	0.3375	0.6645	-0.0285	0	260	344	3
2026-02-12	15:31:06.210	4.13	16.835	-10.5	0.885232	-0.083204	0.366732	0.327	0.66	-0.0315	0	256	350	3
2026-02-12	15:31:06.230	-12.775	11.795	-16.065	0.871324	-0.063196	0.40016	0.3285	0.669	-0.0255	0	256	350	3
2026-02-12	15:31:06.250	-38.01	5.705	-22.4	0.8479	-0.074176	0.444324	0.3315	0.6765	-0.03	0	256	350	3
2026-02-12	15:31:06.270	-63.665	1.015	-28.21	0.8296	-0.11468	0.486048	0.321	0.678	-0.0315	0	256	350	3
2026-02-12	15:31:06.290	-84.455	-4.34	-30.065	0.779336	-0.208864	0.494832	0.318	0.6915	-0.021	0	256	350	3
2026-02-12	15:31:06.310	-96.88	-9.065	-26.215	0.67466	-0.198372	0.450668	0.318	0.6915	-0.021	0	256	350	3
2026-02-12	15:31:06.330	-124.25	-17.115	-21.56	0.576572	-0.172264	0.338672	0.3045	0.705	-0.012	0	256	350	3
2026-02-12	15:31:06.350	-158.865	-32.41	-22.05	0.49898	-0.214964	0.233508	0.3075	0.7185	0.0015	0	256	350	3
2026-02-12	15:31:06.370	-175.385	-46.13	-26.355	0.44042	-0.335256	0.250344	0.2955	0.7275	0.006	0	256	350	3
2026-02-12	15:31:06.390	-159.11	-55.86	-33.46	0.448472	-0.519476	0.325008	0.294	0.7365	0.0225	0	256	350	3
2026-02-12	15:31:06.410	-105.21	-60.655	-37.31	0.47336	-0.624152	0.405284	0.291	0.7425	0.0285	0	251	358	2
2026-02-12	15:31:06.430	-42.875	-58.555	-36.995	0.501176	-0.680272	0.452864	0.285	0.747	0.033	0	251	358	2
2026-02-12	15:31:06.450	20.3	-55.545	-33.25	0.67588	-0.74054	0.500444	0.279	0.7545	0.0345	0	251	358	2
2026-02-12	15:31:06.470	85.645	-52.15	-28.105	0.936472	-0.811056	0.598532	0.267	0.759	0.018	0	251	358	2
2026-02-12	15:31:06.490	154.175	-46.13	-21.735	1.232932	-0.820328	0.686616	0.267	0.7725	0	0	251	358	2
2026-02-12	15:31:06.510	227.115	-31.395	-13.265	1.724348	-0.661728	0.7198	0.2565	0.762	-0.0345	0	251	358	2
2026-02-12	15:31:06.530	236.845	-2.205	-0.07	1.860744	-0.481168	0.56242	0.249	0.7575	-0.0705	0	251	358	2
2026-02-12	15:31:06.550	209.125	26.6	7.56	1.66774	-0.347456	0.419436	0.246	0.7365	-0.1065	0	251	358	2
2026-02-12	15:31:06.570	170.38	47.88	10.99	1.502308	-0.243024	0.384788	0.237	0.7245	-0.135	0	251	358	2
2026-02-12	15:31:06.590	113.47	62.475	18.165	1.307352	-0.193004	0.371368	0.2355	0.6915	-0.1605	0	251	358	2
2026-02-12	15:31:06.610	56.21	71.365	30.73	1.104344	-0.174704	0.351848	0.228	0.6825	-0.168	0	253	374	3
2026-02-12	15:31:06.630	15.575	72.835	48.58	0.9333	-0.137372	0.304756	0.2355	0.672	-0.18	0	253	374	3
2026-02-12	15:31:06.650	-14.875	70.49	65.73	0.795684	-0.104432	0.23546	0.234	0.669	-0.1965	0	253	374	3
2026-02-12	15:31:06.670	-38.115	63.595	76.86	0.754692	-0.072468	0.20984	0.24	0.669	-0.195	0	253	374	3
2026-02-12	15:31:06.690	-60.725	54.95	83.895	0.784704	-0.09638	0.192028	0.231	0.681	-0.1935	0	253	374	3
2026-02-12	15:31:06.710	-79.975	46.235	89.915	0.833016	-0.1403	0.17324	0.2385	0.6915	-0.198	0	253	374	3
2026-02-12	15:31:06.730	-98.91	39.97	93.59	0.882548	-0.221552	0.141276	0.249	0.711	-0.1965	0	253	374	3
2026-02-12	15:31:06.750	-101.395	36.925	90.65	0.916464	-0.285724	0.120048	0.2445	0.7065	-0.192	0	253	374	3
2026-02-12	15:31:06.770	-89.81	35.035	84.245	0.983564	-0.323788	0.115412	0.255	0.723	-0.1935	0	253	374	3
2026-02-12	15:31:06.790	-68.705	34.545	74.585	1.042124	-0.316224	0.11712	0.2535	0.75	-0.186	0	253	374	3
2026-02-12	15:31:06.810	-42.07	36.155	62.65	1.068232	-0.308416	0.106872	0.2595	0.756	-0.183	0	262	374	3
2026-02-12	15:31:06.830	-10.815	37.765	49.28	1.123132	-0.304268	0.09394	0.276	0.7695	-0.186	0	262	374	3
2026-02-12	15:31:06.850	17.99	38.115	38.92	1.131916	-0.254736	0.092476	0.2745	0.777	-0.1845	0	262	374	3
2026-02-12	15:31:06.870	34.825	36.365	31.43	1.112152	-0.19642	0.066124	0.2775	0.7785	-0.1875	0	262	374	3
2026-02-12	15:31:06.890	44.59	30.66	23.38	1.115812	-0.1403	0.072224	0.27	0.768	-0.1935	0	262	374	3
2026-02-12	15:31:06.910	45.99	22.68	14.84	1.091412	-0.110532	0.111508	0.2865	0.7725	-0.198	0	262	374	3
2026-02-12	15:31:06.930	35.98	10.045	4.165	1.069452	-0.121024	0.159576	0.279	0.7665	-0.2085	0	262	374	3
2026-02-12	15:31:06.950	21.28	-4.445	-9.03	1.05408	-0.150792	0.212524	0.282	0.762	-0.2055	0	262	374	3
2026-02-12	15:31:06.970	12.88	-15.26	-21.56	1.023336	-0.201788	0.250344	0.285	0.774	-0.2085	0	262	374	3
2026-02-12	15:31:06.990	16.625	-24.57	-32.865	0.981368	-0.252784	0.30012	0.282	0.7605	-0.207	0	262	374	3
2026-02-12	15:31:07.010	34.895	-29.435	-40.215	0.90646	-0.244244	0.366732	0.27	0.7575	-0.216	0	272	343	3
2026-02-12	15:31:07.030	60.025	-28.56	-44.17	0.817156	-0.12444	0.358192	0.27	0.7515	-0.2055	0	272	343	3
2026-02-12	15:31:07.050	80.535	-27.055	-46.865	0.773968	-0.088084	0.33184	0.2535	0.7485	-0.2085	0	272	343	3
2026-02-12	15:31:07.070	97.58	-24.045	-47.075	0.768844	-0.049532	0.291092	0.243	0.7395	-0.2115	0	272	343	3
2026-02-12	15:31:07.090	91.735	-23.695	-50.61	0.77958	0.045384	0.279624	0.243	0.732	-0.213	0	272	343	3
2026-02-12	15:31:07.110	61.495	-24.78	-57.4	0.863516	0.068564	0.326228	0.2385	0.717	-0.225	0	272	343	3
2026-02-12	15:31:07.130	23.205	-23.625	-62.895	0.944524	0.051972	0.362584	0.234	0.7095	-0.225	0	272	343	3
2026-02-12	15:31:07.150	-14.105	-19.565	-67.165	0.978196	0.031232	0.363072	0.2295	0.6915	-0.2205	0	272	343	3
2026-02-12	15:31:07.170	-44.59	-17.64	-70.42	1.021872	-0.014884	0.356972	0.2205	0.6975	-0.2295	0	272	343	3
2026-02-12	15:31:07.190	-56.455	-16.8	-70.21	1.012844	-0.052216	0.378932	0.2205	0.6945	-0.222	0	272	343	3
2026-02-12	15:31:07.210	-59.5	-17.08	-68.145	1.001864	-0.06344	0.412116	0.2085	0.6945	-0.213	0	278	316	3
2026-02-12	15:31:07.230	-57.54	-16.625	-65.38	0.980392	-0.081252	0.407968	0.2055	0.6885	-0.207	0	278	316	3
2026-02-12	15:31:07.250	-47.74	-17.85	-63.07	0.97234	-0.069296	0.374052	0.201	0.687	-0.2085	0	278	316	3
2026-02-12	15:31:07.270	-35.07	-18.69	-61.355	0.986248	-0.092964	0.352336	0.201	0.681	-0.2025	0	278	316	3
2026-02-12	15:31:07.290	-21.49	-18.48	-58.66	0.964288	-0.085888	0.341356	0.1815	0.6885	-0.2055	0	278	316	3
2026-02-12	15:31:07.310	-11.9	-18.095	-56.175	0.91744	-0.050264	0.332816	0.186	0.681	-0.2025	0	278	316	3
2026-02-12	15:31:07.330	-7.105	-18.27	-55.16	0.90402	-0.04026	0.341844	0.1815	0.678	-0.195	0	278	316	3
2026-02-12	15:31:07.350	-3.255	-18.655	-53.795	0.906704	-0.050996	0.35502	0.18	0.675	-0.1935	0	278	316	3
2026-02-12	15:31:07.370	4.34	-18.76	-51.03	0.937204	-0.053192	0.36356	0.1725	0.66	-0.1875	0	278	316	3
2026-02-12	15:31:07.390	11.165	-17.745	-48.335	0.952576	-0.083936	0.372344	0.1665	0.663	-0.1905	0	278	316	3
2026-02-12	15:31:07.410	15.4	-14.175	-45.08	0.97722	-0.0976	0.39894	0.168	0.6585	-0.186	0	278	312	3
2026-02-12	15:31:07.430	16.87	-11.165	-40.39	1.026508	-0.109312	0.41602	0.1635	0.6525	-0.186	0	278	312	3
2026-02-12	15:31:07.450	14.91	-8.015	-33.915	1.024556	-0.111264	0.413092	0.1575	0.642	-0.1845	0	278	312	3
2026-02-12	15:31:07.470	7.98	-6.65	-26.46	0.986492	-0.092476	0.403576	0.156	0.6435	-0.1905	0	278	312	3
2026-02-12	15:31:07.490	-5.635	-8.82	-19.775	0.970632	-0.0915	0.431392	0.159	0.633	-0.1875	0	278	312	3
2026-02-12	15:31:07.510	-23.94	-11.55	-14.105	0.926712	-0.110288	0.445788	0.1605	0.636	-0.186	0	278	312	3
2026-02-12	15:31:07.530	-43.715	-15.015	-8.89	0.867176	-0.149572	0.441152	0.15	0.627	-0.1875	0	278	312	3
2026-02-12	15:31:07.550	-59.01	-19.985	-4.655	0.820084	-0.177876	0.432612	0.147	0.627	-0.1815	0	278	312	3
2026-02-12	15:31:07.570	-74.34	-26.6	-1.435	0.757864	-0.239852	0.479704	0.147	0.639	-0.18	0	278	312	3
2026-02-12	15:31:07.590	-83.65	-28.175	3.36	0.63928	-0.335744	0.525088	0.147	0.6435	-0.1725	0	278	312	3
2026-02-12	15:31:07.610	-73.08	-26.25	11.9	0.533628	-0.387472	0.499468	0.1485	0.6525	-0.168	0	271	328	3
2026-02-12	15:31:07.630	-51.835	-25.62	21.455	0.46238	-0.388692	0.42944	0.15	0.648	-0.1575	0	271	328	3
2026-02-12	15:31:07.650	-29.47	-27.37	29.505	0.449692	-0.427244	0.386008	0.138	0.6645	-0.1545	0	271	328	3
2026-02-12	15:31:07.670	1.505	-29.89	34.23	0.590968	-0.518256	0.411628	0.1425	0.6645	-0.1515	0	271	328	3
2026-02-12	15:31:07.690	45.325	-28.35	40.005	0.72956	-0.559004	0.438224	0.144	0.666	-0.144	0	271	328	3
2026-02-12	15:31:07.710	92.4	-26.075	43.785	0.90402	-0.557052	0.41602	0.1365	0.6705	-0.141	0	271	328	3
2026-02-12	15:31:07.730	143.15	-24.22	36.645	1.22854	-0.584624	0.47702	0.135	0.6675	-0.141	0	271	328	3
2026-02-12	15:31:07.750	184.8	-11.935	28.525	1.470588	-0.516548	0.495564	0.1335	0.6705	-0.147	0	271	328	3
2026-02-12	15:31:07.770	198.66	5.285	28.63	1.496696	-0.405772	0.424804	0.1365	0.654	-0.1515	0	271	328	3
2026-02-12	15:31:07.790	179.865	25.655	31.325	1.365424	-0.282552	0.326472	0.1335	0.648	-0.159	0	271	328	3
2026-02-12	15:31:07.810	136.255	39.795	33.95	1.247084	-0.205448	0.31598	0.1335	0.648	-0.159	0	265	353	3
2026-02-12	15:31:07.830	89.18	45.64	40.6	1.16998	-0.195688	0.32208	0.135	0.633	-0.1815	0	265	353	3
2026-02-12	15:31:07.850	42.98	46.025	51.485	1.116788	-0.168116	0.290848	0.138	0.627	-0.1935	0	265	353	3
2026-02-12	15:31:07.870	3.465	44.695	64.085	1.032364	-0.150548	0.232288	0.144	0.6375	-0.1905	0	265	353	3
2026-02-12	15:31:07.890	-25.69	41.09	76.65	0.963312	-0.158844	0.190564	0.1485	0.636	-0.2055	0	265	353	3
2026-02-12	15:31:07.910	-45.22	35.945	88.48	0.949404	-0.196664	0.169092	0.1545	0.645	-0.204	0	265	353	3
2026-02-12	15:31:07.930	-51.835	29.855	99.015	0.97478	-0.196908	0.166408	0.1605	0.666	-0.201	0	265	353	3
2026-02-12	15:31:07.950	-53.41	25.865	106.995	0.948428	-0.183	0.16714	0.168	0.6705	-0.207	0	265	353	3
2026-02-12	15:31:07.970	-50.435	22.575	111.79	0.906948	-0.20008	0.159332	0.174	0.699	-0.2055	0	265	353	3
2026-02-12	15:31:07.990	-37.905	19.04	112.07	0.898408	-0.21594	0.16592	0.1755	0.705	-0.1995	0	265	353	3
2026-02-12	15:31:08.010	-3.71	17.255	103.81	0.993812	-0.266448	0.170068	0.1755	0.7215	-0.198	0	262	359	3
2026-02-12	15:31:08.030	29.12	19.495	93.835	1.036512	-0.261568	0.179096	0.1875	0.7305	-0.198	0	262	359	3
2026-02-12	15:31:08.050	53.935	22.96	81.725	1.066524	-0.246684	0.179584	0.201	0.7425	-0.2115	0	262	359	3
2026-02-12	15:31:08.070	68.95	25.375	70.35	1.104344	-0.224236	0.152012	0.207	0.7545	-0.213	0	262	359	3
2026-02-12	15:31:08.090	73.955	25.76	58.38	1.150216	-0.147132	0.132492	0.207	0.753	-0.21	0	262	359	3
2026-02-12	15:31:08.110	65.24	24.43	45.01	1.146556	-0.081496	0.14274	0.2235	0.7455	-0.2235	0	262	359	3
2026-02-12	15:31:08.130	45.325	21.14	32.585	1.10044	-0.085644	0.15738	0.228	0.747	-0.2235	0	262	359	3
2026-02-12	15:31:08.150	24.5	15.75	22.015	1.082384	-0.092232	0.193004	0.2265	0.7515	-0.243	0	262	359	3
2026-02-12	15:31:08.170	4.445	8.225	10.92	1.070184	-0.100528	0.20984	0.243	0.759	-0.246	0	262	359	3
2026-02-12	15:31:08.190	-12.6	-0.805	-2.625	1.049932	-0.154452	0.210084	0.2295	0.747	-0.2415	0	262	359	3
2026-02-12	15:31:08.210	-14.63	-14.315	-22.54	1.051396	-0.214964	0.223992	0.2385	0.759	-0.2325	0	259	336	3
2026-02-12	15:31:08.230	2.555	-27.055	-39.62	1.034316	-0.264008	0.264008	0.2385	0.759	-0.2325	0	259	336	3
2026-02-12	15:31:08.250	29.54	-33.215	-45.92	0.98576	-0.238876	0.332572	0.2235	0.7605	-0.231	0	259	336	3
2026-02-12	15:31:08.270	57.785	-33.005	-44.31	0.911096	-0.207156	0.367952	0.213	0.7545	-0.231	0	259	336	3
2026-02-12	15:31:08.290	83.475	-28.105	-35.42	0.84668	-0.190808	0.37698	0.213	0.741	-0.234	0	259	336	3
2026-02-12	15:31:08.310	99.435	-23.45	-24.115	0.81618	-0.126636	0.33916	0.2055	0.732	-0.2355	0	259	336	3
2026-02-12	15:31:08.330	95.585	-22.365	-16.73	0.837896	-0.042212	0.317688	0.1965	0.717	-0.24	0	259	336	3
2026-02-12	15:31:08.350	72.345	-22.4	-15.4	0.897676	-0.00732	0.305488	0.201	0.711	-0.243	0	259	336	3
2026-02-12	15:31:08.370	40.915	-21.21	-17.675	0.942572	0.02074	0.309392	0.201	0.702	-0.249	0	259	336	3
2026-02-12	15:31:08.390	3.465	-16.8	-21.175	0.964044	0.004148	0.333548	0.1965	0.702	-0.2535	0	259	336	3
2026-02-12	15:31:08.410	-29.365	-12.46	-27.405	0.984784	0.007564	0.31598	0.1815	0.69	-0.2415	0	254	311	3
2026-02-12	15:31:08.430	-49.385	-8.365	-37.135	0.997472	0.005856	0.287188	0.177	0.702	-0.2445	0	254	311	3
2026-02-12	15:31:08.450	-72.66	-5.425	-44.1	0.9638	-0.033428	0.277184	0.177	0.702	-0.2445	0	254	311	3
2026-02-12	15:31:08.470	-87.43	-6.23	-48.86	0.915	-0.094428	0.263764	0.1845	0.69	-0.234	0	254	311	3
2026-02-12	15:31:08.490	-89.88	-9.625	-52.115	0.896212	-0.135664	0.257908	0.168	0.6975	-0.2295	0	254	311	3
2026-02-12	15:31:08.510	-81.9	-14.14	-54.915	0.924516	-0.173484	0.277672	0.1635	0.702	-0.2205	0	254	311	3
2026-02-12	15:31:08.530	-63.035	-16.835	-57.4	0.979416	-0.193248	0.319396	0.168	0.7125	-0.2145	0	254	311	3
2026-02-12	15:31:08.550	-39.9	-17.115	-58.24	0.97844	-0.197396	0.331352	0.159	0.7005	-0.216	0	254	311	3
2026-02-12	15:31:08.570	-20.195	-17.15	-58.345	0.966484	-0.195688	0.321836	0.1635	0.7065	-0.201	0	254	311	3
2026-02-12	15:31:08.590	-6.965	-17.5	-58.205	0.978196	-0.172264	0.316468	0.147	0.7035	-0.204	0	254	311	3
2026-02-12	15:31:08.610	-4.445	-17.955	-57.26	0.96746	-0.12932	0.30988	0.153	0.696	-0.204	0	246	300	3
2026-02-12	15:31:08.630	-13.93	-19.215	-56.525	0.962336	-0.109068	0.298656	0.1455	0.69	-0.207	0	246	300	3
2026-02-12	15:31:08.650	-31.675	-22.365	-57.225	0.976	-0.13054	0.30866	0.1455	0.69	-0.207	0	246	300	3
2026-02-12	15:31:08.670	-36.12	-24.36	-57.19	1.002352	-0.1525	0.334768	0.1335	0.678	-0.195	0	246	300	3
2026-02-12	15:31:08.690	-37.59	-25.2	-56.07	0.975512	-0.1708	0.349164	0.132	0.666	-0.1965	0	246	300	3
2026-02-12	15:31:08.710	-35.455	-27.09	-55.86	0.958432	-0.156404	0.340868	0.123	0.672	-0.1935	0	246	300	3
2026-02-12	15:31:08.730	-36.715	-30.625	-56.945	0.931104	-0.12322	0.320616	0.1305	0.669	-0.195	0	246	300	3
2026-02-12	15:31:08.750	-66.675	-37.31	-55.615	0.872056	-0.099308	0.2928	0.1125	0.6675	-0.1785	0	246	300	3
2026-02-12	15:31:08.770	-145.46	-55.58	-56.42	0.841556	-0.054656	0.170068	0.114	0.6525	-0.171	0	246	300	3
2026-02-12	15:31:08.790	-242.515	-73.115	-67.41	0.85766	-0.186904	0.271816	0.102	0.654	-0.165	0	246	300	3
2026-02-12	15:31:08.810	-276.57	-62.335	-76.615	0.916464	-0.757376	0.5124	0.1005	0.672	-0.1455	0	235	300	2
2026-02-12	15:31:08.830	-167.335	-28.455	-66.5	0.709064	-0.988444	0.393816	0.0885	0.669	-0.1245	0	235	300	2
2026-02-12	15:31:08.850	-18.34	-14.98	-42.525	0.484096	-0.800564	0.228384	0.09	0.6675	-0.1155	0	235	300	2
2026-02-12	15:31:08.870	59.185	-21.77	-16.205	0.472872	-0.786412	0.360144	0.09	0.6675	-0.1155	0	235	300	2
2026-02-12	15:31:08.890	86.87	-23.205	12.005	0.57706	-0.6649	0.564128	0.078	0.6675	-0.117	0	235	300	2
2026-02-12	15:31:08.910	90.37	-19.11	42.875	0.737124	-0.54046	0.630252	0.0765	0.663	-0.1095	0	235	300	2
2026-02-12	15:31:08.930	83.93	-13.895	64.4	0.98454	-0.524112	0.659776	0.075	0.6615	-0.1095	0	235	300	2
2026-02-12	15:31:08.950	76.58	-4.55	71.575	1.299056	-0.599996	0.680516	0.081	0.6675	-0.114	0	235	300	2
2026-02-12	15:31:08.970	74.55	12.285	71.05	1.555988	-0.646356	0.630008	0.0795	0.6735	-0.12	0	235	300	2
2026-02-12	15:31:08.990	66.57	31.045	76.58	1.554768	-0.580964	0.456524	0.0855	0.6705	-0.123	0	235	300	2
2026-02-12	15:31:09.010	51.59	45.115	77.035	1.44692	-0.448472	0.280356	0.0885	0.6825	-0.1245	0	229	316	3
2026-02-12	15:31:09.030	33.32	51.52	73.43	1.401536	-0.410408	0.219844	0.0915	0.7005	-0.1335	0	229	316	3
2026-02-12	15:31:09.050	17.08	54.705	71.645	1.37006	-0.405772	0.224724	0.099	0.702	-0.1485	0	229	316	3
2026-02-12	15:31:09.070	-1.155	54.81	75.285	1.2566	-0.363072	0.194468	0.099	0.702	-0.1485	0	229	316	3
2026-02-12	15:31:09.090	-20.86	51.59	82.46	1.096048	-0.294752	0.148352	0.099	0.702	-0.1485	0	229	316	3
2026-02-12	15:31:09.110	-35.07	45.115	89.215	0.969168	-0.25986	0.110288	0.1215	0.735	-0.153	0	229	316	3
2026-02-12	15:31:09.130	-43.085	35.21	96.355	0.89304	-0.249856	0.078324	0.132	0.7455	-0.1695	0	229	316	3
2026-02-12	15:31:09.150	-40.11	24.15	103.11	0.862296	-0.26108	0.070272	0.15	0.765	-0.153	0	229	316	3
2026-02-12	15:31:09.170	-24.01	13.265	107.345	0.925736	-0.286944	0.072468	0.144	0.783	-0.156	0	229	316	3
2026-02-12	15:31:09.190	-1.015	7.14	108.85	1.016016	-0.274744	0.05734	0.1665	0.7875	-0.1575	0	229	316	3
2026-02-12	15:31:09.210	19.39	4.9	109.235	0.966728	-0.263276	0.018056	0.1755	0.8025	-0.1545	0	232	324	3
2026-02-12	15:31:09.230	41.23	2.1	106.085	0.921588	-0.242292	0.004636	0.1845	0.819	-0.1575	0	232	324	3
2026-02-12	15:31:09.250	59.5	-0.21	98.665	0.913048	-0.250344	0.009516	0.198	0.8325	-0.171	0	232	324	3
2026-02-12	15:31:09.270	79.03	-0.805	87.745	0.952088	-0.271816	0.028548	0.2055	0.8325	-0.1725	0	232	324	3
2026-02-12	15:31:09.290	113.05	4.655	68.53	1.0797	-0.288164	0.074908	0.2055	0.8325	-0.1725	0	232	324	3
2026-02-12	15:31:09.310	131.495	12.215	58.73	1.115812	-0.243512	0.057584	0.2265	0.8295	-0.1875	0	232	324	3
2026-02-12	15:31:09.330	137.235	17.255	50.645	1.12362	-0.1769	0.023668	0.2295	0.828	-0.201	0	232	324	3
2026-02-12	15:31:09.350	129.5	16.765	41.16	1.155096	-0.122488	0.031476	0.2325	0.8295	-0.216	0	232	324	3
2026-02-12	15:31:09.370	109.445	14.105	29.12	1.208288	-0.084912	0.099308	0.246	0.822	-0.228	0	232	324	3
2026-02-12	15:31:09.390	78.4	11.655	17.01	1.20536	-0.064416	0.161528	0.24	0.81	-0.234	0	232	324	3
2026-02-12	15:31:09.410	42	6.335	3.5	1.192428	-0.049532	0.18178	0.2505	0.8025	-0.2565	0	240	295	3
2026-02-12	15:31:09.430	6.195	-1.155	-11.515	1.091412	-0.0915	0.19764	0.2535	0.801	-0.255	0	240	295	3
2026-02-12	15:31:09.450	-12.39	-8.33	-22.855	0.97356	-0.190808	0.293532	0.255	0.798	-0.2535	0	240	295	3
2026-02-12	15:31:09.470	-4.795	-9.905	-27.65	0.880352	-0.257176	0.410896	0.237	0.7905	-0.2565	0	240	295	3
2026-02-12	15:31:09.490	21.945	-7.455	-25.935	0.789828	-0.208864	0.381616	0.24	0.7965	-0.255	0	240	295	3
2026-02-12	15:31:09.510	51.24	-9.17	-22.05	0.776896	-0.167872	0.305244	0.243	0.8025	-0.2535	0	240	295	3
2026-02-12	15:31:09.530	67.655	-15.33	-21.7	0.860588	-0.133712	0.29402	0.24	0.792	-0.258	0	240	295	3
2026-02-12	15:31:09.550	68.6	-20.37	-24.43	0.925248	-0.1159	0.325252	0.2415	0.7755	-0.2595	0	240	295	3
2026-02-12	15:31:09.570	58.31	-24.115	-29.19	0.937204	-0.063196	0.35502	0.2235	0.771	-0.2625	0	240	295	3
2026-02-12	15:31:09.590	37.765	-28	-36.645	0.960384	-0.028548	0.358192	0.222	0.753	-0.255	0	240	295	3
2026-02-12	15:31:09.610	16.275	-30.38	-47.11	0.999912	-0.044652	0.387472	0.2265	0.7605	-0.264	0	247	266	3
2026-02-12	15:31:09.630	2.485	-30.835	-55.895	0.974292	-0.062708	0.419924	0.219	0.7515	-0.2685	0	247	266	3
2026-02-12	15:31:09.650	-6.615	-29.645	-62.475	0.926468	-0.08295999	0.435052	0.204	0.7485	-0.261	0	247	266	3
2026-02-12	15:31:09.670	-14.14	-28.28	-67.9	0.886696	-0.110044	0.415288	0.2055	0.7455	-0.261	0	247	266	3
2026-02-12	15:31:09.690	-17.885	-28.49	-71.75	0.888404	-0.139812	0.380884	0.1905	0.7335	-0.2535	0	247	266	3
2026-02-12	15:31:09.710	-14.77	-30.66	-73.22	0.881328	-0.144204	0.356972	0.1905	0.7335	-0.2535	0	247	266	3
2026-02-12	15:31:09.730	-8.26	-32.97	-71.925	0.869372	-0.133956	0.327936	0.1905	0.7335	-0.2535	0	247	266	3
2026-02-12	15:31:09.750	-3.675	-35	-70.84	0.926956	-0.142984	0.31964	0.165	0.723	-0.249	0	247	266	3
2026-02-12	15:31:09.770	-2.73	-35.875	-70.315	0.97478	-0.14762	0.335256	0.1665	0.711	-0.2385	0	247	266	3
2026-02-12	15:31:09.790	-6.16	-34.65	-69.055	0.955016	-0.138592	0.346968	0.15	0.6975	-0.231	0	247	266	3
2026-02-12	15:31:09.810	-11.655	-33.355	-67.34	0.915976	-0.12078	0.332572	0.1455	0.7005	-0.2325	0	251	266	3
2026-02-12	15:31:09.830	-16.975	-33.705	-66.85	0.919636	-0.126392	0.321104	0.1395	0.687	-0.231	0	251	266	3
2026-02-12	15:31:09.850	-21.49	-34.44	-66.64	0.944524	-0.154208	0.330376	0.129	0.687	-0.2205	0	251	266	3
2026-02-12	15:31:09.870	-23.66	-34.475	-64.96	0.926468	-0.16836	0.344284	0.1215	0.6855	-0.225	0	251	266	3
2026-02-12	15:31:09.890	-26.04	-34.16	-62.475	0.924516	-0.188368	0.35136	0.117	0.675	-0.2145	0	251	266	3
2026-02-12	15:31:09.910	-27.86	-34.23	-60.27	0.96014	-0.211792	0.371124	0.1125	0.6705	-0.2115	0	251	266	3
2026-02-12	15:31:09.930	-31.745	-34.23	-58.52	1.071648	-0.205204	0.399428	0.1095	0.6675	-0.21	0	251	266	3
2026-02-12	15:31:09.950	-37.415	-32.725	-56.63	1.07726	-0.211792	0.406016	0.111	0.6555	-0.1995	0	251	266	3
2026-02-12	15:31:09.970	-45.605	-31.22	-54.39	1.052372	-0.24278	0.439444	0.0945	0.6465	-0.1935	0	251	266	3
2026-02-12	15:31:09.990	-53.06	-27.79	-52.15	1.034316	-0.261568	0.501664	0.1005	0.6465	-0.1845	0	251	266	3
2026-02-12	15:31:10.010	-57.96	-22.365	-50.19	0.972096	-0.26108	0.527528	0.09	0.6465	-0.1815	0	250	287	3
2026-02-12	15:31:10.030	-59.815	-15.855	-45.535	0.803248	-0.287676	0.495564	0.087	0.645	-0.1725	0	250	287	3
2026-02-12	15:31:10.050	-52.955	-15.925	-39.375	0.625616	-0.327936	0.492148	0.0825	0.6405	-0.171	0	250	287	3
2026-02-12	15:31:10.070	-31.885	-18.48	-36.295	0.565592	-0.382836	0.564616	0.072	0.636	-0.1665	0	250	287	3
2026-02-12	15:31:10.090	-3.115	-20.51	-34.79	0.532652	-0.389668	0.590236	0.078	0.642	-0.162	0	250	287	3
2026-02-12	15:31:10.110	19.285	-21.07	-31.5	0.496052	-0.370636	0.596092	0.0795	0.6405	-0.1575	0	250	287	3
2026-02-12	15:31:10.130	37.625	-20.23	-26.285	0.530944	-0.327692	0.575596	0.0765	0.6315	-0.1575	0	250	287	3
2026-02-12	15:31:10.150	54.46	-16.975	-20.895	0.68442	-0.33184	0.534604	0.0735	0.624	-0.1575	0	250	287	3
2026-02-12	15:31:10.170	76.545	-13.895	-22.4	1.108248	-0.42334	0.65392	0.069	0.624	-0.1545	0	250	287	3
2026-02-12	15:31:10.190	117.32	-0.525	-28.14	1.582584	-0.491416	0.808372	0.0675	0.615	-0.1545	0	250	287	3
2026-02-12	15:31:10.210	131.565	23.765	-13.65	1.7263	-0.36966	0.759084	0.0585	0.6045	-0.1545	0	247	330	3
2026-02-12	15:31:10.230	102.69	46.2	9.065	1.557208	-0.262544	0.479704	0.0615	0.582	-0.159	0	247	330	3
2026-02-12	15:31:10.250	63.56	56.49	26.32	1.428864	-0.14762	0.365756	0.078	0.585	-0.1725	0	247	330	3
2026-02-12	15:31:10.270	20.195	65.485	48.51	1.294664	-0.151036	0.363072	0.072	0.5835	-0.177	0	247	330	3
2026-02-12	15:31:10.290	-12.39	65.135	74.305	1.236104	-0.1769	0.35624	0.081	0.597	-0.1905	0	247	330	3
2026-02-12	15:31:10.310	-32.83	60.55	97.3	1.237568	-0.127368	0.36234	0.09	0.603	-0.201	0	247	330	3
2026-02-12	15:31:10.330	-60.655	59.36	118.615	1.155828	-0.102724	0.327204	0.0915	0.6255	-0.201	0	247	330	3
2026-02-12	15:31:10.350	-93.17	54.81	141.855	1.021628	-0.128832	0.234484	0.0915	0.6255	-0.201	0	247	330	3
2026-02-12	15:31:10.370	-107.205	45.71	160.02	0.977708	-0.178608	0.168604	0.0915	0.6255	-0.201	0	247	330	3
2026-02-12	15:31:10.390	-101.395	35.49	168.63	1.027728	-0.207156	0.164212	0.1245	0.696	-0.2175	0	247	330	3
2026-02-12	15:31:10.410	-87.85	28.945	173.11	1.04066	-0.20862	0.147864	0.132	0.72	-0.2175	0	248	369	3
2026-02-12	15:31:10.430	-70.91	24.22	173.18	0.99064	-0.199348	0.122732	0.1575	0.756	-0.204	0	248	369	3
2026-02-12	15:31:10.450	-49	19.18	166.845	0.984784	-0.2135	0.122732	0.1665	0.777	-0.2025	0	248	369	3
2026-02-12	15:31:10.470	-20.405	15.855	153.23	1.055788	-0.251564	0.149328	0.1845	0.801	-0.2025	0	248	369	3
2026-02-12	15:31:10.490	11.34	18.375	137.025	1.059448	-0.275232	0.17812	0.2085	0.8205	-0.201	0	248	369	3
2026-02-12	15:31:10.510	42.035	24.675	119	1.0309	-0.249368	0.185684	0.2175	0.8325	-0.204	0	248	369	3
2026-02-12	15:31:10.530	68.495	30.765	99.4	1.029192	-0.245464	0.172264	0.234	0.8385	-0.207	0	248	369	3
2026-02-12	15:31:10.550	88.76	35.595	81.655	1.030656	-0.165432	0.138348	0.2385	0.8445	-0.21	0	248	369	3
2026-02-12	15:31:10.570	83.125	35.035	55.265	0.96868	-0.07686	0.095892	0.2445	0.8505	-0.213	0	248	369	3
2026-02-12	15:31:10.590	64.54	30.205	35.875	0.913292	-0.068564	0.145424	0.258	0.834	-0.24	0	248	369	3
2026-02-12	15:31:10.610	43.89	24.255	18.585	0.886208	-0.096136	0.227652	0.273	0.8265	-0.2475	0	251	367	3
2026-02-12	15:31:10.630	32.865	18.095	1.61	0.951112	-0.107848	0.324276	0.2925	0.831	-0.258	0	251	367	3
2026-02-12	15:31:10.650	31.045	14.875	-19.04	1.048712	-0.102968	0.35624	0.288	0.8295	-0.255	0	251	367	3
2026-02-12	15:31:10.670	30.24	9.905	-41.615	1.045296	-0.136396	0.312076	0.2895	0.8235	-0.2625	0	251	367	3
2026-02-12	15:31:10.690	31.78	-1.12	-57.05	1.0065	-0.204716	0.338428	0.288	0.813	-0.2685	0	251	367	3
2026-02-12	15:31:10.710	42.35	-13.51	-63.035	0.977464	-0.24278	0.452132	0.2835	0.798	-0.264	0	251	367	3
2026-02-12	15:31:10.730	61.11	-16.555	-59.01	0.899628	-0.21716	0.544852	0.273	0.7965	-0.2745	0	251	367	3
2026-02-12	15:31:10.750	76.23	-14.805	-47.74	0.817156	-0.109068	0.516304	0.27	0.7875	-0.2745	0	251	367	3
2026-02-12	15:31:10.770	77.84	-14.77	-35.805	0.803492	-0.033428	0.400648	0.264	0.7785	-0.279	0	251	367	3
2026-02-12	15:31:10.790	64.155	-17.185	-31.185	0.822524	-0.024156	0.305732	0.258	0.7695	-0.285	0	251	367	3
2026-02-12	15:31:10.810	39.55	-21.385	-33.145	0.835944	0.009516	0.251808	0.249	0.7545	-0.2895	0	252	347	2
2026-02-12	15:31:10.830	3.64	-23.17	-40.005	0.874984	0.020496	0.239364	0.2415	0.744	-0.2955	0	252	347	2
2026-02-12	15:31:10.850	-25.305	-21.21	-50.715	0.938912	-0.01586	0.287676	0.24	0.7395	-0.297	0	252	347	2
2026-02-12	15:31:10.870	-44.345	-16.24	-60.97	0.995032	-0.072712	0.338672	0.237	0.7395	-0.2865	0	252	347	2
2026-02-12	15:31:10.890	-63.49	-11.095	-67.97	0.996252	-0.101016	0.343796	0.2145	0.744	-0.282	0	252	347	2
2026-02-12	15:31:10.910	-86.66	-8.785	-73.08	0.960872	-0.113704	0.323544	0.2175	0.7335	-0.282	0	252	347	2
2026-02-12	15:31:10.930	-108.045	-10.605	-77.735	0.94672	-0.142252	0.31232	0.216	0.7425	-0.273	0	252	347	2
2026-02-12	15:31:10.950	-119.07	-13.755	-81.97	0.945012	-0.17202	0.316956	0.201	0.75	-0.2715	0	252	347	2
2026-02-12	15:31:10.970	-119.63	-16.52	-85.155	0.937448	-0.167384	0.306464	0.201	0.75	-0.2535	0	252	347	2
2026-02-12	15:31:10.990	-102.9	-18.55	-86.625	0.94062	-0.224724	0.304268	0.201	0.75	-0.2535	0	252	347	2
2026-02-12	15:31:11.010	-70.875	-18.41	-85.33	0.94916	-0.262056	0.32696	0.201	0.75	-0.2535	0	250	335	2
2026-02-12	15:31:11.030	-46.76	-18.13	-83.685	0.956968	-0.221796	0.35624	0.1815	0.75	-0.234	0	250	335	2
2026-02-12	15:31:11.050	-32.585	-17.85	-82.775	0.973316	-0.179828	0.349408	0.1665	0.7515	-0.225	0	250	335	2
2026-02-12	15:31:11.070	-27.09	-19.355	-83.02	1.008208	-0.138348	0.32696	0.1635	0.744	-0.219	0	250	335	2
2026-02-12	15:31:11.090	-29.575	-22.365	-83.58	1.064816	-0.165432	0.342576	0.153	0.732	-0.213	0	250	335	2
2026-02-12	15:31:11.110	-32.865	-23.415	-81.445	1.071648	-0.215696	0.393084	0.1425	0.735	-0.2085	0	250	335	2
2026-02-12	15:31:11.130	-38.85	-24.185	-78.26	1.050664	-0.216672	0.432856	0.1305	0.7275	-0.2055	0	250	335	2
2026-02-12	15:31:11.150	-46.655	-25.235	-75.39	1.020652	-0.209108	0.438224	0.1335	0.7245	-0.198	0	250	335	2
2026-02-12	15:31:11.170	-54.005	-27.335	-72.485	1.0004	-0.205936	0.403088	0.1245	0.7185	-0.1965	0	250	335	2
2026-02-12	15:31:11.190	-62.195	-29.89	-70.42	0.974048	-0.211304	0.348188	0.12	0.7155	-0.192	0	250	335	2
2026-02-12	15:31:11.210	-84.28	-31.71	-70.42	0.960628	-0.222772	0.372344	0.1155	0.714	-0.1875	0	242	334	3
2026-02-12	15:31:11.230	-99.995	-27.3	-68.285	0.857904	-0.218868	0.381616	0.108	0.7065	-0.171	0	242	334	3
2026-02-12	15:31:11.250	-109.34	-25.935	-64.295	0.723216	-0.239608	0.347944	0.1005	0.693	-0.1635	0	242	334	3
2026-02-12	15:31:11.270	-104.755	-30.8	-61.355	0.633668	-0.329644	0.3355	0.0885	0.699	-0.1515	0	242	334	3
2026-02-12	15:31:11.290	-82.775	-37.38	-56.945	0.5612	-0.435052	0.391132	0.087	0.699	-0.1485	0	242	334	3
2026-02-12	15:31:11.310	-50.575	-42.735	-49.665	0.478972	-0.485316	0.473116	0.084	0.702	-0.138	0	242	334	3
2026-02-12	15:31:11.330	-13.02	-45.92	-39.305	0.423096	-0.52338	0.541192	0.078	0.693	-0.132	0	242	334	3
2026-02-12	15:31:11.350	32.62	-48.23	-24.535	0.44896	-0.496296	0.557784	0.069	0.693	-0.1275	0	242	334	3
2026-02-12	15:31:11.370	77.455	-52.675	-10.01	0.59536	-0.429684	0.524844	0.069	0.6885	-0.111	0	242	334	3
2026-02-12	15:31:11.390	123.235	-53.62	-0.77	0.9028	-0.556564	0.566324	0.0615	0.6855	-0.1125	0	242	334	3
2026-02-12	15:31:11.410	195.055	-46.445	4.41	1.403244	-0.601704	0.71126	0.0585	0.6825	-0.114	0	235	349	3
2026-02-12	15:31:11.430	240.66	-21.315	14.14	1.708488	-0.441396	0.75274	0.057	0.681	-0.117	0	235	349	3
2026-02-12	15:31:11.450	222.67	11.305	26.39	1.50792	-0.284992	0.533384	0.048	0.6615	-0.1185	0	235	349	3
2026-02-12	15:31:11.470	187.95	34.79	29.96	1.379332	-0.13664	0.416996	0.0525	0.66	-0.1335	0	235	349	3
2026-02-12	15:31:11.490	125.93	52.885	34.615	1.287588	-0.102968	0.435052	0.066	0.6435	-0.1425	0	235	349	3
2026-02-12	15:31:11.510	51.975	64.155	43.715	1.217072	-0.147132	0.455548	0.0615	0.6375	-0.1515	0	235	349	3
2026-02-12	15:31:11.530	-6.86	69.195	55.685	1.171444	-0.16348	0.415532	0.0705	0.6375	-0.1605	0	235	349	3
2026-02-12	15:31:11.550	-57.05	70.98	68.18	1.094584	-0.117852	0.332328	0.078	0.6495	-0.1725	0	235	349	3
2026-02-12	15:31:11.570	-102.095	68.53	80.5	0.999668	-0.115656	0.239364	0.09	0.6645	-0.177	0	235	349	3
2026-02-12	15:31:11.590	-127.155	63.42	94.325	0.917928	-0.173484	0.18666	0.0915	0.6825	-0.183	0	235	349	3
2026-02-12	15:31:11.610	-131.39	57.12	108.185	0.893284	-0.232532	0.175924	0.0975	0.6915	-0.183	0	233	374	3
2026-02-12	15:31:11.630	-116.83	47.215	120.75	0.958432	-0.255956	0.186904	0.105	0.702	-0.183	0	233	374	3
2026-02-12	15:31:11.650	-93.765	39.62	128.555	1.0004	-0.253272	0.170312	0.126	0.75	-0.186	0	233	374	3
2026-02-12	15:31:11.670	-65.975	35.35	130.06	1.024068	-0.282308	0.159576	0.1455	0.771	-0.174	0	233	374	3
2026-02-12	15:31:11.690	-27.615	32.235	127.54	1.114104	-0.292312	0.179828	0.147	0.7875	-0.174	0	233	374	3
2026-02-12	15:31:11.710	10.255	33.88	121.905	1.136796	-0.26352	0.185196	0.168	0.8205	-0.1785	0	233	374	3
2026-02-12	15:31:11.730	38.675	37.52	112.35	1.120448	-0.214964	0.178364	0.186	0.816	-0.177	0	233	374	3
2026-02-12	15:31:11.750	54.39	39.41	98.805	1.147532	-0.188612	0.151036	0.201	0.831	-0.189	0	233	374	3
2026-02-12	15:31:11.770	57.33	40.005	84	1.162904	-0.15128	0.11834	0.2205	0.831	-0.195	0	233	374	3
2026-02-12	15:31:11.790	46.795	37.45	69.685	1.168516	-0.112728	0.09467199	0.231	0.837	-0.1995	0	233	374	3
2026-02-12	15:31:11.810	24.325	33.075	56.875	1.089216	-0.078812	0.103212	0.228	0.834	-0.2115	0	236	370	3
2026-02-12	15:31:11.830	-2.03	26.005	46.515	0.989664	-0.089792	0.143472	0.2385	0.834	-0.213	0	236	370	3
2026-02-12	15:31:11.850	-27.16	13.195	32.2	0.895724	-0.131516	0.191296	0.2505	0.8355	-0.2145	0	236	370	3
2026-02-12	15:31:11.870	-27.195	2.73	20.755	0.878644	-0.180804	0.188856	0.2565	0.8505	-0.2175	0	236	370	3
2026-02-12	15:31:11.890	-14.315	-10.045	5.11	0.925736	-0.210816	0.193736	0.264	0.8475	-0.21	0	236	370	3
2026-02-12	15:31:11.910	9.94	-21.175	-14.595	0.983808	-0.25986	0.25376	0.255	0.855	-0.2115	0	236	370	3
2026-02-12	15:31:11.930	41.125	-27.195	-32.235	0.988444	-0.28304	0.319396	0.2595	0.855	-0.2145	0	236	370	3
2026-02-12	15:31:11.950	74.235	-29.82	-43.4	0.948184	-0.256444	0.34526	0.261	0.8475	-0.2145	0	236	370	3
2026-02-12	15:31:11.970	106.295	-28.805	-47.32	0.901336	-0.174948	0.371612	0.2565	0.8385	-0.219	0	236	370	3
2026-02-12	15:31:11.990	124.67	-26.355	-49	0.83448	-0.008296	0.355264	0.2415	0.822	-0.2265	0	236	370	3
2026-02-12	15:31:12.010	103.18	-27.65	-54.985	0.79544	0.167628	0.278404	0.2415	0.822	-0.2265	0	239	341	3
2026-02-12	15:31:12.030	65.065	-31.535	-61.32	0.8479	0.190808	0.252784	0.234	0.8055	-0.231	0	239	341	3
2026-02-12	15:31:12.050	-3.535	-33.565	-71.575	0.97844	0.106628	0.288164	0.219	0.7845	-0.2415	0	239	341	3
2026-02-12	15:31:12.070	-47.95	-28.175	-77.525	1.044564	0.05002	0.311588	0.2115	0.7785	-0.2475	0	239	341	3
2026-02-12	15:31:12.090	-62.44	-21.35	-80.325	1.057496	0.015616	0.274012	0.1995	0.7695	-0.237	0	239	341	3
2026-02-12	15:31:12.110	-62.755	-15.995	-81.865	1.093608	-0.03294	0.241072	0.1845	0.7725	-0.2295	0	239	341	3
2026-02-12	15:31:12.130	-59.045	-12.075	-81.55	1.091656	-0.044896	0.236436	0.1815	0.771	-0.2205	0	239	341	3
2026-02-12	15:31:12.150	-56.7	-9.905	-79.695	1.041636	-0.069296	0.255712	0.171	0.7665	-0.2205	0	239	341	3
2026-02-12	15:31:12.170	-53.69	-10.22	-76.965	1.020896	-0.07515199	0.28182	0.159	0.765	-0.213	0	239	341	3
2026-02-12	15:31:12.190	-50.855	-11.34	-75.6	1.044808	-0.05856	0.293776	0.1575	0.759	-0.2055	0	239	341	3
2026-02-12	15:31:12.210	-51.24	-10.605	-75.075	1.015528	-0.061732	0.273036	0.1545	0.756	-0.198	0	240	316	3
2026-02-12	15:31:12.230	-53.865	-10.36	-74.585	0.995276	-0.067588	0.233264	0.147	0.7485	-0.1875	0	240	316	3
2026-02-12	15:31:12.250	-57.68	-10.15	-74.235	0.96746	-0.087108	0.223992	0.144	0.7485	-0.192	0	240	316	3
2026-02-12	15:31:12.270	-62.265	-9.45	-73.57	0.970388	-0.088328	0.247904	0.1425	0.75	-0.198	0	240	316	3
2026-02-12	15:31:12.290	-64.855	-8.26	-72.835	0.964044	-0.105164	0.272792	0.1425	0.75	-0.198	0	240	316	3
2026-02-12	15:31:12.310	-61.775	-6.09	-70.945	0.969412	-0.16348	0.315004	0.123	0.735	-0.1845	0	240	316	3
2026-02-12	15:31:12.330	-52.43	-3.43	-66.78	0.980392	-0.220088	0.34282	0.117	0.729	-0.1785	0	240	316	3
2026-02-12	15:31:12.350	-36.855	-2.38	-61.95	1.03334	-0.261324	0.379176	0.114	0.7365	-0.1635	0	240	316	3
2026-02-12	15:31:12.370	-23.66	-0.665	-56.63	1.039196	-0.256444	0.40748	0.111	0.7215	-0.1665	0	240	316	3
2026-02-12	15:31:12.390	-22.96	-1.05	-52.465	1.028704	-0.21106	0.403088	0.1095	0.7215	-0.168	0	240	316	3
2026-02-12	15:31:12.410	-35.105	-2.975	-50.26	1.013576	-0.185928	0.397964	0.102	0.7095	-0.174	0	236	304	3
2026-02-12	15:31:12.430	-56.07	-5.075	-49.35	0.974536	-0.210084	0.42334	0.0975	0.7065	-0.1635	0	236	304	3
2026-02-12	15:31:12.450	-78.12	-7.07	-48.3	0.94062	-0.25986	0.458232	0.0945	0.708	-0.1635	0	236	304	3
2026-02-12	15:31:12.470	-94.815	-8.085	-46.025	0.867176	-0.284016	0.463356	0.0885	0.7065	-0.159	0	236	304	3
2026-02-12	15:31:12.490	-104.195	-6.58	-39.97	0.650016	-0.352336	0.431636	0.0855	0.705	-0.156	0	236	304	3
2026-02-12	15:31:12.510	-95.795	-14.315	-35.91	0.554612	-0.427732	0.424316	0.087	0.708	-0.138	0	236	304	3
2026-02-12	15:31:12.530	-76.195	-22.4	-34.65	0.483852	-0.512644	0.465064	0.09	0.7065	-0.1335	0	236	304	3
2026-02-12	15:31:12.550	-43.365	-26.775	-32.025	0.510448	-0.566568	0.505812	0.0885	0.7065	-0.129	0	236	304	3
2026-02-12	15:31:12.570	0.77	-28.035	-24.92	0.541436	-0.534116	0.524112	0.0705	0.7125	-0.12	0	236	304	3
2026-02-12	15:31:12.590	45.36	-27.65	-12.04	0.554856	-0.4941	0.494344	0.0735	0.708	-0.12	0	236	304	3
2026-02-12	15:31:12.610	88.795	-31.15	1.855	0.713944	-0.50874	0.508984	0.069	0.699	-0.1185	0	232	318	3
2026-02-12	15:31:12.630	132.16	-34.02	10.36	1.075552	-0.564616	0.6649	0.075	0.693	-0.1125	0	232	318	3
2026-02-12	15:31:12.650	182.42	-26.11	14.07	1.486204	-0.518988	0.825696	0.0675	0.678	-0.1275	0	232	318	3
2026-02-12	15:31:12.670	209.79	-7.595	27.72	1.693848	-0.329644	0.805688	0.0675	0.681	-0.1245	0	232	318	3
2026-02-12	15:31:12.690	169.225	22.96	48.965	1.438136	-0.15006	0.533384	0.0675	0.6795	-0.1275	0	232	318	3
2026-02-12	15:31:12.710	97.16	38.535	58.485	1.239764	-0.027328	0.37454	0.0675	0.675	-0.1335	0	232	318	3
2026-02-12	15:31:12.730	26.705	43.785	64.225	1.152412	-0.072712	0.336476	0.0765	0.6765	-0.15	0	232	318	3
2026-02-12	15:31:12.750	-25.725	42.91	70.735	1.095316	-0.122976	0.336476	0.0855	0.666	-0.162	0	232	318	3
2026-02-12	15:31:12.770	-55.965	38.675	78.225	1.108248	-0.164212	0.32452	0.0915	0.681	-0.1635	0	232	318	3
2026-02-12	15:31:12.790	-74.095	36.19	87.675	1.069696	-0.176168	0.271328	0.093	0.7005	-0.1695	0	232	318	3
2026-02-12	15:31:12.810	-87.64	34.65	97.79	0.970144	-0.16714	0.194224	0.1035	0.717	-0.1695	0	234	351	3
2026-02-12	15:31:12.830	-95.55	29.855	105.665	0.876936	-0.170068	0.129808	0.1125	0.732	-0.159	0	234	351	3
2026-02-12	15:31:12.850	-96.215	20.755	111.72	0.824476	-0.188368	0.09638	0.1275	0.7485	-0.1695	0	234	351	3
2026-02-12	15:31:12.870	-86.17	11.725	112.875	0.867176	-0.210816	0.100772	0.1305	0.7605	-0.162	0	234	351	3
2026-02-12	15:31:12.890	-69.93	5.705	109.725	0.92964	-0.230824	0.093208	0.132	0.783	-0.1515	0	234	351	3
2026-02-12	15:31:12.910	-43.12	4.375	101.955	0.891576	-0.233508	0.071736	0.132	0.795	-0.1485	0	234	351	3
2026-02-12	15:31:12.930	-8.155	3.535	87.99	0.904508	-0.243024	0.052704	0.132	0.795	-0.1485	0	234	351	3
2026-02-12	15:31:12.950	25.48	4.795	73.605	0.968924	-0.273036	0.055632	0.168	0.8385	-0.135	0	234	351	3
2026-02-12	15:31:12.970	59.43	9.94	61.075	0.987468	-0.276208	0.067832	0.177	0.8475	-0.141	0	234	351	3
2026-02-12	15:31:12.990	83.475	15.19	50.05	1.013576	-0.263276	0.069052	0.1905	0.8415	-0.141	0	234	351	3
2026-02-12	15:31:13.010	98.525	18.2	41.09	1.03212	-0.204716	0.076616	0.1995	0.8445	-0.156	0	240	353	2
2026-02-12	15:31:13.030	100.345	17.675	33.46	1.056764	-0.141276	0.076616	0.2025	0.8385	-0.1725	0	240	353	2
2026-02-12	15:31:13.050	91.56	14.595	26.215	1.08824	-0.11346	0.096624	0.207	0.837	-0.1815	0	240	353	2
2026-02-12	15:31:13.070	76.79	11.48	18.48	1.119716	-0.10126	0.134688	0.2115	0.8265	-0.192	0	240	353	2
2026-02-12	15:31:13.090	58.135	8.155	9.485	1.159732	-0.114924	0.171288	0.2085	0.828	-0.195	0	240	353	2
2026-02-12	15:31:13.110	38.955	2.17	-0.595	1.193648	-0.13786	0.185684	0.21	0.8265	-0.2055	0	240	353	2
2026-02-12	15:31:13.130	18.06	-9.45	-16.73	1.118984	-0.188856	0.239364	0.2145	0.8235	-0.2145	0	240	353	2
2026-02-12	15:31:13.150	23.275	-15.365	-27.58	1.126548	-0.251076	0.335744	0.213	0.8175	-0.2085	0	240	353	2
2026-02-12	15:31:13.170	47.355	-14.105	-35	1.08458	-0.303292	0.415288	0.213	0.816	-0.2145	0	240	353	2
2026-02-12	15:31:13.190	80.815	-11.2	-34.405	0.97112	-0.254248	0.423096	0.1995	0.81	-0.2175	0	240	353	2
2026-02-12	15:31:13.210	108.5	-9.66	-27.44	0.87718	-0.161772	0.418704	0.207	0.795	-0.2205	0	246	323	3
2026-02-12	15:31:13.230	126.91	-7.7	-18.095	0.809104	-0.07515199	0.400648	0.1995	0.7875	-0.2265	0	246	323	3
2026-02-12	15:31:13.250	127.26	-8.435	-11.165	0.782264	0.078568	0.368684	0.1965	0.7755	-0.2355	0	246	323	3
2026-02-12	15:31:13.270	96.88	-12.39	-10.08	0.823012	0.145424	0.339892	0.189	0.7665	-0.2475	0	246	323	3
2026-02-12	15:31:13.290	50.89	-15.54	-12.46	0.910364	0.172508	0.309636	0.186	0.753	-0.252	0	246	323	3
2026-02-12	15:31:13.310	0.14	-16.03	-17.675	0.962336	0.172508	0.27206	0.1875	0.744	-0.252	0	246	323	3
2026-02-12	15:31:13.330	-52.01	-14.28	-24.745	0.974048	0.133224	0.263764	0.189	0.7455	-0.252	0	246	323	3
2026-02-12	15:31:13.350	-85.05	-11.13	-32.06	0.994788	0.024156	0.309392	0.186	0.744	-0.2565	0	246	323	3
2026-02-12	15:31:13.370	-92.26	-7.875	-35.98	0.980392	-0.058072	0.35014	0.1755	0.7545	-0.243	0	246	323	3
2026-02-12	15:31:13.390	-89.845	-5.145	-37.31	0.923296	-0.104676	0.355752	0.1725	0.75	-0.2355	0	246	323	3
2026-02-12	15:31:13.410	-79.835	-4.2	-37.905	0.88938	-0.103944	0.35746	0.1725	0.7575	-0.225	0	250	303	3
2026-02-12	15:31:13.430	-67.55	-4.375	-40.775	0.847168	-0.027328	0.3477	0.1725	0.7605	-0.222	0	250	303	3
2026-02-12	15:31:13.450	-62.685	-6.475	-48.265	0.828136	0.05002	0.313052	0.1605	0.7725	-0.2205	0	250	303	3
2026-02-12	15:31:13.470	-64.96	-7.595	-59.36	0.843752	0.035624	0.280112	0.159	0.7665	-0.216	0	250	303	3
2026-02-12	15:31:13.490	-65.24	-9.52	-70.21	0.897676	-0.035136	0.269132	0.156	0.759	-0.2055	0	250	303	3
2026-02-12	15:31:13.510	-60.76	-10.395	-76.895	0.922808	-0.101016	0.2745	0.15	0.7605	-0.2055	0	250	303	3
2026-02-12	15:31:13.530	-48.755	-10.08	-80.115	0.920368	-0.132736	0.266692	0.1395	0.759	-0.1995	0	250	303	3
2026-02-12	15:31:13.550	-20.3	-11.76	-81.515	0.954284	-0.119804	0.28304	0.135	0.756	-0.1935	0	250	303	3
2026-02-12	15:31:13.570	-2.695	-14.14	-79.87	0.998448	-0.1464	0.327692	0.135	0.756	-0.1935	0	250	303	3
2026-02-12	15:31:13.590	15.855	-14.77	-74.2	1.0065	-0.15372	0.355264	0.117	0.7365	-0.192	0	250	303	3
2026-02-12	15:31:13.610	31.36	-14.84	-66.36	1.016748	-0.13786	0.380884	0.1065	0.723	-0.189	0	250	300	3
2026-02-12	15:31:13.630	39.41	-15.225	-57.33	1.053836	-0.106628	0.40016	0.105	0.7125	-0.1845	0	250	300	3
2026-02-12	15:31:13.650	35.105	-13.58	-47.915	1.031388	-0.097112	0.40382	0.1005	0.705	-0.186	0	250	300	3
2026-02-12	15:31:13.670	22.085	-12.215	-38.885	1.011624	-0.099064	0.393328	0.108	0.6975	-0.1905	0	250	300	3
2026-02-12	15:31:13.690	5.215	-14.735	-32.55	1.015528	-0.098088	0.375272	0.096	0.6945	-0.183	0	250	300	3
2026-02-12	15:31:13.710	-13.44	-19.74	-29.855	0.99308	-0.080032	0.359412	0.1005	0.687	-0.1905	0	250	300	3
2026-02-12	15:31:13.730	-32.515	-26.39	-30.1	0.956724	-0.093696	0.372344	0.0975	0.687	-0.186	0	250	300	3
2026-02-12	15:31:13.750	-42.21	-31.08	-30.03	0.890356	-0.211792	0.41724	0.093	0.687	-0.1815	0	250	300	3
2026-02-12	15:31:13.770	-33.6	-33.775	-23.695	0.767136	-0.350628	0.523868	0.0915	0.687	-0.1815	0	250	300	3
2026-02-12	15:31:13.790	-31.15	-34.44	-17.99	0.685152	-0.383568	0.552416	0.0795	0.69	-0.162	0	250	300	3
2026-02-12	15:31:13.810	-29.435	-32.935	-11.97	0.575108	-0.4026	0.572912	0.078	0.6885	-0.1575	0	245	313	3
2026-02-12	15:31:13.830	-25.13	-32.2	-5.215	0.470676	-0.41846	0.562908	0.072	0.6885	-0.1575	0	245	313	3
2026-02-12	15:31:13.850	-11.235	-33.6	0.77	0.489708	-0.459452	0.516304	0.0765	0.69	-0.1515	0	245	313	3
2026-02-12	15:31:13.870	19.6	-31.535	7.91	0.62098	-0.536312	0.515084	0.078	0.69	-0.138	0	245	313	3
2026-02-12	15:31:13.890	54.6	-25.585	18.9	0.760548	-0.537776	0.499224	0.0765	0.6855	-0.1395	0	245	313	3
2026-02-12	15:31:13.910	81.13	-20.65	28.56	1.016992	-0.543876	0.510448	0.0645	0.684	-0.1335	0	245	313	3
2026-02-12	15:31:13.930	106.89	-12.81	32.445	1.32614	-0.502884	0.569008	0.0645	0.6885	-0.1335	0	245	313	3
2026-02-12	15:31:13.950	117.495	0.315	37.205	1.514264	-0.404064	0.586088	0.0645	0.69	-0.1365	0	245	313	3
2026-02-12	15:31:13.970	92.855	21.175	48.37	1.42008	-0.329644	0.488488	0.069	0.687	-0.1455	0	245	313	3
2026-02-12	15:31:13.990	68.145	32.62	55.195	1.361276	-0.28792	0.431148	0.0735	0.687	-0.1515	0	245	313	3
2026-02-12	15:31:14.010	54.145	38.36	58.695	1.346392	-0.29524	0.430416	0.0735	0.675	-0.1665	0	243	345	3
2026-02-12	15:31:14.030	43.995	43.12	64.26	1.305888	-0.290116	0.42456	0.081	0.687	-0.1665	0	243	345	3
2026-02-12	15:31:14.050	34.825	47.18	71.575	1.247816	-0.264252	0.406504	0.0885	0.6945	-0.1845	0	243	345	3
2026-02-12	15:31:14.070	19.915	51.905	80.43	1.16754	-0.1952	0.35624	0.1005	0.6975	-0.1935	0	243	345	3
2026-02-12	15:31:14.090	-5.25	56.105	90.545	1.061888	-0.140056	0.274012	0.1065	0.7155	-0.2055	0	243	345	3
2026-02-12	15:31:14.110	-33.39	56.49	101.465	0.953064	-0.131516	0.182024	0.1125	0.7275	-0.2115	0	243	345	3
2026-02-12	15:31:14.130	-51.45	50.4	111.51	0.905728	-0.149328	0.129808	0.129	0.738	-0.207	0	243	345	3
2026-02-12	15:31:14.150	-57.54	41.79	120.155	0.898896	-0.15738	0.118096	0.135	0.75	-0.207	0	243	345	3
2026-02-12	15:31:14.170	-55.685	33.075	125.335	0.945744	-0.164944	0.122732	0.1485	0.771	-0.207	0	243	345	3
2026-02-12	15:31:14.190	-51.31	26.18	127.54	0.965996	-0.18788	0.127368	0.156	0.7785	-0.2055	0	243	345	3
2026-02-12	15:31:14.210	-40.145	21.875	125.755	0.9455	-0.220332	0.138348	0.156	0.7785	-0.2055	0	244	366	3
2026-02-12	15:31:14.230	-21.175	20.265	121.555	0.977708	-0.245952	0.1586	0.1965	0.8325	-0.201	0	244	366	3
2026-02-12	15:31:14.250	0	18.76	116.515	0.979416	-0.237656	0.172508	0.216	0.8445	-0.195	0	244	366	3
2026-02-12	15:31:14.270	19.53	18.235	106.155	0.991616	-0.223992	0.19032	0.2265	0.855	-0.204	0	244	366	3
2026-02-12	15:31:14.290	32.445	19.32	92.82	1.020164	-0.2196	0.201544	0.249	0.8685	-0.2055	0	244	366	3
2026-02-12	15:31:14.310	39.515	19.845	79.135	1.060912	-0.181536	0.1708	0.2595	0.8685	-0.2115	0	244	366	3
2026-02-12	15:31:14.330	35.455	17.815	63.805	1.102636	-0.099796	0.116876	0.27	0.8685	-0.2175	0	244	366	3
2026-02-12	15:31:14.350	19.6	11.69	43.645	1.15168	-0.071492	0.096624	0.273	0.8685	-0.2205	0	244	366	3
2026-02-12	15:31:14.370	2.59	4.865	19.985	1.189256	-0.105652	0.151036	0.282	0.87	-0.2235	0	244	366	3
2026-02-12	15:31:14.390	-7.735	-0.455	-4.025	1.203652	-0.166652	0.206668	0.2865	0.873	-0.225	0	244	366	3
2026-02-12	15:31:14.410	-8.295	-7.49	-33.705	1.079456	-0.2196	0.242292	0.285	0.876	-0.228	0	246	350	3
2026-02-12	15:31:14.430	1.505	-13.23	-45.08	0.930372	-0.249856	0.267424	0.273	0.867	-0.213	0	246	350	3
2026-02-12	15:31:14.450	25.235	-18.9	-48.44	0.850096	-0.270596	0.350628	0.282	0.8625	-0.2175	0	246	350	3
2026-02-12	15:31:14.470	61.32	-19.53	-44.87	0.830576	-0.256688	0.394304	0.273	0.861	-0.225	0	246	350	3
2026-02-12	15:31:14.490	96.25	-18.76	-37.38	0.86376	-0.201788	0.371124	0.2655	0.861	-0.231	0	246	350	3
2026-02-12	15:31:14.510	117.18	-18.83	-30.275	0.930616	-0.134932	0.32208	0.2535	0.846	-0.2355	0	246	350	3
2026-02-12	15:31:14.530	118.51	-18.97	-26.285	0.974536	-0.05734	0.275232	0.246	0.828	-0.249	0	246	350	3
2026-02-12	15:31:14.550	95.76	-20.58	-28.14	1.016504	0.00122	0.267912	0.2415	0.8205	-0.261	0	246	350	3
2026-02-12	15:31:14.570	58.975	-19.775	-35.245	1.0553	0.020252	0.296948	0.24	0.8115	-0.267	0	246	350	3
2026-02-12	15:31:14.590	17.955	-15.47	-44.625	1.030168	0.044896	0.308172	0.2385	0.7995	-0.2715	0	246	350	3
2026-02-12	15:31:14.610	-32.97	-9.485	-56.35	0.977464	0.013176	0.315736	0.2325	0.7935	-0.27	0	246	324	3
2026-02-12	15:31:14.630	-70.63	-4.13	-65.835	0.935252	-0.041968	0.318664	0.228	0.7935	-0.27	0	246	324	3
2026-02-12	15:31:14.650	-89.18	-1.61	-71.75	0.9028	-0.101504	0.314272	0.216	0.792	-0.258	0	246	324	3
2026-02-12	15:31:14.670	-96.355	-0.735	-76.265	0.877424	-0.1403	0.301096	0.2085	0.7965	-0.2565	0	246	324	3
2026-02-12	15:31:14.690	-94.71	-2.03	-80.78	0.895724	-0.170068	0.287188	0.2055	0.801	-0.2445	0	246	324	3
2026-02-12	15:31:14.710	-86.66	-3.08	-85.645	0.920368	-0.186416	0.293776	0.1875	0.798	-0.2355	0	246	324	3
2026-02-12	15:31:14.730	-76.3	-3.815	-90.825	0.918172	-0.197152	0.292556	0.192	0.7995	-0.231	0	246	324	3
2026-02-12	15:31:14.750	-66.745	-4.62	-95.725	0.905484	-0.211304	0.294264	0.18	0.7935	-0.2265	0	246	324	3
2026-02-12	15:31:14.770	-57.05	-6.055	-99.715	0.895968	-0.234484	0.294264	0.174	0.7905	-0.21	0	246	324	3
2026-02-12	15:31:14.790	-46.62	-9.38	-102.585	0.90646	-0.225456	0.30988	0.1665	0.786	-0.2115	0	246	324	3
2026-02-12	15:31:14.810	-39.27	-12.95	-103.985	0.915244	-0.22082	0.340868	0.156	0.78	-0.2085	0	242	309	2
2026-02-12	15:31:14.830	-33.355	-18.725	-103.32	0.9211	-0.213744	0.350872	0.1515	0.777	-0.204	0	242	309	2
2026-02-12	15:31:14.850	-30.38	-22.085	-100.835	0.91012	-0.216672	0.357704	0.1515	0.777	-0.204	0	242	309	2
2026-02-12	15:31:14.870	-24.99	-25.655	-97.125	0.925492	-0.231312	0.377224	0.129	0.7515	-0.1935	0	242	309	2
2026-02-12	15:31:14.890	-18.095	-27.965	-91.945	0.957944	-0.244976	0.393084	0.114	0.747	-0.201	0	242	309	2
2026-02-12	15:31:14.910	-13.02	-28.7	-85.68	0.970876	-0.240584	0.3965	0.096	0.7275	-0.186	0	242	309	2
2026-02-12	15:31:14.930	-11.795	-29.61	-79.275	0.984296	-0.235948	0.389668	0.099	0.7305	-0.183	0	242	309	2
2026-02-12	15:31:14.950	-12.565	-32.025	-73.85	1.011868	-0.228872	0.382836	0.096	0.72	-0.18	0	242	309	2
2026-02-12	15:31:14.970	-14.21	-36.505	-70.945	1.071892	-0.229116	0.395524	0.087	0.699	-0.168	0	242	309	2
2026-02-12	15:31:14.990	-15.89	-38.955	-68.495	1.054812	-0.273768	0.448716	0.0855	0.699	-0.168	0	242	309	2
2026-02-12	15:31:15.010	-11.55	-39.13	-63.91	1.015284	-0.291092	0.519964	0.081	0.6945	-0.162	0	235	312	3
2026-02-12	15:31:15.030	-5.775	-35.455	-56.315	0.927688	-0.257908	0.523136	0.072	0.6855	-0.156	0	235	312	3
2026-02-12	15:31:15.050	-4.305	-29.715	-40.39	0.746884	-0.254248	0.471896	0.0675	0.681	-0.156	0	235	312	3
2026-02-12	15:31:15.070	-1.505	-28.14	-29.435	0.668804	-0.274256	0.469456	0.0645	0.6645	-0.1515	0	235	312	3
2026-02-12	15:31:15.090	5.705	-27.265	-18.585	0.64172	-0.304024	0.487268	0.0555	0.657	-0.144	0	235	312	3
2026-02-12	15:31:15.110	16.555	-25.375	-6.37	0.645868	-0.310612	0.488732	0.051	0.657	-0.138	0	235	312	3
2026-02-12	15:31:15.130	30.905	-23.24	6.51	0.721264	-0.32208	0.470676	0.0525	0.6615	-0.138	0	235	312	3
2026-02-12	15:31:15.150	54.32	-20.895	18.025	0.932812	-0.370148	0.496296	0.0435	0.66	-0.138	0	235	312	3
2026-02-12	15:31:15.170	90.125	-13.79	26.565	1.175592	-0.396988	0.566568	0.051	0.6585	-0.1275	0	235	312	3
2026-02-12	15:31:15.190	119.21	0.63	37.345	1.354688	-0.308172	0.569984	0.051	0.66	-0.138	0	235	312	3
2026-02-12	15:31:15.210	116.97	20.055	50.085	1.35786	-0.148108	0.462136	0.048	0.657	-0.1395	0	227	336	3
2026-02-12	15:31:15.230	83.16	35.805	59.465	1.276852	-0.06734399	0.319396	0.0495	0.6495	-0.1485	0	227	336	3
2026-02-12	15:31:15.250	32.375	41.825	62.755	1.27612	-0.072956	0.290848	0.0585	0.6525	-0.1545	0	227	336	3
2026-02-12	15:31:15.270	-5.915	46.55	65.975	1.301008	-0.12322	0.345992	0.0645	0.66	-0.1545	0	227	336	3
2026-02-12	15:31:15.290	-36.785	48.86	74.095	1.242204	-0.084668	0.331596	0.066	0.6705	-0.1695	0	227	336	3
2026-02-12	15:31:15.310	-78.015	49.735	87.535	1.081896	-0.09076799	0.268888	0.075	0.6825	-0.171	0	227	336	3
2026-02-12	15:31:15.330	-107.485	43.47	101.535	0.996496	-0.11468	0.214964	0.087	0.7005	-0.171	0	227	336	3
2026-02-12	15:31:15.350	-121.485	35.98	115.255	0.9638	-0.16226	0.20008	0.099	0.723	-0.171	0	227	336	3
2026-02-12	15:31:15.370	-119	28.875	127.4	1.029924	-0.189344	0.191784	0.105	0.744	-0.1725	0	227	336	3
2026-02-12	15:31:15.390	-109.62	21.805	137.935	1.048712	-0.184464	0.158356	0.1065	0.7695	-0.171	0	227	336	3
2026-02-12	15:31:15.410	-97.545	15.26	144.97	1.011136	-0.188856	0.10126	0.123	0.7785	-0.162	0	222	354	3
2026-02-12	15:31:15.430	-78.12	7.49	144.655	1.057984	-0.221064	0.086132	0.144	0.8025	-0.1515	0	222	354	3
2026-02-12	15:31:15.450	-52.36	3.01	139.405	1.09434	-0.24522	0.095404	0.1545	0.8295	-0.147	0	222	354	3
2026-02-12	15:31:15.470	-10.465	4.165	130.375	0.953796	-0.248392	0.099552	0.1605	0.84	-0.1455	0	222	354	3
2026-02-12	15:31:15.490	17.71	4.41	119.455	0.928908	-0.233996	0.104432	0.1605	0.84	-0.1455	0	222	354	3
2026-02-12	15:31:15.510	40.81	6.58	104.79	0.955992	-0.217892	0.103944	0.1965	0.8685	-0.1365	0	222	354	3
2026-02-12	15:31:15.530	53.095	9.205	89.53	0.964532	-0.183244	0.082716	0.2205	0.876	-0.144	0	222	354	3
2026-02-12	15:31:15.550	56.49	9.66	73.955	0.922076	-0.145424	0.060756	0.231	0.888	-0.144	0	222	354	3
2026-02-12	15:31:15.570	55.895	7.105	57.19	0.912072	-0.136152	0.085644	0.24	0.8835	-0.1575	0	222	354	3
2026-02-12	15:31:15.590	56.7	5.11	39.76	0.959164	-0.1464	0.143228	0.2505	0.8835	-0.1665	0	222	354	3
2026-02-12	15:31:15.610	55.58	5.425	21.21	1.007476	-0.14152	0.158844	0.2565	0.8895	-0.168	0	219	336	3
2026-02-12	15:31:15.630	49.665	2.765	0.91	1.077992	-0.124928	0.138348	0.2595	0.882	-0.171	0	219	336	3
2026-02-12	15:31:15.650	39.76	-4.865	-23.73	1.189744	-0.13176	0.12932	0.264	0.873	-0.18	0	219	336	3
2026-02-12	15:31:15.670	28.245	-11.13	-46.585	1.163636	-0.172264	0.160308	0.2625	0.8715	-0.186	0	219	336	3
2026-02-12	15:31:15.690	34.685	-21.035	-65.52	1.016748	-0.227408	0.274988	0.2595	0.873	-0.1875	0	219	336	3
2026-02-12	15:31:15.710	52.745	-24.85	-65.975	0.952576	-0.229604	0.354044	0.2445	0.861	-0.192	0	219	336	3
2026-02-12	15:31:15.730	76.335	-25.83	-60.06	0.940376	-0.223016	0.405528	0.2295	0.8385	-0.1935	0	219	336	3
2026-02-12	15:31:15.750	96.46	-24.5	-50.855	0.919392	-0.15372	0.388448	0.216	0.837	-0.1995	0	219	336	3
2026-02-12	15:31:15.770	100.415	-23.625	-42.21	0.902312	-0.091988	0.332084	0.213	0.8265	-0.207	0	219	336	3
2026-02-12	15:31:15.790	94.71	-24.36	-36.47	0.953552	-0.049044	0.296704	0.201	0.8085	-0.213	0	219	336	3
2026-02-12	15:31:15.810	80.185	-23.73	-34.65	1.042368	0.010248	0.275964	0.198	0.804	-0.216	0	217	303	3
2026-02-12	15:31:15.830	49.245	-18.97	-37.31	1.081652	0.048556	0.25254	0.192	0.7875	-0.2265	0	217	303	3
2026-02-12	15:31:15.850	5.425	-11.41	-43.26	1.090436	0.0427	0.231312	0.1905	0.789	-0.225	0	217	303	3
2026-02-12	15:31:15.870	-33.285	-3.71	-49.735	1.071648	0.007564	0.221796	0.1845	0.7845	-0.2235	0	217	303	3
2026-02-12	15:31:15.890	-65.065	3.255	-56	1.02236	-0.04148	0.236192	0.18	0.78	-0.2175	0	217	303	3
2026-02-12	15:31:15.910	-85.68	7.42	-60.235	0.97112	-0.107116	0.243024	0.18	0.78	-0.2115	0	217	303	3
2026-02-12	15:31:15.930	-91.105	8.785	-61.915	0.9455	-0.137128	0.247172	0.1695	0.786	-0.2115	0	217	303	3
2026-02-12	15:31:15.950	-88.935	9.17	-63.105	0.953796	-0.170312	0.258884	0.1695	0.78	-0.2085	0	217	303	3
2026-02-12	15:31:15.970	-78.785	10.15	-62.79	0.956236	-0.175436	0.283528	0.1695	0.777	-0.204	0	217	303	3
2026-02-12	15:31:15.990	-65.8	12.67	-61.6	0.938912	-0.13786	0.31598	0.1605	0.777	-0.195	0	217	303	3
2026-02-12	15:31:16.010	-59.29	14.7	-61.495	0.93086	-0.129808	0.271816	0.1605	0.777	-0.195	0	213	282	3
2026-02-12	15:31:16.030	-60.13	13.93	-62.055	0.910608	-0.145668	0.243268	0.1425	0.774	-0.1875	0	213	282	3
2026-02-12	15:31:16.050	-63.245	9.905	-63.91	0.909388	-0.165188	0.22814	0.1455	0.771	-0.189	0	213	282	3
2026-02-12	15:31:16.070	-66.885	4.13	-66.78	0.931592	-0.193492	0.261812	0.1455	0.7695	-0.186	0	213	282	3
2026-02-12	15:31:16.090	-65.38	0.175	-68.81	0.935984	-0.21228	0.315492	0.138	0.771	-0.18	0	213	282	3
2026-02-12	15:31:16.110	-52.71	-3.745	-69.265	0.955016	-0.245952	0.371368	0.135	0.771	-0.1785	0	213	282	3
2026-02-12	15:31:16.130	-43.295	-5.985	-67.06	0.97112	-0.282308	0.381128	0.135	0.771	-0.1785	0	213	282	3
2026-02-12	15:31:16.150	-38.605	-9.345	-63.945	0.969168	-0.289872	0.393572	0.12	0.7485	-0.168	0	213	282	3
2026-02-12	15:31:16.170	-37.765	-12.6	-61.39	0.940132	-0.290116	0.413824	0.102	0.7425	-0.1635	0	213	282	3
2026-02-12	15:31:16.190	-37.38	-14.91	-58.135	0.91134	-0.314272	0.43066	0.114	0.747	-0.159	0	213	282	3
2026-02-12	15:31:16.210	-37.275	-15.995	-53.305	0.845216	-0.32574	0.437248	0.105	0.7365	-0.1575	0	208	279	3
2026-02-12	15:31:16.230	-36.61	-16.17	-47.985	0.753716	-0.329644	0.448228	0.093	0.726	-0.1515	0	208	279	3
2026-02-12	15:31:16.250	-32.795	-17.605	-43.89	0.698572	-0.336232	0.451888	0.09	0.738	-0.1425	0	208	279	3
2026-02-12	15:31:16.270	-26.005	-19.075	-40.67	0.68564	-0.368196	0.456036	0.0885	0.7335	-0.1425	0	208	279	3
2026-02-12	15:31:16.290	-17.255	-20.58	-35.245	0.703696	-0.377468	0.46726	0.0855	0.726	-0.141	0	208	279	3
2026-02-12	15:31:16.310	-4.865	-21.735	-26.04	0.697108	-0.375272	0.484584	0.0855	0.72	-0.138	0	208	279	3
2026-02-12	15:31:16.330	11.375	-22.995	-4.13	0.622444	-0.31964	0.42944	0.0885	0.717	-0.138	0	208	279	3
2026-02-12	15:31:16.350	21.98	-29.05	9.31	0.697352	-0.32818	0.3843	0.0705	0.7155	-0.129	0	208	279	3
2026-02-12	15:31:16.370	39.48	-36.925	17.605	0.8662	-0.373808	0.3904	0.0735	0.705	-0.123	0	208	279	3
2026-02-12	15:31:16.390	65.275	-41.44	21.385	1.036756	-0.4453	0.489464	0.075	0.711	-0.1245	0	208	279	3
2026-02-12	15:31:16.410	96.985	-37.38	25.55	1.171688	-0.477752	0.581696	0.081	0.714	-0.1185	0	203	300	3
2026-02-12	15:31:16.430	129.36	-26.39	29.54	1.28954	-0.433344	0.583404	0.072	0.708	-0.1125	0	203	300	3
2026-02-12	15:31:16.450	140.875	-11.06	30.135	1.36884	-0.331352	0.471164	0.0735	0.7005	-0.1185	0	203	300	3
2026-02-12	15:31:16.470	128.31	7.175	25.515	1.362252	-0.262788	0.364048	0.078	0.7035	-0.126	0	203	300	3
2026-02-12	15:31:16.490	102.97	23.275	21.385	1.300032	-0.247172	0.305244	0.084	0.702	-0.1335	0	203	300	3
2026-02-12	15:31:16.510	73.465	35.91	21.21	1.199504	-0.212036	0.279624	0.0855	0.6975	-0.1395	0	203	300	3
2026-02-12	15:31:16.530	25.76	44.66	29.19	1.025288	-0.164212	0.255468	0.0825	0.696	-0.15	0	203	300	3
2026-02-12	15:31:16.550	-23.66	45.675	41.86	0.886696	-0.156404	0.212036	0.0795	0.693	-0.1545	0	203	300	3
2026-02-12	15:31:16.570	-53.55	39.375	52.325	0.833992	-0.165188	0.208864	0.093	0.7005	-0.159	0	203	300	3
2026-02-12	15:31:16.590	-72.52	31.08	61.005	0.862784	-0.210328	0.227896	0.108	0.7065	-0.165	0	203	300	3
2026-02-12	15:31:16.610	-75.705	24.115	69.44	0.906704	-0.24522	0.25498	0.102	0.726	-0.1635	0	202	327	3
2026-02-12	15:31:16.630	-69.265	20.335	77.28	0.890844	-0.250588	0.256444	0.117	0.7335	-0.153	0	202	327	3
2026-02-12	15:31:16.650	-57.12	17.5	81.795	0.901092	-0.268644	0.222284	0.126	0.7515	-0.153	0	202	327	3
2026-02-12	15:31:16.670	-36.015	15.96	83.335	0.996496	-0.29768	0.196908	0.1335	0.756	-0.1515	0	202	327	3
2026-02-12	15:31:16.690	-9.275	18.34	84.035	1.054812	-0.298656	0.18544	0.1395	0.7665	-0.1485	0	202	327	3
2026-02-12	15:31:16.710	16.345	23.73	84.49	1.039928	-0.26352	0.16714	0.147	0.78	-0.147	0	202	327	3
2026-02-12	15:31:16.730	36.61	27.09	80.99	1.08458	-0.221552	0.164944	0.15	0.783	-0.15	0	202	327	3
2026-02-12	15:31:16.750	53.795	32.62	70.665	1.226832	-0.19764	0.178608	0.153	0.7845	-0.1515	0	202	327	3
2026-02-12	15:31:16.770	50.995	36.26	63.525	1.276608	-0.11224	0.160064	0.153	0.7845	-0.1515	0	202	327	3
2026-02-12	15:31:16.790	28.7	36.995	55.09	1.268556	-0.047336	0.130052	0.1725	0.8085	-0.1605	0	202	327	3
2026-02-12	15:31:16.810	-4.305	34.09	43.435	1.238788	-0.047336	0.123952	0.1935	0.8025	-0.1695	0	203	327	3
2026-02-12	15:31:16.830	-32.935	27.72	29.785	1.252208	-0.07905599	0.145668	0.21	0.807	-0.1785	0	203	327	3
2026-02-12	15:31:16.850	-53.76	21.98	15.82	1.227076	-0.108336	0.180804	0.2145	0.81	-0.165	0	203	327	3
2026-02-12	15:31:16.870	-69.09	18.165	4.445	1.08824	-0.160796	0.197152	0.2085	0.816	-0.1695	0	203	327	3
2026-02-12	15:31:16.890	-70.455	12.075	-2.205	0.925004	-0.21594	0.24034	0.213	0.825	-0.1575	0	203	327	3
2026-02-12	15:31:16.910	-53.025	4.165	-2.485	0.77958	-0.279624	0.294752	0.216	0.8235	-0.156	0	203	327	3
2026-02-12	15:31:16.930	-16.765	-6.16	0.245	0.743224	-0.278892	0.338184	0.2205	0.825	-0.156	0	203	327	3
2026-02-12	15:31:16.950	25.48	-12.985	3.185	0.76738	-0.234484	0.360632	0.2115	0.8295	-0.156	0	203	327	3
2026-02-12	15:31:16.970	73.675	-14.875	8.085	0.798124	-0.110288	0.382104	0.2025	0.8325	-0.156	0	203	327	3
2026-02-12	15:31:16.990	90.3	-13.405	6.93	0.838872	-0.045872	0.347944	0.2145	0.8265	-0.156	0	203	327	3
2026-02-12	15:31:17.010	85.96	-10.955	-0.14	0.901336	0.015616	0.303292	0.2205	0.8175	-0.165	0	206	309	3
2026-02-12	15:31:17.030	60.97	-8.19	-11.795	0.99552	0.029036	0.267668	0.213	0.807	-0.1665	0	206	309	3
2026-02-12	15:31:17.050	27.755	-5.145	-23.695	1.018456	0.036844	0.259128	0.1965	0.81	-0.1725	0	206	309	3
2026-02-12	15:31:17.070	-1.855	-0.805	-32.655	0.996008	-0.010492	0.298168	0.204	0.804	-0.1785	0	206	309	3
2026-02-12	15:31:17.090	-19.845	2.835	-38.255	0.963312	-0.046604	0.349652	0.1995	0.8025	-0.174	0	206	309	3
2026-02-12	15:31:17.110	-34.755	5.285	-41.405	0.952576	-0.101504	0.389668	0.2025	0.801	-0.1695	0	206	309	3
2026-02-12	15:31:17.130	-39.41	7.98	-41.44	0.920612	-0.14884	0.386252	0.1995	0.795	-0.165	0	206	309	3
2026-02-12	15:31:17.150	-34.44	8.82	-39.025	0.903532	-0.142252	0.354532	0.1965	0.7965	-0.1665	0	206	309	3
2026-02-12	15:31:17.170	-29.295	8.54	-37.24	0.929152	-0.120536	0.316224	0.195	0.795	-0.165	0	206	309	3
2026-02-12	15:31:17.190	-30.835	9.17	-37.73	0.955992	-0.1098	0.304756	0.192	0.7905	-0.1605	0	206	309	3
2026-02-12	15:31:17.210	-37.8	10.71	-38.71	0.930128	-0.104676	0.298412	0.201	0.789	-0.1575	0	208	299	2
2026-02-12	15:31:17.230	-45.92	10.64	-39.795	0.914024	-0.116876	0.289872	0.1815	0.7935	-0.159	0	208	299	2
2026-02-12	15:31:17.250	-51.24	9.065	-41.685	0.909388	-0.125416	0.29646	0.1875	0.792	-0.1455	0	208	299	2
2026-02-12	15:31:17.270	-53.305	7	-44.17	0.901824	-0.1464	0.301828	0.174	0.7875	-0.1485	0	208	299	2
2026-02-12	15:31:17.290	-52.465	3.64	-47.32	0.91378	-0.170312	0.318176	0.18	0.7905	-0.147	0	208	299	2
2026-02-12	15:31:17.310	-47.565	0.35	-50.995	0.932812	-0.184464	0.342088	0.1695	0.7875	-0.144	0	208	299	2
2026-02-12	15:31:17.330	-41.51	-3.535	-55.265	0.93086	-0.14884	0.334768	0.1725	0.783	-0.1395	0	208	299	2
2026-02-12	15:31:17.350	-39.13	-8.47	-59.85	0.941108	-0.160308	0.314516	0.171	0.78	-0.1365	0	208	299	2
2026-02-12	15:31:17.370	-37.345	-12.53	-64.19	0.975268	-0.212768	0.3721	0.159	0.774	-0.135	0	208	299	2
2026-02-12	15:31:17.390	-40.495	-11.025	-72.415	0.996496	-0.308904	0.458476	0.1515	0.768	-0.132	0	208	299	2
2026-02-12	15:31:17.410	-52.535	-12.285	-77.77	0.935496	-0.331596	0.432612	0.1515	0.768	-0.132	0	207	301	3
2026-02-12	15:31:17.430	-58.275	-16.03	-82.075	0.852292	-0.36478	0.414556	0.1425	0.7575	-0.1185	0	207	301	3
2026-02-12	15:31:17.450	-50.89	-20.51	-84.245	0.753716	-0.395524	0.442372	0.147	0.7545	-0.1185	0	207	301	3
2026-02-12	15:31:17.470	-33.985	-23.905	-81.375	0.671244	-0.47092	0.484584	0.1275	0.747	-0.1125	0	207	301	3
2026-02-12	15:31:17.490	-7.805	-27.335	-72.73	0.62098	-0.496296	0.514596	0.1215	0.7365	-0.099	0	207	301	3
2026-02-12	15:31:17.510	11.515	-30.275	-62.09	0.58072	-0.46848	0.505568	0.1185	0.732	-0.0975	0	207	301	3
2026-02-12	15:31:17.530	19.04	-32.55	-50.05	0.53802	-0.46726	0.479948	0.1125	0.726	-0.102	0	207	301	3
2026-02-12	15:31:17.550	22.61	-34.72	-36.925	0.502152	-0.479216	0.447984	0.111	0.714	-0.099	0	207	301	3
2026-02-12	15:31:17.570	29.75	-36.54	-23.31	0.512156	-0.52582	0.429684	0.1095	0.7095	-0.09	0	207	301	3
2026-02-12	15:31:17.590	48.825	-37.66	-7.875	0.607804	-0.569252	0.40748	0.1065	0.7065	-0.0855	0	207	301	3
2026-02-12	15:31:17.610	96.775	-37.555	12.67	0.930372	-0.59536	0.448716	0.1065	0.7035	-0.0855	0	206	322	3
2026-02-12	15:31:17.630	139.685	-34.405	15.715	1.341268	-0.636596	0.580232	0.096	0.699	-0.084	0	206	322	3
2026-02-12	15:31:17.650	176.365	-16.695	16.66	1.696532	-0.557052	0.677344	0.1005	0.699	-0.0795	0	206	322	3
2026-02-12	15:31:17.670	171.465	12.74	29.19	1.602348	-0.409676	0.49898	0.0975	0.6885	-0.09	0	206	322	3
2026-02-12	15:31:17.690	143.01	32.41	36.925	1.454728	-0.285724	0.295728	0.1065	0.684	-0.093	0	206	322	3
2026-02-12	15:31:17.710	106.61	44.1	38.885	1.433744	-0.209352	0.232044	0.12	0.6885	-0.1065	0	206	322	3
2026-02-12	15:31:17.730	59.15	53.34	42.14	1.328336	-0.191784	0.23546	0.117	0.678	-0.1185	0	206	322	3
2026-02-12	15:31:17.750	8.89	57.995	52.675	1.149972	-0.226188	0.246928	0.123	0.6825	-0.12	0	206	322	3
2026-02-12	15:31:17.770	-21.245	57.925	69.09	0.945988	-0.218868	0.22814	0.135	0.6915	-0.123	0	206	322	3
2026-02-12	15:31:17.790	-35.805	51.275	85.33	0.808372	-0.163236	0.218624	0.1395	0.702	-0.129	0	206	322	3
2026-02-12	15:31:17.810	-50.4	39.06	98.91	0.872788	-0.2013	0.238632	0.144	0.7155	-0.1335	0	211	346	3
2026-02-12	15:31:17.830	-53.655	32.13	111.965	1.031144	-0.230336	0.249124	0.1485	0.723	-0.135	0	211	346	3
2026-02-12	15:31:17.850	-55.93	30.695	123.375	1.006988	-0.213744	0.202032	0.1845	0.7515	-0.123	0	211	346	3
2026-02-12	15:31:17.870	-54.355	27.93	130.585	0.96624	-0.227896	0.146888	0.183	0.7635	-0.1245	0	211	346	3
2026-02-12	15:31:17.890	-42.035	22.75	131.32	1.048712	-0.254736	0.12932	0.2025	0.774	-0.12	0	211	346	3
2026-02-12	15:31:17.910	-24.955	18.83	127.295	1.126548	-0.260836	0.134688	0.2145	0.792	-0.1155	0	211	346	3
2026-02-12	15:31:17.930	-8.295	19.53	121.695	1.086288	-0.26718	0.139324	0.228	0.8055	-0.1095	0	211	346	3
2026-02-12	15:31:17.950	14.805	19.355	115.115	1.092876	-0.277428	0.153964	0.237	0.8145	-0.111	0	211	346	3
2026-02-12	15:31:17.970	41.055	19.775	106.085	1.154608	-0.243024	0.1647	0.2535	0.825	-0.1095	0	211	346	3
2026-02-12	15:31:17.990	54.985	23.03	95.27	1.12728	-0.195444	0.143472	0.27	0.828	-0.1125	0	211	346	3
2026-02-12	15:31:18.010	59.5	23.625	81.76	1.075064	-0.140544	0.104188	0.2805	0.831	-0.1185	0	219	341	3
2026-02-12	15:31:18.030	51.73	17.57	65.31	1.070672	-0.111996	0.115168	0.2805	0.831	-0.1185	0	219	341	3
2026-02-12	15:31:18.050	39.76	12.04	49.14	1.05286	-0.090036	0.154208	0.2805	0.831	-0.1185	0	219	341	3
2026-02-12	15:31:18.070	23.415	6.545	31.22	0.99552	-0.099552	0.173972	0.315	0.8385	-0.1425	0	219	341	3
2026-02-12	15:31:18.090	9.345	-1.295	12.075	0.948916	-0.127612	0.172752	0.3165	0.8385	-0.1425	0	219	341	3
2026-02-12	15:31:18.110	3.99	-11.83	-8.225	0.955992	-0.18056	0.182756	0.3075	0.8385	-0.144	0	219	341	3
2026-02-12	15:31:18.130	8.96	-20.545	-27.895	0.930616	-0.217648	0.233752	0.3195	0.8355	-0.141	0	219	341	3
2026-02-12	15:31:18.150	19.74	-26.74	-45.115	0.900604	-0.238388	0.293288	0.318	0.837	-0.156	0	219	341	3
2026-02-12	15:31:18.170	38.85	-29.715	-56.56	0.869128	-0.265716	0.348432	0.3165	0.8355	-0.1515	0	219	341	3
2026-02-12	15:31:18.190	68.985	-28.98	-60.48	0.837896	-0.276452	0.399672	0.312	0.828	-0.1485	0	219	341	3
2026-02-12	15:31:18.210	104.195	-27.335	-58.66	0.845704	-0.243268	0.421632	0.303	0.825	-0.1485	0	226	315	3
2026-02-12	15:31:18.230	130.095	-26.425	-54.74	0.862296	-0.15494	0.405772	0.291	0.816	-0.1515	0	226	315	3
2026-02-12	15:31:18.250	132.23	-25.725	-50.435	0.919148	-0.057096	0.376248	0.2835	0.8055	-0.159	0	226	315	3
2026-02-12	15:31:18.270	113.33	-27.65	-49.77	0.96136	-0.011956	0.370392	0.273	0.789	-0.1845	0	226	315	3
2026-02-12	15:31:18.290	83.58	-30.66	-50.855	1.015284	0.022204	0.382836	0.267	0.7725	-0.1905	0	226	315	3
2026-02-12	15:31:18.310	47.215	-30.73	-52.745	1.046028	0.039772	0.438468	0.2595	0.759	-0.186	0	226	315	3
2026-02-12	15:31:18.330	10.675	-25.165	-54.18	1.0065	0.044408	0.490196	0.2595	0.75	-0.186	0	226	315	3
2026-02-12	15:31:18.350	-22.12	-19.46	-55.44	0.952088	0.010004	0.482876	0.246	0.75	-0.186	0	226	315	3
2026-02-12	15:31:18.370	-45.815	-15.575	-55.79	0.917684	-0.032696	0.449448	0.246	0.744	-0.183	0	226	315	3
2026-02-12	15:31:18.390	-58.94	-13.72	-55.09	0.911828	-0.072956	0.415776	0.243	0.744	-0.186	0	226	315	3
2026-02-12	15:31:18.410	-64.75	-12.635	-53.55	0.903288	-0.094184	0.388692	0.237	0.747	-0.186	0	230	306	3
2026-02-12	15:31:18.430	-65.03	-11.34	-52.29	0.901092	-0.111752	0.37088	0.231	0.747	-0.177	0	230	306	3
2026-02-12	15:31:18.450	-59.15	-9.94	-51.38	0.935984	-0.123952	0.357948	0.231	0.7485	-0.1695	0	230	306	3
2026-02-12	15:31:18.470	-54.11	-8.19	-51.135	0.957212	-0.133712	0.344284	0.2325	0.753	-0.168	0	230	306	3
2026-02-12	15:31:18.490	-50.82	-6.16	-50.995	0.937692	-0.152988	0.354044	0.2175	0.744	-0.156	0	230	306	3
2026-02-12	15:31:18.510	-44.485	-4.165	-50.12	0.92842	-0.155916	0.3721	0.2085	0.7425	-0.147	0	230	306	3
2026-02-12	15:31:18.530	-38.465	-3.395	-49	0.937936	-0.13664	0.380396	0.2205	0.741	-0.1545	0	230	306	3
2026-02-12	15:31:18.550	-35.7	-3.15	-48.335	0.969656	-0.15128	0.385276	0.204	0.741	-0.1485	0	230	306	3
2026-02-12	15:31:18.570	-30.8	-2.275	-47.215	0.992104	-0.199836	0.424316	0.2055	0.7305	-0.1455	0	230	306	3
2026-02-12	15:31:18.590	-21.14	1.295	-44.065	0.996252	-0.25254	0.464576	0.2055	0.732	-0.1425	0	230	306	3
2026-02-12	15:31:18.610	-7.91	6.02	-37.625	0.98088	-0.287432	0.454084	0.2055	0.732	-0.1425	0	229	319	3
2026-02-12	15:31:18.630	2.345	7.21	-31.15	0.958188	-0.255712	0.43066	0.1995	0.732	-0.141	0	229	319	3
2026-02-12	15:31:18.650	0.63	6.09	-27.965	0.888892	-0.22204	0.429928	0.2025	0.7335	-0.1395	0	229	319	3
2026-02-12	15:31:18.670	-11.27	-1.19	-26.18	0.78812	-0.218136	0.445544	0.201	0.726	-0.144	0	229	319	3
2026-02-12	15:31:18.690	-23.1	-8.925	-25.55	0.726388	-0.212036	0.463844	0.195	0.7215	-0.1485	0	229	319	3
2026-02-12	15:31:18.710	-40.18	-16.765	-25.06	0.677344	-0.229848	0.462868	0.186	0.714	-0.1515	0	229	319	3
2026-02-12	15:31:18.730	-53.9	-23.905	-23.94	0.60756	-0.255224	0.408456	0.201	0.723	-0.138	0	229	319	3
2026-02-12	15:31:18.750	-63.105	-34.79	-21.98	0.532408	-0.27816	0.313296	0.195	0.72	-0.132	0	229	319	3
2026-02-12	15:31:18.770	-70	-51.975	-18.83	0.462868	-0.316468	0.232532	0.189	0.72	-0.12	0	229	319	3
2026-02-12	15:31:18.790	-67.095	-70.98	-14.665	0.422852	-0.356728	0.20618	0.1815	0.726	-0.111	0	229	319	3
2026-02-12	15:31:18.810	-47.74	-86.66	-9.975	0.410896	-0.38552	0.248148	0.1755	0.726	-0.1035	0	226	341	3
2026-02-12	15:31:18.830	-11.06	-91.56	-5.635	0.471652	-0.427976	0.404308	0.171	0.7335	-0.0915	0	226	341	3
2026-02-12	15:31:18.850	35.84	-85.435	3.185	0.559492	-0.3538	0.499712	0.168	0.732	-0.0855	0	226	341	3
2026-02-12	15:31:18.870	59.955	-85.715	11.445	0.752496	-0.256688	0.4758	0.1635	0.7275	-0.081	0	226	341	3
2026-02-12	15:31:18.890	123.655	-68.775	-16.45	1.464	-0.651968	0.777872	0.165	0.7305	-0.081	0	226	341	3
2026-02-12	15:31:18.910	175	-40.46	-25.375	1.875384	-0.540948	0.84058	0.1635	0.717	-0.0765	0	226	341	3
2026-02-12	15:31:18.930	155.33	-7.035	-16.275	1.806088	-0.327204	0.5551	0.159	0.7065	-0.0825	0	226	341	3
2026-02-12	15:31:18.950	113.47	24.36	-15.365	1.58356	-0.218136	0.313784	0.1605	0.7005	-0.0885	0	226	341	3
2026-02-12	15:31:18.970	79.94	43.82	-13.02	1.423984	-0.131516	0.238388	0.156	0.6885	-0.1065	0	226	341	3
2026-02-12	15:31:18.990	43.015	54.53	-2.135	1.265384	-0.10614	0.253272	0.1575	0.6855	-0.1065	0	226	341	3
2026-02-12	15:31:19.010	1.715	59.71	16.31	1.039196	-0.173972	0.308172	0.159	0.687	-0.114	0	227	364	3
2026-02-12	15:31:19.030	-7.455	52.85	39.025	0.900604	-0.203008	0.352824	0.1605	0.687	-0.123	0	227	364	3
2026-02-12	15:31:19.050	0.42	44.205	56.63	0.865956	-0.123464	0.401136	0.1665	0.6885	-0.132	0	227	364	3
2026-02-12	15:31:19.070	-12.6	40.355	68.95	0.846436	-0.150792	0.385032	0.171	0.6945	-0.138	0	227	364	3
2026-02-12	15:31:19.090	-30.555	37.625	84.91	0.9516	-0.2196	0.331596	0.174	0.7035	-0.1365	0	227	364	3
2026-02-12	15:31:19.110	-41.895	36.575	102.515	0.98576	-0.206668	0.240584	0.1785	0.711	-0.1365	0	227	364	3
2026-02-12	15:31:19.130	-45.535	35.84	113.015	0.949892	-0.20252	0.172264	0.1965	0.7365	-0.141	0	227	364	3
2026-02-12	15:31:19.150	-38.955	33.145	117.18	0.97234	-0.225212	0.146888	0.201	0.7515	-0.1395	0	227	364	3
2026-02-12	15:31:19.170	-21.315	31.08	116.655	1.057252	-0.247416	0.160796	0.2235	0.762	-0.135	0	227	364	3
2026-02-12	15:31:19.190	-0.35	32.375	114.135	1.116056	-0.224236	0.157624	0.2205	0.7755	-0.147	0	227	364	3
2026-02-12	15:31:19.210	13.72	36.33	108.71	1.082628	-0.198372	0.140544	0.2445	0.786	-0.144	0	233	370	3
2026-02-12	15:31:19.230	23.31	39.06	101.29	1.053592	-0.196664	0.121268	0.249	0.786	-0.144	0	233	370	3
2026-02-12	15:31:19.250	28.945	39.48	91.735	1.074576	-0.172264	0.128832	0.2565	0.792	-0.147	0	233	370	3
2026-02-12	15:31:19.270	28.07	39.165	79.52	1.148752	-0.137616	0.138592	0.27	0.804	-0.1515	0	233	370	3
2026-02-12	15:31:19.290	16.66	39.48	65.94	1.121424	-0.08686399	0.13786	0.282	0.81	-0.156	0	233	370	3
2026-02-12	15:31:19.310	-12.355	32.41	43.785	1.035536	-0.098332	0.1037	0.2835	0.81	-0.162	0	233	370	3
2026-02-12	15:31:19.330	-25.9	21.245	27.16	1.01626	-0.123708	0.093452	0.2835	0.81	-0.162	0	233	370	3
2026-02-12	15:31:19.350	-31.5	6.755	7.945	1.044076	-0.14762	0.100284	0.297	0.822	-0.159	0	233	370	3
2026-02-12	15:31:19.370	-36.085	-7.84	-13.09	1.071648	-0.185196	0.142252	0.3015	0.822	-0.1635	0	233	370	3
2026-02-12	15:31:19.390	-31.185	-18.13	-31.22	1.054568	-0.259372	0.232776	0.3075	0.8295	-0.156	0	233	370	3
2026-02-12	15:31:19.410	-1.855	-24.535	-44.205	1.026264	-0.315004	0.350384	0.297	0.831	-0.1545	0	240	346	3
2026-02-12	15:31:19.430	41.125	-26.075	-48.405	0.94428	-0.28914	0.416508	0.2925	0.8235	-0.153	0	240	346	3
2026-02-12	15:31:19.450	80.745	-23.975	-45.045	0.892552	-0.247904	0.4453	0.285	0.816	-0.156	0	240	346	3
2026-02-12	15:31:19.470	108.85	-19.775	-38.185	0.842044	-0.140544	0.41724	0.279	0.81	-0.1605	0	240	346	3
2026-02-12	15:31:19.490	118.58	-18.48	-31.08	0.833504	-0.06954	0.333792	0.273	0.8025	-0.165	0	240	346	3
2026-02-12	15:31:19.510	109.83	-20.3	-26.145	0.878888	-0.006344	0.250344	0.2655	0.7935	-0.174	0	240	346	3
2026-02-12	15:31:19.530	71.435	-20.37	-26.005	0.944768	0.024644	0.233752	0.261	0.789	-0.1785	0	240	346	3
2026-02-12	15:31:19.550	45.255	-18.13	-28.735	0.990396	0.04392	0.263764	0.2565	0.7725	-0.1875	0	240	346	3
2026-02-12	15:31:19.570	16.975	-16.17	-33.32	0.99674	0.070272	0.294264	0.258	0.7665	-0.1935	0	240	346	3
2026-02-12	15:31:19.590	-12.635	-13.615	-38.815	0.968192	0.033184	0.314516	0.2535	0.753	-0.1905	0	240	346	3
2026-02-12	15:31:19.610	-33.6	-12.915	-43.75	0.9455	-0.024888	0.3477	0.2475	0.7605	-0.1875	0	243	320	3
2026-02-12	15:31:19.630	-42.945	-12.04	-46.375	0.931348	-0.084668	0.3843	0.237	0.756	-0.1875	0	243	320	3
2026-02-12	15:31:19.650	-41.51	-10.08	-47.915	0.907924	-0.09857599	0.4026	0.24	0.756	-0.186	0	243	320	3
2026-02-12	15:31:19.670	-37.065	-9.065	-49.07	0.884744	-0.105896	0.37576	0.237	0.7515	-0.1815	0	243	320	3
2026-02-12	15:31:19.690	-31.465	-9.8	-50.05	0.878888	-0.10858	0.33916	0.2295	0.756	-0.18	0	243	320	3
2026-02-12	15:31:19.710	-25.935	-11.41	-51.52	0.883524	-0.107604	0.310856	0.222	0.7605	-0.1815	0	243	320	3
2026-02-12	15:31:19.730	-18.725	-12.18	-54.39	0.905728	-0.093452	0.303536	0.2205	0.7575	-0.177	0	243	320	3
2026-02-12	15:31:19.750	-15.855	-12.46	-57.015	0.920368	-0.071004	0.29524	0.225	0.7575	-0.174	0	243	320	3
2026-02-12	15:31:19.770	-19.775	-12.775	-57.855	0.920124	-0.072224	0.296948	0.204	0.7455	-0.162	0	243	320	3
2026-02-12	15:31:19.790	-24.255	-13.37	-58.38	0.932324	-0.0976	0.305976	0.198	0.744	-0.1665	0	243	320	3
2026-02-12	15:31:19.810	-24.885	-14.665	-58.17	0.976488	-0.10736	0.326472	0.198	0.7365	-0.1605	0	242	311	2
2026-02-12	15:31:19.830	-24.22	-14.665	-56.91	0.98942	-0.11102	0.365024	0.192	0.729	-0.159	0	242	311	2
2026-02-12	15:31:19.850	-22.995	-13.58	-53.41	0.979416	-0.113216	0.379664	0.1905	0.726	-0.159	0	242	311	2
2026-02-12	15:31:19.870	-19.04	-13.055	-48.79	0.99552	-0.12444	0.388204	0.1875	0.7275	-0.156	0	242	311	2
2026-02-12	15:31:19.890	-15.33	-12.88	-44.31	1.008696	-0.13908	0.399428	0.1845	0.729	-0.1545	0	242	311	2
2026-02-12	15:31:19.910	-14	-12.215	-40.145	1.019432	-0.161284	0.404308	0.18	0.726	-0.1545	0	242	311	2
2026-02-12	15:31:19.930	-14.595	-12.95	-36.82	1.021872	-0.145424	0.413092	0.177	0.7215	-0.1545	0	242	311	2
2026-02-12	15:31:19.950	-23.695	-15.82	-35.21	0.97234	-0.143716	0.412604	0.177	0.7215	-0.159	0	242	311	2
2026-02-12	15:31:19.970	-31.29	-18.165	-34.895	0.91622	-0.154696	0.427976	0.177	0.7215	-0.159	0	242	311	2
2026-02-12	15:31:19.990	-38.71	-19.985	-33.985	0.85156	-0.175192	0.430172	0.165	0.7095	-0.15	0	242	311	2
2026-02-12	15:31:20.010	-45.885	-21.805	-31.955	0.772748	-0.197884	0.411384	0.1635	0.711	-0.135	0	236	317	3
2026-02-12	15:31:20.030	-48.86	-23.975	-28.28	0.668804	-0.219356	0.385764	0.156	0.714	-0.1305	0	236	317	3
2026-02-12	15:31:20.050	-46.34	-28.315	-23.03	0.582672	-0.230824	0.354288	0.1605	0.7005	-0.1335	0	236	317	3
2026-02-12	15:31:20.070	-40.18	-34.685	-17.045	0.506056	-0.244	0.343308	0.156	0.7035	-0.126	0	236	317	3
2026-02-12	15:31:20.090	-29.225	-40.145	-9.765	0.42578	-0.259616	0.354288	0.1515	0.708	-0.1155	0	236	317	3
2026-02-12	15:31:20.110	-9.415	-45.99	-1.645	0.416996	-0.29158	0.329644	0.1515	0.7125	-0.1125	0	236	317	3
2026-02-12	15:31:20.130	20.3	-56.49	1.61	0.613904	-0.336232	0.296704	0.153	0.708	-0.108	0	236	317	3
2026-02-12	15:31:20.150	76.825	-63.91	-12.04	1.05408	-0.55266	0.585112	0.147	0.705	-0.1005	0	236	317	3
2026-02-12	15:31:20.170	208.215	-28.525	-23.065	1.556964	-0.622932	0.8113	0.141	0.7095	-0.0975	0	236	317	3
2026-02-12	15:31:20.190	247.135	1.82	-11.48	1.665788	-0.294752	0.600972	0.132	0.6885	-0.1065	0	236	317	3
2026-02-12	15:31:20.210	208.915	34.09	-6.72	1.639192	-0.1098	0.35014	0.129	0.675	-0.123	0	230	335	3
2026-02-12	15:31:20.230	133.525	59.36	-6.09	1.48596	-0.002928	0.204472	0.132	0.6615	-0.129	0	230	335	3
2026-02-12	15:31:20.250	42.98	68.705	4.515	1.265872	0.03782	0.164456	0.1365	0.6525	-0.144	0	230	335	3
2026-02-12	15:31:20.270	-36.54	66.535	24.535	1.012844	0.00122	0.19642	0.15	0.6525	-0.159	0	230	335	3
2026-02-12	15:31:20.290	-72.415	57.54	47.215	0.856196	-0.042456	0.281088	0.1485	0.6555	-0.159	0	230	335	3
2026-02-12	15:31:20.310	-80.675	42.385	65.555	0.898164	0.004636	0.385032	0.15	0.663	-0.162	0	230	335	3
2026-02-12	15:31:20.330	-106.4	32.97	79.03	0.9272	0.002928	0.380152	0.153	0.6735	-0.1695	0	230	335	3
2026-02-12	15:31:20.350	-148.12	23.065	94.885	0.900116	-0.108336	0.3111	0.1575	0.69	-0.168	0	230	335	3
2026-02-12	15:31:20.370	-163.31	14.805	112.735	0.946964	-0.25254	0.234728	0.162	0.708	-0.156	0	230	335	3
2026-02-12	15:31:20.390	-145.705	12.95	122.29	1.07482	-0.286212	0.179828	0.1635	0.714	-0.15	0	230	335	3
2026-02-12	15:31:20.410	-130.025	14.525	124.74	1.061156	-0.28304	0.125172	0.18	0.7695	-0.141	0	231	347	3
2026-02-12	15:31:20.430	-106.12	15.085	124.915	0.99918	-0.304268	0.093696	0.189	0.78	-0.1305	0	231	347	3
2026-02-12	15:31:20.450	-63.105	12.985	121.205	1.026996	-0.3172	0.096624	0.2025	0.804	-0.1245	0	231	347	3
2026-02-12	15:31:20.470	-12.355	14.63	113.05	1.087508	-0.287188	0.106872	0.213	0.8205	-0.117	0	231	347	3
2026-02-12	15:31:20.490	26.74	20.825	102.13	1.096048	-0.226432	0.110532	0.2175	0.828	-0.1215	0	231	347	3
2026-02-12	15:31:20.510	47.145	26.075	90.055	1.098488	-0.18788	0.108092	0.2295	0.84	-0.129	0	231	347	3
2026-02-12	15:31:20.530	55.475	29.295	77.7	1.082384	-0.140056	0.098332	0.2385	0.846	-0.1365	0	231	347	3
2026-02-12	15:31:20.550	53.165	28.455	63.105	1.0553	-0.095648	0.105408	0.2475	0.8505	-0.147	0	231	347	3
2026-02-12	15:31:20.570	40.215	24.955	46.585	1.024068	-0.071736	0.130296	0.258	0.855	-0.1545	0	231	347	3
2026-02-12	15:31:20.590	12.145	15.015	18.095	1.051152	-0.105408	0.18056	0.2625	0.855	-0.159	0	231	347	3
2026-02-12	15:31:20.610	-2.17	7.805	0.07	1.01626	-0.1403	0.207644	0.2625	0.855	-0.159	0	234	330	3
2026-02-12	15:31:20.630	-7.21	-2.17	-16.8	0.99796	-0.177632	0.219112	0.2655	0.855	-0.1635	0	234	330	3
2026-02-12	15:31:20.650	0.49	-12.355	-33.845	0.99552	-0.218136	0.255956	0.261	0.852	-0.168	0	234	330	3
2026-02-12	15:31:20.670	17.43	-19.355	-46.585	0.94672	-0.233264	0.307684	0.261	0.855	-0.162	0	234	330	3
2026-02-12	15:31:20.690	40.075	-22.295	-50.575	0.897188	-0.233996	0.364048	0.2655	0.852	-0.1695	0	234	330	3
2026-02-12	15:31:20.710	68.81	-19.495	-46.34	0.842776	-0.20008	0.379176	0.258	0.8475	-0.165	0	234	330	3
2026-02-12	15:31:20.730	91.56	-16.73	-40.425	0.821792	-0.109068	0.360632	0.246	0.8385	-0.168	0	234	330	3
2026-02-12	15:31:20.750	98.945	-15.54	-38.395	0.87596	-0.055632	0.331108	0.2385	0.8265	-0.1785	0	234	330	3
2026-02-12	15:31:20.770	88.76	-14.63	-40.075	0.943792	-0.016592	0.292068	0.231	0.822	-0.186	0	234	330	3
2026-02-12	15:31:20.790	63.63	-13.44	-44.38	1.022848	0.003172	0.26352	0.2295	0.816	-0.192	0	234	330	3
2026-02-12	15:31:20.810	16.625	-8.82	-52.325	1.074332	0.04392	0.25986	0.2295	0.81	-0.1965	0	236	305	3
2026-02-12	15:31:20.830	-12.985	-3.01	-57.085	1.0553	0.017568	0.2867	0.216	0.795	-0.207	0	236	305	3
2026-02-12	15:31:20.850	-35.07	1.925	-59.29	1.019432	-0.00976	0.308172	0.201	0.7815	-0.2055	0	236	305	3
2026-02-12	15:31:20.870	-54.495	5.04	-59.325	0.975268	-0.046116	0.311832	0.201	0.78	-0.201	0	236	305	3
2026-02-12	15:31:20.890	-67.935	5.845	-57.33	0.941108	-0.072956	0.317444	0.201	0.7905	-0.1995	0	236	305	3
2026-02-12	15:31:20.910	-71.995	5.495	-54.355	0.922076	-0.101016	0.324276	0.195	0.7785	-0.186	0	236	305	3
2026-02-12	15:31:20.930	-67.515	5.145	-51.205	0.908412	-0.10858	0.320128	0.192	0.78	-0.189	0	236	305	3
2026-02-12	15:31:20.950	-60.445	4.865	-48.055	0.911584	-0.115168	0.305732	0.183	0.78	-0.1875	0	236	305	3
2026-02-12	15:31:20.970	-54.04	5.11	-45.5	0.903044	-0.12078	0.286944	0.177	0.7845	-0.177	0	236	305	3
2026-02-12	15:31:20.990	-50.12	6.02	-43.61	0.87962	-0.13054	0.27328	0.1755	0.789	-0.171	0	236	305	3
2026-02-12	15:31:21.010	-46.83	5.67	-43.225	0.883524	-0.145912	0.294996	0.177	0.789	-0.1695	0	233	293	3
2026-02-12	15:31:21.030	-38.78	5.88	-44.625	0.888648	-0.177144	0.367708	0.177	0.789	-0.1695	0	233	293	3
2026-02-12	15:31:21.050	-29.05	7.77	-45.71	0.868884	-0.183244	0.391132	0.171	0.7845	-0.171	0	233	293	3
2026-02-12	15:31:21.070	-22.645	7.21	-46.34	0.86864	-0.149084	0.378688	0.162	0.783	-0.165	0	233	293	3
2026-02-12	15:31:21.090	-23.52	5.495	-47.915	0.876692	-0.150304	0.363316	0.1665	0.768	-0.1635	0	233	293	3
2026-02-12	15:31:21.110	-23.065	2.52	-49.385	0.935008	-0.170068	0.371612	0.1545	0.774	-0.1635	0	233	293	3
2026-02-12	15:31:21.130	-23.31	-0.525	-49.63	0.943304	-0.15616	0.37698	0.153	0.768	-0.1665	0	233	293	3
2026-02-12	15:31:21.150	-28.98	-5.005	-49.245	0.90646	-0.1403	0.371856	0.1485	0.7605	-0.168	0	233	293	3
2026-02-12	15:31:21.170	-34.3	-10.92	-50.645	0.92842	-0.175924	0.388936	0.147	0.7575	-0.1605	0	233	293	3
2026-02-12	15:31:21.190	-35.595	-15.82	-52.29	0.928908	-0.21716	0.400404	0.147	0.75	-0.153	0	233	293	3
2026-02-12	15:31:21.210	-35.84	-20.3	-53.2	0.939156	-0.241316	0.40138	0.144	0.75	-0.1545	0	227	298	3
2026-02-12	15:31:21.230	-37.52	-24.85	-53.34	0.898164	-0.255468	0.397476	0.141	0.756	-0.156	0	227	298	3
2026-02-12	15:31:21.250	-37.835	-27.79	-50.89	0.807396	-0.263032	0.391864	0.141	0.756	-0.156	0	227	298	3
2026-02-12	15:31:21.270	-35.175	-31.5	-46.34	0.711992	-0.282796	0.392352	0.114	0.741	-0.1425	0	227	298	3
2026-02-12	15:31:21.290	-28.385	-35.735	-40.495	0.629276	-0.290116	0.405772	0.1065	0.7305	-0.1305	0	227	298	3
2026-02-12	15:31:21.310	-18.48	-38.885	-34.125	0.561444	-0.288652	0.413824	0.1065	0.7335	-0.126	0	227	298	3
2026-02-12	15:31:21.330	-8.26	-42.035	-28.14	0.51118	-0.276696	0.374052	0.093	0.7305	-0.123	0	227	298	3
2026-02-12	15:31:21.350	5.04	-48.65	-24.675	0.560224	-0.299388	0.344284	0.096	0.7245	-0.1185	0	227	298	3
2026-02-12	15:31:21.370	34.265	-54.285	-26.705	0.809104	-0.4148	0.42578	0.0975	0.717	-0.108	0	227	298	3
2026-02-12	15:31:21.390	92.365	-52.78	-31.57	1.192428	-0.55632	0.655384	0.0855	0.711	-0.1035	0	227	298	3
2026-02-12	15:31:21.410	159.67	-33.635	-28.805	1.552328	-0.576572	0.820816	0.078	0.711	-0.108	0	219	319	3
2026-02-12	15:31:21.430	190.575	-2.135	-10.08	1.574776	-0.3416	0.689056	0.0795	0.7065	-0.111	0	219	319	3
2026-02-12	15:31:21.450	140.245	33.53	12.005	1.423008	-0.18544	0.3782	0.0795	0.7005	-0.1125	0	219	319	3
2026-02-12	15:31:21.470	98.77	46.305	25.76	1.316136	-0.122244	0.312076	0.072	0.675	-0.1425	0	219	319	3
2026-02-12	15:31:21.490	57.925	52.395	43.05	1.176324	-0.073444	0.311344	0.087	0.6765	-0.144	0	219	319	3
2026-02-12	15:31:21.510	22.54	54.565	61.6	1.026996	-0.033428	0.346236	0.0825	0.6735	-0.1485	0	219	319	3
2026-02-12	15:31:21.530	-7.98	54.11	78.89	0.931592	-0.00244	0.369172	0.084	0.69	-0.174	0	219	319	3
2026-02-12	15:31:21.550	-39.935	50.435	92.015	0.888648	0.007564	0.373076	0.0915	0.69	-0.174	0	219	319	3
2026-02-12	15:31:21.570	-76.16	44.135	102.2	0.896944	-0.051972	0.360632	0.1035	0.7005	-0.1725	0	219	319	3
2026-02-12	15:31:21.590	-102.13	36.4	111.685	0.995764	-0.135908	0.359656	0.111	0.7185	-0.1755	0	219	319	3
2026-02-12	15:31:21.610	-118.86	30.1	122.745	1.01992	-0.178608	0.315004	0.12	0.7365	-0.1785	0	217	347	3
2026-02-12	15:31:21.630	-128.765	26.985	132.09	0.976488	-0.204472	0.241804	0.129	0.7575	-0.1725	0	217	347	3
2026-02-12	15:31:21.650	-123.445	24.29	134.295	0.947696	-0.243024	0.182756	0.141	0.7815	-0.168	0	217	347	3
2026-02-12	15:31:21.670	-96.32	20.755	128.87	0.97966	-0.29768	0.189344	0.15	0.7935	-0.1665	0	217	347	3
2026-02-12	15:31:21.690	-58.275	21.945	120.855	1.005768	-0.306952	0.194468	0.1695	0.84	-0.144	0	217	347	3
2026-02-12	15:31:21.710	-21.665	26.075	111.685	0.980636	-0.268156	0.1708	0.186	0.8595	-0.1485	0	217	347	3
2026-02-12	15:31:21.730	5.705	29.47	99.295	0.967948	-0.22692	0.140056	0.1995	0.8775	-0.147	0	217	347	3
2026-02-12	15:31:21.750	20.58	30.66	83.86	0.996496	-0.187148	0.115656	0.219	0.8805	-0.153	0	217	347	3
2026-02-12	15:31:21.770	25.795	29.295	67.655	1.065792	-0.16348	0.111264	0.222	0.8835	-0.1545	0	217	347	3
2026-02-12	15:31:21.790	22.75	25.375	51.1	1.118008	-0.101504	0.128344	0.2325	0.8895	-0.1605	0	217	347	3
2026-02-12	15:31:21.810	8.155	20.37	33.215	1.079456	-0.087352	0.154696	0.246	0.8955	-0.168	0	217	350	3
2026-02-12	15:31:21.830	-5.88	12.46	13.195	1.081408	-0.123952	0.183	0.255	0.8955	-0.1695	0	217	350	3
2026-02-12	15:31:21.850	-11.97	3.64	-7.175	1.078236	-0.183732	0.210328	0.258	0.897	-0.168	0	217	350	3
2026-02-12	15:31:21.870	-2.73	-10.115	-32.375	1.044076	-0.23912	0.266936	0.2565	0.9015	-0.1695	0	217	350	3
2026-02-12	15:31:21.890	12.565	-18.235	-46.97	1.025776	-0.26596	0.31842	0.2565	0.9015	-0.1695	0	217	350	3
2026-02-12	15:31:21.910	37.45	-23.66	-55.16	0.961116	-0.305	0.354532	0.2415	0.8955	-0.1695	0	217	350	3
2026-02-12	15:31:21.930	72.38	-25.76	-54.215	0.892796	-0.296216	0.400648	0.2325	0.891	-0.1725	0	217	350	3
2026-02-12	15:31:21.950	107.59	-23.31	-46.515	0.848876	-0.242048	0.415044	0.219	0.879	-0.1725	0	217	350	3
2026-02-12	15:31:21.970	131.67	-19.635	-35.735	0.834968	-0.162992	0.377712	0.2145	0.8685	-0.192	0	217	350	3
2026-02-12	15:31:21.990	135.135	-17.15	-26.95	0.87718	-0.054412	0.303292	0.21	0.8595	-0.201	0	217	350	3
2026-02-12	15:31:22.010	102.55	-15.26	-22.225	0.943548	0.041236	0.217648	0.207	0.8505	-0.21	0	218	332	3
2026-02-12	15:31:22.030	68.53	-14.595	-22.575	0.9882	0.08686399	0.200324	0.2055	0.84	-0.2175	0	218	332	3
2026-02-12	15:31:22.050	20.09	-12.915	-26.67	1.038952	0.11956	0.20618	0.204	0.8265	-0.225	0	218	332	3
2026-02-12	15:31:22.070	-25.375	-7.84	-32.655	1.048468	0.101504	0.22326	0.198	0.8205	-0.2295	0	218	332	3
2026-02-12	15:31:22.090	-85.785	-0.91	-40.985	1.036024	0.04514	0.259128	0.1905	0.8175	-0.234	0	218	332	3
2026-02-12	15:31:22.110	-119.875	3.255	-45.045	1.001864	-0.016592	0.271572	0.192	0.831	-0.219	0	218	332	3
2026-02-12	15:31:22.130	-140.735	6.755	-48.02	0.960384	-0.080032	0.264984	0.1875	0.8385	-0.21	0	218	332	3
2026-02-12	15:31:22.150	-146.58	8.61	-50.54	0.94672	-0.132004	0.25376	0.1755	0.84	-0.201	0	218	332	3
2026-02-12	15:31:22.170	-142.975	9.905	-51.87	0.940132	-0.16104	0.258396	0.1695	0.834	-0.183	0	218	332	3
2026-02-12	15:31:22.190	-134.295	12.285	-52.22	0.92354	-0.152256	0.261324	0.168	0.846	-0.1785	0	218	332	3
2026-02-12	15:31:22.210	-126.14	15.05	-53.095	0.898896	-0.118096	0.22692	0.165	0.858	-0.1635	0	217	312	3
2026-02-12	15:31:22.230	-120.96	14.98	-56.35	0.91378	-0.116144	0.176168	0.159	0.8565	-0.1485	0	217	312	3
2026-02-12	15:31:22.250	-114.555	13.685	-61.67	0.93574	-0.15372	0.1525	0.1515	0.8595	-0.138	0	217	312	3
2026-02-12	15:31:22.270	-102.865	11.97	-66.92	1.005768	-0.229848	0.168848	0.15	0.864	-0.129	0	217	312	3
2026-02-12	15:31:22.290	-84	13.055	-70.175	1.001132	-0.269376	0.186904	0.144	0.858	-0.12	0	217	312	3
2026-02-12	15:31:22.310	-70.56	12.215	-71.505	0.961116	-0.266448	0.187148	0.138	0.852	-0.1155	0	217	312	3
2026-02-12	15:31:22.330	-63.175	8.33	-73.395	0.943792	-0.257176	0.188856	0.1275	0.8475	-0.1035	0	217	312	3
2026-02-12	15:31:22.350	-56.595	3.605	-76.825	0.933788	-0.267668	0.222284	0.117	0.846	-0.096	0	217	312	3
2026-02-12	15:31:22.370	-50.575	-0.56	-79.275	0.914756	-0.280844	0.252296	0.111	0.834	-0.0915	0	217	312	3
2026-02-12	15:31:22.390	-49.42	-4.55	-80.185	0.881328	-0.289384	0.28182	0.102	0.828	-0.09	0	217	312	3
2026-02-12	15:31:22.410	-53.41	-7.35	-79.87	0.808128	-0.308416	0.30744	0.0975	0.8175	-0.0855	0	213	293	3
2026-02-12	15:31:22.430	-57.68	-10.85	-79.24	0.764452	-0.36478	0.3355	0.0915	0.813	-0.081	0	213	293	3
2026-02-12	15:31:22.450	-62.23	-14.595	-76.58	0.70272	-0.451156	0.350872	0.0855	0.8085	-0.078	0	213	293	3
2026-02-12	15:31:22.470	-63.63	-19.145	-69.86	0.645624	-0.532164	0.357704	0.075	0.7935	-0.066	0	213	293	3
2026-02-12	15:31:22.490	-49.875	-25.025	-62.335	0.648796	-0.607316	0.38308	0.066	0.7875	-0.057	0	213	293	3
2026-02-12	15:31:22.510	-11.445	-29.89	-46.69	0.681736	-0.620004	0.39894	0.063	0.7875	-0.057	0	213	293	3
2026-02-12	15:31:22.530	5.425	-35.105	-34.545	0.845948	-0.611708	0.366	0.063	0.7875	-0.057	0	213	293	3
2026-02-12	15:31:22.550	24.99	-40.705	-25.235	1.056764	-0.641476	0.407236	0.0465	0.7665	-0.0375	0	213	293	3
2026-02-12	15:31:22.570	61.11	-41.405	-19.6	1.294176	-0.710528	0.560224	0.0405	0.768	-0.042	0	213	293	3
2026-02-12	15:31:22.590	106.54	-32.305	-11.27	1.4884	-0.726632	0.677832	0.042	0.7725	-0.0375	0	213	293	3
2026-02-12	15:31:22.610	137.095	-14.525	4.725	1.442772	-0.618784	0.592188	0.045	0.7695	-0.0405	0	212	290	3
2026-02-12	15:31:22.630	148.82	1.575	19.075	1.36396	-0.48434	0.444812	0.045	0.765	-0.045	0	212	290	3
2026-02-12	15:31:22.650	143.675	13.79	30.905	1.34688	-0.422364	0.364048	0.0435	0.7635	-0.0555	0	212	290	3
2026-02-12	15:31:22.670	130.76	25.83	42.28	1.278316	-0.357216	0.3477	0.042	0.7635	-0.066	0	212	290	3
2026-02-12	15:31:22.690	108.605	35.14	54.845	1.136552	-0.284992	0.346724	0.045	0.768	-0.0825	0	212	290	3
2026-02-12	15:31:22.710	81.235	39.27	68.845	0.995764	-0.217404	0.339404	0.051	0.7755	-0.1005	0	212	290	3
2026-02-12	15:31:22.730	43.89	38.5	87.325	0.914268	-0.185196	0.311344	0.0555	0.777	-0.1065	0	212	290	3
2026-02-12	15:31:22.750	28.14	35.945	97.265	0.907436	-0.193492	0.273524	0.075	0.792	-0.1305	0	212	290	3
2026-02-12	15:31:22.770	20.44	31.78	104.125	0.991372	-0.204228	0.23546	0.081	0.81	-0.1365	0	212	290	3
2026-02-12	15:31:22.790	15.89	30.52	108.71	1.064084	-0.203008	0.186416	0.102	0.819	-0.1455	0	212	290	3
2026-02-12	15:31:22.810	10.29	30.94	111.125	1.121668	-0.196908	0.132736	0.12	0.834	-0.1485	0	215	304	3
2026-02-12	15:31:22.830	3.045	32.655	112.42	1.097756	-0.1891	0.079544	0.1245	0.843	-0.1545	0	215	304	3
2026-02-12	15:31:22.850	-1.05	34.125	112.35	1.046272	-0.187148	0.054656	0.138	0.8625	-0.1635	0	215	304	3
2026-02-12	15:31:22.870	1.05	34.02	108.92	1.066036	-0.179096	0.068076	0.1575	0.8745	-0.1695	0	215	304	3
2026-02-12	15:31:22.890	4.13	36.75	103.32	1.07848	-0.174948	0.078324	0.1785	0.882	-0.1755	0	215	304	3
2026-02-12	15:31:22.910	5.74	39.9	96.32	1.079456	-0.17568	0.083692	0.192	0.894	-0.1815	0	215	304	3
2026-02-12	15:31:22.930	6.195	42.805	85.61	1.041392	-0.171532	0.066368	0.2115	0.9015	-0.1905	0	215	304	3
2026-02-12	15:31:22.950	5.775	42.105	72.835	1.029924	-0.1708	0.044652	0.2265	0.903	-0.195	0	215	304	3
2026-02-12	15:31:22.970	2.59	37.59	63	1.04798	-0.1647	0.022204	0.255	0.918	-0.1995	0	215	304	3
2026-02-12	15:31:22.990	-0.595	30.625	53.55	1.02236	-0.1464	0.028304	0.2715	0.9255	-0.2145	0	215	304	3
2026-02-12	15:31:23.010	-0.56	21.735	41.965	1.029436	-0.155428	0.072956	0.2865	0.9255	-0.213	0	220	296	3
2026-02-12	15:31:23.030	2.03	14.385	27.86	1.091168	-0.169824	0.124684	0.297	0.927	-0.219	0	220	296	3
2026-02-12	15:31:23.050	7.875	8.295	11.865	1.158512	-0.164456	0.172264	0.3015	0.927	-0.2205	0	220	296	3
2026-02-12	15:31:23.070	10.29	5.81	-7.21	1.070916	-0.09028	0.195444	0.3075	0.927	-0.2235	0	220	296	3
2026-02-12	15:31:23.090	8.82	3.08	-24.745	0.991616	-0.147376	0.18666	0.306	0.927	-0.225	0	220	296	3
2026-02-12	15:31:23.110	18.165	-2.73	-34.51	0.955504	-0.206668	0.23668	0.3105	0.927	-0.2295	0	220	296	3
2026-02-12	15:31:23.130	37.94	-6.23	-36.4	0.910608	-0.214476	0.310856	0.312	0.921	-0.234	0	220	296	3
2026-02-12	15:31:23.150	73.5	-10.78	-29.89	0.846924	-0.058072	0.36478	0.3075	0.915	-0.234	0	220	296	3
2026-02-12	15:31:23.170	85.365	-15.015	-26.39	0.865956	0.02806	0.389912	0.3075	0.915	-0.234	0	220	296	3
2026-02-12	15:31:23.190	89.25	-17.15	-24.08	0.885964	0.060268	0.39894	0.2805	0.8865	-0.264	0	220	296	3
2026-02-12	15:31:23.210	83.44	-17.955	-23.38	0.88206	0.116388	0.362096	0.2895	0.8775	-0.276	0	225	271	3
2026-02-12	15:31:23.230	54.775	-19.46	-28.035	0.899628	0.176656	0.31476	0.2865	0.8715	-0.2865	0	225	271	3
2026-02-12	15:31:23.250	8.4	-18.235	-38.325	0.924028	0.169824	0.277428	0.282	0.867	-0.291	0	225	271	3
2026-02-12	15:31:23.270	-30.135	-13.93	-49.455	0.92964	0.108092	0.281576	0.2715	0.858	-0.2925	0	225	271	3
2026-02-12	15:31:23.290	-54.565	-8.82	-58.905	0.95282	0.059536	0.294996	0.2655	0.858	-0.288	0	225	271	3
2026-02-12	15:31:23.310	-69.02	-3.465	-66.465	0.96502	-0.007076	0.299632	0.261	0.8595	-0.285	0	225	271	3
2026-02-12	15:31:23.330	-74.375	0	-71.015	0.967948	-0.068564	0.304756	0.2505	0.858	-0.2745	0	225	271	3
2026-02-12	15:31:23.350	-69.475	1.785	-73.36	0.962336	-0.105896	0.312564	0.2445	0.861	-0.267	0	225	271	3
2026-02-12	15:31:23.370	-51.975	2.135	-75.495	0.942572	-0.11712	0.326716	0.243	0.864	-0.2655	0	225	271	3
2026-02-12	15:31:23.390	-42.595	1.715	-74.48	0.927444	-0.086132	0.333304	0.228	0.8655	-0.2535	0	225	271	3
2026-02-12	15:31:23.410	-42.49	-0.7	-74.935	0.914024	0.0244	0.320616	0.219	0.858	-0.2445	0	228	262	2
2026-02-12	15:31:23.430	-57.05	-3.64	-80.185	0.895968	0.03782	0.291092	0.21	0.855	-0.243	0	228	262	2
2026-02-12	15:31:23.450	-71.68	-6.44	-85.575	0.911584	-0.002196	0.29768	0.2025	0.858	-0.237	0	228	262	2
2026-02-12	15:31:23.470	-80.255	-7.805	-90.405	0.94672	-0.043676	0.309392	0.195	0.858	-0.2295	0	228	262	2
2026-02-12	15:31:23.490	-85.68	-8.085	-95.095	0.973316	-0.0488	0.2867	0.189	0.858	-0.225	0	228	262	2
2026-02-12	15:31:23.510	-89.46	-8.645	-101.36	0.993812	-0.0793	0.258884	0.1785	0.855	-0.2175	0	228	262	2
2026-02-12	15:31:23.530	-83.44	-8.645	-106.4	0.97356	-0.171776	0.25742	0.1605	0.852	-0.204	0	228	262	2
2026-02-12	15:31:23.550	-64.12	-8.47	-105.77	0.930128	-0.26962	0.276696	0.15	0.849	-0.198	0	228	262	2
2026-02-12	15:31:23.570	-45.045	-12.74	-99.96	0.94428	-0.310612	0.32574	0.135	0.8415	-0.189	0	228	262	2
2026-02-12	15:31:23.590	-41.09	-18.515	-92.085	0.980392	-0.39162	0.39162	0.1245	0.837	-0.1845	0	228	262	2
2026-02-12	15:31:23.610	-26.95	-23.1	-83.195	1.015772	-0.457012	0.453108	0.108	0.825	-0.165	0	227	269	3
2026-02-12	15:31:23.630	-6.3	-26.88	-73.64	1.0553	-0.410164	0.495808	0.0945	0.813	-0.1725	0	227	269	3
2026-02-12	15:31:23.650	5.32	-27.195	-66.43	1.05408	-0.39406	0.506544	0.0825	0.7965	-0.156	0	227	269	3
2026-02-12	15:31:23.670	3.64	-26.88	-59.885	1.02968	-0.412848	0.488976	0.0825	0.7965	-0.1575	0	227	269	3
2026-02-12	15:31:23.690	-21.385	-28.035	-53.62	0.995764	-0.416264	0.447984	0.0825	0.792	-0.159	0	227	269	3
2026-02-12	15:31:23.710	-65.415	-30.52	-48.265	0.9516	-0.392352	0.396744	0.0765	0.7815	-0.156	0	227	269	3
2026-02-12	15:31:23.730	-109.9	-34.44	-42.385	0.862784	-0.41846	0.33916	0.069	0.78	-0.15	0	227	269	3
2026-02-12	15:31:23.750	-132.265	-37.1	-31.64	0.765672	-0.518988	0.27572	0.063	0.7815	-0.1365	0	227	269	3
2026-02-12	15:31:23.770	-130.48	-40.845	-15.785	0.720044	-0.609756	0.23546	0.0525	0.783	-0.12	0	227	269	3
2026-02-12	15:31:23.790	-95.585	-47.11	8.155	0.77348	-0.72956	0.255224	0.0495	0.7875	-0.1155	0	227	269	3
2026-02-12	15:31:23.810	-42.56	-46.445	25.27	0.867908	-0.806664	0.323056	0.0495	0.7875	-0.1155	0	226	289	3
2026-02-12	15:31:23.830	30.66	-42.91	44.065	0.992592	-0.73688	0.344772	0.057	0.8115	-0.0855	0	226	289	3
2026-02-12	15:31:23.850	101.71	-38.465	58.765	1.188768	-0.707356	0.401136	0.063	0.8235	-0.081	0	226	289	3
2026-02-12	15:31:23.870	167.16	-25.9	72.17	1.373476	-0.656848	0.441884	0.0675	0.8295	-0.0915	0	226	289	3
2026-02-12	15:31:23.890	207.165	-9.415	88.585	1.413492	-0.471408	0.39772	0.075	0.8295	-0.108	0	226	289	3
2026-02-12	15:31:23.910	209.37	2.8	102.06	1.420324	-0.335988	0.321592	0.0795	0.834	-0.123	0	226	289	3
2026-02-12	15:31:23.930	193.13	13.44	109.165	1.402268	-0.24888	0.254004	0.093	0.8385	-0.153	0	226	289	3
2026-02-12	15:31:23.950	166.285	22.295	111.72	1.33224	-0.19398	0.223992	0.111	0.8355	-0.189	0	226	289	3
2026-02-12	15:31:23.970	135.52	28.91	112.7	1.23464	-0.184464	0.220576	0.132	0.8295	-0.2205	0	226	289	3
2026-02-12	15:31:23.990	108.71	32.83	114.45	1.174372	-0.181536	0.229848	0.15	0.8265	-0.2445	0	226	289	3
2026-02-12	15:31:24.010	76.93	38.185	119	1.075064	-0.136884	0.203984	0.1575	0.8265	-0.258	0	228	305	3
2026-02-12	15:31:24.030	57.82	39.55	122.465	1.006012	-0.149572	0.162992	0.2055	0.8175	-0.3165	0	228	305	3
2026-02-12	15:31:24.050	45.395	36.96	125.09	0.988688	-0.1769	0.133468	0.219	0.819	-0.339	0	228	305	3
2026-02-12	15:31:24.070	42.455	32.76	125.615	1.067988	-0.179096	0.127368	0.249	0.7935	-0.36	0	228	305	3
2026-02-12	15:31:24.090	38.22	31.64	124.285	1.095072	-0.15128	0.109068	0.2535	0.777	-0.3765	0	228	305	3
2026-02-12	15:31:24.110	27.93	32.34	121.625	1.03334	-0.141276	0.068564	0.2625	0.768	-0.378	0	228	305	3
2026-02-12	15:31:24.130	18.41	30.31	116.305	0.985028	-0.146888	0.029524	0.2715	0.75	-0.3885	0	228	305	3
2026-02-12	15:31:24.150	13.055	26.075	107.415	1.032852	-0.157868	0.0122	0.2775	0.7275	-0.393	0	228	305	3
2026-02-12	15:31:24.170	8.015	23.52	96.565	1.057252	-0.157136	0.009028	0.279	0.7095	-0.3825	0	228	305	3
2026-02-12	15:31:24.190	1.785	22.435	85.61	1.029924	-0.158844	0.01464	0.2715	0.705	-0.369	0	228	305	3
2026-02-12	15:31:24.210	-0.35	19.215	70.735	1.04188	-0.18178	0.012444	0.264	0.702	-0.3525	0	234	293	3
2026-02-12	15:31:24.230	5.32	14.28	56.42	1.057496	-0.2013	0.007076	0.261	0.7005	-0.342	0	234	293	3
2026-02-12	15:31:24.250	13.23	9.065	47.67	1.047248	-0.177144	0.000244	0.2505	0.711	-0.3195	0	234	293	3
2026-02-12	15:31:24.270	19.775	2.17	37.345	1.05042	-0.165676	0.013664	0.252	0.717	-0.2985	0	234	293	3
2026-02-12	15:31:24.290	28.14	-4.235	24.64	1.082872	-0.171532	0.056852	0.252	0.732	-0.285	0	234	293	3
2026-02-12	15:31:24.310	37.24	-8.82	10.115	1.125084	-0.183732	0.106628	0.246	0.7335	-0.2775	0	234	293	3
2026-02-12	15:31:24.330	47.67	-11.27	-5.775	1.14924	-0.185684	0.139324	0.2505	0.7335	-0.2745	0	234	293	3
2026-02-12	15:31:24.350	58.135	-13.09	-22.085	1.098488	-0.19886	0.172752	0.252	0.7365	-0.2715	0	234	293	3
2026-02-12	15:31:24.370	70.595	-14.63	-36.155	1.031388	-0.206424	0.23546	0.243	0.7395	-0.2685	0	234	293	3
2026-02-12	15:31:24.390	85.4	-14.525	-46.375	0.949404	-0.183732	0.295484	0.243	0.7335	-0.2655	0	234	293	3
2026-02-12	15:31:24.410	97.335	-15.19	-51.695	0.864004	-0.122976	0.327204	0.2445	0.732	-0.267	0	238	257	3
2026-02-12	15:31:24.430	95.865	-22.295	-54.215	0.80886	-0.028792	0.372832	0.24	0.7365	-0.2715	0	238	257	3
2026-02-12	15:31:24.450	84.175	-26.81	-54.005	0.80886	-0.015616	0.413336	0.234	0.711	-0.2685	0	238	257	3
2026-02-12	15:31:24.470	71.12	-30.905	-53.935	0.886452	0.000244	0.449448	0.2235	0.696	-0.2835	0	238	257	3
2026-02-12	15:31:24.490	56.21	-31.99	-53.69	0.95282	0.046604	0.446764	0.219	0.693	-0.285	0	238	257	3
2026-02-12	15:31:24.510	33.635	-31.605	-53.9	0.977708	0.091988	0.408456	0.216	0.69	-0.2835	0	238	257	3
2026-02-12	15:31:24.530	7.77	-29.96	-56.28	1.003328	0.066612	0.371612	0.2115	0.6825	-0.2775	0	238	257	3
2026-02-12	15:31:24.550	-9.03	-26.25	-59.43	1.019676	0.035624	0.354532	0.21	0.6765	-0.273	0	238	257	3
2026-02-12	15:31:24.570	-18.83	-20.02	-61.67	0.99918	-0.01098	0.376492	0.204	0.678	-0.273	0	238	257	3
2026-02-12	15:31:24.590	-24.78	-11.55	-61.495	0.957212	-0.04392	0.40748	0.1965	0.6795	-0.273	0	238	257	3
2026-02-12	15:31:24.610	-30.8	-3.885	-59.5	0.954284	-0.065636	0.41846	0.192	0.675	-0.273	0	240	243	3
2026-02-12	15:31:24.630	-35.875	3.745	-56.805	0.970876	-0.070516	0.406016	0.1875	0.669	-0.273	0	240	243	3
2026-02-12	15:31:24.650	-44.73	13.895	-52.395	0.960628	-0.068564	0.377712	0.189	0.6705	-0.2715	0	240	243	3
2026-02-12	15:31:24.670	-52.045	17.395	-48.965	0.915732	-0.039284	0.346236	0.183	0.666	-0.2595	0	240	243	3
2026-02-12	15:31:24.690	-64.54	16.94	-46.97	0.882548	-0.035868	0.329888	0.186	0.6585	-0.27	0	240	243	3
2026-02-12	15:31:24.710	-78.33	15.365	-46.375	0.860588	-0.088572	0.32208	0.1785	0.6735	-0.2685	0	240	243	3
2026-02-12	15:31:24.730	-82.88	12.425	-45.78	0.854	-0.144204	0.338428	0.18	0.672	-0.2625	0	240	243	3
2026-02-12	15:31:24.750	-78.54	9.345	-45.08	0.83814	-0.19032	0.360388	0.186	0.675	-0.2595	0	240	243	3
2026-02-12	15:31:24.770	-68.005	7	-44.17	0.837408	-0.22692	0.369172	0.186	0.681	-0.258	0	240	243	3
2026-02-12	15:31:24.790	-54.075	4.165	-43.4	0.851316	-0.233996	0.365756	0.1785	0.684	-0.2595	0	240	243	3
2026-02-12	15:31:24.810	-44.17	0.105	-43.33	0.85888	-0.23546	0.339404	0.18	0.687	-0.2595	0	240	259	3
2026-02-12	15:31:24.830	-38.605	-5.635	-43.995	0.884744	-0.237412	0.315248	0.1755	0.687	-0.2565	0	240	259	3
2026-02-12	15:31:24.850	-32.41	-11.9	-47.495	0.943792	-0.28792	0.373564	0.1695	0.6855	-0.255	0	240	259	3
2026-02-12	15:31:24.870	-24.78	-15.12	-51.065	1.004548	-0.348188	0.44164	0.1695	0.6855	-0.255	0	240	259	3
2026-02-12	15:31:24.890	-23.52	-17.675	-51.94	0.965996	-0.351116	0.432368	0.159	0.675	-0.2445	0	240	259	3
2026-02-12	15:31:24.910	-25.27	-21.875	-52.64	0.891332	-0.35014	0.400892	0.156	0.681	-0.249	0	240	259	3
2026-02-12	15:31:24.930	-22.015	-28.42	-53.865	0.839848	-0.36112	0.397964	0.1425	0.678	-0.2445	0	240	259	3
2026-02-12	15:31:24.950	-13.3	-35.385	-54.81	0.791048	-0.385764	0.426756	0.141	0.675	-0.234	0	240	259	3
2026-02-12	15:31:24.970	-3.605	-40.25	-53.06	0.705648	-0.421144	0.4758	0.141	0.6735	-0.2295	0	240	259	3
2026-02-12	15:31:24.990	10.535	-43.855	-47.915	0.63196	-0.451644	0.513376	0.1365	0.6645	-0.2235	0	240	259	3
2026-02-12	15:31:25.010	31.605	-47.285	-41.895	0.60634	-0.469456	0.519476	0.1275	0.6585	-0.225	0	238	290	3
2026-02-12	15:31:25.030	57.225	-48.86	-33.04	0.587308	-0.481656	0.500688	0.1245	0.6615	-0.2205	0	238	290	3
2026-02-12	15:31:25.050	85.61	-50.47	-20.72	0.629764	-0.48556	0.453352	0.1125	0.657	-0.21	0	238	290	3
2026-02-12	15:31:25.070	135.415	-50.995	-3.01	0.87596	-0.507032	0.45018	0.099	0.6495	-0.2055	0	238	290	3
2026-02-12	15:31:25.090	172.655	-45.92	8.96	1.061888	-0.518988	0.507032	0.0855	0.6375	-0.213	0	238	290	3
2026-02-12	15:31:25.110	211.12	-33.04	22.19	1.242692	-0.495564	0.565592	0.078	0.6135	-0.207	0	238	290	3
2026-02-12	15:31:25.130	236.25	-12.74	38.675	1.33956	-0.405528	0.560224	0.078	0.6045	-0.2085	0	238	290	3
2026-02-12	15:31:25.150	238.07	10.43	53.27	1.332484	-0.299632	0.506056	0.066	0.597	-0.2115	0	238	290	3
2026-02-12	15:31:25.170	221.83	29.155	64.19	1.311744	-0.218136	0.460672	0.06	0.5925	-0.216	0	238	290	3
2026-02-12	15:31:25.190	194.67	43.435	71.05	1.326384	-0.180072	0.446276	0.06	0.582	-0.225	0	238	290	3
2026-02-12	15:31:25.210	165.97	53.865	75.6	1.363472	-0.155916	0.45018	0.066	0.5685	-0.237	0	237	331	3
2026-02-12	15:31:25.230	134.645	62.825	78.715	1.377624	-0.117852	0.4514	0.0675	0.5625	-0.2475	0	237	331	3
2026-02-12	15:31:25.250	94.605	71.54	81.62	1.326628	-0.088084	0.434564	0.0735	0.564	-0.255	0	237	331	3
2026-02-12	15:31:25.270	48.65	79.24	85.995	1.214632	-0.065148	0.37332	0.0825	0.561	-0.264	0	237	331	3
2026-02-12	15:31:25.290	-19.635	81.025	96.285	1.060424	-0.0671	0.269376	0.087	0.558	-0.2685	0	237	331	3
2026-02-12	15:31:25.310	-57.925	75.705	105.07	0.987224	-0.059536	0.237656	0.0975	0.582	-0.288	0	237	331	3
2026-02-12	15:31:25.330	-88.97	65.345	113.505	0.963556	-0.105652	0.203496	0.114	0.6015	-0.288	0	237	331	3
2026-02-12	15:31:25.350	-108.08	53.725	120.82	0.976244	-0.164456	0.177388	0.1335	0.621	-0.2955	0	237	331	3
2026-02-12	15:31:25.370	-113.26	46.34	126.525	1.033584	-0.203984	0.162992	0.147	0.6495	-0.2865	0	237	331	3
2026-02-12	15:31:25.390	-110.355	42.98	130.025	1.033096	-0.209352	0.135176	0.1545	0.6645	-0.288	0	237	331	3
2026-02-12	15:31:25.410	-104.685	40.285	130.095	0.952332	-0.213012	0.107604	0.1695	0.693	-0.2865	0	239	356	3
2026-02-12	15:31:25.430	-92.61	35.455	124.67	0.920856	-0.245708	0.088816	0.18	0.723	-0.2805	0	239	356	3
2026-02-12	15:31:25.450	-73.85	30.03	115.22	0.922564	-0.269864	0.080764	0.195	0.747	-0.273	0	239	356	3
2026-02-12	15:31:25.470	-50.155	26.075	103.32	0.943304	-0.28548	0.095404	0.213	0.7695	-0.2685	0	239	356	3
2026-02-12	15:31:25.490	-15.365	24.71	87.955	0.974292	-0.28426	0.119804	0.225	0.7905	-0.2625	0	239	356	3
2026-02-12	15:31:25.510	12.95	23.94	73.745	1.006988	-0.202032	0.115656	0.2325	0.7995	-0.2595	0	239	356	3
2026-02-12	15:31:25.530	20.895	21.945	61.04	1.015528	-0.155672	0.091012	0.2565	0.8115	-0.27	0	239	356	3
2026-02-12	15:31:25.550	25.025	16.24	46.55	1.045784	-0.152988	0.099308	0.2655	0.819	-0.2685	0	239	356	3
2026-02-12	15:31:25.570	30.24	9.94	29.47	1.083848	-0.170068	0.140788	0.2835	0.819	-0.27	0	239	356	3
2026-02-12	15:31:25.590	35.49	5.355	12.46	1.063596	-0.190808	0.187148	0.2805	0.828	-0.273	0	239	356	3
2026-02-12	15:31:25.610	42.105	0.105	-3.43	1.03822	-0.208864	0.23546	0.2835	0.8235	-0.276	0	243	340	3
2026-02-12	15:31:25.630	53.34	-4.97	-18.655	1.02114	-0.227408	0.274012	0.2835	0.8205	-0.2805	0	243	340	3
2026-02-12	15:31:25.650	65.87	-8.645	-30.8	0.979172	-0.21472	0.2989	0.2865	0.8175	-0.2835	0	243	340	3
2026-02-12	15:31:25.670	76.685	-11.865	-39.69	0.969168	-0.195932	0.344284	0.285	0.8055	-0.291	0	243	340	3
2026-02-12	15:31:25.690	84.945	-11.375	-45.5	0.982588	-0.201544	0.422852	0.276	0.7935	-0.297	0	243	340	3
2026-02-12	15:31:25.710	76.09	-10.22	-46.76	0.89304	-0.040748	0.399672	0.273	0.789	-0.2985	0	243	340	3
2026-02-12	15:31:25.730	50.085	-16.345	-48.405	0.867176	-0.00244	0.344772	0.273	0.789	-0.2985	0	243	340	3
2026-02-12	15:31:25.750	27.79	-25.165	-50.155	0.901336	0.00732	0.319396	0.255	0.7605	-0.318	0	243	340	3
2026-02-12	15:31:25.770	10.815	-32.655	-52.395	0.911584	0.002196	0.30744	0.2535	0.7485	-0.3195	0	243	340	3
2026-02-12	15:31:25.790	-1.33	-37.38	-55.615	0.923052	-0.028792	0.283772	0.2505	0.744	-0.3225	0	243	340	3
2026-02-12	15:31:25.810	-9.415	-40.355	-61.145	0.96258	-0.050752	0.28182	0.243	0.747	-0.321	0	243	314	3
2026-02-12	15:31:25.830	-19.46	-39.06	-66.885	0.97844	-0.092476	0.29036	0.2325	0.7455	-0.3135	0	243	314	3
2026-02-12	15:31:25.850	-27.475	-34.895	-71.505	0.959896	-0.112728	0.286212	0.216	0.738	-0.306	0	243	314	3
2026-02-12	15:31:25.870	-31.045	-30.52	-76.475	0.951844	-0.135176	0.279136	0.204	0.7335	-0.3015	0	243	314	3
2026-02-12	15:31:25.890	-32.305	-25.235	-80.745	0.977952	-0.150792	0.321348	0.2055	0.726	-0.2985	0	243	314	3
2026-02-12	15:31:25.910	-36.015	-16.345	-84.07	1.010648	-0.171776	0.392108	0.1965	0.7245	-0.2925	0	243	314	3
2026-02-12	15:31:25.930	-39.725	-7.28	-81.795	0.945012	-0.16348	0.280844	0.1875	0.726	-0.2865	0	243	314	3
2026-02-12	15:31:25.950	-45.22	-5.425	-80.745	0.941352	-0.136396	0.193736	0.183	0.7155	-0.291	0	243	314	3
2026-02-12	15:31:25.970	-55.265	-7.595	-80.99	0.98942	-0.123952	0.160552	0.174	0.717	-0.2835	0	243	314	3
2026-02-12	15:31:25.990	-63.56	-12.46	-83.615	1.027484	-0.117608	0.191052	0.1725	0.708	-0.282	0	243	314	3
2026-02-12	15:31:26.010	-70.77	-16.555	-86.73	1.025288	-0.140788	0.229848	0.1575	0.714	-0.2805	0	239	299	3
2026-02-12	15:31:26.030	-74.55	-20.09	-89.04	1.030412	-0.194956	0.263032	0.156	0.705	-0.276	0	239	299	3
2026-02-12	15:31:26.050	-72.66	-23.17	-90.545	1.027484	-0.219356	0.286456	0.153	0.702	-0.2685	0	239	299	3
2026-02-12	15:31:26.070	-68.495	-25.76	-91.49	1.029924	-0.22692	0.308416	0.147	0.708	-0.264	0	239	299	3
2026-02-12	15:31:26.090	-65.135	-28.525	-91.42	1.032852	-0.23302	0.321836	0.1365	0.7065	-0.2595	0	239	299	3
2026-02-12	15:31:26.110	-61.95	-32.025	-90.055	1.00528	-0.2379	0.327204	0.129	0.6975	-0.249	0	239	299	3
2026-02-12	15:31:26.130	-55.265	-37.87	-87.5	0.960628	-0.2501	0.352092	0.129	0.693	-0.2415	0	239	299	3
2026-02-12	15:31:26.150	-45.115	-42.84	-84.665	0.91622	-0.263764	0.424072	0.129	0.693	-0.2415	0	239	299	3
2026-02-12	15:31:26.170	-35.945	-42.7	-80.745	0.847656	-0.274744	0.493124	0.0975	0.6735	-0.231	0	239	299	3
2026-02-12	15:31:26.190	-29.89	-40.215	-74.305	0.72468	-0.27084	0.511424	0.0915	0.669	-0.222	0	239	299	3
2026-02-12	15:31:26.210	-27.72	-40.285	-67.865	0.608536	-0.286944	0.48068	0.09	0.6645	-0.2085	0	231	297	3
2026-02-12	15:31:26.230	-25.62	-42.245	-63.315	0.475312	-0.327692	0.430416	0.0855	0.6645	-0.207	0	231	297	3
2026-02-12	15:31:26.250	-15.225	-46.025	-62.195	0.406992	-0.413824	0.471652	0.0795	0.6585	-0.204	0	231	297	3
2026-02-12	15:31:26.270	18.2	-43.085	-64.715	0.543144	-0.514596	0.540704	0.0765	0.6465	-0.198	0	231	297	3
2026-02-12	15:31:26.290	63.945	-33.215	-63.21	0.775188	-0.561444	0.569252	0.069	0.6405	-0.1875	0	231	297	3
2026-02-12	15:31:26.310	99.575	-16.59	-51.835	0.984052	-0.578768	0.516548	0.057	0.63	-0.1815	0	231	297	3
2026-02-12	15:31:26.330	123.55	-2.8	-30.66	1.227076	-0.57462	0.515328	0.051	0.6135	-0.189	0	231	297	3
2026-02-12	15:31:26.350	162.89	19.81	12.46	1.638948	-0.399428	0.72468	0.0525	0.6075	-0.195	0	231	297	3
2026-02-12	15:31:26.370	144.69	33.425	43.505	1.613084	-0.180804	0.744444	0.057	0.5865	-0.1995	0	231	297	3
2026-02-12	15:31:26.390	106.47	41.23	70.105	1.448628	-0.0122	0.66978	0.06	0.5775	-0.1995	0	231	297	3
2026-02-12	15:31:26.410	63	46.62	85.89	1.364204	0.05368	0.579744	0.0675	0.573	-0.216	0	227	324	3
2026-02-12	15:31:26.430	16.345	52.36	94.01	1.315404	0.05124	0.503128	0.0675	0.5865	-0.225	0	227	324	3
2026-02-12	15:31:26.450	-31.815	54.46	99.05	1.260748	0.027328	0.455304	0.072	0.5895	-0.2295	0	227	324	3
2026-02-12	15:31:26.470	-80.535	53.725	105.105	1.178032	-0.051972	0.417972	0.0765	0.6015	-0.234	0	227	324	3
2026-02-12	15:31:26.490	-118.405	50.575	113.54	1.06994	-0.146888	0.368196	0.0855	0.618	-0.24	0	227	324	3
2026-02-12	15:31:26.510	-134.995	45.99	123.445	1.000888	-0.228628	0.317688	0.099	0.6375	-0.2445	0	227	324	3
2026-02-12	15:31:26.530	-134.05	42.175	133.84	0.97478	-0.256444	0.25254	0.1035	0.666	-0.2445	0	227	324	3
2026-02-12	15:31:26.550	-121.415	39.69	143.955	0.954284	-0.277672	0.188856	0.111	0.6975	-0.243	0	227	324	3
2026-02-12	15:31:26.570	-80.115	32.375	152.46	0.929152	-0.250344	0.17324	0.12	0.7095	-0.237	0	227	324	3
2026-02-12	15:31:26.590	-48.51	27.86	150.08	1.022848	-0.26962	0.185928	0.1515	0.765	-0.2355	0	227	324	3
2026-02-12	15:31:26.610	-18.9	28.105	144.795	1.080188	-0.244732	0.17568	0.1605	0.78	-0.231	0	228	358	3
2026-02-12	15:31:26.630	0	30.905	139.125	1.01748	-0.208864	0.148108	0.1845	0.7995	-0.234	0	228	358	3
2026-02-12	15:31:26.650	12.845	31.29	130.445	0.963312	-0.188612	0.128832	0.1905	0.8145	-0.237	0	228	358	3
2026-02-12	15:31:26.670	23.485	30.765	118.195	0.955748	-0.181536	0.123952	0.2025	0.819	-0.24	0	228	358	3
2026-02-12	15:31:26.690	27.86	30.345	104.615	0.940376	-0.1647	0.121756	0.216	0.828	-0.24	0	228	358	3
2026-02-12	15:31:26.710	26.46	29.61	89.39	0.951112	-0.151036	0.117852	0.228	0.8325	-0.243	0	228	358	3
2026-02-12	15:31:26.730	23.135	28.21	72.8	0.955748	-0.1525	0.112972	0.2445	0.8385	-0.2505	0	228	358	3
2026-02-12	15:31:26.750	21.56	25.865	55.755	0.951112	-0.182512	0.115656	0.2565	0.849	-0.258	0	228	358	3
2026-02-12	15:31:26.770	26.635	21.07	35.945	0.986248	-0.232288	0.125172	0.261	0.852	-0.264	0	228	358	3
2026-02-12	15:31:26.790	36.33	15.085	16.345	1.040904	-0.240096	0.163968	0.261	0.852	-0.264	0	228	358	3
2026-02-12	15:31:26.810	42.21	10.955	1.19	1.048468	-0.233752	0.183488	0.279	0.837	-0.2775	0	233	353	3
2026-02-12	15:31:26.830	46.585	5.18	-12.67	1.053104	-0.236436	0.177876	0.2805	0.8355	-0.2715	0	233	353	3
2026-02-12	15:31:26.850	50.995	-2.835	-26.285	1.097512	-0.218868	0.18422	0.27	0.828	-0.279	0	233	353	3
2026-02-12	15:31:26.870	50.61	-10.465	-39.62	1.090436	-0.202032	0.213744	0.2685	0.828	-0.279	0	233	353	3
2026-02-12	15:31:26.890	47.39	-17.885	-51.03	1.05896	-0.20984	0.258884	0.2685	0.822	-0.2805	0	233	353	3
2026-02-12	15:31:26.910	46.865	-25.445	-59.43	1.019676	-0.202276	0.314028	0.2655	0.81	-0.2835	0	233	353	3
2026-02-12	15:31:26.930	51.03	-28.525	-63.735	0.966972	-0.176168	0.380396	0.2505	0.798	-0.288	0	233	353	3
2026-02-12	15:31:26.950	53.585	-28.63	-63.525	0.908412	-0.132004	0.408944	0.243	0.7905	-0.2955	0	233	353	3
2026-02-12	15:31:26.970	43.085	-29.61	-60.34	0.855708	-0.100772	0.366732	0.2385	0.783	-0.2985	0	233	353	3
2026-02-12	15:31:26.990	17.325	-33.04	-59.08	0.88816	-0.085156	0.296216	0.231	0.7785	-0.297	0	233	353	3
2026-02-12	15:31:27.010	6.335	-34.37	-60.27	0.958676	-0.094184	0.265472	0.231	0.7785	-0.297	0	235	327	3
2026-02-12	15:31:27.030	0.105	-34.58	-61.145	0.9943	-0.087596	0.24156	0.204	0.756	-0.291	0	235	327	3
2026-02-12	15:31:27.050	-2.8	-32.97	-62.615	1.022604	-0.094428	0.253272	0.192	0.7545	-0.2925	0	235	327	3
2026-02-12	15:31:27.070	-0.56	-27.965	-64.05	1.023824	-0.105408	0.286212	0.1905	0.7395	-0.2865	0	235	327	3
2026-02-12	15:31:27.090	1.61	-22.47	-64.19	1.020164	-0.101748	0.317932	0.1845	0.7365	-0.285	0	235	327	3
2026-02-12	15:31:27.110	-3.43	-16.905	-63.84	0.997716	-0.099308	0.317444	0.174	0.732	-0.282	0	235	327	3
2026-02-12	15:31:27.130	-14.035	-13.23	-63.735	0.967704	-0.103456	0.309636	0.1695	0.729	-0.279	0	235	327	3
2026-02-12	15:31:27.150	-24.22	-12.215	-64.12	0.956724	-0.123708	0.320128	0.168	0.72	-0.276	0	235	327	3
2026-02-12	15:31:27.170	-29.295	-11.9	-63.77	0.950136	-0.150548	0.344284	0.165	0.714	-0.2775	0	235	327	3
2026-02-12	15:31:27.190	-32.095	-11.13	-60.9	0.937448	-0.150304	0.34892	0.1635	0.7125	-0.2775	0	235	327	3
2026-02-12	15:31:27.210	-37.8	-11.41	-57.61	0.902556	-0.124196	0.313296	0.162	0.711	-0.279	0	233	308	3
2026-02-12	15:31:27.230	-42.28	-12.6	-56.14	0.899628	-0.152744	0.315736	0.141	0.702	-0.2775	0	233	308	3
2026-02-12	15:31:27.250	-41.755	-13.545	-54.95	0.904508	-0.177632	0.33184	0.144	0.7065	-0.2625	0	233	308	3
2026-02-12	15:31:27.270	-40.075	-14	-53.725	0.914024	-0.18788	0.33428	0.1395	0.702	-0.2535	0	233	308	3
2026-02-12	15:31:27.290	-38.22	-13.965	-52.22	0.882792	-0.194468	0.334524	0.126	0.699	-0.267	0	233	308	3
2026-02-12	15:31:27.310	-34.335	-14.49	-49.98	0.86254	-0.203496	0.340868	0.123	0.6975	-0.2625	0	233	308	3
2026-02-12	15:31:27.330	-27.65	-16.135	-48.685	0.871324	-0.195932	0.33916	0.1215	0.6945	-0.255	0	233	308	3
2026-02-12	15:31:27.350	-23.345	-17.675	-49.14	0.872544	-0.194224	0.352824	0.117	0.69	-0.2505	0	233	308	3
2026-02-12	15:31:27.370	-19.635	-18.725	-49.665	0.884012	-0.21594	0.378932	0.1095	0.6915	-0.2445	0	233	308	3
2026-02-12	15:31:27.390	-14.595	-19.88	-50.05	0.905972	-0.225944	0.415532	0.105	0.69	-0.2415	0	233	308	3
2026-02-12	15:31:27.410	-10.57	-19.53	-50.05	0.887916	-0.225456	0.440176	0.1035	0.687	-0.2415	0	225	307	2
2026-02-12	15:31:27.430	-7.665	-18.165	-48.51	0.849852	-0.221552	0.453596	0.1035	0.687	-0.2415	0	225	307	2
2026-02-12	15:31:27.450	-1.505	-16.87	-45.92	0.825696	-0.207888	0.471896	0.102	0.6615	-0.237	0	225	307	2
2026-02-12	15:31:27.470	-0.63	-16.905	-42.595	0.791048	-0.209352	0.482144	0.093	0.6585	-0.2295	0	225	307	2
2026-02-12	15:31:27.490	-5.565	-16.45	-35.945	0.688812	-0.250588	0.493368	0.087	0.651	-0.2265	0	225	307	2
2026-02-12	15:31:27.510	-2.94	-17.045	-25.935	0.605852	-0.27694	0.492392	0.087	0.651	-0.2265	0	225	307	2
2026-02-12	15:31:27.530	8.505	-19.075	-16.205	0.60878	-0.279624	0.48312	0.0855	0.651	-0.225	0	225	307	2
2026-02-12	15:31:27.550	21.805	-20.475	-7.91	0.692228	-0.27328	0.464332	0.0825	0.648	-0.2205	0	225	307	2
2026-02-12	15:31:27.570	36.05	-19.6	-2.135	0.826428	-0.28792	0.478484	0.078	0.6435	-0.2205	0	225	307	2
2026-02-12	15:31:27.590	52.675	-15.19	3.465	0.976976	-0.314516	0.490196	0.075	0.639	-0.2175	0	225	307	2
2026-02-12	15:31:27.610	73.92	-9.625	7.315	1.201456	-0.328424	0.509228	0.0705	0.636	-0.2115	0	216	327	2
2026-02-12	15:31:27.630	93.345	3.5	13.195	1.467416	-0.264008	0.514108	0.066	0.6345	-0.213	0	216	327	2
2026-02-12	15:31:27.650	80.115	15.96	20.965	1.412272	-0.230092	0.478728	0.066	0.6345	-0.213	0	216	327	2
2026-02-12	15:31:27.670	65.975	24.71	27.755	1.33468	-0.245952	0.469212	0.081	0.6135	-0.2205	0	216	327	2
2026-02-12	15:31:27.690	63.91	32.305	34.23	1.310036	-0.242292	0.501908	0.081	0.615	-0.222	0	216	327	2
2026-02-12	15:31:27.710	60.27	40.985	42	1.266116	-0.174704	0.498248	0.09	0.612	-0.2325	0	216	327	2
2026-02-12	15:31:27.730	37.24	47.215	51.31	1.15778	-0.112728	0.446032	0.0915	0.6135	-0.237	0	216	327	2
2026-02-12	15:31:27.750	-0.595	50.12	61.565	1.016016	-0.088328	0.36234	0.093	0.6165	-0.249	0	216	327	2
2026-02-12	15:31:27.770	-35.07	50.05	72.8	0.895236	-0.114924	0.300852	0.1005	0.6255	-0.2535	0	216	327	2
2026-02-12	15:31:27.790	-56.525	46.41	83.3	0.853756	-0.132248	0.289628	0.1095	0.639	-0.2505	0	216	327	2
2026-02-12	15:31:27.810	-65.87	43.295	91.805	0.902312	-0.166164	0.299876	0.1155	0.648	-0.255	0	210	357	3
2026-02-12	15:31:27.830	-66.85	41.195	99.295	0.96746	-0.1586	0.273768	0.1245	0.6615	-0.2565	0	210	357	3
2026-02-12	15:31:27.850	-69.475	37.205	107.205	0.977708	-0.170312	0.212036	0.1305	0.6705	-0.255	0	210	357	3
2026-02-12	15:31:27.870	-64.33	33.845	107.275	1.001132	-0.201544	0.207644	0.1455	0.717	-0.264	0	210	357	3
2026-02-12	15:31:27.890	-52.15	33.145	104.44	1.008696	-0.231068	0.234972	0.159	0.732	-0.2475	0	210	357	3
2026-02-12	15:31:27.910	-37.345	33.985	101.29	0.98942	-0.223504	0.242048	0.1665	0.7395	-0.2535	0	210	357	3
2026-02-12	15:31:27.930	-25.62	34.125	96.145	0.964044	-0.203252	0.227408	0.1695	0.7485	-0.252	0	210	357	3
2026-02-12	15:31:27.950	-15.365	32.62	86.135	0.99308	-0.21106	0.230824	0.186	0.759	-0.2535	0	210	357	3
2026-02-12	15:31:27.970	-2.1	31.64	74.095	1.057984	-0.228872	0.254736	0.198	0.771	-0.2535	0	210	357	3
2026-02-12	15:31:27.990	9.17	30.555	64.75	1.10288	-0.183976	0.243024	0.2055	0.783	-0.258	0	210	357	3
2026-02-12	15:31:28.010	6.93	26.075	53.305	1.064572	-0.128344	0.198372	0.2115	0.7845	-0.2625	0	206	365	3
2026-02-12	15:31:28.030	2.835	20.965	45.115	1.03456	-0.137128	0.185196	0.2205	0.7905	-0.261	0	206	365	3
2026-02-12	15:31:28.050	3.185	11.83	31.43	1.036512	-0.141276	0.233264	0.231	0.798	-0.261	0	206	365	3
2026-02-12	15:31:28.070	4.445	5.04	16.765	1.07238	-0.13054	0.273768	0.231	0.798	-0.261	0	206	365	3
2026-02-12	15:31:28.090	2.1	-2.17	1.505	1.122644	-0.124684	0.24156	0.249	0.7995	-0.2745	0	206	365	3
2026-02-12	15:31:28.110	-1.47	-10.64	-15.26	1.126792	-0.175436	0.235948	0.237	0.807	-0.267	0	206	365	3
2026-02-12	15:31:28.130	3.255	-18.76	-26.6	1.019188	-0.213012	0.280112	0.243	0.7965	-0.261	0	206	365	3
2026-02-12	15:31:28.150	19.18	-25.865	-30.52	0.915976	-0.198616	0.371856	0.2355	0.7935	-0.2625	0	206	365	3
2026-02-12	15:31:28.170	36.855	-28.07	-29.61	0.860344	-0.112728	0.411872	0.231	0.792	-0.2625	0	206	365	3
2026-02-12	15:31:28.190	42	-28.28	-28.42	0.79544	0.0183	0.355508	0.228	0.789	-0.2625	0	206	365	3
2026-02-12	15:31:28.210	28.175	-30.975	-32.025	0.803004	0.115412	0.264008	0.222	0.783	-0.261	0	203	350	3
2026-02-12	15:31:28.230	2.73	-35.455	-41.51	0.901336	0.160064	0.178364	0.213	0.774	-0.2595	0	203	350	3
2026-02-12	15:31:28.250	-30.415	-37.17	-52.185	0.97844	0.124196	0.153964	0.2025	0.771	-0.2625	0	203	350	3
2026-02-12	15:31:28.270	-69.51	-29.925	-65.52	1.07482	-0.00976	0.177388	0.201	0.774	-0.2625	0	203	350	3
2026-02-12	15:31:28.290	-77.42	-20.825	-71.89	1.086044	-0.106628	0.182512	0.1785	0.7695	-0.237	0	203	350	3
2026-02-12	15:31:28.310	-66.675	-12.74	-74.935	1.0797	-0.152012	0.198372	0.1725	0.7665	-0.2325	0	203	350	3
2026-02-12	15:31:28.330	-48.02	-6.65	-75.005	1.064084	-0.145424	0.213256	0.174	0.774	-0.225	0	203	350	3
2026-02-12	15:31:28.350	-34.685	-3.15	-73.745	1.049688	-0.130784	0.236436	0.162	0.7695	-0.207	0	203	350	3
2026-02-12	15:31:28.370	-22.085	-0.56	-72.03	1.009428	-0.142496	0.259616	0.1605	0.762	-0.216	0	203	350	3
2026-02-12	15:31:28.390	-9.8	-0.385	-69.44	0.964044	-0.11712	0.274012	0.1515	0.753	-0.222	0	203	350	3
2026-02-12	15:31:28.410	-8.645	-2.135	-67.34	0.92842	-0.084424	0.264496	0.144	0.7515	-0.222	0	199	327	3
2026-02-12	15:31:28.430	-17.29	-5.18	-67.235	0.939156	-0.091988	0.259128	0.1395	0.744	-0.2205	0	199	327	3
2026-02-12	15:31:28.450	-27.125	-7.385	-67.83	0.962336	-0.115656	0.269132	0.135	0.738	-0.216	0	199	327	3
2026-02-12	15:31:28.470	-33.67	-7.77	-68.215	0.944768	-0.146644	0.27816	0.132	0.7305	-0.216	0	199	327	3
2026-02-12	15:31:28.490	-32.025	-7.665	-66.85	0.926468	-0.185196	0.290848	0.129	0.7245	-0.2175	0	199	327	3
2026-02-12	15:31:28.510	-22.82	-5.53	-64.575	0.938668	-0.194468	0.340868	0.1185	0.717	-0.21	0	199	327	3
2026-02-12	15:31:28.530	-12.915	0.595	-63.175	0.950868	-0.210328	0.366976	0.1125	0.7155	-0.204	0	199	327	3
2026-02-12	15:31:28.550	-15.085	5.285	-60.2	0.91256	-0.23302	0.370392	0.111	0.702	-0.21	0	199	327	3
2026-02-12	15:31:28.570	-27.965	6.265	-57.19	0.919148	-0.294752	0.399428	0.111	0.7035	-0.2055	0	199	327	3
2026-02-12	15:31:28.590	-38.185	5.39	-53.445	0.892308	-0.28914	0.414556	0.108	0.699	-0.2055	0	199	327	3
2026-02-12	15:31:28.610	-46.025	0.595	-49.49	0.84546	-0.245708	0.417484	0.108	0.6945	-0.2085	0	195	311	3
2026-02-12	15:31:28.630	-55.65	-7.98	-46.69	0.824476	-0.24766	0.437248	0.1065	0.699	-0.2025	0	195	311	3
2026-02-12	15:31:28.650	-62.195	-16.765	-43.925	0.78446	-0.305244	0.472628	0.1035	0.6945	-0.195	0	195	311	3
2026-02-12	15:31:28.670	-56.595	-23.24	-39.655	0.73932	-0.360632	0.5246	0.1005	0.687	-0.192	0	195	311	3
2026-02-12	15:31:28.690	-38.36	-28.175	-33.145	0.687104	-0.365268	0.528748	0.096	0.684	-0.1905	0	195	311	3
2026-02-12	15:31:28.710	-16.38	-31.01	-27.405	0.626836	-0.364292	0.49288	0.096	0.684	-0.1905	0	195	311	3
2026-02-12	15:31:28.730	5.18	-31.675	-21.91	0.592432	-0.379664	0.482632	0.081	0.6855	-0.1755	0	195	311	3
2026-02-12	15:31:28.750	26.39	-31.15	-15.085	0.571448	-0.38064	0.489464	0.081	0.681	-0.1665	0	195	311	3
2026-02-12	15:31:28.770	40.88	-29.995	-7.7	0.574376	-0.353312	0.484584	0.078	0.6735	-0.1635	0	195	311	3
2026-02-12	15:31:28.790	50.4	-29.05	-1.26	0.638304	-0.33794	0.488244	0.0795	0.6735	-0.165	0	195	311	3
2026-02-12	15:31:28.810	61.25	-28	2.1	0.783972	-0.330864	0.495564	0.0795	0.672	-0.162	0	191	324	2
2026-02-12	15:31:28.830	77.84	-24.885	1.505	1.011136	-0.369416	0.553636	0.075	0.666	-0.1545	0	191	324	2
2026-02-12	15:31:28.850	106.4	-16.59	-1.68	1.352492	-0.412848	0.654408	0.0675	0.663	-0.1485	0	191	324	2
2026-02-12	15:31:28.870	122.43	-1.61	-0.07	1.620404	-0.347456	0.671	0.0675	0.6555	-0.1485	0	191	324	2
2026-02-12	15:31:28.890	100.24	17.71	10.465	1.592344	-0.277916	0.53436	0.072	0.6465	-0.156	0	191	324	2
2026-02-12	15:31:28.910	50.295	33.915	21.63	1.515728	-0.238632	0.419924	0.072	0.6465	-0.159	0	191	324	2
2026-02-12	15:31:28.930	23.38	39.865	31.29	1.445456	-0.246684	0.393572	0.072	0.6465	-0.159	0	191	324	2
2026-02-12	15:31:28.950	-0.525	42.805	47.39	1.346148	-0.2562	0.36844	0.084	0.651	-0.165	0	191	324	2
2026-02-12	15:31:28.970	-18.935	43.05	65.625	1.235128	-0.240584	0.343796	0.0945	0.6585	-0.1815	0	191	324	2
2026-02-12	15:31:28.990	-32.41	43.295	83.195	1.149972	-0.193004	0.332816	0.0945	0.6675	-0.18	0	191	324	2
2026-02-12	15:31:29.010	-49.735	44.94	99.61	1.06872	-0.13908	0.277916	0.105	0.681	-0.177	0	194	354	3
2026-02-12	15:31:29.030	-74.725	43.82	116.41	0.941108	-0.125172	0.1769	0.117	0.6945	-0.1755	0	194	354	3
2026-02-12	15:31:29.050	-93.66	38.22	131.145	0.842776	-0.137372	0.099796	0.126	0.7155	-0.18	0	194	354	3
2026-02-12	15:31:29.070	-100.8	29.785	140.63	0.81496	-0.160552	0.053924	0.1365	0.7395	-0.183	0	194	354	3
2026-02-12	15:31:29.090	-98.42	19.74	144.62	0.877424	-0.182268	0.04392	0.1515	0.7665	-0.1815	0	194	354	3
2026-02-12	15:31:29.110	-91.595	10.815	144.165	0.92964	-0.191784	0.04026	0.1725	0.7935	-0.1755	0	194	354	3
2026-02-12	15:31:29.130	-79.31	5.005	138.88	0.933544	-0.20618	0.033916	0.1815	0.8025	-0.171	0	194	354	3
2026-02-12	15:31:29.150	-59.71	2.065	129.535	0.923784	-0.219356	0.036112	0.2115	0.8415	-0.1545	0	194	354	3
2026-02-12	15:31:29.170	-34.825	-0.035	115.045	0.98454	-0.239608	0.049044	0.2175	0.855	-0.1485	0	194	354	3
2026-02-12	15:31:29.190	-10.15	1.505	97.825	1.01504	-0.247172	0.056852	0.234	0.867	-0.1425	0	194	354	3
2026-02-12	15:31:29.210	13.895	6.545	79.73	1.033584	-0.287676	0.068808	0.237	0.8655	-0.147	0	202	354	3
2026-02-12	15:31:29.230	40.6	8.785	62.93	1.054324	-0.220576	0.044652	0.2475	0.8685	-0.15	0	202	354	3
2026-02-12	15:31:29.250	43.26	7.105	45.71	1.06384	-0.102968	0.030256	0.2535	0.873	-0.15	0	202	354	3
2026-02-12	15:31:29.270	25.585	4.865	27.055	1.059204	-0.099064	0.022204	0.258	0.8715	-0.153	0	202	354	3
2026-02-12	15:31:29.290	16.03	0.56	6.965	1.101904	-0.135908	0.044164	0.27	0.8745	-0.156	0	202	354	3
2026-02-12	15:31:29.310	15.155	-2.695	-12.32	1.107028	-0.161772	0.06832	0.2685	0.876	-0.1605	0	202	354	3
2026-02-12	15:31:29.330	21	-9.345	-35.21	1.094828	-0.197152	0.10492	0.2625	0.873	-0.1665	0	202	354	3
2026-02-12	15:31:29.350	36.505	-17.92	-57.4	1.086044	-0.2318	0.160064	0.2625	0.873	-0.1665	0	202	354	3
2026-02-12	15:31:29.370	60.025	-23.31	-71.12	1.037	-0.275964	0.225944	0.261	0.87	-0.165	0	202	354	3
2026-02-12	15:31:29.390	90.23	-26.495	-77.175	0.979416	-0.299632	0.310368	0.243	0.8535	-0.171	0	202	354	3
2026-02-12	15:31:29.410	126.49	-26.705	-75.005	0.938424	-0.30378	0.38918	0.2385	0.8475	-0.1785	0	212	315	3
2026-02-12	15:31:29.430	158.48	-25.06	-66.605	0.881572	-0.200324	0.410896	0.2235	0.8325	-0.192	0	212	315	3
2026-02-12	15:31:29.450	168.77	-26.6	-57.96	0.871568	-0.080764	0.377712	0.213	0.81	-0.207	0	212	315	3
2026-02-12	15:31:29.470	159.565	-28.21	-52.325	0.915244	-0.0244	0.343064	0.21	0.789	-0.222	0	212	315	3
2026-02-12	15:31:29.490	135.1	-26.88	-50.05	0.987712	-0.001708	0.338672	0.204	0.7725	-0.2325	0	212	315	3
2026-02-12	15:31:29.510	100.8	-21.56	-49.735	1.01748	0.031476	0.329888	0.1995	0.759	-0.2415	0	212	315	3
2026-02-12	15:31:29.530	58.17	-16.135	-51.905	1.032852	0.077836	0.320128	0.198	0.747	-0.2475	0	212	315	3
2026-02-12	15:31:29.550	-15.47	-6.02	-58.205	1.033096	0.061976	0.326716	0.1965	0.7425	-0.2505	0	212	315	3
2026-02-12	15:31:29.570	-55.265	3.29	-60.34	1.01138	0.02928	0.353068	0.1965	0.7425	-0.2505	0	212	315	3
2026-02-12	15:31:29.590	-84.385	12.81	-61.355	1.011136	-0.001708	0.38674	0.177	0.7305	-0.2475	0	212	315	3
2026-02-12	15:31:29.610	-106.47	25.06	-60.235	1.0065	-0.031964	0.454084	0.183	0.7275	-0.2385	0	220	287	3
2026-02-12	15:31:29.630	-118.475	46.165	-56.84	1.000888	0.017324	0.568032	0.1815	0.732	-0.237	0	220	287	3
2026-02-12	15:31:29.650	-150.85	63.035	-55.02	0.918416	0.199836	0.418948	0.1815	0.738	-0.237	0	220	287	3
2026-02-12	15:31:29.670	-225.96	65.8	-57.295	0.8723	0.196176	0.205448	0.186	0.7455	-0.2295	0	220	287	3
2026-02-12	15:31:29.690	-285.355	64.12	-59.29	0.85888	0.035868	0.06466	0.186	0.7635	-0.2175	0	220	287	3
2026-02-12	15:31:29.710	-296.94	59.43	-57.68	0.8601	-0.155428	0.064416	0.186	0.7815	-0.204	0	220	287	3
2026-02-12	15:31:29.730	-274.855	53.83	-52.64	0.855464	-0.31354	0.155428	0.1905	0.795	-0.1875	0	220	287	3
2026-02-12	15:31:29.750	-230.265	49.735	-47.565	0.88328	-0.407968	0.259128	0.189	0.8115	-0.1665	0	220	287	3
2026-02-12	15:31:29.770	-148.155	48.72	-42.735	0.893772	-0.433832	0.33306	0.186	0.822	-0.1515	0	220	287	3
2026-02-12	15:31:29.790	-97.3	48.65	-43.75	0.873032	-0.411628	0.334768	0.1755	0.831	-0.1335	0	220	287	3
2026-02-12	15:31:29.810	-55.965	46.515	-47.53	0.857172	-0.396744	0.315736	0.186	0.8385	-0.1275	0	226	281	3
2026-02-12	15:31:29.830	-22.925	41.755	-51.17	0.84058	-0.355996	0.2867	0.18	0.837	-0.1245	0	226	281	3
2026-02-12	15:31:29.850	-5.005	32.83	-54.53	0.837652	-0.295972	0.27694	0.18	0.8325	-0.129	0	226	281	3
2026-02-12	15:31:29.870	-4.025	22.645	-58.625	0.815936	-0.255224	0.282796	0.1755	0.8295	-0.135	0	226	281	3
2026-02-12	15:31:29.890	-9.59	12.425	-63.7	0.810568	-0.254492	0.292556	0.165	0.825	-0.135	0	226	281	3
2026-02-12	15:31:29.910	-15.785	2.87	-68.39	0.833016	-0.305488	0.303048	0.1575	0.813	-0.132	0	226	281	3
2026-02-12	15:31:29.930	-16.135	-4.48	-70.35	0.853268	-0.369904	0.32452	0.1545	0.81	-0.1305	0	226	281	3
2026-02-12	15:31:29.950	-10.5	-8.68	-69.65	0.829844	-0.389668	0.343796	0.1515	0.807	-0.132	0	226	281	3
2026-02-12	15:31:29.970	-4.935	-11.515	-66.92	0.797148	-0.41724	0.352336	0.1515	0.8025	-0.132	0	226	281	3
2026-02-12	15:31:29.990	-4.9	-13.37	-61.88	0.736148	-0.449936	0.348432	0.1515	0.8025	-0.132	0	226	281	3
2026-02-12	15:31:30.010	-2.135	-16.45	-56.21	0.710528	-0.481168	0.339892	0.144	0.7845	-0.1215	0	231	285	2
2026-02-12	15:31:30.030	5.775	-20.685	-50.225	0.720044	-0.509472	0.376248	0.138	0.774	-0.129	0	231	285	2
2026-02-12	15:31:30.050	16.065	-24.01	-44.17	0.748348	-0.531188	0.415532	0.135	0.771	-0.1275	0	231	285	2
2026-02-12	15:31:30.070	28.84	-29.155	-38.71	0.846924	-0.5673	0.459208	0.126	0.7695	-0.1245	0	231	285	2
2026-02-12	15:31:30.090	43.4	-33.46	-33.81	0.947452	-0.590236	0.492148	0.117	0.765	-0.1275	0	231	285	2
2026-02-12	15:31:30.110	62.405	-38.57	-30.765	1.114592	-0.635864	0.52704	0.1155	0.7575	-0.1335	0	231	285	2
2026-02-12	15:31:30.130	93.24	-39.375	-25.69	1.266116	-0.66978	0.576572	0.1155	0.7545	-0.1365	0	231	285	2
2026-02-12	15:31:30.150	124.705	-34.125	-12.74	1.306376	-0.631716	0.5612	0.114	0.75	-0.138	0	231	285	2
2026-02-12	15:31:30.170	142.625	-26.215	5.81	1.234396	-0.521428	0.488488	0.1095	0.7335	-0.1425	0	231	285	2
2026-02-12	15:31:30.190	145.355	-16.59	38.57	1.109956	-0.428708	0.392352	0.105	0.72	-0.1455	0	231	285	2
2026-02-12	15:31:30.210	146.895	-12.565	60.725	1.048224	-0.376248	0.34648	0.114	0.714	-0.165	0	235	304	3
2026-02-12	15:31:30.230	149.73	-10.255	79.45	1.074332	-0.317688	0.334524	0.1275	0.711	-0.177	0	235	304	3
2026-02-12	15:31:30.250	146.825	-5.985	93.24	1.142164	-0.23912	0.342088	0.1185	0.7035	-0.186	0	235	304	3
2026-02-12	15:31:30.270	128.905	0.63	102.76	1.126304	-0.181536	0.315248	0.1215	0.7035	-0.1905	0	235	304	3
2026-02-12	15:31:30.290	100.975	5.25	108.5	1.081896	-0.16836	0.285968	0.129	0.7005	-0.2025	0	235	304	3
2026-02-12	15:31:30.310	75.95	6.44	111.475	1.06872	-0.166164	0.265716	0.1335	0.6945	-0.2085	0	235	304	3
2026-02-12	15:31:30.330	52.185	6.475	113.785	1.029924	-0.169336	0.238144	0.1395	0.696	-0.2115	0	235	304	3
2026-02-12	15:31:30.350	33.285	5.95	116.095	0.9943	-0.183976	0.199104	0.15	0.7035	-0.2175	0	235	304	3
2026-02-12	15:31:30.370	24.01	5.145	118.195	1.013088	-0.198128	0.174948	0.1575	0.7125	-0.219	0	235	304	3
2026-02-12	15:31:30.390	19.6	6.405	119.07	1.0492	-0.1769	0.1525	0.1605	0.72	-0.2175	0	235	304	3
2026-02-12	15:31:30.410	13.37	8.26	118.545	1.020164	-0.165676	0.102968	0.1635	0.7245	-0.216	0	239	321	3
2026-02-12	15:31:30.430	13.265	7.77	116.025	1.034316	-0.170556	0.06954	0.1935	0.7425	-0.228	0	239	321	3
2026-02-12	15:31:30.450	16.38	7.105	112.105	1.019676	-0.169336	0.056608	0.198	0.75	-0.228	0	239	321	3
2026-02-12	15:31:30.470	16.03	5.915	107.345	1.004792	-0.160796	0.055388	0.207	0.7515	-0.234	0	239	321	3
2026-02-12	15:31:30.490	14.525	3.92	101.185	1.02846	-0.164456	0.062952	0.21	0.759	-0.231	0	239	321	3
2026-02-12	15:31:30.510	13.545	2.065	93.835	1.061644	-0.162504	0.060024	0.2175	0.765	-0.2295	0	239	321	3
2026-02-12	15:31:30.530	14.805	-0.35	84.665	1.109468	-0.141276	0.059536	0.225	0.768	-0.2265	0	239	321	3
2026-02-12	15:31:30.550	16.59	-3.01	74.55	1.130452	-0.124684	0.09272	0.2265	0.7785	-0.225	0	239	321	3
2026-02-12	15:31:30.570	19.04	-3.71	64.995	1.121424	-0.106384	0.104676	0.2355	0.783	-0.2265	0	239	321	3
2026-02-12	15:31:30.590	19.075	-4.515	53.34	1.125816	-0.057096	0.101748	0.243	0.7815	-0.2235	0	239	321	3
2026-02-12	15:31:30.610	9.87	-6.09	32.48	1.106784	-0.016592	0.089792	0.2445	0.7845	-0.225	0	242	304	3
2026-02-12	15:31:30.630	-0.315	-9.415	6.65	1.03334	-0.015616	0.12078	0.249	0.7845	-0.228	0	242	304	3
2026-02-12	15:31:30.650	-0.735	-13.79	-18.13	1.026996	-0.0671	0.179828	0.2505	0.795	-0.2205	0	242	304	3
2026-02-12	15:31:30.670	5.39	-16.59	-42.14	1.00528	-0.146888	0.2135	0.249	0.7935	-0.2355	0	242	304	3
2026-02-12	15:31:30.690	18.305	-19.88	-62.755	1.009672	-0.200568	0.233508	0.246	0.786	-0.234	0	242	304	3
2026-02-12	15:31:30.710	35.595	-21.315	-78.645	0.96258	-0.186904	0.282064	0.2385	0.7785	-0.228	0	242	304	3
2026-02-12	15:31:30.730	62.72	-20.09	-87.92	0.92964	-0.19276	0.361364	0.2325	0.7725	-0.222	0	242	304	3
2026-02-12	15:31:30.750	96.11	-17.36	-89.075	0.90524	-0.155916	0.375272	0.2295	0.7605	-0.225	0	242	304	3
2026-02-12	15:31:30.770	115.395	-17.325	-85.75	0.924516	-0.080276	0.348432	0.219	0.744	-0.234	0	242	304	3
2026-02-12	15:31:30.790	113.785	-18.585	-80.78	0.966484	-0.01952	0.312076	0.21	0.723	-0.243	0	242	304	3
2026-02-12	15:31:30.810	93.87	-20.09	-76.86	0.972584	0.05246	0.296948	0.2025	0.7035	-0.246	0	242	276	3
2026-02-12	15:31:30.830	47.985	-19.53	-75.005	1.036268	0.081252	0.345016	0.198	0.693	-0.246	0	242	276	3
2026-02-12	15:31:30.850	15.575	-15.4	-74.655	1.033828	0.099064	0.334768	0.198	0.693	-0.246	0	242	276	3
2026-02-12	15:31:30.870	-19.215	-10.535	-73.57	1.00406	0.105652	0.28548	0.189	0.6675	-0.2565	0	242	276	3
2026-02-12	15:31:30.890	-52.01	-7.98	-73.36	0.971608	0.121512	0.255224	0.1815	0.6615	-0.2445	0	242	276	3
2026-02-12	15:31:30.910	-82.285	-5.985	-72.835	0.953552	0.064172	0.243024	0.18	0.6585	-0.2415	0	242	276	3
2026-02-12	15:31:30.930	-99.715	-3.185	-70.35	0.955016	-0.004148	0.252296	0.177	0.66	-0.237	0	242	276	3
2026-02-12	15:31:30.950	-102.795	-0.105	-66.08	0.979416	-0.02928	0.241316	0.1755	0.6615	-0.234	0	242	276	3
2026-02-12	15:31:30.970	-100.345	2.345	-61.39	0.97844	-0.022692	0.20862	0.1725	0.6615	-0.2295	0	242	276	3
2026-02-12	15:31:30.990	-95.2	3.255	-57.47	0.987712	-0.03172	0.185196	0.168	0.6615	-0.228	0	242	276	3
2026-02-12	15:31:31.010	-85.995	2.73	-55.58	1.008696	-0.071004	0.185684	0.168	0.6645	-0.225	0	239	261	3
2026-02-12	15:31:31.030	-65.52	3.465	-52.64	1.022604	-0.1281	0.233508	0.165	0.6675	-0.219	0	239	261	3
2026-02-12	15:31:31.050	-42.91	4.655	-48.02	1.000644	-0.11712	0.268644	0.159	0.669	-0.216	0	239	261	3
2026-02-12	15:31:31.070	-32.865	4.305	-45.325	0.997472	-0.121024	0.260348	0.1665	0.6675	-0.2205	0	239	261	3
2026-02-12	15:31:31.090	-23.765	2.555	-42.455	0.986248	-0.145668	0.264252	0.168	0.6645	-0.2175	0	239	261	3
2026-02-12	15:31:31.110	-13.335	0.98	-38.745	0.941352	-0.157624	0.295484	0.162	0.6585	-0.2175	0	239	261	3
2026-02-12	15:31:31.130	-5.53	0.7	-34.65	0.887916	-0.1708	0.319152	0.1605	0.6555	-0.2175	0	239	261	3
2026-02-12	15:31:31.150	-2.94	0.42	-30.975	0.859856	-0.194468	0.335256	0.159	0.6615	-0.216	0	239	261	3
2026-02-12	15:31:31.170	-6.545	-0.42	-27.195	0.850584	-0.193004	0.33794	0.1545	0.6585	-0.2205	0	239	261	3
2026-02-12	15:31:31.190	-18.48	-1.47	-24.885	0.826428	-0.180072	0.350384	0.153	0.654	-0.222	0	239	261	3
2026-02-12	15:31:31.210	-36.575	-3.01	-23.8	0.786412	-0.174704	0.355264	0.1515	0.6555	-0.2145	0	233	260	2
2026-02-12	15:31:31.230	-56.105	-4.41	-22.715	0.719312	-0.214476	0.366488	0.1545	0.6555	-0.21	0	233	260	2
2026-02-12	15:31:31.250	-72.8	-6.79	-19.425	0.620736	-0.28914	0.370392	0.156	0.6555	-0.207	0	233	260	2
2026-02-12	15:31:31.270	-78.12	-12.67	-16.38	0.568276	-0.37088	0.36478	0.156	0.6555	-0.207	0	233	260	2
2026-02-12	15:31:31.290	-69.895	-19.18	-13.51	0.5673	-0.451888	0.380396	0.153	0.6645	-0.1995	0	233	260	2
2026-02-12	15:31:31.310	-48.86	-24.15	-7.56	0.57462	-0.538752	0.399184	0.141	0.6705	-0.1965	0	233	260	2
2026-02-12	15:31:31.330	-12.67	-27.825	0.735	0.702232	-0.621224	0.418948	0.1425	0.672	-0.1965	0	233	260	2
2026-02-12	15:31:31.350	33.495	-30.31	7.735	0.953796	-0.648308	0.47214	0.144	0.675	-0.1935	0	233	260	2
2026-02-12	15:31:31.370	79.835	-28.105	13.3	1.2078	-0.631228	0.510448	0.144	0.6705	-0.1905	0	233	260	2
2026-02-12	15:31:31.390	115.01	-21.945	20.265	1.418616	-0.536556	0.538752	0.1455	0.666	-0.186	0	233	260	2
2026-02-12	15:31:31.410	125.895	-9.555	31.815	1.432768	-0.479704	0.491416	0.144	0.663	-0.1875	0	228	277	3
2026-02-12	15:31:31.430	123.795	1.82	42.595	1.3847	-0.412848	0.438956	0.144	0.654	-0.195	0	228	277	3
2026-02-12	15:31:31.450	113.435	8.575	50.19	1.388116	-0.340136	0.436516	0.1455	0.6495	-0.1965	0	228	277	3
2026-02-12	15:31:31.470	73.465	18.235	62.335	1.3054	-0.280844	0.467504	0.147	0.6495	-0.192	0	228	277	3
2026-02-12	15:31:31.490	43.05	20.09	71.54	1.250256	-0.211792	0.45262	0.156	0.6435	-0.2145	0	228	277	3
2026-02-12	15:31:31.510	8.995	22.015	82.005	1.107516	-0.195444	0.401624	0.171	0.642	-0.2175	0	228	277	3
2026-02-12	15:31:31.530	-14.28	21.07	94.045	0.976244	-0.206912	0.353068	0.174	0.6495	-0.219	0	228	277	3
2026-02-12	15:31:31.550	-27.895	16.45	104.545	0.889868	-0.226676	0.311832	0.1725	0.657	-0.2235	0	228	277	3
2026-02-12	15:31:31.570	-30.135	11.69	113.47	0.848632	-0.259616	0.281576	0.183	0.672	-0.2265	0	228	277	3
2026-02-12	15:31:31.590	-18.095	8.75	120.715	0.898896	-0.26962	0.263276	0.1935	0.6825	-0.2265	0	228	277	3
2026-02-12	15:31:31.610	-1.155	8.05	126.665	0.927444	-0.232776	0.22448	0.1935	0.693	-0.225	0	229	306	3
2026-02-12	15:31:31.630	11.375	9.24	130.375	0.885232	-0.205692	0.17934	0.204	0.705	-0.2265	0	229	306	3
2026-02-12	15:31:31.650	23.135	9.765	129.92	0.89304	-0.196664	0.168848	0.2175	0.717	-0.228	0	229	306	3
2026-02-12	15:31:31.670	36.75	12.075	124.95	0.942572	-0.186172	0.179828	0.228	0.726	-0.228	0	229	306	3
2026-02-12	15:31:31.690	44.59	15.4	115.885	1.007476	-0.154696	0.176168	0.2355	0.7305	-0.2295	0	229	306	3
2026-02-12	15:31:31.710	46.69	20.02	103.11	1.057496	-0.127612	0.172996	0.2445	0.738	-0.234	0	229	306	3
2026-02-12	15:31:31.730	41.65	23.8	89.04	1.113372	-0.096624	0.143228	0.258	0.75	-0.246	0	229	306	3
2026-02-12	15:31:31.750	24.71	24.85	73.465	1.184376	-0.068808	0.110532	0.261	0.7485	-0.246	0	229	306	3
2026-02-12	15:31:31.770	1.715	22.575	53.235	1.253184	-0.041236	0.10248	0.2655	0.7485	-0.2445	0	229	306	3
2026-02-12	15:31:31.790	-22.085	19.215	30.66	1.261968	-0.055388	0.136152	0.2715	0.753	-0.2475	0	229	306	3
2026-02-12	15:31:31.810	-40.67	14.245	7.245	1.25416	-0.083936	0.164456	0.276	0.7605	-0.2475	0	231	312	3
2026-02-12	15:31:31.830	-51.59	8.295	-15.33	1.14192	-0.125416	0.1708	0.2775	0.765	-0.246	0	231	312	3
2026-02-12	15:31:31.850	-53.27	1.155	-31.465	0.951844	-0.127368	0.194468	0.2775	0.762	-0.2445	0	231	312	3
2026-02-12	15:31:31.870	-42.035	-8.26	-42.385	0.847168	-0.1281	0.275964	0.2775	0.7665	-0.2385	0	231	312	3
2026-02-12	15:31:31.890	-5.88	-13.055	-49.21	0.823744	-0.158112	0.392108	0.279	0.774	-0.237	0	231	312	3
2026-02-12	15:31:31.910	44.66	-9.765	-51.73	0.904996	-0.107604	0.432124	0.279	0.774	-0.237	0	231	312	3
2026-02-12	15:31:31.930	85.61	-0.35	-51.625	0.968436	-0.032208	0.386496	0.264	0.759	-0.2295	0	231	312	3
2026-02-12	15:31:31.950	107.87	3.43	-49.91	1.0004	0.008784	0.32086	0.258	0.747	-0.252	0	231	312	3
2026-02-12	15:31:31.970	99.785	2.345	-50.645	1.118496	0.057828	0.271328	0.2565	0.7395	-0.252	0	231	312	3
2026-02-12	15:31:31.990	58.17	4.41	-58.345	1.158024	0.162748	0.232776	0.249	0.7245	-0.249	0	231	312	3
2026-02-12	15:31:32.010	-24.185	10.325	-70.84	1.13948	0.1708	0.216672	0.2445	0.7185	-0.246	0	234	301	3
2026-02-12	15:31:32.030	-65.17	11.48	-74.76	1.108248	0.12322	0.19764	0.2475	0.7095	-0.2475	0	234	301	3
2026-02-12	15:31:32.050	-107.345	9.03	-75.565	1.065792	0.052704	0.218136	0.246	0.708	-0.252	0	234	301	3
2026-02-12	15:31:32.070	-138.495	6.965	-73.115	1.016016	-0.035868	0.247172	0.24	0.717	-0.255	0	234	301	3
2026-02-12	15:31:32.090	-155.05	7.945	-68.67	0.964776	-0.129076	0.2623	0.237	0.72	-0.2445	0	234	301	3
2026-02-12	15:31:32.110	-142.065	11.165	-59.71	0.929152	-0.195688	0.210084	0.2355	0.723	-0.2355	0	234	301	3
2026-02-12	15:31:32.130	-119.28	12.355	-56.805	0.916952	-0.185196	0.162748	0.243	0.7425	-0.2145	0	234	301	3
2026-02-12	15:31:32.150	-96.635	12.32	-58.555	0.898896	-0.20496	0.128832	0.222	0.7395	-0.222	0	234	301	3
2026-02-12	15:31:32.170	-75.215	11.2	-63.665	0.872544	-0.242536	0.114192	0.2205	0.741	-0.2055	0	234	301	3
2026-02-12	15:31:32.190	-55.86	8.68	-69.125	0.831064	-0.261812	0.116388	0.2235	0.744	-0.2055	0	234	301	3
2026-02-12	15:31:32.210	-41.58	3.885	-74.55	0.81862	-0.263764	0.127856	0.2205	0.7485	-0.2055	0	236	284	3
2026-02-12	15:31:32.230	-29.925	-1.785	-80.57	0.82594	-0.274012	0.164456	0.2145	0.744	-0.2025	0	236	284	3
2026-02-12	15:31:32.250	-17.955	-6.475	-85.05	0.829356	-0.289872	0.217892	0.2145	0.7335	-0.201	0	236	284	3
2026-02-12	15:31:32.270	-5.53	-10.08	-87.115	0.83936	-0.309636	0.260592	0.204	0.729	-0.198	0	236	284	3
2026-02-12	15:31:32.290	5.32	-12.635	-86.345	0.862296	-0.34282	0.280112	0.195	0.7215	-0.201	0	236	284	3
2026-02-12	15:31:32.310	7.525	-16.52	-82.495	0.91744	-0.355996	0.304756	0.1875	0.7155	-0.201	0	236	284	3
2026-02-12	15:31:32.330	-4.62	-19.985	-78.26	0.909632	-0.348676	0.346236	0.183	0.7155	-0.1965	0	236	284	3
2026-02-12	15:31:32.350	-16.905	-22.05	-73.36	0.856928	-0.36234	0.366244	0.171	0.6945	-0.1935	0	236	284	3
2026-02-12	15:31:32.370	-18.13	-24.815	-67.55	0.811544	-0.4026	0.386496	0.1695	0.693	-0.192	0	236	284	3
2026-02-12	15:31:32.390	-10.85	-29.12	-61.46	0.807396	-0.4087	0.429928	0.168	0.687	-0.1905	0	236	284	3
2026-02-12	15:31:32.410	-11.41	-33.705	-55.51	0.813984	-0.410408	0.485316	0.1665	0.6795	-0.1875	0	237	272	2
2026-02-12	15:31:32.430	-18.235	-37.345	-49.315	0.823988	-0.444324	0.541924	0.1605	0.675	-0.186	0	237	272	2
2026-02-12	15:31:32.450	-16.31	-38.36	-42.175	0.85522	-0.47702	0.581696	0.153	0.669	-0.177	0	237	272	2
2026-02-12	15:31:32.470	-3.99	-38.465	-35.105	0.932568	-0.506056	0.596824	0.15	0.6675	-0.174	0	237	272	2
2026-02-12	15:31:32.490	10.08	-36.435	-28.21	0.99308	-0.524356	0.618784	0.147	0.6615	-0.174	0	237	272	2
2026-02-12	15:31:32.510	24.815	-33.215	-20.65	1.098	-0.544608	0.617564	0.1395	0.657	-0.165	0	237	272	2
2026-02-12	15:31:32.530	54.46	-25.165	-12.46	1.312964	-0.549488	0.6649	0.1365	0.657	-0.1605	0	237	272	2
2026-02-12	15:31:32.550	78.61	-6.195	4.06	1.336144	-0.482876	0.641476	0.1365	0.657	-0.1605	0	237	272	2
2026-02-12	15:31:32.570	78.085	9.415	22.19	1.24562	-0.377468	0.531432	0.1335	0.6405	-0.159	0	237	272	2
2026-02-12	15:31:32.590	65.8	19.46	39.515	1.164124	-0.298412	0.438712	0.138	0.636	-0.168	0	237	272	2
2026-02-12	15:31:32.610	48.895	23.73	55.335	1.137284	-0.25132	0.419436	0.1365	0.6375	-0.1665	0	238	295	3
2026-02-12	15:31:32.630	32.025	28.035	69.37	1.105808	-0.239364	0.41236	0.1335	0.642	-0.171	0	238	295	3
2026-02-12	15:31:32.650	18.06	30.59	81.34	1.075552	-0.2074	0.375516	0.141	0.648	-0.1785	0	238	295	3
2026-02-12	15:31:32.670	1.575	30.59	91.42	1.065548	-0.195444	0.323056	0.1485	0.6555	-0.183	0	238	295	3
2026-02-12	15:31:32.690	-13.65	30.03	99.855	1.073112	-0.192272	0.272304	0.1515	0.66	-0.1875	0	238	295	3
2026-02-12	15:31:32.710	-26.355	29.05	107.905	1.04554	-0.186172	0.223016	0.156	0.6705	-0.1875	0	238	295	3
2026-02-12	15:31:32.730	-35.455	26.67	115.01	1.018456	-0.187636	0.181292	0.1635	0.69	-0.1815	0	238	295	3
2026-02-12	15:31:32.750	-36.26	23.24	122.465	1.077016	-0.189588	0.143716	0.171	0.7005	-0.177	0	238	295	3
2026-02-12	15:31:32.770	-31.255	23.24	125.055	1.064328	-0.165188	0.122976	0.1875	0.735	-0.1905	0	238	295	3
2026-02-12	15:31:32.790	-28.175	23.205	124.88	1.014064	-0.168116	0.079788	0.195	0.7485	-0.1845	0	238	295	3
2026-02-12	15:31:32.810	-21.595	23.1	121.905	0.995764	-0.204472	0.046116	0.2025	0.753	-0.1845	0	240	322	3
2026-02-12	15:31:32.830	-3.255	21.595	115.29	1.039196	-0.198616	0.032452	0.21	0.768	-0.1875	0	240	322	3
2026-02-12	15:31:32.850	16.905	22.19	106.05	0.997716	-0.154208	0.017324	0.2205	0.7785	-0.189	0	240	322	3
2026-02-12	15:31:32.870	29.68	19.355	94.815	0.945256	-0.115168	0.018788	0.2385	0.7905	-0.1875	0	240	322	3
2026-02-12	15:31:32.890	36.085	15.4	80.92	0.943792	-0.127368	0.032452	0.2415	0.7995	-0.1935	0	240	322	3
2026-02-12	15:31:32.910	43.085	11.585	65.275	0.986492	-0.159576	0.05978	0.2505	0.801	-0.195	0	240	322	3
2026-02-12	15:31:32.930	48.685	9.135	51.065	1.042368	-0.142008	0.069296	0.2625	0.804	-0.1965	0	240	322	3
2026-02-12	15:31:32.950	43.33	5.705	32.445	1.103124	-0.050996	0.07808	0.2625	0.804	-0.2085	0	240	322	3
2026-02-12	15:31:32.970	26.04	2.765	9.1	1.13338	-0.02318	0.0671	0.264	0.8055	-0.2145	0	240	322	3
2026-02-12	15:31:32.990	14.035	-0.07	-9.905	1.110688	-0.075884	0.066856	0.261	0.8025	-0.2235	0	240	322	3
2026-02-12	15:31:33.010	8.47	-5.005	-27.65	1.142652	-0.093696	0.097112	0.273	0.7995	-0.2145	0	242	308	3
2026-02-12	15:31:33.030	2.275	-9.38	-46.2	1.162172	-0.077836	0.164212	0.2685	0.7995	-0.216	0	242	308	3
2026-02-12	15:31:33.050	-2.905	-10.01	-61.985	1.053104	-0.102968	0.23912	0.2625	0.7935	-0.222	0	242	308	3
2026-02-12	15:31:33.070	7.315	-11.445	-70.42	0.975024	-0.1525	0.30256	0.258	0.7845	-0.2205	0	242	308	3
2026-02-12	15:31:33.090	33.88	-10.745	-69.895	0.914512	-0.171288	0.354044	0.246	0.783	-0.2145	0	242	308	3
2026-02-12	15:31:33.110	61.215	-8.925	-63.7	0.87596	-0.09272	0.354776	0.2355	0.7785	-0.213	0	242	308	3
2026-02-12	15:31:33.130	75.005	-8.82	-58.555	0.885964	0.004392	0.333792	0.231	0.771	-0.219	0	242	308	3
2026-02-12	15:31:33.150	68.005	-9.065	-55.685	0.878888	0.121024	0.289872	0.231	0.7575	-0.2265	0	242	308	3
2026-02-12	15:31:33.170	17.64	-13.195	-59.535	0.988444	0.196176	0.198128	0.2355	0.75	-0.228	0	242	308	3
2026-02-12	15:31:33.190	-24.15	-13.65	-64.54	1.040416	0.150792	0.16348	0.2355	0.75	-0.228	0	242	308	3
2026-02-12	15:31:33.210	-59.045	-12.46	-68.425	1.056032	0.101504	0.171288	0.2025	0.732	-0.2325	0	243	277	3
2026-02-12	15:31:33.230	-81.27	-8.82	-71.33	1.069696	0.033672	0.205204	0.2025	0.7305	-0.228	0	243	277	3
2026-02-12	15:31:33.250	-91	-3.64	-71.61	1.061888	-0.032696	0.2135	0.198	0.729	-0.231	0	243	277	3
2026-02-12	15:31:33.270	-91.105	0.77	-69.44	1.055056	-0.048312	0.204472	0.192	0.7305	-0.225	0	243	277	3
2026-02-12	15:31:33.290	-88.97	3.815	-67.025	1.006256	-0.035136	0.17934	0.1935	0.7335	-0.213	0	243	277	3
2026-02-12	15:31:33.310	-85.33	4.69	-65.52	0.964776	-0.041236	0.171288	0.195	0.732	-0.2085	0	243	277	3
2026-02-12	15:31:33.330	-77.175	4.795	-64.995	0.963312	-0.083204	0.19276	0.1875	0.7305	-0.2025	0	243	277	3
2026-02-12	15:31:33.350	-66.85	5.11	-65.135	0.986004	-0.111508	0.211548	0.1755	0.732	-0.1965	0	243	277	3
2026-02-12	15:31:33.370	-59.43	6.16	-64.05	0.972096	-0.155916	0.219112	0.177	0.7305	-0.1935	0	243	277	3
2026-02-12	15:31:33.390	-43.61	4.935	-62.44	0.987224	-0.160064	0.243024	0.1845	0.726	-0.192	0	243	277	3
2026-02-12	15:31:33.410	-32.655	4.9	-61.985	0.975024	-0.187392	0.256932	0.1575	0.7245	-0.1935	0	241	254	3
2026-02-12	15:31:33.430	-22.015	3.675	-61.285	0.972584	-0.192272	0.26108	0.1635	0.726	-0.1875	0	241	254	3
2026-02-12	15:31:33.450	-15.435	0.42	-60.515	0.980636	-0.200568	0.264496	0.162	0.723	-0.1875	0	241	254	3
2026-02-12	15:31:33.470	-10.255	-4.095	-59.85	1.006988	-0.236436	0.292556	0.159	0.714	-0.1905	0	241	254	3
2026-02-12	15:31:33.490	-2.695	-7.385	-58.205	0.992348	-0.269864	0.359168	0.156	0.7065	-0.1905	0	241	254	3
2026-02-12	15:31:33.510	7.63	-8.05	-54.635	0.97966	-0.311832	0.427732	0.153	0.7065	-0.1875	0	241	254	3
2026-02-12	15:31:33.530	15.89	-7.49	-49.105	0.953796	-0.290848	0.458964	0.1485	0.6975	-0.1845	0	241	254	3
2026-02-12	15:31:33.550	15.75	-5.635	-43.33	0.906948	-0.26718	0.47214	0.1425	0.687	-0.1845	0	241	254	3
2026-02-12	15:31:33.570	14.63	13.825	-36.05	0.881328	-0.401624	0.506056	0.1395	0.6795	-0.183	0	241	254	3
2026-02-12	15:31:33.590	89.46	34.125	-20.685	0.759816	-0.644892	0.510936	0.141	0.672	-0.186	0	241	254	3
2026-02-12	15:31:33.610	191.485	17.01	-2.66	0.603168	-0.293776	0.584136	0.1425	0.6705	-0.1935	0	236	256	3
2026-02-12	15:31:33.630	171.535	-5.6	0.735	0.499224	-0.102968	0.646356	0.1425	0.6495	-0.21	0	236	256	3
2026-02-12	15:31:33.650	116.34	-21.035	-3.325	0.502396	-0.121512	0.696132	0.144	0.6375	-0.207	0	236	256	3
2026-02-12	15:31:33.670	78.995	-28.84	-6.23	0.5307	-0.133224	0.765428	0.1425	0.63	-0.21	0	236	256	3
2026-02-12	15:31:33.690	58.345	-27.685	-3.43	0.59902	-0.202032	0.80154	0.1395	0.6195	-0.2085	0	236	256	3
2026-02-12	15:31:33.710	55.335	-17.535	4.55	0.757376	-0.33428	0.800076	0.1335	0.6105	-0.204	0	236	256	3
2026-02-12	15:31:33.730	75.355	-7.42	15.26	1.022848	-0.428952	0.831064	0.1275	0.6075	-0.207	0	236	256	3
2026-02-12	15:31:33.750	104.51	3.395	28.875	1.251964	-0.3965	0.873032	0.132	0.6105	-0.21	0	236	256	3
2026-02-12	15:31:33.770	120.96	15.855	42.07	1.416176	-0.291336	0.867908	0.135	0.603	-0.21	0	236	256	3
2026-02-12	15:31:33.790	112.84	30.485	55.615	1.410808	-0.24644	0.759572	0.132	0.5985	-0.21	0	236	256	3
2026-02-12	15:31:33.810	107.065	48.79	68.215	1.392996	-0.227408	0.640744	0.1365	0.594	-0.216	0	236	310	3
2026-02-12	15:31:33.830	106.085	62.3	76.09	1.369572	-0.172996	0.60024	0.1395	0.591	-0.222	0	236	310	3
2026-02-12	15:31:33.850	93.835	69.3	78.995	1.293688	-0.143472	0.583648	0.15	0.5775	-0.243	0	236	310	3
2026-02-12	15:31:33.870	70.84	74.585	81.025	1.188036	-0.103456	0.53192	0.171	0.5865	-0.2565	0	236	310	3
2026-02-12	15:31:33.890	39.725	79.065	82.635	1.112884	-0.098088	0.46482	0.168	0.5865	-0.2565	0	236	310	3
2026-02-12	15:31:33.910	11.27	84.665	85.47	1.018212	-0.119804	0.38796	0.171	0.594	-0.2625	0	236	310	3
2026-02-12	15:31:33.930	-7.105	86.275	90.195	0.915732	-0.126392	0.309636	0.18	0.6	-0.2715	0	236	310	3
2026-02-12	15:31:33.950	-21.63	81.725	93.415	0.872788	-0.106872	0.25864	0.1905	0.603	-0.2805	0	236	310	3
2026-02-12	15:31:33.970	-41.16	71.015	92.995	0.883036	-0.064904	0.224724	0.2025	0.615	-0.288	0	236	310	3
2026-02-12	15:31:33.990	-71.155	58.87	90.615	0.925736	-0.11956	0.207644	0.216	0.627	-0.297	0	236	310	3
2026-02-12	15:31:34.010	-70.735	59.185	93.275	0.892552	-0.336232	0.148596	0.225	0.633	-0.3015	0	242	377	3
2026-02-12	15:31:34.030	-9.24	53.725	96.32	0.855464	-0.236192	0.143716	0.225	0.633	-0.3015	0	242	377	3
2026-02-12	15:31:34.050	11.97	47.215	92.785	0.820816	-0.144204	0.137372	0.2445	0.6765	-0.2955	0	242	377	3
2026-02-12	15:31:34.070	8.82	36.505	81.9	0.891576	-0.083448	0.161528	0.2535	0.6795	-0.303	0	242	377	3
2026-02-12	15:31:34.090	-12.46	23.94	67.025	1.015528	-0.059536	0.196664	0.2625	0.681	-0.3045	0	242	377	3
2026-02-12	15:31:34.110	-42.455	16.765	54.81	1.073844	-0.091744	0.20984	0.2745	0.6885	-0.306	0	242	377	3
2026-02-12	15:31:34.130	-68.46	12.95	47.565	1.093608	-0.088572	0.165432	0.279	0.696	-0.309	0	242	377	3
2026-02-12	15:31:34.150	-94.64	4.655	39.725	1.145824	-0.055876	0.07198	0.2775	0.7035	-0.312	0	242	377	3
2026-02-12	15:31:34.170	-132.23	-6.615	27.93	1.206336	-0.011468	0.041968	0.2805	0.7185	-0.3075	0	242	377	3
2026-02-12	15:31:34.190	-187.25	-18.095	13.405	1.247572	-0.006344	0.074176	0.2865	0.7335	-0.294	0	242	377	3
2026-02-12	15:31:34.210	-237.37	-27.93	-3.535	1.334192	-0.15494	0.059536	0.2835	0.7485	-0.2805	0	251	390	3
2026-02-12	15:31:34.230	-238.245	-37.485	-23.66	1.27612	-0.306952	0.088816	0.2805	0.771	-0.2595	0	251	390	3
2026-02-12	15:31:34.250	-190.365	-39.025	-36.855	1.052616	-0.426512	0.254736	0.2805	0.7845	-0.246	0	251	390	3
2026-02-12	15:31:34.270	-111.615	-29.54	-38.71	0.94306	-0.538996	0.389424	0.2655	0.8205	-0.2055	0	251	390	3
2026-02-12	15:31:34.290	-20.125	-15.155	-32.375	0.873764	-0.40504	0.381128	0.2595	0.831	-0.192	0	251	390	3
2026-02-12	15:31:34.310	47.425	-6.125	-25.55	0.87596	-0.260104	0.281576	0.258	0.8325	-0.1905	0	251	390	3
2026-02-12	15:31:34.330	101.29	-3.85	-20.475	0.878888	-0.187148	0.253272	0.255	0.8265	-0.1905	0	251	390	3
2026-02-12	15:31:34.350	140.525	-3.36	-18.06	0.866932	-0.11346	0.255468	0.2415	0.816	-0.198	0	251	390	3
2026-02-12	15:31:34.370	149.24	-4.97	-19.845	0.88206	0.02684	0.276452	0.237	0.8055	-0.2085	0	251	390	3
2026-02-12	15:31:34.390	121.135	-4.865	-27.23	0.89548	0.111264	0.285724	0.243	0.7905	-0.228	0	251	390	3
2026-02-12	15:31:34.410	72.17	-3.885	-40.355	0.92476	0.136396	0.299144	0.2385	0.7725	-0.2415	0	260	362	3
2026-02-12	15:31:34.430	24.395	0.07	-54.915	0.933056	0.081496	0.312076	0.234	0.7635	-0.24	0	260	362	3
2026-02-12	15:31:34.450	-10.71	5.145	-67.515	0.939644	-0.007564	0.3111	0.234	0.7635	-0.237	0	260	362	3
2026-02-12	15:31:34.470	-30.555	9.59	-75.32	0.94306	-0.078324	0.3111	0.234	0.7635	-0.237	0	260	362	3
2026-02-12	15:31:34.490	-37.17	11.305	-77.315	0.94672	-0.114436	0.289384	0.2145	0.7455	-0.2445	0	260	362	3
2026-02-12	15:31:34.510	-38.115	10.71	-77.035	0.962824	-0.100772	0.267912	0.216	0.744	-0.243	0	260	362	3
2026-02-12	15:31:34.530	-39.935	10.01	-76.3	0.954528	-0.097844	0.25254	0.2145	0.7395	-0.2415	0	260	362	3
2026-02-12	15:31:34.550	-42.49	8.645	-75.845	0.947696	-0.110776	0.24278	0.2085	0.7365	-0.2385	0	260	362	3
2026-02-12	15:31:34.570	-45.675	6.58	-75.74	0.916952	-0.129808	0.232288	0.204	0.7365	-0.2385	0	260	362	3
2026-02-12	15:31:34.590	-51.24	3.745	-76.65	0.88694	-0.144204	0.224724	0.2025	0.738	-0.2415	0	260	362	3
2026-02-12	15:31:34.610	-58.1	0.525	-79.695	0.877912	-0.170068	0.224236	0.1965	0.732	-0.237	0	265	331	3
2026-02-12	15:31:34.630	-63.42	-2.24	-84.245	0.86864	-0.19642	0.235704	0.186	0.723	-0.2295	0	265	331	3
2026-02-12	15:31:34.650	-64.26	-4.655	-88.655	0.838872	-0.218136	0.236924	0.186	0.723	-0.225	0	265	331	3
2026-02-12	15:31:34.670	-56.07	-9.31	-94.01	0.826672	-0.24644	0.241316	0.189	0.723	-0.225	0	265	331	3
2026-02-12	15:31:34.690	-46.795	-11.62	-96.32	0.816668	-0.250588	0.244732	0.183	0.7095	-0.2145	0	265	331	3
2026-02-12	15:31:34.710	-38.08	-14.105	-98.63	0.835456	-0.243512	0.248148	0.162	0.7095	-0.219	0	265	331	3
2026-02-12	15:31:34.730	-32.06	-17.85	-101.115	0.90402	-0.250588	0.27206	0.156	0.705	-0.2145	0	265	331	3
2026-02-12	15:31:34.750	-29.505	-21.28	-102.34	0.989664	-0.257908	0.30256	0.1545	0.6975	-0.21	0	265	331	3
2026-02-12	15:31:34.770	-28.14	-23.695	-101.57	1.06018	-0.262788	0.342576	0.1545	0.6885	-0.2055	0	265	331	3
2026-02-12	15:31:34.790	-35.35	-24.045	-96.88	1.04676	-0.27206	0.390156	0.141	0.6795	-0.1995	0	265	331	3
2026-02-12	15:31:34.810	-53.55	-26.11	-89.53	1.019188	-0.295972	0.421876	0.129	0.672	-0.192	0	264	311	2
2026-02-12	15:31:34.830	-66.605	-29.085	-80.605	0.99064	-0.37454	0.445544	0.1275	0.663	-0.1845	0	264	311	2
2026-02-12	15:31:34.850	-63.525	-29.715	-69.51	0.904264	-0.478484	0.523624	0.1215	0.657	-0.1845	0	264	311	2
2026-02-12	15:31:34.870	-31.36	-25.27	-51.835	0.825696	-0.62952	0.696132	0.1155	0.6555	-0.18	0	264	311	2
2026-02-12	15:31:34.890	12.39	-19.25	-31.955	0.81374	-0.643184	0.743468	0.117	0.654	-0.174	0	264	311	2
2026-02-12	15:31:34.910	31.045	-14.21	-14.455	0.829356	-0.555344	0.699548	0.1005	0.648	-0.171	0	264	311	2
2026-02-12	15:31:34.930	25.69	-10.5	3.045	0.85522	-0.45994	0.610488	0.1095	0.645	-0.1665	0	264	311	2
2026-02-12	15:31:34.950	8.4	-11.34	17.78	0.989176	-0.435296	0.527772	0.108	0.6405	-0.165	0	264	311	2
2026-02-12	15:31:34.970	5.88	-14.56	26.74	1.287344	-0.551196	0.5551	0.108	0.6435	-0.1635	0	264	311	2
2026-02-12	15:31:34.990	28.28	-11.655	35.56	1.520364	-0.61976	0.6527	0.1065	0.6465	-0.162	0	264	311	2
2026-02-12	15:31:35.010	44.87	-1.085	52.115	1.447164	-0.545828	0.627324	0.108	0.645	-0.1635	0	261	326	3
2026-02-12	15:31:35.030	56.84	9.065	65.94	1.262456	-0.469944	0.520696	0.1095	0.648	-0.1665	0	261	326	3
2026-02-12	15:31:35.050	69.125	14.7	77.56	1.150704	-0.393328	0.42578	0.114	0.651	-0.1695	0	261	326	3
2026-02-12	15:31:35.070	82.81	19.285	87.85	1.15534	-0.36112	0.37942	0.117	0.6555	-0.1725	0	261	326	3
2026-02-12	15:31:35.090	101.535	26.145	98.98	1.231468	-0.289628	0.340868	0.114	0.6555	-0.177	0	261	326	3
2026-02-12	15:31:35.110	99.47	30.24	104.09	1.26758	-0.222284	0.304512	0.114	0.6555	-0.177	0	261	326	3
2026-02-12	15:31:35.130	80.955	34.685	109.165	1.193404	-0.165676	0.24644	0.138	0.6675	-0.1995	0	261	326	3
2026-02-12	15:31:35.150	54.145	37.1	115.045	1.059204	-0.15738	0.191296	0.141	0.669	-0.204	0	261	326	3
2026-02-12	15:31:35.170	34.23	35.42	121.03	0.951112	-0.160064	0.162016	0.15	0.6795	-0.21	0	261	326	3
2026-02-12	15:31:35.190	23.625	31.605	126.385	0.91134	-0.172508	0.143716	0.1605	0.69	-0.2115	0	261	326	3
2026-02-12	15:31:35.210	20.65	27.44	130.025	0.999424	-0.169092	0.127856	0.165	0.6975	-0.219	0	260	354	3
2026-02-12	15:31:35.230	14.7	26.18	132.51	1.022116	-0.13908	0.101992	0.171	0.7125	-0.225	0	260	354	3
2026-02-12	15:31:35.250	2.73	26.53	134.505	0.945744	-0.129076	0.07124799	0.1815	0.7245	-0.228	0	260	354	3
2026-02-12	15:31:35.270	-4.48	23.1	132.72	0.931348	-0.14396	0.047824	0.1965	0.735	-0.2295	0	260	354	3
2026-02-12	15:31:35.290	1.015	18.27	124.18	1.004304	-0.18178	0.061244	0.21	0.7485	-0.2325	0	260	354	3
2026-02-12	15:31:35.310	22.435	18.865	109.655	1.047004	-0.247904	0.132248	0.2175	0.756	-0.234	0	260	354	3
2026-02-12	15:31:35.330	37.31	22.715	101.325	1.0797	-0.235216	0.1281	0.2265	0.771	-0.2325	0	260	354	3
2026-02-12	15:31:35.350	45.36	26.46	90.405	1.084336	-0.16348	0.07564	0.2385	0.7695	-0.24	0	260	354	3
2026-02-12	15:31:35.370	38.92	26.6	75.6	1.109224	-0.100772	0.030744	0.246	0.7695	-0.2415	0	260	354	3
2026-02-12	15:31:35.390	23.555	24.92	59.815	1.101172	-0.064172	-0.001708	0.258	0.7695	-0.2475	0	260	354	3
2026-02-12	15:31:35.410	2.87	18.165	42.665	1.105808	-0.021472	0.000732	0.264	0.7725	-0.2475	0	261	343	3
2026-02-12	15:31:35.430	-18.55	9.765	24.78	1.04676	-0.030012	0.051484	0.2685	0.7815	-0.246	0	261	343	3
2026-02-12	15:31:35.450	-31.64	0.49	7.385	0.9943	-0.07198	0.107848	0.2715	0.7845	-0.2505	0	261	343	3
2026-02-12	15:31:35.470	-32.165	-9.065	-10.43	0.984784	-0.148352	0.152744	0.273	0.786	-0.249	0	261	343	3
2026-02-12	15:31:35.490	-16.45	-17.29	-24.885	0.952576	-0.228872	0.214476	0.27	0.792	-0.243	0	261	343	3
2026-02-12	15:31:35.510	21	-27.3	-36.82	0.958188	-0.242048	0.28548	0.267	0.7905	-0.2415	0	261	343	3
2026-02-12	15:31:35.530	66.885	-31.395	-42.21	0.97966	-0.261812	0.35868	0.2655	0.7875	-0.2415	0	261	343	3
2026-02-12	15:31:35.550	107.8	-29.015	-39.48	0.994056	-0.226432	0.379908	0.2565	0.777	-0.2475	0	261	343	3
2026-02-12	15:31:35.570	136.045	-27.265	-33.39	1.001864	-0.145668	0.3599	0.249	0.771	-0.249	0	261	343	3
2026-02-12	15:31:35.590	142.38	-26.25	-26.915	1.005036	-0.086376	0.32086	0.24	0.759	-0.252	0	261	343	3
2026-02-12	15:31:35.610	126.77	-24.255	-23.24	1.011136	-0.032696	0.309392	0.237	0.7425	-0.2595	0	260	307	3
2026-02-12	15:31:35.630	96.705	-19.74	-25.375	1.065792	-0.014152	0.315736	0.231	0.7275	-0.2625	0	260	307	3
2026-02-12	15:31:35.650	63.035	-14.945	-29.54	1.030168	0.033672	0.300852	0.225	0.7155	-0.2595	0	260	307	3
2026-02-12	15:31:35.670	24.605	-12.495	-32.795	0.98454	0.054412	0.320128	0.2235	0.702	-0.267	0	260	307	3
2026-02-12	15:31:35.690	-9.695	-7.875	-36.225	0.942572	0.040504	0.362584	0.2205	0.6945	-0.273	0	260	307	3
2026-02-12	15:31:35.710	-38.85	-4.06	-40.075	0.912316	0.034648	0.37332	0.216	0.6885	-0.2745	0	260	307	3
2026-02-12	15:31:35.730	-75.215	-2.38	-44.73	0.901824	-0.02684	0.35258	0.2175	0.687	-0.276	0	260	307	3
2026-02-12	15:31:35.750	-100.415	-2.345	-49	0.915	-0.085888	0.332572	0.2175	0.687	-0.276	0	260	307	3
2026-02-12	15:31:35.770	-109.305	-2.555	-53.13	0.93086	-0.124196	0.337452	0.2055	0.699	-0.2565	0	260	307	3
2026-02-12	15:31:35.790	-109.13	-0.49	-57.365	0.927932	-0.174216	0.358436	0.207	0.7035	-0.2565	0	260	307	3
2026-02-12	15:31:35.810	-100.52	3.85	-60.2	0.917684	-0.198372	0.371124	0.2085	0.711	-0.2475	0	257	288	3
2026-02-12	15:31:35.830	-83.475	21.175	-60.83	0.944524	-0.304268	0.358436	0.2055	0.7125	-0.24	0	257	288	3
2026-02-12	15:31:35.850	-21.98	44.59	-58.94	0.880352	-0.56852	0.305732	0.1995	0.7155	-0.2415	0	257	288	3
2026-02-12	15:31:35.870	89.145	44.975	-56.945	0.834968	-0.368196	0.277184	0.1995	0.7155	-0.2445	0	257	288	3
2026-02-12	15:31:35.890	139.79	26.32	-59.15	0.842776	-0.062464	0.32696	0.2025	0.705	-0.255	0	257	288	3
2026-02-12	15:31:35.910	108.08	6.475	-67.97	0.81618	0.017812	0.365268	0.198	0.6885	-0.261	0	257	288	3
2026-02-12	15:31:35.930	59.64	-12.46	-76.72	0.808372	0.025376	0.388448	0.192	0.672	-0.2625	0	257	288	3
2026-02-12	15:31:35.950	5.81	-32.585	-88.445	0.87108	-0.028548	0.443836	0.1935	0.663	-0.2625	0	257	288	3
2026-02-12	15:31:35.970	-15.505	-39.655	-92.855	0.94184	-0.114436	0.489708	0.1935	0.651	-0.258	0	257	288	3
2026-02-12	15:31:35.990	-21.28	-42.7	-93.485	0.920856	-0.189344	0.482144	0.1755	0.6315	-0.255	0	257	288	3
2026-02-12	15:31:36.010	-17.43	-48.72	-92.085	0.901824	-0.208864	0.475556	0.1725	0.627	-0.2565	0	253	295	3
2026-02-12	15:31:36.030	-10.36	-55.055	-90.09	0.87596	-0.243756	0.487512	0.159	0.621	-0.252	0	253	295	3
2026-02-12	15:31:36.050	-0.875	-60.305	-86.24	0.85522	-0.237656	0.529724	0.15	0.6105	-0.2445	0	253	295	3
2026-02-12	15:31:36.070	0.175	-62.755	-80.29	0.812764	-0.221064	0.583404	0.1515	0.6015	-0.24	0	253	295	3
2026-02-12	15:31:36.090	-6.16	-61.11	-71.995	0.774456	-0.227164	0.663924	0.15	0.597	-0.231	0	253	295	3
2026-02-12	15:31:36.110	-4.795	-49.84	-58.695	0.752252	-0.339648	0.740296	0.1395	0.5895	-0.222	0	253	295	3
2026-02-12	15:31:36.130	20.02	-38.29	-39.97	0.713456	-0.337452	0.790804	0.1305	0.582	-0.216	0	253	295	3
2026-02-12	15:31:36.150	30.765	-28.665	-17.885	0.733708	-0.263764	0.765184	0.123	0.5775	-0.2115	0	253	295	3
2026-02-12	15:31:36.170	26.95	-21.21	0.315	0.816912	-0.235704	0.690032	0.12	0.5745	-0.21	0	253	295	3
2026-02-12	15:31:36.190	33.74	-20.195	9.835	0.9089	-0.227652	0.664412	0.12	0.5715	-0.198	0	253	295	3
2026-02-12	15:31:36.210	51.975	-23.695	12.915	1.12484	-0.20252	0.709796	0.1185	0.5715	-0.198	0	248	338	3
2026-02-12	15:31:36.230	63.7	-21.875	12.915	1.277584	-0.210572	0.809104	0.1155	0.5685	-0.198	0	248	338	3
2026-02-12	15:31:36.250	60.83	-10.08	18.41	1.281488	-0.256688	0.815448	0.1095	0.5625	-0.1935	0	248	338	3
2026-02-12	15:31:36.270	53.725	6.65	25.445	1.229028	-0.27572	0.721752	0.1125	0.561	-0.1905	0	248	338	3
2026-02-12	15:31:36.290	43.715	23.835	35.07	1.113128	-0.256932	0.57706	0.1125	0.561	-0.192	0	248	338	3
2026-02-12	15:31:36.310	36.26	35.7	44.135	1.074332	-0.22326	0.484096	0.114	0.5595	-0.1905	0	248	338	3
2026-02-12	15:31:36.330	33.67	45.955	50.96	1.081164	-0.193248	0.438712	0.12	0.564	-0.1935	0	248	338	3
2026-02-12	15:31:36.350	34.37	53.025	56.175	1.061156	-0.153964	0.413092	0.1215	0.5685	-0.201	0	248	338	3
2026-02-12	15:31:36.370	24.465	56	61.18	1.024556	-0.15616	0.410408	0.1245	0.57	-0.201	0	248	338	3
2026-02-12	15:31:36.390	7.105	57.61	66.71	0.990396	-0.16104	0.39894	0.1245	0.57	-0.201	0	248	338	3
2026-02-12	15:31:36.410	-13.79	56.105	71.75	0.972584	-0.147376	0.366976	0.1335	0.5895	-0.222	0	246	401	3
2026-02-12	15:31:36.430	-43.19	52.045	77.49	0.951844	-0.146156	0.325252	0.144	0.594	-0.225	0	246	401	3
2026-02-12	15:31:36.450	-72.38	45.115	83.72	0.997228	-0.15616	0.310612	0.153	0.609	-0.2265	0	246	401	3
2026-02-12	15:31:36.470	-96.95	40.845	91.175	1.0248	-0.143228	0.276696	0.1575	0.6255	-0.228	0	246	401	3
2026-02-12	15:31:36.490	-120.295	40.075	101.395	0.934276	-0.152256	0.202276	0.1665	0.6465	-0.231	0	246	401	3
2026-02-12	15:31:36.510	-129.36	37.73	110.075	0.894992	-0.181292	0.135176	0.168	0.666	-0.231	0	246	401	3
2026-02-12	15:31:36.530	-123.2	30.31	114.45	0.94184	-0.177876	0.094916	0.171	0.687	-0.231	0	246	401	3
2026-02-12	15:31:36.550	-115.745	23.45	115.325	0.967216	-0.183	0.075396	0.1875	0.7155	-0.2265	0	246	401	3
2026-02-12	15:31:36.570	-104.825	16.17	113.75	1.026996	-0.223748	0.06466	0.2025	0.7395	-0.2235	0	246	401	3
2026-02-12	15:31:36.590	-61.25	10.885	110.915	1.116788	-0.31354	0.103944	0.2055	0.75	-0.2235	0	246	401	3
2026-02-12	15:31:36.610	-11.515	12.495	105.49	1.267336	-0.269132	0.137128	0.2295	0.783	-0.207	0	245	422	3
2026-02-12	15:31:36.630	28.385	17.815	95.13	1.315404	-0.113704	0.106872	0.24	0.7995	-0.219	0	245	422	3
2026-02-12	15:31:36.650	33.845	17.395	78.365	1.321992	0.06588	0.071736	0.246	0.7995	-0.2175	0	245	422	3
2026-02-12	15:31:36.670	15.225	11.55	54.39	1.355908	0.101504	0.089304	0.2565	0.804	-0.2175	0	245	422	3
2026-02-12	15:31:36.690	-5.845	6.02	29.68	1.30296	0.046116	0.111752	0.261	0.804	-0.222	0	245	422	3
2026-02-12	15:31:36.710	-20.755	-2.94	5.53	1.185352	-0.0366	0.148108	0.2655	0.804	-0.2205	0	245	422	3
2026-02-12	15:31:36.730	-24.465	-12.74	-13.86	1.024312	-0.113704	0.207156	0.27	0.8085	-0.2205	0	245	422	3
2026-02-12	15:31:36.750	-14.805	-22.645	-27.545	0.918172	-0.166896	0.299632	0.267	0.8115	-0.2175	0	245	422	3
2026-02-12	15:31:36.770	12.915	-28.595	-37.31	0.909876	-0.199836	0.41846	0.261	0.81	-0.213	0	245	422	3
2026-02-12	15:31:36.790	67.48	-25.97	-40.53	0.896456	-0.199348	0.443104	0.2565	0.8025	-0.213	0	245	422	3
2026-02-12	15:31:36.810	115.92	-24.605	-38.08	0.883036	-0.099308	0.351116	0.2535	0.798	-0.2145	0	245	392	3
2026-02-12	15:31:36.830	134.54	-29.26	-36.96	0.937936	-0.03172	0.281088	0.2475	0.7815	-0.231	0	245	392	3
2026-02-12	15:31:36.850	132.825	-32.13	-39.025	0.972584	0.033184	0.236924	0.24	0.768	-0.237	0	245	392	3
2026-02-12	15:31:36.870	105.77	-32.97	-44.765	0.948672	0.080276	0.219844	0.2415	0.756	-0.243	0	245	392	3
2026-02-12	15:31:36.890	70.91	-30.975	-52.64	0.95038	0.051728	0.2745	0.234	0.7395	-0.2475	0	245	392	3
2026-02-12	15:31:36.910	48.405	-24.395	-59.185	0.96624	0.043432	0.333548	0.222	0.7335	-0.246	0	245	392	3
2026-02-12	15:31:36.930	27.685	-17.675	-63.91	0.968436	0.048312	0.360876	0.213	0.723	-0.246	0	245	392	3
2026-02-12	15:31:36.950	1.155	-10.325	-67.095	0.968436	0.00976	0.349164	0.2025	0.708	-0.2505	0	245	392	3
2026-02-12	15:31:36.970	-24.29	-4.06	-67.97	0.964288	-0.042212	0.31964	0.201	0.705	-0.2535	0	245	392	3
2026-02-12	15:31:36.990	-41.93	0.595	-65.52	0.95404	-0.087596	0.277916	0.198	0.705	-0.2505	0	245	392	3
2026-02-12	15:31:37.010	-52.185	2.1	-59.605	0.95282	-0.108824	0.25254	0.1935	0.699	-0.2505	0	246	355	3
2026-02-12	15:31:37.030	-55.265	-0.315	-54.425	0.974048	-0.121268	0.260348	0.192	0.6975	-0.2505	0	246	355	3
2026-02-12	15:31:37.050	-53.515	-3.535	-52.465	0.979172	-0.138348	0.300364	0.183	0.693	-0.2475	0	246	355	3
2026-02-12	15:31:37.070	-51.205	-5.67	-51.38	0.963312	-0.162504	0.336476	0.1755	0.696	-0.2355	0	246	355	3
2026-02-12	15:31:37.090	-48.615	-7.28	-50.715	0.9821	-0.179584	0.343064	0.177	0.6975	-0.24	0	246	355	3
2026-02-12	15:31:37.110	-48.055	-8.89	-50.575	1.0004	-0.179828	0.334036	0.1785	0.7005	-0.2415	0	246	355	3
2026-02-12	15:31:37.130	-49.525	-10.535	-51.31	0.9638	-0.176412	0.316468	0.1755	0.696	-0.234	0	246	355	3
2026-02-12	15:31:37.150	-50.155	-13.195	-52.885	0.932324	-0.17202	0.2867	0.171	0.6915	-0.228	0	246	355	3
2026-02-12	15:31:37.170	-47.495	-16.135	-53.69	0.928908	-0.177632	0.293288	0.165	0.696	-0.2265	0	246	355	3
2026-02-12	15:31:37.190	-42.315	-17.605	-52.535	0.919392	-0.169824	0.311832	0.159	0.693	-0.2235	0	246	355	3
2026-02-12	15:31:37.210	-39.865	-18.165	-50.47	0.887672	-0.156892	0.320616	0.1605	0.6915	-0.216	0	243	332	3
2026-02-12	15:31:37.230	-41.72	-19.775	-49.945	0.845948	-0.148108	0.308416	0.1635	0.6975	-0.213	0	243	332	3
2026-02-12	15:31:37.250	-43.75	-20.65	-51.625	0.833016	-0.172264	0.315004	0.15	0.693	-0.213	0	243	332	3
2026-02-12	15:31:37.270	-43.225	-20.685	-52.885	0.827892	-0.214964	0.327936	0.153	0.6915	-0.2055	0	243	332	3
2026-02-12	15:31:37.290	-39.41	-19.95	-52.745	0.816912	-0.229848	0.35746	0.1485	0.6825	-0.198	0	243	332	3
2026-02-12	15:31:37.310	-37.03	-19.075	-52.395	0.796904	-0.223992	0.375272	0.1425	0.6825	-0.198	0	243	332	3
2026-02-12	15:31:37.330	-36.855	-19.285	-53.34	0.784948	-0.24644	0.412604	0.135	0.678	-0.1905	0	243	332	3
2026-02-12	15:31:37.350	-39.97	-19.6	-52.36	0.791292	-0.315004	0.46848	0.1305	0.6735	-0.1875	0	243	332	3
2026-02-12	15:31:37.370	-47.46	-20.965	-49.665	0.843996	-0.34892	0.512156	0.1245	0.6735	-0.1875	0	243	332	3
2026-02-12	15:31:37.390	-52.535	-20.02	-45.885	0.839848	-0.355508	0.528992	0.123	0.6735	-0.186	0	243	332	3
2026-02-12	15:31:37.410	-46.935	-15.68	-38.43	0.79544	-0.420412	0.547292	0.1215	0.6765	-0.1845	0	236	329	3
2026-02-12	15:31:37.430	-40.18	-10.255	-29.12	0.824964	-0.427976	0.572668	0.117	0.669	-0.1725	0	236	329	3
2026-02-12	15:31:37.450	-55.16	-6.3	-22.085	0.903776	-0.476532	0.511668	0.117	0.6615	-0.165	0	236	329	3
2026-02-12	15:31:37.470	-69.475	-8.33	-14.875	0.969168	-0.500444	0.402844	0.108	0.687	-0.162	0	236	329	3
2026-02-12	15:31:37.490	-70.805	-18.095	-10.5	1.151192	-0.572912	0.429684	0.1125	0.663	-0.1635	0	236	329	3
2026-02-12	15:31:37.510	-50.47	-19.74	-4.025	1.207312	-0.661484	0.57218	0.1095	0.675	-0.1575	0	236	329	3
2026-02-12	15:31:37.530	-11.97	-15.365	12.53	1.160464	-0.676368	0.591212	0.1065	0.6765	-0.1545	0	236	329	3
2026-02-12	15:31:37.550	33.04	-10.29	31.78	1.117032	-0.57828	0.510692	0.105	0.6825	-0.15	0	236	329	3
2026-02-12	15:31:37.570	65.905	-3.85	49.28	1.06018	-0.467748	0.408212	0.1125	0.6825	-0.147	0	236	329	3
2026-02-12	15:31:37.590	90.23	-1.4	63.175	1.069208	-0.408212	0.310856	0.1125	0.678	-0.1545	0	236	329	3
2026-02-12	15:31:37.610	109.375	0.595	74.2	1.079212	-0.377712	0.266448	0.114	0.6795	-0.162	0	231	349	3
2026-02-12	15:31:37.630	123.62	2.94	82.285	1.136064	-0.363804	0.284748	0.1185	0.6855	-0.162	0	231	349	3
2026-02-12	15:31:37.650	134.33	9.765	87.185	1.25294	-0.284748	0.31354	0.117	0.687	-0.1605	0	231	349	3
2026-02-12	15:31:37.670	118.615	21.665	92.505	1.166076	-0.182512	0.27572	0.117	0.687	-0.1605	0	231	349	3
2026-02-12	15:31:37.690	90.86	26.285	97.23	1.042368	-0.158356	0.221552	0.138	0.696	-0.189	0	231	349	3
2026-02-12	15:31:37.710	69.23	25.725	101.815	0.998448	-0.180072	0.198372	0.1575	0.693	-0.1905	0	231	349	3
2026-02-12	15:31:37.730	58.45	24.64	105.735	1.105076	-0.152256	0.197884	0.1605	0.696	-0.195	0	231	349	3
2026-02-12	15:31:37.750	39.655	26.635	110.53	1.079212	-0.102968	0.138592	0.1665	0.705	-0.201	0	231	349	3
2026-02-12	15:31:37.770	12.32	26.495	116.095	1.001864	-0.089548	0.060268	0.1695	0.7155	-0.204	0	231	349	3
2026-02-12	15:31:37.790	-8.715	21.525	119.35	0.961604	-0.093452	0.03294	0.1785	0.726	-0.21	0	231	349	3
2026-02-12	15:31:37.810	-23.17	18.13	120.505	0.91988	-0.105652	0.061	0.192	0.738	-0.213	0	228	356	3
2026-02-12	15:31:37.830	-32.585	16.765	119.28	0.943304	-0.155184	0.103212	0.2025	0.75	-0.21	0	228	356	3
2026-02-12	15:31:37.850	-30.625	15.68	116.69	0.967704	-0.193736	0.091256	0.216	0.762	-0.2055	0	228	356	3
2026-02-12	15:31:37.870	-10.22	15.75	106.225	0.994788	-0.182512	0.093208	0.2235	0.7665	-0.204	0	228	356	3
2026-02-12	15:31:37.890	0.49	16.905	94.465	1.048956	-0.179828	0.085888	0.249	0.798	-0.2025	0	228	356	3
2026-02-12	15:31:37.910	4.165	16.625	79.38	1.107516	-0.171532	0.077592	0.261	0.801	-0.2055	0	228	356	3
2026-02-12	15:31:37.930	4.41	14.84	61.775	1.094828	-0.175192	0.105164	0.27	0.7995	-0.207	0	228	356	3
2026-02-12	15:31:37.950	6.02	12.425	43.365	1.049932	-0.196664	0.137128	0.2745	0.804	-0.2025	0	228	356	3
2026-02-12	15:31:37.970	12.25	7.84	22.12	1.06262	-0.166652	0.145424	0.2805	0.807	-0.201	0	228	356	3
2026-02-12	15:31:37.990	16.905	0.525	-4.69	1.153632	-0.149816	0.150792	0.285	0.8145	-0.1995	0	228	356	3
2026-02-12	15:31:38.010	22.645	-10.115	-39.235	1.182912	-0.19886	0.213256	0.2895	0.825	-0.198	0	227	329	3
2026-02-12	15:31:38.030	32.2	-16.485	-52.955	1.099708	-0.232776	0.295972	0.2865	0.819	-0.1995	0	227	329	3
2026-02-12	15:31:38.050	57.365	-22.68	-62.44	1.009672	-0.260348	0.458232	0.2865	0.8085	-0.204	0	227	329	3
2026-02-12	15:31:38.070	88.515	-20.195	-56.56	0.85278	-0.187392	0.492636	0.279	0.7965	-0.2055	0	227	329	3
2026-02-12	15:31:38.090	94.43	-17.955	-43.54	0.759816	-0.091744	0.407236	0.27	0.789	-0.2055	0	227	329	3
2026-02-12	15:31:38.110	84.315	-15.015	-36.575	0.81984	-0.07515199	0.34892	0.27	0.7695	-0.225	0	227	329	3
2026-02-12	15:31:38.130	68.67	-9.905	-35.105	0.928664	-0.05856	0.2928	0.2535	0.753	-0.2295	0	227	329	3
2026-02-12	15:31:38.150	45.78	-3.57	-36.295	0.95282	-0.02928	0.228384	0.261	0.747	-0.2355	0	227	329	3
2026-02-12	15:31:38.170	16.415	1.015	-39.235	0.972584	-0.026596	0.190076	0.258	0.747	-0.2325	0	227	329	3
2026-02-12	15:31:38.190	-10.185	4.76	-42.63	1.002108	-0.05124	0.213256	0.258	0.747	-0.2325	0	227	329	3
2026-02-12	15:31:38.210	-28.35	11.48	-44.275	0.997228	-0.065148	0.273524	0.258	0.7455	-0.2355	0	226	300	3
2026-02-12	15:31:38.230	-47.25	18.025	-44.17	0.991616	-0.075396	0.297924	0.2505	0.741	-0.2295	0	226	300	3
2026-02-12	15:31:38.250	-69.09	20.93	-42.385	0.981368	-0.101016	0.278648	0.249	0.7425	-0.225	0	226	300	3
2026-02-12	15:31:38.270	-83.055	19.04	-39.655	0.972096	-0.124684	0.260104	0.2505	0.7485	-0.2295	0	226	300	3
2026-02-12	15:31:38.290	-86.24	11.935	-37.17	0.941596	-0.162016	0.2684	0.249	0.753	-0.2325	0	226	300	3
2026-02-12	15:31:38.310	-78.68	4.865	-36.295	0.934276	-0.18666	0.301828	0.249	0.753	-0.2325	0	226	300	3
2026-02-12	15:31:38.330	-66.535	3.325	-36.47	0.931836	-0.196664	0.33672	0.24	0.765	-0.201	0	226	300	3
2026-02-12	15:31:38.350	-57.47	3.43	-37.485	0.903044	-0.163724	0.322568	0.2415	0.7635	-0.2085	0	226	300	3
2026-02-12	15:31:38.370	-54.46	1.785	-41.23	0.883524	-0.149328	0.270352	0.2445	0.7665	-0.1965	0	226	300	3
2026-02-12	15:31:38.390	-53.375	-2.275	-47.565	0.859368	-0.169092	0.21716	0.237	0.762	-0.198	0	226	300	3
2026-02-12	15:31:38.410	-49.63	-9.205	-55.685	0.889868	-0.190564	0.219112	0.234	0.765	-0.1935	0	223	286	3
2026-02-12	15:31:38.430	-43.085	-14.945	-64.365	0.908168	-0.201788	0.25986	0.2325	0.7695	-0.1815	0	223	286	3
2026-02-12	15:31:38.450	-38.15	-17.955	-71.505	0.883524	-0.210328	0.2867	0.225	0.7695	-0.1815	0	223	286	3
2026-02-12	15:31:38.470	-33.005	-21.28	-77.105	0.874008	-0.211792	0.298656	0.219	0.7665	-0.1785	0	223	286	3
2026-02-12	15:31:38.490	-26.985	-24.64	-81.655	0.870592	-0.213256	0.30622	0.21	0.7605	-0.174	0	223	286	3
2026-02-12	15:31:38.510	-23.38	-29.33	-87.465	0.875716	-0.23058	0.327692	0.204	0.7575	-0.1755	0	223	286	3
2026-02-12	15:31:38.530	-26.6	-32.06	-89.915	0.866444	-0.253516	0.346968	0.192	0.756	-0.165	0	223	286	3
2026-02-12	15:31:38.550	-29.12	-33.67	-90.58	0.845948	-0.276208	0.377224	0.1785	0.7395	-0.15	0	223	286	3
2026-02-12	15:31:38.570	-26.46	-34.475	-89.88	0.83448	-0.30256	0.403088	0.174	0.7305	-0.162	0	223	286	3
2026-02-12	15:31:38.590	-18.06	-34.16	-87.78	0.8174	-0.323788	0.424804	0.171	0.726	-0.144	0	223	286	3
2026-02-12	15:31:38.610	-4.9	-32.83	-83.475	0.789584	-0.329644	0.436516	0.1635	0.7215	-0.1455	0	217	286	3
2026-02-12	15:31:38.630	9.8	-31.15	-76.93	0.77714	-0.34526	0.437004	0.15	0.714	-0.144	0	217	286	3
2026-02-12	15:31:38.650	23.975	-29.05	-68.25	0.785436	-0.349164	0.433832	0.147	0.7065	-0.135	0	217	286	3
2026-02-12	15:31:38.670	36.505	-27.44	-58.625	0.828624	-0.343064	0.449692	0.1485	0.6945	-0.1335	0	217	286	3
2026-02-12	15:31:38.690	45.745	-26.005	-48.3	0.88694	-0.3233	0.456036	0.1425	0.6855	-0.132	0	217	286	3
2026-02-12	15:31:38.710	62.895	-25.41	-36.925	1.111908	-0.377956	0.514596	0.138	0.678	-0.1305	0	217	286	3
2026-02-12	15:31:38.730	93.03	-21.105	-24.045	1.37128	-0.437004	0.636108	0.135	0.675	-0.1335	0	217	286	3
2026-02-12	15:31:38.750	113.785	-7.595	-6.51	1.442284	-0.447008	0.698572	0.135	0.669	-0.1305	0	217	286	3
2026-02-12	15:31:38.770	125.65	8.715	14.77	1.36762	-0.377712	0.646112	0.1365	0.6645	-0.1395	0	217	286	3
2026-02-12	15:31:38.790	121.8	21.385	34.195	1.263188	-0.264252	0.539728	0.1485	0.6615	-0.153	0	217	286	3
2026-02-12	15:31:38.810	100.45	29.47	50.155	1.153632	-0.164944	0.449448	0.15	0.657	-0.1515	0	211	310	3
2026-02-12	15:31:38.830	74.97	33.11	62.195	1.102392	-0.140544	0.393816	0.1515	0.654	-0.156	0	211	310	3
2026-02-12	15:31:38.850	60.27	35.665	70.875	1.091168	-0.142008	0.381128	0.1545	0.663	-0.168	0	211	310	3
2026-02-12	15:31:38.870	49.385	38.535	76.895	1.081408	-0.12932	0.394548	0.159	0.6675	-0.1755	0	211	310	3
2026-02-12	15:31:38.890	31.815	42.84	80.745	1.061156	-0.12444	0.380884	0.165	0.669	-0.1815	0	211	310	3
2026-02-12	15:31:38.910	9.73	46.83	83.58	1.017236	-0.130052	0.348676	0.174	0.6795	-0.1875	0	211	310	3
2026-02-12	15:31:38.930	-15.435	49.875	87.57	0.952088	-0.153964	0.303048	0.1785	0.687	-0.1905	0	211	310	3
2026-02-12	15:31:38.950	-30.345	49.91	92.05	0.932812	-0.187392	0.257176	0.198	0.708	-0.2115	0	211	310	3
2026-02-12	15:31:38.970	-31.605	48.545	95.2	0.982832	-0.193492	0.233264	0.2145	0.714	-0.225	0	211	310	3
2026-02-12	15:31:38.990	-31.43	47.39	97.475	1.00894	-0.183	0.21594	0.2265	0.729	-0.219	0	211	310	3
2026-02-12	15:31:39.010	-34.685	46.34	98.07	1.034072	-0.18178	0.18544	0.2355	0.7335	-0.2235	0	207	340	3
2026-02-12	15:31:39.030	-35.805	45.255	98.105	1.036512	-0.206912	0.15616	0.243	0.738	-0.2265	0	207	340	3
2026-02-12	15:31:39.050	-28.525	42.245	98.14	1.02602	-0.21106	0.152012	0.2565	0.7485	-0.228	0	207	340	3
2026-02-12	15:31:39.070	-16.135	39.165	95.83	1.00772	-0.205692	0.163968	0.267	0.759	-0.2325	0	207	340	3
2026-02-12	15:31:39.090	-5.355	38.57	92.715	0.948184	-0.207156	0.17202	0.2775	0.765	-0.2415	0	207	340	3
2026-02-12	15:31:39.110	3.745	37.59	88.55	1.0004	-0.205936	0.182268	0.288	0.768	-0.243	0	207	340	3
2026-02-12	15:31:39.130	8.05	37.38	83.475	1.062376	-0.166652	0.172752	0.3015	0.7725	-0.2445	0	207	340	3
2026-02-12	15:31:39.150	-3.605	35.42	74.97	1.054324	-0.11468	0.140056	0.309	0.7785	-0.246	0	207	340	3
2026-02-12	15:31:39.170	-16.205	31.29	66.815	1.067012	-0.103456	0.127124	0.3255	0.7695	-0.255	0	207	340	3
2026-02-12	15:31:39.190	-28.91	25.34	57.225	1.069452	-0.115412	0.123952	0.339	0.783	-0.249	0	207	340	3
2026-02-12	15:31:39.210	-38.22	16.24	46.2	1.061156	-0.138836	0.116632	0.345	0.78	-0.258	0	204	339	3
2026-02-12	15:31:39.230	-40.425	4.585	32.725	1.066768	-0.177876	0.136884	0.345	0.786	-0.2475	0	204	339	3
2026-02-12	15:31:39.250	-31.22	-5.39	18.27	1.037488	-0.221064	0.183	0.348	0.7905	-0.2475	0	204	339	3
2026-02-12	15:31:39.270	-9.345	-14.42	3.115	1.051152	-0.249368	0.231312	0.354	0.7935	-0.249	0	204	339	3
2026-02-12	15:31:39.290	17.675	-22.75	-12.67	1.074332	-0.258152	0.280356	0.351	0.795	-0.2475	0	204	339	3
2026-02-12	15:31:39.310	45.885	-28.07	-25.725	1.076772	-0.27572	0.362584	0.348	0.7935	-0.249	0	204	339	3
2026-02-12	15:31:39.330	77.105	-25.795	-32.06	1.00162	-0.2379	0.440176	0.342	0.783	-0.249	0	204	339	3
2026-02-12	15:31:39.350	101.29	-17.29	-31.5	0.874496	-0.112972	0.425048	0.333	0.7725	-0.252	0	204	339	3
2026-02-12	15:31:39.370	94.99	-13.72	-29.225	0.81496	0.033672	0.324032	0.33	0.768	-0.258	0	204	339	3
2026-02-12	15:31:39.390	64.12	-14.91	-31.71	0.859856	0.097844	0.250832	0.3285	0.7485	-0.2715	0	204	339	3
2026-02-12	15:31:39.410	24.29	-15.82	-37.1	0.930128	0.10492	0.234972	0.3255	0.735	-0.2805	0	201	317	3
2026-02-12	15:31:39.430	-8.155	-12.985	-43.575	0.983564	0.074176	0.261812	0.309	0.7425	-0.2655	0	201	317	3
2026-02-12	15:31:39.450	-28.42	-7.77	-49.63	1.008696	0.05978	0.279868	0.3045	0.7335	-0.27	0	201	317	3
2026-02-12	15:31:39.470	-48.195	-1.995	-55.265	1.002352	0.017812	0.293776	0.306	0.7305	-0.2685	0	201	317	3
2026-02-12	15:31:39.490	-64.995	3.71	-60.69	0.983076	-0.049288	0.299144	0.306	0.7305	-0.267	0	201	317	3
2026-02-12	15:31:39.510	-72.52	7.875	-65.695	0.971852	-0.106872	0.310612	0.3	0.7335	-0.267	0	201	317	3
2026-02-12	15:31:39.530	-72.8	10.815	-69.51	0.957944	-0.155916	0.317932	0.294	0.7365	-0.2625	0	201	317	3
2026-02-12	15:31:39.550	-69.37	12.11	-70.84	0.915	-0.169336	0.314516	0.2925	0.738	-0.258	0	201	317	3
2026-02-12	15:31:39.570	-61.67	10.255	-71.82	0.866688	-0.166408	0.317932	0.294	0.738	-0.2565	0	201	317	3
2026-02-12	15:31:39.590	-56.455	7.98	-73.57	0.856196	-0.158112	0.325496	0.294	0.738	-0.2565	0	201	317	3
2026-02-12	15:31:39.610	-53.06	5.39	-76.055	0.868152	-0.142252	0.319152	0.288	0.747	-0.246	0	198	302	3
2026-02-12	15:31:39.630	-55.125	3.045	-79.415	0.876204	-0.132004	0.289628	0.279	0.7395	-0.246	0	198	302	3
2026-02-12	15:31:39.650	-60.865	0.175	-83.405	0.870348	-0.145668	0.247416	0.273	0.7395	-0.24	0	198	302	3
2026-02-12	15:31:39.670	-65.695	-4.27	-88.41	0.899384	-0.158112	0.230824	0.264	0.738	-0.24	0	198	302	3
2026-02-12	15:31:39.690	-68.775	-8.645	-93.765	0.918416	-0.188856	0.253516	0.2655	0.741	-0.2355	0	198	302	3
2026-02-12	15:31:39.710	-68.32	-11.655	-97.125	0.910364	-0.220088	0.28426	0.261	0.7395	-0.231	0	198	302	3
2026-02-12	15:31:39.730	-64.435	-15.295	-98.28	0.922076	-0.239852	0.304756	0.252	0.7365	-0.228	0	198	302	3
2026-02-12	15:31:39.750	-59.15	-19.495	-98.595	0.927688	-0.252296	0.318908	0.2475	0.738	-0.222	0	198	302	3
2026-02-12	15:31:39.770	-54.425	-24.43	-98.175	0.9394	-0.261324	0.337452	0.2385	0.7335	-0.2145	0	198	302	3
2026-02-12	15:31:39.790	-49.42	-29.47	-93.8	0.94062	-0.320372	0.385276	0.234	0.729	-0.21	0	198	302	3
2026-02-12	15:31:39.810	-41.615	-30.835	-87.955	0.934032	-0.346968	0.414068	0.213	0.726	-0.21	0	194	299	3
2026-02-12	15:31:39.830	-31.99	-31.92	-81.095	0.947208	-0.364048	0.434808	0.201	0.723	-0.195	0	194	299	3
2026-02-12	15:31:39.850	-22.645	-32.305	-73.185	0.953064	-0.378932	0.458232	0.1965	0.7125	-0.1935	0	194	299	3
2026-02-12	15:31:39.870	-13.09	-31.43	-63.245	0.926712	-0.393572	0.485072	0.189	0.7095	-0.1935	0	194	299	3
2026-02-12	15:31:39.890	0.77	-29.4	-50.505	0.877424	-0.41114	0.496784	0.1905	0.7035	-0.189	0	194	299	3
2026-02-12	15:31:39.910	17.43	-26.635	-34.86	0.807152	-0.413824	0.519476	0.186	0.702	-0.1875	0	194	299	3
2026-02-12	15:31:39.930	33.81	-25.13	-17.815	0.771528	-0.397476	0.536556	0.18	0.7005	-0.1845	0	194	299	3
2026-02-12	15:31:39.950	47.32	-25.62	-1.89	0.805688	-0.365756	0.538752	0.1755	0.693	-0.1815	0	194	299	3
2026-02-12	15:31:39.970	55.79	-25.76	11.62	0.876448	-0.335256	0.546316	0.174	0.6825	-0.1815	0	194	299	3
2026-02-12	15:31:39.990	65.8	-25.27	23.1	1.070428	-0.349164	0.579256	0.177	0.6765	-0.183	0	194	299	3
2026-02-12	15:31:40.010	80.78	-16.87	33.145	1.152412	-0.364048	0.623908	0.18	0.6765	-0.1845	0	190	317	3
2026-02-12	15:31:40.030	93.66	-3.99	41.51	1.16266	-0.37576	0.607316	0.1665	0.6705	-0.18	0	190	317	3
2026-02-12	15:31:40.050	106.68	10.57	48.51	1.173152	-0.34892	0.52826	0.174	0.6645	-0.189	0	190	317	3
2026-02-12	15:31:40.070	115.29	23.1	54.32	1.22976	-0.313784	0.452864	0.174	0.6615	-0.189	0	190	317	3
2026-02-12	15:31:40.090	121.975	34.125	58.205	1.315648	-0.287676	0.422608	0.1785	0.648	-0.195	0	190	317	3
2026-02-12	15:31:40.110	125.545	45.78	62.23	1.338828	-0.241804	0.415288	0.183	0.651	-0.2055	0	190	317	3
2026-02-12	15:31:40.130	115.78	57.26	67.69	1.27002	-0.166164	0.401624	0.1845	0.645	-0.213	0	190	317	3
2026-02-12	15:31:40.150	89.775	65.45	73.465	1.159	-0.09028	0.366488	0.192	0.6375	-0.222	0	190	317	3
2026-02-12	15:31:40.170	51.975	69.86	79.8	1.030656	-0.044408	0.328668	0.1995	0.6375	-0.2265	0	190	317	3
2026-02-12	15:31:40.190	12.81	69.93	87.29	0.931348	-0.04636	0.295972	0.204	0.6405	-0.2325	0	190	317	3
2026-02-12	15:31:40.210	-33.005	61.67	97.965	0.894016	-0.059292	0.263276	0.207	0.642	-0.2355	0	189	350	3
2026-02-12	15:31:40.230	-56.91	52.43	103.6	0.920368	-0.0976	0.235948	0.207	0.642	-0.2355	0	189	350	3
2026-02-12	15:31:40.250	-75.32	42.63	108.57	0.960628	-0.132736	0.203984	0.231	0.675	-0.2475	0	189	350	3
2026-02-12	15:31:40.270	-89.005	36.015	111.965	0.963312	-0.189832	0.175192	0.2325	0.6915	-0.249	0	189	350	3
2026-02-12	15:31:40.290	-89.635	32.41	112.91	0.977952	-0.241072	0.152256	0.2535	0.717	-0.2535	0	189	350	3
2026-02-12	15:31:40.310	-78.575	28.805	111.615	0.939156	-0.261324	0.142008	0.252	0.7305	-0.243	0	189	350	3
2026-02-12	15:31:40.330	-58.555	25.76	107.94	0.90036	-0.285724	0.144204	0.255	0.738	-0.2445	0	189	350	3
2026-02-12	15:31:40.350	-30.38	22.785	100.45	0.957456	-0.30256	0.153232	0.264	0.747	-0.2445	0	189	350	3
2026-02-12	15:31:40.370	0.105	23.17	89.81	1.036512	-0.290848	0.166164	0.276	0.7605	-0.2415	0	189	350	3
2026-02-12	15:31:40.390	24.045	26.145	79.415	1.068232	-0.232776	0.158112	0.2865	0.7725	-0.2445	0	189	350	3
2026-02-12	15:31:40.410	32.445	27.335	70.525	1.055544	-0.159332	0.120292	0.2955	0.7725	-0.249	0	191	356	3
2026-02-12	15:31:40.430	23.135	21.28	52.29	1.071892	-0.087108	0.085644	0.303	0.774	-0.2505	0	191	356	3
2026-02-12	15:31:40.450	8.435	13.125	35.28	1.110688	-0.094916	0.104676	0.309	0.777	-0.258	0	191	356	3
2026-02-12	15:31:40.470	-7.875	4.165	17.36	1.136308	-0.127368	0.152988	0.315	0.7845	-0.261	0	191	356	3
2026-02-12	15:31:40.490	-17.92	-5.285	0.805	1.131672	-0.181536	0.20496	0.3135	0.783	-0.261	0	191	356	3
2026-02-12	15:31:40.510	-13.3	-15.295	-13.51	1.0797	-0.234484	0.256688	0.312	0.7755	-0.258	0	191	356	3
2026-02-12	15:31:40.530	4.97	-24.465	-24.15	0.967704	-0.26596	0.315492	0.303	0.7845	-0.261	0	191	356	3
2026-02-12	15:31:40.550	36.015	-31.36	-29.575	0.880352	-0.303048	0.399428	0.2985	0.783	-0.2535	0	191	356	3
2026-02-12	15:31:40.570	82.495	-32.9	-29.61	0.872788	-0.284992	0.489464	0.3	0.7785	-0.2505	0	191	356	3
2026-02-12	15:31:40.590	129.885	-27.965	-26.005	0.8601	-0.187636	0.4941	0.294	0.7725	-0.258	0	191	356	3
2026-02-12	15:31:40.610	157.185	-24.325	-20.475	0.8479	-0.065636	0.424804	0.285	0.7575	-0.2685	0	194	336	3
2026-02-12	15:31:40.630	137.445	-24.92	-19.39	0.95282	0.035624	0.359168	0.285	0.7395	-0.2775	0	194	336	3
2026-02-12	15:31:40.650	80.99	-21.735	-25.34	1.05042	0.063196	0.321348	0.282	0.7335	-0.2775	0	194	336	3
2026-02-12	15:31:40.670	30.87	-16.87	-31.71	1.071892	0.073932	0.290116	0.2715	0.7065	-0.282	0	194	336	3
2026-02-12	15:31:40.690	-9.94	-10.08	-36.75	1.056032	0.037088	0.264984	0.2625	0.696	-0.288	0	194	336	3
2026-02-12	15:31:40.710	-35.875	-5.425	-39.83	1.038952	0.0122	0.273524	0.2595	0.6915	-0.297	0	194	336	3
2026-02-12	15:31:40.730	-55.51	-1.015	-41.615	0.993568	-0.030988	0.316956	0.2565	0.693	-0.297	0	194	336	3
2026-02-12	15:31:40.750	-67.865	3.395	-41.755	0.935496	-0.095892	0.337208	0.261	0.6975	-0.2865	0	194	336	3
2026-02-12	15:31:40.770	-72.135	6.02	-40.74	0.892308	-0.118096	0.327204	0.261	0.6975	-0.279	0	194	336	3
2026-02-12	15:31:40.790	-73.92	7.385	-40.635	0.880352	-0.124928	0.303048	0.2535	0.702	-0.2805	0	194	336	3
2026-02-12	15:31:40.810	-74.62	7.805	-42.245	0.892308	-0.14152	0.290116	0.2475	0.7125	-0.2775	0	196	321	3
2026-02-12	15:31:40.830	-76.65	7.945	-44.94	0.889136	-0.141764	0.269864	0.249	0.717	-0.273	0	196	321	3
2026-02-12	15:31:40.850	-84.63	7.245	-52.115	0.876204	-0.14762	0.234484	0.249	0.717	-0.2745	0	196	321	3
2026-02-12	15:31:40.870	-87.57	5.53	-58.695	0.89548	-0.185684	0.2074	0.249	0.717	-0.2745	0	196	321	3
2026-02-12	15:31:40.890	-82.81	2.8	-65.345	0.922564	-0.233508	0.219356	0.243	0.723	-0.2715	0	196	321	3
2026-02-12	15:31:40.910	-69.16	-0.105	-70.21	0.920124	-0.27938	0.250832	0.243	0.732	-0.252	0	196	321	3
2026-02-12	15:31:40.930	-51.17	-3.29	-72.73	0.907192	-0.284992	0.280356	0.2325	0.7395	-0.2505	0	196	321	3
2026-02-12	15:31:40.950	-36.33	-7.14	-74.095	0.895724	-0.270596	0.299144	0.231	0.729	-0.249	0	196	321	3
2026-02-12	15:31:40.970	-27.16	-11.585	-75.075	0.881084	-0.262788	0.32086	0.234	0.7275	-0.2385	0	196	321	3
2026-02-12	15:31:40.990	-27.545	-15.435	-74.76	0.877668	-0.273524	0.35258	0.2265	0.726	-0.243	0	196	321	3
2026-02-12	15:31:41.010	-35.7	-18.48	-72.94	0.86254	-0.277184	0.381372	0.2145	0.723	-0.246	0	197	313	2
2026-02-12	15:31:41.030	-43.575	-20.93	-70.63	0.817888	-0.29158	0.409188	0.2055	0.7185	-0.243	0	197	313	2
2026-02-12	15:31:41.050	-48.72	-24.115	-68.6	0.734928	-0.31964	0.449692	0.201	0.7155	-0.2415	0	197	313	2
2026-02-12	15:31:41.070	-69.965	-36.47	-64.47	0.626592	-0.44408	0.547048	0.201	0.714	-0.243	0	197	313	2
2026-02-12	15:31:41.090	-76.23	-46.935	-60.97	0.645868	-0.589504	0.632692	0.183	0.705	-0.228	0	197	313	2
2026-02-12	15:31:41.110	-50.085	-49.28	-56.665	0.68686	-0.727364	0.690032	0.1785	0.708	-0.219	0	197	313	2
2026-02-12	15:31:41.130	0.805	-42.665	-49.875	0.782996	-0.787876	0.687348	0.1635	0.708	-0.2115	0	197	313	2
2026-02-12	15:31:41.150	45.99	-30.275	-39.655	0.845216	-0.744688	0.638792	0.153	0.699	-0.1965	0	197	313	2
2026-02-12	15:31:41.170	57.365	-16.275	-26.425	0.831308	-0.630252	0.560712	0.1575	0.6975	-0.201	0	197	313	2
2026-02-12	15:31:41.190	42.105	-4.375	-10.85	0.700524	-0.55266	0.41602	0.141	0.69	-0.204	0	197	313	2
2026-02-12	15:31:41.210	28.035	-3.85	4.55	0.6649	-0.477264	0.255956	0.1455	0.684	-0.1995	0	198	328	3
2026-02-12	15:31:41.230	33.6	-12.845	12.565	0.933788	-0.509228	0.235216	0.15	0.681	-0.201	0	198	328	3
2026-02-12	15:31:41.250	75.18	-14.105	11.9	1.313696	-0.629276	0.463356	0.1425	0.684	-0.201	0	198	328	3
2026-02-12	15:31:41.270	132.23	5.565	23.835	1.504016	-0.577304	0.622688	0.1395	0.675	-0.198	0	198	328	3
2026-02-12	15:31:41.290	142.45	27.51	42.84	1.436428	-0.428952	0.577548	0.141	0.6675	-0.201	0	198	328	3
2026-02-12	15:31:41.310	123.27	37.59	51.1	1.38104	-0.340868	0.449204	0.15	0.6615	-0.2175	0	198	328	3
2026-02-12	15:31:41.330	95.76	44.765	58.1	1.35786	-0.311344	0.3843	0.1485	0.6585	-0.2145	0	198	328	3
2026-02-12	15:31:41.350	71.085	51.1	67.515	1.278804	-0.293288	0.342088	0.1575	0.657	-0.222	0	198	328	3
2026-02-12	15:31:41.370	53.235	53.305	78.47	1.155096	-0.238876	0.303048	0.174	0.663	-0.24	0	198	328	3
2026-02-12	15:31:41.390	34.86	52.71	88.62	1.057496	-0.179828	0.277916	0.174	0.6645	-0.249	0	198	328	3
2026-02-12	15:31:41.410	12.425	51.24	98.56	0.973316	-0.155916	0.24278	0.174	0.663	-0.2535	0	205	355	3
2026-02-12	15:31:41.430	-11.585	47.705	109.585	0.887428	-0.161528	0.207156	0.1785	0.6765	-0.2565	0	205	355	3
2026-02-12	15:31:41.450	-28.7	40.635	119.98	0.844728	-0.175192	0.178608	0.192	0.6915	-0.264	0	205	355	3
2026-02-12	15:31:41.470	-34.65	32.655	127.96	0.843264	-0.199348	0.155916	0.207	0.7005	-0.2655	0	205	355	3
2026-02-12	15:31:41.490	-22.715	22.05	131.565	0.972828	-0.213744	0.146156	0.213	0.7095	-0.2625	0	205	355	3
2026-02-12	15:31:41.510	-13.09	18.025	128.205	1.023092	-0.199592	0.142984	0.213	0.7095	-0.2625	0	205	355	3
2026-02-12	15:31:41.530	-8.68	17.15	121.275	0.988688	-0.207644	0.128832	0.255	0.7485	-0.264	0	205	355	3
2026-02-12	15:31:41.550	-2.24	14.91	110.32	0.964288	-0.228628	0.11956	0.2535	0.7635	-0.2655	0	205	355	3
2026-02-12	15:31:41.570	6.58	12.705	96.67	0.921832	-0.24034	0.122244	0.2625	0.7605	-0.273	0	205	355	3
2026-02-12	15:31:41.590	16.24	12.075	81.655	0.888648	-0.242536	0.140788	0.279	0.7755	-0.2685	0	205	355	3
2026-02-12	15:31:41.610	24.115	12.915	66.325	0.887916	-0.218624	0.157868	0.2925	0.771	-0.2745	0	216	355	3
2026-02-12	15:31:41.630	25.935	13.37	51.52	0.9089	-0.175924	0.149328	0.294	0.7785	-0.282	0	216	355	3
2026-02-12	15:31:41.650	22.12	10.78	37.205	0.942084	-0.139324	0.115412	0.294	0.783	-0.279	0	216	355	3
2026-02-12	15:31:41.670	13.79	5.215	22.47	0.951844	-0.116632	0.096868	0.2955	0.7815	-0.2745	0	216	355	3
2026-02-12	15:31:41.690	4.76	-2.975	6.72	0.96136	-0.127124	0.111508	0.3	0.7815	-0.2775	0	216	355	3
2026-02-12	15:31:41.710	-1.82	-17.675	-18.865	1.003328	-0.191296	0.183976	0.303	0.7875	-0.282	0	216	355	3
2026-02-12	15:31:41.730	5.81	-26.705	-37.24	1.049688	-0.250344	0.2379	0.3	0.777	-0.276	0	216	355	3
2026-02-12	15:31:41.750	24.29	-33.46	-54.04	1.065548	-0.292068	0.286212	0.285	0.78	-0.279	0	216	355	3
2026-02-12	15:31:41.770	52.955	-39.55	-67.69	1.114592	-0.313784	0.341356	0.279	0.777	-0.2745	0	216	355	3
2026-02-12	15:31:41.790	89.565	-41.475	-76.265	1.12118	-0.336232	0.421876	0.2745	0.759	-0.2805	0	216	355	3
2026-02-12	15:31:41.810	130.06	-37.415	-76.755	1.04676	-0.294264	0.485804	0.2595	0.7455	-0.2805	0	224	329	3
2026-02-12	15:31:41.830	159.81	-31.535	-70.175	0.93452	-0.201788	0.500932	0.2535	0.7245	-0.2895	0	224	329	3
2026-02-12	15:31:41.850	170.73	-24.57	-58.345	0.841068	-0.14152	0.472628	0.249	0.696	-0.3015	0	224	329	3
2026-02-12	15:31:41.870	161.98	-24.29	-45.045	0.80154	-0.053192	0.45994	0.24	0.687	-0.303	0	224	329	3
2026-02-12	15:31:41.890	133.385	-26.215	-35.105	0.821548	0.007808	0.460428	0.2325	0.6765	-0.3045	0	224	329	3
2026-02-12	15:31:41.910	81.795	-27.545	-31.29	0.931104	0.08686399	0.454572	0.231	0.657	-0.309	0	224	329	3
2026-02-12	15:31:41.930	21.385	-24.99	-34.58	1.017968	0.114924	0.432856	0.2295	0.642	-0.3135	0	224	329	3
2026-02-12	15:31:41.950	-22.33	-19.635	-39.55	1.034072	0.07198	0.395768	0.2295	0.6195	-0.3135	0	224	329	3
2026-02-12	15:31:41.970	-54.6	-14.63	-44.1	1.03822	0.030988	0.378932	0.2175	0.6165	-0.306	0	224	329	3
2026-02-12	15:31:41.990	-79.905	-8.995	-46.97	1.01138	-0.029768	0.380152	0.2145	0.624	-0.3	0	224	329	3
2026-02-12	15:31:42.010	-98.35	-4.13	-47.565	0.959164	-0.092964	0.393816	0.216	0.636	-0.3	0	231	320	3
2026-02-12	15:31:42.030	-107.835	0.21	-46.025	0.906216	-0.152744	0.409432	0.2115	0.6375	-0.297	0	231	320	3
2026-02-12	15:31:42.050	-107.415	2.38	-41.335	0.869616	-0.18788	0.398208	0.207	0.6405	-0.297	0	231	320	3
2026-02-12	15:31:42.070	-99.015	2.94	-35.175	0.868396	-0.19398	0.377224	0.201	0.648	-0.297	0	231	320	3
2026-02-12	15:31:42.090	-87.675	3.22	-30.38	0.87962	-0.171776	0.3538	0.1995	0.6555	-0.2895	0	231	320	3
2026-02-12	15:31:42.110	-79.52	3.5	-27.545	0.893772	-0.167384	0.327204	0.2025	0.6675	-0.2865	0	231	320	3
2026-02-12	15:31:42.130	-70.91	3.43	-25.095	0.91378	-0.157868	0.301828	0.2055	0.6705	-0.291	0	231	320	3
2026-02-12	15:31:42.150	-67.935	2.8	-25.095	0.901336	-0.149328	0.282064	0.2055	0.6705	-0.291	0	231	320	3
2026-02-12	15:31:42.170	-65.835	1.155	-27.195	0.882304	-0.15372	0.288408	0.207	0.6885	-0.282	0	231	320	3
2026-02-12	15:31:42.190	-61.81	-1.12	-30.94	0.880108	-0.177144	0.307196	0.21	0.6855	-0.276	0	231	320	3
2026-02-12	15:31:42.210	-55.86	-3.045	-35.56	0.877668	-0.18666	0.330132	0.2025	0.693	-0.2595	0	232	327	2
2026-02-12	15:31:42.230	-52.22	-4.69	-41.02	0.890112	-0.182756	0.35014	0.1965	0.693	-0.27	0	232	327	2
2026-02-12	15:31:42.250	-53.55	-6.44	-47.985	0.940376	-0.18788	0.315004	0.1815	0.696	-0.273	0	232	327	2
2026-02-12	15:31:42.270	-60.935	-8.12	-53.62	0.934032	-0.173728	0.255712	0.192	0.696	-0.2655	0	232	327	2
2026-02-12	15:31:42.290	-69.405	-8.89	-56.91	0.819596	-0.171776	0.173728	0.189	0.693	-0.264	0	232	327	2
2026-02-12	15:31:42.310	-77.7	-12.46	-58.975	0.724924	-0.183976	0.124928	0.1845	0.6945	-0.2565	0	232	327	2
2026-02-12	15:31:42.330	-84.7	-17.465	-60.095	0.657824	-0.225944	0.133468	0.1815	0.699	-0.249	0	232	327	2
2026-02-12	15:31:42.350	-88.375	-31.255	-60.095	0.604144	-0.325984	0.237656	0.1815	0.699	-0.2505	0	232	327	2
2026-02-12	15:31:42.370	-85.26	-39.9	-58.38	0.629764	-0.419192	0.32208	0.162	0.708	-0.2325	0	232	327	2
2026-02-12	15:31:42.390	-69.37	-44.135	-55.475	0.665388	-0.496052	0.388692	0.165	0.7065	-0.222	0	232	327	2
2026-02-12	15:31:42.410	-41.09	-45.185	-50.925	0.729804	-0.52094	0.421632	0.147	0.711	-0.216	0	230	330	2
2026-02-12	15:31:42.430	-9.205	-46.865	-45.185	0.797148	-0.498492	0.370636	0.141	0.702	-0.219	0	230	330	2
2026-02-12	15:31:42.450	27.72	-54.215	-43.645	1.055788	-0.53314	0.408212	0.1425	0.699	-0.1965	0	230	330	2
2026-02-12	15:31:42.470	72.31	-53.9	-44.835	1.312232	-0.640988	0.599752	0.1215	0.6885	-0.1935	0	230	330	2
2026-02-12	15:31:42.490	123.97	-42.455	-38.675	1.506212	-0.699792	0.829112	0.123	0.684	-0.186	0	230	330	2
2026-02-12	15:31:42.510	159.18	-15.4	-19.845	1.422764	-0.58682	0.80764	0.1215	0.6795	-0.1875	0	230	330	2
2026-02-12	15:31:42.530	164.955	5.46	-0.28	1.354688	-0.316468	0.571448	0.1155	0.663	-0.1905	0	230	330	2
2026-02-12	15:31:42.550	129.675	20.58	18.83	1.376648	-0.202764	0.430416	0.114	0.645	-0.1935	0	230	330	2
2026-02-12	15:31:42.570	95.69	34.37	37.695	1.30052	-0.19032	0.448228	0.1155	0.6375	-0.1965	0	230	330	2
2026-02-12	15:31:42.590	76.51	42.175	54.775	1.17608	-0.14274	0.465308	0.1215	0.6255	-0.2085	0	230	330	2
2026-02-12	15:31:42.610	51.94	45.01	71.085	1.060424	-0.057828	0.454816	0.1215	0.6225	-0.222	0	230	344	3
2026-02-12	15:31:42.630	10.465	45.92	84	0.942816	-0.049044	0.403576	0.123	0.6315	-0.237	0	230	344	3
2026-02-12	15:31:42.650	-27.825	43.715	95.235	0.843264	-0.089548	0.342332	0.135	0.633	-0.237	0	230	344	3
2026-02-12	15:31:42.670	-54.915	37.66	105.77	0.792512	-0.150792	0.2989	0.1395	0.648	-0.2385	0	230	344	3
2026-02-12	15:31:42.690	-63.98	31.15	116.9	0.812764	-0.197396	0.2623	0.1455	0.6735	-0.243	0	230	344	3
2026-02-12	15:31:42.710	-59.5	27.51	127.855	0.811544	-0.199348	0.2318	0.1665	0.684	-0.243	0	230	344	3
2026-02-12	15:31:42.730	-49.385	25.795	134.855	0.825696	-0.197396	0.20618	0.168	0.696	-0.24	0	230	344	3
2026-02-12	15:31:42.750	-36.05	24.045	136.605	0.8845	-0.202032	0.190808	0.174	0.717	-0.2385	0	230	344	3
2026-02-12	15:31:42.770	-15.05	24.43	131.6	1.040172	-0.20618	0.194712	0.177	0.7275	-0.24	0	230	344	3
2026-02-12	15:31:42.790	-3.045	25.62	121.66	1.079944	-0.071492	0.171044	0.177	0.7275	-0.24	0	230	344	3
2026-02-12	15:31:42.810	-8.96	26.25	100.17	0.997228	0.11346	0.18788	0.2175	0.7695	-0.243	0	234	357	3
2026-02-12	15:31:42.830	-31.255	28.35	72.73	0.978684	0.04636	0.145424	0.2265	0.7905	-0.249	0	234	357	3
2026-02-12	15:31:42.850	-53.27	27.02	46.375	1.054568	-0.044408	0.144204	0.234	0.786	-0.243	0	234	357	3
2026-02-12	15:31:42.870	-68.32	27.16	23.625	1.081896	-0.155672	0.138348	0.243	0.801	-0.2475	0	234	357	3
2026-02-12	15:31:42.890	-69.195	25.235	3.5	1.109956	-0.17568	0.14396	0.2415	0.8025	-0.2415	0	234	357	3
2026-02-12	15:31:42.910	-63.84	20.475	-18.55	1.16022	-0.149572	0.14152	0.2445	0.8205	-0.237	0	234	357	3
2026-02-12	15:31:42.930	-49.665	14.35	-39.865	1.179496	-0.19764	0.1342	0.2445	0.822	-0.225	0	234	357	3
2026-02-12	15:31:42.950	-21.595	5.145	-58.24	1.18706	-0.213988	0.1525	0.2415	0.8175	-0.222	0	234	357	3
2026-02-12	15:31:42.970	9.45	-3.255	-73.325	1.1285	-0.243756	0.202276	0.2385	0.816	-0.219	0	234	357	3
2026-02-12	15:31:42.990	62.545	-13.09	-77.525	1.010892	-0.307928	0.301584	0.2385	0.8175	-0.219	0	234	357	3
2026-02-12	15:31:43.010	106.295	-13.475	-66.99	0.957456	-0.27816	0.382348	0.219	0.7935	-0.2205	0	238	342	3
2026-02-12	15:31:43.030	135.73	-12.075	-50.645	0.919148	-0.12444	0.366488	0.2085	0.7845	-0.234	0	238	342	3
2026-02-12	15:31:43.050	125.265	-12.67	-36.61	0.915732	0.112728	0.249368	0.2115	0.768	-0.237	0	238	342	3
2026-02-12	15:31:43.070	74.025	-13.685	-33.145	0.96624	0.315248	0.1891	0.201	0.7455	-0.2475	0	238	342	3
2026-02-12	15:31:43.090	7	-10.745	-37.555	1.02724	0.2623	0.134688	0.1995	0.7425	-0.258	0	238	342	3
2026-02-12	15:31:43.110	-36.26	-8.505	-44.03	1.09312	0.215696	0.136884	0.204	0.738	-0.2535	0	238	342	3
2026-02-12	15:31:43.130	-67.48	-4.445	-48.93	1.096536	0.177388	0.151036	0.195	0.7335	-0.2535	0	238	342	3
2026-02-12	15:31:43.150	-97.475	-0.595	-51.45	1.06506	0.0915	0.158112	0.192	0.7425	-0.258	0	238	342	3
2026-02-12	15:31:43.170	-117.04	0.35	-51.275	1.057984	-0.020496	0.18666	0.1905	0.7455	-0.2475	0	238	342	3
2026-02-12	15:31:43.190	-113.435	-0.175	-48.755	1.009184	-0.160552	0.228628	0.1905	0.747	-0.2355	0	238	342	3
2026-02-12	15:31:43.210	-85.715	-1.89	-44.87	0.974292	-0.2501	0.287432	0.1905	0.747	-0.2355	0	242	314	3
2026-02-12	15:31:43.230	-54.74	-1.82	-42.07	0.941108	-0.238876	0.325252	0.1845	0.756	-0.2205	0	242	314	3
2026-02-12	15:31:43.250	-28.56	-0.945	-41.055	0.912072	-0.222528	0.319884	0.1725	0.756	-0.21	0	242	314	3
2026-02-12	15:31:43.270	-8.715	0.245	-42.175	0.887184	-0.19276	0.293532	0.1725	0.756	-0.207	0	242	314	3
2026-02-12	15:31:43.290	1.015	0.98	-46.13	0.85766	-0.157868	0.256688	0.1635	0.762	-0.213	0	242	314	3
2026-02-12	15:31:43.310	-0.63	-0.35	-53.06	0.841556	-0.133712	0.228384	0.1605	0.741	-0.2175	0	242	314	3
2026-02-12	15:31:43.330	0.7	4.27	-60.34	0.86864	-0.283528	0.191052	0.1725	0.747	-0.2145	0	242	314	3
2026-02-12	15:31:43.350	33.005	9.275	-65.905	0.798368	-0.281088	0.182756	0.153	0.735	-0.2175	0	242	314	3
2026-02-12	15:31:43.370	51.52	-1.855	-72.52	0.837652	-0.190808	0.212768	0.1545	0.7275	-0.219	0	242	314	3
2026-02-12	15:31:43.390	42.7	-7.385	-77.735	0.827404	-0.149084	0.251808	0.1515	0.714	-0.222	0	242	314	3
2026-02-12	15:31:43.410	18.27	-17.99	-79.205	0.826672	-0.133468	0.322812	0.1485	0.708	-0.225	0	244	291	3
2026-02-12	15:31:43.430	5.495	-25.935	-76.685	0.842288	-0.105652	0.369416	0.1485	0.708	-0.225	0	244	291	3
2026-02-12	15:31:43.450	-7.035	-32.48	-72.8	0.894016	-0.072712	0.425292	0.1275	0.675	-0.2235	0	244	291	3
2026-02-12	15:31:43.470	-26.32	-37.485	-67.69	0.939888	-0.056852	0.45628	0.1215	0.672	-0.219	0	244	291	3
2026-02-12	15:31:43.490	-54.145	-40.075	-62.335	1.009916	-0.099552	0.448716	0.1185	0.6735	-0.2085	0	244	291	3
2026-02-12	15:31:43.510	-69.09	-27.86	-55.825	1.084092	-0.22692	0.442128	0.114	0.663	-0.204	0	244	291	3
2026-02-12	15:31:43.530	-44.205	-11.235	-48.16	1.062376	-0.340624	0.407724	0.1065	0.6585	-0.2055	0	244	291	3
2026-02-12	15:31:43.550	-2.87	-19.18	-41.09	1.0797	-0.22204	0.416996	0.102	0.6555	-0.192	0	244	291	3
2026-02-12	15:31:43.570	1.19	-25.165	-35.945	1.047248	-0.17568	0.440176	0.102	0.6555	-0.186	0	244	291	3
2026-02-12	15:31:43.590	-11.725	-28.56	-30.87	0.979416	-0.172752	0.449692	0.102	0.657	-0.1875	0	244	291	3
2026-02-12	15:31:43.610	-22.75	-32.13	-24.85	0.888892	-0.136152	0.464576	0.1005	0.6525	-0.186	0	243	291	3
2026-02-12	15:31:43.630	-52.01	-37.625	-17.01	0.753472	-0.087108	0.459452	0.099	0.6465	-0.183	0	243	291	3
2026-02-12	15:31:43.650	-88.41	-47.285	-13.86	0.693204	-0.07686	0.448228	0.0855	0.648	-0.174	0	243	291	3
2026-02-12	15:31:43.670	-130.865	-51.345	-11.34	0.709796	-0.155428	0.432612	0.0855	0.648	-0.1695	0	243	291	3
2026-02-12	15:31:43.690	-153.3	-50.61	-8.855	0.752008	-0.213256	0.383324	0.081	0.6525	-0.147	0	243	291	3
2026-02-12	15:31:43.710	-143.745	-50.05	-5.775	0.905484	-0.331108	0.437492	0.078	0.6675	-0.141	0	243	291	3
2026-02-12	15:31:43.730	-99.33	-45.115	-3.57	1.21512	-0.453352	0.664168	0.066	0.6735	-0.129	0	243	291	3
2026-02-12	15:31:43.750	-53.515	-27.58	2.205	1.45302	-0.360144	0.783972	0.066	0.678	-0.1095	0	243	291	3
2026-02-12	15:31:43.770	-56.28	-6.3	15.785	1.339804	-0.172996	0.5795	0.0675	0.678	-0.105	0	243	291	3
2026-02-12	15:31:43.790	-83.055	8.33	29.505	1.155828	-0.218624	0.4209	0.0645	0.6795	-0.102	0	243	291	3
2026-02-12	15:31:43.810	-76.825	14.63	40.53	1.168272	-0.254736	0.464332	0.0645	0.6885	-0.1005	0	242	317	3
2026-02-12	15:31:43.830	-79.765	21.98	51.485	1.178032	-0.08174	0.364048	0.066	0.6975	-0.1005	0	242	317	3
2026-02-12	15:31:43.850	-144.375	11.935	53.62	1.211704	-0.061488	0.061	0.066	0.6975	-0.1005	0	242	317	3
2026-02-12	15:31:43.870	-165.095	25.585	54.285	1.051152	-0.540216	-0.053924	0.081	0.7275	-0.1005	0	242	317	3
2026-02-12	15:31:43.890	-66.29	12.425	63.14	0.91012	-0.480192	0.004148	0.084	0.7395	-0.099	0	242	317	3
2026-02-12	15:31:43.910	15.05	4.445	71.54	0.846192	-0.231312	0.093452	0.087	0.7455	-0.0915	0	242	317	3
2026-02-12	15:31:43.930	37.555	2.73	81.935	0.826672	-0.232044	0.13298	0.0975	0.759	-0.093	0	242	317	3
2026-02-12	15:31:43.950	83.265	-4.27	110.74	0.941596	-0.164944	0.2989	0.1005	0.7755	-0.093	0	242	317	3
2026-02-12	15:31:43.970	103.74	4.69	116.655	0.864248	0.224236	0.247904	0.1065	0.777	-0.099	0	242	317	3
2026-02-12	15:31:43.990	62.37	15.26	117.39	0.871568	-0.329888	0.172996	0.123	0.7905	-0.1035	0	242	317	3
2026-02-12	15:31:44.010	113.75	7.245	131.425	0.945988	0.000488	0.175192	0.1305	0.804	-0.114	0	242	332	3
2026-02-12	15:31:44.030	98.945	6.895	127.925	0.969412	-0.03538	0.1098	0.1365	0.807	-0.1185	0	242	332	3
2026-02-12	15:31:44.050	57.925	0.875	114.03	1.047492	-0.207888	0.117608	0.144	0.8115	-0.123	0	242	332	3
2026-02-12	15:31:44.070	47.915	-6.37	102.76	1.165588	-0.31232	0.1159	0.165	0.831	-0.1395	0	242	332	3
2026-02-12	15:31:44.090	60.13	-7.28	91.595	1.24684	-0.185684	0.140544	0.1725	0.843	-0.147	0	242	332	3
2026-02-12	15:31:44.110	63.875	0.595	77.385	1.188524	-0.149328	0.118584	0.186	0.846	-0.147	0	242	332	3
2026-02-12	15:31:44.130	58.345	5.705	61.53	1.150216	-0.14884	0.11224	0.1845	0.849	-0.165	0	242	332	3
2026-02-12	15:31:44.150	52.08	7.455	45.57	1.134112	-0.14396	0.118584	0.192	0.8565	-0.1635	0	242	332	3
2026-02-12	15:31:44.170	44.415	5.565	26.845	1.207312	-0.13786	0.14518	0.2025	0.852	-0.1755	0	242	332	3
2026-02-12	15:31:44.190	32.48	2.8	6.895	1.22122	-0.132736	0.149572	0.21	0.8505	-0.183	0	242	332	3
2026-02-12	15:31:44.210	21.945	-4.69	-13.79	1.25904	-0.165188	0.159576	0.2115	0.8475	-0.1785	0	245	314	3
2026-02-12	15:31:44.230	20.79	-13.195	-33.95	1.21878	-0.213256	0.199104	0.2055	0.846	-0.18	0	245	314	3
2026-02-12	15:31:44.250	44.03	-20.195	-47.46	1.05774	-0.284748	0.333548	0.201	0.8415	-0.183	0	245	314	3
2026-02-12	15:31:44.270	80.535	-20.09	-48.23	0.91134	-0.202764	0.44408	0.2025	0.8385	-0.183	0	245	314	3
2026-02-12	15:31:44.290	101.675	-12.25	-44.59	0.8357	-0.03538	0.482876	0.1875	0.825	-0.201	0	245	314	3
2026-02-12	15:31:44.310	101.01	1.47	-43.75	0.8052	0.124928	0.419436	0.1725	0.8115	-0.201	0	245	314	3
2026-02-12	15:31:44.330	62.3	11.34	-47.18	0.791292	0.274012	0.253516	0.1815	0.7965	-0.213	0	245	314	3
2026-02-12	15:31:44.350	-10.36	17.22	-55.685	0.861076	0.326228	0.127856	0.174	0.78	-0.222	0	245	314	3
2026-02-12	15:31:44.370	-84.315	20.405	-65.31	0.944036	0.269864	0.02806	0.168	0.777	-0.2235	0	245	314	3
2026-02-12	15:31:44.390	-133.7	19.145	-71.575	1.017968	0.219112	0.00366	0.165	0.78	-0.2265	0	245	314	3
2026-02-12	15:31:44.410	-162.085	20.895	-73.885	1.089704	0.119072	0.042456	0.1605	0.792	-0.216	0	248	287	3
2026-02-12	15:31:44.430	-175.735	23.59	-71.19	1.101416	0.044164	0.096136	0.1635	0.7905	-0.201	0	248	287	3
2026-02-12	15:31:44.450	-180.495	24.325	-62.335	1.05408	-0.033672	0.116388	0.156	0.795	-0.198	0	248	287	3
2026-02-12	15:31:44.470	-164.465	24.01	-51.24	0.987468	-0.084912	0.150548	0.1485	0.7995	-0.195	0	248	287	3
2026-02-12	15:31:44.490	-133.945	25.025	-45.15	0.934032	-0.107848	0.170556	0.1485	0.7995	-0.195	0	248	287	3
2026-02-12	15:31:44.510	-111.09	25.69	-44.275	0.907192	-0.103456	0.169824	0.1425	0.81	-0.159	0	248	287	3
2026-02-12	15:31:44.530	-92.785	25.375	-45.255	0.884256	-0.089304	0.15982	0.132	0.8205	-0.1455	0	248	287	3
2026-02-12	15:31:44.550	-82.32	23.24	-49.77	0.896944	-0.036356	0.143716	0.1425	0.819	-0.1395	0	248	287	3
2026-02-12	15:31:44.570	-77.84	20.615	-56.945	0.911828	-0.067832	0.105652	0.132	0.8175	-0.138	0	248	287	3
2026-02-12	15:31:44.590	-74.9	17.08	-62.72	0.889136	-0.109312	0.077836	0.1305	0.819	-0.1395	0	248	287	3
2026-02-12	15:31:44.610	-68.53	12.18	-66.395	0.885964	-0.180804	0.099064	0.1245	0.8145	-0.1365	0	250	256	2
2026-02-12	15:31:44.630	-53.655	8.54	-67.97	0.902556	-0.234484	0.14396	0.1245	0.8145	-0.123	0	250	256	2
2026-02-12	15:31:44.650	-32.83	5.95	-68.95	0.948428	-0.240096	0.164456	0.1155	0.8055	-0.1185	0	250	256	2
2026-02-12	15:31:44.670	-5.67	1.925	-71.015	0.972828	-0.2379	0.179096	0.114	0.7995	-0.117	0	250	256	2
2026-02-12	15:31:44.690	38.78	-5.25	-71.085	1.02114	-0.29158	0.24278	0.1125	0.795	-0.117	0	250	256	2
2026-02-12	15:31:44.710	62.23	-9.8	-66.465	1.024068	-0.282064	0.285968	0.0975	0.7725	-0.1245	0	250	256	2
2026-02-12	15:31:44.730	70	-15.12	-60.585	0.998936	-0.222528	0.329644	0.093	0.765	-0.1275	0	250	256	2
2026-02-12	15:31:44.750	59.395	-21.49	-57.05	1.026996	-0.167384	0.374296	0.0795	0.7515	-0.1275	0	250	256	2
2026-02-12	15:31:44.770	40.075	-24.64	-56.07	1.046272	-0.18544	0.421388	0.072	0.7485	-0.126	0	250	256	2
2026-02-12	15:31:44.790	23.205	-24.43	-54.495	1.002108	-0.212524	0.482632	0.0765	0.735	-0.126	0	250	256	2
2026-02-12	15:31:44.810	11.2	-20.3	-50.645	0.908168	-0.21838	0.48434	0.0645	0.7245	-0.129	0	250	237	3
2026-02-12	15:31:44.830	-0.84	-18.97	-45.43	0.83326	-0.221064	0.455548	0.0525	0.7185	-0.1245	0	250	237	3
2026-02-12	15:31:44.850	-11.865	-17.395	-40.46	0.76372	-0.260836	0.44042	0.06	0.708	-0.123	0	250	237	3
2026-02-12	15:31:44.870	-13.58	-16.275	-35.035	0.71248	-0.304512	0.433344	0.048	0.7065	-0.1215	0	250	237	3
2026-02-12	15:31:44.890	2.59	-19.04	-26.635	0.697596	-0.325984	0.437248	0.045	0.702	-0.12	0	250	237	3
2026-02-12	15:31:44.910	28.805	-22.54	-15.61	0.713212	-0.34038	0.435052	0.0435	0.699	-0.12	0	250	237	3
2026-02-12	15:31:44.930	48.265	-25.445	-6.79	0.782264	-0.330864	0.434808	0.051	0.69	-0.1095	0	250	237	3
2026-02-12	15:31:44.950	66.045	-27.125	-0.49	0.91134	-0.349896	0.470432	0.0465	0.687	-0.1065	0	250	237	3
2026-02-12	15:31:44.970	89.845	-26.95	3.64	1.109224	-0.407236	0.52948	0.042	0.6825	-0.114	0	250	237	3
2026-02-12	15:31:44.990	129.57	-21.28	5.39	1.413248	-0.452132	0.64782	0.0315	0.6795	-0.114	0	250	237	3
2026-02-12	15:31:45.010	163.975	-4.795	12.53	1.568432	-0.400404	0.666364	0.039	0.669	-0.12	0	250	255	3
2026-02-12	15:31:45.030	166.355	17.115	25.48	1.441064	-0.323056	0.5246	0.048	0.6705	-0.1275	0	250	255	3
2026-02-12	15:31:45.050	154.42	30.59	35.63	1.384456	-0.283772	0.37088	0.0405	0.6675	-0.138	0	250	255	3
2026-02-12	15:31:45.070	140.77	39.445	44.38	1.357128	-0.251076	0.297924	0.045	0.6555	-0.1425	0	250	255	3
2026-02-12	15:31:45.090	122.605	46.62	54.915	1.268312	-0.203984	0.276452	0.039	0.648	-0.162	0	250	255	3
2026-02-12	15:31:45.110	94.045	53.62	68.845	1.151192	-0.141764	0.260836	0.039	0.648	-0.162	0	250	255	3
2026-02-12	15:31:45.130	62.475	57.75	82.04	1.025776	-0.06734399	0.243024	0.039	0.648	-0.162	0	250	255	3
2026-02-12	15:31:45.150	27.37	58.345	92.19	0.916708	-0.058072	0.22448	0.063	0.654	-0.1965	0	250	255	3
2026-02-12	15:31:45.170	-7.21	54.67	101.92	0.863028	-0.088084	0.203496	0.0705	0.663	-0.207	0	250	255	3
2026-02-12	15:31:45.190	-32.095	48.37	110.88	0.90524	-0.119072	0.191784	0.066	0.6765	-0.216	0	250	255	3
2026-02-12	15:31:45.210	-52.185	43.015	119.42	0.938668	-0.12322	0.148596	0.0915	0.6975	-0.222	0	251	288	3
2026-02-12	15:31:45.230	-70.42	39.62	125.755	0.932568	-0.137128	0.10858	0.0975	0.7035	-0.2295	0	251	288	3
2026-02-12	15:31:45.250	-78.12	36.4	127.435	0.974292	-0.183976	0.083448	0.1065	0.726	-0.2295	0	251	288	3
2026-02-12	15:31:45.270	-71.68	33.39	124.495	1.025776	-0.210328	0.088572	0.1125	0.7485	-0.225	0	251	288	3
2026-02-12	15:31:45.290	-55.545	32.41	117.705	1.038708	-0.244976	0.09394	0.1185	0.7815	-0.2235	0	251	288	3
2026-02-12	15:31:45.310	-34.44	33.74	107.765	1.021628	-0.261812	0.093452	0.129	0.792	-0.222	0	251	288	3
2026-02-12	15:31:45.330	2.45	37.31	87.43	1.022116	-0.297192	0.076616	0.1395	0.804	-0.2205	0	251	288	3
2026-02-12	15:31:45.350	27.86	39.34	72.275	1.009916	-0.28426	0.051484	0.1665	0.8235	-0.2265	0	251	288	3
2026-02-12	15:31:45.370	44.205	37.31	58.73	1.063352	-0.239364	0.035624	0.174	0.819	-0.243	0	251	288	3
2026-02-12	15:31:45.390	53.235	30.59	45.29	1.153388	-0.203252	0.048068	0.192	0.825	-0.243	0	251	288	3
2026-02-12	15:31:45.410	60.025	24.01	32.97	1.235616	-0.199104	0.114436	0.1935	0.8235	-0.261	0	253	289	3
2026-02-12	15:31:45.430	63.63	21.49	26.6	1.173152	-0.160064	0.16836	0.2085	0.8265	-0.2655	0	253	289	3
2026-02-12	15:31:45.450	59.535	17.395	22.96	1.084824	-0.116632	0.18056	0.198	0.816	-0.2745	0	253	289	3
2026-02-12	15:31:45.470	49.56	9.065	18.165	1.05408	-0.100284	0.17324	0.2115	0.81	-0.2835	0	253	289	3
2026-02-12	15:31:45.490	35.945	-1.645	12.495	1.030656	-0.121512	0.183244	0.2175	0.804	-0.2805	0	253	289	3
2026-02-12	15:31:45.510	22.925	-13.615	4.69	1.029192	-0.031964	0.207644	0.21	0.8025	-0.285	0	253	289	3
2026-02-12	15:31:45.530	5.145	-22.575	-7.035	0.943548	-0.051972	0.271328	0.2055	0.8025	-0.2865	0	253	289	3
2026-02-12	15:31:45.550	9.59	-27.93	-12.285	0.86254	-0.067832	0.364048	0.2025	0.8025	-0.288	0	253	289	3
2026-02-12	15:31:45.570	23.73	-28.595	-13.825	0.818132	-0.044652	0.406992	0.1965	0.795	-0.2835	0	253	289	3
2026-02-12	15:31:45.590	34.965	-26.845	-15.715	0.804468	-0.004148	0.39772	0.1935	0.789	-0.282	0	253	289	3
2026-02-12	15:31:45.610	37.24	-24.99	-19.18	0.8235	0.044896	0.349652	0.1935	0.7875	-0.2805	0	253	269	3
2026-02-12	15:31:45.630	28.175	-22.505	-24.15	0.838384	0.077836	0.297192	0.186	0.78	-0.2835	0	253	269	3
2026-02-12	15:31:45.650	16.625	-19.145	-29.82	0.903044	0.0793	0.254492	0.1845	0.7695	-0.279	0	253	269	3
2026-02-12	15:31:45.670	8.155	-17.255	-36.19	0.997228	0.071492	0.22692	0.1815	0.7725	-0.2805	0	253	269	3
2026-02-12	15:31:45.690	0.035	-15.435	-41.72	1.033584	0.076616	0.235704	0.1725	0.7665	-0.276	0	253	269	3
2026-02-12	15:31:45.710	-9.765	-12.775	-46.305	1.034804	0.05978	0.280844	0.162	0.756	-0.288	0	253	269	3
2026-02-12	15:31:45.730	-21.84	-9.835	-49.84	1.018944	0.039528	0.310368	0.156	0.759	-0.273	0	253	269	3
2026-02-12	15:31:45.750	-32.865	-9.03	-54.95	1.02724	-0.0122	0.342576	0.156	0.759	-0.273	0	253	269	3
2026-02-12	15:31:45.770	-33.915	-8.785	-59.43	1.015772	-0.055876	0.377712	0.1425	0.7515	-0.2715	0	253	269	3
2026-02-12	15:31:45.790	-33.74	-8.085	-61.215	0.961116	-0.07808	0.382592	0.141	0.7455	-0.2565	0	253	269	3
2026-02-12	15:31:45.810	-35.665	-7.77	-62.3	0.923784	-0.097844	0.360876	0.141	0.7455	-0.2655	0	251	260	3
2026-02-12	15:31:45.830	-34.615	-8.785	-63.63	0.9516	-0.140544	0.345504	0.123	0.75	-0.2655	0	251	260	3
2026-02-12	15:31:45.850	-24.08	-8.925	-62.965	0.989664	-0.20862	0.349652	0.1215	0.7365	-0.2595	0	251	260	3
2026-02-12	15:31:45.870	-7.735	-8.4	-59.815	1.003572	-0.217404	0.349164	0.114	0.729	-0.2535	0	251	260	3
2026-02-12	15:31:45.890	5.845	-9.345	-57.575	0.998204	-0.186416	0.334524	0.1035	0.7275	-0.255	0	251	260	3
2026-02-12	15:31:45.910	12.88	-12.215	-58.485	1.00772	-0.146888	0.333304	0.0975	0.717	-0.255	0	251	260	3
2026-02-12	15:31:45.930	13.475	-15.225	-62.72	1.001132	-0.140788	0.350628	0.096	0.7095	-0.252	0	251	260	3
2026-02-12	15:31:45.950	7.63	-18.165	-66.955	0.96258	-0.142984	0.369416	0.0975	0.687	-0.2595	0	251	260	3
2026-02-12	15:31:45.970	-11.515	-25.48	-71.82	0.905484	-0.154452	0.388204	0.0975	0.687	-0.2595	0	251	260	3
2026-02-12	15:31:45.990	-29.68	-30.135	-74.69	0.871812	-0.188368	0.406016	0.0795	0.684	-0.249	0	251	260	3
2026-02-12	15:31:46.010	-44.94	-34.475	-74.865	0.833992	-0.238388	0.419192	0.069	0.6765	-0.249	0	245	271	3
2026-02-12	15:31:46.030	-52.5	-36.05	-70.77	0.75518	-0.311588	0.450668	0.0765	0.666	-0.237	0	245	271	3
2026-02-12	15:31:46.050	-43.155	-36.295	-62.615	0.660264	-0.396012	0.457744	0.0675	0.663	-0.228	0	245	271	3
2026-02-12	15:31:46.070	-18.725	-42.77	-54.145	0.677344	-0.461892	0.432124	0.0585	0.6585	-0.2355	0	245	271	3
2026-02-12	15:31:46.090	17.22	-49.245	-46.69	0.759084	-0.577304	0.483852	0.045	0.645	-0.222	0	245	271	3
2026-02-12	15:31:46.110	77	-45.395	-28.805	0.828624	-0.645136	0.597556	0.039	0.6465	-0.2145	0	245	271	3
2026-02-12	15:31:46.130	133.245	-37.59	1.33	0.732	-0.493368	0.573644	0.0405	0.6345	-0.21	0	245	271	3
2026-02-12	15:31:46.150	156.835	-32.2	31.745	0.653676	-0.310124	0.455304	0.0345	0.627	-0.201	0	245	271	3
2026-02-12	15:31:46.170	160.65	-36.785	49.385	0.996252	-0.232288	0.403332	0.027	0.615	-0.2055	0	245	271	3
2026-02-12	15:31:46.190	164.115	-37.625	45.92	1.382016	-0.253028	0.510936	0.027	0.615	-0.2055	0	245	271	3
2026-02-12	15:31:46.210	155.505	-25.97	42.385	1.54452	-0.253272	0.570716	0.027	0.606	-0.198	0	240	302	3
2026-02-12	15:31:46.230	125.755	-5.145	42.14	1.443992	-0.245952	0.473604	0.027	0.5925	-0.198	0	240	302	3
2026-02-12	15:31:46.250	98.56	10.78	33.74	1.356152	-0.175192	0.333792	0.0255	0.5805	-0.2025	0	240	302	3
2026-02-12	15:31:46.270	58.625	24.955	21.7	1.28588	-0.169092	0.260104	0.012	0.573	-0.195	0	240	302	3
2026-02-12	15:31:46.290	18.725	38.675	15.365	1.162416	-0.241316	0.23912	0.018	0.5685	-0.1965	0	240	302	3
2026-02-12	15:31:46.310	-3.15	47.32	17.71	0.999668	-0.266936	0.237168	0.012	0.573	-0.2025	0	240	302	3
2026-02-12	15:31:46.330	-13.51	53.165	25.025	0.860344	-0.238144	0.238144	0.021	0.5715	-0.1995	0	240	302	3
2026-02-12	15:31:46.350	-24.955	56.175	33.635	0.809104	-0.196908	0.24522	0.0225	0.5685	-0.2085	0	240	302	3
2026-02-12	15:31:46.370	-42.385	58.03	43.645	0.872544	-0.164212	0.22814	0.024	0.573	-0.192	0	240	302	3
2026-02-12	15:31:46.390	-69.65	56.35	61.425	0.83936	-0.166652	0.172264	0.018	0.5835	-0.177	0	240	302	3
2026-02-12	15:31:46.410	-75.985	48.44	78.96	0.854976	-0.216184	0.146156	0.018	0.5835	-0.177	0	240	329	3
2026-02-12	15:31:46.430	-58.94	40.215	87.885	0.987224	-0.271572	0.182268	0.009	0.663	-0.051	0	240	329	3
2026-02-12	15:31:46.450	-35.91	35.595	96.565	1.10288	-0.2623	0.193248	0.033	0.7905	-0.0435	0	240	329	3
2026-02-12	15:31:46.470	-19.005	33.46	105.42	1.128256	-0.242048	0.182268	0.0795	0.8595	-0.1155	0	240	329	3
2026-02-12	15:31:46.490	-1.645	31.955	111.055	1.107516	-0.253028	0.176656	0.111	0.8565	-0.192	0	240	329	3
2026-02-12	15:31:46.510	24.57	30.205	111.79	1.134112	-0.255468	0.195688	0.123	0.8295	-0.2205	0	240	329	3
2026-02-12	15:31:46.530	48.475	30.205	109.305	1.170712	-0.195688	0.22692	0.1245	0.8295	-0.2085	0	240	329	3
2026-02-12	15:31:46.550	56	32.27	104.335	1.178276	-0.149084	0.217892	0.138	0.8595	-0.225	0	240	329	3
2026-02-12	15:31:46.570	48.335	33.915	97.23	1.129476	-0.104188	0.1891	0.1605	0.8775	-0.2475	0	240	329	3
2026-02-12	15:31:46.590	31.885	31.045	87.78	1.089216	-0.079544	0.168848	0.177	0.912	-0.3	0	240	329	3
2026-02-12	15:31:46.610	3.815	21.21	67.375	1.048224	-0.080764	0.1769	0.207	0.9165	-0.33	0	239	325	3
2026-02-12	15:31:46.630	-11.235	12.53	48.125	1.060912	-0.10492	0.175192	0.231	0.909	-0.3585	0	239	325	3
2026-02-12	15:31:46.650	-21.7	3.185	26.39	1.094584	-0.155184	0.181292	0.24	0.9045	-0.375	0	239	325	3
2026-02-12	15:31:46.670	-24.99	-3.885	5.775	1.058228	-0.207156	0.194224	0.2535	0.8895	-0.387	0	239	325	3
2026-02-12	15:31:46.690	-19.005	-10.08	-12.145	0.971608	-0.238876	0.194712	0.258	0.879	-0.3975	0	239	325	3
2026-02-12	15:31:46.710	-7.525	-15.54	-25.235	0.862784	-0.254492	0.208864	0.249	0.864	-0.387	0	239	325	3
2026-02-12	15:31:46.730	12.775	-19.46	-31.745	0.80642	-0.267912	0.26352	0.2535	0.855	-0.393	0	239	325	3
2026-02-12	15:31:46.750	39.935	-19.46	-31.115	0.794952	-0.25376	0.338916	0.24	0.8475	-0.3915	0	239	325	3
2026-02-12	15:31:46.770	66.185	-14.49	-25.48	0.79788	-0.200812	0.322812	0.24	0.8265	-0.3975	0	239	325	3
2026-02-12	15:31:46.790	82.6	-12.53	-20.265	0.840824	-0.127612	0.264252	0.237	0.8025	-0.402	0	239	325	3
2026-02-12	15:31:46.810	89.67	-12.32	-15.085	0.951356	-0.097356	0.225456	0.234	0.7845	-0.4155	0	238	303	3
2026-02-12	15:31:46.830	81.935	-11.025	-11.69	1.028704	-0.047336	0.205204	0.234	0.7845	-0.4155	0	238	303	3
2026-02-12	15:31:46.850	57.855	-8.68	-10.255	1.036024	-0.00122	0.193492	0.2295	0.741	-0.4245	0	238	303	3
2026-02-12	15:31:46.870	24.745	-6.23	-10.99	1.057252	0.027816	0.1952	0.222	0.7245	-0.4365	0	238	303	3
2026-02-12	15:31:46.890	-4.515	9.38	-12.11	1.056032	-0.050752	0.259372	0.231	0.705	-0.432	0	238	303	3
2026-02-12	15:31:46.910	0.98	26.18	-11.06	0.898652	-0.21106	0.287432	0.228	0.7095	-0.438	0	238	303	3
2026-02-12	15:31:46.930	28.385	16.38	-12.67	0.884744	-0.11346	0.328912	0.228	0.7095	-0.4455	0	238	303	3
2026-02-12	15:31:46.950	28.63	13.965	-17.115	0.868396	-0.123708	0.335012	0.234	0.696	-0.444	0	238	303	3
2026-02-12	15:31:46.970	27.51	14.49	-21.105	0.809348	-0.15616	0.338916	0.2355	0.687	-0.447	0	238	303	3
2026-02-12	15:31:46.990	30.975	7.35	-25.585	0.798856	-0.104188	0.344772	0.2355	0.6705	-0.4485	0	238	303	3
2026-02-12	15:31:47.010	21.63	-0.595	-31.99	0.800808	-0.046116	0.354776	0.2445	0.6585	-0.45	0	234	286	3
2026-02-12	15:31:47.030	-7.35	-9.765	-42.105	0.8296	-0.026596	0.355264	0.24	0.6555	-0.4455	0	234	286	3
2026-02-12	15:31:47.050	-37.765	-18.935	-51.52	0.861564	-0.051728	0.355752	0.24	0.6555	-0.4455	0	234	286	3
2026-02-12	15:31:47.070	-57.155	-28.805	-57.925	0.892308	-0.078324	0.369904	0.237	0.651	-0.4455	0	234	286	3
2026-02-12	15:31:47.090	-75.46	-36.225	-63.665	0.949892	-0.150792	0.396012	0.2235	0.6525	-0.4485	0	234	286	3
2026-02-12	15:31:47.110	-82.215	-36.26	-66.535	0.969412	-0.201544	0.412604	0.213	0.654	-0.4365	0	234	286	3
2026-02-12	15:31:47.130	-75.705	-33.285	-65.485	0.965752	-0.241316	0.416752	0.2085	0.651	-0.438	0	234	286	3
2026-02-12	15:31:47.150	-61.81	-28.98	-61.25	0.961604	-0.249124	0.400892	0.1965	0.66	-0.429	0	234	286	3
2026-02-12	15:31:47.170	-50.05	-24.92	-57.015	0.940376	-0.255468	0.380396	0.195	0.654	-0.423	0	234	286	3
2026-02-12	15:31:47.190	-42.805	-21.91	-53.655	0.927444	-0.282308	0.373564	0.186	0.657	-0.4215	0	234	286	3
2026-02-12	15:31:47.210	-38.99	-20.65	-51.695	0.918416	-0.301584	0.381616	0.1875	0.651	-0.402	0	229	289	3
2026-02-12	15:31:47.230	-37.31	-18.655	-48.685	0.835944	-0.327448	0.403576	0.174	0.6435	-0.396	0	229	289	3
2026-02-12	15:31:47.250	-32.48	-13.93	-41.44	0.668072	-0.302316	0.436516	0.171	0.6375	-0.387	0	229	289	3
2026-02-12	15:31:47.270	-28.805	-13.65	-40.565	0.660996	-0.29036	0.422608	0.171	0.6375	-0.387	0	229	289	3
2026-02-12	15:31:47.290	-27.16	-14.595	-40.985	0.693204	-0.30988	0.420168	0.1725	0.6465	-0.3225	0	229	289	3
2026-02-12	15:31:47.310	-30.205	-14.91	-39.165	0.72956	-0.33794	0.43188	0.183	0.6765	-0.2925	0	229	289	3
2026-02-12	15:31:47.330	-34.965	-16.135	-35.315	0.775188	-0.388692	0.43432	0.2145	0.717	-0.2625	0	229	289	3
2026-02-12	15:31:47.350	-29.26	-23.135	-32.865	0.974048	-0.438956	0.46604	0.261	0.768	-0.309	0	229	289	3
2026-02-12	15:31:47.370	-11.375	-30.03	-34.195	1.186084	-0.493124	0.613416	0.279	0.7785	-0.3915	0	229	289	3
2026-02-12	15:31:47.390	14.105	-27.93	-32.9	1.313696	-0.55022	0.765184	0.258	0.7455	-0.4665	0	229	289	3
2026-02-12	15:31:47.410	40.67	-19.705	-22.61	1.297348	-0.55022	0.736148	0.222	0.702	-0.507	0	223	314	3
2026-02-12	15:31:47.430	62.51	-9.8	-11.235	1.206092	-0.48434	0.610244	0.192	0.6525	-0.5295	0	223	314	3
2026-02-12	15:31:47.450	74.025	-0.245	2.905	1.133868	-0.423584	0.503616	0.177	0.6105	-0.5325	0	223	314	3
2026-02-12	15:31:47.470	81.55	7.665	17.43	1.097512	-0.386008	0.463112	0.1785	0.564	-0.537	0	223	314	3
2026-02-12	15:31:47.490	87.185	13.51	29.96	1.07848	-0.338916	0.45262	0.1725	0.519	-0.5115	0	223	314	3
2026-02-12	15:31:47.510	84.77	19.635	42.7	1.054812	-0.279868	0.437248	0.1635	0.4695	-0.516	0	223	314	3
2026-02-12	15:31:47.530	69.895	25.795	54.285	1.021628	-0.221064	0.410896	0.1545	0.441	-0.4845	0	223	314	3
2026-02-12	15:31:47.550	47.425	31.15	65.205	0.970388	-0.191784	0.379176	0.15	0.4005	-0.4545	0	223	314	3
2026-02-12	15:31:47.570	24.15	33.39	75.74	0.945256	-0.161284	0.336232	0.1275	0.396	-0.4185	0	223	314	3
2026-02-12	15:31:47.590	0.77	32.165	85.05	0.92842	-0.138836	0.304024	0.117	0.396	-0.39	0	223	314	3
2026-02-12	15:31:47.610	-18.34	29.05	92.715	0.909388	-0.144448	0.270352	0.108	0.4035	-0.3555	0	220	353	3
2026-02-12	15:31:47.630	-29.995	23.59	97.79	0.915244	-0.159088	0.242292	0.102	0.4395	-0.33	0	220	353	3
2026-02-12	15:31:47.650	-36.61	19.32	100.135	0.95038	-0.180316	0.216672	0.0885	0.4545	-0.303	0	220	353	3
2026-02-12	15:31:47.670	-41.79	16.94	100.555	0.974536	-0.173972	0.176168	0.0855	0.4935	-0.2595	0	220	353	3
2026-02-12	15:31:47.690	-46.865	17.29	97.79	0.911828	-0.17202	0.1403	0.0855	0.4935	-0.2595	0	220	353	3
2026-02-12	15:31:47.710	-46.795	16.24	90.79	0.852048	-0.194224	0.13908	0.114	0.594	-0.2385	0	220	353	3
2026-02-12	15:31:47.730	-38.15	14.28	80.745	0.861564	-0.225944	0.14762	0.1275	0.6255	-0.258	0	220	353	3
2026-02-12	15:31:47.750	-21.21	12.845	67.2	0.96624	-0.268644	0.165188	0.1275	0.639	-0.255	0	220	353	3
2026-02-12	15:31:47.770	-0.945	15.015	52.36	1.010648	-0.29402	0.187148	0.132	0.6585	-0.2535	0	220	353	3
2026-02-12	15:31:47.790	16.905	19.67	41.055	1.008696	-0.266204	0.17446	0.1455	0.669	-0.258	0	220	353	3
2026-02-12	15:31:47.810	28.7	20.405	30.17	1.061644	-0.19032	0.13786	0.156	0.6855	-0.2565	0	219	361	3
2026-02-12	15:31:47.830	29.82	18.41	18.27	1.129964	-0.144204	0.110776	0.1575	0.681	-0.2625	0	219	361	3
2026-02-12	15:31:47.850	25.27	13.72	5.775	1.202676	-0.153476	0.09467199	0.1665	0.675	-0.27	0	219	361	3
2026-02-12	15:31:47.870	20.475	9.17	-5.005	1.202676	-0.154452	0.11956	0.171	0.6885	-0.2655	0	219	361	3
2026-02-12	15:31:47.890	15.855	2.1	-17.185	1.220976	-0.146888	0.175436	0.18	0.681	-0.2715	0	219	361	3
2026-02-12	15:31:47.910	8.61	-2.975	-25.935	1.130208	-0.127856	0.181048	0.1695	0.6825	-0.267	0	219	361	3
2026-02-12	15:31:47.930	0.945	-9.625	-31.395	0.94428	-0.08686399	0.182024	0.177	0.6825	-0.2685	0	219	361	3
2026-02-12	15:31:47.950	2.415	-17.255	-35.7	0.8052	-0.027084	0.305732	0.1725	0.6825	-0.258	0	219	361	3
2026-02-12	15:31:47.970	16.17	-17.535	-36.12	0.75274	-0.065148	0.427	0.1665	0.6825	-0.267	0	219	361	3
2026-02-12	15:31:47.990	36.715	-14.07	-33.075	0.775188	-0.024888	0.440908	0.1665	0.6765	-0.258	0	219	361	3
2026-02-12	15:31:48.010	45.78	-9.065	-31.535	0.855708	0.075884	0.369416	0.1665	0.6765	-0.258	0	219	338	3
2026-02-12	15:31:48.030	35.98	-7.385	-32.06	0.929396	0.097112	0.320616	0.1575	0.6675	-0.2595	0	219	338	3
2026-02-12	15:31:48.050	14.91	-3.115	-34.72	0.991616	0.1098	0.251808	0.1695	0.669	-0.2595	0	219	338	3
2026-02-12	15:31:48.070	-8.47	1.26	-38.885	1.047736	0.091012	0.22814	0.165	0.669	-0.27	0	219	338	3
2026-02-12	15:31:48.090	-25.34	11.2	-44.03	1.125816	0.040504	0.27816	0.165	0.6525	-0.2595	0	219	338	3
2026-02-12	15:31:48.110	-34.055	24.955	-46.795	1.12728	0.02684	0.314272	0.162	0.6615	-0.2565	0	219	338	3
2026-02-12	15:31:48.130	-43.785	32.62	-47.39	1.061644	0.017324	0.313052	0.1665	0.6525	-0.261	0	219	338	3
2026-02-12	15:31:48.150	-62.755	35.035	-44.94	0.971608	-0.054656	0.305	0.171	0.6585	-0.255	0	219	338	3
2026-02-12	15:31:48.170	-83.16	31.36	-42.105	0.906704	-0.110776	0.313784	0.174	0.666	-0.255	0	219	338	3
2026-02-12	15:31:48.190	-100.065	24.99	-41.125	0.888892	-0.158112	0.346724	0.171	0.6525	-0.2595	0	219	338	3
2026-02-12	15:31:48.210	-107.975	21.21	-40.355	0.880108	-0.171044	0.369904	0.1755	0.672	-0.2535	0	219	317	3
2026-02-12	15:31:48.230	-111.65	18.9	-39.655	0.887184	-0.171044	0.364292	0.165	0.681	-0.2505	0	219	317	3
2026-02-12	15:31:48.250	-113.995	17.325	-38.92	0.87962	-0.176656	0.330132	0.174	0.681	-0.249	0	219	317	3
2026-02-12	15:31:48.270	-110.565	15.19	-40.25	0.8784	-0.206668	0.299144	0.1695	0.6915	-0.24	0	219	317	3
2026-02-12	15:31:48.290	-98.595	13.195	-43.225	0.877668	-0.24644	0.284992	0.1665	0.6915	-0.2385	0	219	317	3
2026-02-12	15:31:48.310	-74.48	9.765	-46.515	0.868396	-0.27572	0.27694	0.1755	0.705	-0.2265	0	219	317	3
2026-02-12	15:31:48.330	-48.755	5.215	-50.4	0.848144	-0.281576	0.274744	0.1695	0.7035	-0.2295	0	219	317	3
2026-02-12	15:31:48.350	-29.89	0.665	-54.705	0.847656	-0.305244	0.285236	0.1695	0.699	-0.222	0	219	317	3
2026-02-12	15:31:48.370	-10.465	-4.445	-58.415	0.867908	-0.310856	0.311344	0.1665	0.6975	-0.2175	0	219	317	3
2026-02-12	15:31:48.390	5.6	-8.155	-60.795	0.855464	-0.294508	0.352824	0.1665	0.699	-0.234	0	219	317	3
2026-02-12	15:31:48.410	13.615	-10.885	-61.88	0.833016	-0.255956	0.366244	0.1635	0.6975	-0.2235	0	218	309	3
2026-02-12	15:31:48.430	-2.59	-16.275	-63.875	0.826672	-0.27328	0.38552	0.1605	0.687	-0.216	0	218	309	3
2026-02-12	15:31:48.450	-33.075	-17.465	-67.725	0.794464	-0.326716	0.402112	0.15	0.675	-0.2205	0	218	309	3
2026-02-12	15:31:48.470	-54.705	-16.73	-72.73	0.732488	-0.289872	0.430904	0.147	0.6705	-0.2265	0	218	309	3
2026-02-12	15:31:48.490	-78.26	-18.34	-78.155	0.71248	-0.290848	0.427488	0.1485	0.6675	-0.21	0	218	309	3
2026-02-12	15:31:48.510	-106.085	-23.135	-83.58	0.737124	-0.295484	0.3599	0.1515	0.6675	-0.2085	0	218	309	3
2026-02-12	15:31:48.530	-135.065	-29.54	-88.34	0.80032	-0.417728	0.28426	0.1365	0.6675	-0.1935	0	218	309	3
2026-02-12	15:31:48.550	-133.21	-32.095	-87.01	0.858636	-0.550464	0.284992	0.1335	0.6735	-0.195	0	218	309	3
2026-02-12	15:31:48.570	-111.475	-33.915	-80.605	0.950624	-0.65026	0.274012	0.129	0.672	-0.18	0	218	309	3
2026-02-12	15:31:48.590	-76.195	-35.385	-68.075	1.028216	-0.682224	0.25254	0.1275	0.675	-0.1725	0	218	309	3
2026-02-12	15:31:48.610	-30.765	-37.66	-50.505	1.125084	-0.736148	0.24522	0.1305	0.6675	-0.165	0	217	312	3
2026-02-12	15:31:48.630	39.2	-39.795	-30.345	1.297104	-0.791048	0.339892	0.114	0.6705	-0.165	0	217	312	3
2026-02-12	15:31:48.650	115.605	-33.635	-5.005	1.37128	-0.762012	0.41968	0.114	0.6705	-0.156	0	217	312	3
2026-02-12	15:31:48.670	181.615	-20.37	25.305	1.341024	-0.597312	0.381128	0.114	0.654	-0.156	0	217	312	3
2026-02-12	15:31:48.690	210.63	-9.1	52.99	1.25416	-0.345748	0.309636	0.12	0.651	-0.1575	0	217	312	3
2026-02-12	15:31:48.710	194.985	0.42	70.665	1.183644	-0.20496	0.283284	0.117	0.648	-0.1665	0	217	312	3
2026-02-12	15:31:48.730	151.235	8.61	80.465	1.102392	-0.171776	0.273768	0.114	0.6435	-0.183	0	217	312	3
2026-02-12	15:31:48.750	103.355	9.905	82.705	1.051396	-0.146888	0.30988	0.114	0.6435	-0.183	0	217	312	3
2026-02-12	15:31:48.770	66.115	8.82	83.265	1.026508	-0.161772	0.33306	0.1215	0.6495	-0.1935	0	217	312	3
2026-02-12	15:31:48.790	38.99	8.155	85.995	0.958188	-0.180316	0.320372	0.1245	0.6495	-0.1935	0	217	312	3
2026-02-12	15:31:48.810	20.965	5.985	90.72	0.872788	-0.204472	0.286456	0.1275	0.672	-0.198	0	218	318	3
2026-02-12	15:31:48.830	16.8	2.59	97.16	0.853756	-0.271572	0.260836	0.1365	0.666	-0.1995	0	218	318	3
2026-02-12	15:31:48.850	35.42	1.435	104.685	0.935984	-0.273036	0.249612	0.138	0.6795	-0.201	0	218	318	3
2026-02-12	15:31:48.870	56.91	3.185	112.385	0.949892	-0.23302	0.204228	0.132	0.6915	-0.198	0	218	318	3
2026-02-12	15:31:48.890	73.15	4.865	117.81	0.955016	-0.19642	0.155428	0.156	0.699	-0.204	0	218	318	3
2026-02-12	15:31:48.910	83.755	5.285	118.3	1.019676	-0.166896	0.135664	0.153	0.7095	-0.2115	0	218	318	3
2026-02-12	15:31:48.930	88.445	8.05	112.805	1.103856	-0.15006	0.1525	0.1575	0.7185	-0.2175	0	218	318	3
2026-02-12	15:31:48.950	82.74	16.625	101.115	1.075552	-0.133224	0.14884	0.174	0.7245	-0.219	0	218	318	3
2026-02-12	15:31:48.970	73.64	23.03	85.855	1.075796	-0.13786	0.152256	0.174	0.7245	-0.219	0	218	318	3
2026-02-12	15:31:48.990	65.73	27.51	71.61	1.085312	-0.122	0.169824	0.192	0.7335	-0.246	0	218	318	3
2026-02-12	15:31:49.010	47.88	32.095	58.345	1.09556	-0.116388	0.1586	0.201	0.7275	-0.2535	0	222	310	3
2026-02-12	15:31:49.030	24.395	34.195	47.39	1.086288	-0.10126	0.12444	0.2025	0.726	-0.252	0	222	310	3
2026-02-12	15:31:49.050	-0.56	31.5	37.59	1.068232	-0.08052	0.103456	0.21	0.729	-0.264	0	222	310	3
2026-02-12	15:31:49.070	-21.175	25.13	27.405	1.072868	-0.101992	0.138104	0.2145	0.7395	-0.267	0	222	310	3
2026-02-12	15:31:49.090	-28.49	19.775	15.995	1.070672	-0.151036	0.1769	0.2205	0.741	-0.2775	0	222	310	3
2026-02-12	15:31:49.110	-27.16	11.55	2.625	1.08092	-0.105652	0.178364	0.225	0.738	-0.2745	0	222	310	3
2026-02-12	15:31:49.130	-41.51	0.7	-14.28	1.077992	-0.087108	0.167628	0.228	0.738	-0.2745	0	222	310	3
2026-02-12	15:31:49.150	-62.02	-13.65	-32.515	1.028704	-0.097844	0.172752	0.225	0.7425	-0.2775	0	222	310	3
2026-02-12	15:31:49.170	-44.66	-30.765	-54.845	0.865468	-0.259616	0.375516	0.2205	0.747	-0.267	0	222	310	3
2026-02-12	15:31:49.190	8.47	-30.52	-60.445	0.84424	-0.3538	0.491172	0.2205	0.747	-0.267	0	222	310	3
2026-02-12	15:31:49.210	71.54	-24.745	-59.57	0.829844	-0.256688	0.462136	0.1935	0.7455	-0.2655	0	223	289	3
2026-02-12	15:31:49.230	115.815	-19.565	-55.195	0.844728	-0.1891	0.35746	0.1965	0.729	-0.2565	0	223	289	3
2026-02-12	15:31:49.250	146.055	-17.15	-49.28	0.891332	-0.122488	0.24522	0.195	0.7155	-0.261	0	223	289	3
2026-02-12	15:31:49.270	155.61	-15.225	-46.025	0.96868	-0.059292	0.179584	0.1815	0.6975	-0.264	0	223	289	3
2026-02-12	15:31:49.290	145.985	-13.44	-45.99	1.064572	-0.022692	0.142984	0.1785	0.666	-0.276	0	223	289	3
2026-02-12	15:31:49.310	124.775	-10.08	-47.005	1.08946	0.029524	0.158844	0.171	0.651	-0.288	0	223	289	3
2026-02-12	15:31:49.330	93.38	-6.895	-47.18	1.052372	0.076372	0.195932	0.1785	0.6285	-0.2835	0	223	289	3
2026-02-12	15:31:49.350	51.345	-6.125	-47.215	1.019432	0.089304	0.269132	0.1755	0.6075	-0.285	0	223	289	3
2026-02-12	15:31:49.370	2.485	-4.76	-45.78	0.976976	0.03294	0.34526	0.1755	0.603	-0.2925	0	223	289	3
2026-02-12	15:31:49.390	-27.23	-4.55	-41.545	0.937936	0.002196	0.381128	0.1755	0.603	-0.2925	0	223	289	3
2026-02-12	15:31:49.410	-40.95	-3.605	-37.485	0.939888	-0.012688	0.39406	0.1755	0.603	-0.2925	0	224	275	3
2026-02-12	15:31:49.430	-53.83	-1.54	-33.81	0.927932	0.017568	0.37576	0.1665	0.5985	-0.2805	0	224	275	3
2026-02-12	15:31:49.450	-69.16	0.665	-31.36	0.9333	0.058804	0.32696	0.1725	0.5895	-0.2895	0	224	275	3
2026-02-12	15:31:49.470	-85.435	3.815	-30.73	0.948184	0.074176	0.283772	0.165	0.603	-0.279	0	224	275	3
2026-02-12	15:31:49.490	-101.01	7.35	-30.765	0.97112	0.07686	0.24156	0.165	0.6045	-0.279	0	224	275	3
2026-02-12	15:31:49.510	-117.215	10.045	-30.17	0.949648	0.106872	0.195932	0.1575	0.6045	-0.282	0	224	275	3
2026-02-12	15:31:49.530	-134.47	11.69	-30.1	0.904752	0.124684	0.166896	0.1665	0.6135	-0.2835	0	224	275	3
2026-02-12	15:31:49.550	-146.265	11.165	-30.835	0.911584	0.075396	0.147132	0.1695	0.63	-0.2745	0	224	275	3
2026-02-12	15:31:49.570	-145.81	9.38	-31.15	0.94916	-0.023424	0.146644	0.165	0.6315	-0.2655	0	224	275	3
2026-02-12	15:31:49.590	-128.905	6.965	-30.45	0.983808	-0.119804	0.177388	0.162	0.645	-0.2685	0	224	275	3
2026-02-12	15:31:49.610	-103.25	4.34	-29.225	0.957944	-0.19398	0.212524	0.168	0.6555	-0.264	0	223	270	3
2026-02-12	15:31:49.630	-82.67	0.595	-28.7	0.927688	-0.221064	0.233752	0.1755	0.666	-0.261	0	223	270	3
2026-02-12	15:31:49.650	-70.455	-5.53	-30.275	0.911584	-0.22692	0.24644	0.165	0.6705	-0.255	0	223	270	3
2026-02-12	15:31:49.670	-75.285	-14	-33.74	0.883768	-0.231312	0.26352	0.165	0.6705	-0.255	0	223	270	3
2026-02-12	15:31:49.690	-90.125	-23.065	-39.655	0.849364	-0.253516	0.329156	0.1605	0.6765	-0.2505	0	223	270	3
2026-02-12	15:31:49.710	-96.705	-25.48	-46.935	0.726144	-0.370636	0.443836	0.159	0.687	-0.234	0	223	270	3
2026-02-12	15:31:49.730	-98.28	-26.53	-52.36	0.528016	-0.366244	0.394792	0.153	0.69	-0.2415	0	223	270	3
2026-02-12	15:31:49.750	-133.105	-41.125	-71.68	0.417972	-0.42334	0.388936	0.1485	0.681	-0.225	0	223	270	3
2026-02-12	15:31:49.770	-133.385	-33.46	-101.08	0.523624	-1.152168	0.833992	0.1365	0.6975	-0.204	0	223	270	3
2026-02-12	15:31:49.790	-49.805	6.195	-99.505	0.742248	-1.542812	0.824232	0.129	0.6855	-0.213	0	223	270	3
2026-02-12	15:31:49.810	19.705	47.285	-43.89	0.636596	-1.188036	-0.0305	0.132	0.6825	-0.1995	0	224	273	2
2026-02-12	15:31:49.830	74.375	33.145	10.36	0.6954	-1.371768	0.021716	0.1305	0.6735	-0.2085	0	224	273	2
2026-02-12	15:31:49.850	181.44	25.655	70.77	0.894504	-0.980636	0.173484	0.1305	0.6645	-0.219	0	224	273	2
2026-02-12	15:31:49.870	255.325	16.03	100.275	1.376892	-0.338672	0.25376	0.138	0.6555	-0.2265	0	224	273	2
2026-02-12	15:31:49.890	241.29	11.27	99.33	1.951756	0.08052	0.412604	0.138	0.6495	-0.2325	0	224	273	2
2026-02-12	15:31:49.910	120.295	26.985	111.055	1.935164	0.0854	0.571204	0.15	0.633	-0.2385	0	224	273	2
2026-02-12	15:31:49.930	5.425	40.425	122.57	1.4823	-0.065148	0.55998	0.156	0.6255	-0.2295	0	224	273	2
2026-02-12	15:31:49.950	-62.93	26.04	119.49	1.327604	-0.131272	0.520696	0.159	0.6435	-0.24	0	224	273	2
2026-02-12	15:31:49.970	-130.095	17.08	119.315	1.237812	-0.301584	0.486048	0.1605	0.666	-0.237	0	224	273	2
2026-02-12	15:31:49.990	-178.955	6.895	126.245	1.166808	-0.43554	0.443592	0.1665	0.69	-0.24	0	224	273	2
2026-02-12	15:31:50.010	-197.575	-12.495	133	1.018212	-0.503372	0.309392	0.1785	0.7155	-0.225	0	237	289	3
2026-02-12	15:31:50.030	-173.95	-21.455	130.62	0.887428	-0.465308	0.205204	0.192	0.7425	-0.21	0	237	289	3
2026-02-12	15:31:50.050	-129.605	-30.485	124.95	0.789828	-0.454816	0.124196	0.1965	0.777	-0.1965	0	237	289	3
2026-02-12	15:31:50.070	-61.04	-37.45	118.055	0.744688	-0.43554	0.077348	0.201	0.8115	-0.1845	0	237	289	3
2026-02-12	15:31:50.090	18.27	-39.48	109.725	0.727608	-0.382836	0.037576	0.2145	0.8325	-0.171	0	237	289	3
2026-02-12	15:31:50.110	82.67	-38.045	101.01	0.711992	-0.31598	0.007808	0.2145	0.831	-0.1665	0	237	289	3
2026-02-12	15:31:50.130	127.68	-35.35	93.1	0.728828	-0.339648	-0.00976	0.234	0.8325	-0.1755	0	237	289	3
2026-02-12	15:31:50.150	166.46	-31.465	85.54	0.797636	-0.3294	-0.005856	0.231	0.831	-0.192	0	237	289	3
2026-02-12	15:31:50.170	196.105	-26.075	76.265	0.855952	-0.283528	0.017568	0.234	0.8325	-0.195	0	237	289	3
2026-02-12	15:31:50.190	212.38	-19.635	65.59	0.856928	-0.219356	0.062464	0.2325	0.825	-0.2175	0	237	289	3
2026-02-12	15:31:50.210	213.465	-13.195	54.46	0.831064	-0.159332	0.117852	0.2535	0.804	-0.234	0	258	291	3
2026-02-12	15:31:50.230	198.03	-7.84	36.54	0.873764	-0.12078	0.168116	0.24	0.783	-0.2505	0	258	291	3
2026-02-12	15:31:50.250	169.89	-4.27	15.575	0.939888	-0.08906	0.205692	0.2415	0.7725	-0.258	0	258	291	3
2026-02-12	15:31:50.270	136.325	-3.605	-1.47	0.986248	-0.058072	0.20374	0.243	0.753	-0.276	0	258	291	3
2026-02-12	15:31:50.290	90.615	-8.12	-18.585	1.025776	0.004148	0.167872	0.2445	0.744	-0.285	0	258	291	3
2026-02-12	15:31:50.310	36.715	-16.555	-39.165	1.064328	-0.0122	0.171044	0.249	0.72	-0.285	0	258	291	3
2026-02-12	15:31:50.330	-7.315	-24.535	-60.41	1.08092	-0.092476	0.2379	0.246	0.717	-0.2925	0	258	291	3
2026-02-12	15:31:50.350	-26.95	-31.955	-80.22	1.131428	-0.193004	0.32574	0.234	0.7245	-0.294	0	258	291	3
2026-02-12	15:31:50.370	-24.43	-37.52	-96.88	1.154852	-0.275476	0.39284	0.2265	0.72	-0.2835	0	258	291	3
2026-02-12	15:31:50.390	-4.725	-42.315	-108.955	1.175592	-0.343796	0.464088	0.2145	0.7065	-0.276	0	258	291	3
2026-02-12	15:31:50.410	30.31	-41.23	-113.645	1.137528	-0.41236	0.57096	0.213	0.7035	-0.273	0	279	276	3
2026-02-12	15:31:50.430	81.445	-32.62	-107.17	1.062864	-0.43432	0.647332	0.1935	0.693	-0.27	0	279	276	3
2026-02-12	15:31:50.450	144.76	-17.605	-81.025	0.889136	-0.188612	0.514108	0.189	0.675	-0.2715	0	279	276	3
2026-02-12	15:31:50.470	157.045	-14.875	-64.47	0.917196	-0.016592	0.37942	0.1815	0.648	-0.276	0	279	276	3
2026-02-12	15:31:50.490	137.76	-17.605	-53.13	1.10288	0.1586	0.306708	0.174	0.612	-0.279	0	279	276	3
2026-02-12	15:31:50.510	70.07	-15.96	-47.18	1.13826	0.205448	0.258884	0.1755	0.603	-0.279	0	279	276	3
2026-02-12	15:31:50.530	-11.585	-12.32	-41.265	1.0309	0.158844	0.20496	0.1665	0.5895	-0.282	0	279	276	3
2026-02-12	15:31:50.550	-69.195	-10.64	-37.905	0.983076	0.111508	0.223016	0.1755	0.585	-0.282	0	279	276	3
2026-02-12	15:31:50.570	-115.43	-9.695	-36.155	0.947696	0.083204	0.23912	0.1665	0.5865	-0.273	0	279	276	3
2026-02-12	15:31:50.590	-157.745	-11.2	-35.84	0.954772	0.012932	0.278892	0.1635	0.5895	-0.2805	0	279	276	3
2026-02-12	15:31:50.610	-192.92	-11.445	-35.77	0.905484	-0.095648	0.29646	0.162	0.606	-0.279	0	295	275	3
2026-02-12	15:31:50.630	-207.34	-11.2	-35.105	0.863272	-0.214964	0.270108	0.168	0.621	-0.27	0	295	275	3
2026-02-12	15:31:50.650	-195.685	-6.265	-37.275	0.87718	-0.29036	0.268156	0.162	0.6405	-0.27	0	295	275	3
2026-02-12	15:31:50.670	-171.78	1.26	-41.755	0.875472	-0.305244	0.253516	0.162	0.6405	-0.27	0	295	275	3
2026-02-12	15:31:50.690	-151.34	7.315	-46.76	0.829356	-0.2745	0.2196	0.1575	0.66	-0.252	0	295	275	3
2026-02-12	15:31:50.710	-131.285	10.01	-52.78	0.816424	-0.2623	0.189832	0.1545	0.681	-0.2355	0	295	275	3
2026-02-12	15:31:50.730	-105.595	10.325	-59.255	0.834724	-0.2806	0.17324	0.147	0.678	-0.237	0	295	275	3
2026-02-12	15:31:50.750	-72.03	9.135	-65.17	0.867908	-0.267424	0.174704	0.1515	0.681	-0.234	0	295	275	3
2026-02-12	15:31:50.770	-47.11	5.845	-69.72	0.85888	-0.232044	0.20252	0.15	0.69	-0.2355	0	295	275	3
2026-02-12	15:31:50.790	-32.55	1.435	-72.625	0.852536	-0.231312	0.243756	0.1455	0.6915	-0.2265	0	295	275	3
2026-02-12	15:31:50.810	-19.32	-3.955	-74.76	0.874252	-0.234728	0.286944	0.1395	0.681	-0.2295	0	304	277	3
2026-02-12	15:31:50.830	-4.06	-9.87	-76.23	0.955992	-0.244	0.336232	0.138	0.678	-0.225	0	304	277	3
2026-02-12	15:31:50.850	10.08	-13.615	-75.215	0.978684	-0.239608	0.376492	0.141	0.6615	-0.228	0	304	277	3
2026-02-12	15:31:50.870	20.825	-16.17	-70.385	0.967216	-0.222772	0.394548	0.1275	0.66	-0.2235	0	304	277	3
2026-02-12	15:31:50.890	25.62	-19.18	-65.66	0.997716	-0.208132	0.404064	0.1245	0.648	-0.2235	0	304	277	3
2026-02-12	15:31:50.910	25.62	-21	-63.105	1.018212	-0.190808	0.419192	0.1185	0.6345	-0.225	0	304	277	3
2026-02-12	15:31:50.930	20.405	-23.065	-60.83	1.047248	-0.170312	0.431636	0.1155	0.6345	-0.225	0	304	277	3
2026-02-12	15:31:50.950	11.025	-24.22	-58.205	1.05164	-0.166896	0.432612	0.117	0.6195	-0.2175	0	304	277	3
2026-02-12	15:31:50.970	0.21	-22.715	-53.62	0.982832	-0.184464	0.48434	0.108	0.6045	-0.2085	0	304	277	3
2026-02-12	15:31:50.990	-3.815	-16.625	-46.76	0.827892	-0.212036	0.570472	0.105	0.5985	-0.2145	0	304	277	3
2026-02-12	15:31:51.010	4.69	-12.495	-39.375	0.6161	-0.270108	0.687348	0.1065	0.6015	-0.219	0	304	290	3
2026-02-12	15:31:51.030	38.92	-16.31	-36.19	0.526552	-0.395768	0.805444	0.1005	0.5925	-0.213	0	304	290	3
2026-02-12	15:31:51.050	93.905	-23.135	-38.57	0.662948	-0.491904	0.867908	0.0975	0.594	-0.21	0	304	290	3
2026-02-12	15:31:51.070	136.885	-13.72	-31.22	0.755424	-0.605852	0.874008	0.099	0.579	-0.2085	0	304	290	3
2026-02-12	15:31:51.090	176.89	16.17	11.865	0.664412	-0.663436	0.617564	0.0975	0.57	-0.207	0	304	290	3
2026-02-12	15:31:51.110	200.48	27.58	46.62	0.66978	-0.437736	0.436028	0.096	0.5505	-0.2085	0	304	290	3
2026-02-12	15:31:51.130	221.935	35.49	65.835	1.068232	-0.181292	0.333548	0.0915	0.5265	-0.21	0	304	290	3
2026-02-12	15:31:51.150	233.625	44.66	64.855	1.456192	0.094428	0.380152	0.09	0.522	-0.21	0	304	290	3
2026-02-12	15:31:51.170	200.515	52.605	62.02	1.664568	0.360388	0.440908	0.102	0.516	-0.213	0	304	290	3
2026-02-12	15:31:51.190	99.855	60.48	55.755	1.517924	0.3843	0.383568	0.093	0.4995	-0.2205	0	304	290	3
2026-02-12	15:31:51.210	-16.17	68.705	44.1	1.269776	0.199592	0.33062	0.093	0.4995	-0.2235	0	303	331	3
2026-02-12	15:31:51.230	-94.01	69.23	31.36	1.20658	0.104432	0.417728	0.108	0.504	-0.234	0	303	331	3
2026-02-12	15:31:51.250	-177.66	68.74	27.265	1.13704	-0.048068	0.446276	0.1185	0.51	-0.2385	0	303	331	3
2026-02-12	15:31:51.270	-252.385	57.68	38.99	1.10898	-0.250588	0.419436	0.1185	0.534	-0.261	0	303	331	3
2026-02-12	15:31:51.290	-298.235	42.665	62.965	1.090192	-0.376004	0.330864	0.1215	0.5625	-0.264	0	303	331	3
2026-02-12	15:31:51.310	-311.29	39.095	87.43	0.993324	-0.36844	0.190564	0.1215	0.5625	-0.264	0	303	331	3
2026-02-12	15:31:51.330	-297.5	33.81	103.6	0.865712	-0.327692	0.094916	0.1335	0.6195	-0.261	0	303	331	3
2026-02-12	15:31:51.350	-262.01	20.3	116.235	0.78812	-0.310612	0.04026	0.15	0.6945	-0.2535	0	303	331	3
2026-02-12	15:31:51.370	-202.755	5.25	123.515	0.771772	-0.322812	0.022692	0.1545	0.711	-0.249	0	303	331	3
2026-02-12	15:31:51.390	-123.62	-7.7	123.62	0.918172	-0.376248	0.058072	0.156	0.7485	-0.24	0	303	331	3
2026-02-12	15:31:51.410	-36.365	-11.935	123.235	0.9821	-0.397476	0.10004	0.162	0.78	-0.2265	0	304	357	3
2026-02-12	15:31:51.430	38.955	-9.38	123.97	0.96868	-0.345992	0.136396	0.177	0.798	-0.222	0	304	357	3
2026-02-12	15:31:51.450	96.775	-4.865	120.82	1.046028	-0.354288	0.133224	0.189	0.8055	-0.219	0	304	357	3
2026-02-12	15:31:51.470	142.485	1.225	114.905	1.085312	-0.307928	0.105896	0.1995	0.8055	-0.2265	0	304	357	3
2026-02-12	15:31:51.490	173.425	4.48	107.94	1.159	-0.29158	0.1037	0.2205	0.801	-0.24	0	304	357	3
2026-02-12	15:31:51.510	184.555	5.67	96.985	1.248792	-0.150304	0.11712	0.225	0.804	-0.2565	0	304	357	3
2026-02-12	15:31:51.530	172.795	17.255	80.01	1.197552	-0.090036	0.1586	0.2355	0.7905	-0.2655	0	304	357	3
2026-02-12	15:31:51.550	165.55	19.145	63.56	1.096536	-0.057096	0.210816	0.2475	0.768	-0.2865	0	304	357	3
2026-02-12	15:31:51.570	148.54	7.21	45.255	1.00772	0.025376	0.276208	0.255	0.7515	-0.3045	0	304	357	3
2026-02-12	15:31:51.590	110.705	-6.825	27.23	0.893528	0.044896	0.316468	0.2625	0.744	-0.312	0	304	357	3
2026-02-12	15:31:51.610	67.55	-25.515	8.155	0.856928	0.007076	0.35868	0.27	0.7305	-0.3045	0	306	342	3
2026-02-12	15:31:51.630	34.44	-42.91	-10.885	0.874252	-0.057096	0.439688	0.2715	0.723	-0.3165	0	306	342	3
2026-02-12	15:31:51.650	20.65	-53.62	-26.005	0.880352	-0.100528	0.565348	0.2565	0.714	-0.3135	0	306	342	3
2026-02-12	15:31:51.670	23.065	-55.72	-34.545	0.884744	-0.096624	0.640012	0.246	0.711	-0.306	0	306	342	3
2026-02-12	15:31:51.690	29.225	-50.295	-37.485	0.872056	-0.084424	0.604632	0.2415	0.7095	-0.303	0	306	342	3
2026-02-12	15:31:51.710	28.14	-45.185	-37.66	0.85644	-0.057584	0.500444	0.228	0.705	-0.3015	0	306	342	3
2026-02-12	15:31:51.730	13.86	-37.485	-41.37	0.893772	-0.071492	0.355752	0.2205	0.6945	-0.3	0	306	342	3
2026-02-12	15:31:51.750	5.705	-33.67	-47.81	0.93696	-0.036844	0.293776	0.2175	0.693	-0.2925	0	306	342	3
2026-02-12	15:31:51.770	-5.95	-31.01	-55.825	0.980392	-0.016592	0.278648	0.2085	0.6885	-0.291	0	306	342	3
2026-02-12	15:31:51.790	-16.1	-26.845	-62.825	0.995276	-0.025864	0.275476	0.198	0.6795	-0.2955	0	306	342	3
2026-02-12	15:31:51.810	-22.33	-24.08	-68.6	0.999424	-0.027572	0.303292	0.195	0.675	-0.2955	0	307	330	3
2026-02-12	15:31:51.830	-31.36	-20.405	-73.85	0.996984	-0.0732	0.344772	0.198	0.6735	-0.2835	0	307	330	3
2026-02-12	15:31:51.850	-39.13	-15.295	-77	0.989908	-0.119316	0.39528	0.189	0.6705	-0.2835	0	307	330	3
2026-02-12	15:31:51.870	-43.33	-9.59	-77.91	0.983076	-0.146888	0.421876	0.177	0.6645	-0.276	0	307	330	3
2026-02-12	15:31:51.890	-46.34	-5.53	-77.105	0.959164	-0.138592	0.419436	0.1785	0.6555	-0.2685	0	307	330	3
2026-02-12	15:31:51.910	-51.73	-4.095	-75.565	0.94672	-0.13298	0.3843	0.1755	0.6555	-0.273	0	307	330	3
2026-02-12	15:31:51.930	-58.8	-5.88	-73.92	0.9333	-0.127368	0.3477	0.177	0.6525	-0.2835	0	307	330	3
2026-02-12	15:31:51.950	-64.19	-8.54	-73.535	0.927688	-0.132004	0.322324	0.177	0.6525	-0.2835	0	307	330	3
2026-02-12	15:31:51.970	-64.96	-10.535	-73.99	0.935008	-0.151768	0.319152	0.165	0.6525	-0.2745	0	307	330	3
2026-02-12	15:31:51.990	-61.32	-12.145	-73.92	0.937204	-0.163236	0.31598	0.156	0.6525	-0.267	0	307	330	3
2026-02-12	15:31:52.010	-55.125	-13.65	-73.57	0.932568	-0.181536	0.355996	0.156	0.651	-0.261	0	302	333	2
2026-02-12	15:31:52.030	-48.02	-11.83	-73.045	0.932568	-0.16958	0.436272	0.153	0.6495	-0.255	0	302	333	2
2026-02-12	15:31:52.050	-47.915	-8.89	-73.395	0.943304	-0.153232	0.480924	0.147	0.6405	-0.258	0	302	333	2
2026-02-12	15:31:52.070	-62.125	-6.93	-71.435	0.982344	-0.194712	0.530456	0.1455	0.639	-0.255	0	302	333	2
2026-02-12	15:31:52.090	-88.2	-6.44	-62.965	1.074088	-0.25498	0.598288	0.144	0.639	-0.249	0	302	333	2
2026-02-12	15:31:52.110	-102.55	0.525	-46.305	1.026752	-0.32818	0.589504	0.1395	0.6375	-0.258	0	302	333	2
2026-02-12	15:31:52.130	-94.29	7.315	-24.395	0.920856	-0.312808	0.511668	0.1305	0.645	-0.2445	0	302	333	2
2026-02-12	15:31:52.150	-80.605	10.08	-3.115	0.885964	-0.321104	0.459208	0.1305	0.648	-0.234	0	302	333	2
2026-02-12	15:31:52.170	-80.85	13.615	9.45	0.825208	-0.365268	0.449448	0.135	0.6555	-0.2325	0	302	333	2
2026-02-12	15:31:52.190	-87.605	16.275	15.855	0.736636	-0.421876	0.44164	0.141	0.666	-0.2355	0	302	333	2
2026-02-12	15:31:52.210	-90.93	16.59	18.795	0.64904	-0.454572	0.424072	0.141	0.675	-0.2415	0	292	350	3
2026-02-12	15:31:52.230	-88.585	16.38	16.695	0.543876	-0.470188	0.405772	0.1395	0.6795	-0.2445	0	292	350	3
2026-02-12	15:31:52.250	-84.42	14.98	12.005	0.437492	-0.49654	0.35258	0.153	0.693	-0.246	0	292	350	3
2026-02-12	15:31:52.270	-80.675	12.495	8.26	0.373564	-0.552172	0.289628	0.147	0.7005	-0.234	0	292	350	3
2026-02-12	15:31:52.290	-72.345	8.855	4.62	0.341844	-0.570716	0.226188	0.156	0.711	-0.222	0	292	350	3
2026-02-12	15:31:52.310	-59.01	0.07	-4.165	0.457256	-0.554124	0.155672	0.15	0.7185	-0.228	0	292	350	3
2026-02-12	15:31:52.330	-43.155	-12.075	-17.955	0.650748	-0.556564	0.13298	0.1455	0.717	-0.2235	0	292	350	3
2026-02-12	15:31:52.350	-19.81	-24.185	-33.88	0.828136	-0.62952	0.195932	0.1515	0.7185	-0.2145	0	292	350	3
2026-02-12	15:31:52.370	53.655	-31.85	-52.71	1.214876	-0.862784	0.406016	0.144	0.729	-0.213	0	292	350	3
2026-02-12	15:31:52.390	120.4	-22.085	-50.96	1.381772	-0.86986	0.531188	0.1335	0.717	-0.213	0	292	350	3
2026-02-12	15:31:52.410	171.43	-4.27	-35.315	1.369084	-0.702232	0.448228	0.1245	0.6945	-0.2115	0	284	364	3
2026-02-12	15:31:52.430	195.93	7.42	-17.745	1.326872	-0.518744	0.287432	0.126	0.675	-0.216	0	284	364	3
2026-02-12	15:31:52.450	193.935	13.755	2.38	1.269776	-0.394304	0.230336	0.1275	0.6675	-0.225	0	284	364	3
2026-02-12	15:31:52.470	170.555	24.255	23.905	1.15778	-0.357948	0.219112	0.1335	0.6525	-0.2355	0	284	364	3
2026-02-12	15:31:52.490	140.56	28.84	45.535	1.036756	-0.229116	0.248148	0.126	0.6285	-0.243	0	284	364	3
2026-02-12	15:31:52.510	97.755	27.09	65.1	1.01138	-0.158356	0.332084	0.126	0.624	-0.249	0	284	364	3
2026-02-12	15:31:52.530	51.275	23.8	85.085	0.987712	-0.125172	0.399916	0.141	0.6165	-0.2565	0	284	364	3
2026-02-12	15:31:52.550	12.53	20.055	105.7	0.979416	-0.121756	0.439932	0.141	0.6195	-0.2535	0	284	364	3
2026-02-12	15:31:52.570	-15.68	16.52	129.395	0.995032	-0.124928	0.410408	0.1425	0.6345	-0.255	0	284	364	3
2026-02-12	15:31:52.590	-28.385	12.46	148.785	1.072624	-0.151768	0.346724	0.1425	0.6345	-0.255	0	284	364	3
2026-02-12	15:31:52.610	-26.11	8.47	158.48	1.195356	-0.16592	0.32452	0.1515	0.66	-0.258	0	283	365	3
2026-02-12	15:31:52.630	-22.015	8.785	163.38	1.210972	-0.18544	0.312808	0.168	0.696	-0.2565	0	283	365	3
2026-02-12	15:31:52.650	-13.51	13.09	162.645	1.194136	-0.199348	0.316956	0.183	0.72	-0.2535	0	283	365	3
2026-02-12	15:31:52.670	1.855	19.775	155.925	1.175592	-0.1952	0.336476	0.192	0.7335	-0.255	0	283	365	3
2026-02-12	15:31:52.690	16.24	26.32	144.865	1.145092	-0.14396	0.314028	0.1995	0.7485	-0.2505	0	283	365	3
2026-02-12	15:31:52.710	15.855	29.575	128.695	1.09678	-0.077592	0.265472	0.216	0.7665	-0.255	0	283	365	3
2026-02-12	15:31:52.730	1.085	29.61	107.835	0.989176	-0.051728	0.206912	0.2295	0.7725	-0.255	0	283	365	3
2026-02-12	15:31:52.750	-15.155	22.96	81.165	0.971608	-0.057584	0.189588	0.243	0.7815	-0.2625	0	283	365	3
2026-02-12	15:31:52.770	-28.665	14.945	50.715	0.965264	-0.091256	0.222284	0.258	0.7845	-0.261	0	283	365	3
2026-02-12	15:31:52.790	-34.265	6.44	16.59	0.916952	-0.164944	0.281332	0.2565	0.783	-0.267	0	283	365	3
2026-02-12	15:31:52.810	-25.865	-1.575	-8.995	0.84302	-0.22448	0.342088	0.2595	0.7935	-0.264	0	283	358	3
2026-02-12	15:31:52.830	-7	-8.4	-21.56	0.79544	-0.227652	0.39772	0.2685	0.804	-0.2535	0	283	358	3
2026-02-12	15:31:52.850	20.16	-13.825	-29.365	0.81862	-0.251564	0.45506	0.267	0.801	-0.246	0	283	358	3
2026-02-12	15:31:52.870	57.4	-14.14	-32.34	0.882548	-0.244244	0.490928	0.2625	0.798	-0.2475	0	283	358	3
2026-02-12	15:31:52.890	90.755	-10.535	-31.5	0.887672	-0.180072	0.467016	0.2655	0.7965	-0.249	0	283	358	3
2026-02-12	15:31:52.910	109.165	-6.615	-30.31	0.884744	-0.103456	0.409188	0.252	0.7815	-0.261	0	283	358	3
2026-02-12	15:31:52.930	106.33	-6.51	-33.39	0.915	-0.015372	0.361608	0.252	0.7755	-0.2655	0	283	358	3
2026-02-12	15:31:52.950	78.855	-6.65	-42.14	0.924516	0.047336	0.329888	0.249	0.7605	-0.2655	0	283	358	3
2026-02-12	15:31:52.970	38.465	-6.72	-53.655	0.944036	0.060268	0.305	0.2475	0.753	-0.2865	0	283	358	3
2026-02-12	15:31:52.990	-1.085	-5.18	-64.89	0.946476	0.048312	0.297192	0.246	0.744	-0.2925	0	283	358	3
2026-02-12	15:31:53.010	-47.985	-1.4	-78.015	0.945256	0.014396	0.290116	0.2385	0.735	-0.2835	0	283	352	2
2026-02-12	15:31:53.030	-76.09	0.07	-85.575	0.949404	-0.03416	0.291336	0.2325	0.729	-0.2835	0	283	352	2
2026-02-12	15:31:53.050	-98.665	-0.28	-92.19	0.976	-0.086376	0.303292	0.225	0.726	-0.2775	0	283	352	2
2026-02-12	15:31:53.070	-117.425	-0.245	-97.3	1.037976	-0.18788	0.382836	0.213	0.7305	-0.2715	0	283	352	2
2026-02-12	15:31:53.090	-120.645	10.255	-100.03	1.077748	-0.26596	0.489708	0.2085	0.7365	-0.2655	0	283	352	2
2026-02-12	15:31:53.110	-113.96	28.14	-101.115	1.048468	-0.188856	0.564616	0.213	0.741	-0.261	0	283	352	2
2026-02-12	15:31:53.130	-125.755	44.975	-102.97	0.991616	-0.101504	0.489708	0.207	0.744	-0.255	0	283	352	2
2026-02-12	15:31:53.150	-156.45	53.655	-105.77	0.930616	-0.078812	0.344284	0.1995	0.747	-0.2505	0	283	352	2
2026-02-12	15:31:53.170	-194.705	51.065	-108.43	0.921588	-0.10004	0.244976	0.198	0.744	-0.246	0	283	352	2
2026-02-12	15:31:53.190	-230.055	45.92	-109.515	0.933056	-0.200324	0.195932	0.204	0.7515	-0.2355	0	283	352	2
2026-02-12	15:31:53.210	-244.195	40.25	-106.155	0.94916	-0.324276	0.214476	0.1935	0.768	-0.228	0	280	351	3
2026-02-12	15:31:53.230	-233.135	33.74	-100.59	0.96502	-0.439932	0.255712	0.1935	0.768	-0.228	0	280	351	3
2026-02-12	15:31:53.250	-212.66	29.505	-95.445	0.976	-0.521428	0.262544	0.18	0.78	-0.2055	0	280	351	3
2026-02-12	15:31:53.270	-182.14	25.865	-91.175	0.953552	-0.588528	0.274012	0.168	0.795	-0.174	0	280	351	3
2026-02-12	15:31:53.290	-145.04	23.66	-86.835	0.901336	-0.63562	0.28426	0.165	0.8025	-0.165	0	280	351	3
2026-02-12	15:31:53.310	-108.815	20.895	-81.69	0.845704	-0.648552	0.263276	0.159	0.7995	-0.159	0	280	351	3
2026-02-12	15:31:53.330	-75.25	16.17	-76.58	0.79178	-0.638304	0.248636	0.1605	0.7935	-0.1545	0	280	351	3
2026-02-12	15:31:53.350	-49.35	9.905	-71.89	0.725168	-0.626592	0.270108	0.1515	0.798	-0.1425	0	280	351	3
2026-02-12	15:31:53.370	-30.66	4.515	-67.795	0.667096	-0.642208	0.310856	0.15	0.7905	-0.1395	0	280	351	3
2026-02-12	15:31:53.390	-14.98	0.28	-62.93	0.63318	-0.648308	0.29768	0.126	0.777	-0.1395	0	280	351	3
2026-02-12	15:31:53.410	-2.205	-3.43	-56.56	0.603168	-0.629276	0.254004	0.126	0.774	-0.144	0	276	345	3
2026-02-12	15:31:53.430	8.575	-10.535	-47.81	0.569252	-0.627568	0.223748	0.126	0.7725	-0.1425	0	276	345	3
2026-02-12	15:31:53.450	20.65	-18.48	-37.03	0.512888	-0.652944	0.219356	0.1245	0.7635	-0.1365	0	276	345	3
2026-02-12	15:31:53.470	33.845	-27.685	-27.895	0.5368	-0.660752	0.2135	0.123	0.7515	-0.1335	0	276	345	3
2026-02-12	15:31:53.490	50.33	-37.415	-19.74	0.603168	-0.658068	0.209352	0.114	0.747	-0.132	0	276	345	3
2026-02-12	15:31:53.510	73.535	-46.06	-11.305	0.666608	-0.670756	0.224236	0.1035	0.744	-0.132	0	276	345	3
2026-02-12	15:31:53.530	108.395	-54.425	-3.85	0.805932	-0.683688	0.24766	0.0975	0.7395	-0.132	0	276	345	3
2026-02-12	15:31:53.550	159.285	-59.815	-0.945	1.094096	-0.750788	0.312076	0.0945	0.7365	-0.129	0	276	345	3
2026-02-12	15:31:53.570	233.1	-55.895	-0.805	1.50426	-0.843996	0.443104	0.0945	0.7305	-0.1335	0	276	345	3
2026-02-12	15:31:53.590	307.09	-39.62	10.255	1.80682	-0.81984	0.51362	0.087	0.72	-0.144	0	276	345	3
2026-02-12	15:31:53.610	341.32	-17.36	32.445	1.768512	-0.614636	0.428464	0.081	0.7005	-0.1485	0	277	333	3
2026-02-12	15:31:53.630	323.295	5.145	51.275	1.59332	-0.382836	0.329156	0.0915	0.69	-0.168	0	277	333	3
2026-02-12	15:31:53.650	249.515	35.35	73.535	1.330776	-0.21228	0.258152	0.09	0.666	-0.1815	0	277	333	3
2026-02-12	15:31:53.670	202.16	44.555	88.55	1.141432	-0.115168	0.233752	0.093	0.6585	-0.1935	0	277	333	3
2026-02-12	15:31:53.690	158.06	45.255	100.8	0.982588	-0.017812	0.232288	0.0975	0.6465	-0.2145	0	277	333	3
2026-02-12	15:31:53.710	110.635	42.14	109.41	0.874496	0.007076	0.243268	0.1035	0.648	-0.2295	0	277	333	3
2026-02-12	15:31:53.730	66.605	38.36	115.08	0.808616	-0.013908	0.231312	0.1095	0.654	-0.237	0	277	333	3
2026-02-12	15:31:53.750	28	31.99	117.88	0.776164	-0.020008	0.21228	0.1155	0.6585	-0.243	0	277	333	3
2026-02-12	15:31:53.770	-6.405	24.325	119.315	0.781044	-0.088572	0.19764	0.1215	0.663	-0.2475	0	277	333	3
2026-02-12	15:31:53.790	-25.48	18.69	119.945	0.87474	-0.1708	0.21472	0.1305	0.6705	-0.2475	0	277	333	3
2026-02-12	15:31:53.810	-29.54	17.99	118.615	0.9516	-0.212768	0.229116	0.144	0.687	-0.249	0	284	320	3
2026-02-12	15:31:53.830	-29.4	20.86	115.22	0.9516	-0.2501	0.23424	0.147	0.705	-0.2445	0	284	320	3
2026-02-12	15:31:53.850	-15.82	24.01	105.28	1.02602	-0.318664	0.238876	0.1485	0.7125	-0.252	0	284	320	3
2026-02-12	15:31:53.870	14.105	30.03	91.56	1.13582	-0.3477	0.261324	0.1485	0.7125	-0.252	0	284	320	3
2026-02-12	15:31:53.890	40.845	37.205	80.29	1.203652	-0.284016	0.246684	0.1635	0.729	-0.2475	0	284	320	3
2026-02-12	15:31:53.910	50.855	43.89	69.405	1.21756	-0.184708	0.18666	0.1875	0.747	-0.249	0	284	320	3
2026-02-12	15:31:53.930	42.105	46.34	58.52	1.213656	-0.089548	0.102724	0.1965	0.75	-0.2535	0	284	320	3
2026-02-12	15:31:53.950	19.18	42.805	45.465	1.175592	-0.052704	0.062464	0.204	0.756	-0.258	0	284	320	3
2026-02-12	15:31:53.970	-5.985	35.805	31.955	1.100684	-0.075884	0.091012	0.216	0.7635	-0.2625	0	284	320	3
2026-02-12	15:31:53.990	-23.485	27.09	21	1.046028	-0.108336	0.176656	0.219	0.765	-0.2625	0	284	320	3
2026-02-12	15:31:54.010	-34.405	17.64	10.955	0.975024	-0.143472	0.273768	0.219	0.765	-0.2625	0	294	302	3
2026-02-12	15:31:54.030	-35.595	11.62	5.18	0.924028	-0.171044	0.29402	0.228	0.768	-0.264	0	294	302	3
2026-02-12	15:31:54.050	-27.755	1.715	-3.36	0.916708	-0.224236	0.309392	0.2265	0.771	-0.2685	0	294	302	3
2026-02-12	15:31:54.070	-0.63	-10.08	-15.715	0.926468	-0.264496	0.353068	0.2385	0.7755	-0.261	0	294	302	3
2026-02-12	15:31:54.090	37.695	-16.8	-24.5	0.881328	-0.295728	0.418704	0.2325	0.771	-0.2595	0	294	302	3
2026-02-12	15:31:54.110	76.02	-16.415	-24.57	0.832772	-0.284016	0.453352	0.2205	0.765	-0.2625	0	294	302	3
2026-02-12	15:31:54.130	109.305	-14.07	-21.175	0.801784	-0.199836	0.447496	0.2145	0.7605	-0.2715	0	294	302	3
2026-02-12	15:31:54.150	121.065	-11.97	-19.145	0.7991	-0.042944	0.412848	0.2145	0.75	-0.273	0	294	302	3
2026-02-12	15:31:54.170	97.125	-13.265	-23.66	0.802272	0.10492	0.353556	0.216	0.738	-0.2775	0	294	302	3
2026-02-12	15:31:54.190	45.675	-17.43	-33.11	0.803492	0.174216	0.296704	0.219	0.7335	-0.285	0	294	302	3
2026-02-12	15:31:54.210	-5.565	-21.665	-45.29	0.8662	0.122244	0.244	0.201	0.7215	-0.285	0	300	290	3
2026-02-12	15:31:54.230	-37.695	-25.445	-56.98	0.938424	0.098088	0.217404	0.2055	0.7125	-0.2835	0	300	290	3
2026-02-12	15:31:54.250	-63.42	-25.9	-66.255	0.97844	0.031964	0.210328	0.1935	0.714	-0.2805	0	300	290	3
2026-02-12	15:31:54.270	-84.875	-23.45	-72.94	0.97722	-0.032452	0.215208	0.1845	0.7155	-0.282	0	300	290	3
2026-02-12	15:31:54.290	-101.185	-20.79	-79.03	0.97234	-0.1403	0.235704	0.1845	0.714	-0.261	0	300	290	3
2026-02-12	15:31:54.310	-94.57	-18.62	-79.835	0.955748	-0.18788	0.272304	0.1755	0.7155	-0.2565	0	300	290	3
2026-02-12	15:31:54.330	-77.175	-14.945	-80.57	0.944768	-0.203496	0.302316	0.159	0.7215	-0.249	0	300	290	3
2026-02-12	15:31:54.350	-57.12	-12.565	-81.165	0.941596	-0.20252	0.315248	0.1515	0.7215	-0.2385	0	300	290	3
2026-02-12	15:31:54.370	-41.51	-12.25	-82.39	0.965752	-0.17812	0.322324	0.1515	0.7155	-0.2355	0	300	290	3
2026-02-12	15:31:54.390	-34.79	-13.02	-84.42	0.986736	-0.155428	0.31232	0.1455	0.7125	-0.237	0	300	290	3
2026-02-12	15:31:54.410	-33.18	-14.175	-86.485	0.990396	-0.15128	0.295484	0.1395	0.708	-0.231	0	301	288	3
2026-02-12	15:31:54.430	-31.71	-16.24	-87.22	0.977708	-0.154452	0.27206	0.138	0.705	-0.2265	0	301	288	3
2026-02-12	15:31:54.450	-29.12	-20.37	-87.29	0.983564	-0.161772	0.263032	0.129	0.696	-0.2295	0	301	288	3
2026-02-12	15:31:54.470	-23.485	-25.375	-86.45	0.973316	-0.188612	0.263032	0.126	0.6885	-0.2295	0	301	288	3
2026-02-12	15:31:54.490	-10.185	-31.92	-83.825	0.979904	-0.214476	0.277916	0.1125	0.6765	-0.219	0	301	288	3
2026-02-12	15:31:54.510	7.175	-38.15	-81.55	0.997472	-0.247172	0.319884	0.1125	0.6765	-0.219	0	301	288	3
2026-02-12	15:31:54.530	23.065	-41.09	-77.21	0.970876	-0.261568	0.353556	0.1005	0.666	-0.213	0	301	288	3
2026-02-12	15:31:54.550	40.775	-44.135	-70.105	0.95648	-0.255956	0.3904	0.0855	0.648	-0.207	0	301	288	3
2026-02-12	15:31:54.570	55.93	-45.255	-61.705	0.945012	-0.23668	0.42456	0.0825	0.6345	-0.198	0	301	288	3
2026-02-12	15:31:54.590	65.87	-44.485	-54.53	0.967704	-0.1952	0.454084	0.0825	0.6195	-0.192	0	301	288	3
2026-02-12	15:31:54.610	67.76	-41.825	-48.3	0.951844	-0.177388	0.488244	0.075	0.606	-0.192	0	295	293	3
2026-02-12	15:31:54.630	61.32	-36.995	-40.425	0.878888	-0.164456	0.504592	0.0675	0.5955	-0.189	0	295	293	3
2026-02-12	15:31:54.650	50.75	-32.76	-32.585	0.815692	-0.150548	0.517524	0.0645	0.5895	-0.1875	0	295	293	3
2026-02-12	15:31:54.670	36.75	-30.485	-27.615	0.799832	-0.13664	0.524356	0.0645	0.588	-0.1755	0	295	293	3
2026-02-12	15:31:54.690	15.435	-29.435	-24.85	0.762256	-0.151524	0.496784	0.0645	0.573	-0.162	0	295	293	3
2026-02-12	15:31:54.710	-10.71	-35.98	-21.035	0.687592	-0.23424	0.407724	0.0615	0.5715	-0.1725	0	295	293	3
2026-02-12	15:31:54.730	-9.275	-45.255	-19.775	0.761768	-0.384544	0.461892	0.057	0.57	-0.162	0	295	293	3
2026-02-12	15:31:54.750	27.79	-42.665	-17.955	0.910852	-0.471408	0.615368	0.0555	0.57	-0.1515	0	295	293	3
2026-02-12	15:31:54.770	72.555	-33.705	-9.1	1.02846	-0.47336	0.715652	0.0525	0.5715	-0.1455	0	295	293	3
2026-02-12	15:31:54.790	108.885	-18.76	5.985	1.142652	-0.473604	0.756888	0.0495	0.5655	-0.1365	0	295	293	3
2026-02-12	15:31:54.810	146.09	-0.21	26.075	1.238788	-0.432612	0.801296	0.054	0.561	-0.132	0	284	323	3
2026-02-12	15:31:54.830	171.43	20.3	47.635	1.270752	-0.290848	0.762744	0.0555	0.5565	-0.1335	0	284	323	3
2026-02-12	15:31:54.850	166.075	38.29	65.38	1.269044	-0.11346	0.649772	0.048	0.549	-0.138	0	284	323	3
2026-02-12	15:31:54.870	133.245	53.445	77.105	1.252208	0.00488	0.533872	0.0465	0.5475	-0.141	0	284	323	3
2026-02-12	15:31:54.890	90.125	66.045	81.935	1.27002	0.05612	0.486292	0.054	0.558	-0.1485	0	284	323	3
2026-02-12	15:31:54.910	48.44	77.35	80.675	1.343464	0.067588	0.469944	0.06	0.5565	-0.15	0	284	323	3
2026-02-12	15:31:54.930	-30.52	88.585	77.385	1.371768	0.068808	0.40748	0.0675	0.576	-0.153	0	284	323	3
2026-02-12	15:31:54.950	-92.54	92.085	78.785	1.291248	-0.008784	0.341112	0.0765	0.5835	-0.168	0	284	323	3
2026-02-12	15:31:54.970	-139.09	89.075	85.085	1.232932	-0.099064	0.267668	0.087	0.606	-0.18	0	284	323	3
2026-02-12	15:31:54.990	-168.525	80.99	95.725	1.256356	-0.1403	0.190808	0.099	0.6315	-0.1755	0	284	323	3
2026-02-12	15:31:55.010	-195.335	74.585	111.3	1.199748	-0.160796	0.13542	0.1035	0.663	-0.174	0	276	366	3
2026-02-12	15:31:55.030	-213.43	68.88	128.275	1.11996	-0.191296	0.069784	0.1095	0.693	-0.174	0	276	366	3
2026-02-12	15:31:55.050	-217.875	56.315	144.025	1.082628	-0.186904	0.02196	0.129	0.7275	-0.168	0	276	366	3
2026-02-12	15:31:55.070	-209.265	41.37	154.98	1.102636	-0.202276	-0.006588	0.1425	0.768	-0.1545	0	276	366	3
2026-02-12	15:31:55.090	-189.28	26.88	160.02	1.097268	-0.176412	-0.034892	0.1455	0.7875	-0.1485	0	276	366	3
2026-02-12	15:31:55.110	-168.105	16.03	159.67	0.99796	-0.165432	-0.066856	0.1635	0.81	-0.126	0	276	366	3
2026-02-12	15:31:55.130	-138.39	2.695	147.385	0.909876	-0.111508	-0.083936	0.189	0.8445	-0.117	0	276	366	3
2026-02-12	15:31:55.150	-105.805	-6.195	126.42	0.853756	-0.1647	-0.08906	0.207	0.8715	-0.099	0	276	366	3
2026-02-12	15:31:55.170	-74.445	-8.225	106.925	0.85766	-0.226432	-0.079788	0.234	0.9045	-0.0795	0	276	366	3
2026-02-12	15:31:55.190	-41.895	-5.705	88.69	0.822524	-0.230336	-0.070028	0.2505	0.921	-0.072	0	276	366	3
2026-02-12	15:31:55.210	-12.18	-3.57	70.28	0.805932	-0.212768	-0.080032	0.2685	0.9345	-0.0675	0	273	359	3
2026-02-12	15:31:55.230	18.13	-4.585	52.955	0.795196	-0.208864	-0.049288	0.285	0.939	-0.066	0	273	359	3
2026-02-12	15:31:55.250	50.645	-4.55	36.785	0.787144	-0.202032	0.00122	0.294	0.948	-0.0735	0	273	359	3
2026-02-12	15:31:55.270	84.7	-1.365	18.34	0.830332	-0.2196	0.053436	0.3045	0.9525	-0.0825	0	273	359	3
2026-02-12	15:31:55.290	115.605	2.87	-3.22	0.909144	-0.205936	0.063684	0.3105	0.951	-0.087	0	273	359	3
2026-02-12	15:31:55.310	132.37	0.175	-35.245	1.11264	-0.14152	0.014396	0.3045	0.9435	-0.1065	0	273	359	3
2026-02-12	15:31:55.330	129.85	-7.805	-70.77	1.143628	-0.132492	0.015372	0.309	0.936	-0.12	0	273	359	3
2026-02-12	15:31:55.350	115.815	-29.68	-110.39	1.088484	-0.226188	0.330376	0.3015	0.9255	-0.1455	0	273	359	3
2026-02-12	15:31:55.370	120.855	-37.8	-122.255	1.072136	-0.294508	0.592432	0.279	0.909	-0.159	0	273	359	3
2026-02-12	15:31:55.390	135.485	-35.525	-119.63	1.016504	-0.249612	0.664168	0.252	0.879	-0.18	0	273	359	3
2026-02-12	15:31:55.410	148.715	-35.245	-110.495	0.95648	-0.167384	0.62464	0.237	0.8625	-0.195	0	275	311	3
2026-02-12	15:31:55.430	152.67	-36.925	-97.685	0.940864	-0.171776	0.578768	0.2235	0.8445	-0.207	0	275	311	3
2026-02-12	15:31:55.450	150.85	-35.525	-85.75	0.947208	-0.178364	0.50874	0.2115	0.8265	-0.219	0	275	311	3
2026-02-12	15:31:55.470	136.045	-34.335	-78.435	0.94428	-0.053924	0.434564	0.198	0.807	-0.228	0	275	311	3
2026-02-12	15:31:55.490	93.94	-29.575	-78.19	0.898896	0.02684	0.371124	0.189	0.783	-0.24	0	275	311	3
2026-02-12	15:31:55.510	42.63	-24.71	-83.65	0.895968	0.048556	0.312564	0.186	0.774	-0.246	0	275	311	3
2026-02-12	15:31:55.530	1.75	-20.895	-91.385	0.976244	0.026108	0.310124	0.1785	0.762	-0.2445	0	275	311	3
2026-02-12	15:31:55.550	-29.785	-13.615	-96.145	1.018212	-0.038796	0.351116	0.1695	0.75	-0.2475	0	275	311	3
2026-02-12	15:31:55.570	-65.87	-3.92	-93.24	0.988932	-0.128832	0.366488	0.1695	0.75	-0.2475	0	275	311	3
2026-02-12	15:31:55.590	-81.13	-4.48	-89.915	1.012112	-0.167628	0.347456	0.1575	0.7425	-0.243	0	275	311	3
2026-02-12	15:31:55.610	-89.215	-5.88	-86.275	0.998448	-0.210572	0.341112	0.1455	0.735	-0.2325	0	277	289	3
2026-02-12	15:31:55.630	-86.8	-7.42	-78.75	0.947208	-0.222772	0.335012	0.138	0.732	-0.2265	0	277	289	3
2026-02-12	15:31:55.650	-76.86	-9.31	-68.635	0.895236	-0.181292	0.32208	0.135	0.729	-0.2235	0	277	289	3
2026-02-12	15:31:55.670	-66.535	-11.165	-61.46	0.875228	-0.130296	0.30378	0.126	0.735	-0.2175	0	277	289	3
2026-02-12	15:31:55.690	-60.13	-13.685	-57.645	0.877424	-0.128344	0.294264	0.12	0.7335	-0.213	0	277	289	3
2026-02-12	15:31:55.710	-55.335	-17.08	-54.6	0.915244	-0.172996	0.312076	0.117	0.729	-0.207	0	277	289	3
2026-02-12	15:31:55.730	-44.66	-18.2	-50.96	0.942084	-0.207644	0.34404	0.1125	0.729	-0.204	0	277	289	3
2026-02-12	15:31:55.750	-30.905	-17.15	-47.25	0.954528	-0.178608	0.347944	0.111	0.72	-0.1935	0	277	289	3
2026-02-12	15:31:55.770	-22.26	-14.35	-43.26	0.96136	-0.168116	0.316712	0.096	0.7245	-0.192	0	277	289	3
2026-02-12	15:31:55.790	-14.28	-13.16	-38.64	0.987712	-0.188368	0.278404	0.093	0.717	-0.192	0	277	289	3
2026-02-12	15:31:55.810	-6.02	-13.09	-35.21	1.009916	-0.193492	0.294996	0.09	0.708	-0.192	0	276	293	3
2026-02-12	15:31:55.830	-0.735	-12.355	-32.55	1.020896	-0.189588	0.341356	0.093	0.7065	-0.1935	0	276	293	3
2026-02-12	15:31:55.850	-2.66	-10.605	-29.68	0.981124	-0.172508	0.386252	0.093	0.7065	-0.192	0	276	293	3
2026-02-12	15:31:55.870	-11.935	-10.08	-27.125	0.948428	-0.15494	0.400404	0.09	0.702	-0.1905	0	276	293	3
2026-02-12	15:31:55.890	-25.865	-10.99	-25.865	0.91988	-0.159088	0.424804	0.087	0.6945	-0.1875	0	276	293	3
2026-02-12	15:31:55.910	-39.165	-9.695	-24.745	0.865224	-0.226188	0.4941	0.0825	0.693	-0.1875	0	276	293	3
2026-02-12	15:31:55.930	-46.76	-7.35	-22.19	0.808372	-0.298656	0.539484	0.0825	0.693	-0.1845	0	276	293	3
2026-02-12	15:31:55.950	-46.655	-5.845	-17.29	0.742492	-0.329644	0.531432	0.087	0.693	-0.1785	0	276	293	3
2026-02-12	15:31:55.970	-44.45	-6.895	-10.185	0.645624	-0.352336	0.465552	0.081	0.6885	-0.174	0	276	293	3
2026-02-12	15:31:55.990	-28.14	-20.755	0.84	0.561688	-0.397476	0.364536	0.084	0.6915	-0.18	0	276	293	3
2026-02-12	15:31:56.010	-4.9	-34.265	5.74	0.601948	-0.446032	0.364292	0.084	0.693	-0.174	0	270	313	3
2026-02-12	15:31:56.030	31.675	-44.73	7.875	0.764696	-0.52216	0.431392	0.084	0.6945	-0.1665	0	270	313	3
2026-02-12	15:31:56.050	84.91	-49.14	8.225	1.025044	-0.584136	0.529236	0.0825	0.696	-0.1665	0	270	313	3
2026-02-12	15:31:56.070	156.625	-42.735	4.375	1.354932	-0.629032	0.717604	0.0795	0.6945	-0.1665	0	270	313	3
2026-02-12	15:31:56.090	221.06	-18.69	5.67	1.549644	-0.559248	0.80276	0.078	0.684	-0.168	0	270	313	3
2026-02-12	15:31:56.110	244.93	7.595	13.86	1.589904	-0.401624	0.615368	0.078	0.6705	-0.18	0	270	313	3
2026-02-12	15:31:56.130	222.075	29.855	19.495	1.510604	-0.270108	0.425536	0.0765	0.657	-0.1935	0	270	313	3
2026-02-12	15:31:56.150	173.985	48.02	27.965	1.354688	-0.210572	0.324276	0.0765	0.6405	-0.2055	0	270	313	3
2026-02-12	15:31:56.170	126.28	60.34	41.545	1.169004	-0.150548	0.295484	0.078	0.6315	-0.213	0	270	313	3
2026-02-12	15:31:56.190	86.87	66.675	58.345	0.982588	-0.096136	0.289628	0.0885	0.612	-0.225	0	270	313	3
2026-02-12	15:31:56.210	43.365	64.61	85.575	0.862296	-0.03782	0.295484	0.0885	0.612	-0.225	0	265	345	3
2026-02-12	15:31:56.230	19.25	61.425	100.695	0.8906	-0.016104	0.27938	0.102	0.615	-0.237	0	265	345	3
2026-02-12	15:31:56.250	-12.11	57.4	113.995	0.935984	-0.033672	0.240096	0.1185	0.624	-0.2595	0	265	345	3
2026-02-12	15:31:56.270	-44.695	51.625	126.7	0.9882	-0.059048	0.187636	0.1275	0.636	-0.267	0	265	345	3
2026-02-12	15:31:56.290	-76.02	44.73	138.67	0.974292	-0.083204	0.139324	0.1425	0.6525	-0.27	0	265	345	3
2026-02-12	15:31:56.310	-98	39.69	145.985	1.014796	-0.127368	0.13298	0.15	0.678	-0.2715	0	265	345	3
2026-02-12	15:31:56.330	-105.49	36.19	146.335	1.106052	-0.173484	0.138348	0.1605	0.699	-0.2715	0	265	345	3
2026-02-12	15:31:56.350	-104.545	34.195	142.415	1.182912	-0.212768	0.15128	0.1725	0.7185	-0.2715	0	265	345	3
2026-02-12	15:31:56.370	-97.86	35.07	137.165	1.171444	-0.254736	0.143716	0.183	0.7425	-0.27	0	265	345	3
2026-02-12	15:31:56.390	-82.39	36.015	129.535	1.15778	-0.260836	0.127856	0.1935	0.7545	-0.273	0	265	345	3
2026-02-12	15:31:56.410	-64.05	36.995	113.785	1.190232	-0.21838	0.05856	0.21	0.774	-0.2625	0	265	353	3
2026-02-12	15:31:56.430	-52.43	35.14	91.735	1.199748	-0.149816	-0.005368	0.222	0.789	-0.258	0	265	353	3
2026-02-12	15:31:56.450	-45.745	28.735	67.97	1.166076	-0.112972	-0.005124	0.2385	0.813	-0.2565	0	265	353	3
2026-02-12	15:31:56.470	-34.37	21.525	42.14	1.045052	-0.158112	0.036844	0.2505	0.8235	-0.252	0	265	353	3
2026-02-12	15:31:56.490	-13.37	12.53	18.305	1.01382	-0.253272	0.0915	0.267	0.8295	-0.2505	0	265	353	3
2026-02-12	15:31:56.510	11.13	5.145	-1.68	0.944036	-0.278404	0.150548	0.261	0.8325	-0.2535	0	265	353	3
2026-02-12	15:31:56.530	31.85	-0.455	-15.295	0.852292	-0.306708	0.243268	0.258	0.828	-0.2535	0	265	353	3
2026-02-12	15:31:56.550	56.21	-5.04	-21.105	0.798612	-0.315248	0.32452	0.264	0.8235	-0.2565	0	265	353	3
2026-02-12	15:31:56.570	90.405	-5.74	-22.925	0.79422	-0.230824	0.38552	0.261	0.8205	-0.261	0	265	353	3
2026-02-12	15:31:56.590	117.355	-6.335	-20.86	0.796172	-0.166164	0.363804	0.258	0.813	-0.2655	0	265	353	3
2026-02-12	15:31:56.610	135.73	-7.63	-16.38	0.832528	-0.127368	0.331352	0.258	0.8055	-0.27	0	265	327	3
2026-02-12	15:31:56.630	143.5	-9.765	-13.895	0.931104	-0.048312	0.320372	0.2595	0.792	-0.2715	0	265	327	3
2026-02-12	15:31:56.650	116.27	-10.605	-15.12	0.954284	0.027084	0.307196	0.2565	0.7725	-0.2895	0	265	327	3
2026-02-12	15:31:56.670	69.58	-12.6	-20.65	0.976732	0.10492	0.293776	0.2475	0.747	-0.309	0	265	327	3
2026-02-12	15:31:56.690	20.825	-15.015	-30.485	0.985516	0.13054	0.323544	0.2445	0.735	-0.3105	0	265	327	3
2026-02-12	15:31:56.710	-19.18	-14.315	-39.27	0.978928	0.015372	0.364536	0.2475	0.729	-0.3105	0	265	327	3
2026-02-12	15:31:56.730	-34.37	-12.075	-44.345	0.949648	-0.044408	0.407968	0.2385	0.7305	-0.3075	0	265	327	3
2026-02-12	15:31:56.750	-41.72	-10.36	-47.25	0.922564	-0.072712	0.40016	0.2325	0.7305	-0.3	0	265	327	3
2026-02-12	15:31:56.770	-44.24	-9.38	-49.42	0.89548	-0.101748	0.365268	0.2325	0.729	-0.297	0	265	327	3
2026-02-12	15:31:56.790	-39.655	-10.92	-51.59	0.885476	-0.116876	0.343308	0.228	0.7275	-0.297	0	265	327	3
2026-02-12	15:31:56.810	-30.765	-13.195	-54.285	0.884256	-0.124928	0.350628	0.219	0.726	-0.2985	0	265	306	2
2026-02-12	15:31:56.830	-21.98	-14.42	-57.295	0.880596	-0.116388	0.358436	0.216	0.729	-0.2985	0	265	306	2
2026-02-12	15:31:56.850	-18.41	-15.435	-62.335	0.891332	-0.130296	0.344284	0.216	0.729	-0.2985	0	265	306	2
2026-02-12	15:31:56.870	-19.355	-17.115	-65.66	0.920124	-0.142252	0.341844	0.207	0.7215	-0.288	0	265	306	2
2026-02-12	15:31:56.890	-21.42	-18.305	-69.51	0.913536	-0.152744	0.354044	0.1965	0.714	-0.282	0	265	306	2
2026-02-12	15:31:56.910	-23.065	-19.565	-72.8	0.90158	-0.165432	0.356972	0.1905	0.7125	-0.279	0	265	306	2
2026-02-12	15:31:56.930	-23.065	-21.525	-74.795	0.916708	-0.181292	0.37088	0.183	0.7125	-0.276	0	265	306	2
2026-02-12	15:31:56.950	-20.335	-22.4	-75.88	0.927688	-0.217648	0.401136	0.177	0.705	-0.2775	0	265	306	2
2026-02-12	15:31:56.970	-16.975	-22.68	-75.635	0.951112	-0.238388	0.415776	0.1725	0.6945	-0.2775	0	265	306	2
2026-02-12	15:31:56.990	-17.78	-22.505	-74.655	0.941352	-0.254004	0.423096	0.168	0.6885	-0.273	0	265	306	2
2026-02-12	15:31:57.010	-21.175	-22.54	-72.345	0.91866	-0.25986	0.414556	0.162	0.6855	-0.267	0	262	307	3
2026-02-12	15:31:57.030	-26.11	-22.925	-70.035	0.896212	-0.282796	0.43432	0.153	0.6855	-0.2595	0	262	307	3
2026-02-12	15:31:57.050	-24.85	-18.97	-65.135	0.8601	-0.361852	0.480924	0.1485	0.687	-0.255	0	262	307	3
2026-02-12	15:31:57.070	-13.86	-12.915	-56.77	0.791536	-0.416508	0.46848	0.1425	0.681	-0.2565	0	262	307	3
2026-02-12	15:31:57.090	1.505	-5.6	-45.255	0.687348	-0.450424	0.496784	0.135	0.6705	-0.258	0	262	307	3
2026-02-12	15:31:57.110	15.4	-3.045	-33.25	0.646844	-0.4636	0.542168	0.1335	0.663	-0.255	0	262	307	3
2026-02-12	15:31:57.130	20.23	-4.515	-23.835	0.66246	-0.434808	0.587552	0.1335	0.657	-0.2505	0	262	307	3
2026-02-12	15:31:57.150	9.45	-7.84	-17.15	0.71248	-0.393328	0.603412	0.135	0.6555	-0.249	0	262	307	3
2026-02-12	15:31:57.170	-7.98	-12.215	-13.23	0.795196	-0.404552	0.606828	0.132	0.6525	-0.2535	0	262	307	3
2026-02-12	15:31:57.190	-17.605	-14.98	-9.24	0.862296	-0.48312	0.57706	0.129	0.6495	-0.249	0	262	307	3
2026-02-12	15:31:57.210	-8.155	-21.875	-7.385	1.053348	-0.537044	0.587064	0.126	0.6495	-0.2445	0	256	334	3
2026-02-12	15:31:57.230	13.79	-24.045	-6.825	1.196332	-0.6039	0.627812	0.1215	0.642	-0.2415	0	256	334	3
2026-02-12	15:31:57.250	48.965	-18.095	1.4	1.263432	-0.654652	0.636352	0.1155	0.639	-0.237	0	256	334	3
2026-02-12	15:31:57.270	102.025	-3.99	20.125	1.278072	-0.543144	0.528016	0.114	0.6435	-0.237	0	256	334	3
2026-02-12	15:31:57.290	115.15	3.85	33.46	1.27612	-0.455792	0.468236	0.114	0.6375	-0.24	0	256	334	3
2026-02-12	15:31:57.310	113.89	9.555	45.745	1.250744	-0.39284	0.452132	0.1185	0.624	-0.246	0	256	334	3
2026-02-12	15:31:57.330	103.355	15.12	59.255	1.16754	-0.3477	0.42944	0.1245	0.6165	-0.2475	0	256	334	3
2026-02-12	15:31:57.350	87.325	20.195	74.025	1.056764	-0.273524	0.392108	0.126	0.615	-0.2535	0	256	334	3
2026-02-12	15:31:57.370	66.64	23.87	87.815	0.954284	-0.217648	0.347944	0.1275	0.6135	-0.261	0	256	334	3
2026-02-12	15:31:57.390	43.225	25.235	99.68	0.873032	-0.183732	0.30378	0.1335	0.6165	-0.261	0	256	334	3
2026-02-12	15:31:57.410	21.42	23.52	108.57	0.8601	-0.183488	0.270596	0.144	0.6225	-0.261	0	252	373	3
2026-02-12	15:31:57.430	5.67	20.93	114.415	0.891576	-0.190076	0.245952	0.1515	0.6345	-0.2625	0	252	373	3
2026-02-12	15:31:57.450	-4.795	18.865	117.95	0.902068	-0.190564	0.21838	0.153	0.648	-0.264	0	252	373	3
2026-02-12	15:31:57.470	-11.235	17.605	118.335	0.90768	-0.191784	0.19276	0.156	0.6615	-0.267	0	252	373	3
2026-02-12	15:31:57.490	-11.795	16.765	111.23	0.991616	-0.191296	0.185684	0.1575	0.672	-0.2715	0	252	373	3
2026-02-12	15:31:57.510	-11.025	19.425	103.565	0.981368	-0.190564	0.17202	0.171	0.687	-0.267	0	252	373	3
2026-02-12	15:31:57.530	-9.59	21.175	94.22	1.003084	-0.18056	0.146644	0.1845	0.7035	-0.264	0	252	373	3
2026-02-12	15:31:57.550	-7.665	20.685	81.025	1.085556	-0.187148	0.122488	0.1875	0.711	-0.2715	0	252	373	3
2026-02-12	15:31:57.570	-7.98	19.81	68.355	1.15534	-0.175924	0.100772	0.1935	0.7245	-0.276	0	252	373	3
2026-02-12	15:31:57.590	-13.16	16.52	57.225	1.195844	-0.150792	0.080276	0.2055	0.7335	-0.27	0	252	373	3
2026-02-12	15:31:57.610	-22.365	11.83	45.57	1.2261	-0.136396	0.077592	0.2115	0.7425	-0.267	0	250	380	3
2026-02-12	15:31:57.630	-31.955	7.14	35.665	1.162904	-0.15372	0.075884	0.213	0.7485	-0.27	0	250	380	3
2026-02-12	15:31:57.650	-33.88	-0.14	29.54	1.0309	-0.163236	0.090036	0.219	0.753	-0.27	0	250	380	3
2026-02-12	15:31:57.670	-27.195	-9.52	24.57	0.965996	-0.065636	0.123708	0.219	0.7605	-0.267	0	250	380	3
2026-02-12	15:31:57.690	-23.485	-15.715	9.905	0.923784	-0.039528	0.156404	0.219	0.765	-0.264	0	250	380	3
2026-02-12	15:31:57.710	-9.8	-20.3	-4.025	0.921832	-0.103944	0.17812	0.219	0.768	-0.2595	0	250	380	3
2026-02-12	15:31:57.730	12.915	-22.785	-12.355	0.925248	-0.111996	0.20984	0.2175	0.7695	-0.255	0	250	380	3
2026-02-12	15:31:57.750	35.77	-22.575	-19.67	0.955504	-0.060512	0.263032	0.2145	0.768	-0.252	0	250	380	3
2026-02-12	15:31:57.770	51.135	-18.305	-27.685	0.9882	-0.008296	0.268156	0.2145	0.7665	-0.246	0	250	380	3
2026-02-12	15:31:57.790	59.85	-12.81	-35.385	1.02358	0.0183	0.232532	0.2115	0.762	-0.249	0	250	380	3
2026-02-12	15:31:57.810	59.5	-9.59	-42.175	1.063596	0.051728	0.194956	0.2025	0.75	-0.261	0	250	348	3
2026-02-12	15:31:57.830	47.32	-7.595	-48.93	1.077016	0.071492	0.188856	0.1965	0.738	-0.2625	0	250	348	3
2026-02-12	15:31:57.850	29.855	-6.405	-56.42	1.079456	0.0549	0.234728	0.192	0.732	-0.2595	0	250	348	3
2026-02-12	15:31:57.870	13.615	-6.23	-63.63	1.079456	0.036356	0.305	0.189	0.723	-0.261	0	250	348	3
2026-02-12	15:31:57.890	-0.35	-6.72	-69.615	1.08092	0.010248	0.360388	0.1875	0.717	-0.264	0	250	348	3
2026-02-12	15:31:57.910	-17.325	-8.12	-76.72	1.053836	-0.017324	0.366976	0.183	0.7125	-0.264	0	250	348	3
2026-02-12	15:31:57.930	-23.94	-9.205	-80.15	1.012112	-0.038796	0.343308	0.177	0.705	-0.2625	0	250	348	3
2026-02-12	15:31:57.950	-25.165	-11.025	-82.635	0.99064	-0.06588	0.326228	0.174	0.699	-0.261	0	250	348	3
2026-02-12	15:31:57.970	-22.505	-12.6	-85.12	0.990884	-0.096624	0.32696	0.174	0.696	-0.2565	0	250	348	3
2026-02-12	15:31:57.990	-18.235	-12.25	-86.135	0.971852	-0.123952	0.33184	0.1695	0.687	-0.2535	0	250	348	3
2026-02-12	15:31:58.010	-11.83	-11.095	-84.7	0.942328	-0.149328	0.343796	0.1605	0.681	-0.255	0	248	316	3
2026-02-12	15:31:58.030	-1.61	-10.395	-82.04	0.92232	-0.160308	0.346236	0.1485	0.6765	-0.2535	0	248	316	3
2026-02-12	15:31:58.050	9.625	-10.22	-78.54	0.921832	-0.180804	0.34648	0.1395	0.666	-0.249	0	248	316	3
2026-02-12	15:31:58.070	19.74	-10.815	-74.095	0.9577	-0.206424	0.366732	0.1365	0.6555	-0.246	0	248	316	3
2026-02-12	15:31:58.090	27.755	-10.57	-68.6	0.9821	-0.218868	0.397476	0.1365	0.6405	-0.2445	0	248	316	3
2026-02-12	15:31:58.110	29.05	-10.955	-62.09	0.957456	-0.21228	0.4026	0.135	0.63	-0.2505	0	248	316	3
2026-02-12	15:31:58.130	16.03	-15.12	-52.675	0.875472	-0.206912	0.402356	0.1335	0.624	-0.2535	0	248	316	3
2026-02-12	15:31:58.150	3.395	-17.29	-47.04	0.817888	-0.217648	0.440176	0.126	0.615	-0.252	0	248	316	3
2026-02-12	15:31:58.170	-7.035	-18.235	-41.72	0.746884	-0.25132	0.462868	0.1215	0.6045	-0.246	0	248	316	3
2026-02-12	15:31:58.190	-20.405	-18.935	-32.9	0.563884	-0.285724	0.4209	0.12	0.603	-0.2415	0	248	316	3
2026-02-12	15:31:58.210	-28.525	-22.4	-18.55	0.323544	-0.276208	0.406016	0.117	0.6015	-0.2415	0	244	310	3
2026-02-12	15:31:58.230	-16.135	-29.085	-22.19	0.374784	-0.347212	0.502152	0.117	0.603	-0.24	0	244	310	3
2026-02-12	15:31:58.250	9.1	-28.105	-39.725	0.528992	-0.468968	0.632448	0.114	0.6015	-0.234	0	244	310	3
2026-02-12	15:31:58.270	24.64	-18.655	-47.81	0.588772	-0.516792	0.633668	0.111	0.597	-0.228	0	244	310	3
2026-02-12	15:31:58.290	24.325	-9.24	-48.335	0.667584	-0.518012	0.508984	0.111	0.594	-0.225	0	244	310	3
2026-02-12	15:31:58.310	22.05	-1.855	-48.825	0.765428	-0.501908	0.385764	0.1035	0.582	-0.2235	0	244	310	3
2026-02-12	15:31:58.330	33.74	-0.84	-43.12	1.009916	-0.5307	0.407724	0.105	0.573	-0.222	0	244	310	3
2026-02-12	15:31:58.350	64.715	1.085	-28.525	1.466196	-0.683688	0.650016	0.1065	0.567	-0.225	0	244	310	3
2026-02-12	15:31:58.370	97.16	12.565	1.715	1.710684	-0.695156	0.791536	0.1005	0.5535	-0.2265	0	244	310	3
2026-02-12	15:31:58.390	118.09	27.195	43.295	1.670912	-0.516792	0.722972	0.102	0.543	-0.2295	0	244	310	3
2026-02-12	15:31:58.410	114.24	35.35	76.055	1.588928	-0.314028	0.59292	0.102	0.5415	-0.2295	0	244	337	3
2026-02-12	15:31:58.430	87.745	40.32	97.3	1.569164	-0.24278	0.515328	0.1035	0.5475	-0.231	0	244	337	3
2026-02-12	15:31:58.450	64.785	43.925	114.135	1.51646	-0.201544	0.454328	0.1125	0.5475	-0.2385	0	244	337	3
2026-02-12	15:31:58.470	44.835	43.225	127.715	1.421056	-0.168604	0.408456	0.1155	0.549	-0.2505	0	244	337	3
2026-02-12	15:31:58.490	21.77	41.37	138.075	1.291492	-0.160064	0.364292	0.1245	0.564	-0.2535	0	244	337	3
2026-02-12	15:31:58.510	-0.315	38.045	145.95	1.147288	-0.157868	0.3294	0.1335	0.5805	-0.2565	0	244	337	3
2026-02-12	15:31:58.530	-18.9	34.265	153.265	1.026264	-0.180804	0.298656	0.138	0.6	-0.2625	0	244	337	3
2026-02-12	15:31:58.550	-30.59	28.315	163.485	0.889868	-0.204472	0.242292	0.144	0.6195	-0.261	0	244	337	3
2026-02-12	15:31:58.570	-25.83	24.675	166.81	0.869616	-0.21838	0.212036	0.1545	0.639	-0.267	0	244	337	3
2026-02-12	15:31:58.590	-13.335	21.56	165.725	0.892796	-0.220576	0.1891	0.1635	0.66	-0.2715	0	244	337	3
2026-02-12	15:31:58.610	1.05	20.195	160.755	0.88816	-0.217648	0.159332	0.1725	0.6765	-0.2715	0	252	370	3
2026-02-12	15:31:58.630	17.045	20.125	153.65	0.826184	-0.222284	0.138836	0.1785	0.693	-0.2745	0	252	370	3
2026-02-12	15:31:58.650	38.15	19.88	144.025	0.803004	-0.239364	0.124684	0.186	0.7095	-0.2745	0	252	370	3
2026-02-12	15:31:58.670	62.685	19.25	130.655	0.862052	-0.244244	0.1281	0.201	0.723	-0.2745	0	252	370	3
2026-02-12	15:31:58.690	84.7	21.35	113.96	0.947208	-0.227164	0.147864	0.216	0.7275	-0.279	0	252	370	3
2026-02-12	15:31:58.710	94.675	25.69	96.67	1.004304	-0.1891	0.16104	0.2265	0.7245	-0.2925	0	252	370	3
2026-02-12	15:31:58.730	94.185	30.345	78.54	1.034316	-0.152744	0.152988	0.2355	0.723	-0.3015	0	252	370	3
2026-02-12	15:31:58.750	84.315	33.04	58.205	1.070672	-0.108092	0.136884	0.2415	0.723	-0.306	0	252	370	3
2026-02-12	15:31:58.770	51.59	32.9	26.95	1.05896	-0.076128	0.114192	0.246	0.7155	-0.315	0	252	370	3
2026-02-12	15:31:58.790	23.31	27.58	7.945	1.036756	-0.088328	0.117364	0.252	0.711	-0.3195	0	252	370	3
2026-02-12	15:31:58.810	0.315	17.71	-10.99	1.069696	-0.115412	0.145424	0.264	0.7095	-0.3195	0	262	366	3
2026-02-12	15:31:58.830	-13.37	6.58	-32.2	1.171444	-0.159332	0.196908	0.2685	0.7065	-0.3225	0	262	366	3
2026-02-12	15:31:58.850	-19.25	-1.68	-51.975	1.255868	-0.21838	0.236924	0.2625	0.708	-0.3285	0	262	366	3
2026-02-12	15:31:58.870	-19.32	-6.72	-62.475	1.173884	-0.248636	0.280112	0.267	0.7065	-0.327	0	262	366	3
2026-02-12	15:31:58.890	-8.015	-9.31	-61.565	0.996496	-0.258152	0.34526	0.267	0.705	-0.3255	0	262	366	3
2026-02-12	15:31:58.910	15.575	-11.27	-52.64	0.84912	-0.224968	0.37454	0.255	0.702	-0.3285	0	262	366	3
2026-02-12	15:31:58.930	45.08	-12.705	-40.845	0.797148	-0.191784	0.392596	0.249	0.6915	-0.3255	0	262	366	3
2026-02-12	15:31:58.950	71.085	-12.95	-29.68	0.799832	-0.134444	0.399428	0.246	0.6825	-0.324	0	262	366	3
2026-02-12	15:31:58.970	89.74	-13.125	-22.225	0.843996	-0.07905599	0.376004	0.243	0.6735	-0.3285	0	262	366	3
2026-02-12	15:31:58.990	85.89	-18.445	-22.785	0.913292	0.00244	0.345748	0.2415	0.6585	-0.327	0	262	366	3
2026-02-12	15:31:59.010	53.83	-23.695	-30.17	0.94306	0.055876	0.321592	0.2355	0.6495	-0.3285	0	270	341	3
2026-02-12	15:31:59.030	5.775	-26.775	-41.405	0.968192	0.051728	0.311588	0.2355	0.633	-0.3315	0	270	341	3
2026-02-12	15:31:59.050	-32.865	-26.915	-53.76	0.99918	0.006588	0.326228	0.231	0.6255	-0.33	0	270	341	3
2026-02-12	15:31:59.070	-57.54	-23.59	-65.135	0.995032	-0.020984	0.373808	0.225	0.6255	-0.33	0	270	341	3
2026-02-12	15:31:59.090	-77.665	-19.355	-74.305	0.964532	-0.07442	0.381616	0.225	0.627	-0.3285	0	270	341	3
2026-02-12	15:31:59.110	-90.125	-16.94	-80.675	0.908656	-0.128832	0.361608	0.219	0.6375	-0.3195	0	270	341	3
2026-02-12	15:31:59.130	-91.56	-17.08	-84.63	0.848876	-0.162748	0.331596	0.2145	0.639	-0.318	0	270	341	3
2026-02-12	15:31:59.150	-83.055	-20.755	-87.85	0.843508	-0.188856	0.312564	0.213	0.6405	-0.318	0	270	341	3
2026-02-12	15:31:59.170	-65.38	-25.48	-89.845	0.877424	-0.214232	0.312808	0.2055	0.6435	-0.309	0	270	341	3
2026-02-12	15:31:59.190	-34.65	-31.535	-89.95	0.956236	-0.194712	0.335012	0.201	0.6435	-0.306	0	270	341	3
2026-02-12	15:31:59.210	-23.31	-34.615	-90.825	0.987712	-0.178608	0.33916	0.1935	0.639	-0.303	0	272	326	3
2026-02-12	15:31:59.230	-18.48	-37.695	-91.735	0.995032	-0.17446	0.342576	0.1875	0.6315	-0.297	0	272	326	3
2026-02-12	15:31:59.250	-14.49	-41.685	-92.33	1.004792	-0.174948	0.35868	0.1785	0.6255	-0.291	0	272	326	3
2026-02-12	15:31:59.270	-12.145	-45.255	-92.505	1.01382	-0.168848	0.368196	0.1695	0.6195	-0.288	0	272	326	3
2026-02-12	15:31:59.290	-13.23	-47.845	-91.42	1.004304	-0.181048	0.364536	0.1605	0.612	-0.2805	0	272	326	3
2026-02-12	15:31:59.310	-15.225	-50.225	-89.565	0.984784	-0.197884	0.354288	0.1485	0.606	-0.2715	0	272	326	3
2026-02-12	15:31:59.330	-15.715	-52.71	-86.94	0.954528	-0.213988	0.354776	0.1455	0.5985	-0.2715	0	272	326	3
2026-02-12	15:31:59.350	-12.39	-55.615	-84.35	0.951356	-0.226676	0.365756	0.1395	0.5925	-0.2715	0	272	326	3
2026-02-12	15:31:59.370	-7	-56.875	-81.9	0.95038	-0.245952	0.390156	0.132	0.5835	-0.2625	0	272	326	3
2026-02-12	15:31:59.390	-2.31	-55.895	-78.12	0.91988	-0.25864	0.409676	0.1275	0.5715	-0.252	0	272	326	3
2026-02-12	15:31:59.410	0.42	-51.695	-69.965	0.846924	-0.280844	0.428708	0.126	0.567	-0.249	0	268	327	3
2026-02-12	15:31:59.430	2.765	-48.125	-62.3	0.748348	-0.279868	0.432856	0.1125	0.5535	-0.243	0	268	327	3
2026-02-12	15:31:59.450	7	-45.255	-55.125	0.655384	-0.275232	0.45384	0.108	0.546	-0.2415	0	268	327	3
2026-02-12	15:31:59.470	13.86	-42.63	-48.335	0.593896	-0.31232	0.487024	0.1065	0.534	-0.2385	0	268	327	3
2026-02-12	15:31:59.490	26.985	-40.32	-41.405	0.60268	-0.362584	0.528748	0.105	0.5265	-0.2295	0	268	327	3
2026-02-12	15:31:59.510	45.535	-35.28	-32.235	0.68686	-0.409188	0.56242	0.096	0.522	-0.219	0	268	327	3
2026-02-12	15:31:59.530	76.93	-29.645	-21.98	1.029192	-0.491172	0.641964	0.0915	0.516	-0.2175	0	268	327	3
2026-02-12	15:31:59.550	127.96	-13.72	-16.03	1.4823	-0.567788	0.816424	0.0915	0.507	-0.2115	0	268	327	3
2026-02-12	15:31:59.570	166.425	10.78	5.88	1.6287	-0.338916	0.821548	0.093	0.498	-0.2055	0	268	327	3
2026-02-12	15:31:59.590	133.77	33.425	34.23	1.41886	-0.172996	0.614636	0.0975	0.4875	-0.2085	0	268	327	3
2026-02-12	15:31:59.610	78.225	45.395	54.985	1.277584	-0.0732	0.480192	0.099	0.4785	-0.2085	0	261	352	3
2026-02-12	15:31:59.630	32.305	48.65	71.26	1.285636	-0.051484	0.464332	0.099	0.477	-0.2085	0	261	352	3
2026-02-12	15:31:59.650	2.66	50.365	82.215	1.281976	-0.052948	0.468968	0.102	0.4815	-0.2235	0	261	352	3
2026-02-12	15:31:59.670	-27.405	50.19	90.755	1.242448	-0.076616	0.469944	0.102	0.486	-0.2265	0	261	352	3
2026-02-12	15:31:59.690	-57.19	50.26	97.755	1.236104	-0.105164	0.454816	0.105	0.501	-0.2295	0	261	352	3
2026-02-12	15:31:59.710	-84.07	50.19	105.595	1.177056	-0.131516	0.402356	0.1065	0.522	-0.234	0	261	352	3
2026-02-12	15:31:59.730	-105.91	49	115.325	1.046272	-0.156648	0.324032	0.1095	0.537	-0.24	0	261	352	3
2026-02-12	15:31:59.750	-114.03	44.555	124.705	0.94794	-0.200324	0.263032	0.114	0.5535	-0.249	0	261	352	3
2026-02-12	15:31:59.770	-106.19	39.2	131.775	0.884744	-0.226188	0.215452	0.123	0.582	-0.255	0	261	352	3
2026-02-12	15:31:59.790	-85.855	33.005	134.75	0.893284	-0.243512	0.173972	0.1335	0.6075	-0.2625	0	261	352	3
